nid_dip,nid_strike,shear_strike,shear_dip,effective_normal,slip_rate,state_variable,state_normal,vxm,vym,vzm,vxs,vys,vzs,slips,slipd,slipn
1.00000000000000E+00,1.00000000000000E+00,1.32730610000000E+07,0.00000000000000E+00,-2.50000000000000E+07,9.99999971718069E-10,1.40000000000000E+08,2.50000000000000E+07,4.99999985859034E-10,9.18485111682489E-26,0.00000000000000E+00,-4.99999985859034E-10,-9.18485111682489E-26,0.00000000000000E+00,3.39833339246809E-09,-7.64506403181690E-41,5.51012976947947E-40
1.00000000000000E+00,2.00000000000000E+00,1.32730610000000E+07,0.00000000000000E+00,-2.50000000000000E+07,9.99999971718069E-10,1.40000000000000E+08,2.50000000000000E+07,4.99999985859034E-10,9.18485111682489E-26,0.00000000000000E+00,-4.99999985859034E-10,-9.18485111682489E-26,0.00000000000000E+00,3.39833339246809E-09,-7.64506403181690E-41,5.51012976947947E-40
1.00000000000000E+00,3.00000000000000E+00,1.32730610000000E+07,0.00000000000000E+00,-2.50000000000000E+07,9.99999971718069E-10,1.40000000000000E+08,2.50000000000000E+07,4.99999985859034E-10,9.18485111682489E-26,0.00000000000000E+00,-4.99999985859034E-10,-9.18485111682489E-26,0.00000000000000E+00,3.39833339246809E-09,-7.64506403181690E-41,5.51012976947947E-40
1.00000000000000E+00,4.00000000000000E+00,1.32730610000000E+07,0.00000000000000E+00,-2.50000000000000E+07,9.99999971718069E-10,1.40000000000000E+08,2.50000000000000E+07,4.99999985859034E-10,9.18485111682489E-26,0.00000000000000E+00,-4.99999985859034E-10,-9.18485111682489E-26,0.00000000000000E+00,3.39833339246809E-09,-7.64506403181690E-41,1.65303893084384E-39
1.00000000000000E+00,5.00000000000000E+00,1.32730610000000E+07,0.00000000000000E+00,-2.50000000000000E+07,9.99999971718069E-10,1.40000000000000E+08,2.50000000000000E+07,4.99999985859034E-10,9.18485111682489E-26,0.00000000000000E+00,-4.99999985859034E-10,-9.18485111682489E-26,0.00000000000000E+00,3.39833339246809E-09,-7.64506403181690E-41,1.65303893084384E-39
1.00000000000000E+00,6.00000000000000E+00,1.32730610000000E+07,0.00000000000000E+00,-2.50000000000000E+07,9.99999971718069E-10,1.40000000000000E+08,2.50000000000000E+07,4.99999985859034E-10,9.18485111682489E-26,0.00000000000000E+00,-4.99999985859034E-10,-9.18485111682489E-26,0.00000000000000E+00,3.39833339246809E-09,-7.64506403181690E-41,5.51012976947947E-40
1.00000000000000E+00,7.00000000000000E+00,1.32730610000000E+07,0.00000000000000E+00,-2.50000000000000E+07,9.99999971718069E-10,1.40000000000000E+08,2.50000000000000E+07,4.99999985859034E-10,9.18485111682489E-26,0.00000000000000E+00,-4.99999985859034E-10,-9.18485111682489E-26,0.00000000000000E+00,3.39833339246809E-09,-7.64506403181690E-41,1.65303893084384E-39
1.00000000000000E+00,8.00000000000000E+00,1.32730610000000E+07,0.00000000000000E+00,-2.50000000000000E+07,9.99999971718069E-10,1.40000000000000E+08,2.50000000000000E+07,4.99999985859034E-10,9.18485111682489E-26,0.00000000000000E+00,-4.99999985859034E-10,-9.18485111682489E-26,0.00000000000000E+00,3.39833339246809E-09,-7.64506403181690E-41,5.51012976947947E-40
1.00000000000000E+00,9.00000000000000E+00,1.32730610000000E+07,0.00000000000000E+00,-2.50000000000000E+07,9.99999971718069E-10,1.40000000000000E+08,2.50000000000000E+07,4.99999985859034E-10,9.18485111682489E-26,0.00000000000000E+00,-4.99999985859034E-10,-9.18485111682489E-26,0.00000000000000E+00,3.39833339246809E-09,-7.64506403181690E-41,5.51012976947947E-40
1.00000000000000E+00,1.00000000000000E+01,1.32730610000000E+07,0.00000000000000E+00,-2.50000000000000E+07,9.99999971718069E-10,1.40000000000000E+08,2.50000000000000E+07,4.99999985859034E-10,9.18485111682489E-26,0.00000000000000E+00,-4.99999985859034E-10,-9.18485111682489E-26,0.00000000000000E+00,3.39833339246809E-09,-7.64506403181690E-41,5.51012976947947E-40
1.00000000000000E+00,1.10000000000000E+01,1.32730610000000E+07,0.00000000000000E+00,-2.50000000000000E+07,9.99999971718069E-10,1.40000000000000E+08,2.50000000000000E+07,4.99999985859034E-10,9.18485111682489E-26,0.00000000000000E+00,-4.99999985859034E-10,-9.18485111682489E-26,0.00000000000000E+00,3.39833339246809E-09,-7.64506403181690E-41,1.65303893084384E-39
1.00000000000000E+00,1.20000000000000E+01,1.32730610000000E+07,0.00000000000000E+00,-2.50000000000000E+07,9.99999971718069E-10,1.40000000000000E+08,2.50000000000000E+07,4.99999985859034E-10,9.18485111682489E-26,0.00000000000000E+00,-4.99999985859034E-10,-9.18485111682489E-26,0.00000000000000E+00,3.39833339246809E-09,-7.64506403181690E-41,5.51012976947947E-40
1.00000000000000E+00,1.30000000000000E+01,1.32730610000000E+07,0.00000000000000E+00,-2.50000000000000E+07,9.99999971718069E-10,1.40000000000000E+08,2.50000000000000E+07,4.99999985859034E-10,9.18485111682489E-26,0.00000000000000E+00,-4.99999985859034E-10,-9.18485111682489E-26,0.00000000000000E+00,3.39833339246809E-09,-7.64506403181690E-41,5.51012976947947E-40
1.00000000000000E+00,1.40000000000000E+01,1.32730610000000E+07,0.00000000000000E+00,-2.50000000000000E+07,9.99999971718069E-10,1.40000000000000E+08,2.50000000000000E+07,4.99999985859034E-10,9.18485111682489E-26,0.00000000000000E+00,-4.99999985859034E-10,-9.18485111682489E-26,0.00000000000000E+00,3.39833339246809E-09,-7.64506403181690E-41,1.65303893084384E-39
1.00000000000000E+00,1.50000000000000E+01,1.32730610000000E+07,0.00000000000000E+00,-2.50000000000000E+07,9.99999971718069E-10,1.40000000000000E+08,2.50000000000000E+07,4.99999985859034E-10,9.18485111682489E-26,0.00000000000000E+00,-4.99999985859034E-10,-9.18485111682489E-26,0.00000000000000E+00,3.39833339246809E-09,-7.64506403181690E-41,5.51012976947947E-40
1.00000000000000E+00,1.60000000000000E+01,1.32730610000000E+07,0.00000000000000E+00,-2.50000000000000E+07,9.99999971718069E-10,1.40000000000000E+08,2.50000000000000E+07,4.99999985859034E-10,9.18485111682489E-26,0.00000000000000E+00,-4.99999985859034E-10,-9.18485111682489E-26,0.00000000000000E+00,3.39833339246809E-09,-7.64506403181690E-41,5.51012976947947E-40
1.00000000000000E+00,1.70000000000000E+01,1.32730610000000E+07,0.00000000000000E+00,-2.50000000000000E+07,9.99999971718069E-10,1.40000000000000E+08,2.50000000000000E+07,4.99999985859034E-10,9.18485111682489E-26,0.00000000000000E+00,-4.99999985859034E-10,-9.18485111682489E-26,0.00000000000000E+00,3.39833339246809E-09,-7.64506403181690E-41,5.51012976947947E-40
1.00000000000000E+00,1.80000000000000E+01,1.32730610000000E+07,0.00000000000000E+00,-2.50000000000000E+07,9.99999971718069E-10,1.40000000000000E+08,2.50000000000000E+07,4.99999985859034E-10,9.18485111682489E-26,0.00000000000000E+00,-4.99999985859034E-10,-9.18485111682489E-26,0.00000000000000E+00,3.39833339246809E-09,-7.64506403181690E-41,5.51012976947947E-40
1.00000000000000E+00,1.90000000000000E+01,1.32730610000000E+07,0.00000000000000E+00,-2.50000000000000E+07,9.99999971718069E-10,1.40000000000000E+08,2.50000000000000E+07,4.99999985859034E-10,9.18485111682489E-26,0.00000000000000E+00,-4.99999985859034E-10,-9.18485111682489E-26,0.00000000000000E+00,3.39833339246809E-09,-7.64506403181690E-41,5.51012976947947E-40
1.00000000000000E+00,2.00000000000000E+01,1.32730610000000E+07,0.00000000000000E+00,-2.50000000000000E+07,9.99999971718069E-10,1.40000000000000E+08,2.50000000000000E+07,4.99999985859034E-10,9.18485111682489E-26,0.00000000000000E+00,-4.99999985859034E-10,-9.18485111682489E-26,0.00000000000000E+00,3.39833339246809E-09,-7.64506403181690E-41,5.51012976947947E-40
1.00000000000000E+00,2.10000000000000E+01,1.32730610000000E+07,0.00000000000000E+00,-2.50000000000000E+07,9.99999971718069E-10,1.40000000000000E+08,2.50000000000000E+07,4.99999985859034E-10,9.18485111682489E-26,0.00000000000000E+00,-4.99999985859034E-10,-9.18485111682489E-26,0.00000000000000E+00,3.39833339246809E-09,-7.64506403181690E-41,5.51012976947947E-40
1.00000000000000E+00,2.20000000000000E+01,1.32730610000000E+07,0.00000000000000E+00,-2.50000000000000E+07,9.99999971718069E-10,1.40000000000000E+08,2.50000000000000E+07,4.99999985859034E-10,9.18485111682489E-26,0.00000000000000E+00,-4.99999985859034E-10,-9.18485111682489E-26,0.00000000000000E+00,3.39833339246809E-09,-7.64506403181690E-41,5.51012976947947E-40
1.00000000000000E+00,2.30000000000000E+01,1.32730610000000E+07,0.00000000000000E+00,-2.50000000000000E+07,9.99999971718069E-10,1.40000000000000E+08,2.50000000000000E+07,4.99999985859034E-10,9.18485111682489E-26,0.00000000000000E+00,-4.99999985859034E-10,-9.18485111682489E-26,0.00000000000000E+00,3.39833339246809E-09,-7.64506403181690E-41,5.51012976947947E-40
1.00000000000000E+00,2.40000000000000E+01,1.32730610000000E+07,0.00000000000000E+00,-2.50000000000000E+07,9.99999971718069E-10,1.40000000000000E+08,2.50000000000000E+07,4.99999985859034E-10,9.18485111682489E-26,0.00000000000000E+00,-4.99999985859034E-10,-9.18485111682489E-26,0.00000000000000E+00,3.39833339246809E-09,-7.64506403181690E-41,5.51012976947947E-40
1.00000000000000E+00,2.50000000000000E+01,1.32730610000000E+07,0.00000000000000E+00,-2.50000000000000E+07,9.99999971718069E-10,1.40000000000000E+08,2.50000000000000E+07,4.99999985859034E-10,9.18485111682489E-26,0.00000000000000E+00,-4.99999985859034E-10,-9.18485111682489E-26,0.00000000000000E+00,3.39833339246809E-09,-7.64506403181690E-41,5.51012976947947E-40
1.00000000000000E+00,2.60000000000000E+01,1.32730610000000E+07,0.00000000000000E+00,-2.50000000000000E+07,9.99999971718069E-10,1.40000000000000E+08,2.50000000000000E+07,4.99999985859034E-10,9.18485111682489E-26,0.00000000000000E+00,-4.99999985859034E-10,-9.18485111682489E-26,0.00000000000000E+00,3.39833339246809E-09,-7.64506403181690E-41,5.51012976947947E-40
1.00000000000000E+00,2.70000000000000E+01,1.32730610000000E+07,0.00000000000000E+00,-2.50000000000000E+07,9.99999971718069E-10,1.40000000000000E+08,2.50000000000000E+07,4.99999985859034E-10,9.18485111682489E-26,0.00000000000000E+00,-4.99999985859034E-10,-9.18485111682489E-26,0.00000000000000E+00,3.39833339246809E-09,-7.64506403181690E-41,5.51012976947947E-40
1.00000000000000E+00,2.80000000000000E+01,1.32730610000000E+07,0.00000000000000E+00,-2.50000000000000E+07,9.99999971718069E-10,1.40000000000000E+08,2.50000000000000E+07,4.99999985859034E-10,9.18485111682489E-26,0.00000000000000E+00,-4.99999985859034E-10,-9.18485111682489E-26,0.00000000000000E+00,3.39833339246809E-09,-7.64506403181690E-41,1.65303893084384E-39
1.00000000000000E+00,2.90000000000000E+01,1.32730610000000E+07,0.00000000000000E+00,-2.50000000000000E+07,9.99999971718069E-10,1.40000000000000E+08,2.50000000000000E+07,4.99999985859034E-10,9.18485111682489E-26,0.00000000000000E+00,-4.99999985859034E-10,-9.18485111682489E-26,0.00000000000000E+00,3.39833339246809E-09,-7.64506403181690E-41,5.51012976947947E-40
1.00000000000000E+00,3.00000000000000E+01,1.32730610000000E+07,0.00000000000000E+00,-2.50000000000000E+07,9.99999971718069E-10,1.40000000000000E+08,2.50000000000000E+07,4.99999985859034E-10,9.18485111682489E-26,0.00000000000000E+00,-4.99999985859034E-10,-9.18485111682489E-26,0.00000000000000E+00,3.39833339246809E-09,-7.64506403181690E-41,5.51012976947947E-40
1.00000000000000E+00,3.10000000000000E+01,1.32730610000000E+07,0.00000000000000E+00,-2.50000000000000E+07,9.99999971718069E-10,1.40000000000000E+08,2.50000000000000E+07,4.99999985859034E-10,9.18485111682489E-26,0.00000000000000E+00,-4.99999985859034E-10,-9.18485111682489E-26,0.00000000000000E+00,3.39833339246809E-09,-7.64506403181690E-41,1.65303893084384E-39
2.00000000000000E+00,1.00000000000000E+00,1.32730610000000E+07,0.00000000000000E+00,-2.50000000000000E+07,9.99999971718069E-10,1.40000000000000E+08,2.50000000000000E+07,4.99999985859034E-10,9.18485111682489E-26,0.00000000000000E+00,-4.99999985859034E-10,-9.18485111682489E-26,0.00000000000000E+00,3.39833339246809E-09,-7.64506403181690E-41,1.65303893084384E-39
2.00000000000000E+00,2.00000000000000E+00,1.32730610000000E+07,0.00000000000000E+00,-2.50000000000000E+07,9.99999971718069E-10,1.40000000000000E+08,2.50000000000000E+07,4.99999985859034E-10,9.18485111682489E-26,0.00000000000000E+00,-4.99999985859034E-10,-9.18485111682489E-26,0.00000000000000E+00,3.39833339246809E-09,-7.64506403181690E-41,1.65303893084384E-39
2.00000000000000E+00,3.00000000000000E+00,1.32730610000000E+07,0.00000000000000E+00,-2.50000000000000E+07,9.99999971718069E-10,1.40000000000000E+08,2.50000000000000E+07,4.99999985859034E-10,9.18485111682489E-26,0.00000000000000E+00,-4.99999985859034E-10,-9.18485111682489E-26,0.00000000000000E+00,3.39833339246809E-09,-7.64506403181690E-41,5.51012976947947E-40
2.00000000000000E+00,4.00000000000000E+00,1.32730610000000E+07,0.00000000000000E+00,-2.50000000000000E+07,9.99999971718069E-10,1.40000000000000E+08,2.50000000000000E+07,4.99999985859034E-10,9.18485111682489E-26,0.00000000000000E+00,-4.99999985859034E-10,-9.18485111682489E-26,0.00000000000000E+00,3.39833339246809E-09,-7.64506403181690E-41,5.51012976947947E-40
2.00000000000000E+00,5.00000000000000E+00,1.32730610000000E+07,0.00000000000000E+00,-2.50000000000000E+07,9.99999971718069E-10,1.40000000000000E+08,2.50000000000000E+07,4.99999985859034E-10,9.18485111682489E-26,0.00000000000000E+00,-4.99999985859034E-10,-9.18485111682489E-26,0.00000000000000E+00,3.39833339246809E-09,-7.64506403181690E-41,5.51012976947947E-40
2.00000000000000E+00,6.00000000000000E+00,1.32730610000000E+07,0.00000000000000E+00,-2.50000000000000E+07,9.99999971718069E-10,1.40000000000000E+08,2.50000000000000E+07,4.99999985859034E-10,9.18485111682489E-26,0.00000000000000E+00,-4.99999985859034E-10,-9.18485111682489E-26,0.00000000000000E+00,3.39833339246809E-09,-7.64506403181690E-41,5.51012976947947E-40
2.00000000000000E+00,7.00000000000000E+00,1.32730610000000E+07,0.00000000000000E+00,-2.50000000000000E+07,9.99999971718069E-10,1.40000000000000E+08,2.50000000000000E+07,4.99999985859034E-10,9.18485111682489E-26,0.00000000000000E+00,-4.99999985859034E-10,-9.18485111682489E-26,0.00000000000000E+00,3.39833339246809E-09,-7.64506403181690E-41,5.51012976947947E-40
2.00000000000000E+00,8.00000000000000E+00,1.32730610000000E+07,0.00000000000000E+00,-2.50000000000000E+07,9.99999971718069E-10,1.40000000000000E+08,2.50000000000000E+07,4.99999985859034E-10,9.18485111682489E-26,0.00000000000000E+00,-4.99999985859034E-10,-9.18485111682489E-26,0.00000000000000E+00,3.39833339246809E-09,-7.64506403181690E-41,5.51012976947947E-40
2.00000000000000E+00,9.00000000000000E+00,1.32730610000000E+07,0.00000000000000E+00,-2.50000000000000E+07,9.99999971718069E-10,1.40000000000000E+08,2.50000000000000E+07,4.99999985859034E-10,9.18485111682489E-26,0.00000000000000E+00,-4.99999985859034E-10,-9.18485111682489E-26,0.00000000000000E+00,3.39833339246809E-09,-7.64506403181690E-41,5.51012976947947E-40
2.00000000000000E+00,1.00000000000000E+01,1.32730610000000E+07,0.00000000000000E+00,-2.50000000000000E+07,9.99999971718069E-10,1.40000000000000E+08,2.50000000000000E+07,4.99999985859034E-10,9.18485111682489E-26,0.00000000000000E+00,-4.99999985859034E-10,-9.18485111682489E-26,0.00000000000000E+00,3.39833339246809E-09,-7.64506403181690E-41,5.51012976947947E-40
2.00000000000000E+00,1.10000000000000E+01,1.32730610000000E+07,0.00000000000000E+00,-2.50000000000000E+07,9.99999971718069E-10,1.40000000000000E+08,2.50000000000000E+07,4.99999985859034E-10,9.18485111682489E-26,0.00000000000000E+00,-4.99999985859034E-10,-9.18485111682489E-26,0.00000000000000E+00,3.39833339246809E-09,-7.64506403181690E-41,1.65303893084384E-39
2.00000000000000E+00,1.20000000000000E+01,1.32730610000000E+07,0.00000000000000E+00,-2.50000000000000E+07,9.99999971718069E-10,1.40000000000000E+08,2.50000000000000E+07,4.99999985859034E-10,9.18485111682489E-26,0.00000000000000E+00,-4.99999985859034E-10,-9.18485111682489E-26,0.00000000000000E+00,3.39833339246809E-09,-7.64506403181690E-41,5.51012976947947E-40
2.00000000000000E+00,1.30000000000000E+01,1.32730610000000E+07,0.00000000000000E+00,-2.50000000000000E+07,9.99999971718069E-10,1.40000000000000E+08,2.50000000000000E+07,4.99999985859034E-10,9.18485111682489E-26,0.00000000000000E+00,-4.99999985859034E-10,-9.18485111682489E-26,0.00000000000000E+00,3.39833339246809E-09,-7.64506403181690E-41,5.51012976947947E-40
2.00000000000000E+00,1.40000000000000E+01,1.32730610000000E+07,0.00000000000000E+00,-2.50000000000000E+07,9.99999971718069E-10,1.40000000000000E+08,2.50000000000000E+07,4.99999985859034E-10,9.18485111682489E-26,0.00000000000000E+00,-4.99999985859034E-10,-9.18485111682489E-26,0.00000000000000E+00,3.39833339246809E-09,-7.64506403181690E-41,1.65303893084384E-39
2.00000000000000E+00,1.50000000000000E+01,1.32730610000000E+07,0.00000000000000E+00,-2.50000000000000E+07,9.99999971718069E-10,1.40000000000000E+08,2.50000000000000E+07,4.99999985859034E-10,9.18485111682489E-26,0.00000000000000E+00,-4.99999985859034E-10,-9.18485111682489E-26,0.00000000000000E+00,3.39833339246809E-09,-7.64506403181690E-41,5.51012976947947E-40
2.00000000000000E+00,1.60000000000000E+01,1.32730610000000E+07,0.00000000000000E+00,-2.50000000000000E+07,9.99999971718069E-10,1.40000000000000E+08,2.50000000000000E+07,4.99999985859034E-10,9.18485111682489E-26,0.00000000000000E+00,-4.99999985859034E-10,-9.18485111682489E-26,0.00000000000000E+00,3.39833339246809E-09,-7.64506403181690E-41,5.51012976947947E-40
2.00000000000000E+00,1.70000000000000E+01,1.32730610000000E+07,0.00000000000000E+00,-2.50000000000000E+07,9.99999971718069E-10,1.40000000000000E+08,2.50000000000000E+07,4.99999985859034E-10,9.18485111682489E-26,0.00000000000000E+00,-4.99999985859034E-10,-9.18485111682489E-26,0.00000000000000E+00,3.39833339246809E-09,-7.64506403181690E-41,5.51012976947947E-40
2.00000000000000E+00,1.80000000000000E+01,1.32730610000000E+07,0.00000000000000E+00,-2.50000000000000E+07,9.99999971718069E-10,1.40000000000000E+08,2.50000000000000E+07,4.99999985859034E-10,9.18485111682489E-26,0.00000000000000E+00,-4.99999985859034E-10,-9.18485111682489E-26,0.00000000000000E+00,3.39833339246809E-09,-7.64506403181690E-41,5.51012976947947E-40
2.00000000000000E+00,1.90000000000000E+01,1.32730610000000E+07,0.00000000000000E+00,-2.50000000000000E+07,9.99999971718069E-10,1.40000000000000E+08,2.50000000000000E+07,4.99999985859034E-10,9.18485111682489E-26,0.00000000000000E+00,-4.99999985859034E-10,-9.18485111682489E-26,0.00000000000000E+00,3.39833339246809E-09,-7.64506403181690E-41,5.51012976947947E-40
2.00000000000000E+00,2.00000000000000E+01,1.32730610000000E+07,0.00000000000000E+00,-2.50000000000000E+07,9.99999971718069E-10,1.40000000000000E+08,2.50000000000000E+07,4.99999985859034E-10,9.18485111682489E-26,0.00000000000000E+00,-4.99999985859034E-10,-9.18485111682489E-26,0.00000000000000E+00,3.39833339246809E-09,-7.64506403181690E-41,5.51012976947947E-40
2.00000000000000E+00,2.10000000000000E+01,1.32730610000000E+07,0.00000000000000E+00,-2.50000000000000E+07,9.99999971718069E-10,1.40000000000000E+08,2.50000000000000E+07,4.99999985859034E-10,9.18485111682489E-26,0.00000000000000E+00,-4.99999985859034E-10,-9.18485111682489E-26,0.00000000000000E+00,3.39833339246809E-09,-7.64506403181690E-41,5.51012976947947E-40
2.00000000000000E+00,2.20000000000000E+01,1.32730610000000E+07,0.00000000000000E+00,-2.50000000000000E+07,9.99999971718069E-10,1.40000000000000E+08,2.50000000000000E+07,4.99999985859034E-10,9.18485111682489E-26,0.00000000000000E+00,-4.99999985859034E-10,-9.18485111682489E-26,0.00000000000000E+00,3.39833339246809E-09,-7.64506403181690E-41,5.51012976947947E-40
2.00000000000000E+00,2.30000000000000E+01,1.32730610000000E+07,0.00000000000000E+00,-2.50000000000000E+07,9.99999971718069E-10,1.40000000000000E+08,2.50000000000000E+07,4.99999985859034E-10,9.18485111682489E-26,0.00000000000000E+00,-4.99999985859034E-10,-9.18485111682489E-26,0.00000000000000E+00,3.39833339246809E-09,-7.64506403181690E-41,5.51012976947947E-40
2.00000000000000E+00,2.40000000000000E+01,1.32730610000000E+07,0.00000000000000E+00,-2.50000000000000E+07,9.99999971718069E-10,1.40000000000000E+08,2.50000000000000E+07,4.99999985859034E-10,9.18485111682489E-26,0.00000000000000E+00,-4.99999985859034E-10,-9.18485111682489E-26,0.00000000000000E+00,3.39833339246809E-09,-7.64506403181690E-41,5.51012976947947E-40
2.00000000000000E+00,2.50000000000000E+01,1.32730610000000E+07,0.00000000000000E+00,-2.50000000000000E+07,9.99999971718069E-10,1.40000000000000E+08,2.50000000000000E+07,4.99999985859034E-10,9.18485111682489E-26,0.00000000000000E+00,-4.99999985859034E-10,-9.18485111682489E-26,0.00000000000000E+00,3.39833339246809E-09,-7.64506403181690E-41,5.51012976947947E-40
2.00000000000000E+00,2.60000000000000E+01,1.32730610000000E+07,0.00000000000000E+00,-2.50000000000000E+07,9.99999971718069E-10,1.40000000000000E+08,2.50000000000000E+07,4.99999985859034E-10,9.18485111682489E-26,0.00000000000000E+00,-4.99999985859034E-10,-9.18485111682489E-26,0.00000000000000E+00,3.39833339246809E-09,-7.64506403181690E-41,5.51012976947947E-40
2.00000000000000E+00,2.70000000000000E+01,1.32730610000000E+07,0.00000000000000E+00,-2.50000000000000E+07,9.99999971718069E-10,1.40000000000000E+08,2.50000000000000E+07,4.99999985859034E-10,9.18485111682489E-26,0.00000000000000E+00,-4.99999985859034E-10,-9.18485111682489E-26,0.00000000000000E+00,3.39833339246809E-09,-7.64506403181690E-41,1.65303893084384E-39
2.00000000000000E+00,2.80000000000000E+01,1.32730610000000E+07,0.00000000000000E+00,-2.50000000000000E+07,9.99999971718069E-10,1.40000000000000E+08,2.50000000000000E+07,4.99999985859034E-10,9.18485111682489E-26,0.00000000000000E+00,-4.99999985859034E-10,-9.18485111682489E-26,0.00000000000000E+00,3.39833339246809E-09,-7.64506403181690E-41,5.51012976947947E-40
2.00000000000000E+00,2.90000000000000E+01,1.32730610000000E+07,0.00000000000000E+00,-2.50000000000000E+07,9.99999971718069E-10,1.40000000000000E+08,2.50000000000000E+07,4.99999985859034E-10,9.18485111682489E-26,0.00000000000000E+00,-4.99999985859034E-10,-9.18485111682489E-26,0.00000000000000E+00,3.39833339246809E-09,-7.64506403181690E-41,5.51012976947947E-40
2.00000000000000E+00,3.00000000000000E+01,1.32730610000000E+07,0.00000000000000E+00,-2.50000000000000E+07,9.99999971718069E-10,1.40000000000000E+08,2.50000000000000E+07,4.99999985859034E-10,9.18485111682489E-26,0.00000000000000E+00,-4.99999985859034E-10,-9.18485111682489E-26,0.00000000000000E+00,3.39833339246809E-09,-7.64506403181690E-41,1.65303893084384E-39
2.00000000000000E+00,3.10000000000000E+01,1.32730610000000E+07,0.00000000000000E+00,-2.50000000000000E+07,9.99999971718069E-10,1.40000000000000E+08,2.50000000000000E+07,4.99999985859034E-10,9.18485111682489E-26,0.00000000000000E+00,-4.99999985859034E-10,-9.18485111682489E-26,0.00000000000000E+00,3.39833339246809E-09,-7.64506403181690E-41,1.65303893084384E-39
3.00000000000000E+00,1.00000000000000E+00,1.32730610000000E+07,0.00000000000000E+00,-2.50000000000000E+07,9.99999971718069E-10,1.40000000000000E+08,2.50000000000000E+07,4.99999985859034E-10,9.18485111682489E-26,0.00000000000000E+00,-4.99999985859034E-10,-9.18485111682489E-26,0.00000000000000E+00,3.39833339246809E-09,-7.64506403181690E-41,5.51012976947947E-40
3.00000000000000E+00,2.00000000000000E+00,1.32730610000000E+07,0.00000000000000E+00,-2.50000000000000E+07,9.99999971718069E-10,1.40000000000000E+08,2.50000000000000E+07,4.99999985859034E-10,9.18485111682489E-26,0.00000000000000E+00,-4.99999985859034E-10,-9.18485111682489E-26,0.00000000000000E+00,3.39833339246809E-09,-7.64506403181690E-41,5.51012976947947E-40
3.00000000000000E+00,3.00000000000000E+00,1.32730610000000E+07,0.00000000000000E+00,-2.50000000000000E+07,9.99999971718069E-10,1.40000000000000E+08,2.50000000000000E+07,4.99999985859034E-10,9.18485111682489E-26,0.00000000000000E+00,-4.99999985859034E-10,-9.18485111682489E-26,0.00000000000000E+00,3.39833339246809E-09,-7.64506403181690E-41,5.51012976947947E-40
3.00000000000000E+00,4.00000000000000E+00,1.32730610000000E+07,0.00000000000000E+00,-2.50000000000000E+07,9.99999971718069E-10,1.40000000000000E+08,2.50000000000000E+07,4.99999985859034E-10,9.18485111682489E-26,0.00000000000000E+00,-4.99999985859034E-10,-9.18485111682489E-26,0.00000000000000E+00,3.39833339246809E-09,-7.64506403181690E-41,5.51012976947947E-40
3.00000000000000E+00,5.00000000000000E+00,1.32730610000000E+07,0.00000000000000E+00,-2.50000000000000E+07,9.99999971718069E-10,1.40000000000000E+08,2.50000000000000E+07,4.99999985859034E-10,9.18485111682489E-26,0.00000000000000E+00,-4.99999985859034E-10,-9.18485111682489E-26,0.00000000000000E+00,3.39833339246809E-09,-7.64506403181690E-41,5.51012976947947E-40
3.00000000000000E+00,6.00000000000000E+00,1.32730610000000E+07,0.00000000000000E+00,-2.50000000000000E+07,9.99999971718069E-10,1.40000000000000E+08,2.50000000000000E+07,4.99999985859034E-10,9.18485111682489E-26,0.00000000000000E+00,-4.99999985859034E-10,-9.18485111682489E-26,0.00000000000000E+00,3.39833339246809E-09,-7.64506403181690E-41,5.51012976947947E-40
3.00000000000000E+00,7.00000000000000E+00,1.32730610000000E+07,0.00000000000000E+00,-2.50000000000000E+07,9.99999971718069E-10,1.40000000000000E+08,2.50000000000000E+07,4.99999985859034E-10,9.18485111682489E-26,0.00000000000000E+00,-4.99999985859034E-10,-9.18485111682489E-26,0.00000000000000E+00,3.39833339246809E-09,-7.64506403181690E-41,5.51012976947947E-40
3.00000000000000E+00,8.00000000000000E+00,1.32730610000000E+07,0.00000000000000E+00,-2.50000000000000E+07,9.99999971718069E-10,1.40000000000000E+08,2.50000000000000E+07,4.99999985859034E-10,9.18485111682489E-26,0.00000000000000E+00,-4.99999985859034E-10,-9.18485111682489E-26,0.00000000000000E+00,3.39833339246809E-09,-7.64506403181690E-41,5.51012976947947E-40
3.00000000000000E+00,9.00000000000000E+00,1.32730610000000E+07,0.00000000000000E+00,-2.50000000000000E+07,9.99999971718069E-10,1.40000000000000E+08,2.50000000000000E+07,4.99999985859034E-10,9.18485111682489E-26,0.00000000000000E+00,-4.99999985859034E-10,-9.18485111682489E-26,0.00000000000000E+00,3.39833339246809E-09,-7.64506403181690E-41,5.51012976947947E-40
3.00000000000000E+00,1.00000000000000E+01,1.32730610000000E+07,0.00000000000000E+00,-2.50000000000000E+07,9.99999971718069E-10,1.40000000000000E+08,2.50000000000000E+07,4.99999985859034E-10,9.18485111682489E-26,0.00000000000000E+00,-4.99999985859034E-10,-9.18485111682489E-26,0.00000000000000E+00,3.39833339246809E-09,-7.64506403181690E-41,5.51012976947947E-40
3.00000000000000E+00,1.10000000000000E+01,1.32730610000000E+07,0.00000000000000E+00,-2.50000000000000E+07,9.99999971718069E-10,1.40000000000000E+08,2.50000000000000E+07,4.99999985859034E-10,9.18485111682489E-26,0.00000000000000E+00,-4.99999985859034E-10,-9.18485111682489E-26,0.00000000000000E+00,3.39833339246809E-09,-7.64506403181690E-41,5.51012976947947E-40
3.00000000000000E+00,1.20000000000000E+01,1.32730610000000E+07,0.00000000000000E+00,-2.50000000000000E+07,9.99999971718069E-10,1.40000000000000E+08,2.50000000000000E+07,4.99999985859034E-10,9.18485111682489E-26,0.00000000000000E+00,-4.99999985859034E-10,-9.18485111682489E-26,0.00000000000000E+00,3.39833339246809E-09,-7.64506403181690E-41,5.51012976947947E-40
3.00000000000000E+00,1.30000000000000E+01,1.32730610000000E+07,0.00000000000000E+00,-2.50000000000000E+07,9.99999971718069E-10,1.40000000000000E+08,2.50000000000000E+07,4.99999985859034E-10,9.18485111682489E-26,0.00000000000000E+00,-4.99999985859034E-10,-9.18485111682489E-26,0.00000000000000E+00,3.39833339246809E-09,-7.64506403181690E-41,5.51012976947947E-40
3.00000000000000E+00,1.40000000000000E+01,1.32730610000000E+07,0.00000000000000E+00,-2.50000000000000E+07,9.99999971718069E-10,1.40000000000000E+08,2.50000000000000E+07,4.99999985859034E-10,9.18485111682489E-26,0.00000000000000E+00,-4.99999985859034E-10,-9.18485111682489E-26,0.00000000000000E+00,3.39833339246809E-09,-7.64506403181690E-41,5.51012976947947E-40
3.00000000000000E+00,1.50000000000000E+01,1.32730610000000E+07,0.00000000000000E+00,-2.50000000000000E+07,9.99999971718069E-10,1.40000000000000E+08,2.50000000000000E+07,4.99999985859034E-10,9.18485111682489E-26,0.00000000000000E+00,-4.99999985859034E-10,-9.18485111682489E-26,0.00000000000000E+00,3.39833339246809E-09,-7.64506403181690E-41,5.51012976947947E-40
3.00000000000000E+00,1.60000000000000E+01,1.32730610000000E+07,0.00000000000000E+00,-2.50000000000000E+07,9.99999971718069E-10,1.40000000000000E+08,2.50000000000000E+07,4.99999985859034E-10,9.18485111682489E-26,0.00000000000000E+00,-4.99999985859034E-10,-9.18485111682489E-26,0.00000000000000E+00,3.39833339246809E-09,-7.64506403181690E-41,5.51012976947947E-40
3.00000000000000E+00,1.70000000000000E+01,1.32730610000000E+07,0.00000000000000E+00,-2.50000000000000E+07,9.99999971718069E-10,1.40000000000000E+08,2.50000000000000E+07,4.99999985859034E-10,9.18485111682489E-26,0.00000000000000E+00,-4.99999985859034E-10,-9.18485111682489E-26,0.00000000000000E+00,3.39833339246809E-09,-7.64506403181690E-41,5.51012976947947E-40
3.00000000000000E+00,1.80000000000000E+01,1.32730610000000E+07,0.00000000000000E+00,-2.50000000000000E+07,9.99999971718069E-10,1.40000000000000E+08,2.50000000000000E+07,4.99999985859034E-10,9.18485111682489E-26,0.00000000000000E+00,-4.99999985859034E-10,-9.18485111682489E-26,0.00000000000000E+00,3.39833339246809E-09,-7.64506403181690E-41,5.51012976947947E-40
3.00000000000000E+00,1.90000000000000E+01,1.32730610000000E+07,0.00000000000000E+00,-2.50000000000000E+07,9.99999971718069E-10,1.40000000000000E+08,2.50000000000000E+07,4.99999985859034E-10,9.18485111682489E-26,0.00000000000000E+00,-4.99999985859034E-10,-9.18485111682489E-26,0.00000000000000E+00,3.39833339246809E-09,-7.64506403181690E-41,5.51012976947947E-40
3.00000000000000E+00,2.00000000000000E+01,1.32730610000000E+07,0.00000000000000E+00,-2.50000000000000E+07,9.99999971718069E-10,1.40000000000000E+08,2.50000000000000E+07,4.99999985859034E-10,9.18485111682489E-26,0.00000000000000E+00,-4.99999985859034E-10,-9.18485111682489E-26,0.00000000000000E+00,3.39833339246809E-09,-7.64506403181690E-41,5.51012976947947E-40
3.00000000000000E+00,2.10000000000000E+01,1.32730610000000E+07,0.00000000000000E+00,-2.50000000000000E+07,9.99999971718069E-10,1.40000000000000E+08,2.50000000000000E+07,4.99999985859034E-10,9.18485111682489E-26,0.00000000000000E+00,-4.99999985859034E-10,-9.18485111682489E-26,0.00000000000000E+00,3.39833339246809E-09,-7.64506403181690E-41,5.51012976947947E-40
3.00000000000000E+00,2.20000000000000E+01,1.32730610000000E+07,0.00000000000000E+00,-2.50000000000000E+07,9.99999971718069E-10,1.40000000000000E+08,2.50000000000000E+07,4.99999985859034E-10,9.18485111682489E-26,0.00000000000000E+00,-4.99999985859034E-10,-9.18485111682489E-26,0.00000000000000E+00,3.39833339246809E-09,-7.64506403181690E-41,5.51012976947947E-40
3.00000000000000E+00,2.30000000000000E+01,1.32730610000000E+07,0.00000000000000E+00,-2.50000000000000E+07,9.99999971718069E-10,1.40000000000000E+08,2.50000000000000E+07,4.99999985859034E-10,9.18485111682489E-26,0.00000000000000E+00,-4.99999985859034E-10,-9.18485111682489E-26,0.00000000000000E+00,3.39833339246809E-09,-7.64506403181690E-41,5.51012976947947E-40
3.00000000000000E+00,2.40000000000000E+01,1.32730610000000E+07,0.00000000000000E+00,-2.50000000000000E+07,9.99999971718069E-10,1.40000000000000E+08,2.50000000000000E+07,4.99999985859034E-10,9.18485111682489E-26,0.00000000000000E+00,-4.99999985859034E-10,-9.18485111682489E-26,0.00000000000000E+00,3.39833339246809E-09,-7.64506403181690E-41,5.51012976947947E-40
3.00000000000000E+00,2.50000000000000E+01,1.32730610000000E+07,0.00000000000000E+00,-2.50000000000000E+07,9.99999971718069E-10,1.40000000000000E+08,2.50000000000000E+07,4.99999985859034E-10,9.18485111682489E-26,0.00000000000000E+00,-4.99999985859034E-10,-9.18485111682489E-26,0.00000000000000E+00,3.39833339246809E-09,-7.64506403181690E-41,5.51012976947947E-40
3.00000000000000E+00,2.60000000000000E+01,1.32730610000000E+07,0.00000000000000E+00,-2.50000000000000E+07,9.99999971718069E-10,1.40000000000000E+08,2.50000000000000E+07,4.99999985859034E-10,9.18485111682489E-26,0.00000000000000E+00,-4.99999985859034E-10,-9.18485111682489E-26,0.00000000000000E+00,3.39833339246809E-09,-7.64506403181690E-41,5.51012976947947E-40
3.00000000000000E+00,2.70000000000000E+01,1.32730610000000E+07,0.00000000000000E+00,-2.50000000000000E+07,9.99999971718069E-10,1.40000000000000E+08,2.50000000000000E+07,4.99999985859034E-10,9.18485111682489E-26,0.00000000000000E+00,-4.99999985859034E-10,-9.18485111682489E-26,0.00000000000000E+00,3.39833339246809E-09,-7.64506403181690E-41,5.51012976947947E-40
3.00000000000000E+00,2.80000000000000E+01,1.32730610000000E+07,0.00000000000000E+00,-2.50000000000000E+07,9.99999971718069E-10,1.40000000000000E+08,2.50000000000000E+07,4.99999985859034E-10,9.18485111682489E-26,0.00000000000000E+00,-4.99999985859034E-10,-9.18485111682489E-26,0.00000000000000E+00,3.39833339246809E-09,-7.64506403181690E-41,5.51012976947947E-40
3.00000000000000E+00,2.90000000000000E+01,1.32730610000000E+07,0.00000000000000E+00,-2.50000000000000E+07,9.99999971718069E-10,1.40000000000000E+08,2.50000000000000E+07,4.99999985859034E-10,9.18485111682489E-26,0.00000000000000E+00,-4.99999985859034E-10,-9.18485111682489E-26,0.00000000000000E+00,3.39833339246809E-09,-7.64506403181690E-41,5.51012976947947E-40
3.00000000000000E+00,3.00000000000000E+01,1.32730610000000E+07,0.00000000000000E+00,-2.50000000000000E+07,9.99999971718069E-10,1.40000000000000E+08,2.50000000000000E+07,4.99999985859034E-10,9.18485111682489E-26,0.00000000000000E+00,-4.99999985859034E-10,-9.18485111682489E-26,0.00000000000000E+00,3.39833339246809E-09,-7.64506403181690E-41,5.51012976947947E-40
3.00000000000000E+00,3.10000000000000E+01,1.32730610000000E+07,0.00000000000000E+00,-2.50000000000000E+07,9.99999971718069E-10,1.40000000000000E+08,2.50000000000000E+07,4.99999985859034E-10,9.18485111682489E-26,0.00000000000000E+00,-4.99999985859034E-10,-9.18485111682489E-26,0.00000000000000E+00,3.39833339246809E-09,-7.64506403181690E-41,5.51012976947947E-40
4.00000000000000E+00,1.00000000000000E+00,1.32730610000000E+07,0.00000000000000E+00,-2.50000000000000E+07,9.99999971718069E-10,1.40000000000000E+08,2.50000000000000E+07,4.99999985859034E-10,9.18485111682489E-26,0.00000000000000E+00,-4.99999985859034E-10,-9.18485111682489E-26,0.00000000000000E+00,3.39833339246809E-09,-7.64506403181690E-41,5.51012976947947E-40
4.00000000000000E+00,2.00000000000000E+00,1.32730610000000E+07,0.00000000000000E+00,-2.50000000000000E+07,9.99999971718069E-10,1.40000000000000E+08,2.50000000000000E+07,4.99999985859034E-10,9.18485111682489E-26,0.00000000000000E+00,-4.99999985859034E-10,-9.18485111682489E-26,0.00000000000000E+00,3.39833339246809E-09,-7.64506403181690E-41,5.51012976947947E-40
4.00000000000000E+00,3.00000000000000E+00,1.32730610000000E+07,0.00000000000000E+00,-2.50000000000000E+07,9.99999971718069E-10,1.40000000000000E+08,2.50000000000000E+07,4.99999985859034E-10,9.18485111682489E-26,0.00000000000000E+00,-4.99999985859034E-10,-9.18485111682489E-26,0.00000000000000E+00,3.39833339246809E-09,-7.64506403181690E-41,5.51012976947947E-40
4.00000000000000E+00,4.00000000000000E+00,1.32730610000000E+07,0.00000000000000E+00,-2.50000000000000E+07,9.99999971718069E-10,1.40000000000000E+08,2.50000000000000E+07,4.99999985859034E-10,9.18485111682489E-26,0.00000000000000E+00,-4.99999985859034E-10,-9.18485111682489E-26,0.00000000000000E+00,3.39833339246809E-09,-7.64506403181690E-41,5.51012976947947E-40
4.00000000000000E+00,5.00000000000000E+00,1.32730610000000E+07,0.00000000000000E+00,-2.50000000000000E+07,9.99999971718069E-10,1.40000000000000E+08,2.50000000000000E+07,4.99999985859034E-10,9.18485111682489E-26,0.00000000000000E+00,-4.99999985859034E-10,-9.18485111682489E-26,0.00000000000000E+00,3.39833339246809E-09,-7.64506403181690E-41,5.51012976947947E-40
4.00000000000000E+00,6.00000000000000E+00,1.32730610000000E+07,0.00000000000000E+00,-2.50000000000000E+07,9.99999971718069E-10,1.40000000000000E+08,2.50000000000000E+07,4.99999985859034E-10,9.18485111682489E-26,0.00000000000000E+00,-4.99999985859034E-10,-9.18485111682489E-26,0.00000000000000E+00,3.39833339246809E-09,-7.64506403181690E-41,5.51012976947947E-40
4.00000000000000E+00,7.00000000000000E+00,1.32730610000000E+07,0.00000000000000E+00,-2.50000000000000E+07,9.99999971718069E-10,1.40000000000000E+08,2.50000000000000E+07,4.99999985859034E-10,9.18485111682489E-26,0.00000000000000E+00,-4.99999985859034E-10,-9.18485111682489E-26,0.00000000000000E+00,3.39833339246809E-09,-7.64506403181690E-41,5.51012976947947E-40
4.00000000000000E+00,8.00000000000000E+00,1.32730610000000E+07,0.00000000000000E+00,-2.50000000000000E+07,9.99999971718069E-10,1.40000000000000E+08,2.50000000000000E+07,4.99999985859034E-10,9.18485111682489E-26,0.00000000000000E+00,-4.99999985859034E-10,-9.18485111682489E-26,0.00000000000000E+00,3.39833339246809E-09,-7.64506403181690E-41,5.51012976947947E-40
4.00000000000000E+00,9.00000000000000E+00,1.32730610000000E+07,0.00000000000000E+00,-2.50000000000000E+07,9.99999971718069E-10,1.40000000000000E+08,2.50000000000000E+07,4.99999985859034E-10,9.18485111682489E-26,0.00000000000000E+00,-4.99999985859034E-10,-9.18485111682489E-26,0.00000000000000E+00,3.39833339246809E-09,-7.64506403181690E-41,5.51012976947947E-40
4.00000000000000E+00,1.00000000000000E+01,1.32730610000000E+07,0.00000000000000E+00,-2.50000000000000E+07,9.99999971718069E-10,1.40000000000000E+08,2.50000000000000E+07,4.99999985859034E-10,9.18485111682489E-26,0.00000000000000E+00,-4.99999985859034E-10,-9.18485111682489E-26,0.00000000000000E+00,3.39833339246809E-09,-7.64506403181690E-41,5.51012976947947E-40
4.00000000000000E+00,1.10000000000000E+01,1.32730610000000E+07,0.00000000000000E+00,-2.50000000000000E+07,9.99999971718069E-10,1.40000000000000E+08,2.50000000000000E+07,4.99999985859034E-10,9.18485111682489E-26,0.00000000000000E+00,-4.99999985859034E-10,-9.18485111682489E-26,0.00000000000000E+00,3.39833339246809E-09,-7.64506403181690E-41,5.51012976947947E-40
4.00000000000000E+00,1.20000000000000E+01,1.32730610000000E+07,0.00000000000000E+00,-2.50000000000000E+07,9.99999971718069E-10,1.40000000000000E+08,2.50000000000000E+07,4.99999985859034E-10,9.18485111682489E-26,0.00000000000000E+00,-4.99999985859034E-10,-9.18485111682489E-26,0.00000000000000E+00,3.39833339246809E-09,-7.64506403181690E-41,5.51012976947947E-40
4.00000000000000E+00,1.30000000000000E+01,1.32730610000000E+07,0.00000000000000E+00,-2.50000000000000E+07,9.99999971718069E-10,1.40000000000000E+08,2.50000000000000E+07,4.99999985859034E-10,9.18485111682489E-26,0.00000000000000E+00,-4.99999985859034E-10,-9.18485111682489E-26,0.00000000000000E+00,3.39833339246809E-09,-7.64506403181690E-41,5.51012976947947E-40
4.00000000000000E+00,1.40000000000000E+01,1.32730610000000E+07,0.00000000000000E+00,-2.50000000000000E+07,9.99999971718069E-10,1.40000000000000E+08,2.50000000000000E+07,4.99999985859034E-10,9.18485111682489E-26,0.00000000000000E+00,-4.99999985859034E-10,-9.18485111682489E-26,0.00000000000000E+00,3.39833339246809E-09,-7.64506403181690E-41,5.51012976947947E-40
4.00000000000000E+00,1.50000000000000E+01,1.32730610000000E+07,0.00000000000000E+00,-2.50000000000000E+07,9.99999971718069E-10,1.40000000000000E+08,2.50000000000000E+07,4.99999985859034E-10,9.18485111682489E-26,0.00000000000000E+00,-4.99999985859034E-10,-9.18485111682489E-26,0.00000000000000E+00,3.39833339246809E-09,-7.64506403181690E-41,5.51012976947947E-40
4.00000000000000E+00,1.60000000000000E+01,1.32730610000000E+07,0.00000000000000E+00,-2.50000000000000E+07,9.99999971718069E-10,1.40000000000000E+08,2.50000000000000E+07,4.99999985859034E-10,9.18485111682489E-26,0.00000000000000E+00,-4.99999985859034E-10,-9.18485111682489E-26,0.00000000000000E+00,3.39833339246809E-09,-7.64506403181690E-41,5.51012976947947E-40
4.00000000000000E+00,1.70000000000000E+01,1.32730610000000E+07,0.00000000000000E+00,-2.50000000000000E+07,9.99999971718069E-10,1.40000000000000E+08,2.50000000000000E+07,4.99999985859034E-10,9.18485111682489E-26,0.00000000000000E+00,-4.99999985859034E-10,-9.18485111682489E-26,0.00000000000000E+00,3.39833339246809E-09,-7.64506403181690E-41,5.51012976947947E-40
4.00000000000000E+00,1.80000000000000E+01,1.32730610000000E+07,0.00000000000000E+00,-2.50000000000000E+07,9.99999971718069E-10,1.40000000000000E+08,2.50000000000000E+07,4.99999985859034E-10,9.18485111682489E-26,0.00000000000000E+00,-4.99999985859034E-10,-9.18485111682489E-26,0.00000000000000E+00,3.39833339246809E-09,-7.64506403181690E-41,5.51012976947947E-40
4.00000000000000E+00,1.90000000000000E+01,1.32730610000000E+07,0.00000000000000E+00,-2.50000000000000E+07,9.99999971718069E-10,1.40000000000000E+08,2.50000000000000E+07,4.99999985859034E-10,9.18485111682489E-26,0.00000000000000E+00,-4.99999985859034E-10,-9.18485111682489E-26,0.00000000000000E+00,3.39833339246809E-09,-7.64506403181690E-41,5.51012976947947E-40
4.00000000000000E+00,2.00000000000000E+01,1.32730610000000E+07,0.00000000000000E+00,-2.50000000000000E+07,9.99999971718069E-10,1.40000000000000E+08,2.50000000000000E+07,4.99999985859034E-10,9.18485111682489E-26,0.00000000000000E+00,-4.99999985859034E-10,-9.18485111682489E-26,0.00000000000000E+00,3.39833339246809E-09,-7.64506403181690E-41,5.51012976947947E-40
4.00000000000000E+00,2.10000000000000E+01,1.32730610000000E+07,0.00000000000000E+00,-2.50000000000000E+07,9.99999971718069E-10,1.40000000000000E+08,2.50000000000000E+07,4.99999985859034E-10,9.18485111682489E-26,0.00000000000000E+00,-4.99999985859034E-10,-9.18485111682489E-26,0.00000000000000E+00,3.39833339246809E-09,-7.64506403181690E-41,6.42848473105938E-40
4.00000000000000E+00,2.20000000000000E+01,1.32730610000000E+07,0.00000000000000E+00,-2.50000000000000E+07,9.99999971718069E-10,1.40000000000000E+08,2.50000000000000E+07,4.99999985859034E-10,9.18485111682489E-26,0.00000000000000E+00,-4.99999985859034E-10,-9.18485111682489E-26,0.00000000000000E+00,3.39833339246809E-09,-7.64506403181690E-41,5.51012976947947E-40
4.00000000000000E+00,2.30000000000000E+01,1.32730610000000E+07,0.00000000000000E+00,-2.50000000000000E+07,9.99999971718069E-10,1.40000000000000E+08,2.50000000000000E+07,4.99999985859034E-10,9.18485111682489E-26,0.00000000000000E+00,-4.99999985859034E-10,-9.18485111682489E-26,0.00000000000000E+00,3.39833339246809E-09,-7.64506403181690E-41,5.51012976947947E-40
4.00000000000000E+00,2.40000000000000E+01,1.32730610000000E+07,0.00000000000000E+00,-2.50000000000000E+07,9.99999971718069E-10,1.40000000000000E+08,2.50000000000000E+07,4.99999985859034E-10,9.18485111682489E-26,0.00000000000000E+00,-4.99999985859034E-10,-9.18485111682489E-26,0.00000000000000E+00,3.39833339246809E-09,-7.64506403181690E-41,5.51012976947947E-40
4.00000000000000E+00,2.50000000000000E+01,1.32730610000000E+07,0.00000000000000E+00,-2.50000000000000E+07,9.99999971718069E-10,1.40000000000000E+08,2.50000000000000E+07,4.99999985859034E-10,9.18485111682489E-26,0.00000000000000E+00,-4.99999985859034E-10,-9.18485111682489E-26,0.00000000000000E+00,3.39833339246809E-09,-7.64506403181690E-41,5.51012976947947E-40
4.00000000000000E+00,2.60000000000000E+01,1.32730610000000E+07,0.00000000000000E+00,-2.50000000000000E+07,9.99999971718069E-10,1.40000000000000E+08,2.50000000000000E+07,4.99999985859034E-10,9.18485111682489E-26,0.00000000000000E+00,-4.99999985859034E-10,-9.18485111682489E-26,0.00000000000000E+00,3.39833339246809E-09,-7.64506403181690E-41,5.51012976947947E-40
4.00000000000000E+00,2.70000000000000E+01,1.32730610000000E+07,0.00000000000000E+00,-2.50000000000000E+07,9.99999971718069E-10,1.40000000000000E+08,2.50000000000000E+07,4.99999985859034E-10,9.18485111682489E-26,0.00000000000000E+00,-4.99999985859034E-10,-9.18485111682489E-26,0.00000000000000E+00,3.39833339246809E-09,-7.64506403181690E-41,5.51012976947947E-40
4.00000000000000E+00,2.80000000000000E+01,1.32730610000000E+07,0.00000000000000E+00,-2.50000000000000E+07,9.99999971718069E-10,1.40000000000000E+08,2.50000000000000E+07,4.99999985859034E-10,9.18485111682489E-26,0.00000000000000E+00,-4.99999985859034E-10,-9.18485111682489E-26,0.00000000000000E+00,3.39833339246809E-09,-7.64506403181690E-41,5.51012976947947E-40
4.00000000000000E+00,2.90000000000000E+01,1.32730610000000E+07,0.00000000000000E+00,-2.50000000000000E+07,9.99999971718069E-10,1.40000000000000E+08,2.50000000000000E+07,4.99999985859034E-10,9.18485111682489E-26,0.00000000000000E+00,-4.99999985859034E-10,-9.18485111682489E-26,0.00000000000000E+00,3.39833339246809E-09,-7.64506403181690E-41,5.51012976947947E-40
4.00000000000000E+00,3.00000000000000E+01,1.32730610000000E+07,0.00000000000000E+00,-2.50000000000000E+07,9.99999971718069E-10,1.40000000000000E+08,2.50000000000000E+07,4.99999985859034E-10,9.18485111682489E-26,0.00000000000000E+00,-4.99999985859034E-10,-9.18485111682489E-26,0.00000000000000E+00,3.39833339246809E-09,-7.64506403181690E-41,5.51012976947947E-40
4.00000000000000E+00,3.10000000000000E+01,1.32730610000000E+07,0.00000000000000E+00,-2.50000000000000E+07,9.99999971718069E-10,1.40000000000000E+08,2.50000000000000E+07,4.99999985859034E-10,9.18485111682489E-26,0.00000000000000E+00,-4.99999985859034E-10,-9.18485111682489E-26,0.00000000000000E+00,3.39833339246809E-09,-7.64506403181690E-41,5.51012976947947E-40
5.00000000000000E+00,1.00000000000000E+00,1.32730610000000E+07,0.00000000000000E+00,-2.50000000000000E+07,9.99999971718069E-10,1.40000000000000E+08,2.50000000000000E+07,4.99999985859034E-10,9.18485111682489E-26,0.00000000000000E+00,-4.99999985859034E-10,-9.18485111682489E-26,0.00000000000000E+00,3.39833339246809E-09,-7.64506403181690E-41,5.51012976947947E-40
5.00000000000000E+00,2.00000000000000E+00,1.32730610000000E+07,0.00000000000000E+00,-2.50000000000000E+07,9.99999971718069E-10,1.40000000000000E+08,2.50000000000000E+07,4.99999985859034E-10,9.18485111682489E-26,0.00000000000000E+00,-4.99999985859034E-10,-9.18485111682489E-26,0.00000000000000E+00,3.39833339246809E-09,-7.64506403181690E-41,5.51012976947947E-40
5.00000000000000E+00,3.00000000000000E+00,1.32730610000000E+07,0.00000000000000E+00,-2.50000000000000E+07,9.99999971718069E-10,1.40000000000000E+08,2.50000000000000E+07,4.99999985859034E-10,9.18485111682489E-26,0.00000000000000E+00,-4.99999985859034E-10,-9.18485111682489E-26,0.00000000000000E+00,3.39833339246809E-09,-7.64506403181690E-41,5.51012976947947E-40
5.00000000000000E+00,4.00000000000000E+00,1.32730610000000E+07,0.00000000000000E+00,-2.50000000000000E+07,9.99999971718069E-10,1.40000000000000E+08,2.50000000000000E+07,4.99999985859034E-10,9.18485111682489E-26,0.00000000000000E+00,-4.99999985859034E-10,-9.18485111682489E-26,0.00000000000000E+00,3.39833339246809E-09,-7.64506403181690E-41,5.51012976947947E-40
5.00000000000000E+00,5.00000000000000E+00,1.32730610000000E+07,0.00000000000000E+00,-2.50000000000000E+07,9.99999971718069E-10,1.40000000000000E+08,2.50000000000000E+07,4.99999985859034E-10,9.18485111682489E-26,0.00000000000000E+00,-4.99999985859034E-10,-9.18485111682489E-26,0.00000000000000E+00,3.39833339246809E-09,-7.64506403181690E-41,5.51012976947947E-40
5.00000000000000E+00,6.00000000000000E+00,1.32730610000000E+07,0.00000000000000E+00,-2.50000000000000E+07,9.99999971718069E-10,1.40000000000000E+08,2.50000000000000E+07,4.99999985859034E-10,9.18485111682489E-26,0.00000000000000E+00,-4.99999985859034E-10,-9.18485111682489E-26,0.00000000000000E+00,3.39833339246809E-09,-7.64506403181690E-41,5.51012976947947E-40
5.00000000000000E+00,7.00000000000000E+00,1.32730610000000E+07,0.00000000000000E+00,-2.50000000000000E+07,9.99999971718069E-10,1.40000000000000E+08,2.50000000000000E+07,4.99999985859034E-10,9.18485111682489E-26,0.00000000000000E+00,-4.99999985859034E-10,-9.18485111682489E-26,0.00000000000000E+00,3.39833339246809E-09,-7.64506403181690E-41,5.51012976947947E-40
5.00000000000000E+00,8.00000000000000E+00,1.32730610000000E+07,0.00000000000000E+00,-2.50000000000000E+07,9.99999971718069E-10,1.40000000000000E+08,2.50000000000000E+07,4.99999985859034E-10,9.18485111682489E-26,0.00000000000000E+00,-4.99999985859034E-10,-9.18485111682489E-26,0.00000000000000E+00,3.39833339246809E-09,-7.64506403181690E-41,5.51012976947947E-40
5.00000000000000E+00,9.00000000000000E+00,1.32730610000000E+07,0.00000000000000E+00,-2.50000000000000E+07,9.99999971718069E-10,1.40000000000000E+08,2.50000000000000E+07,4.99999985859034E-10,9.18485111682489E-26,0.00000000000000E+00,-4.99999985859034E-10,-9.18485111682489E-26,0.00000000000000E+00,3.39833339246809E-09,-7.64506403181690E-41,5.51012976947947E-40
5.00000000000000E+00,1.00000000000000E+01,1.32730610000000E+07,0.00000000000000E+00,-2.50000000000000E+07,9.99999971718069E-10,1.40000000000000E+08,2.50000000000000E+07,4.99999985859034E-10,9.18485111682489E-26,0.00000000000000E+00,-4.99999985859034E-10,-9.18485111682489E-26,0.00000000000000E+00,3.39833339246809E-09,-7.64506403181690E-41,5.51012976947947E-40
5.00000000000000E+00,1.10000000000000E+01,1.32730610000000E+07,0.00000000000000E+00,-2.50000000000000E+07,9.99999971718069E-10,1.40000000000000E+08,2.50000000000000E+07,4.99999985859034E-10,9.18485111682489E-26,0.00000000000000E+00,-4.99999985859034E-10,-9.18485111682489E-26,0.00000000000000E+00,3.39833339246809E-09,-7.64506403181690E-41,5.51012976947947E-40
5.00000000000000E+00,1.20000000000000E+01,1.32730610000000E+07,0.00000000000000E+00,-2.50000000000000E+07,9.99999971718069E-10,1.40000000000000E+08,2.50000000000000E+07,4.99999985859034E-10,9.18485111682489E-26,0.00000000000000E+00,-4.99999985859034E-10,-9.18485111682489E-26,0.00000000000000E+00,3.39833339246809E-09,-7.64506403181690E-41,5.51012976947947E-40
5.00000000000000E+00,1.30000000000000E+01,1.32730610000000E+07,0.00000000000000E+00,-2.50000000000000E+07,9.99999971718069E-10,1.40000000000000E+08,2.50000000000000E+07,4.99999985859034E-10,9.18485111682489E-26,0.00000000000000E+00,-4.99999985859034E-10,-9.18485111682489E-26,0.00000000000000E+00,3.39833339246809E-09,-7.64506403181690E-41,5.51012976947947E-40
5.00000000000000E+00,1.40000000000000E+01,1.32730610000000E+07,0.00000000000000E+00,-2.50000000000000E+07,9.99999971718069E-10,1.40000000000000E+08,2.50000000000000E+07,4.99999985859034E-10,9.18485111682489E-26,0.00000000000000E+00,-4.99999985859034E-10,-9.18485111682489E-26,0.00000000000000E+00,3.39833339246809E-09,-7.64506403181690E-41,5.51012976947947E-40
5.00000000000000E+00,1.50000000000000E+01,1.32730610000000E+07,0.00000000000000E+00,-2.50000000000000E+07,9.99999971718069E-10,1.40000000000000E+08,2.50000000000000E+07,4.99999985859034E-10,9.18485111682489E-26,0.00000000000000E+00,-4.99999985859034E-10,-9.18485111682489E-26,0.00000000000000E+00,3.39833339246809E-09,-7.64506403181690E-41,5.51012976947947E-40
5.00000000000000E+00,1.60000000000000E+01,1.32730610000000E+07,0.00000000000000E+00,-2.50000000000000E+07,9.99999971718069E-10,1.40000000000000E+08,2.50000000000000E+07,4.99999985859034E-10,9.18485111682489E-26,0.00000000000000E+00,-4.99999985859034E-10,-9.18485111682489E-26,0.00000000000000E+00,3.39833339246809E-09,-7.64506403181690E-41,5.51012976947947E-40
5.00000000000000E+00,1.70000000000000E+01,1.32730610000000E+07,0.00000000000000E+00,-2.50000000000000E+07,9.99999971718069E-10,1.40000000000000E+08,2.50000000000000E+07,4.99999985859034E-10,9.18485111682489E-26,0.00000000000000E+00,-4.99999985859034E-10,-9.18485111682489E-26,0.00000000000000E+00,3.39833339246809E-09,-7.64506403181690E-41,5.51012976947947E-40
5.00000000000000E+00,1.80000000000000E+01,1.32730610000000E+07,0.00000000000000E+00,-2.50000000000000E+07,9.99999971718069E-10,1.40000000000000E+08,2.50000000000000E+07,4.99999985859034E-10,9.18485111682489E-26,0.00000000000000E+00,-4.99999985859034E-10,-9.18485111682489E-26,0.00000000000000E+00,3.39833339246809E-09,-7.64506403181690E-41,5.51012976947947E-40
5.00000000000000E+00,1.90000000000000E+01,1.32730610000000E+07,0.00000000000000E+00,-2.50000000000000E+07,9.99999971718069E-10,1.40000000000000E+08,2.50000000000000E+07,4.99999985859034E-10,9.18485111682489E-26,0.00000000000000E+00,-4.99999985859034E-10,-9.18485111682489E-26,0.00000000000000E+00,3.39833339246809E-09,-7.64506403181690E-41,5.51012976947947E-40
5.00000000000000E+00,2.00000000000000E+01,1.32730610000000E+07,0.00000000000000E+00,-2.50000000000000E+07,9.99999971718069E-10,1.40000000000000E+08,2.50000000000000E+07,4.99999985859034E-10,9.18485111682489E-26,0.00000000000000E+00,-4.99999985859034E-10,-9.18485111682489E-26,0.00000000000000E+00,3.39833339246809E-09,-7.64506403181690E-41,5.51012976947947E-40
5.00000000000000E+00,2.10000000000000E+01,1.32730610000000E+07,0.00000000000000E+00,-2.50000000000000E+07,9.99999971718069E-10,1.40000000000000E+08,2.50000000000000E+07,4.99999985859034E-10,9.18485111682489E-26,0.00000000000000E+00,-4.99999985859034E-10,-9.18485111682489E-26,0.00000000000000E+00,3.39833339246809E-09,-7.64506403181690E-41,5.51012976947947E-40
5.00000000000000E+00,2.20000000000000E+01,1.32730610000000E+07,0.00000000000000E+00,-2.50000000000000E+07,9.99999971718069E-10,1.40000000000000E+08,2.50000000000000E+07,4.99999985859034E-10,9.18485111682489E-26,0.00000000000000E+00,-4.99999985859034E-10,-9.18485111682489E-26,0.00000000000000E+00,3.39833339246809E-09,-7.64506403181690E-41,5.51012976947947E-40
5.00000000000000E+00,2.30000000000000E+01,1.32730610000000E+07,0.00000000000000E+00,-2.50000000000000E+07,9.99999971718069E-10,1.40000000000000E+08,2.50000000000000E+07,4.99999985859034E-10,9.18485111682489E-26,0.00000000000000E+00,-4.99999985859034E-10,-9.18485111682489E-26,0.00000000000000E+00,3.39833339246809E-09,-7.64506403181690E-41,5.51012976947947E-40
5.00000000000000E+00,2.40000000000000E+01,1.32730610000000E+07,0.00000000000000E+00,-2.50000000000000E+07,9.99999971718069E-10,1.40000000000000E+08,2.50000000000000E+07,4.99999985859034E-10,9.18485111682489E-26,0.00000000000000E+00,-4.99999985859034E-10,-9.18485111682489E-26,0.00000000000000E+00,3.39833339246809E-09,-7.64506403181690E-41,5.51012976947947E-40
5.00000000000000E+00,2.50000000000000E+01,1.32730610000000E+07,0.00000000000000E+00,-2.50000000000000E+07,9.99999971718069E-10,1.40000000000000E+08,2.50000000000000E+07,4.99999985859034E-10,9.18485111682489E-26,0.00000000000000E+00,-4.99999985859034E-10,-9.18485111682489E-26,0.00000000000000E+00,3.39833339246809E-09,-7.64506403181690E-41,5.51012976947947E-40
5.00000000000000E+00,2.60000000000000E+01,1.32730610000000E+07,0.00000000000000E+00,-2.50000000000000E+07,9.99999971718069E-10,1.40000000000000E+08,2.50000000000000E+07,4.99999985859034E-10,9.18485111682489E-26,0.00000000000000E+00,-4.99999985859034E-10,-9.18485111682489E-26,0.00000000000000E+00,3.39833339246809E-09,-7.64506403181690E-41,5.51012976947947E-40
5.00000000000000E+00,2.70000000000000E+01,1.32730610000000E+07,0.00000000000000E+00,-2.50000000000000E+07,9.99999971718069E-10,1.40000000000000E+08,2.50000000000000E+07,4.99999985859034E-10,9.18485111682489E-26,0.00000000000000E+00,-4.99999985859034E-10,-9.18485111682489E-26,0.00000000000000E+00,3.39833339246809E-09,-7.64506403181690E-41,5.51012976947947E-40
5.00000000000000E+00,2.80000000000000E+01,1.32730610000000E+07,0.00000000000000E+00,-2.50000000000000E+07,9.99999971718069E-10,1.40000000000000E+08,2.50000000000000E+07,4.99999985859034E-10,9.18485111682489E-26,0.00000000000000E+00,-4.99999985859034E-10,-9.18485111682489E-26,0.00000000000000E+00,3.39833339246809E-09,-7.64506403181690E-41,6.42848473105938E-40
5.00000000000000E+00,2.90000000000000E+01,1.32730610000000E+07,0.00000000000000E+00,-2.50000000000000E+07,9.99999971718069E-10,1.40000000000000E+08,2.50000000000000E+07,4.99999985859034E-10,9.18485111682489E-26,0.00000000000000E+00,-4.99999985859034E-10,-9.18485111682489E-26,0.00000000000000E+00,3.39833339246809E-09,-7.64506403181690E-41,5.51012976947947E-40
5.00000000000000E+00,3.00000000000000E+01,1.32730610000000E+07,0.00000000000000E+00,-2.50000000000000E+07,9.99999971718069E-10,1.40000000000000E+08,2.50000000000000E+07,4.99999985859034E-10,9.18485111682489E-26,0.00000000000000E+00,-4.99999985859034E-10,-9.18485111682489E-26,0.00000000000000E+00,3.39833339246809E-09,-7.64506403181690E-41,5.51012976947947E-40
5.00000000000000E+00,3.10000000000000E+01,1.32730610000000E+07,0.00000000000000E+00,-2.50000000000000E+07,9.99999971718069E-10,1.40000000000000E+08,2.50000000000000E+07,4.99999985859034E-10,9.18485111682489E-26,0.00000000000000E+00,-4.99999985859034E-10,-9.18485111682489E-26,0.00000000000000E+00,3.39833339246809E-09,-7.64506403181690E-41,5.51012976947947E-40
6.00000000000000E+00,1.00000000000000E+00,1.32730610000000E+07,0.00000000000000E+00,-2.50000000000000E+07,9.99999971718069E-10,1.40000000000000E+08,2.50000000000000E+07,4.99999985859034E-10,9.18485111682489E-26,0.00000000000000E+00,-4.99999985859034E-10,-9.18485111682489E-26,0.00000000000000E+00,3.39833339246809E-09,-7.64506403181690E-41,1.65303893084384E-39
6.00000000000000E+00,2.00000000000000E+00,1.32730610000000E+07,0.00000000000000E+00,-2.50000000000000E+07,9.99999971718069E-10,1.40000000000000E+08,2.50000000000000E+07,4.99999985859034E-10,9.18485111682489E-26,0.00000000000000E+00,-4.99999985859034E-10,-9.18485111682489E-26,0.00000000000000E+00,3.39833339246809E-09,-7.64506403181690E-41,5.51012976947947E-40
6.00000000000000E+00,3.00000000000000E+00,1.32730610000000E+07,0.00000000000000E+00,-2.50000000000000E+07,9.99999971718069E-10,1.40000000000000E+08,2.50000000000000E+07,4.99999985859034E-10,9.18485111682489E-26,0.00000000000000E+00,-4.99999985859034E-10,-9.18485111682489E-26,0.00000000000000E+00,3.39833339246809E-09,-7.64506403181690E-41,5.51012976947947E-40
6.00000000000000E+00,4.00000000000000E+00,1.32748230000000E+07,1.57078100585938E+03,-2.50000000000000E+07,1.00176311690348E-09,1.40000000000000E+08,2.50000000000000E+07,5.00881558451738E-10,9.20068195281897E-26,5.92682302433083E-14,-5.00881558451738E-10,-9.20068195281897E-26,-5.92682302433083E-14,3.40106542928709E-09,1.83146561610024E-13,-5.97015325675106E-27
6.00000000000000E+00,5.00000000000000E+00,1.32749550000000E+07,1.46552392578125E+03,-2.50000000000000E+07,1.00189601059952E-09,1.40000000000000E+08,2.50000000000000E+07,5.00948005299762E-10,9.20192687393502E-26,5.53034858576454E-14,-5.00948005299762E-10,-9.20192687393502E-26,-5.53034858576454E-14,3.40127170872506E-09,1.71013431280592E-13,-5.97015325675106E-27
6.00000000000000E+00,6.00000000000000E+00,1.32750090000000E+07,1.37012792968750E+03,-2.50000000000000E+07,1.00195007846082E-09,1.40000000000000E+08,2.50000000000000E+07,5.00975039230411E-10,9.20244518020165E-26,5.17061708119743E-14,-5.00975039230411E-10,-9.20244518020165E-26,-5.17061708119743E-14,3.40135608567493E-09,1.60007437529676E-13,-5.97015325675106E-27
6.00000000000000E+00,7.00000000000000E+00,1.32749890000000E+07,1.20350842285156E+03,-2.50000000000000E+07,1.00192998342408E-09,1.40000000000000E+08,2.50000000000000E+07,5.00964991712038E-10,9.20229973397225E-26,4.54174051882708E-14,-5.00964991712038E-10,-9.20229973397225E-26,-4.54174051882708E-14,3.40132566556406E-09,1.40637339014066E-13,-5.97015325675106E-27
6.00000000000000E+00,8.00000000000000E+00,1.32749140000000E+07,9.01808105468750E+02,-2.50000000000000E+07,1.00185504336991E-09,1.40000000000000E+08,2.50000000000000E+07,5.00927521684957E-10,9.20168035490214E-26,3.40296333592362E-14,-5.00927521684957E-10,-9.20168035490214E-26,-3.40296333592362E-14,3.40120998032489E-09,1.05427073863497E-13,-5.97015325675106E-27
6.00000000000000E+00,9.00000000000000E+00,1.32748250000000E+07,4.49838348388672E+02,-2.50000000000000E+07,1.00176511530492E-09,1.40000000000000E+08,2.50000000000000E+07,5.00882557652460E-10,9.20095990302854E-26,1.69731951746559E-14,-5.00882557652460E-10,-9.20095990302854E-26,-1.69731951746559E-14,3.40107098040221E-09,5.26151659133861E-14,-5.97015325675106E-27
6.00000000000000E+00,1.00000000000000E+01,1.32747640000000E+07,-9.89003219604492E+01,-2.50000000000000E+07,1.00170405303857E-09,1.40000000000000E+08,2.50000000000000E+07,5.00852026519283E-10,9.20052541323309E-26,-3.73147320605494E-15,-5.00852026519283E-10,-9.20052541323309E-26,3.73147320605494E-15,3.40097661144512E-09,-1.15328321504825E-14,-5.97015325675106E-27
6.00000000000000E+00,1.10000000000000E+01,1.32747510000000E+07,-6.38200195312500E+02,-2.50000000000000E+07,1.00169161854069E-09,1.40000000000000E+08,2.50000000000000E+07,5.00845809270345E-10,9.20053589029198E-26,-2.40787851625828E-14,-5.00845809270345E-10,-9.20053589029198E-26,2.40787851625828E-14,3.40095707151988E-09,-7.45815694901293E-14,-5.97015325675106E-27
6.00000000000000E+00,1.20000000000000E+01,1.32747700000000E+07,-1.06035241699219E+03,-2.50000000000000E+07,1.00170993722060E-09,1.40000000000000E+08,2.50000000000000E+07,5.00854968610298E-10,9.20080151454991E-26,-4.00069280275753E-14,-5.00854968610298E-10,-9.20080151454991E-26,4.00069280275753E-14,3.40098504914010E-09,-1.23921421626809E-13,-5.97015325675106E-27
6.00000000000000E+00,1.30000000000000E+01,1.32747780000000E+07,-1.30702026367188E+03,-2.50000000000000E+07,1.00171848593789E-09,1.40000000000000E+08,2.50000000000000E+07,5.00859242968943E-10,9.20093710001800E-26,-4.93140582893698E-14,-5.00859242968943E-10,-9.20093710001800E-26,4.93140582893698E-14,3.40099792772719E-09,-1.52724878642145E-13,-5.97015325675106E-27
6.00000000000000E+00,1.40000000000000E+01,1.32747430000000E+07,-1.38412866210938E+03,-2.50000000000000E+07,1.00168318084570E-09,1.40000000000000E+08,2.50000000000000E+07,5.00841590422851E-10,9.20063080011964E-26,-5.22216682874097E-14,-5.00841590422851E-10,-9.20063080011964E-26,5.22216682874097E-14,3.40094263862056E-09,-1.61675848490278E-13,-5.97015325675106E-27
6.00000000000000E+00,1.50000000000000E+01,1.32746550000000E+07,-1.33973840332031E+03,-2.50000000000000E+07,1.00159469607064E-09,1.40000000000000E+08,2.50000000000000E+07,5.00797348035320E-10,9.19980804284740E-26,-5.05427439538662E-14,-5.00797348035320E-10,-9.19980804284740E-26,5.05427439538662E-14,3.40080474892090E-09,-1.56410989845743E-13,-5.97015325675106E-27
6.00000000000000E+00,1.60000000000000E+01,1.32745260000000E+07,-1.22891735839844E+03,-2.50000000000000E+07,1.00146591019978E-09,1.40000000000000E+08,2.50000000000000E+07,5.00732955099892E-10,9.19859948328870E-26,-4.63564157492016E-14,-5.00732955099892E-10,-9.19859948328870E-26,4.63564157492016E-14,3.40060424264266E-09,-1.43389220310687E-13,-5.97015325675106E-27
6.00000000000000E+00,1.70000000000000E+01,1.32743780000000E+07,-1.09326794433594E+03,-2.50000000000000E+07,1.00131813951521E-09,1.40000000000000E+08,2.50000000000000E+07,5.00659069757603E-10,9.19721034853841E-26,-4.12339094617818E-14,-5.00659069757603E-10,-9.19721034853841E-26,4.12339094617818E-14,3.40037464852116E-09,-1.27487470992331E-13,-5.97015325675106E-27
6.00000000000000E+00,1.80000000000000E+01,1.32742300000000E+07,-9.56544433593750E+02,-2.50000000000000E+07,1.00116981371912E-09,1.40000000000000E+08,2.50000000000000E+07,5.00584906859558E-10,9.19581689970505E-26,-3.60722770284625E-14,-5.00584906859558E-10,-9.19581689970505E-26,3.60722770284625E-14,3.40014438826586E-09,-1.11485236461376E-13,-5.97015325675106E-27
6.00000000000000E+00,1.90000000000000E+01,1.32740930000000E+07,-8.29302917480469E+02,-2.50000000000000E+07,1.00103247913097E-09,1.40000000000000E+08,2.50000000000000E+07,5.00516239565485E-10,9.19452513997275E-26,-3.12698983731281E-14,-5.00516239565485E-10,-9.19452513997275E-26,3.12698983731281E-14,3.39993100340052E-09,-9.66121239541658E-14,-5.97015325675106E-27
6.00000000000000E+00,2.00000000000000E+01,1.32739720000000E+07,-7.14959045410156E+02,-2.50000000000000E+07,1.00091102073208E-09,1.40000000000000E+08,2.50000000000000E+07,5.00455510366038E-10,9.19338375685051E-26,-2.69553988369508E-14,-5.00455510366038E-10,-9.19338375685051E-26,2.69553988369508E-14,3.39974270957555E-09,-8.32609873516361E-14,-5.97015325675106E-27
6.00000000000000E+00,2.10000000000000E+01,1.32738670000000E+07,-6.13880737304688E+02,-2.50000000000000E+07,1.00080665976776E-09,1.40000000000000E+08,2.50000000000000E+07,5.00403329883881E-10,9.19240137850447E-26,-2.31423089242302E-14,-5.00403329883881E-10,-9.19240137850447E-26,2.31423089242302E-14,3.39958083905856E-09,-7.14691028797301E-14,-5.97015325675106E-27
6.00000000000000E+00,2.20000000000000E+01,1.32737790000000E+07,-5.25434020996094E+02,-2.50000000000000E+07,1.00071817499270E-09,1.40000000000000E+08,2.50000000000000E+07,5.00359087496349E-10,9.19156876047092E-26,-1.98063933282795E-14,-5.00359087496349E-10,-9.19156876047092E-26,1.98063933282795E-14,3.39944383753732E-09,-6.11580420637955E-14,-5.97015325675106E-27
6.00000000000000E+00,2.30000000000000E+01,1.32737050000000E+07,-4.48835845947266E+02,-2.50000000000000E+07,1.00064379005005E-09,1.40000000000000E+08,2.50000000000000E+07,5.00321895025024E-10,9.19086741382237E-26,-1.69178381834211E-14,-5.00321895025024E-10,-9.19086741382237E-26,1.69178381834211E-14,3.39932859638736E-09,-5.22330998440658E-14,-5.97015325675106E-27
6.00000000000000E+00,2.40000000000000E+01,1.32736420000000E+07,-3.83459259033203E+02,-2.50000000000000E+07,1.00058095142685E-09,1.40000000000000E+08,2.50000000000000E+07,5.00290475713427E-10,9.19027576814345E-26,-1.44527808774650E-14,-5.00290475713427E-10,-9.19027576814345E-26,1.44527808774650E-14,3.39923156289501E-09,-4.46187886442816E-14,-5.97015325675106E-27
6.00000000000000E+00,2.50000000000000E+01,1.32735880000000E+07,-3.28936950683594E+02,-2.50000000000000E+07,1.00052743867707E-09,1.40000000000000E+08,2.50000000000000E+07,5.00263719338534E-10,9.18977102042363E-26,-1.23971911566729E-14,-5.00263719338534E-10,-9.18977102042363E-26,1.23971911566729E-14,3.39914851821277E-09,-3.82705680839444E-14,-5.97015325675106E-27
6.00000000000000E+00,2.60000000000000E+01,1.32735410000000E+07,-2.85221313476562E+02,-2.50000000000000E+07,1.00048025419852E-09,1.40000000000000E+08,2.50000000000000E+07,5.00240127099261E-10,9.18932728616444E-26,-1.07491386329580E-14,-5.00240127099261E-10,-9.18932728616444E-26,1.07491386329580E-14,3.39907546553775E-09,-3.31816720638718E-14,-5.97015325675106E-27
6.00000000000000E+00,2.70000000000000E+01,1.32734970000000E+07,-2.52670211791992E+02,-2.50000000000000E+07,1.00043617834444E-09,1.40000000000000E+08,2.50000000000000E+07,5.00218089172222E-10,9.18891559937953E-26,-9.52199795655742E-15,-5.00218089172222E-10,-9.18891559937953E-26,9.52199795655742E-15,3.39900751988864E-09,-2.93928767501443E-14,-5.97015325675106E-27
6.00000000000000E+00,2.80000000000000E+01,1.32734520000000E+07,-2.32200332641602E+02,-2.50000000000000E+07,1.00039110328964E-09,1.40000000000000E+08,2.50000000000000E+07,5.00195551644822E-10,9.18849651702363E-26,-8.75021626337014E-15,-5.00195551644822E-10,-9.18849651702363E-26,8.75021626337014E-15,3.39893779788270E-09,-2.70102171152312E-14,-5.97015325675106E-27
6.00000000000000E+00,2.90000000000000E+01,1.32730610000000E+07,0.00000000000000E+00,-2.50000000000000E+07,9.99999971718069E-10,1.40000000000000E+08,2.50000000000000E+07,4.99999985859034E-10,9.18485111682489E-26,0.00000000000000E+00,-4.99999985859034E-10,-9.18485111682489E-26,0.00000000000000E+00,3.39833339246809E-09,-7.64506403181690E-41,5.51012976947947E-40
6.00000000000000E+00,3.00000000000000E+01,1.32730610000000E+07,0.00000000000000E+00,-2.50000000000000E+07,9.99999971718069E-10,1.40000000000000E+08,2.50000000000000E+07,4.99999985859034E-10,9.18485111682489E-26,0.00000000000000E+00,-4.99999985859034E-10,-9.18485111682489E-26,0.00000000000000E+00,3.39833339246809E-09,-7.64506403181690E-41,5.51012976947947E-40
6.00000000000000E+00,3.10000000000000E+01,1.32730610000000E+07,0.00000000000000E+00,-2.50000000000000E+07,9.99999971718069E-10,1.40000000000000E+08,2.50000000000000E+07,4.99999985859034E-10,9.18485111682489E-26,0.00000000000000E+00,-4.99999985859034E-10,-9.18485111682489E-26,0.00000000000000E+00,3.39833339246809E-09,-7.64506403181690E-41,5.51012976947947E-40
7.00000000000000E+00,1.00000000000000E+00,1.32730610000000E+07,0.00000000000000E+00,-2.50000000000000E+07,9.99999971718069E-10,1.40000000000000E+08,2.50000000000000E+07,4.99999985859034E-10,9.18485111682489E-26,0.00000000000000E+00,-4.99999985859034E-10,-9.18485111682489E-26,0.00000000000000E+00,3.39833339246809E-09,-7.64506403181690E-41,1.65303893084384E-39
7.00000000000000E+00,2.00000000000000E+00,1.32730610000000E+07,0.00000000000000E+00,-2.50000000000000E+07,9.99999971718069E-10,1.40000000000000E+08,2.50000000000000E+07,4.99999985859034E-10,9.18485111682489E-26,0.00000000000000E+00,-4.99999985859034E-10,-9.18485111682489E-26,0.00000000000000E+00,3.39833339246809E-09,-7.64506403181690E-41,5.51012976947947E-40
7.00000000000000E+00,3.00000000000000E+00,1.32730610000000E+07,0.00000000000000E+00,-2.50000000000000E+07,9.99999971718069E-10,1.40000000000000E+08,2.50000000000000E+07,4.99999985859034E-10,9.18485111682489E-26,0.00000000000000E+00,-4.99999985859034E-10,-9.18485111682489E-26,0.00000000000000E+00,3.39833339246809E-09,-7.64506403181690E-41,5.51012976947947E-40
7.00000000000000E+00,4.00000000000000E+00,1.32756210000000E+07,1.84324291992188E+03,-2.50000000000000E+07,1.00256314361502E-09,1.40000000000000E+08,2.50000000000000E+07,5.01281571807510E-10,9.20796659024062E-26,6.96000399783188E-14,-5.01281571807510E-10,-9.20796659024062E-26,-6.96000399783188E-14,3.40230421613796E-09,2.15052978137960E-13,-5.97015325675106E-27
7.00000000000000E+00,5.00000000000000E+00,1.32758890000000E+07,1.85098510742188E+03,-2.50000000000000E+07,1.00283203963158E-09,1.40000000000000E+08,2.50000000000000E+07,5.01416019815792E-10,9.21043424575976E-26,6.99097084475714E-14,-5.01416019815792E-10,-9.21043424575976E-26,-6.99097084475714E-14,3.40272188203983E-09,2.16204617685574E-13,-5.97015325675106E-27
7.00000000000000E+00,6.00000000000000E+00,1.32760580000000E+07,1.88850061035156E+03,-2.50000000000000E+07,1.00300101557593E-09,1.40000000000000E+08,2.50000000000000E+07,5.01500507787966E-10,9.21197807120318E-26,7.13377517865335E-14,-5.01500507787966E-10,-9.21197807120318E-26,-7.13377517865335E-14,3.40298544898587E-09,2.20819659758030E-13,-5.97015325675106E-27
7.00000000000000E+00,7.00000000000000E+00,1.32761020000000E+07,1.81169189453125E+03,-2.50000000000000E+07,1.00304553551922E-09,1.40000000000000E+08,2.50000000000000E+07,5.01522767759610E-10,9.21240454913007E-26,6.84391169496028E-14,-5.01522767759610E-10,-9.21240454913007E-26,-6.84391169496028E-14,3.40305605917024E-09,2.11998834828177E-13,-5.97015325675106E-27
7.00000000000000E+00,8.00000000000000E+00,1.32760250000000E+07,1.47480078125000E+03,-2.50000000000000E+07,1.00296793092980E-09,1.40000000000000E+08,2.50000000000000E+07,5.01483965464899E-10,9.21176976262040E-26,5.57086115519217E-14,-5.01483965464899E-10,-9.21176976262040E-26,-5.57086115519217E-14,3.40293726530660E-09,1.72660971349374E-13,-5.97015325675106E-27
7.00000000000000E+00,9.00000000000000E+00,1.32758890000000E+07,8.06038757324219E+02,-2.50000000000000E+07,1.00283237269849E-09,1.40000000000000E+08,2.50000000000000E+07,5.01416186349246E-10,9.21067953219748E-26,3.04432213216622E-14,-5.01416186349246E-10,-9.21067953219748E-26,-3.04432213216622E-14,3.40272832133337E-09,9.43848745362831E-14,-5.97015325675106E-27
7.00000000000000E+00,1.00000000000000E+01,1.32757930000000E+07,-9.91135635375977E+01,-2.50000000000000E+07,1.00273600533995E-09,1.40000000000000E+08,2.50000000000000E+07,5.01368002669977E-10,9.21000345374980E-26,-3.74308094556412E-15,-5.01368002669977E-10,-9.21000345374980E-26,3.74308094556412E-15,3.40257977349268E-09,-1.15572512633189E-14,-5.97015325675106E-27
7.00000000000000E+00,1.10000000000000E+01,1.32757840000000E+07,-9.94888854980469E+02,-2.50000000000000E+07,1.00272645742194E-09,1.40000000000000E+08,2.50000000000000E+07,5.01363228710971E-10,9.21012301548075E-26,-3.75722199121194E-14,-5.01363228710971E-10,-9.21012301548075E-26,3.75722199121194E-14,3.40256445241494E-09,-1.16403821260810E-13,-5.97015325675106E-27
7.00000000000000E+00,1.20000000000000E+01,1.32758150000000E+07,-1.63397961425781E+03,-2.50000000000000E+07,1.00275765468893E-09,1.40000000000000E+08,2.50000000000000E+07,5.01378827344467E-10,9.21055750527620E-26,-6.17094130786131E-14,-5.01378827344467E-10,-9.21055750527620E-26,6.17094130786131E-14,3.40261196996039E-09,-1.91215885356547E-13,-5.97015325675106E-27
7.00000000000000E+00,1.30000000000000E+01,1.32757930000000E+07,-1.91583410644531E+03,-2.50000000000000E+07,1.00273556125074E-09,1.40000000000000E+08,2.50000000000000E+07,5.01367780625372E-10,9.21041945461779E-26,-7.23525514674528E-14,-5.01367780625372E-10,-9.21041945461779E-26,7.23525514674528E-14,3.40257622077900E-09,-2.24135543024778E-13,-5.97015325675106E-27
7.00000000000000E+00,1.40000000000000E+01,1.32756600000000E+07,-1.90221179199219E+03,-2.50000000000000E+07,1.00260277857700E-09,1.40000000000000E+08,2.50000000000000E+07,5.01301389288500E-10,9.20919733651228E-26,-7.18293019464841E-14,-5.01301389288500E-10,-9.20919733651228E-26,7.18293019464841E-14,3.40236905316260E-09,-2.22420999261737E-13,-5.97015325675106E-27
7.00000000000000E+00,1.50000000000000E+01,1.32754280000000E+07,-1.72105078125000E+03,-2.50000000000000E+07,1.00236940969722E-09,1.40000000000000E+08,2.50000000000000E+07,5.01184704848612E-10,9.20701132898820E-26,-6.49745014735803E-14,-5.01184704848612E-10,-9.20701132898820E-26,6.49745014735803E-14,3.40200556614434E-09,-2.01080444612797E-13,-5.97015325675106E-27
7.00000000000000E+00,1.60000000000000E+01,1.32751430000000E+07,-1.48548852539062E+03,-2.50000000000000E+07,1.00208430442450E-09,1.40000000000000E+08,2.50000000000000E+07,5.01042152212250E-10,9.20433844637418E-26,-5.60666184974083E-14,-5.01042152212250E-10,-9.20433844637418E-26,5.60666184974083E-14,3.40156236511291E-09,-1.73405994424725E-13,-5.97015325675106E-27
7.00000000000000E+00,1.70000000000000E+01,1.32748560000000E+07,-1.25802648925781E+03,-2.50000000000000E+07,1.00179686768342E-09,1.40000000000000E+08,2.50000000000000E+07,5.00898433841712E-10,9.20164584223753E-26,-4.74689494797068E-14,-5.00898433841712E-10,-9.20164584223753E-26,4.74689494797068E-14,3.40111583341240E-09,-1.46732710075252E-13,-5.97015325675106E-27
7.00000000000000E+00,1.80000000000000E+01,1.32745960000000E+07,-1.06052795410156E+03,-2.50000000000000E+07,1.00153596527264E-09,1.40000000000000E+08,2.50000000000000E+07,5.00767982636319E-10,9.19920407121684E-26,-4.00071279273509E-14,-5.00767982636319E-10,-9.19920407121684E-26,4.00071279273509E-14,3.40071082405302E-09,-1.23611394015587E-13,-5.97015325675106E-27
7.00000000000000E+00,1.90000000000000E+01,1.32743730000000E+07,-8.94921936035156E+02,-2.50000000000000E+07,1.00131225533318E-09,1.40000000000000E+08,2.50000000000000E+07,5.00656127666588E-10,9.19711112462768E-26,-3.37528704259186E-14,-5.00656127666588E-10,-9.19711112462768E-26,3.37528704259186E-14,3.40036399038013E-09,-1.04251636078197E-13,-5.97015325675106E-27
7.00000000000000E+00,2.00000000000000E+01,1.32741870000000E+07,-7.56752319335938E+02,-2.50000000000000E+07,1.00112607093195E-09,1.40000000000000E+08,2.50000000000000E+07,5.00563035465973E-10,9.19536885136279E-26,-2.85367568334319E-14,-5.00563035465973E-10,-9.19536885136279E-26,2.85367568334319E-14,3.40007511034912E-09,-8.81187416329303E-14,-5.97015325675106E-27
7.00000000000000E+00,2.10000000000000E+01,1.32740340000000E+07,-6.40879211425781E+02,-2.50000000000000E+07,1.00097330424376E-09,1.40000000000000E+08,2.50000000000000E+07,5.00486652121879E-10,9.19393842467449E-26,-2.41638272704871E-14,-5.00486652121879E-10,-9.19393842467449E-26,2.41638272704871E-14,3.39983841080027E-09,-7.46024742632675E-14,-5.97015325675106E-27
7.00000000000000E+00,2.20000000000000E+01,1.32739090000000E+07,-5.43180236816406E+02,-2.50000000000000E+07,1.00084862619809E-09,1.40000000000000E+08,2.50000000000000E+07,5.00424313099046E-10,9.19277115705380E-26,-2.04778109345796E-14,-5.00424313099046E-10,-9.19277115705380E-26,2.04778109345796E-14,3.39964545403859E-09,-6.32149023340085E-14,-5.97015325675106E-27
7.00000000000000E+00,2.30000000000000E+01,1.32738080000000E+07,-4.60756622314453E+02,-2.50000000000000E+07,1.00074704079134E-09,1.40000000000000E+08,2.50000000000000E+07,5.00373520395669E-10,9.19181897728929E-26,-1.73688239355277E-14,-5.00373520395669E-10,-9.19181897728929E-26,1.73688239355277E-14,3.39948824645830E-09,-5.36133569722756E-14,-5.97015325675106E-27
7.00000000000000E+00,2.40000000000000E+01,1.32737250000000E+07,-3.91716613769531E+02,-2.50000000000000E+07,1.00066377406449E-09,1.40000000000000E+08,2.50000000000000E+07,5.00331887032246E-10,9.19103812825264E-26,-1.47651327470945E-14,-5.00331887032246E-10,-9.19103812825264E-26,1.47651327470945E-14,3.39935923854284E-09,-4.55742790782341E-14,-5.97015325675106E-27
7.00000000000000E+00,2.50000000000000E+01,1.32736560000000E+07,-3.34939208984375E+02,-2.50000000000000E+07,1.00059460717006E-09,1.40000000000000E+08,2.50000000000000E+07,5.00297303585029E-10,9.19038978319616E-26,-1.26241925984052E-14,-5.00297303585029E-10,-9.19038978319616E-26,1.26241925984052E-14,3.39925243508787E-09,-3.89650707261890E-14,-5.97015325675106E-27
7.00000000000000E+00,2.60000000000000E+01,1.32735970000000E+07,-2.89940032958984E+02,-2.50000000000000E+07,1.00053554330515E-09,1.40000000000000E+08,2.50000000000000E+07,5.00267771652574E-10,9.18983696426492E-26,-1.09275322419792E-14,-5.00267771652574E-10,-9.18983696426492E-26,1.09275322419792E-14,3.39916095271064E-09,-3.37279981504554E-14,-5.97015325675106E-27
7.00000000000000E+00,2.70000000000000E+01,1.32735430000000E+07,-2.56867004394531E+02,-2.50000000000000E+07,1.00048247464457E-09,1.40000000000000E+08,2.50000000000000E+07,5.00241237322285E-10,9.18934146100883E-26,-9.68057014757995E-15,-5.00241237322285E-10,-9.18934146100883E-26,9.68057014757995E-15,3.39907879620682E-09,-2.98794124750472E-14,-5.97015325675106E-27
7.00000000000000E+00,2.80000000000000E+01,1.32734910000000E+07,-2.36647430419922E+02,-2.50000000000000E+07,1.00042985007320E-09,1.40000000000000E+08,2.50000000000000E+07,5.00214925036602E-10,9.18885335332373E-26,-8.91811936933962E-15,-5.00214925036602E-10,-9.18885335332373E-26,8.91811936933962E-15,3.39899752788142E-09,-2.75266005871294E-14,-5.97015325675106E-27
7.00000000000000E+00,2.90000000000000E+01,1.32730610000000E+07,0.00000000000000E+00,-2.50000000000000E+07,9.99999971718069E-10,1.40000000000000E+08,2.50000000000000E+07,4.99999985859034E-10,9.18485111682489E-26,0.00000000000000E+00,-4.99999985859034E-10,-9.18485111682489E-26,0.00000000000000E+00,3.39833339246809E-09,-7.64506403181690E-41,5.51012976947947E-40
7.00000000000000E+00,3.00000000000000E+01,1.32730610000000E+07,0.00000000000000E+00,-2.50000000000000E+07,9.99999971718069E-10,1.40000000000000E+08,2.50000000000000E+07,4.99999985859034E-10,9.18485111682489E-26,0.00000000000000E+00,-4.99999985859034E-10,-9.18485111682489E-26,0.00000000000000E+00,3.39833339246809E-09,-7.64506403181690E-41,5.51012976947947E-40
7.00000000000000E+00,3.10000000000000E+01,1.32730610000000E+07,0.00000000000000E+00,-2.50000000000000E+07,9.99999971718069E-10,1.40000000000000E+08,2.50000000000000E+07,4.99999985859034E-10,9.18485111682489E-26,0.00000000000000E+00,-4.99999985859034E-10,-9.18485111682489E-26,0.00000000000000E+00,3.39833339246809E-09,-7.64506403181690E-41,5.51012976947947E-40
8.00000000000000E+00,1.00000000000000E+00,1.32730610000000E+07,0.00000000000000E+00,-2.50000000000000E+07,9.99999971718069E-10,1.40000000000000E+08,2.50000000000000E+07,4.99999985859034E-10,9.18485111682489E-26,0.00000000000000E+00,-4.99999985859034E-10,-9.18485111682489E-26,0.00000000000000E+00,3.39833339246809E-09,-7.64506403181690E-41,1.65303893084384E-39
8.00000000000000E+00,2.00000000000000E+00,1.32730610000000E+07,0.00000000000000E+00,-2.50000000000000E+07,9.99999971718069E-10,1.40000000000000E+08,2.50000000000000E+07,4.99999985859034E-10,9.18485111682489E-26,0.00000000000000E+00,-4.99999985859034E-10,-9.18485111682489E-26,0.00000000000000E+00,3.39833339246809E-09,-7.64506403181690E-41,5.51012976947947E-40
8.00000000000000E+00,3.00000000000000E+00,1.32730610000000E+07,0.00000000000000E+00,-2.50000000000000E+07,9.99999971718069E-10,1.40000000000000E+08,2.50000000000000E+07,4.99999985859034E-10,9.18485111682489E-26,0.00000000000000E+00,-4.99999985859034E-10,-9.18485111682489E-26,0.00000000000000E+00,3.39833339246809E-09,-7.64506403181690E-41,5.51012976947947E-40
8.00000000000000E+00,4.00000000000000E+00,1.32767340000000E+07,2.16364990234375E+03,-2.50000000000000E+07,1.00368002797779E-09,1.40000000000000E+08,2.50000000000000E+07,5.01840013988897E-10,9.21815029148895E-26,8.17826099268164E-14,-5.01840013988897E-10,-9.21815029148895E-26,-8.17826099268164E-14,3.40403327747651E-09,2.52617235940375E-13,-5.97015325675106E-27
8.00000000000000E+00,5.00000000000000E+00,1.32773030000000E+07,2.37552783203125E+03,-2.50000000000000E+07,1.00425101567936E-09,1.40000000000000E+08,2.50000000000000E+07,5.02125507839679E-10,9.22334568010693E-26,8.98385098951904E-14,-5.02125507839679E-10,-9.22334568010693E-26,-8.98385098951904E-14,3.40492056771780E-09,2.77803740298191E-13,-5.97015325675106E-27
8.00000000000000E+00,6.00000000000000E+00,1.32778100000000E+07,2.71106494140625E+03,-2.50000000000000E+07,1.00476038600306E-09,1.40000000000000E+08,2.50000000000000E+07,5.02380193001528E-10,9.22794572526050E-26,1.02576049054465E-13,-5.02380193001528E-10,-9.22794572526050E-26,-1.02576049054465E-13,3.40571371104659E-09,3.17539641499567E-13,-5.97015325675106E-27
8.00000000000000E+00,7.00000000000000E+00,1.32781320000000E+07,2.92454589843750E+03,-2.50000000000000E+07,1.00508446010394E-09,1.40000000000000E+08,2.50000000000000E+07,5.02542230051972E-10,9.23087313877597E-26,1.10686328538053E-13,-5.02542230051972E-10,-9.23087313877597E-26,-1.10686328538053E-13,3.40622019479042E-09,3.42902708181173E-13,-5.97015325675106E-27
8.00000000000000E+00,8.00000000000000E+00,1.32781770000000E+07,2.62542114257812E+03,-2.50000000000000E+07,1.00512942413644E-09,1.40000000000000E+08,2.50000000000000E+07,5.02564712068221E-10,9.23135569978284E-26,9.93693652752772E-14,-5.02564712068221E-10,-9.23135569978284E-26,-9.93693652752772E-14,3.40629502382228E-09,3.07870103109092E-13,-5.97015325675106E-27
8.00000000000000E+00,9.00000000000000E+00,1.32780270000000E+07,1.56018371582031E+03,-2.50000000000000E+07,1.00497876687200E-09,1.40000000000000E+08,2.50000000000000E+07,5.02489383436000E-10,9.23021801444609E-26,5.90430888859281E-14,-5.02489383436000E-10,-9.23021801444609E-26,-5.90430888859281E-14,3.40606631787921E-09,1.83015278279464E-13,-5.97015325675106E-27
8.00000000000000E+00,1.00000000000000E+01,1.32778910000000E+07,-9.59368820190430E+01,-2.50000000000000E+07,1.00484165432846E-09,1.40000000000000E+08,2.50000000000000E+07,5.02420827164229E-10,9.22934348817694E-26,-3.63014646622317E-15,-5.02420827164229E-10,-9.22934348817694E-26,3.63014646622317E-15,3.40585581959374E-09,-1.11905198784757E-14,-5.97015325675106E-27
8.00000000000000E+00,1.10000000000000E+01,1.32778860000000E+07,-1.74266882324219E+03,-2.50000000000000E+07,1.00483654730255E-09,1.40000000000000E+08,2.50000000000000E+07,5.02418273651273E-10,9.22967752146650E-26,-6.59403629789390E-14,-5.02418273651273E-10,-9.22967752146650E-26,6.59403629789390E-14,3.40584649372033E-09,-2.04290130276751E-13,-5.97015325675106E-27
8.00000000000000E+00,1.20000000000000E+01,1.32778950000000E+07,-2.77816894531250E+03,-2.50000000000000E+07,1.00484565113135E-09,1.40000000000000E+08,2.50000000000000E+07,5.02422825565674E-10,9.23000169399474E-26,-1.05123253309712E-13,-5.02422825565674E-10,-9.23000169399474E-26,1.05123253309712E-13,3.40585648572755E-09,-3.25651642154104E-13,-5.97015325675106E-27
8.00000000000000E+00,1.30000000000000E+01,1.32777120000000E+07,-3.02198608398438E+03,-2.50000000000000E+07,1.00466235330998E-09,1.40000000000000E+08,2.50000000000000E+07,5.02331176654991E-10,9.22837405208013E-26,-1.14329769609900E-13,-5.02331176654991E-10,-9.22837405208013E-26,1.14329769609900E-13,3.40556782774115E-09,-3.54212129462586E-13,-5.97015325675106E-27
8.00000000000000E+00,1.40000000000000E+01,1.32772620000000E+07,-2.71695434570312E+03,-2.50000000000000E+07,1.00421038151666E-09,1.40000000000000E+08,2.50000000000000E+07,5.02105190758328E-10,9.22415118104687E-26,-1.02746844777950E-13,-5.02105190758328E-10,-9.22415118104687E-26,1.02746844777950E-13,3.40486350225433E-09,-3.18168234814120E-13,-5.97015325675106E-27
8.00000000000000E+00,1.50000000000000E+01,1.32766530000000E+07,-2.23396679687500E+03,-2.50000000000000E+07,1.00359842658548E-09,1.40000000000000E+08,2.50000000000000E+07,5.01799213292742E-10,9.21841838093721E-26,-8.44341415361105E-14,-5.01799213292742E-10,-9.21841838093721E-26,8.44341415361105E-14,3.40391115294381E-09,-2.61257107527640E-13,-5.97015325675106E-27
8.00000000000000E+00,1.60000000000000E+01,1.32760380000000E+07,-1.78324816894531E+03,-2.50000000000000E+07,1.00298147565070E-09,1.40000000000000E+08,2.50000000000000E+07,5.01490737825350E-10,9.21264798667504E-26,-6.73606407198407E-14,-5.01490737825350E-10,-9.21264798667504E-26,6.73606407198407E-14,3.40295214229513E-09,-2.08264571495594E-13,-5.97015325675106E-27
8.00000000000000E+00,1.70000000000000E+01,1.32755020000000E+07,-1.42537463378906E+03,-2.50000000000000E+07,1.00244346157297E-09,1.40000000000000E+08,2.50000000000000E+07,5.01221730786483E-10,9.20762331248733E-26,-5.38155742299713E-14,-5.01221730786483E-10,-9.20762331248733E-26,5.38155742299713E-14,3.40211658844680E-09,-1.66279004996418E-13,-5.97015325675106E-27
8.00000000000000E+00,1.80000000000000E+01,1.32750640000000E+07,-1.15371691894531E+03,-2.50000000000000E+07,1.00200459041133E-09,1.40000000000000E+08,2.50000000000000E+07,5.01002295205666E-10,9.20352924764875E-26,-4.35413966166920E-14,-5.01002295205666E-10,-9.20352924764875E-26,4.35413966166920E-14,3.40143557764350E-09,-1.34469868508409E-13,-5.97015325675106E-27
8.00000000000000E+00,1.90000000000000E+01,1.32747160000000E+07,-9.46552185058594E+02,-2.50000000000000E+07,1.00165653549311E-09,1.40000000000000E+08,2.50000000000000E+07,5.00828267746556E-10,9.20028505717603E-26,-3.57115053674362E-14,-5.00828267746556E-10,-9.20028505717603E-26,3.57115053674362E-14,3.40089623129813E-09,-1.10251854846220E-13,-5.97015325675106E-27
8.00000000000000E+00,2.00000000000000E+01,1.32744440000000E+07,-7.84959289550781E+02,-2.50000000000000E+07,1.00138330960675E-09,1.40000000000000E+08,2.50000000000000E+07,5.00691654803376E-10,9.19773851556636E-26,-2.96074606888699E-14,-5.00691654803376E-10,-9.19773851556636E-26,2.96074606888699E-14,3.40047279223654E-09,-9.13868386889262E-14,-5.97015325675106E-27
8.00000000000000E+00,2.10000000000000E+01,1.32742290000000E+07,-6.55713745117188E+02,-2.50000000000000E+07,1.00116892554070E-09,1.40000000000000E+08,2.50000000000000E+07,5.00584462770348E-10,9.19573862991211E-26,-2.47276191764432E-14,-5.00584462770348E-10,-9.19573862991211E-26,2.47276191764432E-14,3.40014061350757E-09,-7.63144904799944E-14,-5.97015325675106E-27
8.00000000000000E+00,2.20000000000000E+01,1.32740610000000E+07,-5.50324462890625E+02,-2.50000000000000E+07,1.00099983857405E-09,1.40000000000000E+08,2.50000000000000E+07,5.00499919287023E-10,9.19416152439925E-26,-2.07500439356953E-14,-5.00499919287023E-10,-9.19416152439925E-26,2.07500439356953E-14,3.39987904496297E-09,-6.40343287834459E-14,-5.97015325675106E-27
8.00000000000000E+00,2.30000000000000E+01,1.32739270000000E+07,-4.63532470703125E+02,-2.50000000000000E+07,1.00086572363267E-09,1.40000000000000E+08,2.50000000000000E+07,5.00432861816336E-10,9.19290982400979E-26,-1.74753772921605E-14,-5.00432861816336E-10,-9.19290982400979E-26,1.74753772921605E-14,3.39967143325737E-09,-5.39272199486830E-14,-5.97015325675106E-27
8.00000000000000E+00,2.40000000000000E+01,1.32738190000000E+07,-3.92143463134766E+02,-2.50000000000000E+07,1.00075836506619E-09,1.40000000000000E+08,2.50000000000000E+07,5.00379182533095E-10,9.19190710784355E-26,-1.47825155572380E-14,-5.00379182533095E-10,-9.19190710784355E-26,1.47825155572380E-14,3.39950534389288E-09,-4.56173151282182E-14,-5.97015325675106E-27
8.00000000000000E+00,2.50000000000000E+01,1.32737320000000E+07,-3.34295959472656E+02,-2.50000000000000E+07,1.00067132358106E-09,1.40000000000000E+08,2.50000000000000E+07,5.00335661790530E-10,9.19109421133262E-26,-1.26008399000494E-14,-5.00335661790530E-10,-9.19109421133262E-26,1.26008399000494E-14,3.39937078486230E-09,-3.88856224238683E-14,-5.97015325675106E-27
8.00000000000000E+00,2.60000000000000E+01,1.32736600000000E+07,-2.89079864501953E+02,-2.50000000000000E+07,1.00059871499525E-09,1.40000000000000E+08,2.50000000000000E+07,5.00299357497624E-10,9.19041690028978E-26,-1.08957490246994E-14,-5.00299357497624E-10,-9.19041690028978E-26,1.08957490246994E-14,3.39925843029221E-09,-3.36248803594567E-14,-5.97015325675106E-27
8.00000000000000E+00,2.70000000000000E+01,1.32735960000000E+07,-2.56418914794922E+02,-2.50000000000000E+07,1.00053509921594E-09,1.40000000000000E+08,2.50000000000000E+07,5.00267549607969E-10,9.18982525461086E-26,-9.66415295499626E-15,-5.00267549607969E-10,-9.18982525461086E-26,9.66415295499626E-15,3.39916028657683E-09,-2.98254158187256E-14,-5.97015325675106E-27
8.00000000000000E+00,2.80000000000000E+01,1.32735350000000E+07,-2.37181228637695E+02,-2.50000000000000E+07,1.00047414797189E-09,1.40000000000000E+08,2.50000000000000E+07,5.00237073985943E-10,9.18926010972798E-26,-8.93860147303718E-15,-5.00237073985943E-10,-9.18926010972798E-26,8.93860147303718E-15,3.39906591761974E-09,-2.75877394252623E-14,-5.97015325675106E-27
8.00000000000000E+00,2.90000000000000E+01,1.32730610000000E+07,0.00000000000000E+00,-2.50000000000000E+07,9.99999971718069E-10,1.40000000000000E+08,2.50000000000000E+07,4.99999985859034E-10,9.18485111682489E-26,0.00000000000000E+00,-4.99999985859034E-10,-9.18485111682489E-26,0.00000000000000E+00,3.39833339246809E-09,-7.64506403181690E-41,5.51012976947947E-40
8.00000000000000E+00,3.00000000000000E+01,1.32730610000000E+07,0.00000000000000E+00,-2.50000000000000E+07,9.99999971718069E-10,1.40000000000000E+08,2.50000000000000E+07,4.99999985859034E-10,9.18485111682489E-26,0.00000000000000E+00,-4.99999985859034E-10,-9.18485111682489E-26,0.00000000000000E+00,3.39833339246809E-09,-7.64506403181690E-41,5.51012976947947E-40
8.00000000000000E+00,3.10000000000000E+01,1.32730610000000E+07,0.00000000000000E+00,-2.50000000000000E+07,9.99999971718069E-10,1.40000000000000E+08,2.50000000000000E+07,4.99999985859034E-10,9.18485111682489E-26,0.00000000000000E+00,-4.99999985859034E-10,-9.18485111682489E-26,0.00000000000000E+00,3.39833339246809E-09,-7.64506403181690E-41,5.51012976947947E-40
9.00000000000000E+00,1.00000000000000E+00,1.32730610000000E+07,0.00000000000000E+00,-2.50000000000000E+07,9.99999971718069E-10,1.40000000000000E+08,2.50000000000000E+07,4.99999985859034E-10,9.18485111682489E-26,0.00000000000000E+00,-4.99999985859034E-10,-9.18485111682489E-26,0.00000000000000E+00,3.39833339246809E-09,-7.64506403181690E-41,1.65303893084384E-39
9.00000000000000E+00,2.00000000000000E+00,1.32730610000000E+07,0.00000000000000E+00,-2.50000000000000E+07,9.99999971718069E-10,1.40000000000000E+08,2.50000000000000E+07,4.99999985859034E-10,9.18485111682489E-26,0.00000000000000E+00,-4.99999985859034E-10,-9.18485111682489E-26,0.00000000000000E+00,3.39833339246809E-09,-7.64506403181690E-41,5.51012976947947E-40
9.00000000000000E+00,3.00000000000000E+00,1.32730610000000E+07,0.00000000000000E+00,-2.50000000000000E+07,9.99999971718069E-10,1.40000000000000E+08,2.50000000000000E+07,4.99999985859034E-10,9.18485111682489E-26,0.00000000000000E+00,-4.99999985859034E-10,-9.18485111682489E-26,0.00000000000000E+00,3.39833339246809E-09,-7.64506403181690E-41,5.51012976947947E-40
9.00000000000000E+00,4.00000000000000E+00,1.32782330000000E+07,2.48448095703125E+03,-2.50000000000000E+07,1.00518526835458E-09,1.40000000000000E+08,2.50000000000000E+07,5.02592634177290E-10,9.23190112314309E-26,9.40397594322538E-14,-5.02592634177290E-10,-9.23190112314309E-26,-9.40397594322538E-14,3.40636163720376E-09,2.90269056620746E-13,-5.97015325675106E-27
9.00000000000000E+00,5.00000000000000E+00,1.32794150000000E+07,2.99961206054688E+03,-2.50000000000000E+07,1.00637487232547E-09,1.40000000000000E+08,2.50000000000000E+07,5.03187436162733E-10,9.24270666865187E-26,1.13662158569665E-13,-5.03187436162733E-10,-9.24270666865187E-26,-1.13662158569665E-13,3.40820971445055E-09,3.51233663464443E-13,-5.97015325675106E-27
9.00000000000000E+00,6.00000000000000E+00,1.32808430000000E+07,3.91413037109375E+03,-2.50000000000000E+07,1.00781327727617E-09,1.40000000000000E+08,2.50000000000000E+07,5.03906583126934E-10,9.25570438466055E-26,1.48511357291742E-13,-5.03906583126934E-10,-9.25570438466055E-26,-1.48511357291742E-13,3.41044903429122E-09,4.59470352390245E-13,-5.97015325675106E-27
9.00000000000000E+00,7.00000000000000E+00,1.32822920000000E+07,4.96996582031250E+03,-2.50000000000000E+07,1.00927421975427E-09,1.40000000000000E+08,2.50000000000000E+07,5.04637054365986E-10,9.26887589658741E-26,1.88825016278309E-13,-5.04637054365986E-10,-9.26887589658741E-26,-1.88825016278309E-13,3.41272721193775E-09,5.84755768112677E-13,-5.97015325675106E-27
9.00000000000000E+00,8.00000000000000E+00,1.32831550000000E+07,5.35626318359375E+03,-2.50000000000000E+07,1.01014585585091E-09,1.40000000000000E+08,2.50000000000000E+07,5.05072872414303E-10,9.27679100643566E-26,2.03664206810047E-13,-5.05072872414303E-10,-9.27679100643566E-26,-2.03664206810047E-13,3.41408790127673E-09,6.31087304810152E-13,-5.97015325675106E-27
9.00000000000000E+00,9.00000000000000E+00,1.32831760000000E+07,3.67750659179688E+03,-2.50000000000000E+07,1.01016661702147E-09,1.40000000000000E+08,2.50000000000000E+07,5.05083308510734E-10,9.27737340765084E-26,1.39834568620503E-13,-5.05083308510734E-10,-9.27737340765084E-26,-1.39834568620503E-13,3.41413763926823E-09,4.32385220293027E-13,-5.97015325675106E-27
9.00000000000000E+00,1.00000000000000E+01,1.32829680000000E+07,-8.87583847045898E+01,-2.50000000000000E+07,1.00995645180291E-09,1.40000000000000E+08,2.50000000000000E+07,5.04978225901453E-10,9.27632015508285E-26,-3.37432472846048E-15,-5.04978225901453E-10,-9.27632015508285E-26,3.37432472846048E-15,3.41382766499976E-09,-1.03651862212641E-14,-5.97015325675106E-27
9.00000000000000E+00,1.10000000000000E+01,1.32829950000000E+07,-3.84511767578125E+03,-2.50000000000000E+07,1.00998376328931E-09,1.40000000000000E+08,2.50000000000000E+07,5.04991826133505E-10,9.27744489817037E-26,-1.46183371939508E-13,-5.04991826133505E-10,-9.27744489817037E-26,1.46183371939508E-13,3.41385564261998E-09,-4.51925660522462E-13,-5.97015325675106E-27
9.00000000000000E+00,1.20000000000000E+01,1.32827920000000E+07,-5.49313232421875E+03,-2.50000000000000E+07,1.00977914918587E-09,1.40000000000000E+08,2.50000000000000E+07,5.04889519081786E-10,9.27594852764078E-26,-2.08798337777635E-13,-5.04889519081786E-10,-9.27594852764078E-26,2.08798337777635E-13,3.41352257571259E-09,-6.46965120365550E-13,-5.97015325675106E-27
9.00000000000000E+00,1.30000000000000E+01,1.32817470000000E+07,-5.05027099609375E+03,-2.50000000000000E+07,1.00872499242399E-09,1.40000000000000E+08,2.50000000000000E+07,5.04362440700845E-10,9.26616233833297E-26,-1.91779521408440E-13,-5.04362440700845E-10,-9.26616233833297E-26,1.91779521408440E-13,3.41188033381457E-09,-5.93974739185321E-13,-5.97015325675106E-27
9.00000000000000E+00,1.40000000000000E+01,1.32801260000000E+07,-3.90053686523438E+03,-2.50000000000000E+07,1.00709041106484E-09,1.40000000000000E+08,2.50000000000000E+07,5.03545205532419E-10,9.25088062348464E-26,-1.47897427811572E-13,-5.03545205532419E-10,-9.25088062348464E-26,1.47897427811572E-13,3.40933370424068E-09,-4.57719094831138E-13,-5.97015325675106E-27
9.00000000000000E+00,1.50000000000000E+01,1.32785490000000E+07,-2.83353417968750E+03,-2.50000000000000E+07,1.00550345827344E-09,1.40000000000000E+08,2.50000000000000E+07,5.02751673625568E-10,9.23605558514472E-26,-1.07283112786311E-13,-5.02751673625568E-10,-9.23605558514472E-26,1.07283112786311E-13,3.40686368005549E-09,-3.31720490919646E-13,-5.97015325675106E-27
9.00000000000000E+00,1.60000000000000E+01,1.32772810000000E+07,-2.06829199218750E+03,-2.50000000000000E+07,1.00422925530808E-09,1.40000000000000E+08,2.50000000000000E+07,5.02114627654038E-10,9.22417521665258E-26,-7.82178006175291E-14,-5.02114627654038E-10,-9.22417521665258E-26,7.82178006175291E-14,3.40488393035798E-09,-2.41642616289825E-13,-5.97015325675106E-27
9.00000000000000E+00,1.70000000000000E+01,1.32763310000000E+07,-1.55863061523438E+03,-2.50000000000000E+07,1.00327568475223E-09,1.40000000000000E+08,2.50000000000000E+07,5.01637842376113E-10,9.21529806627851E-26,-5.88918765641842E-14,-5.01637842376113E-10,-9.21529806627851E-26,5.88918765641842E-14,3.40340378102155E-09,-1.81826613227659E-13,-5.97015325675106E-27
9.00000000000000E+00,1.80000000000000E+01,1.32756330000000E+07,-1.21457714843750E+03,-2.50000000000000E+07,1.00257557811290E-09,1.40000000000000E+08,2.50000000000000E+07,5.01287789056448E-10,9.20878811491769E-26,-4.58624227462311E-14,-5.01287789056448E-10,-9.20878811491769E-26,4.58624227462311E-14,3.40231820494807E-09,-1.41539151276085E-13,-5.97015325675106E-27
9.00000000000000E+00,1.90000000000000E+01,1.32751190000000E+07,-9.72322143554688E+02,-2.50000000000000E+07,1.00206032360717E-09,1.40000000000000E+08,2.50000000000000E+07,5.01030161803584E-10,9.20399948270397E-26,-3.66974280011177E-14,-5.01030161803584E-10,-9.20399948270397E-26,3.66974280011177E-14,3.40151995459337E-09,-1.13224472928896E-13,-5.97015325675106E-27
9.00000000000000E+00,2.00000000000000E+01,1.32747370000000E+07,-7.93207641601562E+02,-2.50000000000000E+07,1.00167707461907E-09,1.40000000000000E+08,2.50000000000000E+07,5.00838537309534E-10,9.20043851527400E-26,-2.99266938541629E-14,-5.00838537309534E-10,-9.20043851527400E-26,2.99266938541629E-14,3.40092642936440E-09,-9.23212108974378E-14,-5.97015325675106E-27
9.00000000000000E+00,2.10000000000000E+01,1.32744480000000E+07,-6.54996643066406E+02,-2.50000000000000E+07,1.00138808356576E-09,1.40000000000000E+08,2.50000000000000E+07,5.00694041782879E-10,9.19775145781559E-26,-2.47055776850897E-14,-5.00694041782879E-10,-9.19775145781559E-26,2.47055776850897E-14,3.40047900948548E-09,-7.62103731901179E-14,-5.97015325675106E-27
9.00000000000000E+00,2.20000000000000E+01,1.32742270000000E+07,-5.45076782226562E+02,-2.50000000000000E+07,1.00116692713925E-09,1.40000000000000E+08,2.50000000000000E+07,5.00583463569626E-10,9.19569548908135E-26,-2.05553534127689E-14,-5.00583463569626E-10,-9.19569548908135E-26,2.05553534127689E-14,3.40013683874929E-09,-6.34082494626806E-14,-5.97015325675106E-27
9.00000000000000E+00,2.30000000000000E+01,1.32740560000000E+07,-4.56233276367188E+02,-2.50000000000000E+07,1.00099561972655E-09,1.40000000000000E+08,2.50000000000000E+07,5.00497809863276E-10,9.19410112723619E-26,-1.72022599886478E-14,-5.00497809863276E-10,-9.19410112723619E-26,1.72022599886478E-14,3.39987193953561E-09,-5.30669123010793E-14,-5.97015325675106E-27
9.00000000000000E+00,2.40000000000000E+01,1.32739220000000E+07,-3.84279541015625E+02,-2.50000000000000E+07,1.00086128274057E-09,1.40000000000000E+08,2.50000000000000E+07,5.00430641370286E-10,9.19285004314432E-26,-1.44874482419302E-14,-5.00430641370286E-10,-9.19285004314432E-26,1.44874482419302E-14,3.39966410578540E-09,-4.46947844403092E-14,-5.97015325675106E-27
9.00000000000000E+00,2.50000000000000E+01,1.32738150000000E+07,-3.26806030273438E+02,-2.50000000000000E+07,1.00075414621870E-09,1.40000000000000E+08,2.50000000000000E+07,5.00377073109348E-10,9.19185348995389E-26,-1.23194614842022E-14,-5.00377073109348E-10,-9.19185348995389E-26,1.23194614842022E-14,3.39949868255474E-09,-3.80091838808171E-14,-5.97015325675106E-27
9.00000000000000E+00,2.60000000000000E+01,1.32737280000000E+07,-2.82577423095703E+02,-2.50000000000000E+07,1.00066666064436E-09,1.40000000000000E+08,2.50000000000000E+07,5.00333330322178E-10,9.19103936084780E-26,-1.06513342796374E-14,-5.00333330322178E-10,-9.19103936084780E-26,1.06513342796374E-14,3.39936345739034E-09,-3.28651934497232E-14,-5.97015325675106E-27
9.00000000000000E+00,2.70000000000000E+01,1.32736530000000E+07,-2.51318466186523E+02,-2.50000000000000E+07,1.00059172059019E-09,1.40000000000000E+08,2.50000000000000E+07,5.00295860295097E-10,9.19034417717508E-26,-9.47241857705578E-15,-5.00295860295097E-10,-9.19034417717508E-26,9.47241857705578E-15,3.39924755010657E-09,-2.92301786616357E-14,-5.97015325675106E-27
9.00000000000000E+00,2.80000000000000E+01,1.32735830000000E+07,-2.33781066894531E+02,-2.50000000000000E+07,1.00052166551734E-09,1.40000000000000E+08,2.50000000000000E+07,5.00260832758670E-10,9.18969644841618E-26,-8.81084772876755E-15,-5.00260832758670E-10,-9.18969644841618E-26,8.81084772876755E-15,3.39913919233936E-09,-2.71912958186953E-14,-5.97015325675106E-27
9.00000000000000E+00,2.90000000000000E+01,1.32730610000000E+07,0.00000000000000E+00,-2.50000000000000E+07,9.99999971718069E-10,1.40000000000000E+08,2.50000000000000E+07,4.99999985859034E-10,9.18485111682489E-26,0.00000000000000E+00,-4.99999985859034E-10,-9.18485111682489E-26,0.00000000000000E+00,3.39833339246809E-09,-7.64506403181690E-41,5.51012976947947E-40
9.00000000000000E+00,3.00000000000000E+01,1.32730610000000E+07,0.00000000000000E+00,-2.50000000000000E+07,9.99999971718069E-10,1.40000000000000E+08,2.50000000000000E+07,4.99999985859034E-10,9.18485111682489E-26,0.00000000000000E+00,-4.99999985859034E-10,-9.18485111682489E-26,0.00000000000000E+00,3.39833339246809E-09,-7.64506403181690E-41,5.51012976947947E-40
9.00000000000000E+00,3.10000000000000E+01,1.32730610000000E+07,0.00000000000000E+00,-2.50000000000000E+07,9.99999971718069E-10,1.40000000000000E+08,2.50000000000000E+07,4.99999985859034E-10,9.18485111682489E-26,0.00000000000000E+00,-4.99999985859034E-10,-9.18485111682489E-26,0.00000000000000E+00,3.39833339246809E-09,-7.64506403181690E-41,5.51012976947947E-40
1.00000000000000E+01,1.00000000000000E+00,1.32730610000000E+07,0.00000000000000E+00,-2.50000000000000E+07,9.99999971718069E-10,1.40000000000000E+08,2.50000000000000E+07,4.99999985859034E-10,9.18485111682489E-26,0.00000000000000E+00,-4.99999985859034E-10,-9.18485111682489E-26,0.00000000000000E+00,3.39833339246809E-09,-7.64506403181690E-41,1.65303893084384E-39
1.00000000000000E+01,2.00000000000000E+00,1.32730610000000E+07,0.00000000000000E+00,-2.50000000000000E+07,9.99999971718069E-10,1.40000000000000E+08,2.50000000000000E+07,4.99999985859034E-10,9.18485111682489E-26,0.00000000000000E+00,-4.99999985859034E-10,-9.18485111682489E-26,0.00000000000000E+00,3.39833339246809E-09,-7.64506403181690E-41,5.51012976947947E-40
1.00000000000000E+01,3.00000000000000E+00,1.32730610000000E+07,0.00000000000000E+00,-2.50000000000000E+07,9.99999971718069E-10,1.40000000000000E+08,2.50000000000000E+07,4.99999985859034E-10,9.18485111682489E-26,0.00000000000000E+00,-4.99999985859034E-10,-9.18485111682489E-26,0.00000000000000E+00,3.39833339246809E-09,-7.64506403181690E-41,5.51012976947947E-40
1.00000000000000E+01,4.00000000000000E+00,1.32801180000000E+07,2.70017041015625E+03,-2.50000000000000E+07,1.00708230643676E-09,1.40000000000000E+08,2.50000000000000E+07,5.03541097707227E-10,9.24927331939025E-26,1.02382132719653E-13,-5.03541097707227E-10,-9.24927331939025E-26,-1.02382132719653E-13,3.40929173781035E-09,3.15607213757438E-13,-5.97015325675106E-27
1.00000000000000E+01,5.00000000000000E+00,1.32823770000000E+07,3.53174951171875E+03,-2.50000000000000E+07,1.00935937386026E-09,1.40000000000000E+08,2.50000000000000E+07,5.04679631418981E-10,9.26999324410395E-26,1.34193017483665E-13,-5.04679631418981E-10,-9.26999324410395E-26,-1.34193017483665E-13,3.41282513360852E-09,4.13969043506351E-13,-5.97015325675106E-27
1.00000000000000E+01,6.00000000000000E+00,1.32858710000000E+07,5.32020996093750E+03,-2.50000000000000E+07,1.01289354681455E-09,1.40000000000000E+08,2.50000000000000E+07,5.06446717896125E-10,9.30203332280756E-26,2.02802117005123E-13,-5.06446717896125E-10,-9.30203332280756E-26,-2.02802117005123E-13,3.41831873917897E-09,6.26251329439997E-13,-5.97015325675106E-27
1.00000000000000E+01,7.00000000000000E+00,1.32911690000000E+07,7.94657421875000E+03,-2.50000000000000E+07,1.01827546394873E-09,1.40000000000000E+08,2.50000000000000E+07,5.09137676463212E-10,9.35084285872295E-26,3.04405128491100E-13,-5.09137676463212E-10,-9.35084285872295E-26,-3.04405128491100E-13,3.42670447572857E-09,9.38899132052473E-13,-5.97015325675106E-27
1.00000000000000E+01,8.00000000000000E+00,1.32983370000000E+07,9.25122070312500E+03,-2.50000000000000E+07,1.02560093750981E-09,1.40000000000000E+08,2.50000000000000E+07,5.12800302221450E-10,9.41780482362457E-26,3.56738537364912E-13,-5.12800302221450E-10,-9.41780482362457E-26,-3.56738537364912E-13,3.43814621217575E-09,1.09436450786843E-12,-5.97015325675106E-27
1.00000000000000E+01,9.00000000000000E+00,1.33053950000000E+07,6.57954101562500E+03,-2.50000000000000E+07,1.03286401653691E-09,1.40000000000000E+08,2.50000000000000E+07,5.16431952757301E-10,9.48513718337309E-26,2.55376476259242E-13,-5.16431952757301E-10,-9.48513718337309E-26,-2.55376476259242E-13,3.44947337360679E-09,7.80863654986641E-13,-5.97015325675106E-27
1.00000000000000E+01,1.00000000000000E+01,1.33083750000000E+07,-7.64955062866211E+01,-2.50000000000000E+07,1.03594444134103E-09,1.40000000000000E+08,2.50000000000000E+07,5.17972220670515E-10,9.51501282496801E-26,-2.97726405839140E-15,-5.17972220670515E-10,-9.51501282496801E-26,2.97726405839140E-15,3.45425998915516E-09,-9.04594002921208E-15,-5.97015325675106E-27
1.00000000000000E+01,1.10000000000000E+01,1.33051690000000E+07,-6.72200537109375E+03,-2.50000000000000E+07,1.03263075867943E-09,1.40000000000000E+08,2.50000000000000E+07,5.16315323828564E-10,9.48615530697890E-26,-2.60851561705022E-13,-5.16315323828564E-10,-9.48615530697890E-26,2.60851561705022E-13,3.44911743610510E-09,-7.97589533481358E-13,-5.97015325675106E-27
1.00000000000000E+01,1.20000000000000E+01,1.32978840000000E+07,-9.36095703125000E+03,-2.50000000000000E+07,1.02513664224091E-09,1.40000000000000E+08,2.50000000000000E+07,5.12568210098152E-10,9.41793424611683E-26,-3.60818986451170E-13,-5.12568210098152E-10,-9.41793424611683E-26,3.60818986451170E-13,3.43743544739539E-09,-1.10700977464656E-12,-5.97015325675106E-27
1.00000000000000E+01,1.30000000000000E+01,1.32904880000000E+07,-7.99683056640625E+03,-2.50000000000000E+07,1.01758235171445E-09,1.40000000000000E+08,2.50000000000000E+07,5.08791120346075E-10,9.34821558213001E-26,-3.06137466722298E-13,-5.08791120346075E-10,-9.34821558213001E-26,3.06137466722298E-13,3.42563999389256E-09,-9.44439947254960E-13,-5.97015325675106E-27
1.00000000000000E+01,1.40000000000000E+01,1.32849670000000E+07,-5.27243066406250E+03,-2.50000000000000E+07,1.01197772384154E-09,1.40000000000000E+08,2.50000000000000E+07,5.05988861920770E-10,9.29609406300787E-26,-2.00812782201465E-13,-5.05988861920770E-10,-9.29609406300787E-26,2.00812782201465E-13,3.41690875593770E-09,-6.20338090791261E-13,-5.97015325675106E-27
1.00000000000000E+01,1.50000000000000E+01,1.32812710000000E+07,-3.32441674804688E+03,-2.50000000000000E+07,1.00824393278742E-09,1.40000000000000E+08,2.50000000000000E+07,5.04121966393711E-10,9.26134289124013E-26,-1.26186076019642E-13,-5.04121966393711E-10,-9.26134289124013E-26,1.26186076019642E-13,3.41110517609877E-09,-3.89493071042274E-13,-5.97015325675106E-27
1.00000000000000E+01,1.60000000000000E+01,1.32788810000000E+07,-2.23038500976562E+03,-2.50000000000000E+07,1.00583696927004E-09,1.40000000000000E+08,2.50000000000000E+07,5.02918484635018E-10,9.23898053346986E-26,-8.44726171607066E-14,-5.02918484635018E-10,-9.23898053346986E-26,8.44726171607066E-14,3.40736949766551E-09,-2.60595283416501E-13,-5.97015325675106E-27
1.00000000000000E+01,1.70000000000000E+01,1.32773260000000E+07,-1.60221142578125E+03,-2.50000000000000E+07,1.00427455240748E-09,1.40000000000000E+08,2.50000000000000E+07,5.02137276203740E-10,9.22448274914610E-26,-6.05942772628938E-14,-5.02137276203740E-10,-9.22448274914610E-26,6.05942772628938E-14,3.40494699102578E-09,-1.86861688774263E-13,-5.97015325675106E-27
1.00000000000000E+01,1.80000000000000E+01,1.32762860000000E+07,-1.21589929199219E+03,-2.50000000000000E+07,1.00322972151901E-09,1.40000000000000E+08,2.50000000000000E+07,5.01614860759503E-10,9.21479701634418E-26,-4.59400448455174E-14,-5.01614860759503E-10,-9.21479701634418E-26,4.59400448455174E-14,3.40332850790048E-09,-1.41636214475577E-13,-5.97015325675106E-27
1.00000000000000E+01,1.90000000000000E+01,1.32755670000000E+07,-9.58800781250000E+02,-2.50000000000000E+07,1.00250907575372E-09,1.40000000000000E+08,2.50000000000000E+07,5.01254537876861E-10,9.20811819944584E-26,-3.62020899098269E-14,-5.01254537876861E-10,-9.20811819944584E-26,3.62020899098269E-14,3.40221273376073E-09,-1.11601551025693E-13,-5.97015325675106E-27
1.00000000000000E+01,2.00000000000000E+01,1.32750560000000E+07,-7.74566772460938E+02,-2.50000000000000E+07,1.00199692987246E-09,1.40000000000000E+08,2.50000000000000E+07,5.00998464936231E-10,9.20337085917012E-26,-2.92320218053289E-14,-5.00998464936231E-10,-9.20337085917012E-26,2.92320218053289E-14,3.40142003452115E-09,-9.01147171748946E-14,-5.97015325675106E-27
1.00000000000000E+01,2.10000000000000E+01,1.32746830000000E+07,-6.34916198730469E+02,-2.50000000000000E+07,1.00162300675777E-09,1.40000000000000E+08,2.50000000000000E+07,5.00811503378884E-10,9.19990480156781E-26,-2.39533649940829E-14,-5.00811503378884E-10,-9.19990480156781E-26,2.39533649940829E-14,3.40084160832532E-09,-7.38473681077129E-14,-5.97015325675106E-27
1.00000000000000E+01,2.20000000000000E+01,1.32744040000000E+07,-5.25192260742188E+02,-2.50000000000000E+07,1.00134400771168E-09,1.40000000000000E+08,2.50000000000000E+07,5.00672003855840E-10,9.19731696802013E-26,-1.98087277510821E-14,-5.00672003855840E-10,-9.19731696802013E-26,1.98087277510821E-14,3.40041017565795E-09,-6.10765507180061E-14,-5.97015325675106E-27
1.00000000000000E+01,2.30000000000000E+01,1.32741930000000E+07,-4.37456695556641E+02,-2.50000000000000E+07,1.00113195511398E-09,1.40000000000000E+08,2.50000000000000E+07,5.00565977556988E-10,9.19534912984016E-26,-1.64963664473286E-14,-5.00565977556988E-10,-9.19534912984016E-26,1.64963664473286E-14,3.40008243782108E-09,-5.08702644895151E-14,-5.97015325675106E-27
1.00000000000000E+01,2.40000000000000E+01,1.32740290000000E+07,-3.67205047607422E+02,-2.50000000000000E+07,1.00096830824015E-09,1.40000000000000E+08,2.50000000000000E+07,5.00484154120073E-10,9.19382934000244E-26,-1.38451041945117E-14,-5.00484154120073E-10,-9.19382934000244E-26,1.38451041945117E-14,3.39982930697147E-09,-4.27004453659990E-14,-5.97015325675106E-27
1.00000000000000E+01,2.50000000000000E+01,1.32739010000000E+07,-3.11834045410156E+02,-2.50000000000000E+07,1.00083985543620E-09,1.40000000000000E+08,2.50000000000000E+07,5.00419927718099E-10,9.19263742047846E-26,-1.17559999210956E-14,-5.00419927718099E-10,-9.19263742047846E-26,1.17559999210956E-14,3.39963102113927E-09,-3.62623749387489E-14,-5.97015325675106E-27
1.00000000000000E+01,2.60000000000000E+01,1.32737980000000E+07,-2.69958465576172E+02,-2.50000000000000E+07,1.00073660469491E-09,1.40000000000000E+08,2.50000000000000E+07,5.00368302347454E-10,9.19167907773813E-26,-1.01763385316079E-14,-5.00368302347454E-10,-9.19167907773813E-26,1.01763385316079E-14,3.39947137106833E-09,-3.13941174489088E-14,-5.97015325675106E-27
1.00000000000000E+01,2.70000000000000E+01,1.32737110000000E+07,-2.41170028686523E+02,-2.50000000000000E+07,1.00064978525438E-09,1.40000000000000E+08,2.50000000000000E+07,5.00324892627191E-10,9.19087480939336E-26,-9.09040248267936E-15,-5.00324892627191E-10,-9.19087480939336E-26,9.09040248267936E-15,3.39933725612696E-09,-2.80478748272651E-14,-5.97015325675106E-27
1.00000000000000E+01,2.80000000000000E+01,1.32736310000000E+07,-2.26077835083008E+02,-2.50000000000000E+07,1.00057018226352E-09,1.40000000000000E+08,2.50000000000000E+07,5.00285091131758E-10,9.19014018267537E-26,-8.52090665685650E-15,-5.00285091131758E-10,-9.19014018267537E-26,8.52090665685650E-15,3.39921424341583E-09,-2.62944268409563E-14,-5.97015325675106E-27
1.00000000000000E+01,2.90000000000000E+01,1.32730610000000E+07,0.00000000000000E+00,-2.50000000000000E+07,9.99999971718069E-10,1.40000000000000E+08,2.50000000000000E+07,4.99999985859034E-10,9.18485111682489E-26,0.00000000000000E+00,-4.99999985859034E-10,-9.18485111682489E-26,0.00000000000000E+00,3.39833339246809E-09,-7.64506403181690E-41,5.51012976947947E-40
1.00000000000000E+01,3.00000000000000E+01,1.32730610000000E+07,0.00000000000000E+00,-2.50000000000000E+07,9.99999971718069E-10,1.40000000000000E+08,2.50000000000000E+07,4.99999985859034E-10,9.18485111682489E-26,0.00000000000000E+00,-4.99999985859034E-10,-9.18485111682489E-26,0.00000000000000E+00,3.39833339246809E-09,-7.64506403181690E-41,5.51012976947947E-40
1.00000000000000E+01,3.10000000000000E+01,1.32730610000000E+07,0.00000000000000E+00,-2.50000000000000E+07,9.99999971718069E-10,1.40000000000000E+08,2.50000000000000E+07,4.99999985859034E-10,9.18485111682489E-26,0.00000000000000E+00,-4.99999985859034E-10,-9.18485111682489E-26,0.00000000000000E+00,3.39833339246809E-09,-7.64506403181690E-41,5.51012976947947E-40
1.10000000000000E+01,1.00000000000000E+00,1.32730610000000E+07,0.00000000000000E+00,-2.50000000000000E+07,9.99999971718069E-10,1.40000000000000E+08,2.50000000000000E+07,4.99999985859034E-10,9.18485111682489E-26,0.00000000000000E+00,-4.99999985859034E-10,-9.18485111682489E-26,0.00000000000000E+00,3.39833339246809E-09,-7.64506403181690E-41,5.51012976947947E-40
1.10000000000000E+01,2.00000000000000E+00,1.32730610000000E+07,0.00000000000000E+00,-2.50000000000000E+07,9.99999971718069E-10,1.40000000000000E+08,2.50000000000000E+07,4.99999985859034E-10,9.18485111682489E-26,0.00000000000000E+00,-4.99999985859034E-10,-9.18485111682489E-26,0.00000000000000E+00,3.39833339246809E-09,-7.64506403181690E-41,5.51012976947947E-40
1.10000000000000E+01,3.00000000000000E+00,1.32730610000000E+07,0.00000000000000E+00,-2.50000000000000E+07,9.99999971718069E-10,1.40000000000000E+08,2.50000000000000E+07,4.99999985859034E-10,9.18485111682489E-26,0.00000000000000E+00,-4.99999985859034E-10,-9.18485111682489E-26,0.00000000000000E+00,3.39833339246809E-09,-7.64506403181690E-41,5.51012976947947E-40
1.10000000000000E+01,4.00000000000000E+00,1.32822640000000E+07,2.67211157226562E+03,-2.50000000000000E+07,1.00924557600024E-09,1.40000000000000E+08,2.50000000000000E+07,5.04622788000120E-10,9.26914891641633E-26,1.01519466932324E-13,-5.04622788000120E-10,-9.26914891641633E-26,-1.01519466932324E-13,3.41262684777632E-09,3.12348860968467E-13,-5.97015325675106E-27
1.10000000000000E+01,5.00000000000000E+00,1.32860150000000E+07,3.60165405273438E+03,-2.50000000000000E+07,1.01303909705308E-09,1.40000000000000E+08,2.50000000000000E+07,5.06519493015389E-10,9.30377189828696E-26,1.37310396885158E-13,-5.06519493015389E-10,-9.30377189828696E-26,-1.37310396885158E-13,3.41849770713054E-09,4.22218385471088E-13,-5.97015325675106E-27
1.10000000000000E+01,6.00000000000000E+00,1.32932990000000E+07,6.18270312500000E+03,-2.50000000000000E+07,1.02044550587266E-09,1.40000000000000E+08,2.50000000000000E+07,5.10222697425178E-10,9.37118622561392E-26,2.37304181296624E-13,-5.10222697425178E-10,-9.37118622561392E-26,-2.37304181296624E-13,3.42998718316778E-09,7.29972072371909E-13,-5.97015325675106E-27
1.10000000000000E+01,7.00000000000000E+00,1.33059710000000E+07,9.92294433593750E+03,-2.50000000000000E+07,1.03346087243494E-09,1.40000000000000E+08,2.50000000000000E+07,5.16730325195169E-10,9.48982227759301E-26,3.85352286105117E-13,-5.16730325195169E-10,-9.48982227759301E-26,-3.85352286105117E-13,3.45006423430050E-09,1.17529336957078E-12,-5.97015325675106E-27
1.10000000000000E+01,8.00000000000000E+00,1.34069800000000E+07,6.96155078125000E+04,-2.50000000000000E+07,1.14350673374730E-09,1.40000000000000E+08,2.50000000000000E+07,5.71745650823630E-10,1.04846196362050E-25,2.96877951909413E-12,-5.71745650823630E-10,-1.04846196362050E-25,-2.96877951909413E-12,3.62094754180475E-09,9.07833270363811E-12,-5.97015325675106E-27
1.10000000000000E+01,9.00000000000000E+00,1.33602260000000E+07,8.16507812500000E+04,-2.50000000000000E+07,1.09134878911732E-09,1.40000000000000E+08,2.50000000000000E+07,5.45664236017984E-10,1.00032690377908E-25,3.33481701454696E-12,-5.45664236017984E-10,-1.00032690377908E-25,-3.33481701454696E-12,3.53104989692099E-09,9.93491833939375E-12,-5.97015325675106E-27
1.10000000000000E+01,1.00000000000000E+01,1.34051880000000E+07,-8.09832458496094E+01,-2.50000000000000E+07,1.14125331407422E-09,1.40000000000000E+08,2.50000000000000E+07,5.70626657037110E-10,1.04822629142507E-25,-3.44726252379031E-15,-5.70626657037110E-10,-1.04822629142507E-25,3.44726252379031E-15,3.62470631287692E-09,-9.45345774453149E-15,-5.97015325675106E-27
1.10000000000000E+01,1.10000000000000E+01,1.33599860000000E+07,-8.17560000000000E+04,-2.50000000000000E+07,1.09108710955041E-09,1.40000000000000E+08,2.50000000000000E+07,5.45533340723381E-10,1.00417266232179E-25,-3.33837363135359E-12,-5.45533340723381E-10,-1.00417266232179E-25,3.33837363135359E-12,3.53064599778463E-09,-9.94623567535102E-12,-5.97015325675106E-27
1.10000000000000E+01,1.20000000000000E+01,1.34063980000000E+07,-6.96628281250000E+04,-2.50000000000000E+07,1.14284126606634E-09,1.40000000000000E+08,2.50000000000000E+07,5.71412916983149E-10,1.05148662889444E-25,-2.96919737061141E-12,-5.71412916983149E-10,-1.05148662889444E-25,2.96919737061141E-12,3.61998075959491E-09,-9.08187240689085E-12,-5.97015325675106E-27
1.10000000000000E+01,1.30000000000000E+01,1.33051420000000E+07,-9.92929101562500E+03,-2.50000000000000E+07,1.03260511252756E-09,1.40000000000000E+08,2.50000000000000E+07,5.16302389730328E-10,9.48668100881651E-26,-3.85303415692193E-13,-5.16302389730328E-10,-9.48668100881651E-26,3.85303415692193E-13,3.44875816793433E-09,-1.17547172082816E-12,-5.97015325675106E-27
1.10000000000000E+01,1.40000000000000E+01,1.32921940000000E+07,-6.08507763671875E+03,-2.50000000000000E+07,1.01931807439115E-09,1.40000000000000E+08,2.50000000000000E+07,5.09658981684424E-10,9.36371176853695E-26,-2.33318464375187E-13,-5.09658981684424E-10,-9.36371176853695E-26,2.33318464375187E-13,3.42825723365081E-09,-7.18015328183413E-13,-5.97015325675106E-27
1.10000000000000E+01,1.50000000000000E+01,1.32846530000000E+07,-3.33562133789062E+03,-2.50000000000000E+07,1.01165997801189E-09,1.40000000000000E+08,2.50000000000000E+07,5.05829933494795E-10,9.29272353153079E-26,-1.27007996134076E-13,-5.05829933494795E-10,-9.29272353153079E-26,1.27007996134076E-13,3.41637518275206E-09,-3.90726378118531E-13,-5.97015325675106E-27
1.10000000000000E+01,1.60000000000000E+01,1.32807200000000E+07,-2.13039208984375E+03,-2.50000000000000E+07,1.00768882127511E-09,1.40000000000000E+08,2.50000000000000E+07,5.03844410637555E-10,9.25596631113299E-26,-8.08228877162594E-14,-5.03844410637555E-10,-9.25596631113299E-26,8.08228877162594E-14,3.41022654559708E-09,-2.48795992488504E-13,-5.97015325675106E-27
1.10000000000000E+01,1.70000000000000E+01,1.32784130000000E+07,-1.49990991210938E+03,-2.50000000000000E+07,1.00536667879680E-09,1.40000000000000E+08,2.50000000000000E+07,5.02683339398402E-10,9.23449080558351E-26,-5.67823613378381E-14,-5.02683339398402E-10,-9.23449080558351E-26,5.67823613378381E-14,3.40663164344335E-09,-1.74799966710416E-13,-5.97015325675106E-27
1.10000000000000E+01,1.80000000000000E+01,1.32769790000000E+07,-1.13517785644531E+03,-2.50000000000000E+07,1.00392583135545E-09,1.40000000000000E+08,2.50000000000000E+07,5.01962915677723E-10,9.22117199853450E-26,-4.29176822119154E-14,-5.01962915677723E-10,-9.22117199853450E-26,4.29176822119154E-14,3.40440209356530E-09,-1.32134619001620E-13,-5.97015325675106E-27
1.10000000000000E+01,1.90000000000000E+01,1.32760360000000E+07,-8.95985900878906E+02,-2.50000000000000E+07,1.00297892213774E-09,1.40000000000000E+08,2.50000000000000E+07,5.01489461068871E-10,9.21241934027204E-26,-3.38450038936573E-14,-5.01489461068871E-10,-9.21241934027204E-26,3.38450038936573E-14,3.40293726530660E-09,-1.04220051913659E-13,-5.97015325675106E-27
1.10000000000000E+01,2.00000000000000E+01,1.32753860000000E+07,-7.23876464843750E+02,-2.50000000000000E+07,1.00232799837841E-09,1.40000000000000E+08,2.50000000000000E+07,5.01163999189203E-10,9.20639996178665E-26,-2.73273242278266E-14,-5.01163999189203E-10,-9.20639996178665E-26,2.73273242278266E-14,3.40193051506787E-09,-8.41698875853579E-14,-5.97015325675106E-27
1.10000000000000E+01,2.10000000000000E+01,1.32749230000000E+07,-5.92318786621094E+02,-2.50000000000000E+07,1.00186392515411E-09,1.40000000000000E+08,2.50000000000000E+07,5.00931962577056E-10,9.20210806542419E-26,-2.23512699369871E-14,-5.00931962577056E-10,-9.20210806542419E-26,2.23512699369871E-14,3.40121308894936E-09,-6.88614069195223E-14,-5.97015325675106E-27
1.10000000000000E+01,2.20000000000000E+01,1.32745840000000E+07,-4.88502716064453E+02,-2.50000000000000E+07,1.00152386384167E-09,1.40000000000000E+08,2.50000000000000E+07,5.00761931920835E-10,9.19896063367187E-26,-1.84279657912357E-14,-5.00761931920835E-10,-9.19896063367187E-26,1.84279657912357E-14,3.40068750936950E-09,-5.67891951996566E-14,-5.97015325675106E-27
1.10000000000000E+01,2.30000000000000E+01,1.32743300000000E+07,-4.05615692138672E+02,-2.50000000000000E+07,1.00126928970212E-09,1.40000000000000E+08,2.50000000000000E+07,5.00634644851061E-10,9.19660267912236E-26,-1.52975912102657E-14,-5.00634644851061E-10,-9.19660267912236E-26,1.52975912102657E-14,3.40029404632958E-09,-4.71542022009025E-14,-5.97015325675106E-27
1.10000000000000E+01,2.40000000000000E+01,1.32741360000000E+07,-3.39714355468750E+02,-2.50000000000000E+07,1.00107533373972E-09,1.40000000000000E+08,2.50000000000000E+07,5.00537666869860E-10,9.19480555537265E-26,-1.28098596793445E-14,-5.00537666869860E-10,-9.19480555537265E-26,1.28098596793445E-14,3.39999450815753E-09,-3.94950694056814E-14,-5.97015325675106E-27
1.10000000000000E+01,2.50000000000000E+01,1.32739860000000E+07,-2.88420867919922E+02,-2.50000000000000E+07,1.00092500954219E-09,1.40000000000000E+08,2.50000000000000E+07,5.00462504771093E-10,9.19341333913445E-26,-1.08741886480600E-14,-5.00462504771093E-10,-9.19341333913445E-26,1.08741886480600E-14,3.39976224950078E-09,-3.35342715510230E-14,-5.97015325675106E-27
1.10000000000000E+01,2.60000000000000E+01,1.32738670000000E+07,-2.50400329589844E+02,-2.50000000000000E+07,1.00080566056704E-09,1.40000000000000E+08,2.50000000000000E+07,5.00402830283520E-10,9.19230893386714E-26,-9.43967905957851E-15,-5.00402830283520E-10,-9.19230893386714E-26,9.43967905957851E-15,3.39957795247869E-09,-2.91163340453929E-14,-5.97015325675106E-27
1.10000000000000E+01,2.70000000000000E+01,1.32737680000000E+07,-2.25197967529297E+02,-2.50000000000000E+07,1.00070685071785E-09,1.40000000000000E+08,2.50000000000000E+07,5.00353425358924E-10,9.19139558085032E-26,-8.48881596661683E-15,-5.00353425358924E-10,-9.19139558085032E-26,8.48881596661683E-15,3.39942518579051E-09,-2.61884765717819E-14,-5.97015325675106E-27
1.10000000000000E+01,2.80000000000000E+01,1.32736790000000E+07,-2.13289596557617E+02,-2.50000000000000E+07,1.00061769980897E-09,1.40000000000000E+08,2.50000000000000E+07,5.00308849904485E-10,9.19057405617324E-26,-8.03926932348761E-15,-5.00308849904485E-10,-9.19057405617324E-26,8.03926932348761E-15,3.39928751813545E-09,-2.48062407746073E-14,-5.97015325675106E-27
1.10000000000000E+01,2.90000000000000E+01,1.32730610000000E+07,0.00000000000000E+00,-2.50000000000000E+07,9.99999971718069E-10,1.40000000000000E+08,2.50000000000000E+07,4.99999985859034E-10,9.18485111682489E-26,0.00000000000000E+00,-4.99999985859034E-10,-9.18485111682489E-26,0.00000000000000E+00,3.39833339246809E-09,-7.64506403181690E-41,5.51012976947947E-40
1.10000000000000E+01,3.00000000000000E+01,1.32730610000000E+07,0.00000000000000E+00,-2.50000000000000E+07,9.99999971718069E-10,1.40000000000000E+08,2.50000000000000E+07,4.99999985859034E-10,9.18485111682489E-26,0.00000000000000E+00,-4.99999985859034E-10,-9.18485111682489E-26,0.00000000000000E+00,3.39833339246809E-09,-7.64506403181690E-41,5.51012976947947E-40
1.10000000000000E+01,3.10000000000000E+01,1.32730610000000E+07,0.00000000000000E+00,-2.50000000000000E+07,9.99999971718069E-10,1.40000000000000E+08,2.50000000000000E+07,4.99999985859034E-10,9.18485111682489E-26,0.00000000000000E+00,-4.99999985859034E-10,-9.18485111682489E-26,0.00000000000000E+00,3.39833339246809E-09,-7.64506403181690E-41,1.65303893084384E-39
1.20000000000000E+01,1.00000000000000E+00,1.32730610000000E+07,0.00000000000000E+00,-2.50000000000000E+07,9.99999971718069E-10,1.40000000000000E+08,2.50000000000000E+07,4.99999985859034E-10,9.18485111682489E-26,0.00000000000000E+00,-4.99999985859034E-10,-9.18485111682489E-26,0.00000000000000E+00,3.39833339246809E-09,-7.64506403181690E-41,1.65303893084384E-39
1.20000000000000E+01,2.00000000000000E+00,1.32730610000000E+07,0.00000000000000E+00,-2.50000000000000E+07,9.99999971718069E-10,1.40000000000000E+08,2.50000000000000E+07,4.99999985859034E-10,9.18485111682489E-26,0.00000000000000E+00,-4.99999985859034E-10,-9.18485111682489E-26,0.00000000000000E+00,3.39833339246809E-09,-7.64506403181690E-41,5.51012976947947E-40
1.20000000000000E+01,3.00000000000000E+00,1.32730610000000E+07,0.00000000000000E+00,-2.50000000000000E+07,9.99999971718069E-10,1.40000000000000E+08,2.50000000000000E+07,4.99999985859034E-10,9.18485111682489E-26,0.00000000000000E+00,-4.99999985859034E-10,-9.18485111682489E-26,0.00000000000000E+00,3.39833339246809E-09,-7.64506403181690E-41,5.51012976947947E-40
1.20000000000000E+01,4.00000000000000E+00,1.32844150000000E+07,2.29996240234375E+03,-2.50000000000000E+07,1.01141872654864E-09,1.40000000000000E+08,2.50000000000000E+07,5.05709363274320E-10,9.28919461157509E-26,8.75546719001676E-14,-5.05709363274320E-10,-9.28919461157509E-26,-8.75546719001676E-14,3.41596839703584E-09,2.68662425206151E-13,-5.97015325675106E-27
1.20000000000000E+01,5.00000000000000E+00,1.32896470000000E+07,2.90625073242188E+03,-2.50000000000000E+07,1.01672414931642E-09,1.40000000000000E+08,2.50000000000000E+07,5.08362019147057E-10,9.33777858257539E-26,1.11171319274860E-13,-5.08362019147057E-10,-9.33777858257539E-26,-1.11171319274860E-13,3.42414696596904E-09,3.40380555772374E-13,-5.97015325675106E-27
1.20000000000000E+01,6.00000000000000E+00,1.33021820000000E+07,5.09405224609375E+03,-2.50000000000000E+07,1.02955033387531E-09,1.40000000000000E+08,2.50000000000000E+07,5.14775166937653E-10,9.45505877987363E-26,1.97132430821909E-13,-5.14775166937653E-10,-9.45505877987363E-26,-1.97132430821909E-13,3.44399353480185E-09,6.01059404071319E-13,-5.97015325675106E-27
1.20000000000000E+01,7.00000000000000E+00,1.33218210000000E+07,8.50546582031250E+03,-2.50000000000000E+07,1.04997133210105E-09,1.40000000000000E+08,2.50000000000000E+07,5.24985555028223E-10,9.64177599316362E-26,3.35182917662533E-13,-5.24985555028223E-10,-9.64177599316362E-26,-3.35182917662533E-13,3.47494433228235E-09,1.00908821229484E-12,-5.97015325675106E-27
1.20000000000000E+01,8.00000000000000E+00,1.36159060000000E+07,7.36633828125000E+04,-2.50000000000000E+07,1.40923051006325E-09,1.40000000000000E+08,2.50000000000000E+07,7.04604985468649E-10,1.29200415592051E-25,3.81198198007304E-12,-7.04604985468649E-10,-1.29200415592051E-25,-3.81198198007304E-12,4.00609234674221E-09,1.06009636832716E-11,-5.97015325675106E-27
1.20000000000000E+01,9.00000000000000E+00,2.06063520000000E+07,8.83580234375000E+04,-2.50000000000000E+07,3.90461683273315E-02,5.54503640000000E+07,2.50000000000000E+07,1.95229034870863E-02,3.58117341011054E-18,8.37123079691082E-05,-1.95229034870863E-02,-3.58117341011054E-18,-8.37123079691082E-05,1.10636338591576E-01,2.19763969653286E-04,-1.79104597124100E-19
1.20000000000000E+01,1.00000000000000E+01,2.04689820000000E+07,-5.55260353088379E+01,-2.50000000000000E+07,5.34120574593544E-02,4.41071520000000E+07,2.50000000000000E+07,2.67060287296772E-02,4.90582251100449E-18,-7.24452178246793E-08,-2.67060287296772E-02,-4.90582251100449E-18,7.24452178246793E-08,1.40147820115089E-01,-1.70566835322461E-07,-1.79104597124100E-19
1.20000000000000E+01,1.10000000000000E+01,2.06065360000000E+07,-8.84103515625000E+04,-2.50000000000000E+07,3.90213727951050E-02,5.54690280000000E+07,2.50000000000000E+07,1.95105057209730E-02,3.58914743121555E-18,-8.37079496704973E-05,-1.95105057209730E-02,-3.58914743121555E-18,8.37079496704973E-05,1.10592998564243E-01,-2.19784080400132E-04,-1.79104597124100E-19
1.20000000000000E+01,1.20000000000000E+01,1.98321280000000E+07,-7.36536796875000E+04,-2.50000000000000E+07,3.06378780123850E-08,1.39999984000000E+08,2.50000000000000E+07,1.53188324247822E-08,2.81750763921617E-24,-5.68919494847719E-11,-1.53188324247822E-08,-2.81750763921617E-24,5.68919494847719E-11,2.64816772954646E-08,-7.01275426617798E-11,-5.97015325675106E-27
1.20000000000000E+01,1.30000000000000E+01,1.95378160000000E+07,-8.45362500000000E+03,-2.50000000000000E+07,1.61248026042671E-09,1.40000000000000E+08,2.50000000000000E+07,8.06240074702202E-10,1.48125262664013E-25,-3.48844054771230E-13,-8.06240074702202E-10,-1.48125262664013E-25,3.48844054771230E-13,4.26414059617741E-09,-9.04702148699782E-13,-5.97015325675106E-27
1.20000000000000E+01,1.40000000000000E+01,1.95178440000000E+07,-4.93212158203125E+03,-2.50000000000000E+07,1.32052835333241E-09,1.40000000000000E+08,2.50000000000000E+07,6.60264176666203E-10,1.21298778008953E-25,-1.66847479300507E-13,-6.60264176666203E-10,-1.21298778008953E-25,1.66847479300507E-13,3.87135479229528E-09,-4.65834998613496E-13,-5.97015325675106E-27
1.20000000000000E+01,1.50000000000000E+01,1.95049940000000E+07,-2.56713818359375E+03,-2.50000000000000E+07,1.16129394989173E-09,1.40000000000000E+08,2.50000000000000E+07,5.80646974945864E-10,1.06667799451722E-25,-7.64215012344187E-14,-5.80646974945864E-10,-1.06667799451722E-25,7.64215012344187E-14,3.64132035635123E-09,-2.22980786395918E-13,-5.97015325675106E-27
1.20000000000000E+01,1.60000000000000E+01,1.94995320000000E+07,-1.67382470703125E+03,-2.50000000000000E+07,1.09955433647002E-09,1.40000000000000E+08,2.50000000000000E+07,5.49777168235011E-10,1.00995316386432E-25,-4.71924474325369E-14,-5.49777168235011E-10,-1.00995316386432E-25,4.71924474325369E-14,3.54978535455075E-09,-1.40381426643778E-13,-5.97015325675106E-27
1.20000000000000E+01,1.70000000000000E+01,1.94964540000000E+07,-1.23015026855469E+03,-2.50000000000000E+07,1.06624031825930E-09,1.40000000000000E+08,2.50000000000000E+07,5.33120159129652E-10,9.79346408447631E-26,-3.36377993059682E-14,-5.33120159129652E-10,-9.79346408447631E-26,3.36377993059682E-14,3.49960238565927E-09,-1.01153209885931E-13,-5.97015325675106E-27
1.20000000000000E+01,1.80000000000000E+01,1.94946400000000E+07,-9.67047058105469E+02,-2.50000000000000E+07,1.04707331693987E-09,1.40000000000000E+08,2.50000000000000E+07,5.23536658469936E-10,9.61737184150351E-26,-2.59704519852246E-14,-5.23536658469936E-10,-9.61737184150351E-26,2.59704519852246E-14,3.47051121174502E-09,-7.86166040578871E-14,-5.97015325675106E-27
1.20000000000000E+01,1.90000000000000E+01,1.94934760000000E+07,-7.81726074218750E+02,-2.50000000000000E+07,1.03495667591602E-09,1.40000000000000E+08,2.50000000000000E+07,5.17478337958011E-10,9.50604939293244E-26,-2.07518803031249E-14,-5.17478337958011E-10,-9.50604939293244E-26,2.07518803031249E-14,3.45203021723250E-09,-6.30995906567011E-14,-5.97015325675106E-27
1.20000000000000E+01,2.00000000000000E+01,1.94926920000000E+07,-6.39099426269531E+02,-2.50000000000000E+07,1.02685704383987E-09,1.40000000000000E+08,2.50000000000000E+07,5.13428521919934E-10,9.43163145988131E-26,-1.68335838161577E-14,-5.13428521919934E-10,-9.43163145988131E-26,1.68335838161577E-14,3.43963901805466E-09,-5.13474218656260E-14,-5.97015325675106E-27
1.20000000000000E+01,2.10000000000000E+01,1.94921380000000E+07,-5.25070495605469E+02,-2.50000000000000E+07,1.02119701583803E-09,1.40000000000000E+08,2.50000000000000E+07,5.10598507919013E-10,9.37962642100220E-26,-1.37542743104788E-14,-5.10598507919013E-10,-9.37962642100220E-26,1.37542743104788E-14,3.43096240307261E-09,-4.20525363121170E-14,-5.97015325675106E-27
1.20000000000000E+01,2.20000000000000E+01,1.94917380000000E+07,-4.32991699218750E+02,-2.50000000000000E+07,1.01711528088799E-09,1.40000000000000E+08,2.50000000000000E+07,5.08557640443996E-10,9.34212163163718E-26,-1.12971579384032E-14,-5.08557640443996E-10,-9.34212163163718E-26,1.12971579384032E-14,3.42469630432163E-09,-3.46011095480898E-14,-5.97015325675106E-27
1.20000000000000E+01,2.30000000000000E+01,1.94914420000000E+07,-3.58957244873047E+02,-2.50000000000000E+07,1.01410202457686E-09,1.40000000000000E+08,2.50000000000000E+07,5.07051012288429E-10,9.31443323016151E-26,-9.33792583865780E-15,-5.07051012288429E-10,-9.31443323016151E-26,9.33792583865780E-15,3.42006534204131E-09,-2.86393426877397E-14,-5.97015325675106E-27
1.20000000000000E+01,2.40000000000000E+01,1.32742380000000E+07,-3.00338287353516E+02,-2.50000000000000E+07,1.00117736323568E-09,1.40000000000000E+08,2.50000000000000E+07,5.00588681617842E-10,9.19573431582903E-26,-1.13261459469571E-14,-5.00588681617842E-10,-9.19573431582903E-26,1.13261459469571E-14,3.40015193778243E-09,-3.49088400059590E-14,-5.97015325675106E-27
1.20000000000000E+01,2.50000000000000E+01,1.32740660000000E+07,-2.55316482543945E+02,-2.50000000000000E+07,1.00100572275608E-09,1.40000000000000E+08,2.50000000000000E+07,5.00502861378038E-10,9.19414734955486E-26,-9.62678863762698E-15,-5.00502861378038E-10,-9.19414734955486E-26,9.62678863762698E-15,3.39988681652414E-09,-2.96800480243178E-14,-5.97015325675106E-27
1.20000000000000E+01,2.60000000000000E+01,1.32739320000000E+07,-2.22759826660156E+02,-2.50000000000000E+07,1.00087105270319E-09,1.40000000000000E+08,2.50000000000000E+07,5.00435526351595E-10,9.19290242843881E-26,-8.39818513532651E-15,-5.00435526351595E-10,-9.19290242843881E-26,8.39818513532651E-15,3.39967876072933E-09,-2.58991623042519E-14,-5.97015325675106E-27
1.20000000000000E+01,2.70000000000000E+01,1.32738220000000E+07,-2.02233734130859E+02,-2.50000000000000E+07,1.00076069653454E-09,1.40000000000000E+08,2.50000000000000E+07,5.00380348267271E-10,9.19188492113059E-26,-7.62356079956825E-15,-5.00380348267271E-10,-9.19188492113059E-26,7.62356079956825E-15,3.39950845251735E-09,-2.35161638561599E-14,-5.97015325675106E-27
1.20000000000000E+01,2.80000000000000E+01,1.32737230000000E+07,-1.94106033325195E+02,-2.50000000000000E+07,1.00066244179686E-09,1.40000000000000E+08,2.50000000000000E+07,5.00331220898431E-10,9.19098019627991E-26,-7.31650881508972E-15,-5.00331220898431E-10,-9.19098019627991E-26,7.31650881508972E-15,3.39935679605219E-09,-2.25743021823287E-14,-5.97015325675106E-27
1.20000000000000E+01,2.90000000000000E+01,1.32730610000000E+07,0.00000000000000E+00,-2.50000000000000E+07,9.99999971718069E-10,1.40000000000000E+08,2.50000000000000E+07,4.99999985859034E-10,9.18485111682489E-26,0.00000000000000E+00,-4.99999985859034E-10,-9.18485111682489E-26,0.00000000000000E+00,3.39833339246809E-09,-7.64506403181690E-41,5.51012976947947E-40
1.20000000000000E+01,3.00000000000000E+01,1.32730610000000E+07,0.00000000000000E+00,-2.50000000000000E+07,9.99999971718069E-10,1.40000000000000E+08,2.50000000000000E+07,4.99999985859034E-10,9.18485111682489E-26,0.00000000000000E+00,-4.99999985859034E-10,-9.18485111682489E-26,0.00000000000000E+00,3.39833339246809E-09,-7.64506403181690E-41,5.51012976947947E-40
1.20000000000000E+01,3.10000000000000E+01,1.32730610000000E+07,0.00000000000000E+00,-2.50000000000000E+07,9.99999971718069E-10,1.40000000000000E+08,2.50000000000000E+07,4.99999985859034E-10,9.18485111682489E-26,0.00000000000000E+00,-4.99999985859034E-10,-9.18485111682489E-26,0.00000000000000E+00,3.39833339246809E-09,-7.64506403181690E-41,1.65303893084384E-39
1.30000000000000E+01,1.00000000000000E+00,1.32730610000000E+07,0.00000000000000E+00,-2.50000000000000E+07,9.99999971718069E-10,1.40000000000000E+08,2.50000000000000E+07,4.99999985859034E-10,9.18485111682489E-26,0.00000000000000E+00,-4.99999985859034E-10,-9.18485111682489E-26,0.00000000000000E+00,3.39833339246809E-09,-7.64506403181690E-41,5.51012976947947E-40
1.30000000000000E+01,2.00000000000000E+00,1.32730610000000E+07,0.00000000000000E+00,-2.50000000000000E+07,9.99999971718069E-10,1.40000000000000E+08,2.50000000000000E+07,4.99999985859034E-10,9.18485111682489E-26,0.00000000000000E+00,-4.99999985859034E-10,-9.18485111682489E-26,0.00000000000000E+00,3.39833339246809E-09,-7.64506403181690E-41,5.51012976947947E-40
1.30000000000000E+01,3.00000000000000E+00,1.32730610000000E+07,0.00000000000000E+00,-2.50000000000000E+07,9.99999971718069E-10,1.40000000000000E+08,2.50000000000000E+07,4.99999985859034E-10,9.18485111682489E-26,0.00000000000000E+00,-4.99999985859034E-10,-9.18485111682489E-26,0.00000000000000E+00,3.39833339246809E-09,-7.64506403181690E-41,5.51012976947947E-40
1.30000000000000E+01,4.00000000000000E+00,1.32862630000000E+07,1.63160729980469E+03,-2.50000000000000E+07,1.01328923030053E-09,1.40000000000000E+08,2.50000000000000E+07,5.06644615150265E-10,9.30652921366974E-26,6.22180258702532E-14,-5.06644615150265E-10,-9.30652921366974E-26,-6.22180258702532E-14,3.41883277243937E-09,1.90210396261783E-13,-5.97015325675106E-27
1.30000000000000E+01,5.00000000000000E+00,1.32926150000000E+07,1.47024426269531E+03,-2.50000000000000E+07,1.01974606536714E-09,1.40000000000000E+08,2.50000000000000E+07,5.09873032683572E-10,9.36587065896741E-26,5.63950673811674E-14,-5.09873032683572E-10,-9.36587065896741E-26,-5.63950673811674E-14,3.42876638192990E-09,1.71372979826043E-13,-5.97015325675106E-27
1.30000000000000E+01,6.00000000000000E+00,1.33085190000000E+07,1.79426672363281E+03,-2.50000000000000E+07,1.03609421042705E-09,1.40000000000000E+08,2.50000000000000E+07,5.18047105213526E-10,9.51594343431714E-26,6.98435856675769E-14,-5.18047105213526E-10,-9.51594343431714E-26,-6.98435856675769E-14,3.45388384559442E-09,2.08738733763203E-13,-5.97015325675106E-27
1.30000000000000E+01,7.00000000000000E+00,1.33349830000000E+07,2.79240405273438E+03,-2.50000000000000E+07,1.06387931797514E-09,1.40000000000000E+08,2.50000000000000E+07,5.31939603476417E-10,9.77089033663534E-26,1.11390497520292E-13,-5.31939603476417E-10,-9.77089033663534E-26,-1.11390497520292E-13,3.49585516090656E-09,3.28224697854901E-13,-5.97015325675106E-27
1.30000000000000E+01,8.00000000000000E+00,1.37409500000000E+07,9.97077050781250E+03,-2.50000000000000E+07,1.59662572052355E-09,1.40000000000000E+08,2.50000000000000E+07,7.98312638217169E-10,1.46612178143992E-25,5.79275234550980E-13,-7.98312638217169E-10,-1.46612178143992E-25,-5.79275234550980E-13,4.25187840491503E-09,1.18297320723937E-12,-5.97015325675106E-27
1.30000000000000E+01,9.00000000000000E+00,2.05616360000000E+07,1.38398203125000E+04,-2.50000000000000E+07,4.71559762954712E-02,5.08245280000000E+07,2.50000000000000E+07,2.35779825598001E-02,4.33023343125283E-18,1.58700913743814E-05,-2.35779825598001E-02,-4.33023343125283E-18,-1.58700913743814E-05,1.21826030313969E-01,3.17165649903473E-05,-1.79104597124100E-19
1.30000000000000E+01,1.00000000000000E+01,2.03742060000000E+07,-3.66847538948059E+00,-2.50000000000000E+07,6.60324692726135E-02,3.76651080000000E+07,2.50000000000000E+07,3.30162346363068E-02,6.06498461778016E-18,-5.94473492654402E-09,-3.30162346363068E-02,-6.06498461778016E-18,5.94473492654402E-09,1.60462960600853E-01,-9.56666834639464E-09,-1.79104597124100E-19
1.30000000000000E+01,1.10000000000000E+01,2.05618540000000E+07,-1.38235068359375E+04,-2.50000000000000E+07,4.71289269626141E-02,5.08436280000000E+07,2.50000000000000E+07,2.35644578933716E-02,4.32969080077100E-18,-1.58421225933125E-05,-2.35644578933716E-02,-4.32969080077100E-18,1.58421225933125E-05,1.21777623891830E-01,-3.16508485411759E-05,-1.79104597124100E-19
1.30000000000000E+01,1.20000000000000E+01,1.99570140000000E+07,-9.90963867187500E+03,-2.50000000000000E+07,1.06672736421842E-07,1.39999936000000E+08,2.50000000000000E+07,5.33363611054938E-08,9.79935243809572E-24,-2.64841239216995E-11,-5.33363611054938E-08,-9.79935243809572E-24,2.64841239216995E-11,6.60600463220362E-08,-2.25350016425097E-11,-5.97015325675106E-27
1.30000000000000E+01,1.30000000000000E+01,1.95508100000000E+07,-2.66794531250000E+03,-2.50000000000000E+07,1.83620674221174E-09,1.40000000000000E+08,2.50000000000000E+07,9.18103371105872E-10,1.68660532296129E-25,-1.25286350846805E-13,-9.18103371105872E-10,-1.68660532296129E-25,1.25286350846805E-13,4.54831150520363E-09,-3.06034874091726E-13,-5.97015325675106E-27
1.30000000000000E+01,1.40000000000000E+01,1.95239540000000E+07,-1.55598291015625E+03,-2.50000000000000E+07,1.40372613532946E-09,1.40000000000000E+08,2.50000000000000E+07,7.01863067664732E-10,1.28933571064908E-25,-5.59357451307939E-14,-7.01863067664732E-10,-1.28933571064908E-25,5.59357451307939E-14,3.98544575119786E-09,-1.49837350101219E-13,-5.97015325675106E-27
1.30000000000000E+01,1.50000000000000E+01,1.95076760000000E+07,-1.05074560546875E+03,-2.50000000000000E+07,1.19285903377175E-09,1.40000000000000E+08,2.50000000000000E+07,5.96429516885877E-10,1.09564299480467E-25,-3.21255947733669E-14,-5.96429516885877E-10,-1.09564299480467E-25,3.21255947733669E-14,3.68712926857029E-09,-9.19291566156034E-14,-5.97015325675106E-27
1.30000000000000E+01,1.60000000000000E+01,1.95010440000000E+07,-9.23419006347656E+02,-2.50000000000000E+07,1.11630282795261E-09,1.40000000000000E+08,2.50000000000000E+07,5.58151413976304E-10,1.02532374882400E-25,-2.64297471305438E-14,-5.58151413976304E-10,-1.02532374882400E-25,2.64297471305438E-14,3.57460816502453E-09,-7.76892588347060E-14,-5.97015325675106E-27
1.30000000000000E+01,1.70000000000000E+01,1.94973940000000E+07,-8.32663757324219E+02,-2.50000000000000E+07,1.07630770962430E-09,1.40000000000000E+08,2.50000000000000E+07,5.38153854812151E-10,9.88586619727372E-26,-2.29826194967503E-14,-5.38153854812151E-10,-9.88586619727372E-26,2.29826194967503E-14,3.51471918236257E-09,-6.86117016066717E-14,-5.97015325675106E-27
1.30000000000000E+01,1.80000000000000E+01,1.94952660000000E+07,-7.29525451660156E+02,-2.50000000000000E+07,1.05364583724565E-09,1.40000000000000E+08,2.50000000000000E+07,5.26822918622827E-10,9.67770059552787E-26,-1.97140514904357E-14,-5.26822918622827E-10,-9.67770059552787E-26,1.97140514904357E-14,3.48045414710896E-09,-5.93947295317830E-14,-5.97015325675106E-27
1.30000000000000E+01,1.90000000000000E+01,1.94939080000000E+07,-6.21796264648438E+02,-2.50000000000000E+07,1.03943098572756E-09,1.40000000000000E+08,2.50000000000000E+07,5.19715492863781E-10,9.54711946381051E-26,-1.65773394089543E-14,-5.19715492863781E-10,-9.54711946381051E-26,1.65773394089543E-14,3.45883321983820E-09,-5.02447950324718E-14,-5.97015325675106E-27
1.30000000000000E+01,2.00000000000000E+01,1.94929960000000E+07,-5.20396118164062E+02,-2.50000000000000E+07,1.02998742868010E-09,1.40000000000000E+08,2.50000000000000E+07,5.14993714340051E-10,9.46036510205641E-26,-1.37485653084143E-14,-5.14993714340051E-10,-9.46036510205641E-26,1.37485653084143E-14,3.44441564159581E-09,-4.18434750282075E-14,-5.97015325675106E-27
1.30000000000000E+01,2.10000000000000E+01,1.94923580000000E+07,-4.31259338378906E+02,-2.50000000000000E+07,1.02343400421034E-09,1.40000000000000E+08,2.50000000000000E+07,5.11717002105172E-10,9.40015837495333E-26,-1.13215008182743E-14,-5.11717002105172E-10,-9.40015837495333E-26,1.13215008182743E-14,3.43438477656832E-09,-3.45590899376424E-14,-5.97015325675106E-27
1.30000000000000E+01,2.20000000000000E+01,1.94918980000000E+07,-3.56288665771484E+02,-2.50000000000000E+07,1.01874664260038E-09,1.40000000000000E+08,2.50000000000000E+07,5.09373321300188E-10,9.35709334880166E-26,-9.31073777511683E-15,-5.09373321300188E-10,-9.35709334880166E-26,9.31073777511683E-15,3.42719697066229E-09,-2.84835258948946E-14,-5.97015325675106E-27
1.30000000000000E+01,2.30000000000000E+01,1.94915620000000E+07,-2.95275939941406E+02,-2.50000000000000E+07,1.01531827390033E-09,1.40000000000000E+08,2.50000000000000E+07,5.07659136950167E-10,9.32559437937522E-26,-7.69048402569786E-15,-5.07659136950167E-10,-9.32559437937522E-26,7.69048402569786E-15,3.42193273716873E-09,-2.35658525029117E-14,-5.97015325675106E-27
1.30000000000000E+01,2.40000000000000E+01,1.32743300000000E+07,-2.47194778442383E+02,-2.50000000000000E+07,1.00126940072442E-09,1.40000000000000E+08,2.50000000000000E+07,5.00634700362212E-10,9.19656693386259E-26,-9.32282662934004E-15,-5.00634700362212E-10,-9.19656693386259E-26,9.32282662934004E-15,3.40029382428497E-09,-2.87236563473094E-14,-5.97015325675106E-27
1.30000000000000E+01,2.50000000000000E+01,1.32741390000000E+07,-2.10910385131836E+02,-2.50000000000000E+07,1.00107822031958E-09,1.40000000000000E+08,2.50000000000000E+07,5.00539110159792E-10,9.19480309018232E-26,-7.95297530088723E-15,-5.00539110159792E-10,-9.19480309018232E-26,7.95297530088723E-15,3.39999872700503E-09,-2.45127370821201E-14,-5.97015325675106E-27
1.30000000000000E+01,2.60000000000000E+01,1.32739910000000E+07,-1.85541885375977E+02,-2.50000000000000E+07,1.00092978350119E-09,1.40000000000000E+08,2.50000000000000E+07,5.00464891750596E-10,9.19343367695467E-26,-6.99542488280698E-15,-5.00464891750596E-10,-9.19343367695467E-26,6.99542488280698E-15,3.39976957697274E-09,-2.15687978409726E-14,-5.97015325675106E-27
1.30000000000000E+01,2.70000000000000E+01,1.32738700000000E+07,-1.70668746948242E+02,-2.50000000000000E+07,1.00080954634763E-09,1.40000000000000E+08,2.50000000000000E+07,5.00404773173813E-10,9.19232619019945E-26,-6.43395300009347E-15,-5.00404773173813E-10,-9.19232619019945E-26,6.43395300009347E-15,3.39958394768303E-09,-1.98437864447690E-14,-5.97015325675106E-27
1.30000000000000E+01,2.80000000000000E+01,1.32737640000000E+07,-1.66510971069336E+02,-2.50000000000000E+07,1.00070329800417E-09,1.40000000000000E+08,2.50000000000000E+07,5.00351649002084E-10,9.19134874223407E-26,-6.27659460728435E-15,-5.00351649002084E-10,-9.19134874223407E-26,6.27659460728435E-15,3.39941963467538E-09,-1.93639338098199E-14,-5.97015325675106E-27
1.30000000000000E+01,2.90000000000000E+01,1.32730610000000E+07,0.00000000000000E+00,-2.50000000000000E+07,9.99999971718069E-10,1.40000000000000E+08,2.50000000000000E+07,4.99999985859034E-10,9.18485111682489E-26,0.00000000000000E+00,-4.99999985859034E-10,-9.18485111682489E-26,0.00000000000000E+00,3.39833339246809E-09,-7.64506403181690E-41,5.51012976947947E-40
1.30000000000000E+01,3.00000000000000E+01,1.32730610000000E+07,0.00000000000000E+00,-2.50000000000000E+07,9.99999971718069E-10,1.40000000000000E+08,2.50000000000000E+07,4.99999985859034E-10,9.18485111682489E-26,0.00000000000000E+00,-4.99999985859034E-10,-9.18485111682489E-26,0.00000000000000E+00,3.39833339246809E-09,-7.64506403181690E-41,5.51012976947947E-40
1.30000000000000E+01,3.10000000000000E+01,1.32730610000000E+07,0.00000000000000E+00,-2.50000000000000E+07,9.99999971718069E-10,1.40000000000000E+08,2.50000000000000E+07,4.99999985859034E-10,9.18485111682489E-26,0.00000000000000E+00,-4.99999985859034E-10,-9.18485111682489E-26,0.00000000000000E+00,3.39833339246809E-09,-7.64506403181690E-41,5.51012976947947E-40
1.40000000000000E+01,1.00000000000000E+00,1.32730610000000E+07,0.00000000000000E+00,-2.50000000000000E+07,9.99999971718069E-10,1.40000000000000E+08,2.50000000000000E+07,4.99999985859034E-10,9.18485111682489E-26,0.00000000000000E+00,-4.99999985859034E-10,-9.18485111682489E-26,0.00000000000000E+00,3.39833339246809E-09,-7.64506403181690E-41,1.65303893084384E-39
1.40000000000000E+01,2.00000000000000E+00,1.32730610000000E+07,0.00000000000000E+00,-2.50000000000000E+07,9.99999971718069E-10,1.40000000000000E+08,2.50000000000000E+07,4.99999985859034E-10,9.18485111682489E-26,0.00000000000000E+00,-4.99999985859034E-10,-9.18485111682489E-26,0.00000000000000E+00,3.39833339246809E-09,-7.64506403181690E-41,5.51012976947947E-40
1.40000000000000E+01,3.00000000000000E+00,1.32730610000000E+07,0.00000000000000E+00,-2.50000000000000E+07,9.99999971718069E-10,1.40000000000000E+08,2.50000000000000E+07,4.99999985859034E-10,9.18485111682489E-26,0.00000000000000E+00,-4.99999985859034E-10,-9.18485111682489E-26,0.00000000000000E+00,3.39833339246809E-09,-7.64506403181690E-41,5.51012976947947E-40
1.40000000000000E+01,4.00000000000000E+00,1.32877710000000E+07,8.81645202636719E+02,-2.50000000000000E+07,1.01481822945004E-09,1.40000000000000E+08,2.50000000000000E+07,5.07409114725021E-10,9.32074843148635E-26,3.36666560244153E-14,-5.07409114725021E-10,-9.32074843148635E-26,-3.36666560244153E-14,3.42116779350476E-09,1.02266943015090E-13,-5.97015325675106E-27
1.40000000000000E+01,5.00000000000000E+00,1.32944980000000E+07,-2.23666473388672E+02,-2.50000000000000E+07,1.02166775040047E-09,1.40000000000000E+08,2.50000000000000E+07,5.10833875200234E-10,9.38391893366225E-26,-8.59426309822052E-15,-5.10833875200234E-10,-9.38391893366225E-26,8.59426309822052E-15,3.43168493621704E-09,-2.80751492881667E-14,-5.97015325675106E-27
1.40000000000000E+01,6.00000000000000E+00,1.33109860000000E+07,-2.41747021484375E+03,-2.50000000000000E+07,1.03865327449881E-09,1.40000000000000E+08,2.50000000000000E+07,5.19326637249407E-10,9.54045297286381E-26,-9.43173219646737E-14,-5.19326637249407E-10,-9.54045297286381E-26,9.43173219646737E-14,3.45770123644229E-09,-2.89666158897681E-13,-5.97015325675106E-27
1.40000000000000E+01,7.00000000000000E+00,1.33384760000000E+07,-5.83866748046875E+03,-2.50000000000000E+07,1.06760289497743E-09,1.40000000000000E+08,2.50000000000000E+07,5.33801391977562E-10,9.80720320647638E-26,-2.33661533047616E-13,-5.33801391977562E-10,-9.80720320647638E-26,2.33661533047616E-13,3.50130502368984E-09,-7.07048677418831E-13,-5.97015325675106E-27
1.40000000000000E+01,8.00000000000000E+00,1.37520360000000E+07,-1.06162753906250E+04,-2.50000000000000E+07,1.61442514912125E-09,1.40000000000000E+08,2.50000000000000E+07,8.07212352516018E-10,1.48320665975426E-25,-6.23150511226689E-13,-8.07212352516018E-10,-1.48320665975426E-25,6.23150511226689E-13,4.27114255074912E-09,-1.48856968418265E-12,-5.97015325675106E-27
1.40000000000000E+01,9.00000000000000E+00,2.05554760000000E+07,-1.21396796875000E+04,-2.50000000000000E+07,4.82418276369572E-02,5.02420400000000E+07,2.50000000000000E+07,2.41209082305431E-02,4.43181121047435E-18,-1.42453573062085E-05,-2.41209082305431E-02,-4.43181121047435E-18,1.42453573062085E-05,1.23306453227997E-01,-3.20200779242441E-05,-1.79104597124100E-19
1.40000000000000E+01,1.00000000000000E+01,2.03647440000000E+07,3.89579391479492E+01,-2.50000000000000E+07,6.75660595297813E-02,3.70646840000000E+07,2.50000000000000E+07,3.37830297648907E-02,6.20583775966630E-18,6.46272368953760E-08,-3.37830297648907E-02,-6.20583775966630E-18,-6.46272368953760E-08,1.62526562809944E-01,1.71448220953607E-07,-1.79104597124100E-19
1.40000000000000E+01,1.10000000000000E+01,2.05557300000000E+07,1.22512236328125E+04,-2.50000000000000E+07,4.82109896838665E-02,5.02636840000000E+07,2.50000000000000E+07,2.41054892539978E-02,4.42722697551958E-18,1.43668821692700E-05,-2.41054892539978E-02,-4.42722697551958E-18,-1.43668821692700E-05,1.23250976204872E-01,3.23344538628589E-05,-1.79104597124100E-19
1.40000000000000E+01,1.20000000000000E+01,1.99679600000000E+07,1.07789384765625E+04,-2.50000000000000E+07,1.19010834964683E-07,1.39999936000000E+08,2.50000000000000E+07,5.95054068242007E-08,1.09289988877895E-23,3.21217150101027E-11,-5.95054068242007E-08,-1.09289988877895E-23,-3.21217150101027E-11,7.13930106144289E-08,2.87020216621636E-11,-5.97015325675106E-27
1.40000000000000E+01,1.30000000000000E+01,1.95541240000000E+07,6.06056103515625E+03,-2.50000000000000E+07,1.89809279405040E-09,1.40000000000000E+08,2.50000000000000E+07,9.49046286002897E-10,1.74318969939521E-25,2.94145242017707E-13,-9.49046286002897E-10,-1.74318969939521E-25,-2.94145242017707E-13,4.62309834858843E-09,7.29485265596463E-13,-5.97015325675106E-27
1.40000000000000E+01,1.40000000000000E+01,1.95261740000000E+07,2.75384619140625E+03,-2.50000000000000E+07,1.43524636619929E-09,1.40000000000000E+08,2.50000000000000E+07,7.17623183099647E-10,1.31819039366932E-25,1.01208958206388E-13,-7.17623183099647E-10,-1.31819039366932E-25,-1.01208958206388E-13,4.02752098338510E-09,2.76989097890840E-13,-5.97015325675106E-27
1.40000000000000E+01,1.50000000000000E+01,1.95092440000000E+07,7.36177795410156E+02,-2.50000000000000E+07,1.21170851130614E-09,1.40000000000000E+08,2.50000000000000E+07,6.05854255653071E-10,1.11292225337644E-25,2.28618004112198E-14,-6.05854255653071E-10,-1.11292225337644E-25,-2.28618004112198E-14,3.71410013855211E-09,6.72419680157986E-14,-5.97015325675106E-27
1.40000000000000E+01,1.60000000000000E+01,1.95021780000000E+07,-9.96007385253906E+01,-2.50000000000000E+07,1.12904718907458E-09,1.40000000000000E+08,2.50000000000000E+07,5.64523594537292E-10,1.03701472906913E-25,-2.88311211113935E-15,-5.64523594537292E-10,-1.03701472906913E-25,2.88311211113935E-15,3.59335228239388E-09,-7.66054310507832E-15,-5.97015325675106E-27
1.40000000000000E+01,1.70000000000000E+01,1.94981980000000E+07,-3.88264587402344E+02,-2.50000000000000E+07,1.08498432460635E-09,1.40000000000000E+08,2.50000000000000E+07,5.42492162303176E-10,9.96548568191865E-26,-1.08025626950072E-14,-5.42492162303176E-10,-9.96548568191865E-26,1.08025626950072E-14,3.52768370071033E-09,-3.18173662601246E-14,-5.97015325675106E-27
1.40000000000000E+01,1.80000000000000E+01,1.94958260000000E+07,-4.48320159912109E+02,-2.50000000000000E+07,1.05956077245395E-09,1.40000000000000E+08,2.50000000000000E+07,5.29780386226975E-10,9.73198223767565E-26,-1.21826707454183E-14,-5.29780386226975E-10,-9.73198223767565E-26,1.21826707454183E-14,3.48937589933485E-09,-3.64671231308910E-14,-5.97015325675106E-27
1.40000000000000E+01,1.90000000000000E+01,1.94942960000000E+07,-4.20487609863281E+02,-2.50000000000000E+07,1.04347541718397E-09,1.40000000000000E+08,2.50000000000000E+07,5.21737708591985E-10,9.58423536940115E-26,-1.12537661345813E-14,-5.21737708591985E-10,-9.58423536940115E-26,1.12537661345813E-14,3.46497208703056E-09,-3.39762736716910E-14,-5.97015325675106E-27
1.40000000000000E+01,2.00000000000000E+01,1.94932660000000E+07,-3.65000244140625E+02,-2.50000000000000E+07,1.03277553176184E-09,1.40000000000000E+08,2.50000000000000E+07,5.16387765880921E-10,9.48594884728886E-26,-9.66906574609034E-15,-5.16387765880921E-10,-9.48594884728886E-26,9.66906574609034E-15,3.44866601942329E-09,-2.93512433867209E-14,-5.97015325675106E-27
1.40000000000000E+01,2.10000000000000E+01,1.94925480000000E+07,-3.06464691162109E+02,-2.50000000000000E+07,1.02538222357396E-09,1.40000000000000E+08,2.50000000000000E+07,5.12691111786978E-10,9.41803223743240E-26,-8.06060523639599E-15,-5.12691111786978E-10,-9.41803223743240E-26,8.06060523639599E-15,3.43736394903260E-09,-2.45600489544220E-14,-5.97015325675106E-27
1.40000000000000E+01,2.20000000000000E+01,1.94920340000000E+07,-2.54208755493164E+02,-2.50000000000000E+07,1.02013475444807E-09,1.40000000000000E+08,2.50000000000000E+07,5.10067377224033E-10,9.36982605684999E-26,-6.65213217016371E-15,-5.10067377224033E-10,-9.36982605684999E-26,6.65213217016371E-15,3.42932460206669E-09,-2.03227818823754E-14,-5.97015325675106E-27
1.40000000000000E+01,2.30000000000000E+01,1.94916620000000E+07,-2.11147140502930E+02,-2.50000000000000E+07,1.01633368387866E-09,1.40000000000000E+08,2.50000000000000E+07,5.08166841939328E-10,9.33490725213990E-26,-5.50481460816297E-15,-5.08166841939328E-10,-9.33490725213990E-26,5.50481460816297E-15,3.42349193438451E-09,-1.68509937313556E-14,-5.97015325675106E-27
1.40000000000000E+01,2.40000000000000E+01,1.32744060000000E+07,-1.77653610229492E+02,-2.50000000000000E+07,1.00134533997931E-09,1.40000000000000E+08,2.50000000000000E+07,5.00672669989655E-10,9.19724855898851E-26,-6.70058668991139E-15,-5.00672669989655E-10,-9.19724855898851E-26,6.70058668991139E-15,3.40041128588098E-09,-2.06332075990828E-14,-5.97015325675106E-27
1.40000000000000E+01,2.50000000000000E+01,1.32741990000000E+07,-1.53226318359375E+02,-2.50000000000000E+07,1.00113817236291E-09,1.40000000000000E+08,2.50000000000000E+07,5.00569086181457E-10,9.19534050167400E-26,-5.77815383430783E-15,-5.00569086181457E-10,-9.19534050167400E-26,5.77815383430783E-15,3.40009131960528E-09,-1.78019677856333E-14,-5.97015325675106E-27
1.40000000000000E+01,2.60000000000000E+01,1.32740400000000E+07,-1.37190429687500E+02,-2.50000000000000E+07,1.00097929944809E-09,1.40000000000000E+08,2.50000000000000E+07,5.00489649724045E-10,9.19387679491627E-26,-5.17268197811624E-15,-5.00489649724045E-10,-9.19387679491627E-26,5.17268197811624E-15,3.39984596031684E-09,-1.59437587644081E-14,-5.97015325675106E-27
1.40000000000000E+01,2.70000000000000E+01,1.32739130000000E+07,-1.28996841430664E+02,-2.50000000000000E+07,1.00085173482256E-09,1.40000000000000E+08,2.50000000000000E+07,5.00425867411280E-10,9.19270459691492E-26,-4.86317486864010E-15,-5.00425867411280E-10,-9.19270459691492E-26,4.86317486864010E-15,3.39964922879687E-09,-1.49957001975348E-14,-5.97015325675106E-27
1.40000000000000E+01,2.80000000000000E+01,1.32738010000000E+07,-1.28413589477539E+02,-2.50000000000000E+07,1.00073971331938E-09,1.40000000000000E+08,2.50000000000000E+07,5.00369856659688E-10,9.19167476365506E-26,-4.84068487334108E-15,-5.00369856659688E-10,-9.19167476365506E-26,4.84068487334108E-15,3.39947603400503E-09,-1.49314730772763E-14,-5.97015325675106E-27
1.40000000000000E+01,2.90000000000000E+01,1.32730610000000E+07,0.00000000000000E+00,-2.50000000000000E+07,9.99999971718069E-10,1.40000000000000E+08,2.50000000000000E+07,4.99999985859034E-10,9.18485111682489E-26,0.00000000000000E+00,-4.99999985859034E-10,-9.18485111682489E-26,0.00000000000000E+00,3.39833339246809E-09,-7.64506403181690E-41,5.51012976947947E-40
1.40000000000000E+01,3.00000000000000E+01,1.32730610000000E+07,0.00000000000000E+00,-2.50000000000000E+07,9.99999971718069E-10,1.40000000000000E+08,2.50000000000000E+07,4.99999985859034E-10,9.18485111682489E-26,0.00000000000000E+00,-4.99999985859034E-10,-9.18485111682489E-26,0.00000000000000E+00,3.39833339246809E-09,-7.64506403181690E-41,5.51012976947947E-40
1.40000000000000E+01,3.10000000000000E+01,1.32730610000000E+07,0.00000000000000E+00,-2.50000000000000E+07,9.99999971718069E-10,1.40000000000000E+08,2.50000000000000E+07,4.99999985859034E-10,9.18485111682489E-26,0.00000000000000E+00,-4.99999985859034E-10,-9.18485111682489E-26,0.00000000000000E+00,3.39833339246809E-09,-7.64506403181690E-41,5.51012976947947E-40
1.50000000000000E+01,1.00000000000000E+00,1.32730610000000E+07,0.00000000000000E+00,-2.50000000000000E+07,9.99999971718069E-10,1.40000000000000E+08,2.50000000000000E+07,4.99999985859034E-10,9.18485111682489E-26,0.00000000000000E+00,-4.99999985859034E-10,-9.18485111682489E-26,0.00000000000000E+00,3.39833339246809E-09,-7.64506403181690E-41,1.65303893084384E-39
1.50000000000000E+01,2.00000000000000E+00,1.32730610000000E+07,0.00000000000000E+00,-2.50000000000000E+07,9.99999971718069E-10,1.40000000000000E+08,2.50000000000000E+07,4.99999985859034E-10,9.18485111682489E-26,0.00000000000000E+00,-4.99999985859034E-10,-9.18485111682489E-26,0.00000000000000E+00,3.39833339246809E-09,-7.64506403181690E-41,5.51012976947947E-40
1.50000000000000E+01,3.00000000000000E+00,1.32730610000000E+07,0.00000000000000E+00,-2.50000000000000E+07,9.99999971718069E-10,1.40000000000000E+08,2.50000000000000E+07,4.99999985859034E-10,9.18485111682489E-26,0.00000000000000E+00,-4.99999985859034E-10,-9.18485111682489E-26,0.00000000000000E+00,3.39833339246809E-09,-7.64506403181690E-41,5.51012976947947E-40
1.50000000000000E+01,4.00000000000000E+00,1.32893340000000E+07,3.03816223144531E+02,-2.50000000000000E+07,1.01640551530835E-09,1.40000000000000E+08,2.50000000000000E+07,5.08202757654175E-10,9.33546253626147E-26,1.16183587612327E-14,-5.08202757654175E-10,-9.33546253626147E-26,-1.16183587612327E-14,3.42359296467976E-09,3.46877305254078E-14,-5.97015325675106E-27
1.50000000000000E+01,5.00000000000000E+00,1.32962100000000E+07,-1.18350366210938E+03,-2.50000000000000E+07,1.02341923824412E-09,1.40000000000000E+08,2.50000000000000E+07,5.11709619122058E-10,9.40023233066319E-26,-4.55475805997366E-14,-5.11709619122058E-10,-9.40023233066319E-26,4.55475805997366E-14,3.43434103378115E-09,-1.40793721624920E-13,-5.97015325675106E-27
1.50000000000000E+01,6.00000000000000E+00,1.33114440000000E+07,-5.15697851562500E+03,-2.50000000000000E+07,1.03912978222098E-09,1.40000000000000E+08,2.50000000000000E+07,5.19564835599340E-10,9.54548381002734E-26,-2.01284301726279E-13,-5.19564835599340E-10,-9.54548381002734E-26,2.01284301726279E-13,3.45840622806293E-09,-6.14619954323464E-13,-5.97015325675106E-27
1.50000000000000E+01,7.00000000000000E+00,1.33357170000000E+07,-1.27166250000000E+04,-2.50000000000000E+07,1.06466679916650E-09,1.40000000000000E+08,2.50000000000000E+07,5.32333177538646E-10,9.78190973740515E-26,-5.07620312971413E-13,-5.32333177538646E-10,-9.78190973740515E-26,5.07620312971413E-13,3.49682482969627E-09,-1.52906637004846E-12,-5.97015325675106E-27
1.50000000000000E+01,8.00000000000000E+00,1.36494330000000E+07,-8.43911875000000E+04,-2.50000000000000E+07,1.45736833712107E-09,1.40000000000000E+08,2.50000000000000E+07,7.28670235261575E-10,1.34130414145181E-25,-4.50519439462727E-12,-7.28670235261575E-10,-1.34130414145181E-25,4.50519439462727E-12,4.06448785739144E-09,-1.23304691110326E-11,-5.97015325675106E-27
1.50000000000000E+01,9.00000000000000E+00,2.05806900000000E+07,-9.84527656250000E+04,-2.50000000000000E+07,4.33703921735287E-02,5.27847120000000E+07,2.50000000000000E+07,2.16849483549595E-02,3.98981221324031E-18,-1.03735263110138E-04,-2.16849483549595E-02,-3.98981221324031E-18,1.03735263110138E-04,1.16968788206577E-01,-2.64013971900567E-04,-1.79104597124100E-19
1.50000000000000E+01,1.00000000000000E+01,2.04314040000000E+07,1.28022415161133E+02,-2.50000000000000E+07,5.92143796384335E-02,4.13171520000000E+07,2.50000000000000E+07,2.96071898192167E-02,5.43874106526729E-18,1.85517549766701E-07,-2.96071898192167E-02,-5.43874106526729E-18,-1.85517549766701E-07,1.48546099662781E-01,4.48999060154165E-07,-1.79104597124100E-19
1.50000000000000E+01,1.10000000000000E+01,2.05809940000000E+07,9.86645078125000E+04,-2.50000000000000E+07,4.33298647403717E-02,5.28132680000000E+07,2.50000000000000E+07,2.16646846383810E-02,3.97337820242041E-18,1.03859674709383E-04,-2.16646846383810E-02,-3.97337820242041E-18,-1.03859674709383E-04,1.16899162530899E-01,2.64396105194464E-04,-1.79104597124100E-19
1.50000000000000E+01,1.20000000000000E+01,1.98652540000000E+07,8.46092968750000E+04,-2.50000000000000E+07,4.26885229387608E-08,1.39999968000000E+08,2.50000000000000E+07,2.13440678464849E-08,3.91527523365383E-24,9.09078021193999E-11,-2.13440678464849E-08,-3.91527523365383E-24,-9.09078021193999E-11,3.31153593435829E-08,1.03190900269112E-10,-5.97015325675106E-27
1.50000000000000E+01,1.30000000000000E+01,1.95511660000000E+07,1.30282958984375E+04,-2.50000000000000E+07,1.84283099891047E-09,1.40000000000000E+08,2.50000000000000E+07,9.21415277410631E-10,1.69223643396988E-25,6.14002826446886E-13,-9.21415277410631E-10,-1.69223643396988E-25,-6.14002826446886E-13,4.55376714114664E-09,1.52982563682985E-12,-5.97015325675106E-27
1.50000000000000E+01,1.40000000000000E+01,1.95263520000000E+07,5.56979785156250E+03,-2.50000000000000E+07,1.43779921302212E-09,1.40000000000000E+08,2.50000000000000E+07,7.18899550999907E-10,1.32047143428057E-25,2.05062637877174E-13,-7.18899550999907E-10,-1.32047143428057E-25,-2.05062637877174E-13,4.03076594324148E-09,5.58220407832072E-13,-5.97015325675106E-27
1.50000000000000E+01,1.50000000000000E+01,1.95105880000000E+07,1.74037573242188E+03,-2.50000000000000E+07,1.22810861480360E-09,1.40000000000000E+08,2.50000000000000E+07,6.14054307401801E-10,1.12796583083901E-25,5.47746255904341E-14,-6.14054307401801E-10,-1.12796583083901E-25,-5.47746255904341E-14,3.73741082526635E-09,1.58150253418317E-13,-5.97015325675106E-27
1.50000000000000E+01,1.60000000000000E+01,1.95032900000000E+07,4.50358734130859E+02,-2.50000000000000E+07,1.14167542086818E-09,1.40000000000000E+08,2.50000000000000E+07,5.70837710434091E-10,1.04860383532393E-25,1.31814555744039E-14,-5.70837710434091E-10,-1.04860383532393E-25,-1.31814555744039E-14,3.61186969222160E-09,3.95468468356811E-14,-5.97015325675106E-27
1.50000000000000E+01,1.70000000000000E+01,1.94989820000000E+07,-8.32323074340820E+00,-2.50000000000000E+07,1.09352027433118E-09,1.40000000000000E+08,2.50000000000000E+07,5.46760137165592E-10,1.00438220349974E-25,-2.33387090772816E-16,-5.46760137165592E-10,-1.00438220349974E-25,2.33387090772816E-16,3.54041174155384E-09,-2.21598655313192E-16,-5.97015325675106E-27
1.50000000000000E+01,1.80000000000000E+01,1.94963460000000E+07,-1.51202133178711E+02,-2.50000000000000E+07,1.06507558328417E-09,1.40000000000000E+08,2.50000000000000E+07,5.32537791642085E-10,9.78258643215041E-26,-4.13004837103372E-15,-5.32537791642085E-10,-9.78258643215041E-26,4.13004837103372E-15,3.49768725094179E-09,-1.21656199721901E-14,-5.97015325675106E-27
1.50000000000000E+01,1.90000000000000E+01,1.94946360000000E+07,-1.79041641235352E+02,-2.50000000000000E+07,1.04701625147641E-09,1.40000000000000E+08,2.50000000000000E+07,5.23508125738203E-10,9.61671733347121E-26,-4.80797669608285E-15,-5.23508125738203E-10,-9.61671733347121E-26,4.80797669608285E-15,3.47034623260356E-09,-1.44121961408302E-14,-5.97015325675106E-27
1.50000000000000E+01,2.00000000000000E+01,1.94934880000000E+07,-1.66659088134766E+02,-2.50000000000000E+07,1.03506725412927E-09,1.40000000000000E+08,2.50000000000000E+07,5.17533627064637E-10,9.50696582743717E-26,-4.42464092437461E-15,-5.17533627064637E-10,-9.50696582743717E-26,4.42464092437461E-15,3.45216188968323E-09,-1.33717652429271E-14,-5.97015325675106E-27
1.50000000000000E+01,2.10000000000000E+01,1.94926940000000E+07,-1.43247802734375E+02,-2.50000000000000E+07,1.02689368119968E-09,1.40000000000000E+08,2.50000000000000E+07,5.13446840599840E-10,9.43188845597309E-26,-3.77321541321211E-15,-5.13446840599840E-10,-9.43188845597309E-26,3.77321541321211E-15,3.43967809790513E-09,-1.14602194040462E-14,-5.97015325675106E-27
1.50000000000000E+01,2.20000000000000E+01,1.94921360000000E+07,-1.19912490844727E+02,-2.50000000000000E+07,1.02116182176815E-09,1.40000000000000E+08,2.50000000000000E+07,5.10580910884073E-10,9.37923876982300E-26,-3.14101204423813E-15,-5.10580910884073E-10,-9.37923876982300E-26,3.14101204423813E-15,3.43090134080626E-09,-9.57258699933218E-15,-5.97015325675106E-27
1.50000000000000E+01,2.30000000000000E+01,1.94917320000000E+07,-1.00607688903809E+02,-2.50000000000000E+07,1.01706265631663E-09,1.40000000000000E+08,2.50000000000000E+07,5.08531328158313E-10,9.34158545274066E-26,-2.62481343728065E-15,-5.08531328158313E-10,-9.34158545274066E-26,2.62481343728065E-15,3.42461325963939E-09,-8.01930983911851E-15,-5.97015325675106E-27
1.50000000000000E+01,2.40000000000000E+01,1.32744600000000E+07,-8.64240341186523E+01,-2.50000000000000E+07,1.00139951886291E-09,1.40000000000000E+08,2.50000000000000E+07,5.00699759431456E-10,9.19772557331713E-26,-3.25983086146365E-15,-5.00699759431456E-10,-9.19772557331713E-26,3.25983086146365E-15,3.40049499669703E-09,-1.00243435514208E-14,-5.97015325675106E-27
1.50000000000000E+01,2.50000000000000E+01,1.32742430000000E+07,-7.73118438720703E+01,-2.50000000000000E+07,1.00118202617239E-09,1.40000000000000E+08,2.50000000000000E+07,5.00591013086193E-10,9.19572568766288E-26,-2.91554246159087E-15,-5.00591013086193E-10,-9.19572568766288E-26,2.91554246159087E-15,3.40015926525439E-09,-8.97316634651578E-15,-5.97015325675106E-27
1.50000000000000E+01,2.60000000000000E+01,1.32740780000000E+07,-7.27240447998047E+01,-2.50000000000000E+07,1.00101726907553E-09,1.40000000000000E+08,2.50000000000000E+07,5.00508634537766E-10,9.19421144450341E-26,-2.74211225388232E-15,-5.00508634537766E-10,-9.19421144450341E-26,2.74211225388232E-15,3.39990480213714E-09,-8.44561898037275E-15,-5.97015325675106E-27
1.50000000000000E+01,2.70000000000000E+01,1.32739470000000E+07,-7.17681274414062E+01,-2.50000000000000E+07,1.00088659582553E-09,1.40000000000000E+08,2.50000000000000E+07,5.00443297912767E-10,9.19301028051569E-26,-2.70574214143488E-15,-5.00443297912767E-10,-9.19301028051569E-26,2.70574214143488E-15,3.39970296359127E-09,-8.33866497715590E-15,-5.97015325675106E-27
1.50000000000000E+01,2.80000000000000E+01,1.32738330000000E+07,-7.31314544677734E+01,-2.50000000000000E+07,1.00077168774249E-09,1.40000000000000E+08,2.50000000000000E+07,5.00385843871243E-10,9.19195579535254E-26,-2.75684850958218E-15,-5.00385843871243E-10,-9.19195579535254E-26,2.75684850958218E-15,3.39952554995193E-09,-8.50003068283848E-15,-5.97015325675106E-27
1.50000000000000E+01,2.90000000000000E+01,1.32730610000000E+07,0.00000000000000E+00,-2.50000000000000E+07,9.99999971718069E-10,1.40000000000000E+08,2.50000000000000E+07,4.99999985859034E-10,9.18485111682489E-26,0.00000000000000E+00,-4.99999985859034E-10,-9.18485111682489E-26,0.00000000000000E+00,3.39833339246809E-09,-7.64506403181690E-41,5.51012976947947E-40
1.50000000000000E+01,3.00000000000000E+01,1.32730610000000E+07,0.00000000000000E+00,-2.50000000000000E+07,9.99999971718069E-10,1.40000000000000E+08,2.50000000000000E+07,4.99999985859034E-10,9.18485111682489E-26,0.00000000000000E+00,-4.99999985859034E-10,-9.18485111682489E-26,0.00000000000000E+00,3.39833339246809E-09,-7.64506403181690E-41,5.51012976947947E-40
1.50000000000000E+01,3.10000000000000E+01,1.32730610000000E+07,0.00000000000000E+00,-2.50000000000000E+07,9.99999971718069E-10,1.40000000000000E+08,2.50000000000000E+07,4.99999985859034E-10,9.18485111682489E-26,0.00000000000000E+00,-4.99999985859034E-10,-9.18485111682489E-26,0.00000000000000E+00,3.39833339246809E-09,-7.64506403181690E-41,1.65303893084384E-39
1.60000000000000E+01,1.00000000000000E+00,1.32730610000000E+07,0.00000000000000E+00,-2.50000000000000E+07,9.99999971718069E-10,1.40000000000000E+08,2.50000000000000E+07,4.99999985859034E-10,9.18485111682489E-26,0.00000000000000E+00,-4.99999985859034E-10,-9.18485111682489E-26,0.00000000000000E+00,3.39833339246809E-09,-7.64506403181690E-41,1.65303893084384E-39
1.60000000000000E+01,2.00000000000000E+00,1.32730610000000E+07,0.00000000000000E+00,-2.50000000000000E+07,9.99999971718069E-10,1.40000000000000E+08,2.50000000000000E+07,4.99999985859034E-10,9.18485111682489E-26,0.00000000000000E+00,-4.99999985859034E-10,-9.18485111682489E-26,0.00000000000000E+00,3.39833339246809E-09,-7.64506403181690E-41,5.51012976947947E-40
1.60000000000000E+01,3.00000000000000E+00,1.32730610000000E+07,0.00000000000000E+00,-2.50000000000000E+07,9.99999971718069E-10,1.40000000000000E+08,2.50000000000000E+07,4.99999985859034E-10,9.18485111682489E-26,0.00000000000000E+00,-4.99999985859034E-10,-9.18485111682489E-26,0.00000000000000E+00,3.39833339246809E-09,-7.64506403181690E-41,5.51012976947947E-40
1.60000000000000E+01,4.00000000000000E+00,1.32907290000000E+07,1.00047613525391E+03,-2.50000000000000E+07,1.01782460237843E-09,1.40000000000000E+08,2.50000000000000E+07,5.08912301189213E-10,9.34833267867063E-26,3.83090064390908E-14,-5.08912301189213E-10,-9.34833267867063E-26,-3.83090064390908E-14,3.42576411682671E-09,1.16641342851748E-13,-5.97015325675106E-27
1.60000000000000E+01,5.00000000000000E+00,1.32983330000000E+07,-6.45877502441406E+02,-2.50000000000000E+07,1.02559416514936E-09,1.40000000000000E+08,2.50000000000000E+07,5.12797082574679E-10,9.42008204319081E-26,-2.49056858307468E-14,-5.12797082574679E-10,-9.42008204319081E-26,2.49056858307468E-14,3.43766237698162E-09,-7.70330183647548E-14,-5.97015325675106E-27
1.60000000000000E+01,6.00000000000000E+00,1.33131580000000E+07,-4.80255859375000E+03,-2.50000000000000E+07,1.04091257835393E-09,1.40000000000000E+08,2.50000000000000E+07,5.20456233665811E-10,9.56177563661290E-26,-1.87748213785650E-13,-5.20456233665811E-10,-9.56177563661290E-26,1.87748213785650E-13,3.46106632242993E-09,-5.72826725289688E-13,-5.97015325675106E-27
1.60000000000000E+01,7.00000000000000E+00,1.33385280000000E+07,-1.08679296875000E+04,-2.50000000000000E+07,1.06766218088694E-09,1.40000000000000E+08,2.50000000000000E+07,5.33830923910017E-10,9.80897814351313E-26,-4.34953288663831E-13,-5.33830923910017E-10,-9.80897814351313E-26,4.34953288663831E-13,3.50149265138100E-09,-1.30090068491823E-12,-5.97015325675106E-27
1.60000000000000E+01,8.00000000000000E+00,1.35492730000000E+07,-1.37033375000000E+05,-2.50000000000000E+07,1.31904009936790E-09,1.40000000000000E+08,2.50000000000000E+07,6.59486298904000E-10,1.21554085445357E-25,-6.66985173689016E-12,-6.59486298904000E-10,-1.21554085445357E-25,6.66985173689016E-12,3.87269727397666E-09,-1.91638805518979E-11,-5.97015325675106E-27
1.60000000000000E+01,9.00000000000000E+00,1.34474710000000E+07,-1.66374734375000E+05,-2.50000000000000E+07,1.19176957191769E-09,1.40000000000000E+08,2.50000000000000E+07,5.95839155792532E-10,1.09905272280798E-25,-7.37183838278588E-12,-5.95839155792532E-10,-1.09905272280798E-25,7.37183838278588E-12,3.66816177432838E-09,-2.09122736488654E-11,-5.97015325675106E-27
1.60000000000000E+01,1.00000000000000E+01,1.35396650000000E+07,4.66891906738281E+02,-2.50000000000000E+07,1.30552280097618E-09,1.40000000000000E+08,2.50000000000000E+07,6.52761400488089E-10,1.19908940679422E-25,2.25093466137355E-14,-6.52761400488089E-10,-1.19908940679422E-25,-2.25093466137355E-14,3.87031517945502E-09,6.14001173038572E-14,-5.97015325675106E-27
1.60000000000000E+01,1.10000000000000E+01,1.34470330000000E+07,1.67191109375000E+05,-2.50000000000000E+07,1.19125931341557E-09,1.40000000000000E+08,2.50000000000000E+07,5.95583637963415E-10,1.08953511598648E-25,7.40507568458559E-12,-5.95583637963415E-10,-1.08953511598648E-25,-7.40507568458559E-12,3.66737507029313E-09,2.10114287080287E-11,-5.97015325675106E-27
1.60000000000000E+01,1.20000000000000E+01,1.35480630000000E+07,1.37865906250000E+05,-2.50000000000000E+07,1.31745669929018E-09,1.40000000000000E+08,2.50000000000000E+07,6.58694210287081E-10,1.20589727640627E-25,6.70291253057620E-12,-6.58694210287081E-10,-1.20589727640627E-25,-6.70291253057620E-12,3.87052478956207E-09,1.92670324139499E-11,-5.97015325675106E-27
1.60000000000000E+01,1.30000000000000E+01,1.33368420000000E+07,1.19313593750000E+04,-2.50000000000000E+07,1.06586406367626E-09,1.40000000000000E+08,2.50000000000000E+07,5.32931809793524E-10,9.78687894481046E-26,4.76769611203881E-13,-5.32931809793524E-10,-9.78687894481046E-26,-4.76769611203881E-13,3.49878459537933E-09,1.42812834041245E-12,-5.97015325675106E-27
1.60000000000000E+01,1.40000000000000E+01,1.33108660000000E+07,6.09955908203125E+03,-2.50000000000000E+07,1.03852981769847E-09,1.40000000000000E+08,2.50000000000000E+07,5.19264853338086E-10,9.53728335439853E-26,2.37947465550614E-13,-5.19264853338086E-10,-9.53728335439853E-26,-2.37947465550614E-13,3.45744188834374E-09,7.26394476253250E-13,-5.97015325675106E-27
1.60000000000000E+01,1.50000000000000E+01,1.32954390000000E+07,2.24688061523438E+03,-2.50000000000000E+07,1.02262986967361E-09,1.40000000000000E+08,2.50000000000000E+07,5.11314934836804E-10,9.39217362347829E-26,8.64103574934813E-14,-5.11314934836804E-10,-9.39217362347829E-26,-8.64103574934813E-14,3.43312711592603E-09,2.65625358080585E-13,-5.97015325675106E-27
1.60000000000000E+01,1.60000000000000E+01,1.32873420000000E+07,9.36399475097656E+02,-2.50000000000000E+07,1.01438324406899E-09,1.40000000000000E+08,2.50000000000000E+07,5.07191622034497E-10,9.31674003201170E-26,3.57433368655940E-14,-5.07191622034497E-10,-9.31674003201170E-26,-3.57433368655940E-14,3.42048389612160E-09,1.10764343660627E-13,-5.97015325675106E-27
1.60000000000000E+01,1.70000000000000E+01,1.32826090000000E+07,3.96686828613281E+02,-2.50000000000000E+07,1.00959318682925E-09,1.40000000000000E+08,2.50000000000000E+07,5.04796593414625E-10,9.27287073751526E-26,1.50758159618179E-14,-5.04796593414625E-10,-9.27287073751526E-26,-1.50758159618179E-14,3.41312178520070E-09,4.70741338704644E-14,-5.97015325675106E-27
1.60000000000000E+01,1.80000000000000E+01,1.32797110000000E+07,1.78378417968750E+02,-2.50000000000000E+07,1.00667230107376E-09,1.40000000000000E+08,2.50000000000000E+07,5.03336150536882E-10,9.24609384016366E-26,6.76101359685204E-15,-5.03336150536882E-10,-9.24609384016366E-26,-6.76101359685204E-15,3.40862604808478E-09,2.13031581443182E-14,-5.97015325675106E-27
1.60000000000000E+01,1.90000000000000E+01,1.32778560000000E+07,8.83832778930664E+01,-2.50000000000000E+07,1.00480590514707E-09,1.40000000000000E+08,2.50000000000000E+07,5.02402952573533E-10,9.22897247703245E-26,3.34421630707562E-15,-5.02402952573533E-10,-9.22897247703245E-26,-3.34421630707562E-15,3.40575057045100E-09,1.06382882781838E-14,-5.97015325675106E-27
1.60000000000000E+01,2.00000000000000E+01,1.32766250000000E+07,5.14145622253418E+01,-2.50000000000000E+07,1.00357055998757E-09,1.40000000000000E+08,2.50000000000000E+07,5.01785279993783E-10,9.21763383411507E-26,1.94319480143856E-15,-5.01785279993783E-10,-9.21763383411507E-26,-1.94319480143856E-15,3.40384564978535E-09,6.22397268543618E-15,-5.97015325675106E-27
1.60000000000000E+01,2.10000000000000E+01,1.32757860000000E+07,3.47759780883789E+01,-2.50000000000000E+07,1.00272878889029E-09,1.40000000000000E+08,2.50000000000000E+07,5.01364394445147E-10,9.20990669502939E-26,1.31332617290457E-15,-5.01364394445147E-10,-9.20990669502939E-26,-1.31332617290457E-15,3.40254713293575E-09,4.21634154660114E-15,-5.97015325675106E-27
1.60000000000000E+01,2.20000000000000E+01,1.32752010000000E+07,2.41768550872803E+01,-2.50000000000000E+07,1.00214181397718E-09,1.40000000000000E+08,2.50000000000000E+07,5.01070906988588E-10,9.20451717267302E-26,9.12552533911197E-16,-5.01070906988588E-10,-9.20451717267302E-26,-9.12552533911197E-16,3.40164119094766E-09,2.93515529772631E-15,-5.97015325675106E-27
1.60000000000000E+01,2.30000000000000E+01,1.32747840000000E+07,1.33341665267944E+01,-2.50000000000000E+07,1.00172470318682E-09,1.40000000000000E+08,2.50000000000000E+07,5.00862351593412E-10,9.20068934838995E-26,5.03102842318217E-16,-5.00862351593412E-10,-9.20068934838995E-26,-5.03102842318217E-16,3.40099748363798E-09,1.64029772532456E-15,-5.97015325675106E-27
1.60000000000000E+01,2.40000000000000E+01,1.32744840000000E+07,-2.83656895160675E-01,-2.50000000000000E+07,1.00142372172485E-09,1.40000000000000E+08,2.50000000000000E+07,5.00711860862424E-10,9.19792771892410E-26,-1.06995018140346E-17,-5.00711860862424E-10,-9.19792771892410E-26,1.06995018140346E-17,3.40053274427987E-09,3.21116212178965E-17,-5.97015325675106E-27
1.60000000000000E+01,2.50000000000000E+01,1.32742640000000E+07,-1.72234649658203E+01,-2.50000000000000E+07,1.00120312040985E-09,1.40000000000000E+08,2.50000000000000E+07,5.00601560204927E-10,9.19590503025930E-26,-6.49534563047311E-16,-5.00601560204927E-10,-9.19590503025930E-26,6.49534563047311E-16,3.40019190581131E-09,-1.95608854871990E-15,-5.97015325675106E-27
1.60000000000000E+01,2.60000000000000E+01,1.32740980000000E+07,-3.65247917175293E+01,-2.50000000000000E+07,1.00103736411228E-09,1.40000000000000E+08,2.50000000000000E+07,5.00518682056139E-10,9.19438708931434E-26,-1.37721903278626E-15,-5.00518682056139E-10,-9.19438708931434E-26,1.37721903278626E-15,3.39993588838183E-09,-4.21440141763546E-15,-5.97015325675106E-27
1.60000000000000E+01,2.70000000000000E+01,1.32739670000000E+07,-5.52613029479980E+01,-2.50000000000000E+07,1.00090624677307E-09,1.40000000000000E+08,2.50000000000000E+07,5.00453123386535E-10,9.19318777421937E-26,-2.08345329310851E-15,-5.00453123386535E-10,-9.19318777421937E-26,2.08345329310851E-15,3.39973338370214E-09,-6.40335181729154E-15,-5.97015325675106E-27
1.60000000000000E+01,2.80000000000000E+01,1.32738510000000E+07,-6.66294860839844E+01,-2.50000000000000E+07,1.00079045051160E-09,1.40000000000000E+08,2.50000000000000E+07,5.00395225255801E-10,9.19212650978281E-26,-2.51178641959022E-15,-5.00395225255801E-10,-9.19212650978281E-26,2.51178641959022E-15,3.39955441575057E-09,-7.73159138166106E-15,-5.97015325675106E-27
1.60000000000000E+01,2.90000000000000E+01,1.32730610000000E+07,0.00000000000000E+00,-2.50000000000000E+07,9.99999971718069E-10,1.40000000000000E+08,2.50000000000000E+07,4.99999985859034E-10,9.18485111682489E-26,0.00000000000000E+00,-4.99999985859034E-10,-9.18485111682489E-26,0.00000000000000E+00,3.39833339246809E-09,-7.64506403181690E-41,5.51012976947947E-40
1.60000000000000E+01,3.00000000000000E+01,1.32730610000000E+07,0.00000000000000E+00,-2.50000000000000E+07,9.99999971718069E-10,1.40000000000000E+08,2.50000000000000E+07,4.99999985859034E-10,9.18485111682489E-26,0.00000000000000E+00,-4.99999985859034E-10,-9.18485111682489E-26,0.00000000000000E+00,3.39833339246809E-09,-7.64506403181690E-41,5.51012976947947E-40
1.60000000000000E+01,3.10000000000000E+01,1.32730610000000E+07,0.00000000000000E+00,-2.50000000000000E+07,9.99999971718069E-10,1.40000000000000E+08,2.50000000000000E+07,4.99999985859034E-10,9.18485111682489E-26,0.00000000000000E+00,-4.99999985859034E-10,-9.18485111682489E-26,0.00000000000000E+00,3.39833339246809E-09,-7.64506403181690E-41,5.51012976947947E-40
