nid_dip,nid_strike,shear_strike,shear_dip,effective_normal,slip_rate,state_variable,state_normal,vxm,vym,vzm,vxs,vys,vzs,slips,slipd,slipn
1.00000000000000E+00,1.00000000000000E+00,1.39638370000000E+07,0.00000000000000E+00,-2.50000000000000E+07,9.99999971718069E-10,5.00000000000000E+05,2.50000000000000E+07,4.99999985859034E-10,9.18485111682489E-26,0.00000000000000E+00,-4.99999985859034E-10,-9.18485111682489E-26,0.00000000000000E+00,4.20833340397664E-10,-9.46717242497846E-42,1.95150429335731E-40
1.00000000000000E+00,2.00000000000000E+00,1.39638370000000E+07,0.00000000000000E+00,-2.50000000000000E+07,9.99999971718069E-10,5.00000000000000E+05,2.50000000000000E+07,4.99999985859034E-10,9.18485111682489E-26,0.00000000000000E+00,-4.99999985859034E-10,-9.18485111682489E-26,0.00000000000000E+00,4.20833340397664E-10,-9.46717242497846E-42,1.95150429335731E-40
1.00000000000000E+00,3.00000000000000E+00,1.39638370000000E+07,0.00000000000000E+00,-2.50000000000000E+07,9.99999971718069E-10,5.00000000000000E+05,2.50000000000000E+07,4.99999985859034E-10,9.18485111682489E-26,0.00000000000000E+00,-4.99999985859034E-10,-9.18485111682489E-26,0.00000000000000E+00,4.20833340397664E-10,-9.46717242497846E-42,6.88766221184934E-41
1.00000000000000E+00,4.00000000000000E+00,1.39638370000000E+07,0.00000000000000E+00,-2.50000000000000E+07,9.99999971718069E-10,5.00000000000000E+05,2.50000000000000E+07,4.99999985859034E-10,9.18485111682489E-26,0.00000000000000E+00,-4.99999985859034E-10,-9.18485111682489E-26,0.00000000000000E+00,4.20833340397664E-10,-9.46717242497846E-42,6.88766221184934E-41
1.00000000000000E+00,5.00000000000000E+00,1.39638370000000E+07,0.00000000000000E+00,-2.50000000000000E+07,9.99999971718069E-10,5.00000000000000E+05,2.50000000000000E+07,4.99999985859034E-10,9.18485111682489E-26,0.00000000000000E+00,-4.99999985859034E-10,-9.18485111682489E-26,0.00000000000000E+00,4.20833340397664E-10,-9.46717242497846E-42,1.95150429335731E-40
1.00000000000000E+00,6.00000000000000E+00,1.39638370000000E+07,0.00000000000000E+00,-2.50000000000000E+07,9.99999971718069E-10,5.00000000000000E+05,2.50000000000000E+07,4.99999985859034E-10,9.18485111682489E-26,0.00000000000000E+00,-4.99999985859034E-10,-9.18485111682489E-26,0.00000000000000E+00,4.20833340397664E-10,-9.46717242497846E-42,1.95150429335731E-40
1.00000000000000E+00,7.00000000000000E+00,1.39638370000000E+07,0.00000000000000E+00,-2.50000000000000E+07,9.99999971718069E-10,5.00000000000000E+05,2.50000000000000E+07,4.99999985859034E-10,9.18485111682489E-26,0.00000000000000E+00,-4.99999985859034E-10,-9.18485111682489E-26,0.00000000000000E+00,4.20833340397664E-10,-9.46717242497846E-42,1.95150429335731E-40
1.00000000000000E+00,8.00000000000000E+00,1.39638370000000E+07,0.00000000000000E+00,-2.50000000000000E+07,9.99999971718069E-10,5.00000000000000E+05,2.50000000000000E+07,4.99999985859034E-10,9.18485111682489E-26,0.00000000000000E+00,-4.99999985859034E-10,-9.18485111682489E-26,0.00000000000000E+00,4.20833340397664E-10,-9.46717242497846E-42,1.95150429335731E-40
1.00000000000000E+00,9.00000000000000E+00,1.39638370000000E+07,0.00000000000000E+00,-2.50000000000000E+07,9.99999971718069E-10,5.00000000000000E+05,2.50000000000000E+07,4.99999985859034E-10,9.18485111682489E-26,0.00000000000000E+00,-4.99999985859034E-10,-9.18485111682489E-26,0.00000000000000E+00,4.20833340397664E-10,-9.46717242497846E-42,1.95150429335731E-40
1.00000000000000E+00,1.00000000000000E+01,1.39638370000000E+07,0.00000000000000E+00,-2.50000000000000E+07,9.99999971718069E-10,5.00000000000000E+05,2.50000000000000E+07,4.99999985859034E-10,9.18485111682489E-26,0.00000000000000E+00,-4.99999985859034E-10,-9.18485111682489E-26,0.00000000000000E+00,4.20833340397664E-10,-9.46717242497846E-42,1.95150429335731E-40
1.00000000000000E+00,1.10000000000000E+01,1.39638370000000E+07,0.00000000000000E+00,-2.50000000000000E+07,9.99999971718069E-10,5.00000000000000E+05,2.50000000000000E+07,4.99999985859034E-10,9.18485111682489E-26,0.00000000000000E+00,-4.99999985859034E-10,-9.18485111682489E-26,0.00000000000000E+00,4.20833340397664E-10,-9.46717242497846E-42,1.95150429335731E-40
1.00000000000000E+00,1.20000000000000E+01,1.39638370000000E+07,0.00000000000000E+00,-2.50000000000000E+07,9.99999971718069E-10,5.00000000000000E+05,2.50000000000000E+07,4.99999985859034E-10,9.18485111682489E-26,0.00000000000000E+00,-4.99999985859034E-10,-9.18485111682489E-26,0.00000000000000E+00,4.20833340397664E-10,-9.46717242497846E-42,1.95150429335731E-40
1.00000000000000E+00,1.30000000000000E+01,1.39638370000000E+07,0.00000000000000E+00,-2.50000000000000E+07,9.99999971718069E-10,5.00000000000000E+05,2.50000000000000E+07,4.99999985859034E-10,9.18485111682489E-26,0.00000000000000E+00,-4.99999985859034E-10,-9.18485111682489E-26,0.00000000000000E+00,4.20833340397664E-10,-9.46717242497846E-42,1.95150429335731E-40
1.00000000000000E+00,1.40000000000000E+01,1.39638370000000E+07,0.00000000000000E+00,-2.50000000000000E+07,9.99999971718069E-10,5.00000000000000E+05,2.50000000000000E+07,4.99999985859034E-10,9.18485111682489E-26,0.00000000000000E+00,-4.99999985859034E-10,-9.18485111682489E-26,0.00000000000000E+00,4.20833340397664E-10,-9.46717242497846E-42,1.95150429335731E-40
1.00000000000000E+00,1.50000000000000E+01,1.39638370000000E+07,0.00000000000000E+00,-2.50000000000000E+07,9.99999971718069E-10,5.00000000000000E+05,2.50000000000000E+07,4.99999985859034E-10,9.18485111682489E-26,0.00000000000000E+00,-4.99999985859034E-10,-9.18485111682489E-26,0.00000000000000E+00,4.20833340397664E-10,-9.46717242497846E-42,1.95150429335731E-40
1.00000000000000E+00,1.60000000000000E+01,1.39638370000000E+07,0.00000000000000E+00,-2.50000000000000E+07,9.99999971718069E-10,5.00000000000000E+05,2.50000000000000E+07,4.99999985859034E-10,9.18485111682489E-26,0.00000000000000E+00,-4.99999985859034E-10,-9.18485111682489E-26,0.00000000000000E+00,4.20833340397664E-10,-9.46717242497846E-42,1.95150429335731E-40
1.00000000000000E+00,1.70000000000000E+01,1.39638370000000E+07,0.00000000000000E+00,-2.50000000000000E+07,9.99999971718069E-10,5.00000000000000E+05,2.50000000000000E+07,4.99999985859034E-10,9.18485111682489E-26,0.00000000000000E+00,-4.99999985859034E-10,-9.18485111682489E-26,0.00000000000000E+00,4.20833340397664E-10,-9.46717242497846E-42,6.88766221184934E-41
1.00000000000000E+00,1.80000000000000E+01,1.39638370000000E+07,0.00000000000000E+00,-2.50000000000000E+07,9.99999971718069E-10,5.00000000000000E+05,2.50000000000000E+07,4.99999985859034E-10,9.18485111682489E-26,0.00000000000000E+00,-4.99999985859034E-10,-9.18485111682489E-26,0.00000000000000E+00,4.20833340397664E-10,-9.46717242497846E-42,6.88766221184934E-41
1.00000000000000E+00,1.90000000000000E+01,1.39638370000000E+07,0.00000000000000E+00,-2.50000000000000E+07,9.99999971718069E-10,5.00000000000000E+05,2.50000000000000E+07,4.99999985859034E-10,9.18485111682489E-26,0.00000000000000E+00,-4.99999985859034E-10,-9.18485111682489E-26,0.00000000000000E+00,4.20833340397664E-10,-9.46717242497846E-42,1.95150429335731E-40
1.00000000000000E+00,2.00000000000000E+01,1.39638370000000E+07,0.00000000000000E+00,-2.50000000000000E+07,9.99999971718069E-10,5.00000000000000E+05,2.50000000000000E+07,4.99999985859034E-10,9.18485111682489E-26,0.00000000000000E+00,-4.99999985859034E-10,-9.18485111682489E-26,0.00000000000000E+00,4.20833340397664E-10,-9.46717242497846E-42,1.95150429335731E-40
1.00000000000000E+00,2.10000000000000E+01,1.39638370000000E+07,0.00000000000000E+00,-2.50000000000000E+07,9.99999971718069E-10,5.00000000000000E+05,2.50000000000000E+07,4.99999985859034E-10,9.18485111682489E-26,0.00000000000000E+00,-4.99999985859034E-10,-9.18485111682489E-26,0.00000000000000E+00,4.20833340397664E-10,-9.46717242497846E-42,6.88766221184934E-41
2.00000000000000E+00,1.00000000000000E+00,1.39638370000000E+07,0.00000000000000E+00,-2.50000000000000E+07,9.99999971718069E-10,5.00000000000000E+05,2.50000000000000E+07,4.99999985859034E-10,9.18485111682489E-26,0.00000000000000E+00,-4.99999985859034E-10,-9.18485111682489E-26,0.00000000000000E+00,4.20833340397664E-10,-9.46717242497846E-42,6.88766221184934E-41
2.00000000000000E+00,2.00000000000000E+00,1.39638370000000E+07,0.00000000000000E+00,-2.50000000000000E+07,9.99999971718069E-10,5.00000000000000E+05,2.50000000000000E+07,4.99999985859034E-10,9.18485111682489E-26,0.00000000000000E+00,-4.99999985859034E-10,-9.18485111682489E-26,0.00000000000000E+00,4.20833340397664E-10,-9.46717242497846E-42,6.88766221184934E-41
2.00000000000000E+00,3.00000000000000E+00,1.39638370000000E+07,0.00000000000000E+00,-2.50000000000000E+07,9.99999971718069E-10,5.00000000000000E+05,2.50000000000000E+07,4.99999985859034E-10,9.18485111682489E-26,0.00000000000000E+00,-4.99999985859034E-10,-9.18485111682489E-26,0.00000000000000E+00,4.20833340397664E-10,-9.46717242497846E-42,6.88766221184934E-41
2.00000000000000E+00,4.00000000000000E+00,1.39638370000000E+07,0.00000000000000E+00,-2.50000000000000E+07,9.99999971718069E-10,5.00000000000000E+05,2.50000000000000E+07,4.99999985859034E-10,9.18485111682489E-26,0.00000000000000E+00,-4.99999985859034E-10,-9.18485111682489E-26,0.00000000000000E+00,4.20833340397664E-10,-9.46717242497846E-42,6.88766221184934E-41
2.00000000000000E+00,5.00000000000000E+00,1.39638370000000E+07,0.00000000000000E+00,-2.50000000000000E+07,9.99999971718069E-10,5.00000000000000E+05,2.50000000000000E+07,4.99999985859034E-10,9.18485111682489E-26,0.00000000000000E+00,-4.99999985859034E-10,-9.18485111682489E-26,0.00000000000000E+00,4.20833340397664E-10,-9.46717242497846E-42,6.88766221184934E-41
2.00000000000000E+00,6.00000000000000E+00,1.39638370000000E+07,0.00000000000000E+00,-2.50000000000000E+07,9.99999971718069E-10,5.00000000000000E+05,2.50000000000000E+07,4.99999985859034E-10,9.18485111682489E-26,0.00000000000000E+00,-4.99999985859034E-10,-9.18485111682489E-26,0.00000000000000E+00,4.20833340397664E-10,-9.46717242497846E-42,6.88766221184934E-41
2.00000000000000E+00,7.00000000000000E+00,1.39638370000000E+07,0.00000000000000E+00,-2.50000000000000E+07,9.99999971718069E-10,5.00000000000000E+05,2.50000000000000E+07,4.99999985859034E-10,9.18485111682489E-26,0.00000000000000E+00,-4.99999985859034E-10,-9.18485111682489E-26,0.00000000000000E+00,4.20833340397664E-10,-9.46717242497846E-42,6.88766221184934E-41
2.00000000000000E+00,8.00000000000000E+00,1.39638370000000E+07,0.00000000000000E+00,-2.50000000000000E+07,9.99999971718069E-10,5.00000000000000E+05,2.50000000000000E+07,4.99999985859034E-10,9.18485111682489E-26,0.00000000000000E+00,-4.99999985859034E-10,-9.18485111682489E-26,0.00000000000000E+00,4.20833340397664E-10,-9.46717242497846E-42,6.88766221184934E-41
2.00000000000000E+00,9.00000000000000E+00,1.39638370000000E+07,0.00000000000000E+00,-2.50000000000000E+07,9.99999971718069E-10,5.00000000000000E+05,2.50000000000000E+07,4.99999985859034E-10,9.18485111682489E-26,0.00000000000000E+00,-4.99999985859034E-10,-9.18485111682489E-26,0.00000000000000E+00,4.20833340397664E-10,-9.46717242497846E-42,6.88766221184934E-41
2.00000000000000E+00,1.00000000000000E+01,1.39638370000000E+07,0.00000000000000E+00,-2.50000000000000E+07,9.99999971718069E-10,5.00000000000000E+05,2.50000000000000E+07,4.99999985859034E-10,9.18485111682489E-26,0.00000000000000E+00,-4.99999985859034E-10,-9.18485111682489E-26,0.00000000000000E+00,4.20833340397664E-10,-9.46717242497846E-42,6.88766221184934E-41
2.00000000000000E+00,1.10000000000000E+01,1.39638370000000E+07,0.00000000000000E+00,-2.50000000000000E+07,9.99999971718069E-10,5.00000000000000E+05,2.50000000000000E+07,4.99999985859034E-10,9.18485111682489E-26,0.00000000000000E+00,-4.99999985859034E-10,-9.18485111682489E-26,0.00000000000000E+00,4.20833340397664E-10,-9.46717242497846E-42,6.88766221184934E-41
2.00000000000000E+00,1.20000000000000E+01,1.39638370000000E+07,0.00000000000000E+00,-2.50000000000000E+07,9.99999971718069E-10,5.00000000000000E+05,2.50000000000000E+07,4.99999985859034E-10,9.18485111682489E-26,0.00000000000000E+00,-4.99999985859034E-10,-9.18485111682489E-26,0.00000000000000E+00,4.20833340397664E-10,-9.46717242497846E-42,6.88766221184934E-41
2.00000000000000E+00,1.30000000000000E+01,1.39638370000000E+07,0.00000000000000E+00,-2.50000000000000E+07,9.99999971718069E-10,5.00000000000000E+05,2.50000000000000E+07,4.99999985859034E-10,9.18485111682489E-26,0.00000000000000E+00,-4.99999985859034E-10,-9.18485111682489E-26,0.00000000000000E+00,4.20833340397664E-10,-9.46717242497846E-42,6.88766221184934E-41
2.00000000000000E+00,1.40000000000000E+01,1.39638370000000E+07,0.00000000000000E+00,-2.50000000000000E+07,9.99999971718069E-10,5.00000000000000E+05,2.50000000000000E+07,4.99999985859034E-10,9.18485111682489E-26,0.00000000000000E+00,-4.99999985859034E-10,-9.18485111682489E-26,0.00000000000000E+00,4.20833340397664E-10,-9.46717242497846E-42,6.88766221184934E-41
2.00000000000000E+00,1.50000000000000E+01,1.39638370000000E+07,0.00000000000000E+00,-2.50000000000000E+07,9.99999971718069E-10,5.00000000000000E+05,2.50000000000000E+07,4.99999985859034E-10,9.18485111682489E-26,0.00000000000000E+00,-4.99999985859034E-10,-9.18485111682489E-26,0.00000000000000E+00,4.20833340397664E-10,-9.46717242497846E-42,6.88766221184934E-41
2.00000000000000E+00,1.60000000000000E+01,1.39638370000000E+07,0.00000000000000E+00,-2.50000000000000E+07,9.99999971718069E-10,5.00000000000000E+05,2.50000000000000E+07,4.99999985859034E-10,9.18485111682489E-26,0.00000000000000E+00,-4.99999985859034E-10,-9.18485111682489E-26,0.00000000000000E+00,4.20833340397664E-10,-9.46717242497846E-42,6.88766221184934E-41
2.00000000000000E+00,1.70000000000000E+01,1.39638370000000E+07,0.00000000000000E+00,-2.50000000000000E+07,9.99999971718069E-10,5.00000000000000E+05,2.50000000000000E+07,4.99999985859034E-10,9.18485111682489E-26,0.00000000000000E+00,-4.99999985859034E-10,-9.18485111682489E-26,0.00000000000000E+00,4.20833340397664E-10,-9.46717242497846E-42,6.88766221184934E-41
2.00000000000000E+00,1.80000000000000E+01,1.39638370000000E+07,0.00000000000000E+00,-2.50000000000000E+07,9.99999971718069E-10,5.00000000000000E+05,2.50000000000000E+07,4.99999985859034E-10,9.18485111682489E-26,0.00000000000000E+00,-4.99999985859034E-10,-9.18485111682489E-26,0.00000000000000E+00,4.20833340397664E-10,-9.46717242497846E-42,6.88766221184934E-41
2.00000000000000E+00,1.90000000000000E+01,1.39638370000000E+07,0.00000000000000E+00,-2.50000000000000E+07,9.99999971718069E-10,5.00000000000000E+05,2.50000000000000E+07,4.99999985859034E-10,9.18485111682489E-26,0.00000000000000E+00,-4.99999985859034E-10,-9.18485111682489E-26,0.00000000000000E+00,4.20833340397664E-10,-9.46717242497846E-42,6.88766221184934E-41
2.00000000000000E+00,2.00000000000000E+01,1.39638370000000E+07,0.00000000000000E+00,-2.50000000000000E+07,9.99999971718069E-10,5.00000000000000E+05,2.50000000000000E+07,4.99999985859034E-10,9.18485111682489E-26,0.00000000000000E+00,-4.99999985859034E-10,-9.18485111682489E-26,0.00000000000000E+00,4.20833340397664E-10,-9.46717242497846E-42,6.88766221184934E-41
2.00000000000000E+00,2.10000000000000E+01,1.39638370000000E+07,0.00000000000000E+00,-2.50000000000000E+07,9.99999971718069E-10,5.00000000000000E+05,2.50000000000000E+07,4.99999985859034E-10,9.18485111682489E-26,0.00000000000000E+00,-4.99999985859034E-10,-9.18485111682489E-26,0.00000000000000E+00,4.20833340397664E-10,-9.46717242497846E-42,6.88766221184934E-41
3.00000000000000E+00,1.00000000000000E+00,1.39638370000000E+07,0.00000000000000E+00,-2.50000000000000E+07,9.99999971718069E-10,5.00000000000000E+05,2.50000000000000E+07,4.99999985859034E-10,9.18485111682489E-26,0.00000000000000E+00,-4.99999985859034E-10,-9.18485111682489E-26,0.00000000000000E+00,4.20833340397664E-10,-9.46717242497846E-42,6.88766221184934E-41
3.00000000000000E+00,2.00000000000000E+00,1.39638370000000E+07,0.00000000000000E+00,-2.50000000000000E+07,9.99999971718069E-10,5.00000000000000E+05,2.50000000000000E+07,4.99999985859034E-10,9.18485111682489E-26,0.00000000000000E+00,-4.99999985859034E-10,-9.18485111682489E-26,0.00000000000000E+00,4.20833340397664E-10,-9.46717242497846E-42,6.88766221184934E-41
3.00000000000000E+00,3.00000000000000E+00,1.39638370000000E+07,2.13218420743942E-01,-2.50000000000000E+07,1.00000119296340E-09,5.00000000000000E+05,2.50000000000000E+07,5.00000596481698E-10,9.18486221018137E-26,7.63467356743376E-18,-5.00000596481698E-10,-9.18486221018137E-26,-7.63467356743376E-18,4.20833368153239E-10,5.30280313397851E-19,-3.82702117028171E-28
3.00000000000000E+00,4.00000000000000E+00,1.39638370000000E+07,2.14828789234161E-01,-2.50000000000000E+07,1.00000141500800E-09,5.00000000000000E+05,2.50000000000000E+07,5.00000707504000E-10,9.18486405907412E-26,7.69233715511544E-18,-5.00000707504000E-10,-9.18486405907412E-26,-7.69233715511544E-18,4.20833395908815E-10,5.34489525342404E-19,-3.82702117028171E-28
3.00000000000000E+00,5.00000000000000E+00,1.39638370000000E+07,2.33505383133888E-01,-2.50000000000000E+07,1.00000152603030E-09,5.00000000000000E+05,2.50000000000000E+07,5.00000763015152E-10,9.18486529166928E-26,8.36108786494619E-18,-5.00000763015152E-10,-9.18486529166928E-26,-8.36108786494619E-18,4.20833395908815E-10,5.81205067424219E-19,-3.82702117028171E-28
3.00000000000000E+00,6.00000000000000E+00,1.39638370000000E+07,2.49140754342079E-01,-2.50000000000000E+07,1.00000163705261E-09,5.00000000000000E+05,2.50000000000000E+07,5.00000818526303E-10,9.18486590796687E-26,8.92094190149555E-18,-5.00000818526303E-10,-9.18486590796687E-26,-8.92094190149555E-18,4.20833395908815E-10,6.20373051705582E-19,-3.82702117028171E-28
3.00000000000000E+00,7.00000000000000E+00,1.39638370000000E+07,2.41109877824783E-01,-2.50000000000000E+07,1.00000163705261E-09,5.00000000000000E+05,2.50000000000000E+07,5.00000818526303E-10,9.18486652426445E-26,8.63338166052823E-18,-5.00000818526303E-10,-9.18486652426445E-26,-8.63338166052823E-18,4.20833395908815E-10,6.00601418812822E-19,-3.82702117028171E-28
3.00000000000000E+00,8.00000000000000E+00,1.39638370000000E+07,1.93255051970482E-01,-2.50000000000000E+07,1.00000163705261E-09,5.00000000000000E+05,2.50000000000000E+07,5.00000818526303E-10,9.18486652426445E-26,6.91985220620626E-18,-5.00000818526303E-10,-9.18486652426445E-26,-6.91985220620626E-18,4.20833395908815E-10,4.81562580643352E-19,-3.82702117028171E-28
3.00000000000000E+00,9.00000000000000E+00,1.39638370000000E+07,1.01978674530983E-01,-2.50000000000000E+07,1.00000163705261E-09,5.00000000000000E+05,2.50000000000000E+07,5.00000818526303E-10,9.18486590796687E-26,3.65153380660461E-18,-5.00000818526303E-10,-9.18486590796687E-26,-3.65153380660461E-18,4.20833395908815E-10,2.54236003370310E-19,-3.82702117028171E-28
3.00000000000000E+00,1.00000000000000E+01,1.39638370000000E+07,-1.79454945027828E-02,-2.50000000000000E+07,1.00000163705261E-09,5.00000000000000E+05,2.50000000000000E+07,5.00000818526303E-10,9.18486590796687E-26,-6.42571374021632E-19,-5.00000818526303E-10,-9.18486590796687E-26,6.42571374021632E-19,4.20833395908815E-10,-4.46048227278241E-20,-3.82702117028171E-28
3.00000000000000E+00,1.10000000000000E+01,1.39638370000000E+07,-1.37757033109665E-01,-2.50000000000000E+07,1.00000163705261E-09,5.00000000000000E+05,2.50000000000000E+07,5.00000818526303E-10,9.18486590796687E-26,-4.93264342877621E-18,-5.00000818526303E-10,-9.18486590796687E-26,4.93264342877621E-18,4.20833395908815E-10,-3.43169706543490E-19,-3.82702117028171E-28
3.00000000000000E+00,1.20000000000000E+01,1.39638370000000E+07,-2.28434011340141E-01,-2.50000000000000E+07,1.00000163705261E-09,5.00000000000000E+05,2.50000000000000E+07,5.00000818526303E-10,9.18486590796687E-26,-8.17949938661426E-18,-5.00000818526303E-10,-9.18486590796687E-26,8.17949938661426E-18,4.20833395908815E-10,-5.69018525652205E-19,-3.82702117028171E-28
3.00000000000000E+00,1.30000000000000E+01,1.39638370000000E+07,-2.74348407983780E-01,-2.50000000000000E+07,1.00000163705261E-09,5.00000000000000E+05,2.50000000000000E+07,5.00000818526303E-10,9.18486652426445E-26,-9.82354897820423E-18,-5.00000818526303E-10,-9.18486652426445E-26,9.82354897820423E-18,4.20833395908815E-10,-6.83254959980346E-19,-3.82702117028171E-28
3.00000000000000E+00,1.40000000000000E+01,1.39638370000000E+07,-2.77435630559921E-01,-2.50000000000000E+07,1.00000163705261E-09,5.00000000000000E+05,2.50000000000000E+07,5.00000818526303E-10,9.18486590796687E-26,-9.93409256808520E-18,-5.00000818526303E-10,-9.18486590796687E-26,9.93409256808520E-18,4.20833395908815E-10,-6.90767259207187E-19,-3.82702117028171E-28
3.00000000000000E+00,1.50000000000000E+01,1.39638370000000E+07,-2.51017481088638E-01,-2.50000000000000E+07,1.00000152603030E-09,5.00000000000000E+05,2.50000000000000E+07,5.00000763015152E-10,9.18486529166928E-26,-8.98814040009814E-18,-5.00000763015152E-10,-9.18486529166928E-26,8.98814040009814E-18,4.20833395908815E-10,-6.24830211038748E-19,-3.82702117028171E-28
3.00000000000000E+00,1.60000000000000E+01,1.39638370000000E+07,-2.11212113499641E-01,-2.50000000000000E+07,1.00000141500800E-09,5.00000000000000E+05,2.50000000000000E+07,5.00000707504000E-10,9.18486467537170E-26,-7.56283623995598E-18,-5.00000707504000E-10,-9.18486467537170E-26,7.56283623995598E-18,4.20833395908815E-10,-5.25620908404917E-19,-3.82702117028171E-28
3.00000000000000E+00,1.70000000000000E+01,1.39638370000000E+07,-1.71578794717789E-01,-2.50000000000000E+07,1.00000130398570E-09,5.00000000000000E+05,2.50000000000000E+07,5.00000651992849E-10,9.18486344277654E-26,-6.14369209383550E-18,-5.00000651992849E-10,-9.18486344277654E-26,6.14369209383550E-18,4.20833368153239E-10,-4.26885218370561E-19,-3.82702117028171E-28
3.00000000000000E+00,1.80000000000000E+01,1.39638370000000E+07,-1.41886621713638E-01,-2.50000000000000E+07,1.00000119296340E-09,5.00000000000000E+05,2.50000000000000E+07,5.00000596481698E-10,9.18486221018137E-26,-5.08050858071497E-18,-5.00000596481698E-10,-9.18486221018137E-26,5.08050858071497E-18,4.20833368153239E-10,-3.52913661514817E-19,-3.82702117028171E-28
3.00000000000000E+00,1.90000000000000E+01,1.39638370000000E+07,-1.29089176654816E-01,-2.50000000000000E+07,1.00000108194109E-09,5.00000000000000E+05,2.50000000000000E+07,5.00000540970547E-10,9.18486036128863E-26,-4.62227202805652E-18,-5.00000540970547E-10,-9.18486036128863E-26,4.62227202805652E-18,4.20833368153239E-10,-3.20996820031276E-19,-3.82702117028171E-28
3.00000000000000E+00,2.00000000000000E+01,1.39638370000000E+07,0.00000000000000E+00,-2.50000000000000E+07,9.99999971718069E-10,5.00000000000000E+05,2.50000000000000E+07,4.99999985859034E-10,9.18485111682489E-26,0.00000000000000E+00,-4.99999985859034E-10,-9.18485111682489E-26,0.00000000000000E+00,4.20833340397664E-10,-9.46717242497846E-42,6.88766221184934E-41
3.00000000000000E+00,2.10000000000000E+01,1.39638370000000E+07,0.00000000000000E+00,-2.50000000000000E+07,9.99999971718069E-10,5.00000000000000E+05,2.50000000000000E+07,4.99999985859034E-10,9.18485111682489E-26,0.00000000000000E+00,-4.99999985859034E-10,-9.18485111682489E-26,0.00000000000000E+00,4.20833340397664E-10,-9.46717242497846E-42,6.88766221184934E-41
4.00000000000000E+00,1.00000000000000E+00,1.39638370000000E+07,0.00000000000000E+00,-2.50000000000000E+07,9.99999971718069E-10,5.00000000000000E+05,2.50000000000000E+07,4.99999985859034E-10,9.18485111682489E-26,0.00000000000000E+00,-4.99999985859034E-10,-9.18485111682489E-26,0.00000000000000E+00,4.20833340397664E-10,-9.46717242497846E-42,6.88766221184934E-41
4.00000000000000E+00,2.00000000000000E+00,1.39638370000000E+07,0.00000000000000E+00,-2.50000000000000E+07,9.99999971718069E-10,5.00000000000000E+05,2.50000000000000E+07,4.99999985859034E-10,9.18485111682489E-26,0.00000000000000E+00,-4.99999985859034E-10,-9.18485111682489E-26,0.00000000000000E+00,4.20833340397664E-10,-9.46717242497846E-42,6.88766221184934E-41
4.00000000000000E+00,3.00000000000000E+00,1.39638370000000E+07,2.34652549028397E-01,-2.50000000000000E+07,1.00000152603030E-09,5.00000000000000E+05,2.50000000000000E+07,5.00000763015152E-10,9.18486467537170E-26,8.40216399980435E-18,-5.00000763015152E-10,-9.18486467537170E-26,-8.40216399980435E-18,4.20833395908815E-10,5.83665774650200E-19,-3.82702117028171E-28
4.00000000000000E+00,4.00000000000000E+00,1.39638370000000E+07,2.56619364023209E-01,-2.50000000000000E+07,1.00000174807491E-09,5.00000000000000E+05,2.50000000000000E+07,5.00000874037454E-10,9.18486714056203E-26,9.18872838991979E-18,-5.00000874037454E-10,-9.18486714056203E-26,-9.18872838991979E-18,4.20833395908815E-10,6.38596874575891E-19,-3.82702117028171E-28
4.00000000000000E+00,5.00000000000000E+00,1.39638370000000E+07,3.03899675607681E-01,-2.50000000000000E+07,1.00000197011951E-09,5.00000000000000E+05,2.50000000000000E+07,5.00000985059756E-10,9.18486898945478E-26,1.08816891711300E-17,-5.00000985059756E-10,-9.18486898945478E-26,-1.08816891711300E-17,4.20833395908815E-10,7.56618125495557E-19,-3.82702117028171E-28
4.00000000000000E+00,6.00000000000000E+00,1.39638380000000E+07,3.51525902748108E-01,-2.50000000000000E+07,1.00000208114182E-09,5.00000000000000E+05,2.50000000000000E+07,5.00001040570908E-10,9.18487022204994E-26,1.25870353276520E-17,-5.00001040570908E-10,-9.18487022204994E-26,-1.25870353276520E-17,4.20833395908815E-10,8.75643470281284E-19,-3.82702117028171E-28
4.00000000000000E+00,7.00000000000000E+00,1.39638380000000E+07,3.66576015949249E-01,-2.50000000000000E+07,1.00000219216412E-09,5.00000000000000E+05,2.50000000000000E+07,5.00001096082059E-10,9.18487083834752E-26,1.31259343977436E-17,-5.00001096082059E-10,-9.18487083834752E-26,-1.31259343977436E-17,4.20833395908815E-10,9.13669273233077E-19,-3.82702117028171E-28
4.00000000000000E+00,8.00000000000000E+00,1.39638380000000E+07,3.14292788505554E-01,-2.50000000000000E+07,1.00000219216412E-09,5.00000000000000E+05,2.50000000000000E+07,5.00001096082059E-10,9.18487083834752E-26,1.12538360743564E-17,-5.00001096082059E-10,-9.18487083834752E-26,-1.12538360743564E-17,4.20833395908815E-10,7.83819287855115E-19,-3.82702117028171E-28
4.00000000000000E+00,9.00000000000000E+00,1.39638380000000E+07,1.78144872188568E-01,-2.50000000000000E+07,1.00000208114182E-09,5.00000000000000E+05,2.50000000000000E+07,5.00001040570908E-10,9.18487022204994E-26,6.37880701601543E-18,-5.00001040570908E-10,-9.18487022204994E-26,-6.37880701601543E-18,4.20833395908815E-10,4.44428116500374E-19,-3.82702117028171E-28
4.00000000000000E+00,1.00000000000000E+01,1.39638380000000E+07,-1.90559271723032E-02,-2.50000000000000E+07,1.00000208114182E-09,5.00000000000000E+05,2.50000000000000E+07,5.00001040570908E-10,9.18487022204994E-26,-6.82332756994926E-19,-5.00001040570908E-10,-9.18487022204994E-26,6.82332756994926E-19,4.20833395908815E-10,-4.73614602802939E-20,-3.82702117028171E-28
4.00000000000000E+00,1.10000000000000E+01,1.39638380000000E+07,-2.16220274567604E-01,-2.50000000000000E+07,1.00000208114182E-09,5.00000000000000E+05,2.50000000000000E+07,5.00001040570908E-10,9.18487022204994E-26,-7.74216734239625E-18,-5.00001040570908E-10,-9.18487022204994E-26,7.74216734239625E-18,4.20833395908815E-10,-5.39064661310435E-19,-3.82702117028171E-28
4.00000000000000E+00,1.20000000000000E+01,1.39638380000000E+07,-3.52017343044281E-01,-2.50000000000000E+07,1.00000208114182E-09,5.00000000000000E+05,2.50000000000000E+07,5.00001040570908E-10,9.18487083834752E-26,-1.26046335951841E-17,-5.00001040570908E-10,-9.18487083834752E-26,1.26046335951841E-17,4.20833395908815E-10,-8.77596547105099E-19,-3.82702117028171E-28
4.00000000000000E+00,1.30000000000000E+01,1.39638380000000E+07,-4.02843981981277E-01,-2.50000000000000E+07,1.00000208114182E-09,5.00000000000000E+05,2.50000000000000E+07,5.00001040570908E-10,9.18487083834752E-26,-1.44245740450467E-17,-5.00001040570908E-10,-9.18487083834752E-26,1.44245740450467E-17,4.20833395908815E-10,-1.00384788322815E-18,-3.82702117028171E-28
4.00000000000000E+00,1.40000000000000E+01,1.39638380000000E+07,-3.83671998977661E-01,-2.50000000000000E+07,1.00000208114182E-09,5.00000000000000E+05,2.50000000000000E+07,5.00001040570908E-10,9.18487022204994E-26,-1.37380852741604E-17,-5.00001040570908E-10,-9.18487022204994E-26,1.37380852741604E-17,4.20833395908815E-10,-9.55608054072551E-19,-3.82702117028171E-28
4.00000000000000E+00,1.50000000000000E+01,1.39638370000000E+07,-3.26508045196533E-01,-2.50000000000000E+07,1.00000185909721E-09,5.00000000000000E+05,2.50000000000000E+07,5.00000929548605E-10,9.18486837315720E-26,-1.16912227124948E-17,-5.00000929548605E-10,-9.18486837315720E-26,1.16912227124948E-17,4.20833395908815E-10,-8.12913866636808E-19,-3.82702117028171E-28
4.00000000000000E+00,1.60000000000000E+01,1.39638370000000E+07,-2.59552627801895E-01,-2.50000000000000E+07,1.00000174807491E-09,5.00000000000000E+05,2.50000000000000E+07,5.00000874037454E-10,9.18486714056203E-26,-9.29375882101810E-18,-5.00000874037454E-10,-9.18486714056203E-26,9.29375882101810E-18,4.20833395908815E-10,-6.46021699452956E-19,-3.82702117028171E-28
4.00000000000000E+00,1.70000000000000E+01,1.39638370000000E+07,-1.99855148792267E-01,-2.50000000000000E+07,1.00000152603030E-09,5.00000000000000E+05,2.50000000000000E+07,5.00000763015152E-10,9.18486529166928E-26,-7.15617936157388E-18,-5.00000763015152E-10,-9.18486529166928E-26,7.15617936157388E-18,4.20833395908815E-10,-4.97299898592326E-19,-3.82702117028171E-28
4.00000000000000E+00,1.80000000000000E+01,1.39638370000000E+07,-1.55995339155197E-01,-2.50000000000000E+07,1.00000141500800E-09,5.00000000000000E+05,2.50000000000000E+07,5.00000707504000E-10,9.18486344277654E-26,-5.58569797289346E-18,-5.00000707504000E-10,-9.18486344277654E-26,5.58569797289346E-18,4.20833368153239E-10,-3.88045469696016E-19,-3.82702117028171E-28
4.00000000000000E+00,1.90000000000000E+01,1.39638370000000E+07,-1.33104503154755E-01,-2.50000000000000E+07,1.00000119296340E-09,5.00000000000000E+05,2.50000000000000E+07,5.00000596481698E-10,9.18486159388379E-26,-4.76604883981773E-18,-5.00000596481698E-10,-9.18486159388379E-26,4.76604883981773E-18,4.20833368153239E-10,-3.31001983130411E-19,-3.82702117028171E-28
4.00000000000000E+00,2.00000000000000E+01,1.39638370000000E+07,0.00000000000000E+00,-2.50000000000000E+07,9.99999971718069E-10,5.00000000000000E+05,2.50000000000000E+07,4.99999985859034E-10,9.18485111682489E-26,0.00000000000000E+00,-4.99999985859034E-10,-9.18485111682489E-26,0.00000000000000E+00,4.20833340397664E-10,-9.46717242497846E-42,6.88766221184934E-41
4.00000000000000E+00,2.10000000000000E+01,1.39638370000000E+07,0.00000000000000E+00,-2.50000000000000E+07,9.99999971718069E-10,5.00000000000000E+05,2.50000000000000E+07,4.99999985859034E-10,9.18485111682489E-26,0.00000000000000E+00,-4.99999985859034E-10,-9.18485111682489E-26,0.00000000000000E+00,4.20833340397664E-10,-9.46717242497846E-42,6.88766221184934E-41
5.00000000000000E+00,1.00000000000000E+00,1.39638370000000E+07,0.00000000000000E+00,-2.50000000000000E+07,9.99999971718069E-10,5.00000000000000E+05,2.50000000000000E+07,4.99999985859034E-10,9.18485111682489E-26,0.00000000000000E+00,-4.99999985859034E-10,-9.18485111682489E-26,0.00000000000000E+00,4.20833340397664E-10,-9.46717242497846E-42,6.88766221184934E-41
5.00000000000000E+00,2.00000000000000E+00,1.39638370000000E+07,0.00000000000000E+00,-2.50000000000000E+07,9.99999971718069E-10,5.00000000000000E+05,2.50000000000000E+07,4.99999985859034E-10,9.18485111682489E-26,0.00000000000000E+00,-4.99999985859034E-10,-9.18485111682489E-26,0.00000000000000E+00,4.20833340397664E-10,-9.46717242497846E-42,6.88766221184934E-41
5.00000000000000E+00,3.00000000000000E+00,1.39638370000000E+07,2.49796301126480E-01,-2.50000000000000E+07,1.00000185909721E-09,5.00000000000000E+05,2.50000000000000E+07,5.00000929548605E-10,9.18486837315720E-26,8.94441728727981E-18,-5.00000929548605E-10,-9.18486837315720E-26,-8.94441728727981E-18,4.20833395908815E-10,6.21476924233034E-19,-3.82702117028171E-28
5.00000000000000E+00,4.00000000000000E+00,1.39638380000000E+07,3.00766468048096E-01,-2.50000000000000E+07,1.00000219216412E-09,5.00000000000000E+05,2.50000000000000E+07,5.00001096082059E-10,9.18487145464511E-26,1.07695011461913E-17,-5.00001096082059E-10,-9.18487145464511E-26,-1.07695011461913E-17,4.20833423664391E-10,7.48711002622586E-19,-3.82702117028171E-28
5.00000000000000E+00,5.00000000000000E+00,1.39638380000000E+07,3.97297412157059E-01,-2.50000000000000E+07,1.00000263625333E-09,5.00000000000000E+05,2.50000000000000E+07,5.00001318126664E-10,9.18487515243060E-26,1.42259762517789E-17,-5.00001318126664E-10,-9.18487515243060E-26,-1.42259762517789E-17,4.20833423664391E-10,9.89504054418596E-19,-3.82702117028171E-28
5.00000000000000E+00,6.00000000000000E+00,1.39638380000000E+07,5.14975190162659E-01,-2.50000000000000E+07,1.00000296932024E-09,5.00000000000000E+05,2.50000000000000E+07,5.00001484660118E-10,9.18487761762093E-26,1.84396541444587E-17,-5.00001484660118E-10,-9.18487761762093E-26,-1.84396541444587E-17,4.20833423664391E-10,1.28328655474870E-18,-3.82702117028171E-28
5.00000000000000E+00,7.00000000000000E+00,1.39638380000000E+07,6.01334691047668E-01,-2.50000000000000E+07,1.00000319136484E-09,5.00000000000000E+05,2.50000000000000E+07,5.00001595682420E-10,9.18488008281126E-26,2.15319232807004E-17,-5.00001595682420E-10,-9.18488008281126E-26,-2.15319232807004E-17,4.20833451419966E-10,1.49969178884602E-18,-3.82702117028171E-28
5.00000000000000E+00,8.00000000000000E+00,1.39638380000000E+07,5.70051074028015E-01,-2.50000000000000E+07,1.00000319136484E-09,5.00000000000000E+05,2.50000000000000E+07,5.00001595682420E-10,9.18488008281126E-26,2.04117552951811E-17,-5.00001595682420E-10,-9.18488008281126E-26,-2.04117552951811E-17,4.20833451419966E-10,1.42335087652319E-18,-3.82702117028171E-28
5.00000000000000E+00,9.00000000000000E+00,1.39638380000000E+07,3.50627452135086E-01,-2.50000000000000E+07,1.00000308034254E-09,5.00000000000000E+05,2.50000000000000E+07,5.00001540171269E-10,9.18487946651368E-26,1.25548770269778E-17,-5.00001540171269E-10,-9.18487946651368E-26,-1.25548770269778E-17,4.20833451419966E-10,8.77218422167585E-19,-3.82702117028171E-28
5.00000000000000E+00,1.00000000000000E+01,1.39638380000000E+07,-1.88483539968729E-02,-2.50000000000000E+07,1.00000308034254E-09,5.00000000000000E+05,2.50000000000000E+07,5.00001540171269E-10,9.18487885021609E-26,-6.74900849383866E-19,-5.00001540171269E-10,-9.18487885021609E-26,6.74900849383866E-19,4.20833451419966E-10,-4.68429860572851E-20,-3.82702117028171E-28
5.00000000000000E+00,1.10000000000000E+01,1.39638380000000E+07,-3.88361871242523E-01,-2.50000000000000E+07,1.00000308034254E-09,5.00000000000000E+05,2.50000000000000E+07,5.00001540171269E-10,9.18487946651368E-26,-1.39060294082882E-17,-5.00001540171269E-10,-9.18487946651368E-26,1.39060294082882E-17,4.20833451419966E-10,-9.71002505657623E-19,-3.82702117028171E-28
5.00000000000000E+00,1.20000000000000E+01,1.39638380000000E+07,-6.07697606086731E-01,-2.50000000000000E+07,1.00000319136484E-09,5.00000000000000E+05,2.50000000000000E+07,5.00001595682420E-10,9.18488008281126E-26,-2.17597602542607E-17,-5.00001595682420E-10,-9.18488008281126E-26,2.17597602542607E-17,4.20833451419966E-10,-1.51693023281162E-18,-3.82702117028171E-28
5.00000000000000E+00,1.30000000000000E+01,1.39638380000000E+07,-6.38098239898682E-01,-2.50000000000000E+07,1.00000308034254E-09,5.00000000000000E+05,2.50000000000000E+07,5.00001540171269E-10,9.18487946651368E-26,-2.28483100880458E-17,-5.00001540171269E-10,-9.18487946651368E-26,2.28483100880458E-17,4.20833451419966E-10,-1.59109979602650E-18,-3.82702117028171E-28
5.00000000000000E+00,1.40000000000000E+01,1.39638380000000E+07,-5.48694312572479E-01,-2.50000000000000E+07,1.00000285829793E-09,5.00000000000000E+05,2.50000000000000E+07,5.00001429148966E-10,9.18487700132335E-26,-1.96470284732370E-17,-5.00001429148966E-10,-9.18487700132335E-26,1.96470284732370E-17,4.20833423664391E-10,-1.36715987712700E-18,-3.82702117028171E-28
5.00000000000000E+00,1.50000000000000E+01,1.39638380000000E+07,-4.23240602016449E-01,-2.50000000000000E+07,1.00000252523103E-09,5.00000000000000E+05,2.50000000000000E+07,5.00001262615513E-10,9.18487391983544E-26,-1.51549199320106E-17,-5.00001262615513E-10,-9.18487391983544E-26,1.51549199320106E-17,4.20833423664391E-10,-1.05409166081523E-18,-3.82702117028171E-28
5.00000000000000E+00,1.60000000000000E+01,1.39638380000000E+07,-3.09326529502869E-01,-2.50000000000000E+07,1.00000219216412E-09,5.00000000000000E+05,2.50000000000000E+07,5.00001096082059E-10,9.18487083834752E-26,-1.10760096134504E-17,-5.00001096082059E-10,-9.18487083834752E-26,1.10760096134504E-17,4.20833395908815E-10,-7.70132757439813E-19,-3.82702117028171E-28
5.00000000000000E+00,1.70000000000000E+01,1.39638370000000E+07,-2.22056433558464E-01,-2.50000000000000E+07,1.00000185909721E-09,5.00000000000000E+05,2.50000000000000E+07,5.00000929548605E-10,9.18486775685961E-26,-7.95113963490674E-18,-5.00000929548605E-10,-9.18486775685961E-26,7.95113963490674E-18,4.20833395908815E-10,-5.52671472194203E-19,-3.82702117028171E-28
5.00000000000000E+00,1.80000000000000E+01,1.39638370000000E+07,-1.62704870104790E-01,-2.50000000000000E+07,1.00000152603030E-09,5.00000000000000E+05,2.50000000000000E+07,5.00000763015152E-10,9.18486529166928E-26,-5.82594596436459E-18,-5.00000763015152E-10,-9.18486529166928E-26,5.82594596436459E-18,4.20833395908815E-10,-4.04801357171773E-19,-3.82702117028171E-28
5.00000000000000E+00,1.90000000000000E+01,1.39638370000000E+07,-1.31141856312752E-01,-2.50000000000000E+07,1.00000130398570E-09,5.00000000000000E+05,2.50000000000000E+07,5.00000651992849E-10,9.18486282647896E-26,-4.69577322933645E-18,-5.00000651992849E-10,-9.18486282647896E-26,4.69577322933645E-18,4.20833368153239E-10,-3.26150103548693E-19,-3.82702117028171E-28
5.00000000000000E+00,2.00000000000000E+01,1.39638370000000E+07,0.00000000000000E+00,-2.50000000000000E+07,9.99999971718069E-10,5.00000000000000E+05,2.50000000000000E+07,4.99999985859034E-10,9.18485111682489E-26,0.00000000000000E+00,-4.99999985859034E-10,-9.18485111682489E-26,0.00000000000000E+00,4.20833340397664E-10,-9.46717242497846E-42,1.95150429335731E-40
5.00000000000000E+00,2.10000000000000E+01,1.39638370000000E+07,0.00000000000000E+00,-2.50000000000000E+07,9.99999971718069E-10,5.00000000000000E+05,2.50000000000000E+07,4.99999985859034E-10,9.18485111682489E-26,0.00000000000000E+00,-4.99999985859034E-10,-9.18485111682489E-26,0.00000000000000E+00,4.20833340397664E-10,-9.46717242497846E-42,1.95150429335731E-40
6.00000000000000E+00,1.00000000000000E+00,1.39638370000000E+07,0.00000000000000E+00,-2.50000000000000E+07,9.99999971718069E-10,5.00000000000000E+05,2.50000000000000E+07,4.99999985859034E-10,9.18485111682489E-26,0.00000000000000E+00,-4.99999985859034E-10,-9.18485111682489E-26,0.00000000000000E+00,4.20833340397664E-10,-9.46717242497846E-42,6.88766221184934E-41
6.00000000000000E+00,2.00000000000000E+00,1.39638370000000E+07,0.00000000000000E+00,-2.50000000000000E+07,9.99999971718069E-10,5.00000000000000E+05,2.50000000000000E+07,4.99999985859034E-10,9.18485111682489E-26,0.00000000000000E+00,-4.99999985859034E-10,-9.18485111682489E-26,0.00000000000000E+00,4.20833340397664E-10,-9.46717242497846E-42,6.88766221184934E-41
6.00000000000000E+00,3.00000000000000E+00,1.39638380000000E+07,2.52555370330811E-01,-2.50000000000000E+07,1.00000230318642E-09,5.00000000000000E+05,2.50000000000000E+07,5.00001151593210E-10,9.18487207094269E-26,9.04321408528192E-18,-5.00001151593210E-10,-9.18487207094269E-26,-9.04321408528192E-18,4.20833423664391E-10,6.28543373109710E-19,-3.82702117028171E-28
6.00000000000000E+00,4.00000000000000E+00,1.39638380000000E+07,3.38261008262634E-01,-2.50000000000000E+07,1.00000285829793E-09,5.00000000000000E+05,2.50000000000000E+07,5.00001429148966E-10,9.18487761762093E-26,1.21120715286465E-17,-5.00001429148966E-10,-9.18487761762093E-26,-1.21120715286465E-17,4.20833423664391E-10,8.42461636996603E-19,-3.82702117028171E-28
6.00000000000000E+00,5.00000000000000E+00,1.39638380000000E+07,5.06006240844727E-01,-2.50000000000000E+07,1.00000363545405E-09,5.00000000000000E+05,2.50000000000000E+07,5.00001817727025E-10,9.18488378059675E-26,1.81185161608860E-17,-5.00001817727025E-10,-9.18488378059675E-26,-1.81185161608860E-17,4.20833451419966E-10,1.26089653332569E-18,-3.82702117028171E-28
6.00000000000000E+00,6.00000000000000E+00,1.39638380000000E+07,7.57191538810730E-01,-2.50000000000000E+07,1.00000441261017E-09,5.00000000000000E+05,2.50000000000000E+07,5.00002206305084E-10,9.18489117616774E-26,2.71127040784425E-17,-5.00002206305084E-10,-9.18489117616774E-26,-2.71127040784425E-17,4.20833479175542E-10,1.88732982039156E-18,-3.82702117028171E-28
6.00000000000000E+00,7.00000000000000E+00,1.39638390000000E+07,1.03775906562805E+00,-2.50000000000000E+07,1.00000518976628E-09,5.00000000000000E+05,2.50000000000000E+07,5.00002594883142E-10,9.18489857173872E-26,3.71589945976338E-17,-5.00002594883142E-10,-9.18489857173872E-26,-3.71589945976338E-17,4.20833506931118E-10,2.58757315729858E-18,-3.82702117028171E-28
6.00000000000000E+00,8.00000000000000E+00,1.39638390000000E+07,1.15943074226379E+00,-2.50000000000000E+07,1.00000574487780E-09,5.00000000000000E+05,2.50000000000000E+07,5.00002872438898E-10,9.18490350211938E-26,4.15157118705587E-17,-5.00002872438898E-10,-9.18490350211938E-26,-4.15157118705587E-17,4.20833534686693E-10,2.89105083479326E-18,-3.82702117028171E-28
6.00000000000000E+00,9.00000000000000E+00,1.39638390000000E+07,8.30423891544342E-01,-2.50000000000000E+07,1.00000574487780E-09,5.00000000000000E+05,2.50000000000000E+07,5.00002872438898E-10,9.18490350211938E-26,2.97349691906316E-17,-5.00002872438898E-10,-9.18490350211938E-26,-2.97349691906316E-17,4.20833534686693E-10,2.06601096566552E-18,-3.82702117028171E-28
6.00000000000000E+00,1.00000000000000E+01,1.39638390000000E+07,-1.74387730658054E-02,-2.50000000000000E+07,1.00000563385549E-09,5.00000000000000E+05,2.50000000000000E+07,5.00002816927747E-10,9.18490226952422E-26,-6.24429700525907E-19,-5.00002816927747E-10,-9.18490226952422E-26,6.24429700525907E-19,4.20833534686693E-10,-4.33378760662512E-20,-3.82702117028171E-28
6.00000000000000E+00,1.10000000000000E+01,1.39638390000000E+07,-8.65406870841980E-01,-2.50000000000000E+07,1.00000574487780E-09,5.00000000000000E+05,2.50000000000000E+07,5.00002872438898E-10,9.18490350211938E-26,-3.09876018794451E-17,-5.00002872438898E-10,-9.18490350211938E-26,3.09876018794451E-17,4.20833534686693E-10,-2.15295405869459E-18,-3.82702117028171E-28
6.00000000000000E+00,1.20000000000000E+01,1.39638390000000E+07,-1.19457650184631E+00,-2.50000000000000E+07,1.00000563385549E-09,5.00000000000000E+05,2.50000000000000E+07,5.00002816927747E-10,9.18490288582180E-26,-4.27741712196071E-17,-5.00002816927747E-10,-9.18490288582180E-26,4.27741712196071E-17,4.20833534686693E-10,-2.97841227441713E-18,-3.82702117028171E-28
6.00000000000000E+00,1.30000000000000E+01,1.39638390000000E+07,-1.07260406017303E+00,-2.50000000000000E+07,1.00000507874398E-09,5.00000000000000E+05,2.50000000000000E+07,5.00002539371991E-10,9.18489795544114E-26,-3.84066840551067E-17,-5.00002539371991E-10,-9.18489795544114E-26,3.84066840551067E-17,4.20833506931118E-10,-2.67420957311555E-18,-3.82702117028171E-28
6.00000000000000E+00,1.40000000000000E+01,1.39638380000000E+07,-7.90151536464691E-01,-2.50000000000000E+07,1.00000430158786E-09,5.00000000000000E+05,2.50000000000000E+07,5.00002150793932E-10,9.18488994357257E-26,-2.82928955979311E-17,-5.00002150793932E-10,-9.18488994357257E-26,2.82928955979311E-17,4.20833479175542E-10,-1.96931375885322E-18,-3.82702117028171E-28
6.00000000000000E+00,1.50000000000000E+01,1.39638380000000E+07,-5.33218502998352E-01,-2.50000000000000E+07,1.00000341340944E-09,5.00000000000000E+05,2.50000000000000E+07,5.00001706704722E-10,9.18488254800159E-26,-1.90929001808877E-17,-5.00001706704722E-10,-9.18488254800159E-26,1.90929001808877E-17,4.20833451419966E-10,-1.32863693862707E-18,-3.82702117028171E-28
6.00000000000000E+00,1.60000000000000E+01,1.39638380000000E+07,-3.51119399070740E-01,-2.50000000000000E+07,1.00000274727563E-09,5.00000000000000E+05,2.50000000000000E+07,5.00001373637815E-10,9.18487638502576E-26,-1.25724877022190E-17,-5.00001373637815E-10,-9.18487638502576E-26,1.25724877022190E-17,4.20833423664391E-10,-8.74570100038920E-19,-3.82702117028171E-28
6.00000000000000E+00,1.70000000000000E+01,1.39638380000000E+07,-2.32527062296867E-01,-2.50000000000000E+07,1.00000219216412E-09,5.00000000000000E+05,2.50000000000000E+07,5.00001096082059E-10,9.18487145464511E-26,-8.32606338344947E-18,-5.00001096082059E-10,-9.18487145464511E-26,8.32606338344947E-18,4.20833423664391E-10,-5.78915689982614E-19,-3.82702117028171E-28
6.00000000000000E+00,1.80000000000000E+01,1.39638370000000E+07,-1.59098595380783E-01,-2.50000000000000E+07,1.00000185909721E-09,5.00000000000000E+05,2.50000000000000E+07,5.00000929548605E-10,9.18486775685961E-26,-5.69681810766138E-18,-5.00000929548605E-10,-9.18486775685961E-26,5.69681810766138E-18,4.20833395908815E-10,-3.95913611682620E-19,-3.82702117028171E-28
6.00000000000000E+00,1.90000000000000E+01,1.39638370000000E+07,-1.20875753462315E-01,-2.50000000000000E+07,1.00000152603030E-09,5.00000000000000E+05,2.50000000000000E+07,5.00000763015152E-10,9.18486467537170E-26,-4.32817747384033E-18,-5.00000763015152E-10,-9.18486467537170E-26,4.32817747384033E-18,4.20833395908815E-10,-3.00652855702811E-19,-3.82702117028171E-28
6.00000000000000E+00,2.00000000000000E+01,1.39638370000000E+07,0.00000000000000E+00,-2.50000000000000E+07,9.99999971718069E-10,5.00000000000000E+05,2.50000000000000E+07,4.99999985859034E-10,9.18485111682489E-26,0.00000000000000E+00,-4.99999985859034E-10,-9.18485111682489E-26,0.00000000000000E+00,4.20833340397664E-10,-9.46717242497846E-42,6.88766221184934E-41
6.00000000000000E+00,2.10000000000000E+01,1.39638370000000E+07,0.00000000000000E+00,-2.50000000000000E+07,9.99999971718069E-10,5.00000000000000E+05,2.50000000000000E+07,4.99999985859034E-10,9.18485111682489E-26,0.00000000000000E+00,-4.99999985859034E-10,-9.18485111682489E-26,0.00000000000000E+00,4.20833340397664E-10,-9.46717242497846E-42,6.88766221184934E-41
7.00000000000000E+00,1.00000000000000E+00,1.39638370000000E+07,0.00000000000000E+00,-2.50000000000000E+07,9.99999971718069E-10,5.00000000000000E+05,2.50000000000000E+07,4.99999985859034E-10,9.18485111682489E-26,0.00000000000000E+00,-4.99999985859034E-10,-9.18485111682489E-26,0.00000000000000E+00,4.20833340397664E-10,-9.46717242497846E-42,1.95150429335731E-40
7.00000000000000E+00,2.00000000000000E+00,1.39638370000000E+07,0.00000000000000E+00,-2.50000000000000E+07,9.99999971718069E-10,5.00000000000000E+05,2.50000000000000E+07,4.99999985859034E-10,9.18485111682489E-26,0.00000000000000E+00,-4.99999985859034E-10,-9.18485111682489E-26,0.00000000000000E+00,4.20833340397664E-10,-9.46717242497846E-42,6.88766221184934E-41
7.00000000000000E+00,3.00000000000000E+00,1.39638380000000E+07,2.33053043484688E-01,-2.50000000000000E+07,1.00000285829793E-09,5.00000000000000E+05,2.50000000000000E+07,5.00001429148966E-10,9.18487700132335E-26,8.34490159471975E-18,-5.00001429148966E-10,-9.18487700132335E-26,-8.34490159471975E-18,4.20833423664391E-10,5.80217206977678E-19,-3.82702117028171E-28
7.00000000000000E+00,4.00000000000000E+00,1.39638380000000E+07,3.46530556678772E-01,-2.50000000000000E+07,1.00000363545405E-09,5.00000000000000E+05,2.50000000000000E+07,5.00001817727025E-10,9.18488501319192E-26,1.24081872986895E-17,-5.00001817727025E-10,-9.18488501319192E-26,-1.24081872986895E-17,4.20833451419966E-10,8.63588088335148E-19,-3.82702117028171E-28
7.00000000000000E+00,5.00000000000000E+00,1.39638390000000E+07,5.86878657341003E-01,-2.50000000000000E+07,1.00000496772168E-09,5.00000000000000E+05,2.50000000000000E+07,5.00002483860840E-10,9.18489610654839E-26,2.10143332103688E-17,-5.00002483860840E-10,-9.18489610654839E-26,-2.10143332103688E-17,4.20833506931118E-10,1.46359373031178E-18,-3.82702117028171E-28
7.00000000000000E+00,6.00000000000000E+00,1.39638390000000E+07,1.03211522102356E+00,-2.50000000000000E+07,1.00000685510082E-09,5.00000000000000E+05,2.50000000000000E+07,5.00003427550411E-10,9.18491397917828E-26,3.69569673135463E-17,-5.00003427550411E-10,-9.18491397917828E-26,-3.69569673135463E-17,4.20833562442269E-10,2.57343808819612E-18,-3.82702117028171E-28
7.00000000000000E+00,7.00000000000000E+00,1.39638410000000E+07,1.71257305145264E+00,-2.50000000000000E+07,1.00000963065838E-09,5.00000000000000E+05,2.50000000000000E+07,5.00004815329191E-10,9.18493924737915E-26,6.13223001752348E-17,-5.00004815329191E-10,-9.18493924737915E-26,-6.13223001752348E-17,4.20833673464571E-10,4.24857457477191E-18,-3.82702117028171E-28
7.00000000000000E+00,8.00000000000000E+00,1.39638420000000E+07,2.32500720024109E+00,-2.50000000000000E+07,1.00001329439436E-09,5.00000000000000E+05,2.50000000000000E+07,5.00006647197182E-10,9.18497314374617E-26,8.32520890587670E-17,-5.00006647197182E-10,-9.18497314374617E-26,-8.32520890587670E-17,4.20833812242449E-10,5.91102645344934E-18,-3.82702117028171E-28
7.00000000000000E+00,9.00000000000000E+00,1.39638430000000E+07,2.07412290573120E+00,-2.50000000000000E+07,1.00001695813035E-09,5.00000000000000E+05,2.50000000000000E+07,5.00008479065173E-10,9.18500642381561E-26,7.42688745192166E-17,-5.00008479065173E-10,-9.18500642381561E-26,-7.42688745192166E-17,4.20833951020327E-10,5.59684919473129E-18,-3.82702117028171E-28
7.00000000000000E+00,1.00000000000000E+01,1.39638430000000E+07,-1.50306299328804E-02,-2.50000000000000E+07,1.00001662506344E-09,5.00000000000000E+05,2.50000000000000E+07,5.00008312531719E-10,9.18500334232770E-26,-5.38207133509159E-19,-5.00008312531719E-10,-9.18500334232770E-26,5.38207133509159E-19,4.20833923264752E-10,-3.73536896235246E-20,-3.82702117028171E-28
7.00000000000000E+00,1.10000000000000E+01,1.60361700000000E+07,-2.10430812835693E+00,-2.50000000000000E+07,1.00006758430027E-09,5.00000000000000E+05,2.50000000000000E+07,5.00033792150134E-10,9.18547234478776E-26,-6.56157447487443E-17,-5.00033792150134E-10,-9.18547234478776E-26,6.56157447487443E-17,4.20835810643894E-10,-4.93895150812754E-18,-3.82702117028171E-28
7.00000000000000E+00,1.20000000000000E+01,1.39638420000000E+07,-2.35553050041199E+00,-2.50000000000000E+07,1.00001329439436E-09,5.00000000000000E+05,2.50000000000000E+07,5.00006647197182E-10,9.18497314374617E-26,-8.43450461108558E-17,-5.00006647197182E-10,-9.18497314374617E-26,8.43450461108558E-17,4.20833812242449E-10,-5.98689794077454E-18,-3.82702117028171E-28
7.00000000000000E+00,1.30000000000000E+01,1.39638410000000E+07,-1.74324083328247E+00,-2.50000000000000E+07,1.00000951963608E-09,5.00000000000000E+05,2.50000000000000E+07,5.00004759818040E-10,9.18493863108157E-26,-6.24204122169010E-17,-5.00004759818040E-10,-9.18493863108157E-26,6.24204122169010E-17,4.20833673464571E-10,-4.32491217837228E-18,-3.82702117028171E-28
7.00000000000000E+00,1.40000000000000E+01,1.39638390000000E+07,-1.06184732913971E+00,-2.50000000000000E+07,1.00000663305622E-09,5.00000000000000E+05,2.50000000000000E+07,5.00003316528108E-10,9.18491213028553E-26,-3.80215752316816E-17,-5.00003316528108E-10,-9.18491213028553E-26,3.80215752316816E-17,4.20833562442269E-10,-2.64739134368081E-18,-3.82702117028171E-28
7.00000000000000E+00,1.50000000000000E+01,1.39638390000000E+07,-6.12788319587708E-01,-2.50000000000000E+07,1.00000474567707E-09,5.00000000000000E+05,2.50000000000000E+07,5.00002372838537E-10,9.18489425765565E-26,-2.19420741699899E-17,-5.00002372838537E-10,-9.18489425765565E-26,2.19420741699899E-17,4.20833506931118E-10,-1.52808714151616E-18,-3.82702117028171E-28
7.00000000000000E+00,1.60000000000000E+01,1.39638380000000E+07,-3.61547887325287E-01,-2.50000000000000E+07,1.00000341340944E-09,5.00000000000000E+05,2.50000000000000E+07,5.00001706704722E-10,9.18488254800159E-26,-1.29459084635888E-17,-5.00001706704722E-10,-9.18488254800159E-26,1.29459084635888E-17,4.20833451419966E-10,-9.01052907735265E-19,-3.82702117028171E-28
7.00000000000000E+00,1.70000000000000E+01,1.39638380000000E+07,-2.20831006765366E-01,-2.50000000000000E+07,1.00000263625333E-09,5.00000000000000E+05,2.50000000000000E+07,5.00001318126664E-10,9.18487515243060E-26,-7.90726680239754E-18,-5.00001318126664E-10,-9.18487515243060E-26,7.90726680239754E-18,4.20833423664391E-10,-5.49988770371328E-19,-3.82702117028171E-28
7.00000000000000E+00,1.80000000000000E+01,1.39638380000000E+07,-1.41026169061661E-01,-2.50000000000000E+07,1.00000208114182E-09,5.00000000000000E+05,2.50000000000000E+07,5.00001040570908E-10,9.18487022204994E-26,-5.04970272034227E-18,-5.00001040570908E-10,-9.18487022204994E-26,5.04970272034227E-18,4.20833395908815E-10,-3.51020736231172E-19,-3.82702117028171E-28
7.00000000000000E+00,1.90000000000000E+01,1.39638370000000E+07,-1.00594311952591E-01,-2.50000000000000E+07,1.00000163705261E-09,5.00000000000000E+05,2.50000000000000E+07,5.00000818526303E-10,9.18486652426445E-26,-3.60196418121675E-18,-5.00000818526303E-10,-9.18486652426445E-26,3.60196418121675E-18,4.20833395908815E-10,-2.50236352464069E-19,-3.82702117028171E-28
7.00000000000000E+00,2.00000000000000E+01,1.39638370000000E+07,0.00000000000000E+00,-2.50000000000000E+07,9.99999971718069E-10,5.00000000000000E+05,2.50000000000000E+07,4.99999985859034E-10,9.18485111682489E-26,0.00000000000000E+00,-4.99999985859034E-10,-9.18485111682489E-26,0.00000000000000E+00,4.20833340397664E-10,-9.46717242497846E-42,6.88766221184934E-41
7.00000000000000E+00,2.10000000000000E+01,1.39638370000000E+07,0.00000000000000E+00,-2.50000000000000E+07,9.99999971718069E-10,5.00000000000000E+05,2.50000000000000E+07,4.99999985859034E-10,9.18485111682489E-26,0.00000000000000E+00,-4.99999985859034E-10,-9.18485111682489E-26,0.00000000000000E+00,4.20833340397664E-10,-9.46717242497846E-42,6.88766221184934E-41
8.00000000000000E+00,1.00000000000000E+00,1.39638370000000E+07,0.00000000000000E+00,-2.50000000000000E+07,9.99999971718069E-10,5.00000000000000E+05,2.50000000000000E+07,4.99999985859034E-10,9.18485111682489E-26,0.00000000000000E+00,-4.99999985859034E-10,-9.18485111682489E-26,0.00000000000000E+00,4.20833340397664E-10,-9.46717242497846E-42,6.88766221184934E-41
8.00000000000000E+00,2.00000000000000E+00,1.39638370000000E+07,0.00000000000000E+00,-2.50000000000000E+07,9.99999971718069E-10,5.00000000000000E+05,2.50000000000000E+07,4.99999985859034E-10,9.18485111682489E-26,0.00000000000000E+00,-4.99999985859034E-10,-9.18485111682489E-26,0.00000000000000E+00,4.20833340397664E-10,-9.46717242497846E-42,6.88766221184934E-41
8.00000000000000E+00,3.00000000000000E+00,1.39638380000000E+07,1.81011706590652E-01,-2.50000000000000E+07,1.00000330238714E-09,5.00000000000000E+05,2.50000000000000E+07,5.00001651193571E-10,9.18488131540642E-26,6.48146674747816E-18,-5.00001651193571E-10,-9.18488131540642E-26,-6.48146674747816E-18,4.20833451419966E-10,4.50800560843117E-19,-3.82702117028171E-28
8.00000000000000E+00,4.00000000000000E+00,1.39638390000000E+07,2.95692533254623E-01,-2.50000000000000E+07,1.00000452363247E-09,5.00000000000000E+05,2.50000000000000E+07,5.00002261816235E-10,9.18489240876290E-26,1.05878431846879E-17,-5.00002261816235E-10,-9.18489240876290E-26,-1.05878431846879E-17,4.20833479175542E-10,7.37338923561207E-19,-3.82702117028171E-28
8.00000000000000E+00,5.00000000000000E+00,1.39638390000000E+07,5.57387828826904E-01,-2.50000000000000E+07,1.00000652203391E-09,5.00000000000000E+05,2.50000000000000E+07,5.00003261016957E-10,9.18491028139279E-26,1.99583875276081E-17,-5.00003261016957E-10,-9.18491028139279E-26,-1.99583875276081E-17,4.20833562442269E-10,1.39168040561522E-18,-3.82702117028171E-28
8.00000000000000E+00,6.00000000000000E+00,1.39638410000000E+07,1.15428805351257E+00,-2.50000000000000E+07,1.00001029679220E-09,5.00000000000000E+05,2.50000000000000E+07,5.00005148396099E-10,9.18494541035497E-26,4.13317502110494E-17,-5.00005148396099E-10,-9.18494541035497E-26,-4.13317502110494E-17,4.20833701220147E-10,2.87802894400014E-18,-3.82702117028171E-28
8.00000000000000E+00,7.00000000000000E+00,1.39638440000000E+07,2.32444620132446E+00,-2.50000000000000E+07,1.00001795733107E-09,5.00000000000000E+05,2.50000000000000E+07,5.00008978665534E-10,9.18501566827934E-26,8.32323756904086E-17,-5.00008978665534E-10,-9.18501566827934E-26,-8.32323756904086E-17,4.20833978775903E-10,5.90947135389774E-18,-3.82702117028171E-28
8.00000000000000E+00,8.00000000000000E+00,1.39642100000000E+07,8.06816101074219E+00,-2.50000000000000E+07,1.00093411337099E-09,5.00000000000000E+05,2.50000000000000E+07,5.00467056685494E-10,9.19342874657401E-26,2.89156957629900E-16,-5.00467056685494E-10,-9.19342874657401E-26,-2.89156957629900E-16,4.20976031811904E-10,2.18505433264884E-17,-3.82702117028171E-28
8.00000000000000E+00,9.00000000000000E+00,1.63388630000000E+07,1.95381164550781E+01,-2.50000000000000E+07,2.06354364706840E-08,4.99998156250000E+05,2.50000000000000E+07,1.03177182353420E-08,1.89533318531733E-24,1.23379928710222E-14,-1.03177182353420E-08,-1.89533318531733E-24,-1.23379928710222E-14,2.21699436586675E-09,6.69656465984047E-16,-3.82702117028171E-28
8.00000000000000E+00,1.00000000000000E+01,1.65108400000000E+07,-1.18152871727943E-02,-2.50000000000000E+07,1.15216089113801E-07,4.99992031250000E+05,2.50000000000000E+07,5.76080445569005E-08,1.05824262597160E-23,-4.12247692880667E-17,-5.76080445569005E-08,-1.05824262597160E-23,4.12247692880667E-17,8.13748357586519E-09,-1.98720236678030E-18,-3.82702117028171E-28
8.00000000000000E+00,1.10000000000000E+01,1.63388630000000E+07,-1.95618782043457E+01,-2.50000000000000E+07,2.06354311416135E-08,4.99998156250000E+05,2.50000000000000E+07,1.03177155708067E-08,1.89533436860869E-24,-1.23529955185840E-14,-1.03177155708067E-08,-1.89533436860869E-24,1.23529955185840E-14,2.21699436586675E-09,-6.70468929399141E-16,-3.82702117028171E-28
8.00000000000000E+00,1.20000000000000E+01,1.60365370000000E+07,-8.09225559234619E+00,-2.50000000000000E+07,1.00374109024415E-09,5.00000000000000E+05,2.50000000000000E+07,5.01870545122074E-10,9.21921402111584E-26,-2.53250754539758E-16,-5.01870545122074E-10,-9.21921402111584E-26,2.53250754539758E-16,4.21404633410560E-10,-1.91260453080327E-17,-3.82702117028171E-28
8.00000000000000E+00,1.30000000000000E+01,1.60361700000000E+07,-2.34884023666382E+00,-2.50000000000000E+07,1.00007113701395E-09,5.00000000000000E+05,2.50000000000000E+07,5.00035568506974E-10,9.18550500855961E-26,-7.32409073934949E-17,-5.00035568506974E-10,-9.18550500855961E-26,7.32409073934949E-17,4.20835866155045E-10,-5.19875446286973E-18,-3.82702117028171E-28
8.00000000000000E+00,1.40000000000000E+01,1.39638410000000E+07,-1.17837691307068E+00,-2.50000000000000E+07,1.00001007474759E-09,5.00000000000000E+05,2.50000000000000E+07,5.00005037373796E-10,9.18494417775981E-26,-4.21942911404278E-17,-5.00005037373796E-10,-9.18494417775981E-26,4.21942911404278E-17,4.20833673464571E-10,-2.93794370371889E-18,-3.82702117028171E-28
8.00000000000000E+00,1.50000000000000E+01,1.39638390000000E+07,-5.79248726367950E-01,-2.50000000000000E+07,1.00000618896701E-09,5.00000000000000E+05,2.50000000000000E+07,5.00003094483503E-10,9.18490843250004E-26,-2.07411551587119E-17,-5.00003094483503E-10,-9.18490843250004E-26,2.07411551587119E-17,4.20833562442269E-10,-1.44609079534531E-18,-3.82702117028171E-28
8.00000000000000E+00,1.60000000000000E+01,1.39638380000000E+07,-3.10294777154922E-01,-2.50000000000000E+07,1.00000419056556E-09,5.00000000000000E+05,2.50000000000000E+07,5.00002095282781E-10,9.18488932727499E-26,-1.11107015683408E-17,-5.00002095282781E-10,-9.18488932727499E-26,1.11107015683408E-17,4.20833479175542E-10,-7.73746451042115E-19,-3.82702117028171E-28
8.00000000000000E+00,1.70000000000000E+01,1.39638380000000E+07,-1.76104292273521E-01,-2.50000000000000E+07,1.00000308034254E-09,5.00000000000000E+05,2.50000000000000E+07,5.00001540171269E-10,9.18487885021609E-26,-6.30574628841168E-18,-5.00001540171269E-10,-9.18487885021609E-26,6.30574628841168E-18,4.20833451419966E-10,-4.38730858332626E-19,-3.82702117028171E-28
8.00000000000000E+00,1.80000000000000E+01,1.39638380000000E+07,-1.04924559593201E-01,-2.50000000000000E+07,1.00000230318642E-09,5.00000000000000E+05,2.50000000000000E+07,5.00001151593210E-10,9.18487268724027E-26,-3.75701918703982E-18,-5.00001151593210E-10,-9.18487268724027E-26,3.75701918703982E-18,4.20833423664391E-10,-2.61214383361143E-19,-3.82702117028171E-28
8.00000000000000E+00,1.90000000000000E+01,1.39638370000000E+07,-6.93323686718941E-02,-2.50000000000000E+07,1.00000185909721E-09,5.00000000000000E+05,2.50000000000000E+07,5.00000929548605E-10,9.18486775685961E-26,-2.48257333188294E-18,-5.00000929548605E-10,-9.18486775685961E-26,2.48257333188294E-18,4.20833395908815E-10,-1.72483080944098E-19,-3.82702117028171E-28
8.00000000000000E+00,2.00000000000000E+01,1.39638370000000E+07,0.00000000000000E+00,-2.50000000000000E+07,9.99999971718069E-10,5.00000000000000E+05,2.50000000000000E+07,4.99999985859034E-10,9.18485111682489E-26,0.00000000000000E+00,-4.99999985859034E-10,-9.18485111682489E-26,0.00000000000000E+00,4.20833340397664E-10,-9.46717242497846E-42,6.88766221184934E-41
8.00000000000000E+00,2.10000000000000E+01,1.39638370000000E+07,0.00000000000000E+00,-2.50000000000000E+07,9.99999971718069E-10,5.00000000000000E+05,2.50000000000000E+07,4.99999985859034E-10,9.18485111682489E-26,0.00000000000000E+00,-4.99999985859034E-10,-9.18485111682489E-26,0.00000000000000E+00,4.20833340397664E-10,-9.46717242497846E-42,6.88766221184934E-41
9.00000000000000E+00,1.00000000000000E+00,1.39638370000000E+07,0.00000000000000E+00,-2.50000000000000E+07,9.99999971718069E-10,5.00000000000000E+05,2.50000000000000E+07,4.99999985859034E-10,9.18485111682489E-26,0.00000000000000E+00,-4.99999985859034E-10,-9.18485111682489E-26,0.00000000000000E+00,4.20833340397664E-10,-9.46717242497846E-42,6.88766221184934E-41
9.00000000000000E+00,2.00000000000000E+00,1.39638370000000E+07,0.00000000000000E+00,-2.50000000000000E+07,9.99999971718069E-10,5.00000000000000E+05,2.50000000000000E+07,4.99999985859034E-10,9.18485111682489E-26,0.00000000000000E+00,-4.99999985859034E-10,-9.18485111682489E-26,0.00000000000000E+00,4.20833340397664E-10,-9.46717242497846E-42,6.88766221184934E-41
9.00000000000000E+00,3.00000000000000E+00,1.39638380000000E+07,9.41369459033012E-02,-2.50000000000000E+07,1.00000363545405E-09,5.00000000000000E+05,2.50000000000000E+07,5.00001817727025E-10,9.18488439689433E-26,3.37075272434746E-18,-5.00001817727025E-10,-9.18488439689433E-26,-3.37075272434746E-18,4.20833451419966E-10,2.34510123905182E-19,-3.82702117028171E-28
9.00000000000000E+00,4.00000000000000E+00,1.39638390000000E+07,1.69717729091644E-01,-2.50000000000000E+07,1.00000507874398E-09,5.00000000000000E+05,2.50000000000000E+07,5.00002539371991E-10,9.18489795544114E-26,6.07707551679385E-18,-5.00002539371991E-10,-9.18489795544114E-26,-6.07707551679385E-18,4.20833506931118E-10,4.23296314337240E-19,-3.82702117028171E-28
9.00000000000000E+00,5.00000000000000E+00,1.39638400000000E+07,3.47118616104126E-01,-2.50000000000000E+07,1.00000785430154E-09,5.00000000000000E+05,2.50000000000000E+07,5.00003927150772E-10,9.18492260734443E-26,1.24292936391994E-17,-5.00003927150772E-10,-9.18492260734443E-26,-1.24292936391994E-17,4.20833617953420E-10,8.68340602845783E-19,-3.82702117028171E-28
9.00000000000000E+00,6.00000000000000E+00,1.39638420000000E+07,8.31692934036255E-01,-2.50000000000000E+07,1.00001396052818E-09,5.00000000000000E+05,2.50000000000000E+07,5.00006980264089E-10,9.18497930672199E-26,2.97806494127792E-17,-5.00006980264089E-10,-9.18497930672199E-26,-2.97806494127792E-17,4.20833812242449E-10,2.06887176981403E-18,-3.82702117028171E-28
9.00000000000000E+00,7.00000000000000E+00,1.39638480000000E+07,2.07765007019043E+00,-2.50000000000000E+07,1.00002861547210E-09,5.00000000000000E+05,2.50000000000000E+07,5.00014307736052E-10,9.18511365959491E-26,7.43960221055334E-17,-5.00014307736052E-10,-9.18511365959491E-26,-7.43960221055334E-17,4.20834367353962E-10,5.60540182867478E-18,-3.82702117028171E-28
9.00000000000000E+00,8.00000000000000E+00,1.63388860000000E+07,1.95566730499268E+01,-2.50000000000000E+07,2.06400283531138E-08,4.99998156250000E+05,2.50000000000000E+07,1.03200141765569E-08,1.89575522590163E-24,1.23524424060694E-14,-1.03200141765569E-08,-1.89575522590163E-24,-1.23524424060694E-14,2.21713025716497E-09,6.70130222099358E-16,-3.82702117028171E-28
9.00000000000000E+00,9.00000000000000E+00,1.68300660000000E+07,5.46115875244141E+01,-2.50000000000000E+07,2.80627386928245E-06,4.99872187500000E+05,2.50000000000000E+07,1.40313693464122E-06,2.57751781083189E-22,4.55301421564691E-12,-1.40313693464122E-06,-2.57751781083189E-22,-4.55301421564691E-12,1.22412657788118E-07,1.71720683462759E-13,-3.82702117028171E-28
9.00000000000000E+00,1.00000000000000E+01,1.69681400000000E+07,-8.02390463650227E-03,-2.50000000000000E+07,1.11784802356851E-05,4.99557062500000E+05,2.50000000000000E+07,5.58924011784256E-06,1.02672672719570E-21,-2.64304328037146E-15,-5.58924011784256E-06,-1.02672672719570E-21,2.64304328037146E-15,4.20278809087904E-07,-9.88184568992676E-17,-3.82702117028171E-28
9.00000000000000E+00,1.10000000000000E+01,1.68300660000000E+07,-5.46277275085449E+01,-2.50000000000000E+07,2.80627318716142E-06,4.99872187500000E+05,2.50000000000000E+07,1.40313659358071E-06,2.57752285954169E-22,-4.55435862634079E-12,-1.40313659358071E-06,-2.57752285954169E-22,4.55435862634079E-12,1.22412657788118E-07,-1.71774636073367E-13,-3.82702117028171E-28
9.00000000000000E+00,1.20000000000000E+01,1.63388860000000E+07,-1.95729980468750E+01,-2.50000000000000E+07,2.06400194713297E-08,4.99998156250000E+05,2.50000000000000E+07,1.03200097356648E-08,1.89575581754731E-24,-1.23627482559387E-14,-1.03200097356648E-08,-1.89575581754731E-24,1.23627482559387E-14,2.21713003512036E-09,-6.70688522690717E-16,-3.82702117028171E-28
9.00000000000000E+00,1.30000000000000E+01,1.60361750000000E+07,-2.09417867660522E+00,-2.50000000000000E+07,1.00011388060040E-09,5.00000000000000E+05,2.50000000000000E+07,5.00056940300198E-10,9.18589697382189E-26,-6.53028851887420E-17,-5.00056940300198E-10,-9.18589697382189E-26,6.53028851887420E-17,4.20837475978431E-10,-4.91694105920812E-18,-3.82702117028171E-28
9.00000000000000E+00,1.40000000000000E+01,1.60361690000000E+07,-8.48183989524841E-01,-2.50000000000000E+07,1.00005492775779E-09,5.00000000000000E+05,2.50000000000000E+07,5.00027463878894E-10,9.18535586454472E-26,-2.64474192553784E-17,-5.00027463878894E-10,-9.18535586454472E-26,2.64474192553784E-17,4.20835255532381E-10,-1.83726864292470E-18,-3.82702117028171E-28
9.00000000000000E+00,1.50000000000000E+01,1.39638400000000E+07,-3.62595409154892E-01,-2.50000000000000E+07,1.00000752123464E-09,5.00000000000000E+05,2.50000000000000E+07,5.00003760617318E-10,9.18492014215410E-26,-1.29834682536630E-17,-5.00003760617318E-10,-9.18492014215410E-26,1.29834682536630E-17,4.20833590197844E-10,-9.06855476334748E-19,-3.82702117028171E-28
9.00000000000000E+00,1.60000000000000E+01,1.39638390000000E+07,-1.81557774543762E-01,-2.50000000000000E+07,1.00000474567707E-09,5.00000000000000E+05,2.50000000000000E+07,5.00002372838537E-10,9.18489487395323E-26,-6.50102915537473E-18,-5.00002372838537E-10,-9.18489487395323E-26,6.50102915537473E-18,4.20833506931118E-10,-4.52798357118798E-19,-3.82702117028171E-28
9.00000000000000E+00,1.70000000000000E+01,1.39638380000000E+07,-9.57521721720695E-02,-2.50000000000000E+07,1.00000330238714E-09,5.00000000000000E+05,2.50000000000000E+07,5.00001651193571E-10,9.18488193170400E-26,-3.42858774521110E-18,-5.00001651193571E-10,-9.18488193170400E-26,3.42858774521110E-18,4.20833451419966E-10,-2.38612009165256E-19,-3.82702117028171E-28
9.00000000000000E+00,1.80000000000000E+01,1.39638380000000E+07,-5.14104925096035E-02,-2.50000000000000E+07,1.00000252523103E-09,5.00000000000000E+05,2.50000000000000E+07,5.00001262615513E-10,9.18487391983544E-26,-1.84084847382068E-18,-5.00001262615513E-10,-9.18487391983544E-26,1.84084847382068E-18,4.20833423664391E-10,-1.28000965290267E-19,-3.82702117028171E-28
9.00000000000000E+00,1.90000000000000E+01,1.39638370000000E+07,-2.83744111657143E-02,-2.50000000000000E+07,1.00000197011951E-09,5.00000000000000E+05,2.50000000000000E+07,5.00000985059756E-10,9.18486898945478E-26,-1.01599823584836E-18,-5.00000985059756E-10,-9.18486898945478E-26,1.01599823584836E-18,4.20833395908815E-10,-7.05815832973938E-20,-3.82702117028171E-28
9.00000000000000E+00,2.00000000000000E+01,1.39638370000000E+07,0.00000000000000E+00,-2.50000000000000E+07,9.99999971718069E-10,5.00000000000000E+05,2.50000000000000E+07,4.99999985859034E-10,9.18485111682489E-26,0.00000000000000E+00,-4.99999985859034E-10,-9.18485111682489E-26,0.00000000000000E+00,4.20833340397664E-10,-9.46717242497846E-42,6.88766221184934E-41
9.00000000000000E+00,2.10000000000000E+01,1.39638370000000E+07,0.00000000000000E+00,-2.50000000000000E+07,9.99999971718069E-10,5.00000000000000E+05,2.50000000000000E+07,4.99999985859034E-10,9.18485111682489E-26,0.00000000000000E+00,-4.99999985859034E-10,-9.18485111682489E-26,0.00000000000000E+00,4.20833340397664E-10,-9.46717242497846E-42,6.88766221184934E-41
1.00000000000000E+01,1.00000000000000E+00,1.39638370000000E+07,0.00000000000000E+00,-2.50000000000000E+07,9.99999971718069E-10,5.00000000000000E+05,2.50000000000000E+07,4.99999985859034E-10,9.18485111682489E-26,0.00000000000000E+00,-4.99999985859034E-10,-9.18485111682489E-26,0.00000000000000E+00,4.20833340397664E-10,-9.46717242497846E-42,1.95150429335731E-40
1.00000000000000E+01,2.00000000000000E+00,1.39638370000000E+07,0.00000000000000E+00,-2.50000000000000E+07,9.99999971718069E-10,5.00000000000000E+05,2.50000000000000E+07,4.99999985859034E-10,9.18485111682489E-26,0.00000000000000E+00,-4.99999985859034E-10,-9.18485111682489E-26,0.00000000000000E+00,4.20833340397664E-10,-9.46717242497846E-42,6.88766221184934E-41
1.00000000000000E+01,3.00000000000000E+00,1.39638380000000E+07,-1.56064610928297E-02,-2.50000000000000E+07,1.00000374647635E-09,5.00000000000000E+05,2.50000000000000E+07,5.00001873238176E-10,9.18488562948950E-26,-5.58819130205485E-19,-5.00001873238176E-10,-9.18488562948950E-26,5.58819130205485E-19,4.20833451419966E-10,-3.88866136261245E-20,-3.82702117028171E-28
1.00000000000000E+01,4.00000000000000E+00,1.39638390000000E+07,-1.15998080000281E-02,-2.50000000000000E+07,1.00000541181089E-09,5.00000000000000E+05,2.50000000000000E+07,5.00002705905445E-10,9.18490042063147E-26,-4.15353907041265E-19,-5.00002705905445E-10,-9.18490042063147E-26,4.15353907041265E-19,4.20833506931118E-10,-2.89119495809030E-20,-3.82702117028171E-28
1.00000000000000E+01,5.00000000000000E+00,1.39638400000000E+07,-8.39543528854847E-03,-2.50000000000000E+07,1.00000829839075E-09,5.00000000000000E+05,2.50000000000000E+07,5.00004149195377E-10,9.18492753772509E-26,-3.00615916918582E-19,-5.00004149195377E-10,-9.18492753772509E-26,3.00615916918582E-19,4.20833617953420E-10,-2.09325598798459E-20,-3.82702117028171E-28
1.00000000000000E+01,6.00000000000000E+00,1.39638430000000E+07,-6.06983015313745E-03,-2.50000000000000E+07,1.00001573688502E-09,5.00000000000000E+05,2.50000000000000E+07,5.00007868442509E-10,9.18499594675671E-26,-2.17344394285299E-19,-5.00007868442509E-10,-9.18499594675671E-26,2.17344394285299E-19,4.20833895509176E-10,-1.51380417510512E-20,-3.82702117028171E-28
1.00000000000000E+01,7.00000000000000E+00,1.39638500000000E+07,-4.60665393620729E-03,-2.50000000000000E+07,1.00003394454262E-09,5.00000000000000E+05,2.50000000000000E+07,5.00016972271311E-10,9.18516234710391E-26,-1.64954871415162E-19,-5.00016972271311E-10,-9.18516234710391E-26,1.64954871415162E-19,4.20834589398567E-10,-1.14890976530740E-20,-3.82702117028171E-28
1.00000000000000E+01,8.00000000000000E+00,1.65109180000000E+07,-3.90091026201844E-03,-2.50000000000000E+07,1.15305823555900E-07,4.99992031250000E+05,2.50000000000000E+07,5.76529117779501E-08,1.05906682784538E-23,-1.36212195428577E-17,-5.76529117779501E-08,-1.05906682784538E-23,1.36212195428577E-17,8.13965339574452E-09,-6.57607604702680E-19,-3.82702117028171E-28
1.00000000000000E+01,9.00000000000000E+00,1.69683360000000E+07,-3.76167031936347E-03,-2.50000000000000E+07,1.12005054688780E-05,4.99556625000000E+05,2.50000000000000E+07,5.60025273443898E-06,1.02874974520993E-21,-1.24150677870247E-15,-5.60025273443898E-06,-1.02874974520993E-21,1.24150677870247E-15,4.20656647293072E-07,-4.64190003137567E-17,-3.82702117028171E-28
1.00000000000000E+01,1.00000000000000E+01,1.70916520000000E+07,-3.92457190901041E-03,-2.50000000000000E+07,3.85975690733176E-05,4.98629250000000E+05,2.50000000000000E+07,1.92987845366588E-05,3.54512929603070E-21,-4.43137187168996E-15,-1.92987845366588E-05,-3.54512929603070E-21,4.43137187168996E-15,1.29267220927431E-06,-1.56368264233334E-16,-3.82702117028171E-28
1.00000000000000E+01,1.10000000000000E+01,1.69683360000000E+07,-4.08685114234686E-03,-2.50000000000000E+07,1.12005027403939E-05,4.99556625000000E+05,2.50000000000000E+07,5.60025137019693E-06,1.02874954326153E-21,-1.34882955888873E-15,-5.60025137019693E-06,-1.02874954326153E-21,1.34882955888873E-15,4.20656590449653E-07,-5.03766161760146E-17,-3.82702117028171E-28
1.00000000000000E+01,1.20000000000000E+01,1.65109180000000E+07,-3.94387170672417E-03,-2.50000000000000E+07,1.15305766712481E-07,4.99992031250000E+05,2.50000000000000E+07,5.76528833562406E-08,1.05906627564274E-23,-1.37712262654023E-17,-5.76528833562406E-08,-1.05906627564274E-23,1.37712262654023E-17,8.13965161938768E-09,-6.62693576397750E-19,-3.82702117028171E-28
1.00000000000000E+01,1.30000000000000E+01,1.60361770000000E+07,-3.22579359635711E-03,-2.50000000000000E+07,1.00013486381556E-09,5.00000000000000E+05,2.50000000000000E+07,5.00067431907780E-10,9.18608925866754E-26,-1.00592199984003E-19,-5.00067431907780E-10,-9.18608925866754E-26,1.00592199984003E-19,4.20838308645699E-10,-6.95269861775255E-21,-3.82702117028171E-28
1.00000000000000E+01,1.40000000000000E+01,1.60361690000000E+07,-1.73637364059687E-03,-2.50000000000000E+07,1.00006203318515E-09,5.00000000000000E+05,2.50000000000000E+07,5.00031016592573E-10,9.18542057579085E-26,-5.41426481679124E-20,-5.00031016592573E-10,-9.18542057579085E-26,5.41426481679124E-20,4.20835505332562E-10,-3.72112731942913E-21,-3.82702117028171E-28
1.00000000000000E+01,1.50000000000000E+01,1.39638400000000E+07,6.33143354207277E-04,-2.50000000000000E+07,1.00000796532385E-09,5.00000000000000E+05,2.50000000000000E+07,5.00003982661923E-10,9.18492445623718E-26,2.26709994905740E-20,-5.00003982661923E-10,-9.18492445623718E-26,-2.26709994905740E-20,4.20833617953420E-10,1.62340829218200E-21,-3.82702117028171E-28
1.00000000000000E+01,1.60000000000000E+01,1.39638390000000E+07,3.90524533577263E-03,-2.50000000000000E+07,1.00000496772168E-09,5.00000000000000E+05,2.50000000000000E+07,5.00002483860840E-10,9.18489672284598E-26,1.39834934250878E-19,-5.00002483860840E-10,-9.18489672284598E-26,-1.39834934250878E-19,4.20833506931118E-10,9.76233631394325E-21,-3.82702117028171E-28
1.00000000000000E+01,1.70000000000000E+01,1.39638380000000E+07,8.02686624228954E-03,-2.50000000000000E+07,1.00000341340944E-09,5.00000000000000E+05,2.50000000000000E+07,5.00001706704722E-10,9.18488254800159E-26,2.87417164570744E-19,-5.00001706704722E-10,-9.18488254800159E-26,-2.87417164570744E-19,4.20833451419966E-10,2.00123957653888E-20,-3.82702117028171E-28
1.00000000000000E+01,1.80000000000000E+01,1.39638380000000E+07,1.28795458003879E-02,-2.50000000000000E+07,1.00000252523103E-09,5.00000000000000E+05,2.50000000000000E+07,5.00001262615513E-10,9.18487453613302E-26,4.61176197459100E-19,-5.00001262615513E-10,-9.18487453613302E-26,-4.61176197459100E-19,4.20833423664391E-10,3.20801870363003E-20,-3.82702117028171E-28
1.00000000000000E+01,1.90000000000000E+01,1.39638380000000E+07,1.82670727372169E-02,-2.50000000000000E+07,1.00000197011951E-09,5.00000000000000E+05,2.50000000000000E+07,5.00000985059756E-10,9.18486898945478E-26,6.54086245136253E-19,-5.00000985059756E-10,-9.18486898945478E-26,-6.54086245136253E-19,4.20833395908815E-10,4.54792172587780E-20,-3.82702117028171E-28
1.00000000000000E+01,2.00000000000000E+01,1.39638370000000E+07,0.00000000000000E+00,-2.50000000000000E+07,9.99999971718069E-10,5.00000000000000E+05,2.50000000000000E+07,4.99999985859034E-10,9.18485111682489E-26,0.00000000000000E+00,-4.99999985859034E-10,-9.18485111682489E-26,0.00000000000000E+00,4.20833340397664E-10,-9.46717242497846E-42,6.88766221184934E-41
1.00000000000000E+01,2.10000000000000E+01,1.39638370000000E+07,0.00000000000000E+00,-2.50000000000000E+07,9.99999971718069E-10,5.00000000000000E+05,2.50000000000000E+07,4.99999985859034E-10,9.18485111682489E-26,0.00000000000000E+00,-4.99999985859034E-10,-9.18485111682489E-26,0.00000000000000E+00,4.20833340397664E-10,-9.46717242497846E-42,6.88766221184934E-41
1.10000000000000E+01,1.00000000000000E+00,1.39638370000000E+07,0.00000000000000E+00,-2.50000000000000E+07,9.99999971718069E-10,5.00000000000000E+05,2.50000000000000E+07,4.99999985859034E-10,9.18485111682489E-26,0.00000000000000E+00,-4.99999985859034E-10,-9.18485111682489E-26,0.00000000000000E+00,4.20833340397664E-10,-9.46717242497846E-42,6.88766221184934E-41
1.10000000000000E+01,2.00000000000000E+00,1.39638370000000E+07,0.00000000000000E+00,-2.50000000000000E+07,9.99999971718069E-10,5.00000000000000E+05,2.50000000000000E+07,4.99999985859034E-10,9.18485111682489E-26,0.00000000000000E+00,-4.99999985859034E-10,-9.18485111682489E-26,0.00000000000000E+00,4.20833340397664E-10,-9.46717242497846E-42,6.88766221184934E-41
1.10000000000000E+01,3.00000000000000E+00,1.39638380000000E+07,-1.24850913882256E-01,-2.50000000000000E+07,1.00000363545405E-09,5.00000000000000E+05,2.50000000000000E+07,5.00001817727025E-10,9.18488439689433E-26,-4.47052491750305E-18,-5.00001817727025E-10,-9.18488439689433E-26,4.47052491750305E-18,4.20833451419966E-10,-3.11042476841025E-19,-3.82702117028171E-28
1.10000000000000E+01,4.00000000000000E+00,1.39638390000000E+07,-1.92274034023285E-01,-2.50000000000000E+07,1.00000507874398E-09,5.00000000000000E+05,2.50000000000000E+07,5.00002539371991E-10,9.18489795544114E-26,-6.88474790178043E-18,-5.00002539371991E-10,-9.18489795544114E-26,6.88474790178043E-18,4.20833506931118E-10,-4.79520581903688E-19,-3.82702117028171E-28
1.10000000000000E+01,5.00000000000000E+00,1.39638400000000E+07,-3.63178938627243E-01,-2.50000000000000E+07,1.00000785430154E-09,5.00000000000000E+05,2.50000000000000E+07,5.00003927150772E-10,9.18492260734443E-26,-1.30043661446585E-17,-5.00003927150772E-10,-9.18492260734443E-26,1.30043661446585E-17,4.20833617953420E-10,-9.08389482780727E-19,-3.82702117028171E-28
1.10000000000000E+01,6.00000000000000E+00,1.39638420000000E+07,-8.43087852001190E-01,-2.50000000000000E+07,1.00001396052818E-09,5.00000000000000E+05,2.50000000000000E+07,5.00006980264089E-10,9.18497930672199E-26,-3.01886711391720E-17,-5.00006980264089E-10,-9.18497930672199E-26,3.01886711391720E-17,4.20833812242449E-10,-2.09729803835957E-18,-3.82702117028171E-28
1.10000000000000E+01,7.00000000000000E+00,1.60361750000000E+07,-2.08617019653320E+00,-2.50000000000000E+07,1.00011443571191E-09,5.00000000000000E+05,2.50000000000000E+07,5.00057217855954E-10,9.18590313679772E-26,-6.50532023752041E-17,-5.00057217855954E-10,-9.18590313679772E-26,6.50532023752041E-17,4.20837503734006E-10,-4.89966663288587E-18,-3.82702117028171E-28
1.10000000000000E+01,8.00000000000000E+00,1.63388860000000E+07,-1.95639553070068E+01,-2.50000000000000E+07,2.06400265767570E-08,4.99998156250000E+05,2.50000000000000E+07,1.03200132883785E-08,1.89575640919298E-24,-1.23570409479401E-14,-1.03200132883785E-08,-1.89575640919298E-24,1.23570409479401E-14,2.21713025716497E-09,-6.70379832121002E-16,-3.82702117028171E-28
1.10000000000000E+01,9.00000000000000E+00,1.68300660000000E+07,-5.46188392639160E+01,-2.50000000000000E+07,2.80627341453510E-06,4.99872187500000E+05,2.50000000000000E+07,1.40313670726755E-06,2.57752311197718E-22,-4.55361833309742E-12,-1.40313670726755E-06,-2.57752311197718E-22,4.55361833309742E-12,1.22412657788118E-07,-1.71744969591422E-13,-3.82702117028171E-28
1.10000000000000E+01,1.00000000000000E+01,1.69681400000000E+07,1.83576456038281E-04,-2.50000000000000E+07,1.11784784166957E-05,4.99557062500000E+05,2.50000000000000E+07,5.58923920834786E-06,1.02672662622151E-21,6.04693710845742E-17,-5.58923920834786E-06,-1.02672662622151E-21,-6.04693710845742E-17,4.20278780666195E-07,2.24450144580828E-18,-3.82702117028171E-28
1.10000000000000E+01,1.10000000000000E+01,1.68300660000000E+07,5.46192779541016E+01,-2.50000000000000E+07,2.80627273241407E-06,4.99872187500000E+05,2.50000000000000E+07,1.40313636620704E-06,2.57751705352542E-22,4.55365389492868E-12,-1.40313636620704E-06,-2.57751705352542E-22,-4.55365389492868E-12,1.22412643577263E-07,1.71746406159301E-13,-3.82702117028171E-28
1.10000000000000E+01,1.20000000000000E+01,1.63388860000000E+07,1.95645942687988E+01,-2.50000000000000E+07,2.06400159186160E-08,4.99998156250000E+05,2.50000000000000E+07,1.03200079593080E-08,1.89575404261027E-24,1.23574390534253E-14,-1.03200079593080E-08,-1.89575404261027E-24,-1.23574390534253E-14,2.21713003512036E-09,6.70401537340276E-16,-3.82702117028171E-28
1.10000000000000E+01,1.30000000000000E+01,1.60361750000000E+07,2.08703970909119E+00,-2.50000000000000E+07,1.00011376957809E-09,5.00000000000000E+05,2.50000000000000E+07,5.00056884789046E-10,9.18589512492915E-26,6.50802677248469E-17,-5.00056884789046E-10,-9.18589512492915E-26,-6.50802677248469E-17,4.20837475978431E-10,4.90154805518912E-18,-3.82702117028171E-28
1.10000000000000E+01,1.40000000000000E+01,1.60361690000000E+07,8.43939065933228E-01,-2.50000000000000E+07,1.00005481673549E-09,5.00000000000000E+05,2.50000000000000E+07,5.00027408367743E-10,9.18535463194955E-26,2.63150554681188E-17,-5.00027408367743E-10,-9.18535463194955E-26,-2.63150554681188E-17,4.20835255532381E-10,1.82815456014044E-18,-3.82702117028171E-28
1.10000000000000E+01,1.50000000000000E+01,1.60361660000000E+07,3.63089650869370E-01,-2.50000000000000E+07,1.00002994773973E-09,5.00000000000000E+05,2.50000000000000E+07,5.00014973869867E-10,9.18512660184414E-26,1.13213009251162E-17,-5.00014973869867E-10,-9.18512660184414E-26,-1.13213009251162E-17,4.20834367353962E-10,7.90828816365889E-19,-3.82702117028171E-28
1.10000000000000E+01,1.60000000000000E+01,1.39638390000000E+07,1.88666358590126E-01,-2.50000000000000E+07,1.00000474567707E-09,5.00000000000000E+05,2.50000000000000E+07,5.00002372838537E-10,9.18489487395323E-26,6.75556586474710E-18,-5.00002372838537E-10,-9.18489487395323E-26,-6.75556586474710E-18,4.20833506931118E-10,4.70577570409859E-19,-3.82702117028171E-28
1.10000000000000E+01,1.70000000000000E+01,1.39638380000000E+07,1.11225597560406E-01,-2.50000000000000E+07,1.00000330238714E-09,5.00000000000000E+05,2.50000000000000E+07,5.00001651193571E-10,9.18488131540642E-26,3.98264303887131E-18,-5.00001651193571E-10,-9.18488131540642E-26,-3.98264303887131E-18,4.20833451419966E-10,2.77193444844136E-19,-3.82702117028171E-28
1.10000000000000E+01,1.80000000000000E+01,1.39638380000000E+07,7.67510309815407E-02,-2.50000000000000E+07,1.00000252523103E-09,5.00000000000000E+05,2.50000000000000E+07,5.00001262615513E-10,9.18487391983544E-26,2.74821390700306E-18,-5.00001262615513E-10,-9.18487391983544E-26,-2.74821390700306E-18,4.20833423664391E-10,1.91119938358709E-19,-3.82702117028171E-28
1.10000000000000E+01,1.90000000000000E+01,1.39638370000000E+07,6.46920353174210E-02,-2.50000000000000E+07,1.00000197011951E-09,5.00000000000000E+05,2.50000000000000E+07,5.00000985059756E-10,9.18486898945478E-26,2.31641776903456E-18,-5.00000985059756E-10,-9.18486898945478E-26,-2.31641776903456E-18,4.20833395908815E-10,1.61000754216702E-19,-3.82702117028171E-28
1.10000000000000E+01,2.00000000000000E+01,1.39638370000000E+07,0.00000000000000E+00,-2.50000000000000E+07,9.99999971718069E-10,5.00000000000000E+05,2.50000000000000E+07,4.99999985859034E-10,9.18485111682489E-26,0.00000000000000E+00,-4.99999985859034E-10,-9.18485111682489E-26,0.00000000000000E+00,4.20833340397664E-10,-9.46717242497846E-42,6.88766221184934E-41
1.10000000000000E+01,2.10000000000000E+01,1.39638370000000E+07,0.00000000000000E+00,-2.50000000000000E+07,9.99999971718069E-10,5.00000000000000E+05,2.50000000000000E+07,4.99999985859034E-10,9.18485111682489E-26,0.00000000000000E+00,-4.99999985859034E-10,-9.18485111682489E-26,0.00000000000000E+00,4.20833340397664E-10,-9.46717242497846E-42,6.88766221184934E-41
1.20000000000000E+01,1.00000000000000E+00,1.39638370000000E+07,0.00000000000000E+00,-2.50000000000000E+07,9.99999971718069E-10,5.00000000000000E+05,2.50000000000000E+07,4.99999985859034E-10,9.18485111682489E-26,0.00000000000000E+00,-4.99999985859034E-10,-9.18485111682489E-26,0.00000000000000E+00,4.20833340397664E-10,-9.46717242497846E-42,6.88766221184934E-41
1.20000000000000E+01,2.00000000000000E+00,1.39638370000000E+07,0.00000000000000E+00,-2.50000000000000E+07,9.99999971718069E-10,5.00000000000000E+05,2.50000000000000E+07,4.99999985859034E-10,9.18485111682489E-26,0.00000000000000E+00,-4.99999985859034E-10,-9.18485111682489E-26,0.00000000000000E+00,4.20833340397664E-10,-9.46717242497846E-42,6.88766221184934E-41
1.20000000000000E+01,3.00000000000000E+00,1.39638380000000E+07,-2.10234344005585E-01,-2.50000000000000E+07,1.00000330238714E-09,5.00000000000000E+05,2.50000000000000E+07,5.00001651193571E-10,9.18488131540642E-26,-7.52783822823886E-18,-5.00001651193571E-10,-9.18488131540642E-26,7.52783822823886E-18,4.20833451419966E-10,-5.23623474020754E-19,-3.82702117028171E-28
1.20000000000000E+01,4.00000000000000E+00,1.39638380000000E+07,-3.16314876079559E-01,-2.50000000000000E+07,1.00000441261017E-09,5.00000000000000E+05,2.50000000000000E+07,5.00002206305084E-10,9.18489179246532E-26,-1.13262664903334E-17,-5.00002206305084E-10,-9.18489179246532E-26,1.13262664903334E-17,4.20833479175542E-10,-7.88753471907782E-19,-3.82702117028171E-28
1.20000000000000E+01,5.00000000000000E+00,1.39638390000000E+07,-5.71239709854126E-01,-2.50000000000000E+07,1.00000641101161E-09,5.00000000000000E+05,2.50000000000000E+07,5.00003205505806E-10,9.18491028139279E-26,-2.04543815665071E-17,-5.00003205505806E-10,-9.18491028139279E-26,2.04543815665071E-17,4.20833562442269E-10,-1.42623877083677E-18,-3.82702117028171E-28
1.20000000000000E+01,6.00000000000000E+00,1.39638410000000E+07,-1.16341483592987E+00,-2.50000000000000E+07,1.00001029679220E-09,5.00000000000000E+05,2.50000000000000E+07,5.00005148396099E-10,9.18494602665255E-26,-4.16585527274568E-17,-5.00005148396099E-10,-9.18494602665255E-26,4.16585527274568E-17,4.20833701220147E-10,-2.90081694269537E-18,-3.82702117028171E-28
1.20000000000000E+01,7.00000000000000E+00,1.39638440000000E+07,-2.33091378211975E+00,-2.50000000000000E+07,1.00001795733107E-09,5.00000000000000E+05,2.50000000000000E+07,5.00008978665534E-10,9.18501566827934E-26,-8.34639597921439E-17,-5.00008978665534E-10,-9.18501566827934E-26,8.34639597921439E-17,4.20833978775903E-10,-5.92562495048998E-18,-3.82702117028171E-28
1.20000000000000E+01,8.00000000000000E+00,1.60365370000000E+07,-8.07384395599365E+00,-2.50000000000000E+07,1.00374131228875E-09,5.00000000000000E+05,2.50000000000000E+07,5.01870656144376E-10,9.21921648630617E-26,-2.52674613316947E-16,-5.01870656144376E-10,-9.21921648630617E-26,2.52674613316947E-16,4.21404633410560E-10,-1.90861106824199E-17,-3.82702117028171E-28
1.20000000000000E+01,9.00000000000000E+00,1.63388630000000E+07,-1.95444602966309E+01,-2.50000000000000E+07,2.06354311416135E-08,4.99998156250000E+05,2.50000000000000E+07,1.03177155708067E-08,1.89533436860869E-24,-1.23419951016980E-14,-1.03177155708067E-08,-1.89533436860869E-24,1.23419951016980E-14,2.21699436586675E-09,-6.69873571116340E-16,-3.82702117028171E-28
1.20000000000000E+01,1.00000000000000E+01,1.65108400000000E+07,4.01267549023032E-03,-2.50000000000000E+07,1.15216060692092E-07,4.99992031250000E+05,2.50000000000000E+07,5.76080303460458E-08,1.05824238931333E-23,1.40006390180296E-17,-5.76080303460458E-08,-1.05824238931333E-23,-1.40006390180296E-17,8.13748268768677E-09,6.74714837143618E-19,-3.82702117028171E-28
1.20000000000000E+01,1.10000000000000E+01,1.63388630000000E+07,1.95526008605957E+01,-2.50000000000000E+07,2.06354258125430E-08,4.99998156250000E+05,2.50000000000000E+07,1.03177129062715E-08,1.89533239645643E-24,1.23471332035561E-14,-1.03177129062715E-08,-1.89533239645643E-24,-1.23471332035561E-14,2.21699414382215E-09,6.70151821439513E-16,-3.82702117028171E-28
1.20000000000000E+01,1.20000000000000E+01,1.60365370000000E+07,8.08227825164795E+00,-2.50000000000000E+07,1.00374086819954E-09,5.00000000000000E+05,2.50000000000000E+07,5.01870434099772E-10,9.21920909073518E-26,2.52938464080017E-16,-5.01870434099772E-10,-9.21920909073518E-26,-2.52938464080017E-16,4.21404605654985E-10,1.91044194980981E-17,-3.82702117028171E-28
1.20000000000000E+01,1.30000000000000E+01,1.60361700000000E+07,2.33960962295532E+00,-2.50000000000000E+07,1.00007091496934E-09,5.00000000000000E+05,2.50000000000000E+07,5.00035457484671E-10,9.18550192707170E-26,7.29530617752163E-17,-5.00035457484671E-10,-9.18550192707170E-26,-7.29530617752163E-17,4.20835866155045E-10,5.17883264499700E-18,-3.82702117028171E-28
1.20000000000000E+01,1.40000000000000E+01,1.60361670000000E+07,1.17179536819458E+00,-2.50000000000000E+07,1.00004027281386E-09,5.00000000000000E+05,2.50000000000000E+07,5.00020136406931E-10,9.18522027907663E-26,3.65374874813084E-17,-5.00020136406931E-10,-9.18522027907663E-26,-3.65374874813084E-17,4.20834728176445E-10,2.54414493436863E-18,-3.82702117028171E-28
1.20000000000000E+01,1.50000000000000E+01,1.39638390000000E+07,5.77424347400665E-01,-2.50000000000000E+07,1.00000618896701E-09,5.00000000000000E+05,2.50000000000000E+07,5.00003094483503E-10,9.18490781620246E-26,2.06758277426549E-17,-5.00003094483503E-10,-9.18490781620246E-26,-2.06758277426549E-17,4.20833562442269E-10,1.44165224757593E-18,-3.82702117028171E-28
1.20000000000000E+01,1.60000000000000E+01,1.39638380000000E+07,3.15312087535858E-01,-2.50000000000000E+07,1.00000419056556E-09,5.00000000000000E+05,2.50000000000000E+07,5.00002095282781E-10,9.18488932727499E-26,1.12903552712200E-17,-5.00002095282781E-10,-9.18488932727499E-26,-1.12903552712200E-17,4.20833479175542E-10,7.86324611135385E-19,-3.82702117028171E-28
1.20000000000000E+01,1.70000000000000E+01,1.39638380000000E+07,1.89860031008720E-01,-2.50000000000000E+07,1.00000296932024E-09,5.00000000000000E+05,2.50000000000000E+07,5.00001484660118E-10,9.18487885021609E-26,6.79829553364975E-18,-5.00001484660118E-10,-9.18487885021609E-26,-6.79829553364975E-18,4.20833451419966E-10,4.73039466707970E-19,-3.82702117028171E-28
1.20000000000000E+01,1.80000000000000E+01,1.39638380000000E+07,1.29028424620628E-01,-2.50000000000000E+07,1.00000230318642E-09,5.00000000000000E+05,2.50000000000000E+07,5.00001151593210E-10,9.18487207094269E-26,4.62010274690010E-18,-5.00001151593210E-10,-9.18487207094269E-26,-4.62010274690010E-18,4.20833423664391E-10,3.21255960207552E-19,-3.82702117028171E-28
1.20000000000000E+01,1.90000000000000E+01,1.39638370000000E+07,1.05006895959377E-01,-2.50000000000000E+07,1.00000185909721E-09,5.00000000000000E+05,2.50000000000000E+07,5.00000929548605E-10,9.18486775685961E-26,3.75996519079143E-18,-5.00000929548605E-10,-9.18486775685961E-26,-3.75996519079143E-18,4.20833395908815E-10,2.61300229199090E-19,-3.82702117028171E-28
1.20000000000000E+01,2.00000000000000E+01,1.39638370000000E+07,0.00000000000000E+00,-2.50000000000000E+07,9.99999971718069E-10,5.00000000000000E+05,2.50000000000000E+07,4.99999985859034E-10,9.18485111682489E-26,0.00000000000000E+00,-4.99999985859034E-10,-9.18485111682489E-26,0.00000000000000E+00,4.20833340397664E-10,-9.46717242497846E-42,6.88766221184934E-41
1.20000000000000E+01,2.10000000000000E+01,1.39638370000000E+07,0.00000000000000E+00,-2.50000000000000E+07,9.99999971718069E-10,5.00000000000000E+05,2.50000000000000E+07,4.99999985859034E-10,9.18485111682489E-26,0.00000000000000E+00,-4.99999985859034E-10,-9.18485111682489E-26,0.00000000000000E+00,4.20833340397664E-10,-9.46717242497846E-42,6.88766221184934E-41
1.30000000000000E+01,1.00000000000000E+00,1.39638370000000E+07,0.00000000000000E+00,-2.50000000000000E+07,9.99999971718069E-10,5.00000000000000E+05,2.50000000000000E+07,4.99999985859034E-10,9.18485111682489E-26,0.00000000000000E+00,-4.99999985859034E-10,-9.18485111682489E-26,0.00000000000000E+00,4.20833340397664E-10,-9.46717242497846E-42,6.88766221184934E-41
1.30000000000000E+01,2.00000000000000E+00,1.39638370000000E+07,0.00000000000000E+00,-2.50000000000000E+07,9.99999971718069E-10,5.00000000000000E+05,2.50000000000000E+07,4.99999985859034E-10,9.18485111682489E-26,0.00000000000000E+00,-4.99999985859034E-10,-9.18485111682489E-26,0.00000000000000E+00,4.20833340397664E-10,-9.46717242497846E-42,6.88766221184934E-41
1.30000000000000E+01,3.00000000000000E+00,1.39638380000000E+07,-2.59832948446274E-01,-2.50000000000000E+07,1.00000274727563E-09,5.00000000000000E+05,2.50000000000000E+07,5.00001373637815E-10,9.18487700132335E-26,-9.30380575673817E-18,-5.00001373637815E-10,-9.18487700132335E-26,9.30380575673817E-18,4.20833423664391E-10,-6.46962048713064E-19,-3.82702117028171E-28
1.30000000000000E+01,4.00000000000000E+00,1.39638380000000E+07,-3.63951772451401E-01,-2.50000000000000E+07,1.00000363545405E-09,5.00000000000000E+05,2.50000000000000E+07,5.00001817727025E-10,9.18488439689433E-26,-1.30319865324922E-17,-5.00001817727025E-10,-9.18488439689433E-26,1.30319865324922E-17,4.20833451419966E-10,-9.07038903635581E-19,-3.82702117028171E-28
1.30000000000000E+01,5.00000000000000E+00,1.39638390000000E+07,-5.97028851509094E-01,-2.50000000000000E+07,1.00000485669938E-09,5.00000000000000E+05,2.50000000000000E+07,5.00002428349688E-10,9.18489610654839E-26,-2.13777798279123E-17,-5.00002428349688E-10,-9.18489610654839E-26,2.13777798279123E-17,4.20833506931118E-10,-1.48894567871319E-18,-3.82702117028171E-28
1.30000000000000E+01,6.00000000000000E+00,1.39638390000000E+07,-1.03737998008728E+00,-2.50000000000000E+07,1.00000674407852E-09,5.00000000000000E+05,2.50000000000000E+07,5.00003372039259E-10,9.18491336288070E-26,-3.71454784664247E-17,-5.00003372039259E-10,-9.18491336288070E-26,3.71454784664247E-17,4.20833562442269E-10,-2.58662231318445E-18,-3.82702117028171E-28
1.30000000000000E+01,7.00000000000000E+00,1.39638410000000E+07,-1.71547794342041E+00,-2.50000000000000E+07,1.00000963065838E-09,5.00000000000000E+05,2.50000000000000E+07,5.00004815329191E-10,9.18493924737915E-26,-6.14263131741796E-17,-5.00004815329191E-10,-9.18493924737915E-26,6.14263131741796E-17,4.20833673464571E-10,-4.25595674814863E-18,-3.82702117028171E-28
1.30000000000000E+01,8.00000000000000E+00,1.60361690000000E+07,-2.32788491249084E+00,-2.50000000000000E+07,1.00005304037865E-09,5.00000000000000E+05,2.50000000000000E+07,5.00026520189323E-10,9.18533860821242E-26,-7.25861773950469E-17,-5.00026520189323E-10,-9.18533860821242E-26,7.25861773950469E-17,4.20835255532381E-10,-5.15353084442023E-18,-3.82702117028171E-28
1.30000000000000E+01,9.00000000000000E+00,1.60361700000000E+07,-2.07885885238647E+00,-2.50000000000000E+07,1.00006747327797E-09,5.00000000000000E+05,2.50000000000000E+07,5.00033736638983E-10,9.18547111219259E-26,-6.48221873737303E-17,-5.00033736638983E-10,-9.18547111219259E-26,6.48221873737303E-17,4.20835810643894E-10,-4.88389643450755E-18,-3.82702117028171E-28
1.30000000000000E+01,1.00000000000000E+01,1.60361700000000E+07,7.33086280524731E-03,-2.50000000000000E+07,1.00006614101034E-09,5.00000000000000E+05,2.50000000000000E+07,5.00033070505168E-10,9.18545816994336E-26,2.28587872610820E-19,-5.00033070505168E-10,-9.18545816994336E-26,-2.28587872610820E-19,4.20835671866016E-10,1.58620848965636E-20,-3.82702117028171E-28
1.30000000000000E+01,1.10000000000000E+01,1.60361700000000E+07,2.09362030029297E+00,-2.50000000000000E+07,1.00006725123336E-09,5.00000000000000E+05,2.50000000000000E+07,5.00033625616680E-10,9.18546803070468E-26,6.52824571363344E-17,-5.00033625616680E-10,-9.18546803070468E-26,-6.52824571363344E-17,4.20835810643894E-10,4.91583801386128E-18,-3.82702117028171E-28
1.30000000000000E+01,1.20000000000000E+01,1.60361690000000E+07,2.34285759925842E+00,-2.50000000000000E+07,1.00005259628944E-09,5.00000000000000E+05,2.50000000000000E+07,5.00026298144718E-10,9.18533429412934E-26,7.30530116629923E-17,-5.00026298144718E-10,-9.18533429412934E-26,-7.30530116629923E-17,4.20835227776806E-10,5.18593440414608E-18,-3.82702117028171E-28
1.30000000000000E+01,1.30000000000000E+01,1.60361670000000E+07,1.73044717311859E+00,-2.50000000000000E+07,1.00003771930091E-09,5.00000000000000E+05,2.50000000000000E+07,5.00018859650453E-10,9.18519685976851E-26,5.39565479880257E-17,-5.00018859650453E-10,-9.18519685976851E-26,-5.39565479880257E-17,4.20834644909718E-10,3.73842871636300E-18,-3.82702117028171E-28
1.30000000000000E+01,1.40000000000000E+01,1.60361660000000E+07,1.05133414268494E+00,-2.50000000000000E+07,1.00002628400375E-09,5.00000000000000E+05,2.50000000000000E+07,5.00013142001876E-10,9.18509270547712E-26,3.27809592259621E-17,-5.00013142001876E-10,-9.18509270547712E-26,-3.27809592259621E-17,4.20834256331659E-10,2.28260903624314E-18,-3.82702117028171E-28
1.30000000000000E+01,1.50000000000000E+01,1.39638390000000E+07,6.07125639915466E-01,-2.50000000000000E+07,1.00000463465477E-09,5.00000000000000E+05,2.50000000000000E+07,5.00002317327386E-10,9.18489364135807E-26,2.17393106951572E-17,-5.00002317327386E-10,-9.18489364135807E-26,-2.17393106951572E-17,4.20833506931118E-10,1.51410158530942E-18,-3.82702117028171E-28
1.30000000000000E+01,1.60000000000000E+01,1.39638380000000E+07,3.63165646791458E-01,-2.50000000000000E+07,1.00000341340944E-09,5.00000000000000E+05,2.50000000000000E+07,5.00001706704722E-10,9.18488193170400E-26,1.30038342675246E-17,-5.00001706704722E-10,-9.18488193170400E-26,-1.30038342675246E-17,4.20833451419966E-10,9.05174128342157E-19,-3.82702117028171E-28
1.30000000000000E+01,1.70000000000000E+01,1.39638380000000E+07,2.31836900115013E-01,-2.50000000000000E+07,1.00000263625333E-09,5.00000000000000E+05,2.50000000000000E+07,5.00001318126664E-10,9.18487453613302E-26,8.30135301701067E-18,-5.00001318126664E-10,-9.18487453613302E-26,-8.30135301701067E-18,4.20833423664391E-10,5.77455199213575E-19,-3.82702117028171E-28
1.30000000000000E+01,1.80000000000000E+01,1.39638380000000E+07,1.63159415125847E-01,-2.50000000000000E+07,1.00000208114182E-09,5.00000000000000E+05,2.50000000000000E+07,5.00001040570908E-10,9.18486960575236E-26,5.84222487881963E-18,-5.00001040570908E-10,-9.18486960575236E-26,-5.84222487881963E-18,4.20833395908815E-10,4.06157028647565E-19,-3.82702117028171E-28
1.30000000000000E+01,1.90000000000000E+01,1.39638370000000E+07,1.35229066014290E-01,-2.50000000000000E+07,1.00000163705261E-09,5.00000000000000E+05,2.50000000000000E+07,5.00000818526303E-10,9.18486590796687E-26,4.84212464075423E-18,-5.00000818526303E-10,-9.18486590796687E-26,-4.84212464075423E-18,4.20833395908815E-10,3.36462279902056E-19,-3.82702117028171E-28
1.30000000000000E+01,2.00000000000000E+01,1.39638370000000E+07,0.00000000000000E+00,-2.50000000000000E+07,9.99999971718069E-10,5.00000000000000E+05,2.50000000000000E+07,4.99999985859034E-10,9.18485111682489E-26,0.00000000000000E+00,-4.99999985859034E-10,-9.18485111682489E-26,0.00000000000000E+00,4.20833340397664E-10,-9.46717242497846E-42,6.88766221184934E-41
1.30000000000000E+01,2.10000000000000E+01,1.39638370000000E+07,0.00000000000000E+00,-2.50000000000000E+07,9.99999971718069E-10,5.00000000000000E+05,2.50000000000000E+07,4.99999985859034E-10,9.18485111682489E-26,0.00000000000000E+00,-4.99999985859034E-10,-9.18485111682489E-26,0.00000000000000E+00,4.20833340397664E-10,-9.46717242497846E-42,6.88766221184934E-41
1.40000000000000E+01,1.00000000000000E+00,1.39638370000000E+07,0.00000000000000E+00,-2.50000000000000E+07,9.99999971718069E-10,5.00000000000000E+05,2.50000000000000E+07,4.99999985859034E-10,9.18485111682489E-26,0.00000000000000E+00,-4.99999985859034E-10,-9.18485111682489E-26,0.00000000000000E+00,4.20833340397664E-10,-9.46717242497846E-42,6.88766221184934E-41
1.40000000000000E+01,2.00000000000000E+00,1.39638370000000E+07,0.00000000000000E+00,-2.50000000000000E+07,9.99999971718069E-10,5.00000000000000E+05,2.50000000000000E+07,4.99999985859034E-10,9.18485111682489E-26,0.00000000000000E+00,-4.99999985859034E-10,-9.18485111682489E-26,0.00000000000000E+00,4.20833340397664E-10,-9.46717242497846E-42,6.88766221184934E-41
1.40000000000000E+01,3.00000000000000E+00,1.39638380000000E+07,-2.76117354631424E-01,-2.50000000000000E+07,1.00000230318642E-09,5.00000000000000E+05,2.50000000000000E+07,5.00001151593210E-10,9.18487207094269E-26,-9.88689446951354E-18,-5.00001151593210E-10,-9.18487207094269E-26,9.88689446951354E-18,4.20833423664391E-10,-6.87276557022214E-19,-3.82702117028171E-28
1.40000000000000E+01,4.00000000000000E+00,1.39638380000000E+07,-3.51401776075363E-01,-2.50000000000000E+07,1.00000285829793E-09,5.00000000000000E+05,2.50000000000000E+07,5.00001429148966E-10,9.18487700132335E-26,-1.25825999852075E-17,-5.00001429148966E-10,-9.18487700132335E-26,1.25825999852075E-17,4.20833423664391E-10,-8.75258314308564E-19,-3.82702117028171E-28
1.40000000000000E+01,5.00000000000000E+00,1.39638380000000E+07,-5.11085391044617E-01,-2.50000000000000E+07,1.00000352443175E-09,5.00000000000000E+05,2.50000000000000E+07,5.00001762215874E-10,9.18488316429917E-26,-1.83003833990843E-17,-5.00001762215874E-10,-9.18488316429917E-26,1.83003833990843E-17,4.20833451419966E-10,-1.27362901430199E-18,-3.82702117028171E-28
1.40000000000000E+01,6.00000000000000E+00,1.39638380000000E+07,-7.57009923458099E-01,-2.50000000000000E+07,1.00000430158786E-09,5.00000000000000E+05,2.50000000000000E+07,5.00002150793932E-10,9.18489055987016E-26,-2.71061991301054E-17,-5.00002150793932E-10,-9.18489055987016E-26,2.71061991301054E-17,4.20833479175542E-10,-1.88696358617535E-18,-3.82702117028171E-28
1.40000000000000E+01,7.00000000000000E+00,1.39638390000000E+07,-1.03545713424683E+00,-2.50000000000000E+07,1.00000507874398E-09,5.00000000000000E+05,2.50000000000000E+07,5.00002539371991E-10,9.18489795544114E-26,-3.70765643952316E-17,-5.00002539371991E-10,-9.18489795544114E-26,3.70765643952316E-17,4.20833506931118E-10,-2.58191400113780E-18,-3.82702117028171E-28
1.40000000000000E+01,8.00000000000000E+00,1.39638390000000E+07,-1.15814578533173E+00,-2.50000000000000E+07,1.00000563385549E-09,5.00000000000000E+05,2.50000000000000E+07,5.00002816927747E-10,9.18490288582180E-26,-4.14696941587212E-17,-5.00002816927747E-10,-9.18490288582180E-26,4.14696941587212E-17,4.20833534686693E-10,-2.88789700191275E-18,-3.82702117028171E-28
1.40000000000000E+01,9.00000000000000E+00,1.60361660000000E+07,-8.32754194736481E-01,-2.50000000000000E+07,1.00002239822317E-09,5.00000000000000E+05,2.50000000000000E+07,5.00011199111583E-10,9.18505696021735E-26,-2.59654608171131E-17,-5.00011199111583E-10,-9.18505696021735E-26,2.59654608171131E-17,4.20834117553781E-10,-1.80409952754194E-18,-3.82702117028171E-28
1.40000000000000E+01,1.00000000000000E+01,1.60361650000000E+07,9.97565034776926E-03,-2.50000000000000E+07,1.00002184311165E-09,5.00000000000000E+05,2.50000000000000E+07,5.00010921555827E-10,9.18505202983669E-26,3.11042812883148E-19,-5.00010921555827E-10,-9.18505202983669E-26,-3.11042812883148E-19,4.20834117553781E-10,2.15855058823571E-20,-3.82702117028171E-28
1.40000000000000E+01,1.10000000000000E+01,1.60361660000000E+07,8.52724492549896E-01,-2.50000000000000E+07,1.00002228720086E-09,5.00000000000000E+05,2.50000000000000E+07,5.00011143600432E-10,9.18505511132460E-26,2.65881342581022E-17,-5.00011143600432E-10,-9.18505511132460E-26,-2.65881342581022E-17,4.20834117553781E-10,1.84731371748839E-18,-3.82702117028171E-28
1.40000000000000E+01,1.20000000000000E+01,1.60361650000000E+07,1.17805016040802E+00,-2.50000000000000E+07,1.00002206515626E-09,5.00000000000000E+05,2.50000000000000E+07,5.00011032578129E-10,9.18505326243186E-26,3.67318550729237E-17,-5.00011032578129E-10,-9.18505326243186E-26,-3.67318550729237E-17,4.20834117553781E-10,2.55779941153519E-18,-3.82702117028171E-28
1.40000000000000E+01,1.30000000000000E+01,1.60361650000000E+07,1.05477142333984E+00,-2.50000000000000E+07,1.00001995573251E-09,5.00000000000000E+05,2.50000000000000E+07,5.00009977866256E-10,9.18503415720681E-26,3.28879269140550E-17,-5.00009977866256E-10,-9.18503415720681E-26,-3.28879269140550E-17,4.20834034287054E-10,2.29009005770307E-18,-3.82702117028171E-28
1.40000000000000E+01,1.40000000000000E+01,1.39638380000000E+07,7.74192750453949E-01,-2.50000000000000E+07,1.00000419056556E-09,5.00000000000000E+05,2.50000000000000E+07,5.00002095282781E-10,9.18488871097741E-26,2.77214593784448E-17,-5.00002095282781E-10,-9.18488871097741E-26,-2.77214593784448E-17,4.20833479175542E-10,1.92971000548541E-18,-3.82702117028171E-28
1.40000000000000E+01,1.50000000000000E+01,1.39638380000000E+07,5.22391021251678E-01,-2.50000000000000E+07,1.00000330238714E-09,5.00000000000000E+05,2.50000000000000E+07,5.00001651193571E-10,9.18488131540642E-26,1.87051989734229E-17,-5.00001651193571E-10,-9.18488131540642E-26,-1.87051989734229E-17,4.20833451419966E-10,1.30179937384551E-18,-3.82702117028171E-28
1.40000000000000E+01,1.60000000000000E+01,1.39638380000000E+07,3.48315447568893E-01,-2.50000000000000E+07,1.00000263625333E-09,5.00000000000000E+05,2.50000000000000E+07,5.00001318126664E-10,9.18487515243060E-26,1.24720861738286E-17,-5.00001318126664E-10,-9.18487515243060E-26,-1.24720861738286E-17,4.20833423664391E-10,8.67686716571560E-19,-3.82702117028171E-28
1.40000000000000E+01,1.70000000000000E+01,1.39638380000000E+07,2.40065306425095E-01,-2.50000000000000E+07,1.00000219216412E-09,5.00000000000000E+05,2.50000000000000E+07,5.00001096082059E-10,9.18487083834752E-26,8.59598317067348E-18,-5.00001096082059E-10,-9.18487083834752E-26,-8.59598317067348E-18,4.20833395908815E-10,5.97749558554681E-19,-3.82702117028171E-28
1.40000000000000E+01,1.80000000000000E+01,1.39638370000000E+07,1.78774803876877E-01,-2.50000000000000E+07,1.00000174807491E-09,5.00000000000000E+05,2.50000000000000E+07,5.00000874037454E-10,9.18486714056203E-26,6.40136050900699E-18,-5.00000874037454E-10,-9.18486714056203E-26,-6.40136050900699E-18,4.20833395908815E-10,4.44930266830982E-19,-3.82702117028171E-28
1.40000000000000E+01,1.90000000000000E+01,1.39638370000000E+07,1.54170811176300E-01,-2.50000000000000E+07,1.00000141500800E-09,5.00000000000000E+05,2.50000000000000E+07,5.00000707504000E-10,9.18486405907412E-26,5.52036766170433E-18,-5.00000707504000E-10,-9.18486405907412E-26,-5.52036766170433E-18,4.20833395908815E-10,3.83537671399726E-19,-3.82702117028171E-28
1.40000000000000E+01,2.00000000000000E+01,1.39638370000000E+07,0.00000000000000E+00,-2.50000000000000E+07,9.99999971718069E-10,5.00000000000000E+05,2.50000000000000E+07,4.99999985859034E-10,9.18485111682489E-26,0.00000000000000E+00,-4.99999985859034E-10,-9.18485111682489E-26,0.00000000000000E+00,4.20833340397664E-10,-9.46717242497846E-42,1.95150429335731E-40
1.40000000000000E+01,2.10000000000000E+01,1.39638370000000E+07,0.00000000000000E+00,-2.50000000000000E+07,9.99999971718069E-10,5.00000000000000E+05,2.50000000000000E+07,4.99999985859034E-10,9.18485111682489E-26,0.00000000000000E+00,-4.99999985859034E-10,-9.18485111682489E-26,0.00000000000000E+00,4.20833340397664E-10,-9.46717242497846E-42,6.88766221184934E-41
1.50000000000000E+01,1.00000000000000E+00,1.39638370000000E+07,0.00000000000000E+00,-2.50000000000000E+07,9.99999971718069E-10,5.00000000000000E+05,2.50000000000000E+07,4.99999985859034E-10,9.18485111682489E-26,0.00000000000000E+00,-4.99999985859034E-10,-9.18485111682489E-26,0.00000000000000E+00,4.20833340397664E-10,-9.46717242497846E-42,6.88766221184934E-41
1.50000000000000E+01,2.00000000000000E+00,1.39638370000000E+07,0.00000000000000E+00,-2.50000000000000E+07,9.99999971718069E-10,5.00000000000000E+05,2.50000000000000E+07,4.99999985859034E-10,9.18485111682489E-26,0.00000000000000E+00,-4.99999985859034E-10,-9.18485111682489E-26,0.00000000000000E+00,4.20833340397664E-10,-9.46717242497846E-42,6.88766221184934E-41
1.50000000000000E+01,3.00000000000000E+00,1.39638370000000E+07,-2.69858658313751E-01,-2.50000000000000E+07,1.00000174807491E-09,5.00000000000000E+05,2.50000000000000E+07,5.00000874037454E-10,9.18486775685961E-26,-9.66278559897394E-18,-5.00000874037454E-10,-9.18486775685961E-26,9.66278559897394E-18,4.20833395908815E-10,-6.71487643682531E-19,-3.82702117028171E-28
1.50000000000000E+01,4.00000000000000E+00,1.39638380000000E+07,-3.09167534112930E-01,-2.50000000000000E+07,1.00000219216412E-09,5.00000000000000E+05,2.50000000000000E+07,5.00001096082059E-10,9.18487083834752E-26,-1.10703161292942E-17,-5.00001096082059E-10,-9.18487083834752E-26,1.10703161292942E-17,4.20833395908815E-10,-7.69700090280659E-19,-3.82702117028171E-28
1.50000000000000E+01,5.00000000000000E+00,1.39638380000000E+07,-3.96481364965439E-01,-2.50000000000000E+07,1.00000252523103E-09,5.00000000000000E+05,2.50000000000000E+07,5.00001262615513E-10,9.18487391983544E-26,-1.41967536150986E-17,-5.00001262615513E-10,-9.18487391983544E-26,1.41967536150986E-17,4.20833423664391E-10,-9.87554803305115E-19,-3.82702117028171E-28
1.50000000000000E+01,6.00000000000000E+00,1.39638380000000E+07,-5.08108794689178E-01,-2.50000000000000E+07,1.00000285829793E-09,5.00000000000000E+05,2.50000000000000E+07,5.00001429148966E-10,9.18487700132335E-26,-1.81937879422671E-17,-5.00001429148966E-10,-9.18487700132335E-26,1.81937879422671E-17,4.20833423664391E-10,-1.26627568884912E-18,-3.82702117028171E-28
1.50000000000000E+01,7.00000000000000E+00,1.39638380000000E+07,-5.92366218566895E-01,-2.50000000000000E+07,1.00000296932024E-09,5.00000000000000E+05,2.50000000000000E+07,5.00001484660118E-10,9.18487885021609E-26,-2.12107869514889E-17,-5.00001484660118E-10,-9.18487885021609E-26,2.12107869514889E-17,4.20833451419966E-10,-1.47743680465801E-18,-3.82702117028171E-28
1.50000000000000E+01,8.00000000000000E+00,1.39638380000000E+07,-5.63220739364624E-01,-2.50000000000000E+07,1.00000308034254E-09,5.00000000000000E+05,2.50000000000000E+07,5.00001540171269E-10,9.18487885021609E-26,-2.01671794947450E-17,-5.00001540171269E-10,-9.18487885021609E-26,2.01671794947450E-17,4.20833451419966E-10,-1.40639408755616E-18,-3.82702117028171E-28
1.50000000000000E+01,9.00000000000000E+00,1.39638380000000E+07,-3.49603563547134E-01,-2.50000000000000E+07,1.00000296932024E-09,5.00000000000000E+05,2.50000000000000E+07,5.00001484660118E-10,9.18487823391851E-26,-1.25182130735070E-17,-5.00001484660118E-10,-9.18487823391851E-26,1.25182130735070E-17,4.20833423664391E-10,-8.74681976216768E-19,-3.82702117028171E-28
1.50000000000000E+01,1.00000000000000E+01,1.39638380000000E+07,1.18650756776333E-02,-2.50000000000000E+07,1.00000285829793E-09,5.00000000000000E+05,2.50000000000000E+07,5.00001429148966E-10,9.18487761762093E-26,4.24851336340658E-19,-5.00001429148966E-10,-9.18487761762093E-26,-4.24851336340658E-19,4.20833423664391E-10,2.94848755526725E-20,-3.82702117028171E-28
1.50000000000000E+01,1.10000000000000E+01,1.60361640000000E+07,3.73219072818756E-01,-2.50000000000000E+07,1.00001174008213E-09,5.00000000000000E+05,2.50000000000000E+07,5.00005870041065E-10,9.18495835260420E-26,1.16369298858093E-17,-5.00005870041065E-10,-9.18495835260420E-26,-1.16369298858093E-17,4.20833756731298E-10,8.12755564947080E-19,-3.82702117028171E-28
1.50000000000000E+01,1.20000000000000E+01,1.39638380000000E+07,5.86335301399231E-01,-2.50000000000000E+07,1.00000296932024E-09,5.00000000000000E+05,2.50000000000000E+07,5.00001484660118E-10,9.18487823391851E-26,2.09948382176921E-17,-5.00001484660118E-10,-9.18487823391851E-26,-2.09948382176921E-17,4.20833451419966E-10,1.46384581360345E-18,-3.82702117028171E-28
1.50000000000000E+01,1.30000000000000E+01,1.39638380000000E+07,6.14050805568695E-01,-2.50000000000000E+07,1.00000296932024E-09,5.00000000000000E+05,2.50000000000000E+07,5.00001484660118E-10,9.18487761762093E-26,2.19872431945190E-17,-5.00001484660118E-10,-9.18487761762093E-26,-2.19872431945190E-17,4.20833423664391E-10,1.53135078262299E-18,-3.82702117028171E-28
1.50000000000000E+01,1.40000000000000E+01,1.39638380000000E+07,5.26251614093781E-01,-2.50000000000000E+07,1.00000274727563E-09,5.00000000000000E+05,2.50000000000000E+07,5.00001373637815E-10,9.18487576872818E-26,1.88434225081417E-17,-5.00001373637815E-10,-9.18487576872818E-26,-1.88434225081417E-17,4.20833423664391E-10,1.31141100576823E-18,-3.82702117028171E-28
1.50000000000000E+01,1.50000000000000E+01,1.39638380000000E+07,4.06571716070175E-01,-2.50000000000000E+07,1.00000241420872E-09,5.00000000000000E+05,2.50000000000000E+07,5.00001207104361E-10,9.18487268724027E-26,1.45580561804944E-17,-5.00001207104361E-10,-9.18487268724027E-26,-1.45580561804944E-17,4.20833423664391E-10,1.01270678079344E-18,-3.82702117028171E-28
1.50000000000000E+01,1.60000000000000E+01,1.39638380000000E+07,3.01840811967850E-01,-2.50000000000000E+07,1.00000208114182E-09,5.00000000000000E+05,2.50000000000000E+07,5.00001040570908E-10,9.18486960575236E-26,1.08079683533975E-17,-5.00001040570908E-10,-9.18486960575236E-26,-1.08079683533975E-17,4.20833395908815E-10,7.51586851118491E-19,-3.82702117028171E-28
1.50000000000000E+01,1.70000000000000E+01,1.39638370000000E+07,2.26163193583488E-01,-2.50000000000000E+07,1.00000174807491E-09,5.00000000000000E+05,2.50000000000000E+07,5.00000874037454E-10,9.18486714056203E-26,8.09818835958091E-18,-5.00000874037454E-10,-9.18486714056203E-26,-8.09818835958091E-18,4.20833395908815E-10,5.62953689099755E-19,-3.82702117028171E-28
1.50000000000000E+01,1.80000000000000E+01,1.39638370000000E+07,1.80014207959175E-01,-2.50000000000000E+07,1.00000152603030E-09,5.00000000000000E+05,2.50000000000000E+07,5.00000763015152E-10,9.18486467537170E-26,6.44573833528016E-18,-5.00000763015152E-10,-9.18486467537170E-26,-6.44573833528016E-18,4.20833395908815E-10,4.47915561661685E-19,-3.82702117028171E-28
1.50000000000000E+01,1.90000000000000E+01,1.39638370000000E+07,1.63015738129616E-01,-2.50000000000000E+07,1.00000119296340E-09,5.00000000000000E+05,2.50000000000000E+07,5.00000596481698E-10,9.18486221018137E-26,5.83707526591618E-18,-5.00000596481698E-10,-9.18486221018137E-26,-5.83707526591618E-18,4.20833368153239E-10,4.05485823279267E-19,-3.82702117028171E-28
1.50000000000000E+01,2.00000000000000E+01,1.39638370000000E+07,0.00000000000000E+00,-2.50000000000000E+07,9.99999971718069E-10,5.00000000000000E+05,2.50000000000000E+07,4.99999985859034E-10,9.18485111682489E-26,0.00000000000000E+00,-4.99999985859034E-10,-9.18485111682489E-26,0.00000000000000E+00,4.20833340397664E-10,-9.46717242497846E-42,6.88766221184934E-41
1.50000000000000E+01,2.10000000000000E+01,1.39638370000000E+07,0.00000000000000E+00,-2.50000000000000E+07,9.99999971718069E-10,5.00000000000000E+05,2.50000000000000E+07,4.99999985859034E-10,9.18485111682489E-26,0.00000000000000E+00,-4.99999985859034E-10,-9.18485111682489E-26,0.00000000000000E+00,4.20833340397664E-10,-9.46717242497846E-42,6.88766221184934E-41
1.60000000000000E+01,1.00000000000000E+00,1.39638370000000E+07,0.00000000000000E+00,-2.50000000000000E+07,9.99999971718069E-10,5.00000000000000E+05,2.50000000000000E+07,4.99999985859034E-10,9.18485111682489E-26,0.00000000000000E+00,-4.99999985859034E-10,-9.18485111682489E-26,0.00000000000000E+00,4.20833340397664E-10,-9.46717242497846E-42,6.88766221184934E-41
1.60000000000000E+01,2.00000000000000E+00,1.39638370000000E+07,0.00000000000000E+00,-2.50000000000000E+07,9.99999971718069E-10,5.00000000000000E+05,2.50000000000000E+07,4.99999985859034E-10,9.18485111682489E-26,0.00000000000000E+00,-4.99999985859034E-10,-9.18485111682489E-26,0.00000000000000E+00,4.20833340397664E-10,-9.46717242497846E-42,6.88766221184934E-41
1.60000000000000E+01,3.00000000000000E+00,1.39638370000000E+07,-2.52453625202179E-01,-2.50000000000000E+07,1.00000141500800E-09,5.00000000000000E+05,2.50000000000000E+07,5.00000707504000E-10,9.18486405907412E-26,-9.03956373723872E-18,-5.00000707504000E-10,-9.18486405907412E-26,9.03956373723872E-18,4.20833368153239E-10,-6.28019560986811E-19,-3.82702117028171E-28
1.60000000000000E+01,4.00000000000000E+00,1.39638370000000E+07,-2.61692851781845E-01,-2.50000000000000E+07,1.00000163705261E-09,5.00000000000000E+05,2.50000000000000E+07,5.00000818526303E-10,9.18486590796687E-26,-9.37039214168747E-18,-5.00000818526303E-10,-9.18486590796687E-26,9.37039214168747E-18,4.20833395908815E-10,-6.51273779354784E-19,-3.82702117028171E-28
1.60000000000000E+01,5.00000000000000E+00,1.39638370000000E+07,-2.98199534416199E-01,-2.50000000000000E+07,1.00000185909721E-09,5.00000000000000E+05,2.50000000000000E+07,5.00000929548605E-10,9.18486775685961E-26,-1.06775831821632E-17,-5.00000929548605E-10,-9.18486775685961E-26,1.06775831821632E-17,4.20833395908815E-10,-7.42482797899156E-19,-3.82702117028171E-28
1.60000000000000E+01,6.00000000000000E+00,1.39638370000000E+07,-3.38303536176682E-01,-2.50000000000000E+07,1.00000197011951E-09,5.00000000000000E+05,2.50000000000000E+07,5.00000985059756E-10,9.18486898945478E-26,-1.21135827876256E-17,-5.00000985059756E-10,-9.18486898945478E-26,1.21135827876256E-17,4.20833395908815E-10,-8.42784444230651E-19,-3.82702117028171E-28
1.60000000000000E+01,7.00000000000000E+00,1.39638380000000E+07,-3.50639849901199E-01,-2.50000000000000E+07,1.00000197011951E-09,5.00000000000000E+05,2.50000000000000E+07,5.00000985059756E-10,9.18486960575236E-26,-1.25553079880769E-17,-5.00000985059756E-10,-9.18486960575236E-26,1.25553079880769E-17,4.20833395908815E-10,-8.74047425289363E-19,-3.82702117028171E-28
1.60000000000000E+01,8.00000000000000E+00,1.39638370000000E+07,-3.01265954971313E-01,-2.50000000000000E+07,1.00000197011951E-09,5.00000000000000E+05,2.50000000000000E+07,5.00000985059756E-10,9.18486898945478E-26,-1.07873831366735E-17,-5.00000985059756E-10,-9.18486898945478E-26,1.07873831366735E-17,4.20833395908815E-10,-7.51423121055994E-19,-3.82702117028171E-28
1.60000000000000E+01,9.00000000000000E+00,1.39638370000000E+07,-1.73109039664268E-01,-2.50000000000000E+07,1.00000185909721E-09,5.00000000000000E+05,2.50000000000000E+07,5.00000929548605E-10,9.18486837315720E-26,-6.19848825992377E-18,-5.00000929548605E-10,-9.18486837315720E-26,6.19848825992377E-18,4.20833395908815E-10,-4.31900155930528E-19,-3.82702117028171E-28
1.60000000000000E+01,1.00000000000000E+01,1.39638370000000E+07,1.29804695025086E-02,-2.50000000000000E+07,1.00000185909721E-09,5.00000000000000E+05,2.50000000000000E+07,5.00000929548605E-10,9.18486837315720E-26,4.64789632567461E-19,-5.00000929548605E-10,-9.18486837315720E-26,-4.64789632567461E-19,4.20833395908815E-10,3.22577432934894E-20,-3.82702117028171E-28
1.60000000000000E+01,1.10000000000000E+01,1.39638370000000E+07,1.98794692754745E-01,-2.50000000000000E+07,1.00000185909721E-09,5.00000000000000E+05,2.50000000000000E+07,5.00000929548605E-10,9.18486837315720E-26,7.11821011709647E-18,-5.00000929548605E-10,-9.18486837315720E-26,-7.11821011709647E-18,4.20833395908815E-10,4.95734407584281E-19,-3.82702117028171E-28
1.60000000000000E+01,1.20000000000000E+01,1.39638370000000E+07,3.25937986373901E-01,-2.50000000000000E+07,1.00000197011951E-09,5.00000000000000E+05,2.50000000000000E+07,5.00000985059756E-10,9.18486837315720E-26,1.16708103765189E-17,-5.00000985059756E-10,-9.18486837315720E-26,-1.16708103765189E-17,4.20833395908815E-10,8.12747344839743E-19,-3.82702117028171E-28
1.60000000000000E+01,1.30000000000000E+01,1.39638370000000E+07,3.72933357954025E-01,-2.50000000000000E+07,1.00000197011951E-09,5.00000000000000E+05,2.50000000000000E+07,5.00000985059756E-10,9.18486898945478E-26,1.33535670576927E-17,-5.00000985059756E-10,-9.18486898945478E-26,-1.33535670576927E-17,4.20833395908815E-10,9.29476074353506E-19,-3.82702117028171E-28
1.60000000000000E+01,1.40000000000000E+01,1.39638370000000E+07,3.55567663908005E-01,-2.50000000000000E+07,1.00000185909721E-09,5.00000000000000E+05,2.50000000000000E+07,5.00000929548605E-10,9.18486837315720E-26,1.27317563660825E-17,-5.00000929548605E-10,-9.18486837315720E-26,-1.27317563660825E-17,4.20833395908815E-10,8.85735900935044E-19,-3.82702117028171E-28
1.60000000000000E+01,1.50000000000000E+01,1.39638370000000E+07,3.05362135171890E-01,-2.50000000000000E+07,1.00000174807491E-09,5.00000000000000E+05,2.50000000000000E+07,5.00000874037454E-10,9.18486714056203E-26,1.09340521854465E-17,-5.00000874037454E-10,-9.18486714056203E-26,-1.09340521854465E-17,4.20833395908815E-10,7.60354345226094E-19,-3.82702117028171E-28
1.60000000000000E+01,1.60000000000000E+01,1.39638370000000E+07,2.49158754944801E-01,-2.50000000000000E+07,1.00000163705261E-09,5.00000000000000E+05,2.50000000000000E+07,5.00000818526303E-10,9.18486529166928E-26,8.92158627519273E-18,-5.00000818526303E-10,-9.18486529166928E-26,-8.92158627519273E-18,4.20833395908815E-10,6.20207718980648E-19,-3.82702117028171E-28
1.60000000000000E+01,1.70000000000000E+01,1.39638370000000E+07,2.02394545078278E-01,-2.50000000000000E+07,1.00000141500800E-09,5.00000000000000E+05,2.50000000000000E+07,5.00000707504000E-10,9.18486405907412E-26,7.24710636322816E-18,-5.00000707504000E-10,-9.18486405907412E-26,-7.24710636322816E-18,4.20833395908815E-10,5.03654144961594E-19,-3.82702117028171E-28
1.60000000000000E+01,1.80000000000000E+01,1.39638370000000E+07,1.72422021627426E-01,-2.50000000000000E+07,1.00000119296340E-09,5.00000000000000E+05,2.50000000000000E+07,5.00000596481698E-10,9.18486221018137E-26,6.17388418619369E-18,-5.00000596481698E-10,-9.18486221018137E-26,-6.17388418619369E-18,4.20833368153239E-10,4.28939805765172E-19,-3.82702117028171E-28
1.60000000000000E+01,1.90000000000000E+01,1.39638370000000E+07,1.64135426282883E-01,-2.50000000000000E+07,1.00000108194109E-09,5.00000000000000E+05,2.50000000000000E+07,5.00000540970547E-10,9.18486036128863E-26,5.87716664225510E-18,-5.00000540970547E-10,-9.18486036128863E-26,-5.87716664225510E-18,4.20833368153239E-10,4.08220844275885E-19,-3.82702117028171E-28
1.60000000000000E+01,2.00000000000000E+01,1.39638370000000E+07,0.00000000000000E+00,-2.50000000000000E+07,9.99999971718069E-10,5.00000000000000E+05,2.50000000000000E+07,4.99999985859034E-10,9.18485111682489E-26,0.00000000000000E+00,-4.99999985859034E-10,-9.18485111682489E-26,0.00000000000000E+00,4.20833340397664E-10,-9.46717242497846E-42,1.95150429335731E-40
1.60000000000000E+01,2.10000000000000E+01,1.39638370000000E+07,0.00000000000000E+00,-2.50000000000000E+07,9.99999971718069E-10,5.00000000000000E+05,2.50000000000000E+07,4.99999985859034E-10,9.18485111682489E-26,0.00000000000000E+00,-4.99999985859034E-10,-9.18485111682489E-26,0.00000000000000E+00,4.20833340397664E-10,-9.46717242497846E-42,6.88766221184934E-41
1.70000000000000E+01,1.00000000000000E+00,1.39638370000000E+07,0.00000000000000E+00,-2.50000000000000E+07,9.99999971718069E-10,5.00000000000000E+05,2.50000000000000E+07,4.99999985859034E-10,9.18485111682489E-26,0.00000000000000E+00,-4.99999985859034E-10,-9.18485111682489E-26,0.00000000000000E+00,4.20833340397664E-10,-9.46717242497846E-42,1.95150429335731E-40
1.70000000000000E+01,2.00000000000000E+00,1.39638370000000E+07,0.00000000000000E+00,-2.50000000000000E+07,9.99999971718069E-10,5.00000000000000E+05,2.50000000000000E+07,4.99999985859034E-10,9.18485111682489E-26,0.00000000000000E+00,-4.99999985859034E-10,-9.18485111682489E-26,0.00000000000000E+00,4.20833340397664E-10,-9.46717242497846E-42,1.95150429335731E-40
1.70000000000000E+01,3.00000000000000E+00,1.39638370000000E+07,-2.31564417481422E-01,-2.50000000000000E+07,1.00000108194109E-09,5.00000000000000E+05,2.50000000000000E+07,5.00000540970547E-10,9.18486097758621E-26,-8.29158401397642E-18,-5.00000540970547E-10,-9.18486097758621E-26,8.29158401397642E-18,4.20833368153239E-10,-5.75945853089607E-19,-3.82702117028171E-28
1.70000000000000E+01,4.00000000000000E+00,1.39638370000000E+07,-2.20676258206367E-01,-2.50000000000000E+07,1.00000130398570E-09,5.00000000000000E+05,2.50000000000000E+07,5.00000651992849E-10,9.18486282647896E-26,-7.90171559330670E-18,-5.00000651992849E-10,-9.18486282647896E-26,7.90171559330670E-18,4.20833368153239E-10,-5.49040873088131E-19,-3.82702117028171E-28
1.70000000000000E+01,5.00000000000000E+00,1.39638370000000E+07,-2.27094456553459E-01,-2.50000000000000E+07,1.00000141500800E-09,5.00000000000000E+05,2.50000000000000E+07,5.00000707504000E-10,9.18486344277654E-26,-8.13153118289231E-18,-5.00000707504000E-10,-9.18486344277654E-26,8.13153118289231E-18,4.20833368153239E-10,-5.65241618975288E-19,-3.82702117028171E-28
1.70000000000000E+01,6.00000000000000E+00,1.39638370000000E+07,-2.33112275600433E-01,-2.50000000000000E+07,1.00000141500800E-09,5.00000000000000E+05,2.50000000000000E+07,5.00000707504000E-10,9.18486405907412E-26,-8.34701090528176E-18,-5.00000707504000E-10,-9.18486405907412E-26,8.34701090528176E-18,4.20833395908815E-10,-5.80466963823880E-19,-3.82702117028171E-28
1.70000000000000E+01,7.00000000000000E+00,1.39638370000000E+07,-2.20780953764915E-01,-2.50000000000000E+07,1.00000141500800E-09,5.00000000000000E+05,2.50000000000000E+07,5.00000707504000E-10,9.18486467537170E-26,-7.90546603020402E-18,-5.00000707504000E-10,-9.18486467537170E-26,7.90546603020402E-18,4.20833395908815E-10,-5.49986909214950E-19,-3.82702117028171E-28
1.70000000000000E+01,8.00000000000000E+00,1.39638370000000E+07,-1.75522848963737E-01,-2.50000000000000E+07,1.00000141500800E-09,5.00000000000000E+05,2.50000000000000E+07,5.00000707504000E-10,9.18486405907412E-26,-6.28491622622637E-18,-5.00000707504000E-10,-9.18486405907412E-26,6.28491622622637E-18,4.20833395908815E-10,-4.37408920316190E-19,-3.82702117028171E-28
1.70000000000000E+01,9.00000000000000E+00,1.39638370000000E+07,-9.33736711740494E-02,-2.50000000000000E+07,1.00000141500800E-09,5.00000000000000E+05,2.50000000000000E+07,5.00000707504000E-10,9.18486405907412E-26,-3.34341481869289E-18,-5.00000707504000E-10,-9.18486405907412E-26,3.34341481869289E-18,4.20833368153239E-10,-2.32801970090866E-19,-3.82702117028171E-28
1.70000000000000E+01,1.00000000000000E+01,1.39638370000000E+07,1.33253363892436E-02,-2.50000000000000E+07,1.00000141500800E-09,5.00000000000000E+05,2.50000000000000E+07,5.00000707504000E-10,9.18486344277654E-26,4.77137991546806E-19,-5.00000707504000E-10,-9.18486344277654E-26,-4.77137991546806E-19,4.20833368153239E-10,3.31160853506810E-20,-3.82702117028171E-28
1.70000000000000E+01,1.10000000000000E+01,1.39638370000000E+07,1.19595661759377E-01,-2.50000000000000E+07,1.00000141500800E-09,5.00000000000000E+05,2.50000000000000E+07,5.00000707504000E-10,9.18486344277654E-26,4.28234132814724E-18,-5.00000707504000E-10,-9.18486344277654E-26,-4.28234132814724E-18,4.20833368153239E-10,2.97971627295403E-19,-3.82702117028171E-28
1.70000000000000E+01,1.20000000000000E+01,1.39638370000000E+07,2.00246959924698E-01,-2.50000000000000E+07,1.00000141500800E-09,5.00000000000000E+05,2.50000000000000E+07,5.00000707504000E-10,9.18486405907412E-26,7.17020834476278E-18,-5.00000707504000E-10,-9.18486405907412E-26,-7.17020834476278E-18,4.20833395908815E-10,4.98864665817335E-19,-3.82702117028171E-28
1.70000000000000E+01,1.30000000000000E+01,1.39638370000000E+07,2.42251425981522E-01,-2.50000000000000E+07,1.00000141500800E-09,5.00000000000000E+05,2.50000000000000E+07,5.00000707504000E-10,9.18486405907412E-26,8.67425513613631E-18,-5.00000707504000E-10,-9.18486405907412E-26,-8.67425513613631E-18,4.20833395908815E-10,6.03370974600014E-19,-3.82702117028171E-28
1.70000000000000E+01,1.40000000000000E+01,1.39638370000000E+07,2.48241946101189E-01,-2.50000000000000E+07,1.00000141500800E-09,5.00000000000000E+05,2.50000000000000E+07,5.00000707504000E-10,9.18486405907412E-26,8.88875630386111E-18,-5.00000707504000E-10,-9.18486405907412E-26,-8.88875630386111E-18,4.20833368153239E-10,6.18111746706016E-19,-3.82702117028171E-28
1.70000000000000E+01,1.50000000000000E+01,1.39638370000000E+07,2.30478152632713E-01,-2.50000000000000E+07,1.00000130398570E-09,5.00000000000000E+05,2.50000000000000E+07,5.00000651992849E-10,9.18486344277654E-26,8.25269080875479E-18,-5.00000651992849E-10,-9.18486344277654E-26,-8.25269080875479E-18,4.20833368153239E-10,5.73714171495727E-19,-3.82702117028171E-28
1.70000000000000E+01,1.60000000000000E+01,1.39638370000000E+07,2.02968955039978E-01,-2.50000000000000E+07,1.00000130398570E-09,5.00000000000000E+05,2.50000000000000E+07,5.00000651992849E-10,9.18486282647896E-26,7.26767338197868E-18,-5.00000651992849E-10,-9.18486282647896E-26,-7.26767338197868E-18,4.20833368153239E-10,5.05103417093575E-19,-3.82702117028171E-28
1.70000000000000E+01,1.70000000000000E+01,1.39638370000000E+07,1.76967337727547E-01,-2.50000000000000E+07,1.00000119296340E-09,5.00000000000000E+05,2.50000000000000E+07,5.00000596481698E-10,9.18486159388379E-26,6.33663734838748E-18,-5.00000596481698E-10,-9.18486159388379E-26,-6.33663734838748E-18,4.20833368153239E-10,4.40285906185438E-19,-3.82702117028171E-28
1.70000000000000E+01,1.80000000000000E+01,1.39638370000000E+07,1.60473808646202E-01,-2.50000000000000E+07,1.00000108194109E-09,5.00000000000000E+05,2.50000000000000E+07,5.00000540970547E-10,9.18486036128863E-26,5.74605562003330E-18,-5.00000540970547E-10,-9.18486036128863E-26,-5.74605562003330E-18,4.20833368153239E-10,3.99152825111984E-19,-3.82702117028171E-28
1.70000000000000E+01,1.90000000000000E+01,1.39638370000000E+07,1.59911170601845E-01,-2.50000000000000E+07,1.00000085989649E-09,5.00000000000000E+05,2.50000000000000E+07,5.00000429948244E-10,9.18485912869346E-26,5.72590880903396E-18,-5.00000429948244E-10,-9.18485912869346E-26,-5.72590880903396E-18,4.20833368153239E-10,3.97675583935541E-19,-3.82702117028171E-28
1.70000000000000E+01,2.00000000000000E+01,1.39638370000000E+07,0.00000000000000E+00,-2.50000000000000E+07,9.99999971718069E-10,5.00000000000000E+05,2.50000000000000E+07,4.99999985859034E-10,9.18485111682489E-26,0.00000000000000E+00,-4.99999985859034E-10,-9.18485111682489E-26,0.00000000000000E+00,4.20833340397664E-10,-9.46717242497846E-42,1.95150429335731E-40
1.70000000000000E+01,2.10000000000000E+01,1.39638370000000E+07,0.00000000000000E+00,-2.50000000000000E+07,9.99999971718069E-10,5.00000000000000E+05,2.50000000000000E+07,4.99999985859034E-10,9.18485111682489E-26,0.00000000000000E+00,-4.99999985859034E-10,-9.18485111682489E-26,0.00000000000000E+00,4.20833340397664E-10,-9.46717242497846E-42,1.95150429335731E-40
1.80000000000000E+01,1.00000000000000E+00,1.39638370000000E+07,0.00000000000000E+00,-2.50000000000000E+07,9.99999971718069E-10,5.00000000000000E+05,2.50000000000000E+07,4.99999985859034E-10,9.18485111682489E-26,0.00000000000000E+00,-4.99999985859034E-10,-9.18485111682489E-26,0.00000000000000E+00,4.20833340397664E-10,-9.46717242497846E-42,1.95150429335731E-40
1.80000000000000E+01,2.00000000000000E+00,1.39638370000000E+07,0.00000000000000E+00,-2.50000000000000E+07,9.99999971718069E-10,5.00000000000000E+05,2.50000000000000E+07,4.99999985859034E-10,9.18485111682489E-26,0.00000000000000E+00,-4.99999985859034E-10,-9.18485111682489E-26,0.00000000000000E+00,4.20833340397664E-10,-9.46717242497846E-42,6.88766221184934E-41
1.80000000000000E+01,3.00000000000000E+00,1.39638370000000E+07,-2.10030168294907E-01,-2.50000000000000E+07,1.00000085989649E-09,5.00000000000000E+05,2.50000000000000E+07,5.00000429948244E-10,9.18485912869346E-26,-7.52051023519225E-18,-5.00000429948244E-10,-9.18485912869346E-26,7.52051023519225E-18,4.20833368153239E-10,-5.22318803399605E-19,-3.82702117028171E-28
1.80000000000000E+01,4.00000000000000E+00,1.39638370000000E+07,-1.87766999006271E-01,-2.50000000000000E+07,1.00000097091879E-09,5.00000000000000E+05,2.50000000000000E+07,5.00000485459395E-10,9.18486036128863E-26,-6.72333766731112E-18,-5.00000485459395E-10,-9.18486036128863E-26,6.72333766731112E-18,4.20833368153239E-10,-4.67062518095603E-19,-3.82702117028171E-28
1.80000000000000E+01,5.00000000000000E+00,1.39638370000000E+07,-1.78237751126289E-01,-2.50000000000000E+07,1.00000108194109E-09,5.00000000000000E+05,2.50000000000000E+07,5.00000540970547E-10,9.18486097758621E-26,-6.38212607822330E-18,-5.00000540970547E-10,-9.18486097758621E-26,6.38212607822330E-18,4.20833368153239E-10,-4.43502656491292E-19,-3.82702117028171E-28
1.80000000000000E+01,6.00000000000000E+00,1.39638370000000E+07,-1.68992862105370E-01,-2.50000000000000E+07,1.00000108194109E-09,5.00000000000000E+05,2.50000000000000E+07,5.00000540970547E-10,9.18486097758621E-26,-6.05109666888570E-18,-5.00000540970547E-10,-9.18486097758621E-26,6.05109666888570E-18,4.20833368153239E-10,-4.20638867372443E-19,-3.82702117028171E-28
1.80000000000000E+01,7.00000000000000E+00,1.39638370000000E+07,-1.49127691984177E-01,-2.50000000000000E+07,1.00000108194109E-09,5.00000000000000E+05,2.50000000000000E+07,5.00000540970547E-10,9.18486159388379E-26,-5.33978834371972E-18,-5.00000540970547E-10,-9.18486159388379E-26,5.33978834371972E-18,4.20833368153239E-10,-3.71307211507064E-19,-3.82702117028171E-28
1.80000000000000E+01,8.00000000000000E+00,1.39638370000000E+07,-1.11455120146275E-01,-2.50000000000000E+07,1.00000108194109E-09,5.00000000000000E+05,2.50000000000000E+07,5.00000540970547E-10,9.18486159388379E-26,-3.99085322004121E-18,-5.00000540970547E-10,-9.18486159388379E-26,3.99085322004121E-18,4.20833368153239E-10,-2.77588526984207E-19,-3.82702117028171E-28
1.80000000000000E+01,9.00000000000000E+00,1.39638370000000E+07,-5.51861152052879E-02,-2.50000000000000E+07,1.00000108194109E-09,5.00000000000000E+05,2.50000000000000E+07,5.00000540970547E-10,9.18486097758621E-26,-1.97603915082359E-18,-5.00000540970547E-10,-9.18486097758621E-26,1.97603915082359E-18,4.20833368153239E-10,-1.37498627234207E-19,-3.82702117028171E-28
1.80000000000000E+01,1.00000000000000E+01,1.39638370000000E+07,1.28530049696565E-02,-2.50000000000000E+07,1.00000108194109E-09,5.00000000000000E+05,2.50000000000000E+07,5.00000540970547E-10,9.18486097758621E-26,4.60225198248605E-19,-5.00000540970547E-10,-9.18486097758621E-26,-4.60225198248605E-19,4.20833368153239E-10,3.19439090303822E-20,-3.82702117028171E-28
1.80000000000000E+01,1.10000000000000E+01,1.39638370000000E+07,8.03521722555161E-02,-2.50000000000000E+07,1.00000108194109E-09,5.00000000000000E+05,2.50000000000000E+07,5.00000540970547E-10,9.18486097758621E-26,2.87715544127329E-18,-5.00000540970547E-10,-9.18486097758621E-26,-2.87715544127329E-18,4.20833368153239E-10,2.00047181722111E-19,-3.82702117028171E-28
1.80000000000000E+01,1.20000000000000E+01,1.39638370000000E+07,1.34775161743164E-01,-2.50000000000000E+07,1.00000108194109E-09,5.00000000000000E+05,2.50000000000000E+07,5.00000540970547E-10,9.18486097758621E-26,4.82586930094664E-18,-5.00000540970547E-10,-9.18486097758621E-26,-4.82586930094664E-18,4.20833368153239E-10,3.35557266763741E-19,-3.82702117028171E-28
1.80000000000000E+01,1.30000000000000E+01,1.39638370000000E+07,1.68578371405602E-01,-2.50000000000000E+07,1.00000108194109E-09,5.00000000000000E+05,2.50000000000000E+07,5.00000540970547E-10,9.18486097758621E-26,6.03625456715466E-18,-5.00000540970547E-10,-9.18486097758621E-26,-6.03625456715466E-18,4.20833368153239E-10,4.19672358525463E-19,-3.82702117028171E-28
1.80000000000000E+01,1.40000000000000E+01,1.39638370000000E+07,1.81221663951874E-01,-2.50000000000000E+07,1.00000108194109E-09,5.00000000000000E+05,2.50000000000000E+07,5.00000540970547E-10,9.18486097758621E-26,6.48897092999524E-18,-5.00000540970547E-10,-9.18486097758621E-26,-6.48897092999524E-18,4.20833368153239E-10,4.51071669288881E-19,-3.82702117028171E-28
1.80000000000000E+01,1.50000000000000E+01,1.39638370000000E+07,1.77740558981895E-01,-2.50000000000000E+07,1.00000108194109E-09,5.00000000000000E+05,2.50000000000000E+07,5.00000540970547E-10,9.18486097758621E-26,6.36432349707993E-18,-5.00000540970547E-10,-9.18486097758621E-26,-6.36432349707993E-18,4.20833368153239E-10,4.42322114660814E-19,-3.82702117028171E-28
1.80000000000000E+01,1.60000000000000E+01,1.39638370000000E+07,1.65739491581917E-01,-2.50000000000000E+07,1.00000108194109E-09,5.00000000000000E+05,2.50000000000000E+07,5.00000540970547E-10,9.18486036128863E-26,5.93460316885863E-18,-5.00000540970547E-10,-9.18486036128863E-26,-5.93460316885863E-18,4.20833368153239E-10,4.12373420197872E-19,-3.82702117028171E-28
1.80000000000000E+01,1.70000000000000E+01,1.39638370000000E+07,1.52952060103416E-01,-2.50000000000000E+07,1.00000097091879E-09,5.00000000000000E+05,2.50000000000000E+07,5.00000485459395E-10,9.18485974499104E-26,5.47672561258603E-18,-5.00000485459395E-10,-9.18485974499104E-26,-5.47672561258603E-18,4.20833368153239E-10,3.80478033711469E-19,-3.82702117028171E-28
1.80000000000000E+01,1.80000000000000E+01,1.39638370000000E+07,1.46245405077934E-01,-2.50000000000000E+07,1.00000085989649E-09,5.00000000000000E+05,2.50000000000000E+07,5.00000429948244E-10,9.18485912869346E-26,5.23658101869147E-18,-5.00000429948244E-10,-9.18485912869346E-26,-5.23658101869147E-18,4.20833368153239E-10,3.63720750368428E-19,-3.82702117028171E-28
1.80000000000000E+01,1.90000000000000E+01,1.39638370000000E+07,1.51711672544479E-01,-2.50000000000000E+07,1.00000074887419E-09,5.00000000000000E+05,2.50000000000000E+07,5.00000374437093E-10,9.18485789609830E-26,5.43231014959500E-18,-5.00000374437093E-10,-9.18485789609830E-26,-5.43231014959500E-18,4.20833368153239E-10,3.77257871285588E-19,-3.82702117028171E-28
1.80000000000000E+01,2.00000000000000E+01,1.39638370000000E+07,0.00000000000000E+00,-2.50000000000000E+07,9.99999971718069E-10,5.00000000000000E+05,2.50000000000000E+07,4.99999985859034E-10,9.18485111682489E-26,0.00000000000000E+00,-4.99999985859034E-10,-9.18485111682489E-26,0.00000000000000E+00,4.20833340397664E-10,-9.46717242497846E-42,6.88766221184934E-41
1.80000000000000E+01,2.10000000000000E+01,1.39638370000000E+07,0.00000000000000E+00,-2.50000000000000E+07,9.99999971718069E-10,5.00000000000000E+05,2.50000000000000E+07,4.99999985859034E-10,9.18485111682489E-26,0.00000000000000E+00,-4.99999985859034E-10,-9.18485111682489E-26,0.00000000000000E+00,4.20833340397664E-10,-9.46717242497846E-42,6.88766221184934E-41
1.90000000000000E+01,1.00000000000000E+00,1.39638370000000E+07,0.00000000000000E+00,-2.50000000000000E+07,9.99999971718069E-10,5.00000000000000E+05,2.50000000000000E+07,4.99999985859034E-10,9.18485111682489E-26,0.00000000000000E+00,-4.99999985859034E-10,-9.18485111682489E-26,0.00000000000000E+00,4.20833340397664E-10,-9.46717242497846E-42,6.88766221184934E-41
1.90000000000000E+01,2.00000000000000E+00,1.39638370000000E+07,0.00000000000000E+00,-2.50000000000000E+07,9.99999971718069E-10,5.00000000000000E+05,2.50000000000000E+07,4.99999985859034E-10,9.18485111682489E-26,0.00000000000000E+00,-4.99999985859034E-10,-9.18485111682489E-26,0.00000000000000E+00,4.20833340397664E-10,-9.46717242497846E-42,6.88766221184934E-41
1.90000000000000E+01,3.00000000000000E+00,1.39638370000000E+07,-1.88376963138580E-01,-2.50000000000000E+07,1.00000074887419E-09,5.00000000000000E+05,2.50000000000000E+07,5.00000374437093E-10,9.18485727980072E-26,-6.74517688984374E-18,-5.00000374437093E-10,-9.18485727980072E-26,6.74517688984374E-18,4.20833368153239E-10,-4.68431708804532E-19,-3.82702117028171E-28
1.90000000000000E+01,4.00000000000000E+00,1.39638370000000E+07,-1.60479828715324E-01,-2.50000000000000E+07,1.00000074887419E-09,5.00000000000000E+05,2.50000000000000E+07,5.00000374437093E-10,9.18485851239588E-26,-5.74626985981195E-18,-5.00000374437093E-10,-9.18485851239588E-26,5.74626985981195E-18,4.20833368153239E-10,-3.99128216488761E-19,-3.82702117028171E-28
1.90000000000000E+01,5.00000000000000E+00,1.39638370000000E+07,-1.43419533967972E-01,-2.50000000000000E+07,1.00000085989649E-09,5.00000000000000E+05,2.50000000000000E+07,5.00000429948244E-10,9.18485912869346E-26,-5.13539573667062E-18,-5.00000429948244E-10,-9.18485912869346E-26,5.13539573667062E-18,4.20833368153239E-10,-3.56789131931599E-19,-3.82702117028171E-28
1.90000000000000E+01,6.00000000000000E+00,1.39638370000000E+07,-1.28195717930794E-01,-2.50000000000000E+07,1.00000085989649E-09,5.00000000000000E+05,2.50000000000000E+07,5.00000429948244E-10,9.18485912869346E-26,-4.59027999068542E-18,-5.00000429948244E-10,-9.18485912869346E-26,4.59027999068542E-18,4.20833368153239E-10,-3.19002952863505E-19,-3.82702117028171E-28
1.90000000000000E+01,7.00000000000000E+00,1.39638370000000E+07,-1.07398323714733E-01,-2.50000000000000E+07,1.00000097091879E-09,5.00000000000000E+05,2.50000000000000E+07,5.00000485459395E-10,9.18485974499104E-26,-3.84559161908047E-18,-5.00000485459395E-10,-9.18485974499104E-26,3.84559161908047E-18,4.20833368153239E-10,-2.67317502866318E-19,-3.82702117028171E-28
1.90000000000000E+01,8.00000000000000E+00,1.39638370000000E+07,-7.66519084572792E-02,-2.50000000000000E+07,1.00000097091879E-09,5.00000000000000E+05,2.50000000000000E+07,5.00000485459395E-10,9.18485974499104E-26,-2.74466033909154E-18,-5.00000485459395E-10,-9.18485974499104E-26,2.74466033909154E-18,4.20833368153239E-10,-1.90834186231163E-19,-3.82702117028171E-28
1.90000000000000E+01,9.00000000000000E+00,1.39638370000000E+07,-3.57073880732059E-02,-2.50000000000000E+07,1.00000097091879E-09,5.00000000000000E+05,2.50000000000000E+07,5.00000485459395E-10,9.18485974499104E-26,-1.27856769614923E-18,-5.00000485459395E-10,-9.18485974499104E-26,1.27856769614923E-18,4.20833368153239E-10,-8.89322749941530E-20,-3.82702117028171E-28
1.90000000000000E+01,1.00000000000000E+01,1.39638370000000E+07,1.14451982080936E-02,-2.50000000000000E+07,1.00000097091879E-09,5.00000000000000E+05,2.50000000000000E+07,5.00000485459395E-10,9.18485974499104E-26,4.09816036237799E-19,-5.00000485459395E-10,-9.18485974499104E-26,-4.09816036237799E-19,4.20833368153239E-10,2.84472808718013E-20,-3.82702117028171E-28
1.90000000000000E+01,1.10000000000000E+01,1.39638370000000E+07,5.80018572509289E-02,-2.50000000000000E+07,1.00000097091879E-09,5.00000000000000E+05,2.50000000000000E+07,5.00000485459395E-10,9.18485974499104E-26,2.07686150735068E-18,-5.00000485459395E-10,-9.18485974499104E-26,-2.07686150735068E-18,4.20833368153239E-10,1.44348251392817E-19,-3.82702117028171E-28
1.90000000000000E+01,1.20000000000000E+01,1.39638370000000E+07,9.69322398304939E-02,-2.50000000000000E+07,1.00000097091879E-09,5.00000000000000E+05,2.50000000000000E+07,5.00000485459395E-10,9.18485974499104E-26,3.47083454743117E-18,-5.00000485459395E-10,-9.18485974499104E-26,-3.47083454743117E-18,4.20833368153239E-10,2.41251671746883E-19,-3.82702117028171E-28
1.90000000000000E+01,1.30000000000000E+01,1.39638370000000E+07,1.23535998165607E-01,-2.50000000000000E+07,1.00000097091879E-09,5.00000000000000E+05,2.50000000000000E+07,5.00000485459395E-10,9.18485974499104E-26,4.42343021650796E-18,-5.00000485459395E-10,-9.18485974499104E-26,-4.42343021650796E-18,4.20833368153239E-10,3.07450522579196E-19,-3.82702117028171E-28
1.90000000000000E+01,1.40000000000000E+01,1.39638370000000E+07,1.36779204010963E-01,-2.50000000000000E+07,1.00000097091879E-09,5.00000000000000E+05,2.50000000000000E+07,5.00000485459395E-10,9.18485974499104E-26,4.89762680549531E-18,-5.00000485459395E-10,-9.18485974499104E-26,-4.89762680549531E-18,4.20833368153239E-10,3.40374611554885E-19,-3.82702117028171E-28
1.90000000000000E+01,1.50000000000000E+01,1.39638370000000E+07,1.39059677720070E-01,-2.50000000000000E+07,1.00000085989649E-09,5.00000000000000E+05,2.50000000000000E+07,5.00000429948244E-10,9.18485912869346E-26,4.97928359402471E-18,-5.00000429948244E-10,-9.18485912869346E-26,-4.97928359402471E-18,4.20833368153239E-10,3.46002309002995E-19,-3.82702117028171E-28
1.90000000000000E+01,1.60000000000000E+01,1.39638370000000E+07,1.35016307234764E-01,-2.50000000000000E+07,1.00000085989649E-09,5.00000000000000E+05,2.50000000000000E+07,5.00000429948244E-10,9.18485912869346E-26,4.83450299859017E-18,-5.00000429948244E-10,-9.18485912869346E-26,-4.83450299859017E-18,4.20833368153239E-10,3.35887285978755E-19,-3.82702117028171E-28
1.90000000000000E+01,1.70000000000000E+01,1.39638370000000E+07,1.30242869257927E-01,-2.50000000000000E+07,1.00000085989649E-09,5.00000000000000E+05,2.50000000000000E+07,5.00000429948244E-10,9.18485851239588E-26,4.66358142784742E-18,-5.00000429948244E-10,-9.18485851239588E-26,-4.66358142784742E-18,4.20833368153239E-10,3.23953396185088E-19,-3.82702117028171E-28
1.90000000000000E+01,1.80000000000000E+01,1.39638370000000E+07,1.30433276295662E-01,-2.50000000000000E+07,1.00000074887419E-09,5.00000000000000E+05,2.50000000000000E+07,5.00000374437093E-10,9.18485789609830E-26,4.67039863686577E-18,-5.00000374437093E-10,-9.18485789609830E-26,-4.67039863686577E-18,4.20833368153239E-10,3.24369106141684E-19,-3.82702117028171E-28
1.90000000000000E+01,1.90000000000000E+01,1.39638370000000E+07,1.40903368592262E-01,-2.50000000000000E+07,1.00000063785188E-09,5.00000000000000E+05,2.50000000000000E+07,5.00000318925942E-10,9.18485727980072E-26,5.04529881076104E-18,-5.00000318925942E-10,-9.18485727980072E-26,-5.04529881076104E-18,4.20833368153239E-10,3.50362558957521E-19,-3.82702117028171E-28
1.90000000000000E+01,2.00000000000000E+01,1.39638370000000E+07,0.00000000000000E+00,-2.50000000000000E+07,9.99999971718069E-10,5.00000000000000E+05,2.50000000000000E+07,4.99999985859034E-10,9.18485111682489E-26,0.00000000000000E+00,-4.99999985859034E-10,-9.18485111682489E-26,0.00000000000000E+00,4.20833340397664E-10,-9.46717242497846E-42,6.88766221184934E-41
1.90000000000000E+01,2.10000000000000E+01,1.39638370000000E+07,0.00000000000000E+00,-2.50000000000000E+07,9.99999971718069E-10,5.00000000000000E+05,2.50000000000000E+07,4.99999985859034E-10,9.18485111682489E-26,0.00000000000000E+00,-4.99999985859034E-10,-9.18485111682489E-26,0.00000000000000E+00,4.20833340397664E-10,-9.46717242497846E-42,1.95150429335731E-40
2.00000000000000E+01,1.00000000000000E+00,1.39638370000000E+07,0.00000000000000E+00,-2.50000000000000E+07,9.99999971718069E-10,5.00000000000000E+05,2.50000000000000E+07,4.99999985859034E-10,9.18485111682489E-26,0.00000000000000E+00,-4.99999985859034E-10,-9.18485111682489E-26,0.00000000000000E+00,4.20833340397664E-10,-9.46717242497846E-42,6.88766221184934E-41
2.00000000000000E+01,2.00000000000000E+00,1.39638370000000E+07,0.00000000000000E+00,-2.50000000000000E+07,9.99999971718069E-10,5.00000000000000E+05,2.50000000000000E+07,4.99999985859034E-10,9.18485111682489E-26,0.00000000000000E+00,-4.99999985859034E-10,-9.18485111682489E-26,0.00000000000000E+00,4.20833340397664E-10,-9.46717242497846E-42,6.88766221184934E-41
2.00000000000000E+01,3.00000000000000E+00,1.39638370000000E+07,0.00000000000000E+00,-2.50000000000000E+07,9.99999971718069E-10,5.00000000000000E+05,2.50000000000000E+07,4.99999985859034E-10,9.18485111682489E-26,0.00000000000000E+00,-4.99999985859034E-10,-9.18485111682489E-26,0.00000000000000E+00,4.20833340397664E-10,-9.46717242497846E-42,6.88766221184934E-41
2.00000000000000E+01,4.00000000000000E+00,1.39638370000000E+07,0.00000000000000E+00,-2.50000000000000E+07,9.99999971718069E-10,5.00000000000000E+05,2.50000000000000E+07,4.99999985859034E-10,9.18485111682489E-26,0.00000000000000E+00,-4.99999985859034E-10,-9.18485111682489E-26,0.00000000000000E+00,4.20833340397664E-10,-9.46717242497846E-42,6.88766221184934E-41
2.00000000000000E+01,5.00000000000000E+00,1.39638370000000E+07,0.00000000000000E+00,-2.50000000000000E+07,9.99999971718069E-10,5.00000000000000E+05,2.50000000000000E+07,4.99999985859034E-10,9.18485111682489E-26,0.00000000000000E+00,-4.99999985859034E-10,-9.18485111682489E-26,0.00000000000000E+00,4.20833340397664E-10,-9.46717242497846E-42,6.88766221184934E-41
2.00000000000000E+01,6.00000000000000E+00,1.39638370000000E+07,0.00000000000000E+00,-2.50000000000000E+07,9.99999971718069E-10,5.00000000000000E+05,2.50000000000000E+07,4.99999985859034E-10,9.18485111682489E-26,0.00000000000000E+00,-4.99999985859034E-10,-9.18485111682489E-26,0.00000000000000E+00,4.20833340397664E-10,-9.46717242497846E-42,6.88766221184934E-41
2.00000000000000E+01,7.00000000000000E+00,1.39638370000000E+07,0.00000000000000E+00,-2.50000000000000E+07,9.99999971718069E-10,5.00000000000000E+05,2.50000000000000E+07,4.99999985859034E-10,9.18485111682489E-26,0.00000000000000E+00,-4.99999985859034E-10,-9.18485111682489E-26,0.00000000000000E+00,4.20833340397664E-10,-9.46717242497846E-42,6.88766221184934E-41
2.00000000000000E+01,8.00000000000000E+00,1.39638370000000E+07,0.00000000000000E+00,-2.50000000000000E+07,9.99999971718069E-10,5.00000000000000E+05,2.50000000000000E+07,4.99999985859034E-10,9.18485111682489E-26,0.00000000000000E+00,-4.99999985859034E-10,-9.18485111682489E-26,0.00000000000000E+00,4.20833340397664E-10,-9.46717242497846E-42,6.88766221184934E-41
2.00000000000000E+01,9.00000000000000E+00,1.39638370000000E+07,0.00000000000000E+00,-2.50000000000000E+07,9.99999971718069E-10,5.00000000000000E+05,2.50000000000000E+07,4.99999985859034E-10,9.18485111682489E-26,0.00000000000000E+00,-4.99999985859034E-10,-9.18485111682489E-26,0.00000000000000E+00,4.20833340397664E-10,-9.46717242497846E-42,6.88766221184934E-41
2.00000000000000E+01,1.00000000000000E+01,1.39638370000000E+07,0.00000000000000E+00,-2.50000000000000E+07,9.99999971718069E-10,5.00000000000000E+05,2.50000000000000E+07,4.99999985859034E-10,9.18485111682489E-26,0.00000000000000E+00,-4.99999985859034E-10,-9.18485111682489E-26,0.00000000000000E+00,4.20833340397664E-10,-9.46717242497846E-42,6.88766221184934E-41
2.00000000000000E+01,1.10000000000000E+01,1.39638370000000E+07,0.00000000000000E+00,-2.50000000000000E+07,9.99999971718069E-10,5.00000000000000E+05,2.50000000000000E+07,4.99999985859034E-10,9.18485111682489E-26,0.00000000000000E+00,-4.99999985859034E-10,-9.18485111682489E-26,0.00000000000000E+00,4.20833340397664E-10,-9.46717242497846E-42,6.88766221184934E-41
2.00000000000000E+01,1.20000000000000E+01,1.39638370000000E+07,0.00000000000000E+00,-2.50000000000000E+07,9.99999971718069E-10,5.00000000000000E+05,2.50000000000000E+07,4.99999985859034E-10,9.18485111682489E-26,0.00000000000000E+00,-4.99999985859034E-10,-9.18485111682489E-26,0.00000000000000E+00,4.20833340397664E-10,-9.46717242497846E-42,6.88766221184934E-41
2.00000000000000E+01,1.30000000000000E+01,1.39638370000000E+07,0.00000000000000E+00,-2.50000000000000E+07,9.99999971718069E-10,5.00000000000000E+05,2.50000000000000E+07,4.99999985859034E-10,9.18485111682489E-26,0.00000000000000E+00,-4.99999985859034E-10,-9.18485111682489E-26,0.00000000000000E+00,4.20833340397664E-10,-9.46717242497846E-42,6.88766221184934E-41
2.00000000000000E+01,1.40000000000000E+01,1.39638370000000E+07,0.00000000000000E+00,-2.50000000000000E+07,9.99999971718069E-10,5.00000000000000E+05,2.50000000000000E+07,4.99999985859034E-10,9.18485111682489E-26,0.00000000000000E+00,-4.99999985859034E-10,-9.18485111682489E-26,0.00000000000000E+00,4.20833340397664E-10,-9.46717242497846E-42,6.88766221184934E-41
2.00000000000000E+01,1.50000000000000E+01,1.39638370000000E+07,0.00000000000000E+00,-2.50000000000000E+07,9.99999971718069E-10,5.00000000000000E+05,2.50000000000000E+07,4.99999985859034E-10,9.18485111682489E-26,0.00000000000000E+00,-4.99999985859034E-10,-9.18485111682489E-26,0.00000000000000E+00,4.20833340397664E-10,-9.46717242497846E-42,6.88766221184934E-41
2.00000000000000E+01,1.60000000000000E+01,1.39638370000000E+07,0.00000000000000E+00,-2.50000000000000E+07,9.99999971718069E-10,5.00000000000000E+05,2.50000000000000E+07,4.99999985859034E-10,9.18485111682489E-26,0.00000000000000E+00,-4.99999985859034E-10,-9.18485111682489E-26,0.00000000000000E+00,4.20833340397664E-10,-9.46717242497846E-42,6.88766221184934E-41
2.00000000000000E+01,1.70000000000000E+01,1.39638370000000E+07,0.00000000000000E+00,-2.50000000000000E+07,9.99999971718069E-10,5.00000000000000E+05,2.50000000000000E+07,4.99999985859034E-10,9.18485111682489E-26,0.00000000000000E+00,-4.99999985859034E-10,-9.18485111682489E-26,0.00000000000000E+00,4.20833340397664E-10,-9.46717242497846E-42,6.88766221184934E-41
2.00000000000000E+01,1.80000000000000E+01,1.39638370000000E+07,0.00000000000000E+00,-2.50000000000000E+07,9.99999971718069E-10,5.00000000000000E+05,2.50000000000000E+07,4.99999985859034E-10,9.18485111682489E-26,0.00000000000000E+00,-4.99999985859034E-10,-9.18485111682489E-26,0.00000000000000E+00,4.20833340397664E-10,-9.46717242497846E-42,6.88766221184934E-41
2.00000000000000E+01,1.90000000000000E+01,1.39638370000000E+07,0.00000000000000E+00,-2.50000000000000E+07,9.99999971718069E-10,5.00000000000000E+05,2.50000000000000E+07,4.99999985859034E-10,9.18485111682489E-26,0.00000000000000E+00,-4.99999985859034E-10,-9.18485111682489E-26,0.00000000000000E+00,4.20833340397664E-10,-9.46717242497846E-42,6.88766221184934E-41
2.00000000000000E+01,2.00000000000000E+01,1.39638370000000E+07,0.00000000000000E+00,-2.50000000000000E+07,9.99999971718069E-10,5.00000000000000E+05,2.50000000000000E+07,4.99999985859034E-10,9.18485111682489E-26,0.00000000000000E+00,-4.99999985859034E-10,-9.18485111682489E-26,0.00000000000000E+00,4.20833340397664E-10,-9.46717242497846E-42,6.88766221184934E-41
2.00000000000000E+01,2.10000000000000E+01,1.39638370000000E+07,0.00000000000000E+00,-2.50000000000000E+07,9.99999971718069E-10,5.00000000000000E+05,2.50000000000000E+07,4.99999985859034E-10,9.18485111682489E-26,0.00000000000000E+00,-4.99999985859034E-10,-9.18485111682489E-26,0.00000000000000E+00,4.20833340397664E-10,-9.46717242497846E-42,6.88766221184934E-41
2.10000000000000E+01,1.00000000000000E+00,1.39638370000000E+07,0.00000000000000E+00,-2.50000000000000E+07,9.99999971718069E-10,5.00000000000000E+05,2.50000000000000E+07,4.99999985859034E-10,9.18485111682489E-26,0.00000000000000E+00,-4.99999985859034E-10,-9.18485111682489E-26,0.00000000000000E+00,4.20833340397664E-10,-9.46717242497846E-42,6.88766221184934E-41
2.10000000000000E+01,2.00000000000000E+00,1.39638370000000E+07,0.00000000000000E+00,-2.50000000000000E+07,9.99999971718069E-10,5.00000000000000E+05,2.50000000000000E+07,4.99999985859034E-10,9.18485111682489E-26,0.00000000000000E+00,-4.99999985859034E-10,-9.18485111682489E-26,0.00000000000000E+00,4.20833340397664E-10,-9.46717242497846E-42,6.88766221184934E-41
2.10000000000000E+01,3.00000000000000E+00,1.39638370000000E+07,0.00000000000000E+00,-2.50000000000000E+07,9.99999971718069E-10,5.00000000000000E+05,2.50000000000000E+07,4.99999985859034E-10,9.18485111682489E-26,0.00000000000000E+00,-4.99999985859034E-10,-9.18485111682489E-26,0.00000000000000E+00,4.20833340397664E-10,-9.46717242497846E-42,6.88766221184934E-41
2.10000000000000E+01,4.00000000000000E+00,1.39638370000000E+07,0.00000000000000E+00,-2.50000000000000E+07,9.99999971718069E-10,5.00000000000000E+05,2.50000000000000E+07,4.99999985859034E-10,9.18485111682489E-26,0.00000000000000E+00,-4.99999985859034E-10,-9.18485111682489E-26,0.00000000000000E+00,4.20833340397664E-10,-9.46717242497846E-42,6.88766221184934E-41
2.10000000000000E+01,5.00000000000000E+00,1.39638370000000E+07,0.00000000000000E+00,-2.50000000000000E+07,9.99999971718069E-10,5.00000000000000E+05,2.50000000000000E+07,4.99999985859034E-10,9.18485111682489E-26,0.00000000000000E+00,-4.99999985859034E-10,-9.18485111682489E-26,0.00000000000000E+00,4.20833340397664E-10,-9.46717242497846E-42,6.88766221184934E-41
2.10000000000000E+01,6.00000000000000E+00,1.39638370000000E+07,0.00000000000000E+00,-2.50000000000000E+07,9.99999971718069E-10,5.00000000000000E+05,2.50000000000000E+07,4.99999985859034E-10,9.18485111682489E-26,0.00000000000000E+00,-4.99999985859034E-10,-9.18485111682489E-26,0.00000000000000E+00,4.20833340397664E-10,-9.46717242497846E-42,6.88766221184934E-41
2.10000000000000E+01,7.00000000000000E+00,1.39638370000000E+07,0.00000000000000E+00,-2.50000000000000E+07,9.99999971718069E-10,5.00000000000000E+05,2.50000000000000E+07,4.99999985859034E-10,9.18485111682489E-26,0.00000000000000E+00,-4.99999985859034E-10,-9.18485111682489E-26,0.00000000000000E+00,4.20833340397664E-10,-9.46717242497846E-42,6.88766221184934E-41
2.10000000000000E+01,8.00000000000000E+00,1.39638370000000E+07,0.00000000000000E+00,-2.50000000000000E+07,9.99999971718069E-10,5.00000000000000E+05,2.50000000000000E+07,4.99999985859034E-10,9.18485111682489E-26,0.00000000000000E+00,-4.99999985859034E-10,-9.18485111682489E-26,0.00000000000000E+00,4.20833340397664E-10,-9.46717242497846E-42,6.88766221184934E-41
2.10000000000000E+01,9.00000000000000E+00,1.39638370000000E+07,0.00000000000000E+00,-2.50000000000000E+07,9.99999971718069E-10,5.00000000000000E+05,2.50000000000000E+07,4.99999985859034E-10,9.18485111682489E-26,0.00000000000000E+00,-4.99999985859034E-10,-9.18485111682489E-26,0.00000000000000E+00,4.20833340397664E-10,-9.46717242497846E-42,6.88766221184934E-41
2.10000000000000E+01,1.00000000000000E+01,1.39638370000000E+07,0.00000000000000E+00,-2.50000000000000E+07,9.99999971718069E-10,5.00000000000000E+05,2.50000000000000E+07,4.99999985859034E-10,9.18485111682489E-26,0.00000000000000E+00,-4.99999985859034E-10,-9.18485111682489E-26,0.00000000000000E+00,4.20833340397664E-10,-9.46717242497846E-42,6.88766221184934E-41
2.10000000000000E+01,1.10000000000000E+01,1.39638370000000E+07,0.00000000000000E+00,-2.50000000000000E+07,9.99999971718069E-10,5.00000000000000E+05,2.50000000000000E+07,4.99999985859034E-10,9.18485111682489E-26,0.00000000000000E+00,-4.99999985859034E-10,-9.18485111682489E-26,0.00000000000000E+00,4.20833340397664E-10,-9.46717242497846E-42,6.88766221184934E-41
2.10000000000000E+01,1.20000000000000E+01,1.39638370000000E+07,0.00000000000000E+00,-2.50000000000000E+07,9.99999971718069E-10,5.00000000000000E+05,2.50000000000000E+07,4.99999985859034E-10,9.18485111682489E-26,0.00000000000000E+00,-4.99999985859034E-10,-9.18485111682489E-26,0.00000000000000E+00,4.20833340397664E-10,-9.46717242497846E-42,6.88766221184934E-41
2.10000000000000E+01,1.30000000000000E+01,1.39638370000000E+07,0.00000000000000E+00,-2.50000000000000E+07,9.99999971718069E-10,5.00000000000000E+05,2.50000000000000E+07,4.99999985859034E-10,9.18485111682489E-26,0.00000000000000E+00,-4.99999985859034E-10,-9.18485111682489E-26,0.00000000000000E+00,4.20833340397664E-10,-9.46717242497846E-42,6.88766221184934E-41
2.10000000000000E+01,1.40000000000000E+01,1.39638370000000E+07,0.00000000000000E+00,-2.50000000000000E+07,9.99999971718069E-10,5.00000000000000E+05,2.50000000000000E+07,4.99999985859034E-10,9.18485111682489E-26,0.00000000000000E+00,-4.99999985859034E-10,-9.18485111682489E-26,0.00000000000000E+00,4.20833340397664E-10,-9.46717242497846E-42,6.88766221184934E-41
2.10000000000000E+01,1.50000000000000E+01,1.39638370000000E+07,0.00000000000000E+00,-2.50000000000000E+07,9.99999971718069E-10,5.00000000000000E+05,2.50000000000000E+07,4.99999985859034E-10,9.18485111682489E-26,0.00000000000000E+00,-4.99999985859034E-10,-9.18485111682489E-26,0.00000000000000E+00,4.20833340397664E-10,-9.46717242497846E-42,6.88766221184934E-41
2.10000000000000E+01,1.60000000000000E+01,1.39638370000000E+07,0.00000000000000E+00,-2.50000000000000E+07,9.99999971718069E-10,5.00000000000000E+05,2.50000000000000E+07,4.99999985859034E-10,9.18485111682489E-26,0.00000000000000E+00,-4.99999985859034E-10,-9.18485111682489E-26,0.00000000000000E+00,4.20833340397664E-10,-9.46717242497846E-42,6.88766221184934E-41
2.10000000000000E+01,1.70000000000000E+01,1.39638370000000E+07,0.00000000000000E+00,-2.50000000000000E+07,9.99999971718069E-10,5.00000000000000E+05,2.50000000000000E+07,4.99999985859034E-10,9.18485111682489E-26,0.00000000000000E+00,-4.99999985859034E-10,-9.18485111682489E-26,0.00000000000000E+00,4.20833340397664E-10,-9.46717242497846E-42,6.88766221184934E-41
2.10000000000000E+01,1.80000000000000E+01,1.39638370000000E+07,0.00000000000000E+00,-2.50000000000000E+07,9.99999971718069E-10,5.00000000000000E+05,2.50000000000000E+07,4.99999985859034E-10,9.18485111682489E-26,0.00000000000000E+00,-4.99999985859034E-10,-9.18485111682489E-26,0.00000000000000E+00,4.20833340397664E-10,-9.46717242497846E-42,6.88766221184934E-41
2.10000000000000E+01,1.90000000000000E+01,1.39638370000000E+07,0.00000000000000E+00,-2.50000000000000E+07,9.99999971718069E-10,5.00000000000000E+05,2.50000000000000E+07,4.99999985859034E-10,9.18485111682489E-26,0.00000000000000E+00,-4.99999985859034E-10,-9.18485111682489E-26,0.00000000000000E+00,4.20833340397664E-10,-9.46717242497846E-42,6.88766221184934E-41
2.10000000000000E+01,2.00000000000000E+01,1.39638370000000E+07,0.00000000000000E+00,-2.50000000000000E+07,9.99999971718069E-10,5.00000000000000E+05,2.50000000000000E+07,4.99999985859034E-10,9.18485111682489E-26,0.00000000000000E+00,-4.99999985859034E-10,-9.18485111682489E-26,0.00000000000000E+00,4.20833340397664E-10,-9.46717242497846E-42,6.88766221184934E-41
2.10000000000000E+01,2.10000000000000E+01,1.39638370000000E+07,0.00000000000000E+00,-2.50000000000000E+07,9.99999971718069E-10,5.00000000000000E+05,2.50000000000000E+07,4.99999985859034E-10,9.18485111682489E-26,0.00000000000000E+00,-4.99999985859034E-10,-9.18485111682489E-26,0.00000000000000E+00,4.20833340397664E-10,-9.46717242497846E-42,6.88766221184934E-41
