  0.6500000000000E-01  0.0000000E+00  0.0000000E+00 -0.0000000E+00 -0.0000000E+00  0.0000000E+00  0.0000000E+00
  0.9833333333333E-01  0.3191050E-05  0.9573150E-04 -0.8865529E-06 -0.2659659E-04  0.1990906E-05  0.5972718E-04
  0.1316666666667E+00  0.4809428E-05  0.4855136E-04 -0.1336216E-05 -0.1348989E-04  0.3000738E-05  0.3029494E-04
  0.1650000000000E+00  0.6446608E-05  0.4911540E-04 -0.1791128E-05 -0.1364736E-04  0.4022382E-05  0.3064933E-04
  0.1983333333333E+00  0.8085227E-05  0.4915855E-04 -0.2246464E-05 -0.1366008E-04  0.5045003E-05  0.3067862E-04
  0.2316666666667E+00  0.9725565E-05  0.4921016E-04 -0.2702301E-05 -0.1367513E-04  0.6068774E-05  0.3071313E-04
  0.2650000000000E+00  0.1136789E-04  0.4926969E-04 -0.3158713E-05 -0.1369236E-04  0.7093858E-05  0.3075252E-04
  0.2983333333333E+00  0.1301244E-04  0.4933666E-04 -0.3615768E-05 -0.1371163E-04  0.8120408E-05  0.3079651E-04
  0.3316666666667E+00  0.1465947E-04  0.4941066E-04 -0.4073529E-05 -0.1373284E-04  0.9148569E-05  0.3084483E-04
  0.3650000000000E+00  0.1630917E-04  0.4949128E-04 -0.4532058E-05 -0.1375587E-04  0.1017848E-04  0.3089723E-04
  0.3983333333333E+00  0.1796178E-04  0.4957817E-04 -0.4991412E-05 -0.1378062E-04  0.1121026E-04  0.3095349E-04
  0.4316666666667E+00  0.1961748E-04  0.4967101E-04 -0.5451646E-05 -0.1380701E-04  0.1224404E-04  0.3101343E-04
  0.4650000000000E+00  0.2127646E-04  0.4976950E-04 -0.5912811E-05 -0.1383495E-04  0.1327994E-04  0.3107685E-04
  0.4983333333333E+00  0.2293891E-04  0.4987339E-04 -0.6374957E-05 -0.1386438E-04  0.1431806E-04  0.3114359E-04
  0.5316666666667E+00  0.2460499E-04  0.4998241E-04 -0.6838130E-05 -0.1389521E-04  0.1535851E-04  0.3121350E-04
  0.5650000000000E+00  0.2627487E-04  0.5009635E-04 -0.7302377E-05 -0.1392740E-04  0.1640139E-04  0.3128644E-04
  0.5983333333333E+00  0.2794870E-04  0.5021500E-04 -0.7767739E-05 -0.1396088E-04  0.1744680E-04  0.3136228E-04
  0.6316666666667E+00  0.2962664E-04  0.5033817E-04 -0.8234259E-05 -0.1399560E-04  0.1849483E-04  0.3144091E-04
  0.6650000000000E+00  0.3130883E-04  0.5046569E-04 -0.8701976E-05 -0.1403151E-04  0.1954557E-04  0.3152221E-04
  0.6983333333333E+00  0.3299541E-04  0.5059739E-04 -0.9170929E-05 -0.1406857E-04  0.2059910E-04  0.3160610E-04
  0.7316666666667E+00  0.3468652E-04  0.5073313E-04 -0.9641154E-05 -0.1410675E-04  0.2165552E-04  0.3169247E-04
  0.7650000000000E+00  0.3638227E-04  0.5087277E-04 -0.1011269E-04 -0.1414599E-04  0.2271489E-04  0.3178125E-04
  0.7983333333333E+00  0.3808281E-04  0.5101618E-04 -0.1058556E-04 -0.1418626E-04  0.2377731E-04  0.3187235E-04
  0.8316666666667E+00  0.3978826E-04  0.5116325E-04 -0.1105981E-04 -0.1422754E-04  0.2484283E-04  0.3196571E-04
  0.8650000000000E+00  0.4149872E-04  0.5131387E-04 -0.1153547E-04 -0.1426980E-04  0.2591154E-04  0.3206125E-04
  0.8983333333333E+00  0.4321432E-04  0.5146793E-04 -0.1201257E-04 -0.1431300E-04  0.2698350E-04  0.3215892E-04
  0.9316666666667E+00  0.4493516E-04  0.5162534E-04 -0.1249114E-04 -0.1435711E-04  0.2805879E-04  0.3225865E-04
  0.9650000000000E+00  0.4666136E-04  0.5178602E-04 -0.1297121E-04 -0.1440213E-04  0.2913747E-04  0.3236040E-04
  0.9983333333333E+00  0.4839302E-04  0.5194989E-04 -0.1345282E-04 -0.1444802E-04  0.3021961E-04  0.3246411E-04
  0.1031666666667E+01  0.5013025E-04  0.5211687E-04 -0.1393597E-04 -0.1449476E-04  0.3130527E-04  0.3256974E-04
  0.1065000000000E+01  0.5187315E-04  0.5228689E-04 -0.1442072E-04 -0.1454233E-04  0.3239451E-04  0.3267725E-04
  0.1098333333333E+01  0.5362181E-04  0.5245988E-04 -0.1490708E-04 -0.1459073E-04  0.3348739E-04  0.3278659E-04
  0.1131666666667E+01  0.5537634E-04  0.5263579E-04 -0.1539507E-04 -0.1463992E-04  0.3458399E-04  0.3289773E-04
  0.1165000000000E+01  0.5713682E-04  0.5281456E-04 -0.1588474E-04 -0.1468989E-04  0.3568434E-04  0.3301063E-04
  0.1198333333333E+01  0.5890336E-04  0.5299613E-04 -0.1637609E-04 -0.1474064E-04  0.3678852E-04  0.3312527E-04
  0.1231666666667E+01  0.6067604E-04  0.5318047E-04 -0.1686916E-04 -0.1479214E-04  0.3789657E-04  0.3324160E-04
  0.1265000000000E+01  0.6245496E-04  0.5336751E-04 -0.1736398E-04 -0.1484439E-04  0.3900856E-04  0.3335961E-04
  0.1298333333333E+01  0.6424020E-04  0.5355723E-04 -0.1786055E-04 -0.1489736E-04  0.4012453E-04  0.3347927E-04
  0.1331666666667E+01  0.6603185E-04  0.5374958E-04 -0.1835892E-04 -0.1495106E-04  0.4124455E-04  0.3360055E-04
  0.1365000000000E+01  0.6783000E-04  0.5394452E-04 -0.1885911E-04 -0.1500548E-04  0.4236866E-04  0.3372344E-04
  0.1398333333333E+01  0.6963474E-04  0.5414202E-04 -0.1936113E-04 -0.1506059E-04  0.4349693E-04  0.3384790E-04
  0.1431666666667E+01  0.7144614E-04  0.5434205E-04 -0.1986500E-04 -0.1511640E-04  0.4462939E-04  0.3397393E-04
  0.1465000000000E+01  0.7326429E-04  0.5454458E-04 -0.2037077E-04 -0.1517289E-04  0.4576611E-04  0.3410150E-04
  0.1498333333333E+01  0.7508928E-04  0.5474958E-04 -0.2087844E-04 -0.1523006E-04  0.4690713E-04  0.3423060E-04
  0.1531666666667E+01  0.7692118E-04  0.5495703E-04 -0.2138803E-04 -0.1528790E-04  0.4805250E-04  0.3436121E-04
  0.1565000000000E+01  0.7876008E-04  0.5516690E-04 -0.2189958E-04 -0.1534641E-04  0.4920228E-04  0.3449331E-04
  0.1598333333333E+01  0.8060605E-04  0.5537917E-04 -0.2241310E-04 -0.1540558E-04  0.5035651E-04  0.3462690E-04
  0.1631666666667E+01  0.8245918E-04  0.5559382E-04 -0.2292861E-04 -0.1546540E-04  0.5151524E-04  0.3476196E-04
  0.1665000000000E+01  0.8431954E-04  0.5581084E-04 -0.2344614E-04 -0.1552586E-04  0.5267852E-04  0.3489848E-04
  0.1698333333333E+01  0.8618721E-04  0.5603020E-04 -0.2396571E-04 -0.1558697E-04  0.5384641E-04  0.3503646E-04
  0.1731666666667E+01  0.8806227E-04  0.5625189E-04 -0.2448733E-04 -0.1564873E-04  0.5501894E-04  0.3517587E-04
  0.1765000000000E+01  0.8994480E-04  0.5647590E-04 -0.2501104E-04 -0.1571111E-04  0.5619616E-04  0.3531671E-04
  0.1798333333333E+01  0.9183488E-04  0.5670220E-04 -0.2553684E-04 -0.1577413E-04  0.5737813E-04  0.3545898E-04
  0.1831666666667E+01  0.9373257E-04  0.5693080E-04 -0.2606477E-04 -0.1583778E-04  0.5856488E-04  0.3560267E-04
  0.1865000000000E+01  0.9563796E-04  0.5716168E-04 -0.2659483E-04 -0.1590205E-04  0.5975647E-04  0.3574777E-04
  0.1898333333333E+01  0.9755112E-04  0.5739483E-04 -0.2712707E-04 -0.1596695E-04  0.6095295E-04  0.3589427E-04
  0.1931666666667E+01  0.9947213E-04  0.5763024E-04 -0.2766148E-04 -0.1603246E-04  0.6215435E-04  0.3604217E-04
  0.1965000000000E+01  0.1014011E-03  0.5786790E-04 -0.2819810E-04 -0.1609860E-04  0.6336074E-04  0.3619147E-04
  0.1998333333333E+01  0.1033380E-03  0.5810781E-04 -0.2873695E-04 -0.1616535E-04  0.6457214E-04  0.3634215E-04
  0.2031666666667E+01  0.1052830E-03  0.5834996E-04 -0.2927804E-04 -0.1623272E-04  0.6578862E-04  0.3649423E-04
  0.2065000000000E+01  0.1072361E-03  0.5859435E-04 -0.2982139E-04 -0.1630070E-04  0.6701021E-04  0.3664769E-04
  0.2098333333333E+01  0.1091975E-03  0.5884097E-04 -0.3036704E-04 -0.1636930E-04  0.6823696E-04  0.3680253E-04
  0.2131666666667E+01  0.1111672E-03  0.5908981E-04 -0.3091499E-04 -0.1643850E-04  0.6946891E-04  0.3695875E-04
  0.2165000000000E+01  0.1131452E-03  0.5934088E-04 -0.3146526E-04 -0.1650832E-04  0.7070613E-04  0.3711635E-04
  0.2198333333333E+01  0.1151317E-03  0.5959417E-04 -0.3201789E-04 -0.1657875E-04  0.7194864E-04  0.3727533E-04
  0.2231666666667E+01  0.1171266E-03  0.5984968E-04 -0.3257288E-04 -0.1664979E-04  0.7319649E-04  0.3743568E-04
  0.2265000000000E+01  0.1191302E-03  0.6010742E-04 -0.3313026E-04 -0.1672144E-04  0.7444974E-04  0.3759741E-04
  0.2298333333333E+01  0.1211425E-03  0.6036737E-04 -0.3369005E-04 -0.1679370E-04  0.7570842E-04  0.3776052E-04
  0.2331666666667E+01  0.1231635E-03  0.6062954E-04 -0.3425227E-04 -0.1686657E-04  0.7697259E-04  0.3792500E-04
  0.2365000000000E+01  0.1251933E-03  0.6089394E-04 -0.3481694E-04 -0.1694005E-04  0.7824229E-04  0.3809086E-04
  0.2398333333333E+01  0.1272319E-03  0.6116056E-04 -0.3538408E-04 -0.1701415E-04  0.7951756E-04  0.3825810E-04
  0.2431666666667E+01  0.1292796E-03  0.6142940E-04 -0.3595371E-04 -0.1708885E-04  0.8079845E-04  0.3842672E-04
  0.2465000000000E+01  0.1313363E-03  0.6170047E-04 -0.3652585E-04 -0.1716417E-04  0.8208500E-04  0.3859672E-04
  0.2498333333333E+01  0.1334021E-03  0.6197377E-04 -0.3710052E-04 -0.1724010E-04  0.8337727E-04  0.3876811E-04
  0.2531666666667E+01  0.1354770E-03  0.6224930E-04 -0.3767774E-04 -0.1731664E-04  0.8467530E-04  0.3894088E-04
  0.2565000000000E+01  0.1375613E-03  0.6252708E-04 -0.3825753E-04 -0.1739380E-04  0.8597914E-04  0.3911504E-04
  0.2598333333333E+01  0.1396548E-03  0.6280709E-04 -0.3883992E-04 -0.1747158E-04  0.8728883E-04  0.3929059E-04
  0.2631666666667E+01  0.1417578E-03  0.6308935E-04 -0.3942492E-04 -0.1754997E-04  0.8860441E-04  0.3946754E-04
  0.2665000000000E+01  0.1438703E-03  0.6337386E-04 -0.4001255E-04 -0.1762899E-04  0.8992594E-04  0.3964588E-04
  0.2698333333333E+01  0.1459923E-03  0.6366064E-04 -0.4060284E-04 -0.1770862E-04  0.9125346E-04  0.3982563E-04
  0.2731666666667E+01  0.1481240E-03  0.6394967E-04 -0.4119580E-04 -0.1778888E-04  0.9258702E-04  0.4000678E-04
  0.2765000000000E+01  0.1502653E-03  0.6424098E-04 -0.4179146E-04 -0.1786977E-04  0.9392666E-04  0.4018934E-04
  0.2798333333333E+01  0.1524165E-03  0.6453456E-04 -0.4238983E-04 -0.1795128E-04  0.9527244E-04  0.4037332E-04
  0.2831666666667E+01  0.1545775E-03  0.6483043E-04 -0.4299095E-04 -0.1803342E-04  0.9662440E-04  0.4055872E-04
  0.2865000000000E+01  0.1567484E-03  0.6512859E-04 -0.4359482E-04 -0.1811619E-04  0.9798258E-04  0.4074554E-04
  0.2898333333333E+01  0.1589294E-03  0.6542904E-04 -0.4420147E-04 -0.1819959E-04  0.9934704E-04  0.4093379E-04
  0.2931666666667E+01  0.1611205E-03  0.6573181E-04 -0.4481093E-04 -0.1828363E-04  0.1007178E-03  0.4112347E-04
  0.2965000000000E+01  0.1633217E-03  0.6603689E-04 -0.4542321E-04 -0.1836831E-04  0.1020950E-03  0.4131459E-04
  0.2998333333333E+01  0.1655332E-03  0.6634430E-04 -0.4603833E-04 -0.1845363E-04  0.1034786E-03  0.4150716E-04
  0.3031666666667E+01  0.1677550E-03  0.6665405E-04 -0.4665631E-04 -0.1853959E-04  0.1048686E-03  0.4170118E-04
  0.3065000000000E+01  0.1699872E-03  0.6696613E-04 -0.4727719E-04 -0.1862619E-04  0.1062651E-03  0.4189665E-04
  0.3098333333333E+01  0.1722299E-03  0.6728058E-04 -0.4790097E-04 -0.1871345E-04  0.1076683E-03  0.4209359E-04
  0.3131666666667E+01  0.1744831E-03  0.6759738E-04 -0.4852768E-04 -0.1880136E-04  0.1090780E-03  0.4229200E-04
  0.3165000000000E+01  0.1767470E-03  0.6791656E-04 -0.4915734E-04 -0.1888992E-04  0.1104944E-03  0.4249189E-04
  0.3198333333333E+01  0.1790216E-03  0.6823813E-04 -0.4978998E-04 -0.1897913E-04  0.1119175E-03  0.4269326E-04
  0.3231666666667E+01  0.1813070E-03  0.6856209E-04 -0.5042562E-04 -0.1906901E-04  0.1133474E-03  0.4289612E-04
  0.3265000000000E+01  0.1836033E-03  0.6888846E-04 -0.5106427E-04 -0.1915955E-04  0.1147841E-03  0.4310047E-04
  0.3298333333333E+01  0.1859105E-03  0.6921724E-04 -0.5170596E-04 -0.1925076E-04  0.1162276E-03  0.4330633E-04
  0.3331666666667E+01  0.1882288E-03  0.6954846E-04 -0.5235071E-04 -0.1934264E-04  0.1176781E-03  0.4351371E-04
  0.3365000000000E+01  0.1905582E-03  0.6988212E-04 -0.5299855E-04 -0.1943519E-04  0.1191355E-03  0.4372260E-04
  0.3398333333333E+01  0.1928988E-03  0.7021824E-04 -0.5364950E-04 -0.1952842E-04  0.1205999E-03  0.4393302E-04
  0.3431666666667E+01  0.1952507E-03  0.7055683E-04 -0.5430358E-04 -0.1962233E-04  0.1220714E-03  0.4414498E-04
  0.3465000000000E+01  0.1976140E-03  0.7089789E-04 -0.5496081E-04 -0.1971693E-04  0.1235500E-03  0.4435848E-04
  0.3498333333333E+01  0.1999887E-03  0.7124145E-04 -0.5562122E-04 -0.1981221E-04  0.1250358E-03  0.4457354E-04
  0.3531666666667E+01  0.2023750E-03  0.7158752E-04 -0.5628482E-04 -0.1990818E-04  0.1265288E-03  0.4479015E-04
  0.3565000000000E+01  0.2047728E-03  0.7193611E-04 -0.5695165E-04 -0.2000485E-04  0.1280291E-03  0.4500834E-04
  0.3598333333333E+01  0.2071824E-03  0.7228724E-04 -0.5762173E-04 -0.2010222E-04  0.1295367E-03  0.4522810E-04
  0.3631666666667E+01  0.2096038E-03  0.7264092E-04 -0.5829507E-04 -0.2020029E-04  0.1310517E-03  0.4544945E-04
  0.3665000000000E+01  0.2120370E-03  0.7299716E-04 -0.5897170E-04 -0.2029907E-04  0.1325741E-03  0.4567240E-04
  0.3698333333333E+01  0.2144822E-03  0.7335598E-04 -0.5965166E-04 -0.2039856E-04  0.1341040E-03  0.4589696E-04
  0.3731666666667E+01  0.2169394E-03  0.7371739E-04 -0.6033495E-04 -0.2049877E-04  0.1356414E-03  0.4612313E-04
  0.3765000000000E+01  0.2194088E-03  0.7408142E-04 -0.6102161E-04 -0.2059970E-04  0.1371865E-03  0.4635093E-04
  0.3798333333333E+01  0.2218904E-03  0.7444807E-04 -0.6171165E-04 -0.2070135E-04  0.1387391E-03  0.4658036E-04
  0.3831666666667E+01  0.2243843E-03  0.7481737E-04 -0.6240511E-04 -0.2080374E-04  0.1402995E-03  0.4681144E-04
  0.3865000000000E+01  0.2268907E-03  0.7518932E-04 -0.6310200E-04 -0.2090685E-04  0.1418677E-03  0.4704418E-04
  0.3898333333333E+01  0.2294095E-03  0.7556395E-04 -0.6380236E-04 -0.2101071E-04  0.1434436E-03  0.4727859E-04
  0.3931666666667E+01  0.2319408E-03  0.7594127E-04 -0.6450620E-04 -0.2111531E-04  0.1450274E-03  0.4751467E-04
  0.3965000000000E+01  0.2344849E-03  0.7632130E-04 -0.6521356E-04 -0.2122066E-04  0.1466192E-03  0.4775244E-04
  0.3998333333333E+01  0.2370417E-03  0.7670406E-04 -0.6592445E-04 -0.2132676E-04  0.1482189E-03  0.4799192E-04
  0.4031666666667E+01  0.2396113E-03  0.7708957E-04 -0.6663891E-04 -0.2143362E-04  0.1498267E-03  0.4823311E-04
  0.4065000000000E+01  0.2421939E-03  0.7747784E-04 -0.6735695E-04 -0.2154125E-04  0.1514426E-03  0.4847602E-04
  0.4098333333333E+01  0.2447895E-03  0.7786889E-04 -0.6807860E-04 -0.2164964E-04  0.1530666E-03  0.4872067E-04
  0.4131666666667E+01  0.2473983E-03  0.7826275E-04 -0.6880390E-04 -0.2175881E-04  0.1546988E-03  0.4896707E-04
  0.4165000000000E+01  0.2500203E-03  0.7865943E-04 -0.6953285E-04 -0.2186876E-04  0.1563393E-03  0.4921523E-04
  0.4198333333333E+01  0.2526556E-03  0.7905896E-04 -0.7026550E-04 -0.2197950E-04  0.1579882E-03  0.4946517E-04
  0.4231666666667E+01  0.2553043E-03  0.7946135E-04 -0.7100187E-04 -0.2209103E-04  0.1596454E-03  0.4971690E-04
  0.4265000000000E+01  0.2579665E-03  0.7986663E-04 -0.7174198E-04 -0.2220336E-04  0.1613111E-03  0.4997043E-04
  0.4298333333333E+01  0.2606423E-03  0.8027481E-04 -0.7248587E-04 -0.2231649E-04  0.1629853E-03  0.5022578E-04
  0.4331666666667E+01  0.2633319E-03  0.8068593E-04 -0.7323355E-04 -0.2243044E-04  0.1646680E-03  0.5048296E-04
  0.4365000000000E+01  0.2660352E-03  0.8110000E-04 -0.7398506E-04 -0.2254521E-04  0.1663594E-03  0.5074199E-04
  0.4398333333333E+01  0.2687524E-03  0.8151706E-04 -0.7474042E-04 -0.2266080E-04  0.1680595E-03  0.5100289E-04
  0.4431666666667E+01  0.2714837E-03  0.8193711E-04 -0.7549966E-04 -0.2277722E-04  0.1697684E-03  0.5126567E-04
  0.4465000000000E+01  0.2742290E-03  0.8236020E-04 -0.7626281E-04 -0.2289449E-04  0.1714861E-03  0.5153035E-04
  0.4498333333333E+01  0.2769886E-03  0.8278635E-04 -0.7702989E-04 -0.2301260E-04  0.1732126E-03  0.5179694E-04
  0.4531666666667E+01  0.2797624E-03  0.8321559E-04 -0.7780094E-04 -0.2313158E-04  0.1749481E-03  0.5206548E-04
  0.4565000000000E+01  0.2825507E-03  0.8364795E-04 -0.7857599E-04 -0.2325141E-04  0.1766927E-03  0.5233597E-04
  0.4598333333333E+01  0.2853535E-03  0.8408345E-04 -0.7935506E-04 -0.2337213E-04  0.1784463E-03  0.5260844E-04
  0.4631666666667E+01  0.2881709E-03  0.8452214E-04 -0.8013819E-04 -0.2349373E-04  0.1802090E-03  0.5288291E-04
  0.4665000000000E+01  0.2910030E-03  0.8496405E-04 -0.8092539E-04 -0.2361623E-04  0.1819810E-03  0.5315941E-04
  0.4698333333333E+01  0.2938500E-03  0.8540921E-04 -0.8171672E-04 -0.2373963E-04  0.1837623E-03  0.5343795E-04
  0.4731666666667E+01  0.2967119E-03  0.8585766E-04 -0.8251218E-04 -0.2386395E-04  0.1855529E-03  0.5371858E-04
  0.4765000000000E+01  0.2995889E-03  0.8630945E-04 -0.8331182E-04 -0.2398921E-04  0.1873530E-03  0.5400132E-04
  0.4798333333333E+01  0.3024810E-03  0.8676462E-04 -0.8411567E-04 -0.2411541E-04  0.1891625E-03  0.5428619E-04
  0.4831666666667E+01  0.3053885E-03  0.8722322E-04 -0.8492375E-04 -0.2424257E-04  0.1909816E-03  0.5457324E-04
  0.4865000000000E+01  0.3083113E-03  0.8768529E-04 -0.8573611E-04 -0.2437071E-04  0.1928104E-03  0.5486249E-04
  0.4898333333333E+01  0.3112497E-03  0.8815090E-04 -0.8655277E-04 -0.2449984E-04  0.1946488E-03  0.5515399E-04
  0.4931666666667E+01  0.3142037E-03  0.8862010E-04 -0.8737377E-04 -0.2462998E-04  0.1964971E-03  0.5544779E-04
  0.4965000000000E+01  0.3171735E-03  0.8909296E-04 -0.8819914E-04 -0.2476115E-04  0.1983552E-03  0.5574392E-04
  0.4998333333333E+01  0.3201591E-03  0.8956954E-04 -0.8902892E-04 -0.2489337E-04  0.2002233E-03  0.5604243E-04
  0.5031666666667E+01  0.3231608E-03  0.9004992E-04 -0.8986314E-04 -0.2502667E-04  0.2021014E-03  0.5634339E-04
  0.5065000000000E+01  0.3261786E-03  0.9053419E-04 -0.9070185E-04 -0.2516108E-04  0.2039896E-03  0.5664685E-04
  0.5098333333333E+01  0.3292127E-03  0.9102242E-04 -0.9154507E-04 -0.2529661E-04  0.2058881E-03  0.5695287E-04
  0.5131666666667E+01  0.3322631E-03  0.9151472E-04 -0.9239284E-04 -0.2543330E-04  0.2077968E-03  0.5726153E-04
  0.5165000000000E+01  0.3353302E-03  0.9201119E-04 -0.9324522E-04 -0.2557118E-04  0.2097159E-03  0.5757290E-04
  0.5198333333333E+01  0.3384139E-03  0.9251194E-04 -0.9410223E-04 -0.2571030E-04  0.2116454E-03  0.5788707E-04
  0.5231666666667E+01  0.3415145E-03  0.9301710E-04 -0.9496392E-04 -0.2585069E-04  0.2135856E-03  0.5820414E-04
  0.5265000000000E+01  0.3446320E-03  0.9352680E-04 -0.9583033E-04 -0.2599238E-04  0.2155364E-03  0.5852419E-04
  0.5298333333333E+01  0.3477668E-03  0.9404119E-04 -0.9670151E-04 -0.2613544E-04  0.2174980E-03  0.5884734E-04
  0.5331666666667E+01  0.3509188E-03  0.9456042E-04 -0.9757751E-04 -0.2627990E-04  0.2194704E-03  0.5917370E-04
  0.5365000000000E+01  0.3540883E-03  0.9508466E-04 -0.9845837E-04 -0.2642583E-04  0.2214539E-03  0.5950341E-04
  0.5398333333333E+01  0.3572754E-03  0.9561409E-04 -0.9934414E-04 -0.2657328E-04  0.2234484E-03  0.5983660E-04
  0.5431666666667E+01  0.3604804E-03  0.9614892E-04 -0.1002349E-03 -0.2672232E-04  0.2254542E-03  0.6017341E-04
  0.5465000000000E+01  0.3637033E-03  0.9668934E-04 -0.1011307E-03 -0.2687301E-04  0.2274713E-03  0.6051400E-04
  0.5498333333333E+01  0.3669445E-03  0.9723557E-04 -0.1020315E-03 -0.2702542E-04  0.2295000E-03  0.6085854E-04
  0.5531666666667E+01  0.3702041E-03  0.9778784E-04 -0.1029375E-03 -0.2717962E-04  0.2315402E-03  0.6120719E-04
  0.5565000000000E+01  0.3734823E-03  0.9834639E-04 -0.1038487E-03 -0.2733570E-04  0.2335922E-03  0.6156013E-04
  0.5598333333333E+01  0.3767794E-03  0.9891147E-04 -0.1047651E-03 -0.2749372E-04  0.2356561E-03  0.6191756E-04
  0.5631666666667E+01  0.3800955E-03  0.9948333E-04 -0.1056869E-03 -0.2765378E-04  0.2377321E-03  0.6227965E-04
  0.5665000000000E+01  0.3834309E-03  0.1000622E-03 -0.1066141E-03 -0.2781596E-04  0.2398203E-03  0.6264661E-04
  0.5698333333333E+01  0.3867858E-03  0.1006484E-03 -0.1075468E-03 -0.2798034E-04  0.2419209E-03  0.6301863E-04
  0.5731666666667E+01  0.3901606E-03  0.1012422E-03 -0.1084850E-03 -0.2814699E-04  0.2440341E-03  0.6339589E-04
  0.5765000000000E+01  0.3935554E-03  0.1018438E-03 -0.1094289E-03 -0.2831601E-04  0.2461601E-03  0.6377858E-04
  0.5798333333333E+01  0.3969705E-03  0.1024534E-03 -0.1103785E-03 -0.2848747E-04  0.2482990E-03  0.6416688E-04
  0.5831666666667E+01  0.4004062E-03  0.1030713E-03 -0.1113339E-03 -0.2866143E-04  0.2504510E-03  0.6456098E-04
  0.5865000000000E+01  0.4038628E-03  0.1036978E-03 -0.1122951E-03 -0.2883798E-04  0.2526164E-03  0.6496102E-04
  0.5898333333333E+01  0.4073406E-03  0.1043330E-03 -0.1132624E-03 -0.2901718E-04  0.2547953E-03  0.6536715E-04
  0.5931666666667E+01  0.4108398E-03  0.1049771E-03 -0.1142357E-03 -0.2919908E-04  0.2569879E-03  0.6577952E-04
  0.5965000000000E+01  0.4143608E-03  0.1056303E-03 -0.1152151E-03 -0.2938374E-04  0.2591946E-03  0.6619824E-04
  0.5998333333333E+01  0.4179039E-03  0.1062927E-03 -0.1162008E-03 -0.2957120E-04  0.2614153E-03  0.6662342E-04
  0.6031666666667E+01  0.4214694E-03  0.1069646E-03 -0.1171929E-03 -0.2976150E-04  0.2636505E-03  0.6705514E-04
  0.6065000000000E+01  0.4250576E-03  0.1076459E-03 -0.1181914E-03 -0.2995468E-04  0.2659003E-03  0.6749349E-04
  0.6098333333333E+01  0.4286688E-03  0.1083369E-03 -0.1191964E-03 -0.3015076E-04  0.2681649E-03  0.6793852E-04
  0.6131666666667E+01  0.4323034E-03  0.1090376E-03 -0.1202081E-03 -0.3034976E-04  0.2704446E-03  0.6839028E-04
  0.6165000000000E+01  0.4359617E-03  0.1097481E-03 -0.1212265E-03 -0.3055169E-04  0.2727395E-03  0.6884882E-04
  0.6198333333333E+01  0.4396439E-03  0.1104684E-03 -0.1222517E-03 -0.3075659E-04  0.2750500E-03  0.6931416E-04
  0.6231666666667E+01  0.4433506E-03  0.1111986E-03 -0.1232838E-03 -0.3096444E-04  0.2773762E-03  0.6978631E-04
  0.6265000000000E+01  0.4470819E-03  0.1119388E-03 -0.1243230E-03 -0.3117526E-04  0.2797184E-03  0.7026531E-04
  0.6298333333333E+01  0.4508382E-03  0.1126889E-03 -0.1253693E-03 -0.3138905E-04  0.2820768E-03  0.7075114E-04
  0.6331666666667E+01  0.4546198E-03  0.1134491E-03 -0.1264228E-03 -0.3160581E-04  0.2844516E-03  0.7124383E-04
  0.6365000000000E+01  0.4584271E-03  0.1142193E-03 -0.1274837E-03 -0.3182556E-04  0.2868430E-03  0.7174338E-04
  0.6398333333333E+01  0.4622604E-03  0.1149996E-03 -0.1285520E-03 -0.3204828E-04  0.2892513E-03  0.7224978E-04
  0.6431666666667E+01  0.4661201E-03  0.1157900E-03 -0.1296278E-03 -0.3227399E-04  0.2916768E-03  0.7276303E-04
  0.6465000000000E+01  0.4700064E-03  0.1165905E-03 -0.1307112E-03 -0.3250268E-04  0.2941195E-03  0.7328315E-04
  0.6498333333333E+01  0.4739198E-03  0.1174012E-03 -0.1318023E-03 -0.3273435E-04  0.2965799E-03  0.7381013E-04
  0.6531666666667E+01  0.4778605E-03  0.1182221E-03 -0.1329013E-03 -0.3296902E-04  0.2990580E-03  0.7434397E-04
  0.6565000000000E+01  0.4818290E-03  0.1190531E-03 -0.1340082E-03 -0.3320667E-04  0.3015542E-03  0.7488467E-04
  0.6598333333333E+01  0.4858255E-03  0.1198944E-03 -0.1351231E-03 -0.3344732E-04  0.3040686E-03  0.7543223E-04
  0.6631666666667E+01  0.4898503E-03  0.1207460E-03 -0.1362461E-03 -0.3369096E-04  0.3066015E-03  0.7598664E-04
  0.6665000000000E+01  0.4939039E-03  0.1216078E-03 -0.1373774E-03 -0.3393759E-04  0.3091531E-03  0.7654791E-04
  0.6698333333333E+01  0.4979866E-03  0.1224799E-03 -0.1385169E-03 -0.3418723E-04  0.3117236E-03  0.7711604E-04
  0.6731666666667E+01  0.5020987E-03  0.1233623E-03 -0.1396649E-03 -0.3443986E-04  0.3143133E-03  0.7769100E-04
  0.6765000000000E+01  0.5062405E-03  0.1242549E-03 -0.1408215E-03 -0.3469549E-04  0.3169224E-03  0.7827281E-04
  0.6798333333333E+01  0.5104124E-03  0.1251579E-03 -0.1419866E-03 -0.3495411E-04  0.3195511E-03  0.7886144E-04
  0.6831666666667E+01  0.5146148E-03  0.1260712E-03 -0.1431605E-03 -0.3521573E-04  0.3221997E-03  0.7945689E-04
  0.6865000000000E+01  0.5188480E-03  0.1269948E-03 -0.1443431E-03 -0.3548035E-04  0.3248683E-03  0.8005914E-04
  0.6898333333333E+01  0.5231122E-03  0.1279288E-03 -0.1455347E-03 -0.3574795E-04  0.3275572E-03  0.8066819E-04
  0.6931666666667E+01  0.5274080E-03  0.1288730E-03 -0.1467353E-03 -0.3601854E-04  0.3302667E-03  0.8128402E-04
  0.6965000000000E+01  0.5317356E-03  0.1298276E-03 -0.1479451E-03 -0.3629212E-04  0.3329969E-03  0.8190662E-04
  0.6998333333333E+01  0.5360954E-03  0.1307926E-03 -0.1491640E-03 -0.3656867E-04  0.3357481E-03  0.8253598E-04
  0.7031666666667E+01  0.5404876E-03  0.1317678E-03 -0.1503923E-03 -0.3684821E-04  0.3385205E-03  0.8317208E-04
  0.7065000000000E+01  0.5449127E-03  0.1327535E-03 -0.1516300E-03 -0.3713071E-04  0.3413144E-03  0.8381492E-04
  0.7098333333333E+01  0.5493710E-03  0.1337495E-03 -0.1528772E-03 -0.3741619E-04  0.3441299E-03  0.8446449E-04
  0.7131666666667E+01  0.5538629E-03  0.1347559E-03 -0.1541340E-03 -0.3770465E-04  0.3469672E-03  0.8512079E-04
  0.7165000000000E+01  0.5583887E-03  0.1357727E-03 -0.1554006E-03 -0.3799608E-04  0.3498267E-03  0.8578382E-04
  0.7198333333333E+01  0.5629487E-03  0.1367999E-03 -0.1566769E-03 -0.3829048E-04  0.3527085E-03  0.8645358E-04
  0.7231666666667E+01  0.5675432E-03  0.1378377E-03 -0.1579632E-03 -0.3858786E-04  0.3556128E-03  0.8713008E-04
  0.7265000000000E+01  0.5721728E-03  0.1388859E-03 -0.1592595E-03 -0.3888822E-04  0.3585399E-03  0.8781334E-04
  0.7298333333333E+01  0.5768376E-03  0.1399446E-03 -0.1605658E-03 -0.3919157E-04  0.3614900E-03  0.8850336E-04
  0.7331666666667E+01  0.5815381E-03  0.1410140E-03 -0.1618824E-03 -0.3949793E-04  0.3644634E-03  0.8920017E-04
  0.7365000000000E+01  0.5862745E-03  0.1420941E-03 -0.1632093E-03 -0.3980729E-04  0.3674601E-03  0.8990379E-04
  0.7398333333333E+01  0.5910474E-03  0.1431848E-03 -0.1645467E-03 -0.4011967E-04  0.3704806E-03  0.9061427E-04
  0.7431666666667E+01  0.5958569E-03  0.1442864E-03 -0.1658945E-03 -0.4043509E-04  0.3735250E-03  0.9133163E-04
  0.7465000000000E+01  0.6007035E-03  0.1453989E-03 -0.1672530E-03 -0.4075356E-04  0.3765935E-03  0.9205592E-04
  0.7498333333333E+01  0.6055876E-03  0.1465223E-03 -0.1686221E-03 -0.4107510E-04  0.3796864E-03  0.9278719E-04
  0.7531666666667E+01  0.6105095E-03  0.1476568E-03 -0.1700021E-03 -0.4139974E-04  0.3828040E-03  0.9352548E-04
  0.7565000000000E+01  0.6154696E-03  0.1488025E-03 -0.1713930E-03 -0.4172750E-04  0.3859463E-03  0.9427087E-04
  0.7598333333333E+01  0.6204682E-03  0.1499594E-03 -0.1727950E-03 -0.4205840E-04  0.3891138E-03  0.9502341E-04
  0.7631666666667E+01  0.6255058E-03  0.1511278E-03 -0.1742081E-03 -0.4239248E-04  0.3923065E-03  0.9578318E-04
  0.7665000000000E+01  0.6305828E-03  0.1523076E-03 -0.1756324E-03 -0.4272975E-04  0.3955249E-03  0.9655026E-04
  0.7698333333333E+01  0.6356994E-03  0.1534992E-03 -0.1770681E-03 -0.4307027E-04  0.3987690E-03  0.9732472E-04
  0.7731666666667E+01  0.6408561E-03  0.1547025E-03 -0.1785152E-03 -0.4341405E-04  0.4020393E-03  0.9810665E-04
  0.7765000000000E+01  0.6460534E-03  0.1559177E-03 -0.1799739E-03 -0.4376114E-04  0.4053358E-03  0.9889614E-04
  0.7798333333333E+01  0.6512916E-03  0.1571451E-03 -0.1814443E-03 -0.4411158E-04  0.4086589E-03  0.9969330E-04
  0.7831666666667E+01  0.6565711E-03  0.1583847E-03 -0.1829265E-03 -0.4446541E-04  0.4120089E-03  0.1004982E-03
  0.7865000000000E+01  0.6618923E-03  0.1596368E-03 -0.1844206E-03 -0.4482268E-04  0.4153859E-03  0.1013110E-03
  0.7898333333333E+01  0.6672557E-03  0.1609015E-03 -0.1859267E-03 -0.4518343E-04  0.4187903E-03  0.1021318E-03
  0.7931666666667E+01  0.6726616E-03  0.1621790E-03 -0.1874449E-03 -0.4554770E-04  0.4222223E-03  0.1029607E-03
  0.7965000000000E+01  0.6781106E-03  0.1634694E-03 -0.1889755E-03 -0.4591556E-04  0.4256822E-03  0.1037979E-03
  0.7998333333333E+01  0.6836031E-03  0.1647730E-03 -0.1905184E-03 -0.4628705E-04  0.4291704E-03  0.1046434E-03
  0.8031666666667E+01  0.6891394E-03  0.1660900E-03 -0.1920738E-03 -0.4666223E-04  0.4326869E-03  0.1054974E-03
  0.8065000000000E+01  0.6947201E-03  0.1674206E-03 -0.1936418E-03 -0.4704116E-04  0.4362323E-03  0.1063600E-03
  0.8098333333333E+01  0.7003456E-03  0.1687649E-03 -0.1952226E-03 -0.4742389E-04  0.4398066E-03  0.1072313E-03
  0.8131666666667E+01  0.7060163E-03  0.1701232E-03 -0.1968163E-03 -0.4781049E-04  0.4434104E-03  0.1081116E-03
  0.8165000000000E+01  0.7117329E-03  0.1714957E-03 -0.1984230E-03 -0.4820101E-04  0.4470437E-03  0.1090009E-03
  0.8198333333333E+01  0.7174956E-03  0.1728826E-03 -0.2000428E-03 -0.4859552E-04  0.4507070E-03  0.1098994E-03
  0.8231666666667E+01  0.7233051E-03  0.1742840E-03 -0.2016760E-03 -0.4899409E-04  0.4544006E-03  0.1108072E-03
  0.8265000000000E+01  0.7291618E-03  0.1757003E-03 -0.2033225E-03 -0.4939678E-04  0.4581248E-03  0.1117245E-03
  0.8298333333333E+01  0.7350662E-03  0.1771316E-03 -0.2049826E-03 -0.4980366E-04  0.4618798E-03  0.1126514E-03
  0.8331666666667E+01  0.7410188E-03  0.1785781E-03 -0.2066565E-03 -0.5021479E-04  0.4656661E-03  0.1135880E-03
  0.8365000000000E+01  0.7470201E-03  0.1800400E-03 -0.2083441E-03 -0.5063025E-04  0.4694839E-03  0.1145346E-03
  0.8398333333333E+01  0.7530707E-03  0.1815176E-03 -0.2100458E-03 -0.5105012E-04  0.4733336E-03  0.1154913E-03
  0.8431666666667E+01  0.7591710E-03  0.1830110E-03 -0.2117616E-03 -0.5147446E-04  0.4772155E-03  0.1164581E-03
  0.8465000000000E+01  0.7653217E-03  0.1845205E-03 -0.2134917E-03 -0.5190334E-04  0.4811301E-03  0.1174354E-03
  0.8498333333333E+01  0.7715233E-03  0.1860463E-03 -0.2152363E-03 -0.5233686E-04  0.4850775E-03  0.1184232E-03
  0.8531666666667E+01  0.7777762E-03  0.1875887E-03 -0.2169955E-03 -0.5277509E-04  0.4890582E-03  0.1194218E-03
  0.8565000000000E+01  0.7840812E-03  0.1891478E-03 -0.2187694E-03 -0.5321812E-04  0.4930726E-03  0.1204313E-03
  0.8598333333333E+01  0.7904386E-03  0.1907240E-03 -0.2205583E-03 -0.5366603E-04  0.4971210E-03  0.1214519E-03
  0.8631666666667E+01  0.7968492E-03  0.1923176E-03 -0.2223622E-03 -0.5411894E-04  0.5012038E-03  0.1224838E-03
  0.8665000000000E+01  0.8033135E-03  0.1939289E-03 -0.2241815E-03 -0.5457695E-04  0.5053214E-03  0.1235273E-03
  0.8698333333333E+01  0.8098321E-03  0.1955581E-03 -0.2260162E-03 -0.5504018E-04  0.5094741E-03  0.1245826E-03
  0.8731666666667E+01  0.8164056E-03  0.1972058E-03 -0.2278664E-03 -0.5550876E-04  0.5136625E-03  0.1256501E-03
  0.8765000000000E+01  0.8230347E-03  0.1988724E-03 -0.2297325E-03 -0.5598285E-04  0.5178868E-03  0.1267301E-03
  0.8798333333333E+01  0.8297200E-03  0.2005583E-03 -0.2316146E-03 -0.5646260E-04  0.5221476E-03  0.1278230E-03
  0.8831666666667E+01  0.8364621E-03  0.2022642E-03 -0.2335129E-03 -0.5694822E-04  0.5264452E-03  0.1289291E-03
  0.8865000000000E+01  0.8432618E-03  0.2039907E-03 -0.2354276E-03 -0.5743990E-04  0.5307802E-03  0.1300491E-03
  0.8898333333333E+01  0.8501198E-03  0.2057384E-03 -0.2373588E-03 -0.5793788E-04  0.5351529E-03  0.1311834E-03
  0.8931666666667E+01  0.8570367E-03  0.2075081E-03 -0.2393069E-03 -0.5844242E-04  0.5395640E-03  0.1323326E-03
  0.8965000000000E+01  0.8640134E-03  0.2093008E-03 -0.2412720E-03 -0.5895379E-04  0.5440139E-03  0.1334975E-03
  0.8998333333333E+01  0.8710506E-03  0.2111172E-03 -0.2432544E-03 -0.5947229E-04  0.5485032E-03  0.1346785E-03
  0.9031666666667E+01  0.8781492E-03  0.2129583E-03 -0.2452544E-03 -0.5999821E-04  0.5530325E-03  0.1358766E-03
  0.9065000000000E+01  0.8853101E-03  0.2148250E-03 -0.2472721E-03 -0.6053188E-04  0.5576022E-03  0.1370925E-03
  0.9098333333333E+01  0.8925340E-03  0.2167184E-03 -0.2493079E-03 -0.6107360E-04  0.5622131E-03  0.1383267E-03
  0.9131666666667E+01  0.8998220E-03  0.2186393E-03 -0.2513620E-03 -0.6162368E-04  0.5668658E-03  0.1395802E-03
  0.9165000000000E+01  0.9071750E-03  0.2205886E-03 -0.2534348E-03 -0.6218240E-04  0.5715609E-03  0.1408535E-03
  0.9198333333333E+01  0.9145939E-03  0.2225672E-03 -0.2555264E-03 -0.6275002E-04  0.5762991E-03  0.1421473E-03
  0.9231666666667E+01  0.9220797E-03  0.2245757E-03 -0.2576373E-03 -0.6332677E-04  0.5810812E-03  0.1434620E-03
  0.9265000000000E+01  0.9296335E-03  0.2266148E-03 -0.2597678E-03 -0.6391285E-04  0.5859078E-03  0.1447982E-03
  0.9298333333333E+01  0.9372564E-03  0.2286850E-03 -0.2619180E-03 -0.6450840E-04  0.5907797E-03  0.1461562E-03
  0.9331666666667E+01  0.9449493E-03  0.2307866E-03 -0.2640885E-03 -0.6511354E-04  0.5956975E-03  0.1475362E-03
  0.9365000000000E+01  0.9527133E-03  0.2329200E-03 -0.2662794E-03 -0.6572834E-04  0.6006622E-03  0.1489383E-03
  0.9398333333333E+01  0.9605494E-03  0.2350852E-03 -0.2684912E-03 -0.6635284E-04  0.6056742E-03  0.1503627E-03
  0.9431666666667E+01  0.9684589E-03  0.2372825E-03 -0.2707241E-03 -0.6698702E-04  0.6107346E-03  0.1518094E-03
  0.9465000000000E+01  0.9764426E-03  0.2395117E-03 -0.2729785E-03 -0.6763088E-04  0.6158438E-03  0.1532783E-03
  0.9498333333333E+01  0.9845017E-03  0.2417730E-03 -0.2752546E-03 -0.6828437E-04  0.6210028E-03  0.1547692E-03
  0.9531666666667E+01  0.9926372E-03  0.2440664E-03 -0.2775529E-03 -0.6894746E-04  0.6262122E-03  0.1562822E-03
  0.9565000000000E+01  0.1000850E-02  0.2463918E-03 -0.2798735E-03 -0.6962010E-04  0.6314728E-03  0.1578172E-03
  0.9598333333333E+01  0.1009142E-02  0.2487493E-03 -0.2822169E-03 -0.7030226E-04  0.6367853E-03  0.1593741E-03
  0.9631666666667E+01  0.1017513E-02  0.2511390E-03 -0.2845834E-03 -0.7099393E-04  0.6421504E-03  0.1609528E-03
  0.9665000000000E+01  0.1025965E-02  0.2535612E-03 -0.2869732E-03 -0.7169512E-04  0.6475688E-03  0.1625536E-03
  0.9698333333333E+01  0.1034499E-02  0.2560161E-03 -0.2893868E-03 -0.7240586E-04  0.6530414E-03  0.1641764E-03
  0.9731666666667E+01  0.1043116E-02  0.2585040E-03 -0.2918243E-03 -0.7312622E-04  0.6585687E-03  0.1658214E-03
  0.9765000000000E+01  0.1051817E-02  0.2610253E-03 -0.2942862E-03 -0.7385628E-04  0.6641517E-03  0.1674889E-03
  0.9798333333333E+01  0.1060603E-02  0.2635805E-03 -0.2967727E-03 -0.7459616E-04  0.6697910E-03  0.1691791E-03
  0.9831666666667E+01  0.1069475E-02  0.2661700E-03 -0.2992842E-03 -0.7534598E-04  0.6754874E-03  0.1708924E-03
  0.9865000000000E+01  0.1078435E-02  0.2687944E-03 -0.3018211E-03 -0.7610589E-04  0.6812417E-03  0.1726291E-03
  0.9898333333333E+01  0.1087483E-02  0.2714541E-03 -0.3043836E-03 -0.7687606E-04  0.6870547E-03  0.1743895E-03
  0.9931666666667E+01  0.1096622E-02  0.2741498E-03 -0.3069722E-03 -0.7765664E-04  0.6929272E-03  0.1761740E-03
  0.9965000000000E+01  0.1105851E-02  0.2768817E-03 -0.3095871E-03 -0.7844781E-04  0.6988599E-03  0.1779830E-03
  0.9998333333333E+01  0.1115173E-02  0.2796504E-03 -0.3122288E-03 -0.7924972E-04  0.7048538E-03  0.1798167E-03
  0.1003166666667E+02  0.1124588E-02  0.2824562E-03 -0.3148975E-03 -0.8006252E-04  0.7109097E-03  0.1816754E-03
  0.1006500000000E+02  0.1134098E-02  0.2852995E-03 -0.3175937E-03 -0.8088633E-04  0.7170283E-03  0.1835593E-03
  0.1009833333333E+02  0.1143704E-02  0.2881805E-03 -0.3203178E-03 -0.8172125E-04  0.7232106E-03  0.1854685E-03
  0.1013166666667E+02  0.1153407E-02  0.2910994E-03 -0.3230700E-03 -0.8256737E-04  0.7294574E-03  0.1874034E-03
  0.1016500000000E+02  0.1163209E-02  0.2940563E-03 -0.3258509E-03 -0.8342476E-04  0.7357695E-03  0.1893638E-03
  0.1019833333333E+02  0.1173111E-02  0.2970515E-03 -0.3286606E-03 -0.8429345E-04  0.7421478E-03  0.1913500E-03
  0.1023166666667E+02  0.1183114E-02  0.3000851E-03 -0.3314998E-03 -0.8517348E-04  0.7485932E-03  0.1933618E-03
  0.1026500000000E+02  0.1193219E-02  0.3031570E-03 -0.3343686E-03 -0.8606486E-04  0.7551065E-03  0.1953994E-03
  0.1029833333333E+02  0.1203428E-02  0.3062676E-03 -0.3372675E-03 -0.8696759E-04  0.7616886E-03  0.1974627E-03
  0.1033166666667E+02  0.1213742E-02  0.3094167E-03 -0.3401969E-03 -0.8788167E-04  0.7683404E-03  0.1995517E-03
  0.1036500000000E+02  0.1224162E-02  0.3126047E-03 -0.3431571E-03 -0.8880713E-04  0.7750626E-03  0.2016665E-03
  0.1039833333333E+02  0.1234690E-02  0.3158316E-03 -0.3461486E-03 -0.8974397E-04  0.7818561E-03  0.2038071E-03
  0.1043166666667E+02  0.1245326E-02  0.3190976E-03 -0.3491717E-03 -0.9069221E-04  0.7887219E-03  0.2059736E-03
  0.1046500000000E+02  0.1256073E-02  0.3224031E-03 -0.3522267E-03 -0.9165189E-04  0.7956608E-03  0.2081661E-03
  0.1049833333333E+02  0.1266931E-02  0.3257482E-03 -0.3553142E-03 -0.9262305E-04  0.8026736E-03  0.2103846E-03
  0.1053166666667E+02  0.1277902E-02  0.3291335E-03 -0.3584344E-03 -0.9360576E-04  0.8097613E-03  0.2126295E-03
  0.1056500000000E+02  0.1288988E-02  0.3325592E-03 -0.3615877E-03 -0.9460011E-04  0.8169246E-03  0.2149009E-03
  0.1059833333333E+02  0.1300189E-02  0.3360258E-03 -0.3647746E-03 -0.9560620E-04  0.8241646E-03  0.2171991E-03
  0.1063166666667E+02  0.1311506E-02  0.3395340E-03 -0.3679954E-03 -0.9662415E-04  0.8314821E-03  0.2195244E-03
  0.1066500000000E+02  0.1322943E-02  0.3430844E-03 -0.3712505E-03 -0.9765412E-04  0.8388780E-03  0.2218773E-03
  0.1069833333333E+02  0.1334498E-02  0.3466777E-03 -0.3745404E-03 -0.9869628E-04  0.8463533E-03  0.2242583E-03
  0.1073166666667E+02  0.1346176E-02  0.3503148E-03 -0.3778654E-03 -0.9975084E-04  0.8539089E-03  0.2266678E-03
  0.1076500000000E+02  0.1357976E-02  0.3539966E-03 -0.3812260E-03 -0.1008181E-03  0.8615458E-03  0.2291066E-03
  0.1079833333333E+02  0.1369900E-02  0.3577243E-03 -0.3846226E-03 -0.1018982E-03  0.8692649E-03  0.2315754E-03
  0.1083166666667E+02  0.1381950E-02  0.3614990E-03 -0.3880557E-03 -0.1029917E-03  0.8770674E-03  0.2340751E-03
  0.1086500000000E+02  0.1394127E-02  0.3653222E-03 -0.3915256E-03 -0.1040988E-03  0.8849543E-03  0.2366067E-03
  0.1089833333333E+02  0.1406434E-02  0.3691955E-03 -0.3950330E-03 -0.1052202E-03  0.8929267E-03  0.2391714E-03
  0.1093166666667E+02  0.1418871E-02  0.3731207E-03 -0.3985782E-03 -0.1063562E-03  0.9009857E-03  0.2417704E-03
  0.1096500000000E+02  0.1431441E-02  0.3770997E-03 -0.4021618E-03 -0.1075076E-03  0.9091326E-03  0.2444054E-03
  0.1099833333333E+02  0.1444145E-02  0.3811348E-03 -0.4057843E-03 -0.1086751E-03  0.9173685E-03  0.2470781E-03
  0.1103166666667E+02  0.1456986E-02  0.3852285E-03 -0.4094463E-03 -0.1098594E-03  0.9256949E-03  0.2497904E-03
  0.1106500000000E+02  0.1469966E-02  0.3893832E-03 -0.4131483E-03 -0.1110616E-03  0.9341130E-03  0.2525443E-03
  0.1109833333333E+02  0.1483086E-02  0.3936018E-03 -0.4168911E-03 -0.1122824E-03  0.9426244E-03  0.2553420E-03
  0.1113166666667E+02  0.1496349E-02  0.3978868E-03 -0.4206752E-03 -0.1135229E-03  0.9512306E-03  0.2581856E-03
  0.1116500000000E+02  0.1509757E-02  0.4022409E-03 -0.4245013E-03 -0.1147840E-03  0.9599332E-03  0.2610774E-03
  0.1119833333333E+02  0.1523312E-02  0.4066667E-03 -0.4283702E-03 -0.1160667E-03  0.9687338E-03  0.2640192E-03
  0.1123166666667E+02  0.1537018E-02  0.4111663E-03 -0.4322826E-03 -0.1173717E-03  0.9776342E-03  0.2670130E-03
  0.1126500000000E+02  0.1550876E-02  0.4157416E-03 -0.4362392E-03 -0.1186997E-03  0.9866362E-03  0.2700602E-03
  0.1129833333333E+02  0.1564889E-02  0.4203942E-03 -0.4402409E-03 -0.1200514E-03  0.9957416E-03  0.2731620E-03
  0.1133166666667E+02  0.1579060E-02  0.4251252E-03 -0.4442885E-03 -0.1214272E-03  0.1004952E-02  0.2763195E-03
  0.1136500000000E+02  0.1593391E-02  0.4299353E-03 -0.4483828E-03 -0.1228274E-03  0.1014270E-02  0.2795329E-03
  0.1139833333333E+02  0.1607885E-02  0.4348248E-03 -0.4525245E-03 -0.1242521E-03  0.1023697E-02  0.2828026E-03
  0.1143166666667E+02  0.1622545E-02  0.4397940E-03 -0.4567145E-03 -0.1257014E-03  0.1033234E-02  0.2861285E-03
  0.1146500000000E+02  0.1637373E-02  0.4448428E-03 -0.4609537E-03 -0.1271751E-03  0.1042885E-02  0.2895105E-03
  0.1149833333333E+02  0.1652372E-02  0.4499711E-03 -0.4652428E-03 -0.1286732E-03  0.1052650E-02  0.2929482E-03
  0.1153166666667E+02  0.1667545E-02  0.4551790E-03 -0.4695827E-03 -0.1301956E-03  0.1062531E-02  0.2964414E-03
  0.1156500000000E+02  0.1682894E-02  0.4604667E-03 -0.4739741E-03 -0.1317421E-03  0.1072531E-02  0.2999901E-03
  0.1159833333333E+02  0.1698421E-02  0.4658345E-03 -0.4784178E-03 -0.1333127E-03  0.1082651E-02  0.3035942E-03
  0.1163166666667E+02  0.1714131E-02  0.4712832E-03 -0.4829148E-03 -0.1349076E-03  0.1092892E-02  0.3072540E-03
  0.1166500000000E+02  0.1730025E-02  0.4768135E-03 -0.4874657E-03 -0.1365267E-03  0.1103258E-02  0.3109700E-03
  0.1169833333333E+02  0.1746106E-02  0.4824265E-03 -0.4920713E-03 -0.1381703E-03  0.1113749E-02  0.3147427E-03
  0.1173166666667E+02  0.1762376E-02  0.4881232E-03 -0.4967326E-03 -0.1398387E-03  0.1124369E-02  0.3185727E-03
  0.1176500000000E+02  0.1778840E-02  0.4939048E-03 -0.5014504E-03 -0.1415322E-03  0.1135117E-02  0.3224608E-03
  0.1179833333333E+02  0.1795499E-02  0.4997724E-03 -0.5062254E-03 -0.1432511E-03  0.1145997E-02  0.3264078E-03
  0.1183166666667E+02  0.1812357E-02  0.5057270E-03 -0.5110586E-03 -0.1449958E-03  0.1157011E-02  0.3304143E-03
  0.1186500000000E+02  0.1829415E-02  0.5117694E-03 -0.5159508E-03 -0.1467667E-03  0.1168161E-02  0.3344811E-03
  0.1189833333333E+02  0.1846679E-02  0.5179005E-03 -0.5209029E-03 -0.1485641E-03  0.1179448E-02  0.3386088E-03
  0.1193166666667E+02  0.1864150E-02  0.5241208E-03 -0.5259159E-03 -0.1503882E-03  0.1190874E-02  0.3427978E-03
  0.1196500000000E+02  0.1881831E-02  0.5304311E-03 -0.5309905E-03 -0.1522393E-03  0.1202443E-02  0.3470484E-03
  0.1199833333333E+02  0.1899725E-02  0.5368315E-03 -0.5361278E-03 -0.1541176E-03  0.1214155E-02  0.3513609E-03
  0.1203166666667E+02  0.1917836E-02  0.5433227E-03 -0.5413286E-03 -0.1560231E-03  0.1226012E-02  0.3557355E-03
  0.1206500000000E+02  0.1936166E-02  0.5499048E-03 -0.5465937E-03 -0.1579559E-03  0.1238018E-02  0.3601722E-03
  0.1209833333333E+02  0.1954718E-02  0.5565782E-03 -0.5519243E-03 -0.1599160E-03  0.1250174E-02  0.3646711E-03
  0.1213166666667E+02  0.1973497E-02  0.5633435E-03 -0.5573211E-03 -0.1619034E-03  0.1262482E-02  0.3692325E-03
  0.1216500000000E+02  0.1992503E-02  0.5702012E-03 -0.5627850E-03 -0.1639183E-03  0.1274943E-02  0.3738564E-03
  0.1219833333333E+02  0.2011742E-02  0.5771521E-03 -0.5683170E-03 -0.1659607E-03  0.1287562E-02  0.3785432E-03
  0.1223166666667E+02  0.2031215E-02  0.5841972E-03 -0.5739181E-03 -0.1680307E-03  0.1300338E-02  0.3832935E-03
  0.1226500000000E+02  0.2050926E-02  0.5913377E-03 -0.5795890E-03 -0.1701287E-03  0.1313275E-02  0.3881080E-03
  0.1229833333333E+02  0.2070879E-02  0.5985751E-03 -0.5853308E-03 -0.1722549E-03  0.1326375E-02  0.3929875E-03
  0.1233166666667E+02  0.2091076E-02  0.6059115E-03 -0.5911445E-03 -0.1744098E-03  0.1339639E-02  0.3979335E-03
  0.1236500000000E+02  0.2111521E-02  0.6133490E-03 -0.5970310E-03 -0.1765939E-03  0.1353071E-02  0.4029473E-03
  0.1239833333333E+02  0.2132217E-02  0.6208905E-03 -0.6029912E-03 -0.1788080E-03  0.1366672E-02  0.4080309E-03
  0.1243166666667E+02  0.2153168E-02  0.6285391E-03 -0.6090263E-03 -0.1810529E-03  0.1380444E-02  0.4131868E-03
  0.1246500000000E+02  0.2174378E-02  0.6362987E-03 -0.6151373E-03 -0.1833298E-03  0.1394392E-02  0.4184176E-03
  0.1249833333333E+02  0.2195851E-02  0.6441736E-03 -0.6213253E-03 -0.1856400E-03  0.1408516E-02  0.4237266E-03
  0.1253166666667E+02  0.2217590E-02  0.6521683E-03 -0.6275915E-03 -0.1879849E-03  0.1422820E-02  0.4291176E-03
  0.1256500000000E+02  0.2239599E-02  0.6602877E-03 -0.6339370E-03 -0.1903663E-03  0.1437306E-02  0.4345943E-03
  0.1259833333333E+02  0.2261884E-02  0.6685367E-03 -0.6403632E-03 -0.1927858E-03  0.1451978E-02  0.4401608E-03
  0.1263166666667E+02  0.2284448E-02  0.6769198E-03 -0.6468714E-03 -0.1952450E-03  0.1466839E-02  0.4458207E-03
  0.1266500000000E+02  0.2307296E-02  0.6854409E-03 -0.6534629E-03 -0.1977455E-03  0.1481892E-02  0.4515774E-03
  0.1269833333333E+02  0.2330433E-02  0.6941031E-03 -0.6601392E-03 -0.2002886E-03  0.1497139E-02  0.4574337E-03
  0.1273166666667E+02  0.2353863E-02  0.7029086E-03 -0.6669017E-03 -0.2028753E-03  0.1512586E-02  0.4633915E-03
  0.1276500000000E+02  0.2377592E-02  0.7118584E-03 -0.6737519E-03 -0.2055062E-03  0.1528234E-02  0.4694519E-03
  0.1279833333333E+02  0.2401623E-02  0.7209527E-03 -0.6806913E-03 -0.2081816E-03  0.1544088E-02  0.4756153E-03
  0.1283166666667E+02  0.2425963E-02  0.7301907E-03 -0.6877213E-03 -0.2109014E-03  0.1560151E-02  0.4818812E-03
  0.1286500000000E+02  0.2450615E-02  0.7395712E-03 -0.6948435E-03 -0.2136654E-03  0.1576426E-02  0.4882486E-03
  0.1289833333333E+02  0.2475585E-02  0.7490925E-03 -0.7020593E-03 -0.2164728E-03  0.1592916E-02  0.4947163E-03
  0.1293166666667E+02  0.2500877E-02  0.7587527E-03 -0.7093700E-03 -0.2193229E-03  0.1609626E-02  0.5012826E-03
  0.1296500000000E+02  0.2526495E-02  0.7685497E-03 -0.7167772E-03 -0.2222150E-03  0.1626557E-02  0.5079458E-03
  0.1299833333333E+02  0.2552445E-02  0.7784811E-03 -0.7242821E-03 -0.2251481E-03  0.1643714E-02  0.5147043E-03
  0.1303166666667E+02  0.2578729E-02  0.7885442E-03 -0.7318862E-03 -0.2281212E-03  0.1661099E-02  0.5215559E-03
  0.1306500000000E+02  0.2605354E-02  0.7987355E-03 -0.7395906E-03 -0.2311334E-03  0.1678716E-02  0.5284983E-03
  0.1309833333333E+02  0.2632322E-02  0.8090504E-03 -0.7473967E-03 -0.2341832E-03  0.1696567E-02  0.5355285E-03
  0.1313166666667E+02  0.2659638E-02  0.8194836E-03 -0.7553057E-03 -0.2372694E-03  0.1714655E-02  0.5426432E-03
  0.1316500000000E+02  0.2687306E-02  0.8300283E-03 -0.7633187E-03 -0.2403900E-03  0.1732983E-02  0.5498381E-03
  0.1319833333333E+02  0.2715329E-02  0.8406763E-03 -0.7714368E-03 -0.2435431E-03  0.1751553E-02  0.5571080E-03
  0.1323166666667E+02  0.2743709E-02  0.8514181E-03 -0.7796610E-03 -0.2467258E-03  0.1770368E-02  0.5644466E-03
  0.1326500000000E+02  0.2772451E-02  0.8622423E-03 -0.7879922E-03 -0.2499351E-03  0.1789430E-02  0.5718467E-03
  0.1329833333333E+02  0.2801555E-02  0.8731360E-03 -0.7964311E-03 -0.2531671E-03  0.1808740E-02  0.5792996E-03
  0.1333166666667E+02  0.2831025E-02  0.8840843E-03 -0.8049783E-03 -0.2564176E-03  0.1828299E-02  0.5867954E-03
  0.1336500000000E+02  0.2860860E-02  0.8950708E-03 -0.8136344E-03 -0.2596816E-03  0.1848110E-02  0.5943233E-03
  0.1339833333333E+02  0.2891063E-02  0.9060777E-03 -0.8223995E-03 -0.2629537E-03  0.1868173E-02  0.6018712E-03
  0.1343166666667E+02  0.2921632E-02  0.9170856E-03 -0.8312738E-03 -0.2662282E-03  0.1888487E-02  0.6094263E-03
  0.1346500000000E+02  0.2952568E-02  0.9280739E-03 -0.8402571E-03 -0.2694988E-03  0.1909053E-02  0.6169750E-03
  0.1349833333333E+02  0.2983869E-02  0.9390210E-03 -0.8493491E-03 -0.2727591E-03  0.1929869E-02  0.6245030E-03
  0.1353166666667E+02  0.3015532E-02  0.9499048E-03 -0.8585491E-03 -0.2760025E-03  0.1950936E-02  0.6319960E-03
  0.1356500000000E+02  0.3047556E-02  0.9607027E-03 -0.8678566E-03 -0.2792224E-03  0.1972250E-02  0.6394392E-03
  0.1359833333333E+02  0.3079935E-02  0.9713921E-03 -0.8772703E-03 -0.2824124E-03  0.1993811E-02  0.6468184E-03
  0.1363166666667E+02  0.3112667E-02  0.9819512E-03 -0.8867892E-03 -0.2855660E-03  0.2015615E-02  0.6541197E-03
  0.1366500000000E+02  0.3145746E-02  0.9923588E-03 -0.8964118E-03 -0.2886777E-03  0.2037659E-02  0.6613301E-03
  0.1369833333333E+02  0.3179166E-02  0.1002595E-02 -0.9061365E-03 -0.2917419E-03  0.2059941E-02  0.6684376E-03
  0.1373166666667E+02  0.3212920E-02  0.1012641E-02 -0.9159616E-03 -0.2947536E-03  0.2082455E-02  0.6754306E-03
  0.1376500000000E+02  0.3247003E-02  0.1022479E-02 -0.9258852E-03 -0.2977081E-03  0.2105198E-02  0.6822985E-03
  0.1379833333333E+02  0.3281406E-02  0.1032090E-02 -0.9359052E-03 -0.3006010E-03  0.2128166E-02  0.6890308E-03
  0.1383166666667E+02  0.3316121E-02  0.1041460E-02 -0.9460195E-03 -0.3034280E-03  0.2151353E-02  0.6956173E-03
  0.1386500000000E+02  0.3351140E-02  0.1050572E-02 -0.9562257E-03 -0.3061850E-03  0.2174755E-02  0.7020483E-03
  0.1389833333333E+02  0.3386454E-02  0.1059412E-02 -0.9665213E-03 -0.3088682E-03  0.2198365E-02  0.7083147E-03
  0.1393166666667E+02  0.3422053E-02  0.1067967E-02 -0.9769037E-03 -0.3114740E-03  0.2222179E-02  0.7144081E-03
  0.1396500000000E+02  0.3457927E-02  0.1076227E-02 -0.9873704E-03 -0.3139993E-03  0.2246190E-02  0.7203213E-03
  0.1399833333333E+02  0.3494067E-02  0.1084183E-02 -0.9979184E-03 -0.3164418E-03  0.2270391E-02  0.7260485E-03
  0.1403166666667E+02  0.3530461E-02  0.1091831E-02 -0.1008545E-02 -0.3187995E-03  0.2294777E-02  0.7315855E-03
  0.1406500000000E+02  0.3567100E-02  0.1099166E-02 -0.1019247E-02 -0.3210713E-03  0.2319342E-02  0.7369292E-03
  0.1409833333333E+02  0.3603973E-02  0.1106185E-02 -0.1030023E-02 -0.3232568E-03  0.2344078E-02  0.7420778E-03
  0.1413166666667E+02  0.3641069E-02  0.1112887E-02 -0.1040868E-02 -0.3253558E-03  0.2368979E-02  0.7470305E-03
  0.1416500000000E+02  0.3678378E-02  0.1119271E-02 -0.1051780E-02 -0.3273688E-03  0.2394038E-02  0.7517871E-03
  0.1419833333333E+02  0.3715889E-02  0.1125339E-02 -0.1062757E-02 -0.3292964E-03  0.2419250E-02  0.7563482E-03
  0.1423166666667E+02  0.3753592E-02  0.1131089E-02 -0.1073795E-02 -0.3311392E-03  0.2444607E-02  0.7607142E-03
  0.1426500000000E+02  0.3791476E-02  0.1136524E-02 -0.1084891E-02 -0.3328977E-03  0.2470103E-02  0.7648853E-03
  0.1429833333333E+02  0.3829531E-02  0.1141643E-02 -0.1096044E-02 -0.3345719E-03  0.2495732E-02  0.7688615E-03
  0.1433166666667E+02  0.3867746E-02  0.1146445E-02 -0.1107249E-02 -0.3361616E-03  0.2521487E-02  0.7726418E-03
  0.1436500000000E+02  0.3906110E-02  0.1150930E-02 -0.1118505E-02 -0.3376661E-03  0.2547361E-02  0.7762249E-03
  0.1439833333333E+02  0.3944614E-02  0.1155096E-02 -0.1129807E-02 -0.3390844E-03  0.2573348E-02  0.7796084E-03
  0.1443166666667E+02  0.3983245E-02  0.1158939E-02 -0.1141155E-02 -0.3404148E-03  0.2599441E-02  0.7827895E-03
  0.1446500000000E+02  0.4021993E-02  0.1162456E-02 -0.1152543E-02 -0.3416557E-03  0.2625633E-02  0.7857645E-03
  0.1449833333333E+02  0.4060848E-02  0.1165643E-02 -0.1163970E-02 -0.3428050E-03  0.2651917E-02  0.7885293E-03
  0.1453166666667E+02  0.4099798E-02  0.1168494E-02 -0.1175432E-02 -0.3438605E-03  0.2678287E-02  0.7910800E-03
  0.1456500000000E+02  0.4138832E-02  0.1171008E-02 -0.1186926E-02 -0.3448205E-03  0.2704734E-02  0.7934130E-03
  0.1459833333333E+02  0.4177938E-02  0.1173180E-02 -0.1198449E-02 -0.3456837E-03  0.2731251E-02  0.7955258E-03
  0.1463166666667E+02  0.4217105E-02  0.1175011E-02 -0.1209997E-02 -0.3464491E-03  0.2757832E-02  0.7974173E-03
  0.1466500000000E+02  0.4256321E-02  0.1176502E-02 -0.1221568E-02 -0.3471167E-03  0.2784468E-02  0.7990876E-03
  0.1469833333333E+02  0.4295576E-02  0.1177654E-02 -0.1233157E-02 -0.3476866E-03  0.2811153E-02  0.8005377E-03
  0.1473166666667E+02  0.4334859E-02  0.1178473E-02 -0.1244763E-02 -0.3481595E-03  0.2837878E-02  0.8017698E-03
  0.1476500000000E+02  0.4374158E-02  0.1178963E-02 -0.1256380E-02 -0.3485367E-03  0.2864638E-02  0.8027871E-03
  0.1479833333333E+02  0.4413462E-02  0.1179132E-02 -0.1268008E-02 -0.3488198E-03  0.2891424E-02  0.8035940E-03
  0.1483166666667E+02  0.4452762E-02  0.1178990E-02 -0.1279641E-02 -0.3490110E-03  0.2918231E-02  0.8041967E-03
  0.1486500000000E+02  0.4492047E-02  0.1178549E-02 -0.1291279E-02 -0.3491132E-03  0.2945051E-02  0.8046028E-03
  0.1489833333333E+02  0.4531308E-02  0.1177825E-02 -0.1302916E-02 -0.3491304E-03  0.2971878E-02  0.8048223E-03
  0.1493166666667E+02  0.4570535E-02  0.1176836E-02 -0.1314552E-02 -0.3490672E-03  0.2998707E-02  0.8048667E-03
  0.1496500000000E+02  0.4609722E-02  0.1175603E-02 -0.1326183E-02 -0.3489293E-03  0.3025532E-02  0.8047495E-03
  0.1499833333333E+02  0.4648860E-02  0.1174148E-02 -0.1337807E-02 -0.3487232E-03  0.3052348E-02  0.8044854E-03
  0.1503166666667E+02  0.4687944E-02  0.1172493E-02 -0.1349422E-02 -0.3484557E-03  0.3079151E-02  0.8040898E-03
  0.1506500000000E+02  0.4726966E-02  0.1170661E-02 -0.1361027E-02 -0.3481343E-03  0.3105937E-02  0.8035789E-03
  0.1509833333333E+02  0.4765921E-02  0.1168677E-02 -0.1372619E-02 -0.3477662E-03  0.3132703E-02  0.8029683E-03
  0.1513166666667E+02  0.4804807E-02  0.1166561E-02 -0.1384197E-02 -0.3473583E-03  0.3159445E-02  0.8022727E-03
  0.1516500000000E+02  0.4843618E-02  0.1164334E-02 -0.1395761E-02 -0.3469171E-03  0.3186162E-02  0.8015057E-03
  0.1519833333333E+02  0.4882352E-02  0.1162016E-02 -0.1407310E-02 -0.3464482E-03  0.3212852E-02  0.8006795E-03
  0.1523166666667E+02  0.4921006E-02  0.1159621E-02 -0.1418841E-02 -0.3459569E-03  0.3239512E-02  0.7998045E-03
  0.1526500000000E+02  0.4959578E-02  0.1157165E-02 -0.1430356E-02 -0.3454474E-03  0.3266141E-02  0.7988898E-03
  0.1529833333333E+02  0.4998067E-02  0.1154661E-02 -0.1441854E-02 -0.3449237E-03  0.3292739E-02  0.7979430E-03
  0.1533166666667E+02  0.5036471E-02  0.1152118E-02 -0.1453333E-02 -0.3443889E-03  0.3319305E-02  0.7969707E-03
  0.1536500000000E+02  0.5074789E-02  0.1149547E-02 -0.1464795E-02 -0.3438461E-03  0.3345838E-02  0.7959784E-03
  0.1539833333333E+02  0.5113021E-02  0.1146957E-02 -0.1476238E-02 -0.3432979E-03  0.3372337E-02  0.7949715E-03
  0.1543166666667E+02  0.5151166E-02  0.1144358E-02 -0.1487663E-02 -0.3427468E-03  0.3398802E-02  0.7939552E-03
  0.1546500000000E+02  0.5189225E-02  0.1141759E-02 -0.1499070E-02 -0.3421951E-03  0.3425233E-02  0.7929343E-03
  0.1549833333333E+02  0.5227197E-02  0.1139170E-02 -0.1510458E-02 -0.3416451E-03  0.3451630E-02  0.7919137E-03
  0.1553166666667E+02  0.5265084E-02  0.1136597E-02 -0.1521828E-02 -0.3410987E-03  0.3477994E-02  0.7908973E-03
  0.1556500000000E+02  0.5302885E-02  0.1134045E-02 -0.1533180E-02 -0.3405570E-03  0.3504323E-02  0.7898875E-03
  0.1559833333333E+02  0.5340602E-02  0.1131518E-02 -0.1544514E-02 -0.3400208E-03  0.3530619E-02  0.7888856E-03
  0.1563166666667E+02  0.5378236E-02  0.1129014E-02 -0.1555830E-02 -0.3394901E-03  0.3556882E-02  0.7878913E-03
  0.1566500000000E+02  0.5415787E-02  0.1126532E-02 -0.1567129E-02 -0.3389642E-03  0.3583112E-02  0.7869027E-03
  0.1569833333333E+02  0.5453256E-02  0.1124068E-02 -0.1578410E-02 -0.3384419E-03  0.3609310E-02  0.7859166E-03
  0.1573166666667E+02  0.5490643E-02  0.1121613E-02 -0.1589674E-02 -0.3379217E-03  0.3635474E-02  0.7849288E-03
  0.1576500000000E+02  0.5527949E-02  0.1119162E-02 -0.1600921E-02 -0.3374014E-03  0.3661605E-02  0.7839342E-03
  0.1579833333333E+02  0.5565172E-02  0.1116704E-02 -0.1612150E-02 -0.3368790E-03  0.3687703E-02  0.7829271E-03
  0.1583166666667E+02  0.5602313E-02  0.1114232E-02 -0.1623362E-02 -0.3363523E-03  0.3713766E-02  0.7819017E-03
  0.1586500000000E+02  0.5639371E-02  0.1111736E-02 -0.1634556E-02 -0.3358191E-03  0.3739794E-02  0.7808523E-03
  0.1589833333333E+02  0.5676345E-02  0.1109208E-02 -0.1645732E-02 -0.3352773E-03  0.3765787E-02  0.7797734E-03
  0.1593166666667E+02  0.5713233E-02  0.1106641E-02 -0.1656889E-02 -0.3347247E-03  0.3791742E-02  0.7786598E-03
  0.1596500000000E+02  0.5750034E-02  0.1104029E-02 -0.1668028E-02 -0.3341593E-03  0.3817659E-02  0.7775068E-03
  0.1599833333333E+02  0.5786746E-02  0.1101366E-02 -0.1679147E-02 -0.3335793E-03  0.3843536E-02  0.7763103E-03
  0.1603166666667E+02  0.5823367E-02  0.1098648E-02 -0.1690247E-02 -0.3329830E-03  0.3869372E-02  0.7750670E-03
  0.1606500000000E+02  0.5859897E-02  0.1095872E-02 -0.1701326E-02 -0.3323692E-03  0.3895164E-02  0.7737746E-03
  0.1609833333333E+02  0.5896331E-02  0.1093037E-02 -0.1712384E-02 -0.3317370E-03  0.3920912E-02  0.7724318E-03
  0.1613166666667E+02  0.5932669E-02  0.1090145E-02 -0.1723420E-02 -0.3310862E-03  0.3946613E-02  0.7710387E-03
  0.1616500000000E+02  0.5968909E-02  0.1087198E-02 -0.1734434E-02 -0.3304169E-03  0.3972266E-02  0.7695965E-03
  0.1619833333333E+02  0.6005049E-02  0.1084202E-02 -0.1745425E-02 -0.3297298E-03  0.3997870E-02  0.7681078E-03
  0.1623166666667E+02  0.6041088E-02  0.1081165E-02 -0.1756392E-02 -0.3290261E-03  0.4023423E-02  0.7665761E-03
  0.1626500000000E+02  0.6077025E-02  0.1078098E-02 -0.1767336E-02 -0.3283075E-03  0.4048923E-02  0.7650060E-03
  0.1629833333333E+02  0.6112858E-02  0.1075010E-02 -0.1778255E-02 -0.3275755E-03  0.4074369E-02  0.7634024E-03
  0.1633166666667E+02  0.6148589E-02  0.1071911E-02 -0.1789149E-02 -0.3268321E-03  0.4099762E-02  0.7617699E-03
  0.1636500000000E+02  0.6184216E-02  0.1068811E-02 -0.1800019E-02 -0.3260785E-03  0.4125099E-02  0.7601128E-03
  0.1639833333333E+02  0.6219740E-02  0.1065714E-02 -0.1810863E-02 -0.3253159E-03  0.4150380E-02  0.7584338E-03
  0.1643166666667E+02  0.6255160E-02  0.1062625E-02 -0.1821681E-02 -0.3245447E-03  0.4175605E-02  0.7567346E-03
  0.1646500000000E+02  0.6290479E-02  0.1059545E-02 -0.1832473E-02 -0.3237648E-03  0.4200772E-02  0.7550154E-03
  0.1649833333333E+02  0.6325694E-02  0.1056470E-02 -0.1843239E-02 -0.3229756E-03  0.4225881E-02  0.7532751E-03
  0.1653166666667E+02  0.6360808E-02  0.1053398E-02 -0.1853978E-02 -0.3221758E-03  0.4250931E-02  0.7515110E-03
  0.1656500000000E+02  0.6395818E-02  0.1050324E-02 -0.1864690E-02 -0.3213638E-03  0.4275922E-02  0.7497197E-03
  0.1659833333333E+02  0.6430726E-02  0.1047240E-02 -0.1875375E-02 -0.3205378E-03  0.4300852E-02  0.7478969E-03
  0.1663166666667E+02  0.6465531E-02  0.1044141E-02 -0.1886031E-02 -0.3196956E-03  0.4325720E-02  0.7460377E-03
  0.1666500000000E+02  0.6500232E-02  0.1041020E-02 -0.1896659E-02 -0.3188350E-03  0.4350524E-02  0.7441374E-03
  0.1669833333333E+02  0.6534827E-02  0.1037872E-02 -0.1907258E-02 -0.3179540E-03  0.4375264E-02  0.7421911E-03
  0.1673166666667E+02  0.6569317E-02  0.1034692E-02 -0.1917826E-02 -0.3170504E-03  0.4399937E-02  0.7401944E-03
  0.1676500000000E+02  0.6603700E-02  0.1031475E-02 -0.1928363E-02 -0.3161226E-03  0.4424542E-02  0.7381435E-03
  0.1679833333333E+02  0.6637974E-02  0.1028218E-02 -0.1938869E-02 -0.3151690E-03  0.4449076E-02  0.7360353E-03
  0.1683166666667E+02  0.6672138E-02  0.1024919E-02 -0.1949342E-02 -0.3141884E-03  0.4473539E-02  0.7338679E-03
  0.1686500000000E+02  0.6706190E-02  0.1021579E-02 -0.1959781E-02 -0.3131806E-03  0.4497927E-02  0.7316408E-03
  0.1689833333333E+02  0.6740130E-02  0.1018198E-02 -0.1970186E-02 -0.3121455E-03  0.4522239E-02  0.7293547E-03
  0.1693166666667E+02  0.6773956E-02  0.1014783E-02 -0.1980556E-02 -0.3110841E-03  0.4546472E-02  0.7270122E-03
  0.1696500000000E+02  0.6807667E-02  0.1011339E-02 -0.1990889E-02 -0.3099977E-03  0.4570626E-02  0.7246170E-03
  0.1699833333333E+02  0.6841263E-02  0.1007878E-02 -0.2001185E-02 -0.3088884E-03  0.4594699E-02  0.7221747E-03
  0.1703166666667E+02  0.6874744E-02  0.1004414E-02 -0.2011444E-02 -0.3077592E-03  0.4618688E-02  0.7196917E-03
  0.1706500000000E+02  0.6908109E-02  0.1000960E-02 -0.2021664E-02 -0.3066130E-03  0.4642594E-02  0.7171757E-03
  0.1709833333333E+02  0.6941360E-02  0.9975332E-03 -0.2031846E-02 -0.3054533E-03  0.4666415E-02  0.7146347E-03
  0.1713166666667E+02  0.6974499E-02  0.9941469E-03 -0.2041989E-02 -0.3042839E-03  0.4690151E-02  0.7120769E-03
  0.1716500000000E+02  0.7007526E-02  0.9908134E-03 -0.2052092E-02 -0.3031082E-03  0.4713802E-02  0.7095103E-03
  0.1719833333333E+02  0.7040444E-02  0.9875425E-03 -0.2062157E-02 -0.3019295E-03  0.4737366E-02  0.7069420E-03
  0.1723166666667E+02  0.7073255E-02  0.9843406E-03 -0.2072182E-02 -0.3007507E-03  0.4760846E-02  0.7043782E-03
  0.1726500000000E+02  0.7105962E-02  0.9812114E-03 -0.2082167E-02 -0.2995741E-03  0.4784240E-02  0.7018234E-03
  0.1729833333333E+02  0.7138567E-02  0.9781553E-03 -0.2092114E-02 -0.2984015E-03  0.4807549E-02  0.6992809E-03
  0.1733166666667E+02  0.7171073E-02  0.9751705E-03 -0.2102022E-02 -0.2972338E-03  0.4830774E-02  0.6967522E-03
  0.1736500000000E+02  0.7203481E-02  0.9722530E-03 -0.2111891E-02 -0.2960714E-03  0.4853915E-02  0.6942371E-03
  0.1739833333333E+02  0.7235795E-02  0.9693977E-03 -0.2121721E-02 -0.2949139E-03  0.4876973E-02  0.6917338E-03
  0.1743166666667E+02  0.7268015E-02  0.9665988E-03 -0.2131513E-02 -0.2937605E-03  0.4899948E-02  0.6892394E-03
  0.1746500000000E+02  0.7300143E-02  0.9638495E-03 -0.2141267E-02 -0.2926096E-03  0.4922840E-02  0.6867499E-03
  0.1749833333333E+02  0.7332181E-02  0.9611424E-03 -0.2150982E-02 -0.2914595E-03  0.4945648E-02  0.6842602E-03
  0.1753166666667E+02  0.7364130E-02  0.9584700E-03 -0.2160659E-02 -0.2903081E-03  0.4968374E-02  0.6817654E-03
  0.1756500000000E+02  0.7395991E-02  0.9558241E-03 -0.2170298E-02 -0.2891534E-03  0.4991016E-02  0.6792602E-03
  0.1759833333333E+02  0.7427764E-02  0.9531975E-03 -0.2179898E-02 -0.2879934E-03  0.5013574E-02  0.6767397E-03
  0.1763166666667E+02  0.7459450E-02  0.9505837E-03 -0.2189459E-02 -0.2868263E-03  0.5036047E-02  0.6741999E-03
  0.1766500000000E+02  0.7491050E-02  0.9479784E-03 -0.2198980E-02 -0.2856507E-03  0.5058435E-02  0.6716372E-03
  0.1769833333333E+02  0.7522562E-02  0.9453795E-03 -0.2208462E-02 -0.2844654E-03  0.5080737E-02  0.6690496E-03
  0.1773166666667E+02  0.7553988E-02  0.9427884E-03 -0.2217905E-02 -0.2832698E-03  0.5102951E-02  0.6664358E-03
  0.1776500000000E+02  0.7585329E-02  0.9402097E-03 -0.2227307E-02 -0.2820639E-03  0.5125078E-02  0.6637958E-03
  0.1779833333333E+02  0.7616584E-02  0.9376509E-03 -0.2236668E-02 -0.2808481E-03  0.5147115E-02  0.6611308E-03
  0.1783166666667E+02  0.7647755E-02  0.9351220E-03 -0.2245989E-02 -0.2796233E-03  0.5169063E-02  0.6584430E-03
  0.1786500000000E+02  0.7678842E-02  0.9326337E-03 -0.2255269E-02 -0.2783910E-03  0.5190921E-02  0.6557358E-03
  0.1789833333333E+02  0.7709849E-02  0.9301962E-03 -0.2264507E-02 -0.2771532E-03  0.5212688E-02  0.6530137E-03
  0.1793166666667E+02  0.7740776E-02  0.9278185E-03 -0.2273704E-02 -0.2759121E-03  0.5234365E-02  0.6502818E-03
  0.1796500000000E+02  0.7771626E-02  0.9255074E-03 -0.2282860E-02 -0.2746704E-03  0.5255949E-02  0.6475457E-03
  0.1799833333333E+02  0.7802402E-02  0.9232672E-03 -0.2291974E-02 -0.2734305E-03  0.5277443E-02  0.6448106E-03
  0.1803166666667E+02  0.7833105E-02  0.9210996E-03 -0.2301048E-02 -0.2721949E-03  0.5298846E-02  0.6420813E-03
  0.1806500000000E+02  0.7863739E-02  0.9190037E-03 -0.2310080E-02 -0.2709655E-03  0.5320158E-02  0.6393615E-03
  0.1809833333333E+02  0.7894305E-02  0.9169764E-03 -0.2319071E-02 -0.2697436E-03  0.5341380E-02  0.6366534E-03
  0.1813166666667E+02  0.7924805E-02  0.9150132E-03 -0.2328022E-02 -0.2685297E-03  0.5362512E-02  0.6339577E-03
  0.1816500000000E+02  0.7955242E-02  0.9131083E-03 -0.2336933E-02 -0.2673237E-03  0.5383554E-02  0.6312729E-03
  0.1819833333333E+02  0.7985617E-02  0.9112548E-03 -0.2345804E-02 -0.2661245E-03  0.5404507E-02  0.6285962E-03
  0.1823166666667E+02  0.8015932E-02  0.9094448E-03 -0.2354635E-02 -0.2649306E-03  0.5425371E-02  0.6259231E-03
  0.1826500000000E+02  0.8046188E-02  0.9076694E-03 -0.2363426E-02 -0.2637397E-03  0.5446146E-02  0.6232482E-03
  0.1829833333333E+02  0.8076385E-02  0.9059189E-03 -0.2372178E-02 -0.2625495E-03  0.5466832E-02  0.6205655E-03
  0.1833166666667E+02  0.8106524E-02  0.9041830E-03 -0.2380890E-02 -0.2613572E-03  0.5487427E-02  0.6178686E-03
  0.1836500000000E+02  0.8136606E-02  0.9024520E-03 -0.2389562E-02 -0.2601602E-03  0.5507932E-02  0.6151514E-03
  0.1839833333333E+02  0.8166630E-02  0.9007173E-03 -0.2398194E-02 -0.2589556E-03  0.5528346E-02  0.6124079E-03
  0.1843166666667E+02  0.8196596E-02  0.8989727E-03 -0.2406785E-02 -0.2577408E-03  0.5548667E-02  0.6096325E-03
  0.1846500000000E+02  0.8226503E-02  0.8972148E-03 -0.2415335E-02 -0.2565135E-03  0.5568894E-02  0.6068203E-03
  0.1849833333333E+02  0.8256351E-02  0.8954437E-03 -0.2423844E-02 -0.2552714E-03  0.5589027E-02  0.6039670E-03
  0.1853166666667E+02  0.8286140E-02  0.8936635E-03 -0.2432312E-02 -0.2540127E-03  0.5609062E-02  0.6010693E-03
  0.1856500000000E+02  0.8315869E-02  0.8918809E-03 -0.2440736E-02 -0.2527359E-03  0.5629000E-02  0.5981246E-03
  0.1859833333333E+02  0.8345539E-02  0.8901051E-03 -0.2449117E-02 -0.2514404E-03  0.5648838E-02  0.5951321E-03
  0.1863166666667E+02  0.8375151E-02  0.8883456E-03 -0.2457455E-02 -0.2501262E-03  0.5668574E-02  0.5920924E-03
  0.1866500000000E+02  0.8404705E-02  0.8866116E-03 -0.2465748E-02 -0.2487940E-03  0.5688208E-02  0.5890084E-03
  0.1869833333333E+02  0.8434202E-02  0.8849110E-03 -0.2473996E-02 -0.2474456E-03  0.5707737E-02  0.5858840E-03
  0.1873166666667E+02  0.8463643E-02  0.8832499E-03 -0.2482199E-02 -0.2460831E-03  0.5727161E-02  0.5827247E-03
  0.1876500000000E+02  0.8493031E-02  0.8816321E-03 -0.2490356E-02 -0.2447091E-03  0.5746479E-02  0.5795367E-03
  0.1879833333333E+02  0.8522366E-02  0.8800592E-03 -0.2498467E-02 -0.2433264E-03  0.5765690E-02  0.5763259E-03
  0.1883166666667E+02  0.8551651E-02  0.8785311E-03 -0.2506532E-02 -0.2419375E-03  0.5784793E-02  0.5730979E-03
  0.1886500000000E+02  0.8580886E-02  0.8770459E-03 -0.2514550E-02 -0.2405444E-03  0.5803788E-02  0.5698568E-03
  0.1889833333333E+02  0.8610072E-02  0.8756009E-03 -0.2522521E-02 -0.2391483E-03  0.5822675E-02  0.5666049E-03
  0.1893166666667E+02  0.8639212E-02  0.8741920E-03 -0.2530446E-02 -0.2377498E-03  0.5841453E-02  0.5633427E-03
  0.1896500000000E+02  0.8668306E-02  0.8728141E-03 -0.2538325E-02 -0.2363485E-03  0.5860122E-02  0.5600690E-03
  0.1899833333333E+02  0.8697355E-02  0.8714608E-03 -0.2546156E-02 -0.2349437E-03  0.5878682E-02  0.5567814E-03
  0.1903166666667E+02  0.8726359E-02  0.8701239E-03 -0.2553940E-02 -0.2335341E-03  0.5897131E-02  0.5534763E-03
  0.1906500000000E+02  0.8755318E-02  0.8687946E-03 -0.2561678E-02 -0.2321180E-03  0.5915469E-02  0.5501497E-03
  0.1909833333333E+02  0.8784234E-02  0.8674639E-03 -0.2569368E-02 -0.2306937E-03  0.5933696E-02  0.5467971E-03
  0.1913166666667E+02  0.8813105E-02  0.8661232E-03 -0.2577009E-02 -0.2292590E-03  0.5951810E-02  0.5434136E-03
  0.1916500000000E+02  0.8841930E-02  0.8647659E-03 -0.2584603E-02 -0.2278115E-03  0.5969809E-02  0.5399939E-03
  0.1919833333333E+02  0.8870710E-02  0.8633880E-03 -0.2592148E-02 -0.2263489E-03  0.5987694E-02  0.5365327E-03
  0.1923166666667E+02  0.8899443E-02  0.8619889E-03 -0.2599644E-02 -0.2248685E-03  0.6005461E-02  0.5330245E-03
  0.1926500000000E+02  0.8928129E-02  0.8605717E-03 -0.2607089E-02 -0.2233676E-03  0.6023110E-02  0.5294638E-03
  0.1929833333333E+02  0.8956767E-02  0.8591428E-03 -0.2614484E-02 -0.2218440E-03  0.6040638E-02  0.5258458E-03
  0.1933166666667E+02  0.8985357E-02  0.8577106E-03 -0.2621827E-02 -0.2202958E-03  0.6058044E-02  0.5221667E-03
  0.1936500000000E+02  0.9013900E-02  0.8562847E-03 -0.2629118E-02 -0.2187218E-03  0.6075325E-02  0.5184249E-03
  0.1939833333333E+02  0.9042396E-02  0.8548739E-03 -0.2636355E-02 -0.2171220E-03  0.6092479E-02  0.5146209E-03
  0.1943166666667E+02  0.9070845E-02  0.8534863E-03 -0.2643539E-02 -0.2154973E-03  0.6109504E-02  0.5107577E-03
  0.1946500000000E+02  0.9099249E-02  0.8521280E-03 -0.2650667E-02 -0.2138498E-03  0.6126399E-02  0.5068402E-03
  0.1949833333333E+02  0.9127610E-02  0.8508035E-03 -0.2657740E-02 -0.2121821E-03  0.6143161E-02  0.5028749E-03
  0.1953166666667E+02  0.9155927E-02  0.8495149E-03 -0.2664756E-02 -0.2104974E-03  0.6159790E-02  0.4988692E-03
  0.1956500000000E+02  0.9184202E-02  0.8482630E-03 -0.2671716E-02 -0.2087990E-03  0.6176284E-02  0.4948303E-03
  0.1959833333333E+02  0.9212437E-02  0.8470475E-03 -0.2678619E-02 -0.2070895E-03  0.6192643E-02  0.4907645E-03
  0.1963166666667E+02  0.9240633E-02  0.8458670E-03 -0.2685465E-02 -0.2053713E-03  0.6208866E-02  0.4866762E-03
  0.1966500000000E+02  0.9268790E-02  0.8447192E-03 -0.2692253E-02 -0.2036458E-03  0.6224951E-02  0.4825684E-03
  0.1969833333333E+02  0.9296910E-02  0.8436004E-03 -0.2698984E-02 -0.2019138E-03  0.6240899E-02  0.4784422E-03
  0.1973166666667E+02  0.9324993E-02  0.8425055E-03 -0.2705656E-02 -0.2001754E-03  0.6256709E-02  0.4742976E-03
  0.1976500000000E+02  0.9353041E-02  0.8414277E-03 -0.2712271E-02 -0.1984305E-03  0.6272380E-02  0.4701335E-03
  0.1979833333333E+02  0.9381053E-02  0.8403589E-03 -0.2718826E-02 -0.1966784E-03  0.6287912E-02  0.4659481E-03
  0.1983166666667E+02  0.9409029E-02  0.8392909E-03 -0.2725324E-02 -0.1949182E-03  0.6303303E-02  0.4617388E-03
  0.1986500000000E+02  0.9436970E-02  0.8382159E-03 -0.2731762E-02 -0.1931484E-03  0.6318553E-02  0.4575021E-03
  0.1989833333333E+02  0.9464874E-02  0.8371279E-03 -0.2738141E-02 -0.1913671E-03  0.6333661E-02  0.4532336E-03
  0.1993166666667E+02  0.9492742E-02  0.8360237E-03 -0.2744460E-02 -0.1895720E-03  0.6348626E-02  0.4489280E-03
  0.1996500000000E+02  0.9520572E-02  0.8349035E-03 -0.2750719E-02 -0.1877602E-03  0.6363445E-02  0.4445790E-03
  0.1999833333333E+02  0.9548364E-02  0.8337711E-03 -0.2756916E-02 -0.1859285E-03  0.6378117E-02  0.4401796E-03
  0.2003166666667E+02  0.9576119E-02  0.8326334E-03 -0.2763052E-02 -0.1840740E-03  0.6392642E-02  0.4357232E-03
  0.2006500000000E+02  0.9603835E-02  0.8314990E-03 -0.2769125E-02 -0.1821940E-03  0.6407015E-02  0.4312042E-03
  0.2009833333333E+02  0.9631514E-02  0.8303768E-03 -0.2775135E-02 -0.1802866E-03  0.6421236E-02  0.4266192E-03
  0.2013166666667E+02  0.9659157E-02  0.8292754E-03 -0.2781080E-02 -0.1783513E-03  0.6435301E-02  0.4219676E-03
  0.2016500000000E+02  0.9686764E-02  0.8282015E-03 -0.2786959E-02 -0.1763886E-03  0.6449210E-02  0.4172515E-03
  0.2019833333333E+02  0.9714336E-02  0.8271605E-03 -0.2792773E-02 -0.1744003E-03  0.6462959E-02  0.4124754E-03
  0.2023166666667E+02  0.9741874E-02  0.8261555E-03 -0.2798519E-02 -0.1723892E-03  0.6476547E-02  0.4076462E-03
  0.2026500000000E+02  0.9769380E-02  0.8251882E-03 -0.2804198E-02 -0.1703586E-03  0.6489973E-02  0.4027715E-03
  0.2029833333333E+02  0.9796856E-02  0.8242590E-03 -0.2809808E-02 -0.1683118E-03  0.6503235E-02  0.3978592E-03
  0.2033166666667E+02  0.9824301E-02  0.8233678E-03 -0.2815350E-02 -0.1662520E-03  0.6516332E-02  0.3929161E-03
  0.2036500000000E+02  0.9851718E-02  0.8225135E-03 -0.2820823E-02 -0.1641817E-03  0.6529264E-02  0.3879476E-03
  0.2039833333333E+02  0.9879108E-02  0.8216943E-03 -0.2826226E-02 -0.1621026E-03  0.6542029E-02  0.3829576E-03
  0.2043166666667E+02  0.9906472E-02  0.8209068E-03 -0.2831560E-02 -0.1600162E-03  0.6554627E-02  0.3779487E-03
  0.2046500000000E+02  0.9933810E-02  0.8201459E-03 -0.2836824E-02 -0.1579233E-03  0.6567058E-02  0.3729224E-03
  0.2049833333333E+02  0.9961124E-02  0.8194052E-03 -0.2842018E-02 -0.1558245E-03  0.6579320E-02  0.3678798E-03
  0.2053166666667E+02  0.9988413E-02  0.8186769E-03 -0.2847142E-02 -0.1537200E-03  0.6591414E-02  0.3628208E-03
  0.2056500000000E+02  0.1001568E-01  0.8179534E-03 -0.2852196E-02 -0.1516094E-03  0.6603339E-02  0.3577445E-03
  0.2059833333333E+02  0.1004292E-01  0.8172282E-03 -0.2857179E-02 -0.1494919E-03  0.6615094E-02  0.3526484E-03
  0.2063166666667E+02  0.1007014E-01  0.8164969E-03 -0.2862091E-02 -0.1473658E-03  0.6626679E-02  0.3475288E-03
  0.2066500000000E+02  0.1009733E-01  0.8157583E-03 -0.2866932E-02 -0.1452287E-03  0.6638091E-02  0.3423800E-03
  0.2069833333333E+02  0.1012449E-01  0.8150149E-03 -0.2871701E-02 -0.1430775E-03  0.6649331E-02  0.3371947E-03
  0.2073166666667E+02  0.1015164E-01  0.8142723E-03 -0.2876398E-02 -0.1409085E-03  0.6660397E-02  0.3319649E-03
  0.2076500000000E+02  0.1017875E-01  0.8135386E-03 -0.2881022E-02 -0.1387184E-03  0.6671286E-02  0.3266828E-03
  0.2079833333333E+02  0.1020585E-01  0.8128227E-03 -0.2885572E-02 -0.1365042E-03  0.6681997E-02  0.3213421E-03
  0.2083166666667E+02  0.1023292E-01  0.8121328E-03 -0.2890048E-02 -0.1342639E-03  0.6692529E-02  0.3159392E-03
  0.2086500000000E+02  0.1025997E-01  0.8114760E-03 -0.2894448E-02 -0.1319971E-03  0.6702878E-02  0.3104734E-03
  0.2089833333333E+02  0.1028700E-01  0.8108573E-03 -0.2898771E-02 -0.1297043E-03  0.6713043E-02  0.3049470E-03
  0.2093166666667E+02  0.1031401E-01  0.8102799E-03 -0.2903017E-02 -0.1273876E-03  0.6723022E-02  0.2993651E-03
  0.2096500000000E+02  0.1034100E-01  0.8097454E-03 -0.2907186E-02 -0.1250498E-03  0.6732813E-02  0.2937347E-03
  0.2099833333333E+02  0.1036797E-01  0.8092542E-03 -0.2911276E-02 -0.1226942E-03  0.6742415E-02  0.2880633E-03
  0.2103166666667E+02  0.1039493E-01  0.8088060E-03 -0.2915286E-02 -0.1203240E-03  0.6751827E-02  0.2823585E-03
  0.2106500000000E+02  0.1042188E-01  0.8084002E-03 -0.2919218E-02 -0.1179421E-03  0.6761048E-02  0.2766265E-03
  0.2109833333333E+02  0.1044882E-01  0.8080355E-03 -0.2923069E-02 -0.1155508E-03  0.6770077E-02  0.2708725E-03
  0.2113166666667E+02  0.1047574E-01  0.8077095E-03 -0.2926841E-02 -0.1131519E-03  0.6778913E-02  0.2651007E-03
  0.2116500000000E+02  0.1050265E-01  0.8074179E-03 -0.2930533E-02 -0.1107471E-03  0.6787557E-02  0.2593145E-03
  0.2119833333333E+02  0.1052956E-01  0.8071551E-03 -0.2934144E-02 -0.1083376E-03  0.6796008E-02  0.2535167E-03
  0.2123166666667E+02  0.1055646E-01  0.8069140E-03 -0.2937675E-02 -0.1059247E-03  0.6804265E-02  0.2477097E-03
  0.2126500000000E+02  0.1058334E-01  0.8066874E-03 -0.2941125E-02 -0.1035089E-03  0.6812328E-02  0.2418948E-03
  0.2129833333333E+02  0.1061023E-01  0.8064687E-03 -0.2944495E-02 -0.1010905E-03  0.6820197E-02  0.2360717E-03
  0.2133166666667E+02  0.1063710E-01  0.8062534E-03 -0.2947784E-02 -0.9866843E-04  0.6827872E-02  0.2302383E-03
  0.2136500000000E+02  0.1066397E-01  0.8060401E-03 -0.2950992E-02 -0.9624104E-04  0.6835351E-02  0.2243903E-03
  0.2139833333333E+02  0.1069083E-01  0.8058308E-03 -0.2954119E-02 -0.9380548E-04  0.6842635E-02  0.2185210E-03
  0.2143166666667E+02  0.1071769E-01  0.8056312E-03 -0.2957164E-02 -0.9135820E-04  0.6849723E-02  0.2126220E-03
  0.2146500000000E+02  0.1074453E-01  0.8054493E-03 -0.2960127E-02 -0.8889538E-04  0.6856612E-02  0.2066846E-03
  0.2149833333333E+02  0.1077138E-01  0.8052938E-03 -0.2963007E-02 -0.8641358E-04  0.6863302E-02  0.2007011E-03
  0.2153166666667E+02  0.1079822E-01  0.8051729E-03 -0.2965805E-02 -0.8391025E-04  0.6869791E-02  0.1946662E-03
  0.2156500000000E+02  0.1082505E-01  0.8050930E-03 -0.2968517E-02 -0.8138402E-04  0.6876077E-02  0.1885773E-03
  0.2159833333333E+02  0.1085189E-01  0.8050590E-03 -0.2971145E-02 -0.7883490E-04  0.6882158E-02  0.1824351E-03
  0.2163166666667E+02  0.1087872E-01  0.8050732E-03 -0.2973687E-02 -0.7626421E-04  0.6888033E-02  0.1762432E-03
  0.2166500000000E+02  0.1090556E-01  0.8051365E-03 -0.2976143E-02 -0.7367428E-04  0.6893700E-02  0.1700073E-03
  0.2169833333333E+02  0.1093240E-01  0.8052487E-03 -0.2978512E-02 -0.7106797E-04  0.6899158E-02  0.1637343E-03
  0.2173166666667E+02  0.1095925E-01  0.8054093E-03 -0.2980794E-02 -0.6844821E-04  0.6904405E-02  0.1574308E-03
  0.2176500000000E+02  0.1098610E-01  0.8056174E-03 -0.2982988E-02 -0.6581765E-04  0.6909442E-02  0.1511032E-03
  0.2179833333333E+02  0.1101297E-01  0.8058717E-03 -0.2985093E-02 -0.6317855E-04  0.6914267E-02  0.1447565E-03
  0.2183166666667E+02  0.1103984E-01  0.8061698E-03 -0.2987111E-02 -0.6053288E-04  0.6918881E-02  0.1383954E-03
  0.2186500000000E+02  0.1106672E-01  0.8065078E-03 -0.2989041E-02 -0.5788247E-04  0.6923281E-02  0.1320243E-03
  0.2189833333333E+02  0.1109362E-01  0.8068803E-03 -0.2990882E-02 -0.5522915E-04  0.6927470E-02  0.1256472E-03
  0.2193166666667E+02  0.1112053E-01  0.8072803E-03 -0.2992634E-02 -0.5257464E-04  0.6931445E-02  0.1192680E-03
  0.2196500000000E+02  0.1114745E-01  0.8077010E-03 -0.2994298E-02 -0.4992033E-04  0.6935208E-02  0.1128897E-03
  0.2199833333333E+02  0.1117439E-01  0.8081360E-03 -0.2995874E-02 -0.4726700E-04  0.6938759E-02  0.1065138E-03
  0.2203166666667E+02  0.1120134E-01  0.8085813E-03 -0.2997361E-02 -0.4461451E-04  0.6942097E-02  0.1001398E-03
  0.2206500000000E+02  0.1122831E-01  0.8090361E-03 -0.2998760E-02 -0.4196158E-04  0.6945222E-02  0.9376419E-04
  0.2209833333333E+02  0.1125529E-01  0.8095031E-03 -0.3000070E-02 -0.3930575E-04  0.6948135E-02  0.8738110E-04
  0.2213166666667E+02  0.1128229E-01  0.8099887E-03 -0.3001291E-02 -0.3664366E-04  0.6950834E-02  0.8098247E-04
  0.2216500000000E+02  0.1130931E-01  0.8105011E-03 -0.3002424E-02 -0.3397157E-04  0.6953320E-02  0.7455954E-04
  0.2219833333333E+02  0.1133634E-01  0.8110490E-03 -0.3003466E-02 -0.3128601E-04  0.6955590E-02  0.6810441E-04
  0.2223166666667E+02  0.1136340E-01  0.8116401E-03 -0.3004419E-02 -0.2858432E-04  0.6957643E-02  0.6161124E-04
  0.2226500000000E+02  0.1139047E-01  0.8122803E-03 -0.3005281E-02 -0.2586496E-04  0.6959479E-02  0.5507700E-04
  0.2229833333333E+02  0.1141757E-01  0.8129730E-03 -0.3006052E-02 -0.2312770E-04  0.6961096E-02  0.4850166E-04
  0.2233166666667E+02  0.1144470E-01  0.8137198E-03 -0.3006731E-02 -0.2037354E-04  0.6962492E-02  0.4188792E-04
  0.2236500000000E+02  0.1147185E-01  0.8145206E-03 -0.3007318E-02 -0.1760440E-04  0.6963667E-02  0.3524047E-04
  0.2239833333333E+02  0.1149903E-01  0.8153744E-03 -0.3007812E-02 -0.1482264E-04  0.6964619E-02  0.2856492E-04
  0.2243166666667E+02  0.1152624E-01  0.8162803E-03 -0.3008213E-02 -0.1203063E-04  0.6965348E-02  0.2186685E-04
  0.2246500000000E+02  0.1155348E-01  0.8172371E-03 -0.3008521E-02 -0.9230501E-05  0.6965853E-02  0.1515133E-04
  0.2249833333333E+02  0.1158075E-01  0.8182432E-03 -0.3008735E-02 -0.6424088E-05  0.6966134E-02  0.8422900E-05
  0.2253166666667E+02  0.1160806E-01  0.8192961E-03 -0.3008856E-02 -0.3613130E-05  0.6966190E-02  0.1685900E-05
  0.2256500000000E+02  0.1163541E-01  0.8203915E-03 -0.3008882E-02 -0.7994638E-06  0.6966022E-02 -0.5055120E-05
  0.2259833333333E+02  0.1166279E-01  0.8215237E-03 -0.3008815E-02  0.2014898E-05  0.6965628E-02 -0.1179533E-04
  0.2263166666667E+02  0.1169022E-01  0.8226858E-03 -0.3008654E-02  0.4827895E-05  0.6965011E-02 -0.1852996E-04
  0.2266500000000E+02  0.1171768E-01  0.8238710E-03 -0.3008400E-02  0.7637713E-05  0.6964169E-02 -0.2525493E-04
  0.2269833333333E+02  0.1174518E-01  0.8250738E-03 -0.3008052E-02  0.1044316E-04  0.6963103E-02 -0.3196772E-04
  0.2273166666667E+02  0.1177272E-01  0.8262911E-03 -0.3007610E-02  0.1324402E-04  0.6961814E-02 -0.3866818E-04
  0.2276500000000E+02  0.1180031E-01  0.8275235E-03 -0.3007075E-02  0.1604129E-04  0.6960302E-02 -0.4535900E-04
  0.2279833333333E+02  0.1182793E-01  0.8287752E-03 -0.3006447E-02  0.1883718E-04  0.6958567E-02 -0.5204572E-04
  0.2283166666667E+02  0.1185560E-01  0.8300534E-03 -0.3005726E-02  0.2163479E-04  0.6956610E-02 -0.5873585E-04
  0.2286500000000E+02  0.1188331E-01  0.8313669E-03 -0.3004912E-02  0.2443751E-04  0.6954428E-02 -0.6543747E-04
  0.2289833333333E+02  0.1191107E-01  0.8327238E-03 -0.3004003E-02  0.2724844E-04  0.6952023E-02 -0.7215769E-04
  0.2293166666667E+02  0.1193888E-01  0.8341307E-03 -0.3003001E-02  0.3006985E-04  0.6949393E-02 -0.7890159E-04
  0.2296500000000E+02  0.1196673E-01  0.8355922E-03 -0.3001904E-02  0.3290296E-04  0.6946537E-02 -0.8567169E-04
  0.2299833333333E+02  0.1199463E-01  0.8371103E-03 -0.3000713E-02  0.3574783E-04  0.6943455E-02 -0.9246784E-04
  0.2303166666667E+02  0.1202259E-01  0.8386851E-03 -0.2999426E-02  0.3860350E-04  0.6940146E-02 -0.9928768E-04
  0.2306500000000E+02  0.1205060E-01  0.8403155E-03 -0.2998044E-02  0.4146837E-04  0.6936608E-02 -0.1061274E-03
  0.2309833333333E+02  0.1207867E-01  0.8420001E-03 -0.2996566E-02  0.4434065E-04  0.6932842E-02 -0.1129829E-03
  0.2313166666667E+02  0.1210679E-01  0.8437378E-03 -0.2994992E-02  0.4721871E-04  0.6928847E-02 -0.1198501E-03
  0.2316500000000E+02  0.1213498E-01  0.8455272E-03 -0.2993322E-02  0.5010117E-04  0.6924623E-02 -0.1267256E-03
  0.2319833333333E+02  0.1216322E-01  0.8473664E-03 -0.2991555E-02  0.5298680E-04  0.6920169E-02 -0.1336059E-03
  0.2323166666667E+02  0.1219153E-01  0.8492524E-03 -0.2989693E-02  0.5587422E-04  0.6915486E-02 -0.1404872E-03
  0.2326500000000E+02  0.1221990E-01  0.8511802E-03 -0.2987734E-02  0.5876172E-04  0.6910574E-02 -0.1473652E-03
  0.2329833333333E+02  0.1224834E-01  0.8531438E-03 -0.2985679E-02  0.6164722E-04  0.6905433E-02 -0.1542345E-03
  0.2333166666667E+02  0.1227684E-01  0.8551362E-03 -0.2983528E-02  0.6452855E-04  0.6900063E-02 -0.1610902E-03
  0.2336500000000E+02  0.1230542E-01  0.8571511E-03 -0.2981282E-02  0.6740374E-04  0.6894466E-02 -0.1679276E-03
  0.2339833333333E+02  0.1233406E-01  0.8591842E-03 -0.2978939E-02  0.7027152E-04  0.6888641E-02 -0.1747441E-03
  0.2343166666667E+02  0.1236276E-01  0.8612343E-03 -0.2976501E-02  0.7313164E-04  0.6882589E-02 -0.1815394E-03
  0.2346500000000E+02  0.1239154E-01  0.8633040E-03 -0.2973969E-02  0.7598508E-04  0.6876312E-02 -0.1883163E-03
  0.2349833333333E+02  0.1242039E-01  0.8653991E-03 -0.2971341E-02  0.7883390E-04  0.6869810E-02 -0.1950799E-03
  0.2353166666667E+02  0.1244930E-01  0.8675279E-03 -0.2968618E-02  0.8168081E-04  0.6863082E-02 -0.2018370E-03
  0.2356500000000E+02  0.1247829E-01  0.8696985E-03 -0.2965801E-02  0.8452858E-04  0.6856129E-02 -0.2085942E-03
  0.2359833333333E+02  0.1250736E-01  0.8719178E-03 -0.2962888E-02  0.8737954E-04  0.6848950E-02 -0.2153569E-03
  0.2363166666667E+02  0.1253650E-01  0.8741907E-03 -0.2959880E-02  0.9023519E-04  0.6841546E-02 -0.2221286E-03
  0.2366500000000E+02  0.1256572E-01  0.8765194E-03 -0.2956777E-02  0.9309611E-04  0.6833915E-02 -0.2289106E-03
  0.2369833333333E+02  0.1259501E-01  0.8789043E-03 -0.2953578E-02  0.9596193E-04  0.6826059E-02 -0.2357020E-03
  0.2373166666667E+02  0.1262439E-01  0.8813442E-03 -0.2950284E-02  0.9883168E-04  0.6817975E-02 -0.2425009E-03
  0.2376500000000E+02  0.1265385E-01  0.8838374E-03 -0.2946894E-02  0.1017042E-03  0.6809665E-02 -0.2493044E-03
  0.2379833333333E+02  0.1268340E-01  0.8863826E-03 -0.2943408E-02  0.1045783E-03  0.6801128E-02 -0.2561102E-03
  0.2383166666667E+02  0.1271303E-01  0.8889786E-03 -0.2939826E-02  0.1074535E-03  0.6792364E-02 -0.2629163E-03
  0.2386500000000E+02  0.1274275E-01  0.8916242E-03 -0.2936148E-02  0.1103291E-03  0.6783374E-02 -0.2697206E-03
  0.2389833333333E+02  0.1277256E-01  0.8943169E-03 -0.2932375E-02  0.1132045E-03  0.6774156E-02 -0.2765211E-03
  0.2393166666667E+02  0.1280246E-01  0.8970531E-03 -0.2928505E-02  0.1160786E-03  0.6764712E-02 -0.2833145E-03
  0.2396500000000E+02  0.1283246E-01  0.8998272E-03 -0.2924540E-02  0.1189499E-03  0.6755043E-02 -0.2900963E-03
  0.2399833333333E+02  0.1286255E-01  0.9026326E-03 -0.2920480E-02  0.1218163E-03  0.6745147E-02 -0.2968615E-03
  0.2403166666667E+02  0.1289273E-01  0.9054631E-03 -0.2916324E-02  0.1246756E-03  0.6735027E-02 -0.3036049E-03
  0.2406500000000E+02  0.1292300E-01  0.9083134E-03 -0.2912073E-02  0.1275262E-03  0.6724683E-02 -0.3103225E-03
  0.2409833333333E+02  0.1295338E-01  0.9111813E-03 -0.2907728E-02  0.1303668E-03  0.6714116E-02 -0.3170119E-03
  0.2413166666667E+02  0.1298385E-01  0.9140683E-03 -0.2903288E-02  0.1331976E-03  0.6703327E-02 -0.3236736E-03
  0.2416500000000E+02  0.1301441E-01  0.9169791E-03 -0.2898754E-02  0.1360195E-03  0.6692316E-02 -0.3303105E-03
  0.2419833333333E+02  0.1304508E-01  0.9199211E-03 -0.2894126E-02  0.1388345E-03  0.6681085E-02 -0.3369273E-03
  0.2423166666667E+02  0.1307584E-01  0.9229019E-03 -0.2889404E-02  0.1416445E-03  0.6669634E-02 -0.3435291E-03
  0.2426500000000E+02  0.1310670E-01  0.9259280E-03 -0.2884589E-02  0.1444514E-03  0.6657964E-02 -0.3501204E-03
  0.2429833333333E+02  0.1313767E-01  0.9290041E-03 -0.2879681E-02  0.1472563E-03  0.6646074E-02 -0.3567042E-03
  0.2433166666667E+02  0.1316874E-01  0.9321321E-03 -0.2874679E-02  0.1500599E-03  0.6633964E-02 -0.3632819E-03
  0.2436500000000E+02  0.1319992E-01  0.9353120E-03 -0.2869583E-02  0.1528619E-03  0.6621636E-02 -0.3698536E-03
  0.2439833333333E+02  0.1323120E-01  0.9385424E-03 -0.2864395E-02  0.1556617E-03  0.6609089E-02 -0.3764178E-03
  0.2443166666667E+02  0.1326260E-01  0.9418216E-03 -0.2859113E-02  0.1584584E-03  0.6596323E-02 -0.3829734E-03
  0.2446500000000E+02  0.1329410E-01  0.9451481E-03 -0.2853738E-02  0.1612517E-03  0.6583339E-02 -0.3895193E-03
  0.2449833333333E+02  0.1332572E-01  0.9485210E-03 -0.2848270E-02  0.1640414E-03  0.6570137E-02 -0.3960551E-03
  0.2453166666667E+02  0.1335745E-01  0.9519397E-03 -0.2842709E-02  0.1668277E-03  0.6556718E-02 -0.4025807E-03
  0.2456500000000E+02  0.1338930E-01  0.9554027E-03 -0.2837055E-02  0.1696110E-03  0.6543081E-02 -0.4090958E-03
  0.2459833333333E+02  0.1342126E-01  0.9589072E-03 -0.2831309E-02  0.1723910E-03  0.6529228E-02 -0.4155987E-03
  0.2463166666667E+02  0.1345334E-01  0.9624485E-03 -0.2825470E-02  0.1751667E-03  0.6515158E-02 -0.4220866E-03
  0.2466500000000E+02  0.1348554E-01  0.9660208E-03 -0.2819539E-02  0.1779368E-03  0.6500873E-02 -0.4285552E-03
  0.2469833333333E+02  0.1351786E-01  0.9696179E-03 -0.2813515E-02  0.1806993E-03  0.6486373E-02 -0.4349998E-03
  0.2473166666667E+02  0.1355031E-01  0.9732346E-03 -0.2807400E-02  0.1834523E-03  0.6471659E-02 -0.4414158E-03
  0.2476500000000E+02  0.1358287E-01  0.9768685E-03 -0.2801194E-02  0.1861944E-03  0.6456733E-02 -0.4478000E-03
  0.2479833333333E+02  0.1361555E-01  0.9805201E-03 -0.2794896E-02  0.1889251E-03  0.6441594E-02 -0.4541515E-03
  0.2483166666667E+02  0.1364836E-01  0.9841936E-03 -0.2788508E-02  0.1916446E-03  0.6426245E-02 -0.4604712E-03
  0.2486500000000E+02  0.1368129E-01  0.9878954E-03 -0.2782030E-02  0.1943540E-03  0.6410686E-02 -0.4667619E-03
  0.2489833333333E+02  0.1371434E-01  0.9916323E-03 -0.2775461E-02  0.1970543E-03  0.6394919E-02 -0.4730267E-03
  0.2493166666667E+02  0.1374752E-01  0.9954096E-03 -0.2768803E-02  0.1997467E-03  0.6378943E-02 -0.4792684E-03
  0.2496500000000E+02  0.1378083E-01  0.9992309E-03 -0.2762055E-02  0.2024315E-03  0.6362760E-02 -0.4854886E-03
  0.2499833333333E+02  0.1381427E-01  0.1003097E-02 -0.2755218E-02  0.2051090E-03  0.6346371E-02 -0.4916879E-03
  0.2503166666667E+02  0.1384783E-01  0.1007008E-02 -0.2748292E-02  0.2077786E-03  0.6329775E-02 -0.4978660E-03
  0.2506500000000E+02  0.1388153E-01  0.1010961E-02 -0.2741278E-02  0.2104396E-03  0.6312974E-02 -0.5040220E-03
  0.2509833333333E+02  0.1391537E-01  0.1014954E-02 -0.2734175E-02  0.2130916E-03  0.6295969E-02 -0.5101552E-03
  0.2513166666667E+02  0.1394933E-01  0.1018986E-02 -0.2726983E-02  0.2157345E-03  0.6278760E-02 -0.5162660E-03
  0.2516500000000E+02  0.1398343E-01  0.1023057E-02 -0.2719704E-02  0.2183688E-03  0.6261348E-02 -0.5223556E-03
  0.2519833333333E+02  0.1401767E-01  0.1027167E-02 -0.2712338E-02  0.2209957E-03  0.6243734E-02 -0.5284258E-03
  0.2523166666667E+02  0.1405205E-01  0.1031314E-02 -0.2704884E-02  0.2236161E-03  0.6225918E-02 -0.5344779E-03
  0.2526500000000E+02  0.1408657E-01  0.1035499E-02 -0.2697343E-02  0.2262307E-03  0.6207901E-02 -0.5405123E-03
  0.2529833333333E+02  0.1412122E-01  0.1039716E-02 -0.2689715E-02  0.2288395E-03  0.6189684E-02 -0.5465279E-03
  0.2533166666667E+02  0.1415602E-01  0.1043961E-02 -0.2682000E-02  0.2314416E-03  0.6171266E-02 -0.5525217E-03
  0.2536500000000E+02  0.1419096E-01  0.1048229E-02 -0.2674199E-02  0.2340356E-03  0.6152650E-02 -0.5584898E-03
  0.2539833333333E+02  0.1422605E-01  0.1052515E-02 -0.2666312E-02  0.2366201E-03  0.6133836E-02 -0.5644283E-03
  0.2543166666667E+02  0.1426127E-01  0.1056816E-02 -0.2658339E-02  0.2391935E-03  0.6114825E-02 -0.5703339E-03
  0.2546500000000E+02  0.1429664E-01  0.1061133E-02 -0.2650280E-02  0.2417551E-03  0.6095618E-02 -0.5762049E-03
  0.2549833333333E+02  0.1433216E-01  0.1065471E-02 -0.2642137E-02  0.2443048E-03  0.6076216E-02 -0.5820411E-03
  0.2553166666667E+02  0.1436782E-01  0.1069834E-02 -0.2633909E-02  0.2468427E-03  0.6056622E-02 -0.5878434E-03
  0.2556500000000E+02  0.1440363E-01  0.1074227E-02 -0.2625596E-02  0.2493691E-03  0.6036834E-02 -0.5936130E-03
  0.2559833333333E+02  0.1443958E-01  0.1078656E-02 -0.2617200E-02  0.2518840E-03  0.6016856E-02 -0.5993504E-03
  0.2563166666667E+02  0.1447569E-01  0.1083121E-02 -0.2608721E-02  0.2543871E-03  0.5996688E-02 -0.6050553E-03
  0.2566500000000E+02  0.1451194E-01  0.1087621E-02 -0.2600158E-02  0.2568777E-03  0.5976330E-02 -0.6107269E-03
  0.2569833333333E+02  0.1454835E-01  0.1092154E-02 -0.2591513E-02  0.2593548E-03  0.5955785E-02 -0.6163639E-03
  0.2573166666667E+02  0.1458490E-01  0.1096718E-02 -0.2582786E-02  0.2618174E-03  0.5935052E-02 -0.6219652E-03
  0.2576500000000E+02  0.1462162E-01  0.1101311E-02 -0.2573977E-02  0.2642652E-03  0.5914135E-02 -0.6275308E-03
  0.2579833333333E+02  0.1465848E-01  0.1105932E-02 -0.2565087E-02  0.2666985E-03  0.5893033E-02 -0.6330620E-03
  0.2583166666667E+02  0.1469550E-01  0.1110580E-02 -0.2556116E-02  0.2691185E-03  0.5871747E-02 -0.6385615E-03
  0.2586500000000E+02  0.1473267E-01  0.1115257E-02 -0.2547065E-02  0.2715269E-03  0.5850280E-02 -0.6440327E-03
  0.2589833333333E+02  0.1477001E-01  0.1119964E-02 -0.2537934E-02  0.2739256E-03  0.5828630E-02 -0.6494789E-03
  0.2593166666667E+02  0.1480750E-01  0.1124700E-02 -0.2528724E-02  0.2763161E-03  0.5806800E-02 -0.6549022E-03
  0.2596500000000E+02  0.1484515E-01  0.1129463E-02 -0.2519434E-02  0.2786992E-03  0.5784790E-02 -0.6603031E-03
  0.2599833333333E+02  0.1488295E-01  0.1134249E-02 -0.2510065E-02  0.2810747E-03  0.5762601E-02 -0.6656802E-03
  0.2603166666667E+02  0.1492092E-01  0.1139054E-02 -0.2500617E-02  0.2834418E-03  0.5740233E-02 -0.6710310E-03
  0.2606500000000E+02  0.1495905E-01  0.1143873E-02 -0.2491090E-02  0.2857996E-03  0.5717688E-02 -0.6763524E-03
  0.2609833333333E+02  0.1499734E-01  0.1148707E-02 -0.2481485E-02  0.2881469E-03  0.5694967E-02 -0.6816419E-03
  0.2613166666667E+02  0.1503579E-01  0.1153556E-02 -0.2471802E-02  0.2904831E-03  0.5672070E-02 -0.6868974E-03
  0.2616500000000E+02  0.1507441E-01  0.1158424E-02 -0.2462042E-02  0.2928076E-03  0.5648999E-02 -0.6921182E-03
  0.2619833333333E+02  0.1511318E-01  0.1163315E-02 -0.2452205E-02  0.2951200E-03  0.5625756E-02 -0.6973036E-03
  0.2623166666667E+02  0.1515213E-01  0.1168232E-02 -0.2442291E-02  0.2974196E-03  0.5602341E-02 -0.7024525E-03
  0.2626500000000E+02  0.1519123E-01  0.1173177E-02 -0.2432301E-02  0.2997054E-03  0.5578755E-02 -0.7075632E-03
  0.2629833333333E+02  0.1523050E-01  0.1178149E-02 -0.2422235E-02  0.3019761E-03  0.5555001E-02 -0.7126332E-03
  0.2633166666667E+02  0.1526994E-01  0.1183144E-02 -0.2412094E-02  0.3042299E-03  0.5531079E-02 -0.7176599E-03
  0.2636500000000E+02  0.1530955E-01  0.1188159E-02 -0.2401878E-02  0.3064654E-03  0.5506991E-02 -0.7226408E-03
  0.2639833333333E+02  0.1534932E-01  0.1193191E-02 -0.2391589E-02  0.3086812E-03  0.5482738E-02 -0.7275746E-03
  0.2643166666667E+02  0.1538926E-01  0.1198236E-02 -0.2381226E-02  0.3108772E-03  0.5458323E-02 -0.7324616E-03
  0.2646500000000E+02  0.1542937E-01  0.1203296E-02 -0.2370791E-02  0.3130539E-03  0.5433746E-02 -0.7373041E-03
  0.2649833333333E+02  0.1546965E-01  0.1208371E-02 -0.2360284E-02  0.3152132E-03  0.5409009E-02 -0.7421062E-03
  0.2653166666667E+02  0.1551010E-01  0.1213463E-02 -0.2349705E-02  0.3173575E-03  0.5384114E-02 -0.7468729E-03
  0.2656500000000E+02  0.1555072E-01  0.1218575E-02 -0.2339056E-02  0.3194895E-03  0.5359060E-02 -0.7516090E-03
  0.2659833333333E+02  0.1559151E-01  0.1223707E-02 -0.2328335E-02  0.3216112E-03  0.5333849E-02 -0.7563182E-03
  0.2663166666667E+02  0.1563247E-01  0.1228859E-02 -0.2317545E-02  0.3237243E-03  0.5308483E-02 -0.7610026E-03
  0.2666500000000E+02  0.1567360E-01  0.1234027E-02 -0.2306684E-02  0.3258292E-03  0.5282961E-02 -0.7656623E-03
  0.2669833333333E+02  0.1571491E-01  0.1239210E-02 -0.2295753E-02  0.3279259E-03  0.5257284E-02 -0.7702963E-03
  0.2673166666667E+02  0.1575639E-01  0.1244406E-02 -0.2284752E-02  0.3300141E-03  0.5231454E-02 -0.7749027E-03
  0.2676500000000E+02  0.1579804E-01  0.1249615E-02 -0.2273683E-02  0.3320930E-03  0.5205471E-02 -0.7794799E-03
  0.2679833333333E+02  0.1583987E-01  0.1254840E-02 -0.2262544E-02  0.3341622E-03  0.5179337E-02 -0.7840261E-03
  0.2683166666667E+02  0.1588188E-01  0.1260082E-02 -0.2251336E-02  0.3362208E-03  0.5153052E-02 -0.7885398E-03
  0.2686500000000E+02  0.1592405E-01  0.1265347E-02 -0.2240061E-02  0.3382677E-03  0.5126618E-02 -0.7930188E-03
  0.2689833333333E+02  0.1596641E-01  0.1270632E-02 -0.2228717E-02  0.3403014E-03  0.5100036E-02 -0.7974598E-03
  0.2693166666667E+02  0.1600894E-01  0.1275938E-02 -0.2217307E-02  0.3423197E-03  0.5073308E-02 -0.8018586E-03
  0.2696500000000E+02  0.1605165E-01  0.1281258E-02 -0.2205829E-02  0.3443201E-03  0.5046434E-02 -0.8062106E-03
  0.2699833333333E+02  0.1609453E-01  0.1286589E-02 -0.2194286E-02  0.3463001E-03  0.5019417E-02 -0.8105113E-03
  0.2703166666667E+02  0.1613760E-01  0.1291923E-02 -0.2182678E-02  0.3482575E-03  0.4992258E-02 -0.8147573E-03
  0.2706500000000E+02  0.1618084E-01  0.1297257E-02 -0.2171005E-02  0.3501909E-03  0.4964960E-02 -0.8189470E-03
  0.2709833333333E+02  0.1622426E-01  0.1302589E-02 -0.2159268E-02  0.3521003E-03  0.4937524E-02 -0.8230814E-03
  0.2713166666667E+02  0.1626786E-01  0.1307920E-02 -0.2147468E-02  0.3539868E-03  0.4909952E-02 -0.8271639E-03
  0.2716500000000E+02  0.1631163E-01  0.1313253E-02 -0.2135607E-02  0.3558529E-03  0.4882245E-02 -0.8312000E-03
  0.2719833333333E+02  0.1635559E-01  0.1318592E-02 -0.2123683E-02  0.3577015E-03  0.4854406E-02 -0.8351959E-03
  0.2723166666667E+02  0.1639972E-01  0.1323939E-02 -0.2111699E-02  0.3595360E-03  0.4826434E-02 -0.8391580E-03
  0.2726500000000E+02  0.1644403E-01  0.1329298E-02 -0.2099653E-02  0.3613591E-03  0.4798331E-02 -0.8430911E-03
  0.2729833333333E+02  0.1648852E-01  0.1334669E-02 -0.2087548E-02  0.3631729E-03  0.4770097E-02 -0.8469986E-03
  0.2733166666667E+02  0.1653318E-01  0.1340051E-02 -0.2075382E-02  0.3649787E-03  0.4741735E-02 -0.8508823E-03
  0.2736500000000E+02  0.1657803E-01  0.1345445E-02 -0.2063156E-02  0.3667771E-03  0.4713243E-02 -0.8547424E-03
  0.2739833333333E+02  0.1662306E-01  0.1350851E-02 -0.2050870E-02  0.3685685E-03  0.4684624E-02 -0.8585787E-03
  0.2743166666667E+02  0.1666827E-01  0.1356271E-02 -0.2038525E-02  0.3703525E-03  0.4655878E-02 -0.8623901E-03
  0.2746500000000E+02  0.1671366E-01  0.1361708E-02 -0.2026121E-02  0.3721287E-03  0.4627005E-02 -0.8661751E-03
  0.2749833333333E+02  0.1675923E-01  0.1367164E-02 -0.2013657E-02  0.3738960E-03  0.4598007E-02 -0.8699313E-03
  0.2753166666667E+02  0.1680499E-01  0.1372639E-02 -0.2001136E-02  0.3756524E-03  0.4568885E-02 -0.8736543E-03
  0.2756500000000E+02  0.1685092E-01  0.1378129E-02 -0.1988556E-02  0.3773951E-03  0.4539641E-02 -0.8773386E-03
  0.2759833333333E+02  0.1689705E-01  0.1383628E-02 -0.1975919E-02  0.3791210E-03  0.4510275E-02 -0.8809776E-03
  0.2763166666667E+02  0.1694335E-01  0.1389129E-02 -0.1963224E-02  0.3808263E-03  0.4480789E-02 -0.8845645E-03
  0.2766500000000E+02  0.1698984E-01  0.1394622E-02 -0.1950474E-02  0.3825079E-03  0.4451186E-02 -0.8880933E-03
  0.2769833333333E+02  0.1703651E-01  0.1400100E-02 -0.1937669E-02  0.3841631E-03  0.4421468E-02 -0.8915601E-03
  0.2773166666667E+02  0.1708336E-01  0.1405559E-02 -0.1924809E-02  0.3857907E-03  0.4391636E-02 -0.8949635E-03
  0.2776500000000E+02  0.1713039E-01  0.1410999E-02 -0.1911896E-02  0.3873908E-03  0.4361692E-02 -0.8983050E-03
  0.2779833333333E+02  0.1717761E-01  0.1416419E-02 -0.1898930E-02  0.3889651E-03  0.4331639E-02 -0.9015891E-03
  0.2783166666667E+02  0.1722500E-01  0.1421824E-02 -0.1885913E-02  0.3905163E-03  0.4301478E-02 -0.9048219E-03
  0.2786500000000E+02  0.1727257E-01  0.1427217E-02 -0.1872845E-02  0.3920478E-03  0.4271211E-02 -0.9080098E-03
  0.2789833333333E+02  0.1732033E-01  0.1432601E-02 -0.1859726E-02  0.3935626E-03  0.4240839E-02 -0.9111588E-03
  0.2793166666667E+02  0.1736826E-01  0.1437974E-02 -0.1846557E-02  0.3950632E-03  0.4210364E-02 -0.9142728E-03
  0.2796500000000E+02  0.1741637E-01  0.1443332E-02 -0.1833339E-02  0.3965507E-03  0.4179785E-02 -0.9173530E-03
  0.2799833333333E+02  0.1746466E-01  0.1448669E-02 -0.1820072E-02  0.3980251E-03  0.4149105E-02 -0.9203981E-03
  0.2803166666667E+02  0.1751313E-01  0.1453974E-02 -0.1806755E-02  0.3994853E-03  0.4118325E-02 -0.9234036E-03
  0.2806500000000E+02  0.1756177E-01  0.1459234E-02 -0.1793391E-02  0.4009284E-03  0.4087446E-02 -0.9263625E-03
  0.2809833333333E+02  0.1761058E-01  0.1464433E-02 -0.1779979E-02  0.4023508E-03  0.4056471E-02 -0.9292652E-03
  0.2813166666667E+02  0.1765957E-01  0.1469554E-02 -0.1766521E-02  0.4037476E-03  0.4025401E-02 -0.9321004E-03
  0.2816500000000E+02  0.1770872E-01  0.1474581E-02 -0.1753017E-02  0.4051134E-03  0.3994239E-02 -0.9348556E-03
  0.2819833333333E+02  0.1775804E-01  0.1479494E-02 -0.1739469E-02  0.4064423E-03  0.3962988E-02 -0.9375181E-03
  0.2823166666667E+02  0.1780751E-01  0.1484278E-02 -0.1725878E-02  0.4077286E-03  0.3931653E-02 -0.9400756E-03
  0.2826500000000E+02  0.1785714E-01  0.1488919E-02 -0.1712246E-02  0.4089668E-03  0.3900235E-02 -0.9425171E-03
  0.2829833333333E+02  0.1790692E-01  0.1493405E-02 -0.1698574E-02  0.4101523E-03  0.3868741E-02 -0.9448344E-03
  0.2833166666667E+02  0.1795685E-01  0.1497730E-02 -0.1684865E-02  0.4112820E-03  0.3837173E-02 -0.9470219E-03
  0.2836500000000E+02  0.1800691E-01  0.1501891E-02 -0.1671120E-02  0.4123540E-03  0.3805538E-02 -0.9490779E-03
  0.2839833333333E+02  0.1805711E-01  0.1505889E-02 -0.1657341E-02  0.4133680E-03  0.3773837E-02 -0.9510039E-03
  0.2843166666667E+02  0.1810743E-01  0.1509730E-02 -0.1643530E-02  0.4143256E-03  0.3742077E-02 -0.9528045E-03
  0.2846500000000E+02  0.1815788E-01  0.1513421E-02 -0.1629689E-02  0.4152294E-03  0.3710261E-02 -0.9544868E-03
  0.2849833333333E+02  0.1820844E-01  0.1516972E-02 -0.1615820E-02  0.4160830E-03  0.3678392E-02 -0.9560593E-03
  0.2853166666667E+02  0.1825912E-01  0.1520392E-02 -0.1601923E-02  0.4168907E-03  0.3646475E-02 -0.9575311E-03
  0.2856500000000E+02  0.1830991E-01  0.1523688E-02 -0.1588001E-02  0.4176564E-03  0.3614511E-02 -0.9589105E-03
  0.2859833333333E+02  0.1836081E-01  0.1526868E-02 -0.1574055E-02  0.4183838E-03  0.3582504E-02 -0.9602039E-03
  0.2863166666667E+02  0.1841181E-01  0.1529931E-02 -0.1560086E-02  0.4190753E-03  0.3550457E-02 -0.9614154E-03
  0.2866500000000E+02  0.1846290E-01  0.1532877E-02 -0.1546095E-02  0.4197318E-03  0.3518372E-02 -0.9625457E-03
  0.2869833333333E+02  0.1851409E-01  0.1535698E-02 -0.1532083E-02  0.4203528E-03  0.3486252E-02 -0.9635922E-03
  0.2873166666667E+02  0.1856537E-01  0.1538384E-02 -0.1518052E-02  0.4209360E-03  0.3454101E-02 -0.9645487E-03
  0.2876500000000E+02  0.1861674E-01  0.1540920E-02 -0.1504003E-02  0.4214776E-03  0.3421921E-02 -0.9654062E-03
  0.2879833333333E+02  0.1866818E-01  0.1543290E-02 -0.1489937E-02  0.4219723E-03  0.3389715E-02 -0.9661532E-03
  0.2883166666667E+02  0.1871969E-01  0.1545476E-02 -0.1475857E-02  0.4224142E-03  0.3357490E-02 -0.9667767E-03
  0.2886500000000E+02  0.1877128E-01  0.1547458E-02 -0.1461763E-02  0.4227969E-03  0.3325247E-02 -0.9672635E-03
  0.2889833333333E+02  0.1882292E-01  0.1549221E-02 -0.1447660E-02  0.4231143E-03  0.3292994E-02 -0.9676014E-03
  0.2893166666667E+02  0.1887461E-01  0.1550751E-02 -0.1433548E-02  0.4233612E-03  0.3260735E-02 -0.9677802E-03
  0.2896500000000E+02  0.1892634E-01  0.1552039E-02 -0.1419430E-02  0.4235335E-03  0.3228475E-02 -0.9677930E-03
  0.2899833333333E+02  0.1897811E-01  0.1553081E-02 -0.1405309E-02  0.4236291E-03  0.3196220E-02 -0.9676366E-03
  0.2903166666667E+02  0.1902991E-01  0.1553880E-02 -0.1391187E-02  0.4236474E-03  0.3163977E-02 -0.9673117E-03
  0.2906500000000E+02  0.1908172E-01  0.1554440E-02 -0.1377068E-02  0.4235897E-03  0.3131749E-02 -0.9668226E-03
  0.2909833333333E+02  0.1913355E-01  0.1554772E-02 -0.1362952E-02  0.4234589E-03  0.3099543E-02 -0.9661764E-03
  0.2913166666667E+02  0.1918538E-01  0.1554887E-02 -0.1348844E-02  0.4232591E-03  0.3067364E-02 -0.9653825E-03
  0.2916500000000E+02  0.1923721E-01  0.1554798E-02 -0.1334744E-02  0.4229950E-03  0.3035216E-02 -0.9644513E-03
  0.2919833333333E+02  0.1928902E-01  0.1554516E-02 -0.1320655E-02  0.4226718E-03  0.3003103E-02 -0.9633931E-03
  0.2923166666667E+02  0.1934082E-01  0.1554053E-02 -0.1306578E-02  0.4222941E-03  0.2971029E-02 -0.9622169E-03
  0.2926500000000E+02  0.1939260E-01  0.1553413E-02 -0.1292516E-02  0.4218657E-03  0.2938998E-02 -0.9609294E-03
  0.2929833333333E+02  0.1944436E-01  0.1552600E-02 -0.1278470E-02  0.4213894E-03  0.2907013E-02 -0.9595345E-03
  0.2933166666667E+02  0.1949608E-01  0.1551610E-02 -0.1264441E-02  0.4208658E-03  0.2875079E-02 -0.9580327E-03
  0.2936500000000E+02  0.1954776E-01  0.1550437E-02 -0.1250431E-02  0.4202942E-03  0.2843198E-02 -0.9564206E-03
  0.2939833333333E+02  0.1959940E-01  0.1549068E-02 -0.1236442E-02  0.4196721E-03  0.2811375E-02 -0.9546918E-03
  0.2943166666667E+02  0.1965098E-01  0.1547488E-02 -0.1222476E-02  0.4189953E-03  0.2779614E-02 -0.9528368E-03
  0.2946500000000E+02  0.1970250E-01  0.1545681E-02 -0.1208534E-02  0.4182586E-03  0.2747919E-02 -0.9508440E-03
  0.2949833333333E+02  0.1975395E-01  0.1543627E-02 -0.1194618E-02  0.4174559E-03  0.2716296E-02 -0.9487008E-03
  0.2953166666667E+02  0.1980533E-01  0.1541308E-02 -0.1180732E-02  0.4165811E-03  0.2684749E-02 -0.9463950E-03
  0.2956500000000E+02  0.1985662E-01  0.1538710E-02 -0.1166878E-02  0.4156286E-03  0.2653285E-02 -0.9439156E-03
  0.2959833333333E+02  0.1990782E-01  0.1535821E-02 -0.1153058E-02  0.4145939E-03  0.2621910E-02 -0.9412542E-03
  0.2963166666667E+02  0.1995890E-01  0.1532634E-02 -0.1139276E-02  0.4134739E-03  0.2590630E-02 -0.9384059E-03
  0.2966500000000E+02  0.2000988E-01  0.1529150E-02 -0.1125534E-02  0.4122673E-03  0.2559451E-02 -0.9353698E-03
  0.2969833333333E+02  0.2006072E-01  0.1525374E-02 -0.1111834E-02  0.4109748E-03  0.2528379E-02 -0.9321486E-03
  0.2973166666667E+02  0.2011143E-01  0.1521313E-02 -0.1098181E-02  0.4095985E-03  0.2497421E-02 -0.9287484E-03
  0.2976500000000E+02  0.2016200E-01  0.1516981E-02 -0.1084576E-02  0.4081422E-03  0.2466582E-02 -0.9251781E-03
  0.2979833333333E+02  0.2021241E-01  0.1512393E-02 -0.1071023E-02  0.4066108E-03  0.2435867E-02 -0.9214482E-03
  0.2983166666667E+02  0.2026266E-01  0.1507563E-02 -0.1057522E-02  0.4050095E-03  0.2405281E-02 -0.9175700E-03
  0.2986500000000E+02  0.2031275E-01  0.1502505E-02 -0.1044078E-02  0.4033439E-03  0.2374829E-02 -0.9135541E-03
  0.2989833333333E+02  0.2036265E-01  0.1497229E-02 -0.1030690E-02  0.4016189E-03  0.2344516E-02 -0.9094100E-03
  0.2993166666667E+02  0.2041238E-01  0.1491743E-02 -0.1017362E-02  0.3998384E-03  0.2314344E-02 -0.9051445E-03
  0.2996500000000E+02  0.2046191E-01  0.1486051E-02 -0.1004095E-02  0.3980050E-03  0.2284319E-02 -0.9007616E-03
  0.2999833333333E+02  0.2051125E-01  0.1480150E-02 -0.9908915E-03  0.3961197E-03  0.2254443E-02 -0.8962623E-03
  0.3003166666667E+02  0.2056039E-01  0.1474034E-02 -0.9777521E-03  0.3941820E-03  0.2224722E-02 -0.8916439E-03
  0.3006500000000E+02  0.2060931E-01  0.1467694E-02 -0.9646791E-03  0.3921895E-03  0.2195159E-02 -0.8869011E-03
  0.3009833333333E+02  0.2065801E-01  0.1461117E-02 -0.9516745E-03  0.3901388E-03  0.2165758E-02 -0.8820260E-03
  0.3013166666667E+02  0.2070649E-01  0.1454287E-02 -0.9387403E-03  0.3880253E-03  0.2136524E-02 -0.8770092E-03
  0.3016500000000E+02  0.2075473E-01  0.1447189E-02 -0.9258788E-03  0.3858439E-03  0.2107463E-02 -0.8718403E-03
  0.3019833333333E+02  0.2080272E-01  0.1439809E-02 -0.9130925E-03  0.3835896E-03  0.2078579E-02 -0.8665097E-03
  0.3023166666667E+02  0.2085046E-01  0.1432134E-02 -0.9003839E-03  0.3812579E-03  0.2049879E-02 -0.8610089E-03
  0.3026500000000E+02  0.2089793E-01  0.1424157E-02 -0.8877557E-03  0.3788453E-03  0.2021368E-02 -0.8553321E-03
  0.3029833333333E+02  0.2094513E-01  0.1415874E-02 -0.8752107E-03  0.3763500E-03  0.1993052E-02 -0.8494767E-03
  0.3033166666667E+02  0.2099204E-01  0.1407290E-02 -0.8627517E-03  0.3737714E-03  0.1964937E-02 -0.8434433E-03
  0.3036500000000E+02  0.2103865E-01  0.1398410E-02 -0.8503813E-03  0.3711111E-03  0.1937029E-02 -0.8372363E-03
  0.3039833333333E+02  0.2108496E-01  0.1389247E-02 -0.8381023E-03  0.3683720E-03  0.1909334E-02 -0.8308632E-03
  0.3043166666667E+02  0.2113095E-01  0.1379817E-02 -0.8259170E-03  0.3655583E-03  0.1881856E-02 -0.8243336E-03
  0.3046500000000E+02  0.2117663E-01  0.1370137E-02 -0.8138278E-03  0.3626755E-03  0.1854601E-02 -0.8176593E-03
  0.3049833333333E+02  0.2122197E-01  0.1360226E-02 -0.8018368E-03  0.3597295E-03  0.1827572E-02 -0.8108525E-03
  0.3053166666667E+02  0.2126697E-01  0.1350100E-02 -0.7899459E-03  0.3567265E-03  0.1800775E-02 -0.8039257E-03
  0.3056500000000E+02  0.2131163E-01  0.1339776E-02 -0.7781569E-03  0.3536721E-03  0.1774212E-02 -0.7968901E-03
  0.3059833333333E+02  0.2135594E-01  0.1329268E-02 -0.7664711E-03  0.3505717E-03  0.1747886E-02 -0.7897557E-03
  0.3063166666667E+02  0.2139989E-01  0.1318585E-02 -0.7548902E-03  0.3474294E-03  0.1721802E-02 -0.7825303E-03
  0.3066500000000E+02  0.2144348E-01  0.1307735E-02 -0.7434152E-03  0.3442483E-03  0.1695961E-02 -0.7752193E-03
  0.3069833333333E+02  0.2148671E-01  0.1296720E-02 -0.7320475E-03  0.3410301E-03  0.1670367E-02 -0.7678260E-03
  0.3073166666667E+02  0.2152956E-01  0.1285542E-02 -0.7207884E-03  0.3377756E-03  0.1645022E-02 -0.7603511E-03
  0.3076500000000E+02  0.2157203E-01  0.1274197E-02 -0.7096389E-03  0.3344840E-03  0.1619929E-02 -0.7527934E-03
  0.3079833333333E+02  0.2161412E-01  0.1262680E-02 -0.6986004E-03  0.3311539E-03  0.1595091E-02 -0.7451499E-03
  0.3083166666667E+02  0.2165582E-01  0.1250986E-02 -0.6876743E-03  0.3277830E-03  0.1570510E-02 -0.7374165E-03
  0.3086500000000E+02  0.2169712E-01  0.1239106E-02 -0.6768620E-03  0.3243684E-03  0.1546191E-02 -0.7295881E-03
  0.3089833333333E+02  0.2173802E-01  0.1227033E-02 -0.6661651E-03  0.3209074E-03  0.1522135E-02 -0.7216595E-03
  0.3093166666667E+02  0.2177852E-01  0.1214761E-02 -0.6555852E-03  0.3173972E-03  0.1498348E-02 -0.7136260E-03
  0.3096500000000E+02  0.2181859E-01  0.1202285E-02 -0.6451240E-03  0.3138357E-03  0.1474832E-02 -0.7054843E-03
  0.3099833333333E+02  0.2185825E-01  0.1189603E-02 -0.6347833E-03  0.3102216E-03  0.1451591E-02 -0.6972326E-03
  0.3103166666667E+02  0.2189747E-01  0.1176719E-02 -0.6245648E-03  0.3065547E-03  0.1428628E-02 -0.6888715E-03
  0.3106500000000E+02  0.2193626E-01  0.1163637E-02 -0.6144703E-03  0.3028360E-03  0.1405948E-02 -0.6804037E-03
  0.3109833333333E+02  0.2197460E-01  0.1150367E-02 -0.6045014E-03  0.2990677E-03  0.1383554E-02 -0.6718347E-03
  0.3113166666667E+02  0.2201250E-01  0.1136923E-02 -0.5946596E-03  0.2952531E-03  0.1361448E-02 -0.6631718E-03
  0.3116500000000E+02  0.2204994E-01  0.1123318E-02 -0.5849464E-03  0.2913965E-03  0.1339634E-02 -0.6544242E-03
  0.3119833333333E+02  0.2208693E-01  0.1109572E-02 -0.5753629E-03  0.2875028E-03  0.1318114E-02 -0.6456024E-03
  0.3123166666667E+02  0.2212345E-01  0.1095702E-02 -0.5659104E-03  0.2835775E-03  0.1296890E-02 -0.6367179E-03
  0.3126500000000E+02  0.2215951E-01  0.1081728E-02 -0.5565895E-03  0.2796262E-03  0.1275964E-02 -0.6277823E-03
  0.3129833333333E+02  0.2219510E-01  0.1067668E-02 -0.5474010E-03  0.2756547E-03  0.1255337E-02 -0.6188071E-03
  0.3133166666667E+02  0.2223022E-01  0.1053539E-02 -0.5383454E-03  0.2716684E-03  0.1235010E-02 -0.6098034E-03
  0.3136500000000E+02  0.2226486E-01  0.1039358E-02 -0.5294230E-03  0.2676724E-03  0.1214984E-02 -0.6007816E-03
  0.3139833333333E+02  0.2229903E-01  0.1025140E-02 -0.5206339E-03  0.2636713E-03  0.1195259E-02 -0.5917508E-03
  0.3143166666667E+02  0.2233273E-01  0.1010899E-02 -0.5119783E-03  0.2596692E-03  0.1175835E-02 -0.5827194E-03
  0.3146500000000E+02  0.2236595E-01  0.9966449E-03 -0.5034560E-03  0.2556695E-03  0.1156712E-02 -0.5736943E-03
  0.3149833333333E+02  0.2239870E-01  0.9823886E-03 -0.4950668E-03  0.2516750E-03  0.1137889E-02 -0.5646815E-03
  0.3153166666667E+02  0.2243097E-01  0.9681385E-03 -0.4868105E-03  0.2476880E-03  0.1119366E-02 -0.5556861E-03
  0.3156500000000E+02  0.2246277E-01  0.9539017E-03 -0.4786869E-03  0.2437102E-03  0.1101142E-02 -0.5467120E-03
  0.3159833333333E+02  0.2249409E-01  0.9396842E-03 -0.4706954E-03  0.2397430E-03  0.1083217E-02 -0.5377624E-03
  0.3163166666667E+02  0.2252494E-01  0.9254909E-03 -0.4628359E-03  0.2357870E-03  0.1065589E-02 -0.5288398E-03
  0.3166500000000E+02  0.2255532E-01  0.9113259E-03 -0.4551078E-03  0.2318429E-03  0.1048257E-02 -0.5199459E-03
  0.3169833333333E+02  0.2258522E-01  0.8971922E-03 -0.4475107E-03  0.2279110E-03  0.1031221E-02 -0.5110821E-03
  0.3173166666667E+02  0.2261466E-01  0.8830923E-03 -0.4400444E-03  0.2239913E-03  0.1014480E-02 -0.5022491E-03
  0.3176500000000E+02  0.2264363E-01  0.8690279E-03 -0.4327082E-03  0.2200838E-03  0.9980315E-03 -0.4934476E-03
  0.3179833333333E+02  0.2267213E-01  0.8550007E-03 -0.4255020E-03  0.2161884E-03  0.9818756E-03 -0.4846778E-03
  0.3183166666667E+02  0.2270016E-01  0.8410120E-03 -0.4184251E-03  0.2123050E-03  0.9660109E-03 -0.4759402E-03
  0.3186500000000E+02  0.2272773E-01  0.8270631E-03 -0.4114773E-03  0.2084338E-03  0.9504364E-03 -0.4672351E-03
  0.3189833333333E+02  0.2275484E-01  0.8131557E-03 -0.4046582E-03  0.2045750E-03  0.9351510E-03 -0.4585633E-03
  0.3193166666667E+02  0.2278148E-01  0.7992917E-03 -0.3979672E-03  0.2007290E-03  0.9201535E-03 -0.4499256E-03
  0.3196500000000E+02  0.2280766E-01  0.7854739E-03 -0.3914040E-03  0.1968964E-03  0.9054427E-03 -0.4413235E-03
  0.3199833333333E+02  0.2283338E-01  0.7717052E-03 -0.3849680E-03  0.1930782E-03  0.8910174E-03 -0.4327586E-03
  0.3203166666667E+02  0.2285865E-01  0.7579897E-03 -0.3786588E-03  0.1892756E-03  0.8768763E-03 -0.4242331E-03
  0.3206500000000E+02  0.2288346E-01  0.7443319E-03 -0.3724759E-03  0.1854898E-03  0.8630180E-03 -0.4157498E-03
  0.3209833333333E+02  0.2290782E-01  0.7307370E-03 -0.3664184E-03  0.1817223E-03  0.8494409E-03 -0.4073115E-03
  0.3213166666667E+02  0.2293173E-01  0.7172107E-03 -0.3604859E-03  0.1779750E-03  0.8361435E-03 -0.3989217E-03
  0.3216500000000E+02  0.2295519E-01  0.7037594E-03 -0.3546776E-03  0.1742495E-03  0.8231241E-03 -0.3905839E-03
  0.3219833333333E+02  0.2297820E-01  0.6903897E-03 -0.3489927E-03  0.1705478E-03  0.8103807E-03 -0.3823019E-03
  0.3223166666667E+02  0.2300077E-01  0.6771085E-03 -0.3434303E-03  0.1668718E-03  0.7979113E-03 -0.3740797E-03
  0.3226500000000E+02  0.2302290E-01  0.6639227E-03 -0.3379895E-03  0.1632234E-03  0.7857140E-03 -0.3659213E-03
  0.3229833333333E+02  0.2304459E-01  0.6508394E-03 -0.3326694E-03  0.1596045E-03  0.7737863E-03 -0.3578305E-03
  0.3233166666667E+02  0.2306586E-01  0.6378655E-03 -0.3274688E-03  0.1560170E-03  0.7621259E-03 -0.3498114E-03
  0.3236500000000E+02  0.2308669E-01  0.6250076E-03 -0.3223867E-03  0.1524627E-03  0.7507303E-03 -0.3418676E-03
  0.3239833333333E+02  0.2310710E-01  0.6122720E-03 -0.3174219E-03  0.1489433E-03  0.7395969E-03 -0.3340026E-03
  0.3243166666667E+02  0.2312709E-01  0.5996648E-03 -0.3125733E-03  0.1454604E-03  0.7287229E-03 -0.3262200E-03
  0.3246500000000E+02  0.2314666E-01  0.5871916E-03 -0.3078394E-03  0.1420154E-03  0.7181055E-03 -0.3185227E-03
  0.3249833333333E+02  0.2316582E-01  0.5748573E-03 -0.3032191E-03  0.1386098E-03  0.7077417E-03 -0.3109137E-03
  0.3253166666667E+02  0.2318458E-01  0.5626665E-03 -0.2987109E-03  0.1352446E-03  0.6976285E-03 -0.3033954E-03
  0.3256500000000E+02  0.2320293E-01  0.5506235E-03 -0.2943136E-03  0.1319211E-03  0.6877628E-03 -0.2959702E-03
  0.3259833333333E+02  0.2322089E-01  0.5387316E-03 -0.2900256E-03  0.1286401E-03  0.6781415E-03 -0.2886401E-03
  0.3263166666667E+02  0.2323846E-01  0.5269941E-03 -0.2858455E-03  0.1254025E-03  0.6687613E-03 -0.2814068E-03
  0.3266500000000E+02  0.2325564E-01  0.5154134E-03 -0.2817719E-03  0.1222090E-03  0.6596189E-03 -0.2742719E-03
  0.3269833333333E+02  0.2327244E-01  0.5039920E-03 -0.2778032E-03  0.1190603E-03  0.6507110E-03 -0.2672366E-03
  0.3273166666667E+02  0.2328886E-01  0.4927314E-03 -0.2739380E-03  0.1159568E-03  0.6420342E-03 -0.2603018E-03
  0.3276500000000E+02  0.2330492E-01  0.4816332E-03 -0.2701747E-03  0.1128989E-03  0.6335853E-03 -0.2534685E-03
  0.3279833333333E+02  0.2332061E-01  0.4706986E-03 -0.2665118E-03  0.1098870E-03  0.6253607E-03 -0.2467374E-03
  0.3283166666667E+02  0.2333594E-01  0.4599282E-03 -0.2629477E-03  0.1069213E-03  0.6173571E-03 -0.2401088E-03
  0.3286500000000E+02  0.2335091E-01  0.4493229E-03 -0.2594810E-03  0.1040020E-03  0.6095710E-03 -0.2335832E-03
  0.3289833333333E+02  0.2336554E-01  0.4388829E-03 -0.2561100E-03  0.1011292E-03  0.6019990E-03 -0.2271609E-03
  0.3293166666667E+02  0.2337983E-01  0.4286084E-03 -0.2528332E-03  0.9830303E-04  0.5946376E-03 -0.2208420E-03
  0.3296500000000E+02  0.2339378E-01  0.4184997E-03 -0.2496491E-03  0.9552354E-04  0.5874833E-03 -0.2146266E-03
  0.3299833333333E+02  0.2340740E-01  0.4085566E-03 -0.2465561E-03  0.9279074E-04  0.5805328E-03 -0.2085148E-03
  0.3303166666667E+02  0.2342069E-01  0.3987791E-03 -0.2435526E-03  0.9010461E-04  0.5737826E-03 -0.2025064E-03
  0.3306500000000E+02  0.2343366E-01  0.3891670E-03 -0.2406371E-03  0.8746512E-04  0.5672292E-03 -0.1966016E-03
  0.3309833333333E+02  0.2344632E-01  0.3797199E-03 -0.2378080E-03  0.8487222E-04  0.5608692E-03 -0.1908000E-03
  0.3313166666667E+02  0.2345867E-01  0.3704377E-03 -0.2350638E-03  0.8232584E-04  0.5546992E-03 -0.1851017E-03
  0.3316500000000E+02  0.2347071E-01  0.3613199E-03 -0.2324030E-03  0.7982592E-04  0.5487156E-03 -0.1795065E-03
  0.3319833333333E+02  0.2348246E-01  0.3523663E-03 -0.2298239E-03  0.7737238E-04  0.5429152E-03 -0.1740142E-03
  0.3323166666667E+02  0.2349391E-01  0.3435765E-03 -0.2273251E-03  0.7496514E-04  0.5372943E-03 -0.1686248E-03
  0.3326500000000E+02  0.2350508E-01  0.3349501E-03 -0.2249049E-03  0.7260410E-04  0.5318497E-03 -0.1633379E-03
  0.3329833333333E+02  0.2351596E-01  0.3264866E-03 -0.2225619E-03  0.7028919E-04  0.5265780E-03 -0.1581535E-03
  0.3333166666667E+02  0.2352657E-01  0.3181858E-03 -0.2202946E-03  0.6802030E-04  0.5214756E-03 -0.1530714E-03
  0.3336500000000E+02  0.2353690E-01  0.3100472E-03 -0.2181014E-03  0.6579737E-04  0.5165392E-03 -0.1480914E-03
  0.3339833333333E+02  0.2354697E-01  0.3020704E-03 -0.2159807E-03  0.6362029E-04  0.5117654E-03 -0.1432133E-03
  0.3343166666667E+02  0.2355678E-01  0.2942550E-03 -0.2139311E-03  0.6148898E-04  0.5071508E-03 -0.1384371E-03
  0.3346500000000E+02  0.2356633E-01  0.2866007E-03 -0.2119509E-03  0.5940335E-04  0.5026921E-03 -0.1337625E-03
  0.3349833333333E+02  0.2357563E-01  0.2791070E-03 -0.2100388E-03  0.5736331E-04  0.4983858E-03 -0.1291893E-03
  0.3353166666667E+02  0.2358469E-01  0.2717734E-03 -0.2081932E-03  0.5536879E-04  0.4942285E-03 -0.1247174E-03
  0.3356500000000E+02  0.2359351E-01  0.2645997E-03 -0.2064125E-03  0.5341968E-04  0.4902170E-03 -0.1203467E-03
  0.3359833333333E+02  0.2360210E-01  0.2575854E-03 -0.2046953E-03  0.5151591E-04  0.4863478E-03 -0.1160769E-03
  0.3363166666667E+02  0.2361046E-01  0.2507300E-03 -0.2030401E-03  0.4965737E-04  0.4826175E-03 -0.1119079E-03
  0.3366500000000E+02  0.2361859E-01  0.2440332E-03 -0.2014453E-03  0.4784397E-04  0.4790228E-03 -0.1078395E-03
  0.3369833333333E+02  0.2362651E-01  0.2374944E-03 -0.1999095E-03  0.4607560E-04  0.4755605E-03 -0.1038714E-03
  0.3373166666667E+02  0.2363421E-01  0.2311133E-03 -0.1984310E-03  0.4435217E-04  0.4722270E-03 -0.1000035E-03
  0.3376500000000E+02  0.2364171E-01  0.2248892E-03 -0.1970086E-03  0.4267354E-04  0.4690192E-03 -0.9623553E-04
  0.3379833333333E+02  0.2364900E-01  0.2188217E-03 -0.1956406E-03  0.4103960E-04  0.4659336E-03 -0.9256721E-04
  0.3383166666667E+02  0.2365610E-01  0.2129102E-03 -0.1943256E-03  0.3945020E-04  0.4629670E-03 -0.8899828E-04
  0.3386500000000E+02  0.2366300E-01  0.2071542E-03 -0.1930621E-03  0.3790518E-04  0.4601160E-03 -0.8552841E-04
  0.3389833333333E+02  0.2366972E-01  0.2015529E-03 -0.1918486E-03  0.3640439E-04  0.4573775E-03 -0.8215726E-04
  0.3393166666667E+02  0.2367626E-01  0.1961057E-03 -0.1906837E-03  0.3494763E-04  0.4547480E-03 -0.7888444E-04
  0.3396500000000E+02  0.2368262E-01  0.1908119E-03 -0.1895659E-03  0.3353470E-04  0.4522243E-03 -0.7570952E-04
  0.3399833333333E+02  0.2368881E-01  0.1856706E-03 -0.1884937E-03  0.3216535E-04  0.4498033E-03 -0.7263199E-04
  0.3403166666667E+02  0.2369483E-01  0.1806809E-03 -0.1874657E-03  0.3083935E-04  0.4474815E-03 -0.6965134E-04
  0.3406500000000E+02  0.2370069E-01  0.1758420E-03 -0.1864805E-03  0.2955639E-04  0.4452560E-03 -0.6676695E-04
  0.3409833333333E+02  0.2370640E-01  0.1711526E-03 -0.1855366E-03  0.2831616E-04  0.4431234E-03 -0.6397814E-04
  0.3413166666667E+02  0.2371195E-01  0.1666117E-03 -0.1846327E-03  0.2711831E-04  0.4410806E-03 -0.6128417E-04
  0.3416500000000E+02  0.2371736E-01  0.1622180E-03 -0.1837673E-03  0.2596246E-04  0.4391244E-03 -0.5868421E-04
  0.3419833333333E+02  0.2372263E-01  0.1579701E-03 -0.1829390E-03  0.2484817E-04  0.4372519E-03 -0.5617733E-04
  0.3423166666667E+02  0.2372775E-01  0.1538666E-03 -0.1821465E-03  0.2377498E-04  0.4354598E-03 -0.5376253E-04
  0.3426500000000E+02  0.2373275E-01  0.1499056E-03 -0.1813884E-03  0.2274238E-04  0.4337451E-03 -0.5143868E-04
  0.3429833333333E+02  0.2373762E-01  0.1460855E-03 -0.1806634E-03  0.2174980E-04  0.4321050E-03 -0.4920458E-04
  0.3433166666667E+02  0.2374237E-01  0.1424044E-03 -0.1799702E-03  0.2079664E-04  0.4305364E-03 -0.4705889E-04
  0.3436500000000E+02  0.2374700E-01  0.1388600E-03 -0.1793075E-03  0.1988224E-04  0.4290364E-03 -0.4500017E-04
  0.3439833333333E+02  0.2375151E-01  0.1354501E-03 -0.1786739E-03  0.1900589E-04  0.4276021E-03 -0.4302688E-04
  0.3443166666667E+02  0.2375592E-01  0.1321724E-03 -0.1780684E-03  0.1816685E-04  0.4262309E-03 -0.4113735E-04
  0.3446500000000E+02  0.2376022E-01  0.1290241E-03 -0.1774896E-03  0.1736431E-04  0.4249199E-03 -0.3932978E-04
  0.3449833333333E+02  0.2376442E-01  0.1260026E-03 -0.1769363E-03  0.1659740E-04  0.4236665E-03 -0.3760230E-04
  0.3453166666667E+02  0.2376852E-01  0.1231049E-03 -0.1764075E-03  0.1586524E-04  0.4224681E-03 -0.3595290E-04
  0.3456500000000E+02  0.2377253E-01  0.1203280E-03 -0.1759019E-03  0.1516688E-04  0.4213221E-03 -0.3437948E-04
  0.3459833333333E+02  0.2377645E-01  0.1176685E-03 -0.1754185E-03  0.1450133E-04  0.4202261E-03 -0.3287984E-04
  0.3463166666667E+02  0.2378029E-01  0.1151232E-03 -0.1749563E-03  0.1386758E-04  0.4191777E-03 -0.3145171E-04
  0.3466500000000E+02  0.2378405E-01  0.1126886E-03 -0.1745141E-03  0.1326458E-04  0.4181746E-03 -0.3009271E-04
  0.3469833333333E+02  0.2378773E-01  0.1103611E-03 -0.1740911E-03  0.1269125E-04  0.4172146E-03 -0.2880045E-04
  0.3473166666667E+02  0.2379133E-01  0.1081371E-03 -0.1736862E-03  0.1214648E-04  0.4162955E-03 -0.2757245E-04
  0.3476500000000E+02  0.2379486E-01  0.1060128E-03 -0.1732986E-03  0.1162918E-04  0.4154153E-03 -0.2640620E-04
  0.3479833333333E+02  0.2379833E-01  0.1039844E-03 -0.1729273E-03  0.1113822E-04  0.4145720E-03 -0.2529919E-04
  0.3483166666667E+02  0.2380173E-01  0.1020482E-03 -0.1725715E-03  0.1067248E-04  0.4137637E-03 -0.2424887E-04
  0.3486500000000E+02  0.2380507E-01  0.1002003E-03 -0.1722305E-03  0.1023083E-04  0.4129886E-03 -0.2325274E-04
  0.3489833333333E+02  0.2380835E-01  0.9843697E-04 -0.1719034E-03  0.9812173E-05  0.4122450E-03 -0.2230827E-04
  0.3493166666667E+02  0.2381158E-01  0.9675447E-04 -0.1715896E-03  0.9415411E-05  0.4115312E-03 -0.2141300E-04
  0.3496500000000E+02  0.2381475E-01  0.9514910E-04 -0.1712883E-03  0.9039470E-05  0.4108457E-03 -0.2056450E-04
  0.3499833333333E+02  0.2381787E-01  0.9361724E-04 -0.1709988E-03  0.8683299E-05  0.4101871E-03 -0.1976039E-04
  0.3503166666667E+02  0.2382094E-01  0.9215533E-04 -0.1707206E-03  0.8345877E-05  0.4095538E-03 -0.1899837E-04
  0.3506500000000E+02  0.2382397E-01  0.9075995E-04 -0.1704531E-03  0.8026213E-05  0.4089446E-03 -0.1827619E-04
  0.3509833333333E+02  0.2382695E-01  0.8942775E-04 -0.1701957E-03  0.7723351E-05  0.4083582E-03 -0.1759170E-04
  0.3513166666667E+02  0.2382989E-01  0.8815551E-04 -0.1699478E-03  0.7436371E-05  0.4077934E-03 -0.1694281E-04
  0.3516500000000E+02  0.2383279E-01  0.8694013E-04 -0.1697090E-03  0.7164390E-05  0.4072492E-03 -0.1632753E-04
  0.3519833333333E+02  0.2383565E-01  0.8577865E-04 -0.1694787E-03  0.6906565E-05  0.4067244E-03 -0.1574395E-04
  0.3523166666667E+02  0.2383847E-01  0.8466821E-04 -0.1692567E-03  0.6662091E-05  0.4062180E-03 -0.1519026E-04
  0.3526500000000E+02  0.2384125E-01  0.8360611E-04 -0.1690423E-03  0.6430202E-05  0.4057292E-03 -0.1466473E-04
  0.3529833333333E+02  0.2384401E-01  0.8258977E-04 -0.1688353E-03  0.6210172E-05  0.4052570E-03 -0.1416573E-04
  0.3533166666667E+02  0.2384673E-01  0.8161672E-04 -0.1686353E-03  0.6001312E-05  0.4048006E-03 -0.1369169E-04
  0.3536500000000E+02  0.2384942E-01  0.8068465E-04 -0.1684419E-03  0.5802973E-05  0.4043593E-03 -0.1324116E-04
  0.3539833333333E+02  0.2385208E-01  0.7979135E-04 -0.1682547E-03  0.5614539E-05  0.4039322E-03 -0.1281275E-04
  0.3543166666667E+02  0.2385471E-01  0.7893474E-04 -0.1680735E-03  0.5435432E-05  0.4035187E-03 -0.1240517E-04
  0.3546500000000E+02  0.2385731E-01  0.7811286E-04 -0.1678980E-03  0.5265105E-05  0.4031181E-03 -0.1201718E-04
  0.3549833333333E+02  0.2385989E-01  0.7732385E-04 -0.1677279E-03  0.5103046E-05  0.4027298E-03 -0.1164763E-04
  0.3553166666667E+02  0.2386244E-01  0.7656596E-04 -0.1675630E-03  0.4948773E-05  0.4023533E-03 -0.1129544E-04
  0.3556500000000E+02  0.2386497E-01  0.7583755E-04 -0.1674029E-03  0.4801833E-05  0.4019880E-03 -0.1095960E-04
  0.3559833333333E+02  0.2386747E-01  0.7513707E-04 -0.1672475E-03  0.4661801E-05  0.4016334E-03 -0.1063915E-04
  0.3563166666667E+02  0.2386996E-01  0.7446307E-04 -0.1670966E-03  0.4528277E-05  0.4012889E-03 -0.1033320E-04
  0.3566500000000E+02  0.2387242E-01  0.7381417E-04 -0.1669499E-03  0.4400889E-05  0.4009542E-03 -0.1004091E-04
  0.3569833333333E+02  0.2387486E-01  0.7318908E-04 -0.1668072E-03  0.4279285E-05  0.4006288E-03 -0.9761508E-05
  0.3573166666667E+02  0.2387728E-01  0.7258661E-04 -0.1666684E-03  0.4163137E-05  0.4003124E-03 -0.9494250E-05
  0.3576500000000E+02  0.2387968E-01  0.7200560E-04 -0.1665334E-03  0.4052137E-05  0.4000044E-03 -0.9238452E-05
  0.3579833333333E+02  0.2388206E-01  0.7144499E-04 -0.1664018E-03  0.3945996E-05  0.3997046E-03 -0.8993470E-05
  0.3583166666667E+02  0.2388442E-01  0.7090378E-04 -0.1662737E-03  0.3844444E-05  0.3994127E-03 -0.8758701E-05
  0.3586500000000E+02  0.2388677E-01  0.7038102E-04 -0.1661488E-03  0.3747227E-05  0.3991282E-03 -0.8533580E-05
  0.3589833333333E+02  0.2388910E-01  0.6987583E-04 -0.1660270E-03  0.3654107E-05  0.3988510E-03 -0.8317579E-05
  0.3593166666667E+02  0.2389141E-01  0.6938736E-04 -0.1659082E-03  0.3564861E-05  0.3985806E-03 -0.8110201E-05
  0.3596500000000E+02  0.2389371E-01  0.6891483E-04 -0.1657922E-03  0.3479281E-05  0.3983169E-03 -0.7910983E-05
  0.3599833333333E+02  0.2389599E-01  0.6845751E-04 -0.1656789E-03  0.3397170E-05  0.3980596E-03 -0.7719488E-05
  0.3603166666667E+02  0.2389826E-01  0.6801470E-04 -0.1655683E-03  0.3318345E-05  0.3978084E-03 -0.7535309E-05
  0.3606500000000E+02  0.2390051E-01  0.6758573E-04 -0.1654602E-03  0.3242632E-05  0.3975632E-03 -0.7358062E-05
  0.3609833333333E+02  0.2390275E-01  0.6717000E-04 -0.1653546E-03  0.3169869E-05  0.3973236E-03 -0.7187387E-05
  0.3613166666667E+02  0.2390497E-01  0.6676693E-04 -0.1652512E-03  0.3099905E-05  0.3970895E-03 -0.7022948E-05
  0.3616500000000E+02  0.2390719E-01  0.6637596E-04 -0.1651502E-03  0.3032595E-05  0.3968607E-03 -0.6864427E-05
  0.3619833333333E+02  0.2390939E-01  0.6599657E-04 -0.1650512E-03  0.2967806E-05  0.3966370E-03 -0.6711525E-05
  0.3623166666667E+02  0.2391157E-01  0.6562828E-04 -0.1649544E-03  0.2905410E-05  0.3964182E-03 -0.6563964E-05
  0.3626500000000E+02  0.2391375E-01  0.6527063E-04 -0.1648595E-03  0.2845289E-05  0.3962041E-03 -0.6421479E-05
  0.3629833333333E+02  0.2391591E-01  0.6492318E-04 -0.1647666E-03  0.2787330E-05  0.3959946E-03 -0.6283823E-05
  0.3633166666667E+02  0.2391807E-01  0.6458552E-04 -0.1646756E-03  0.2731429E-05  0.3957896E-03 -0.6150763E-05
  0.3636500000000E+02  0.2392021E-01  0.6425726E-04 -0.1645863E-03  0.2677485E-05  0.3955889E-03 -0.6022079E-05
  0.3639833333333E+02  0.2392234E-01  0.6393803E-04 -0.1644988E-03  0.2625405E-05  0.3953923E-03 -0.5897563E-05
  0.3643166666667E+02  0.2392446E-01  0.6362748E-04 -0.1644130E-03  0.2575100E-05  0.3951997E-03 -0.5777021E-05
  0.3646500000000E+02  0.2392657E-01  0.6332528E-04 -0.1643288E-03  0.2526488E-05  0.3950111E-03 -0.5660269E-05
  0.3649833333333E+02  0.2392867E-01  0.6303112E-04 -0.1642461E-03  0.2479489E-05  0.3948262E-03 -0.5547133E-05
  0.3653166666667E+02  0.2393076E-01  0.6274470E-04 -0.1641650E-03  0.2434030E-05  0.3946449E-03 -0.5437449E-05
  0.3656500000000E+02  0.2393285E-01  0.6246574E-04 -0.1640853E-03  0.2390040E-05  0.3944672E-03 -0.5331062E-05
  0.3659833333333E+02  0.2393492E-01  0.6219397E-04 -0.1640071E-03  0.2347452E-05  0.3942929E-03 -0.5227826E-05
  0.3663166666667E+02  0.2393698E-01  0.6192914E-04 -0.1639302E-03  0.2306205E-05  0.3941220E-03 -0.5127603E-05
  0.3666500000000E+02  0.2393904E-01  0.6167101E-04 -0.1638547E-03  0.2266238E-05  0.3939543E-03 -0.5030261E-05
  0.3669833333333E+02  0.2394109E-01  0.6141934E-04 -0.1637804E-03  0.2227497E-05  0.3937898E-03 -0.4935677E-05
  0.3673166666667E+02  0.2394312E-01  0.6117392E-04 -0.1637074E-03  0.2189927E-05  0.3936284E-03 -0.4843734E-05
  0.3676500000000E+02  0.2394516E-01  0.6093454E-04 -0.1636356E-03  0.2153478E-05  0.3934699E-03 -0.4754321E-05
  0.3679833333333E+02  0.2394718E-01  0.6070100E-04 -0.1635650E-03  0.2118103E-05  0.3933143E-03 -0.4667331E-05
  0.3683166666667E+02  0.2394920E-01  0.6047311E-04 -0.1634956E-03  0.2083757E-05  0.3931616E-03 -0.4582667E-05
  0.3686500000000E+02  0.2395120E-01  0.6025070E-04 -0.1634272E-03  0.2050396E-05  0.3930115E-03 -0.4500232E-05
  0.3689833333333E+02  0.2395320E-01  0.6003360E-04 -0.1633600E-03  0.2017980E-05  0.3928642E-03 -0.4419937E-05
  0.3693166666667E+02  0.2395520E-01  0.5982163E-04 -0.1632937E-03  0.1986471E-05  0.3927195E-03 -0.4341697E-05
  0.3696500000000E+02  0.2395719E-01  0.5961464E-04 -0.1632285E-03  0.1955831E-05  0.3925773E-03 -0.4265431E-05
  0.3699833333333E+02  0.2395917E-01  0.5941249E-04 -0.1631643E-03  0.1926027E-05  0.3924376E-03 -0.4191061E-05
  0.3703166666667E+02  0.2396114E-01  0.5921503E-04 -0.1631011E-03  0.1897024E-05  0.3923003E-03 -0.4118515E-05
  0.3706500000000E+02  0.2396311E-01  0.5902212E-04 -0.1630388E-03  0.1868792E-05  0.3921654E-03 -0.4047723E-05
  0.3709833333333E+02  0.2396507E-01  0.5883364E-04 -0.1629774E-03  0.1841300E-05  0.3920328E-03 -0.3978619E-05
  0.3713166666667E+02  0.2396702E-01  0.5864945E-04 -0.1629170E-03  0.1814520E-05  0.3919024E-03 -0.3911139E-05
  0.3716500000000E+02  0.2396897E-01  0.5846945E-04 -0.1628573E-03  0.1788425E-05  0.3917742E-03 -0.3845223E-05
  0.3719833333333E+02  0.2397092E-01  0.5829351E-04 -0.1627986E-03  0.1762989E-05  0.3916482E-03 -0.3780815E-05
  0.3723166666667E+02  0.2397285E-01  0.5812153E-04 -0.1627406E-03  0.1738188E-05  0.3915243E-03 -0.3717859E-05
  0.3726500000000E+02  0.2397478E-01  0.5795340E-04 -0.1626835E-03  0.1713997E-05  0.3914024E-03 -0.3656304E-05
  0.3729833333333E+02  0.2397671E-01  0.5778902E-04 -0.1626272E-03  0.1690395E-05  0.3912825E-03 -0.3596099E-05
  0.3733166666667E+02  0.2397863E-01  0.5762829E-04 -0.1625716E-03  0.1667361E-05  0.3911646E-03 -0.3537198E-05
  0.3736500000000E+02  0.2398055E-01  0.5747113E-04 -0.1625167E-03  0.1644873E-05  0.3910486E-03 -0.3479556E-05
  0.3739833333333E+02  0.2398246E-01  0.5731743E-04 -0.1624626E-03  0.1622913E-05  0.3909345E-03 -0.3423128E-05
  0.3743166666667E+02  0.2398436E-01  0.5716712E-04 -0.1624093E-03  0.1601462E-05  0.3908223E-03 -0.3367873E-05
  0.3746500000000E+02  0.2398626E-01  0.5702011E-04 -0.1623566E-03  0.1580502E-05  0.3907118E-03 -0.3313753E-05
  0.3749833333333E+02  0.2398816E-01  0.5687632E-04 -0.1623046E-03  0.1560016E-05  0.3906031E-03 -0.3260729E-05
  0.3753166666667E+02  0.2399005E-01  0.5673568E-04 -0.1622532E-03  0.1539989E-05  0.3904962E-03 -0.3208765E-05
  0.3756500000000E+02  0.2399194E-01  0.5659812E-04 -0.1622026E-03  0.1520404E-05  0.3903909E-03 -0.3157827E-05
  0.3759833333333E+02  0.2399382E-01  0.5646356E-04 -0.1621525E-03  0.1501247E-05  0.3902873E-03 -0.3107881E-05
  0.3763166666667E+02  0.2399570E-01  0.5633193E-04 -0.1621031E-03  0.1482503E-05  0.3901853E-03 -0.3058896E-05
  0.3766500000000E+02  0.2399757E-01  0.5620317E-04 -0.1620543E-03  0.1464159E-05  0.3900850E-03 -0.3010840E-05
  0.3769833333333E+02  0.2399944E-01  0.5607722E-04 -0.1620061E-03  0.1446202E-05  0.3899862E-03 -0.2963686E-05
  0.3773166666667E+02  0.2400131E-01  0.5595401E-04 -0.1619585E-03  0.1428620E-05  0.3898890E-03 -0.2917404E-05
  0.3776500000000E+02  0.2400317E-01  0.5583348E-04 -0.1619114E-03  0.1411400E-05  0.3897932E-03 -0.2871969E-05
  0.3779833333333E+02  0.2400502E-01  0.5571559E-04 -0.1618649E-03  0.1394532E-05  0.3896990E-03 -0.2827354E-05
  0.3783166666667E+02  0.2400688E-01  0.5560027E-04 -0.1618190E-03  0.1378003E-05  0.3896062E-03 -0.2783534E-05
  0.3786500000000E+02  0.2400873E-01  0.5548747E-04 -0.1617736E-03  0.1361804E-05  0.3895148E-03 -0.2740487E-05
  0.3789833333333E+02  0.2401057E-01  0.5537714E-04 -0.1617288E-03  0.1345924E-05  0.3894249E-03 -0.2698188E-05
  0.3793166666667E+02  0.2401242E-01  0.5526923E-04 -0.1616844E-03  0.1330354E-05  0.3893363E-03 -0.2656616E-05
  0.3796500000000E+02  0.2401425E-01  0.5516370E-04 -0.1616406E-03  0.1315084E-05  0.3892492E-03 -0.2615750E-05
  0.3799833333333E+02  0.2401609E-01  0.5506049E-04 -0.1615972E-03  0.1300106E-05  0.3891633E-03 -0.2575570E-05
  0.3803166666667E+02  0.2401792E-01  0.5495956E-04 -0.1615544E-03  0.1285410E-05  0.3890788E-03 -0.2536056E-05
  0.3806500000000E+02  0.2401975E-01  0.5486087E-04 -0.1615120E-03  0.1270988E-05  0.3889955E-03 -0.2497189E-05
  0.3809833333333E+02  0.2402158E-01  0.5476438E-04 -0.1614701E-03  0.1256833E-05  0.3889136E-03 -0.2458951E-05
  0.3813166666667E+02  0.2402340E-01  0.5467004E-04 -0.1614287E-03  0.1242937E-05  0.3888329E-03 -0.2421324E-05
  0.3816500000000E+02  0.2402522E-01  0.5457782E-04 -0.1613877E-03  0.1229292E-05  0.3887534E-03 -0.2384293E-05
  0.3819833333333E+02  0.2402703E-01  0.5448768E-04 -0.1613472E-03  0.1215892E-05  0.3886751E-03 -0.2347840E-05
  0.3823166666667E+02  0.2402885E-01  0.5439958E-04 -0.1613071E-03  0.1202728E-05  0.3885980E-03 -0.2311950E-05
  0.3826500000000E+02  0.2403066E-01  0.5431348E-04 -0.1612674E-03  0.1189796E-05  0.3885222E-03 -0.2276608E-05
  0.3829833333333E+02  0.2403246E-01  0.5422936E-04 -0.1612282E-03  0.1177088E-05  0.3884474E-03 -0.2241799E-05
  0.3833166666667E+02  0.2403427E-01  0.5414717E-04 -0.1611894E-03  0.1164598E-05  0.3883739E-03 -0.2207510E-05
  0.3836500000000E+02  0.2403607E-01  0.5406689E-04 -0.1611510E-03  0.1152321E-05  0.3883014E-03 -0.2173727E-05
  0.3839833333333E+02  0.2403787E-01  0.5398849E-04 -0.1611130E-03  0.1140251E-05  0.3882300E-03 -0.2140436E-05
  0.3843166666667E+02  0.2403967E-01  0.5391192E-04 -0.1610754E-03  0.1128381E-05  0.3881598E-03 -0.2107625E-05
  0.3846500000000E+02  0.2404146E-01  0.5383717E-04 -0.1610381E-03  0.1116708E-05  0.3880906E-03 -0.2075283E-05
  0.3849833333333E+02  0.2404326E-01  0.5376420E-04 -0.1610013E-03  0.1105225E-05  0.3880225E-03 -0.2043396E-05
  0.3853166666667E+02  0.2404505E-01  0.5369299E-04 -0.1609648E-03  0.1093928E-05  0.3879554E-03 -0.2011954E-05
  0.3856500000000E+02  0.2404683E-01  0.5362350E-04 -0.1609287E-03  0.1082813E-05  0.3878894E-03 -0.1980945E-05
  0.3859833333333E+02  0.2404862E-01  0.5355572E-04 -0.1608930E-03  0.1071873E-05  0.3878244E-03 -0.1950359E-05
  0.3863166666667E+02  0.2405040E-01  0.5348961E-04 -0.1608576E-03  0.1061106E-05  0.3877604E-03 -0.1920186E-05
  0.3866500000000E+02  0.2405218E-01  0.5342516E-04 -0.1608226E-03  0.1050506E-05  0.3876974E-03 -0.1890415E-05
  0.3869833333333E+02  0.2405396E-01  0.5336233E-04 -0.1607879E-03  0.1040070E-05  0.3876353E-03 -0.1861037E-05
  0.3873166666667E+02  0.2405574E-01  0.5330110E-04 -0.1607536E-03  0.1029794E-05  0.3875743E-03 -0.1832043E-05
  0.3876500000000E+02  0.2405751E-01  0.5324145E-04 -0.1607196E-03  0.1019673E-05  0.3875142E-03 -0.1803422E-05
  0.3879833333333E+02  0.2405928E-01  0.5318336E-04 -0.1606860E-03  0.1009704E-05  0.3874550E-03 -0.1775167E-05
  0.3883166666667E+02  0.2406106E-01  0.5312680E-04 -0.1606526E-03  0.9998825E-06  0.3873967E-03 -0.1747269E-05
  0.3886500000000E+02  0.2406282E-01  0.5307176E-04 -0.1606196E-03  0.9902060E-06  0.3873394E-03 -0.1719720E-05
  0.3889833333333E+02  0.2406459E-01  0.5301821E-04 -0.1605869E-03  0.9806708E-06  0.3872830E-03 -0.1692511E-05
  0.3893166666667E+02  0.2406636E-01  0.5296614E-04 -0.1605546E-03  0.9712734E-06  0.3872275E-03 -0.1665635E-05
  0.3896500000000E+02  0.2406812E-01  0.5291552E-04 -0.1605225E-03  0.9620107E-06  0.3871728E-03 -0.1639084E-05
  0.3899833333333E+02  0.2406988E-01  0.5286633E-04 -0.1604907E-03  0.9528795E-06  0.3871191E-03 -0.1612851E-05
  0.3903166666667E+02  0.2407164E-01  0.5281856E-04 -0.1604593E-03  0.9438769E-06  0.3870662E-03 -0.1586929E-05
  0.3906500000000E+02  0.2407340E-01  0.5277218E-04 -0.1604281E-03  0.9349999E-06  0.3870141E-03 -0.1561310E-05
  0.3909833333333E+02  0.2407516E-01  0.5272719E-04 -0.1603972E-03  0.9262456E-06  0.3869629E-03 -0.1535988E-05
  0.3913166666667E+02  0.2407692E-01  0.5268356E-04 -0.1603667E-03  0.9176113E-06  0.3869126E-03 -0.1510956E-05
  0.3916500000000E+02  0.2407867E-01  0.5264127E-04 -0.1603363E-03  0.9090943E-06  0.3868630E-03 -0.1486209E-05
  0.3919833333333E+02  0.2408042E-01  0.5260032E-04 -0.1603063E-03  0.9006920E-06  0.3868143E-03 -0.1461739E-05
  0.3923166666667E+02  0.2408218E-01  0.5256068E-04 -0.1602766E-03  0.8924020E-06  0.3867664E-03 -0.1437541E-05
  0.3926500000000E+02  0.2408393E-01  0.5252233E-04 -0.1602471E-03  0.8842217E-06  0.3867193E-03 -0.1413608E-05
  0.3929833333333E+02  0.2408568E-01  0.5248527E-04 -0.1602179E-03  0.8761488E-06  0.3866729E-03 -0.1389936E-05
  0.3933166666667E+02  0.2408743E-01  0.5244948E-04 -0.1601890E-03  0.8681810E-06  0.3866274E-03 -0.1366519E-05
  0.3936500000000E+02  0.2408917E-01  0.5241494E-04 -0.1601603E-03  0.8603160E-06  0.3865826E-03 -0.1343350E-05
  0.3939833333333E+02  0.2409092E-01  0.5238164E-04 -0.1601319E-03  0.8525516E-06  0.3865386E-03 -0.1320426E-05
  0.3943166666667E+02  0.2409266E-01  0.5234957E-04 -0.1601037E-03  0.8448858E-06  0.3864953E-03 -0.1297740E-05
  0.3946500000000E+02  0.2409441E-01  0.5231871E-04 -0.1600758E-03  0.8373164E-06  0.3864528E-03 -0.1275288E-05
  0.3949833333333E+02  0.2409615E-01  0.5228905E-04 -0.1600481E-03  0.8298415E-06  0.3864111E-03 -0.1253065E-05
  0.3953166666667E+02  0.2409789E-01  0.5226058E-04 -0.1600207E-03  0.8224591E-06  0.3863700E-03 -0.1231066E-05
  0.3956500000000E+02  0.2409963E-01  0.5223328E-04 -0.1599935E-03  0.8151674E-06  0.3863297E-03 -0.1209286E-05
  0.3959833333333E+02  0.2410137E-01  0.5220715E-04 -0.1599666E-03  0.8079644E-06  0.3862901E-03 -0.1187722E-05
  0.3963166666667E+02  0.2410311E-01  0.5218216E-04 -0.1599399E-03  0.8008483E-06  0.3862512E-03 -0.1166368E-05
  0.3966500000000E+02  0.2410485E-01  0.5215832E-04 -0.1599135E-03  0.7938175E-06  0.3862131E-03 -0.1145220E-05
  0.3969833333333E+02  0.2410659E-01  0.5213561E-04 -0.1598872E-03  0.7868702E-06  0.3861756E-03 -0.1124274E-05
  0.3973166666667E+02  0.2410833E-01  0.5211401E-04 -0.1598612E-03  0.7800048E-06  0.3861388E-03 -0.1103526E-05
  0.3976500000000E+02  0.2411006E-01  0.5209352E-04 -0.1598355E-03  0.7732196E-06  0.3861027E-03 -0.1082972E-05
  0.3979833333333E+02  0.2411180E-01  0.5207412E-04 -0.1598099E-03  0.7665131E-06  0.3860673E-03 -0.1062608E-05
  0.3983166666667E+02  0.2411353E-01  0.5205581E-04 -0.1597846E-03  0.7598837E-06  0.3860325E-03 -0.1042430E-05
  0.3986500000000E+02  0.2411527E-01  0.5203858E-04 -0.1597595E-03  0.7533300E-06  0.3859985E-03 -0.1022434E-05
  0.3989833333333E+02  0.2411700E-01  0.5202241E-04 -0.1597346E-03  0.7468504E-06  0.3859650E-03 -0.1002617E-05
  0.3993166666667E+02  0.2411874E-01  0.5200731E-04 -0.1597099E-03  0.7404436E-06  0.3859323E-03 -0.9829755E-06
  0.3996500000000E+02  0.2412047E-01  0.5199325E-04 -0.1596854E-03  0.7341081E-06  0.3859002E-03 -0.9635056E-06
  0.3999833333333E+02  0.2412220E-01  0.5198022E-04 -0.1596612E-03  0.7278427E-06  0.3858687E-03 -0.9442039E-06
  0.4003166666667E+02  0.2412393E-01  0.5196823E-04 -0.1596371E-03  0.7216460E-06  0.3858379E-03 -0.9250672E-06
  0.4006500000000E+02  0.2412567E-01  0.5195727E-04 -0.1596132E-03  0.7155167E-06  0.3858077E-03 -0.9060922E-06
  0.4009833333333E+02  0.2412740E-01  0.5194731E-04 -0.1595896E-03  0.7094535E-06  0.3857781E-03 -0.8872757E-06
  0.4013166666667E+02  0.2412913E-01  0.5193836E-04 -0.1595661E-03  0.7034553E-06  0.3857491E-03 -0.8686145E-06
  0.4016500000000E+02  0.2413086E-01  0.5193041E-04 -0.1595429E-03  0.6975208E-06  0.3857208E-03 -0.8501056E-06
  0.4019833333333E+02  0.2413259E-01  0.5192345E-04 -0.1595198E-03  0.6916488E-06  0.3856931E-03 -0.8317460E-06
  0.4023166666667E+02  0.2413432E-01  0.5191747E-04 -0.1594970E-03  0.6858383E-06  0.3856659E-03 -0.8135328E-06
  0.4026500000000E+02  0.2413605E-01  0.5191247E-04 -0.1594743E-03  0.6800881E-06  0.3856394E-03 -0.7954631E-06
  0.4029833333333E+02  0.2413778E-01  0.5190844E-04 -0.1594518E-03  0.6743971E-06  0.3856135E-03 -0.7775340E-06
  0.4033166666667E+02  0.2413951E-01  0.5190536E-04 -0.1594295E-03  0.6687643E-06  0.3855882E-03 -0.7597428E-06
  0.4036500000000E+02  0.2414124E-01  0.5190324E-04 -0.1594074E-03  0.6631886E-06  0.3855634E-03 -0.7420868E-06
  0.4039833333333E+02  0.2414297E-01  0.5190207E-04 -0.1593855E-03  0.6576690E-06  0.3855393E-03 -0.7245633E-06
  0.4043166666667E+02  0.2414470E-01  0.5190185E-04 -0.1593638E-03  0.6522045E-06  0.3855157E-03 -0.7071698E-06
  0.4046500000000E+02  0.2414643E-01  0.5190255E-04 -0.1593422E-03  0.6467941E-06  0.3854927E-03 -0.6899037E-06
  0.4049833333333E+02  0.2414816E-01  0.5190419E-04 -0.1593208E-03  0.6414369E-06  0.3854703E-03 -0.6727624E-06
  0.4053166666667E+02  0.2414989E-01  0.5190675E-04 -0.1592996E-03  0.6361320E-06  0.3854484E-03 -0.6557436E-06
  0.4056500000000E+02  0.2415162E-01  0.5191023E-04 -0.1592786E-03  0.6308784E-06  0.3854271E-03 -0.6388448E-06
  0.4059833333333E+02  0.2415335E-01  0.5191462E-04 -0.1592577E-03  0.6256753E-06  0.3854064E-03 -0.6220637E-06
  0.4063166666667E+02  0.2415508E-01  0.5191992E-04 -0.1592371E-03  0.6205218E-06  0.3853862E-03 -0.6053979E-06
  0.4066500000000E+02  0.2415682E-01  0.5192612E-04 -0.1592165E-03  0.6154170E-06  0.3853666E-03 -0.5888452E-06
  0.4069833333333E+02  0.2415855E-01  0.5193322E-04 -0.1591962E-03  0.6103602E-06  0.3853475E-03 -0.5724033E-06
  0.4073166666667E+02  0.2416028E-01  0.5194120E-04 -0.1591760E-03  0.6053504E-06  0.3853290E-03 -0.5560700E-06
  0.4076500000000E+02  0.2416201E-01  0.5195008E-04 -0.1591560E-03  0.6003869E-06  0.3853110E-03 -0.5398433E-06
  0.4079833333333E+02  0.2416374E-01  0.5195984E-04 -0.1591362E-03  0.5954690E-06  0.3852935E-03 -0.5237209E-06
  0.4083166666667E+02  0.2416547E-01  0.5197048E-04 -0.1591165E-03  0.5905958E-06  0.3852766E-03 -0.5077007E-06
  0.4086500000000E+02  0.2416721E-01  0.5198199E-04 -0.1590969E-03  0.5857667E-06  0.3852602E-03 -0.4917808E-06
  0.4089833333333E+02  0.2416894E-01  0.5199436E-04 -0.1590776E-03  0.5809808E-06  0.3852444E-03 -0.4759592E-06
  0.4093166666667E+02  0.2417067E-01  0.5200761E-04 -0.1590584E-03  0.5762375E-06  0.3852290E-03 -0.4602338E-06
  0.4096500000000E+02  0.2417241E-01  0.5202172E-04 -0.1590393E-03  0.5715360E-06  0.3852142E-03 -0.4446027E-06
  0.4099833333333E+02  0.2417414E-01  0.5203668E-04 -0.1590204E-03  0.5668757E-06  0.3851999E-03 -0.4290640E-06
  0.4103166666667E+02  0.2417588E-01  0.5205250E-04 -0.1590017E-03  0.5622560E-06  0.3851861E-03 -0.4136158E-06
  0.4106500000000E+02  0.2417761E-01  0.5206917E-04 -0.1589831E-03  0.5576760E-06  0.3851728E-03 -0.3982563E-06
  0.4109833333333E+02  0.2417935E-01  0.5208668E-04 -0.1589647E-03  0.5531353E-06  0.3851601E-03 -0.3829837E-06
  0.4113166666667E+02  0.2418109E-01  0.5210504E-04 -0.1589464E-03  0.5486331E-06  0.3851478E-03 -0.3677962E-06
  0.4116500000000E+02  0.2418282E-01  0.5212424E-04 -0.1589282E-03  0.5441688E-06  0.3851360E-03 -0.3526920E-06
  0.4119833333333E+02  0.2418456E-01  0.5214428E-04 -0.1589102E-03  0.5397419E-06  0.3851248E-03 -0.3376694E-06
  0.4123166666667E+02  0.2418630E-01  0.5216515E-04 -0.1588924E-03  0.5353518E-06  0.3851140E-03 -0.3227267E-06
  0.4126500000000E+02  0.2418804E-01  0.5218685E-04 -0.1588747E-03  0.5309977E-06  0.3851038E-03 -0.3078623E-06
  0.4129833333333E+02  0.2418978E-01  0.5220938E-04 -0.1588571E-03  0.5266793E-06  0.3850940E-03 -0.2930744E-06
  0.4133166666667E+02  0.2419152E-01  0.5223274E-04 -0.1588397E-03  0.5223959E-06  0.3850847E-03 -0.2783614E-06
  0.4136500000000E+02  0.2419326E-01  0.5225692E-04 -0.1588225E-03  0.5181469E-06  0.3850759E-03 -0.2637218E-06
  0.4139833333333E+02  0.2419501E-01  0.5228193E-04 -0.1588053E-03  0.5139318E-06  0.3850676E-03 -0.2491540E-06
  0.4143166666667E+02  0.2419675E-01  0.5230775E-04 -0.1587883E-03  0.5097502E-06  0.3850598E-03 -0.2346565E-06
  0.4146500000000E+02  0.2419849E-01  0.5233439E-04 -0.1587715E-03  0.5056014E-06  0.3850525E-03 -0.2202276E-06
  0.4149833333333E+02  0.2420024E-01  0.5236185E-04 -0.1587548E-03  0.5014850E-06  0.3850456E-03 -0.2058660E-06
  0.4153166666667E+02  0.2420199E-01  0.5239012E-04 -0.1587382E-03  0.4974004E-06  0.3850392E-03 -0.1915701E-06
  0.4156500000000E+02  0.2420373E-01  0.5241919E-04 -0.1587217E-03  0.4933472E-06  0.3850333E-03 -0.1773384E-06
  0.4159833333333E+02  0.2420548E-01  0.5244908E-04 -0.1587054E-03  0.4893249E-06  0.3850279E-03 -0.1631696E-06
  0.4163166666667E+02  0.2420723E-01  0.5247978E-04 -0.1586892E-03  0.4853330E-06  0.3850229E-03 -0.1490622E-06
  0.4166500000000E+02  0.2420898E-01  0.5251129E-04 -0.1586732E-03  0.4813711E-06  0.3850184E-03 -0.1350148E-06
  0.4169833333333E+02  0.2421073E-01  0.5254359E-04 -0.1586573E-03  0.4774386E-06  0.3850144E-03 -0.1210261E-06
  0.4173166666667E+02  0.2421249E-01  0.5257671E-04 -0.1586415E-03  0.4735353E-06  0.3850108E-03 -0.1070946E-06
  0.4176500000000E+02  0.2421424E-01  0.5261062E-04 -0.1586258E-03  0.4696605E-06  0.3850077E-03 -0.9321915E-07
  0.4179833333333E+02  0.2421599E-01  0.5264534E-04 -0.1586103E-03  0.4658139E-06  0.3850050E-03 -0.7939830E-07
  0.4183166666667E+02  0.2421775E-01  0.5268085E-04 -0.1585949E-03  0.4619951E-06  0.3850029E-03 -0.6563079E-07
  0.4186500000000E+02  0.2421951E-01  0.5271717E-04 -0.1585796E-03  0.4582036E-06  0.3850011E-03 -0.5191535E-07
  0.4189833333333E+02  0.2422127E-01  0.5275429E-04 -0.1585645E-03  0.4544391E-06  0.3849998E-03 -0.3825070E-07
  0.4193166666667E+02  0.2422303E-01  0.5279220E-04 -0.1585495E-03  0.4507011E-06  0.3849990E-03 -0.2463561E-07
  0.4196500000000E+02  0.2422479E-01  0.5283091E-04 -0.1585346E-03  0.4469892E-06  0.3849987E-03 -0.1106884E-07
  0.4199833333333E+02  0.2422655E-01  0.5287041E-04 -0.1585198E-03  0.4433032E-06  0.3849987E-03  0.2450817E-08
  0.4203166666667E+02  0.2422831E-01  0.5291071E-04 -0.1585051E-03  0.4396425E-06  0.3849993E-03  0.1592455E-07
  0.4206500000000E+02  0.2423008E-01  0.5295181E-04 -0.1584906E-03  0.4360068E-06  0.3850002E-03  0.2935354E-07
  0.4209833333333E+02  0.2423184E-01  0.5299370E-04 -0.1584762E-03  0.4323958E-06  0.3850017E-03  0.4273894E-07
  0.4213166666667E+02  0.2423361E-01  0.5303639E-04 -0.1584619E-03  0.4288091E-06  0.3850035E-03  0.5608191E-07
  0.4216500000000E+02  0.2423538E-01  0.5307987E-04 -0.1584477E-03  0.4252463E-06  0.3850059E-03  0.6938357E-07
  0.4219833333333E+02  0.2423715E-01  0.5312415E-04 -0.1584337E-03  0.4217071E-06  0.3850086E-03  0.8264504E-07
  0.4223166666667E+02  0.2423892E-01  0.5316922E-04 -0.1584197E-03  0.4181912E-06  0.3850118E-03  0.9586742E-07
  0.4226500000000E+02  0.2424070E-01  0.5321509E-04 -0.1584059E-03  0.4146982E-06  0.3850154E-03  0.1090518E-06
  0.4229833333333E+02  0.2424247E-01  0.5326175E-04 -0.1583922E-03  0.4112278E-06  0.3850195E-03  0.1221992E-06
  0.4233166666667E+02  0.2424425E-01  0.5330921E-04 -0.1583786E-03  0.4077797E-06  0.3850240E-03  0.1353108E-06
  0.4236500000000E+02  0.2424603E-01  0.5335746E-04 -0.1583651E-03  0.4043535E-06  0.3850290E-03  0.1483875E-06
  0.4239833333333E+02  0.2424781E-01  0.5340651E-04 -0.1583518E-03  0.4009490E-06  0.3850344E-03  0.1614304E-06
  0.4243166666667E+02  0.2424959E-01  0.5345635E-04 -0.1583385E-03  0.3975659E-06  0.3850402E-03  0.1744406E-06
  0.4246500000000E+02  0.2425137E-01  0.5350700E-04 -0.1583254E-03  0.3942038E-06  0.3850464E-03  0.1874189E-06
  0.4249833333333E+02  0.2425316E-01  0.5355844E-04 -0.1583123E-03  0.3908625E-06  0.3850531E-03  0.2003664E-06
  0.4253166666667E+02  0.2425495E-01  0.5361067E-04 -0.1582994E-03  0.3875416E-06  0.3850602E-03  0.2132842E-06
  0.4256500000000E+02  0.2425674E-01  0.5366371E-04 -0.1582866E-03  0.3842410E-06  0.3850677E-03  0.2261730E-06
  0.4259833333333E+02  0.2425853E-01  0.5371755E-04 -0.1582739E-03  0.3809602E-06  0.3850757E-03  0.2390340E-06
  0.4263166666667E+02  0.2426032E-01  0.5377218E-04 -0.1582613E-03  0.3776991E-06  0.3850841E-03  0.2518679E-06
  0.4266500000000E+02  0.2426211E-01  0.5382762E-04 -0.1582488E-03  0.3744573E-06  0.3850929E-03  0.2646759E-06
  0.4269833333333E+02  0.2426391E-01  0.5388386E-04 -0.1582365E-03  0.3712346E-06  0.3851022E-03  0.2774587E-06
  0.4273166666667E+02  0.2426571E-01  0.5394091E-04 -0.1582242E-03  0.3680308E-06  0.3851118E-03  0.2902173E-06
  0.4276500000000E+02  0.2426751E-01  0.5399876E-04 -0.1582120E-03  0.3648456E-06  0.3851219E-03  0.3029525E-06
  0.4279833333333E+02  0.2426931E-01  0.5405742E-04 -0.1582000E-03  0.3616786E-06  0.3851325E-03  0.3156653E-06
  0.4283166666667E+02  0.2427111E-01  0.5411688E-04 -0.1581880E-03  0.3585298E-06  0.3851434E-03  0.3283565E-06
  0.4286500000000E+02  0.2427292E-01  0.5417715E-04 -0.1581762E-03  0.3553988E-06  0.3851548E-03  0.3410270E-06
  0.4289833333333E+02  0.2427473E-01  0.5423824E-04 -0.1581644E-03  0.3522855E-06  0.3851666E-03  0.3536775E-06
  0.4293166666667E+02  0.2427654E-01  0.5430013E-04 -0.1581528E-03  0.3491895E-06  0.3851788E-03  0.3663091E-06
  0.4296500000000E+02  0.2427835E-01  0.5436284E-04 -0.1581413E-03  0.3461106E-06  0.3851914E-03  0.3789224E-06
  0.4299833333333E+02  0.2428016E-01  0.5442636E-04 -0.1581298E-03  0.3430486E-06  0.3852045E-03  0.3915183E-06
  0.4303166666667E+02  0.2428198E-01  0.5449070E-04 -0.1581185E-03  0.3400034E-06  0.3852179E-03  0.4040976E-06
  0.4306500000000E+02  0.2428380E-01  0.5455586E-04 -0.1581073E-03  0.3369745E-06  0.3852318E-03  0.4166611E-06
  0.4309833333333E+02  0.2428562E-01  0.5462184E-04 -0.1580961E-03  0.3339620E-06  0.3852461E-03  0.4292096E-06
  0.4313166666667E+02  0.2428744E-01  0.5468863E-04 -0.1580851E-03  0.3309655E-06  0.3852609E-03  0.4417438E-06
  0.4316500000000E+02  0.2428927E-01  0.5475626E-04 -0.1580742E-03  0.3279848E-06  0.3852760E-03  0.4542645E-06
  0.4319833333333E+02  0.2429109E-01  0.5482470E-04 -0.1580633E-03  0.3250197E-06  0.3852916E-03  0.4667725E-06
  0.4323166666667E+02  0.2429292E-01  0.5489398E-04 -0.1580526E-03  0.3220701E-06  0.3853075E-03  0.4792686E-06
  0.4326500000000E+02  0.2429476E-01  0.5496408E-04 -0.1580420E-03  0.3191356E-06  0.3853239E-03  0.4917533E-06
  0.4329833333333E+02  0.2429659E-01  0.5503502E-04 -0.1580314E-03  0.3162162E-06  0.3853407E-03  0.5042276E-06
  0.4333166666667E+02  0.2429843E-01  0.5510679E-04 -0.1580210E-03  0.3133116E-06  0.3853580E-03  0.5166921E-06
  0.4336500000000E+02  0.2430027E-01  0.5517939E-04 -0.1580106E-03  0.3104217E-06  0.3853756E-03  0.5291474E-06
  0.4339833333333E+02  0.2430211E-01  0.5525284E-04 -0.1580004E-03  0.3075462E-06  0.3853936E-03  0.5415944E-06
  0.4343166666667E+02  0.2430395E-01  0.5532712E-04 -0.1579902E-03  0.3046849E-06  0.3854121E-03  0.5540337E-06
  0.4346500000000E+02  0.2430580E-01  0.5540225E-04 -0.1579802E-03  0.3018378E-06  0.3854310E-03  0.5664660E-06
  0.4349833333333E+02  0.2430765E-01  0.5547822E-04 -0.1579702E-03  0.2990045E-06  0.3854503E-03  0.5788919E-06
  0.4353166666667E+02  0.2430950E-01  0.5555503E-04 -0.1579603E-03  0.2961849E-06  0.3854700E-03  0.5913122E-06
  0.4356500000000E+02  0.2431136E-01  0.5563270E-04 -0.1579505E-03  0.2933789E-06  0.3854901E-03  0.6037275E-06
  0.4359833333333E+02  0.2431321E-01  0.5571122E-04 -0.1579409E-03  0.2905863E-06  0.3855107E-03  0.6161384E-06
  0.4363166666667E+02  0.2431507E-01  0.5579059E-04 -0.1579313E-03  0.2878069E-06  0.3855316E-03  0.6285456E-06
  0.4366500000000E+02  0.2431693E-01  0.5587082E-04 -0.1579218E-03  0.2850405E-06  0.3855530E-03  0.6409498E-06
  0.4369833333333E+02  0.2431880E-01  0.5595191E-04 -0.1579124E-03  0.2822869E-06  0.3855748E-03  0.6533515E-06
  0.4373166666667E+02  0.2432067E-01  0.5603386E-04 -0.1579030E-03  0.2795461E-06  0.3855969E-03  0.6657515E-06
  0.4376500000000E+02  0.2432254E-01  0.5611668E-04 -0.1578938E-03  0.2768178E-06  0.3856196E-03  0.6781502E-06
  0.4379833333333E+02  0.2432441E-01  0.5620037E-04 -0.1578847E-03  0.2741019E-06  0.3856426E-03  0.6905483E-06
  0.4383166666667E+02  0.2432629E-01  0.5628492E-04 -0.1578756E-03  0.2713982E-06  0.3856660E-03  0.7029465E-06
  0.4386500000000E+02  0.2432817E-01  0.5637035E-04 -0.1578667E-03  0.2687065E-06  0.3856898E-03  0.7153453E-06
  0.4389833333333E+02  0.2433005E-01  0.5645665E-04 -0.1578578E-03  0.2660268E-06  0.3857141E-03  0.7277453E-06
  0.4393166666667E+02  0.2433193E-01  0.5654384E-04 -0.1578490E-03  0.2633588E-06  0.3857388E-03  0.7401471E-06
  0.4396500000000E+02  0.2433382E-01  0.5663190E-04 -0.1578403E-03  0.2607024E-06  0.3857639E-03  0.7525513E-06
  0.4399833333333E+02  0.2433571E-01  0.5672085E-04 -0.1578317E-03  0.2580575E-06  0.3857894E-03  0.7649584E-06
  0.4403166666667E+02  0.2433761E-01  0.5681068E-04 -0.1578232E-03  0.2554239E-06  0.3858153E-03  0.7773691E-06
  0.4406500000000E+02  0.2433950E-01  0.5690141E-04 -0.1578148E-03  0.2528014E-06  0.3858416E-03  0.7897838E-06
  0.4409833333333E+02  0.2434140E-01  0.5699303E-04 -0.1578064E-03  0.2501899E-06  0.3858683E-03  0.8022032E-06
  0.4413166666667E+02  0.2434330E-01  0.5708555E-04 -0.1577982E-03  0.2475893E-06  0.3858955E-03  0.8146277E-06
  0.4416500000000E+02  0.2434521E-01  0.5717896E-04 -0.1577900E-03  0.2449994E-06  0.3859231E-03  0.8270580E-06
  0.4419833333333E+02  0.2434712E-01  0.5727328E-04 -0.1577819E-03  0.2424201E-06  0.3859510E-03  0.8394945E-06
  0.4423166666667E+02  0.2434903E-01  0.5736850E-04 -0.1577740E-03  0.2398512E-06  0.3859794E-03  0.8519379E-06
  0.4426500000000E+02  0.2435095E-01  0.5746464E-04 -0.1577660E-03  0.2372927E-06  0.3860083E-03  0.8643886E-06
  0.4429833333333E+02  0.2435287E-01  0.5756168E-04 -0.1577582E-03  0.2347442E-06  0.3860375E-03  0.8768472E-06
  0.4433166666667E+02  0.2435479E-01  0.5765964E-04 -0.1577505E-03  0.2322058E-06  0.3860671E-03  0.8893142E-06
  0.4436500000000E+02  0.2435671E-01  0.5775852E-04 -0.1577428E-03  0.2296773E-06  0.3860972E-03  0.9017901E-06
  0.4439833333333E+02  0.2435864E-01  0.5785832E-04 -0.1577353E-03  0.2271585E-06  0.3861277E-03  0.9142755E-06
  0.4443166666667E+02  0.2436057E-01  0.5795905E-04 -0.1577278E-03  0.2246493E-06  0.3861586E-03  0.9267708E-06
  0.4446500000000E+02  0.2436251E-01  0.5806070E-04 -0.1577204E-03  0.2221496E-06  0.3861899E-03  0.9392765E-06
  0.4449833333333E+02  0.2436445E-01  0.5816329E-04 -0.1577130E-03  0.2196592E-06  0.3862216E-03  0.9517932E-06
  0.4453166666667E+02  0.2436639E-01  0.5826681E-04 -0.1577058E-03  0.2171781E-06  0.3862537E-03  0.9643214E-06
  0.4456500000000E+02  0.2436834E-01  0.5837127E-04 -0.1576986E-03  0.2147060E-06  0.3862863E-03  0.9768615E-06
  0.4459833333333E+02  0.2437029E-01  0.5847667E-04 -0.1576916E-03  0.2122428E-06  0.3863193E-03  0.9894142E-06
  0.4463166666667E+02  0.2437224E-01  0.5858301E-04 -0.1576846E-03  0.2097884E-06  0.3863527E-03  0.1001980E-05
  0.4466500000000E+02  0.2437419E-01  0.5869031E-04 -0.1576777E-03  0.2073427E-06  0.3863865E-03  0.1014559E-05
  0.4469833333333E+02  0.2437615E-01  0.5879856E-04 -0.1576708E-03  0.2049055E-06  0.3864207E-03  0.1027152E-05
  0.4473166666667E+02  0.2437812E-01  0.5890776E-04 -0.1576641E-03  0.2024767E-06  0.3864554E-03  0.1039759E-05
  0.4476500000000E+02  0.2438009E-01  0.5901792E-04 -0.1576574E-03  0.2000562E-06  0.3864905E-03  0.1052381E-05
  0.4479833333333E+02  0.2438206E-01  0.5912905E-04 -0.1576508E-03  0.1976438E-06  0.3865260E-03  0.1065019E-05
  0.4483166666667E+02  0.2438403E-01  0.5924114E-04 -0.1576443E-03  0.1952394E-06  0.3865619E-03  0.1077673E-05
  0.4486500000000E+02  0.2438601E-01  0.5935420E-04 -0.1576379E-03  0.1928429E-06  0.3865982E-03  0.1090343E-05
  0.4489833333333E+02  0.2438799E-01  0.5946824E-04 -0.1576315E-03  0.1904541E-06  0.3866350E-03  0.1103030E-05
  0.4493166666667E+02  0.2438998E-01  0.5958326E-04 -0.1576253E-03  0.1880729E-06  0.3866722E-03  0.1115734E-05
  0.4496500000000E+02  0.2439197E-01  0.5969925E-04 -0.1576191E-03  0.1856992E-06  0.3867098E-03  0.1128456E-05
  0.4499833333333E+02  0.2439396E-01  0.5981623E-04 -0.1576130E-03  0.1833328E-06  0.3867479E-03  0.1141196E-05
  0.4503166666667E+02  0.2439596E-01  0.5993420E-04 -0.1576069E-03  0.1809736E-06  0.3867863E-03  0.1153955E-05
  0.4506500000000E+02  0.2439796E-01  0.6005317E-04 -0.1576010E-03  0.1786215E-06  0.3868252E-03  0.1166733E-05
  0.4509833333333E+02  0.2439997E-01  0.6017313E-04 -0.1575951E-03  0.1762763E-06  0.3868645E-03  0.1179531E-05
  0.4513166666667E+02  0.2440198E-01  0.6029409E-04 -0.1575893E-03  0.1739379E-06  0.3869043E-03  0.1192350E-05
  0.4516500000000E+02  0.2440399E-01  0.6041605E-04 -0.1575836E-03  0.1716062E-06  0.3869444E-03  0.1205188E-05
  0.4519833333333E+02  0.2440601E-01  0.6053902E-04 -0.1575779E-03  0.1692810E-06  0.3869850E-03  0.1218049E-05
  0.4523166666667E+02  0.2440803E-01  0.6066301E-04 -0.1575724E-03  0.1669621E-06  0.3870261E-03  0.1230930E-05
  0.4526500000000E+02  0.2441006E-01  0.6078801E-04 -0.1575669E-03  0.1646496E-06  0.3870675E-03  0.1243834E-05
  0.4529833333333E+02  0.2441209E-01  0.6091403E-04 -0.1575615E-03  0.1623431E-06  0.3871094E-03  0.1256761E-05
  0.4533166666667E+02  0.2441412E-01  0.6104107E-04 -0.1575561E-03  0.1600426E-06  0.3871518E-03  0.1269711E-05
  0.4536500000000E+02  0.2441616E-01  0.6116915E-04 -0.1575509E-03  0.1577479E-06  0.3871945E-03  0.1282684E-05
  0.4539833333333E+02  0.2441820E-01  0.6129825E-04 -0.1575457E-03  0.1554588E-06  0.3872377E-03  0.1295681E-05
  0.4543166666667E+02  0.2442025E-01  0.6142839E-04 -0.1575406E-03  0.1531754E-06  0.3872813E-03  0.1308703E-05
  0.4546500000000E+02  0.2442230E-01  0.6155957E-04 -0.1575356E-03  0.1508973E-06  0.3873254E-03  0.1321751E-05
  0.4549833333333E+02  0.2442436E-01  0.6169180E-04 -0.1575306E-03  0.1486244E-06  0.3873699E-03  0.1334823E-05
  0.4553166666667E+02  0.2442642E-01  0.6182508E-04 -0.1575257E-03  0.1463567E-06  0.3874148E-03  0.1347922E-05
  0.4556500000000E+02  0.2442849E-01  0.6195940E-04 -0.1575209E-03  0.1440939E-06  0.3874602E-03  0.1361048E-05
  0.4559833333333E+02  0.2443056E-01  0.6209479E-04 -0.1575162E-03  0.1418359E-06  0.3875060E-03  0.1374200E-05
  0.4563166666667E+02  0.2443263E-01  0.6223124E-04 -0.1575116E-03  0.1395825E-06  0.3875522E-03  0.1387381E-05
  0.4566500000000E+02  0.2443471E-01  0.6236875E-04 -0.1575070E-03  0.1373337E-06  0.3875989E-03  0.1400589E-05
  0.4569833333333E+02  0.2443679E-01  0.6250734E-04 -0.1575025E-03  0.1350892E-06  0.3876460E-03  0.1413826E-05
  0.4573166666667E+02  0.2443888E-01  0.6264699E-04 -0.1574980E-03  0.1328489E-06  0.3876936E-03  0.1427093E-05
  0.4576500000000E+02  0.2444097E-01  0.6278773E-04 -0.1574937E-03  0.1306126E-06  0.3877416E-03  0.1440389E-05
  0.4579833333333E+02  0.2444307E-01  0.6292955E-04 -0.1574894E-03  0.1283801E-06  0.3877901E-03  0.1453716E-05
  0.4583166666667E+02  0.2444517E-01  0.6307246E-04 -0.1574852E-03  0.1261514E-06  0.3878390E-03  0.1467073E-05
  0.4586500000000E+02  0.2444728E-01  0.6321647E-04 -0.1574811E-03  0.1239262E-06  0.3878883E-03  0.1480462E-05
  0.4589833333333E+02  0.2444939E-01  0.6336157E-04 -0.1574770E-03  0.1217045E-06  0.3879381E-03  0.1493882E-05
  0.4593166666667E+02  0.2445151E-01  0.6350777E-04 -0.1574730E-03  0.1194859E-06  0.3879884E-03  0.1507336E-05
  0.4596500000000E+02  0.2445363E-01  0.6365508E-04 -0.1574691E-03  0.1172703E-06  0.3880391E-03  0.1520822E-05
  0.4599833333333E+02  0.2445576E-01  0.6380350E-04 -0.1574653E-03  0.1150577E-06  0.3880902E-03  0.1534342E-05
  0.4603166666667E+02  0.2445789E-01  0.6395304E-04 -0.1574615E-03  0.1128477E-06  0.3881418E-03  0.1547896E-05
  0.4606500000000E+02  0.2446003E-01  0.6410370E-04 -0.1574578E-03  0.1106403E-06  0.3881939E-03  0.1561485E-05
  0.4609833333333E+02  0.2446217E-01  0.6425549E-04 -0.1574542E-03  0.1084352E-06  0.3882464E-03  0.1575110E-05
  0.4613166666667E+02  0.2446432E-01  0.6440841E-04 -0.1574507E-03  0.1062323E-06  0.3882993E-03  0.1588771E-05
  0.4616500000000E+02  0.2446647E-01  0.6456246E-04 -0.1574472E-03  0.1040314E-06  0.3883527E-03  0.1602468E-05
  0.4619833333333E+02  0.2446863E-01  0.6471766E-04 -0.1574438E-03  0.1018323E-06  0.3884066E-03  0.1616202E-05
  0.4623166666667E+02  0.2447079E-01  0.6487400E-04 -0.1574405E-03  0.9963483E-07  0.3884609E-03  0.1629975E-05
  0.4626500000000E+02  0.2447296E-01  0.6503149E-04 -0.1574373E-03  0.9743878E-07  0.3885157E-03  0.1643786E-05
  0.4629833333333E+02  0.2447513E-01  0.6519014E-04 -0.1574341E-03  0.9524397E-07  0.3885710E-03  0.1657636E-05
  0.4633166666667E+02  0.2447731E-01  0.6534995E-04 -0.1574310E-03  0.9305021E-07  0.3886267E-03  0.1671526E-05
  0.4636500000000E+02  0.2447949E-01  0.6551094E-04 -0.1574280E-03  0.9085730E-07  0.3886829E-03  0.1685456E-05
  0.4639833333333E+02  0.2448168E-01  0.6567309E-04 -0.1574250E-03  0.8866505E-07  0.3887395E-03  0.1699428E-05
  0.4643166666667E+02  0.2448387E-01  0.6583642E-04 -0.1574221E-03  0.8647324E-07  0.3887967E-03  0.1713441E-05
  0.4646500000000E+02  0.2448607E-01  0.6600094E-04 -0.1574193E-03  0.8428167E-07  0.3888542E-03  0.1727497E-05
  0.4649833333333E+02  0.2448828E-01  0.6616665E-04 -0.1574166E-03  0.8209014E-07  0.3889123E-03  0.1741597E-05
  0.4653166666667E+02  0.2449049E-01  0.6633355E-04 -0.1574139E-03  0.7989843E-07  0.3889708E-03  0.1755740E-05
  0.4656500000000E+02  0.2449271E-01  0.6650165E-04 -0.1574113E-03  0.7770633E-07  0.3890298E-03  0.1769928E-05
  0.4659833333333E+02  0.2449493E-01  0.6667096E-04 -0.1574088E-03  0.7551361E-07  0.3890893E-03  0.1784162E-05
  0.4663166666667E+02  0.2449716E-01  0.6684149E-04 -0.1574064E-03  0.7332005E-07  0.3891492E-03  0.1798442E-05
  0.4666500000000E+02  0.2449939E-01  0.6701323E-04 -0.1574040E-03  0.7112543E-07  0.3892097E-03  0.1812769E-05
  0.4669833333333E+02  0.2450163E-01  0.6718620E-04 -0.1574017E-03  0.6892951E-07  0.3892706E-03  0.1827144E-05
  0.4673166666667E+02  0.2450388E-01  0.6736040E-04 -0.1573995E-03  0.6673205E-07  0.3893319E-03  0.1841567E-05
  0.4676500000000E+02  0.2450613E-01  0.6753584E-04 -0.1573973E-03  0.6453282E-07  0.3893938E-03  0.1856040E-05
  0.4679833333333E+02  0.2450839E-01  0.6771253E-04 -0.1573952E-03  0.6233156E-07  0.3894562E-03  0.1870564E-05
  0.4683166666667E+02  0.2451065E-01  0.6789046E-04 -0.1573932E-03  0.6012803E-07  0.3895190E-03  0.1885138E-05
  0.4686500000000E+02  0.2451292E-01  0.6806965E-04 -0.1573913E-03  0.5792197E-07  0.3895823E-03  0.1899765E-05
  0.4689833333333E+02  0.2451519E-01  0.6825011E-04 -0.1573894E-03  0.5571311E-07  0.3896461E-03  0.1914444E-05
  0.4693166666667E+02  0.2451747E-01  0.6843184E-04 -0.1573877E-03  0.5350118E-07  0.3897105E-03  0.1929178E-05
  0.4696500000000E+02  0.2451976E-01  0.6861484E-04 -0.1573859E-03  0.5128592E-07  0.3897753E-03  0.1943967E-05
  0.4699833333333E+02  0.2452205E-01  0.6879913E-04 -0.1573843E-03  0.4906703E-07  0.3898405E-03  0.1958811E-05
  0.4703166666667E+02  0.2452435E-01  0.6898472E-04 -0.1573827E-03  0.4684423E-07  0.3899063E-03  0.1973713E-05
  0.4706500000000E+02  0.2452666E-01  0.6917160E-04 -0.1573813E-03  0.4461723E-07  0.3899726E-03  0.1988672E-05
  0.4709833333333E+02  0.2452897E-01  0.6935979E-04 -0.1573798E-03  0.4238571E-07  0.3900394E-03  0.2003690E-05
  0.4713166666667E+02  0.2453129E-01  0.6954929E-04 -0.1573785E-03  0.4014936E-07  0.3901067E-03  0.2018769E-05
  0.4716500000000E+02  0.2453361E-01  0.6974012E-04 -0.1573772E-03  0.3790788E-07  0.3901745E-03  0.2033909E-05
  0.4719833333333E+02  0.2453595E-01  0.6993227E-04 -0.1573761E-03  0.3566092E-07  0.3902428E-03  0.2049111E-05
  0.4723166666667E+02  0.2453828E-01  0.7012576E-04 -0.1573749E-03  0.3340814E-07  0.3903116E-03  0.2064377E-05
  0.4726500000000E+02  0.2454063E-01  0.7032060E-04 -0.1573739E-03  0.3114921E-07  0.3903809E-03  0.2079707E-05
  0.4729833333333E+02  0.2454298E-01  0.7051679E-04 -0.1573729E-03  0.2888377E-07  0.3904508E-03  0.2095104E-05
  0.4733166666667E+02  0.2454533E-01  0.7071434E-04 -0.1573721E-03  0.2661144E-07  0.3905211E-03  0.2110568E-05
  0.4736500000000E+02  0.2454770E-01  0.7091326E-04 -0.1573712E-03  0.2433185E-07  0.3905920E-03  0.2126101E-05
  0.4739833333333E+02  0.2455007E-01  0.7111356E-04 -0.1573705E-03  0.2204462E-07  0.3906634E-03  0.2141704E-05
  0.4743166666667E+02  0.2455245E-01  0.7131524E-04 -0.1573699E-03  0.1974935E-07  0.3907353E-03  0.2157378E-05
  0.4746500000000E+02  0.2455483E-01  0.7151832E-04 -0.1573693E-03  0.1744562E-07  0.3908077E-03  0.2173126E-05
  0.4749833333333E+02  0.2455722E-01  0.7172281E-04 -0.1573688E-03  0.1513302E-07  0.3908807E-03  0.2188948E-05
  0.4753166666667E+02  0.2455962E-01  0.7192871E-04 -0.1573683E-03  0.1281111E-07  0.3909542E-03  0.2204846E-05
  0.4756500000000E+02  0.2456202E-01  0.7213603E-04 -0.1573680E-03  0.1047945E-07  0.3910282E-03  0.2220821E-05
  0.4759833333333E+02  0.2456443E-01  0.7234479E-04 -0.1573677E-03  0.8137591E-08  0.3911028E-03  0.2236876E-05
  0.4763166666667E+02  0.2456685E-01  0.7255499E-04 -0.1573675E-03  0.5785060E-08  0.3911779E-03  0.2253012E-05
  0.4766500000000E+02  0.2456928E-01  0.7276664E-04 -0.1573674E-03  0.3421378E-08  0.3912535E-03  0.2269231E-05
  0.4769833333333E+02  0.2457171E-01  0.7297975E-04 -0.1573674E-03  0.1046055E-08  0.3913297E-03  0.2285533E-05
  0.4773166666667E+02  0.2457415E-01  0.7319433E-04 -0.1573674E-03 -0.1341415E-08  0.3914064E-03  0.2301923E-05
  0.4776500000000E+02  0.2457660E-01  0.7341040E-04 -0.1573675E-03 -0.3741546E-08  0.3914837E-03  0.2318400E-05
  0.4779833333333E+02  0.2457905E-01  0.7362796E-04 -0.1573678E-03 -0.6154866E-08  0.3915616E-03  0.2334968E-05
  0.4783166666667E+02  0.2458151E-01  0.7384702E-04 -0.1573680E-03 -0.8581916E-08  0.3916399E-03  0.2351627E-05
  0.4786500000000E+02  0.2458398E-01  0.7406760E-04 -0.1573684E-03 -0.1102325E-07  0.3917189E-03  0.2368381E-05
  0.4789833333333E+02  0.2458646E-01  0.7428971E-04 -0.1573689E-03 -0.1347943E-07  0.3917984E-03  0.2385231E-05
  0.4793166666667E+02  0.2458894E-01  0.7451335E-04 -0.1573694E-03 -0.1595103E-07  0.3918785E-03  0.2402178E-05
  0.4796500000000E+02  0.2459143E-01  0.7473854E-04 -0.1573700E-03 -0.1843863E-07  0.3919591E-03  0.2419227E-05
  0.4799833333333E+02  0.2459393E-01  0.7496530E-04 -0.1573707E-03 -0.2094285E-07  0.3920403E-03  0.2436378E-05
  0.4803166666667E+02  0.2459644E-01  0.7519362E-04 -0.1573715E-03 -0.2346428E-07  0.3921221E-03  0.2453634E-05
  0.4806500000000E+02  0.2459895E-01  0.7542354E-04 -0.1573723E-03 -0.2600354E-07  0.3922045E-03  0.2470997E-05
  0.4809833333333E+02  0.2460148E-01  0.7565505E-04 -0.1573733E-03 -0.2856128E-07  0.3922874E-03  0.2488469E-05
  0.4813166666667E+02  0.2460400E-01  0.7588817E-04 -0.1573743E-03 -0.3113811E-07  0.3923710E-03  0.2506054E-05
  0.4816500000000E+02  0.2460654E-01  0.7612292E-04 -0.1573755E-03 -0.3373471E-07  0.3924551E-03  0.2523752E-05
  0.4819833333333E+02  0.2460909E-01  0.7635931E-04 -0.1573767E-03 -0.3635171E-07  0.3925398E-03  0.2541568E-05
  0.4823166666667E+02  0.2461164E-01  0.7659735E-04 -0.1573780E-03 -0.3898980E-07  0.3926251E-03  0.2559503E-05
  0.4826500000000E+02  0.2461420E-01  0.7683705E-04 -0.1573794E-03 -0.4164963E-07  0.3927110E-03  0.2577560E-05
  0.4829833333333E+02  0.2461677E-01  0.7707844E-04 -0.1573808E-03 -0.4433191E-07  0.3927976E-03  0.2595741E-05
  0.4833166666667E+02  0.2461935E-01  0.7732152E-04 -0.1573824E-03 -0.4703731E-07  0.3928847E-03  0.2614049E-05
  0.4836500000000E+02  0.2462193E-01  0.7756631E-04 -0.1573841E-03 -0.4976653E-07  0.3929725E-03  0.2632488E-05
  0.4839833333333E+02  0.2462453E-01  0.7781283E-04 -0.1573858E-03 -0.5252026E-07  0.3930608E-03  0.2651058E-05
  0.4843166666667E+02  0.2462713E-01  0.7806109E-04 -0.1573877E-03 -0.5529923E-07  0.3931498E-03  0.2669764E-05
  0.4846500000000E+02  0.2462974E-01  0.7831111E-04 -0.1573896E-03 -0.5810413E-07  0.3932394E-03  0.2688608E-05
  0.4849833333333E+02  0.2463236E-01  0.7856290E-04 -0.1573916E-03 -0.6093568E-07  0.3933297E-03  0.2707593E-05
  0.4853166666667E+02  0.2463499E-01  0.7881648E-04 -0.1573938E-03 -0.6379461E-07  0.3934206E-03  0.2726721E-05
  0.4856500000000E+02  0.2463762E-01  0.7907187E-04 -0.1573960E-03 -0.6668162E-07  0.3935121E-03  0.2745995E-05
  0.4859833333333E+02  0.2464027E-01  0.7932909E-04 -0.1573983E-03 -0.6959745E-07  0.3936043E-03  0.2765419E-05
  0.4863166666667E+02  0.2464292E-01  0.7958815E-04 -0.1574007E-03 -0.7254282E-07  0.3936971E-03  0.2784996E-05
  0.4866500000000E+02  0.2464558E-01  0.7984907E-04 -0.1574032E-03 -0.7551845E-07  0.3937906E-03  0.2804727E-05
  0.4869833333333E+02  0.2464825E-01  0.8011186E-04 -0.1574059E-03 -0.7852508E-07  0.3938848E-03  0.2824616E-05
  0.4873166666667E+02  0.2465093E-01  0.8037656E-04 -0.1574086E-03 -0.8156344E-07  0.3939796E-03  0.2844667E-05
  0.4876500000000E+02  0.2465362E-01  0.8064317E-04 -0.1574114E-03 -0.8463424E-07  0.3940751E-03  0.2864881E-05
  0.4879833333333E+02  0.2465632E-01  0.8091172E-04 -0.1574143E-03 -0.8773822E-07  0.3941713E-03  0.2885263E-05
  0.4883166666667E+02  0.2465902E-01  0.8118223E-04 -0.1574173E-03 -0.9087611E-07  0.3942681E-03  0.2905815E-05
  0.4886500000000E+02  0.2466174E-01  0.8145471E-04 -0.1574205E-03 -0.9404863E-07  0.3943657E-03  0.2926539E-05
  0.4889833333333E+02  0.2466446E-01  0.8172919E-04 -0.1574237E-03 -0.9725651E-07  0.3944639E-03  0.2947440E-05
  0.4893166666667E+02  0.2466719E-01  0.8200568E-04 -0.1574271E-03 -0.1005005E-06  0.3945629E-03  0.2968520E-05
  0.4896500000000E+02  0.2466994E-01  0.8228422E-04 -0.1574305E-03 -0.1037813E-06  0.3946625E-03  0.2989782E-05
  0.4899833333333E+02  0.2467269E-01  0.8256482E-04 -0.1574341E-03 -0.1070996E-06  0.3947629E-03  0.3011230E-05
  0.4903166666667E+02  0.2467545E-01  0.8284749E-04 -0.1574378E-03 -0.1104561E-06  0.3948640E-03  0.3032866E-05
  0.4906500000000E+02  0.2467822E-01  0.8313228E-04 -0.1574416E-03 -0.1138516E-06  0.3949658E-03  0.3054693E-05
  0.4909833333333E+02  0.2468100E-01  0.8341918E-04 -0.1574455E-03 -0.1172868E-06  0.3950684E-03  0.3076715E-05
  0.4913166666667E+02  0.2468379E-01  0.8370824E-04 -0.1574495E-03 -0.1207624E-06  0.3951717E-03  0.3098935E-05
  0.4916500000000E+02  0.2468659E-01  0.8399947E-04 -0.1574537E-03 -0.1242792E-06  0.3952757E-03  0.3121357E-05
  0.4919833333333E+02  0.2468940E-01  0.8429289E-04 -0.1574579E-03 -0.1278378E-06  0.3953805E-03  0.3143982E-05
  0.4923166666667E+02  0.2469222E-01  0.8458854E-04 -0.1574623E-03 -0.1314389E-06  0.3954861E-03  0.3166815E-05
  0.4926500000000E+02  0.2469505E-01  0.8488642E-04 -0.1574668E-03 -0.1350833E-06  0.3955924E-03  0.3189858E-05
  0.4929833333333E+02  0.2469789E-01  0.8518657E-04 -0.1574714E-03 -0.1387716E-06  0.3956995E-03  0.3213115E-05
  0.4933166666667E+02  0.2470074E-01  0.8548902E-04 -0.1574762E-03 -0.1425047E-06  0.3958074E-03  0.3236589E-05
  0.4936500000000E+02  0.2470360E-01  0.8579377E-04 -0.1574811E-03 -0.1462832E-06  0.3959161E-03  0.3260284E-05
  0.4939833333333E+02  0.2470647E-01  0.8610087E-04 -0.1574861E-03 -0.1501078E-06  0.3960256E-03  0.3284202E-05
  0.4943166666667E+02  0.2470935E-01  0.8641032E-04 -0.1574912E-03 -0.1539793E-06  0.3961358E-03  0.3308347E-05
  0.4946500000000E+02  0.2471224E-01  0.8672217E-04 -0.1574965E-03 -0.1578984E-06  0.3962469E-03  0.3332723E-05
  0.4949833333333E+02  0.2471514E-01  0.8703643E-04 -0.1575018E-03 -0.1618658E-06  0.3963588E-03  0.3357332E-05
  0.4953166666667E+02  0.2471806E-01  0.8735312E-04 -0.1575074E-03 -0.1658822E-06  0.3964716E-03  0.3382178E-05
  0.4956500000000E+02  0.2472098E-01  0.8767228E-04 -0.1575130E-03 -0.1699484E-06  0.3965852E-03  0.3407264E-05
  0.4959833333333E+02  0.2472391E-01  0.8799393E-04 -0.1575188E-03 -0.1740651E-06  0.3966996E-03  0.3432595E-05
  0.4963166666667E+02  0.2472685E-01  0.8831809E-04 -0.1575248E-03 -0.1782330E-06  0.3968148E-03  0.3458172E-05
  0.4966500000000E+02  0.2472981E-01  0.8864478E-04 -0.1575309E-03 -0.1824530E-06  0.3969310E-03  0.3484001E-05
  0.4969833333333E+02  0.2473278E-01  0.8897404E-04 -0.1575371E-03 -0.1867257E-06  0.3970480E-03  0.3510083E-05
  0.4973166666667E+02  0.2473575E-01  0.8930589E-04 -0.1575435E-03 -0.1910518E-06  0.3971659E-03  0.3536423E-05
  0.4976500000000E+02  0.2473874E-01  0.8964035E-04 -0.1575500E-03 -0.1954322E-06  0.3972846E-03  0.3563025E-05
  0.4979833333333E+02  0.2474174E-01  0.8997746E-04 -0.1575566E-03 -0.1998676E-06  0.3974043E-03  0.3589891E-05
  0.4983166666667E+02  0.2474475E-01  0.9031722E-04 -0.1575634E-03 -0.2043588E-06  0.3975249E-03  0.3617026E-05
  0.4986500000000E+02  0.2474777E-01  0.9065967E-04 -0.1575704E-03 -0.2089065E-06  0.3976463E-03  0.3644433E-05
  0.4989833333333E+02  0.2475081E-01  0.9100484E-04 -0.1575775E-03 -0.2135116E-06  0.3977687E-03  0.3672115E-05
  0.4993166666667E+02  0.2475385E-01  0.9135275E-04 -0.1575848E-03 -0.2181746E-06  0.3978921E-03  0.3700077E-05
  0.4996500000000E+02  0.2475691E-01  0.9170342E-04 -0.1575922E-03 -0.2228965E-06  0.3980164E-03  0.3728321E-05
  0.4999833333333E+02  0.2475998E-01  0.9205687E-04 -0.1575998E-03 -0.2276781E-06  0.3981416E-03  0.3756851E-05
  0.5003166666667E+02  0.2476306E-01  0.9241314E-04 -0.1576076E-03 -0.2325199E-06  0.3982678E-03  0.3785672E-05
  0.5006500000000E+02  0.2476615E-01  0.9277225E-04 -0.1576155E-03 -0.2374230E-06  0.3983949E-03  0.3814786E-05
  0.5009833333333E+02  0.2476925E-01  0.9313422E-04 -0.1576236E-03 -0.2423879E-06  0.3985231E-03  0.3844198E-05
  0.5013166666667E+02  0.2477237E-01  0.9349907E-04 -0.1576318E-03 -0.2474154E-06  0.3986522E-03  0.3873910E-05
  0.5016500000000E+02  0.2477550E-01  0.9386683E-04 -0.1576402E-03 -0.2525064E-06  0.3987823E-03  0.3903926E-05
  0.5019833333333E+02  0.2477864E-01  0.9423753E-04 -0.1576488E-03 -0.2576615E-06  0.3989135E-03  0.3934250E-05
  0.5023166666667E+02  0.2478179E-01  0.9461118E-04 -0.1576576E-03 -0.2628814E-06  0.3990456E-03  0.3964886E-05
  0.5026500000000E+02  0.2478496E-01  0.9498781E-04 -0.1576665E-03 -0.2681669E-06  0.3991788E-03  0.3995836E-05
  0.5029833333333E+02  0.2478814E-01  0.9536745E-04 -0.1576756E-03 -0.2735187E-06  0.3993131E-03  0.4027105E-05
  0.5033166666667E+02  0.2479133E-01  0.9575011E-04 -0.1576849E-03 -0.2789375E-06  0.3994484E-03  0.4058695E-05
  0.5036500000000E+02  0.2479454E-01  0.9613582E-04 -0.1576944E-03 -0.2844239E-06  0.3995847E-03  0.4090610E-05
  0.5039833333333E+02  0.2479775E-01  0.9652461E-04 -0.1577041E-03 -0.2899786E-06  0.3997221E-03  0.4122852E-05
  0.5043166666667E+02  0.2480098E-01  0.9691649E-04 -0.1577139E-03 -0.2956023E-06  0.3998607E-03  0.4155426E-05
  0.5046500000000E+02  0.2480423E-01  0.9731148E-04 -0.1577240E-03 -0.3012954E-06  0.4000003E-03  0.4188334E-05
  0.5049833333333E+02  0.2480748E-01  0.9770962E-04 -0.1577342E-03 -0.3070587E-06  0.4001410E-03  0.4221579E-05
  0.5053166666667E+02  0.2481075E-01  0.9811091E-04 -0.1577446E-03 -0.3128925E-06  0.4002828E-03  0.4255164E-05
  0.5056500000000E+02  0.2481404E-01  0.9851539E-04 -0.1577553E-03 -0.3187976E-06  0.4004258E-03  0.4289092E-05
  0.5059833333333E+02  0.2481734E-01  0.9892308E-04 -0.1577661E-03 -0.3247743E-06  0.4005699E-03  0.4323365E-05
  0.5063166666667E+02  0.2482065E-01  0.9933399E-04 -0.1577771E-03 -0.3308232E-06  0.4007152E-03  0.4357986E-05
  0.5066500000000E+02  0.2482397E-01  0.9974815E-04 -0.1577884E-03 -0.3369446E-06  0.4008616E-03  0.4392957E-05
  0.5069833333333E+02  0.2482731E-01  0.1001656E-03 -0.1577998E-03 -0.3431389E-06  0.4010092E-03  0.4428281E-05
  0.5073166666667E+02  0.2483066E-01  0.1005863E-03 -0.1578114E-03 -0.3494065E-06  0.4011580E-03  0.4463959E-05
  0.5076500000000E+02  0.2483403E-01  0.1010103E-03 -0.1578233E-03 -0.3557477E-06  0.4013080E-03  0.4499994E-05
  0.5079833333333E+02  0.2483741E-01  0.1014377E-03 -0.1578354E-03 -0.3621628E-06  0.4014592E-03  0.4536388E-05
  0.5083166666667E+02  0.2484081E-01  0.1018684E-03 -0.1578477E-03 -0.3686519E-06  0.4016117E-03  0.4573141E-05
  0.5086500000000E+02  0.2484422E-01  0.1023024E-03 -0.1578602E-03 -0.3752153E-06  0.4017653E-03  0.4610256E-05
  0.5089833333333E+02  0.2484764E-01  0.1027399E-03 -0.1578729E-03 -0.3818531E-06  0.4019203E-03  0.4647734E-05
  0.5093166666667E+02  0.2485108E-01  0.1031808E-03 -0.1578858E-03 -0.3885654E-06  0.4020765E-03  0.4685576E-05
  0.5096500000000E+02  0.2485454E-01  0.1036251E-03 -0.1578990E-03 -0.3953522E-06  0.4022339E-03  0.4723783E-05
  0.5099833333333E+02  0.2485800E-01  0.1040728E-03 -0.1579124E-03 -0.4022136E-06  0.4023927E-03  0.4762356E-05
  0.5103166666667E+02  0.2486149E-01  0.1045240E-03 -0.1579261E-03 -0.4091494E-06  0.4025527E-03  0.4801295E-05
  0.5106500000000E+02  0.2486499E-01  0.1049787E-03 -0.1579399E-03 -0.4161595E-06  0.4027141E-03  0.4840601E-05
  0.5109833333333E+02  0.2486850E-01  0.1054369E-03 -0.1579540E-03 -0.4232437E-06  0.4028767E-03  0.4880273E-05
  0.5113166666667E+02  0.2487203E-01  0.1058986E-03 -0.1579684E-03 -0.4304019E-06  0.4030407E-03  0.4920313E-05
  0.5116500000000E+02  0.2487558E-01  0.1063639E-03 -0.1579830E-03 -0.4376337E-06  0.4032061E-03  0.4960719E-05
  0.5119833333333E+02  0.2487914E-01  0.1068327E-03 -0.1579978E-03 -0.4449388E-06  0.4033728E-03  0.5001491E-05
  0.5123166666667E+02  0.2488272E-01  0.1073051E-03 -0.1580129E-03 -0.4523168E-06  0.4035409E-03  0.5042629E-05
  0.5126500000000E+02  0.2488631E-01  0.1077810E-03 -0.1580282E-03 -0.4597673E-06  0.4037104E-03  0.5084130E-05
  0.5129833333333E+02  0.2488992E-01  0.1082606E-03 -0.1580438E-03 -0.4672896E-06  0.4038812E-03  0.5125996E-05
  0.5133166666667E+02  0.2489354E-01  0.1087437E-03 -0.1580596E-03 -0.4748832E-06  0.4040535E-03  0.5168223E-05
  0.5136500000000E+02  0.2489718E-01  0.1092306E-03 -0.1580757E-03 -0.4825475E-06  0.4042272E-03  0.5210810E-05
  0.5139833333333E+02  0.2490084E-01  0.1097210E-03 -0.1580921E-03 -0.4902817E-06  0.4044023E-03  0.5253755E-05
  0.5143166666667E+02  0.2490451E-01  0.1102151E-03 -0.1581087E-03 -0.4980852E-06  0.4045789E-03  0.5297057E-05
  0.5146500000000E+02  0.2490820E-01  0.1107129E-03 -0.1581255E-03 -0.5059570E-06  0.4047569E-03  0.5340713E-05
  0.5149833333333E+02  0.2491191E-01  0.1112144E-03 -0.1581426E-03 -0.5138963E-06  0.4049364E-03  0.5384720E-05
  0.5153166666667E+02  0.2491564E-01  0.1117196E-03 -0.1581600E-03 -0.5219021E-06  0.4051174E-03  0.5429077E-05
  0.5156500000000E+02  0.2491938E-01  0.1122285E-03 -0.1581777E-03 -0.5299736E-06  0.4052998E-03  0.5473778E-05
  0.5159833333333E+02  0.2492314E-01  0.1127411E-03 -0.1581956E-03 -0.5381098E-06  0.4054838E-03  0.5518823E-05
  0.5163166666667E+02  0.2492691E-01  0.1132574E-03 -0.1582139E-03 -0.5463095E-06  0.4056693E-03  0.5564207E-05
  0.5166500000000E+02  0.2493070E-01  0.1137775E-03 -0.1582323E-03 -0.5545718E-06  0.4058563E-03  0.5609928E-05
  0.5169833333333E+02  0.2493451E-01  0.1143014E-03 -0.1582511E-03 -0.5628956E-06  0.4060448E-03  0.5655981E-05
  0.5173166666667E+02  0.2493834E-01  0.1148290E-03 -0.1582702E-03 -0.5712799E-06  0.4062349E-03  0.5702364E-05
  0.5176500000000E+02  0.2494219E-01  0.1153604E-03 -0.1582895E-03 -0.5797235E-06  0.4064265E-03  0.5749072E-05
  0.5179833333333E+02  0.2494605E-01  0.1158955E-03 -0.1583091E-03 -0.5882255E-06  0.4066197E-03  0.5796103E-05
  0.5183166666667E+02  0.2494993E-01  0.1164345E-03 -0.1583290E-03 -0.5967849E-06  0.4068145E-03  0.5843452E-05
  0.5186500000000E+02  0.2495383E-01  0.1169772E-03 -0.1583492E-03 -0.6054006E-06  0.4070109E-03  0.5891116E-05
  0.5189833333333E+02  0.2495775E-01  0.1175237E-03 -0.1583696E-03 -0.6140719E-06  0.4072088E-03  0.5939092E-05
  0.5193166666667E+02  0.2496168E-01  0.1180740E-03 -0.1583904E-03 -0.6227978E-06  0.4074084E-03  0.5987375E-05
  0.5196500000000E+02  0.2496564E-01  0.1186280E-03 -0.1584114E-03 -0.6315776E-06  0.4076096E-03  0.6035964E-05
  0.5199833333333E+02  0.2496961E-01  0.1191859E-03 -0.1584328E-03 -0.6404105E-06  0.4078125E-03  0.6084855E-05
  0.5203166666667E+02  0.2497360E-01  0.1197475E-03 -0.1584544E-03 -0.6492961E-06  0.4080169E-03  0.6134044E-05
  0.5206500000000E+02  0.2497761E-01  0.1203129E-03 -0.1584764E-03 -0.6582338E-06  0.4082230E-03  0.6183530E-05
  0.5209833333333E+02  0.2498164E-01  0.1208821E-03 -0.1584986E-03 -0.6672232E-06  0.4084308E-03  0.6233309E-05
  0.5213166666667E+02  0.2498569E-01  0.1214550E-03 -0.1585212E-03 -0.6762641E-06  0.4086403E-03  0.6283381E-05
  0.5216500000000E+02  0.2498976E-01  0.1220317E-03 -0.1585440E-03 -0.6853562E-06  0.4088514E-03  0.6333741E-05
  0.5219833333333E+02  0.2499384E-01  0.1226121E-03 -0.1585671E-03 -0.6944997E-06  0.4090642E-03  0.6384390E-05
  0.5223166666667E+02  0.2499795E-01  0.1231962E-03 -0.1585906E-03 -0.7036944E-06  0.4092787E-03  0.6435325E-05
  0.5226500000000E+02  0.2500208E-01  0.1237840E-03 -0.1586144E-03 -0.7129406E-06  0.4094949E-03  0.6486545E-05
  0.5229833333333E+02  0.2500622E-01  0.1243756E-03 -0.1586384E-03 -0.7222386E-06  0.4097129E-03  0.6538049E-05
  0.5233166666667E+02  0.2501039E-01  0.1249707E-03 -0.1586628E-03 -0.7315887E-06  0.4099325E-03  0.6589835E-05
  0.5236500000000E+02  0.2501457E-01  0.1255696E-03 -0.1586875E-03 -0.7409914E-06  0.4101539E-03  0.6641905E-05
  0.5239833333333E+02  0.2501878E-01  0.1261720E-03 -0.1587125E-03 -0.7504472E-06  0.4103771E-03  0.6694255E-05
  0.5243166666667E+02  0.2502301E-01  0.1267780E-03 -0.1587379E-03 -0.7599566E-06  0.4106020E-03  0.6746888E-05
  0.5246500000000E+02  0.2502725E-01  0.1273876E-03 -0.1587635E-03 -0.7695204E-06  0.4108286E-03  0.6799800E-05
  0.5249833333333E+02  0.2503152E-01  0.1280007E-03 -0.1587895E-03 -0.7791391E-06  0.4110571E-03  0.6852994E-05
  0.5253166666667E+02  0.2503581E-01  0.1286173E-03 -0.1588158E-03 -0.7888134E-06  0.4112873E-03  0.6906467E-05
  0.5256500000000E+02  0.2504011E-01  0.1292374E-03 -0.1588424E-03 -0.7985441E-06  0.4115193E-03  0.6960219E-05
  0.5259833333333E+02  0.2504444E-01  0.1298609E-03 -0.1588694E-03 -0.8083317E-06  0.4117531E-03  0.7014251E-05
  0.5263166666667E+02  0.2504879E-01  0.1304878E-03 -0.1588966E-03 -0.8181770E-06  0.4119887E-03  0.7068561E-05
  0.5266500000000E+02  0.2505316E-01  0.1311180E-03 -0.1589242E-03 -0.8280805E-06  0.4122261E-03  0.7123148E-05
  0.5269833333333E+02  0.2505755E-01  0.1317515E-03 -0.1589522E-03 -0.8380429E-06  0.4124654E-03  0.7178011E-05
  0.5273166666667E+02  0.2506197E-01  0.1323883E-03 -0.1589804E-03 -0.8480646E-06  0.4127065E-03  0.7233150E-05
  0.5276500000000E+02  0.2506640E-01  0.1330283E-03 -0.1590090E-03 -0.8581463E-06  0.4129495E-03  0.7288563E-05
  0.5279833333333E+02  0.2507086E-01  0.1336715E-03 -0.1590380E-03 -0.8682883E-06  0.4131943E-03  0.7344247E-05
  0.5283166666667E+02  0.2507533E-01  0.1343178E-03 -0.1590673E-03 -0.8784911E-06  0.4134409E-03  0.7400203E-05
  0.5286500000000E+02  0.2507983E-01  0.1349672E-03 -0.1590969E-03 -0.8887551E-06  0.4136895E-03  0.7456426E-05
  0.5289833333333E+02  0.2508435E-01  0.1356195E-03 -0.1591269E-03 -0.8990807E-06  0.4139399E-03  0.7512917E-05
  0.5293166666667E+02  0.2508890E-01  0.1362748E-03 -0.1591572E-03 -0.9094683E-06  0.4141922E-03  0.7569671E-05
  0.5296500000000E+02  0.2509346E-01  0.1369331E-03 -0.1591878E-03 -0.9199183E-06  0.4144465E-03  0.7626688E-05
  0.5299833333333E+02  0.2509805E-01  0.1375941E-03 -0.1592189E-03 -0.9304311E-06  0.4147026E-03  0.7683964E-05
  0.5303166666667E+02  0.2510266E-01  0.1382580E-03 -0.1592502E-03 -0.9410073E-06  0.4149607E-03  0.7741499E-05
  0.5306500000000E+02  0.2510729E-01  0.1389245E-03 -0.1592819E-03 -0.9516475E-06  0.4152206E-03  0.7799289E-05
  0.5309833333333E+02  0.2511194E-01  0.1395937E-03 -0.1593140E-03 -0.9623524E-06  0.4154825E-03  0.7857332E-05
  0.5313166666667E+02  0.2511662E-01  0.1402655E-03 -0.1593465E-03 -0.9731230E-06  0.4157464E-03  0.7915628E-05
  0.5316500000000E+02  0.2512131E-01  0.1409399E-03 -0.1593793E-03 -0.9839603E-06  0.4160122E-03  0.7974175E-05
  0.5319833333333E+02  0.2512603E-01  0.1416166E-03 -0.1594124E-03 -0.9948655E-06  0.4162800E-03  0.8032971E-05
  0.5323166666667E+02  0.2513078E-01  0.1422958E-03 -0.1594459E-03 -0.1005840E-05  0.4165497E-03  0.8092017E-05
  0.5326500000000E+02  0.2513554E-01  0.1429772E-03 -0.1594798E-03 -0.1016886E-05  0.4168214E-03  0.8151313E-05
  0.5329833333333E+02  0.2514033E-01  0.1436609E-03 -0.1595141E-03 -0.1028005E-05  0.4170951E-03  0.8210858E-05
  0.5333166666667E+02  0.2514514E-01  0.1443468E-03 -0.1595487E-03 -0.1039199E-05  0.4173708E-03  0.8270653E-05
  0.5336500000000E+02  0.2514998E-01  0.1450347E-03 -0.1595838E-03 -0.1050471E-05  0.4176485E-03  0.8330702E-05
  0.5339833333333E+02  0.2515484E-01  0.1457246E-03 -0.1596192E-03 -0.1061823E-05  0.4179282E-03  0.8391004E-05
  0.5343166666667E+02  0.2515972E-01  0.1464164E-03 -0.1596549E-03 -0.1073259E-05  0.4182099E-03  0.8451563E-05
  0.5346500000000E+02  0.2516462E-01  0.1471101E-03 -0.1596911E-03 -0.1084781E-05  0.4184936E-03  0.8512383E-05
  0.5349833333333E+02  0.2516955E-01  0.1478055E-03 -0.1597276E-03 -0.1096393E-05  0.4187794E-03  0.8573465E-05
  0.5353166666667E+02  0.2517450E-01  0.1485026E-03 -0.1597646E-03 -0.1108099E-05  0.4190673E-03  0.8634815E-05
  0.5356500000000E+02  0.2517947E-01  0.1492012E-03 -0.1598019E-03 -0.1119903E-05  0.4193571E-03  0.8696436E-05
  0.5359833333333E+02  0.2518447E-01  0.1499014E-03 -0.1598396E-03 -0.1131807E-05  0.4196491E-03  0.8758333E-05
  0.5363166666667E+02  0.2518949E-01  0.1506030E-03 -0.1598778E-03 -0.1143817E-05  0.4199431E-03  0.8820509E-05
  0.5366500000000E+02  0.2519453E-01  0.1513059E-03 -0.1599163E-03 -0.1155936E-05  0.4202392E-03  0.8882970E-05
  0.5369833333333E+02  0.2519960E-01  0.1520101E-03 -0.1599552E-03 -0.1168168E-05  0.4205374E-03  0.8945720E-05
  0.5373166666667E+02  0.2520469E-01  0.1527155E-03 -0.1599946E-03 -0.1180518E-05  0.4208377E-03  0.9008762E-05
  0.5376500000000E+02  0.2520980E-01  0.1534219E-03 -0.1600343E-03 -0.1192988E-05  0.4211401E-03  0.9072102E-05
  0.5379833333333E+02  0.2521494E-01  0.1541294E-03 -0.1600745E-03 -0.1205583E-05  0.4214446E-03  0.9135741E-05
  0.5383166666667E+02  0.2522010E-01  0.1548378E-03 -0.1601151E-03 -0.1218307E-05  0.4217513E-03  0.9199684E-05
  0.5386500000000E+02  0.2522529E-01  0.1555471E-03 -0.1601562E-03 -0.1231162E-05  0.4220601E-03  0.9263931E-05
  0.5389833333333E+02  0.2523049E-01  0.1562572E-03 -0.1601977E-03 -0.1244151E-05  0.4223710E-03  0.9328486E-05
  0.5393166666667E+02  0.2523573E-01  0.1569680E-03 -0.1602396E-03 -0.1257279E-05  0.4226841E-03  0.9393348E-05
  0.5396500000000E+02  0.2524098E-01  0.1576795E-03 -0.1602819E-03 -0.1270546E-05  0.4229994E-03  0.9458518E-05
  0.5399833333333E+02  0.2524626E-01  0.1583916E-03 -0.1603247E-03 -0.1283956E-05  0.4233169E-03  0.9523995E-05
  0.5403166666667E+02  0.2525157E-01  0.1591043E-03 -0.1603680E-03 -0.1297510E-05  0.4236365E-03  0.9589776E-05
  0.5406500000000E+02  0.2525689E-01  0.1598174E-03 -0.1604117E-03 -0.1311210E-05  0.4239584E-03  0.9655861E-05
  0.5409833333333E+02  0.2526224E-01  0.1605310E-03 -0.1604558E-03 -0.1325057E-05  0.4242825E-03  0.9722244E-05
  0.5413166666667E+02  0.2526762E-01  0.1612449E-03 -0.1605005E-03 -0.1339052E-05  0.4246088E-03  0.9788922E-05
  0.5416500000000E+02  0.2527302E-01  0.1619592E-03 -0.1605456E-03 -0.1353196E-05  0.4249373E-03  0.9855890E-05
  0.5419833333333E+02  0.2527844E-01  0.1626739E-03 -0.1605912E-03 -0.1367489E-05  0.4252681E-03  0.9923142E-05
  0.5423166666667E+02  0.2528389E-01  0.1633887E-03 -0.1606372E-03 -0.1381932E-05  0.4256011E-03  0.9990673E-05
  0.5426500000000E+02  0.2528936E-01  0.1641038E-03 -0.1606838E-03 -0.1396524E-05  0.4259364E-03  0.1005848E-04
  0.5429833333333E+02  0.2529485E-01  0.1648192E-03 -0.1607308E-03 -0.1411266E-05  0.4262739E-03  0.1012654E-04
  0.5433166666667E+02  0.2530037E-01  0.1655346E-03 -0.1607784E-03 -0.1426157E-05  0.4266138E-03  0.1019487E-04
  0.5436500000000E+02  0.2530591E-01  0.1662503E-03 -0.1608264E-03 -0.1441199E-05  0.4269559E-03  0.1026345E-04
  0.5439833333333E+02  0.2531148E-01  0.1669660E-03 -0.1608749E-03 -0.1456391E-05  0.4273003E-03  0.1033228E-04
  0.5443166666667E+02  0.2531707E-01  0.1676819E-03 -0.1609240E-03 -0.1471734E-05  0.4276470E-03  0.1040135E-04
  0.5446500000000E+02  0.2532268E-01  0.1683978E-03 -0.1609736E-03 -0.1487228E-05  0.4279960E-03  0.1047067E-04
  0.5449833333333E+02  0.2532832E-01  0.1691138E-03 -0.1610237E-03 -0.1502876E-05  0.4283474E-03  0.1054021E-04
  0.5453166666667E+02  0.2533398E-01  0.1698299E-03 -0.1610743E-03 -0.1518680E-05  0.4287010E-03  0.1061000E-04
  0.5456500000000E+02  0.2533966E-01  0.1705459E-03 -0.1611255E-03 -0.1534641E-05  0.4290570E-03  0.1068002E-04
  0.5459833333333E+02  0.2534537E-01  0.1712620E-03 -0.1611771E-03 -0.1550763E-05  0.4294154E-03  0.1075028E-04
  0.5463166666667E+02  0.2535110E-01  0.1719781E-03 -0.1612294E-03 -0.1567050E-05  0.4297761E-03  0.1082079E-04
  0.5466500000000E+02  0.2535686E-01  0.1726941E-03 -0.1612822E-03 -0.1583507E-05  0.4301391E-03  0.1089155E-04
  0.5469833333333E+02  0.2536264E-01  0.1734101E-03 -0.1613355E-03 -0.1600139E-05  0.4305045E-03  0.1096257E-04
  0.5473166666667E+02  0.2536844E-01  0.1741260E-03 -0.1613894E-03 -0.1616952E-05  0.4308723E-03  0.1103386E-04
  0.5476500000000E+02  0.2537427E-01  0.1748418E-03 -0.1614439E-03 -0.1633953E-05  0.4312425E-03  0.1110544E-04
  0.5479833333333E+02  0.2538012E-01  0.1755575E-03 -0.1614989E-03 -0.1651149E-05  0.4316151E-03  0.1117733E-04
  0.5483166666667E+02  0.2538600E-01  0.1762730E-03 -0.1615545E-03 -0.1668550E-05  0.4319901E-03  0.1124953E-04
  0.5486500000000E+02  0.2539190E-01  0.1769883E-03 -0.1616107E-03 -0.1686163E-05  0.4323675E-03  0.1132208E-04
  0.5489833333333E+02  0.2539782E-01  0.1777034E-03 -0.1616675E-03 -0.1703999E-05  0.4327473E-03  0.1139498E-04
  0.5493166666667E+02  0.2540377E-01  0.1784183E-03 -0.1617249E-03 -0.1722066E-05  0.4331296E-03  0.1146828E-04
  0.5496500000000E+02  0.2540974E-01  0.1791329E-03 -0.1617829E-03 -0.1740376E-05  0.4335143E-03  0.1154198E-04
  0.5499833333333E+02  0.2541574E-01  0.1798471E-03 -0.1618416E-03 -0.1758938E-05  0.4339015E-03  0.1161612E-04
  0.5503166666667E+02  0.2542175E-01  0.1805610E-03 -0.1619008E-03 -0.1777763E-05  0.4342912E-03  0.1169073E-04
  0.5506500000000E+02  0.2542780E-01  0.1812744E-03 -0.1619607E-03 -0.1796861E-05  0.4346834E-03  0.1176582E-04
  0.5509833333333E+02  0.2543386E-01  0.1819874E-03 -0.1620213E-03 -0.1816243E-05  0.4350781E-03  0.1184143E-04
  0.5513166666667E+02  0.2543995E-01  0.1826999E-03 -0.1620825E-03 -0.1835919E-05  0.4354754E-03  0.1191758E-04
  0.5516500000000E+02  0.2544607E-01  0.1834118E-03 -0.1621443E-03 -0.1855898E-05  0.4358752E-03  0.1199429E-04
  0.5519833333333E+02  0.2545220E-01  0.1841231E-03 -0.1622069E-03 -0.1876190E-05  0.4362776E-03  0.1207160E-04
  0.5523166666667E+02  0.2545837E-01  0.1848337E-03 -0.1622701E-03 -0.1896802E-05  0.4366825E-03  0.1214953E-04
  0.5526500000000E+02  0.2546455E-01  0.1855436E-03 -0.1623340E-03 -0.1917744E-05  0.4370902E-03  0.1222809E-04
  0.5529833333333E+02  0.2547076E-01  0.1862527E-03 -0.1623987E-03 -0.1939021E-05  0.4375004E-03  0.1230731E-04
  0.5533166666667E+02  0.2547699E-01  0.1869610E-03 -0.1624640E-03 -0.1960639E-05  0.4379133E-03  0.1238721E-04
  0.5536500000000E+02  0.2548325E-01  0.1876684E-03 -0.1625301E-03 -0.1982604E-05  0.4383289E-03  0.1246780E-04
  0.5539833333333E+02  0.2548953E-01  0.1883749E-03 -0.1625969E-03 -0.2004919E-05  0.4387472E-03  0.1254908E-04
  0.5543166666667E+02  0.2549583E-01  0.1890803E-03 -0.1626645E-03 -0.2027588E-05  0.4391682E-03  0.1263109E-04
  0.5546500000000E+02  0.2550215E-01  0.1897847E-03 -0.1627329E-03 -0.2050610E-05  0.4395920E-03  0.1271381E-04
  0.5549833333333E+02  0.2550850E-01  0.1904879E-03 -0.1628020E-03 -0.2073987E-05  0.4400186E-03  0.1279725E-04
  0.5553166666667E+02  0.2551488E-01  0.1911900E-03 -0.1628719E-03 -0.2097717E-05  0.4404480E-03  0.1288141E-04
  0.5556500000000E+02  0.2552127E-01  0.1918908E-03 -0.1629426E-03 -0.2121797E-05  0.4408802E-03  0.1296629E-04
  0.5559833333333E+02  0.2552769E-01  0.1925902E-03 -0.1630142E-03 -0.2146224E-05  0.4413153E-03  0.1305189E-04
  0.5563166666667E+02  0.2553414E-01  0.1932883E-03 -0.1630866E-03 -0.2170992E-05  0.4417532E-03  0.1313818E-04
  0.5566500000000E+02  0.2554060E-01  0.1939849E-03 -0.1631598E-03 -0.2196094E-05  0.4421940E-03  0.1322515E-04
  0.5569833333333E+02  0.2554709E-01  0.1946801E-03 -0.1632338E-03 -0.2221522E-05  0.4426378E-03  0.1331279E-04
  0.5573166666667E+02  0.2555360E-01  0.1953736E-03 -0.1633087E-03 -0.2247267E-05  0.4430845E-03  0.1340108E-04
  0.5576500000000E+02  0.2556014E-01  0.1960655E-03 -0.1633845E-03 -0.2273320E-05  0.4435342E-03  0.1348999E-04
  0.5579833333333E+02  0.2556670E-01  0.1967556E-03 -0.1634612E-03 -0.2299668E-05  0.4439868E-03  0.1357949E-04
  0.5583166666667E+02  0.2557328E-01  0.1974440E-03 -0.1635387E-03 -0.2326300E-05  0.4444425E-03  0.1366956E-04
  0.5586500000000E+02  0.2557988E-01  0.1981304E-03 -0.1636171E-03 -0.2353203E-05  0.4449011E-03  0.1376016E-04
  0.5589833333333E+02  0.2558651E-01  0.1988150E-03 -0.1636965E-03 -0.2380364E-05  0.4453628E-03  0.1385127E-04
  0.5593166666667E+02  0.2559316E-01  0.1994975E-03 -0.1637767E-03 -0.2407770E-05  0.4458276E-03  0.1394284E-04
  0.5596500000000E+02  0.2559983E-01  0.2001778E-03 -0.1638579E-03 -0.2435408E-05  0.4462954E-03  0.1403485E-04
  0.5599833333333E+02  0.2560653E-01  0.2008560E-03 -0.1639400E-03 -0.2463263E-05  0.4467663E-03  0.1412726E-04
  0.5603166666667E+02  0.2561325E-01  0.2015318E-03 -0.1640231E-03 -0.2491323E-05  0.4472403E-03  0.1422004E-04
  0.5606500000000E+02  0.2561999E-01  0.2022053E-03 -0.1641071E-03 -0.2519576E-05  0.4477175E-03  0.1431315E-04
  0.5609833333333E+02  0.2562675E-01  0.2028762E-03 -0.1641920E-03 -0.2548010E-05  0.4481977E-03  0.1440656E-04
  0.5613166666667E+02  0.2563353E-01  0.2035445E-03 -0.1642779E-03 -0.2576614E-05  0.4486810E-03  0.1450025E-04
  0.5616500000000E+02  0.2564034E-01  0.2042101E-03 -0.1643647E-03 -0.2605378E-05  0.4491675E-03  0.1459419E-04
  0.5619833333333E+02  0.2564717E-01  0.2048728E-03 -0.1644525E-03 -0.2634293E-05  0.4496571E-03  0.1468836E-04
  0.5623166666667E+02  0.2565402E-01  0.2055325E-03 -0.1645413E-03 -0.2663353E-05  0.4501499E-03  0.1478272E-04
  0.5626500000000E+02  0.2566089E-01  0.2061891E-03 -0.1646311E-03 -0.2692550E-05  0.4506458E-03  0.1487727E-04
  0.5629833333333E+02  0.2566779E-01  0.2068424E-03 -0.1647218E-03 -0.2721879E-05  0.4511448E-03  0.1497198E-04
  0.5633166666667E+02  0.2567471E-01  0.2074924E-03 -0.1648135E-03 -0.2751338E-05  0.4516471E-03  0.1506685E-04
  0.5636500000000E+02  0.2568164E-01  0.2081388E-03 -0.1649062E-03 -0.2780921E-05  0.4521525E-03  0.1516187E-04
  0.5639833333333E+02  0.2568860E-01  0.2087815E-03 -0.1649999E-03 -0.2810629E-05  0.4526610E-03  0.1525701E-04
  0.5643166666667E+02  0.2569558E-01  0.2094203E-03 -0.1650946E-03 -0.2840460E-05  0.4531728E-03  0.1535229E-04
  0.5646500000000E+02  0.2570259E-01  0.2100552E-03 -0.1651903E-03 -0.2870413E-05  0.4536877E-03  0.1544769E-04
  0.5649833333333E+02  0.2570961E-01  0.2106859E-03 -0.1652869E-03 -0.2900489E-05  0.4542058E-03  0.1554321E-04
  0.5653166666667E+02  0.2571665E-01  0.2113123E-03 -0.1653846E-03 -0.2930690E-05  0.4547271E-03  0.1563884E-04
  0.5656500000000E+02  0.2572372E-01  0.2119343E-03 -0.1654833E-03 -0.2961016E-05  0.4552516E-03  0.1573459E-04
  0.5659833333333E+02  0.2573080E-01  0.2125517E-03 -0.1655830E-03 -0.2991468E-05  0.4557793E-03  0.1583046E-04
  0.5663166666667E+02  0.2573791E-01  0.2131643E-03 -0.1656838E-03 -0.3022049E-05  0.4563101E-03  0.1592643E-04
  0.5666500000000E+02  0.2574503E-01  0.2137720E-03 -0.1657855E-03 -0.3052758E-05  0.4568442E-03  0.1602252E-04
  0.5669833333333E+02  0.2575218E-01  0.2143746E-03 -0.1658883E-03 -0.3083598E-05  0.4573815E-03  0.1611871E-04
  0.5673166666667E+02  0.2575934E-01  0.2149721E-03 -0.1659921E-03 -0.3114568E-05  0.4579220E-03  0.1621501E-04
  0.5676500000000E+02  0.2576653E-01  0.2155643E-03 -0.1660970E-03 -0.3145668E-05  0.4584657E-03  0.1631140E-04
  0.5679833333333E+02  0.2577373E-01  0.2161511E-03 -0.1662029E-03 -0.3176898E-05  0.4590127E-03  0.1640788E-04
  0.5683166666667E+02  0.2578096E-01  0.2167323E-03 -0.1663098E-03 -0.3208255E-05  0.4595628E-03  0.1650444E-04
  0.5686500000000E+02  0.2578820E-01  0.2173078E-03 -0.1664178E-03 -0.3239739E-05  0.4601162E-03  0.1660107E-04
  0.5689833333333E+02  0.2579547E-01  0.2178776E-03 -0.1665269E-03 -0.3271346E-05  0.4606728E-03  0.1669775E-04
  0.5693166666667E+02  0.2580275E-01  0.2184415E-03 -0.1666370E-03 -0.3303071E-05  0.4612326E-03  0.1679447E-04
  0.5696500000000E+02  0.2581005E-01  0.2189994E-03 -0.1667481E-03 -0.3334910E-05  0.4617956E-03  0.1689121E-04
  0.5699833333333E+02  0.2581736E-01  0.2195512E-03 -0.1668604E-03 -0.3366857E-05  0.4623619E-03  0.1698795E-04
  0.5703166666667E+02  0.2582470E-01  0.2200969E-03 -0.1669737E-03 -0.3398905E-05  0.4629314E-03  0.1708467E-04
  0.5706500000000E+02  0.2583206E-01  0.2206363E-03 -0.1670880E-03 -0.3431047E-05  0.4635041E-03  0.1718134E-04
  0.5709833333333E+02  0.2583943E-01  0.2211695E-03 -0.1672035E-03 -0.3463272E-05  0.4640800E-03  0.1727793E-04
  0.5713166666667E+02  0.2584682E-01  0.2216962E-03 -0.1673200E-03 -0.3495573E-05  0.4646592E-03  0.1737442E-04
  0.5716500000000E+02  0.2585423E-01  0.2222165E-03 -0.1674376E-03 -0.3527937E-05  0.4652415E-03  0.1747076E-04
  0.5719833333333E+02  0.2586165E-01  0.2227303E-03 -0.1675563E-03 -0.3560354E-05  0.4658271E-03  0.1756693E-04
  0.5723166666667E+02  0.2586909E-01  0.2232375E-03 -0.1676760E-03 -0.3592810E-05  0.4664158E-03  0.1766288E-04
  0.5726500000000E+02  0.2587655E-01  0.2237382E-03 -0.1677969E-03 -0.3625292E-05  0.4670078E-03  0.1775858E-04
  0.5729833333333E+02  0.2588402E-01  0.2242322E-03 -0.1679188E-03 -0.3657786E-05  0.4676029E-03  0.1785398E-04
  0.5733166666667E+02  0.2589151E-01  0.2247194E-03 -0.1680418E-03 -0.3690276E-05  0.4682012E-03  0.1794904E-04
  0.5736500000000E+02  0.2589902E-01  0.2252000E-03 -0.1681659E-03 -0.3722747E-05  0.4688027E-03  0.1804372E-04
  0.5739833333333E+02  0.2590654E-01  0.2256738E-03 -0.1682911E-03 -0.3755183E-05  0.4694073E-03  0.1813797E-04
  0.5743166666667E+02  0.2591408E-01  0.2261409E-03 -0.1684173E-03 -0.3787567E-05  0.4700150E-03  0.1823174E-04
  0.5746500000000E+02  0.2592163E-01  0.2266011E-03 -0.1685447E-03 -0.3819881E-05  0.4706258E-03  0.1832498E-04
  0.5749833333333E+02  0.2592920E-01  0.2270545E-03 -0.1686731E-03 -0.3852108E-05  0.4712398E-03  0.1841765E-04
  0.5753166666667E+02  0.2593679E-01  0.2275012E-03 -0.1688025E-03 -0.3884232E-05  0.4718568E-03  0.1850970E-04
  0.5756500000000E+02  0.2594438E-01  0.2279409E-03 -0.1689331E-03 -0.3916235E-05  0.4724768E-03  0.1860108E-04
  0.5759833333333E+02  0.2595200E-01  0.2283739E-03 -0.1690647E-03 -0.3948101E-05  0.4730999E-03  0.1869176E-04
  0.5763166666667E+02  0.2595962E-01  0.2288000E-03 -0.1691973E-03 -0.3979814E-05  0.4737259E-03  0.1878168E-04
  0.5766500000000E+02  0.2596726E-01  0.2292193E-03 -0.1693310E-03 -0.4011359E-05  0.4743549E-03  0.1887081E-04
  0.5769833333333E+02  0.2597492E-01  0.2296317E-03 -0.1694658E-03 -0.4042722E-05  0.4749869E-03  0.1895911E-04
  0.5773166666667E+02  0.2598259E-01  0.2300373E-03 -0.1696016E-03 -0.4073890E-05  0.4756218E-03  0.1904655E-04
  0.5776500000000E+02  0.2599027E-01  0.2304360E-03 -0.1697384E-03 -0.4104853E-05  0.4762596E-03  0.1913310E-04
  0.5779833333333E+02  0.2599796E-01  0.2308279E-03 -0.1698763E-03 -0.4135602E-05  0.4769002E-03  0.1921873E-04
  0.5783166666667E+02  0.2600567E-01  0.2312130E-03 -0.1700152E-03 -0.4166128E-05  0.4775436E-03  0.1930344E-04
  0.5786500000000E+02  0.2601339E-01  0.2315912E-03 -0.1701550E-03 -0.4196428E-05  0.4781899E-03  0.1938721E-04
  0.5789833333333E+02  0.2602112E-01  0.2319625E-03 -0.1702959E-03 -0.4226498E-05  0.4788389E-03  0.1947002E-04
  0.5793166666667E+02  0.2602887E-01  0.2323269E-03 -0.1704378E-03 -0.4256338E-05  0.4794906E-03  0.1955188E-04
  0.5796500000000E+02  0.2603662E-01  0.2326845E-03 -0.1705807E-03 -0.4285949E-05  0.4801450E-03  0.1963280E-04
  0.5799833333333E+02  0.2604439E-01  0.2330351E-03 -0.1707245E-03 -0.4315336E-05  0.4808021E-03  0.1971278E-04
  0.5803166666667E+02  0.2605217E-01  0.2333788E-03 -0.1708693E-03 -0.4344504E-05  0.4814619E-03  0.1979185E-04
  0.5806500000000E+02  0.2605996E-01  0.2337155E-03 -0.1710151E-03 -0.4373463E-05  0.4821242E-03  0.1987002E-04
  0.5809833333333E+02  0.2606776E-01  0.2340451E-03 -0.1711618E-03 -0.4402225E-05  0.4827891E-03  0.1994732E-04
  0.5813166666667E+02  0.2607557E-01  0.2343678E-03 -0.1713095E-03 -0.4430801E-05  0.4834566E-03  0.2002379E-04
  0.5816500000000E+02  0.2608340E-01  0.2346833E-03 -0.1714582E-03 -0.4459207E-05  0.4841265E-03  0.2009947E-04
  0.5819833333333E+02  0.2609123E-01  0.2349917E-03 -0.1716078E-03 -0.4487460E-05  0.4847990E-03  0.2017438E-04
  0.5823166666667E+02  0.2609907E-01  0.2352930E-03 -0.1717583E-03 -0.4515579E-05  0.4854740E-03  0.2024859E-04
  0.5826500000000E+02  0.2610692E-01  0.2355870E-03 -0.1719097E-03 -0.4543584E-05  0.4861514E-03  0.2032213E-04
  0.5829833333333E+02  0.2611479E-01  0.2358738E-03 -0.1720621E-03 -0.4571496E-05  0.4868312E-03  0.2039506E-04
  0.5833166666667E+02  0.2612266E-01  0.2361533E-03 -0.1722154E-03 -0.4599337E-05  0.4875135E-03  0.2046743E-04
  0.5836500000000E+02  0.2613054E-01  0.2364254E-03 -0.1723697E-03 -0.4627131E-05  0.4881981E-03  0.2053930E-04
  0.5839833333333E+02  0.2613843E-01  0.2366902E-03 -0.1725248E-03 -0.4654902E-05  0.4888851E-03  0.2061073E-04
  0.5843166666667E+02  0.2614633E-01  0.2369476E-03 -0.1726809E-03 -0.4682674E-05  0.4895745E-03  0.2068176E-04
  0.5846500000000E+02  0.2615423E-01  0.2371976E-03 -0.1728379E-03 -0.4710472E-05  0.4902663E-03  0.2075246E-04
  0.5849833333333E+02  0.2616215E-01  0.2374401E-03 -0.1729959E-03 -0.4738322E-05  0.4909604E-03  0.2082289E-04
  0.5853166666667E+02  0.2617007E-01  0.2376752E-03 -0.1731548E-03 -0.4766248E-05  0.4916568E-03  0.2089310E-04
  0.5856500000000E+02  0.2617800E-01  0.2379029E-03 -0.1733146E-03 -0.4794276E-05  0.4923556E-03  0.2096314E-04
  0.5859833333333E+02  0.2618594E-01  0.2381231E-03 -0.1734753E-03 -0.4822428E-05  0.4930567E-03  0.2103308E-04
  0.5863166666667E+02  0.2619388E-01  0.2383359E-03 -0.1736370E-03 -0.4850730E-05  0.4937601E-03  0.2110297E-04
  0.5866500000000E+02  0.2620183E-01  0.2385412E-03 -0.1737996E-03 -0.4879205E-05  0.4944659E-03  0.2117286E-04
  0.5869833333333E+02  0.2620979E-01  0.2387392E-03 -0.1739632E-03 -0.4907875E-05  0.4951740E-03  0.2124279E-04
  0.5873166666667E+02  0.2621776E-01  0.2389299E-03 -0.1741278E-03 -0.4936761E-05  0.4958844E-03  0.2131283E-04
  0.5876500000000E+02  0.2622573E-01  0.2391132E-03 -0.1742933E-03 -0.4965883E-05  0.4965972E-03  0.2138300E-04
  0.5879833333333E+02  0.2623370E-01  0.2392894E-03 -0.1744598E-03 -0.4995260E-05  0.4973123E-03  0.2145335E-04
  0.5883166666667E+02  0.2624169E-01  0.2394583E-03 -0.1746273E-03 -0.5024909E-05  0.4980297E-03  0.2152393E-04
  0.5886500000000E+02  0.2624967E-01  0.2396201E-03 -0.1747958E-03 -0.5054845E-05  0.4987496E-03  0.2159476E-04
  0.5889833333333E+02  0.2625767E-01  0.2397749E-03 -0.1749653E-03 -0.5085083E-05  0.4994718E-03  0.2166587E-04
  0.5893166666667E+02  0.2626566E-01  0.2399227E-03 -0.1751358E-03 -0.5115633E-05  0.5001963E-03  0.2173729E-04
  0.5896500000000E+02  0.2627367E-01  0.2400636E-03 -0.1753074E-03 -0.5146506E-05  0.5009233E-03  0.2180904E-04
  0.5899833333333E+02  0.2628167E-01  0.2401977E-03 -0.1754800E-03 -0.5177707E-05  0.5016527E-03  0.2188113E-04
  0.5903166666667E+02  0.2628968E-01  0.2403251E-03 -0.1756536E-03 -0.5209242E-05  0.5023845E-03  0.2195358E-04
  0.5906500000000E+02  0.2629770E-01  0.2404459E-03 -0.1758283E-03 -0.5241113E-05  0.5031187E-03  0.2202639E-04
  0.5909833333333E+02  0.2630572E-01  0.2405602E-03 -0.1760041E-03 -0.5273319E-05  0.5038553E-03  0.2209956E-04
  0.5913166666667E+02  0.2631374E-01  0.2406681E-03 -0.1761810E-03 -0.5305858E-05  0.5045944E-03  0.2217308E-04
  0.5916500000000E+02  0.2632176E-01  0.2407696E-03 -0.1763589E-03 -0.5338724E-05  0.5053360E-03  0.2224694E-04
  0.5919833333333E+02  0.2632979E-01  0.2408648E-03 -0.1765380E-03 -0.5371908E-05  0.5060800E-03  0.2232112E-04
  0.5923166666667E+02  0.2633782E-01  0.2409539E-03 -0.1767182E-03 -0.5405401E-05  0.5068265E-03  0.2239560E-04
  0.5926500000000E+02  0.2634586E-01  0.2410369E-03 -0.1768995E-03 -0.5439188E-05  0.5075756E-03  0.2247034E-04
  0.5929833333333E+02  0.2635390E-01  0.2411139E-03 -0.1770819E-03 -0.5473255E-05  0.5083271E-03  0.2254532E-04
  0.5933166666667E+02  0.2636194E-01  0.2411850E-03 -0.1772655E-03 -0.5507584E-05  0.5090811E-03  0.2262050E-04
  0.5936500000000E+02  0.2636998E-01  0.2412502E-03 -0.1774502E-03 -0.5542154E-05  0.5098376E-03  0.2269583E-04
  0.5939833333333E+02  0.2637802E-01  0.2413096E-03 -0.1776361E-03 -0.5576946E-05  0.5105967E-03  0.2277127E-04
  0.5943166666667E+02  0.2638607E-01  0.2413632E-03 -0.1778232E-03 -0.5611935E-05  0.5113582E-03  0.2284676E-04
  0.5946500000000E+02  0.2639411E-01  0.2414112E-03 -0.1780114E-03 -0.5647098E-05  0.5121223E-03  0.2292225E-04
  0.5949833333333E+02  0.2640216E-01  0.2414535E-03 -0.1782009E-03 -0.5682408E-05  0.5128889E-03  0.2299769E-04
  0.5953166666667E+02  0.2641021E-01  0.2414903E-03 -0.1783915E-03 -0.5717840E-05  0.5136580E-03  0.2307302E-04
  0.5956500000000E+02  0.2641826E-01  0.2415215E-03 -0.1785832E-03 -0.5753367E-05  0.5144296E-03  0.2314817E-04
  0.5959833333333E+02  0.2642631E-01  0.2415472E-03 -0.1787762E-03 -0.5788962E-05  0.5152037E-03  0.2322310E-04
  0.5963166666667E+02  0.2643437E-01  0.2415674E-03 -0.1789704E-03 -0.5824597E-05  0.5159803E-03  0.2329773E-04
  0.5966500000000E+02  0.2644242E-01  0.2415822E-03 -0.1791657E-03 -0.5860245E-05  0.5167593E-03  0.2337201E-04
  0.5969833333333E+02  0.2645047E-01  0.2415916E-03 -0.1793622E-03 -0.5895879E-05  0.5175409E-03  0.2344589E-04
  0.5973166666667E+02  0.2645853E-01  0.2415956E-03 -0.1795599E-03 -0.5931475E-05  0.5183249E-03  0.2351930E-04
  0.5976500000000E+02  0.2646658E-01  0.2415943E-03 -0.1797588E-03 -0.5967005E-05  0.5191113E-03  0.2359219E-04
  0.5979833333333E+02  0.2647463E-01  0.2415876E-03 -0.1799589E-03 -0.6002448E-05  0.5199001E-03  0.2366451E-04
  0.5983166666667E+02  0.2648268E-01  0.2415756E-03 -0.1801602E-03 -0.6037779E-05  0.5206913E-03  0.2373622E-04
  0.5986500000000E+02  0.2649074E-01  0.2415584E-03 -0.1803626E-03 -0.6072978E-05  0.5214849E-03  0.2380726E-04
  0.5989833333333E+02  0.2649879E-01  0.2415359E-03 -0.1805662E-03 -0.6108026E-05  0.5222808E-03  0.2387759E-04
  0.5993166666667E+02  0.2650684E-01  0.2415082E-03 -0.1807710E-03 -0.6142904E-05  0.5230790E-03  0.2394718E-04
  0.5996500000000E+02  0.2651489E-01  0.2414753E-03 -0.1809769E-03 -0.6177596E-05  0.5238795E-03  0.2401600E-04
  0.5999833333333E+02  0.2652293E-01  0.2414373E-03 -0.1811840E-03 -0.6212089E-05  0.5246823E-03  0.2408402E-04
  0.6003166666667E+02  0.2653098E-01  0.2413941E-03 -0.1813922E-03 -0.6246370E-05  0.5254874E-03  0.2415121E-04
  0.6006500000000E+02  0.2653903E-01  0.2413458E-03 -0.1816015E-03 -0.6280428E-05  0.5262946E-03  0.2421756E-04
  0.6009833333333E+02  0.2654707E-01  0.2412924E-03 -0.1818120E-03 -0.6314257E-05  0.5271041E-03  0.2428304E-04
  0.6013166666667E+02  0.2655511E-01  0.2412340E-03 -0.1820236E-03 -0.6347848E-05  0.5279157E-03  0.2434766E-04
  0.6016500000000E+02  0.2656315E-01  0.2411706E-03 -0.1822363E-03 -0.6381197E-05  0.5287294E-03  0.2441140E-04
  0.6019833333333E+02  0.2657119E-01  0.2411022E-03 -0.1824501E-03 -0.6414300E-05  0.5295452E-03  0.2447425E-04
  0.6023166666667E+02  0.2657922E-01  0.2410290E-03 -0.1826650E-03 -0.6447157E-05  0.5303631E-03  0.2453623E-04
  0.6026500000000E+02  0.2658725E-01  0.2409508E-03 -0.1828810E-03 -0.6479765E-05  0.5311830E-03  0.2459734E-04
  0.6029833333333E+02  0.2659528E-01  0.2408678E-03 -0.1830981E-03 -0.6512126E-05  0.5320049E-03  0.2465758E-04
  0.6033166666667E+02  0.2660331E-01  0.2407800E-03 -0.1833162E-03 -0.6544242E-05  0.5328288E-03  0.2471696E-04
  0.6036500000000E+02  0.2661133E-01  0.2406875E-03 -0.1835354E-03 -0.6576115E-05  0.5336546E-03  0.2477549E-04
  0.6039833333333E+02  0.2661935E-01  0.2405903E-03 -0.1837557E-03 -0.6607749E-05  0.5344824E-03  0.2483319E-04
  0.6043166666667E+02  0.2662737E-01  0.2404885E-03 -0.1839770E-03 -0.6639149E-05  0.5353121E-03  0.2489008E-04
  0.6046500000000E+02  0.2663538E-01  0.2403821E-03 -0.1841993E-03 -0.6670318E-05  0.5361436E-03  0.2494617E-04
  0.6049833333333E+02  0.2664339E-01  0.2402712E-03 -0.1844227E-03 -0.6701261E-05  0.5369770E-03  0.2500148E-04
  0.6053166666667E+02  0.2665139E-01  0.2401558E-03 -0.1846471E-03 -0.6731985E-05  0.5378122E-03  0.2505602E-04
  0.6056500000000E+02  0.2665939E-01  0.2400360E-03 -0.1848725E-03 -0.6762493E-05  0.5386492E-03  0.2510983E-04
  0.6059833333333E+02  0.2666739E-01  0.2399119E-03 -0.1850990E-03 -0.6792792E-05  0.5394880E-03  0.2516291E-04
  0.6063166666667E+02  0.2667538E-01  0.2397834E-03 -0.1853264E-03 -0.6822885E-05  0.5403285E-03  0.2521528E-04
  0.6066500000000E+02  0.2668337E-01  0.2396507E-03 -0.1855548E-03 -0.6852778E-05  0.5411707E-03  0.2526698E-04
  0.6069833333333E+02  0.2669136E-01  0.2395138E-03 -0.1857842E-03 -0.6882475E-05  0.5420146E-03  0.2531800E-04
  0.6073166666667E+02  0.2669933E-01  0.2393726E-03 -0.1860146E-03 -0.6911979E-05  0.5428602E-03  0.2536838E-04
  0.6076500000000E+02  0.2670731E-01  0.2392273E-03 -0.1862460E-03 -0.6941293E-05  0.5437075E-03  0.2541813E-04
  0.6079833333333E+02  0.2671528E-01  0.2390779E-03 -0.1864783E-03 -0.6970420E-05  0.5445564E-03  0.2546725E-04
  0.6083166666667E+02  0.2672324E-01  0.2389244E-03 -0.1867117E-03 -0.6999360E-05  0.5454070E-03  0.2551578E-04
  0.6086500000000E+02  0.2673120E-01  0.2387668E-03 -0.1869459E-03 -0.7028115E-05  0.5462591E-03  0.2556371E-04
  0.6089833333333E+02  0.2673915E-01  0.2386050E-03 -0.1871812E-03 -0.7056686E-05  0.5471128E-03  0.2561106E-04
  0.6093166666667E+02  0.2674710E-01  0.2384392E-03 -0.1874173E-03 -0.7085070E-05  0.5479680E-03  0.2565784E-04
  0.6096500000000E+02  0.2675504E-01  0.2382693E-03 -0.1876544E-03 -0.7113267E-05  0.5488248E-03  0.2570405E-04
  0.6099833333333E+02  0.2676298E-01  0.2380954E-03 -0.1878925E-03 -0.7141275E-05  0.5496832E-03  0.2574970E-04
  0.6103166666667E+02  0.2677091E-01  0.2379172E-03 -0.1881314E-03 -0.7169091E-05  0.5505430E-03  0.2579479E-04
  0.6106500000000E+02  0.2677884E-01  0.2377350E-03 -0.1883713E-03 -0.7196711E-05  0.5514043E-03  0.2583933E-04
  0.6109833333333E+02  0.2678675E-01  0.2375486E-03 -0.1886121E-03 -0.7224133E-05  0.5522671E-03  0.2588332E-04
  0.6113166666667E+02  0.2679467E-01  0.2373579E-03 -0.1888538E-03 -0.7251353E-05  0.5531313E-03  0.2592675E-04
  0.6116500000000E+02  0.2680257E-01  0.2371631E-03 -0.1890965E-03 -0.7278365E-05  0.5539970E-03  0.2596963E-04
  0.6119833333333E+02  0.2681047E-01  0.2369640E-03 -0.1893400E-03 -0.7305165E-05  0.5548640E-03  0.2601196E-04
  0.6123166666667E+02  0.2681836E-01  0.2367605E-03 -0.1895844E-03 -0.7331749E-05  0.5557325E-03  0.2605372E-04
  0.6126500000000E+02  0.2682625E-01  0.2365527E-03 -0.1898296E-03 -0.7358112E-05  0.5566023E-03  0.2609493E-04
  0.6129833333333E+02  0.2683413E-01  0.2363405E-03 -0.1900758E-03 -0.7384248E-05  0.5574735E-03  0.2613556E-04
  0.6133166666667E+02  0.2684200E-01  0.2361238E-03 -0.1903228E-03 -0.7410154E-05  0.5583460E-03  0.2617563E-04
  0.6136500000000E+02  0.2684986E-01  0.2359026E-03 -0.1905706E-03 -0.7435823E-05  0.5592199E-03  0.2621512E-04
  0.6139833333333E+02  0.2685772E-01  0.2356769E-03 -0.1908193E-03 -0.7461252E-05  0.5600950E-03  0.2625402E-04
  0.6143166666667E+02  0.2686556E-01  0.2354466E-03 -0.1910689E-03 -0.7486436E-05  0.5609714E-03  0.2629234E-04
  0.6146500000000E+02  0.2687340E-01  0.2352116E-03 -0.1913193E-03 -0.7511371E-05  0.5618491E-03  0.2633007E-04
  0.6149833333333E+02  0.2688124E-01  0.2349720E-03 -0.1915705E-03 -0.7536051E-05  0.5627280E-03  0.2636720E-04
  0.6153166666667E+02  0.2688906E-01  0.2347277E-03 -0.1918225E-03 -0.7560475E-05  0.5636081E-03  0.2640372E-04
  0.6156500000000E+02  0.2689688E-01  0.2344787E-03 -0.1920753E-03 -0.7584636E-05  0.5644894E-03  0.2643963E-04
  0.6159833333333E+02  0.2690468E-01  0.2342249E-03 -0.1923289E-03 -0.7608533E-05  0.5653719E-03  0.2647493E-04
  0.6163166666667E+02  0.2691248E-01  0.2339664E-03 -0.1925833E-03 -0.7632162E-05  0.5662556E-03  0.2650961E-04
  0.6166500000000E+02  0.2692027E-01  0.2337030E-03 -0.1928385E-03 -0.7655520E-05  0.5671404E-03  0.2654367E-04
  0.6169833333333E+02  0.2692806E-01  0.2334349E-03 -0.1930945E-03 -0.7678603E-05  0.5680263E-03  0.2657709E-04
  0.6173166666667E+02  0.2693583E-01  0.2331620E-03 -0.1933512E-03 -0.7701409E-05  0.5689133E-03  0.2660988E-04
  0.6176500000000E+02  0.2694359E-01  0.2328843E-03 -0.1936086E-03 -0.7723937E-05  0.5698013E-03  0.2664204E-04
  0.6179833333333E+02  0.2695134E-01  0.2326018E-03 -0.1938669E-03 -0.7746182E-05  0.5706904E-03  0.2667354E-04
  0.6183166666667E+02  0.2695909E-01  0.2323146E-03 -0.1941258E-03 -0.7768144E-05  0.5715806E-03  0.2670440E-04
  0.6186500000000E+02  0.2696682E-01  0.2320226E-03 -0.1943855E-03 -0.7789820E-05  0.5724718E-03  0.2673461E-04
  0.6189833333333E+02  0.2697455E-01  0.2317259E-03 -0.1946458E-03 -0.7811209E-05  0.5733639E-03  0.2676417E-04
  0.6193166666667E+02  0.2698226E-01  0.2314245E-03 -0.1949069E-03 -0.7832308E-05  0.5742570E-03  0.2679307E-04
  0.6196500000000E+02  0.2698996E-01  0.2311186E-03 -0.1951687E-03 -0.7853116E-05  0.5751510E-03  0.2682130E-04
  0.6199833333333E+02  0.2699766E-01  0.2308080E-03 -0.1954311E-03 -0.7873632E-05  0.5760460E-03  0.2684888E-04
  0.6203166666667E+02  0.2700534E-01  0.2304929E-03 -0.1956943E-03 -0.7893855E-05  0.5769419E-03  0.2687578E-04
  0.6206500000000E+02  0.2701301E-01  0.2301734E-03 -0.1959580E-03 -0.7913782E-05  0.5778386E-03  0.2690202E-04
  0.6209833333333E+02  0.2702067E-01  0.2298494E-03 -0.1962225E-03 -0.7933414E-05  0.5787362E-03  0.2692758E-04
  0.6213166666667E+02  0.2702833E-01  0.2295211E-03 -0.1964876E-03 -0.7952750E-05  0.5796346E-03  0.2695247E-04
  0.6216500000000E+02  0.2703596E-01  0.2291886E-03 -0.1967533E-03 -0.7971788E-05  0.5805338E-03  0.2697668E-04
  0.6219833333333E+02  0.2704359E-01  0.2288518E-03 -0.1970197E-03 -0.7990528E-05  0.5814338E-03  0.2700022E-04
  0.6223166666667E+02  0.2705121E-01  0.2285109E-03 -0.1972866E-03 -0.8008970E-05  0.5823346E-03  0.2702307E-04
  0.6226500000000E+02  0.2705882E-01  0.2281660E-03 -0.1975542E-03 -0.8027114E-05  0.5832361E-03  0.2704525E-04
  0.6229833333333E+02  0.2706641E-01  0.2278171E-03 -0.1978224E-03 -0.8044959E-05  0.5841383E-03  0.2706674E-04
  0.6233166666667E+02  0.2707399E-01  0.2274643E-03 -0.1980911E-03 -0.8062507E-05  0.5850412E-03  0.2708756E-04
  0.6236500000000E+02  0.2708156E-01  0.2271077E-03 -0.1983604E-03 -0.8079757E-05  0.5859448E-03  0.2710769E-04
  0.6239833333333E+02  0.2708912E-01  0.2267474E-03 -0.1986303E-03 -0.8096710E-05  0.5868491E-03  0.2712714E-04
  0.6243166666667E+02  0.2709667E-01  0.2263835E-03 -0.1989008E-03 -0.8113368E-05  0.5877539E-03  0.2714592E-04
  0.6246500000000E+02  0.2710420E-01  0.2260160E-03 -0.1991718E-03 -0.8129730E-05  0.5886594E-03  0.2716401E-04
  0.6249833333333E+02  0.2711172E-01  0.2256450E-03 -0.1994433E-03 -0.8145800E-05  0.5895654E-03  0.2718143E-04
  0.6253166666667E+02  0.2711923E-01  0.2252706E-03 -0.1997153E-03 -0.8161579E-05  0.5904721E-03  0.2719818E-04
  0.6256500000000E+02  0.2712673E-01  0.2248929E-03 -0.1999879E-03 -0.8177068E-05  0.5913792E-03  0.2721426E-04
  0.6259833333333E+02  0.2713421E-01  0.2245119E-03 -0.2002610E-03 -0.8192270E-05  0.5922869E-03  0.2722966E-04
  0.6263166666667E+02  0.2714168E-01  0.2241277E-03 -0.2005346E-03 -0.8207188E-05  0.5931950E-03  0.2724441E-04
  0.6266500000000E+02  0.2714914E-01  0.2237405E-03 -0.2008086E-03 -0.8221824E-05  0.5941036E-03  0.2725850E-04
  0.6269833333333E+02  0.2715658E-01  0.2233502E-03 -0.2010832E-03 -0.8236183E-05  0.5950127E-03  0.2727193E-04
  0.6273166666667E+02  0.2716402E-01  0.2229569E-03 -0.2013582E-03 -0.8250266E-05  0.5959222E-03  0.2728472E-04
  0.6276500000000E+02  0.2717144E-01  0.2225607E-03 -0.2016336E-03 -0.8264078E-05  0.5968321E-03  0.2729686E-04
  0.6279833333333E+02  0.2717884E-01  0.2221616E-03 -0.2019096E-03 -0.8277624E-05  0.5977423E-03  0.2730837E-04
  0.6283166666667E+02  0.2718623E-01  0.2217598E-03 -0.2021859E-03 -0.8290907E-05  0.5986530E-03  0.2731926E-04
  0.6286500000000E+02  0.2719361E-01  0.2213552E-03 -0.2024627E-03 -0.8303931E-05  0.5995640E-03  0.2732952E-04
  0.6289833333333E+02  0.2720098E-01  0.2209479E-03 -0.2027400E-03 -0.8316702E-05  0.6004753E-03  0.2733917E-04
  0.6293166666667E+02  0.2720833E-01  0.2205380E-03 -0.2030176E-03 -0.8329224E-05  0.6013869E-03  0.2734822E-04
  0.6296500000000E+02  0.2721566E-01  0.2201255E-03 -0.2032956E-03 -0.8341502E-05  0.6022988E-03  0.2735667E-04
  0.6299833333333E+02  0.2722299E-01  0.2197105E-03 -0.2035741E-03 -0.8353540E-05  0.6032109E-03  0.2736453E-04
  0.6303166666667E+02  0.2723030E-01  0.2192930E-03 -0.2038529E-03 -0.8365345E-05  0.6041233E-03  0.2737182E-04
  0.6306500000000E+02  0.2723759E-01  0.2188731E-03 -0.2041322E-03 -0.8376919E-05  0.6050359E-03  0.2737853E-04
  0.6309833333333E+02  0.2724488E-01  0.2184509E-03 -0.2044118E-03 -0.8388269E-05  0.6059488E-03  0.2738467E-04
  0.6313166666667E+02  0.2725214E-01  0.2180262E-03 -0.2046918E-03 -0.8399398E-05  0.6068618E-03  0.2739026E-04
  0.6316500000000E+02  0.2725940E-01  0.2175993E-03 -0.2049721E-03 -0.8410310E-05  0.6077749E-03  0.2739529E-04
  0.6319833333333E+02  0.2726664E-01  0.2171702E-03 -0.2052528E-03 -0.8421010E-05  0.6086883E-03  0.2739977E-04
  0.6323166666667E+02  0.2727386E-01  0.2167388E-03 -0.2055339E-03 -0.8431500E-05  0.6096017E-03  0.2740371E-04
  0.6326500000000E+02  0.2728107E-01  0.2163053E-03 -0.2058152E-03 -0.8441783E-05  0.6105153E-03  0.2740710E-04
  0.6329833333333E+02  0.2728827E-01  0.2158696E-03 -0.2060970E-03 -0.8451862E-05  0.6114290E-03  0.2740995E-04
  0.6333166666667E+02  0.2729545E-01  0.2154319E-03 -0.2063790E-03 -0.8461739E-05  0.6123427E-03  0.2741225E-04
  0.6336500000000E+02  0.2730261E-01  0.2149920E-03 -0.2066614E-03 -0.8471414E-05  0.6132565E-03  0.2741401E-04
  0.6339833333333E+02  0.2730977E-01  0.2145502E-03 -0.2069441E-03 -0.8480889E-05  0.6141703E-03  0.2741522E-04
  0.6343166666667E+02  0.2731690E-01  0.2141064E-03 -0.2072271E-03 -0.8490163E-05  0.6150842E-03  0.2741587E-04
  0.6346500000000E+02  0.2732402E-01  0.2136606E-03 -0.2075104E-03 -0.8499237E-05  0.6159981E-03  0.2741597E-04
  0.6349833333333E+02  0.2733113E-01  0.2132128E-03 -0.2077940E-03 -0.8508110E-05  0.6169119E-03  0.2741549E-04
  0.6353166666667E+02  0.2733822E-01  0.2127632E-03 -0.2080779E-03 -0.8516779E-05  0.6178257E-03  0.2741444E-04
  0.6356500000000E+02  0.2734530E-01  0.2123117E-03 -0.2083621E-03 -0.8525243E-05  0.6187395E-03  0.2741279E-04
  0.6359833333333E+02  0.2735236E-01  0.2118583E-03 -0.2086465E-03 -0.8533501E-05  0.6196532E-03  0.2741055E-04
  0.6363166666667E+02  0.2735941E-01  0.2114032E-03 -0.2089313E-03 -0.8541549E-05  0.6205668E-03  0.2740770E-04
  0.6366500000000E+02  0.2736644E-01  0.2109462E-03 -0.2092162E-03 -0.8549384E-05  0.6214802E-03  0.2740422E-04
  0.6369833333333E+02  0.2737346E-01  0.2104874E-03 -0.2095015E-03 -0.8557003E-05  0.6223936E-03  0.2740010E-04
  0.6373166666667E+02  0.2738046E-01  0.2100269E-03 -0.2097870E-03 -0.8564404E-05  0.6233068E-03  0.2739533E-04
  0.6376500000000E+02  0.2738744E-01  0.2095647E-03 -0.2100727E-03 -0.8571583E-05  0.6242198E-03  0.2738989E-04
  0.6379833333333E+02  0.2739441E-01  0.2091008E-03 -0.2103586E-03 -0.8578537E-05  0.6251325E-03  0.2738378E-04
  0.6383166666667E+02  0.2740137E-01  0.2086352E-03 -0.2106448E-03 -0.8585263E-05  0.6260451E-03  0.2737697E-04
  0.6386500000000E+02  0.2740831E-01  0.2081680E-03 -0.2109312E-03 -0.8591758E-05  0.6269574E-03  0.2736945E-04
  0.6389833333333E+02  0.2741523E-01  0.2076991E-03 -0.2112178E-03 -0.8598020E-05  0.6278695E-03  0.2736121E-04
  0.6393166666667E+02  0.2742214E-01  0.2072287E-03 -0.2115046E-03 -0.8604046E-05  0.6287812E-03  0.2735225E-04
  0.6396500000000E+02  0.2742903E-01  0.2067567E-03 -0.2117916E-03 -0.8609836E-05  0.6296926E-03  0.2734254E-04
  0.6399833333333E+02  0.2743591E-01  0.2062831E-03 -0.2120788E-03 -0.8615387E-05  0.6306037E-03  0.2733209E-04
  0.6403166666667E+02  0.2744277E-01  0.2058081E-03 -0.2123661E-03 -0.8620699E-05  0.6315144E-03  0.2732087E-04
  0.6406500000000E+02  0.2744961E-01  0.2053316E-03 -0.2126536E-03 -0.8625771E-05  0.6324247E-03  0.2730890E-04
  0.6409833333333E+02  0.2745644E-01  0.2048537E-03 -0.2129413E-03 -0.8630605E-05  0.6333346E-03  0.2729616E-04
  0.6413166666667E+02  0.2746325E-01  0.2043744E-03 -0.2132292E-03 -0.8635201E-05  0.6342440E-03  0.2728265E-04
  0.6416500000000E+02  0.2747005E-01  0.2038938E-03 -0.2135172E-03 -0.8639561E-05  0.6351529E-03  0.2726837E-04
  0.6419833333333E+02  0.2747683E-01  0.2034118E-03 -0.2138053E-03 -0.8643687E-05  0.6360614E-03  0.2725333E-04
  0.6423166666667E+02  0.2748359E-01  0.2029285E-03 -0.2140935E-03 -0.8647581E-05  0.6369693E-03  0.2723752E-04
  0.6426500000000E+02  0.2749034E-01  0.2024440E-03 -0.2143819E-03 -0.8651248E-05  0.6378767E-03  0.2722095E-04
  0.6429833333333E+02  0.2749707E-01  0.2019582E-03 -0.2146704E-03 -0.8654691E-05  0.6387834E-03  0.2720362E-04
  0.6433166666667E+02  0.2750379E-01  0.2014713E-03 -0.2149590E-03 -0.8657915E-05  0.6396896E-03  0.2718555E-04
  0.6436500000000E+02  0.2751049E-01  0.2009833E-03 -0.2152477E-03 -0.8660925E-05  0.6405952E-03  0.2716675E-04
  0.6439833333333E+02  0.2751717E-01  0.2004941E-03 -0.2155365E-03 -0.8663726E-05  0.6415001E-03  0.2714723E-04
  0.6443166666667E+02  0.2752384E-01  0.2000039E-03 -0.2158254E-03 -0.8666323E-05  0.6424043E-03  0.2712700E-04
  0.6446500000000E+02  0.2753049E-01  0.1995127E-03 -0.2161143E-03 -0.8668723E-05  0.6433079E-03  0.2710607E-04
  0.6449833333333E+02  0.2753712E-01  0.1990204E-03 -0.2164034E-03 -0.8670933E-05  0.6442107E-03  0.2708447E-04
  0.6453166666667E+02  0.2754374E-01  0.1985272E-03 -0.2166925E-03 -0.8672957E-05  0.6451128E-03  0.2706220E-04
  0.6456500000000E+02  0.2755034E-01  0.1980331E-03 -0.2169816E-03 -0.8674803E-05  0.6460141E-03  0.2703929E-04
  0.6459833333333E+02  0.2755693E-01  0.1975381E-03 -0.2172708E-03 -0.8676478E-05  0.6469146E-03  0.2701575E-04
  0.6463166666667E+02  0.2756349E-01  0.1970422E-03 -0.2175601E-03 -0.8677986E-05  0.6478143E-03  0.2699161E-04
  0.6466500000000E+02  0.2757004E-01  0.1965454E-03 -0.2178494E-03 -0.8679335E-05  0.6487132E-03  0.2696687E-04
  0.6469833333333E+02  0.2757658E-01  0.1960478E-03 -0.2181388E-03 -0.8680530E-05  0.6496113E-03  0.2694157E-04
  0.6473166666667E+02  0.2758310E-01  0.1955494E-03 -0.2184281E-03 -0.8681576E-05  0.6505084E-03  0.2691571E-04
  0.6476500000000E+02  0.2758960E-01  0.1950502E-03 -0.2187176E-03 -0.8682479E-05  0.6514048E-03  0.2688932E-04
  0.6479833333333E+02  0.2759608E-01  0.1945503E-03 -0.2190070E-03 -0.8683242E-05  0.6523002E-03  0.2686241E-04
  0.6483166666667E+02  0.2760255E-01  0.1940496E-03 -0.2192965E-03 -0.8683871E-05  0.6531947E-03  0.2683500E-04
  0.6486500000000E+02  0.2760900E-01  0.1935481E-03 -0.2195859E-03 -0.8684368E-05  0.6540882E-03  0.2680711E-04
  0.6489833333333E+02  0.2761544E-01  0.1930459E-03 -0.2198754E-03 -0.8684736E-05  0.6549809E-03  0.2677874E-04
  0.6493166666667E+02  0.2762186E-01  0.1925430E-03 -0.2201649E-03 -0.8684977E-05  0.6558725E-03  0.2674992E-04
  0.6496500000000E+02  0.2762826E-01  0.1920394E-03 -0.2204544E-03 -0.8685093E-05  0.6567632E-03  0.2672066E-04
  0.6499833333333E+02  0.2763464E-01  0.1915351E-03 -0.2207439E-03 -0.8685085E-05  0.6576529E-03  0.2669095E-04
  0.6503166666667E+02  0.2764101E-01  0.1910300E-03 -0.2210334E-03 -0.8684953E-05  0.6585416E-03  0.2666083E-04
  0.6506500000000E+02  0.2764736E-01  0.1905242E-03 -0.2213229E-03 -0.8684695E-05  0.6594293E-03  0.2663029E-04
  0.6509833333333E+02  0.2765370E-01  0.1900178E-03 -0.2216124E-03 -0.8684311E-05  0.6603159E-03  0.2659933E-04
  0.6513166666667E+02  0.2766001E-01  0.1895106E-03 -0.2219019E-03 -0.8683799E-05  0.6612015E-03  0.2656798E-04
  0.6516500000000E+02  0.2766631E-01  0.1890027E-03 -0.2221913E-03 -0.8683156E-05  0.6620861E-03  0.2653622E-04
  0.6519833333333E+02  0.2767260E-01  0.1884940E-03 -0.2224807E-03 -0.8682379E-05  0.6629695E-03  0.2650406E-04
  0.6523166666667E+02  0.2767886E-01  0.1879846E-03 -0.2227701E-03 -0.8681464E-05  0.6638519E-03  0.2647151E-04
  0.6526500000000E+02  0.2768511E-01  0.1874745E-03 -0.2230594E-03 -0.8680406E-05  0.6647332E-03  0.2643856E-04
  0.6529833333333E+02  0.2769134E-01  0.1869637E-03 -0.2233487E-03 -0.8679200E-05  0.6656134E-03  0.2640521E-04
  0.6533166666667E+02  0.2769756E-01  0.1864521E-03 -0.2236380E-03 -0.8677842E-05  0.6664924E-03  0.2637145E-04
  0.6536500000000E+02  0.2770376E-01  0.1859397E-03 -0.2239272E-03 -0.8676325E-05  0.6673703E-03  0.2633729E-04
  0.6539833333333E+02  0.2770994E-01  0.1854266E-03 -0.2242164E-03 -0.8674643E-05  0.6682471E-03  0.2630273E-04
  0.6543166666667E+02  0.2771610E-01  0.1849127E-03 -0.2245055E-03 -0.8672790E-05  0.6691227E-03  0.2626774E-04
  0.6546500000000E+02  0.2772225E-01  0.1843980E-03 -0.2247945E-03 -0.8670759E-05  0.6699971E-03  0.2623233E-04
  0.6549833333333E+02  0.2772838E-01  0.1838826E-03 -0.2250834E-03 -0.8668543E-05  0.6708703E-03  0.2619649E-04
  0.6553166666667E+02  0.2773449E-01  0.1833663E-03 -0.2253723E-03 -0.8666135E-05  0.6717423E-03  0.2616022E-04
  0.6556500000000E+02  0.2774058E-01  0.1828493E-03 -0.2256611E-03 -0.8663529E-05  0.6726131E-03  0.2612350E-04
  0.6559833333333E+02  0.2774666E-01  0.1823315E-03 -0.2259498E-03 -0.8660717E-05  0.6734827E-03  0.2608633E-04
  0.6563166666667E+02  0.2775272E-01  0.1818128E-03 -0.2262384E-03 -0.8657691E-05  0.6743509E-03  0.2604869E-04
  0.6566500000000E+02  0.2775877E-01  0.1812934E-03 -0.2265269E-03 -0.8654446E-05  0.6752180E-03  0.2601059E-04
  0.6569833333333E+02  0.2776479E-01  0.1807732E-03 -0.2268152E-03 -0.8650974E-05  0.6760837E-03  0.2597201E-04
  0.6573166666667E+02  0.2777080E-01  0.1802523E-03 -0.2271035E-03 -0.8647269E-05  0.6769481E-03  0.2593294E-04
  0.6576500000000E+02  0.2777679E-01  0.1797305E-03 -0.2273916E-03 -0.8643324E-05  0.6778112E-03  0.2589337E-04
  0.6579833333333E+02  0.2778276E-01  0.1792080E-03 -0.2276796E-03 -0.8639133E-05  0.6786730E-03  0.2585330E-04
  0.6583166666667E+02  0.2778872E-01  0.1786847E-03 -0.2279674E-03 -0.8634691E-05  0.6795334E-03  0.2581273E-04
  0.6586500000000E+02  0.2779466E-01  0.1781606E-03 -0.2282550E-03 -0.8629991E-05  0.6803925E-03  0.2577163E-04
  0.6589833333333E+02  0.2780058E-01  0.1776359E-03 -0.2285425E-03 -0.8625028E-05  0.6812502E-03  0.2573001E-04
  0.6593166666667E+02  0.2780648E-01  0.1771104E-03 -0.2288299E-03 -0.8619798E-05  0.6821064E-03  0.2568785E-04
  0.6596500000000E+02  0.2781237E-01  0.1765842E-03 -0.2291170E-03 -0.8614297E-05  0.6829613E-03  0.2564516E-04
  0.6599833333333E+02  0.2781824E-01  0.1760573E-03 -0.2294040E-03 -0.8608520E-05  0.6838147E-03  0.2560193E-04
  0.6603166666667E+02  0.2782409E-01  0.1755297E-03 -0.2296907E-03 -0.8602463E-05  0.6846666E-03  0.2555815E-04
  0.6606500000000E+02  0.2782992E-01  0.1750015E-03 -0.2299773E-03 -0.8596124E-05  0.6855171E-03  0.2551382E-04
  0.6609833333333E+02  0.2783574E-01  0.1744727E-03 -0.2302636E-03 -0.8589501E-05  0.6863660E-03  0.2546894E-04
  0.6613166666667E+02  0.2784154E-01  0.1739433E-03 -0.2305497E-03 -0.8582590E-05  0.6872135E-03  0.2542350E-04
  0.6616500000000E+02  0.2784732E-01  0.1734133E-03 -0.2308355E-03 -0.8575390E-05  0.6880594E-03  0.2537750E-04
  0.6619833333333E+02  0.2785308E-01  0.1728828E-03 -0.2311211E-03 -0.8567901E-05  0.6889038E-03  0.2533095E-04
  0.6623166666667E+02  0.2785883E-01  0.1723518E-03 -0.2314064E-03 -0.8560121E-05  0.6897466E-03  0.2528383E-04
  0.6626500000000E+02  0.2786455E-01  0.1718203E-03 -0.2316915E-03 -0.8552049E-05  0.6905878E-03  0.2523616E-04
  0.6629833333333E+02  0.2787026E-01  0.1712883E-03 -0.2319763E-03 -0.8543687E-05  0.6914274E-03  0.2518793E-04
  0.6633166666667E+02  0.2787595E-01  0.1707559E-03 -0.2322608E-03 -0.8535035E-05  0.6922653E-03  0.2513914E-04
  0.6636500000000E+02  0.2788163E-01  0.1702232E-03 -0.2325450E-03 -0.8526093E-05  0.6931017E-03  0.2508980E-04
  0.6639833333333E+02  0.2788728E-01  0.1696901E-03 -0.2328289E-03 -0.8516863E-05  0.6939363E-03  0.2503991E-04
  0.6643166666667E+02  0.2789292E-01  0.1691567E-03 -0.2331125E-03 -0.8507347E-05  0.6947693E-03  0.2498948E-04
  0.6646500000000E+02  0.2789854E-01  0.1686230E-03 -0.2333957E-03 -0.8497547E-05  0.6956006E-03  0.2493851E-04
  0.6649833333333E+02  0.2790415E-01  0.1680891E-03 -0.2336786E-03 -0.8487466E-05  0.6964301E-03  0.2488699E-04
  0.6653166666667E+02  0.2790973E-01  0.1675550E-03 -0.2339612E-03 -0.8477106E-05  0.6972580E-03  0.2483495E-04
  0.6656500000000E+02  0.2791530E-01  0.1670207E-03 -0.2342434E-03 -0.8466470E-05  0.6980841E-03  0.2478239E-04
  0.6659833333333E+02  0.2792085E-01  0.1664863E-03 -0.2345253E-03 -0.8455563E-05  0.6989084E-03  0.2472930E-04
  0.6663166666667E+02  0.2792638E-01  0.1659517E-03 -0.2348068E-03 -0.8444386E-05  0.6997309E-03  0.2467571E-04
  0.6666500000000E+02  0.2793189E-01  0.1654172E-03 -0.2350879E-03 -0.8432945E-05  0.7005516E-03  0.2462161E-04
  0.6669833333333E+02  0.2793739E-01  0.1648826E-03 -0.2353686E-03 -0.8421244E-05  0.7013705E-03  0.2456701E-04
  0.6673166666667E+02  0.2794287E-01  0.1643480E-03 -0.2356489E-03 -0.8409285E-05  0.7021876E-03  0.2451193E-04
  0.6676500000000E+02  0.2794833E-01  0.1638135E-03 -0.2359288E-03 -0.8397074E-05  0.7030028E-03  0.2445636E-04
  0.6679833333333E+02  0.2795377E-01  0.1632790E-03 -0.2362083E-03 -0.8384614E-05  0.7038161E-03  0.2440031E-04
  0.6683166666667E+02  0.2795920E-01  0.1627447E-03 -0.2364873E-03 -0.8371911E-05  0.7046276E-03  0.2434380E-04
  0.6686500000000E+02  0.2796460E-01  0.1622105E-03 -0.2367660E-03 -0.8358968E-05  0.7054372E-03  0.2428683E-04
  0.6689833333333E+02  0.2796999E-01  0.1616765E-03 -0.2370441E-03 -0.8345790E-05  0.7062448E-03  0.2422940E-04
  0.6693166666667E+02  0.2797536E-01  0.1611427E-03 -0.2373219E-03 -0.8332380E-05  0.7070505E-03  0.2417153E-04
  0.6696500000000E+02  0.2798072E-01  0.1606092E-03 -0.2375992E-03 -0.8318744E-05  0.7078543E-03  0.2411322E-04
  0.6699833333333E+02  0.2798605E-01  0.1600759E-03 -0.2378760E-03 -0.8304885E-05  0.7086561E-03  0.2405448E-04
  0.6703166666667E+02  0.2799137E-01  0.1595429E-03 -0.2381524E-03 -0.8290806E-05  0.7094560E-03  0.2399531E-04
  0.6706500000000E+02  0.2799667E-01  0.1590103E-03 -0.2384283E-03 -0.8276513E-05  0.7102538E-03  0.2393573E-04
  0.6709833333333E+02  0.2800196E-01  0.1584780E-03 -0.2387037E-03 -0.8262009E-05  0.7110497E-03  0.2387573E-04
  0.6713166666667E+02  0.2800722E-01  0.1579460E-03 -0.2389786E-03 -0.8247297E-05  0.7118435E-03  0.2381532E-04
  0.6716500000000E+02  0.2801247E-01  0.1574145E-03 -0.2392530E-03 -0.8232381E-05  0.7126353E-03  0.2375451E-04
  0.6719833333333E+02  0.2801770E-01  0.1568834E-03 -0.2395269E-03 -0.8217264E-05  0.7134251E-03  0.2369330E-04
  0.6723166666667E+02  0.2802291E-01  0.1563527E-03 -0.2398003E-03 -0.8201948E-05  0.7142128E-03  0.2363170E-04
  0.6726500000000E+02  0.2802810E-01  0.1558225E-03 -0.2400732E-03 -0.8186438E-05  0.7149985E-03  0.2356970E-04
  0.6729833333333E+02  0.2803328E-01  0.1552928E-03 -0.2403455E-03 -0.8170735E-05  0.7157821E-03  0.2350732E-04
  0.6733166666667E+02  0.2803844E-01  0.1547635E-03 -0.2406174E-03 -0.8154842E-05  0.7165635E-03  0.2344456E-04
  0.6736500000000E+02  0.2804358E-01  0.1542348E-03 -0.2408886E-03 -0.8138762E-05  0.7173429E-03  0.2338142E-04
  0.6739833333333E+02  0.2804870E-01  0.1537066E-03 -0.2411594E-03 -0.8122495E-05  0.7181202E-03  0.2331790E-04
  0.6743166666667E+02  0.2805381E-01  0.1531789E-03 -0.2414296E-03 -0.8106046E-05  0.7188953E-03  0.2325400E-04
  0.6746500000000E+02  0.2805890E-01  0.1526518E-03 -0.2416992E-03 -0.8089414E-05  0.7196683E-03  0.2318974E-04
  0.6749833333333E+02  0.2806397E-01  0.1521253E-03 -0.2419683E-03 -0.8072603E-05  0.7204392E-03  0.2312509E-04
  0.6753166666667E+02  0.2806902E-01  0.1515994E-03 -0.2422369E-03 -0.8055613E-05  0.7212078E-03  0.2306008E-04
  0.6756500000000E+02  0.2807406E-01  0.1510741E-03 -0.2425048E-03 -0.8038446E-05  0.7219743E-03  0.2299470E-04
  0.6759833333333E+02  0.2807908E-01  0.1505494E-03 -0.2427722E-03 -0.8021103E-05  0.7227386E-03  0.2292895E-04
  0.6763166666667E+02  0.2808408E-01  0.1500253E-03 -0.2430390E-03 -0.8003585E-05  0.7235007E-03  0.2286283E-04
  0.6766500000000E+02  0.2808906E-01  0.1495018E-03 -0.2433052E-03 -0.7985894E-05  0.7242606E-03  0.2279634E-04
  0.6769833333333E+02  0.2809403E-01  0.1489790E-03 -0.2435708E-03 -0.7968030E-05  0.7250182E-03  0.2272949E-04
  0.6773166666667E+02  0.2809897E-01  0.1484568E-03 -0.2438358E-03 -0.7949994E-05  0.7257736E-03  0.2266227E-04
  0.6776500000000E+02  0.2810391E-01  0.1479354E-03 -0.2441001E-03 -0.7931787E-05  0.7265268E-03  0.2259468E-04
  0.6779833333333E+02  0.2810882E-01  0.1474146E-03 -0.2443639E-03 -0.7913410E-05  0.7272777E-03  0.2252673E-04
  0.6783166666667E+02  0.2811372E-01  0.1468944E-03 -0.2446271E-03 -0.7894864E-05  0.7280263E-03  0.2245841E-04
  0.6786500000000E+02  0.2811859E-01  0.1463750E-03 -0.2448896E-03 -0.7876149E-05  0.7287726E-03  0.2238973E-04
  0.6789833333333E+02  0.2812346E-01  0.1458563E-03 -0.2451515E-03 -0.7857266E-05  0.7295167E-03  0.2232068E-04
  0.6793166666667E+02  0.2812830E-01  0.1453384E-03 -0.2454128E-03 -0.7838216E-05  0.7302584E-03  0.2225127E-04
  0.6796500000000E+02  0.2813313E-01  0.1448211E-03 -0.2456734E-03 -0.7818998E-05  0.7309977E-03  0.2218149E-04
  0.6799833333333E+02  0.2813794E-01  0.1443046E-03 -0.2459334E-03 -0.7799615E-05  0.7317348E-03  0.2211134E-04
  0.6803166666667E+02  0.2814273E-01  0.1437889E-03 -0.2461928E-03 -0.7780066E-05  0.7324695E-03  0.2204083E-04
  0.6806500000000E+02  0.2814751E-01  0.1432739E-03 -0.2464514E-03 -0.7760352E-05  0.7332018E-03  0.2196996E-04
  0.6809833333333E+02  0.2815227E-01  0.1427597E-03 -0.2467095E-03 -0.7740474E-05  0.7339318E-03  0.2189872E-04
  0.6813166666667E+02  0.2815701E-01  0.1422463E-03 -0.2469668E-03 -0.7720432E-05  0.7346593E-03  0.2182712E-04
  0.6816500000000E+02  0.2816173E-01  0.1417337E-03 -0.2472235E-03 -0.7700228E-05  0.7353845E-03  0.2175516E-04
  0.6819833333333E+02  0.2816644E-01  0.1412219E-03 -0.2474795E-03 -0.7679860E-05  0.7361073E-03  0.2168283E-04
  0.6823166666667E+02  0.2817113E-01  0.1407109E-03 -0.2477348E-03 -0.7659331E-05  0.7368276E-03  0.2161015E-04
  0.6826500000000E+02  0.2817580E-01  0.1402008E-03 -0.2479894E-03 -0.7638641E-05  0.7375455E-03  0.2153711E-04
  0.6829833333333E+02  0.2818046E-01  0.1396915E-03 -0.2482433E-03 -0.7617790E-05  0.7382610E-03  0.2146370E-04
  0.6833166666667E+02  0.2818510E-01  0.1391831E-03 -0.2484966E-03 -0.7596779E-05  0.7389740E-03  0.2138995E-04
  0.6836500000000E+02  0.2818972E-01  0.1386755E-03 -0.2487491E-03 -0.7575610E-05  0.7396845E-03  0.2131583E-04
  0.6839833333333E+02  0.2819433E-01  0.1381688E-03 -0.2490009E-03 -0.7554282E-05  0.7403925E-03  0.2124136E-04
  0.6843166666667E+02  0.2819892E-01  0.1376630E-03 -0.2492520E-03 -0.7532797E-05  0.7410981E-03  0.2116654E-04
  0.6846500000000E+02  0.2820349E-01  0.1371582E-03 -0.2495024E-03 -0.7511155E-05  0.7418011E-03  0.2109137E-04
  0.6849833333333E+02  0.2820804E-01  0.1366542E-03 -0.2497520E-03 -0.7489356E-05  0.7425017E-03  0.2101585E-04
  0.6853166666667E+02  0.2821258E-01  0.1361512E-03 -0.2500009E-03 -0.7467403E-05  0.7431997E-03  0.2093998E-04
  0.6856500000000E+02  0.2821710E-01  0.1356491E-03 -0.2502491E-03 -0.7445296E-05  0.7438951E-03  0.2086376E-04
  0.6859833333333E+02  0.2822161E-01  0.1351479E-03 -0.2504965E-03 -0.7423034E-05  0.7445880E-03  0.2078721E-04
  0.6863166666667E+02  0.2822610E-01  0.1346478E-03 -0.2507432E-03 -0.7400621E-05  0.7452784E-03  0.2071031E-04
  0.6866500000000E+02  0.2823057E-01  0.1341486E-03 -0.2509892E-03 -0.7378055E-05  0.7459661E-03  0.2063308E-04
  0.6869833333333E+02  0.2823502E-01  0.1336504E-03 -0.2512343E-03 -0.7355339E-05  0.7466513E-03  0.2055551E-04
  0.6873166666667E+02  0.2823946E-01  0.1331532E-03 -0.2514787E-03 -0.7332473E-05  0.7473339E-03  0.2047761E-04
  0.6876500000000E+02  0.2824388E-01  0.1326570E-03 -0.2517224E-03 -0.7309459E-05  0.7480139E-03  0.2039937E-04
  0.6879833333333E+02  0.2824829E-01  0.1321619E-03 -0.2519653E-03 -0.7286296E-05  0.7486913E-03  0.2032081E-04
  0.6883166666667E+02  0.2825268E-01  0.1316678E-03 -0.2522074E-03 -0.7262987E-05  0.7493660E-03  0.2024193E-04
  0.6886500000000E+02  0.2825705E-01  0.1311748E-03 -0.2524487E-03 -0.7239532E-05  0.7500381E-03  0.2016273E-04
  0.6889833333333E+02  0.2826141E-01  0.1306828E-03 -0.2526892E-03 -0.7215932E-05  0.7507075E-03  0.2008321E-04
  0.6893166666667E+02  0.2826575E-01  0.1301919E-03 -0.2529290E-03 -0.7192189E-05  0.7513743E-03  0.2000338E-04
  0.6896500000000E+02  0.2827007E-01  0.1297021E-03 -0.2531679E-03 -0.7168304E-05  0.7520384E-03  0.1992324E-04
  0.6899833333333E+02  0.2827438E-01  0.1292134E-03 -0.2534060E-03 -0.7144278E-05  0.7526998E-03  0.1984279E-04
  0.6903166666667E+02  0.2827867E-01  0.1287258E-03 -0.2536434E-03 -0.7120113E-05  0.7533586E-03  0.1976205E-04
  0.6906500000000E+02  0.2828294E-01  0.1282393E-03 -0.2538799E-03 -0.7095809E-05  0.7540146E-03  0.1968100E-04
  0.6909833333333E+02  0.2828720E-01  0.1277540E-03 -0.2541156E-03 -0.7071368E-05  0.7546679E-03  0.1959966E-04
  0.6913166666667E+02  0.2829144E-01  0.1272698E-03 -0.2543505E-03 -0.7046791E-05  0.7553185E-03  0.1951804E-04
  0.6916500000000E+02  0.2829567E-01  0.1267868E-03 -0.2545846E-03 -0.7022081E-05  0.7559664E-03  0.1943613E-04
  0.6919833333333E+02  0.2829988E-01  0.1263050E-03 -0.2548178E-03 -0.6997238E-05  0.7566115E-03  0.1935395E-04
  0.6923166666667E+02  0.2830407E-01  0.1258243E-03 -0.2550502E-03 -0.6972264E-05  0.7572539E-03  0.1927149E-04
  0.6926500000000E+02  0.2830825E-01  0.1253449E-03 -0.2552818E-03 -0.6947160E-05  0.7578935E-03  0.1918876E-04
  0.6929833333333E+02  0.2831241E-01  0.1248666E-03 -0.2555125E-03 -0.6921929E-05  0.7585304E-03  0.1910578E-04
  0.6933166666667E+02  0.2831656E-01  0.1243896E-03 -0.2557424E-03 -0.6896572E-05  0.7591645E-03  0.1902253E-04
  0.6936500000000E+02  0.2832069E-01  0.1239138E-03 -0.2559715E-03 -0.6871091E-05  0.7597958E-03  0.1893904E-04
  0.6939833333333E+02  0.2832480E-01  0.1234392E-03 -0.2561996E-03 -0.6845488E-05  0.7604243E-03  0.1885530E-04
  0.6943166666667E+02  0.2832890E-01  0.1229659E-03 -0.2564270E-03 -0.6819764E-05  0.7610500E-03  0.1877132E-04
  0.6946500000000E+02  0.2833299E-01  0.1224938E-03 -0.2566534E-03 -0.6793922E-05  0.7616729E-03  0.1868711E-04
  0.6949833333333E+02  0.2833705E-01  0.1220230E-03 -0.2568790E-03 -0.6767964E-05  0.7622930E-03  0.1860267E-04
  0.6953166666667E+02  0.2834111E-01  0.1215535E-03 -0.2571038E-03 -0.6741891E-05  0.7629103E-03  0.1851802E-04
  0.6956500000000E+02  0.2834514E-01  0.1210853E-03 -0.2573276E-03 -0.6715705E-05  0.7635247E-03  0.1843315E-04
  0.6959833333333E+02  0.2834916E-01  0.1206184E-03 -0.2575506E-03 -0.6689410E-05  0.7641363E-03  0.1834808E-04
  0.6963166666667E+02  0.2835317E-01  0.1201528E-03 -0.2577727E-03 -0.6663006E-05  0.7647451E-03  0.1826281E-04
  0.6966500000000E+02  0.2835716E-01  0.1196885E-03 -0.2579939E-03 -0.6636497E-05  0.7653510E-03  0.1817735E-04
  0.6969833333333E+02  0.2836113E-01  0.1192256E-03 -0.2582142E-03 -0.6609884E-05  0.7659540E-03  0.1809171E-04
  0.6973166666667E+02  0.2836509E-01  0.1187639E-03 -0.2584337E-03 -0.6583171E-05  0.7665542E-03  0.1800589E-04
  0.6976500000000E+02  0.2836903E-01  0.1183037E-03 -0.2586522E-03 -0.6556358E-05  0.7671516E-03  0.1791990E-04
  0.6979833333333E+02  0.2837296E-01  0.1178447E-03 -0.2588699E-03 -0.6529449E-05  0.7677460E-03  0.1783375E-04
  0.6983166666667E+02  0.2837688E-01  0.1173872E-03 -0.2590866E-03 -0.6502446E-05  0.7683376E-03  0.1774744E-04
  0.6986500000000E+02  0.2838077E-01  0.1169310E-03 -0.2593025E-03 -0.6475351E-05  0.7689263E-03  0.1766100E-04
  0.6989833333333E+02  0.2838466E-01  0.1164762E-03 -0.2595174E-03 -0.6448167E-05  0.7695121E-03  0.1757441E-04
  0.6993166666667E+02  0.2838852E-01  0.1160227E-03 -0.2597314E-03 -0.6420897E-05  0.7700950E-03  0.1748769E-04
  0.6996500000000E+02  0.2839238E-01  0.1155707E-03 -0.2599446E-03 -0.6393543E-05  0.7706751E-03  0.1740085E-04
  0.6999833333333E+02  0.2839621E-01  0.1151200E-03 -0.2601568E-03 -0.6366107E-05  0.7712522E-03  0.1731390E-04
  0.7003166666667E+02  0.2840003E-01  0.1146708E-03 -0.2603680E-03 -0.6338592E-05  0.7718264E-03  0.1722684E-04
  0.7006500000000E+02  0.2840384E-01  0.1142230E-03 -0.2605784E-03 -0.6311001E-05  0.7723977E-03  0.1713968E-04
  0.7009833333333E+02  0.2840763E-01  0.1137766E-03 -0.2607879E-03 -0.6283336E-05  0.7729662E-03  0.1705243E-04
  0.7013166666667E+02  0.2841141E-01  0.1133316E-03 -0.2609964E-03 -0.6255600E-05  0.7735317E-03  0.1696510E-04
  0.7016500000000E+02  0.2841518E-01  0.1128880E-03 -0.2612040E-03 -0.6227796E-05  0.7740943E-03  0.1687770E-04
  0.7019833333333E+02  0.2841892E-01  0.1124459E-03 -0.2614106E-03 -0.6199926E-05  0.7746539E-03  0.1679023E-04
  0.7023166666667E+02  0.2842266E-01  0.1120053E-03 -0.2616164E-03 -0.6171992E-05  0.7752107E-03  0.1670271E-04
  0.7026500000000E+02  0.2842638E-01  0.1115660E-03 -0.2618212E-03 -0.6143998E-05  0.7757645E-03  0.1661513E-04
  0.7029833333333E+02  0.2843008E-01  0.1111283E-03 -0.2620250E-03 -0.6115946E-05  0.7763154E-03  0.1652752E-04
  0.7033166666667E+02  0.2843377E-01  0.1106919E-03 -0.2622280E-03 -0.6087838E-05  0.7768634E-03  0.1643986E-04
  0.7036500000000E+02  0.2843745E-01  0.1102571E-03 -0.2624299E-03 -0.6059678E-05  0.7774085E-03  0.1635219E-04
  0.7039833333333E+02  0.2844111E-01  0.1098237E-03 -0.2626310E-03 -0.6031468E-05  0.7779507E-03  0.1626449E-04
  0.7043166666667E+02  0.2844475E-01  0.1093918E-03 -0.2628311E-03 -0.6003210E-05  0.7784899E-03  0.1617679E-04
  0.7046500000000E+02  0.2844838E-01  0.1089613E-03 -0.2630303E-03 -0.5974908E-05  0.7790262E-03  0.1608908E-04
  0.7049833333333E+02  0.2845200E-01  0.1085324E-03 -0.2632285E-03 -0.5946563E-05  0.7795596E-03  0.1600138E-04
  0.7053166666667E+02  0.2845561E-01  0.1081049E-03 -0.2634258E-03 -0.5918179E-05  0.7800900E-03  0.1591370E-04
  0.7056500000000E+02  0.2845919E-01  0.1076789E-03 -0.2636221E-03 -0.5889757E-05  0.7806176E-03  0.1582603E-04
  0.7059833333333E+02  0.2846277E-01  0.1072544E-03 -0.2638175E-03 -0.5861301E-05  0.7811422E-03  0.1573839E-04
  0.7063166666667E+02  0.2846633E-01  0.1068313E-03 -0.2640119E-03 -0.5832814E-05  0.7816639E-03  0.1565079E-04
  0.7066500000000E+02  0.2846988E-01  0.1064098E-03 -0.2642054E-03 -0.5804297E-05  0.7821826E-03  0.1556323E-04
  0.7069833333333E+02  0.2847341E-01  0.1059898E-03 -0.2643979E-03 -0.5775753E-05  0.7826985E-03  0.1547572E-04
  0.7073166666667E+02  0.2847693E-01  0.1055712E-03 -0.2645895E-03 -0.5747185E-05  0.7832114E-03  0.1538827E-04
  0.7076500000000E+02  0.2848044E-01  0.1051542E-03 -0.2647801E-03 -0.5718595E-05  0.7837215E-03  0.1530088E-04
  0.7079833333333E+02  0.2848393E-01  0.1047387E-03 -0.2649697E-03 -0.5689986E-05  0.7842286E-03  0.1521356E-04
  0.7083166666667E+02  0.2848740E-01  0.1043246E-03 -0.2651585E-03 -0.5661360E-05  0.7847328E-03  0.1512633E-04
  0.7086500000000E+02  0.2849087E-01  0.1039121E-03 -0.2653462E-03 -0.5632720E-05  0.7852341E-03  0.1503917E-04
  0.7089833333333E+02  0.2849432E-01  0.1035011E-03 -0.2655330E-03 -0.5604068E-05  0.7857325E-03  0.1495211E-04
  0.7093166666667E+02  0.2849775E-01  0.1030916E-03 -0.2657189E-03 -0.5575407E-05  0.7862280E-03  0.1486515E-04
  0.7096500000000E+02  0.2850118E-01  0.1026836E-03 -0.2659038E-03 -0.5546739E-05  0.7867206E-03  0.1477830E-04
  0.7099833333333E+02  0.2850459E-01  0.1022771E-03 -0.2660877E-03 -0.5518067E-05  0.7872103E-03  0.1469155E-04
  0.7103166666667E+02  0.2850798E-01  0.1018721E-03 -0.2662707E-03 -0.5489392E-05  0.7876972E-03  0.1460493E-04
  0.7106500000000E+02  0.2851136E-01  0.1014687E-03 -0.2664527E-03 -0.5460717E-05  0.7881811E-03  0.1451842E-04
  0.7109833333333E+02  0.2851473E-01  0.1010667E-03 -0.2666338E-03 -0.5432046E-05  0.7886622E-03  0.1443205E-04
  0.7113166666667E+02  0.2851809E-01  0.1006663E-03 -0.2668139E-03 -0.5403379E-05  0.7891404E-03  0.1434582E-04
  0.7116500000000E+02  0.2852143E-01  0.1002674E-03 -0.2669930E-03 -0.5374720E-05  0.7896157E-03  0.1425972E-04
  0.7119833333333E+02  0.2852476E-01  0.9987002E-04 -0.2671712E-03 -0.5346070E-05  0.7900882E-03  0.1417378E-04
  0.7123166666667E+02  0.2852808E-01  0.9947414E-04 -0.2673485E-03 -0.5317432E-05  0.7905578E-03  0.1408799E-04
  0.7126500000000E+02  0.2853138E-01  0.9907978E-04 -0.2675248E-03 -0.5288809E-05  0.7910245E-03  0.1400236E-04
  0.7129833333333E+02  0.2853467E-01  0.9868694E-04 -0.2677001E-03 -0.5260202E-05  0.7914884E-03  0.1391689E-04
  0.7133166666667E+02  0.2853794E-01  0.9829562E-04 -0.2678745E-03 -0.5231613E-05  0.7919495E-03  0.1383160E-04
  0.7136500000000E+02  0.2854121E-01  0.9790581E-04 -0.2680479E-03 -0.5203046E-05  0.7924077E-03  0.1374648E-04
  0.7139833333333E+02  0.2854446E-01  0.9751753E-04 -0.2682204E-03 -0.5174502E-05  0.7928631E-03  0.1366154E-04
  0.7143166666667E+02  0.2854770E-01  0.9713076E-04 -0.2683920E-03 -0.5145983E-05  0.7933156E-03  0.1357679E-04
  0.7146500000000E+02  0.2855092E-01  0.9674551E-04 -0.2685625E-03 -0.5117492E-05  0.7937654E-03  0.1349223E-04
  0.7149833333333E+02  0.2855413E-01  0.9636178E-04 -0.2687322E-03 -0.5089031E-05  0.7942123E-03  0.1340787E-04
  0.7153166666667E+02  0.2855733E-01  0.9597957E-04 -0.2689009E-03 -0.5060602E-05  0.7946564E-03  0.1332371E-04
  0.7156500000000E+02  0.2856052E-01  0.9559887E-04 -0.2690686E-03 -0.5032207E-05  0.7950977E-03  0.1323976E-04
  0.7159833333333E+02  0.2856369E-01  0.9521969E-04 -0.2692354E-03 -0.5003848E-05  0.7955363E-03  0.1315602E-04
  0.7163166666667E+02  0.2856685E-01  0.9484203E-04 -0.2694012E-03 -0.4975527E-05  0.7959720E-03  0.1307250E-04
  0.7166500000000E+02  0.2857000E-01  0.9446589E-04 -0.2695662E-03 -0.4947247E-05  0.7964050E-03  0.1298919E-04
  0.7169833333333E+02  0.2857314E-01  0.9409126E-04 -0.2697301E-03 -0.4919009E-05  0.7968352E-03  0.1290612E-04
  0.7173166666667E+02  0.2857626E-01  0.9371814E-04 -0.2698932E-03 -0.4890816E-05  0.7972626E-03  0.1282327E-04
  0.7176500000000E+02  0.2857938E-01  0.9334654E-04 -0.2700552E-03 -0.4862669E-05  0.7976873E-03  0.1274065E-04
  0.7179833333333E+02  0.2858247E-01  0.9297646E-04 -0.2702164E-03 -0.4834571E-05  0.7981093E-03  0.1265828E-04
  0.7183166666667E+02  0.2858556E-01  0.9260789E-04 -0.2703766E-03 -0.4806523E-05  0.7985285E-03  0.1257615E-04
  0.7186500000000E+02  0.2858864E-01  0.9224083E-04 -0.2705359E-03 -0.4778527E-05  0.7989449E-03  0.1249426E-04
  0.7189833333333E+02  0.2859170E-01  0.9187528E-04 -0.2706942E-03 -0.4750586E-05  0.7993587E-03  0.1241262E-04
  0.7193166666667E+02  0.2859475E-01  0.9151125E-04 -0.2708517E-03 -0.4722702E-05  0.7997697E-03  0.1233124E-04
  0.7196500000000E+02  0.2859779E-01  0.9114872E-04 -0.2710082E-03 -0.4694875E-05  0.8001781E-03  0.1225012E-04
  0.7199833333333E+02  0.2860081E-01  0.9078771E-04 -0.2711637E-03 -0.4667109E-05  0.8005837E-03  0.1216926E-04
  0.7203166666667E+02  0.2860383E-01  0.9042821E-04 -0.2713184E-03 -0.4639404E-05  0.8009867E-03  0.1208867E-04
  0.7206500000000E+02  0.2860683E-01  0.9007021E-04 -0.2714721E-03 -0.4611764E-05  0.8013870E-03  0.1200834E-04
  0.7209833333333E+02  0.2860982E-01  0.8971372E-04 -0.2716249E-03 -0.4584188E-05  0.8017846E-03  0.1192829E-04
  0.7213166666667E+02  0.2861280E-01  0.8935873E-04 -0.2717768E-03 -0.4556681E-05  0.8021795E-03  0.1184851E-04
  0.7216500000000E+02  0.2861577E-01  0.8900526E-04 -0.2719278E-03 -0.4529242E-05  0.8025718E-03  0.1176902E-04
  0.7219833333333E+02  0.2861872E-01  0.8865328E-04 -0.2720778E-03 -0.4501874E-05  0.8029615E-03  0.1168981E-04
  0.7223166666667E+02  0.2862166E-01  0.8830281E-04 -0.2722270E-03 -0.4474579E-05  0.8033485E-03  0.1161088E-04
  0.7226500000000E+02  0.2862460E-01  0.8795384E-04 -0.2723752E-03 -0.4447358E-05  0.8037329E-03  0.1153224E-04
  0.7229833333333E+02  0.2862752E-01  0.8760637E-04 -0.2725226E-03 -0.4420212E-05  0.8041147E-03  0.1145390E-04
  0.7233166666667E+02  0.2863043E-01  0.8726040E-04 -0.2726690E-03 -0.4393145E-05  0.8044939E-03  0.1137585E-04
  0.7236500000000E+02  0.2863332E-01  0.8691593E-04 -0.2728146E-03 -0.4366156E-05  0.8048705E-03  0.1129810E-04
  0.7239833333333E+02  0.2863621E-01  0.8657296E-04 -0.2729592E-03 -0.4339249E-05  0.8052445E-03  0.1122064E-04
  0.7243166666667E+02  0.2863908E-01  0.8623148E-04 -0.2731029E-03 -0.4312423E-05  0.8056160E-03  0.1114350E-04
  0.7246500000000E+02  0.2864195E-01  0.8589149E-04 -0.2732458E-03 -0.4285681E-05  0.8059849E-03  0.1106666E-04
  0.7249833333333E+02  0.2864480E-01  0.8555300E-04 -0.2733878E-03 -0.4259025E-05  0.8063512E-03  0.1099013E-04
  0.7253166666667E+02  0.2864764E-01  0.8521600E-04 -0.2735289E-03 -0.4232455E-05  0.8067150E-03  0.1091391E-04
  0.7256500000000E+02  0.2865047E-01  0.8488049E-04 -0.2736691E-03 -0.4205974E-05  0.8070763E-03  0.1083800E-04
  0.7259833333333E+02  0.2865329E-01  0.8454647E-04 -0.2738084E-03 -0.4179582E-05  0.8074350E-03  0.1076241E-04
  0.7263166666667E+02  0.2865609E-01  0.8421394E-04 -0.2739468E-03 -0.4153281E-05  0.8077913E-03  0.1068714E-04
  0.7266500000000E+02  0.2865889E-01  0.8388289E-04 -0.2740844E-03 -0.4127072E-05  0.8081450E-03  0.1061219E-04
  0.7269833333333E+02  0.2866167E-01  0.8355332E-04 -0.2742211E-03 -0.4100957E-05  0.8084962E-03  0.1053756E-04
  0.7273166666667E+02  0.2866445E-01  0.8322524E-04 -0.2743569E-03 -0.4074937E-05  0.8088450E-03  0.1046326E-04
  0.7276500000000E+02  0.2866721E-01  0.8289864E-04 -0.2744919E-03 -0.4049014E-05  0.8091913E-03  0.1038928E-04
  0.7279833333333E+02  0.2866996E-01  0.8257352E-04 -0.2746260E-03 -0.4023187E-05  0.8095352E-03  0.1031564E-04
  0.7283166666667E+02  0.2867271E-01  0.8224987E-04 -0.2747592E-03 -0.3997460E-05  0.8098766E-03  0.1024232E-04
  0.7286500000000E+02  0.2867544E-01  0.8192770E-04 -0.2748916E-03 -0.3971832E-05  0.8102156E-03  0.1016934E-04
  0.7289833333333E+02  0.2867816E-01  0.8160700E-04 -0.2750232E-03 -0.3946306E-05  0.8105521E-03  0.1009669E-04
  0.7293166666667E+02  0.2868087E-01  0.8128777E-04 -0.2751539E-03 -0.3920881E-05  0.8108863E-03  0.1002438E-04
  0.7296500000000E+02  0.2868357E-01  0.8097001E-04 -0.2752837E-03 -0.3895560E-05  0.8112180E-03  0.9952404E-05
  0.7299833333333E+02  0.2868625E-01  0.8065372E-04 -0.2754127E-03 -0.3870343E-05  0.8115474E-03  0.9880769E-05
  0.7303166666667E+02  0.2868893E-01  0.8033890E-04 -0.2755409E-03 -0.3845231E-05  0.8118744E-03  0.9809475E-05
  0.7306500000000E+02  0.2869160E-01  0.8002553E-04 -0.2756682E-03 -0.3820226E-05  0.8121990E-03  0.9738523E-05
  0.7309833333333E+02  0.2869426E-01  0.7971363E-04 -0.2757948E-03 -0.3795328E-05  0.8125212E-03  0.9667915E-05
  0.7313166666667E+02  0.2869690E-01  0.7940318E-04 -0.2759204E-03 -0.3770539E-05  0.8128412E-03  0.9597652E-05
  0.7316500000000E+02  0.2869954E-01  0.7909420E-04 -0.2760453E-03 -0.3745858E-05  0.8131588E-03  0.9527735E-05
  0.7319833333333E+02  0.2870217E-01  0.7878666E-04 -0.2761693E-03 -0.3721288E-05  0.8134740E-03  0.9458166E-05
  0.7323166666667E+02  0.2870478E-01  0.7848058E-04 -0.2762926E-03 -0.3696828E-05  0.8137870E-03  0.9388945E-05
  0.7326500000000E+02  0.2870739E-01  0.7817594E-04 -0.2764150E-03 -0.3672480E-05  0.8140977E-03  0.9320074E-05
  0.7329833333333E+02  0.2870998E-01  0.7787275E-04 -0.2765366E-03 -0.3648245E-05  0.8144061E-03  0.9251554E-05
  0.7333166666667E+02  0.2871257E-01  0.7757101E-04 -0.2766574E-03 -0.3624123E-05  0.8147122E-03  0.9183386E-05
  0.7336500000000E+02  0.2871514E-01  0.7727070E-04 -0.2767774E-03 -0.3600115E-05  0.8150160E-03  0.9115570E-05
  0.7339833333333E+02  0.2871771E-01  0.7697184E-04 -0.2768966E-03 -0.3576222E-05  0.8153176E-03  0.9048107E-05
  0.7343166666667E+02  0.2872027E-01  0.7667441E-04 -0.2770150E-03 -0.3552444E-05  0.8156170E-03  0.8980999E-05
  0.7346500000000E+02  0.2872281E-01  0.7637841E-04 -0.2771327E-03 -0.3528782E-05  0.8159141E-03  0.8914246E-05
  0.7349833333333E+02  0.2872535E-01  0.7608384E-04 -0.2772495E-03 -0.3505237E-05  0.8162091E-03  0.8847849E-05
  0.7353166666667E+02  0.2872787E-01  0.7579070E-04 -0.2773656E-03 -0.3481810E-05  0.8165018E-03  0.8781809E-05
  0.7356500000000E+02  0.2873039E-01  0.7549898E-04 -0.2774808E-03 -0.3458500E-05  0.8167923E-03  0.8716125E-05
  0.7359833333333E+02  0.2873290E-01  0.7520869E-04 -0.2775953E-03 -0.3435308E-05  0.8170807E-03  0.8650799E-05
  0.7363166666667E+02  0.2873540E-01  0.7491981E-04 -0.2777091E-03 -0.3412236E-05  0.8173669E-03  0.8585832E-05
  0.7366500000000E+02  0.2873788E-01  0.7463235E-04 -0.2778221E-03 -0.3389283E-05  0.8176509E-03  0.8521223E-05
  0.7369833333333E+02  0.2874036E-01  0.7434629E-04 -0.2779343E-03 -0.3366450E-05  0.8179328E-03  0.8456973E-05
  0.7373166666667E+02  0.2874283E-01  0.7406165E-04 -0.2780457E-03 -0.3343737E-05  0.8182126E-03  0.8393082E-05
  0.7376500000000E+02  0.2874529E-01  0.7377841E-04 -0.2781564E-03 -0.3321145E-05  0.8184902E-03  0.8329552E-05
  0.7379833333333E+02  0.2874774E-01  0.7349658E-04 -0.2782664E-03 -0.3298674E-05  0.8187658E-03  0.8266381E-05
  0.7383166666667E+02  0.2875018E-01  0.7321614E-04 -0.2783756E-03 -0.3276325E-05  0.8190392E-03  0.8203571E-05
  0.7386500000000E+02  0.2875261E-01  0.7293710E-04 -0.2784841E-03 -0.3254098E-05  0.8193106E-03  0.8141121E-05
  0.7389833333333E+02  0.2875503E-01  0.7265944E-04 -0.2785918E-03 -0.3231992E-05  0.8195799E-03  0.8079032E-05
  0.7393166666667E+02  0.2875745E-01  0.7238318E-04 -0.2786988E-03 -0.3210009E-05  0.8198472E-03  0.8017304E-05
  0.7396500000000E+02  0.2875985E-01  0.7210830E-04 -0.2788051E-03 -0.3188149E-05  0.8201123E-03  0.7955937E-05
  0.7399833333333E+02  0.2876224E-01  0.7183480E-04 -0.2789106E-03 -0.3166412E-05  0.8203755E-03  0.7894930E-05
  0.7403166666667E+02  0.2876463E-01  0.7156268E-04 -0.2790155E-03 -0.3144798E-05  0.8206367E-03  0.7834285E-05
  0.7406500000000E+02  0.2876701E-01  0.7129194E-04 -0.2791196E-03 -0.3123307E-05  0.8208958E-03  0.7774000E-05
  0.7409833333333E+02  0.2876937E-01  0.7102256E-04 -0.2792230E-03 -0.3101940E-05  0.8211529E-03  0.7714077E-05
  0.7413166666667E+02  0.2877173E-01  0.7075455E-04 -0.2793257E-03 -0.3080696E-05  0.8214081E-03  0.7654513E-05
  0.7416500000000E+02  0.2877408E-01  0.7048790E-04 -0.2794276E-03 -0.3059577E-05  0.8216613E-03  0.7595311E-05
  0.7419833333333E+02  0.2877642E-01  0.7022260E-04 -0.2795289E-03 -0.3038581E-05  0.8219125E-03  0.7536469E-05
  0.7423166666667E+02  0.2877875E-01  0.6995867E-04 -0.2796295E-03 -0.3017709E-05  0.8221617E-03  0.7477987E-05
  0.7426500000000E+02  0.2878108E-01  0.6969608E-04 -0.2797294E-03 -0.2996961E-05  0.8224091E-03  0.7419865E-05
  0.7429833333333E+02  0.2878339E-01  0.6943483E-04 -0.2798286E-03 -0.2976337E-05  0.8226545E-03  0.7362102E-05
  0.7433166666667E+02  0.2878570E-01  0.6917493E-04 -0.2799272E-03 -0.2955838E-05  0.8228980E-03  0.7304699E-05
  0.7436500000000E+02  0.2878800E-01  0.6891637E-04 -0.2800250E-03 -0.2935462E-05  0.8231395E-03  0.7247654E-05
  0.7439833333333E+02  0.2879028E-01  0.6865914E-04 -0.2801222E-03 -0.2915211E-05  0.8233792E-03  0.7190969E-05
  0.7443166666667E+02  0.2879256E-01  0.6840324E-04 -0.2802187E-03 -0.2895084E-05  0.8236171E-03  0.7134641E-05
  0.7446500000000E+02  0.2879484E-01  0.6814867E-04 -0.2803145E-03 -0.2875081E-05  0.8238530E-03  0.7078670E-05
  0.7449833333333E+02  0.2879710E-01  0.6789541E-04 -0.2804097E-03 -0.2855201E-05  0.8240871E-03  0.7023057E-05
  0.7453166666667E+02  0.2879935E-01  0.6764347E-04 -0.2805042E-03 -0.2835446E-05  0.8243194E-03  0.6967801E-05
  0.7456500000000E+02  0.2880160E-01  0.6739285E-04 -0.2805981E-03 -0.2815814E-05  0.8245498E-03  0.6912901E-05
  0.7459833333333E+02  0.2880384E-01  0.6714353E-04 -0.2806913E-03 -0.2796306E-05  0.8247784E-03  0.6858356E-05
  0.7463166666666E+02  0.2880607E-01  0.6689551E-04 -0.2807838E-03 -0.2776922E-05  0.8250052E-03  0.6804166E-05
  0.7466500000000E+02  0.2880829E-01  0.6664879E-04 -0.2808758E-03 -0.2757661E-05  0.8252302E-03  0.6750330E-05
  0.7469833333333E+02  0.2881050E-01  0.6640337E-04 -0.2809670E-03 -0.2738523E-05  0.8254535E-03  0.6696848E-05
  0.7473166666666E+02  0.2881271E-01  0.6615923E-04 -0.2810577E-03 -0.2719508E-05  0.8256749E-03  0.6643719E-05
  0.7476500000000E+02  0.2881491E-01  0.6591638E-04 -0.2811477E-03 -0.2700616E-05  0.8258946E-03  0.6590942E-05
  0.7479833333333E+02  0.2881709E-01  0.6567482E-04 -0.2812371E-03 -0.2681846E-05  0.8261126E-03  0.6538516E-05
  0.7483166666666E+02  0.2881928E-01  0.6543452E-04 -0.2813259E-03 -0.2663199E-05  0.8263288E-03  0.6486441E-05
  0.7486500000000E+02  0.2882145E-01  0.6519550E-04 -0.2814140E-03 -0.2644674E-05  0.8265433E-03  0.6434716E-05
  0.7489833333333E+02  0.2882361E-01  0.6495774E-04 -0.2815016E-03 -0.2626271E-05  0.8267561E-03  0.6383340E-05
  0.7493166666666E+02  0.2882577E-01  0.6472124E-04 -0.2815885E-03 -0.2607989E-05  0.8269671E-03  0.6332313E-05
  0.7496500000000E+02  0.2882792E-01  0.6448600E-04 -0.2816748E-03 -0.2589829E-05  0.8271765E-03  0.6281632E-05
  0.7499833333333E+02  0.2883006E-01  0.6425201E-04 -0.2817606E-03 -0.2571789E-05  0.8273842E-03  0.6231299E-05
  0.7503166666666E+02  0.2883220E-01  0.6401927E-04 -0.2818457E-03 -0.2553871E-05  0.8275903E-03  0.6181310E-05
  0.7506500000000E+02  0.2883432E-01  0.6378777E-04 -0.2819302E-03 -0.2536072E-05  0.8277947E-03  0.6131667E-05
  0.7509833333333E+02  0.2883644E-01  0.6355750E-04 -0.2820142E-03 -0.2518394E-05  0.8279974E-03  0.6082367E-05
  0.7513166666666E+02  0.2883855E-01  0.6332847E-04 -0.2820975E-03 -0.2500835E-05  0.8281985E-03  0.6033410E-05
  0.7516500000000E+02  0.2884066E-01  0.6310067E-04 -0.2821803E-03 -0.2483396E-05  0.8283980E-03  0.5984794E-05
  0.7519833333333E+02  0.2884275E-01  0.6287408E-04 -0.2822625E-03 -0.2466076E-05  0.8285959E-03  0.5936519E-05
  0.7523166666666E+02  0.2884484E-01  0.6264871E-04 -0.2823442E-03 -0.2448874E-05  0.8287922E-03  0.5888584E-05
  0.7526500000000E+02  0.2884692E-01  0.6242456E-04 -0.2824252E-03 -0.2431790E-05  0.8289869E-03  0.5840988E-05
  0.7529833333333E+02  0.2884899E-01  0.6220161E-04 -0.2825057E-03 -0.2414825E-05  0.8291800E-03  0.5793728E-05
  0.7533166666666E+02  0.2885106E-01  0.6197986E-04 -0.2825856E-03 -0.2397976E-05  0.8293716E-03  0.5746806E-05
  0.7536500000000E+02  0.2885312E-01  0.6175930E-04 -0.2826650E-03 -0.2381245E-05  0.8295616E-03  0.5700218E-05
  0.7539833333333E+02  0.2885517E-01  0.6153994E-04 -0.2827438E-03 -0.2364630E-05  0.8297500E-03  0.5653965E-05
  0.7543166666666E+02  0.2885721E-01  0.6132177E-04 -0.2828221E-03 -0.2348131E-05  0.8299370E-03  0.5608045E-05
  0.7546500000000E+02  0.2885925E-01  0.6110477E-04 -0.2828998E-03 -0.2331748E-05  0.8301224E-03  0.5562456E-05
  0.7549833333333E+02  0.2886128E-01  0.6088895E-04 -0.2829770E-03 -0.2315480E-05  0.8303063E-03  0.5517198E-05
  0.7553166666666E+02  0.2886330E-01  0.6067430E-04 -0.2830537E-03 -0.2299327E-05  0.8304887E-03  0.5472270E-05
  0.7556500000000E+02  0.2886532E-01  0.6046081E-04 -0.2831298E-03 -0.2283289E-05  0.8306696E-03  0.5427669E-05
  0.7559833333333E+02  0.2886733E-01  0.6024849E-04 -0.2832054E-03 -0.2267364E-05  0.8308491E-03  0.5383396E-05
  0.7563166666666E+02  0.2886933E-01  0.6003731E-04 -0.2832804E-03 -0.2251552E-05  0.8310271E-03  0.5339448E-05
  0.7566500000000E+02  0.2887132E-01  0.5982729E-04 -0.2833549E-03 -0.2235853E-05  0.8312036E-03  0.5295825E-05
  0.7569833333333E+02  0.2887331E-01  0.5961841E-04 -0.2834289E-03 -0.2220267E-05  0.8313787E-03  0.5252524E-05
  0.7573166666666E+02  0.2887529E-01  0.5941066E-04 -0.2835024E-03 -0.2204793E-05  0.8315523E-03  0.5209546E-05
  0.7576500000000E+02  0.2887726E-01  0.5920405E-04 -0.2835754E-03 -0.2189430E-05  0.8317246E-03  0.5166888E-05
  0.7579833333333E+02  0.2887923E-01  0.5899857E-04 -0.2836479E-03 -0.2174177E-05  0.8318954E-03  0.5124549E-05
  0.7583166666666E+02  0.2888119E-01  0.5879421E-04 -0.2837199E-03 -0.2159036E-05  0.8320648E-03  0.5082528E-05
  0.7586500000000E+02  0.2888314E-01  0.5859096E-04 -0.2837913E-03 -0.2144004E-05  0.8322328E-03  0.5040823E-05
  0.7589833333333E+02  0.2888509E-01  0.5838883E-04 -0.2838623E-03 -0.2129081E-05  0.8323995E-03  0.4999433E-05
  0.7593166666666E+02  0.2888703E-01  0.5818780E-04 -0.2839328E-03 -0.2114267E-05  0.8325647E-03  0.4958357E-05
  0.7596500000000E+02  0.2888896E-01  0.5798787E-04 -0.2840028E-03 -0.2099561E-05  0.8327287E-03  0.4917594E-05
  0.7599833333333E+02  0.2889089E-01  0.5778904E-04 -0.2840722E-03 -0.2084963E-05  0.8328912E-03  0.4877141E-05
  0.7603166666666E+02  0.2889281E-01  0.5759129E-04 -0.2841413E-03 -0.2070472E-05  0.8330525E-03  0.4836997E-05
  0.7606500000000E+02  0.2889472E-01  0.5739463E-04 -0.2842098E-03 -0.2056088E-05  0.8332124E-03  0.4797162E-05
  0.7609833333333E+02  0.2889663E-01  0.5719904E-04 -0.2842779E-03 -0.2041810E-05  0.8333710E-03  0.4757633E-05
  0.7613166666666E+02  0.2889853E-01  0.5700453E-04 -0.2843454E-03 -0.2027637E-05  0.8335282E-03  0.4718409E-05
  0.7616500000000E+02  0.2890042E-01  0.5681108E-04 -0.2844126E-03 -0.2013570E-05  0.8336842E-03  0.4679488E-05
  0.7619833333333E+02  0.2890231E-01  0.5661870E-04 -0.2844792E-03 -0.1999606E-05  0.8338389E-03  0.4640870E-05
  0.7623166666666E+02  0.2890419E-01  0.5642737E-04 -0.2845454E-03 -0.1985747E-05  0.8339923E-03  0.4602552E-05
  0.7626500000000E+02  0.2890606E-01  0.5623709E-04 -0.2846111E-03 -0.1971990E-05  0.8341445E-03  0.4564534E-05
  0.7629833333333E+02  0.2890793E-01  0.5604785E-04 -0.2846764E-03 -0.1958336E-05  0.8342954E-03  0.4526813E-05
  0.7633166666666E+02  0.2890979E-01  0.5585966E-04 -0.2847413E-03 -0.1944785E-05  0.8344450E-03  0.4489388E-05
  0.7636500000000E+02  0.2891165E-01  0.5567250E-04 -0.2848056E-03 -0.1931335E-05  0.8345934E-03  0.4452258E-05
  0.7639833333333E+02  0.2891350E-01  0.5548636E-04 -0.2848696E-03 -0.1917986E-05  0.8347406E-03  0.4415420E-05
  0.7643166666666E+02  0.2891534E-01  0.5530125E-04 -0.2849331E-03 -0.1904737E-05  0.8348866E-03  0.4378874E-05
  0.7646500000000E+02  0.2891718E-01  0.5511715E-04 -0.2849961E-03 -0.1891588E-05  0.8350313E-03  0.4342618E-05
  0.7649833333333E+02  0.2891901E-01  0.5493407E-04 -0.2850587E-03 -0.1878538E-05  0.8351749E-03  0.4306650E-05
  0.7653166666666E+02  0.2892084E-01  0.5475199E-04 -0.2851209E-03 -0.1865587E-05  0.8353173E-03  0.4270970E-05
  0.7656500000000E+02  0.2892266E-01  0.5457091E-04 -0.2851827E-03 -0.1852733E-05  0.8354584E-03  0.4235574E-05
  0.7659833333333E+02  0.2892447E-01  0.5439083E-04 -0.2852440E-03 -0.1839978E-05  0.8355985E-03  0.4200462E-05
  0.7663166666666E+02  0.2892628E-01  0.5421173E-04 -0.2853049E-03 -0.1827319E-05  0.8357373E-03  0.4165631E-05
  0.7666500000000E+02  0.2892808E-01  0.5403362E-04 -0.2853654E-03 -0.1814756E-05  0.8358750E-03  0.4131081E-05
  0.7669833333333E+02  0.2892987E-01  0.5385648E-04 -0.2854255E-03 -0.1802289E-05  0.8360116E-03  0.4096810E-05
  0.7673166666666E+02  0.2893166E-01  0.5368032E-04 -0.2854851E-03 -0.1789917E-05  0.8361470E-03  0.4062817E-05
  0.7676500000000E+02  0.2893344E-01  0.5350512E-04 -0.2855444E-03 -0.1777639E-05  0.8362813E-03  0.4029098E-05
  0.7679833333333E+02  0.2893522E-01  0.5333089E-04 -0.2856032E-03 -0.1765456E-05  0.8364145E-03  0.3995654E-05
  0.7683166666666E+02  0.2893699E-01  0.5315761E-04 -0.2856617E-03 -0.1753365E-05  0.8365466E-03  0.3962482E-05
  0.7686500000000E+02  0.2893876E-01  0.5298528E-04 -0.2857197E-03 -0.1741367E-05  0.8366776E-03  0.3929581E-05
  0.7689833333333E+02  0.2894052E-01  0.5281389E-04 -0.2857774E-03 -0.1729462E-05  0.8368075E-03  0.3896948E-05
  0.7693166666666E+02  0.2894228E-01  0.5264344E-04 -0.2858346E-03 -0.1717648E-05  0.8369363E-03  0.3864583E-05
  0.7696500000000E+02  0.2894402E-01  0.5247393E-04 -0.2858915E-03 -0.1705924E-05  0.8370640E-03  0.3832484E-05
  0.7699833333333E+02  0.2894577E-01  0.5230534E-04 -0.2859480E-03 -0.1694291E-05  0.8371907E-03  0.3800649E-05
  0.7703166666666E+02  0.2894751E-01  0.5213768E-04 -0.2860041E-03 -0.1682748E-05  0.8373164E-03  0.3769077E-05
  0.7706500000000E+02  0.2894924E-01  0.5197093E-04 -0.2860598E-03 -0.1671294E-05  0.8374409E-03  0.3737765E-05
  0.7709833333333E+02  0.2895097E-01  0.5180509E-04 -0.2861151E-03 -0.1659928E-05  0.8375645E-03  0.3706712E-05
  0.7713166666666E+02  0.2895269E-01  0.5164016E-04 -0.2861701E-03 -0.1648650E-05  0.8376870E-03  0.3675917E-05
  0.7716500000000E+02  0.2895440E-01  0.5147613E-04 -0.2862247E-03 -0.1637460E-05  0.8378085E-03  0.3645378E-05
  0.7719833333333E+02  0.2895611E-01  0.5131300E-04 -0.2862789E-03 -0.1626356E-05  0.8379291E-03  0.3615093E-05
  0.7723166666666E+02  0.2895782E-01  0.5115075E-04 -0.2863327E-03 -0.1615339E-05  0.8380486E-03  0.3585061E-05
  0.7726500000000E+02  0.2895952E-01  0.5098939E-04 -0.2863862E-03 -0.1604407E-05  0.8381671E-03  0.3555279E-05
  0.7729833333333E+02  0.2896121E-01  0.5082890E-04 -0.2864393E-03 -0.1593560E-05  0.8382846E-03  0.3525747E-05
  0.7733166666666E+02  0.2896290E-01  0.5066929E-04 -0.2864921E-03 -0.1582797E-05  0.8384011E-03  0.3496462E-05
  0.7736500000000E+02  0.2896458E-01  0.5051054E-04 -0.2865445E-03 -0.1572118E-05  0.8385167E-03  0.3467423E-05
  0.7739833333333E+02  0.2896626E-01  0.5035266E-04 -0.2865965E-03 -0.1561522E-05  0.8386313E-03  0.3438628E-05
  0.7743166666666E+02  0.2896794E-01  0.5019564E-04 -0.2866482E-03 -0.1551009E-05  0.8387450E-03  0.3410076E-05
  0.7746500000000E+02  0.2896960E-01  0.5003946E-04 -0.2866996E-03 -0.1540578E-05  0.8388577E-03  0.3381764E-05
  0.7749833333333E+02  0.2897127E-01  0.4988414E-04 -0.2867506E-03 -0.1530229E-05  0.8389695E-03  0.3353692E-05
  0.7753166666666E+02  0.2897292E-01  0.4972965E-04 -0.2868012E-03 -0.1519960E-05  0.8390804E-03  0.3325858E-05
  0.7756500000000E+02  0.2897458E-01  0.4957600E-04 -0.2868516E-03 -0.1509771E-05  0.8391903E-03  0.3298259E-05
  0.7759833333333E+02  0.2897622E-01  0.4942317E-04 -0.2869016E-03 -0.1499663E-05  0.8392994E-03  0.3270894E-05
  0.7763166666666E+02  0.2897787E-01  0.4927118E-04 -0.2869512E-03 -0.1489633E-05  0.8394075E-03  0.3243762E-05
  0.7766500000000E+02  0.2897950E-01  0.4912000E-04 -0.2870005E-03 -0.1479682E-05  0.8395147E-03  0.3216861E-05
  0.7769833333333E+02  0.2898114E-01  0.4896964E-04 -0.2870495E-03 -0.1469809E-05  0.8396210E-03  0.3190189E-05
  0.7773166666666E+02  0.2898276E-01  0.4882009E-04 -0.2870982E-03 -0.1460013E-05  0.8397265E-03  0.3163745E-05
  0.7776500000000E+02  0.2898439E-01  0.4867134E-04 -0.2871465E-03 -0.1450294E-05  0.8398311E-03  0.3137526E-05
  0.7779833333333E+02  0.2898600E-01  0.4852339E-04 -0.2871946E-03 -0.1440652E-05  0.8399348E-03  0.3111532E-05
  0.7783166666666E+02  0.2898762E-01  0.4837623E-04 -0.2872423E-03 -0.1431085E-05  0.8400377E-03  0.3085760E-05
  0.7786500000000E+02  0.2898922E-01  0.4822986E-04 -0.2872897E-03 -0.1421593E-05  0.8401397E-03  0.3060209E-05
  0.7789833333333E+02  0.2899083E-01  0.4808427E-04 -0.2873367E-03 -0.1412176E-05  0.8402408E-03  0.3034878E-05
  0.7793166666666E+02  0.2899242E-01  0.4793947E-04 -0.2873835E-03 -0.1402833E-05  0.8403412E-03  0.3009764E-05
  0.7796500000000E+02  0.2899402E-01  0.4779543E-04 -0.2874299E-03 -0.1393563E-05  0.8404407E-03  0.2984866E-05
  0.7799833333333E+02  0.2899561E-01  0.4765217E-04 -0.2874761E-03 -0.1384366E-05  0.8405393E-03  0.2960183E-05
  0.7803166666666E+02  0.2899719E-01  0.4750967E-04 -0.2875219E-03 -0.1375242E-05  0.8406372E-03  0.2935712E-05
  0.7806500000000E+02  0.2899877E-01  0.4736792E-04 -0.2875675E-03 -0.1366189E-05  0.8407342E-03  0.2911453E-05
  0.7809833333333E+02  0.2900034E-01  0.4722693E-04 -0.2876127E-03 -0.1357208E-05  0.8408305E-03  0.2887403E-05
  0.7813166666666E+02  0.2900191E-01  0.4708669E-04 -0.2876576E-03 -0.1348297E-05  0.8409259E-03  0.2863561E-05
  0.7816500000000E+02  0.2900348E-01  0.4694719E-04 -0.2877023E-03 -0.1339457E-05  0.8410206E-03  0.2839925E-05
  0.7819833333333E+02  0.2900504E-01  0.4680843E-04 -0.2877467E-03 -0.1330686E-05  0.8411145E-03  0.2816494E-05
  0.7823166666666E+02  0.2900659E-01  0.4667040E-04 -0.2877907E-03 -0.1321984E-05  0.8412076E-03  0.2793266E-05
  0.7826500000000E+02  0.2900814E-01  0.4653310E-04 -0.2878345E-03 -0.1313351E-05  0.8412999E-03  0.2770239E-05
  0.7829833333333E+02  0.2900969E-01  0.4639652E-04 -0.2878780E-03 -0.1304786E-05  0.8413915E-03  0.2747412E-05
  0.7833166666666E+02  0.2901123E-01  0.4626067E-04 -0.2879212E-03 -0.1296288E-05  0.8414823E-03  0.2724783E-05
  0.7836500000000E+02  0.2901277E-01  0.4612552E-04 -0.2879641E-03 -0.1287858E-05  0.8415724E-03  0.2702351E-05
  0.7839833333333E+02  0.2901430E-01  0.4599109E-04 -0.2880068E-03 -0.1279493E-05  0.8416618E-03  0.2680114E-05
  0.7843166666666E+02  0.2901583E-01  0.4585736E-04 -0.2880492E-03 -0.1271195E-05  0.8417504E-03  0.2658071E-05
  0.7846500000000E+02  0.2901736E-01  0.4572433E-04 -0.2880913E-03 -0.1262962E-05  0.8418382E-03  0.2636220E-05
  0.7849833333333E+02  0.2901888E-01  0.4559200E-04 -0.2881331E-03 -0.1254794E-05  0.8419254E-03  0.2614558E-05
  0.7853166666666E+02  0.2902039E-01  0.4546036E-04 -0.2881746E-03 -0.1246690E-05  0.8420118E-03  0.2593086E-05
  0.7856500000000E+02  0.2902190E-01  0.4532940E-04 -0.2882159E-03 -0.1238650E-05  0.8420975E-03  0.2571801E-05
  0.7859833333333E+02  0.2902341E-01  0.4519912E-04 -0.2882569E-03 -0.1230674E-05  0.8421826E-03  0.2550702E-05
  0.7863166666666E+02  0.2902491E-01  0.4506952E-04 -0.2882977E-03 -0.1222760E-05  0.8422669E-03  0.2529787E-05
  0.7866500000000E+02  0.2902641E-01  0.4494059E-04 -0.2883382E-03 -0.1214909E-05  0.8423505E-03  0.2509054E-05
  0.7869833333333E+02  0.2902790E-01  0.4481233E-04 -0.2883784E-03 -0.1207119E-05  0.8424335E-03  0.2488503E-05
  0.7873166666666E+02  0.2902939E-01  0.4468474E-04 -0.2884184E-03 -0.1199391E-05  0.8425158E-03  0.2468131E-05
  0.7876500000000E+02  0.2903088E-01  0.4455780E-04 -0.2884581E-03 -0.1191724E-05  0.8425973E-03  0.2447937E-05
  0.7879833333333E+02  0.2903236E-01  0.4443151E-04 -0.2884976E-03 -0.1184117E-05  0.8426783E-03  0.2427920E-05
  0.7883166666666E+02  0.2903384E-01  0.4430588E-04 -0.2885368E-03 -0.1176569E-05  0.8427585E-03  0.2408077E-05
  0.7886500000000E+02  0.2903531E-01  0.4418089E-04 -0.2885758E-03 -0.1169082E-05  0.8428382E-03  0.2388409E-05
  0.7889833333333E+02  0.2903678E-01  0.4405654E-04 -0.2886145E-03 -0.1161653E-05  0.8429171E-03  0.2368912E-05
  0.7893166666666E+02  0.2903824E-01  0.4393283E-04 -0.2886530E-03 -0.1154282E-05  0.8429954E-03  0.2349586E-05
  0.7896500000000E+02  0.2903970E-01  0.4380975E-04 -0.2886912E-03 -0.1146970E-05  0.8430731E-03  0.2330429E-05
  0.7899833333333E+02  0.2904116E-01  0.4368730E-04 -0.2887292E-03 -0.1139715E-05  0.8431502E-03  0.2311440E-05
  0.7903166666666E+02  0.2904261E-01  0.4356547E-04 -0.2887670E-03 -0.1132516E-05  0.8432266E-03  0.2292617E-05
  0.7906500000000E+02  0.2904406E-01  0.4344426E-04 -0.2888045E-03 -0.1125375E-05  0.8433024E-03  0.2273959E-05
  0.7909833333333E+02  0.2904550E-01  0.4332367E-04 -0.2888418E-03 -0.1118289E-05  0.8433776E-03  0.2255464E-05
  0.7913166666666E+02  0.2904694E-01  0.4320368E-04 -0.2888788E-03 -0.1111259E-05  0.8434521E-03  0.2237130E-05
  0.7916500000000E+02  0.2904838E-01  0.4308431E-04 -0.2889156E-03 -0.1104284E-05  0.8435261E-03  0.2218958E-05
  0.7919833333333E+02  0.2904981E-01  0.4296553E-04 -0.2889522E-03 -0.1097364E-05  0.8435995E-03  0.2200944E-05
  0.7923166666666E+02  0.2905124E-01  0.4284736E-04 -0.2889885E-03 -0.1090498E-05  0.8436722E-03  0.2183088E-05
  0.7926500000000E+02  0.2905266E-01  0.4272978E-04 -0.2890247E-03 -0.1083686E-05  0.8437444E-03  0.2165388E-05
  0.7929833333333E+02  0.2905408E-01  0.4261279E-04 -0.2890606E-03 -0.1076927E-05  0.8438160E-03  0.2147843E-05
  0.7933166666666E+02  0.2905550E-01  0.4249639E-04 -0.2890962E-03 -0.1070221E-05  0.8438870E-03  0.2130451E-05
  0.7936500000000E+02  0.2905691E-01  0.4238057E-04 -0.2891317E-03 -0.1063567E-05  0.8439575E-03  0.2113211E-05
  0.7939833333333E+02  0.2905832E-01  0.4226532E-04 -0.2891669E-03 -0.1056966E-05  0.8440273E-03  0.2096122E-05
  0.7943166666666E+02  0.2905973E-01  0.4215066E-04 -0.2892019E-03 -0.1050415E-05  0.8440967E-03  0.2079183E-05
  0.7946500000000E+02  0.2906113E-01  0.4203656E-04 -0.2892367E-03 -0.1043916E-05  0.8441654E-03  0.2062391E-05
  0.7949833333333E+02  0.2906253E-01  0.4192303E-04 -0.2892713E-03 -0.1037468E-05  0.8442336E-03  0.2045746E-05
  0.7953166666666E+02  0.2906392E-01  0.4181006E-04 -0.2893057E-03 -0.1031070E-05  0.8443012E-03  0.2029246E-05
  0.7956500000000E+02  0.2906531E-01  0.4169765E-04 -0.2893398E-03 -0.1024722E-05  0.8443683E-03  0.2012890E-05
  0.7959833333333E+02  0.2906670E-01  0.4158580E-04 -0.2893738E-03 -0.1018423E-05  0.8444349E-03  0.1996676E-05
  0.7963166666666E+02  0.2906808E-01  0.4147450E-04 -0.2894075E-03 -0.1012173E-05  0.8445009E-03  0.1980604E-05
  0.7966500000000E+02  0.2906946E-01  0.4136375E-04 -0.2894411E-03 -0.1005972E-05  0.8445664E-03  0.1964672E-05
  0.7969833333333E+02  0.2907083E-01  0.4125354E-04 -0.2894744E-03 -0.9998190E-06  0.8446314E-03  0.1948878E-05
  0.7973166666666E+02  0.2907220E-01  0.4114387E-04 -0.2895075E-03 -0.9937138E-06  0.8446958E-03  0.1933222E-05
  0.7976500000000E+02  0.2907357E-01  0.4103474E-04 -0.2895404E-03 -0.9876558E-06  0.8447597E-03  0.1917702E-05
  0.7979833333333E+02  0.2907494E-01  0.4092614E-04 -0.2895732E-03 -0.9816449E-06  0.8448231E-03  0.1902317E-05
  0.7983166666666E+02  0.2907630E-01  0.4081807E-04 -0.2896057E-03 -0.9756804E-06  0.8448860E-03  0.1887065E-05
  0.7986500000000E+02  0.2907765E-01  0.4071052E-04 -0.2896380E-03 -0.9697622E-06  0.8449484E-03  0.1871946E-05
  0.7989833333333E+02  0.2907901E-01  0.4060350E-04 -0.2896701E-03 -0.9638897E-06  0.8450103E-03  0.1856958E-05
  0.7993166666666E+02  0.2908036E-01  0.4049700E-04 -0.2897021E-03 -0.9580625E-06  0.8450717E-03  0.1842100E-05
  0.7996500000000E+02  0.2908170E-01  0.4039101E-04 -0.2897338E-03 -0.9522804E-06  0.8451326E-03  0.1827370E-05
  0.7999833333333E+02  0.2908305E-01  0.4028553E-04 -0.2897654E-03 -0.9465428E-06  0.8451931E-03  0.1812767E-05
  0.8003166666666E+02  0.2908439E-01  0.4018056E-04 -0.2897967E-03 -0.9408495E-06  0.8452530E-03  0.1798291E-05
  0.8006500000000E+02  0.2908572E-01  0.4007610E-04 -0.2898279E-03 -0.9352000E-06  0.8453125E-03  0.1783940E-05
  0.8009833333333E+02  0.2908705E-01  0.3997214E-04 -0.2898589E-03 -0.9295939E-06  0.8453715E-03  0.1769712E-05
  0.8013166666666E+02  0.2908838E-01  0.3986867E-04 -0.2898897E-03 -0.9240310E-06  0.8454300E-03  0.1755608E-05
  0.8016500000000E+02  0.2908971E-01  0.3976570E-04 -0.2899203E-03 -0.9185107E-06  0.8454880E-03  0.1741624E-05
  0.8019833333333E+02  0.2909103E-01  0.3966323E-04 -0.2899507E-03 -0.9130328E-06  0.8455456E-03  0.1727761E-05
  0.8023166666666E+02  0.2909235E-01  0.3956124E-04 -0.2899810E-03 -0.9075969E-06  0.8456028E-03  0.1714017E-05
  0.8026500000000E+02  0.2909366E-01  0.3945973E-04 -0.2900111E-03 -0.9022026E-06  0.8456595E-03  0.1700391E-05
  0.8029833333333E+02  0.2909498E-01  0.3935871E-04 -0.2900410E-03 -0.8968495E-06  0.8457157E-03  0.1686881E-05
  0.8033166666666E+02  0.2909628E-01  0.3925816E-04 -0.2900707E-03 -0.8915374E-06  0.8457715E-03  0.1673488E-05
  0.8036500000000E+02  0.2909759E-01  0.3915809E-04 -0.2901002E-03 -0.8862658E-06  0.8458268E-03  0.1660209E-05
  0.8039833333333E+02  0.2909889E-01  0.3905849E-04 -0.2901296E-03 -0.8810345E-06  0.8458817E-03  0.1647043E-05
  0.8043166666666E+02  0.2910019E-01  0.3895936E-04 -0.2901588E-03 -0.8758429E-06  0.8459362E-03  0.1633990E-05
  0.8046500000000E+02  0.2910149E-01  0.3886070E-04 -0.2901878E-03 -0.8706909E-06  0.8459902E-03  0.1621048E-05
  0.8049833333333E+02  0.2910278E-01  0.3876250E-04 -0.2902167E-03 -0.8655781E-06  0.8460438E-03  0.1608216E-05
  0.8053166666666E+02  0.2910407E-01  0.3866476E-04 -0.2902453E-03 -0.8605041E-06  0.8460970E-03  0.1595493E-05
  0.8056500000000E+02  0.2910535E-01  0.3856747E-04 -0.2902739E-03 -0.8554685E-06  0.8461498E-03  0.1582878E-05
  0.8059833333333E+02  0.2910663E-01  0.3847064E-04 -0.2903022E-03 -0.8504712E-06  0.8462021E-03  0.1570370E-05
  0.8063166666666E+02  0.2910791E-01  0.3837425E-04 -0.2903304E-03 -0.8455116E-06  0.8462540E-03  0.1557968E-05
  0.8066500000000E+02  0.2910919E-01  0.3827832E-04 -0.2903584E-03 -0.8405896E-06  0.8463056E-03  0.1545671E-05
  0.8069833333333E+02  0.2911046E-01  0.3818283E-04 -0.2903863E-03 -0.8357047E-06  0.8463567E-03  0.1533477E-05
  0.8073166666666E+02  0.2911173E-01  0.3808778E-04 -0.2904140E-03 -0.8308567E-06  0.8464074E-03  0.1521387E-05
  0.8076500000000E+02  0.2911300E-01  0.3799317E-04 -0.2904415E-03 -0.8260452E-06  0.8464577E-03  0.1509398E-05
  0.8079833333333E+02  0.2911426E-01  0.3789899E-04 -0.2904689E-03 -0.8212700E-06  0.8465076E-03  0.1497510E-05
  0.8083166666666E+02  0.2911552E-01  0.3780525E-04 -0.2904961E-03 -0.8165306E-06  0.8465571E-03  0.1485721E-05
  0.8086500000000E+02  0.2911678E-01  0.3771193E-04 -0.2905231E-03 -0.8118269E-06  0.8466063E-03  0.1474032E-05
  0.8089833333333E+02  0.2911803E-01  0.3761905E-04 -0.2905501E-03 -0.8071584E-06  0.8466550E-03  0.1462440E-05
  0.8093166666666E+02  0.2911928E-01  0.3752659E-04 -0.2905768E-03 -0.8025249E-06  0.8467034E-03  0.1450945E-05
  0.8096500000000E+02  0.2912053E-01  0.3743454E-04 -0.2906034E-03 -0.7979260E-06  0.8467514E-03  0.1439546E-05
  0.8099833333333E+02  0.2912178E-01  0.3734292E-04 -0.2906298E-03 -0.7933616E-06  0.8467990E-03  0.1428241E-05
  0.8103166666666E+02  0.2912302E-01  0.3725172E-04 -0.2906561E-03 -0.7888312E-06  0.8468462E-03  0.1417031E-05
  0.8106500000000E+02  0.2912426E-01  0.3716092E-04 -0.2906823E-03 -0.7843346E-06  0.8468931E-03  0.1405913E-05
  0.8109833333333E+02  0.2912549E-01  0.3707054E-04 -0.2907083E-03 -0.7798714E-06  0.8469396E-03  0.1394888E-05
  0.8113166666666E+02  0.2912673E-01  0.3698056E-04 -0.2907341E-03 -0.7754415E-06  0.8469857E-03  0.1383954E-05
  0.8116500000000E+02  0.2912796E-01  0.3689099E-04 -0.2907598E-03 -0.7710444E-06  0.8470315E-03  0.1373110E-05
  0.8119833333333E+02  0.2912918E-01  0.3680182E-04 -0.2907854E-03 -0.7666800E-06  0.8470769E-03  0.1362355E-05
  0.8123166666666E+02  0.2913041E-01  0.3671305E-04 -0.2908108E-03 -0.7623479E-06  0.8471219E-03  0.1351689E-05
  0.8126500000000E+02  0.2913163E-01  0.3662468E-04 -0.2908361E-03 -0.7580479E-06  0.8471667E-03  0.1341110E-05
  0.8129833333333E+02  0.2913284E-01  0.3653671E-04 -0.2908612E-03 -0.7537797E-06  0.8472110E-03  0.1330618E-05
  0.8133166666666E+02  0.2913406E-01  0.3644912E-04 -0.2908862E-03 -0.7495429E-06  0.8472550E-03  0.1320211E-05
  0.8136500000000E+02  0.2913527E-01  0.3636193E-04 -0.2909110E-03 -0.7453374E-06  0.8472987E-03  0.1309890E-05
  0.8139833333333E+02  0.2913648E-01  0.3627512E-04 -0.2909357E-03 -0.7411628E-06  0.8473420E-03  0.1299653E-05
  0.8143166666666E+02  0.2913769E-01  0.3618869E-04 -0.2909603E-03 -0.7370190E-06  0.8473850E-03  0.1289498E-05
  0.8146500000000E+02  0.2913889E-01  0.3610265E-04 -0.2909847E-03 -0.7329055E-06  0.8474276E-03  0.1279426E-05
  0.8149833333333E+02  0.2914009E-01  0.3601699E-04 -0.2910090E-03 -0.7288222E-06  0.8474699E-03  0.1269436E-05
  0.8153166666666E+02  0.2914129E-01  0.3593170E-04 -0.2910332E-03 -0.7247689E-06  0.8475119E-03  0.1259526E-05
  0.8156500000000E+02  0.2914248E-01  0.3584679E-04 -0.2910572E-03 -0.7207451E-06  0.8475536E-03  0.1249696E-05
  0.8159833333333E+02  0.2914368E-01  0.3576225E-04 -0.2910811E-03 -0.7167507E-06  0.8475949E-03  0.1239946E-05
  0.8163166666666E+02  0.2914486E-01  0.3567808E-04 -0.2911049E-03 -0.7127855E-06  0.8476359E-03  0.1230273E-05
  0.8166500000000E+02  0.2914605E-01  0.3559428E-04 -0.2911285E-03 -0.7088492E-06  0.8476766E-03  0.1220678E-05
  0.8169833333333E+02  0.2914723E-01  0.3551084E-04 -0.2911520E-03 -0.7049415E-06  0.8477170E-03  0.1211160E-05
  0.8173166666666E+02  0.2914842E-01  0.3542777E-04 -0.2911753E-03 -0.7010621E-06  0.8477570E-03  0.1201717E-05
  0.8176500000000E+02  0.2914959E-01  0.3534505E-04 -0.2911986E-03 -0.6972109E-06  0.8477968E-03  0.1192350E-05
  0.8179833333333E+02  0.2915077E-01  0.3526270E-04 -0.2912217E-03 -0.6933876E-06  0.8478362E-03  0.1183057E-05
  0.8183166666666E+02  0.2915194E-01  0.3518070E-04 -0.2912447E-03 -0.6895920E-06  0.8478753E-03  0.1173838E-05
  0.8186500000000E+02  0.2915311E-01  0.3509905E-04 -0.2912675E-03 -0.6858238E-06  0.8479142E-03  0.1164691E-05
  0.8189833333333E+02  0.2915428E-01  0.3501775E-04 -0.2912903E-03 -0.6820827E-06  0.8479527E-03  0.1155617E-05
  0.8193166666666E+02  0.2915544E-01  0.3493681E-04 -0.2913129E-03 -0.6783686E-06  0.8479909E-03  0.1146614E-05
  0.8196500000000E+02  0.2915661E-01  0.3485621E-04 -0.2913354E-03 -0.6746812E-06  0.8480288E-03  0.1137681E-05
  0.8199833333333E+02  0.2915777E-01  0.3477595E-04 -0.2913578E-03 -0.6710203E-06  0.8480665E-03  0.1128819E-05
  0.8203166666666E+02  0.2915892E-01  0.3469604E-04 -0.2913800E-03 -0.6673857E-06  0.8481038E-03  0.1120026E-05
  0.8206500000000E+02  0.2916008E-01  0.3461647E-04 -0.2914021E-03 -0.6637771E-06  0.8481408E-03  0.1111301E-05
  0.8209833333333E+02  0.2916123E-01  0.3453723E-04 -0.2914241E-03 -0.6601943E-06  0.8481776E-03  0.1102645E-05
  0.8213166666666E+02  0.2916238E-01  0.3445834E-04 -0.2914460E-03 -0.6566371E-06  0.8482141E-03  0.1094055E-05
  0.8216500000000E+02  0.2916352E-01  0.3437977E-04 -0.2914678E-03 -0.6531053E-06  0.8482502E-03  0.1085532E-05
  0.8219833333333E+02  0.2916466E-01  0.3430154E-04 -0.2914894E-03 -0.6495986E-06  0.8482862E-03  0.1077075E-05
  0.8223166666666E+02  0.2916581E-01  0.3422364E-04 -0.2915110E-03 -0.6461169E-06  0.8483218E-03  0.1068683E-05
  0.8226500000000E+02  0.2916694E-01  0.3414606E-04 -0.2915324E-03 -0.6426599E-06  0.8483571E-03  0.1060355E-05
  0.8229833333333E+02  0.2916808E-01  0.3406881E-04 -0.2915537E-03 -0.6392274E-06  0.8483922E-03  0.1052091E-05
  0.8233166666666E+02  0.2916921E-01  0.3399189E-04 -0.2915749E-03 -0.6358193E-06  0.8484270E-03  0.1043890E-05
  0.8236500000000E+02  0.2917034E-01  0.3391528E-04 -0.2915960E-03 -0.6324352E-06  0.8484615E-03  0.1035752E-05
  0.8239833333333E+02  0.2917147E-01  0.3383900E-04 -0.2916170E-03 -0.6290750E-06  0.8484958E-03  0.1027676E-05
  0.8243166666666E+02  0.2917260E-01  0.3376303E-04 -0.2916378E-03 -0.6257385E-06  0.8485298E-03  0.1019661E-05
  0.8246500000000E+02  0.2917372E-01  0.3368738E-04 -0.2916586E-03 -0.6224255E-06  0.8485635E-03  0.1011707E-05
  0.8249833333333E+02  0.2917484E-01  0.3361204E-04 -0.2916792E-03 -0.6191358E-06  0.8485969E-03  0.1003812E-05
  0.8253166666666E+02  0.2917596E-01  0.3353701E-04 -0.2916997E-03 -0.6158692E-06  0.8486301E-03  0.9959775E-06
  0.8256500000000E+02  0.2917707E-01  0.3346230E-04 -0.2917201E-03 -0.6126255E-06  0.8486631E-03  0.9882015E-06
  0.8259833333333E+02  0.2917819E-01  0.3338789E-04 -0.2917405E-03 -0.6094046E-06  0.8486958E-03  0.9804837E-06
  0.8263166666666E+02  0.2917930E-01  0.3331378E-04 -0.2917607E-03 -0.6062061E-06  0.8487282E-03  0.9728236E-06
  0.8266500000000E+02  0.2918040E-01  0.3323999E-04 -0.2917808E-03 -0.6030299E-06  0.8487604E-03  0.9652206E-06
  0.8269833333333E+02  0.2918151E-01  0.3316649E-04 -0.2918008E-03 -0.5998759E-06  0.8487923E-03  0.9576741E-06
  0.8273166666666E+02  0.2918261E-01  0.3309329E-04 -0.2918207E-03 -0.5967439E-06  0.8488240E-03  0.9501835E-06
  0.8276500000000E+02  0.2918371E-01  0.3302039E-04 -0.2918404E-03 -0.5936336E-06  0.8488554E-03  0.9427483E-06
  0.8279833333333E+02  0.2918481E-01  0.3294779E-04 -0.2918601E-03 -0.5905449E-06  0.8488866E-03  0.9353680E-06
  0.8283166666666E+02  0.2918591E-01  0.3287549E-04 -0.2918797E-03 -0.5874776E-06  0.8489175E-03  0.9280419E-06
  0.8286500000000E+02  0.2918700E-01  0.3280347E-04 -0.2918992E-03 -0.5844315E-06  0.8489482E-03  0.9207695E-06
  0.8289833333333E+02  0.2918809E-01  0.3273175E-04 -0.2919186E-03 -0.5814064E-06  0.8489786E-03  0.9135503E-06
  0.8293166666666E+02  0.2918918E-01  0.3266032E-04 -0.2919379E-03 -0.5784023E-06  0.8490089E-03  0.9063839E-06
  0.8296500000000E+02  0.2919027E-01  0.3258917E-04 -0.2919570E-03 -0.5754188E-06  0.8490388E-03  0.8992695E-06
  0.8299833333333E+02  0.2919135E-01  0.3251832E-04 -0.2919761E-03 -0.5724559E-06  0.8490686E-03  0.8922068E-06
  0.8303166666666E+02  0.2919243E-01  0.3244774E-04 -0.2919951E-03 -0.5695133E-06  0.8490981E-03  0.8851952E-06
  0.8306500000000E+02  0.2919351E-01  0.3237745E-04 -0.2920140E-03 -0.5665909E-06  0.8491274E-03  0.8782341E-06
  0.8309833333333E+02  0.2919459E-01  0.3230744E-04 -0.2920328E-03 -0.5636885E-06  0.8491564E-03  0.8713232E-06
  0.8313166666666E+02  0.2919566E-01  0.3223771E-04 -0.2920515E-03 -0.5608059E-06  0.8491852E-03  0.8644619E-06
  0.8316500000000E+02  0.2919674E-01  0.3216825E-04 -0.2920701E-03 -0.5579431E-06  0.8492138E-03  0.8576498E-06
  0.8319833333333E+02  0.2919781E-01  0.3209907E-04 -0.2920886E-03 -0.5550997E-06  0.8492422E-03  0.8508862E-06
  0.8323166666666E+02  0.2919887E-01  0.3203017E-04 -0.2921070E-03 -0.5522758E-06  0.8492703E-03  0.8441708E-06
  0.8326500000000E+02  0.2919994E-01  0.3196153E-04 -0.2921253E-03 -0.5494710E-06  0.8492982E-03  0.8375031E-06
  0.8329833333333E+02  0.2920100E-01  0.3189317E-04 -0.2921435E-03 -0.5466853E-06  0.8493259E-03  0.8308826E-06
  0.8333166666666E+02  0.2920206E-01  0.3182508E-04 -0.2921616E-03 -0.5439184E-06  0.8493534E-03  0.8243089E-06
  0.8336500000000E+02  0.2920312E-01  0.3175726E-04 -0.2921797E-03 -0.5411703E-06  0.8493806E-03  0.8177814E-06
  0.8339833333333E+02  0.2920418E-01  0.3168970E-04 -0.2921976E-03 -0.5384407E-06  0.8494077E-03  0.8112998E-06
  0.8343166666666E+02  0.2920523E-01  0.3162240E-04 -0.2922155E-03 -0.5357296E-06  0.8494345E-03  0.8048636E-06
  0.8346500000000E+02  0.2920628E-01  0.3155537E-04 -0.2922333E-03 -0.5330368E-06  0.8494611E-03  0.7984723E-06
  0.8349833333333E+02  0.2920733E-01  0.3148860E-04 -0.2922509E-03 -0.5303620E-06  0.8494875E-03  0.7921256E-06
  0.8353166666666E+02  0.2920838E-01  0.3142209E-04 -0.2922685E-03 -0.5277053E-06  0.8495137E-03  0.7858229E-06
  0.8356500000000E+02  0.2920943E-01  0.3135584E-04 -0.2922860E-03 -0.5250663E-06  0.8495397E-03  0.7795639E-06
  0.8359833333333E+02  0.2921047E-01  0.3128985E-04 -0.2923034E-03 -0.5224451E-06  0.8495655E-03  0.7733481E-06
  0.8363166666666E+02  0.2921151E-01  0.3122411E-04 -0.2923208E-03 -0.5198414E-06  0.8495911E-03  0.7671752E-06
  0.8366500000000E+02  0.2921255E-01  0.3115862E-04 -0.2923380E-03 -0.5172551E-06  0.8496164E-03  0.7610447E-06
  0.8369833333333E+02  0.2921358E-01  0.3109339E-04 -0.2923552E-03 -0.5146860E-06  0.8496416E-03  0.7549561E-06
  0.8373166666666E+02  0.2921462E-01  0.3102840E-04 -0.2923722E-03 -0.5121341E-06  0.8496666E-03  0.7489092E-06
  0.8376500000000E+02  0.2921565E-01  0.3096367E-04 -0.2923892E-03 -0.5095991E-06  0.8496913E-03  0.7429035E-06
  0.8379833333333E+02  0.2921668E-01  0.3089918E-04 -0.2924061E-03 -0.5070809E-06  0.8497159E-03  0.7369386E-06
  0.8383166666666E+02  0.2921771E-01  0.3083494E-04 -0.2924230E-03 -0.5045795E-06  0.8497403E-03  0.7310141E-06
  0.8386500000000E+02  0.2921873E-01  0.3077095E-04 -0.2924397E-03 -0.5020946E-06  0.8497644E-03  0.7251297E-06
  0.8389833333333E+02  0.2921976E-01  0.3070720E-04 -0.2924563E-03 -0.4996262E-06  0.8497884E-03  0.7192849E-06
  0.8393166666666E+02  0.2922078E-01  0.3064369E-04 -0.2924729E-03 -0.4971740E-06  0.8498122E-03  0.7134794E-06
  0.8396500000000E+02  0.2922180E-01  0.3058042E-04 -0.2924894E-03 -0.4947381E-06  0.8498358E-03  0.7077128E-06
  0.8399833333333E+02  0.2922282E-01  0.3051739E-04 -0.2925058E-03 -0.4923181E-06  0.8498592E-03  0.7019847E-06
  0.8403166666666E+02  0.2922383E-01  0.3045460E-04 -0.2925221E-03 -0.4899141E-06  0.8498824E-03  0.6962949E-06
  0.8406500000000E+02  0.2922484E-01  0.3039205E-04 -0.2925384E-03 -0.4875259E-06  0.8499054E-03  0.6906429E-06
  0.8409833333333E+02  0.2922586E-01  0.3032973E-04 -0.2925546E-03 -0.4851533E-06  0.8499282E-03  0.6850283E-06
  0.8413166666666E+02  0.2922686E-01  0.3026764E-04 -0.2925707E-03 -0.4827963E-06  0.8499509E-03  0.6794509E-06
  0.8416500000000E+02  0.2922787E-01  0.3020579E-04 -0.2925867E-03 -0.4804546E-06  0.8499734E-03  0.6739103E-06
  0.8419833333333E+02  0.2922888E-01  0.3014417E-04 -0.2926026E-03 -0.4781283E-06  0.8499956E-03  0.6684061E-06
  0.8423166666666E+02  0.2922988E-01  0.3008278E-04 -0.2926185E-03 -0.4758171E-06  0.8500177E-03  0.6629381E-06
  0.8426500000000E+02  0.2923088E-01  0.3002162E-04 -0.2926343E-03 -0.4735209E-06  0.8500397E-03  0.6575058E-06
  0.8429833333333E+02  0.2923188E-01  0.2996068E-04 -0.2926500E-03 -0.4712397E-06  0.8500614E-03  0.6521089E-06
  0.8433166666666E+02  0.2923287E-01  0.2989997E-04 -0.2926656E-03 -0.4689732E-06  0.8500830E-03  0.6467472E-06
  0.8436500000000E+02  0.2923387E-01  0.2983949E-04 -0.2926812E-03 -0.4667215E-06  0.8501043E-03  0.6414203E-06
  0.8439833333333E+02  0.2923486E-01  0.2977923E-04 -0.2926966E-03 -0.4644843E-06  0.8501255E-03  0.6361279E-06
  0.8443166666666E+02  0.2923585E-01  0.2971919E-04 -0.2927121E-03 -0.4622616E-06  0.8501466E-03  0.6308696E-06
  0.8446500000000E+02  0.2923684E-01  0.2965937E-04 -0.2927274E-03 -0.4600533E-06  0.8501674E-03  0.6256452E-06
  0.8449833333333E+02  0.2923783E-01  0.2959977E-04 -0.2927426E-03 -0.4578591E-06  0.8501881E-03  0.6204544E-06
  0.8453166666666E+02  0.2923881E-01  0.2954039E-04 -0.2927578E-03 -0.4556791E-06  0.8502086E-03  0.6152968E-06
  0.8456500000000E+02  0.2923980E-01  0.2948123E-04 -0.2927730E-03 -0.4535131E-06  0.8502290E-03  0.6101722E-06
  0.8459833333333E+02  0.2924078E-01  0.2942228E-04 -0.2927880E-03 -0.4513610E-06  0.8502491E-03  0.6050803E-06
  0.8463166666666E+02  0.2924175E-01  0.2936355E-04 -0.2928030E-03 -0.4492226E-06  0.8502691E-03  0.6000207E-06
  0.8466500000000E+02  0.2924273E-01  0.2930504E-04 -0.2928179E-03 -0.4470980E-06  0.8502890E-03  0.5949932E-06
  0.8469833333333E+02  0.2924371E-01  0.2924673E-04 -0.2928327E-03 -0.4449869E-06  0.8503086E-03  0.5899975E-06
  0.8473166666666E+02  0.2924468E-01  0.2918864E-04 -0.2928475E-03 -0.4428893E-06  0.8503281E-03  0.5850334E-06
  0.8476500000000E+02  0.2924565E-01  0.2913075E-04 -0.2928622E-03 -0.4408051E-06  0.8503475E-03  0.5801005E-06
  0.8479833333333E+02  0.2924662E-01  0.2907308E-04 -0.2928768E-03 -0.4387341E-06  0.8503666E-03  0.5751985E-06
  0.8483166666666E+02  0.2924759E-01  0.2901561E-04 -0.2928913E-03 -0.4366762E-06  0.8503856E-03  0.5703273E-06
  0.8486500000000E+02  0.2924855E-01  0.2895835E-04 -0.2929058E-03 -0.4346315E-06  0.8504045E-03  0.5654865E-06
  0.8489833333333E+02  0.2924952E-01  0.2890130E-04 -0.2929203E-03 -0.4325996E-06  0.8504232E-03  0.5606758E-06
  0.8493166666666E+02  0.2925048E-01  0.2884445E-04 -0.2929346E-03 -0.4305807E-06  0.8504417E-03  0.5558951E-06
  0.8496500000000E+02  0.2925144E-01  0.2878780E-04 -0.2929489E-03 -0.4285744E-06  0.8504601E-03  0.5511440E-06
  0.8499833333333E+02  0.2925239E-01  0.2873136E-04 -0.2929631E-03 -0.4265809E-06  0.8504783E-03  0.5464223E-06
  0.8503166666666E+02  0.2925335E-01  0.2867511E-04 -0.2929773E-03 -0.4245999E-06  0.8504964E-03  0.5417298E-06
  0.8506500000000E+02  0.2925430E-01  0.2861907E-04 -0.2929914E-03 -0.4226313E-06  0.8505143E-03  0.5370661E-06
  0.8509833333333E+02  0.2925526E-01  0.2856323E-04 -0.2930054E-03 -0.4206751E-06  0.8505320E-03  0.5324311E-06
  0.8513166666666E+02  0.2925621E-01  0.2850758E-04 -0.2930193E-03 -0.4187312E-06  0.8505496E-03  0.5278246E-06
  0.8516500000000E+02  0.2925716E-01  0.2845213E-04 -0.2930332E-03 -0.4167995E-06  0.8505670E-03  0.5232461E-06
  0.8519833333333E+02  0.2925810E-01  0.2839688E-04 -0.2930471E-03 -0.4148798E-06  0.8505843E-03  0.5186957E-06
  0.8523166666666E+02  0.2925905E-01  0.2834182E-04 -0.2930608E-03 -0.4129721E-06  0.8506015E-03  0.5141729E-06
  0.8526500000000E+02  0.2925999E-01  0.2828695E-04 -0.2930745E-03 -0.4110764E-06  0.8506185E-03  0.5096775E-06
  0.8529833333333E+02  0.2926093E-01  0.2823228E-04 -0.2930882E-03 -0.4091924E-06  0.8506353E-03  0.5052095E-06
  0.8533166666666E+02  0.2926187E-01  0.2817780E-04 -0.2931017E-03 -0.4073202E-06  0.8506520E-03  0.5007684E-06
  0.8536500000000E+02  0.2926281E-01  0.2812351E-04 -0.2931153E-03 -0.4054596E-06  0.8506685E-03  0.4963541E-06
  0.8539833333333E+02  0.2926374E-01  0.2806941E-04 -0.2931287E-03 -0.4036105E-06  0.8506849E-03  0.4919664E-06
  0.8543166666666E+02  0.2926468E-01  0.2801550E-04 -0.2931421E-03 -0.4017729E-06  0.8507012E-03  0.4876051E-06
  0.8546500000000E+02  0.2926561E-01  0.2796177E-04 -0.2931554E-03 -0.3999466E-06  0.8507173E-03  0.4832698E-06
  0.8549833333333E+02  0.2926654E-01  0.2790823E-04 -0.2931687E-03 -0.3981316E-06  0.8507333E-03  0.4789605E-06
  0.8553166666666E+02  0.2926747E-01  0.2785488E-04 -0.2931819E-03 -0.3963279E-06  0.8507491E-03  0.4746770E-06
  0.8556500000000E+02  0.2926839E-01  0.2780171E-04 -0.2931951E-03 -0.3945352E-06  0.8507648E-03  0.4704189E-06
  0.8559833333333E+02  0.2926932E-01  0.2774873E-04 -0.2932082E-03 -0.3927536E-06  0.8507803E-03  0.4661862E-06
  0.8563166666666E+02  0.2927024E-01  0.2769593E-04 -0.2932212E-03 -0.3909829E-06  0.8507957E-03  0.4619785E-06
  0.8566500000000E+02  0.2927116E-01  0.2764331E-04 -0.2932342E-03 -0.3892230E-06  0.8508110E-03  0.4577958E-06
  0.8569833333333E+02  0.2927208E-01  0.2759087E-04 -0.2932471E-03 -0.3874740E-06  0.8508261E-03  0.4536377E-06
  0.8573166666666E+02  0.2927300E-01  0.2753861E-04 -0.2932599E-03 -0.3857356E-06  0.8508411E-03  0.4495042E-06
  0.8576500000000E+02  0.2927392E-01  0.2748653E-04 -0.2932727E-03 -0.3840079E-06  0.8508559E-03  0.4453950E-06
  0.8579833333333E+02  0.2927483E-01  0.2743463E-04 -0.2932855E-03 -0.3822907E-06  0.8508706E-03  0.4413099E-06
  0.8583166666666E+02  0.2927574E-01  0.2738291E-04 -0.2932982E-03 -0.3805840E-06  0.8508852E-03  0.4372488E-06
  0.8586500000000E+02  0.2927666E-01  0.2733136E-04 -0.2933108E-03 -0.3788877E-06  0.8508996E-03  0.4332114E-06
  0.8589833333333E+02  0.2927757E-01  0.2727999E-04 -0.2933234E-03 -0.3772016E-06  0.8509139E-03  0.4291976E-06
  0.8593166666666E+02  0.2927847E-01  0.2722879E-04 -0.2933359E-03 -0.3755258E-06  0.8509281E-03  0.4252072E-06
  0.8596500000000E+02  0.2927938E-01  0.2717776E-04 -0.2933484E-03 -0.3738602E-06  0.8509422E-03  0.4212400E-06
  0.8599833333333E+02  0.2928028E-01  0.2712691E-04 -0.2933608E-03 -0.3722046E-06  0.8509561E-03  0.4172958E-06
  0.8603166666666E+02  0.2928119E-01  0.2707623E-04 -0.2933731E-03 -0.3705591E-06  0.8509699E-03  0.4133745E-06
  0.8606500000000E+02  0.2928209E-01  0.2702572E-04 -0.2933854E-03 -0.3689234E-06  0.8509835E-03  0.4094759E-06
  0.8609833333333E+02  0.2928299E-01  0.2697538E-04 -0.2933977E-03 -0.3672977E-06  0.8509970E-03  0.4055998E-06
  0.8613166666666E+02  0.2928388E-01  0.2692521E-04 -0.2934098E-03 -0.3656817E-06  0.8510104E-03  0.4017461E-06
  0.8616500000000E+02  0.2928478E-01  0.2687521E-04 -0.2934220E-03 -0.3640754E-06  0.8510237E-03  0.3979145E-06
  0.8619833333333E+02  0.2928567E-01  0.2682537E-04 -0.2934341E-03 -0.3624788E-06  0.8510368E-03  0.3941050E-06
  0.8623166666666E+02  0.2928657E-01  0.2677570E-04 -0.2934461E-03 -0.3608918E-06  0.8510498E-03  0.3903173E-06
  0.8626500000000E+02  0.2928746E-01  0.2672620E-04 -0.2934581E-03 -0.3593142E-06  0.8510627E-03  0.3865513E-06
  0.8629833333333E+02  0.2928835E-01  0.2667686E-04 -0.2934700E-03 -0.3577461E-06  0.8510755E-03  0.3828068E-06
  0.8633166666666E+02  0.2928923E-01  0.2662769E-04 -0.2934819E-03 -0.3561873E-06  0.8510881E-03  0.3790838E-06
  0.8636500000000E+02  0.2929012E-01  0.2657868E-04 -0.2934937E-03 -0.3546379E-06  0.8511006E-03  0.3753819E-06
  0.8639833333333E+02  0.2929100E-01  0.2652983E-04 -0.2935055E-03 -0.3530977E-06  0.8511130E-03  0.3717012E-06
  0.8643166666666E+02  0.2929189E-01  0.2648114E-04 -0.2935172E-03 -0.3515666E-06  0.8511253E-03  0.3680413E-06
  0.8646500000000E+02  0.2929277E-01  0.2643262E-04 -0.2935288E-03 -0.3500446E-06  0.8511374E-03  0.3644022E-06
  0.8649833333333E+02  0.2929365E-01  0.2638426E-04 -0.2935405E-03 -0.3485317E-06  0.8511494E-03  0.3607838E-06
  0.8653166666666E+02  0.2929452E-01  0.2633605E-04 -0.2935520E-03 -0.3470277E-06  0.8511614E-03  0.3571858E-06
  0.8656500000000E+02  0.2929540E-01  0.2628800E-04 -0.2935635E-03 -0.3455326E-06  0.8511731E-03  0.3536081E-06
  0.8659833333333E+02  0.2929628E-01  0.2624011E-04 -0.2935750E-03 -0.3440464E-06  0.8511848E-03  0.3500507E-06
  0.8663166666666E+02  0.2929715E-01  0.2619238E-04 -0.2935864E-03 -0.3425689E-06  0.8511964E-03  0.3465133E-06
  0.8666500000000E+02  0.2929802E-01  0.2614480E-04 -0.2935978E-03 -0.3411001E-06  0.8512078E-03  0.3429958E-06
  0.8669833333333E+02  0.2929889E-01  0.2609738E-04 -0.2936091E-03 -0.3396400E-06  0.8512191E-03  0.3394980E-06
  0.8673166666666E+02  0.2929976E-01  0.2605012E-04 -0.2936204E-03 -0.3381885E-06  0.8512303E-03  0.3360199E-06
  0.8676500000000E+02  0.2930063E-01  0.2600301E-04 -0.2936316E-03 -0.3367455E-06  0.8512414E-03  0.3325614E-06
  0.8679833333333E+02  0.2930149E-01  0.2595605E-04 -0.2936428E-03 -0.3353109E-06  0.8512524E-03  0.3291221E-06
  0.8683166666666E+02  0.2930235E-01  0.2590924E-04 -0.2936539E-03 -0.3338848E-06  0.8512632E-03  0.3257022E-06
  0.8686500000000E+02  0.2930322E-01  0.2586259E-04 -0.2936650E-03 -0.3324669E-06  0.8512740E-03  0.3223013E-06
  0.8689833333333E+02  0.2930408E-01  0.2581608E-04 -0.2936760E-03 -0.3310574E-06  0.8512846E-03  0.3189194E-06
  0.8693166666666E+02  0.2930494E-01  0.2576973E-04 -0.2936870E-03 -0.3296561E-06  0.8512951E-03  0.3155563E-06
  0.8696500000000E+02  0.2930579E-01  0.2572353E-04 -0.2936980E-03 -0.3282630E-06  0.8513055E-03  0.3122120E-06
  0.8699833333333E+02  0.2930665E-01  0.2567747E-04 -0.2937089E-03 -0.3268779E-06  0.8513158E-03  0.3088863E-06
  0.8703166666666E+02  0.2930750E-01  0.2563156E-04 -0.2937197E-03 -0.3255009E-06  0.8513260E-03  0.3055791E-06
  0.8706500000000E+02  0.2930836E-01  0.2558581E-04 -0.2937305E-03 -0.3241319E-06  0.8513361E-03  0.3022902E-06
  0.8709833333333E+02  0.2930921E-01  0.2554019E-04 -0.2937413E-03 -0.3227709E-06  0.8513460E-03  0.2990196E-06
  0.8713166666666E+02  0.2931006E-01  0.2549473E-04 -0.2937520E-03 -0.3214177E-06  0.8513559E-03  0.2957671E-06
  0.8716500000000E+02  0.2931091E-01  0.2544941E-04 -0.2937627E-03 -0.3200723E-06  0.8513657E-03  0.2925326E-06
  0.8719833333333E+02  0.2931175E-01  0.2540423E-04 -0.2937733E-03 -0.3187348E-06  0.8513753E-03  0.2893160E-06
  0.8723166666666E+02  0.2931260E-01  0.2535920E-04 -0.2937839E-03 -0.3174049E-06  0.8513848E-03  0.2861171E-06
  0.8726500000000E+02  0.2931344E-01  0.2531431E-04 -0.2937944E-03 -0.3160827E-06  0.8513943E-03  0.2829359E-06
  0.8729833333333E+02  0.2931428E-01  0.2526956E-04 -0.2938049E-03 -0.3147681E-06  0.8514036E-03  0.2797723E-06
  0.8733166666666E+02  0.2931512E-01  0.2522496E-04 -0.2938154E-03 -0.3134610E-06  0.8514128E-03  0.2766261E-06
  0.8736500000000E+02  0.2931596E-01  0.2518049E-04 -0.2938258E-03 -0.3121615E-06  0.8514219E-03  0.2734972E-06
  0.8739833333333E+02  0.2931680E-01  0.2513617E-04 -0.2938361E-03 -0.3108694E-06  0.8514309E-03  0.2703856E-06
  0.8743166666666E+02  0.2931764E-01  0.2509199E-04 -0.2938464E-03 -0.3095847E-06  0.8514399E-03  0.2672910E-06
  0.8746500000000E+02  0.2931847E-01  0.2504795E-04 -0.2938567E-03 -0.3083073E-06  0.8514487E-03  0.2642135E-06
  0.8749833333333E+02  0.2931931E-01  0.2500404E-04 -0.2938669E-03 -0.3070373E-06  0.8514574E-03  0.2611529E-06
  0.8753166666666E+02  0.2932014E-01  0.2496028E-04 -0.2938771E-03 -0.3057745E-06  0.8514660E-03  0.2581091E-06
  0.8756500000000E+02  0.2932097E-01  0.2491665E-04 -0.2938873E-03 -0.3045188E-06  0.8514745E-03  0.2550819E-06
  0.8763166666666E+02  0.2932180E-01  0.1243658E-04 -0.2938974E-03 -0.1516352E-06  0.8514829E-03  0.1260357E-06
  0.8769833333333E+02  0.2932345E-01  0.2480661E-04 -0.2939175E-03 -0.3019649E-06  0.8514995E-03  0.2492985E-06
  0.8776500000000E+02  0.2932510E-01  0.2471876E-04 -0.2939375E-03 -0.3000590E-06  0.8515158E-03  0.2450842E-06
  0.8783166666666E+02  0.2932674E-01  0.2463292E-04 -0.2939574E-03 -0.2976226E-06  0.8515318E-03  0.2392157E-06
  0.8789833333333E+02  0.2932838E-01  0.2454761E-04 -0.2939771E-03 -0.2952137E-06  0.8515473E-03  0.2334113E-06
  0.8796500000000E+02  0.2933001E-01  0.2446283E-04 -0.2939966E-03 -0.2928319E-06  0.8515625E-03  0.2276701E-06
  0.8803166666666E+02  0.2933163E-01  0.2437858E-04 -0.2940159E-03 -0.2904768E-06  0.8515773E-03  0.2219916E-06
  0.8809833333333E+02  0.2933325E-01  0.2429485E-04 -0.2940352E-03 -0.2881481E-06  0.8515917E-03  0.2163749E-06
  0.8816500000000E+02  0.2933487E-01  0.2421164E-04 -0.2940542E-03 -0.2858454E-06  0.8516058E-03  0.2108194E-06
  0.8823166666666E+02  0.2933648E-01  0.2412893E-04 -0.2940731E-03 -0.2835684E-06  0.8516195E-03  0.2053243E-06
  0.8829833333333E+02  0.2933808E-01  0.2404673E-04 -0.2940919E-03 -0.2813167E-06  0.8516328E-03  0.1998891E-06
  0.8836500000000E+02  0.2933968E-01  0.2396504E-04 -0.2941105E-03 -0.2790900E-06  0.8516458E-03  0.1945129E-06
  0.8843166666666E+02  0.2934127E-01  0.2388384E-04 -0.2941289E-03 -0.2768879E-06  0.8516584E-03  0.1891952E-06
  0.8849833333333E+02  0.2934286E-01  0.2380314E-04 -0.2941472E-03 -0.2747102E-06  0.8516707E-03  0.1839353E-06
  0.8856500000000E+02  0.2934444E-01  0.2372292E-04 -0.2941654E-03 -0.2725565E-06  0.8516826E-03  0.1787327E-06
  0.8863166666666E+02  0.2934601E-01  0.2364319E-04 -0.2941834E-03 -0.2704264E-06  0.8516941E-03  0.1735866E-06
  0.8869833333333E+02  0.2934759E-01  0.2356394E-04 -0.2942013E-03 -0.2683198E-06  0.8517054E-03  0.1684965E-06
  0.8876500000000E+02  0.2934915E-01  0.2348517E-04 -0.2942191E-03 -0.2662362E-06  0.8517163E-03  0.1634618E-06
  0.8883166666666E+02  0.2935071E-01  0.2340687E-04 -0.2942367E-03 -0.2641754E-06  0.8517268E-03  0.1584819E-06
  0.8889833333333E+02  0.2935227E-01  0.2332904E-04 -0.2942542E-03 -0.2621370E-06  0.8517371E-03  0.1535563E-06
  0.8896500000000E+02  0.2935382E-01  0.2325167E-04 -0.2942715E-03 -0.2601209E-06  0.8517470E-03  0.1486844E-06
  0.8903166666666E+02  0.2935536E-01  0.2317477E-04 -0.2942887E-03 -0.2581266E-06  0.8517566E-03  0.1438656E-06
  0.8909833333333E+02  0.2935690E-01  0.2309832E-04 -0.2943058E-03 -0.2561539E-06  0.8517659E-03  0.1390993E-06
  0.8916500000000E+02  0.2935844E-01  0.2302232E-04 -0.2943227E-03 -0.2542026E-06  0.8517748E-03  0.1343852E-06
  0.8923166666666E+02  0.2935997E-01  0.2294677E-04 -0.2943396E-03 -0.2522723E-06  0.8517835E-03  0.1297226E-06
  0.8929833333333E+02  0.2936149E-01  0.2287167E-04 -0.2943563E-03 -0.2503628E-06  0.8517918E-03  0.1251111E-06
  0.8936500000000E+02  0.2936301E-01  0.2279700E-04 -0.2943728E-03 -0.2484738E-06  0.8517998E-03  0.1205501E-06
  0.8943166666666E+02  0.2936453E-01  0.2272278E-04 -0.2943893E-03 -0.2466051E-06  0.8518076E-03  0.1160391E-06
  0.8949833333333E+02  0.2936604E-01  0.2264899E-04 -0.2944056E-03 -0.2447564E-06  0.8518150E-03  0.1115777E-06
  0.8956500000000E+02  0.2936754E-01  0.2257563E-04 -0.2944218E-03 -0.2429275E-06  0.8518222E-03  0.1071653E-06
  0.8963166666666E+02  0.2936904E-01  0.2250269E-04 -0.2944378E-03 -0.2411180E-06  0.8518290E-03  0.1028016E-06
  0.8969833333333E+02  0.2937054E-01  0.2243018E-04 -0.2944538E-03 -0.2393278E-06  0.8518356E-03  0.9848601E-07
  0.8976500000000E+02  0.2937203E-01  0.2235809E-04 -0.2944696E-03 -0.2375566E-06  0.8518419E-03  0.9421812E-07
  0.8983166666666E+02  0.2937351E-01  0.2228642E-04 -0.2944854E-03 -0.2358042E-06  0.8518479E-03  0.8999746E-07
  0.8989833333333E+02  0.2937499E-01  0.2221516E-04 -0.2945010E-03 -0.2340704E-06  0.8518536E-03  0.8582359E-07
  0.8996500000000E+02  0.2937647E-01  0.2214431E-04 -0.2945165E-03 -0.2323548E-06  0.8518590E-03  0.8169610E-07
  0.9003166666666E+02  0.2937794E-01  0.2207386E-04 -0.2945318E-03 -0.2306574E-06  0.8518642E-03  0.7761453E-07
  0.9009833333333E+02  0.2937941E-01  0.2200382E-04 -0.2945471E-03 -0.2289778E-06  0.8518691E-03  0.7357848E-07
  0.9016500000000E+02  0.2938087E-01  0.2193418E-04 -0.2945623E-03 -0.2273158E-06  0.8518737E-03  0.6958752E-07
  0.9023166666666E+02  0.2938233E-01  0.2186493E-04 -0.2945773E-03 -0.2256713E-06  0.8518781E-03  0.6564124E-07
  0.9029833333333E+02  0.2938378E-01  0.2179608E-04 -0.2945922E-03 -0.2240440E-06  0.8518822E-03  0.6173924E-07
  0.9036500000000E+02  0.2938523E-01  0.2172761E-04 -0.2946071E-03 -0.2224337E-06  0.8518861E-03  0.5788113E-07
  0.9043166666666E+02  0.2938667E-01  0.2165954E-04 -0.2946218E-03 -0.2208402E-06  0.8518897E-03  0.5406649E-07
  0.9049833333333E+02  0.2938811E-01  0.2159185E-04 -0.2946364E-03 -0.2192633E-06  0.8518931E-03  0.5029496E-07
  0.9056500000000E+02  0.2938955E-01  0.2152453E-04 -0.2946509E-03 -0.2177028E-06  0.8518962E-03  0.4656614E-07
  0.9063166666666E+02  0.2939098E-01  0.2145760E-04 -0.2946653E-03 -0.2161585E-06  0.8518990E-03  0.4287965E-07
  0.9069833333333E+02  0.2939241E-01  0.2139104E-04 -0.2946796E-03 -0.2146301E-06  0.8519016E-03  0.3923512E-07
  0.9076500000000E+02  0.2939383E-01  0.2132486E-04 -0.2946938E-03 -0.2131176E-06  0.8519040E-03  0.3563218E-07
  0.9083166666666E+02  0.2939524E-01  0.2125904E-04 -0.2947080E-03 -0.2116207E-06  0.8519061E-03  0.3207047E-07
  0.9089833333333E+02  0.2939666E-01  0.2119359E-04 -0.2947220E-03 -0.2101393E-06  0.8519081E-03  0.2854963E-07
  0.9096500000000E+02  0.2939807E-01  0.2112850E-04 -0.2947359E-03 -0.2086731E-06  0.8519097E-03  0.2506929E-07
  0.9103166666666E+02  0.2939947E-01  0.2106377E-04 -0.2947497E-03 -0.2072219E-06  0.8519112E-03  0.2162911E-07
  0.9109833333333E+02  0.2940087E-01  0.2099940E-04 -0.2947634E-03 -0.2057857E-06  0.8519124E-03  0.1822873E-07
  0.9116500000000E+02  0.2940227E-01  0.2093538E-04 -0.2947770E-03 -0.2043641E-06  0.8519134E-03  0.1486783E-07
  0.9123166666666E+02  0.2940366E-01  0.2087172E-04 -0.2947906E-03 -0.2029571E-06  0.8519141E-03  0.1154604E-07
  0.9129833333333E+02  0.2940504E-01  0.2080840E-04 -0.2948040E-03 -0.2015645E-06  0.8519147E-03  0.8263049E-08
  0.9136500000000E+02  0.2940643E-01  0.2074543E-04 -0.2948173E-03 -0.2001861E-06  0.8519150E-03  0.5018509E-08
  0.9143166666666E+02  0.2940781E-01  0.2068281E-04 -0.2948306E-03 -0.1988217E-06  0.8519151E-03  0.1812094E-08
  0.9149833333333E+02  0.2940918E-01  0.2062052E-04 -0.2948438E-03 -0.1974711E-06  0.8519151E-03 -0.1356521E-08
  0.9156500000000E+02  0.2941055E-01  0.2055858E-04 -0.2948568E-03 -0.1961343E-06  0.8519148E-03 -0.4487659E-08
  0.9163166666666E+02  0.2941192E-01  0.2049697E-04 -0.2948698E-03 -0.1948111E-06  0.8519143E-03 -0.7581640E-08
  0.9169833333333E+02  0.2941328E-01  0.2043569E-04 -0.2948827E-03 -0.1935012E-06  0.8519135E-03 -0.1063878E-07
  0.9176500000000E+02  0.2941464E-01  0.2037475E-04 -0.2948955E-03 -0.1922046E-06  0.8519126E-03 -0.1365939E-07
  0.9183166666666E+02  0.2941599E-01  0.2031413E-04 -0.2949083E-03 -0.1909211E-06  0.8519115E-03 -0.1664378E-07
  0.9189833333333E+02  0.2941734E-01  0.2025384E-04 -0.2949209E-03 -0.1896505E-06  0.8519102E-03 -0.1959226E-07
  0.9196500000000E+02  0.2941869E-01  0.2019387E-04 -0.2949335E-03 -0.1883927E-06  0.8519087E-03 -0.2250514E-07
  0.9203166666666E+02  0.2942003E-01  0.2013423E-04 -0.2949459E-03 -0.1871476E-06  0.8519070E-03 -0.2538271E-07
  0.9209833333333E+02  0.2942137E-01  0.2007490E-04 -0.2949583E-03 -0.1859149E-06  0.8519051E-03 -0.2822527E-07
  0.9216500000000E+02  0.2942270E-01  0.2001589E-04 -0.2949707E-03 -0.1846946E-06  0.8519031E-03 -0.3103312E-07
  0.9223166666666E+02  0.2942404E-01  0.1995719E-04 -0.2949829E-03 -0.1834865E-06  0.8519008E-03 -0.3380656E-07
  0.9229833333333E+02  0.2942536E-01  0.1989880E-04 -0.2949950E-03 -0.1822906E-06  0.8518984E-03 -0.3654587E-07
  0.9236500000000E+02  0.2942668E-01  0.1984072E-04 -0.2950071E-03 -0.1811065E-06  0.8518958E-03 -0.3925134E-07
  0.9243166666666E+02  0.2942800E-01  0.1978295E-04 -0.2950191E-03 -0.1799343E-06  0.8518930E-03 -0.4192325E-07
  0.9249833333333E+02  0.2942932E-01  0.1972548E-04 -0.2950310E-03 -0.1787737E-06  0.8518900E-03 -0.4456190E-07
  0.9256500000000E+02  0.2943063E-01  0.1966832E-04 -0.2950429E-03 -0.1776247E-06  0.8518869E-03 -0.4716756E-07
  0.9263166666666E+02  0.2943194E-01  0.1961145E-04 -0.2950546E-03 -0.1764872E-06  0.8518835E-03 -0.4974052E-07
  0.9269833333333E+02  0.2943324E-01  0.1955488E-04 -0.2950663E-03 -0.1753609E-06  0.8518801E-03 -0.5228104E-07
  0.9276500000000E+02  0.2943454E-01  0.1949861E-04 -0.2950779E-03 -0.1742457E-06  0.8518764E-03 -0.5478940E-07
  0.9283166666666E+02  0.2943584E-01  0.1944263E-04 -0.2950895E-03 -0.1731416E-06  0.8518726E-03 -0.5726587E-07
  0.9289833333333E+02  0.2943713E-01  0.1938694E-04 -0.2951010E-03 -0.1720485E-06  0.8518686E-03 -0.5971074E-07
  0.9296500000000E+02  0.2943842E-01  0.1933154E-04 -0.2951124E-03 -0.1709661E-06  0.8518645E-03 -0.6212425E-07
  0.9303166666666E+02  0.2943970E-01  0.1927643E-04 -0.2951237E-03 -0.1698944E-06  0.8518602E-03 -0.6450668E-07
  0.9309833333333E+02  0.2944098E-01  0.1922160E-04 -0.2951349E-03 -0.1688333E-06  0.8518557E-03 -0.6685829E-07
  0.9316500000000E+02  0.2944226E-01  0.1916706E-04 -0.2951461E-03 -0.1677826E-06  0.8518511E-03 -0.6917935E-07
  0.9323166666666E+02  0.2944354E-01  0.1911279E-04 -0.2951572E-03 -0.1667423E-06  0.8518463E-03 -0.7147011E-07
  0.9329833333333E+02  0.2944481E-01  0.1905880E-04 -0.2951683E-03 -0.1657122E-06  0.8518414E-03 -0.7373084E-07
  0.9336500000000E+02  0.2944607E-01  0.1900509E-04 -0.2951793E-03 -0.1646922E-06  0.8518363E-03 -0.7596178E-07
  0.9343166666666E+02  0.2944734E-01  0.1895166E-04 -0.2951902E-03 -0.1636821E-06  0.8518311E-03 -0.7816320E-07
  0.9349833333333E+02  0.2944860E-01  0.1889850E-04 -0.2952010E-03 -0.1626820E-06  0.8518258E-03 -0.8033534E-07
  0.9356500000000E+02  0.2944985E-01  0.1884560E-04 -0.2952118E-03 -0.1616917E-06  0.8518203E-03 -0.8247846E-07
  0.9363166666666E+02  0.2945111E-01  0.1879298E-04 -0.2952225E-03 -0.1607110E-06  0.8518146E-03 -0.8459280E-07
  0.9369833333333E+02  0.2945236E-01  0.1874062E-04 -0.2952332E-03 -0.1597399E-06  0.8518089E-03 -0.8667862E-07
  0.9376500000000E+02  0.2945360E-01  0.1868853E-04 -0.2952437E-03 -0.1587783E-06  0.8518029E-03 -0.8873616E-07
  0.9383166666666E+02  0.2945484E-01  0.1863670E-04 -0.2952543E-03 -0.1578260E-06  0.8517969E-03 -0.9076566E-07
  0.9389833333333E+02  0.2945608E-01  0.1858513E-04 -0.2952647E-03 -0.1568830E-06  0.8517907E-03 -0.9276736E-07
  0.9396500000000E+02  0.2945732E-01  0.1853381E-04 -0.2952751E-03 -0.1559492E-06  0.8517844E-03 -0.9474151E-07
  0.9403166666666E+02  0.2945855E-01  0.1848276E-04 -0.2952855E-03 -0.1550244E-06  0.8517780E-03 -0.9668835E-07
  0.9409833333333E+02  0.2945978E-01  0.1843196E-04 -0.2952957E-03 -0.1541087E-06  0.8517714E-03 -0.9860811E-07
  0.9416500000000E+02  0.2946101E-01  0.1838142E-04 -0.2953059E-03 -0.1532017E-06  0.8517647E-03 -0.1005010E-06
  0.9423166666666E+02  0.2946223E-01  0.1833112E-04 -0.2953161E-03 -0.1523036E-06  0.8517579E-03 -0.1023673E-06
  0.9429833333333E+02  0.2946345E-01  0.1828108E-04 -0.2953262E-03 -0.1514142E-06  0.8517509E-03 -0.1042073E-06
  0.9436500000000E+02  0.2946466E-01  0.1823128E-04 -0.2953362E-03 -0.1505333E-06  0.8517438E-03 -0.1060211E-06
  0.9443166666666E+02  0.2946587E-01  0.1818173E-04 -0.2953462E-03 -0.1496610E-06  0.8517367E-03 -0.1078089E-06
  0.9449833333333E+02  0.2946708E-01  0.1813243E-04 -0.2953561E-03 -0.1487971E-06  0.8517293E-03 -0.1095711E-06
  0.9456500000000E+02  0.2946829E-01  0.1808337E-04 -0.2953660E-03 -0.1479415E-06  0.8517219E-03 -0.1113079E-06
  0.9463166666666E+02  0.2946949E-01  0.1803454E-04 -0.2953758E-03 -0.1470941E-06  0.8517144E-03 -0.1130194E-06
  0.9469833333333E+02  0.2947069E-01  0.1798596E-04 -0.2953855E-03 -0.1462549E-06  0.8517067E-03 -0.1147059E-06
  0.9476500000000E+02  0.2947189E-01  0.1793762E-04 -0.2953952E-03 -0.1454238E-06  0.8516990E-03 -0.1163676E-06
  0.9483166666666E+02  0.2947308E-01  0.1788951E-04 -0.2954049E-03 -0.1446006E-06  0.8516911E-03 -0.1180047E-06
  0.9489833333333E+02  0.2947427E-01  0.1784164E-04 -0.2954145E-03 -0.1437854E-06  0.8516831E-03 -0.1196176E-06
  0.9496500000000E+02  0.2947545E-01  0.1779400E-04 -0.2954240E-03 -0.1429779E-06  0.8516751E-03 -0.1212062E-06
  0.9503166666666E+02  0.2947664E-01  0.1774659E-04 -0.2954335E-03 -0.1421782E-06  0.8516669E-03 -0.1227710E-06
  0.9509833333333E+02  0.2947782E-01  0.1769941E-04 -0.2954429E-03 -0.1413862E-06  0.8516586E-03 -0.1243121E-06
  0.9516500000000E+02  0.2947899E-01  0.1765245E-04 -0.2954523E-03 -0.1406017E-06  0.8516502E-03 -0.1258297E-06
  0.9523166666666E+02  0.2948017E-01  0.1760573E-04 -0.2954616E-03 -0.1398247E-06  0.8516417E-03 -0.1273240E-06
  0.9529833333333E+02  0.2948134E-01  0.1755923E-04 -0.2954709E-03 -0.1390551E-06  0.8516331E-03 -0.1287953E-06
  0.9536500000000E+02  0.2948251E-01  0.1751295E-04 -0.2954801E-03 -0.1382929E-06  0.8516244E-03 -0.1302437E-06
  0.9543166666666E+02  0.2948367E-01  0.1746689E-04 -0.2954893E-03 -0.1375379E-06  0.8516157E-03 -0.1316695E-06
  0.9549833333333E+02  0.2948483E-01  0.1742106E-04 -0.2954984E-03 -0.1367901E-06  0.8516068E-03 -0.1330729E-06
  0.9556500000000E+02  0.2948599E-01  0.1737544E-04 -0.2955074E-03 -0.1360495E-06  0.8515978E-03 -0.1344541E-06
  0.9563166666666E+02  0.2948714E-01  0.1733004E-04 -0.2955165E-03 -0.1353159E-06  0.8515888E-03 -0.1358132E-06
  0.9569833333333E+02  0.2948830E-01  0.1728486E-04 -0.2955254E-03 -0.1345892E-06  0.8515796E-03 -0.1371506E-06
  0.9576500000000E+02  0.2948945E-01  0.1723989E-04 -0.2955344E-03 -0.1338695E-06  0.8515704E-03 -0.1384663E-06
  0.9583166666666E+02  0.2949059E-01  0.1719513E-04 -0.2955432E-03 -0.1331565E-06  0.8515611E-03 -0.1397606E-06
  0.9589833333333E+02  0.2949174E-01  0.1715058E-04 -0.2955521E-03 -0.1324504E-06  0.8515517E-03 -0.1410337E-06
  0.9596500000000E+02  0.2949288E-01  0.1710625E-04 -0.2955609E-03 -0.1317509E-06  0.8515422E-03 -0.1422859E-06
  0.9603166666666E+02  0.2949401E-01  0.1706212E-04 -0.2955696E-03 -0.1310580E-06  0.8515326E-03 -0.1435172E-06
  0.9609833333333E+02  0.2949515E-01  0.1701820E-04 -0.2955783E-03 -0.1303717E-06  0.8515230E-03 -0.1447279E-06
  0.9616500000000E+02  0.2949628E-01  0.1697448E-04 -0.2955869E-03 -0.1296919E-06  0.8515133E-03 -0.1459181E-06
  0.9623166666666E+02  0.2949741E-01  0.1693097E-04 -0.2955955E-03 -0.1290184E-06  0.8515034E-03 -0.1470882E-06
  0.9629833333333E+02  0.2949853E-01  0.1688766E-04 -0.2956041E-03 -0.1283514E-06  0.8514936E-03 -0.1482382E-06
  0.9636500000000E+02  0.2949966E-01  0.1684456E-04 -0.2956126E-03 -0.1276906E-06  0.8514836E-03 -0.1493684E-06
  0.9643166666666E+02  0.2950078E-01  0.1680165E-04 -0.2956211E-03 -0.1270361E-06  0.8514736E-03 -0.1504790E-06
  0.9649833333333E+02  0.2950190E-01  0.1675895E-04 -0.2956295E-03 -0.1263877E-06  0.8514635E-03 -0.1515701E-06
  0.9656500000000E+02  0.2950301E-01  0.1671644E-04 -0.2956379E-03 -0.1257454E-06  0.8514533E-03 -0.1526419E-06
  0.9663166666666E+02  0.2950412E-01  0.1667412E-04 -0.2956462E-03 -0.1251091E-06  0.8514430E-03 -0.1536947E-06
  0.9669833333333E+02  0.2950523E-01  0.1663200E-04 -0.2956545E-03 -0.1244788E-06  0.8514327E-03 -0.1547285E-06
  0.9676500000000E+02  0.2950634E-01  0.1659008E-04 -0.2956628E-03 -0.1238545E-06  0.8514224E-03 -0.1557437E-06
  0.9683166666666E+02  0.2950744E-01  0.1654835E-04 -0.2956710E-03 -0.1232359E-06  0.8514119E-03 -0.1567403E-06
  0.9689833333333E+02  0.2950854E-01  0.1650681E-04 -0.2956792E-03 -0.1226232E-06  0.8514014E-03 -0.1577186E-06
  0.9696500000000E+02  0.2950964E-01  0.1646545E-04 -0.2956873E-03 -0.1220162E-06  0.8513908E-03 -0.1586788E-06
  0.9703166666666E+02  0.2951073E-01  0.1642429E-04 -0.2956954E-03 -0.1214149E-06  0.8513802E-03 -0.1596209E-06
  0.9709833333333E+02  0.2951182E-01  0.1638332E-04 -0.2957035E-03 -0.1208192E-06  0.8513695E-03 -0.1605453E-06
  0.9716500000000E+02  0.2951291E-01  0.1634253E-04 -0.2957115E-03 -0.1202291E-06  0.8513587E-03 -0.1614520E-06
  0.9723166666666E+02  0.2951400E-01  0.1630192E-04 -0.2957194E-03 -0.1196445E-06  0.8513479E-03 -0.1623413E-06
  0.9729833333333E+02  0.2951508E-01  0.1626150E-04 -0.2957274E-03 -0.1190653E-06  0.8513370E-03 -0.1632133E-06
  0.9736500000000E+02  0.2951617E-01  0.1622126E-04 -0.2957353E-03 -0.1184916E-06  0.8513261E-03 -0.1640682E-06
  0.9743166666666E+02  0.2951725E-01  0.1618121E-04 -0.2957431E-03 -0.1179231E-06  0.8513151E-03 -0.1649062E-06
  0.9749833333333E+02  0.2951832E-01  0.1614133E-04 -0.2957510E-03 -0.1173600E-06  0.8513040E-03 -0.1657275E-06
  0.9756500000000E+02  0.2951939E-01  0.1610163E-04 -0.2957588E-03 -0.1168021E-06  0.8512929E-03 -0.1665322E-06
  0.9763166666666E+02  0.2952047E-01  0.1606211E-04 -0.2957665E-03 -0.1162494E-06  0.8512818E-03 -0.1673204E-06
  0.9769833333333E+02  0.2952153E-01  0.1602277E-04 -0.2957742E-03 -0.1157018E-06  0.8512706E-03 -0.1680925E-06
  0.9776500000000E+02  0.2952260E-01  0.1598360E-04 -0.2957819E-03 -0.1151593E-06  0.8512593E-03 -0.1688485E-06
  0.9783166666666E+02  0.2952366E-01  0.1594461E-04 -0.2957895E-03 -0.1146218E-06  0.8512480E-03 -0.1695886E-06
  0.9789833333333E+02  0.2952472E-01  0.1590579E-04 -0.2957971E-03 -0.1140893E-06  0.8512366E-03 -0.1703129E-06
  0.9799833333333E+02  0.2952578E-01  0.1057809E-04 -0.2958047E-03 -0.7570785E-07  0.8512252E-03 -0.1140145E-06
  0.9809833333333E+02  0.2952736E-01  0.1581792E-04 -0.2958160E-03 -0.1129974E-06  0.8512081E-03 -0.1713767E-06
  0.9819833333333E+02  0.2952894E-01  0.1575942E-04 -0.2958272E-03 -0.1123137E-06  0.8511909E-03 -0.1718715E-06
  0.9829833333333E+02  0.2953051E-01  0.1570240E-04 -0.2958384E-03 -0.1115505E-06  0.8511736E-03 -0.1728453E-06
  0.9839833333333E+02  0.2953207E-01  0.1564575E-04 -0.2958495E-03 -0.1107978E-06  0.8511562E-03 -0.1737861E-06
  0.9849833333333E+02  0.2953363E-01  0.1558948E-04 -0.2958605E-03 -0.1100555E-06  0.8511388E-03 -0.1746942E-06
  0.9859833333333E+02  0.2953519E-01  0.1553357E-04 -0.2958714E-03 -0.1093234E-06  0.8511212E-03 -0.1755704E-06
  0.9869833333333E+02  0.2953673E-01  0.1547803E-04 -0.2958823E-03 -0.1086014E-06  0.8511036E-03 -0.1764150E-06
  0.9879833333333E+02  0.2953828E-01  0.1542286E-04 -0.2958931E-03 -0.1078893E-06  0.8510859E-03 -0.1772287E-06
  0.9889833333333E+02  0.2953981E-01  0.1536804E-04 -0.2959038E-03 -0.1071870E-06  0.8510681E-03 -0.1780119E-06
  0.9899833333333E+02  0.2954134E-01  0.1531358E-04 -0.2959144E-03 -0.1064943E-06  0.8510502E-03 -0.1787651E-06
  0.9909833333333E+02  0.2954287E-01  0.1525947E-04 -0.2959250E-03 -0.1058111E-06  0.8510322E-03 -0.1794889E-06
  0.9919833333333E+02  0.2954439E-01  0.1520571E-04 -0.2959355E-03 -0.1051373E-06  0.8510142E-03 -0.1801837E-06
  0.9929833333333E+02  0.2954591E-01  0.1515230E-04 -0.2959460E-03 -0.1044726E-06  0.8509961E-03 -0.1808500E-06
  0.9939833333333E+02  0.2954742E-01  0.1509923E-04 -0.2959564E-03 -0.1038171E-06  0.8509780E-03 -0.1814884E-06
  0.9949833333333E+02  0.2954892E-01  0.1504650E-04 -0.2959667E-03 -0.1031704E-06  0.8509598E-03 -0.1820993E-06
  0.9959833333333E+02  0.2955042E-01  0.1499410E-04 -0.2959769E-03 -0.1025326E-06  0.8509415E-03 -0.1826832E-06
  0.9969833333333E+02  0.2955191E-01  0.1494204E-04 -0.2959871E-03 -0.1019034E-06  0.8509232E-03 -0.1832405E-06
  0.9979833333333E+02  0.2955340E-01  0.1489031E-04 -0.2959972E-03 -0.1012828E-06  0.8509048E-03 -0.1837718E-06
  0.9989833333333E+02  0.2955489E-01  0.1483890E-04 -0.2960073E-03 -0.1006706E-06  0.8508864E-03 -0.1842774E-06
  0.9999833333333E+02  0.2955637E-01  0.1478783E-04 -0.2960173E-03 -0.1000666E-06  0.8508679E-03 -0.1847579E-06
  0.1000983333333E+03  0.2955784E-01  0.1473707E-04 -0.2960273E-03 -0.9947086E-07  0.8508494E-03 -0.1852137E-06
  0.1001983333333E+03  0.2955931E-01  0.1468663E-04 -0.2960372E-03 -0.9888312E-07  0.8508308E-03 -0.1856453E-06
  0.1002983333333E+03  0.2956077E-01  0.1463651E-04 -0.2960470E-03 -0.9830330E-07  0.8508122E-03 -0.1860531E-06
  0.1003983333333E+03  0.2956223E-01  0.1458670E-04 -0.2960568E-03 -0.9773127E-07  0.8507936E-03 -0.1864374E-06
  0.1004983333333E+03  0.2956368E-01  0.1453720E-04 -0.2960665E-03 -0.9716693E-07  0.8507749E-03 -0.1867989E-06
  0.1005983333333E+03  0.2956513E-01  0.1448801E-04 -0.2960761E-03 -0.9661016E-07  0.8507562E-03 -0.1871378E-06
  0.1006983333333E+03  0.2956658E-01  0.1443912E-04 -0.2960857E-03 -0.9606084E-07  0.8507374E-03 -0.1874547E-06
  0.1007983333333E+03  0.2956802E-01  0.1439054E-04 -0.2960953E-03 -0.9551886E-07  0.8507186E-03 -0.1877499E-06
  0.1008983333333E+03  0.2956945E-01  0.1434226E-04 -0.2961048E-03 -0.9498411E-07  0.8506998E-03 -0.1880238E-06
  0.1009983333333E+03  0.2957088E-01  0.1429427E-04 -0.2961142E-03 -0.9445650E-07  0.8506810E-03 -0.1882769E-06
  0.1010983333333E+03  0.2957230E-01  0.1424658E-04 -0.2961236E-03 -0.9393589E-07  0.8506622E-03 -0.1885096E-06
  0.1011983333333E+03  0.2957372E-01  0.1419918E-04 -0.2961330E-03 -0.9342221E-07  0.8506433E-03 -0.1887222E-06
  0.1012983333333E+03  0.2957514E-01  0.1415207E-04 -0.2961423E-03 -0.9291533E-07  0.8506244E-03 -0.1889152E-06
  0.1013983333333E+03  0.2957655E-01  0.1410524E-04 -0.2961515E-03 -0.9241516E-07  0.8506055E-03 -0.1890889E-06
  0.1014983333333E+03  0.2957796E-01  0.1405870E-04 -0.2961607E-03 -0.9192159E-07  0.8505866E-03 -0.1892437E-06
  0.1015983333333E+03  0.2957936E-01  0.1401245E-04 -0.2961698E-03 -0.9143454E-07  0.8505676E-03 -0.1893801E-06
  0.1016983333333E+03  0.2958075E-01  0.1396647E-04 -0.2961789E-03 -0.9095389E-07  0.8505487E-03 -0.1894984E-06
  0.1017983333333E+03  0.2958215E-01  0.1392077E-04 -0.2961880E-03 -0.9047956E-07  0.8505297E-03 -0.1895989E-06
  0.1018983333333E+03  0.2958353E-01  0.1387534E-04 -0.2961970E-03 -0.9001145E-07  0.8505108E-03 -0.1896820E-06
  0.1019983333333E+03  0.2958492E-01  0.1383019E-04 -0.2962059E-03 -0.8954946E-07  0.8504918E-03 -0.1897481E-06
  0.1020983333333E+03  0.2958629E-01  0.1378531E-04 -0.2962149E-03 -0.8909350E-07  0.8504728E-03 -0.1897976E-06
  0.1021983333333E+03  0.2958767E-01  0.1374069E-04 -0.2962237E-03 -0.8864349E-07  0.8504538E-03 -0.1898308E-06
  0.1022983333333E+03  0.2958904E-01  0.1369635E-04 -0.2962325E-03 -0.8819934E-07  0.8504348E-03 -0.1898480E-06
  0.1023983333333E+03  0.2959040E-01  0.1365226E-04 -0.2962413E-03 -0.8776095E-07  0.8504158E-03 -0.1898496E-06
  0.1024983333333E+03  0.2959176E-01  0.1360844E-04 -0.2962500E-03 -0.8732823E-07  0.8503969E-03 -0.1898359E-06
  0.1025983333333E+03  0.2959312E-01  0.1356488E-04 -0.2962587E-03 -0.8690111E-07  0.8503779E-03 -0.1898073E-06
  0.1026983333333E+03  0.2959447E-01  0.1352157E-04 -0.2962674E-03 -0.8647950E-07  0.8503589E-03 -0.1897641E-06
  0.1027983333333E+03  0.2959582E-01  0.1347852E-04 -0.2962760E-03 -0.8606332E-07  0.8503399E-03 -0.1897067E-06
  0.1028983333333E+03  0.2959716E-01  0.1343572E-04 -0.2962846E-03 -0.8565248E-07  0.8503210E-03 -0.1896352E-06
  0.1029983333333E+03  0.2959850E-01  0.1339318E-04 -0.2962931E-03 -0.8524690E-07  0.8503020E-03 -0.1895502E-06
  0.1030983333333E+03  0.2959984E-01  0.1335088E-04 -0.2963016E-03 -0.8484650E-07  0.8502831E-03 -0.1894518E-06
  0.1031983333333E+03  0.2960117E-01  0.1330883E-04 -0.2963100E-03 -0.8445121E-07  0.8502641E-03 -0.1893404E-06
  0.1032983333333E+03  0.2960250E-01  0.1326702E-04 -0.2963184E-03 -0.8406095E-07  0.8502452E-03 -0.1892163E-06
  0.1033983333333E+03  0.2960382E-01  0.1322546E-04 -0.2963268E-03 -0.8367564E-07  0.8502263E-03 -0.1890797E-06
  0.1034983333333E+03  0.2960514E-01  0.1318414E-04 -0.2963351E-03 -0.8329520E-07  0.8502074E-03 -0.1889311E-06
  0.1035983333333E+03  0.2960645E-01  0.1314305E-04 -0.2963434E-03 -0.8291957E-07  0.8501885E-03 -0.1887706E-06
  0.1036983333333E+03  0.2960776E-01  0.1310221E-04 -0.2963517E-03 -0.8254867E-07  0.8501697E-03 -0.1885987E-06
  0.1037983333333E+03  0.2960907E-01  0.1306160E-04 -0.2963599E-03 -0.8218243E-07  0.8501508E-03 -0.1884154E-06
  0.1038983333333E+03  0.2961037E-01  0.1302122E-04 -0.2963681E-03 -0.8182077E-07  0.8501320E-03 -0.1882212E-06
  0.1039983333333E+03  0.2961167E-01  0.1298108E-04 -0.2963762E-03 -0.8146363E-07  0.8501132E-03 -0.1880164E-06
  0.1040983333333E+03  0.2961296E-01  0.1294116E-04 -0.2963843E-03 -0.8111094E-07  0.8500944E-03 -0.1878011E-06
  0.1041983333333E+03  0.2961425E-01  0.1290147E-04 -0.2963924E-03 -0.8076263E-07  0.8500757E-03 -0.1875756E-06
  0.1042983333333E+03  0.2961554E-01  0.1286201E-04 -0.2964004E-03 -0.8041864E-07  0.8500569E-03 -0.1873403E-06
  0.1043983333333E+03  0.2961682E-01  0.1282278E-04 -0.2964084E-03 -0.8007889E-07  0.8500382E-03 -0.1870953E-06
  0.1044983333333E+03  0.2961810E-01  0.1278376E-04 -0.2964164E-03 -0.7974333E-07  0.8500195E-03 -0.1868410E-06
  0.1045983333333E+03  0.2961937E-01  0.1274497E-04 -0.2964244E-03 -0.7941189E-07  0.8500009E-03 -0.1865775E-06
  0.1046983333333E+03  0.2962064E-01  0.1270639E-04 -0.2964323E-03 -0.7908450E-07  0.8499823E-03 -0.1863052E-06
  0.1047983333333E+03  0.2962191E-01  0.1266804E-04 -0.2964401E-03 -0.7876111E-07  0.8499637E-03 -0.1860242E-06
  0.1048983333333E+03  0.2962317E-01  0.1262990E-04 -0.2964480E-03 -0.7844165E-07  0.8499451E-03 -0.1857349E-06
  0.1049983333333E+03  0.2962443E-01  0.1259197E-04 -0.2964558E-03 -0.7812607E-07  0.8499265E-03 -0.1854374E-06
  0.1050983333333E+03  0.2962569E-01  0.1255425E-04 -0.2964636E-03 -0.7781430E-07  0.8499080E-03 -0.1851320E-06
  0.1051983333333E+03  0.2962694E-01  0.1251675E-04 -0.2964713E-03 -0.7750628E-07  0.8498895E-03 -0.1848190E-06
  0.1052983333333E+03  0.2962819E-01  0.1247946E-04 -0.2964791E-03 -0.7720197E-07  0.8498711E-03 -0.1844984E-06
  0.1053983333333E+03  0.2962943E-01  0.1244237E-04 -0.2964867E-03 -0.7690129E-07  0.8498527E-03 -0.1841707E-06
  0.1054983333333E+03  0.2963067E-01  0.1240549E-04 -0.2964944E-03 -0.7660420E-07  0.8498343E-03 -0.1838359E-06
  0.1055983333333E+03  0.2963191E-01  0.1236881E-04 -0.2965020E-03 -0.7631064E-07  0.8498159E-03 -0.1834943E-06
  0.1056983333333E+03  0.2963314E-01  0.1233234E-04 -0.2965096E-03 -0.7602056E-07  0.8497976E-03 -0.1831461E-06
  0.1057983333333E+03  0.2963437E-01  0.1229607E-04 -0.2965172E-03 -0.7573389E-07  0.8497793E-03 -0.1827916E-06
  0.1058983333333E+03  0.2963560E-01  0.1225999E-04 -0.2965248E-03 -0.7545060E-07  0.8497611E-03 -0.1824309E-06
  0.1059983333333E+03  0.2963682E-01  0.1222412E-04 -0.2965323E-03 -0.7517063E-07  0.8497429E-03 -0.1820642E-06
  0.1060983333333E+03  0.2963804E-01  0.1218844E-04 -0.2965398E-03 -0.7489392E-07  0.8497247E-03 -0.1816917E-06
  0.1061983333333E+03  0.2963926E-01  0.1215296E-04 -0.2965472E-03 -0.7462043E-07  0.8497066E-03 -0.1813137E-06
  0.1062983333333E+03  0.2964047E-01  0.1211767E-04 -0.2965547E-03 -0.7435010E-07  0.8496885E-03 -0.1809302E-06
  0.1063983333333E+03  0.2964168E-01  0.1208258E-04 -0.2965621E-03 -0.7408289E-07  0.8496705E-03 -0.1805416E-06
  0.1064983333333E+03  0.2964288E-01  0.1204767E-04 -0.2965694E-03 -0.7381875E-07  0.8496524E-03 -0.1801479E-06
  0.1065983333333E+03  0.2964408E-01  0.1201296E-04 -0.2965768E-03 -0.7355763E-07  0.8496345E-03 -0.1797494E-06
  0.1066983333333E+03  0.2964528E-01  0.1197843E-04 -0.2965841E-03 -0.7329949E-07  0.8496165E-03 -0.1793463E-06
  0.1067983333333E+03  0.2964647E-01  0.1194409E-04 -0.2965914E-03 -0.7304428E-07  0.8495986E-03 -0.1789387E-06
  0.1068983333333E+03  0.2964766E-01  0.1190994E-04 -0.2965987E-03 -0.7279195E-07  0.8495808E-03 -0.1785267E-06
  0.1069983333333E+03  0.2964885E-01  0.1187597E-04 -0.2966060E-03 -0.7254245E-07  0.8495630E-03 -0.1781107E-06
  0.1070983333333E+03  0.2965004E-01  0.1184218E-04 -0.2966132E-03 -0.7229576E-07  0.8495452E-03 -0.1776906E-06
  0.1072316666667E+03  0.2965122E-01  0.8856431E-05 -0.2966204E-03 -0.5403886E-07  0.8495275E-03 -0.1329501E-06
  0.1073650000000E+03  0.2965279E-01  0.1176889E-04 -0.2966300E-03 -0.7176792E-07  0.8495039E-03 -0.1766485E-06
  0.1074983333333E+03  0.2965435E-01  0.1172392E-04 -0.2966395E-03 -0.7145013E-07  0.8494805E-03 -0.1759505E-06
  0.1076316666667E+03  0.2965591E-01  0.1167996E-04 -0.2966490E-03 -0.7113870E-07  0.8494571E-03 -0.1753666E-06
  0.1077650000000E+03  0.2965746E-01  0.1163630E-04 -0.2966584E-03 -0.7083181E-07  0.8494338E-03 -0.1747773E-06
  0.1078983333333E+03  0.2965900E-01  0.1159296E-04 -0.2966678E-03 -0.7052935E-07  0.8494106E-03 -0.1741829E-06
  0.1080316666667E+03  0.2966054E-01  0.1154992E-04 -0.2966772E-03 -0.7023125E-07  0.8493874E-03 -0.1735836E-06
  0.1081650000000E+03  0.2966208E-01  0.1150718E-04 -0.2966865E-03 -0.6993739E-07  0.8493643E-03 -0.1729799E-06
  0.1082983333333E+03  0.2966361E-01  0.1146474E-04 -0.2966958E-03 -0.6964771E-07  0.8493414E-03 -0.1723721E-06
  0.1084316666667E+03  0.2966513E-01  0.1142260E-04 -0.2967051E-03 -0.6936211E-07  0.8493185E-03 -0.1717605E-06
  0.1085650000000E+03  0.2966665E-01  0.1138076E-04 -0.2967143E-03 -0.6908050E-07  0.8492956E-03 -0.1711453E-06
  0.1086983333333E+03  0.2966816E-01  0.1133920E-04 -0.2967234E-03 -0.6880280E-07  0.8492729E-03 -0.1705270E-06
  0.1088316666667E+03  0.2966967E-01  0.1129793E-04 -0.2967326E-03 -0.6852893E-07  0.8492502E-03 -0.1699056E-06
  0.1089650000000E+03  0.2967117E-01  0.1125696E-04 -0.2967417E-03 -0.6825881E-07  0.8492277E-03 -0.1692817E-06
  0.1090983333333E+03  0.2967266E-01  0.1121626E-04 -0.2967507E-03 -0.6799236E-07  0.8492052E-03 -0.1686553E-06
  0.1092316666667E+03  0.2967415E-01  0.1117584E-04 -0.2967598E-03 -0.6772951E-07  0.8491828E-03 -0.1680269E-06
  0.1093650000000E+03  0.2967564E-01  0.1113570E-04 -0.2967688E-03 -0.6747017E-07  0.8491605E-03 -0.1673965E-06
  0.1094983333333E+03  0.2967712E-01  0.1109584E-04 -0.2967777E-03 -0.6721428E-07  0.8491382E-03 -0.1667646E-06
  0.1096316666667E+03  0.2967859E-01  0.1105625E-04 -0.2967867E-03 -0.6696176E-07  0.8491161E-03 -0.1661312E-06
  0.1097650000000E+03  0.2968006E-01  0.1101693E-04 -0.2967956E-03 -0.6671255E-07  0.8490940E-03 -0.1654968E-06
  0.1098983333333E+03  0.2968152E-01  0.1097788E-04 -0.2968044E-03 -0.6646656E-07  0.8490720E-03 -0.1648614E-06
  0.1100316666667E+03  0.2968298E-01  0.1093909E-04 -0.2968132E-03 -0.6622375E-07  0.8490501E-03 -0.1642253E-06
  0.1101650000000E+03  0.2968444E-01  0.1090057E-04 -0.2968220E-03 -0.6598403E-07  0.8490283E-03 -0.1635888E-06
  0.1102983333333E+03  0.2968588E-01  0.1086230E-04 -0.2968308E-03 -0.6574735E-07  0.8490066E-03 -0.1629520E-06
  0.1104316666667E+03  0.2968733E-01  0.1082430E-04 -0.2968395E-03 -0.6551364E-07  0.8489850E-03 -0.1623151E-06
  0.1105650000000E+03  0.2968877E-01  0.1078655E-04 -0.2968483E-03 -0.6528283E-07  0.8489634E-03 -0.1616783E-06
  0.1106983333333E+03  0.2969020E-01  0.1074905E-04 -0.2968569E-03 -0.6505488E-07  0.8489419E-03 -0.1610419E-06
  0.1108316666667E+03  0.2969163E-01  0.1071180E-04 -0.2968656E-03 -0.6482971E-07  0.8489205E-03 -0.1604059E-06
  0.1109650000000E+03  0.2969305E-01  0.1067480E-04 -0.2968742E-03 -0.6460728E-07  0.8488992E-03 -0.1597706E-06
  0.1110983333333E+03  0.2969447E-01  0.1063805E-04 -0.2968828E-03 -0.6438752E-07  0.8488780E-03 -0.1591362E-06
  0.1112316666667E+03  0.2969588E-01  0.1060154E-04 -0.2968913E-03 -0.6417037E-07  0.8488569E-03 -0.1585027E-06
  0.1113650000000E+03  0.2969729E-01  0.1056527E-04 -0.2968999E-03 -0.6395579E-07  0.8488358E-03 -0.1578704E-06
  0.1114983333333E+03  0.2969869E-01  0.1052925E-04 -0.2969084E-03 -0.6374372E-07  0.8488149E-03 -0.1572395E-06
  0.1116316666667E+03  0.2970009E-01  0.1049346E-04 -0.2969168E-03 -0.6353411E-07  0.8487940E-03 -0.1566100E-06
  0.1117650000000E+03  0.2970149E-01  0.1045790E-04 -0.2969253E-03 -0.6332690E-07  0.8487732E-03 -0.1559821E-06
  0.1118983333333E+03  0.2970288E-01  0.1042258E-04 -0.2969337E-03 -0.6312205E-07  0.8487525E-03 -0.1553559E-06
  0.1120316666667E+03  0.2970426E-01  0.1038749E-04 -0.2969421E-03 -0.6291951E-07  0.8487318E-03 -0.1547316E-06
  0.1121650000000E+03  0.2970564E-01  0.1035262E-04 -0.2969504E-03 -0.6271922E-07  0.8487113E-03 -0.1541094E-06
  0.1122983333333E+03  0.2970702E-01  0.1031799E-04 -0.2969588E-03 -0.6252115E-07  0.8486908E-03 -0.1534892E-06
  0.1124316666667E+03  0.2970839E-01  0.1028358E-04 -0.2969671E-03 -0.6232525E-07  0.8486704E-03 -0.1528713E-06
  0.1125650000000E+03  0.2970976E-01  0.1024939E-04 -0.2969754E-03 -0.6213146E-07  0.8486501E-03 -0.1522557E-06
  0.1126983333333E+03  0.2971112E-01  0.1021542E-04 -0.2969836E-03 -0.6193976E-07  0.8486299E-03 -0.1516426E-06
  0.1128316666667E+03  0.2971248E-01  0.1018167E-04 -0.2969919E-03 -0.6175009E-07  0.8486098E-03 -0.1510321E-06
  0.1129650000000E+03  0.2971383E-01  0.1014814E-04 -0.2970001E-03 -0.6156242E-07  0.8485897E-03 -0.1504243E-06
  0.1130983333333E+03  0.2971518E-01  0.1011482E-04 -0.2970083E-03 -0.6137670E-07  0.8485698E-03 -0.1498192E-06
  0.1132316666667E+03  0.2971652E-01  0.1008172E-04 -0.2970164E-03 -0.6119289E-07  0.8485499E-03 -0.1492169E-06
  0.1133650000000E+03  0.2971786E-01  0.1004882E-04 -0.2970245E-03 -0.6101095E-07  0.8485300E-03 -0.1486176E-06
  0.1134983333333E+03  0.2971920E-01  0.1001614E-04 -0.2970327E-03 -0.6083085E-07  0.8485103E-03 -0.1480214E-06
  0.1136316666667E+03  0.2972053E-01  0.9983663E-05 -0.2970407E-03 -0.6065254E-07  0.8484907E-03 -0.1474282E-06
  0.1137650000000E+03  0.2972186E-01  0.9951392E-05 -0.2970488E-03 -0.6047600E-07  0.8484711E-03 -0.1468382E-06
  0.1138983333333E+03  0.2972318E-01  0.9919324E-05 -0.2970568E-03 -0.6030118E-07  0.8484516E-03 -0.1462515E-06
  0.1140316666667E+03  0.2972450E-01  0.9887457E-05 -0.2970649E-03 -0.6012805E-07  0.8484322E-03 -0.1456681E-06
  0.1141650000000E+03  0.2972581E-01  0.9855791E-05 -0.2970729E-03 -0.5995657E-07  0.8484128E-03 -0.1450881E-06
  0.1142983333333E+03  0.2972712E-01  0.9824324E-05 -0.2970808E-03 -0.5978672E-07  0.8483935E-03 -0.1445115E-06
  0.1144316666667E+03  0.2972843E-01  0.9793053E-05 -0.2970888E-03 -0.5961846E-07  0.8483743E-03 -0.1439385E-06
  0.1145650000000E+03  0.2972973E-01  0.9761976E-05 -0.2970967E-03 -0.5945175E-07  0.8483552E-03 -0.1433690E-06
  0.1146983333333E+03  0.2973103E-01  0.9731093E-05 -0.2971046E-03 -0.5928658E-07  0.8483362E-03 -0.1428031E-06
  0.1148316666667E+03  0.2973232E-01  0.9700402E-05 -0.2971125E-03 -0.5912289E-07  0.8483172E-03 -0.1422409E-06
  0.1149650000000E+03  0.2973361E-01  0.9669900E-05 -0.2971204E-03 -0.5896067E-07  0.8482983E-03 -0.1416824E-06
  0.1150983333333E+03  0.2973489E-01  0.9639586E-05 -0.2971282E-03 -0.5879989E-07  0.8482795E-03 -0.1411277E-06
  0.1152316666667E+03  0.2973617E-01  0.9609459E-05 -0.2971360E-03 -0.5864052E-07  0.8482608E-03 -0.1405767E-06
  0.1153650000000E+03  0.2973745E-01  0.9579517E-05 -0.2971438E-03 -0.5848252E-07  0.8482421E-03 -0.1400296E-06
  0.1154983333333E+03  0.2973872E-01  0.9549759E-05 -0.2971516E-03 -0.5832588E-07  0.8482235E-03 -0.1394864E-06
  0.1156316666667E+03  0.2973999E-01  0.9520182E-05 -0.2971593E-03 -0.5817056E-07  0.8482050E-03 -0.1389471E-06
  0.1157983333333E+03  0.2974126E-01  0.7592628E-05 -0.2971671E-03 -0.4641324E-07  0.8481865E-03 -0.1107294E-06
  0.1159650000000E+03  0.2974284E-01  0.9457412E-05 -0.2971767E-03 -0.5782908E-07  0.8481636E-03 -0.1377658E-06
  0.1161316666667E+03  0.2974441E-01  0.9420654E-05 -0.2971863E-03 -0.5762583E-07  0.8481407E-03 -0.1370576E-06
  0.1162983333333E+03  0.2974597E-01  0.9384666E-05 -0.2971959E-03 -0.5743980E-07  0.8481180E-03 -0.1364032E-06
  0.1164650000000E+03  0.2974753E-01  0.9348948E-05 -0.2972054E-03 -0.5725561E-07  0.8480954E-03 -0.1357551E-06
  0.1166316666667E+03  0.2974908E-01  0.9313499E-05 -0.2972149E-03 -0.5707322E-07  0.8480728E-03 -0.1351133E-06
  0.1167983333333E+03  0.2975063E-01  0.9278314E-05 -0.2972244E-03 -0.5689258E-07  0.8480504E-03 -0.1344780E-06
  0.1169650000000E+03  0.2975217E-01  0.9243392E-05 -0.2972339E-03 -0.5671366E-07  0.8480281E-03 -0.1338490E-06
  0.1171316666667E+03  0.2975370E-01  0.9208730E-05 -0.2972433E-03 -0.5653642E-07  0.8480059E-03 -0.1332265E-06
  0.1172983333333E+03  0.2975523E-01  0.9174325E-05 -0.2972527E-03 -0.5636081E-07  0.8479838E-03 -0.1326104E-06
  0.1174650000000E+03  0.2975675E-01  0.9140173E-05 -0.2972621E-03 -0.5618680E-07  0.8479618E-03 -0.1320007E-06
  0.1176316666667E+03  0.2975827E-01  0.9106274E-05 -0.2972714E-03 -0.5601434E-07  0.8479399E-03 -0.1313975E-06
  0.1177983333333E+03  0.2975978E-01  0.9072623E-05 -0.2972807E-03 -0.5584341E-07  0.8479181E-03 -0.1308008E-06
  0.1179650000000E+03  0.2976129E-01  0.9039219E-05 -0.2972900E-03 -0.5567396E-07  0.8478964E-03 -0.1302106E-06
  0.1181316666667E+03  0.2976279E-01  0.9006058E-05 -0.2972992E-03 -0.5550596E-07  0.8478748E-03 -0.1296268E-06
  0.1182983333333E+03  0.2976429E-01  0.8973138E-05 -0.2973085E-03 -0.5533939E-07  0.8478533E-03 -0.1290494E-06
  0.1184650000000E+03  0.2976578E-01  0.8940458E-05 -0.2973177E-03 -0.5517420E-07  0.8478319E-03 -0.1284785E-06
  0.1186316666667E+03  0.2976726E-01  0.8908013E-05 -0.2973268E-03 -0.5501037E-07  0.8478106E-03 -0.1279140E-06
  0.1187983333333E+03  0.2976874E-01  0.8875802E-05 -0.2973360E-03 -0.5484786E-07  0.8477893E-03 -0.1273559E-06
  0.1189650000000E+03  0.2977022E-01  0.8843823E-05 -0.2973451E-03 -0.5468665E-07  0.8477682E-03 -0.1268042E-06
  0.1191316666667E+03  0.2977168E-01  0.8812073E-05 -0.2973542E-03 -0.5452670E-07  0.8477472E-03 -0.1262589E-06
  0.1192983333333E+03  0.2977315E-01  0.8780549E-05 -0.2973632E-03 -0.5436800E-07  0.8477262E-03 -0.1257199E-06
  0.1194650000000E+03  0.2977461E-01  0.8749250E-05 -0.2973723E-03 -0.5421051E-07  0.8477053E-03 -0.1251872E-06
  0.1196316666667E+03  0.2977606E-01  0.8718173E-05 -0.2973813E-03 -0.5405420E-07  0.8476846E-03 -0.1246608E-06
  0.1197983333333E+03  0.2977751E-01  0.8687316E-05 -0.2973903E-03 -0.5389906E-07  0.8476639E-03 -0.1241406E-06
  0.1199650000000E+03  0.2977895E-01  0.8656676E-05 -0.2973992E-03 -0.5374505E-07  0.8476433E-03 -0.1236266E-06
  0.1201316666667E+03  0.2978039E-01  0.8626252E-05 -0.2974081E-03 -0.5359216E-07  0.8476228E-03 -0.1231188E-06
  0.1202983333333E+03  0.2978182E-01  0.8596041E-05 -0.2974171E-03 -0.5344036E-07  0.8476023E-03 -0.1226171E-06
  0.1204650000000E+03  0.2978325E-01  0.8566041E-05 -0.2974259E-03 -0.5328963E-07  0.8475820E-03 -0.1221215E-06
  0.1206316666667E+03  0.2978467E-01  0.8536250E-05 -0.2974348E-03 -0.5313995E-07  0.8475617E-03 -0.1216319E-06
  0.1207983333333E+03  0.2978609E-01  0.8506666E-05 -0.2974436E-03 -0.5299129E-07  0.8475415E-03 -0.1211483E-06
  0.1209650000000E+03  0.2978750E-01  0.8477286E-05 -0.2974524E-03 -0.5284363E-07  0.8475214E-03 -0.1206706E-06
  0.1211316666667E+03  0.2978891E-01  0.8448110E-05 -0.2974612E-03 -0.5269697E-07  0.8475014E-03 -0.1201989E-06
  0.1212983333333E+03  0.2979031E-01  0.8419134E-05 -0.2974700E-03 -0.5255127E-07  0.8474814E-03 -0.1197330E-06
  0.1214650000000E+03  0.2979171E-01  0.8390357E-05 -0.2974787E-03 -0.5240652E-07  0.8474615E-03 -0.1192728E-06
  0.1216316666667E+03  0.2979310E-01  0.8361776E-05 -0.2974874E-03 -0.5226270E-07  0.8474417E-03 -0.1188184E-06
  0.1217983333333E+03  0.2979449E-01  0.8333391E-05 -0.2974961E-03 -0.5211979E-07  0.8474220E-03 -0.1183697E-06
  0.1219650000000E+03  0.2979588E-01  0.8305198E-05 -0.2975048E-03 -0.5197778E-07  0.8474023E-03 -0.1179266E-06
  0.1221316666667E+03  0.2979726E-01  0.8277196E-05 -0.2975134E-03 -0.5183665E-07  0.8473828E-03 -0.1174891E-06
  0.1222983333333E+03  0.2979863E-01  0.8249384E-05 -0.2975220E-03 -0.5169639E-07  0.8473632E-03 -0.1170570E-06
  0.1224650000000E+03  0.2980000E-01  0.8221759E-05 -0.2975306E-03 -0.5155697E-07  0.8473438E-03 -0.1166305E-06
  0.1226316666667E+03  0.2980137E-01  0.8194319E-05 -0.2975392E-03 -0.5141839E-07  0.8473244E-03 -0.1162093E-06
  0.1227983333333E+03  0.2980273E-01  0.8167062E-05 -0.2975477E-03 -0.5128064E-07  0.8473051E-03 -0.1157934E-06
  0.1229650000000E+03  0.2980409E-01  0.8139988E-05 -0.2975563E-03 -0.5114368E-07  0.8472859E-03 -0.1153828E-06
  0.1231316666667E+03  0.2980544E-01  0.8113094E-05 -0.2975648E-03 -0.5100753E-07  0.8472667E-03 -0.1149774E-06
  0.1232983333333E+03  0.2980679E-01  0.8086378E-05 -0.2975732E-03 -0.5087215E-07  0.8472477E-03 -0.1145772E-06
  0.1234650000000E+03  0.2980813E-01  0.8059838E-05 -0.2975817E-03 -0.5073754E-07  0.8472286E-03 -0.1141820E-06
  0.1236316666667E+03  0.2980947E-01  0.8033474E-05 -0.2975901E-03 -0.5060368E-07  0.8472097E-03 -0.1137919E-06
  0.1237983333333E+03  0.2981080E-01  0.8007283E-05 -0.2975985E-03 -0.5047057E-07  0.8471908E-03 -0.1134067E-06
  0.1239650000000E+03  0.2981213E-01  0.7981263E-05 -0.2976069E-03 -0.5033819E-07  0.8471719E-03 -0.1130263E-06
  0.1241650000000E+03  0.2981346E-01  0.6629511E-05 -0.2976153E-03 -0.4183878E-07  0.8471531E-03 -0.9387571E-07
  0.1243650000000E+03  0.2981504E-01  0.7926759E-05 -0.2976253E-03 -0.5004892E-07  0.8471307E-03 -0.1121959E-06
  0.1245650000000E+03  0.2981662E-01  0.7895774E-05 -0.2976353E-03 -0.4988017E-07  0.8471084E-03 -0.1117097E-06
  0.1247650000000E+03  0.2981820E-01  0.7865424E-05 -0.2976452E-03 -0.4972587E-07  0.8470861E-03 -0.1112764E-06
  0.1249650000000E+03  0.2981976E-01  0.7835310E-05 -0.2976551E-03 -0.4957253E-07  0.8470639E-03 -0.1108497E-06
  0.1251650000000E+03  0.2982132E-01  0.7805427E-05 -0.2976650E-03 -0.4942013E-07  0.8470419E-03 -0.1104293E-06
  0.1253650000000E+03  0.2982288E-01  0.7775773E-05 -0.2976749E-03 -0.4926867E-07  0.8470198E-03 -0.1100152E-06
  0.1255650000000E+03  0.2982443E-01  0.7746346E-05 -0.2976847E-03 -0.4911813E-07  0.8469979E-03 -0.1096073E-06
  0.1257650000000E+03  0.2982597E-01  0.7717144E-05 -0.2976945E-03 -0.4896849E-07  0.8469761E-03 -0.1092055E-06
  0.1259650000000E+03  0.2982751E-01  0.7688163E-05 -0.2977043E-03 -0.4881974E-07  0.8469543E-03 -0.1088097E-06
  0.1261650000000E+03  0.2982904E-01  0.7659401E-05 -0.2977140E-03 -0.4867186E-07  0.8469326E-03 -0.1084197E-06
  0.1263650000000E+03  0.2983057E-01  0.7630856E-05 -0.2977237E-03 -0.4852486E-07  0.8469110E-03 -0.1080354E-06
  0.1265650000000E+03  0.2983209E-01  0.7602525E-05 -0.2977334E-03 -0.4837870E-07  0.8468895E-03 -0.1076568E-06
  0.1267650000000E+03  0.2983360E-01  0.7574407E-05 -0.2977430E-03 -0.4823339E-07  0.8468680E-03 -0.1072837E-06
  0.1269650000000E+03  0.2983511E-01  0.7546498E-05 -0.2977526E-03 -0.4808890E-07  0.8468467E-03 -0.1069160E-06
  0.1271650000000E+03  0.2983662E-01  0.7518796E-05 -0.2977622E-03 -0.4794523E-07  0.8468253E-03 -0.1065536E-06
  0.1273650000000E+03  0.2983811E-01  0.7491300E-05 -0.2977718E-03 -0.4780237E-07  0.8468041E-03 -0.1061964E-06
  0.1275650000000E+03  0.2983961E-01  0.7464006E-05 -0.2977813E-03 -0.4766031E-07  0.8467829E-03 -0.1058442E-06
  0.1277650000000E+03  0.2984109E-01  0.7436913E-05 -0.2977908E-03 -0.4751904E-07  0.8467618E-03 -0.1054971E-06
  0.1279650000000E+03  0.2984258E-01  0.7410018E-05 -0.2978003E-03 -0.4737855E-07  0.8467408E-03 -0.1051548E-06
  0.1281650000000E+03  0.2984405E-01  0.7383320E-05 -0.2978097E-03 -0.4723883E-07  0.8467198E-03 -0.1048172E-06
  0.1283650000000E+03  0.2984552E-01  0.7356816E-05 -0.2978192E-03 -0.4709987E-07  0.8466990E-03 -0.1044843E-06
  0.1285650000000E+03  0.2984699E-01  0.7330504E-05 -0.2978286E-03 -0.4696167E-07  0.8466781E-03 -0.1041560E-06
  0.1287650000000E+03  0.2984845E-01  0.7304381E-05 -0.2978379E-03 -0.4682421E-07  0.8466574E-03 -0.1038321E-06
  0.1289650000000E+03  0.2984991E-01  0.7278447E-05 -0.2978473E-03 -0.4668749E-07  0.8466367E-03 -0.1035126E-06
  0.1291650000000E+03  0.2985136E-01  0.7252699E-05 -0.2978566E-03 -0.4655150E-07  0.8466160E-03 -0.1031973E-06
  0.1293650000000E+03  0.2985280E-01  0.7227135E-05 -0.2978659E-03 -0.4641624E-07  0.8465954E-03 -0.1028861E-06
  0.1295650000000E+03  0.2985424E-01  0.7201753E-05 -0.2978751E-03 -0.4628170E-07  0.8465749E-03 -0.1025790E-06
  0.1297650000000E+03  0.2985568E-01  0.7176551E-05 -0.2978843E-03 -0.4614787E-07  0.8465545E-03 -0.1022758E-06
  0.1299650000000E+03  0.2985711E-01  0.7151528E-05 -0.2978935E-03 -0.4601475E-07  0.8465341E-03 -0.1019765E-06
  0.1301650000000E+03  0.2985853E-01  0.7126680E-05 -0.2979027E-03 -0.4588232E-07  0.8465137E-03 -0.1016810E-06
  0.1303650000000E+03  0.2985995E-01  0.7102007E-05 -0.2979119E-03 -0.4575059E-07  0.8464935E-03 -0.1013891E-06
  0.1305650000000E+03  0.2986137E-01  0.7077507E-05 -0.2979210E-03 -0.4561955E-07  0.8464732E-03 -0.1011007E-06
  0.1307650000000E+03  0.2986278E-01  0.7053178E-05 -0.2979301E-03 -0.4548919E-07  0.8464531E-03 -0.1008159E-06
  0.1309650000000E+03  0.2986419E-01  0.7029018E-05 -0.2979392E-03 -0.4535951E-07  0.8464330E-03 -0.1005344E-06
  0.1311650000000E+03  0.2986559E-01  0.7005025E-05 -0.2979482E-03 -0.4523050E-07  0.8464129E-03 -0.1002562E-06
  0.1313650000000E+03  0.2986698E-01  0.6981197E-05 -0.2979572E-03 -0.4510216E-07  0.8463929E-03 -0.9998127E-07
  0.1315650000000E+03  0.2986838E-01  0.6957534E-05 -0.2979662E-03 -0.4497449E-07  0.8463730E-03 -0.9970942E-07
  0.1317650000000E+03  0.2986976E-01  0.6934033E-05 -0.2979752E-03 -0.4484748E-07  0.8463531E-03 -0.9944060E-07
  0.1319650000000E+03  0.2987114E-01  0.6910692E-05 -0.2979841E-03 -0.4472112E-07  0.8463333E-03 -0.9917473E-07
  0.1321650000000E+03  0.2987252E-01  0.6887510E-05 -0.2979931E-03 -0.4459541E-07  0.8463135E-03 -0.9891173E-07
  0.1323983333333E+03  0.2987390E-01  0.5883845E-05 -0.2980020E-03 -0.3811744E-07  0.8462937E-03 -0.8455844E-07
  0.1326316666667E+03  0.2987549E-01  0.6839370E-05 -0.2980123E-03 -0.4432537E-07  0.8462708E-03 -0.9832333E-07
  0.1328650000000E+03  0.2987708E-01  0.6812558E-05 -0.2980226E-03 -0.4417154E-07  0.8462479E-03 -0.9797735E-07
  0.1330983333333E+03  0.2987866E-01  0.6786290E-05 -0.2980329E-03 -0.4402871E-07  0.8462251E-03 -0.9768313E-07
  0.1333316666667E+03  0.2988024E-01  0.6760227E-05 -0.2980431E-03 -0.4388673E-07  0.8462024E-03 -0.9739223E-07
  0.1335650000000E+03  0.2988181E-01  0.6734366E-05 -0.2980533E-03 -0.4374560E-07  0.8461798E-03 -0.9710452E-07
  0.1337983333333E+03  0.2988338E-01  0.6708705E-05 -0.2980635E-03 -0.4360531E-07  0.8461572E-03 -0.9681990E-07
  0.1340316666667E+03  0.2988494E-01  0.6683242E-05 -0.2980736E-03 -0.4346586E-07  0.8461346E-03 -0.9653825E-07
  0.1342650000000E+03  0.2988649E-01  0.6657974E-05 -0.2980837E-03 -0.4332724E-07  0.8461122E-03 -0.9625946E-07
  0.1344983333333E+03  0.2988804E-01  0.6632899E-05 -0.2980938E-03 -0.4318945E-07  0.8460898E-03 -0.9598342E-07
  0.1347316666667E+03  0.2988958E-01  0.6608015E-05 -0.2981039E-03 -0.4305248E-07  0.8460675E-03 -0.9571003E-07
  0.1349650000000E+03  0.2989112E-01  0.6583319E-05 -0.2981139E-03 -0.4291633E-07  0.8460452E-03 -0.9543920E-07
  0.1351983333333E+03  0.2989265E-01  0.6558811E-05 -0.2981239E-03 -0.4278100E-07  0.8460230E-03 -0.9517080E-07
  0.1354316666667E+03  0.2989417E-01  0.6534486E-05 -0.2981338E-03 -0.4264648E-07  0.8460008E-03 -0.9490476E-07
  0.1356650000000E+03  0.2989569E-01  0.6510344E-05 -0.2981437E-03 -0.4251276E-07  0.8459788E-03 -0.9464096E-07
  0.1358983333333E+03  0.2989720E-01  0.6486382E-05 -0.2981536E-03 -0.4237985E-07  0.8459567E-03 -0.9437932E-07
  0.1361316666667E+03  0.2989871E-01  0.6462599E-05 -0.2981635E-03 -0.4224774E-07  0.8459348E-03 -0.9411975E-07
  0.1363650000000E+03  0.2990021E-01  0.6438992E-05 -0.2981733E-03 -0.4211642E-07  0.8459129E-03 -0.9386216E-07
  0.1365983333333E+03  0.2990171E-01  0.6415559E-05 -0.2981831E-03 -0.4198589E-07  0.8458910E-03 -0.9360645E-07
  0.1368316666667E+03  0.2990320E-01  0.6392298E-05 -0.2981929E-03 -0.4185615E-07  0.8458692E-03 -0.9335256E-07
  0.1370650000000E+03  0.2990469E-01  0.6369208E-05 -0.2982026E-03 -0.4172720E-07  0.8458475E-03 -0.9310038E-07
  0.1372983333333E+03  0.2990617E-01  0.6346286E-05 -0.2982123E-03 -0.4159903E-07  0.8458259E-03 -0.9284984E-07
  0.1375316666667E+03  0.2990765E-01  0.6323531E-05 -0.2982220E-03 -0.4147163E-07  0.8458042E-03 -0.9260087E-07
  0.1377650000000E+03  0.2990912E-01  0.6300940E-05 -0.2982316E-03 -0.4134501E-07  0.8457827E-03 -0.9235338E-07
  0.1379983333333E+03  0.2991058E-01  0.6278513E-05 -0.2982413E-03 -0.4121916E-07  0.8457612E-03 -0.9210731E-07
  0.1382316666667E+03  0.2991204E-01  0.6256247E-05 -0.2982508E-03 -0.4109408E-07  0.8457398E-03 -0.9186257E-07
  0.1384650000000E+03  0.2991350E-01  0.6234140E-05 -0.2982604E-03 -0.4096976E-07  0.8457184E-03 -0.9161910E-07
  0.1386983333333E+03  0.2991494E-01  0.6212192E-05 -0.2982699E-03 -0.4084621E-07  0.8456971E-03 -0.9137684E-07
  0.1389316666667E+03  0.2991639E-01  0.6190399E-05 -0.2982794E-03 -0.4072341E-07  0.8456758E-03 -0.9113571E-07
  0.1391650000000E+03  0.2991783E-01  0.6168760E-05 -0.2982889E-03 -0.4060137E-07  0.8456546E-03 -0.9089564E-07
  0.1393983333333E+03  0.2991926E-01  0.6147274E-05 -0.2982984E-03 -0.4048008E-07  0.8456334E-03 -0.9065659E-07
  0.1396316666667E+03  0.2992069E-01  0.6125940E-05 -0.2983078E-03 -0.4035954E-07  0.8456123E-03 -0.9041848E-07
  0.1398650000000E+03  0.2992212E-01  0.6104754E-05 -0.2983172E-03 -0.4023975E-07  0.8455913E-03 -0.9018127E-07
  0.1400983333333E+03  0.2992354E-01  0.6083717E-05 -0.2983265E-03 -0.4012070E-07  0.8455703E-03 -0.8994488E-07
  0.1403650000000E+03  0.2992495E-01  0.5304972E-05 -0.2983359E-03 -0.3500210E-07  0.8455494E-03 -0.7849561E-07
  0.1406316666667E+03  0.2992656E-01  0.6040303E-05 -0.2983465E-03 -0.3986856E-07  0.8455255E-03 -0.8941254E-07
  0.1408983333333E+03  0.2992817E-01  0.6016487E-05 -0.2983571E-03 -0.3972771E-07  0.8455018E-03 -0.8910056E-07
  0.1411650000000E+03  0.2992976E-01  0.5993146E-05 -0.2983676E-03 -0.3959566E-07  0.8454781E-03 -0.8883366E-07
  0.1414316666667E+03  0.2993136E-01  0.5969988E-05 -0.2983782E-03 -0.3946456E-07  0.8454545E-03 -0.8856748E-07
  0.1416983333333E+03  0.2993294E-01  0.5947010E-05 -0.2983887E-03 -0.3933440E-07  0.8454309E-03 -0.8830194E-07
  0.1419650000000E+03  0.2993452E-01  0.5924210E-05 -0.2983991E-03 -0.3920518E-07  0.8454075E-03 -0.8803699E-07
  0.1422316666667E+03  0.2993610E-01  0.5901586E-05 -0.2984095E-03 -0.3907690E-07  0.8453840E-03 -0.8777255E-07
  0.1424983333333E+03  0.2993766E-01  0.5879136E-05 -0.2984199E-03 -0.3894954E-07  0.8453607E-03 -0.8750857E-07
  0.1427650000000E+03  0.2993923E-01  0.5856858E-05 -0.2984303E-03 -0.3882311E-07  0.8453374E-03 -0.8724500E-07
  0.1430316666667E+03  0.2994078E-01  0.5834750E-05 -0.2984406E-03 -0.3869760E-07  0.8453143E-03 -0.8698178E-07
  0.1432983333333E+03  0.2994233E-01  0.5812810E-05 -0.2984509E-03 -0.3857300E-07  0.8452911E-03 -0.8671885E-07
  0.1435650000000E+03  0.2994388E-01  0.5791037E-05 -0.2984611E-03 -0.3844932E-07  0.8452681E-03 -0.8645617E-07
  0.1438316666667E+03  0.2994541E-01  0.5769427E-05 -0.2984714E-03 -0.3832654E-07  0.8452451E-03 -0.8619369E-07
  0.1440983333333E+03  0.2994695E-01  0.5747979E-05 -0.2984815E-03 -0.3820467E-07  0.8452222E-03 -0.8593137E-07
  0.1443650000000E+03  0.2994847E-01  0.5726692E-05 -0.2984917E-03 -0.3808369E-07  0.8451993E-03 -0.8566915E-07
  0.1446316666667E+03  0.2995000E-01  0.5705564E-05 -0.2985018E-03 -0.3796361E-07  0.8451765E-03 -0.8540701E-07
  0.1448983333333E+03  0.2995151E-01  0.5684592E-05 -0.2985119E-03 -0.3784441E-07  0.8451538E-03 -0.8514489E-07
  0.1451650000000E+03  0.2995302E-01  0.5663775E-05 -0.2985220E-03 -0.3772610E-07  0.8451312E-03 -0.8488277E-07
  0.1454316666667E+03  0.2995453E-01  0.5643112E-05 -0.2985320E-03 -0.3760867E-07  0.8451086E-03 -0.8462061E-07
  0.1456983333333E+03  0.2995603E-01  0.5622600E-05 -0.2985420E-03 -0.3749211E-07  0.8450861E-03 -0.8435837E-07
  0.1459650000000E+03  0.2995752E-01  0.5602238E-05 -0.2985520E-03 -0.3737642E-07  0.8450637E-03 -0.8409603E-07
  0.1462316666667E+03  0.2995901E-01  0.5582024E-05 -0.2985619E-03 -0.3726160E-07  0.8450414E-03 -0.8383355E-07
  0.1464983333333E+03  0.2996049E-01  0.5561956E-05 -0.2985718E-03 -0.3714764E-07  0.8450191E-03 -0.8357091E-07
  0.1467650000000E+03  0.2996197E-01  0.5542034E-05 -0.2985817E-03 -0.3703453E-07  0.8449969E-03 -0.8330807E-07
  0.1470316666667E+03  0.2996344E-01  0.5522254E-05 -0.2985915E-03 -0.3692228E-07  0.8449747E-03 -0.8304503E-07
  0.1472983333333E+03  0.2996491E-01  0.5502617E-05 -0.2986013E-03 -0.3681087E-07  0.8449526E-03 -0.8278174E-07
  0.1475650000000E+03  0.2996637E-01  0.5483120E-05 -0.2986111E-03 -0.3670030E-07  0.8449306E-03 -0.8251820E-07
  0.1478316666667E+03  0.2996783E-01  0.5463761E-05 -0.2986209E-03 -0.3659057E-07  0.8449087E-03 -0.8225438E-07
  0.1480983333333E+03  0.2996928E-01  0.5444540E-05 -0.2986306E-03 -0.3648166E-07  0.8448868E-03 -0.8199026E-07
  0.1483983333333E+03  0.2997073E-01  0.4822626E-05 -0.2986403E-03 -0.3233208E-07  0.8448650E-03 -0.7264518E-07
  0.1486983333333E+03  0.2997235E-01  0.5405061E-05 -0.2986512E-03 -0.3625322E-07  0.8448406E-03 -0.8140711E-07
  0.1489983333333E+03  0.2997396E-01  0.5383655E-05 -0.2986620E-03 -0.3612747E-07  0.8448163E-03 -0.8107229E-07
  0.1492983333333E+03  0.2997557E-01  0.5362668E-05 -0.2986728E-03 -0.3600915E-07  0.8447921E-03 -0.8077379E-07
  0.1495983333333E+03  0.2997718E-01  0.5341845E-05 -0.2986836E-03 -0.3589184E-07  0.8447679E-03 -0.8047479E-07
  0.1498983333333E+03  0.2997877E-01  0.5321184E-05 -0.2986943E-03 -0.3577555E-07  0.8447439E-03 -0.8017530E-07
  0.1501983333333E+03  0.2998036E-01  0.5300683E-05 -0.2987050E-03 -0.3566027E-07  0.8447199E-03 -0.7987529E-07
  0.1504983333333E+03  0.2998195E-01  0.5280340E-05 -0.2987157E-03 -0.3554598E-07  0.8446960E-03 -0.7957476E-07
  0.1507983333333E+03  0.2998352E-01  0.5260153E-05 -0.2987263E-03 -0.3543268E-07  0.8446723E-03 -0.7927369E-07
  0.1510983333333E+03  0.2998510E-01  0.5240121E-05 -0.2987369E-03 -0.3532036E-07  0.8446486E-03 -0.7897209E-07
  0.1513983333333E+03  0.2998666E-01  0.5220242E-05 -0.2987475E-03 -0.3520902E-07  0.8446250E-03 -0.7866995E-07
  0.1516983333333E+03  0.2998822E-01  0.5200514E-05 -0.2987580E-03 -0.3509864E-07  0.8446015E-03 -0.7836726E-07
  0.1519983333333E+03  0.2998978E-01  0.5180935E-05 -0.2987685E-03 -0.3498923E-07  0.8445780E-03 -0.7806403E-07
  0.1522983333333E+03  0.2999132E-01  0.5161504E-05 -0.2987790E-03 -0.3488077E-07  0.8445547E-03 -0.7776025E-07
  0.1525983333333E+03  0.2999287E-01  0.5142218E-05 -0.2987894E-03 -0.3477325E-07  0.8445315E-03 -0.7745592E-07
  0.1528983333333E+03  0.2999440E-01  0.5123077E-05 -0.2987998E-03 -0.3466667E-07  0.8445083E-03 -0.7715106E-07
  0.1531983333333E+03  0.2999594E-01  0.5104078E-05 -0.2988102E-03 -0.3456102E-07  0.8444853E-03 -0.7684565E-07
  0.1534983333333E+03  0.2999746E-01  0.5085221E-05 -0.2988205E-03 -0.3445630E-07  0.8444623E-03 -0.7653971E-07
  0.1537983333333E+03  0.2999898E-01  0.5066502E-05 -0.2988308E-03 -0.3435249E-07  0.8444394E-03 -0.7623323E-07
  0.1540983333333E+03  0.3000050E-01  0.5047922E-05 -0.2988411E-03 -0.3424958E-07  0.8444167E-03 -0.7592624E-07
  0.1543983333333E+03  0.3000200E-01  0.5029477E-05 -0.2988513E-03 -0.3414758E-07  0.8443940E-03 -0.7561873E-07
  0.1546983333333E+03  0.3000351E-01  0.5011168E-05 -0.2988616E-03 -0.3404647E-07  0.8443714E-03 -0.7531071E-07
  0.1549983333333E+03  0.3000501E-01  0.4992992E-05 -0.2988717E-03 -0.3394625E-07  0.8443489E-03 -0.7500219E-07
  0.1552983333333E+03  0.3000650E-01  0.4974947E-05 -0.2988819E-03 -0.3384690E-07  0.8443265E-03 -0.7469318E-07
  0.1555983333333E+03  0.3000799E-01  0.4957033E-05 -0.2988920E-03 -0.3374843E-07  0.8443042E-03 -0.7438370E-07
  0.1558983333333E+03  0.3000947E-01  0.4939248E-05 -0.2989021E-03 -0.3365081E-07  0.8442819E-03 -0.7407375E-07
  0.1562316666667E+03  0.3001094E-01  0.4429432E-05 -0.2989122E-03 -0.3019865E-07  0.8442598E-03 -0.6638701E-07
  0.1565650000000E+03  0.3001258E-01  0.4902859E-05 -0.2989233E-03 -0.3344732E-07  0.8442353E-03 -0.7340569E-07
  0.1568983333333E+03  0.3001421E-01  0.4883311E-05 -0.2989344E-03 -0.3333649E-07  0.8442110E-03 -0.7303115E-07
  0.1572316666667E+03  0.3001583E-01  0.4864138E-05 -0.2989455E-03 -0.3323218E-07  0.8441868E-03 -0.7268514E-07
  0.1575650000000E+03  0.3001744E-01  0.4845116E-05 -0.2989566E-03 -0.3312890E-07  0.8441627E-03 -0.7233861E-07
  0.1578983333333E+03  0.3001905E-01  0.4826242E-05 -0.2989676E-03 -0.3302662E-07  0.8441387E-03 -0.7199159E-07
  0.1582316666667E+03  0.3002065E-01  0.4807515E-05 -0.2989785E-03 -0.3292534E-07  0.8441148E-03 -0.7164411E-07
  0.1585650000000E+03  0.3002225E-01  0.4788934E-05 -0.2989895E-03 -0.3282505E-07  0.8440910E-03 -0.7129619E-07
  0.1588983333333E+03  0.3002384E-01  0.4770495E-05 -0.2990004E-03 -0.3272574E-07  0.8440674E-03 -0.7094785E-07
  0.1592316666667E+03  0.3002542E-01  0.4752199E-05 -0.2990113E-03 -0.3262739E-07  0.8440438E-03 -0.7059912E-07
  0.1595650000000E+03  0.3002700E-01  0.4734042E-05 -0.2990221E-03 -0.3253000E-07  0.8440204E-03 -0.7025003E-07
  0.1598983333333E+03  0.3002857E-01  0.4716025E-05 -0.2990329E-03 -0.3243356E-07  0.8439971E-03 -0.6990061E-07
  0.1602316666667E+03  0.3003014E-01  0.4698144E-05 -0.2990437E-03 -0.3233805E-07  0.8439739E-03 -0.6955087E-07
  0.1605650000000E+03  0.3003170E-01  0.4680398E-05 -0.2990545E-03 -0.3224347E-07  0.8439509E-03 -0.6920084E-07
  0.1608983333333E+03  0.3003325E-01  0.4662787E-05 -0.2990652E-03 -0.3214980E-07  0.8439279E-03 -0.6885055E-07
  0.1612316666667E+03  0.3003480E-01  0.4645307E-05 -0.2990759E-03 -0.3205704E-07  0.8439051E-03 -0.6850004E-07
  0.1615650000000E+03  0.3003635E-01  0.4627959E-05 -0.2990865E-03 -0.3196518E-07  0.8438824E-03 -0.6814932E-07
  0.1618983333333E+03  0.3003788E-01  0.4610740E-05 -0.2990971E-03 -0.3187420E-07  0.8438598E-03 -0.6779842E-07
  0.1622316666667E+03  0.3003941E-01  0.4593649E-05 -0.2991077E-03 -0.3178410E-07  0.8438373E-03 -0.6744738E-07
  0.1625650000000E+03  0.3004094E-01  0.4576685E-05 -0.2991183E-03 -0.3169486E-07  0.8438149E-03 -0.6709621E-07
  0.1628983333333E+03  0.3004246E-01  0.4559846E-05 -0.2991288E-03 -0.3160648E-07  0.8437927E-03 -0.6674496E-07
  0.1632316666667E+03  0.3004397E-01  0.4543131E-05 -0.2991393E-03 -0.3151895E-07  0.8437705E-03 -0.6639363E-07
  0.1635983333333E+03  0.3004548E-01  0.4115034E-05 -0.2991498E-03 -0.2857478E-07  0.8437485E-03 -0.6003843E-07
  0.1639650000000E+03  0.3004714E-01  0.4509040E-05 -0.2991613E-03 -0.3133723E-07  0.8437245E-03 -0.6565015E-07
  0.1643316666667E+03  0.3004878E-01  0.4490867E-05 -0.2991728E-03 -0.3123904E-07  0.8437005E-03 -0.6524135E-07
  0.1646983333333E+03  0.3005042E-01  0.4473037E-05 -0.2991842E-03 -0.3114671E-07  0.8436767E-03 -0.6485535E-07
  0.1650650000000E+03  0.3005206E-01  0.4455349E-05 -0.2991956E-03 -0.3105535E-07  0.8436531E-03 -0.6446942E-07
  0.1654316666667E+03  0.3005368E-01  0.4437800E-05 -0.2992069E-03 -0.3096494E-07  0.8436296E-03 -0.6408359E-07
  0.1657983333333E+03  0.3005530E-01  0.4420389E-05 -0.2992182E-03 -0.3087548E-07  0.8436063E-03 -0.6369791E-07
  0.1661650000000E+03  0.3005692E-01  0.4403115E-05 -0.2992295E-03 -0.3078695E-07  0.8435830E-03 -0.6331242E-07
  0.1665316666667E+03  0.3005853E-01  0.4385976E-05 -0.2992408E-03 -0.3069933E-07  0.8435600E-03 -0.6292714E-07
  0.1668983333333E+03  0.3006013E-01  0.4368970E-05 -0.2992520E-03 -0.3061262E-07  0.8435370E-03 -0.6254213E-07
  0.1672650000000E+03  0.3006172E-01  0.4352096E-05 -0.2992632E-03 -0.3052681E-07  0.8435142E-03 -0.6215741E-07
  0.1676316666667E+03  0.3006331E-01  0.4335352E-05 -0.2992744E-03 -0.3044188E-07  0.8434916E-03 -0.6177302E-07
  0.1679983333333E+03  0.3006490E-01  0.4318737E-05 -0.2992855E-03 -0.3035782E-07  0.8434691E-03 -0.6138900E-07
  0.1683650000000E+03  0.3006647E-01  0.4302250E-05 -0.2992966E-03 -0.3027462E-07  0.8434467E-03 -0.6100538E-07
  0.1687316666667E+03  0.3006805E-01  0.4285888E-05 -0.2993077E-03 -0.3019226E-07  0.8434245E-03 -0.6062220E-07
  0.1690983333333E+03  0.3006961E-01  0.4269651E-05 -0.2993187E-03 -0.3011075E-07  0.8434024E-03 -0.6023949E-07
  0.1694650000000E+03  0.3007117E-01  0.4253537E-05 -0.2993297E-03 -0.3003005E-07  0.8433805E-03 -0.5985729E-07
  0.1698316666667E+03  0.3007273E-01  0.4237545E-05 -0.2993407E-03 -0.2995017E-07  0.8433586E-03 -0.5947563E-07
  0.1701983333333E+03  0.3007427E-01  0.4221674E-05 -0.2993517E-03 -0.2987110E-07  0.8433370E-03 -0.5909454E-07
  0.1705650000000E+03  0.3007582E-01  0.4205921E-05 -0.2993626E-03 -0.2979281E-07  0.8433155E-03 -0.5871405E-07
  0.1709316666667E+03  0.3007735E-01  0.4190286E-05 -0.2993735E-03 -0.2971531E-07  0.8432941E-03 -0.5833421E-07
  0.1713316666667E+03  0.3007888E-01  0.3826871E-05 -0.2993843E-03 -0.2716869E-07  0.8432728E-03 -0.5312544E-07
  0.1717316666667E+03  0.3008055E-01  0.4158484E-05 -0.2993962E-03 -0.2955481E-07  0.8432498E-03 -0.5754135E-07
  0.1721316666667E+03  0.3008220E-01  0.4141638E-05 -0.2994079E-03 -0.2946859E-07  0.8432269E-03 -0.5711213E-07
  0.1725316666667E+03  0.3008385E-01  0.4125106E-05 -0.2994197E-03 -0.2938760E-07  0.8432043E-03 -0.5670142E-07
  0.1729316666667E+03  0.3008550E-01  0.4108705E-05 -0.2994314E-03 -0.2930748E-07  0.8431818E-03 -0.5629163E-07
  0.1733316666667E+03  0.3008713E-01  0.4092435E-05 -0.2994431E-03 -0.2922821E-07  0.8431594E-03 -0.5588279E-07
  0.1737316666667E+03  0.3008876E-01  0.4076295E-05 -0.2994548E-03 -0.2914978E-07  0.8431372E-03 -0.5547495E-07
  0.1741316666667E+03  0.3009039E-01  0.4060282E-05 -0.2994664E-03 -0.2907219E-07  0.8431152E-03 -0.5506813E-07
  0.1745316666667E+03  0.3009201E-01  0.4044395E-05 -0.2994780E-03 -0.2899540E-07  0.8430933E-03 -0.5466239E-07
  0.1749316666667E+03  0.3009362E-01  0.4028634E-05 -0.2994896E-03 -0.2891942E-07  0.8430716E-03 -0.5425775E-07
  0.1753316666667E+03  0.3009522E-01  0.4012995E-05 -0.2995011E-03 -0.2884424E-07  0.8430501E-03 -0.5385424E-07
  0.1757316666667E+03  0.3009682E-01  0.3997479E-05 -0.2995126E-03 -0.2876983E-07  0.8430287E-03 -0.5345190E-07
  0.1761316666667E+03  0.3009841E-01  0.3982083E-05 -0.2995241E-03 -0.2869618E-07  0.8430075E-03 -0.5305077E-07
  0.1765316666667E+03  0.3010000E-01  0.3966806E-05 -0.2995355E-03 -0.2862329E-07  0.8429864E-03 -0.5265087E-07
  0.1769316666667E+03  0.3010158E-01  0.3951647E-05 -0.2995470E-03 -0.2855115E-07  0.8429655E-03 -0.5225223E-07
  0.1773316666667E+03  0.3010316E-01  0.3936605E-05 -0.2995584E-03 -0.2847973E-07  0.8429448E-03 -0.5185488E-07
  0.1777316666667E+03  0.3010472E-01  0.3921678E-05 -0.2995697E-03 -0.2840904E-07  0.8429242E-03 -0.5145886E-07
  0.1781316666667E+03  0.3010629E-01  0.3906864E-05 -0.2995811E-03 -0.2833905E-07  0.8429038E-03 -0.5106419E-07
  0.1785650000000E+03  0.3010784E-01  0.3592766E-05 -0.2995924E-03 -0.2609517E-07  0.8428835E-03 -0.4677313E-07
  0.1789983333333E+03  0.3010952E-01  0.3876802E-05 -0.2996046E-03 -0.2819442E-07  0.8428617E-03 -0.5024826E-07
  0.1794316666667E+03  0.3011120E-01  0.3860966E-05 -0.2996168E-03 -0.2811709E-07  0.8428401E-03 -0.4981168E-07
  0.1798650000000E+03  0.3011286E-01  0.3845419E-05 -0.2996289E-03 -0.2804445E-07  0.8428187E-03 -0.4939087E-07
  0.1802983333333E+03  0.3011452E-01  0.3829998E-05 -0.2996410E-03 -0.2797258E-07  0.8427975E-03 -0.4897178E-07
  0.1807316666667E+03  0.3011618E-01  0.3814702E-05 -0.2996531E-03 -0.2790147E-07  0.8427765E-03 -0.4855443E-07
  0.1811650000000E+03  0.3011782E-01  0.3799529E-05 -0.2996652E-03 -0.2783110E-07  0.8427556E-03 -0.4813886E-07
  0.1815983333333E+03  0.3011946E-01  0.3784478E-05 -0.2996772E-03 -0.2776146E-07  0.8427349E-03 -0.4772508E-07
  0.1820316666667E+03  0.3012110E-01  0.3769547E-05 -0.2996892E-03 -0.2769254E-07  0.8427144E-03 -0.4731313E-07
  0.1824650000000E+03  0.3012272E-01  0.3754734E-05 -0.2997012E-03 -0.2762433E-07  0.8426941E-03 -0.4690303E-07
  0.1828983333333E+03  0.3012434E-01  0.3740040E-05 -0.2997131E-03 -0.2755681E-07  0.8426740E-03 -0.4649481E-07
  0.1833316666667E+03  0.3012596E-01  0.3725461E-05 -0.2997250E-03 -0.2748998E-07  0.8426540E-03 -0.4608849E-07
  0.1837650000000E+03  0.3012757E-01  0.3710998E-05 -0.2997369E-03 -0.2742381E-07  0.8426342E-03 -0.4568410E-07
  0.1841983333333E+03  0.3012917E-01  0.3696648E-05 -0.2997488E-03 -0.2735831E-07  0.8426146E-03 -0.4528166E-07
  0.1846316666667E+03  0.3013076E-01  0.3682410E-05 -0.2997606E-03 -0.2729346E-07  0.8425951E-03 -0.4488118E-07
  0.1850650000000E+03  0.3013235E-01  0.3668283E-05 -0.2997724E-03 -0.2722924E-07  0.8425758E-03 -0.4448269E-07
  0.1855316666667E+03  0.3013394E-01  0.3393246E-05 -0.2997842E-03 -0.2522525E-07  0.8425567E-03 -0.4093718E-07
  0.1859983333333E+03  0.3013564E-01  0.3639671E-05 -0.2997968E-03 -0.2709677E-07  0.8425364E-03 -0.4366465E-07
  0.1864650000000E+03  0.3013733E-01  0.3624669E-05 -0.2998094E-03 -0.2702623E-07  0.8425162E-03 -0.4323094E-07
  0.1869316666667E+03  0.3013901E-01  0.3609939E-05 -0.2998220E-03 -0.2695990E-07  0.8424962E-03 -0.4281121E-07
  0.1873983333333E+03  0.3014069E-01  0.3595329E-05 -0.2998346E-03 -0.2689424E-07  0.8424764E-03 -0.4239385E-07
  0.1878650000000E+03  0.3014236E-01  0.3580840E-05 -0.2998471E-03 -0.2682926E-07  0.8424568E-03 -0.4197889E-07
  0.1883316666667E+03  0.3014403E-01  0.3566468E-05 -0.2998596E-03 -0.2676493E-07  0.8424374E-03 -0.4156634E-07
  0.1887983333333E+03  0.3014568E-01  0.3552214E-05 -0.2998720E-03 -0.2670125E-07  0.8424182E-03 -0.4115623E-07
  0.1892650000000E+03  0.3014733E-01  0.3538075E-05 -0.2998845E-03 -0.2663820E-07  0.8423992E-03 -0.4074856E-07
  0.1897316666667E+03  0.3014898E-01  0.3524051E-05 -0.2998969E-03 -0.2657577E-07  0.8423804E-03 -0.4034336E-07
  0.1901983333333E+03  0.3015062E-01  0.3510139E-05 -0.2999093E-03 -0.2651395E-07  0.8423617E-03 -0.3994063E-07
  0.1906650000000E+03  0.3015225E-01  0.3496339E-05 -0.2999216E-03 -0.2645272E-07  0.8423433E-03 -0.3954038E-07
  0.1911316666667E+03  0.3015387E-01  0.3482649E-05 -0.2999339E-03 -0.2639209E-07  0.8423250E-03 -0.3914263E-07
  0.1915983333333E+03  0.3015549E-01  0.3469067E-05 -0.2999462E-03 -0.2633204E-07  0.8423069E-03 -0.3874739E-07
  0.1920650000000E+03  0.3015710E-01  0.3455594E-05 -0.2999585E-03 -0.2627255E-07  0.8422890E-03 -0.3835466E-07
  0.1925650000000E+03  0.3015871E-01  0.3212745E-05 -0.2999707E-03 -0.2446605E-07  0.8422713E-03 -0.3543350E-07
  0.1930650000000E+03  0.3016043E-01  0.3428353E-05 -0.2999838E-03 -0.2615003E-07  0.8422525E-03 -0.3755286E-07
  0.1935650000000E+03  0.3016213E-01  0.3414128E-05 -0.2999968E-03 -0.2608502E-07  0.8422340E-03 -0.3713091E-07
  0.1940650000000E+03  0.3016383E-01  0.3400158E-05 -0.3000098E-03 -0.2602377E-07  0.8422156E-03 -0.3672167E-07
  0.1945650000000E+03  0.3016553E-01  0.3386303E-05 -0.3000228E-03 -0.2596311E-07  0.8421975E-03 -0.3631532E-07
  0.1950650000000E+03  0.3016721E-01  0.3372564E-05 -0.3000358E-03 -0.2590304E-07  0.8421795E-03 -0.3591187E-07
  0.1955650000000E+03  0.3016889E-01  0.3358938E-05 -0.3000487E-03 -0.2584355E-07  0.8421618E-03 -0.3551134E-07
  0.1960650000000E+03  0.3017056E-01  0.3345424E-05 -0.3000616E-03 -0.2578462E-07  0.8421442E-03 -0.3511372E-07
  0.1965650000000E+03  0.3017223E-01  0.3332021E-05 -0.3000744E-03 -0.2572625E-07  0.8421268E-03 -0.3471902E-07
  0.1970650000000E+03  0.3017389E-01  0.3318727E-05 -0.3000873E-03 -0.2566842E-07  0.8421097E-03 -0.3432723E-07
  0.1975650000000E+03  0.3017554E-01  0.3305542E-05 -0.3001001E-03 -0.2561112E-07  0.8420927E-03 -0.3393836E-07
  0.1980650000000E+03  0.3017719E-01  0.3292463E-05 -0.3001128E-03 -0.2555434E-07  0.8420759E-03 -0.3355241E-07
  0.1985650000000E+03  0.3017883E-01  0.3279490E-05 -0.3001256E-03 -0.2549808E-07  0.8420593E-03 -0.3316937E-07
  0.1990650000000E+03  0.3018046E-01  0.3266622E-05 -0.3001383E-03 -0.2544232E-07  0.8420429E-03 -0.3278925E-07
  0.1995650000000E+03  0.3018209E-01  0.3253856E-05 -0.3001510E-03 -0.2538706E-07  0.8420267E-03 -0.3241204E-07
  0.2000983333333E+03  0.3018371E-01  0.3038618E-05 -0.3001637E-03 -0.2374902E-07  0.8420107E-03 -0.3003537E-07
  0.2006316666667E+03  0.3018543E-01  0.3228085E-05 -0.3001772E-03 -0.2527341E-07  0.8419938E-03 -0.3164528E-07
  0.2011650000000E+03  0.3018715E-01  0.3214674E-05 -0.3001906E-03 -0.2521330E-07  0.8419772E-03 -0.3124426E-07
  0.2016983333333E+03  0.3018885E-01  0.3201500E-05 -0.3002040E-03 -0.2515651E-07  0.8419607E-03 -0.3085493E-07
  0.2022316666667E+03  0.3019055E-01  0.3188436E-05 -0.3002174E-03 -0.2510023E-07  0.8419445E-03 -0.3046885E-07
  0.2027650000000E+03  0.3019225E-01  0.3175481E-05 -0.3002308E-03 -0.2504446E-07  0.8419284E-03 -0.3008603E-07
  0.2032983333333E+03  0.3019393E-01  0.3162634E-05 -0.3002441E-03 -0.2498919E-07  0.8419126E-03 -0.2970644E-07
  0.2038316666667E+03  0.3019561E-01  0.3149893E-05 -0.3002574E-03 -0.2493441E-07  0.8418969E-03 -0.2933009E-07
  0.2043650000000E+03  0.3019729E-01  0.3137257E-05 -0.3002707E-03 -0.2488010E-07  0.8418815E-03 -0.2895696E-07
  0.2048983333333E+03  0.3019895E-01  0.3124725E-05 -0.3002839E-03 -0.2482626E-07  0.8418663E-03 -0.2858704E-07
  0.2054316666667E+03  0.3020061E-01  0.3112296E-05 -0.3002971E-03 -0.2477289E-07  0.8418512E-03 -0.2822031E-07
  0.2059650000000E+03  0.3020227E-01  0.3099968E-05 -0.3003103E-03 -0.2471997E-07  0.8418363E-03 -0.2785677E-07
  0.2064983333333E+03  0.3020391E-01  0.3087739E-05 -0.3003235E-03 -0.2466749E-07  0.8418217E-03 -0.2749640E-07
  0.2070316666667E+03  0.3020555E-01  0.3075610E-05 -0.3003366E-03 -0.2461545E-07  0.8418072E-03 -0.2713919E-07
  0.2075983333333E+03  0.3020719E-01  0.2883368E-05 -0.3003497E-03 -0.2311890E-07  0.8417929E-03 -0.2520952E-07
  0.2081650000000E+03  0.3020892E-01  0.3051154E-05 -0.3003636E-03 -0.2450858E-07  0.8417780E-03 -0.2641556E-07
  0.2087316666667E+03  0.3021064E-01  0.3038467E-05 -0.3003774E-03 -0.2445224E-07  0.8417632E-03 -0.2603903E-07
  0.2092983333333E+03  0.3021235E-01  0.3026001E-05 -0.3003913E-03 -0.2439883E-07  0.8417487E-03 -0.2567338E-07
  0.2098650000000E+03  0.3021406E-01  0.3013639E-05 -0.3004051E-03 -0.2434587E-07  0.8417343E-03 -0.2531119E-07
  0.2104316666667E+03  0.3021576E-01  0.3001382E-05 -0.3004188E-03 -0.2429336E-07  0.8417202E-03 -0.2495244E-07
  0.2109983333333E+03  0.3021746E-01  0.2989226E-05 -0.3004326E-03 -0.2424128E-07  0.8417062E-03 -0.2459710E-07
  0.2115650000000E+03  0.3021914E-01  0.2977172E-05 -0.3004463E-03 -0.2418963E-07  0.8416925E-03 -0.2424515E-07
  0.2121316666667E+03  0.3022082E-01  0.2965217E-05 -0.3004599E-03 -0.2413840E-07  0.8416789E-03 -0.2389658E-07
  0.2126983333333E+03  0.3022250E-01  0.2953361E-05 -0.3004736E-03 -0.2408758E-07  0.8416656E-03 -0.2355136E-07
  0.2132650000000E+03  0.3022416E-01  0.2941602E-05 -0.3004872E-03 -0.2403716E-07  0.8416525E-03 -0.2320947E-07
  0.2138316666667E+03  0.3022582E-01  0.2929939E-05 -0.3005008E-03 -0.2398715E-07  0.8416395E-03 -0.2287088E-07
  0.2143983333333E+03  0.3022748E-01  0.2918372E-05 -0.3005144E-03 -0.2393752E-07  0.8416267E-03 -0.2253558E-07
  0.2149983333333E+03  0.3022912E-01  0.2745403E-05 -0.3005279E-03 -0.2256115E-07  0.8416141E-03 -0.2097001E-07
  0.2155983333333E+03  0.3023086E-01  0.2895075E-05 -0.3005422E-03 -0.2383579E-07  0.8416010E-03 -0.2185819E-07
  0.2161983333333E+03  0.3023259E-01  0.2883022E-05 -0.3005565E-03 -0.2378231E-07  0.8415881E-03 -0.2150720E-07
  0.2167983333333E+03  0.3023431E-01  0.2871176E-05 -0.3005707E-03 -0.2373144E-07  0.8415754E-03 -0.2116643E-07
  0.2173983333333E+03  0.3023603E-01  0.2859430E-05 -0.3005849E-03 -0.2368098E-07  0.8415629E-03 -0.2082919E-07
  0.2179983333333E+03  0.3023774E-01  0.2847783E-05 -0.3005991E-03 -0.2363091E-07  0.8415506E-03 -0.2049545E-07
  0.2185983333333E+03  0.3023944E-01  0.2836234E-05 -0.3006132E-03 -0.2358122E-07  0.8415385E-03 -0.2016518E-07
  0.2191983333333E+03  0.3024114E-01  0.2824780E-05 -0.3006274E-03 -0.2353192E-07  0.8415266E-03 -0.1983835E-07
  0.2197983333333E+03  0.3024282E-01  0.2813422E-05 -0.3006415E-03 -0.2348300E-07  0.8415149E-03 -0.1951492E-07
  0.2203983333333E+03  0.3024450E-01  0.2802158E-05 -0.3006555E-03 -0.2343444E-07  0.8415034E-03 -0.1919488E-07
  0.2209983333333E+03  0.3024618E-01  0.2790986E-05 -0.3006696E-03 -0.2338624E-07  0.8414921E-03 -0.1887819E-07
  0.2215983333333E+03  0.3024785E-01  0.2779906E-05 -0.3006836E-03 -0.2333840E-07  0.8414809E-03 -0.1856482E-07
  0.2222316666667E+03  0.3024951E-01  0.2623183E-05 -0.3006975E-03 -0.2206507E-07  0.8414700E-03 -0.1729397E-07
  0.2228650000000E+03  0.3025125E-01  0.2757614E-05 -0.3007122E-03 -0.2324050E-07  0.8414586E-03 -0.1793312E-07
  0.2234983333333E+03  0.3025299E-01  0.2746109E-05 -0.3007269E-03 -0.2318919E-07  0.8414475E-03 -0.1760696E-07
  0.2241316666667E+03  0.3025473E-01  0.2734800E-05 -0.3007416E-03 -0.2314022E-07  0.8414365E-03 -0.1729045E-07
  0.2247650000000E+03  0.3025645E-01  0.2723586E-05 -0.3007562E-03 -0.2309161E-07  0.8414258E-03 -0.1697744E-07
  0.2253983333333E+03  0.3025817E-01  0.2712466E-05 -0.3007708E-03 -0.2304336E-07  0.8414152E-03 -0.1666791E-07
  0.2260316666667E+03  0.3025988E-01  0.2701440E-05 -0.3007854E-03 -0.2299546E-07  0.8414048E-03 -0.1636181E-07
  0.2266650000000E+03  0.3026158E-01  0.2690506E-05 -0.3007999E-03 -0.2294791E-07  0.8413947E-03 -0.1605913E-07
  0.2272983333333E+03  0.3026328E-01  0.2679663E-05 -0.3008144E-03 -0.2290070E-07  0.8413847E-03 -0.1575981E-07
  0.2279316666667E+03  0.3026497E-01  0.2668910E-05 -0.3008289E-03 -0.2285383E-07  0.8413749E-03 -0.1546382E-07
  0.2285650000000E+03  0.3026665E-01  0.2658245E-05 -0.3008433E-03 -0.2280728E-07  0.8413653E-03 -0.1517113E-07
  0.2292316666667E+03  0.3026833E-01  0.2515285E-05 -0.3008577E-03 -0.2162301E-07  0.8413559E-03 -0.1413762E-07
  0.2298983333333E+03  0.3027009E-01  0.2636810E-05 -0.3008729E-03 -0.2271221E-07  0.8413461E-03 -0.1458218E-07
  0.2305650000000E+03  0.3027184E-01  0.2625772E-05 -0.3008880E-03 -0.2266253E-07  0.8413366E-03 -0.1427901E-07
  0.2312316666667E+03  0.3027358E-01  0.2614919E-05 -0.3009031E-03 -0.2261495E-07  0.8413273E-03 -0.1398494E-07
  0.2318983333333E+03  0.3027532E-01  0.2604157E-05 -0.3009181E-03 -0.2256770E-07  0.8413182E-03 -0.1369432E-07
  0.2325650000000E+03  0.3027705E-01  0.2593487E-05 -0.3009331E-03 -0.2252080E-07  0.8413092E-03 -0.1340709E-07
  0.2332316666667E+03  0.3027877E-01  0.2582906E-05 -0.3009481E-03 -0.2247422E-07  0.8413005E-03 -0.1312322E-07
  0.2338983333333E+03  0.3028049E-01  0.2572414E-05 -0.3009631E-03 -0.2242796E-07  0.8412919E-03 -0.1284267E-07
  0.2345650000000E+03  0.3028219E-01  0.2562010E-05 -0.3009780E-03 -0.2238202E-07  0.8412835E-03 -0.1256540E-07
  0.2352316666667E+03  0.3028389E-01  0.2551691E-05 -0.3009929E-03 -0.2233639E-07  0.8412754E-03 -0.1229136E-07
  0.2358983333333E+03  0.3028559E-01  0.2541459E-05 -0.3010077E-03 -0.2229107E-07  0.8412673E-03 -0.1202053E-07
  0.2365983333333E+03  0.3028728E-01  0.2410772E-05 -0.3010226E-03 -0.2118672E-07  0.8412595E-03 -0.1119319E-07
  0.2372983333333E+03  0.3028904E-01  0.2520908E-05 -0.3010381E-03 -0.2219866E-07  0.8412515E-03 -0.1147633E-07
  0.2379983333333E+03  0.3029080E-01  0.2510347E-05 -0.3010536E-03 -0.2215049E-07  0.8412436E-03 -0.1119692E-07
  0.2386983333333E+03  0.3029255E-01  0.2499960E-05 -0.3010691E-03 -0.2210422E-07  0.8412360E-03 -0.1092605E-07
  0.2393983333333E+03  0.3029429E-01  0.2489660E-05 -0.3010845E-03 -0.2205826E-07  0.8412285E-03 -0.1065847E-07
  0.2400983333333E+03  0.3029603E-01  0.2479448E-05 -0.3010999E-03 -0.2201262E-07  0.8412213E-03 -0.1039413E-07
  0.2407983333333E+03  0.3029776E-01  0.2469321E-05 -0.3011153E-03 -0.2196728E-07  0.8412142E-03 -0.1013301E-07
  0.2414983333333E+03  0.3029948E-01  0.2459279E-05 -0.3011307E-03 -0.2192225E-07  0.8412072E-03 -0.9875052E-08
  0.2421983333333E+03  0.3030119E-01  0.2449321E-05 -0.3011460E-03 -0.2187751E-07  0.8412005E-03 -0.9620216E-08
  0.2428983333333E+03  0.3030290E-01  0.2439446E-05 -0.3011613E-03 -0.2183306E-07  0.8411940E-03 -0.9368461E-08
  0.2436316666667E+03  0.3030460E-01  0.2319213E-05 -0.3011765E-03 -0.2079850E-07  0.8411876E-03 -0.8705210E-08
  0.2443650000000E+03  0.3030637E-01  0.2419628E-05 -0.3011925E-03 -0.2174258E-07  0.8411811E-03 -0.8863213E-08
  0.2450983333333E+03  0.3030814E-01  0.2409463E-05 -0.3012084E-03 -0.2169554E-07  0.8411748E-03 -0.8604372E-08
  0.2458316666667E+03  0.3030990E-01  0.2399461E-05 -0.3012242E-03 -0.2165022E-07  0.8411686E-03 -0.8353537E-08
  0.2465650000000E+03  0.3031165E-01  0.2389545E-05 -0.3012401E-03 -0.2160521E-07  0.8411627E-03 -0.8105841E-08
  0.2472983333333E+03  0.3031340E-01  0.2379712E-05 -0.3012559E-03 -0.2156049E-07  0.8411569E-03 -0.7861237E-08
  0.2480316666667E+03  0.3031514E-01  0.2369963E-05 -0.3012717E-03 -0.2151606E-07  0.8411513E-03 -0.7619683E-08
  0.2487650000000E+03  0.3031687E-01  0.2360294E-05 -0.3012874E-03 -0.2147192E-07  0.8411459E-03 -0.7381132E-08
  0.2494983333333E+03  0.3031859E-01  0.2350707E-05 -0.3013031E-03 -0.2142807E-07  0.8411407E-03 -0.7145540E-08
  0.2502316666667E+03  0.3032031E-01  0.2341199E-05 -0.3013188E-03 -0.2138449E-07  0.8411356E-03 -0.6912866E-08
  0.2509983333333E+03  0.3032202E-01  0.2230389E-05 -0.3013345E-03 -0.2041332E-07  0.8411307E-03 -0.6392496E-08
  0.2517650000000E+03  0.3032380E-01  0.2322133E-05 -0.3013508E-03 -0.2129592E-07  0.8411258E-03 -0.6446348E-08
  0.2525316666667E+03  0.3032557E-01  0.2312369E-05 -0.3013671E-03 -0.2124999E-07  0.8411210E-03 -0.6207792E-08
  0.2532983333333E+03  0.3032734E-01  0.2302759E-05 -0.3013833E-03 -0.2120562E-07  0.8411164E-03 -0.5976685E-08
  0.2540650000000E+03  0.3032909E-01  0.2293232E-05 -0.3013996E-03 -0.2116154E-07  0.8411120E-03 -0.5748521E-08
  0.2548316666667E+03  0.3033084E-01  0.2283784E-05 -0.3014158E-03 -0.2111775E-07  0.8411078E-03 -0.5523254E-08
  0.2555983333333E+03  0.3033259E-01  0.2274417E-05 -0.3014319E-03 -0.2107423E-07  0.8411037E-03 -0.5300839E-08
  0.2563650000000E+03  0.3033433E-01  0.2265127E-05 -0.3014480E-03 -0.2103099E-07  0.8410998E-03 -0.5081231E-08
  0.2571316666667E+03  0.3033605E-01  0.2255915E-05 -0.3014641E-03 -0.2098802E-07  0.8410961E-03 -0.4864385E-08
  0.2579316666667E+03  0.3033778E-01  0.2153163E-05 -0.3014802E-03 -0.2007260E-07  0.8410925E-03 -0.4456498E-08
  0.2587316666667E+03  0.3033957E-01  0.2237454E-05 -0.3014969E-03 -0.2090082E-07  0.8410890E-03 -0.4429957E-08
  0.2595316666667E+03  0.3034135E-01  0.2228014E-05 -0.3015136E-03 -0.2085569E-07  0.8410856E-03 -0.4208175E-08
  0.2603316666667E+03  0.3034312E-01  0.2218722E-05 -0.3015302E-03 -0.2081201E-07  0.8410824E-03 -0.3993344E-08
  0.2611316666667E+03  0.3034489E-01  0.2209509E-05 -0.3015469E-03 -0.2076860E-07  0.8410794E-03 -0.3781277E-08
  0.2619316666667E+03  0.3034665E-01  0.2200373E-05 -0.3015634E-03 -0.2072548E-07  0.8410765E-03 -0.3571929E-08
  0.2627316666667E+03  0.3034841E-01  0.2191314E-05 -0.3015800E-03 -0.2068262E-07  0.8410739E-03 -0.3365254E-08
  0.2635316666667E+03  0.3035015E-01  0.2182332E-05 -0.3015965E-03 -0.2064004E-07  0.8410713E-03 -0.3161210E-08
  0.2643650000000E+03  0.3035189E-01  0.2086487E-05 -0.3016130E-03 -0.1977381E-07  0.8410690E-03 -0.2841361E-08
  0.2651983333333E+03  0.3035369E-01  0.2164342E-05 -0.3016301E-03 -0.2055373E-07  0.8410667E-03 -0.2752732E-08
  0.2660316666667E+03  0.3035549E-01  0.2155157E-05 -0.3016472E-03 -0.2050916E-07  0.8410645E-03 -0.2544510E-08
  0.2668650000000E+03  0.3035728E-01  0.2146113E-05 -0.3016642E-03 -0.2046593E-07  0.8410626E-03 -0.2342802E-08
  0.2676983333333E+03  0.3035906E-01  0.2137146E-05 -0.3016813E-03 -0.2042298E-07  0.8410608E-03 -0.2143706E-08
  0.2685316666667E+03  0.3036083E-01  0.2128255E-05 -0.3016982E-03 -0.2038031E-07  0.8410592E-03 -0.1947177E-08
  0.2693650000000E+03  0.3036260E-01  0.2119440E-05 -0.3017152E-03 -0.2033790E-07  0.8410577E-03 -0.1753171E-08
  0.2701983333333E+03  0.3036436E-01  0.2110698E-05 -0.3017321E-03 -0.2029576E-07  0.8410564E-03 -0.1561644E-08
  0.2710316666667E+03  0.3036611E-01  0.2102030E-05 -0.3017490E-03 -0.2025388E-07  0.8410553E-03 -0.1372554E-08
  0.2718983333333E+03  0.3036785E-01  0.2012917E-05 -0.3017658E-03 -0.1943487E-07  0.8410543E-03 -0.1140247E-08
  0.2727650000000E+03  0.3036966E-01  0.2084678E-05 -0.3017833E-03 -0.2016911E-07  0.8410534E-03 -0.9941923E-09
  0.2736316666667E+03  0.3037146E-01  0.2075831E-05 -0.3018008E-03 -0.2012542E-07  0.8410527E-03 -0.8015477E-09
  0.2744983333333E+03  0.3037325E-01  0.2067116E-05 -0.3018182E-03 -0.2008297E-07  0.8410522E-03 -0.6148929E-09
  0.2753650000000E+03  0.3037504E-01  0.2058476E-05 -0.3018355E-03 -0.2004079E-07  0.8410518E-03 -0.4306427E-09
  0.2762316666667E+03  0.3037681E-01  0.2049909E-05 -0.3018529E-03 -0.1999888E-07  0.8410516E-03 -0.2487541E-09
  0.2770983333333E+03  0.3037858E-01  0.2041415E-05 -0.3018702E-03 -0.1995723E-07  0.8410515E-03 -0.6918498E-10
  0.2779650000000E+03  0.3038034E-01  0.2032991E-05 -0.3018874E-03 -0.1991584E-07  0.8410516E-03  0.1081060E-09
  0.2788650000000E+03  0.3038210E-01  0.1949651E-05 -0.3019046E-03 -0.1913860E-07  0.8410519E-03  0.2726719E-09
  0.2797650000000E+03  0.3038391E-01  0.2016139E-05 -0.3019225E-03 -0.1983215E-07  0.8410523E-03  0.4626859E-09
  0.2806650000000E+03  0.3038572E-01  0.2007556E-05 -0.3019403E-03 -0.1978910E-07  0.8410529E-03  0.6430207E-09
  0.2815650000000E+03  0.3038752E-01  0.1999101E-05 -0.3019581E-03 -0.1974721E-07  0.8410536E-03  0.8178135E-09
  0.2824650000000E+03  0.3038931E-01  0.1990718E-05 -0.3019758E-03 -0.1970558E-07  0.8410545E-03  0.9903696E-09
  0.2833650000000E+03  0.3039109E-01  0.1982405E-05 -0.3019935E-03 -0.1966422E-07  0.8410556E-03  0.1160730E-08
  0.2842650000000E+03  0.3039287E-01  0.1974163E-05 -0.3020112E-03 -0.1962312E-07  0.8410568E-03  0.1328934E-08
  0.2851983333333E+03  0.3039464E-01  0.1895776E-05 -0.3020288E-03 -0.1888291E-07  0.8410581E-03  0.1441628E-08
  0.2861316666667E+03  0.3039647E-01  0.1957683E-05 -0.3020470E-03 -0.1954011E-07  0.8410597E-03  0.1665166E-08
  0.2870650000000E+03  0.3039829E-01  0.1949299E-05 -0.3020652E-03 -0.1949747E-07  0.8410614E-03  0.1835980E-08
  0.2879983333333E+03  0.3040010E-01  0.1941039E-05 -0.3020834E-03 -0.1945593E-07  0.8410632E-03  0.2001624E-08
  0.2889316666667E+03  0.3040190E-01  0.1932849E-05 -0.3021015E-03 -0.1941467E-07  0.8410653E-03  0.2165161E-08
  0.2898650000000E+03  0.3040370E-01  0.1924729E-05 -0.3021196E-03 -0.1937366E-07  0.8410674E-03  0.2326630E-08
  0.2907983333333E+03  0.3040549E-01  0.1916677E-05 -0.3021376E-03 -0.1933291E-07  0.8410697E-03  0.2486068E-08
  0.2917650000000E+03  0.3040727E-01  0.1842876E-05 -0.3021556E-03 -0.1862716E-07  0.8410722E-03  0.2552357E-08
  0.2927316666667E+03  0.3040911E-01  0.1900586E-05 -0.3021742E-03 -0.1925069E-07  0.8410749E-03  0.2804631E-08
  0.2936983333333E+03  0.3041094E-01  0.1892409E-05 -0.3021928E-03 -0.1920853E-07  0.8410778E-03  0.2966307E-08
  0.2946650000000E+03  0.3041276E-01  0.1884351E-05 -0.3022113E-03 -0.1916741E-07  0.8410808E-03  0.3123184E-08
  0.2956316666667E+03  0.3041457E-01  0.1876362E-05 -0.3022298E-03 -0.1912656E-07  0.8410840E-03  0.3278083E-08
  0.2965983333333E+03  0.3041638E-01  0.1868441E-05 -0.3022483E-03 -0.1908596E-07  0.8410873E-03  0.3431040E-08
  0.2975650000000E+03  0.3041818E-01  0.1860587E-05 -0.3022667E-03 -0.1904563E-07  0.8410908E-03  0.3582092E-08
  0.2985650000000E+03  0.3041997E-01  0.1791039E-05 -0.3022851E-03 -0.1837203E-07  0.8410944E-03  0.3606898E-08
  0.2995650000000E+03  0.3042181E-01  0.1844898E-05 -0.3023040E-03 -0.1896432E-07  0.8410982E-03  0.3883773E-08
  0.3005650000000E+03  0.3042365E-01  0.1836933E-05 -0.3023229E-03 -0.1892268E-07  0.8411023E-03  0.4036741E-08
  0.3015650000000E+03  0.3042548E-01  0.1829083E-05 -0.3023418E-03 -0.1888204E-07  0.8411065E-03  0.4185272E-08
  0.3025650000000E+03  0.3042730E-01  0.1821300E-05 -0.3023607E-03 -0.1884165E-07  0.8411108E-03  0.4331950E-08
  0.3035650000000E+03  0.3042911E-01  0.1813583E-05 -0.3023795E-03 -0.1880153E-07  0.8411153E-03  0.4476811E-08
  0.3045650000000E+03  0.3043092E-01  0.1805932E-05 -0.3023982E-03 -0.1876167E-07  0.8411199E-03  0.4619887E-08
  0.3055983333333E+03  0.3043272E-01  0.1740335E-05 -0.3024170E-03 -0.1811812E-07  0.8411247E-03  0.4607626E-08
  0.3066316666667E+03  0.3043457E-01  0.1790655E-05 -0.3024363E-03 -0.1868137E-07  0.8411297E-03  0.4905527E-08
  0.3076650000000E+03  0.3043641E-01  0.1782907E-05 -0.3024555E-03 -0.1864030E-07  0.8411349E-03  0.5050235E-08
  0.3086983333333E+03  0.3043824E-01  0.1775268E-05 -0.3024747E-03 -0.1860018E-07  0.8411403E-03  0.5190855E-08
  0.3097316666667E+03  0.3044007E-01  0.1767695E-05 -0.3024939E-03 -0.1856032E-07  0.8411458E-03  0.5329744E-08
  0.3107650000000E+03  0.3044189E-01  0.1760187E-05 -0.3025131E-03 -0.1852071E-07  0.8411515E-03  0.5466932E-08
  0.3117983333333E+03  0.3044370E-01  0.1752742E-05 -0.3025322E-03 -0.1848136E-07  0.8411573E-03  0.5602452E-08
  0.3128650000000E+03  0.3044550E-01  0.1690818E-05 -0.3025512E-03 -0.1786595E-07  0.8411632E-03  0.5557073E-08
  0.3139316666667E+03  0.3044736E-01  0.1737883E-05 -0.3025708E-03 -0.1840217E-07  0.8411695E-03  0.5872895E-08
  0.3149983333333E+03  0.3044920E-01  0.1730354E-05 -0.3025904E-03 -0.1836171E-07  0.8411759E-03  0.6009789E-08
  0.3160650000000E+03  0.3045104E-01  0.1722930E-05 -0.3026100E-03 -0.1832216E-07  0.8411824E-03  0.6142930E-08
  0.3171316666667E+03  0.3045287E-01  0.1715569E-05 -0.3026295E-03 -0.1828286E-07  0.8411891E-03  0.6274451E-08
  0.3181983333333E+03  0.3045469E-01  0.1708271E-05 -0.3026489E-03 -0.1824382E-07  0.8411959E-03  0.6404381E-08
  0.3192983333333E+03  0.3045651E-01  0.1649489E-05 -0.3026684E-03 -0.1765336E-07  0.8412029E-03  0.6334789E-08
  0.3203983333333E+03  0.3045837E-01  0.1693711E-05 -0.3026883E-03 -0.1816529E-07  0.8412102E-03  0.6663537E-08
  0.3214983333333E+03  0.3046023E-01  0.1686340E-05 -0.3027083E-03 -0.1812523E-07  0.8412177E-03  0.6794597E-08
  0.3225983333333E+03  0.3046207E-01  0.1679070E-05 -0.3027282E-03 -0.1808602E-07  0.8412253E-03  0.6922162E-08
  0.3236983333333E+03  0.3046391E-01  0.1671863E-05 -0.3027480E-03 -0.1804708E-07  0.8412331E-03  0.7048185E-08
  0.3247983333333E+03  0.3046574E-01  0.1664717E-05 -0.3027678E-03 -0.1800839E-07  0.8412410E-03  0.7172692E-08
  0.3259316666667E+03  0.3046757E-01  0.1608879E-05 -0.3027876E-03 -0.1744142E-07  0.8412490E-03  0.7081131E-08
  0.3270650000000E+03  0.3046944E-01  0.1650467E-05 -0.3028079E-03 -0.1793062E-07  0.8412574E-03  0.7420899E-08
  0.3281983333333E+03  0.3047130E-01  0.1643258E-05 -0.3028282E-03 -0.1789098E-07  0.8412660E-03  0.7546307E-08
  0.3293316666667E+03  0.3047315E-01  0.1636148E-05 -0.3028484E-03 -0.1785218E-07  0.8412746E-03  0.7668468E-08
  0.3304650000000E+03  0.3047500E-01  0.1629099E-05 -0.3028686E-03 -0.1781362E-07  0.8412835E-03  0.7789159E-08
  0.3315983333333E+03  0.3047684E-01  0.1622111E-05 -0.3028888E-03 -0.1777533E-07  0.8412924E-03  0.7908405E-08
  0.3327650000000E+03  0.3047867E-01  0.1569035E-05 -0.3029089E-03 -0.1723050E-07  0.8413015E-03  0.7796910E-08
  0.3339316666667E+03  0.3048055E-01  0.1608179E-05 -0.3029295E-03 -0.1769839E-07  0.8413110E-03  0.8145991E-08
  0.3350983333333E+03  0.3048241E-01  0.1601137E-05 -0.3029501E-03 -0.1765922E-07  0.8413207E-03  0.8265921E-08
  0.3362650000000E+03  0.3048427E-01  0.1594190E-05 -0.3029707E-03 -0.1762085E-07  0.8413305E-03  0.8382842E-08
  0.3374316666667E+03  0.3048613E-01  0.1587303E-05 -0.3029912E-03 -0.1758272E-07  0.8413404E-03  0.8498358E-08
  0.3386316666667E+03  0.3048797E-01  0.1536574E-05 -0.3030117E-03 -0.1705750E-07  0.8413504E-03  0.8373257E-08
  0.3398316666667E+03  0.3048986E-01  0.1573578E-05 -0.3030327E-03 -0.1750619E-07  0.8413609E-03  0.8728365E-08
  0.3410316666667E+03  0.3049174E-01  0.1566646E-05 -0.3030536E-03 -0.1746725E-07  0.8413715E-03  0.8844356E-08
  0.3422316666667E+03  0.3049361E-01  0.1559807E-05 -0.3030745E-03 -0.1742909E-07  0.8413823E-03  0.8957510E-08
  0.3434316666667E+03  0.3049547E-01  0.1553027E-05 -0.3030954E-03 -0.1739118E-07  0.8413931E-03  0.9069299E-08
  0.3446316666667E+03  0.3049733E-01  0.1546307E-05 -0.3031162E-03 -0.1735353E-07  0.8414042E-03  0.9179746E-08
  0.3458650000000E+03  0.3049918E-01  0.1498033E-05 -0.3031370E-03 -0.1684812E-07  0.8414153E-03  0.9037822E-08
  0.3470983333333E+03  0.3050107E-01  0.1532918E-05 -0.3031583E-03 -0.1727796E-07  0.8414269E-03  0.9399525E-08
  0.3483316666667E+03  0.3050295E-01  0.1526160E-05 -0.3031796E-03 -0.1723955E-07  0.8414386E-03  0.9510253E-08
  0.3495650000000E+03  0.3050482E-01  0.1519492E-05 -0.3032008E-03 -0.1720188E-07  0.8414505E-03  0.9618355E-08
  0.3507983333333E+03  0.3050669E-01  0.1512882E-05 -0.3032220E-03 -0.1716446E-07  0.8414625E-03  0.9725150E-08
  0.3520650000000E+03  0.3050855E-01  0.1466690E-05 -0.3032431E-03 -0.1667658E-07  0.8414746E-03  0.9571957E-08
  0.3533316666667E+03  0.3051045E-01  0.1499718E-05 -0.3032647E-03 -0.1708941E-07  0.8414872E-03  0.9937515E-08
  0.3545983333333E+03  0.3051234E-01  0.1493079E-05 -0.3032863E-03 -0.1705129E-07  0.8414999E-03  0.1004440E-07
  0.3558650000000E+03  0.3051422E-01  0.1486526E-05 -0.3033079E-03 -0.1701389E-07  0.8415128E-03  0.1014881E-07
  0.3571316666667E+03  0.3051609E-01  0.1480032E-05 -0.3033294E-03 -0.1697674E-07  0.8415258E-03  0.1025195E-07
  0.3584316666667E+03  0.3051796E-01  0.1435810E-05 -0.3033508E-03 -0.1650549E-07  0.8415389E-03  0.1008836E-07
  0.3597316666667E+03  0.3051987E-01  0.1467101E-05 -0.3033728E-03 -0.1690225E-07  0.8415525E-03  0.1045690E-07
  0.3610316666667E+03  0.3052177E-01  0.1460584E-05 -0.3033947E-03 -0.1686445E-07  0.8415662E-03  0.1055995E-07
  0.3623316666667E+03  0.3052366E-01  0.1454151E-05 -0.3034166E-03 -0.1682734E-07  0.8415801E-03  0.1066067E-07
  0.3636316666667E+03  0.3052554E-01  0.1447776E-05 -0.3034384E-03 -0.1679049E-07  0.8415940E-03  0.1076015E-07
  0.3649650000000E+03  0.3052741E-01  0.1405420E-05 -0.3034602E-03 -0.1633503E-07  0.8416082E-03  0.1058695E-07
  0.3662983333333E+03  0.3052933E-01  0.1435087E-05 -0.3034825E-03 -0.1671661E-07  0.8416228E-03  0.1095768E-07
  0.3676316666667E+03  0.3053123E-01  0.1428694E-05 -0.3035048E-03 -0.1667914E-07  0.8416375E-03  0.1105689E-07
  0.3689650000000E+03  0.3053313E-01  0.1422385E-05 -0.3035269E-03 -0.1664235E-07  0.8416524E-03  0.1115391E-07
  0.3702983333333E+03  0.3053502E-01  0.1416132E-05 -0.3035491E-03 -0.1660581E-07  0.8416674E-03  0.1124972E-07
  0.3716650000000E+03  0.3053690E-01  0.1375546E-05 -0.3035712E-03 -0.1616537E-07  0.8416825E-03  0.1106765E-07
  0.3730316666667E+03  0.3053882E-01  0.1403690E-05 -0.3035938E-03 -0.1653258E-07  0.8416981E-03  0.1143981E-07
  0.3743983333333E+03  0.3054073E-01  0.1397426E-05 -0.3036163E-03 -0.1649546E-07  0.8417139E-03  0.1153519E-07
  0.3757650000000E+03  0.3054263E-01  0.1391243E-05 -0.3036388E-03 -0.1645899E-07  0.8417298E-03  0.1162851E-07
  0.3771650000000E+03  0.3054452E-01  0.1352136E-05 -0.3036613E-03 -0.1603176E-07  0.8417458E-03  0.1144157E-07
  0.3785650000000E+03  0.3054645E-01  0.1378944E-05 -0.3036842E-03 -0.1638596E-07  0.8417624E-03  0.1181350E-07
  0.3799650000000E+03  0.3054837E-01  0.1372755E-05 -0.3037071E-03 -0.1634896E-07  0.8417790E-03  0.1190622E-07
  0.3813650000000E+03  0.3055029E-01  0.1366647E-05 -0.3037299E-03 -0.1631260E-07  0.8417958E-03  0.1199696E-07
  0.3827650000000E+03  0.3055219E-01  0.1360593E-05 -0.3037527E-03 -0.1627649E-07  0.8418127E-03  0.1208653E-07
  0.3841983333333E+03  0.3055409E-01  0.1323092E-05 -0.3037754E-03 -0.1586292E-07  0.8418298E-03  0.1189179E-07
  0.3856316666667E+03  0.3055602E-01  0.1348554E-05 -0.3037987E-03 -0.1620416E-07  0.8418474E-03  0.1226393E-07
  0.3870650000000E+03  0.3055794E-01  0.1342500E-05 -0.3038218E-03 -0.1616754E-07  0.8418651E-03  0.1235275E-07
  0.3884983333333E+03  0.3055986E-01  0.1336523E-05 -0.3038450E-03 -0.1613155E-07  0.8418829E-03  0.1243970E-07
  0.3899650000000E+03  0.3056177E-01  0.1300360E-05 -0.3038680E-03 -0.1572997E-07  0.8419009E-03  0.1224083E-07
  0.3914316666667E+03  0.3056371E-01  0.1324641E-05 -0.3038916E-03 -0.1605947E-07  0.8419194E-03  0.1261179E-07
  0.3928983333333E+03  0.3056564E-01  0.1318669E-05 -0.3039151E-03 -0.1602300E-07  0.8419380E-03  0.1269785E-07
  0.3943650000000E+03  0.3056757E-01  0.1312773E-05 -0.3039385E-03 -0.1598714E-07  0.8419567E-03  0.1278212E-07
  0.3958316666667E+03  0.3056949E-01  0.1306930E-05 -0.3039619E-03 -0.1595151E-07  0.8419756E-03  0.1286525E-07
  0.3973316666667E+03  0.3057139E-01  0.1272227E-05 -0.3039853E-03 -0.1556242E-07  0.8419946E-03  0.1265953E-07
  0.3988316666667E+03  0.3057334E-01  0.1295318E-05 -0.3040091E-03 -0.1588019E-07  0.8420141E-03  0.1302960E-07
  0.4003316666667E+03  0.3057527E-01  0.1289483E-05 -0.3040329E-03 -0.1584411E-07  0.8420338E-03  0.1311169E-07
  0.4018316666667E+03  0.3057720E-01  0.1283723E-05 -0.3040566E-03 -0.1580862E-07  0.8420536E-03  0.1319210E-07
  0.4033650000000E+03  0.3057911E-01  0.1250233E-05 -0.3040802E-03 -0.1543046E-07  0.8420735E-03  0.1298288E-07
  0.4048983333333E+03  0.3058106E-01  0.1272277E-05 -0.3041044E-03 -0.1573760E-07  0.8420940E-03  0.1335093E-07
  0.4064316666667E+03  0.3058301E-01  0.1266529E-05 -0.3041284E-03 -0.1570168E-07  0.8421146E-03  0.1343017E-07
  0.4079650000000E+03  0.3058494E-01  0.1260854E-05 -0.3041525E-03 -0.1566634E-07  0.8421353E-03  0.1350779E-07
  0.4095316666667E+03  0.3058686E-01  0.1228524E-05 -0.3041764E-03 -0.1529865E-07  0.8421561E-03  0.1329527E-07
  0.4110983333333E+03  0.3058882E-01  0.1249580E-05 -0.3042009E-03 -0.1559563E-07  0.8421775E-03  0.1366097E-07
  0.4126650000000E+03  0.3059077E-01  0.1243921E-05 -0.3042252E-03 -0.1555989E-07  0.8421990E-03  0.1373730E-07
  0.4142316666667E+03  0.3059271E-01  0.1238334E-05 -0.3042496E-03 -0.1552471E-07  0.8422207E-03  0.1381207E-07
  0.4158316666667E+03  0.3059464E-01  0.1207115E-05 -0.3042738E-03 -0.1516705E-07  0.8422424E-03  0.1359645E-07
  0.4174316666667E+03  0.3059661E-01  0.1227236E-05 -0.3042986E-03 -0.1545433E-07  0.8422647E-03  0.1395947E-07
  0.4190316666667E+03  0.3059856E-01  0.1221668E-05 -0.3043232E-03 -0.1541877E-07  0.8422872E-03  0.1403283E-07
  0.4206316666667E+03  0.3060051E-01  0.1216171E-05 -0.3043478E-03 -0.1538376E-07  0.8423098E-03  0.1410469E-07
  0.4222650000000E+03  0.3060244E-01  0.1186015E-05 -0.3043724E-03 -0.1503572E-07  0.8423324E-03  0.1388616E-07
  0.4238983333333E+03  0.3060441E-01  0.1205253E-05 -0.3043974E-03 -0.1531372E-07  0.8423557E-03  0.1424620E-07
  0.4255316666667E+03  0.3060637E-01  0.1199778E-05 -0.3044224E-03 -0.1527835E-07  0.8423791E-03  0.1431654E-07
  0.4271650000000E+03  0.3060832E-01  0.1194372E-05 -0.3044473E-03 -0.1524351E-07  0.8424026E-03  0.1438543E-07
  0.4288316666667E+03  0.3061026E-01  0.1165236E-05 -0.3044721E-03 -0.1490471E-07  0.8424262E-03  0.1416418E-07
  0.4304983333333E+03  0.3061224E-01  0.1183639E-05 -0.3044974E-03 -0.1517383E-07  0.8424504E-03  0.1452096E-07
  0.4321650000000E+03  0.3061420E-01  0.1178258E-05 -0.3045226E-03 -0.1513864E-07  0.8424747E-03  0.1458823E-07
  0.4338650000000E+03  0.3061616E-01  0.1149946E-05 -0.3045478E-03 -0.1480782E-07  0.8424991E-03  0.1436677E-07
  0.4355650000000E+03  0.3061814E-01  0.1167612E-05 -0.3045734E-03 -0.1506889E-07  0.8425242E-03  0.1471984E-07
  0.4372650000000E+03  0.3062012E-01  0.1162278E-05 -0.3045990E-03 -0.1503369E-07  0.8425493E-03  0.1478508E-07
  0.4389650000000E+03  0.3062208E-01  0.1157010E-05 -0.3046245E-03 -0.1499899E-07  0.8425745E-03  0.1484896E-07
  0.4406983333333E+03  0.3062404E-01  0.1129642E-05 -0.3046499E-03 -0.1467673E-07  0.8425999E-03  0.1462500E-07
  0.4424316666667E+03  0.3062603E-01  0.1146556E-05 -0.3046758E-03 -0.1492962E-07  0.8426258E-03  0.1497434E-07
  0.4441650000000E+03  0.3062801E-01  0.1141319E-05 -0.3047016E-03 -0.1489462E-07  0.8426519E-03  0.1503641E-07
  0.4458983333333E+03  0.3062998E-01  0.1136149E-05 -0.3047274E-03 -0.1486011E-07  0.8426781E-03  0.1509717E-07
  0.4476650000000E+03  0.3063194E-01  0.1109686E-05 -0.3047531E-03 -0.1454608E-07  0.8427044E-03  0.1487088E-07
  0.4494316666667E+03  0.3063393E-01  0.1125888E-05 -0.3047792E-03 -0.1479112E-07  0.8427312E-03  0.1521625E-07
  0.4511983333333E+03  0.3063591E-01  0.1120750E-05 -0.3048053E-03 -0.1475632E-07  0.8427582E-03  0.1527512E-07
  0.4529983333333E+03  0.3063788E-01  0.1095015E-05 -0.3048313E-03 -0.1444937E-07  0.8427853E-03  0.1504878E-07
  0.4547983333333E+03  0.3063988E-01  0.1110587E-05 -0.3048577E-03 -0.1468730E-07  0.8428130E-03  0.1538998E-07
  0.4565983333333E+03  0.3064187E-01  0.1105501E-05 -0.3048841E-03 -0.1465250E-07  0.8428408E-03  0.1544667E-07
  0.4584316666667E+03  0.3064385E-01  0.1080469E-05 -0.3049104E-03 -0.1435238E-07  0.8428687E-03  0.1522027E-07
  0.4602650000000E+03  0.3064586E-01  0.1095441E-05 -0.3049371E-03 -0.1458347E-07  0.8428972E-03  0.1555719E-07
  0.4620983333333E+03  0.3064785E-01  0.1090408E-05 -0.3049638E-03 -0.1454867E-07  0.8429259E-03  0.1561166E-07
  0.4639316666667E+03  0.3064984E-01  0.1085437E-05 -0.3049904E-03 -0.1451433E-07  0.8429546E-03  0.1566492E-07
  0.4657983333333E+03  0.3065183E-01  0.1061219E-05 -0.3050170E-03 -0.1422163E-07  0.8429834E-03  0.1543645E-07
  0.4676650000000E+03  0.3065383E-01  0.1075579E-05 -0.3050439E-03 -0.1444571E-07  0.8430128E-03  0.1576888E-07
  0.4695316666667E+03  0.3065583E-01  0.1070648E-05 -0.3050708E-03 -0.1441113E-07  0.8430424E-03  0.1582004E-07
  0.4714316666667E+03  0.3065782E-01  0.1047080E-05 -0.3050977E-03 -0.1412477E-07  0.8430720E-03  0.1559160E-07
  0.4733316666667E+03  0.3065984E-01  0.1060897E-05 -0.3051249E-03 -0.1434252E-07  0.8431022E-03  0.1591953E-07
  0.4752316666667E+03  0.3066184E-01  0.1056022E-05 -0.3051521E-03 -0.1430795E-07  0.8431326E-03  0.1596840E-07
  0.4771650000000E+03  0.3066384E-01  0.1033082E-05 -0.3051792E-03 -0.1402772E-07  0.8431630E-03  0.1573998E-07
  0.4790983333333E+03  0.3066586E-01  0.1046382E-05 -0.3052068E-03 -0.1423936E-07  0.8431941E-03  0.1606332E-07
  0.4810316666667E+03  0.3066788E-01  0.1041564E-05 -0.3052342E-03 -0.1420481E-07  0.8432252E-03  0.1610988E-07
  0.4829983333333E+03  0.3066988E-01  0.1019232E-05 -0.3052616E-03 -0.1393052E-07  0.8432564E-03  0.1588148E-07
  0.4849650000000E+03  0.3067191E-01  0.1032038E-05 -0.3052894E-03 -0.1413626E-07  0.8432883E-03  0.1620017E-07
  0.4869316666667E+03  0.3067393E-01  0.1027278E-05 -0.3053171E-03 -0.1410174E-07  0.8433202E-03  0.1624438E-07
  0.4889316666667E+03  0.3067594E-01  0.1005533E-05 -0.3053448E-03 -0.1383318E-07  0.8433523E-03  0.1601601E-07
  0.4909316666667E+03  0.3067798E-01  0.1017868E-05 -0.3053729E-03 -0.1403324E-07  0.8433849E-03  0.1632999E-07
  0.4929316666667E+03  0.3068001E-01  0.1013167E-05 -0.3054009E-03 -0.1399875E-07  0.8434177E-03  0.1637182E-07
  0.4949650000000E+03  0.3068202E-01  0.9919912E-06 -0.3054288E-03 -0.1373575E-07  0.8434505E-03  0.1614351E-07
  0.4969983333333E+03  0.3068406E-01  0.1003876E-05 -0.3054571E-03 -0.1393031E-07  0.8434840E-03  0.1645271E-07
  0.4990316666667E+03  0.3068610E-01  0.9992352E-06 -0.3054854E-03 -0.1389586E-07  0.8435175E-03  0.1649215E-07
  0.5010983333333E+03  0.3068812E-01  0.9786092E-06 -0.3055136E-03 -0.1363824E-07  0.8435511E-03  0.1626391E-07
  0.5031650000000E+03  0.3069016E-01  0.9900641E-06 -0.3055422E-03 -0.1382748E-07  0.8435853E-03  0.1656828E-07
  0.5052316666667E+03  0.3069220E-01  0.9854844E-06 -0.3055707E-03 -0.1379308E-07  0.8436197E-03  0.1660532E-07
  0.5073316666667E+03  0.3069423E-01  0.9653908E-06 -0.3055991E-03 -0.1354068E-07  0.8436541E-03  0.1637717E-07
  0.5094316666667E+03  0.3069628E-01  0.9764349E-06 -0.3056279E-03 -0.1372479E-07  0.8436891E-03  0.1667667E-07
  0.5115316666667E+03  0.3069832E-01  0.9719170E-06 -0.3056567E-03 -0.1369044E-07  0.8437242E-03  0.1671131E-07
  0.5136650000000E+03  0.3070035E-01  0.9523386E-06 -0.3056853E-03 -0.1344309E-07  0.8437593E-03  0.1648328E-07
  0.5157983333333E+03  0.3070241E-01  0.9629903E-06 -0.3057144E-03 -0.1362224E-07  0.8437951E-03  0.1677788E-07
  0.5179650000000E+03  0.3070445E-01  0.9437880E-06 -0.3057434E-03 -0.1337890E-07  0.8438310E-03  0.1655149E-07
  0.5201316666667E+03  0.3070652E-01  0.9540887E-06 -0.3057728E-03 -0.1355358E-07  0.8438675E-03  0.1684162E-07
  0.5222983333333E+03  0.3070857E-01  0.9496527E-06 -0.3058020E-03 -0.1351915E-07  0.8439040E-03  0.1687239E-07
  0.5244983333333E+03  0.3071062E-01  0.9309493E-06 -0.3058313E-03 -0.1328078E-07  0.8439407E-03  0.1664608E-07
  0.5266983333333E+03  0.3071269E-01  0.9408894E-06 -0.3058609E-03 -0.1345080E-07  0.8439779E-03  0.1693126E-07
  0.5288983333333E+03  0.3071475E-01  0.9365176E-06 -0.3058904E-03 -0.1341644E-07  0.8440152E-03  0.1695961E-07
  0.5311316666667E+03  0.3071680E-01  0.9182865E-06 -0.3059198E-03 -0.1318271E-07  0.8440526E-03  0.1673345E-07
  0.5333650000000E+03  0.3071888E-01  0.9278817E-06 -0.3059496E-03 -0.1334822E-07  0.8440906E-03  0.1701368E-07
  0.5356316666667E+03  0.3072094E-01  0.9099923E-06 -0.3059794E-03 -0.1311815E-07  0.8441286E-03  0.1678904E-07
  0.5378983333333E+03  0.3072302E-01  0.9192779E-06 -0.3060095E-03 -0.1327960E-07  0.8441673E-03  0.1706483E-07
  0.5401650000000E+03  0.3072510E-01  0.9149929E-06 -0.3060395E-03 -0.1324520E-07  0.8442061E-03  0.1708929E-07
  0.5424650000000E+03  0.3072716E-01  0.8975615E-06 -0.3060694E-03 -0.1301970E-07  0.8442448E-03  0.1686480E-07
  0.5447650000000E+03  0.3072925E-01  0.9065298E-06 -0.3060997E-03 -0.1317692E-07  0.8442843E-03  0.1713562E-07
  0.5470650000000E+03  0.3073132E-01  0.9023104E-06 -0.3061300E-03 -0.1314261E-07  0.8443237E-03  0.1715768E-07
  0.5493983333333E+03  0.3073339E-01  0.8853124E-06 -0.3061601E-03 -0.1292139E-07  0.8443632E-03  0.1693342E-07
  0.5517316666667E+03  0.3073547E-01  0.8939771E-06 -0.3061906E-03 -0.1307450E-07  0.8444034E-03  0.1719928E-07
  0.5540983333333E+03  0.3073755E-01  0.8772904E-06 -0.3062210E-03 -0.1285662E-07  0.8444435E-03  0.1697646E-07
  0.5564650000000E+03  0.3073965E-01  0.8856813E-06 -0.3062518E-03 -0.1300603E-07  0.8444843E-03  0.1723795E-07
  0.5588316666667E+03  0.3074173E-01  0.8815519E-06 -0.3062825E-03 -0.1297173E-07  0.8445252E-03  0.1725617E-07
  0.5612316666667E+03  0.3074381E-01  0.8652862E-06 -0.3063131E-03 -0.1275808E-07  0.8445661E-03  0.1703361E-07
  0.5636316666667E+03  0.3074590E-01  0.8733973E-06 -0.3063441E-03 -0.1290362E-07  0.8446076E-03  0.1729015E-07
  0.5660316666667E+03  0.3074799E-01  0.8693340E-06 -0.3063750E-03 -0.1286943E-07  0.8446491E-03  0.1730605E-07
  0.5684650000000E+03  0.3075007E-01  0.8534668E-06 -0.3064058E-03 -0.1265975E-07  0.8446907E-03  0.1708382E-07
  0.5708983333333E+03  0.3075216E-01  0.8613100E-06 -0.3064370E-03 -0.1280154E-07  0.8447328E-03  0.1733545E-07
  0.5733650000000E+03  0.3075425E-01  0.8457270E-06 -0.3064680E-03 -0.1259493E-07  0.8447751E-03  0.1711461E-07
  0.5758316666667E+03  0.3075635E-01  0.8533274E-06 -0.3064994E-03 -0.1273335E-07  0.8448179E-03  0.1736197E-07
  0.5782983333333E+03  0.3075845E-01  0.8493557E-06 -0.3065308E-03 -0.1269920E-07  0.8448607E-03  0.1737414E-07
  0.5807983333333E+03  0.3076054E-01  0.8341602E-06 -0.3065620E-03 -0.1249651E-07  0.8449036E-03  0.1715369E-07
  0.5832983333333E+03  0.3076264E-01  0.8415134E-06 -0.3065936E-03 -0.1263140E-07  0.8449471E-03  0.1739617E-07
  0.5858316666667E+03  0.3076473E-01  0.8265864E-06 -0.3066251E-03 -0.1243163E-07  0.8449906E-03  0.1717709E-07
  0.5883650000000E+03  0.3076685E-01  0.8337149E-06 -0.3066569E-03 -0.1256333E-07  0.8450348E-03  0.1741537E-07
  0.5908983333333E+03  0.3076895E-01  0.8298359E-06 -0.3066886E-03 -0.1252925E-07  0.8450789E-03  0.1742391E-07
  0.5934650000000E+03  0.3077104E-01  0.8152769E-06 -0.3067203E-03 -0.1233322E-07  0.8451231E-03  0.1720529E-07
  0.5960316666667E+03  0.3077315E-01  0.8221773E-06 -0.3067523E-03 -0.1246159E-07  0.8451678E-03  0.1743877E-07
  0.5986316666667E+03  0.3077525E-01  0.8078721E-06 -0.3067842E-03 -0.1226833E-07  0.8452126E-03  0.1722151E-07
  0.6012316666667E+03  0.3077737E-01  0.8145642E-06 -0.3068164E-03 -0.1239370E-07  0.8452580E-03  0.1745088E-07
  0.6038650000000E+03  0.3077948E-01  0.8005154E-06 -0.3068485E-03 -0.1220327E-07  0.8453033E-03  0.1723493E-07
  0.6064983333333E+03  0.3078160E-01  0.8070066E-06 -0.3068810E-03 -0.1232572E-07  0.8453493E-03  0.1746023E-07
  0.6091316666667E+03  0.3078372E-01  0.8032489E-06 -0.3069134E-03 -0.1229171E-07  0.8453953E-03  0.1746387E-07
  0.6117983333333E+03  0.3078582E-01  0.7895428E-06 -0.3069456E-03 -0.1210478E-07  0.8454413E-03  0.1724847E-07
  0.6144650000000E+03  0.3078794E-01  0.7958309E-06 -0.3069782E-03 -0.1222416E-07  0.8454879E-03  0.1746910E-07
  0.6171650000000E+03  0.3079006E-01  0.7823594E-06 -0.3070107E-03 -0.1203981E-07  0.8455345E-03  0.1725503E-07
  0.6198650000000E+03  0.3079219E-01  0.7884610E-06 -0.3070436E-03 -0.1215645E-07  0.8455817E-03  0.1747169E-07
  0.6225983333333E+03  0.3079430E-01  0.7752268E-06 -0.3070763E-03 -0.1197473E-07  0.8456288E-03  0.1725891E-07
  0.6253316666667E+03  0.3079644E-01  0.7811484E-06 -0.3071093E-03 -0.1208869E-07  0.8456766E-03  0.1747165E-07
  0.6280650000000E+03  0.3079856E-01  0.7775140E-06 -0.3071423E-03 -0.1205479E-07  0.8457243E-03  0.1747064E-07
  0.6308316666667E+03  0.3080068E-01  0.7645991E-06 -0.3071752E-03 -0.1187636E-07  0.8457721E-03  0.1725852E-07
  0.6335983333333E+03  0.3080281E-01  0.7703396E-06 -0.3072083E-03 -0.1198749E-07  0.8458204E-03  0.1746673E-07
  0.6363983333333E+03  0.3080493E-01  0.7576420E-06 -0.3072414E-03 -0.1181148E-07  0.8458687E-03  0.1725594E-07
  0.6391983333333E+03  0.3080707E-01  0.7632153E-06 -0.3072748E-03 -0.1192007E-07  0.8459176E-03  0.1746034E-07
  0.6420316666667E+03  0.3080920E-01  0.7507376E-06 -0.3073080E-03 -0.1174652E-07  0.8459665E-03  0.1725084E-07
  0.6448650000000E+03  0.3081134E-01  0.7561493E-06 -0.3073416E-03 -0.1185264E-07  0.8460159E-03  0.1745148E-07
  0.6477316666667E+03  0.3081347E-01  0.7438869E-06 -0.3073751E-03 -0.1168150E-07  0.8460654E-03  0.1724327E-07
  0.6505983333333E+03  0.3081562E-01  0.7491424E-06 -0.3074089E-03 -0.1178522E-07  0.8461154E-03  0.1744019E-07
  0.6534983333333E+03  0.3081776E-01  0.7370905E-06 -0.3074426E-03 -0.1161644E-07  0.8461653E-03  0.1723325E-07
  0.6563983333333E+03  0.3081991E-01  0.7421951E-06 -0.3074766E-03 -0.1171782E-07  0.8462159E-03  0.1742651E-07
  0.6593316666667E+03  0.3082205E-01  0.7303492E-06 -0.3075105E-03 -0.1155135E-07  0.8462664E-03  0.1722084E-07
  0.6622650000000E+03  0.3082421E-01  0.7353080E-06 -0.3075446E-03 -0.1165044E-07  0.8463175E-03  0.1741049E-07
  0.6652316666667E+03  0.3082636E-01  0.7236637E-06 -0.3075787E-03 -0.1148625E-07  0.8463685E-03  0.1720609E-07
  0.6681983333333E+03  0.3082852E-01  0.7284815E-06 -0.3076131E-03 -0.1158312E-07  0.8464201E-03  0.1739218E-07
  0.6711983333333E+03  0.3083067E-01  0.7170345E-06 -0.3076473E-03 -0.1142114E-07  0.8464717E-03  0.1718904E-07
  0.6741983333333E+03  0.3083283E-01  0.7217160E-06 -0.3076819E-03 -0.1151584E-07  0.8465238E-03  0.1737163E-07
  0.6772316666667E+03  0.3083499E-01  0.7104622E-06 -0.3077163E-03 -0.1135605E-07  0.8465759E-03  0.1716975E-07
  0.6802650000000E+03  0.3083716E-01  0.7150118E-06 -0.3077511E-03 -0.1144864E-07  0.8466285E-03  0.1734889E-07
  0.6833316666667E+03  0.3083932E-01  0.7039471E-06 -0.3077857E-03 -0.1129099E-07  0.8466811E-03  0.1714827E-07
  0.6863983333333E+03  0.3084149E-01  0.7083692E-06 -0.3078206E-03 -0.1138152E-07  0.8467342E-03  0.1732402E-07
  0.6894983333333E+03  0.3084365E-01  0.6974897E-06 -0.3078554E-03 -0.1122597E-07  0.8467873E-03  0.1712466E-07
  0.6925983333333E+03  0.3084583E-01  0.7017885E-06 -0.3078905E-03 -0.1131449E-07  0.8468409E-03  0.1729708E-07
  0.6957316666667E+03  0.3084799E-01  0.6910903E-06 -0.3079254E-03 -0.1116100E-07  0.8468945E-03  0.1709898E-07
  0.6988650000000E+03  0.3085017E-01  0.6952697E-06 -0.3079607E-03 -0.1124756E-07  0.8469486E-03  0.1726811E-07
  0.7020316666667E+03  0.3085234E-01  0.6847491E-06 -0.3079958E-03 -0.1109610E-07  0.8470027E-03  0.1707127E-07
  0.7051983333333E+03  0.3085452E-01  0.6888131E-06 -0.3080312E-03 -0.1118076E-07  0.8470572E-03  0.1723718E-07
  0.7083983333333E+03  0.3085669E-01  0.6784664E-06 -0.3080665E-03 -0.1103128E-07  0.8471118E-03  0.1704161E-07
  0.7115983333333E+03  0.3085887E-01  0.6824187E-06 -0.3081021E-03 -0.1111407E-07  0.8471668E-03  0.1720435E-07
  0.7148316666667E+03  0.3086105E-01  0.6722423E-06 -0.3081375E-03 -0.1096655E-07  0.8472218E-03  0.1701004E-07
  0.7180650000000E+03  0.3086323E-01  0.6760865E-06 -0.3081733E-03 -0.1104753E-07  0.8472773E-03  0.1716967E-07
  0.7213316666667E+03  0.3086541E-01  0.6660770E-06 -0.3082089E-03 -0.1090192E-07  0.8473328E-03  0.1697664E-07
  0.7245983333333E+03  0.3086760E-01  0.6698166E-06 -0.3082447E-03 -0.1098113E-07  0.8473888E-03  0.1713321E-07
  0.7278983333333E+03  0.3086978E-01  0.6599706E-06 -0.3082805E-03 -0.1083741E-07  0.8474447E-03  0.1694146E-07
  0.7311983333333E+03  0.3087197E-01  0.6636088E-06 -0.3083165E-03 -0.1091489E-07  0.8475011E-03  0.1709503E-07
  0.7345316666667E+03  0.3087415E-01  0.6539230E-06 -0.3083524E-03 -0.1077302E-07  0.8475574E-03  0.1690455E-07
  0.7378983333333E+03  0.3087634E-01  0.6509536E-06 -0.3083886E-03 -0.1074141E-07  0.8476143E-03  0.1688632E-07
  0.7412650000000E+03  0.3087854E-01  0.6543929E-06 -0.3084250E-03 -0.1081564E-07  0.8476716E-03  0.1703462E-07
  0.7446650000000E+03  0.3088073E-01  0.6449583E-06 -0.3084613E-03 -0.1067684E-07  0.8477289E-03  0.1684678E-07
  0.7480650000000E+03  0.3088294E-01  0.6483108E-06 -0.3084979E-03 -0.1074952E-07  0.8477867E-03  0.1699217E-07
  0.7514983333333E+03  0.3088513E-01  0.6390284E-06 -0.3085343E-03 -0.1061249E-07  0.8478444E-03  0.1680561E-07
  0.7549316666667E+03  0.3088734E-01  0.6422916E-06 -0.3085710E-03 -0.1068360E-07  0.8479026E-03  0.1694821E-07
  0.7583983333333E+03  0.3088953E-01  0.6331584E-06 -0.3086075E-03 -0.1054830E-07  0.8479607E-03  0.1676292E-07
  0.7618983333333E+03  0.3089174E-01  0.6302748E-06 -0.3086444E-03 -0.1051676E-07  0.8480193E-03  0.1674180E-07
  0.7653983333333E+03  0.3089395E-01  0.6333611E-06 -0.3086814E-03 -0.1058491E-07  0.8480784E-03  0.1687950E-07
  0.7689316666667E+03  0.3089616E-01  0.6244608E-06 -0.3087183E-03 -0.1045249E-07  0.8481374E-03  0.1669678E-07
  0.7724650000000E+03  0.3089838E-01  0.6274707E-06 -0.3087555E-03 -0.1051922E-07  0.8481968E-03  0.1683176E-07
  0.7760316666667E+03  0.3090058E-01  0.6187123E-06 -0.3087926E-03 -0.1038846E-07  0.8482562E-03  0.1665032E-07
  0.7795983333333E+03  0.3090280E-01  0.6216435E-06 -0.3088298E-03 -0.1045377E-07  0.8483161E-03  0.1678272E-07
  0.7831983333333E+03  0.3090501E-01  0.6130242E-06 -0.3088670E-03 -0.1032464E-07  0.8483758E-03  0.1660255E-07
  0.7868316666667E+03  0.3090723E-01  0.6102287E-06 -0.3089044E-03 -0.1029326E-07  0.8484361E-03  0.1657891E-07
  0.7904650000000E+03  0.3090945E-01  0.6130021E-06 -0.3089420E-03 -0.1035587E-07  0.8484968E-03  0.1670678E-07
  0.7941316666667E+03  0.3091167E-01  0.6045992E-06 -0.3089795E-03 -0.1022943E-07  0.8485574E-03  0.1652911E-07
  0.7978316666667E+03  0.3091390E-01  0.6018343E-06 -0.3090173E-03 -0.1019805E-07  0.8486185E-03  0.1650442E-07
  0.8015316666667E+03  0.3091613E-01  0.6044634E-06 -0.3090552E-03 -0.1025812E-07  0.8486800E-03  0.1662784E-07
  0.8052650000000E+03  0.3091836E-01  0.5962700E-06 -0.3090931E-03 -0.1013429E-07  0.8487414E-03  0.1645264E-07
  0.8089983333333E+03  0.3092059E-01  0.5988360E-06 -0.3091311E-03 -0.1019313E-07  0.8488033E-03  0.1657363E-07
  0.8127650000000E+03  0.3092282E-01  0.5907713E-06 -0.3091691E-03 -0.1007082E-07  0.8488651E-03  0.1639971E-07
  0.8165650000000E+03  0.3092505E-01  0.5880676E-06 -0.3092072E-03 -0.1003958E-07  0.8489273E-03  0.1637350E-07
  0.8203650000000E+03  0.3092730E-01  0.5904965E-06 -0.3092456E-03 -0.1009602E-07  0.8489899E-03  0.1649037E-07
  0.8241983333333E+03  0.3092953E-01  0.5826308E-06 -0.3092838E-03 -0.9976200E-08  0.8490525E-03  0.1631887E-07
  0.8280650000000E+03  0.3093177E-01  0.5799592E-06 -0.3093223E-03 -0.9945005E-08  0.8491155E-03  0.1629178E-07
  0.8319316666667E+03  0.3093403E-01  0.5822628E-06 -0.3093609E-03 -0.9999168E-08  0.8491789E-03  0.1640461E-07
  0.8358316666667E+03  0.3093627E-01  0.5745900E-06 -0.3093995E-03 -0.9881770E-08  0.8492422E-03  0.1623550E-07
  0.8397650000000E+03  0.3093852E-01  0.5719513E-06 -0.3094382E-03 -0.9850638E-08  0.8493060E-03  0.1620759E-07
  0.8436983333333E+03  0.3094077E-01  0.5741362E-06 -0.3094772E-03 -0.9902626E-08  0.8493702E-03  0.1631651E-07
  0.8476650000000E+03  0.3094302E-01  0.5666506E-06 -0.3095160E-03 -0.9787581E-08  0.8494342E-03  0.1614977E-07
  0.8516650000000E+03  0.3094528E-01  0.5640452E-06 -0.3095550E-03 -0.9756528E-08  0.8494987E-03  0.1612110E-07
  0.8556650000000E+03  0.3094754E-01  0.5661179E-06 -0.3095942E-03 -0.9806434E-08  0.8495636E-03  0.1622627E-07
  0.8596983333333E+03  0.3094980E-01  0.5588139E-06 -0.3096333E-03 -0.9693679E-08  0.8496284E-03  0.1606186E-07
  0.8637650000000E+03  0.3095206E-01  0.5562421E-06 -0.3096726E-03 -0.9662719E-08  0.8496936E-03  0.1603249E-07
  0.8678316666667E+03  0.3095433E-01  0.5582086E-06 -0.3097121E-03 -0.9710631E-08  0.8497592E-03  0.1613405E-07
  0.8719316666667E+03  0.3095659E-01  0.5510808E-06 -0.3097515E-03 -0.9600105E-08  0.8498247E-03  0.1597195E-07
  0.8760650000000E+03  0.3095886E-01  0.5485431E-06 -0.3097910E-03 -0.9569254E-08  0.8498906E-03  0.1594193E-07
  0.8801983333333E+03  0.3096113E-01  0.5504091E-06 -0.3098308E-03 -0.9615257E-08  0.8499569E-03  0.1604002E-07
  0.8843650000000E+03  0.3096340E-01  0.5434523E-06 -0.3098704E-03 -0.9506901E-08  0.8500231E-03  0.1588019E-07
  0.8885650000000E+03  0.3096567E-01  0.5409489E-06 -0.3099102E-03 -0.9476172E-08  0.8500896E-03  0.1584959E-07
  0.8927983333333E+03  0.3096795E-01  0.5384464E-06 -0.3099502E-03 -0.9445382E-08  0.8501566E-03  0.1581878E-07
  0.8970316666667E+03  0.3097023E-01  0.5401687E-06 -0.3099903E-03 -0.9488682E-08  0.8502239E-03  0.1591202E-07
  0.9012983333333E+03  0.3097251E-01  0.5334369E-06 -0.3100304E-03 -0.9383247E-08  0.8502912E-03  0.1575544E-07
  0.9055983333333E+03  0.3097479E-01  0.5309730E-06 -0.3100706E-03 -0.9352614E-08  0.8503588E-03  0.1572404E-07
  0.9098983333333E+03  0.3097708E-01  0.5326076E-06 -0.3101110E-03 -0.9394197E-08  0.8504268E-03  0.1581411E-07
  0.9142316666667E+03  0.3097936E-01  0.5260355E-06 -0.3101512E-03 -0.9290802E-08  0.8504946E-03  0.1565975E-07
  0.9185983333333E+03  0.3098165E-01  0.5236067E-06 -0.3101917E-03 -0.9260324E-08  0.8505629E-03  0.1562788E-07
  0.9229983333333E+03  0.3098394E-01  0.5211797E-06 -0.3102323E-03 -0.9229804E-08  0.8506315E-03  0.1559585E-07
  0.9273983333333E+03  0.3098624E-01  0.5226882E-06 -0.3102731E-03 -0.9268949E-08  0.8507005E-03  0.1568150E-07
  0.9318316666667E+03  0.3098853E-01  0.5163258E-06 -0.3103137E-03 -0.9168295E-08  0.8507694E-03  0.1553027E-07
  0.9362983333333E+03  0.3099083E-01  0.5139378E-06 -0.3103545E-03 -0.9137958E-08  0.8508386E-03  0.1549776E-07
  0.9407983333333E+03  0.3099313E-01  0.5115522E-06 -0.3103955E-03 -0.9107590E-08  0.8509082E-03  0.1546511E-07
  0.9452983333333E+03  0.3099544E-01  0.5129440E-06 -0.3104367E-03 -0.9144442E-08  0.8509781E-03  0.1554657E-07
  0.9498316666667E+03  0.3099773E-01  0.5067832E-06 -0.3104777E-03 -0.9046431E-08  0.8510479E-03  0.1539840E-07
  0.9543983333333E+03  0.3100004E-01  0.5044367E-06 -0.3105189E-03 -0.9016259E-08  0.8511181E-03  0.1536533E-07
  0.9589983333333E+03  0.3100235E-01  0.5020930E-06 -0.3105602E-03 -0.8986066E-08  0.8511886E-03  0.1533215E-07
  0.9636316666667E+03  0.3100466E-01  0.4997554E-06 -0.3106017E-03 -0.8955862E-08  0.8512595E-03  0.1529878E-07
  0.9682650000000E+03  0.3100698E-01  0.5010027E-06 -0.3106433E-03 -0.8989863E-08  0.8513308E-03  0.1537505E-07
  0.9729316666667E+03  0.3100929E-01  0.4950856E-06 -0.3106849E-03 -0.8895090E-08  0.8514018E-03  0.1523075E-07
  0.9776316666667E+03  0.3101161E-01  0.4927874E-06 -0.3107265E-03 -0.8865100E-08  0.8514733E-03  0.1519702E-07
  0.9823650000000E+03  0.3101393E-01  0.4904927E-06 -0.3107683E-03 -0.8835102E-08  0.8515450E-03  0.1516321E-07
  0.9871316666667E+03  0.3101626E-01  0.4882045E-06 -0.3108103E-03 -0.8805101E-08  0.8516171E-03  0.1512923E-07
  0.9918983333333E+03  0.3101859E-01  0.4893211E-06 -0.3108524E-03 -0.8836465E-08  0.8516896E-03  0.1520066E-07
  0.9966983333333E+03  0.3102091E-01  0.4836360E-06 -0.3108944E-03 -0.8744788E-08  0.8517619E-03  0.1506011E-07
  0.1001531666667E+04  0.3102324E-01  0.4813874E-06 -0.3109365E-03 -0.8715017E-08  0.8518345E-03  0.1502584E-07
  0.1006398333333E+04  0.3102557E-01  0.4791427E-06 -0.3109788E-03 -0.8685248E-08  0.8519075E-03  0.1499151E-07
  0.1011298333333E+04  0.3102791E-01  0.4769049E-06 -0.3110212E-03 -0.8655486E-08  0.8519808E-03  0.1495704E-07
  0.1016231666667E+04  0.3103025E-01  0.4746741E-06 -0.3110638E-03 -0.8625732E-08  0.8520544E-03  0.1492242E-07
  0.1021165000000E+04  0.3103260E-01  0.4756427E-06 -0.3111065E-03 -0.8654070E-08  0.8521283E-03  0.1498827E-07
  0.1026131666667E+04  0.3103493E-01  0.4702232E-06 -0.3111490E-03 -0.8565973E-08  0.8522021E-03  0.1485215E-07
  0.1031131666667E+04  0.3103727E-01  0.4680321E-06 -0.3111917E-03 -0.8536467E-08  0.8522762E-03  0.1481732E-07
  0.1036165000000E+04  0.3103962E-01  0.4658454E-06 -0.3112345E-03 -0.8506975E-08  0.8523506E-03  0.1478245E-07
  0.1041231666667E+04  0.3104197E-01  0.4636660E-06 -0.3112775E-03 -0.8477499E-08  0.8524253E-03  0.1474746E-07
  0.1046331666667E+04  0.3104432E-01  0.4614940E-06 -0.3113205E-03 -0.8448041E-08  0.8525003E-03  0.1471235E-07
  0.1051465000000E+04  0.3104668E-01  0.4593295E-06 -0.3113638E-03 -0.8418603E-08  0.8525757E-03  0.1467713E-07
  0.1056631666667E+04  0.3104904E-01  0.4571726E-06 -0.3114071E-03 -0.8389187E-08  0.8526513E-03  0.1464180E-07
  0.1061798333333E+04  0.3105141E-01  0.4579590E-06 -0.3114506E-03 -0.8413729E-08  0.8527273E-03  0.1470060E-07
  0.1066998333333E+04  0.3105376E-01  0.4528728E-06 -0.3114939E-03 -0.8330176E-08  0.8528030E-03  0.1457026E-07
  0.1072231666667E+04  0.3105612E-01  0.4507556E-06 -0.3115373E-03 -0.8301029E-08  0.8528791E-03  0.1453479E-07
  0.1077498333333E+04  0.3105848E-01  0.4486435E-06 -0.3115809E-03 -0.8271912E-08  0.8529555E-03  0.1449931E-07
  0.1082798333333E+04  0.3106085E-01  0.4465392E-06 -0.3116246E-03 -0.8242823E-08  0.8530321E-03  0.1446375E-07
  0.1088131666667E+04  0.3106322E-01  0.4444426E-06 -0.3116684E-03 -0.8213763E-08  0.8531091E-03  0.1442809E-07
  0.1093498333333E+04  0.3106559E-01  0.4423540E-06 -0.3117123E-03 -0.8184734E-08  0.8531863E-03  0.1439234E-07
  0.1098898333333E+04  0.3106797E-01  0.4402733E-06 -0.3117564E-03 -0.8155738E-08  0.8532638E-03  0.1435652E-07
  0.1104331666667E+04  0.3107035E-01  0.4382007E-06 -0.3118005E-03 -0.8126776E-08  0.8533417E-03  0.1432061E-07
  0.1109798333333E+04  0.3107274E-01  0.4361361E-06 -0.3118448E-03 -0.8097850E-08  0.8534197E-03  0.1428463E-07
  0.1115298333333E+04  0.3107512E-01  0.4340797E-06 -0.3118892E-03 -0.8068961E-08  0.8534981E-03  0.1424857E-07
  0.1120831666667E+04  0.3107751E-01  0.4320315E-06 -0.3119336E-03 -0.8040111E-08  0.8535768E-03  0.1421245E-07
  0.1126398333333E+04  0.3107991E-01  0.4299916E-06 -0.3119782E-03 -0.8011301E-08  0.8536557E-03  0.1417625E-07
  0.1131998333333E+04  0.3108230E-01  0.4279600E-06 -0.3120229E-03 -0.7982532E-08  0.8537349E-03  0.1413999E-07
  0.1137631666667E+04  0.3108470E-01  0.4259367E-06 -0.3120678E-03 -0.7953806E-08  0.8538143E-03  0.1410367E-07
  0.1143265000000E+04  0.3108711E-01  0.4264303E-06 -0.3121127E-03 -0.7972019E-08  0.8538940E-03  0.1415053E-07
  0.1148931666667E+04  0.3108950E-01  0.4219091E-06 -0.3121574E-03 -0.7896291E-08  0.8539735E-03  0.1403040E-07
  0.1154631666667E+04  0.3109189E-01  0.4199253E-06 -0.3122023E-03 -0.7867868E-08  0.8540533E-03  0.1399406E-07
  0.1160365000000E+04  0.3109429E-01  0.4179476E-06 -0.3122472E-03 -0.7839499E-08  0.8541333E-03  0.1395775E-07
  0.1166131666667E+04  0.3109669E-01  0.4159783E-06 -0.3122922E-03 -0.7811177E-08  0.8542136E-03  0.1392138E-07
  0.1171931666667E+04  0.3109909E-01  0.4140174E-06 -0.3123374E-03 -0.7782902E-08  0.8542941E-03  0.1388497E-07
  0.1177765000000E+04  0.3110149E-01  0.4120649E-06 -0.3123826E-03 -0.7754676E-08  0.8543749E-03  0.1384851E-07
  0.1183631666667E+04  0.3110390E-01  0.4101209E-06 -0.3124279E-03 -0.7726500E-08  0.8544559E-03  0.1381201E-07
  0.1189565000000E+04  0.3110630E-01  0.4058922E-06 -0.3124734E-03 -0.7655125E-08  0.8545372E-03  0.1369807E-07
  0.1195531666667E+04  0.3110873E-01  0.4062637E-06 -0.3125191E-03 -0.7670474E-08  0.8546192E-03  0.1373928E-07
  0.1201531666667E+04  0.3111115E-01  0.4043323E-06 -0.3125650E-03 -0.7642300E-08  0.8547014E-03  0.1370251E-07
  0.1207565000000E+04  0.3111358E-01  0.4024117E-06 -0.3126109E-03 -0.7614171E-08  0.8547839E-03  0.1366562E-07
  0.1213631666667E+04  0.3111601E-01  0.4004999E-06 -0.3126570E-03 -0.7586099E-08  0.8548665E-03  0.1362870E-07
  0.1219731666667E+04  0.3111844E-01  0.3985970E-06 -0.3127031E-03 -0.7558085E-08  0.8549494E-03  0.1359174E-07
  0.1225865000000E+04  0.3112088E-01  0.3967029E-06 -0.3127492E-03 -0.7530131E-08  0.8550326E-03  0.1355476E-07
  0.1232031666667E+04  0.3112331E-01  0.3948176E-06 -0.3127955E-03 -0.7502236E-08  0.8551159E-03  0.1351774E-07
  0.1238231666667E+04  0.3112575E-01  0.3929413E-06 -0.3128418E-03 -0.7474403E-08  0.8551995E-03  0.1348070E-07
  0.1244465000000E+04  0.3112819E-01  0.3910738E-06 -0.3128883E-03 -0.7446630E-08  0.8552833E-03  0.1344364E-07
  0.1250731666667E+04  0.3113062E-01  0.3892152E-06 -0.3129348E-03 -0.7418920E-08  0.8553673E-03  0.1340655E-07
  0.1257031666667E+04  0.3113307E-01  0.3873656E-06 -0.3129813E-03 -0.7391273E-08  0.8554516E-03  0.1336943E-07
  0.1263365000000E+04  0.3113551E-01  0.3855248E-06 -0.3130280E-03 -0.7363690E-08  0.8555360E-03  0.1333230E-07
  0.1269731666667E+04  0.3113795E-01  0.3836930E-06 -0.3130747E-03 -0.7336171E-08  0.8556206E-03  0.1329515E-07
  0.1276165000000E+04  0.3114039E-01  0.3798914E-06 -0.3131214E-03 -0.7270847E-08  0.8557055E-03  0.1318928E-07
  0.1282631666667E+04  0.3114285E-01  0.3800598E-06 -0.3131685E-03 -0.7281466E-08  0.8557910E-03  0.1322112E-07
  0.1289131666667E+04  0.3114531E-01  0.3782435E-06 -0.3132157E-03 -0.7254010E-08  0.8558767E-03  0.1318378E-07
  0.1295665000000E+04  0.3114777E-01  0.3764381E-06 -0.3132629E-03 -0.7226608E-08  0.8559626E-03  0.1314635E-07
  0.1302231666667E+04  0.3115023E-01  0.3746417E-06 -0.3133102E-03 -0.7199276E-08  0.8560487E-03  0.1310891E-07
  0.1308831666667E+04  0.3115269E-01  0.3728545E-06 -0.3133575E-03 -0.7172014E-08  0.8561349E-03  0.1307146E-07
  0.1315465000000E+04  0.3115515E-01  0.3710763E-06 -0.3134049E-03 -0.7144823E-08  0.8562214E-03  0.1303399E-07
  0.1322165000000E+04  0.3115761E-01  0.3674698E-06 -0.3134523E-03 -0.7082290E-08  0.8563080E-03  0.1293186E-07
  0.1328898333333E+04  0.3116009E-01  0.3675503E-06 -0.3135001E-03 -0.7090776E-08  0.8563953E-03  0.1295934E-07
  0.1335665000000E+04  0.3116256E-01  0.3657889E-06 -0.3135479E-03 -0.7063673E-08  0.8564827E-03  0.1292173E-07
  0.1342465000000E+04  0.3116504E-01  0.3640383E-06 -0.3135957E-03 -0.7036630E-08  0.8565703E-03  0.1288403E-07
  0.1349298333333E+04  0.3116751E-01  0.3622970E-06 -0.3136436E-03 -0.7009660E-08  0.8566581E-03  0.1284633E-07
  0.1356198333333E+04  0.3116999E-01  0.3588230E-06 -0.3136916E-03 -0.6949033E-08  0.8567461E-03  0.1274675E-07
  0.1363131666667E+04  0.3117248E-01  0.3588445E-06 -0.3137398E-03 -0.6956061E-08  0.8568346E-03  0.1277120E-07
  0.1370098333333E+04  0.3117497E-01  0.3571208E-06 -0.3137881E-03 -0.6929198E-08  0.8569233E-03  0.1273337E-07
  0.1377098333333E+04  0.3117745E-01  0.3554078E-06 -0.3138364E-03 -0.6902398E-08  0.8570122E-03  0.1269546E-07
  0.1384131666667E+04  0.3117994E-01  0.3537042E-06 -0.3138848E-03 -0.6875675E-08  0.8571012E-03  0.1265756E-07
  0.1391231666667E+04  0.3118243E-01  0.3503571E-06 -0.3139332E-03 -0.6816875E-08  0.8571904E-03  0.1256040E-07
  0.1398365000000E+04  0.3118493E-01  0.3503268E-06 -0.3139818E-03 -0.6822569E-08  0.8572802E-03  0.1258201E-07
  0.1405531666667E+04  0.3118743E-01  0.3486415E-06 -0.3140305E-03 -0.6795968E-08  0.8573701E-03  0.1254399E-07
  0.1412765000000E+04  0.3118993E-01  0.3453679E-06 -0.3140793E-03 -0.6738236E-08  0.8574601E-03  0.1244827E-07
  0.1420031666667E+04  0.3119243E-01  0.3453036E-06 -0.3141283E-03 -0.6743075E-08  0.8575507E-03  0.1246808E-07
  0.1427331666667E+04  0.3119494E-01  0.3436385E-06 -0.3141773E-03 -0.6716590E-08  0.8576414E-03  0.1242988E-07
  0.1434665000000E+04  0.3119745E-01  0.3419841E-06 -0.3142264E-03 -0.6690171E-08  0.8577323E-03  0.1239163E-07
  0.1442065000000E+04  0.3119996E-01  0.3388060E-06 -0.3142755E-03 -0.6633817E-08  0.8578233E-03  0.1229773E-07
  0.1449498333333E+04  0.3120248E-01  0.3387052E-06 -0.3143248E-03 -0.6637674E-08  0.8579149E-03  0.1231537E-07
  0.1456965000000E+04  0.3120499E-01  0.3370700E-06 -0.3143742E-03 -0.6611398E-08  0.8580065E-03  0.1227703E-07
  0.1464498333333E+04  0.3120751E-01  0.3339613E-06 -0.3144236E-03 -0.6556051E-08  0.8580983E-03  0.1218447E-07
  0.1472065000000E+04  0.3121003E-01  0.3338322E-06 -0.3144732E-03 -0.6559154E-08  0.8581906E-03  0.1220046E-07
  0.1479665000000E+04  0.3121256E-01  0.3322180E-06 -0.3145228E-03 -0.6533012E-08  0.8582831E-03  0.1216196E-07
  0.1487331666667E+04  0.3121508E-01  0.3291770E-06 -0.3145725E-03 -0.6478648E-08  0.8583756E-03  0.1207070E-07
  0.1495031666667E+04  0.3121762E-01  0.3290219E-06 -0.3146224E-03 -0.6481036E-08  0.8584687E-03  0.1208509E-07
  0.1502765000000E+04  0.3122015E-01  0.3274289E-06 -0.3146723E-03 -0.6455037E-08  0.8585618E-03  0.1204646E-07
  0.1510565000000E+04  0.3122268E-01  0.3244541E-06 -0.3147223E-03 -0.6401632E-08  0.8586551E-03  0.1195646E-07
  0.1518398333333E+04  0.3122522E-01  0.3242750E-06 -0.3147724E-03 -0.6403345E-08  0.8587488E-03  0.1196931E-07
  0.1526298333333E+04  0.3122776E-01  0.3213419E-06 -0.3148226E-03 -0.6350585E-08  0.8588427E-03  0.1188021E-07
  0.1534231666667E+04  0.3123031E-01  0.3211439E-06 -0.3148730E-03 -0.6351791E-08  0.8589370E-03  0.1189194E-07
  0.1542198333333E+04  0.3123285E-01  0.3195847E-06 -0.3149234E-03 -0.6326005E-08  0.8590315E-03  0.1185305E-07
  0.1550231666667E+04  0.3123540E-01  0.3167164E-06 -0.3149738E-03 -0.6274149E-08  0.8591260E-03  0.1176508E-07
  0.1558298333333E+04  0.3123795E-01  0.3164979E-06 -0.3150244E-03 -0.6274741E-08  0.8592210E-03  0.1177537E-07
  0.1566431666667E+04  0.3124050E-01  0.3136698E-06 -0.3150750E-03 -0.6223505E-08  0.8593160E-03  0.1168826E-07
  0.1574598333333E+04  0.3124306E-01  0.3134348E-06 -0.3151258E-03 -0.6223635E-08  0.8594116E-03  0.1169750E-07
  0.1582831666667E+04  0.3124562E-01  0.3106473E-06 -0.3151767E-03 -0.6172990E-08  0.8595072E-03  0.1161117E-07
  0.1591098333333E+04  0.3124818E-01  0.3103968E-06 -0.3152277E-03 -0.6172675E-08  0.8596032E-03  0.1161937E-07
  0.1599431666667E+04  0.3125075E-01  0.3076493E-06 -0.3152787E-03 -0.6122613E-08  0.8596993E-03  0.1153380E-07
  0.1607798333333E+04  0.3125332E-01  0.3073842E-06 -0.3153299E-03 -0.6121869E-08  0.8597959E-03  0.1154101E-07
  0.1616231666667E+04  0.3125589E-01  0.3046761E-06 -0.3153811E-03 -0.6072380E-08  0.8598925E-03  0.1145619E-07
  0.1624698333333E+04  0.3125847E-01  0.3043974E-06 -0.3154325E-03 -0.6071224E-08  0.8599895E-03  0.1146242E-07
  0.1633231666667E+04  0.3126104E-01  0.3017281E-06 -0.3154839E-03 -0.6022300E-08  0.8600866E-03  0.1137833E-07
  0.1641798333333E+04  0.3126362E-01  0.3014366E-06 -0.3155355E-03 -0.6020747E-08  0.8601842E-03  0.1138361E-07
  0.1650431666667E+04  0.3126620E-01  0.2988056E-06 -0.3155871E-03 -0.5972379E-08  0.8602817E-03  0.1130024E-07
  0.1659098333333E+04  0.3126879E-01  0.2985020E-06 -0.3156388E-03 -0.5970445E-08  0.8603797E-03  0.1130460E-07
  0.1667831666667E+04  0.3127137E-01  0.2959087E-06 -0.3156905E-03 -0.5922624E-08  0.8604777E-03  0.1122194E-07
  0.1676631666667E+04  0.3127397E-01  0.2944742E-06 -0.3157424E-03 -0.5897898E-08  0.8605761E-03  0.1118287E-07
  0.1685465000000E+04  0.3127656E-01  0.2941482E-06 -0.3157945E-03 -0.5895346E-08  0.8606749E-03  0.1118579E-07
  0.1694365000000E+04  0.3127916E-01  0.2916097E-06 -0.3158466E-03 -0.5848324E-08  0.8607737E-03  0.1110417E-07
  0.1703298333333E+04  0.3128176E-01  0.2912747E-06 -0.3158988E-03 -0.5845409E-08  0.8608730E-03  0.1110616E-07
  0.1712298333333E+04  0.3128436E-01  0.2887726E-06 -0.3159510E-03 -0.5798915E-08  0.8609722E-03  0.1102522E-07
  0.1721331666667E+04  0.3128697E-01  0.2884283E-06 -0.3160033E-03 -0.5795668E-08  0.8610718E-03  0.1102637E-07
  0.1730431666667E+04  0.3128957E-01  0.2859621E-06 -0.3160557E-03 -0.5749695E-08  0.8611714E-03  0.1094610E-07
  0.1739565000000E+04  0.3129218E-01  0.2856092E-06 -0.3161081E-03 -0.5746130E-08  0.8612714E-03  0.1094643E-07
  0.1748765000000E+04  0.3129478E-01  0.2831782E-06 -0.3161606E-03 -0.5700670E-08  0.8613714E-03  0.1086682E-07
  0.1757998333333E+04  0.3129739E-01  0.2828173E-06 -0.3162132E-03 -0.5696798E-08  0.8614717E-03  0.1086636E-07
  0.1767298333333E+04  0.3130000E-01  0.2804211E-06 -0.3162657E-03 -0.5651844E-08  0.8615720E-03  0.1078740E-07
  0.1776631666667E+04  0.3130261E-01  0.2800528E-06 -0.3163185E-03 -0.5647678E-08  0.8616727E-03  0.1078617E-07
  0.1786031666667E+04  0.3130523E-01  0.2776908E-06 -0.3163711E-03 -0.5603221E-08  0.8617733E-03  0.1070785E-07
  0.1795465000000E+04  0.3130784E-01  0.2773157E-06 -0.3164239E-03 -0.5598773E-08  0.8618743E-03  0.1070587E-07
  0.1804965000000E+04  0.3131045E-01  0.2749875E-06 -0.3164767E-03 -0.5554807E-08  0.8619753E-03  0.1062818E-07
  0.1814498333333E+04  0.3131307E-01  0.2746061E-06 -0.3165296E-03 -0.5550087E-08  0.8620766E-03  0.1062546E-07
  0.1824098333333E+04  0.3131569E-01  0.2723111E-06 -0.3165825E-03 -0.5506606E-08  0.8621779E-03  0.1054841E-07
  0.1833731666667E+04  0.3131831E-01  0.2719239E-06 -0.3166355E-03 -0.5501623E-08  0.8622794E-03  0.1054498E-07
  0.1843431666667E+04  0.3132092E-01  0.2696617E-06 -0.3166884E-03 -0.5458620E-08  0.8623810E-03  0.1046854E-07
  0.1853198333333E+04  0.3132354E-01  0.2683502E-06 -0.3167415E-03 -0.5434774E-08  0.8624828E-03  0.1042870E-07
  0.1862998333333E+04  0.3132617E-01  0.2679507E-06 -0.3167947E-03 -0.5429364E-08  0.8625850E-03  0.1042417E-07
  0.1872865000000E+04  0.3132879E-01  0.2657360E-06 -0.3168479E-03 -0.5387054E-08  0.8626871E-03  0.1034864E-07
  0.1882765000000E+04  0.3133142E-01  0.2653328E-06 -0.3169012E-03 -0.5381389E-08  0.8627895E-03  0.1034338E-07
  0.1892731666667E+04  0.3133404E-01  0.2631496E-06 -0.3169544E-03 -0.5339541E-08  0.8628918E-03  0.1026845E-07
  0.1902765000000E+04  0.3133667E-01  0.2618694E-06 -0.3170077E-03 -0.5315930E-08  0.8629945E-03  0.1022846E-07
  0.1912831666667E+04  0.3133930E-01  0.2614560E-06 -0.3170612E-03 -0.5309881E-08  0.8630974E-03  0.1022218E-07
  0.1922965000000E+04  0.3134193E-01  0.2593186E-06 -0.3171145E-03 -0.5268702E-08  0.8632002E-03  0.1014813E-07
  0.1933165000000E+04  0.3134456E-01  0.2580565E-06 -0.3171680E-03 -0.5245224E-08  0.8633033E-03  0.1010804E-07
  0.1943398333333E+04  0.3134720E-01  0.2576349E-06 -0.3172217E-03 -0.5238794E-08  0.8634067E-03  0.1010073E-07
  0.1953698333333E+04  0.3134983E-01  0.2555423E-06 -0.3172752E-03 -0.5198273E-08  0.8635100E-03  0.1002755E-07
  0.1964065000000E+04  0.3135246E-01  0.2542984E-06 -0.3173288E-03 -0.5174933E-08  0.8636135E-03  0.9987384E-08
  0.1974465000000E+04  0.3135510E-01  0.2538696E-06 -0.3173826E-03 -0.5168147E-08  0.8637173E-03  0.9979088E-08
  0.1984931666667E+04  0.3135774E-01  0.2518208E-06 -0.3174363E-03 -0.5128271E-08  0.8638210E-03  0.9906766E-08
  0.1995465000000E+04  0.3136038E-01  0.2505951E-06 -0.3174900E-03 -0.5105075E-08  0.8639249E-03  0.9866541E-08
  0.2006031666667E+04  0.3136302E-01  0.2501602E-06 -0.3175439E-03 -0.5097955E-08  0.8640291E-03  0.9857309E-08
  0.2016665000000E+04  0.3136566E-01  0.2481544E-06 -0.3175977E-03 -0.5058712E-08  0.8641331E-03  0.9785836E-08
  0.2027365000000E+04  0.3136830E-01  0.2469470E-06 -0.3176516E-03 -0.5035666E-08  0.8642374E-03  0.9745572E-08
  0.2038131666667E+04  0.3137095E-01  0.2457438E-06 -0.3177056E-03 -0.5012667E-08  0.8643419E-03  0.9705311E-08
  0.2048965000000E+04  0.3137360E-01  0.2445454E-06 -0.3177596E-03 -0.4989694E-08  0.8644466E-03  0.9664998E-08
  0.2059831666667E+04  0.3137625E-01  0.2440984E-06 -0.3178137E-03 -0.4981985E-08  0.8645515E-03  0.9654161E-08
  0.2070765000000E+04  0.3137890E-01  0.2421613E-06 -0.3178678E-03 -0.4943755E-08  0.8646563E-03  0.9584057E-08
  0.2081765000000E+04  0.3138155E-01  0.2409819E-06 -0.3179219E-03 -0.4920922E-08  0.8647613E-03  0.9543686E-08
  0.2092831666667E+04  0.3138420E-01  0.2398069E-06 -0.3179761E-03 -0.4898140E-08  0.8648664E-03  0.9503329E-08
  0.2103965000000E+04  0.3138686E-01  0.2386369E-06 -0.3180304E-03 -0.4875389E-08  0.8649718E-03  0.9462935E-08
  0.2115165000000E+04  0.3138952E-01  0.2374719E-06 -0.3180848E-03 -0.4852671E-08  0.8650773E-03  0.9422506E-08
  0.2126398333333E+04  0.3139218E-01  0.2370131E-06 -0.3181392E-03 -0.4844318E-08  0.8651830E-03  0.9409884E-08
  0.2137698333333E+04  0.3139484E-01  0.2351550E-06 -0.3181935E-03 -0.4807263E-08  0.8652886E-03  0.9341396E-08
  0.2149065000000E+04  0.3139750E-01  0.2340091E-06 -0.3182479E-03 -0.4784696E-08  0.8653943E-03  0.9300953E-08
  0.2160498333333E+04  0.3140016E-01  0.2328676E-06 -0.3183023E-03 -0.4762186E-08  0.8655002E-03  0.9260541E-08
  0.2171998333333E+04  0.3140283E-01  0.2317312E-06 -0.3183568E-03 -0.4739712E-08  0.8656062E-03  0.9220107E-08
  0.2183565000000E+04  0.3140549E-01  0.2305999E-06 -0.3184114E-03 -0.4717275E-08  0.8657124E-03  0.9179654E-08
  0.2195198333333E+04  0.3140816E-01  0.2294737E-06 -0.3184660E-03 -0.4694876E-08  0.8658187E-03  0.9139185E-08
  0.2206898333333E+04  0.3141084E-01  0.2283526E-06 -0.3185207E-03 -0.4672517E-08  0.8659252E-03  0.9098704E-08
  0.2218665000000E+04  0.3141351E-01  0.2272366E-06 -0.3185754E-03 -0.4650197E-08  0.8660317E-03  0.9058213E-08
  0.2230498333333E+04  0.3141618E-01  0.2261258E-06 -0.3186302E-03 -0.4627919E-08  0.8661385E-03  0.9017715E-08
  0.2242398333333E+04  0.3141886E-01  0.2250201E-06 -0.3186850E-03 -0.4605683E-08  0.8662453E-03  0.8977212E-08
  0.2254365000000E+04  0.3142154E-01  0.2239197E-06 -0.3187398E-03 -0.4583490E-08  0.8663522E-03  0.8936709E-08
  0.2266398333333E+04  0.3142422E-01  0.2228244E-06 -0.3187947E-03 -0.4561340E-08  0.8664593E-03  0.8896208E-08
  0.2278498333333E+04  0.3142691E-01  0.2217343E-06 -0.3188496E-03 -0.4539236E-08  0.8665664E-03  0.8855711E-08
  0.2290665000000E+04  0.3142959E-01  0.2206495E-06 -0.3189046E-03 -0.4517176E-08  0.8666737E-03  0.8815223E-08
  0.2302898333333E+04  0.3143228E-01  0.2195698E-06 -0.3189596E-03 -0.4495164E-08  0.8667810E-03  0.8774744E-08
  0.2315198333333E+04  0.3143496E-01  0.2184955E-06 -0.3190146E-03 -0.4473198E-08  0.8668885E-03  0.8734279E-08
  0.2327565000000E+04  0.3143765E-01  0.2174263E-06 -0.3190697E-03 -0.4451281E-08  0.8669960E-03  0.8693831E-08
  0.2339998333333E+04  0.3144034E-01  0.2163624E-06 -0.3191247E-03 -0.4429413E-08  0.8671036E-03  0.8653401E-08
  0.2352531666667E+04  0.3144303E-01  0.2147312E-06 -0.3191798E-03 -0.4395872E-08  0.8672112E-03  0.8590086E-08
  0.2365131666667E+04  0.3144573E-01  0.2142516E-06 -0.3192351E-03 -0.4385880E-08  0.8673192E-03  0.8572728E-08
  0.2377798333333E+04  0.3144843E-01  0.2132003E-06 -0.3192904E-03 -0.4364123E-08  0.8674273E-03  0.8532309E-08
  0.2390531666667E+04  0.3145114E-01  0.2121547E-06 -0.3193457E-03 -0.4342400E-08  0.8675354E-03  0.8491871E-08
  0.2403331666667E+04  0.3145384E-01  0.2111145E-06 -0.3194010E-03 -0.4320730E-08  0.8676436E-03  0.8451467E-08
  0.2416198333333E+04  0.3145654E-01  0.2100796E-06 -0.3194563E-03 -0.4299115E-08  0.8677518E-03  0.8411101E-08
  0.2429165000000E+04  0.3145925E-01  0.2085126E-06 -0.3195116E-03 -0.4266559E-08  0.8678601E-03  0.8349257E-08
  0.2442198333333E+04  0.3146196E-01  0.2080267E-06 -0.3195671E-03 -0.4256100E-08  0.8679687E-03  0.8330599E-08
  0.2455298333333E+04  0.3146467E-01  0.2070048E-06 -0.3196226E-03 -0.4234616E-08  0.8680773E-03  0.8290301E-08
  0.2468465000000E+04  0.3146738E-01  0.2059885E-06 -0.3196780E-03 -0.4213171E-08  0.8681859E-03  0.8250003E-08
  0.2481731666667E+04  0.3147009E-01  0.2044627E-06 -0.3197335E-03 -0.4181252E-08  0.8682946E-03  0.8189129E-08
  0.2495065000000E+04  0.3147281E-01  0.2039732E-06 -0.3197891E-03 -0.4170504E-08  0.8684035E-03  0.8169667E-08
  0.2508465000000E+04  0.3147553E-01  0.2029701E-06 -0.3198447E-03 -0.4149202E-08  0.8685124E-03  0.8129474E-08
  0.2521965000000E+04  0.3147825E-01  0.2014742E-06 -0.3199003E-03 -0.4117750E-08  0.8686214E-03  0.8069322E-08
  0.2535531666667E+04  0.3148098E-01  0.2009819E-06 -0.3199560E-03 -0.4106790E-08  0.8687306E-03  0.8049277E-08
  0.2549165000000E+04  0.3148371E-01  0.1999926E-06 -0.3200117E-03 -0.4085622E-08  0.8688397E-03  0.8009171E-08
  0.2562898333333E+04  0.3148643E-01  0.1985261E-06 -0.3200674E-03 -0.4054634E-08  0.8689489E-03  0.7949747E-08
  0.2576698333333E+04  0.3148916E-01  0.1980319E-06 -0.3201232E-03 -0.4043484E-08  0.8690583E-03  0.7929172E-08
  0.2590598333333E+04  0.3149190E-01  0.1965839E-06 -0.3201790E-03 -0.4012813E-08  0.8691677E-03  0.7870263E-08
  0.2604565000000E+04  0.3149464E-01  0.1960876E-06 -0.3202349E-03 -0.4001524E-08  0.8692774E-03  0.7849314E-08
  0.2618598333333E+04  0.3149737E-01  0.1951208E-06 -0.3202907E-03 -0.3980583E-08  0.8693870E-03  0.7809384E-08
  0.2632731666667E+04  0.3150011E-01  0.1937018E-06 -0.3203466E-03 -0.3950354E-08  0.8694965E-03  0.7751170E-08
  0.2646931666667E+04  0.3150286E-01  0.1932049E-06 -0.3204025E-03 -0.3938911E-08  0.8696063E-03  0.7729776E-08
  0.2661231666667E+04  0.3150560E-01  0.1918040E-06 -0.3204584E-03 -0.3908997E-08  0.8697160E-03  0.7672085E-08
  0.2675598333333E+04  0.3150835E-01  0.1913058E-06 -0.3205144E-03 -0.3897439E-08  0.8698259E-03  0.7650376E-08
  0.2690065000000E+04  0.3151109E-01  0.1899232E-06 -0.3205703E-03 -0.3867820E-08  0.8699357E-03  0.7593166E-08
  0.2704598333333E+04  0.3151385E-01  0.1894242E-06 -0.3206264E-03 -0.3856157E-08  0.8700458E-03  0.7571164E-08
  0.2719231666667E+04  0.3151660E-01  0.1880595E-06 -0.3206824E-03 -0.3826833E-08  0.8701557E-03  0.7514440E-08
  0.2733965000000E+04  0.3151936E-01  0.1871356E-06 -0.3207385E-03 -0.3806443E-08  0.8702659E-03  0.7475216E-08
  0.2748765000000E+04  0.3152212E-01  0.1866341E-06 -0.3207946E-03 -0.3794624E-08  0.8703762E-03  0.7452792E-08
  0.2763665000000E+04  0.3152488E-01  0.1852956E-06 -0.3208507E-03 -0.3765727E-08  0.8704864E-03  0.7396775E-08
  0.2778631666667E+04  0.3152765E-01  0.1847944E-06 -0.3209069E-03 -0.3753809E-08  0.8705968E-03  0.7374072E-08
  0.2793698333333E+04  0.3153041E-01  0.1834734E-06 -0.3209630E-03 -0.3725205E-08  0.8707070E-03  0.7318551E-08
  0.2808865000000E+04  0.3153318E-01  0.1825703E-06 -0.3210192E-03 -0.3705054E-08  0.8708174E-03  0.7279599E-08
  0.2824098333333E+04  0.3153595E-01  0.1820678E-06 -0.3210755E-03 -0.3693017E-08  0.8709280E-03  0.7256559E-08
  0.2839431666667E+04  0.3153872E-01  0.1807723E-06 -0.3211317E-03 -0.3664839E-08  0.8710384E-03  0.7201761E-08
  0.2854865000000E+04  0.3154150E-01  0.1798814E-06 -0.3211879E-03 -0.3644837E-08  0.8711489E-03  0.7162992E-08
  0.2870398333333E+04  0.3154428E-01  0.1789937E-06 -0.3212442E-03 -0.3624888E-08  0.8712596E-03  0.7124302E-08
  0.2885998333333E+04  0.3154706E-01  0.1784901E-06 -0.3213006E-03 -0.3612680E-08  0.8713704E-03  0.7100794E-08
  0.2901698333333E+04  0.3154985E-01  0.1772276E-06 -0.3213569E-03 -0.3585061E-08  0.8714810E-03  0.7046956E-08
  0.2917498333333E+04  0.3155263E-01  0.1763527E-06 -0.3214132E-03 -0.3565257E-08  0.8715918E-03  0.7008450E-08
  0.2933398333333E+04  0.3155542E-01  0.1754810E-06 -0.3214696E-03 -0.3545513E-08  0.8717026E-03  0.6970035E-08
  0.2949398333333E+04  0.3155822E-01  0.1746130E-06 -0.3215260E-03 -0.3525811E-08  0.8718135E-03  0.6931676E-08
  0.2965498333333E+04  0.3156102E-01  0.1737485E-06 -0.3215824E-03 -0.3506154E-08  0.8719245E-03  0.6893376E-08
  0.2981665000000E+04  0.3156382E-01  0.1732442E-06 -0.3216389E-03 -0.3493731E-08  0.8720355E-03  0.6869273E-08
  0.2997931666667E+04  0.3156661E-01  0.1720296E-06 -0.3216953E-03 -0.3466937E-08  0.8721464E-03  0.6816881E-08
  0.3014298333333E+04  0.3156942E-01  0.1711782E-06 -0.3217517E-03 -0.3447446E-08  0.8722574E-03  0.6778824E-08
  0.3030765000000E+04  0.3157222E-01  0.1703302E-06 -0.3218082E-03 -0.3428021E-08  0.8723684E-03  0.6740878E-08
  0.3047331666667E+04  0.3157503E-01  0.1694860E-06 -0.3218647E-03 -0.3408647E-08  0.8724794E-03  0.6703006E-08
  0.3063998333333E+04  0.3157784E-01  0.1686455E-06 -0.3219212E-03 -0.3389324E-08  0.8725905E-03  0.6665214E-08
  0.3080765000000E+04  0.3158065E-01  0.1678088E-06 -0.3219777E-03 -0.3370054E-08  0.8727016E-03  0.6627503E-08
  0.3097631666667E+04  0.3158347E-01  0.1669758E-06 -0.3220342E-03 -0.3350839E-08  0.8728128E-03  0.6589877E-08
  0.3114598333333E+04  0.3158629E-01  0.1661467E-06 -0.3220907E-03 -0.3331678E-08  0.8729239E-03  0.6552340E-08
  0.3131665000000E+04  0.3158911E-01  0.1653213E-06 -0.3221472E-03 -0.3312574E-08  0.8730351E-03  0.6514894E-08
  0.3148831666667E+04  0.3159193E-01  0.1644998E-06 -0.3222038E-03 -0.3293528E-08  0.8731463E-03  0.6477543E-08
  0.3166098333333E+04  0.3159476E-01  0.1636822E-06 -0.3222603E-03 -0.3274541E-08  0.8732575E-03  0.6440289E-08
  0.3183498333333E+04  0.3159759E-01  0.1625564E-06 -0.3223169E-03 -0.3249376E-08  0.8733687E-03  0.6390870E-08
  0.3200998333333E+04  0.3160042E-01  0.1620593E-06 -0.3223735E-03 -0.3236780E-08  0.8734801E-03  0.6366157E-08
  0.3218598333333E+04  0.3160326E-01  0.1612515E-06 -0.3224301E-03 -0.3217953E-08  0.8735915E-03  0.6329174E-08
  0.3236298333333E+04  0.3160610E-01  0.1604479E-06 -0.3224868E-03 -0.3199174E-08  0.8737029E-03  0.6292266E-08
  0.3254098333333E+04  0.3160894E-01  0.1596482E-06 -0.3225434E-03 -0.3180461E-08  0.8738142E-03  0.6255471E-08
  0.3272031666667E+04  0.3161179E-01  0.1585572E-06 -0.3226000E-03 -0.3155936E-08  0.8739256E-03  0.6207233E-08
  0.3290065000000E+04  0.3161464E-01  0.1580614E-06 -0.3226567E-03 -0.3143262E-08  0.8740370E-03  0.6182296E-08
  0.3308198333333E+04  0.3161749E-01  0.1572720E-06 -0.3227133E-03 -0.3124728E-08  0.8741485E-03  0.6145819E-08
  0.3326431666667E+04  0.3162034E-01  0.1564867E-06 -0.3227700E-03 -0.3106247E-08  0.8742599E-03  0.6109433E-08
  0.3344798333333E+04  0.3162320E-01  0.1554229E-06 -0.3228266E-03 -0.3082233E-08  0.8743712E-03  0.6062152E-08
  0.3363265000000E+04  0.3162606E-01  0.1549290E-06 -0.3228832E-03 -0.3069526E-08  0.8744827E-03  0.6037104E-08
  0.3381831666667E+04  0.3162892E-01  0.1541542E-06 -0.3229399E-03 -0.3051239E-08  0.8745941E-03  0.6001070E-08
  0.3400531666667E+04  0.3163178E-01  0.1531103E-06 -0.3229965E-03 -0.3027604E-08  0.8747055E-03  0.5954506E-08
  0.3419331666667E+04  0.3163465E-01  0.1526178E-06 -0.3230532E-03 -0.3014883E-08  0.8748170E-03  0.5929402E-08
  0.3438265000000E+04  0.3163752E-01  0.1515866E-06 -0.3231098E-03 -0.2991508E-08  0.8749283E-03  0.5883336E-08
  0.3457298333333E+04  0.3164040E-01  0.1510948E-06 -0.3231665E-03 -0.2978772E-08  0.8750398E-03  0.5858189E-08
  0.3476465000000E+04  0.3164328E-01  0.1500763E-06 -0.3232232E-03 -0.2955644E-08  0.8751513E-03  0.5812595E-08
  0.3495731666667E+04  0.3164616E-01  0.1495855E-06 -0.3232799E-03 -0.2942903E-08  0.8752628E-03  0.5787423E-08
  0.3515131666667E+04  0.3164904E-01  0.1485796E-06 -0.3233365E-03 -0.2920022E-08  0.8753742E-03  0.5742304E-08
  0.3534631666667E+04  0.3165193E-01  0.1480901E-06 -0.3233932E-03 -0.2907283E-08  0.8754856E-03  0.5717126E-08
  0.3554265000000E+04  0.3165482E-01  0.1470968E-06 -0.3234499E-03 -0.2884652E-08  0.8755970E-03  0.5672488E-08
  0.3573998333333E+04  0.3165771E-01  0.1466086E-06 -0.3235065E-03 -0.2871923E-08  0.8757085E-03  0.5647320E-08
  0.3593865000000E+04  0.3166060E-01  0.1456278E-06 -0.3235631E-03 -0.2849541E-08  0.8758198E-03  0.5603166E-08
  0.3613865000000E+04  0.3166350E-01  0.1448994E-06 -0.3236198E-03 -0.2832102E-08  0.8759311E-03  0.5568729E-08
  0.3633965000000E+04  0.3166640E-01  0.1444129E-06 -0.3236765E-03 -0.2819396E-08  0.8760426E-03  0.5543600E-08
  0.3654198333333E+04  0.3166930E-01  0.1434502E-06 -0.3237331E-03 -0.2797379E-08  0.8761539E-03  0.5500156E-08
  0.3674565000000E+04  0.3167221E-01  0.1427318E-06 -0.3237897E-03 -0.2780131E-08  0.8762652E-03  0.5466088E-08
  0.3695065000000E+04  0.3167512E-01  0.1420162E-06 -0.3238463E-03 -0.2762952E-08  0.8763765E-03  0.5432157E-08
  0.3715665000000E+04  0.3167804E-01  0.1415322E-06 -0.3239030E-03 -0.2750272E-08  0.8764879E-03  0.5407073E-08
  0.3736398333333E+04  0.3168095E-01  0.1405932E-06 -0.3239595E-03 -0.2728738E-08  0.8765992E-03  0.5364575E-08
  0.3757265000000E+04  0.3168387E-01  0.1398880E-06 -0.3240161E-03 -0.2711750E-08  0.8767104E-03  0.5331016E-08
  0.3778265000000E+04  0.3168680E-01  0.1391856E-06 -0.3240727E-03 -0.2694834E-08  0.8768216E-03  0.5297603E-08
  0.3799398333333E+04  0.3168972E-01  0.1384863E-06 -0.3241293E-03 -0.2677980E-08  0.8769329E-03  0.5264311E-08
  0.3820665000000E+04  0.3169265E-01  0.1377902E-06 -0.3241859E-03 -0.2661188E-08  0.8770441E-03  0.5231144E-08
  0.3842065000000E+04  0.3169559E-01  0.1370971E-06 -0.3242425E-03 -0.2644460E-08  0.8771554E-03  0.5198103E-08
  0.3863598333333E+04  0.3169852E-01  0.1364072E-06 -0.3242991E-03 -0.2627796E-08  0.8772666E-03  0.5165190E-08
  0.3885265000000E+04  0.3170146E-01  0.1357204E-06 -0.3243557E-03 -0.2611199E-08  0.8773778E-03  0.5132410E-08
  0.3907065000000E+04  0.3170441E-01  0.1350368E-06 -0.3244122E-03 -0.2594668E-08  0.8774890E-03  0.5099763E-08
  0.3928998333333E+04  0.3170736E-01  0.1343564E-06 -0.3244688E-03 -0.2578204E-08  0.8776001E-03  0.5067252E-08
  0.3951065000000E+04  0.3171030E-01  0.1336792E-06 -0.3245253E-03 -0.2561810E-08  0.8777112E-03  0.5034880E-08
  0.3973265000000E+04  0.3171326E-01  0.1330052E-06 -0.3245818E-03 -0.2545485E-08  0.8778223E-03  0.5002648E-08
  0.3995598333333E+04  0.3171621E-01  0.1323345E-06 -0.3246383E-03 -0.2529231E-08  0.8779333E-03  0.4970559E-08
  0.4018065000000E+04  0.3171917E-01  0.1316670E-06 -0.3246948E-03 -0.2513048E-08  0.8780443E-03  0.4938615E-08
  0.4040698333333E+04  0.3172213E-01  0.1308099E-06 -0.3247512E-03 -0.2493260E-08  0.8781551E-03  0.4899590E-08
  0.4063465000000E+04  0.3172510E-01  0.1303424E-06 -0.3248077E-03 -0.2480921E-08  0.8782661E-03  0.4875210E-08
  0.4086365000000E+04  0.3172807E-01  0.1296837E-06 -0.3248641E-03 -0.2464943E-08  0.8783771E-03  0.4843685E-08
  0.4109398333333E+04  0.3173104E-01  0.1290284E-06 -0.3249205E-03 -0.2449030E-08  0.8784879E-03  0.4812290E-08
  0.4132598333333E+04  0.3173402E-01  0.1281920E-06 -0.3249769E-03 -0.2429697E-08  0.8785987E-03  0.4774180E-08
  0.4155931666667E+04  0.3173700E-01  0.1277283E-06 -0.3250333E-03 -0.2417451E-08  0.8787095E-03  0.4750004E-08
  0.4179398333333E+04  0.3173998E-01  0.1270820E-06 -0.3250897E-03 -0.2401754E-08  0.8788202E-03  0.4719053E-08
  0.4203031666667E+04  0.3174296E-01  0.1262608E-06 -0.3251460E-03 -0.2382760E-08  0.8789309E-03  0.4681626E-08
  0.4226798333333E+04  0.3174595E-01  0.1258001E-06 -0.3252023E-03 -0.2370593E-08  0.8790416E-03  0.4657624E-08
  0.4250731666667E+04  0.3174894E-01  0.1249886E-06 -0.3252586E-03 -0.2351830E-08  0.8791522E-03  0.4620666E-08
  0.4274798333333E+04  0.3175194E-01  0.1245297E-06 -0.3253149E-03 -0.2339714E-08  0.8792628E-03  0.4596777E-08
  0.4299031666667E+04  0.3175494E-01  0.1237281E-06 -0.3253712E-03 -0.2321173E-08  0.8793733E-03  0.4560269E-08
  0.4323398333333E+04  0.3175794E-01  0.1232713E-06 -0.3254274E-03 -0.2309114E-08  0.8794838E-03  0.4536505E-08
  0.4347931666667E+04  0.3176095E-01  0.1224794E-06 -0.3254836E-03 -0.2290796E-08  0.8795943E-03  0.4500449E-08
  0.4372598333333E+04  0.3176396E-01  0.1220248E-06 -0.3255398E-03 -0.2278800E-08  0.8797047E-03  0.4476822E-08
  0.4397431666667E+04  0.3176697E-01  0.1212426E-06 -0.3255960E-03 -0.2260705E-08  0.8798150E-03  0.4441220E-08
  0.4422431666667E+04  0.3176998E-01  0.1206293E-06 -0.3256521E-03 -0.2245779E-08  0.8799253E-03  0.4411852E-08
  0.4447565000000E+04  0.3177300E-01  0.1201776E-06 -0.3257083E-03 -0.2233885E-08  0.8800356E-03  0.4388448E-08
  0.4472865000000E+04  0.3177602E-01  0.1194096E-06 -0.3257643E-03 -0.2216118E-08  0.8801457E-03  0.4353514E-08
  0.4498331666667E+04  0.3177905E-01  0.1188049E-06 -0.3258204E-03 -0.2201405E-08  0.8802558E-03  0.4324587E-08
  0.4523965000000E+04  0.3178208E-01  0.1182027E-06 -0.3258765E-03 -0.2186767E-08  0.8803660E-03  0.4295816E-08
  0.4549765000000E+04  0.3178511E-01  0.1176032E-06 -0.3259325E-03 -0.2172195E-08  0.8804760E-03  0.4267183E-08
  0.4575698333333E+04  0.3178815E-01  0.1171568E-06 -0.3259885E-03 -0.2160464E-08  0.8805861E-03  0.4244139E-08
  0.4601798333333E+04  0.3179119E-01  0.1164117E-06 -0.3260445E-03 -0.2143238E-08  0.8806960E-03  0.4210305E-08
  0.4628065000000E+04  0.3179423E-01  0.1158212E-06 -0.3261004E-03 -0.2128882E-08  0.8808059E-03  0.4182118E-08
  0.4654498333333E+04  0.3179728E-01  0.1152332E-06 -0.3261563E-03 -0.2114604E-08  0.8809157E-03  0.4154094E-08
  0.4681098333333E+04  0.3180033E-01  0.1146480E-06 -0.3262122E-03 -0.2100396E-08  0.8810254E-03  0.4126216E-08
  0.4707865000000E+04  0.3180338E-01  0.1140656E-06 -0.3262680E-03 -0.2086259E-08  0.8811351E-03  0.4098485E-08
  0.4734798333333E+04  0.3180644E-01  0.1134859E-06 -0.3263238E-03 -0.2072194E-08  0.8812448E-03  0.4070903E-08
  0.4761898333333E+04  0.3180950E-01  0.1129090E-06 -0.3263796E-03 -0.2058201E-08  0.8813543E-03  0.4043471E-08
  0.4789165000000E+04  0.3181256E-01  0.1123348E-06 -0.3264353E-03 -0.2044281E-08  0.8814638E-03  0.4016190E-08
  0.4816631666667E+04  0.3181563E-01  0.1116278E-06 -0.3264910E-03 -0.2027971E-08  0.8815733E-03  0.3984221E-08
  0.4844265000000E+04  0.3181870E-01  0.1111953E-06 -0.3265468E-03 -0.2016677E-08  0.8816828E-03  0.3962117E-08
  0.4872065000000E+04  0.3182178E-01  0.1106288E-06 -0.3266024E-03 -0.2002970E-08  0.8817922E-03  0.3935280E-08
  0.4900031666667E+04  0.3182485E-01  0.1100653E-06 -0.3266581E-03 -0.1989331E-08  0.8819015E-03  0.3908583E-08
  0.4928198333333E+04  0.3182793E-01  0.1093749E-06 -0.3267137E-03 -0.1973430E-08  0.8820107E-03  0.3877449E-08
  0.4956531666667E+04  0.3183102E-01  0.1089470E-06 -0.3267693E-03 -0.1962295E-08  0.8821199E-03  0.3855689E-08
  0.4985031666667E+04  0.3183411E-01  0.1083912E-06 -0.3268248E-03 -0.1948877E-08  0.8822291E-03  0.3829450E-08
  0.5013731666667E+04  0.3183720E-01  0.1077132E-06 -0.3268803E-03 -0.1933282E-08  0.8823381E-03  0.3798939E-08
  0.5042598333333E+04  0.3184030E-01  0.1072888E-06 -0.3269358E-03 -0.1922273E-08  0.8824472E-03  0.3777449E-08
  0.5071665000000E+04  0.3184340E-01  0.1066186E-06 -0.3269912E-03 -0.1906884E-08  0.8825561E-03  0.3747360E-08
  0.5100898333333E+04  0.3184650E-01  0.1061966E-06 -0.3270466E-03 -0.1895958E-08  0.8826650E-03  0.3726048E-08
  0.5130331666667E+04  0.3184961E-01  0.1055343E-06 -0.3271020E-03 -0.1880770E-08  0.8827738E-03  0.3696366E-08
  0.5159931666667E+04  0.3185272E-01  0.1051147E-06 -0.3271573E-03 -0.1869931E-08  0.8828826E-03  0.3675240E-08
  0.5189731666667E+04  0.3185583E-01  0.1044603E-06 -0.3272126E-03 -0.1854944E-08  0.8829912E-03  0.3645966E-08
  0.5219731666667E+04  0.3185895E-01  0.1039276E-06 -0.3272679E-03 -0.1842147E-08  0.8830999E-03  0.3621005E-08
  0.5249898333333E+04  0.3186207E-01  0.1035114E-06 -0.3273231E-03 -0.1831444E-08  0.8832085E-03  0.3600167E-08
  0.5280265000000E+04  0.3186520E-01  0.1028686E-06 -0.3273783E-03 -0.1816752E-08  0.8833169E-03  0.3571494E-08
  0.5310831666667E+04  0.3186833E-01  0.1023434E-06 -0.3274334E-03 -0.1804170E-08  0.8834253E-03  0.3546973E-08
  0.5341598333333E+04  0.3187146E-01  0.1018205E-06 -0.3274886E-03 -0.1791661E-08  0.8835337E-03  0.3522604E-08
  0.5372565000000E+04  0.3187460E-01  0.1012999E-06 -0.3275437E-03 -0.1779221E-08  0.8836421E-03  0.3498376E-08
  0.5403698333333E+04  0.3187774E-01  0.1008897E-06 -0.3275987E-03 -0.1768741E-08  0.8837503E-03  0.3478008E-08
  0.5435031666667E+04  0.3188088E-01  0.1002656E-06 -0.3276537E-03 -0.1754536E-08  0.8838584E-03  0.3450319E-08
  0.5466565000000E+04  0.3188402E-01  0.9975280E-07 -0.3277086E-03 -0.1742311E-08  0.8839665E-03  0.3426530E-08
  0.5498298333333E+04  0.3188717E-01  0.9924235E-07 -0.3277635E-03 -0.1730163E-08  0.8840745E-03  0.3402897E-08
  0.5530231666667E+04  0.3189033E-01  0.9873430E-07 -0.3278184E-03 -0.1718085E-08  0.8841824E-03  0.3379408E-08
  0.5562398333333E+04  0.3189348E-01  0.9812688E-07 -0.3278732E-03 -0.1704311E-08  0.8842902E-03  0.3352585E-08
  0.5594765000000E+04  0.3189665E-01  0.9772578E-07 -0.3279281E-03 -0.1694154E-08  0.8843981E-03  0.3332884E-08
  0.5627331666667E+04  0.3189981E-01  0.9722443E-07 -0.3279829E-03 -0.1682283E-08  0.8845059E-03  0.3309816E-08
  0.5660098333333E+04  0.3190298E-01  0.9672558E-07 -0.3280376E-03 -0.1670480E-08  0.8846136E-03  0.3286883E-08
  0.5693065000000E+04  0.3190615E-01  0.9622919E-07 -0.3280923E-03 -0.1658750E-08  0.8847212E-03  0.3264098E-08
  0.5726265000000E+04  0.3190933E-01  0.9563915E-07 -0.3281469E-03 -0.1645439E-08  0.8848287E-03  0.3238206E-08
  0.5759665000000E+04  0.3191251E-01  0.9524410E-07 -0.3282015E-03 -0.1635519E-08  0.8849362E-03  0.3218990E-08
  0.5793265000000E+04  0.3191569E-01  0.9475459E-07 -0.3282561E-03 -0.1624003E-08  0.8850436E-03  0.3196636E-08
  0.5827098333333E+04  0.3191888E-01  0.9417474E-07 -0.3283106E-03 -0.1610967E-08  0.8851509E-03  0.3171294E-08
  0.5861131666667E+04  0.3192207E-01  0.9378340E-07 -0.3283651E-03 -0.1601193E-08  0.8852582E-03  0.3152373E-08
  0.5895398333333E+04  0.3192527E-01  0.9321014E-07 -0.3284195E-03 -0.1588342E-08  0.8853654E-03  0.3127399E-08
  0.5929898333333E+04  0.3192846E-01  0.9273152E-07 -0.3284739E-03 -0.1577139E-08  0.8854725E-03  0.3105669E-08
  0.5964598333333E+04  0.3193167E-01  0.9234350E-07 -0.3285283E-03 -0.1567508E-08  0.8855796E-03  0.3087038E-08
  0.5999531666667E+04  0.3193487E-01  0.9177995E-07 -0.3285826E-03 -0.1554923E-08  0.8856866E-03  0.3062591E-08
  0.6034698333333E+04  0.3193809E-01  0.9130790E-07 -0.3286369E-03 -0.1543924E-08  0.8857936E-03  0.3041267E-08
  0.6070065000000E+04  0.3194130E-01  0.9092349E-07 -0.3286912E-03 -0.1534439E-08  0.8859005E-03  0.3022927E-08
  0.6105665000000E+04  0.3194452E-01  0.9036962E-07 -0.3287454E-03 -0.1522121E-08  0.8860073E-03  0.2999006E-08
  0.6141498333333E+04  0.3194774E-01  0.8990424E-07 -0.3287995E-03 -0.1511329E-08  0.8861140E-03  0.2978090E-08
  0.6177565000000E+04  0.3195097E-01  0.8944091E-07 -0.3288537E-03 -0.1500608E-08  0.8862206E-03  0.2957315E-08
  0.6213865000000E+04  0.3195420E-01  0.8897968E-07 -0.3289078E-03 -0.1489953E-08  0.8863272E-03  0.2936669E-08
  0.6250398333333E+04  0.3195743E-01  0.8852057E-07 -0.3289618E-03 -0.1479365E-08  0.8864338E-03  0.2916155E-08
  0.6287165000000E+04  0.3196067E-01  0.8806359E-07 -0.3290158E-03 -0.1468844E-08  0.8865402E-03  0.2895773E-08
  0.6324165000000E+04  0.3196391E-01  0.8760874E-07 -0.3290698E-03 -0.1458392E-08  0.8866466E-03  0.2875522E-08
  0.6361398333333E+04  0.3196715E-01  0.8715604E-07 -0.3291237E-03 -0.1448007E-08  0.8867530E-03  0.2855404E-08
  0.6398865000000E+04  0.3197040E-01  0.8670549E-07 -0.3291775E-03 -0.1437691E-08  0.8868592E-03  0.2835418E-08
  0.6436598333333E+04  0.3197365E-01  0.8618090E-07 -0.3292314E-03 -0.1426182E-08  0.8869653E-03  0.2813077E-08
  0.6474565000000E+04  0.3197691E-01  0.8581112E-07 -0.3292852E-03 -0.1417271E-08  0.8870715E-03  0.2795858E-08
  0.6512765000000E+04  0.3198017E-01  0.8536664E-07 -0.3293389E-03 -0.1407156E-08  0.8871775E-03  0.2776260E-08
  0.6551231666667E+04  0.3198344E-01  0.8485080E-07 -0.3293926E-03 -0.1395895E-08  0.8872835E-03  0.2754398E-08
  0.6589931666667E+04  0.3198671E-01  0.8448456E-07 -0.3294463E-03 -0.1387132E-08  0.8873894E-03  0.2737461E-08
  0.6628898333333E+04  0.3198998E-01  0.8397439E-07 -0.3294999E-03 -0.1376039E-08  0.8874953E-03  0.2715921E-08
  0.6668131666667E+04  0.3199326E-01  0.8353943E-07 -0.3295535E-03 -0.1366212E-08  0.8876011E-03  0.2696876E-08
  0.6707598333333E+04  0.3199654E-01  0.8317646E-07 -0.3296071E-03 -0.1357596E-08  0.8877068E-03  0.2680216E-08
  0.6747331666667E+04  0.3199982E-01  0.8267468E-07 -0.3296606E-03 -0.1346743E-08  0.8878125E-03  0.2659135E-08
  0.6787331666667E+04  0.3200311E-01  0.8224561E-07 -0.3297141E-03 -0.1337110E-08  0.8879181E-03  0.2640457E-08
  0.6827598333333E+04  0.3200641E-01  0.8181836E-07 -0.3297676E-03 -0.1327542E-08  0.8880237E-03  0.2621902E-08
  0.6868098333333E+04  0.3200971E-01  0.8145998E-07 -0.3298210E-03 -0.1319121E-08  0.8881292E-03  0.2605607E-08
  0.6908865000000E+04  0.3201301E-01  0.8096928E-07 -0.3298743E-03 -0.1308588E-08  0.8882346E-03  0.2585131E-08
  0.6949898333333E+04  0.3201631E-01  0.8054808E-07 -0.3299276E-03 -0.1299213E-08  0.8883399E-03  0.2566937E-08
  0.6991231666667E+04  0.3201962E-01  0.8006413E-07 -0.3299809E-03 -0.1288865E-08  0.8884452E-03  0.2546813E-08
  0.7032831666667E+04  0.3202294E-01  0.7971155E-07 -0.3300342E-03 -0.1280666E-08  0.8885505E-03  0.2530929E-08
  0.7074698333333E+04  0.3202626E-01  0.7929569E-07 -0.3300874E-03 -0.1271480E-08  0.8886557E-03  0.2513087E-08
  0.7116831666667E+04  0.3202958E-01  0.7888181E-07 -0.3301406E-03 -0.1262355E-08  0.8887608E-03  0.2495357E-08
  0.7159198333333E+04  0.3203291E-01  0.7853161E-07 -0.3301937E-03 -0.1254281E-08  0.8888659E-03  0.2479695E-08
  0.7201765000000E+04  0.3203624E-01  0.7818195E-07 -0.3302468E-03 -0.1246242E-08  0.8889708E-03  0.2464095E-08
  0.7244531666667E+04  0.3203956E-01  0.7777271E-07 -0.3302997E-03 -0.1237283E-08  0.8890754E-03  0.2446663E-08
  0.7287498333333E+04  0.3204289E-01  0.7736613E-07 -0.3303525E-03 -0.1228400E-08  0.8891798E-03  0.2429372E-08
  0.7330665000000E+04  0.3204621E-01  0.7696217E-07 -0.3304051E-03 -0.1219596E-08  0.8892839E-03  0.2412229E-08
  0.7374031666667E+04  0.3204953E-01  0.7656081E-07 -0.3304576E-03 -0.1210871E-08  0.8893878E-03  0.2395231E-08
  0.7417598333333E+04  0.3205285E-01  0.7616204E-07 -0.3305100E-03 -0.1202224E-08  0.8894914E-03  0.2378377E-08
  0.7461365000000E+04  0.3205616E-01  0.7576585E-07 -0.3305623E-03 -0.1193654E-08  0.8895948E-03  0.2361666E-08
  0.7505331666667E+04  0.3205948E-01  0.7537221E-07 -0.3306144E-03 -0.1185162E-08  0.8896979E-03  0.2345096E-08
  0.7549498333333E+04  0.3206279E-01  0.7498112E-07 -0.3306663E-03 -0.1176746E-08  0.8898007E-03  0.2328668E-08
  0.7593898333333E+04  0.3206610E-01  0.7453655E-07 -0.3307182E-03 -0.1167529E-08  0.8899033E-03  0.2310642E-08
  0.7638498333333E+04  0.3206941E-01  0.7420658E-07 -0.3307699E-03 -0.1160145E-08  0.8900058E-03  0.2296233E-08
  0.7683298333333E+04  0.3207272E-01  0.7382270E-07 -0.3308215E-03 -0.1151952E-08  0.8901079E-03  0.2280211E-08
  0.7728298333333E+04  0.3207602E-01  0.7344134E-07 -0.3308730E-03 -0.1143831E-08  0.8902098E-03  0.2264320E-08
  0.7773531666667E+04  0.3207932E-01  0.7300861E-07 -0.3309243E-03 -0.1134947E-08  0.8903114E-03  0.2246906E-08
  0.7818965000000E+04  0.3208263E-01  0.7268610E-07 -0.3309756E-03 -0.1127813E-08  0.8904129E-03  0.2232947E-08
  0.7864598333333E+04  0.3208593E-01  0.7231181E-07 -0.3310267E-03 -0.1119909E-08  0.8905141E-03  0.2217449E-08
  0.7910465000000E+04  0.3208922E-01  0.7188769E-07 -0.3310777E-03 -0.1111268E-08  0.8906150E-03  0.2200478E-08
  0.7956531666667E+04  0.3209252E-01  0.7157062E-07 -0.3311285E-03 -0.1104317E-08  0.8907157E-03  0.2186844E-08
  0.8002831666667E+04  0.3209581E-01  0.7115206E-07 -0.3311793E-03 -0.1095834E-08  0.8908162E-03  0.2170162E-08
  0.8049331666667E+04  0.3209911E-01  0.7083850E-07 -0.3312299E-03 -0.1089002E-08  0.8909165E-03  0.2156737E-08
  0.8096065000000E+04  0.3210240E-01  0.7042543E-07 -0.3312804E-03 -0.1080674E-08  0.8910165E-03  0.2140335E-08
  0.8142998333333E+04  0.3210569E-01  0.7011536E-07 -0.3313308E-03 -0.1073959E-08  0.8911164E-03  0.2127117E-08
  0.8190165000000E+04  0.3210898E-01  0.6970773E-07 -0.3313811E-03 -0.1065783E-08  0.8912159E-03  0.2110990E-08
  0.8237565000000E+04  0.3211227E-01  0.6935231E-07 -0.3314313E-03 -0.1058439E-08  0.8913153E-03  0.2096500E-08
  0.8285165000000E+04  0.3211555E-01  0.6904727E-07 -0.3314813E-03 -0.1051897E-08  0.8914145E-03  0.2083584E-08
  0.8332998333333E+04  0.3211884E-01  0.6864756E-07 -0.3315313E-03 -0.1043942E-08  0.8915134E-03  0.2067857E-08
  0.8381065000000E+04  0.3212212E-01  0.6829858E-07 -0.3315811E-03 -0.1036793E-08  0.8916121E-03  0.2053711E-08
  0.8429365000000E+04  0.3212540E-01  0.6795162E-07 -0.3316308E-03 -0.1029707E-08  0.8917106E-03  0.2039679E-08
  0.8477865000000E+04  0.3212868E-01  0.6765316E-07 -0.3316805E-03 -0.1023386E-08  0.8918090E-03  0.2027149E-08
  0.8526598333333E+04  0.3213196E-01  0.6726372E-07 -0.3317300E-03 -0.1015719E-08  0.8919070E-03  0.2011937E-08
  0.8575565000000E+04  0.3213524E-01  0.6692310E-07 -0.3317794E-03 -0.1008821E-08  0.8920048E-03  0.1998236E-08
  0.8624765000000E+04  0.3213851E-01  0.6658447E-07 -0.3318287E-03 -0.1001986E-08  0.8921025E-03  0.1984646E-08
  0.8674198333333E+04  0.3214179E-01  0.6624785E-07 -0.3318779E-03 -0.9952112E-09  0.8921999E-03  0.1971162E-08
  0.8723865000000E+04  0.3214506E-01  0.6591322E-07 -0.3319269E-03 -0.9884962E-09  0.8922972E-03  0.1957783E-08
  0.8773765000000E+04  0.3214833E-01  0.6558057E-07 -0.3319759E-03 -0.9818409E-09  0.8923942E-03  0.1944508E-08
  0.8823898333333E+04  0.3215161E-01  0.6524990E-07 -0.3320248E-03 -0.9752449E-09  0.8924910E-03  0.1931338E-08
  0.8874298333333E+04  0.3215488E-01  0.6487827E-07 -0.3320736E-03 -0.9680671E-09  0.8925876E-03  0.1917002E-08
  0.8924931666667E+04  0.3215815E-01  0.6459454E-07 -0.3321223E-03 -0.9622314E-09  0.8926841E-03  0.1905311E-08
  0.8975798333333E+04  0.3216142E-01  0.6426952E-07 -0.3321710E-03 -0.9558080E-09  0.8927804E-03  0.1892442E-08
  0.9026898333333E+04  0.3216468E-01  0.6394648E-07 -0.3322195E-03 -0.9494412E-09  0.8928764E-03  0.1879672E-08
  0.9078265000000E+04  0.3216795E-01  0.6358409E-07 -0.3322679E-03 -0.9425199E-09  0.8929723E-03  0.1865791E-08
  0.9129865000000E+04  0.3217122E-01  0.6330627E-07 -0.3323162E-03 -0.9368818E-09  0.8930680E-03  0.1854437E-08
  0.9181731666667E+04  0.3217448E-01  0.6294832E-07 -0.3323645E-03 -0.9300855E-09  0.8931634E-03  0.1840778E-08
  0.9233831666667E+04  0.3217775E-01  0.6267334E-07 -0.3324126E-03 -0.9245426E-09  0.8932588E-03  0.1829586E-08
  0.9286198333333E+04  0.3218101E-01  0.6231981E-07 -0.3324607E-03 -0.9178683E-09  0.8933539E-03  0.1816143E-08
  0.9338798333333E+04  0.3218427E-01  0.6204765E-07 -0.3325087E-03 -0.9124198E-09  0.8934488E-03  0.1805111E-08
  0.9391665000000E+04  0.3218753E-01  0.6169850E-07 -0.3325566E-03 -0.9058660E-09  0.8935435E-03  0.1791881E-08
  0.9444798333333E+04  0.3219080E-01  0.6139064E-07 -0.3326044E-03 -0.8999461E-09  0.8936381E-03  0.1779891E-08
  0.9498165000000E+04  0.3219406E-01  0.6112260E-07 -0.3326522E-03 -0.8946365E-09  0.8937325E-03  0.1769096E-08
  0.9551798333333E+04  0.3219732E-01  0.6077986E-07 -0.3326998E-03 -0.8882586E-09  0.8938267E-03  0.1756176E-08
  0.9605698333333E+04  0.3220058E-01  0.6047724E-07 -0.3327474E-03 -0.8824942E-09  0.8939207E-03  0.1744457E-08
  0.9659865000000E+04  0.3220384E-01  0.6017627E-07 -0.3327949E-03 -0.8767807E-09  0.8940146E-03  0.1732827E-08
  0.9714298333333E+04  0.3220710E-01  0.5987698E-07 -0.3328423E-03 -0.8711170E-09  0.8941083E-03  0.1721283E-08
  0.9768998333333E+04  0.3221036E-01  0.5957936E-07 -0.3328896E-03 -0.8655027E-09  0.8942018E-03  0.1709824E-08
  0.9823965000000E+04  0.3221361E-01  0.5928340E-07 -0.3329369E-03 -0.8599376E-09  0.8942952E-03  0.1698451E-08
  0.9879198333333E+04  0.3221687E-01  0.5898910E-07 -0.3329841E-03 -0.8544215E-09  0.8943884E-03  0.1687163E-08
  0.9934698333333E+04  0.3222013E-01  0.5869646E-07 -0.3330312E-03 -0.8489540E-09  0.8944814E-03  0.1675959E-08
  0.9990465000000E+04  0.3222339E-01  0.5840547E-07 -0.3330782E-03 -0.8435349E-09  0.8945742E-03  0.1664840E-08
  0.1004653166667E+05  0.3222664E-01  0.5808158E-07 -0.3331252E-03 -0.8376656E-09  0.8946669E-03  0.1652821E-08
  0.1010286500000E+05  0.3222990E-01  0.5782850E-07 -0.3331721E-03 -0.8328424E-09  0.8947594E-03  0.1642856E-08
  0.1015949833333E+05  0.3223316E-01  0.5750840E-07 -0.3332190E-03 -0.8270773E-09  0.8948518E-03  0.1631022E-08
  0.1021639833333E+05  0.3223642E-01  0.5725774E-07 -0.3332657E-03 -0.8223344E-09  0.8949441E-03  0.1621193E-08
  0.1027359833333E+05  0.3223967E-01  0.5694142E-07 -0.3333125E-03 -0.8166715E-09  0.8950361E-03  0.1609539E-08
  0.1033106500000E+05  0.3224293E-01  0.5669320E-07 -0.3333591E-03 -0.8120084E-09  0.8951281E-03  0.1599846E-08
  0.1038883166667E+05  0.3224619E-01  0.5638062E-07 -0.3334057E-03 -0.8064463E-09  0.8952198E-03  0.1588372E-08
  0.1044689833333E+05  0.3224945E-01  0.5610262E-07 -0.3334522E-03 -0.8014022E-09  0.8953114E-03  0.1577908E-08
  0.1050523166667E+05  0.3225270E-01  0.5585796E-07 -0.3334987E-03 -0.7968567E-09  0.8954029E-03  0.1568416E-08
  0.1056386500000E+05  0.3225596E-01  0.5555089E-07 -0.3335451E-03 -0.7914423E-09  0.8954942E-03  0.1557204E-08
  0.1062279833333E+05  0.3225922E-01  0.5527742E-07 -0.3335915E-03 -0.7865293E-09  0.8955854E-03  0.1546969E-08
  0.1068203166667E+05  0.3226248E-01  0.5500539E-07 -0.3336378E-03 -0.7816592E-09  0.8956764E-03  0.1536811E-08
  0.1074156500000E+05  0.3226574E-01  0.5473481E-07 -0.3336840E-03 -0.7768313E-09  0.8957673E-03  0.1526726E-08
  0.1080139833333E+05  0.3226899E-01  0.5446568E-07 -0.3337302E-03 -0.7720452E-09  0.8958581E-03  0.1516714E-08
  0.1086153166667E+05  0.3227225E-01  0.5419801E-07 -0.3337764E-03 -0.7673008E-09  0.8959487E-03  0.1506777E-08
  0.1092199833333E+05  0.3227551E-01  0.5390205E-07 -0.3338225E-03 -0.7621775E-09  0.8960391E-03  0.1496087E-08
  0.1098276500000E+05  0.3227877E-01  0.5366707E-07 -0.3338685E-03 -0.7579376E-09  0.8961295E-03  0.1487123E-08
  0.1104383166667E+05  0.3228204E-01  0.5340358E-07 -0.3339145E-03 -0.7533149E-09  0.8962197E-03  0.1477400E-08
  0.1110523166667E+05  0.3228530E-01  0.5311270E-07 -0.3339605E-03 -0.7483261E-09  0.8963098E-03  0.1466951E-08
  0.1116693166667E+05  0.3228856E-01  0.5288103E-07 -0.3340064E-03 -0.7441921E-09  0.8963998E-03  0.1458172E-08
  0.1122896500000E+05  0.3229182E-01  0.5259346E-07 -0.3340522E-03 -0.7392914E-09  0.8964896E-03  0.1447882E-08
  0.1129133166667E+05  0.3229509E-01  0.5233598E-07 -0.3340981E-03 -0.7348335E-09  0.8965793E-03  0.1438454E-08
  0.1135399833333E+05  0.3229835E-01  0.5210748E-07 -0.3341439E-03 -0.7308022E-09  0.8966689E-03  0.1429853E-08
  0.1141699833333E+05  0.3230162E-01  0.5182481E-07 -0.3341896E-03 -0.7260298E-09  0.8967583E-03  0.1419796E-08
  0.1148033166667E+05  0.3230488E-01  0.5157135E-07 -0.3342353E-03 -0.7216864E-09  0.8968477E-03  0.1410571E-08
  0.1154399833333E+05  0.3230815E-01  0.5131919E-07 -0.3342810E-03 -0.7173803E-09  0.8969369E-03  0.1401414E-08
  0.1160799833333E+05  0.3231142E-01  0.5106834E-07 -0.3343266E-03 -0.7131111E-09  0.8970260E-03  0.1392323E-08
  0.1167233166667E+05  0.3231469E-01  0.5081878E-07 -0.3343722E-03 -0.7088786E-09  0.8971150E-03  0.1383299E-08
  0.1173699833333E+05  0.3231796E-01  0.5057053E-07 -0.3344178E-03 -0.7046825E-09  0.8972039E-03  0.1374340E-08
  0.1180203166667E+05  0.3232123E-01  0.5029779E-07 -0.3344633E-03 -0.7001636E-09  0.8972926E-03  0.1364746E-08
  0.1186739833333E+05  0.3232450E-01  0.5007800E-07 -0.3345089E-03 -0.6964002E-09  0.8973813E-03  0.1356621E-08
  0.1193309833333E+05  0.3232778E-01  0.4983353E-07 -0.3345543E-03 -0.6923107E-09  0.8974699E-03  0.1347855E-08
  0.1199916500000E+05  0.3233105E-01  0.4956535E-07 -0.3345998E-03 -0.6879095E-09  0.8975583E-03  0.1338479E-08
  0.1206559833333E+05  0.3233433E-01  0.4932382E-07 -0.3346452E-03 -0.6838961E-09  0.8976466E-03  0.1329853E-08
  0.1213236500000E+05  0.3233761E-01  0.4910796E-07 -0.3346906E-03 -0.6802558E-09  0.8977349E-03  0.1321949E-08
  0.1219949833333E+05  0.3234089E-01  0.4884421E-07 -0.3347360E-03 -0.6759687E-09  0.8978230E-03  0.1312783E-08
  0.1226699833333E+05  0.3234417E-01  0.4860635E-07 -0.3347814E-03 -0.6720569E-09  0.8979111E-03  0.1304344E-08
  0.1233486500000E+05  0.3234745E-01  0.4836966E-07 -0.3348267E-03 -0.6681783E-09  0.8979990E-03  0.1295966E-08
  0.1240309833333E+05  0.3235073E-01  0.4813416E-07 -0.3348721E-03 -0.6643325E-09  0.8980869E-03  0.1287649E-08
  0.1247169833333E+05  0.3235402E-01  0.4789985E-07 -0.3349174E-03 -0.6605193E-09  0.8981747E-03  0.1279392E-08
  0.1254066500000E+05  0.3235731E-01  0.4766674E-07 -0.3349627E-03 -0.6567386E-09  0.8982623E-03  0.1271196E-08
  0.1260999833333E+05  0.3236060E-01  0.4743482E-07 -0.3350079E-03 -0.6529903E-09  0.8983499E-03  0.1263060E-08
  0.1267973166667E+05  0.3236389E-01  0.4718154E-07 -0.3350532E-03 -0.6489638E-09  0.8984374E-03  0.1254384E-08
  0.1274983166667E+05  0.3236718E-01  0.4697463E-07 -0.3350984E-03 -0.6455911E-09  0.8985248E-03  0.1246971E-08
  0.1282033166667E+05  0.3237047E-01  0.4672409E-07 -0.3351437E-03 -0.6416339E-09  0.8986121E-03  0.1238427E-08
  0.1289119833333E+05  0.3237377E-01  0.4651901E-07 -0.3351889E-03 -0.6383162E-09  0.8986993E-03  0.1231115E-08
  0.1296246500000E+05  0.3237707E-01  0.4627122E-07 -0.3352341E-03 -0.6344273E-09  0.8987865E-03  0.1222702E-08
  0.1303413166667E+05  0.3238037E-01  0.4604656E-07 -0.3352793E-03 -0.6308707E-09  0.8988735E-03  0.1214928E-08
  0.1310619833333E+05  0.3238367E-01  0.4582300E-07 -0.3353246E-03 -0.6273440E-09  0.8989605E-03  0.1207211E-08
  0.1317866500000E+05  0.3238697E-01  0.4560053E-07 -0.3353698E-03 -0.6238467E-09  0.8990475E-03  0.1199551E-08
  0.1325153166667E+05  0.3239028E-01  0.4537917E-07 -0.3354150E-03 -0.6203788E-09  0.8991343E-03  0.1191946E-08
  0.1332479833333E+05  0.3239359E-01  0.4515891E-07 -0.3354602E-03 -0.6169401E-09  0.8992211E-03  0.1184398E-08
  0.1339849833333E+05  0.3239690E-01  0.4491944E-07 -0.3355054E-03 -0.6132531E-09  0.8993078E-03  0.1176374E-08
  0.1347259833333E+05  0.3240021E-01  0.4472178E-07 -0.3355506E-03 -0.6101509E-09  0.8993945E-03  0.1169472E-08
  0.1354709833333E+05  0.3240353E-01  0.4450475E-07 -0.3355958E-03 -0.6067979E-09  0.8994810E-03  0.1162090E-08
  0.1362203166667E+05  0.3240685E-01  0.4426915E-07 -0.3356410E-03 -0.6032050E-09  0.8995675E-03  0.1154250E-08
  0.1369739833333E+05  0.3241017E-01  0.4405462E-07 -0.3356862E-03 -0.5999130E-09  0.8996540E-03  0.1146987E-08
  0.1377319833333E+05  0.3241349E-01  0.4384111E-07 -0.3357314E-03 -0.5966481E-09  0.8997404E-03  0.1139778E-08
  0.1384939833333E+05  0.3241682E-01  0.4364770E-07 -0.3357767E-03 -0.5936697E-09  0.8998267E-03  0.1133117E-08
  0.1392603166667E+05  0.3242014E-01  0.4341711E-07 -0.3358219E-03 -0.5901980E-09  0.8999130E-03  0.1125516E-08
  0.1400313166667E+05  0.3242347E-01  0.4318810E-07 -0.3358671E-03 -0.5867610E-09  0.8999992E-03  0.1117985E-08
  0.1408066500000E+05  0.3242681E-01  0.4299753E-07 -0.3359124E-03 -0.5838590E-09  0.9000853E-03  0.1111475E-08
  0.1415863166667E+05  0.3243014E-01  0.4278917E-07 -0.3359577E-03 -0.5807275E-09  0.9001715E-03  0.1104531E-08
  0.1423706500000E+05  0.3243348E-01  0.4256377E-07 -0.3360030E-03 -0.5773769E-09  0.9002575E-03  0.1097172E-08
  0.1431593166667E+05  0.3243682E-01  0.4237565E-07 -0.3360483E-03 -0.5745442E-09  0.9003435E-03  0.1090801E-08
  0.1439526500000E+05  0.3244017E-01  0.4215262E-07 -0.3360936E-03 -0.5712501E-09  0.9004295E-03  0.1083557E-08
  0.1447503166667E+05  0.3244351E-01  0.4196614E-07 -0.3361389E-03 -0.5684629E-09  0.9005154E-03  0.1077278E-08
  0.1455526500000E+05  0.3244686E-01  0.4174550E-07 -0.3361843E-03 -0.5652247E-09  0.9006013E-03  0.1070147E-08
  0.1463596500000E+05  0.3245022E-01  0.4154350E-07 -0.3362297E-03 -0.5622505E-09  0.9006871E-03  0.1063521E-08
  0.1471713166667E+05  0.3245357E-01  0.4134247E-07 -0.3362751E-03 -0.5593007E-09  0.9007729E-03  0.1056945E-08
  0.1479876500000E+05  0.3245693E-01  0.4114241E-07 -0.3363205E-03 -0.5563752E-09  0.9008587E-03  0.1050419E-08
  0.1488089833333E+05  0.3246029E-01  0.4092672E-07 -0.3363659E-03 -0.5532493E-09  0.9009444E-03  0.1043520E-08
  0.1496349833333E+05  0.3246366E-01  0.4074529E-07 -0.3364114E-03 -0.5505975E-09  0.9010301E-03  0.1037519E-08
  0.1504659833333E+05  0.3246703E-01  0.4053183E-07 -0.3364569E-03 -0.5475235E-09  0.9011157E-03  0.1030728E-08
  0.1513016500000E+05  0.3247040E-01  0.4035194E-07 -0.3365024E-03 -0.5449136E-09  0.9012014E-03  0.1024815E-08
  0.1521423166667E+05  0.3247377E-01  0.4014073E-07 -0.3365480E-03 -0.5418910E-09  0.9012869E-03  0.1018131E-08
  0.1529879833333E+05  0.3247715E-01  0.3994666E-07 -0.3365936E-03 -0.5391102E-09  0.9013725E-03  0.1011907E-08
  0.1538386500000E+05  0.3248053E-01  0.3975350E-07 -0.3366392E-03 -0.5363519E-09  0.9014581E-03  0.1005731E-08
  0.1546943166667E+05  0.3248392E-01  0.3956126E-07 -0.3366849E-03 -0.5336160E-09  0.9015436E-03  0.9996033E-09
  0.1555549833333E+05  0.3248731E-01  0.3936995E-07 -0.3367306E-03 -0.5309025E-09  0.9016291E-03  0.9935229E-09
  0.1564209833333E+05  0.3249070E-01  0.3916450E-07 -0.3367763E-03 -0.5280079E-09  0.9017146E-03  0.9871102E-09
  0.1572919833333E+05  0.3249409E-01  0.3899018E-07 -0.3368221E-03 -0.5255427E-09  0.9018001E-03  0.9815068E-09
  0.1581683166667E+05  0.3249749E-01  0.3878684E-07 -0.3368679E-03 -0.5226958E-09  0.9018856E-03  0.9751968E-09
  0.1590496500000E+05  0.3250090E-01  0.3861400E-07 -0.3369137E-03 -0.5202693E-09  0.9019710E-03  0.9696777E-09
  0.1599363166667E+05  0.3250430E-01  0.3841279E-07 -0.3369596E-03 -0.5174696E-09  0.9020564E-03  0.9634700E-09
  0.1608283166667E+05  0.3250771E-01  0.3822718E-07 -0.3370055E-03 -0.5148891E-09  0.9021419E-03  0.9576778E-09
  0.1617256500000E+05  0.3251113E-01  0.3804244E-07 -0.3370515E-03 -0.5123292E-09  0.9022273E-03  0.9519314E-09
  0.1626286500000E+05  0.3251454E-01  0.3784461E-07 -0.3370975E-03 -0.5096019E-09  0.9023127E-03  0.9458815E-09
  0.1635369833333E+05  0.3251796E-01  0.3767566E-07 -0.3371436E-03 -0.5072721E-09  0.9023981E-03  0.9405771E-09
  0.1644506500000E+05  0.3252139E-01  0.3749351E-07 -0.3371897E-03 -0.5047731E-09  0.9024836E-03  0.9349661E-09
  0.1653699833333E+05  0.3252482E-01  0.3729873E-07 -0.3372359E-03 -0.5021125E-09  0.9025690E-03  0.9290638E-09
  0.1662949833333E+05  0.3252825E-01  0.3711857E-07 -0.3372821E-03 -0.4996568E-09  0.9026544E-03  0.9235495E-09
  0.1672256500000E+05  0.3253169E-01  0.3693924E-07 -0.3373284E-03 -0.4972205E-09  0.9027398E-03  0.9180792E-09
  0.1681619833333E+05  0.3253513E-01  0.3676075E-07 -0.3373747E-03 -0.4948035E-09  0.9028253E-03  0.9126527E-09
  0.1691039833333E+05  0.3253858E-01  0.3658310E-07 -0.3374211E-03 -0.4924057E-09  0.9029108E-03  0.9072701E-09
  0.1700516500000E+05  0.3254203E-01  0.3640630E-07 -0.3374675E-03 -0.4900271E-09  0.9029962E-03  0.9019316E-09
  0.1710049833333E+05  0.3254548E-01  0.3623035E-07 -0.3375140E-03 -0.4876676E-09  0.9030817E-03  0.8966370E-09
  0.1719643166667E+05  0.3254894E-01  0.3604273E-07 -0.3375606E-03 -0.4851585E-09  0.9031672E-03  0.8910768E-09
  0.1729296500000E+05  0.3255240E-01  0.3586867E-07 -0.3376072E-03 -0.4828394E-09  0.9032527E-03  0.8858751E-09
  0.1739006500000E+05  0.3255587E-01  0.3570766E-07 -0.3376538E-03 -0.4807031E-09  0.9033383E-03  0.8810180E-09
  0.1748776500000E+05  0.3255934E-01  0.3552291E-07 -0.3377006E-03 -0.4782544E-09  0.9034238E-03  0.8755975E-09
  0.1758606500000E+05  0.3256282E-01  0.3535133E-07 -0.3377474E-03 -0.4759900E-09  0.9035094E-03  0.8705243E-09
  0.1768499833333E+05  0.3256630E-01  0.3516869E-07 -0.3377942E-03 -0.4735838E-09  0.9035950E-03  0.8652019E-09
  0.1778453166667E+05  0.3256978E-01  0.3501062E-07 -0.3378411E-03 -0.4715150E-09  0.9036806E-03  0.8605061E-09
  0.1788469833333E+05  0.3257327E-01  0.3482982E-07 -0.3378881E-03 -0.4691469E-09  0.9037663E-03  0.8552737E-09
  0.1798546500000E+05  0.3257676E-01  0.3467308E-07 -0.3379352E-03 -0.4671093E-09  0.9038520E-03  0.8506541E-09
  0.1808686500000E+05  0.3258026E-01  0.3449413E-07 -0.3379823E-03 -0.4647791E-09  0.9039377E-03  0.8455117E-09
  0.1818889833333E+05  0.3258376E-01  0.3432751E-07 -0.3380295E-03 -0.4626214E-09  0.9040235E-03  0.8406940E-09
  0.1829156500000E+05  0.3258727E-01  0.3416168E-07 -0.3380768E-03 -0.4604803E-09  0.9041093E-03  0.8359171E-09
  0.1839486500000E+05  0.3259078E-01  0.3399662E-07 -0.3381242E-03 -0.4583560E-09  0.9041952E-03  0.8311811E-09
  0.1849883166667E+05  0.3259430E-01  0.3382150E-07 -0.3381716E-03 -0.4561020E-09  0.9042811E-03  0.8262210E-09
  0.1860343166667E+05  0.3259782E-01  0.3366890E-07 -0.3382191E-03 -0.4541575E-09  0.9043671E-03  0.8218327E-09
  0.1870869833333E+05  0.3260135E-01  0.3349555E-07 -0.3382667E-03 -0.4519388E-09  0.9044531E-03  0.8169592E-09
  0.1881463166667E+05  0.3260488E-01  0.3333375E-07 -0.3383143E-03 -0.4498819E-09  0.9045391E-03  0.8123893E-09
  0.1892123166667E+05  0.3260841E-01  0.3317271E-07 -0.3383621E-03 -0.4478405E-09  0.9046252E-03  0.8078588E-09
  0.1902849833333E+05  0.3261195E-01  0.3301241E-07 -0.3384099E-03 -0.4458147E-09  0.9047114E-03  0.8033679E-09
  0.1913643166667E+05  0.3261550E-01  0.3285287E-07 -0.3384578E-03 -0.4438046E-09  0.9047977E-03  0.7989164E-09
  0.1924506500000E+05  0.3261905E-01  0.3268405E-07 -0.3385058E-03 -0.4416744E-09  0.9048839E-03  0.7942608E-09
  0.1935439833333E+05  0.3262261E-01  0.3252618E-07 -0.3385538E-03 -0.4396971E-09  0.9049703E-03  0.7898920E-09
  0.1946439833333E+05  0.3262617E-01  0.3237882E-07 -0.3386020E-03 -0.4378671E-09  0.9050567E-03  0.7857994E-09
  0.1957509833333E+05  0.3262974E-01  0.3221254E-07 -0.3386502E-03 -0.4357861E-09  0.9051432E-03  0.7812681E-09
  0.1968649833333E+05  0.3263331E-01  0.3205687E-07 -0.3386986E-03 -0.4338536E-09  0.9052298E-03  0.7770152E-09
  0.1979863166667E+05  0.3263688E-01  0.3189245E-07 -0.3387470E-03 -0.4318072E-09  0.9053164E-03  0.7725707E-09
  0.1991146500000E+05  0.3264046E-01  0.3174775E-07 -0.3387955E-03 -0.4300326E-09  0.9054031E-03  0.7686245E-09
  0.2002503166667E+05  0.3264405E-01  0.3158496E-07 -0.3388441E-03 -0.4280173E-09  0.9054899E-03  0.7642604E-09
  0.2013933166667E+05  0.3264764E-01  0.3143231E-07 -0.3388928E-03 -0.4261440E-09  0.9055768E-03  0.7601622E-09
  0.2025436500000E+05  0.3265124E-01  0.3128036E-07 -0.3389416E-03 -0.4242844E-09  0.9056638E-03  0.7561009E-09
  0.2037013166667E+05  0.3265485E-01  0.3112910E-07 -0.3389905E-03 -0.4224385E-09  0.9057509E-03  0.7520766E-09
  0.2048663166667E+05  0.3265846E-01  0.3097856E-07 -0.3390395E-03 -0.4206065E-09  0.9058380E-03  0.7480891E-09
  0.2060386500000E+05  0.3266207E-01  0.3082872E-07 -0.3390886E-03 -0.4187881E-09  0.9059253E-03  0.7441386E-09
  0.2072186500000E+05  0.3266569E-01  0.3067092E-07 -0.3391378E-03 -0.4168656E-09  0.9060126E-03  0.7400159E-09
  0.2084063166667E+05  0.3266931E-01  0.3052264E-07 -0.3391871E-03 -0.4150760E-09  0.9061000E-03  0.7361423E-09
  0.2096016500000E+05  0.3267294E-01  0.3037502E-07 -0.3392365E-03 -0.4132993E-09  0.9061875E-03  0.7323042E-09
  0.2108046500000E+05  0.3267658E-01  0.3022808E-07 -0.3392860E-03 -0.4115356E-09  0.9062752E-03  0.7285018E-09
  0.2120153166667E+05  0.3268022E-01  0.3008183E-07 -0.3393356E-03 -0.4097847E-09  0.9063629E-03  0.7247351E-09
  0.2132339833333E+05  0.3268387E-01  0.2992807E-07 -0.3393854E-03 -0.4079351E-09  0.9064508E-03  0.7208069E-09
  0.2144606500000E+05  0.3268752E-01  0.2978331E-07 -0.3394352E-03 -0.4062114E-09  0.9065387E-03  0.7171143E-09
  0.2156949833333E+05  0.3269118E-01  0.2964721E-07 -0.3394851E-03 -0.4046091E-09  0.9066268E-03  0.7136488E-09
  0.2169376500000E+05  0.3269485E-01  0.2948781E-07 -0.3395352E-03 -0.4026921E-09  0.9067150E-03  0.7096414E-09
  0.2181883166667E+05  0.3269852E-01  0.2935299E-07 -0.3395853E-03 -0.4011139E-09  0.9068033E-03  0.7062443E-09
  0.2194469833333E+05  0.3270220E-01  0.2921086E-07 -0.3396356E-03 -0.3994386E-09  0.9068918E-03  0.7026893E-09
  0.2207139833333E+05  0.3270588E-01  0.2906174E-07 -0.3396860E-03 -0.3976710E-09  0.9069803E-03  0.6989849E-09
  0.2219893166667E+05  0.3270957E-01  0.2892106E-07 -0.3397365E-03 -0.3960214E-09  0.9070690E-03  0.6955014E-09
  0.2232729833333E+05  0.3271326E-01  0.2878101E-07 -0.3397871E-03 -0.3943831E-09  0.9071579E-03  0.6920511E-09
  0.2245649833333E+05  0.3271696E-01  0.2864160E-07 -0.3398379E-03 -0.3927563E-09  0.9072468E-03  0.6886340E-09
  0.2258653166667E+05  0.3272067E-01  0.2850282E-07 -0.3398887E-03 -0.3911410E-09  0.9073359E-03  0.6852501E-09
  0.2271743166667E+05  0.3272438E-01  0.2835747E-07 -0.3399397E-03 -0.3894378E-09  0.9074252E-03  0.6817256E-09
  0.2284919833333E+05  0.3272810E-01  0.2822010E-07 -0.3399908E-03 -0.3878465E-09  0.9075146E-03  0.6784104E-09
  0.2298183166667E+05  0.3273182E-01  0.2808335E-07 -0.3400420E-03 -0.3862658E-09  0.9076041E-03  0.6751270E-09
  0.2311533166667E+05  0.3273555E-01  0.2794721E-07 -0.3400934E-03 -0.3846960E-09  0.9076938E-03  0.6718757E-09
  0.2324969833333E+05  0.3273929E-01  0.2781169E-07 -0.3401449E-03 -0.3831369E-09  0.9077837E-03  0.6686563E-09
  0.2338496500000E+05  0.3274303E-01  0.2766998E-07 -0.3401965E-03 -0.3814945E-09  0.9078737E-03  0.6653048E-09
  0.2352109833333E+05  0.3274678E-01  0.2754256E-07 -0.3402482E-03 -0.3800511E-09  0.9079638E-03  0.6623135E-09
  0.2365813166667E+05  0.3275054E-01  0.2740223E-07 -0.3403001E-03 -0.3784314E-09  0.9080541E-03  0.6590282E-09
  0.2379609833333E+05  0.3275430E-01  0.2726271E-07 -0.3403521E-03 -0.3768246E-09  0.9081446E-03  0.6557787E-09
  0.2393496500000E+05  0.3275807E-01  0.2713700E-07 -0.3404042E-03 -0.3754102E-09  0.9082353E-03  0.6528771E-09
  0.2407476500000E+05  0.3276184E-01  0.2699881E-07 -0.3404565E-03 -0.3738248E-09  0.9083261E-03  0.6496913E-09
  0.2421549833333E+05  0.3276562E-01  0.2686776E-07 -0.3405089E-03 -0.3723400E-09  0.9084171E-03  0.6466932E-09
  0.2435716500000E+05  0.3276941E-01  0.2673730E-07 -0.3405614E-03 -0.3708646E-09  0.9085083E-03  0.6437246E-09
  0.2449976500000E+05  0.3277320E-01  0.2660742E-07 -0.3406141E-03 -0.3693988E-09  0.9085997E-03  0.6407854E-09
  0.2464329833333E+05  0.3277701E-01  0.2647813E-07 -0.3406669E-03 -0.3679425E-09  0.9086912E-03  0.6378757E-09
  0.2478779833333E+05  0.3278081E-01  0.2634336E-07 -0.3407198E-03 -0.3664112E-09  0.9087830E-03  0.6348488E-09
  0.2493326500000E+05  0.3278463E-01  0.2621535E-07 -0.3407729E-03 -0.3649750E-09  0.9088749E-03  0.6319995E-09
  0.2507969833333E+05  0.3278845E-01  0.2608790E-07 -0.3408262E-03 -0.3635476E-09  0.9089670E-03  0.6291783E-09
  0.2522713166667E+05  0.3279227E-01  0.2595516E-07 -0.3408795E-03 -0.3620473E-09  0.9090594E-03  0.6262437E-09
  0.2537553166667E+05  0.3279611E-01  0.2583475E-07 -0.3409331E-03 -0.3607200E-09  0.9091519E-03  0.6236207E-09
  0.2552493166667E+05  0.3279995E-01  0.2570326E-07 -0.3409867E-03 -0.3592388E-09  0.9092446E-03  0.6207443E-09
  0.2567533166667E+05  0.3280379E-01  0.2557818E-07 -0.3410406E-03 -0.3578479E-09  0.9093376E-03  0.6180363E-09
  0.2582673166667E+05  0.3280765E-01  0.2545364E-07 -0.3410945E-03 -0.3564653E-09  0.9094308E-03  0.6153551E-09
  0.2597916500000E+05  0.3281151E-01  0.2532413E-07 -0.3411487E-03 -0.3550135E-09  0.9095241E-03  0.6125667E-09
  0.2613263166667E+05  0.3281537E-01  0.2520080E-07 -0.3412029E-03 -0.3536487E-09  0.9096177E-03  0.6099408E-09
  0.2628713166667E+05  0.3281925E-01  0.2507801E-07 -0.3412574E-03 -0.3522919E-09  0.9097116E-03  0.6073406E-09
  0.2644266500000E+05  0.3282313E-01  0.2495575E-07 -0.3413119E-03 -0.3509430E-09  0.9098056E-03  0.6047661E-09
  0.2659926500000E+05  0.3282702E-01  0.2482875E-07 -0.3413667E-03 -0.3495277E-09  0.9098999E-03  0.6020891E-09
  0.2675689833333E+05  0.3283091E-01  0.2471289E-07 -0.3414216E-03 -0.3482694E-09  0.9099945E-03  0.5996942E-09
  0.2691563166667E+05  0.3283482E-01  0.2458192E-07 -0.3414766E-03 -0.3467982E-09  0.9100892E-03  0.5969445E-09
  0.2707543166667E+05  0.3283873E-01  0.2446709E-07 -0.3415318E-03 -0.3455546E-09  0.9101842E-03  0.5945982E-09
  0.2723629833333E+05  0.3284264E-01  0.2434757E-07 -0.3415872E-03 -0.3442450E-09  0.9102795E-03  0.5921497E-09
  0.2739826500000E+05  0.3284657E-01  0.2422361E-07 -0.3416428E-03 -0.3428724E-09  0.9103750E-03  0.5896042E-09
  0.2756133166667E+05  0.3285050E-01  0.2410524E-07 -0.3416985E-03 -0.3415787E-09  0.9104707E-03  0.5872056E-09
  0.2772553166667E+05  0.3285443E-01  0.2398252E-07 -0.3417543E-03 -0.3402229E-09  0.9105667E-03  0.5847114E-09
  0.2789083166667E+05  0.3285838E-01  0.2387007E-07 -0.3418104E-03 -0.3390124E-09  0.9106630E-03  0.5824780E-09
  0.2805726500000E+05  0.3286233E-01  0.2374846E-07 -0.3418666E-03 -0.3376718E-09  0.9107596E-03  0.5800316E-09
  0.2822483166667E+05  0.3286629E-01  0.2363222E-07 -0.3419229E-03 -0.3364068E-09  0.9108564E-03  0.5777258E-09
  0.2839339833333E+05  0.3287026E-01  0.2353507E-07 -0.3419795E-03 -0.3354134E-09  0.9109535E-03  0.5758970E-09
  0.2856286500000E+05  0.3287423E-01  0.2343339E-07 -0.3420361E-03 -0.3343556E-09  0.9110507E-03  0.5739677E-09
  0.2873323166667E+05  0.3287820E-01  0.2331832E-07 -0.3420929E-03 -0.3331071E-09  0.9111481E-03  0.5717208E-09
  0.2890453166667E+05  0.3288218E-01  0.2319942E-07 -0.3421497E-03 -0.3318028E-09  0.9112457E-03  0.5693883E-09
  0.2907676500000E+05  0.3288615E-01  0.2308577E-07 -0.3422067E-03 -0.3305719E-09  0.9113433E-03  0.5671918E-09
  0.2924993166667E+05  0.3289013E-01  0.2297276E-07 -0.3422637E-03 -0.3293487E-09  0.9114412E-03  0.5650183E-09
  0.2942403166667E+05  0.3289411E-01  0.2286041E-07 -0.3423208E-03 -0.3281333E-09  0.9115392E-03  0.5628677E-09
  0.2959906500000E+05  0.3289809E-01  0.2274869E-07 -0.3423780E-03 -0.3269255E-09  0.9116373E-03  0.5607397E-09
  0.2977503166667E+05  0.3290208E-01  0.2263762E-07 -0.3424354E-03 -0.3257254E-09  0.9117356E-03  0.5586339E-09
  0.2995196500000E+05  0.3290606E-01  0.2252295E-07 -0.3424928E-03 -0.3244716E-09  0.9118341E-03  0.5564451E-09
  0.3012983166667E+05  0.3291005E-01  0.2241741E-07 -0.3425503E-03 -0.3233476E-09  0.9119327E-03  0.5544877E-09
  0.3030866500000E+05  0.3291404E-01  0.2230408E-07 -0.3426079E-03 -0.3221092E-09  0.9120315E-03  0.5523428E-09
  0.3048846500000E+05  0.3291803E-01  0.2219559E-07 -0.3426656E-03 -0.3209389E-09  0.9121304E-03  0.5503229E-09
  0.3066923166667E+05  0.3292202E-01  0.2208771E-07 -0.3427234E-03 -0.3197753E-09  0.9122296E-03  0.5483229E-09
  0.3085099833333E+05  0.3292602E-01  0.2197641E-07 -0.3427813E-03 -0.3185602E-09  0.9123288E-03  0.5462424E-09
  0.3103373166667E+05  0.3293001E-01  0.2187378E-07 -0.3428393E-03 -0.3174687E-09  0.9124283E-03  0.5443818E-09
  0.3121743166667E+05  0.3293401E-01  0.2176771E-07 -0.3428974E-03 -0.3163251E-09  0.9125280E-03  0.5424393E-09
  0.3140213166667E+05  0.3293801E-01  0.2165832E-07 -0.3429556E-03 -0.3151313E-09  0.9126278E-03  0.5404183E-09
  0.3158783166667E+05  0.3294202E-01  0.2155350E-07 -0.3430139E-03 -0.3140015E-09  0.9127278E-03  0.5385141E-09
  0.3177453166667E+05  0.3294602E-01  0.2144926E-07 -0.3430723E-03 -0.3128778E-09  0.9128280E-03  0.5366273E-09
  0.3196223166667E+05  0.3295003E-01  0.2134560E-07 -0.3431309E-03 -0.3117603E-09  0.9129283E-03  0.5347579E-09
  0.3215096500000E+05  0.3295404E-01  0.2123876E-07 -0.3431895E-03 -0.3105940E-09  0.9130289E-03  0.5328114E-09
  0.3234069833333E+05  0.3295805E-01  0.2114001E-07 -0.3432482E-03 -0.3095435E-09  0.9131297E-03  0.5310699E-09
  0.3253146500000E+05  0.3296206E-01  0.2103438E-07 -0.3433070E-03 -0.3083898E-09  0.9132306E-03  0.5291575E-09
  0.3272326500000E+05  0.3296607E-01  0.2093304E-07 -0.3433660E-03 -0.3072965E-09  0.9133318E-03  0.5273548E-09
  0.3291609833333E+05  0.3297009E-01  0.2083226E-07 -0.3434250E-03 -0.3062088E-09  0.9134331E-03  0.5255673E-09
  0.3310996500000E+05  0.3297411E-01  0.2073203E-07 -0.3434842E-03 -0.3051266E-09  0.9135347E-03  0.5237949E-09
  0.3330486500000E+05  0.3297813E-01  0.2063235E-07 -0.3435434E-03 -0.3040499E-09  0.9136364E-03  0.5220373E-09
  0.3350083166667E+05  0.3298215E-01  0.2052972E-07 -0.3436028E-03 -0.3029271E-09  0.9137383E-03  0.5202057E-09
  0.3369783166667E+05  0.3298618E-01  0.2043464E-07 -0.3436623E-03 -0.3019128E-09  0.9138405E-03  0.5185654E-09
  0.3389589833333E+05  0.3299021E-01  0.2033316E-07 -0.3437219E-03 -0.3008013E-09  0.9139429E-03  0.5167629E-09
  0.3409503166667E+05  0.3299424E-01  0.2023570E-07 -0.3437815E-03 -0.2997463E-09  0.9140454E-03  0.5150620E-09
  0.3429523166667E+05  0.3299827E-01  0.2013876E-07 -0.3438413E-03 -0.2986962E-09  0.9141482E-03  0.5133738E-09
  0.3449649833333E+05  0.3300230E-01  0.2004235E-07 -0.3439013E-03 -0.2976511E-09  0.9142512E-03  0.5116984E-09
  0.3469886500000E+05  0.3300634E-01  0.1994317E-07 -0.3439613E-03 -0.2965620E-09  0.9143544E-03  0.5099514E-09
  0.3490233166667E+05  0.3301038E-01  0.1984785E-07 -0.3440214E-03 -0.2955271E-09  0.9144578E-03  0.5083013E-09
  0.3510686500000E+05  0.3301442E-01  0.1975625E-07 -0.3440816E-03 -0.2945447E-09  0.9145615E-03  0.5067452E-09
  0.3531249833333E+05  0.3301846E-01  0.1965871E-07 -0.3441420E-03 -0.2934709E-09  0.9146653E-03  0.5050351E-09
  0.3551926500000E+05  0.3302250E-01  0.1956176E-07 -0.3442024E-03 -0.2924028E-09  0.9147694E-03  0.5033382E-09
  0.3572713166667E+05  0.3302655E-01  0.1947163E-07 -0.3442630E-03 -0.2914334E-09  0.9148737E-03  0.5018141E-09
  0.3593613166667E+05  0.3303060E-01  0.1937574E-07 -0.3443237E-03 -0.2903747E-09  0.9149782E-03  0.5001391E-09
  0.3614623166667E+05  0.3303465E-01  0.1928654E-07 -0.3443845E-03 -0.2894132E-09  0.9150830E-03  0.4986342E-09
  0.3635739833333E+05  0.3303871E-01  0.1919775E-07 -0.3444454E-03 -0.2884549E-09  0.9151880E-03  0.4971375E-09
  0.3656963166667E+05  0.3304276E-01  0.1910641E-07 -0.3445064E-03 -0.2874552E-09  0.9152931E-03  0.4955717E-09
  0.3678289833333E+05  0.3304682E-01  0.1901855E-07 -0.3445675E-03 -0.2865049E-09  0.9153985E-03  0.4940931E-09
  0.3699723166667E+05  0.3305088E-01  0.1892525E-07 -0.3446287E-03 -0.2854695E-09  0.9155041E-03  0.4924696E-09
  0.3721263166667E+05  0.3305493E-01  0.1883546E-07 -0.3446900E-03 -0.2844834E-09  0.9156098E-03  0.4909330E-09
  0.3742909833333E+05  0.3305899E-01  0.1874618E-07 -0.3447514E-03 -0.2835016E-09  0.9157157E-03  0.4894052E-09
  0.3764663166667E+05  0.3306305E-01  0.1865741E-07 -0.3448128E-03 -0.2825240E-09  0.9158219E-03  0.4878862E-09
  0.3786523166667E+05  0.3306711E-01  0.1856914E-07 -0.3448744E-03 -0.2815506E-09  0.9159282E-03  0.4863757E-09
  0.3808493166667E+05  0.3307117E-01  0.1847858E-07 -0.3449360E-03 -0.2805388E-09  0.9160347E-03  0.4847999E-09
  0.3830573166667E+05  0.3307523E-01  0.1839135E-07 -0.3449977E-03 -0.2795741E-09  0.9161414E-03  0.4833063E-09
  0.3852763166667E+05  0.3307929E-01  0.1830461E-07 -0.3450596E-03 -0.2786132E-09  0.9162483E-03  0.4818201E-09
  0.3875066500000E+05  0.3308335E-01  0.1821563E-07 -0.3451215E-03 -0.2776147E-09  0.9163555E-03  0.4802696E-09
  0.3897479833333E+05  0.3308742E-01  0.1813259E-07 -0.3451835E-03 -0.2767031E-09  0.9164628E-03  0.4788698E-09
  0.3920006500000E+05  0.3309148E-01  0.1804462E-07 -0.3452456E-03 -0.2757128E-09  0.9165703E-03  0.4773341E-09
  0.3942646500000E+05  0.3309555E-01  0.1795984E-07 -0.3453078E-03 -0.2747676E-09  0.9166781E-03  0.4758766E-09
  0.3965403166667E+05  0.3309962E-01  0.1787290E-07 -0.3453701E-03 -0.2737857E-09  0.9167860E-03  0.4743558E-09
  0.3988273166667E+05  0.3310368E-01  0.1779167E-07 -0.3454325E-03 -0.2728877E-09  0.9168942E-03  0.4729802E-09
  0.4011259833333E+05  0.3310775E-01  0.1770570E-07 -0.3454950E-03 -0.2719135E-09  0.9170025E-03  0.4714723E-09
  0.4034363166667E+05  0.3311183E-01  0.1762279E-07 -0.3455576E-03 -0.2709827E-09  0.9171111E-03  0.4700394E-09
  0.4057586500000E+05  0.3311590E-01  0.1753782E-07 -0.3456204E-03 -0.2700165E-09  0.9172200E-03  0.4685445E-09
  0.4080929833333E+05  0.3311997E-01  0.1745584E-07 -0.3456832E-03 -0.2690927E-09  0.9173290E-03  0.4671226E-09
  0.4104389833333E+05  0.3312405E-01  0.1737677E-07 -0.3457461E-03 -0.2682101E-09  0.9174383E-03  0.4657717E-09
  0.4127973166667E+05  0.3312813E-01  0.1729075E-07 -0.3458091E-03 -0.2672167E-09  0.9175477E-03  0.4642275E-09
  0.4151676500000E+05  0.3313221E-01  0.1721254E-07 -0.3458722E-03 -0.2663404E-09  0.9176575E-03  0.4628858E-09
  0.4175503166667E+05  0.3313629E-01  0.1712991E-07 -0.3459355E-03 -0.2653920E-09  0.9177674E-03  0.4614178E-09
  0.4199453166667E+05  0.3314037E-01  0.1705014E-07 -0.3459988E-03 -0.2644843E-09  0.9178776E-03  0.4600194E-09
  0.4223526500000E+05  0.3314446E-01  0.1697079E-07 -0.3460623E-03 -0.2635795E-09  0.9179880E-03  0.4586248E-09
  0.4247726500000E+05  0.3314855E-01  0.1688954E-07 -0.3461258E-03 -0.2626415E-09  0.9180986E-03  0.4571712E-09
  0.4272053166667E+05  0.3315264E-01  0.1681107E-07 -0.3461895E-03 -0.2617430E-09  0.9182095E-03  0.4557847E-09
  0.4296506500000E+05  0.3315673E-01  0.1673300E-07 -0.3462533E-03 -0.2608472E-09  0.9183206E-03  0.4544016E-09
  0.4321086500000E+05  0.3316082E-01  0.1665534E-07 -0.3463172E-03 -0.2599543E-09  0.9184320E-03  0.4530217E-09
  0.4345796500000E+05  0.3316492E-01  0.1657585E-07 -0.3463812E-03 -0.2590292E-09  0.9185436E-03  0.4515842E-09
  0.4370636500000E+05  0.3316902E-01  0.1649904E-07 -0.3464453E-03 -0.2581421E-09  0.9186554E-03  0.4502112E-09
  0.4395606500000E+05  0.3317312E-01  0.1642263E-07 -0.3465096E-03 -0.2572577E-09  0.9187675E-03  0.4488408E-09
  0.4420709833333E+05  0.3317722E-01  0.1634444E-07 -0.3465739E-03 -0.2563419E-09  0.9188798E-03  0.4474137E-09
  0.4445946500000E+05  0.3318132E-01  0.1626885E-07 -0.3466384E-03 -0.2554630E-09  0.9189923E-03  0.4460492E-09
  0.4471316500000E+05  0.3318543E-01  0.1619364E-07 -0.3467030E-03 -0.2545867E-09  0.9191052E-03  0.4446869E-09
  0.4496819833333E+05  0.3318954E-01  0.1611882E-07 -0.3467677E-03 -0.2537128E-09  0.9192182E-03  0.4433269E-09
  0.4522459833333E+05  0.3319366E-01  0.1604230E-07 -0.3468325E-03 -0.2528087E-09  0.9193315E-03  0.4419117E-09
  0.4548236500000E+05  0.3319777E-01  0.1596829E-07 -0.3468974E-03 -0.2519402E-09  0.9194451E-03  0.4405565E-09
  0.4574153166667E+05  0.3320189E-01  0.1589260E-07 -0.3469625E-03 -0.2510418E-09  0.9195589E-03  0.4391466E-09
  0.4600206500000E+05  0.3320601E-01  0.1582139E-07 -0.3470277E-03 -0.2502104E-09  0.9196730E-03  0.4378514E-09
  0.4626403166667E+05  0.3321014E-01  0.1574449E-07 -0.3470930E-03 -0.2492854E-09  0.9197873E-03  0.4363901E-09
  0.4652739833333E+05  0.3321427E-01  0.1567400E-07 -0.3471584E-03 -0.2484585E-09  0.9199019E-03  0.4350979E-09
  0.4679219833333E+05  0.3321840E-01  0.1559991E-07 -0.3472240E-03 -0.2475706E-09  0.9200167E-03  0.4336964E-09
  0.4705843166667E+05  0.3322253E-01  0.1552817E-07 -0.3472897E-03 -0.2467166E-09  0.9201318E-03  0.4323516E-09
  0.4732609833333E+05  0.3322667E-01  0.1545679E-07 -0.3473555E-03 -0.2458648E-09  0.9202472E-03  0.4310079E-09
  0.4759523166667E+05  0.3323081E-01  0.1538387E-07 -0.3474214E-03 -0.2449848E-09  0.9203628E-03  0.4296122E-09
  0.4786583166667E+05  0.3323495E-01  0.1531323E-07 -0.3474875E-03 -0.2441376E-09  0.9204787E-03  0.4282713E-09
  0.4813793166667E+05  0.3323910E-01  0.1524108E-07 -0.3475537E-03 -0.2432627E-09  0.9205949E-03  0.4268789E-09
  0.4841149833333E+05  0.3324325E-01  0.1517303E-07 -0.3476200E-03 -0.2424495E-09  0.9207113E-03  0.4255920E-09
  0.4868656500000E+05  0.3324740E-01  0.1510161E-07 -0.3476864E-03 -0.2415792E-09  0.9208280E-03  0.4242020E-09
  0.4896316500000E+05  0.3325156E-01  0.1503060E-07 -0.3477530E-03 -0.2407117E-09  0.9209449E-03  0.4228139E-09
  0.4924129833333E+05  0.3325572E-01  0.1496176E-07 -0.3478197E-03 -0.2398754E-09  0.9210622E-03  0.4214778E-09
  0.4952096500000E+05  0.3325989E-01  0.1489326E-07 -0.3478866E-03 -0.2390410E-09  0.9211797E-03  0.4201420E-09
  0.4980219833333E+05  0.3326406E-01  0.1482334E-07 -0.3479536E-03 -0.2381803E-09  0.9212974E-03  0.4187571E-09
  0.5008499833333E+05  0.3326823E-01  0.1475553E-07 -0.3480207E-03 -0.2373501E-09  0.9214155E-03  0.4174227E-09
  0.5036936500000E+05  0.3327241E-01  0.1468806E-07 -0.3480879E-03 -0.2365217E-09  0.9215338E-03  0.4160886E-09
  0.5065533166667E+05  0.3327659E-01  0.1461922E-07 -0.3481553E-03 -0.2356677E-09  0.9216524E-03  0.4147064E-09
  0.5094289833333E+05  0.3328077E-01  0.1455244E-07 -0.3482229E-03 -0.2348434E-09  0.9217713E-03  0.4133734E-09
  0.5123206500000E+05  0.3328496E-01  0.1448598E-07 -0.3482905E-03 -0.2340208E-09  0.9218904E-03  0.4120404E-09
  0.5152286500000E+05  0.3328915E-01  0.1441820E-07 -0.3483584E-03 -0.2331734E-09  0.9220098E-03  0.4106606E-09
  0.5181529833333E+05  0.3329335E-01  0.1435241E-07 -0.3484263E-03 -0.2323548E-09  0.9221295E-03  0.4093284E-09
  0.5210939833333E+05  0.3329755E-01  0.1428533E-07 -0.3484944E-03 -0.2315116E-09  0.9222495E-03  0.4079499E-09
  0.5240516500000E+05  0.3330176E-01  0.1422021E-07 -0.3485626E-03 -0.2306967E-09  0.9223698E-03  0.4066182E-09
  0.5270259833333E+05  0.3330597E-01  0.1415540E-07 -0.3486310E-03 -0.2298835E-09  0.9224903E-03  0.4052863E-09
  0.5300173166667E+05  0.3331018E-01  0.1408934E-07 -0.3486995E-03 -0.2290464E-09  0.9226111E-03  0.4039094E-09
  0.5330256500000E+05  0.3331440E-01  0.1402519E-07 -0.3487682E-03 -0.2282369E-09  0.9227323E-03  0.4025778E-09
  0.5360513166667E+05  0.3331863E-01  0.1395980E-07 -0.3488370E-03 -0.2274040E-09  0.9228536E-03  0.4012019E-09
  0.5390943166667E+05  0.3332285E-01  0.1389629E-07 -0.3489059E-03 -0.2265980E-09  0.9229753E-03  0.3998704E-09
  0.5421546500000E+05  0.3332709E-01  0.1383308E-07 -0.3489750E-03 -0.2257935E-09  0.9230973E-03  0.3985386E-09
  0.5452326500000E+05  0.3333133E-01  0.1376868E-07 -0.3490443E-03 -0.2249663E-09  0.9232195E-03  0.3971636E-09
  0.5483283166667E+05  0.3333557E-01  0.1370610E-07 -0.3491137E-03 -0.2241654E-09  0.9233421E-03  0.3958319E-09
  0.5514419833333E+05  0.3333982E-01  0.1364236E-07 -0.3491832E-03 -0.2233420E-09  0.9234649E-03  0.3944577E-09
  0.5545736500000E+05  0.3334407E-01  0.1358040E-07 -0.3492529E-03 -0.2225444E-09  0.9235880E-03  0.3931258E-09
  0.5577233166667E+05  0.3334833E-01  0.1351873E-07 -0.3493227E-03 -0.2217483E-09  0.9237114E-03  0.3917935E-09
  0.5608913166667E+05  0.3335259E-01  0.1345595E-07 -0.3493927E-03 -0.2209305E-09  0.9238351E-03  0.3904199E-09
  0.5640776500000E+05  0.3335686E-01  0.1339490E-07 -0.3494629E-03 -0.2201377E-09  0.9239591E-03  0.3890876E-09
  0.5672826500000E+05  0.3336113E-01  0.1333275E-07 -0.3495332E-03 -0.2193235E-09  0.9240833E-03  0.3877146E-09
  0.5705066500000E+05  0.3336541E-01  0.1327093E-07 -0.3496036E-03 -0.2185113E-09  0.9242079E-03  0.3863421E-09
  0.5737493166667E+05  0.3336969E-01  0.1321215E-07 -0.3496742E-03 -0.2177457E-09  0.9243327E-03  0.3850490E-09
  0.5770109833333E+05  0.3337398E-01  0.1315092E-07 -0.3497450E-03 -0.2169367E-09  0.9244579E-03  0.3836763E-09
  0.5802919833333E+05  0.3337828E-01  0.1309002E-07 -0.3498159E-03 -0.2161296E-09  0.9245833E-03  0.3823042E-09
  0.5835923166667E+05  0.3338258E-01  0.1303075E-07 -0.3498870E-03 -0.2153461E-09  0.9247091E-03  0.3809710E-09
  0.5869123166667E+05  0.3338689E-01  0.1297046E-07 -0.3499582E-03 -0.2145424E-09  0.9248351E-03  0.3795992E-09
  0.5902516500000E+05  0.3339120E-01  0.1291306E-07 -0.3500296E-03 -0.2137832E-09  0.9249614E-03  0.3783034E-09
  0.5936109833333E+05  0.3339552E-01  0.1285207E-07 -0.3501011E-03 -0.2129614E-09  0.9250880E-03  0.3768941E-09
  0.5969903166667E+05  0.3339984E-01  0.1279396E-07 -0.3501728E-03 -0.2121838E-09  0.9252149E-03  0.3755604E-09
  0.6003896500000E+05  0.3340417E-01  0.1273611E-07 -0.3502447E-03 -0.2114075E-09  0.9253422E-03  0.3742261E-09
  0.6038093166667E+05  0.3340850E-01  0.1267730E-07 -0.3503167E-03 -0.2106119E-09  0.9254697E-03  0.3728552E-09
  0.6072493166667E+05  0.3341284E-01  0.1262002E-07 -0.3503889E-03 -0.2098384E-09  0.9255975E-03  0.3715209E-09
  0.6107099833333E+05  0.3341719E-01  0.1256180E-07 -0.3504612E-03 -0.2090461E-09  0.9257256E-03  0.3701505E-09
  0.6141916500000E+05  0.3342155E-01  0.1250388E-07 -0.3505338E-03 -0.2082555E-09  0.9258540E-03  0.3687806E-09
  0.6176939833333E+05  0.3342591E-01  0.1244862E-07 -0.3506064E-03 -0.2075059E-09  0.9259827E-03  0.3674810E-09
  0.6212176500000E+05  0.3343027E-01  0.1239008E-07 -0.3506793E-03 -0.2066985E-09  0.9261117E-03  0.3660765E-09
  0.6247623166667E+05  0.3343464E-01  0.1233535E-07 -0.3507523E-03 -0.2059514E-09  0.9262410E-03  0.3647763E-09
  0.6283286500000E+05  0.3343902E-01  0.1227740E-07 -0.3508254E-03 -0.2051474E-09  0.9263705E-03  0.3633731E-09
  0.6319166500000E+05  0.3344341E-01  0.1222205E-07 -0.3508988E-03 -0.2043835E-09  0.9265004E-03  0.3620386E-09
  0.6355263166667E+05  0.3344780E-01  0.1216695E-07 -0.3509723E-03 -0.2036207E-09  0.9266306E-03  0.3607036E-09
  0.6391579833333E+05  0.3345220E-01  0.1211100E-07 -0.3510459E-03 -0.2028404E-09  0.9267611E-03  0.3593357E-09
  0.6428116500000E+05  0.3345660E-01  0.1205643E-07 -0.3511198E-03 -0.2020802E-09  0.9268919E-03  0.3580010E-09
  0.6464876500000E+05  0.3346101E-01  0.1200103E-07 -0.3511938E-03 -0.2013029E-09  0.9270230E-03  0.3566338E-09
  0.6501859833333E+05  0.3346543E-01  0.1194699E-07 -0.3512679E-03 -0.2005452E-09  0.9271544E-03  0.3552994E-09
  0.6539069833333E+05  0.3346986E-01  0.1189214E-07 -0.3513423E-03 -0.1997708E-09  0.9272861E-03  0.3539332E-09
  0.6576509833333E+05  0.3347429E-01  0.1183756E-07 -0.3514168E-03 -0.1989979E-09  0.9274181E-03  0.3525678E-09
  0.6614179833333E+05  0.3347873E-01  0.1178430E-07 -0.3514914E-03 -0.1982440E-09  0.9275505E-03  0.3512340E-09
  0.6652083166667E+05  0.3348318E-01  0.1173026E-07 -0.3515663E-03 -0.1974738E-09  0.9276831E-03  0.3498695E-09
  0.6690219833333E+05  0.3348763E-01  0.1167751E-07 -0.3516413E-03 -0.1967222E-09  0.9278160E-03  0.3485363E-09
  0.6728589833333E+05  0.3349209E-01  0.1162500E-07 -0.3517165E-03 -0.1959717E-09  0.9279492E-03  0.3472031E-09
  0.6767199833333E+05  0.3349656E-01  0.1157074E-07 -0.3517919E-03 -0.1951887E-09  0.9280827E-03  0.3458104E-09
  0.6806046500000E+05  0.3350103E-01  0.1151974E-07 -0.3518674E-03 -0.1944575E-09  0.9282166E-03  0.3445080E-09
  0.6845136500000E+05  0.3350551E-01  0.1146602E-07 -0.3519431E-03 -0.1936774E-09  0.9283507E-03  0.3431172E-09
  0.6884469833333E+05  0.3351000E-01  0.1141452E-07 -0.3520190E-03 -0.1929318E-09  0.9284851E-03  0.3417861E-09
  0.6924039833333E+05  0.3351450E-01  0.1136518E-07 -0.3520951E-03 -0.1922196E-09  0.9286199E-03  0.3405125E-09
  0.6963843166667E+05  0.3351900E-01  0.1131508E-07 -0.3521713E-03 -0.1914917E-09  0.9287549E-03  0.3392098E-09
  0.7003879833333E+05  0.3352351E-01  0.1126427E-07 -0.3522477E-03 -0.1907490E-09  0.9288901E-03  0.3378792E-09
  0.7044153166667E+05  0.3352803E-01  0.1121278E-07 -0.3523242E-03 -0.1899918E-09  0.9290257E-03  0.3365219E-09
  0.7084663166667E+05  0.3353255E-01  0.1116249E-07 -0.3524008E-03 -0.1892519E-09  0.9291615E-03  0.3351937E-09
  0.7125413166667E+05  0.3353708E-01  0.1111154E-07 -0.3524777E-03 -0.1884978E-09  0.9292975E-03  0.3338392E-09
  0.7166406500000E+05  0.3354161E-01  0.1106086E-07 -0.3525546E-03 -0.1877453E-09  0.9294338E-03  0.3324864E-09
  0.7207643166667E+05  0.3354615E-01  0.1101134E-07 -0.3526317E-03 -0.1870095E-09  0.9295704E-03  0.3311620E-09
  0.7249126500000E+05  0.3355070E-01  0.1096118E-07 -0.3527090E-03 -0.1862600E-09  0.9297072E-03  0.3298121E-09
  0.7290859833333E+05  0.3355526E-01  0.1091129E-07 -0.3527864E-03 -0.1855120E-09  0.9298443E-03  0.3284641E-09
  0.7332839833333E+05  0.3355982E-01  0.1086338E-07 -0.3528640E-03 -0.1847948E-09  0.9299816E-03  0.3271697E-09
  0.7375063166667E+05  0.3356438E-01  0.1081569E-07 -0.3529417E-03 -0.1840786E-09  0.9301192E-03  0.3258759E-09
  0.7417536500000E+05  0.3356896E-01  0.1076569E-07 -0.3530196E-03 -0.1833201E-09  0.9302570E-03  0.3245067E-09
  0.7460259833333E+05  0.3357353E-01  0.1071764E-07 -0.3530976E-03 -0.1825922E-09  0.9303951E-03  0.3231907E-09
  0.7503233166667E+05  0.3357812E-01  0.1066984E-07 -0.3531758E-03 -0.1818655E-09  0.9305334E-03  0.3218761E-09
  0.7546459833333E+05  0.3358271E-01  0.1062145E-07 -0.3532540E-03 -0.1811262E-09  0.9306720E-03  0.3205385E-09
  0.7589939833333E+05  0.3358731E-01  0.1057414E-07 -0.3533325E-03 -0.1804022E-09  0.9308108E-03  0.3192276E-09
  0.7633679833333E+05  0.3359191E-01  0.1052545E-07 -0.3534111E-03 -0.1796522E-09  0.9309498E-03  0.3178699E-09
  0.7677676500000E+05  0.3359652E-01  0.1047943E-07 -0.3534898E-03 -0.1789447E-09  0.9310891E-03  0.3165871E-09
  0.7721936500000E+05  0.3360114E-01  0.1043125E-07 -0.3535687E-03 -0.1781979E-09  0.9312286E-03  0.3152342E-09
  0.7766459833333E+05  0.3360576E-01  0.1038491E-07 -0.3536477E-03 -0.1774796E-09  0.9313684E-03  0.3139313E-09
  0.7811246500000E+05  0.3361039E-01  0.1033879E-07 -0.3537269E-03 -0.1767624E-09  0.9315084E-03  0.3126302E-09
  0.7856303166667E+05  0.3361503E-01  0.1029137E-07 -0.3538062E-03 -0.1760205E-09  0.9316487E-03  0.3112851E-09
  0.7901626500000E+05  0.3361967E-01  0.1024648E-07 -0.3538856E-03 -0.1753191E-09  0.9317892E-03  0.3100114E-09
  0.7947223166667E+05  0.3362433E-01  0.1019956E-07 -0.3539652E-03 -0.1745803E-09  0.9319299E-03  0.3086715E-09
  0.7993093166667E+05  0.3362898E-01  0.1015438E-07 -0.3540450E-03 -0.1738687E-09  0.9320709E-03  0.3073794E-09
  0.8039239833333E+05  0.3363365E-01  0.1010868E-07 -0.3541249E-03 -0.1731458E-09  0.9322122E-03  0.3060674E-09
  0.8085663166667E+05  0.3363832E-01  0.1006394E-07 -0.3542049E-03 -0.1724367E-09  0.9323537E-03  0.3047799E-09
  0.8132366500000E+05  0.3364300E-01  0.1001871E-07 -0.3542851E-03 -0.1717166E-09  0.9324954E-03  0.3034730E-09
  0.8179353166667E+05  0.3364769E-01  0.9973705E-08 -0.3543655E-03 -0.1709981E-09  0.9326374E-03  0.3021690E-09
  0.8226626500000E+05  0.3365238E-01  0.9928936E-08 -0.3544460E-03 -0.1702810E-09  0.9327796E-03  0.3008677E-09
  0.8274186500000E+05  0.3365708E-01  0.9885088E-08 -0.3545266E-03 -0.1695773E-09  0.9329221E-03  0.2995904E-09
  0.8322036500000E+05  0.3366179E-01  0.9840763E-08 -0.3546074E-03 -0.1688631E-09  0.9330648E-03  0.2982946E-09
  0.8370176500000E+05  0.3366651E-01  0.9797344E-08 -0.3546884E-03 -0.1681620E-09  0.9332078E-03  0.2970225E-09
  0.8418609833333E+05  0.3367123E-01  0.9753461E-08 -0.3547695E-03 -0.1674506E-09  0.9333510E-03  0.2957325E-09
  0.8467339833333E+05  0.3367596E-01  0.9709801E-08 -0.3548507E-03 -0.1667407E-09  0.9334945E-03  0.2944457E-09
  0.8516369833333E+05  0.3368070E-01  0.9666363E-08 -0.3549321E-03 -0.1660323E-09  0.9336383E-03  0.2931620E-09
  0.8565689833333E+05  0.3368545E-01  0.9625745E-08 -0.3550137E-03 -0.1653701E-09  0.9337822E-03  0.2919603E-09
  0.8615299833333E+05  0.3369020E-01  0.9583349E-08 -0.3550954E-03 -0.1646752E-09  0.9339265E-03  0.2907015E-09
  0.8665199833333E+05  0.3369496E-01  0.9541166E-08 -0.3551772E-03 -0.1639818E-09  0.9340709E-03  0.2894460E-09
  0.8715393166667E+05  0.3369973E-01  0.9498562E-08 -0.3552592E-03 -0.1632790E-09  0.9342155E-03  0.2881746E-09
  0.8765886500000E+05  0.3370451E-01  0.9455559E-08 -0.3553413E-03 -0.1625671E-09  0.9343604E-03  0.2868880E-09
  0.8816676500000E+05  0.3370929E-01  0.9414647E-08 -0.3554235E-03 -0.1618891E-09  0.9345055E-03  0.2856619E-09
  0.8867769833333E+05  0.3371408E-01  0.9372087E-08 -0.3555058E-03 -0.1611806E-09  0.9346508E-03  0.2843829E-09
  0.8919169833333E+05  0.3371887E-01  0.9330368E-08 -0.3555883E-03 -0.1604845E-09  0.9347963E-03  0.2831266E-09
  0.8970876500000E+05  0.3372367E-01  0.9289461E-08 -0.3556710E-03 -0.1598004E-09  0.9349421E-03  0.2818923E-09
  0.9022893166667E+05  0.3372849E-01  0.9248158E-08 -0.3557537E-03 -0.1591074E-09  0.9350881E-03  0.2806434E-09
  0.9075223166667E+05  0.3373330E-01  0.9207068E-08 -0.3558366E-03 -0.1584162E-09  0.9352343E-03  0.2793985E-09
  0.9127869833333E+05  0.3373813E-01  0.9166187E-08 -0.3559197E-03 -0.1577266E-09  0.9353807E-03  0.2781576E-09
  0.9180836500000E+05  0.3374296E-01  0.9125513E-08 -0.3560028E-03 -0.1570387E-09  0.9355274E-03  0.2769207E-09
  0.9234126500000E+05  0.3374780E-01  0.9085042E-08 -0.3560861E-03 -0.1563524E-09  0.9356743E-03  0.2756877E-09
  0.9287739833333E+05  0.3375265E-01  0.9045337E-08 -0.3561696E-03 -0.1556774E-09  0.9358214E-03  0.2744759E-09
  0.9341683166667E+05  0.3375751E-01  0.9004704E-08 -0.3562532E-03 -0.1549847E-09  0.9359688E-03  0.2732340E-09
  0.9395956500000E+05  0.3376238E-01  0.8965386E-08 -0.3563370E-03 -0.1543129E-09  0.9361165E-03  0.2720300E-09
  0.9450566500000E+05  0.3376725E-01  0.8925160E-08 -0.3564209E-03 -0.1536237E-09  0.9362644E-03  0.2707967E-09
  0.9505513166667E+05  0.3377213E-01  0.8886221E-08 -0.3565049E-03 -0.1529549E-09  0.9364125E-03  0.2696007E-09
  0.9560803166667E+05  0.3377702E-01  0.8846393E-08 -0.3565891E-03 -0.1522692E-09  0.9365609E-03  0.2683762E-09
  0.9616439833333E+05  0.3378192E-01  0.8807297E-08 -0.3566734E-03 -0.1515945E-09  0.9367095E-03  0.2671723E-09
  0.9672423166667E+05  0.3378683E-01  0.8768910E-08 -0.3567579E-03 -0.1509303E-09  0.9368584E-03  0.2659884E-09
  0.9728743166667E+05  0.3379175E-01  0.8732245E-08 -0.3568426E-03 -0.1502943E-09  0.9370076E-03  0.2648554E-09
  0.9785389833333E+05  0.3379668E-01  0.8695717E-08 -0.3569274E-03 -0.1496591E-09  0.9371570E-03  0.2637254E-09
  0.9842366500000E+05  0.3380161E-01  0.8657309E-08 -0.3570122E-03 -0.1489901E-09  0.9373066E-03  0.2625372E-09
  0.9899679833333E+05  0.3380655E-01  0.8618601E-08 -0.3570972E-03 -0.1483145E-09  0.9374564E-03  0.2613389E-09
  0.9957329833333E+05  0.3381150E-01  0.8581095E-08 -0.3571824E-03 -0.1476581E-09  0.9376064E-03  0.2601760E-09
  0.1001531650000E+06  0.3381645E-01  0.8543768E-08 -0.3572676E-03 -0.1470035E-09  0.9377566E-03  0.2590175E-09
  0.1007364650000E+06  0.3382141E-01  0.8505652E-08 -0.3573530E-03 -0.1463339E-09  0.9379069E-03  0.2578343E-09
