fault_index,nid_dip,nid_strike,shear_strike,shear_dip,effective_normal,slip_rate,state_variable,state_normal,vxm,vym,vzm,vxs,vys,vzs,slips,slipd,slipn
0,1,1,1.26260020000000E+07,-3.27369812500000E+05,-2.44549100000000E+07,5.91646787118094E-10,1.74362784000000E+08,2.44549100000000E+07,2.95724000842768E-10,5.47931198371969E-26,-7.66759832709907E-12,-2.95724000842768E-10,-5.47931198371969E-26,7.66759832709907E-12,2.08302259445190E-01,-2.53457436338067E-03,-1.79104597124100E-19
0,1,2,1.27958260000000E+07,-2.00265078125000E+05,-2.47950500000000E+07,5.85032189359680E-10,1.75362800000000E+08,2.47950500000000E+07,2.92480289987296E-10,5.40080491621065E-26,-4.57755404761895E-12,-2.92480289987296E-10,-5.40080491621065E-26,4.57755404761895E-12,2.06753060221672E-01,-1.52886600699276E-03,-1.79104597124100E-19
0,1,3,1.28324040000000E+07,-1.35057531250000E+05,-2.49219920000000E+07,5.56943824392420E-10,1.80106784000000E+08,2.49219920000000E+07,2.78456507851743E-10,5.13310804951181E-26,-2.93067826950821E-12,-2.78456507851743E-10,-5.13310804951181E-26,2.93067826950821E-12,1.99739709496498E-01,-9.41143021918833E-04,-1.79104597124100E-19
0,1,4,1.28230740000000E+07,-9.94082031250000E+04,-2.49602900000000E+07,5.32156152477370E-10,1.84095968000000E+08,2.49602900000000E+07,2.66070082632908E-10,4.90025818885473E-26,-2.06265278294981E-12,-2.66070082632908E-10,-4.90025818885473E-26,2.06265278294981E-12,1.94305703043938E-01,-6.38417317532003E-04,-1.79104597124100E-19
0,1,5,1.28023410000000E+07,-7.82495078125000E+04,-2.49713840000000E+07,5.11916065093487E-10,1.87158832000000E+08,2.49713840000000E+07,2.55953258587738E-10,4.71136421250440E-26,-1.56441829976539E-12,-2.55953258587738E-10,-4.71136421250440E-26,1.56441829976539E-12,1.90407514572144E-01,-4.76322078611702E-04,-1.79104597124100E-19
0,1,6,1.27810670000000E+07,-6.37824882812500E+04,-2.49735000000000E+07,4.96144403339116E-10,1.89414848000000E+08,2.49735000000000E+07,2.48069120800665E-10,4.56453593577618E-26,-1.23796123092240E-12,-2.48069120800665E-10,-4.56453593577618E-26,1.23796123092240E-12,1.87683790922165E-01,-3.77400079742074E-04,-1.79104597124100E-19
0,1,7,1.27624170000000E+07,-5.17844960937500E+04,-2.49742460000000E+07,4.83486084501550E-10,1.91158832000000E+08,2.49742460000000E+07,2.41741043849331E-10,4.44671709439110E-26,-9.80883018038281E-13,-2.41741043849331E-10,-4.44671709439110E-26,9.80883018038281E-13,1.85655921697617E-01,-3.03003820590675E-04,-1.79104597124100E-19
0,1,8,1.27470870000000E+07,-4.18034882812500E+04,-2.49758260000000E+07,4.73189931682327E-10,1.92555056000000E+08,2.49758260000000E+07,2.36593689084685E-10,4.35090654781530E-26,-7.75898117456875E-13,-2.36593689084685E-10,-4.35090654781530E-26,7.75898117456875E-13,1.84068977832794E-01,-2.43957285420038E-04,-1.79104597124100E-19
0,1,9,1.27346620000000E+07,-3.34272578125000E+04,-2.49784080000000E+07,4.64674909661511E-10,1.93711376000000E+08,2.49784080000000E+07,2.32336649919063E-10,4.27168950549156E-26,-6.09861282568208E-13,-2.32336649919063E-10,-4.27168950549156E-26,6.09861282568208E-13,1.82770162820816E-01,-1.95645814528689E-04,-1.79104597124100E-19
0,1,10,1.27245700000000E+07,-2.65519824218750E+04,-2.49815860000000E+07,4.57572812972984E-10,1.94686096000000E+08,2.49815860000000E+07,2.28785920763919E-10,4.20565229511203E-26,-4.77400779498593E-13,-2.28785920763919E-10,-4.20565229511203E-26,4.77400779498593E-13,1.81681513786316E-01,-1.56569149112329E-04,-1.79104597124100E-19
0,1,11,1.27163130000000E+07,-2.10341054687500E+04,-2.49849320000000E+07,4.51631537723429E-10,1.95513376000000E+08,2.49849320000000E+07,2.25815463550383E-10,4.15044990437645E-26,-3.73522312255639E-13,-2.25815463550383E-10,-4.15044990437645E-26,3.73522312255639E-13,1.80759757757187E-01,-1.25516919069923E-04,-1.79104597124100E-19
0,1,12,1.27095080000000E+07,-1.66972773437500E+04,-2.49881480000000E+07,4.46659820241280E-10,1.96216688000000E+08,2.49881480000000E+07,2.23329715831611E-10,4.10429691918915E-26,-2.93402238268903E-13,-2.23329715831611E-10,-4.10429691918915E-26,2.93402238268903E-13,1.79976627230644E-01,-1.01290854217950E-04,-1.79104597124100E-19
0,1,13,1.27038660000000E+07,-1.33568251953125E+04,-2.49910780000000E+07,4.42500258657219E-10,1.96814784000000E+08,2.49910780000000E+07,2.21250004428519E-10,4.06572100462626E-26,-2.32621918689474E-13,-2.21250004428519E-10,-4.06572100462626E-26,2.32621918689474E-13,1.79310202598572E-01,-8.27416224638000E-05,-1.79104597124100E-19
0,1,14,1.26991640000000E+07,-1.08360566406250E+04,-2.49936640000000E+07,4.39016767384004E-10,1.97324240000000E+08,2.49936640000000E+07,2.19508314303063E-10,4.03344919803174E-26,-1.87304016155583E-13,-2.19508314303063E-10,-4.03344919803174E-26,1.87304016155583E-13,1.78741410374641E-01,-6.88223590259440E-05,-1.79104597124100E-19
0,1,15,1.26952210000000E+07,-8.97659179687500E+03,-2.49959000000000E+07,4.36089386823824E-10,1.97760224000000E+08,2.49959000000000E+07,2.18044637900761E-10,4.00635922150838E-26,-1.54175934172218E-13,-2.18044637900761E-10,-4.00635922150838E-26,1.54175934172218E-13,1.78252995014191E-01,-5.86254136578646E-05,-1.79104597124100E-19
0,1,16,1.26918850000000E+07,-7.64366162109375E+03,-2.49978140000000E+07,4.33612312722431E-10,1.98136624000000E+08,2.49978140000000E+07,2.16806114727852E-10,3.98346315003192E-26,-1.30571036838570E-13,-2.16806114727852E-10,-3.98346315003192E-26,1.30571036838570E-13,1.77829265594482E-01,-5.13975392095745E-05,-1.79104597124100E-19
0,1,17,1.26890250000000E+07,-6.72750976562500E+03,-2.49994420000000E+07,4.31492841457271E-10,1.98465984000000E+08,2.49994420000000E+07,2.15746392973060E-10,3.96389724254090E-26,-1.14385145235860E-13,-2.15746392973060E-10,-3.96389724254090E-26,1.14385145235860E-13,1.77456021308899E-01,-4.65377997898031E-05,-1.79104597124100E-19
0,1,18,1.26865240000000E+07,-6.14227001953125E+03,-2.50008160000000E+07,4.29650121036573E-10,1.98759632000000E+08,2.50008160000000E+07,2.14825032762711E-10,3.94690869153866E-26,-1.04009052618367E-13,-2.14825032762711E-10,-3.94690869153866E-26,1.04009052618367E-13,1.77120521664619E-01,-4.35853835369926E-05,-1.79104597124100E-19
0,1,19,1.26842780000000E+07,-5.82361914062500E+03,-2.50019640000000E+07,4.28013541275973E-10,1.99027744000000E+08,2.50019640000000E+07,2.14006742882411E-10,3.93184175639773E-26,-9.82550087298695E-14,-2.14006742882411E-10,-3.93184175639773E-26,9.82550087298695E-14,1.76811307668686E-01,-4.22037228418048E-05,-1.79104597124100E-19
0,1,20,1.26821870000000E+07,-5.72616503906250E+03,-2.50029020000000E+07,4.26520596619184E-10,1.99279616000000E+08,2.50029020000000E+07,2.13260284431804E-10,3.91811742553963E-26,-9.62896618992778E-14,-2.13260284431804E-10,-3.91811742553963E-26,9.62896618992778E-14,1.76517829298973E-01,-4.21653930970933E-05,-1.79104597124100E-19
0,1,21,1.26801580000000E+07,-5.82117968750000E+03,-2.50036340000000E+07,4.25114776714253E-10,1.99524064000000E+08,2.50036340000000E+07,2.12557360601551E-10,3.90521277046586E-26,-9.75803707043039E-14,-2.12557360601551E-10,-3.90521277046586E-26,9.75803707043039E-14,1.76230058073997E-01,-4.33406494266819E-05,-1.79104597124100E-19
0,1,22,1.26780940000000E+07,-6.09504248046875E+03,-2.50041480000000E+07,4.23742707589270E-10,1.99769696000000E+08,2.50041480000000E+07,2.11871326039059E-10,3.89263691015220E-26,-1.01857954850574E-13,-2.11871326039059E-10,-3.89263691015220E-26,1.01857954850574E-13,1.75938054919243E-01,-4.56912566733081E-05,-1.79104597124100E-19
0,1,23,1.26758870000000E+07,-6.54860156250000E+03,-2.50044160000000E+07,4.22351570383839E-10,2.00025552000000E+08,2.50044160000000E+07,2.11175757436344E-10,3.87990389395508E-26,-1.09097362491640E-13,-2.11175757436344E-10,-3.87990389395508E-26,1.09097362491640E-13,1.75631269812584E-01,-4.92709259560797E-05,-1.79104597124100E-19
0,1,24,1.26734160000000E+07,-7.19763623046875E+03,-2.50043840000000E+07,4.20885992724607E-10,2.00301584000000E+08,2.50043840000000E+07,2.10442968606728E-10,3.86650650896434E-26,-1.19517256876901E-13,-2.10442968606728E-10,-3.86650650896434E-26,1.19517256876901E-13,1.75297930836678E-01,-5.42339148523752E-05,-1.79104597124100E-19
0,1,25,1.26705300000000E+07,-8.07461914062500E+03,-2.50039580000000E+07,4.19284662545039E-10,2.00609440000000E+08,2.50039580000000E+07,2.09642289639156E-10,3.85188423252897E-26,-1.33599918237734E-13,-2.09642289639156E-10,-3.85188423252897E-26,1.33599918237734E-13,1.74924150109291E-01,-6.08541195106227E-05,-1.79104597124100E-19
0,1,26,1.26670310000000E+07,-9.23212109375000E+03,-2.50029940000000E+07,4.17476803127315E-10,2.00963168000000E+08,2.50029940000000E+07,2.08738346052506E-10,3.83539272552677E-26,-1.52134910029987E-13,-2.08738346052506E-10,-3.83539272552677E-26,1.52134910029987E-13,1.74492925405502E-01,-6.95589042152278E-05,-1.79104597124100E-19
0,1,27,1.26626540000000E+07,-1.07484384765625E+04,-2.50012480000000E+07,4.15378925699983E-10,2.01380096000000E+08,2.50012480000000E+07,2.07689393461052E-10,3.81627178489011E-26,-1.76292953759510E-13,-2.07689393461052E-10,-3.81627178489011E-26,1.76292953759510E-13,1.73983201384544E-01,-8.09845296316780E-05,-1.79104597124100E-19
0,1,28,1.26570260000000E+07,-1.27365878906250E+04,-2.49983240000000E+07,4.12892692258637E-10,2.01881296000000E+08,2.49983240000000E+07,2.06446235107016E-10,3.79362777912477E-26,-2.07743951164893E-13,-2.06446235107016E-10,-3.79362777912477E-26,2.07743951164893E-13,1.73369333148003E-01,-9.60647303145379E-05,-1.79104597124100E-19
0,1,29,1.26495990000000E+07,-1.53587480468750E+04,-2.49935360000000E+07,4.09905664966459E-10,2.02491152000000E+08,2.49935360000000E+07,2.04952693705351E-10,3.76644350907134E-26,-2.48847139725991E-13,-2.04952693705351E-10,-3.76644350907134E-26,2.48847139725991E-13,1.72621935606003E-01,-1.16167277155910E-04,-1.79104597124100E-19
0,1,30,1.26395620000000E+07,-1.88503847656250E+04,-2.49857300000000E+07,4.06298966693086E-10,2.03234592000000E+08,2.49857300000000E+07,2.03149261301938E-10,3.73364661693677E-26,-3.02972680580813E-13,-2.03149261301938E-10,-3.73364661693677E-26,3.02972680580813E-13,1.71712249517441E-01,-1.43292971188203E-04,-1.79104597124100E-19
0,1,31,1.26257070000000E+07,-2.35527480468750E+04,-2.49730020000000E+07,4.01962851892534E-10,2.04130864000000E+08,2.49730020000000E+07,2.00981079001572E-10,3.69425842216054E-26,-3.74922098575481E-13,-2.00981079001572E-10,-3.69425842216054E-26,3.74922098575481E-13,1.70621797442436E-01,-1.80260845809244E-04,-1.79104597124100E-19
0,1,32,1.26066340000000E+07,-2.99877910156250E+04,-2.49530540000000E+07,3.96817884107392E-10,2.05184288000000E+08,2.49530540000000E+07,1.98408386942184E-10,3.64759267738485E-26,-4.71960144576844E-13,-1.98408386942184E-10,-3.64759267738485E-26,4.71960144576844E-13,1.69357314705849E-01,-2.30978737818077E-04,-1.79104597124100E-19
0,1,33,1.25813650000000E+07,-3.86614453125000E+04,-2.49245940000000E+07,3.90762033841696E-10,2.06399392000000E+08,2.49245940000000E+07,1.95380087109065E-10,3.59275020443727E-26,-6.00386060312097E-13,-1.95380087109065E-10,-3.59275020443727E-26,6.00386060312097E-13,1.67929619550705E-01,-2.98114086035639E-04,-1.79104597124100E-19
0,1,34,1.25505920000000E+07,-4.97846718750000E+04,-2.48902580000000E+07,3.83526654879063E-10,2.07825856000000E+08,2.48902580000000E+07,1.91761814760660E-10,3.52726519669140E-26,-7.60665185353671E-13,-1.91761814760660E-10,-3.52726519669140E-26,7.60665185353671E-13,1.66293725371361E-01,-3.80113808205351E-04,-1.79104597124100E-19
0,1,35,1.25167580000000E+07,-6.27610312500000E+04,-2.48578260000000E+07,3.74371117439765E-10,2.09659600000000E+08,2.48578260000000E+07,1.87183199495955E-10,3.44424683088062E-26,-9.38566607246172E-13,-1.87183199495955E-10,-3.44424683088062E-26,9.38566607246172E-13,1.64212107658386E-01,-4.66817728010938E-04,-1.79104597124100E-19
0,1,36,1.24820310000000E+07,-7.66518359375000E+04,-2.48372200000000E+07,3.61934510140216E-10,2.12289440000000E+08,2.48372200000000E+07,1.80963841134307E-10,3.33105669248668E-26,-1.11129432479179E-12,-1.80963841134307E-10,-3.33105669248668E-26,1.11129432479179E-12,1.61217242479324E-01,-5.44086389709264E-04,-1.79104597124100E-19
0,1,37,1.24443840000000E+07,-9.17595156250000E+04,-2.48340320000000E+07,3.44202472080113E-10,2.16324928000000E+08,2.48340320000000E+07,1.72096559225565E-10,3.16913282277996E-26,-1.26896583518832E-12,-1.72096559225565E-10,-3.16913282277996E-26,1.26896583518832E-12,1.56619548797607E-01,-6.06164452619851E-04,-1.79104597124100E-19
0,1,38,1.23946580000000E+07,-1.12285734375000E+05,-2.48460360000000E+07,3.18576859337227E-10,2.22648368000000E+08,2.48460360000000E+07,1.59281893230556E-10,2.93479645235461E-26,-1.44296705660574E-12,-1.59281893230556E-10,-2.93479645235461E-26,1.44296705660574E-12,1.49526879191399E-01,-6.70776818878949E-04,-1.79104597124100E-19
0,1,39,1.23137950000000E+07,-1.52067406250000E+05,-2.48662060000000E+07,2.81267786839123E-10,2.32914896000000E+08,2.48662060000000E+07,1.40623165889586E-10,2.59383936761282E-26,-1.73660521726737E-12,-1.40623165889586E-10,-2.59383936761282E-26,1.73660521726737E-12,1.38359218835831E-01,-7.98416498582810E-04,-1.79104597124100E-19
0,1,40,1.21573050000000E+07,-2.60564562500000E+05,-2.48879440000000E+07,2.24819426963840E-10,2.51690752000000E+08,2.48879440000000E+07,1.12383900796598E-10,2.07920777531322E-26,-2.40869693982071E-12,-1.12383900796598E-10,-2.07920777531322E-26,2.40869693982071E-12,1.18757642805576E-01,-1.18297582957894E-03,-1.79104597124100E-19
0,1,41,1.16677070000000E+07,-8.50425500000000E+05,-2.48160720000000E+07,1.29058388975700E-10,2.97526944000000E+08,2.48160720000000E+07,6.43584630033445E-11,1.21096935928549E-26,-4.69090261426275E-12,-6.43584630033445E-11,-1.21096935928549E-26,4.69090261426275E-12,7.45484828948975E-02,-2.69027496688068E-03,-1.79104597124100E-19
0,2,1,1.26227120000000E+07,-1.58763156250000E+05,-2.44705120000000E+07,5.79283898627381E-10,1.75868368000000E+08,2.44705120000000E+07,2.89619050963807E-10,5.34252042126646E-26,-3.64270679592549E-12,-2.89619050963807E-10,-5.34252042126646E-26,3.64270679592549E-12,2.06317633390427E-01,-1.03551882784814E-03,-1.79104597124100E-19
0,2,2,1.27886180000000E+07,-1.07637250000000E+05,-2.48063160000000E+07,5.73217917576585E-10,1.76856688000000E+08,2.48063160000000E+07,2.86598828003193E-10,5.27950522608127E-26,-2.41220043072088E-12,-2.86598828003193E-10,-5.27950522608127E-26,2.41220043072088E-12,2.04773575067520E-01,-7.17079674359411E-04,-1.79104597124100E-19
0,2,3,1.28208000000000E+07,-8.15701875000000E+04,-2.49245760000000E+07,5.46604206341783E-10,1.81426736000000E+08,2.49245760000000E+07,2.73296579811344E-10,5.03102390169797E-26,-1.73880376243274E-12,-2.73296579811344E-10,-5.03102390169797E-26,1.73880376243274E-12,1.98087334632874E-01,-5.20714558660984E-04,-1.79104597124100E-19
0,2,4,1.28078050000000E+07,-7.13327968750000E+04,-2.49599520000000E+07,5.21010901088914E-10,1.85579440000000E+08,2.49599520000000E+07,2.60501425985993E-10,4.79421741056315E-26,-1.45085722949578E-12,-2.60501425985993E-10,-4.79421741056315E-26,1.45085722949578E-12,1.92514508962631E-01,-4.36378148151562E-04,-1.79104597124100E-19
0,2,5,1.27854620000000E+07,-6.39121796875000E+04,-2.49708080000000E+07,5.00344932152785E-10,1.88748400000000E+08,2.49708080000000E+07,2.50169329696348E-10,4.60319350976871E-26,-1.25055066128865E-12,-2.50169329696348E-10,-4.60319350976871E-26,1.25055066128865E-12,1.88531488180161E-01,-3.80245473934337E-04,-1.79104597124100E-19
0,2,6,1.27618120000000E+07,-5.36034921875000E+04,-2.49734640000000E+07,4.83208972834603E-10,1.91264112000000E+08,2.49734640000000E+07,2.41602376993555E-10,4.44437732062026E-26,-1.01480336720666E-12,-2.41602376993555E-10,-4.44437732062026E-26,1.01480336720666E-12,1.85522556304932E-01,-3.14183067530394E-04,-1.79104597124100E-19
0,2,7,1.27413430000000E+07,-4.38769179687500E+04,-2.49747060000000E+07,4.69583816276042E-10,1.93206736000000E+08,2.49747060000000E+07,2.34790520359240E-10,4.31798269837880E-26,-8.08539921213353E-13,-2.34790520359240E-10,-4.31798269837880E-26,8.08539921213353E-13,1.83279365301132E-01,-2.55276623647660E-04,-1.79104597124100E-19
0,2,8,1.27245100000000E+07,-3.47433789062500E+04,-2.49764880000000E+07,4.58605764475095E-10,1.94756448000000E+08,2.49764880000000E+07,2.29302035692491E-10,4.21604368864557E-26,-6.26093090132923E-13,-2.29302035692491E-10,-4.21604368864557E-26,6.26093090132923E-13,1.81527689099312E-01,-2.01753602596000E-04,-1.79104597124100E-19
0,2,9,1.27109180000000E+07,-2.69532890625000E+04,-2.49789920000000E+07,4.49691367476746E-10,1.96016912000000E+08,2.49789920000000E+07,2.24845170260224E-10,4.13325828332087E-26,-4.76780399015497E-13,-2.24845170260224E-10,-4.13325828332087E-26,4.76780399015497E-13,1.80121064186096E-01,-1.57013171701692E-04,-1.79104597124100E-19
0,2,10,1.26999490000000E+07,-2.06503085937500E+04,-2.49819100000000E+07,4.42399145095251E-10,1.97056912000000E+08,2.49819100000000E+07,2.21199281114082E-10,4.06556723837950E-26,-3.59673337120558E-13,-2.21199281114082E-10,-4.06556723837950E-26,3.59673337120558E-13,1.78968816995621E-01,-1.21291217510588E-04,-1.79104597124100E-19
0,2,11,1.26910450000000E+07,-1.57216621093750E+04,-2.49849120000000E+07,4.36401081937987E-10,1.97922928000000E+08,2.49849120000000E+07,2.18200374435540E-10,4.00993097414604E-26,-2.70306536485562E-13,-2.18200374435540E-10,-4.00993097414604E-26,2.70306536485562E-13,1.78012952208519E-01,-9.35821808525361E-05,-1.79104597124100E-19
0,2,12,1.26837650000000E+07,-1.19628535156250E+04,-2.49877640000000E+07,4.31449848070642E-10,1.98647968000000E+08,2.49877640000000E+07,2.15724826890806E-10,3.96404669470459E-26,-2.03463602303083E-13,-2.15724826890806E-10,-3.96404669470459E-26,2.03463602303083E-13,1.77213922142982E-01,-7.25259160390124E-05,-1.79104597124100E-19
0,2,13,1.26777740000000E+07,-9.15281054687500E+03,-2.49903460000000E+07,4.27350987930453E-10,1.99257408000000E+08,2.49903460000000E+07,2.13675438454075E-10,3.92609847922917E-26,-1.54264527042237E-13,-2.13675438454075E-10,-3.92609847922917E-26,1.54264527042237E-13,1.76542222499847E-01,-5.67837741982657E-05,-1.79104597124100E-19
0,2,14,1.26728100000000E+07,-7.08825976562500E+03,-2.49926080000000E+07,4.23945462069142E-10,1.99772112000000E+08,2.49926080000000E+07,2.11972703278995E-10,3.89460135869548E-26,-1.18562305155903E-13,-2.11972703278995E-10,-3.89460135869548E-26,1.18562305155903E-13,1.75974011421204E-01,-4.51875530416146E-05,-1.79104597124100E-19
0,2,15,1.26686640000000E+07,-5.59705859375000E+03,-2.49945520000000E+07,4.21100238012784E-10,2.00209856000000E+08,2.49945520000000E+07,2.10550091250816E-10,3.86831195273141E-26,-9.30217478023986E-14,-2.10550091250816E-10,-3.86831195273141E-26,9.30217478023986E-14,1.75489231944084E-01,-3.67805841960944E-05,-1.79104597124100E-19
0,2,16,1.26651640000000E+07,-4.54091064453125E+03,-2.49962000000000E+07,4.18702628124379E-10,2.00586096000000E+08,2.49962000000000E+07,2.09351300184402E-10,3.84618070655446E-26,-7.50598652785213E-14,-2.09351300184402E-10,-3.84618070655446E-26,7.50598652785213E-14,1.75070583820343E-01,-3.08110393234529E-05,-1.79104597124100E-19
0,2,17,1.26621650000000E+07,-3.81280810546875E+03,-2.49975820000000E+07,4.16656903423629E-10,2.00914352000000E+08,2.49975820000000E+07,2.08328437834027E-10,3.82731552941441E-26,-6.27314769140880E-14,-2.08328437834027E-10,-3.82731552941441E-26,6.27314769140880E-14,1.74702987074852E-01,-2.67057603196008E-05,-1.79104597124100E-19
0,2,18,1.26595420000000E+07,-3.33234228515625E+03,-2.49987300000000E+07,4.14881295984770E-10,2.01206448000000E+08,2.49987300000000E+07,2.07440634114597E-10,3.81095714268997E-26,-5.46041280225472E-14,-2.07440634114597E-10,-3.81095714268997E-26,5.46041280225472E-14,1.74373283982277E-01,-2.40390181716066E-05,-1.79104597124100E-19
0,2,19,1.26571840000000E+07,-3.04063061523438E+03,-2.49996680000000E+07,4.13305445423617E-10,2.01472880000000E+08,2.49996680000000E+07,2.06652722711809E-10,3.79645288724159E-26,-4.96441063713333E-14,-2.06652722711809E-10,-3.79645288724159E-26,4.96441063713333E-14,1.74069777131081E-01,-2.25030926230829E-05,-1.79104597124100E-19
0,2,20,1.26549910000000E+07,-2.89572729492188E+03,-2.50004160000000E+07,4.11867789873455E-10,2.01723152000000E+08,2.50004160000000E+07,2.05933894936727E-10,3.78323268780574E-26,-4.71219912319843E-14,-2.05933894936727E-10,-3.78323268780574E-26,4.71219912319843E-14,1.73781812191010E-01,-2.18835903069703E-05,-1.79104597124100E-19
0,2,21,1.26528710000000E+07,-2.86884375000000E+03,-2.50009820000000E+07,4.10512901449778E-10,2.01966176000000E+08,2.50009820000000E+07,2.05256436847101E-10,3.77078470924038E-26,-4.65387378970322E-14,-2.05256436847101E-10,-3.77078470924038E-26,4.65387378970322E-14,1.73499315977097E-01,-2.20401325350394E-05,-1.79104597124100E-19
0,2,22,1.26507280000000E+07,-2.94140136718750E+03,-2.50013660000000E+07,4.09188710692732E-10,2.02210688000000E+08,2.50013660000000E+07,2.04594341468578E-10,3.75862854758020E-26,-4.75699158070195E-14,-2.04594341468578E-10,-3.75862854758020E-26,4.75699158070195E-14,1.73212289810181E-01,-2.28920289373491E-05,-1.79104597124100E-19
0,2,23,1.26484640000000E+07,-3.10280932617188E+03,-2.50015500000000E+07,4.07843842031852E-10,2.02465856000000E+08,2.50015500000000E+07,2.03921907138138E-10,3.74629088628206E-26,-5.00243191325651E-14,-2.03921907138138E-10,-3.74629088628206E-26,5.00243191325651E-14,1.72910153865814E-01,-2.44081911660032E-05,-1.79104597124100E-19
0,2,24,1.26459640000000E+07,-3.34881469726562E+03,-2.50015020000000E+07,4.06424449650444E-10,2.02741728000000E+08,2.50015020000000E+07,2.03212224825222E-10,3.73327745468503E-26,-5.38132228665097E-14,-2.03212224825222E-10,-3.73327745468503E-26,5.38132228665097E-14,1.72581046819687E-01,-2.66005336015951E-05,-1.79104597124100E-19
0,2,25,1.26430920000000E+07,-3.68028833007812E+03,-2.50011620000000E+07,4.04871108861116E-10,2.03050096000000E+08,2.50011620000000E+07,2.02435540552770E-10,3.71904128868491E-26,-5.89271334635807E-14,-2.02435540552770E-10,-3.71904128868491E-26,5.89271334635807E-14,1.72210976481438E-01,-2.95204627036583E-05,-1.79104597124100E-19
0,2,26,1.26396740000000E+07,-4.10240087890625E+03,-2.50004240000000E+07,4.03115235636520E-10,2.03405200000000E+08,2.50004240000000E+07,2.01557603940472E-10,3.70295376474785E-26,-6.54186313410118E-14,-2.01557603940472E-10,-3.70295376474785E-26,6.54186313410118E-14,1.71782806515694E-01,-3.32588933815714E-05,-1.79104597124100E-19
0,2,27,1.26354790000000E+07,-4.62438427734375E+03,-2.49991180000000E+07,4.01076089007191E-10,2.03824592000000E+08,2.49991180000000E+07,2.00538030625808E-10,3.68427316873367E-26,-7.33937311424813E-14,-2.00538030625808E-10,-3.68427316873367E-26,7.33937311424813E-14,1.71275243163109E-01,-3.79521115974057E-05,-1.79104597124100E-19
0,2,28,1.26301860000000E+07,-5.26057177734375E+03,-2.49969500000000E+07,3.98658356326465E-10,2.04329712000000E+08,2.49969500000000E+07,1.99329164285444E-10,3.66212559067080E-26,-8.30221647180919E-14,-1.99329164285444E-10,-3.66212559067080E-26,8.30221647180919E-14,1.70662239193916E-01,-4.37993949162774E-05,-1.79104597124100E-19
0,2,29,1.26233310000000E+07,-6.03424462890625E+03,-2.49934000000000E+07,3.95752930426596E-10,2.04945616000000E+08,2.49934000000000E+07,1.97876437457722E-10,3.63551047143453E-26,-9.45895176963397E-14,-1.97876437457722E-10,-3.63551047143453E-26,9.45895176963397E-14,1.69913530349731E-01,-5.11027392349206E-05,-1.79104597124100E-19
0,2,30,1.26142320000000E+07,-6.98566845703125E+03,-2.49875740000000E+07,3.92243043600971E-10,2.05698672000000E+08,2.49875740000000E+07,1.96121494044910E-10,3.60335822657096E-26,-1.08610623478830E-13,-1.96121494044910E-10,-3.60335822657096E-26,1.08610623478830E-13,1.68998256325722E-01,-6.03327134740539E-05,-1.79104597124100E-19
0,2,31,1.26018670000000E+07,-8.17961816406250E+03,-2.49779300000000E+07,3.88018117636335E-10,2.06610976000000E+08,2.49779300000000E+07,1.94009017184804E-10,3.56465874434283E-26,-1.25927344723706E-13,-1.94009017184804E-10,-3.56465874434283E-26,1.25927344723706E-13,1.67893737554550E-01,-7.21659162081778E-05,-1.79104597124100E-19
0,2,32,1.25850300000000E+07,-9.69497753906250E+03,-2.49625800000000E+07,3.82991860448101E-10,2.07691776000000E+08,2.49625800000000E+07,1.91495860835111E-10,3.51862532088649E-26,-1.47520355848509E-13,-1.91495860835111E-10,-3.51862532088649E-26,1.47520355848509E-13,1.66599273681641E-01,-8.73579265316948E-05,-1.79104597124100E-19
0,2,33,1.25628280000000E+07,-1.15787998046875E+04,-2.49404240000000E+07,3.77052666866717E-10,2.08951616000000E+08,2.49404240000000E+07,1.88526250166632E-10,3.46423490221545E-26,-1.73759254597575E-13,-1.88526250166632E-10,-3.46423490221545E-26,1.73759254597575E-13,1.65117129683495E-01,-1.06279003375676E-04,-1.79104597124100E-19
0,2,34,1.25356580000000E+07,-1.37250712890625E+04,-2.49135400000000E+07,3.69939995303881E-10,2.10440624000000E+08,2.49135400000000E+07,1.84969886629638E-10,3.39908177071760E-26,-2.02520265097858E-13,-1.84969886629638E-10,-3.39908177071760E-26,2.02520265097858E-13,1.63403049111366E-01,-1.27826555399224E-04,-1.79104597124100E-19
0,2,35,1.25052120000000E+07,-1.59181796875000E+04,-2.48881540000000E+07,3.60980773050912E-10,2.12338368000000E+08,2.48881540000000E+07,1.80490247747578E-10,3.31695888529377E-26,-2.29750300815429E-13,-1.80490247747578E-10,-3.31695888529377E-26,2.29750300815429E-13,1.61246255040169E-01,-1.49661413161084E-04,-1.79104597124100E-19
0,2,36,1.24727850000000E+07,-1.79324316406250E+04,-2.48722100000000E+07,3.48963885565823E-10,2.14994976000000E+08,2.48722100000000E+07,1.74481762371670E-10,3.20671403304517E-26,-2.50856762662802E-13,-1.74481762371670E-10,-3.20671403304517E-26,2.50856762662802E-13,1.58237531781197E-01,-1.68907674378715E-04,-1.79104597124100E-19
0,2,37,1.24360250000000E+07,-1.98230039062500E+04,-2.48701620000000E+07,3.32087052301588E-10,2.18966384000000E+08,2.48701620000000E+07,1.66043304106189E-10,3.05178668164042E-26,-2.64672750946784E-13,-1.66043304106189E-10,-3.05178668164042E-26,2.64672750946784E-13,1.53760179877281E-01,-1.84441785677336E-04,-1.79104597124100E-19
0,2,38,1.23863100000000E+07,-2.24611308593750E+04,-2.48801460000000E+07,3.07940090094050E-10,2.25085264000000E+08,2.48801460000000E+07,1.53969795246844E-10,2.83008872573333E-26,-2.79206291333572E-13,-1.53969795246844E-10,-2.83008872573333E-26,2.79206291333572E-13,1.46977409720421E-01,-1.99988135136664E-04,-1.79104597124100E-19
0,2,39,1.23055070000000E+07,-2.82048164062500E+04,-2.48964480000000E+07,2.72746186746886E-10,2.34990720000000E+08,2.48964480000000E+07,1.36372732550960E-10,2.50704032428401E-26,-3.12572884242357E-13,-1.36372732550960E-10,-2.50704032428401E-26,3.12572884242357E-13,1.36312678456306E-01,-2.23884999286383E-04,-1.79104597124100E-19
0,2,40,1.21489470000000E+07,-4.24465976562500E+04,-2.49137400000000E+07,2.18465107115762E-10,2.53390544000000E+08,2.49137400000000E+07,1.09231887424066E-10,2.00889407601078E-26,-3.81639815236201E-13,-1.09231887424066E-10,-2.00889407601078E-26,3.81639815236201E-13,1.17258705198765E-01,-2.56640109000728E-04,-1.79104597124100E-19
0,2,41,1.16751050000000E+07,-8.69346562500000E+04,-2.48589280000000E+07,1.22867507834634E-10,2.99787552000000E+08,2.48589280000000E+07,6.14320538883106E-11,1.13128940044032E-26,-4.57432648617168E-13,-6.14320538883106E-11,-1.13128940044032E-26,4.57432648617168E-13,7.29570016264915E-02,-3.31203133100644E-04,-1.79104597124100E-19
0,3,1,1.25917290000000E+07,-1.49359343750000E+05,-2.44533420000000E+07,5.61241164653836E-10,1.77989760000000E+08,2.44533420000000E+07,2.80600848112655E-10,5.17493431752324E-26,-3.32840374185628E-12,-2.80600848112655E-10,-5.17493431752324E-26,3.32840374185628E-12,2.03693762421608E-01,-9.06653760466725E-04,-1.79104597124100E-19
0,3,2,1.27570860000000E+07,-9.97324218750000E+04,-2.47930920000000E+07,5.53518397783392E-10,1.79253376000000E+08,2.47930920000000E+07,2.76750761196709E-10,5.09707713581463E-26,-2.16358376527170E-12,-2.76750761196709E-10,-5.09707713581463E-26,2.16358376527170E-12,2.01798424124718E-01,-6.36605196632445E-04,-1.79104597124100E-19
0,3,3,1.27811840000000E+07,-1.05496507812500E+05,-2.49128020000000E+07,5.21260035135640E-10,1.84875696000000E+08,2.49128020000000E+07,2.60621135783623E-10,4.80070486706222E-26,-2.15117940821630E-12,-2.60621135783623E-10,-4.80070486706222E-26,2.15117940821630E-12,1.93820744752884E-01,-6.53278257232159E-04,-1.79104597124100E-19
0,3,4,1.27648440000000E+07,-1.03199562500000E+05,-2.49500060000000E+07,4.94266128026055E-10,1.89366752000000E+08,2.49500060000000E+07,2.47124987140523E-10,4.55184606040981E-26,-1.99792439536939E-12,-2.47124987140523E-10,-4.55184606040981E-26,1.99792439536939E-12,1.87975496053696E-01,-6.20378297753632E-04,-1.79104597124100E-19
0,3,5,1.27299230000000E+07,-8.24741250000000E+04,-2.49623920000000E+07,4.65737004518019E-10,1.94031968000000E+08,2.49623920000000E+07,2.32863617277701E-10,4.28687322902431E-26,-1.50866753985401E-12,-2.32863617277701E-10,-4.28687322902431E-26,1.50866753985401E-12,1.82240277528763E-01,-4.82095259940252E-04,-1.79104597124100E-19
0,3,6,1.26972410000000E+07,-7.02139843750000E+04,-2.49662400000000E+07,4.44006498234728E-10,1.97483008000000E+08,2.49662400000000E+07,2.21999849059351E-10,4.08558797348619E-26,-1.22762845895796E-12,-2.21999849059351E-10,-4.08558797348619E-26,1.22762845895796E-12,1.78224578499794E-01,-4.04377555241808E-04,-1.79104597124100E-19
0,3,7,1.26689660000000E+07,-5.52688906250000E+04,-2.49684560000000E+07,4.26737978287406E-10,2.00220624000000E+08,2.49684560000000E+07,2.13366949108895E-10,3.92518697510509E-26,-9.30822151128108E-13,-2.13366949108895E-10,-3.92518697510509E-26,9.30822151128108E-13,1.75133675336838E-01,-3.13878554152325E-04,-1.79104597124100E-19
0,3,8,1.26461170000000E+07,-4.26775000000000E+04,-2.49710800000000E+07,4.13270889731976E-10,2.02354944000000E+08,2.49710800000000E+07,2.06634265254024E-10,3.80007979851286E-26,-6.97339267493463E-13,-2.06634265254024E-10,-3.80007979851286E-26,6.97339267493463E-13,1.72779873013496E-01,-2.40694920648821E-04,-1.79104597124100E-19
0,3,9,1.26280750000000E+07,-3.25002441406250E+04,-2.49743340000000E+07,4.02745864436227E-10,2.04029216000000E+08,2.49743340000000E+07,2.01372266084299E-10,3.70232175157730E-26,-5.18261703084250E-13,-2.01372266084299E-10,-3.70232175157730E-26,5.18261703084250E-13,1.70963302254677E-01,-1.83463926077820E-04,-1.79104597124100E-19
0,3,10,1.26138710000000E+07,-2.44928671875000E+04,-2.49779140000000E+07,3.94448501639388E-10,2.05359328000000E+08,2.49779140000000E+07,1.97223876119423E-10,3.62528886788489E-26,-3.82957662976857E-13,-1.97223876119423E-10,-3.62528886788489E-26,3.82957662976857E-13,1.69535487890244E-01,-1.39431547722779E-04,-1.79104597124100E-19
0,3,11,1.26026350000000E+07,-1.83408476562500E+04,-2.49814880000000E+07,3.87851861738397E-10,2.06427952000000E+08,2.49814880000000E+07,1.93925722702382E-10,3.56408589574018E-26,-2.82223680189708E-13,-1.93925722702382E-10,-3.56408589574018E-26,2.82223680189708E-13,1.68395996093750E-01,-1.06033818155993E-04,-1.79104597124100E-19
0,3,12,1.25936800000000E+07,-1.37089306640625E+04,-2.49848200000000E+07,3.82567200141182E-10,2.07294704000000E+08,2.49848200000000E+07,1.91283475170501E-10,3.51509547648441E-26,-2.08222856817007E-13,-1.91283475170501E-10,-3.51509547648441E-26,2.08222856817007E-13,1.67475178837776E-01,-8.10151177574880E-05,-1.79104597124100E-19
0,3,13,1.25864790000000E+07,-1.02807792968750E+04,-2.49877960000000E+07,3.78302944525899E-10,2.08003808000000E+08,2.49877960000000E+07,1.89151402874010E-10,3.47560097037525E-26,-1.54501032193638E-13,-1.89151402874010E-10,-3.47560097037525E-26,1.54501032193638E-13,1.66722923517227E-01,-6.24817112111486E-05,-1.79104597124100E-19
0,3,14,1.25806320000000E+07,-7.78079003906250E+03,-2.49903740000000E+07,3.74835301686360E-10,2.08589312000000E+08,2.49903740000000E+07,1.87417623087605E-10,3.44351559379934E-26,-1.15912867412055E-13,-1.87417623087605E-10,-3.44351559379934E-26,1.15912867412055E-13,1.66101455688477E-01,-4.88990335725248E-05,-1.79104597124100E-19
0,3,15,1.25758300000000E+07,-5.98266992187500E+03,-2.49925640000000E+07,3.71989217207158E-10,2.09078112000000E+08,2.49925640000000E+07,1.85994580848003E-10,3.41720677446143E-26,-8.84827692886059E-14,-1.85994580848003E-10,-3.41720677446143E-26,8.84827692886059E-14,1.65581420063972E-01,-3.90618770325091E-05,-1.79104597124100E-19
0,3,16,1.25718300000000E+07,-4.70840966796875E+03,-2.49943980000000E+07,3.69625691165609E-10,2.09491888000000E+08,2.49943980000000E+07,1.84812831705017E-10,3.39538059558768E-26,-6.92162256329953E-14,-1.84812831705017E-10,-3.39538059558768E-26,6.92162256329953E-14,1.65139347314835E-01,-3.20472427119967E-05,-1.79104597124100E-19
0,3,17,1.25684370000000E+07,-3.82227465820312E+03,-2.49959180000000E+07,3.67633173903315E-10,2.09848416000000E+08,2.49959180000000E+07,1.83816573073869E-10,3.37699797945449E-26,-5.59017350638957E-14,-1.83816573073869E-10,-3.37699797945449E-26,5.59017350638957E-14,1.64756163954735E-01,-2.71625176537782E-05,-1.79104597124100E-19
0,3,18,1.25654930000000E+07,-3.22310498046875E+03,-2.49971620000000E+07,3.65920876932435E-10,2.10162480000000E+08,2.49971620000000E+07,1.82960438466218E-10,3.36121613911820E-26,-4.69301687626173E-14,-1.82960438466218E-10,-3.36121613911820E-26,4.69301687626173E-14,1.64416030049324E-01,-2.38969878409989E-05,-1.79104597124100E-19
0,3,19,1.25628630000000E+07,-2.83678295898438E+03,-2.49981620000000E+07,3.64413887954385E-10,2.10446608000000E+08,2.49981620000000E+07,1.82206930099404E-10,3.34733896645972E-26,-4.11436123614727E-14,-1.82206930099404E-10,-3.34733896645972E-26,4.11436123614727E-14,1.64105519652367E-01,-2.18804161704611E-05,-1.79104597124100E-19
0,3,20,1.25604310000000E+07,-2.60967895507812E+03,-2.49989440000000E+07,3.63048785478881E-10,2.10711728000000E+08,2.49989440000000E+07,1.81524392739441E-10,3.33477974618077E-26,-3.77152973294378E-14,-1.81524392739441E-10,-3.33477974618077E-26,3.77152973294378E-14,1.63812875747681E-01,-2.08495039260015E-05,-1.79104597124100E-19
0,3,21,1.25580920000000E+07,-2.50326293945312E+03,-2.49995240000000E+07,3.61770308154874E-10,2.10967760000000E+08,2.49995240000000E+07,1.80885140199649E-10,3.32302695128814E-26,-3.60566814578377E-14,-1.80885140199649E-10,-3.32302695128814E-26,3.60566814578377E-14,1.63527309894562E-01,-2.06215663638432E-05,-1.79104597124100E-19
0,3,22,1.25557420000000E+07,-2.48975512695312E+03,-2.49999060000000E+07,3.60527913079167E-10,2.11224176000000E+08,2.49999060000000E+07,1.80263956539584E-10,3.31161404451210E-26,-3.57456475714741E-14,-1.80263956539584E-10,-3.31161404451210E-26,3.57456475714741E-14,1.63238435983658E-01,-2.10738835448865E-05,-1.79104597124100E-19
0,3,23,1.25532780000000E+07,-2.54853247070312E+03,-2.50000800000000E+07,3.59273000238858E-10,2.11490624000000E+08,2.50000800000000E+07,1.79636500119429E-10,3.30009205306401E-26,-3.64693152521585E-14,-1.79636500119429E-10,-3.30009205306401E-26,3.64693152521585E-14,1.62935525178909E-01,-2.21269656321965E-05,-1.79104597124100E-19
0,3,24,1.25505810000000E+07,-2.66294238281250E+03,-2.50000200000000E+07,3.57955776131291E-10,2.11777488000000E+08,2.50000200000000E+07,1.78977888065646E-10,3.28800275969150E-26,-3.79749569734845E-14,-1.78977888065646E-10,-3.28800275969150E-26,3.79749569734845E-14,1.62606865167618E-01,-2.37298754655058E-05,-1.79104597124100E-19
0,3,25,1.25475150000000E+07,-2.81715625000000E+03,-2.49996720000000E+07,3.56522394939773E-10,2.12096624000000E+08,2.49996720000000E+07,1.78261197469887E-10,3.27485004484089E-26,-4.00230352061003E-14,-1.78261197469887E-10,-3.27485004484089E-26,4.00230352061003E-14,1.62238866090775E-01,-2.58456348092295E-05,-1.79104597124100E-19
0,3,26,1.25439080000000E+07,-2.99270605468750E+03,-2.49989460000000E+07,3.54912016442555E-10,2.12462128000000E+08,2.49989460000000E+07,1.77456008221277E-10,3.26007307771239E-26,-4.23371800399759E-14,-1.77456008221277E-10,-3.26007307771239E-26,4.23371800399759E-14,1.61815270781517E-01,-2.84351081063505E-05,-1.79104597124100E-19
0,3,27,1.25395340000000E+07,-3.16449560546875E+03,-2.49976900000000E+07,3.53054002699693E-10,2.12891024000000E+08,2.49976900000000E+07,1.76526987472059E-10,3.24302104805918E-26,-4.45486170467992E-14,-1.76526987472059E-10,-3.24302104805918E-26,4.45486170467992E-14,1.61316290497780E-01,-3.14386525133159E-05,-1.79104597124100E-19
0,3,28,1.25340900000000E+07,-3.29647216796875E+03,-2.49956420000000E+07,3.50866224962942E-10,2.13403792000000E+08,2.49956420000000E+07,1.75433112481471E-10,3.22293652615274E-26,-4.61389959441685E-14,-1.75433112481471E-10,-3.22293652615274E-26,4.61389959441685E-14,1.60718038678169E-01,-3.47577624779660E-05,-1.79104597124100E-19
0,3,29,1.25271410000000E+07,-3.33807055664062E+03,-2.49923400000000E+07,3.48255674298414E-10,2.14024176000000E+08,2.49923400000000E+07,1.74127823271419E-10,3.19896039316347E-26,-4.63993332145730E-14,-1.74127823271419E-10,-3.19896039316347E-26,4.63993332145730E-14,1.59993037581444E-01,-3.82453254132997E-05,-1.79104597124100E-19
0,3,30,1.25180640000000E+07,-3.22359838867188E+03,-2.49869940000000E+07,3.45123235545586E-10,2.14777104000000E+08,2.49869940000000E+07,1.72561603895005E-10,3.17017744718180E-26,-4.44373270819254E-14,-1.72561603895005E-10,-3.17017744718180E-26,4.44373270819254E-14,1.59113302826881E-01,-4.17208029830363E-05,-1.79104597124100E-19
0,3,31,1.25059360000000E+07,-2.87953344726562E+03,-2.49782500000000E+07,3.41373929124700E-10,2.15684288000000E+08,2.49782500000000E+07,1.70686964562350E-10,3.13570915600430E-26,-3.93012411622953E-14,-1.70686964562350E-10,-3.13570915600430E-26,3.93012411622953E-14,1.58056840300560E-01,-4.50455809186678E-05,-1.79104597124100E-19
0,3,32,1.24896870000000E+07,-2.22840356445312E+03,-2.49644640000000E+07,3.36931121891482E-10,2.16757152000000E+08,2.49644640000000E+07,1.68465560945741E-10,3.09484616111385E-26,-3.00575401157230E-14,-1.68465560945741E-10,-3.09484616111385E-26,3.00575401157230E-14,1.56818911433220E-01,-4.81932293041609E-05,-1.79104597124100E-19
0,3,33,1.24685030000000E+07,-1.23357568359375E+03,-2.49446720000000E+07,3.31695226840623E-10,2.18010192000000E+08,2.49446720000000E+07,1.65847613420311E-10,3.04667171985692E-26,-1.64081903175194E-14,-1.65847613420311E-10,-3.04667171985692E-26,1.64081903175194E-14,1.55394449830055E-01,-5.15286519657820E-05,-1.79104597124100E-19
0,3,34,1.24426820000000E+07,5.14950408935547E+01,-2.49207060000000E+07,3.25448668014872E-10,2.19493616000000E+08,2.49207060000000E+07,1.62724334007436E-10,2.98919334215026E-26,6.73447785455957E-16,-1.62724334007436E-10,-2.98919334215026E-26,-6.73447785455957E-16,1.53737917542458E-01,-5.59611216885969E-05,-1.79104597124100E-19
0,3,35,1.24135670000000E+07,1.50847045898438E+03,-2.48979920000000E+07,3.17645271197264E-10,2.21372320000000E+08,2.48979920000000E+07,1.58822635598632E-10,2.91740638347756E-26,1.92997913928562E-14,-1.58822635598632E-10,-2.91740638347756E-26,-1.92997913928562E-14,1.51662066578865E-01,-6.23546729912050E-05,-1.79104597124100E-19
0,3,36,1.23821110000000E+07,3.12575903320312E+03,-2.48834980000000E+07,3.07319086845226E-10,2.23957520000000E+08,2.48834980000000E+07,1.53659543422613E-10,2.82244262977972E-26,3.87900500023637E-14,-1.53659543422613E-10,-2.82244262977972E-26,-3.87900500023637E-14,1.48816242814064E-01,-7.03136829542927E-05,-1.79104597124100E-19
0,3,37,1.23460460000000E+07,5.33963085937500E+03,-2.48811900000000E+07,2.93038787679833E-10,2.27737680000000E+08,2.48811900000000E+07,1.46519379962129E-10,2.69112933653469E-26,6.33692317369983E-14,-1.46519379962129E-10,-2.69112933653469E-26,-6.33692317369983E-14,1.44676163792610E-01,-7.66007360653020E-05,-1.79104597124100E-19
0,3,38,1.22975710000000E+07,9.58380078125000E+03,-2.48895320000000E+07,2.72879635554446E-10,2.33437584000000E+08,2.48895320000000E+07,1.36439776143860E-10,2.50570681039052E-26,1.06330885123272E-13,-1.36439776143860E-10,-2.50570681039052E-26,-1.06330885123272E-13,1.38531610369682E-01,-7.36065994715318E-05,-1.79104597124100E-19
0,3,39,1.22202380000000E+07,1.94099609375000E+04,-2.49036480000000E+07,2.43717684922373E-10,2.42498992000000E+08,2.49036480000000E+07,1.21858689805521E-10,2.23732246373873E-26,1.93553682738441E-13,-1.21858689805521E-10,-2.23732246373873E-26,-1.93553682738441E-13,1.29015624523163E-01,-4.66297060484067E-05,-1.79104597124100E-19
0,3,40,1.20710480000000E+07,4.39280390625000E+04,-2.49189040000000E+07,1.98105365445400E-10,2.59316304000000E+08,2.49189040000000E+07,9.90520235277792E-11,1.81734894153620E-26,3.60462582092019E-13,-9.90520235277792E-11,-1.81734894153620E-26,-3.60462582092019E-13,1.11943446099758E-01,3.04853729176102E-05,-1.79104597124100E-19
0,3,41,1.15911880000000E+07,1.61548765625000E+05,-2.48660680000000E+07,1.11518606848993E-10,3.03868224000000E+08,2.48660680000000E+07,5.57538876178043E-11,1.01942422481091E-26,7.77053334871658E-13,-5.57538876178043E-11,-1.01942422481091E-26,-7.77053334871658E-13,7.00685009360313E-02,2.41403598920442E-04,-1.79104597124100E-19
0,4,1,1.25589300000000E+07,-1.49586546875000E+05,-2.44494300000000E+07,5.37252298205004E-10,1.80957600000000E+08,2.44494300000000E+07,2.68607081022054E-10,4.95382246061682E-26,-3.19931776383842E-12,-2.68607081022054E-10,-4.95382246061682E-26,3.19931776383842E-12,2.00036421418190E-01,-8.57872422784567E-04,-1.79104597124100E-19
0,4,2,1.27177190000000E+07,-9.45674375000000E+04,-2.47865780000000E+07,5.26154342317398E-10,1.82760080000000E+08,2.47865780000000E+07,2.63069899197887E-10,4.84449373472418E-26,-1.95615615719569E-12,-2.63069899197887E-10,-4.84449373472418E-26,1.95615615719569E-12,1.97488605976105E-01,-5.74523932300508E-04,-1.79104597124100E-19
0,4,3,1.27211950000000E+07,-1.12148015625000E+05,-2.49051320000000E+07,4.81434836441252E-10,1.90767696000000E+08,2.49051320000000E+07,2.40708064591644E-10,4.43472918197086E-26,-2.12204386007553E-12,-2.40708064591644E-10,-4.43472918197086E-26,2.12204386007553E-12,1.86630383133888E-01,-6.61322032101452E-04,-1.79104597124100E-19
0,4,4,1.61277100000000E+07,-1.52710703125000E+05,-2.49424500000000E+07,4.01473188027524E-10,2.06234432000000E+08,2.49424500000000E+07,2.00727601207262E-10,3.69894444082683E-26,-1.90065758270963E-12,-2.00727601207262E-10,-3.69894444082683E-26,1.90065758270963E-12,1.67285546660423E-01,-6.51533191557974E-04,-1.79104597124100E-19
0,4,5,1.61048260000000E+07,-1.36219156250000E+05,-2.49554060000000E+07,3.59133195404482E-10,2.14711712000000E+08,2.49554060000000E+07,1.79560172286486E-10,3.30776649870640E-26,-1.51877056937810E-12,-1.79560172286486E-10,-3.30776649870640E-26,1.51877056937810E-12,1.57856047153473E-01,-5.54189959075302E-04,-1.79104597124100E-19
0,4,6,1.60769420000000E+07,-9.36697109375000E+04,-2.49599640000000E+07,3.24009208352294E-10,2.22203088000000E+08,2.49599640000000E+07,1.62001856374161E-10,2.98170532652648E-26,-9.43877680008309E-13,-1.62001856374161E-10,-2.98170532652648E-26,9.43877680008309E-13,1.49849250912666E-01,-3.51856288034469E-04,-1.79104597124100E-19
0,4,7,1.60520460000000E+07,-6.96612734375000E+04,-2.49629380000000E+07,2.98411684251931E-10,2.27758864000000E+08,2.49629380000000E+07,1.49204440469397E-10,2.74480577445674E-26,-6.47504456736253E-13,-1.49204440469397E-10,-2.74480577445674E-26,6.47504456736253E-13,1.44208505749702E-01,-2.47499527176842E-04,-1.79104597124100E-19
0,4,8,1.60317930000000E+07,-5.20865468750000E+04,-2.49663300000000E+07,2.79607226261191E-10,2.31882800000000E+08,2.49663300000000E+07,1.39802877607842E-10,2.57091849015868E-26,-4.54213028950809E-13,-1.39802877607842E-10,-2.57091849015868E-26,4.54213028950809E-13,1.40175655484200E-01,-1.78643167600967E-04,-1.79104597124100E-19
0,4,9,1.60158990000000E+07,-3.87611875000000E+04,-2.49703200000000E+07,2.65550664790837E-10,2.34999216000000E+08,2.49703200000000E+07,1.32774943817360E-10,2.44100388427646E-26,-3.21337845655273E-13,-1.32774943817360E-10,-2.44100388427646E-26,3.21337845655273E-13,1.37205734848976E-01,-1.30553773487918E-04,-1.79104597124100E-19
0,4,10,1.60036350000000E+07,-2.86875917968750E+04,-2.49745680000000E+07,2.54918364195333E-10,2.37386432000000E+08,2.49745680000000E+07,1.27458973930850E-10,2.34278238155909E-26,-2.28478775612592E-13,-1.27458973930850E-10,-2.34278238155909E-26,2.28478775612592E-13,1.34970262646675E-01,-9.62763224379160E-05,-1.79104597124100E-19
0,4,11,1.59942110000000E+07,-2.11624726562500E+04,-2.49787180000000E+07,2.46788978142121E-10,2.39238384000000E+08,2.49787180000000E+07,1.23394378048758E-10,2.26771764419544E-26,-1.63267213333998E-13,-1.23394378048758E-10,-2.26771764419544E-26,1.63267213333998E-13,1.33255794644356E-01,-7.16199865564704E-05,-1.79104597124100E-19
0,4,12,1.59869440000000E+07,-1.56150107421875E+04,-2.49825320000000E+07,2.40509639981568E-10,2.40691872000000E+08,2.49825320000000E+07,1.20254764479633E-10,2.20976333068092E-26,-1.17457055908744E-13,-1.20254764479633E-10,-2.20976333068092E-26,1.17457055908744E-13,1.31919652223587E-01,-5.38271560799330E-05,-1.79104597124100E-19
0,4,13,1.59812940000000E+07,-1.15720957031250E+04,-2.49858920000000E+07,2.35608532683784E-10,2.41845824000000E+08,2.49858920000000E+07,1.17804238586317E-10,2.16455112375286E-26,-8.53023435307826E-14,-1.17804238586317E-10,-2.16455112375286E-26,8.53023435307826E-14,1.30862832069397E-01,-4.09831372962799E-05,-1.79104597124100E-19
0,4,14,1.59768490000000E+07,-8.65441992187500E+03,-2.49887720000000E+07,2.31740363010324E-10,2.42773248000000E+08,2.49887720000000E+07,1.15870167627374E-10,2.12888475007555E-26,-6.27651413915437E-14,-1.15870167627374E-10,-2.12888475007555E-26,6.27651413915437E-14,1.30014374852180E-01,-3.17306730721612E-05,-1.79104597124100E-19
0,4,15,1.59733000000000E+07,-6.56814941406250E+03,-2.49911960000000E+07,2.28649460476404E-10,2.43529008000000E+08,2.49911960000000E+07,1.14324716360414E-10,2.10039885952851E-26,-4.70098135765817E-14,-1.14324716360414E-10,-2.10039885952851E-26,4.70098135765817E-14,1.29322052001953E-01,-2.50991597567918E-05,-1.79104597124100E-19
0,4,16,1.59704150000000E+07,-5.09151171875000E+03,-2.49932100000000E+07,2.26144214465762E-10,2.44155056000000E+08,2.49932100000000E+07,1.13072100293987E-10,2.07732144248849E-26,-3.60484008637453E-14,-1.13072100293987E-10,-2.07732144248849E-26,3.60484008637453E-14,1.28746494650841E-01,-2.03924719244242E-05,-1.79104597124100E-19
0,4,17,1.59680180000000E+07,-4.06011254882812E+03,-2.49948620000000E+07,2.24079130251020E-10,2.44684032000000E+08,2.49948620000000E+07,1.12039558186616E-10,2.05830773763112E-26,-2.84877712240263E-14,-1.12039558186616E-10,-2.05830773763112E-26,2.84877712240263E-14,1.28257393836975E-01,-1.71113024407532E-05,-1.79104597124100E-19
0,4,18,1.59659710000000E+07,-3.35356201171875E+03,-2.49962020000000E+07,2.22342019795541E-10,2.45141696000000E+08,2.49962020000000E+07,1.11171009897770E-10,2.04232128649754E-26,-2.33508416595807E-14,-1.11171009897770E-10,-2.04232128649754E-26,2.33508416595807E-14,1.27830877900124E-01,-1.48983372127987E-05,-1.79104597124100E-19
0,4,19,1.59641630000000E+07,-2.88433984375000E+03,-2.49972720000000E+07,2.20844773024531E-10,2.45548912000000E+08,2.49972720000000E+07,1.10422379573372E-10,2.02854842220485E-26,-1.99506650620535E-14,-1.10422379573372E-10,-2.02854842220485E-26,1.99506650620535E-14,1.27447694540024E-01,-1.34990359583753E-05,-1.79104597124100E-19
0,4,20,1.59625000000000E+07,-2.58891503906250E+03,-2.49981040000000E+07,2.19516474442294E-10,2.45923008000000E+08,2.49981040000000E+07,1.09758237221147E-10,2.01633509894391E-26,-1.78013951913610E-14,-1.09758237221147E-10,-2.01633509894391E-26,1.78013951913610E-14,1.27091735601425E-01,-1.27333041746169E-05,-1.79104597124100E-19
0,4,21,1.59609000000000E+07,-2.42077026367188E+03,-2.49987140000000E+07,2.18298282228524E-10,2.46279040000000E+08,2.49987140000000E+07,1.09149134175368E-10,2.00513851261923E-26,-1.65545169532235E-14,-1.09149134175368E-10,-2.00513851261923E-26,1.65545169532235E-14,1.26748979091644E-01,-1.24746757137473E-05,-1.79104597124100E-19
0,4,22,1.59592860000000E+07,-2.34484228515625E+03,-2.49991140000000E+07,2.17139167757452E-10,2.46630672000000E+08,2.49991140000000E+07,1.08569576939832E-10,1.99448842817555E-26,-1.59517496732325E-14,-1.08569576939832E-10,-1.99448842817555E-26,1.59517496732325E-14,1.26406461000443E-01,-1.26344730233541E-05,-1.79104597124100E-19
0,4,23,1.59575770000000E+07,-2.33286010742188E+03,-2.49992980000000E+07,2.15992612684346E-10,2.46991136000000E+08,2.49992980000000E+07,1.07996306342173E-10,1.98395667286767E-26,-1.57881283188114E-14,-1.07996306342173E-10,-1.98395667286767E-26,1.57881283188114E-14,1.26051515340805E-01,-1.31488932311186E-05,-1.79104597124100E-19
0,4,24,1.59556850000000E+07,-2.35904833984375E+03,-2.49992420000000E+07,2.14813666854496E-10,2.47374016000000E+08,2.49992420000000E+07,1.07406826488354E-10,1.97312863249714E-26,-1.58801008502902E-14,-1.07406826488354E-10,-1.97312863249714E-26,1.58801008502902E-14,1.25670894980431E-01,-1.39671337819891E-05,-1.79104597124100E-19
0,4,25,1.59535040000000E+07,-2.39562915039062E+03,-2.49989000000000E+07,2.13556214379018E-10,2.47794128000000E+08,2.49989000000000E+07,1.06778107189509E-10,1.96158014025301E-26,-1.60341422620778E-14,-1.06778107189509E-10,-1.96158014025301E-26,1.60341422620778E-14,1.25250011682510E-01,-1.50386977111339E-05,-1.79104597124100E-19
0,4,26,1.59509010000000E+07,-2.40753295898438E+03,-2.49981920000000E+07,2.12170794822164E-10,2.48268208000000E+08,2.49981920000000E+07,1.06085390472188E-10,1.94885513592445E-26,-1.60118907065535E-14,-1.06085390472188E-10,-1.94885513592445E-26,1.60118907065535E-14,1.24772153794765E-01,-1.62978722073603E-05,-1.79104597124100E-19
0,4,27,1.59476960000000E+07,-2.34572998046875E+03,-2.49969780000000E+07,2.10602646433244E-10,2.48815648000000E+08,2.49969780000000E+07,1.05301323216622E-10,1.93444871771725E-26,-1.54886615143755E-14,-1.05301323216622E-10,-1.93444871771725E-26,1.54886615143755E-14,1.24217890202999E-01,-1.76434332388453E-05,-1.79104597124100E-19
0,4,28,1.59436350000000E+07,-2.13878466796875E+03,-2.49950280000000E+07,2.08790942868298E-10,2.49458672000000E+08,2.49950280000000E+07,1.04395471434149E-10,1.91779943853401E-26,-1.40042989547505E-14,-1.04395471434149E-10,-1.91779943853401E-26,1.40042989547505E-14,1.23564936220646E-01,-1.89126003533602E-05,-1.79104597124100E-19
0,4,29,1.59383430000000E+07,-1.68309277343750E+03,-2.49919400000000E+07,2.06669695246298E-10,2.50221824000000E+08,2.49919400000000E+07,1.03334847623149E-10,1.89829716376835E-26,-1.09121831579420E-14,-1.03334847623149E-10,-1.89829716376835E-26,1.09121831579420E-14,1.22789092361927E-01,-1.98526649910491E-05,-1.79104597124100E-19
0,4,30,1.59312520000000E+07,-8.34313476562500E+02,-2.49870320000000E+07,2.04171818340981E-10,2.51129472000000E+08,2.49870320000000E+07,1.02085909170491E-10,1.87532051138302E-26,-5.34619921846013E-15,-1.02085909170491E-10,-1.87532051138302E-26,5.34619921846013E-15,1.21867284178734E-01,-2.01051771000493E-05,-1.79104597124100E-19
0,4,31,1.59214960000000E+07,5.86953796386719E+02,-2.49791800000000E+07,2.01236347030509E-10,2.52201584000000E+08,2.49791800000000E+07,1.00618173515254E-10,1.84830325797437E-26,3.70933854107729E-15,-1.00618173515254E-10,-1.84830325797437E-26,-3.70933854107729E-15,1.20783150196075E-01,-1.92644511116669E-05,-1.79104597124100E-19
0,4,32,1.59080480000000E+07,2.77578540039062E+03,-2.49670160000000E+07,1.97814029045951E-10,2.53449392000000E+08,2.49670160000000E+07,9.89070145229753E-11,1.81678672406683E-26,1.72582217614070E-14,-9.89070145229753E-11,-1.81678672406683E-26,-1.72582217614070E-14,1.19532972574234E-01,-1.70353632711340E-05,-1.79104597124100E-19
0,4,33,1.58901900000000E+07,5.81056640625000E+03,-2.49497560000000E+07,1.93833851747094E-10,2.54893216000000E+08,2.49497560000000E+07,9.69169189346530E-11,1.78011794237207E-26,3.54396145676311E-14,-9.69169189346530E-11,-1.78011794237207E-26,-3.54396145676311E-14,1.18105456233025E-01,-1.37919105327455E-05,-1.79104597124100E-19
0,4,34,1.58684800000000E+07,9.53918066406250E+03,-2.49289060000000E+07,1.89125395899659E-10,2.56603424000000E+08,2.49289060000000E+07,9.45626840720415E-11,1.73674029927184E-26,5.68454314110907E-14,-9.45626840720415E-11,-1.73674029927184E-26,-5.68454314110907E-14,1.16437166929245E-01,-1.08860122054466E-05,-1.79104597124100E-19
0,4,35,1.58449680000000E+07,1.35585468750000E+04,-2.49090120000000E+07,1.83280252086249E-10,2.58778080000000E+08,2.49090120000000E+07,9.16400913486548E-11,1.68292103438511E-26,7.84164671131099E-14,-9.16400913486548E-11,-1.68292103438511E-26,-7.84164671131099E-14,1.14327557384968E-01,-1.03575748653384E-05,-1.79104597124100E-19
0,4,36,1.58218520000000E+07,1.76907167968750E+04,-2.48959520000000E+07,1.75613426578458E-10,2.61765312000000E+08,2.48959520000000E+07,8.78066577780778E-11,1.61238099979561E-26,9.81783149786933E-14,-8.78066577780778E-11,-1.61238099979561E-26,-9.81783149786933E-14,1.11431315541267E-01,-1.28919364215108E-05,-1.79104597124100E-19
0,4,37,1.57987560000000E+07,2.28304824218750E+04,-2.48931580000000E+07,1.65207722502281E-10,2.66058896000000E+08,2.48931580000000E+07,8.26037779844135E-11,1.51667584010637E-26,1.19369154860140E-13,-8.26037779844135E-11,-1.51667584010637E-26,-1.19369154860140E-13,1.07287183403969E-01,-1.54449207911966E-05,-1.79104597124100E-19
0,4,38,1.57708310000000E+07,3.20432304687500E+04,-2.48995100000000E+07,1.51009829640891E-10,2.72305536000000E+08,2.48995100000000E+07,7.55047621647797E-11,1.38606050387320E-26,1.53410839804149E-13,-7.55047621647797E-11,-1.38606050387320E-26,-1.53410839804149E-13,1.01350337266922E-01,-9.87259591056500E-06,-1.79104597124100E-19
0,4,39,1.57277350000000E+07,5.31629726562500E+04,-2.49110600000000E+07,1.31590904839385E-10,2.81630528000000E+08,2.49110600000000E+07,6.57950777194216E-11,1.20727411601980E-26,2.22400860206383E-13,-6.57950777194216E-11,-1.20727411601980E-26,-2.22400860206383E-13,9.27051007747650E-02,1.91862964129541E-05,-1.79104597124100E-19
0,4,40,1.56470550000000E+07,1.17994265625000E+05,-2.49240100000000E+07,1.04095829178696E-10,2.97144512000000E+08,2.49240100000000E+07,5.20464366049467E-11,9.53674286141894E-27,3.92481565910513E-13,-5.20464366049467E-11,-9.53674286141894E-27,-3.92481565910513E-13,7.87027254700661E-02,1.26583079691045E-04,-1.79104597124100E-19
0,4,41,1.53973930000000E+07,4.12728187500000E+05,-2.48728220000000E+07,6.06551683879353E-11,3.32012512000000E+08,2.48728220000000E+07,3.03166970694324E-11,5.51932656795104E-27,8.12641132771214E-13,-3.03166970694324E-11,-5.51932656795104E-27,-8.12641132771214E-13,4.82499673962593E-02,4.11603570682928E-04,-1.79104597124100E-19
0,5,1,1.25250310000000E+07,-1.41030234375000E+05,-2.44504920000000E+07,5.11779063572249E-10,1.84241056000000E+08,2.44504920000000E+07,2.55873294774389E-10,4.71795798033640E-26,-2.88110030624567E-12,-2.55873294774389E-10,-4.71795798033640E-26,2.88110030624567E-12,1.96047991514206E-01,-7.79777357820421E-04,-1.79104597124100E-19
0,5,2,1.26756420000000E+07,-8.42826093750000E+04,-2.47831640000000E+07,4.97388130682452E-10,1.86624304000000E+08,2.47831640000000E+07,2.48688569737254E-10,4.57845994705092E-26,-1.65357473807387E-12,-2.48688569737254E-10,-4.57845994705092E-26,1.65357473807387E-12,1.92819401621819E-01,-4.93669649586082E-04,-1.79104597124100E-19
0,5,3,1.26589440000000E+07,-8.56551406250000E+04,-2.48995980000000E+07,4.43152292639581E-10,1.96773760000000E+08,2.48995980000000E+07,2.21571067049453E-10,4.07937476941120E-26,-1.49923248728839E-12,-2.21571067049453E-10,-4.07937476941120E-26,1.49923248728839E-12,1.79555460810661E-01,-4.85968630528077E-04,-1.79104597124100E-19
0,5,4,1.60836580000000E+07,-1.28403765625000E+05,-2.49364360000000E+07,3.47353701357633E-10,2.17378672000000E+08,2.49364360000000E+07,1.73671313441481E-10,3.19878012612067E-26,-1.38650375902660E-12,-1.73671313441481E-10,-3.19878012612067E-26,1.38650375902660E-12,1.54798328876495E-01,-5.08352939505130E-04,-1.79104597124100E-19
0,5,5,1.97263540000000E+07,-1.34719406250000E+05,-2.49496060000000E+07,2.41660497168894E-10,2.46392720000000E+08,2.49496060000000E+07,1.20827431393522E-10,2.22461671870962E-26,-8.25180364576877E-13,-1.20827431393522E-10,-2.22461671870962E-26,8.25180364576877E-13,1.23332910239697E-01,-3.33142932504416E-04,-1.79104597124100E-19
0,5,6,1.97548680000000E+07,-9.13968125000000E+04,-2.49546880000000E+07,1.86654400269326E-10,2.63559504000000E+08,2.49546880000000E+07,9.33262009339408E-11,1.71701831441813E-26,-4.31778012866327E-13,-9.33262009339408E-11,-1.71701831441813E-26,4.31778012866327E-13,1.07306718826294E-01,-1.84576478204690E-04,-1.79104597124100E-19
0,5,7,1.97693280000000E+07,-6.60720234375000E+04,-2.49583240000000E+07,1.50818788013929E-10,2.75457472000000E+08,2.49583240000000E+07,7.54089707344363E-11,1.38678357501152E-26,-2.52027972059629E-13,-7.54089707344363E-11,-1.38678357501152E-26,2.52027972059629E-13,9.71427261829376E-02,-1.15256698336452E-04,-1.79104597124100E-19
0,5,8,1.97774500000000E+07,-4.77721328125000E+04,-2.49624160000000E+07,1.25642732329290E-10,2.84163488000000E+08,2.49624160000000E+07,6.28211857534033E-11,1.15493558311151E-26,-1.51743635018464E-13,-6.28211857534033E-11,-1.15493558311151E-26,1.51743635018464E-13,9.01288315653801E-02,-7.50283797970042E-05,-1.79104597124100E-19
0,5,9,1.97823220000000E+07,-3.42883984375000E+04,-2.49670840000000E+07,1.07636524693255E-10,2.90604128000000E+08,2.49670840000000E+07,5.38181790799008E-11,9.89195136552601E-27,-9.32822341506018E-14,-5.38181790799008E-11,-9.89195136552601E-27,9.32822341506018E-14,8.51417407393456E-02,-5.02819020766765E-05,-1.79104597124100E-19
0,5,10,1.97854600000000E+07,-2.44939062500000E+04,-2.49719440000000E+07,9.46365902310120E-11,2.95410144000000E+08,2.49719440000000E+07,4.73182604210365E-11,8.69581020310554E-27,-5.85788199631426E-14,-4.73182604210365E-11,-8.69581020310554E-27,5.85788199631426E-14,8.15163999795914E-02,-3.45738189935219E-05,-1.79104597124100E-19
0,5,11,1.97876360000000E+07,-1.74798691406250E+04,-2.49766120000000E+07,8.51711409732836E-11,2.99028640000000E+08,2.49766120000000E+07,4.25855566088540E-11,7.82514272719476E-27,-3.76189456376217E-14,-4.25855566088540E-11,-7.82514272719476E-27,3.76189456376217E-14,7.88319930434227E-02,-2.43439571931958E-05,-1.79104597124100E-19
0,5,12,1.97892320000000E+07,-1.25038623046875E+04,-2.49808440000000E+07,7.81998701904207E-11,3.01783520000000E+08,2.49808440000000E+07,3.90999281563165E-11,7.18405303400274E-27,-2.47053625387211E-14,-3.90999281563165E-11,-7.18405303400274E-27,2.47053625387211E-14,7.68088102340698E-02,-1.75355289684376E-05,-1.79104597124100E-19
0,5,13,1.97904480000000E+07,-8.99317285156250E+03,-2.49845320000000E+07,7.29934515608655E-11,3.03908064000000E+08,2.49845320000000E+07,3.64967223109858E-11,6.70535467223353E-27,-1.65848356505375E-14,-3.64967223109858E-11,-6.70535467223353E-27,1.65848356505375E-14,7.52570778131485E-02,-1.29247491713613E-05,-1.79104597124100E-19
0,5,14,1.97913940000000E+07,-6.52745898437500E+03,-2.49876600000000E+07,6.90449294959983E-11,3.05570176000000E+08,2.49876600000000E+07,3.45224612785522E-11,6.34237080375498E-27,-1.13859566374286E-14,-3.45224612785522E-11,-6.34237080375498E-27,1.13859566374286E-14,7.40455165505409E-02,-9.76444971456658E-06,-1.79104597124100E-19
0,5,15,1.97921380000000E+07,-4.80512109375000E+03,-2.49902700000000E+07,6.60014404241238E-11,3.06891488000000E+08,2.49902700000000E+07,3.30007202120619E-11,6.06262447191488E-27,-8.01189152456645E-15,-3.30007202120619E-11,-6.06262447191488E-27,8.01189152456645E-15,7.30815008282661E-02,-7.58566602598876E-06,-1.79104597124100E-19
0,5,16,1.97927280000000E+07,-3.61136010742188E+03,-2.49924180000000E+07,6.36148494992383E-11,3.07961184000000E+08,2.49924180000000E+07,3.18074247496192E-11,5.84328454759450E-27,-5.80354872909946E-15,-3.18074247496192E-11,-5.84328454759450E-27,5.80354872909946E-15,7.22982287406921E-02,-6.08626851317240E-06,-1.79104597124100E-19
0,5,17,1.97931920000000E+07,-2.79333520507812E+03,-2.49941700000000E+07,6.17079512488239E-11,3.08845760000000E+08,2.49941700000000E+07,3.08539756244119E-11,5.66804995974453E-27,-4.35429992030282E-15,-3.08539756244119E-11,-5.66804995974453E-27,4.35429992030282E-15,7.16465041041374E-02,-5.06723563375999E-06,-1.79104597124100E-19
0,5,18,1.97935500000000E+07,-2.24210107421875E+03,-2.49955840000000E+07,6.01519112297666E-11,3.09595584000000E+08,2.49955840000000E+07,3.00759556148833E-11,5.52507200216114E-27,-3.40683342945963E-15,-3.00759556148833E-11,-5.52507200216114E-27,3.40683342945963E-15,7.10892081260681E-02,-4.39520408690441E-06,-1.79104597124100E-19
0,5,19,1.97938160000000E+07,-1.87962084960938E+03,-2.49967060000000E+07,5.88511323007523E-11,3.10249728000000E+08,2.49967060000000E+07,2.94255661503762E-11,5.40555957502015E-27,-2.79425179046703E-15,-2.94255661503762E-11,-5.40555957502015E-27,2.79425179046703E-15,7.05975890159607E-02,-3.97970461563091E-06,-1.79104597124100E-19
0,5,20,1.97939940000000E+07,-1.64932824707031E+03,-2.49975740000000E+07,5.77329573037133E-11,3.10839328000000E+08,2.49975740000000E+07,2.88664786518567E-11,5.30283316808846E-27,-2.40529023768136E-15,-2.88664786518567E-11,-5.30283316808846E-27,2.40529023768136E-15,7.01486691832542E-02,-3.75880995306943E-06,-1.79104597124100E-19
0,5,21,1.97940800000000E+07,-1.50908740234375E+03,-2.49982120000000E+07,5.67405636364704E-11,3.11390112000000E+08,2.49982120000000E+07,2.83702818182352E-11,5.21166888898490E-27,-2.16293124158233E-15,-2.83702818182352E-11,-5.21166888898490E-27,2.16293124158233E-15,6.97232708334923E-02,-3.68967857866664E-06,-1.79104597124100E-19
0,5,22,1.97940680000000E+07,-1.42569958496094E+03,-2.49986340000000E+07,5.58278596962669E-11,3.11924384000000E+08,2.49986340000000E+07,2.79139298481335E-11,5.12782892145985E-27,-2.01054577920654E-15,-2.79139298481335E-11,-5.12782892145985E-27,2.01054577920654E-15,6.93045705556870E-02,-3.74194337382505E-06,-1.79104597124100E-19
0,5,23,1.97939380000000E+07,-1.37027514648438E+03,-2.49988340000000E+07,5.49557413465074E-11,3.12462560000000E+08,2.49988340000000E+07,2.74778706732537E-11,5.04771948023707E-27,-1.90221090052743E-15,-2.74778706732537E-11,-5.04771948023707E-27,1.90221090052743E-15,6.88769146800041E-02,-3.89264141631429E-06,-1.79104597124100E-19
0,5,24,1.97936620000000E+07,-1.31387609863281E+03,-2.49987960000000E+07,5.40892677869387E-11,3.13024384000000E+08,2.49987960000000E+07,2.70446338934693E-11,4.96812888454131E-27,-1.79518574654300E-15,-2.70446338934693E-11,-4.96812888454131E-27,1.79518574654300E-15,6.84248134493828E-02,-4.12176405006903E-06,-1.79104597124100E-19
0,5,25,1.97931920000000E+07,-1.22286035156250E+03,-2.49984800000000E+07,5.31954688631764E-11,3.13630208000000E+08,2.49984800000000E+07,2.65977344315882E-11,4.88602495026813E-27,-1.64325757607962E-15,-2.65977344315882E-11,-4.88602495026813E-27,1.64325757607962E-15,6.79320842027664E-02,-4.40768326370744E-06,-1.79104597124100E-19
0,5,26,1.97924620000000E+07,-1.05333105468750E+03,-2.49978140000000E+07,5.22416832016148E-11,3.14301760000000E+08,2.49978140000000E+07,2.61208416008074E-11,4.79840592300620E-27,-1.39011997984766E-15,-2.61208416008074E-11,-4.79840592300620E-27,1.39011997984766E-15,6.73812106251717E-02,-4.72179590360611E-06,-1.79104597124100E-19
0,5,27,1.97913540000000E+07,-7.44067749023438E+02,-2.49966780000000E+07,5.11945173753414E-11,3.15062720000000E+08,2.49966780000000E+07,2.55972586876707E-11,4.70219917412225E-27,-9.62344095166120E-16,-2.55972586876707E-11,-4.70219917412225E-27,9.62344095166120E-16,6.67529180645943E-02,-5.02184457218391E-06,-1.79104597124100E-19
0,5,28,1.97896940000000E+07,-2.07362869262695E+02,-2.49948740000000E+07,5.00196099817440E-11,3.15938784000000E+08,2.49948740000000E+07,2.50098049908720E-11,4.59424271183358E-27,-2.62060903042827E-16,-2.50098049908720E-11,-4.59424271183358E-27,2.62060903042827E-16,6.60264194011688E-02,-5.24381584909861E-06,-1.79104597124100E-19
0,5,29,1.97871860000000E+07,6.82296447753906E+02,-2.49920660000000E+07,4.86827904377929E-11,3.16956384000000E+08,2.49920660000000E+07,2.43413952188964E-11,4.47139033698304E-27,8.39333523642877E-16,-2.43413952188964E-11,-4.47139033698304E-27,-8.39333523642877E-16,6.51806816458702E-02,-5.29382214153884E-06,-1.79104597124100E-19
0,5,30,1.97833500000000E+07,2.09982373046875E+03,-2.49876980000000E+07,4.71531667878278E-11,3.18139840000000E+08,2.49876980000000E+07,2.35765833939139E-11,4.33079475474085E-27,2.50244131684140E-15,-2.35765833939139E-11,-4.33079475474085E-27,-2.50244131684140E-15,6.41974434256554E-02,-5.04541003465420E-06,-1.79104597124100E-19
0,5,31,1.97774320000000E+07,4.27228369140625E+03,-2.49808900000000E+07,4.54079204792457E-11,3.19507040000000E+08,2.49808900000000E+07,2.27039585048994E-11,4.17034938293383E-27,4.90446645426933E-15,-2.27039585048994E-11,-4.17034938293383E-27,-4.90446645426933E-15,6.30654767155647E-02,-4.35902938988875E-06,-1.79104597124100E-19
0,5,32,1.97685320000000E+07,7.46611914062500E+03,-2.49705880000000E+07,4.34339404720152E-11,3.21068928000000E+08,2.49705880000000E+07,2.17169685012841E-11,3.98884050051105E-27,8.20199875221526E-15,-2.17169685012841E-11,-3.98884050051105E-27,-8.20199875221526E-15,6.17815367877483E-02,-3.13364239445946E-06,-1.79104597124100E-19
0,5,33,1.97560960000000E+07,1.18624042968750E+04,-2.49562020000000E+07,4.12098515034653E-11,3.22851648000000E+08,2.49562020000000E+07,2.06049205475622E-11,3.78430519967317E-27,1.23720749357209E-14,-2.06049205475622E-11,-3.78430519967317E-27,-1.23720749357209E-14,6.03293180465698E-02,-1.47797368299507E-06,-1.79104597124100E-19
0,5,34,1.97409420000000E+07,1.73876992187500E+04,-2.49389000000000E+07,3.86594367629556E-11,3.24949792000000E+08,2.49389000000000E+07,1.93297097078604E-11,3.54976776216162E-27,1.70254876006876E-14,-1.93297097078604E-11,-3.54976776216162E-27,-1.70254876006876E-14,5.86317889392376E-02,1.60449033614896E-07,-1.79104597124100E-19
0,5,35,1.97256680000000E+07,2.36445039062500E+04,-2.49222520000000E+07,3.55948950869767E-11,3.27597504000000E+08,2.49222520000000E+07,1.77974354004240E-11,3.26802963357304E-27,2.13331956266938E-14,-1.77974354004240E-11,-3.26802963357304E-27,-2.13331956266938E-14,5.64883798360825E-02,1.09447330487455E-06,-1.79104597124100E-19
0,5,36,1.97134320000000E+07,3.03253066406250E+04,-2.49109280000000E+07,3.17312703890238E-11,3.31176576000000E+08,2.49109280000000E+07,1.58656161125537E-11,2.91297212237361E-27,2.44061871136191E-14,-1.58656161125537E-11,-2.91297212237361E-27,-2.44061871136191E-14,5.35791292786598E-02,1.01493969850708E-06,-1.79104597124100E-19
0,5,37,1.97052820000000E+07,3.80512578125000E+04,-2.49077540000000E+07,2.68091833455220E-11,3.36143360000000E+08,2.49077540000000E+07,1.34045665192706E-11,2.46079400853161E-27,2.58844628944852E-14,-1.34045665192706E-11,-2.46079400853161E-27,-2.58844628944852E-14,4.95411679148674E-02,6.66246705804951E-07,-1.79104597124100E-19
0,5,38,1.96982880000000E+07,4.93067382812500E+04,-2.49120320000000E+07,2.07957262521319E-11,3.42923840000000E+08,2.49120320000000E+07,1.03978301663199E-11,1.90845675237379E-27,2.60267830643488E-14,-1.03978301663199E-11,-1.90845675237379E-27,-2.60267830643488E-14,4.40663509070873E-02,1.82427231720794E-06,-1.79104597124100E-19
0,5,39,1.96854180000000E+07,6.97372500000000E+04,-2.49208160000000E+07,1.40353883029687E-11,3.51938912000000E+08,2.49208160000000E+07,7.01765034971658E-12,1.28759914584055E-27,2.48606169016893E-14,-7.01765034971658E-12,-1.28759914584055E-27,-2.48606169016893E-14,3.68418842554092E-02,6.43056364424410E-06,-1.79104597124100E-19
0,5,40,1.96581560000000E+07,1.16158968750000E+05,-2.49312100000000E+07,7.71385299386251E-12,3.63591232000000E+08,2.49312100000000E+07,3.85685927639656E-12,7.07098053140979E-28,2.27899703232268E-14,-3.85685927639656E-12,-7.07098053140979E-28,-2.27899703232268E-14,2.74617336690426E-02,1.83260599442292E-05,-1.79104597124100E-19
0,5,41,1.96361200000000E+07,3.44560031250000E+05,-2.48832480000000E+07,7.37605289347076E-12,3.74718496000000E+08,2.48832480000000E+07,3.68745875847787E-12,6.73413153227658E-28,6.47047858543838E-14,-3.68745875847787E-12,-6.73413153227658E-28,-6.47047858543838E-14,1.71663127839565E-02,6.58486460451968E-05,-1.79104597124100E-19
0,6,1,1.24940450000000E+07,-1.21653656250000E+05,-2.44526920000000E+07,4.89280838067430E-10,1.87244704000000E+08,2.44526920000000E+07,2.44628817203107E-10,4.50834377112358E-26,-2.38193405971421E-12,-2.44628817203107E-10,-4.50834377112358E-26,2.38193405971421E-12,1.92460149526596E-01,-6.55612850096077E-04,-1.79104597124100E-19
0,6,2,1.26375670000000E+07,-6.97936171875000E+04,-2.47804760000000E+07,4.72905159476511E-10,1.90027104000000E+08,2.47804760000000E+07,2.36448971513425E-10,4.35149295496477E-26,-1.30583900897346E-12,-2.36448971513425E-10,-4.35149295496477E-26,1.30583900897346E-12,1.88796639442444E-01,-3.97310126572847E-04,-1.79104597124100E-19
0,6,3,1.26064330000000E+07,-6.50840273437500E+04,-2.48947500000000E+07,4.14000028703398E-10,2.01517488000000E+08,2.48947500000000E+07,2.06997252671925E-10,3.80902166013306E-26,-1.06867780683834E-12,-2.06997252671925E-10,-3.80902166013306E-26,1.06867780683834E-12,1.74169704318047E-01,-3.54887393768877E-04,-1.79104597124100E-19
0,6,4,1.60422190000000E+07,-7.35862656250000E+04,-2.49311000000000E+07,3.06995040499913E-10,2.26167776000000E+08,2.49311000000000E+07,1.53495896548783E-10,2.82398522262797E-26,-7.04091515993377E-13,-1.53495896548783E-10,-2.82398522262797E-26,7.04091515993377E-13,1.45588755607605E-01,-2.61710287304595E-04,-1.79104597124100E-19
0,6,5,1.97411000000000E+07,-7.20170781250000E+04,-2.49444620000000E+07,1.95356231191823E-10,2.59909680000000E+08,2.49444620000000E+07,9.76774702787786E-11,1.79648788467618E-26,-3.56335024421367E-13,-9.76774702787786E-11,-1.79648788467618E-26,3.56335024421367E-13,1.10977724194527E-01,-1.50516701978631E-04,-1.79104597124100E-19
0,6,6,1.97678880000000E+07,-5.94711523437500E+04,-2.49500440000000E+07,1.31555766280655E-10,2.82447008000000E+08,2.49500440000000E+07,6.57775847678899E-11,1.20952637553396E-26,-1.97890071300041E-13,-6.57775847678899E-11,-1.20952637553396E-26,1.97890071300041E-13,9.13605466485023E-02,-9.46328073041514E-05,-1.79104597124100E-19
0,6,7,1.97748220000000E+07,-4.34395664062500E+04,-2.49543060000000E+07,9.18405559935387E-11,2.97834592000000E+08,2.49543060000000E+07,4.59201669744669E-11,8.44157435412280E-27,-1.00873329871368E-13,-4.59201669744669E-11,-8.44157435412280E-27,1.00873329871368E-13,7.92438760399818E-02,-5.66664348298218E-05,-1.79104597124100E-19
0,6,8,1.97720520000000E+07,-3.02713027343750E+04,-2.49590600000000E+07,6.60976481881015E-11,3.08571136000000E+08,2.49590600000000E+07,3.30487859301343E-11,6.07406179948262E-27,-5.05981771780663E-14,-3.30487859301343E-11,-6.07406179948262E-27,5.05981771780663E-14,7.12916031479836E-02,-3.45668122463394E-05,-1.79104597124100E-19
0,6,9,1.97650800000000E+07,-2.06262500000000E+04,-2.49643640000000E+07,4.94707920462023E-11,3.16046016000000E+08,2.49643640000000E+07,2.47353838800368E-11,4.54539689139804E-27,-2.58131105330744E-14,-2.47353838800368E-11,-4.54539689139804E-27,2.58131105330744E-14,6.59506991505623E-02,-2.18578934436664E-05,-1.79104597124100E-19
0,6,10,1.97571560000000E+07,-1.39614511718750E+04,-2.49697900000000E+07,3.87580280369892E-11,3.21269984000000E+08,2.49697900000000E+07,1.93790105490477E-11,3.56070473312981E-27,-1.36942332270456E-14,-1.93790105490477E-11,-3.56070473312981E-27,1.36942332270456E-14,6.22888244688511E-02,-1.43807792483130E-05,-1.79104597124100E-19
0,6,11,1.97498440000000E+07,-9.45676171875000E+03,-2.49749320000000E+07,3.17685738826512E-11,3.24970624000000E+08,2.49749320000000E+07,1.58842852066021E-11,2.91836164472998E-27,-7.60582816481748E-15,-1.58842852066021E-11,-2.91836164472998E-27,7.60582816481748E-15,5.97173459827900E-02,-9.81552602752345E-06,-1.79104597124100E-19
0,6,12,1.97436480000000E+07,-6.41546826171875E+03,-2.49795400000000E+07,2.70927759393746E-11,3.27645280000000E+08,2.49795400000000E+07,1.35463871023256E-11,2.48870054083279E-27,-4.40174054161264E-15,-1.35463871023256E-11,-2.48870054083279E-27,4.40174054161264E-15,5.78637793660164E-02,-6.91993409418501E-06,-1.79104597124100E-19
0,6,13,1.97385840000000E+07,-4.35419433593750E+03,-2.49835140000000E+07,2.38698019683348E-11,3.29622400000000E+08,2.49835140000000E+07,1.19349009841674E-11,2.19256685628188E-27,-2.63275585346882E-15,-1.19349009841674E-11,-2.19256685628188E-27,2.63275585346882E-15,5.64923062920570E-02,-5.02549301018007E-06,-1.79104597124100E-19
0,6,14,1.97344960000000E+07,-2.95596997070312E+03,-2.49868560000000E+07,2.15807337278218E-11,3.31117952000000E+08,2.49868560000000E+07,1.07903668639109E-11,1.98225723228474E-27,-1.61625607154528E-15,-1.07903668639109E-11,-1.98225723228474E-27,1.61625607154528E-15,5.54512888193130E-02,-3.75918830286537E-06,-1.79104597124100E-19
0,6,15,1.97311980000000E+07,-2.01189318847656E+03,-2.49896180000000E+07,1.99081792717770E-11,3.32276192000000E+08,2.49896180000000E+07,9.95408963588851E-12,1.82859864500875E-27,-1.01496961690432E-15,-9.95408963588851E-12,-1.82859864500875E-27,1.01496961690432E-15,5.46406321227551E-02,-2.90298839900061E-06,-1.79104597124100E-19
0,6,16,1.97285140000000E+07,-1.38102575683594E+03,-2.49918780000000E+07,1.86526540740806E-11,3.33195584000000E+08,2.49918780000000E+07,9.32632703704028E-12,1.71325835990630E-27,-6.52856996843356E-16,-9.32632703704028E-12,-1.71325835990630E-27,6.52856996843356E-16,5.39922453463078E-02,-2.32363072427688E-06,-1.79104597124100E-19
0,6,17,1.97262960000000E+07,-9.66100524902344E+02,-2.49937080000000E+07,1.76848310301514E-11,3.33945312000000E+08,2.49937080000000E+07,8.84241551507570E-12,1.62435184847654E-27,-4.33059623266950E-16,-8.84241551507570E-12,-1.62435184847654E-27,4.33059623266950E-16,5.34583516418934E-02,-1.93656705960166E-06,-1.79104597124100E-19
0,6,18,1.97244220000000E+07,-6.98725036621094E+02,-2.49951780000000E+07,1.69182185622008E-11,3.34575264000000E+08,2.49951780000000E+07,8.45910928110039E-12,1.55393147191449E-27,-2.99658551519298E-16,-8.45910928110039E-12,-1.55393147191449E-27,2.99658551519298E-16,5.30043654143810E-02,-1.68657265930960E-06,-1.79104597124100E-19
0,6,19,1.97227880000000E+07,-5.29879943847656E+02,-2.49963420000000E+07,1.62931838160185E-11,3.35122528000000E+08,2.49963420000000E+07,8.14659190800926E-12,1.49651805582485E-27,-2.18869448982689E-16,-8.14659190800926E-12,-1.49651805582485E-27,2.18869448982689E-16,5.26044107973576E-02,-1.53675182446023E-06,-1.79104597124100E-19
0,6,20,1.97213100000000E+07,-4.23399993896484E+02,-2.49972400000000E+07,1.57673388234691E-11,3.35615584000000E+08,2.49972400000000E+07,7.88366941173457E-12,1.44821698467408E-27,-1.69255777881579E-16,-7.88366941173457E-12,-1.44821698467408E-27,1.69255777881579E-16,5.22383749485016E-02,-1.46194508943154E-06,-1.79104597124100E-19
0,6,21,1.97199100000000E+07,-3.51183013916016E+02,-2.49979020000000E+07,1.53095591759467E-11,3.36077312000000E+08,2.49979020000000E+07,7.65477958797334E-12,1.40616863768076E-27,-1.36320542853931E-16,-7.65477958797334E-12,-1.40616863768076E-27,1.36320542853931E-16,5.18898852169514E-02,-1.44452144468232E-06,-1.79104597124100E-19
0,6,22,1.97185180000000E+07,-2.89377777099609E+02,-2.49983420000000E+07,1.48961572243866E-11,3.36526944000000E+08,2.49983420000000E+07,7.44807861219332E-12,1.36819652141473E-27,-1.09303778491655E-16,-7.44807861219332E-12,-1.36819652141473E-27,1.09303778491655E-16,5.15448749065399E-02,-1.47147216011945E-06,-1.79104597124100E-19
0,6,23,1.97170640000000E+07,-2.15031234741211E+02,-2.49985620000000E+07,1.45083441788207E-11,3.36981600000000E+08,2.49985620000000E+07,7.25417208941037E-12,1.33257461745984E-27,-7.91128706561068E-17,-7.25417208941037E-12,-1.33257461745984E-27,7.91128706561068E-17,5.11904843151569E-02,-1.53217365550518E-06,-1.79104597124100E-19
0,6,24,1.97154740000000E+07,-1.02771171569824E+02,-2.49985500000000E+07,1.41305257425617E-11,3.37457504000000E+08,2.49985500000000E+07,7.06526287128084E-12,1.29787003393747E-27,-3.68292109222987E-17,-7.06526287128084E-12,-1.29787003393747E-27,3.68292109222987E-17,5.08142374455929E-02,-1.61641366958065E-06,-1.79104597124100E-19
0,6,25,1.97136600000000E+07,7.88773193359375E+01,-2.49982700000000E+07,1.37491320412186E-11,3.37970784000000E+08,2.49982700000000E+07,6.87456602060932E-12,1.26283563491211E-27,2.75061723891381E-17,-6.87456602060932E-12,-1.26283563491211E-27,-2.75061723891381E-17,5.04033677279949E-02,-1.71239764767961E-06,-1.79104597124100E-19
0,6,26,1.97115120000000E+07,3.71964752197266E+02,-2.49976620000000E+07,1.33518526096443E-11,3.38538144000000E+08,2.49976620000000E+07,6.67592630482217E-12,1.22634003283795E-27,1.25977622058356E-16,-6.67592630482217E-12,-1.22634003283795E-27,-1.25977622058356E-16,4.99443709850311E-02,-1.80454026121879E-06,-1.79104597124100E-19
0,6,27,1.97088840000000E+07,8.34853698730469E+02,-2.49966220000000E+07,1.29272278645565E-11,3.39177312000000E+08,2.49966220000000E+07,6.46361393227823E-12,1.18732984033190E-27,2.73793897549076E-16,-6.46361393227823E-12,-1.18732984033190E-27,-2.73793897549076E-16,4.94228005409241E-02,-1.87096168247081E-06,-1.79104597124100E-19
0,6,28,1.97055720000000E+07,1.54972180175781E+03,-2.49949860000000E+07,1.24646352267499E-11,3.39906560000000E+08,2.49949860000000E+07,6.23231761337495E-12,1.14482812942967E-27,4.90133338527655E-16,-6.23231761337495E-12,-1.14482812942967E-27,-4.90133338527655E-16,4.88235726952553E-02,-1.88085164154472E-06,-1.79104597124100E-19
0,6,29,1.97012840000000E+07,2.63214013671875E+03,-2.49924800000000E+07,1.19547817825638E-11,3.40743968000000E+08,2.49924800000000E+07,5.97739089128191E-12,1.09797997982895E-27,7.98594150555701E-16,-5.97739089128191E-12,-1.09797997982895E-27,-7.98594150555701E-16,4.81320023536682E-02,-1.79237531483523E-06,-1.79104597124100E-19
0,6,30,1.96955800000000E+07,4.24172705078125E+03,-2.49886640000000E+07,1.13908093027359E-11,3.41705184000000E+08,2.49886640000000E+07,5.69540465136797E-12,1.04615368650798E-27,1.22658745800689E-15,-5.69540465136797E-12,-1.04615368650798E-27,-1.22658745800689E-15,4.73358519375324E-02,-1.55295788317744E-06,-1.79104597124100E-19
0,6,31,1.96878440000000E+07,6.58933935546875E+03,-2.49828720000000E+07,1.07697158482911E-11,3.42801152000000E+08,2.49828720000000E+07,5.38485749046469E-12,9.89071915554759E-28,1.80226207154260E-15,-5.38485749046469E-12,-9.89071915554759E-28,-1.80226207154260E-15,4.64277379214764E-02,-1.10511075490649E-06,-1.79104597124100E-19
0,6,32,1.96773640000000E+07,9.92844628906250E+03,-2.49743280000000E+07,1.00925700088905E-11,3.44038912000000E+08,2.49743280000000E+07,5.04628413708352E-12,9.26831444949002E-28,2.54616240472159E-15,-5.04628413708352E-12,-9.26831444949002E-28,-2.54616240472159E-15,4.54045757651329E-02,-4.00971060798838E-07,-1.79104597124100E-19
0,6,33,1.96636980000000E+07,1.44755000000000E+04,-2.49626140000000E+07,9.35972393339979E-12,3.45437792000000E+08,2.49626140000000E+07,4.67986066565729E-12,8.59465496982248E-28,3.44509581351124E-15,-4.67986066565729E-12,-8.59465496982248E-28,-3.44509581351124E-15,4.42521944642067E-02,5.50258278053661E-07,-1.79104597124100E-19
0,6,34,1.96473320000000E+07,2.02348125000000E+04,-2.49486240000000E+07,8.55934073618059E-12,3.47063808000000E+08,2.49486240000000E+07,4.27966819968595E-12,7.85892373101231E-28,4.40763546740905E-15,-4.27966819968595E-12,-7.85892373101231E-28,-4.40763546740905E-15,4.29139025509357E-02,1.60942954607890E-06,-1.79104597124100E-19
0,6,35,1.96299060000000E+07,2.68783281250000E+04,-2.49350580000000E+07,7.65621767373492E-12,3.49072032000000E+08,2.49350580000000E+07,3.82810536742051E-12,7.02890618436222E-28,5.24164909474758E-15,-3.82810536742051E-12,-7.02890618436222E-28,-5.24164909474758E-15,4.12509217858315E-02,2.51992878474994E-06,-1.79104597124100E-19
0,6,36,1.96132900000000E+07,3.39348203125000E+04,-2.49254840000000E+07,6.60386675899183E-12,3.51698496000000E+08,2.49254840000000E+07,3.30192839216592E-12,6.06204553737360E-28,5.71298057824724E-15,-3.30192839216592E-12,-6.06204553737360E-28,-5.71298057824724E-15,3.90542186796665E-02,3.09510301121918E-06,-1.79104597124100E-19
0,6,37,1.95977920000000E+07,4.12965312500000E+04,-2.49221500000000E+07,5.38630468352452E-12,3.55191744000000E+08,2.49221500000000E+07,2.69314627023010E-12,4.94375431516515E-28,5.67500682067241E-15,-2.69314627023010E-12,-4.94375431516515E-28,-5.67500682067241E-15,3.61071377992630E-02,3.49312585967709E-06,-1.79104597124100E-19
0,6,38,1.95812680000000E+07,4.95187187500000E+04,-2.49247060000000E+07,4.06505992062156E-12,3.59723776000000E+08,2.49247060000000E+07,2.03252345509775E-12,3.73053761711650E-28,5.14001234085712E-15,-2.03252345509775E-12,-3.73053761711650E-28,-5.14001234085712E-15,3.22660095989704E-02,4.20705373471719E-06,-1.79104597124100E-19
0,6,39,1.95602560000000E+07,5.88736250000000E+04,-2.49310860000000E+07,2.78530800854049E-12,3.65364064000000E+08,2.49310860000000E+07,1.39264771589764E-12,2.55568568430129E-28,4.19167382959473E-15,-1.39264771589764E-12,-2.55568568430129E-28,-4.19167382959473E-15,2.74474620819092E-02,5.52978190171416E-06,-1.79104597124100E-19
0,6,40,1.95361440000000E+07,6.21510546875000E+04,-2.49391720000000E+07,1.78402767819080E-12,3.72218976000000E+08,2.49391720000000E+07,8.92009339656386E-13,1.63685688753133E-28,2.83778208417585E-15,-8.92009339656386E-13,-1.63685688753133E-28,-2.83778208417585E-15,2.15165838599205E-02,5.84512827117578E-06,-1.79104597124100E-19
0,6,41,1.95212680000000E+07,1.26216000000000E+05,-2.48954100000000E+07,1.82798719737531E-12,3.80775808000000E+08,2.48954100000000E+07,9.13974516729421E-13,1.67532541224052E-28,5.90936008487046E-15,-9.13974516729421E-13,-1.67532541224052E-28,-5.90936008487046E-15,1.33789191022515E-02,9.57046813709894E-06,-1.79104597124100E-19
0,7,1,1.24691020000000E+07,-9.66396718750000E+04,-2.44550440000000E+07,4.71834404880411E-10,1.89638352000000E+08,2.44550440000000E+07,2.35910097012848E-10,4.34479380024621E-26,-1.82838141328523E-12,-2.35910097012848E-10,-4.34479380024621E-26,1.82838141328523E-12,1.89644366502762E-01,-5.11846970766783E-04,-1.79104597124100E-19
0,7,2,1.26071200000000E+07,-5.47809765625000E+04,-2.47780920000000E+07,4.54501075664027E-10,1.92646624000000E+08,2.47780920000000E+07,2.27248386774903E-10,4.18053138936382E-26,-9.87448946394853E-13,-2.27248386774903E-10,-4.18053138936382E-26,9.87448946394853E-13,1.85759976506233E-01,-3.04786779452115E-04,-1.79104597124100E-19
0,7,3,1.25656040000000E+07,-4.57131640625000E+04,-2.48904000000000E+07,3.93261812003942E-10,2.04945808000000E+08,2.48904000000000E+07,1.96629601489917E-10,3.61640740342775E-26,-7.15330626763905E-13,-1.96629601489917E-10,-3.61640740342775E-26,7.15330626763905E-13,1.70399382710457E-01,-2.41939414991066E-04,-1.79104597124100E-19
0,7,4,1.60110490000000E+07,-4.99933164062500E+04,-2.49263600000000E+07,2.82495776771086E-10,2.31537728000000E+08,2.49263600000000E+07,1.41247194496152E-10,2.59736952016368E-26,-4.41033928127998E-13,-1.41247194496152E-10,-2.59736952016368E-26,4.41033928127998E-13,1.40299111604691E-01,-1.69359293067828E-04,-1.79104597124100E-19
0,7,5,1.97468560000000E+07,-4.75419257812500E+04,-2.49399440000000E+07,1.65347319169840E-10,2.69123872000000E+08,2.49399440000000E+07,8.26734236625271E-11,1.51990493128833E-26,-1.99041995450726E-13,-8.26734236625271E-11,-1.51990493128833E-26,1.99041995450726E-13,1.03084608912468E-01,-8.96912679309025E-05,-1.79104597124100E-19
0,7,6,1.97674100000000E+07,-3.67308476562500E+04,-2.49460100000000E+07,9.99965665826608E-11,2.94084640000000E+08,2.49460100000000E+07,4.99981965551566E-11,9.19020874578139E-27,-9.29042338394283E-14,-4.99981965551566E-11,-9.19020874578139E-27,9.29042338394283E-14,8.22900906205177E-02,-5.08600278408267E-05,-1.79104597124100E-19
0,7,7,1.97630360000000E+07,-2.70493593750000E+04,-2.49508560000000E+07,6.08248243438858E-11,3.10934144000000E+08,2.49508560000000E+07,3.04123844163673E-11,5.58921278784302E-27,-4.16249540803430E-14,-3.04123844163673E-11,-5.58921278784302E-27,4.16249540803430E-14,6.95825070142746E-02,-2.98702325380873E-05,-1.79104597124100E-19
0,7,8,1.97459840000000E+07,-1.87090175781250E+04,-2.49562140000000E+07,3.77541088669719E-11,3.22142304000000E+08,2.49562140000000E+07,1.88770474945921E-11,3.46875236349301E-27,-1.78857122390625E-14,-1.88770474945921E-11,-3.46875236349301E-27,1.78857122390625E-14,6.15716949105263E-02,-1.79163107532077E-05,-1.79104597124100E-19
0,7,9,1.97252080000000E+07,-1.26687548828125E+04,-2.49620920000000E+07,2.47701217176433E-11,3.29446080000000E+08,2.49620920000000E+07,1.23850582567364E-11,2.27558541468566E-27,-7.95445422041314E-15,-1.23850582567364E-11,-2.27558541468566E-27,7.95445422041314E-15,5.64732775092125E-02,-1.12665347842267E-05,-1.79104597124100E-19
0,7,10,1.97060900000000E+07,-8.61582421875000E+03,-2.49680240000000E+07,1.75320886280916E-11,3.34231168000000E+08,2.49680240000000E+07,8.76604344668408E-12,1.61053070112014E-27,-3.83265722083510E-15,-8.76604344668408E-12,-1.61053070112014E-27,3.83265722083510E-15,5.31530901789665E-02,-7.44989802115015E-06,-1.79104597124100E-19
0,7,11,1.96904540000000E+07,-5.90423388671875E+03,-2.49735840000000E+07,1.33621429893038E-11,3.37447456000000E+08,2.49735840000000E+07,6.68107106097104E-12,1.22741556841540E-27,-2.00333647003422E-15,-6.68107106097104E-12,-1.22741556841540E-27,2.00333647003422E-15,5.09163662791252E-02,-5.13675286129001E-06,-1.79104597124100E-19
0,7,12,1.96782400000000E+07,-4.05252001953125E+03,-2.49785220000000E+07,1.08288933375889E-11,3.39682880000000E+08,2.49785220000000E+07,5.41444666879443E-12,9.94686001342648E-28,-1.11504655962241E-15,-5.41444666879443E-12,-9.94686001342648E-28,1.11504655962241E-15,4.93530593812466E-02,-3.66325821232749E-06,-1.79104597124100E-19
0,7,13,1.96688180000000E+07,-2.76964453125000E+03,-2.49827420000000E+07,9.20446791702334E-12,3.41289280000000E+08,2.49827420000000E+07,4.60223395851167E-12,8.45456378863272E-28,-6.48058872834516E-16,-4.60223395851167E-12,-8.45456378863272E-28,6.48058872834516E-16,4.82218451797962E-02,-2.69008796749404E-06,-1.79104597124100E-19
0,7,14,1.96615380000000E+07,-1.87866943359375E+03,-2.49862640000000E+07,8.11165197511787E-12,3.42480128000000E+08,2.49862640000000E+07,4.05582598755894E-12,7.45066895326099E-28,-3.87536155154123E-16,-4.05582598755894E-12,-7.45066895326099E-28,3.87536155154123E-16,4.73766997456551E-02,-2.03272247745190E-06,-1.79104597124100E-19
0,7,15,1.96558560000000E+07,-1.26418432617188E+03,-2.49891560000000E+07,7.34548272901536E-12,3.43389440000000E+08,2.49891560000000E+07,3.67274136450768E-12,6.74686144772649E-28,-2.36215730830392E-16,-3.67274136450768E-12,-6.74686144772649E-28,2.36215730830392E-16,4.67256866395473E-02,-1.58396255756088E-06,-1.79104597124100E-19
0,7,16,1.96513600000000E+07,-8.46050598144531E+02,-2.49915040000000E+07,6.78847342922007E-12,3.44104704000000E+08,2.49915040000000E+07,3.39423671461003E-12,6.23520108384859E-28,-1.46132188703121E-16,-3.39423671461003E-12,-6.23520108384859E-28,1.46132188703121E-16,4.62084300816059E-02,-1.27794385207380E-06,-1.79104597124100E-19
0,7,17,1.96477320000000E+07,-5.66463806152344E+02,-2.49933980000000E+07,6.36978447418612E-12,3.44685184000000E+08,2.49933980000000E+07,3.18489223709306E-12,5.85060828139402E-28,-9.18236389685069E-17,-3.18489223709306E-12,-5.85060828139402E-28,9.18236389685069E-17,4.57836911082268E-02,-1.07242840385879E-06,-1.79104597124100E-19
0,7,18,1.96447300000000E+07,-3.82814849853516E+02,-2.49949120000000E+07,6.04472895349151E-12,3.45172608000000E+08,2.49949120000000E+07,3.02236447674575E-12,5.55202943618572E-28,-5.88965036934169E-17,-3.02236447674575E-12,-5.55202943618572E-28,5.88965036934169E-17,4.54222299158573E-02,-9.39467099669855E-07,-1.79104597124100E-19
0,7,19,1.96421720000000E+07,-2.63091827392578E+02,-2.49961060000000E+07,5.78395881536964E-12,3.45597248000000E+08,2.49961060000000E+07,2.89197940768482E-12,5.31250345493222E-28,-3.87358456906212E-17,-2.89197940768482E-12,-5.31250345493222E-28,3.87358456906212E-17,4.51024807989597E-02,-8.60118234413676E-07,-1.79104597124100E-19
0,7,20,1.96399100000000E+07,-1.82502288818359E+02,-2.49970280000000E+07,5.56747573390859E-12,3.45982144000000E+08,2.49970280000000E+07,2.78373786695429E-12,5.11365937337650E-28,-2.58676582902073E-17,-2.78373786695429E-12,-5.11365937337650E-28,2.58676582902073E-17,4.48078811168671E-02,-8.21249841465033E-07,-1.79104597124100E-19
0,7,21,1.96378240000000E+07,-1.20742141723633E+02,-2.49977080000000E+07,5.38115732529043E-12,3.46345504000000E+08,2.49977080000000E+07,2.69057866264522E-12,4.94252316444820E-28,-1.65428826777603E-17,-2.69057866264522E-12,-4.94252316444820E-28,1.65428826777603E-17,4.45250384509563E-02,-8.13456495052378E-07,-1.79104597124100E-19
0,7,22,1.96358120000000E+07,-5.95991172790527E+01,-2.49981680000000E+07,5.21466550496008E-12,3.46702496000000E+08,2.49981680000000E+07,2.60733275248004E-12,4.78959758610905E-28,-7.91384288826734E-18,-2.60733275248004E-12,-4.78959758610905E-28,7.91384288826734E-18,4.42425049841404E-02,-8.29579278160963E-07,-1.79104597124100E-19
0,7,23,1.96337800000000E+07,1.93480987548828E+01,-2.49984100000000E+07,5.06013720508180E-12,3.47066624000000E+08,2.49984100000000E+07,2.53006860254090E-12,4.64765895662014E-28,2.49325471513283E-18,-2.53006860254090E-12,-4.64765895662014E-28,-2.49325471513283E-18,4.39498461782932E-02,-8.63530317474215E-07,-1.79104597124100E-19
0,7,24,1.96316380000000E+07,1.37168228149414E+02,-2.49984240000000E+07,4.91134823782380E-12,3.47450496000000E+08,2.49984240000000E+07,2.45567411891190E-12,4.51098967145907E-28,1.71580403557037E-17,-2.45567411891190E-12,-4.51098967145907E-28,-1.71580403557037E-17,4.36369664967060E-02,-9.09232198864629E-07,-1.79104597124100E-19
0,7,25,1.96292880000000E+07,3.20415863037109E+02,-2.49981820000000E+07,4.76317423003803E-12,3.47866624000000E+08,2.49981820000000E+07,2.38158711501901E-12,4.37488083191182E-28,3.88754969390773E-17,-2.38158711501901E-12,-4.37488083191182E-28,-3.88754969390773E-17,4.32935990393162E-02,-9.59540443545848E-07,-1.79104597124100E-19
0,7,26,1.96266160000000E+07,6.04686828613281E+02,-2.49976340000000E+07,4.61124801537371E-12,3.48327872000000E+08,2.49976340000000E+07,2.30562400768686E-12,4.23531928145678E-28,7.10351938941753E-17,-2.30562400768686E-12,-4.23531928145678E-28,-7.10351938941753E-17,4.29089590907097E-02,-1.00506395028788E-06,-1.79104597124100E-19
0,7,27,1.96234860000000E+07,1.03927343750000E+03,-2.49966940000000E+07,4.45177618726977E-12,3.48847488000000E+08,2.49966940000000E+07,2.22588809363489E-12,4.08881764244713E-28,1.17884579589366E-16,-2.22588809363489E-12,-4.08881764244713E-28,-1.17884579589366E-16,4.24716286361217E-02,-1.03284912711388E-06,-1.79104597124100E-19
0,7,28,1.96197140000000E+07,1.69330664062500E+03,-2.49952220000000E+07,4.28149616454876E-12,3.49439136000000E+08,2.49952220000000E+07,2.14074808227438E-12,3.93237724195947E-28,1.84760226290147E-16,-2.14074808227438E-12,-3.93237724195947E-28,-1.84760226290147E-16,4.19698394834995E-02,-1.02499927834288E-06,-1.79104597124100E-19
0,7,29,1.96150500000000E+07,2.66340771484375E+03,-2.49929980000000E+07,4.09778894844282E-12,3.50116032000000E+08,2.49929980000000E+07,2.04889447422141E-12,3.76358753792716E-28,2.78206833325152E-16,-2.04889447422141E-12,-3.76358753792716E-28,-2.78206833325152E-16,4.13922481238842E-02,-9.57538532020408E-07,-1.79104597124100E-19
0,7,30,1.96091460000000E+07,4.08129589843750E+03,-2.49896740000000E+07,3.89894583632810E-12,3.50889504000000E+08,2.49896740000000E+07,1.94947291816405E-12,3.58087528632687E-28,4.05748210553038E-16,-1.94947291816405E-12,-3.58087528632687E-28,-4.05748210553038E-16,4.07294146716595E-02,-8.00375573817291E-07,-1.79104597124100E-19
0,7,31,1.96015180000000E+07,6.11537060546875E+03,-2.49847360000000E+07,3.68448370771657E-12,3.51767488000000E+08,2.49847360000000E+07,1.84224185385828E-12,3.38379126399908E-28,5.74750977046294E-16,-1.84224185385828E-12,-3.38379126399908E-28,-5.74750977046294E-16,3.99754419922829E-02,-5.20330445397121E-07,-1.79104597124100E-19
0,7,32,1.95916340000000E+07,8.95163183593750E+03,-2.49776040000000E+07,3.45510664349902E-12,3.52755712000000E+08,2.49776040000000E+07,1.72755321332929E-12,3.17298041673391E-28,7.89337933326784E-16,-1.72755321332929E-12,-3.17298041673391E-28,-7.89337933326784E-16,3.91273535788059E-02,-9.12065019065267E-08,-1.79104597124100E-19
0,7,33,1.95791860000000E+07,1.27242158203125E+04,-2.49679820000000E+07,3.21139946232729E-12,3.53869696000000E+08,2.49679820000000E+07,1.60569929748278E-12,2.94898296788076E-28,1.04351960354535E-15,-1.60569929748278E-12,-2.94898296788076E-28,-1.04351960354535E-15,3.81730757653713E-02,4.82004338664410E-07,-1.79104597124100E-19
0,7,34,1.95645720000000E+07,1.73848281250000E+04,-2.49565780000000E+07,2.95108056914961E-12,3.55158720000000E+08,2.49565780000000E+07,1.47553963405350E-12,2.70971963532343E-28,1.31114569834010E-15,-1.47553963405350E-12,-2.70971963532343E-28,-1.31114569834010E-15,3.70685495436192E-02,1.12784675820876E-06,-1.79104597124100E-19
0,7,35,1.95490880000000E+07,2.25947402343750E+04,-2.49454560000000E+07,2.66622054295729E-12,3.56735680000000E+08,2.49454560000000E+07,1.33310940411691E-12,2.44793881133881E-28,1.54080121193357E-15,-1.33310940411691E-12,-2.44793881133881E-28,-1.54080121193357E-15,3.57080809772015E-02,1.70433156654326E-06,-1.79104597124100E-19
0,7,36,1.95342920000000E+07,2.78343554687500E+04,-2.49373680000000E+07,2.34603330685756E-12,3.58769984000000E+08,2.49373680000000E+07,1.17301546080639E-12,2.15377106792689E-28,1.67142629201527E-15,-1.17301546080639E-12,-2.15377106792689E-28,-1.67142629201527E-15,3.39339450001717E-02,2.09510903914634E-06,-1.79104597124100E-19
0,7,37,1.95207240000000E+07,3.26888203125000E+04,-2.49341080000000E+07,1.98605628470849E-12,3.61441088000000E+08,2.49341080000000E+07,9.93026732891422E-13,1.82314234103156E-28,1.66289296446727E-15,-9.93026732891422E-13,-1.82314234103156E-28,-1.66289296446727E-15,3.15810218453407E-02,2.32616275752662E-06,-1.79104597124100E-19
0,7,38,1.95073180000000E+07,3.69231445312500E+04,-2.49355440000000E+07,1.59811053279668E-12,3.64885152000000E+08,2.49355440000000E+07,7.99053856935517E-13,1.46691198664425E-28,1.51243651374974E-15,-7.99053856935517E-13,-1.46691198664425E-28,-1.51243651374974E-15,2.85315290093422E-02,2.52604422712466E-06,-1.79104597124100E-19
0,7,39,1.94919540000000E+07,3.99362890625000E+04,-2.49402300000000E+07,1.20812756500277E-12,3.69210688000000E+08,2.49402300000000E+07,6.04062535668887E-13,1.10888702666063E-28,1.23763964978178E-15,-6.04062535668887E-13,-1.10888702666063E-28,-1.23763964978178E-15,2.46760807931423E-02,2.63557376456447E-06,-1.79104597124100E-19
0,7,40,1.94739780000000E+07,4.04027812500000E+04,-2.49465920000000E+07,8.56491310166629E-13,3.74825280000000E+08,2.49465920000000E+07,4.28244733511468E-13,7.86128793038966E-29,8.88481975132597E-16,-4.28244733511468E-13,-7.86128793038966E-29,-8.88481975132597E-16,1.96671765297651E-02,2.32076695283467E-06,-1.79104597124100E-19
0,7,41,1.94669800000000E+07,7.94069609375000E+04,-2.49072300000000E+07,9.30766206296008E-13,3.82581376000000E+08,2.49072300000000E+07,4.65379254230291E-13,8.53725383153623E-29,1.89830946677237E-15,-4.65379254230291E-13,-8.53725383153623E-29,-1.89830946677237E-15,1.21627617627382E-02,3.87245472666109E-06,-1.79104597124100E-19
0,8,1,1.24509620000000E+07,-7.05857734375000E+04,-2.44571960000000E+07,4.59483256998183E-10,1.91367152000000E+08,2.44571960000000E+07,2.29737937007535E-10,4.22819245473477E-26,-1.30240772593798E-12,-2.29737937007535E-10,-4.22819245473477E-26,1.30240772593798E-12,1.87634870409966E-01,-3.69753892300650E-04,-1.79104597124100E-19
0,8,2,1.25849420000000E+07,-4.01012382812500E+04,-2.47760880000000E+07,4.41753578162007E-10,1.94489168000000E+08,2.47760880000000E+07,2.20875664980191E-10,4.06172986148391E-26,-7.03808376596032E-13,-2.20875664980191E-10,-4.06172986148391E-26,7.03808376596032E-13,1.83656632900238E-01,-2.19649620703422E-04,-1.79104597124100E-19
0,8,3,1.25367110000000E+07,-3.16126660156250E+04,-2.48867380000000E+07,3.79574344178124E-10,2.07228368000000E+08,2.48867380000000E+07,1.89786561466398E-10,3.48925288626744E-26,-4.78567218405862E-13,-1.89786561466398E-10,-3.48925288626744E-26,4.78567218405862E-13,1.67946666479111E-01,-1.64090626640245E-04,-1.79104597124100E-19
0,8,4,1.59881210000000E+07,-3.22850332031250E+04,-2.49224080000000E+07,2.66654087699436E-10,2.35064384000000E+08,2.49224080000000E+07,1.33326766293962E-10,2.45082150476097E-26,-2.69228595580623E-13,-1.33326766293962E-10,-2.45082150476097E-26,2.69228595580623E-13,1.36930897831917E-01,-1.05803635960910E-04,-1.79104597124100E-19
0,8,5,1.97479380000000E+07,-2.95095839843750E+04,-2.49362140000000E+07,1.47442585918256E-10,2.74769120000000E+08,2.49362140000000E+07,7.37212096924011E-11,1.35491128332466E-26,-1.10162503034680E-13,-7.37212096924011E-11,-1.35491128332466E-26,1.10162503034680E-13,9.84610468149185E-02,-5.24721908732317E-05,-1.79104597124100E-19
0,8,6,1.97625520000000E+07,-2.23821347656250E+04,-2.49427100000000E+07,8.22069912143064E-11,3.00993792000000E+08,2.49427100000000E+07,4.11034713210245E-11,7.55343561212852E-27,-4.65518533551874E-14,-4.11034713210245E-11,-7.55343561212852E-27,4.65518533551874E-14,7.71401822566986E-02,-2.87362017843407E-05,-1.79104597124100E-19
0,8,7,1.97483040000000E+07,-1.61249609375000E+04,-2.49480600000000E+07,4.51362072717565E-11,3.18212768000000E+08,2.49480600000000E+07,2.25680966969843E-11,4.14682029680325E-27,-1.84273881147657E-14,-2.25680966969843E-11,-4.14682029680325E-27,1.84273881147657E-14,6.44188672304153E-02,-1.64254270202946E-05,-1.79104597124100E-19
0,8,8,1.97200620000000E+07,-1.12861533203125E+04,-2.49539300000000E+07,2.52166135195075E-11,3.29193152000000E+08,2.49539300000000E+07,1.26083050250303E-11,2.31654975200978E-27,-7.21596346315179E-15,-1.26083050250303E-11,-2.31654975200978E-27,7.21596346315179E-15,5.66579401493073E-02,-9.92412242339924E-06,-1.79104597124100E-19
0,8,9,1.96900820000000E+07,-7.93014404296875E+03,-2.49602860000000E+07,1.52418390408915E-11,3.36018432000000E+08,2.49602860000000E+07,7.62091865308401E-12,1.40012805470669E-27,-3.06931091701129E-15,-7.62091865308401E-12,-1.40012805470669E-27,3.06931091701129E-15,5.18912225961685E-02,-6.38022402199567E-06,-1.79104597124100E-19
0,8,10,1.96648120000000E+07,-5.65291162109375E+03,-2.49666360000000E+07,1.02375009511380E-11,3.40323360000000E+08,2.49666360000000E+07,5.11875004188811E-12,9.40389221385511E-28,-1.47145271871772E-15,-5.11875004188811E-12,-9.40389221385511E-28,1.47145271871772E-15,4.88734208047390E-02,-4.32193519372959E-06,-1.79104597124100E-19
0,8,11,1.96453840000000E+07,-4.04524658203125E+03,-2.49725420000000E+07,7.56560959713770E-12,3.43144672000000E+08,2.49725420000000E+07,3.78280479856885E-12,6.94937683323870E-28,-7.78929963047838E-16,-3.78280479856885E-12,-6.94937683323870E-28,7.78929963047838E-16,4.68781627714634E-02,-3.04257582683931E-06,-1.79104597124100E-19
0,8,12,1.96308420000000E+07,-2.87623535156250E+03,-2.49777500000000E+07,6.02215109377080E-12,3.45074624000000E+08,2.49777500000000E+07,3.01107554688540E-12,5.53152646748026E-28,-4.41171234286331E-16,-3.01107554688540E-12,-5.53152646748026E-28,4.41171234286331E-16,4.55002114176750E-02,-2.20571882891818E-06,-1.79104597124100E-19
0,8,13,1.96199580000000E+07,-2.02209863281250E+03,-2.49821720000000E+07,5.06491940402420E-12,3.46447392000000E+08,2.49821720000000E+07,2.53245970201210E-12,4.65221281797364E-28,-2.61003805924654E-16,-2.53245970201210E-12,-4.65221281797364E-28,2.61003805924654E-16,4.45109494030476E-02,-1.64024265814078E-06,-1.79104597124100E-19
0,8,14,1.96117320000000E+07,-1.40380383300781E+03,-2.49858380000000E+07,4.43563024851712E-12,3.47458176000000E+08,2.49858380000000E+07,2.21781512425856E-12,4.07415746371045E-28,-1.58750769390613E-16,-2.21781512425856E-12,-4.07415746371045E-28,1.58750769390613E-16,4.37758341431618E-02,-1.25120300253911E-06,-1.79104597124100E-19
0,8,15,1.96054240000000E+07,-9.63111633300781E+02,-2.49888320000000E+07,4.00177547349445E-12,3.48226592000000E+08,2.49888320000000E+07,2.00088773674723E-12,3.67563128033196E-28,-9.82931178009576E-17,-2.00088773674723E-12,-3.67563128033196E-28,9.82931178009576E-17,4.32116128504276E-02,-9.81785547082836E-07,-1.79104597124100E-19
0,8,16,1.96005000000000E+07,-6.54614074707031E+02,-2.49912500000000E+07,3.69036875710882E-12,3.48829472000000E+08,2.49912500000000E+07,1.84518437855441E-12,3.38958638720174E-28,-6.16251409236578E-17,-1.84518437855441E-12,-3.38958638720174E-28,6.16251409236578E-17,4.27642166614532E-02,-7.96005053871340E-07,-1.79104597124100E-19
0,8,17,1.95965740000000E+07,-4.42551483154297E+02,-2.49931920000000E+07,3.45864786463479E-12,3.49318464000000E+08,2.49931920000000E+07,1.72932393231739E-12,3.17674031346784E-28,-3.90534995894538E-17,-1.72932393231739E-12,-3.17674031346784E-28,3.90534995894538E-17,4.23969887197018E-02,-6.70141162117943E-07,-1.79104597124100E-19
0,8,18,1.95933620000000E+07,-2.98827148437500E+02,-2.49947380000000E+07,3.28021659314059E-12,3.49729536000000E+08,2.49947380000000E+07,1.64010829657030E-12,3.01284536038919E-28,-2.50140277503873E-17,-1.64010829657030E-12,-3.01284536038919E-28,2.50140277503873E-17,4.20840494334698E-02,-5.88118268751714E-07,-1.79104597124100E-19
0,8,19,1.95906480000000E+07,-2.01288528442383E+02,-2.49959580000000E+07,3.13803995809214E-12,3.50088768000000E+08,2.49959580000000E+07,1.56901997904607E-12,2.88225286568515E-28,-1.61212505215685E-17,-1.56901997904607E-12,-2.88225286568515E-28,1.61212505215685E-17,4.18064035475254E-02,-5.38807796601759E-07,-1.79104597124100E-19
0,8,20,1.95882660000000E+07,-1.32091110229492E+02,-2.49968980000000E+07,3.02068721598492E-12,3.50415872000000E+08,2.49968980000000E+07,1.51034360799246E-12,2.77446241855768E-28,-1.01848192835562E-17,-1.51034360799246E-12,-2.77446241855768E-28,1.01848192835562E-17,4.15494665503502E-02,-5.14331986778416E-07,-1.79104597124100E-19
0,8,21,1.95860900000000E+07,-7.61210098266602E+01,-2.49975940000000E+07,2.92020639440504E-12,3.50726432000000E+08,2.49975940000000E+07,1.46010319720252E-12,2.68216944821022E-28,-5.67466662444752E-18,-1.46010319720252E-12,-2.68216944821022E-28,5.67466662444752E-18,4.13014888763428E-02,-5.08915036334656E-07,-1.79104597124100E-19
0,8,22,1.95840080000000E+07,-1.94432353973389E+01,-2.49980680000000E+07,2.83086943643485E-12,3.51033440000000E+08,2.49980680000000E+07,1.41543471821742E-12,2.60011231403468E-28,-1.40526033312908E-18,-1.41543471821742E-12,-2.60011231403468E-28,1.40526033312908E-18,4.10524196922779E-02,-5.18034255492239E-07,-1.79104597124100E-19
0,8,23,1.95819280000000E+07,5.22994880676270E+01,-2.49983280000000E+07,2.74840306763169E-12,3.51348352000000E+08,2.49983280000000E+07,1.37420153381584E-12,2.52436500783945E-28,3.67022271177432E-18,-1.37420153381584E-12,-2.52436500783945E-28,-3.67022271177432E-18,4.07931096851826E-02,-5.37723281013314E-07,-1.79104597124100E-19
0,8,24,1.95797580000000E+07,1.55658660888672E+02,-2.49983680000000E+07,2.66950524185905E-12,3.51681952000000E+08,2.49983680000000E+07,1.33475262092952E-12,2.45189443070334E-28,1.06112548775650E-17,-1.33475262092952E-12,-2.45189443070334E-28,-1.06112548775650E-17,4.05147299170494E-02,-5.63930711905414E-07,-1.79104597124100E-19
0,8,25,1.95774100000000E+07,3.11490509033203E+02,-2.49981620000000E+07,2.59153722786953E-12,3.52044864000000E+08,2.49981620000000E+07,1.29576861393477E-12,2.38027559608514E-28,2.06165999564349E-17,-1.29576861393477E-12,-2.38027559608514E-28,-2.06165999564349E-17,4.02083098888397E-02,-5.91866751165071E-07,-1.79104597124100E-19
0,8,26,1.95747840000000E+07,5.47618347167969E+02,-2.49976700000000E+07,2.51233062131817E-12,3.52447872000000E+08,2.49976700000000E+07,1.25616531065909E-12,2.30751685168111E-28,3.51421065798253E-17,-1.25616531065909E-12,-2.30751685168111E-28,-3.51421065798253E-17,3.98644693195820E-02,-6.15293743067014E-07,-1.79104597124100E-19
0,8,27,1.95717620000000E+07,9.02279357910156E+02,-2.49968160000000E+07,2.43007892454516E-12,3.52902208000000E+08,2.49968160000000E+07,1.21503946227258E-12,2.23195684217296E-28,5.60146262916168E-17,-1.21503946227258E-12,-2.23195684217296E-28,-5.60146262916168E-17,3.94733399152756E-02,-6.25748668880988E-07,-1.79104597124100E-19
0,8,28,1.95681940000000E+07,1.42847717285156E+03,-2.49954860000000E+07,2.34329396164856E-12,3.53419264000000E+08,2.49954860000000E+07,1.17164698082428E-12,2.15222839804144E-28,8.55301775529625E-17,-1.17164698082428E-12,-2.15222839804144E-28,-8.55301775529625E-17,3.90247590839863E-02,-6.11754444435064E-07,-1.79104597124100E-19
0,8,29,1.95638760000000E+07,2.19882153320312E+03,-2.49934960000000E+07,2.25082777936814E-12,3.54010016000000E+08,2.49934960000000E+07,1.12541388968407E-12,2.06727418374706E-28,1.26487416778595E-16,-1.12541388968407E-12,-2.06727418374706E-28,-1.26487416778595E-16,3.85089479386806E-02,-5.58245972115401E-07,-1.79104597124100E-19
0,8,30,1.95585320000000E+07,3.30886865234375E+03,-2.49905600000000E+07,2.15194355390746E-12,3.54683904000000E+08,2.49905600000000E+07,1.07597177695373E-12,1.97641663306127E-28,1.82030503798942E-16,-1.07597177695373E-12,-1.97641663306127E-28,-1.82030503798942E-16,3.79177257418633E-02,-4.46826902589237E-07,-1.79104597124100E-19
0,8,31,1.95517740000000E+07,4.87365527343750E+03,-2.49862600000000E+07,2.04639148508601E-12,3.55447744000000E+08,2.49862600000000E+07,1.02319574254300E-12,1.87942379179639E-28,2.55051176008706E-16,-1.02319574254300E-12,-1.87942379179639E-28,-2.55051176008706E-16,3.72458510100842E-02,-2.58190681279302E-07,-1.79104597124100E-19
0,8,32,1.95431840000000E+07,7.00747021484375E+03,-2.49801240000000E+07,1.93435111678353E-12,3.56306464000000E+08,2.49801240000000E+07,9.67175558391764E-13,1.77646032696267E-28,3.46793738042293E-16,-9.67175558391764E-13,-1.77646032696267E-28,-3.46793738042293E-16,3.64906266331673E-02,2.12837303337210E-08,-1.79104597124100E-19
0,8,33,1.95325200000000E+07,9.77325781250000E+03,-2.49719260000000E+07,1.81590061997666E-12,3.57273280000000E+08,2.49719260000000E+07,9.07950201568114E-13,1.66759930352736E-28,4.54300403787450E-16,-9.07950201568114E-13,-1.66759930352736E-28,-4.54300403787450E-16,3.56416180729866E-02,3.86478831160275E-07,-1.79104597124100E-19
0,8,34,1.95201540000000E+07,1.31047597656250E+04,-2.49622540000000E+07,1.69004578127324E-12,3.58389376000000E+08,2.49622540000000E+07,8.45022728006295E-13,1.55193421033979E-28,5.67301904610344E-16,-8.45022728006295E-13,-1.55193421033979E-28,-5.67301904610344E-16,3.46614420413971E-02,7.98160783688218E-07,-1.79104597124100E-19
0,8,35,1.95072280000000E+07,1.67476816406250E+04,-2.49527960000000E+07,1.55362658502134E-12,3.59748800000000E+08,2.49527960000000E+07,7.76813021460127E-13,1.42657398581216E-28,6.66922825965461E-16,-7.76813021460127E-13,-1.42657398581216E-28,-6.66922825965461E-16,3.34599986672401E-02,1.18152706818364E-06,-1.79104597124100E-19
0,8,36,1.94951740000000E+07,2.03060332031250E+04,-2.49457940000000E+07,1.40203473830702E-12,3.61494048000000E+08,2.49457940000000E+07,7.01016989682751E-13,1.28730024151318E-28,7.30174217208288E-16,-7.01016989682751E-13,-1.28730024151318E-28,-7.30174217208288E-16,3.19014675915241E-02,1.46167508319195E-06,-1.79104597124100E-19
0,8,37,1.94846420000000E+07,2.33901679687500E+04,-2.49427540000000E+07,1.23166884677395E-12,3.63783264000000E+08,2.49427540000000E+07,6.15833935495996E-13,1.13081590574866E-28,7.39272515732102E-16,-6.15833935495996E-13,-1.13081590574866E-28,-7.39272515732102E-16,2.98373810946941E-02,1.61550985922077E-06,-1.79104597124100E-19
0,8,38,1.94748940000000E+07,2.56885195312500E+04,-2.49436380000000E+07,1.04305778424185E-12,3.66756896000000E+08,2.49436380000000E+07,5.21528458440057E-13,9.57610947133532E-29,6.87926384321171E-16,-5.21528458440057E-13,-9.57610947133532E-29,-6.87926384321171E-16,2.71457340568304E-02,1.65833114351699E-06,-1.79104597124100E-19
0,8,39,1.94639820000000E+07,2.68979648437500E+04,-2.49473420000000E+07,8.39995933053783E-13,3.70568896000000E+08,2.49473420000000E+07,4.19997559951077E-13,7.71167567377859E-29,5.80409421831749E-16,-4.19997559951077E-13,-7.71167567377859E-29,-5.80409421831749E-16,2.36802250146866E-02,1.57238753217825E-06,-1.79104597124100E-19
0,8,40,1.94507920000000E+07,2.64230878906250E+04,-2.49526080000000E+07,6.36618795873956E-13,3.75697568000000E+08,2.49526080000000E+07,3.18309099781380E-13,5.84459552810764E-29,4.32409604889271E-16,-3.18309099781380E-13,-5.84459552810764E-29,-4.32409604889271E-16,1.90384238958359E-02,1.28578460589779E-06,-1.79104597124100E-19
0,8,41,1.94460580000000E+07,4.99163593750000E+04,-2.49171560000000E+07,6.89706321568839E-13,3.83181824000000E+08,2.49171560000000E+07,3.44852022372139E-13,6.32940866930202E-29,8.85205545813499E-16,-3.44852022372139E-13,-6.32940866930202E-29,-8.85205545813499E-16,1.17603465914726E-02,1.87465082035487E-06,-1.79104597124100E-19
0,9,1,1.24390290000000E+07,-4.56922773437500E+04,-2.44589300000000E+07,4.51477494278762E-10,1.92503488000000E+08,2.44589300000000E+07,2.25737234460510E-10,4.15180298571818E-26,-8.29200477812236E-13,-2.25737234460510E-10,-4.15180298571818E-26,8.29200477812236E-13,1.86324968934059E-01,-2.37849759287201E-04,-1.79104597124100E-19
0,9,2,1.25702780000000E+07,-2.62185703125000E+04,-2.47745940000000E+07,4.33624469664551E-10,1.95676672000000E+08,2.47745940000000E+07,2.16811776865278E-10,3.98553668324725E-26,-4.52217121171480E-13,-2.16811776865278E-10,-3.98553668324725E-26,4.52217121171480E-13,1.82315304875374E-01,-1.42195785883814E-04,-1.79104597124100E-19
0,9,3,1.25177490000000E+07,-1.98663085937500E+04,-2.48839860000000E+07,3.71010278055195E-10,2.08668640000000E+08,2.48839860000000E+07,1.85504903105205E-10,3.40947254795356E-26,-2.94405802904810E-13,-1.85504903105205E-10,-3.40947254795356E-26,2.94405802904810E-13,1.66420295834541E-01,-1.01870442449581E-04,-1.79104597124100E-19
0,9,4,1.59730000000000E+07,-1.94109257812500E+04,-2.49194540000000E+07,2.57112026114115E-10,2.37207808000000E+08,2.49194540000000E+07,1.28555915912543E-10,2.36249034564281E-26,-1.56225455748976E-13,-1.28555915912543E-10,-2.36249034564281E-26,1.56225455748976E-13,1.34924128651619E-01,-6.25062748440541E-05,-1.79104597124100E-19
0,9,5,1.97474940000000E+07,-1.71907851562500E+04,-2.49334420000000E+07,1.36939556916182E-10,2.78155168000000E+08,2.49334420000000E+07,6.84697507025156E-11,1.25813391991678E-26,-5.96049698855551E-14,-6.84697507025156E-11,-1.25813391991678E-26,5.96049698855551E-14,9.57533568143845E-02,-2.96077523671556E-05,-1.79104597124100E-19
0,9,6,1.97577240000000E+07,-1.26929521484375E+04,-2.49402760000000E+07,7.24404633500875E-11,3.04945088000000E+08,2.49402760000000E+07,3.62202247361498E-11,6.65497234488836E-27,-2.32689539023719E-14,-3.62202247361498E-11,-6.65497234488836E-27,2.32689539023719E-14,7.42623507976532E-02,-1.57220420078374E-05,-1.79104597124100E-19
0,9,7,1.97367500000000E+07,-9.11376855468750E+03,-2.49460100000000E+07,3.72524407155073E-11,3.22169632000000E+08,2.49460100000000E+07,1.86262186230302E-11,3.42210749579792E-27,-8.60096312883330E-15,-1.86262186230302E-11,-3.42210749579792E-27,8.60096312883330E-15,6.16572462022305E-02,-8.94169988896465E-06,-1.79104597124100E-19
0,9,8,1.97017080000000E+07,-6.50691113281250E+03,-2.49522660000000E+07,1.95779035344623E-11,3.32830784000000E+08,2.49522660000000E+07,9.78895089986942E-12,1.79839910051579E-27,-3.23301062198002E-15,-9.78895089986942E-12,-1.79839910051579E-27,3.23301062198002E-15,5.41393794119358E-02,-5.46880028196028E-06,-1.79104597124100E-19
0,9,9,1.96670100000000E+07,-4.76208886718750E+03,-2.49589800000000E+07,1.13666792991851E-11,3.39280256000000E+08,2.49589800000000E+07,5.68333921591169E-12,1.04409679332737E-27,-1.37614033632793E-15,-5.68333921591169E-12,-1.04409679332737E-27,1.37614033632793E-15,4.96116355061531E-02,-3.59485329681775E-06,-1.79104597124100E-19
0,9,10,1.96391360000000E+07,-3.53531738281250E+03,-2.49656420000000E+07,7.47623404157016E-12,3.43278464000000E+08,2.49656420000000E+07,3.73811702078508E-12,6.86722147663600E-28,-6.72913042968444E-16,-3.73811702078508E-12,-6.86722147663600E-28,6.72913042968444E-16,4.67793606221676E-02,-2.48816832026932E-06,-1.79104597124100E-19
0,9,11,1.96183640000000E+07,-2.61041748046875E+03,-2.49718040000000E+07,5.46982858312672E-12,3.45875264000000E+08,2.49718040000000E+07,2.73491407472293E-12,5.02417874223033E-28,-3.63907376997076E-16,-2.73491407472293E-12,-5.02417874223033E-28,3.63907376997076E-16,4.49181795120239E-02,-1.78213679191686E-06,-1.79104597124100E-19
0,9,12,1.96031220000000E+07,-1.89993884277344E+03,-2.49772100000000E+07,4.33346457676120E-12,3.47643456000000E+08,2.49772100000000E+07,2.16673228838060E-12,3.98035119390918E-28,-2.10000166991990E-16,-2.16673228838060E-12,-3.98035119390918E-28,2.10000166991990E-16,4.36368659138680E-02,-1.30881517179660E-06,-1.79104597124100E-19
0,9,13,1.95918660000000E+07,-1.36052966308594E+03,-2.49817800000000E+07,3.63702275761602E-12,3.48897824000000E+08,2.49817800000000E+07,1.81851137880801E-12,3.34062852579169E-28,-1.26283970052576E-16,-1.81851137880801E-12,-3.34062852579169E-28,1.26283970052576E-16,4.27187904715538E-02,-9.82512233349553E-07,-1.79104597124100E-19
0,9,14,1.95834400000000E+07,-9.59344360351562E+02,-2.49855520000000E+07,3.18278845119757E-12,3.49819808000000E+08,2.49855520000000E+07,1.59139422559879E-12,2.92339145152099E-28,-7.79584772455624E-17,-1.59139422559879E-12,-2.92339145152099E-28,7.79584772455624E-17,4.20376136898994E-02,-7.54511916056799E-07,-1.79104597124100E-19
0,9,15,1.95770280000000E+07,-6.67411376953125E+02,-2.49886180000000E+07,2.87146738678357E-12,3.50519744000000E+08,2.49886180000000E+07,1.43573369339178E-12,2.63743009560210E-28,-4.89463944271308E-17,-1.43573369339178E-12,-2.63743009560210E-28,4.89463944271308E-17,4.15154509246349E-02,-5.94734274272923E-07,-1.79104597124100E-19
0,9,16,1.95720580000000E+07,-4.59379119873047E+02,-2.49910880000000E+07,2.64908711286593E-12,3.51068448000000E+08,2.49910880000000E+07,1.32454355643297E-12,2.43316620644163E-28,-3.10885873973480E-17,-1.32454355643297E-12,-2.43316620644163E-28,3.10885873973480E-17,4.11017946898937E-02,-4.83540304685448E-07,-1.79104597124100E-19
0,9,17,1.95681200000000E+07,-3.13851806640625E+02,-2.49930640000000E+07,2.48430247727638E-12,3.51513344000000E+08,2.49930640000000E+07,1.24215123863819E-12,2.28180713137100E-28,-1.99227840196826E-17,-1.24215123863819E-12,-2.28180713137100E-28,1.99227840196826E-17,4.07623946666718E-02,-4.07641181254803E-07,-1.79104597124100E-19
0,9,18,1.95649120000000E+07,-2.13266342163086E+02,-2.49946340000000E+07,2.35788819025196E-12,3.51887520000000E+08,2.49946340000000E+07,1.17894409512598E-12,2.16569305576513E-28,-1.28510209211616E-17,-1.17894409512598E-12,-2.16569305576513E-28,1.28510209211616E-17,4.04730886220932E-02,-3.57832703912209E-07,-1.79104597124100E-19
0,9,19,1.95622180000000E+07,-1.43346618652344E+02,-2.49958680000000E+07,2.25750429634630E-12,3.52214944000000E+08,2.49958680000000E+07,1.12875214817315E-12,2.07348915967760E-28,-8.27118987597392E-18,-1.12875214817315E-12,-2.07348915967760E-28,8.27118987597392E-18,4.02161292731762E-02,-3.27623268958632E-07,-1.79104597124100E-19
0,9,20,1.95598660000000E+07,-9.23194351196289E+01,-2.49968220000000E+07,2.17491411165505E-12,3.52513728000000E+08,2.49968220000000E+07,1.08745705582752E-12,1.99762942732186E-28,-5.13262344084765E-18,-1.08745705582752E-12,-1.99762942732186E-28,5.13262344084765E-18,3.99779081344604E-02,-3.12336965180293E-07,-1.79104597124100E-19
0,9,21,1.95577260000000E+07,-5.00209617614746E+01,-2.49975300000000E+07,2.10442253900656E-12,3.52798144000000E+08,2.49975300000000E+07,1.05221126950328E-12,1.93288231074523E-28,-2.69114196025451E-18,-1.05221126950328E-12,-1.93288231074523E-28,2.69114196025451E-18,3.97474691271782E-02,-3.08481929778281E-07,-1.79104597124100E-19
0,9,22,1.95556900000000E+07,-6.94300508499146E+00,-2.49980160000000E+07,2.04195861608358E-12,3.53080096000000E+08,2.49980160000000E+07,1.02097930804179E-12,1.87550873733131E-28,-3.62486028207828E-19,-1.02097930804179E-12,-1.87550873733131E-28,3.62486028207828E-19,3.95154394209385E-02,-3.13267520368754E-07,-1.79104597124100E-19
0,9,23,1.95536660000000E+07,4.67951354980469E+01,-2.49982900000000E+07,1.98451671762356E-12,3.53370080000000E+08,2.49982900000000E+07,9.92258358811782E-13,1.82274764576358E-28,2.37463742888304E-18,-9.92258358811782E-13,-1.82274764576358E-28,-2.37463742888304E-18,3.92733253538609E-02,-3.24197884538080E-07,-1.79104597124100E-19
0,9,24,1.95515700000000E+07,1.22610565185547E+02,-2.49983480000000E+07,1.92980765915951E-12,3.53677952000000E+08,2.49983480000000E+07,9.64903829579755E-13,1.77249580017214E-28,6.05104331573619E-18,-9.64903829579755E-13,-1.77249580017214E-28,-6.05104331573619E-18,3.90129312872887E-02,-3.38692501600235E-07,-1.79104597124100E-19
0,9,25,1.95493200000000E+07,2.34853591918945E+02,-2.49981720000000E+07,1.87603643557466E-12,3.54013376000000E+08,2.49981720000000E+07,9.38018217787329E-13,1.72310472489523E-28,1.12687782649416E-17,-9.38018217787329E-13,-1.72310472489523E-28,-1.12687782649416E-17,3.87259609997272E-02,-3.53699590505130E-07,-1.79104597124100E-19
0,9,26,1.95468280000000E+07,4.02556549072266E+02,-2.49977240000000E+07,1.82176561162872E-12,3.54386144000000E+08,2.49977240000000E+07,9.10882805814361E-13,1.67325299124973E-28,1.87591476929736E-17,-9.10882805814361E-13,-1.67325299124973E-28,-1.87591476929736E-17,3.84037718176842E-02,-3.65280669711865E-07,-1.79104597124100E-19
0,9,27,1.95439920000000E+07,6.51631347656250E+02,-2.49969380000000E+07,1.76583238049172E-12,3.54806400000000E+08,2.49969380000000E+07,8.82916190245858E-13,1.62187267108151E-28,2.94379914983903E-17,-8.82916190245858E-13,-1.62187267108151E-28,-2.94379914983903E-17,3.80372814834118E-02,-3.68167263786745E-07,-1.79104597124100E-19
0,9,28,1.95406840000000E+07,1.01745330810547E+03,-2.49957140000000E+07,1.70731094192855E-12,3.55284416000000E+08,2.49957140000000E+07,8.53655470964276E-13,1.56811250335513E-28,4.44485270544798E-17,-8.53655470964276E-13,-1.56811250335513E-28,-4.44485270544798E-17,3.76171618700027E-02,-3.55341541080634E-07,-1.79104597124100E-19
0,9,29,1.95367380000000E+07,1.54728002929688E+03,-2.49938940000000E+07,1.64550578024558E-12,3.55830080000000E+08,2.49938940000000E+07,8.22752890122791E-13,1.51133259784657E-28,6.51607821769503E-17,-8.22752890122791E-13,-1.51133259784657E-28,-6.51607821769503E-17,3.71344313025475E-02,-3.17813459105309E-07,-1.79104597124100E-19
0,9,30,1.95319180000000E+07,2.30085449218750E+03,-2.49912300000000E+07,1.57996640944014E-12,3.56451968000000E+08,2.49912300000000E+07,7.89983204720068E-13,1.45111863887654E-28,9.30597975282408E-17,-7.89983204720068E-13,-1.45111863887654E-28,-9.30597975282408E-17,3.65815460681915E-02,-2.45000592258293E-07,-1.79104597124100E-19
0,9,31,1.95258940000000E+07,3.34571166992188E+03,-2.49873540000000E+07,1.51049463735509E-12,3.57156128000000E+08,2.49873540000000E+07,7.55247264467435E-13,1.38728754272972E-28,1.29409667211732E-16,-7.55247264467435E-13,-1.38728754272972E-28,-1.29409667211732E-16,3.59536744654179E-02,-1.26443680414923E-07,-1.79104597124100E-19
0,9,32,1.95182980000000E+07,4.74199218750000E+03,-2.49818540000000E+07,1.43708851242652E-12,3.57946976000000E+08,2.49818540000000E+07,7.18544256213260E-13,1.31983750384676E-28,1.74571134618727E-16,-7.18544256213260E-13,-1.31983750384676E-28,-1.74571134618727E-16,3.52484732866287E-02,4.42660486044133E-08,-1.79104597124100E-19
0,9,33,1.95089180000000E+07,6.51189160156250E+03,-2.49745200000000E+07,1.35963928917654E-12,3.58836224000000E+08,2.49745200000000E+07,6.79819590378161E-13,1.24866945720617E-28,2.26917347242569E-16,-6.79819590378161E-13,-1.24866945720617E-28,-2.26917347242569E-16,3.44567038118839E-02,2.62919826354846E-07,-1.79104597124100E-19
0,9,34,1.94981020000000E+07,8.59902636718750E+03,-2.49658740000000E+07,1.27744266987390E-12,3.59860896000000E+08,2.49658740000000E+07,6.38721280726839E-13,1.17313941998279E-28,2.81687979919690E-16,-6.38721280726839E-13,-1.17313941998279E-28,-2.81687979919690E-16,3.35445292294025E-02,5.07913114233816E-07,-1.79104597124100E-19
0,9,35,1.94869100000000E+07,1.08420693359375E+04,-2.49574080000000E+07,1.18855218635833E-12,3.61106784000000E+08,2.49574080000000E+07,5.94276038969055E-13,1.09146482364246E-28,3.30641534422203E-16,-5.94276038969055E-13,-1.09146482364246E-28,-3.30641534422203E-16,3.24289426207542E-02,7.40209145533299E-07,-1.79104597124100E-19
0,9,36,1.94766920000000E+07,1.29973593750000E+04,-2.49511080000000E+07,1.08997023646334E-12,3.62705824000000E+08,2.49511080000000E+07,5.44985009811455E-13,1.00089850967544E-28,3.63684210285254E-16,-5.44985009811455E-13,-1.00089850967544E-28,-3.63684210285254E-16,3.09829805046320E-02,9.17129455046961E-07,-1.79104597124100E-19
0,9,37,1.94681040000000E+07,1.48063486328125E+04,-2.49483080000000E+07,9.78400845584593E-13,3.64809984000000E+08,2.49483080000000E+07,4.89200314372079E-13,8.98418573628384E-29,3.72058348578725E-16,-4.89200314372079E-13,-8.98418573628384E-29,-3.72058348578725E-16,2.90629565715790E-02,1.01153648301988E-06,-1.79104597124100E-19
0,9,38,1.94604820000000E+07,1.60507265625000E+04,-2.49490000000000E+07,8.51643679623121E-13,3.67566144000000E+08,2.49490000000000E+07,4.25821677181235E-13,7.82006701104870E-29,3.51211623667155E-16,-4.25821677181235E-13,-7.82006701104870E-29,-3.51211623667155E-16,2.65407897531986E-02,1.01491434634227E-06,-1.79104597124100E-19
0,9,39,1.94519240000000E+07,1.65498847656250E+04,-2.49522280000000E+07,7.08284667895465E-13,3.71147776000000E+08,2.49522280000000E+07,3.54142198422461E-13,6.50364153283966E-29,3.01307592318704E-16,-3.54142198422461E-13,-6.50364153283966E-29,-3.01307592318704E-16,2.32534557580948E-02,9.20649654290173E-07,-1.79104597124100E-19
0,9,40,1.94409680000000E+07,1.60742373046875E+04,-2.49568800000000E+07,5.54012564990547E-13,3.76066784000000E+08,2.49568800000000E+07,2.77006174075056E-13,5.08711885503663E-29,2.29035035489823E-16,-2.77006174075056E-13,-5.08711885503663E-29,-2.29035035489823E-16,1.87724679708481E-02,7.13054021161952E-07,-1.79104597124100E-19
0,9,41,1.94377180000000E+07,3.00699316406250E+04,-2.49244040000000E+07,5.96426716608506E-13,3.83440000000000E+08,2.49244040000000E+07,2.98213005938547E-13,5.47525873896628E-29,4.61332153678200E-16,-2.98213005938547E-13,-5.47525873896628E-29,-4.61332153678200E-16,1.15864137187600E-02,9.91082856671710E-07,-1.79104597124100E-19
0,10,1,1.24323540000000E+07,-2.23615332031250E+04,-2.44600600000000E+07,4.47026776706494E-10,1.93141040000000E+08,2.44600600000000E+07,2.23513027530764E-10,4.10832935426951E-26,-4.02023141339580E-13,-2.23513027530764E-10,-4.10832935426951E-26,4.02023141339580E-13,1.85593739151955E-01,-1.16039380372968E-04,-1.79104597124100E-19
0,10,2,1.25620170000000E+07,-1.29333398437500E+04,-2.47736820000000E+07,4.29148300229443E-10,1.96335120000000E+08,2.47736820000000E+07,2.14574039092419E-10,3.94301399896792E-26,-2.20916668747413E-13,-2.14574039092419E-10,-3.94301399896792E-26,2.20916668747413E-13,1.81576266884804E-01,-6.97777577443048E-05,-1.79104597124100E-19
0,10,3,1.25071410000000E+07,-9.60636328125000E+03,-2.48822880000000E+07,3.66364327764046E-10,2.09454432000000E+08,2.48822880000000E+07,1.83182108370872E-10,3.36586209844165E-26,-1.40696739740591E-13,-1.83182108370872E-10,-3.36586209844165E-26,1.40696739740591E-13,1.65594205260277E-01,-4.89376761834137E-05,-1.79104597124100E-19
0,10,4,1.59644730000000E+07,-9.11348925781250E+03,-2.49176360000000E+07,2.52020487812032E-10,2.38360000000000E+08,2.49176360000000E+07,1.26010216150441E-10,2.31521076847524E-26,-7.19342798218350E-14,-1.26010216150441E-10,-2.31521076847524E-26,7.19342798218350E-14,1.33856892585754E-01,-2.90872376353946E-05,-1.79104597124100E-19
0,10,5,1.97468560000000E+07,-7.90661376953125E+03,-2.49317440000000E+07,1.31487043475431E-10,2.79938528000000E+08,2.49317440000000E+07,6.57435147988217E-11,1.20784996907317E-26,-2.63236122081869E-14,-6.57435147988217E-11,-1.20784996907317E-26,2.63236122081869E-14,9.43460762500763E-02,-1.34157962747850E-05,-1.79104597124100E-19
0,10,6,1.97545360000000E+07,-5.76068457031250E+03,-2.49387900000000E+07,6.75630107416225E-11,3.06973600000000E+08,2.49387900000000E+07,3.37815019013643E-11,6.20616480104204E-27,-9.85113463106970E-15,-3.37815019013643E-11,-6.20616480104204E-27,9.85113463106970E-15,7.28018656373024E-02,-7.02362331139739E-06,-1.79104597124100E-19
0,10,7,1.97298500000000E+07,-4.12633984375000E+03,-2.49447640000000E+07,3.35497324366330E-11,3.24129920000000E+08,2.49447640000000E+07,1.67748662183165E-11,3.08170765962623E-27,-3.50832872884790E-15,-1.67748662183165E-11,-3.08170765962623E-27,3.50832872884790E-15,6.02983236312866E-02,-3.98507836507633E-06,-1.79104597124100E-19
0,10,8,1.96913780000000E+07,-2.99660717773438E+03,-2.49512580000000E+07,1.71090953904329E-11,3.34576160000000E+08,2.49512580000000E+07,8.55454769521646E-12,1.57152464936347E-27,-1.30181944207436E-15,-8.55454769521646E-12,-1.57152464936347E-27,1.30181944207436E-15,5.29317520558834E-02,-2.46257468461408E-06,-1.79104597124100E-19
0,10,9,1.96546060000000E+07,-2.25027343750000E+03,-2.49581940000000E+07,9.76440369532261E-12,3.40812480000000E+08,2.49581940000000E+07,4.88220184766130E-12,8.96880152825870E-28,-5.58967629804953E-16,-4.88220184766130E-12,-8.96880152825870E-28,5.58967629804953E-16,4.85363565385342E-02,-1.64191339990793E-06,-1.79104597124100E-19
0,10,10,1.96257500000000E+07,-1.70937304687500E+03,-2.49650460000000E+07,6.37449381474253E-12,3.44651936000000E+08,2.49650460000000E+07,3.18724690737127E-12,5.85504754991583E-28,-2.77604381141417E-16,-3.18724690737127E-12,-5.85504754991583E-28,2.77604381141417E-16,4.57992069423199E-02,-1.15174168513477E-06,-1.79104597124100E-19
0,10,11,1.96045460000000E+07,-1.28403100585938E+03,-2.49713640000000E+07,4.64996357391056E-12,3.47139008000000E+08,2.49713640000000E+07,2.32498178695528E-12,4.27101543001102E-28,-1.52278405352186E-16,-2.32498178695528E-12,-4.27101543001102E-28,1.52278405352186E-16,4.40032146871090E-02,-8.33865271943068E-07,-1.79104597124100E-19
0,10,12,1.95891100000000E+07,-9.46715576171875E+02,-2.49768900000000E+07,3.67991618080432E-12,3.48831008000000E+08,2.49768900000000E+07,1.83995809040216E-12,3.38000271905722E-28,-8.89227231777283E-17,-1.83995809040216E-12,-3.38000271905722E-28,8.89227231777283E-17,4.27672415971756E-02,-6.17376542777492E-07,-1.79104597124100E-19
0,10,13,1.95777680000000E+07,-6.84992431640625E+02,-2.49815500000000E+07,3.08769025972322E-12,3.50030912000000E+08,2.49815500000000E+07,1.54384512986161E-12,2.83603054701985E-28,-5.40164854952113E-17,-1.54384512986161E-12,-2.83603054701985E-28,5.40164854952113E-17,4.18818183243275E-02,-4.66176459212875E-07,-1.79104597124100E-19
0,10,14,1.95693120000000E+07,-4.87313415527344E+02,-2.49853880000000E+07,2.70244070177394E-12,3.50912512000000E+08,2.49853880000000E+07,1.35122035088697E-12,2.48217197535905E-28,-3.36479768568157E-17,-1.35122035088697E-12,-2.48217197535905E-28,3.36479768568157E-17,4.12250682711601E-02,-3.59453082410255E-07,-1.79104597124100E-19
0,10,15,1.95628980000000E+07,-3.41750183105469E+02,-2.49884980000000E+07,2.43896786447650E-12,3.51581568000000E+08,2.49884980000000E+07,1.21948393223825E-12,2.24016876671459E-28,-2.13035337504908E-17,-1.21948393223825E-12,-2.24016876671459E-28,2.13035337504908E-17,4.07218672335148E-02,-2.84083370161170E-07,-1.79104597124100E-19
0,10,16,1.95579420000000E+07,-2.36960052490234E+02,-2.49909980000000E+07,2.25113959591294E-12,3.52105824000000E+08,2.49909980000000E+07,1.12556979795647E-12,2.06764661045005E-28,-1.36371750296932E-17,-1.12556979795647E-12,-2.06764661045005E-28,1.36371750296932E-17,4.03234362602234E-02,-2.31315766541229E-07,-1.79104597124100E-19
0,10,17,1.95540260000000E+07,-1.62925811767578E+02,-2.49929940000000E+07,2.11222619256324E-12,3.52530752000000E+08,2.49929940000000E+07,1.05611309628162E-12,1.94005375163440E-28,-8.79962428413608E-18,-1.05611309628162E-12,-1.94005375163440E-28,8.79962428413608E-18,3.99966612458229E-02,-1.95118460055710E-07,-1.79104597124100E-19
0,10,18,1.95508460000000E+07,-1.11196281433105E+02,-2.49945780000000E+07,2.00586205631459E-12,3.52888160000000E+08,2.49945780000000E+07,1.00293102815729E-12,1.84235794593982E-28,-5.70421310233761E-18,-1.00293102815729E-12,-1.84235794593982E-28,5.70421310233761E-18,3.97181622684002E-02,-1.71249766367509E-07,-1.79104597124100E-19
0,10,19,1.95481820000000E+07,-7.47731857299805E+01,-2.49958220000000E+07,1.92155991639298E-12,3.53200992000000E+08,2.49958220000000E+07,9.60779958196489E-13,1.76492629363759E-28,-3.67505137860010E-18,-9.60779958196489E-13,-1.76492629363759E-28,3.67505137860010E-18,3.94707582890987E-02,-1.56679931251347E-07,-1.79104597124100E-19
0,10,20,1.95458640000000E+07,-4.78038558959961E+01,-2.49967820000000E+07,1.85233339083934E-12,3.53486656000000E+08,2.49967820000000E+07,9.26166695419672E-13,1.70134207763551E-28,-2.26515118262006E-18,-9.26166695419672E-13,-1.70134207763551E-28,2.26515118262006E-18,3.92412766814232E-02,-1.49201241583796E-07,-1.79104597124100E-19
0,10,21,1.95437600000000E+07,-2.51792888641357E+01,-2.49974980000000E+07,1.79336569466199E-12,3.53758880000000E+08,2.49974980000000E+07,8.96682847330993E-13,1.64718035351573E-28,-1.15524519978008E-18,-8.96682847330993E-13,-1.64718035351573E-28,1.15524519978008E-18,3.90191078186035E-02,-1.47145655660097E-07,-1.79104597124100E-19
0,10,22,1.95417660000000E+07,-2.08061790466309E+00,-2.49979920000000E+07,1.74122652060738E-12,3.54028992000000E+08,2.49979920000000E+07,8.70613260303688E-13,1.59929066100108E-28,-9.26944669034546E-20,-8.70613260303688E-13,-1.59929066100108E-28,9.26944669034546E-20,3.87952178716660E-02,-1.49163753349058E-07,-1.79104597124100E-19
0,10,23,1.95397900000000E+07,2.65232124328613E+01,-2.49982740000000E+07,1.69339824281078E-12,3.54307136000000E+08,2.49982740000000E+07,8.46699121405392E-13,1.55536043971085E-28,1.14930511240376E-18,-8.46699121405392E-13,-1.55536043971085E-28,-1.14930511240376E-18,3.85613925755024E-02,-1.54035433297395E-07,-1.79104597124100E-19
0,10,24,1.95377540000000E+07,6.64513397216797E+01,-2.49983460000000E+07,1.64797862856059E-12,3.54602656000000E+08,2.49983460000000E+07,8.23989314280293E-13,1.51364202859113E-28,2.80253278987789E-18,-8.23989314280293E-13,-1.51364202859113E-28,-2.80253278987789E-18,3.83097529411316E-02,-1.60491751444169E-07,-1.79104597124100E-19
0,10,25,1.95355760000000E+07,1.25003540039062E+02,-2.49981880000000E+07,1.60349370500329E-12,3.54924768000000E+08,2.49981880000000E+07,8.01746852501645E-13,1.47278186000287E-28,5.13018863471460E-18,-8.01746852501645E-13,-1.47278186000287E-28,-5.13018863471460E-18,3.80323305726051E-02,-1.67033576303766E-07,-1.79104597124100E-19
0,10,26,1.95331800000000E+07,2.11818603515625E+02,-2.49977660000000E+07,1.55878131583020E-12,3.55282816000000E+08,2.49977660000000E+07,7.79390657915102E-13,1.43171224653317E-28,8.45174437854016E-18,-7.79390657915102E-13,-1.43171224653317E-28,-8.45174437854016E-18,3.77208404242992E-02,-1.71738449239456E-07,-1.79104597124100E-19
0,10,27,1.95304720000000E+07,3.39921813964844E+02,-2.49970220000000E+07,1.51292064813624E-12,3.55686368000000E+08,2.49970220000000E+07,7.56460324068120E-13,1.38958698271269E-28,1.31659583588626E-17,-7.56460324068120E-13,-1.38958698271269E-28,-1.31659583588626E-17,3.73665951192379E-02,-1.72060069303370E-07,-1.79104597124100E-19
0,10,28,1.95273380000000E+07,5.26877685546875E+02,-2.49958640000000E+07,1.46519450218430E-12,3.56145184000000E+08,2.49958640000000E+07,7.32597251092149E-13,1.34574715975923E-28,1.97666023938652E-17,-7.32597251092149E-13,-1.34574715975923E-28,-1.97666023938652E-17,3.69606725871563E-02,-1.64652732337345E-07,-1.79104597124100E-19
0,10,29,1.95236280000000E+07,7.95687988281250E+02,-2.49941460000000E+07,1.41507302837268E-12,3.56668640000000E+08,2.49941460000000E+07,7.07536514186341E-13,1.29970587850871E-28,2.88357411467252E-17,-7.07536514186341E-13,-1.29970587850871E-28,-2.88357411467252E-17,3.64944748580456E-02,-1.45314359656368E-07,-1.79104597124100E-19
0,10,30,1.95191320000000E+07,1.17454577636719E+03,-2.49916420000000E+07,1.36220830622424E-12,3.57264832000000E+08,2.49916420000000E+07,6.81104153112122E-13,1.25114295310787E-28,4.09848108098099E-17,-6.81104153112122E-13,-1.25114295310787E-28,-4.09848108098099E-17,3.59607860445976E-02,-1.09244830071020E-07,-1.79104597124100E-19
0,10,31,1.95135460000000E+07,1.69382189941406E+03,-2.49880060000000E+07,1.30641764767292E-12,3.57939520000000E+08,2.49880060000000E+07,6.53208823836460E-13,1.19989046653971E-28,5.67000678518476E-17,-6.53208823836460E-13,-1.19989046653971E-28,-5.67000678518476E-17,3.53550091385841E-02,-5.19298524181977E-08,-1.79104597124100E-19
0,10,32,1.95065200000000E+07,2.37826074218750E+03,-2.49828480000000E+07,1.24763123009880E-12,3.58696672000000E+08,2.49828480000000E+07,6.23815615049400E-13,1.14588414089231E-28,7.60564184403886E-17,-6.23815615049400E-13,-1.14588414089231E-28,-7.60564184403886E-17,3.46750654280186E-02,2.90701080984945E-08,-1.79104597124100E-19
0,10,33,1.94978560000000E+07,3.23312866210938E+03,-2.49759660000000E+07,1.18566864226038E-12,3.59547200000000E+08,2.49759660000000E+07,5.92834321130192E-13,1.08895870730232E-28,9.83036064511248E-17,-5.92834321130192E-13,-1.08895870730232E-28,-9.83036064511248E-17,3.39123941957951E-02,1.31437701611503E-07,-1.79104597124100E-19
0,10,34,1.94878800000000E+07,4.22757714843750E+03,-2.49678460000000E+07,1.11990527528610E-12,3.60526272000000E+08,2.49678460000000E+07,5.59952583432943E-13,1.02854180346441E-28,1.21472571449266E-16,-5.59952583432943E-13,-1.02854180346441E-28,-1.21472571449266E-16,3.30348312854767E-02,2.45613819060964E-07,-1.79104597124100E-19
0,10,35,1.94776140000000E+07,5.28494482421875E+03,-2.49598900000000E+07,1.04876144661065E-12,3.61716192000000E+08,2.49598900000000E+07,5.24380669095215E-13,9.63184588392589E-29,1.42282476897409E-16,-5.24380669095215E-13,-9.63184588392589E-29,-1.42282476897409E-16,3.19623462855816E-02,3.54764324583812E-07,-1.79104597124100E-19
0,10,36,1.94683640000000E+07,6.29224902343750E+03,-2.49539680000000E+07,9.69724192438626E-13,3.63245216000000E+08,2.49539680000000E+07,4.84862042009204E-13,8.90581182275633E-29,1.56709261169053E-16,-4.84862042009204E-13,-8.90581182275633E-29,-1.56709261169053E-16,3.05712167173624E-02,4.39453145872903E-07,-1.79104597124100E-19
0,10,37,1.94607700000000E+07,7.12686816406250E+03,-2.49513400000000E+07,8.79619619330307E-13,3.65263680000000E+08,2.49513400000000E+07,4.39809782560099E-13,8.07818856813898E-29,1.61065895723916E-16,-4.39809782560099E-13,-8.07818856813898E-29,-1.61065895723916E-16,2.87188813090324E-02,4.84514373511047E-07,-1.79104597124100E-19
0,10,38,1.94541880000000E+07,7.68127783203125E+03,-2.49519980000000E+07,7.75517562494332E-13,3.67921792000000E+08,2.49519980000000E+07,3.87758754142112E-13,7.12207509172252E-29,1.53102383121407E-16,-3.87758754142112E-13,-7.12207509172252E-29,-1.53102383121407E-16,2.62740738689899E-02,4.82160771753115E-07,-1.79104597124100E-19
0,10,39,1.94467200000000E+07,7.87339892578125E+03,-2.49550300000000E+07,6.54453813191125E-13,3.71401536000000E+08,2.49550300000000E+07,3.27226879490508E-13,6.01024897559614E-29,1.32484449749825E-16,-3.27226879490508E-13,-6.01024897559614E-29,-1.32484449749825E-16,2.30662859976292E-02,4.29299944926242E-07,-1.79104597124100E-19
0,10,40,1.94367700000000E+07,7.61793457031250E+03,-2.49593880000000E+07,5.19279877344431E-13,3.76228576000000E+08,2.49593880000000E+07,2.59639911567161E-13,4.76888451048372E-29,1.01761750807188E-16,-2.59639911567161E-13,-4.76888451048372E-29,-1.01761750807188E-16,1.86561048030853E-02,3.26104469650090E-07,-1.79104597124100E-19
0,10,41,1.94342940000000E+07,1.41990693359375E+04,-2.49287380000000E+07,5.55912087196742E-13,3.83553888000000E+08,2.49287380000000E+07,2.77955962283208E-13,5.10472486399387E-29,2.03079987222261E-16,-2.77955962283208E-13,-5.10472486399387E-29,-2.03079987222261E-16,1.15101095288992E-02,4.40357354136722E-07,-1.79104597124100E-19
0,11,1,1.24302160000000E+07,-2.57687704507958E-10,-2.44604520000000E+07,4.45602998944139E-10,1.93345936000000E+08,2.44604520000000E+07,2.22801499472070E-10,4.09279711445402E-26,-4.61884184464126E-27,-2.22801499472070E-10,-4.09279711445402E-26,4.61884184464126E-27,1.85359269380569E-01,9.51194735311851E-19,-1.79104597124100E-19
0,11,2,1.25593600000000E+07,-1.23869248191966E-09,-2.47733760000000E+07,4.27724272666907E-10,1.96545328000000E+08,2.47733760000000E+07,2.13862136333454E-10,3.92858369922941E-26,-2.10925890764467E-26,-2.13862136333454E-10,-3.92858369922941E-26,2.10925890764467E-26,1.81341022253036E-01,-7.35850691222374E-18,-1.79104597124100E-19
0,11,3,1.25037360000000E+07,1.43071920977178E-09,-2.48817160000000E+07,3.64894919835379E-10,2.09703696000000E+08,2.48817160000000E+07,1.82447459917690E-10,3.35150544626421E-26,2.08762470546777E-26,-1.82447459917690E-10,-3.35150544626421E-26,-2.08762470546777E-26,1.65333107113838E-01,7.41591159237370E-18,-1.79104597124100E-19
0,11,4,1.59617320000000E+07,2.38915576211696E-09,-2.49170240000000E+07,2.50426818171334E-10,2.38721968000000E+08,2.49170240000000E+07,1.25213409085667E-10,2.30013304812662E-26,1.87419730903946E-26,-1.25213409085667E-10,-2.30013304812662E-26,-1.87419730903946E-26,1.33523210883141E-01,8.36679210245035E-18,-1.79104597124100E-19
0,11,5,1.97465940000000E+07,-2.87668028287058E-10,-2.49311740000000E+07,1.29798755077459E-10,2.80494848000000E+08,2.49311740000000E+07,6.48993775387297E-11,1.19218229786398E-26,-9.45452972691791E-28,-6.48993775387297E-11,-1.19218229786398E-26,9.45452972691791E-28,9.39095616340637E-02,-5.26831952520483E-19,-1.79104597124100E-19
0,11,6,1.97534460000000E+07,2.30614846663535E-10,-2.49382920000000E+07,6.60841728561401E-11,3.07597088000000E+08,2.49382920000000E+07,3.30420864280700E-11,6.06973269415362E-27,3.85755245620759E-28,-3.30420864280700E-11,-6.06973269415362E-27,-3.85755245620759E-28,7.23551362752914E-02,1.36897564196914E-19,-1.79104597124100E-19
0,11,7,1.97275880000000E+07,9.88283122005384E-10,-2.49443460000000E+07,3.24590528066881E-11,3.24722720000000E+08,2.49443460000000E+07,1.62295264033441E-11,2.98131547978714E-27,8.13042496416749E-28,-1.62295264033441E-11,-2.98131547978714E-27,-8.13042496416749E-28,5.98883964121342E-02,6.30469928455134E-19,-1.79104597124100E-19
0,11,8,1.96880840000000E+07,2.12455414372315E-10,-2.49509220000000E+07,1.64054620582776E-11,3.35096064000000E+08,2.49509220000000E+07,8.20273102913882E-12,1.50681725509195E-27,8.85162036709302E-29,-8.20273102913882E-12,-1.50681725509195E-27,-8.85162036709302E-29,5.25719001889229E-02,5.17864901090102E-19,-1.79104597124100E-19
0,11,9,1.96507340000000E+07,5.82660142356417E-10,-2.49579300000000E+07,9.31894058447957E-12,3.41264736000000E+08,2.49579300000000E+07,4.65947029223979E-12,8.55930837755314E-28,1.38157066043104E-28,-4.65947029223979E-12,-8.55930837755314E-28,-1.38157066043104E-28,4.82182204723358E-02,4.07209590127645E-19,-1.79104597124100E-19
0,11,10,1.96216280000000E+07,6.15444639695539E-10,-2.49648480000000E+07,6.07250534578885E-12,3.45055648000000E+08,2.49648480000000E+07,3.03625267289442E-12,5.57750563749007E-28,9.52339616690434E-29,-3.03625267289442E-12,-5.57750563749007E-28,-9.52339616690434E-29,4.55101057887077E-02,2.29194247698610E-19,-1.79104597124100E-19
0,11,11,1.96003240000000E+07,-1.54044527134189E-10,-2.49712180000000E+07,4.42684647619651E-12,3.47509984000000E+08,2.49712180000000E+07,2.21342323809826E-12,4.06599248371122E-28,-1.73959231022257E-29,-2.21342323809826E-12,-4.06599248371122E-28,1.73959231022257E-29,4.37335483729839E-02,9.97394737076893E-20,-1.79104597124100E-19
0,11,12,1.95848480000000E+07,-2.33198963611736E-11,-2.49767860000000E+07,3.50268598847681E-12,3.49179648000000E+08,2.49767860000000E+07,1.75134299423840E-12,3.21716486077680E-28,-2.08534352931920E-30,-1.75134299423840E-12,-3.21716486077680E-28,2.08534352931920E-30,4.25108633935452E-02,1.77483620391528E-19,-1.79104597124100E-19
0,11,13,1.95734940000000E+07,5.11724218554832E-10,-2.49814760000000E+07,2.93897610241511E-12,3.50363712000000E+08,2.49814760000000E+07,1.46948805120756E-12,2.69940579898875E-28,3.84179058535742E-29,-1.46948805120756E-12,-2.69940579898875E-28,-3.84179058535742E-29,4.16348949074745E-02,2.29342080383709E-19,-1.79104597124100E-19
0,11,14,1.95650360000000E+07,6.31808272366641E-10,-2.49853340000000E+07,2.57250796185937E-12,3.51233664000000E+08,2.49853340000000E+07,1.28625398092969E-12,2.36281030038447E-28,4.15366424534244E-29,-1.28625398092969E-12,-2.36281030038447E-28,-4.15366424534244E-29,4.09851782023907E-02,1.06446932660865E-19,-1.79104597124100E-19
0,11,15,1.95586260000000E+07,4.59343424408232E-10,-2.49884580000000E+07,2.32202104766266E-12,3.51893824000000E+08,2.49884580000000E+07,1.16101052383133E-12,2.13274183886413E-28,2.72668707813348E-29,-1.16101052383133E-12,-2.13274183886413E-28,-2.72668707813348E-29,4.04874198138714E-02,1.89941865145372E-19,-1.79104597124100E-19
0,11,16,1.95536780000000E+07,6.21522999733060E-10,-2.49909680000000E+07,2.14355139541156E-12,3.52411040000000E+08,2.49909680000000E+07,1.07177569770578E-12,1.96882004313688E-28,3.40669051085253E-29,-1.07177569770578E-12,-1.96882004313688E-28,-3.40669051085253E-29,4.00933623313904E-02,2.76323819526402E-19,-1.79104597124100E-19
0,11,17,1.95497720000000E+07,3.41665806757874E-10,-2.49929720000000E+07,2.01163695076612E-12,3.52830240000000E+08,2.49929720000000E+07,1.00581847538306E-12,1.84765858662926E-28,1.75784049644564E-29,-1.00581847538306E-12,-1.84765858662926E-28,-1.75784049644564E-29,3.97702343761921E-02,4.52213372404661E-20,-1.79104597124100E-19
0,11,18,1.95466040000000E+07,7.70111266423790E-11,-2.49945600000000E+07,1.91069317485859E-12,3.53182784000000E+08,2.49945600000000E+07,9.55346587429295E-13,1.75494323577086E-28,3.76394419607873E-30,-9.55346587429295E-13,-1.75494323577086E-28,-3.76394419607873E-30,3.94948683679104E-02,5.34745511892595E-20,-1.79104597124100E-19
0,11,19,1.95439500000000E+07,-1.51836709871844E-10,-2.49958080000000E+07,1.83073738460604E-12,3.53491360000000E+08,2.49958080000000E+07,9.15368692303020E-13,1.68150499920833E-28,-7.11148804416964E-30,-9.15368692303020E-13,-1.68150499920833E-28,7.11148804416964E-30,3.92502509057522E-02,3.96428279582342E-20,-1.79104597124100E-19
0,11,20,1.95416460000000E+07,1.77706668824662E-10,-2.49967720000000E+07,1.76512277016982E-12,3.53773216000000E+08,2.49967720000000E+07,8.82561385084912E-13,1.62123904012980E-28,8.02578491713187E-30,-8.82561385084912E-13,-1.62123904012980E-28,-8.02578491713187E-30,3.90233360230923E-02,5.76394378852067E-20,-1.79104597124100E-19
0,11,21,1.95395540000000E+07,5.54023604770748E-10,-2.49974880000000E+07,1.70927031209467E-12,3.54041824000000E+08,2.49974880000000E+07,8.54635156047334E-13,1.56993936827800E-28,2.42322852829922E-29,-8.54635156047334E-13,-1.56993936827800E-28,-2.42322852829922E-29,3.88036184012890E-02,1.19063408018602E-19,-1.79104597124100E-19
0,11,22,1.95375740000000E+07,5.41983569135596E-10,-2.49979840000000E+07,1.65992339231508E-12,3.54308448000000E+08,2.49979840000000E+07,8.29961696157538E-13,1.52461489407865E-28,2.30236137796123E-29,-8.29961696157538E-13,-1.52461489407865E-28,-2.30236137796123E-29,3.85821424424648E-02,1.65089688930311E-19,-1.79104597124100E-19
0,11,23,1.95356160000000E+07,8.38443259265631E-10,-2.49982700000000E+07,1.61469579026963E-12,3.54583072000000E+08,2.49982700000000E+07,8.07347895134813E-13,1.48307402962568E-28,3.46503234554599E-29,-8.07347895134813E-13,-1.48307402962568E-28,-3.46503234554599E-29,3.83508019149303E-02,3.49186308126471E-19,-1.79104597124100E-19
0,11,24,1.95336000000000E+07,1.01951902475861E-09,-2.49983460000000E+07,1.57178979033612E-12,3.54874880000000E+08,2.49983460000000E+07,7.85894895168060E-13,1.44366553073301E-28,4.10182904459548E-29,-7.85894895168060E-13,-1.44366553073301E-28,-4.10182904459548E-29,3.81017923355103E-02,4.53250773215076E-19,-1.79104597124100E-19
0,11,25,1.95314500000000E+07,5.88908810605915E-10,-2.49981940000000E+07,1.52981815583486E-12,3.55192992000000E+08,2.49981940000000E+07,7.64909077917431E-13,1.40511515400118E-28,2.30634037931899E-29,-7.64909077917431E-13,-1.40511515400118E-28,-2.30634037931899E-29,3.78272570669651E-02,2.34857048623965E-19,-1.79104597124100E-19
0,11,26,1.95290860000000E+07,4.20013079871495E-10,-2.49977820000000E+07,1.48769267304533E-12,3.55546592000000E+08,2.49977820000000E+07,7.43846336522663E-13,1.36642358253030E-28,1.59979417131092E-29,-7.43846336522663E-13,-1.36642358253030E-28,-1.59979417131092E-29,3.75190153717995E-02,2.24057145901926E-19,-1.79104597124100E-19
0,11,27,1.95264200000000E+07,5.80868353416975E-10,-2.49970520000000E+07,1.44455714751190E-12,3.55945088000000E+08,2.49970520000000E+07,7.22278573755952E-13,1.32680419430872E-28,2.14862101088498E-29,-7.22278573755952E-13,-1.32680419430872E-28,-2.14862101088498E-29,3.71684953570366E-02,1.68996437114004E-19,-1.79104597124100E-19
0,11,28,1.95233460000000E+07,4.17374135253112E-10,-2.49959180000000E+07,1.39975032432960E-12,3.56398080000000E+08,2.49959180000000E+07,6.99875162164798E-13,1.28564983992146E-28,1.49620772832550E-29,-6.99875162164798E-13,-1.28564983992146E-28,-1.49620772832550E-29,3.67669016122818E-02,-6.98789709152124E-20,-1.79104597124100E-19
0,11,29,1.95197160000000E+07,6.76296310619939E-11,-2.49942340000000E+07,1.35278648092513E-12,3.56914816000000E+08,2.49942340000000E+07,6.76393240462564E-13,1.24251418510391E-28,2.34348810729085E-30,-6.76393240462564E-13,-1.24251418510391E-28,-2.34348810729085E-30,3.63057553768158E-02,1.01341476984960E-19,-1.79104597124100E-19
0,11,30,1.95153280000000E+07,-8.87607418120773E-11,-2.49917800000000E+07,1.30334382609371E-12,3.57503200000000E+08,2.49917800000000E+07,6.51671913046853E-13,1.19710196072148E-28,-2.96397195401646E-30,-6.51671913046853E-13,-1.19710196072148E-28,2.96397195401646E-30,3.57779376208782E-02,2.33694756465752E-19,-1.79104597124100E-19
0,11,31,1.95098840000000E+07,5.99087668362586E-10,-2.49882220000000E+07,1.25124335805665E-12,3.58168896000000E+08,2.49882220000000E+07,6.25621679028326E-13,1.14924837939329E-28,1.92108908937936E-29,-6.25621679028326E-13,-1.14924837939329E-28,-1.92108908937936E-29,3.51789295673370E-02,1.58953094459721E-19,-1.79104597124100E-19
0,11,32,1.95030420000000E+07,6.32489616236853E-10,-2.49831720000000E+07,1.19639649749648E-12,3.58915776000000E+08,2.49831720000000E+07,5.98198248748238E-13,1.09887231132044E-28,1.93997523989651E-29,-5.98198248748238E-13,-1.09887231132044E-28,-1.93997523989651E-29,3.45067456364632E-02,1.86067790595874E-19,-1.79104597124100E-19
0,11,33,1.94946040000000E+07,4.25832119566039E-10,-2.49764300000000E+07,1.13860277543149E-12,3.59754496000000E+08,2.49764300000000E+07,5.69301387715743E-13,1.04578970982261E-28,1.24355867107953E-29,-5.69301387715743E-13,-1.04578970982261E-28,-1.24355867107953E-29,3.37530374526978E-02,1.94936575554423E-19,-1.79104597124100E-19
0,11,34,1.94848900000000E+07,5.28695198731555E-10,-2.49684700000000E+07,1.07725417128335E-12,3.60719648000000E+08,2.49684700000000E+07,5.38627085641674E-13,9.89441874660014E-29,1.46148922995927E-29,-5.38627085641674E-13,-9.89441874660014E-29,-1.46148922995927E-29,3.28861288726330E-02,1.21619667530030E-19,-1.79104597124100E-19
0,11,35,1.94749100000000E+07,5.42048461671385E-10,-2.49606680000000E+07,1.01085481131469E-12,3.61892672000000E+08,2.49606680000000E+07,5.05427405657344E-13,9.28455015929183E-29,1.40676468290589E-29,-5.05427405657344E-13,-9.28455015929183E-29,-1.40676468290589E-29,3.18267866969109E-02,5.28035299978943E-20,-1.79104597124100E-19
0,11,36,1.94659560000000E+07,3.80349668427371E-10,-2.49548660000000E+07,9.37003404553882E-13,3.63400832000000E+08,2.49548660000000E+07,4.68501702276941E-13,8.60623703102554E-29,9.15416018815851E-30,-4.68501702276941E-13,-8.60623703102554E-29,-9.15416018815851E-30,3.04520893841982E-02,7.42967939328418E-20,-1.79104597124100E-19
0,11,37,1.94586640000000E+07,1.16594664478775E-10,-2.49523000000000E+07,8.52562053073325E-13,3.65394240000000E+08,2.49523000000000E+07,4.26281026536662E-13,7.83065541277108E-29,2.55423957422379E-30,-4.26281026536662E-13,-7.83065541277108E-29,-2.55423957422379E-30,2.86196768283844E-02,6.75275613900141E-20,-1.79104597124100E-19
0,11,38,1.94523920000000E+07,4.23642093627663E-10,-2.49529560000000E+07,7.54443870657623E-13,3.68024032000000E+08,2.49529560000000E+07,3.77221935328811E-13,6.92945441204085E-29,8.21529266207765E-30,-3.77221935328811E-13,-6.92945441204085E-29,-8.21529266207765E-30,2.61973142623901E-02,4.00772278345888E-21,-1.79104597124100E-19
0,11,39,1.94452380000000E+07,3.13952613906210E-10,-2.49559360000000E+07,6.39337107560811E-13,3.71474592000000E+08,2.49559360000000E+07,3.19668553780406E-13,5.87221577092258E-29,5.16120110451698E-30,-3.19668553780406E-13,-5.87221577092258E-29,-5.16120110451698E-30,2.30124108493328E-02,6.30929233414952E-20,-1.79104597124100E-19
0,11,40,1.94355740000000E+07,4.54843912534031E-10,-2.49602100000000E+07,5.09357313271952E-13,3.76275264000000E+08,2.49602100000000E+07,2.54678656635976E-13,4.67837091884893E-29,5.96015546251099E-30,-2.54678656635976E-13,-4.67837091884893E-29,-5.96015546251099E-30,1.86225976794958E-02,1.20024294622356E-19,-1.79104597124100E-19
0,11,41,1.94333320000000E+07,1.06193420723599E-09,-2.49301720000000E+07,5.44110871809889E-13,3.83587168000000E+08,2.49301720000000E+07,2.72055435904944E-13,4.99757755709721E-29,1.48664668985783E-29,-2.72055435904944E-13,-4.99757755709721E-29,-1.48664668985783E-29,1.14878453314304E-02,7.79316388019015E-20,-1.79104597124100E-19
0,12,1,1.24323540000000E+07,2.23615332031250E+04,-2.44600600000000E+07,4.47026776706494E-10,1.93141040000000E+08,2.44600600000000E+07,2.23513027530764E-10,4.10340606103408E-26,4.02023141339580E-13,-2.23513027530764E-10,-4.10340606103408E-26,-4.02023141339580E-13,1.85593739151955E-01,1.16039380372968E-04,-1.79104597124100E-19
0,12,2,1.25620170000000E+07,1.29333398437500E+04,-2.47736820000000E+07,4.29148300229443E-10,1.96335120000000E+08,2.47736820000000E+07,2.14574039092419E-10,3.94030845258205E-26,2.20916668747413E-13,-2.14574039092419E-10,-3.94030845258205E-26,-2.20916668747413E-13,1.81576266884804E-01,6.97777577443048E-05,-1.79104597124100E-19
0,12,3,1.25071410000000E+07,9.60636328125000E+03,-2.48822880000000E+07,3.66364327764046E-10,2.09454432000000E+08,2.48822880000000E+07,1.83182108370872E-10,3.36413923855059E-26,1.40696739740591E-13,-1.83182108370872E-10,-3.36413923855059E-26,-1.40696739740591E-13,1.65594205260277E-01,4.89376761834137E-05,-1.79104597124100E-19
0,12,4,1.59644730000000E+07,9.11348925781250E+03,-2.49176360000000E+07,2.52020487812032E-10,2.38360000000000E+08,2.49176360000000E+07,1.26010216150441E-10,2.31432977108148E-26,7.19342798218350E-14,-1.26010216150441E-10,-2.31432977108148E-26,-7.19342798218350E-14,1.33856892585754E-01,2.90872376353946E-05,-1.79104597124100E-19
0,12,5,1.97468560000000E+07,7.90661376953125E+03,-2.49317440000000E+07,1.31487043475431E-10,2.79938528000000E+08,2.49317440000000E+07,6.57435147988217E-11,1.20752764543768E-26,2.63236122081869E-14,-6.57435147988217E-11,-1.20752764543768E-26,-2.63236122081869E-14,9.43460762500763E-02,1.34157962747850E-05,-1.79104597124100E-19
0,12,6,1.97545360000000E+07,5.76068457031250E+03,-2.49387900000000E+07,6.75630107416225E-11,3.06973600000000E+08,2.49387900000000E+07,3.37815019013643E-11,6.20495839852487E-27,9.85113463106970E-15,-3.37815019013643E-11,-6.20495839852487E-27,-9.85113463106970E-15,7.28018656373024E-02,7.02362331139739E-06,-1.79104597124100E-19
0,12,7,1.97298500000000E+07,4.12633984375000E+03,-2.49447640000000E+07,3.35497324366330E-11,3.24129920000000E+08,2.49447640000000E+07,1.67748662183165E-11,3.08127798465564E-27,3.50832872884790E-15,-1.67748662183165E-11,-3.08127798465564E-27,-3.50832872884790E-15,6.02983236312866E-02,3.98507836507633E-06,-1.79104597124100E-19
0,12,8,1.96913780000000E+07,2.99660717773438E+03,-2.49512580000000E+07,1.71090953904329E-11,3.34576160000000E+08,2.49512580000000E+07,8.55454769521646E-12,1.57136518236408E-27,1.30181944207436E-15,-8.55454769521646E-12,-1.57136518236408E-27,-1.30181944207436E-15,5.29317520558834E-02,2.46257468461408E-06,-1.79104597124100E-19
0,12,9,1.96546060000000E+07,2.25027343750000E+03,-2.49581940000000E+07,9.76440369532261E-12,3.40812480000000E+08,2.49581940000000E+07,4.88220184766130E-12,8.96811686016347E-28,5.58967629804953E-16,-4.88220184766130E-12,-8.96811686016347E-28,-5.58967629804953E-16,4.85363565385342E-02,1.64191339990793E-06,-1.79104597124100E-19
0,12,10,1.96257500000000E+07,1.70937304687500E+03,-2.49650460000000E+07,6.37449381474253E-12,3.44651936000000E+08,2.49650460000000E+07,3.18724690737127E-12,5.85470762328064E-28,2.77604381141417E-16,-3.18724690737127E-12,-5.85470762328064E-28,-2.77604381141417E-16,4.57992069423199E-02,1.15174168513477E-06,-1.79104597124100E-19
0,12,11,1.96045460000000E+07,1.28403100585938E+03,-2.49713640000000E+07,4.64996357391056E-12,3.47139008000000E+08,2.49713640000000E+07,2.32498178695528E-12,4.27082909628890E-28,1.52278405352186E-16,-2.32498178695528E-12,-4.27082909628890E-28,-1.52278405352186E-16,4.40032146871090E-02,8.33865271943068E-07,-1.79104597124100E-19
0,12,12,1.95891100000000E+07,9.46715576171875E+02,-2.49768900000000E+07,3.67991618080432E-12,3.48831008000000E+08,2.49768900000000E+07,1.83995809040216E-12,3.37989390401537E-28,8.89227231777283E-17,-1.83995809040216E-12,-3.37989390401537E-28,-8.89227231777283E-17,4.27672415971756E-02,6.17376542777492E-07,-1.79104597124100E-19
0,12,13,1.95777680000000E+07,6.84992431640625E+02,-2.49815500000000E+07,3.08769025972322E-12,3.50030912000000E+08,2.49815500000000E+07,1.54384512986161E-12,2.83596434317802E-28,5.40164854952113E-17,-1.54384512986161E-12,-2.83596434317802E-28,-5.40164854952113E-17,4.18818183243275E-02,4.66176459212875E-07,-1.79104597124100E-19
0,12,14,1.95693120000000E+07,4.87313415527344E+02,-2.49853880000000E+07,2.70244070177394E-12,3.50912512000000E+08,2.49853880000000E+07,1.35122035088697E-12,2.48213080860649E-28,3.36479768568157E-17,-1.35122035088697E-12,-2.48213080860649E-28,-3.36479768568157E-17,4.12250682711601E-02,3.59453082410255E-07,-1.79104597124100E-19
0,12,15,1.95628980000000E+07,3.41750183105469E+02,-2.49884980000000E+07,2.43896786447650E-12,3.51581568000000E+08,2.49884980000000E+07,1.21948393223825E-12,2.24014252591910E-28,2.13035337504908E-17,-1.21948393223825E-12,-2.24014252591910E-28,-2.13035337504908E-17,4.07218672335148E-02,2.84083370161170E-07,-1.79104597124100E-19
0,12,16,1.95579420000000E+07,2.36960052490234E+02,-2.49909980000000E+07,2.25113959591294E-12,3.52105824000000E+08,2.49909980000000E+07,1.12556979795647E-12,2.06762975856304E-28,1.36371750296932E-17,-1.12556979795647E-12,-2.06762975856304E-28,-1.36371750296932E-17,4.03234362602234E-02,2.31315766541229E-07,-1.79104597124100E-19
0,12,17,1.95540260000000E+07,1.62925811767578E+02,-2.49929940000000E+07,2.11222619256324E-12,3.52530752000000E+08,2.49929940000000E+07,1.05611309628162E-12,1.94004291827846E-28,8.79962428413608E-18,-1.05611309628162E-12,-1.94004291827846E-28,-8.79962428413608E-18,3.99966612458229E-02,1.95118460055710E-07,-1.79104597124100E-19
0,12,18,1.95508460000000E+07,1.11196281433105E+02,-2.49945780000000E+07,2.00586205631459E-12,3.52888160000000E+08,2.49945780000000E+07,1.00293102815729E-12,1.84235096444377E-28,5.70421310233761E-18,-1.00293102815729E-12,-1.84235096444377E-28,-5.70421310233761E-18,3.97181622684002E-02,1.71249766367509E-07,-1.79104597124100E-19
0,12,19,1.95481820000000E+07,7.47731857299805E+01,-2.49958220000000E+07,1.92155991639298E-12,3.53200992000000E+08,2.49958220000000E+07,9.60779958196489E-13,1.76492183992460E-28,3.67505137860010E-18,-9.60779958196489E-13,-1.76492183992460E-28,-3.67505137860010E-18,3.94707582890987E-02,1.56679931251347E-07,-1.79104597124100E-19
0,12,20,1.95458640000000E+07,4.78038558959961E+01,-2.49967820000000E+07,1.85233339083934E-12,3.53486656000000E+08,2.49967820000000E+07,9.26166695419672E-13,1.70133930911122E-28,2.26515118262006E-18,-9.26166695419672E-13,-1.70133930911122E-28,-2.26515118262006E-18,3.92412766814232E-02,1.49201241583796E-07,-1.79104597124100E-19
0,12,21,1.95437600000000E+07,2.51792888641357E+01,-2.49974980000000E+07,1.79336569466199E-12,3.53758880000000E+08,2.49974980000000E+07,8.96682847330993E-13,1.64717890906827E-28,1.15524519978008E-18,-8.96682847330993E-13,-1.64717890906827E-28,-1.15524519978008E-18,3.90191078186035E-02,1.47145655660097E-07,-1.79104597124100E-19
0,12,22,1.95417660000000E+07,2.08061790466309E+00,-2.49979920000000E+07,1.74122652060738E-12,3.54028992000000E+08,2.49979920000000E+07,8.70613260303688E-13,1.59929054063046E-28,9.26944669034546E-20,-8.70613260303688E-13,-1.59929054063046E-28,-9.26944669034546E-20,3.87952178716660E-02,1.49163753349058E-07,-1.79104597124100E-19
0,12,23,1.95397900000000E+07,-2.65232124328613E+01,-2.49982740000000E+07,1.69339824281078E-12,3.54307136000000E+08,2.49982740000000E+07,8.46699121405392E-13,1.55536176378769E-28,-1.14930511240376E-18,-8.46699121405392E-13,-1.55536176378769E-28,1.14930511240376E-18,3.85613925755024E-02,1.54035433297395E-07,-1.79104597124100E-19
0,12,24,1.95377540000000E+07,-6.64513397216797E+01,-2.49983460000000E+07,1.64797862856059E-12,3.54602656000000E+08,2.49983460000000E+07,8.23989314280293E-13,1.51364551933915E-28,-2.80253278987789E-18,-8.23989314280293E-13,-1.51364551933915E-28,2.80253278987789E-18,3.83097529411316E-02,1.60491751444169E-07,-1.79104597124100E-19
0,12,25,1.95355760000000E+07,-1.25003540039062E+02,-2.49981880000000E+07,1.60349370500329E-12,3.54924768000000E+08,2.49981880000000E+07,8.01746852501645E-13,1.47278823964581E-28,-5.13018863471460E-18,-8.01746852501645E-13,-1.47278823964581E-28,5.13018863471460E-18,3.80323305726051E-02,1.67033576303766E-07,-1.79104597124100E-19
0,12,26,1.95331800000000E+07,-2.11818603515625E+02,-2.49977660000000E+07,1.55878131583020E-12,3.55282816000000E+08,2.49977660000000E+07,7.79390657915102E-13,1.43172259840662E-28,-8.45174437854016E-18,-7.79390657915102E-13,-1.43172259840662E-28,8.45174437854016E-18,3.77208404242992E-02,1.71738449239456E-07,-1.79104597124100E-19
0,12,27,1.95304720000000E+07,-3.39921813964844E+02,-2.49970220000000E+07,1.51292064813624E-12,3.55686368000000E+08,2.49970220000000E+07,7.56460324068120E-13,1.38960311237598E-28,-1.31659583588626E-17,-7.56460324068120E-13,-1.38960311237598E-28,1.31659583588626E-17,3.73665951192379E-02,1.72060069303370E-07,-1.79104597124100E-19
0,12,28,1.95273380000000E+07,-5.26877685546875E+02,-2.49958640000000E+07,1.46519450218430E-12,3.56145184000000E+08,2.49958640000000E+07,7.32597251092149E-13,1.34577135425415E-28,-1.97666023938652E-17,-7.32597251092149E-13,-1.34577135425415E-28,1.97666023938652E-17,3.69606725871563E-02,1.64652732337345E-07,-1.79104597124100E-19
0,12,29,1.95236280000000E+07,-7.95687988281250E+02,-2.49941460000000E+07,1.41507302837268E-12,3.56668640000000E+08,2.49941460000000E+07,7.07536514186341E-13,1.29974114710081E-28,-2.88357411467252E-17,-7.07536514186341E-13,-1.29974114710081E-28,2.88357411467252E-17,3.64944748580456E-02,1.45314359656368E-07,-1.79104597124100E-19
0,12,30,1.95191320000000E+07,-1.17454577636719E+03,-2.49916420000000E+07,1.36220830622424E-12,3.57264832000000E+08,2.49916420000000E+07,6.81104153112122E-13,1.25119314765705E-28,-4.09848108098099E-17,-6.81104153112122E-13,-1.25119314765705E-28,4.09848108098099E-17,3.59607860445976E-02,1.09244830071020E-07,-1.79104597124100E-19
0,12,31,1.95135460000000E+07,-1.69382189941406E+03,-2.49880060000000E+07,1.30641764767292E-12,3.57939520000000E+08,2.49880060000000E+07,6.53208823836460E-13,1.19995980001770E-28,-5.67000678518476E-17,-6.53208823836460E-13,-1.19995980001770E-28,5.67000678518476E-17,3.53550091385841E-02,5.19298524181977E-08,-1.79104597124100E-19
0,12,32,1.95065200000000E+07,-2.37826074218750E+03,-2.49828480000000E+07,1.24763123009880E-12,3.58696672000000E+08,2.49828480000000E+07,6.23815615049400E-13,1.14597730775337E-28,-7.60564184403886E-17,-6.23815615049400E-13,-1.14597730775337E-28,7.60564184403886E-17,3.46750654280186E-02,-2.90701080984945E-08,-1.79104597124100E-19
0,12,33,1.94978560000000E+07,-3.23312866210938E+03,-2.49759660000000E+07,1.18566864226038E-12,3.59547200000000E+08,2.49759660000000E+07,5.92834321130192E-13,1.08907907792385E-28,-9.83036064511248E-17,-5.92834321130192E-13,-1.08907907792385E-28,9.83036064511248E-17,3.39123941957951E-02,-1.31437701611503E-07,-1.79104597124100E-19
0,12,34,1.94878800000000E+07,-4.22757714843750E+03,-2.49678460000000E+07,1.11990527528610E-12,3.60526272000000E+08,2.49678460000000E+07,5.59952583432943E-13,1.02869058155261E-28,-1.21472571449266E-16,-5.59952583432943E-13,-1.02869058155261E-28,1.21472571449266E-16,3.30348312854767E-02,-2.45613819060964E-07,-1.79104597124100E-19
0,12,35,1.94776140000000E+07,-5.28494482421875E+03,-2.49598900000000E+07,1.04876144661065E-12,3.61716192000000E+08,2.49598900000000E+07,5.24380669095215E-13,9.63358824867245E-29,-1.42282476897409E-16,-5.24380669095215E-13,-9.63358824867245E-29,1.42282476897409E-16,3.19623462855816E-02,-3.54764324583812E-07,-1.79104597124100E-19
0,12,36,1.94683640000000E+07,-6.29224902343750E+03,-2.49539680000000E+07,9.69724192438626E-13,3.63245216000000E+08,2.49539680000000E+07,4.84862042009204E-13,8.90773113231653E-29,-1.56709261169053E-16,-4.84862042009204E-13,-8.90773113231653E-29,1.56709261169053E-16,3.05712167173624E-02,-4.39453145872903E-07,-1.79104597124100E-19
0,12,37,1.94607700000000E+07,-7.12686816406250E+03,-2.49513400000000E+07,8.79619619330307E-13,3.65263680000000E+08,2.49513400000000E+07,4.39809782560099E-13,8.08016084077266E-29,-1.61065895723916E-16,-4.39809782560099E-13,-8.08016084077266E-29,1.61065895723916E-16,2.87188813090324E-02,-4.84514373511047E-07,-1.79104597124100E-19
0,12,38,1.94541880000000E+07,-7.68127783203125E+03,-2.49519980000000E+07,7.75517562494332E-13,3.67921792000000E+08,2.49519980000000E+07,3.87758754142112E-13,7.12395046600587E-29,-1.53102383121407E-16,-3.87758754142112E-13,-7.12395046600587E-29,1.53102383121407E-16,2.62740738689899E-02,-4.82160771753115E-07,-1.79104597124100E-19
0,12,39,1.94467200000000E+07,-7.87339892578125E+03,-2.49550300000000E+07,6.54453813191125E-13,3.71401536000000E+08,2.49550300000000E+07,3.27226879490508E-13,6.01187157157429E-29,-1.32484449749825E-16,-3.27226879490508E-13,-6.01187157157429E-29,1.32484449749825E-16,2.30662859976292E-02,-4.29299944926242E-07,-1.79104597124100E-19
0,12,40,1.94367700000000E+07,-7.61793457031250E+03,-2.49593880000000E+07,5.19279877344431E-13,3.76228576000000E+08,2.49593880000000E+07,2.59639911567161E-13,4.77013094826960E-29,-1.01761750807188E-16,-2.59639911567161E-13,-4.77013094826960E-29,1.01761750807188E-16,1.86561048030853E-02,-3.26104469650090E-07,-1.79104597124100E-19
0,12,41,1.94342940000000E+07,-1.41990693359375E+04,-2.49287380000000E+07,5.55912087196742E-13,3.83553888000000E+08,2.49287380000000E+07,2.77955962283208E-13,5.10721172103456E-29,-2.03079987222261E-16,-2.77955962283208E-13,-5.10721172103456E-29,2.03079987222261E-16,1.15101095288992E-02,-4.40357354136722E-07,-1.79104597124100E-19
0,13,1,1.24390290000000E+07,4.56922773437500E+04,-2.44589300000000E+07,4.51477494278762E-10,1.92503488000000E+08,2.44589300000000E+07,2.25737234460510E-10,4.14164825045620E-26,8.29200477812236E-13,-2.25737234460510E-10,-4.14164825045620E-26,-8.29200477812236E-13,1.86324968934059E-01,2.37849759287201E-04,-1.79104597124100E-19
0,13,2,1.25702780000000E+07,2.62185703125000E+04,-2.47745940000000E+07,4.33624469664551E-10,1.95676672000000E+08,2.47745940000000E+07,2.16811776865278E-10,3.97999863317356E-26,4.52217121171480E-13,-2.16811776865278E-10,-3.97999863317356E-26,-4.52217121171480E-13,1.82315304875374E-01,1.42195785883814E-04,-1.79104597124100E-19
0,13,3,1.25177490000000E+07,1.98663085937500E+04,-2.48839860000000E+07,3.71010278055195E-10,2.08668640000000E+08,2.48839860000000E+07,1.85504903105205E-10,3.40586720709767E-26,2.94405802904810E-13,-1.85504903105205E-10,-3.40586720709767E-26,-2.94405802904810E-13,1.66420295834541E-01,1.01870442449581E-04,-1.79104597124100E-19
0,13,4,1.59730000000000E+07,1.94109257812500E+04,-2.49194540000000E+07,2.57112026114115E-10,2.37207808000000E+08,2.49194540000000E+07,1.28555915912543E-10,2.36057720387325E-26,1.56225455748976E-13,-1.28555915912543E-10,-2.36057720387325E-26,-1.56225455748976E-13,1.34924128651619E-01,6.25062748440541E-05,-1.79104597124100E-19
0,13,5,1.97474940000000E+07,1.71907851562500E+04,-2.49334420000000E+07,1.36939556916182E-10,2.78155168000000E+08,2.49334420000000E+07,6.84697507025156E-11,1.25740399246786E-26,5.96049698855551E-14,-6.84697507025156E-11,-1.25740399246786E-26,-5.96049698855551E-14,9.57533568143845E-02,2.96077523671556E-05,-1.79104597124100E-19
0,13,6,1.97577240000000E+07,1.26929521484375E+04,-2.49402760000000E+07,7.24404633500875E-11,3.04945088000000E+08,2.49402760000000E+07,3.62202247361498E-11,6.65212273894265E-27,2.32689539023719E-14,-3.62202247361498E-11,-6.65212273894265E-27,-2.32689539023719E-14,7.42623507976532E-02,1.57220420078374E-05,-1.79104597124100E-19
0,13,7,1.97367500000000E+07,9.11376855468750E+03,-2.49460100000000E+07,3.72524407155073E-11,3.22169632000000E+08,2.49460100000000E+07,1.86262186230302E-11,3.42105401211834E-27,8.60096312883330E-15,-1.86262186230302E-11,-3.42105401211834E-27,-8.60096312883330E-15,6.16572462022305E-02,8.94169988896465E-06,-1.79104597124100E-19
0,13,8,1.97017080000000E+07,6.50691113281250E+03,-2.49522660000000E+07,1.95779035344623E-11,3.32830784000000E+08,2.49522660000000E+07,9.78895089986942E-12,1.79800312931922E-27,3.23301062198002E-15,-9.78895089986942E-12,-1.79800312931922E-27,-3.23301062198002E-15,5.41393794119358E-02,5.46880028196028E-06,-1.79104597124100E-19
0,13,9,1.96670100000000E+07,4.76208886718750E+03,-2.49589800000000E+07,1.13666792991851E-11,3.39280256000000E+08,2.49589800000000E+07,5.68333921591169E-12,1.04392817816074E-27,1.37614033632793E-15,-5.68333921591169E-12,-1.04392817816074E-27,-1.37614033632793E-15,4.96116355061531E-02,3.59485329681775E-06,-1.79104597124100E-19
0,13,10,1.96391360000000E+07,3.53531738281250E+03,-2.49656420000000E+07,7.47623404157016E-12,3.43278464000000E+08,2.49656420000000E+07,3.73811702078508E-12,6.86639766010229E-28,6.72913042968444E-16,-3.73811702078508E-12,-6.86639766010229E-28,-6.72913042968444E-16,4.67793606221676E-02,2.48816832026932E-06,-1.79104597124100E-19
0,13,11,1.96183640000000E+07,2.61041748046875E+03,-2.49718040000000E+07,5.46982858312672E-12,3.45875264000000E+08,2.49718040000000E+07,2.73491407472293E-12,5.02373288944820E-28,3.63907376997076E-16,-2.73491407472293E-12,-5.02373288944820E-28,-3.63907376997076E-16,4.49181795120239E-02,1.78213679191686E-06,-1.79104597124100E-19
0,13,12,1.96031220000000E+07,1.89993884277344E+03,-2.49772100000000E+07,4.33346457676120E-12,3.47643456000000E+08,2.49772100000000E+07,2.16673228838060E-12,3.98009408226161E-28,2.10000166991990E-16,-2.16673228838060E-12,-3.98009408226161E-28,-2.10000166991990E-16,4.36368659138680E-02,1.30881517179660E-06,-1.79104597124100E-19
0,13,13,1.95918660000000E+07,1.36052966308594E+03,-2.49817800000000E+07,3.63702275761602E-12,3.48897824000000E+08,2.49817800000000E+07,1.81851137880801E-12,3.34047396991365E-28,1.26283970052576E-16,-1.81851137880801E-12,-3.34047396991365E-28,-1.26283970052576E-16,4.27187904715538E-02,9.82512233349553E-07,-1.79104597124100E-19
0,13,14,1.95834400000000E+07,9.59344360351562E+02,-2.49855520000000E+07,3.18278845119757E-12,3.49819808000000E+08,2.49855520000000E+07,1.59139422559879E-12,2.92329611798874E-28,7.79584772455624E-17,-1.59139422559879E-12,-2.92329611798874E-28,-7.79584772455624E-17,4.20376136898994E-02,7.54511916056799E-07,-1.79104597124100E-19
0,13,15,1.95770280000000E+07,6.67411376953125E+02,-2.49886180000000E+07,2.87146738678357E-12,3.50519744000000E+08,2.49886180000000E+07,1.43573369339178E-12,2.63737015103258E-28,4.89463944271308E-17,-1.43573369339178E-12,-2.63737015103258E-28,-4.89463944271308E-17,4.15154509246349E-02,5.94734274272923E-07,-1.79104597124100E-19
0,13,16,1.95720580000000E+07,4.59379119873047E+02,-2.49910880000000E+07,2.64908711286593E-12,3.51068448000000E+08,2.49910880000000E+07,1.32454355643297E-12,2.43312816932523E-28,3.10885873973480E-17,-1.32454355643297E-12,-2.43312816932523E-28,-3.10885873973480E-17,4.11017946898937E-02,4.83540304685448E-07,-1.79104597124100E-19
0,13,17,1.95681200000000E+07,3.13851806640625E+02,-2.49930640000000E+07,2.48430247727638E-12,3.51513344000000E+08,2.49930640000000E+07,1.24215123863819E-12,2.28178257576421E-28,1.99227840196826E-17,-1.24215123863819E-12,-2.28178257576421E-28,-1.99227840196826E-17,4.07623946666718E-02,4.07641181254803E-07,-1.79104597124100E-19
0,13,18,1.95649120000000E+07,2.13266342163086E+02,-2.49946340000000E+07,2.35788819025196E-12,3.51887520000000E+08,2.49946340000000E+07,1.17894409512598E-12,2.16567740758434E-28,1.28510209211616E-17,-1.17894409512598E-12,-2.16567740758434E-28,-1.28510209211616E-17,4.04730886220932E-02,3.57832703912209E-07,-1.79104597124100E-19
0,13,19,1.95622180000000E+07,1.43346618652344E+02,-2.49958680000000E+07,2.25750429634630E-12,3.52214944000000E+08,2.49958680000000E+07,1.12875214817315E-12,2.07347904854539E-28,8.27118987597392E-18,-1.12875214817315E-12,-2.07347904854539E-28,-8.27118987597392E-18,4.02161292731762E-02,3.27623268958632E-07,-1.79104597124100E-19
0,13,20,1.95598660000000E+07,9.23194351196289E+01,-2.49968220000000E+07,2.17491411165505E-12,3.52513728000000E+08,2.49968220000000E+07,1.08745705582752E-12,1.99762304767892E-28,5.13262344084765E-18,-1.08745705582752E-12,-1.99762304767892E-28,-5.13262344084765E-18,3.99779081344604E-02,3.12336965180293E-07,-1.79104597124100E-19
0,13,21,1.95577260000000E+07,5.00209617614746E+01,-2.49975300000000E+07,2.10442253900656E-12,3.52798144000000E+08,2.49975300000000E+07,1.05221126950328E-12,1.93287906073845E-28,2.69114196025451E-18,-1.05221126950328E-12,-1.93287906073845E-28,-2.69114196025451E-18,3.97474691271782E-02,3.08481929778281E-07,-1.79104597124100E-19
0,13,22,1.95556900000000E+07,6.94300508499146E+00,-2.49980160000000E+07,2.04195861608358E-12,3.53080096000000E+08,2.49980160000000E+07,1.02097930804179E-12,1.87550825584883E-28,3.62486028207828E-19,-1.02097930804179E-12,-1.87550825584883E-28,-3.62486028207828E-19,3.95154394209385E-02,3.13267520368754E-07,-1.79104597124100E-19
0,13,23,1.95536660000000E+07,-4.67951354980469E+01,-2.49982900000000E+07,1.98451671762356E-12,3.53370080000000E+08,2.49982900000000E+07,9.92258358811782E-13,1.82275053465850E-28,-2.37463742888304E-18,-9.92258358811782E-13,-1.82275053465850E-28,2.37463742888304E-18,3.92733253538609E-02,3.24197884538080E-07,-1.79104597124100E-19
0,13,24,1.95515700000000E+07,-1.22610565185547E+02,-2.49983480000000E+07,1.92980765915951E-12,3.53677952000000E+08,2.49983480000000E+07,9.64903829579755E-13,1.77250326315068E-28,-6.05104331573619E-18,-9.64903829579755E-13,-1.77250326315068E-28,6.05104331573619E-18,3.90129312872887E-02,3.38692501600235E-07,-1.79104597124100E-19
0,13,25,1.95493200000000E+07,-2.34853591918945E+02,-2.49981720000000E+07,1.87603643557466E-12,3.54013376000000E+08,2.49981720000000E+07,9.38018217787329E-13,1.72311844714608E-28,-1.12687782649416E-17,-9.38018217787329E-13,-1.72311844714608E-28,1.12687782649416E-17,3.87259609997272E-02,3.53699590505130E-07,-1.79104597124100E-19
0,13,26,1.95468280000000E+07,-4.02556549072266E+02,-2.49977240000000E+07,1.82176561162872E-12,3.54386144000000E+08,2.49977240000000E+07,9.10882805814361E-13,1.67327598203845E-28,-1.87591476929736E-17,-9.10882805814361E-13,-1.67327598203845E-28,1.87591476929736E-17,3.84037718176842E-02,3.65280669711865E-07,-1.79104597124100E-19
0,13,27,1.95439920000000E+07,-6.51631347656250E+02,-2.49969380000000E+07,1.76583238049172E-12,3.54806400000000E+08,2.49969380000000E+07,8.82916190245858E-13,1.62190878226796E-28,-2.94379914983903E-17,-8.82916190245858E-13,-1.62190878226796E-28,2.94379914983903E-17,3.80372814834118E-02,3.68167263786745E-07,-1.79104597124100E-19
0,13,28,1.95406840000000E+07,-1.01745330810547E+03,-2.49957140000000E+07,1.70731094192855E-12,3.55284416000000E+08,2.49957140000000E+07,8.53655470964276E-13,1.56816691087605E-28,-4.44485270544798E-17,-8.53655470964276E-13,-1.56816691087605E-28,4.44485270544798E-17,3.76171618700027E-02,3.55341541080634E-07,-1.79104597124100E-19
0,13,29,1.95367380000000E+07,-1.54728002929688E+03,-2.49938940000000E+07,1.64550578024558E-12,3.55830080000000E+08,2.49938940000000E+07,8.22752890122791E-13,1.51141240356864E-28,-6.51607821769503E-17,-8.22752890122791E-13,-1.51141240356864E-28,6.51607821769503E-17,3.71344313025475E-02,3.17813459105309E-07,-1.79104597124100E-19
0,13,30,1.95319180000000E+07,-2.30085449218750E+03,-2.49912300000000E+07,1.57996640944014E-12,3.56451968000000E+08,2.49912300000000E+07,7.89983204720068E-13,1.45123250948450E-28,-9.30597975282408E-17,-7.89983204720068E-13,-1.45123250948450E-28,9.30597975282408E-17,3.65815460681915E-02,2.45000592258293E-07,-1.79104597124100E-19
0,13,31,1.95258940000000E+07,-3.34571166992188E+03,-2.49873540000000E+07,1.51049463735509E-12,3.57156128000000E+08,2.49873540000000E+07,7.55247264467435E-13,1.38744595046764E-28,-1.29409667211732E-16,-7.55247264467435E-13,-1.38744595046764E-28,1.29409667211732E-16,3.59536744654179E-02,1.26443680414923E-07,-1.79104597124100E-19
0,13,32,1.95182980000000E+07,-4.74199218750000E+03,-2.49818540000000E+07,1.43708851242652E-12,3.57946976000000E+08,2.49818540000000E+07,7.18544256213260E-13,1.32005128207059E-28,-1.74571134618727E-16,-7.18544256213260E-13,-1.32005128207059E-28,1.74571134618727E-16,3.52484732866287E-02,-4.42660486044133E-08,-1.79104597124100E-19
0,13,33,1.95089180000000E+07,-6.51189160156250E+03,-2.49745200000000E+07,1.35963928917654E-12,3.58836224000000E+08,2.49745200000000E+07,6.79819590378161E-13,1.24894727260065E-28,-2.26917347242569E-16,-6.79819590378161E-13,-1.24894727260065E-28,2.26917347242569E-16,3.44567038118839E-02,-2.62919826354846E-07,-1.79104597124100E-19
0,13,34,1.94981020000000E+07,-8.59902636718750E+03,-2.49658740000000E+07,1.27744266987390E-12,3.59860896000000E+08,2.49658740000000E+07,6.38721280726839E-13,1.17348440218408E-28,-2.81687979919690E-16,-6.38721280726839E-13,-1.17348440218408E-28,2.81687979919690E-16,3.35445292294025E-02,-5.07913114233816E-07,-1.79104597124100E-19
0,13,35,1.94869100000000E+07,-1.08420693359375E+04,-2.49574080000000E+07,1.18855218635833E-12,3.61106784000000E+08,2.49574080000000E+07,5.94276038969055E-13,1.09186975041326E-28,-3.30641534422203E-16,-5.94276038969055E-13,-1.09186975041326E-28,3.30641534422203E-16,3.24289426207542E-02,-7.40209145533299E-07,-1.79104597124100E-19
0,13,36,1.94766920000000E+07,-1.29973593750000E+04,-2.49511080000000E+07,1.08997023646334E-12,3.62705824000000E+08,2.49511080000000E+07,5.44985009811455E-13,1.00134388097508E-28,-3.63684210285254E-16,-5.44985009811455E-13,-1.00134388097508E-28,3.63684210285254E-16,3.09829805046320E-02,-9.17129455046961E-07,-1.79104597124100E-19
0,13,37,1.94681040000000E+07,-1.48063486328125E+04,-2.49483080000000E+07,9.78400845584593E-13,3.64809984000000E+08,2.49483080000000E+07,4.89200314372079E-13,8.98874176430853E-29,-3.72058348578725E-16,-4.89200314372079E-13,-8.98874176430853E-29,3.72058348578725E-16,2.90629565715790E-02,-1.01153648301988E-06,-1.79104597124100E-19
0,13,38,1.94604820000000E+07,-1.60507265625000E+04,-2.49490000000000E+07,8.51643679623121E-13,3.67566144000000E+08,2.49490000000000E+07,4.25821677181235E-13,7.82436785335576E-29,-3.51211623667155E-16,-4.25821677181235E-13,-7.82436785335576E-29,3.51211623667155E-16,2.65407897531986E-02,-1.01491434634227E-06,-1.79104597124100E-19
0,13,39,1.94519240000000E+07,-1.65498847656250E+04,-2.49522280000000E+07,7.08284667895465E-13,3.71147776000000E+08,2.49522280000000E+07,3.54142198422461E-13,6.50733149424248E-29,-3.01307592318704E-16,-3.54142198422461E-13,-6.50733149424248E-29,3.01307592318704E-16,2.32534557580948E-02,-9.20649654290173E-07,-1.79104597124100E-19
0,13,40,1.94409680000000E+07,-1.60742373046875E+04,-2.49568800000000E+07,5.54012564990547E-13,3.76066784000000E+08,2.49568800000000E+07,2.77006174075056E-13,5.08992349051815E-29,-2.29035035489823E-16,-2.77006174075056E-13,-5.08992349051815E-29,2.29035035489823E-16,1.87724679708481E-02,-7.13054021161952E-07,-1.79104597124100E-19
0,13,41,1.94377180000000E+07,-3.00699316406250E+04,-2.49244040000000E+07,5.96426716608506E-13,3.83440000000000E+08,2.49244040000000E+07,2.98213005938547E-13,5.48090893594063E-29,-4.61332153678200E-16,-2.98213005938547E-13,-5.48090893594063E-29,4.61332153678200E-16,1.15864137187600E-02,-9.91082856671710E-07,-1.79104597124100E-19
0,14,1,1.24509620000000E+07,7.05857734375000E+04,-2.44571960000000E+07,4.59483256998183E-10,1.91367152000000E+08,2.44571960000000E+07,2.29737937007535E-10,4.21224267330733E-26,1.30240772593798E-12,-2.29737937007535E-10,-4.21224267330733E-26,-1.30240772593798E-12,1.87634870409966E-01,3.69753892300650E-04,-1.79104597124100E-19
0,14,2,1.25849420000000E+07,4.01012382812500E+04,-2.47760880000000E+07,4.41753578162007E-10,1.94489168000000E+08,2.47760880000000E+07,2.20875664980191E-10,4.05311063164800E-26,7.03808376596032E-13,-2.20875664980191E-10,-4.05311063164800E-26,-7.03808376596032E-13,1.83656632900238E-01,2.19649620703422E-04,-1.79104597124100E-19
0,14,3,1.25367110000000E+07,3.16126660156250E+04,-2.48867380000000E+07,3.79574344178124E-10,2.07228368000000E+08,2.48867380000000E+07,1.89786561466398E-10,3.48339220440947E-26,4.78567218405862E-13,-1.89786561466398E-10,-3.48339220440947E-26,-4.78567218405862E-13,1.67946666479111E-01,1.64090626640245E-04,-1.79104597124100E-19
0,14,4,1.59881210000000E+07,3.22850332031250E+04,-2.49224080000000E+07,2.66654087699436E-10,2.35064384000000E+08,2.49224080000000E+07,1.33326766293962E-10,2.44752446677058E-26,2.69228595580623E-13,-1.33326766293962E-10,-2.44752446677058E-26,-2.69228595580623E-13,1.36930897831917E-01,1.05803635960910E-04,-1.79104597124100E-19
0,14,5,1.97479380000000E+07,2.95095839843750E+04,-2.49362140000000E+07,1.47442585918256E-10,2.74769120000000E+08,2.49362140000000E+07,7.37212096924011E-11,1.35356205384282E-26,1.10162503034680E-13,-7.37212096924011E-11,-1.35356205384282E-26,-1.10162503034680E-13,9.84610468149185E-02,5.24721908732317E-05,-1.79104597124100E-19
0,14,6,1.97625520000000E+07,2.23821347656250E+04,-2.49427100000000E+07,8.22069912143064E-11,3.00993792000000E+08,2.49427100000000E+07,4.11034713210245E-11,7.54773485949313E-27,4.65518533551874E-14,-4.11034713210245E-11,-7.54773485949313E-27,-4.65518533551874E-14,7.71401822566986E-02,2.87362017843407E-05,-1.79104597124100E-19
0,14,7,1.97483040000000E+07,1.61249609375000E+04,-2.49480600000000E+07,4.51362072717565E-11,3.18212768000000E+08,2.49480600000000E+07,2.25680966969843E-11,4.14456349209442E-27,1.84273881147657E-14,-2.25680966969843E-11,-4.14456349209442E-27,-1.84273881147657E-14,6.44188672304153E-02,1.64254270202946E-05,-1.79104597124100E-19
0,14,8,1.97200620000000E+07,1.12861533203125E+04,-2.49539300000000E+07,2.52166135195075E-11,3.29193152000000E+08,2.49539300000000E+07,1.26083050250303E-11,2.31566613535129E-27,7.21596346315179E-15,-1.26083050250303E-11,-2.31566613535129E-27,-7.21596346315179E-15,5.66579401493073E-02,9.92412242339924E-06,-1.79104597124100E-19
0,14,9,1.96900820000000E+07,7.93014404296875E+03,-2.49602860000000E+07,1.52418390408915E-11,3.36018432000000E+08,2.49602860000000E+07,7.62091865308401E-12,1.39975220947804E-27,3.06931091701129E-15,-7.62091865308401E-12,-1.39975220947804E-27,-3.06931091701129E-15,5.18912225961685E-02,6.38022402199567E-06,-1.79104597124100E-19
0,14,10,1.96648120000000E+07,5.65291162109375E+03,-2.49666360000000E+07,1.02375009511380E-11,3.40323360000000E+08,2.49666360000000E+07,5.11875004188811E-12,9.40209050639213E-28,1.47145271871772E-15,-5.11875004188811E-12,-9.40209050639213E-28,-1.47145271871772E-15,4.88734208047390E-02,4.32193519372959E-06,-1.79104597124100E-19
0,14,11,1.96453840000000E+07,4.04524658203125E+03,-2.49725420000000E+07,7.56560959713770E-12,3.43144672000000E+08,2.49725420000000E+07,3.78280479856885E-12,6.94842301643374E-28,7.78929963047838E-16,-3.78280479856885E-12,-6.94842301643374E-28,-7.78929963047838E-16,4.68781627714634E-02,3.04257582683931E-06,-1.79104597124100E-19
0,14,12,1.96308420000000E+07,2.87623535156250E+03,-2.49777500000000E+07,6.02215109377080E-12,3.45074624000000E+08,2.49777500000000E+07,3.01107554688540E-12,5.53098576264837E-28,4.41171234286331E-16,-3.01107554688540E-12,-5.53098576264837E-28,-4.41171234286331E-16,4.55002114176750E-02,2.20571882891818E-06,-1.79104597124100E-19
0,14,13,1.96199580000000E+07,2.02209863281250E+03,-2.49821720000000E+07,5.06491940402420E-12,3.46447392000000E+08,2.49821720000000E+07,2.53245970201210E-12,4.65189311360287E-28,2.61003805924654E-16,-2.53245970201210E-12,-4.65189311360287E-28,-2.61003805924654E-16,4.45109494030476E-02,1.64024265814078E-06,-1.79104597124100E-19
0,14,14,1.96117320000000E+07,1.40380383300781E+03,-2.49858380000000E+07,4.43563024851712E-12,3.47458176000000E+08,2.49858380000000E+07,2.21781512425856E-12,4.07396294478607E-28,1.58750769390613E-16,-2.21781512425856E-12,-4.07396294478607E-28,-1.58750769390613E-16,4.37758341431618E-02,1.25120300253911E-06,-1.79104597124100E-19
0,14,15,1.96054240000000E+07,9.63111633300781E+02,-2.49888320000000E+07,4.00177547349445E-12,3.48226592000000E+08,2.49888320000000E+07,2.00088773674723E-12,3.67551090971044E-28,9.82931178009576E-17,-2.00088773674723E-12,-3.67551090971044E-28,-9.82931178009576E-17,4.32116128504276E-02,9.81785547082836E-07,-1.79104597124100E-19
0,14,16,1.96005000000000E+07,6.54614074707031E+02,-2.49912500000000E+07,3.69036875710882E-12,3.48829472000000E+08,2.49912500000000E+07,1.84518437855441E-12,3.38951079445142E-28,6.16251409236578E-17,-1.84518437855441E-12,-3.38951079445142E-28,-6.16251409236578E-17,4.27642166614532E-02,7.96005053871340E-07,-1.79104597124100E-19
0,14,17,1.95965740000000E+07,4.42551483154297E+02,-2.49931920000000E+07,3.45864786463479E-12,3.49318464000000E+08,2.49931920000000E+07,1.72932393231739E-12,3.17669264670171E-28,3.90534995894538E-17,-1.72932393231739E-12,-3.17669264670171E-28,-3.90534995894538E-17,4.23969887197018E-02,6.70141162117943E-07,-1.79104597124100E-19
0,14,18,1.95933620000000E+07,2.98827148437500E+02,-2.49947380000000E+07,3.28021659314059E-12,3.49729536000000E+08,2.49947380000000E+07,1.64010829657030E-12,3.01281478625132E-28,2.50140277503873E-17,-1.64010829657030E-12,-3.01281478625132E-28,-2.50140277503873E-17,4.20840494334698E-02,5.88118268751714E-07,-1.79104597124100E-19
0,14,19,1.95906480000000E+07,2.01288528442383E+02,-2.49959580000000E+07,3.13803995809214E-12,3.50088768000000E+08,2.49959580000000E+07,1.56901997904607E-12,2.88223312490322E-28,1.61212505215685E-17,-1.56901997904607E-12,-2.88223312490322E-28,-1.61212505215685E-17,4.18064035475254E-02,5.38807796601759E-07,-1.79104597124100E-19
0,14,20,1.95882660000000E+07,1.32091110229492E+02,-2.49968980000000E+07,3.02068721598492E-12,3.50415872000000E+08,2.49968980000000E+07,1.51034360799246E-12,2.77444990001304E-28,1.01848192835562E-17,-1.51034360799246E-12,-2.77444990001304E-28,-1.01848192835562E-17,4.15494665503502E-02,5.14331986778416E-07,-1.79104597124100E-19
0,14,21,1.95860900000000E+07,7.61210098266602E+01,-2.49975940000000E+07,2.92020639440504E-12,3.50726432000000E+08,2.49975940000000E+07,1.46010319720252E-12,2.68216246671417E-28,5.67466662444752E-18,-1.46010319720252E-12,-2.68216246671417E-28,-5.67466662444752E-18,4.13014888763428E-02,5.08915036334656E-07,-1.79104597124100E-19
0,14,22,1.95840080000000E+07,1.94432353973389E+01,-2.49980680000000E+07,2.83086943643485E-12,3.51033440000000E+08,2.49980680000000E+07,1.41543471821742E-12,2.60011062884598E-28,1.40526033312908E-18,-1.41543471821742E-12,-2.60011062884598E-28,-1.40526033312908E-18,4.10524196922779E-02,5.18034255492239E-07,-1.79104597124100E-19
0,14,23,1.95819280000000E+07,-5.22994880676270E+01,-2.49983280000000E+07,2.74840306763169E-12,3.51348352000000E+08,2.49983280000000E+07,1.37420153381584E-12,2.52436958192306E-28,-3.67022271177432E-18,-1.37420153381584E-12,-2.52436958192306E-28,3.67022271177432E-18,4.07931096851826E-02,5.37723281013314E-07,-1.79104597124100E-19
0,14,24,1.95797580000000E+07,-1.55658660888672E+02,-2.49983680000000E+07,2.66950524185905E-12,3.51681952000000E+08,2.49983680000000E+07,1.33475262092952E-12,2.45190743073047E-28,-1.06112548775650E-17,-1.33475262092952E-12,-2.45190743073047E-28,1.06112548775650E-17,4.05147299170494E-02,5.63930711905414E-07,-1.79104597124100E-19
0,14,25,1.95774100000000E+07,-3.11490509033203E+02,-2.49981620000000E+07,2.59153722786953E-12,3.52044864000000E+08,2.49981620000000E+07,1.29576861393477E-12,2.38030087391566E-28,-2.06165999564349E-17,-1.29576861393477E-12,-2.38030087391566E-28,2.06165999564349E-17,4.02083098888397E-02,5.91866751165071E-07,-1.79104597124100E-19
0,14,26,1.95747840000000E+07,-5.47618347167969E+02,-2.49976700000000E+07,2.51233062131817E-12,3.52447872000000E+08,2.49976700000000E+07,1.25616531065909E-12,2.30755970362237E-28,-3.51421065798253E-17,-1.25616531065909E-12,-2.30755970362237E-28,3.51421065798253E-17,3.98644693195820E-02,6.15293743067014E-07,-1.79104597124100E-19
0,14,27,1.95717620000000E+07,-9.02279357910156E+02,-2.49968160000000E+07,2.43007892454516E-12,3.52902208000000E+08,2.49968160000000E+07,1.21503946227258E-12,2.23202545342723E-28,-5.60146262916168E-17,-1.21503946227258E-12,-2.23202545342723E-28,5.60146262916168E-17,3.94733399152756E-02,6.25748668880988E-07,-1.79104597124100E-19
0,14,28,1.95681940000000E+07,-1.42847717285156E+03,-2.49954860000000E+07,2.34329396164856E-12,3.53419264000000E+08,2.49954860000000E+07,1.17164698082428E-12,2.15233312048216E-28,-8.55301775529625E-17,-1.17164698082428E-12,-2.15233312048216E-28,8.55301775529625E-17,3.90247590839863E-02,6.11754444435064E-07,-1.79104597124100E-19
0,14,29,1.95638760000000E+07,-2.19882153320312E+03,-2.49934960000000E+07,2.25082777936814E-12,3.54010016000000E+08,2.49934960000000E+07,1.12541388968407E-12,2.06742922110758E-28,-1.26487416778595E-16,-1.12541388968407E-12,-2.06742922110758E-28,1.26487416778595E-16,3.85089479386806E-02,5.58245972115401E-07,-1.79104597124100E-19
0,14,30,1.95585320000000E+07,-3.30886865234375E+03,-2.49905600000000E+07,2.15194355390746E-12,3.54683904000000E+08,2.49905600000000E+07,1.07597177695373E-12,1.97663955945233E-28,-1.82030503798942E-16,-1.07597177695373E-12,-1.97663955945233E-28,1.82030503798942E-16,3.79177257418633E-02,4.46826902589237E-07,-1.79104597124100E-19
0,14,31,1.95517740000000E+07,-4.87365527343750E+03,-2.49862600000000E+07,2.04639148508601E-12,3.55447744000000E+08,2.49862600000000E+07,1.02319574254300E-12,1.87973615355924E-28,-2.55051176008706E-16,-1.02319574254300E-12,-1.87973615355924E-28,2.55051176008706E-16,3.72458510100842E-02,2.58190681279302E-07,-1.79104597124100E-19
0,14,32,1.95431840000000E+07,-7.00747021484375E+03,-2.49801240000000E+07,1.93435111678353E-12,3.56306464000000E+08,2.49801240000000E+07,9.67175558391764E-13,1.77688499451540E-28,-3.46793738042293E-16,-9.67175558391764E-13,-1.77688499451540E-28,3.46793738042293E-16,3.64906266331673E-02,-2.12837303337210E-08,-1.79104597124100E-19
0,14,33,1.95325200000000E+07,-9.77325781250000E+03,-2.49719260000000E+07,1.81590061997666E-12,3.57273280000000E+08,2.49719260000000E+07,9.07950201568114E-13,1.66815565654005E-28,-4.54300403787450E-16,-9.07950201568114E-13,-1.66815565654005E-28,4.54300403787450E-16,3.56416180729866E-02,-3.86478831160275E-07,-1.79104597124100E-19
0,14,34,1.95201540000000E+07,-1.31047597656250E+04,-2.49622540000000E+07,1.69004578127324E-12,3.58389376000000E+08,2.49622540000000E+07,8.45022728006295E-13,1.55262886919660E-28,-5.67301904610344E-16,-8.45022728006295E-13,-1.55262886919660E-28,5.67301904610344E-16,3.46614420413971E-02,-7.98160783688218E-07,-1.79104597124100E-19
0,14,35,1.95072280000000E+07,-1.67476816406250E+04,-2.49527960000000E+07,1.55362658502134E-12,3.59748800000000E+08,2.49527960000000E+07,7.76813021460127E-13,1.42739070047920E-28,-6.66922825965461E-16,-7.76813021460127E-13,-1.42739070047920E-28,6.66922825965461E-16,3.34599986672401E-02,-1.18152706818364E-06,-1.79104597124100E-19
0,14,36,1.94951740000000E+07,-2.03060332031250E+04,-2.49457940000000E+07,1.40203473830702E-12,3.61494048000000E+08,2.49457940000000E+07,7.01016989682751E-13,1.28819435448986E-28,-7.30174217208288E-16,-7.01016989682751E-13,-1.28819435448986E-28,7.30174217208288E-16,3.19014675915241E-02,-1.46167508319195E-06,-1.79104597124100E-19
0,14,37,1.94846420000000E+07,-2.33901679687500E+04,-2.49427540000000E+07,1.23166884677395E-12,3.63783264000000E+08,2.49427540000000E+07,6.15833935495996E-13,1.13172133356377E-28,-7.39272515732102E-16,-6.15833935495996E-13,-1.13172133356377E-28,7.39272515732102E-16,2.98373810946941E-02,-1.61550985922077E-06,-1.79104597124100E-19
0,14,38,1.94748940000000E+07,-2.56885195312500E+04,-2.49436380000000E+07,1.04305778424185E-12,3.66756896000000E+08,2.49436380000000E+07,5.21528458440057E-13,9.58453421113580E-29,-6.87926384321171E-16,-5.21528458440057E-13,-9.58453421113580E-29,6.87926384321171E-16,2.71457340568304E-02,-1.65833114351699E-06,-1.79104597124100E-19
0,14,39,1.94639820000000E+07,-2.68979648437500E+04,-2.49473420000000E+07,8.39995933053783E-13,3.70568896000000E+08,2.49473420000000E+07,4.19997559951077E-13,7.71878355897959E-29,-5.80409421831749E-16,-4.19997559951077E-13,-7.71878355897959E-29,5.80409421831749E-16,2.36802250146866E-02,-1.57238753217825E-06,-1.79104597124100E-19
0,14,40,1.94507920000000E+07,-2.64230878906250E+04,-2.49526080000000E+07,6.36618795873956E-13,3.75697568000000E+08,2.49526080000000E+07,3.18309099781380E-13,5.84989123360160E-29,-4.32409604889271E-16,-3.18309099781380E-13,-5.84989123360160E-29,4.32409604889271E-16,1.90384238958359E-02,-1.28578460589779E-06,-1.79104597124100E-19
0,14,41,1.94460580000000E+07,-4.99163593750000E+04,-2.49171560000000E+07,6.89706321568839E-13,3.83181824000000E+08,2.49171560000000E+07,3.44852022372139E-13,6.34024924747649E-29,-8.85205545813499E-16,-3.44852022372139E-13,-6.34024924747649E-29,8.85205545813499E-16,1.17603465914726E-02,-1.87465082035487E-06,-1.79104597124100E-19
0,15,1,1.24691020000000E+07,9.66396718750000E+04,-2.44550440000000E+07,4.71834404880411E-10,1.89638352000000E+08,2.44550440000000E+07,2.35910097012848E-10,4.32240278463837E-26,1.82838141328523E-12,-2.35910097012848E-10,-4.32240278463837E-26,-1.82838141328523E-12,1.89644366502762E-01,5.11846970766783E-04,-1.79104597124100E-19
0,15,2,1.26071200000000E+07,5.47809765625000E+04,-2.47780920000000E+07,4.54501075664027E-10,1.92646624000000E+08,2.47780920000000E+07,2.27248386774903E-10,4.16843870635461E-26,9.87448946394853E-13,-2.27248386774903E-10,-4.16843870635461E-26,-9.87448946394853E-13,1.85759976506233E-01,3.04786779452115E-04,-1.79104597124100E-19
0,15,3,1.25656040000000E+07,4.57131640625000E+04,-2.48904000000000E+07,3.93261812003942E-10,2.04945808000000E+08,2.48904000000000E+07,1.96629601489917E-10,3.60764704144551E-26,7.15330626763905E-13,-1.96629601489917E-10,-3.60764704144551E-26,-7.15330626763905E-13,1.70399382710457E-01,2.41939414991066E-04,-1.79104597124100E-19
0,15,4,1.60110490000000E+07,4.99933164062500E+04,-2.49263600000000E+07,2.82495776771086E-10,2.31537728000000E+08,2.49263600000000E+07,1.41247194496152E-10,2.59196828815325E-26,4.41033928127998E-13,-1.41247194496152E-10,-2.59196828815325E-26,-4.41033928127998E-13,1.40299111604691E-01,1.69359293067828E-04,-1.79104597124100E-19
0,15,5,1.97468560000000E+07,4.75419257812500E+04,-2.49399440000000E+07,1.65347319169840E-10,2.69123872000000E+08,2.49399440000000E+07,8.26734236625271E-11,1.51746732027632E-26,1.99041995450726E-13,-8.26734236625271E-11,-1.51746732027632E-26,-1.99041995450726E-13,1.03084608912468E-01,8.96912679309025E-05,-1.79104597124100E-19
0,15,6,1.97674100000000E+07,3.67308476562500E+04,-2.49460100000000E+07,9.99965665826608E-11,2.94084640000000E+08,2.49460100000000E+07,4.99981965551566E-11,9.17883112204193E-27,9.29042338394283E-14,-4.99981965551566E-11,-9.17883112204193E-27,-9.29042338394283E-14,8.22900906205177E-02,5.08600278408267E-05,-1.79104597124100E-19
0,15,7,1.97630360000000E+07,2.70493593750000E+04,-2.49508560000000E+07,6.08248243438858E-11,3.10934144000000E+08,2.49508560000000E+07,3.04123844163673E-11,5.58411523646622E-27,4.16249540803430E-14,-3.04123844163673E-11,-5.58411523646622E-27,-4.16249540803430E-14,6.95825070142746E-02,2.98702325380873E-05,-1.79104597124100E-19
0,15,8,1.97459840000000E+07,1.87090175781250E+04,-2.49562140000000E+07,3.77541088669719E-11,3.22142304000000E+08,2.49562140000000E+07,1.88770474945921E-11,3.46656219596025E-27,1.78857122390625E-14,-1.88770474945921E-11,-3.46656219596025E-27,-1.78857122390625E-14,6.15716949105263E-02,1.79163107532077E-05,-1.79104597124100E-19
0,15,9,1.97252080000000E+07,1.26687548828125E+04,-2.49620920000000E+07,2.47701217176433E-11,3.29446080000000E+08,2.49620920000000E+07,1.23850582567364E-11,2.27461127931978E-27,7.95445422041314E-15,-1.23850582567364E-11,-2.27461127931978E-27,-7.95445422041314E-15,5.64732775092125E-02,1.12665347842267E-05,-1.79104597124100E-19
0,15,10,1.97060900000000E+07,8.61582421875000E+03,-2.49680240000000E+07,1.75320886280916E-11,3.34231168000000E+08,2.49680240000000E+07,8.76604344668408E-12,1.61006135199269E-27,3.83265722083510E-15,-8.76604344668408E-12,-1.61006135199269E-27,-3.83265722083510E-15,5.31530901789665E-02,7.44989802115015E-06,-1.79104597124100E-19
0,15,11,1.96904540000000E+07,5.90423388671875E+03,-2.49735840000000E+07,1.33621429893038E-11,3.37447456000000E+08,2.49735840000000E+07,6.68107106097104E-12,1.22717020494048E-27,2.00333647003422E-15,-6.68107106097104E-12,-1.22717020494048E-27,-2.00333647003422E-15,5.09163662791252E-02,5.13675286129001E-06,-1.79104597124100E-19
0,15,12,1.96782400000000E+07,4.05252001953125E+03,-2.49785220000000E+07,1.08288933375889E-11,3.39682880000000E+08,2.49785220000000E+07,5.41444666879443E-12,9.94549452909591E-28,1.11504655962241E-15,-5.41444666879443E-12,-9.94549452909591E-28,-1.11504655962241E-15,4.93530593812466E-02,3.66325821232749E-06,-1.79104597124100E-19
0,15,13,1.96688180000000E+07,2.76964453125000E+03,-2.49827420000000E+07,9.20446791702334E-12,3.41289280000000E+08,2.49827420000000E+07,4.60223395851167E-12,8.45377030549564E-28,6.48058872834516E-16,-4.60223395851167E-12,-8.45377030549564E-28,-6.48058872834516E-16,4.82218451797962E-02,2.69008796749404E-06,-1.79104597124100E-19
0,15,14,1.96615380000000E+07,1.87866943359375E+03,-2.49862640000000E+07,8.11165197511787E-12,3.42480128000000E+08,2.49862640000000E+07,4.05582598755894E-12,7.45019421152970E-28,3.87536155154123E-16,-4.05582598755894E-12,-7.45019421152970E-28,-3.87536155154123E-16,4.73766997456551E-02,2.03272247745190E-06,-1.79104597124100E-19
0,15,15,1.96558560000000E+07,1.26418432617188E+03,-2.49891560000000E+07,7.34548272901536E-12,3.43389440000000E+08,2.49891560000000E+07,3.67274136450768E-12,6.74657207675235E-28,2.36215730830392E-16,-3.67274136450768E-12,-6.74657207675235E-28,-2.36215730830392E-16,4.67256866395473E-02,1.58396255756088E-06,-1.79104597124100E-19
0,15,16,1.96513600000000E+07,8.46050598144531E+02,-2.49915040000000E+07,6.78847342922007E-12,3.44104704000000E+08,2.49915040000000E+07,3.39423671461003E-12,6.23502245384625E-28,1.46132188703121E-16,-3.39423671461003E-12,-6.23502245384625E-28,-1.46132188703121E-16,4.62084300816059E-02,1.27794385207380E-06,-1.79104597124100E-19
0,15,17,1.96477320000000E+07,5.66463806152344E+02,-2.49933980000000E+07,6.36978447418612E-12,3.44685184000000E+08,2.49933980000000E+07,3.18489223709306E-12,5.85049561449227E-28,9.18236389685069E-17,-3.18489223709306E-12,-5.85049561449227E-28,-9.18236389685069E-17,4.57836911082268E-02,1.07242840385879E-06,-1.79104597124100E-19
0,15,18,1.96447300000000E+07,3.82814849853516E+02,-2.49949120000000E+07,6.04472895349151E-12,3.45172608000000E+08,2.49949120000000E+07,3.02236447674575E-12,5.55195721381280E-28,5.88965036934169E-17,-3.02236447674575E-12,-5.55195721381280E-28,-5.88965036934169E-17,4.54222299158573E-02,9.39467099669855E-07,-1.79104597124100E-19
0,15,19,1.96421720000000E+07,2.63091827392578E+02,-2.49961060000000E+07,5.78395881536964E-12,3.45597248000000E+08,2.49961060000000E+07,2.89197940768482E-12,5.31245626964859E-28,3.87358456906212E-17,-2.89197940768482E-12,-5.31245626964859E-28,-3.87358456906212E-17,4.51024807989597E-02,8.60118234413676E-07,-1.79104597124100E-19
0,15,20,1.96399100000000E+07,1.82502288818359E+02,-2.49970280000000E+07,5.56747573390859E-12,3.45982144000000E+08,2.49970280000000E+07,2.78373786695429E-12,5.11362759553242E-28,2.58676582902073E-17,-2.78373786695429E-12,-5.11362759553242E-28,-2.58676582902073E-17,4.48078811168671E-02,8.21249841465033E-07,-1.79104597124100E-19
0,15,21,1.96378240000000E+07,1.20742141723633E+02,-2.49977080000000E+07,5.38115732529043E-12,3.46345504000000E+08,2.49977080000000E+07,2.69057866264522E-12,4.94250294218378E-28,1.65428826777603E-17,-2.69057866264522E-12,-4.94250294218378E-28,-1.65428826777603E-17,4.45250384509563E-02,8.13456495052378E-07,-1.79104597124100E-19
0,15,22,1.96358120000000E+07,5.95991172790527E+01,-2.49981680000000E+07,5.21466550496008E-12,3.46702496000000E+08,2.49981680000000E+07,2.60733275248004E-12,4.78958795645933E-28,7.91384288826734E-18,-2.60733275248004E-12,-4.78958795645933E-28,-7.91384288826734E-18,4.42425049841404E-02,8.29579278160963E-07,-1.79104597124100E-19
0,15,23,1.96337800000000E+07,-1.93480987548828E+01,-2.49984100000000E+07,5.06013720508180E-12,3.47066624000000E+08,2.49984100000000E+07,2.53006860254090E-12,4.64766184551506E-28,-2.49325471513283E-18,-2.53006860254090E-12,-4.64766184551506E-28,2.49325471513283E-18,4.39498461782932E-02,8.63530317474215E-07,-1.79104597124100E-19
0,15,24,1.96316380000000E+07,-1.37168228149414E+02,-2.49984240000000E+07,4.91134823782380E-12,3.47450496000000E+08,2.49984240000000E+07,2.45567411891190E-12,4.51101085668846E-28,-1.71580403557037E-17,-2.45567411891190E-12,-4.51101085668846E-28,1.71580403557037E-17,4.36369664967060E-02,9.09232198864629E-07,-1.79104597124100E-19
0,15,25,1.96292880000000E+07,-3.20415863037109E+02,-2.49981820000000E+07,4.76317423003803E-12,3.47866624000000E+08,2.49981820000000E+07,2.38158711501901E-12,4.37492849867795E-28,-3.88754969390773E-17,-2.38158711501901E-12,-4.37492849867795E-28,3.88754969390773E-17,4.32935990393162E-02,9.59540443545848E-07,-1.79104597124100E-19
0,15,26,1.96266160000000E+07,-6.04686828613281E+02,-2.49976340000000E+07,4.61124801537371E-12,3.48327872000000E+08,2.49976340000000E+07,2.30562400768686E-12,4.23540594830427E-28,-7.10351938941753E-17,-2.30562400768686E-12,-4.23540594830427E-28,7.10351938941753E-17,4.29089590907097E-02,1.00506395028788E-06,-1.79104597124100E-19
0,15,27,1.96234860000000E+07,-1.03927343750000E+03,-2.49966940000000E+07,4.45177618726977E-12,3.48847488000000E+08,2.49966940000000E+07,2.22588809363489E-12,4.08896208719296E-28,-1.17884579589366E-16,-2.22588809363489E-12,-4.08896208719296E-28,1.17884579589366E-16,4.24716286361217E-02,1.03284912711388E-06,-1.79104597124100E-19
0,15,28,1.96197140000000E+07,-1.69330664062500E+03,-2.49952220000000E+07,4.28149616454876E-12,3.49439136000000E+08,2.49952220000000E+07,2.14074808227438E-12,3.93260353872793E-28,-1.84760226290147E-16,-2.14074808227438E-12,-3.93260353872793E-28,1.84760226290147E-16,4.19698394834995E-02,1.02499927834288E-06,-1.79104597124100E-19
0,15,29,1.96150500000000E+07,-2.66340771484375E+03,-2.49929980000000E+07,4.09778894844282E-12,3.50116032000000E+08,2.49929980000000E+07,2.04889447422141E-12,3.76392818678607E-28,-2.78206833325152E-16,-2.04889447422141E-12,-3.76392818678607E-28,2.78206833325152E-16,4.13922481238842E-02,9.57538532020408E-07,-1.79104597124100E-19
0,15,30,1.96091460000000E+07,-4.08129589843750E+03,-2.49896740000000E+07,3.89894583632810E-12,3.50889504000000E+08,2.49896740000000E+07,1.94947291816405E-12,3.58137217625252E-28,-4.05748210553038E-16,-1.94947291816405E-12,-3.58137217625252E-28,4.05748210553038E-16,4.07294146716595E-02,8.00375573817291E-07,-1.79104597124100E-19
0,15,31,1.96015180000000E+07,-6.11537060546875E+03,-2.49847360000000E+07,3.68448370771657E-12,3.51767488000000E+08,2.49847360000000E+07,1.84224185385828E-12,3.38449519139375E-28,-5.74750977046294E-16,-1.84224185385828E-12,-3.38449519139375E-28,5.74750977046294E-16,3.99754419922829E-02,5.20330445397121E-07,-1.79104597124100E-19
0,15,32,1.95916340000000E+07,-8.95163183593750E+03,-2.49776040000000E+07,3.45510664349902E-12,3.52755712000000E+08,2.49776040000000E+07,1.72755321332929E-12,3.17394699282475E-28,-7.89337933326784E-16,-1.72755321332929E-12,-3.17394699282475E-28,7.89337933326784E-16,3.91273535788059E-02,9.12065019065267E-08,-1.79104597124100E-19
0,15,33,1.95791860000000E+07,-1.27242158203125E+04,-2.49679820000000E+07,3.21139946232729E-12,3.53869696000000E+08,2.49679820000000E+07,1.60569929748278E-12,2.95026082239886E-28,-1.04351960354535E-15,-1.60569929748278E-12,-2.95026082239886E-28,1.04351960354535E-15,3.81730757653713E-02,-4.82004338664410E-07,-1.79104597124100E-19
0,15,34,1.95645720000000E+07,-1.73848281250000E+04,-2.49565780000000E+07,2.95108056914961E-12,3.55158720000000E+08,2.49565780000000E+07,1.47553963405350E-12,2.71132513867332E-28,-1.31114569834010E-15,-1.47553963405350E-12,-2.71132513867332E-28,1.31114569834010E-15,3.70685495436192E-02,-1.12784675820876E-06,-1.79104597124100E-19
0,15,35,1.95490880000000E+07,-2.25947402343750E+04,-2.49454560000000E+07,2.66622054295729E-12,3.56735680000000E+08,2.49454560000000E+07,1.33310940411691E-12,2.44982574120183E-28,-1.54080121193357E-15,-1.33310940411691E-12,-2.44982574120183E-28,1.54080121193357E-15,3.57080809772015E-02,-1.70433156654326E-06,-1.79104597124100E-19
0,15,36,1.95342920000000E+07,-2.78343554687500E+04,-2.49373680000000E+07,2.34603330685756E-12,3.58769984000000E+08,2.49373680000000E+07,1.17301546080639E-12,2.15581784997529E-28,-1.67142629201527E-15,-1.17301546080639E-12,-2.15581784997529E-28,1.67142629201527E-15,3.39339450001717E-02,-2.09510903914634E-06,-1.79104597124100E-19
0,15,37,1.95207240000000E+07,-3.26888203125000E+04,-2.49341080000000E+07,1.98605628470849E-12,3.61441088000000E+08,2.49341080000000E+07,9.93026732891422E-13,1.82517877120651E-28,-1.66289296446727E-15,-9.93026732891422E-13,-1.82517877120651E-28,1.66289296446727E-15,3.15810218453407E-02,-2.32616275752662E-06,-1.79104597124100E-19
0,15,38,1.95073180000000E+07,-3.69231445312500E+04,-2.49355440000000E+07,1.59811053279668E-12,3.64885152000000E+08,2.49355440000000E+07,7.99053856935517E-13,1.46876424976826E-28,-1.51243651374974E-15,-7.99053856935517E-13,-1.46876424976826E-28,1.51243651374974E-15,2.85315290093422E-02,-2.52604422712466E-06,-1.79104597124100E-19
0,15,39,1.94919540000000E+07,-3.99362890625000E+04,-2.49402300000000E+07,1.20812756500277E-12,3.69210688000000E+08,2.49402300000000E+07,6.04062535668887E-13,1.11040273352686E-28,-1.23763964978178E-15,-6.04062535668887E-13,-1.11040273352686E-28,1.23763964978178E-15,2.46760807931423E-02,-2.63557376456447E-06,-1.79104597124100E-19
0,15,40,1.94739780000000E+07,-4.04027812500000E+04,-2.49465920000000E+07,8.56491310166629E-13,3.74825280000000E+08,2.49465920000000E+07,4.28244733511468E-13,7.87216883272234E-29,-8.88481975132597E-16,-4.28244733511468E-13,-7.87216883272234E-29,8.88481975132597E-16,1.96671765297651E-02,-2.32076695283467E-06,-1.79104597124100E-19
0,15,41,1.94669800000000E+07,-7.94069609375000E+04,-2.49072300000000E+07,9.30766206296008E-13,3.82581376000000E+08,2.49072300000000E+07,4.65379254230291E-13,8.56050161152431E-29,-1.89830946677237E-15,-4.65379254230291E-13,-8.56050161152431E-29,1.89830946677237E-15,1.21627617627382E-02,-3.87245472666109E-06,-1.79104597124100E-19
0,16,1,1.24940450000000E+07,1.21653656250000E+05,-2.44526920000000E+07,4.89280838067430E-10,1.87244704000000E+08,2.44526920000000E+07,2.44628817203107E-10,4.47917348211149E-26,2.38193405971421E-12,-2.44628817203107E-10,-4.47917348211149E-26,-2.38193405971421E-12,1.92460149526596E-01,6.55612850096077E-04,-1.79104597124100E-19
0,16,2,1.26375670000000E+07,6.97936171875000E+04,-2.47804760000000E+07,4.72905159476511E-10,1.90027104000000E+08,2.47804760000000E+07,2.36448971513425E-10,4.33550095715295E-26,1.30583900897346E-12,-2.36448971513425E-10,-4.33550095715295E-26,-1.30583900897346E-12,1.88796639442444E-01,3.97310126572847E-04,-1.79104597124100E-19
0,16,3,1.26064330000000E+07,6.50840273437500E+04,-2.48947500000000E+07,4.14000028703398E-10,2.01517488000000E+08,2.48947500000000E+07,2.06997252671925E-10,3.79593427282617E-26,1.06867780683834E-12,-2.06997252671925E-10,-3.79593427282617E-26,-1.06867780683834E-12,1.74169704318047E-01,3.54887393768877E-04,-1.79104597124100E-19
0,16,4,1.60422190000000E+07,7.35862656250000E+04,-2.49311000000000E+07,3.06995040499913E-10,2.26167776000000E+08,2.49311000000000E+07,1.53495896548783E-10,2.81536260315536E-26,7.04091515993377E-13,-1.53495896548783E-10,-2.81536260315536E-26,-7.04091515993377E-13,1.45588755607605E-01,2.61710287304595E-04,-1.79104597124100E-19
0,16,5,1.97411000000000E+07,7.20170781250000E+04,-2.49444620000000E+07,1.95356231191823E-10,2.59909680000000E+08,2.49444620000000E+07,9.76774702787786E-11,1.79212403557099E-26,3.56335024421367E-13,-9.76774702787786E-11,-1.79212403557099E-26,-3.56335024421367E-13,1.10977724194527E-01,1.50516701978631E-04,-1.79104597124100E-19
0,16,6,1.97678880000000E+07,5.94711523437500E+04,-2.49500440000000E+07,1.31555766280655E-10,2.82447008000000E+08,2.49500440000000E+07,6.57775847678899E-11,1.20710293936634E-26,1.97890071300041E-13,-6.57775847678899E-11,-1.20710293936634E-26,-1.97890071300041E-13,9.13605466485023E-02,9.46328073041514E-05,-1.79104597124100E-19
0,16,7,1.97748220000000E+07,4.34395664062500E+04,-2.49543060000000E+07,9.18405559935387E-11,2.97834592000000E+08,2.49543060000000E+07,4.59201669744669E-11,8.42922066908753E-27,1.00873329871368E-13,-4.59201669744669E-11,-8.42922066908753E-27,-1.00873329871368E-13,7.92438760399818E-02,5.66664348298218E-05,-1.79104597124100E-19
0,16,8,1.97720520000000E+07,3.02713027343750E+04,-2.49590600000000E+07,6.60976481881015E-11,3.08571136000000E+08,2.49590600000000E+07,3.30487859301343E-11,6.06786531247955E-27,5.05981771780663E-14,-3.30487859301343E-11,-6.06786531247955E-27,-5.05981771780663E-14,7.12916031479836E-02,3.45668122463394E-05,-1.79104597124100E-19
0,16,9,1.97650800000000E+07,2.06262500000000E+04,-2.49643640000000E+07,4.94707920462023E-11,3.16046016000000E+08,2.49643640000000E+07,2.47353838800368E-11,4.54223566998732E-27,2.58131105330744E-14,-2.47353838800368E-11,-4.54223566998732E-27,-2.58131105330744E-14,6.59506991505623E-02,2.18578934436664E-05,-1.79104597124100E-19
0,16,10,1.97571560000000E+07,1.39614511718750E+04,-2.49697900000000E+07,3.87580280369892E-11,3.21269984000000E+08,2.49697900000000E+07,1.93790105490477E-11,3.55902763333424E-27,1.36942332270456E-14,-1.93790105490477E-11,-3.55902763333424E-27,-1.36942332270456E-14,6.22888244688511E-02,1.43807792483130E-05,-1.79104597124100E-19
0,16,11,1.97498440000000E+07,9.45676171875000E+03,-2.49749320000000E+07,3.17685738826512E-11,3.24970624000000E+08,2.49749320000000E+07,1.58842852066021E-11,2.91743026500887E-27,7.60582816481748E-15,-1.58842852066021E-11,-2.91743026500887E-27,-7.60582816481748E-15,5.97173459827900E-02,9.81552602752345E-06,-1.79104597124100E-19
0,16,12,1.97436480000000E+07,6.41546826171875E+03,-2.49795400000000E+07,2.70927759393746E-11,3.27645280000000E+08,2.49795400000000E+07,1.35463871023256E-11,2.48816147304135E-27,4.40174054161264E-15,-1.35463871023256E-11,-2.48816147304135E-27,-4.40174054161264E-15,5.78637793660164E-02,6.91993409418501E-06,-1.79104597124100E-19
0,16,13,1.97385840000000E+07,4.35419433593750E+03,-2.49835140000000E+07,2.38698019683348E-11,3.29622400000000E+08,2.49835140000000E+07,1.19349009841674E-11,2.19224445560919E-27,2.63275585346882E-15,-1.19349009841674E-11,-2.19224445560919E-27,-2.63275585346882E-15,5.64923062920570E-02,5.02549301018007E-06,-1.79104597124100E-19
0,16,14,1.97344960000000E+07,2.95596997070312E+03,-2.49868560000000E+07,2.15807337278218E-11,3.31117952000000E+08,2.49868560000000E+07,1.07903668639109E-11,1.98205924668646E-27,1.61625607154528E-15,-1.07903668639109E-11,-1.98205924668646E-27,-1.61625607154528E-15,5.54512888193130E-02,3.75918830286537E-06,-1.79104597124100E-19
0,16,15,1.97311980000000E+07,2.01189318847656E+03,-2.49896180000000E+07,1.99081792717770E-11,3.32276192000000E+08,2.49896180000000E+07,9.95408963588851E-12,1.82847442252734E-27,1.01496961690432E-15,-9.95408963588851E-12,-1.82847442252734E-27,-1.01496961690432E-15,5.46406321227551E-02,2.90298839900061E-06,-1.79104597124100E-19
0,16,16,1.97285140000000E+07,1.38102575683594E+03,-2.49918780000000E+07,1.86526540740806E-11,3.33195584000000E+08,2.49918780000000E+07,9.32632703704028E-12,1.71317843381361E-27,6.52856996843356E-16,-9.32632703704028E-12,-1.71317843381361E-27,-6.52856996843356E-16,5.39922453463078E-02,2.32363072427688E-06,-1.79104597124100E-19
0,16,17,1.97262960000000E+07,9.66100524902344E+02,-2.49937080000000E+07,1.76848310301514E-11,3.33945312000000E+08,2.49937080000000E+07,8.84241551507570E-12,1.62429888540307E-27,4.33059623266950E-16,-8.84241551507570E-12,-1.62429888540307E-27,-4.33059623266950E-16,5.34583516418934E-02,1.93656705960166E-06,-1.79104597124100E-19
0,16,18,1.97244220000000E+07,6.98725036621094E+02,-2.49951780000000E+07,1.69182185622008E-11,3.34575264000000E+08,2.49951780000000E+07,8.45910928110039E-12,1.55389478294905E-27,2.99658551519298E-16,-8.45910928110039E-12,-1.55389478294905E-27,-2.99658551519298E-16,5.30043654143810E-02,1.68657265930960E-06,-1.79104597124100E-19
0,16,19,1.97227880000000E+07,5.29879943847656E+02,-2.49963420000000E+07,1.62931838160185E-11,3.35122528000000E+08,2.49963420000000E+07,8.14659190800926E-12,1.49649128539862E-27,2.18869448982689E-16,-8.14659190800926E-12,-1.49649128539862E-27,-2.18869448982689E-16,5.26044107973576E-02,1.53675182446023E-06,-1.79104597124100E-19
0,16,20,1.97213100000000E+07,4.23399993896484E+02,-2.49972400000000E+07,1.57673388234691E-11,3.35615584000000E+08,2.49972400000000E+07,7.88366941173457E-12,1.44819618463068E-27,1.69255777881579E-16,-7.88366941173457E-12,-1.44819618463068E-27,-1.69255777881579E-16,5.22383749485016E-02,1.46194508943154E-06,-1.79104597124100E-19
0,16,21,1.97199100000000E+07,3.51183013916016E+02,-2.49979020000000E+07,1.53095591759467E-11,3.36077312000000E+08,2.49979020000000E+07,7.65477958797334E-12,1.40615188209024E-27,1.36320542853931E-16,-7.65477958797334E-12,-1.40615188209024E-27,-1.36320542853931E-16,5.18898852169514E-02,1.44452144468232E-06,-1.79104597124100E-19
0,16,22,1.97185180000000E+07,2.89377777099609E+02,-2.49983420000000E+07,1.48961572243866E-11,3.36526944000000E+08,2.49983420000000E+07,7.44807861219332E-12,1.36818313620162E-27,1.09303778491655E-16,-7.44807861219332E-12,-1.36818313620162E-27,-1.09303778491655E-16,5.15448749065399E-02,1.47147216011945E-06,-1.79104597124100E-19
0,16,23,1.97170640000000E+07,2.15031234741211E+02,-2.49985620000000E+07,1.45083441788207E-11,3.36981600000000E+08,2.49985620000000E+07,7.25417208941037E-12,1.33256498781012E-27,7.91128706561068E-17,-7.25417208941037E-12,-1.33256498781012E-27,-7.91128706561068E-17,5.11904843151569E-02,1.53217365550518E-06,-1.79104597124100E-19
0,16,24,1.97154740000000E+07,1.02771171569824E+02,-2.49985500000000E+07,1.41305257425617E-11,3.37457504000000E+08,2.49985500000000E+07,7.06526287128084E-12,1.29786550800210E-27,3.68292109222987E-17,-7.06526287128084E-12,-1.29786550800210E-27,-3.68292109222987E-17,5.08142374455929E-02,1.61641366958065E-06,-1.79104597124100E-19
0,16,25,1.97136600000000E+07,-7.88773193359375E+01,-2.49982700000000E+07,1.37491320412186E-11,3.37970784000000E+08,2.49982700000000E+07,6.87456602060932E-12,1.26283900528952E-27,-2.75061723891381E-17,-6.87456602060932E-12,-1.26283900528952E-27,2.75061723891381E-17,5.04033677279949E-02,1.71239764767961E-06,-1.79104597124100E-19
0,16,26,1.97115120000000E+07,-3.71964752197266E+02,-2.49976620000000E+07,1.33518526096443E-11,3.38538144000000E+08,2.49976620000000E+07,6.67592630482217E-12,1.22635553657401E-27,-1.25977622058356E-16,-6.67592630482217E-12,-1.22635553657401E-27,1.25977622058356E-16,4.99443709850311E-02,1.80454026121879E-06,-1.79104597124100E-19
0,16,27,1.97088840000000E+07,-8.34853698730469E+02,-2.49966220000000E+07,1.29272278645565E-11,3.39177312000000E+08,2.49966220000000E+07,6.46361393227823E-12,1.18736344780943E-27,-2.73793897549076E-16,-6.46361393227823E-12,-1.18736344780943E-27,2.73793897549076E-16,4.94228005409241E-02,1.87096168247081E-06,-1.79104597124100E-19
0,16,28,1.97055720000000E+07,-1.54972180175781E+03,-2.49949860000000E+07,1.24646352267499E-11,3.39906560000000E+08,2.49949860000000E+07,6.23231761337495E-12,1.14488812214744E-27,-4.90133338527655E-16,-6.23231761337495E-12,-1.14488812214744E-27,4.90133338527655E-16,4.88235726952553E-02,1.88085164154472E-06,-1.79104597124100E-19
0,16,29,1.97012840000000E+07,-2.63214013671875E+03,-2.49924800000000E+07,1.19547817825638E-11,3.40743968000000E+08,2.49924800000000E+07,5.97739089128191E-12,1.09807772077363E-27,-7.98594150555701E-16,-5.97739089128191E-12,-1.09807772077363E-27,7.98594150555701E-16,4.81320023536682E-02,1.79237531483523E-06,-1.79104597124100E-19
0,16,30,1.96955800000000E+07,-4.24172705078125E+03,-2.49886640000000E+07,1.13908093027359E-11,3.41705184000000E+08,2.49886640000000E+07,5.69540465136797E-12,1.04630390904364E-27,-1.22658745800689E-15,-5.69540465136797E-12,-1.04630390904364E-27,1.22658745800689E-15,4.73358519375324E-02,1.55295788317744E-06,-1.79104597124100E-19
0,16,31,1.96878440000000E+07,-6.58933935546875E+03,-2.49828720000000E+07,1.07697158482911E-11,3.42801152000000E+08,2.49828720000000E+07,5.38485749046469E-12,9.89292627126386E-28,-1.80226207154260E-15,-5.38485749046469E-12,-9.89292627126386E-28,1.80226207154260E-15,4.64277379214764E-02,1.10511075490649E-06,-1.79104597124100E-19
0,16,32,1.96773640000000E+07,-9.92844628906250E+03,-2.49743280000000E+07,1.00925700088905E-11,3.44038912000000E+08,2.49743280000000E+07,5.04628413708352E-12,9.27143253006999E-28,-2.54616240472159E-15,-5.04628413708352E-12,-9.27143253006999E-28,2.54616240472159E-15,4.54045757651329E-02,4.00971060798838E-07,-1.79104597124100E-19
0,16,33,1.96636980000000E+07,-1.44755000000000E+04,-2.49626140000000E+07,9.35972393339979E-12,3.45437792000000E+08,2.49626140000000E+07,4.67986066565729E-12,8.59887468233063E-28,-3.44509581351124E-15,-4.67986066565729E-12,-8.59887468233063E-28,3.44509581351124E-15,4.42521944642067E-02,-5.50258278053661E-07,-1.79104597124100E-19
0,16,34,1.96473320000000E+07,-2.02348125000000E+04,-2.49486240000000E+07,8.55934073618059E-12,3.47063808000000E+08,2.49486240000000E+07,4.27966819968595E-12,7.86432163116394E-28,-4.40763546740905E-15,-4.27966819968595E-12,-7.86432163116394E-28,4.40763546740905E-15,4.29139025509357E-02,-1.60942954607890E-06,-1.79104597124100E-19
0,16,35,1.96299060000000E+07,-2.68783281250000E+04,-2.49350580000000E+07,7.65621767373492E-12,3.49072032000000E+08,2.49350580000000E+07,3.82810536742051E-12,7.03532530886687E-28,-5.24164909474758E-15,-3.82810536742051E-12,-7.03532530886687E-28,5.24164909474758E-15,4.12509217858315E-02,-2.51992878474994E-06,-1.79104597124100E-19
0,16,36,1.96132900000000E+07,-3.39348203125000E+04,-2.49254840000000E+07,6.60386675899183E-12,3.51698496000000E+08,2.49254840000000E+07,3.30192839216592E-12,6.06904195937907E-28,-5.71298057824724E-15,-3.30192839216592E-12,-6.06904195937907E-28,5.71298057824724E-15,3.90542186796665E-02,-3.09510301121918E-06,-1.79104597124100E-19
0,16,37,1.95977920000000E+07,-4.12965312500000E+04,-2.49221500000000E+07,5.38630468352452E-12,3.55191744000000E+08,2.49221500000000E+07,2.69314627023010E-12,4.95070451485196E-28,-5.67500682067241E-15,-2.69314627023010E-12,-4.95070451485196E-28,5.67500682067241E-15,3.61071377992630E-02,-3.49312585967709E-06,-1.79104597124100E-19
0,16,38,1.95812680000000E+07,-4.95187187500000E+04,-2.49247060000000E+07,4.06505992062156E-12,3.59723776000000E+08,2.49247060000000E+07,2.03252345509775E-12,3.73683251913973E-28,-5.14001234085712E-15,-2.03252345509775E-12,-3.73683251913973E-28,5.14001234085712E-15,3.22660095989704E-02,-4.20705373471719E-06,-1.79104597124100E-19
0,16,39,1.95602560000000E+07,-5.88736250000000E+04,-2.49310860000000E+07,2.78530800854049E-12,3.65364064000000E+08,2.49310860000000E+07,1.39264771589764E-12,2.56081900982681E-28,-4.19167382959473E-15,-1.39264771589764E-12,-2.56081900982681E-28,4.19167382959473E-15,2.74474620819092E-02,-5.52978190171416E-06,-1.79104597124100E-19
0,16,40,1.95361440000000E+07,-6.21510546875000E+04,-2.49391720000000E+07,1.78402767819080E-12,3.72218976000000E+08,2.49391720000000E+07,8.92009339656386E-13,1.64033222811597E-28,-2.83778208417585E-15,-8.92009339656386E-13,-1.64033222811597E-28,2.83778208417585E-15,2.15165838599205E-02,-5.84512827117578E-06,-1.79104597124100E-19
0,16,41,1.95212680000000E+07,-1.26216000000000E+05,-2.48954100000000E+07,1.82798719737531E-12,3.80775808000000E+08,2.48954100000000E+07,9.13974516729421E-13,1.68256233474779E-28,-5.90936008487046E-15,-9.13974516729421E-13,-1.68256233474779E-28,5.90936008487046E-15,1.33789191022515E-02,-9.57046813709894E-06,-1.79104597124100E-19
0,17,1,1.25250310000000E+07,1.41030234375000E+05,-2.44504920000000E+07,5.11779063572249E-10,1.84241056000000E+08,2.44504920000000E+07,2.55873294774389E-10,4.68267463560643E-26,2.88110030624567E-12,-2.55873294774389E-10,-4.68267463560643E-26,-2.88110030624567E-12,1.96047991514206E-01,7.79777357820421E-04,-1.79104597124100E-19
0,17,2,1.26756420000000E+07,8.42826093750000E+04,-2.47831640000000E+07,4.97388130682452E-10,1.86624304000000E+08,2.47831640000000E+07,2.48688569737254E-10,4.55820964109486E-26,1.65357473807387E-12,-2.48688569737254E-10,-4.55820964109486E-26,-1.65357473807387E-12,1.92819401621819E-01,4.93669649586082E-04,-1.79104597124100E-19
0,17,3,1.26589440000000E+07,8.56551406250000E+04,-2.48995980000000E+07,4.43152292639581E-10,1.96773760000000E+08,2.48995980000000E+07,2.21571067049453E-10,4.06101433999097E-26,1.49923248728839E-12,-2.21571067049453E-10,-4.06101433999097E-26,-1.49923248728839E-12,1.79555460810661E-01,4.85968630528077E-04,-1.79104597124100E-19
0,17,4,1.60836580000000E+07,1.28403765625000E+05,-2.49364360000000E+07,3.47353701357633E-10,2.17378672000000E+08,2.49364360000000E+07,1.73671313441481E-10,3.18180051143337E-26,1.38650375902660E-12,-1.73671313441481E-10,-3.18180051143337E-26,-1.38650375902660E-12,1.54798328876495E-01,5.08352939505130E-04,-1.79104597124100E-19
0,17,5,1.97263540000000E+07,1.34719406250000E+05,-2.49496060000000E+07,2.41660497168894E-10,2.46392720000000E+08,2.49496060000000E+07,1.20827431393522E-10,2.21451113317982E-26,8.25180364576877E-13,-1.20827431393522E-10,-2.21451113317982E-26,-8.25180364576877E-13,1.23332910239697E-01,3.33142932504416E-04,-1.79104597124100E-19
0,17,6,1.97548680000000E+07,9.13968125000000E+04,-2.49546880000000E+07,1.86654400269326E-10,2.63559504000000E+08,2.49546880000000E+07,9.33262009339408E-11,1.71173063523721E-26,4.31778012866327E-13,-9.33262009339408E-11,-1.71173063523721E-26,-4.31778012866327E-13,1.07306718826294E-01,1.84576478204690E-04,-1.79104597124100E-19
0,17,7,1.97693280000000E+07,6.60720234375000E+04,-2.49583240000000E+07,1.50818788013929E-10,2.75457472000000E+08,2.49583240000000E+07,7.54089707344363E-11,1.38369715671984E-26,2.52027972059629E-13,-7.54089707344363E-11,-1.38369715671984E-26,-2.52027972059629E-13,9.71427261829376E-02,1.15256698336452E-04,-1.79104597124100E-19
0,17,8,1.97774500000000E+07,4.77721328125000E+04,-2.49624160000000E+07,1.25642732329290E-10,2.84163488000000E+08,2.49624160000000E+07,6.28211857534033E-11,1.15307729182677E-26,1.51743635018464E-13,-6.28211857534033E-11,-1.15307729182677E-26,-1.51743635018464E-13,9.01288315653801E-02,7.50283797970042E-05,-1.79104597124100E-19
0,17,9,1.97823220000000E+07,3.42883984375000E+04,-2.49670840000000E+07,1.07636524693255E-10,2.90604128000000E+08,2.49670840000000E+07,5.38181790799008E-11,9.88052751946788E-27,9.32822341506018E-14,-5.38181790799008E-11,-9.88052751946788E-27,-9.32822341506018E-14,8.51417407393456E-02,5.02819020766765E-05,-1.79104597124100E-19
0,17,10,1.97854600000000E+07,2.44939062500000E+04,-2.49719440000000E+07,9.46365902310120E-11,2.95410144000000E+08,2.49719440000000E+07,4.73182604210365E-11,8.68863649924869E-27,5.85788199631426E-14,-4.73182604210365E-11,-8.68863649924869E-27,-5.85788199631426E-14,8.15163999795914E-02,3.45738189935219E-05,-1.79104597124100E-19
0,17,11,1.97876360000000E+07,1.74798691406250E+04,-2.49766120000000E+07,8.51711409732836E-11,2.99028640000000E+08,2.49766120000000E+07,4.25855566088540E-11,7.82053590276778E-27,3.76189456376217E-14,-4.25855566088540E-11,-7.82053590276778E-27,-3.76189456376217E-14,7.88319930434227E-02,2.43439571931958E-05,-1.79104597124100E-19
0,17,12,1.97892320000000E+07,1.25038623046875E+04,-2.49808440000000E+07,7.81998701904207E-11,3.01783520000000E+08,2.49808440000000E+07,3.90999281563165E-11,7.18102778324609E-27,2.47053625387211E-14,-3.90999281563165E-11,-7.18102778324609E-27,-2.47053625387211E-14,7.68088102340698E-02,1.75355289684376E-05,-1.79104597124100E-19
0,17,13,1.97904480000000E+07,8.99317285156250E+03,-2.49845320000000E+07,7.29934515608655E-11,3.03908064000000E+08,2.49845320000000E+07,3.64967223109858E-11,6.70332397170017E-27,1.65848356505375E-14,-3.64967223109858E-11,-6.70332397170017E-27,-1.65848356505375E-14,7.52570778131485E-02,1.29247491713613E-05,-1.79104597124100E-19
0,17,14,1.97913940000000E+07,6.52745898437500E+03,-2.49876600000000E+07,6.90449294959983E-11,3.05570176000000E+08,2.49876600000000E+07,3.45224612785522E-11,6.34097643047525E-27,1.13859566374286E-14,-3.45224612785522E-11,-6.34097643047525E-27,-1.13859566374286E-14,7.40455165505409E-02,9.76444971456658E-06,-1.79104597124100E-19
0,17,15,1.97921380000000E+07,4.80512109375000E+03,-2.49902700000000E+07,6.60014404241238E-11,3.06891488000000E+08,2.49902700000000E+07,3.30007202120619E-11,6.06164340320121E-27,8.01189152456645E-15,-3.30007202120619E-11,-6.06164340320121E-27,-8.01189152456645E-15,7.30815008282661E-02,7.58566602598876E-06,-1.79104597124100E-19
0,17,16,1.97927280000000E+07,3.61136010742188E+03,-2.49924180000000E+07,6.36148494992383E-11,3.07961184000000E+08,2.49924180000000E+07,3.18074247496192E-11,5.84257349425903E-27,5.80354872909946E-15,-3.18074247496192E-11,-5.84257349425903E-27,-5.80354872909946E-15,7.22982287406921E-02,6.08626851317240E-06,-1.79104597124100E-19
0,17,17,1.97931920000000E+07,2.79333520507812E+03,-2.49941700000000E+07,6.17079512488239E-11,3.08845760000000E+08,2.49941700000000E+07,3.08539756244119E-11,5.66751686233593E-27,4.35429992030282E-15,-3.08539756244119E-11,-5.66751686233593E-27,-4.35429992030282E-15,7.16465041041374E-02,5.06723563375999E-06,-1.79104597124100E-19
0,17,18,1.97935500000000E+07,2.24210107421875E+03,-2.49955840000000E+07,6.01519112297666E-11,3.09595584000000E+08,2.49955840000000E+07,3.00759556148833E-11,5.52465484573518E-27,3.40683342945963E-15,-3.00759556148833E-11,-5.52465484573518E-27,-3.40683342945963E-15,7.10892081260681E-02,4.39520408690441E-06,-1.79104597124100E-19
0,17,19,1.97938160000000E+07,1.87962084960938E+03,-2.49967060000000E+07,5.88511323007523E-11,3.10249728000000E+08,2.49967060000000E+07,2.94255661503762E-11,5.40521752986203E-27,2.79425179046703E-15,-2.94255661503762E-11,-5.40521752986203E-27,-2.79425179046703E-15,7.05975890159607E-02,3.97970461563091E-06,-1.79104597124100E-19
0,17,20,1.97939940000000E+07,1.64932824707031E+03,-2.49975740000000E+07,5.77329573037133E-11,3.10839328000000E+08,2.49975740000000E+07,2.88664786518567E-11,5.30253888599296E-27,2.40529023768136E-15,-2.88664786518567E-11,-5.30253888599296E-27,-2.40529023768136E-15,7.01486691832542E-02,3.75880995306943E-06,-1.79104597124100E-19
0,17,21,1.97940800000000E+07,1.50908740234375E+03,-2.49982120000000E+07,5.67405636364704E-11,3.11390112000000E+08,2.49982120000000E+07,2.83702818182352E-11,5.21140388102455E-27,2.16293124158233E-15,-2.83702818182352E-11,-5.21140388102455E-27,-2.16293124158233E-15,6.97232708334923E-02,3.68967857866664E-06,-1.79104597124100E-19
0,17,22,1.97940680000000E+07,1.42569958496094E+03,-2.49986340000000E+07,5.58278596962669E-11,3.11924384000000E+08,2.49986340000000E+07,2.79139298481335E-11,5.12758278761295E-27,2.01054577920654E-15,-2.79139298481335E-11,-5.12758278761295E-27,-2.01054577920654E-15,6.93045705556870E-02,3.74194337382505E-06,-1.79104597124100E-19
0,17,23,1.97939380000000E+07,1.37027514648438E+03,-2.49988340000000E+07,5.49557413465074E-11,3.12462560000000E+08,2.49988340000000E+07,2.74778706732537E-11,5.04748644271380E-27,1.90221090052743E-15,-2.74778706732537E-11,-5.04748644271380E-27,-1.90221090052743E-15,6.88769146800041E-02,3.89264141631429E-06,-1.79104597124100E-19
0,17,24,1.97936620000000E+07,1.31387609863281E+03,-2.49987960000000E+07,5.40892677869387E-11,3.13024384000000E+08,2.49987960000000E+07,2.70446338934693E-11,4.96790894334166E-27,1.79518574654300E-15,-2.70446338934693E-11,-4.96790894334166E-27,-1.79518574654300E-15,6.84248134493828E-02,4.12176405006903E-06,-1.79104597124100E-19
0,17,25,1.97931920000000E+07,1.22286035156250E+03,-2.49984800000000E+07,5.31954688631764E-11,3.13630208000000E+08,2.49984800000000E+07,2.65977344315882E-11,4.88582388318194E-27,1.64325757607962E-15,-2.65977344315882E-11,-4.88582388318194E-27,-1.64325757607962E-15,6.79320842027664E-02,4.40768326370744E-06,-1.79104597124100E-19
0,17,26,1.97924620000000E+07,1.05333105468750E+03,-2.49978140000000E+07,5.22416832016148E-11,3.14301760000000E+08,2.49978140000000E+07,2.61208416008074E-11,4.79823567079912E-27,1.39011997984766E-15,-2.61208416008074E-11,-4.79823567079912E-27,-1.39011997984766E-15,6.73812106251717E-02,4.72179590360611E-06,-1.79104597124100E-19
0,17,27,1.97913540000000E+07,7.44067749023438E+02,-2.49966780000000E+07,5.11945173753414E-11,3.15062720000000E+08,2.49966780000000E+07,2.55972586876707E-11,4.70208130720965E-27,9.62344095166120E-16,-2.55972586876707E-11,-4.70208130720965E-27,-9.62344095166120E-16,6.67529180645943E-02,5.02184457218391E-06,-1.79104597124100E-19
0,17,28,1.97896940000000E+07,2.07362869262695E+02,-2.49948740000000E+07,5.00196099817440E-11,3.15938784000000E+08,2.49948740000000E+07,2.50098049908720E-11,4.59421074139650E-27,2.62060903042827E-16,-2.50098049908720E-11,-4.59421074139650E-27,-2.62060903042827E-16,6.60264194011688E-02,5.24381584909861E-06,-1.79104597124100E-19
0,17,29,1.97871860000000E+07,-6.82296447753906E+02,-2.49920660000000E+07,4.86827904377929E-11,3.16956384000000E+08,2.49920660000000E+07,2.43413952188964E-11,4.47149318164207E-27,-8.39333523642877E-16,-2.43413952188964E-11,-4.47149318164207E-27,8.39333523642877E-16,6.51806816458702E-02,5.29382214153884E-06,-1.79104597124100E-19
0,17,30,1.97833500000000E+07,-2.09982373046875E+03,-2.49876980000000E+07,4.71531667878278E-11,3.18139840000000E+08,2.49876980000000E+07,2.35765833939139E-11,4.33110136278799E-27,-2.50244131684140E-15,-2.35765833939139E-11,-4.33110136278799E-27,2.50244131684140E-15,6.41974434256554E-02,5.04541003465420E-06,-1.79104597124100E-19
0,17,31,1.97774320000000E+07,-4.27228369140625E+03,-2.49808900000000E+07,4.54079204792457E-11,3.19507040000000E+08,2.49808900000000E+07,2.27039585048994E-11,4.17094988789049E-27,-4.90446645426933E-15,-2.27039585048994E-11,-4.17094988789049E-27,4.90446645426933E-15,6.30654767155647E-02,4.35902938988875E-06,-1.79104597124100E-19
0,17,32,1.97685320000000E+07,-7.46611914062500E+03,-2.49705880000000E+07,4.34339404720152E-11,3.21068928000000E+08,2.49705880000000E+07,2.17169685012841E-11,3.98984468038405E-27,-8.20199875221526E-15,-2.17169685012841E-11,-3.98984468038405E-27,8.20199875221526E-15,6.17815367877483E-02,3.13364239445946E-06,-1.79104597124100E-19
0,17,33,1.97560960000000E+07,-1.18624042968750E+04,-2.49562020000000E+07,4.12098515034653E-11,3.22851648000000E+08,2.49562020000000E+07,2.06049205475622E-11,3.78582013616742E-27,-1.23720749357209E-14,-2.06049205475622E-11,-3.78582013616742E-27,1.23720749357209E-14,6.03293180465698E-02,1.47797368299507E-06,-1.79104597124100E-19
0,17,34,1.97409420000000E+07,-1.73876992187500E+04,-2.49389000000000E+07,3.86594367629556E-11,3.24949792000000E+08,2.49389000000000E+07,1.93297097078604E-11,3.55185277391942E-27,-1.70254876006876E-14,-1.93297097078604E-11,-3.55185277391942E-27,1.70254876006876E-14,5.86317889392376E-02,-1.60449033614896E-07,-1.79104597124100E-19
0,17,35,1.97256680000000E+07,-2.36445039062500E+04,-2.49222520000000E+07,3.55948950869767E-11,3.27597504000000E+08,2.49222520000000E+07,1.77974354004240E-11,3.27064196494960E-27,-2.13331956266938E-14,-1.77974354004240E-11,-3.27064196494960E-27,2.13331956266938E-14,5.64883798360825E-02,-1.09447330487455E-06,-1.79104597124100E-19
0,17,36,1.97134320000000E+07,-3.03253066406250E+04,-2.49109280000000E+07,3.17312703890238E-11,3.31176576000000E+08,2.49109280000000E+07,1.58656161125537E-11,2.91596097305430E-27,-2.44061871136191E-14,-1.58656161125537E-11,-2.91596097305430E-27,2.44061871136191E-14,5.35791292786598E-02,-1.01493969850708E-06,-1.79104597124100E-19
0,17,37,1.97052820000000E+07,-3.80512578125000E+04,-2.49077540000000E+07,2.68091833455220E-11,3.36143360000000E+08,2.49077540000000E+07,1.34045665192706E-11,2.46396389662708E-27,-2.58844628944852E-14,-1.34045665192706E-11,-2.46396389662708E-27,2.58844628944852E-14,4.95411679148674E-02,-6.66246705804951E-07,-1.79104597124100E-19
0,17,38,1.96982880000000E+07,-4.93067382812500E+04,-2.49120320000000E+07,2.07957262521319E-11,3.42923840000000E+08,2.49120320000000E+07,1.03978301663199E-11,1.91164416643175E-27,-2.60267830643488E-14,-1.03978301663199E-11,-1.91164416643175E-27,2.60267830643488E-14,4.40663509070873E-02,-1.82427231720794E-06,-1.79104597124100E-19
0,17,39,1.96854180000000E+07,-6.97372500000000E+04,-2.49208160000000E+07,1.40353883029687E-11,3.51938912000000E+08,2.49208160000000E+07,7.01765034971658E-12,1.29064375219313E-27,-2.48606169016893E-14,-7.01765034971658E-12,-1.29064375219313E-27,2.48606169016893E-14,3.68418842554092E-02,-6.43056364424410E-06,-1.79104597124100E-19
0,17,40,1.96581560000000E+07,-1.16158968750000E+05,-2.49312100000000E+07,7.71385299386251E-12,3.63591232000000E+08,2.49312100000000E+07,3.85685927639656E-12,7.09889014519888E-28,-2.27899703232268E-14,-3.85685927639656E-12,-7.09889014519888E-28,2.27899703232268E-14,2.74617336690426E-02,-1.83260599442292E-05,-1.79104597124100E-19
0,17,41,1.96361200000000E+07,-3.44560031250000E+05,-2.48832480000000E+07,7.37605289347076E-12,3.74718496000000E+08,2.48832480000000E+07,3.68745875847787E-12,6.81337199390845E-28,-6.47047858543838E-14,-3.68745875847787E-12,-6.81337199390845E-28,6.47047858543838E-14,1.71663127839565E-02,-6.58486460451968E-05,-1.79104597124100E-19
0,18,1,1.25589300000000E+07,1.49586546875000E+05,-2.44494300000000E+07,5.37252298205004E-10,1.80957600000000E+08,2.44494300000000E+07,2.68607081022054E-10,4.91464195812579E-26,3.19931776383842E-12,-2.68607081022054E-10,-4.91464195812579E-26,-3.19931776383842E-12,2.00036421418190E-01,8.57872422784567E-04,-1.79104597124100E-19
0,18,2,1.27177190000000E+07,9.45674375000000E+04,-2.47865780000000E+07,5.26154342317398E-10,1.82760080000000E+08,2.47865780000000E+07,2.63069899197887E-10,4.82053763140633E-26,1.95615615719569E-12,-2.63069899197887E-10,-4.82053763140633E-26,-1.95615615719569E-12,1.97488605976105E-01,5.74523932300508E-04,-1.79104597124100E-19
0,18,3,1.27211950000000E+07,1.12148015625000E+05,-2.49051320000000E+07,4.81434836441252E-10,1.90767696000000E+08,2.49051320000000E+07,2.40708064591644E-10,4.40874176182206E-26,2.12204386007553E-12,-2.40708064591644E-10,-4.40874176182206E-26,-2.12204386007553E-12,1.86630383133888E-01,6.61322032101452E-04,-1.79104597124100E-19
0,18,4,1.61277100000000E+07,1.52710703125000E+05,-2.49424500000000E+07,4.01473188027524E-10,2.06234432000000E+08,2.49424500000000E+07,2.00727601207262E-10,3.67566811374215E-26,1.90065758270963E-12,-2.00727601207262E-10,-3.67566811374215E-26,-1.90065758270963E-12,1.67285546660423E-01,6.51533191557974E-04,-1.79104597124100E-19
0,18,5,1.61048260000000E+07,1.36219156250000E+05,-2.49554060000000E+07,3.59133195404482E-10,2.14711712000000E+08,2.49554060000000E+07,1.79560172286486E-10,3.28916694582428E-26,1.51877056937810E-12,-1.79560172286486E-10,-3.28916694582428E-26,-1.51877056937810E-12,1.57856047153473E-01,5.54189959075302E-04,-1.79104597124100E-19
0,18,6,1.60769420000000E+07,9.36697109375000E+04,-2.49599640000000E+07,3.24009208352294E-10,2.22203088000000E+08,2.49599640000000E+07,1.62001856374161E-10,2.97014604907466E-26,9.43877680008309E-13,-1.62001856374161E-10,-2.97014604907466E-26,-9.43877680008309E-13,1.49849250912666E-01,3.51856288034469E-04,-1.79104597124100E-19
0,18,7,1.60520460000000E+07,6.96612734375000E+04,-2.49629380000000E+07,2.98411684251931E-10,2.27758864000000E+08,2.49629380000000E+07,1.49204440469397E-10,2.73687618161532E-26,6.47504456736253E-13,-1.49204440469397E-10,-2.73687618161532E-26,-6.47504456736253E-13,1.44208505749702E-01,2.47499527176842E-04,-1.79104597124100E-19
0,18,8,1.60317930000000E+07,5.20865468750000E+04,-2.49663300000000E+07,2.79607226261191E-10,2.31882800000000E+08,2.49663300000000E+07,1.39802877607842E-10,2.56535594225610E-26,4.54213028950809E-13,-1.39802877607842E-10,-2.56535594225610E-26,-4.54213028950809E-13,1.40175655484200E-01,1.78643167600967E-04,-1.79104597124100E-19
0,18,9,1.60158990000000E+07,3.87611875000000E+04,-2.49703200000000E+07,2.65550664790837E-10,2.34999216000000E+08,2.49703200000000E+07,1.32774943817360E-10,2.43706851606530E-26,3.21337845655273E-13,-1.32774943817360E-10,-2.43706851606530E-26,-3.21337845655273E-13,1.37205734848976E-01,1.30553773487918E-04,-1.79104597124100E-19
0,18,10,1.60036350000000E+07,2.86875917968750E+04,-2.49745680000000E+07,2.54918364195333E-10,2.37386432000000E+08,2.49745680000000E+07,1.27458973930850E-10,2.33998439053588E-26,2.28478775612592E-13,-1.27458973930850E-10,-2.33998439053588E-26,-2.28478775612592E-13,1.34970262646675E-01,9.62763224379160E-05,-1.79104597124100E-19
0,18,11,1.59942110000000E+07,2.11624726562500E+04,-2.49787180000000E+07,2.46788978142121E-10,2.39238384000000E+08,2.49787180000000E+07,1.23394378048758E-10,2.26571822076438E-26,1.63267213333998E-13,-1.23394378048758E-10,-2.26571822076438E-26,-1.63267213333998E-13,1.33255794644356E-01,7.16199865564704E-05,-1.79104597124100E-19
0,18,12,1.59869440000000E+07,1.56150107421875E+04,-2.49825320000000E+07,2.40509639981568E-10,2.40691872000000E+08,2.49825320000000E+07,1.20254764479633E-10,2.20832489212406E-26,1.17457055908744E-13,-1.20254764479633E-10,-2.20832489212406E-26,-1.17457055908744E-13,1.31919652223587E-01,5.38271560799330E-05,-1.79104597124100E-19
0,18,13,1.59812940000000E+07,1.15720957031250E+04,-2.49858920000000E+07,2.35608532683784E-10,2.41845824000000E+08,2.49858920000000E+07,1.17804238586317E-10,2.16350634527663E-26,8.53023435307826E-14,-1.17804238586317E-10,-2.16350634527663E-26,-8.53023435307826E-14,1.30862832069397E-01,4.09831372962799E-05,-1.79104597124100E-19
0,18,14,1.59768490000000E+07,8.65441992187500E+03,-2.49887720000000E+07,2.31740363010324E-10,2.42773248000000E+08,2.49887720000000E+07,1.15870167627374E-10,2.12811607291615E-26,6.27651413915437E-14,-1.15870167627374E-10,-2.12811607291615E-26,-6.27651413915437E-14,1.30014374852180E-01,3.17306730721612E-05,-1.79104597124100E-19
0,18,15,1.59733000000000E+07,6.56814941406250E+03,-2.49911960000000E+07,2.28649460476404E-10,2.43529008000000E+08,2.49911960000000E+07,1.14324716360414E-10,2.09982308351233E-26,4.70098135765817E-14,-1.14324716360414E-10,-2.09982308351233E-26,-4.70098135765817E-14,1.29322052001953E-01,2.50991597567918E-05,-1.79104597124100E-19
0,18,16,1.59704150000000E+07,5.09151171875000E+03,-2.49932100000000E+07,2.26144214465762E-10,2.44155056000000E+08,2.49932100000000E+07,1.13072100293987E-10,2.07688001934523E-26,3.60484008637453E-14,-1.13072100293987E-10,-2.07688001934523E-26,-3.60484008637453E-14,1.28746494650841E-01,2.03924719244242E-05,-1.79104597124100E-19
0,18,17,1.59680180000000E+07,4.06011254882812E+03,-2.49948620000000E+07,2.24079130251020E-10,2.44684032000000E+08,2.49948620000000E+07,1.12039558186616E-10,2.05795891319959E-26,2.84877712240263E-14,-1.12039558186616E-10,-2.05795891319959E-26,-2.84877712240263E-14,1.28257393836975E-01,1.71113024407532E-05,-1.79104597124100E-19
0,18,18,1.59659710000000E+07,3.35356201171875E+03,-2.49962020000000E+07,2.22342019795541E-10,2.45141696000000E+08,2.49962020000000E+07,1.11171009897770E-10,2.04203532441940E-26,2.33508416595807E-14,-1.11171009897770E-10,-2.04203532441940E-26,-2.33508416595807E-14,1.27830877900124E-01,1.48983372127987E-05,-1.79104597124100E-19
0,18,19,1.59641630000000E+07,2.88433984375000E+03,-2.49972720000000E+07,2.20844773024531E-10,2.45548912000000E+08,2.49972720000000E+07,1.10422379573372E-10,2.02830406021350E-26,1.99506650620535E-14,-1.10422379573372E-10,-2.02830406021350E-26,-1.99506650620535E-14,1.27447694540024E-01,1.34990359583753E-05,-1.79104597124100E-19
0,18,20,1.59625000000000E+07,2.58891503906250E+03,-2.49981040000000E+07,2.19516474442294E-10,2.45923008000000E+08,2.49981040000000E+07,1.09758237221147E-10,2.01611708367421E-26,1.78013951913610E-14,-1.09758237221147E-10,-2.01611708367421E-26,-1.78013951913610E-14,1.27091735601425E-01,1.27333041746169E-05,-1.79104597124100E-19
0,18,21,1.59609000000000E+07,2.42077026367188E+03,-2.49987140000000E+07,2.18298282228524E-10,2.46279040000000E+08,2.49987140000000E+07,1.09149134175368E-10,2.00493575071468E-26,1.65545169532235E-14,-1.09149134175368E-10,-2.00493575071468E-26,-1.65545169532235E-14,1.26748979091644E-01,1.24746757137473E-05,-1.79104597124100E-19
0,18,22,1.59592860000000E+07,2.34484228515625E+03,-2.49991140000000E+07,2.17139167757452E-10,2.46630672000000E+08,2.49991140000000E+07,1.08569576939832E-10,1.99429321591639E-26,1.59517496732325E-14,-1.08569576939832E-10,-1.99429321591639E-26,-1.59517496732325E-14,1.26406461000443E-01,1.26344730233541E-05,-1.79104597124100E-19
0,18,23,1.59575770000000E+07,2.33286010742188E+03,-2.49992980000000E+07,2.15992612684346E-10,2.46991136000000E+08,2.49992980000000E+07,1.07996306342173E-10,1.98376330950125E-26,1.57881283188114E-14,-1.07996306342173E-10,-1.98376330950125E-26,-1.57881283188114E-14,1.26051515340805E-01,1.31488932311186E-05,-1.79104597124100E-19
0,18,24,1.59556850000000E+07,2.35904833984375E+03,-2.49992420000000E+07,2.14813666854496E-10,2.47374016000000E+08,2.49992420000000E+07,1.07406826488354E-10,1.97293419060995E-26,1.58801008502902E-14,-1.07406826488354E-10,-1.97293419060995E-26,-1.58801008502902E-14,1.25670894980431E-01,1.39671337819891E-05,-1.79104597124100E-19
0,18,25,1.59535040000000E+07,2.39562915039062E+03,-2.49989000000000E+07,2.13556214379018E-10,2.47794128000000E+08,2.49989000000000E+07,1.06778107189509E-10,1.96138384947308E-26,1.60341422620778E-14,-1.06778107189509E-10,-1.96138384947308E-26,-1.60341422620778E-14,1.25250011682510E-01,1.50386977111339E-05,-1.79104597124100E-19
0,18,26,1.59509010000000E+07,2.40753295898438E+03,-2.49981920000000E+07,2.12170794822164E-10,2.48268208000000E+08,2.49981920000000E+07,1.06085390472188E-10,1.94865899921892E-26,1.60118907065535E-14,-1.06085390472188E-10,-1.94865899921892E-26,-1.60118907065535E-14,1.24772153794765E-01,1.62978722073603E-05,-1.79104597124100E-19
0,18,27,1.59476960000000E+07,2.34572998046875E+03,-2.49969780000000E+07,2.10602646433244E-10,2.48815648000000E+08,2.49969780000000E+07,1.05301323216622E-10,1.93425905213633E-26,1.54886615143755E-14,-1.05301323216622E-10,-1.93425905213633E-26,-1.54886615143755E-14,1.24217890202999E-01,1.76434332388453E-05,-1.79104597124100E-19
0,18,28,1.59436350000000E+07,2.13878466796875E+03,-2.49950280000000E+07,2.08790942868298E-10,2.49458672000000E+08,2.49950280000000E+07,1.04395471434149E-10,1.91762795373176E-26,1.40042989547505E-14,-1.04395471434149E-10,-1.91762795373176E-26,-1.40042989547505E-14,1.23564936220646E-01,1.89126003533602E-05,-1.79104597124100E-19
0,18,29,1.59383430000000E+07,1.68309277343750E+03,-2.49919400000000E+07,2.06669695246298E-10,2.50221824000000E+08,2.49919400000000E+07,1.03334847623149E-10,1.89816342719302E-26,1.09121831579420E-14,-1.03334847623149E-10,-1.89816342719302E-26,-1.09121831579420E-14,1.22789092361927E-01,1.98526649910491E-05,-1.79104597124100E-19
0,18,30,1.59312520000000E+07,8.34313476562500E+02,-2.49870320000000E+07,2.04171818340981E-10,2.51129472000000E+08,2.49870320000000E+07,1.02085909170491E-10,1.87525502976491E-26,5.34619921846013E-15,-1.02085909170491E-10,-1.87525502976491E-26,-5.34619921846013E-15,1.21867284178734E-01,2.01051771000493E-05,-1.79104597124100E-19
0,18,31,1.59214960000000E+07,-5.86953796386719E+02,-2.49791800000000E+07,2.01236347030509E-10,2.52201584000000E+08,2.49791800000000E+07,1.00618173515254E-10,1.84834855584666E-26,-3.70933854107729E-15,-1.00618173515254E-10,-1.84834855584666E-26,3.70933854107729E-15,1.20783150196075E-01,1.92644511116669E-05,-1.79104597124100E-19
0,18,32,1.59080480000000E+07,-2.77578540039062E+03,-2.49670160000000E+07,1.97814029045951E-10,2.53449392000000E+08,2.49670160000000E+07,9.89070145229753E-11,1.81699811413753E-26,-1.72582217614070E-14,-9.89070145229753E-11,-1.81699811413753E-26,1.72582217614070E-14,1.19532972574234E-01,1.70353632711340E-05,-1.79104597124100E-19
0,18,33,1.58901900000000E+07,-5.81056640625000E+03,-2.49497560000000E+07,1.93833851747094E-10,2.54893216000000E+08,2.49497560000000E+07,9.69169189346530E-11,1.78055196994434E-26,-3.54396145676311E-14,-9.69169189346530E-11,-1.78055196994434E-26,3.54396145676311E-14,1.18105456233025E-01,1.37919105327455E-05,-1.79104597124100E-19
0,18,34,1.58684800000000E+07,-9.53918066406250E+03,-2.49289060000000E+07,1.89125395899659E-10,2.56603424000000E+08,2.49289060000000E+07,9.45626840720415E-11,1.73743640739094E-26,-5.68454314110907E-14,-9.45626840720415E-11,-1.73743640739094E-26,5.68454314110907E-14,1.16437166929245E-01,1.08860122054466E-05,-1.79104597124100E-19
0,18,35,1.58449680000000E+07,-1.35585468750000E+04,-2.49090120000000E+07,1.83280252086249E-10,2.58778080000000E+08,2.49090120000000E+07,9.16400913486548E-11,1.68388138009258E-26,-7.84164671131099E-14,-9.16400913486548E-11,-1.68388138009258E-26,7.84164671131099E-14,1.14327557384968E-01,1.03575748653384E-05,-1.79104597124100E-19
0,18,36,1.58218520000000E+07,-1.76907167968750E+04,-2.48959520000000E+07,1.75613426578458E-10,2.61765312000000E+08,2.48959520000000E+07,8.78066577780778E-11,1.61358339637849E-26,-9.81783149786933E-14,-8.78066577780778E-11,-1.61358339637849E-26,9.81783149786933E-14,1.11431315541267E-01,1.28919364215108E-05,-1.79104597124100E-19
0,18,37,1.57987560000000E+07,-2.28304824218750E+04,-2.48931580000000E+07,1.65207722502281E-10,2.66058896000000E+08,2.48931580000000E+07,8.26037779844135E-11,1.51813769797136E-26,-1.19369154860140E-13,-8.26037779844135E-11,-1.51813769797136E-26,1.19369154860140E-13,1.07287183403969E-01,1.54449207911966E-05,-1.79104597124100E-19
0,18,38,1.57708310000000E+07,-3.20432304687500E+04,-2.48995100000000E+07,1.51009829640891E-10,2.72305536000000E+08,2.48995100000000E+07,7.55047621647797E-11,1.38793928705255E-26,-1.53410839804149E-13,-7.55047621647797E-11,-1.38793928705255E-26,1.53410839804149E-13,1.01350337266922E-01,9.87259591056500E-06,-1.79104597124100E-19
0,18,39,1.57277350000000E+07,-5.31629726562500E+04,-2.49110600000000E+07,1.31590904839385E-10,2.81630528000000E+08,2.49110600000000E+07,6.57950777194216E-11,1.20999776614715E-26,-2.22400860206383E-13,-6.57950777194216E-11,-1.20999776614715E-26,2.22400860206383E-13,9.27051007747650E-02,-1.91862964129541E-05,-1.79104597124100E-19
0,18,40,1.56470550000000E+07,-1.17994265625000E+05,-2.49240100000000E+07,1.04095829178696E-10,2.97144512000000E+08,2.49240100000000E+07,5.20464366049467E-11,9.58480790985502E-27,-3.92481565910513E-13,-5.20464366049467E-11,-9.58480790985502E-27,3.92481565910513E-13,7.87027254700661E-02,-1.26583079691045E-04,-1.79104597124100E-19
0,18,41,1.53973930000000E+07,-4.12728187500000E+05,-2.48728220000000E+07,6.06551683879353E-11,3.32012512000000E+08,2.48728220000000E+07,3.03166970694324E-11,5.61884668671132E-27,-8.12641132771214E-13,-3.03166970694324E-11,-5.61884668671132E-27,8.12641132771214E-13,4.82499673962593E-02,-4.11603570682928E-04,-1.79104597124100E-19
0,19,1,1.25917290000000E+07,1.49359343750000E+05,-2.44533420000000E+07,5.61241164653836E-10,1.77989760000000E+08,2.44533420000000E+07,2.80600848112655E-10,5.13417331988265E-26,3.32840374185628E-12,-2.80600848112655E-10,-5.13417331988265E-26,-3.32840374185628E-12,2.03693762421608E-01,9.06653760466725E-04,-1.79104597124100E-19
0,19,2,1.27570860000000E+07,9.97324218750000E+04,-2.47930920000000E+07,5.53518397783392E-10,1.79253376000000E+08,2.47930920000000E+07,2.76750761196709E-10,5.07058065386294E-26,2.16358376527170E-12,-2.76750761196709E-10,-5.07058065386294E-26,-2.16358376527170E-12,2.01798424124718E-01,6.36605196632445E-04,-1.79104597124100E-19
0,19,3,1.27811840000000E+07,1.05496507812500E+05,-2.49128020000000E+07,5.21260035135640E-10,1.84875696000000E+08,2.49128020000000E+07,2.60621135783623E-10,4.77436061061333E-26,2.15117940821630E-12,-2.60621135783623E-10,-4.77436061061333E-26,-2.15117940821630E-12,1.93820744752884E-01,6.53278257232159E-04,-1.79104597124100E-19
0,19,4,1.27648440000000E+07,1.03199562500000E+05,-2.49500060000000E+07,4.94266128026055E-10,1.89366752000000E+08,2.49500060000000E+07,2.47124987140523E-10,4.52737873824753E-26,1.99792439536939E-12,-2.47124987140523E-10,-4.52737873824753E-26,-1.99792439536939E-12,1.87975496053696E-01,6.20378297753632E-04,-1.79104597124100E-19
0,19,5,1.27299230000000E+07,8.24741250000000E+04,-2.49623920000000E+07,4.65737004518019E-10,1.94031968000000E+08,2.49623920000000E+07,2.32863617277701E-10,4.26839724380742E-26,1.50866753985401E-12,-2.32863617277701E-10,-4.26839724380742E-26,-1.50866753985401E-12,1.82240277528763E-01,4.82095259940252E-04,-1.79104597124100E-19
0,19,6,1.26972410000000E+07,7.02139843750000E+04,-2.49662400000000E+07,4.44006498234728E-10,1.97483008000000E+08,2.49662400000000E+07,2.21999849059351E-10,4.07055401026590E-26,1.22762845895796E-12,-2.21999849059351E-10,-4.07055401026590E-26,-1.22762845895796E-12,1.78224578499794E-01,4.04377555241808E-04,-1.79104597124100E-19
0,19,7,1.26689660000000E+07,5.52688906250000E+04,-2.49684560000000E+07,4.26737978287406E-10,2.00220624000000E+08,2.49684560000000E+07,2.13366949108895E-10,3.91378762687586E-26,9.30822151128108E-13,-2.13366949108895E-10,-3.91378762687586E-26,-9.30822151128108E-13,1.75133675336838E-01,3.13878554152325E-04,-1.79104597124100E-19
0,19,8,1.26461170000000E+07,4.26775000000000E+04,-2.49710800000000E+07,4.13270889731976E-10,2.02354944000000E+08,2.49710800000000E+07,2.06634265254024E-10,3.79154007106505E-26,6.97339267493463E-13,-2.06634265254024E-10,-3.79154007106505E-26,-6.97339267493463E-13,1.72779873013496E-01,2.40694920648821E-04,-1.79104597124100E-19
0,19,9,1.26280750000000E+07,3.25002441406250E+04,-2.49743340000000E+07,4.02745864436227E-10,2.04029216000000E+08,2.49743340000000E+07,2.01372266084299E-10,3.69597511907577E-26,5.18261703084250E-13,-2.01372266084299E-10,-3.69597511907577E-26,-5.18261703084250E-13,1.70963302254677E-01,1.83463926077820E-04,-1.79104597124100E-19
0,19,10,1.26138710000000E+07,2.44928671875000E+04,-2.49779140000000E+07,3.94448501639388E-10,2.05359328000000E+08,2.49779140000000E+07,1.97223876119423E-10,3.62059884328432E-26,3.82957662976857E-13,-1.97223876119423E-10,-3.62059884328432E-26,-3.82957662976857E-13,1.69535487890244E-01,1.39431547722779E-04,-1.79104597124100E-19
0,19,11,1.26026350000000E+07,1.83408476562500E+04,-2.49814880000000E+07,3.87851861738397E-10,2.06427952000000E+08,2.49814880000000E+07,1.93925722702382E-10,3.56062939075038E-26,2.82223680189708E-13,-1.93925722702382E-10,-3.56062939075038E-26,-2.82223680189708E-13,1.68395996093750E-01,1.06033818155993E-04,-1.79104597124100E-19
0,19,12,1.25936800000000E+07,1.37089306640625E+04,-2.49848200000000E+07,3.82567200141182E-10,2.07294704000000E+08,2.49848200000000E+07,1.91283475170501E-10,3.51254554523804E-26,2.08222856817007E-13,-1.91283475170501E-10,-3.51254554523804E-26,-2.08222856817007E-13,1.67475178837776E-01,8.10151177574880E-05,-1.79104597124100E-19
0,19,13,1.25864790000000E+07,1.02807792968750E+04,-2.49877960000000E+07,3.78302944525899E-10,2.08003808000000E+08,2.49877960000000E+07,1.89151402874010E-10,3.47370893679788E-26,1.54501032193638E-13,-1.89151402874010E-10,-3.47370893679788E-26,-1.54501032193638E-13,1.66722923517227E-01,6.24817112111486E-05,-1.79104597124100E-19
0,19,14,1.25806320000000E+07,7.78079003906250E+03,-2.49903740000000E+07,3.74835301686360E-10,2.08589312000000E+08,2.49903740000000E+07,1.87417623087605E-10,3.44209595231873E-26,1.15912867412055E-13,-1.87417623087605E-10,-3.44209595231873E-26,-1.15912867412055E-13,1.66101455688477E-01,4.88990335725248E-05,-1.79104597124100E-19
0,19,15,1.25758300000000E+07,5.98266992187500E+03,-2.49925640000000E+07,3.71989217207158E-10,2.09078112000000E+08,2.49925640000000E+07,1.85994580848003E-10,3.41612332331191E-26,8.84827692886059E-14,-1.85994580848003E-10,-3.41612332331191E-26,-8.84827692886059E-14,1.65581420063972E-01,3.90618770325091E-05,-1.79104597124100E-19
0,19,16,1.25718300000000E+07,4.70840966796875E+03,-2.49943980000000E+07,3.69625691165609E-10,2.09491888000000E+08,2.49943980000000E+07,1.84812831705017E-10,3.39453287826335E-26,6.92162256329953E-14,-1.84812831705017E-10,-3.39453287826335E-26,-6.92162256329953E-14,1.65139347314835E-01,3.20472427119967E-05,-1.79104597124100E-19
0,19,17,1.25684370000000E+07,3.82227465820312E+03,-2.49959180000000E+07,3.67633173903315E-10,2.09848416000000E+08,2.49959180000000E+07,1.83816573073869E-10,3.37631327284066E-26,5.59017350638957E-14,-1.83816573073869E-10,-3.37631327284066E-26,-5.59017350638957E-14,1.64756163954735E-01,2.71625176537782E-05,-1.79104597124100E-19
0,19,18,1.25654930000000E+07,3.22310498046875E+03,-2.49971620000000E+07,3.65920876932435E-10,2.10162480000000E+08,2.49971620000000E+07,1.82960438466218E-10,3.36064144162280E-26,4.69301687626173E-14,-1.82960438466218E-10,-3.36064144162280E-26,-4.69301687626173E-14,1.64416030049324E-01,2.38969878409989E-05,-1.79104597124100E-19
0,19,19,1.25628630000000E+07,2.83678295898438E+03,-2.49981620000000E+07,3.64413887954385E-10,2.10446608000000E+08,2.49981620000000E+07,1.82206930099404E-10,3.34683514318626E-26,4.11436123614727E-14,-1.82206930099404E-10,-3.34683514318626E-26,-4.11436123614727E-14,1.64105519652367E-01,2.18804161704611E-05,-1.79104597124100E-19
0,19,20,1.25604310000000E+07,2.60967895507812E+03,-2.49989440000000E+07,3.63048785478881E-10,2.10711728000000E+08,2.49989440000000E+07,1.81524392739441E-10,3.33431813929170E-26,3.77152973294378E-14,-1.81524392739441E-10,-3.33431813929170E-26,-3.77152973294378E-14,1.63812875747681E-01,2.08495039260015E-05,-1.79104597124100E-19
0,19,21,1.25580920000000E+07,2.50326293945312E+03,-2.49995240000000E+07,3.61770308154874E-10,2.10967760000000E+08,2.49995240000000E+07,1.80885140199649E-10,3.32258537407050E-26,3.60566814578377E-14,-1.80885140199649E-10,-3.32258537407050E-26,-3.60566814578377E-14,1.63527309894562E-01,2.06215663638432E-05,-1.79104597124100E-19
0,19,22,1.25557420000000E+07,2.48975512695312E+03,-2.49999060000000E+07,3.60527913079167E-10,2.11224176000000E+08,2.49999060000000E+07,1.80263956539584E-10,3.31117616507995E-26,3.57456475714741E-14,-1.80263956539584E-10,-3.31117616507995E-26,-3.57456475714741E-14,1.63238435983658E-01,2.10738835448865E-05,-1.79104597124100E-19
0,19,23,1.25532780000000E+07,2.54853247070312E+03,-2.50000800000000E+07,3.59273000238858E-10,2.11490624000000E+08,2.50000800000000E+07,1.79636500119429E-10,3.29964554546570E-26,3.64693152521585E-14,-1.79636500119429E-10,-3.29964554546570E-26,-3.64693152521585E-14,1.62935525178909E-01,2.21269656321965E-05,-1.79104597124100E-19
0,19,24,1.25505810000000E+07,2.66294238281250E+03,-2.50000200000000E+07,3.57955776131291E-10,2.11777488000000E+08,2.50000200000000E+07,1.78977888065646E-10,3.28753776316572E-26,3.79749569734845E-14,-1.78977888065646E-10,-3.28753776316572E-26,-3.79749569734845E-14,1.62606865167618E-01,2.37298754655058E-05,-1.79104597124100E-19
0,19,25,1.25475150000000E+07,2.81715625000000E+03,-2.49996720000000E+07,3.56522394939773E-10,2.12096624000000E+08,2.49996720000000E+07,1.78261197469887E-10,3.27436008826304E-26,4.00230352061003E-14,-1.78261197469887E-10,-3.27436008826304E-26,-4.00230352061003E-14,1.62238866090775E-01,2.58456348092295E-05,-1.79104597124100E-19
0,19,26,1.25439080000000E+07,2.99270605468750E+03,-2.49989460000000E+07,3.54912016442555E-10,2.12462128000000E+08,2.49989460000000E+07,1.77456008221277E-10,3.25955477144575E-26,4.23371800399759E-14,-1.77456008221277E-10,-3.25955477144575E-26,-4.23371800399759E-14,1.61815270781517E-01,2.84351081063505E-05,-1.79104597124100E-19
0,19,27,1.25395340000000E+07,3.16449560546875E+03,-2.49976900000000E+07,3.53054002699693E-10,2.12891024000000E+08,2.49976900000000E+07,1.76526987472059E-10,3.24247531655014E-26,4.45486170467992E-14,-1.76526987472059E-10,-3.24247531655014E-26,-4.45486170467992E-14,1.61316290497780E-01,3.14386525133159E-05,-1.79104597124100E-19
0,19,28,1.25340900000000E+07,3.29647216796875E+03,-2.49956420000000E+07,3.50866224962942E-10,2.13403792000000E+08,2.49956420000000E+07,1.75433112481471E-10,3.22237138126985E-26,4.61389959441685E-14,-1.75433112481471E-10,-3.22237138126985E-26,-4.61389959441685E-14,1.60718038678169E-01,3.47577624779660E-05,-1.79104597124100E-19
0,19,29,1.25271410000000E+07,3.33807055664062E+03,-2.49923400000000E+07,3.48255674298414E-10,2.14024176000000E+08,2.49923400000000E+07,1.74127823271419E-10,3.19839216679267E-26,4.63993332145730E-14,-1.74127823271419E-10,-3.19839216679267E-26,-4.63993332145730E-14,1.59993037581444E-01,3.82453254132997E-05,-1.79104597124100E-19
0,19,30,1.25180640000000E+07,3.22359838867188E+03,-2.49869940000000E+07,3.45123235545586E-10,2.14777104000000E+08,2.49869940000000E+07,1.72561603895005E-10,3.16963325641671E-26,4.44373270819254E-14,-1.72561603895005E-10,-3.16963325641671E-26,-4.44373270819254E-14,1.59113302826881E-01,4.17208029830363E-05,-1.79104597124100E-19
0,19,31,1.25059360000000E+07,2.87953344726562E+03,-2.49782500000000E+07,3.41373929124700E-10,2.15684288000000E+08,2.49782500000000E+07,1.70686964562350E-10,3.13522782759259E-26,3.93012411622953E-14,-1.70686964562350E-10,-3.13522782759259E-26,-3.93012411622953E-14,1.58056840300560E-01,4.50455809186678E-05,-1.79104597124100E-19
0,19,32,1.24896870000000E+07,2.22840356445312E+03,-2.49644640000000E+07,3.36931121891482E-10,2.16757152000000E+08,2.49644640000000E+07,1.68465560945741E-10,3.09447792330848E-26,3.00575401157230E-14,-1.68465560945741E-10,-3.09447792330848E-26,-3.00575401157230E-14,1.56818911433220E-01,4.81932293041609E-05,-1.79104597124100E-19
0,19,33,1.24685030000000E+07,1.23357568359375E+03,-2.49446720000000E+07,3.31695226840623E-10,2.18010192000000E+08,2.49446720000000E+07,1.65847613420311E-10,3.04647080684512E-26,1.64081903175194E-14,-1.65847613420311E-10,-3.04647080684512E-26,-1.64081903175194E-14,1.55394449830055E-01,5.15286519657820E-05,-1.79104597124100E-19
0,19,34,1.24426820000000E+07,-5.14950408935547E+01,-2.49207060000000E+07,3.25448668014872E-10,2.19493616000000E+08,2.49207060000000E+07,1.62724334007436E-10,2.98920166216762E-26,-6.73447785455957E-16,-1.62724334007436E-10,-2.98920166216762E-26,6.73447785455957E-16,1.53737917542458E-01,5.59611216885969E-05,-1.79104597124100E-19
0,19,35,1.24135670000000E+07,-1.50847045898438E+03,-2.48979920000000E+07,3.17645271197264E-10,2.21372320000000E+08,2.48979920000000E+07,1.58822635598632E-10,2.91764273360034E-26,-1.92997913928562E-14,-1.58822635598632E-10,-2.91764273360034E-26,1.92997913928562E-14,1.51662066578865E-01,6.23546729912050E-05,-1.79104597124100E-19
0,19,36,1.23821110000000E+07,-3.12575903320312E+03,-2.48834980000000E+07,3.07319086845226E-10,2.23957520000000E+08,2.48834980000000E+07,1.53659543422613E-10,2.82291748706680E-26,-3.87900500023637E-14,-1.53659543422613E-10,-2.82291748706680E-26,3.87900500023637E-14,1.48816242814064E-01,7.03136829542927E-05,-1.79104597124100E-19
0,19,37,1.23460460000000E+07,-5.33963085937500E+03,-2.48811900000000E+07,2.93038787679833E-10,2.27737680000000E+08,2.48811900000000E+07,1.46519379962129E-10,2.69190525519069E-26,-6.33692317369983E-14,-1.46519379962129E-10,-2.69190525519069E-26,6.33692317369983E-14,1.44676163792610E-01,7.66007360653020E-05,-1.79104597124100E-19
0,19,38,1.22975710000000E+07,-9.58380078125000E+03,-2.48895320000000E+07,2.72879635554446E-10,2.33437584000000E+08,2.48895320000000E+07,1.36439776143860E-10,2.50700904718171E-26,-1.06330885123272E-13,-1.36439776143860E-10,-2.50700904718171E-26,1.06330885123272E-13,1.38531610369682E-01,7.36065994715318E-05,-1.79104597124100E-19
0,19,39,1.22202380000000E+07,-1.94099609375000E+04,-2.49036480000000E+07,2.43717684922373E-10,2.42498992000000E+08,2.49036480000000E+07,1.21858689805521E-10,2.23969289831428E-26,-1.93553682738441E-13,-1.21858689805521E-10,-2.23969289831428E-26,1.93553682738441E-13,1.29015624523163E-01,4.66297060484067E-05,-1.79104597124100E-19
0,19,40,1.20710480000000E+07,-4.39280390625000E+04,-2.49189040000000E+07,1.98105365445400E-10,2.59316304000000E+08,2.49189040000000E+07,9.90520235277792E-11,1.82176348111753E-26,-3.60462582092019E-13,-9.90520235277792E-11,-1.82176348111753E-26,3.60462582092019E-13,1.11943446099758E-01,-3.04853729176102E-05,-1.79104597124100E-19
0,19,41,1.15911880000000E+07,-1.61548765625000E+05,-2.48660680000000E+07,1.11518606848993E-10,3.03868224000000E+08,2.48660680000000E+07,5.57538876178043E-11,1.02894039874052E-26,-7.77053334871658E-13,-5.57538876178043E-11,-1.02894039874052E-26,7.77053334871658E-13,7.00685009360313E-02,-2.41403598920442E-04,-1.79104597124100E-19
0,20,1,1.26227120000000E+07,1.58763156250000E+05,-2.44705120000000E+07,5.79283898627381E-10,1.75868368000000E+08,2.44705120000000E+07,2.89619050963807E-10,5.29791033707621E-26,3.64270679592549E-12,-2.89619050963807E-10,-5.29791033707621E-26,-3.64270679592549E-12,2.06317633390427E-01,1.03551882784814E-03,-1.79104597124100E-19
0,20,2,1.27886180000000E+07,1.07637250000000E+05,-2.48063160000000E+07,5.73217917576585E-10,1.76856688000000E+08,2.48063160000000E+07,2.86598828003193E-10,5.24996423407349E-26,2.41220043072088E-12,-2.86598828003193E-10,-5.24996423407349E-26,-2.41220043072088E-12,2.04773575067520E-01,7.17079674359411E-04,-1.79104597124100E-19
0,20,3,1.28208000000000E+07,8.15701875000000E+04,-2.49245760000000E+07,5.46604206341783E-10,1.81426736000000E+08,2.49245760000000E+07,2.73296579811344E-10,5.00972958763766E-26,1.73880376243274E-12,-2.73296579811344E-10,-5.00972958763766E-26,-1.73880376243274E-12,1.98087334632874E-01,5.20714558660984E-04,-1.79104597124100E-19
0,20,4,1.28078050000000E+07,7.13327968750000E+04,-2.49599520000000E+07,5.21010901088914E-10,1.85579440000000E+08,2.49599520000000E+07,2.60501425985993E-10,4.77644955126821E-26,1.45085722949578E-12,-2.60501425985993E-10,-4.77644955126821E-26,-1.45085722949578E-12,1.92514508962631E-01,4.36378148151562E-04,-1.79104597124100E-19
0,20,5,1.27854620000000E+07,6.39121796875000E+04,-2.49708080000000E+07,5.00344932152785E-10,1.88748400000000E+08,2.49708080000000E+07,2.50169329696348E-10,4.58787851485095E-26,1.25055066128865E-12,-2.50169329696348E-10,-4.58787851485095E-26,-1.25055066128865E-12,1.88531488180161E-01,3.80245473934337E-04,-1.79104597124100E-19
0,20,6,1.27618120000000E+07,5.36034921875000E+04,-2.49734640000000E+07,4.83208972834603E-10,1.91264112000000E+08,2.49734640000000E+07,2.41602376993555E-10,4.43194967987512E-26,1.01480336720666E-12,-2.41602376993555E-10,-4.43194967987512E-26,-1.01480336720666E-12,1.85522556304932E-01,3.14183067530394E-04,-1.79104597124100E-19
0,20,7,1.27413430000000E+07,4.38769179687500E+04,-2.49747060000000E+07,4.69583816276042E-10,1.93206736000000E+08,2.49747060000000E+07,2.34790520359240E-10,4.30808095327432E-26,8.08539921213353E-13,-2.34790520359240E-10,-4.30808095327432E-26,-8.08539921213353E-13,1.83279365301132E-01,2.55276623647660E-04,-1.79104597124100E-19
0,20,8,1.27245100000000E+07,3.47433789062500E+04,-2.49764880000000E+07,4.58605764475095E-10,1.94756448000000E+08,2.49764880000000E+07,2.29302035692491E-10,4.20837633042537E-26,6.26093090132923E-13,-2.29302035692491E-10,-4.20837633042537E-26,-6.26093090132923E-13,1.81527689099312E-01,2.01753602596000E-04,-1.79104597124100E-19
0,20,9,1.27109180000000E+07,2.69532890625000E+04,-2.49789920000000E+07,4.49691367476746E-10,1.96016912000000E+08,2.49789920000000E+07,2.24845170260224E-10,4.12741948002707E-26,4.76780399015497E-13,-2.24845170260224E-10,-4.12741948002707E-26,-4.76780399015497E-13,1.80121064186096E-01,1.57013171701692E-04,-1.79104597124100E-19
0,20,10,1.26999490000000E+07,2.06503085937500E+04,-2.49819100000000E+07,4.42399145095251E-10,1.97056912000000E+08,2.49819100000000E+07,2.21199281114082E-10,4.06116255955949E-26,3.59673337120558E-13,-2.21199281114082E-10,-4.06116255955949E-26,-3.59673337120558E-13,1.78968816995621E-01,1.21291217510588E-04,-1.79104597124100E-19
0,20,11,1.26910450000000E+07,1.57216621093750E+04,-2.49849120000000E+07,4.36401081937987E-10,1.97922928000000E+08,2.49849120000000E+07,2.18200374435540E-10,4.00662053168323E-26,2.70306536485562E-13,-2.18200374435540E-10,-4.00662053168323E-26,-2.70306536485562E-13,1.78012952208519E-01,9.35821808525361E-05,-1.79104597124100E-19
0,20,12,1.26837650000000E+07,1.19628535156250E+04,-2.49877640000000E+07,4.31449848070642E-10,1.98647968000000E+08,2.49877640000000E+07,2.15724826890806E-10,3.96155500357974E-26,2.03463602303083E-13,-2.15724826890806E-10,-3.96155500357974E-26,-2.03463602303083E-13,1.77213922142982E-01,7.25259160390124E-05,-1.79104597124100E-19
0,20,13,1.26777740000000E+07,9.15281054687500E+03,-2.49903460000000E+07,4.27350987930453E-10,1.99257408000000E+08,2.49903460000000E+07,2.13675438454075E-10,3.92420952713972E-26,1.54264527042237E-13,-2.13675438454075E-10,-3.92420952713972E-26,-1.54264527042237E-13,1.76542222499847E-01,5.67837741982657E-05,-1.79104597124100E-19
0,20,14,1.26728100000000E+07,7.08825976562500E+03,-2.49926080000000E+07,4.23945462069142E-10,1.99772112000000E+08,2.49926080000000E+07,2.11972703278995E-10,3.89314936159181E-26,1.18562305155903E-13,-2.11972703278995E-10,-3.89314936159181E-26,-1.18562305155903E-13,1.75974011421204E-01,4.51875530416146E-05,-1.79104597124100E-19
0,20,15,1.26686640000000E+07,5.59705859375000E+03,-2.49945520000000E+07,4.21100238012784E-10,2.00209856000000E+08,2.49945520000000E+07,2.10550091250816E-10,3.86717272665070E-26,9.30217478023986E-14,-2.10550091250816E-10,-3.86717272665070E-26,-9.30217478023986E-14,1.75489231944084E-01,3.67805841960944E-05,-1.79104597124100E-19
0,20,16,1.26651640000000E+07,4.54091064453125E+03,-2.49962000000000E+07,4.18702628124379E-10,2.00586096000000E+08,2.49962000000000E+07,2.09351300184402E-10,3.84526149871061E-26,7.50598652785213E-14,-2.09351300184402E-10,-3.84526149871061E-26,-7.50598652785213E-14,1.75070583820343E-01,3.08110393234529E-05,-1.79104597124100E-19
0,20,17,1.26621650000000E+07,3.81280810546875E+03,-2.49975820000000E+07,4.16656903423629E-10,2.00914352000000E+08,2.49975820000000E+07,2.08328437834027E-10,3.82654731447819E-26,6.27314769140880E-14,-2.08328437834027E-10,-3.82654731447819E-26,-6.27314769140880E-14,1.74702987074852E-01,2.67057603196008E-05,-1.79104597124100E-19
0,20,18,1.26595420000000E+07,3.33234228515625E+03,-2.49987300000000E+07,4.14881295984770E-10,2.01206448000000E+08,2.49987300000000E+07,2.07440634114597E-10,3.81028845981328E-26,5.46041280225472E-14,-2.07440634114597E-10,-3.81028845981328E-26,-5.46041280225472E-14,1.74373283982277E-01,2.40390181716066E-05,-1.79104597124100E-19
0,20,19,1.26571840000000E+07,3.04063061523438E+03,-2.49996680000000E+07,4.13305445423617E-10,2.01472880000000E+08,2.49996680000000E+07,2.06652722711809E-10,3.79584490967675E-26,4.96441063713333E-14,-2.06652722711809E-10,-3.79584490967675E-26,-4.96441063713333E-14,1.74069777131081E-01,2.25030926230829E-05,-1.79104597124100E-19
0,20,20,1.26549910000000E+07,2.89572729492188E+03,-2.50004160000000E+07,4.11867789873455E-10,2.01723152000000E+08,2.50004160000000E+07,2.05933894936727E-10,3.78265583326879E-26,4.71219912319843E-14,-2.05933894936727E-10,-3.78265583326879E-26,-4.71219912319843E-14,1.73781812191010E-01,2.18835903069703E-05,-1.79104597124100E-19
0,20,21,1.26528710000000E+07,2.86884375000000E+03,-2.50009820000000E+07,4.10512901449778E-10,2.01966176000000E+08,2.50009820000000E+07,2.05256436847101E-10,3.77021463397684E-26,4.65387378970322E-14,-2.05256436847101E-10,-3.77021463397684E-26,-4.65387378970322E-14,1.73499315977097E-01,2.20401325350394E-05,-1.79104597124100E-19
0,20,22,1.26507280000000E+07,2.94140136718750E+03,-2.50013660000000E+07,4.09188710692732E-10,2.02210688000000E+08,2.50013660000000E+07,2.04594341468578E-10,3.75804583821623E-26,4.75699158070195E-14,-2.04594341468578E-10,-3.75804583821623E-26,-4.75699158070195E-14,1.73212289810181E-01,2.28920289373491E-05,-1.79104597124100E-19
0,20,23,1.26484640000000E+07,3.10280932617188E+03,-2.50015500000000E+07,4.07843842031852E-10,2.02465856000000E+08,2.50015500000000E+07,2.03921907138138E-10,3.74567828648535E-26,5.00243191325651E-14,-2.03921907138138E-10,-3.74567828648535E-26,-5.00243191325651E-14,1.72910153865814E-01,2.44081911660032E-05,-1.79104597124100E-19
0,20,24,1.26459640000000E+07,3.34881469726562E+03,-2.50015020000000E+07,4.06424449650444E-10,2.02741728000000E+08,2.50015020000000E+07,2.03212224825222E-10,3.73261832442087E-26,5.38132228665097E-14,-2.03212224825222E-10,-3.73261832442087E-26,-5.38132228665097E-14,1.72581046819687E-01,2.66005336015951E-05,-1.79104597124100E-19
0,20,25,1.26430920000000E+07,3.68028833007812E+03,-2.50011620000000E+07,4.04871108861116E-10,2.03050096000000E+08,2.50011620000000E+07,2.02435540552770E-10,3.71831960421615E-26,5.89271334635807E-14,-2.02435540552770E-10,-3.71831960421615E-26,-5.89271334635807E-14,1.72210976481438E-01,2.95204627036583E-05,-1.79104597124100E-19
0,20,26,1.26396740000000E+07,4.10240087890625E+03,-2.50004240000000E+07,4.03115235636520E-10,2.03405200000000E+08,2.50004240000000E+07,2.01557603940472E-10,3.70215257789099E-26,6.54186313410118E-14,-2.01557603940472E-10,-3.70215257789099E-26,-6.54186313410118E-14,1.71782806515694E-01,3.32588933815714E-05,-1.79104597124100E-19
0,20,27,1.26354790000000E+07,4.62438427734375E+03,-2.49991180000000E+07,4.01076089007191E-10,2.03824592000000E+08,2.49991180000000E+07,2.00538030625808E-10,3.68337429871003E-26,7.33937311424813E-14,-2.00538030625808E-10,-3.68337429871003E-26,-7.33937311424813E-14,1.71275243163109E-01,3.79521115974057E-05,-1.79104597124100E-19
0,20,28,1.26301860000000E+07,5.26057177734375E+03,-2.49969500000000E+07,3.98658356326465E-10,2.04329712000000E+08,2.49969500000000E+07,1.99329164285444E-10,3.66110900780896E-26,8.30221647180919E-14,-1.99329164285444E-10,-3.66110900780896E-26,-8.30221647180919E-14,1.70662239193916E-01,4.37993949162774E-05,-1.79104597124100E-19
0,20,29,1.26233310000000E+07,6.03424462890625E+03,-2.49934000000000E+07,3.95752930426596E-10,2.04945616000000E+08,2.49934000000000E+07,1.97876437457722E-10,3.63435214012878E-26,9.45895176963397E-14,-1.97876437457722E-10,-3.63435214012878E-26,-9.45895176963397E-14,1.69913530349731E-01,5.11027392349206E-05,-1.79104597124100E-19
0,20,30,1.26142320000000E+07,6.98566845703125E+03,-2.49875740000000E+07,3.92243043600971E-10,2.05698672000000E+08,2.49875740000000E+07,1.96121494044910E-10,3.60202825638856E-26,1.08610623478830E-13,-1.96121494044910E-10,-3.60202825638856E-26,-1.08610623478830E-13,1.68998256325722E-01,6.03327134740539E-05,-1.79104597124100E-19
0,20,31,1.26018670000000E+07,8.17961816406250E+03,-2.49779300000000E+07,3.88018117636335E-10,2.06610976000000E+08,2.49779300000000E+07,1.94009017184804E-10,3.56311676779216E-26,1.25927344723706E-13,-1.94009017184804E-10,-3.56311676779216E-26,-1.25927344723706E-13,1.67893737554550E-01,7.21659162081778E-05,-1.79104597124100E-19
0,20,32,1.25850300000000E+07,9.69497753906250E+03,-2.49625800000000E+07,3.82991860448101E-10,2.07691776000000E+08,2.49625800000000E+07,1.91495860835111E-10,3.51681864452426E-26,1.47520355848509E-13,-1.91495860835111E-10,-3.51681864452426E-26,-1.47520355848509E-13,1.66599273681641E-01,8.73579265316948E-05,-1.79104597124100E-19
0,20,33,1.25628280000000E+07,1.15787998046875E+04,-2.49404240000000E+07,3.77052666866717E-10,2.08951616000000E+08,2.49404240000000E+07,1.88526250166632E-10,3.46210713481289E-26,1.73759254597575E-13,-1.88526250166632E-10,-3.46210713481289E-26,-1.73759254597575E-13,1.65117129683495E-01,1.06279003375676E-04,-1.79104597124100E-19
0,20,34,1.25356580000000E+07,1.37250712890625E+04,-2.49135400000000E+07,3.69939995303881E-10,2.10440624000000E+08,2.49135400000000E+07,1.84969886629638E-10,3.39660178924681E-26,2.02520265097858E-13,-1.84969886629638E-10,-3.39660178924681E-26,-2.02520265097858E-13,1.63403049111366E-01,1.27826555399224E-04,-1.79104597124100E-19
0,20,35,1.25052120000000E+07,1.59181796875000E+04,-2.48881540000000E+07,3.60980773050912E-10,2.12338368000000E+08,2.48881540000000E+07,1.80490247747578E-10,3.31414517868221E-26,2.29750300815429E-13,-1.80490247747578E-10,-3.31414517868221E-26,-2.29750300815429E-13,1.61246255040169E-01,1.49661413161084E-04,-1.79104597124100E-19
0,20,36,1.24727850000000E+07,1.79324316406250E+04,-2.48722100000000E+07,3.48963885565823E-10,2.14994976000000E+08,2.48722100000000E+07,1.74481762371670E-10,3.20364209774668E-26,2.50856762662802E-13,-1.74481762371670E-10,-3.20364209774668E-26,-2.50856762662802E-13,1.58237531781197E-01,1.68907674378715E-04,-1.79104597124100E-19
0,20,37,1.24360250000000E+07,1.98230039062500E+04,-2.48701620000000E+07,3.32087052301588E-10,2.18966384000000E+08,2.48701620000000E+07,1.66043304106189E-10,3.04854557265561E-26,2.64672750946784E-13,-1.66043304106189E-10,-3.04854557265561E-26,-2.64672750946784E-13,1.53760179877281E-01,1.84441785677336E-04,-1.79104597124100E-19
0,20,38,1.23863100000000E+07,2.24611308593750E+04,-2.48801460000000E+07,3.07940090094050E-10,2.25085264000000E+08,2.48801460000000E+07,1.53969795246844E-10,2.82666950674726E-26,2.79206291333572E-13,-1.53969795246844E-10,-2.82666950674726E-26,-2.79206291333572E-13,1.46977409720421E-01,1.99988135136664E-04,-1.79104597124100E-19
0,20,39,1.23055070000000E+07,2.82048164062500E+04,-2.48964480000000E+07,2.72746186746886E-10,2.34990720000000E+08,2.48964480000000E+07,1.36372732550960E-10,2.50321250000094E-26,3.12572884242357E-13,-1.36372732550960E-10,-2.50321250000094E-26,-3.12572884242357E-13,1.36312678456306E-01,2.23884999286383E-04,-1.79104597124100E-19
0,20,40,1.21489470000000E+07,4.24465976562500E+04,-2.49137400000000E+07,2.18465107115762E-10,2.53390544000000E+08,2.49137400000000E+07,1.09231887424066E-10,2.00422022922174E-26,3.81639815236201E-13,-1.09231887424066E-10,-2.00422022922174E-26,-3.81639815236201E-13,1.17258705198765E-01,2.56640109000728E-04,-1.79104597124100E-19
0,20,41,1.16751050000000E+07,8.69346562500000E+04,-2.48589280000000E+07,1.22867507834634E-10,2.99787552000000E+08,2.48589280000000E+07,6.14320538883106E-11,1.12568748652968E-26,4.57432648617168E-13,-6.14320538883106E-11,-1.12568748652968E-26,-4.57432648617168E-13,7.29570016264915E-02,3.31203133100644E-04,-1.79104597124100E-19
0,21,1,1.26260020000000E+07,3.27369812500000E+05,-2.44549100000000E+07,5.91646787118094E-10,1.74362784000000E+08,2.44549100000000E+07,2.95724000842768E-10,5.38541103520236E-26,7.66759832709907E-12,-2.95724000842768E-10,-5.38541103520236E-26,-7.66759832709907E-12,2.08302259445190E-01,2.53457436338067E-03,-1.79104597124100E-19
0,21,2,1.27958260000000E+07,2.00265078125000E+05,-2.47950500000000E+07,5.85032189359680E-10,1.75362800000000E+08,2.47950500000000E+07,2.92480289987296E-10,5.34474587183580E-26,4.57755404761895E-12,-2.92480289987296E-10,-5.34474587183580E-26,-4.57755404761895E-12,2.06753060221672E-01,1.52886600699276E-03,-1.79104597124100E-19
0,21,3,1.28324040000000E+07,1.35057531250000E+05,-2.49219920000000E+07,5.56943824392420E-10,1.80106784000000E+08,2.49219920000000E+07,2.78456507851743E-10,5.09721765166337E-26,2.93067826950821E-12,-2.78456507851743E-10,-5.09721765166337E-26,-2.93067826950821E-12,1.99739709496498E-01,9.41143021918833E-04,-1.79104597124100E-19
0,21,4,1.28230740000000E+07,9.94082031250000E+04,-2.49602900000000E+07,5.32156152477370E-10,1.84095968000000E+08,2.49602900000000E+07,2.66070082632908E-10,4.87499799985294E-26,2.06265278294981E-12,-2.66070082632908E-10,-4.87499799985294E-26,-2.06265278294981E-12,1.94305703043938E-01,6.38417317532003E-04,-1.79104597124100E-19
0,21,5,1.28023410000000E+07,7.82495078125000E+04,-2.49713840000000E+07,5.11916065093487E-10,1.87158832000000E+08,2.49713840000000E+07,2.55953258587738E-10,4.69220567771522E-26,1.56441829976539E-12,-2.55953258587738E-10,-4.69220567771522E-26,-1.56441829976539E-12,1.90407514572144E-01,4.76322078611702E-04,-1.79104597124100E-19
0,21,6,1.27810670000000E+07,6.37824882812500E+04,-2.49735000000000E+07,4.96144403339116E-10,1.89414848000000E+08,2.49735000000000E+07,2.48069120800665E-10,4.54937532340276E-26,1.23796123092240E-12,-2.48069120800665E-10,-4.54937532340276E-26,-1.23796123092240E-12,1.87683790922165E-01,3.77400079742074E-04,-1.79104597124100E-19
0,21,7,1.27624170000000E+07,5.17844960937500E+04,-2.49742460000000E+07,4.83486084501550E-10,1.91158832000000E+08,2.49742460000000E+07,2.41741043849331E-10,4.43470483821636E-26,9.80883018038281E-13,-2.41741043849331E-10,-4.43470483821636E-26,-9.80883018038281E-13,1.85655921697617E-01,3.03003820590675E-04,-1.79104597124100E-19
0,21,8,1.27470870000000E+07,4.18034882812500E+04,-2.49758260000000E+07,4.73189931682327E-10,1.92555056000000E+08,2.49758260000000E+07,2.36593689084685E-10,4.34140447169288E-26,7.75898117456875E-13,-2.36593689084685E-10,-4.34140447169288E-26,-7.75898117456875E-13,1.84068977832794E-01,2.43957285420038E-04,-1.79104597124100E-19
0,21,9,1.27346620000000E+07,3.34272578125000E+04,-2.49784080000000E+07,4.64674909661511E-10,1.93711376000000E+08,2.49784080000000E+07,2.32336649919063E-10,4.26422059509283E-26,6.09861282568208E-13,-2.32336649919063E-10,-4.26422059509283E-26,-6.09861282568208E-13,1.82770162820816E-01,1.95645814528689E-04,-1.79104597124100E-19
0,21,10,1.27245700000000E+07,2.65519824218750E+04,-2.49815860000000E+07,4.57572812972984E-10,1.94686096000000E+08,2.49815860000000E+07,2.28785920763919E-10,4.19980578809846E-26,4.77400779498593E-13,-2.28785920763919E-10,-4.19980578809846E-26,-4.77400779498593E-13,1.81681513786316E-01,1.56569149112329E-04,-1.79104597124100E-19
0,21,11,1.27163130000000E+07,2.10341054687500E+04,-2.49849320000000E+07,4.51631537723429E-10,1.95513376000000E+08,2.49849320000000E+07,2.25815463550383E-10,4.14587574372133E-26,3.73522312255639E-13,-2.25815463550383E-10,-4.14587574372133E-26,-3.73522312255639E-13,1.80759757757187E-01,1.25516919069923E-04,-1.79104597124100E-19
0,21,12,1.27095080000000E+07,1.66972773437500E+04,-2.49881480000000E+07,4.46659820241280E-10,1.96216688000000E+08,2.49881480000000E+07,2.23329715831611E-10,4.10070359613611E-26,2.93402238268903E-13,-2.23329715831611E-10,-4.10070359613611E-26,-2.93402238268903E-13,1.79976627230644E-01,1.01290854217950E-04,-1.79104597124100E-19
0,21,13,1.27038660000000E+07,1.33568251953125E+04,-2.49910780000000E+07,4.42500258657219E-10,1.96814784000000E+08,2.49910780000000E+07,2.21250004428519E-10,4.06287247720131E-26,2.32621918689474E-13,-2.21250004428519E-10,-4.06287247720131E-26,-2.32621918689474E-13,1.79310202598572E-01,8.27416224638000E-05,-1.79104597124100E-19
0,21,14,1.26991640000000E+07,1.08360566406250E+04,-2.49936640000000E+07,4.39016767384004E-10,1.97324240000000E+08,2.49936640000000E+07,2.19508314303063E-10,4.03115533843077E-26,1.87304016155583E-13,-2.19508314303063E-10,-4.03115533843077E-26,-1.87304016155583E-13,1.78741410374641E-01,6.88223590259440E-05,-1.79104597124100E-19
0,21,15,1.26952210000000E+07,8.97659179687500E+03,-2.49959000000000E+07,4.36089386823824E-10,1.97760224000000E+08,2.49959000000000E+07,2.18044637900761E-10,4.00447088571651E-26,1.54175934172218E-13,-2.18044637900761E-10,-4.00447088571651E-26,-1.54175934172218E-13,1.78252995014191E-01,5.86254136578646E-05,-1.79104597124100E-19
0,21,16,1.26918850000000E+07,7.64366162109375E+03,-2.49978140000000E+07,4.33612312722431E-10,1.98136624000000E+08,2.49978140000000E+07,2.16806114727852E-10,3.98186416595489E-26,1.30571036838570E-13,-2.16806114727852E-10,-3.98186416595489E-26,-1.30571036838570E-13,1.77829265594482E-01,5.13975392095745E-05,-1.79104597124100E-19
0,21,17,1.26890250000000E+07,6.72750976562500E+03,-2.49994420000000E+07,4.31492841457271E-10,1.98465984000000E+08,2.49994420000000E+07,2.15746392973060E-10,3.96249639813655E-26,1.14385145235860E-13,-2.15746392973060E-10,-3.96249639813655E-26,-1.14385145235860E-13,1.77456021308899E-01,4.65377997898031E-05,-1.79104597124100E-19
0,21,18,1.26865240000000E+07,6.14227001953125E+03,-2.50008160000000E+07,4.29650121036573E-10,1.98759632000000E+08,2.50008160000000E+07,2.14825032762711E-10,3.94563511258504E-26,1.04009052618367E-13,-2.14825032762711E-10,-3.94563511258504E-26,-1.04009052618367E-13,1.77120521664619E-01,4.35853835369926E-05,-1.79104597124100E-19
0,21,19,1.26842780000000E+07,5.82361914062500E+03,-2.50019640000000E+07,4.28013541275973E-10,1.99027744000000E+08,2.50019640000000E+07,2.14006742882411E-10,3.93063843536848E-26,9.82550087298695E-14,-2.14006742882411E-10,-3.93063843536848E-26,-9.82550087298695E-14,1.76811307668686E-01,4.22037228418048E-05,-1.79104597124100E-19
0,21,20,1.26821870000000E+07,5.72616503906250E+03,-2.50029020000000E+07,4.26520596619184E-10,1.99279616000000E+08,2.50029020000000E+07,2.13260284431804E-10,3.91693814011609E-26,9.62896618992778E-14,-2.13260284431804E-10,-3.91693814011609E-26,-9.62896618992778E-14,1.76517829298973E-01,4.21653930970933E-05,-1.79104597124100E-19
0,21,21,1.26801580000000E+07,5.82117968750000E+03,-2.50036340000000E+07,4.25114776714253E-10,1.99524064000000E+08,2.50036340000000E+07,2.12557360601551E-10,3.90401776945397E-26,9.75803707043039E-14,-2.12557360601551E-10,-3.90401776945397E-26,-9.75803707043039E-14,1.76230058073997E-01,4.33406494266819E-05,-1.79104597124100E-19
0,21,22,1.26780940000000E+07,6.09504248046875E+03,-2.50041480000000E+07,4.23742707589270E-10,1.99769696000000E+08,2.50041480000000E+07,2.11871326039059E-10,3.89138952384582E-26,1.01857954850574E-13,-2.11871326039059E-10,-3.89138952384582E-26,-1.01857954850574E-13,1.75938054919243E-01,4.56912566733081E-05,-1.79104597124100E-19
0,21,23,1.26758870000000E+07,6.54860156250000E+03,-2.50044160000000E+07,4.22351570383839E-10,2.00025552000000E+08,2.50044160000000E+07,2.11175757436344E-10,3.87856776079686E-26,1.09097362491640E-13,-2.11175757436344E-10,-3.87856776079686E-26,-1.09097362491640E-13,1.75631269812584E-01,4.92709259560797E-05,-1.79104597124100E-19
0,21,24,1.26734160000000E+07,7.19763623046875E+03,-2.50043840000000E+07,4.20885992724607E-10,2.00301584000000E+08,2.50043840000000E+07,2.10442968606728E-10,3.86504280220660E-26,1.19517256876901E-13,-2.10442968606728E-10,-3.86504280220660E-26,-1.19517256876901E-13,1.75297930836678E-01,5.42339148523752E-05,-1.79104597124100E-19
0,21,25,1.26705300000000E+07,8.07461914062500E+03,-2.50039580000000E+07,4.19284662545039E-10,2.00609440000000E+08,2.50039580000000E+07,2.09642289639156E-10,3.85024827059701E-26,1.33599918237734E-13,-2.09642289639156E-10,-3.85024827059701E-26,-1.33599918237734E-13,1.74924150109291E-01,6.08541195106227E-05,-1.79104597124100E-19
0,21,26,1.26670310000000E+07,9.23212109375000E+03,-2.50029940000000E+07,4.17476803127315E-10,2.00963168000000E+08,2.50029940000000E+07,2.08738346052506E-10,3.83352965793577E-26,1.52134910029987E-13,-2.08738346052506E-10,-3.83352965793577E-26,-1.52134910029987E-13,1.74492925405502E-01,6.95589042152278E-05,-1.79104597124100E-19
0,21,27,1.26626540000000E+07,1.07484384765625E+04,-2.50012480000000E+07,4.15378925699983E-10,2.01380096000000E+08,2.50012480000000E+07,2.07689393461052E-10,3.81411289445965E-26,1.76292953759510E-13,-2.07689393461052E-10,-3.81411289445965E-26,-1.76292953759510E-13,1.73983201384544E-01,8.09845296316780E-05,-1.79104597124100E-19
0,21,28,1.26570260000000E+07,1.27365878906250E+04,-2.49983240000000E+07,4.12892692258637E-10,2.01881296000000E+08,2.49983240000000E+07,2.06446235107016E-10,3.79108370270543E-26,2.07743951164893E-13,-2.06446235107016E-10,-3.79108370270543E-26,-2.07743951164893E-13,1.73369333148003E-01,9.60647303145379E-05,-1.79104597124100E-19
0,21,29,1.26495990000000E+07,1.53587480468750E+04,-2.49935360000000E+07,4.09905664966459E-10,2.02491152000000E+08,2.49935360000000E+07,2.04952693705351E-10,3.76339591752734E-26,2.48847139725991E-13,-2.04952693705351E-10,-3.76339591752734E-26,-2.48847139725991E-13,1.72621935606003E-01,1.16167277155910E-04,-1.79104597124100E-19
0,21,30,1.26395620000000E+07,1.88503847656250E+04,-2.49857300000000E+07,4.06298966693086E-10,2.03234592000000E+08,2.49857300000000E+07,2.03149261301938E-10,3.72993619734312E-26,3.02972680580813E-13,-2.03149261301938E-10,-3.72993619734312E-26,-3.02972680580813E-13,1.71712249517441E-01,1.43292971188203E-04,-1.79104597124100E-19
0,21,31,1.26257070000000E+07,2.35527480468750E+04,-2.49730020000000E+07,4.01962851892534E-10,2.04130864000000E+08,2.49730020000000E+07,2.00981079001572E-10,3.68966669702433E-26,3.74922098575481E-13,-2.00981079001572E-10,-3.68966669702433E-26,-3.74922098575481E-13,1.70621797442436E-01,1.80260845809244E-04,-1.79104597124100E-19
0,21,32,1.26066340000000E+07,2.99877910156250E+04,-2.49530540000000E+07,3.96817884107392E-10,2.05184288000000E+08,2.49530540000000E+07,1.98408386942184E-10,3.64181303865894E-26,4.71960144576844E-13,-1.98408386942184E-10,-3.64181303865894E-26,-4.71960144576844E-13,1.69357314705849E-01,2.30978737818077E-04,-1.79104597124100E-19
0,21,33,1.25813650000000E+07,3.86614453125000E+04,-2.49245940000000E+07,3.90762033841696E-10,2.06399392000000E+08,2.49245940000000E+07,1.95380087109065E-10,3.58539777428158E-26,6.00386060312097E-13,-1.95380087109065E-10,-3.58539777428158E-26,-6.00386060312097E-13,1.67929619550705E-01,2.98114086035639E-04,-1.79104597124100E-19
0,21,34,1.25505920000000E+07,4.97846718750000E+04,-2.48902580000000E+07,3.83526654879063E-10,2.07825856000000E+08,2.48902580000000E+07,1.91761814760660E-10,3.51794955058760E-26,7.60665185353671E-13,-1.91761814760660E-10,-3.51794955058760E-26,-7.60665185353671E-13,1.66293725371361E-01,3.80113808205351E-04,-1.79104597124100E-19
0,21,35,1.25167580000000E+07,6.27610312500000E+04,-2.48578260000000E+07,3.74371117439765E-10,2.09659600000000E+08,2.48578260000000E+07,1.87183199495955E-10,3.43275257282373E-26,9.38566607246172E-13,-1.87183199495955E-10,-3.43275257282373E-26,-9.38566607246172E-13,1.64212107658386E-01,4.66817728010938E-04,-1.79104597124100E-19
0,21,36,1.24820310000000E+07,7.66518359375000E+04,-2.48372200000000E+07,3.61934510140216E-10,2.12289440000000E+08,2.48372200000000E+07,1.80963841134307E-10,3.31744730112766E-26,1.11129432479179E-12,-1.80963841134307E-10,-3.31744730112766E-26,-1.11129432479179E-12,1.61217242479324E-01,5.44086389709264E-04,-1.79104597124100E-19
0,21,37,1.24443840000000E+07,9.17595156250000E+04,-2.48340320000000E+07,3.44202472080113E-10,2.16324928000000E+08,2.48340320000000E+07,1.72096559225565E-10,3.15359226294711E-26,1.26896583518832E-12,-1.72096559225565E-10,-3.15359226294711E-26,-1.26896583518832E-12,1.56619548797607E-01,6.06164452619851E-04,-1.79104597124100E-19
0,21,38,1.23946580000000E+07,1.12285734375000E+05,-2.48460360000000E+07,3.18576859337227E-10,2.22648368000000E+08,2.48460360000000E+07,1.59281893230556E-10,2.91712535178008E-26,1.44296705660574E-12,-1.59281893230556E-10,-2.91712535178008E-26,-1.44296705660574E-12,1.49526879191399E-01,6.70776818878949E-04,-1.79104597124100E-19
0,21,39,1.23137950000000E+07,1.52067406250000E+05,-2.48662060000000E+07,2.81267786839123E-10,2.32914896000000E+08,2.48662060000000E+07,1.40623165889586E-10,2.57257201657173E-26,1.73660521726737E-12,-1.40623165889586E-10,-2.57257201657173E-26,-1.73660521726737E-12,1.38359218835831E-01,7.98416498582810E-04,-1.79104597124100E-19
0,21,40,1.21573050000000E+07,2.60564562500000E+05,-2.48879440000000E+07,2.24819426963840E-10,2.51690752000000E+08,2.48879440000000E+07,1.12383900796598E-10,2.04970977006179E-26,2.40869693982071E-12,-1.12383900796598E-10,-2.04970977006179E-26,-2.40869693982071E-12,1.18757642805576E-01,1.18297582957894E-03,-1.79104597124100E-19
0,21,41,1.16677070000000E+07,8.50425500000000E+05,-2.48160720000000E+07,1.29058388975700E-10,2.97526944000000E+08,2.48160720000000E+07,6.43584630033445E-11,1.15352233571832E-26,4.69090261426275E-12,-6.43584630033445E-11,-1.15352233571832E-26,-4.69090261426275E-12,7.45484828948975E-02,2.69027496688068E-03,-1.79104597124100E-19
1,1,1,1.26642290000000E+07,8.85104000000000E+05,-2.68155240000000E+07,1.36910024983727E-10,2.94052896000000E+08,2.68155240000000E+07,6.82884304659126E-11,1.22521384530297E-26,4.77268398413333E-12,-6.82884304659126E-11,-1.22521384530297E-26,-4.77268398413333E-12,7.74251297116280E-02,2.67528649419546E-03,-1.79104597124100E-19
1,1,2,1.31836540000000E+07,2.67583125000000E+05,-2.68882960000000E+07,2.38260577933858E-10,2.47488064000000E+08,2.68882960000000E+07,1.19105753038085E-10,2.17313476240340E-26,2.41743972929920E-12,-1.19105753038085E-10,-2.17313476240340E-26,-2.41743972929920E-12,1.22872039675713E-01,1.15672242827713E-03,-1.79104597124100E-19
1,1,3,1.33509610000000E+07,1.54014937500000E+05,-2.68674880000000E+07,2.97570468266173E-10,2.28731248000000E+08,2.68674880000000E+07,1.48775339270379E-10,2.72244957966230E-26,1.71625279092591E-12,-1.48775339270379E-10,-2.72244957966230E-26,-1.71625279092591E-12,1.42722964286804E-01,7.69329257309437E-04,-1.79104597124100E-19
1,1,4,1.34373850000000E+07,1.12595625000000E+05,-2.68484400000000E+07,3.36388666921650E-10,2.18606032000000E+08,2.68484400000000E+07,1.68188435401007E-10,3.08094187136174E-26,1.40929813392116E-12,-1.68188435401007E-10,-3.08094187136174E-26,-1.40929813392116E-12,1.53892785310745E-01,6.40709709841758E-04,-1.79104597124100E-19
1,1,5,1.34903220000000E+07,9.14146796875000E+04,-2.68374560000000E+07,3.62817498267276E-10,2.12424992000000E+08,2.68374560000000E+07,1.81404585797296E-10,3.32482099354994E-26,1.22925465379647E-12,-1.81404585797296E-10,-3.32482099354994E-26,-1.22925465379647E-12,1.60925388336182E-01,5.75687910895795E-04,-1.79104597124100E-19
1,1,6,1.35298420000000E+07,7.60668437500000E+04,-2.68412120000000E+07,3.80984077619217E-10,2.08503104000000E+08,2.68412120000000E+07,1.90489027329654E-10,3.49266902376559E-26,1.07095842610816E-12,-1.90489027329654E-10,-3.49266902376559E-26,-1.07095842610816E-12,1.65458038449287E-01,5.14803628902882E-04,-1.79104597124100E-19
1,1,7,1.35655300000000E+07,6.21524804687500E+04,-2.68617360000000E+07,3.93658800001973E-10,2.05956992000000E+08,2.68617360000000E+07,1.96827346088391E-10,3.61013780812399E-26,9.01793505321546E-13,-1.96827346088391E-10,-3.61013780812399E-26,-9.01793505321546E-13,1.68399646878242E-01,4.40664123743773E-04,-1.79104597124100E-19
1,1,8,1.35997060000000E+07,4.92615078125000E+04,-2.68935440000000E+07,4.02936656263009E-10,2.04188032000000E+08,2.68935440000000E+07,2.01467009741663E-10,3.69642039407891E-26,7.29763417663815E-13,-2.01467009741663E-10,-3.69642039407891E-26,-7.29763417663815E-13,1.70437827706337E-01,3.58328747097403E-04,-1.79104597124100E-19
1,1,9,1.36304860000000E+07,3.82552109375000E+04,-2.69270420000000E+07,4.10221245861209E-10,2.02817616000000E+08,2.69270420000000E+07,2.05109818018911E-10,3.76428122900418E-26,5.75659528725958E-13,-2.05109818018911E-10,-3.76428122900418E-26,-5.75659528725958E-13,1.72034040093422E-01,2.80819804174826E-04,-1.79104597124100E-19
1,1,10,1.36556520000000E+07,2.96840566406250E+04,-2.69547480000000E+07,4.16281370485549E-10,2.01654944000000E+08,2.69547480000000E+07,2.08140185642414E-10,3.82070296450615E-26,4.52445996250092E-13,-2.08140185642414E-10,-3.82070296450615E-26,-4.52445996250092E-13,1.73422172665596E-01,2.17489752685651E-04,-1.79104597124100E-19
1,1,11,1.36746350000000E+07,2.33252792968750E+04,-2.69741560000000E+07,4.21408186124239E-10,2.00649984000000E+08,2.69741560000000E+07,2.10703787750788E-10,3.86836495432347E-26,3.59404454981782E-13,-2.10703787750788E-10,-3.86836495432347E-26,-3.59404454981782E-13,1.74648165702820E-01,1.69702281709760E-04,-1.79104597124100E-19
1,1,12,1.36884430000000E+07,1.86764199218750E+04,-2.69865400000000E+07,4.25717683327775E-10,1.99796672000000E+08,2.69865400000000E+07,2.12858647374858E-10,3.90837160372345E-26,2.90422932014076E-13,-2.12858647374858E-10,-3.90837160372345E-26,-2.90422932014076E-13,1.75703123211861E-01,1.34899266413413E-04,-1.79104597124100E-19
1,1,13,1.36984680000000E+07,1.52235029296875E+04,-2.69941360000000E+07,4.29296542758806E-10,1.99089888000000E+08,2.69941360000000E+07,2.14648132601525E-10,3.94156169371546E-26,2.38544671212274E-13,-2.14648132601525E-10,-3.94156169371546E-26,-2.38544671212274E-13,1.76581725478172E-01,1.09384025563486E-04,-1.79104597124100E-19
1,1,14,1.37059000000000E+07,1.26297988281250E+04,-2.69987920000000E+07,4.32256869187242E-10,1.98510768000000E+08,2.69987920000000E+07,2.16128337449106E-10,3.96899371539694E-26,1.99159292573262E-13,-2.16128337449106E-10,-3.96899371539694E-26,-1.99159292573262E-13,1.77302643656731E-01,9.04858534340747E-05,-1.79104597124100E-19
1,1,15,1.37115410000000E+07,1.06624257812500E+04,-2.70016320000000E+07,4.34718178121685E-10,1.98035264000000E+08,2.70016320000000E+07,2.17359019671903E-10,3.99178563258200E-26,1.69023622138484E-13,-2.17359019671903E-10,-3.99178563258200E-26,-1.69023622138484E-13,1.77894160151482E-01,7.63108837418258E-05,-1.79104597124100E-19
1,1,16,1.37159320000000E+07,9.16063378906250E+03,-2.70033200000000E+07,4.36792657598772E-10,1.97640016000000E+08,2.70033200000000E+07,2.18396287166023E-10,4.01098145337491E-26,1.45863098617756E-13,-2.18396287166023E-10,-4.01098145337491E-26,-1.45863098617756E-13,1.78384929895401E-01,6.55660696793348E-05,-1.79104597124100E-19
1,1,17,1.37194460000000E+07,8.01231738281250E+03,-2.70042480000000E+07,4.38578284800428E-10,1.97304912000000E+08,2.70042480000000E+07,2.19289100766851E-10,4.02749144930457E-26,1.28067410734393E-13,-2.19289100766851E-10,-4.02749144930457E-26,-1.28067410734393E-13,1.78799837827682E-01,5.73702782276087E-05,-1.79104597124100E-19
1,1,18,1.37223470000000E+07,7.13984130859375E+03,-2.70046460000000E+07,4.40157910119865E-10,1.97013488000000E+08,2.70046460000000E+07,2.20078927304357E-10,4.04208291086083E-26,1.14508730730996E-13,-2.20078927304357E-10,-4.04208291086083E-26,-1.14508730730996E-13,1.79159253835678E-01,5.11241742060520E-05,-1.79104597124100E-19
1,1,19,1.37248310000000E+07,6.49115136718750E+03,-2.70046640000000E+07,4.41601560874361E-10,1.96752384000000E+08,2.70046640000000E+07,2.20800752681605E-10,4.05540479939775E-26,1.04427595314528E-13,-2.20800752681605E-10,-4.05540479939775E-26,-1.04427595314528E-13,1.79479524493217E-01,4.64259464934003E-05,-1.79104597124100E-19
1,1,20,1.37270500000000E+07,6.03418750000000E+03,-2.70043880000000E+07,4.42969855241060E-10,1.96510592000000E+08,2.70043880000000E+07,2.21484913742742E-10,4.06801578867360E-26,9.73611585775545E-14,-2.21484913742742E-10,-4.06801578867360E-26,-9.73611585775545E-14,1.79774031043053E-01,4.30186155426782E-05,-1.79104597124100E-19
1,1,21,1.37291280000000E+07,5.75352343750000E+03,-2.70038720000000E+07,4.44317499459501E-10,1.96278688000000E+08,2.70038720000000E+07,2.22158721974175E-10,4.08041939381303E-26,9.31009894286801E-14,-2.22158721974175E-10,-4.08041939381303E-26,-9.31009894286801E-14,1.80054098367691E-01,4.07580882892944E-05,-1.79104597124100E-19
1,1,22,1.37311720000000E+07,5.64866650390625E+03,-2.70031460000000E+07,4.45696590745115E-10,1.96048112000000E+08,2.70031460000000E+07,2.22848281494770E-10,4.09309509433501E-26,9.16743013424336E-14,-2.22848281494770E-10,-4.09309509433501E-26,-9.16743013424336E-14,1.80329814553261E-01,3.95953429688234E-05,-1.79104597124100E-19
1,1,23,1.37332810000000E+07,5.73370361328125E+03,-2.70022180000000E+07,4.47159892447146E-10,1.95810688000000E+08,2.70022180000000E+07,2.23579932345785E-10,4.10652514309761E-26,9.33455854387928E-14,-2.23579932345785E-10,-4.10652514309761E-26,-9.33455854387928E-14,1.80610790848732E-01,3.95687347918283E-05,-1.79104597124100E-19
1,1,24,1.37355500000000E+07,6.03809326171875E+03,-2.70010880000000E+07,4.48763498583915E-10,1.95558032000000E+08,2.70010880000000E+07,2.24381735414170E-10,4.12122137524284E-26,9.86373187446786E-14,-2.24381735414170E-10,-4.12122137524284E-26,-9.86373187446786E-14,1.80906683206558E-01,4.08042251365259E-05,-1.79104597124100E-19
1,1,25,1.37380810000000E+07,6.60845849609375E+03,-2.69997360000000E+07,4.50569553889224E-10,1.95281296000000E+08,2.69997360000000E+07,2.25284763066824E-10,4.13775016824876E-26,1.08369205536335E-13,-2.25284763066824E-10,-4.13775016824876E-26,-1.08369205536335E-13,1.81227669119835E-01,4.35221154475585E-05,-1.79104597124100E-19
1,1,26,1.37409830000000E+07,7.51118554687500E+03,-2.69981360000000E+07,4.52648696303015E-10,1.94970656000000E+08,2.69981360000000E+07,2.26324306518144E-10,4.15675247160086E-26,1.23714867560423E-13,-2.26324306518144E-10,-4.15675247160086E-26,-1.23714867560423E-13,1.81584939360619E-01,4.80491653434001E-05,-1.79104597124100E-19
1,1,27,1.37443770000000E+07,8.83548828125000E+03,-2.69962540000000E+07,4.55081972106086E-10,1.94615280000000E+08,2.69962540000000E+07,2.27540944419680E-10,4.17896352831469E-26,1.46273292957189E-13,-2.27540944419680E-10,-4.17896352831469E-26,-1.46273292957189E-13,1.81990861892700E-01,5.48344905837439E-05,-1.79104597124100E-19
1,1,28,1.37484000000000E+07,1.06963027343750E+04,-2.69940540000000E+07,4.57962723299232E-10,1.94203008000000E+08,2.69940540000000E+07,2.28981292260677E-10,4.20522735792910E-26,1.78148240517068E-13,-2.28981292260677E-10,-4.20522735792910E-26,-1.78148240517068E-13,1.82459279894829E-01,6.44664396531880E-05,-1.79104597124100E-19
1,1,29,1.37532120000000E+07,1.32359375000000E+04,-2.69915100000000E+07,4.61397642315120E-10,1.93720448000000E+08,2.69915100000000E+07,2.30698710135258E-10,4.23650692541628E-26,2.22021850231936E-13,-2.30698710135258E-10,-4.23650692541628E-26,-2.22021850231936E-13,1.83005541563034E-01,7.76857996243052E-05,-1.79104597124100E-19
1,1,30,1.37590030000000E+07,1.66229277343750E+04,-2.69886200000000E+07,4.65507604685556E-10,1.93152960000000E+08,2.69886200000000E+07,2.32753635809324E-10,4.27389307749673E-26,2.81201087805674E-13,-2.32753635809324E-10,-4.27389307749673E-26,-2.81201087805674E-13,1.83646455407143E-01,9.53879643930122E-05,-1.79104597124100E-19
1,1,31,1.37660060000000E+07,2.10462011718750E+04,-2.69854480000000E+07,4.70429584176202E-10,1.92484656000000E+08,2.69854480000000E+07,2.35214514532345E-10,4.31861840933485E-26,3.59608393410427E-13,-2.35214514532345E-10,-4.31861840933485E-26,-3.59608393410427E-13,1.84400439262390E-01,1.18605370516889E-04,-1.79104597124100E-19
1,1,32,1.37745240000000E+07,2.67027539062500E+04,-2.69821520000000E+07,4.76321149189829E-10,1.91697648000000E+08,2.69821520000000E+07,2.38160130505705E-10,4.37210379500641E-26,4.61687925303739E-13,-2.38160130505705E-10,-4.37210379500641E-26,-4.61687925303739E-13,1.85288503766060E-01,1.48462597280741E-04,-1.79104597124100E-19
1,1,33,1.37849570000000E+07,3.37773828125000E+04,-2.69790360000000E+07,4.83373785442609E-10,1.90769744000000E+08,2.69790360000000E+07,2.41686171076338E-10,4.43607640848555E-26,5.92205375449933E-13,-2.41686171076338E-10,-4.43607640848555E-26,-5.92205375449933E-13,1.86337590217590E-01,1.86105404281989E-04,-1.79104597124100E-19
1,1,34,1.37978280000000E+07,4.24125937500000E+04,-2.69765380000000E+07,4.91841345429123E-10,1.89668432000000E+08,2.69765380000000E+07,2.45919506980385E-10,4.51283966198575E-26,7.55922234529915E-13,-2.45919506980385E-10,-4.51283966198575E-26,-7.55922234529915E-13,1.87589094042778E-01,2.32635109568946E-04,-1.79104597124100E-19
1,1,35,1.38137520000000E+07,5.26989960937500E+04,-2.69750780000000E+07,5.02101527022347E-10,1.88337136000000E+08,2.69750780000000E+07,2.51048931643183E-10,4.60582941452780E-26,9.57743107911357E-13,-2.51048931643183E-10,-4.60582941452780E-26,-9.57743107911357E-13,1.89119011163712E-01,2.89349205559120E-04,-1.79104597124100E-19
1,1,36,1.38332200000000E+07,6.50415898437500E+04,-2.69744980000000E+07,5.14764175729709E-10,1.86668960000000E+08,2.69744980000000E+07,2.57379229040566E-10,4.72056984948978E-26,1.21015599884727E-12,-2.57379229040566E-10,-4.72056984948978E-26,-1.21015599884727E-12,1.91079124808311E-01,3.60477628419176E-04,-1.79104597124100E-19
1,1,37,1.38556150000000E+07,7.99076796875000E+04,-2.69725720000000E+07,5.30633592621399E-10,1.84498208000000E+08,2.69725720000000E+07,2.65312383174177E-10,4.86434005761510E-26,1.53010145786253E-12,-2.65312383174177E-10,-4.86434005761510E-26,-1.53010145786253E-12,1.93726360797882E-01,4.54762601293623E-04,-1.79104597124100E-19
1,1,38,1.38778580000000E+07,1.01691242187500E+05,-2.69615840000000E+07,5.51170109552857E-10,1.81524016000000E+08,2.69615840000000E+07,2.75577644037739E-10,5.04991434703889E-26,2.01931982420078E-12,-2.75577644037739E-10,-5.04991434703889E-26,-2.01931982420078E-12,1.97548091411591E-01,6.09500159043819E-04,-1.79104597124100E-19
1,1,39,1.38888170000000E+07,1.38482093750000E+05,-2.69230300000000E+07,5.76483805136974E-10,1.77615584000000E+08,2.69230300000000E+07,2.88227580691469E-10,5.27705790838234E-26,2.87384851159478E-12,-2.88227580691469E-10,-5.27705790838234E-26,-2.87384851159478E-12,2.02923104166985E-01,8.99870821740478E-04,-1.79104597124100E-19
1,1,40,1.38531710000000E+07,2.05821546875000E+05,-2.67945900000000E+07,6.05249572682709E-10,1.72935376000000E+08,2.67945900000000E+07,3.02591396383889E-10,5.53098545449958E-26,4.49570936034149E-12,-3.02591396383889E-10,-5.53098545449958E-26,-4.49570936034149E-12,2.09915101528168E-01,1.46564736496657E-03,-1.79104597124100E-19
1,1,41,1.36808640000000E+07,3.35614250000000E+05,-2.64501420000000E+07,6.11632688940489E-10,1.71988688000000E+08,2.64501420000000E+07,3.05724390248230E-10,5.57014192138491E-26,7.49992516008158E-12,-3.05724390248230E-10,-5.57014192138491E-26,-7.49992516008158E-12,2.11412817239761E-01,2.42455210536718E-03,-1.79104597124100E-19
1,2,1,1.26696090000000E+07,8.93296640625000E+04,-2.68583140000000E+07,1.30518859609019E-10,2.96291104000000E+08,2.68583140000000E+07,6.52578061033360E-11,1.19594903164922E-26,4.60113446908855E-13,-6.52578061033360E-11,-1.19594903164922E-26,-4.60113446908855E-13,7.58347958326340E-02,3.27352987369522E-04,-1.79104597124100E-19
1,2,2,1.31739710000000E+07,4.32229687500000E+04,-2.69139140000000E+07,2.31674721073993E-10,2.49158624000000E+08,2.69139140000000E+07,1.15836736036545E-10,2.12555920832198E-26,3.80053004041606E-13,-1.15836736036545E-10,-2.12555920832198E-26,-3.80053004041606E-13,1.21380805969238E-01,2.51015211688355E-04,-1.79104597124100E-19
1,2,3,1.33411690000000E+07,2.84854843750000E+04,-2.68973500000000E+07,2.88719104180046E-10,2.30772128000000E+08,2.68973500000000E+07,1.44359232900904E-10,2.64994864024062E-26,3.08229570339380E-13,-1.44359232900904E-10,-2.64994864024062E-26,-3.08229570339380E-13,1.40684232115746E-01,2.17017615796067E-04,-1.79104597124100E-19
1,2,4,1.34272530000000E+07,2.24825898437500E+04,-2.68819340000000E+07,3.25329013728393E-10,2.21001744000000E+08,2.68819340000000E+07,1.62664284819591E-10,2.98642678230374E-26,2.72365029835298E-13,-1.62664284819591E-10,-2.98642678230374E-26,-2.72365029835298E-13,1.51354014873505E-01,1.91908591659740E-04,-1.79104597124100E-19
1,2,5,1.34799610000000E+07,1.97285507812500E+04,-2.68727620000000E+07,3.50218132272317E-10,2.15021008000000E+08,2.68727620000000E+07,1.75108871847129E-10,3.21512865208379E-26,2.56279996139683E-13,-1.75108871847129E-10,-3.21512865208379E-26,-2.56279996139683E-13,1.58080428838730E-01,1.75624096300453E-04,-1.79104597124100E-19
1,2,6,1.35184640000000E+07,1.77956328125000E+04,-2.68752620000000E+07,3.67493591113544E-10,2.11162176000000E+08,2.68752620000000E+07,1.83746629023318E-10,3.37388968259864E-26,2.41883092331682E-13,-1.83746629023318E-10,-3.37388968259864E-26,-2.41883092331682E-13,1.62494793534279E-01,1.59999937750399E-04,-1.79104597124100E-19
1,2,7,1.35518150000000E+07,1.57776503906250E+04,-2.68911380000000E+07,3.79728470889518E-10,2.08590896000000E+08,2.68911380000000E+07,1.89864110544669E-10,3.48639357363480E-26,2.21048589046750E-13,-1.89864110544669E-10,-3.48639357363480E-26,-2.21048589046750E-13,1.65450081229210E-01,1.41324606374837E-04,-1.79104597124100E-19
1,2,8,1.35826390000000E+07,1.36010439453125E+04,-2.69160280000000E+07,3.88800242001608E-10,2.06760512000000E+08,2.69160280000000E+07,1.94400023856289E-10,3.56987847671531E-26,1.94663444977143E-13,-1.94400023856289E-10,-3.56987847671531E-26,-1.94663444977143E-13,1.67561963200569E-01,1.20519012853038E-04,-1.79104597124100E-19
1,2,9,1.36098870000000E+07,1.14779755859375E+04,-2.69422500000000E+07,3.95959348642450E-10,2.05329744000000E+08,2.69422500000000E+07,1.97979604932286E-10,3.63580382908366E-26,1.66967229430458E-13,-1.97979604932286E-10,-3.63580382908366E-26,-1.66967229430458E-13,1.69234946370125E-01,1.00157420092728E-04,-1.79104597124100E-19
1,2,10,1.36320590000000E+07,9.61528222656250E+03,-2.69638140000000E+07,4.01904176605683E-10,2.04123616000000E+08,2.69638140000000E+07,2.00952032791690E-10,3.69056094481611E-26,1.41740175911391E-13,-2.00952032791690E-10,-3.69056094481611E-26,-1.41740175911391E-13,1.70676842331886E-01,8.23380760266446E-05,-1.79104597124100E-19
1,2,11,1.36488630000000E+07,8.11485449218750E+03,-2.69787460000000E+07,4.06915223738480E-10,2.03091776000000E+08,2.69787460000000E+07,2.03457570235877E-10,3.73671423815219E-26,1.20964544804425E-13,-2.03457570235877E-10,-3.73671423815219E-26,-1.20964544804425E-13,1.71932727098465E-01,6.80380107951351E-05,-1.79104597124100E-19
1,2,12,1.36612230000000E+07,6.93053417968750E+03,-2.69881300000000E+07,4.11116529708266E-10,2.02222576000000E+08,2.69881300000000E+07,2.05558237098558E-10,3.77540509221416E-26,1.04282637484066E-13,-2.05558237098558E-10,-3.77540509221416E-26,-1.04282637484066E-13,1.73002004623413E-01,5.68906434637029E-05,-1.79104597124100E-19
1,2,13,1.36703380000000E+07,5.98531347656250E+03,-2.69938040000000E+07,4.14601047937779E-10,2.01506192000000E+08,2.69938040000000E+07,2.07300496213314E-10,3.80749262583161E-26,9.07628261285522E-14,-2.07300496213314E-10,-3.80749262583161E-26,-9.07628261285522E-14,1.73886507749557E-01,4.81853494420648E-05,-1.79104597124100E-19
1,2,14,1.36772180000000E+07,5.21576269531250E+03,-2.69972620000000E+07,4.17481688108623E-10,2.00921008000000E+08,2.69972620000000E+07,2.08740830176524E-10,3.83401961451362E-26,7.96026452761812E-14,-2.08740830176524E-10,-3.83401961451362E-26,-7.96026452761812E-14,1.74609050154686E-01,4.12893750763033E-05,-1.79104597124100E-19
1,2,15,1.36825370000000E+07,4.58222314453125E+03,-2.69993720000000E+07,4.19875911816803E-10,2.00441584000000E+08,2.69993720000000E+07,2.09937942030614E-10,3.85606673607060E-26,7.03073192655397E-14,-2.09937942030614E-10,-3.85606673607060E-26,-7.03073192655397E-14,1.75199940800667E-01,3.57624703610782E-05,-1.79104597124100E-19
1,2,16,1.36867560000000E+07,4.06157495117188E+03,-2.70006420000000E+07,4.21892715207761E-10,2.00043904000000E+08,2.70006420000000E+07,2.10946357603881E-10,3.87463824741273E-26,6.25987976732301E-14,-2.10946357603881E-10,-3.87463824741273E-26,-6.25987976732301E-14,1.75688713788986E-01,3.13211130560376E-05,-1.79104597124100E-19
1,2,17,1.36901950000000E+07,3.63945507812500E+03,-2.70013560000000E+07,4.23627077861255E-10,1.99707456000000E+08,2.70013560000000E+07,2.11813525052840E-10,3.89060651776763E-26,5.63093408706417E-14,-2.11813525052840E-10,-3.89060651776763E-26,-5.63093408706417E-14,1.76100715994835E-01,2.77773506240919E-05,-1.79104597124100E-19
1,2,18,1.36930850000000E+07,3.30653369140625E+03,-2.70016820000000E+07,4.25159213390813E-10,1.99415552000000E+08,2.70016820000000E+07,2.12579592817619E-10,3.90470956349000E-26,5.13325954009172E-14,-2.12579592817619E-10,-3.90470956349000E-26,-5.13325954009172E-14,1.76456511020660E-01,2.50020348175894E-05,-1.79104597124100E-19
1,2,19,1.36956010000000E+07,3.05751269531250E+03,-2.70017200000000E+07,4.26557011934392E-10,1.99154656000000E+08,2.70017200000000E+07,2.13278505967196E-10,3.91757107773301E-26,4.76139513558814E-14,-2.13278505967196E-10,-3.91757107773301E-26,-4.76139513558814E-14,1.76772624254227E-01,2.29086108447518E-05,-1.79104597124100E-19
1,2,20,1.36978800000000E+07,2.89137817382812E+03,-2.70015340000000E+07,4.27879287556721E-10,1.98913616000000E+08,2.70015340000000E+07,2.13939629900572E-10,3.92973093717868E-26,4.51588432989238E-14,-2.13939629900572E-10,-3.92973093717868E-26,-4.51588432989238E-14,1.77062541246414E-01,2.14477822737535E-05,-1.79104597124100E-19
1,2,21,1.37000360000000E+07,2.81223608398438E+03,-2.70011520000000E+07,4.29179136673952E-10,1.98682880000000E+08,2.70011520000000E+07,2.14589554459188E-10,3.94167663321454E-26,4.40492640193385E-14,-2.14589554459188E-10,-3.94167663321454E-26,-4.40492640193385E-14,1.77337661385536E-01,2.06076347240014E-05,-1.79104597124100E-19
1,2,22,1.37021700000000E+07,2.83055395507812E+03,-2.70005900000000E+07,4.30507296478311E-10,1.98453808000000E+08,2.70005900000000E+07,2.15253648239155E-10,3.95387316236636E-26,4.44664650153109E-14,-2.15253648239155E-10,-3.95387316236636E-26,-4.44664650153109E-14,1.77608132362366E-01,2.04171228688210E-05,-1.79104597124100E-19
1,2,23,1.37043760000000E+07,2.96487353515625E+03,-2.69998500000000E+07,4.31915170295838E-10,1.98218080000000E+08,2.69998500000000E+07,2.15957585147919E-10,3.96679014339177E-26,4.67213446479330E-14,-2.15957585147919E-10,-3.96679014339177E-26,-4.67213446479330E-14,1.77883610129356E-01,2.09525951504475E-05,-1.79104597124100E-19
1,2,24,1.37067510000000E+07,3.24414672851562E+03,-2.69989240000000E+07,4.33457658655101E-10,1.97967248000000E+08,2.69989240000000E+07,2.16728815449763E-10,3.98092985882027E-26,5.12958985455104E-14,-2.16728815449763E-10,-3.98092985882027E-26,-5.12958985455104E-14,1.78173780441284E-01,2.23478000407340E-05,-1.79104597124100E-19
1,2,25,1.37093970000000E+07,3.71088598632812E+03,-2.69977920000000E+07,4.35195934844756E-10,1.97692240000000E+08,2.69977920000000E+07,2.17597967422378E-10,3.99684913351739E-26,5.88998386738884E-14,-2.17597967422378E-10,-3.99684913351739E-26,-5.88998386738884E-14,1.78488940000534E-01,2.48082196776522E-05,-1.79104597124100E-19
1,2,26,1.37124270000000E+07,4.42527832031250E+03,-2.69964260000000E+07,4.37200220471112E-10,1.97382992000000E+08,2.69964260000000E+07,2.18600096357768E-10,4.01518675992708E-26,7.05466840001702E-14,-2.18600096357768E-10,-4.01518675992708E-26,-7.05466840001702E-14,1.78840413689613E-01,2.86305694316979E-05,-1.79104597124100E-19
1,2,27,1.37159710000000E+07,5.47029394531250E+03,-2.69947960000000E+07,4.39552311215508E-10,1.97028160000000E+08,2.69947960000000E+07,2.19776141729966E-10,4.03668537663589E-26,8.76525685800794E-14,-2.19776141729966E-10,-4.03668537663589E-26,-8.76525685800794E-14,1.79241046309471E-01,3.42280072800349E-05,-1.79104597124100E-19
1,2,28,1.37201800000000E+07,6.95750439453125E+03,-2.69928720000000E+07,4.42348491169753E-10,1.96614704000000E+08,2.69928720000000E+07,2.21174217829301E-10,4.06221796916901E-26,1.12157462137108E-13,-2.21174217829301E-10,-4.06221796916901E-26,-1.12157462137108E-13,1.79705470800400E-01,4.21605000155978E-05,-1.79104597124100E-19
1,2,29,1.37252360000000E+07,9.03270605468750E+03,-2.69906260000000E+07,4.45702419415994E-10,1.96127696000000E+08,2.69906260000000E+07,2.22851168074634E-10,4.09281128929841E-26,1.46660434447929E-13,-2.22851168074634E-10,-4.09281128929841E-26,-1.46660434447929E-13,1.80250629782677E-01,5.31675032107159E-05,-1.79104597124100E-19
1,2,30,1.37313580000000E+07,1.18793720703125E+04,-2.69880600000000E+07,4.49748682740392E-10,1.95549872000000E+08,2.69880600000000E+07,2.24874258103469E-10,4.12968190845134E-26,1.94544846812000E-13,-2.24874258103469E-10,-4.12968190845134E-26,-1.94544846812000E-13,1.80896148085594E-01,6.81955061736517E-05,-1.79104597124100E-19
1,2,31,1.37388210000000E+07,1.57162109375000E+04,-2.69852200000000E+07,4.54648485526121E-10,1.94861056000000E+08,2.69852200000000E+07,2.27324090107395E-10,4.17428336447544E-26,2.60042204783262E-13,-2.27324090107395E-10,-4.17428336447544E-26,-2.60042204783262E-13,1.81665286421776E-01,8.84047622093931E-05,-1.79104597124100E-19
1,2,32,1.37479820000000E+07,2.07824140625000E+04,-2.69822320000000E+07,4.60599336449263E-10,1.94036640000000E+08,2.69822320000000E+07,2.30299404546663E-10,4.22839983887118E-26,3.48136748378955E-13,-2.30299404546663E-10,-4.22839983887118E-26,-3.48136748378955E-13,1.82586848735809E-01,1.15124283183832E-04,-1.79104597124100E-19
1,2,33,1.37593080000000E+07,2.72986464843750E+04,-2.69793320000000E+07,4.67853034091803E-10,1.93044688000000E+08,2.69793320000000E+07,2.33926072956692E-10,4.29431009194877E-26,4.64112363991742E-13,-2.33926072956692E-10,-4.29431009194877E-26,-4.64112363991742E-13,1.83699384331703E-01,1.49691870319657E-04,-1.79104597124100E-19
1,2,34,1.37733960000000E+07,3.53824609375000E+04,-2.69768620000000E+07,4.76745365407538E-10,1.91840016000000E+08,2.69768620000000E+07,2.38371905547652E-10,4.37507126786473E-26,6.12353321261666E-13,-2.38371905547652E-10,-4.37507126786473E-26,-6.12353321261666E-13,1.85059502720833E-01,1.93058425793424E-04,-1.79104597124100E-19
1,2,35,1.37909180000000E+07,4.48676601562500E+04,-2.69751400000000E+07,4.87732410014985E-10,1.90355408000000E+08,2.69751400000000E+07,2.43864928251014E-10,4.47486771905342E-26,7.93395243166989E-13,-2.43864928251014E-10,-4.47486771905342E-26,-7.93395243166989E-13,1.86756208539009E-01,2.44882481638342E-04,-1.79104597124100E-19
1,2,36,1.38123450000000E+07,5.49360156250000E+04,-2.69739880000000E+07,5.01427288579492E-10,1.88488240000000E+08,2.69739880000000E+07,2.50711673643877E-10,4.59939280257926E-26,9.97158735790982E-13,-2.50711673643877E-10,-4.59939280257926E-26,-9.97158735790982E-13,1.88934728503227E-01,3.01635416690260E-04,-1.79104597124100E-19
1,2,37,1.38373230000000E+07,6.55393437500000E+04,-2.69714340000000E+07,5.18758980216916E-10,1.86056048000000E+08,2.69714340000000E+07,2.59376575773018E-10,4.75714803543995E-26,1.22851598685636E-12,-2.59376575773018E-10,-4.75714803543995E-26,-1.22851598685636E-12,1.91872254014015E-01,3.64802486728877E-04,-1.79104597124100E-19
1,2,38,1.38612840000000E+07,7.30287421875000E+04,-2.69606000000000E+07,5.39782107900066E-10,1.82973488000000E+08,2.69606000000000E+07,2.69887334702901E-10,4.94904307286683E-26,1.42191239251716E-12,-2.69887334702901E-10,-4.94904307286683E-26,-1.42191239251716E-12,1.95783093571663E-01,4.17724048020318E-04,-1.79104597124100E-19
1,2,39,1.38761510000000E+07,8.32886953125000E+04,-2.69249180000000E+07,5.66027669179903E-10,1.78895216000000E+08,2.69249180000000E+07,2.83008727564038E-10,5.18838439595726E-26,1.69870075037576E-12,-2.83008727564038E-10,-5.18838439595726E-26,-1.69870075037576E-12,2.01305538415909E-01,4.97073284350336E-04,-1.79104597124100E-19
1,2,40,1.38449740000000E+07,1.09604992187500E+05,-2.68052060000000E+07,5.93365800938273E-10,1.74379936000000E+08,2.68052060000000E+07,2.96673602351305E-10,5.43542420029579E-26,2.34864341516761E-12,-2.96673602351305E-10,-5.43542420029579E-26,-2.34864341516761E-12,2.07979694008827E-01,6.82761543430388E-04,-1.79104597124100E-19
1,2,41,1.36766930000000E+07,1.60804375000000E+05,-2.64651460000000E+07,5.99344240903577E-10,1.73428320000000E+08,2.64651460000000E+07,2.99651387036803E-10,5.48293396461031E-26,3.52316570015332E-12,-2.99651387036803E-10,-5.48293396461031E-26,-3.52316570015332E-12,2.09492236375809E-01,9.80540062300861E-04,-1.79104597124100E-19
1,3,1,1.25795990000000E+07,-1.67266875000000E+05,-2.68654280000000E+07,1.18533585724556E-10,3.00405120000000E+08,2.68654280000000E+07,5.92615539973806E-11,1.09344210369399E-26,-7.87981821719769E-13,-5.92615539973806E-11,-1.09344210369399E-26,7.87981821719769E-13,7.29070082306862E-02,-2.37566520809196E-04,-1.79104597124100E-19
1,3,2,1.30908710000000E+07,-4.48305312500000E+04,-2.69190140000000E+07,2.10270495459852E-10,2.55088592000000E+08,2.69190140000000E+07,1.05134630168369E-10,1.93349638387835E-26,-3.60040285345836E-13,-1.05134630168369E-10,-1.93349638387835E-26,3.60040285345836E-13,1.15993395447731E-01,-2.73488985840231E-05,-1.79104597124100E-19
1,3,3,1.32499160000000E+07,-1.95234628906250E+04,-2.69044060000000E+07,2.58185195445293E-10,2.38267728000000E+08,2.69044060000000E+07,1.29092458944768E-10,2.37255479330899E-26,-1.90214936358381E-13,-1.29092458944768E-10,-2.37255479330899E-26,1.90214936358381E-13,1.33302152156830E-01,4.71560742880683E-05,-1.79104597124100E-19
1,3,4,1.33320330000000E+07,-9.39979003906250E+03,-2.68910740000000E+07,2.88485402233363E-10,2.29322112000000E+08,2.68910740000000E+07,1.44242659483318E-10,2.65031749434357E-26,-1.01698719432754E-13,-1.44242659483318E-10,-2.65031749434357E-26,1.01698719432754E-13,1.42830476164818E-01,7.24689234630205E-05,-1.79104597124100E-19
1,3,5,1.33832170000000E+07,-5.04562451171875E+03,-2.68834480000000E+07,3.09236664053358E-10,2.23745104000000E+08,2.68834480000000E+07,1.54618318148891E-10,2.84064929295318E-26,-5.82928616401496E-14,-1.54618318148891E-10,-2.84064929295318E-26,5.82928616401496E-14,1.48930519819260E-01,7.46790246921591E-05,-1.79104597124100E-19
1,3,6,1.34208740000000E+07,-2.80139526367188E+03,-2.68861560000000E+07,3.23836568671965E-10,2.20067456000000E+08,2.68861560000000E+07,1.61918270458195E-10,2.97459756651092E-26,-3.37978817567357E-14,-1.61918270458195E-10,-2.97459756651092E-26,3.37978817567357E-14,1.53017863631248E-01,6.81901874486357E-05,-1.79104597124100E-19
1,3,7,1.34531950000000E+07,-1.19924206542969E+03,-2.69005960000000E+07,3.34340055641036E-10,2.17561488000000E+08,2.69005960000000E+07,1.67170027820518E-10,3.07095476904213E-26,-1.49018370885177E-14,-1.67170027820518E-10,-3.07095476904213E-26,1.49018370885177E-14,1.55817642807961E-01,6.02935106144287E-05,-1.79104597124100E-19
1,3,8,1.34826900000000E+07,2.15703781127930E+02,-2.69228780000000E+07,3.42237072015195E-10,2.15746256000000E+08,2.69228780000000E+07,1.71118536007597E-10,3.14337959571241E-26,2.73765220189855E-15,-1.71118536007597E-10,-3.14337959571241E-26,-2.73765220189855E-15,1.57853946089745E-01,5.40108630957548E-05,-1.79104597124100E-19
1,3,9,1.35086210000000E+07,1.44854321289062E+03,-2.69462680000000E+07,3.48523848670013E-10,2.14317968000000E+08,2.69462680000000E+07,1.74261924335006E-10,3.20102499006385E-26,1.86862837350940E-14,-1.74261924335006E-10,-3.20102499006385E-26,-1.86862837350940E-14,1.59473881125450E-01,4.96556276630145E-05,-1.79104597124100E-19
1,3,10,1.35298100000000E+07,2.39313574218750E+03,-2.69655440000000E+07,3.53766071992112E-10,2.13115792000000E+08,2.69655440000000E+07,1.76883035996056E-10,3.24909712592213E-26,3.12868491964685E-14,-1.76883035996056E-10,-3.24909712592213E-26,-3.12868491964685E-14,1.60862326622009E-01,4.63644282717723E-05,-1.79104597124100E-19
1,3,11,1.35460540000000E+07,3.00191967773438E+03,-2.69789640000000E+07,3.58197194127996E-10,2.12089344000000E+08,2.69789640000000E+07,1.79098597063998E-10,3.28974472480760E-26,3.96897582345419E-14,-1.79098597063998E-10,-3.28974472480760E-26,-3.96897582345419E-14,1.62065669894218E-01,4.32582564826589E-05,-1.79104597124100E-19
1,3,12,1.35581950000000E+07,3.31242480468750E+03,-2.69874800000000E+07,3.61926932868073E-10,2.11223216000000E+08,2.69874800000000E+07,1.80963466434036E-10,3.32397420067199E-26,4.42114809931331E-14,-1.80963466434036E-10,-3.32397420067199E-26,-4.42114809931331E-14,1.63090348243713E-01,3.99899145122617E-05,-1.79104597124100E-19
1,3,13,1.35672990000000E+07,3.40084106445312E+03,-2.69926940000000E+07,3.65037555738468E-10,2.10505504000000E+08,2.69926940000000E+07,1.82518763991446E-10,3.35253527952407E-26,4.57509837035585E-14,-1.82518763991446E-10,-3.35253527952407E-26,-4.57509837035585E-14,1.63942158222198E-01,3.65886626241263E-05,-1.79104597124100E-19
1,3,14,1.35742780000000E+07,3.33917285156250E+03,-2.69959140000000E+07,3.67626179498259E-10,2.09914880000000E+08,2.69959140000000E+07,1.83813089749130E-10,3.37631481358462E-26,4.52166719322987E-14,-1.83813089749130E-10,-3.37631481358462E-26,-4.52166719322987E-14,1.64643138647079E-01,3.31900337187108E-05,-1.79104597124100E-19
1,3,15,1.35797520000000E+07,3.19154541015625E+03,-2.69979140000000E+07,3.69792640952937E-10,2.09427264000000E+08,2.69979140000000E+07,1.84896306598681E-10,3.39622399882892E-26,4.34547688631104E-14,-1.84896306598681E-10,-3.39622399882892E-26,-4.34547688631104E-14,1.65220871567726E-01,2.99655494018225E-05,-1.79104597124100E-19
1,3,16,1.35841520000000E+07,3.00714892578125E+03,-2.69991380000000E+07,3.71629976791965E-10,2.09019840000000E+08,2.69991380000000E+07,1.85814988395983E-10,3.41311394221801E-26,4.11342102957582E-14,-1.85814988395983E-10,-3.41311394221801E-26,-4.11342102957582E-14,1.65702223777771E-01,2.70524542429484E-05,-1.79104597124100E-19
1,3,17,1.35877810000000E+07,2.82089990234375E+03,-2.69998440000000E+07,3.73220010452258E-10,2.08673008000000E+08,2.69998440000000E+07,1.86609991348341E-10,3.42773282901668E-26,3.87412880096562E-14,-1.86609991348341E-10,-3.42773282901668E-26,-3.87412880096562E-14,1.66110426187515E-01,2.45407682086807E-05,-1.79104597124100E-19
1,3,18,1.35908650000000E+07,2.65697827148438E+03,-2.70001800000000E+07,3.74632824762244E-10,2.08370512000000E+08,2.70001800000000E+07,1.87316398503334E-10,3.44072222500800E-26,3.66198635000717E-14,-1.87316398503334E-10,-3.44072222500800E-26,-3.66198635000717E-14,1.66464671492577E-01,2.24835039261961E-05,-1.79104597124100E-19
1,3,19,1.35935760000000E+07,2.53310864257812E+03,-2.70002360000000E+07,3.75928704832162E-10,2.08098976000000E+08,2.70002360000000E+07,1.87964338538293E-10,3.45263464097442E-26,3.50264047909062E-14,-1.87964338538293E-10,-3.45263464097442E-26,-3.50264047909062E-14,1.66780665516853E-01,2.09145055123372E-05,-1.79104597124100E-19
1,3,20,1.35960520000000E+07,2.46450878906250E+03,-2.70000600000000E+07,3.77160802589316E-10,2.07847136000000E+08,2.70000600000000E+07,1.88580387416870E-10,3.46395633570830E-26,3.41833088527907E-14,-1.88580387416870E-10,-3.46395633570830E-26,-3.41833088527907E-14,1.67071491479874E-01,1.98660000023665E-05,-1.79104597124100E-19
1,3,21,1.35984100000000E+07,2.46732836914062E+03,-2.69996800000000E+07,3.78378134380242E-10,2.07605136000000E+08,2.69996800000000E+07,1.89189067190121E-10,3.47513659014706E-26,3.43269182068000E-14,-1.89189067190121E-10,-3.47513659014706E-26,-3.43269182068000E-14,1.67348429560661E-01,1.93839496205328E-05,-1.79104597124100E-19
1,3,22,1.36007570000000E+07,2.56180126953125E+03,-2.69991060000000E+07,3.79628634084028E-10,2.07363872000000E+08,2.69991060000000E+07,1.89814317042014E-10,3.48661328372286E-26,3.57529049497662E-14,-1.89814317042014E-10,-3.48661328372286E-26,-3.57529049497662E-14,1.67621791362762E-01,1.95419452211354E-05,-1.79104597124100E-19
1,3,23,1.36031960000000E+07,2.77548437500000E+03,-2.69983340000000E+07,3.80962011936603E-10,2.07114336000000E+08,2.69983340000000E+07,1.90481005968302E-10,3.49884124405137E-26,3.88641789377756E-14,-1.90481005968302E-10,-3.49884124405137E-26,-3.88641789377756E-14,1.67901575565338E-01,2.04553634830518E-05,-1.79104597124100E-19
1,3,24,1.36058330000000E+07,3.14697070312500E+03,-2.69973440000000E+07,3.82432890910778E-10,2.06847104000000E+08,2.69973440000000E+07,1.91216431577601E-10,3.51231813143021E-26,4.42275407378130E-14,-1.91216431577601E-10,-3.51231813143021E-26,-4.42275407378130E-14,1.68198153376579E-01,2.22976614168147E-05,-1.79104597124100E-19
1,3,25,1.36087880000000E+07,3.73047387695312E+03,-2.69961140000000E+07,3.84103970851868E-10,2.06551792000000E+08,2.69961140000000E+07,1.92051985425934E-10,3.52761525371809E-26,5.26457539671774E-14,-1.92051985425934E-10,-3.52761525371809E-26,-5.26457539671774E-14,1.68522864580154E-01,2.53207508649211E-05,-1.79104597124100E-19
1,3,26,1.36121980000000E+07,4.60161865234375E+03,-2.69946080000000E+07,3.86049803235977E-10,2.06216416000000E+08,2.69946080000000E+07,1.93024887740201E-10,3.54541023010665E-26,6.52522808464347E-14,-1.93024887740201E-10,-3.54541023010665E-26,-6.52522808464347E-14,1.68888732790947E-01,2.98813247354701E-05,-1.79104597124100E-19
1,3,27,1.36162270000000E+07,5.86465869140625E+03,-2.69927860000000E+07,3.88360982261915E-10,2.05826752000000E+08,2.69927860000000E+07,1.94180477253170E-10,3.56652550971933E-26,8.36356740699200E-14,-1.94180477253170E-10,-3.56652550971933E-26,-8.36356740699200E-14,1.69311150908470E-01,3.64747793355491E-05,-1.79104597124100E-19
1,3,28,1.36210770000000E+07,7.66102734375000E+03,-2.69906060000000E+07,3.91149668210744E-10,2.05365648000000E+08,2.69906060000000E+07,1.95574806349796E-10,3.59197736726919E-26,1.09998930808170E-13,-1.95574806349796E-10,-3.59197736726919E-26,-1.09998930808170E-13,1.69808745384216E-01,4.57777096016798E-05,-1.79104597124100E-19
1,3,29,1.36270060000000E+07,1.01784892578125E+04,-2.69880340000000E+07,3.94556387561806E-10,2.04812032000000E+08,2.69880340000000E+07,1.97278138269752E-10,3.62303845726347E-26,1.47353971472614E-13,-1.97278138269752E-10,-3.62303845726347E-26,-1.47353971472614E-13,1.70404538512230E-01,5.86983514949679E-05,-1.79104597124100E-19
1,3,30,1.36343390000000E+07,1.36589541015625E+04,-2.69850580000000E+07,3.98759553155159E-10,2.04139584000000E+08,2.69850580000000E+07,1.99379679433065E-10,3.66132224677240E-26,1.99739638891139E-13,-1.99379679433065E-10,-3.66132224677240E-26,-1.99739638891139E-13,1.71127557754517E-01,7.64312353567220E-05,-1.79104597124100E-19
1,3,31,1.36435070000000E+07,1.84011816406250E+04,-2.69817180000000E+07,4.03989119934778E-10,2.03314800000000E+08,2.69817180000000E+07,2.01994365678360E-10,3.70890812383832E-26,2.72432548525589E-13,-2.01994365678360E-10,-3.70890812383832E-26,-2.72432548525589E-13,1.72015205025673E-01,1.00507277238648E-04,-1.79104597124100E-19
1,3,32,1.36550780000000E+07,2.47524648437500E+04,-2.69781320000000E+07,4.10546846518756E-10,2.02293856000000E+08,2.69781320000000E+07,2.05273090192470E-10,3.76852721119677E-26,3.72097101394853E-13,-2.05273090192470E-10,-3.76852721119677E-26,-3.72097101394853E-13,1.73117518424988E-01,1.32823712192476E-04,-1.79104597124100E-19
1,3,33,1.36698020000000E+07,3.30835429687500E+04,-2.69745380000000E+07,4.18837658999749E-10,2.01017440000000E+08,2.69745380000000E+07,2.09418218877211E-10,3.84384678761066E-26,5.06832314832451E-13,-2.09418218877211E-10,-3.84384678761066E-26,-5.06832314832451E-13,1.74504116177559E-01,1.75638371729292E-04,-1.79104597124100E-19
1,3,34,1.36886300000000E+07,4.37397617187500E+04,-2.69712800000000E+07,4.29412866376211E-10,1.99403136000000E+08,2.69712800000000E+07,2.14705336842869E-10,3.93987211389385E-26,6.86055541803537E-13,-2.14705336842869E-10,-3.93987211389385E-26,-6.86055541803537E-13,1.76275566220284E-01,2.31490572332405E-04,-1.79104597124100E-19
1,3,35,1.37126390000000E+07,5.69749453125000E+04,-2.69686740000000E+07,4.43022618590305E-10,1.97335296000000E+08,2.69686740000000E+07,2.21509394160435E-10,4.06342591243013E-26,9.20354179152760E-13,-2.21509394160435E-10,-4.06342591243013E-26,-9.20354179152760E-13,1.78580626845360E-01,3.03026812616736E-04,-1.79104597124100E-19
1,3,36,1.37425570000000E+07,7.26726484375000E+04,-2.69665080000000E+07,4.60572135985160E-10,1.94671072000000E+08,2.69665080000000E+07,2.30282848345809E-10,4.22277057675533E-26,1.21776926650247E-12,-2.30282848345809E-10,-4.22277057675533E-26,-1.21776926650247E-12,1.81619033217430E-01,3.91306035453454E-04,-1.79104597124100E-19
1,3,37,1.37774140000000E+07,8.53967578125000E+04,-2.69627220000000E+07,4.82765327713963E-10,1.91301952000000E+08,2.69627220000000E+07,2.41378028675854E-10,4.42488105475603E-26,1.49613719850616E-12,-2.41378028675854E-10,-4.42488105475603E-26,-1.49613719850616E-12,1.85575291514397E-01,4.65960765723139E-04,-1.79104597124100E-19
1,3,38,1.38152370000000E+07,1.06814726562500E+05,-2.69503120000000E+07,5.12135778230061E-10,1.86708192000000E+08,2.69503120000000E+07,2.56060228576160E-10,4.69162759058311E-26,1.97977073103373E-12,-2.56060228576160E-10,-4.69162759058311E-26,-1.97977073103373E-12,1.91272735595703E-01,5.98793907556683E-04,-1.79104597124100E-19
1,3,39,1.38338460000000E+07,1.08877835937500E+05,-2.69127640000000E+07,5.39894018380949E-10,1.82294016000000E+08,2.69127640000000E+07,2.69938627006638E-10,4.94568332659745E-26,2.12452386412487E-12,-2.69938627006638E-10,-4.94568332659745E-26,-2.12452386412487E-12,1.97067424654961E-01,6.28735579084605E-04,-1.79104597124100E-19
1,3,40,1.38116230000000E+07,1.02172148437500E+05,-2.67915920000000E+07,5.73267433523483E-10,1.76712480000000E+08,2.67915920000000E+07,2.86625861933842E-10,5.25224823291314E-26,2.12032865223866E-12,-2.86625861933842E-10,-5.25224823291314E-26,-2.12032865223866E-12,2.05061703920364E-01,6.09121751040220E-04,-1.79104597124100E-19
1,3,41,1.36441340000000E+07,1.51673390625000E+05,-2.64475860000000E+07,5.81034498292610E-10,1.75480976000000E+08,2.64475860000000E+07,2.90499291288882E-10,5.31661188720819E-26,3.22930094123763E-12,-2.90499291288882E-10,-5.31661188720819E-26,-3.22930094123763E-12,2.06934288144112E-01,8.60055384691805E-04,-1.79104597124100E-19
1,4,1,1.66631690000000E+07,-4.29593125000000E+05,-2.68722180000000E+07,6.42308359277699E-11,3.29466816000000E+08,2.68722180000000E+07,3.21047494145077E-11,5.94822847026416E-27,-8.27692461010526E-13,-3.21047494145077E-11,-5.94822847026416E-27,8.27692461010526E-13,5.02379089593887E-02,-4.10379434470087E-04,-1.79104597124100E-19
1,4,2,1.69267320000000E+07,-1.21441789062500E+05,-2.69240860000000E+07,1.10143623388570E-10,2.93695200000000E+08,2.69240860000000E+07,5.50703926904816E-11,1.01404602692261E-26,-3.95105633323525E-13,-5.50703926904816E-11,-1.01404602692261E-26,3.95105633323525E-13,8.17187428474426E-02,-1.23435718705878E-04,-1.79104597124100E-19
1,4,3,1.70126120000000E+07,-5.39693750000000E+04,-2.69116960000000E+07,1.38922789938434E-10,2.78048896000000E+08,2.69116960000000E+07,6.94610480245217E-11,1.27732796885414E-26,-2.20352368621689E-13,-6.94610480245217E-11,-1.27732796885414E-26,2.20352368621689E-13,9.59790647029877E-02,-1.71626379597001E-05,-1.79104597124100E-19
1,4,4,1.70584300000000E+07,-3.20253027343750E+04,-2.69008180000000E+07,1.59023322288121E-10,2.68760320000000E+08,2.69008180000000E+07,7.95115154272885E-11,1.46151689835033E-26,-1.49274025757450E-13,-7.95115154272885E-11,-1.46151689835033E-26,1.49274025757450E-13,1.04683406651020E-01,1.10294022306334E-05,-1.79104597124100E-19
1,4,5,1.70879820000000E+07,-2.24578417968750E+04,-2.68950760000000E+07,1.73593403540728E-10,2.62587504000000E+08,2.68950760000000E+07,8.67966254425312E-11,1.59512667046104E-26,-1.14072258041407E-13,-8.67966254425312E-11,-1.59512667046104E-26,1.14072258041407E-13,1.10616788268089E-01,1.62522646860452E-05,-1.79104597124100E-19
1,4,6,1.71120480000000E+07,-1.71762031250000E+04,-2.68982100000000E+07,1.84211965126302E-10,2.58364496000000E+08,2.68982100000000E+07,9.21059409297875E-11,1.69252479960860E-26,-9.24512541717638E-14,-9.21059409297875E-11,-1.69252479960860E-26,9.24512541717638E-14,1.14739984273911E-01,1.36284797918051E-05,-1.79104597124100E-19
1,4,7,1.71356380000000E+07,-1.30273769531250E+04,-2.69112280000000E+07,1.92007493238222E-10,2.55433776000000E+08,2.69112280000000E+07,9.60037188635354E-11,1.76400653690370E-26,-7.29868707247290E-14,-9.60037188635354E-11,-1.76400653690370E-26,7.29868707247290E-14,1.17614611983299E-01,1.10324635897996E-05,-1.79104597124100E-19
1,4,8,1.71592680000000E+07,-9.06772460937500E+03,-2.69307620000000E+07,1.97928909373424E-10,2.53304976000000E+08,2.69307620000000E+07,9.89644408089241E-11,1.81826753308247E-26,-5.22972371788319E-14,-9.89644408089241E-11,-1.81826753308247E-26,5.22972371788319E-14,1.19704321026802E-01,1.13657733891159E-05,-1.79104597124100E-19
1,4,9,1.71809020000000E+07,-5.43240039062500E+03,-2.69511300000000E+07,2.02675473626179E-10,2.51635984000000E+08,2.69511300000000E+07,1.01337736813090E-10,1.86174024008476E-26,-3.20418096623563E-14,-1.01337736813090E-10,-1.86174024008476E-26,3.20418096623563E-14,1.21352426707745E-01,1.39654102895292E-05,-1.79104597124100E-19
1,4,10,1.71986300000000E+07,-2.49110620117188E+03,-2.69679600000000E+07,2.06665726198985E-10,2.50232256000000E+08,2.69679600000000E+07,1.03332863099492E-10,1.89828560818869E-26,-1.49670721779835E-14,-1.03332863099492E-10,-1.89828560818869E-26,1.49670721779835E-14,1.22757822275162E-01,1.68934329849435E-05,-1.79104597124100E-19
1,4,11,1.72119720000000E+07,-3.80321289062500E+02,-2.69798140000000E+07,2.10080772222732E-10,2.49023088000000E+08,2.69798140000000E+07,1.05040386111366E-10,1.92957488236279E-26,-2.32100643602305E-15,-1.05040386111366E-10,-1.92957488236279E-26,2.32100643602305E-15,1.23984813690186E-01,1.88681769941468E-05,-1.79104597124100E-19
1,4,12,1.72216600000000E+07,9.81477050781250E+02,-2.69874720000000E+07,2.13000117543771E-10,2.47986784000000E+08,2.69874720000000E+07,1.06500058771886E-10,1.95633729672120E-26,6.06952935651504E-15,-1.06500058771886E-10,-1.95633729672120E-26,-6.06952935651504E-15,1.25046223402023E-01,1.95398588402895E-05,-1.79104597124100E-19
1,4,13,1.72287140000000E+07,1.78599182128906E+03,-2.69922620000000E+07,2.15478468401642E-10,2.47111056000000E+08,2.69922620000000E+07,1.07739234200821E-10,1.97906912489200E-26,1.11686444055799E-14,-1.07739234200821E-10,-1.97906912489200E-26,-1.11686444055799E-14,1.25947013497353E-01,1.91904946404975E-05,-1.79104597124100E-19
1,4,14,1.72339880000000E+07,2.20878247070312E+03,-2.69952800000000E+07,2.17579287919989E-10,2.46375840000000E+08,2.69952800000000E+07,1.08789643959994E-10,1.99834799178411E-26,1.39429525935456E-14,-1.08789643959994E-10,-1.99834799178411E-26,-1.39429525935456E-14,1.26704007387161E-01,1.82061939995037E-05,-1.79104597124100E-19
1,4,15,1.72380400000000E+07,2.39082690429688E+03,-2.69971880000000E+07,2.19370577259070E-10,2.45757168000000E+08,2.69971880000000E+07,1.09685281690641E-10,2.01479281424445E-26,1.52127811893889E-14,-1.09685281690641E-10,-2.01479281424445E-26,-1.52127811893889E-14,1.27340242266655E-01,1.69257746165385E-05,-1.79104597124100E-19
1,4,16,1.72412420000000E+07,2.43317089843750E+03,-2.69983720000000E+07,2.20918394688852E-10,2.45231168000000E+08,2.69983720000000E+07,1.10459190405532E-10,2.02900694760601E-26,1.55885588861088E-14,-1.10459190405532E-10,-2.02900694760601E-26,-1.55885588861088E-14,1.27879604697227E-01,1.55863381223753E-05,-1.79104597124100E-19
1,4,17,1.72438420000000E+07,2.40532641601562E+03,-2.69990640000000E+07,2.22283288997538E-10,2.44776320000000E+08,2.69990640000000E+07,1.11141644498769E-10,2.04154398117199E-26,1.55030373575563E-14,-1.11141644498769E-10,-2.04154398117199E-26,-1.55030373575563E-14,1.28343954682350E-01,1.43390852826997E-05,-1.79104597124100E-19
1,4,18,1.72460240000000E+07,2.35485034179688E+03,-2.69993960000000E+07,2.23519480702095E-10,2.44373936000000E+08,2.69993960000000E+07,1.11759740351047E-10,2.05289972634728E-26,1.52601828471832E-14,-1.11759740351047E-10,-2.05289972634728E-26,-1.52601828471832E-14,1.28752306103706E-01,1.32767954710289E-05,-1.79104597124100E-19
1,4,19,1.72479160000000E+07,2.31564746093750E+03,-2.69994480000000E+07,2.24675791860030E-10,2.44007872000000E+08,2.69994480000000E+07,1.12337895930015E-10,2.06352130702778E-26,1.50821111106819E-14,-1.12337895930015E-10,-2.06352130702778E-26,-1.50821111106819E-14,1.29120916128159E-01,1.24588141261484E-05,-1.79104597124100E-19
1,4,20,1.72496240000000E+07,2.31453784179688E+03,-2.69992640000000E+07,2.25797533448535E-10,2.43664000000000E+08,2.69992640000000E+07,1.12898766724268E-10,2.07382395370948E-26,1.51486472427546E-14,-1.12898766724268E-10,-2.07382395370948E-26,-1.51486472427546E-14,1.29463970661163E-01,1.19303867904819E-05,-1.79104597124100E-19
1,4,21,1.72512380000000E+07,2.37648339843750E+03,-2.69988680000000E+07,2.26928878466204E-10,2.43329280000000E+08,2.69988680000000E+07,1.13464432294208E-10,2.08421211168071E-26,1.56305496974360E-14,-1.13464432294208E-10,-2.08421211168071E-26,-1.56305496974360E-14,1.29794269800186E-01,1.17373992907233E-05,-1.79104597124100E-19
1,4,22,1.72528380000000E+07,2.52906030273438E+03,-2.69982640000000E+07,2.28115387690409E-10,2.42991088000000E+08,2.69982640000000E+07,1.14057693845204E-10,2.09510347662782E-26,1.67194986425579E-14,-1.14057693845204E-10,-2.09510347662782E-26,-1.67194986425579E-14,1.30124107003212E-01,1.19384076242568E-05,-1.79104597124100E-19
1,4,23,1.72545000000000E+07,2.80677905273438E+03,-2.69974420000000E+07,2.29407104423984E-10,2.42636368000000E+08,2.69974420000000E+07,1.14703552211992E-10,2.10695580357997E-26,1.86587568583741E-14,-1.14703552211992E-10,-2.10695580357997E-26,-1.86587568583741E-14,1.30465954542160E-01,1.26159393403213E-05,-1.79104597124100E-19
1,4,24,1.72563120000000E+07,3.25583764648438E+03,-2.69963820000000E+07,2.30861857408726E-10,2.42250720000000E+08,2.69963820000000E+07,1.15430928704363E-10,2.12029833808589E-26,2.17789517973840E-14,-1.15430928704363E-10,-2.12029833808589E-26,-2.17789517973840E-14,1.30833417177200E-01,1.38888972287532E-05,-1.79104597124100E-19
1,4,25,1.72583640000000E+07,3.93988427734375E+03,-2.69950540000000E+07,2.32549535184035E-10,2.41817536000000E+08,2.69950540000000E+07,1.16274760653123E-10,2.13577018073833E-26,2.65441795876519E-14,-1.16274760653123E-10,-2.13577018073833E-26,-2.65441795876519E-14,1.31242051720619E-01,1.59278988576261E-05,-1.79104597124100E-19
1,4,26,1.72607740000000E+07,4.94738574218750E+03,-2.69934140000000E+07,2.34557345768494E-10,2.41316688000000E+08,2.69934140000000E+07,1.17278672884247E-10,2.15416835838547E-26,3.36151089873771E-14,-1.17278672884247E-10,-2.15416835838547E-26,-3.36151089873771E-14,1.31710603833199E-01,1.89756592590129E-05,-1.79104597124100E-19
1,4,27,1.72636840000000E+07,6.40121875000000E+03,-2.69914120000000E+07,2.36997033109532E-10,2.40723232000000E+08,2.69914120000000E+07,1.18498502676978E-10,2.17651315167465E-26,4.39381807305038E-14,-1.18498502676978E-10,-2.17651315167465E-26,-4.39381807305038E-14,1.32262393832207E-01,2.33750288316514E-05,-1.79104597124100E-19
1,4,28,1.72672800000000E+07,8.47107617187500E+03,-2.69889960000000E+07,2.40014536023736E-10,2.40005344000000E+08,2.69889960000000E+07,1.20007254134080E-10,2.20413715005298E-26,5.88738178217488E-14,-1.20007254134080E-10,-2.20413715005298E-26,-5.88738178217488E-14,1.32927194237709E-01,2.96082871500403E-05,-1.79104597124100E-19
1,4,29,1.72718100000000E+07,1.13890595703125E+04,-2.69861140000000E+07,2.43803949251387E-10,2.39121760000000E+08,2.69861140000000E+07,1.21901946870118E-10,2.23881020610217E-26,8.03823424922606E-14,-1.21901946870118E-10,-2.23881020610217E-26,-8.03823424922606E-14,1.33743971586227E-01,3.83529732062016E-05,-1.79104597124100E-19
1,4,30,1.72776080000000E+07,1.54681132812500E+04,-2.69827440000000E+07,2.48627229915144E-10,2.38017920000000E+08,2.69827440000000E+07,1.24313559446421E-10,2.28292155147402E-26,1.11294125499685E-13,-1.24313559446421E-10,-2.28292155147402E-26,-1.11294125499685E-13,1.34764879941940E-01,5.05623647768516E-05,-1.79104597124100E-19
1,4,31,1.72851300000000E+07,2.11211074218750E+04,-2.69789080000000E+07,2.54843174340991E-10,2.36620416000000E+08,2.69789080000000E+07,1.27421503903768E-10,2.33974156928849E-26,1.55699319539723E-13,-1.27421503903768E-10,-2.33974156928849E-26,-1.55699319539723E-13,1.36061474680901E-01,6.75836854497902E-05,-1.79104597124100E-19
1,4,32,1.72949840000000E+07,2.88757402343750E+04,-2.69747260000000E+07,2.62949273466262E-10,2.34828528000000E+08,2.69747260000000E+07,1.31474442444102E-10,2.41380235789073E-26,2.19509997743776E-13,-1.31474442444102E-10,-2.41380235789073E-26,-2.19509997743776E-13,1.37734606862068E-01,9.13386320462450E-05,-1.79104597124100E-19
1,4,33,1.73079500000000E+07,3.93811367187500E+04,-2.69704380000000E+07,2.73642525305817E-10,2.32501520000000E+08,2.69704380000000E+07,1.36820901830426E-10,2.51145301497259E-26,3.11311415014670E-13,-1.36820901830426E-10,-2.51145301497259E-26,-3.11311415014670E-13,1.39930918812752E-01,1.24618687550537E-04,-1.79104597124100E-19
1,4,34,1.73249380000000E+07,5.34346093750000E+04,-2.69664160000000E+07,2.87914664331979E-10,2.29438576000000E+08,2.69664160000000E+07,1.43956652154387E-10,2.64172199196457E-26,4.43999708960724E-13,-1.43956652154387E-10,-2.64172199196457E-26,-4.43999708960724E-13,1.42870977520943E-01,1.71673178556375E-04,-1.79104597124100E-19
1,4,35,1.73468000000000E+07,7.21244296875000E+04,-2.69630140000000E+07,3.07194880644346E-10,2.25351024000000E+08,2.69630140000000E+07,1.53596121932331E-10,2.81760438561062E-26,6.38621046235993E-13,-1.53596121932331E-10,-2.81760438561062E-26,-6.38621046235993E-13,1.46894901990891E-01,2.39502551266924E-04,-1.79104597124100E-19
1,4,36,1.73739220000000E+07,9.77383359375000E+04,-2.69600580000000E+07,3.33685384878990E-10,2.19800112000000E+08,2.69600580000000E+07,1.66840055659812E-10,3.05905498717615E-26,9.38571594576165E-13,-1.66840055659812E-10,-3.05905498717615E-26,-9.38571594576165E-13,1.52566656470299E-01,3.42769722919911E-04,-1.79104597124100E-19
1,4,37,1.74045960000000E+07,1.42907328125000E+05,-2.69555380000000E+07,3.70311198372164E-10,2.12270288000000E+08,2.69555380000000E+07,1.85149354181569E-10,3.39182979706781E-26,1.52024204856660E-12,-1.85149354181569E-10,-3.39182979706781E-26,-1.52024204856660E-12,1.60666391253471E-01,5.43104135431349E-04,-1.79104597124100E-19
1,4,38,1.74303560000000E+07,1.59663109375000E+05,-2.69425440000000E+07,4.14533601889033E-10,2.03778224000000E+08,2.69425440000000E+07,2.07258099571561E-10,3.79564461296253E-26,1.89849676777987E-12,-2.07258099571561E-10,-3.79564461296253E-26,-1.89849676777987E-12,1.70160025358200E-01,6.35844189673662E-04,-1.79104597124100E-19
1,4,39,1.37691840000000E+07,1.16346046875000E+05,-2.69048860000000E+07,4.98549923566571E-10,1.88143248000000E+08,2.69048860000000E+07,2.49266052243513E-10,4.56604617300137E-26,2.10623359031548E-12,-2.49266052243513E-10,-4.56604617300137E-26,-2.10623359031548E-12,1.89873635768890E-01,6.39515870716423E-04,-1.79104597124100E-19
1,4,40,1.37697040000000E+07,9.70806406250000E+04,-2.67849160000000E+07,5.45228862058877E-10,1.80139408000000E+08,2.67849160000000E+07,2.72607658668989E-10,4.99595256333628E-26,1.92196757640983E-12,-2.72607658668989E-10,-4.99595256333628E-26,-1.92196757640983E-12,2.00816392898560E-01,5.50913508050144E-04,-1.79104597124100E-19
1,4,41,1.36093100000000E+07,1.51889203125000E+05,-2.64436160000000E+07,5.56569235143911E-10,1.78367936000000E+08,2.64436160000000E+07,2.78267270337196E-10,5.09267029995308E-26,3.10565310447652E-12,-2.78267270337196E-10,-5.09267029995308E-26,-3.10565310447652E-12,2.03347563743591E-01,8.13801656477153E-04,-1.79104597124100E-19
1,5,1,2.12129820000000E+07,-3.57494312500000E+05,-2.68827220000000E+07,7.36284384156294E-12,3.74257984000000E+08,2.68827220000000E+07,3.68089933533433E-12,6.79968633572363E-28,-6.20327899290840E-14,-3.68089933533433E-12,-6.79968633572363E-28,6.20327899290840E-14,1.75929591059685E-02,-6.32718147244304E-05,-1.79104597124100E-19
1,5,2,2.12308580000000E+07,-1.19373875000000E+05,-2.69312640000000E+07,7.50534877302922E-12,3.62974720000000E+08,2.69312640000000E+07,3.75261540591643E-12,6.90636215089578E-28,-2.10996754193993E-14,-3.75261540591643E-12,-6.90636215089578E-28,2.10996754193993E-14,2.80888155102730E-02,-1.67841481015785E-05,-1.79104597124100E-19
1,5,3,2.12614280000000E+07,-7.07900000000000E+04,-2.69213320000000E+07,1.37021184329345E-11,3.51238848000000E+08,2.69213320000000E+07,6.85102105255075E-12,1.25990889547213E-27,-2.28104990137364E-14,-6.85102105255075E-12,-1.25990889547213E-27,2.28104990137364E-14,3.75831834971905E-02,-5.31444402440684E-06,-1.79104597124100E-19
1,5,4,2.12763960000000E+07,-4.94796484375000E+04,-2.69130920000000E+07,2.03285582811574E-11,3.42221024000000E+08,2.69130920000000E+07,1.01642513850031E-11,1.86859000252497E-27,-2.36376300748620E-14,-1.01642513850031E-11,-1.86859000252497E-27,2.36376300748620E-14,4.48410585522652E-02,-9.80341383183259E-07,-1.79104597124100E-19
1,5,5,2.12846940000000E+07,-3.77766601562500E+04,-2.69093040000000E+07,2.62194606304167E-11,3.35470304000000E+08,2.69093040000000E+07,1.31097103658884E-11,2.40963938327874E-27,-2.32674732887801E-14,-1.31097103658884E-11,-2.40963938327874E-27,2.32674732887801E-14,5.03155551850796E-02,5.47720695465159E-08,-1.79104597124100E-19
1,5,6,2.12936020000000E+07,-2.98406503906250E+04,-2.69127520000000E+07,3.10441290729546E-11,3.30535456000000E+08,2.69127520000000E+07,1.55220506586895E-11,2.85268627806841E-27,-2.17524532186621E-14,-1.55220506586895E-11,-2.85268627806841E-27,2.17524532186621E-14,5.43437078595161E-02,-3.42786876217360E-07,-1.79104597124100E-19
1,5,7,2.13061580000000E+07,-2.31087832031250E+04,-2.69240440000000E+07,3.48367168445662E-11,3.26981184000000E+08,2.69240440000000E+07,1.74183480139423E-11,3.20085550822874E-27,-1.88920398964433E-14,-1.74183480139423E-11,-3.20085550822874E-27,1.88920398964433E-14,5.72436079382896E-02,-4.99929512898234E-07,-1.79104597124100E-19
1,5,8,2.13214500000000E+07,-1.69016601562500E+04,-2.69404140000000E+07,3.78458583916164E-11,3.24353120000000E+08,2.69404140000000E+07,1.89229239916378E-11,3.47700304737476E-27,-1.50003317736904E-14,-1.89229239916378E-11,-3.47700304737476E-27,1.50003317736904E-14,5.93788027763367E-02,2.83346651031025E-07,-1.79104597124100E-19
1,5,9,2.13364700000000E+07,-1.14713789062500E+04,-2.69573400000000E+07,4.03435965190546E-11,3.22275008000000E+08,2.69573400000000E+07,2.01717947900804E-11,3.70616290329559E-27,-1.08452006395061E-14,-2.01717947900804E-11,-3.70616290329559E-27,1.08452006395061E-14,6.10664375126362E-02,1.72509987805824E-06,-1.79104597124100E-19
1,5,10,2.13487480000000E+07,-7.17355224609375E+03,-2.69713860000000E+07,4.25111508495224E-11,3.20515648000000E+08,2.69713860000000E+07,2.12555736900377E-11,3.90502287377335E-27,-7.14224364465341E-15,-2.12555736900377E-11,-3.90502287377335E-27,7.14224364465341E-15,6.25053495168686E-02,3.19101991408388E-06,-1.79104597124100E-19
1,5,11,2.13575340000000E+07,-4.06188134765625E+03,-2.69814420000000E+07,4.44252724884908E-11,3.18979872000000E+08,2.69814420000000E+07,2.22126362442454E-11,4.08065343281988E-27,-4.22450906179504E-15,-2.22126362442454E-11,-4.08065343281988E-27,4.22450906179504E-15,6.37731924653053E-02,4.26649467044626E-06,-1.79104597124100E-19
1,5,12,2.13633780000000E+07,-1.95163244628906E+03,-2.69880900000000E+07,4.61108790039688E-11,3.17639488000000E+08,2.69880900000000E+07,2.30554395019844E-11,4.23534451113905E-27,-2.10620925675297E-15,-2.30554395019844E-11,-4.23534451113905E-27,2.10620925675297E-15,6.48878887295723E-02,4.85067084809998E-06,-1.79104597124100E-19
1,5,13,2.13671780000000E+07,-5.79950622558594E+02,-2.69923600000000E+07,4.75840443436848E-11,3.16481728000000E+08,2.69923600000000E+07,2.37920221718424E-11,4.37056328216250E-27,-6.45766060525417E-16,-2.37920221718424E-11,-4.37056328216250E-27,6.45766060525417E-16,6.58540800213814E-02,5.03670344187412E-06,-1.79104597124100E-19
1,5,14,2.13696700000000E+07,2.75970550537109E+02,-2.69951080000000E+07,4.88688464694853E-11,3.15487968000000E+08,2.69951080000000E+07,2.44344232347427E-11,4.48851146900265E-27,3.15549154307585E-16,-2.44344232347427E-11,-4.48851146900265E-27,-3.15549154307585E-16,6.66836947202682E-02,4.95368340125424E-06,-1.79104597124100E-19
1,5,15,2.13713280000000E+07,7.87436218261719E+02,-2.69968740000000E+07,4.99960906008567E-11,3.14633856000000E+08,2.69968740000000E+07,2.49980453004284E-11,4.59201017384204E-27,9.21064262119037E-16,-2.49980453004284E-11,-4.59201017384204E-27,-9.21064262119037E-16,6.73951730132103E-02,4.71808516522287E-06,-1.79104597124100E-19
1,5,16,2.13724400000000E+07,1.07726354980469E+03,-2.69979840000000E+07,5.09991042452196E-11,3.13893216000000E+08,2.69979840000000E+07,2.54995521226098E-11,4.68411315120049E-27,1.28528790004279E-15,-2.54995521226098E-11,-4.68411315120049E-27,-1.28528790004279E-15,6.80094212293625E-02,4.41581141785719E-06,-1.79104597124100E-19
1,5,17,2.13731840000000E+07,1.23116516113281E+03,-2.69986360000000E+07,5.19110414376467E-11,3.13240896000000E+08,2.69986360000000E+07,2.59555207188233E-11,4.76786028890223E-27,1.49512273679139E-15,-2.59555207188233E-11,-4.76786028890223E-27,-1.49512273679139E-15,6.85469359159470E-02,4.10487427870976E-06,-1.79104597124100E-19
1,5,18,2.13736700000000E+07,1.30883630371094E+03,-2.69989440000000E+07,5.27639425207393E-11,3.12653760000000E+08,2.69989440000000E+07,2.63819695256462E-11,4.84619055604238E-27,1.61552423507885E-15,-2.63819695256462E-11,-4.84619055604238E-27,-1.61552423507885E-15,6.90266415476799E-02,3.82308553525945E-06,-1.79104597124100E-19
1,5,19,2.13739700000000E+07,1.35294653320312E+03,-2.69989780000000E+07,5.35890047614895E-11,3.12110688000000E+08,2.69989780000000E+07,2.67945023807448E-11,4.92196626970430E-27,1.69605981006644E-15,-2.67945023807448E-11,-4.92196626970430E-27,-1.69605981006644E-15,6.94656446576118E-02,3.59565387952898E-06,-1.79104597124100E-19
1,5,20,2.13741280000000E+07,1.39608984375000E+03,-2.69987800000000E+07,5.44176717576228E-11,3.11592000000000E+08,2.69987800000000E+07,2.72088358788114E-11,4.99807324331665E-27,1.77719434322685E-15,-2.72088358788114E-11,-4.99807324331665E-27,-1.77719434322685E-15,6.98796957731247E-02,3.44139766639273E-06,-1.79104597124100E-19
1,5,21,2.13741760000000E+07,1.46625097656250E+03,-2.69983640000000E+07,5.52832189748553E-11,3.11078592000000E+08,2.69983640000000E+07,2.76416094874277E-11,5.07756484621326E-27,1.89619167264600E-15,-2.76416094874277E-11,-5.07756484621326E-27,-1.89619167264600E-15,7.02838152647018E-02,3.37768028657592E-06,-1.79104597124100E-19
1,5,22,2.13741340000000E+07,1.59140014648438E+03,-2.69977320000000E+07,5.62229082734511E-11,3.10550784000000E+08,2.69977320000000E+07,2.81114541367256E-11,5.16386191516137E-27,2.09302391837953E-15,-2.81114541367256E-11,-5.16386191516137E-27,-2.09302391837953E-15,7.06931278109550E-02,3.42459429703013E-06,-1.79104597124100E-19
1,5,23,2.13740120000000E+07,1.80381079101562E+03,-2.69968740000000E+07,5.72807426491018E-11,3.09987136000000E+08,2.69968740000000E+07,2.86403713245509E-11,5.26100274006835E-27,2.41703858465977E-15,-2.86403713245509E-11,-5.26100274006835E-27,-2.41703858465977E-15,7.11238831281662E-02,3.60900730811409E-06,-1.79104597124100E-19
1,5,24,2.13738140000000E+07,2.14467236328125E+03,-2.69957620000000E+07,5.85111473161426E-11,3.09362816000000E+08,2.69957620000000E+07,2.92555736580713E-11,5.37398202765198E-27,2.93553667431081E-15,-2.92555736580713E-11,-5.37398202765198E-27,-2.93553667431081E-15,7.15945884585381E-02,3.96916630052147E-06,-1.79104597124100E-19
1,5,25,2.13735400000000E+07,2.66960986328125E+03,-2.69943620000000E+07,5.99839899972920E-11,3.08647712000000E+08,2.69943620000000E+07,2.99919949986460E-11,5.50921081351114E-27,3.74607690109855E-15,-2.99919949986460E-11,-5.50921081351114E-27,-3.74607690109855E-15,7.21274763345718E-02,4.56071438748040E-06,-1.79104597124100E-19
1,5,26,2.13731840000000E+07,3.45582617187500E+03,-2.69926220000000E+07,6.17917661482892E-11,3.07803776000000E+08,2.69926220000000E+07,3.08958830741446E-11,5.67517551535278E-27,4.99554960115348E-15,-3.08958830741446E-11,-5.67517551535278E-27,-4.99554960115348E-15,7.27504640817642E-02,5.46532919543097E-06,-1.79104597124100E-19
1,5,27,2.13727280000000E+07,4.61180419921875E+03,-2.69904820000000E+07,6.40600211765374E-11,3.06781760000000E+08,2.69904820000000E+07,3.20300105882687E-11,5.88339434980229E-27,6.91143097817488E-15,-3.20300105882687E-11,-5.88339434980229E-27,-6.91143097817488E-15,7.34997689723969E-02,6.80392122376361E-06,-1.79104597124100E-19
1,5,28,2.13721540000000E+07,6.29093652343750E+03,-2.69878780000000E+07,6.69631156080541E-11,3.05516096000000E+08,2.69878780000000E+07,3.34815543345801E-11,6.14985831318793E-27,9.85536301954240E-15,-3.34815543345801E-11,-6.14985831318793E-27,-9.85536301954240E-15,7.44237750768661E-02,8.75776640896220E-06,-1.79104597124100E-19
1,5,29,2.13714240000000E+07,8.71114648437500E+03,-2.69847440000000E+07,7.07483308048928E-11,3.03917728000000E+08,2.69847440000000E+07,3.53741654024464E-11,6.49724561579085E-27,1.44187640343033E-14,-3.53741654024464E-11,-6.49724561579085E-27,-1.44187640343033E-14,7.55887851119041E-02,1.16037781481282E-05,-1.79104597124100E-19
1,5,30,2.13704860000000E+07,1.21834941406250E+04,-2.69810400000000E+07,7.57733945033756E-11,3.01863424000000E+08,2.69810400000000E+07,3.78866903127939E-11,6.95834945196011E-27,2.15995214200354E-14,-3.78866903127939E-11,-6.95834945196011E-27,-2.15995214200354E-14,7.70878791809082E-02,1.57757731358288E-05,-1.79104597124100E-19
1,5,31,2.13692420000000E+07,1.71527402343750E+04,-2.69767740000000E+07,8.25638515888905E-11,2.99180000000000E+08,2.69767740000000E+07,4.12819119166574E-11,7.58133540367489E-27,3.31363117554804E-14,-4.12819119166574E-11,-7.58133540367489E-27,-3.31363117554804E-14,7.90550261735916E-02,2.19745579670416E-05,-1.79104597124100E-19
1,5,32,2.13675020000000E+07,2.42479980468750E+04,-2.69720580000000E+07,9.18967055230091E-11,2.95621440000000E+08,2.69720580000000E+07,4.59483250059289E-11,8.43737736758799E-27,5.21424944237639E-14,-4.59483250059289E-11,-8.43737736758799E-27,-5.21424944237639E-14,8.16874280571938E-02,3.13704986183438E-05,-1.79104597124100E-19
1,5,33,2.13648500000000E+07,3.43232382812500E+04,-2.69671380000000E+07,1.04911253295814E-10,2.90838528000000E+08,2.69671380000000E+07,5.24555572589680E-11,9.63076984279183E-27,8.42713485799118E-14,-5.24555572589680E-11,-9.63076984279183E-27,-8.42713485799118E-14,8.52809697389603E-02,4.59783004771452E-05,-1.79104597124100E-19
1,5,34,2.13603880000000E+07,4.84586875000000E+04,-2.69624120000000E+07,1.23247120842329E-10,2.84341984000000E+08,2.69624120000000E+07,6.16234008266048E-11,1.13114749792201E-26,1.39800321384380E-13,-6.16234008266048E-11,-1.13114749792201E-26,-1.39800321384380E-13,9.02864784002304E-02,6.93676411174238E-05,-1.79104597124100E-19
1,5,35,2.13522920000000E+07,6.79610859375000E+04,-2.69582800000000E+07,1.49306872421207E-10,2.75442656000000E+08,2.69582800000000E+07,7.46530545714386E-11,1.36989948644946E-26,2.37609275787962E-13,-7.46530545714386E-11,-1.36989948644946E-26,-2.37609275787962E-13,9.74181443452835E-02,1.08095497125760E-04,-1.79104597124100E-19
1,5,36,2.13369240000000E+07,9.51770000000000E+04,-2.69546400000000E+07,1.86897372578265E-10,2.63147392000000E+08,2.69546400000000E+07,9.34477564773495E-11,1.71405515564289E-26,4.16839712703496E-13,-9.34477564773495E-11,-1.71405515564289E-26,-4.16839712703496E-13,1.07873976230621E-01,1.75985813257284E-04,-1.79104597124100E-19
1,5,37,2.13055340000000E+07,1.41565890625000E+05,-2.69495740000000E+07,2.45118980668479E-10,2.45292544000000E+08,2.69495740000000E+07,1.22556784165617E-10,2.24634506034219E-26,8.14335794976917E-13,-1.22556784165617E-10,-2.24634506034219E-26,-8.14335794976917E-13,1.24512121081352E-01,3.23155691148713E-04,-1.79104597124100E-19
1,5,38,1.73822500000000E+07,1.34929750000000E+05,-2.69363600000000E+07,3.57459395416981E-10,2.15137280000000E+08,2.69363600000000E+07,1.78724313126821E-10,3.27461739250361E-26,1.38734781041788E-12,-1.78724313126821E-10,-3.27461739250361E-26,-1.38734781041788E-12,1.57349616289139E-01,4.97894012369215E-04,-1.79104597124100E-19
1,5,39,1.37020320000000E+07,8.90574296875000E+04,-2.68991980000000E+07,4.58823062876590E-10,1.94112048000000E+08,2.68991980000000E+07,2.29406688090350E-10,4.20500240931160E-26,1.49104686930635E-12,-2.29406688090350E-10,-4.20500240931160E-26,-1.49104686930635E-12,1.82786494493484E-01,4.71438135718927E-04,-1.79104597124100E-19
1,5,40,1.37248730000000E+07,8.65658671875000E+04,-2.67814100000000E+07,5.15753162400046E-10,1.83919616000000E+08,2.67814100000000E+07,2.57871446418534E-10,4.72706254451830E-26,1.62645331230893E-12,-2.57871446418534E-10,-4.72706254451830E-26,-1.62645331230893E-12,1.96209207177162E-01,4.74213069537655E-04,-1.79104597124100E-19
1,5,41,1.35732400000000E+07,1.43165750000000E+05,-2.64447140000000E+07,5.30588462055448E-10,1.81564336000000E+08,2.64447140000000E+07,2.65279465061496E-10,4.85597135274635E-26,2.79807427228107E-12,-2.65279465061496E-10,-4.85597135274635E-26,-2.79807427228107E-12,1.99430644512177E-01,7.40320771001279E-04,-1.79104597124100E-19
1,6,1,2.10854660000000E+07,-1.28300000000000E+05,-2.68949840000000E+07,1.78081974080285E-12,3.80337408000000E+08,2.68949840000000E+07,8.90393336318296E-13,1.63894351225545E-28,-5.41782983019411E-15,-8.90393336318296E-13,-1.63894351225545E-28,5.41782983019411E-15,1.38032762333751E-02,-8.95070206752280E-06,-1.79104597124100E-19
1,6,2,2.10978700000000E+07,-6.29728359375000E+04,-2.69392220000000E+07,1.72645762703399E-12,3.71547264000000E+08,2.69392220000000E+07,8.63224964599285E-13,1.58729621004868E-28,-2.57655034697905E-15,-8.63224964599285E-13,-1.58729621004868E-28,2.57655034697905E-15,2.21629999577999E-02,-5.42825637239730E-06,-1.79104597124100E-19
1,6,3,2.11234080000000E+07,-5.93518710937500E+04,-2.69315060000000E+07,2.66670734973273E-12,3.64638016000000E+08,2.69315060000000E+07,1.33334836227572E-12,2.45161517086141E-28,-3.74639919713498E-15,-1.33334836227572E-12,-2.45161517086141E-28,3.74639919713498E-15,2.81804632395506E-02,-5.00484202348161E-06,-1.79104597124100E-19
1,6,4,2.11458560000000E+07,-4.95254726562500E+04,-2.69255540000000E+07,3.85722573673086E-12,3.59002304000000E+08,2.69255540000000E+07,1.92860744735457E-12,3.54556023116037E-28,-4.51696963320769E-15,-1.92860744735457E-12,-3.54556023116037E-28,4.51696963320769E-15,3.30242477357388E-02,-3.68597943634086E-06,-1.79104597124100E-19
1,6,5,2.11635440000000E+07,-4.09914335937500E+04,-2.69233780000000E+07,5.07904178784213E-12,3.54504160000000E+08,2.69233780000000E+07,2.53951612343151E-12,4.66802711022949E-28,-4.91876055877072E-15,-2.53951612343151E-12,-4.66802711022949E-28,4.91876055877072E-15,3.68622392416000E-02,-2.99597536468355E-06,-1.79104597124100E-19
1,6,6,2.11798820000000E+07,-3.34704257812500E+04,-2.69269240000000E+07,6.20239276605261E-12,3.51048576000000E+08,2.69269240000000E+07,3.10119247989848E-12,5.69979930006375E-28,-4.90079414292651E-15,-3.10119247989848E-12,-5.69979930006375E-28,4.90079414292651E-15,3.97969372570515E-02,-2.63153469859390E-06,-1.79104597124100E-19
1,6,7,2.11970100000000E+07,-2.63784394531250E+04,-2.69364760000000E+07,7.17333701119593E-12,3.48454944000000E+08,2.69364760000000E+07,3.58666590351275E-12,6.59133104913756E-28,-4.46339606984328E-15,-3.58666590351275E-12,-6.59133104913756E-28,4.46339606984328E-15,4.19806241989136E-02,-2.11826181839569E-06,-1.79104597124100E-19
1,6,8,2.12146920000000E+07,-1.97806386718750E+04,-2.69498340000000E+07,8.00635426012608E-12,3.46475008000000E+08,2.69498340000000E+07,4.00317539533956E-12,7.35599890387966E-28,-3.73257180778753E-15,-4.00317539533956E-12,-7.35599890387966E-28,3.73257180778753E-15,4.36311215162277E-02,-1.30134094433743E-06,-1.79104597124100E-19
1,6,9,2.12311660000000E+07,-1.41026474609375E+04,-2.69635400000000E+07,8.74259865890625E-12,3.44876512000000E+08,2.69635400000000E+07,4.37129846209139E-12,8.03172249896510E-28,-2.90360289692461E-15,-4.37129846209139E-12,-8.03172249896510E-28,2.90360289692461E-15,4.49557863175869E-02,-3.48975476072155E-07,-1.79104597124100E-19
1,6,10,2.12448900000000E+07,-9.63944335937500E+03,-2.69749940000000E+07,9.41348908545248E-12,3.43506720000000E+08,2.69749940000000E+07,4.70674410904537E-12,8.64745626517780E-28,-2.13559071211085E-15,-4.70674410904537E-12,-8.64745626517780E-28,2.13559071211085E-15,4.60922271013260E-02,5.04052422911627E-07,-1.79104597124100E-19
1,6,11,2.12554260000000E+07,-6.37133349609375E+03,-2.69833460000000E+07,1.00301954242266E-11,3.42299424000000E+08,2.69833460000000E+07,5.01509771211328E-12,9.21350537216768E-28,-1.50327998171081E-15,-5.01509771211328E-12,-9.21350537216768E-28,1.50327998171081E-15,4.70976121723652E-02,1.13057456019305E-06,-1.79104597124100E-19
1,6,12,2.12632300000000E+07,-4.07916723632812E+03,-2.69890120000000E+07,1.05933742680642E-11,3.41233888000000E+08,2.69890120000000E+07,5.29668670035122E-12,9.73047793231468E-28,-1.01612369929495E-15,-5.29668670035122E-12,-9.73047793231468E-28,1.01612369929495E-15,4.79872636497021E-02,1.52258894559054E-06,-1.79104597124100E-19
1,6,13,2.12690060000000E+07,-2.51158520507812E+03,-2.69927460000000E+07,1.11030039329219E-11,3.40301824000000E+08,2.69927460000000E+07,5.55150196646093E-12,1.01983450566696E-27,-6.55558184912150E-16,-5.55150196646093E-12,-1.01983450566696E-27,6.55558184912150E-16,4.87652905285358E-02,1.72456736891036E-06,-1.79104597124100E-19
1,6,14,2.12733720000000E+07,-1.46068457031250E+03,-2.69952020000000E+07,1.15624723337482E-11,3.39491744000000E+08,2.69952020000000E+07,5.78123616687409E-12,1.06202017146532E-27,-3.96954605662219E-16,-5.78123616687409E-12,-1.06202017146532E-27,3.96954605662219E-16,4.94395904242992E-02,1.78976006282028E-06,-1.79104597124100E-19
1,6,15,2.12767580000000E+07,-7.69485229492188E+02,-2.69968060000000E+07,1.19783462662615E-11,3.38787968000000E+08,2.69968060000000E+07,5.98917313313074E-12,1.10020654743766E-27,-2.16601624145534E-16,-5.98917313313074E-12,-1.10020654743766E-27,2.16601624145534E-16,5.00225350260735E-02,1.76671983354026E-06,-1.79104597124100E-19
1,6,16,2.12794580000000E+07,-3.24499664306641E+02,-2.69978240000000E+07,1.23591614373253E-11,3.38172768000000E+08,2.69978240000000E+07,6.17958071866265E-12,1.13517633151338E-27,-9.42350954472256E-17,-6.17958071866265E-12,-1.13517633151338E-27,9.42350954472256E-17,5.05286790430546E-02,1.69387703863322E-06,-1.79104597124100E-19
1,6,17,2.12816780000000E+07,-4.51478996276855E+01,-2.69984200000000E+07,1.27145030615061E-11,3.37628320000000E+08,2.69984200000000E+07,6.35725153075306E-12,1.16780899960158E-27,-1.34865570206759E-17,-6.35725153075306E-12,-1.16780899960158E-27,1.34865570206759E-17,5.09728528559208E-02,1.59931607868202E-06,-1.79104597124100E-19
1,6,18,2.12835640000000E+07,1.25691482543945E+02,-2.69986920000000E+07,1.30546164156531E-11,3.37137536000000E+08,2.69986920000000E+07,6.52730820782654E-12,1.19904469440463E-27,3.85474470343061E-17,-6.52730820782654E-12,-1.19904469440463E-27,-3.85474470343061E-17,5.13691529631615E-02,1.50277674038080E-06,-1.79104597124100E-19
1,6,19,2.12852240000000E+07,2.29074661254883E+02,-2.69987040000000E+07,1.33904371965587E-11,3.36684352000000E+08,2.69987040000000E+07,6.69521859827937E-12,1.22988730690602E-27,7.20549090661062E-17,-6.69521859827937E-12,-1.22988730690602E-27,-7.20549090661062E-17,5.17306774854660E-02,1.41814314247313E-06,-1.79104597124100E-19
1,6,20,2.12867520000000E+07,2.95644622802734E+02,-2.69984840000000E+07,1.37339740274856E-11,3.36253376000000E+08,2.69984840000000E+07,6.86698701374278E-12,1.26143914310944E-27,9.53732959700986E-17,-6.86698701374278E-12,-1.26143914310944E-27,-9.53732959700986E-17,5.20697273313999E-02,1.35578375193290E-06,-1.79104597124100E-19
1,6,21,2.12882220000000E+07,3.50035308837891E+02,-2.69980480000000E+07,1.40989928065771E-11,3.35829248000000E+08,2.69980480000000E+07,7.04949640328856E-12,1.29496438343037E-27,1.15912567774150E-16,-7.04949640328856E-12,-1.29496438343037E-27,-1.15912567774150E-16,5.23982383310795E-02,1.32459251744876E-06,-1.79104597124100E-19
1,6,22,2.12897120000000E+07,4.14492248535156E+02,-2.69973940000000E+07,1.45020566735821E-11,3.35395872000000E+08,2.69973940000000E+07,7.25102833679103E-12,1.33198364585641E-27,1.41171249079950E-16,-7.25102833679103E-12,-1.33198364585641E-27,-1.41171249079950E-16,5.27284219861031E-02,1.33380535771721E-06,-1.79104597124100E-19
1,6,23,2.12912940000000E+07,5.12122924804688E+02,-2.69965060000000E+07,1.49640560359598E-11,3.34935200000000E+08,2.69965060000000E+07,7.48202801797992E-12,1.37441534920516E-27,1.79966443325161E-16,-7.48202801797992E-12,-1.37441534920516E-27,-1.79966443325161E-16,5.30735738575459E-02,1.39477378979791E-06,-1.79104597124100E-19
1,6,24,2.12930520000000E+07,6.70165222167969E+02,-2.69953560000000E+07,1.55124749851021E-11,3.34425888000000E+08,2.69953560000000E+07,7.75623749255105E-12,1.42478284688976E-27,2.44115371854722E-16,-7.75623749255105E-12,-1.42478284688976E-27,-2.44115371854722E-16,5.34491129219532E-02,1.52295035604766E-06,-1.79104597124100E-19
1,6,25,2.12950840000000E+07,9.23677673339844E+02,-2.69938980000000E+07,1.61848451307733E-11,3.33841248000000E+08,2.69938980000000E+07,8.09242256538667E-12,1.48653239795269E-27,3.51010135704827E-16,-8.09242256538667E-12,-1.48653239795269E-27,-3.51010135704827E-16,5.38739599287510E-02,1.74044305367715E-06,-1.79104597124100E-19
1,6,26,2.12975040000000E+07,1.32013427734375E+03,-2.69920800000000E+07,1.70341744182290E-11,3.33146560000000E+08,2.69920800000000E+07,8.51708720911448E-12,1.56453130884591E-27,5.27935042535075E-16,-8.51708720911448E-12,-1.56453130884591E-27,-5.27935042535075E-16,5.43724708259106E-02,2.07968946597248E-06,-1.79104597124100E-19
1,6,27,2.13004620000000E+07,1.92561633300781E+03,-2.69898300000000E+07,1.81378072283689E-11,3.32294912000000E+08,2.69898300000000E+07,9.06890361418444E-12,1.66588048327437E-27,8.19852189372502E-16,-9.06890361418444E-12,-1.66588048327437E-27,-8.19852189372502E-16,5.49773015081882E-02,2.58919044426875E-06,-1.79104597124100E-19
1,6,28,2.13041340000000E+07,2.83379907226562E+03,-2.69870700000000E+07,1.96123620815891E-11,3.31220896000000E+08,2.69870700000000E+07,9.80618017343282E-12,1.80128626209542E-27,1.30438288141010E-15,-9.80618017343282E-12,-1.80128626209542E-27,-1.30438288141010E-15,5.57337924838066E-02,3.34306673721585E-06,-1.79104597124100E-19
1,6,29,2.13087460000000E+07,4.18009375000000E+03,-2.69837220000000E+07,2.16399433095038E-11,3.29830304000000E+08,2.69837220000000E+07,1.08199716547519E-11,1.98746648759832E-27,2.12253179340479E-15,-1.08199716547519E-11,-1.98746648759832E-27,-2.12253179340479E-15,5.67070767283440E-02,4.45798787040985E-06,-1.79104597124100E-19
1,6,30,2.13145660000000E+07,6.16577294921875E+03,-2.69797260000000E+07,2.45156533962287E-11,3.27983520000000E+08,2.69797260000000E+07,1.22578266981144E-11,2.25150917185788E-27,3.54588384038855E-15,-1.22578266981144E-11,-2.25150917185788E-27,-3.54588384038855E-15,5.79939894378185E-02,6.12503572483547E-06,-1.79104597124100E-19
1,6,31,2.13218660000000E+07,9.10111621093750E+03,-2.69750760000000E+07,2.87353144751146E-11,3.25466944000000E+08,2.69750760000000E+07,1.43676555028338E-11,2.63891999500708E-27,6.13275104866516E-15,-1.43676555028338E-11,-2.63891999500708E-27,-6.13275104866516E-15,5.97437210381031E-02,8.67320977704367E-06,-1.79104597124100E-19
1,6,32,2.13308000000000E+07,1.34784873046875E+04,-2.69698700000000E+07,3.51547714549927E-11,3.21946464000000E+08,2.69698700000000E+07,1.75773805233259E-11,3.22823240979521E-27,1.11067805072442E-14,-1.75773805233259E-11,-3.22823240979521E-27,-1.11067805072442E-14,6.21937029063702E-02,1.27015391626628E-05,-1.79104597124100E-19
1,6,33,2.13410180000000E+07,2.00617558593750E+04,-2.69643660000000E+07,4.52526592586988E-11,3.16896864000000E+08,2.69643660000000E+07,2.26263192210086E-11,4.15508484738061E-27,2.12700120510263E-14,-2.26263192210086E-11,-4.15508484738061E-27,-2.12700120510263E-14,6.57301768660545E-02,1.93562809727155E-05,-1.79104597124100E-19
1,6,34,2.13508940000000E+07,2.98564414062500E+04,-2.69589800000000E+07,6.14650830232932E-11,3.09517888000000E+08,2.69589800000000E+07,3.07325102866240E-11,5.64283915158652E-27,4.29754092013367E-14,-3.07325102866240E-11,-5.64283915158652E-27,-4.29754092013367E-14,7.09826052188873E-02,3.08728667732794E-05,-1.79104597124100E-19
1,6,35,2.13565080000000E+07,4.36656054687500E+04,-2.69541620000000E+07,8.74740835321575E-11,2.98668928000000E+08,2.69541620000000E+07,4.37369480910110E-11,8.02887144857193E-27,8.94247512411156E-14,-4.37369480910110E-11,-8.02887144857193E-27,-8.94247512411156E-14,7.89674371480942E-02,5.14578168804292E-05,-1.79104597124100E-19
1,6,36,2.13509720000000E+07,6.09029570312500E+04,-2.69498720000000E+07,1.28755159312099E-10,2.82803840000000E+08,2.69498720000000E+07,6.43773159780814E-11,1.18146773328578E-26,1.83634222194681E-13,-6.43773159780814E-11,-1.18146773328578E-26,-1.83634222194681E-13,9.13714915513992E-02,8.79511862876825E-05,-1.79104597124100E-19
1,6,37,2.13222560000000E+07,7.47623828125000E+04,-2.69442880000000E+07,1.96236096816627E-10,2.59284544000000E+08,2.69442880000000E+07,9.81174447245436E-11,1.80028165851783E-26,3.44029926074851E-13,-9.81174447245436E-11,-1.80028165851783E-26,-3.44029926074851E-13,1.11747145652771E-01,1.43455181387253E-04,-1.79104597124100E-19
1,6,38,1.73370060000000E+07,7.66884843750000E+04,-2.69308760000000E+07,3.15171888587429E-10,2.24056464000000E+08,2.69308760000000E+07,1.57584403859268E-10,2.89051023254381E-26,6.97058567551007E-13,-1.57584403859268E-10,-2.89051023254381E-26,-6.97058567551007E-13,1.47954523563385E-01,2.53835693001747E-04,-1.79104597124100E-19
1,6,39,1.36457150000000E+07,6.74788515625000E+04,-2.68942200000000E+07,4.28735352775433E-10,1.98808560000000E+08,2.68942200000000E+07,2.14365053485821E-10,3.93133115385088E-26,1.06004766596557E-12,-2.14365053485821E-10,-3.93133115385088E-26,-1.06004766596557E-12,1.77408948540688E-01,3.43782594427466E-04,-1.79104597124100E-19
1,6,40,1.36844810000000E+07,7.16147265625000E+04,-2.67786500000000E+07,4.90748386372530E-10,1.87241584000000E+08,2.67786500000000E+07,2.45370834761616E-10,4.49952609346619E-26,1.28409425020209E-12,-2.45370834761616E-10,-4.49952609346619E-26,-1.28409425020209E-12,1.92245006561279E-01,3.81891964934766E-04,-1.79104597124100E-19
1,6,41,1.35403580000000E+07,1.23400648437500E+05,-2.64469700000000E+07,5.07690334217159E-10,1.84485568000000E+08,2.64469700000000E+07,2.53834619989846E-10,4.64870153953623E-26,2.31333311881410E-12,-2.53834619989846E-10,-4.64870153953623E-26,-2.31333311881410E-12,1.95907726883888E-01,6.22867664787918E-04,-1.79104597124100E-19
1,7,1,2.10261480000000E+07,-8.06211171875000E+04,-2.69069140000000E+07,9.07097856030215E-13,3.82126592000000E+08,2.69069140000000E+07,4.53545594093427E-13,8.34214569296076E-29,-1.73904186170015E-15,-4.53545594093427E-13,-8.34214569296076E-29,1.73904186170015E-15,1.25970086082816E-02,-3.61366392098716E-06,-1.79104597124100E-19
1,7,2,2.10317620000000E+07,-4.08288398437500E+04,-2.69466520000000E+07,8.41327550162030E-13,3.74098080000000E+08,2.69466520000000E+07,4.20662961929386E-13,7.73245405046609E-29,-8.16630658376298E-16,-4.20662961929386E-13,-7.73245405046609E-29,8.16630658376298E-16,2.03484240919352E-02,-2.14680949284229E-06,-1.79104597124100E-19
1,7,3,2.10506200000000E+07,-4.01098515625000E+04,-2.69405900000000E+07,1.17603073546829E-12,3.68398016000000E+08,2.69405900000000E+07,5.88014283531973E-13,1.08085078297770E-28,-1.12040245482702E-15,-5.88014283531973E-13,-1.08085078297770E-28,1.12040245482702E-15,2.54604797810316E-02,-2.41331031247682E-06,-1.79104597124100E-19
1,7,4,2.10667200000000E+07,-3.68197773437500E+04,-2.69362460000000E+07,1.54186548511487E-12,3.64039712000000E+08,2.69362460000000E+07,7.70931549935044E-13,1.41700331769477E-28,-1.34741077870208E-15,-7.70931549935044E-13,-1.41700331769477E-28,1.34741077870208E-15,2.93618142604828E-02,-2.27952727982483E-06,-1.79104597124100E-19
1,7,5,2.10807420000000E+07,-3.23767109375000E+04,-2.69351060000000E+07,1.90277936636118E-12,3.60592416000000E+08,2.69351060000000E+07,9.51388490558203E-13,1.74856708357811E-28,-1.46118350302345E-15,-9.51388490558203E-13,-1.74856708357811E-28,1.46118350302345E-15,3.24298255145550E-02,-2.07872767532535E-06,-1.79104597124100E-19
1,7,6,2.10947660000000E+07,-2.74093105468750E+04,-2.69385280000000E+07,2.23613120207966E-12,3.57928000000000E+08,2.69385280000000E+07,1.11806473367809E-12,2.05474119463396E-28,-1.45274811365998E-15,-1.11806473367809E-12,-2.05474119463396E-28,1.45274811365998E-15,3.47888544201851E-02,-1.86198474239063E-06,-1.79104597124100E-19
1,7,7,2.11098380000000E+07,-2.21440839843750E+04,-2.69466000000000E+07,2.53193820076714E-12,3.55903328000000E+08,2.69466000000000E+07,1.26596834144205E-12,2.32635942803326E-28,-1.32799265426540E-15,-1.26596834144205E-12,-2.32635942803326E-28,1.32799265426540E-15,3.65640409290791E-02,-1.50172570556606E-06,-1.79104597124100E-19
1,7,8,2.11254420000000E+07,-1.69688007812500E+04,-2.69575600000000E+07,2.79441162050198E-12,3.54337344000000E+08,2.69575600000000E+07,1.39720537657012E-12,2.56731180115182E-28,-1.12229133829940E-15,-1.39720537657012E-12,-2.56731180115182E-28,1.12229133829940E-15,3.79225686192513E-02,-9.70213704931666E-07,-1.79104597124100E-19
1,7,9,2.11400860000000E+07,-1.23711748046875E+04,-2.69687440000000E+07,3.03313298956331E-12,3.53061760000000E+08,2.69687440000000E+07,1.51656627794122E-12,2.78643038797335E-28,-8.87494334716099E-16,-1.51656627794122E-12,-2.78643038797335E-28,8.87494334716099E-16,3.90220284461975E-02,-3.75291818954793E-07,-1.79104597124100E-19
1,7,10,2.11525300000000E+07,-8.66576757812500E+03,-2.69781640000000E+07,3.25517564292443E-12,3.51964288000000E+08,2.69781640000000E+07,1.62758771304200E-12,2.99023855396073E-28,-6.66790053550979E-16,-1.62758771304200E-12,-2.99023855396073E-28,6.66790053550979E-16,3.99680361151695E-02,1.50796424236432E-07,-1.79104597124100E-19
1,7,11,2.11624100000000E+07,-5.88898876953125E+03,-2.69851460000000E+07,3.46276132767720E-12,3.50994880000000E+08,2.69851460000000E+07,1.73138066383860E-12,3.18078958117591E-28,-4.81801498941988E-16,-1.73138066383860E-12,-3.18078958117591E-28,4.81801498941988E-16,4.08054701983929E-02,5.41793724551098E-07,-1.79104597124100E-19
1,7,12,2.11700460000000E+07,-3.90336791992188E+03,-2.69899820000000E+07,3.65569163482404E-12,3.50136768000000E+08,2.69899820000000E+07,1.82784581741202E-12,3.35790459887532E-28,-3.37021227762244E-16,-1.82784581741202E-12,-3.35790459887532E-28,3.37021227762244E-16,4.15474884212017E-02,7.93630078987917E-07,-1.79104597124100E-19
1,7,13,2.11759680000000E+07,-2.52345288085938E+03,-2.69932380000000E+07,3.83367209505492E-12,3.49383168000000E+08,2.69932380000000E+07,1.91683604752746E-12,3.52131060648935E-28,-2.28421465998656E-16,-1.91683604752746E-12,-3.52131060648935E-28,2.28421465998656E-16,4.21979837119579E-02,9.31302281514945E-07,-1.79104597124100E-19
1,7,14,2.11806520000000E+07,-1.58259375000000E+03,-2.69954200000000E+07,3.99739529671761E-12,3.48725536000000E+08,2.69954200000000E+07,1.99869764835880E-12,3.67163954978098E-28,-1.49340365695516E-16,-1.99869764835880E-12,-3.67163954978098E-28,1.49340365695516E-16,4.27633672952652E-02,9.86143959380570E-07,-1.79104597124100E-19
1,7,15,2.11844480000000E+07,-9.50884338378906E+02,-2.69968660000000E+07,4.14854912575424E-12,3.48152352000000E+08,2.69968660000000E+07,2.07427456287712E-12,3.81043770975432E-28,-9.31058086226335E-17,-2.07427456287712E-12,-3.81043770975432E-28,9.31058086226335E-17,4.32532839477062E-02,9.86416125670075E-07,-1.79104597124100E-19
1,7,16,2.11876040000000E+07,-5.33233032226562E+02,-2.69977880000000E+07,4.28954875092424E-12,3.47650496000000E+08,2.69977880000000E+07,2.14477437546212E-12,3.93991942436293E-28,-5.39779984356704E-17,-2.14477437546212E-12,-3.93991942436293E-28,5.39779984356704E-17,4.36790809035301E-02,9.54512756834447E-07,-1.79104597124100E-19
1,7,17,2.11903000000000E+07,-2.61713317871094E+02,-2.69983260000000E+07,4.42331501288029E-12,3.47206624000000E+08,2.69983260000000E+07,2.21165750644015E-12,4.06276558808940E-28,-2.73153385130996E-17,-2.21165750644015E-12,-4.06276558808940E-28,2.73153385130996E-17,4.40524220466614E-02,9.07036280750617E-07,-1.79104597124100E-19
1,7,18,2.11926760000000E+07,-8.79596328735352E+01,-2.69985620000000E+07,4.55319115744146E-12,3.46807776000000E+08,2.69985620000000E+07,2.27659557872073E-12,4.18204372585265E-28,-9.44894948446163E-18,-2.27659557872073E-12,-4.18204372585265E-28,9.44894948446163E-18,4.43845167756081E-02,8.55899827456597E-07,-1.79104597124100E-19
1,7,19,2.11948400000000E+07,2.29173278808594E+01,-2.69985460000000E+07,4.68298230055231E-12,3.46441536000000E+08,2.69985460000000E+07,2.34149115027615E-12,4.30124819679553E-28,2.53178230652372E-18,-2.34149115027615E-12,-4.30124819679553E-28,-2.53178230652372E-18,4.46858853101730E-02,8.09649577604432E-07,-1.79104597124100E-19
1,7,20,2.11968940000000E+07,9.69393157958984E+01,-2.69983080000000E+07,4.81711935965135E-12,3.46095936000000E+08,2.69983080000000E+07,2.40855967982567E-12,4.42444560199560E-28,1.10150157966225E-17,-2.40855967982567E-12,-4.42444560199560E-28,-1.10150157966225E-17,4.49664592742920E-02,7.74712304973946E-07,-1.79104597124100E-19
1,7,21,2.11989300000000E+07,1.54780883789062E+02,-2.69978540000000E+07,4.96094831881067E-12,3.45759008000000E+08,2.69978540000000E+07,2.48047415940533E-12,4.55654609984609E-28,1.81108200724668E-17,-2.48047415940533E-12,-4.55654609984609E-28,-1.81108200724668E-17,4.52359132468700E-02,7.56503595766844E-07,-1.79104597124100E-19
1,7,22,2.12010400000000E+07,2.14580780029297E+02,-2.69971800000000E+07,5.12119166518055E-12,3.45418112000000E+08,2.69971800000000E+07,2.56059583259027E-12,4.70372229581876E-28,2.59164023893438E-17,-2.56059583259027E-12,-4.70372229581876E-28,-2.59164023893438E-17,4.55041676759720E-02,7.60425734824821E-07,-1.79104597124100E-19
1,7,23,2.12033300000000E+07,2.94355377197266E+02,-2.69962680000000E+07,5.30665615616766E-12,3.45059072000000E+08,2.69962680000000E+07,2.65332807808383E-12,4.87406213271507E-28,3.68348456766314E-17,-2.65332807808383E-12,-4.87406213271507E-28,-3.68348456766314E-17,4.57820110023022E-02,7.92836431173782E-07,-1.79104597124100E-19
1,7,24,2.12059240000000E+07,4.14267089843750E+02,-2.69950860000000E+07,5.52934000669358E-12,3.44665024000000E+08,2.69950860000000E+07,2.76467000334679E-12,5.07858337426435E-28,5.40090507958656E-17,-2.76467000334679E-12,-5.07858337426435E-28,-5.40090507958656E-17,4.60819900035858E-02,8.62105821397563E-07,-1.79104597124100E-19
1,7,25,2.12089740000000E+07,5.98962158203125E+02,-2.69935860000000E+07,5.80620447554470E-12,3.44214656000000E+08,2.69935860000000E+07,2.90310223777235E-12,5.33286197889185E-28,8.19864431645568E-17,-2.90310223777235E-12,-5.33286197889185E-28,-8.19864431645568E-17,4.64195720851421E-02,9.79928586275491E-07,-1.79104597124100E-19
1,7,26,2.12126760000000E+07,8.80174560546875E+02,-2.69917060000000E+07,6.16210815013174E-12,3.43680064000000E+08,2.69917060000000E+07,3.08105407506587E-12,5.65972647571088E-28,1.27841743051916E-16,-3.08105407506587E-12,-5.65972647571088E-28,-1.27841743051916E-16,4.68148328363895E-02,1.16314697606867E-06,-1.79104597124100E-19
1,7,27,2.12172900000000E+07,1.29982360839844E+03,-2.69893660000000E+07,6.63489055363620E-12,3.43022752000000E+08,2.69893660000000E+07,3.31744527681810E-12,6.09392401129558E-28,2.03234914842269E-16,-3.31744527681810E-12,-6.09392401129558E-28,-2.03234914842269E-16,4.72950153052807E-02,1.43651845974091E-06,-1.79104597124100E-19
1,7,28,2.12231560000000E+07,1.91400439453125E+03,-2.69864780000000E+07,7.28459393500858E-12,3.42187968000000E+08,2.69864780000000E+07,3.64229696750429E-12,6.69058962661139E-28,3.28479535763895E-16,-3.64229696750429E-12,-6.69058962661139E-28,-3.28479535763895E-16,4.78985682129860E-02,1.83723977897898E-06,-1.79104597124100E-19
1,7,29,2.12307440000000E+07,2.79886914062500E+03,-2.69829480000000E+07,8.21115050952947E-12,3.41094560000000E+08,2.69829480000000E+07,4.10557525476474E-12,7.54148762423603E-28,5.41241877196881E-16,-4.10557525476474E-12,-7.54148762423603E-28,-5.41241877196881E-16,4.86819781363010E-02,2.42289183916000E-06,-1.79104597124100E-19
1,7,30,2.12406840000000E+07,4.06118920898438E+03,-2.69787000000000E+07,9.59034414382831E-12,3.39617344000000E+08,2.69787000000000E+07,4.79517207191416E-12,8.80802682243120E-28,9.16830262053068E-16,-4.79517207191416E-12,-8.80802682243120E-28,-9.16830262053068E-16,4.97317984700203E-02,3.28647979586094E-06,-1.79104597124100E-19
1,7,31,2.12538000000000E+07,5.86109570312500E+03,-2.69737140000000E+07,1.17511772881884E-11,3.37554208000000E+08,2.69737140000000E+07,5.87558821041334E-12,1.07922883700091E-27,1.62029303057190E-15,-5.87558821041334E-12,-1.07922883700091E-27,-1.62029303057190E-15,5.11870197951794E-02,4.58721751783742E-06,-1.79104597124100E-19
1,7,32,2.12710380000000E+07,8.46422558593750E+03,-2.69680780000000E+07,1.53489148474462E-11,3.34564640000000E+08,2.69680780000000E+07,7.67445742372308E-12,1.40958793370402E-27,3.05383943671321E-15,-7.67445742372308E-12,-1.40958793370402E-27,-3.05383943671321E-15,5.32815903425217E-02,6.61835247228737E-06,-1.79104597124100E-19
1,7,33,2.12929720000000E+07,1.23426640625000E+04,-2.69620520000000E+07,2.17455498052743E-11,3.30058336000000E+08,2.69620520000000E+07,1.08727731679137E-11,1.99691009248763E-27,6.30250153349260E-15,-1.08727731679137E-11,-1.99691009248763E-27,-6.30250153349260E-15,5.64248934388161E-02,9.96336984826485E-06,-1.79104597124100E-19
1,7,34,2.13182440000000E+07,1.82392792968750E+04,-2.69560740000000E+07,3.37123037819076E-11,3.23028064000000E+08,2.69560740000000E+07,1.68561466867834E-11,3.09554065145179E-27,1.44216354759944E-14,-1.68561466867834E-11,-3.09554065145179E-27,-1.44216354759944E-14,6.13400898873806E-02,1.58416969497921E-05,-1.79104597124100E-19
1,7,35,2.13408760000000E+07,2.67311972656250E+04,-2.69506300000000E+07,5.61735345738779E-11,3.11913152000000E+08,2.69506300000000E+07,2.80867447355337E-11,5.15729719035293E-27,3.51809510343304E-14,-2.80867447355337E-11,-5.15729719035293E-27,-3.51809510343304E-14,6.92598521709442E-02,2.66850274783792E-05,-1.79104597124100E-19
1,7,36,2.13494500000000E+07,3.70446210937500E+04,-2.69457320000000E+07,9.62079027555518E-11,2.94704480000000E+08,2.69457320000000E+07,4.81038785193899E-11,8.83142802681347E-27,8.34677243771384E-14,-4.81038785193899E-11,-8.83142802681347E-27,-8.34677243771384E-14,8.21568891406059E-02,4.64910153823439E-05,-1.79104597124100E-19
1,7,37,2.13286560000000E+07,4.88939218750000E+04,-2.69396500000000E+07,1.65001234897488E-10,2.68716160000000E+08,2.69396500000000E+07,8.25003954041392E-11,1.51434962488235E-26,1.89124337393078E-13,-8.25003954041392E-11,-1.51434962488235E-26,-1.89124337393078E-13,1.03691585361958E-01,8.45638278406113E-05,-1.79104597124100E-19
1,7,38,1.73033560000000E+07,5.17710820312500E+04,-2.69260120000000E+07,2.89865659253152E-10,2.29430416000000E+08,2.69260120000000E+07,1.44932177370549E-10,2.65970555541328E-26,4.33632405157092E-13,-1.44932177370549E-10,-2.65970555541328E-26,-4.33632405157092E-13,1.42635673284531E-01,1.63421704201028E-04,-1.79104597124100E-19
1,7,39,1.36023450000000E+07,4.71693750000000E+04,-2.68897560000000E+07,4.07523403911370E-10,2.02175712000000E+08,2.68897560000000E+07,2.03760480710358E-10,3.73869255339107E-26,7.06588054125851E-13,-2.03760480710358E-10,-3.73869255339107E-26,-7.06588054125851E-13,1.73672124743462E-01,2.33699000091292E-04,-1.79104597124100E-19
1,7,40,1.36523950000000E+07,5.60950507812500E+04,-2.67762080000000E+07,4.72050565303306E-10,1.89788512000000E+08,2.67762080000000E+07,2.36023284250209E-10,4.32973919105693E-26,9.69773957318343E-13,-2.36023284250209E-10,-4.32973919105693E-26,-9.69773957318343E-13,1.89262330532074E-01,2.92818527668715E-04,-1.79104597124100E-19
1,7,41,1.35140220000000E+07,9.79085234375000E+04,-2.64493800000000E+07,4.90000595654294E-10,1.86807760000000E+08,2.64493800000000E+07,2.44993886289180E-10,4.48959599867293E-26,1.77497047008229E-12,-2.44993886289180E-10,-4.48959599867293E-26,-1.77497047008229E-12,1.93147599697113E-01,4.86414646729827E-04,-1.79104597124100E-19
1,8,1,2.10031840000000E+07,-5.05842500000000E+04,-2.69169420000000E+07,6.73507040069299E-13,3.82713184000000E+08,2.69169420000000E+07,3.36752544252694E-13,6.19101013979214E-29,-8.11037699825578E-16,-3.36752544252694E-13,-6.19101013979214E-29,8.11037699825578E-16,1.22045110911131E-02,-1.74587444234930E-06,-1.79104597124100E-19
1,8,2,2.10073640000000E+07,-2.66666992187500E+04,-2.69526880000000E+07,6.31525810378814E-13,3.74944192000000E+08,2.69526880000000E+07,3.15762634138864E-13,5.80292020967042E-29,-4.00828404967368E-16,-3.15762634138864E-13,-5.80292020967042E-29,4.00828404967368E-16,1.97376627475023E-02,-1.19716685276217E-06,-1.79104597124100E-19
1,8,3,2.10212700000000E+07,-2.69961933593750E+04,-2.69476780000000E+07,8.28476556021668E-13,3.69714240000000E+08,2.69476780000000E+07,4.14237952750182E-13,7.61268468019640E-29,-5.31977719034083E-16,-4.14237952750182E-13,-7.61268468019640E-29,5.31977719034083E-16,2.44925189763308E-02,-1.45639432957978E-06,-1.79104597124100E-19
1,8,4,2.10327220000000E+07,-2.56292011718750E+04,-2.69442580000000E+07,1.02252895820693E-12,3.65851744000000E+08,2.69442580000000E+07,5.11264099632702E-13,9.39558363170440E-29,-6.22995485562616E-16,-5.11264099632702E-13,-9.39558363170440E-29,6.22995485562616E-16,2.80146766453981E-02,-1.52796292240964E-06,-1.79104597124100E-19
1,8,5,2.10429060000000E+07,-2.31988632812500E+04,-2.69436160000000E+07,1.20156098612489E-12,3.62856768000000E+08,2.69436160000000E+07,6.00780113591687E-13,1.10402068317365E-28,-6.62333177940764E-16,-6.00780113591687E-13,-1.10402068317365E-28,6.62333177940764E-16,3.07360216975212E-02,-1.48215974604682E-06,-1.79104597124100E-19
1,8,6,2.10537560000000E+07,-2.00322265625000E+04,-2.69467860000000E+07,1.36268275309492E-12,3.60557824000000E+08,2.69467860000000E+07,6.81341051286810E-13,1.25200011230375E-28,-6.48282330713914E-16,-6.81341051286810E-13,-1.25200011230375E-28,6.48282330713914E-16,3.28165702521801E-02,-1.33568573801313E-06,-1.79104597124100E-19
1,8,7,2.10659980000000E+07,-1.64447363281250E+04,-2.69537680000000E+07,1.50573845926483E-12,3.58808512000000E+08,2.69537680000000E+07,7.52869012791979E-13,1.38335780304881E-28,-5.87711639930469E-16,-7.52869012791979E-13,-1.38335780304881E-28,5.87711639930469E-16,3.43848764896393E-02,-1.07223581835569E-06,-1.79104597124100E-19
1,8,8,2.10789940000000E+07,-1.28138662109375E+04,-2.69630900000000E+07,1.63408446929997E-12,3.57448832000000E+08,2.69630900000000E+07,8.17042072019658E-13,1.50118607667580E-28,-4.96677779775938E-16,-8.17042072019658E-13,-1.50118607667580E-28,4.96677779775938E-16,3.55915613472462E-02,-7.12526968982274E-07,-1.79104597124100E-19
1,8,9,2.10913640000000E+07,-9.51723925781250E+03,-2.69725800000000E+07,1.75187555434553E-12,3.56336480000000E+08,2.69725800000000E+07,8.75937722962655E-13,1.60931344117292E-28,-3.95256992817244E-16,-8.75937722962655E-13,-1.60931344117292E-28,3.95256992817244E-16,3.65728326141834E-02,-3.27060035942850E-07,-1.79104597124100E-19
1,8,10,2.11020060000000E+07,-6.79359814453125E+03,-2.69806100000000E+07,1.86198148913186E-12,3.55377280000000E+08,2.69806100000000E+07,9.30990744565929E-13,1.71038564280125E-28,-2.99723958344694E-16,-9.30990744565929E-13,-1.71038564280125E-28,2.99723958344694E-16,3.74191552400589E-02,1.35977717974356E-08,-1.79104597124100E-19
1,8,11,2.11105780000000E+07,-4.69993847656250E+03,-2.69866200000000E+07,1.96539399338613E-12,3.54529152000000E+08,2.69866200000000E+07,9.82696996693067E-13,1.80531906310247E-28,-2.18782045770445E-16,-9.82696996693067E-13,-1.80531906310247E-28,2.18782045770445E-16,3.81688773632050E-02,2.72681944579745E-07,-1.79104597124100E-19
1,8,12,2.11173240000000E+07,-3.16942749023438E+03,-2.69908340000000E+07,2.06219329806911E-12,3.53777600000000E+08,2.69908340000000E+07,1.03109654061434E-12,1.89418845223255E-28,-1.54753779731198E-16,-1.03109654061434E-12,-1.89418845223255E-28,1.54753779731198E-16,3.88335362076759E-02,4.45793659764604E-07,-1.79104597124100E-19
1,8,13,2.11226660000000E+07,-2.08704809570312E+03,-2.69937160000000E+07,2.15237094640386E-12,3.53116640000000E+08,2.69937160000000E+07,1.07618547320193E-12,1.97698574535983E-28,-1.06333677314443E-16,-1.07618547320193E-12,-1.97698574535983E-28,1.06333677314443E-16,3.94167080521584E-02,5.46185958683054E-07,-1.79104597124100E-19
1,8,14,2.11269840000000E+07,-1.33841198730469E+03,-2.69956700000000E+07,2.23627713569208E-12,3.52538976000000E+08,2.69956700000000E+07,1.11813856784604E-12,2.05403052648448E-28,-7.08350029510477E-17,-1.11813856784604E-12,-2.05403052648448E-28,7.08350029510477E-17,3.99241559207439E-02,5.92339517879736E-07,-1.79104597124100E-19
1,8,15,2.11305580000000E+07,-8.28991943359375E+02,-2.69969780000000E+07,2.31465888123061E-12,3.52034880000000E+08,2.69969780000000E+07,1.15732944061531E-12,2.12600758407233E-28,-4.54042349906113E-17,-1.15732944061531E-12,-2.12600758407233E-28,4.54042349906113E-17,4.03643175959587E-02,6.01741874106665E-07,-1.79104597124100E-19
1,8,16,2.11335840000000E+07,-4.87162872314453E+02,-2.69978160000000E+07,2.38859799994717E-12,3.51593280000000E+08,2.69978160000000E+07,1.19429899997359E-12,2.19390841093289E-28,-2.75304997709532E-17,-1.19429899997359E-12,-2.19390841093289E-28,2.75304997709532E-17,4.07470427453518E-02,5.88633554343687E-07,-1.79104597124100E-19
1,8,17,2.11362140000000E+07,-2.60731262207031E+02,-2.69983000000000E+07,2.45945039507867E-12,3.51202912000000E+08,2.69983000000000E+07,1.22972519753933E-12,2.25897788003396E-28,-1.51695957704385E-17,-1.22972519753933E-12,-2.25897788003396E-28,1.51695957704385E-17,4.10824716091156E-02,5.63799289921008E-07,-1.79104597124100E-19
1,8,18,2.11385640000000E+07,-1.12084655761719E+02,-2.69985000000000E+07,2.52883347942601E-12,3.50852832000000E+08,2.69985000000000E+07,1.26441673971300E-12,2.32269992039769E-28,-6.70441549720866E-18,-1.26441673971300E-12,-2.32269992039769E-28,6.70441549720866E-18,4.13803644478321E-02,5.35134859092068E-07,-1.79104597124100E-19
1,8,19,2.11407340000000E+07,-1.38624572753906E+01,-2.69984620000000E+07,2.59866260454711E-12,3.50532448000000E+08,2.69984620000000E+07,1.29933130227355E-12,2.38683338754578E-28,-8.52000890615717E-19,-1.29933130227355E-12,-2.38683338754578E-28,8.52000890615717E-19,4.16499339044094E-02,5.08409698340984E-07,-1.79104597124100E-19
1,8,20,2.11428120000000E+07,5.44656448364258E+01,-2.69982040000000E+07,2.67124733790980E-12,3.50231520000000E+08,2.69982040000000E+07,1.33562366895490E-12,2.45349873034702E-28,3.44067781704417E-18,-1.33562366895490E-12,-2.45349873034702E-28,-3.44067781704417E-18,4.18999008834362E-02,4.88011323795945E-07,-1.79104597124100E-19
1,8,21,2.11448880000000E+07,1.09244400024414E+02,-2.69977360000000E+07,2.74945647846248E-12,3.49939808000000E+08,2.69977360000000E+07,1.37472823923124E-12,2.52533038022407E-28,7.10249037673552E-18,-1.37472823923124E-12,-2.52533038022407E-28,-7.10249037673552E-18,4.21387925744057E-02,4.77618755212461E-07,-1.79104597124100E-19
1,8,22,2.11470580000000E+07,1.64734649658203E+02,-2.69970480000000E+07,2.83697891567680E-12,3.49646400000000E+08,2.69970480000000E+07,1.41848945783840E-12,2.60571604794912E-28,1.10499707949478E-17,-1.41848945783840E-12,-2.60571604794912E-28,-1.10499707949478E-17,4.23753485083580E-02,4.80815856462868E-07,-1.79104597124100E-19
1,8,23,2.11494300000000E+07,2.34883636474609E+02,-2.69961180000000E+07,2.93873497585195E-12,3.49339168000000E+08,2.69961180000000E+07,1.46936748792598E-12,2.69917420591294E-28,1.63186604834768E-17,-1.46936748792598E-12,-2.69917420591294E-28,-1.63186604834768E-17,4.26190942525864E-02,5.01685406106844E-07,-1.79104597124100E-19
1,8,24,2.11521360000000E+07,3.34928375244141E+02,-2.69949120000000E+07,3.06152542553506E-12,3.49003552000000E+08,2.69949120000000E+07,1.53076271276753E-12,2.81195064492518E-28,2.42384913321984E-17,-1.53076271276753E-12,-2.81195064492518E-28,-2.42384913321984E-17,4.28811013698578E-02,5.45445232091879E-07,-1.79104597124100E-19
1,8,25,2.11553440000000E+07,4.82946044921875E+02,-2.69933800000000E+07,3.21508770127765E-12,3.48621280000000E+08,2.69933800000000E+07,1.60754385063883E-12,2.95298769845887E-28,3.66979141980294E-17,-1.60754385063883E-12,-2.95298769845887E-28,-3.66979141980294E-17,4.31750304996967E-02,6.19211562025157E-07,-1.79104597124100E-19
1,8,26,2.11592720000000E+07,7.01409240722656E+02,-2.69914500000000E+07,3.41387508540070E-12,3.48168224000000E+08,2.69914500000000E+07,1.70693754270035E-12,3.13555863494949E-28,5.65833162714695E-17,-1.70693754270035E-12,-3.13555863494949E-28,-5.65833162714695E-17,4.35186401009560E-02,7.33017316179030E-07,-1.79104597124100E-19
1,8,27,2.11642160000000E+07,1.01873760986328E+03,-2.69890420000000E+07,3.68019330287961E-12,3.47611136000000E+08,2.69890420000000E+07,1.84009665143980E-12,3.38014836750927E-28,8.85728853356225E-17,-1.84009665143980E-12,-3.38014836750927E-28,-8.85728853356225E-17,4.39360775053501E-02,9.01293219612853E-07,-1.79104597124100E-19
1,8,28,2.11705780000000E+07,1.47077575683594E+03,-2.69860520000000E+07,4.05003851636221E-12,3.46902400000000E+08,2.69860520000000E+07,2.02501925818110E-12,3.71981379844491E-28,1.40683411041891E-16,-2.02501925818110E-12,-3.71981379844491E-28,-1.40683411041891E-16,4.44615297019482E-02,1.14519014005054E-06,-1.79104597124100E-19
1,8,29,2.11789300000000E+07,2.10215869140625E+03,-2.69823760000000E+07,4.58466684755132E-12,3.45971008000000E+08,2.69823760000000E+07,2.29233342377566E-12,4.21080893401953E-28,2.27530307928805E-16,-2.29233342377566E-12,-4.21080893401953E-28,-2.27530307928805E-16,4.51454520225525E-02,1.49650486491737E-06,-1.79104597124100E-19
1,8,30,2.11900760000000E+07,2.96798535156250E+03,-2.69779240000000E+07,5.39524718304318E-12,3.44706240000000E+08,2.69779240000000E+07,2.69762359152159E-12,4.95522274650149E-28,3.77842313059051E-16,-2.69762359152159E-12,-4.95522274650149E-28,-3.77842313059051E-16,4.60657626390457E-02,2.00488875634619E-06,-1.79104597124100E-19
1,8,31,2.12051600000000E+07,4.13827636718750E+03,-2.69726620000000E+07,6.69964778099441E-12,3.42926112000000E+08,2.69726620000000E+07,3.34982389049721E-12,6.15312613482107E-28,6.53732299515225E-16,-3.34982389049721E-12,-6.15312613482107E-28,-6.53732299515225E-16,4.73491325974464E-02,2.75237289315555E-06,-1.79104597124100E-19
1,8,32,2.12257180000000E+07,5.71513867187500E+03,-2.69666740000000E+07,8.96331793509564E-12,3.40314752000000E+08,2.69666740000000E+07,4.48165853386695E-12,8.23193495374631E-28,1.20671077110838E-15,-4.48165853386695E-12,-8.23193495374631E-28,-1.20671077110838E-15,4.92134131491184E-02,3.88562466469011E-06,-1.79104597124100E-19
1,8,33,2.12533500000000E+07,7.89263671875000E+03,-2.69602160000000E+07,1.32631423205298E-11,3.36296480000000E+08,2.69602160000000E+07,6.63157072658405E-12,1.21804900072386E-27,2.46269789568152E-15,-6.63157072658405E-12,-1.21804900072386E-27,-2.46269789568152E-15,5.20536489784718E-02,5.69409803574672E-06,-1.79104597124100E-19
1,8,34,2.12878980000000E+07,1.10797958984375E+04,-2.69537440000000E+07,2.21519677601201E-11,3.29811488000000E+08,2.69537440000000E+07,1.10759830126983E-11,2.03427197785077E-27,5.76476012582937E-15,-1.10759830126983E-11,-2.03427197785077E-27,-5.76476012582937E-15,5.66063784062862E-02,8.80468087416375E-06,-1.79104597124100E-19
1,8,35,2.13229620000000E+07,1.58427333984375E+04,-2.69477680000000E+07,4.10135120310073E-11,3.19063392000000E+08,2.69477680000000E+07,2.05067490766098E-11,3.76609591723497E-27,1.52362965180706E-14,-2.05067490766098E-11,-3.76609591723497E-27,-1.52362965180706E-14,6.42034932971001E-02,1.46150323416805E-05,-1.79104597124100E-19
1,8,36,2.13433140000000E+07,2.23556601562500E+04,-2.69423520000000E+07,7.83528866787897E-11,3.01623328000000E+08,2.69423520000000E+07,3.91764225227131E-11,7.19407942529322E-27,4.10346229380836E-14,-3.91764225227131E-11,-7.19407942529322E-27,-4.10346229380836E-14,7.70278051495552E-02,2.60588531091344E-05,-1.79104597124100E-19
1,8,37,2.13298080000000E+07,3.00690156250000E+04,-2.69358240000000E+07,1.46703080239341E-10,2.74403744000000E+08,2.69358240000000E+07,7.33514637918375E-11,1.34681143827614E-26,1.03404880957749E-13,-7.33514637918375E-11,-1.34681143827614E-26,-1.03404880957749E-13,9.90463122725487E-02,4.90842685394455E-05,-1.79104597124100E-19
1,8,38,1.72789040000000E+07,3.31937148437500E+04,-2.69219580000000E+07,2.73704031661381E-10,2.32920752000000E+08,2.69219580000000E+07,1.36851766030510E-10,2.51231629381086E-26,2.62899700924010E-13,-1.36851766030510E-10,-2.51231629381086E-26,-2.62899700924010E-13,1.39284700155258E-01,1.01558485766873E-04,-1.79104597124100E-19
1,8,39,1.35719700000000E+07,3.24866191406250E+04,-2.68860020000000E+07,3.93655386066172E-10,2.04398192000000E+08,2.68860020000000E+07,1.96827137921574E-10,3.61277093954396E-26,4.71136313556081E-13,-1.96827137921574E-10,-3.61277093954396E-26,-4.71136313556081E-13,1.71260640025139E-01,1.58121998538263E-04,-1.79104597124100E-19
1,8,40,1.36291970000000E+07,4.09818789062500E+04,-2.67741560000000E+07,4.59179166911738E-10,1.91570784000000E+08,2.67741560000000E+07,2.29588542621784E-10,4.21324569762237E-26,6.90353969736573E-13,-2.29588542621784E-10,-4.21324569762237E-26,-6.90353969736573E-13,1.87205508351326E-01,2.10878279176541E-04,-1.79104597124100E-19
1,8,41,1.34949850000000E+07,7.14106406250000E+04,-2.64515860000000E+07,4.77534733978047E-10,1.88479248000000E+08,2.64515860000000E+07,2.38764008564374E-10,4.37828741679746E-26,1.26345385976362E-12,-2.38764008564374E-10,-4.37828741679746E-26,-1.26345385976362E-12,1.91183060407639E-01,3.51340568158776E-04,-1.79104597124100E-19
1,9,1,2.09938920000000E+07,-3.04394179687500E+04,-2.69242720000000E+07,5.83072327399459E-13,3.82964320000000E+08,2.69242720000000E+07,2.91535865544132E-13,5.35801534618928E-29,-4.22703030830210E-16,-2.91535865544132E-13,-5.35801534618928E-29,4.22703030830210E-16,1.20357908308506E-02,-9.22436981909414E-07,-1.79104597124100E-19
1,9,2,2.09970280000000E+07,-1.62084921875000E+04,-2.69569840000000E+07,5.52398133745607E-13,3.75300000000000E+08,2.69569840000000E+07,2.76198985557641E-13,5.07499813530225E-29,-2.13209641003585E-16,-2.76198985557641E-13,-5.07499813530225E-29,2.13209641003585E-16,1.94813627749681E-02,-6.65809523070493E-07,-1.79104597124100E-19
1,9,3,2.10086580000000E+07,-1.66062265625000E+04,-2.69525600000000E+07,7.03531146100528E-13,3.70272704000000E+08,2.69525600000000E+07,3.51765464630047E-13,6.46352922692294E-29,-2.78051905705143E-16,-3.51765464630047E-13,-6.46352922692294E-29,2.78051905705143E-16,2.40799710154533E-02,-8.58744897413999E-07,-1.79104597124100E-19
1,9,4,2.10177000000000E+07,-1.60210683593750E+04,-2.69495840000000E+07,8.42412782326579E-13,3.66632384000000E+08,2.69495840000000E+07,4.21206282743072E-13,7.73939943532804E-29,-3.21071015030295E-16,-4.21206282743072E-13,-7.73939943532804E-29,3.21071015030295E-16,2.74292211979628E-02,-9.44728299145936E-07,-1.79104597124100E-19
1,9,5,2.10257040000000E+07,-1.47021386718750E+04,-2.69491020000000E+07,9.64619768610564E-13,3.63846656000000E+08,2.69491020000000E+07,4.82309775885065E-13,8.86195237939155E-29,-3.37253155971115E-16,-4.82309775885065E-13,-8.86195237939155E-29,3.37253155971115E-16,2.99864225089550E-02,-9.39598976401612E-07,-1.79104597124100E-19
1,9,6,2.10345680000000E+07,-1.28424326171875E+04,-2.69520120000000E+07,1.07191100613691E-12,3.61725120000000E+08,2.69520120000000E+07,5.35955448858344E-13,9.84734540764067E-29,-3.27221903595459E-16,-5.35955448858344E-13,-9.84734540764067E-29,3.27221903595459E-16,3.19279283285141E-02,-8.49301386551815E-07,-1.79104597124100E-19
1,9,7,2.10449460000000E+07,-1.06644082031250E+04,-2.69582900000000E+07,1.16655274849664E-12,3.60115360000000E+08,2.69582900000000E+07,5.83276265828103E-13,1.07164218968985E-28,-2.95571988125710E-16,-5.83276265828103E-13,-1.07164218968985E-28,2.95571988125710E-16,3.33881080150604E-02,-6.81428275584040E-07,-1.79104597124100E-19
1,9,8,2.10561960000000E+07,-8.42240039062500E+03,-2.69666280000000E+07,1.25163410451962E-12,3.58863488000000E+08,2.69666280000000E+07,6.25816998049700E-13,1.14976043601725E-28,-2.50324467465231E-16,-6.25816998049700E-13,-1.14976043601725E-28,2.50324467465231E-16,3.45127806067467E-02,-4.61476673763173E-07,-1.79104597124100E-19
1,9,9,2.10670140000000E+07,-6.35147998046875E+03,-2.69751100000000E+07,1.32989875622352E-12,3.57837440000000E+08,2.69751100000000E+07,6.64949323901654E-13,1.22161483594177E-28,-2.00475122681437E-16,-6.64949323901654E-13,-1.22161483594177E-28,2.00475122681437E-16,3.54294553399086E-02,-2.30031673709163E-07,-1.79104597124100E-19
1,9,10,2.10763760000000E+07,-4.60446240234375E+03,-2.69822920000000E+07,1.40314268450709E-12,3.56951168000000E+08,2.69822920000000E+07,7.01571342253543E-13,1.28885952254440E-28,-1.53269169202677E-16,-7.01571342253543E-13,-1.28885952254440E-28,1.53269169202677E-16,3.62216345965862E-02,-2.42297257813107E-08,-1.79104597124100E-19
1,9,11,2.10839580000000E+07,-3.23175781250000E+03,-2.69876820000000E+07,1.47207441549002E-12,3.56166528000000E+08,2.69876820000000E+07,7.36037207745011E-13,1.35214750644691E-28,-1.12820076953504E-16,-7.36037207745011E-13,-1.35214750644691E-28,1.12820076953504E-16,3.69241945445538E-02,1.35541938561801E-07,-1.79104597124100E-19
1,9,12,2.10899760000000E+07,-2.20803881835938E+03,-2.69914820000000E+07,1.53688845504207E-12,3.55470560000000E+08,2.69914820000000E+07,7.68444227521037E-13,1.41165838061661E-28,-8.04531348590142E-17,-7.68444227521037E-13,-1.41165838061661E-28,8.04531348590142E-17,3.75474765896797E-02,2.45549557575941E-07,-1.79104597124100E-19
1,9,13,2.10947940000000E+07,-1.47207214355469E+03,-2.69940980000000E+07,1.59768162241725E-12,3.54857984000000E+08,2.69940980000000E+07,7.98840811208623E-13,1.46748097857219E-28,-5.57460440554433E-17,-7.98840811208623E-13,-1.46748097857219E-28,5.57460440554433E-17,3.80947031080723E-02,3.12135824742654E-07,-1.79104597124100E-19
1,9,14,2.10987420000000E+07,-9.56334655761719E+02,-2.69958880000000E+07,1.65471109037085E-12,3.54322048000000E+08,2.69958880000000E+07,8.27355545185426E-13,1.51985050450810E-28,-3.75012289955490E-17,-8.27355545185426E-13,-1.51985050450810E-28,3.75012289955490E-17,3.85712310671806E-02,3.45405851476244E-07,-1.79104597124100E-19
1,9,15,2.11020520000000E+07,-6.01536315917969E+02,-2.69970900000000E+07,1.70844035533163E-12,3.53853920000000E+08,2.69970900000000E+07,8.54220177665815E-13,1.56919198708895E-28,-2.43504502281074E-17,-8.54220177665815E-13,-1.56919198708895E-28,2.43504502281074E-17,3.89848761260509E-02,3.55494762516173E-07,-1.79104597124100E-19
1,9,16,2.11048920000000E+07,-3.60960632324219E+02,-2.69978640000000E+07,1.75953500901327E-12,3.53443616000000E+08,2.69978640000000E+07,8.79767504506634E-13,1.61611594610711E-28,-1.50468173521173E-17,-8.79767504506634E-13,-1.61611594610711E-28,1.50468173521173E-17,3.93447466194630E-02,3.50960476680484E-07,-1.79104597124100E-19
1,9,17,2.11073860000000E+07,-1.99715408325195E+02,-2.69983060000000E+07,1.80885200481290E-12,3.53080928000000E+08,2.69983060000000E+07,9.04426002406450E-13,1.66140888320362E-28,-8.55756476712346E-18,-9.04426002406450E-13,-1.66140888320362E-28,8.55756476712346E-18,3.96601781249046E-02,3.38445516945285E-07,-1.79104597124100E-19
1,9,18,2.11096340000000E+07,-9.22725296020508E+01,-2.69984780000000E+07,1.85744735564652E-12,3.52755808000000E+08,2.69984780000000E+07,9.28723677823262E-13,1.70604014299360E-28,-4.05955305145558E-18,-9.28723677823262E-13,-1.70604014299360E-28,4.05955305145558E-18,3.99401970207691E-02,3.22904980976091E-07,-1.79104597124100E-19
1,9,19,2.11117260000000E+07,-1.98838958740234E+01,-2.69984200000000E+07,1.90661006947701E-12,3.52458688000000E+08,2.69984200000000E+07,9.53305034738505E-13,1.75119357053976E-28,-8.97862058522342E-19,-9.53305034738505E-13,-1.75119357053976E-28,8.97862058522342E-19,4.01933193206787E-02,3.08015273731144E-07,-1.79104597124100E-19
1,9,20,2.11137440000000E+07,3.16057510375977E+01,-2.69981500000000E+07,1.95793424875856E-12,3.52180160000000E+08,2.69981500000000E+07,9.78967124379282E-13,1.79833263185859E-28,1.46544320276387E-18,-9.78967124379282E-13,-1.79833263185859E-28,-1.46544320276387E-18,4.04276587069035E-02,2.96600916271927E-07,-1.79104597124100E-19
1,9,21,2.11157700000000E+07,7.34991149902344E+01,-2.69976700000000E+07,2.01343737689375E-12,3.51910816000000E+08,2.69976700000000E+07,1.00671868844687E-12,1.84931007155657E-28,3.50415503686603E-18,-1.00671868844687E-12,-1.84931007155657E-28,-3.50415503686603E-18,4.06511500477791E-02,2.91031227561689E-07,-1.79104597124100E-19
1,9,22,2.11178960000000E+07,1.15639755249023E+02,-2.69969700000000E+07,2.07575102939561E-12,3.51640672000000E+08,2.69969700000000E+07,1.03787551469781E-12,1.90654293171393E-28,5.68331521134207E-18,-1.03787551469781E-12,-1.90654293171393E-28,-5.68331521134207E-18,4.08719554543495E-02,2.93585884492131E-07,-1.79104597124100E-19
1,9,23,2.11202320000000E+07,1.67578018188477E+02,-2.69960280000000E+07,2.14842119788949E-12,3.51358464000000E+08,2.69960280000000E+07,1.07421059894475E-12,1.97328771912537E-28,8.52330046460967E-18,-1.07421059894475E-12,-1.97328771912537E-28,-8.52330046460967E-18,4.10989969968796E-02,3.06809340600012E-07,-1.79104597124100E-19
1,9,24,2.11229080000000E+07,2.39605590820312E+02,-2.69948060000000E+07,2.23638512222846E-12,3.51050784000000E+08,2.69948060000000E+07,1.11819256111423E-12,2.05407867473309E-28,1.26841049725351E-17,-1.11819256111423E-12,-2.05407867473309E-28,-1.26841049725351E-17,4.13426458835602E-02,3.33885338932305E-07,-1.79104597124100E-19
1,9,25,2.11260960000000E+07,3.43716888427734E+02,-2.69932500000000E+07,2.34675039817445E-12,3.50700768000000E+08,2.69932500000000E+07,1.17337519908722E-12,2.15544349734235E-28,1.90905526423093E-17,-1.17337519908722E-12,-2.15544349734235E-28,-1.90905526423093E-17,4.16157208383083E-02,3.79075004275364E-07,-1.79104597124100E-19
1,9,26,2.11300200000000E+07,4.94504211425781E+02,-2.69912880000000E+07,2.49011293355916E-12,3.50286144000000E+08,2.69912880000000E+07,1.24505646677958E-12,2.28711379059151E-28,2.91379598553275E-17,-1.24505646677958E-12,-2.28711379059151E-28,-2.91379598553275E-17,4.19348739087582E-02,4.48281127773953E-07,-1.79104597124100E-19
1,9,27,2.11349840000000E+07,7.09920104980469E+02,-2.69888280000000E+07,2.68289275344447E-12,3.49776160000000E+08,2.69888280000000E+07,1.34144637672223E-12,2.46416934520389E-28,4.50589300982623E-17,-1.34144637672223E-12,-2.46416934520389E-28,-4.50589300982623E-17,4.23227623105049E-02,5.49835874608107E-07,-1.79104597124100E-19
1,9,28,2.11414120000000E+07,1.01173626708984E+03,-2.69857640000000E+07,2.95170637064357E-12,3.49126880000000E+08,2.69857640000000E+07,1.47585318532178E-12,2.71105502699862E-28,7.06279364826685E-17,-1.47585318532178E-12,-2.71105502699862E-28,-7.06279364826685E-17,4.28114347159863E-02,6.95684661877749E-07,-1.79104597124100E-19
1,9,29,2.11499020000000E+07,1.42541491699219E+03,-2.69819820000000E+07,3.34211933301909E-12,3.48272768000000E+08,2.69819820000000E+07,1.67105966650954E-12,3.06961768254859E-28,1.12622427109218E-16,-1.67105966650954E-12,-3.06961768254859E-28,-1.12622427109218E-16,4.34481501579285E-02,9.03307238786510E-07,-1.79104597124100E-19
1,9,30,2.11613200000000E+07,1.97910559082031E+03,-2.69773800000000E+07,3.93758159758506E-12,3.47111552000000E+08,2.69773800000000E+07,1.96879079879253E-12,3.61649728657825E-28,1.84130523468312E-16,-1.96879079879253E-12,-3.61649728657825E-28,-1.84130523468312E-16,4.43058684468269E-02,1.19914182050707E-06,-1.79104597124100E-19
1,9,31,2.11769340000000E+07,2.70214819335938E+03,-2.69719180000000E+07,4.90414913539849E-12,3.45474592000000E+08,2.69719180000000E+07,2.45207435085881E-12,4.50419595358025E-28,3.12881397570428E-16,-2.45207435085881E-12,-4.50419595358025E-28,-3.12881397570428E-16,4.55033630132675E-02,1.62540504788922E-06,-1.79104597124100E-19
1,9,32,2.11985520000000E+07,3.62722143554688E+03,-2.69656680000000E+07,6.60620082942875E-12,3.43066464000000E+08,2.69656680000000E+07,3.30310041471438E-12,6.06735099288790E-28,5.65183686967498E-16,-3.30310041471438E-12,-6.06735099288790E-28,-5.65183686967498E-16,4.72460202872753E-02,2.25546500587370E-06,-1.79104597124100E-19
1,9,33,2.12283740000000E+07,4.81617871093750E+03,-2.69588900000000E+07,9.92830123669464E-12,3.39337984000000E+08,2.69588900000000E+07,4.96415061834732E-12,9.11830761798159E-28,1.12623978238302E-15,-4.96415061834732E-12,-9.11830761798159E-28,-1.12623978238302E-15,4.99114207923412E-02,3.23282597491925E-06,-1.79104597124100E-19
1,9,34,2.12673000000000E+07,6.45943212890625E+03,-2.69520480000000E+07,1.71460658171529E-11,3.33237760000000E+08,2.69520480000000E+07,8.57303290857647E-12,1.57468105594933E-27,2.60385275996789E-15,-8.57303290857647E-12,-1.57468105594933E-27,-2.60385275996789E-15,5.42233772575855E-02,4.87800571136177E-06,-1.79104597124100E-19
1,9,35,2.13094900000000E+07,8.96768847656250E+03,-2.69456740000000E+07,3.36341787754435E-11,3.22870624000000E+08,2.69456740000000E+07,1.68170876529983E-11,3.08881549667899E-27,7.07714746859102E-15,-1.68170876529983E-11,-3.08881549667899E-27,-7.07714746859102E-15,6.15477971732616E-02,7.96369749878068E-06,-1.79104597124100E-19
1,9,36,2.13375860000000E+07,1.26171630859375E+04,-2.69398600000000E+07,6.87626275364117E-11,3.05514144000000E+08,2.69398600000000E+07,3.43813068293120E-11,6.31449874559981E-27,2.03300663657218E-14,-3.43813068293120E-11,-6.31449874559981E-27,-2.03300663657218E-14,7.42052718997002E-02,1.42114940899774E-05,-1.79104597124100E-19
1,9,37,2.13293140000000E+07,1.74125195312500E+04,-2.69329860000000E+07,1.36127803473940E-10,2.77772800000000E+08,2.69329860000000E+07,6.80638809202883E-11,1.24997298437043E-26,5.55650191385714E-14,-6.80638809202883E-11,-1.24997298437043E-26,-5.55650191385714E-14,9.63577553629875E-02,2.75746497209184E-05,-1.79104597124100E-19
1,9,38,1.72629680000000E+07,1.98561777343750E+04,-2.69189320000000E+07,2.64079869083389E-10,2.35020416000000E+08,2.69189320000000E+07,1.32039851274968E-10,2.42460281894446E-26,1.51874620193428E-13,-1.32039851274968E-10,-2.42460281894446E-26,-1.51874620193428E-13,1.37307375669479E-01,5.97985308559146E-05,-1.79104597124100E-19
1,9,39,1.35522040000000E+07,2.03509902343750E+04,-2.68831840000000E+07,3.85045134665418E-10,2.05790928000000E+08,2.68831840000000E+07,1.92522345288104E-10,3.53480806280000E-26,2.89105761899777E-13,-1.92522345288104E-10,-3.53480806280000E-26,-2.89105761899777E-13,1.69769376516342E-01,9.79851902229711E-05,-1.79104597124100E-19
1,9,40,1.36139600000000E+07,2.67526328125000E+04,-2.67726300000000E+07,4.51017473368509E-10,1.92713872000000E+08,2.67726300000000E+07,2.25508292595045E-10,4.13980675328058E-26,4.43143704240492E-13,-2.25508292595045E-10,-4.13980675328058E-26,-4.43143704240492E-13,1.85899481177330E-01,1.36430739075877E-04,-1.79104597124100E-19
1,9,41,1.34825340000000E+07,4.61671367187500E+04,-2.64533620000000E+07,4.69490779586579E-10,1.89574048000000E+08,2.64533620000000E+07,2.34744002014509E-10,4.30725573081175E-26,8.03814642885009E-13,-2.34744002014509E-10,-4.30725573081175E-26,-8.03814642885009E-13,1.89906224608421E-01,2.25941490498371E-04,-1.79104597124100E-19
1,10,1,2.09900380000000E+07,-1.43651748046875E+04,-2.69286580000000E+07,5.43893760324848E-13,3.83074464000000E+08,2.69286580000000E+07,2.71946825952316E-13,4.99672172197817E-29,-1.86115121663729E-16,-2.71946825952316E-13,-4.99672172197817E-29,1.86115121663729E-16,1.19622619822621E-02,-4.09910256848889E-07,-1.79104597124100E-19
1,10,2,2.09926120000000E+07,-7.67860156250000E+03,-2.69595100000000E+07,5.19085913575773E-13,3.75455264000000E+08,2.69595100000000E+07,2.59542956787887E-13,4.76830793520662E-29,-9.49346784872086E-17,-2.59542956787887E-13,-4.76830793520662E-29,9.49346784872086E-17,1.93697661161423E-02,-3.05133454503448E-07,-1.79104597124100E-19
1,10,3,2.10032220000000E+07,-7.89968115234375E+03,-2.69553640000000E+07,6.52344335234228E-13,3.70516672000000E+08,2.69553640000000E+07,3.26172140512060E-13,5.99243592916988E-29,-1.22679077238401E-16,-3.26172140512060E-13,-5.99243592916988E-29,1.22679077238401E-16,2.38997656852007E-02,-4.01835706043130E-07,-1.79104597124100E-19
1,10,4,2.10111560000000E+07,-7.66987548828125E+03,-2.69525680000000E+07,7.70525082540580E-13,3.66974624000000E+08,2.69525680000000E+07,3.85262514165235E-13,7.07801884239156E-29,-1.40635553680371E-16,-3.85262514165235E-13,-7.07801884239156E-29,1.40635553680371E-16,2.71718725562096E-02,-4.50988494549165E-07,-1.79104597124100E-19
1,10,5,2.10181020000000E+07,-7.08196826171875E+03,-2.69521080000000E+07,8.71785174431927E-13,3.64283264000000E+08,2.69521080000000E+07,4.35892560110909E-13,8.00811541267178E-29,-1.46872310210564E-16,-4.35892560110909E-13,-8.00811541267178E-29,1.46872310210564E-16,2.96541545540094E-02,-4.52562886721353E-07,-1.79104597124100E-19
1,10,6,2.10259540000000E+07,-6.22350097656250E+03,-2.69548320000000E+07,9.59274218219341E-13,3.62244064000000E+08,2.69548320000000E+07,4.79637109109671E-13,8.81165972815942E-29,-1.41968452667105E-16,-4.79637109109671E-13,-8.81165972815942E-29,1.41968452667105E-16,3.15302759408951E-02,-4.09395369160848E-07,-1.79104597124100E-19
1,10,7,2.10353520000000E+07,-5.20412792968750E+03,-2.69607280000000E+07,1.03591603611147E-12,3.60701280000000E+08,2.69607280000000E+07,5.17957963845628E-13,9.51551851157868E-29,-1.28142360338852E-16,-5.17957963845628E-13,-9.51551851157868E-29,1.28142360338852E-16,3.29377129673958E-02,-3.28718925857174E-07,-1.79104597124100E-19
1,10,8,2.10456740000000E+07,-4.14530126953125E+03,-2.69685620000000E+07,1.10470270084373E-12,3.59502624000000E+08,2.69685620000000E+07,5.52351350421865E-13,1.01471964499479E-28,-1.08794936683482E-16,-5.52351350421865E-13,-1.01471964499479E-28,1.08794936683482E-16,3.40211503207684E-02,-2.24921635094688E-07,-1.79104597124100E-19
1,10,9,2.10556520000000E+07,-3.15677954101562E+03,-2.69765240000000E+07,1.16795787451218E-12,3.58519744000000E+08,2.69765240000000E+07,5.83978937256091E-13,1.07280545137626E-28,-8.75533355998141E-17,-5.83978937256091E-13,-1.07280545137626E-28,8.75533355998141E-17,3.49048934876919E-02,-1.16588317666810E-07,-1.79104597124100E-19
1,10,10,2.10643040000000E+07,-2.31161425781250E+03,-2.69832620000000E+07,1.22715477102880E-12,3.57669888000000E+08,2.69832620000000E+07,6.13577385514402E-13,1.12716458331535E-28,-6.73344937127315E-17,-6.13577385514402E-13,-1.12716458331535E-28,6.73344937127315E-17,3.56695204973221E-02,-1.98094536330018E-08,-1.79104597124100E-19
1,10,11,2.10713180000000E+07,-1.63782983398438E+03,-2.69883160000000E+07,1.28292342027603E-12,3.56916832000000E+08,2.69883160000000E+07,6.41461710138014E-13,1.17837662535468E-28,-4.98594860181036E-17,-6.41461710138014E-13,-1.17837662535468E-28,4.98594860181036E-17,3.63482423126698E-02,5.63568001155090E-08,-1.79104597124100E-19
1,10,12,2.10769040000000E+07,-1.12848022460938E+03,-2.69918820000000E+07,1.33550549091810E-12,3.56248448000000E+08,2.69918820000000E+07,6.67752745459049E-13,1.22666378166160E-28,-3.57522052211424E-17,-6.67752745459049E-13,-1.22666378166160E-28,3.57522052211424E-17,3.69507409632206E-02,1.09824533467417E-07,-1.79104597124100E-19
1,10,13,2.10814020000000E+07,-7.58096862792969E+02,-2.69943420000000E+07,1.38503856821071E-12,3.55659744000000E+08,2.69943420000000E+07,6.92519284105353E-13,1.27215256175933E-28,-2.49033112797583E-17,-6.92519284105353E-13,-1.27215256175933E-28,2.49033112797583E-17,3.74799631536007E-02,1.43042541367322E-07,-1.79104597124100E-19
1,10,14,2.10851160000000E+07,-4.96173706054688E+02,-2.69960320000000E+07,1.43174859988660E-12,3.55144384000000E+08,2.69960320000000E+07,7.15874299943298E-13,1.31505012348750E-28,-1.68459120233630E-17,-7.15874299943298E-13,-1.31505012348750E-28,1.68459120233630E-17,3.79410348832607E-02,1.60397618742536E-07,-1.79104597124100E-19
1,10,15,2.10882560000000E+07,-3.14658691406250E+02,-2.69971700000000E+07,1.47599597474790E-12,3.54693952000000E+08,2.69971700000000E+07,7.37997987373951E-13,1.35568700457283E-28,-1.10116963208244E-17,-7.37997987373951E-13,-1.35568700457283E-28,1.10116963208244E-17,3.83414663374424E-02,1.66506495702379E-07,-1.79104597124100E-19
1,10,16,2.10909680000000E+07,-1.90775894165039E+02,-2.69979020000000E+07,1.51829178569873E-12,3.54299008000000E+08,2.69979020000000E+07,7.59145892849367E-13,1.39453253006864E-28,-6.86676540885383E-18,-7.59145892849367E-13,-1.39453253006864E-28,6.86676540885383E-18,3.86899858713150E-02,1.65384108186117E-07,-1.79104597124100E-19
1,10,17,2.10933680000000E+07,-1.07180496215820E+02,-2.69983180000000E+07,1.55930596126147E-12,3.53949760000000E+08,2.69983180000000E+07,7.79652980630735E-13,1.43220167348028E-28,-3.96160494076195E-18,-7.79652980630735E-13,-1.43220167348028E-28,3.96160494076195E-18,3.89955490827560E-02,1.60208941224482E-07,-1.79104597124100E-19
1,10,18,2.10955440000000E+07,-5.10276069641113E+01,-2.69984740000000E+07,1.59988222756674E-12,3.53636736000000E+08,2.69984740000000E+07,7.99941113783370E-13,1.46946914012791E-28,-1.93496218878482E-18,-7.99941113783370E-13,-1.46946914012791E-28,1.93496218878482E-18,3.92668060958385E-02,1.53385471435286E-07,-1.79104597124100E-19
1,10,19,2.10975780000000E+07,-1.28132925033569E+01,-2.69984040000000E+07,1.64107204388142E-12,3.53350752000000E+08,2.69984040000000E+07,8.20536021940710E-13,1.50730042276675E-28,-4.98340026513823E-19,-8.20536021940710E-13,-1.50730042276675E-28,4.98340026513823E-19,3.95119450986385E-02,1.46716431004279E-07,-1.79104597124100E-19
1,10,20,2.10995480000000E+07,1.46705627441406E+01,-2.69981240000000E+07,1.68419575161116E-12,3.53082880000000E+08,2.69981240000000E+07,8.42097875805581E-13,1.54690837577929E-28,5.85512558765301E-19,-8.42097875805581E-13,-1.54690837577929E-28,-5.85512558765301E-19,3.97387705743313E-02,1.41596558478341E-07,-1.79104597124100E-19
1,10,21,2.11015320000000E+07,3.71914978027344E+01,-2.69976360000000E+07,1.73094481456526E-12,3.52824064000000E+08,2.69976360000000E+07,8.65472407282630E-13,1.58984602092443E-28,1.52539704676656E-18,-8.65472407282630E-13,-1.58984602092443E-28,-1.52539704676656E-18,3.99549417197704E-02,1.39197496196175E-07,-1.79104597124100E-19
1,10,22,2.11036220000000E+07,5.97679290771484E+01,-2.69969300000000E+07,1.78354390718144E-12,3.52564704000000E+08,2.69969300000000E+07,8.91771953590720E-13,1.63815689024379E-28,2.52560264696249E-18,-8.91771953590720E-13,-1.63815689024379E-28,-2.52560264696249E-18,4.01683524250984E-02,1.40639926371477E-07,-1.79104597124100E-19
1,10,23,2.11059220000000E+07,8.72465667724609E+01,-2.69959800000000E+07,1.84500765360029E-12,3.52294016000000E+08,2.69959800000000E+07,9.22503826800147E-13,1.69460974877367E-28,3.81339857682051E-18,-9.22503826800147E-13,-1.69460974877367E-28,-3.81339857682051E-18,4.03876453638077E-02,1.47160690744386E-07,-1.79104597124100E-19
1,10,24,2.11085680000000E+07,1.24808570861816E+02,-2.69947500000000E+07,1.91955002240563E-12,3.51999040000000E+08,2.69947500000000E+07,9.59775011202813E-13,1.76307463236669E-28,5.67485894393994E-18,-9.59775011202813E-13,-1.76307463236669E-28,-5.67485894393994E-18,4.06228862702847E-02,1.60287996209263E-07,-1.79104597124100E-19
1,10,25,2.11117260000000E+07,1.78428009033203E+02,-2.69931800000000E+07,2.01325262884355E-12,3.51663584000000E+08,2.69931800000000E+07,1.00662631442178E-12,1.84913733971468E-28,8.50760967557016E-18,-1.00662631442178E-12,-1.84913733971468E-28,-8.50760967557016E-18,4.08865101635456E-02,1.82043009999688E-07,-1.79104597124100E-19
1,10,26,2.11156240000000E+07,2.55276962280273E+02,-2.69911960000000E+07,2.13519826819386E-12,3.51266144000000E+08,2.69911960000000E+07,1.06759913409693E-12,1.96113991600114E-28,1.29067207820691E-17,-1.06759913409693E-12,-1.96113991600114E-28,-1.29067207820691E-17,4.11947034299374E-02,2.15193026065208E-07,-1.79104597124100E-19
1,10,27,2.11205700000000E+07,3.64027221679688E+02,-2.69887080000000E+07,2.29947874977321E-12,3.50777120000000E+08,2.69887080000000E+07,1.14973937488660E-12,2.11202485119360E-28,1.98165326700001E-17,-1.14973937488660E-12,-2.11202485119360E-28,-1.98165326700001E-17,4.15694452822208E-02,2.63594586158433E-07,-1.79104597124100E-19
1,10,28,2.11269900000000E+07,5.14932556152344E+02,-2.69856000000000E+07,2.52896076476106E-12,3.50154304000000E+08,2.69856000000000E+07,1.26448038238053E-12,2.32279380948248E-28,3.08194426783580E-17,-1.26448038238053E-12,-2.32279380948248E-28,-3.08194426783580E-17,4.20418009161949E-02,3.32692110305288E-07,-1.79104597124100E-19
1,10,29,2.11354960000000E+07,7.19492065429688E+02,-2.69817520000000E+07,2.86284017325666E-12,3.49334752000000E+08,2.69817520000000E+07,1.43142008662833E-12,2.62944615301764E-28,4.87282338123760E-17,-1.43142008662833E-12,-2.62944615301764E-28,-4.87282338123760E-17,4.26575206220150E-02,4.30303032317170E-07,-1.79104597124100E-19
1,10,30,2.11469680000000E+07,9.89448669433594E+02,-2.69770600000000E+07,3.37306267986226E-12,3.48220320000000E+08,2.69770600000000E+07,1.68653133993113E-12,3.09805933448481E-28,7.89113694588888E-17,-1.68653133993113E-12,-3.09805933448481E-28,-7.89113694588888E-17,4.34870868921280E-02,5.67991435218573E-07,-1.79104597124100E-19
1,10,31,2.11627160000000E+07,1.33512207031250E+03,-2.69714740000000E+07,4.20342536819329E-12,3.46649376000000E+08,2.69714740000000E+07,2.10171268409665E-12,3.86070231463164E-28,1.32593717000021E-16,-2.10171268409665E-12,-3.86070231463164E-28,-1.32593717000021E-16,4.46451380848885E-02,7.63812693094224E-07,-1.79104597124100E-19
1,10,32,2.11846500000000E+07,1.76473632812500E+03,-2.69650660000000E+07,5.67238747292698E-12,3.44338112000000E+08,2.69650660000000E+07,2.83619373646349E-12,5.20985861113367E-28,2.36262291172711E-16,-2.83619373646349E-12,-5.20985861113367E-28,-2.36262291172711E-16,4.63300459086895E-02,1.04865932826215E-06,-1.79104597124100E-19
1,10,33,2.12152380000000E+07,2.29425195312500E+03,-2.69580920000000E+07,8.56805078275347E-12,3.40754880000000E+08,2.69580920000000E+07,4.28402539137673E-12,7.86934349349393E-28,4.63281811764543E-16,-4.28402539137673E-12,-7.86934349349393E-28,-4.63281811764543E-16,4.89083305001259E-02,1.48299739066715E-06,-1.79104597124100E-19
1,10,34,2.12559860000000E+07,2.99678369140625E+03,-2.69510220000000E+07,1.49958101491876E-11,3.34863264000000E+08,2.69510220000000E+07,7.49790507459380E-12,1.37727814777099E-27,1.05709521234924E-15,-7.49790507459380E-12,-1.37727814777099E-27,-1.05709521234924E-15,5.30917830765247E-02,2.20443052967312E-06,-1.79104597124100E-19
1,10,35,2.13016360000000E+07,4.07084985351562E+03,-2.69444020000000E+07,3.02322195055993E-11,3.24733536000000E+08,2.69444020000000E+07,1.51161097527996E-11,2.77660742303324E-27,2.88876478551285E-15,-1.51161097527996E-11,-2.77660742303324E-27,-2.88876478551285E-15,6.02550655603409E-02,3.55456154466083E-06,-1.79104597124100E-19
1,10,36,2.13339040000000E+07,5.71701562500000E+03,-2.69383400000000E+07,6.40387951000854E-11,3.07490176000000E+08,2.69383400000000E+07,3.20193975500427E-11,5.88134246403954E-27,8.58049203656406E-15,-3.20193975500427E-11,-5.88134246403954E-27,-8.58049203656406E-15,7.27867782115936E-02,6.34282969258493E-06,-1.79104597124100E-19
1,10,37,2.13286240000000E+07,7.98256689453125E+03,-2.69312480000000E+07,1.30694469135939E-10,2.79531456000000E+08,2.69312480000000E+07,6.53472276290756E-11,1.20025933990195E-26,2.44572089902299E-14,-6.53472276290756E-11,-1.20025933990195E-26,-2.44572089902299E-14,9.49719324707985E-02,1.24672869787901E-05,-1.79104597124100E-19
1,10,38,1.72540540000000E+07,9.29435742187500E+03,-2.69170700000000E+07,2.58983862133633E-10,2.36141376000000E+08,2.69170700000000E+07,1.29491917189029E-10,2.37830068974227E-26,6.97542745136184E-14,-1.29491917189029E-10,-2.37830068974227E-26,-6.97542745136184E-14,1.36262461543083E-01,2.77734070550650E-05,-1.79104597124100E-19
1,10,39,1.35412160000000E+07,9.82269628906250E+03,-2.68814480000000E+07,3.80400821953231E-10,2.06546896000000E+08,2.68814480000000E+07,1.90200355465464E-10,3.49307916980655E-26,1.37969903514154E-13,-1.90200355465464E-10,-3.49307916980655E-26,-1.37969903514154E-13,1.68966025114059E-01,4.70217382826377E-05,-1.79104597124100E-19
1,10,40,1.36054200000000E+07,1.31838828125000E+04,-2.67716980000000E+07,4.46542636201031E-10,1.93345328000000E+08,2.67716980000000E+07,2.23271207078213E-10,4.10010085710072E-26,2.16353600616601E-13,-2.23271207078213E-10,-4.10010085710072E-26,-2.16353600616601E-13,1.85182258486748E-01,6.69210203341208E-05,-1.79104597124100E-19
1,10,41,1.34756030000000E+07,2.25740429687500E+04,-2.64545200000000E+07,4.65034372121309E-10,1.90186576000000E+08,2.64545200000000E+07,2.32516866871535E-10,4.26888042111187E-26,3.89507301195788E-13,-2.32516866871535E-10,-4.26888042111187E-26,-3.89507301195788E-13,1.89195126295090E-01,1.10201188363135E-04,-1.79104597124100E-19
1,11,1,2.09889540000000E+07,2.01419575462936E-10,-2.69301100000000E+07,5.32507902790275E-13,3.83106592000000E+08,2.69301100000000E+07,2.66253951395137E-13,4.89100592269799E-29,2.55509458179480E-30,-2.66253951395137E-13,-4.89100592269799E-29,-2.55509458179480E-30,1.19408685714006E-02,3.85875167488527E-20,-1.79104597124100E-19
1,11,2,2.09913540000000E+07,-1.52456991475702E-10,-2.69603380000000E+07,5.09570846889823E-13,3.75499968000000E+08,2.69603380000000E+07,2.54785423444912E-13,4.68033235812667E-29,-1.85046753288366E-30,-2.54785423444912E-13,-4.68033235812667E-29,1.85046753288366E-30,1.93377174437046E-02,-1.46005395466761E-21,-1.79104597124100E-19
1,11,3,2.10016760000000E+07,-1.94349106252822E-10,-2.69562740000000E+07,6.37959574490560E-13,3.70586784000000E+08,2.69562740000000E+07,3.18979787245280E-13,5.85956361489417E-29,-2.95183295299394E-30,-3.18979787245280E-13,-5.85956361489417E-29,2.95183295299394E-30,2.38479953259230E-02,-3.95920242052218E-20,-1.79104597124100E-19
1,11,4,2.10092900000000E+07,1.84183474027932E-10,-2.69535240000000E+07,7.50597012929427E-13,3.67072896000000E+08,2.69535240000000E+07,3.75298506464714E-13,6.89412202350485E-29,3.29015339269732E-30,-3.75298506464714E-13,-6.89412202350485E-29,-3.29015339269732E-30,2.70979255437851E-02,1.36219390397410E-21,-1.79104597124100E-19
1,11,5,2.10159220000000E+07,7.61056911935398E-11,-2.69530600000000E+07,8.46306802849278E-13,3.64408800000000E+08,2.69530600000000E+07,4.23153401424639E-13,7.77320191326447E-29,1.53238017214437E-30,-4.23153401424639E-13,-7.77320191326447E-29,-1.53238017214437E-30,2.95584686100483E-02,1.56420338509918E-20,-1.79104597124100E-19
1,11,6,2.10234680000000E+07,-1.38077854705543E-10,-2.69557200000000E+07,9.28551072837402E-13,3.62393664000000E+08,2.69557200000000E+07,4.64275536418701E-13,8.52860339682040E-29,-3.04926714066580E-30,-4.64275536418701E-13,-8.52860339682040E-29,3.04926714066580E-30,3.14153432846069E-02,5.11714283323190E-20,-1.79104597124100E-19
1,11,7,2.10325660000000E+07,-4.86566287261070E-10,-2.69614940000000E+07,1.00039616347802E-12,3.60870848000000E+08,2.69614940000000E+07,5.00198081739012E-13,9.18849019034376E-29,-1.15715566093816E-29,-5.00198081739012E-13,-9.18849019034376E-29,1.15715566093816E-29,3.28069627285004E-02,-1.68105925485803E-19,-1.79104597124100E-19
1,11,8,2.10426000000000E+07,-3.93930499331674E-10,-2.69691720000000E+07,1.06480666298148E-12,3.59688320000000E+08,2.69691720000000E+07,5.32403331490738E-13,9.78009073027645E-29,-9.96691992796676E-30,-5.32403331490738E-13,-9.78009073027645E-29,9.96691992796676E-30,3.38778160512447E-02,-1.52178007029120E-19,-1.79104597124100E-19
1,11,9,2.10523180000000E+07,4.19839135679112E-10,-2.69769760000000E+07,1.12401028155157E-12,3.58718624000000E+08,2.69769760000000E+07,5.62005140775784E-13,1.03238668185714E-28,1.12078763366722E-29,-5.62005140775784E-13,-1.03238668185714E-28,-1.12078763366722E-29,3.47514115273952E-02,1.09985281741592E-19,-1.79104597124100E-19
1,11,10,2.10607440000000E+07,6.49616992143276E-12,-2.69835780000000E+07,1.17940715787385E-12,3.57879904000000E+08,2.69835780000000E+07,5.89703578936923E-13,1.08326794542852E-28,1.81893609592709E-31,-5.89703578936923E-13,-1.08326794542852E-28,-1.81893609592709E-31,3.55075374245644E-02,1.07605203622703E-20,-1.79104597124100E-19
1,11,11,2.10675760000000E+07,-6.43121667032176E-10,-2.69885260000000E+07,1.23161127563859E-12,3.57136512000000E+08,2.69885260000000E+07,6.15805637819294E-13,1.13121661954772E-28,-1.87984575101014E-29,-6.15805637819294E-13,-1.13121661954772E-28,1.87984575101014E-29,3.61789353191853E-02,-2.24097393408605E-19,-1.79104597124100E-19
1,11,12,2.10730200000000E+07,-2.66651672964358E-10,-2.69920160000000E+07,1.28087785603720E-12,3.56476480000000E+08,2.69920160000000E+07,6.40438928018600E-13,1.17646718618545E-28,-8.10392200146153E-30,-6.40438928018600E-13,-1.17646718618545E-28,8.10392200146153E-30,3.67750599980354E-02,-1.60102448996167E-19,-1.79104597124100E-19
1,11,13,2.10774140000000E+07,-4.76488293266186E-10,-2.69944260000000E+07,1.32735630212905E-12,3.55895040000000E+08,2.69944260000000E+07,6.63678151064523E-13,1.21915698822087E-28,-1.50034953094887E-29,-6.63678151064523E-13,-1.21915698822087E-28,1.50034953094887E-29,3.72987724840641E-02,-2.13366198376196E-19,-1.79104597124100E-19
1,11,14,2.10810500000000E+07,-1.59596585946886E-10,-2.69960820000000E+07,1.37126486381145E-12,3.55385952000000E+08,2.69960820000000E+07,6.85632431905725E-13,1.25948632236820E-28,-5.19066143797684E-30,-6.85632431905725E-13,-1.25948632236820E-28,5.19066143797684E-30,3.77551242709160E-02,-1.91540314130948E-19,-1.79104597124100E-19
1,11,15,2.10841300000000E+07,2.82295409270716E-10,-2.69972000000000E+07,1.41293682483223E-12,3.54940896000000E+08,2.69972000000000E+07,7.06468412416117E-13,1.29776141148860E-28,9.45890549993687E-30,-7.06468412416117E-13,-1.29776141148860E-28,-9.45890549993687E-30,3.81515249609947E-02,-3.81563488545594E-20,-1.79104597124100E-19
1,11,16,2.10868000000000E+07,-3.48664513927233E-10,-2.69979180000000E+07,1.45284251209382E-12,3.54550560000000E+08,2.69979180000000E+07,7.26421256046911E-13,1.33441414537210E-28,-1.20111779548942E-29,-7.26421256046911E-13,-1.33441414537210E-28,1.20111779548942E-29,3.84965874254704E-02,-9.89133464579475E-20,-1.79104597124100E-19
1,11,17,2.10891680000000E+07,-1.99479668894220E-10,-2.69983240000000E+07,1.49160122187714E-12,3.54205376000000E+08,2.69983240000000E+07,7.45800610938568E-13,1.37001351594664E-28,-7.05443011261801E-30,-7.45800610938568E-13,-1.37001351594664E-28,7.05443011261801E-30,3.87991592288017E-02,-1.59418629123527E-19,-1.79104597124100E-19
1,11,18,2.10913180000000E+07,-3.18313625458089E-10,-2.69984740000000E+07,1.52999954285832E-12,3.53896000000000E+08,2.69984740000000E+07,7.64999771429159E-13,1.40528174694137E-28,-1.15455016360363E-29,-7.64999771429159E-13,-1.40528174694137E-28,1.15455016360363E-29,3.90677712857723E-02,-2.77187887224396E-19,-1.79104597124100E-19
1,11,19,2.10933320000000E+07,-1.45754089353467E-10,-2.69983980000000E+07,1.56902474953563E-12,3.53613344000000E+08,2.69983980000000E+07,7.84512374767815E-13,1.44112595136009E-28,-5.42094962102044E-30,-7.84512374767815E-13,-1.44112595136009E-28,5.42094962102044E-30,3.93105112016201E-02,-1.12485068404754E-20,-1.79104597124100E-19
1,11,20,2.10952840000000E+07,-2.25862092917417E-10,-2.69981160000000E+07,1.60992334914678E-12,3.53348640000000E+08,2.69981160000000E+07,8.04961674573390E-13,1.47869061307225E-28,-8.61852973028542E-30,-8.04961674573390E-13,-1.47869061307225E-28,8.61852973028542E-30,3.95350903272629E-02,2.24247985516530E-20,-1.79104597124100E-19
1,11,21,2.10972540000000E+07,-3.42353839721810E-10,-2.69976260000000E+07,1.65429855144422E-12,3.53092928000000E+08,2.69976260000000E+07,8.27149275722111E-13,1.51944858700283E-28,-1.34224918949773E-29,-8.27149275722111E-13,-1.51944858700283E-28,1.34224918949773E-29,3.97490859031677E-02,-2.49018148066326E-19,-1.79104597124100E-19
1,11,22,2.10993320000000E+07,7.31033081291521E-11,-2.69969180000000E+07,1.70426476750474E-12,3.52836736000000E+08,2.69969180000000E+07,8.52132383752369E-13,1.56534181238888E-28,2.95240151610154E-30,-8.52132383752369E-13,-1.56534181238888E-28,-2.95240151610154E-30,3.99603173136711E-02,1.08053853785372E-19,-1.79104597124100E-19
1,11,23,2.11016200000000E+07,-5.09739299381362E-11,-2.69959660000000E+07,1.76269285626085E-12,3.52569408000000E+08,2.69959660000000E+07,8.81346428130425E-13,1.61900712806550E-28,-2.12901624775733E-30,-8.81346428130425E-13,-1.61900712806550E-28,2.12901624775733E-30,4.01773415505886E-02,1.00291435820809E-19,-1.79104597124100E-19
1,11,24,2.11042540000000E+07,2.63862265370562E-10,-2.69947320000000E+07,1.83360054570314E-12,3.52278144000000E+08,2.69947320000000E+07,9.16800272851570E-13,1.68413473617677E-28,1.14625715440208E-29,-9.16800272851570E-13,-1.68413473617677E-28,-1.14625715440208E-29,4.04101349413395E-02,-1.36170330266812E-19,-1.79104597124100E-19
1,11,25,2.11074000000000E+07,1.14290105157622E-10,-2.69931560000000E+07,1.92279091953962E-12,3.51946880000000E+08,2.69931560000000E+07,9.61395459769809E-13,1.76605488858501E-28,5.20566187436791E-30,-9.61395459769809E-13,-1.76605488858501E-28,-5.20566187436791E-30,4.06710356473923E-02,-6.67423149571084E-20,-1.79104597124100E-19
1,11,26,2.11112900000000E+07,-3.32444766160123E-10,-2.69911680000000E+07,2.03893520990539E-12,3.51554336000000E+08,2.69911680000000E+07,1.01946760495270E-12,1.87273154635151E-28,-1.60538117370896E-29,-1.01946760495270E-12,-1.87273154635151E-28,1.60538117370896E-29,4.09760847687721E-02,-7.47839774642414E-21,-1.79104597124100E-19
1,11,27,2.11162260000000E+07,-5.62650689928113E-11,-2.69886680000000E+07,2.19548966680361E-12,3.51071360000000E+08,2.69886680000000E+07,1.09774483340180E-12,2.01652460563562E-28,-2.92498710704941E-30,-1.09774483340180E-12,-2.01652460563562E-28,2.92498710704941E-30,4.13470715284348E-02,-7.42860938992540E-21,-1.79104597124100E-19
1,11,28,2.11226420000000E+07,1.61685664856748E-10,-2.69855460000000E+07,2.41429380827551E-12,3.50456096000000E+08,2.69855460000000E+07,1.20714690413776E-12,2.21749286754937E-28,9.24024323814154E-30,-1.20714690413776E-12,-2.21749286754937E-28,-9.24024323814154E-30,4.18147817254066E-02,-8.70424322507593E-20,-1.79104597124100E-19
1,11,29,2.11311460000000E+07,2.59356459919591E-11,-2.69816780000000E+07,2.73278990582659E-12,3.49646400000000E+08,2.69816780000000E+07,1.36639495291330E-12,2.51002670014473E-28,1.67706650557239E-30,-1.36639495291330E-12,-2.51002670014473E-28,-1.67706650557239E-30,4.24245111644268E-02,-5.58494772007788E-20,-1.79104597124100E-19
1,11,30,2.11426240000000E+07,-3.34210020769277E-11,-2.69769560000000E+07,3.21972765289502E-12,3.48545472000000E+08,2.69769560000000E+07,1.60986382644751E-12,2.95727192962016E-28,-2.54477693873921E-30,-1.60986382644751E-12,-2.95727192962016E-28,2.54477693873921E-30,4.32460010051727E-02,-5.66416771207087E-20,-1.79104597124100E-19
1,11,31,2.11583980000000E+07,-4.44839803881436E-10,-2.69713280000000E+07,4.01264481711405E-12,3.46993728000000E+08,2.69713280000000E+07,2.00632240855703E-12,3.68555463437042E-28,-4.21814618543985E-29,-2.00632240855703E-12,-3.68555463437042E-28,4.21814618543985E-29,4.43925969302654E-02,-2.38091273120259E-19,-1.79104597124100E-19
1,11,32,2.11804000000000E+07,-3.07439351754368E-10,-2.69648660000000E+07,5.41681196425392E-12,3.44711072000000E+08,2.69648660000000E+07,2.70840598212696E-12,4.97526108460787E-28,-3.93132616569232E-29,-2.70840598212696E-12,-4.97526108460787E-28,3.93132616569232E-29,4.60604578256607E-02,-1.73325357602830E-19,-1.79104597124100E-19
1,11,33,2.12111760000000E+07,1.40322045649732E-10,-2.69578260000000E+07,8.19157328774134E-12,3.41171680000000E+08,2.69578260000000E+07,4.09578664387067E-12,7.52383840222566E-28,2.70955803776404E-29,-4.09578664387067E-12,-7.52383840222566E-28,-2.70955803776404E-29,4.86124567687511E-02,6.12328849495475E-21,-1.79104597124100E-19
1,11,34,2.12524180000000E+07,3.52469109454745E-10,-2.69506800000000E+07,1.43876291089362E-11,3.35345152000000E+08,2.69506800000000E+07,7.19381455446810E-12,1.32148232024164E-27,1.19308651715805E-28,-7.19381455446810E-12,-1.32148232024164E-27,-1.19308651715805E-28,5.27560040354729E-02,-2.18978101844485E-19,-1.79104597124100E-19
1,11,35,2.12990880000000E+07,6.49141684849752E-10,-2.69439760000000E+07,2.92383409150609E-11,3.25293728000000E+08,2.69439760000000E+07,1.46191704575305E-11,2.68549822552610E-27,4.45554937059746E-28,-1.46191704575305E-11,-2.68549822552610E-27,-4.45554937059746E-28,5.98670244216919E-02,2.41727197201524E-19,-1.79104597124100E-19
1,11,36,2.13326600000000E+07,-1.74872144542704E-10,-2.69378300000000E+07,6.26158291883172E-11,3.08094336000000E+08,2.69378300000000E+07,3.13079145941586E-11,5.75117039984236E-27,-2.56643213264972E-28,-3.13079145941586E-11,-5.75117039984236E-27,2.56643213264972E-28,7.23549351096153E-02,2.06684711601784E-19,-1.79104597124100E-19
1,11,37,2.13283420000000E+07,-4.42093944785782E-10,-2.69306620000000E+07,1.29020488737197E-10,2.80077728000000E+08,2.69306620000000E+07,6.45102443685985E-11,1.18503393924520E-26,-1.33716853815619E-27,-6.45102443685985E-11,-1.18503393924520E-26,1.33716853815619E-27,9.45437774062157E-02,-4.49657397236569E-19,-1.79104597124100E-19
1,11,38,1.72512020000000E+07,-1.30010169296924E-09,-2.69164440000000E+07,2.57395160740970E-10,2.36492288000000E+08,2.69164440000000E+07,1.28697580370485E-10,2.36413632241048E-26,-9.69903173336872E-27,-1.28697580370485E-10,-2.36413632241048E-26,9.69903173336872E-27,1.35936841368675E-01,-3.51221963424812E-18,-1.79104597124100E-19
1,11,39,1.35377000000000E+07,1.88535992373673E-10,-2.68808620000000E+07,3.78936271250296E-10,2.06786080000000E+08,2.68808620000000E+07,1.89468135625148E-10,3.48047311091136E-26,2.63867289819521E-27,-1.89468135625148E-10,-3.48047311091136E-26,-2.63867289819521E-27,1.68712735176086E-01,8.27327954099639E-19,-1.79104597124100E-19
1,11,40,1.36026800000000E+07,-2.72027012027110E-10,-2.67713880000000E+07,4.45122355641203E-10,1.93546512000000E+08,2.67713880000000E+07,2.22561177820602E-10,4.08838257487269E-26,-4.45078866436793E-27,-2.22561177820602E-10,-4.08838257487269E-26,4.45078866436793E-27,1.84954375028610E-01,-2.74311599288790E-18,-1.79104597124100E-19
1,11,41,1.34733880000000E+07,-9.65473812009066E-10,-2.64549220000000E+07,4.63611482537374E-10,1.90383136000000E+08,2.64549220000000E+07,2.31805741268687E-10,4.25820214105381E-26,-1.66106974138489E-26,-2.31805741268687E-10,-4.25820214105381E-26,1.66106974138489E-26,1.88967421650887E-01,-6.99175322659120E-18,-1.79104597124100E-19
1,12,1,2.09900380000000E+07,1.43651748046875E+04,-2.69286580000000E+07,5.43893760324848E-13,3.83074464000000E+08,2.69286580000000E+07,2.71946825952316E-13,4.99444250425961E-29,1.86115121663729E-16,-2.71946825952316E-13,-4.99444250425961E-29,-1.86115121663729E-16,1.19622619822621E-02,4.09910256848889E-07,-1.79104597124100E-19
1,12,2,2.09926120000000E+07,7.67860156250000E+03,-2.69595100000000E+07,5.19085913575773E-13,3.75455264000000E+08,2.69595100000000E+07,2.59542956787887E-13,4.76714515500269E-29,9.49346784872086E-17,-2.59542956787887E-13,-4.76714515500269E-29,-9.49346784872086E-17,1.93697661161423E-02,3.05133454503448E-07,-1.79104597124100E-19
1,12,3,2.10032220000000E+07,7.89968115234375E+03,-2.69553640000000E+07,6.52344335234228E-13,3.70516672000000E+08,2.69553640000000E+07,3.26172140512060E-13,5.99093370381326E-29,1.22679077238401E-16,-3.26172140512060E-13,-5.99093370381326E-29,-1.22679077238401E-16,2.38997656852007E-02,4.01835706043130E-07,-1.79104597124100E-19
1,12,4,2.10111560000000E+07,7.66987548828125E+03,-2.69525680000000E+07,7.70525082540580E-13,3.66974624000000E+08,2.69525680000000E+07,3.85262514165235E-13,7.07629694065065E-29,1.40635553680371E-16,-3.85262514165235E-13,-7.07629694065065E-29,-1.40635553680371E-16,2.71718725562096E-02,4.50988494549165E-07,-1.79104597124100E-19
1,12,5,2.10181020000000E+07,7.08196826171875E+03,-2.69521080000000E+07,8.71785174431927E-13,3.64283264000000E+08,2.69521080000000E+07,4.35892560110909E-13,8.00631707558620E-29,1.46872310210564E-16,-4.35892560110909E-13,-8.00631707558620E-29,-1.46872310210564E-16,2.96541545540094E-02,4.52562886721353E-07,-1.79104597124100E-19
1,12,6,2.10259540000000E+07,6.22350097656250E+03,-2.69548320000000E+07,9.59274218219341E-13,3.62244064000000E+08,2.69548320000000E+07,4.79637109109671E-13,8.80992097453150E-29,1.41968452667105E-16,-4.79637109109671E-13,-8.80992097453150E-29,-1.41968452667105E-16,3.15302759408951E-02,4.09395369160848E-07,-1.79104597124100E-19
1,12,7,2.10353520000000E+07,5.20412792968750E+03,-2.69607280000000E+07,1.03591603611147E-12,3.60701280000000E+08,2.69607280000000E+07,5.17957963845628E-13,9.51394887867401E-29,1.28142360338852E-16,-5.17957963845628E-13,-9.51394887867401E-29,-1.28142360338852E-16,3.29377129673958E-02,3.28718925857174E-07,-1.79104597124100E-19
1,12,8,2.10456740000000E+07,4.14530126953125E+03,-2.69685620000000E+07,1.10470270084373E-12,3.59502624000000E+08,2.69685620000000E+07,5.52351350421865E-13,1.01458639471676E-28,1.08794936683482E-16,-5.52351350421865E-13,-1.01458639471676E-28,-1.08794936683482E-16,3.40211503207684E-02,2.24921635094688E-07,-1.79104597124100E-19
1,12,9,2.10556520000000E+07,3.15677954101562E+03,-2.69765240000000E+07,1.16795787451218E-12,3.58519744000000E+08,2.69765240000000E+07,5.83978937256091E-13,1.07269832152310E-28,8.75533355998141E-17,-5.83978937256091E-13,-1.07269832152310E-28,-8.75533355998141E-17,3.49048934876919E-02,1.16588317666810E-07,-1.79104597124100E-19
1,12,10,2.10643040000000E+07,2.31161425781250E+03,-2.69832620000000E+07,1.22715477102880E-12,3.57669888000000E+08,2.69832620000000E+07,6.13577385514402E-13,1.12708212943960E-28,6.73344937127315E-17,-6.13577385514402E-13,-1.12708212943960E-28,-6.73344937127315E-17,3.56695204973221E-02,1.98094536330018E-08,-1.79104597124100E-19
1,12,11,2.10713180000000E+07,1.63782983398438E+03,-2.69883160000000E+07,1.28292342027603E-12,3.56916832000000E+08,2.69883160000000E+07,6.41461710138014E-13,1.17831559744957E-28,4.98594860181036E-17,-6.41461710138014E-13,-1.17831559744957E-28,-4.98594860181036E-17,3.63482423126698E-02,-5.63568001155090E-08,-1.79104597124100E-19
1,12,12,2.10769040000000E+07,1.12848022460938E+03,-2.69918820000000E+07,1.33550549091810E-12,3.56248448000000E+08,2.69918820000000E+07,6.67752745459049E-13,1.22661996675537E-28,3.57522052211424E-17,-6.67752745459049E-13,-1.22661996675537E-28,-3.57522052211424E-17,3.69507409632206E-02,-1.09824533467417E-07,-1.79104597124100E-19
1,12,13,2.10814020000000E+07,7.58096862792969E+02,-2.69943420000000E+07,1.38503856821071E-12,3.55659744000000E+08,2.69943420000000E+07,6.92519284105353E-13,1.27212210799208E-28,2.49033112797583E-17,-6.92519284105353E-13,-1.27212210799208E-28,-2.49033112797583E-17,3.74799631536007E-02,-1.43042541367322E-07,-1.79104597124100E-19
1,12,14,2.10851160000000E+07,4.96173706054688E+02,-2.69960320000000E+07,1.43174859988660E-12,3.55144384000000E+08,2.69960320000000E+07,7.15874299943298E-13,1.31502941974060E-28,1.68459120233630E-17,-7.15874299943298E-13,-1.31502941974060E-28,-1.68459120233630E-17,3.79410348832607E-02,-1.60397618742536E-07,-1.79104597124100E-19
1,12,15,2.10882560000000E+07,3.14658691406250E+02,-2.69971700000000E+07,1.47599597474790E-12,3.54693952000000E+08,2.69971700000000E+07,7.37997987373951E-13,1.35567352306322E-28,1.10116963208244E-17,-7.37997987373951E-13,-1.35567352306322E-28,-1.10116963208244E-17,3.83414663374424E-02,-1.66506495702379E-07,-1.79104597124100E-19
1,12,16,2.10909680000000E+07,1.90775894165039E+02,-2.69979020000000E+07,1.51829178569873E-12,3.54299008000000E+08,2.69979020000000E+07,7.59145892849367E-13,1.39452422449575E-28,6.86676540885383E-18,-7.59145892849367E-13,-1.39452422449575E-28,-6.86676540885383E-18,3.86899858713150E-02,-1.65384108186117E-07,-1.79104597124100E-19
1,12,17,2.10933680000000E+07,1.07180496215820E+02,-2.69983180000000E+07,1.55930596126147E-12,3.53949760000000E+08,2.69983180000000E+07,7.79652980630735E-13,1.43219685865542E-28,3.96160494076195E-18,-7.79652980630735E-13,-1.43219685865542E-28,-3.96160494076195E-18,3.89955490827560E-02,-1.60208941224482E-07,-1.79104597124100E-19
1,12,18,2.10955440000000E+07,5.10276069641113E+01,-2.69984740000000E+07,1.59988222756674E-12,3.53636736000000E+08,2.69984740000000E+07,7.99941113783370E-13,1.46946673271548E-28,1.93496218878482E-18,-7.99941113783370E-13,-1.46946673271548E-28,-1.93496218878482E-18,3.92668060958385E-02,-1.53385471435286E-07,-1.79104597124100E-19
1,12,19,2.10975780000000E+07,1.28132925033569E+01,-2.69984040000000E+07,1.64107204388142E-12,3.53350752000000E+08,2.69984040000000E+07,8.20536021940710E-13,1.50729982091364E-28,4.98340026513823E-19,-8.20536021940710E-13,-1.50729982091364E-28,-4.98340026513823E-19,3.95119450986385E-02,-1.46716431004279E-07,-1.79104597124100E-19
1,12,20,2.10995480000000E+07,-1.46705627441406E+01,-2.69981240000000E+07,1.68419575161116E-12,3.53082880000000E+08,2.69981240000000E+07,8.42097875805581E-13,1.54690909800302E-28,-5.85512558765301E-19,-8.42097875805581E-13,-1.54690909800302E-28,5.85512558765301E-19,3.97387705743313E-02,-1.41596558478341E-07,-1.79104597124100E-19
1,12,21,2.11015320000000E+07,-3.71914978027344E+01,-2.69976360000000E+07,1.73094481456526E-12,3.52824064000000E+08,2.69976360000000E+07,8.65472407282630E-13,1.58984794685437E-28,-1.52539704676656E-18,-8.65472407282630E-13,-1.58984794685437E-28,1.52539704676656E-18,3.99549417197704E-02,-1.39197496196175E-07,-1.79104597124100E-19
1,12,22,2.11036220000000E+07,-5.97679290771484E+01,-2.69969300000000E+07,1.78354390718144E-12,3.52564704000000E+08,2.69969300000000E+07,8.91771953590720E-13,1.63816001987995E-28,-2.52560264696249E-18,-8.91771953590720E-13,-1.63816001987995E-28,2.52560264696249E-18,4.01683524250984E-02,-1.40639926371477E-07,-1.79104597124100E-19
1,12,23,2.11059220000000E+07,-8.72465667724609E+01,-2.69959800000000E+07,1.84500765360029E-12,3.52294016000000E+08,2.69959800000000E+07,9.22503826800147E-13,1.69461444322791E-28,-3.81339857682051E-18,-9.22503826800147E-13,-1.69461444322791E-28,3.81339857682051E-18,4.03876453638077E-02,-1.47160690744386E-07,-1.79104597124100E-19
1,12,24,2.11085680000000E+07,-1.24808570861816E+02,-2.69947500000000E+07,1.91955002240563E-12,3.51999040000000E+08,2.69947500000000E+07,9.59775011202813E-13,1.76308161386274E-28,-5.67485894393994E-18,-9.59775011202813E-13,-1.76308161386274E-28,5.67485894393994E-18,4.06228862702847E-02,-1.60287996209263E-07,-1.79104597124100E-19
1,12,25,2.11117260000000E+07,-1.78428009033203E+02,-2.69931800000000E+07,2.01325262884355E-12,3.51663584000000E+08,2.69931800000000E+07,1.00662631442178E-12,1.84914769158813E-28,-8.50760967557016E-18,-1.00662631442178E-12,-1.84914769158813E-28,8.50760967557016E-18,4.08865101635456E-02,-1.82043009999688E-07,-1.79104597124100E-19
1,12,26,2.11156240000000E+07,-2.55276962280273E+02,-2.69911960000000E+07,2.13519826819386E-12,3.51266144000000E+08,2.69911960000000E+07,1.06759913409693E-12,1.96115568455256E-28,-1.29067207820691E-17,-1.06759913409693E-12,-1.96115568455256E-28,1.29067207820691E-17,4.11947034299374E-02,-2.15193026065208E-07,-1.79104597124100E-19
1,12,27,2.11205700000000E+07,-3.64027221679688E+02,-2.69887080000000E+07,2.29947874977321E-12,3.50777120000000E+08,2.69887080000000E+07,1.14973937488660E-12,2.11204916605914E-28,-1.98165326700001E-17,-1.14973937488660E-12,-2.11204916605914E-28,1.98165326700001E-17,4.15694452822208E-02,-2.63594586158433E-07,-1.79104597124100E-19
1,12,28,2.11269900000000E+07,-5.14932556152344E+02,-2.69856000000000E+07,2.52896076476106E-12,3.50154304000000E+08,2.69856000000000E+07,1.26448038238053E-12,2.32283160585763E-28,-3.08194426783580E-17,-1.26448038238053E-12,-2.32283160585763E-28,3.08194426783580E-17,4.20418009161949E-02,-3.32692110305288E-07,-1.79104597124100E-19
1,12,29,2.11354960000000E+07,-7.19492065429688E+02,-2.69817520000000E+07,2.86284017325666E-12,3.49334752000000E+08,2.69817520000000E+07,1.43142008662833E-12,2.62950585684592E-28,-4.87282338123760E-17,-1.43142008662833E-12,-2.62950585684592E-28,4.87282338123760E-17,4.26575206220150E-02,-4.30303032317170E-07,-1.79104597124100E-19
1,12,30,2.11469680000000E+07,-9.89448669433594E+02,-2.69770600000000E+07,3.37306267986226E-12,3.48220320000000E+08,2.69770600000000E+07,1.68653133993113E-12,3.09815611246452E-28,-7.89113694588888E-17,-1.68653133993113E-12,-3.09815611246452E-28,7.89113694588888E-17,4.34870868921280E-02,-5.67991435218573E-07,-1.79104597124100E-19
1,12,31,2.11627160000000E+07,-1.33512207031250E+03,-2.69714740000000E+07,4.20342536819329E-12,3.46649376000000E+08,2.69714740000000E+07,2.10171268409665E-12,3.86086481497070E-28,-1.32593717000021E-16,-2.10171268409665E-12,-3.86086481497070E-28,1.32593717000021E-16,4.46451380848885E-02,-7.63812693094224E-07,-1.79104597124100E-19
1,12,32,2.11846500000000E+07,-1.76473632812500E+03,-2.69650660000000E+07,5.67238747292698E-12,3.44338112000000E+08,2.69650660000000E+07,2.83619373646349E-12,5.21014798210782E-28,-2.36262291172711E-16,-2.83619373646349E-12,-5.21014798210782E-28,2.36262291172711E-16,4.63300459086895E-02,-1.04865932826215E-06,-1.79104597124100E-19
1,12,33,2.12152380000000E+07,-2.29425195312500E+03,-2.69580920000000E+07,8.56805078275347E-12,3.40754880000000E+08,2.69580920000000E+07,4.28402539137673E-12,7.86991067986255E-28,-4.63281811764543E-16,-4.28402539137673E-12,-7.86991067986255E-28,4.63281811764543E-16,4.89083305001259E-02,-1.48299739066715E-06,-1.79104597124100E-19
1,12,34,2.12559860000000E+07,-2.99678369140625E+03,-2.69510220000000E+07,1.49958101491876E-11,3.34863264000000E+08,2.69510220000000E+07,7.49790507459380E-12,1.37740757026326E-27,-1.05709521234924E-15,-7.49790507459380E-12,-1.37740757026326E-27,1.05709521234924E-15,5.30917830765247E-02,-2.20443052967312E-06,-1.79104597124100E-19
1,12,35,2.13016360000000E+07,-4.07084985351562E+03,-2.69444020000000E+07,3.02322195055993E-11,3.24733536000000E+08,2.69444020000000E+07,1.51161097527996E-11,2.77696121636403E-27,-2.88876478551285E-15,-1.51161097527996E-11,-2.77696121636403E-27,2.88876478551285E-15,6.02550655603409E-02,-3.55456154466083E-06,-1.79104597124100E-19
1,12,36,2.13339040000000E+07,-5.71701562500000E+03,-2.69383400000000E+07,6.40387951000854E-11,3.07490176000000E+08,2.69383400000000E+07,3.20193975500427E-11,5.88239325141720E-27,-8.58049203656406E-15,-3.20193975500427E-11,-5.88239325141720E-27,8.58049203656406E-15,7.27867782115936E-02,-6.34282969258493E-06,-1.79104597124100E-19
1,12,37,2.13286240000000E+07,-7.98256689453125E+03,-2.69312480000000E+07,1.30694469135939E-10,2.79531456000000E+08,2.69312480000000E+07,6.53472276290756E-11,1.20055886052690E-26,-2.44572089902299E-14,-6.53472276290756E-11,-1.20055886052690E-26,2.44572089902299E-14,9.49719324707985E-02,-1.24672869787901E-05,-1.79104597124100E-19
1,12,38,1.72540540000000E+07,-9.29435742187500E+03,-2.69170700000000E+07,2.58983862133633E-10,2.36141376000000E+08,2.69170700000000E+07,1.29491917189029E-10,2.37915487819120E-26,-6.97542745136184E-14,-1.29491917189029E-10,-2.37915487819120E-26,6.97542745136184E-14,1.36262461543083E-01,-2.77734070550650E-05,-1.79104597124100E-19
1,12,39,1.35412160000000E+07,-9.82269628906250E+03,-2.68814480000000E+07,3.80400821953231E-10,2.06546896000000E+08,2.68814480000000E+07,1.90200355465464E-10,3.49476874962816E-26,-1.37969903514154E-13,-1.90200355465464E-10,-3.49476874962816E-26,1.37969903514154E-13,1.68966025114059E-01,-4.70217382826377E-05,-1.79104597124100E-19
1,12,40,1.36054200000000E+07,-1.31838828125000E+04,-2.67716980000000E+07,4.46542636201031E-10,1.93345328000000E+08,2.67716980000000E+07,2.23271207078213E-10,4.10275032040661E-26,-2.16353600616601E-13,-2.23271207078213E-10,-4.10275032040661E-26,2.16353600616601E-13,1.85182258486748E-01,-6.69210203341208E-05,-1.79104597124100E-19
1,12,41,1.34756030000000E+07,-2.25740429687500E+04,-2.64545200000000E+07,4.65034372121309E-10,1.90186576000000E+08,2.64545200000000E+07,2.32516866871535E-10,4.27365056439813E-26,-3.89507301195788E-13,-2.32516866871535E-10,-4.27365056439813E-26,3.89507301195788E-13,1.89195126295090E-01,-1.10201188363135E-04,-1.79104597124100E-19
1,13,1,2.09938920000000E+07,3.04394179687500E+04,-2.69242720000000E+07,5.83072327399459E-13,3.82964320000000E+08,2.69242720000000E+07,2.91535865544132E-13,5.35283880761063E-29,4.22703030830210E-16,-2.91535865544132E-13,-5.35283880761063E-29,-4.22703030830210E-16,1.20357908308506E-02,9.22436981909414E-07,-1.79104597124100E-19
1,13,2,2.09970280000000E+07,1.62084921875000E+04,-2.69569840000000E+07,5.52398133745607E-13,3.75300000000000E+08,2.69569840000000E+07,2.76198985557641E-13,5.07238729652139E-29,2.13209641003585E-16,-2.76198985557641E-13,-5.07238729652139E-29,-2.13209641003585E-16,1.94813627749681E-02,6.65809523070493E-07,-1.79104597124100E-19
1,13,3,2.10086580000000E+07,1.66062265625000E+04,-2.69525600000000E+07,7.03531146100528E-13,3.70272704000000E+08,2.69525600000000E+07,3.51765464630047E-13,6.46012454389312E-29,2.78051905705143E-16,-3.51765464630047E-13,-6.46012454389312E-29,-2.78051905705143E-16,2.40799710154533E-02,8.58744897413999E-07,-1.79104597124100E-19
1,13,4,2.10177000000000E+07,1.60210683593750E+04,-2.69495840000000E+07,8.42412782326579E-13,3.66632384000000E+08,2.69495840000000E+07,4.21206282743072E-13,7.73546752897595E-29,3.21071015030295E-16,-4.21206282743072E-13,-7.73546752897595E-29,-3.21071015030295E-16,2.74292211979628E-02,9.44728299145936E-07,-1.79104597124100E-19
1,13,5,2.10257040000000E+07,1.47021386718750E+04,-2.69491020000000E+07,9.64619768610564E-13,3.63846656000000E+08,2.69491020000000E+07,4.82309775885065E-13,8.85782186151395E-29,3.37253155971115E-16,-4.82309775885065E-13,-8.85782186151395E-29,-3.37253155971115E-16,2.99864225089550E-02,9.39598976401612E-07,-1.79104597124100E-19
1,13,6,2.10345680000000E+07,1.28424326171875E+04,-2.69520120000000E+07,1.07191100613691E-12,3.61725120000000E+08,2.69520120000000E+07,5.35955448858344E-13,9.84333766779702E-29,3.27221903595459E-16,-5.35955448858344E-13,-9.84333766779702E-29,-3.27221903595459E-16,3.19279283285141E-02,8.49301386551815E-07,-1.79104597124100E-19
1,13,7,2.10449460000000E+07,1.06644082031250E+04,-2.69582900000000E+07,1.16655274849664E-12,3.60115360000000E+08,2.69582900000000E+07,5.83276265828103E-13,1.07128011486031E-28,2.95571988125710E-16,-5.83276265828103E-13,-1.07128011486031E-28,-2.95571988125710E-16,3.33881080150604E-02,6.81428275584040E-07,-1.79104597124100E-19
1,13,8,2.10561960000000E+07,8.42240039062500E+03,-2.69666280000000E+07,1.25163410451962E-12,3.58863488000000E+08,2.69666280000000E+07,6.25816998049700E-13,1.14945397241485E-28,2.50324467465231E-16,-6.25816998049700E-13,-1.14945397241485E-28,-2.50324467465231E-16,3.45127806067467E-02,4.61476673763173E-07,-1.79104597124100E-19
1,13,9,2.10670140000000E+07,6.35147998046875E+03,-2.69751100000000E+07,1.32989875622352E-12,3.57837440000000E+08,2.69751100000000E+07,6.64949323901654E-13,1.22136940024448E-28,2.00475122681437E-16,-6.64949323901654E-13,-1.22136940024448E-28,-2.00475122681437E-16,3.54294553399086E-02,2.30031673709163E-07,-1.79104597124100E-19
1,13,10,2.10763760000000E+07,4.60446240234375E+03,-2.69822920000000E+07,1.40314268450709E-12,3.56951168000000E+08,2.69822920000000E+07,7.01571342253543E-13,1.28867174437482E-28,1.53269169202677E-16,-7.01571342253543E-13,-1.28867174437482E-28,-1.53269169202677E-16,3.62216345965862E-02,2.42297257813107E-08,-1.79104597124100E-19
1,13,11,2.10839580000000E+07,3.23175781250000E+03,-2.69876820000000E+07,1.47207441549002E-12,3.56166528000000E+08,2.69876820000000E+07,7.36037207745011E-13,1.35200932097340E-28,1.12820076953504E-16,-7.36037207745011E-13,-1.35200932097340E-28,-1.12820076953504E-16,3.69241945445538E-02,-1.35541938561801E-07,-1.79104597124100E-19
1,13,12,2.10899760000000E+07,2.20803881835938E+03,-2.69914820000000E+07,1.53688845504207E-12,3.55470560000000E+08,2.69914820000000E+07,7.68444227521037E-13,1.41155991744821E-28,8.04531348590142E-17,-7.68444227521037E-13,-1.41155991744821E-28,-8.04531348590142E-17,3.75474765896797E-02,-2.45549557575941E-07,-1.79104597124100E-19
1,13,13,2.10947940000000E+07,1.47207214355469E+03,-2.69940980000000E+07,1.59768162241725E-12,3.54857984000000E+08,2.69940980000000E+07,7.98840811208623E-13,1.46741260805916E-28,5.57460440554433E-17,-7.98840811208623E-13,-1.46741260805916E-28,-5.57460440554433E-17,3.80947031080723E-02,-3.12135824742654E-07,-1.79104597124100E-19
1,13,14,2.10987420000000E+07,9.56334655761719E+02,-2.69958880000000E+07,1.65471109037085E-12,3.54322048000000E+08,2.69958880000000E+07,8.27355545185426E-13,1.51980452293068E-28,3.75012289955490E-17,-8.27355545185426E-13,-1.51980452293068E-28,-3.75012289955490E-17,3.85712310671806E-02,-3.45405851476244E-07,-1.79104597124100E-19
1,13,15,2.11020520000000E+07,6.01536315917969E+02,-2.69970900000000E+07,1.70844035533163E-12,3.53853920000000E+08,2.69970900000000E+07,8.54220177665815E-13,1.56916213517482E-28,2.43504502281074E-17,-8.54220177665815E-13,-1.56916213517482E-28,-2.43504502281074E-17,3.89848761260509E-02,-3.55494762516173E-07,-1.79104597124100E-19
1,13,16,2.11048920000000E+07,3.60960632324219E+02,-2.69978640000000E+07,1.75953500901327E-12,3.53443616000000E+08,2.69978640000000E+07,8.79767504506634E-13,1.61609740903140E-28,1.50468173521173E-17,-8.79767504506634E-13,-1.61609740903140E-28,-1.50468173521173E-17,3.93447466194630E-02,-3.50960476680484E-07,-1.79104597124100E-19
1,13,17,2.11073860000000E+07,1.99715408325195E+02,-2.69983060000000E+07,1.80885200481290E-12,3.53080928000000E+08,2.69983060000000E+07,9.04426002406450E-13,1.66139841095954E-28,8.55756476712346E-18,-9.04426002406450E-13,-1.66139841095954E-28,-8.55756476712346E-18,3.96601781249046E-02,-3.38445516945285E-07,-1.79104597124100E-19
1,13,18,2.11096340000000E+07,9.22725296020508E+01,-2.69984780000000E+07,1.85744735564652E-12,3.52755808000000E+08,2.69984780000000E+07,9.28723677823262E-13,1.70603520779812E-28,4.05955305145558E-18,-9.28723677823262E-13,-1.70603520779812E-28,-4.05955305145558E-18,3.99401970207691E-02,-3.22904980976091E-07,-1.79104597124100E-19
1,13,19,2.11117260000000E+07,1.98838958740234E+01,-2.69984200000000E+07,1.90661006947701E-12,3.52458688000000E+08,2.69984200000000E+07,9.53305034738505E-13,1.75119248720417E-28,8.97862058522342E-19,-9.53305034738505E-13,-1.75119248720417E-28,-8.97862058522342E-19,4.01933193206787E-02,-3.08015273731144E-07,-1.79104597124100E-19
1,13,20,2.11137440000000E+07,-3.16057510375977E+01,-2.69981500000000E+07,1.95793424875856E-12,3.52180160000000E+08,2.69981500000000E+07,9.78967124379282E-13,1.79833443741791E-28,-1.46544320276387E-18,-9.78967124379282E-13,-1.79833443741791E-28,1.46544320276387E-18,4.04276587069035E-02,-2.96600916271927E-07,-1.79104597124100E-19
1,13,21,2.11157700000000E+07,-7.34991149902344E+01,-2.69976700000000E+07,2.01343737689375E-12,3.51910816000000E+08,2.69976700000000E+07,1.00671868844687E-12,1.84931428452832E-28,-3.50415503686603E-18,-1.00671868844687E-12,-1.84931428452832E-28,3.50415503686603E-18,4.06511500477791E-02,-2.91031227561689E-07,-1.79104597124100E-19
1,13,22,2.11178960000000E+07,-1.15639755249023E+02,-2.69969700000000E+07,2.07575102939561E-12,3.51640672000000E+08,2.69969700000000E+07,1.03787551469781E-12,1.90654979283935E-28,-5.68331521134207E-18,-1.03787551469781E-12,-1.90654979283935E-28,5.68331521134207E-18,4.08719554543495E-02,-2.93585884492131E-07,-1.79104597124100E-19
1,13,23,2.11202320000000E+07,-1.67578018188477E+02,-2.69960280000000E+07,2.14842119788949E-12,3.51358464000000E+08,2.69960280000000E+07,1.07421059894475E-12,1.97329807099882E-28,-8.52330046460967E-18,-1.07421059894475E-12,-1.97329807099882E-28,8.52330046460967E-18,4.10989969968796E-02,-3.06809340600012E-07,-1.79104597124100E-19
1,13,24,2.11229080000000E+07,-2.39605590820312E+02,-2.69948060000000E+07,2.23638512222846E-12,3.51050784000000E+08,2.69948060000000E+07,1.11819256111423E-12,2.05409432291389E-28,-1.26841049725351E-17,-1.11819256111423E-12,-2.05409432291389E-28,1.26841049725351E-17,4.13426458835602E-02,-3.33885338932305E-07,-1.79104597124100E-19
1,13,25,2.11260960000000E+07,-3.43716888427734E+02,-2.69932500000000E+07,2.34675039817445E-12,3.50700768000000E+08,2.69932500000000E+07,1.17337519908722E-12,2.15546684924292E-28,-1.90905526423093E-17,-1.17337519908722E-12,-2.15546684924292E-28,1.90905526423093E-17,4.16157208383083E-02,-3.79075004275364E-07,-1.79104597124100E-19
1,13,26,2.11300200000000E+07,-4.94504211425781E+02,-2.69912880000000E+07,2.49011293355916E-12,3.50286144000000E+08,2.69912880000000E+07,1.24505646677958E-12,2.28714942029549E-28,-2.91379598553275E-17,-1.24505646677958E-12,-2.28714942029549E-28,2.91379598553275E-17,4.19348739087582E-02,-4.48281127773953E-07,-1.79104597124100E-19
1,13,27,2.11349840000000E+07,-7.09920104980469E+02,-2.69888280000000E+07,2.68289275344447E-12,3.49776160000000E+08,2.69888280000000E+07,1.34144637672223E-12,2.46422447494855E-28,-4.50589300982623E-17,-1.34144637672223E-12,-2.46422447494855E-28,4.50589300982623E-17,4.23227623105049E-02,-5.49835874608107E-07,-1.79104597124100E-19
1,13,28,2.11414120000000E+07,-1.01173626708984E+03,-2.69857640000000E+07,2.95170637064357E-12,3.49126880000000E+08,2.69857640000000E+07,1.47585318532178E-12,2.71114145310488E-28,-7.06279364826685E-17,-1.47585318532178E-12,-2.71114145310488E-28,7.06279364826685E-17,4.28114347159863E-02,-6.95684661877749E-07,-1.79104597124100E-19
1,13,29,2.11499020000000E+07,-1.42541491699219E+03,-2.69819820000000E+07,3.34211933301909E-12,3.48272768000000E+08,2.69819820000000E+07,1.67105966650954E-12,3.06975562728086E-28,-1.12622427109218E-16,-1.67105966650954E-12,-3.06975562728086E-28,1.12622427109218E-16,4.34481501579285E-02,-9.03307238786510E-07,-1.79104597124100E-19
1,13,30,2.11613200000000E+07,-1.97910559082031E+03,-2.69773800000000E+07,3.93758159758506E-12,3.47111552000000E+08,2.69773800000000E+07,1.96879079879253E-12,3.61672286112299E-28,-1.84130523468312E-16,-1.96879079879253E-12,-3.61672286112299E-28,1.84130523468312E-16,4.43058684468269E-02,-1.19914182050707E-06,-1.79104597124100E-19
1,13,31,2.11769340000000E+07,-2.70214819335938E+03,-2.69719180000000E+07,4.90414913539849E-12,3.45474592000000E+08,2.69719180000000E+07,2.45207435085881E-12,4.50457921363918E-28,-3.12881397570428E-16,-2.45207435085881E-12,-4.50457921363918E-28,3.12881397570428E-16,4.55033630132675E-02,-1.62540504788922E-06,-1.79104597124100E-19
1,13,32,2.11985520000000E+07,-3.62722143554688E+03,-2.69656680000000E+07,6.60620082942875E-12,3.43066464000000E+08,2.69656680000000E+07,3.30310041471438E-12,6.06804288322042E-28,-5.65183686967498E-16,-3.30310041471438E-12,-6.06804288322042E-28,5.65183686967498E-16,4.72460202872753E-02,-2.25546500587370E-06,-1.79104597124100E-19
1,13,33,2.12283740000000E+07,-4.81617871093750E+03,-2.69588900000000E+07,9.92830123669464E-12,3.39337984000000E+08,2.69588900000000E+07,4.96415061834732E-12,9.11968658382177E-28,-1.12623978238302E-15,-4.96415061834732E-12,-9.11968658382177E-28,1.12623978238302E-15,4.99114207923412E-02,-3.23282597491925E-06,-1.79104597124100E-19
1,13,34,2.12673000000000E+07,-6.45943212890625E+03,-2.69520480000000E+07,1.71460658171529E-11,3.33237760000000E+08,2.69520480000000E+07,8.57303290857647E-12,1.57499998994812E-27,-2.60385275996789E-15,-8.57303290857647E-12,-1.57499998994812E-27,2.60385275996789E-15,5.42233772575855E-02,-4.87800571136177E-06,-1.79104597124100E-19
1,13,35,2.13094900000000E+07,-8.96768847656250E+03,-2.69456740000000E+07,3.36341787754435E-11,3.22870624000000E+08,2.69456740000000E+07,1.68170876529983E-11,3.08968216515396E-27,-7.07714746859102E-15,-1.68170876529983E-11,-3.08968216515396E-27,7.07714746859102E-15,6.15477971732616E-02,-7.96369749878068E-06,-1.79104597124100E-19
1,13,36,2.13375860000000E+07,-1.26171630859375E+04,-2.69398600000000E+07,6.87626275364117E-11,3.05514144000000E+08,2.69398600000000E+07,3.43813068293120E-11,6.31698820264592E-27,-2.03300663657218E-14,-3.43813068293120E-11,-6.31698820264592E-27,2.03300663657218E-14,7.42052718997002E-02,-1.42114940899774E-05,-1.79104597124100E-19
1,13,37,2.13293140000000E+07,-1.74125195312500E+04,-2.69329860000000E+07,1.36127803473940E-10,2.77772800000000E+08,2.69329860000000E+07,6.80638809202883E-11,1.25065345393838E-26,-5.55650191385714E-14,-6.80638809202883E-11,-1.25065345393838E-26,5.55650191385714E-14,9.63577553629875E-02,-2.75746497209184E-05,-1.79104597124100E-19
1,13,38,1.72629680000000E+07,-1.98561777343750E+04,-2.69189320000000E+07,2.64079869083389E-10,2.35020416000000E+08,2.69189320000000E+07,1.32039851274968E-10,2.42646265097315E-26,-1.51874620193428E-13,-1.32039851274968E-10,-2.42646265097315E-26,1.51874620193428E-13,1.37307375669479E-01,-5.97985308559146E-05,-1.79104597124100E-19
1,13,39,1.35522040000000E+07,-2.03509902343750E+04,-2.68831840000000E+07,3.85045134665418E-10,2.05790928000000E+08,2.68831840000000E+07,1.92522345288104E-10,3.53834838426097E-26,-2.89105761899777E-13,-1.92522345288104E-10,-3.53834838426097E-26,2.89105761899777E-13,1.69769376516342E-01,-9.79851902229711E-05,-1.79104597124100E-19
1,13,40,1.36139600000000E+07,-2.67526328125000E+04,-2.67726300000000E+07,4.51017473368509E-10,1.92713872000000E+08,2.67726300000000E+07,2.25508292595045E-10,4.14523356164067E-26,-4.43143704240492E-13,-2.25508292595045E-10,-4.14523356164067E-26,4.43143704240492E-13,1.85899481177330E-01,-1.36430739075877E-04,-1.79104597124100E-19
1,13,41,1.34825340000000E+07,-4.61671367187500E+04,-2.64533620000000E+07,4.69490779586579E-10,1.89574048000000E+08,2.64533620000000E+07,2.34744002014509E-10,4.31709954394351E-26,-8.03814642885009E-13,-2.34744002014509E-10,-4.31709954394351E-26,8.03814642885009E-13,1.89906224608421E-01,-2.25941490498371E-04,-1.79104597124100E-19
1,14,1,2.10031840000000E+07,5.05842500000000E+04,-2.69169420000000E+07,6.73507040069299E-13,3.82713184000000E+08,2.69169420000000E+07,3.36752544252694E-13,6.18107775795707E-29,8.11037699825578E-16,-3.36752544252694E-13,-6.18107775795707E-29,-8.11037699825578E-16,1.22045110911131E-02,1.74587444234930E-06,-1.79104597124100E-19
1,14,2,2.10073640000000E+07,2.66666992187500E+04,-2.69526880000000E+07,6.31525810378814E-13,3.74944192000000E+08,2.69526880000000E+07,3.15762634138864E-13,5.79801149572467E-29,4.00828404967368E-16,-3.15762634138864E-13,-5.79801149572467E-29,-4.00828404967368E-16,1.97376627475023E-02,1.19716685276217E-06,-1.79104597124100E-19
1,14,3,2.10212700000000E+07,2.69961933593750E+04,-2.69476780000000E+07,8.28476556021668E-13,3.69714240000000E+08,2.69476780000000E+07,4.14237952750182E-13,7.60617022215951E-29,5.31977719034083E-16,-4.14237952750182E-13,-7.60617022215951E-29,-5.31977719034083E-16,2.44925189763308E-02,1.45639432957978E-06,-1.79104597124100E-19
1,14,4,2.10327220000000E+07,2.56292011718750E+04,-2.69442580000000E+07,1.02252895820693E-12,3.65851744000000E+08,2.69442580000000E+07,5.11264099632702E-13,9.38795393985909E-29,6.22995485562616E-16,-5.11264099632702E-13,-9.38795393985909E-29,-6.22995485562616E-16,2.80146766453981E-02,1.52796292240964E-06,-1.79104597124100E-19
1,14,5,2.10429060000000E+07,2.31988632812500E+04,-2.69436160000000E+07,1.20156098612489E-12,3.62856768000000E+08,2.69436160000000E+07,6.00780113591687E-13,1.10320962592582E-28,6.62333177940764E-16,-6.00780113591687E-13,-1.10320962592582E-28,-6.62333177940764E-16,3.07360216975212E-02,1.48215974604682E-06,-1.79104597124100E-19
1,14,6,2.10537560000000E+07,2.00322265625000E+04,-2.69467860000000E+07,1.36268275309492E-12,3.60557824000000E+08,2.69467860000000E+07,6.81341051286810E-13,1.25120626805480E-28,6.48282330713914E-16,-6.81341051286810E-13,-1.25120626805480E-28,-6.48282330713914E-16,3.28165702521801E-02,1.33568573801313E-06,-1.79104597124100E-19
1,14,7,2.10659980000000E+07,1.64447363281250E+04,-2.69537680000000E+07,1.50573845926483E-12,3.58808512000000E+08,2.69537680000000E+07,7.52869012791979E-13,1.38263810710272E-28,5.87711639930469E-16,-7.52869012791979E-13,-1.38263810710272E-28,-5.87711639930469E-16,3.43848764896393E-02,1.07223581835569E-06,-1.79104597124100E-19
1,14,8,2.10789940000000E+07,1.28138662109375E+04,-2.69630900000000E+07,1.63408446929997E-12,3.57448832000000E+08,2.69630900000000E+07,8.17042072019658E-13,1.50057772355462E-28,4.96677779775938E-16,-8.17042072019658E-13,-1.50057772355462E-28,-4.96677779775938E-16,3.55915613472462E-02,7.12526968982274E-07,-1.79104597124100E-19
1,14,9,2.10913640000000E+07,9.51723925781250E+03,-2.69725800000000E+07,1.75187555434553E-12,3.56336480000000E+08,2.69725800000000E+07,8.75937722962655E-13,1.60882943090377E-28,3.95256992817244E-16,-8.75937722962655E-13,-1.60882943090377E-28,-3.95256992817244E-16,3.65728326141834E-02,3.27060035942850E-07,-1.79104597124100E-19
1,14,10,2.11020060000000E+07,6.79359814453125E+03,-2.69806100000000E+07,1.86198148913186E-12,3.55377280000000E+08,2.69806100000000E+07,9.30990744565929E-13,1.71001863277622E-28,2.99723958344694E-16,-9.30990744565929E-13,-1.71001863277622E-28,-2.99723958344694E-16,3.74191552400589E-02,-1.35977717974356E-08,-1.79104597124100E-19
1,14,11,2.11105780000000E+07,4.69993847656250E+03,-2.69866200000000E+07,1.96539399338613E-12,3.54529152000000E+08,2.69866200000000E+07,9.82696996693067E-13,1.80505111809896E-28,2.18782045770445E-16,-9.82696996693067E-13,-1.80505111809896E-28,-2.18782045770445E-16,3.81688773632050E-02,-2.72681944579745E-07,-1.79104597124100E-19
1,14,12,2.11173240000000E+07,3.16942749023438E+03,-2.69908340000000E+07,2.06219329806911E-12,3.53777600000000E+08,2.69908340000000E+07,1.03109654061434E-12,1.89399898887427E-28,1.54753779731198E-16,-1.03109654061434E-12,-1.89399898887427E-28,-1.54753779731198E-16,3.88335362076759E-02,-4.45793659764604E-07,-1.79104597124100E-19
1,14,13,2.11226660000000E+07,2.08704809570312E+03,-2.69937160000000E+07,2.15237094640386E-12,3.53116640000000E+08,2.69937160000000E+07,1.07618547320193E-12,1.97685550434734E-28,1.06333677314443E-16,-1.07618547320193E-12,-1.97685550434734E-28,-1.06333677314443E-16,3.94167080521584E-02,-5.46185958683054E-07,-1.79104597124100E-19
1,14,14,2.11269840000000E+07,1.33841198730469E+03,-2.69956700000000E+07,2.23627713569208E-12,3.52538976000000E+08,2.69956700000000E+07,1.11813856784604E-12,2.05394385963698E-28,7.08350029510477E-17,-1.11813856784604E-12,-2.05394385963698E-28,-7.08350029510477E-17,3.99241559207439E-02,-5.92339517879736E-07,-1.79104597124100E-19
1,14,15,2.11305580000000E+07,8.28991943359375E+02,-2.69969780000000E+07,2.31465888123061E-12,3.52034880000000E+08,2.69969780000000E+07,1.15732944061531E-12,2.12595197284519E-28,4.54042349906113E-17,-1.15732944061531E-12,-2.12595197284519E-28,-4.54042349906113E-17,4.03643175959587E-02,-6.01741874106665E-07,-1.79104597124100E-19
1,14,16,2.11335840000000E+07,4.87162872314453E+02,-2.69978160000000E+07,2.38859799994717E-12,3.51593280000000E+08,2.69978160000000E+07,1.19429899997359E-12,2.19387470715887E-28,2.75304997709532E-17,-1.19429899997359E-12,-2.19387470715887E-28,-2.75304997709532E-17,4.07470427453518E-02,-5.88633554343687E-07,-1.79104597124100E-19
1,14,17,2.11362140000000E+07,2.60731262207031E+02,-2.69983000000000E+07,2.45945039507867E-12,3.51202912000000E+08,2.69983000000000E+07,1.22972519753933E-12,2.25895934295825E-28,1.51695957704385E-17,-1.22972519753933E-12,-2.25895934295825E-28,-1.51695957704385E-17,4.10824716091156E-02,-5.63799289921008E-07,-1.79104597124100E-19
1,14,18,2.11385640000000E+07,1.12084655761719E+02,-2.69985000000000E+07,2.52883347942601E-12,3.50852832000000E+08,2.69985000000000E+07,1.26441673971300E-12,2.32269173519542E-28,6.70441549720866E-18,-1.26441673971300E-12,-2.32269173519542E-28,-6.70441549720866E-18,4.13803644478321E-02,-5.35134859092068E-07,-1.79104597124100E-19
1,14,19,2.11407340000000E+07,1.38624572753906E+01,-2.69984620000000E+07,2.59866260454711E-12,3.50532448000000E+08,2.69984620000000E+07,1.29933130227355E-12,2.38683218383957E-28,8.52000890615717E-19,-1.29933130227355E-12,-2.38683218383957E-28,-8.52000890615717E-19,4.16499339044094E-02,-5.08409698340984E-07,-1.79104597124100E-19
1,14,20,2.11428120000000E+07,-5.44656448364258E+01,-2.69982040000000E+07,2.67124733790980E-12,3.50231520000000E+08,2.69982040000000E+07,1.33562366895490E-12,2.45350306368939E-28,-3.44067781704417E-18,-1.33562366895490E-12,-2.45350306368939E-28,3.44067781704417E-18,4.18999008834362E-02,-4.88011323795945E-07,-1.79104597124100E-19
1,14,21,2.11448880000000E+07,-1.09244400024414E+02,-2.69977360000000E+07,2.74945647846248E-12,3.49939808000000E+08,2.69977360000000E+07,1.37472823923124E-12,2.52533928765006E-28,-7.10249037673552E-18,-1.37472823923124E-12,-2.52533928765006E-28,7.10249037673552E-18,4.21387925744057E-02,-4.77618755212461E-07,-1.79104597124100E-19
1,14,22,2.11470580000000E+07,-1.64734649658203E+02,-2.69970480000000E+07,2.83697891567680E-12,3.49646400000000E+08,2.69970480000000E+07,1.41848945783840E-12,2.60572952945873E-28,-1.10499707949478E-17,-1.41848945783840E-12,-2.60572952945873E-28,1.10499707949478E-17,4.23753485083580E-02,-4.80815856462868E-07,-1.79104597124100E-19
1,14,23,2.11494300000000E+07,-2.34883636474609E+02,-2.69961180000000E+07,2.93873497585195E-12,3.49339168000000E+08,2.69961180000000E+07,1.46936748792598E-12,2.69919418743611E-28,-1.63186604834768E-17,-1.46936748792598E-12,-2.69919418743611E-28,1.63186604834768E-17,4.26190942525864E-02,-5.01685406106844E-07,-1.79104597124100E-19
1,14,24,2.11521360000000E+07,-3.34928375244141E+02,-2.69949120000000E+07,3.06152542553506E-12,3.49003552000000E+08,2.69949120000000E+07,1.53076271276753E-12,2.81198025609808E-28,-2.42384913321984E-17,-1.53076271276753E-12,-2.81198025609808E-28,2.42384913321984E-17,4.28811013698578E-02,-5.45445232091879E-07,-1.79104597124100E-19
1,14,25,2.11553440000000E+07,-4.82946044921875E+02,-2.69933800000000E+07,3.21508770127765E-12,3.48621280000000E+08,2.69933800000000E+07,1.60754385063883E-12,2.95303271707132E-28,-3.66979141980294E-17,-1.60754385063883E-12,-2.95303271707132E-28,3.66979141980294E-17,4.31750304996967E-02,-6.19211562025157E-07,-1.79104597124100E-19
1,14,26,2.11592720000000E+07,-7.01409240722656E+02,-2.69914500000000E+07,3.41387508540070E-12,3.48168224000000E+08,2.69914500000000E+07,1.70693754270035E-12,3.13562796842749E-28,-5.65833162714695E-17,-1.70693754270035E-12,-3.13562796842749E-28,5.65833162714695E-17,4.35186401009560E-02,-7.33017316179030E-07,-1.79104597124100E-19
1,14,27,2.11642160000000E+07,-1.01873760986328E+03,-2.69890420000000E+07,3.68019330287961E-12,3.47611136000000E+08,2.69890420000000E+07,1.84009665143980E-12,3.38025694180988E-28,-8.85728853356225E-17,-1.84009665143980E-12,-3.38025694180988E-28,8.85728853356225E-17,4.39360775053501E-02,-9.01293219612853E-07,-1.79104597124100E-19
1,14,28,2.11705780000000E+07,-1.47077575683594E+03,-2.69860520000000E+07,4.05003851636221E-12,3.46902400000000E+08,2.69860520000000E+07,2.02501925818110E-12,3.71998616917493E-28,-1.40683411041891E-16,-2.02501925818110E-12,-3.71998616917493E-28,1.40683411041891E-16,4.44615297019482E-02,-1.14519014005054E-06,-1.79104597124100E-19
1,14,29,2.11789300000000E+07,-2.10215869140625E+03,-2.69823760000000E+07,4.58466684755132E-12,3.45971008000000E+08,2.69823760000000E+07,2.29233342377566E-12,4.21108771237898E-28,-2.27530307928805E-16,-2.29233342377566E-12,-4.21108771237898E-28,2.27530307928805E-16,4.51454520225525E-02,-1.49650486491737E-06,-1.79104597124100E-19
1,14,30,2.11900760000000E+07,-2.96798535156250E+03,-2.69779240000000E+07,5.39524718304318E-12,3.44706240000000E+08,2.69779240000000E+07,2.69762359152159E-12,4.95568545117063E-28,-3.77842313059051E-16,-2.69762359152159E-12,-4.95568545117063E-28,3.77842313059051E-16,4.60657626390457E-02,-2.00488875634619E-06,-1.79104597124100E-19
1,14,31,2.12051600000000E+07,-4.13827636718750E+03,-2.69726620000000E+07,6.69964778099441E-12,3.42926112000000E+08,2.69726620000000E+07,3.34982389049721E-12,6.15392684019545E-28,-6.53732299515225E-16,-3.34982389049721E-12,-6.15392684019545E-28,6.53732299515225E-16,4.73491325974464E-02,-2.75237289315555E-06,-1.79104597124100E-19
1,14,32,2.12257180000000E+07,-5.71513867187500E+03,-2.69666740000000E+07,8.96331793509564E-12,3.40314752000000E+08,2.69666740000000E+07,4.48165853386695E-12,8.23341214201365E-28,-1.20671077110838E-15,-4.48165853386695E-12,-8.23341214201365E-28,1.20671077110838E-15,4.92134131491184E-02,-3.88562466469011E-06,-1.79104597124100E-19
1,14,33,2.12533500000000E+07,-7.89263671875000E+03,-2.69602160000000E+07,1.32631423205298E-11,3.36296480000000E+08,2.69602160000000E+07,6.63157072658405E-12,1.21835060135315E-27,-2.46269789568152E-15,-6.63157072658405E-12,-1.21835060135315E-27,2.46269789568152E-15,5.20536489784718E-02,-5.69409803574672E-06,-1.79104597124100E-19
1,14,34,2.12878980000000E+07,-1.10797958984375E+04,-2.69537440000000E+07,2.21519677601201E-11,3.29811488000000E+08,2.69537440000000E+07,1.10759830126983E-11,2.03497802376839E-27,-5.76476012582937E-15,-1.10759830126983E-11,-2.03497802376839E-27,5.76476012582937E-15,5.66063784062862E-02,-8.80468087416375E-06,-1.79104597124100E-19
1,14,35,2.13229620000000E+07,-1.58427333984375E+04,-2.69477680000000E+07,4.10135120310073E-11,3.19063392000000E+08,2.69477680000000E+07,2.05067490766098E-11,3.76796175816510E-27,-1.52362965180706E-14,-2.05067490766098E-11,-3.76796175816510E-27,1.52362965180706E-14,6.42034932971001E-02,-1.46150323416805E-05,-1.79104597124100E-19
1,14,36,2.13433140000000E+07,-2.23556601562500E+04,-2.69423520000000E+07,7.83528866787897E-11,3.01623328000000E+08,2.69423520000000E+07,3.91764225227131E-11,7.19910456170411E-27,-4.10346229380836E-14,-3.91764225227131E-11,-7.19910456170411E-27,4.10346229380836E-14,7.70278051495552E-02,-2.60588531091344E-05,-1.79104597124100E-19
1,14,37,2.13298080000000E+07,-3.00690156250000E+04,-2.69358240000000E+07,1.46703080239341E-10,2.74403744000000E+08,2.69358240000000E+07,7.33514637918375E-11,1.34807777573318E-26,-1.03404880957749E-13,-7.33514637918375E-11,-1.34807777573318E-26,1.03404880957749E-13,9.90463122725487E-02,-4.90842685394455E-05,-1.79104597124100E-19
1,14,38,1.72789040000000E+07,-3.31937148437500E+04,-2.69219580000000E+07,2.73704031661381E-10,2.32920752000000E+08,2.69219580000000E+07,1.36851766030510E-10,2.51553598645469E-26,-2.62899700924010E-13,-1.36851766030510E-10,-2.51553598645469E-26,2.62899700924010E-13,1.39284700155258E-01,-1.01558485766873E-04,-1.79104597124100E-19
1,14,39,1.35719700000000E+07,-3.24866191406250E+04,-2.68860020000000E+07,3.93655386066172E-10,2.04398192000000E+08,2.68860020000000E+07,1.96827137921574E-10,3.61854071750855E-26,-4.71136313556081E-13,-1.96827137921574E-10,-3.61854071750855E-26,4.71136313556081E-13,1.71260640025139E-01,-1.58121998538263E-04,-1.79104597124100E-19
1,14,40,1.36291970000000E+07,-4.09818789062500E+04,-2.67741560000000E+07,4.59179166911738E-10,1.91570784000000E+08,2.67741560000000E+07,2.29588542621784E-10,4.22170037600383E-26,-6.90353969736573E-13,-2.29588542621784E-10,-4.22170037600383E-26,6.90353969736573E-13,1.87205508351326E-01,-2.10878279176541E-04,-1.79104597124100E-19
1,14,41,1.34949850000000E+07,-7.14106406250000E+04,-2.64515860000000E+07,4.77534733978047E-10,1.88479248000000E+08,2.64515860000000E+07,2.38764008564374E-10,4.39376018389627E-26,-1.26345385976362E-12,-2.38764008564374E-10,-4.39376018389627E-26,1.26345385976362E-12,1.91183060407639E-01,-3.51340568158776E-04,-1.79104597124100E-19
1,15,1,2.10261480000000E+07,8.06211171875000E+04,-2.69069140000000E+07,9.07097856030215E-13,3.82126592000000E+08,2.69069140000000E+07,4.53545594093427E-13,8.32084851889448E-29,1.73904186170015E-15,-4.53545594093427E-13,-8.32084851889448E-29,-1.73904186170015E-15,1.25970086082816E-02,3.61366392098716E-06,-1.79104597124100E-19
1,15,2,2.10317620000000E+07,4.08288398437500E+04,-2.69466520000000E+07,8.41327550162030E-13,3.74098080000000E+08,2.69466520000000E+07,4.20662961929386E-13,7.72245305737676E-29,8.16630658376298E-16,-4.20662961929386E-13,-7.72245305737676E-29,-8.16630658376298E-16,2.03484240919352E-02,2.14680949284229E-06,-1.79104597124100E-19
1,15,3,2.10506200000000E+07,4.01098515625000E+04,-2.69405900000000E+07,1.17603073546829E-12,3.68398016000000E+08,2.69405900000000E+07,5.88014283531973E-13,1.07947867826294E-28,1.12040245482702E-15,-5.88014283531973E-13,-1.07947867826294E-28,-1.12040245482702E-15,2.54604797810316E-02,2.41331031247682E-06,-1.79104597124100E-19
1,15,4,2.10667200000000E+07,3.68197773437500E+04,-2.69362460000000E+07,1.54186548511487E-12,3.64039712000000E+08,2.69362460000000E+07,7.70931549935044E-13,1.41535327721492E-28,1.34741077870208E-15,-7.70931549935044E-13,-1.41535327721492E-28,-1.34741077870208E-15,2.93618142604828E-02,2.27952727982483E-06,-1.79104597124100E-19
1,15,5,2.10807420000000E+07,3.23767109375000E+04,-2.69351060000000E+07,1.90277936636118E-12,3.60592416000000E+08,2.69351060000000E+07,9.51388490558203E-13,1.74677765391853E-28,1.46118350302345E-15,-9.51388490558203E-13,-1.74677765391853E-28,-1.46118350302345E-15,3.24298255145550E-02,2.07872767532535E-06,-1.79104597124100E-19
1,15,6,2.10947660000000E+07,2.74093105468750E+04,-2.69385280000000E+07,2.23613120207966E-12,3.57928000000000E+08,2.69385280000000E+07,1.11806473367809E-12,2.05296187610659E-28,1.45274811365998E-15,-1.11806473367809E-12,-2.05296187610659E-28,-1.45274811365998E-15,3.47888544201851E-02,1.86198474239063E-06,-1.79104597124100E-19
1,15,7,2.11098380000000E+07,2.21440839843750E+04,-2.69466000000000E+07,2.53193820076714E-12,3.55903328000000E+08,2.69466000000000E+07,1.26596834144205E-12,2.32473298019523E-28,1.32799265426540E-15,-1.26596834144205E-12,-2.32473298019523E-28,-1.32799265426540E-15,3.65640409290791E-02,1.50172570556606E-06,-1.79104597124100E-19
1,15,8,2.11254420000000E+07,1.69688007812500E+04,-2.69575600000000E+07,2.79441162050198E-12,3.54337344000000E+08,2.69575600000000E+07,1.39720537657012E-12,2.56593740939526E-28,1.12229133829940E-15,-1.39720537657012E-12,-2.56593740939526E-28,-1.12229133829940E-15,3.79225686192513E-02,9.70213704931666E-07,-1.79104597124100E-19
1,15,9,2.11400860000000E+07,1.23711748046875E+04,-2.69687440000000E+07,3.03313298956331E-12,3.53061760000000E+08,2.69687440000000E+07,1.51656627794122E-12,2.78534368200223E-28,8.87494334716099E-16,-1.51656627794122E-12,-2.78534368200223E-28,-8.87494334716099E-16,3.90220284461975E-02,3.75291818954793E-07,-1.79104597124100E-19
1,15,10,2.11525300000000E+07,8.66576757812500E+03,-2.69781640000000E+07,3.25517564292443E-12,3.51964288000000E+08,2.69781640000000E+07,1.62758771304200E-12,2.98942195966431E-28,6.66790053550979E-16,-1.62758771304200E-12,-2.98942195966431E-28,-6.66790053550979E-16,3.99680361151695E-02,-1.50796424236432E-07,-1.79104597124100E-19
1,15,11,2.11624100000000E+07,5.88898876953125E+03,-2.69851460000000E+07,3.46276132767720E-12,3.50994880000000E+08,2.69851460000000E+07,1.73138066383860E-12,3.18019952438920E-28,4.81801498941988E-16,-1.73138066383860E-12,-3.18019952438920E-28,-4.81801498941988E-16,4.08054701983929E-02,-5.41793724551098E-07,-1.79104597124100E-19
1,15,12,2.11700460000000E+07,3.90336791992188E+03,-2.69899820000000E+07,3.65569163482404E-12,3.50136768000000E+08,2.69899820000000E+07,1.82784581741202E-12,3.35749196838474E-28,3.37021227762244E-16,-1.82784581741202E-12,-3.35749196838474E-28,-3.37021227762244E-16,4.15474884212017E-02,-7.93630078987917E-07,-1.79104597124100E-19
1,15,13,2.11759680000000E+07,2.52345288085938E+03,-2.69932380000000E+07,3.83367209505492E-12,3.49383168000000E+08,2.69932380000000E+07,1.91683604752746E-12,3.52103086516492E-28,2.28421465998656E-16,-1.91683604752746E-12,-3.52103086516492E-28,-2.28421465998656E-16,4.21979837119579E-02,-9.31302281514945E-07,-1.79104597124100E-19
1,15,14,2.11806520000000E+07,1.58259375000000E+03,-2.69954200000000E+07,3.99739529671761E-12,3.48725536000000E+08,2.69954200000000E+07,1.99869764835880E-12,3.67145658643626E-28,1.49340365695516E-16,-1.99869764835880E-12,-3.67145658643626E-28,-1.49340365695516E-16,4.27633672952652E-02,-9.86143959380570E-07,-1.79104597124100E-19
1,15,15,2.11844480000000E+07,9.50884338378906E+02,-2.69968660000000E+07,4.14854912575424E-12,3.48152352000000E+08,2.69968660000000E+07,2.07427456287712E-12,3.81032359840512E-28,9.31058086226335E-17,-2.07427456287712E-12,-3.81032359840512E-28,-9.31058086226335E-17,4.32532839477062E-02,-9.86416125670075E-07,-1.79104597124100E-19
1,15,16,2.11876040000000E+07,5.33233032226562E+02,-2.69977880000000E+07,4.28954875092424E-12,3.47650496000000E+08,2.69977880000000E+07,2.14477437546212E-12,3.93985346126234E-28,5.39779984356704E-17,-2.14477437546212E-12,-3.93985346126234E-28,-5.39779984356704E-17,4.36790809035301E-02,-9.54512756834447E-07,-1.79104597124100E-19
1,15,17,2.11903000000000E+07,2.61713317871094E+02,-2.69983260000000E+07,4.42331501288029E-12,3.47206624000000E+08,2.69983260000000E+07,2.21165750644015E-12,4.06273236579786E-28,2.73153385130996E-17,-2.21165750644015E-12,-4.06273236579786E-28,-2.73153385130996E-17,4.40524220466614E-02,-9.07036280750617E-07,-1.79104597124100E-19
1,15,18,2.11926760000000E+07,8.79596328735352E+01,-2.69985620000000E+07,4.55319115744146E-12,3.46807776000000E+08,2.69985620000000E+07,2.27659557872073E-12,4.18203217027298E-28,9.44894948446163E-18,-2.27659557872073E-12,-4.18203217027298E-28,-9.44894948446163E-18,4.43845167756081E-02,-8.55899827456597E-07,-1.79104597124100E-19
1,15,19,2.11948400000000E+07,-2.29173278808594E+01,-2.69985460000000E+07,4.68298230055231E-12,3.46441536000000E+08,2.69985460000000E+07,2.34149115027615E-12,4.30125108569044E-28,-2.53178230652372E-18,-2.34149115027615E-12,-4.30125108569044E-28,2.53178230652372E-18,4.46858853101730E-02,-8.09649577604432E-07,-1.79104597124100E-19
1,15,20,2.11968940000000E+07,-9.69393157958984E+01,-2.69983080000000E+07,4.81711935965135E-12,3.46095936000000E+08,2.69983080000000E+07,2.40855967982567E-12,4.42445908350521E-28,-1.10150157966225E-17,-2.40855967982567E-12,-4.42445908350521E-28,1.10150157966225E-17,4.49664592742920E-02,-7.74712304973946E-07,-1.79104597124100E-19
1,15,21,2.11989300000000E+07,-1.54780883789062E+02,-2.69978540000000E+07,4.96094831881067E-12,3.45759008000000E+08,2.69978540000000E+07,2.48047415940533E-12,4.55656824804046E-28,-1.81108200724668E-17,-2.48047415940533E-12,-4.55656824804046E-28,1.81108200724668E-17,4.52359132468700E-02,-7.56503595766844E-07,-1.79104597124100E-19
1,15,22,2.12010400000000E+07,-2.14580780029297E+02,-2.69971800000000E+07,5.12119166518055E-12,3.45418112000000E+08,2.69971800000000E+07,2.56059583259027E-12,4.70375407366285E-28,-2.59164023893438E-17,-2.56059583259027E-12,-4.70375407366285E-28,2.59164023893438E-17,4.55041676759720E-02,-7.60425734824821E-07,-1.79104597124100E-19
1,15,23,2.12033300000000E+07,-2.94355377197266E+02,-2.69962680000000E+07,5.30665615616766E-12,3.45059072000000E+08,2.69962680000000E+07,2.65332807808383E-12,4.87410691058627E-28,-3.68348456766314E-17,-2.65332807808383E-12,-4.87410691058627E-28,3.68348456766314E-17,4.57820110023022E-02,-7.92836431173782E-07,-1.79104597124100E-19
1,15,24,2.12059240000000E+07,-4.14267089843750E+02,-2.69950860000000E+07,5.52934000669358E-12,3.44665024000000E+08,2.69950860000000E+07,2.76467000334679E-12,5.07864981884743E-28,-5.40090507958656E-17,-2.76467000334679E-12,-5.07864981884743E-28,5.40090507958656E-17,4.60819900035858E-02,-8.62105821397563E-07,-1.79104597124100E-19
1,15,25,2.12089740000000E+07,-5.98962158203125E+02,-2.69935860000000E+07,5.80620447554470E-12,3.44214656000000E+08,2.69935860000000E+07,2.90310223777235E-12,5.33296260873145E-28,-8.19864431645568E-17,-2.90310223777235E-12,-5.33296260873145E-28,8.19864431645568E-17,4.64195720851421E-02,-9.79928586275491E-07,-1.79104597124100E-19
1,15,26,2.12126760000000E+07,-8.80174560546875E+02,-2.69917060000000E+07,6.16210815013174E-12,3.43680064000000E+08,2.69917060000000E+07,3.08105407506587E-12,5.65988295751886E-28,-1.27841743051916E-16,-3.08105407506587E-12,-5.65988295751886E-28,1.27841743051916E-16,4.68148328363895E-02,-1.16314697606867E-06,-1.79104597124100E-19
1,15,27,2.12172900000000E+07,-1.29982360839844E+03,-2.69893660000000E+07,6.63489055363620E-12,3.43022752000000E+08,2.69893660000000E+07,3.31744527681810E-12,6.09417293774089E-28,-2.03234914842269E-16,-3.31744527681810E-12,-6.09417293774089E-28,2.03234914842269E-16,4.72950153052807E-02,-1.43651845974091E-06,-1.79104597124100E-19
1,15,28,2.12231560000000E+07,-1.91400439453125E+03,-2.69864780000000E+07,7.28459393500858E-12,3.42187968000000E+08,2.69864780000000E+07,3.64229696750429E-12,6.69099214596976E-28,-3.28479535763895E-16,-3.64229696750429E-12,-6.69099214596976E-28,3.28479535763895E-16,4.78985682129860E-02,-1.83723977897898E-06,-1.79104597124100E-19
1,15,29,2.12307440000000E+07,-2.79886914062500E+03,-2.69829480000000E+07,8.21115050952947E-12,3.41094560000000E+08,2.69829480000000E+07,4.10557525476474E-12,7.54215062561938E-28,-5.41241877196881E-16,-4.10557525476474E-12,-7.54215062561938E-28,5.41241877196881E-16,4.86819781363010E-02,-2.42289183916000E-06,-1.79104597124100E-19
1,15,30,2.12406840000000E+07,-4.06118920898438E+03,-2.69787000000000E+07,9.59034414382831E-12,3.39617344000000E+08,2.69787000000000E+07,4.79517207191416E-12,8.80914963958877E-28,-9.16830262053068E-16,-4.79517207191416E-12,-8.80914963958877E-28,9.16830262053068E-16,4.97317984700203E-02,-3.28647979586094E-06,-1.79104597124100E-19
1,15,31,2.12538000000000E+07,-5.86109570312500E+03,-2.69737140000000E+07,1.17511772881884E-11,3.37554208000000E+08,2.69737140000000E+07,5.87558821041334E-12,1.07942730408168E-27,-1.62029303057190E-15,-5.87558821041334E-12,-1.07942730408168E-27,1.62029303057190E-15,5.11870197951794E-02,-4.58721751783742E-06,-1.79104597124100E-19
1,15,32,2.12710380000000E+07,-8.46422558593750E+03,-2.69680780000000E+07,1.53489148474462E-11,3.34564640000000E+08,2.69680780000000E+07,7.67445742372308E-12,1.40996185300273E-27,-3.05383943671321E-15,-7.67445742372308E-12,-1.40996185300273E-27,3.05383943671321E-15,5.32815903425217E-02,-6.61835247228737E-06,-1.79104597124100E-19
1,15,33,2.12929720000000E+07,-1.23426640625000E+04,-2.69620520000000E+07,2.17455498052743E-11,3.30058336000000E+08,2.69620520000000E+07,1.08727731679137E-11,1.99768181261634E-27,-6.30250153349260E-15,-1.08727731679137E-11,-1.99768181261634E-27,6.30250153349260E-15,5.64248934388161E-02,-9.96336984826485E-06,-1.79104597124100E-19
1,15,34,2.13182440000000E+07,-1.82392792968750E+04,-2.69560740000000E+07,3.37123037819076E-11,3.23028064000000E+08,2.69560740000000E+07,1.68561466867834E-11,3.09730692180379E-27,-1.44216354759944E-14,-1.68561466867834E-11,-3.09730692180379E-27,1.44216354759944E-14,6.13400898873806E-02,-1.58416969497921E-05,-1.79104597124100E-19
1,15,35,2.13408760000000E+07,-2.67311972656250E+04,-2.69506300000000E+07,5.61735345738779E-11,3.11913152000000E+08,2.69506300000000E+07,2.80867447355337E-11,5.16160549563852E-27,-3.51809510343304E-14,-2.80867447355337E-11,-5.16160549563852E-27,3.51809510343304E-14,6.92598521709442E-02,-2.66850274783792E-05,-1.79104597124100E-19
1,15,36,2.13494500000000E+07,-3.70446210937500E+04,-2.69457320000000E+07,9.62079027555518E-11,2.94704480000000E+08,2.69457320000000E+07,4.81038785193899E-11,8.84165009258630E-27,-8.34677243771384E-14,-4.81038785193899E-11,-8.84165009258630E-27,8.34677243771384E-14,8.21568891406059E-02,-4.64910153823439E-05,-1.79104597124100E-19
1,15,37,2.13286560000000E+07,-4.88939218750000E+04,-2.69396500000000E+07,1.65001234897488E-10,2.68716160000000E+08,2.69396500000000E+07,8.25003954041392E-11,1.51666582527066E-26,-1.89124337393078E-13,-8.25003954041392E-11,-1.51666582527066E-26,1.89124337393078E-13,1.03691585361958E-01,-8.45638278406113E-05,-1.79104597124100E-19
1,15,38,1.73033560000000E+07,-5.17710820312500E+04,-2.69260120000000E+07,2.89865659253152E-10,2.29430416000000E+08,2.69260120000000E+07,1.44932177370549E-10,2.66501619167913E-26,-4.33632405157092E-13,-1.44932177370549E-10,-2.66501619167913E-26,4.33632405157092E-13,1.42635673284531E-01,-1.63421704201028E-04,-1.79104597124100E-19
1,15,39,1.36023450000000E+07,-4.71693750000000E+04,-2.68897560000000E+07,4.07523403911370E-10,2.02175712000000E+08,2.68897560000000E+07,2.03760480710358E-10,3.74734598774279E-26,-7.06588054125851E-13,-2.03760480710358E-10,-3.74734598774279E-26,7.06588054125851E-13,1.73672124743462E-01,-2.33699000091292E-04,-1.79104597124100E-19
1,15,40,1.36523950000000E+07,-5.60950507812500E+04,-2.67762080000000E+07,4.72050565303306E-10,1.89788512000000E+08,2.67762080000000E+07,2.36023284250209E-10,4.34161555361479E-26,-9.69773957318343E-13,-2.36023284250209E-10,-4.34161555361479E-26,9.69773957318343E-13,1.89262330532074E-01,-2.92818527668715E-04,-1.79104597124100E-19
1,15,41,1.35140220000000E+07,-9.79085234375000E+04,-2.64493800000000E+07,4.90000595654294E-10,1.86807760000000E+08,2.64493800000000E+07,2.44993886289180E-10,4.51133312254606E-26,-1.77497047008229E-12,-2.44993886289180E-10,-4.51133312254606E-26,1.77497047008229E-12,1.93147599697113E-01,-4.86414646729827E-04,-1.79104597124100E-19
1,16,1,2.10854660000000E+07,1.28300000000000E+05,-2.68949840000000E+07,1.78081974080285E-12,3.80337408000000E+08,2.68949840000000E+07,8.90393336318296E-13,1.63230856322641E-28,5.41782983019411E-15,-8.90393336318296E-13,-1.63230856322641E-28,-5.41782983019411E-15,1.38032762333751E-02,8.95070206752280E-06,-1.79104597124100E-19
1,16,2,2.10978700000000E+07,6.29728359375000E+04,-2.69392220000000E+07,1.72645762703399E-12,3.71547264000000E+08,2.69392220000000E+07,8.63224964599285E-13,1.58414081457604E-28,2.57655034697905E-15,-8.63224964599285E-13,-1.58414081457604E-28,-2.57655034697905E-15,2.21629999577999E-02,5.42825637239730E-06,-1.79104597124100E-19
1,16,3,2.11234080000000E+07,5.93518710937500E+04,-2.69315060000000E+07,2.66670734973273E-12,3.64638016000000E+08,2.69315060000000E+07,1.33334836227572E-12,2.44702712425139E-28,3.74639919713498E-15,-1.33334836227572E-12,-2.44702712425139E-28,-3.74639919713498E-15,2.81804632395506E-02,5.00484202348161E-06,-1.79104597124100E-19
1,16,4,2.11458560000000E+07,4.95254726562500E+04,-2.69255540000000E+07,3.85722573673086E-12,3.59002304000000E+08,2.69255540000000E+07,1.92860744735457E-12,3.54002871961885E-28,4.51696963320769E-15,-1.92860744735457E-12,-3.54002871961885E-28,-4.51696963320769E-15,3.30242477357388E-02,3.68597943634086E-06,-1.79104597124100E-19
1,16,5,2.11635440000000E+07,4.09914335937500E+04,-2.69233780000000E+07,5.07904178784213E-12,3.54504160000000E+08,2.69233780000000E+07,2.53951612343151E-12,4.66200376432842E-28,4.91876055877072E-15,-2.53951612343151E-12,-4.66200376432842E-28,-4.91876055877072E-15,3.68622392416000E-02,2.99597536468355E-06,-1.79104597124100E-19
1,16,6,2.11798820000000E+07,3.34704257812500E+04,-2.69269240000000E+07,6.20239276605261E-12,3.51048576000000E+08,2.69269240000000E+07,3.10119247989848E-12,5.69379762087455E-28,4.90079414292651E-15,-3.10119247989848E-12,-5.69379762087455E-28,-4.90079414292651E-15,3.97969372570515E-02,2.63153469859390E-06,-1.79104597124100E-19
1,16,7,2.11970100000000E+07,2.63784394531250E+04,-2.69364760000000E+07,7.17333701119593E-12,3.48454944000000E+08,2.69364760000000E+07,3.58666590351275E-12,6.58586525995538E-28,4.46339606984328E-15,-3.58666590351275E-12,-6.58586525995538E-28,-4.46339606984328E-15,4.19806241989136E-02,2.11826181839569E-06,-1.79104597124100E-19
1,16,8,2.12146920000000E+07,1.97806386718750E+04,-2.69498340000000E+07,8.00635426012608E-12,3.46475008000000E+08,2.69498340000000E+07,4.00317539533956E-12,7.35142819063914E-28,3.73257180778753E-15,-4.00317539533956E-12,-7.35142819063914E-28,-3.73257180778753E-15,4.36311215162277E-02,1.30134094433743E-06,-1.79104597124100E-19
1,16,9,2.12311660000000E+07,1.41026474609375E+04,-2.69635400000000E+07,8.74259865890625E-12,3.44876512000000E+08,2.69635400000000E+07,4.37129846209139E-12,8.02816675080528E-28,2.90360289692461E-15,-4.37129846209139E-12,-8.02816675080528E-28,-2.90360289692461E-15,4.49557863175869E-02,3.48975476072155E-07,-1.79104597124100E-19
1,16,10,2.12448900000000E+07,9.63944335937500E+03,-2.69749940000000E+07,9.41348908545248E-12,3.43506720000000E+08,2.69749940000000E+07,4.70674410904537E-12,8.64484085231332E-28,2.13559071211085E-15,-4.70674410904537E-12,-8.64484085231332E-28,-2.13559071211085E-15,4.60922271013260E-02,-5.04052422911627E-07,-1.79104597124100E-19
1,16,11,2.12554260000000E+07,6.37133349609375E+03,-2.69833460000000E+07,1.00301954242266E-11,3.42299424000000E+08,2.69833460000000E+07,5.01509771211328E-12,9.21166418314085E-28,1.50327998171081E-15,-5.01509771211328E-12,-9.21166418314085E-28,-1.50327998171081E-15,4.70976121723652E-02,-1.13057456019305E-06,-1.79104597124100E-19
1,16,12,2.12632300000000E+07,4.07916723632812E+03,-2.69890120000000E+07,1.05933742680642E-11,3.41233888000000E+08,2.69890120000000E+07,5.29668670035122E-12,9.72923378157061E-28,1.01612369929495E-15,-5.29668670035122E-12,-9.72923378157061E-28,-1.01612369929495E-15,4.79872636497021E-02,-1.52258894559054E-06,-1.79104597124100E-19
1,16,13,2.12690060000000E+07,2.51158520507812E+03,-2.69927460000000E+07,1.11030039329219E-11,3.40301824000000E+08,2.69927460000000E+07,5.55150196646093E-12,1.01975429068478E-27,6.55558184912150E-16,-5.55150196646093E-12,-1.01975429068478E-27,-6.55558184912150E-16,4.87652905285358E-02,-1.72456736891036E-06,-1.79104597124100E-19
1,16,14,2.12733720000000E+07,1.46068457031250E+03,-2.69952020000000E+07,1.15624723337482E-11,3.39491744000000E+08,2.69952020000000E+07,5.78123616687409E-12,1.06197154173422E-27,3.96954605662219E-16,-5.78123616687409E-12,-1.06197154173422E-27,-3.96954605662219E-16,4.94395904242992E-02,-1.78976006282028E-06,-1.79104597124100E-19
1,16,15,2.12767580000000E+07,7.69485229492188E+02,-2.69968060000000E+07,1.19783462662615E-11,3.38787968000000E+08,2.69968060000000E+07,5.98917313313074E-12,1.10018006590092E-27,2.16601624145534E-16,-5.98917313313074E-12,-1.10018006590092E-27,-2.16601624145534E-16,5.00225350260735E-02,-1.76671983354026E-06,-1.79104597124100E-19
1,16,16,2.12794580000000E+07,3.24499664306641E+02,-2.69978240000000E+07,1.23591614373253E-11,3.38172768000000E+08,2.69978240000000E+07,6.17958071866265E-12,1.13516477593371E-27,9.42350954472256E-17,-6.17958071866265E-12,-1.13516477593371E-27,-9.42350954472256E-17,5.05286790430546E-02,-1.69387703863322E-06,-1.79104597124100E-19
1,16,17,2.12816780000000E+07,4.51478996276855E+01,-2.69984200000000E+07,1.27145030615061E-11,3.37628320000000E+08,2.69984200000000E+07,6.35725153075306E-12,1.16780736256113E-27,1.34865570206759E-17,-6.35725153075306E-12,-1.16780736256113E-27,-1.34865570206759E-17,5.09728528559208E-02,-1.59931607868202E-06,-1.79104597124100E-19
1,16,18,2.12835640000000E+07,-1.25691482543945E+02,-2.69986920000000E+07,1.30546164156531E-11,3.37137536000000E+08,2.69986920000000E+07,6.52730820782654E-12,1.19904941293299E-27,-3.85474470343061E-17,-6.52730820782654E-12,-1.19904941293299E-27,3.85474470343061E-17,5.13691529631615E-02,-1.50277674038080E-06,-1.79104597124100E-19
1,16,19,2.12852240000000E+07,-2.29074661254883E+02,-2.69987040000000E+07,1.33904371965587E-11,3.36684352000000E+08,2.69987040000000E+07,6.69521859827937E-12,1.22989606988727E-27,-7.20549090661062E-17,-6.69521859827937E-12,-1.22989606988727E-27,7.20549090661062E-17,5.17306774854660E-02,-1.41814314247313E-06,-1.79104597124100E-19
1,16,20,2.12867520000000E+07,-2.95644622802734E+02,-2.69984840000000E+07,1.37339740274856E-11,3.36253376000000E+08,2.69984840000000E+07,6.86698701374278E-12,1.26145089128210E-27,-9.53732959700986E-17,-6.86698701374278E-12,-1.26145089128210E-27,9.53732959700986E-17,5.20697273313999E-02,-1.35578375193290E-06,-1.79104597124100E-19
1,16,21,2.12882220000000E+07,-3.50035308837891E+02,-2.69980480000000E+07,1.40989928065771E-11,3.35829248000000E+08,2.69980480000000E+07,7.04949640328856E-12,1.29497853901546E-27,-1.15912567774150E-16,-7.04949640328856E-12,-1.29497853901546E-27,1.15912567774150E-16,5.23982383310795E-02,-1.32459251744876E-06,-1.79104597124100E-19
1,16,22,2.12897120000000E+07,-4.14492248535156E+02,-2.69973940000000E+07,1.45020566735821E-11,3.35395872000000E+08,2.69973940000000E+07,7.25102833679103E-12,1.33200097922591E-27,-1.41171249079950E-16,-7.25102833679103E-12,-1.33200097922591E-27,1.41171249079950E-16,5.27284219861031E-02,-1.33380535771721E-06,-1.79104597124100E-19
1,16,23,2.12912940000000E+07,-5.12122924804688E+02,-2.69965060000000E+07,1.49640560359598E-11,3.34935200000000E+08,2.69965060000000E+07,7.48202801797992E-12,1.37443730480653E-27,-1.79966443325161E-16,-7.48202801797992E-12,-1.37443730480653E-27,1.79966443325161E-16,5.30735738575459E-02,-1.39477378979791E-06,-1.79104597124100E-19
1,16,24,2.12930520000000E+07,-6.70165222167969E+02,-2.69953560000000E+07,1.55124749851021E-11,3.34425888000000E+08,2.69953560000000E+07,7.75623749255105E-12,1.42481269880390E-27,-2.44115371854722E-16,-7.75623749255105E-12,-1.42481269880390E-27,2.44115371854722E-16,5.34491129219532E-02,-1.52295035604766E-06,-1.79104597124100E-19
1,16,25,2.12950840000000E+07,-9.23677673339844E+02,-2.69938980000000E+07,1.61848451307733E-11,3.33841248000000E+08,2.69938980000000E+07,8.09242256538667E-12,1.48657534619045E-27,-3.51010135704827E-16,-8.09242256538667E-12,-1.48657534619045E-27,3.51010135704827E-16,5.38739599287510E-02,-1.74044305367715E-06,-1.79104597124100E-19
1,16,26,2.12975040000000E+07,-1.32013427734375E+03,-2.69920800000000E+07,1.70341744182290E-11,3.33146560000000E+08,2.69920800000000E+07,8.51708720911448E-12,1.56459592379554E-27,-5.27935042535075E-16,-8.51708720911448E-12,-1.56459592379554E-27,5.27935042535075E-16,5.43724708259106E-02,-2.07968946597248E-06,-1.79104597124100E-19
1,16,27,2.13004620000000E+07,-1.92561633300781E+03,-2.69898300000000E+07,1.81378072283689E-11,3.32294912000000E+08,2.69898300000000E+07,9.06890361418444E-12,1.66598082422447E-27,-8.19852189372502E-16,-9.06890361418444E-12,-1.66598082422447E-27,8.19852189372502E-16,5.49773015081882E-02,-2.58919044426875E-06,-1.79104597124100E-19
1,16,28,2.13041340000000E+07,-2.83379907226562E+03,-2.69870700000000E+07,1.96123620815891E-11,3.31220896000000E+08,2.69870700000000E+07,9.80618017343282E-12,1.80144592168781E-27,-1.30438288141010E-15,-9.80618017343282E-12,-1.80144592168781E-27,1.30438288141010E-15,5.57337924838066E-02,-3.34306673721585E-06,-1.79104597124100E-19
1,16,29,2.13087460000000E+07,-4.18009375000000E+03,-2.69837220000000E+07,2.16399433095038E-11,3.29830304000000E+08,2.69837220000000E+07,1.08199716547519E-11,1.98772648814081E-27,-2.12253179340479E-15,-1.08199716547519E-11,-1.98772648814081E-27,2.12253179340479E-15,5.67070767283440E-02,-4.45798787040985E-06,-1.79104597124100E-19
1,16,30,2.13145660000000E+07,-6.16577294921875E+03,-2.69797260000000E+07,2.45156533962287E-11,3.27983520000000E+08,2.69797260000000E+07,1.22578266981144E-11,2.25194327646734E-27,-3.54588384038855E-15,-1.22578266981144E-11,-2.25194327646734E-27,3.54588384038855E-15,5.79939894378185E-02,-6.12503572483547E-06,-1.79104597124100E-19
1,16,31,2.13218660000000E+07,-9.10111621093750E+03,-2.69750760000000E+07,2.87353144751146E-11,3.25466944000000E+08,2.69750760000000E+07,1.43676555028338E-11,2.63967110768539E-27,-6.13275104866516E-15,-1.43676555028338E-11,-2.63967110768539E-27,6.13275104866516E-15,5.97437210381031E-02,-8.67320977704367E-06,-1.79104597124100E-19
1,16,32,2.13308000000000E+07,-1.34784873046875E+04,-2.69698700000000E+07,3.51547714549927E-11,3.21946464000000E+08,2.69698700000000E+07,1.75773805233259E-11,3.22959269411493E-27,-1.11067805072442E-14,-1.75773805233259E-11,-3.22959269411493E-27,1.11067805072442E-14,6.21937029063702E-02,-1.27015391626628E-05,-1.79104597124100E-19
1,16,33,2.13410180000000E+07,-2.00617558593750E+04,-2.69643660000000E+07,4.52526592586988E-11,3.16896864000000E+08,2.69643660000000E+07,2.26263192210086E-11,4.15768986022339E-27,-2.12700120510263E-14,-2.26263192210086E-11,-4.15768986022339E-27,2.12700120510263E-14,6.57301768660545E-02,-1.93562809727155E-05,-1.79104597124100E-19
1,16,34,2.13508940000000E+07,-2.98564414062500E+04,-2.69589800000000E+07,6.14650830232932E-11,3.09517888000000E+08,2.69589800000000E+07,3.07325102866240E-11,5.64810194775255E-27,-4.29754092013367E-14,-3.07325102866240E-11,-5.64810194775255E-27,4.29754092013367E-14,7.09826052188873E-02,-3.08728667732794E-05,-1.79104597124100E-19
1,16,35,2.13565080000000E+07,-4.36656054687500E+04,-2.69541620000000E+07,8.74740835321575E-11,2.98668928000000E+08,2.69541620000000E+07,4.37369480910110E-11,8.03982305660769E-27,-8.94247512411156E-14,-4.37369480910110E-11,-8.03982305660769E-27,8.94247512411156E-14,7.89674371480942E-02,-5.14578168804292E-05,-1.79104597124100E-19
1,16,36,2.13509720000000E+07,-6.09029570312500E+04,-2.69498720000000E+07,1.28755159312099E-10,2.82803840000000E+08,2.69498720000000E+07,6.43773159780814E-11,1.18371660316324E-26,-1.83634222194681E-13,-6.43773159780814E-11,-1.18371660316324E-26,1.83634222194681E-13,9.13714915513992E-02,-8.79511862876825E-05,-1.79104597124100E-19
1,16,37,2.13222560000000E+07,-7.47623828125000E+04,-2.69442880000000E+07,1.96236096816627E-10,2.59284544000000E+08,2.69442880000000E+07,9.81174447245436E-11,1.80449482286417E-26,-3.44029926074851E-13,-9.81174447245436E-11,-1.80449482286417E-26,3.44029926074851E-13,1.11747145652771E-01,-1.43455181387253E-04,-1.79104597124100E-19
1,16,38,1.73370060000000E+07,-7.66884843750000E+04,-2.69308760000000E+07,3.15171888587429E-10,2.24056464000000E+08,2.69308760000000E+07,1.57584403859268E-10,2.89904687850371E-26,-6.97058567551007E-13,-1.57584403859268E-10,-2.89904687850371E-26,6.97058567551007E-13,1.47954523563385E-01,-2.53835693001747E-04,-1.79104597124100E-19
1,16,39,1.36457150000000E+07,-6.74788515625000E+04,-2.68942200000000E+07,4.28735352775433E-10,1.98808560000000E+08,2.68942200000000E+07,2.14365053485821E-10,3.94431315427121E-26,-1.06004766596557E-12,-2.14365053485821E-10,-3.94431315427121E-26,1.06004766596557E-12,1.77408948540688E-01,-3.43782594427466E-04,-1.79104597124100E-19
1,16,40,1.36844810000000E+07,-7.16147265625000E+04,-2.67786500000000E+07,4.90748386372530E-10,1.87241584000000E+08,2.67786500000000E+07,2.45370834761616E-10,4.51525154257371E-26,-1.28409425020209E-12,-2.45370834761616E-10,-4.51525154257371E-26,1.28409425020209E-12,1.92245006561279E-01,-3.81891964934766E-04,-1.79104597124100E-19
1,16,41,1.35403580000000E+07,-1.23400648437500E+05,-2.64469700000000E+07,5.07690334217159E-10,1.84485568000000E+08,2.64469700000000E+07,2.53834619989846E-10,4.67703150679498E-26,-2.31333311881410E-12,-2.53834619989846E-10,-4.67703150679498E-26,2.31333311881410E-12,1.95907726883888E-01,-6.22867664787918E-04,-1.79104597124100E-19
1,17,1,2.12129820000000E+07,3.57494312500000E+05,-2.68827220000000E+07,7.36284384156294E-12,3.74257984000000E+08,2.68827220000000E+07,3.68089933533433E-12,6.72371802906728E-28,6.20327899290840E-14,-3.68089933533433E-12,-6.72371802906728E-28,-6.20327899290840E-14,1.75929591059685E-02,6.32718147244304E-05,-1.79104597124100E-19
1,17,2,2.12308580000000E+07,1.19373875000000E+05,-2.69312640000000E+07,7.50534877302922E-12,3.62974720000000E+08,2.69312640000000E+07,3.75261540591643E-12,6.88052243031442E-28,2.10996754193993E-14,-3.75261540591643E-12,-6.88052243031442E-28,-2.10996754193993E-14,2.80888155102730E-02,1.67841481015785E-05,-1.79104597124100E-19
1,17,3,2.12614280000000E+07,7.07900000000000E+04,-2.69213320000000E+07,1.37021184329345E-11,3.51238848000000E+08,2.69213320000000E+07,6.85102105255075E-12,1.25711543038429E-27,2.28104990137364E-14,-6.85102105255075E-12,-1.25711543038429E-27,-2.28104990137364E-14,3.75831834971905E-02,5.31444402440684E-06,-1.79104597124100E-19
1,17,4,2.12763960000000E+07,4.94796484375000E+04,-2.69130920000000E+07,2.03285582811574E-11,3.42221024000000E+08,2.69130920000000E+07,1.01642513850031E-11,1.86569532981856E-27,2.36376300748620E-14,-1.01642513850031E-11,-1.86569532981856E-27,-2.36376300748620E-14,4.48410585522652E-02,9.80341383183259E-07,-1.79104597124100E-19
1,17,5,2.12846940000000E+07,3.77766601562500E+04,-2.69093040000000E+07,2.62194606304167E-11,3.35470304000000E+08,2.69093040000000E+07,1.31097103658884E-11,2.40678996992602E-27,2.32674732887801E-14,-1.31097103658884E-11,-2.40678996992602E-27,-2.32674732887801E-14,5.03155551850796E-02,-5.47720695465159E-08,-1.79104597124100E-19
1,17,6,2.12936020000000E+07,2.98406503906250E+04,-2.69127520000000E+07,3.10441290729546E-11,3.30535456000000E+08,2.69127520000000E+07,1.55220506586895E-11,2.85002233176933E-27,2.17524532186621E-14,-1.55220506586895E-11,-2.85002233176933E-27,-2.17524532186621E-14,5.43437078595161E-02,3.42786876217360E-07,-1.79104597124100E-19
1,17,7,2.13061580000000E+07,2.31087832031250E+04,-2.69240440000000E+07,3.48367168445662E-11,3.26981184000000E+08,2.69240440000000E+07,1.74183480139423E-11,3.19854188858655E-27,1.88920398964433E-14,-1.74183480139423E-11,-3.19854188858655E-27,-1.88920398964433E-14,5.72436079382896E-02,4.99929512898234E-07,-1.79104597124100E-19
1,17,8,2.13214500000000E+07,1.69016601562500E+04,-2.69404140000000E+07,3.78458583916164E-11,3.24353120000000E+08,2.69404140000000E+07,1.89229239916378E-11,3.47516609539381E-27,1.50003317736904E-14,-1.89229239916378E-11,-3.47516609539381E-27,-1.50003317736904E-14,5.93788027763367E-02,-2.83346651031025E-07,-1.79104597124100E-19
1,17,9,2.13364700000000E+07,1.14713789062500E+04,-2.69573400000000E+07,4.03435965190546E-11,3.22275008000000E+08,2.69573400000000E+07,2.01717947900804E-11,3.70483478200594E-27,1.08452006395061E-14,-2.01717947900804E-11,-3.70483478200594E-27,-1.08452006395061E-14,6.10664375126362E-02,-1.72509987805824E-06,-1.79104597124100E-19
1,17,10,2.13487480000000E+07,7.17355224609375E+03,-2.69713860000000E+07,4.25111508495224E-11,3.20515648000000E+08,2.69713860000000E+07,2.12555736900377E-11,3.90414811639261E-27,7.14224364465341E-15,-2.12555736900377E-11,-3.90414811639261E-27,-7.14224364465341E-15,6.25053495168686E-02,-3.19101991408388E-06,-1.79104597124100E-19
1,17,11,2.13575340000000E+07,4.06188134765625E+03,-2.69814420000000E+07,4.44252724884908E-11,3.18979872000000E+08,2.69814420000000E+07,2.22126362442454E-11,4.08013612803681E-27,4.22450906179504E-15,-2.22126362442454E-11,-4.08013612803681E-27,-4.22450906179504E-15,6.37731924653053E-02,-4.26649467044626E-06,-1.79104597124100E-19
1,17,12,2.13633780000000E+07,1.95163244628906E+03,-2.69880900000000E+07,4.61108790039688E-11,3.17639488000000E+08,2.69880900000000E+07,2.30554395019844E-11,4.23508643652650E-27,2.10620925675297E-15,-2.30554395019844E-11,-4.23508643652650E-27,-2.10620925675297E-15,6.48878887295723E-02,-4.85067084809998E-06,-1.79104597124100E-19
1,17,13,2.13671780000000E+07,5.79950622558594E+02,-2.69923600000000E+07,4.75840443436848E-11,3.16481728000000E+08,2.69923600000000E+07,2.37920221718424E-11,4.37048393384879E-27,6.45766060525417E-16,-2.37920221718424E-11,-4.37048393384879E-27,-6.45766060525417E-16,6.58540800213814E-02,-5.03670344187412E-06,-1.79104597124100E-19
1,17,14,2.13696700000000E+07,-2.75970550537109E+02,-2.69951080000000E+07,4.88688464694853E-11,3.15487968000000E+08,2.69951080000000E+07,2.44344232347427E-11,4.48854998760154E-27,-3.15549154307585E-16,-2.44344232347427E-11,-4.48854998760154E-27,3.15549154307585E-16,6.66836947202682E-02,-4.95368340125424E-06,-1.79104597124100E-19
1,17,15,2.13713280000000E+07,-7.87436218261719E+02,-2.69968740000000E+07,4.99960906008567E-11,3.14633856000000E+08,2.69968740000000E+07,2.49980453004284E-11,4.59212303333678E-27,-9.21064262119037E-16,-2.49980453004284E-11,-4.59212303333678E-27,9.21064262119037E-16,6.73951730132103E-02,-4.71808516522287E-06,-1.79104597124100E-19
1,17,16,2.13724400000000E+07,-1.07726354980469E+03,-2.69979840000000E+07,5.09991042452196E-11,3.13893216000000E+08,2.69979840000000E+07,2.54995521226098E-11,4.68427030708396E-27,-1.28528790004279E-15,-2.54995521226098E-11,-4.68427030708396E-27,1.28528790004279E-15,6.80094212293625E-02,-4.41581141785719E-06,-1.79104597124100E-19
1,17,17,2.13731840000000E+07,-1.23116516113281E+03,-2.69986360000000E+07,5.19110414376467E-11,3.13240896000000E+08,2.69986360000000E+07,2.59555207188233E-11,4.76804325224695E-27,-1.49512273679139E-15,-2.59555207188233E-11,-4.76804325224695E-27,1.49512273679139E-15,6.85469359159470E-02,-4.10487427870976E-06,-1.79104597124100E-19
1,17,18,2.13736700000000E+07,-1.30883630371094E+03,-2.69989440000000E+07,5.27639425207393E-11,3.12653760000000E+08,2.69989440000000E+07,2.63819695256462E-11,4.84638815645467E-27,-1.61552423507885E-15,-2.63819695256462E-11,-4.84638815645467E-27,1.61552423507885E-15,6.90266415476799E-02,-3.82308553525945E-06,-1.79104597124100E-19
1,17,19,2.13739700000000E+07,-1.35294653320312E+03,-2.69989780000000E+07,5.35890047614895E-11,3.12110688000000E+08,2.69989780000000E+07,2.67945023807448E-11,4.92217427013829E-27,-1.69605981006644E-15,-2.67945023807448E-11,-4.92217427013829E-27,1.69605981006644E-15,6.94656446576118E-02,-3.59565387952898E-06,-1.79104597124100E-19
1,17,20,2.13741280000000E+07,-1.39608984375000E+03,-2.69987800000000E+07,5.44176717576228E-11,3.11592000000000E+08,2.69987800000000E+07,2.72088358788114E-11,4.99829087340036E-27,-1.77719434322685E-15,-2.72088358788114E-11,-4.99829087340036E-27,1.77719434322685E-15,6.98796957731247E-02,-3.44139766639273E-06,-1.79104597124100E-19
1,17,21,2.13741760000000E+07,-1.46625097656250E+03,-2.69983640000000E+07,5.52832189748553E-11,3.11078592000000E+08,2.69983640000000E+07,2.76416094874277E-11,5.07779711336456E-27,-1.89619167264600E-15,-2.76416094874277E-11,-5.07779711336456E-27,1.89619167264600E-15,7.02838152647018E-02,-3.37768028657592E-06,-1.79104597124100E-19
1,17,22,2.13741340000000E+07,-1.59140014648438E+03,-2.69977320000000E+07,5.62229082734511E-11,3.10550784000000E+08,2.69977320000000E+07,2.81114541367256E-11,5.16411844902996E-27,-2.09302391837953E-15,-2.81114541367256E-11,-5.16411844902996E-27,2.09302391837953E-15,7.06931278109550E-02,-3.42459429703013E-06,-1.79104597124100E-19
1,17,23,2.13740120000000E+07,-1.80381079101562E+03,-2.69968740000000E+07,5.72807426491018E-11,3.09987136000000E+08,2.69968740000000E+07,2.86403713245509E-11,5.26129894809379E-27,-2.41703858465977E-15,-2.86403713245509E-11,-5.26129894809379E-27,2.41703858465977E-15,7.11238831281662E-02,-3.60900730811409E-06,-1.79104597124100E-19
1,17,24,2.13738140000000E+07,-2.14467236328125E+03,-2.69957620000000E+07,5.85111473161426E-11,3.09362816000000E+08,2.69957620000000E+07,2.92555736580713E-11,5.37434140617960E-27,-2.93553667431081E-15,-2.92555736580713E-11,-5.37434140617960E-27,2.93553667431081E-15,7.15945884585381E-02,-3.96916630052147E-06,-1.79104597124100E-19
1,17,25,2.13735400000000E+07,-2.66960986328125E+03,-2.69943620000000E+07,5.99839899972920E-11,3.08647712000000E+08,2.69943620000000E+07,2.99919949986460E-11,5.50966957002389E-27,-3.74607690109855E-15,-2.99919949986460E-11,-5.50966957002389E-27,3.74607690109855E-15,7.21274763345718E-02,-4.56071438748040E-06,-1.79104597124100E-19
1,17,26,2.13731840000000E+07,-3.45582617187500E+03,-2.69926220000000E+07,6.17917661482892E-11,3.07803776000000E+08,2.69926220000000E+07,3.08958830741446E-11,5.67578757588910E-27,-4.99554960115348E-15,-3.08958830741446E-11,-5.67578757588910E-27,4.99554960115348E-15,7.27504640817642E-02,-5.46532919543097E-06,-1.79104597124100E-19
1,17,27,2.13727280000000E+07,-4.61180419921875E+03,-2.69904820000000E+07,6.40600211765374E-11,3.06781760000000E+08,2.69904820000000E+07,3.20300105882687E-11,5.88424060341986E-27,-6.91143097817488E-15,-3.20300105882687E-11,-5.88424060341986E-27,6.91143097817488E-15,7.34997689723969E-02,-6.80392122376361E-06,-1.79104597124100E-19
1,17,28,2.13721540000000E+07,-6.29093652343750E+03,-2.69878780000000E+07,6.69631156080541E-11,3.05516096000000E+08,2.69878780000000E+07,3.34815543345801E-11,6.15106510089109E-27,-9.85536301954240E-15,-3.34815543345801E-11,-6.15106510089109E-27,9.85536301954240E-15,7.44237750768661E-02,-8.75776640896220E-06,-1.79104597124100E-19
1,17,29,2.13714240000000E+07,-8.71114648437500E+03,-2.69847440000000E+07,7.07483308048928E-11,3.03917728000000E+08,2.69847440000000E+07,3.53741654024464E-11,6.49901130836386E-27,-1.44187640343033E-14,-3.53741654024464E-11,-6.49901130836386E-27,1.44187640343033E-14,7.55887851119041E-02,-1.16037781481282E-05,-1.79104597124100E-19
1,17,30,2.13704860000000E+07,-1.21834941406250E+04,-2.69810400000000E+07,7.57733945033756E-11,3.01863424000000E+08,2.69810400000000E+07,3.78866903127939E-11,6.96099490933172E-27,-2.15995214200354E-14,-3.78866903127939E-11,-6.96099490933172E-27,2.15995214200354E-14,7.70878791809082E-02,-1.57757731358288E-05,-1.79104597124100E-19
1,17,31,2.13692420000000E+07,-1.71527402343750E+04,-2.69767740000000E+07,8.25638515888905E-11,2.99180000000000E+08,2.69767740000000E+07,4.12819119166574E-11,7.58539295288172E-27,-3.31363117554804E-14,-4.12819119166574E-11,-7.58539295288172E-27,3.31363117554804E-14,7.90550261735916E-02,-2.19745579670416E-05,-1.79104597124100E-19
1,17,32,2.13675020000000E+07,-2.42479980468750E+04,-2.69720580000000E+07,9.18967055230091E-11,2.95621440000000E+08,2.69720580000000E+07,4.59483250059289E-11,8.44376298091161E-27,-5.21424944237639E-14,-4.59483250059289E-11,-8.44376298091161E-27,5.21424944237639E-14,8.16874280571938E-02,-3.13704986183438E-05,-1.79104597124100E-19
1,17,33,2.13648500000000E+07,-3.43232382812500E+04,-2.69671380000000E+07,1.04911253295814E-10,2.90838528000000E+08,2.69671380000000E+07,5.24555572589680E-11,9.64108974580584E-27,-8.42713485799118E-14,-5.24555572589680E-11,-9.64108974580584E-27,8.42713485799118E-14,8.52809697389603E-02,-4.59783004771452E-05,-1.79104597124100E-19
1,17,34,2.13603880000000E+07,-4.84586875000000E+04,-2.69624120000000E+07,1.23247120842329E-10,2.84341984000000E+08,2.69624120000000E+07,6.16234008266048E-11,1.13285957260538E-26,-1.39800321384380E-13,-6.16234008266048E-11,-1.13285957260538E-26,1.39800321384380E-13,9.02864784002304E-02,-6.93676411174238E-05,-1.79104597124100E-19
1,17,35,2.13522920000000E+07,-6.79610859375000E+04,-2.69582800000000E+07,1.49306872421207E-10,2.75442656000000E+08,2.69582800000000E+07,7.46530545714386E-11,1.37280933548383E-26,-2.37609275787962E-13,-7.46530545714386E-11,-1.37280933548383E-26,2.37609275787962E-13,9.74181443452835E-02,-1.08095497125760E-04,-1.79104597124100E-19
1,17,36,2.13369240000000E+07,-9.51770000000000E+04,-2.69546400000000E+07,1.86897372578265E-10,2.63147392000000E+08,2.69546400000000E+07,9.34477564773495E-11,1.71915994851628E-26,-4.16839712703496E-13,-9.34477564773495E-11,-1.71915994851628E-26,4.16839712703496E-13,1.07873976230621E-01,-1.75985813257284E-04,-1.79104597124100E-19
1,17,37,2.13055340000000E+07,-1.41565890625000E+05,-2.69495740000000E+07,2.45118980668479E-10,2.45292544000000E+08,2.69495740000000E+07,1.22556784165617E-10,2.25631783374302E-26,-8.14335794976917E-13,-1.22556784165617E-10,-2.25631783374302E-26,8.14335794976917E-13,1.24512121081352E-01,-3.23155691148713E-04,-1.79104597124100E-19
1,17,38,1.73822500000000E+07,-1.34929750000000E+05,-2.69363600000000E+07,3.57459395416981E-10,2.15137280000000E+08,2.69363600000000E+07,1.78724313126821E-10,3.29160748424981E-26,-1.38734781041788E-12,-1.78724313126821E-10,-3.29160748424981E-26,1.38734781041788E-12,1.57349616289139E-01,-4.97894012369215E-04,-1.79104597124100E-19
1,17,39,1.37020320000000E+07,-8.90574296875000E+04,-2.68991980000000E+07,4.58823062876590E-10,1.94112048000000E+08,2.68991980000000E+07,2.29406688090350E-10,4.22326269037472E-26,-1.49104686930635E-12,-2.29406688090350E-10,-4.22326269037472E-26,1.49104686930635E-12,1.82786494493484E-01,-4.71438135718927E-04,-1.79104597124100E-19
1,17,40,1.37248730000000E+07,-8.65658671875000E+04,-2.67814100000000E+07,5.15753162400046E-10,1.83919616000000E+08,2.67814100000000E+07,2.57871446418534E-10,4.74698066607754E-26,-1.62645331230893E-12,-2.57871446418534E-10,-4.74698066607754E-26,1.62645331230893E-12,1.96209207177162E-01,-4.74213069537655E-04,-1.79104597124100E-19
1,17,41,1.35732400000000E+07,-1.43165750000000E+05,-2.64447140000000E+07,5.30588462055448E-10,1.81564336000000E+08,2.64447140000000E+07,2.65279465061496E-10,4.89023811461447E-26,-2.79807427228107E-12,-2.65279465061496E-10,-4.89023811461447E-26,2.79807427228107E-12,1.99430644512177E-01,-7.40320771001279E-04,-1.79104597124100E-19
1,18,1,1.66631690000000E+07,4.29593125000000E+05,-2.68722180000000E+07,6.42308359277699E-11,3.29466816000000E+08,2.68722180000000E+07,3.21047494145077E-11,5.84686523654710E-27,8.27692461010526E-13,-3.21047494145077E-11,-5.84686523654710E-27,-8.27692461010526E-13,5.02379089593887E-02,4.10379434470087E-04,-1.79104597124100E-19
1,18,2,1.69267320000000E+07,1.21441789062500E+05,-2.69240860000000E+07,1.10143623388570E-10,2.93695200000000E+08,2.69240860000000E+07,5.50703926904816E-11,1.00920739756753E-26,3.95105633323525E-13,-5.50703926904816E-11,-1.00920739756753E-26,-3.95105633323525E-13,8.17187428474426E-02,1.23435718705878E-04,-1.79104597124100E-19
1,18,3,1.70126120000000E+07,5.39693750000000E+04,-2.69116960000000E+07,1.38922789938434E-10,2.78048896000000E+08,2.69116960000000E+07,6.94610480245217E-11,1.27462943285326E-26,2.20352368621689E-13,-6.94610480245217E-11,-1.27462943285326E-26,-2.20352368621689E-13,9.59790647029877E-02,1.71626379597001E-05,-1.79104597124100E-19
1,18,4,1.70584300000000E+07,3.20253027343750E+04,-2.69008180000000E+07,1.59023322288121E-10,2.68760320000000E+08,2.69008180000000E+07,7.95115154272885E-11,1.45968880564712E-26,1.49274025757450E-13,-7.95115154272885E-11,-1.45968880564712E-26,-1.49274025757450E-13,1.04683406651020E-01,-1.10294022306334E-05,-1.79104597124100E-19
1,18,5,1.70879820000000E+07,2.24578417968750E+04,-2.68950760000000E+07,1.73593403540728E-10,2.62587504000000E+08,2.68950760000000E+07,8.67966254425312E-11,1.59372967791658E-26,1.14072258041407E-13,-8.67966254425312E-11,-1.59372967791658E-26,-1.14072258041407E-13,1.10616788268089E-01,-1.62522646860452E-05,-1.79104597124100E-19
1,18,6,1.71120480000000E+07,1.71762031250000E+04,-2.68982100000000E+07,1.84211965126302E-10,2.58364496000000E+08,2.68982100000000E+07,9.21059409297875E-11,1.69139250687569E-26,9.24512541717638E-14,-9.21059409297875E-11,-1.69139250687569E-26,-9.24512541717638E-14,1.14739984273911E-01,-1.36284797918051E-05,-1.79104597124100E-19
1,18,7,1.71356380000000E+07,1.30273769531250E+04,-2.69112280000000E+07,1.92007493238222E-10,2.55433776000000E+08,2.69112280000000E+07,9.60037188635354E-11,1.76311275133511E-26,7.29868707247290E-14,-9.60037188635354E-11,-1.76311275133511E-26,-7.29868707247290E-14,1.17614611983299E-01,-1.10324635897996E-05,-1.79104597124100E-19
1,18,8,1.71592680000000E+07,9.06772460937500E+03,-2.69307620000000E+07,1.97928909373424E-10,2.53304976000000E+08,2.69307620000000E+07,9.89644408089241E-11,1.81762704582017E-26,5.22972371788319E-14,-9.89644408089241E-11,-1.81762704582017E-26,-5.22972371788319E-14,1.19704321026802E-01,-1.13657733891159E-05,-1.79104597124100E-19
1,18,9,1.71809020000000E+07,5.43240039062500E+03,-2.69511300000000E+07,2.02675473626179E-10,2.51635984000000E+08,2.69511300000000E+07,1.01337736813090E-10,1.86134781259930E-26,3.20418096623563E-14,-1.01337736813090E-10,-1.86134781259930E-26,-3.20418096623563E-14,1.21352426707745E-01,-1.39654102895292E-05,-1.79104597124100E-19
1,18,10,1.71986300000000E+07,2.49110620117188E+03,-2.69679600000000E+07,2.06665726198985E-10,2.50232256000000E+08,2.69679600000000E+07,1.03332863099492E-10,1.89810225965798E-26,1.49670721779835E-14,-1.03332863099492E-10,-1.89810225965798E-26,-1.49670721779835E-14,1.22757822275162E-01,-1.68934329849435E-05,-1.79104597124100E-19
1,18,11,1.72119720000000E+07,3.80321289062500E+02,-2.69798140000000E+07,2.10080772222732E-10,2.49023088000000E+08,2.69798140000000E+07,1.05040386111366E-10,1.92954637859961E-26,2.32100643602305E-15,-1.05040386111366E-10,-1.92954637859961E-26,-2.32100643602305E-15,1.23984813690186E-01,-1.88681769941468E-05,-1.79104597124100E-19
1,18,12,1.72216600000000E+07,-9.81477050781250E+02,-2.69874720000000E+07,2.13000117543771E-10,2.47986784000000E+08,2.69874720000000E+07,1.06500058771886E-10,1.95641156057985E-26,-6.06952935651504E-15,-1.06500058771886E-10,-1.95641156057985E-26,6.06952935651504E-15,1.25046223402023E-01,-1.95398588402895E-05,-1.79104597124100E-19
1,18,13,1.72287140000000E+07,-1.78599182128906E+03,-2.69922620000000E+07,2.15478468401642E-10,2.47111056000000E+08,2.69922620000000E+07,1.07739234200821E-10,1.97920594295525E-26,-1.11686444055799E-14,-1.07739234200821E-10,-1.97920594295525E-26,1.11686444055799E-14,1.25947013497353E-01,-1.91904946404975E-05,-1.79104597124100E-19
1,18,14,1.72339880000000E+07,-2.20878247070312E+03,-2.69952800000000E+07,2.17579287919989E-10,2.46375840000000E+08,2.69952800000000E+07,1.08789643959994E-10,1.99851870621438E-26,-1.39429525935456E-14,-1.08789643959994E-10,-1.99851870621438E-26,1.39429525935456E-14,1.26704007387161E-01,-1.82061939995037E-05,-1.79104597124100E-19
1,18,15,1.72380400000000E+07,-2.39082690429688E+03,-2.69971880000000E+07,2.19370577259070E-10,2.45757168000000E+08,2.69971880000000E+07,1.09685281690641E-10,2.01497909018867E-26,-1.52127811893889E-14,-1.09685281690641E-10,-2.01497909018867E-26,1.52127811893889E-14,1.27340242266655E-01,-1.69257746165385E-05,-1.79104597124100E-19
1,18,16,1.72412420000000E+07,-2.43317089843750E+03,-2.69983720000000E+07,2.20918394688852E-10,2.45231168000000E+08,2.69983720000000E+07,1.10459190405532E-10,2.02919799985649E-26,-1.55885588861088E-14,-1.10459190405532E-10,-2.02919799985649E-26,1.55885588861088E-14,1.27879604697227E-01,-1.55863381223753E-05,-1.79104597124100E-19
1,18,17,1.72438420000000E+07,-2.40532641601562E+03,-2.69990640000000E+07,2.22283288997538E-10,2.44776320000000E+08,2.69990640000000E+07,1.11141644498769E-10,2.04173380082731E-26,-1.55030373575563E-14,-1.11141644498769E-10,-2.04173380082731E-26,1.55030373575563E-14,1.28343954682350E-01,-1.43390852826997E-05,-1.79104597124100E-19
1,18,18,1.72460240000000E+07,-2.35485034179688E+03,-2.69993960000000E+07,2.23519480702095E-10,2.44373936000000E+08,2.69993960000000E+07,1.11759740351047E-10,2.05308646451469E-26,-1.52601828471832E-14,-1.11759740351047E-10,-2.05308646451469E-26,1.52601828471832E-14,1.28752306103706E-01,-1.32767954710289E-05,-1.79104597124100E-19
1,18,19,1.72479160000000E+07,-2.31564746093750E+03,-2.69994480000000E+07,2.24675791860030E-10,2.44007872000000E+08,2.69994480000000E+07,1.12337895930015E-10,2.06370604222804E-26,-1.50821111106819E-14,-1.12337895930015E-10,-2.06370604222804E-26,1.50821111106819E-14,1.29120916128159E-01,-1.24588141261484E-05,-1.79104597124100E-19
1,18,20,1.72496240000000E+07,-2.31453784179688E+03,-2.69992640000000E+07,2.25797533448535E-10,2.43664000000000E+08,2.69992640000000E+07,1.12898766724268E-10,2.07400945928172E-26,-1.51486472427546E-14,-1.12898766724268E-10,-2.07400945928172E-26,1.51486472427546E-14,1.29463970661163E-01,-1.19303867904819E-05,-1.79104597124100E-19
1,18,21,1.72512380000000E+07,-2.37648339843750E+03,-2.69988680000000E+07,2.26928878466204E-10,2.43329280000000E+08,2.69988680000000E+07,1.13464432294208E-10,2.08440362615438E-26,-1.56305496974360E-14,-1.13464432294208E-10,-2.08440362615438E-26,1.56305496974360E-14,1.29794269800186E-01,-1.17373992907233E-05,-1.79104597124100E-19
1,18,22,1.72528380000000E+07,-2.52906030273438E+03,-2.69982640000000E+07,2.28115387690409E-10,2.42991088000000E+08,2.69982640000000E+07,1.14057693845204E-10,2.09530824149950E-26,-1.67194986425579E-14,-1.14057693845204E-10,-2.09530824149950E-26,1.67194986425579E-14,1.30124107003212E-01,-1.19384076242568E-05,-1.79104597124100E-19
1,18,23,1.72545000000000E+07,-2.80677905273438E+03,-2.69974420000000E+07,2.29407104423984E-10,2.42636368000000E+08,2.69974420000000E+07,1.14703552211992E-10,2.10718429590857E-26,-1.86587568583741E-14,-1.14703552211992E-10,-2.10718429590857E-26,1.86587568583741E-14,1.30465954542160E-01,-1.26159393403213E-05,-1.79104597124100E-19
1,18,24,1.72563120000000E+07,-3.25583764648438E+03,-2.69963820000000E+07,2.30861857408726E-10,2.42250720000000E+08,2.69963820000000E+07,1.15430928704363E-10,2.12056519493899E-26,-2.17789517973840E-14,-1.15430928704363E-10,-2.12056519493899E-26,2.17789517973840E-14,1.30833417177200E-01,-1.38888972287532E-05,-1.79104597124100E-19
1,18,25,1.72583640000000E+07,-3.93988427734375E+03,-2.69950540000000E+07,2.32549535184035E-10,2.41817536000000E+08,2.69950540000000E+07,1.16274760653123E-10,2.13609527771294E-26,-2.65441795876519E-14,-1.16274760653123E-10,-2.13609527771294E-26,2.65441795876519E-14,1.31242051720619E-01,-1.59278988576261E-05,-1.79104597124100E-19
1,18,26,1.72607740000000E+07,-4.94738574218750E+03,-2.69934140000000E+07,2.34557345768494E-10,2.41316688000000E+08,2.69934140000000E+07,1.17278672884247E-10,2.15458004517038E-26,-3.36151089873771E-14,-1.17278672884247E-10,-2.15458004517038E-26,3.36151089873771E-14,1.31710603833199E-01,-1.89756592590129E-05,-1.79104597124100E-19
1,18,27,1.72636840000000E+07,-6.40121875000000E+03,-2.69914120000000E+07,2.36997033109532E-10,2.40723232000000E+08,2.69914120000000E+07,1.18498502676978E-10,2.17705133353831E-26,-4.39381807305038E-14,-1.18498502676978E-10,-2.17705133353831E-26,4.39381807305038E-14,1.32262393832207E-01,-2.33750288316514E-05,-1.79104597124100E-19
1,18,28,1.72672800000000E+07,-8.47107617187500E+03,-2.69889960000000E+07,2.40014536023736E-10,2.40005344000000E+08,2.69889960000000E+07,1.20007254134080E-10,2.20485806414976E-26,-5.88738178217488E-14,-1.20007254134080E-10,-2.20485806414976E-26,5.88738178217488E-14,1.32927194237709E-01,-2.96082871500403E-05,-1.79104597124100E-19
1,18,29,1.72718100000000E+07,-1.13890595703125E+04,-2.69861140000000E+07,2.43803949251387E-10,2.39121760000000E+08,2.69861140000000E+07,1.21901946870118E-10,2.23979458741534E-26,-8.03823424922606E-14,-1.21901946870118E-10,-2.23979458741534E-26,8.03823424922606E-14,1.33743971586227E-01,-3.83529732062016E-05,-1.79104597124100E-19
1,18,30,1.72776080000000E+07,-1.54681132812500E+04,-2.69827440000000E+07,2.48627229915144E-10,2.38017920000000E+08,2.69827440000000E+07,1.24313559446421E-10,2.28428464765146E-26,-1.11294125499685E-13,-1.24313559446421E-10,-2.28428464765146E-26,1.11294125499685E-13,1.34764879941940E-01,-5.05623647768516E-05,-1.79104597124100E-19
1,18,31,1.72851300000000E+07,-2.11211074218750E+04,-2.69789080000000E+07,2.54843174340991E-10,2.36620416000000E+08,2.69789080000000E+07,1.27421503903768E-10,2.34164823993344E-26,-1.55699319539723E-13,-1.27421503903768E-10,-2.34164823993344E-26,1.55699319539723E-13,1.36061474680901E-01,-6.75836854497902E-05,-1.79104597124100E-19
1,18,32,1.72949840000000E+07,-2.88757402343750E+04,-2.69747260000000E+07,2.62949273466262E-10,2.34828528000000E+08,2.69747260000000E+07,1.31474442444102E-10,2.41649049386991E-26,-2.19509997743776E-13,-1.31474442444102E-10,-2.41649049386991E-26,2.19509997743776E-13,1.37734606862068E-01,-9.13386320462450E-05,-1.79104597124100E-19
1,18,33,1.73079500000000E+07,-3.93811367187500E+04,-2.69704380000000E+07,2.73642525305817E-10,2.32501520000000E+08,2.69704380000000E+07,1.36820901830426E-10,2.51526543181610E-26,-3.11311415014670E-13,-1.36820901830426E-10,-2.51526543181610E-26,3.11311415014670E-13,1.39930918812752E-01,-1.24618687550537E-04,-1.79104597124100E-19
1,18,34,1.73249380000000E+07,-5.34346093750000E+04,-2.69664160000000E+07,2.87914664331979E-10,2.29438576000000E+08,2.69664160000000E+07,1.43956652154387E-10,2.64715958553235E-26,-4.43999708960724E-13,-1.43956652154387E-10,-2.64715958553235E-26,4.43999708960724E-13,1.42870977520943E-01,-1.71673178556375E-04,-1.79104597124100E-19
1,18,35,1.73468000000000E+07,-7.21244296875000E+04,-2.69630140000000E+07,3.07194880644346E-10,2.25351024000000E+08,2.69630140000000E+07,1.53596121932331E-10,2.82542520192879E-26,-6.38621046235993E-13,-1.53596121932331E-10,-2.82542520192879E-26,6.38621046235993E-13,1.46894901990891E-01,-2.39502551266924E-04,-1.79104597124100E-19
1,18,36,1.73739220000000E+07,-9.77383359375000E+04,-2.69600580000000E+07,3.33685384878990E-10,2.19800112000000E+08,2.69600580000000E+07,1.66840055659812E-10,3.07054924523304E-26,-9.38571594576165E-13,-1.66840055659812E-10,-3.07054924523304E-26,9.38571594576165E-13,1.52566656470299E-01,-3.42769722919911E-04,-1.79104597124100E-19
1,18,37,1.74045960000000E+07,-1.42907328125000E+05,-2.69555380000000E+07,3.70311198372164E-10,2.12270288000000E+08,2.69555380000000E+07,1.85149354181569E-10,3.41044722257981E-26,-1.52024204856660E-12,-1.85149354181569E-10,-3.41044722257981E-26,1.52024204856660E-12,1.60666391253471E-01,-5.43104135431349E-04,-1.79104597124100E-19
1,18,38,1.74303560000000E+07,-1.59663109375000E+05,-2.69425440000000E+07,4.14533601889033E-10,2.03778224000000E+08,2.69425440000000E+07,2.07258099571561E-10,3.81889443925118E-26,-1.89849676777987E-12,-2.07258099571561E-10,-3.81889443925118E-26,1.89849676777987E-12,1.70160025358200E-01,-6.35844189673662E-04,-1.79104597124100E-19
1,18,39,1.37691840000000E+07,-1.16346046875000E+05,-2.69048860000000E+07,4.98549923566571E-10,1.88143248000000E+08,2.69048860000000E+07,2.49266052243513E-10,4.59184007570935E-26,-2.10623359031548E-12,-2.49266052243513E-10,-4.59184007570935E-26,2.10623359031548E-12,1.89873635768890E-01,-6.39515870716423E-04,-1.79104597124100E-19
1,18,40,1.37697040000000E+07,-9.70806406250000E+04,-2.67849160000000E+07,5.45228862058877E-10,1.80139408000000E+08,2.67849160000000E+07,2.72607658668989E-10,5.01948989244702E-26,-1.92196757640983E-12,-2.72607658668989E-10,-5.01948989244702E-26,1.92196757640983E-12,2.00816392898560E-01,-5.50913508050144E-04,-1.79104597124100E-19
1,18,41,1.36093100000000E+07,-1.51889203125000E+05,-2.64436160000000E+07,5.56569235143911E-10,1.78367936000000E+08,2.64436160000000E+07,2.78267270337196E-10,5.13070356449484E-26,-3.10565310447652E-12,-2.78267270337196E-10,-5.13070356449484E-26,3.10565310447652E-12,2.03347563743591E-01,-8.13801656477153E-04,-1.79104597124100E-19
1,19,1,1.25795990000000E+07,1.67266875000000E+05,-2.68654280000000E+07,1.18533585724556E-10,3.00405120000000E+08,2.68654280000000E+07,5.92615539973806E-11,1.08379211615184E-26,7.87981821719769E-13,-5.92615539973806E-11,-1.08379211615184E-26,-7.87981821719769E-13,7.29070082306862E-02,2.37566520809196E-04,-1.79104597124100E-19
1,19,2,1.30908710000000E+07,4.48305312500000E+04,-2.69190140000000E+07,2.10270495459852E-10,2.55088592000000E+08,2.69190140000000E+07,1.05134630168369E-10,1.92908723690087E-26,3.60040285345836E-13,-1.05134630168369E-10,-1.92908723690087E-26,-3.60040285345836E-13,1.15993395447731E-01,2.73488985840231E-05,-1.79104597124100E-19
1,19,3,1.32499160000000E+07,1.95234628906250E+04,-2.69044060000000E+07,2.58185195445293E-10,2.38267728000000E+08,2.69044060000000E+07,1.29092458944768E-10,2.37022534252265E-26,1.90214936358381E-13,-1.29092458944768E-10,-2.37022534252265E-26,-1.90214936358381E-13,1.33302152156830E-01,-4.71560742880683E-05,-1.79104597124100E-19
1,19,4,1.33320330000000E+07,9.39979003906250E+03,-2.68910740000000E+07,2.88485402233363E-10,2.29322112000000E+08,2.68910740000000E+07,1.44242659483318E-10,2.64907195692993E-26,1.01698719432754E-13,-1.44242659483318E-10,-2.64907195692993E-26,-1.01698719432754E-13,1.42830476164818E-01,-7.24689234630205E-05,-1.79104597124100E-19
1,19,5,1.33832170000000E+07,5.04562451171875E+03,-2.68834480000000E+07,3.09236664053358E-10,2.23745104000000E+08,2.68834480000000E+07,1.54618318148891E-10,2.83993562035299E-26,5.82928616401496E-14,-1.54618318148891E-10,-2.83993562035299E-26,-5.82928616401496E-14,1.48930519819260E-01,-7.46790246921591E-05,-1.79104597124100E-19
1,19,6,1.34208740000000E+07,2.80139526367188E+03,-2.68861560000000E+07,3.23836568671965E-10,2.20067456000000E+08,2.68861560000000E+07,1.61918270458195E-10,2.97418341453568E-26,3.37978817567357E-14,-1.61918270458195E-10,-2.97418341453568E-26,-3.37978817567357E-14,1.53017863631248E-01,-6.81901874486357E-05,-1.79104597124100E-19
1,19,7,1.34531950000000E+07,1.19924206542969E+03,-2.69005960000000E+07,3.34340055641036E-10,2.17561488000000E+08,2.69005960000000E+07,1.67170027820518E-10,3.07077234495780E-26,1.49018370885177E-14,-1.67170027820518E-10,-3.07077234495780E-26,-1.49018370885177E-14,1.55817642807961E-01,-6.02935106144287E-05,-1.79104597124100E-19
1,19,8,1.34826900000000E+07,-2.15703781127930E+02,-2.69228780000000E+07,3.42237072015195E-10,2.15746256000000E+08,2.69228780000000E+07,1.71118536007597E-10,3.14341318393064E-26,-2.73765220189855E-15,-1.71118536007597E-10,-3.14341318393064E-26,2.73765220189855E-15,1.57853946089745E-01,-5.40108630957548E-05,-1.79104597124100E-19
1,19,9,1.35086210000000E+07,-1.44854321289062E+03,-2.69462680000000E+07,3.48523848670013E-10,2.14317968000000E+08,2.69462680000000E+07,1.74261924335006E-10,3.20125394461564E-26,-1.86862837350940E-14,-1.74261924335006E-10,-3.20125394461564E-26,1.86862837350940E-14,1.59473881125450E-01,-4.96556276630145E-05,-1.79104597124100E-19
1,19,10,1.35298100000000E+07,-2.39313574218750E+03,-2.69655440000000E+07,3.53766071992112E-10,2.13115792000000E+08,2.69655440000000E+07,1.76883035996056E-10,3.24948015486947E-26,-3.12868491964685E-14,-1.76883035996056E-10,-3.24948015486947E-26,3.12868491964685E-14,1.60862326622009E-01,-4.63644282717723E-05,-1.79104597124100E-19
1,19,11,1.35460540000000E+07,-3.00191967773438E+03,-2.69789640000000E+07,3.58197194127996E-10,2.12089344000000E+08,2.69789640000000E+07,1.79098597063998E-10,3.29023098359995E-26,-3.96897582345419E-14,-1.79098597063998E-10,-3.29023098359995E-26,3.96897582345419E-14,1.62065669894218E-01,-4.32582564826589E-05,-1.79104597124100E-19
1,19,12,1.35581950000000E+07,-3.31242480468750E+03,-2.69874800000000E+07,3.61926932868073E-10,2.11223216000000E+08,2.69874800000000E+07,1.80963466434036E-10,3.32451561809796E-26,-4.42114809931331E-14,-1.80963466434036E-10,-3.32451561809796E-26,4.42114809931331E-14,1.63090348243713E-01,-3.99899145122617E-05,-1.79104597124100E-19
1,19,13,1.35672990000000E+07,-3.40084106445312E+03,-2.69926940000000E+07,3.65037555738468E-10,2.10505504000000E+08,2.69926940000000E+07,1.82518763991446E-10,3.35309549402629E-26,-4.57509837035585E-14,-1.82518763991446E-10,-3.35309549402629E-26,4.57509837035585E-14,1.63942158222198E-01,-3.65886626241263E-05,-1.79104597124100E-19
1,19,14,1.35742780000000E+07,-3.33917285156250E+03,-2.69959140000000E+07,3.67626179498259E-10,2.09914880000000E+08,2.69959140000000E+07,1.83813089749130E-10,3.37686855696223E-26,-4.52166719322987E-14,-1.83813089749130E-10,-3.37686855696223E-26,4.52166719322987E-14,1.64643138647079E-01,-3.31900337187108E-05,-1.79104597124100E-19
1,19,15,1.35797520000000E+07,-3.19154541015625E+03,-2.69979140000000E+07,3.69792640952937E-10,2.09427264000000E+08,2.69979140000000E+07,1.84896306598681E-10,3.39675617179115E-26,-4.34547688631104E-14,-1.84896306598681E-10,-3.39675617179115E-26,4.34547688631104E-14,1.65220871567726E-01,-2.99655494018225E-05,-1.79104597124100E-19
1,19,16,1.35841520000000E+07,-3.00714892578125E+03,-2.69991380000000E+07,3.71629976791965E-10,2.09019840000000E+08,2.69991380000000E+07,1.85814988395983E-10,3.41361776549146E-26,-4.11342102957582E-14,-1.85814988395983E-10,-3.41361776549146E-26,4.11342102957582E-14,1.65702223777771E-01,-2.70524542429484E-05,-1.79104597124100E-19
1,19,17,1.35877810000000E+07,-2.82089990234375E+03,-2.69998440000000E+07,3.73220010452258E-10,2.08673008000000E+08,2.69998440000000E+07,1.86609991348341E-10,3.42820707000618E-26,-3.87412880096562E-14,-1.86609991348341E-10,-3.42820707000618E-26,3.87412880096562E-14,1.66110426187515E-01,-2.45407682086807E-05,-1.79104597124100E-19
1,19,18,1.35908650000000E+07,-2.65697827148438E+03,-2.70001800000000E+07,3.74632824762244E-10,2.08370512000000E+08,2.70001800000000E+07,1.87316398503334E-10,3.44117058149905E-26,-3.66198635000717E-14,-1.87316398503334E-10,-3.44117058149905E-26,3.66198635000717E-14,1.66464671492577E-01,-2.24835039261961E-05,-1.79104597124100E-19
1,19,19,1.35935760000000E+07,-2.53310864257812E+03,-2.70002360000000E+07,3.75928704832162E-10,2.08098976000000E+08,2.70002360000000E+07,1.87964338538293E-10,3.45306358409163E-26,-3.50264047909062E-14,-1.87964338538293E-10,-3.45306358409163E-26,3.50264047909062E-14,1.66780665516853E-01,-2.09145055123372E-05,-1.79104597124100E-19
1,19,20,1.35960520000000E+07,-2.46450878906250E+03,-2.70000600000000E+07,3.77160802589316E-10,2.07847136000000E+08,2.70000600000000E+07,1.88580387416870E-10,3.46437480176661E-26,-3.41833088527907E-14,-1.88580387416870E-10,-3.46437480176661E-26,3.41833088527907E-14,1.67071491479874E-01,-1.98660000023665E-05,-1.79104597124100E-19
1,19,21,1.35984100000000E+07,-2.46732836914062E+03,-2.69996800000000E+07,3.78378134380242E-10,2.07605136000000E+08,2.69996800000000E+07,1.89189067190121E-10,3.47555690509812E-26,-3.43269182068000E-14,-1.89189067190121E-10,-3.47555690509812E-26,3.43269182068000E-14,1.67348429560661E-01,-1.93839496205328E-05,-1.79104597124100E-19
1,19,22,1.36007570000000E+07,-2.56180126953125E+03,-2.69991060000000E+07,3.79628634084028E-10,2.07363872000000E+08,2.69991060000000E+07,1.89814317042014E-10,3.48705116315501E-26,-3.57529049497662E-14,-1.89814317042014E-10,-3.48705116315501E-26,3.57529049497662E-14,1.67621791362762E-01,-1.95419452211354E-05,-1.79104597124100E-19
1,19,23,1.36031960000000E+07,-2.77548437500000E+03,-2.69983340000000E+07,3.80962011936603E-10,2.07114336000000E+08,2.69983340000000E+07,1.90481005968302E-10,3.49931733393362E-26,-3.88641789377756E-14,-1.90481005968302E-10,-3.49931733393362E-26,3.88641789377756E-14,1.67901575565338E-01,-2.04553634830518E-05,-1.79104597124100E-19
1,19,24,1.36058330000000E+07,-3.14697070312500E+03,-2.69973440000000E+07,3.82432890910778E-10,2.06847104000000E+08,2.69973440000000E+07,1.91216431577601E-10,3.51285985700497E-26,-4.42275407378130E-14,-1.91216431577601E-10,-3.51285985700497E-26,4.42275407378130E-14,1.68198153376579E-01,-2.22976614168147E-05,-1.79104597124100E-19
1,19,25,1.36087880000000E+07,-3.73047387695312E+03,-2.69961140000000E+07,3.84103970851868E-10,2.06551792000000E+08,2.69961140000000E+07,1.92051985425934E-10,3.52825990098908E-26,-5.26457539671774E-14,-1.92051985425934E-10,-3.52825990098908E-26,5.26457539671774E-14,1.68522864580154E-01,-2.53207508649211E-05,-1.79104597124100E-19
1,19,26,1.36121980000000E+07,-4.60161865234375E+03,-2.69946080000000E+07,3.86049803235977E-10,2.06216416000000E+08,2.69946080000000E+07,1.93024887740201E-10,3.54620925992198E-26,-6.52522808464347E-14,-1.93024887740201E-10,-3.54620925992198E-26,6.52522808464347E-14,1.68888732790947E-01,-2.98813247354701E-05,-1.79104597124100E-19
1,19,27,1.36162270000000E+07,-5.86465869140625E+03,-2.69927860000000E+07,3.88360982261915E-10,2.05826752000000E+08,2.69927860000000E+07,1.94180477253170E-10,3.56754948815216E-26,-8.36356740699200E-14,-1.94180477253170E-10,-3.56754948815216E-26,8.36356740699200E-14,1.69311150908470E-01,-3.64747793355491E-05,-1.79104597124100E-19
1,19,28,1.36210770000000E+07,-7.66102734375000E+03,-2.69906060000000E+07,3.91149668210744E-10,2.05365648000000E+08,2.69906060000000E+07,1.95574806349796E-10,3.59332459378388E-26,-1.09998930808170E-13,-1.95574806349796E-10,-3.59332459378388E-26,1.09998930808170E-13,1.69808745384216E-01,-4.57777096016798E-05,-1.79104597124100E-19
1,19,29,1.36270060000000E+07,-1.01784892578125E+04,-2.69880340000000E+07,3.94556387561806E-10,2.04812032000000E+08,2.69880340000000E+07,1.97278138269752E-10,3.62484297658417E-26,-1.47353971472614E-13,-1.97278138269752E-10,-3.62484297658417E-26,1.47353971472614E-13,1.70404538512230E-01,-5.86983514949679E-05,-1.79104597124100E-19
1,19,30,1.36343390000000E+07,-1.36589541015625E+04,-2.69850580000000E+07,3.98759553155159E-10,2.04139584000000E+08,2.69850580000000E+07,1.99379679433065E-10,3.66376833187617E-26,-1.99739638891139E-13,-1.99379679433065E-10,-3.66376833187617E-26,1.99739638891139E-13,1.71127557754517E-01,-7.64312353567220E-05,-1.79104597124100E-19
1,19,31,1.36435070000000E+07,-1.84011816406250E+04,-2.69817180000000E+07,4.03989119934778E-10,2.03314800000000E+08,2.69817180000000E+07,2.01994365678360E-10,3.71224445079958E-26,-2.72432548525589E-13,-2.01994365678360E-10,-3.71224445079958E-26,2.72432548525589E-13,1.72015205025673E-01,-1.00507277238648E-04,-1.79104597124100E-19
1,19,32,1.36550780000000E+07,-2.47524648437500E+04,-2.69781320000000E+07,4.10546846518756E-10,2.02293856000000E+08,2.69781320000000E+07,2.05273090192470E-10,3.77308380737079E-26,-3.72097101394853E-13,-2.05273090192470E-10,-3.77308380737079E-26,3.72097101394853E-13,1.73117518424988E-01,-1.32823712192476E-04,-1.79104597124100E-19
1,19,33,1.36698020000000E+07,-3.30835429687500E+04,-2.69745380000000E+07,4.18837658999749E-10,2.01017440000000E+08,2.69745380000000E+07,2.09418218877211E-10,3.85005382870982E-26,-5.06832314832451E-13,-2.09418218877211E-10,-3.85005382870982E-26,5.06832314832451E-13,1.74504116177559E-01,-1.75638371729292E-04,-1.79104597124100E-19
1,19,34,1.36886300000000E+07,-4.37397617187500E+04,-2.69712800000000E+07,4.29412866376211E-10,1.99403136000000E+08,2.69712800000000E+07,2.14705336842869E-10,3.94827409883203E-26,-6.86055541803537E-13,-2.14705336842869E-10,-3.94827409883203E-26,6.86055541803537E-13,1.76275566220284E-01,-2.31490572332405E-04,-1.79104597124100E-19
1,19,35,1.37126390000000E+07,-5.69749453125000E+04,-2.69686740000000E+07,4.43022618590305E-10,1.97335296000000E+08,2.69686740000000E+07,2.21509394160435E-10,4.07469707076227E-26,-9.20354179152760E-13,-2.21509394160435E-10,-4.07469707076227E-26,9.20354179152760E-13,1.78580626845360E-01,-3.03026812616736E-04,-1.79104597124100E-19
1,19,36,1.37425570000000E+07,-7.26726484375000E+04,-2.69665080000000E+07,4.60572135985160E-10,1.94671072000000E+08,2.69665080000000E+07,2.30282848345809E-10,4.23768405379829E-26,-1.21776926650247E-12,-2.30282848345809E-10,-4.23768405379829E-26,1.21776926650247E-12,1.81619033217430E-01,-3.91306035453454E-04,-1.79104597124100E-19
1,19,37,1.37774140000000E+07,-8.53967578125000E+04,-2.69627220000000E+07,4.82765327713963E-10,1.91301952000000E+08,2.69627220000000E+07,2.41378028675854E-10,4.44320358187495E-26,-1.49613719850616E-12,-2.41378028675854E-10,-4.44320358187495E-26,1.49613719850616E-12,1.85575291514397E-01,-4.65960765723139E-04,-1.79104597124100E-19
1,19,38,1.38152370000000E+07,-1.06814726562500E+05,-2.69503120000000E+07,5.12135778230061E-10,1.86708192000000E+08,2.69503120000000E+07,2.56060228576160E-10,4.71587273746701E-26,-1.97977073103373E-12,-2.56060228576160E-10,-4.71587273746701E-26,1.97977073103373E-12,1.91272735595703E-01,-5.98793907556683E-04,-1.79104597124100E-19
1,19,39,1.38338460000000E+07,-1.08877835937500E+05,-2.69127640000000E+07,5.39894018380949E-10,1.82294016000000E+08,2.69127640000000E+07,2.69938627006638E-10,4.97170125347656E-26,-2.12452386412487E-12,-2.69938627006638E-10,-4.97170125347656E-26,2.12452386412487E-12,1.97067424654961E-01,-6.28735579084605E-04,-1.79104597124100E-19
1,19,40,1.38116230000000E+07,-1.02172148437500E+05,-2.67915920000000E+07,5.73267433523483E-10,1.76712480000000E+08,2.67915920000000E+07,2.86625861933842E-10,5.27821531524172E-26,-2.12032865223866E-12,-2.86625861933842E-10,-5.27821531524172E-26,2.12032865223866E-12,2.05061703920364E-01,-6.09121751040220E-04,-1.79104597124100E-19
1,19,41,1.36441340000000E+07,-1.51673390625000E+05,-2.64475860000000E+07,5.81034498292610E-10,1.75480976000000E+08,2.64475860000000E+07,2.90499291288882E-10,5.35615908676063E-26,-3.22930094123763E-12,-2.90499291288882E-10,-5.35615908676063E-26,3.22930094123763E-12,2.06934288144112E-01,-8.60055384691805E-04,-1.79104597124100E-19
1,20,1,1.26696090000000E+07,-8.93296640625000E+04,-2.68583140000000E+07,1.30518859609019E-10,2.96291104000000E+08,2.68583140000000E+07,6.52578061033360E-11,1.20158376340611E-26,-4.60113446908855E-13,-6.52578061033360E-11,-1.20158376340611E-26,4.60113446908855E-13,7.58347958326340E-02,-3.27352987369522E-04,-1.79104597124100E-19
1,20,2,1.31739710000000E+07,-4.32229687500000E+04,-2.69139140000000E+07,2.31674721073993E-10,2.49158624000000E+08,2.69139140000000E+07,1.15836736036545E-10,2.13021348766279E-26,-3.80053004041606E-13,-1.15836736036545E-10,-2.13021348766279E-26,3.80053004041606E-13,1.21380805969238E-01,-2.51015211688355E-04,-1.79104597124100E-19
1,20,3,1.33411690000000E+07,-2.84854843750000E+04,-2.68973500000000E+07,2.88719104180046E-10,2.30772128000000E+08,2.68973500000000E+07,1.44359232900904E-10,2.65372346293162E-26,-3.08229570339380E-13,-1.44359232900904E-10,-2.65372346293162E-26,3.08229570339380E-13,1.40684232115746E-01,-2.17017615796067E-04,-1.79104597124100E-19
1,20,4,1.34272530000000E+07,-2.24825898437500E+04,-2.68819340000000E+07,3.25329013728393E-10,2.21001744000000E+08,2.68819340000000E+07,1.62664284819591E-10,2.98976218481863E-26,-2.72365029835298E-13,-1.62664284819591E-10,-2.98976218481863E-26,2.72365029835298E-13,1.51354014873505E-01,-1.91908591659740E-04,-1.79104597124100E-19
1,20,5,1.34799610000000E+07,-1.97285507812500E+04,-2.68727620000000E+07,3.50218132272317E-10,2.15021008000000E+08,2.68727620000000E+07,1.75108871847129E-10,3.21826714752117E-26,-2.56279996139683E-13,-1.75108871847129E-10,-3.21826714752117E-26,2.56279996139683E-13,1.58080428838730E-01,-1.75624096300453E-04,-1.79104597124100E-19
1,20,6,1.35184640000000E+07,-1.77956328125000E+04,-2.68752620000000E+07,3.67493591113544E-10,2.11162176000000E+08,2.68752620000000E+07,1.83746629023318E-10,3.37685191692751E-26,-2.41883092331682E-13,-1.83746629023318E-10,-3.37685191692751E-26,2.41883092331682E-13,1.62494793534279E-01,-1.59999937750399E-04,-1.79104597124100E-19
1,20,7,1.35518150000000E+07,-1.57776503906250E+04,-2.68911380000000E+07,3.79728470889518E-10,2.08590896000000E+08,2.68911380000000E+07,1.89864110544669E-10,3.48910066076463E-26,-2.21048589046750E-13,-1.89864110544669E-10,-3.48910066076463E-26,2.21048589046750E-13,1.65450081229210E-01,-1.41324606374837E-04,-1.79104597124100E-19
1,20,8,1.35826390000000E+07,-1.36010439453125E+04,-2.69160280000000E+07,3.88800242001608E-10,2.06760512000000E+08,2.69160280000000E+07,1.94400023856289E-10,3.57226231576327E-26,-1.94663444977143E-13,-1.94400023856289E-10,-3.57226231576327E-26,1.94663444977143E-13,1.67561963200569E-01,-1.20519012853038E-04,-1.79104597124100E-19
1,20,9,1.36098870000000E+07,-1.14779755859375E+04,-2.69422500000000E+07,3.95959348642450E-10,2.05329744000000E+08,2.69422500000000E+07,1.97979604932286E-10,3.63784870446142E-26,-1.66967229430458E-13,-1.97979604932286E-10,-3.63784870446142E-26,1.66967229430458E-13,1.69234946370125E-01,-1.00157420092728E-04,-1.79104597124100E-19
1,20,10,1.36320590000000E+07,-9.61528222656250E+03,-2.69638140000000E+07,4.01904176605683E-10,2.04123616000000E+08,2.69638140000000E+07,2.00952032791690E-10,3.69229705510518E-26,-1.41740175911391E-13,-2.00952032791690E-10,-3.69229705510518E-26,1.41740175911391E-13,1.70676842331886E-01,-8.23380760266446E-05,-1.79104597124100E-19
1,20,11,1.36488630000000E+07,-8.11485449218750E+03,-2.69787460000000E+07,4.06915223738480E-10,2.03091776000000E+08,2.69787460000000E+07,2.03457570235877E-10,3.73819550939102E-26,-1.20964544804425E-13,-2.03457570235877E-10,-3.73819550939102E-26,1.20964544804425E-13,1.71932727098465E-01,-6.80380107951351E-05,-1.79104597124100E-19
1,20,12,1.36612230000000E+07,-6.93053417968750E+03,-2.69881300000000E+07,4.11116529708266E-10,2.02222576000000E+08,2.69881300000000E+07,2.05558237098558E-10,3.77668206080449E-26,-1.04282637484066E-13,-2.05558237098558E-10,-3.77668206080449E-26,1.04282637484066E-13,1.73002004623413E-01,-5.68906434637029E-05,-1.79104597124100E-19
1,20,13,1.36703380000000E+07,-5.98531347656250E+03,-2.69938040000000E+07,4.14601047937779E-10,2.01506192000000E+08,2.69938040000000E+07,2.07300496213314E-10,3.80860411852112E-26,-9.07628261285522E-14,-2.07300496213314E-10,-3.80860411852112E-26,9.07628261285522E-14,1.73886507749557E-01,-4.81853494420648E-05,-1.79104597124100E-19
1,20,14,1.36772180000000E+07,-5.21576269531250E+03,-2.69972620000000E+07,4.17481688108623E-10,2.00921008000000E+08,2.69972620000000E+07,2.08740830176524E-10,3.83499428913988E-26,-7.96026452761812E-14,-2.08740830176524E-10,-3.83499428913988E-26,7.96026452761812E-14,1.74609050154686E-01,-4.12893750763033E-05,-1.79104597124100E-19
1,20,15,1.36825370000000E+07,-4.58222314453125E+03,-2.69993720000000E+07,4.19875911816803E-10,2.00441584000000E+08,2.69993720000000E+07,2.09937942030614E-10,3.85692801194173E-26,-7.03073192655397E-14,-2.09937942030614E-10,-3.85692801194173E-26,7.03073192655397E-14,1.75199940800667E-01,-3.57624703610782E-05,-1.79104597124100E-19
1,20,16,1.36867560000000E+07,-4.06157495117188E+03,-2.70006420000000E+07,4.21892715207761E-10,2.00043904000000E+08,2.70006420000000E+07,2.10946357603881E-10,3.87540492160499E-26,-6.25987976732301E-14,-2.10946357603881E-10,-3.87540492160499E-26,6.25987976732301E-14,1.75688713788986E-01,-3.13211130560376E-05,-1.79104597124100E-19
1,20,17,1.36901950000000E+07,-3.63945507812500E+03,-2.70013560000000E+07,4.23627077861255E-10,1.99707456000000E+08,2.70013560000000E+07,2.11813525052840E-10,3.89129615476212E-26,-5.63093408706417E-14,-2.11813525052840E-10,-3.89129615476212E-26,5.63093408706417E-14,1.76100715994835E-01,-2.77773506240919E-05,-1.79104597124100E-19
1,20,18,1.36930850000000E+07,-3.30653369140625E+03,-2.70016820000000E+07,4.25159213390813E-10,1.99415552000000E+08,2.70016820000000E+07,2.12579592817619E-10,3.90533818702384E-26,-5.13325954009172E-14,-2.12579592817619E-10,-3.90533818702384E-26,5.13325954009172E-14,1.76456511020660E-01,-2.50020348175894E-05,-1.79104597124100E-19
1,20,19,1.36956010000000E+07,-3.05751269531250E+03,-2.70017200000000E+07,4.26557011934392E-10,1.99154656000000E+08,2.70017200000000E+07,2.13278505967196E-10,3.91815409524577E-26,-4.76139513558814E-14,-2.13278505967196E-10,-3.91815409524577E-26,4.76139513558814E-14,1.76772624254227E-01,-2.29086108447518E-05,-1.79104597124100E-19
1,20,20,1.36978800000000E+07,-2.89137817382812E+03,-2.70015340000000E+07,4.27879287556721E-10,1.98913616000000E+08,2.70015340000000E+07,2.13939629900572E-10,3.93028375610992E-26,-4.51588432989238E-14,-2.13939629900572E-10,-3.93028375610992E-26,4.51588432989238E-14,1.77062541246414E-01,-2.14477822737535E-05,-1.79104597124100E-19
1,20,21,1.37000360000000E+07,-2.81223608398438E+03,-2.70011520000000E+07,4.29179136673952E-10,1.98682880000000E+08,2.70011520000000E+07,2.14589554459188E-10,3.94221589359897E-26,-4.40492640193385E-14,-2.14589554459188E-10,-3.94221589359897E-26,4.40492640193385E-14,1.77337661385536E-01,-2.06076347240014E-05,-1.79104597124100E-19
1,20,22,1.37021700000000E+07,-2.83055395507812E+03,-2.70005900000000E+07,4.30507296478311E-10,1.98453808000000E+08,2.70005900000000E+07,2.15253648239155E-10,3.95441766128023E-26,-4.44664650153109E-14,-2.15253648239155E-10,-3.95441766128023E-26,4.44664650153109E-14,1.77608132362366E-01,-2.04171228688210E-05,-1.79104597124100E-19
1,20,23,1.37043760000000E+07,-2.96487353515625E+03,-2.69998500000000E+07,4.31915170295838E-10,1.98218080000000E+08,2.69998500000000E+07,2.15957585147919E-10,3.96736237569685E-26,-4.67213446479330E-14,-2.15957585147919E-10,-3.96736237569685E-26,4.67213446479330E-14,1.77883610129356E-01,-2.09525951504475E-05,-1.79104597124100E-19
1,20,24,1.37067510000000E+07,-3.24414672851562E+03,-2.69989240000000E+07,4.33457658655101E-10,1.97967248000000E+08,2.69989240000000E+07,2.16728815449763E-10,3.98155786605654E-26,-5.12958985455104E-14,-2.16728815449763E-10,-3.98155786605654E-26,5.12958985455104E-14,1.78173780441284E-01,-2.23478000407340E-05,-1.79104597124100E-19
1,20,25,1.37093970000000E+07,-3.71088598632812E+03,-2.69977920000000E+07,4.35195934844756E-10,1.97692240000000E+08,2.69977920000000E+07,2.17597967422378E-10,3.99757050983736E-26,-5.88998386738884E-14,-2.17597967422378E-10,-3.99757050983736E-26,5.88998386738884E-14,1.78488940000534E-01,-2.48082196776522E-05,-1.79104597124100E-19
1,20,26,1.37124270000000E+07,-4.42527832031250E+03,-2.69964260000000E+07,4.37200220471112E-10,1.97382992000000E+08,2.69964260000000E+07,2.18600096357768E-10,4.01605050098854E-26,-7.05466840001702E-14,-2.18600096357768E-10,-4.01605050098854E-26,7.05466840001702E-14,1.78840413689613E-01,-2.86305694316979E-05,-1.79104597124100E-19
1,20,27,1.37159710000000E+07,-5.47029394531250E+03,-2.69947960000000E+07,4.39552311215508E-10,1.97028160000000E+08,2.69947960000000E+07,2.19776141729966E-10,4.03775896702409E-26,-8.76525685800794E-14,-2.19776141729966E-10,-4.03775896702409E-26,8.76525685800794E-14,1.79241046309471E-01,-3.42280072800349E-05,-1.79104597124100E-19
1,20,28,1.37201800000000E+07,-6.95750439453125E+03,-2.69928720000000E+07,4.42348491169753E-10,1.96614704000000E+08,2.69928720000000E+07,2.21174217829301E-10,4.06359138833096E-26,-1.12157462137108E-13,-2.21174217829301E-10,-4.06359138833096E-26,1.12157462137108E-13,1.79705470800400E-01,-4.21605000155978E-05,-1.79104597124100E-19
1,20,29,1.37252360000000E+07,-9.03270605468750E+03,-2.69906260000000E+07,4.45702419415994E-10,1.96127696000000E+08,2.69906260000000E+07,2.22851168074634E-10,4.09460748860174E-26,-1.46660434447929E-13,-2.22851168074634E-10,-4.09460748860174E-26,1.46660434447929E-13,1.80250629782677E-01,-5.31675032107159E-05,-1.79104597124100E-19
1,20,30,1.37313580000000E+07,-1.18793720703125E+04,-2.69880600000000E+07,4.49748682740392E-10,1.95549872000000E+08,2.69880600000000E+07,2.24874258103469E-10,4.13206420675535E-26,-1.94544846812000E-13,-2.24874258103469E-10,-4.13206420675535E-26,1.94544846812000E-13,1.80896148085594E-01,-6.81955061736517E-05,-1.79104597124100E-19
1,20,31,1.37388210000000E+07,-1.57162109375000E+04,-2.69852200000000E+07,4.54648485526121E-10,1.94861056000000E+08,2.69852200000000E+07,2.27324090107395E-10,4.17746808223148E-26,-2.60042204783262E-13,-2.27324090107395E-10,-4.17746808223148E-26,2.60042204783262E-13,1.81665286421776E-01,-8.84047622093931E-05,-1.79104597124100E-19
1,20,32,1.37479820000000E+07,-2.07824140625000E+04,-2.69822320000000E+07,4.60599336449263E-10,1.94036640000000E+08,2.69822320000000E+07,2.30299404546663E-10,4.23266338554487E-26,-3.48136748378955E-13,-2.30299404546663E-10,-4.23266338554487E-26,3.48136748378955E-13,1.82586848735809E-01,-1.15124283183832E-04,-1.79104597124100E-19
1,20,33,1.37593080000000E+07,-2.72986464843750E+04,-2.69793320000000E+07,4.67853034091803E-10,1.93044688000000E+08,2.69793320000000E+07,2.33926072956692E-10,4.29999389640064E-26,-4.64112363991742E-13,-2.33926072956692E-10,-4.29999389640064E-26,4.64112363991742E-13,1.83699384331703E-01,-1.49691870319657E-04,-1.79104597124100E-19
1,20,34,1.37733960000000E+07,-3.53824609375000E+04,-2.69768620000000E+07,4.76745365407538E-10,1.91840016000000E+08,2.69768620000000E+07,2.38371905547652E-10,4.38257037684498E-26,-6.12353321261666E-13,-2.38371905547652E-10,-4.38257037684498E-26,6.12353321261666E-13,1.85059502720833E-01,-1.93058425793424E-04,-1.79104597124100E-19
1,20,35,1.37909180000000E+07,-4.48676601562500E+04,-2.69751400000000E+07,4.87732410014985E-10,1.90355408000000E+08,2.69751400000000E+07,2.43864928251014E-10,4.48458395858566E-26,-7.93395243166989E-13,-2.43864928251014E-10,-4.48458395858566E-26,7.93395243166989E-13,1.86756208539009E-01,-2.44882481638342E-04,-1.79104597124100E-19
1,20,36,1.38123450000000E+07,-5.49360156250000E+04,-2.69739880000000E+07,5.01427288579492E-10,1.88488240000000E+08,2.69739880000000E+07,2.50711673643877E-10,4.61160443102184E-26,-9.97158735790982E-13,-2.50711673643877E-10,-4.61160443102184E-26,9.97158735790982E-13,1.88934728503227E-01,-3.01635416690260E-04,-1.79104597124100E-19
1,20,37,1.38373230000000E+07,-6.55393437500000E+04,-2.69714340000000E+07,5.18758980216916E-10,1.86056048000000E+08,2.69714340000000E+07,2.59376575773018E-10,4.77219278386792E-26,-1.22851598685636E-12,-2.59376575773018E-10,-4.77219278386792E-26,1.22851598685636E-12,1.91872254014015E-01,-3.64802486728877E-04,-1.79104597124100E-19
1,20,38,1.38612840000000E+07,-7.30287421875000E+04,-2.69606000000000E+07,5.39782107900066E-10,1.82973488000000E+08,2.69606000000000E+07,2.69887334702901E-10,4.96645625290321E-26,-1.42191239251716E-12,-2.69887334702901E-10,-4.96645625290321E-26,1.42191239251716E-12,1.95783093571663E-01,-4.17724048020318E-04,-1.79104597124100E-19
1,20,39,1.38761510000000E+07,-8.32886953125000E+04,-2.69249180000000E+07,5.66027669179903E-10,1.78895216000000E+08,2.69249180000000E+07,2.83008727564038E-10,5.20918752084455E-26,-1.69870075037576E-12,-2.83008727564038E-10,-5.20918752084455E-26,1.69870075037576E-12,2.01305538415909E-01,-4.97073284350336E-04,-1.79104597124100E-19
1,20,40,1.38449740000000E+07,-1.09604992187500E+05,-2.68052060000000E+07,5.93365800938273E-10,1.74379936000000E+08,2.68052060000000E+07,2.96673602351305E-10,5.46418680845725E-26,-2.34864341516761E-12,-2.96673602351305E-10,-5.46418680845725E-26,2.34864341516761E-12,2.07979694008827E-01,-6.82761543430388E-04,-1.79104597124100E-19
1,20,41,1.36766930000000E+07,-1.60804375000000E+05,-2.64651460000000E+07,5.99344240903577E-10,1.73428320000000E+08,2.64651460000000E+07,2.99651387036803E-10,5.52607972574524E-26,-3.52316570015332E-12,-2.99651387036803E-10,-5.52607972574524E-26,3.52316570015332E-12,2.09492236375809E-01,-9.80540062300861E-04,-1.79104597124100E-19
1,21,1,1.26642290000000E+07,-8.85104000000000E+05,-2.68155240000000E+07,1.36910024983727E-10,2.94052896000000E+08,2.68155240000000E+07,6.82884304659126E-11,1.28366242947842E-26,-4.77268398413333E-12,-6.82884304659126E-11,-1.28366242947842E-26,4.77268398413333E-12,7.74251297116280E-02,-2.67528649419546E-03,-1.79104597124100E-19
1,21,2,1.31836540000000E+07,-2.67583125000000E+05,-2.68882960000000E+07,2.38260577933858E-10,2.47488064000000E+08,2.68882960000000E+07,1.19105753038085E-10,2.20273984935973E-26,-2.41743972929920E-12,-1.19105753038085E-10,-2.20273984935973E-26,2.41743972929920E-12,1.22872039675713E-01,-1.15672242827713E-03,-1.79104597124100E-19
1,21,3,1.33509610000000E+07,-1.54014937500000E+05,-2.68674880000000E+07,2.97570468266173E-10,2.28731248000000E+08,2.68674880000000E+07,1.48775339270379E-10,2.74346748425699E-26,-1.71625279092591E-12,-1.48775339270379E-10,-2.74346748425699E-26,1.71625279092591E-12,1.42722964286804E-01,-7.69329257309437E-04,-1.79104597124100E-19
1,21,4,1.34373850000000E+07,-1.12595625000000E+05,-2.68484400000000E+07,3.36388666921650E-10,2.18606032000000E+08,2.68484400000000E+07,1.68188435401007E-10,3.09820066885378E-26,-1.40929813392116E-12,-1.68188435401007E-10,-3.09820066885378E-26,1.40929813392116E-12,1.53892785310745E-01,-6.40709709841758E-04,-1.79104597124100E-19
1,21,5,1.34903220000000E+07,-9.14146796875000E+04,-2.68374560000000E+07,3.62817498267276E-10,2.12424992000000E+08,2.68374560000000E+07,1.81404585797296E-10,3.33987498644164E-26,-1.22925465379647E-12,-1.81404585797296E-10,-3.33987498644164E-26,1.22925465379647E-12,1.60925388336182E-01,-5.75687910895795E-04,-1.79104597124100E-19
1,21,6,1.35298420000000E+07,-7.60668437500000E+04,-2.68412120000000E+07,3.80984077619217E-10,2.08503104000000E+08,2.68412120000000E+07,1.90489027329654E-10,3.50578445261248E-26,-1.07095842610816E-12,-1.90489027329654E-10,-3.50578445261248E-26,1.07095842610816E-12,1.65458038449287E-01,-5.14803628902882E-04,-1.79104597124100E-19
1,21,7,1.35655300000000E+07,-6.21524804687500E+04,-2.68617360000000E+07,3.93658800001973E-10,2.05956992000000E+08,2.68617360000000E+07,1.96827346088391E-10,3.62118155264829E-26,-9.01793505321546E-13,-1.96827346088391E-10,-3.62118155264829E-26,9.01793505321546E-13,1.68399646878242E-01,-4.40664123743773E-04,-1.79104597124100E-19
1,21,8,1.35997060000000E+07,-4.92615078125000E+04,-2.68935440000000E+07,4.02936656263009E-10,2.04188032000000E+08,2.68935440000000E+07,2.01467009741663E-10,3.70535732531845E-26,-7.29763417663815E-13,-2.01467009741663E-10,-3.70535732531845E-26,7.29763417663815E-13,1.70437827706337E-01,-3.58328747097403E-04,-1.79104597124100E-19
1,21,9,1.36304860000000E+07,-3.82552109375000E+04,-2.69270420000000E+07,4.10221245861209E-10,2.02817616000000E+08,2.69270420000000E+07,2.05109818018911E-10,3.77133105704701E-26,-5.75659528725958E-13,-2.05109818018911E-10,-3.77133105704701E-26,5.75659528725958E-13,1.72034040093422E-01,-2.80819804174826E-04,-1.79104597124100E-19
1,21,10,1.36556520000000E+07,-2.96840566406250E+04,-2.69547480000000E+07,4.16281370485549E-10,2.01654944000000E+08,2.69547480000000E+07,2.08140185642414E-10,3.82624378791896E-26,-4.52445996250092E-13,-2.08140185642414E-10,-3.82624378791896E-26,4.52445996250092E-13,1.73422172665596E-01,-2.17489752685651E-04,-1.79104597124100E-19
1,21,11,1.36746350000000E+07,-2.33252792968750E+04,-2.69741560000000E+07,4.21408186124239E-10,2.00649984000000E+08,2.69741560000000E+07,2.10703787750788E-10,3.87276655165558E-26,-3.59404454981782E-13,-2.10703787750788E-10,-3.87276655165558E-26,3.59404454981782E-13,1.74648165702820E-01,-1.69702281709760E-04,-1.79104597124100E-19
1,21,12,1.36884430000000E+07,-1.86764199218750E+04,-2.69865400000000E+07,4.25717683327775E-10,1.99796672000000E+08,2.69865400000000E+07,2.12858647374858E-10,3.91192825707035E-26,-2.90422932014076E-13,-2.12858647374858E-10,-3.91192825707035E-26,2.90422932014076E-13,1.75703123211861E-01,-1.34899266413413E-04,-1.79104597124100E-19
1,21,13,1.36984680000000E+07,-1.52235029296875E+04,-2.69941360000000E+07,4.29296542758806E-10,1.99089888000000E+08,2.69941360000000E+07,2.14648132601525E-10,3.94448294425511E-26,-2.38544671212274E-13,-2.14648132601525E-10,-3.94448294425511E-26,2.38544671212274E-13,1.76581725478172E-01,-1.09384025563486E-04,-1.79104597124100E-19
1,21,14,1.37059000000000E+07,-1.26297988281250E+04,-2.69987920000000E+07,4.32256869187242E-10,1.98510768000000E+08,2.69987920000000E+07,2.16128337449106E-10,3.97143271307851E-26,-1.99159292573262E-13,-2.16128337449106E-10,-3.97143271307851E-26,1.99159292573262E-13,1.77302643656731E-01,-9.04858534340747E-05,-1.79104597124100E-19
1,21,15,1.37115410000000E+07,-1.06624257812500E+04,-2.70016320000000E+07,4.34718178121685E-10,1.98035264000000E+08,2.70016320000000E+07,2.17359019671903E-10,3.99385546801184E-26,-1.69023622138484E-13,-2.17359019671903E-10,-3.99385546801184E-26,1.69023622138484E-13,1.77894160151482E-01,-7.63108837418258E-05,-1.79104597124100E-19
1,21,16,1.37159320000000E+07,-9.16063378906250E+03,-2.70033200000000E+07,4.36792657598772E-10,1.97640016000000E+08,2.70033200000000E+07,2.18396287166023E-10,4.01276779191693E-26,-1.45863098617756E-13,-2.18396287166023E-10,-4.01276779191693E-26,1.45863098617756E-13,1.78384929895401E-01,-6.55660696793348E-05,-1.79104597124100E-19
1,21,17,1.37194460000000E+07,-8.01231738281250E+03,-2.70042480000000E+07,4.38578284800428E-10,1.97304912000000E+08,2.70042480000000E+07,2.19289100766851E-10,4.02905961850249E-26,-1.28067410734393E-13,-2.19289100766851E-10,-4.02905961850249E-26,1.28067410734393E-13,1.78799837827682E-01,-5.73702782276087E-05,-1.79104597124100E-19
1,21,18,1.37223470000000E+07,-7.13984130859375E+03,-2.70046460000000E+07,4.40157910119865E-10,1.97013488000000E+08,2.70046460000000E+07,2.20078927304357E-10,4.04348529600914E-26,-1.14508730730996E-13,-2.20078927304357E-10,-4.04348529600914E-26,1.14508730730996E-13,1.79159253835678E-01,-5.11241742060520E-05,-1.79104597124100E-19
1,21,19,1.37248310000000E+07,-6.49115136718750E+03,-2.70046640000000E+07,4.41601560874361E-10,1.96752384000000E+08,2.70046640000000E+07,2.20800752681605E-10,4.05668361688082E-26,-1.04427595314528E-13,-2.20800752681605E-10,-4.05668361688082E-26,1.04427595314528E-13,1.79479524493217E-01,-4.64259464934003E-05,-1.79104597124100E-19
1,21,20,1.37270500000000E+07,-6.03418750000000E+03,-2.70043880000000E+07,4.42969855241060E-10,1.96510592000000E+08,2.70043880000000E+07,2.21484913742742E-10,4.06920801634637E-26,-9.73611585775545E-14,-2.21484913742742E-10,-4.06920801634637E-26,9.73611585775545E-14,1.79774031043053E-01,-4.30186155426782E-05,-1.79104597124100E-19
1,21,21,1.37291280000000E+07,-5.75352343750000E+03,-2.70038720000000E+07,4.44317499459501E-10,1.96278688000000E+08,2.70038720000000E+07,2.22158721974175E-10,4.08155985248890E-26,-9.31009894286801E-14,-2.22158721974175E-10,-4.08155985248890E-26,9.31009894286801E-14,1.80054098367691E-01,-4.07580882892944E-05,-1.79104597124100E-19
1,21,22,1.37311720000000E+07,-5.64866650390625E+03,-2.70031460000000E+07,4.45696590745115E-10,1.96048112000000E+08,2.70031460000000E+07,2.22848281494770E-10,4.09421798852979E-26,-9.16743013424336E-14,-2.22848281494770E-10,-4.09421798852979E-26,9.16743013424336E-14,1.80329814553261E-01,-3.95953429688234E-05,-1.79104597124100E-19
1,21,23,1.37332810000000E+07,-5.73370361328125E+03,-2.70022180000000E+07,4.47159892447146E-10,1.95810688000000E+08,2.70022180000000E+07,2.23579932345785E-10,4.10766837511260E-26,-9.33455854387928E-14,-2.23579932345785E-10,-4.10766837511260E-26,9.33455854387928E-14,1.80610790848732E-01,-3.95687347918283E-05,-1.79104597124100E-19
1,21,24,1.37355500000000E+07,-6.03809326171875E+03,-2.70010880000000E+07,4.48763498583915E-10,1.95558032000000E+08,2.70010880000000E+07,2.24381735414170E-10,4.12242931850396E-26,-9.86373187446786E-14,-2.24381735414170E-10,-4.12242931850396E-26,9.86373187446786E-14,1.80906683206558E-01,-4.08042251365259E-05,-1.79104597124100E-19
1,21,25,1.37380810000000E+07,-6.60845849609375E+03,-2.69997360000000E+07,4.50569553889224E-10,1.95281296000000E+08,2.69997360000000E+07,2.25284763066824E-10,4.13907736509204E-26,-1.08369205536335E-13,-2.25284763066824E-10,-4.13907736509204E-26,1.08369205536335E-13,1.81227669119835E-01,-4.35221154475585E-05,-1.79104597124100E-19
1,21,26,1.37409830000000E+07,-7.51118554687500E+03,-2.69981360000000E+07,4.52648696303015E-10,1.94970656000000E+08,2.69981360000000E+07,2.26324306518144E-10,4.15826763920670E-26,-1.23714867560423E-13,-2.26324306518144E-10,-4.15826763920670E-26,1.23714867560423E-13,1.81584939360619E-01,-4.80491653434001E-05,-1.79104597124100E-19
1,21,27,1.37443770000000E+07,-8.83548828125000E+03,-2.69962540000000E+07,4.55081972106086E-10,1.94615280000000E+08,2.69962540000000E+07,2.27540944419680E-10,4.18075510538616E-26,-1.46273292957189E-13,-2.27540944419680E-10,-4.18075510538616E-26,1.46273292957189E-13,1.81990861892700E-01,-5.48344905837439E-05,-1.79104597124100E-19
1,21,28,1.37484000000000E+07,-1.06963027343750E+04,-2.69940540000000E+07,4.57962723299232E-10,1.94203008000000E+08,2.69940540000000E+07,2.28981292260677E-10,4.20740905137011E-26,-1.78148240517068E-13,-2.28981292260677E-10,-4.20740905137011E-26,1.78148240517068E-13,1.82459279894829E-01,-6.44664396531880E-05,-1.79104597124100E-19
1,21,29,1.37532120000000E+07,-1.32359375000000E+04,-2.69915100000000E+07,4.61397642315120E-10,1.93720448000000E+08,2.69915100000000E+07,2.30698710135258E-10,4.23922603034897E-26,-2.22021850231936E-13,-2.30698710135258E-10,-4.23922603034897E-26,2.22021850231936E-13,1.83005541563034E-01,-7.76857996243052E-05,-1.79104597124100E-19
1,21,30,1.37590030000000E+07,-1.66229277343750E+04,-2.69886200000000E+07,4.65507604685556E-10,1.93152960000000E+08,2.69886200000000E+07,2.32753635809324E-10,4.27733664023729E-26,-2.81201087805674E-13,-2.32753635809324E-10,-4.27733664023729E-26,2.81201087805674E-13,1.83646455407143E-01,-9.53879643930122E-05,-1.79104597124100E-19
1,21,31,1.37660060000000E+07,-2.10462011718750E+04,-2.69854480000000E+07,4.70429584176202E-10,1.92484656000000E+08,2.69854480000000E+07,2.35214514532345E-10,4.32302247185728E-26,-3.59608393410427E-13,-2.35214514532345E-10,-4.32302247185728E-26,3.59608393410427E-13,1.84400439262390E-01,-1.18605370516889E-04,-1.79104597124100E-19
1,21,32,1.37745240000000E+07,-2.67027539062500E+04,-2.69821520000000E+07,4.76321149189829E-10,1.91697648000000E+08,2.69821520000000E+07,2.38160130505705E-10,4.37775770902555E-26,-4.61687925303739E-13,-2.38160130505705E-10,-4.37775770902555E-26,4.61687925303739E-13,1.85288503766060E-01,-1.48462597280741E-04,-1.79104597124100E-19
1,21,33,1.37849570000000E+07,-3.37773828125000E+04,-2.69790360000000E+07,4.83373785442609E-10,1.90769744000000E+08,2.69790360000000E+07,2.41686171076338E-10,4.44332899843293E-26,-5.92205375449933E-13,-2.41686171076338E-10,-4.44332899843293E-26,5.92205375449933E-13,1.86337590217590E-01,-1.86105404281989E-04,-1.79104597124100E-19
1,21,34,1.37978280000000E+07,-4.24125937500000E+04,-2.69765380000000E+07,4.91841345429123E-10,1.89668432000000E+08,2.69765380000000E+07,2.45919506980385E-10,4.52209706796804E-26,-7.55922234529915E-13,-2.45919506980385E-10,-4.52209706796804E-26,7.55922234529915E-13,1.87589094042778E-01,-2.32635109568946E-04,-1.79104597124100E-19
1,21,35,1.38137520000000E+07,-5.26989960937500E+04,-2.69750780000000E+07,5.02101527022347E-10,1.88337136000000E+08,2.69750780000000E+07,2.51048931643183E-10,4.61755848196351E-26,-9.57743107911357E-13,-2.51048931643183E-10,-4.61755848196351E-26,9.57743107911357E-13,1.89119011163712E-01,-2.89349205559120E-04,-1.79104597124100E-19
1,21,36,1.38332200000000E+07,-6.50415898437500E+04,-2.69744980000000E+07,5.14764175729709E-10,1.86668960000000E+08,2.69744980000000E+07,2.57379229040566E-10,4.73538995744904E-26,-1.21015599884727E-12,-2.57379229040566E-10,-4.73538995744904E-26,1.21015599884727E-12,1.91079124808311E-01,-3.60477628419176E-04,-1.79104597124100E-19
1,21,37,1.38556150000000E+07,-7.99076796875000E+04,-2.69725720000000E+07,5.30633592621399E-10,1.84498208000000E+08,2.69725720000000E+07,2.65312383174177E-10,4.88307827745322E-26,-1.53010145786253E-12,-2.65312383174177E-10,-4.88307827745322E-26,1.53010145786253E-12,1.93726360797882E-01,-4.54762601293623E-04,-1.79104597124100E-19
1,21,38,1.38778580000000E+07,-1.01691242187500E+05,-2.69615840000000E+07,5.51170109552857E-10,1.81524016000000E+08,2.69615840000000E+07,2.75577644037739E-10,5.07464390382241E-26,-2.01931982420078E-12,-2.75577644037739E-10,-5.07464390382241E-26,2.01931982420078E-12,1.97548091411591E-01,-6.09500159043819E-04,-1.79104597124100E-19
1,21,39,1.38888170000000E+07,-1.38482093750000E+05,-2.69230300000000E+07,5.76483805136974E-10,1.77615584000000E+08,2.69230300000000E+07,2.88227580691469E-10,5.31225219811168E-26,-2.87384851159478E-12,-2.88227580691469E-10,-5.31225219811168E-26,2.87384851159478E-12,2.02923104166985E-01,-8.99870821740478E-04,-1.79104597124100E-19
1,21,40,1.38531710000000E+07,-2.05821546875000E+05,-2.67945900000000E+07,6.05249572682709E-10,1.72935376000000E+08,2.67945900000000E+07,3.02591396383889E-10,5.58604178270819E-26,-4.49570936034149E-12,-3.02591396383889E-10,-5.58604178270819E-26,4.49570936034149E-12,2.09915101528168E-01,-1.46564736496657E-03,-1.79104597124100E-19
1,21,41,1.36808640000000E+07,-3.35614250000000E+05,-2.64501420000000E+07,6.11632688940489E-10,1.71988688000000E+08,2.64501420000000E+07,3.05724390248230E-10,5.66198936635834E-26,-7.49992516008158E-12,-3.05724390248230E-10,-5.66198936635834E-26,7.49992516008158E-12,2.11412817239761E-01,-2.42455210536718E-03,-1.79104597124100E-19
