   0.208333333333333330442E-0002   0.208333333333333340923E-0011  -0.528941913899624536614E-0037   0.100000000000000006228E-0008   0.507784349825623276448E-0034   0.160361632918473233644E+0002  -0.688887540952561523673E-0024  -0.250000000000000000000E+0002   0.569897000433601874647E+0001
   0.416666666666666660884E-0002   0.416666666666666681847E-0011  -0.192518898997979454044E-0036   0.100000000000000006228E-0008   0.910813652598150522575E-0034   0.160361632918473233644E+0002  -0.146059600691091136399E-0023  -0.250000000000000000000E+0002   0.569897000433601874647E+0001
   0.625000000000000034694E-0002   0.625000000000000022770E-0011  -0.424069555308020590318E-0036   0.100000000000000006228E-0008   0.131207264797560321302E-0033   0.160361632918473233644E+0002  -0.210406148412942914525E-0023  -0.250000000000000000000E+0002   0.569897000433601874647E+0001
   0.833333333333333321769E-0002   0.833333333333333363693E-0011  -0.746664080039516380033E-0036   0.100000000000000006228E-0008   0.178483478944475548313E-0033   0.160361632918473233644E+0002  -0.286219057401150045380E-0023  -0.250000000000000000000E+0002   0.569897000433601874647E+0001
   0.104166666666666660884E-0001   0.104166666666666662384E-0010  -0.112031628719463743241E-0035   0.100000000000000006228E-0008   0.180222639924128589958E-0033   0.160361632918473233644E+0002  -0.289008004346859028975E-0023  -0.250000000000000000000E+0002   0.569897000433601874647E+0001
   0.124999999999999989592E-0001   0.125000000000000004554E-0010  -0.157897219393020855488E-0035   0.100000000000000006228E-0008   0.260087030541921490237E-0033   0.160361632918473233644E+0002  -0.417079845262250536846E-0023  -0.250000000000000000000E+0002   0.569897000433601874647E+0001
   0.145833333333333318299E-0001   0.145833333333333346724E-0010  -0.212558295478155777859E-0035   0.100000000000000006228E-0008   0.264659299875082326262E-0033   0.160361632918473233644E+0002  -0.424412011026109650625E-0023  -0.250000000000000000000E+0002   0.569897000433601874647E+0001
   0.166666666666666664354E-0001   0.166666666666666672739E-0010  -0.273840182439874182377E-0035   0.100000000000000006228E-0008   0.323646814957264575382E-0033   0.160361632918473233644E+0002  -0.519005353430596833461E-0023  -0.250000000000000000000E+0002   0.569897000433601874647E+0001
   0.187499999999999993061E-0001   0.187499999999999998753E-0010  -0.340057912141694901298E-0035   0.100000000000000006228E-0008   0.312043390179647678755E-0033   0.160361632918473233644E+0002  -0.500397911981527690505E-0023  -0.250000000000000000000E+0002   0.569897000433601874647E+0001
   0.208333333333333321769E-0001   0.208333333333333324768E-0010  -0.411318484300881576208E-0035   0.100000000000000006228E-0008   0.372058102548736411799E-0033   0.160361632918473233644E+0002  -0.596638484728312943584E-0023  -0.250000000000000000000E+0002   0.569897000433601874647E+0001
   0.229166666666666650476E-0001   0.229166666666666650782E-0010  -0.493071757525859711662E-0035   0.100000000000000006228E-0008   0.412773320411001943831E-0033   0.160361632918473233644E+0002  -0.661930072939336167972E-0023  -0.250000000000000000000E+0002   0.569897000433601874647E+0001
   0.249999999999999979183E-0001   0.250000000595853553376E-0010  -0.588726168084902522347E-0035   0.100000005720194175962E-0008   0.505509020955271235723E-0033   0.160361632975675156842E+0002   0.235184967907883837205E-0018  -0.250000000000000000000E+0002   0.569897000433601874647E+0001
   0.270833333333333307891E-0001   0.270833337299438933286E-0010   0.611028079237540467754E-0031   0.100000026634225595242E-0008  -0.439984340297195441151E-0028   0.160361633184815453035E+0002   0.144311345604936019870E-0017  -0.250000000000000000000E+0002   0.569897000433601874647E+0001
   0.291666666666666636598E-0001   0.291666683776449694107E-0010   0.374957546256257067567E-0030   0.100000099545077605251E-0008  -0.211309332586741542757E-0027   0.160361633913923498085E+0002   0.604101948709771783888E-0017  -0.250000000000000000000E+0002   0.569897000433601608194E+0001
   0.312499999999999965306E-0001   0.312500059985454987756E-0010   0.163074067918467266583E-0029   0.100000312061372944941E-0008  -0.828839164244335704411E-0027   0.160361636039082071647E+0002   0.210307092814100090170E-0016  -0.250000000000000000000E+0002   0.569897000433601075287E+0001
   0.333333333333333328707E-0001   0.333333514163100875433E-0010   0.583938504603726304533E-0029   0.100000848044027638802E-0008  -0.272883935357324783015E-0026   0.160361641398877488029E+0002   0.632793652499027834183E-0016  -0.250000000000000000000E+0002   0.569897000433599565383E+0001
   0.354166666666666657415E-0001   0.354167149253268220357E-0010   0.180728088248081090830E-0028   0.100002048821579099936E-0008  -0.779801210957813170009E-0026   0.160361653406478978923E+0002   0.168780202814892606509E-0015  -0.250000000000000000000E+0002   0.569897000433595835034E+0001
   0.374999999999999986122E-0001   0.375001163463562086857E-0010   0.496947878925074831722E-0028   0.100004487597241956432E-0008  -0.198319115426412900265E-0025   0.160361677793438346384E+0002   0.406890357547795332738E-0015  -0.250000000000000000000E+0002   0.569897000433587752610E+0001
   0.395833333333333314830E-0001   0.395835907014407504790E-0010   0.123801496546441643307E-0027   0.100009050490874303871E-0008  -0.457680102851377787667E-0025   0.160361723419285802095E+0002   0.900162144458557060219E-0015  -0.250000000000000000000E+0002   0.569897000433571321310E+0001
   0.416666666666666643537E-0001   0.416671955616462586007E-0010   0.283611234509980849644E-0027   0.100017016088854517173E-0008  -0.972790384819963006420E-0025   0.160361803064884220760E+0002   0.185013126138269224148E-0014  -0.250000000000000000000E+0002   0.569897000433540501518E+0001
   0.437499999999999972244E-0001   0.437510199530830118814E-0010   0.604622803600111746746E-0027   0.100030125489073963210E-0008  -0.192779158493827451931E-0024   0.160361934127992249444E+0002   0.356881288346754537217E-0014  -0.250000000000000000000E+0002   0.569897000433486056181E+0001
   0.458333333333333300952E-0001   0.458351945772044065629E-0010   0.121123203827617582606E-0026   0.100050638426579967580E-0008  -0.359730438416773087452E-0024   0.160362139174563047561E+0002   0.651537665333508419898E-0014  -0.250000000000000000000E+0002   0.569897000433394396168E+0001
   0.479166666666666629659E-0001   0.479199029074696411327E-0010   0.229851636695449023643E-0026   0.100081361278882406360E-0008  -0.637295762920016054622E-0024   0.160362446200446626676E+0002   0.113361597881175089069E-0013  -0.250000000000000000000E+0002   0.569897000433247225004E+0001
   0.499999999999999958367E-0001   0.500053927777980717389E-0010   0.415944617369697304786E-0026   0.100125666272646787083E-0008  -0.107900882998897694436E-0023   0.160362888792239566271E+0002   0.189100345249988081401E-0013  -0.250000000000000000000E+0002   0.569897000433019762511E+0001
   0.520833333333333287074E-0001   0.520919880358748572105E-0010   0.721883270175455059309E-0026   0.100187478502724638866E-0008  -0.175632654552630110378E-0023   0.160363505948250910649E+0002   0.303927341236411835257E-0013  -0.250000000000000000000E+0002   0.569897000432680567172E+0001
   0.541666666666666615781E-0001   0.541800997834364126498E-0010   0.120727178447503680828E-0025   0.100271249263184766028E-0008  -0.276093650583220752791E-0023   0.160364341738882814070E+0002   0.472643646900707579318E-0013  -0.250000000000000000000E+0002   0.569897000432189670960E+0001
   0.562499999999999944489E-0001   0.562702368987237065407E-0010   0.195357675151748624391E-0025   0.100381913804395178661E-0008  -0.420922175854035669105E-0023   0.160365444782043518046E+0002   0.713829762209355559490E-0013  -0.250000000000000000000E+0002   0.569897000431498668149E+0001
   0.583333333333333273196E-0001   0.583630155718147400289E-0010   0.306963224833834170661E-0025   0.100524838812344222324E-0008  -0.624586357604516448929E-0023   0.160366867581687699840E+0002   0.105038527325340670193E-0012  -0.250000000000000000000E+0002   0.569897000430548938965E+0001
   0.604166666666666601904E-0001   0.604591676859748924444E-0010   0.469804513351412039806E-0025   0.100705764147030037328E-0008  -0.904849776564427782031E-0023   0.160368665771180509694E+0002   0.151013186595781631630E-0012  -0.250000000000000000000E+0002   0.569897000429271827215E+0001
   0.624999999999999930611E-0001   0.625595479695294183815E-0010   0.702265252502111213330E-0025   0.100930743074204431961E-0008  -0.128331450455959834260E-0022   0.160370897301732426854E+0002   0.212649079504403926331E-0012  -0.250000000000000000000E+0002   0.569897000427587574478E+0001
   0.645833333333333259318E-0001   0.646651399250263078306E-0010   0.102772341967869391781E-0024   0.101206084653496438158E-0008  -0.178607393521018222400E-0022   0.160373621612219388055E+0002   0.293926530673575683884E-0012  -0.250000000000000000000E+0002   0.569897000425405142465E+0001
   0.666666666666666657415E-0001   0.667770606112879818453E-0010   0.147557597907490248696E-0024   0.101538301227624763563E-0008  -0.244451884813451181920E-0022   0.160376898811312074145E+0002   0.399555388476425602467E-0012  -0.250000000000000000000E+0002   0.569897000422621502480E+0001
   0.687500000000000055511E-0001   0.688965644073376186436E-0010   0.208245005758151678283E-0024   0.101934063193140803344E-0008  -0.329631414326239731685E-0022   0.160380788896822359391E+0002   0.535082560235043614957E-0012  -0.250000000000000000000E+0002   0.569897000419121635417E+0001
   0.708333333333333453607E-0001   0.710250459249456983346E-0010   0.289364410329022200038E-0024   0.102400162497234557478E-0008  -0.438661041229283373177E-0022   0.160385351031142775469E+0002   0.707019533470305823253E-0012  -0.250000000000000000000E+0002   0.569897000414778354127E+0001
   0.729166666666666851704E-0001   0.731640422597982142713E-0010   0.396485103865611949342E-0024   0.102943485648607551473E-0008  -0.576952624603364067378E-0022   0.160390642886026348890E+0002   0.922992947632137107793E-0012  -0.250000000000000000000E+0002   0.569897000409451948144E+0001
   0.750000000000000249800E-0001   0.753152347819716957986E-0010   0.536422639316552944095E-0024   0.103570996480046654467E-0008  -0.750996010820526408729E-0022   0.160396720064968789643E+0002   0.119192167177527514776E-0011  -0.250000000000000000000E+0002   0.569897000402990094869E+0001
   0.770833333333333647897E-0001   0.774804506668589363635E-0010   0.717487675522513896739E-0024   0.104289728469128998113E-0008  -0.968579461934142184095E-0022   0.160403635607239039018E+0002   0.152422376762803743695E-0011  -0.250000000000000000000E+0002   0.569897000395227593117E+0001
   0.791666666666667045993E-0001   0.796616643603686562124E-0010   0.949785817318384480374E-0024   0.105106786107804272810E-0008  -0.123905667529645403167E-0021   0.160411439574179297551E+0002   0.193205673105581943212E-0011  -0.250000000000000000000E+0002   0.569897000385986540749E+0001
   0.812500000000000444089E-0001   0.818609991594359648597E-0010   0.124557908186818609408E-0023   0.106029354602657253932E-0008  -0.157366900743212935782E-0021   0.160420178715731864827E+0002   0.242959445285590861089E-0011  -0.250000000000000000000E+0002   0.569897000375076068224E+0001
   0.833333333333333842186E-0001   0.840807290726902116327E-0010   0.161972158373153978963E-0023   0.107064717069750456961E-0008  -0.198593305470070448512E-0021   0.160429896213168170505E+0002   0.303334448157421000742E-0011  -0.250000000000000000000E+0002   0.569897000362291983322E+0001
   0.854166666666667240282E-0001   0.863232811082585869146E-0010   0.209018436144406047716E-0023   0.108220278344813156509E-0008  -0.249210570416055330361E-0021   0.160440631492618948073E+0002   0.376250930932822672762E-0011  -0.250000000000000000000E+0002   0.569897000347416859967E+0001
   0.875000000000000638378E-0001   0.885912381175068529409E-0010   0.267868701205392567718E-0023   0.109503594543020836962E-0008  -0.311174086548153573332E-0021   0.160452420103118562622E+0002   0.463939569056262908584E-0011  -0.250000000000000000000E+0002   0.569897000330219594133E+0001
   0.895833333333334036475E-0001   0.908873423060644775444E-0010   0.341145709677562807684E-0023   0.110922407558510876825E-0008  -0.386835509439888954820E-0021   0.160465293652405769365E+0002   0.568987638338668074502E-0011  -0.250000000000000000000E+0002   0.569897000310454870942E+0001
   0.916666666666667434571E-0001   0.932144995074735865345E-0010   0.432014218412428222922E-0023   0.112484683776763420786E-0008  -0.479022236763261195000E-0021   0.160479279793565616785E+0002   0.694390909206204478732E-0011  -0.250000000000000000000E+0002   0.569897000287863075840E+0001
   0.937500000000000832667E-0001   0.955757843006989487983E-0010   0.544290405527283495072E-0023   0.114198656372871067022E-0008  -0.591132226450934068293E-0021   0.160494402255686878789E+0002   0.843611811902453240880E-0011  -0.250000000000000000000E+0002   0.569897000262169761697E+0001
   0.958333333333334230764E-0001   0.979744460407921337584E-0010   0.682573019618150157423E-0023   0.116072870676075040706E-0008  -0.727247079351943098290E-0021   0.160510680911974290552E+0002   0.102064463417906152216E-0010  -0.250000000000000000000E+0002   0.569897000233084938259E+0001
   0.979166666666667628860E-0001   0.100413915862302414057E-0009   0.852400476401111437575E-0023   0.118116232188911992035E-0008  -0.892267140881133494523E-0021   0.160528131879145767869E+0002   0.123008762699873192716E-0010  -0.250000000000000000000E+0002   0.569897000200302539241E+0001
   0.100000000000000102696E+0000   0.102897814707536193804E-0009   0.106043862122597027426E-0022   0.120338056953530574210E-0008  -0.109207052850234207402E-0020   0.160546767642411118970E+0002   0.147722370660177111577E-0010  -0.250000000000000000000E+0002   0.569897000163499622971E+0001
   0.102083333333333442505E+0000   0.105429962450438742400E-0009   0.131470537849650295667E-0022   0.122748126365113698011E-0008  -0.133370574938203598964E-0020   0.160566597219666924445E+0002   0.176811064111645499430E-0010  -0.250000000000000000000E+0002   0.569897000122335484207E+0001
   0.104166666666666782315E+0000   0.108014388070028125360E-0009   0.162483905679276432344E-0022   0.125356733115467004168E-0008  -0.162561819473097651368E-0020   0.160587626252251958192E+0002   0.210968065635502137139E-0010  -0.250000000000000000000E+0002   0.569897000076450943595E+0001
   0.106250000000000122125E+0000   0.110655341015876350019E-0009   0.200241865935964262291E-0022   0.128174749685962004739E-0008  -0.197792076856126746970E-0020   0.160609857276685268346E+0002   0.250985076551326222884E-0010  -0.250000000000000000000E+0002   0.569897000025467015405E+0001
   0.108333333333333461934E+0000   0.113357303817981598925E-0009   0.246134591289539545792E-0022   0.131213679316141972952E-0008  -0.240271440094553141626E-0020   0.160633289843146265241E+0002   0.297764643496084162267E-0010  -0.250000000000000000000E+0002   0.569896999968984019347E+0001
   0.110416666666666801744E+0000   0.116125005876797926156E-0009   0.301830124135382464256E-0022   0.134485718330225689334E-0008  -0.291447368350880455588E-0020   0.160657920715725204275E+0002   0.352333790819641278215E-0010  -0.250000000000000000000E+0002   0.569896999906579981854E+0001
   0.112500000000000141553E+0000   0.118963438556311017905E-0009   0.369328678866476125218E-0022   0.138003818903028719814E-0008  -0.353049761625804712438E-0020   0.160683744060131949993E+0002   0.415859039216257252884E-0010  -0.250000000000000000000E+0002   0.569896999837809836720E+0001
   0.114583333333333481363E+0000   0.121877871609579859058E-0009   0.451027341914719356210E-0022   0.141781754210779245026E-0008  -0.427145114597256973601E-0020   0.160710751631304979981E+0002   0.489663159682469655448E-0010  -0.250000000000000000000E+0002   0.569896999762203204654E+0001
   0.116666666666666821173E+0000   0.124873870988626495479E-0009   0.549797107289489508240E-0022   0.145834186177699340298E-0008  -0.516200592874370480777E-0020   0.160738932959024367619E+0002   0.575243680802636548569E-0010  -0.250000000000000000000E+0002   0.569896999679263505101E+0001
   0.118750000000000160982E+0000   0.127957318095262312932E-0009   0.669074557010677848420E-0022   0.150176736059338039215E-0008  -0.623160127152825821154E-0020   0.160768275529973294624E+0002   0.674293364919036546452E-0010  -0.250000000000000000000E+0002   0.569896999588465646980E+0001
   0.120833333333333500792E+0000   0.131134430534722714599E-0009   0.812970921022635210997E-0022   0.154826058128860500141E-0008  -0.751534702758739054970E-0020   0.160798764964989935322E+0002   0.788722853473602831951E-0010  -0.250000000000000000000E+0002   0.569896999489254607596E+0001
   0.122916666666666840602E+0000   0.134411784439749634762E-0009   0.986401754327748984829E-0022   0.159799916753724166303E-0008  -0.905509455712710485869E-0020   0.160830385190515734450E+0002   0.920685697608012872844E-0010  -0.250000000000000000000E+0002   0.569896999381043034560E+0001
   0.125000000000000166533E+0000   0.137796338438940934082E-0009   0.119524106065420426204E-0021   0.165117267168640403031E-0008  -0.109007063758814563183E-0019   0.160863118603473651547E+0002   0.107260601136760799254E-0009  -0.250000000000000000000E+0002   0.569896999263209469433E+0001
   0.127083333333333492465E+0000   0.141295459349726756005E-0009   0.144650439255200637499E-0021   0.170798340266795213578E-0008  -0.131115608611394614522E-0019   0.160896946229011632568E+0002   0.124720901234667010330E-0009  -0.250000000000000000000E+0002   0.569896999135095594369E+0001
   0.129166666666666818397E+0000   0.144916949683189113703E-0009   0.174856628353761562118E-0021   0.176864731745591021985E-0008  -0.157583348007903978010E-0019   0.160931847870714221926E+0002   0.144755472491201376731E-0009  -0.250000000000000000000E+0002   0.569896998996004278126E+0001
   0.131250000000000144329E+0000   0.148669077055086059722E-0009   0.211141833523089504622E-0021   0.183339495956516085384E-0008  -0.189251137841759237055E-0019   0.160967802253032061799E+0002   0.167707515603481922031E-0009  -0.250000000000000000000E+0002   0.569896998845196378625E+0001
   0.133333333333333470261E+0000   0.152560605604854569563E-0009   0.254697543194904445687E-0021   0.190247244821261479672E-0008  -0.227118901912597025052E-0019   0.161004787155800457299E+0002   0.193961528936594918191E-0009  -0.250000000000000000000E+0002   0.569896998681888611316E+0001
   0.135416666666666796193E+0000   0.156600829532036147527E-0009   0.306943890201947018871E-0021   0.197614252188173396326E-0008  -0.272375183972711614996E-0019   0.161042779540819545048E+0002   0.223947825410840904243E-0009  -0.250000000000000000000E+0002   0.569896998505249730016E+0001
   0.137500000000000122125E+0000   0.160799608867492726292E-0009   0.369572702700929060299E-0021   0.205468564015657999667E-0008  -0.326432090443659991366E-0019   0.161081755670555146764E+0002   0.258147508657234253181E-0009  -0.250000000000000000000E+0002   0.569896998314397951191E+0001
   0.139583333333333448056E+0000   0.165167407604954010065E-0009   0.444598517859062294473E-0021   0.213840114780624374053E-0008  -0.390966600048314713569E-0019   0.161121691219083800206E+0002   0.297097944732746406355E-0009  -0.250000000000000000000E+0002   0.569896998108397401239E+0001
   0.141666666666666773988E+0000   0.169715334326870620941E-0009   0.534419000200544541617E-0021   0.222760850523370394065E-0008  -0.467969333167455055267E-0019   0.161162561375465074320E+0002   0.341398785210644691674E-0009  -0.250000000000000000000E+0002   0.569896997886254297327E+0001
   0.143750000000000099920E+0000   0.174455185467247642043E-0009   0.641886473736876583134E-0021   0.232264858952820612584E-0008  -0.559802196897528064754E-0019   0.161204340939763781648E+0002   0.391718593221585582937E-0009  -0.250000000000000000000E+0002   0.569896997646913039404E+0001
   0.145833333333333425852E+0000   0.179399491363105268977E-0009   0.770392569740043933279E-0021   0.242388507049513806400E-0008  -0.669266376397755810104E-0019   0.161247004411979482086E+0002   0.448802118632777644580E-0009  -0.250000000000000000000E+0002   0.569896997389252479849E+0001
   0.147916666666666751784E+0000   0.184561565255477186946E-0009   0.923968351163454900836E-0021   0.253170586618189491482E-0008  -0.799682562412924912462E-0019   0.161290526074165612158E+0002   0.513478289482852680066E-0009  -0.250000000000000000000E+0002   0.569896997112081038495E+0001
   0.150000000000000077716E+0000   0.189955555410420429400E-0009   0.110740268957053944027E-0020   0.264652468256359013085E-0008  -0.954985547048489454759E-0019   0.161334880066036454593E+0002   0.586668983035323031786E-0009  -0.250000000000000000000E+0002   0.569896996814132528186E+0001
   0.152083333333333403647E+0000   0.195596500540389543783E-0009   0.132638215765685260858E-0020   0.276878264220678201073E-0008  -0.113983570839132034680E-0018   0.161380040454371922465E+0002   0.669398647261899480438E-0009  -0.250000000000000000000E+0002   0.569896996494060559257E+0001
   0.154166666666666729579E+0000   0.201500388716535350446E-0009   0.158765627135942648567E-0020   0.289895000689318866284E-0008  -0.135975033486816538120E-0018   0.161425981296536917853E+0002   0.762804849142832629923E-0009  -0.250000000000000000000E+0002   0.569896996150434187456E+0001
   0.156250000000000055511E+0000   0.207684219973040251760E-0009   0.189923258337333897258E-0020   0.303752799935151370327E-0008  -0.162125823872761153691E-0018   0.161472676698431918396E+0002   0.868149831902904817766E-0009  -0.250000000000000000000E+0002   0.569896995781731163788E+0001
   0.158333333333333381443E+0000   0.214166072815511371683E-0009   0.227060691114794613870E-0020   0.318505072942075273750E-0008  -0.193208169393416148347E-0018   0.161520100867191906957E+0002   0.986833171049261081672E-0009  -0.250000000000000000000E+0002   0.569896995386333049538E+0001
   0.160416666666666707375E+0000   0.220965174856731413674E-0009   0.271303489654878646004E-0020   0.334208723015049005578E-0008  -0.230135042035226873622E-0018   0.161568228158943725248E+0002   0.112040562565494476793E-0008  -0.250000000000000000000E+0002   0.569896994962518288474E+0001
   0.162500000000000033307E+0000   0.228101977814735231184E-0009   0.323985216104092105955E-0020   0.350924360953313918464E-0008  -0.273985311787813295217E-0018   0.161617033121928024286E+0002   0.127058428865983800886E-0008  -0.250000000000000000000E+0002   0.569896994508455545514E+0001
   0.164583333333333359239E+0000   0.235598237120239364295E-0009   0.386685156672533279523E-0020   0.368716532375084266445E-0008  -0.326033298569524004689E-0018   0.161666490535280580332E+0002   0.143926914902005512611E-0008  -0.250000000000000000000E+0002   0.569896994022196778928E+0001
   0.166666666666666685170E+0000   0.243477096392924180474E-0009   0.461272754750979265267E-0020   0.387653957802659327474E-0008  -0.387783472720787218307E-0018   0.161716575443759964514E+0002   0.162856118677642786932E-0008  -0.250000000000000000000E+0002   0.569896993501669602011E+0001
   0.168750000000000011102E+0000   0.251763177058959557024E-0009   0.549959916997537455332E-0020   0.407809786136737152199E-0008  -0.461011178447870918074E-0018   0.161767263188696119869E+0002   0.184078213146403141525E-0008  -0.250000000000000000000E+0002   0.569896992944669289471E+0001
   0.170833333333333337034E+0000   0.260482673395486838325E-0009   0.655362555919483946283E-0020   0.429261862169882431737E-0008  -0.547810399074078010541E-0018   0.161818529435424771634E+0002   0.207849602509273333955E-0008  -0.250000000000000000000E+0002   0.569896992348850073284E+0001
   0.172916666666666662966E+0000   0.269663453301532380250E-0009   0.780572962535806125379E-0020   0.452093008810489510361E-0008  -0.650649749952138625821E-0018   0.161870350197458172659E+0002   0.234453274045019984528E-0008  -0.250000000000000000000E+0002   0.569896991711716527362E+0001
   0.174999999999999988898E+0000   0.279335165109036372150E-0009   0.929244870371506696585E-0020   0.476391324709893050317E-0008  -0.772438078397480326489E-0018   0.161922701857631601285E+0002   0.264201361809629268109E-0008  -0.250000000000000000000E+0002   0.569896991030613797591E+0001
   0.177083333333333314830E+0000   0.289529350762347986620E-0009   0.110569338342730083170E-0019   0.502250498008023924017E-0008  -0.916601275133756675072E-0018   0.161975561186454228846E+0002   0.297437939703918975192E-0008  -0.250000000000000000000E+0002   0.569896990302717298960E+0001
   0.179166666666666640761E+0000   0.300279565709665748190E-0009   0.131501230244428937923E-0019   0.529770136934479863195E-0008  -0.108717215958164025530E-0017   0.162028905357876737980E+0002   0.334542062680388653450E-0008  -0.250000000000000000000E+0002   0.569896989525022323875E+0001
   0.181249999999999966693E+0000   0.311621505865496124398E-0009   0.156321180397986204191E-0019   0.559056118025235591038E-0008  -0.128889560295630212236E-0017   0.162082711962680399154E+0002   0.375931076321730119997E-0008  -0.250000000000000000000E+0002   0.569896988694332584657E+0001
   0.183333333333333292625E+0000   0.323593142019270809105E-0009   0.185737991424586646875E-0019   0.590220952737133065503E-0008  -0.152735139758824480411E-0017   0.162136959019676680782E+0002   0.422064216417537045745E-0008  -0.250000000000000000000E+0002   0.569896987807248311952E+0001
   0.185416666666666618557E+0000   0.336234862081806728467E-0009   0.220587178508988070349E-0019   0.623384173266317592031E-0008  -0.180909778244185600900E-0017   0.162191624984898190576E+0002   0.473446521771347953200E-0008  -0.250000000000000000000E+0002   0.569896986860153109689E+0001
   0.187499999999999944489E+0000   0.349589621578309818035E-0009   0.261853143446431423782E-0019   0.658672738397976690410E-0008  -0.214183899329192809617E-0017   0.162246688758947321674E+0002   0.530633085120328482968E-0008  -0.250000000000000000000E+0002   0.569896985849201076491E+0001
   0.189583333333333270421E+0000   0.363703102814115956175E-0009   0.310695137246108012600E-0019   0.696221460239405788123E-0008  -0.253462073992110772347E-0017   0.162302129692661374349E+0002   0.594233668797799702352E-0008  -0.250000000000000000000E+0002   0.569896984770302417189E+0001
   0.191666666666666596353E+0000   0.378623883157340434112E-0009   0.368477641153109335956E-0019   0.736173452710145086512E-0008  -0.299805812063807228588E-0017   0.162357927591239459275E+0002   0.664917713661015849646E-0008  -0.250000000000000000000E+0002   0.569896983619108254970E+0001
   0.193749999999999922284E+0000   0.394403612901052643414E-0009   0.436805897460048934423E-0019   0.778680602686231638677E-0008  -0.354460119155395898025E-0017   0.162414062716970306610E+0002   0.743419771734073552150E-0008  -0.250000000000000000000E+0002   0.569896982390994821799E+0001
   0.195833333333333248216E+0000   0.411097203186506404891E-0009   0.517567438710329466134E-0019   0.823904064717324665448E-0008  -0.418884421205615404815E-0017   0.162470515790686604873E+0002   0.830545395162964394604E-0008  -0.250000000000000000000E+0002   0.569896981081046760664E+0001
   0.197916666666666574148E+0000   0.428763024488346407063E-0009   0.612980599300950983828E-0019   0.872014780259320175275E-0008  -0.494788552163466115138E-0017   0.162527267992066519753E+0002   0.927177516290266647334E-0008  -0.250000000000000000000E+0002   0.569896979684039450831E+0001
   0.199999999999999900080E+0000   0.447463116182556474285E-0009   0.725651149644895836288E-0019   0.923194022384844458292E-0008  -0.584174606350514961377E-0017   0.162584300958890715094E+0002   0.103428335592617935024E-0007  -0.250000000000000000000E+0002   0.569896978194420267272E+0001
   0.202083333333333226012E+0000   0.467263407738208399809E-0009   0.858638373107000948971E-0019   0.977633966957735097991E-0008  -0.689385579664934470756E-0017   0.162641596785360000865E+0002   0.115292189945866477059E-0007  -0.250000000000000000000E+0002   0.569896976606288774292E+0001
   0.204166666666666551944E+0000   0.488233952094819284326E-0009   0.101553211330861716076E-0018   0.103553829127691014651E-0007  -0.813161863541529306164E-0017   0.162699138019565445745E+0002   0.128425198299233235549E-0007  -0.250000000000000000000E+0002   0.569896974913375764515E+0001
   0.206249999999999877875E+0000   0.510449171808299179689E-0009   0.120054255810389865438E-0018   0.109712280121717238147E-0007  -0.958706815942194865002E-0017   0.162756907660201513011E+0002   0.142954103449880325019E-0007  -0.250000000000000000000E+0002   0.569896973109022031423E+0001
   0.208333333333333203807E+0000   0.533988118570060975247E-0009   0.141860480108175947216E-0018   0.116261608791196164650E-0007  -0.112976281700375530258E-0016   0.162814889152601054434E+0002   0.159017451779097253981E-0007  -0.250000000000000000000E+0002   0.569896971186154122080E+0001
   0.210416666666666529739E+0000   0.558934746725873879202E-0009   0.167550053694632929657E-0018   0.123226021504606323658E-0007  -0.133069942627926740578E-0016   0.162873066384169149501E+0002   0.176766613028117916736E-0007  -0.250000000000000000000E+0002   0.569896969137261066862E+0001
   0.212499999999999855671E+0000   0.585378201443436418290E-0009   0.197799960948640470811E-0018   0.130631143783994514807E-0007  -0.156661549820439321813E-0016   0.162931423679283078343E+0002   0.196366880862533010453E-0007  -0.250000000000000000000E+0002   0.569896966954367734104E+0001
   0.214583333333333181603E+0000   0.613413122200408062381E-0009   0.233402454655122767382E-0018   0.138504095482933334638E-0007  -0.184345738472165715657E-0016   0.162989945793723585155E+0002   0.217998659974140384815E-0007  -0.250000000000000000000E+0002   0.569896964629008717651E+0001
   0.216666666666666507535E+0000   0.643139962287763551982E-0009   0.275284169316016295568E-0018   0.146873569355679398622E-0007  -0.216815566592405107183E-0016   0.163048617908694986056E+0002   0.241858745826684506154E-0007  -0.250000000000000000000E+0002   0.569896962152198938156E+0001
   0.218749999999999833467E+0000   0.674665325046788609503E-0009   0.324528309993426187416E-0018   0.155769913130960921969E-0007  -0.254878320332206343271E-0016   0.163107425624487802907E+0002   0.268161703522708032656E-0007  -0.250000000000000000000E+0002   0.569896959514404422009E+0001
   0.220833333333333159398E+0000   0.708102317581810953892E-0009   0.382400394919791237336E-0018   0.165225215205253881949E-0007  -0.299473771434172470617E-0016   0.163166354953834584762E+0002   0.297141352656517277712E-0007  -0.250000000000000000000E+0002   0.569896956705510593366E+0001
   0.222916666666666485330E+0000   0.743570922714800681609E-0009   0.450378101605635574386E-0018   0.175273394071447437962E-0007  -0.351695252434021194821E-0016   0.163225392315002331145E+0002   0.329052365416790371493E-0007  -0.250000000000000000000E+0002   0.569896953714788878642E+0001
   0.224999999999999811262E+0000   0.781198389972294841268E-0009   0.530185847917465307658E-0018   0.185950291600496064628E-0007  -0.412813967637826951970E-0016   0.163284524524664114153E+0002   0.364171985723218698966E-0007  -0.250000000000000000000E+0002   0.569896950530862245188E+0001
   0.227083333333333137194E+0000   0.821119646419654851780E-0009   0.623834832879349383251E-0018   0.197293770294161260518E-0007  -0.484307016336934167444E-0016   0.163343738790587771348E+0002   0.402801877371176481211E-0007  -0.250000000000000000000E+0002   0.569896947141668519521E+0001
   0.229166666666666463126E+0000   0.863477728182391600117E-0009   0.733669368493924303186E-0018   0.209343814628110630157E-0007  -0.567889673008394627678E-0016   0.163403022704174993862E+0002   0.445270110045137847901E-0007  -0.250000000000000000000E+0002   0.569896943534422018018E+0001
   0.231249999999999789058E+0000   0.908424233519225519220E-0009   0.862420455253077464378E-0018   0.222142636605495324106E-0007  -0.665552543957115009631E-0016   0.163462364232883885506E+0002   0.491933292149257345488E-0007  -0.250000000000000000000E+0002   0.569896939695573134799E+0001
   0.233333333333333114989E+0000   0.956119798336590805683E-0009   0.101326769207683915579E-0017   0.235734785641211789895E-0007  -0.779604304332706825893E-0016   0.163521751712561815850E+0002   0.543178859277111713341E-0007  -0.250000000000000000000E+0002   0.569896935610765975611E+0001
   0.235416666666666440921E+0000   0.100673459505944822301E-0008   0.118991077000708630221E-0017   0.250167262898220309799E-0007  -0.912720831195154412788E-0016   0.163581173839716633722E+0002   0.599427532398493170461E-0007  -0.250000000000000000000E+0002   0.569896931264794481820E+0001
   0.237499999999999766853E+0000   0.106044885579847988584E-0008   0.139665197589633615202E-0017   0.265489640196483918053E-0007  -0.106800161999740147105E-0015   0.163640619663747663992E+0002   0.661135949042781753403E-0007  -0.250000000000000000000E+0002   0.569896926641555356952E+0001
   0.239583333333333092785E+0000   0.111745342077896139814E-0008   0.163849133787725539236E-0017   0.281754183616138302241E-0007  -0.124903455207291728630E-0015   0.163700078579159082892E+0002   0.728799485911487389160E-0007  -0.250000000000000000000E+0002   0.569896921723999483334E+0001
   0.241666666666666418717E+0000   0.117795031302183510671E-0008   0.192123627445695088944E-0017   0.299015981915449498570E-0007  -0.145997017183318248852E-0015   0.163759540317774678897E+0002   0.802955281350045596220E-0007  -0.250000000000000000000E+0002   0.569896916494080940652E+0001
   0.243749999999999744649E+0000   0.124215334029264273460E-0008   0.225162787145576398112E-0017   0.317333079884304390891E-0007  -0.170560681621956328277E-0015   0.163818994940970945606E+0002   0.884185470897013618778E-0007  -0.250000000000000000000E+0002   0.569896910932703359975E+0001
   0.245833333333333070581E+0000   0.131028872535901896567E-0008   0.263748620817083480900E-0017   0.336766616752908022950E-0007  -0.199148810910069392210E-0015   0.163878432831944174097E+0002   0.973120649026149964789E-0007  -0.250000000000000000000E+0002   0.569896905019664234970E+0001
   0.247916666666666396512E+0000   0.138259576562232914443E-0008   0.308787749078539719433E-0017   0.357380969774869891741E-0007  -0.232401453499163752505E-0015   0.163937844688026039819E+0002   0.107044357097496112903E-0006  -0.250000000000000000000E+0002   0.569896898733595946851E+0001
   0.249999999999999722444E+0000   0.145932752321371070724E-0008   0.361330613200481767413E-0017   0.379243903102393309729E-0007  -0.271057103110311547666E-0015   0.163997221513058946130E+0002   0.117689310917602347906E-0006  -0.250000000000000000000E+0002   0.569896892051904657706E+0001
   0.252083333333333048376E+0000   0.154075154666919736656E-0008   0.422593534670722423094E-0017   0.402426722070278619746E-0007  -0.315967278981102454040E-0015   0.164056554609843097126E+0002   0.129326847955017661984E-0006  -0.250000000000000000000E+0002   0.569896884950706184014E+0001
   0.254166666666666374308E+0000   0.162715062532270704530E-0008   0.493984032018066269743E-0017   0.427004433003414825527E-0007  -0.368113174762271934744E-0015   0.164115835572665034192E+0002   0.142043375372797286102E-0006  -0.250000000000000000000E+0002   0.569896877404759116814E+0001
   0.256249999999999700240E+0000   0.171882357757943987053E-0008   0.577129855499074280400E-0017   0.453055908661220032032E-0007  -0.428624655404113622816E-0015   0.164175056279915416724E+0002   0.155932267387782997780E-0006  -0.250000000000000000000E+0002   0.569896869387394922057E+0001
   0.258333333333333026172E+0000   0.181608607425555985663E-0008   0.673912262245670296177E-0017   0.480664059429532231574E-0007  -0.498801917173524184801E-0015   0.164234208886804751160E+0002   0.171094378787365727664E-0006  -0.250000000000000000000E+0002   0.569896860870444488256E+0001
   0.260416666666666352103E+0000   0.191927149819287360512E-0008   0.786504124326857404107E-0017   0.509916010368680944995E-0007  -0.580140165644305956397E-0015   0.164293285818182610569E+0002   0.187638592307958633206E-0006  -0.250000000000000000000E+0002   0.569896851824162276046E+0001
   0.262499999999999678035E+0000   0.202873184137957866101E-0008   0.917413540856762680028E-0017   0.540903284223682760821E-0007  -0.674357711304386727821E-0015   0.164352279761467201524E+0002   0.205682401811462063846E-0006  -0.250000000000000000000E+0002   0.569896842217146559761E+0001
   0.264583333333333003967E+0000   0.214483864082984697700E-0008   0.106953371380158445868E-0016   0.573721990498898763671E-0007  -0.783427932143461760623E-0015   0.164411183659688369119E+0002   0.225352533269729561842E-0006  -0.250000000000000000000E+0002   0.569896832016256382758E+0001
   0.266666666666666329899E+0000   0.226798395449611114129E-0008   0.124619994665956601934E-0016   0.608473020697233441631E-0007  -0.909615608291656805217E-0015   0.164469990704650470548E+0002   0.246785605662452020857E-0006  -0.250000000000000000000E+0002   0.569896821186525315284E+0001
   0.268749999999999655831E+0000   0.239858137850828248947E-0008   0.145125473698085604924E-0016   0.645262249819613883128E-0007  -0.105551819582302900649E-0014   0.164528694330216502806E+0002   0.270128833985391702271E-0006  -0.250000000000000000000E+0002   0.569896809691070860282E+0001
   0.270833333333332981763E+0000   0.253706710705373729620E-0008   0.168912205911169828087E-0016   0.684200744216753982031E-0007  -0.122411267546884488258E-0014   0.164587288205717463541E+0002   0.295540776597929471790E-0006  -0.250000000000000000000E+0002   0.569896797491000661751E+0001
   0.272916666666666307695E+0000   0.268390103623061310523E-0008   0.196489207452075642310E-0016   0.725404975881253122898E-0007  -0.141880869230820002082E-0014   0.164645766229489112220E+0002   0.323192129611443138601E-0006  -0.250000000000000000000E+0002   0.569896784545314805115E+0001
   0.274999999999999633626E+0000   0.283956791322484090066E-0008   0.228441766423069424550E-0016   0.768997043263332654448E-0007  -0.164350877929751816072E-0014   0.164704122522537446116E+0002   0.353266570211214002949E-0006  -0.250000000000000000000E+0002   0.569896770810804120799E+0001
   0.277083333333332959558E+0000   0.300457853217821744316E-0008   0.265442435486062783146E-0016   0.815104898689084138768E-0007  -0.190267656557631043301E-0014   0.164762351422334738515E+0002   0.385961652071883987382E-0006  -0.250000000000000000000E+0002   0.569896756241943602816E+0001
   0.279166666666666285490E+0000   0.317947097813066094894E-0008   0.308263540702093189442E-0016   0.863862582454379604814E-0007  -0.220141396505317522692E-0014   0.164820447476746636539E+0002   0.421489755303927394697E-0006  -0.250000000000000000000E+0002   0.569896740790783251640E+0001
   0.281249999999999611422E+0000   0.336481192043453695673E-0008   0.357791405552933905664E-0016   0.915410463662832584603E-0007  -0.254554846359996634536E-0014   0.164878405438091277802E+0002   0.460079093778157382783E-0006  -0.250000000000000000000E+0002   0.569896724406832522192E+0001
   0.283333333333332937354E+0000   0.356119795705252518781E-0008   0.415042513739239482566E-0016   0.969895487869851522080E-0007  -0.294173175181491518477E-0014   0.164936220257329502203E+0002   0.501974782759682697743E-0006  -0.250000000000000000000E+0002   0.569896707036942107294E+0001
   0.285416666666666263286E+0000   0.376925701116290219125E-0008   0.481181861841616931283E-0016   0.102747143158977260785E-0006  -0.339755109330428743332E-0014   0.164993887078387970746E+0002   0.547439969809924517093E-0006  -0.250000000000000000000E+0002   0.569896688625179947962E+0001
   0.287499999999999589217E+0000   0.398964978150717438472E-0008   0.557543783606210001565E-0016   0.108829916371524389055E-0006  -0.392165498038881142087E-0014   0.165051401232612988679E+0002   0.596757032228485587321E-0006  -0.250000000000000000000E+0002   0.569896669112702891624E+0001
   0.289583333333332915149E+0000   0.422307124792465136702E-0008   0.645655561754525146809E-0016   0.115254691389253831587E-0006  -0.452389480102613779943E-0014   0.165108758233354713241E+0002   0.650228844159914482018E-0006  -0.250000000000000000000E+0002   0.569896648437623465355E+0001
   0.291666666666666241081E+0000   0.447025223352698496629E-0008   0.747264181238511842819E-0016   0.122039054788986688416E-0006  -0.521548443873549786355E-0014   0.165165953770682314428E+0002   0.708180116801443546030E-0006  -0.250000000000000000000E+0002   0.569896626534872119407E+0001
   0.293749999999999567013E+0000   0.473196102497244183721E-0008   0.864366620135258139043E-0016   0.129201384998651960603E-0006  -0.600917993982212958275E-0014   0.165222983706226784761E+0002   0.770958815189768208340E-0006  -0.250000000000000000000E+0002   0.569896603336053253486E+0001
   0.295833333333332892945E+0000   0.500900505230497716635E-0008   0.999244121350433618881E-0016   0.136760881240581928899E-0006  -0.691948161919826713401E-0014   0.165279844068152179659E+0002   0.838937655177975423294E-0006  -0.250000000000000000000E+0002   0.569896578769297335043E+0001
   0.297916666666666218877E+0000   0.530223262982697380428E-0008   0.115450094045322445620E-0015   0.144737595762491907676E-0006  -0.796286123643843259791E-0014   0.165336531064091332155E+0002   0.912515684434026016918E-0006  -0.250000000000000000000E+0002   0.569896552759106000963E+0001
   0.299999999999999544809E+0000   0.561253476216596743156E-0008   0.133310812430485717489E-0015   0.153152454360230856623E-0006  -0.915801716027601393051E-0014   0.165393041007266283771E+0002   0.992119950747654326888E-0006  -0.250000000000000000000E+0002   0.569896525226194405889E+0001
   0.302083333333332870740E+0000   0.594084700407489362160E-0008   0.153845293080113700760E-0015   0.162027301526531249791E-0006  -0.105261607548345140458E-0013   0.165449370412310265976E+0002   0.107820726299431735090E-0005  -0.250000000000000000000E+0002   0.569896496087324777591E+0001
   0.304166666666666196672E+0000   0.628815140035215319888E-0008   0.177439459126143699172E-0015   0.171384923224385229282E-0006  -0.120913375670893330258E-0013   0.165505515925743864614E+0002   0.117126604709767082583E-0005  -0.250000000000000000000E+0002   0.569896465255135886707E+0001
   0.306249999999999522604E+0000   0.665547848330616367829E-0008   0.204532716983277688400E-0015   0.181249081514092472710E-0006  -0.138807872749275078069E-0013   0.165561474337337273255E+0002   0.127181830250029127251E-0005  -0.250000000000000000000E+0002   0.569896432637966920964E+0001
   0.308333333333332848536E+0000   0.704390934084125124896E-0008   0.235625037967782043890E-0015   0.191644547722986154369E-0006  -0.159253467716263043126E-0013   0.165617242575813854444E+0002   0.138042166299573801437E-0005  -0.250000000000000000000E+0002   0.569896398139674342787E+0001
   0.310416666666666174468E+0000   0.745457775437212581118E-0008   0.271284930459135528107E-0015   0.202597136311290631234E-0006  -0.182599012193223792686E-0013   0.165672817704669164129E+0002   0.149767156648928821753E-0005  -0.250000000000000000000E+0002   0.569896361659443240200E+0001
   0.312499999999999500400E+0000   0.788867240801258442503E-0008   0.312158408173116194897E-0015   0.214133739429807635250E-0006  -0.209238883985021310082E-0013   0.165728196918104124791E+0002   0.162420353810273024190E-0005  -0.250000000000000000000E+0002   0.569896323091592549304E+0001
   0.314583333333332826331E+0000   0.834743917047351467952E-0008   0.358979071824244183522E-0015   0.226282362163418493830E-0006  -0.239618622573068560992E-0013   0.165783377537069540608E+0002   0.176069559226055223924E-0005  -0.250000000000000000000E+0002   0.569896282325373437772E+0001
   0.316666666666666152263E+0000   0.883218345109227779228E-0008   0.412579434287008082229E-0015   0.239072158454025199833E-0006  -0.274241220809105955781E-0013   0.165838357005420604651E+0002   0.190787075685987077696E-0005  -0.250000000000000000000E+0002   0.569896239244761471099E+0001
   0.318749999999999478195E+0000   0.934427263140075381609E-0008   0.473903633587922616326E-0015   0.252533467695059806780E-0006  -0.313674144719072162066E-0013   0.165893132886179017760E+0002   0.206649972620287550228E-0005  -0.250000000000000000000E+0002   0.569896193728265920697E+0001
   0.320833333333332804127E+0000   0.988513857362213176178E-0008   0.544021693637960258497E-0015   0.266697851988978423279E-0006  -0.358557159388270233226E-0013   0.165947702857900623030E+0002   0.223740364696897038228E-0005  -0.250000000000000000000E+0002   0.569896145648639862458E+0001
   0.322916666666666130059E+0000   0.104562802074690747635E-0007   0.624145509766964291153E-0015   0.281598134059406537718E-0006  -0.409611047199347009224E-0013   0.166002064711146104514E+0002   0.242145704260915755685E-0005  -0.250000000000000000000E+0002   0.569896094872717995372E+0001
   0.324999999999999455991E+0000   0.110592661965929113346E-0007   0.715646754955400659640E-0015   0.297268435804580822370E-0006  -0.467647312965365072718E-0013   0.166056216345053684336E+0002   0.261959088150360654878E-0005  -0.250000000000000000000E+0002   0.569896041261160668512E+0001
   0.327083333333332781923E+0000   0.116957376860110309204E-0007   0.820076923328541464507E-0015   0.313744217483348392727E-0006  -0.533578979704763559305E-0013   0.166110155764010869461E+0002   0.283279579433975719466E-0005  -0.250000000000000000000E+0002   0.569895984668211585955E+0001
   0.329166666666666107854E+0000   0.123674111318154189433E-0007   0.939189750143875832531E-0015   0.331062317519739934520E-0006  -0.608432588773281371391E-0013   0.166163881074423045447E+0002   0.306212544628243218628E-0005  -0.250000000000000000000E+0002   0.569895924941447873380E+0001
   0.331249999999999433786E+0000   0.130760812144375841102E-0007   0.107496627233637809270E-0014   0.349260992913032951089E-0006  -0.693361528902762412007E-0013   0.166217390481577673711E+0002   0.330870006961774696522E-0005  -0.250000000000000000000E+0002   0.569895861921524371496E+0001
   0.333333333333332759718E+0000   0.138236238367158105090E-0007   0.122964282087413783809E-0014   0.368379960238753052109E-0006  -0.789660830451525760553E-0013   0.166270682286601427791E+0002   0.357371016267045537231E-0005  -0.250000000000000000000E+0002   0.569895795441908692425E+0001
   0.335416666666666085650E+0000   0.146119992079798677755E-0007   0.140574226591391372669E-0014   0.388460437224964032357E-0006  -0.898783573878678527710E-0013   0.166323754883508385660E+0002   0.385842036082808941146E-0005  -0.250000000000000000000E+0002   0.569895725328609792371E+0001
   0.337499999999999411582E+0000   0.154432550153347704415E-0007   0.160610886825660575103E-0014   0.409545184888090127726E-0006  -0.102235907534386885481E-0012   0.166376606756337288573E+0002   0.416417348578362335985E-0005  -0.250000000000000000000E+0002   0.569895651399898817147E+0001
   0.339583333333332737514E+0000   0.163195296832906675965E-0007   0.183394712609596354471E-0014   0.431678550210105826970E-0006  -0.116221302712046768755E-0012   0.166429236476375663756E+0002   0.449239477895741561009E-0005  -0.250000000000000000000E+0002   0.569895573466022131726E+0001
   0.341666666666666063445E+0000   0.172430557228485455084E-0007   0.209286504479321562536E-0014   0.454906509340072747339E-0006  -0.132038978678393020066E-0012   0.166481642699469638558E+0002   0.484459632533436145827E-0005  -0.250000000000000000000E+0002   0.569895491328906445005E+0001
   0.343749999999999389377E+0000   0.182161631711134317860E-0007   0.238692229964552468333E-0014   0.479276711299949634443E-0006  -0.149917702649945204499E-0012   0.166533824163416674935E+0002   0.522238167395853814066E-0005  -0.250000000000000000000E+0002   0.569895404781856029786E+0001
   0.345833333333332715309E+0000   0.192412831224655464440E-0007   0.272068380762946348380E-0014   0.504838522175587387100E-0006  -0.170113297257329002156E-0012   0.166585779685439305808E+0002   0.562745066141699979713E-0005  -0.250000000000000000000E+0002   0.569895313609242037955E+0001
   0.347916666666666041241E+0000   0.203209513522786218541E-0007   0.309927927418922796722E-0014   0.531643069772442779459E-0006  -0.192911648571492076685E-0012   0.166637508159739269331E+0002   0.606160444470557096999E-0005  -0.250000000000000000000E+0002   0.569895217586183822078E+0001
   0.349999999999999367173E+0000   0.214578120341307217118E-0007   0.352846933562456054952E-0014   0.559743288713863827579E-0006  -0.218632025436382359371E-0012   0.166689008555128097555E+0002   0.652675075000282420886E-0005  -0.250000000000000000000E+0002   0.569895116478221908096E+0001
   0.352083333333332693105E+0000   0.226546215514076837270E-0007   0.401471897683166961838E-0014   0.589193965961375758292E-0006  -0.247630739678343032766E-0012   0.166740279912734798984E+0002   0.702490934367884606136E-0005  -0.250000000000000000000E+0002   0.569895010040982619159E+0001
   0.354166666666666019037E+0000   0.239142524041538290458E-0007   0.456527896846898278860E-0014   0.620051786733498891419E-0006  -0.280305179330609621204E-0012   0.166791321343787188880E+0002   0.755821773238103550578E-0005  -0.250000000000000000000E+0002   0.569894898019834883485E+0001
   0.356249999999999344968E+0000   0.252396972119762475954E-0007   0.518827613737426767468E-0014   0.652375380800014511147E-0006  -0.317098249683500201285E-0012   0.166842132027465233080E+0002   0.812893709856610589923E-0005  -0.250000000000000000000E+0002   0.569894780149538249248E+0001
   0.358333333333332670900E+0000   0.266340728137609722168E-0007   0.589281335971111813759E-0014   0.686225369129182272605E-0006  -0.358503259926506770519E-0012   0.166892711208825943459E+0002   0.873945847819503047289E-0005  -0.250000000000000000000E+0002   0.569894656153882461780E+0001
   0.360416666666665996832E+0000   0.281006244649102066836E-0007   0.668908024827110973511E-0014   0.721664410862828498112E-0006  -0.405069296261974153564E-0012   0.166943058196796805248E+0002   0.939230918721079963607E-0005  -0.250000000000000000000E+0002   0.569894525745318780707E+0001
   0.362499999999999322764E+0000   0.296427301327594139525E-0007   0.758847559406625986442E-0014   0.758757250596397145244E-0006  -0.457407125730871245952E-0012   0.166993172362237451978E+0002   0.100901595034390278993E-0004  -0.250000000000000000000E+0002   0.569894388624582504121E+0001
   0.364583333333332648696E+0000   0.312639048907830894287E-0007   0.860374271829543957047E-0014   0.797570765938318994874E-0006  -0.516195678582926248938E-0012   0.167043053136066390607E+0002   0.108358296105419919510E-0004  -0.250000000000000000000E+0002   0.569894244480306966238E+0001
   0.366666666666665974628E+0000   0.329678054121463286968E-0007   0.974911899446565197600E-0014   0.838174015325557060255E-0006  -0.582189160867874188879E-0012   0.167092700007452812372E+0002   0.116322968106373267187E-0004  -0.250000000000000000000E+0002   0.569894092988629097363E+0001
   0.368749999999999300559E+0000   0.347582345631098337691E-0007   0.110405009124338907618E-0013   0.880638286070254665492E-0006  -0.656224853032947964167E-0012   0.167142112522071215608E+0002   0.124827030121548362014E-0004  -0.250000000000000000000E+0002   0.569893933812785835613E+0001
   0.370833333333332626491E+0000   0.366391460967443196551E-0007   0.124956261769717039666E-0013   0.925037142613199111817E-0006  -0.739231654699583044319E-0012   0.167191290280417881320E+0002   0.133903624994578621403E-0004  -0.250000000000000000000E+0002   0.569893766602702278590E+0001
   0.372916666666665952423E+0000   0.386146494473601757682E-0007   0.141342744637418378523E-0013   0.971446474960622766568E-0006  -0.832239440474380504059E-0012   0.167240232936186572488E+0002   0.143587699906907048056E-0004  -0.250000000000000000000E+0002   0.569893590994570686803E+0001
   0.374999999999999278355E+0000   0.406890146260091550918E-0007   0.159784885959428245535E-0013   0.101994454728019435960E-0005  -0.936389296640704231323E-0012   0.167288940194704061071E+0002   0.153916089902333287208E-0004  -0.250000000000000000000E+0002   0.569893406610420960590E+0001
   0.377083333333332604287E+0000   0.428666772173655309776E-0007   0.180528180559835842304E-0013   0.107061204663345087623E-0005  -0.105294471389415864761E-0011   0.167337411811422107633E+0002   0.164927604420481988803E-0004  -0.250000000000000000000E+0002   0.569893213057682324063E+0001
   0.379166666666665930219E+0000   0.451522434782478459539E-0007   0.203845869090924691157E-0013   0.112353213182253961693E-0005  -0.118330381694397270515E-0011   0.167385647590466071222E+0002   0.176663116900891574207E-0004  -0.250000000000000000000E+0002   0.569893009928735772007E+0001
   0.381249999999999256151E+0000   0.475504955379959489232E-0007   0.230041883904711502142E-0013   0.117879048232926779000E-0005  -0.132901271781823976956E-0011   0.167433647383238266571E+0002   0.189165657518103422653E-0004  -0.250000000000000000000E+0002   0.569892796800458079076E+0001
   0.383333333333332582082E+0000   0.500663967008739317158E-0007   0.259454085952381286490E-0013   0.123647534732591750009E-0005  -0.149178008610354543104E-0011   0.167481411087074327781E+0002   0.202480509106598430746E-0004  -0.250000000000000000000E+0002   0.569892573233757016027E+0001
   0.385416666666665908014E+0000   0.527050968506289713214E-0007   0.292457819117780535882E-0013   0.129667759473968639269E-0005  -0.167349303614154295667E-0011   0.167528938643952614029E+0002   0.216655306333048979536E-0004  -0.250000000000000000000E+0002   0.569892338773096884808E+0001
   0.387499999999999233946E+0000   0.554719379572968823772E-0007   0.329469810550131228847E-0013   0.135949076035071188429E-0005  -0.187623443836035236292E-0011   0.167576230039254241433E+0002   0.231740138169064494478E-0004  -0.250000000000000000000E+0002   0.569892092946016504129E+0001
   0.389583333333332559878E+0000   0.583724596863089539801E-0007   0.370952447875732181121E-0013   0.142501109690937470958E-0005  -0.210230176967868800231E-0011   0.167623285300573350298E+0002   0.247787653722778700030E-0004  -0.250000000000000000000E+0002   0.569891835262636803350E+0001
   0.391666666666665885810E+0000   0.614124051099230465940E-0007   0.417418466644549052542E-0013   0.149333762325708356226E-0005  -0.235422762573780067630E-0011   0.167670104496575937958E+0002   0.264853171472343180818E-0004  -0.250000000000000000000E+0002   0.569891565215161044478E+0001
   0.393749999999999211742E+0000   0.645977265209723448387E-0007   0.469436084019069421419E-0013   0.156457217343794756713E-0005  -0.263480202657345463996E-0011   0.167716687735906759826E+0002   0.282994791955746236316E-0004  -0.250000000000000000000E+0002   0.569891282277364741304E+0001
   0.395833333333332537673E+0000   0.679345913489027751381E-0007   0.527634617545836200471E-0013   0.163881944579103878047E-0005  -0.294709665611794001125E-0011   0.167763035166142451260E+0002   0.302273513959034407139E-0004  -0.250000000000000000000E+0002   0.569890985904077584934E+0001
   0.397916666666665863605E+0000   0.714293881780484449182E-0007   0.592710630877105164037E-0013   0.171618705201553608359E-0005  -0.329449118558527389209E-0011   0.167809146972790621533E+0002   0.322753354245763912373E-0004  -0.250000000000000000000E+0002   0.569890675530656576342E+0001
   0.399999999999999189537E+0000   0.750887328680829456977E-0007   0.665434651541182158352E-0013   0.179678556620250741317E-0005  -0.368070184081661268317E-0011   0.167855023378333285677E+0002   0.344501470866238158420E-0004  -0.250000000000000000000E+0002   0.569890350572449388977E+0001
   0.402083333333332515469E+0000   0.789194747765732053985E-0007   0.746658509306391158020E-0013   0.188072857383146833827E-0005  -0.410981238427379002643E-0011   0.167900664641313888126E+0002   0.367588290081500464732E-0004  -0.250000000000000000000E+0002   0.569890010424249826571E+0001
   0.404166666666665841401E+0000   0.829287030835636207587E-0007   0.837323347357066839690E-0013   0.196813272073233785914E-0005  -0.458630769355144692080E-0011   0.167946071055466958910E+0002   0.392087636933064167719E-0004  -0.250000000000000000000E+0002   0.569889654459743955073E+0001
   0.406249999999999167333E+0000   0.871237532181203249347E-0007   0.938468362412259787770E-0013   0.205911776201534544388E-0005  -0.511511013003041455464E-0011   0.167991242948888626074E+0002   0.418076869485088610176E-0004  -0.250000000000000000000E+0002   0.569889282030947352808E+0001
   0.408333333333332493265E+0000   0.915122133867776744129E-0007   0.105124033408163735948E-0012   0.215380661097973428940E-0005  -0.570161890367691825654E-0011   0.168036180683249227741E+0002   0.445637016761143541703E-0004  -0.250000000000000000000E+0002   0.569888892467633834116E+0001
   0.410416666666665819196E+0000   0.961019312038527033366E-0007   0.117690400818124797369E-0012   0.225232538800897875902E-0005  -0.635175265298894422608E-0011   0.168080884653043938215E+0002   0.474852920392786480601E-0004  -0.250000000000000000000E+0002   0.569888485076754669478E+0001
   0.412499999999999145128E+0000   0.100901020423616030894E-0006   0.131685340343744307451E-0012   0.235480346947033502886E-0005  -0.707199547273777125800E-0011   0.168125355284882793683E+0002   0.505813379991925068696E-0004  -0.250000000000000000000E+0002   0.569888059141850078504E+0001
   0.414583333333332471060E+0000   0.105917867774348867921E-0006   0.147262411600448278049E-0012   0.246137353664007525554E-0005  -0.786944663648178775448E-0011   0.168169593036818909582E+0002   0.538611302253381337411E-0004  -0.250000000000000000000E+0002   0.569887613922450597670E+0001
   0.416666666666665796992E+0000   0.111161139894364724729E-0006   0.164590670152419338467E-0012   0.257217162467830451152E-0005  -0.875187427584320641985E-0011   0.168213598397713042232E+0002   0.573343853788107693449E-0004  -0.250000000000000000000E+0002   0.569887148653470454462E+0001
   0.418749999999999122924E+0000   0.116639790370127083792E-0006   0.183856122007890795234E-0012   0.268733717168052398756E-0005  -0.972777329425122130906E-0011   0.168257371886634032876E+0002   0.610112617681200000144E-0004  -0.250000000000000000000E+0002   0.569886662544591615642E+0001
   0.420833333333332448856E+0000   0.122363066876664962014E-0006   0.205263303534733156822E-0012   0.280701306784865082836E-0005  -0.108064278093455224782E-0010   0.168300914052294778855E+0002   0.649023753762185896983E-0004  -0.250000000000000000000E+0002   0.569886154779639308998E+0001
   0.422916666666665774788E+0000   0.128340518420571468564E-0006   0.229036996558222828400E-0012   0.293134570481605693349E-0005  -0.119979784354193891744E-0010   0.168344225472522204257E+0002   0.690188162567961316449E-0004  -0.250000000000000000000E+0002   0.569885624515948219226E+0001
   0.424999999999999100719E+0000   0.134582002685957761614E-0006   0.255424089070465777418E-0012   0.306048502517756982637E-0005  -0.133134947352967741054E-0010   0.168387306753760270794E+0002   0.733721652971298807450E-0004  -0.250000000000000000000E+0002   0.569885070883720157298E+0001
   0.427083333333332426651E+0000   0.141097693483843598100E-0006   0.284695592686868964739E-0012   0.319458457227597076973E-0005  -0.147650531898166976258E-0010   0.168430158530606171041E+0002   0.779745113439918167324E-0004  -0.250000000000000000000E+0002   0.569884492985372226315E+0001
   0.429166666666665752583E+0000   0.147898088305579728911E-0006   0.317148828730947660683E-0012   0.333380154030707128991E-0005  -0.163658210527006126579E-0010   0.168472781465376826304E+0002   0.828384686882843994816E-0004  -0.250000000000000000000E+0002   0.569883889894876372040E+0001
   0.431249999999999078515E+0000   0.154994015981036252377E-0006   0.353109795616411256133E-0012   0.347829682481010075374E-0005  -0.181301464790472245270E-0010   0.168515176247707252344E+0002   0.879771949031990231583E-0004  -0.250000000000000000000E+0002   0.569883260657089429913E+0001
   0.433333333333332404447E+0000   0.162396644442436410940E-0006   0.392935731026583534360E-0012   0.362823507361720951967E-0005  -0.200736553369788815125E-0010   0.168557343594178341561E+0002   0.934044090297725653621E-0004  -0.250000000000000000000E+0002   0.569882604287074290283E+0001
   0.435416666666665730379E+0000   0.170117488594873869909E-0006   0.437017883267615570141E-0012   0.378378473834375265089E-0005  -0.222133551341412995572E-0010   0.168599284247972676098E+0002   0.991344101027485707835E-0004  -0.250000000000000000000E+0002   0.569881919769411471322E+0001
   0.437499999999999056310E+0000   0.178168418294736646786E-0006   0.485784507095543731600E-0012   0.394511812651255619000E-0005  -0.245677465138788307228E-0010   0.168640998978560077148E+0002   0.105182096008641477063E-0003  -0.250000000000000000000E+0002   0.569881206057501543683E+0001
   0.439583333333332382242E+0000   0.186561666437457159583E-0006   0.539704100289870821033E-0012   0.411241145440555773069E-0005  -0.271569427998747071774E-0010   0.168682488581408058792E+0002   0.111562982666838362948E-0003  -0.250000000000000000000E+0002   0.569880462072857429945E+0001
   0.441666666666665708174E+0000   0.195309837156214167990E-0006   0.599288898269901398244E-0012   0.428584490075419595429E-0005  -0.300027980929784477489E-0010   0.168723753877720810124E+0002   0.118293223523460212538E-0003  -0.250000000000000000000E+0002   0.569879686704387911078E+0001
   0.443749999999999034106E+0000   0.204425914133454447388E-0006   0.665098645126689141540E-0012   0.446560266137858421706E-0005  -0.331290444499036032776E-0010   0.168764795714200523946E+0002   0.125389629346549675301E-0003  -0.250000000000000000000E+0002   0.569878878807670208317E+0001
   0.445833333333332360038E+0000   0.213923269027340025490E-0006   0.737744660574900107064E-0012   0.465187300491127467446E-0005  -0.365614387002652933605E-0010   0.168805614962836436632E+0002   0.132869688309932384345E-0003  -0.250000000000000000000E+0002   0.569878037204213239164E+0001
   0.447916666666665685970E+0000   0.223815670015514749671E-0006   0.817894223517598312089E-0012   0.484484832972292234709E-0005  -0.403279194864083455425E-0010   0.168846212520714082927E+0002   0.140751586351839960524E-0003  -0.250000000000000000000E+0002   0.569877160680710481699E+0001
   0.449999999999999011902E+0000   0.234117290458847671431E-0006   0.906275294164488331423E-0012   0.504472522220915061460E-0005  -0.444587751392605135127E-0010   0.168886589309848851315E+0002   0.149054227793063003580E-0003  -0.250000000000000000000E+0002   0.569876247988281647849E+0001
   0.452083333333332337833E+0000   0.244842717688149071200E-0006   0.100368159795334466895E-0011   0.525170451658606200979E-0005  -0.489868230335352381120E-0010   0.168926746277039931954E+0002   0.157797256198022100779E-0003  -0.250000000000000000000E+0002   0.569875297841704409052E+0001
   0.454166666666665663765E+0000   0.256006961917165490100E-0006   0.111097809589665797665E-0011   0.546599135635494432574E-0005  -0.539476010964014540360E-0010   0.168966684393745012471E+0002   0.167001075460732046176E-0003  -0.250000000000000000000E+0002   0.569874308918634575605E+0001
   0.456249999999998989697E+0000   0.267625465285518112622E-0006   0.122910686741371699368E-0011   0.568779525762055077997E-0005  -0.593795721759918820826E-0010   0.169006404655974407092E+0002   0.176686871096128913323E-0003  -0.250000000000000000000E+0002   0.569873279858814552057E+0001
   0.458333333333332315629E+0000   0.279714111035634244139E-0006   0.135909343321451980472E-0011   0.591733017443591243411E-0005  -0.653243420092083032786E-0010   0.169045908084202380905E+0002   0.186876631715700519763E-0003  -0.250000000000000000000E+0002   0.569872209263270690371E+0001
   0.460416666666665641561E+0000   0.292289232828101283236E-0006   0.150205354737815681534E-0011   0.615481456638198012925E-0005  -0.718268915625795910950E-0010   0.169085195723297374570E+0002   0.197593170664758940001E-0003  -0.250000000000000000000E+0002   0.569871095693497675683E+0001
   0.462499999999998967493E+0000   0.305367624200307354967E-0006   0.165920048941734984809E-0011   0.640047146857866433204E-0005  -0.789358245553064373330E-0010   0.169124268642466439871E+0002   0.208860147796923004701E-0003  -0.250000000000000000000E+0002   0.569869937670630566373E+0001
   0.464583333333332293424E+0000   0.318966548173666769654E-0006   0.183185288884471513487E-0011   0.665452856435543476835E-0005  -0.867036310103131884787E-0010   0.169163127935215733544E+0002   0.220702091360288666939E-0003  -0.250000000000000000000E+0002   0.569868733674603955563E+0001
   0.466666666666665619356E+0000   0.333103747015205483737E-0006   0.202144311655818897680E-0011   0.691721826080099605607E-0005  -0.951869677169774044170E-0010   0.169201774719323765339E+0002   0.233144419966423388458E-0003  -0.250000000000000000000E+0002   0.569867482143296744113E+0001
   0.468749999999998945288E+0000   0.347797452159759571662E-0006   0.222952627924348456875E-0011   0.718877776744520562651E-0005  -0.104446956527672922964E-0009   0.169240210136828181930E+0002   0.246213464613563885394E-0003  -0.250000000000000000000E+0002   0.569866181471663502123E+0001
   0.470833333333332271220E+0000   0.363066394299567419288E-0006   0.245778985495614158381E-0011   0.746944917831289258950E-0005  -0.114549501451157202442E-0009   0.169278435354022462889E+0002   0.259936490731934634075E-0003  -0.250000000000000000000E+0002   0.569864830010850376141E+0001
   0.472916666666665597152E+0000   0.378929813648565268475E-0006   0.270806401009401994821E-0011   0.775947955762942621655E-0005  -0.125565625546824430051E-0009   0.169316451561463310327E+0002   0.274341720217764328121E-0003  -0.250000000000000000000E+0002   0.569863426067295808508E+0001
   0.474999999999998923084E+0000   0.395407470389271724870E-0006   0.298233264010773149516E-0011   0.805912102943966981387E-0005  -0.137571828666607916150E-0009   0.169354259973986671639E+0002   0.289458353420459326474E-0003  -0.250000000000000000000E+0002   0.569861967901814736592E+0001
   0.477083333333332249016E+0000   0.412519655310717899976E-0006   0.328274517852295451810E-0011   0.836863087143734564086E-0005  -0.150650467135320450101E-0009   0.169391861830730228178E+0002   0.305316591045306801738E-0003  -0.250000000000000000000E+0002   0.569860453728666449535E+0001
   0.479166666666665574947E+0000   0.430287200646509098157E-0006   0.361162922116848282991E-0011   0.868827161330360259325E-0005  -0.164890156505637102031E-0009   0.169429258395161959072E+0002   0.321947655931937833443E-0003  -0.250000000000000000000E+0002   0.569858881714603526802E+0001
   0.481249999999998900879E+0000   0.448731491122729810725E-0006   0.397150401491912088681E-0011   0.901831113985980321499E-0005  -0.180386198570310865488E-0009   0.169466450955113607790E+0002   0.339383814666600685476E-0003  -0.250000000000000000000E+0002   0.569857249977903546068E+0001
   0.483333333333332226811E+0000   0.467874475226063300271E-0006   0.436509486277641838847E-0011   0.935902279936752156070E-0005  -0.197241033862392971308E-0009   0.169503440822815747424E+0002   0.357658398984004590685E-0003  -0.250000000000000000000E+0002   0.569855556587379652456E+0001
   0.485416666666665552743E+0000   0.487738676703190778379E-0006   0.479534849972571581628E-0011   0.971068551729630475091E-0005  -0.215564720923509298243E-0009   0.169540229334934693384E+0002   0.376805826912230876734E-0003  -0.250000000000000000000E+0002   0.569853799561372298399E+0001
   0.487499999999998878675E+0000   0.508347206303229111633E-0006   0.526544949652729066889E-0011   0.100735839159196513971E-0004  -0.235475443671019133386E-0009   0.169576817852609416093E+0002   0.396861623611802639532E-0003  -0.250000000000000000000E+0002   0.569851976866717357950E+0001
   0.489583333333332204607E+0000   0.529723773775709632769E-0006   0.577883775142641920309E-0011   0.104480084400781369656E-0004  -0.257100048247023322553E-0009   0.169613207761485433878E+0002   0.417862441857636273020E-0003  -0.250000000000000000000E+0002   0.569850086417693191265E+0001
   0.491666666666665530538E+0000   0.551892700137333740895E-0006   0.633922713270368793542E-0011   0.108342554894874627754E-0004  -0.280574610785752879623E-0009   0.169649400471745721575E+0002   0.439846082110104011180E-0003  -0.250000000000000000000E+0002   0.569848126074942840091E+0001
   0.493749999999998856470E+0000   0.574878930221535226854E-0006   0.695062533803749652394E-0011   0.112326275579640113173E-0004  -0.306045037591280376255E-0009   0.169685397418135828218E+0002   0.462851512118988238625E-0003  -0.250000000000000000000E+0002   0.569846093644371176623E+0001
   0.495833333333332182402E+0000   0.598708045525661283018E-0006   0.761735503981685911423E-0011   0.116434333799498096408E-0004  -0.333667699273628858091E-0009   0.169721200059981285335E+0002   0.486918886001523804931E-0003  -0.250000000000000000000E+0002   0.569843986876015762277E+0001
   0.497916666666665508334E+0000   0.623406277371386614610E-0006   0.834407638882807084518E-0011   0.120669880847419570450E-0004  -0.363610100449421784618E-0009   0.169756809881196986112E+0002   0.512089562733226847172E-0003  -0.250000000000000000000E+0002   0.569841803462889728848E+0001
   0.499999999999998834266E+0000   0.649000520394837349210E-0006   0.913581095214793336129E-0011   0.125036133588068924653E-0004  -0.396051586673492331660E-0009   0.169792228390283916895E+0002   0.538406123987587403694E-0003  -0.250000000000000000000E+0002   0.569839541039794994504E+0001
   0.502083333333332215709E+0000   0.675518346383708875245E-0006   0.999796716460921366332E-0011   0.129536376166303009616E-0004  -0.431184090328146297052E-0009   0.169827457120314093686E+0002   0.565912391258120966303E-0003  -0.250000000000000000000E+0002   0.569837197182104837623E+0001
   0.504166666666665541641E+0000   0.702988018479568277277E-0006   0.109363673768679199103E-0010   0.134173961804669173559E-0004  -0.469212917259662564873E-0009   0.169862497628899902224E+0002   0.594653442193709058303E-0003  -0.250000000000000000000E+0002   0.569834769404514140945E+0001
   0.506249999999998867573E+0000   0.731438505764372080843E-0006   0.119572765868962294066E-0010   0.138952314694742470560E-0004  -0.510357576016672528563E-0009   0.169897351498146171878E+0002   0.624675626075581018337E-0003  -0.250000000000000000000E+0002   0.569832255159754907936E+0001
   0.508333333333332193504E+0000   0.760899498251156779501E-0006   0.130674329456562737396E-0010   0.143874931986108843898E-0004  -0.554852651609354761128E-0009   0.169932020334583810950E+0002   0.656026578361684049000E-0003  -0.250000000000000000000E+0002   0.569829651837276163207E+0001
   0.510416666666665519436E+0000   0.791401422299733437119E-0006   0.142740801317785142646E-0010   0.148945385877652017027E-0004  -0.602948725777354642043E-0009   0.169966505769080988841E+0002   0.688755234221720890816E-0003  -0.250000000000000000000E+0002   0.569826956761885661251E+0001
   0.512499999999998845368E+0000   0.822975456479141347862E-0006   0.155850016942798664356E-0010   0.154167325815381865781E-0004  -0.654913345821945672875E-0009   0.170000809456731367675E+0002   0.722911840983686895812E-0003  -0.250000000000000000000E+0002   0.569824167192352426525E+0001
   0.514583333333332171300E+0000   0.855653547899536567032E-0006   0.170085574667135660797E-0010   0.159544480801361021074E-0004  -0.711032044129840618059E-0009   0.170034933076716434641E+0002   0.758547969410317251410E-0003  -0.250000000000000000000E+0002   0.569821280319967016226E+0001
   0.516666666666665497232E+0000   0.889468429037117356440E-0006   0.185537221606479485307E-0010   0.165080661817985415850E-0004  -0.771609410587109476545E-0009   0.170068878332139981069E+0002   0.795716523721607662742E-0003  -0.250000000000000000000E+0002   0.569818293267057640605E+0001
   0.518749999999998823164E+0000   0.924453635076593007415E-0006   0.202301262510275919828E-0010   0.170779764372269105758E-0004  -0.836970220155758940187E-0009   0.170102646949831637357E+0002   0.834471750277407733898E-0003  -0.250000000000000000000E+0002   0.569815203085461430277E+0001
   0.520833333333332149095E+0000   0.960643521796657745971E-0006   0.220480992707836791836E-0010   0.176645771164362971732E-0004  -0.907460617961171800653E-0009   0.170136240680117865054E+0002   0.874869244832076394663E-0003  -0.250000000000000000000E+0002   0.569812006754945787890E+0001
   0.522916666666665475027E+0000   0.998073284024830232486E-0006   0.240187156370301424016E-0010   0.182682754884931748630E-0004  -0.983449364315115250960E-0009   0.170169661296558309971E+0002   0.916965958271349912412E-0003  -0.250000000000000000000E+0002   0.569808701181580445905E+0001
   0.524999999999998800959E+0000   0.103677897468895005743E-0005   0.261538431363151289560E-0010   0.188894881145517327242E-0004  -0.106532914217721255282E-0008   0.170202910595643572833E+0002   0.960820200740011018739E-0003  -0.250000000000000000000E+0002   0.569805283196055967210E+0001
   0.527083333333332126891E+0000   0.107679752449351477222E-0005   0.284661942016935488047E-0010   0.195286411546527664622E-0004  -0.115351792963821047890E-0008   0.170235990396454326401E+0002   0.100649164406749072956E-0002  -0.250000000000000000000E+0002   0.569801749551946734584E+0001
   0.529166666666665452823E+0000   0.111816676224996246005E-0005   0.309693801198534639107E-0010   0.201861706886778113630E-0004  -0.124846044008969982140E-0008   0.170268902540276840796E+0002   0.105404132239755583648E-0002  -0.250000000000000000000E+0002   0.569798096923915764478E+0001
   0.531249999999998778755E+0000   0.116092543589086459030E-0005   0.336779683121635878723E-0010   0.208625230519181612899E-0004  -0.135062963282792798343E-0008   0.170301648890174810447E+0002   0.110353163092740086219E-0002  -0.250000000000000000000E+0002   0.569794321905858858202E+0001
   0.533333333333332104687E+0000   0.120511323419886221442E-0005   0.366075428393211743926E-0010   0.215581551856129453035E-0004  -0.146052829692232873738E-0008   0.170334231330513112823E+0002   0.115502632266113194025E-0002  -0.250000000000000000000E+0002   0.569790421008985958906E+0001
   0.535416666666665430618E+0000   0.125077080928202368862E-0005   0.397747682852665222606E-0010   0.222735350029260331542E-0004  -0.157869071126899795414E-0008   0.170366651766432681825E+0002   0.120859050308257088245E-0002  -0.250000000000000000000E+0002   0.569786390659834918182E+0001
   0.537499999999998756550E+0000   0.129793979982812288337E-0005   0.431974571821999157379E-0010   0.230091417706550361688E-0004  -0.170568438383098435162E-0008   0.170398912123272765484E+0002   0.126429062265298619051E-0002  -0.250000000000000000000E+0002   0.569782227198217583464E+0001
   0.539583333333332082482E+0000   0.134666285517108561706E-0005   0.468946411448857147909E-0010   0.237654665071510279707E-0004  -0.184211187316224511843E-0008   0.170431014345939750854E+0002   0.132219446704006835490E-0002  -0.250000000000000000000E+0002   0.569777926875093232439E+0001
   0.541666666666665408414E+0000   0.139698366020368934304E-0005   0.508866458889710820699E-0010   0.245430123966894915674E-0004  -0.198861269539700567866E-0008   0.170462960398218221769E+0002   0.138237114498638733948E-0002  -0.250000000000000000000E+0002   0.569773485850366512295E+0001
   0.543749999999998734346E+0000   0.144894696117120759505E-0005   0.551951703147675984672E-0010   0.253422952207227177794E-0004  -0.214586531998126145517E-0008   0.170494752262024746869E+0002   0.144489107372740657222E-0002  -0.250000000000000000000E+0002   0.569768900190608729162E+0001
   0.545833333333332060278E+0000   0.150259859238145937824E-0005   0.598433698448683544541E-0010   0.261638438062619034280E-0004  -0.231458925751333334281E-0008   0.170526391936599068799E+0002   0.150982596187223833822E-0002  -0.250000000000000000000E+0002   0.569764165866696536966E+0001
   0.547916666666665386209E+0000   0.155798550386730454597E-0005   0.648559442110849060374E-0010   0.270082004917225921713E-0004  -0.249554724315827963758E-0008   0.170557881437634115684E+0002   0.157724878966373463669E-0002  -0.250000000000000000000E+0002   0.569759278751367226334E+0001
   0.549999999999998712141E+0000   0.161515579003824030145E-0005   0.702592298935028416661E-0010   0.278759216104582300383E-0004  -0.268954751919360829529E-0008   0.170589222796339079480E+0002   0.164723378653893631242E-0002  -0.250000000000000000000E+0002   0.569754234616686261461E+0001
   0.552083333333332038073E+0000   0.167415871935824270124E-0005   0.760812974219655516183E-0010   0.287675779922890240202E-0004  -0.289744622034286457806E-0008   0.170620418058437728348E+0002   0.171985640591602829616E-0002  -0.250000000000000000000E+0002   0.569749029131424133965E+0001
   0.554166666666665364005E+0000   0.173504476508753532706E-0005   0.823520537580193641835E-0010   0.296837554831668399343E-0004  -0.312014986565113708033E-0008   0.170651469283097014795E+0002   0.179519329713991948952E-0002  -0.250000000000000000000E+0002   0.569743657858338803379E+0001
   0.556249999999998689937E+0000   0.179786563712631944642E-0005   0.891033499832743979027E-0010   0.306250554832082638604E-0004  -0.335861796075995330746E-0008   0.170682378541785908510E+0002   0.187332227452558061805E-0002  -0.250000000000000000000E+0002   0.569738116251361326192E+0001
   0.558333333333332015869E+0000   0.186267431499896415648E-0005   0.963690945284075825192E-0010   0.315920955032759808909E-0004  -0.361386571466383596056E-0008   0.170713147917064489434E+0002   0.195432228347893312617E-0002  -0.250000000000000000000E+0002   0.569732399652680499003E+0001
   0.560416666666665341801E+0000   0.192952508201712281841E-0005   0.104185372184760258688E-0009   0.325855097400719369706E-0004  -0.388696687434453226605E-0008   0.170743779501296550904E+0002   0.203827336349019557632E-0002  -0.250000000000000000000E+0002   0.569726503289723495982E+0001
   0.562499999999998667732E+0000   0.199847356066106032329E-0005   0.112590569150268287287E-0009   0.336059496701011174756E-0004  -0.417905668292665841387E-0008   0.170774275395293706481E+0002   0.212525660828008760433E-0002  -0.250000000000000000000E+0002   0.569720422272028681476E+0001
   0.564583333333331993664E+0000   0.206957674921798889849E-0005   0.121625504369079161942E-0009   0.346540846623449486736E-0004  -0.449133496390222310060E-0008   0.170804637706883220005E+0002   0.221535412276702712089E-0002  -0.250000000000000000000E+0002   0.569714151588008288485E+0001
   0.566666666666665319596E+0000   0.214289305971670313646E-0005   0.131333567433823710764E-0009   0.357306026096980612226E-0004  -0.482506933694696085859E-0008   0.170834868549400660243E+0002   0.230864897699437250644E-0002  -0.250000000000000000000E+0002   0.569707686101596166850E+0001
   0.568749999999998645528E+0000   0.221848235719757495865E-0005   0.141760863328636761100E-0009   0.368362105792218092783E-0004  -0.518159856943441816558E-0008   0.170864970040109191984E+0002   0.240522515698899990930E-0002  -0.250000000000000000000E+0002   0.569701020548778025443E+0001
   0.570833333333331971460E+0000   0.229640600035703571917E-0005   0.152956364300541550469E-0009   0.379716354810957030987E-0004  -0.556233606832813947279E-0008   0.170894944298543478567E+0002   0.250516751256586430244E-0002  -0.250000000000000000000E+0002   0.569694149534000882085E+0001
   0.572916666666665297392E+0000   0.237672688360542849571E-0005   0.164972069156544576028E-0009   0.391376247561847691336E-0004  -0.596877351718394531131E-0008   0.170924793444780007690E+0002   0.260856170210767247461E-0002  -0.250000000000000000000E+0002   0.569687067526457902034E+0001
   0.574999999999998623323E+0000   0.245950948057688661025E-0005   0.177863170293793513506E-0009   0.403349470821015763607E-0004  -0.640248466312803112978E-0008   0.170954519597633485262E+0002   0.271549413436434272304E-0002  -0.250000000000000000000E+0002   0.569679768856245427600E+0001
   0.577083333333331949255E+0000   0.254481988912961574838E-0005   0.191688228780409259043E-0009   0.415643930975614841073E-0004  -0.686512925879728296994E-0008   0.170984124872781393378E+0002   0.282605190733300386599E-0002  -0.250000000000000000000E+0002   0.569672247710388823805E+0001
   0.579166666666665275187E+0000   0.263272587787447931944E-0005   0.206509357815124509999E-0009   0.428267761448764024807E-0004  -0.735845716435749937934E-0008   0.171013611380817707186E+0002   0.294032274429633418839E-0002  -0.250000000000000000000E+0002   0.569664498128734386739E+0001
   0.581249999999998601119E+0000   0.272329693426942840470E-0005   0.222392414904678083119E-0009   0.441229330302715964593E-0004  -0.788431261485783144185E-0008   0.171042981225237227250E+0002   0.305839492711424808941E-0002  -0.250000000000000000000E+0002   0.569656513999703317808E+0001
   0.583333333333331927051E+0000   0.281660431431660359205E-0005   0.239407203108984895321E-0009   0.454537248017524773253E-0004  -0.844463865830440230738E-0008   0.171072236500353156430E+0002   0.318035722688195590657E-0002  -0.250000000000000000000E+0002   0.569648289055905010514E+0001
   0.585416666666665252983E+0000   0.291272109389841507050E-0005   0.257627681715494911277E-0009   0.468200375442695890379E-0004  -0.904148176999921574310E-0008   0.171101379289150656859E+0002   0.330629883208543055503E-0002  -0.250000000000000000000E+0002   0.569639816869606363525E+0001
   0.587499999999998578915E+0000   0.301172222178817128595E-0005   0.277132186715846249781E-0009   0.482227831917083049054E-0004  -0.967699664881745861373E-0008   0.171130411661079016028E+0002   0.343630927440362592823E-0002  -0.250000000000000000000E+0002   0.569631090848054633113E+0001
   0.589583333333331904846E+0000   0.311368457437000568499E-0005   0.298003661469907417033E-0009   0.496629003553960529757E-0004  -0.103534512012696809090E-0007   0.171159335669785015455E+0002   0.357047835232483096179E-0002  -0.250000000000000000000E+0002   0.569622104228649295266E+0001
   0.591666666666665230778E+0000   0.321868701210227763207E-0005   0.320329897955002149876E-0009   0.511413551687790615772E-0004  -0.110732317196859708452E-0007   0.171188153350795104757E+0002   0.370889605281042632548E-0002  -0.250000000000000000000E+0002   0.569612850073962562192E+0001
   0.593749999999998556710E+0000   0.332681043775645602804E-0005   0.344203789008975938027E-0009   0.526591421472615028344E-0004  -0.118388482587951415613E-0007   0.171216866719137499331E+0002   0.385165247097121179673E-0002  -0.250000000000000000000E+0002   0.569603321266602957706E+0001
   0.595833333333331882642E+0000   0.343813785646496714846E-0005   0.369723591992325311388E-0009   0.542172850638181989249E-0004  -0.126529402212572166053E-0007   0.171245477766932623354E+0002   0.399883772844753307418E-0002  -0.250000000000000000000E+0002   0.569593510503921152122E+0001
   0.597916666666665208574E+0000   0.355275443760796879803E-0005   0.396993204304415912201E-0009   0.558168378387663852917E-0004  -0.135182821536284414457E-0007   0.171273988460932251598E+0002   0.415054189026006336433E-0002  -0.250000000000000000000E+0002   0.569583410292554503940E+0001
   0.599999999999998534506E+0000   0.367074757856921447157E-0005   0.426122451204357113240E-0009   0.574588854437271324190E-0004  -0.144377897627564915077E-0007   0.171302400740025895232E+0002   0.430685488061381422514E-0002  -0.250000000000000000000E+0002   0.569573012942808531989E+0001
   0.602083333333331860437E+0000   0.379220697038967323393E-0005   0.457227386400790265398E-0009   0.591445448190888387052E-0004  -0.154145261582921048598E-0007   0.171330716512715532929E+0002   0.446786639787232365412E-0002  -0.250000000000000000000E+0002   0.569562310562871321196E+0001
   0.604166666666665186369E+0000   0.391722466534646650044E-0005   0.490430605889350615690E-0009   0.608749658043571979923E-0004  -0.164517083285375577602E-0007   0.171358937654565970377E+0002   0.463366582897722922851E-0002  -0.250000000000000000000E+0002   0.569551295052860950818E+0001
   0.606249999999998512301E+0000   0.404589514648369017683E-0005   0.525861575531921250845E-0009   0.626513320810230739995E-0004  -0.175527138573460097207E-0007   0.171387066005637933586E+0002   0.480434216366090478118E-0002  -0.250000000000000000000E+0002   0.569539958098700793698E+0001
   0.608333333333331838233E+0000   0.417831539911890896143E-0005   0.563656972884614481824E-0009   0.644748621264542171863E-0004  -0.187210878868560132907E-0007   0.171415103367898069564E+0002   0.497998390844022441326E-0002  -0.250000000000000000000E+0002   0.569528291165823929987E+0001
   0.610416666666665164165E+0000   0.431458498435076810273E-0005   0.603961043801637445294E-0009   0.663468101797394499810E-0004  -0.199605503394019045417E-0007   0.171443051502636052419E+0002   0.516067900127958108930E-0002  -0.250000000000000000000E+0002   0.569516285492700902182E+0001
   0.612499999999998490097E+0000   0.445480611458892935292E-0005   0.646925974353916848795E-0009   0.682684672174067354051E-0004  -0.212750033997307044185E-0007   0.171470912127872878727E+0002   0.534651472665486574704E-0002  -0.250000000000000000000E+0002   0.569503932084192676655E+0001
   0.614583333333331816029E+0000   0.459908373112760900835E-0005   0.692712278619746269877E-0009   0.702411619389434633285E-0004  -0.226685392697852658045E-0007   0.171498686915776090700E+0002   0.553757763159670041153E-0002  -0.250000000000000000000E+0002   0.569491221704723749042E+0001
   0.616666666666665141960E+0000   0.474752558378220953567E-0005   0.741489202921105247033E-0009   0.722662617614032318442E-0004  -0.241454482027111302007E-0007   0.171526377490087007516E+0002   0.573395344296047815985E-0002  -0.250000000000000000000E+0002   0.569478144871276548145E+0001
   0.618749999999998467892E+0000   0.490024231260723312217E-0005   0.793435147096464328517E-0009   0.743451738223549409446E-0004  -0.257102268246238857980E-0007   0.171553985423567318946E+0002   0.593572698621980514994E-0002  -0.250000000000000000000E+0002   0.569464691846203141523E+0001
   0.620833333333331793824E+0000   0.505734753171213066497E-0005   0.848738103418312116431E-0009   0.764793459905074141623E-0004  -0.273675867525749474795E-0007   0.171581512235470441397E+0002   0.614298210607232188923E-0002  -0.250000000000000000000E+0002   0.569450852629855575060E+0001
   0.622916666666665119756E+0000   0.521895791519025317116E-0005   0.907596113781412008721E-0009   0.786702678832233118656E-0004  -0.291224635173130769928E-0007   0.171608959389043462807E+0002   0.635580158913714304836E-0002  -0.250000000000000000000E+0002   0.569436616953030316779E+0001
   0.624999999999998445688E+0000   0.538519328517461733812E-0005   0.970217745805878406515E-0009   0.809194718902752165891E-0004  -0.309800257996188170669E-0007   0.171636328289067137121E+0002   0.657426708901042312211E-0002  -0.250000000000000000000E+0002   0.569421974269228758914E+0001
   0.627083333333331771620E+0000   0.555617670203259957930E-0005   0.103682258851743002447E-0008   0.832285342029853106999E-0004  -0.329456849889999982084E-0007   0.171663620279438013938E+0002   0.679845905392977966492E-0002  -0.250000000000000000000E+0002   0.569406913746731202508E+0001
   0.629166666666665097551E+0000   0.573203455671000579980E-0005   0.110764176828565736347E-0008   0.855990758481157298270E-0004  -0.350251050736897700210E-0007   0.171690836640800057467E+0002   0.702845665728062812816E-0002  -0.250000000000000000000E+0002   0.569391424260483081099E+0001
   0.631249999999998423483E+0000   0.591289666523360135013E-0005   0.118291848571988066488E-0008   0.880327637255049838755E-0004  -0.372242128709718629676E-0007   0.171717978588229236436E+0002   0.726433773115673850351E-0002  -0.250000000000000000000E+0002   0.569375494383794666930E+0001
   0.633333333333331749415E+0000   0.609889636537902988763E-0005   0.126290857424073639152E-0008   0.905313116488675514310E-0004  -0.395492086067623695559E-0007   0.171745047268977302224E+0002   0.750617870316466415104E-0002  -0.250000000000000000000E+0002   0.569359112379850973440E+0001
   0.635416666666665075347E+0000   0.629017061550986318196E-0005   0.134788108106459174195E-0008   0.930964813887058659139E-0004  -0.420065768535503271738E-0007   0.171772043760278840807E+0002   0.775405453663684674642E-0002  -0.250000000000000000000E+0002   0.569342266193034518551E+0001
   0.637499999999998401279E+0000   0.648686009559116237306E-0005   0.143811887135638070525E-0008   0.957300837163071273233E-0004  -0.446030978355501916764E-0007   0.171798969067222877527E+0002   0.800803867431273963540E-0002  -0.250000000000000000000E+0002   0.569324943440057396060E+0001
   0.639583333333331727211E+0000   0.668910931037894659196E-0005   0.153391925632395727121E-0008   0.984339794488683212086E-0004  -0.473458591094229427569E-0007   0.171825824120703494202E+0002   0.826820298598813022140E-0002  -0.250000000000000000000E+0002   0.569307131400906030194E+0001
   0.641666666666665053143E+0000   0.689706669479373264795E-0005   0.163559464607870622583E-0008   0.101210080496024195252E-0003  -0.502422676587090117343E-0007   0.171852609775464664210E+0002   0.853461772138250883424E-0002  -0.250000000000000000000E+0002   0.569288817009595149443E+0001
   0.643749999999998379074E+0000   0.711088472144609913756E-0005   0.174347322795722277380E-0008   0.104060350892735213580E-0003  -0.533000622605959536720E-0007   0.171879326808101282609E+0002   0.880735145939103014623E-0002  -0.250000000000000000000E+0002   0.569269986844735509379E+0001
   0.645833333333331705006E+0000   0.733072001035136993632E-0005   0.185789967129799604217E-0008   0.106986807847647672387E-0003  -0.565273264626219451997E-0007   0.171905975915326116876E+0002   0.908647107253128874516E-0002  -0.250000000000000000000E+0002   0.569250627119911989382E+0001
   0.647916666666665030938E+0000   0.755673344079881577730E-0005   0.197923585940863332424E-0008   0.109991522775314612415E-0003  -0.599325017901133666553E-0007   0.171932557712191602661E+0002   0.937204168760698459739E-0002  -0.250000000000000000000E+0002   0.569230723673874550173E+0001
   0.649999999999998356870E+0000   0.778909026537264477638E-0005   0.210786164961296499029E-0008   0.113076622325860033625E-0003  -0.635244014465282204095E-0007   0.171959072730421880237E+0002   0.966412665200124670895E-0002  -0.250000000000000000000E+0002   0.569210261960542940329E+0001
   0.652083333333331682802E+0000   0.802796022611172404421E-0005   0.224417566225311477512E-0008   0.116244289407366663183E-0003  -0.673122244252984649456E-0007   0.171985521416822528806E+0002   0.996278750355590950183E-0002  -0.250000000000000000000E+0002   0.569189227038826661698E+0001
   0.654166666666665008734E+0000   0.827351767279114763025E-0005   0.238859609953451755226E-0008   0.119496764201133359425E-0003  -0.713055700511612584953E-0007   0.172011904131781427907E+0002   0.102680839442853659438E-0001  -0.250000000000000000000E+0002   0.569167603562260993044E+0001
   0.656249999999998334665E+0000   0.852594168330952498550E-0005   0.254156159512266657473E-0008   0.122836345166296614494E-0003  -0.755144529612550313958E-0007   0.172038221147843906067E+0002   0.105800738174137102382E-0001  -0.250000000000000000000E+0002   0.569145375768461025956E+0001
   0.658333333333331660597E+0000   0.878541618615724133529E-0005   0.270353209540229639136E-0008   0.126265390030995319076E-0003  -0.799493185253019203956E-0007   0.172064472648352619899E+0002   0.108988130874153980876E-0001  -0.250000000000000000000E+0002   0.569122527468397088057E+0001
   0.660416666666664986529E+0000   0.905213008493626064956E-0005   0.287498977331795443136E-0008   0.129786316771292743310E-0003  -0.846210587098136618773E-0007   0.172090658726179555060E+0002   0.112243558234966060716E-0001  -0.250000000000000000000E+0002   0.569099042035492086455E+0001
   0.662499999999998312461E+0000   0.932627738490351234680E-0005   0.305643997573380705518E-0008   0.133401604573495736810E-0003  -0.895410283940614751779E-0007   0.172116779382525635356E+0002   0.115567541858619202838E-0001  -0.250000000000000000000E+0002   0.569074902394545212303E+0001
   0.664583333333331638393E+0000   0.960805732150078709995E-0005   0.324841220524771221482E-0008   0.137113794777796079707E-0003  -0.947210621361594923071E-0007   0.172142834525791137423E+0002   0.118960584146469879052E-0001  -0.250000000000000000000E+0002   0.569050091010484937470E+0001
   0.666666666666664964325E+0000   0.989767449082962865912E-0005   0.345146113739958869188E-0008   0.140925491800783877529E-0003  -0.100173491391081954929E-0006   0.172168823970512931965E+0002   0.122423168212715365033E-0001  -0.250000000000000000000E+0002   0.569024589876955033674E+0001
   0.668749999999998290257E+0000   0.101953389820243994041E-0004   0.366616767421478313887E-0008   0.144839364033888117096E-0003  -0.105911162180286151864E-0006   0.172194747436363932991E+0002   0.125955757819519887503E-0001  -0.250000000000000000000E+0002   0.568998380504737610863E+0001
   0.670833333333331616188E+0000   0.105012665114709425977E-0004   0.389314003502120964567E-0008   0.148858144715117632611E-0003  -0.111947453211626144633E-0006   0.172220604547215536684E+0002   0.129558797331214333587E-0001  -0.250000000000000000000E+0002   0.568971443910019214485E+0001
   0.672916666666664942120E+0000   0.108156785588076086358E-0004   0.413301488546943712176E-0008   0.152984632761948060589E-0003  -0.118296294441810211828E-0006   0.172246394830198852333E+0002   0.133232711657720551829E-0001  -0.250000000000000000000E+0002   0.568943760602505133050E+0001
   0.674999999999998268052E+0000   0.111388025046322463110E-0004   0.438645850562389438785E-0008   0.157221693598689229955E-0003  -0.124972186057108048598E-0006   0.172272117715007020422E+0002   0.136977906318466666202E-0001  -0.250000000000000000000E+0002   0.568915310573385291093E+0001
   0.677083333333331593984E+0000   0.114708717698911016598E-0004   0.465416799826670635800E-0008   0.161572259904226765920E-0003  -0.131990217994337587429E-0006   0.172297772532963264780E+0002   0.140794767353291747775E-0001  -0.250000000000000000000E+0002   0.568886073283163451464E+0001
   0.679166666666664919916E+0000   0.118121259567838735982E-0004   0.493687253795287674832E-0008   0.166039332344028586416E-0003  -0.139366089718722527585E-0006   0.172323358516312232780E+0002   0.144683661351395990297E-0001  -0.250000000000000000000E+0002   0.568856027649355233677E+0001
   0.681249999999998245848E+0000   0.121628109911463050310E-0004   0.523533466192193929596E-0008   0.170625980248202013421E-0003  -0.147116130525693793714E-0006   0.172348874797499540534E+0002   0.148644935456539728502E-0001  -0.250000000000000000000E+0002   0.568825152034062231365E+0001
   0.683333333333331571779E+0000   0.125231792661923905911E-0004   0.555035160364818047990E-0008   0.175335342236725220521E-0003  -0.155257320211259461414E-0006   0.172374320408477679223E+0002   0.152678917373866209622E-0001  -0.250000000000000000000E+0002   0.568793424231434308069E+0001
   0.685416666666664897711E+0000   0.128934897875010163852E-0004   0.588275666983744692694E-0008   0.180170626786947354241E-0003  -0.163807310122213505450E-0006   0.172399694280036079874E+0002   0.156785915375613864320E-0001  -0.250000000000000000000E+0002   0.568760821455027709703E+0001
   0.687499999999998223643E+0000   0.132740083191202969831E-0004   0.623342066163990149932E-0008   0.185135112736782727174E-0003  -0.172784444565790840666E-0006   0.172424995241147662739E+0002   0.160966218303107769239E-0001  -0.250000000000000000000E+0002   0.568727320325073648632E+0001
   0.689583333333331549575E+0000   0.136650075306492969484E-0004   0.660325334080194696277E-0008   0.190232149717652938717E-0003  -0.182207782555334827358E-0006   0.172450222018327465889E+0002   0.165220095562552647672E-0001  -0.250000000000000000000E+0002   0.568692896855667040512E+0001
   0.691666666666664875507E+0000   0.140667671451439222035E-0004   0.699320494142882245639E-0008   0.195465158510294082774E-0003  -0.192097119865399120700E-0006   0.172475373234998663463E+0002   0.169547797112319653667E-0001  -0.250000000000000000000E+0002   0.568657526441892269276E+0001
   0.693749999999998201439E+0000   0.144795740876783877906E-0004   0.740426772796918487937E-0008   0.200837631315922704196E-0003  -0.202473011365358135448E-0006   0.172500447410860537900E+0002   0.173949553439601209415E-0001  -0.250000000000000000000E+0002   0.568621183846898770042E+0001
   0.695833333333331527371E+0000   0.149037226343784253856E-0004   0.783747759996579377461E-0008   0.206353131935272163505E-0003  -0.213356793597775595223E-0006   0.172525442961254569241E+0002   0.178425575524507051828E-0001  -0.250000000000000000000E+0002   0.568583843188945170510E+0001
   0.697916666666664853302E+0000   0.153395145617254871455E-0004   0.829391574404033256168E-0008   0.212015295847008724541E-0003  -0.224770607562575221148E-0006   0.172550358196523880849E+0002   0.182976054789892629560E-0001  -0.250000000000000000000E+0002   0.568545477928428066861E+0001
   0.699999999999998179234E+0000   0.157872592959135333614E-0004   0.877471033349571883818E-0008   0.217827830177016784543E-0003  -0.236737421664428422552E-0006   0.172575191321363874408E+0002   0.187601163035439957860E-0001  -0.250000000000000000000E+0002   0.568506060854917549818E+0001
   0.702083333333331505166E+0000   0.162472740620213634399E-0004   0.928103827582514647585E-0008   0.223794513549243419444E-0003  -0.249281054775756055743E-0006   0.172599940434159186964E+0002   0.192301052354741479344E-0001  -0.250000000000000000000E+0002   0.568465564074219020796E+0001
   0.704166666666664831098E+0000   0.167198840327436766009E-0004   0.981412700831323316821E-0008   0.229919195808237874883E-0003  -0.262426199363076415249E-0006   0.172624603526306295009E+0002   0.197075855034383913555E-0001  -0.250000000000000000000E+0002   0.568423958995485367751E+0001
   0.706249999999998157030E+0000   0.172054224764033844618E-0004   0.103752563418001255851E-0007   0.236205797603583216070E-0003  -0.276198444619401807919E-0006   0.172649178481519030015E+0002   0.201925683434274645667E-0001  -0.250000000000000000000E+0002   0.568381216318404547394E+0001
   0.708333333333331482962E+0000   0.177042309039458510057E-0004   0.109657603525540649939E-0007   0.242658309825118692323E-0003  -0.290624299539361379645E-0006   0.172673663075116188281E+0002   0.206850629848694539392E-0001  -0.250000000000000000000E+0002   0.568337306020488775005E+0001
   0.710416666666664808893E+0000   0.182166592145932348468E-0004   0.115870293220613677128E-0007   0.249280792878462048937E-0003  -0.305731215869311964052E-0006   0.172698054973291768022E+0002   0.211850766347806904188E-0001  -0.250000000000000000000E+0002   0.568292197344495964018E+0001
   0.712499999999998134825E+0000   0.187430658398105593073E-0004   0.122405117243859313926E-0007   0.256077375786318520590E-0003  -0.321547610849612933376E-0006   0.172722351732357530807E+0002   0.216926144597551842641E-0001  -0.250000000000000000000E+0002   0.568245858786012192354E+0001
   0.714583333333331460757E+0000   0.192838178852122591519E-0004   0.129277162606101941677E-0007   0.263052255110259416201E-0003  -0.338102889695502976052E-0006   0.172746550797985989334E+0002   0.222076795668270446371E-0001  -0.250000000000000000000E+0002   0.568198258081230722638E+0001
   0.716666666666664786689E+0000   0.198392912700509666424E-0004   0.136502139397123656532E-0007   0.270209693685397522520E-0003  -0.355427467723221423601E-0006   0.172770649504470057423E+0002   0.227302729811993502185E-0001  -0.250000000000000000000E+0002   0.568149362194959284267E+0001
   0.718749999999998112621E+0000   0.204098708637965666238E-0004   0.144096402049300319667E-0007   0.277554019121307191196E-0003  -0.373552791938328771669E-0006   0.172794645073874342245E+0002   0.232603936228366614536E-0001  -0.250000000000000000000E+0002   0.568099137308898605170E+0001
   0.720833333333331438553E+0000   0.209959506194155805540E-0004   0.152076971046390776764E-0007   0.285089622110174011407E-0003  -0.392511362175016782732E-0006   0.172818534615288399436E+0002   0.237980382817230932957E-0001  -0.250000000000000000000E+0002   0.568047548810227365124E+0001
   0.722916666666664764485E+0000   0.215979337028583332067E-0004   0.160461555064214644620E-0007   0.292820954480944319574E-0003  -0.412336751479313569642E-0006   0.172842315124003214066E+0002   0.243432015903921675215E-0001  -0.250000000000000000000E+0002   0.567994561280539222992E+0001
   0.724999999999998090416E+0000   0.222162326182627482992E-0004   0.169268573528632625182E-0007   0.300752527023382125633E-0003  -0.433063625800897824219E-0006   0.172865983480753193646E+0002   0.248958759960624352592E-0001  -0.250000000000000000000E+0002   0.567940138485173129368E+0001
   0.727083333333331416348E+0000   0.228512693283291211963E-0004   0.178517179572764681973E-0007   0.308888907039203837977E-0003  -0.454727762688804999790E-0006   0.172889536450924090616E+0002   0.254560517304085916213E-0001  -0.250000000000000000000E+0002   0.567884243362987639614E+0001
   0.729166666666664742280E+0000   0.235034753692849226732E-0004   0.188227283371737550891E-0007   0.317234715608604605531E-0003  -0.477366068834614408280E-0006   0.172912970683747388989E+0002   0.260237167747736433676E-0001  -0.250000000000000000000E+0002   0.567826838016629142913E+0001
   0.731249999999998068212E+0000   0.241732919600282637165E-0004   0.198419575840864210921E-0007   0.325794624648715963004E-0003  -0.501016597367237393948E-0006   0.172936282711771056597E+0002   0.265988568396601614274E-0001  -0.250000000000000000000E+0002   0.567767883703332465473E+0001
   0.733333333333331394144E+0000   0.248611701045777332814E-0004   0.209115552658490223254E-0007   0.334573353558053070318E-0003  -0.525718562189871219876E-0006   0.172959468949994352727E+0002   0.271814553199920400095E-0001  -0.250000000000000000000E+0002   0.567707340826329165395E+0001
   0.735416666666664720076E+0000   0.255675706873802033152E-0004   0.220337538594098403069E-0007   0.343575665629353925023E-0003  -0.551512352336153762006E-0006   0.172982525695310584979E+0002   0.277714932651912556338E-0001  -0.250000000000000000000E+0002   0.567645168926904375439E+0001
   0.737499999999998046007E+0000   0.262929645607695318247E-0004   0.232108712107570078984E-0007   0.352806364122745515048E-0003  -0.578439544106643906816E-0006   0.173005449125951145106E+0002   0.283689493448009144583E-0001  -0.250000000000000000000E+0002   0.567581326677164543781E+0001
   0.739583333333331371939E+0000   0.270378326238994219318E-0004   0.244453130184917966700E-0007   0.362270288008119238123E-0003  -0.606542911562516540845E-0006   0.173028235301010049341E+0002   0.289737998137423770351E-0001  -0.250000000000000000000E+0002   0.567515771873575403106E+0001
   0.741666666666664697871E+0000   0.278026658924501880027E-0004   0.257395753372369674348E-0007   0.371972307345227808876E-0003  -0.635866435108003080681E-0006   0.173050880160002797936E+0002   0.295860184773860702967E-0001  -0.250000000000000000000E+0002   0.567448461431336426131E+0001
   0.743749999999998023803E+0000   0.285879655583454457914E-0004   0.270962470966491683551E-0007   0.381917318401833933740E-0003  -0.666455307958319388074E-0006   0.173073379522771055861E+0002   0.302055766567348553397E-0001  -0.250000000000000000000E+0002   0.567379351379638041664E+0001
   0.745833333333331349735E+0000   0.293942430389231407456E-0004   0.285180126318404631838E-0007   0.392110238295253360225E-0003  -0.698355940508419248703E-0006   0.173095729089176906257E+0002   0.308324431536673472520E-0001  -0.250000000000000000000E+0002   0.567308396857888830311E+0001
   0.747916666666664675667E+0000   0.302220200145618492779E-0004   0.300076542199228687761E-0007   0.402555999312333699126E-0003  -0.731615962075751426256E-0006   0.173117924439062278452E+0002   0.314665842168494608311E-0001  -0.250000000000000000000E+0002   0.567235552112970431438E+0001
   0.749999999999998001599E+0000   0.310718284540882028698E-0004   0.315680546175989981428E-0007   0.413259542910468123320E-0003  -0.766284220120972833815E-0006   0.173139961032484706038E+0002   0.321079635081353842452E-0001  -0.250000000000000000000E+0002   0.567160770497578514693E+0001
   0.752083333333331327530E+0000   0.319442106272932804800E-0004   0.332021995943677198153E-0007   0.424225813300324139463E-0003  -0.802410776766953028820E-0006   0.173161834209997849143E+0002   0.327565420698614356843E-0001  -0.250000000000000000000E+0002   0.567084004469723890196E+0001
   0.754166666666664653462E+0000   0.328397191036867281116E-0004   0.349131804552197993138E-0007   0.435459750668838632519E-0003  -0.840046902291001232831E-0006   0.173183539193151645463E+0002   0.334122782931998915656E-0001  -0.250000000000000000000E+0002   0.567005205593461258928E+0001
   0.756249999999997979394E+0000   0.337589167367388119710E-0004   0.367041965465340119172E-0007   0.446966284031636348212E-0003  -0.879245065508037954331E-0006   0.173205071085196209424E+0002   0.340751278877745103491E-0001  -0.250000000000000000000E+0002   0.566924324540910262726E+0001
   0.758333333333331305326E+0000   0.347023766328400761882E-0004   0.385785577384786922942E-0007   0.458750323717440884694E-0003  -0.920058920851071541881E-0006   0.173226424872005289046E+0002   0.347450438527421301416E-0001  -0.250000000000000000000E+0002   0.566841311095637401252E+0001
   0.760416666666664631258E+0000   0.356706821042170106693E-0004   0.405396868768655438171E-0007   0.470816753490629956534E-0003  -0.962543291979684780669E-0006   0.173247595423235019041E+0002   0.354219764495420849637E-0001  -0.250000000000000000000E+0002   0.566756114157462764780E+0001
   0.762499999999997957190E+0000   0.366644266050561106981E-0004   0.425911221970543733703E-0007   0.483170422318758682658E-0003  -0.100675415175045621768E-0005   0.173268577493733886286E+0002   0.361058731765148618886E-0001  -0.250000000000000000000E+0002   0.566668681748756686289E+0001
   0.764583333333331283121E+0000   0.376842136501077579788E-0004   0.447365196921715689012E-0007   0.495816135796767545885E-0003  -0.105274859839341757809E-0005   0.173289365725217052727E+0002   0.367966787455899987935E-0001  -0.250000000000000000000E+0002   0.566578961022288396521E+0001
   0.766666666666664609053E+0000   0.387306567150659099914E-0004   0.469796554275848592465E-0007   0.508758647240286319968E-0003  -0.110058482774222512625E-0005   0.173309954648220809759E+0002   0.374943350612421885670E-0001  -0.250000000000000000000E+0002   0.566486898270686545231E+0001
   0.768749999999997934985E+0000   0.398043791180513245511E-0004   0.493244277932805004081E-0007   0.522002648464761089507E-0003  -0.115032210138366997039E-0005   0.173330338684348177480E+0002   0.381987812019139727493E-0001  -0.250000000000000000000E+0002   0.566392438937567455071E+0001
   0.770833333333331260917E+0000   0.409060138815615066481E-0004   0.517748596855101270039E-0007   0.535552760269335887885E-0003  -0.120202071059602896831E-0005   0.173350512148818260982E+0002   0.389099534041029912479E-0001  -0.250000000000000000000E+0002   0.566295527630386441587E+0001
   0.772916666666664586849E+0000   0.420362035742946577943E-0004   0.543351006088294834865E-0007   0.549413522647316707702E-0003  -0.125574193596714695548E-0005   0.173370469253329773096E+0002   0.396277850493116159947E-0001  -0.250000000000000000000E+0002   0.566196108135059983368E+0001
   0.774999999999997912781E+0000   0.431956001323036836454E-0004   0.570094286894340717974E-0007   0.563589384749403100872E-0003  -0.131154800259595895485E-0005   0.173390204109247143549E+0002   0.403522066540572821314E-0001  -0.250000000000000000000E+0002   0.566094123432404039420E+0001
   0.777083333333331238713E+0000   0.443848646589848675977E-0004   0.598022525904973288065E-0007   0.578084694622976627380E-0003  -0.136950203077912348985E-0005   0.173409710731110031645E+0002   0.410831458630736973126E-0001  -0.250000000000000000000E+0002   0.565989515716429814063E+0001
   0.779166666666664564644E+0000   0.456046672035066149795E-0004   0.627181133201740129027E-0007   0.592903688779953738641E-0003  -0.142966798223268286404E-0005   0.173428983040508164493E+0002   0.418205274462148460235E-0001  -0.250000000000000000000E+0002   0.565882226414526190439E+0001
   0.781249999999997890576E+0000   0.468556865172782243388E-0004   0.657616859226597800490E-0007   0.608050481587727766064E-0003  -0.149211060158495914825E-0005   0.173448014870252684716E+0002   0.425642732987023472702E-0001  -0.250000000000000000000E+0002   0.565772196209562938662E+0001
   0.783333333333331216508E+0000   0.481386097882052129142E-0004   0.689377810428075012695E-0007   0.623529054559576203197E-0003  -0.155689535339165432601E-0005   0.173466799968918508057E+0002   0.433143024454123032330E-0001  -0.250000000000000000000E+0002   0.565659365063931307560E+0001
   0.785416666666664542440E+0000   0.494541323525251775455E-0004   0.722513463547423488509E-0007   0.639343245566260367715E-0003  -0.162408835452166233122E-0005   0.173485332005721133442E+0002   0.440705310491948873408E-0001  -0.250000000000000000000E+0002   0.565543672245537187848E+0001
   0.787499999999997868372E+0000   0.508029573841124775435E-0004   0.757074678449874594988E-0007   0.655496738015792345527E-0003  -0.169375630201463045595E-0005   0.173503604575733518800E+0002   0.448328724234664938164E-0001  -0.250000000000000000000E+0002   0.565425056355751642911E+0001
   0.789583333333331194304E+0000   0.521857955612322509846E-0004   0.793113709407331017834E-0007   0.671993050047280408507E-0003  -0.176596639647338742393E-0005   0.173521611205438972547E+0002   0.456012370492839477776E-0001  -0.250000000000000000000E+0002   0.565303455359317919005E+0001
   0.791666666666664520235E+0000   0.536033647108235481588E-0004   0.830684214740681327654E-0007   0.688835523787171026197E-0003  -0.184078626109681782182E-0005   0.173539345358612671077E+0002   0.463755325971082210668E-0001  -0.250000000000000000000E+0002   0.565178806616201701019E+0001
   0.793749999999997846167E+0000   0.550563894304932334662E-0004   0.869841264732405505298E-0007   0.706027314717925678564E-0003  -0.191828385648716486585E-0005   0.173556800442523595507E+0002   0.471556639534702545791E-0001  -0.250000000000000000000E+0002   0.565051046915365251522E+0001
   0.795833333333331172099E+0000   0.565456006885104426772E-0004   0.910641347723321955121E-0007   0.723571381212171748504E-0003  -0.199852739140282806616E-0005   0.173573969814445803195E+0002   0.479415332527487400571E-0001  -0.250000000000000000000E+0002   0.564920112510436212006E+0001
   0.797916666666664498031E+0000   0.580717354022015848402E-0004   0.953142374311202504891E-0007   0.741470474285499045464E-0003  -0.208158522965785935970E-0005   0.173590846788465498207E+0002   0.487330399142727674344E-0001  -0.250000000000000000000E+0002   0.564785939157229410768E+0001
   0.799999999999997823963E+0000   0.596355359952599158643E-0004   0.997403679573570559646E-0007   0.759727127623269129358E-0003  -0.216752579340750571764E-0005   0.173607424642568517470E+0002   0.495300806849599054016E-0001  -0.250000000000000000000E+0002   0.564648462153074959247E+0001
   0.802083333333331149895E+0000   0.612377499345985345895E-0004   0.104348602324228359186E-0006   0.778343647937323286287E-0003  -0.225641746308952591645E-0005   0.173623696625990966425E+0002   0.503325496876999151086E-0001  -0.250000000000000000000E+0002   0.564507616377889487325E+0001
   0.804166666666664475827E+0000   0.628791292474968930648E-0004   0.109145158776363075705E-0006   0.797322105709569184384E-0003  -0.234832847433750343608E-0005   0.173639655966813251098E+0002   0.511403384756745002515E-0001  -0.250000000000000000000E+0002   0.564363336336924259484E+0001
   0.806249999999997801758E+0000   0.645604300199653337788E-0004   0.114136397418615562094E-0006   0.816664326404193427304E-0003  -0.244332681237278029031E-0005   0.173655295879807241022E+0002   0.519533360927462370404E-0001  -0.250000000000000000000E+0002   0.564215556205102153342E+0001
   0.808333333333331127690E+0000   0.662824118770231830895E-0004   0.119328819581564775979E-0006   0.836371882058969734128E-0003  -0.254148010319586585456E-0005   0.173670609574334093850E+0002   0.527714291406429711340E-0001  -0.250000000000000000000E+0002   0.564064209872876709539E+0001
   0.810416666666664453622E+0000   0.680458374464481418773E-0004   0.124729066960691883868E-0006   0.856446083614597415863E-0003  -0.264285550450594938811E-0005   0.173685590262646272208E+0002   0.535945018520425642272E-0001  -0.250000000000000000000E+0002   0.563909230993479404503E+0001
   0.812499999999997779554E+0000   0.698514718068665306679E-0004   0.130343920524692196767E-0006   0.876887973722752841338E-0003  -0.274751959365260562085E-0005   0.173700231168172010143E+0002   0.544224361707667178556E-0001  -0.250000000000000000000E+0002   0.563750553031468193410E+0001
   0.814583333333331105486E+0000   0.717000819216035150012E-0004   0.136180299190653105819E-0006   0.897698320242118789555E-0003  -0.285553825523481826708E-0005   0.173714525533955743697E+0002   0.552551118387885481509E-0001  -0.250000000000000000000E+0002   0.563588109312452711919E+0001
   0.816666666666664431418E+0000   0.735924360597056876655E-0004   0.142245258264473594063E-0006   0.918877610439922370283E-0003  -0.296697656806300088178E-0005   0.173728466631184446101E+0002   0.560924064902921654108E-0001  -0.250000000000000000000E+0002   0.563421833073869482433E+0001
   0.818749999999997757349E+0000   0.755293032056555849012E-0004   0.148545987645979451289E-0006   0.940426045944015584835E-0003  -0.308189869211637004697E-0005   0.173742047767766543132E+0002   0.569341957529254025228E-0001  -0.250000000000000000000E+0002   0.563251657516669368420E+0001
   0.820833333333331083281E+0000   0.775114524593869164181E-0004   0.155089809799273778433E-0006   0.962343538487276414610E-0003  -0.320036775602445195801E-0005   0.173755262296933246091E+0002   0.577803533563665469575E-0001  -0.250000000000000000000E+0002   0.563077515857776589314E+0001
   0.822916666666664409213E+0000   0.795396524282944802518E-0004   0.161884177489997736239E-0006   0.984629706482385499977E-0003  -0.332244574563107594061E-0005   0.173768103625826597636E+0002   0.586307512483086046284E-0001  -0.250000000000000000000E+0002   0.562899341383166440522E+0001
   0.824999999999997735145E+0000   0.816146706130052124011E-0004   0.168936671292328510643E-0006   0.100728387246074827140E-0002  -0.344819339419681810261E-0005   0.173780565224043961337E+0002   0.594852597179353209667E-0001  -0.250000000000000000000E+0002   0.562717067501406553731E+0001
   0.827083333333331061077E+0000   0.837372727887451801356E-0004   0.176254996869736789645E-0006   0.103030506140406523212E-0002  -0.357767007482392984324E-0005   0.173792640632101402787E+0002   0.603437475269489528862E-0001  -0.250000000000000000000E+0002   0.562530627797500937248E+0001
   0.829166666666664387009E+0000   0.859082223841870249803E-0004   0.183846982034706307451E-0006   0.105369199999396268193E-0002  -0.371093369566564619565E-0005   0.173804323469788144507E+0002   0.612060820481315007169E-0001  -0.250000000000000000000E+0002   0.562339956086868664187E+0001
   0.831249999999997712941E+0000   0.881282798597154330787E-0004   0.191720573593849412259E-0006   0.107744311679386015057E-0002  -0.384804059852212078092E-0005   0.173815607444370812118E+0002   0.620721294114957924948E-0001  -0.250000000000000000000E+0002   0.562144986469290319775E+0001
   0.833333333333331038872E+0000   0.903982020870657205017E-0004   0.199883833986007649391E-0006   0.110155654337898141308E-0002  -0.398904546136503128503E-0005   0.173826486358621323802E+0002   0.629417546579066067292E-0001  -0.250000000000000000000E+0002   0.561945653382649989993E+0001
   0.835416666666664364804E+0000   0.927187417323223068803E-0004   0.208344937722143246635E-0006   0.112603011641992413472E-0002  -0.413400120537932312860E-0005   0.173836954118633357780E+0002   0.638148219001139493933E-0001  -0.250000000000000000000E+0002   0.561741891656299863200E+0001
   0.837499999999997690736E+0000   0.950906466442665070310E-0004   0.217112167636974191869E-0006   0.115086138071992280345E-0002  -0.428295890706270375523E-0005   0.173847004741396560235E+0002   0.646911944910562031197E-0001  -0.250000000000000000000E+0002   0.561533636563875315773E+0001
   0.839583333333331016668E+0000   0.975146592500568360840E-0004   0.226193910963425952921E-0006   0.117604759320037591599E-0002  -0.443596771591125017386E-0005   0.173856632362099432498E+0002   0.655707351992527998075E-0001  -0.250000000000000000000E+0002   0.561320823875389152136E+0001
   0.841666666666664342600E+0000   0.999915159602080016489E-0004   0.235598655242058097666E-0006   0.120158572782204787870E-0002  -0.459307477820253394366E-0005   0.173865831241131658658E+0002   0.664533063910518057016E-0001  -0.250000000000000000000E+0002   0.561103389908435001843E+0001
   0.843749999999997668532E+0000   0.102521946584803219822E-0003   0.245334984078648293977E-0006   0.122747248142596274839E-0002  -0.475432516735663800899E-0005   0.173874595770761040114E+0002   0.673387702194495202379E-0001  -0.250000000000000000000E+0002   0.560881271578333606698E+0001
   0.845833333333330994463E+0000   0.105106673762831150857E-0003   0.255411572764079483872E-0006   0.125370428046820293205E-0002  -0.491976182131465600208E-0005   0.173882920481458604911E+0002   0.682269888191394113797E-0001  -0.250000000000000000000E+0002   0.560654406447060793539E+0001
   0.847916666666664320395E+0000   0.107746412406484255611E-0003   0.265837183771571154716E-0006   0.128027728862185430185E-0002  -0.508942548735643628187E-0005   0.173890800047851854515E+0002   0.691178245073906377671E-0001  -0.250000000000000000000E+0002   0.560422732770799481017E+0001
   0.849999999999997646327E+0000   0.110441869162189034250E-0003   0.276620662147110581909E-0006   0.130718741520919278475E-0002  -0.526335467472022447731E-0005   0.173898229294284121238E+0002   0.700111399902970249487E-0001  -0.250000000000000000000E+0002   0.560186189545966417569E+0001
   0.852083333333330972259E+0000   0.113193741890061223788E-0003   0.287770930809665162997E-0006   0.133443032442850007153E-0002  -0.544158561536026909203E-0005   0.173905203199965008309E+0002   0.709067985738730394152E-0001  -0.250000000000000000000E+0002   0.559944716553568433426E+0001
   0.854166666666664298191E+0000   0.116002719163457184326E-0003   0.299296985778428369093E-0006   0.136200144535658022697E-0002  -0.562415223314433115811E-0005   0.173911716903715820592E+0002   0.718046643780294868709E-0001  -0.250000000000000000000E+0002   0.559698254401749295539E+0001
   0.856249999999997624123E+0000   0.118869479789890275154E-0003   0.311207891344751744921E-0006   0.138989598254667676494E-0002  -0.581108612160008820933E-0005   0.173917765708198430730E+0002   0.727046025595313033518E-0001  -0.250000000000000000000E+0002   0.559446744566418541211E+0001
   0.858333333333330950055E+0000   0.121794692355085867040E-0003   0.323512775207146695878E-0006   0.141810892743525420075E-0002  -0.600241653069496506592E-0005   0.173923345083817864065E+0002   0.736064795300243046583E-0001  -0.250000000000000000000E+0002   0.559190129429816273898E+0001
   0.860416666666664275986E+0000   0.124779014791235665690E-0003   0.336220823587753405967E-0006   0.144663507024720967668E-0002  -0.619817036242291514948E-0005   0.173928450672095529228E+0002   0.745101631812610798455E-0001  -0.250000000000000000000E+0002   0.558928352316923948706E+0001
   0.862499999999997601918E+0000   0.127823093946586728749E-0003   0.349341276244515118335E-0006   0.147546901290678054812E-0002  -0.639837207512053452471E-0005   0.173933078288903146813E+0002   0.754155231104971651712E-0001  -0.250000000000000000000E+0002   0.558661357529537827560E+0001
   0.864583333333330927850E+0000   0.130927565279440418812E-0003   0.362883421925718019484E-0006   0.150460518068368568310E-0002  -0.660304410163659430725E-0005   0.173937223926037631827E+0002   0.763224308457774169856E-0001  -0.250000000000000000000E+0002   0.558389090378236385703E+0001
   0.866666666666664253782E+0000   0.134093052430747086343E-0003   0.376856593220832848410E-0006   0.153403783691949337394E-0002  -0.681220626175511327665E-0005   0.173940883754186650378E+0002   0.772307600714633446515E-0001  -0.250000000000000000000E+0002   0.558111497211681939490E+0001
   0.868749999999997579714E+0000   0.137320166925694532763E-0003   0.391270161900860128212E-0006   0.156376109635410079704E-0002  -0.702587620367900883035E-0005   0.173944054124194735778E+0002   0.781403868516401395317E-0001  -0.250000000000000000000E+0002   0.557828525443510869763E+0001
   0.870833333333330905646E+0000   0.140609507878848875514E-0003   0.406133534225063118648E-0006   0.159376893922303156104E-0002  -0.724406934188426034342E-0005   0.173946731568212165087E+0002   0.790511898510832949905E-0001  -0.250000000000000000000E+0002   0.557540123576673263273E+0001
   0.872916666666664231577E+0000   0.143961661728970514475E-0003   0.421456146341749801440E-0006   0.162405522562454065170E-0002  -0.746679890672306319091E-0005   0.173948912800417438973E+0002   0.799630505525503604281E-0001  -0.250000000000000000000E+0002   0.557246241225172500577E+0001
   0.874999999999997557509E+0000   0.147377202004015154212E-0003   0.437247459801171216974E-0006   0.165461371010248775235E-0002  -0.769407600261606372093E-0005   0.173950594717325088823E+0002   0.808758534692964881074E-0001  -0.250000000000000000000E+0002   0.556946829133165710601E+0001
   0.877083333333330883441E+0000   0.150856689116717730074E-0003   0.453516957198133473632E-0006   0.168543805639127406912E-0002  -0.792590967458309996266E-0005   0.173951774397690677176E+0002   0.817894863517303616351E-0001  -0.250000000000000000000E+0002   0.556641839191396758935E+0001
   0.879166666666664209373E+0000   0.154400670191046118004E-0003   0.470274137961348527291E-0006   0.171652185230961604537E-0002  -0.816230698281387149649E-0005   0.173952449102049584440E+0002   0.827038403868378541040E-0001  -0.250000000000000000000E+0002   0.556331224450933170544E+0001
   0.881249999999997535305E+0000   0.158009678919786408693E-0003   0.487528514306237967448E-0006   0.174785862469237045225E-0002  -0.840327308511745399563E-0005   0.173952616271866453701E+0002   0.836188103897585327529E-0001  -0.250000000000000000000E+0002   0.556014939134201835458E+0001
   0.883333333333330861237E+0000   0.161684235453299861556E-0003   0.505289607366695330408E-0006   0.177944185439168011363E-0002  -0.864881132665390001081E-0005   0.173952273528358674071E+0002   0.845342949858318287726E-0001  -0.250000000000000000000E+0002   0.555692938643309908286E+0001
   0.885416666666664187169E+0000   0.165424846319556055618E-0003   0.523566943521178946382E-0006   0.181126499127637319818E-0002  -0.889892333687529292290E-0005   0.173951418670992090654E+0002   0.854501967823149549686E-0001  -0.250000000000000000000E+0002   0.555365179565651345683E+0001
   0.887499999999997513100E+0000   0.169232004375401091836E-0003   0.542370050927447371536E-0006   0.184332146920525036943E-0002  -0.915360913314518304031E-0005   0.173950049675673383831E+0002   0.863664225286465553344E-0001  -0.250000000000000000000E+0002   0.555031619676803966712E+0001
   0.889583333333330839032E+0000   0.173106188788980995368E-0003   0.561708456279548324455E-0006   0.187560472094841501622E-0002  -0.941286723070795187506E-0005   0.173948164692663311826E+0002   0.872828832642389695895E-0001  -0.250000000000000000000E+0002   0.554692217940726894909E+0001
   0.891666666666664164964E+0000   0.177047865053179805193E-0003   0.581591681799828295833E-0006   0.190810819302996586590E-0002  -0.967669475857740867279E-0005   0.173945762044230178844E+0002   0.881994944528440988352E-0001  -0.250000000000000000000E+0002   0.554346934507271082992E+0001
   0.893749999999997490896E+0000   0.181057485029891668780E-0003   0.602029242477892602232E-0006   0.194082536047604958980E-0002  -0.994508758095613431161E-0005   0.173942840222065946421E+0002   0.891161761026062343438E-0001  -0.250000000000000000000E+0002   0.553995730707022282502E+0001
   0.895833333333330816828E+0000   0.185135487024906902984E-0003   0.623030643567595710128E-0006   0.197374974144840908269E-0002  -0.102180404237582766352E-0004   0.173939397884485948964E+0002   0.900328528709988945566E-0001  -0.250000000000000000000E+0002   0.553638569043494932487E+0001
   0.897916666666664142760E+0000   0.189282295893160919936E-0003   0.644605378352262436288E-0006   0.200687491175273978461E-0002  -0.104955470058235496728E-0004   0.173935433853432499518E+0002   0.909494541539348916315E-0001  -0.250000000000000000000E+0002   0.553275413182701836234E+0001
   0.899999999999997468692E+0000   0.193498323174071118480E-0003   0.666762926187483539015E-0006   0.204019451920891539340E-0002  -0.107776001744034637575E-0004   0.173930947111300540087E+0002   0.918659141584392963109E-0001  -0.250000000000000000000E+0002   0.552906227940122008135E+0001
   0.902083333333330794623E+0000   0.197783967256665103428E-0003   0.689512750829944594812E-0006   0.207370229787540161226E-0002  -0.110641920444981132121E-0004   0.173925936797604308026E+0002   0.927821719583853676827E-0001  -0.250000000000000000000E+0002   0.552530979265095911757E+0001
   0.904166666666664120555E+0000   0.202139613574189852671E-0003   0.712864299059901186701E-0006   0.210739208212215806473E-0002  -0.113553141416443607154E-0004   0.173920402205501041237E+0002   0.936981715329114200896E-0001  -0.250000000000000000000E+0002   0.552149634222673224571E+0001
   0.906249999999997446487E+0000   0.206565634827879173558E-0003   0.736826999604062479976E-0006   0.214125782054557997625E-0002  -0.116509575477424118592E-0004   0.173914342778186856719E+0002   0.946138617872560871991E-0001  -0.250000000000000000000E+0002   0.551762160972942972137E+0001
   0.908333333333330772419E+0000   0.211062391239546191931E-0003   0.761410262364806380920E-0006   0.217529358972184299129E-0002  -0.119511130495265487398E-0004   0.173907758105177805419E+0002   0.955291965558764943900E-0001  -0.250000000000000000000E+0002   0.551368528747874986351E+0001
   0.910416666666664098351E+0000   0.215630230832660298775E-0003   0.786623477960843204505E-0006   0.220949360779383119704E-0002  -0.122557712892971806329E-0004   0.173900647918488182597E+0002   0.964441345878459949104E-0001  -0.250000000000000000000E+0002   0.550968707825702441738E+0001
   0.912499999999997424283E+0000   0.220269489741559658250E-0003   0.812476017583648883790E-0006   0.224385224788987199668E-0002  -0.125649229175410496919E-0004   0.173893012088716538699E+0002   0.973586395146484734342E-0001  -0.250000000000000000000E+0002   0.550562669502876200767E+0001
   0.914583333333330750214E+0000   0.224980492548442357736E-0003   0.838977233173219330158E-0006   0.227836405136807185895E-0002  -0.128785587470658892048E-0004   0.173884850621046105346E+0002   0.982726798006236523797E-0001  -0.250000000000000000000E+0002   0.550150386063623031419E+0001
   0.916666666666664076146E+0000   0.229763552647770498503E-0003   0.866136457915959893721E-0006   0.231302374088150977660E-0002  -0.131966699083134164888E-0004   0.173876163651167594537E+0002   0.991862286764352701907E-0001  -0.250000000000000000000E+0002   0.549731830747138960902E+0001
   0.918749999999997402078E+0000   0.234618972637707729140E-0003   0.893963007066789283908E-0006   0.234782623325944161605E-0002  -0.135192480054974459899E-0004   0.173866951441128989586E+0002   0.100099264056059900074E+0000  -0.250000000000000000000E+0002   0.549306977712452138007E+0001
   0.920833333333330728010E+0000   0.239547044738200749217E-0003   0.922466179096867518922E-0006   0.238276665219603429532E-0002  -0.138462852732551315539E-0004   0.173857214375115596283E+0002   0.101011768437904311813E+0000  -0.250000000000000000000E+0002   0.548875802000989043705E+0001
   0.922916666666664053942E+0000   0.244548051235294900546E-0003   0.951655257167676881821E-0006   0.241784034073986089930E-0002  -0.141777747334894145266E-0004   0.173846952955162201704E+0002   0.101923728790773229780E+0000  -0.250000000000000000000E+0002   0.548438279496881619934E+0001
   0.924999999999997379874E+0000   0.249622264951257998543E-0003   0.981539510931565362204E-0006   0.245304287356873547410E-0002  -0.145137103521088826116E-0004   0.173836167796798477525E+0002   0.102835136425499976132E+0000  -0.250000000000000000000E+0002   0.547994386885052175984E+0001
   0.927083333333330705806E+0000   0.254769949740055222723E-0003   0.101212819865822255266E-0005   0.248837006904432164051E-0002  -0.148540871953770245667E-0004   0.173824859624626988364E+0002   0.103745986853149479989E+0000  -0.250000000000000000000E+0002   0.547544101607117550401E+0001
   0.929166666666664031737E+0000   0.259991361007759925333E-0003   0.104343056968638305680E-0005   0.252381800094479474481E-0002  -0.151989015859527583320E-0004   0.173813029267800160937E+0002   0.104656279634030249803E+0000  -0.250000000000000000000E+0002   0.547087401815169815933E+0001
   0.931249999999997357669E+0000   0.265286746256940351302E-0003   0.107545586719732798420E-0005   0.255938301029656322533E-0002  -0.155481512563261905428E-0004   0.173800677655567419322E+0002   0.105566018201989367253E+0000  -0.250000000000000000000E+0002   0.546624266323416563296E+0001
   0.933333333333330683601E+0000   0.270656345655717026251E-0003   0.110821333131162427657E-0005   0.259506171637235993899E-0002  -0.159018355043770914315E-0004   0.173787805812520161908E+0002   0.106475209698909098477E+0000  -0.250000000000000000000E+0002   0.546154674557829977743E+0001
   0.935416666666664009533E+0000   0.276100392629272453626E-0003   0.114171220250254974762E-0005   0.263085102779876027837E-0002  -0.162599553442170496203E-0004   0.173774414853924383806E+0002   0.107383864786084554099E+0000  -0.250000000000000000000E+0002   0.545678606503787211324E+0001
   0.937499999999997335465E+0000   0.281619114474230213506E-0003   0.117596172532522932516E-0005   0.266674815324931778482E-0002  -0.166225136571248378089E-0004   0.173760505980929238490E+0002   0.108291997451241156503E+0000  -0.250000000000000000000E+0002   0.545196042651774703813E+0001
   0.939583333333330661397E+0000   0.287212732994977879702E-0003   0.121097115245738264440E-0005   0.270275061180418746387E-0002  -0.169895153402767924570E-0004   0.173746080475691222489E+0002   0.109199624808811207588E+0000  -0.250000000000000000000E+0002   0.544706963941218536007E+0001
   0.941666666666663987328E+0000   0.292881465161218940661E-0003   0.124674974904763057482E-0005   0.273885624295673634279E-0002  -0.173609674534332961897E-0004   0.173731139696410536999E+0002   0.110106766894683516522E+0000  -0.250000000000000000000E+0002   0.544211351702503609573E+0001
   0.943749999999997313260E+0000   0.298625523785993156334E-0003   0.128330679736694340403E-0005   0.277506321624532321934E-0002  -0.177368793634119800522E-0004   0.173715685072277139511E+0002   0.111013446456633885218E+0000  -0.250000000000000000000E+0002   0.543709187597250220847E+0001
   0.945833333333330639192E+0000   0.304445118223356861464E-0003   0.132065160175840788453E-0005   0.281137004048067533704E-0002  -0.181172628861417149635E-0004   0.173699718098321298498E+0002   0.111919688741625958373E+0000  -0.250000000000000000000E+0002   0.543200453556920770382E+0001
   0.947916666666663965124E+0000   0.310340455084826796935E-0003   0.135879349387991352037E-0005   0.284777557254022213595E-0002  -0.185021324259594973749E-0004   0.173683240330163002341E+0002   0.112825521281183199784E+0000  -0.250000000000000000000E+0002   0.542685131719834767949E+0001
   0.949999999999997291056E+0000   0.316311738973827551863E-0003   0.139774183823508480094E-0005   0.288427902576399077667E-0002  -0.188915051130436760962E-0004   0.173666253378680117692E+0002   0.113730973675780666632E+0000  -0.250000000000000000000E+0002   0.542163204366665230083E+0001
   0.952083333333330616988E+0000   0.322359173236936875223E-0003   0.143750603798521005054E-0005   0.292087997779882577176E-0002  -0.192854009363278856555E-0004   0.173648758904544138204E+0002   0.114636077379783082875E+0000  -0.250000000000000000000E+0002   0.541634653854515057958E+0001
   0.954166666666663942920E+0000   0.328482960731113862209E-0003   0.147809554103705674391E-0005   0.295757837800080664037E-0002  -0.196838428748628392151E-0004   0.173630758612674469532E+0002   0.115540865487452640292E+0000  -0.250000000000000000000E+0002   0.541099462549654219856E+0001
   0.956249999999997268851E+0000   0.334683304605781469301E-0003   0.151951984639970046240E-0005   0.299437455430813211435E-0002  -0.200868570253117684503E-0004   0.173612254246581478867E+0002   0.116445372521300383184E+0000  -0.250000000000000000000E+0002   0.540557612759012862114E+0001
   0.958333333333330594783E+0000   0.340960409098671458038E-0003   0.156178851080365433120E-0005   0.303126921957019238724E-0002  -0.204944727262444448051E-0004   0.173593247582606089452E+0002   0.117349634223630011620E+0000  -0.250000000000000000000E+0002   0.540009086660529558088E+0001
   0.960416666666663920715E+0000   0.347314480344276983736E-0003   0.160491115557519275463E-0005   0.306826347731514303269E-0002  -0.209067226789528294573E-0004   0.173573740424053504228E+0002   0.118253687352116443332E+0000  -0.250000000000000000000E+0002   0.539453866232455858665E+0001
   0.962499999999997246647E+0000   0.353745727193720965742E-0003   0.164889747375853774410E-0005   0.310535882693448780228E-0002  -0.213236430646836688839E-0004   0.173553734595224575799E+0002   0.119157569480192834788E+0000  -0.250000000000000000000E+0002   0.538891933181722215807E+0001
   0.964583333333330572579E+0000   0.360254362044801212939E-0003   0.169375723747822461469E-0005   0.314255716826378640044E-0002  -0.217452736580961186914E-0004   0.173533231935344325336E+0002   0.120061318802937022632E+0000  -0.250000000000000000000E+0002   0.538323268871475502095E+0001
   0.966666666666663898511E+0000   0.366840601681024777898E-0003   0.173950030553446738721E-0005   0.317986080557271927338E-0002  -0.221716579375728331698E-0004   0.173512234292401075209E+0002   0.120964973949282447729E+0000  -0.250000000000000000000E+0002   0.537747854247894352397E+0001
   0.968749999999997224442E+0000   0.373504668117976505043E-0003   0.178613663122047922151E-0005   0.321727245081648762642E-0002  -0.226028431885551252744E-0004   0.173490743516856689155E+0002   0.121868573800460081036E+0000  -0.250000000000000000000E+0002   0.537165669766416264963E+0001
   0.970833333333330550374E+0000   0.380246789456150291117E-0003   0.183367627035711948118E-0005   0.325479522631711478547E-0002  -0.230388806072197722648E-0004   0.173468761455291939910E+0002   0.122772157315278199197E+0000  -0.250000000000000000000E+0002   0.536576695317478691294E+0001
   0.972916666666663876306E+0000   0.387067200738543028965E-0003   0.188212938953338166287E-0005   0.329243266678723141630E-0002  -0.234798253967735565139E-0004   0.173446289943966789338E+0002   0.123675763364149052248E+0000  -0.250000000000000000000E+0002   0.535980910151895351134E+0001
   0.974999999999997202238E+0000   0.393966144811688833219E-0003   0.193150627454441830276E-0005   0.333018872061099013501E-0002  -0.239257368597682422429E-0004   0.173423330802277213536E+0002   0.124579430569806054452E+0000  -0.250000000000000000000E+0002   0.535378292805999844717E+0001
   0.977083333333330528170E+0000   0.400943873188662177134E-0003   0.198181733901722243265E-0005   0.336806775044092097243E-0002  -0.243766784860192140905E-0004   0.173399885826138380196E+0002   0.125483197156305265052E+0000  -0.250000000000000000000E+0002   0.534768821026681084874E+0001
   0.979166666666663854102E+0000   0.408000646912578352962E-0003   0.203307313321409002848E-0005   0.340607453308054957536E-0002  -0.248327180355563013284E-0004   0.173375956781293929510E+0002   0.126387100806151952970E+0000  -0.250000000000000000000E+0002   0.534152471696440400706E+0001
   0.981249999999997180034E+0000   0.415136737419090123737E-0003   0.208528435300347925077E-0005   0.344421425864394406546E-0002  -0.252939276164817521066E-0004   0.173351545396557185086E+0002   0.127291178525618331463E+0000  -0.250000000000000000000E+0002   0.533529220758600963848E+0001
   0.983333333333330505965E+0000   0.422352427396356666124E-0003   0.213846184898750788829E-0005   0.348249252897583081237E-0002  -0.257603837575436097978E-0004   0.173326653356991080557E+0002   0.128195466518243067489E+0000  -0.250000000000000000000E+0002   0.532899043142802497641E+0001
   0.985416666666663831897E+0000   0.429648011640942689357E-0003   0.219261663577483892476E-0005   0.352091535532880403614E-0002  -0.262321674752299076458E-0004   0.173301282297034369151E+0002   0.129100000066439568602E+0000  -0.250000000000000000000E+0002   0.532261912690916805246E+0001
   0.987499999999997157829E+0000   0.437023797908083714431E-0003   0.224775990138725755089E-0005   0.355948915528912605832E-0002  -0.267093643351050858033E-0004   0.173275433793582998021E+0002   0.130004813421072451529E+0000  -0.250000000000000000000E+0002   0.531617802083519030987E+0001
   0.989583333333330483761E+0000   0.444480107754751275085E-0003   0.230390301678779740429E-0005   0.359822074894786169200E-0002  -0.271920645072216466851E-0004   0.173249109359034889621E+0002   0.130909939698802157970E+0000  -0.250000000000000000000E+0002   0.530966682767052589043E+0001
   0.991666666666663809693E+0000   0.452017277373936189611E-0003   0.236105754551776136511E-0005   0.363711735431080729689E-0002  -0.276803628153162690020E-0004   0.173222310434307864568E+0002   0.131815410786942366350E+0000  -0.250000000000000000000E+0002   0.530308524881824006059E+0001
   0.993749999999997135625E+0000   0.459635658418567130939E-0003   0.241923525342947401537E-0005   0.367618658195460355428E-0002  -0.281743587795899521503E-0004   0.173195038381842110198E+0002   0.132721257255526275953E+0000  -0.250000000000000000000E+0002   0.529643297190965256505E+0001
   0.995833333333330461556E+0000   0.467335618813594804756E-0003   0.247844811850214327698E-0005   0.371543642900037246468E-0002  -0.286741566537356617019E-0004   0.173167294478617463938E+0002   0.133627508276859541247E+0000  -0.250000000000000000000E+0002   0.528970967010486248228E+0001
   0.997916666666663787488E+0000   0.475117543554346333408E-0003   0.253870834072383890059E-0005   0.375487527207113338384E-0002  -0.291798654516220356474E-0004   0.173139079909104935950E+0002   0.134534191549145559774E+0000  -0.250000000000000000000E+0002   0.528291500140601577584E+0001
   0.999999999999997113420E+0000   0.482981835489948386955E-0003   0.260002835202788180983E-0005   0.379451185989060054207E-0002  -0.296915989721533711044E-0004   0.173110395758343926786E+0002   0.135441333229331828392E+0000  -0.250000000000000000000E+0002   0.527604860798397634625E+0001
   0.100208333333333055037E+0001   0.490929109748624225781E-0003   0.266242234148680228454E-0005   0.383453916308535910917E-0002  -0.302109304226755946547E-0004   0.173081290954055688758E+0002   0.136348976727852455593E+0000  -0.250000000000000000000E+0002   0.526910978281767228282E+0001
   0.100416666666666398733E+0001   0.498960392977290147221E-0003   0.272590788352095017604E-0005   0.387515905066610454044E-0002  -0.307395471462906889133E-0004   0.173051812599881635890E+0002   0.137257211389928801548E+0000  -0.250000000000000000000E+0002   0.526209745359194602798E+0001
   0.100624999999999742428E+0001   0.507076944994132392669E-0003   0.279050463518860521173E-0005   0.391639541889837652228E-0002  -0.312777631911434397111E-0004   0.173021958094079231216E+0002   0.138166153303905414607E+0000  -0.250000000000000000000E+0002   0.525501050474997644102E+0001
   0.100833333333333086124E+0001   0.515280076147308415541E-0003   0.285623293933031830610E-0005   0.395827285830381309789E-0002  -0.318259137230789980987E-0004   0.172991724563163380424E+0002   0.139075915953675161019E+0000  -0.250000000000000000000E+0002   0.524784777623698417415E+0001
   0.101041666666666429819E+0001   0.523571148781291125646E-0003   0.292311384931676635423E-0005   0.400081667243347774421E-0002  -0.323843459822017711242E-0004   0.172961108853874705460E+0002   0.139986610227988167443E+0000  -0.250000000000000000000E+0002   0.524060806220996866500E+0001
   0.101249999999999773515E+0001   0.531951578743932026669E-0003   0.299116915462072773142E-0005   0.404405289752036989359E-0002  -0.329534196917437549037E-0004   0.172930107524932346053E+0002   0.140898344436805822433E+0000  -0.250000000000000000000E+0002   0.523329010971187713608E+0001
   0.101458333333333117210E+0001   0.540422836935278063514E-0003   0.306042140724137453153E-0005   0.408800832287286967925E-0002  -0.335335074754875887512E-0004   0.172898716838524144634E+0002   0.141811224325420592862E+0000  -0.250000000000000000000E+0002   0.522589261730887155721E+0001
   0.101666666666666460905E+0001   0.548986450899745064003E-0003   0.313089394901455449189E-0005   0.413271051206614420392E-0002  -0.341249952917244717089E-0004   0.172866932751533042278E+0002   0.142725353085731310188E+0000  -0.250000000000000000000E+0002   0.521841423368925472204E+0001
   0.101874999999999804601E+0001   0.557644006463388353101E-0003   0.320261093984435592664E-0005   0.417818782501122067130E-0002  -0.347282828846072423503E-0004   0.172834750906509491131E+0002   0.143640831364068743969E+0000  -0.250000000000000000000E+0002   0.521085355622245405272E+0001
   0.102083333333333148296E+0001   0.566397149417454705278E-0003   0.327559738688728826415E-0005   0.422446944074916525685E-0002  -0.353437842481631723547E-0004   0.172802166622336166313E+0002   0.144557757265362046839E+0000  -0.250000000000000000000E+0002   0.520320912947676106342E+0001
   0.102291666666666491992E+0001   0.575247587253528225651E-0003   0.334987917475488671936E-0005   0.427158538230243672168E-0002  -0.359719281369772251548E-0004   0.172769174884888094823E+0002   0.145476226351218901334E+0000  -0.250000000000000000000E+0002   0.519547944369210412674E+0001
   0.102499999999999835687E+0001   0.584197090946551563298E-0003   0.342548309672964026860E-0005   0.431956654089596468055E-0002  -0.366131585445501385196E-0004   0.172735770337018159637E+0002   0.146396331639854049289E+0000  -0.250000000000000000000E+0002   0.518766293320898430608E+0001
   0.102708333333333179382E+0001   0.593247496795833943045E-0003   0.350243688709047603410E-0005   0.436844470382332945163E-0002  -0.372679352664348083248E-0004   0.172701947268878370778E+0002   0.147318163578503691369E+0000  -0.250000000000000000000E+0002   0.517975797484699285178E+0001
   0.102916666666666523078E+0001   0.602400708319312389039E-0003   0.358076925454993798942E-0005   0.441825258121737902972E-0002  -0.379367344290435043962E-0004   0.172667699607407740814E+0002   0.148241810040995847242E+0000  -0.250000000000000000000E+0002   0.517176288623488566998E+0001
   0.103124999999999866773E+0001   0.611658698210269715506E-0003   0.366050991689300133210E-0005   0.446902383653561760535E-0002  -0.386200490943722573949E-0004   0.172633020906112584214E+0002   0.149167356297473963078E+0000  -0.250000000000000000000E+0002   0.516367592408548947702E+0001
   0.103333333333333210469E+0001   0.621023510357403751500E-0003   0.374168963685482246657E-0005   0.452079311799701965419E-0002  -0.393183898622641135471E-0004   0.172597904334432961093E+0002   0.150094884982265891482E+0000  -0.250000000000000000000E+0002   0.515549528241372279069E+0001
   0.103541666666666554164E+0001   0.630497261932912037366E-0003   0.382434025930411827744E-0005   0.457359609224786134440E-0002  -0.400322855144680985200E-0004   0.172562342666962109661E+0002   0.151024476054122364088E+0000  -0.250000000000000000000E+0002   0.514721909069369765177E+0001
   0.103749999999999897859E+0001   0.640082145553227390908E-0003   0.390849474980030409425E-0005   0.462746948041245931976E-0002  -0.407622836917946181306E-0004   0.172526328272505260486E+0002   0.151956206748703526177E+0000  -0.250000000000000000000E+0002   0.513884541195058464069E+0001
   0.103958333333333241555E+0001   0.649780431517293227683E-0003   0.399418723459638391293E-0005   0.468245109648141033531E-0002  -0.415089516058866629298E-0004   0.172489853102914274530E+0002   0.152890151522231787506E+0000  -0.250000000000000000000E+0002   0.513037224078301701269E+0001
   0.104166666666666585250E+0001   0.659594470130246040077E-0003   0.408145304218769692194E-0005   0.473857988971239027509E-0002  -0.422728768123236723860E-0004   0.172452908682003567264E+0002   0.153826381987577365251E+0000  -0.250000000000000000000E+0002   0.512179750130876065839E+0001
   0.104374999999999928946E+0001   0.669526694110526799861E-0003   0.417032874642192955624E-0005   0.479589598691040029654E-0002  -0.430546679477485148922E-0004   0.172415486093588263827E+0002   0.154764966841824197497E+0000  -0.250000000000000000000E+0002   0.511311904503388348076E+0001
   0.104583333333333272641E+0001   0.679579621100896442282E-0003   0.426085221138678628037E-0005   0.485444074304547217025E-0002  -0.438549556594363892730E-0004   0.172377575970407832529E+0002   0.155705971785192132106E+0000  -0.250000000000000000000E+0002   0.510433464863032337888E+0001
   0.104791666666666616337E+0001   0.689755856281049550480E-0003   0.435306263809302124211E-0005   0.491425679263450283091E-0002  -0.446743934608193247701E-0004   0.172339168482181079867E+0002   0.156649459432080806476E+0000  -0.250000000000000000000E+0002   0.509544201162048526754E+0001
   0.104999999999999960032E+0001   0.700058095093840718204E-0003   0.444700061310094975418E-0005   0.497538810627411176579E-0002  -0.455136587030424854161E-0004   0.172300253323669316785E+0002   0.157595489214314682380E+0000  -0.250000000000000000000E+0002   0.508643875395953148910E+0001
   0.105208333333333303727E+0001   0.710489126094321745211E-0003   0.454270815921721841327E-0005   0.503788012353477854949E-0002  -0.463734536019258684956E-0004   0.172260819716761091058E+0002   0.158544117290213920635E+0000  -0.250000000000000000000E+0002   0.507732241337719703012E+0001
   0.105416666666666647423E+0001   0.721051834001473681418E-0003   0.464022878904303370904E-0005   0.510177953595805644404E-0002  -0.472545062909617290432E-0004   0.172220856340927248596E+0002   0.159495396381480275538E+0000  -0.250000000000000000000E+0002   0.506809044311228884538E+0001
   0.105624999999999991118E+0001   0.731749202618962261285E-0003   0.473960755835914027904E-0005   0.516713478082054915308E-0002  -0.481575721729095090288E-0004   0.172180351407058829238E+0002   0.160449375735921134778E+0000  -0.250000000000000000000E+0002   0.505874020875368124450E+0001
   0.105833333333333334814E+0001   0.742584318323827275929E-0003   0.484089112581763200021E-0005   0.523399584104662207035E-0002  -0.490834349323830411134E-0004   0.172139292586613059655E+0002   0.161406100953473879978E+0000  -0.250000000000000000000E+0002   0.504926898544339053387E+0001
   0.106041666666666678509E+0001   0.753560373453735291016E-0003   0.494412781286849454469E-0005   0.530241439960405652743E-0002  -0.500329080519600589917E-0004   0.172097667013056607743E+0002   0.162365613874771219649E+0000  -0.250000000000000000000E+0002   0.503967395480025803778E+0001
   0.106250000000000022204E+0001   0.764680669947413304416E-0003   0.504936766723673386770E-0005   0.537244393214077794324E-0002  -0.510068362338798094585E-0004   0.172055461268325053936E+0002   0.163327952454246555503E+0000  -0.250000000000000000000E+0002   0.502995220167600542993E+0001
   0.106458333333333365900E+0001   0.775948623186519361242E-0003   0.515666252955447118399E-0005   0.544413980756075586293E-0002  -0.520060969715467827780E-0004   0.172012661368843104981E+0002   0.164293150632416590229E+0000  -0.250000000000000000000E+0002   0.502010071072928809599E+0001
   0.106666666666666709595E+0001   0.787367766056169425190E-0003   0.526606610339133582267E-0005   0.551755939716283387575E-0002  -0.530316022429634398999E-0004   0.171969252751029948456E+0002   0.165261238208907507152E+0000  -0.250000000000000000000E+0002   0.501011636280226113627E+0001
   0.106875000000000053291E+0001   0.798941753242682914729E-0003   0.537763402894802485719E-0005   0.559276219301081851942E-0002  -0.540843003368625499820E-0004   0.171925220256207644809E+0002   0.166232240717825802134E+0000  -0.250000000000000000000E+0002   0.499999593108294959620E+0001
   0.107083333333333396986E+0001   0.810674365788533737506E-0003   0.549142396070119350729E-0005   0.566980993623002887949E-0002  -0.551651778230743107209E-0004   0.171880548114816456007E+0002   0.167206179307068714124E+0000  -0.250000000000000000000E+0002   0.498973607703545329883E+0001
   0.107291666666666740682E+0001   0.822569515926006552056E-0003   0.560749564931271343200E-0005   0.574876675598075953522E-0002  -0.562752616795906269163E-0004   0.171835219929834330799E+0002   0.168183070623089320206E+0000  -0.250000000000000000000E+0002   0.497933334607868083310E+0001
   0.107500000000000084377E+0001   0.834631252212669977678E-0003   0.572591102814323441158E-0005   0.582969931991230306406E-0002  -0.574156215897133541219E-0004   0.171789218659287286073E+0002   0.169162926702502380838E+0000  -0.250000000000000000000E+0002   0.496878416299282399393E+0001
   0.107708333333333428072E+0001   0.846863764993511895784E-0003   0.584673430473886789207E-0005   0.591267699695602593629E-0002  -0.585873724236370005619E-0004   0.171742526597727618309E+0002   0.170145754871587173707E+0000  -0.250000000000000000000E+0002   0.495808482703125097402E+0001
   0.107916666666666771768E+0001   0.859271392216476304071E-0003   0.597003205769130439873E-0005   0.599777203340877418380E-0002  -0.597916769203802811396E-0004   0.171695125356550342133E+0002   0.171131557654580268579E+0000  -0.250000000000000000000E+0002   0.494723150671377265297E+0001
   0.108125000000000115463E+0001   0.871858625630230442416E-0003   0.609587333930579785256E-0005   0.608505974335845929019E-0002  -0.610297485870809217827E-0004   0.171646995843011396232E+0002   0.172120332690850919022E+0000  -0.250000000000000000000E+0002   0.493622023427531431139E+0001
   0.108333333333333459159E+0001   0.884630117395012079140E-0003   0.622432978454629675952E-0005   0.617461871440947406009E-0002  -0.623028548320469322897E-0004   0.171598118237771011252E+0002   0.173112072661360444359E+0000  -0.250000000000000000000E+0002   0.492504689974233134109E+0001
   0.108541666666666802854E+0001   0.897590687140350238296E-0003   0.635547572677104117932E-0005   0.626653103031122801769E-0002  -0.636123203570008419498E-0004   0.171548471970865108460E+0002   0.174106765222328457865E+0000  -0.250000000000000000000E+0002   0.491370724460635610598E+0001
   0.108750000000000146549E+0001   0.910745329505333305747E-0003   0.648938832080772728706E-0005   0.636088251136312978623E-0002  -0.649595308197715060224E-0004   0.171498035695852983906E+0002   0.175104392945823916783E+0000  -0.250000000000000000000E+0002   0.490219685506252567109E+0001
   0.108958333333333490245E+0001   0.924099222201364136828E-0003   0.662614767397577052134E-0005   0.645776297458691868336E-0002  -0.663459368063719129218E-0004   0.171446787262043329747E+0002   0.176104933263738661076E+0000  -0.250000000000000000000E+0002   0.489051115477731546122E+0001
   0.109166666666666833940E+0001   0.937657734641196127096E-0003   0.676583698571293269837E-0005   0.655726651566020980744E-0002  -0.677730581322974544138E-0004   0.171394703684651155129E+0002   0.177108358402202153981E+0000  -0.250000000000000000000E+0002   0.487864539714609790622E+0001
   0.109375000000000177636E+0001   0.951426437172402019588E-0003   0.690854269646727577091E-0005   0.665949181095474955494E-0002  -0.692424884512564642021E-0004   0.171341761112136303780E+0002   0.178114635353498279580E+0000  -0.250000000000000000000E+0002   0.486659465700415339029E+0001
   0.109583333333333521331E+0001   0.965411110978370594002E-0003   0.705435464670084498660E-0005   0.676454244887698518535E-0002  -0.707559003379414715087E-0004   0.171287934791647984412E+0002   0.179123725778092046657E+0000  -0.250000000000000000000E+0002   0.485435382173809681916E+0001
   0.109791666666666865027E+0001   0.979617758691020065753E-0003   0.720336624677018259020E-0005   0.687252728524274849459E-0002  -0.723150507018581456802E-0004   0.171233199031120442157E+0002   0.180135585932977931867E+0000  -0.250000000000000000000E+0002   0.484191758175424880051E+0001
   0.110000000000000208722E+0001   0.994052615777300287159E-0003   0.735567465860554884813E-0005   0.698356082862726813137E-0002  -0.739217866879654343648E-0004   0.171177527158347970726E+0002   0.181150166569396753324E+0000  -0.250000000000000000000E+0002   0.482928042024968373624E+0001
   0.110208333333333552417E+0001   0.100872216276259689394E-0002   0.751138099015601463725E-0005   0.709776365725767535708E-0002  -0.755780520550910052749E-0004   0.171120891476585086366E+0002   0.182167412803362072093E+0000  -0.250000000000000000000E+0002   0.481643660222890623857E+0001
   0.110416666666666896113E+0001   0.102363313835947787600E-0002   0.767059050364675269230E-0005   0.721526286990606911809E-0002  -0.772858940766465562361E-0004   0.171063263216310481596E+0002   0.183187263952159701264E+0000  -0.250000000000000000000E+0002   0.480338016270460244073E+0001
   0.110625000000000239808E+0001   0.103879255357542743879E-0002   0.783341283877527530229E-0005   0.733619257308073830642E-0002  -0.790474710032173621520E-0004   0.171004612482715572241E+0002   0.184209653330584838260E+0000  -0.250000000000000000000E+0002   0.479010489401680672472E+0001
   0.110833333333333583504E+0001   0.105420770687795388801E-0002   0.799996225205153044658E-0005   0.746069440726568680611E-0002  -0.808650601249172171952E-0004   0.170944908198487901529E+0002   0.185234508000474140665E+0000  -0.250000000000000000000E+0002   0.477660433219980795627E+0001
   0.111041666666666927199E+0001   0.106988620050139362702E-0002   0.817035787357902549611E-0005   0.758891811438277934243E-0002  -0.827410664794693084898E-0004   0.170884118041323489479E+0002   0.186261748468910526277E+0000  -0.250000000000000000000E+0002   0.476287174232220777981E+0001
   0.111250000000000270894E+0001   0.108583595798397280346E-0002   0.834472398265261673710E-0005   0.772102214887306331076E-0002  -0.846780322429661143260E-0004   0.170822208375585198326E+0002   0.187291288331474264917E+0000  -0.250000000000000000000E+0002   0.474890010272120566270E+0001
   0.111458333333333614590E+0001   0.110206524302866636436E-0002   0.852319030363719584503E-0005   0.785717433452201748090E-0002  -0.866786468466467879780E-0004   0.170759144177442898638E+0002   0.188323033858912469718E+0000  -0.250000000000000000000E+0002   0.473468208804832446646E+0001
   0.111666666666666958285E+0001   0.111858267978562960637E-0002   0.870589232367604679474E-0005   0.799755256893611848890E-0002  -0.887457578601551027274E-0004   0.170694888952765388979E+0002   0.189356883527841690640E+0000  -0.250000000000000000000E+0002   0.472021005104035396016E+0001
   0.111875000000000301981E+0001   0.113539727465749055654E-0002   0.889297163385838672041E-0005   0.814234557715677077783E-0002  -0.908823826787472533340E-0004   0.170629404646947584467E+0002   0.190392727499403863201E+0000  -0.250000000000000000000E+0002   0.470547600292660472832E+0001
   0.112083333333333645676E+0001   0.115251843973196129237E-0002   0.908457629555679065277E-0005   0.829175371580372078117E-0002  -0.930917210547539978813E-0004   0.170562651545831904798E+0002   0.191430447051782415269E+0000  -0.250000000000000000000E+0002   0.469047159238102384649E+0001
   0.112291666666666989371E+0001   0.116995601794821777256E-0002   0.928086123371801270741E-0005   0.844598982838457371103E-0002  -0.953771685048651499204E-0004   0.170494588166777489846E+0002   0.192469913977188128440E+0000  -0.250000000000000000000E+0002   0.467518808292659571180E+0001
   0.112500000000000333067E+0001   0.118772031010470902057E-0002   0.948198865896030683084E-0005   0.860528015217490449551E-0002  -0.977423306271774918960E-0004   0.170425171138913285063E+0002   0.193510989956706930260E+0000  -0.250000000000000000000E+0002   0.465961632869871245077E+0001
   0.112708333333333676762E+0001   0.120582210381627507809E-0002   0.968812852039373876840E-0005   0.876986527651829952945E-0002  -0.100191038356479820330E-0003   0.170354355071566594404E+0002   0.194553525930274695543E+0000  -0.250000000000000000000E+0002   0.464374674847445234604E+0001
   0.112916666666667020458E+0001   0.122427270452767035167E-0002   0.989945899113771468408E-0005   0.894000115192811715958E-0002  -0.102727364184324157547E-0003   0.170282092409841467884E+0002   0.195597361482480136541E+0000  -0.250000000000000000000E+0002   0.462756929787586557268E+0001
   0.113125000000000364153E+0001   0.124308396868882346104E-0002   0.101161669885621341739E-0004   0.911596014896119688498E-0002  -0.105355639367790790721E-0003   0.170208333276324665917E+0002   0.196642324268014229149E+0000  -0.250000000000000000000E+0002   0.461107343965718019518E+0001
   0.113333333333333707849E+0001   0.126226833919459947506E-0002   0.103384487313273018322E-0004   0.929803216547929987923E-0002  -0.108080472149474528373E-0003   0.170133025297924085351E+0002   0.197688229503133749976E+0000  -0.250000000000000000000E+0002   0.459424811198838334292E+0001
   0.113541666666667051544E+0001   0.128183888318865847958E-0002   0.105665103353447316928E-0004   0.948652578070421220735E-0002  -0.110906767011048883881E-0003   0.170056113416893879275E+0002   0.198734879551273807552E+0000  -0.250000000000000000000E+0002   0.457708169465051373237E+0001
   0.113750000000000395239E+0001   0.130180933232705835917E-0002   0.108005684508245231403E-0004   0.968176945436851482674E-0002  -0.113839744979244274301E-0003   0.169977539685177454487E+0002   0.199782063631562645245E+0000  -0.250000000000000000000E+0002   0.455956197306104549227E+0001
   0.113958333333333738935E+0001   0.132219412559640790011E-0002   0.110408509426588685547E-0004   0.988411276966784727027E-0002  -0.116884965040682796715E-0003   0.169897243041322631996E+0002   0.200829557679388315261E+0000  -0.250000000000000000000E+0002   0.454167610005012534202E+0001
   0.114166666666667082630E+0001   0.134300845477281242599E-0002   0.112875976163921779163E-0004   0.100939277186798560121E-0001  -0.120048346634883191164E-0003   0.169815159069302765715E+0002   0.201877124383688461018E+0000  -0.250000000000000000000E+0002   0.452341055531081881469E+0001
   0.114375000000000426326E+0001   0.136426831261338794496E-0002   0.115410609921928434412E-0004   0.103116100313321527177E-0001  -0.123336193351673633570E-0003   0.169731219738892704640E+0002   0.202924513415492835389E+0000  -0.250000000000000000000E+0002   0.450475110244455745345E+0001
   0.114583333333333770021E+0001   0.138599054386950555975E-0002   0.118015071293094756915E-0004   0.105375805420883129904E-0001  -0.126755217840273206372E-0003   0.169645353126608462446E+0002   0.203971461920420427116E+0000  -0.250000000000000000000E+0002   0.448568274353356333251E+0001
   0.114791666666667113716E+0001   0.140819289920423402693E-0002   0.120692165035877331205E-0004   0.107722866098192166656E-0001  -0.130312568003786253146E-0003   0.169557483118421750135E+0002   0.205017695173957070764E+0000  -0.250000000000000000000E+0002   0.446618967114399545437E+0001
   0.115000000000000457412E+0001   0.143089409212552838915E-0002   0.123444849409544826080E-0004   0.110162035805628725355E-0001  -0.134015854627112917380E-0003   0.169467529092736626239E+0002   0.206062927519939848020E+0000  -0.250000000000000000000E+0002   0.444625521768223297414E+0001
   0.115208333333333801107E+0001   0.145411385903177793610E-0002   0.126276246098506080955E-0004   0.112698363060542722930E-0001  -0.137873180506685932487E-0003   0.169375405584528380132E+0002   0.207106863529428114612E+0000  -0.250000000000000000000E+0002   0.442586180200338930035E+0001
   0.115416666666667144803E+0001   0.147787302249307922128E-0002   0.129189650759693673126E-0004   0.115337207242822634146E-0001  -0.141893171266542700900E-0003   0.169281021930678861054E+0002   0.208149199379366572904E+0000  -0.250000000000000000000E+0002   0.440499087315982329471E+0001
   0.115625000000000488498E+0001   0.150219355804717593500E-0002   0.132188544247201148331E-0004   0.118084254983291843388E-0001  -0.146085009698000494686E-0003   0.169184281895594565981E+0002   0.209189624428138792878E+0000  -0.250000000000000000000E+0002   0.438362285118420125229E+0001
   0.115833333333333832194E+0001   0.152709866395809180234E-0002   0.135276604467046170348E-0004   0.120945537958192256972E-0001  -0.150458463880870309173E-0003   0.169085083283482831007E+0002   0.210227822965483229778E+0000  -0.250000000000000000000E+0002   0.436173706465269983568E+0001
   0.116041666666667175889E+0001   0.155261283559530506061E-0002   0.138457719089108244965E-0004   0.123927450834358486575E-0001  -0.155023934325747043007E-0003   0.168983317524784411034E+0002   0.211263476085021467687E+0000  -0.250000000000000000000E+0002   0.433931168500108732644E+0001
   0.116250000000000519584E+0001   0.157876194315630471489E-0002   0.141735998983014543359E-0004   0.127036770960607652697E-0001  -0.159792487022986708653E-0003   0.168878869250096030896E+0002   0.212296263652608341310E+0000  -0.250000000000000000000E+0002   0.431632365727774303110E+0001
   0.116458333333333863280E+0001   0.160557331376999967883E-0002   0.145115792531660617862E-0004   0.130280679289078247379E-0001  -0.164775897900605166344E-0003   0.168771615844591984512E+0002   0.213325866317355311574E+0000  -0.250000000000000000000E+0002   0.429274862711106930391E+0001
   0.116666666666667206975E+0001   0.163307581813291287018E-0002   0.148601700869212437819E-0004   0.133666782935475698252E-0001  -0.169986698972002193888E-0003   0.168661426984330553580E+0002   0.214351967521279801465E+0000  -0.250000000000000000000E+0002   0.426856086359477160386E+0001
   0.116875000000000550671E+0001   0.166129996204489142897E-0002   0.152198594119333379830E-0004   0.137203139431238286400E-0001  -0.175438228335417830545E-0003   0.168548164152273756144E+0002   0.215374255465502401075E+0000  -0.250000000000000000000E+0002   0.424373317778489056451E+0001
   0.117083333333333894366E+0001   0.169027798323316828973E-0002   0.155911628714941442007E-0004   0.140898283361743561354E-0001  -0.181144684370490940701E-0003   0.168431680136370971468E+0002   0.216392424995150711720E+0000  -0.250000000000000000000E+0002   0.421823683637687896208E+0001
   0.117291666666667238061E+0001   0.172004395398502800234E-0002   0.159746265900664671127E-0004   0.144761255237749030672E-0001  -0.187121185020465527916E-0003   0.168311818504546479858E+0002   0.217406179376259972580E+0000  -0.250000000000000000000E+0002   0.419204147015866723791E+0001
   0.117500000000000581757E+0001   0.175063389009797874991E-0002   0.163708291521789237499E-0004   0.148801633266173807812E-0001  -0.193383832427202189286E-0003   0.168188413057470995682E+0002   0.218415231947229115939E+0000  -0.250000000000000000000E+0002   0.416511497671515584784E+0001
   0.117708333333333925452E+0001   0.178208586678720742359E-0002   0.167803837224851681072E-0004   0.153029568155244634353E-0001  -0.199949783919429850687E-0003   0.168061287254985671780E+0002   0.219419307650873002258E+0000  -0.250000000000000000000E+0002   0.413742341683514602835E+0001
   0.117916666666667269148E+0001   0.181444014223556757126E-0002   0.172039403206773047826E-0004   0.157455821598236692105E-0001  -0.206837330051407616675E-0003   0.167930253615125870681E+0002   0.220418144461751369656E+0000  -0.250000000000000000000E+0002   0.410893090395515958591E+0001
   0.118125000000000612843E+0001   0.184773928959975947302E-0002   0.176421882672889773010E-0004   0.162091808819377035389E-0001  -0.214065980816259744147E-0003   0.167795113081670699273E+0002   0.221411494752831783384E+0000  -0.250000000000000000000E+0002   0.407959948590524135170E+0001
   0.118333333333333956539E+0001   0.188202833838230871796E-0002   0.180958588185364642334E-0004   0.166949645780545934126E-0001  -0.221656561189452147326E-0003   0.167655654356721477427E+0002   0.222399126667729846174E+0000  -0.250000000000000000000E+0002   0.404938901811349794002E+0001
   0.118541666666667300234E+0001   0.191735492621239607923E-0002   0.185657280111359361237E-0004   0.172042201769364577757E-0001  -0.229631317448101765488E-0003   0.167511653194318164140E+0002   0.223380825594874987683E+0000  -0.250000000000000000000E+0002   0.401825702729582800998E+0001
   0.118750000000000643929E+0001   0.195376946224528301455E-0002   0.190526197415222337743E-0004   0.177383158190680470523E-0001  -0.238014036110787579638E-0003   0.167362871650234268373E+0002   0.224356395871435715383E+0000  -0.250000000000000000000E+0002   0.398615856450855154947E+0001
   0.118958333333333987625E+0001   0.199132530357775273250E-0002   0.195574091079747945697E-0004   0.182987074597772553242E-0001  -0.246830177641819297797E-0003   0.167209057282646114118E+0002   0.225325662882636085227E+0000  -0.250000000000000000000E+0002   0.395304604625422228992E+0001
   0.119166666666667331320E+0001   0.203007894631801206337E-0002   0.200810260493513624363E-0004   0.188869463258432637720E-0001  -0.256107027678805095582E-0003   0.167049942297693725379E+0002   0.226288475784705650495E+0000  -0.250000000000000000000E+0002   0.391886908209658413327E+0001
   0.119375000000000675016E+0001   0.207009023324606841743E-0002   0.206244593206353029648E-0004   0.195046873638776777082E-0001  -0.265873869212949142347E-0003   0.166885242631861672180E+0002   0.227244711010611138979E+0000  -0.250000000000000000000E+0002   0.388357428699053430776E+0001
   0.119583333333334018711E+0001   0.211142258033562325859E-0002   0.211887608529327147507E-0004   0.201536989093524868122E-0001  -0.276162179779186319015E-0003   0.166714656964935237227E+0002   0.228194277092558156506E+0000  -0.250000000000000000000E+0002   0.384710507611890095703E+0001
   0.119791666666667362406E+0001   0.215414322490919615816E-0002   0.217750505566772196791E-0004   0.208358737685393896610E-0001  -0.287005859332684499629E-0003   0.166537865650985033028E+0002   0.229137120969150065442E+0000  -0.250000000000000000000E+0002   0.380940143968011168951E+0001
   0.120000000000000706102E+0001   0.219832349867082974676E-0002   0.223845216377816904675E-0004   0.215532420188116261017E-0001  -0.298441494862475417346E-0003   0.166354529556530721379E+0002   0.230073236381438395171E+0000  -0.250000000000000000000E+0002   0.377039969451830270231E+0001
   0.120208333333334049797E+0001   0.224403912954680793274E-0002   0.230184465124318282767E-0004   0.223079858530563987506E-0001  -0.310508670076520667050E-0003   0.166164288790059160306E+0002   0.231002674923296708043E+0000  -0.250000000000000000000E+0002   0.373003220889825115592E+0001
   0.120416666666667393493E+0001   0.229137057699775516934E-0002   0.236781834242882763871E-0004   0.231024568442645926447E-0001  -0.323250329640819981155E-0003   0.165966761303206844502E+0002   0.231925560458295820787E+0000  -0.250000000000000000000E+0002   0.368822709604735221589E+0001
   0.120625000000000737188E+0001   0.234040340629977638987E-0002   0.243651838896382863259E-0004   0.239391960396695344104E-0001  -0.336713209345441250551E-0003   0.165761541338481883656E+0002   0.232842107774909379270E+0000  -0.250000000000000000000E+0002   0.364490787134657168167E+0001
   0.120833333333334080884E+0001   0.239122870815716096621E-0002   0.250810011210376356005E-0004   0.248209572725149388295E-0001  -0.350948344989791144195E-0003   0.165548197690378984248E+0002   0.233752646488399190572E+0000  -0.250000000000000000000E+0002   0.359999306735068236307E+0001
   0.121041666666667424579E+0001   0.244394357077368923337E-0002   0.258272996069492305265E-0004   0.257507339938110764443E-0001  -0.366011673512895807474E-0003   0.165326271737149532726E+0002   0.234657651350352935982E+0000  -0.250000000000000000000E+0002   0.355339580027179957611E+0001
   0.121250000000000768274E+0001   0.249865161197354058997E-0002   0.266058660515723014849E-0004   0.267317896946666355706E-0001  -0.381964739064637333853E-0003   0.165095275187837700059E+0002   0.235557780180141979054E+0000  -0.250000000000000000000E+0002   0.350502328143363683921E+0001
   0.121458333333334111970E+0001   0.255546357875425025896E-0002   0.274186219003964493026E-0004   0.277676915447204082643E-0001  -0.398875512917171225029E-0003   0.164854687474509447043E+0002   0.236453920493567032457E+0000  -0.250000000000000000000E+0002   0.345477626788306446670E+0001
   0.121666666666667455665E+0001   0.261449802022439403010E-0002   0.282676376846031392328E-0004   0.288623461089651672795E-0001  -0.416819327346490756114E-0003   0.164603952704092755255E+0002   0.237347245328261624575E+0000  -0.250000000000000000000E+0002   0.340254844840637060699E+0001
   0.121875000000000799361E+0001   0.267588203644738989798E-0002   0.291551493977121320487E-0004   0.300200348167210563644E-0001  -0.435879907059961773860E-0003   0.164342476071352407985E+0002   0.238239277341762811790E+0000  -0.250000000000000000000E+0002   0.334822576540993921412E+0001
   0.122083333333334143056E+0001   0.273975209928322381570E-0002   0.300835770506216449143E-0004   0.312454451581099211521E-0001  -0.456150453823545422392E-0003   0.164069619630615797234E+0002   0.239131957322557153756E+0000  -0.250000000000000000000E+0002   0.329168568041179598893E+0001
   0.122291666666667486751E+0001   0.280625493076810689913E-0002   0.310555454081560164642E-0004   0.325436913604938912736E-0001  -0.477734696454838682258E-0003   0.163784697338877727191E+0002   0.240027707863038564096E+0000  -0.250000000000000000000E+0002   0.323279640220115727089E+0001
   0.122500000000000830447E+0001   0.287554840885574820863E-0002   0.320739066544192417876E-0004   0.339203156683948597871E-0001  -0.500747754964997807137E-0003   0.163486969330310074611E+0002   0.240929473985626418919E+0000  -0.250000000000000000000E+0002   0.317141611279318968997E+0001
   0.122708333333334174142E+0001   0.294780244883254254756E-0002   0.331417643206848814164E-0004   0.353812586159041944645E-0001  -0.525316580707330701809E-0003   0.163175635476844824723E+0002   0.241840709159029831898E+0000  -0.250000000000000000000E+0002   0.310739224732752949976E+0001
   0.122916666666667517838E+0001   0.302319978162552500597E-0002   0.342624971892444173311E-0004   0.369327843544874773185E-0001  -0.551579622985905876353E-0003   0.162849828444014796958E+0002   0.242765257683863089344E+0000  -0.250000000000000000000E+0002   0.304056090929408462387E+0001
   0.123125000000000861533E+0001   0.310193651908409083126E-0002   0.354397810167012472168E-0004   0.385813459764342212011E-0001  -0.579685242301636359866E-0003   0.162508606672692081929E+0002   0.243707065645724751946E+0000  -0.250000000000000000000E+0002   0.297074652974243180736E+0001
   0.123333333333334205228E+0001   0.318422236459303242134E-0002   0.366776047864890178906E-0004   0.403333768320028943077E-0001  -0.609788260376808001831E-0003   0.162150947998612338097E+0002   0.244669638621464929917E+0000  -0.250000000000000000000E+0002   0.289776190449897530499E+0001
   0.123541666666667548924E+0001   0.327028030076322116099E-0002   0.379802768478146237242E-0004   0.421949981691611408774E-0001  -0.642043943334739334976E-0003   0.161775744936788470341E+0002   0.245655163930682540752E+0000  -0.250000000000000000000E+0002   0.282140876096045012389E+0001
   0.123750000000000892619E+0001   0.336034557245135220502E-0002   0.393524148668874311995E-0004   0.441716415834139189411E-0001  -0.676598711514196345454E-0003   0.161381802947777934776E+0002   0.246663236569503036000E+0000  -0.250000000000000000000E+0002   0.274147900883319861620E+0001
   0.123958333333334236315E+0001   0.345466379073184866669E-0002   0.407989122187108453361E-0004   0.462675955107801073485E-0001  -0.713576984638268109473E-0003   0.160967843164085486762E+0002   0.247689170879011821835E+0000  -0.250000000000000000000E+0002   0.265775681257329621232E+0001
   0.124166666666667580010E+0001   0.355348801455505859323E-0002   0.423248724777197131625E-0004   0.484854943543665747874E-0001  -0.753063773906011428745E-0003   0.160532510965574708450E+0002   0.248721931582184918597E+0000  -0.250000000000000000000E+0002   0.257002158977965100561E+0001
   0.124375000000000923706E+0001   0.365707471270041491879E-0002   0.439355030094327702575E-0004   0.508257706919707508142E-0001  -0.795082776706819427393E-0003   0.160074391382732841294E+0002   0.249741753811595246226E+0000  -0.250000000000000000000E+0002   0.247805200299519423623E+0001
   0.124583333333334267401E+0001   0.376567854737347267047E-0002   0.456359579983611673352E-0004   0.532860822350637100553E-0001  -0.839569645353163891179E-0003   0.159592031689213538215E+0002   0.250717522136123527332E+0000  -0.250000000000000000000E+0002   0.238163099155683255503E+0001
   0.124791666666667611096E+0001   0.387954593269485524532E-0002   0.474311201753931696145E-0004   0.558607157281257801773E-0001  -0.886339827351599433836E-0003   0.159083971112616477939E+0002   0.251603952965204824554E+0000  -0.250000000000000000000E+0002   0.228055188662836716418E+0001
   0.125000000000000954792E+0001   0.399890732586681389715E-0002   0.493253093807941898701E-0004   0.585399868809976381412E-0001  -0.935050465502590454417E-0003   0.158548777804285467852E+0002   0.252338624501257102750E+0000  -0.250000000000000000000E+0002   0.217462561868421255795E+0001
   0.125208333333334298487E+0001   0.412396829578678437989E-0002   0.513219069967888098403E-0004   0.613097301430044067105E-0001  -0.985157357454803780591E-0003   0.157985094065723661316E+0002   0.252839028997080050853E+0000  -0.250000000000000000000E+0002   0.206368885798896029016E+0001
   0.125416666666667642183E+0001   0.425489971684777160132E-0002   0.534228923914463336075E-0004   0.641511023210320635579E-0001  -0.103587191412921920952E-0002   0.157391691288334634180E+0002   0.253000211538634889319E+0000  -0.250000000000000000000E+0002   0.194761252483260061119E+0001
   0.125625000000000985878E+0001   0.439182802559025774192E-0002   0.556283059967568535575E-0004   0.670410485373496428663E-0001  -0.108612954711224279393E-0002   0.156767534422131689098E+0002   0.252694251134126135483E+0000  -0.250000000000000000000E+0002   0.182630947803661114470E+0001
   0.125833333333334329573E+0001   0.453482725738590421172E-0002   0.579356869322224761541E-0004   0.699537886880729070649E-0001  -0.113458856411800248706E-0002   0.156111850932244227153E+0002   0.251773588324248231984E+0000  -0.250000000000000000000E+0002   0.169973954579426589362E+0001
   0.126041666666667673269E+0001   0.468391524525691577141E-0002   0.603395779485505688545E-0004   0.728634683078051847982E-0001  -0.117968352149289221892E-0002   0.155424191890965364138E+0002   0.250080322819188294314E+0000  -0.250000000000000000000E+0002   0.156790980820112979544E+0001
   0.126250000000001016964E+0001   0.483905643395048275235E-0002   0.628312298562255062365E-0004   0.757476474595529941647E-0001  -0.121975124121817806583E-0002   0.154704466287248774137E+0002   0.247462174503958437510E+0000  -0.250000000000000000000E+0002   0.143086864041133265957E+0001
   0.126458333333334360660E+0001   0.500017270317554274328E-0002   0.653986372746936679007E-0004   0.785907238700664645403E-0001  -0.125322186065958472538E-0002   0.153952928998427882590E+0002   0.243792601631288907704E+0000  -0.250000000000000000000E+0002   0.128869367508651055942E+0001
   0.126666666666667704355E+0001   0.516716120295905405324E-0002   0.680269641649647207986E-0004   0.813860850039796746014E-0001  -0.127882416775960830804E-0002   0.153170113011244790613E+0002   0.238989241942755253900E+0000  -0.250000000000000000000E+0002   0.114147604682233372309E+0001
   0.126875000000001048051E+0001   0.533991533493892271689E-0002   0.706992839472256177392E-0004   0.841361575020841967465E-0001  -0.129572553184849857677E-0002   0.152356716683134099100E+0002   0.233024276544306047088E+0000  -0.250000000000000000000E+0002   0.989304823109300235373E+0000
   0.127083333333334391746E+0001   0.551834356641191410564E-0002   0.733974434683196314856E-0004   0.868504321442493121275E-0001  -0.130355048460700740851E-0002   0.151513475901791050404E+0002   0.225923658022027185055E+0000  -0.250000000000000000000E+0002   0.832255445257542469939E+0000
   0.127291666666667735441E+0001   0.570238185520745635704E-0002   0.761028407504578169231E-0004   0.895422201374442700006E-0001  -0.130228757157154384667E-0002   0.150641054772124842742E+0002   0.217757073473964196664E+0000  -0.250000000000000000000E+0002   0.670384733671706589675E+0000
   0.127500000000001079137E+0001   0.589199778511736299569E-0002   0.787969776049807956375E-0004   0.922247936169634241477E-0001  -0.129214153145613464858E-0002   0.149739976353757118233E+0002   0.208623580554253562624E+0000  -0.250000000000000000000E+0002   0.503733992291557797216E+0000
   0.127708333333334422832E+0001   0.608718583646182705149E-0002   0.814617408993129277694E-0004   0.949069788653713330984E-0001  -0.127338562541604786819E-0002   0.148810601369840291852E+0002   0.198637811684488824193E+0000  -0.250000000000000000000E+0002   0.332341888515470751386E+0000
   0.127916666666667766528E+0001   0.628795283829320338087E-0002   0.840794302956871761638E-0004   0.975879684219977394655E-0001  -0.124624174135584296283E-0002   0.147853161235147645414E+0002   0.187919670324082493940E+0000  -0.250000000000000000000E+0002   0.156269640017991595649E+0000
   0.128125000000001110223E+0001   0.649429186541311022351E-0002   0.866325870463101566045E-0004   0.100251557538700047933E+0000  -0.121079877691527594552E-0002   0.146867862239866848739E+0002   0.176588195483093540750E+0000  -0.250000000000000000000E+0002  -0.243586412376570402016E-0001
   0.128333333333334453918E+0001   0.670614359134181527156E-0002   0.891037106115913162506E-0004   0.102860999325408472571E+0000  -0.116698007370285477061E-0002   0.145855088665895937794E+0002   0.164758637657709733348E+0000  -0.250000000000000000000E+0002  -0.209298688875893229566E+0000
   0.128541666666667797614E+0001   0.692334744282572731033E-0002   0.914749852789102023106E-0004   0.105356543081897138792E+0000  -0.111457481163436487176E-0002   0.144815731473734405910E+0002   0.152541067143388359151E+0000  -0.250000000000000000000E+0002  -0.398112314665107880352E+0000
   0.128750000000001141309E+0001   0.714559008370700861346E-0002   0.937281616289665391647E-0004   0.107657884276083026798E+0000  -0.105334195674898923462E-0002   0.143751653829562542342E+0002   0.140039122107214142332E+0000  -0.250000000000000000000E+0002  -0.590079500800309242337E+0000
   0.128958333333334485005E+0001   0.737236362432500125230E-0002   0.958447256543169351329E-0004   0.109672740426183704110E+0000  -0.983176119702966391095E-0003   0.142666281565791912556E+0002   0.127348515025751535257E+0000  -0.250000000000000000000E+0002  -0.784098742739633869370E+0000
   0.129166666666667828700E+0001   0.760294735615748944191E-0002   0.978064252054628314320E-0004   0.111309666322984571196E+0000  -0.904296386538379608905E-0003   0.141565281037285810584E+0002   0.114555910323031653886E+0000  -0.250000000000000000000E+0002  -0.978573893936360628132E+0000
   0.129375000000001172396E+0001   0.783641967863897906388E-0002   0.995960965235102402109E-0004   0.112488378147845680122E+0000  -0.817386031748109373810E-0003   0.140457276141595475139E+0002   0.101739157806871732825E+0000  -0.250000000000000000000E+0002  -0.117127849563457475668E+0001
   0.129583333333334516091E+0001   0.807168828762417842060E-0002   0.101198581613289528228E-0003   0.113138868041769771744E+0000  -0.723606064060010453418E-0003   0.139354589951873339970E+0002   0.889695388686660842970E-0001  -0.250000000000000000000E+0002  -0.135919245221437434701E+0001
   0.129791666666667859786E+0001   0.830750782799466805373E-0002   0.102601494811796044998E-0003   0.113186644928726709569E+0000  -0.624487647129601058070E-0003   0.138274026523407460587E+0002   0.763159721081831110556E-0001  -0.250000000000000000000E+0002  -0.153834982340968906556E+0001
   0.130000000000001203482E+0001   0.854245841371524539110E-0002   0.103795796555312898378E-0003   0.112533232649997066988E+0000  -0.521841328782100171216E-0003   0.137237544857911686336E+0002   0.638503954285762065357E-0001  -0.250000000000000000000E+0002  -0.170383779091425768826E+0001
   0.130208333333334547177E+0001   0.877489470764723777929E-0002   0.104776416547009207500E-0003   0.111050975321947631436E+0000  -0.417834846701814303926E-0003   0.136272166701908812314E+0002   0.516526509199496317026E-0001  -0.250000000000000000000E+0002  -0.185019756432730053675E+0001
   0.130416666666667890873E+0001   0.900292483505835995639E-0002   0.105543214553759404865E-0003   0.108613074630472233872E+0000  -0.315201095242034290758E-0003   0.135407848224810116733E+0002   0.398122799985144021351E-0001  -0.250000000000000000000E+0002  -0.197243270793545333319E+0001
   0.130625000000001234568E+0001   0.922450511659955729726E-0002   0.106102198538594400196E-0003   0.105165626379428556181E+0000  -0.217284535097680346453E-0003   0.134672236182753000122E+0002   0.284248110007868891314E-0001  -0.250000000000000000000E+0002  -0.206743967048093102434E+0001
   0.130833333333334578263E+0001   0.943769898286139254096E-0002   0.106466316259220736534E-0003   0.100812121090402273538E+0000  -0.127583994295821608793E-0003   0.134083238944730442910E+0002   0.175817403929763964310E-0001  -0.250000000000000000000E+0002  -0.213511681144926779297E+0001
   0.131041666666667921959E+0001   0.964103852285799929611E-0002   0.106654859699044048853E-0003   0.958458633742935856015E-0001  -0.488113530369461233308E-0004   0.133643235745096724543E+0002   0.735600451564247248548E-0002  -0.250000000000000000000E+0002  -0.217837502311765485175E+0001
   0.131250000000001265654E+0001   0.983382421366284578679E-0002   0.106691101181447971008E-0003   0.906863130001528822133E-0001   0.179637460802414314191E-0004   0.133338905001430987340E+0002  -0.221225398780612158428E-0002  -0.250000000000000000000E+0002  -0.220205163427511863006E+0001
   0.131458333333334609350E+0001   0.100162146139576198334E-0001   0.106598903794873263191E-0003   0.857532488652993918343E-0001   0.734635332338884523579E-0004   0.133146634376379164877E+0002  -0.111231596763306291725E-0001  -0.250000000000000000000E+0002  -0.221148570248590647935E+0001
   0.131666666666667953045E+0001   0.101890878970452396224E-0001   0.106399666418260143699E-0003   0.813598311510431992932E-0001   0.119629063826036689464E-0003   0.133039640040141673438E+0002  -0.194132253301617409280E-0001  -0.250000000000000000000E+0002  -0.221147257160412946675E+0001
   0.131875000000001296740E+0001   0.103537744485464183741E-0001   0.106110574767247684046E-0003   0.776721133864205354191E-0001   0.158807350059671096090E-0003   0.132993194948244184417E+0002  -0.271405244719615662552E-0001  -0.250000000000000000000E+0002  -0.220579940118004813598E+0001
   0.132083333333334640436E+0001   0.105117796858676202515E-0001   0.105744296770739475708E-0003   0.747247649753701309594E-0001   0.193118202175770689328E-0003   0.132987000574428755328E+0002  -0.343635760086569916338E-0001  -0.250000000000000000000E+0002  -0.219720039898114682941E+0001
   0.132291666666667984131E+0001   0.106645666741267321903E-0001   0.105309718117111474891E-0003   0.724595187515459093763E-0001   0.224108848084755244313E-0003   0.133005525257748953294E+0002  -0.411191877357338572696E-0001  -0.250000000000000000000E+0002  -0.218750680494681937205E+0001
   0.132500000000001327827E+0001   0.108134130437272015651E-0001   0.104813234814158013925E-0003   0.707618128150227232442E-0001   0.252613553917390310649E-0003   0.133037408614277925523E+0002  -0.474028249463550599430E-0001  -0.250000000000000000000E+0002  -0.217784258841871247725E+0001
   0.132708333333334671522E+0001   0.109593277273115994458E-0001   0.104260267828467419887E-0003   0.694873265807957468665E-0001   0.278717077307539921622E-0003   0.133074648143819818102E+0002  -0.531543880544953911693E-0001  -0.250000000000000000000E+0002  -0.216879999277694013315E+0001
   0.132916666666668015218E+0001   0.111030090774047428270E-0001   0.103656789292428926173E-0003   0.684806339405908959250E-0001   0.301786388889524492297E-0003   0.133111895005801041947E+0002  -0.582539888504756964149E-0001  -0.250000000000000000000E+0002  -0.216058061010400237478E+0001
   0.133125000000001358913E+0001   0.112448350302905442782E-0001   0.103010643190804657924E-0003   0.675915233657888719909E-0001   0.320610144600739078828E-0003   0.133145947337685246481E+0002  -0.625344296005364841395E-0001  -0.250000000000000035527E+0002  -0.215311129397761424897E+0001
   0.133333333333334702608E+0001   0.113848867953632425926E-0001   0.102332343153098095272E-0003   0.666924064872121274972E-0001   0.333715584531919285966E-0003   0.133175394962196342874E+0002  -0.658145331796883142905E-0001  -0.250000000000000035527E+0002  -0.214614910582271400941E+0001
   0.133541666666668046304E+0001   0.115230111461112373628E-0001   0.101635002591549138996E-0003   0.656950107201867000706E-0001   0.339860831838495751518E-0003   0.133200297682033603763E+0002  -0.679464355190295687947E-0001  -0.250000000000000000000E+0002  -0.213938181167187124743E+0001
   0.133750000000001389999E+0001   0.116589174260373091424E-0001   0.100933296267315873685E-0003   0.645602377577548930399E-0001   0.338527428626103393978E-0003   0.133221782614902579667E+0002  -0.688569222314150547470E-0001  -0.250000000000000035527E+0002  -0.213251747636676425302E+0001
   0.133958333333334733695E+0001   0.117922881493063153036E-0001   0.100241822201825060961E-0003   0.632960292914223482397E-0001   0.330133943063594371102E-0003   0.133241536214504296964E+0002  -0.685630664465130407192E-0001  -0.250000000000000000000E+0002  -0.212534890182136448900E+0001
   0.134166666666668077390E+0001   0.119228722970363618106E-0001   0.995735371975360649202E-0004   0.619440065675737894235E-0001   0.315850934348633843006E-0003   0.133261281875284005594E+0002  -0.671587998698111449114E-0001  -0.250000000000000000000E+0002  -0.211778258272976405152E+0001
   0.134375000000001421085E+0001   0.120505390071619367109E-0001   0.989387929147857983405E-0004   0.605609012464977738976E-0001   0.297183395122810843896E-0003   0.133282373495051338352E+0002  -0.647852514050888395047E-0001  -0.250000000000000035527E+0002  -0.210983327402873754863E+0001
   0.134583333333334764781E+0001   0.121752880789247133753E-0001   0.983450957005771908732E-0004   0.592013835416407216417E-0001   0.275581303749549008045E-0003   0.133305580049529392994E+0002  -0.616007205023706427838E-0001  -0.250000000000000000000E+0002  -0.210159479287154749017E+0001
   0.134791666666668108476E+0001   0.122972278025799824919E-0001   0.977974024597699906000E-0004   0.579063159362399187957E-0001   0.252217897338883755183E-0003   0.133331058314272681287E+0002  -0.577595333344806047271E-0001  -0.250000000000000000000E+0002  -0.209320084559321673012E+0001
   0.135000000000001452172E+0001   0.124165353306395897376E-0001   0.972986687104414067068E-0004   0.566977318495548582300E-0001   0.227934339016000713906E-0003   0.133358467393266906242E+0002  -0.534014609252498467784E-0001  -0.250000000000000000000E+0002  -0.208478800512439832460E+0001
   0.135208333333334795867E+0001   0.125334138479851840003E-0001   0.968504134226114349934E-0004   0.555800279190694843101E-0001   0.203289066029173771510E-0003   0.133387167341713546165E+0002  -0.486490113988647665533E-0001  -0.250000000000000035527E+0002  -0.207646923733684030111E+0001
   0.135416666666668139563E+0001   0.126480579765778713974E-0001   0.964531633107170609850E-0004   0.545454941669816784078E-0001   0.178649795624935634614E-0003   0.133416439658134802215E+0002  -0.436088631346283964185E-0001  -0.250000000000000000000E+0002  -0.206832173747088887694E+0001
   0.135625000000001483258E+0001   0.127606343229374925852E-0001   0.961067353925030686684E-0004   0.535812890899624721941E-0001   0.154282856672528919609E-0003   0.133445666191822773783E+0002  -0.383746289299355530789E-0001  -0.250000000000000035527E+0002  -0.206038783377222323168E+0001
   0.135833333333334826953E+0001   0.128712775827236197701E-0001   0.958103864548081154192E-0004   0.526750517751515129339E-0001   0.130413274619260342261E-0003   0.133474422520294524475E+0002  -0.330296326560060166111E-0001  -0.250000000000000035527E+0002  -0.205268392412599087749E+0001
   0.136041666666668170649E+0001   0.129800968668227992980E-0001   0.955628860535331610751E-0004   0.518176620035611448789E-0001   0.107250895759902564004E-0003   0.133502481256273970445E+0002  -0.276495139652353574822E-0001  -0.250000000000000035527E+0002  -0.204521136773176026580E+0001
   0.136250000000001514344E+0001   0.130871849588332436753E-0001   0.953625590666217046350E-0004   0.510032622667653742776E-0001   0.849952956039880870879E-0004   0.133529755319244891609E+0002  -0.223049496157710185062E-0001  -0.250000000000000035527E+0002  -0.203796479023515209050E+0001
   0.136458333333334858040E+0001   0.131926249859380707863E-0001   0.952073167253957594689E-0004   0.502276095849638476443E-0001   0.638363851227242149518E-0004   0.133556222515279774399E+0002  -0.170647450180697463074E-0001  -0.250000000000000035527E+0002  -0.203093586000954973159E+0001
   0.136666666666668201735E+0001   0.132964921269089920292E-0001   0.950946734300371523778E-0004   0.494859560378687612925E-0001   0.439607970381007272416E-0004   0.133581863463090328992E+0002  -0.119992224083397582002E-0001  -0.250000000000000035527E+0002  -0.202411280958192785207E+0001
   0.136875000000001545430E+0001   0.133988505786587861618E-0001   0.950217398103455907887E-0004   0.487713888819362798022E-0001   0.255646751408225895129E-0004   0.133606629615404486344E+0002  -0.718329901806200564474E-0002  -0.250000000000000035527E+0002  -0.201747732150357128589E+0001
   0.137083333333334889126E+0001   0.134997476886812590308E-0001   0.949851898768909160345E-0004   0.480742841456973449277E-0001   0.886622689153685557186E-0005   0.133630446695415852076E+0002  -0.269800407642397689634E-0002  -0.250000000000000035527E+0002  -0.201100107400939398516E+0001
   0.137291666666668232821E+0001   0.135992082203759499098E-0001   0.949812175399117070845E-0004   0.473832333341532227489E-0001  -0.589277354557180039097E-0005   0.133653250030977197582E+0002   0.137123971103428701247E-0002  -0.250000000000000035527E+0002  -0.200464436501033160809E+0001
   0.137500000000001576517E+0001   0.136972320732012368960E-0001   0.950055179910151551860E-0004   0.466873339826556002508E-0001  -0.184670644934180501733E-0004   0.133675038229561824465E+0002   0.494089277168179019650E-0002  -0.250000000000000035527E+0002  -0.199835862053734114596E+0001
   0.137708333333334920212E+0001   0.137937979784594610261E-0001   0.950533401146607726841E-0004   0.459790909074540427026E-0001  -0.286526814321121731045E-0004   0.133695921278688381051E+0002   0.793989977997055888792E-0002  -0.250000000000000035527E+0002  -0.199209308142249730267E+0001
   0.137916666666668263908E+0001   0.138888735427855295607E-0001   0.951196432652055693432E-0004   0.452567505943095096943E-0001  -0.363450823589211069378E-0004   0.133716137454178287669E+0002   0.103219775772004918046E-0001  -0.250000000000000035527E+0002  -0.198580404706708701923E+0001
   0.138125000000001607603E+0001   0.139824292758426362709E-0001   0.951993525545530099551E-0004   0.445250373522130468706E-0001  -0.415857906777150084345E-0004   0.133736025195239331964E+0002   0.120752599262861949614E-0001  -0.250000000000000035527E+0002  -0.197946371078184357728E+0001
   0.138333333333334951298E+0001   0.140744523469115145886E-0001   0.952876610532030871806E-0004   0.437939869887175523000E-0001  -0.445737391011329249762E-0004   0.133755957089476318345E+0002   0.132256210075864851644E-0001  -0.250000000000000035527E+0002  -0.197306566716089859526E+0001
   0.138541666666668294994E+0001   0.141649559581398191282E-0001   0.953803054878029667185E-0004   0.430764425174870041468E-0001  -0.456357342071325022955E-0004   0.133776260804925257730E+0002   0.138327340642162236600E-0001  -0.250000000000000035527E+0002  -0.196662558162413314555E+0001
   0.138750000000001638689E+0001   0.142539822805155726865E-0001   0.954737567913354354468E-0004   0.423852294880424293466E-0001  -0.451713684260414568249E-0004   0.133797155059641532659E+0002   0.139807911599816436093E-0001  -0.250000000000000035527E+0002  -0.196017737718508255895E+0001
   0.138958333333334982385E+0001   0.143415994016932359795E-0001   0.955653034405568990034E-0004   0.417308908143758650056E-0001  -0.435954470580037265577E-0004   0.133818717836070160132E+0002   0.137671420348695529995E-0001  -0.250000000000000000000E+0002  -0.195376659708002109461E+0001
   0.139166666666668326080E+0001   0.144278943400441405503E-0001   0.956530393596719485071E-0004   0.411204182779460400421E-0001  -0.412941626916407461198E-0004   0.133840889222469918707E+0002   0.132916886882800469594E-0001  -0.250000000000000035527E+0002  -0.194744297439415015027E+0001
   0.139375000000001669775E+0001   0.145129645795628609700E-0001   0.957357853945686666959E-0004   0.405569851073060289037E-0001  -0.385996799258010397471E-0004   0.133863500394483363465E+0002   0.126486019493340182823E-0001  -0.250000000000000035527E+0002  -0.194125387627614642838E+0001
   0.139583333333335013471E+0001   0.145969101059687921679E-0001   0.958129747818337799796E-0004   0.400403915949023442300E-0001  -0.357800190248943914364E-0004   0.133886315105084161559E+0002   0.119207792033781418556E-0001  -0.250000000000000035527E+0002  -0.193523954556175792341E+0001
   0.139791666666668357166E+0001   0.146798270353692035528E-0001   0.958845263090465482064E-0004   0.395678267532559996278E-0001  -0.330388861639286255593E-0004   0.133909070398733174301E+0002   0.111768174114011686893E-0001  -0.250000000000000035527E+0002  -0.192943028752751843946E+0001
   0.140000000000001700862E+0001   0.147618030514031200323E-0001   0.959507206286049671006E-0004   0.391346166178363694121E-0001  -0.305209855033736831100E-0004   0.133931507974362400404E+0002   0.104700075726535703213E-0001  -0.250000000000000035527E+0002  -0.192384522086765108462E+0001
   0.140208333333335044557E+0001   0.148429143109320704763E-0001   0.960120883916558399106E-0004   0.387347846224980127405E-0001  -0.283198326556257344447E-0004   0.133953393607242485785E+0002   0.983876878121421605261E-0002  -0.250000000000000035527E+0002  -0.191849201862060447787E+0001
   0.140416666666668388253E+0001   0.149232232831137314605E-0001   0.960693140025172431958E-0004   0.383613829694803773473E-0001  -0.264862070353059796308E-0004   0.133974526193145475617E+0002   0.930795602241131156407E-0002  -0.250000000000000035527E+0002  -0.191336711054013997035E+0001
   0.140625000000001731948E+0001   0.150027770328171102671E-0001   0.961231555739074225095E-0004   0.380066493952039424764E-0001  -0.250361270646360503981E-0004   0.133994740201519668688E+0002   0.889056954449620601144E-0002  -0.250000000000000035527E+0002  -0.190845600262371228872E+0001
   0.140833333333335075643E+0001   0.150816056618949586449E-0001   0.961743797668180948595E-0004   0.376620954412262703981E-0001  -0.239577663062717077791E-0004   0.134013905812913964866E+0002   0.858953514623747929613E-0002  -0.250000000000000035527E+0002  -0.190373360182049311540E+0001
   0.141041666666668419339E+0001   0.151597209164374899237E-0001   0.962237094310265011002E-0004   0.373186738044787788549E-0001  -0.232172046248899369353E-0004   0.134031931022755017580E+0002   0.839939222193263231031E-0002  -0.250000000000000035527E+0002  -0.189916469486871886119E+0001
   0.141250000000001763034E+0001   0.152371153082793871214E-0001   0.962717822601134160226E-0004   0.369671784690567342690E-0001  -0.227633904481258018656E-0004   0.134048768949752208357E+0002   0.830791061618664505861E-0002  -0.250000000000000035527E+0002  -0.189470496098175100741E+0001
   0.141458333333335106730E+0001   0.153137623885334292484E-0001   0.963191200058228895204E-0004   0.365989670499300007167E-0001  -0.225331746400517139120E-0004   0.134064430873899809171E+0002   0.829782604450928634732E-0002  -0.250000000000000035527E+0002  -0.189030298930630524801E+0001
   0.141666666666668450425E+0001   0.153896188777116350171E-0001   0.963661096942883667413E-0004   0.362069550740504730868E-0001  -0.224574255051389345766E-0004   0.134079001557597958794E+0002   0.834891601973534146219E-0002  -0.250000000000000035527E+0002  -0.188590362063170657869E+0001
   0.141875000000001794120E+0001   0.154646290549256774233E-0001   0.964129993872067637094E-0004   0.357866496474898987401E-0001  -0.224685339244756521236E-0004   0.134092649468582827410E+0002   0.844043956432649275512E-0002  -0.250000000000000035527E+0002  -0.188145250354276449833E+0001
   0.142083333333335137816E+0001   0.155387311474625890856E-0001   0.964599099722984873115E-0004   0.353368790594918574799E-0001  -0.225083189279546856177E-0004   0.134105623685639372411E+0002   0.855365166858517052273E-0002  -0.250000000000000035527E+0002  -0.187690120583363073692E+0001
   0.142291666666668481511E+0001   0.156118647220236713563E-0001   0.965068613921248388832E-0004   0.348599468933601455700E-0001  -0.225344653540480829759E-0004   0.134118233657029861661E+0002   0.867390597623653170078E-0002  -0.250000000000000035527E+0002  -0.187221187153345236531E+0001
   0.142500000000001825207E+0001   0.156839777110306874408E-0001   0.965538082264483959235E-0004   0.343611702519426298608E-0001  -0.225237909011404246725E-0004   0.134130815507851135493E+0002   0.879192252071239396805E-0002  -0.250000000000000035527E+0002  -0.186736049480857868588E+0001
   0.142708333333335168902E+0001   0.157550318922597340499E-0001   0.966006776867183640598E-0004   0.338479753321205417693E-0001  -0.224718424553988128543E-0004   0.134143693569637694196E+0002   0.890408896671290688019E-0002  -0.250000000000000035527E+0002  -0.186233830030689850865E+0001
   0.142916666666668512597E+0001   0.158250061569518638005E-0001   0.966474037373394299650E-0004   0.333288109126024245654E-0001  -0.223896596448110762390E-0004   0.134157145958673140740E+0002   0.901195837711567596107E-0002  -0.250000000000000035527E+0002  -0.185715121609629263411E+0001
   0.143125000000001856293E+0001   0.158938974625955214970E-0001   0.966939533465454963135E-0004   0.328121138877814910728E-0001  -0.222991201637195689549E-0004   0.134171380037908498650E+0002   0.912124236015350760287E-0002  -0.250000000000000035527E+0002  -0.185181780205914114923E+0001
   0.143333333333335199988E+0001   0.159617197883405448344E-0001   0.967403434227443695826E-0004   0.323054820238627415918E-0001  -0.222281382323839079749E-0004   0.134186519988859505048E+0002   0.924058985508156675859E-0002  -0.250000000000000035527E+0002  -0.184636618721885636951E+0001
   0.143541666666668543684E+0001   0.160285016349533959712E-0001   0.967866489182768788800E-0004   0.318151154990865894789E-0001  -0.222065076532018551851E-0004   0.134202605609822125388E+0002   0.938034887936926506380E-0002  -0.250000000000000035527E+0002  -0.184083058000616439642E+0001
   0.143750000000001887379E+0001   0.160942826673346542354E-0001   0.968330035108293761537E-0004   0.313455361117156230955E-0001  -0.222626282379336208216E-0004   0.134219600285438875886E+0002   0.955139443473472342372E-0002  -0.250000000000000035527E+0002  -0.183524784266762108764E+0001
   0.143958333333335231075E+0001   0.161591100510684246294E-0001   0.968795943933920011316E-0004   0.308995327758777582616E-0001  -0.224210041535573344033E-0004   0.134237404774561976950E+0002   0.976404656422795794168E-0002  -0.250000000000000035527E+0002  -0.182965446442399826132E+0001
   0.144166666666668574770E+0001   0.162230348889734615758E-0001   0.969266525266385440499E-0004   0.304782589785762975110E-0001  -0.227003736268077994389E-0004   0.134255873459704417883E+0002   0.100271082900109231167E-0001  -0.250000000000000035527E+0002  -0.182408410062947146102E+0001
   0.144375000000001918465E+0001   0.162861089817599030694E-0001   0.969744395616575229589E-0004   0.300814001916298277839E-0001  -0.231123991909065656177E-0004   0.134274830066988499766E+0002   0.103470680698424175037E-0001  -0.250000000000000035527E+0002  -0.181856569164923231874E+0001
   0.144583333333335262161E+0001   0.163483819800764110242E-0001   0.970232325225480461174E-0004   0.297073568304439955545E-0001  -0.236608591431991971974E-0004   0.134294081276196450858E+0002   0.107275070472283365342E-0001  -0.250000000000000035527E+0002  -0.181312209025642556703E+0001
   0.144791666666668605856E+0001   0.164098989183861163066E-0001   0.970733072446673271507E-0004   0.293534268246604494734E-0001  -0.243412921719507596165E-0004   0.134313428151163094526E+0002   0.111687412726221187154E-0001  -0.250000000000000035527E+0002  -0.180776911725079725279E+0001
   0.145000000000001949552E+0001   0.164706981290630091741E-0001   0.971249215574944597951E-0004   0.290160048562218900181E-0001  -0.251411073994304697598E-0004   0.134332676378752715607E+0002   0.116677241221362325285E-0001  -0.250000000000000035527E+0002  -0.180251501168083172466E+0001
   0.145208333333335293247E+0001   0.165308095971883686759E-0001   0.971782993090065721695E-0004   0.286908232269709635720E-0001  -0.260402393844642789534E-0004   0.134351646309320216233E+0002   0.122182258222075477982E-0001  -0.250000000000000035527E+0002  -0.179736029495905214048E+0001
   0.145416666666668636942E+0001   0.165902538758553527720E-0001   0.972336164506650728941E-0004   0.283732545794679186235E-0001  -0.270124190219520220386E-0004   0.134370183366055488960E+0002   0.128112790085764625264E-0001  -0.250000000000000035527E+0002  -0.179229810550824519844E+0001
   0.145625000000001980638E+0001   0.166490416951731584616E-0001   0.972909903563644198974E-0004   0.280586594874855724258E-0001  -0.280270018980765288146E-0004   0.134388167919310230758E+0002   0.134358309032691098511E-0001  -0.250000000000000035527E+0002  -0.178731502956413512706E+0001
   0.145833333333335324333E+0001   0.167071743290521032566E-0001   0.973504732029313829371E-0004   0.277427358126573105068E-0001  -0.290511214190202409846E-0004   0.134405522963333901032E+0002   0.140795010628608288639E-0001  -0.250000000000000035527E+0002  -0.178239238143429679084E+0001
   0.146041666666668668029E+0001   0.167646446569559362527E-0001   0.974120496841092387789E-0004   0.274218050882778577315E-0001  -0.300518435493609617091E-0004   0.134422217519110347439E+0002   0.147293388184343218561E-0001  -0.250000000000000035527E+0002  -0.177750778495623418252E+0001
   0.146250000000002011724E+0001   0.168214387189783223797E-0001   0.974756387712636372406E-0004   0.270929866442944679295E-0001  -0.309980491410165770634E-0004   0.134438264721790101675E+0002   0.153725017784393930276E-0001  -0.250000000000000035527E+0002  -0.177263684301221746686E+0001
   0.146458333333335355420E+0001   0.168775374853371712414E-0001   0.975410988232956093283E-0004   0.267542370682092300882E-0001  -0.318618754084093282262E-0004   0.134453714801694115266E+0002   0.159968115473141381244E-0001  -0.250000000000000035527E+0002  -0.176775466849602702624E+0001
   0.146666666666668699115E+0001   0.169329185677110707897E-0001   0.976082351364299983815E-0004   0.264042777880398593648E-0001  -0.326196697645398433346E-0004   0.134468644844333908850E+0002   0.165911811266810545196E-0001  -0.250000000000000035527E+0002  -0.176283711337649484641E+0001
   0.146875000000002042810E+0001   0.169875576788736659672E-0001   0.976768090681191054805E-0004   0.260424526911327107459E-0001  -0.332525378384112513751E-0004   0.134483147587446758564E+0002   0.171459440455544523396E-0001  -0.250000000000000035527E+0002  -0.175786161982929756142E+0001
   0.147083333333335386506E+0001   0.170414297499892897214E-0001   0.977465480870009779772E-0004   0.256685670248089151113E-0001  -0.337466307277114042733E-0004   0.134497321449098166113E+0002   0.176531171942301105815E-0001  -0.250000000000000035527E+0002  -0.175280771022491910216E+0001
   0.147291666666668730201E+0001   0.170945097220091962731E-0001   0.978171562911053446305E-0004   0.252827520730079281785E-0001  -0.340932546916549193477E-0004   0.134511263332125672321E+0002   0.181066001496259024184E-0001  -0.250000000000000000000E+0002  -0.174765720384259726217E+0001
   0.147500000000002073897E+0001   0.171467731010394794366E-0001   0.978883250066719880385E-0004   0.248853749091936145288E-0001  -0.342888119220787851655E-0004   0.134525064509410778868E+0002   0.185022966689037809962E-0001  -0.250000000000000035527E+0002  -0.174239426912590444907E+0001
   0.147708333333335417592E+0001   0.171981963742804666584E-0001   0.979597430789130461850E-0004   0.244769838480605392284E-0001  -0.343345563392613283026E-0004   0.134538808712728812367E+0002   0.188381432600597947813E-0001  -0.250000000000000035527E+0002  -0.173700539094994454992E+0001
   0.147916666666668761287E+0001   0.172487573396484170085E-0001   0.980311064172505782898E-0004   0.240582680222215031240E-0001  -0.342361305691757061126E-0004   0.134552571192693211088E+0002   0.191140304898013597967E-0001  -0.250000000000000035527E+0002  -0.173147928618634594500E+0001
   0.148125000000002104983E+0001   0.172984353524607975539E-0001   0.981021263041839393197E-0004   0.236300096251937583047E-0001  -0.340028582971574108826E-0004   0.134566417691001465329E+0002   0.193316111513516554476E-0001  -0.250000000000000035527E+0002  -0.172580676022566104066E+0001
   0.148333333333335448678E+0001   0.173472114619418610326E-0001   0.981725360036335079061E-0004   0.231930267701032401251E-0001  -0.336468266023999681372E-0004   0.134580403211904968686E+0002   0.194940083930149471447E-0001  -0.250000000000000035527E+0002  -0.171998049401193764396E+0001
   0.148541666666668792374E+0001   0.173950684182250028820E-0001   0.982420953629765611199E-0004   0.227481125632614036847E-0001  -0.331818571936137244314E-0004   0.134594570806821280939E+0002   0.196054542840216963762E-0001  -0.250000000000000035527E+0002  -0.171399476127828886973E+0001
   0.148750000000002136069E+0001   0.174419905583877918320E-0001   0.983105933365699250805E-0004   0.222959873014730268481E-0001  -0.326224976139665530286E-0004   0.134608951057659584905E+0002   0.196708977445199592604E-0001  -0.250000000000000035527E+0002  -0.170784510403515610300E+0001
   0.148958333333335479765E+0001   0.174879636159568224718E-0001   0.983778486011395772969E-0004   0.218372767692756840352E-0001  -0.319831480602549288487E-0004   0.134623562716978515397E+0002   0.196956179522642174651E-0001  -0.250000000000000000000E+0002  -0.170152801321579039140E+0001
   0.149166666666668823460E+0001   0.175329745183864238456E-0001   0.984437085954403324518E-0004   0.213725211028013839520E-0001  -0.312773834286600031828E-0004   0.134638414571202069681E+0002   0.196848686495692884457E-0001  -0.250000000000000035527E+0002  -0.169504066413479703712E+0001
   0.149375000000002167155E+0001   0.175770112351393698047E-0001   0.985080473823583715846E-0004   0.209022083507115277734E-0001  -0.305174803115203940483E-0004   0.134653508153426226812E+0002   0.196435723330086187133E-0001  -0.250000000000000035527E+0002  -0.168838074167176466212E+0001
   0.149583333333335510851E+0001   0.176200627159289885393E-0001   0.985707627430494929491E-0004   0.204268194539555872358E-0001  -0.297141426631803046187E-0004   0.134668840648336942678E+0002   0.195760855877819273108E-0001  -0.250000000000000035527E+0002  -0.168154636452695793736E+0001
   0.149791666666668854546E+0001   0.176621189261848277052E-0001   0.986317729107404127069E-0004   0.199468705869817464205E-0001  -0.288764227541286934713E-0004   0.134684407359364364254E+0002   0.194860555475494072464E-0001  -0.250000000000000035527E+0002  -0.167453609370498202047E+0001
   0.150000000000002198242E+0001   0.177031709609829293606E-0001   0.986910133182957740282E-0004   0.194629438984727683171E-0001  -0.280118142507039714776E-0004   0.134700203397403175387E+0002   0.193763738067541692323E-0001  -0.250000000000000035527E+0002  -0.166734899723347962386E+0001
   0.150208333333335541937E+0001   0.177432112075884620972E-0001   0.987484336563394999361E-0004   0.189757035811293911509E-0001  -0.271264705702769967069E-0004   0.134716224547020750890E+0002   0.192492197105099648036E-0001  -0.250000000000000035527E+0002  -0.165998474111496241434E+0001
   0.150416666666668885632E+0001   0.177822335247038235129E-0001   0.988039954423276431915E-0004   0.184858973461549287720E-0001  -0.262254969112057665444E-0004   0.134732467399316142576E+0002   0.191061796321595339654E-0001  -0.250000000000000035527E+0002  -0.165244367977539807768E+0001
   0.150625000000002229328E+0001   0.178202334105521109642E-0001   0.988576702242347459242E-0004   0.179943444840934482776E-0001  -0.253132836864087821973E-0004   0.134748928859412000492E+0002   0.189484271148480099001E-0001  -0.250000000000000035527E+0002  -0.164472692381171681220E+0001
   0.150833333333335573023E+0001   0.178572081328554621571E-0001   0.989094384568772755102E-0004   0.175019143908316243685E-0001  -0.243938374219757322177E-0004   0.134765605249824176326E+0002   0.187769363192066135460E-0001  -0.250000000000000035527E+0002  -0.163683637133562043253E+0001
   0.151041666666668916719E+0001   0.178931568068679269778E-0001   0.989592889859114530245E-0004   0.170095015138462431203E-0001  -0.234710563782666446937E-0004   0.134782491323501751879E+0002   0.185926874438701351944E-0001  -0.250000000000000035527E+0002  -0.162877470033563920282E+0001
   0.151250000000002260414E+0001   0.179280804210571534374E-0001   0.990072189657896690757E-0004   0.165180030392228782699E-0001  -0.225488988970745337422E-0004   0.134799579514607881237E+0002   0.183968229187584722539E-0001  -0.250000000000000035527E+0002  -0.162054533018786162124E+0001
   0.151458333333335604109E+0001   0.179619818218922228104E-0001   0.990532339784711349240E-0004   0.160283031969807691908E-0001  -0.216314268782783278170E-0004   0.134816859619741133969E+0002   0.181907291664721373903E-0001  -0.250000000000000035527E+0002  -0.161215236606304634925E+0001
   0.151666666666668947805E+0001   0.179948656744758350712E-0001   0.990973481228869660428E-0004   0.155412655713035550986E-0001  -0.207227392464342586361E-0004   0.134834318972097619849E+0002   0.179760373226907042843E-0001  -0.250000000000000000000E+0002  -0.160360054095590021106E+0001
   0.151875000000002291500E+0001   0.180267384160775340218E-0001   0.991395838943762229122E-0004   0.150577325938503273073E-0001  -0.198268291726534774493E-0004   0.134851943056165168855E+0002   0.177545528433680939451E-0001  -0.250000000000000000000E+0002  -0.159489516731272518157E+0001
   0.152083333333335635196E+0001   0.180576082155086622971E-0001   0.991799717524400107054E-0004   0.145785294456244329808E-0001  -0.189474104647369880213E-0004   0.134869716399629631098E+0002   0.175281396584471907407E-0001  -0.250000000000000035527E+0002  -0.158604210448090321428E+0001
   0.152291666666668978891E+0001   0.180874849431984646708E-0001   0.992185493711287050909E-0004   0.141044681239095512360E-0001  -0.180877636139473749015E-0004   0.134887623479301730356E+0002   0.172985951695325788913E-0001  -0.250000000000000035527E+0002  -0.157704774045687812212E+0001
   0.152500000000002322587E+0001   0.181163801470876281718E-0001   0.992553606524500947605E-0004   0.136363476946882340723E-0001  -0.172506410097334988269E-0004   0.134905649375092746567E+0002   0.170675512415695909696E-0001  -0.250000000000000035527E+0002  -0.156791897973587213144E+0001
   0.152708333333335666282E+0001   0.181443070229783467995E-0001   0.992904546297822862121E-0004   0.131749488231044844383E-0001  -0.164382441485393245798E-0004   0.134923780022208763540E+0002   0.168364215275036560593E-0001  -0.250000000000000035527E+0002  -0.155866322643447641205E+0001
   0.152916666666669009977E+0001   0.181712803669654629490E-0001   0.993238843851640168699E-0004   0.127210232036013524970E-0001  -0.156522594432523755770E-0004   0.134942002070886122311E+0002   0.166063964337089184364E-0001  -0.250000000000000000000E+0002  -0.154928835370815431993E+0001
   0.153125000000002353673E+0001   0.181973165016291529850E-0001   0.993557060666646078752E-0004   0.122752803547367134868E-0001  -0.148939261289929002229E-0004   0.134960302493194514994E+0002   0.163784719066664939680E-0001  -0.250000000000000000000E+0002  -0.153980265530604043533E+0001
   0.153333333333335697368E+0001   0.182224331737881051207E-0001   0.993859780429858039735E-0004   0.118383746600935514659E-0001  -0.141641103268393241251E-0004   0.134978668119030764672E+0002   0.161534923394259094520E-0001  -0.250000000000000035527E+0002  -0.153021478025008894619E+0001
   0.153541666666669041064E+0001   0.182466494271071935640E-0001   0.994147601921103313532E-0004   0.114108947428729675527E-0001  -0.134633683910875831340E-0004   0.134997085241093941477E+0002   0.159321911436054938771E-0001  -0.250000000000000035527E+0002  -0.152053365503055681884E+0001
   0.153750000000002384759E+0001   0.182699854559273261456E-0001   0.994421132991363905182E-0004   0.109933561637807607897E-0001  -0.127919934964246428179E-0004   0.135015539360358260979E+0002   0.157152189570600557544E-0001  -0.250000000000000035527E+0002  -0.151076839901791104559E+0001
   0.153958333333335728454E+0001   0.182924624477649941379E-0001   0.994680985312555731876E-0004   0.105861976153836679498E-0001  -0.121500451797783896272E-0004   0.135034015092186212570E+0002   0.155031549087897343314E-0001  -0.250000000000000035527E+0002  -0.150092823866147107026E+0001
   0.154166666666669072150E+0001   0.183141024214723349695E-0001   0.994927769612109335479E-0004   0.101897799825173170085E-0001  -0.115373659668998796075E-0004   0.135052496191770252665E+0002   0.152965030620109410098E-0001  -0.250000000000000035527E+0002  -0.149102242459499079175E+0001
   0.154375000000002415845E+0001   0.183349280658192601012E-0001   0.995162091242387733536E-0004   0.980438709921708194395E-0002  -0.109535940335775734434E-0004   0.135070965605648840580E+0002   0.150956819977736168836E-0001  -0.250000000000000035527E+0002  -0.148106015352894515580E+0001
   0.154583333333335759541E+0001   0.183549625807293143032E-0001   0.995384546089255178164E-0004   0.943022739576074298107E-0002  -0.103981796000505038481E-0004   0.135089405482324256269E+0002   0.149010150218288252993E-0001  -0.250000000000000035527E+0002  -0.147105049538049748037E+0001
   0.154791666666669103236E+0001   0.183742295226360513594E-0001   0.995595716891542004221E-0004   0.906743655014354346666E-0002  -0.987040627159307379411E-0005   0.135107797165360388192E+0002   0.147127238698350672891E-0001  -0.250000000000000035527E+0002  -0.146100232637893356902E+0001
   0.155000000000002446932E+0001   0.183927526566845037093E-0001   0.995796170043919447526E-0004   0.871608176443632899633E-0002  -0.936941587163518503308E-0005   0.135126121257156928124E+0002   0.145309272749376810346E-0001  -0.250000000000000035527E+0002  -0.145092427004961477266E+0001
   0.155208333333335790627E+0001   0.184105558198539298598E-0001   0.995986452976576795097E-0004   0.837616790011104332681E-0002  -0.889423823703534415517E-0005   0.135144357817379940911E+0002   0.143556487965585018174E-0001  -0.250000000000000035527E+0002  -0.144082464841087243279E+0001
   0.155416666666669134322E+0001   0.184276627987241814477E-0001   0.996167092255673158104E-0004   0.804764491531427539339E-0002  -0.844382902853281612379E-0005   0.135162486678347484315E+0002   0.141868391171473366696E-0001  -0.250000000000000035527E+0002  -0.143071144475069189639E+0001
   0.155625000000002478018E+0001   0.184440972236497857661E-0001   0.996338592530708079802E-0004   0.773041571443610839309E-0002  -0.801711309174790216379E-0005   0.135180487812111422841E+0002   0.140244105543693570182E-0001  -0.250000000000000035527E+0002  -0.142059227785949881984E+0001
   0.155833333333335821713E+0001   0.184598824792206878120E-0001   0.996501436294994712671E-0004   0.742434385688345212934E-0002  -0.761302251615755801628E-0005   0.135198341710293270523E+0002   0.138682709239141416235E-0001  -0.250000000000000035527E+0002  -0.141047438677153103015E+0001
   0.156041666666669165409E+0001   0.184750416303580758393E-0001   0.996656084216267755278E-0004   0.712926103272950879158E-0002  -0.723051843252033785137E-0005   0.135216029787730676048E+0002   0.137183422489941305583E-0001  -0.250000000000000035527E+0002  -0.140036462508075132405E+0001
   0.156250000000002509104E+0001   0.184895973636104923865E-0001   0.996802975704772864594E-0004   0.684497423990387387355E-0002  -0.686859486622853667581E-0005   0.135233534822369030337E+0002   0.135745593263716865517E-0001  -0.250000000000000035527E+0002  -0.139026946393667727442E+0001
   0.156458333333335852799E+0001   0.185035719429209530307E-0001   0.996942529474330980336E-0004   0.657127228500562193120E-0002  -0.652627277319337752311E-0005   0.135250841394107101934E+0002   0.134368549902874456076E-0001  -0.250000000000000035527E+0002  -0.138019500229152503046E+0001
   0.156666666666669196495E+0001   0.185169871779368999665E-0001   0.997075144018391170114E-0004   0.630793101707338363382E-0002  -0.620259401723238975852E-0005   0.135267936236319741283E+0002   0.133051434526376792522E-0001  -0.250000000000000035527E+0002  -0.137014698206528939828E+0001
   0.156875000000002540190E+0001   0.185298644015786800887E-0001   0.997201198042186025966E-0004   0.605471691524633957165E-0002  -0.589662008725577613147E-0005   0.135284808420588920086E+0002   0.131793092595026469643E-0001  -0.250000000000000035527E+0002  -0.136013080538136565956E+0001
   0.157083333333335883886E+0001   0.185422244532623403668E-0001   0.997321050913349126544E-0004   0.581138917354469611287E-0002  -0.560743442671284856237E-0005   0.135301449359919967463E+0002   0.130592024879384351055E-0001  -0.250000000000000035527E+0002  -0.135015155142895060258E+0001
   0.157291666666669227581E+0001   0.185540876651108521678E-0001   0.997435043155319453825E-0004   0.557770080449415065621E-0002  -0.533414513002680638171E-0005   0.135317852678378436337E+0002   0.129446373634825150772E-0001  -0.250000000000000035527E+0002  -0.134021399153673326232E+0001
   0.157500000000002571277E+0001   0.185654738497878640802E-0001   0.997543496979746730381E-0004   0.535339924407795837019E-0002  -0.507588676201120711159E-0005   0.135334014002041804758E+0002   0.128353933507603396730E-0001  -0.250000000000000035527E+0002  -0.133032260193830564887E+0001
   0.157708333333335914972E+0001   0.185764022893140021142E-0001   0.997646716866023501417E-0004   0.513822667488766145899E-0002  -0.483182273558605621252E-0005   0.135349930691848463482E+0002   0.127312210893298326242E-0001  -0.250000000000000035527E+0002  -0.132048157408907762544E+0001
   0.157916666666669258667E+0001   0.185868917243399572881E-0001   0.997744990222519710990E-0004   0.493192013878455178671E-0002  -0.460114991749146418678E-0005   0.135365601517390050645E+0002   0.126318557914729557440E-0001  -0.250000000000000035527E+0002  -0.131069482249843205501E+0001
   0.158125000000002602363E+0001   0.185969603434599228819E-0001   0.997838588166464774548E-0004   0.473421158641045176918E-0002  -0.438310512623895961445E-0005   0.135381026288741637131E+0002   0.125370374278509638666E-0001  -0.250000000000000035527E+0002  -0.130096599027591475206E+0001
   0.158333333333335946058E+0001   0.186066257726443737286E-0001   0.997927766428653847605E-0004   0.454482813674914748470E-0002  -0.417697131311611085796E-0005   0.135396205498435460157E+0002   0.124465331715829987530E-0001  -0.250000000000000035527E+0002  -0.129129845304108936688E+0001
   0.158541666666669289754E+0001   0.186159050655577140709E-0001   0.998012766346167729415E-0004   0.436349280419337948872E-0002  -0.398208103471151273676E-0005   0.135411140039057613649E+0002   0.123601560406034656492E-0001  -0.250000000000000035527E+0002  -0.128169532225633120426E+0001
   0.158750000000002633449E+0001   0.186248146959581972748E-0001   0.998093815876513077920E-0004   0.418992578025167376060E-0002  -0.379781603100484429242E-0005   0.135425831040735111799E+0002   0.122777749718242772808E-0001  -0.250000000000000035527E+0002  -0.127215944914053724624E+0001
   0.158958333333335977144E+0001   0.186333705533379204167E-0001   0.998171130560450588481E-0004   0.402384616705156981931E-0002  -0.362360311877732976240E-0005   0.135440279836835113514E+0002   0.121993142047562477120E-0001  -0.250000000000000035527E+0002  -0.126269343008751966373E+0001
   0.159166666666669320840E+0001   0.186415879425759697940E-0001   0.998244914374067041779E-0004   0.386497395699106913516E-0002  -0.345890747981322337057E-0005   0.135454488038706539754E+0002   0.121247424009961243113E-0001  -0.250000000000000035527E+0002  -0.125329961411146029171E+0001
   0.159375000000002664535E+0001   0.186494815878761044381E-0001   0.998315360435367206860E-0004   0.371303202472242094984E-0002  -0.330322482606351735076E-0005   0.135468457683048466578E+0002   0.120540541901414492709E-0001  -0.250000000000000035527E+0002  -0.124398011240879347028E+0001
   0.159583333333336008231E+0001   0.186570656407434656843E-0001   0.998382651561530447444E-0004   0.356774789179070727155E-0002  -0.315607411155556123457E-0005   0.135482191399358420369E+0002   0.119872488375483681605E-0001  -0.250000000000000035527E+0002  -0.123473680969870169832E+0001
   0.159791666666669351926E+0001   0.186643536912623753121E-0001   0.998446960703264338368E-0004   0.342885506010569534457E-0002  -0.301699224531171808662E-0005   0.135495692537205894013E+0002   0.119243113611388756867E-0001  -0.250000000000000000000E+0002  -0.122557137665402526849E+0001
   0.160000000000002695622E+0001   0.186713587816072570935E-0001   0.998508451301203603725E-0004   0.329609381923869765307E-0002  -0.288553140061957974664E-0005   0.135508965207447147350E+0002   0.118651997912231563226E-0001  -0.250000000000000035527E+0002  -0.121648528258567578675E+0001
   0.160208333333336039317E+0001   0.186780934206759105520E-0001   0.998567277609568859902E-0004   0.316921156343285019205E-0002  -0.276125849718449207902E-0005   0.135522014220472826196E+0002   0.118098394605103719501E-0001  -0.250000000000000035527E+0002  -0.120747980762812456845E+0001
   0.160416666666669383012E+0001   0.186845695989285159877E-0001   0.998623585019254797219E-0004   0.304796273146171669763E-0002  -0.264375592172315065074E-0005   0.135534844927715010243E+0002   0.117581230908569405597E-0001  -0.250000000000000035527E+0002  -0.119855605388856223392E+0001
   0.160625000000002726708E+0001   0.186907988027849719659E-0001   0.998677510396417573730E-0004   0.293210848873923539057E-0002  -0.253262264723275173304E-0005   0.135547462980043409431E+0002   0.117099147900874764328E-0001  -0.250000000000000035527E+0002  -0.118971495523883330492E+0001
   0.160833333333336070403E+0001   0.186967920281567306917E-0001   0.998729182440472138416E-0004   0.282141624751662978970E-0002  -0.242747525662028908194E-0005   0.135559874015676200543E+0002   0.116650563412407440311E-0001  -0.250000000000000000000E+0002  -0.118095728559577972661E+0001
   0.161041666666669414099E+0001   0.187025597928653572466E-0001   0.998778722058295395300E-0004   0.271565911904236845231E-0002  -0.232794864216666710739E-0005   0.135572083296176995049E+0002   0.116233744057771606895E-0001  -0.250000000000000035527E+0002  -0.117228366569351294402E+0001
   0.161250000000002757794E+0001   0.187081121479133610785E-0001   0.998826242747143371471E-0004   0.261461542733166336580E-0002  -0.223369623884541724075E-0005   0.135584095330638607635E+0002   0.115846871138750705937E-0001  -0.250000000000000035527E+0002  -0.116369456856884445628E+0001
   0.161458333333336101489E+0001   0.187134586878899694673E-0001   0.998871850976207440332E-0004   0.251806844985499357625E-0002  -0.214438971760051886329E-0005   0.135595913555394869121E+0002   0.115488086102902270252E-0001  -0.250000000000000035527E+0002  -0.115519032425771372985E+0001
   0.161666666666669445185E+0001   0.187186085611567437637E-0001   0.998915646558003981082E-0004   0.242580653045119378972E-0002  -0.205971829717972698445E-0005   0.135607540147382934492E+0002   0.115155511296515869479E-0001  -0.250000000000000035527E+0002  -0.114677112443597906122E+0001
   0.161875000000002788880E+0001   0.187235704807045752474E-0001   0.998957723007101641016E-0004   0.233762361637892710983E-0002  -0.197938809371105785734E-0005   0.135618976028734081751E+0002   0.114847255607575197273E-0001  -0.250000000000000035527E+0002  -0.113843702780377697970E+0001
   0.162083333333336132576E+0001   0.187283527365567636913E-0001   0.998998167891362994983E-0004   0.225332013585740655037E-0002  -0.190312189778627078408E-0005   0.135630221070879102285E+0002   0.114561420964959578134E-0001  -0.250000000000000035527E+0002  -0.113018796683850264451E+0001
   0.162291666666669476271E+0001   0.187329632102717358322E-0001   0.999037063184219991611E-0004   0.217270401249990835479E-0002  -0.183065943325520829113E-0005   0.135641274446692818856E+0002   0.114296121293446639039E-0001  -0.250000000000000000000E+0002  -0.112202375616117144830E+0001
   0.162500000000002819966E+0001   0.187374093915749495576E-0001   0.999074485623712381637E-0004   0.209559156559103228895E-0002  -0.176175781901462211526E-0005   0.135652135035797645202E+0002   0.114049516067046084050E-0001  -0.250000000000000035527E+0002  -0.111394410230771656600E+0001
   0.162708333333336163662E+0001   0.187416983966267117201E-0001   0.999110507077619091395E-0004   0.202180809500383069574E-0002  -0.169619184331268974180E-0005   0.135662801782611026624E+0002   0.113819851346868301106E-0001  -0.250000000000000035527E+0002  -0.110594861434434021952E+0001
   0.162916666666669507357E+0001   0.187458369871124005956E-0001   0.999145194907357671581E-0004   0.195118807039183859292E-0002  -0.163375373045385127057E-0005   0.135673273940771483836E+0002   0.113605494760237492324E-0001  -0.250000000000000035527E+0002  -0.109803681463679514430E+0001
   0.163125000000002851053E+0001   0.187498315893184289149E-0001   0.999178612318863562138E-0004   0.188357497473982601899E-0002  -0.157425224187937243467E-0005   0.135683551191817279857E+0002   0.113404950617625455145E-0001  -0.250000000000000035527E+0002  -0.109020814918815012184E+0001
   0.163333333333336194748E+0001   0.187536883125828252039E-0001   0.999210818688389592473E-0004   0.181882093130183650209E-0002  -0.151751119631940536279E-0005   0.135693633671086271164E+0002   0.113216850211479286292E-0001  -0.250000000000000035527E+0002  -0.108246199720052049820E+0001
   0.163541666666669538444E+0001   0.187574129668224634515E-0001   0.999241869855927139065E-0004   0.175678624311539932114E-0002  -0.146336774720872907525E-0005   0.135703521947703205086E+0002   0.113039926946874296626E-0001  -0.250000000000000035527E+0002  -0.107479767975028650540E+0001
   0.163750000000002882139E+0001   0.187610110790710910011E-0001   0.999271818386861514650E-0004   0.169733892059209046446E-0002  -0.141167086573097974743E-0005   0.135713216989932590195E+0002   0.112872996599420061942E-0001  -0.250000000000000035527E+0002  -0.106721446759842852892E+0001
   0.163958333333336225834E+0001   0.187644879090482150086E-0001   0.999300713809353426034E-0004   0.164035421792613060089E-0002  -0.136228033971739921875E-0005   0.135722720123947855342E+0002   0.112714961005003656141E-0001  -0.250000000000000035527E+0002  -0.105971158818908928190E+0001
   0.164166666666669569530E+0001   0.187678484637760212284E-0001   0.999328602837125173301E-0004   0.158571417706530578065E-0002  -0.131506629195885286514E-0005   0.135732032983137376192E+0002   0.112564839652176656298E-0001  -0.250000000000000035527E+0002  -0.105228823188147679879E+0001
   0.164375000000002913225E+0001   0.187710975112531236464E-0001   0.999355529584307507567E-0004   0.153330718260302127469E-0002  -0.126990895692109559442E-0005   0.135741157447848479478E+0002   0.112421817778337804206E-0001  -0.250000000000000035527E+0002  -0.104494355746132372431E+0001
   0.164583333333336256921E+0001   0.187742395932156344585E-0001   0.999381535773411020657E-0004   0.148302754087251457103E-0002  -0.122669838465445101411E-0005   0.135750095582671335137E+0002   0.112285291128224034435E-0001  -0.250000000000000035527E+0002  -0.103767669699744624623E+0001
   0.164791666666669600616E+0001   0.187772790370534237159E-0001   0.999406660932641995824E-0004   0.143477509955678567133E-0002  -0.118533384998323010093E-0005   0.135758849582744822726E+0002   0.112154889033448997709E-0001  -0.250000000000000035527E+0002  -0.103048676013382811689E+0001
   0.165000000000002944311E+0001   0.187802199669836328288E-0001   0.999430942576601775984E-0004   0.138845491920354629882E-0002  -0.114572292049701269796E-0005   0.135767421740092792959E+0002   0.112030465770544488541E-0001  -0.250000000000000035527E+0002  -0.102337283792367261803E+0001
   0.165208333333336288007E+0001   0.187830663145978002393E-0001   0.999454416365069256076E-0004   0.134397699758078098368E-0002  -0.110778028076295120989E-0005   0.135775814435766370991E+0002   0.111912060592841127588E-0001  -0.250000000000000035527E+0002  -0.101633400630939396692E+0001
   0.165416666666669631702E+0001   0.187858218288878484059E-0001   0.999477116237166022996E-0004   0.130125603571574805124E-0002  -0.107142648471381600953E-0005   0.135784030155148514041E+0002   0.111799835767647307017E-0001  -0.250000000000000035527E+0002  -0.100936932932892142745E+0001
   0.165625000000002975398E+0001   0.187884900858204528795E-0001   0.999499074521512651578E-0004   0.126021122608221134223E-0002  -0.103658681421439778007E-0005   0.135792071515771972656E+0002   0.111694006917659998529E-0001  -0.250000000000000035527E+0002  -0.100247786209099909449E+0001
   0.165833333333336319093E+0001   0.187910744974827959020E-0001   0.999520322025887887445E-0004   0.122076604277169273663E-0002  -0.100319037424879242835E-0005   0.135799941293284085475E+0002   0.111594780024643885213E-0001  -0.250000000000000035527E+0002  -0.995658653524401193735E+0000
   0.166041666666669662789E+0001   0.187935783207846471288E-0001   0.999540888111590550367E-0004   0.118284802048312150807E-0002  -0.971169478550692481239E-0006   0.135807642433371889013E+0002   0.111502305251674396075E-0001  -0.250000000000000000000E+0002  -0.988910748881678958178E+0000
   0.166250000000003006484E+0001   0.187960046656846790913E-0001   0.999560800757954171381E-0004   0.114638851950820438823E-0002  -0.940459304181654482496E-0006   0.135815178043738971070E+0002   0.111416651580244965153E-0001  -0.250000000000000035527E+0002  -0.982233191972823327376E+0000
   0.166458333333336350179E+0001   0.187983565029138793845E-0001   0.999580086621588883699E-0004   0.111132248212762936058E-0002  -0.910997745759898896960E-0006   0.135822551366753589974E+0002   0.111337800739223884150E-0001  -0.250000000000000035527E+0002  -0.975625027113870002538E+0000
   0.166666666666669693875E+0001   0.188006366711869765673E-0001   0.999598771093471985452E-0004   0.107758818928010958148E-0002  -0.882725386448801686346E-0006   0.135829765737400922632E+0002   0.111265655578454795982E-0001  -0.250000000000000035527E+0002  -0.969085300791162507217E+0000
   0.166875000000003037570E+0001   0.188028478839118023958E-0001   0.999616878355565248188E-0004   0.104512702541378833983E-0002  -0.855585514903496249247E-0006   0.135836824531946316341E+0002   0.111200057077049767329E-0001  -0.250000000000000035527E+0002  -0.962613063055677842250E+0000
   0.167083333333336381266E+0001   0.188049927354206614094E-0001   0.999634431437455264671E-0004   0.101388325638253448853E-0002  -0.829524138974360694883E-0006   0.135843731111389587340E+0002   0.111140804749090618686E-0001  -0.250000000000000035527E+0002  -0.956207368669886870194E+0000
   0.167291666666669724961E+0001   0.188070737067539475729E-0001   0.999651452272747682772E-0004   0.983803822136202757095E-0003  -0.804489967778796408553E-0006   0.135850488761790924030E+0002   0.111087676453297812262E-0001  -0.250000000000000035527E+0002  -0.949867278032082151817E+0000
   0.167500000000003068656E+0001   0.188090931710273717714E-0001   0.999667961754508154620E-0004   0.954838143913711197286E-0003  -0.780434349463321894589E-0006   0.135857100631966485338E+0002   0.111040444922758524404E-0001  -0.250000000000000035527E+0002  -0.943591857901895592065E+0000
   0.167708333333336412352E+0001   0.188110533984117492268E-0001   0.999683979788872881418E-0004   0.926937944886391316894E-0003  -0.757311163300802131934E-0006   0.135863569668344847940E+0002   0.110998889528623728012E-0001  -0.250000000000000000000E+0002  -0.937380181948316404394E+0000
   0.167916666666669756047E+0001   0.188129565607524223969E-0001   0.999699525346006928703E-0004   0.900057083575157433793E-0003  -0.735076672654006671803E-0006   0.135869898547118754806E+0002   0.110962802803804359147E-0001  -0.250000000000000035527E+0002  -0.931231331139870999181E+0000
   0.168125000000003099743E+0001   0.188148047358544026619E-0001   0.999714616507756809183E-0004   0.874151400651175091577E-0003  -0.713689351296658951591E-0006   0.135876089605303214114E+0002   0.110931992124139421063E-0001  -0.250000000000000035527E+0002  -0.925144393997374803185E+0000
   0.168333333333336443438E+0001   0.188165999114627210953E-0001   0.999729270511650117397E-0004   0.849178581678234896228E-0003  -0.693109699618898821237E-0006   0.135882144774931532538E+0002   0.110906277619544860885E-0001  -0.250000000000000035527E+0002  -0.919118466733965466808E+0000
   0.168541666666669787134E+0001   0.188183439889747991525E-0001   0.999743503791249263531E-0004   0.825098040521530812913E-0003  -0.673300069450082615850E-0006   0.135888065528112846891E+0002   0.110885487821352924503E-0001  -0.250000000000000035527E+0002  -0.913152653315262852196E+0000
   0.168750000000003130829E+0001   0.188200387869338278679E-0001   0.999757332013230103508E-0004   0.801870829617342588749E-0003  -0.654224515759069010178E-0006   0.135893852844032405613E+0002   0.110869454667354688099E-0001  -0.250000000000000035527E+0002  -0.907246065483230390569E+0000
   0.168958333333336474524E+0001   0.188216860443657860169E-0001   0.999770770111897786204E-0004   0.779459582762467221954E-0003  -0.635848689688887053721E-0006   0.135899507210359988818E+0002   0.110858009246999518471E-0001  -0.250000000000000035527E+0002  -0.901397822796943914980E+0000
   0.169166666666669818220E+0001   0.188232874240327960336E-0001   0.999783832322028592505E-0004   0.757828492499852419267E-0003  -0.618139779487470472728E-0006   0.135905028668908496314E+0002   0.110850979132424750512E-0001  -0.250000000000000000000E+0002  -0.895607052746597243065E+0000
   0.169375000000003161915E+0001   0.188248445156744409479E-0001   0.999796532210948224982E-0004   0.736943317691852312068E-0003  -0.601066495022282326010E-0006   0.135910416907839355360E+0002   0.110848187465457537898E-0001  -0.250000000000000000000E+0002  -0.889872890988608111762E+0000
   0.169583333333336505611E+0001   0.188263588392917832759E-0001   0.999808882710541250733E-0004   0.716771409611853603343E-0003  -0.584599080937586412280E-0006   0.135915671392014800745E+0002   0.110849453417848284320E-0001  -0.250000000000000035527E+0002  -0.884194481728368564255E+0000
   0.169791666666669849306E+0001   0.188278318484974144242E-0001   0.999820896149521836944E-0004   0.697281740046184605325E-0003  -0.568709337422606170091E-0006   0.135920791513320988741E+0002   0.110854593424061682871E-0001  -0.250000000000000035527E+0002  -0.878570978247543488138E+0000
   0.170000000000003193001E+0001   0.188292649339174070211E-0001   0.999832584285915634825E-0004   0.678444915043283818326E-0003  -0.553370629106913918037E-0006   0.135925776738363435214E+0002   0.110863422734542860226E-0001  -0.250000000000000035527E+0002  -0.873001543543929781066E+0000
   0.170208333333336536697E+0001   0.188306594266000534854E-0001   0.999843958339400446216E-0004   0.660233163191555516743E-0003  -0.538557870314218388479E-0006   0.135930626733821942054E+0002   0.110875757110907146447E-0001  -0.250000000000000035527E+0002  -0.867485351032742268984E+0000
   0.170416666666669880392E+0001   0.188320166013703563235E-0001   0.999855029023030521251E-0004   0.642620295218356918712E-0003  -0.524247484107023543933E-0006   0.135935341458194525188E+0002   0.110891414603833567132E-0001  -0.250000000000000035527E+0002  -0.862021585253506361646E+0000
   0.170625000000003224088E+0001   0.188333376800714491495E-0001   0.999865806573869335492E-0004   0.625581638780061777098E-0003  -0.510417338847498622468E-0006   0.135939921218334625053E+0002   0.110910217194115801737E-0001  -0.250000000000000000000E+0002  -0.856609442534701504002E+0000
   0.170833333333336567783E+0001   0.188346238346480676640E-0001   0.999876300782143515294E-0004   0.609093956144847329184E-0003  -0.497046667950464405366E-0006   0.135944366696081022639E+0002   0.110931991847651074956E-0001  -0.250000000000000035527E+0002  -0.851248131582971079290E+0000
   0.171041666666669911478E+0001   0.188358761900453142157E-0001   0.999886521018628429431E-0004   0.593135352758481339611E-0003  -0.484115978145218920079E-0006   0.135948678952765416028E+0002   0.110956570511878595958E-0001  -0.250000000000000035527E+0002  -0.845936873978587855483E+0000
   0.171250000000003255174E+0001   0.188370958269113222827E-0001   0.999896476260076795799E-0004   0.577685182731269225923E-0003  -0.471606951126141658526E-0006   0.135952859418326106322E+0002   0.110983788894107628098E-0001  -0.250000000000000035527E+0002  -0.840674904570028691531E+0000
   0.171458333333336598869E+0001   0.188382837841022943159E-0001   0.999906175112608716984E-0004   0.562723954927665044774E-0003  -0.459502343701860957372E-0006   0.135956909869433388849E+0002   0.111013484338604011964E-0001  -0.250000000000000035527E+0002  -0.835461471767220631435E+0000
   0.171666666666669942565E+0001   0.188394410609938334211E-0001   0.999915625833089436597E-0004   0.548233241677131399178E-0003  -0.447785891687762204165E-0006   0.135960832399198849885E+0002   0.111045493494832912817E-0001  -0.250000000000000035527E+0002  -0.830295837736685693464E+0000
   0.171875000000003286260E+0001   0.188405686196055008330E-0001   0.999924836348617060173E-0004   0.534195591413224170167E-0003  -0.436442221983331684717E-0006   0.135964629380408279502E+0002   0.111079650532090179471E-0001  -0.250000000000000035527E+0002  -0.825177278504131472836E+0000
   0.172083333333336629956E+0001   0.188416673865478487282E-0001   0.999933814274311331266E-0004   0.520594446399257602433E-0003  -0.425456775486470344968E-0006   0.135968303424433294424E+0002   0.111115786424183862757E-0001  -0.250000000000000035527E+0002  -0.820105083972059722974E+0000
   0.172291666666669973651E+0001   0.188427382548037661292E-0001   0.999942566929626537337E-0004   0.507414066656862840568E-0003  -0.414815741381841142744E-0006   0.135971857338386588054E+0002   0.111153729456794098801E-0001  -0.250000000000000035527E+0002  -0.815078557861916630500E+0000
   0.172500000000003317346E+0001   0.188437820853581614045E-0001   0.999951101353401320109E-0004   0.494639460978288803689E-0003  -0.404506001637563776814E-0006   0.135975294083133757539E+0002   0.111193306764436825040E-0001  -0.250000000000000035527E+0002  -0.810097017591803858494E+0000
   0.172708333333336661042E+0001   0.188447997086914412201E-0001   0.999959424317831331065E-0004   0.482256325483203999831E-0003  -0.394515083693486221838E-0006   0.135978616734375830077E+0002   0.111234346513794032929E-0001  -0.250000000000000035527E+0002  -0.805159794101514947329E+0000
   0.172916666666670004737E+0001   0.188457919261528009103E-0001   0.999967542341510828331E-0004   0.470250989671352917585E-0003  -0.384831119190971063883E-0006   0.135981828448275621213E+0002   0.111276680304693009749E-0001  -0.250000000000000035527E+0002  -0.800266231636481584211E+0000
   0.173125000000003348433E+0001   0.188467595112285918324E-0001   0.999975461701648924654E-0004   0.458610369482698697341E-0003  -0.375442806940559883452E-0006   0.135984932432294698401E+0002   0.111320145427490514028E-0001  -0.250000000000000035527E+0002  -0.795415687501276336135E+0000
   0.173333333333336692128E+0001   0.188477032107197406408E-0001   0.999983188445539091134E-0004   0.447321926576053929304E-0003  -0.366339378834873369451E-0006   0.135987931921201798957E+0002   0.111364586736772651354E-0001  -0.250000000000000035527E+0002  -0.790607531791835627111E+0000
   0.173541666666670035823E+0001   0.188486237458402247635E-0001   0.999990728401333958415E-0004   0.436373632905665096316E-0003  -0.357510567883425898370E-0006   0.135990830157742639273E+0002   0.111409858019145546759E-0001  -0.250000000000000035527E+0002  -0.785841147113904736621E+0000
   0.173750000000003379519E+0001   0.188495218132466862970E-0001   0.999998087188172307075E-0004   0.425753939675884806974E-0003  -0.348946577942202745513E-0006   0.135993630377204564041E+0002   0.111455822833463839144E-0001  -0.250000000000000035527E+0002  -0.781115928293540262572E+0000
   0.173958333333336723214E+0001   0.188503980860073375170E-0001   0.100000527022568643648E-0003   0.415451749845983811602E-0003  -0.340638054956376688493E-0006   0.135996335795047542661E+0002   0.111502354868131328680E-0001  -0.250000000000000035527E+0002  -0.776431282084049656511E+0000
   0.174166666666670066910E+0001   0.188512532145168956732E-0001   0.100001228274292867232E-0003   0.405456393492170652764E-0003  -0.332576059705960114742E-0006   0.135998949596831870679E+0002   0.111549337901581547411E-0001  -0.250000000000000035527E+0002  -0.771786626872547953937E+0000
   0.174375000000003410605E+0001   0.188520878273626749100E-0001   0.100001912978674601523E-0003   0.395757605482836990161E-0003  -0.324752042103247005247E-0006   0.136001474929813017667E+0002   0.111596665464671236656E-0001  -0.250000000000000035527E+0002  -0.767181392388388450065E+0000
   0.174583333333336754301E+0001   0.188529025321463664100E-0001   0.100002581622963789606E-0003   0.386345505053439569262E-0003  -0.317157817127595863355E-0006   0.136003914895719688616E+0002   0.111644240306309257965E-0001  -0.250000000000000035527E+0002  -0.762615019415030848116E+0000
   0.174791666666670097996E+0001   0.188536979162649623309E-0001   0.100003234677712929271E-0003   0.377210576983010037206E-0003  -0.309785542449449285613E-0006   0.136006272544392565749E+0002   0.111691973749470287863E-0001  -0.250000000000000035527E+0002  -0.758086959506484525662E+0000
   0.175000000000003441691E+0001   0.188544745476539737927E-0001   0.100003872597469932416E-0003   0.368343654158629317530E-0003  -0.302627697767002482952E-0006   0.136008550868086253161E+0002   0.111739785008582656611E-0001  -0.250000000000000035527E+0002  -0.753596674709110403434E+0000
   0.175208333333336785387E+0001   0.188552329754956421448E-0001   0.100004495821429351078E-0003   0.359735901374480288202E-0003  -0.295677065832051586821E-0006   0.136010752796336600312E+0002   0.111787600519856061831E-0001  -0.250000000000000000000E+0002  -0.749143637289387709366E+0000
   0.175416666666670129082E+0001   0.188559737308945860046E-0001   0.100005104774046144284E-0003   0.351378800253936639762E-0003  -0.288926715093502460428E-0006   0.136012881191364627398E+0002   0.111835353316672696938E-0001  -0.250000000000000035527E+0002  -0.744727329468118814937E+0000
   0.175625000000003472778E+0001   0.188566973275230975737E-0001   0.100005699865614696223E-0003   0.343264135204242467302E-0003  -0.282369983857386122928E-0006   0.136014938844023767217E+0002   0.111882982466889463469E-0001  -0.250000000000000035527E+0002  -0.740347243161450285776E+0000
   0.175833333333336816473E+0001   0.188574042622382392898E-0001   0.100006281492816175710E-0003   0.335383980328097207335E-0003  -0.276000465845040542938E-0006   0.136016928470316553756E+0002   0.111930432577562848084E-0001  -0.250000000000000035527E+0002  -0.736002879729013681498E+0000
   0.176041666666670160168E+0001   0.188580950156725588029E-0001   0.100006850039237326928E-0003   0.327730687221264738868E-0003  -0.269811997007503808597E-0006   0.136018852708506354787E+0002   0.111977653362716842583E-0001  -0.250000000000000035527E+0002  -0.731693749729440456875E+0000
   0.176250000000003503864E+0001   0.188587700528002541467E-0001   0.100007405875862778527E-0003   0.320296873585763973522E-0003  -0.263798643466266194020E-0006   0.136020714116835090834E+0002   0.112024599266798679381E-0001  -0.250000000000000000000E+0002  -0.727419372683424714232E+0000
   0.176458333333336847559E+0001   0.188594298234804266801E-0001   0.100007949361543175019E-0003   0.313075412592434400121E-0003  -0.257954690452485235155E-0006   0.136022515171850990612E+0002   0.112071229134455292026E-0001  -0.250000000000000035527E+0002  -0.723179276844461482732E+0000
   0.176666666666670191255E+0001   0.188600747629788928483E-0001   0.100008480843441271762E-0003   0.306059422923881969004E-0003  -0.252274632113691451456E-0006   0.136024258267327233796E+0002   0.112117505914465613592E-0001  -0.250000000000000035527E+0002  -0.718972998977308264124E+0000
   0.176875000000003534950E+0001   0.188607052924699009067E-0001   0.100009000657457484311E-0003   0.299242259433857120399E-0003  -0.246753162099795825125E-0006   0.136025945713741744925E+0002   0.112163396391701791072E-0001  -0.250000000000000035527E+0002  -0.714800084144169289857E+0000
   0.177083333333336878646E+0001   0.188613218195189807913E-0001   0.100009509128636545549E-0003   0.292617504359871040583E-0003  -0.241385164821234864668E-0006   0.136027579738275310461E+0002   0.112208870938387082067E-0001  -0.250000000000000035527E+0002  -0.710660085498528548698E+0000
   0.177291666666670222341E+0001   0.188619247385480443002E-0001   0.100010006571556436111E-0003   0.286178959032136958577E-0003  -0.236165707306911556849E-0006   0.136029162485279879746E+0002   0.112253903280252146507E-0001  -0.250000000000000035527E+0002  -0.706552564086514456321E+0000
   0.177500000000003566036E+0001   0.188625144312836584559E-0001   0.100010493290701051776E-0003   0.279920636025386834148E-0003  -0.231090031590415203632E-0006   0.136030696017160490641E+0002   0.112298470273613330839E-0001  -0.250000000000000035527E+0002  -0.702477088655630743652E+0000
   0.177708333333336909732E+0001   0.188630912671893941068E-0001   0.100010969580817420978E-0003   0.273836751705913944259E-0003  -0.226153547566812874647E-0006   0.136032182315616037016E+0002   0.112342551691908282968E-0001  -0.250000000000000035527E+0002  -0.698433235470639734999E+0000
   0.177916666666670253427E+0001   0.188636556038830269233E-0001   0.100011435727258339795E-0003   0.267921719132225134938E-0003  -0.221351826270154871843E-0006   0.136033623283182922847E+0002   0.112386130020091096204E-0001  -0.250000000000000035527E+0002  -0.694420588136364647092E+0000
   0.178125000000003597123E+0001   0.188642077875393263109E-0001   0.100011892006311508630E-0003   0.262170141272399315549E-0003  -0.216680593528913616183E-0006   0.136035020745029058276E+0002   0.112429190256891371053E-0001  -0.250000000000000035527E+0002  -0.690438737427145010628E+0000
   0.178333333333336940818E+0001   0.188647481532789318415E-0001   0.100012338685515848186E-0003   0.256576804507049687724E-0003  -0.212135723962660080350E-0006   0.136036376450950697858E+0002   0.112471719724675251612E-0001  -0.250000000000000035527E+0002  -0.686487281122671433309E+0000
   0.178541666666670284513E+0001   0.188652770255440735414E-0001   0.100012776023965482657E-0003   0.251136672390584294104E-0003  -0.207713235288157598377E-0006   0.136037692077524781098E+0002   0.112513707887579774564E-0001  -0.250000000000000035527E+0002  -0.682565823849902164611E+0000
   0.178750000000003628209E+0001   0.188657947184614344094E-0001   0.100013204272602176156E-0003   0.245844879648752926479E-0003  -0.203409282908195670125E-0006   0.136038969230380875075E+0002   0.112555146178105868610E-0001  -0.250000000000000035527E+0002  -0.678673976930777245187E+0000
   0.178958333333336971904E+0001   0.188663015361928282365E-0001   0.100013623674496954230E-0003   0.240696726392793775538E-0003  -0.199220154758458747663E-0006   0.136040209446554190009E+0002   0.112596027832436752780E-0001  -0.250000000000000035527E+0002  -0.674811358235435587716E+0000
   0.179166666666670315600E+0001   0.188667977732739772234E-0001   0.100014034465120856248E-0003   0.235687672534947242507E-0003  -0.195142266391999754170E-0006   0.136041414196892880284E+0002   0.112636347734695416861E-0001  -0.250000000000000035527E+0002  -0.670977592040641779292E+0000
   0.179375000000003659295E+0001   0.188672837149418889946E-0001   0.100014436872606065493E-0003   0.230813332391507290524E-0003  -0.191172156283159722439E-0006   0.136042584888490996065E+0002   0.112676102270665868393E-0001  -0.250000000000000035527E+0002  -0.667172308893147159026E+0000
   0.179583333333337002991E+0001   0.188677596374511105659E-0001   0.100014831117997227226E-0003   0.226069469462736799071E-0003  -0.187306481334634150915E-0006   0.136043722867126763987E+0002   0.112715289190316852314E-0001  -0.250000000000000035527E+0002  -0.663395145477711278836E+0000
   0.179791666666670346686E+0001   0.188682258083793866210E-0001   0.100015217415493713662E-0003   0.221451991380357612752E-0003  -0.183542012574003795255E-0006   0.136044829419688042549E+0002   0.112753907479463452018E-0001  -0.250000000000000035527E+0002  -0.659645744489524066267E+0000
   0.180000000000003690381E+0001   0.188686824869228261803E-0001   0.100015595972682998487E-0003   0.216956945014420179681E-0003  -0.179875631026569015110E-0006   0.136045905776568254453E+0002   0.112791957240359012188E-0001  -0.250000000000000035527E+0002  -0.655923754510782885951E+0000
   0.180208333333337034077E+0001   0.188691299241811466514E-0001   0.100015966990765655916E-0003   0.212580511733748611560E-0003  -0.176304323754478817193E-0006   0.136046953114023327913E+0002   0.112829439580882373573E-0001  -0.250000000000000035527E+0002  -0.652228829891183359280E+0000
   0.180416666666670377772E+0001   0.188695683634331271006E-0001   0.100016330664772417963E-0003   0.208319002813431557869E-0003  -0.172825180051201796871E-0006   0.136047972556476182149E+0002   0.112866356511758508113E-0001  -0.250000000000000035527E+0002  -0.648560630632115553418E+0000
   0.180625000000003721468E+0001   0.188699980404026732006E-0001   0.100016687183773127310E-0003   0.204168854985184986851E-0003  -0.169435387783587965078E-0006   0.136048965178764760253E+0002   0.112902710851693916655E-0001  -0.250000000000000035527E+0002  -0.644918822274345382439E+0000
   0.180833333333337065163E+0001   0.188704191835157228385E-0001   0.100017036731078561539E-0003   0.200126626125764884136E-0003  -0.166132229872615676729E-0006   0.136049932008324283572E+0002   0.112938506139895443459E-0001  -0.250000000000000035527E+0002  -0.641303075788989929151E+0000
   0.181041666666670408858E+0001   0.188708320141483462673E-0001   0.100017379484434857685E-0003   0.196188991079814081852E-0003  -0.162913080907047160628E-0006   0.136050874027302111102E+0002   0.112973746555926502638E-0001  -0.250000000000000035527E+0002  -0.637713067471618932913E+0000
   0.181250000000003752554E+0001   0.188712367468662350900E-0001   0.100017715616211052112E-0003   0.192352737613581695414E-0003  -0.159775403882530290614E-0006   0.136051792174600425511E+0002   0.113008436845421951500E-0001  -0.250000000000000035527E+0002  -0.634148478839292817355E+0000
   0.181458333333337096249E+0001   0.188716335896559339602E-0001   0.100018045293579952533E-0003   0.188614762496190570447E-0003  -0.156716747060862594656E-0006   0.136052687347846124055E+0002   0.113042582252783248287E-0001  -0.250000000000000035527E+0002  -0.630608996530401366698E+0000
   0.181666666666670439945E+0001   0.188720227441479954100E-0001   0.100018368678692667461E-0003   0.184972067705067698016E-0003  -0.153734740944315240115E-0006   0.136053560405284290624E+0002   0.113076188458906181505E-0001  -0.250000000000000035527E+0002  -0.627094312207141402205E+0000
   0.181875000000003783640E+0001   0.188724044058324047501E-0001   0.100018685928846820174E-0003   0.181421756753317721346E-0003  -0.150827095359251638959E-0006   0.136054412167599192429E+0002   0.113109261524784072972E-0001  -0.250000000000000035527E+0002  -0.623604122460515775117E+0000
   0.182083333333337127335E+0001   0.188727787642663930034E-0001   0.100018997196648907989E-0003   0.177961031135121010511E-0003  -0.147991596646124788480E-0006   0.136055243419658395965E+0002   0.113141807839677883268E-0001  -0.250000000000000035527E+0002  -0.620138128717719450123E+0000
   0.182291666666670471031E+0001   0.188731460032750542055E-0001   0.100019302630170833952E-0003   0.174587186887244314587E-0003  -0.145226104949880521138E-0006   0.136056054912184229977E+0002   0.113173834074066642641E-0001  -0.250000000000000035527E+0002  -0.616696037151794551612E+0000
   0.182500000000003814726E+0001   0.188735063011448711556E-0001   0.100019602373100881991E-0003   0.171297611263337089781E-0003  -0.142528551608023017956E-0006   0.136056847363352790836E+0002   0.113205347136744235298E-0001  -0.250000000000000035527E+0002  -0.613277558593468663517E+0000
   0.182708333333337158422E+0001   0.188738598308103994183E-0001   0.100019896564889487897E-0003   0.168089779518609231009E-0003  -0.139896936632525907939E-0006   0.136057621460321769291E+0002   0.113236354135996721698E-0001  -0.250000000000000035527E+0002  -0.609882408445054147172E+0000
   0.182916666666670502117E+0001   0.188742067600344148870E-0001   0.100020185340889724819E-0003   0.164961251801811858812E-0003  -0.137329326282055899680E-0006   0.136058377860689283523E+0002   0.113266862344165043092E-0001  -0.250000000000000035527E+0002  -0.606510306596336867813E+0000
   0.183125000000003845813E+0001   0.188745472515816775649E-0001   0.100020468832492855646E-0003   0.161909670151695378373E-0003  -0.134823850720708281854E-0006   0.136059117193882990193E+0002   0.113296879167253759096E-0001  -0.250000000000000035527E+0002  -0.603160977342361959153E+0000
   0.183333333333337189508E+0001   0.188748814633865058532E-0001   0.100020747167259060678E-0003   0.158932755597179960205E-0003  -0.132378701762589689374E-0006   0.136059840062495105428E+0002   0.113326412109805967771E-0001  -0.250000000000000035527E+0002  -0.599834149303049235513E+0000
   0.183541666666670533203E+0001   0.188752095487144666563E-0001   0.100021020469043692971E-0003   0.156028305354272823048E-0003  -0.129992130689519374055E-0006   0.136060547043538875300E+0002   0.113355468758044031219E-0001  -0.250000000000000035527E+0002  -0.596529555344554429652E+0000
   0.183750000000003876899E+0001   0.188755316563182923284E-0001   0.100021288858118898718E-0003   0.153194190121237028930E-0003  -0.127662446162588952097E-0006   0.136061238689654313561E+0002   0.113384056750222596277E-0001  -0.250000000000000035527E+0002  -0.593246932502323520708E+0000
   0.183958333333337220594E+0001   0.188758479305882603816E-0001   0.100021552451291036341E-0003   0.150428351467593612346E-0003  -0.125388012192407161707E-0006   0.136061915530255674867E+0002   0.113412183757005333162E-0001  -0.250000000000000035527E+0002  -0.589986021905769875140E+0000
   0.184166666666670564290E+0001   0.188761585116951624563E-0001   0.100021811362012268002E-0003   0.147728799316389273989E-0003  -0.123167244531631830541E-0006   0.136062578072636437554E+0002   0.113439857462514590708E-0001  -0.250000000000000035527E+0002  -0.586746568704533011385E+0000
   0.184375000000003907985E+0001   0.188764635357364998769E-0001   0.100022065700495024244E-0003   0.145093609505828052960E-0003  -0.120998615502373140079E-0006   0.136063226802959249540E+0002   0.113467085547110536209E-0001  -0.250000000000000000000E+0002  -0.583528321996236165603E+0000
   0.184583333333337251680E+0001   0.188767631348649780887E-0001   0.100022315573812211383E-0003   0.142520921451416753218E-0003  -0.118880642014620519169E-0006   0.136063862187291402250E+0002   0.113493875672510281111E-0001  -0.250000000000000035527E+0002  -0.580331034755734220809E+0000
   0.184791666666670595376E+0001   0.188770574374207897317E-0001   0.100022561086000644388E-0003   0.140008935881505354763E-0003  -0.116811890673407801575E-0006   0.136064484672525640718E+0002   0.113520235468074128654E-0001  -0.250000000000000035527E+0002  -0.577154463765778280582E+0000
   0.185000000000003939071E+0001   0.188773465680570698422E-0001   0.100022802338159221393E-0003   0.137555912656404450345E-0003  -0.114790974362329444272E-0006   0.136065094687272480911E+0002   0.113546172518923411954E-0001  -0.250000000000000035527E+0002  -0.573998369549064468842E+0000
   0.185208333333337282767E+0001   0.188776306478609240402E-0001   0.100023039428543737174E-0003   0.135160168665565374102E-0003  -0.112816550620801570124E-0006   0.136065692642706874693E+0002   0.113571694355347092842E-0001  -0.250000000000000035527E+0002  -0.570862516301632538784E+0000
   0.185416666666670626462E+0001   0.188779097944701337863E-0001   0.100023272452658172973E-0003   0.132820075800722434654E-0003  -0.110887320079824611616E-0006   0.136066278933374178450E+0002   0.113596808443195539801E-0001  -0.250000000000000035527E+0002  -0.567746671827560112078E+0000
   0.185625000000003970158E+0001   0.188781841221857191182E-0001   0.100023501503342869242E-0003   0.130534059001571661664E-0003  -0.109002024954748108793E-0006   0.136066853937948959441E+0002   0.113621522175950204897E-0001  -0.250000000000000035527E+0002  -0.564650607474939669750E+0000
   0.185833333333337313853E+0001   0.188784537420804976460E-0001   0.100023726670859798137E-0003   0.128300594375972107407E-0003  -0.107159447591772230290E-0006   0.136067418019984245348E+0002   0.113645842867596477688E-0001  -0.250000000000000035527E+0002  -0.561574098073092331518E+0000
   0.186250000000003979039E+0001   0.188789839014496044212E-0001   0.100024169560476055337E-0003   0.126174041465390205340E-0003  -0.105428194720608196133E-0006   0.136068414123186336440E+0002   0.113693580191919704769E-0001  -0.250000000000000035527E+0002  -0.555482905907461521622E+0000
   0.186666666666670644226E+0001   0.188795008429722410703E-0001   0.100024601583897676830E-0003   0.121956139256537612198E-0003  -0.101945059627980307149E-0006   0.136069477035749315519E+0002   0.113740218264597459097E-0001  -0.250000000000000000000E+0002  -0.549467082213558222215E+0000
   0.187083333333337309412E+0001   0.188800006006480808329E-0001   0.100025019411671223322E-0003   0.117925963887914790162E-0003  -0.986144609827003481610E-0007   0.136070502400313575464E+0002   0.113785388582278625819E-0001  -0.250000000000000035527E+0002  -0.543524958980988515123E+0000
   0.187500000000003974598E+0001   0.188804839354940121043E-0001   0.100025423663920032258E-0003   0.114073331639248551047E-0003  -0.954286197315423819326E-0007   0.136071492473712467586E+0002   0.113829146905761839637E-0001  -0.250000000000000035527E+0002  -0.537654917308318491820E+0000
   0.187916666666670639785E+0001   0.188809515674167177623E-0001   0.100025814927796039867E-0003   0.110388695464849379588E-0003  -0.923798723515093388018E-0007   0.136072449345561956591E+0002   0.113871547069372743705E-0001  -0.250000000000000035527E+0002  -0.531855385736193175816E+0000
   0.188333333333337304971E+0001   0.188814041777745286743E-0001   0.100026193759497833771E-0003   0.106863101061800634651E-0003  -0.894610228192963602974E-0007   0.136073374952367718294E+0002   0.113912640964675074967E-0001  -0.250000000000000035527E+0002  -0.526124838638876823893E+0000
   0.188750000000003970158E+0001   0.188818424117628280712E-0001   0.100026560686152584008E-0003   0.103488146148138508880E-0003  -0.866653110951767300835E-0007   0.136074271090341110124E+0002   0.113952478543397923288E-0001  -0.250000000000000035527E+0002  -0.520461794672256394811E+0000
   0.189166666666670635344E+0001   0.188822668806359200699E-0001   0.100026916207571122406E-0003   0.100255942714183159678E-0003  -0.839863838674974963017E-0007   0.136075139427034876860E+0002   0.113991107835707330964E-0001  -0.250000000000000035527E+0002  -0.514864815276418918977E+0000
   0.189791666666670644226E+0001   0.188828839124825648144E-0001   0.100027433224470467402E-0003   0.971922471809474365634E-0004  -0.814603241360893692725E-0007   0.136076322787204571085E+0002   0.114047140798180079296E-0001  -0.250000000000000000000E+0002  -0.506594388851558719011E+0000
   0.190416666666670653107E+0001   0.188834775977488183996E-0001   0.100027930914230639469E-0003   0.927852333291709260301E-0004  -0.778028047971669552850E-0007   0.136077527700685116940E+0002   0.114101046484287541732E-0001  -0.250000000000000035527E+0002  -0.498464594262086502230E+0000
   0.191041666666670661989E+0001   0.188840445731376996297E-0001   0.100028406428496379268E-0003   0.886453092869798322997E-0004  -0.743641473032636500547E-0007   0.136078682132323507403E+0002   0.114152577066129971156E-0001  -0.250000000000000035527E+0002  -0.490471102339305964346E+0000
   0.191666666666670670871E+0001   0.188845864460419551878E-0001   0.100028861086633418919E-0003   0.847526298718532063907E-0004  -0.711285746162774730892E-0007   0.136079789988032437975E+0002   0.114201866845736414030E-0001  -0.250000000000000035527E+0002  -0.482609763992282725376E+0000
   0.192291666666670679753E+0001   0.188851047051664874821E-0001   0.100029296111873967304E-0003   0.810890649768298069078E-0004  -0.680813862021880184409E-0007   0.136080854791521765890E+0002   0.114249041608917856205E-0001  -0.250000000000000035527E+0002  -0.474876601389298103051E+0000
   0.193125000000004010126E+0001   0.188857661671625667865E-0001   0.100029851597299880702E-0003   0.776598911515092037204E-0004  -0.652367954291573834481E-0007   0.136082161208378735751E+0002   0.114309087595625344380E-0001  -0.250000000000000035527E+0002  -0.464762643328370583795E+0000
   0.193958333333337340498E+0001   0.188863954353628571425E-0001   0.100030380312168831487E-0003   0.733628032826236117737E-0004  -0.616572418048739153902E-0007   0.136083459900771881479E+0002   0.114366127489912774995E-0001  -0.250000000000000035527E+0002  -0.454860777452212872163E+0000
   0.194791666666670670871E+0001   0.188869902199642406004E-0001   0.100030880291583526391E-0003   0.693840668001960696621E-0004  -0.583401254406143317286E-0007   0.136084699794011463325E+0002   0.114420059160540207172E-0001  -0.250000000000000035527E+0002  -0.445162884123911251066E+0000
   0.195625000000004001244E+0001   0.188875530532606542011E-0001   0.100031353625428166441E-0003   0.656946899596963892120E-0004  -0.552619977529848123200E-0007   0.136085886156581050699E+0002   0.114471104701345544746E-0001  -0.250000000000000035527E+0002  -0.435661268558969694276E+0000
   0.196666666666670675312E+0001   0.188882196157588028163E-0001   0.100031914461589993212E-0003   0.622836373601727230111E-0004  -0.524202858563798933690E-0007   0.136087262451182180456E+0002   0.114531355238867010859E-0001  -0.250000000000000035527E+0002  -0.424052964819824296239E+0000
   0.197708333333337349380E+0001   0.188888478523779670959E-0001   0.100032443315018219811E-0003   0.583363761633679903129E-0004  -0.491218233402222061901E-0007   0.136088612269931399368E+0002   0.114587999503452404176E-0001  -0.250000000000000035527E+0002  -0.412726119104059152587E+0000
   0.198958333333337344939E+0001   0.188895545682032789392E-0001   0.100033038538893697582E-0003   0.547364265385258391824E-0004  -0.461160137868998168079E-0007   0.136090118356398068755E+0002   0.114651481395892582138E-0001  -0.250000000000000035527E+0002  -0.399491600362153920223E+0000
   0.200208333333337362703E+0001   0.188902141516926885823E-0001   0.100033594356493379723E-0003   0.507954997729337891623E-0004  -0.428171800895807453495E-0007   0.136091580663724815992E+0002   0.114710543526402638376E-0001  -0.250000000000000035527E+0002  -0.386623655864163029428E+0000
   0.201666666666670701957E+0001   0.188909290344263514072E-0001   0.100034197089981255566E-0003   0.472439333412331049773E-0004  -0.398454729109153601996E-0007   0.136093170940781682532E+0002   0.114774286677111515831E-0001  -0.250000000000000035527E+0002  -0.372053074118006921189E+0000
   0.203125000000004041212E+0001   0.188915907892397080814E-0001   0.100034755321125237021E-0003   0.435096873745418813570E-0004  -0.367142184978084732135E-0007   0.136094705263318598298E+0002   0.114833068273786503832E-0001  -0.250000000000000035527E+0002  -0.357928094411191666246E+0000
   0.204791666666670701957E+0001   0.188922881966153768940E-0001   0.100035343929685919271E-0003   0.401777640821170540760E-0004  -0.339207311445405079989E-0007   0.136096345229887187855E+0002   0.114894720034703079481E-0001  -0.250000000000000035527E+0002  -0.342301969889042767559E+0000
   0.206666666666670684194E+0001   0.188930097437613395139E-0001   0.100035953235660409312E-0003   0.367857919450175743694E-0004  -0.310739357658229752022E-0007   0.136098094352426599585E+0002   0.114957976982810617522E-0001  -0.250000000000000035527E+0002  -0.325338962938644338241E+0000
   0.208750000000004032330E+0001   0.188937411208236066829E-0001   0.100036571175053098448E-0003   0.334249502125041298372E-0004  -0.282503380011386836542E-0007   0.136099932168017296874E+0002   0.115021524771631699496E-0001  -0.250000000000000035527E+0002  -0.307203333938193101638E+0000
   0.211041666666670701957E+0001   0.188944698172775135681E-0001   0.100037187179153745946E-0003   0.301689810956551630861E-0004  -0.255120898220730326611E-0007   0.136101840835200658120E+0002   0.115084231898399287630E-0001  -0.250000000000000035527E+0002  -0.288055636690772443043E+0000
   0.213541666666670693076E+0001   0.188951853646975170831E-0001   0.100037792384161870448E-0003   0.270735065941470094003E-0004  -0.229062917943948095783E-0007   0.136103805142738956135E+0002   0.115145167795607430289E-0001  -0.250000000000000035527E+0002  -0.268049737006818555862E+0000
   0.216041666666670684194E+0001   0.188958259657102251028E-0001   0.100038334462755200719E-0003   0.241735610200830919672E-0004  -0.204618408151009666432E-0007   0.136105672196377742722E+0002   0.115199329583666153221E-0001  -0.250000000000000035527E+0002  -0.248888708693049909293E+0000
   0.218750000000003996803E+0001   0.188964470514297322445E-0001   0.100038860263108842722E-0003   0.216902772022763552741E-0004  -0.183679299112062047850E-0007   0.136107576487224974926E+0002   0.115251407235361733733E-0001  -0.250000000000000035527E+0002  -0.229009958084857190297E+0000
   0.221458333333337309412E+0001   0.188970032232798831884E-0001   0.100039331302533213760E-0003   0.193801268206737109967E-0004  -0.164178449474765378549E-0007   0.136109391781157391677E+0002   0.115297637327076117619E-0001  -0.250000000000000035527E+0002  -0.209970108677114686291E+0000
   0.224375000000003987921E+0001   0.188975396170824941344E-0001   0.100039785763694110332E-0003   0.174004588773001201861E-0004  -0.147462409760165160960E-0007   0.136111242355766108858E+0002   0.115341778867443824075E-0001  -0.250000000000000035527E+0002  -0.190330059162050396759E+0000
   0.227291666666670666430E+0001   0.188980204131063769801E-0001   0.100040193260849812366E-0003   0.155678530602976652032E-0004  -0.131973763765226884028E-0007   0.136113011045017984202E+0002   0.115380922313272557544E-0001  -0.250000000000000035527E+0002  -0.171513128165984352069E+0000
   0.230416666666670666430E+0001   0.188984823389029554797E-0001   0.100040584889256545459E-0003   0.139948728348663664395E-0004  -0.118675913057335324807E-0007   0.136114812925822299405E+0002   0.115418068135479130049E-0001  -0.250000000000000035527E+0002  -0.152193708435569979853E+0000
   0.233750000000003987921E+0001   0.188989246763540535978E-0001   0.100040960022460749361E-0003   0.125448906270038928990E-0004  -0.106410942189907195970E-0007   0.136116646841429300707E+0002   0.115452987292254827950E-0001  -0.250000000000000035527E+0002  -0.132468062756181337303E+0000
   0.237083333333337309412E+0001   0.188993207309932353954E-0001   0.100041295995529857686E-0003   0.112180001753154658784E-0004  -0.951791796815880390616E-0008   0.136118402945561633999E+0002   0.115483771467221538187E-0001  -0.250000000000000035527E+0002  -0.113577415002287213097E+0000
   0.240625000000003996803E+0001   0.188996978902807727385E-0001   0.100041616018301107250E-0003   0.100800459915017955715E-0004  -0.855445052828415200862E-0008   0.136120184410123226115E+0002   0.115512569213035432014E-0001  -0.250000000000000035527E+0002  -0.943477986230154969105E-0001
   0.244375000000004005685E+0001   0.189000563988736200449E-0001   0.100041920284896126547E-0003   0.904008224417049547933E-0005  -0.767355515996868053073E-0008   0.136121989405056922351E+0002   0.115539258315090140328E-0001  -0.250000000000000035527E+0002  -0.748552709247722047881E-0001
   0.248333333333337336057E+0001   0.189003955425892725128E-0001   0.100042208176502649608E-0003   0.809530033555941726459E-0005  -0.687295532182982944692E-0008   0.136123812809783366617E+0002   0.115563791657975357269E-0001  -0.250000000000000000000E+0002  -0.551685529612465849758E-0001
   0.252291666666670666430E+0001   0.189006990708738623064E-0001   0.100042465882625556967E-0003   0.724062274581666977979E-0005  -0.614835014250006403917E-0008   0.136125562180052579464E+0002   0.115585168734907497989E-0001  -0.250000000000000035527E+0002  -0.363187306259025594057E-0001
   0.256458333333337318294E+0001   0.189009854958530343350E-0001   0.100042709107515411350E-0003   0.650755335667002503735E-0005  -0.552673341690800004425E-0008   0.136127326803662356269E+0002   0.115604729525521573996E-0001  -0.250000000000000035527E+0002  -0.173077897091060972645E-0001
   0.260833333333337336057E+0001   0.189012556764698649858E-0001   0.100042938572119223615E-0003   0.584335834880007590653E-0005  -0.496333982410071642297E-0008   0.136129104696334692903E+0002   0.115622435652929511640E-0001  -0.250000000000000035527E+0002   0.181097855009668845007E-0002
   0.265416666666670675312E+0001   0.189015097602026685419E-0001   0.100043154394162240629E-0003   0.524374924441485280044E-0005  -0.445458384960637010339E-0008   0.136130892216325296573E+0002   0.115638314339690344290E-0001  -0.250000000000000035527E+0002   0.209900521962685555899E-0001
   0.270208333333337336057E+0001   0.189017480971873791384E-0001   0.100043356864304401003E-0003   0.470406507537202029512E-0005  -0.399655222006794645794E-0008   0.136132686125095485608E+0002   0.115652410488275483175E-0001  -0.250000000000000035527E+0002   0.401873207875959106983E-0001
   0.275208333333337318294E+0001   0.189019711899379438957E-0001   0.100043546403487387938E-0003   0.421949781057021358150E-0005  -0.358519962749009723300E-0008   0.136134483550625962067E+0002   0.115664782195902433870E-0001  -0.250000000000000035527E+0002   0.593656971300027952454E-0001
   0.280416666666670666430E+0001   0.189021796506310887920E-0001   0.100043723526650502487E-0003   0.378526130444848469598E-0005  -0.321649276756210109929E-0008   0.136136281953472568773E+0002   0.115675496998376235031E-0001  -0.250000000000000035527E+0002   0.784927154761173168085E-0001
   0.285833333333337336057E+0001   0.189023741656020038970E-0001   0.100043888812533193593E-0003   0.339671267002923071404E-0005  -0.288651413836450927628E-0008   0.136138079095459580969E+0002   0.115684628787619692841E-0001  -0.250000000000000035527E+0002   0.975401293126679225232E-0001
   0.291458333333337327176E+0001   0.189025554664377856695E-0001   0.100044042879057868290E-0003   0.304943490220832241050E-0005  -0.259153299038194519435E-0008   0.136139873010861798264E+0002   0.115692255329949734988E-0001  -0.250000000000000035527E+0002   0.116483518524237467107E+0000
   0.297291666666670639785E+0001   0.189027243069202627312E-0001   0.100044186363668156361E-0003   0.273928888349563644339E-0005  -0.232805026495631440143E-0008   0.136141661979917554248E+0002   0.115698456304684331453E-0001  -0.250000000000000035527E+0002   0.135301912914958882839E+0000
   0.303541666666670639785E+0001   0.189028868683668582751E-0001   0.100044324517080260783E-0003   0.246258904053004313772E-0005  -0.209295625891664823637E-0008   0.136143504259217280605E+0002   0.115703418802225281581E-0001  -0.250000000000000035527E+0002   0.154607208760839581752E+0000
   0.310000000000003961276E+0001   0.189030376795935178835E-0001   0.100044452687509364836E-0003   0.220761654425617169595E-0005  -0.187628455683798806461E-0008   0.136145334667692221586E+0002   0.115707000069733539210E-0001  -0.250000000000000035527E+0002   0.173701666326728565437E+0000
   0.316666666666670648667E+0001   0.189031773164504701690E-0001   0.100044571362582713960E-0003   0.198142093918750136596E-0005  -0.168404692302777254154E-0008   0.136147151986338936780E+0002   0.115709327725218406868E-0001  -0.250000000000000035527E+0002   0.192576681847043129636E+0000
   0.323750000000003979039E+0001   0.189033105612031390730E-0001   0.100044684605317646094E-0003   0.178071997731570622197E-0005  -0.151346397694556694293E-0008   0.136149008840232372819E+0002   0.115710481225368318203E-0001  -0.250000000000000035527E+0002   0.211778299038777872987E+0000
   0.331041666666670630903E+0001   0.189034337207112101975E-0001   0.100044789275837618875E-0003   0.159731365698626814526E-0005  -0.135756297231378279523E-0008   0.136150847724331498512E+0002   0.115710473123087978498E-0001  -0.250000000000000035527E+0002   0.230702627221854306150E+0000
   0.338750000000003970158E+0001   0.189035505981608384363E-0001   0.100044888605560966174E-0003   0.143513072671013368261E-0005  -0.121969572629959971295E-0008   0.136152717605872251028E+0002   0.115709356391099568717E-0001  -0.250000000000000035527E+0002   0.249856493467696894051E+0000
   0.346666666666670630903E+0001   0.189036583780297987034E-0001   0.100044980201045743788E-0003   0.128768426282311639194E-0005  -0.109434611033801214842E-0008   0.136154565641840950008E+0002   0.115707217285068789114E-0001  -0.250000000000000035527E+0002   0.268692167795963610111E+0000
   0.355000000000003979039E+0001   0.189037602637822724216E-0001   0.100045066784331206956E-0003   0.115753258229440023586E-0005  -0.983696149375975605288E-0009   0.136156437697873435866E+0002   0.115704059576270893578E-0001  -0.250000000000000035527E+0002   0.287679766494425948054E+0000
   0.363750000000003970158E+0001   0.189038563920107816063E-0001   0.100045148471123330211E-0003   0.103964649534278148838E-0005  -0.883470136543215170673E-0009   0.136158329197991818660E+0002   0.115699901046037532254E-0001  -0.250000000000000035527E+0002   0.306766854514342879323E+0000
   0.372916666666670648667E+0001   0.189039468178009151256E-0001   0.100045225308013208251E-0003   0.933245770405024715861E-0006  -0.793006823427534779601E-0009   0.136160235873526449524E+0002   0.115694785994799650281E-0001  -0.250000000000000035527E+0002   0.325906801796672529470E+0000
   0.382500000000003970158E+0001   0.189040316669851146680E-0001   0.100045297401852299095E-0003   0.837489074927956244643E-0006  -0.711592314279913111151E-0009   0.136162153905648679597E+0002   0.115688764441128928012E-0001  -0.250000000000000035527E+0002   0.345058394058262274395E+0000
   0.392500000000003979039E+0001   0.189041111184801782774E-0001   0.100045364904721505953E-0003   0.751513199381756208884E-0006  -0.638493718320220715589E-0009   0.136164079893640046492E+0002   0.115681890384840609792E-0001  -0.250000000000000035527E+0002   0.364185420314267815911E+0000
   0.402916666666670675312E+0001   0.189041853893229735983E-0001   0.100045428001191937222E-0003   0.674462232521183358609E-0006  -0.572984023936861321388E-0009   0.136166010822375564970E+0002   0.115674220366036827057E-0001  -0.250000000000000035527E+0002   0.383256253273030145223E+0000
   0.413750000000004014566E+0001   0.189042547222602608237E-0001   0.100045486897757377647E-0003   0.605508342837819182158E-0006  -0.514359833262503669119E-0009   0.136167944029962590946E+0002   0.115665812289457627798E-0001  -0.250000000000000035527E+0002   0.402243434783416398126E+0000
   0.425000000000003996803E+0001   0.189043193756632463276E-0001   0.100045541814243720826E-0003   0.543865773442172405550E-0006  -0.461953320066362162900E-0009   0.136169877176227505089E+0002   0.115656724477949286733E-0001  -0.250000000000000035527E+0002   0.421123275165355470673E+0000
   0.436875000000004032330E+0001   0.189043806922247620284E-0001   0.100045593891407780859E-0003   0.488816008727440395557E-0006  -0.415153499004868726383E-0009   0.136171841964870896646E+0002   0.115646839651986389763E-0001  -0.250000000000000035527E+0002   0.440203062439163517183E+0000
   0.449166666666670710839E+0001   0.189044377048026013277E-0001   0.100045642308173006810E-0003   0.438830182747640186632E-0006  -0.372660947650924185283E-0009   0.136173800411224181772E+0002   0.115636385662110704325E-0001  -0.250000000000000000000E+0002   0.459110343789069341724E+0000
   0.462083333333337353821E+0001   0.189044915157297530039E-0001   0.100045688001073316588E-0003   0.394356551238523182184E-0006  -0.334856268032344065880E-0009   0.136175782423536588794E+0002   0.115625243581733688075E-0001  -0.250000000000000035527E+0002   0.478132919286506863354E+0000
   0.475416666666670728603E+0001   0.189045414171000528136E-0001   0.100045730369439618904E-0003   0.354151054678534049525E-0006  -0.300682139506829293507E-0009   0.136177753258811655712E+0002   0.115613649271394825641E-0001  -0.250000000000000035527E+0002   0.496935117710446738748E+0000
   0.489375000000004067857E+0001   0.189045883601315634071E-0001   0.100045770221374413604E-0003   0.318453750369927816248E-0006  -0.270341944983303926745E-0009   0.136179741147822834790E+0002   0.115601479773132544138E-0001  -0.250000000000000035527E+0002   0.515786119671848730661E+0000
   0.503958333333337371585E+0001   0.189046324559286188505E-0001   0.100045807651598915068E-0003   0.286277975679441608544E-0006  -0.242997015600120287319E-0009   0.136181742277595958512E+0002   0.115588796768890129246E-0001  -0.250000000000000000000E+0002   0.534646750741402776441E+0000
   0.519166666666670728603E+0001   0.189046737943819459504E-0001   0.100045842736846556272E-0003   0.257341425790597823148E-0006  -0.218407142926429144693E-0009   0.136183753235844839935E+0002   0.115575658487673173930E-0001  -0.250000000000000035527E+0002   0.553482548922266448521E+0000
   0.535000000000004050094E+0001   0.189047124842719738158E-0001   0.100045875569899374692E-0003   0.231364382045791093164E-0006  -0.196334309676165383914E-0009   0.136185770989256607066E+0002   0.115562122724464158563E-0001  -0.250000000000000000000E+0002   0.572263370481893574038E+0000
   0.551666666666670746366E+0001   0.189047491054180061276E-0001   0.100045906643199367884E-0003   0.208081473441152140458E-0006  -0.176552558694569721616E-0009   0.136187817924376908252E+0002   0.115548080033911898523E-0001  -0.250000000000000035527E+0002   0.591194611649446200019E+0000
   0.568958333333337407112E+0001   0.189047832623481654180E-0001   0.100045935621603869188E-0003   0.186979609174918770699E-0006  -0.158625969118497259726E-0009   0.136189864788338752533E+0002   0.115533765536694667947E-0001  -0.250000000000000035527E+0002   0.610002523248358685670E+0000
   0.587083333333337442639E+0001   0.189048154456989622729E-0001   0.100045962921800098274E-0003   0.168140620009597883763E-0006  -0.142623440480987524912E-0009   0.136191932927843044610E+0002   0.115519067132759372524E-0001  -0.250000000000000035527E+0002   0.628881460157202365480E+0000
   0.606041666666670764130E+0001   0.189048457114389598099E-0001   0.100045988591650160046E-0003   0.151140510711279783360E-0006  -0.128184670536164758045E-0009   0.136194018123555604660E+0002   0.115504056960712732371E-0001  -0.250000000000000035527E+0002   0.647789363895746261868E+0000
   0.625833333333337460402E+0001   0.189048741109087078960E-0001   0.100046012675098611698E-0003   0.135838376284362502221E-0006  -0.115189682474215254581E-0009   0.136196116611166839760E+0002   0.115488797143267346579E-0001  -0.250000000000000035527E+0002   0.666689146373445229443E+0000
   0.646458333333337442639E+0001   0.189049007105065239309E-0001   0.100046035228863104639E-0003   0.122092418407872397038E-0006  -0.103517764621665440676E-0009   0.136198225035052775667E+0002   0.115473347822419216552E-0001  -0.250000000000000035527E+0002   0.685548289453400627735E+0000
   0.667916666666670799657E+0001   0.189049255872092772379E-0001   0.100046056318624877529E-0003   0.109763900285562292681E-0006  -0.930508273504053109564E-0010   0.136200340415459262289E+0002   0.115457766705572614091E-0001  -0.250000000000000035527E+0002   0.704338445672106905349E+0000
   0.690208333333337442639E+0001   0.189049488248859975936E-0001   0.100046076015894273587E-0003   0.987199003422853864332E-0007  -0.836757450629017815228E-0010   0.136202460116143537761E+0002   0.115442108717170709847E-0001  -0.250000000000000035527E+0002   0.723035049479852753862E+0000
   0.713541666666670781893E+0001   0.189049707068974712221E-0001   0.100046094561222469882E-0003   0.888367716597569071781E-0007  -0.752872428671053929246E-0010   0.136204600542250453543E+0002   0.115426296783271657015E-0001  -0.250000000000000035527E+0002   0.741780784641741797181E+0000
   0.737916666666670817420E+0001   0.189049912747260226431E-0001   0.100046111990091554601E-0003   0.799217983327950240838E-0007  -0.677216004612386683163E-0010   0.136206757658541892653E+0002   0.115410403508987933346E-0001  -0.250000000000000035527E+0002   0.760536974546891175741E+0000
   0.763333333333337460402E+0001   0.189050105688571071227E-0001   0.100046128337134875366E-0003   0.718980779023113375296E-0007  -0.609133381106537736154E-0010   0.136208927876688186132E+0002   0.115394488197298680787E-0001  -0.250000000000000035527E+0002   0.779269575080167586911E+0000
   0.789791666666670799657E+0001   0.189050286385638727227E-0001   0.100046143644424219855E-0003   0.646893201252585313170E-0007  -0.547975196466676143912E-0010   0.136211107996602915904E+0002   0.115378606605949247249E-0001  -0.250000000000000035527E+0002   0.797948788066273451136E+0000
   0.817500000000004156675E+0001   0.189050456673009389941E-0001   0.100046158067662051792E-0003   0.582225841853778036755E-0007  -0.493120433211938817670E-0010   0.136213311407914172690E+0002   0.115362703052028520850E-0001  -0.250000000000000035527E+0002   0.816686589727834144625E+0000
   0.846250000000004121148E+0001   0.189050615674071012529E-0001   0.100046171532890468660E-0003   0.523848093157332425896E-0007  -0.443609052722332641659E-0010   0.136215518205851786604E+0002   0.115346951753590668682E-0001  -0.250000000000000035527E+0002   0.835311108191020945668E+0000
   0.876250000000004192202E+0001   0.189050764999885503870E-0001   0.100046184176827743879E-0003   0.471638866326690598069E-0007  -0.399336087578187522821E-0010   0.136217741401638487986E+0002   0.115331289745824357162E-0001  -0.250000000000000035527E+0002   0.853930474939415984359E+0000
   0.907500000000004192202E+0001   0.189050905047800504866E-0001   0.100046196033375469920E-0003   0.424651145664665713291E-0007  -0.359497360493735112510E-0010   0.136219977525463935564E+0002   0.115315779844784860320E-0001  -0.250000000000000000000E+0002   0.872513226114224549335E+0000
   0.940208333333337442639E+0001   0.189051037042397562793E-0001   0.100046207206440872488E-0003   0.382434409259616296323E-0007  -0.323709382384606083064E-0010   0.136222237615287706802E+0002   0.115300383733864288127E-0001  -0.250000000000000000000E+0002   0.891148062620539693768E+0000
   0.974166666666670799657E+0001   0.189051160440442053701E-0001   0.100046217650269508598E-0003   0.344313519287900580275E-0007  -0.291399004084956583353E-0010   0.136224503846865303558E+0002   0.115285250052852873692E-0001  -0.250000000000000035527E+0002   0.909685221167455981828E+0000
   0.100958333333333740711E+0002   0.189051276341114654622E-0001   0.100046227458112360273E-0003   0.310172120565133902166E-0007  -0.262466139896750961170E-0010   0.136226787058089566784E+0002   0.115270332128605025590E-0001  -0.250000000000000035527E+0002   0.928211452233129175049E+0000
   0.104645833333333744264E+0002   0.189051385052423151500E-0001   0.100046236656235824338E-0003   0.279437470570147843026E-0007  -0.236424590141919180201E-0010   0.136229083807656099481E+0002   0.115255685820933821001E-0001  -0.250000000000000035527E+0002   0.946696447698117782288E+0000
   0.108500000000000405009E+0002   0.189051487430907730336E-0001   0.100046245317296245711E-0003   0.251813787749862309340E-0007  -0.213022732846269167275E-0010   0.136231403336359200296E+0002   0.115241285183946846199E-0001  -0.250000000000000000000E+0002   0.965211720322052491028E+0000
   0.112520833333333740711E+0002   0.189051583671253006780E-0001   0.100046253457933173288E-0003   0.226885552336621706492E-0007  -0.191907859886046518114E-0010   0.136233741664714198549E+0002   0.115227187221567280162E-0001  -0.250000000000000035527E+0002   0.983722073860993861949E+0000
   0.116708333333333733606E+0002   0.189051673980503431860E-0001   0.100046261095824089811E-0003   0.204433989094373462133E-0007  -0.172893911326108814918E-0010   0.136236095253544284844E+0002   0.115213435486533309626E-0001  -0.250000000000000035527E+0002   0.100219655640985383371E+0001
   0.121062500000000401457E+0002   0.189051758600638081242E-0001   0.100046268251592065587E-0003   0.184244398895235421523E-0007  -0.155798376436872235703E-0010   0.136238460935452927458E+0002   0.115200068060654550045E-0001  -0.250000000000000035527E+0002   0.102060809797961593581E+0001
   0.125604166666667076413E+0002   0.189051838162305058111E-0001   0.100046274978710575182E-0003   0.166112195064561226514E-0007  -0.140447366167204752664E-0010   0.136240846603008289861E+0002   0.115187066157566332658E-0001  -0.250000000000000035527E+0002   0.103901583888566939606E+0001
   0.130333333333333740711E+0002   0.189051912856758250192E-0001   0.100046281293482061930E-0003   0.149770181052311562240E-0007  -0.126614175961349620471E-0010   0.136243248647960069064E+0002   0.115174474247518761338E-0001  -0.250000000000000000000E+0002   0.105738919989783974884E+0001
   0.135250000000000412115E+0002   0.189051982879932314874E-0001   0.100046287212596219079E-0003   0.135064391072624617990E-0007  -0.114167979956075748589E-0010   0.136245663869789908063E+0002   0.115162324507952964353E-0001  -0.250000000000000035527E+0002   0.107570141181064937719E+0001
   0.140375000000000405009E+0002   0.189052048714967585452E-0001   0.100046292777007211601E-0003   0.121847869114776251434E-0007  -0.102983939403557860901E-0010   0.136248099102504607316E+0002   0.115150603039625154533E-0001  -0.250000000000000035527E+0002   0.109400202376109656477E+0001
   0.145708333333333737158E+0002   0.189052110524600275321E-0001   0.100046298000573799557E-0003   0.109933782280442411599E-0007  -0.929035897245055404701E-0011   0.136250550816684636857E+0002   0.115139346086084379261E-0001  -0.250000000000000035527E+0002   0.111226190552357095953E+0001
   0.151270833333333740711E+0002   0.189052168693877517547E-0001   0.100046302915931606750E-0003   0.992101179090415200298E-0008  -0.838317965506501554031E-0011   0.136253024954439858618E+0002   0.115128544335930862313E-0001  -0.250000000000000035527E+0002   0.113052255051262195984E+0001
   0.157041666666667065755E+0002   0.189052223155184995207E-0001   0.100046307517457147562E-0003   0.895330058295055095668E-0008  -0.756465655531411423452E-0011   0.136255509019740657095E+0002   0.115118261654827327284E-0001  -0.250000000000000035527E+0002   0.114868933027504693811E+0001
   0.163062500000000412115E+0002   0.189052274447204099461E-0001   0.100046311850746137782E-0003   0.808454657873120485356E-0008  -0.682993941704793022824E-0011   0.136258017584741004669E+0002   0.115108450633150619785E-0001  -0.250000000000000035527E+0002   0.116686666490699741949E+0001
   0.169312500000000412115E+0002   0.189052322524021279571E-0001   0.100046315911994166195E-0003   0.729973615175644552387E-0008  -0.616630893846177315542E-0011   0.136260538537104203272E+0002   0.115099169998027547196E-0001  -0.250000000000000035527E+0002   0.118496432027742115700E+0001
   0.175812500000000397904E+0002   0.189052367680362792823E-0001   0.100046319726167237544E-0003   0.659425231577290280484E-0008  -0.556983800243352990033E-0011   0.136263077228559534859E+0002   0.115090403471602101965E-0001  -0.250000000000000035527E+0002   0.120301881213017791694E+0001
   0.182583333333333719395E+0002   0.189052410177705798588E-0001   0.100046323315412566445E-0003   0.595856323465993672904E-0008  -0.503244870530386682571E-0011   0.136265638221589941992E+0002   0.115082147358336987775E-0001  -0.250000000000000035527E+0002   0.122106025692023556495E+0001
   0.189625000000000376588E+0002   0.189052450116088191501E-0001   0.100046326688234797370E-0003   0.538466021667239016504E-0008  -0.454735428502673931534E-0011   0.136268217960111392983E+0002   0.115074419317126915713E-0001  -0.250000000000000035527E+0002   0.123906092538061507469E+0001
   0.196937500000000369482E+0002   0.189052487600373589349E-0001   0.100046329853541437213E-0003   0.486725118523576376768E-0008  -0.411006663524281490162E-0011   0.136270813273144248967E+0002   0.115067227644820718746E-0001  -0.250000000000000035527E+0002   0.125699651856991012622E+0001
   0.204541666666667047991E+0002   0.189052522840851069952E-0001   0.100046332829136630635E-0003   0.440129497889464853880E-0008  -0.371631204083113418725E-0011   0.136273428325102923253E+0002   0.115060561280034053672E-0001  -0.250000000000000035527E+0002   0.127489389834279420732E+0001
   0.212437500000000376588E+0002   0.189052555933658522624E-0001   0.100046335623179920554E-0003   0.398088739585557024594E-0008  -0.336108960912306942791E-0011   0.136276059878110551438E+0002   0.115054427027941712225E-0001  -0.250000000000000035527E+0002   0.129272892926944571457E+0001
   0.220645833333333705184E+0002   0.189052587055713941511E-0001   0.100046338250646307377E-0003   0.360200207319270384320E-0008  -0.304098731902754233715E-0011   0.136278711638751701685E+0002   0.115048812772838744689E-0001  -0.250000000000000035527E+0002   0.131052480515475155975E+0001
   0.229166666666667033780E+0002   0.189052616291139757854E-0001   0.100046340718671657437E-0003   0.325996762344099856638E-0008  -0.275204960054115216194E-0011   0.136281380381876502383E+0002   0.115043719812656930479E-0001  -0.250000000000000035527E+0002   0.132825794919614370571E+0001
   0.238020833333333712289E+0002   0.189052643790532312607E-0001   0.100046343039999384916E-0003   0.295153720286236365417E-0008  -0.249152615068266451167E-0011   0.136284069425989855517E+0002   0.115039134147596616708E-0001  -0.250000000000000035527E+0002   0.134594856666275997092E+0001
   0.247208333333333705184E+0002   0.189052669628704400617E-0001   0.100046345220971801470E-0003   0.267298787566622040023E-0008  -0.225626544568551219375E-0011   0.136286775591505566751E+0002   0.115035051394232392535E-0001  -0.250000000000000035527E+0002   0.136357392875034588720E+0001
   0.256708333333333698079E+0002   0.189052693828738599402E-0001   0.100046347263561992424E-0003   0.242165641379528293205E-0008  -0.204401216843796240237E-0011   0.136289490208746215671E+0002   0.115031465567779645626E-0001  -0.250000000000000035527E+0002   0.138107657390805482756E+0001
   0.266520833333333690973E+0002   0.189052716482206450976E-0001   0.100046349175521325685E-0003   0.219552127442817901389E-0008  -0.185305415928908160520E-0011   0.136292211263360130147E+0002   0.115028356524752312789E-0001  -0.250000000000000035527E+0002   0.139844370596358880121E+0001
   0.276666666666667033780E+0002   0.189052737725949812631E-0001   0.100046350968418645009E-0003   0.199207617985102927281E-0008  -0.168127071786968148976E-0011   0.136294942415362925203E+0002   0.115025700269318232466E-0001  -0.250000000000000035527E+0002   0.141569921676657628495E+0001
   0.287145833333333690973E+0002   0.189052757640601545863E-0001   0.100046352649075913094E-0003   0.180865920576060240884E-0008  -0.152641025018103814897E-0011   0.136297681522226916684E+0002   0.115023477764880522473E-0001  -0.250000000000000035527E+0002   0.143282997436244174949E+0001
   0.297979166666667012464E+0002   0.189052776339223849167E-0001   0.100046354227049314996E-0003   0.164332820231676704163E-0008  -0.138682997525374799710E-0011   0.136300431869002132146E+0002   0.115021663870177610206E-0001  -0.250000000000000035527E+0002   0.144985688009014612732E+0001
   0.309166666666666998253E+0002   0.189052793889079792655E-0001   0.100046355708027740828E-0003   0.149401666735283864323E-0008  -0.126078238211920361613E-0011   0.136303191285243077147E+0002   0.115020236209609875988E-0001  -0.250000000000000035527E+0002   0.146676677121466036979E+0001
   0.320708333333333683868E+0002   0.189052810354806838378E-0001   0.100046357097476626636E-0003   0.135919639556778193115E-0008  -0.114697511335540414397E-0011   0.136305957841850347023E+0002   0.115019168410220376519E-0001  -0.250000000000000000000E+0002   0.148354835672489948628E+0001
   0.332625000000000383693E+0002   0.189052825826891979233E-0001   0.100046358403040952989E-0003   0.123746852716861963258E-0008  -0.104422551607113572418E-0011   0.136308734558093735956E+0002   0.115018432300945695756E-0001  -0.250000000000000035527E+0002   0.150022062070884310003E+0001
   0.344916666666667026675E+0002   0.189052840361009916181E-0001   0.100046359629426590996E-0003   0.112736089308113937691E-0008  -0.951289173888385586054E-0012   0.136311519451551603765E+0002   0.115018000275625316420E-0001  -0.250000000000000035527E+0002   0.151677225119494818451E+0001
   0.357604166666666998253E+0002   0.189052854032907141635E-0001   0.100046360783031688729E-0003   0.102777509950251727464E-0008  -0.867237749714216330137E-0012   0.136314315256671836352E+0002   0.115017842638312373788E-0001  -0.250000000000000035527E+0002   0.153322007108935531861E+0001
   0.370687500000000298428E+0002   0.189052866889676401962E-0001   0.100046361867835457895E-0003   0.937554713569303395080E-0009  -0.791093944196491606274E-0012   0.136317119989854802498E+0002   0.115017929132661695518E-0001  -0.250000000000000035527E+0002   0.154955293298032636962E+0001
   0.384166666666666998253E+0002   0.189052878976538329958E-0001   0.100046362887658220374E-0003   0.855826351227544409864E-0009  -0.722119718788072316435E-0012   0.136319931878959668126E+0002   0.115018226894789479808E-0001  -0.250000000000000035527E+0002   0.156576126048313901684E+0001
   0.398062500000000341061E+0002   0.189052890354768632353E-0001   0.100046363847674005775E-0003   0.781790223877173678681E-0009  -0.659639389311864263681E-0012   0.136322753466587123228E+0002   0.115018703563396947065E-0001  -0.250000000000000035527E+0002   0.158186058526383810374E+0001
   0.412395833333333641235E+0002   0.189052901079204763168E-0001   0.100046364752512791053E-0003   0.714615622332451309664E-0009  -0.602951237545556404835E-0012   0.136325586988537832411E+0002   0.115019327101125532625E-0001  -0.250000000000000000000E+0002   0.159786428373781164147E+0001
   0.427166666666666969832E+0002   0.189052911184075175810E-0001   0.100046365605065086307E-0003   0.653579133429808129207E-0009  -0.551444187161690919568E-0012   0.136328430493219059372E+0002   0.115020062767550879795E-0001  -0.250000000000000035527E+0002   0.161376179400170638445E+0001
   0.442375000000000326850E+0002   0.189052920702422119770E-0001   0.100046366408120841881E-0003   0.598126293806291541919E-0009  -0.504649932552965001498E-0012   0.136331282226792147583E+0002   0.115020874068082999686E-0001  -0.250000000000000035527E+0002   0.162954398888720675131E+0001
   0.458041666666667026675E+0002   0.189052929678593384377E-0001   0.100046367165423319987E-0003   0.547747496134807224680E-0009  -0.462138147080663866907E-0012   0.136334144325761741356E+0002   0.115021725654942501282E-0001  -0.250000000000000035527E+0002   0.164522351486195628212E+0001
   0.474187500000000383693E+0002   0.189052938152579133591E-0001   0.100046367880347669092E-0003   0.501914679730407610415E-0009  -0.423462940881757009736E-0012   0.136337018670266587606E+0002   0.115022582043540991942E-0001  -0.250000000000000035527E+0002   0.166081130119421338520E+0001
   0.490812500000000397904E+0002   0.189052946150004771986E-0001   0.100046368555056818320E-0003   0.460164643382783375320E-0009  -0.388233193070411833280E-0012   0.136339903382994194203E+0002   0.115023405193399926721E-0001  -0.250000000000000035527E+0002   0.167629767828600062529E+0001
   0.507937500000000383693E+0002   0.189052953704861997908E-0001   0.100046369192419268464E-0003   0.422138912367705816762E-0009  -0.356146295741026898167E-0012   0.136342800226234484029E+0002   0.115024157464495343367E-0001  -0.250000000000000035527E+0002   0.169169266318861111209E+0001
   0.525562500000000412115E+0002   0.189052960839605765919E-0001   0.100046369794329906766E-0003   0.387463219191990949082E-0009  -0.326886268652313928261E-0012   0.136345707373564266618E+0002   0.115024799664042789993E-0001  -0.250000000000000035527E+0002   0.170698712695497456515E+0001
   0.543708333333333726500E+0002   0.189052967583705974763E-0001   0.100046370363275269593E-0003   0.355845982034273180032E-0009  -0.300207016385189165157E-0012   0.136348626461300526103E+0002   0.115025292935297153429E-0001  -0.250000000000000035527E+0002   0.172219030270470585542E+0001
   0.562395833333333712289E+0002   0.189052973964018017350E-0001   0.100046370901521122646E-0003   0.326984886335524445582E-0009  -0.275853367682889053966E-0012   0.136351558924873632606E+0002   0.115025597995773495169E-0001  -0.250000000000000035527E+0002   0.173731017417232802558E+0001
   0.581625000000000369482E+0002   0.189052979998206929779E-0001   0.100046371410557837335E-0003   0.300612167554615010708E-0009  -0.253599314496383704021E-0012   0.136354502905868475438E+0002   0.115025674202655567302E-0001  -0.250000000000000035527E+0002   0.175233760400003024671E+0001
   0.601437500000000397904E+0002   0.189052985715502178121E-0001   0.100046371892851133347E-0003   0.276518031510028398195E-0009  -0.233267847164877573405E-0012   0.136357462825046926724E+0002   0.115025480860594473548E-0001  -0.250000000000000035527E+0002   0.176729554220742168802E+0001
   0.621833333333333726500E+0002   0.189052991130469194569E-0001   0.100046372349629709899E-0003   0.254460355216690815731E-0009  -0.214654600721731976421E-0012   0.136360436656798587052E+0002   0.115024976433481408017E-0001  -0.250000000000000035527E+0002   0.178217395553392021768E+0001
   0.642812500000000426326E+0002   0.189052996257159100502E-0001   0.100046372782078762595E-0003   0.234272256720098843960E-0009  -0.197618768507031412867E-0012   0.136363422571024521801E+0002   0.115024119069532786835E-0001  -0.250000000000000035527E+0002   0.179696402603507188189E+0001
   0.664416666666667055097E+0002   0.189053001118950209092E-0001   0.100046373192170238347E-0003   0.215799002685283154729E-0009  -0.182029814540046631440E-0012   0.136366424564852621870E+0002   0.115022865566807089288E-0001  -0.250000000000000035527E+0002   0.181168594112927050510E+0001
   0.686645833333333683868E+0002   0.189053005727827586058E-0001   0.100046373580914965944E-0003   0.198863241506343647288E-0009  -0.167738068333528895940E-0012   0.136369440651469702175E+0002   0.115021174007640444165E-0001  -0.250000000000000035527E+0002   0.182633020844352267353E+0001
   0.709541666666667083518E+0002   0.189053010103353985594E-0001   0.100046373949962938464E-0003   0.183341764567053836787E-0009  -0.154639604352164604072E-0012   0.136372474450607583663E+0002   0.115018998968197290467E-0001  -0.250000000000000035527E+0002   0.184091456577302059472E+0001
   0.733104166666667111940E+0002   0.189053014255544035715E-0001   0.100046374300158695189E-0003   0.169092703083348861544E-0009  -0.142614707575912184829E-0012   0.136375523889851493209E+0002   0.115016297926051926093E-0001  -0.250000000000000035527E+0002   0.185542911142685507109E+0001
   0.757375000000000397904E+0002   0.189053018200950051497E-0001   0.100046374632898254836E-0003   0.156016695604844241183E-0009  -0.131579572745931657243E-0012   0.136378592255985147119E+0002   0.115013023427145404803E-0001  -0.250000000000000035527E+0002   0.186988949850848173995E+0001
   0.782375000000000397904E+0002   0.189053021951217647967E-0001   0.100046374949163660627E-0003   0.143999528973322210185E-0009  -0.121437833451154288060E-0012   0.136381679943620657269E+0002   0.115009129552951210734E-0001  -0.250000000000000035527E+0002   0.188429743114467562748E+0001
   0.808104166666667111940E+0002   0.189053025514124700690E-0001   0.100046375249610909088E-0003   0.132950405978144187478E-0009  -0.112112893484891636086E-0012   0.136384784818586624056E+0002   0.115004573279103832623E-0001  -0.250000000000000000000E+0002   0.189864278718959655912E+0001
   0.834625000000000483169E+0002   0.189053028905488348932E-0001   0.100046375535573785730E-0003   0.122796067701749571122E-0009  -0.103542966453772181970E-0012   0.136387912153529118342E+0002   0.114999300632260895161E-0001  -0.250000000000000035527E+0002   0.191294973953026126168E+0001
   0.861937500000000511591E+0002   0.189053032131706599817E-0001   0.100046375807591897975E-0003   0.113444642379066426473E-0009  -0.956505350877209537266E-0013   0.136391059590069261276E+0002   0.114993268256064554156E-0001  -0.250000000000000035527E+0002   0.192720712098580704286E+0001
   0.890083333333333825976E+0002   0.189053035203628622130E-0001   0.100046376066580068511E-0003   0.104837642499501742640E-0009  -0.883862737413866231306E-0013   0.136394229587930979619E+0002   0.114986423729353942624E-0001  -0.250000000000000035527E+0002   0.194142565876400352565E+0001
   0.919083333333333882820E+0002   0.189053038128984343680E-0001   0.100046376313190201000E-0003   0.969074961711041515985E-0010  -0.816931767373761943290E-0013   0.136397422062611450855E+0002   0.114978718911746876502E-0001  -0.250000000000000035527E+0002   0.195560449508869571567E+0001
   0.949000000000000483169E+0002   0.189053040918875925325E-0001   0.100046376548358422701E-0003   0.896000761147250247776E-0010  -0.755255877296437301531E-0013   0.136400641307622301213E+0002   0.114970093721823637956E-0001  -0.250000000000000035527E+0002   0.196976204134878263297E+0001
   0.979833333333333769133E+0002   0.189053043577618318238E-0001   0.100046376772448646075E-0003   0.828558345946798762087E-0010  -0.698332711405763404546E-0013   0.136403884699796851265E+0002   0.114960504523847588387E-0001  -0.250000000000000035527E+0002   0.198388595135102496769E+0001
   0.101164583333333382598E+0003   0.189053046114584094584E-0001   0.100046376986251200295E-0003   0.766362221540929656080E-0010  -0.645837137296655858239E-0013   0.136407156145535140013E+0002   0.114949888635981697926E-0001  -0.250000000000000035527E+0002   0.199799239161371966489E+0001
   0.104447916666666714036E+0003   0.189053048536560810988E-0001   0.100046377190338354373E-0003   0.708927052427570801670E-0010  -0.597359707105028460973E-0013   0.136410457055447444930E+0002   0.114938188612968231889E-0001  -0.250000000000000035527E+0002   0.201208640570694630156E+0001
   0.107837500000000048317E+0003   0.189053050849638248909E-0001   0.100046377385223667772E-0003   0.655863419318519866614E-0010  -0.552571934285379360964E-0013   0.136413788666071376099E+0002   0.114925345826105695934E-0001  -0.250000000000000035527E+0002   0.202617204328238464939E+0001
   0.111337500000000048317E+0003   0.189053053059374948086E-0001   0.100046377571375813987E-0003   0.606820164108222025730E-0010  -0.511177597917023194537E-0013   0.136417152039013984677E+0002   0.114911301013044270941E-0001  -0.250000000000000035527E+0002   0.204025245925655163148E+0001
   0.114952083333333376913E+0003   0.189053055170871966983E-0001   0.100046377749225031545E-0003   0.561479412066847521226E-0010  -0.472908550593785799127E-0013   0.136420548073316627580E+0002   0.114895994542266819544E-0001  -0.250000000000000000000E+0002   0.205433000531689691215E+0001
   0.118687500000000042633E+0003   0.189053057189963596985E-0001   0.100046377919263168761E-0003   0.519553374331878924879E-0010  -0.437522002272237709097E-0013   0.136423979397250825230E+0002   0.114879357513226112303E-0001  -0.250000000000000035527E+0002   0.206841404351159940944E+0001
   0.122550000000000039790E+0003   0.189053059121851579905E-0001   0.100046378081928812520E-0003   0.480758090307975121587E-0010  -0.404778392955999823324E-0013   0.136427448320502264778E+0002   0.114861319761770854647E-0001  -0.250000000000000035527E+0002   0.208251230853279967192E+0001
   0.126545833333333376913E+0003   0.189053060971156525194E-0001   0.100046378237611543766E-0003   0.444840861638429510898E-0010  -0.374464539794711904212E-0013   0.136430956866427202101E+0002   0.114841809926821119409E-0001  -0.250000000000000035527E+0002   0.209663105686940998140E+0001
   0.130683333333333365545E+0003   0.189053062742903718596E-0001   0.100046378386734960289E-0003   0.411576215685822781943E-0010  -0.346390205907373822583E-0013   0.136434508547402693068E+0002   0.114820745393861729788E-0001  -0.250000000000000035527E+0002   0.211078221563682522088E+0001
   0.134966666666666696983E+0003   0.189053064439823614862E-0001   0.100046378529529455051E-0003   0.380744312470946844818E-0010  -0.320369955805793612790E-0013   0.136438103022521701746E+0002   0.114798063633702509406E-0001  -0.250000000000000035527E+0002   0.212496202864027372570E+0001
   0.139406250000000028422E+0003   0.189053066066796962574E-0001   0.100046378666406347250E-0003   0.352180694083334174078E-0010  -0.296264987718465529199E-0013   0.136441744934827458025E+0002   0.114773669378396888513E-0001  -0.250000000000000035527E+0002   0.213918626262251443393E+0001
   0.144010416666666685614E+0003   0.189053067627350246394E-0001   0.100046378797662925122E-0003   0.325692890277727832212E-0010  -0.273912924517333543782E-0013   0.136445436734621008412E+0002   0.114747477529103386606E-0001  -0.250000000000000035527E+0002   0.215346165129781885739E+0001
   0.148785416666666691299E+0003   0.189053069123905972959E-0001   0.100046378923503614987E-0003   0.301123752906447273103E-0010  -0.253181197189159194888E-0013   0.136449178938928934457E+0002   0.114719414357806366589E-0001  -0.250000000000000035527E+0002   0.216778715402263788548E+0001
   0.153716666666666696983E+0003   0.189053070552669816307E-0001   0.100046379043610257718E-0003   0.278337486673858047448E-0010  -0.233955408704040290830E-0013   0.136452956226717816435E+0002   0.114689531707731981469E-0001  -0.250000000000000035527E+0002   0.218210157389210968049E+0001
   0.158806250000000034106E+0003   0.189053071915785478319E-0001   0.100046379158164375862E-0003   0.257300474704389167751E-0010  -0.216207003828579235411E-0013   0.136456766885230607045E+0002   0.114657792125765923413E-0001  -0.250000000000000035527E+0002   0.219639690750873661784E+0001
   0.164062500000000028422E+0003   0.189053073217230749314E-0001   0.100046379267501584203E-0003   0.237888193280719117290E-0010  -0.199830799882383628535E-0013   0.136460613693012984271E+0002   0.114624126742201796342E-0001  -0.250000000000000035527E+0002   0.221068248499451325273E+0001
   0.169491666666666702667E+0003   0.189053074460127090717E-0001   0.100046379371885479394E-0003   0.219961005134937806053E-0010  -0.184708952110306535893E-0013   0.136464497612821702432E+0002   0.114588482201575577596E-0001  -0.250000000000000035527E+0002   0.222496067777695927248E+0001
   0.175102083333333382598E+0003   0.189053075647772628187E-0001   0.100046379471594457447E-0003   0.203401453522447057130E-0010  -0.170742294011009081231E-0013   0.136468420878946687935E+0002   0.114550793720177967322E-0001  -0.250000000000000035527E+0002   0.223923834943827637645E+0001
   0.180902083333333393966E+0003   0.189053076783142620654E-0001   0.100046379566879646691E-0003   0.188096901391162916069E-0010  -0.157835742091260007330E-0013   0.136472385431819862589E+0002   0.114510998886525328100E-0001  -0.250000000000000035527E+0002   0.225352104573857392467E+0001
   0.186902083333333393966E+0003   0.189053077869297050939E-0001   0.100046379657999304083E-0003   0.173946590314263544261E-0010  -0.145904218572763983640E-0013   0.136476394314322622137E+0002   0.114469023546488191112E-0001  -0.250000000000000035527E+0002   0.226781800621528972783E+0001
   0.193110416666666736774E+0003   0.189053078908600069585E-0001   0.100046379745153112559E-0003   0.160854926514264861622E-0010  -0.134867036192773732011E-0013   0.136480448854336717801E+0002   0.114424810563568870453E-0001  -0.250000000000000035527E+0002   0.228213204100571953603E+0001
   0.199537500000000079581E+0003   0.189053079903522408545E-0001   0.100046379828549726826E-0003   0.148741105539307160589E-0010  -0.124655949913824871899E-0013   0.136484551469318962091E+0002   0.114378291361829243639E-0001  -0.250000000000000035527E+0002   0.229646960026051472070E+0001
   0.206195833333333411019E+0003   0.189053080856581984248E-0001   0.100046379908401623406E-0003   0.137528013226743365540E-0010  -0.115205831851545735037E-0013   0.136488705518246415949E+0002   0.114329386267418391110E-0001  -0.250000000000000035527E+0002   0.231084013080346517555E+0001
   0.213095833333333416704E+0003   0.189053081769717870597E-0001   0.100046379984872652351E-0003   0.127142858730965253176E-0010  -0.106455232270387333902E-0013   0.136492912683490050796E+0002   0.114278034499620071568E-0001  -0.250000000000000035527E+0002   0.232524693641338320305E+0001
   0.220245833333333422388E+0003   0.189053082644421374670E-0001   0.100046380058089177424E-0003   0.117523640769125855126E-0010  -0.983517955886216190460E-0014   0.136497173154855868660E+0002   0.114224194995530773517E-0001  -0.250000000000000035527E+0002   0.233968805030609239282E+0001
   0.227608333333333433757E+0003   0.189053083476909133953E-0001   0.100046380127736427631E-0003   0.108613676242632781680E-0010  -0.908478754941993351707E-0014   0.136501460757605972418E+0002   0.114168172454838443008E-0001  -0.250000000000000035527E+0002   0.235407296192828274783E+0001
   0.235187500000000113687E+0003   0.189053084269057147804E-0001   0.100046380193973536744E-0003   0.100414369749458987777E-0010  -0.839442320811092095511E-0014   0.136505775005632461472E+0002   0.114109968540143640742E-0001  -0.250000000000000035527E+0002   0.236839971471544696868E+0001
   0.242989583333333456494E+0003   0.189053085023076286597E-0001   0.100046380256987719375E-0003   0.928676391775068255970E-0011  -0.775917643371257175000E-0014   0.136510116398840235519E+0002   0.114049583977962210729E-0001  -0.250000000000000000000E+0002   0.238267019271540192449E+0001
   0.251022916666666787933E+0003   0.189053085741217249960E-0001   0.100046380316969253004E-0003   0.859183787185156141980E-0011  -0.717438988549815642443E-0014   0.136514486443586857689E+0002   0.113987008849163080904E-0001  -0.250000000000000035527E+0002   0.239688951977595499088E+0001
   0.259291666666666799301E+0003   0.189053086425196234521E-0001   0.100046380374063745983E-0003   0.795147474050699474363E-0011  -0.663568524442957351824E-0014   0.136518884270952103321E+0002   0.113922269908894747276E-0001  -0.250000000000000035527E+0002   0.241105498834794440555E+0001
   0.267804166666666787933E+0003   0.189053087076963347024E-0001   0.100046380428436213882E-0003   0.736133472014292630367E-0011  -0.613939210895836614081E-0014   0.136523311170959029681E+0002   0.113855366316917144820E-0001  -0.250000000000000035527E+0002   0.242517086149680638485E+0001
   0.276566666666666776564E+0003   0.189053087698172680997E-0001   0.100046380480226844044E-0003   0.681713805922179908314E-0011  -0.568189463104704450027E-0014   0.136527767208017198897E+0002   0.113786318850592239882E-0001  -0.250000000000000035527E+0002   0.243923741315164699373E+0001
   0.285585416666666787933E+0003   0.189053088290371054669E-0001   0.100046380529566797824E-0003   0.631514856257228963186E-0011  -0.526003445062353103093E-0014   0.136532252385743770873E+0002   0.113715152835032525663E-0001  -0.250000000000000000000E+0002   0.245325470900424136289E+0001
   0.294868750000000147793E+0003   0.189053088855141368518E-0001   0.100046380576590136823E-0003   0.585195874771620938248E-0011  -0.487093013760755410833E-0014   0.136536767642496066344E+0002   0.113641882610581706342E-0001  -0.250000000000000035527E+0002   0.246722572118054461754E+0001
   0.304422916666666822039E+0003   0.189053089393833098630E-0001   0.100046380621411325684E-0003   0.542434909472815408647E-0011  -0.451186098771075615563E-0014   0.136541312793499987066E+0002   0.113566543958947309412E-0001  -0.250000000000000035527E+0002   0.248114989176262890069E+0001
   0.314256250000000136424E+0003   0.189053089907826321614E-0001   0.100046380664147349822E-0003   0.502949532822130268026E-0011  -0.418043826249064614284E-0014   0.136545888565484130339E+0002   0.113489161292387018970E-0001  -0.250000000000000035527E+0002   0.249502944853032060379E+0001
   0.324375000000000113687E+0003   0.189053090398305229103E-0001   0.100046380704898741883E-0003   0.466472313795574635951E-0011  -0.387440168460520321796E-0014   0.136550494621347855428E+0002   0.113409780480390257051E-0001  -0.250000000000000035527E+0002   0.250886336481566463164E+0001
   0.334789583333333439441E+0003   0.189053090866577455653E-0001   0.100046380743776226014E-0003   0.432768080724776546431E-0011  -0.359176134803556552351E-0014   0.136555132418461493415E+0002   0.113328420258663412762E-0001  -0.250000000000000035527E+0002   0.252265599419968555850E+0001
   0.345504166666666776564E+0003   0.189053091313587454114E-0001   0.100046380780860250017E-0003   0.401606705183917771379E-0011  -0.333057356881076472314E-0014   0.136559800536414321925E+0002   0.113245152874645663155E-0001  -0.250000000000000035527E+0002   0.253640308388532709216E+0001
   0.356529166666666753827E+0003   0.189053091740488954375E-0001   0.100046380816248527612E-0003   0.372798586431798525035E-0011  -0.308923269522497151099E-0014   0.136564500244696702680E+0002   0.113160006911834781773E-0001  -0.250000000000000035527E+0002   0.255010836818792618885E+0001
   0.367872916666666753827E+0003   0.189053092148278450990E-0001   0.100046380850025626568E-0003   0.346151238501740482440E-0011  -0.286611212001520209609E-0014   0.136569231770692187666E+0002   0.113073033201035091228E-0001  -0.250000000000000035527E+0002   0.256377248455010509076E+0001
   0.379543750000000102318E+0003   0.189053092537887629243E-0001   0.100046380882270693645E-0003   0.321495074229264586649E-0011  -0.265977779733071755356E-0014   0.136573995259675786684E+0002   0.112984287273457315037E-0001  -0.250000000000000035527E+0002   0.257739581218323410283E+0001
   0.391547916666666765195E+0003   0.189053092910127992776E-0001   0.100046380913052765415E-0003   0.298674594001883892745E-0011  -0.246891511811396214402E-0014   0.136578789957943751432E+0002   0.112893844975797078695E-0001  -0.250000000000000035527E+0002   0.259097618383959771293E+0001
   0.403895833333333428072E+0003   0.189053093265896532404E-0001   0.100046380942447898661E-0003   0.277551483370956330605E-0011  -0.229235333463530058710E-0014   0.136583616714279596493E+0002   0.112801755958994043977E-0001  -0.250000000000000035527E+0002   0.260451601882122441012E+0001
   0.416581250000000068212E+0003   0.189053093605583005798E-0001   0.100046380970490164436E-0003   0.257989284043287049058E-0011  -0.212894138624903895568E-0014   0.136588469956348514955E+0002   0.112708195552976755266E-0001  -0.250000000000000000000E+0002   0.261799983356777277166E+0001
   0.429604166666666742458E+0003   0.189053093929782492499E-0001   0.100046380997230628662E-0003   0.239888872698008314088E-0011  -0.197783744340482925187E-0014   0.136593346849706733792E+0002   0.112613291940311267131E-0001  -0.250000000000000000000E+0002   0.263142020115412167414E+0001
   0.442972916666666719721E+0003   0.189053094239299696033E-0001   0.100046381022737514762E-0003   0.223145214377263152225E-0011  -0.183815122042663557853E-0014   0.136598247735886655363E+0002   0.112517117342663085233E-0001  -0.250000000000000035527E+0002   0.264477870167686823777E+0001
   0.456700000000000045475E+0003   0.189053094534984908459E-0001   0.100046381047082678234E-0003   0.207649497602475340319E-0011  -0.170896279405533310546E-0014   0.136603174333719010747E+0002   0.112419720284628963519E-0001  -0.250000000000000035527E+0002   0.265808064630350093793E+0001
   0.470793750000000045475E+0003   0.189053094817534586558E-0001   0.100046381070325235202E-0003   0.193297742009227788817E-0011  -0.158939467200061054305E-0014   0.136608126719202296329E+0002   0.112321183402570145410E-0001  -0.250000000000000035527E+0002   0.267132679291088459550E+0001
   0.485264583333333405335E+0003   0.189053095087638317606E-0001   0.100046381092523597057E-0003   0.180000490034261171249E-0011  -0.147869077341678853762E-0014   0.136613105620466761536E+0002   0.112221578223624281201E-0001  -0.250000000000000035527E+0002   0.268451960037247827628E+0001
   0.500125000000000056843E+0003   0.189053095345974378483E-0001   0.100046381113735118095E-0003   0.167674114719049078312E-0011  -0.137614464988779248807E-0014   0.136618112338182520205E+0002   0.112120966993315765436E-0001  -0.250000000000000000000E+0002   0.269766297039523594847E+0001
   0.515385416666666742458E+0003   0.189053095593134448671E-0001   0.100046381134009969771E-0003   0.156240719050880606219E-0011  -0.128109890381005504508E-0014   0.136623147329431695596E+0002   0.112019430625636146753E-0001  -0.250000000000000035527E+0002   0.271075849321169437545E+0001
   0.531058333333333393966E+0003   0.189053095829701256481E-0001   0.100046381153397456179E-0003   0.145631317565123458746E-0011  -0.119297082408709701460E-0014   0.136628211621121504749E+0002   0.111917040351884079785E-0001  -0.250000000000000035527E+0002   0.272380917827657409447E+0001
   0.547158333333333416704E+0003   0.189053096056244485101E-0001   0.100046381171945743000E-0003   0.135781565496635531725E-0011  -0.111121718557804498085E-0014   0.136633306742179598814E+0002   0.111813859244899362760E-0001  -0.250000000000000035527E+0002   0.273681923285163497539E+0001
   0.563700000000000045475E+0003   0.189053096273287674078E-0001   0.100046381189699119894E-0003   0.126631686499573316164E-0011  -0.103533371126428915565E-0014   0.136638434031428683824E+0002   0.111709955989055878534E-0001  -0.250000000000000035527E+0002   0.274979225282682326892E+0001
   0.580697916666666742458E+0003   0.189053096481312937760E-0001   0.100046381206698325756E-0003   0.118127505413406085036E-0011  -0.964863393712587920620E-0015   0.136643594653340496592E+0002   0.111605404437032946358E-0001  -0.250000000000000035527E+0002   0.276273127931971718141E+0001
   0.598166666666666742458E+0003   0.189053096680765198023E-0001   0.100046381222981036613E-0003   0.110219787487055640623E-0011  -0.899390923516222094491E-0015   0.136648789609625040953E+0002   0.111500283361315056380E-0001  -0.250000000000000035527E+0002   0.277563885075503691269E+0001
   0.616100000000000022737E+0003   0.189053096871834511172E-0001   0.100046381238564084703E-0003   0.102863057226178959102E-0011  -0.838533744242918313151E-0015   0.136654013773066722592E+0002   0.111394795520476357770E-0001  -0.250000000000000035527E+0002   0.278850232660296981635E+0001
   0.634404166666666696983E+0003   0.189053097053860225119E-0001   0.100046381253394940430E-0003   0.960217160344261805412E-0012  -0.781993934412882277952E-0015   0.136659237792284802282E+0002   0.111289624962996533397E-0001  -0.250000000000000035527E+0002   0.280125032045739486009E+0001
   0.653085416666666674246E+0003   0.189053097227335695218E-0001   0.100046381267515318474E-0003   0.896950354110311990945E-0012  -0.729753735651439751358E-0015   0.136664462277202609641E+0002   0.111184848550602965317E-0001  -0.250000000000000035527E+0002   0.281388621992896004187E+0001
   0.672149999999999977263E+0003   0.189053097392757954442E-0001   0.100046381280966987723E-0003   0.838393631992059366478E-0012  -0.681445906548312491310E-0015   0.136669687652311395709E+0002   0.111080549708988986224E-0001  -0.250000000000000035527E+0002   0.282641320008326246693E+0001
   0.691606249999999931788E+0003   0.189053097550605300747E-0001   0.100046381293790199183E-0003   0.784152672561714776027E-0012  -0.636738798566130513482E-0015   0.136674914851423068285E+0002   0.110976798740310862723E-0001  -0.250000000000000000000E+0002   0.283883555152665723043E+0001
   0.711462499999999977263E+0003   0.189053097701319741675E-0001   0.100046381306022059672E-0003   0.733864730371035851526E-0012  -0.595327604279670586817E-0015   0.136680144723761944903E+0002   0.110873664673121589963E-0001  -0.250000000000000035527E+0002   0.285115723769001450094E+0001
   0.731729166666666628771E+0003   0.189053097845324827309E-0001   0.100046381317698103918E-0003   0.687202602413950848399E-0012  -0.556937414333596443890E-0015   0.136685378572819278276E+0002   0.110771204603780631243E-0001  -0.250000000000000000000E+0002   0.286338316113999358237E+0001
   0.752414583333333325754E+0003   0.189053097982996715087E-0001   0.100046381328849936414E-0003   0.643865269949638329990E-0012  -0.521315609264430159625E-0015   0.136690617068062749695E+0002   0.110669484967245001367E-0001  -0.250000000000000000000E+0002   0.287551660730874791838E+0001
   0.773527083333333280279E+0003   0.189053098114683945652E-0001   0.100046381339506803513E-0003   0.603585335279856515807E-0012  -0.488237723781202443728E-0015   0.136695860817238674656E+0002   0.110568569950172009009E-0001  -0.250000000000000035527E+0002   0.288756061576566969151E+0001
   0.795074999999999931788E+0003   0.189053098240710634736E-0001   0.100046381349695945795E-0003   0.566119968312613909903E-0012  -0.457499993720394681506E-0015   0.136701110368395859496E+0002   0.110468521371920608970E-0001  -0.250000000000000035527E+0002   0.289951800023785954963E+0001
   0.817068749999999909051E+0003   0.189053098361389795845E-0001   0.100046381359443573847E-0003   0.531248571168164944312E-0012  -0.428917343876717055406E-0015   0.136706366705050541555E+0002   0.110369389274806821433E-0001  -0.250000000000000000000E+0002   0.291139247648463106444E+0001
   0.839518749999999954525E+0003   0.189053098477011891076E-0001   0.100046381368774028008E-0003   0.498766966037285083015E-0012  -0.402318656555051765686E-0015   0.136711630720038641584E+0002   0.110271222033127471590E-0001  -0.250000000000000035527E+0002   0.292318745060842877237E+0001
   0.862433333333333280279E+0003   0.189053098587835949340E-0001   0.100046381377709019426E-0003   0.468489461110425174479E-0012  -0.377548403683007745818E-0015   0.136716902750769957464E+0002   0.110174074646541778760E-0001  -0.250000000000000035527E+0002   0.293490499318971220788E+0001
   0.885824999999999931788E+0003   0.189053098694123150603E-0001   0.100046381386270394776E-0003   0.440250200102365298704E-0012  -0.354467573561653554486E-0015   0.136722184022502570855E+0002   0.110077982010233811627E-0001  -0.250000000000000035527E+0002   0.294654907125597498307E+0001
   0.909702083333333234805E+0003   0.189053098796097759915E-0001   0.100046381394476937860E-0003   0.413892027920668744355E-0012  -0.332944743468507633702E-0015   0.136727474737891299128E+0002   0.109982993950232619401E-0001  -0.250000000000000035527E+0002   0.295812130592522226635E+0001
   0.934074999999999931788E+0003   0.189053098893977936101E-0001   0.100046381402346917485E-0003   0.389276816630636966625E-0012  -0.312864270571386586949E-0015   0.136732775516397495608E+0002   0.109889148605423654648E-0001  -0.250000000000000035527E+0002   0.296962417228783248646E+0001
   0.958954166666666651508E+0003   0.189053098987967752032E-0001   0.100046381409897382729E-0003   0.366275652368639906830E-0012  -0.294118357575744683339E-0015   0.136738086911142620039E+0002   0.109796481304941708629E-0001  -0.250000000000000035527E+0002   0.298105993781626565919E+0001
   0.984352083333333325754E+0003   0.189053099078265382516E-0001   0.100046381417144894781E-0003   0.344770679843281669323E-0012  -0.276608482321345141659E-0015   0.136743409845790964141E+0002   0.109705016993026129024E-0001  -0.250000000000000035527E+0002   0.299243159982928297325E+0001
   0.101027708333333328028E+0004   0.189053099165041316176E-0001   0.100046381424103683795E-0003   0.324651837829766360981E-0012  -0.260242789941526725746E-0015   0.136748744308422782723E+0002   0.109614792611201564143E-0001  -0.250000000000000035527E+0002   0.300374009155216725730E+0001
   0.103674374999999986358E+0004   0.189053099248476033645E-0001   0.100046381430788820181E-0003   0.305822100733056358736E-0012  -0.244940178203377975150E-0015   0.136754091515432705251E+0002   0.109525820135962272117E-0001  -0.250000000000000035527E+0002   0.301498890342661862718E+0001
   0.106376249999999981810E+0004   0.189053099328724896755E-0001   0.100046381437213260154E-0003   0.288187226807575653502E-0012  -0.230622119036666187276E-0015   0.136759451752957978954E+0002   0.109438123302487266136E-0001  -0.250000000000000035527E+0002   0.302617949616627424092E+0001
   0.109134583333333307564E+0004   0.189053099405939520339E-0001   0.100046381443389634670E-0003   0.271663990785222730913E-0012  -0.217219189380444797379E-0015   0.136764825666509075575E+0002   0.109351715787497534571E-0001  -0.250000000000000035527E+0002   0.303731403282359879725E+0001
   0.111950624999999968168E+0004   0.189053099480262012944E-0001   0.100046381449329761532E-0003   0.256174415428783744107E-0012  -0.204666429969133679802E-0015   0.136770213829669788907E+0002   0.109266608523081332899E-0001  -0.250000000000000035527E+0002   0.304839447551429110206E+0001
   0.114825416666666637866E+0004   0.189053099551820258384E-0001   0.100046381455044320133E-0003   0.241646721820353028907E-0012  -0.192904094359041433813E-0015   0.136775616363337153558E+0002   0.109182815518055250509E-0001  -0.250000000000000035527E+0002   0.305942181242280053510E+0001
   0.117760624999999981810E+0004   0.189053099620749842646E-0001   0.100046381460544531964E-0003   0.228016145840122452909E-0012  -0.181878235883190704583E-0015   0.136781034493986641820E+0002   0.109100329798623232880E-0001  -0.250000000000000000000E+0002   0.307039924868549540804E+0001
   0.120757291666666651508E+0004   0.189053099687162898257E-0001   0.100046381465839775374E-0003   0.215219597395384791437E-0012  -0.171536480004208390967E-0015   0.136786468211745955159E+0002   0.109019159741516186157E-0001  -0.250000000000000035527E+0002   0.308132742601038644992E+0001
   0.123816874999999981810E+0004   0.189053099751174194521E-0001   0.100046381470939537133E-0003   0.203202127019647972531E-0012  -0.161833124208714075408E-0015   0.136791918215765591071E+0002   0.108939299216631053230E-0001  -0.250000000000000035527E+0002   0.309220838369088513176E+0001
   0.126940833333333307564E+0004   0.189053099812891492459E-0001   0.100046381475852789013E-0003   0.191911091681485676262E-0012  -0.152724478538623169247E-0015   0.136797385124774795173E+0002   0.108860739955492728109E-0001  -0.250000000000000035527E+0002   0.310304395720860615171E+0001
   0.130130624999999963620E+0004   0.189053099872415891758E-0001   0.100046381480587852266E-0003   0.181297970180306258501E-0012  -0.144170301475309796233E-0015   0.136802869484275522183E+0002   0.108783471500697483114E-0001  -0.250000000000000035527E+0002   0.311383579431523616066E+0001
   0.133387708333333307564E+0004   0.189053099929842177707E-0001   0.100046381485152641568E-0003   0.171317975891643335235E-0012  -0.136133474992279981155E-0015   0.136808371770651575616E+0002   0.108707481217885214980E-0001  -0.250000000000000035527E+0002   0.312458536994961511013E+0001
   0.136713541666666651508E+0004   0.189053099985259792648E-0001   0.100046381489554502388E-0003   0.161929712831342061098E-0012  -0.128579716347823744408E-0015   0.136813892395054139683E+0002   0.108632754333283527287E-0001  -0.250000000000000035527E+0002   0.313529400008300518365E+0001
   0.140109791666666660603E+0004   0.189053100038756166645E-0001   0.100046381493800725987E-0003   0.153094920887399406298E-0012  -0.121477357713595120654E-0015   0.136819432042715849462E+0002   0.108559269588684049329E-0001  -0.250000000000000035527E+0002   0.314596350109269318196E+0001
   0.143578125000000000000E+0004   0.189053100090413456202E-0001   0.100046381497898034417E-0003   0.144777597807873525640E-0012  -0.114796642985529835372E-0015   0.136824991316448514311E+0002   0.108487004404050554895E-0001  -0.250000000000000035527E+0002   0.315659549265370031890E+0001
   0.147120208333333334849E+0004   0.189053100140308821819E-0001   0.100046381501852797366E-0003   0.136944462624709262361E-0012  -0.108510085968097766272E-0015   0.136830570742350801083E+0002   0.108415934914467323308E-0001  -0.250000000000000035527E+0002   0.316719141314191698910E+0001
   0.150737708333333330302E+0004   0.189053100188514774938E-0001   0.100046381505671059262E-0003   0.129564705731016534648E-0012  -0.102592261312763875138E-0015   0.136836170774048202503E+0002   0.108346036043215302597E-0001  -0.250000000000000035527E+0002   0.317775253396659929095E+0001
   0.154432500000000004547E+0004   0.189053100235102508608E-0001   0.100046381509358593481E-0003   0.122609804982225636616E-0012  -0.970196459410686947361E-0016   0.136841792109856470461E+0002   0.108277277806293221324E-0001  -0.250000000000000035527E+0002   0.318828055940650401112E+0001
   0.158206458333333330302E+0004   0.189053100280138774991E-0001   0.100046381512920956559E-0003   0.116052886519076678675E-0012  -0.917701082320739055564E-0016   0.136847435361008304966E+0002   0.108209629790219120926E-0001  -0.250000000000000035527E+0002   0.319877699652933911167E+0001
   0.162061458333333325754E+0004   0.189053100323686232298E-0001   0.100046381516363271352E-0003   0.109869060585627486044E-0012  -0.868231668103531894773E-0016   0.136853101057486075121E+0002   0.108143061216013497416E-0001  -0.250000000000000000000E+0002   0.320924317051324514694E+0001
   0.165999583333333316659E+0004   0.189053100365806359129E-0001   0.100046381519690579399E-0003   0.104035272135578327424E-0012  -0.821598621513795511430E-0016   0.136858789949862256208E+0002   0.108077537650264170199E-0001  -0.250000000000000035527E+0002   0.321968078452322936656E+0001
   0.170022916666666651508E+0004   0.189053100406556678914E-0001   0.100046381522907624085E-0003   0.985297913952396762012E-0013  -0.777623500311671561102E-0016   0.136864502695007477229E+0002   0.108013025012916284717E-0001  -0.250000000000000000000E+0002   0.323009133577605922483E+0001
   0.174133749999999986358E+0004   0.189053100445993327305E-0001   0.100046381526018986164E-0003   0.933325018241028836877E-0013  -0.736141214241401445719E-0016   0.136870240149505004723E+0002   0.107949486499260578071E-0001  -0.250000000000000035527E+0002   0.324047665144488794553E+0001
   0.178334166666666646961E+0004   0.189053100484166958228E-0001   0.100046381529028812710E-0003   0.884244315509604436029E-0013  -0.696996307729016536451E-0016   0.136876002784299863890E+0002   0.107886889318781886010E-0001  -0.250000000000000035527E+0002   0.325083782651984742884E+0001
   0.182626666666666642413E+0004   0.189053100521129058276E-0001   0.100046381531941305006E-0003   0.837882935466240365535E-0013  -0.660047116312350553602E-0016   0.136881791549005615849E+0002   0.107825195421263134166E-0001  -0.250000000000000035527E+0002   0.326117678812797606724E+0001
   0.187013749999999981810E+0004   0.189053100556927575204E-0001   0.100046381534760393285E-0003   0.794075250221069213314E-0013  -0.625158175585936711382E-0016   0.136887607280657590536E+0002   0.107764368343117346305E-0001  -0.250000000000000035527E+0002   0.327149522351011334820E+0001
   0.191497916666666651508E+0004   0.189053100591607681213E-0001   0.100046381537489763834E-0003   0.752667771160813086084E-0013  -0.592204046311212869853E-0016   0.136893450711566035949E+0002   0.107704373228794461625E-0001  -0.250000000000000000000E+0002   0.328179459794638139769E+0001
   0.196081874999999990905E+0004   0.189053100625213230113E-0001   0.100046381540132994521E-0003   0.713518194679961378531E-0013  -0.561068503248483121102E-0016   0.136899322738767779128E+0002   0.107645174273131565695E-0001  -0.250000000000000035527E+0002   0.329207663336575517832E+0001
   0.200768541666666646961E+0004   0.189053100657786618544E-0001   0.100046381542693527686E-0003   0.676492528567473241513E-0013  -0.531642236826458184616E-0016   0.136905224406343837273E+0002   0.107586735273424768250E-0001  -0.250000000000000035527E+0002   0.330234327015394724114E+0001
   0.205557708333333312112E+0004   0.189053100689346928465E-0001   0.100046381545172962529E-0003   0.641462194512559302432E-0013  -0.503820712608356038466E-0016   0.136911152811609326818E+0002   0.107529059259169317703E-0001  -0.250000000000000035527E+0002   0.331258958392496793977E+0001
   0.210444374999999990905E+0004   0.189053100719884237257E-0001   0.100046381547570675634E-0003   0.608328061524558810294E-0013  -0.477523054298448626433E-0016   0.136917099443408769588E+0002   0.107472200909397748447E-0001  -0.250000000000000035527E+0002   0.332280113129852416876E+0001
   0.215431041666666669698E+0004   0.189053100749439900730E-0001   0.100046381549889973816E-0003   0.577031947111838438814E-0013  -0.452700400334758910361E-0016   0.136923065202410931818E+0002   0.107416123124915129095E-0001  -0.250000000000000035527E+0002   0.333297987320244271103E+0001
   0.220520416666666687888E+0004   0.189053100778055413467E-0001   0.100046381552134245208E-0003   0.547460298680079718882E-0013  -0.429260583491953876284E-0016   0.136929051108729993302E+0002   0.107360790320354393401E-0001  -0.250000000000000035527E+0002   0.334312797595997590605E+0001
   0.225715625000000000000E+0004   0.189053100805771714943E-0001   0.100046381554306796626E-0003   0.519506940008515755058E-0013  -0.407117513842505047607E-0016   0.136935058552952053645E+0002   0.107306166065475917792E-0001  -0.250000000000000035527E+0002   0.335324818016154813094E+0001
   0.231019999999999981810E+0004   0.189053100832627871131E-0001   0.100046381556410745152E-0003   0.493071414877296729941E-0013  -0.386189852075948458271E-0016   0.136941089027249010002E+0002   0.107252215859533431980E-0001  -0.250000000000000035527E+0002   0.336334333303851451547E+0001
   0.236436874999999963620E+0004   0.189053100858660172445E-0001   0.100046381558449045237E-0003   0.468059985815805640429E-0013  -0.366401777389162945720E-0016   0.136947143883367274952E+0002   0.107198909384323311234E-0001  -0.250000000000000035527E+0002   0.337341598064971570636E+0001
   0.241969583333333275732E+0004   0.189053100883902272522E-0001   0.100046381560424407385E-0003   0.444386223124244991690E-0013  -0.347683423345303840332E-0016   0.136953224340743382470E+0002   0.107146220407335901470E-0001  -0.250000000000000035527E+0002   0.338346838887060830103E+0001
   0.247622083333333284827E+0004   0.189053100908388310719E-0001   0.100046381562339569207E-0003   0.421970548278392543117E-0013  -0.329970479076177680130E-0016   0.136959332161232971714E+0002   0.107094121100051089396E-0001  -0.250000000000000035527E+0002   0.339350365992690194972E+0001
   0.253398124999999936335E+0004   0.189053100932148887559E-0001   0.100046381564197024369E-0003   0.400736609068754973614E-0013  -0.313201353628242012735E-0016   0.136965468722702272686E+0002   0.107042590159862061050E-0001  -0.250000000000000035527E+0002   0.340352419657802807151E+0001
   0.259302083333333257542E+0004   0.189053100955214811729E-0001   0.100046381565999239430E-0003   0.380615117798053658843E-0013  -0.297320145264242534531E-0016   0.136971635908991409281E+0002   0.106991605310683898789E-0001  -0.250000000000000035527E+0002   0.341353316272808360310E+0001
   0.265338124999999945430E+0004   0.189053100977613769418E-0001   0.100046381567748409900E-0003   0.361539643188690593147E-0013  -0.282273348976199714460E-0016   0.136977835214506615813E+0002   0.106941150886925226415E-0001  -0.250000000000000035527E+0002   0.342353301937304088653E+0001
   0.271511041666666596939E+0004   0.189053100999373516200E-0001   0.100046381569446812604E-0003   0.343449898960222694736E-0013  -0.268012398538443081536E-0016   0.136984068605335060909E+0002   0.106891210765366843211E-0001  -0.250000000000000035527E+0002   0.343352692153492933258E+0001
   0.277825833333333275732E+0004   0.189053101020520350484E-0001   0.100046381571096507524E-0003   0.326288232249190551433E-0013  -0.254490914830250336881E-0016   0.136990338063430368010E+0002   0.106841772254709834605E-0001  -0.250000000000000035527E+0002   0.344351797393995751051E+0001
   0.284287499999999954525E+0004   0.189053101041078350231E-0001   0.100046381572699473331E-0003   0.310000928694058720582E-0013  -0.241665718793663183254E-0016   0.136996645378859156494E+0002   0.106792827655378102375E-0001  -0.250000000000000035527E+0002   0.345350890065123650174E+0001
   0.290877916666666624224E+0004   0.189053101060999498295E-0001   0.100046381574251996632E-0003   0.294532010623135377756E-0013  -0.229492293410197106444E-0016   0.137002970214427666207E+0002   0.106744538861486028269E-0001  -0.250000000000000035527E+0002   0.346346752575474559066E+0001
   0.297573958333333303017E+0004   0.189053101080231614195E-0001   0.100046381575750092984E-0003   0.279885308539801033143E-0013  -0.217972859710657416413E-0016   0.137009288922482301842E+0002   0.106697083437760631419E-0001  -0.250000000000000035527E+0002   0.347335716971755115168E+0001
   0.304377083333333303017E+0004   0.189053101098803147395E-0001   0.100046381577196012106E-0003   0.266071095039543319921E-0013  -0.207114282492038354765E-0016   0.137015601968366702579E+0002   0.106650454356461074634E-0001  -0.250000000000000035527E+0002   0.348317951271930414947E+0001
   0.311289999999999963620E+0004   0.189053101116746294363E-0001   0.100046381578592356084E-0003   0.253035665199421750421E-0013  -0.196873555108124155601E-0016   0.137021910857669233508E+0002   0.106604640839935600749E-0001  -0.250000000000000035527E+0002   0.349293789274976607118E+0001
   0.318315208333333293922E+0004   0.189053101134090684177E-0001   0.100046381579941455952E-0003   0.240726783338012596148E-0013  -0.187208940132810928452E-0016   0.137028216808892153722E+0002   0.106559636782928776610E-0001  -0.250000000000000035527E+0002   0.350263512778511021395E+0001
   0.325455416666666633319E+0004   0.189053101150864280577E-0001   0.100046381581245534325E-0003   0.229096917762652759029E-0013  -0.178082466262285671665E-0016   0.137034521141647225306E+0002   0.106515437561275107259E-0001  -0.250000000000000035527E+0002   0.351227411921667265204E+0001
   0.332713333333333321207E+0004   0.189053101167093381973E-0001   0.100046381582506732503E-0003   0.218101936075212085778E-0013  -0.169458901714685724054E-0016   0.137040825086712132475E+0002   0.106472041135623959884E-0001  -0.250000000000000035527E+0002   0.352185756245396452968E+0001
   0.340092083333333312112E+0004   0.189053101182803245939E-0001   0.100046381583727002048E-0003   0.207701268558407390638E-0013  -0.161305868366892154484E-0016   0.137047130143881297215E+0002   0.106429445345112266147E-0001  -0.250000000000000035527E+0002   0.353138849299847068508E+0001
   0.347594583333333321207E+0004   0.189053101198017117768E-0001   0.100046381584908240315E-0003   0.197856842493429696839E-0013  -0.153593008808092577541E-0016   0.137053437537687639036E+0002   0.106387651386035120282E-0001  -0.250000000000000035527E+0002   0.354086946046375050656E+0001
   0.355223958333333303017E+0004   0.189053101212757063143E-0001   0.100046381586052182027E-0003   0.188533917328939138976E-0013  -0.146292625006343121974E-0016   0.137059748579282274505E+0002   0.106346661051626035360E-0001  -0.250000000000000035527E+0002   0.355030308109865355704E+0001
   0.362983541666666633319E+0004   0.189053101227044176302E-0001   0.100046381587160507698E-0003   0.179700159676579761101E-0013  -0.139378951521708939603E-0016   0.137066064656853594528E+0002   0.106306476618204699680E-0001  -0.250000000000000035527E+0002   0.355969202292179875968E+0001
   0.370876874999999972715E+0004   0.189053101240898302482E-0001   0.100046381588234789420E-0003   0.171325477880332773654E-0013  -0.132828021176708102700E-0016   0.137072387227416161437E+0002   0.106267100713001178686E-0001  -0.250000000000000035527E+0002   0.356903899211264263869E+0001
   0.378907499999999981810E+0004   0.189053101254338176695E-0001   0.100046381589276517973E-0003   0.163381839406155781867E-0013  -0.126617518881870897191E-0016   0.137078717646532783903E+0002   0.106228537162319520287E-0001  -0.250000000000000035527E+0002   0.357834648165626045824E+0001
   0.387079166666666651508E+0004   0.189053101267381493122E-0001   0.100046381590287102818E-0003   0.155843371520034243340E-0013  -0.120726853528498301286E-0016   0.137085057334226156911E+0002   0.106190789740693604382E-0001  -0.250000000000000035527E+0002   0.358761701898884055595E+0001
   0.395396041666666633319E+0004   0.189053101280045460220E-0001   0.100046381591267899208E-0003   0.148685974997951587697E-0013  -0.115136852605406535900E-0016   0.137091407924825556819E+0002   0.106153861166491322865E-0001  -0.250000000000000000000E+0002   0.359685338319797542894E+0001
   0.403862083333333293922E+0004   0.189053101292345759887E-0001   0.100046381592220181081E-0003   0.141886944205286226066E-0013  -0.109829466332717313017E-0016   0.137097770782374475118E+0002   0.106117755788684708929E-0001  -0.250000000000000035527E+0002   0.360605789788922370676E+0001
   0.412481666666666660603E+0004   0.189053101304297657692E-0001   0.100046381593145113954E-0003   0.135425516189331346897E-0013  -0.104788187278268453406E-0016   0.137104147477615398998E+0002   0.106082476634906611862E-0001  -0.250000000000000035527E+0002   0.361523312762114912289E+0001
   0.421259166666666624224E+0004   0.189053101315915308978E-0001   0.100046381594043836240E-0003   0.129282106295929952824E-0013  -0.999974556018949173035E-0017   0.137110539468181844569E+0002   0.106048027120870368839E-0001  -0.250000000000000035527E+0002   0.362438141507549360654E+0001
   0.430199583333333248447E+0004   0.189053101327212730309E-0001   0.100046381594917486351E-0003   0.123438636742423924869E-0013  -0.954429089733524044464E-0017   0.137116948548846409039E+0002   0.106014408516475078931E-0001  -0.250000000000000035527E+0002   0.363350552624152500769E+0001
   0.439307916666666551464E+0004   0.189053101338202966808E-0001   0.100046381595767067173E-0003   0.117877902858580287645E-0013  -0.911108908653631102356E-0017   0.137123376385134605471E+0002   0.105981622431544561524E-0001  -0.250000000000000035527E+0002   0.364260797999113128398E+0001
   0.448589374999999927240E+0004   0.189053101348898369705E-0001   0.100046381596593554489E-0003   0.112584008345869973285E-0013  -0.869887848238544905061E-0017   0.137129824664125354872E+0002   0.105949669906687995308E-0001  -0.250000000000000035527E+0002   0.365169126516862263543E+0001
   0.458049374999999963620E+0004   0.189053101359310596341E-0001   0.100046381597397869871E-0003   0.107542109863011470693E-0013  -0.830648141670788119689E-0017   0.137136295089404605108E+0002   0.105918551388302674410E-0001  -0.250000000000000035527E+0002   0.366075783413806243871E+0001
   0.467693958333333284827E+0004   0.189053101369451165281E-0001   0.100046381598180961995E-0003   0.102738370439657333972E-0013  -0.793280030484160411334E-0017   0.137142789654493011398E+0002   0.105888265432823088646E-0001  -0.250000000000000035527E+0002   0.366981048391437925105E+0001
   0.477529166666666606034E+0004   0.189053101379330762422E-0001   0.100046381598943644013E-0003   0.981596220392733993191E-0014  -0.757679149923721764419E-0017   0.137149310206279810842E+0002   0.105858810832051269263E-0001  -0.250000000000000035527E+0002   0.367885174227048761253E+0001
   0.487561458333333303017E+0004   0.189053101388959657325E-0001   0.100046381599686729077E-0003   0.937937080365219865400E-0014  -0.723749153930133583351E-0017   0.137155858722423467100E+0002   0.105830185303975830846E-0001  -0.250000000000000035527E+0002   0.368788425528526531139E+0001
   0.497797708333333321207E+0004   0.189053101398347703221E-0001   0.100046381600411003233E-0003   0.896291858620816529050E-0014  -0.691399398897901091294E-0017   0.137162437297126729163E+0002   0.105802385639637234332E-0001  -0.250000000000000035527E+0002   0.369691076451444544659E+0001
   0.508245208333333357587E+0004   0.189053101407504406395E-0001   0.100046381601117225424E-0003   0.856552951702488550459E-0014  -0.660544685048844110707E-0017   0.137169048128085915295E+0002   0.105775407851878503612E-0001  -0.250000000000000035527E+0002   0.370593408572233906639E+0001
   0.518911458333333393966E+0004   0.189053101416438509852E-0001   0.100046381601806046169E-0003   0.818619145784898648179E-0014  -0.631104912219931254255E-0017   0.137175693375514953232E+0002   0.105749247822606688707E-0001  -0.250000000000000035527E+0002   0.371495691464406085913E+0001
   0.529804375000000072760E+0004   0.189053101425158617821E-0001   0.100046381602478197306E-0003   0.782396201559066972543E-0014  -0.603005516393635594723E-0017   0.137182375287082916060E+0002   0.105723900841602127393E-0001  -0.250000000000000035527E+0002   0.372398199727173651041E+0001
   0.540932500000000072760E+0004   0.189053101433672918197E-0001   0.100046381603134275145E-0003   0.747795627207420445003E-0014  -0.576176508060560370329E-0017   0.137189096310923943633E+0002   0.105699361289120791901E-0001  -0.250000000000000035527E+0002   0.373301227922266365411E+0001
   0.552304791666666733363E+0004   0.189053101441989251930E-0001   0.100046381603774930209E-0003   0.714733577582220355797E-0014  -0.550551615013692613751E-0017   0.137195858952236964257E+0002   0.105675623308730450706E-0001  -0.250000000000000035527E+0002   0.374205070791443361600E+0001
   0.563930833333333430346E+0004   0.189053101450115321192E-0001   0.100046381604400758808E-0003   0.683131510207558063935E-0014  -0.526068777970020119184E-0017   0.137202665884285082143E+0002   0.105652680518932388931E-0001  -0.250000000000000035527E+0002   0.375110037813601415735E+0001
   0.575820625000000109139E+0004   0.189053101458058203654E-0001   0.100046381605012330148E-0003   0.652915165977502603983E-0014  -0.502669356568568241152E-0017   0.137209519810382332139E+0002   0.105630526600378801122E-0001  -0.250000000000000035527E+0002   0.376016434441138214240E+0001
   0.587984583333333466726E+0004   0.189053101465824630045E-0001   0.100046381605610159226E-0003   0.624015026423953512107E-0014  -0.480298473739430617567E-0017   0.137216423455277496402E+0002   0.105609155378676815296E-0001  -0.250000000000000035527E+0002   0.376924560870496927478E+0001
   0.600434166666666806123E+0004   0.189053101473421469869E-0001   0.100046381606194761038E-0003   0.596366206691202132176E-0014  -0.458904920897100712233E-0017   0.137223379902900575189E+0002   0.105588559861018518871E-0001  -0.250000000000000035527E+0002   0.377834756119386261375E+0001
   0.613181250000000181899E+0004   0.189053101480854968131E-0001   0.100046381606766677684E-0003   0.569906418424130276287E-0014  -0.438439583800434546946E-0017   0.137230392220540604598E+0002   0.105568733524080311803E-0001  -0.250000000000000035527E+0002   0.378747347990234528581E+0001
   0.626238333333333503106E+0004   0.189053101488131092278E-0001   0.100046381607326369950E-0003   0.544577620138160843128E-0014  -0.418856707786405509151E-0017   0.137237463564362212054E+0002   0.105549670034115732759E-0001  -0.250000000000000035527E+0002   0.379662666714620700148E+0001
   0.639618750000000181899E+0004   0.189053101495255740372E-0001   0.100046381607874244413E-0003   0.520325302527035578748E-0014  -0.400113338623429903275E-0017   0.137244597274298474332E+0002   0.105531363031219280191E-0001  -0.250000000000000035527E+0002   0.380581056851075327785E+0001
   0.653336666666666860692E+0004   0.189053101502234394138E-0001   0.100046381608410788963E-0003   0.497097892206210879856E-0014  -0.382168857227513461325E-0017   0.137251796851016152345E+0002   0.105513806254297348719E-0001  -0.250000000000000035527E+0002   0.381502873693327027027E+0001
   0.667369166666666842502E+0004   0.189053101509053939067E-0001   0.100046381608935000714E-0003   0.474837473453555204901E-0014  -0.364977936462300190729E-0017   0.137259046520455427753E+0002   0.105497038840720955971E-0001  -0.250000000000000035527E+0002   0.382426011911640140184E+0001
   0.681650625000000218279E+0004   0.189053101515683427691E-0001   0.100046381609444494419E-0003   0.453545617620477563091E-0014  -0.348541202629461702313E-0017   0.137266309912612012312E+0002   0.105481137935257724553E-0001  -0.250000000000000035527E+0002   0.383345803950136110316E+0001
   0.696162083333333521296E+0004   0.189053101522118280342E-0001   0.100046381609938917715E-0003   0.433293136601991800233E-0014  -0.332912433582912919159E-0017   0.137273576046388132710E+0002   0.105466110834728336865E-0001  -0.250000000000000035527E+0002   0.384260873124903934439E+0001
   0.710909791666666842502E+0004   0.189053101528366754303E-0001   0.100046381610418948227E-0003   0.414059516441923464067E-0014  -0.318074989809101301485E-0017   0.137280846909671581102E+0002   0.105451931657179007878E-0001  -0.250000000000000035527E+0002   0.385171496973468308056E+0001
   0.725900625000000218279E+0004   0.189053101534437037468E-0001   0.100046381610885182266E-0003   0.395783658364264910638E-0014  -0.303981058109266049898E-0017   0.137288124666246353911E+0002   0.105438573756703977968E-0001  -0.250000000000000035527E+0002   0.386077969914943164298E+0001
   0.741142083333333539485E+0004   0.189053101540337109565E-0001   0.100046381611338270354E-0003   0.378408363955910079302E-0014  -0.290585912810392904035E-0017   0.137295411650802918757E+0002   0.105426010768339076945E-0001  -0.250000000000000035527E+0002   0.386980600698736143528E+0001
   0.756642083333333539485E+0004   0.189053101546074464601E-0001   0.100046381611778808802E-0003   0.361880095757151554483E-0014  -0.277847716464573483119E-0017   0.137302710256047628690E+0002   0.105414216791410702417E-0001  -0.250000000000000000000E+0002   0.387879698088073476825E+0001
   0.772408750000000236469E+0004   0.189053101551656249635E-0001   0.100046381612207312605E-0003   0.346148989031876349370E-0014  -0.265727522024020603400E-0017   0.137310022829576574566E+0002   0.105403166484658705054E-0001  -0.250000000000000035527E+0002   0.388775558186031844343E+0001
   0.788450416666666933452E+0004   0.189053101557089056617E-0001   0.100046381612624323866E-0003   0.331168817594625276844E-0014  -0.254189239754900811125E-0017   0.137317351674131238326E+0002   0.105392834946072301572E-0001  -0.250000000000000035527E+0002   0.389668464744798992427E+0001
   0.804776250000000254659E+0004   0.189053101562379338718E-0001   0.100046381613030330475E-0003   0.316896771236249396770E-0014  -0.243199459329340874506E-0017   0.137324699326735224503E+0002   0.105383197211421867495E-0001  -0.250000000000000035527E+0002   0.390558723194949353186E+0001
   0.821395416666667006211E+0004   0.189053101567532993998E-0001   0.100046381613425793217E-0003   0.303292448905069658712E-0014  -0.232726670743966878673E-0017   0.137332068171565264691E+0002   0.105374228730744732424E-0001  -0.250000000000000035527E+0002   0.391446613444229507550E+0001
   0.838317916666667042591E+0004   0.189053101572555781740E-0001   0.100046381613811172879E-0003   0.290318639150143265615E-0014  -0.222741859579947518376E-0017   0.137339460808984004103E+0002   0.105365904803509553844E-0001  -0.250000000000000035527E+0002   0.392332434593316925486E+0001
   0.855553958333333685005E+0004   0.189053101577453183668E-0001   0.100046381614186876037E-0003   0.277940222419657884740E-0014  -0.213217658648865816690E-0017   0.137346879769221903445E+0002   0.105358200865100035820E-0001  -0.250000000000000035527E+0002   0.393216470294315945111E+0001
   0.873114375000000291038E+0004   0.189053101582230334565E-0001   0.100046381614553309266E-0003   0.266124645188775662241E-0014  -0.204128708875545521962E-0017   0.137354327689196491491E+0002   0.105351092222134515991E-0001  -0.250000000000000035527E+0002   0.394099009960581447842E+0001
   0.891010833333333539485E+0004   0.189053101586892161046E-0001   0.100046381614910852038E-0003   0.254841405854233767937E-0014  -0.195451260403318077370E-0017   0.137361807387284748927E+0002   0.105344553937912928376E-0001  -0.250000000000000035527E+0002   0.394980357298145845490E+0001
   0.909255208333333575865E+0004   0.189053101591443381557E-0001   0.100046381615259856717E-0003   0.244061728626144805002E-0014  -0.187162919159603470383E-0017   0.137369321590742661243E+0002   0.105338561060830376154E-0001  -0.250000000000000035527E+0002   0.395860797915265116842E+0001
   0.927860000000000218279E+0004   0.189053101595888367603E-0001   0.100046381615600702775E-0003   0.233758949059585334446E-0014  -0.179242940450311349134E-0017   0.137376873105877645997E+0002   0.105333088420132298807E-0001  -0.250000000000000035527E+0002   0.396740619455886722733E+0001
   0.946838750000000254659E+0004   0.189053101600231490687E-0001   0.100046381615933688367E-0003   0.223908103287880025929E-0014  -0.171671910552065457270E-0017   0.137384464973340119087E+0002   0.105328110477464972905E-0001  -0.250000000000000035527E+0002   0.397620129356896301331E+0001
   0.966205416666666860692E+0004   0.189053101604476705977E-0001   0.100046381616259138754E-0003   0.214485530224562624596E-0014  -0.164431438923755488301E-0017   0.137392100202153724098E+0002   0.105323601517230396735E-0001  -0.250000000000000035527E+0002   0.398499623568711225374E+0001
   0.985974791666666897072E+0004   0.189053101608627899255E-0001   0.100046381616577352092E-0003   0.205469219982528058518E-0014  -0.157504424052000857768E-0017   0.137399781927743820376E+0002   0.105319535522938132616E-0001  -0.250000000000000000000E+0002   0.399379404745846100511E+0001
   0.100616250000000018190E+0005   0.189053101612688886912E-0001   0.100046381616888599431E-0003   0.196838467593129821695E-0014  -0.150874785423660381228E-0017   0.137407513397719789339E+0002   0.105315886170402640831E-0001  -0.250000000000000035527E+0002   0.400259780259849673456E+0001
   0.102678479166666693345E+0005   0.189053101616662999618E-0001   0.100046381617193178926E-0003   0.188573795895093581327E-0014  -0.144527402683888601341E-0017   0.137415297880379512208E+0002   0.105312626867747095860E-0001  -0.250000000000000035527E+0002   0.401141051524976965936E+0001
   0.104785916666666689707E+0005   0.189053101620553776208E-0001   0.100046381617491361628E-0003   0.180657030000006590276E-0014  -0.138448171385965870140E-0017   0.137423138888280806924E+0002   0.105309730638208278591E-0001  -0.250000000000000035527E+0002   0.402023539048846512145E+0001
   0.106940395833333350311E+0005   0.189053101624364408573E-0001   0.100046381617783364379E-0003   0.173070913817957983787E-0014  -0.132623706953911508679E-0017   0.137431040003098647873E+0002   0.105307170193585583617E-0001  -0.250000000000000035527E+0002   0.402907562102964700301E+0001
   0.109143833333333350311E+0005   0.189053101628097880438E-0001   0.100046381618069431122E-0003   0.165799266112395468220E-0014  -0.127041463404706186659E-0017   0.137439004864196867572E+0002   0.105304917930442009516E-0001  -0.250000000000000035527E+0002   0.403793437226692564224E+0001
   0.111398250000000025466E+0005   0.189053101631757244916E-0001   0.100046381618349778699E-0003   0.158826928322974919278E-0014  -0.121689692096988186217E-0017   0.137447037231329556306E+0002   0.105302945886330632380E-0001  -0.250000000000000035527E+0002   0.404681484950943293200E+0001
   0.113704541666666700621E+0005   0.189053101635343195897E-0001   0.100046381618624515529E-0003   0.152138976436443182738E-0014  -0.116556833896599828218E-0017   0.137455136684829621885E+0002   0.105301226880389082324E-0001  -0.250000000000000035527E+0002   0.405571558121418362930E+0001
   0.116047916666666696983E+0005   0.189053101638833251363E-0001   0.100046381618891852680E-0003   0.145717510863263133949E-0014  -0.111629035926242837990E-0017   0.137463248887275515386E+0002   0.105299746090733933879E-0001  -0.250000000000000035527E+0002   0.406457637397106541499E+0001
   0.118429041666666689707E+0005   0.189053101642230256263E-0001   0.100046381619152061201E-0003   0.139601103941340578073E-0014  -0.106935845373551300794E-0017   0.137471374921751916531E+0002   0.105298474104589916134E-0001  -0.250000000000000035527E+0002   0.407339846642599656690E+0001
   0.120849020833333361225E+0005   0.189053101645538165765E-0001   0.100046381619405439249E-0003   0.133773408933523480321E-0014  -0.102464626427708534310E-0017   0.137479517263758612700E+0002   0.105297377899116265110E-0001  -0.250000000000000035527E+0002   0.408218458365349690098E+0001
   0.123309000000000032742E+0005   0.189053101648760726872E-0001   0.100046381619652230768E-0003   0.128217951076638818113E-0014  -0.982026614368250366837E-0018   0.137487678391422498692E+0002   0.105296425271411749763E-0001  -0.250000000000000035527E+0002   0.409093739139741963129E+0001
   0.125810208333333357587E+0005   0.189053101651901547808E-0001   0.100046381619892761020E-0003   0.122919401845949568820E-0014  -0.941381223668706561577E-0018   0.137495860918409569251E+0002   0.105295584894163855166E-0001  -0.250000000000000035527E+0002   0.409965963780544839778E+0001
   0.128353937500000029104E+0005   0.189053101654964098022E-0001   0.100046381620127301055E-0003   0.117863382523828301543E-0014  -0.902599187039015213656E-0018   0.137504067515248138420E+0002   0.105294826303487850522E-0001  -0.250000000000000000000E+0002   0.410835406676627989953E+0001
   0.130941500000000032742E+0005   0.189053101657951500014E-0001   0.100046381620356040609E-0003   0.113036443441244484218E-0014  -0.865576805311639908918E-0018   0.137512300771039015501E+0002   0.105294119901015881952E-0001  -0.250000000000000035527E+0002   0.411702327166233583711E+0001
   0.133574333333333361225E+0005   0.189053101660866945677E-0001   0.100046381620579277836E-0003   0.108426125150773166794E-0014  -0.830218047214568456911E-0018   0.137520563520735183971E+0002   0.105293436896155799543E-0001  -0.250000000000000035527E+0002   0.412567004027858796888E+0001
   0.136253916666666700621E+0005   0.189053101663713418734E-0001   0.100046381620797202473E-0003   0.104020636908692116972E-0014  -0.796432072386522458620E-0018   0.137528858569365475262E+0002   0.105292749314912937458E-0001  -0.250000000000000035527E+0002   0.413429706168544797151E+0001
   0.138980979166666693345E+0005   0.189053101666492723298E-0001   0.100046381621010004254E-0003   0.998087547063720931061E-0015  -0.764132436554303201798E-0018   0.137537186290285422530E+0002   0.105292030316503238546E-0001  -0.250000000000000035527E+0002   0.414290445256815065278E+0001
   0.141746333333333368500E+0005   0.189053101669197157197E-0001   0.100046381621217032659E-0003   0.957785586365771190312E-0015  -0.733227335498809949395E-0018   0.137545517362291516150E+0002   0.105291258013240490721E-0001  -0.250000000000000035527E+0002   0.415146191206352010994E+0001
   0.144550979166666693345E+0005   0.189053101671829634767E-0001   0.100046381621418531633E-0003   0.919380410602091269582E-0015  -0.703777915060766856230E-0018   0.137553854099373005226E+0002   0.105290409001563330799E-0001  -0.250000000000000035527E+0002   0.415997208489448144775E+0001
   0.147396270833333364862E+0005   0.189053101674393486675E-0001   0.100046381621614772226E-0003   0.882763308830994584282E-0015  -0.675700557595795050204E-0018   0.137562199730119179009E+0002   0.105289459835926149656E-0001  -0.250000000000000035527E+0002   0.416843848773401415286E+0001
   0.150283562500000025466E+0005   0.189053101676891904814E-0001   0.100046381621805998384E-0003   0.847828323144622046672E-0015  -0.648913806161644344090E-0018   0.137570557320733275475E+0002   0.105288388451812223168E-0001  -0.250000000000000035527E+0002   0.417686439557682565038E+0001
   0.153214270833333357587E+0005   0.189053101679327872908E-0001   0.100046381621992426948E-0003   0.814477968109024032968E-0015  -0.623342737468637060342E-0018   0.137578929960510976116E+0002   0.105287174161594193622E-0001  -0.250000000000000035527E+0002   0.418525303320586949951E+0001
   0.156189895833333357587E+0005   0.189053101681704097126E-0001   0.100046381622174274757E-0003   0.782621631820352239309E-0015  -0.598917730158605128562E-0018   0.137587320816183655836E+0002   0.105285797626580336639E-0001  -0.250000000000000035527E+0002   0.419360762955224597448E+0001
   0.159211958333333350311E+0005   0.189053101684023283635E-0001   0.100046381622351758653E-0003   0.752174661422754031910E-0015  -0.575573759195799866057E-0018   0.137595732951501066310E+0002   0.105284240885737002263E-0001  -0.250000000000000000000E+0002   0.420193123837687654287E+0001
   0.162282041666666682431E+0005   0.189053101686287930439E-0001   0.100046381622525014160E-0003   0.723058769886312900181E-0015  -0.553250704758745274651E-0018   0.137604169444804771416E+0002   0.105282487348412473471E-0001  -0.250000000000000035527E+0002   0.421022685770612437040E+0001
   0.165401812500000014552E+0005   0.189053101688500327371E-0001   0.100046381622694285224E-0003   0.695201042957753644455E-0015  -0.531892587389044879000E-0018   0.137612633441469434104E+0002   0.105280521789122127191E-0001  -0.250000000000000035527E+0002   0.421849748142984104504E+0001
   0.168573000000000029104E+0005   0.189053101690662694878E-0001   0.100046381622859707370E-0003   0.668533282832484202649E-0015  -0.511447061895094650763E-0018   0.137621128091330877652E+0002   0.105278330373682772053E-0001  -0.250000000000000035527E+0002   0.422674603758628197880E+0001
   0.171797395833333357587E+0005   0.189053101692777184017E-0001   0.100046381623021470334E-0003   0.642991899508286406844E-0015  -0.491865331701991803006E-0018   0.137629656545352823116E+0002   0.105275900679122555448E-0001  -0.250000000000000000000E+0002   0.423497538589110344986E+0001
   0.175076875000000036380E+0005   0.189053101694845807068E-0001   0.100046381623179682537E-0003   0.618517599093094716749E-0015  -0.473101907693213893791E-0018   0.137638222006447143997E+0002   0.105273221696485438925E-0001  -0.250000000000000035527E+0002   0.424318836712318958604E+0001
   0.178413395833333379414E+0005   0.189053101696870368142E-0001   0.100046381623334533712E-0003   0.595054880392064150635E-0015  -0.455114220243895835602E-0018   0.137646827722938152050E+0002   0.105270283844633317366E-0001  -0.250000000000000035527E+0002   0.425138779615700990178E+0001
   0.181808020833333393966E+0005   0.189053101698852255019E-0001   0.100046381623486105176E-0003   0.572550365170540326988E-0015  -0.437861337937673566469E-0018   0.137655474503988379809E+0002   0.105267079935935699980E-0001  -0.250000000000000035527E+0002   0.425957411624993831367E+0001
   0.185261416666666737001E+0005   0.189053101700792230977E-0001   0.100046381623634451138E-0003   0.550961022396922796085E-0015  -0.421310271543955870752E-0018   0.137664162116960024917E+0002   0.105263604956724200062E-0001  -0.250000000000000035527E+0002   0.426774678328172019093E+0001
   0.188775666666666729725E+0005   0.189053101702692100128E-0001   0.100046381623779707124E-0003   0.530250807834218514538E-0015  -0.405433392784904936190E-0018   0.137672893825614970353E+0002   0.105259854211723642009E-0001  -0.250000000000000035527E+0002   0.427590852618980221678E+0001
   0.192353000000000065484E+0005   0.189053101704553527806E-0001   0.100046381623922008659E-0003   0.510375430265023004771E-0015  -0.390196756718361198897E-0018   0.137681673075880013357E+0002   0.105255824381097380649E-0001  -0.250000000000000035527E+0002   0.428406217465547900503E+0001
   0.195995729166666715173E+0005   0.189053101706377971181E-0001   0.100046381624061491268E-0003   0.491292988497235551560E-0015  -0.375568255375198584346E-0018   0.137690503330351692313E+0002   0.105251513559141349208E-0001  -0.250000000000000035527E+0002   0.429221050218856081671E+0001
   0.199706291666666729725E+0005   0.189053101708166956807E-0001   0.100046381624198236267E-0003   0.472964318818132742245E-0015  -0.361517882880073716314E-0018   0.137699388162231581845E+0002   0.105246921171330866385E-0001  -0.250000000000000035527E+0002   0.430035631228410419880E+0001
   0.203487250000000058208E+0005   0.189053101709922011242E-0001   0.100046381624332352076E-0003   0.455352558668025643711E-0015  -0.348017400046903275353E-0018   0.137708331244186776843E+0002   0.105242047925372273626E-0001  -0.250000000000000000000E+0002   0.430850242582864861873E+0001
   0.207341270833333401242E+0005   0.189053101711644383487E-0001   0.100046381624463974220E-0003   0.438423006479278363162E-0015  -0.335040226121936753563E-0018   0.137717336289205256605E+0002   0.105236895782466356036E-0001  -0.250000000000000035527E+0002   0.431665162560162052330E+0001
   0.211271125000000065484E+0005   0.189053101713335391931E-0001   0.100046381624593184014E-0003   0.422143116366383088294E-0015  -0.322561433874337233294E-0018   0.137726407043104188688E+0002   0.105231467895756207465E-0001  -0.250000000000000035527E+0002   0.432480664916478385607E+0001
   0.215279750000000058208E+0005   0.189053101714996216187E-0001   0.100046381624720089878E-0003   0.406482417375355696328E-0015  -0.310557686799763610289E-0018   0.137735547418862900315E+0002   0.105225768453497403598E-0001  -0.250000000000000035527E+0002   0.433297030827815365939E+0001
   0.219370187500000065484E+0005   0.189053101716628174644E-0001   0.100046381624844746023E-0003   0.391412029798569755105E-0015  -0.299006868099546720065E-0018   0.137744761340987498244E+0002   0.105219802682567590418E-0001  -0.250000000000000035527E+0002   0.434114534713641564423E+0001
   0.223545645833333401242E+0005   0.189053101718232238748E-0001   0.100046381624967287973E-0003   0.376904941771055218779E-0015  -0.287888291765697352898E-0018   0.137754052876993657861E+0002   0.105213576671204112750E-0001  -0.250000000000000035527E+0002   0.434933455833280380176E+0001
   0.227809437500000058208E+0005   0.189053101719809588110E-0001   0.100046381625087742835E-0003   0.362935569473219982460E-0015  -0.277182365401501416397E-0018   0.137763426085871856230E+0002   0.105207097366078524553E-0001  -0.250000000000000035527E+0002   0.435754064722780398711E+0001
   0.232165020833333401242E+0005   0.189053101721361124787E-0001   0.100046381625206219027E-0003   0.349479983085498740840E-0015  -0.266870762647334202726E-0018   0.137772885101752784465E+0002   0.105200372412517419857E-0001  -0.250000000000000035527E+0002   0.436576630551268340952E+0001
   0.236583104166666744277E+0005   0.189053101722876509827E-0001   0.100046381625321930504E-0003   0.336492028688889263480E-0015  -0.256918226091528833850E-0018   0.137782363978044308794E+0002   0.105193461064247949233E-0001  -0.250000000000000035527E+0002   0.437395381312905318083E+0001
   0.241062875000000094587E+0005   0.189053101724356090174E-0001   0.100046381625434877265E-0003   0.324063436155669449389E-0015  -0.247394955437433281414E-0018   0.137791859895999291297E+0002   0.105186380124358790089E-0001  -0.250000000000000035527E+0002   0.438210097490909333828E+0001
   0.245606645833333423070E+0005   0.189053101725801600552E-0001   0.100046381625545221941E-0003   0.312172906684347427315E-0015  -0.238284612110944871941E-0018   0.137801376672622026831E+0002   0.105179142185225608930E-0001  -0.250000000000000000000E+0002   0.439021130024792149982E+0001
   0.250216958333333423070E+0005   0.189053101727214636907E-0001   0.100046381625653045848E-0003   0.300789945106907379172E-0015  -0.229563815108115574768E-0018   0.137810918408547991021E+0002   0.105171759298273315847E-0001  -0.250000000000000035527E+0002   0.439828845736646290021E+0001
   0.254896437500000101863E+0005   0.189053101728596656406E-0001   0.100046381625758511614E-0003   0.289885803568351493345E-0015  -0.221210521088205180891E-0018   0.137820489171291598041E+0002   0.105164243056361204898E-0001  -0.250000000000000035527E+0002   0.440633600174216866208E+0001
   0.259645708333333423070E+0005   0.189053101729948630494E-0001   0.100046381625861673451E-0003   0.279432651460588146843E-0015  -0.213203394797105114587E-0018   0.137830088807342985291E+0002   0.105156607846141128548E-0001  -0.250000000000000035527E+0002   0.441435389235376440809E+0001
   0.264448770833333437622E+0005   0.189053101731266742780E-0001   0.100046381625962233202E-0003   0.269401258536248739993E-0015  -0.205520071088339834433E-0018   0.137839684137336497827E+0002   0.105148894017517580829E-0001  -0.250000000000000035527E+0002   0.442231479147959127829E+0001
   0.269307458333333452174E+0005   0.189053101732552381042E-0001   0.100046381626060299289E-0003   0.259814958976829823938E-0015  -0.198178335073170040430E-0018   0.137849278511002530934E+0002   0.105141112642744265909E-0001  -0.250000000000000035527E+0002   0.443022210259633197893E+0001
   0.274224104166666802485E+0005   0.189053101733807349394E-0001   0.100046381626156007235E-0003   0.250647887569204426388E-0015  -0.191158340856870887694E-0018   0.137858876095996727429E+0002   0.105133273452492678052E-0001  -0.250000000000000035527E+0002   0.443807981892498126797E+0001
   0.279201104166666809760E+0005   0.189053101735033035613E-0001   0.100046381626249465463E-0003   0.241875068446696588075E-0015  -0.184440924346308705955E-0018   0.137868480986917454345E+0002   0.105125385311195546773E-0001  -0.250000000000000035527E+0002   0.444589178394373796266E+0001
   0.284240916666666817036E+0005   0.189053101736230896868E-0001   0.100046381626340809496E-0003   0.233473428217743319186E-0015  -0.178008379471580369057E-0018   0.137878097207339056496E+0002   0.105117456265706350760E-0001  -0.250000000000000035527E+0002   0.445366169688062019105E+0001
   0.289346104166666809760E+0005   0.189053101737402251548E-0001   0.100046381626430093545E-0003   0.225421646350203845657E-0015  -0.171844343609489680536E-0018   0.137887728789879240310E+0002   0.105109493546340568293E-0001  -0.250000000000000035527E+0002   0.446139318030973974771E+0001
   0.294519270833333466726E+0005   0.189053101738548487432E-0001   0.100046381626517480240E-0003   0.217699896941074458187E-0015  -0.165933600221966088923E-0018   0.137897379657574798983E+0002   0.105101503739553521488E-0001  -0.250000000000000000000E+0002   0.446908968714598131555E+0001
   0.299763125000000145519E+0005   0.189053101739670645354E-0001   0.100046381626602996686E-0003   0.210289870762301521535E-0015  -0.160262095415703676542E-0018   0.137907053742312619704E+0002   0.105093492772198541380E-0001  -0.250000000000000035527E+0002   0.447675459841731981925E+0001
   0.305080479166666809760E+0005   0.189053101740769974315E-0001   0.100046381626686778409E-0003   0.203174531466185830925E-0015  -0.154816751518280192663E-0018   0.137916754982011600106E+0002   0.105085466001686965443E-0001  -0.250000000000000035527E+0002   0.448439122207398721542E+0001
   0.310474208333333481278E+0005   0.189053101741847445760E-0001   0.100046381626768852513E-0003   0.196338003804878998125E-0015  -0.149585381620943494808E-0018   0.137926487243045858833E+0002   0.105077428369031080496E-0001  -0.250000000000000035527E+0002   0.449200273353318202396E+0001
   0.315947333333333481278E+0005   0.189053101742904031135E-0001   0.100046381626849354525E-0003   0.189765579557596285091E-0015  -0.144556693782194562127E-0018   0.137936254469490595653E+0002   0.105069384367394366708E-0001  -0.250000000000000035527E+0002   0.449959229413434158573E+0001
   0.321502937500000152795E+0005   0.189053101743940771273E-0001   0.100046381626928311548E-0003   0.183443468664639723626E-0015  -0.139720100958332249837E-0018   0.137946060529967589048E+0002   0.105061338259186242555E-0001  -0.250000000000000035527E+0002   0.450716293228925835024E+0001
   0.327144229166666809760E+0005   0.189053101744958498842E-0001   0.100046381627005832003E-0003   0.177358878053144106240E-0015  -0.135065780907283323264E-0018   0.137955909327462649117E+0002   0.105053294074238887795E-0001  -0.250000000000000035527E+0002   0.451471763021312177955E+0001
   0.332874562500000174623E+0005   0.189053101745958046509E-0001   0.100046381627081942996E-0003   0.171499850759719918449E-0015  -0.130584553141810131288E-0018   0.137965804830434617401E+0002   0.105045255669829751266E-0001  -0.250000000000000035527E+0002   0.452225934746788471585E+0001
   0.338697375000000174623E+0005   0.189053101746940246941E-0001   0.100046381627156725841E-0003   0.165855164212743297630E-0015  -0.126267801210271198504E-0018   0.137975750960105951748E+0002   0.105037226902888990165E-0001  -0.250000000000000035527E+0002   0.452979093501483021100E+0001
   0.344616270833333474002E+0005   0.189053101747905863417E-0001   0.100046381627230234748E-0003   0.160414382931608951546E-0015  -0.122107512595938501252E-0018   0.137985751729937096144E+0002   0.105029211591060080144E-0001  -0.250000000000000000000E+0002   0.453731524160803267876E+0001
   0.350634958333333488554E+0005   0.189053101748855589825E-0001   0.100046381627302523928E-0003   0.155167684044838526356E-0015  -0.118096145461171149122E-0018   0.137995811133574850516E+0002   0.105021213669574762367E-0001  -0.250000000000000035527E+0002   0.454483502863798261018E+0001
   0.356757291666666787933E+0005   0.189053101749790120056E-0001   0.100046381627373620485E-0003   0.150105902160677112872E-0015  -0.114226662626219189279E-0018   0.138005933211052269627E+0002   0.105013237196473433605E-0001  -0.250000000000000035527E+0002   0.455235302014941023430E+0001
   0.362985604166666817036E+0005   0.189053101750709870443E-0001   0.100046381627443605735E-0003   0.145220043337345714721E-0015  -0.110492162645341374794E-0018   0.138016119330995135073E+0002   0.105005288523126547734E-0001  -0.250000000000000035527E+0002   0.455986990363699185025E+0001
   0.369301583333333474002E+0005   0.189053101751612204207E-0001   0.100046381627512262838E-0003   0.140498621698621072051E-0015  -0.106883870068344266121E-0018   0.138026337545988013744E+0002   0.104997399933026772101E-0001  -0.250000000000000035527E+0002   0.456736200519849777635E+0001
   0.375708250000000116415E+0005   0.189053101752497815236E-0001   0.100046381627579618898E-0003   0.135954916999109807476E-0015  -0.103411868519763241183E-0018   0.138036591217707655943E+0002   0.104989575942447278117E-0001  -0.250000000000000035527E+0002   0.457483189392623046388E+0001
   0.382209166666666787933E+0005   0.189053101753367466809E-0001   0.100046381627645755230E-0003   0.131580180213926803230E-0015  -0.100069442381301096718E-0018   0.138046884425805007623E+0002   0.104981820464569632761E-0001  -0.250000000000000035527E+0002   0.458228258132357968435E+0001
   0.388808020833333430346E+0005   0.189053101754221852815E-0001   0.100046381627710726046E-0003   0.127365846666385802834E-0015  -0.968500182951156361623E-0019   0.138057221265354943540E+0002   0.104974137533200423400E-0001  -0.250000000000000035527E+0002   0.458971701237643081583E+0001
   0.395508645833333430346E+0005   0.189053101755061667144E-0001   0.100046381627774585554E-0003   0.123303920209858212380E-0015  -0.937474592980442690365E-0019   0.138067605875519117120E+0002   0.104966531277079569429E-0001  -0.250000000000000035527E+0002   0.459713808680353430702E+0001
   0.402315000000000072760E+0005   0.189053101755887603685E-0001   0.100046381627837387964E-0003   0.119386912456715761365E-0015  -0.907560182708266723631E-0019   0.138078042402922473997E+0002   0.104959005928386799045E-0001  -0.250000000000000035527E+0002   0.460454863305698580689E+0001
   0.409231187500000087311E+0005   0.189053101756700286940E-0001   0.100046381627899160383E-0003   0.115607827872990165536E-0015  -0.878703262952509227987E-0019   0.138088535030018402239E+0002   0.104951565774089178307E-0001  -0.250000000000000035527E+0002   0.461195142898106258400E+0001
   0.416261479166666758829E+0005   0.189053101757500202629E-0001   0.100046381627959957020E-0003   0.111960117387486497200E-0015  -0.850853570394402780450E-0019   0.138099088001519110236E+0002   0.104944215100929699042E-0001  -0.250000000000000035527E+0002   0.461934922027966798908E+0001
   0.423410291666666744277E+0005   0.189053101758288044643E-0001   0.100046381628019804980E-0003   0.108437631245255347231E-0015  -0.823963906279505323886E-0019   0.138109705587359350432E+0002   0.104936958179663863966E-0001  -0.250000000000000035527E+0002   0.462674469419045752971E+0001
   0.430682166666666744277E+0005   0.189053101759064229315E-0001   0.100046381628078785578E-0003   0.105034604481147964358E-0015  -0.797990023791219476917E-0019   0.138120392047717430728E+0002   0.104929799238680076384E-0001  -0.250000000000000035527E+0002   0.463414045555984177582E+0001
   0.438081833333333415794E+0005   0.189053101759829311757E-0001   0.100046381628136898815E-0003   0.101745653107723769062E-0015  -0.772890596510553317665E-0019   0.138131151720644353986E+0002   0.104922742349127864903E-0001  -0.250000000000000035527E+0002   0.464153908779827695241E+0001
   0.445614145833333386690E+0005   0.189053101760583708302E-0001   0.100046381628194198899E-0003   0.985657016250907778019E-0016  -0.748626664969026271363E-0019   0.138141988925084113760E+0002   0.104915791430309074395E-0001  -0.250000000000000035527E+0002   0.464894308576922732357E+0001
   0.453271125000000029104E+0005   0.189053101761326655672E-0001   0.100046381628250604517E-0003   0.954882470440180165987E-0016  -0.725148496842922718172E-0019   0.138152889596723991161E+0002   0.104908961828225014840E-0001  -0.250000000000000035527E+0002   0.465634243896082544723E+0001
   0.461029937500000014552E+0005   0.189053101762056002810E-0001   0.100046381628305980143E-0003   0.925120467344698528858E-0016  -0.702446488725317977624E-0019   0.138163819404534535806E+0002   0.104902280337053708387E-0001  -0.250000000000000035527E+0002   0.466371377557943844749E+0001
   0.468893520833333313931E+0005   0.189053101762772235439E-0001   0.100046381628360352882E-0003   0.896459319780063065864E-0016  -0.680587541627963046080E-0019   0.138174781188492463713E+0002   0.104895748921561612205E-0001  -0.250000000000000035527E+0002   0.467105913698129437961E+0001
   0.476864499999999970896E+0005   0.189053101763475839281E-0001   0.100046381628413776944E-0003   0.868845823514483649088E-0016  -0.659530839057876881200E-0019   0.138185777271608625227E+0002   0.104889368729995744595E-0001  -0.250000000000000035527E+0002   0.467838015028421505548E+0001
   0.484942437499999941792E+0005   0.189053101764166953114E-0001   0.100046381628466225224E-0003   0.842228196704678531089E-0016  -0.639236666532483280941E-0019   0.138196805723496023433E+0002   0.104883142728228028612E-0001  -0.250000000000000035527E+0002   0.468567559577886694200E+0001
   0.493125062499999912689E+0005   0.189053101764845646326E-0001   0.100046381628517724828E-0003   0.816569095005743365259E-0016  -0.619676317526140203142E-0019   0.138207862228633846513E+0002   0.104877074374898349163E-0001  -0.250000000000000035527E+0002   0.469294272245193866411E+0001
   0.501404249999999883585E+0005   0.189053101765511433197E-0001   0.100046381628568248649E-0003   0.791833552589058123317E-0016  -0.600822930502109433111E-0019   0.138218934856792561305E+0002   0.104871170244862088605E-0001  -0.250000000000000035527E+0002   0.470017389460412893243E+0001
   0.509784187499999898137E+0005   0.189053101766165077002E-0001   0.100046381628617850898E-0003   0.768022295395136912084E-0016  -0.582676742946414588334E-0019   0.138230028391682644440E+0002   0.104865426698331973276E-0001  -0.250000000000000035527E+0002   0.470737247617942244915E+0001
   0.518269416666666584206E+0005   0.189053101766807063466E-0001   0.100046381628666531576E-0003   0.745086192084483186311E-0016  -0.565200083642168823703E-0019   0.138241147908257424604E+0002   0.104859839161889917963E-0001  -0.250000000000000035527E+0002   0.471454192472506949940E+0001
   0.526864583333333284827E+0005   0.189053101767437947700E-0001   0.100046381628714399102E-0003   0.722978690616469953271E-0016  -0.548357258878871869896E-0019   0.138252298421357977531E+0002   0.104854402632855742833E-0001  -0.250000000000000035527E+0002   0.472168557140277922457E+0001
   0.535574499999999970896E+0005   0.189053101768058423593E-0001   0.100046381628761453476E-0003   0.701656627569503070549E-0016  -0.532115172329701794330E-0019   0.138263484966140968169E+0002   0.104849111663778329223E-0001  -0.250000000000000035527E+0002   0.472880667525495734793E+0001
   0.544404062500000000000E+0005   0.189053101768668838090E-0001   0.100046381628807748909E-0003   0.681079675340675202280E-0016  -0.516442903538386766797E-0019   0.138274712489239188784E+0002   0.104843960439143287638E-0001  -0.250000000000000035527E+0002   0.473590835590479919404E+0001
   0.553358354166666686069E+0005   0.189053101769269815691E-0001   0.100046381628853312505E-0003   0.661210483913302994921E-0016  -0.501311813799788350135E-0019   0.138285985981122738764E+0002   0.104838942738310330477E-0001  -0.250000000000000035527E+0002   0.474299367983600461685E+0001
   0.562442541666666656965E+0005   0.189053101769861772730E-0001   0.100046381628898171370E-0003   0.642014039973852949823E-0016  -0.486695058015934643100E-0019   0.138297310342101376079E+0002   0.104834052025359666244E-0001  -0.250000000000000035527E+0002   0.475006557755666225518E+0001
   0.571661958333333313931E+0005   0.189053101770445125540E-0001   0.100046381628942406819E-0003   0.623457870951514672698E-0016  -0.472567738207583268105E-0019   0.138308690486289442845E+0002   0.104829281433008979219E-0001  -0.250000000000000035527E+0002   0.475712691105575569139E+0001
   0.581022083333333284827E+0005   0.189053101771020290456E-0001   0.100046381628985991746E-0003   0.605511594071347726878E-0016  -0.458906559765976217692E-0019   0.138320131312778880073E+0002   0.104824623806793418984E-0001  -0.250000000000000035527E+0002   0.476418045700025150069E+0001
   0.590527770833333270275E+0005   0.189053101771587683810E-0001   0.100046381629028980362E-0003   0.588146279112837319270E-0016  -0.445689348181627423690E-0019   0.138331636774114521415E+0002   0.104820072121734504667E-0001  -0.250000000000000035527E+0002   0.477122833985659955403E+0001
   0.600143833333333241171E+0005   0.189053101772145154547E-0001   0.100046381629071237142E-0003   0.571309387938457711905E-0016  -0.432876105388231665915E-0019   0.138343162863012256736E+0002   0.104815638191171466714E-0001  -0.250000000000000035527E+0002   0.477824355375345977137E+0001
   0.609874145833333241171E+0005   0.189053101772693188387E-0001   0.100046381629112734980E-0003   0.555072436752077075673E-0016  -0.420520961111490420223E-0019   0.138354713410676044560E+0002   0.104811313995171687813E-0001  -0.250000000000000035527E+0002   0.478522861680082733926E+0001
   0.619723395833333270275E+0005   0.189053101773232201666E-0001   0.100046381629153582297E-0003   0.539406278544165977505E-0016  -0.408601600155030528336E-0019   0.138366293100918493764E+0002   0.104807090305679036224E-0001  -0.250000000000000035527E+0002   0.479218647031789046764E+0001
   0.629696437499999956344E+0005   0.189053101773762610716E-0001   0.100046381629193751987E-0003   0.524282131124713638461E-0016  -0.397095984243840499989E-0019   0.138377906638946868156E+0002   0.104802957959334638177E-0001  -0.250000000000000035527E+0002   0.479911999549376755425E+0001
   0.639798229166666642413E+0005   0.189053101774284831871E-0001   0.100046381629233298262E-0003   0.509673033316438745935E-0016  -0.385983472636724722044E-0019   0.138389558676006725335E+0002   0.104798907940184121701E-0001  -0.250000000000000035527E+0002   0.480603197034970719415E+0001
   0.650033833333333313931E+0005   0.189053101774799350854E-0001   0.100046381629272248225E-0003   0.495553842490486963142E-0016  -0.375244819339209346908E-0019   0.138401253809876507717E+0002   0.104794931416134461111E-0001  -0.250000000000000035527E+0002   0.481292507244460843197E+0001
   0.660408458333333255723E+0005   0.189053101775306375831E-0001   0.100046381629310656087E-0003   0.481901117005298630482E-0016  -0.364862082664343012047E-0019   0.138412996632273230802E+0002   0.104791019754311692108E-0001  -0.250000000000000000000E+0002   0.481980190878055125836E+0001
   0.670927458333333197515E+0005   0.189053101775806392526E-0001   0.100046381629348494742E-0003   0.468692910016345171462E-0016  -0.354818467694230584353E-0019   0.138424791726996350150E+0002   0.104787164552475140639E-0001  -0.250000000000000035527E+0002   0.482666501597740094098E+0001
   0.681596291666666511446E+0005   0.189053101776299609105E-0001   0.100046381629385845507E-0003   0.455908643253526168380E-0016  -0.345098229599496602444E-0019   0.138436643621879547084E+0002   0.104783357683437289981E-0001  -0.250000000000000035527E+0002   0.483351683384609565053E+0001
   0.692412729166666540550E+0005   0.189053101776786094956E-0001   0.100046381629422654171E-0003   0.443525292177075353921E-0016  -0.335683790891818874348E-0019   0.138448548245355702591E+0002   0.104779594127721933927E-0001  -0.250000000000000035527E+0002   0.484035482037244868536E+0001
   0.703366270833333255723E+0005   0.189053101777265364358E-0001   0.100046381629458920734E-0003   0.431529830899545228564E-0016  -0.326565180944735102377E-0019   0.138460492678646378550E+0002   0.104775872006558062183E-0001  -0.250000000000000035527E+0002   0.484717147464138964352E+0001
   0.714459833333333226619E+0005   0.189053101777737625477E-0001   0.100046381629494672300E-0003   0.419927907972078200623E-0016  -0.317746579893043846012E-0019   0.138472478908828691146E+0002   0.104772184862027863128E-0001  -0.250000000000000035527E+0002   0.485396791044402498017E+0001
   0.725698624999999883585E+0005   0.189053101778203294647E-0001   0.100046381629529908871E-0003   0.408704341524247145858E-0016  -0.309216370537294170218E-0019   0.138484511308873106117E+0002   0.104768525637181711407E-0001  -0.250000000000000035527E+0002   0.486074654611704115581E+0001
   0.737087958333333226619E+0005   0.189053101778662649424E-0001   0.100046381629564657550E-0003   0.397841601160133413913E-0016  -0.300961158880245649105E-0019   0.138496594204463807642E+0002   0.104764887683400035462E-0001  -0.250000000000000035527E+0002   0.486750971285579225878E+0001
   0.748633291666666627862E+0005   0.189053101779115897974E-0001   0.100046381629598945444E-0003   0.387323292923055009535E-0016  -0.292968420693159202036E-0019   0.138508731915452276695E+0002   0.104761264784100482234E-0001  -0.250000000000000035527E+0002   0.487425968090212791139E+0001
   0.760340187500000029104E+0005   0.189053101779563387241E-0001   0.100046381629632772552E-0003   0.377134005324327485571E-0016  -0.285226384738261492339E-0019   0.138520928710733990386E+0002   0.104757651168217412463E-0001  -0.250000000000000035527E+0002   0.488099863576605486060E+0001
   0.772214270833333430346E+0005   0.189053101780005325394E-0001   0.100046381629666193084E-0003   0.367259279371180096452E-0016  -0.277724009376717661407E-0019   0.138533188765333488135E+0002   0.104754041519751501382E-0001  -0.250000000000000035527E+0002   0.488772865661664468462E+0001
   0.784261291666666802485E+0005   0.189053101780442059376E-0001   0.100046381629699207040E-0003   0.357685612075554315761E-0016  -0.270450984479428007713E-0019   0.138545516225905860352E+0002   0.104750430952485259345E-0001  -0.250000000000000035527E+0002   0.489445175440608970518E+0001
   0.796487083333333430346E+0005   0.189053101780873658577E-0001   0.100046381629731841525E-0003   0.348400296310724993556E-0016  -0.263397609469524177034E-0019   0.138557915167506795484E+0002   0.104746815014179327913E-0001  -0.250000000000000000000E+0002   0.490116984982058934150E+0001
   0.808897604166666715173E+0005   0.189053101781300469941E-0001   0.100046381629764123645E-0003   0.339391426489147182776E-0016  -0.256554796987431781840E-0019   0.138570389635925064198E+0002   0.104743189664674631739E-0001  -0.250000000000000035527E+0002   0.490788479802286747855E+0001
   0.821450812500000029104E+0005   0.189053101781721036301E-0001   0.100046381629795890769E-0003   0.330631997663174579756E-0016  -0.249902079130175746426E-0019   0.138582895866962143572E+0002   0.104739565603500280749E-0001  -0.250000000000000035527E+0002   0.491457294612878392570E+0001
   0.834139354166666744277E+0005   0.189053101782135218878E-0001   0.100046381629827197107E-0003   0.322155946513783557463E-0016  -0.243465118690039298971E-0019   0.138595425715504863007E+0002   0.104735943620606862525E-0001  -0.250000000000000035527E+0002   0.492123012508442680968E+0001
   0.846968458333333401242E+0005   0.189053101782543225839E-0001   0.100046381629858042658E-0003   0.313961962481753555424E-0016  -0.237242866893015075297E-0019   0.138607983630117139739E+0002   0.104732320719191761976E-0001  -0.250000000000000035527E+0002   0.492785887939493072452E+0001
   0.859943666666666686069E+0005   0.189053101782945473519E-0001   0.100046381629888427424E-0003   0.306036459713366143213E-0016  -0.231224970846653474351E-0019   0.138620574217869734213E+0002   0.104728694104250057151E-0001  -0.250000000000000035527E+0002   0.493446177059103963103E+0001
   0.873070541666666686069E+0005   0.189053101783342170084E-0001   0.100046381629918378509E-0003   0.298366521006645891805E-0016  -0.225401586711575899974E-0019   0.138633201944087147695E+0002   0.104725061369653222459E-0001  -0.250000000000000035527E+0002   0.494104122689261071599E+0001
   0.886354770833333313931E+0005   0.189053101783733593089E-0001   0.100046381629947950124E-0003   0.290940144561007496317E-0016  -0.219763568925944210545E-0019   0.138645871235655331333E+0002   0.104721420435714331759E-0001  -0.250000000000000035527E+0002   0.494759960011814037273E+0001
   0.899802083333333284827E+0005   0.189053101784120020090E-0001   0.100046381629977142267E-0003   0.283746061003640275124E-0016  -0.214302331265065402561E-0019   0.138658586402650669811E+0002   0.104717769537821421555E-0001  -0.250000000000000035527E+0002   0.495413912716054039009E+0001
   0.913418270833333226619E+0005   0.189053101784501589866E-0001   0.100046381630005954940E-0003   0.276773752660002166275E-0016  -0.209009860897743612892E-0019   0.138671351661032407065E+0002   0.104714107186140593236E-0001  -0.250000000000000035527E+0002   0.496066194446229946635E+0001
   0.927209229166666627862E+0005   0.189053101784878649361E-0001   0.100046381630034415247E-0003   0.270013388934583065690E-0016  -0.203878668995182994592E-0019   0.138684171173543457911E+0002   0.104710432122338183841E-0001  -0.250000000000000035527E+0002   0.496717011109648165501E+0001
   0.941180916666666598758E+0005   0.189053101785251337352E-0001   0.100046381630062550293E-0003   0.263455733529552881126E-0016  -0.198901720128500786446E-0019   0.138697049011943178698E+0002   0.104706743296547021005E-0001  -0.250000000000000035527E+0002   0.497366559144806963388E+0001
   0.955339333333333197515E+0005   0.189053101785619862008E-0001   0.100046381630090387184E-0003   0.257092126788991853038E-0016  -0.194072418553972419295E-0019   0.138709989139981981765E+0002   0.104703039842024680367E-0001  -0.250000000000000035527E+0002   0.498015024895842195463E+0001
   0.969690562499999796273E+0005   0.189053101785984431493E-0001   0.100046381630117898814E-0003   0.250914466102875231856E-0016  -0.189384593010426316565E-0019   0.138722995453685857825E+0002   0.104699321031893818890E-0001  -0.250000000000000035527E+0002   0.498662586852759304179E+0001
   0.984240729166666424135E+0005   0.189053101786345115198E-0001   0.100046381630145112289E-0003   0.244915127121861702956E-0016  -0.184832436840221595315E-0019   0.138736071745007585321E+0002   0.104695586258869866719E-0001  -0.250000000000000035527E+0002   0.499309414029693243720E+0001
   0.998952729166666395031E+0005   0.189053101786701149845E-0001   0.100046381630171973397E-0003   0.239077764542545861918E-0016  -0.180403584775725222956E-0019   0.138749183259993280615E+0002   0.104691846313037083965E-0001  -0.250000000000000035527E+0002   0.499953785117886706502E+0001
   0.101381674999999973807E+0006   0.189053101787052327265E-0001   0.100046381630198482141E-0003   0.233418508647847987232E-0016  -0.176110210559284872985E-0019   0.138762320391270108644E+0002   0.104688104923914872268E-0001  -0.250000000000000035527E+0002   0.500595247956137701095E+0001
