   0.208333333333333330442E-0002   0.208333333333333340923E-0011  -0.358207582153931779556E-0037   0.100000000000000006228E-0008   0.343879391349758196263E-0034   0.160361632918473233644E+0002  -0.494910570310280127994E-0024  -0.250000000000000000000E+0002   0.569897000433601874647E+0001
   0.416666666666666660884E-0002   0.416666666666666681847E-0011  -0.143932002461048923319E-0036   0.100000000000000006228E-0008   0.729246611495869799471E-0034   0.160361632918473233644E+0002  -0.116943213495712107076E-0023  -0.250000000000000000000E+0002   0.569897000433601874647E+0001
   0.625000000000000034694E-0002   0.625000000000000022770E-0011  -0.334837758209347707341E-0036   0.100000000000000006228E-0008   0.110344864368541757488E-0033   0.160361632918473233644E+0002  -0.176950862418897486023E-0023  -0.250000000000000000000E+0002   0.569897000433601874647E+0001
   0.833333333333333321769E-0002   0.833333333333333363693E-0011  -0.585653469932960928243E-0036   0.100000000000000006228E-0008   0.130438218885977131461E-0033   0.160361632918473233644E+0002  -0.209172893831023994517E-0023  -0.250000000000000000000E+0002   0.569897000433601874647E+0001
   0.104166666666666660884E-0001   0.104166666666666662384E-0010  -0.927055233249539460615E-0036   0.100000000000000006228E-0008   0.197307473897869858222E-0033   0.160361632918473233644E+0002  -0.316405523088703621613E-0023  -0.250000000000000000000E+0002   0.569897000433601874647E+0001
   0.124999999999999989592E-0001   0.125000000000000004554E-0010  -0.134178556496965646307E-0035   0.100000000000000006228E-0008   0.200833644553255167475E-0033   0.160361632918473233644E+0002  -0.322060147931387031443E-0023  -0.250000000000000000000E+0002   0.569897000433601874647E+0001
   0.145833333333333318299E-0001   0.145833333333333346724E-0010  -0.183305224319498109458E-0035   0.100000000000000006228E-0008   0.270782366542735020018E-0033   0.160361632918473233644E+0002  -0.434231060719289048182E-0023  -0.250000000000000000000E+0002   0.569897000433601874647E+0001
   0.166666666666666664354E-0001   0.166666666666666672739E-0010  -0.241042921712567660264E-0035   0.100000000000000006228E-0008   0.283499528430430730837E-0033   0.160361632918473233644E+0002  -0.454624509182567671052E-0023  -0.250000000000000000000E+0002   0.569897000433601874647E+0001
   0.187499999999999993061E-0001   0.187499999999999998753E-0010  -0.317610675015508027128E-0035   0.100000000000000006228E-0008   0.451550903277941034826E-0033   0.160361632918473233644E+0002  -0.724114438031192783196E-0023  -0.250000000000000000000E+0002   0.569897000433601874647E+0001
   0.208333333333333321769E-0001   0.208333333333333324768E-0010  -0.405930645796461133021E-0035   0.100000000000000006228E-0008   0.396320816218596568954E-0033   0.160361632918473233644E+0002  -0.635546568558845463923E-0023  -0.250000000000000000000E+0002   0.569897000433601874647E+0001
   0.229166666666666650476E-0001   0.229166666666666650782E-0010  -0.494400906360745867110E-0035   0.100000000000000006228E-0008   0.452993685198977264396E-0033   0.160361632918473233644E+0002  -0.726428106679300318542E-0023  -0.250000000000000000000E+0002   0.569897000433601874647E+0001
   0.249999999999999979183E-0001   0.250000000595853553376E-0010  -0.595800746073029841623E-0035   0.100000005720194175962E-0008   0.520444776038285788691E-0033   0.160361632975675156842E+0002   0.232923856351017042770E-0018  -0.250000000000000000000E+0002   0.569897000433601874647E+0001
   0.270833333333333307891E-0001   0.270833337299438933286E-0010   0.605160076649662188956E-0031   0.100000026634225574563E-0008  -0.435761744867754664706E-0028   0.160361633184815453035E+0002   0.142767767974623756234E-0017  -0.250000000000000000000E+0002   0.569897000433601874647E+0001
   0.291666666666666636598E-0001   0.291666683776449694107E-0010   0.370947068691820838837E-0030   0.100000099545077584571E-0008  -0.208985163062416899071E-0027   0.160361633913923498085E+0002   0.597382046072957482850E-0017  -0.250000000000000000000E+0002   0.569897000433601608194E+0001
   0.312499999999999965306E-0001   0.312500059985454923132E-0010   0.161269347799462099539E-0029   0.100000312061372924262E-0008  -0.819554381537704768829E-0027   0.160361636039082071647E+0002   0.207946128071160792914E-0016  -0.250000000000000000000E+0002   0.569897000433601075287E+0001
   0.333333333333333328707E-0001   0.333333514163100810810E-0010   0.577402984361709836864E-0029   0.100000848044027638802E-0008  -0.269814647124195230864E-0026   0.160361641398877488029E+0002   0.625672480882726961913E-0016  -0.250000000000000000000E+0002   0.569897000433599565383E+0001
   0.354166666666666657415E-0001   0.354167149253268155733E-0010   0.178697291712401775036E-0028   0.100002048821579099936E-0008  -0.771020396446849979163E-0026   0.160361653406478978923E+0002   0.166879416322920200322E-0015  -0.250000000000000000000E+0002   0.569897000433595835034E+0001
   0.374999999999999986122E-0001   0.375001163463562022234E-0010   0.491355371917286926034E-0028   0.100004487597241956432E-0008  -0.196085210014036411208E-0025   0.160361677793438346384E+0002   0.402307480565502615226E-0015  -0.250000000000000000000E+0002   0.569897000433587752610E+0001
   0.395833333333333314830E-0001   0.395835907014407440166E-0010   0.122407576171399615818E-0027   0.100009050490874303871E-0008  -0.452525240237233021069E-0025   0.160361723419285802095E+0002   0.890024173378534917739E-0015  -0.250000000000000000000E+0002   0.569897000433571321310E+0001
   0.416666666666666643537E-0001   0.416671955616462521383E-0010   0.280417527059285490826E-0027   0.100017016088854517173E-0008  -0.961834940525510019426E-0025   0.160361803064884220760E+0002   0.182929739123271077317E-0014  -0.250000000000000000000E+0002   0.569897000433540501518E+0001
   0.437499999999999972244E-0001   0.437510199530830118814E-0010   0.597814473689572972355E-0027   0.100030125489073963210E-0008  -0.190608521092614587871E-0024   0.160361934127992249444E+0002   0.352863549153686680988E-0014  -0.250000000000000000000E+0002   0.569897000433486056181E+0001
   0.458333333333333300952E-0001   0.458351945772044065629E-0010   0.119759525421140199173E-0026   0.100050638426579967580E-0008  -0.355681296714084761364E-0024   0.160362139174563047561E+0002   0.644205994409212168917E-0014  -0.250000000000000000000E+0002   0.569897000433394396168E+0001
   0.479166666666666629659E-0001   0.479199029074696411327E-0010   0.227264686778172447417E-0026   0.100081361278882406360E-0008  -0.630126617900290264302E-0024   0.160362446200446626676E+0002   0.112086811565543986711E-0013  -0.250000000000000000000E+0002   0.569897000433247225004E+0001
   0.499999999999999958367E-0001   0.500053927777980652766E-0010   0.411265581162946470849E-0026   0.100125666272646787083E-0008  -0.106688067611998163148E-0023   0.160362888792239566271E+0002   0.186976096876886294469E-0013  -0.250000000000000000000E+0002   0.569897000433019762511E+0001
   0.520833333333333287074E-0001   0.520919880358748572105E-0010   0.713769111278291194251E-0026   0.100187478502724638866E-0008  -0.173661252261449167129E-0023   0.160363505948250910649E+0002   0.300518241801792592955E-0013  -0.250000000000000000000E+0002   0.569897000432680567172E+0001
   0.541666666666666615781E-0001   0.541800997834364061875E-0010   0.119371657494698063770E-0025   0.100271249263184766028E-0008  -0.273000084888517985376E-0023   0.160364341738882814070E+0002   0.467352413361722385025E-0013  -0.250000000000000000000E+0002   0.569897000432189670960E+0001
   0.562499999999999944489E-0001   0.562702368987237065407E-0010   0.193167382697750918294E-0025   0.100381913804395178661E-0008  -0.416216826867380015799E-0023   0.160365444782043518046E+0002   0.705858738431279315126E-0013  -0.250000000000000000000E+0002   0.569897000431498668149E+0001
   0.583333333333333273196E-0001   0.583630155718147658783E-0010   0.303528090610673470779E-0025   0.100524838812346083481E-0008  -0.617625396793748095900E-0023   0.160366867581687735367E+0002   0.103869421513306452183E-0012  -0.250000000000000000000E+0002   0.569897000430548938965E+0001
   0.604166666666666601904E-0001   0.604591676859749441432E-0010   0.464559564148604710884E-0025   0.100705764147031898484E-0008  -0.894804010007964885028E-0023   0.160368665771180509694E+0002   0.149339245982160302902E-0012  -0.250000000000000000000E+0002   0.569897000429271827215E+0001
   0.624999999999999930611E-0001   0.625595479695295476285E-0010   0.694448317642599138227E-0025   0.100930743074210056789E-0008  -0.126913518828869548230E-0022   0.160370897301732462381E+0002   0.210303840253504339766E-0012  -0.250000000000000000000E+0002   0.569897000427587574478E+0001
   0.645833333333333259318E-0001   0.646651399250265275504E-0010   0.101632539450453939698E-0024   0.101206084653500201830E-0008  -0.176645542428274304342E-0022   0.160373621612219388055E+0002   0.290704843217344337328E-0012  -0.250000000000000000000E+0002   0.569897000425405142465E+0001
   0.666666666666666657415E-0001   0.667770606112883437368E-0010   0.145928296455187675334E-0024   0.101538301227634193422E-0008  -0.241785787327301493288E-0022   0.160376898811312145199E+0002   0.395208183552597689617E-0012  -0.250000000000000000000E+0002   0.569897000422621502480E+0001
   0.687500000000000055511E-0001   0.688965644073381356315E-0010   0.205957663243495023664E-0024   0.101934063193144567016E-0008  -0.326066535494266505174E-0022   0.160380788896822430445E+0002   0.529311475955302565736E-0012  -0.250000000000000000000E+0002   0.569897000419121635417E+0001
   0.708333333333333453607E-0001   0.710250459249463833435E-0010   0.286205690024231366120E-0024   0.102400162497247833727E-0008  -0.433963772892812405663E-0022   0.160385351031142882050E+0002   0.699471439172084891589E-0012  -0.250000000000000000000E+0002   0.569897000414778354127E+0001
   0.729166666666666851704E-0001   0.731640422597992223977E-0010   0.392188168313290915977E-0024   0.102943485648624694791E-0008  -0.570844939515787128759E-0022   0.160390642886026490999E+0002   0.913254392983914514358E-0012  -0.250000000000000000000E+0002   0.569897000409451948144E+0001
   0.750000000000000249800E-0001   0.753152347819731045906E-0010   0.530657272107502371867E-0024   0.103570996480067747573E-0008  -0.743149560976005395446E-0022   0.160396720064969002806E+0002   0.117951328131645391068E-0011  -0.250000000000000000000E+0002   0.569897000402990094869E+0001
   0.770833333333333647897E-0001   0.774804506668608492187E-0010   0.709849105457499759271E-0024   0.104289728469156046919E-0008  -0.958609031501856171608E-0022   0.160403635607239252181E+0002   0.150859459371326857951E-0011  -0.250000000000000000000E+0002   0.569897000395227593117E+0001
   0.791666666666667045993E-0001   0.796616643603712023777E-0010   0.939782099191989183418E-0024   0.105106786107837339355E-0008  -0.122651288333383996103E-0021   0.160411439574179617296E+0002   0.191257856989580276590E-0011  -0.250000000000000000000E+0002   0.569897000385986540749E+0001
   0.812500000000000444089E-0001   0.818609991594392477327E-0010   0.123261686462120301631E-0023   0.106029354602694497739E-0008  -0.155803013980609138299E-0021   0.160420178715732220098E+0002   0.240555612164509708755E-0011  -0.250000000000000000000E+0002   0.569897000375076068224E+0001
   0.833333333333333842186E-0001   0.840807290726944250840E-0010   0.160309006988756785664E-0023   0.107064717069801907595E-0008  -0.196659588806072179654E-0021   0.160429896213168667884E+0002   0.300394604805385856901E-0011  -0.250000000000000000000E+0002   0.569897000362291983322E+0001
   0.854166666666667240282E-0001   0.863232811082640023627E-0010   0.206903723128364674464E-0023   0.108220278344877138929E-0008  -0.246837516671133139681E-0021   0.160440631492619516507E+0002   0.372685625895350229989E-0011  -0.250000000000000000000E+0002   0.569897000347416859967E+0001
   0.875000000000000638378E-0001   0.885912381175137805785E-0010   0.265202205155986399767E-0023   0.109503594543101693867E-0008  -0.308281835950291869330E-0021   0.160452420103119308692E+0002   0.459649301150554720914E-0011  -0.250000000000000000000E+0002   0.569897000330219594133E+0001
   0.895833333333334036475E-0001   0.908873423060732534137E-0010   0.337809322971603827272E-0023   0.110922407558609125202E-0008  -0.383332528418397497221E-0021   0.160465293652406622016E+0002   0.563862254487828174050E-0011  -0.250000000000000000000E+0002   0.569897000310454870942E+0001
   0.916666666666667434571E-0001   0.932144995074846113011E-0010   0.427869356510522652979E-0023   0.112484683776881645575E-0008  -0.474803821169195145675E-0021   0.160479279793566682599E+0002   0.688308988764956564726E-0011  -0.250000000000000000000E+0002   0.569897000287863075840E+0001
   0.937500000000000832667E-0001   0.955757843007126619018E-0010   0.539175083169792369928E-0023   0.114198656373009971326E-0008  -0.586078804380821304226E-0021   0.160494402255688051184E+0002   0.836440034270197567366E-0011  -0.250000000000000000000E+0002   0.569897000262169761697E+0001
   0.958333333333334230764E-0001   0.979744460408089746387E-0010   0.676298549200142076293E-0023   0.116072870676237416260E-0008  -0.721222285601741091933E-0021   0.160510680911975676111E+0002   0.101223712622233772879E-0010  -0.250000000000000000000E+0002   0.569897000233084938259E+0001
   0.979166666666667628860E-0001   0.100413915862323054798E-0009   0.844747737625508241873E-0023   0.118116232189114030900E-0008  -0.885115631595770138294E-0021   0.160528131879147508698E+0002   0.122028528654774470015E-0010  -0.250000000000000000000E+0002   0.569897000200302539241E+0001
   0.100000000000000102696E+0000   0.102897814707561371114E-0009   0.105115384414908894781E-0022   0.120338056953762825847E-0008  -0.108361550048710755113E-0020   0.160546767642413037436E+0002   0.146585349790610813728E-0010  -0.250000000000000000000E+0002   0.569897000163499622971E+0001
   0.102083333333333442505E+0000   0.105429962450469180061E-0009   0.130349537414153859800E-0022   0.122748126365386543536E-0008  -0.132374612353363062892E-0020   0.160566597219669162655E+0002   0.175498485894240887261E-0010  -0.250000000000000000000E+0002   0.569897000122335484207E+0001
   0.104166666666666782315E+0000   0.108014388070064702253E-0009   0.161136582098481393757E-0022   0.125356733115784496767E-0008  -0.161392542147639583005E-0020   0.160587626252254516146E+0002   0.209459615185333703742E-0010  -0.250000000000000000000E+0002   0.569897000076450943595E+0001
   0.106250000000000122125E+0000   0.110655341015920100119E-0009   0.198629326417625776501E-0022   0.128174749686333284757E-0008  -0.196423519364510797743E-0020   0.160609857276688146044E+0002   0.249258813163466192225E-0010  -0.250000000000000000000E+0002   0.569897000025467015405E+0001
   0.108333333333333461934E+0000   0.113357303818033840551E-0009   0.244212159057992618630E-0022   0.131213679316584411183E-0008  -0.238674115114442273385E-0020   0.160633289843149675846E+0002   0.295796914717217539778E-0010  -0.250000000000000000000E+0002   0.569896999968984019347E+0001
   0.110416666666666801744E+0000   0.116125005876860068099E-0009   0.299546555098872081463E-0022   0.134485718330733081922E-0008  -0.289587798887590792920E-0020   0.160657920715728970151E+0002   0.350099141257185212366E-0010  -0.250000000000000000000E+0002   0.569896999906579981854E+0001
   0.112500000000000141553E+0000   0.118963438556384481883E-0009   0.366625274196612125691E-0022   0.138003818903612026902E-0008  -0.350889950406922860727E-0020   0.160683744060136177723E+0002   0.413330113760891369401E-0010  -0.250000000000000000000E+0002   0.569896999837809836720E+0001
   0.114583333333333481363E+0000   0.121877871609666506227E-0009   0.447836942498260442604E-0022   0.141781754211461027966E-0008  -0.424641941867822306532E-0020   0.160710751631309811671E+0002   0.486810600535556001186E-0010  -0.250000000000000000000E+0002   0.569896999762203204654E+0001
   0.116666666666666821173E+0000   0.124873870988728393791E-0009   0.546042954121648492494E-0022   0.145834186178482514902E-0008  -0.513305132979403697769E-0020   0.160738932959029767744E+0002   0.572036017825145054526E-0010  -0.250000000000000000000E+0002   0.569896999679263505101E+0001
   0.118750000000000160982E+0000   0.127957318095381737133E-0009   0.664668999496206961522E-0022   0.150176736060239562685E-0008  -0.619816873276006271499E-0020   0.160768275529979298710E+0002   0.670696898485305857965E-0010  -0.250000000000000000000E+0002   0.569896999588465646980E+0001
   0.120833333333333500792E+0000   0.131134430534862404725E-0009   0.807813952602348191402E-0022   0.154826058129902044609E-0008  -0.747680686477222563553E-0020   0.160798764964996649951E+0002   0.784701529212055465216E-0010  -0.250000000000000000000E+0002   0.569896999489254607596E+0001
   0.122916666666666840602E+0000   0.134411784439912641041E-0009   0.980379352207048383363E-0022   0.159799916754923412755E-0008  -0.901073248439129740606E-0020   0.160830385190523230676E+0002   0.916200972825525158179E-0010  -0.250000000000000000000E+0002   0.569896999381043034560E+0001
   0.125000000000000166533E+0000   0.137796338439130772033E-0009   0.118822330334274805403E-0021   0.165117267170013688284E-0008  -0.108497121811570276870E-0019   0.160863118603482000424E+0002   0.106761671202861085361E-0009  -0.250000000000000000000E+0002   0.569896999263209469433E+0001
   0.127083333333333492465E+0000   0.141295459349947251338E-0009   0.143834332513686515338E-0021   0.170798340268369772554E-0008  -0.130530155429668398694E-0019   0.160896946229020834096E+0002   0.124167117944580423856E-0009  -0.250000000000000000000E+0002   0.569896999135095594369E+0001
   0.129166666666666818397E+0000   0.144916949683444815910E-0009   0.173909349661489254900E-0021   0.176864731747393489899E-0008  -0.156911959690924680074E-0019   0.160931847870724418215E+0002   0.144142144999672872715E-0009  -0.250000000000000000000E+0002   0.569896998996004278126E+0001
   0.131250000000000144329E+0000   0.148669077055382035285E-0009   0.210044221899831803286E-0021   0.183339495958582796144E-0008  -0.188481991020444444891E-0019   0.160967802253043359428E+0002   0.167029640511434595642E-0009  -0.250000000000000000000E+0002   0.569896998845196378625E+0001
   0.133333333333333470261E+0000   0.152560605605196608746E-0009   0.253427806161146092405E-0021   0.190247244823614519001E-0008  -0.226238585778263497196E-0019   0.161004787155812820743E+0002   0.193213771423502576280E-0009  -0.250000000000000000000E+0002   0.569896998681888611316E+0001
   0.135416666666666796193E+0000   0.156600829532430712679E-0009   0.305477250484759713689E-0021   0.197614252190862353702E-0008  -0.271368487009476630185E-0019   0.161042779540833151941E+0002   0.223124498984762551285E-0009  -0.250000000000000000000E+0002   0.569896998505249730016E+0001
   0.137500000000000122125E+0000   0.160799608867947313737E-0009   0.367880997440205971414E-0021   0.205468564018730768847E-0008  -0.325281758215521592901E-0019   0.161081755670570103689E+0002   0.257242553417896972464E-0009  -0.250000000000000000000E+0002   0.569896998314397951191E+0001
   0.139583333333333448056E+0000   0.165167407605477046706E-0009   0.442649743907493792944E-0021   0.213840114784121569606E-0008  -0.389653060371192263363E-0019   0.161121691219100178216E+0002   0.296104904042636382557E-0009  -0.250000000000000000000E+0002   0.569896998108397401239E+0001
   0.141666666666666773988E+0000   0.169715334327471619354E-0009   0.532176798216708288550E-0021   0.222760850527356908310E-0008  -0.466470383995413933004E-0019   0.161162561375482979997E+0002   0.340310780668771075965E-0009  -0.250000000000000000000E+0002   0.569896997886254297327E+0001
   0.143750000000000099920E+0000   0.174455185467937458975E-0009   0.639309542813080698881E-0021   0.232264858957364232971E-0008  -0.558092652163021633295E-0019   0.161204340939783357101E+0002   0.390528297852042392017E-0009  -0.250000000000000000000E+0002   0.569896997646913039404E+0001
   0.145833333333333425852E+0000   0.179399491363896208739E-0009   0.767434003174506845609E-0021   0.242388507054676033808E-0008  -0.667317663937342707943E-0019   0.161247004412000762841E+0002   0.447501728066694301198E-0009  -0.250000000000000000000E+0002   0.569896997389252479849E+0001
   0.147916666666666751784E+0000   0.184561565256383001416E-0009   0.920574882668932324433E-0021   0.253170586624056642208E-0008  -0.797462267189324678977E-0019   0.161290526074188775851E+0002   0.512059491039121129584E-0009  -0.250000000000000000000E+0002   0.569896997112081038495E+0001
   0.150000000000000077716E+0000   0.189955555411456835009E-0009   0.110351383783057283015E-0020   0.264652468263031175983E-0008  -0.952456892876581362195E-0019   0.161334880066061643333E+0002   0.585122922540108419190E-0009  -0.250000000000000000000E+0002   0.569896996814132528186E+0001
   0.152083333333333403647E+0000   0.195596500541574324915E-0009   0.132192925541575957747E-0020   0.276878264228246945037E-0008  -0.113695696903203627471E-0018   0.161380040454399278360E+0002   0.667715893438032843832E-0009  -0.250000000000000000000E+0002   0.569896996494060559257E+0001
   0.154166666666666729579E+0000   0.201500388717888514530E-0009   0.158256136343600724118E-0020   0.289895000697916002545E-0008  -0.135647416568185076193E-0018   0.161425981296566583012E+0002   0.760975355379382645439E-0009  -0.250000000000000000000E+0002   0.569896996150434187456E+0001
   0.156250000000000055511E+0000   0.207684219974584753060E-0009   0.189340717576841146343E-0020   0.303752799944923103057E-0008  -0.161753091717797296934E-0018   0.161472676698464105982E+0002   0.866162895240862801473E-0009  -0.250000000000000000000E+0002   0.569896995781731163788E+0001
   0.158333333333333381443E+0000   0.214166072817273059592E-0009   0.226395055110585206789E-0020   0.318505072953156102518E-0008  -0.192784225761150889058E-0018   0.161520100867226688024E+0002   0.984677388163293540810E-0009  -0.250000000000000000000E+0002   0.569896995386333049538E+0001
   0.160416666666666707375E+0000   0.220965174858739446310E-0009   0.270543356056799740757E-0020   0.334208723027616815574E-0008  -0.229652968740883285095E-0018   0.161568228158981312959E+0002   0.111806884557341480535E-0008  -0.250000000000000000000E+0002   0.569896994962518288474E+0001
   0.162500000000000033307E+0000   0.228101977817022695770E-0009   0.323117642476796603734E-0020   0.350924360967572237478E-0008  -0.273437257463141025986E-0018   0.161617033121968631804E+0002   0.126805356210510591770E-0008  -0.250000000000000000000E+0002   0.569896994508455545514E+0001
   0.164583333333333359239E+0000   0.235598237122843742454E-0009   0.385695452717164836011E-0020   0.368716532391246300279E-0008  -0.325410352360093439971E-0018   0.161666490535324420819E+0002   0.143653067402007884273E-0008  -0.250000000000000000000E+0002   0.569896994022196778928E+0001
   0.166666666666666685170E+0000   0.243477096395887710115E-0009   0.460144246382989155437E-0020   0.387653957820974347007E-0008  -0.387075520720223681246E-0018   0.161716575443807180079E+0002   0.162560025020554086604E-0008  -0.250000000000000000000E+0002   0.569896993501669602011E+0001
   0.168750000000000011102E+0000   0.251763177062330162924E-0009   0.548673678462388930298E-0020   0.407809786157504100503E-0008  -0.460206740706527457994E-0018   0.161767263188747030256E+0002   0.183758304648087249486E-0008  -0.250000000000000000000E+0002   0.569896992944669289471E+0001
   0.170833333333333337034E+0000   0.260482673399319011007E-0009   0.653897105599589619363E-0020   0.429261862193426887103E-0008  -0.546896444395537230586E-0018   0.161818529435479625533E+0002   0.207504206388050482095E-0008  -0.250000000000000000000E+0002   0.569896992348850073284E+0001
   0.172916666666666662966E+0000   0.269663453305887641272E-0009   0.778903917510226040401E-0020   0.452093008837156407103E-0008  -0.649611485523099655896E-0018   0.161870350197517147706E+0002   0.234080606211498598318E-0008  -0.250000000000000000000E+0002   0.569896991711716527362E+0001
   0.174999999999999988898E+0000   0.279335165113984204683E-0009   0.927344554122051830408E-0020   0.476391324740114755741E-0008  -0.771258710822012583146E-0018   0.161922701857695052752E+0002   0.263799519136006656224E-0008  -0.250000000000000000000E+0002   0.569896991030613797591E+0001
   0.177083333333333314830E+0000   0.289529350767967127919E-0009   0.110353038031881512415E-0019   0.502250498042246123037E-0008  -0.915261738953791677577E-0018   0.161975561186522369894E+0002   0.297004891720312723769E-0008  -0.250000000000000000000E+0002   0.569896990302717298960E+0001
   0.179166666666666640761E+0000   0.300279565716045637158E-0009   0.131255095173560824980E-0019   0.529770136973291342972E-0008  -0.108565080886315147440E-0017   0.162028905357949959409E+0002   0.334075642678565386361E-0008  -0.250000000000000000000E+0002   0.569896989525022323875E+0001
   0.181249999999999966693E+0000   0.311621505872737883866E-0009   0.156041162514493245168E-0019   0.559056118069164175521E-0008  -0.128716786093473183798E-0017   0.162082711962759020707E+0002   0.375428971802520912907E-0008  -0.250000000000000000000E+0002   0.569896988694332584657E+0001
   0.183333333333333292625E+0000   0.323593142027488486599E-0009   0.185419495426212096063E-0019   0.590220952786898484542E-0008  -0.152538935869177813999E-0017   0.162136959019760986678E+0002   0.421523958849968425609E-0008  -0.250000000000000000000E+0002   0.569896987807248311952E+0001
   0.185416666666666618557E+0000   0.336234862091130294741E-0009   0.220224987707452664310E-0019   0.623384173322710133984E-0008  -0.180686976011007692102E-0017   0.162191624984988571612E+0002   0.472865475616235542551E-0008  -0.250000000000000000000E+0002   0.569896986860153109689E+0001
   0.187499999999999944489E+0000   0.349589621588885994251E-0009   0.261441335563013616700E-0019   0.658672738461839665911E-0008  -0.213930900653886774309E-0017   0.162246688759044275230E+0002   0.530008436064745385634E-0008  -0.250000000000000000000E+0002   0.569896985849201076491E+0001
   0.189583333333333270421E+0000   0.363703102826110230153E-0009   0.310226988768986912822E-0019   0.696221460311688800515E-0008  -0.253174792993497431086E-0017   0.162302129692765220170E+0002   0.593562411131344879573E-0008  -0.250000000000000000000E+0002   0.569896984770302417189E+0001
   0.191666666666666596353E+0000   0.378623883170940627551E-0009   0.367945518702339851040E-0019   0.736173452792031831252E-0008  -0.299479608816174129277E-0017   0.162357927591350659213E+0002   0.664196636737603392454E-0008  -0.250000000000000000000E+0002   0.569896983619108254970E+0001
   0.193749999999999922284E+0000   0.394403612916471807020E-0009   0.436201134395126372458E-0019   0.778680602778959081653E-0008  -0.354089724427160985023E-0017   0.162414062717089358046E+0002   0.742645445480585391274E-0008  -0.250000000000000000000E+0002   0.569896982390994821799E+0001
   0.195833333333333248216E+0000   0.411097203203985661812E-0009   0.516880194980669370096E-0019   0.823904064822371805595E-0008  -0.418463851010270023921E-0017   0.162470515790814111767E+0002   0.829714154534756175934E-0008  -0.250000000000000000000E+0002   0.569896981081046760664E+0001
   0.197916666666666574148E+0000   0.428763024508158985396E-0009   0.612199702259580423831E-0019   0.872014780378269243669E-0008  -0.494311010666793584630E-0017   0.162527267992202908431E+0002   0.926285444611122116862E-0008  -0.250000000000000000000E+0002   0.569896979684039450831E+0001
   0.199999999999999900080E+0000   0.447463116205011636182E-0009   0.724763913249862616971E-0019   0.923194022519584735451E-0008  -0.583632375673972237391E-0017   0.162584300959036696099E+0002   0.103332626705148178267E-0007  -0.250000000000000000000E+0002   0.569896978194420267272E+0001
   0.202083333333333226012E+0000   0.467263407763656404559E-0009   0.857630392579257685420E-0019   0.977633967110317495527E-0008  -0.688769894728586111707E-0017   0.162641596785516071577E+0002   0.115189531866193547724E-0007  -0.250000000000000000000E+0002   0.569896976606288774292E+0001
   0.204166666666666551944E+0000   0.488233952123657799009E-0009   0.101438703192453011598E-0018   0.103553829144981786062E-0007  -0.812462769981642922363E-0017   0.162699138019732423288E+0002   0.128315112648624396871E-0007  -0.250000000000000000000E+0002   0.569896974913375764515E+0001
   0.206249999999999877875E+0000   0.510449171840978604149E-0009   0.119924180235151216017E-0018   0.109712280141297678581E-0007  -0.957913008806988835144E-0017   0.162756907660380036873E+0002   0.142836078750969747300E-0007  -0.250000000000000000000E+0002   0.569896973109022031423E+0001
   0.208333333333333203807E+0000   0.533988118607090025561E-0009   0.141712727990680279351E-0018   0.116261608813372413651E-0007  -0.112886145767106864129E-0016   0.162814889152791799631E+0002   0.158890941108831948934E-0007  -0.250000000000000000000E+0002   0.569896971186154122080E+0001
   0.210416666666666529739E+0000   0.558934746767829307052E-0009   0.167382230024100898365E-0018   0.123226021529725118796E-0007  -0.132967593467548164080E-0016   0.162873066384373004212E+0002   0.176631031504029392294E-0007  -0.250000000000000000000E+0002   0.569896969137261066862E+0001
   0.212499999999999855671E+0000   0.585378201490972213347E-0009   0.197609346032008800466E-0018   0.130631143812446550029E-0007  -0.156545331698187005218E-0016   0.162931423679500859691E+0002   0.196221602952507674185E-0007  -0.250000000000000000000E+0002   0.569896966954367734104E+0001
   0.214583333333333181603E+0000   0.613413122254265378474E-0009   0.233185960091759011279E-0018   0.138504095515168232237E-0007  -0.184213771173905208488E-0016   0.162989945793956358955E+0002   0.217843016618301578751E-0007  -0.250000000000000000000E+0002   0.569896964629008717651E+0001
   0.216666666666666507535E+0000   0.643139962348782080831E-0009   0.275038288017872787940E-0018   0.146873569392192358544E-0007  -0.216665715073612023711E-0016   0.163048617908943604959E+0002   0.241692021357307939487E-0007  -0.250000000000000000000E+0002   0.569896962152198938156E+0001
   0.218749999999999833467E+0000   0.674665325115919505414E-0009   0.324249059450649218732E-0018   0.155769913172327066350E-0007  -0.254708160292185882309E-0016   0.163107425624753368254E+0002   0.267983132367889703014E-0007  -0.250000000000000000000E+0002   0.569896959514404422009E+0001
   0.220833333333333159398E+0000   0.708102317660131723011E-0009   0.382083252805397826505E-0018   0.165225215252110156404E-0007  -0.299280550273727514412E-0016   0.163166354954118197895E+0002   0.296950115817564713113E-0007  -0.250000000000000000000E+0002   0.569896956705510593366E+0001
   0.222916666666666485330E+0000   0.743570922803532345918E-0009   0.450017932694294532622E-0018   0.175273394124536220548E-0007  -0.351475844995819175356E-0016   0.163225392315305235513E+0002   0.328847586700428936064E-0007  -0.250000000000000000000E+0002   0.569896953714788878642E+0001
   0.224999999999999811262E+0000   0.781198390072821170533E-0009   0.529776821155897249951E-0018   0.185950291660636760460E-0007  -0.412564826023735203871E-0016   0.163284524524987517680E+0002   0.363952727712814772247E-0007  -0.250000000000000000000E+0002   0.569896950530862245188E+0001
   0.227083333333333137194E+0000   0.821119646533544077047E-0009   0.623370327294286382683E-0018   0.197293770362303075891E-0007  -0.484024113038241876939E-0016   0.163343738790933130645E+0002   0.402567137121176442297E-0007  -0.250000000000000000000E+0002   0.569896947141668519521E+0001
   0.229166666666666463126E+0000   0.863477728311421229122E-0009   0.733141866450123425164E-0018   0.209343814705317881823E-0007  -0.567568436462337030557E-0016   0.163403022704543836596E+0002   0.445018814480690691020E-0007  -0.250000000000000000000E+0002   0.569896943534422018018E+0001
   0.231249999999999789058E+0000   0.908424233665409529962E-0009   0.861821421379604908751E-0018   0.222142636692970236367E-0007  -0.665187785545028803538E-0016   0.163462364233277668291E+0002   0.491664293150574445022E-0007  -0.250000000000000000000E+0002   0.569896939695573134799E+0001
   0.233333333333333114989E+0000   0.956119798502211803060E-0009   0.101258743595886968120E-0017   0.235734785740333206657E-0007  -0.779190135693072159772E-0016   0.163521751712982315041E+0002   0.542890928430905913759E-0007  -0.250000000000000000000E+0002   0.569896935610765975611E+0001
   0.235416666666666440921E+0000   0.100673459524709393817E-0008   0.118913829049441282698E-0017   0.250167263010535952163E-0007  -0.912250570606232435622E-0016   0.163581173840165590150E+0002   0.599119355392611202925E-0007  -0.250000000000000000000E+0002   0.569896931264794481820E+0001
   0.237499999999999766853E+0000   0.106044885601108143329E-0008   0.139577478459797243781E-0017   0.265489640323741188519E-0007  -0.106746768638980719633E-0015   0.163640619664226996122E+0002   0.660806119682003615161E-0007  -0.250000000000000000000E+0002   0.569896926641555356952E+0001
   0.239583333333333092785E+0000   0.111745342101983846047E-0008   0.163749525909892059062E-0017   0.281754183760328952463E-0007  -0.124842834509305497586E-0015   0.163700078579670851298E+0002   0.728446499731224955377E-0007  -0.250000000000000000000E+0002   0.569896921723999483334E+0001
   0.241666666666666418717E+0000   0.117795031329475218288E-0008   0.192010521848221581006E-0017   0.299015982078840830606E-0007  -0.145928193614122521782E-0015   0.163759540318321121788E+0002   0.802577528802143678788E-0007  -0.250000000000000000000E+0002   0.569896916494080851834E+0001
   0.243749999999999744649E+0000   0.124215334060186476786E-0008   0.225034357767392969059E-0017   0.317333080069439720428E-0007  -0.170482548800862394513E-0015   0.163818994941554336719E+0002   0.883781230081034005888E-0007  -0.250000000000000000000E+0002   0.569896910932703359975E+0001
   0.245833333333333070581E+0000   0.131028872570937689758E-0008   0.263602795410473647856E-0017   0.336766616962678048443E-0007  -0.199060114254818917975E-0015   0.163878432832567106914E+0002   0.972688077938025086889E-0007  -0.250000000000000000000E+0002   0.569896905019664234970E+0001
   0.247916666666666396512E+0000   0.138259576601929849707E-0008   0.308622176256880252004E-0017   0.357380970012569306658E-0007  -0.232300770609140106632E-0015   0.163937844688691178874E+0002   0.106998069924312463201E-0006  -0.250000000000000000000E+0002   0.569896898733595946851E+0001
   0.249999999999999722444E+0000   0.145932752366349512840E-0008   0.361142625129067638960E-0017   0.379243903371717361476E-0007  -0.270942821598867676540E-0015   0.163997221513769098067E+0002   0.117639782925286605454E-0006  -0.250000000000000000000E+0002   0.569896892051904568888E+0001
   0.252083333333333048376E+0000   0.154075154717882127400E-0008   0.422380104835131029057E-0017   0.402426722375414033362E-0007  -0.315837571434379733738E-0015   0.164056554610601352806E+0002   0.129273853732730317317E-0006  -0.250000000000000000000E+0002   0.569896884950706095196E+0001
   0.254166666666666374308E+0000   0.162715062590012957088E-0008   0.493741727433065592801E-0017   0.427004433349147535689E-0007  -0.367965970462077915468E-0015   0.164115835573474697640E+0002   0.141986673853882364498E-0006  -0.250000000000000000000E+0002   0.569896877404759116814E+0001
   0.256249999999999700240E+0000   0.171882357823367769652E-0008   0.576854782640571843166E-0017   0.453055909052914602797E-0007  -0.428457608405962377541E-0015   0.164175056280779969597E+0002   0.155871600785102886986E-0006  -0.250000000000000000000E+0002   0.569896869387394922057E+0001
   0.258333333333333026172E+0000   0.181608607499681749665E-0008   0.673600005898285121946E-0017   0.480664059873227610808E-0007  -0.498612370284778587373E-0015   0.164234208887727852755E+0002   0.171029471459892677754E-0006  -0.250000000000000000000E+0002   0.569896860870444399438E+0001
   0.260416666666666352103E+0000   0.191927149903270677232E-0008   0.786149678438705753948E-0017   0.509916010871311222338E-0007  -0.579925109790090159134E-0015   0.164293285819168310979E+0002   0.187569149554537106308E-0006  -0.250000000000000000000E+0002   0.569896851824162187228E+0001
   0.262499999999999678035E+0000   0.202873184233107707500E-0008   0.917011230379869982835E-0017   0.540903284793041698179E-0007  -0.674113739707535577742E-0015   0.164352279762519799533E+0002   0.205608108587303414939E-0006  -0.250000000000000000000E+0002   0.569896842217146470944E+0001
   0.264583333333333003967E+0000   0.214483864190783040564E-0008   0.106907710636944788230E-0016   0.573721991143788356854E-0007  -0.783151188675659422973E-0015   0.164411183660812412199E+0002   0.225273052821295439188E-0006  -0.250000000000000000000E+0002   0.569896832016256382758E+0001
   0.266666666666666329899E+0000   0.226798395571735315304E-0008   0.124568175281194998698E-0016   0.608473021427630216746E-0007  -0.909301729280269626778E-0015   0.164469990705850861445E+0002   0.246700578075896254225E-0006  -0.250000000000000000000E+0002   0.569896821186525315284E+0001
   0.268749999999999655831E+0000   0.239858137989177142887E-0008   0.145066669748669770113E-0016   0.645262250646787481189E-0007  -0.105516224450540843230E-0014   0.164528694331498428483E+0002   0.270037874643531076714E-0006  -0.250000000000000000000E+0002   0.569896809691070771464E+0001
   0.270833333333332981763E+0000   0.253706710862096083404E-0008   0.168845481776401924551E-0016   0.684200745153432528909E-0007  -0.122370906820037702957E-0014   0.164587288207086466230E+0002   0.295443474540520475947E-0006  -0.250000000000000000000E+0002   0.569896797491000484115E+0001
   0.272916666666666307695E+0000   0.268390103800587959816E-0008   0.196413503457884978990E-0016   0.725404976941787606651E-0007  -0.141835111551703685053E-0014   0.164645766230951089426E+0002   0.323088045793364799546E-0006  -0.250000000000000000000E+0002   0.569896784545314716297E+0001
   0.274999999999999633626E+0000   0.283956791523564996814E-0008   0.228355882646375301838E-0016   0.768997044464006092345E-0007  -0.164299009606836722494E-0014   0.164704122524098757196E+0002   0.353155235652607962844E-0006  -0.250000000000000000000E+0002   0.569896770810803943164E+0001
   0.277083333333332959558E+0000   0.300457853445567562572E-0008   0.265345013489938528413E-0016   0.815104900048242338006E-0007  -0.190208871060929402154E-0014   0.164762351424002169153E+0002   0.385842565894287598268E-0006  -0.250000000000000000000E+0002   0.569896756241943425181E+0001
   0.279166666666666285490E+0000   0.317947098070994575650E-0008   0.308153042944856100679E-0016   0.863862583992756079057E-0007  -0.220074782660750930950E-0014   0.164820447478527434271E+0002   0.421362382646036125813E-0006  -0.250000000000000000000E+0002   0.569896740790783074004E+0001
   0.281249999999999611422E+0000   0.336481192335542171468E-0008   0.357666092183498259473E-0016   0.915410465403811001849E-0007  -0.254479375086318205135E-0014   0.164878405439993116488E+0002   0.459942863584547320635E-0006  -0.250000000000000000000E+0002   0.569896724406832344556E+0001
   0.283333333333332937354E+0000   0.356119796035997047116E-0008   0.414900416456858837440E-0016   0.969895489839863413099E-0007  -0.294087684597114057893E-0014   0.164936220259360624141E+0002   0.501829085435541327764E-0006  -0.250000000000000000000E+0002   0.569896707036941929658E+0001
   0.285416666666666263286E+0000   0.376925701490772335939E-0008   0.481020754459940474116E-0016   0.102747143381856907847E-0006  -0.339658288036812740205E-0014   0.164993887080557186664E+0002   0.547284154734475551511E-0006  -0.250000000000000000000E+0002   0.569896688625179681509E+0001
   0.287499999999999589217E+0000   0.398964978574678025370E-0008   0.557361148919170125478E-0016   0.108829916623637538642E-0006  -0.392055866366567273558E-0014   0.165051401234929535633E+0002   0.596590405119525517937E-0006  -0.250000000000000000000E+0002   0.569896669112702536353E+0001
   0.289583333333332915149E+0000   0.422307125272389289687E-0008   0.645448554254311558931E-0016   0.115254691674390360568E-0006  -0.452265369080912946751E-0014   0.165108758235828680938E+0002   0.650050664281406686290E-0006  -0.250000000000000000000E+0002   0.569896648437623110084E+0001
   0.291666666666666241081E+0000   0.447025223895910569153E-0008   0.747029585183407604488E-0016   0.122039055111413697315E-0006  -0.521407971659062182192E-0014   0.165165953773324254428E+0002   0.707989594005885593660E-0006  -0.250000000000000000000E+0002   0.569896626534871675318E+0001
   0.293749999999999567013E+0000   0.473196103112013748521E-0008   0.864100802406777824689E-0016   0.129201385363177856940E-0006  -0.600759039451708005331E-0014   0.165222983709048172329E+0002   0.770755106786598188135E-0006  -0.250000000000000000000E+0002   0.569896603336052809397E+0001
   0.295833333333332892945E+0000   0.500900505926159837796E-0008   0.998942978474477680911E-0016   0.136760881652625076558E-0006  -0.691768335100824254653E-0014   0.165279844071165022967E+0002   0.838719862618930850238E-0006  -0.250000000000000000000E+0002   0.569896578769296802136E+0001
   0.297916666666666218877E+0000   0.530223263769786285770E-0008   0.115415983908808540436E-0015   0.144737596229113596821E-0006  -0.796082732620250496779E-0014   0.165336531067315206656E+0002   0.912282849805974162030E-0006  -0.250000000000000000000E+0002   0.569896552759105379238E+0001
   0.299999999999999544809E+0000   0.561253477107098527908E-0008   0.133272183441946533285E-0015   0.153152454887464899985E-0006  -0.915571729918970110576E-0014   0.165393041010708756744E+0002   0.991871053062915604122E-0006  -0.250000000000000000000E+0002   0.569896525226193695346E+0001
   0.302083333333332870740E+0000   0.594084701414821723039E-0008   0.153801555067773575098E-0015   0.162027302122099146777E-0006  -0.105235608305213739575E-0013   0.165449370415985903549E+0002   0.107794121426832509489E-0005  -0.250000000000000000000E+0002   0.569896496087323889412E+0001
   0.304166666666666196672E+0000   0.628815141174506314963E-0008   0.177389946336082344943E-0015   0.171384923896990508123E-0006  -0.120883992010314639423E-0013   0.165505515929668369779E+0002   0.117098168820304454709E-0005  -0.250000000000000000000E+0002   0.569896465255134998529E+0001
   0.306249999999999522604E+0000   0.665547849618917167374E-0008   0.204476678645036907262E-0015   0.181249082273540545622E-0006  -0.138774673057917488798E-0013   0.165561474341527272713E+0002   0.127151439878620618859E-0005  -0.250000000000000000000E+0002   0.569896432637965855150E+0001
   0.308333333333332848536E+0000   0.704390935540652540748E-0008   0.235561627719995289467E-0015   0.191644548580259385848E-0006  -0.159215966784674637626E-0013   0.165617242580287040710E+0002   0.138009689966094023636E-0005  -0.250000000000000000000E+0002   0.569896398139673099337E+0001
   0.310416666666666174468E+0000   0.745457777083611696519E-0008   0.271213194502860291267E-0015   0.202597137278759169852E-0006  -0.182556664779888844496E-0013   0.165672817709444437639E+0002   0.149732454369661284523E-0005  -0.250000000000000000000E+0002   0.569896361659441819114E+0001
   0.312499999999999500400E+0000   0.788867242661905939234E-0008   0.312077272005957154905E-0015   0.214133740521338098568E-0006  -0.209191077638961907605E-0013   0.165728196923201451796E+0002   0.162383276582252847003E-0005  -0.250000000000000000000E+0002   0.569896323091590950582E+0001
   0.314583333333332826331E+0000   0.834743919149688731962E-0008   0.358887325392188399959E-0015   0.226282363394596235136E-0006  -0.239564669633659699944E-0013   0.165783377542510308444E+0002   0.176029948482978792630E-0005  -0.250000000000000000000E+0002   0.569896282325371572597E+0001
   0.316666666666666152263E+0000   0.883218347484136275197E-0008   0.412475715373120096617E-0015   0.239072159842322047140E-0006  -0.274180349493642319842E-0013   0.165838357011227479632E+0002   0.190744762724354634291E-0005  -0.250000000000000000000E+0002   0.569896239244759339471E+0001
   0.318749999999999478195E+0000   0.934427265822295868085E-0008   0.473786409237402945561E-0015   0.252533469260106225097E-0006  -0.313605489199331051391E-0013   0.165893132892376264920E+0002   0.206604777994344519340E-0005  -0.250000000000000000000E+0002   0.569896193728263611433E+0001
   0.320833333333332804127E+0000   0.988513860390815709597E-0008   0.543889239397450278816E-0015   0.266697853752720453936E-0006  -0.358479748747229419128E-0013   0.165947702864513750853E+0002   0.223692097580920454703E-0005  -0.250000000000000000000E+0002   0.569896145648637197922E+0001
   0.322916666666666130059E+0000   0.104562802416581054959E-0007   0.623995886492161990291E-0015   0.281598136046521109202E-0006  -0.409523793148544677683E-0013   0.166002064718202468896E+0002   0.242094161777315649461E-0005  -0.250000000000000000000E+0002   0.569896094872714975565E+0001
   0.324999999999999455991E+0000   0.110592662351785592239E-0007   0.715477782914871561471E-0015   0.297268438042640339423E-0006  -0.467548996190985033596E-0013   0.166056216352582239892E+0002   0.261904054662019683634E-0005  -0.250000000000000000000E+0002   0.569896041261157293434E+0001
   0.327083333333332781923E+0000   0.116957377295477452051E-0007   0.819886153302736474811E-0015   0.313744220003292374874E-0006  -0.533468234697796430718E-0013   0.166110155772042489275E+0002   0.283220825799214404221E-0005  -0.250000000000000000000E+0002   0.569895984668207589152E+0001
   0.329166666666666107854E+0000   0.123674111809258565207E-0007   0.938974431186795026602E-0015   0.331062320356151837024E-0006  -0.608307886984834097840E-0013   0.166163881082990378957E+0002   0.306149827416701723895E-0005  -0.250000000000000000000E+0002   0.569895924941443432488E+0001
   0.331249999999999433786E+0000   0.130760812698206778564E-0007   0.107472331583244195274E-0014   0.349260996104634091041E-0006  -0.693221160049683587526E-0013   0.166217390490715537510E+0002   0.330803067629472154033E-0005  -0.250000000000000000000E+0002   0.569895861921519397697E+0001
   0.333333333333332759718E+0000   0.138236238991558384869E-0007   0.122936876048474193408E-0014   0.368379963828807013719E-0006  -0.789502881780943542180E-0013   0.166270682296346699047E+0002   0.357299580288803881559E-0005  -0.250000000000000000000E+0002   0.569895795441903008083E+0001
   0.335416666666666085650E+0000   0.146119992783564985163E-0007   0.140543321296623104897E-0014   0.388460441261879807351E-0006  -0.898605907181361576780E-0013   0.166323754893900144225E+0002   0.385765812040186805635E-0005  -0.250000000000000000000E+0002   0.569895725328603308668E+0001
   0.337499999999999411582E+0000   0.154432550946343059833E-0007   0.160576046208135447638E-0014   0.409545189425901483057E-0006  -0.102215930148612817632E-0012   0.166376606767417065669E+0002   0.416336027201151002633E-0005  -0.250000000000000000000E+0002   0.569895651399891534084E+0001
   0.339583333333332737514E+0000   0.163195297726184776638E-0007   0.183355447877058194009E-0014   0.431678555309230352216E-0006  -0.116198847784299331784E-0012   0.166429236488187548559E+0002   0.449152731055051495095E-0005  -0.250000000000000000000E+0002   0.569895573466013960484E+0001
   0.341666666666666063445E+0000   0.172430558234430253572E-0007   0.209242267969191717665E-0014   0.454906515067905889497E-0006  -0.132013748349126755610E-0012   0.166481642712060384781E+0002   0.484367112184303458559E-0005  -0.250000000000000000000E+0002   0.569895491328897296768E+0001
   0.343749999999999389377E+0000   0.182161632843613794919E-0007   0.238642408313747720372E-0014   0.479276717731649950413E-0006  -0.149889364573911019355E-0012   0.166533824176835736353E+0002   0.522139504467252967229E-0005  -0.250000000000000000000E+0002   0.569895404781845726916E+0001
   0.345833333333332715309E+0000   0.192412832499192623793E-0007   0.272012287320062325112E-0014   0.504838529395072283850E-0006  -0.170081480787458630504E-0012   0.166585779699739298110E+0002   0.562639869371792845655E-0005  -0.250000000000000000000E+0002   0.569895313609230402818E+0001
   0.347916666666666041241E+0000   0.203209514956750529562E-0007   0.309864793819154224012E-0014   0.531643077873192083598E-0006  -0.192875940542800503172E-0012   0.166637508174975792485E+0002   0.606048299184918320650E-0005  -0.250000000000000000000E+0002   0.569895217586170765856E+0001
   0.349999999999999367173E+0000   0.214578121954124784883E-0007   0.352775900377768580234E-0014   0.559743297799991546732E-0006  -0.218591965510584174014E-0012   0.166689008571360020028E+0002   0.652555541830771150297E-0005  -0.250000000000000000000E+0002   0.569895116478207075517E+0001
   0.352083333333332693105E+0000   0.226546217327464990977E-0007   0.401392004051698743447E-0014   0.589193976148993380625E-0006  -0.247585815206455562421E-0012   0.166740279930024719590E+0002   0.702363547909855697279E-0005  -0.250000000000000000000E+0002   0.569895010040965921405E+0001
   0.354166666666666019037E+0000   0.239142526079766443104E-0007   0.456438068976233050887E-0014   0.620051798151621181504E-0006  -0.280254819686693486546E-0012   0.166791321362201010459E+0002   0.755686040643421128639E-0005  -0.250000000000000000000E+0002   0.569894898019816142920E+0001
   0.356249999999999344968E+0000   0.252396974409938328830E-0007   0.518726652166204730732E-0014   0.652375393592361784307E-0006  -0.317041820018933853830E-0012   0.166842132047073015144E+0002   0.812749109360013416068E-0005  -0.250000000000000000000E+0002   0.569894780149517199419E+0001
   0.358333333333332670900E+0000   0.266340730709999284491E-0007   0.589167901462415402531E-0014   0.686225383455453908958E-0006  -0.358440054289234311834E-0012   0.166892711229701653508E+0002   0.873791827195726551346E-0005  -0.250000000000000000000E+0002   0.569894656153858836234E+0001
   0.360416666666665996832E+0000   0.281006247537482034693E-0007   0.668780622754993370205E-0014   0.721664426900705222575E-0006  -0.404998530020814356800E-0012   0.166943058219018922728E+0002   0.939066893670094656279E-0005  -0.250000000000000000000E+0002   0.569894525745292224173E+0001
   0.362499999999999322764E+0000   0.296427304569643847132E-0007   0.758704522484092478575E-0014   0.758757268543092262498E-0006  -0.457327927239248140520E-0012   0.166993172385888719589E+0002   0.100884130280157421921E-0004  -0.250000000000000000000E+0002   0.569894388624552661327E+0001
   0.364583333333332648696E+0000   0.312639052545562315559E-0007   0.860213741012043801920E-0014   0.797570786012941081890E-0006  -0.516107080011201955823E-0012   0.167043053161234382742E+0002   0.108339703742557948976E-0004  -0.250000000000000000000E+0002   0.569894244480273481912E+0001
   0.366666666666665974628E+0000   0.329678058201698484172E-0007   0.974731802829656487379E-0014   0.838174037771209231577E-0006  -0.582090088126956503290E-0012   0.167092700034230077222E+0002   0.116303179037614551875E-0004  -0.250000000000000000000E+0002   0.569894092988591527416E+0001
   0.368749999999999300559E+0000   0.347582350205997930590E-0007   0.110384812075648195493E-0013   0.880638311156674139655E-0006  -0.656114114706054312038E-0012   0.167142112550555737016E+0002   0.124805971318850921067E-0004  -0.250000000000000000000E+0002   0.569893933812743735956E+0001
   0.370833333333332626491E+0000   0.366391466095088168164E-0007   0.124933620337705811525E-0013   0.925037170639449187938E-0006  -0.739107929890733626063E-0012   0.167191290310712901146E+0002   0.133881219297517510720E-0004  -0.250000000000000000000E+0002   0.569893766602655116316E+0001
   0.372916666666665952423E+0000   0.386146500218635280264E-0007   0.141317372798243364998E-0013   0.971446506258101591250E-0006  -0.832101265476117872066E-0012   0.167240232968401265623E+0002   0.143563865812155790080E-0004  -0.250000000000000000000E+0002   0.569893590994517840187E+0001
   0.374999999999999278355E+0000   0.406890152694426126119E-0007   0.159756465532123376494E-0013   0.101994458221605810471E-0005  -0.936235050314441953332E-0012   0.167288940228953748601E+0002   0.153890741343928498042E-0004  -0.250000000000000000000E+0002   0.569893406610361807907E+0001
   0.377083333333332604287E+0000   0.428666779377255744728E-0007   0.180496357757347572191E-0013   0.107061208561405301030E-0005  -0.105277260164863907075E-0011   0.167337411847828363420E+0002   0.164900650540552006764E-0004  -0.250000000000000000000E+0002   0.569893213057616154771E+0001
   0.379166666666665930219E+0000   0.451522442844220877372E-0007   0.203810250721253907393E-0013   0.112353217529770291583E-0005  -0.118311185318687714252E-0011   0.167385647629157361393E+0002   0.176634461810533841095E-0004  -0.250000000000000000000E+0002   0.569893009928661697927E+0001
   0.381249999999999256151E+0000   0.475504964398578020744E-0007   0.230002033188950057391E-0013   0.117879053079622155783E-0005  -0.132879870674707618838E-0011   0.167433647424349913990E+0002   0.189135200048074972453E-0004  -0.250000000000000000000E+0002   0.569892796800375300847E+0001
   0.383333333333332582082E+0000   0.500663977093867885167E-0007   0.259409517923517727189E-0013   0.123647540133459554852E-0005  -0.149154160069155372716E-0011   0.167481411130749151539E+0002   0.202448142547505236552E-0004  -0.250000000000000000000E+0002   0.569892573233664379018E+0001
   0.385416666666665908014E+0000   0.527050979779609232806E-0007   0.292407995561016117675E-0013   0.129667765489765740797E-0005  -0.167322739516107121082E-0011   0.167528938690341284712E+0002   0.216620918164678743654E-0004  -0.250000000000000000000E+0002   0.569892338772993323204E+0001
   0.387499999999999233946E+0000   0.554719392169467693201E-0007   0.329414134442053929728E-0013   0.135949082732872876361E-0005  -0.187593868127628805408E-0011   0.167576230088515387706E+0002   0.231703609778525830380E-0004  -0.250000000000000000000E+0002   0.569892092945900774481E+0001
   0.389583333333332559878E+0000   0.583724610932446752655E-0007   0.370890257276055798468E-0013   0.142501117144803012247E-0005  -0.210197262923008217948E-0011   0.167623285352874162868E+0002   0.247748860111102844645E-0004  -0.250000000000000000000E+0002   0.569891835262507662208E+0001
   0.391666666666665885810E+0000   0.614124066807336432320E-0007   0.417349027990203263523E-0013   0.149333770617331537536E-0005  -0.235386149801214270171E-0011   0.167670104552092666950E+0002   0.264811980949213760796E-0004  -0.250000000000000000000E+0002   0.569891565215016893120E+0001
   0.393749999999999211742E+0000   0.645977282740348252774E-0007   0.469358584766188609946E-0013   0.156457226563238621973E-0005  -0.263439493836390216982E-0011   0.167716687794824821367E+0002   0.282951065821970637962E-0004  -0.250000000000000000000E+0002   0.569891282277203803375E+0001
   0.395833333333332537673E+0000   0.679345933045649486482E-0007   0.527548158100657515262E-0013   0.163881954825644839137E-0005  -0.294664422933717459299E-0011   0.167763035228657173548E+0002   0.302227106176418241752E-0004  -0.250000000000000000000E+0002   0.569890985903898261711E+0001
   0.397916666666665863605E+0000   0.714293903588297014889E-0007   0.592614215751909313355E-0013   0.171618716584533983769E-0005  -0.329398859849340015429E-0011   0.167809147039107529054E+0002   0.322704111094023200876E-0004  -0.250000000000000000000E+0002   0.569890675530456558562E+0001
   0.399999999999999189537E+0000   0.750887352988938890332E-0007   0.665327179666149249632E-0013   0.179678569260063135489E-0005  -0.368014378580255578497E-0011   0.167855023448668667641E+0002   0.344449230586591279143E-0004  -0.250000000000000000000E+0002   0.569890350572226545012E+0001
   0.402083333333332515469E+0000   0.789194774849568587841E-0007   0.746538763422652886237E-0013   0.188072871412277215877E-0005  -0.410919302191207288820E-0011   0.167900664715895366896E+0002   0.367532882506563612327E-0004  -0.250000000000000000000E+0002   0.569890010424001580702E+0001
   0.404166666666665841401E+0000   0.829287060999588675427E-0007   0.837189982410147899883E-0013   0.196813287637352468066E-0005  -0.458562060263121946881E-0011   0.167946071134533418956E+0002   0.392028883102685997376E-0004  -0.250000000000000000000E+0002   0.569889654459467553949E+0001
   0.406249999999999167333E+0000   0.871237565761493703348E-0007   0.938319892858666364723E-0013   0.205911793460833265836E-0005  -0.511434825323888396307E-0011   0.167991243032691706105E+0002   0.418014581247762282454E-0004  -0.250000000000000000000E+0002   0.569889282030639776622E+0001
   0.408333333333332493265E+0000   0.915122171235621211543E-0007   0.105107512001447906421E-0012   0.215380680228388174960E-0005  -0.570077448859482879147E-0011   0.168036180772053143073E+0002   0.445570996360618052441E-0004  -0.250000000000000000000E+0002   0.569888892467291530153E+0001
   0.410416666666665819196E+0000   0.961019353603571955657E-0007   0.117672024017324326108E-0012   0.225232559995665830289E-0005  -0.635081718802608019131E-0011   0.168080884747126191314E+0002   0.474782960039508511669E-0004  -0.250000000000000000000E+0002   0.569888485076374085025E+0001
   0.412499999999999145128E+0000   0.100901025045024747089E-0006   0.131664908599187760975E-0012   0.235480370418258449545E-0005  -0.707095961761989313969E-0011   0.168125355384534955761E+0002   0.505739261418949642615E-0004  -0.250000000000000000000E+0002   0.569888059141427039123E+0001
   0.414583333333332471060E+0000   0.105917872910476265696E-0006   0.147239704949613127042E-0012   0.246137379644409903272E-0005  -0.786830014686710067797E-0011   0.168169593142347224557E+0002   0.538532796256379394512E-0004  -0.250000000000000000000E+0002   0.569887613921980484832E+0001
   0.416666666666665796992E+0000   0.111161145600103541854E-0006   0.164565446250320230744E-0012   0.257217191212505582234E-0005  -0.875060592162014373344E-0011   0.168213598509438782003E+0002   0.573260719749106502927E-0004  -0.250000000000000000000E+0002   0.569887148652948294369E+0001
   0.418749999999999122924E+0000   0.116639796705936017413E-0006   0.183828113980097439758E-0012   0.268733748956584175049E-0005  -0.972637077104250251622E-0011   0.168257372004894385498E+0002   0.610024603075699973533E-0004  -0.250000000000000000000E+0002   0.569886662544011901588E+0001
   0.420833333333332448856E+0000   0.122363073909101690605E-0006   0.205232217638332056010E-0012   0.280701341923535662923E-0005  -0.108048776427088655205E-0010   0.168300914177443488029E+0002   0.648930593649293171316E-0004  -0.250000000000000000000E+0002   0.569886154778996001369E+0001
   0.422916666666665774788E+0000   0.128340526222872578327E-0006   0.229002509634928449752E-0012   0.293134609305705022588E-0005  -0.119962658771966388803E-0010   0.168344225604930173290E+0002   0.690089579063179472344E-0004  -0.250000000000000000000E+0002   0.569885624515234656684E+0001
   0.424999999999999100719E+0000   0.134582011338670209541E-0006   0.255385845774926536751E-0012   0.306048545394177720944E-0005  -0.133116036515432286544E-0010   0.168387306893816450781E+0002   0.733617354701644568127E-0004  -0.250000000000000000000E+0002   0.569885070882929056779E+0001
   0.427083333333332426651E+0000   0.141097703075510543965E-0006   0.284653202471968406725E-0012   0.319458504557567084760E-0005  -0.147629659396846479426E-0010   0.168430158678718058241E+0002   0.779634794981016505553E-0004  -0.250000000000000000000E+0002   0.569884492984495505397E+0001
   0.429166666666665752583E+0000   0.147898098933487644796E-0006   0.317101862570592470585E-0012   0.333380206252898459246E-0005  -0.163635183576433612975E-0010   0.168472781621971456900E+0002   0.828268028177669729962E-0004  -0.250000000000000000000E+0002   0.569883889893905148938E+0001
   0.431249999999999078515E+0000   0.154994027752028206652E-0006   0.353057782444888692214E-0012   0.347829740074676468399E-0005  -0.181276072816322071078E-0010   0.168515176413232055097E+0002   0.879648614790947932281E-0004  -0.250000000000000000000E+0002   0.569883260656013934664E+0001
   0.433333333333332404447E+0000   0.162396657473793114879E-0006   0.392878153872067869554E-0012   0.362823570850176726753E-0005  -0.200708566485772946327E-0010   0.168557343769101493081E+0002   0.933913729379737435473E-0004  -0.250000000000000000000E+0002   0.569882604285883953565E+0001
   0.435416666666665730379E+0000   0.170117503015271063144E-0006   0.436954175055848684287E-0012   0.378378543788936902426E-0005  -0.222102718707261091407E-0010   0.168599284432784841670E+0002   0.991206345801799477025E-0004  -0.250000000000000000000E+0002   0.569881919768094569179E+0001
   0.437499999999999056310E+0000   0.178168434245285994923E-0006   0.485714046098039278300E-0012   0.394511889695065183503E-0005  -0.245643513190935240991E-0010   0.168640999173774126518E+0002   0.105167542577485346035E-0003  -0.250000000000000000000E+0002   0.569881206056045108710E+0001
   0.439583333333332382242E+0000   0.186561684072831563941E-0006   0.539626205189178048082E-0012   0.411241230253187798320E-0005  -0.271532058544937964066E-0010   0.168682488787560984633E+0002   0.111547611066775800891E-0003  -0.250000000000000000000E+0002   0.569880462071247606559E+0001
   0.441666666666665708174E+0000   0.195309856645872204668E-0006   0.599202822812670035714E-0012   0.428584583397341051258E-0005  -0.299986869098615320601E-0010   0.168723754095373763562E+0002   0.118276991641903361351E-0003  -0.250000000000000000000E+0002   0.569879686702609156157E+0001
   0.443749999999999034106E+0000   0.204425935662961632781E-0006   0.665003572333175801513E-0012   0.446560368775869291516E-0005  -0.331245236534108824748E-0010   0.168764795943940661971E+0002   0.125372493146840100625E-0003  -0.250000000000000000000E+0002   0.569878878805705735289E+0001
   0.445833333333332360038E+0000   0.213923292799806442959E-0006   0.737639696471607079706E-0012   0.465187413323493429058E-0005  -0.365564697891695549256E-0010   0.168805615205277241841E+0002   0.132851601757486443298E-0003  -0.250000000000000000000E+0002   0.569878037202044573917E+0001
   0.447916666666665685970E+0000   0.223815696253144166926E-0006   0.817778390357347653535E-0012   0.484484956954792645014E-0005  -0.403224605791337888178E-0010   0.168846212776496678032E+0002   0.140732501338219385956E-0003  -0.250000000000000000000E+0002   0.569877160678317462583E+0001
   0.449999999999999011902E+0000   0.234117319404618980340E-0006   0.906147523096071675536E-0012   0.504472658393195110601E-0005  -0.444527807003846566947E-0010   0.168886589579642851788E+0002   0.149034094057953357595E-0003  -0.250000000000000000000E+0002   0.569876247985642159222E+0001
   0.452083333333332337833E+0000   0.244842749607630976468E-0006   0.100354072110027739650E-0011   0.525170601150815448367E-0005  -0.489802435802391594044E-0010   0.168926746561544618430E+0002   0.157776021249105572125E-0003  -0.250000000000000000000E+0002   0.569875297838794470096E+0001
   0.454166666666665663765E+0000   0.256006997100478846381E-0006   0.111082283780206746603E-0011   0.546599299675697752258E-0005  -0.539403828836931888787E-0010   0.168966684693690361030E+0002   0.166978684491438707921E-0003  -0.250000000000000000000E+0002   0.569874308915427718603E+0001
   0.456249999999998989697E+0000   0.267625504049456312684E-0006   0.122893583580561849276E-0011   0.568779705684020364285E-0005  -0.593716568592773112853E-0010   0.169006404972122084018E+0002   0.176663266901260559028E-0003  -0.250000000000000000000E+0002   0.569873279855282177664E+0001
   0.458333333333332315629E+0000   0.279714153725951796007E-0006   0.135890510904286842153E-0011   0.591733214695177239329E-0005  -0.653156662828403801236E-0010   0.169045908417347341413E+0002   0.186851754604919461636E-0003  -0.250000000000000000000E+0002   0.569872209259381445889E+0001
   0.460416666666665641561E+0000   0.292289279821982011261E-0006   0.150184627407200915120E-0011   0.615481672790292625396E-0005  -0.718173867728517717167E-0010   0.169085196074268431232E+0002   0.197566958373935697493E-0003  -0.250000000000000000000E+0002   0.569871095689217277425E+0001
   0.462499999999998967493E+0000   0.305367675909028636085E-0006   0.165897246130738322694E-0011   0.640047383614216211587E-0005  -0.789254162864266118172E-0010   0.169124269012127896872E+0002   0.208832535397344265906E-0003  -0.250000000000000000000E+0002   0.569869937665921710845E+0001
   0.464583333333332293424E+0000   0.318966605045471504470E-0006   0.183160213869292208761E-0011   0.665453115642722682496E-0005  -0.866922386415861496381E-0010   0.169163128324468310382E+0002   0.220673011165729290395E-0003  -0.250000000000000000000E+0002   0.569868733669426053012E+0001
   0.466666666666665619356E+0000   0.333103809538393713843E-0006   0.202116750213309294427E-0011   0.691722109738871549541E-0005  -0.951745039495999449610E-0010   0.169201775129106231077E+0002   0.233113801438088110319E-0003  -0.250000000000000000000E+0002   0.569867482137605563253E+0001
   0.468749999999998945288E+0000   0.347797520866020866070E-0006   0.222922346887564204040E-0011   0.718878087021357592380E-0005  -0.104433326879266071195E-0009   0.169240210568117994683E+0002   0.246181234262911308695E-0003  -0.250000000000000000000E+0002   0.569866181465410814866E+0001
   0.470833333333332271220E+0000   0.363066469767565676685E-0006   0.245745731200475385605E-0011   0.746945257071393518394E-0005  -0.114534603716217014050E-0009   0.169278435807837794869E+0002   0.259902572021395914231E-0003  -0.250000000000000000000E+0002   0.569864830003983868778E+0001
   0.472916666666665597152E+0000   0.378929896507796793475E-0006   0.270769897625156069600E-0011   0.775948326503352022517E-0005  -0.125549349221030234572E-0009   0.169316452038864007079E+0002   0.274306033459376856325E-0003  -0.250000000000000000000E+0002   0.569863426059758459985E+0001
   0.474999999999998923084E+0000   0.395407561324213677755E-0006   0.298193211746526633879E-0011   0.805912507928018714246E-0005  -0.137554054333101994580E-0009   0.169354260476075531017E+0002   0.289420815672439344767E-0003  -0.250000000000000000000E+0002   0.569861967893544552055E+0001
   0.477083333333332249016E+0000   0.412519755065285225242E-0006   0.328230591031442245565E-0011   0.836863529336743085327E-0005  -0.150631065810613181912E-0009   0.169391862358654599063E+0002   0.305277116006589545587E-0003  -0.250000000000000000000E+0002   0.569860453719596105060E+0001
   0.479166666666665574947E+0000   0.430287310028845131109E-0006   0.361114767110779239035E-0011   0.868827643935506697492E-0005  -0.164868988943050423958E-0009   0.169429258950115020355E+0002   0.321906153834719489706E-0003  -0.250000000000000000000E+0002   0.569858881704659836487E+0001
   0.481249999999998900879E+0000   0.448731611010346867495E-0006   0.397097634503893744650E-0011   0.901831640462443725754E-0005  -0.180363114518605834347E-0009   0.169466451538335860505E+0002   0.339340192166911981328E-0003  -0.250000000000000000000E+0002   0.569857249967007106761E+0001
   0.483333333333332226811E+0000   0.467874606571362791530E-0006   0.436451690967281248467E-0011   0.935902854017740117129E-0005  -0.197215871277048681386E-0009   0.169503441435596435838E+0002   0.357612559050375102519E-0003  -0.250000000000000000000E+0002   0.569855556575444488487E+0001
   0.485416666666665552743E+0000   0.487738820539381163849E-0006   0.479471574910747167574E-0011   0.971069177442704019613E-0005  -0.215537305128345138380E-0009   0.169540229978613332662E+0002   0.376757668712476368258E-0003  -0.250000000000000000000E+0002   0.569853799548304884581E+0001
   0.487499999999998878675E+0000   0.508347363750673564987E-0006   0.526475705596352327376E-0011   0.100735907327984880515E-0004  -0.235445586467315347743E-0009   0.169576818528577177858E+0002   0.396811042398000318569E-0003  -0.250000000000000000000E+0002   0.569851976852416353125E+0001
   0.489583333333332204607E+0000   0.529723946048726975049E-0006   0.577808032118041207451E-0011   0.104480158635114598909E-0004  -0.257067546967603196473E-0009   0.169613208471186780457E+0002   0.417809328849341038697E-0003  -0.250000000000000000000E+0002   0.569850086402048905398E+0001
   0.491666666666665530538E+0000   0.551892888551483559128E-0006   0.633839897453521733796E-0011   0.108342635698991229928E-0004  -0.280539247291050044539E-0009   0.169649401216680004723E+0002   0.439790324375878658326E-0003  -0.250000000000000000000E+0002   0.569848126057836346092E+0001
   0.493749999999998856470E+0000   0.574879136201420318049E-0006   0.694972024184995193205E-0011   0.112326363496501455054E-0004  -0.306006577204690282157E-0009   0.169685398199858603618E+0002   0.462792992456308714157E-0003  -0.250000000000000000000E+0002   0.569846093625673777439E+0001
   0.495833333333332182402E+0000   0.598708270613269869905E-0006   0.761636628801894927238E-0011   0.116434429413505039305E-0004  -0.333625889652690598448E-0009   0.169721200880106195541E+0002   0.486857482815145330840E-0003  -0.250000000000000000000E+0002   0.569843986855588191531E+0001
   0.497916666666665508334E+0000   0.623406523235024096311E-0006   0.834299671827417265002E-0011   0.120669984787260076376E-0004  -0.363564670390368299914E-0009   0.169756810741397110576E+0002   0.512025149912089948441E-0003  -0.250000000000000000000E+0002   0.569841803440581262663E+0001
   0.499999999999998834266E+0000   0.649000788838668233268E-0006   0.913463251351370182332E-0011   0.125036246529819348880E-0004  -0.396002244845271109698E-0009   0.169792229292293512799E+0002   0.538338570780354155193E-0003  -0.250000000000000000000E+0002   0.569839541015442740957E+0001
   0.502083333333332215709E+0000   0.675518639357961195295E-0006   0.999668147905300952256E-0011   0.129536498836584806123E-0004  -0.431130523933026604823E-0009   0.169827458065930301245E+0002   0.565841562147436109506E-0003  -0.250000000000000000000E+0002   0.569837197155532848569E+0001
   0.504166666666665541641E+0000   0.702988338091423472138E-0006   0.109349652898207379167E-0010   0.134174094984172365743E-0004  -0.469154790616746397104E-0009   0.169862498619984059189E+0002   0.594579196769278958169E-0003  -0.250000000000000000000E+0002   0.569834769375532168567E+0001
   0.506249999999998867573E+0000   0.731438854289602380177E-0006   0.119557482188165248339E-0010   0.138952459221828336471E-0004  -0.510294529064919900386E-0009   0.169897352536625909636E+0002   0.624597818906199317782E-0003  -0.250000000000000000000E+0002   0.569832255128157694202E+0001
   0.508333333333332193504E+0000   0.760899878146536671710E-0006   0.130657676395775705573E-0010   0.143875088760640419455E-0004  -0.554784298326264495621E-0009   0.169932021422454226922E+0002   0.655945058866291516066E-0003  -0.250000000000000000000E+0002   0.569829651802841929964E+0001
   0.510416666666665519436E+0000   0.791401836216278370795E-0006   0.142722663974706021218E-0010   0.148945555865136137954E-0004  -0.602874652509874056943E-0009   0.169966506908406742582E+0002   0.688669846539633140683E-0003  -0.250000000000000000000E+0002   0.569826956724375399688E+0001
   0.512499999999998845368E+0000   0.822975907276228723929E-0006   0.155830271488366129408E-0010   0.154167510051273924567E-0004  -0.654833109525512761277E-0009   0.170000810649647888795E+0002   0.722822423844107406730E-0003  -0.250000000000000000000E+0002   0.569824167151508387263E+0001
   0.514583333333332171300E+0000   0.855654038659954231968E-0006   0.170064087713717468587E-0010   0.159544680395615549840E-0004  -0.710945170511746351070E-0009   0.170034934325432054436E+0002   0.758454356001269356692E-0003  -0.250000000000000000000E+0002   0.569821280275511110602E+0001
   0.516666666666665497232E+0000   0.889468963083083642284E-0006   0.185513849536329672444E-0010   0.165080877959984124038E-0004  -0.771515392149705904536E-0009   0.170068879638937318077E+0002   0.795618541558416815691E-0003  -0.250000000000000000000E+0002   0.569818293218690552493E+0001
   0.518749999999998823164E+0000   0.924454215986831116041E-0006   0.202275850762149799167E-0010   0.170779998335856643464E-0004  -0.836868514136312110494E-0009   0.170102648317069373718E+0002   0.834369221070875859321E-0003  -0.250000000000000000000E+0002   0.569815203032860573273E+0001
   0.520833333333332149095E+0000   0.960644153424558464819E-0006   0.220453375019543281154E-0010   0.176646024313326589132E-0004  -0.907350644163226215627E-0009   0.170136242110232238645E+0002   0.874761984356488405887E-0003  -0.250000000000000000000E+0002   0.569812006697764061869E+0001
   0.522916666666665475027E+0000   0.998073970517772650205E-0006   0.240157153974896489619E-0010   0.182683028678668115806E-0004  -0.983330502826960580105E-0009   0.170169662792064819712E+0002   0.916853776232470687318E-0003  -0.250000000000000000000E+0002   0.569808701119444283023E+0001
   0.524999999999998800959E+0000   0.103677972050885217138E-0005   0.261505852136386347247E-0010   0.188895177145131544093E-0004  -0.106520073097430290206E-0008   0.170202912159138755044E+0002   0.960702900643210636923E-0003  -0.250000000000000000000E+0002   0.569805283128563555550E+0001
   0.527083333333332126891E+0000   0.107679833443867804463E-0005   0.284626579573475697620E-0010   0.195286731421159716067E-0004  -0.115337926206342128428E-0008   0.170235992030617246940E+0002   0.100636902308617274399E-0002  -0.250000000000000000000E+0002   0.569801749478665975346E+0001
   0.529166666666665452823E+0000   0.111816764147828136785E-0005   0.309655433934368615361E-0010   0.201862052420371476007E-0004  -0.124831076220804871109E-0008   0.170268904247870551671E+0002   0.105391317124201846708E-0002  -0.250000000000000000000E+0002   0.569798096844382229165E+0001
   0.531249999999998778755E+0000   0.116092638994447104869E-0005   0.336738073200001632794E-0010   0.208625603617566922744E-0004  -0.135046814064998878252E-0008   0.170301650674048303813E+0002   0.110339773371432962878E-0002  -0.250000000000000000000E+0002   0.569794321819574012267E+0001
   0.533333333333332104687E+0000   0.120511426903029762441E-0005   0.366030320671272194360E-0010   0.215581954554534030140E-0004  -0.146035413349299391062E-0008   0.170334233193602386791E+0002   0.115488645678385763380E-0002  -0.250000000000000000000E+0002   0.569790420915413964309E+0001
   0.535416666666665430618E+0000   0.125077193128200425351E-0005   0.397698803746056238561E-0010   0.222735784500090344977E-0004  -0.157850296361529360819E-0008   0.170366653711762623402E+0002   0.120844443908226417857E-0002  -0.250000000000000000000E+0002   0.569786390558400945849E+0001
   0.537499999999998756550E+0000   0.129794101585499221488E-0005   0.431921628104279973965E-0010   0.230091886267861362564E-0004  -0.170548207976571716915E-0008   0.170398914153958536133E+0002   0.126413812409097441221E-0002  -0.250000000000000000000E+0002   0.569782227088304793483E+0001
   0.539583333333332082482E+0000   0.134666417258205288690E-0005   0.468889088982795606055E-0010   0.237655170195610480942E-0004  -0.184189397793656640767E-0008   0.170431016465187994413E+0002   0.132203529037140210360E-0002  -0.250000000000000000000E+0002   0.569777926756039843070E+0001
   0.541666666666665408414E+0000   0.139698508688792158964E-0005   0.508804421287208898801E-0010   0.245430668289618915271E-0004  -0.198837810819839790712E-0008   0.170462962609328982921E+0002   0.138220503943486559481E-0002  -0.250000000000000000000E+0002   0.569773485721463224252E+0001
   0.543749999999998734346E+0000   0.144894850558490112272E-0005   0.551884590355071166651E-0010   0.253423538537632283803E-0004  -0.214561287027166282426E-0008   0.170494754568392288263E+0002   0.144471778116219079849E-0002  -0.250000000000000000000E+0002   0.569768900051095439352E+0001
   0.545833333333332060278E+0000   0.150260026358497918728E-0005   0.598361125254031804998E-0010   0.261639069393149219711E-0004  -0.231431770120189055314E-0008   0.170526394341713718461E+0002   0.150964521668622950364E-0002  -0.250000000000000000000E+0002   0.569764165715758963415E+0001
   0.547916666666665386209E+0000   0.155798731156450211979E-0005   0.648480996569695985843E-0010   0.270082684434393994197E-0004  -0.249525525860410490557E-0008   0.170557883945082693344E+0002   0.157706031865387685982E-0002  -0.250000000000000000000E+0002   0.569759278588133355470E+0001
   0.549999999999998712141E+0000   0.161515774461805435922E-0005   0.702507540711063958820E-0010   0.278759947200307370415E-0004  -0.268923370303288105100E-0008   0.170589225409807099254E+0002   0.164703730878861106732E-0002  -0.250000000000000000000E+0002   0.569754234440222795399E+0001
   0.552083333333332038073E+0000   0.167416083193870975928E-0005   0.760721432836550743776E-0010   0.287676566206256435797E-0004  -0.289710908313490013666E-0008   0.170620420781709896119E+0002   0.171965163267964954788E-0002  -0.250000000000000000000E+0002   0.569749028940732316073E+0001
   0.554166666666665364005E+0000   0.173504704756231891270E-0005   0.823421710580797012154E-0010   0.296838400141329561909E-0004  -0.311978782733949731487E-0008   0.170651472120058365078E+0002   0.179497993172994096261E-0002  -0.250000000000000000000E+0002   0.569743657652350687925E+0001
   0.556249999999998689937E+0000   0.179786810221389687774E-0005   0.890926850841717714562E-0010   0.306251463249371919627E-0004  -0.335822934594258737444E-0008   0.170682381496422976852E+0002   0.187310001220201147523E-0002  -0.250000000000000000000E+0002   0.569738116028934804547E+0001
   0.558333333333332015869E+0000   0.186267697629459074305E-0005   0.963575901969936400296E-0010   0.315921930895300134162E-0004  -0.361344874766578624820E-0008   0.170713150993466094008E+0002   0.195409081134149086034E-0002  -0.250000000000000000000E+0002   0.569732399412595214017E+0001
   0.560416666666665341801E+0000   0.192952795404772213739E-0005   0.104172967378003032611E-0009   0.325856145316760488322E-0004  -0.388651967409137584168E-0008   0.170743782703654467525E+0002   0.203803236037327631033E-0002  -0.250000000000000000000E+0002   0.569726503030675512917E+0001
   0.562499999999998667732E+0000   0.199847665894316550819E-0005   0.112577198790083150434E-0009   0.336060621564599206162E-0004  -0.417857725760894309158E-0008   0.170774278727903912056E+0002   0.212500574465061646545E-0002  -0.250000000000000000000E+0002   0.569720421992625603025E+0001
   0.564583333333331993664E+0000   0.206958009031890794707E-0005   0.121611099105827731537E-0009   0.346542053630035027365E-0004  -0.449082120543004985549E-0008   0.170804641174145928062E+0002   0.221509306062533635820E-0002  -0.250000000000000000000E+0002   0.569714151286763748061E+0001
   0.566666666666665319596E+0000   0.214289666131903486923E-0005   0.131318053398029512980E-0009   0.357307320760033049608E-0004  -0.482451901518650323353E-0008   0.170834872155821280160E+0002   0.230837736977818020964E-0002  -0.250000000000000000000E+0002   0.569707685776923877796E+0001
   0.568749999999998645528E+0000   0.221848623816725371661E-0005   0.141744161870464529114E-0009   0.368363493960562269334E-0004  -0.518100932622349966841E-0008   0.170864973790298542156E+0002   0.240494264948062268575E-0002  -0.250000000000000000000E+0002   0.569701020198986007870E+0001
   0.570833333333331971460E+0000   0.229641018081508098371E-0005   0.152938391716571416048E-0009   0.379717842686751145620E-0004  -0.556170541126423208033E-0008   0.170894948197218319308E+0002   0.250487374080272549512E-0002  -0.250000000000000000000E+0002   0.569694149157284890350E+0001
   0.572916666666665297392E+0000   0.237673138500352055624E-0005   0.164952736403359024677E-0009   0.391377841719783300207E-0004  -0.596809881317874670347E-0008   0.170924797496763005711E+0002   0.260825629329615449326E-0002  -0.250000000000000000000E+0002   0.569687067120894674588E+0001
   0.574999999999998623323E+0000   0.245951432577703255403E-0005   0.177842382687896705100E-0009   0.403351178227845819785E-0004  -0.640176313172795725499E-0008   0.170954523807853391304E+0002   0.271517670679709407708E-0002  -0.250000000000000000000E+0002   0.569679768419785670375E+0001
   0.577083333333331949255E+0000   0.254482510248800148712E-0005   0.191665885683970566570E-0009   0.415645759011293468494E-0004  -0.686435796526062061788E-0008   0.170984129246273255376E+0002   0.282572207030971694550E-0002  -0.250000000000000000000E+0002   0.569672247240849571881E+0001
   0.579166666666665275187E+0000   0.263273148532978547954E-0005   0.206485352307046943649E-0009   0.428269717927848736928E-0004  -0.735763301248379169057E-0008   0.171013615922722337359E+0002   0.293998009804804323261E-0002  -0.250000000000000000000E+0002   0.569664497623791543646E+0001
   0.581249999999998601119E+0000   0.272330296343573290092E-0005   0.222366633436463961904E-0009   0.441231423497107043126E-0004  -0.788343233956746397132E-0008   0.171042985940801024469E+0002   0.305803906273116772596E-0002  -0.250000000000000000000E+0002   0.569656513456882862556E+0001
   0.583333333333331927051E+0000   0.281661079458113600588E-0005   0.239379525144877177132E-0009   0.454539486680264996632E-0004  -0.844369881796387902610E-0008   0.171072241394927608837E+0002   0.317998772624488367997E-0002  -0.250000000000000000000E+0002   0.569648288472574559904E+0001
   0.585416666666665252983E+0000   0.291272805652435087456E-0005   0.257597979356353670566E-0009   0.468202768832662492848E-0004  -0.904047873848161895698E-0008   0.171101384368192057650E+0002   0.330591526780073079184E-0002  -0.250000000000000000000E+0002   0.569639816242966112725E+0001
   0.587499999999998578915E+0000   0.301172970002269546039E-0005   0.277100324306213743261E-0009   0.482230389824721326995E-0004  -0.967592660730172164090E-0008   0.171130416930147077892E+0002   0.343591120974174029506E-0002  -0.250000000000000000000E+0002   0.569631090175127496877E+0001
   0.589583333333331904846E+0000   0.311369260355787950690E-0005   0.297969495187707629797E-0009   0.496631736328380154620E-0004  -0.103523101297734167828E-0007   0.171159341134542408724E+0002   0.357006534116236819154E-0002  -0.250000000000000000000E+0002   0.569622103506270960338E+0001
   0.591666666666665230778E+0000   0.321869562980513733690E-0005   0.320293275383308823589E-0009   0.511416470264948656399E-0004  -0.110720153883187619468E-0007   0.171188159017006356066E+0002   0.370846763957568626227E-0002  -0.250000000000000000000E+0002   0.569612849298770829165E+0001
   0.593749999999998556710E+0000   0.332681968387811269940E-0005   0.344164548689279360553E-0009   0.526594537404459305365E-0004  -0.118375522187402029911E-0007   0.171216872592667641584E+0002   0.385120819059328600709E-0002  -0.250000000000000000000E+0002   0.569603320435026549973E+0001
   0.595833333333331882642E+0000   0.343814777338292467681E-0005   0.369681562958713826638E-0009   0.542176176123296456062E-0004  -0.126515597954721936865E-0007   0.171245483853745525948E+0002   0.399837710630874046402E-0002  -0.250000000000000000000E+0002   0.569593509612168080736E+0001
   0.597916666666665208574E+0000   0.355276507031146229900E-0005   0.396948205598088832771E-0009   0.558171926303154913819E-0004  -0.135168124272627655189E-0007   0.171273994767089270397E+0002   0.415006444215175723106E-0002  -0.250000000000000000000E+0002   0.569583409336599899575E+0001
   0.599999999999998534506E+0000   0.367075897480401141534E-0005   0.426074291367870157080E-0009   0.574592638372008049970E-0004  -0.144362255732781389046E-0007   0.171302407271683989620E+0002   0.430636011269545839614E-0002  -0.250000000000000000000E+0002   0.569573011918381322261E+0001
   0.602083333333331860437E+0000   0.379221918080995280538E-0005   0.457175862951440221212E-0009   0.591449482479946194997E-0004  -0.154128620853299761452E-0007   0.171330723276125418408E+0002   0.446735380663382860428E-0002  -0.250000000000000000000E+0002   0.569562309465441174439E+0001
   0.604166666666665186369E+0000   0.391723774367402960601E-0005   0.490375504771083711305E-0009   0.608753957804276054125E-0004  -0.164499386834284261101E-0007   0.171358944656069667190E+0002   0.463313490120434347957E-0002  -0.250000000000000000000E+0002   0.569551293877623976414E+0001
   0.606249999999998512301E+0000   0.404590914967480884152E-0005   0.525802670545154093152E-0009   0.626517901979489652249E-0004  -0.175508326723816775388E-0007   0.171387073251666279816E+0002   0.480379237640365507750E-0002  -0.250000000000000000000E+0002   0.569539956840564887131E+0001
   0.608333333333331838233E+0000   0.417833038753913190620E-0005   0.563594025093353076520E-0009   0.644753500637697284960E-0004  -0.187190889042409589199E-0007   0.171415110864968198712E+0002   0.497941472898433701993E-0002  -0.250000000000000000000E+0002   0.569528289819392874449E+0001
   0.610416666666665164165E+0000   0.431460102195798955195E-0005   0.603893800917270136930E-0009   0.663473297068926947968E-0004  -0.199584269999078880493E-0007   0.171443059257348835445E+0002   0.516008988712064829013E-0002  -0.250000000000000000000E+0002   0.569516284052258292547E+0001
   0.612499999999998490097E+0000   0.445482326912505903775E-0005   0.646854170095059037927E-0009   0.682690201979341114045E-0004  -0.212727488310466301177E-0007   0.171470920146909726611E+0002   0.534590512547529830845E-0002  -0.250000000000000000000E+0002   0.569503930543684866450E+0001
   0.614583333333331816029E+0000   0.459910207431915465085E-0005   0.692635632047499254462E-0009   0.702417503348524990695E-0004  -0.226661462745689718961E-0007   0.171498695205895295146E+0002   0.553694698124523529414E-0002  -0.250000000000000000000E+0002   0.569491220057742175698E+0001
   0.616666666666665141960E+0000   0.474754519155013942591E-0005   0.741407417749109216194E-0009   0.722668876376865540901E-0004  -0.241429092463372590233E-0007   0.171526386058120721145E+0002   0.573330117143424581455E-0002  -0.250000000000000000000E+0002   0.569478143111038814794E+0001
   0.618749999999998467892E+0000   0.490026326528644913110E-0005   0.793347910975101548578E-0009   0.743458393517131135375E-0004  -0.257075340226270538275E-0007   0.171553994276417718368E+0002   0.593505251164870139408E-0002  -0.250000000000000000000E+0002   0.569464689965533921168E+0001
   0.620833333333331793824E+0000   0.505736991428089982368E-0005   0.848645087192422449570E-0009   0.764800534581992113095E-0004  -0.273647318577738783840E-0007   0.171581521380105677110E+0002   0.614228483670573120051E-0002  -0.250000000000000000000E+0002   0.569450850621165827192E+0001
   0.622916666666665119756E+0000   0.521898181751002218003E-0005   0.907496970720907513216E-0009   0.786710196921476854299E-0004  -0.291194379066647826400E-0007   0.171608968832493609113E+0002   0.635508092333276260882E-0002  -0.250000000000000000000E+0002   0.569436614808296148738E+0001
   0.624999999999998445688E+0000   0.538521880224054204269E-0005   0.970112110808600443963E-0009   0.809202705661870674804E-0004  -0.309768204607321257031E-0007   0.171636338038419502539E+0002   0.657352241522514250949E-0002  -0.250000000000000000000E+0002   0.569421971979969487876E+0001
   0.627083333333331771620E+0000   0.555620393423515956640E-0005   0.103671007728361804538E-0008   0.832293823999437674217E-0004  -0.329422905063618259717E-0007   0.171663630341832877946E+0002   0.679768975071247134184E-0002  -0.250000000000000000000E+0002   0.569406911303985552308E+0001
   0.629166666666665097551E+0000   0.573206361010816659377E-0005   0.110752197646341332845E-0008   0.855999763540694972837E-0004  -0.350215116145903582686E-0007   0.171690847023425234852E+0002   0.702766209326678454455E-0002  -0.250000000000000000000E+0002   0.569391421654785467865E+0001
   0.631249999999998423483E+0000   0.591292765183982998816E-0005   0.118279098802097232004E-0008   0.880337194681392152954E-0004  -0.372204101711220992744E-0007   0.171717989298315494295E+0002   0.726351726506481529949E-0002  -0.250000000000000000000E+0002   0.569375491605149619545E+0001
   0.633333333333331749415E+0000   0.609892940345668818755E-0005   0.126277292352615178961E-0008   0.905323257015939162912E-0004  -0.395451859556196962921E-0007   0.171745058313792782201E+0002   0.750533168379398981512E-0002  -0.250000000000000000000E+0002   0.569359109417707021095E+0001
   0.635416666666665075347E+0000   0.629020582988328617543E-0005   0.134773680739918553956E-0008   0.930975569768861821191E-0004  -0.420023230793368330154E-0007   0.171772055147123126062E+0002   0.775318030286697643105E-0002  -0.250000000000000000000E+0002   0.569342263036256390762E+0001
   0.637499999999998401279E+0000   0.648689761796892504176E-0005   0.143796548103202224945E-0008   0.957312242236439876232E-0004  -0.445986012899851272811E-0007   0.171798980803421095231E+0002   0.800713655510434073326E-0002  -0.250000000000000000000E+0002   0.569324940076897600960E+0001
   0.639583333333331727211E+0000   0.668914927969067804874E-0005   0.153375623085054333977E-0008   0.984351884240725164303E-0004  -0.473411076521571006948E-0007   0.171825836213600808833E+0002   0.826727230038496775644E-0002  -0.250000000000000000000E+0002   0.569307127818974922917E+0001
   0.641666666666665053143E+0000   0.689710925754103426356E-0005   0.163542144114248317608E-0008   0.101211361659620224232E-0003  -0.502372486414874470705E-0007   0.171852622232418958959E+0002   0.853365777851457577019E-0002  -0.250000000000000000000E+0002   0.569288813195829757063E+0001
   0.643749999999998379074E+0000   0.711093003206785460423E-0005   0.174328927234575428756E-0008   0.104061708144122095601E-0003  -0.532947625111037686438E-0007   0.171879339636477332931E+0002   0.880636155847897179882E-0002  -0.250000000000000000000E+0002   0.569269982785367378852E+0001
   0.645833333333331705006E+0000   0.733076823160401054504E-0005   0.185770436579123404329E-0008   0.106988245272359334135E-0003  -0.565217322680768639809E-0007   0.171905989122488129794E+0002   0.908545050289150633860E-0002  -0.250000000000000000000E+0002   0.569250622800433170312E+0001
   0.647916666666665030938E+0000   0.755678474415193477911E-0005   0.197902857563548347034E-0008   0.109993044652512741424E-0003  -0.599265988805639926424E-0007   0.171932571305496182390E+0002   0.937098972865762526452E-0002  -0.250000000000000000000E+0002   0.569230719079002867034E+0001
   0.649999999999998356870E+0000   0.778914483142046142419E-0005   0.210764172887279108033E-0008   0.113078233136025584678E-0003  -0.635181749778926911433E-0007   0.171959086717210674067E+0002   0.966304257326890993218E-0002  -0.250000000000000000000E+0002   0.569210257074185488335E+0001
   0.652083333333331682802E+0000   0.802801824500079118548E-0005   0.224394241430158464157E-0008   0.116245993840242913160E-0003  -0.673056589621047264432E-0007   0.171985535804414411132E+0002   0.996167056468286356286E-0002  -0.250000000000000000000E+0002   0.569189221844041792764E+0001
   0.654166666666665008734E+0000   0.827357934466486951547E-0005   0.238834880133327696538E-0008   0.119498567163859605554E-0003  -0.712986495490681234843E-0007   0.172011918927464932949E+0002   0.102669333950371685638E-0001  -0.250000000000000000000E+0002   0.569167598041219147120E+0001
   0.656249999999998334665E+0000   0.852600721876979784778E-0005   0.254129948955221477659E-0008   0.122838251791778215122E-0003  -0.755071607492339942359E-0007   0.172038236358868381615E+0002   0.105788888976869627917E-0001  -0.250000000000000000000E+0002   0.569145369902403786000E+0001
   0.658333333333331660597E+0000   0.878548580674384693343E-0005   0.270325438993760624223E-0008   0.126267405686462480486E-0003  -0.799416372876563549093E-0007   0.172064488281920446866E+0002   0.108975930272457305348E-0001  -0.250000000000000000000E+0002   0.569122521237594902743E+0001
   0.660416666666664986529E+0000   0.905220402362428636631E-0005   0.287469563866617459683E-0008   0.129788447067175039765E-0003  -0.846129704678326568124E-0007   0.172090674789437052539E+0002   0.112230998430664155596E-0001  -0.250000000000000000000E+0002   0.569099035419200038888E+0001
   0.662499999999998312461E+0000   0.932635588661946530434E-0005   0.305612854443365580476E-0008   0.133403855372392663803E-0003  -0.895325144875030454711E-0007   0.172116795882554320940E+0002   0.115554614955077662730E-0001  -0.250000000000000000000E+0002   0.569074895370957545282E+0001
   0.664583333333331638393E+0000   0.960814064365764623787E-0005   0.324808257022986593231E-0008   0.137116172203736709717E-0003  -0.947121032044022960625E-0007   0.172142851469598490155E+0002   0.118947282148664165713E-0001  -0.250000000000000000000E+0002   0.569050083556687713582E+0001
   0.666666666666664964325E+0000   0.989776290388149037865E-0005   0.345111235050768045859E-0008   0.140928002248697637052E-0003  -0.100164067354118456417E-0006   0.172168841365022657897E+0002   0.122409483027290030832E-0001  -0.250000000000000000000E+0002   0.569024581968877107840E+0001
   0.668749999999998290257E+0000   0.101954327700409810528E-0004   0.366579874468634468209E-0008   0.144842014179298882214E-0003  -0.105901252219336432873E-0006   0.172194765288406905768E+0002   0.125941681254836609916E-0001  -0.250000000000000000000E+0002   0.568998372117099915357E+0001
   0.670833333333331616188E+0000   0.105013659727325333292E-0004   0.389274992792810335740E-0008   0.148860941523963673325E-0003  -0.111937035749571721322E-0006   0.172220622863519281509E+0002   0.129544321097384701469E-0001  -0.250000000000000000000E+0002   0.568971435016282089947E+0001
   0.672916666666664942120E+0000   0.108157840064207149788E-0004   0.413260252011712798374E-0008   0.152987583500704043887E-0003  -0.118285347123320960951E-0006   0.172246413617377669425E+0002   0.133217827366622215690E-0001  -0.250000000000000000000E+0002   0.568943751174814060789E+0001
   0.674999999999998268052E+0000   0.111389142671665389230E-0004   0.438602275390907293917E-0008   0.157224805844648196900E-0003  -0.124960685728506593224E-0006   0.172272136979551611091E+0002   0.136962605483735132966E-0001  -0.250000000000000000000E+0002   0.568915300582514582572E+0001
   0.677083333333331593984E+0000   0.114709901920379597263E-0004   0.465370768299264976446E-0008   0.161575541555942408037E-0003  -0.131978140683174235617E-0006   0.172297792281229931177E+0002   0.140779041390286761837E-0001  -0.250000000000000000000E+0002   0.568886062698458161435E+0001
   0.679166666666664919916E+0000   0.118122514000369385366E-0004   0.493638643110190525414E-0008   0.166042791631990408700E-0003  -0.139353410613050546687E-0006   0.172323378754512397393E+0002   0.144667501577137209978E-0001  -0.250000000000000000000E+0002   0.568856016438670852864E+0001
   0.681249999999998245848E+0000   0.121629438345043772293E-0004   0.523482148288433485119E-0008   0.170629625745605066883E-0003  -0.147102823952992570437E-0006   0.172348895531688128813E+0002   0.148628333089606372297E-0001  -0.250000000000000000000E+0002   0.568825140163703224516E+0001
   0.683333333333331571779E+0000   0.125233199068850723694E-0004   0.554981001740685699527E-0008   0.175339182870579813429E-0003  -0.155243359617077254266E-0006   0.172374341644542568019E+0002   0.152661863534254496622E-0001  -0.250000000000000000000E+0002   0.568793411666089454570E+0001
   0.685416666666664897711E+0000   0.128936386417374857329E-0004   0.588218528510774680770E-0008   0.180174671849057900161E-0003  -0.163792668048381227942E-0006   0.172399716023685982691E+0002   0.156768401084548883451E-0001  -0.250000000000000000000E+0002   0.568760808157704556010E+0001
   0.687499999999998223643E+0000   0.132741658228613103277E-0004   0.623281802896350598892E-0008   0.185139371895155449175E-0003  -0.172769092628293802023E-0006   0.172425017497900761043E+0002   0.160948234482801155742E-0001  -0.250000000000000000000E+0002   0.568727306257030118530E+0001
   0.689583333333331549575E+0000   0.136651741404029664453E-0004   0.660261795059428239255E-0008   0.190236633027854757380E-0003  -0.182191691421731734115E-0006   0.172450244793499685159E+0002   0.165201633035900741220E-0001  -0.250000000000000000000E+0002   0.568692881976341535477E+0001
   0.691666666666664875507E+0000   0.140669433387852946509E-0004   0.699253522197880682984E-0008   0.195469876426971776381E-0003  -0.192080259231705938767E-0006   0.172475396533691309742E+0002   0.169528846602535546162E-0001  -0.250000000000000000000E+0002   0.568657510708831281931E+0001
   0.693749999999998201439E+0000   0.144797603652932419113E-0004   0.740356204339048099310E-0008   0.200842594704442388258E-0003  -0.202455349932595653626E-0006   0.172500471237948467262E+0002   0.173930105569772251728E-0001  -0.250000000000000000000E+0002   0.568621167215682898899E+0001
   0.695833333333331527371E+0000   0.149039195191312908622E-0004   0.783673424809825200424E-0008   0.206358352083404794674E-0003  -0.213338299047720089534E-0006   0.172525467321373575658E+0002   0.178405620817071418338E-0001  -0.250000000000000000000E+0002   0.568583825613112026076E+0001
   0.697916666666664853302E+0000   0.153397226007521700136E-0004   0.829313295430047105030E-0008   0.212020784476727141817E-0003  -0.224751246533028427966E-0006   0.172550383094058368272E+0002   0.182955583666026891376E-0001  -0.250000000000000000000E+0002   0.568545459359394289578E+0001
   0.699999999999998179234E+0000   0.157874790612381985812E-0004   0.877388626467479517548E-0008   0.217833599456231167798E-0003  -0.236717159723694000682E-0006   0.172575216760433782781E+0002   0.187580165814348054365E-0001  -0.250000000000000000000E+0002   0.568506041241897985827E+0001
   0.702083333333331505166E+0000   0.162475061514981712596E-0004   0.928017101383322192793E-0008   0.223800576103718704178E-0003  -0.249259856396375424070E-0006   0.172599966418608019580E+0002   0.192279519252837559351E-0001  -0.250000000000000000000E+0002   0.568465543364143677252E+0001
   0.704166666666664831098E+0000   0.167201290710232674782E-0004   0.981321456386773391544E-0008   0.229925564733367889664E-0003  -0.262404027894767241211E-0006   0.172624630059687653727E+0002   0.197053776164362003109E-0001  -0.250000000000000000000E+0002   0.568423937132914680603E+0001
   0.706249999999998157030E+0000   0.172056811159237958036E-0004   0.103742966480566204311E-0007   0.236212486476150129028E-0003  -0.276175262260824043566E-0006   0.172649205567083647850E+0002   0.201903048804052583087E-0001  -0.250000000000000000000E+0002   0.568381193245442073447E+0001
   0.708333333333331482962E+0000   0.177045038259480148044E-0004   0.109647512626773371779E-0007   0.242665332715179770089E-0003  -0.290600067308998465902E-0006   0.172673690715799423856E+0002   0.206827429360225828470E-0001  -0.250000000000000000000E+0002   0.568337281676692196442E+0001
   0.710416666666664808893E+0000   0.182169471301610053906E-0004   0.115859686067344895354E-0007   0.249288164360872692860E-0003  -0.305705893575032860580E-0006   0.172698083171699785510E+0002   0.211826989795749418000E-0001  -0.250000000000000000000E+0002   0.568292171666785250750E+0001
   0.712499999999998134825E+0000   0.187433694909348067903E-0004   0.122393970692544465215E-0007   0.256085110952373779143E-0003  -0.321521157056996050961E-0006   0.172722380490754972016E+0002   0.216901781667786473784E-0001  -0.250000000000000000000E+0002   0.568245831708576520924E+0001
   0.714583333333331460757E+0000   0.192841380458790325728E-0004   0.129265452636587391412E-0007   0.263060369579081062240E-0003  -0.338075261694640955398E-0006   0.172746580118282047067E+0002   0.222051835936254021719E-0001  -0.250000000000000000000E+0002   0.568198229535433085857E+0001
   0.716666666666664786689E+0000   0.198396287473532279358E-0004   0.136489841085702762725E-0007   0.270218203615245127977E-0003  -0.355398621493860964996E-0006   0.172770679388205969929E+0002   0.227277162740946239716E-0001  -0.250000000000000000000E+0002   0.568149332109238613953E+0001
   0.718749999999998112621E+0000   0.204102264990691978689E-0004   0.144083489541024901987E-0007   0.277562941220504337102E-0003  -0.373522682113189449682E-0006   0.172794675522209715268E+0002   0.232577751167276185196E-0001  -0.250000000000000000000E+0002   0.568099105608670384981E+0001
   0.720833333333331438553E+0000   0.209963252893931086069E-0004   0.152063417526596830159E-0007   0.285098973648078895995E-0003  -0.392479942001237653407E-0006   0.172818565628988629612E+0002   0.237953568998665876411E-0001  -0.250000000000000000000E+0002   0.568047515417782111768E+0001
   0.722916666666664764485E+0000   0.215983283208550905414E-0004   0.160447332729222212352E-0007   0.292830753298352678120E-0003  -0.412303972777643652496E-0006   0.172842346703426024135E+0002   0.243404562441646432625E-0001  -0.250000000000000000000E+0002   0.567994526114938924621E+0001
   0.724999999999998090416E+0000   0.222166481353745044400E-0004   0.169253653555567255694E-0007   0.300762791542872524961E-0003  -0.433029438922433259184E-0006   0.172866015625836020320E+0002   0.248930655847004779491E-0001  -0.250000000000000000000E+0002   0.567940101462146262890E+0001
   0.727083333333331416348E+0000   0.228517067346557171785E-0004   0.178501532088450491311E-0007   0.308899656274837491193E-0003  -0.454692116469011940020E-0006   0.172889569161171117173E+0002   0.254531751407276810029E-0001  -0.250000000000000000000E+0002   0.567884204394821878736E+0001
   0.729166666666664742280E+0000   0.235039356951730513362E-0004   0.188210877420603375946E-0007   0.317245969175662808574E-0003  -0.477328910544764068480E-0006   0.172913003958217075251E+0002   0.260207728808644102314E-0001  -0.250000000000000000000E+0002   0.567826797012062733927E+0001
   0.731249999999998068212E+0000   0.241737762773337419185E-0004   0.198402379351802816711E-0007   0.325806402772432584201E-0003  -0.500977872662371016480E-0006   0.172936316549063349157E+0002   0.265958445025607920220E-0001  -0.250000000000000000000E+0002   0.567767840567443737854E+0001
   0.733333333333331394144E+0000   0.248616795279458531855E-0004   0.209097532410594728328E-0007   0.334585677082512109731E-0003  -0.525678215053480458854E-0006   0.172959503348238854414E+0002   0.271783733873363943234E-0001  -0.250000000000000000000E+0002   0.567707295460424532507E+0001
   0.735416666666664720076E+0000   0.255681063755438137694E-0004   0.220318660181211634558E-0007   0.343588556025365538492E-0003  -0.551470325021187856074E-0006   0.172982560652153907199E+0002   0.277683405708319432093E-0001  -0.250000000000000000000E+0002   0.567645121228405002967E+0001
   0.737499999999998046007E+0000   0.262935277178630947832E-0004   0.232088939901556363741E-0007   0.352819843495420142152E-0003  -0.578395777072277610844E-0006   0.173005484638545823373E+0002   0.283657247084061620024E-0001  -0.250000000000000000000E+0002   0.567581276539491508260E+0001
   0.739583333333331371939E+0000   0.270384245007882070486E-0004   0.244432427297574838989E-0007   0.362284379103818205466E-0003  -0.606497343406719632944E-0006   0.173028271366002535103E+0002   0.289705020403663790485E-0001  -0.250000000000000000000E+0002   0.567515719186033873456E+0001
   0.741666666666664697871E+0000   0.278032877880733145205E-0004   0.257374081615885201494E-0007   0.371987033557750763468E-0003  -0.635819002495424082951E-0006   0.173050916773522729386E+0002   0.295826463570120386237E-0001  -0.250000000000000000000E+0002   0.567448406078998157653E+0001
   0.743749999999998023803E+0000   0.285886188210712097961E-0004   0.270939790812342655392E-0007   0.381932703778147225170E-0003  -0.666405945543018374125E-0006   0.173073416680420280045E+0002   0.302021289637897545621E-0001  -0.250000000000000000000E+0002   0.567379293243223337129E+0001
   0.745833333333331349735E+0000   0.293949290679153945065E-0004   0.285156396854588907691E-0007   0.392126307540348675862E-0003  -0.698304580851144594322E-0006   0.173095766786019460426E+0002   0.308289186465085449096E-0001  -0.250000000000000000000E+0002   0.567308335813647435231E+0001
   0.747916666666664675667E+0000   0.302227402611557250561E-0004   0.300051721085712785409E-0007   0.402572777793266988258E-0003  -0.731562535555374785594E-0006   0.173117962669613909554E+0002   0.314629816372221093879E-0001  -0.250000000000000000000E+0002   0.567235488032561985250E+0001
   0.749999999999998001599E+0000   0.310725844231735955471E-0004   0.315654589598245614194E-0007   0.413277056659780905531E-0003  -0.766228654839841148466E-0006   0.173139999790703988936E+0002   0.321042815806003647983E-0001  -0.250000000000000000000E+0002   0.567160703247951758499E+0001
   0.752083333333331327530E+0000   0.319450038787044728722E-0004   0.331994858564175337605E-0007   0.424244089018579995619E-0003  -0.802352998449468614368E-0006   0.173161873489277340354E+0002   0.327527795011937072900E-0001  -0.250000000000000000000E+0002   0.567083933912995963311E+0001
   0.754166666666664653462E+0000   0.328405512535964445690E-0004   0.349103439459718149272E-0007   0.435478815726193346346E-0003  -0.839986834175319828575E-0006   0.173183578986309001380E+0002   0.334084337717566390302E-0001  -0.250000000000000000000E+0002   0.567005131586796462528E+0001
   0.756249999999997979394E+0000   0.337597894590546199547E-0004   0.367012324121939526645E-0007   0.446986166468653551599E-0003  -0.879182628230025421266E-0006   0.173205111384467151936E+0002   0.340712000828332362001E-0001  -0.250000000000000000000E+0002   0.566924246936398823493E+0001
   0.758333333333331305326E+0000   0.347032916606015637284E-0004   0.385754609570275612321E-0007   0.458771052244958809242E-0003  -0.919994032320763789709E-0006   0.173226465669036038264E+0002   0.347410314138083750612E-0001  -0.250000000000000000000E+0002   0.566841229740174235019E+0001
   0.760416666666664631258E+0000   0.356716412309915679134E-0004   0.405364522522403881314E-0007   0.470838357488552114449E-0003  -0.962475867248947975391E-0006   0.173247636709076040518E+0002   0.354178780056270403609E-0001  -0.250000000000000000000E+0002   0.566756028892626151361E+0001
   0.762499999999997957190E+0000   0.366654316863314317472E-0004   0.425877443530447436293E-0007   0.483192931834006459378E-0003  -0.100668410287245596883E-0005   0.173268619258833957986E+0002   0.361016873353827705273E-0001  -0.250000000000000000000E+0002   0.566668592410687832484E+0001
   0.764583333333331283121E+0000   0.376852666046788878319E-0004   0.447329930660125883123E-0007   0.495839581540406739053E-0003  -0.105267583427226720248E-0005   0.173289407959418610972E+0002   0.367924040929760512442E-0001  -0.250000000000000000000E+0002   0.566578867441571265573E+0001
   0.766666666666664609053E+0000   0.387317595264152848334E-0004   0.469759742632285924465E-0007   0.508783060583301027791E-0003  -0.110050925397383832157E-0005   0.173309997340755401751E+0002   0.374899701600409293589E-0001  -0.250000000000000000000E+0002   0.566486800272228130382E+0001
   0.768749999999997934985E+0000   0.398055338357190203395E-0004   0.493205861343235327562E-0007   0.522028061433139510192E-0003  -0.115024362008578057268E-0005   0.173330381823833015176E+0002   0.381943245913390072577E-0001  -0.250000000000000000000E+0002   0.566392336340479474188E+0001
   0.770833333333331260917E+0000   0.409072226225041645636E-0004   0.517708513677573961633E-0007   0.535579205537894866701E-0003  -0.120193922022844590188E-0005   0.173350555723253556550E+0002   0.389054035988184651607E-0001  -0.250000000000000000000E+0002   0.566295420247868008801E+0001
   0.772916666666664586849E+0000   0.420374685242305454560E-0004   0.543309192524712022375E-0007   0.549441033532915823999E-0003  -0.125565733114069472847E-0005   0.173370513250096998092E+0002   0.396231405385370841210E-0001  -0.250000000000000000000E+0002   0.566195995774281257695E+0001
   0.774999999999997912781E+0000   0.431969235470425097327E-0004   0.570050676908144934666E-0007   0.563617995202819006481E-0003  -0.131146017387093527504E-0005   0.173390248515107892047E+0002   0.403474659006459734911E-0001  -0.250000000000000000000E+0002   0.566094005894391738565E+0001
   0.777083333333331238713E+0000   0.443862488657396258218E-0004   0.597977051134501693166E-0007   0.578114439219933875722E-0003  -0.136941086445155452383E-0005   0.173409755532206162343E+0002   0.410783073025664177691E-0001  -0.250000000000000000000E+0002   0.565989392795953705217E+0001
   0.779166666666664564644E+0000   0.456061146021858243235E-0004   0.627133722869012955941E-0007   0.592934602711166929868E-0003  -0.142957336010938897939E-0005   0.173429028222361871769E+0002   0.418155894858701568384E-0001  -0.250000000000000000000E+0002   0.565882097899988245615E+0001
   0.781249999999997890576E+0000   0.468571995817566004519E-0004   0.657567440041290959486E-0007   0.608082600648234949253E-0003  -0.149201240074651210793E-0005   0.173448060417768878949E+0002   0.425592343165055175813E-0001  -0.250000000000000000000E+0002   0.565772061882887822293E+0001
   0.783333333333331216508E+0000   0.481401910675707648841E-0004   0.689326306486421149999E-0007   0.623562415136790317884E-0003  -0.155679344594242400669E-0005   0.173466845866386591979E+0002   0.433091607890645144407E-0001  -0.250000000000000000000E+0002   0.565659224700459084545E+0001
   0.785416666666664542440E+0000   0.494557844723007920384E-0004   0.722459796225781370037E-0007   0.639377884627546346982E-0003  -0.162398260732790778317E-0005   0.173485378236818625908E+0002   0.440652850350845282090E-0001  -0.250000000000000000000E+0002   0.565543525613918340866E+0001
   0.787499999999997868372E+0000   0.508046830474506689408E-0004   0.757018766292714425381E-0007   0.655532693095008372336E-0003  -0.169364657643001718246E-0005   0.173503651123530318046E+0002   0.448275203356257728737E-0001  -0.250000000000000000000E+0002   0.565424903217845020720E+0001
   0.789583333333331194304E+0000   0.521875975500811327282E-0004   0.793055468009362791350E-0007   0.672030359230685130599E-0003  -0.176585254805161451328E-0005   0.173521658052401903660E+0002   0.455957771383325091707E-0001  -0.250000000000000000000E+0002   0.565303295470090194641E+0001
   0.791666666666664520235E+0000   0.536052458870624599875E-0004   0.830623556622862174889E-0007   0.688874225698458530348E-0003  -0.184066813929110908056E-0005   0.173539392486611703248E+0002   0.463699630791874969904E-0001  -0.250000000000000000000E+0002   0.565178639723630293901E+0001
   0.793749999999997846167E+0000   0.550583527370366286342E-0004   0.869778099211559749725E-0007   0.706067448502579911133E-0003  -0.191816130433740280020E-0005   0.173556847832837739531E+0002   0.471499830091710592228E-0001  -0.250000000000000000000E+0002   0.565050872760344180534E+0001
   0.795833333333331172099E+0000   0.565476491503787544396E-0004   0.910575580775106402356E-0007   0.723612986521576123135E-0003  -0.199840024521000290966E-0005   0.173574017447770785338E+0002   0.479357390260359630951E-0001  -0.250000000000000000000E+0002   0.564919930826684080216E+0001
   0.797916666666664498031E+0000   0.580738721275577372827E-0004   0.953073908426154119743E-0007   0.741513591259747718680E-0003  -0.208145331864488150581E-0005   0.173590894644921505119E+0002   0.487271305114106087486E-0001  -0.250000000000000000000E+0002   0.564785749671201564581E+0001
   0.799999999999997823963E+0000   0.596377641764101712571E-0004   0.997332413605964951037E-0007   0.759771796874542386553E-0003  -0.216738893936868718074E-0005   0.173607472701708829277E+0002   0.495240541734421960141E-0001  -0.250000000000000000000E+0002   0.564648264583877423917E+0001
   0.802083333333331149895E+0000   0.612400728489576366090E-0004   0.104341185225157481261E-0006   0.778389910531569729178E-0003  -0.225627548002749965902E-0005   0.173623744866810696408E+0002   0.503264040951887439701E-0001  -0.250000000000000000000E+0002   0.564507410437197343356E+0001
   0.804166666666664475827E+0000   0.628815502585151409661E-0004   0.109137440284817886868E-0006   0.797370003148814804166E-0003  -0.234818116808773662778E-0005   0.173639704367759009074E+0002   0.511340717889528506568E-0001  -0.250000000000000000000E+0002   0.564363121728902505936E+0001
   0.806249999999997801758E+0000   0.645629525780178992276E-0004   0.114128366230902973587E-0006   0.816713900607932466978E-0003  -0.244317398021664118737E-0005   0.173655344418787223049E+0002   0.519469462566891013178E-0001  -0.250000000000000000000E+0002   0.564215332626330035026E+0001
   0.808333333333331127690E+0000   0.662850395202606735429E-0004   0.119320463962225005395E-0006   0.836423175345384572153E-0003  -0.254132153346268052136E-0005   0.173670658228727994299E+0002   0.527649140572108016345E-0001  -0.250000000000000000000E+0002   0.564063977012276041023E+0001
   0.810416666666664453622E+0000   0.680485738016077735439E-0004   0.124720374723420930606E-0006   0.856499138681816071621E-0003  -0.264269097616457892717E-0005   0.173685639009316332704E+0002   0.535878593793046240079E-0001  -0.250000000000000000000E+0002   0.563908988532245292191E+0001
   0.812499999999997779554E+0000   0.698543205900436332215E-0004   0.130334879012402726157E-0006   0.876942833629079524296E-0003  -0.274734887589209921885E-0005   0.173700279983473109269E+0002   0.544156641219578907087E-0001  -0.250000000000000000000E+0002   0.563750300643004198520E+0001
   0.814583333333331105486E+0000   0.717030469389820670047E-0004   0.136170895254650766153E-0006   0.897755028386879733171E-0003  -0.285536110703536559615E-0005   0.173714574393746516989E+0002   0.552482079814067827961E-0001  -0.250000000000000000000E+0002   0.563587846662309033263E+0001
   0.816666666666664431418E+0000   0.735955212082487365138E-0004   0.142235478242732897901E-0006   0.918936210544020882877E-0003  -0.296679273775942891668E-0005   0.173728515510837908664E+0002   0.560853685452416678148E-0001  -0.250000000000000000000E+0002   0.563421559819684603099E+0001
   0.818749999999997757349E+0000   0.755325124737543857675E-0004   0.148535817340499196646E-0006   0.940486582029668744670E-0003  -0.308170791695091983334E-0005   0.173742096642180676724E+0002   0.569270213937117103287E-0001  -0.250000000000000000000E+0002   0.563251373308115788063E+0001
   0.820833333333331083281E+0000   0.775147899274683565207E-0004   0.155079234452495122130E-0006   0.962406054858128958904E-0003  -0.320016976169408608888E-0005   0.173755311140541195414E+0002   0.577730402083508412514E-0001  -0.250000000000000000000E+0002   0.563077220336509931542E+0001
   0.822916666666664409213E+0000   0.795431222693864089721E-0004   0.161873181760269911059E-0006   0.984694247703258446203E-0003  -0.332224024582602982982E-0005   0.173768152412607115309E+0002   0.586232968880260399414E-0001  -0.250000000000000000000E+0002   0.562899034182777846524E+0001
   0.824999999999997735145E+0000   0.816182770932599211972E-0004   0.168925239228411174851E-0006   0.100735048333716798764E-0002  -0.344798009013611676267E-0005   0.173780613927530360741E+0002   0.594776616724858181451E-0001  -0.250000000000000000000E+0002   0.562716748247379516812E+0001
   0.827083333333331061077E+0000   0.837410202679189316112E-0004   0.176243111884321935881E-0006   0.103037378696121863925E-0002  -0.357744865478011134590E-0005   0.173792689225391008279E+0002   0.603360032734650483799E-0001  -0.250000000000000000000E+0002   0.562530296107171245978E+0001
   0.829166666666664387009E+0000   0.859121153160765391264E-0004   0.183834626876955072295E-0006   0.105376288545587937923E-0002  -0.371070383449163024338E-0005   0.173804371925550711353E+0002   0.611981890133311556834E-0001  -0.250000000000000000000E+0002   0.562339611569388519996E+0001
   0.831249999999997712941E+0000   0.881323227925497043860E-0004   0.191707730320932351539E-0006   0.107751620756141655577E-0002  -0.384780195716939815530E-0005   0.173815655734856058245E+0002   0.620640849713264275422E-0001  -0.250000000000000000000E+0002   0.562144628725596540164E+0001
   0.833333333333331038872E+0000   0.904023996638520004271E-0004   0.199870483933641305920E-0006   0.110163188500796648504E-0002  -0.398879768640109562416E-0005   0.173826534455666070755E+0002   0.629335561372862950513E-0001  -0.250000000000000000000E+0002   0.561945282005435675643E+0001
   0.835416666666664364804E+0000   0.927230986911455333814E-0004   0.208331061474119781059E-0006   0.112610775459804149379E-0002  -0.413374392850297919295E-0005   0.173837001993667001898E+0002   0.638064665727767765802E-0001  -0.250000000000000000000E+0002   0.561741506229990594790E+0001
   0.837499999999997690736E+0000   0.950951678185403109214E-0004   0.217097744993678835611E-0006   0.115094136124350098459E-0002  -0.428269174461777014251E-0005   0.173847052365446614886E+0002   0.646826795795075043527E-0001  -0.250000000000000000000E+0002   0.561533236664609614053E+0001
   0.839583333333331016668E+0000   0.975193495687248638245E-0004   0.226178920909342521458E-0006   0.117612996194973984908E-0002  -0.443569026840002105297E-0005   0.173856679705795222901E+0002   0.655620578748397353497E-0001  -0.250000000000000000000E+0002   0.561320409071003378898E+0001
   0.841666666666664342600E+0000   0.999963804478933319594E-0004   0.235583075912261558273E-0006   0.120167053073622531918E-0002  -0.459278662980041223532E-0005   0.173865878274707235107E+0002   0.664444637741561788813E-0001  -0.250000000000000000000E+0002   0.561102959758452346506E+0001
   0.843749999999997668532E+0000   0.102526990361903163609E-0003   0.245318792724284467357E-0006   0.122755976447571127884E-0002  -0.475402588542495422170E-0005   0.173874642464056918811E+0002   0.673297593798062726789E-0001  -0.250000000000000000000E+0002   0.560880825633958579601E+0001
   0.845833333333330994463E+0000   0.105111902045555428683E-0003   0.255394745716837014808E-0006   0.125379408962837516663E-0002  -0.491945095591955860027E-0005   0.173882966803922478505E+0002   0.682178067762868045598E-0001  -0.250000000000000000000E+0002   0.560653944251178604219E+0001
   0.847916666666664320395E+0000   0.107751830506833151018E-0003   0.265819696407148769297E-0006   0.128036966984133903161E-0002  -0.508910257078587114775E-0005   0.173890845968537419708E+0002   0.691084682312557846418E-0001  -0.250000000000000000000E+0002   0.560422253857980656733E+0001
   0.849999999999997646327E+0000   0.110447482487868324551E-0003   0.276602488847685851730E-0006   0.130728241438068503583E-0002  -0.526301922100826577162E-0005   0.173898274781850012971E+0002   0.700016064019206157854E-0001  -0.250000000000000000000E+0002   0.560185693442476839721E+0001
   0.852083333333330972259E+0000   0.113199555944331028729E-0003   0.287752044925374940733E-0006   0.133452798735439340586E-0002  -0.544123711981204896714E-0005   0.173905248222670962832E+0002   0.708970845462765925094E-0001  -0.250000000000000000000E+0002   0.559944202777385680037E+0001
   0.854166666666664298191E+0000   0.116008739544908877936E-0003   0.299277359587862113042E-0006   0.136210181771467125911E-0002  -0.562379017186643029248E-0005   0.173911761429419016167E+0002   0.717947667372246939310E-0001  -0.250000000000000000000E+0002   0.559697722462585378622E+0001
   0.856249999999997624123E+0000   0.118875712192148777382E-0003   0.311187496014473826161E-0006   0.138999910985270944651E-0002  -0.581070995103519115290E-0005   0.173917809704347945399E+0002   0.726945180856811840053E-0001  -0.250000000000000000000E+0002   0.559446193965749127841E+0001
   0.858333333333330950055E+0000   0.121801142566431948376E-0003   0.323491580750255523080E-0006   0.141821485500368276063E-0002  -0.600202568716259897609E-0005   0.173923388517448280766E+0002   0.735962049587459976596E-0001  -0.250000000000000000000E+0002   0.559189559660917279160E+0001
   0.860416666666664275986E+0000   0.124785688694144226117E-0003   0.336198798821492190947E-0006   0.144674384314902879436E-0002  -0.619776426166748910408E-0005   0.173928493509819297458E+0002   0.744996952050770294695E-0001  -0.250000000000000000000E+0002   0.558927762864915056440E+0001
   0.862499999999997601918E+0000   0.127829997517170249662E-0003   0.349318388746937564591E-0006   0.147558067592560844365E-0002  -0.639795011185873085480E-0005   0.173933120496902589025E+0002   0.754048583804320660118E-0001  -0.250000000000000000000E+0002   0.558660747871435070522E+0001
   0.864583333333330927850E+0000   0.130934704586810151099E-0003   0.362859637991441015098E-0006   0.150471977826836214760E-0002  -0.660260564912616106429E-0005   0.173937265470055493211E+0002   0.763115659730984052800E-0001  -0.250000000000000000000E+0002   0.558388459983012630516E+0001
   0.866666666666664253782E+0000   0.134100433636261616964E-0003   0.376831877815871822269E-0006   0.153415541313514907501E-0002  -0.681175067135566240277E-0005   0.173940924599516577587E+0002   0.772196916295613128289E-0001  -0.250000000000000000000E+0002   0.558110845540335898107E+0001
   0.868749999999997579714E+0000   0.137327796282106355009E-0003   0.391244478616573962839E-0006   0.156388169482971246815E-0002  -0.702540280442778140082E-0005   0.173944094235670831949E+0002   0.781291113780471779826E-0001  -0.250000000000000000000E+0002   0.557827851949146591437E+0001
   0.870833333333330905646E+0000   0.140617391729339449077E-0003   0.406106845231221695723E-0006   0.159389260309696361058E-0002  -0.724357744007934569895E-0005   0.173946770910198225124E+0002   0.790397038496215564862E-0001  -0.250000000000000000000E+0002   0.557539427704588597123E+0001
   0.872916666666664231577E+0000   0.143969806506069424295E-0003   0.421428412338746520498E-0006   0.162418199748726177489E-0002  -0.746628778551798017002E-0005   0.173948951336796291400E+0002   0.799513504956063519868E-0001  -0.250000000000000000000E+0002   0.557245522412958305125E+0001
   0.874999999999997557509E+0000   0.147385614228397459225E-0003   0.437218639971397480881E-0006   0.165474363193727548073E-0002  -0.769354492162254032417E-0005   0.173950632411487404738E+0002   0.808639358002130048675E-0001  -0.250000000000000000000E+0002   0.556946086810815632617E+0001
   0.877083333333330883441E+0000   0.150865375395874785555E-0003   0.453487009156536210781E-0006   0.168557116951236168716E-0002  -0.792535786948245378936E-0005   0.173951811212524383166E+0002   0.817773474873088185300E-0001  -0.250000000000000000000E+0002   0.556641072781428469796E+0001
   0.879166666666664209373E+0000   0.154409637217825968392E-0003   0.470243017705194255692E-0006   0.171665819729920304630E-0002  -0.816173366498304300449E-0005   0.173952484999929737342E+0002   0.826914767199401073983E-0001  -0.250000000000000000000E+0002   0.556330433368520616000E+0001
   0.881249999999997535305E+0000   0.158018933470800335660E-0003   0.487496176164110611630E-0006   0.174799824133504066656E-0002  -0.840267744126495851682E-0005   0.173952651214645328537E+0002   0.836062182920000313002E-0001  -0.250000000000000000000E+0002   0.556014122787319919894E+0001
   0.883333333333330861237E+0000   0.161693784387191563656E-0003   0.505256003946754260924E-0006   0.177958478160783603247E-0002  -0.864819251847366910250E-0005   0.173952307477356953314E+0002   0.845214708103534245742E-0001  -0.250000000000000000000E+0002   0.555692096432890547675E+0001
   0.885416666666664187169E+0000   0.165434696575130369550E-0003   0.523532025658699794166E-0006   0.181141126705521883500E-0002  -0.889828050070754948079E-0005   0.173951451586991012732E+0002   0.854371368666227010147E-0001  -0.250000000000000000000E+0002   0.555364310885752132663E+0001
   0.887499999999997513100E+0000   0.169242162969612797412E-0003   0.542333767631688233457E-0006   0.184347113053727322020E-0002  -0.915294137966055391335E-0005   0.173950081518908419298E+0002   0.863531231975059321293E-0001  -0.250000000000000000000E+0002   0.555030723914788826079E+0001
   0.889583333333330839032E+0000   0.173116662814781915262E-0003   0.561670754679970794465E-0006   0.187575780375682588455E-0002  -0.941217364460512114898E-0005   0.173948195422818656652E+0002   0.872693408326112030071E-0001  -0.250000000000000000000E+0002   0.554691294477459262424E+0001
   0.891666666666664164964E+0000   0.177058661677224687351E-0003   0.581552507091707361838E-0006   0.190826473210448121533E-0002  -0.967597439830090831495E-0005   0.173945791620435841196E+0002   0.881857052288502474280E-0001  -0.250000000000000000000E+0002   0.554345982717318896960E+0001
   0.893749999999997490896E+0000   0.181068611490105833058E-0003   0.601988537867364642485E-0006   0.194098538940635752595E-0002  -0.994433947843370466503E-0005   0.173942868602895828190E+0002   0.891021363905057928179E-0001  -0.250000000000000000000E+0002   0.553994749958875232210E+0001
   0.895833333333330816828E+0000   0.185146950627918037251E-0003   0.622988350216182705628E-0006   0.197391329256071858950E-0002  -0.102172635841626282377E-0004   0.173939425027958911585E+0002   0.900185589741677449904E-0001  -0.250000000000000000000E+0002   0.553637558699793341788E+0001
   0.897916666666664142760E+0000   0.189294104011599904555E-0003   0.644561435320926397521E-0006   0.200704201604776305903E-0002  -0.104947404073564731937E-0004   0.173935459717014921921E+0002   0.909349023778291548625E-0001  -0.250000000000000000000E+0002   0.553274372600475938810E+0001
   0.899999999999997468692E+0000   0.193510483243747245970E-0003   0.666717270380256039799E-0006   0.204036520630367958218E-0002  -0.107767627681048088211E-0004   0.173930971651911576714E+0002   0.918511008135294709787E-0001  -0.250000000000000000000E+0002   0.552905156471042857902E+0001
   0.902083333333330794623E+0000   0.197796486773624204288E-0003   0.689465316937197270052E-0006   0.207387659594915427924E-0002  -0.110633227540886790326E-0004   0.173925959971623846911E+0002   0.927670933630482807963E-0001  -0.250000000000000000000E+0002   0.552529876255735263868E+0001
   0.904166666666664120555E+0000   0.202152500091663757040E-0003   0.712815019501314898169E-0006   0.210757001786661141846E-0002  -0.113544118633944365838E-0004   0.173920423968780184509E+0002   0.936828240162645986544E-0001  -0.250000000000000000000E+0002   0.552148499014772919935E+0001
   0.906249999999997446487E+0000   0.206578895953136564695E-0003   0.736775804471356877650E-0006   0.214143941912022829632E-0002  -0.116500211503716442961E-0004   0.173914363086060959063E+0002   0.945982416919211727135E-0001  -0.250000000000000000000E+0002   0.551760992903692137901E+0001
   0.908333333333330772419E+0000   0.211076034630657536663E-0003   0.761357079364306410478E-0006   0.217547887471631262377E-0002  -0.119501413741456419119E-0004   0.173907776912482638920E+0002   0.955133002406606118617E-0001  -0.250000000000000000000E+0002   0.551367327150193897722E+0001
   0.910416666666664098351E+0000   0.215644264195190597192E-0003   0.786568232355955511690E-0006   0.220968260119621794785E-0002  -0.122547631493805066953E-0004   0.173900665179578943764E+0002   0.964279584303256720457E-0001  -0.250000000000000000000E+0002   0.550967472028532601058E+0001
   0.912499999999997424283E+0000   0.220283920825202754901E-0003   0.812418632137322972183E-0006   0.224404497006346634672E-0002  -0.125638770989389544832E-0004   0.173893027757489342378E+0002   0.973421799136477139403E-0001  -0.250000000000000000000E+0002   0.550561398831474235749E+0001
   0.914583333333330750214E+0000   0.224995329143615001820E-0003   0.838917628090483999002E-0006   0.227856052103511631454E-0002  -0.128774740080597036485E-0004   0.173884864650962533972E+0002   0.982559331785734513254E-0001  -0.250000000000000000000E+0002   0.550149079839857702012E+0001
   0.916666666666664076146E+0000   0.229778802582182714240E-0003   0.866074550786618388548E-0006   0.231322397511671534048E-0002  -0.131955449797167210764E-0004   0.173876175995281982978E+0002   0.991691914816059949533E-0001  -0.250000000000000000000E+0002   0.549730488289789231970E+0001
   0.918749999999997402078E+0000   0.234634643772928849336E-0003   0.893898712808364639514E-0006   0.234803024749325947584E-0002  -0.135180815907962513457E-0004   0.173866962052118658733E+0002   0.100081932764657016710E+0000  -0.250000000000000000000E+0002   0.549305598337504719098E+0001
   0.920833333333330728010E+0000   0.239563144966242064227E-0003   0.922399409897898891632E-0006   0.238297446022742252097E-0002  -0.138450760487989487388E-0004   0.173857223205313182746E+0002   0.100994139556021128579E+0000  -0.250000000000000000000E+0002   0.548874385021933886009E+0001
   0.922916666666664053942E+0000   0.244564588475230308522E-0003   0.951585922431462585740E-0006   0.241805195475869837141E-0002  -0.141765213487302030326E-0004   0.173846959956590545460E+0002   0.101905798856192525426E+0000  -0.250000000000000000000E+0002   0.548436824225002617084E+0001
   0.924999999999997379874E+0000   0.249639247145902768918E-0003   0.981467517220448853603E-0006   0.245325830419053543541E-0002  -0.145124114298874389776E-0004   0.173836172921207960940E+0002   0.102816902009339766755E+0000  -0.250000000000000000000E+0002   0.547992892629712358143E+0001
   0.927083333333330705806E+0000   0.254787384852728920892E-0003   0.101205344963853285318E-0005   0.248858932535555047935E-0002  -0.148527413322625104534E-0004   0.173824862823534864731E+0002   0.103727444561349413377E+0000  -0.250000000000000000000E+0002   0.547542567676035663027E+0001
   0.929166666666664031737E+0000   0.260009257019155155463E-0003   0.104335296607413305939E-0005   0.252404109055913211321E-0002  -0.151975073526297776375E-0004   0.173813030492531375160E+0002   0.104637426108673756153E+0000  -0.250000000000000000000E+0002   0.547085827514687039752E+0001
   0.931249999999997357669E+0000   0.265305111162122335237E-0003   0.107537530670477832084E-0005   0.255960993942423459951E-0002  -0.155467071980419618133E-0004   0.173800676857297773381E+0002   0.105546850122459900945E+0000  -0.250000000000000000000E+0002   0.546622650958750089245E+0001
   0.933333333333330683601E+0000   0.270675187461278982277E-0003   0.110812970859481936810E-0005   0.259529248989936447631E-0002  -0.159003401414277193110E-0004   0.173787802942319764554E+0002   0.106455723782880012918E+0000  -0.250000000000000000000E+0002   0.546153017433312992779E+0001
   0.935416666666664009533E+0000   0.276119719350669218065E-0003   0.114162540910992789126E-0005   0.263108564937991618038E-0002  -0.162584071724953146108E-0004   0.173774409862803231874E+0002   0.107364057790341888010E+0000  -0.250000000000000000000E+0002   0.545676906923091564749E+0001
   0.937499999999997335465E+0000   0.281638934133317535465E-0003   0.117587164964742752212E-0005   0.266698662541061141604E-0002  -0.166209111487148947141E-0004   0.173760498819882549526E+0002   0.108271866172338013246E+0000  -0.250000000000000000000E+0002   0.545194299918115099501E+0001
   0.939583333333330661397E+0000   0.287233053617779289859E-0003   0.121087767967831727074E-0005   0.270299293605959136538E-0002  -0.169878569440974275316E-0004   0.173746071095746046353E+0002   0.109179166083558543132E+0000  -0.250000000000000000000E+0002   0.544705177357535763605E+0001
   0.941666666666663987328E+0000   0.292902294775946106520E-0003   0.124665276109698391536E-0005   0.273910241993437306857E-0002  -0.173592515959339883220E-0004   0.173731128048672154307E+0002   0.110085977600476087046E+0000  -0.250000000000000000000E+0002   0.544209520571624860708E+0001
   0.943749999999997313260E+0000   0.298646870421342166928E-0003   0.128320617287412974095E-0005   0.277531324582527870806E-0002  -0.177351044493074036902E-0004   0.173715671107975069276E+0002   0.110992323511614685017E+0000  -0.250000000000000000000E+0002   0.543707311222024358699E+0001
   0.945833333333330639192E+0000   0.304466989907103101343E-0003   0.132054721600812650231E-0005   0.281162392194340927595E-0002  -0.181154272991979594851E-0004   0.173699701768854879447E+0002   0.111898229104694130198E+0000  -0.250000000000000000000E+0002   0.543198531240326687453E+0001
   0.947916666666663965124E+0000   0.310362859842740418728E-0003   0.135868521876937121260E-0005   0.284803330472516071786E-0002  -0.185002345298181962636E-0004   0.173683221587146441323E+0002   0.112803721951845487004E+0000  -0.250000000000000000000E+0002   0.542683162765061766208E+0001
   0.949999999999997291056E+0000   0.316334684828929822015E-0003   0.139762954223296178267E-0005   0.288454060723870994373E-0002  -0.188895432520763175961E-0004   0.173666232173985726206E+0002   0.113708831693852235878E+0000  -0.250000000000000000000E+0002   0.542161188077161604326E+0001
   0.952083333333330616988E+0000   0.322382668209119185344E-0003   0.143738958609246816737E-0005   0.292114540703530042171E-0002  -0.192833734365402305062E-0004   0.173648735190344751800E+0002   0.114613589824941242146E+0000  -0.250000000000000000000E+0002   0.541632589534005681742E+0001
   0.954166666666663942920E+0000   0.328507012837133067010E-0003   0.147797479474961898855E-0005   0.295784765356248277243E-0002  -0.196817480448098619246E-0004   0.173630732341483202674E+0002   0.115518029478646200303E+0000  -0.250000000000000000000E+0002   0.541097349502123936560E+0001
   0.956249999999997268851E+0000   0.334707921859653777241E-0003   0.151939466367309137254E-0005   0.299464767504287665209E-0002  -0.200846931570512334344E-0004   0.173612225371290023190E+0002   0.116422185216019366538E+0000  -0.250000000000000000000E+0002   0.540555450288654881774E+0001
   0.958333333333330594783E+0000   0.340985599512476475655E-0003   0.156165874601962435030E-0005   0.303154618481060256566E-0002  -0.204922380963023376002E-0004   0.173593216056520027735E+0002   0.117326092817038499239E+0000  -0.250000000000000000000E+0002   0.540006874071658149461E+0001
   0.960416666666663920715E+0000   0.347340251929385899869E-0003   0.160477665951036996603E-0005   0.306854428708532587025E-0002  -0.209044155493054439887E-0004   0.173573706200924924303E+0002   0.118229789076052513308E+0000  -0.250000000000000000000E+0002   0.539451602829380760795E+0001
   0.962499999999997246647E+0000   0.353772087962460585024E-0003   0.164875809355511756646E-0005   0.310564348216108270656E-0002  -0.213212616837369571239E-0004   0.173553697629281593606E+0002   0.119133311602037383903E+0000  -0.250000000000000000000E+0002   0.538889618268585479655E+0001
   0.964583333333330572579E+0000   0.360281320012564030067E-0003   0.169361281661671122292E-0005   0.314284567099163986842E-0002  -0.217428162616773189069E-0004   0.173533192181317446057E+0002   0.120036698624354926102E+0000  -0.250000000000000000000E+0002   0.538320901752049429945E+0001
   0.966666666666663898511E+0000   0.366868164868831381047E-0003   0.173935068380845267123E-0005   0.318015315918360403150E-0002  -0.221691227499038293633E-0004   0.173512191705545397724E+0002   0.120939988804836459635E+0000  -0.250000000000000000000E+0002   0.537745434225339113965E+0001
   0.968749999999997224442E+0000   0.373532844555497572578E-0003   0.178598164471343683633E-0005   0.321756866024979631957E-0002  -0.226002284232154355536E-0004   0.173490698052970593324E+0002   0.121843221056101305710E+0000  -0.250000000000000000000E+0002   0.537163196142998167204E+0001
   0.970833333333330550374E+0000   0.380275587185188832136E-0003   0.183351575142116083708E-0005   0.325509529829138503226E-0002  -0.230361844680757067163E-0004   0.173468713070731510584E+0002   0.122746434366709941677E+0000  -0.250000000000000000000E+0002   0.536574167394248391361E+0001
   0.972916666666663876306E+0000   0.387096627816980011841E-0003   0.188196316676991858669E-0005   0.329273661002211755558E-0002  -0.234770460788808663338E-0004   0.173446238595655799486E+0002   0.123649667635067128657E+0000  -0.250000000000000000000E+0002   0.535978327228325834852E+0001
   0.974999999999997202238E+0000   0.393996209317889166390E-0003   0.193133417278663898508E-0005   0.333049654604727213281E-0002  -0.239228725502174416773E-0004   0.173423276447712702009E+0002   0.124552959510012675737E+0000  -0.250000000000000000000E+0002   0.535375654179584170578E+0001
   0.977083333333330528170E+0000   0.400974583226338440051E-0003   0.198163917931428875757E-0005   0.336837947145732013662E-0002  -0.243737273647420981033E-0004   0.173399828423391149101E+0002   0.125456348239694481794E+0000  -0.250000000000000000000E+0002   0.534766125992491225816E+0001
   0.979166666666663854102E+0000   0.408032010616103928830E-0003   0.203288873281690382020E-0005   0.340639016571064271593E-0002  -0.248296782760486917097E-0004   0.173375896289004671758E+0002   0.126359871528565564924E+0000  -0.250000000000000000000E+0002   0.534149719546647183677E+0001
   0.981249999999997180034E+0000   0.415168762959257126206E-0003   0.208509352535190054645E-0005   0.344453382178276515738E-0002  -0.252907973864530938161E-0004   0.173351481773927105223E+0002   0.127263566402566086211E+0000  -0.250000000000000000000E+0002   0.533526410781956172968E+0001
   0.983333333333330505965E+0000   0.422385122986562180046E-0003   0.213826440369880225567E-0005   0.348281604458497472468E-0002  -0.257571612194796989979E-0004   0.173326586563767328641E+0002   0.128167469082484913878E+0000  -0.250000000000000000000E+0002   0.532896174624083673876E+0001
   0.985416666666663831897E+0000   0.429681385543793079897E-0003   0.219241237863318060635E-0005   0.352124284863266669154E-0002  -0.262288507868362727915E-0004   0.173301212293490642935E+0002   0.129071614865421874230E+0000  -0.250000000000000000000E+0002   0.532258984910336963026E+0001
   0.987499999999997157829E+0000   0.437057858442401066766E-0003   0.224754863433404914795E-0005   0.355982065496293458018E-0002  -0.267059516496501037487E-0004   0.173275360540494531847E+0002   0.129976038014213535199E+0000  -0.250000000000000000000E+0002   0.531614814316102446412E+0001
   0.989583333333330483761E+0000   0.444514863302961256430E-0003   0.230368453791253589703E-0005   0.359855628729645500574E-0002  -0.271885539737310790462E-0004   0.173249032817648362936E+0002   0.130880771654619171285E+0000  -0.250000000000000000000E+0002   0.530963634281977725493E+0001
   0.991666666666663809693E+0000   0.452052736389819118969E-0003   0.236083164904916290147E-0005   0.363745696743695114475E-0002  -0.276767525786304402686E-0004   0.173222230566305590571E+0002   0.131785847680009726712E+0000  -0.250000000000000000000E+0002   0.530305414941736508183E+0001
   0.993749999999997135625E+0000   0.459671829435347699400E-0003   0.241900172972654745431E-0005   0.367653030991584505935E-0002  -0.281706469802591987156E-0004   0.173194955149301250685E+0002   0.132691296663257490840E+0000  -0.250000000000000000000E+0002   0.529640125051261900779E+0001
   0.995833333333330461556E+0000   0.467372510452346160217E-0003   0.247820675404484360344E-0005   0.371578431595343981406E-0002  -0.286703414277340550551E-0004   0.173167207843964128244E+0002   0.133597147776100377836E+0000  -0.250000000000000000000E+0002   0.528967731918573402794E+0001
   0.997916666666663787488E+0000   0.475155164532680774139E-0003   0.253845891810292400591E-0005   0.375522736640352154322E-0002  -0.291759449298695270421E-0004   0.173138989835062986344E+0002   0.134503428712570233250E+0000  -0.250000000000000000000E+0002   0.528288201335129947722E+0001
   0.999999999999997113420E+0000   0.483020194630968914204E-0003   0.259977064993357961445E-0005   0.379486821433632154701E-0002  -0.296875712798483465372E-0004   0.173110302207878490321E+0002   0.135410165621625638854E+0000  -0.250000000000000000000E+0002   0.527601497508475247855E+0001
   0.100208333333333055037E+0001   0.490968216005581198531E-0003   0.266215613446671643972E-0005   0.383489984931327000661E-0002  -0.302067934584578068856E-0004   0.173081193889580369216E+0002   0.136317401893592343720E+0000  -0.250000000000000000000E+0002   0.526907549723533286112E+0001
   0.100416666666666398733E+0001   0.499000255473982016162E-0003   0.272563294147719439072E-0005   0.387552416014503350178E-0002  -0.307352985534091842899E-0004   0.173051711983038458698E+0002   0.137225226831428764873E+0000  -0.250000000000000000000E+0002   0.526206250732236480161E+0001
   0.100624999999999742428E+0001   0.507117573051387446684E-0003   0.279022072305567196405E-0005   0.391676504905666151429E-0002  -0.312734005589893488677E-0004   0.173021853886253786925E+0002   0.138133756466465584811E+0000  -0.250000000000000000000E+0002   0.525497488961272463115E+0001
   0.100833333333333086124E+0001   0.515321479295558870608E-0003   0.285593981696060445814E-0005   0.395864711266494511549E-0002  -0.318214345843824294958E-0004   0.172991616725403254407E+0002   0.139043104220011759509E+0000  -0.250000000000000000000E+0002   0.524781148386430373876E+0001
   0.101041666666666429819E+0001   0.523613336773422763729E-0003   0.292281127135839076695E-0005   0.400119566074296460767E-0002  -0.323797478091677077292E-0004   0.172960997346801903518E+0002   0.139953380912342856268E+0000  -0.250000000000000000000E+0002   0.524057108403550842013E+0001
   0.101249999999999773515E+0001   0.531994561568389597896E-0003   0.299085687038687092685E-0005   0.404443673586542869897E-0002  -0.329486998917980446655E-0004   0.172929992308653233124E+0002   0.140864694778709498291E+0000  -0.250000000000000000000E+0002   0.523325243695922015519E+0001
   0.101458333333333117210E+0001   0.540466624829411598080E-0003   0.306009916057037341380E-0005   0.408839713379331119031E-0002  -0.335286633866446975947E-0004   0.172898597872533912323E+0002   0.141777151483083757588E+0000  -0.250000000000000000000E+0002   0.522585424097986006586E+0001
   0.101666666666666460905E+0001   0.549031054363380939184E-0003   0.313056147811990382376E-0005   0.413310442465967577130E-0002  -0.341200241775438292387E-0004   0.172866809994618151336E+0002   0.142690854129036898135E+0000  -0.250000000000000000000E+0002   0.521837514455211959330E+0001
   0.101874999999999804601E+0001   0.557689436272615140719E-0003   0.320226797715376571672E-0005   0.417858697503343395896E-0002  -0.347231819287275618588E-0004   0.172834624316646277009E+0002   0.143605903267137402501E+0000  -0.250000000000000000000E+0002   0.521081374479977021963E+0001
   0.102083333333333148296E+0001   0.566443416638609271302E-0003   0.327524365886986194063E-0005   0.422487397070710115482E-0002  -0.353385505483678195090E-0004   0.172802036156586922289E+0002   0.144522396898661059650E+0000  -0.250000000000000000000E+0002   0.520316858603322884846E+0001
   0.102291666666666491992E+0001   0.575294703257374709371E-0003   0.334951440173544769631E-0005   0.427199544154622558312E-0002  -0.359665586987921667987E-0004   0.172769040499295343238E+0002   0.145440430473187554128E+0000  -0.250000000000000000000E+0002   0.519543815822216448197E+0001
   0.102499999999999835687E+0001   0.584245067422648357153E-0003   0.342510699268922095856E-0005   0.431998228570623990508E-0002  -0.366076502743551524628E-0004   0.172735631986496365187E+0002   0.146360096888014323824E+0000  -0.250000000000000000000E+0002   0.518762089542428217470E+0001
   0.102708333333333179382E+0001   0.593296345767083252096E-0003   0.350204915945187409331E-0005   0.436886629750153892421E-0002  -0.372622849640370643791E-0004   0.172701804907105049836E+0002   0.147281486460025284879E+0000  -0.250000000000000000000E+0002   0.517971517416366911135E+0001
   0.102916666666666523078E+0001   0.602450442156696598477E-0003   0.358036960394728227504E-0005   0.441868019417467582100E-0002  -0.379309387797274960921E-0004   0.172667553186713256252E+0002   0.148204686922693673612E+0000  -0.250000000000000000000E+0002   0.517171931176071453251E+0001
   0.103124999999999866773E+0001   0.611709329647780095628E-0003   0.366009803692415654845E-0005   0.446945764638822639475E-0002  -0.386141046603868227059E-0004   0.172632870377370188919E+0002   0.149129783395203913132E+0000  -0.250000000000000000000E+0002   0.516363156460683558890E+0001
   0.103333333333333210469E+0001   0.621075052507172884267E-0003   0.374126521381548011200E-0005   0.452123330966958461574E-0002  -0.393122930737445117435E-0004   0.172597749646948628310E+0002   0.150056858349698313271E+0000  -0.250000000000000000000E+0002   0.515545012638232158508E+0001
   0.103541666666666554164E+0001   0.630549728300573274903E-0003   0.382390297190237364616E-0005   0.457404285808375981465E-0002  -0.400260326597700428694E-0004   0.172562183768365180470E+0002   0.150985991570865146771E+0000  -0.250000000000000000000E+0002   0.514717312621322697908E+0001
   0.103749999999999897859E+0001   0.640135550053515765823E-0003   0.390804426885040897313E-0005   0.462792302030094922227E-0002  -0.407558709071932168469E-0004   0.172526165108640334722E+0002   0.151917260107757190468E+0000  -0.250000000000000000000E+0002   0.513879862676301435442E+0001
   0.103958333333333241555E+0001   0.649834788489929990676E-0003   0.399372322269047261008E-0005   0.468291161800019062333E-0002  -0.415023748646864350546E-0004   0.172489685617734984646E+0002   0.152850738216759513000E+0000  -0.250000000000000000000E+0002   0.513032462225469121364E+0001
   0.104166666666666585250E+0001   0.659649794356140109844E-0003   0.408097515334408717555E-0005   0.473904760829168755776E-0002  -0.422661319132887418034E-0004   0.172452736817467879860E+0002   0.153786497296975688265E+0000  -0.250000000000000000000E+0002   0.512174903641619216899E+0001
   0.104374999999999928946E+0001   0.669583000828345492259E-0003   0.416983662570874598558E-0005   0.479637112602167032388E-0002  -0.430477505029378348478E-0004   0.172415309789556374653E+0002   0.154724605817088689541E+0000  -0.250000000000000000000E+0002   0.511306972034919926529E+0001
   0.104583333333333272641E+0001   0.679636926024057086773E-0003   0.426034549451944101191E-0005   0.485492353441943549214E-0002  -0.438478610813058022801E-0004   0.172377395164543010253E+0002   0.155665129233577337331E+0000  -0.250000000000000000000E+0002   0.510428445030632360613E+0001
   0.104791666666666616337E+0001   0.689814175615201599645E-0003   0.435254095100419899909E-0005   0.491474747651227551054E-0002  -0.446671169486817273950E-0004   0.172338983109852499354E+0002   0.156608129901057435696E+0000  -0.250000000000000000000E+0002   0.509539092537523874427E+0001
   0.104999999999999960032E+0001   0.700117445554910124497E-0003   0.444646357148163119568E-0005   0.497588693169637597685E-0002  -0.455061952288120130541E-0004   0.172300063317858302980E+0002   0.157553666974844464033E+0000  -0.250000000000000000000E+0002   0.508638676506045417369E+0001
   0.105208333333333303727E+0001   0.710549524927199570648E-0003   0.454215536802726619139E-0005   0.503838734869393577859E-0002  -0.463657978951409772820E-0004   0.172260625007972514311E+0002   0.158501796319358012610E+0000  -0.250000000000000000000E+0002   0.507726950662449283413E+0001
   0.105416666666666647423E+0001   0.721113298999466034028E-0003   0.463965984198987079488E-0005   0.510229542850963984496E-0002  -0.472466528230927585406E-0004   0.172220656857091860559E+0002   0.159452570344381899803E+0000  -0.250000000000000000000E+0002   0.506803660282182288910E+0001
   0.105624999999999991118E+0001   0.731811752144010882470E-0003   0.473902203734283665611E-0005   0.516765961837409044249E-0002  -0.481495151408880249239E-0004   0.172180147073455493967E+0002   0.160406037967196352101E+0000  -0.250000000000000000000E+0002   0.505868541873897026306E+0001
   0.105833333333333334814E+0001   0.742647971327740170563E-0003   0.484028860034096823953E-0005   0.523452991162144404963E-0002  -0.490751682413498069605E-0004   0.172139083325780042344E+0002   0.161362244438074425856E+0000  -0.250000000000000000000E+0002   0.504921322899676550122E+0001
   0.106041666666666678509E+0001   0.753625149500451469581E-0003   0.494350783941019384624E-0005   0.530295800216759680851E-0002  -0.500244252972023432154E-0004   0.172097452744707410943E+0002   0.162321231228373830113E+0000  -0.250000000000000000000E+0002   0.503961721467305068245E+0001
   0.106250000000000022204E+0001   0.764746589236451040222E-0003   0.504872978858620746583E-0005   0.537299737720116615119E-0002  -0.509981306819147137393E-0004   0.172055241909263578748E+0002   0.163283035903249801324E+0000  -0.250000000000000000000E+0002   0.502989446005766627223E+0001
   0.106458333333333365900E+0001   0.776015706577727875509E-0003   0.515600627410621195027E-0005   0.544470341782315840617E-0002  -0.519971615403141761797E-0004   0.172012436832877995130E+0002   0.164247691993624767015E+0000  -0.250000000000000000000E+0002   0.502004194922531610246E+0001
   0.106666666666666709595E+0001   0.787436035095918657883E-0003   0.526539098439708473523E-0005   0.551813350824898775360E-0002  -0.530224294810924896750E-0004   0.171969022948886909319E+0002   0.165215228868994062905E+0000  -0.250000000000000000000E+0002   0.501005656241082864000E+0001
   0.106875000000000053291E+0001   0.799011230191624087504E-0003   0.537693954372468338671E-0005   0.559334715424641797099E-0002  -0.540748824019312453984E-0004   0.171924985095438636051E+0002   0.166185671612674251696E+0000  -0.250000000000000000000E+0002   0.499993507217010613175E+0001
   0.107083333333333396986E+0001   0.810745073651073715031E-0003   0.549070958979238297191E-0005   0.567040611149557081949E-0002  -0.551555064588321982333E-0004   0.171880307499703484098E+0002   0.167159040901086436426E+0000  -0.250000000000000000000E+0002   0.498967413930878755934E+0001
   0.107291666666666740682E+0001   0.822641478481634671159E-0003   0.560676085560170110863E-0005   0.574937452463600805197E-0002  -0.562653281920687473321E-0004   0.171834973761288125615E+0002   0.168135352888600181354E+0000  -0.250000000000000000000E+0002   0.497927030855930929931E+0001
   0.107500000000000084377E+0001   0.834704494049286205293E-0003   0.572515525591484454680E-0005   0.583031907778679137078E-0002  -0.574054168221305730546E-0004   0.171788966834738552336E+0002   0.169114619099305224514E+0000  -0.250000000000000000000E+0002   0.496872000398558810730E+0001
   0.107708333333333428072E+0001   0.846938311542905176640E-0003   0.584595697868780432658E-0005   0.591330915742001913399E-0002  -0.585768867300691354564E-0004   0.171742269011010115776E+0002   0.170096846326772410674E+0000  -0.250000000000000000000E+0002   0.495801952409297808089E+0001
   0.107916666666666771768E+0001   0.859347269792117246338E-0003   0.596923258187421241648E-0005   0.599841702851756832654E-0002  -0.597809001380681954291E-0004   0.171694861897774266879E+0002   0.171082036542669901902E+0000  -0.250000000000000000000E+0002   0.494716503661946038761E+0001
   0.108125000000000115463E+0001   0.871935861467490664657E-0003   0.609505109603374065010E-0005   0.608571802504463427869E-0002  -0.610186700069160819701E-0004   0.171646726398419993131E+0002   0.172070186814448161661E+0000  -0.250000000000000000000E+0002   0.493615257298216736359E+0001
   0.108333333333333459159E+0001   0.884708739694151200146E-0003   0.622348413321593298803E-0005   0.617529075589626913478E-0002  -0.622914631691673977964E-0004   0.171597842689609123568E+0002   0.173061289231712767123E+0000  -0.250000000000000000000E+0002   0.492497802235123138814E+0001
   0.108541666666666802854E+0001   0.897670725112289808606E-0003   0.635460600262976610397E-0005   0.626721732743960348311E-0002  -0.636006037171825292040E-0004   0.171548190197202892193E+0002   0.174055330840954064486E+0000  -0.250000000000000000000E+0002   0.491363712532093455110E+0001
   0.108750000000000146549E+0001   0.910826813420474311507E-0003   0.648849383364966725881E-0005   0.636158358413829640859E-0002  -0.649474766660634183655E-0004   0.171497747570417651275E+0002   0.175052293586095114586E+0000  -0.250000000000000000000E+0002   0.490212546714543595527E+0001
   0.108958333333333490245E+0001   0.924182183441720210733E-0003   0.662522770676525448775E-0005   0.645847936882034279887E-0002  -0.663335319232218219559E-0004   0.171446492654032205394E+0002   0.176052154252831438708E+0000  -0.250000000000000000000E+0002   0.489043847050353797101E+0001
   0.109166666666666833940E+0001   0.937742205756090640295E-0003   0.676489079313132756150E-0005   0.655799880474551479675E-0002  -0.677602885877766835613E-0004   0.171394402458532368883E+0002   0.177054884403200885057E+0000  -0.250000000000000000000E+0002   0.487857138775302701106E+0001
   0.109375000000000177636E+0001   0.951512451938027969088E-0003   0.690756950337903936595E-0005   0.666024059779841536705E-0002  -0.692293395572643834902E-0004   0.171341453127434419912E+0002   0.178060450347514470648E+0000  -0.250000000000000000000E+0002   0.486651929263819216231E+0001
   0.109583333333333521331E+0001   0.965498704461555785038E-0003   0.705335364653427098435E-0005   0.676530836799704715645E-0002  -0.707423566081254699559E-0004   0.171287619902715100295E+0002   0.179068813046176361636E+0000  -0.250000000000000000000E+0002   0.485427707139745656661E+0001
   0.109791666666666865027E+0001   0.979706967317571855713E-0003   0.720233659980794740203E-0005   0.687331100506210525281E-0002  -0.723010958071243031676E-0004   0.171232877086892116836E+0002   0.180079928037610692559E+0000  -0.250000000000000000000E+0002   0.484183941322759370252E+0001
   0.110000000000000208722E+0001   0.994143477405350778353E-0003   0.735461549017971999073E-0005   0.698436305397436962145E-0002  -0.739074034092836754063E-0004   0.171177198002081603079E+0002   0.181093745335301870014E+0000  -0.250000000000000000000E+0002   0.482920080005025642578E+0001
   0.110208333333333552417E+0001   0.100881471676141087901E-0002   0.751029138874162436094E-0005   0.709858513209667228022E-0002  -0.755632222333498269678E-0004   0.171120554945578469130E+0002   0.182110209297376035575E+0000  -0.250000000000000000000E+0002   0.481635549552370711979E+0001
   0.110416666666666896113E+0001   0.102372742569421240275E-0002   0.766946951884721990142E-0005   0.721610438031085928839E-0002  -0.772705985590867595447E-0004   0.171062919141598683836E+0002   0.183129258461889682374E+0000  -0.250000000000000000000E+0002   0.480329753323819108601E+0001
   0.110625000000000239808E+0001   0.103888861689837349450E-0002   0.783225947919220070212E-0005   0.733705495046127822989E-0002  -0.790316895860603148803E-0004   0.171004260688740821195E+0002   0.184150825341605650642E+0000  -0.250000000000000000000E+0002   0.479002070402926349857E+0001
   0.110833333333333583504E+0001   0.105430559062678853507E-0002   0.799877548303001511642E-0005   0.746157853184989568185E-0002  -0.808487714914561509966E-0004   0.170944548502738022933E+0002   0.185174836171848183897E+0000  -0.250000000000000000000E+0002   0.477651854233839578967E+0001
   0.111041666666666927199E+0001   0.106998595100497731827E-0002   0.816913661481839846815E-0005   0.758982491894566891483E-0002  -0.827242481329168720698E-0004   0.170883750253931623320E+0002   0.186201210606876887965E+0000  -0.250000000000000000000E+0002   0.476278431154628822952E+0001
   0.111250000000000270894E+0001   0.108593762357619017661E-0002   0.834346710567042851672E-0005   0.772195262269239311725E-0002  -0.846606604330530867651E-0004   0.170821832298883506951E+0002   0.187229861361219412919E+0000  -0.250000000000000000000E+0002   0.474881098819999181160E+0001
   0.111458333333333614590E+0001   0.110216887417075503838E-0002   0.852189662907227058895E-0005   0.785812952752228989495E-0002  -0.866606964888060960286E-0004   0.170758759605460852526E+0002   0.188260693794447181437E+0000  -0.250000000000000000000E+0002   0.473459124505113670978E+0001
   0.111666666666666958285E+0001   0.111868832919734609299E-0002   0.870456061841353898566E-0005   0.799853359597049555496E-0002  -0.887272024458683977819E-0004   0.170694495670661261499E+0002   0.189293605440113366090E+0000  -0.250000000000000000000E+0002   0.472011743281913087600E+0001
   0.111875000000000301981E+0001   0.113550499745732622406E-0002   0.889160060795658130990E-0005   0.814335362234813731064E-0002  -0.908631941753305189761E-0004   0.170629002430362852749E+0002   0.190328485482930021000E+0000  -0.250000000000000000000E+0002   0.470538156059055623359E+0001
   0.112083333333333645676E+0001   0.115262829358644264266E-0002   0.908316459895158246664E-0005   0.829279003684501442306E-0002  -0.930718697926233870608E-0004   0.170562240160155269564E+0002   0.191365214190215598977E+0000  -0.250000000000000000000E+0002   0.469037527476350213362E+0001
   0.112291666666666989371E+0001   0.117006806323009435698E-0002   0.927940745267643370565E-0005   0.844705576068576803606E-0002  -0.953566230499700690469E-0004   0.170494167366306790257E+0002   0.192403662308403500258E+0000  -0.250000000000000000000E+0002   0.467508983644446285410E+0001
   0.112500000000000333067E+0001   0.118783461005955671627E-0002   0.948049131224949773113E-0005   0.860637711270333637115E-0002  -0.977210576359730832829E-0004   0.170424740665902874071E+0002   0.193443690438149962230E+0000  -0.250000000000000000000E+0002   0.465951609720475889986E+0001
   0.112708333333333676762E+0001   0.120593872473671631824E-0002   0.968658605512594920203E-0005   0.877099476716845793955E-0002  -0.100169002410542979644E-0003   0.170353914655149409896E+0002   0.194485148405470514854E+0000  -0.250000000000000000000E+0002   0.464364447310371808442E+0001
   0.112916666666667020458E+0001   0.122439171593403495035E-0002   0.989786977824553789503E-0005   0.894116476223085279718E-0002  -0.102704527601384847189E-0003   0.170281641764817699425E+0002   0.195527874649736393975E+0000  -0.250000000000000000000E+0002   0.462746491688705763323E+0001
   0.113125000000000364153E+0001   0.124320544351465582175E-0002   0.101145293178512704830E-0004   0.911715955792757014320E-0002  -0.105331961985657431534E-0003   0.170207872101809769561E+0002   0.196571695652462213877E+0000  -0.250000000000000000000E+0002   0.461096688827075329442E+0001
   0.113333333333333707849E+0001   0.126239235397498949544E-0002   0.103367608060467233851E-0004   0.929926914236947621539E-0002  -0.108055911079268907558E-0003   0.170132553275856146513E+0002   0.197616425433331160955E+0000  -0.250000000000000000000E+0002   0.459413932222323406762E+0001
   0.113541666666667051544E+0001   0.128196551824890877559E-0002   0.105647702662064180948E-0004   0.948780218449450131468E-0002  -0.110881276355812079205E-0003   0.170055630210403165847E+0002   0.198661865141610965990E+0000  -0.250000000000000000000E+0002   0.457697059516163484716E+0001
   0.113750000000000395239E+0001   0.130193867196874398309E-0002   0.107987742493969365041E-0004   0.968308723171566916588E-0002  -0.113813275514163312176E-0003   0.169977044936827574872E+0002   0.199707802771694087340E+0000  -0.250000000000000000000E+0002   0.455944848898086263489E+0001
   0.113958333333333738935E+0001   0.132232625827747186237E-0002   0.110390005140505031306E-0004   0.988547395117082838834E-0002  -0.116857463851057684573E-0003   0.169896736371239818197E+0002   0.200754013031804873224E+0000  -0.250000000000000000000E+0002   0.454156015283660607906E+0001
   0.114166666666667082630E+0001   0.134314347327795023494E-0002   0.112856887511337979199E-0004   0.100953344132801731831E-0001  -0.120019756708254044615E-0003   0.169814640073218434679E+0002   0.201800257390387871581E+0000  -0.250000000000000000000E+0002   0.452329206260570515497E+0001
   0.114375000000000426326E+0001   0.136440631421068056008E-0002   0.115390913572199211689E-0004   0.103130644187378970461E-0001  -0.123306453120768094852E-0003   0.169730687986131485445E+0002   0.202846284314452368625E+0000  -0.250000000000000000000E+0002   0.450462997794531716522E+0001
   0.114583333333333770021E+0001   0.138613163044907627269E-0002   0.117994742579399706334E-0004   0.105390848631489175702E-0001  -0.126724260673922566869E-0003   0.169644808158060307335E+0002   0.203891829772359950423E+0000  -0.250000000000000000000E+0002   0.448555889688275222227E+0001
   0.114791666666667113716E+0001   0.140833717739462000069E-0002   0.120671177843849605690E-0004   0.107738431548746148303E-0001  -0.130280321643434305115E-0003   0.169556924444549110831E+0002   0.204936617899341227966E+0000  -0.250000000000000000000E+0002   0.446606300783970766588E+0001
   0.115000000000000457412E+0001   0.143104167338358140120E-0002   0.123423176053607392533E-0004   0.110178146758410835243E-0001  -0.133982240567297899471E-0003   0.169466956191669027021E+0002   0.205980361945945517066E+0000  -0.250000000000000000000E+0002   0.444612563901316271142E+0001
   0.115208333333333801107E+0001   0.145426485970216257462E-0002   0.126253857184745217618E-0004   0.112715042982962764667E-0001  -0.137838113318501735141E-0003   0.169374817900304570628E+0002   0.207022765446079531904E+0000  -0.250000000000000000000E+0002   0.442572920501171829244E+0001
   0.115416666666667144803E+0001   0.147802756383389691935E-0002   0.129166515034087589145E-0004   0.115354479638620534276E-0001  -0.141856557863934563523E-0003   0.169280418871698898897E+0002   0.208063523603622319014E+0000  -0.250000000000000000000E+0002   0.440485515063465093988E+0001
   0.115625000000000488498E+0001   0.150235176621896335432E-0002   0.132164628428025790707E-0004   0.118102143212226312619E-0001  -0.146046748547408564330E-0003   0.169183662833346133425E+0002   0.209102324874293227230E+0000  -0.250000000000000000000E+0002   0.438348389168760910195E+0001
   0.115833333333333832194E+0001   0.152726066997404836406E-0002   0.135251873060307049661E-0004   0.120964065048978861722E-0001  -0.150418444156262640522E-0003   0.169084447551602465865E+0002   0.210138852719875007802E+0000  -0.250000000000000000000E+0002   0.436159475257966100514E+0001
   0.116041666666667175889E+0001   0.155277877523213271235E-0002   0.138432134185866220343E-0004   0.123946639295884186022E-0001  -0.154982035009574735298E-0003   0.168982664418509607174E+0002   0.211172787482725998753E+0000  -0.250000000000000000000E+0002   0.433916590067354412952E+0001
   0.116250000000000519584E+0001   0.157893195682575621097E-0002   0.141709520037535374444E-0004   0.127056642597823867685E-0001  -0.159748575957097095016E-0003   0.168878198026157342326E+0002   0.212203808353569028933E+0000  -0.250000000000000000000E+0002   0.431617427707199663445E+0001
   0.116458333333333863280E+0001   0.160574754635286055630E-0002   0.145088376119367710722E-0004   0.130301255030278381741E-0001  -0.164729830789385949886E-0003   0.168770925721582756296E+0002   0.213231595379280353120E+0000  -0.250000000000000000000E+0002   0.429259552361642970908E+0001
   0.116666666666667206975E+0001   0.163325441877856217428E-0002   0.148573300423484909108E-0004   0.133688082678310952295E-0001  -0.169938318341015859097E-0003   0.168660717143579361732E+0002   0.214255831466610369151E+0000  -0.250000000000000000000E+0002   0.426840390580007245092E+0001
   0.116875000000000550671E+0001   0.166148308394117351361E-0002   0.152169159646257530472E-0004   0.137225181915190397319E-0001  -0.175387362448775900765E-0003   0.168547433739228829097E+0002   0.215276204339842097690E+0000  -0.250000000000000000000E+0002   0.424357223128808147550E+0001
   0.117083333333333894366E+0001   0.169046578335297118488E-0002   0.155881106485191257090E-0004   0.140921086075121524545E-0001  -0.181091146110273407523E-0003   0.168430928262490340330E+0002   0.216292408414733933197E+0000  -0.250000000000000000000E+0002   0.421807176361145064192E+0001
   0.117291666666667238061E+0001   0.172023659281767189212E-0002   0.159714598117746407508E-0004   0.144784834367534063354E-0001  -0.187064770730949598817E-0003   0.168311044249669556905E+0002   0.217304146562300681822E+0000  -0.250000000000000000000E+0002   0.419187213062915553508E+0001
   0.117500000000000581757E+0001   0.175083153137529532947E-0002   0.163675415965947282002E-0004   0.148826003699205431513E-0001  -0.193324320726860659136E-0003   0.168187615472630227487E+0002   0.218311131745347969391E+0000  -0.250000000000000000000E+0002   0.416494122723243442863E+0001
   0.117708333333333925452E+0001   0.178228867721598981111E-0002   0.167769686871982447467E-0004   0.153054743539709093431E-0001  -0.199886934482918377648E-0003   0.168060465365599185361E+0002   0.219313088534171363175E+0000  -0.250000000000000000000E+0002   0.413724511174059284002E+0001
   0.117916666666667269148E+0001   0.181464829124999360924E-0002   0.172003905821746942207E-0004   0.157481814474717297936E-0001  -0.206770882364103604067E-0003   0.167929406424497358330E+0002   0.220309754516527483981E+0000  -0.250000000000000000000E+0002   0.410874789532112139057E+0001
   0.118125000000000612843E+0001   0.184795294914938705230E-0002   0.176384960376728640232E-0004   0.162118630831514717872E-0001  -0.213995652903567555158E-0003   0.167794239574706480767E+0002   0.221300881646349673071E+0000  -0.250000000000000000000E+0002   0.407941162369737053695E+0001
   0.118333333333333956539E+0001   0.188224768277345374731E-0002   0.180920156995777281863E-0004   0.166977307976471193995E-0001  -0.221582048323814304134E-0003   0.167654753503760503008E+0002   0.222286237597842661895E+0000  -0.250000000000000000000E+0002   0.404919615029856316823E+0001
   0.118541666666667300234E+0001   0.191758013202316139265E-0002   0.185617249456205429554E-0004   0.172070715006584738782E-0001  -0.229552290837222822085E-0003   0.167510723954960809579E+0002   0.223265607221686035455E+0000  -0.250000000000000000000E+0002   0.401805899987625547709E+0001
   0.118750000000000643929E+0001   0.195400070833739048642E-0002   0.190484469618572498735E-0004   0.177412533659337401382E-0001  -0.237930141572547434320E-0003   0.167361912977041811246E+0002   0.224238794231490318198E+0000  -0.250000000000000000000E+0002   0.398595522146229397364E+0001
   0.118958333333333987625E+0001   0.199156277123171878557E-0002   0.195530560820340877485E-0004   0.183017324480212323357E-0001  -0.246741034273306931481E-0003   0.167208068124572797331E+0002   0.225205623286449024834E+0000  -0.250000000000000000000E+0002   0.395283722935528203379E+0001
   0.119166666666667331320E+0001   0.203032281952235903189E-0002   0.200764814235613778910E-0004   0.188900601547037534644E-0001  -0.256012226530893613214E-0003   0.167048921603100950506E+0002   0.226165942698675820344E+0000  -0.250000000000000000000E+0002   0.391865463058755869596E+0001
   0.119375000000000675016E+0001   0.207034069917631097235E-0002   0.206197108603290427857E-0004   0.195078917138677004894E-0001  -0.265772971985783041347E-0003   0.166884189350949689867E+0002   0.227119627924689371223E+0000  -0.250000000000000000000E+0002   0.388335403707373316706E+0001
   0.119583333333334018711E+0001   0.211167983006499328930E-0002   0.211837953800400664753E-0004   0.201569958643308469459E-0001  -0.276054717560933167778E-0003   0.166713570051407380390E+0002   0.228066586375372942763E+0000  -0.250000000000000000000E+0002   0.384687886022658398488E+0001
   0.119791666666667362406E+0001   0.215440745440063832067E-0002   0.217698538848722886489E-0004   0.208392659635251963068E-0001  -0.286891331409969618446E-0003   0.166536744062734776151E+0002   0.229006763712896327378E+0000  -0.250000000000000000000E+0002   0.380916908547727128820E+0001
   0.120000000000000706102E+0001   0.219859491010888051521E-0002   0.223790785052770611061E-0004   0.215567328182327544450E-0001  -0.298319367640052530294E-0003   0.166353372255102236466E+0002   0.229940152239751616214E+0000  -0.250000000000000000000E+0002   0.377016102358292792829E+0001
   0.120208333333334049797E+0001   0.224431793307852765068E-0002   0.230127405126949247983E-0004   0.223115795647724629580E-0001  -0.310378376151310446038E-0003   0.166163094738578607235E+0002   0.230866801946931043954E+0000  -0.250000000000000000000E+0002   0.372978703501433450640E+0001
   0.120416666666667393493E+0001   0.229165699296364488990E-0002   0.236721969350553024778E-0004   0.231061589750606345695E-0001  -0.323111267082061169240E-0003   0.165965529462403473815E+0002   0.231786834936031582721E+0000  -0.250000000000000000000E+0002   0.368797522303561597923E+0001
   0.120625000000000737188E+0001   0.234069766804764246848E-0002   0.243588980007078410698E-0004   0.239430135976967592426E-0001  -0.336564741233858334777E-0003   0.165760270660312478697E+0002   0.232700464091303099723E+0000  -0.250000000000000000000E+0002   0.364464909034796313847E+0001
   0.120833333333334080884E+0001   0.239153106554253463284E-0002   0.250743955614238505248E-0004   0.248248991207772155831E-0001  -0.350789799260037174315E-0003   0.165546887108626741281E+0002   0.233608017016409680311E+0000  -0.250000000000000000000E+0002   0.359972715347028726640E+0001
   0.121041666666667424579E+0001   0.244425429445651199584E-0002   0.258203526720321961414E-0004   0.257548112555394011214E-0001  -0.365842343116475347993E-0003   0.165324920154186507659E+0002   0.234509966406239084291E+0000  -0.250000000000000000000E+0002   0.355312250848929744862E+0001
   0.121250000000000768274E+0001   0.249897099861754422301E-0002   0.265985545308532143611E-0004   0.267360162053295498386E-0001  -0.381783882415558551305E-0003   0.165093881456527888929E+0002   0.235406968080769246621E+0000  -0.250000000000000000000E+0002   0.350474234169593490407E+0001
   0.121458333333334111970E+0001   0.255579195721571811317E-0002   0.274109210062736981250E-0004   0.277720843354341655196E-0001  -0.398682354486416812289E-0003   0.164853250374010791290E+0002   0.236299907771901990250E+0000  -0.250000000000000000000E+0002   0.345448737932232186054E+0001
   0.121666666666667455665E+0001   0.261483575877167161161E-0002   0.282595209821380201039E-0004   0.288669258915279329514E-0001  -0.416613058124277069617E-0003   0.164602470908146081285E+0002   0.237189957178908672475E+0000  -0.250000000000000000000E+0002   0.340225127268052540686E+0001
   0.121875000000000799361E+0001   0.267622955097177907258E-0002   0.291465887345396300421E-0004   0.300248264216470238386E-0001  -0.435659684401244252407E-0003   0.164340948107637423448E+0002   0.238078638378721479940E+0000  -0.250000000000000000000E+0002   0.334791991925084486681E+0001
   0.122083333333334143056E+0001   0.274010986233806739382E-0002   0.300745424848838409306E-0004   0.312504778560513396535E-0001  -0.455915399945485571610E-0003   0.164068043830043315268E+0002   0.238967892724658736991E+0000  -0.250000000000000000000E+0002   0.329137072759207027772E+0001
   0.122291666666667486751E+0001   0.280662348110549946661E-0002   0.310460051305439259286E-0004   0.325489989794754963626E-0001  -0.477483894597792771740E-0003   0.163783071774485797789E+0002   0.239860144941071523617E+0000  -0.250000000000000000000E+0002   0.323247184528934905501E+0001
   0.122500000000000830447E+0001   0.287592836093252240265E-0002   0.320638268981504918290E-0004   0.339259364115900227676E-0001  -0.500480242018039268512E-0003   0.163485291746850798233E+0002   0.240758344109662403287E+0000  -0.250000000000000000000E+0002   0.317108138523930360719E+0001
   0.122708333333334174142E+0001   0.294819450156021990728E-0002   0.331311092506888501619E-0004   0.353872344970362212591E-0001  -0.525031335003824832855E-0003   0.163173903214242947968E+0002   0.241665949820014880345E+0000  -0.250000000000000000000E+0002   0.310704670657106030163E+0001
   0.122916666666667517838E+0001   0.302360472549368861084E-0002   0.342512287592785093053E-0004   0.369391602075939198824E-0001  -0.551275546055201323518E-0003   0.162848038360401830005E+0002   0.242586814237690101548E+0000  -0.250000000000000000000E+0002   0.304020383166507723871E+0001
   0.123125000000000861533E+0001   0.310235524075626149798E-0002   0.354278587809946793070E-0004   0.385881680673447191587E-0001  -0.579361133670167516470E-0003   0.162506755075191300364E+0002   0.243524892043887053461E+0000  -0.250000000000000000000E+0002   0.297037710787670850010E+0001
   0.123333333333334205228E+0001   0.318465584822270192378E-0002   0.366649856513288387172E-0004   0.403406911978600041246E-0001  -0.609442785092232405635E-0003   0.162149030591778533505E+0002   0.244483696251608373373E+0000  -0.250000000000000000000E+0002   0.289737924776025401741E+0001
   0.123541666666667548924E+0001   0.327072962566167047341E-0002   0.379669147490743075094E-0004   0.422028489311663534966E-0001  -0.641675592948698792634E-0003   0.161773756798839478677E+0002   0.245465417681266562244E+0000  -0.250000000000000000000E+0002   0.282101189891864656545E+0001
   0.123750000000000892619E+0001   0.336081190737998278945E-0002   0.393382603626880422536E-0004   0.441800695949860697254E-0001  -0.676205760693287800771E-0003   0.161379738542686936853E+0002   0.246469647459277990675E+0000  -0.250000000000000000000E+0002   0.274106689719318419307E+0001
   0.123958333333334236315E+0001   0.345514838596287007094E-0002   0.407839119930505152479E-0004   0.462766377770971251704E-0001  -0.713157447444818571626E-0003   0.160965696392506245616E+0002   0.247491685083288726066E+0000  -0.250000000000000000000E+0002   0.265732834016001806532E+0001
   0.124166666666667580010E+0001   0.355399219378398686237E-0002   0.423089687603479038544E-0004   0.484951846099106534393E-0001  -0.752615364941756166337E-0003   0.160530275248858771420E+0002   0.248520466393948952222E+0000  -0.250000000000000000000E+0002   0.256957558448672651608E+0001
   0.124375000000000923706E+0001   0.365759986754322485164E-0002   0.439186329264358121631E-0004   0.508361412555274061464E-0001  -0.794602881426422023164E-0003   0.160072059762673184480E+0002   0.249536181943904811220E+0000  -0.250000000000000000000E+0002   0.247758723438919803428E+0001
   0.124583333333334267401E+0001   0.376622613699645033061E-0002   0.456180528713374445517E-0004   0.532971667629791798215E-0001  -0.839055299724344419605E-0003   0.159589596915528062482E+0002   0.250507656587568627859E+0000  -0.250000000000000000000E+0002   0.238114616851758142957E+0001
   0.124791666666667611096E+0001   0.388011748972060671603E-0002   0.474121047795533599603E-0004   0.558725519943932685818E-0001  -0.885787700539996530891E-0003   0.159081425688832069909E+0002   0.251389534724857532932E+0000  -0.250000000000000000000E+0002   0.228004564998533476583E+0001
   0.125000000000000954792E+0001   0.399950446752895920344E-0002   0.493051011533897039826E-0004   0.585526186935163631131E-0001  -0.934456833720760464933E-0003   0.158546113977701370601E+0002   0.252119313702557468204E+0000  -0.250000000000000000000E+0002   0.217409653042543471457E+0001
   0.125208333333334298487E+0001   0.412459273783491280063E-0002   0.513004151621100531718E-0004   0.613232081368746614891E-0001  -0.984518055368500564703E-0003   0.157982303772037138145E+0002   0.252614397233552945288E+0000  -0.250000000000000000000E+0002   0.206313538909474214478E+0001
   0.125416666666667642183E+0001   0.425555328804018244415E-0002   0.534000169436055460411E-0004   0.641654840632193829153E-0001  -0.103518225178992760889E-0002   0.157388766075304484815E+0002   0.252769732077368081136E+0000  -0.250000000000000000000E+0002   0.194703304301138624410E+0001
   0.125625000000000985878E+0001   0.439251268186499274626E-0002   0.556039364648860267746E-0004   0.670563982853326356892E-0001  -0.108538418641603755591E-0002   0.156764465366296708027E+0002   0.252457287966619703390E+0000  -0.250000000000000000000E+0002   0.182570223603770909193E+0001
   0.125833333333334329573E+0001   0.453554509473410791265E-0002   0.579097008647290771230E-0004   0.699701762207164679186E-0001  -0.113378136745401788925E-0002   0.156108628541926819366E+0002   0.251529393355797104004E+0000  -0.250000000000000000000E+0002   0.169910267205232790033E+0001
   0.126041666666667673269E+0001   0.468466850796102340926E-0002   0.603118391233693941370E-0004   0.728809656140994854834E-0001  -0.117880742067392324524E-0002   0.155420805987577832497E+0002   0.249828055919559505194E+0000  -0.250000000000000000000E+0002   0.156724130380851134348E+0001
   0.126250000000001016964E+0001   0.483984751267355246818E-0002   0.628015863582037691185E-0004   0.757663230448247793092E-0001  -0.121879820785900355035E-0002   0.154700905888557205259E+0002   0.247200955148556583696E+0000  -0.250000000000000000000E+0002   0.143016638691974629083E+0001
   0.126458333333334360660E+0001   0.500100411935129433860E-0002   0.653669197136077324752E-0004   0.786106363831801102648E-0001  -0.125218304324469279463E-0002   0.153949182259160082253E+0002   0.243521584511796035377E+0000  -0.250000000000000000000E+0002   0.128795545467050098765E+0001
   0.126666666666667704355E+0001   0.516803558160647096009E-0002   0.679929843300690144557E-0004   0.814072789647768552124E-0001  -0.127769018156549674092E-0002   0.153166167270523025934E+0002   0.238707696139380226574E+0000  -0.250000000000000000000E+0002   0.114069957149375089678E+0001
   0.126875000000001048051E+0001   0.534083537352746107185E-0002   0.706628341009471743362E-0004   0.841586637702404077865E-0001  -0.129448682549429018585E-0002   0.152352558632150465456E+0002   0.232731649515675931283E+0000  -0.250000000000000000000E+0002   0.988487765199331347432E+0000
   0.127083333333334391746E+0001   0.551931201149332729960E-0002   0.733582964065923972576E-0004   0.868742747646474161582E-0001  -0.130219774308806910540E-0002   0.151509091839815930314E+0002   0.225619619406267429840E+0000  -0.250000000000000000000E+0002   0.831395458935332287709E+0000
   0.127291666666667735441E+0001   0.570340150017403790805E-0002   0.760607507941261158819E-0004   0.895674284244923346598E-0001  -0.130081219705285638585E-0002   0.150636430867953361457E+0002   0.217441549917699594729E+0000  -0.250000000000000000000E+0002   0.669479460187044961295E+0000
   0.127500000000001079137E+0001   0.589307149711930031155E-0002   0.787516827958276686723E-0004   0.922514142038651507871E-0001  -0.129053628084545551208E-0002   0.149735098803736388362E+0002   0.208296804522441980634E+0000  -0.250000000000000000000E+0002   0.502781052628389568682E+0000
   0.127708333333334422832E+0001   0.608831660635829677308E-0002   0.814129668412395010417E-0004   0.949350802070499100171E-0001  -0.127164551240838857339E-0002   0.148805456396045681089E+0002   0.198300413191314250927E+0000  -0.250000000000000000000E+0002   0.331338883204552292483E+0000
   0.127916666666667766528E+0001   0.628914383087727374422E-0002   0.840268964312548133355E-0004   0.976176328311196828125E-0001  -0.124436541544091939376E-0002   0.147847735003013429633E+0002   0.187572841734321538176E+0000  -0.250000000000000000000E+0002   0.155214188934864938396E+0000
   0.128125000000001110223E+0001   0.649554643805073418650E-0002   0.865760168038585899326E-0004   0.100282861204216033890E+0000  -0.120879073772021494552E-0002   0.146862140912579217655E+0002   0.176233952655080655658E+0000  -0.250000000000000000000E+0002  -0.254687801024677251682E-0001
   0.128333333333334453918E+0001   0.670746525048051926710E-0002   0.890428475803629426548E-0004   0.102893981376582427378E+0000  -0.116485405439886355837E-0002   0.145849058850957522537E+0002   0.164400173522563114448E+0000  -0.250000000000000000000E+0002  -0.210465373238468811401E+0000
   0.128541666666667797614E+0001   0.692473970811929677438E-0002   0.914096175919036754622E-0004   0.105391156394117849193E+0000  -0.111235817490221069320E-0002   0.144809381285138165651E+0002   0.152183137723538003394E+0000  -0.250000000000000000000E+0002  -0.399336565039992763548E+0000
   0.128750000000001141309E+0001   0.714705621324322921961E-0002   0.936581551660116754226E-0004   0.107693911569382350102E+0000  -0.105108003094176285022E-0002   0.143744974878928744033E+0002   0.139688357009522035046E+0000  -0.250000000000000000000E+0002  -0.591360706895666998761E+0000
   0.128958333333334485005E+0001   0.737390612000610873311E-0002   0.957700639429901032142E-0004   0.109709656509768035959E+0000  -0.980934953127828327887E-0003   0.142659272474427911703E+0002   0.127013589802247833793E+0000  -0.250000000000000000000E+0002  -0.785433332808799899993E+0000
   0.129166666666667828700E+0001   0.760456711633311979726E-0002   0.977272523340931900931E-0004   0.111346422133219519202E+0000  -0.902163429797248669212E-0003   0.141557953346761635771E+0002   0.114247673870797927798E+0000  -0.250000000000000000000E+0002  -0.979953217176936619559E+0000
   0.129375000000001172396E+0001   0.783811458630464391595E-0002   0.995127612524919838433E-0004   0.112523063968846634419E+0000  -0.815470353544759654282E-0003   0.140449663622755682724E+0002   0.101470969379086978224E+0000  -0.250000000000000000000E+0002  -0.117268566245847694063E+0001
   0.129583333333334516091E+0001   0.807345091197712513842E-0002   0.101111686274959740404E-0003   0.113168192907287454285E+0000  -0.722041446326282337041E-0003   0.139346762130772159338E+0002   0.887581266864306966946E-0001  -0.250000000000000000000E+0002  -0.136059806096876512171E+0001
   0.129791666666667859786E+0001   0.830932181732273178465E-0002   0.102511958990129123468E-0003   0.113205212522079573523E+0000  -0.623441825337329590291E-0003   0.138266106433114863705E+0002   0.761829766668100510918E-0001  -0.250000000000000000000E+0002  -0.153970721993713177689E+0001
   0.130000000000001203482E+0001   0.854429328677557692329E-0002   0.103704947170925711533E-0003   0.112532762203342198704E+0000  -0.521530893256199560432E-0003   0.137229728000459516579E+0002   0.638243797823045549977E-0001  -0.250000000000000000000E+0002  -0.170508006637999920407E+0001
   0.130208333333334547177E+0001   0.877669932220200010864E-0002   0.104686107300554773810E-0003   0.111019779814304761500E+0000  -0.418539075367366263710E-0003   0.136264730089061885110E+0002   0.517711230216140183558E-0001  -0.250000000000000000000E+0002  -0.185124005812471725818E+0001
   0.130416666666667890873E+0001   0.900462050211328635108E-0002   0.105455962523708806668E-0003   0.108536124467656550086E+0000  -0.317266086613874351632E-0003   0.135401129204788670535E+0002   0.401233940544496736624E-0001  -0.250000000000000000000E+0002  -0.197318364119533429246E+0001
   0.130625000000001234568E+0001   0.922597972370848770640E-0002   0.106021311915112831674E-0003   0.105025412004590160131E+0000  -0.221111911080872791278E-0003   0.134666567276667521469E+0002   0.289883416422587053551E-0001  -0.250000000000000000000E+0002  -0.206781567109329333931E+0001
   0.130833333333334578263E+0001   0.943880337352507453597E-0002   0.106395979554103209397E-0003   0.100590069376959342917E+0000  -0.133603627664801469059E-0003   0.134078857523958667741E+0002   0.184687704094932889087E-0001  -0.250000000000000000000E+0002  -0.213505358804824840746E+0001
   0.131041666666667921959E+0001   0.964158524460689489444E-0002   0.106600155824888951240E-0003   0.955234194047433898822E-0001  -0.574509738108343797963E-0004   0.133640222091949443239E+0002   0.864726635598342570355E-0002  -0.250000000000000000000E+0002  -0.217782522957465873858E+0001
   0.131250000000001265654E+0001   0.983358717732367090814E-0002   0.106657988317455021052E-0003   0.902449687262168870339E-0001   0.628976442341161282067E-0005   0.133337193039563466357E+0002  -0.428721627336068093154E-0003  -0.250000000000000000000E+0002  -0.220097211282093896401E+0001
   0.131458333333334609350E+0001   0.100149279545460739849E-0001   0.106594197694819095611E-0003   0.851738183955500077760E-0001   0.583373339899217929262E-0004   0.133146086401964218737E+0002  -0.875422034630248674381E-0002  -0.250000000000000000000E+0002  -0.220982309395920539785E+0001
   0.131666666666667953045E+0001   0.101864435847263852530E-0001   0.106431074816204946374E-0003   0.806218396998384378982E-0001   0.100597052518708212948E-0003   0.133040139706536191255E+0002  -0.163622525445406008515E-0001  -0.250000000000000000000E+0002  -0.220915403917570030146E+0001
   0.131875000000001296740E+0001   0.103494194956070262315E-0001   0.106186797506441828881E-0003   0.767538256039208832693E-0001   0.135351638384940096971E-0003   0.132994721117550476208E+0002  -0.233083800419025440054E-0001  -0.250000000000000000000E+0002  -0.220272981860574867952E+0001
   0.132083333333334640436E+0001   0.105053142136878815971E-0001   0.105875171763067566942E-0003   0.736038542118057637076E-0001   0.164643751287657698085E-0003   0.132989669809801078770E+0002  -0.296491710182958320696E-0001  -0.250000000000000000000E+0002  -0.219326441262550719813E+0001
   0.132291666666667984131E+0001   0.106555438754562595283E-0001   0.105506374904710631488E-0003   0.711141846792502502206E-0001   0.189950446389538542269E-0003   0.133009605392016805325E+0002  -0.354198841082699264482E-0001  -0.250000000000000000000E+0002  -0.218257390634514747418E+0001
   0.132500000000001327827E+0001   0.108013417624447313758E-0001   0.105088210883360992903E-0003   0.691722229329393145658E-0001   0.212064126037199754925E-0003   0.133043309122958373081E+0002  -0.406149234125593658340E-0001  -0.250000000000000000000E+0002  -0.217177403662954882080E+0001
   0.132708333333334671522E+0001   0.109436782809114591108E-0001   0.104627539498529034548E-0003   0.676373479877955124939E-0001   0.231079348392255231725E-0003   0.133082892348806609562E+0002  -0.451739308793023541799E-0001  -0.250000000000000000000E+0002  -0.216145703847842263201E+0001
   0.132916666666668015218E+0001   0.110832229386851194297E-0001   0.104131667781778749615E-0003   0.663597687439554939637E-0001   0.246448564678163842961E-0003   0.133123078135268713140E+0002  -0.489781038857681622067E-0001  -0.250000000000000000000E+0002  -0.215183363074607170162E+0001
   0.133125000000001358913E+0001   0.112203386954004939724E-0001   0.103609495060604276610E-0003   0.651967052861013862675E-0001   0.257139290508014541417E-0003   0.133160683880608115004E+0002  -0.518634535144400707352E-0001  -0.250000000000000000000E+0002  -0.214284905904794431564E+0001
   0.133333333333334702608E+0001   0.113551091367005280164E-0001   0.103072125448562811360E-0003   0.640289608559092837670E-0001   0.261948477141316386427E-0003   0.133194259082218415813E+0002  -0.536550088583088308214E-0001  -0.250000000000000000000E+0002  -0.213428658013035077445E+0001
   0.133541666666668046304E+0001   0.114874016939142120641E-0001   0.102532661976718328161E-0003   0.627759836389442937854E-0001   0.259957405802762871270E-0003   0.133223763332743878607E+0002  -0.542147204864391746293E-0001  -0.250000000000000000000E+0002  -0.212586426353623281216E+0001
   0.133750000000001389999E+0001   0.116169613207304373015E-0001   0.102005145155884501245E-0003   0.614039011059171885298E-0001   0.250954649184031790797E-0003   0.133250176673060742871E+0002  -0.534828689278950414332E-0001  -0.250000000000000000000E+0002  -0.211731919943415025642E+0001
   0.133958333333334733695E+0001   0.117435138942817880736E-0001   0.101503024014069209843E-0003   0.599224411470825543691E-0001   0.235580312079368143618E-0003   0.133275022282917579020E+0002  -0.514932446806438195996E-0001  -0.250000000000000000000E+0002  -0.210846688944544125022E+0001
   0.134166666666668077390E+0001   0.118668514921031822973E-0001   0.101037783715714424510E-0003   0.583720452640477463491E-0001   0.215111093307460073424E-0003   0.133299883874622810964E+0002  -0.483588696844381993323E-0001  -0.250000000000000000000E+0002  -0.209922767132983967286E+0001
   0.134375000000001421085E+0001   0.119868806497095137242E-0001   0.100618176984331532441E-0003   0.568067116288940646140E-0001   0.191060270546361847185E-0003   0.133326029635469538448E+0002  -0.442412623324896017718E-0001  -0.250000000000000000000E+0002  -0.208962194958811187107E+0001
   0.134583333333334764781E+0001   0.121036312868209872118E-0001   0.100250125860076264592E-0003   0.552782673248574177305E-0001   0.164829744081595590570E-0003   0.133354204332044936621E+0002  -0.393192214752217453211E-0001  -0.250000000000000000000E+0002  -0.207974384184058536107E+0001
   0.134791666666668108476E+0001   0.122172357808671555590E-0001   0.999370917228158410668E-0004   0.538254187395054359278E-0001   0.137526610293601690357E-0003   0.133384585543456317680E+0002  -0.337662015773008417074E-0001  -0.250000000000000000000E+0002  -0.206972523042082112710E+0001
   0.135000000000001452172E+0001   0.123278913910177152780E-0001   0.996806461412329876826E-0004   0.524686758892223617523E-0001   0.109929576150483886620E-0003   0.133416866880460922573E+0002  -0.277378116331351079471E-0001  -0.250000000000000000000E+0002  -0.205970076200899310237E+0001
   0.135208333333334795867E+0001   0.124358185857753218706E-0001   0.994810334474894664494E-0004   0.512108978828496874680E-0001   0.825442944909997701822E-0004   0.133450425657249311939E+0002  -0.213671463340830182498E-0001  -0.250000000000000000000E+0002  -0.204978150395781311133E+0001
   0.135416666666668139563E+0001   0.125412259243697990496E-0001   0.993376097252065095363E-0004   0.500421084617218084323E-0001   0.556915799719181938820E-0004   0.133484527356828426292E+0002  -0.147649754539327417169E-0001  -0.250000000000000000000E+0002  -0.204004140140232292921E+0001
   0.135625000000001483258E+0001   0.126442886928431058591E-0001   0.992491288305297788934E-0004   0.489462019488972541192E-0001   0.295891722960572203078E-0004   0.133518510407012307439E+0002  -0.802247436300653274377E-0002  -0.250000000000000000000E+0002  -0.203051645083214493681E+0001
   0.135833333333334826953E+0001   0.127451429504633270695E-0001   0.992139046506192948810E-0004   0.479069669253329791236E-0001   0.440583882102457192499E-0005   0.133551903144447070559E+0002  -0.121502354400462538909E-0002  -0.250000000000000000000E+0002  -0.202121284575562532027E+0001
   0.136041666666668170649E+0001   0.128438912127175133837E-0001   0.992299002813853785448E-0004   0.469118183709152300476E-0001  -0.197142677606117358937E-0004   0.133584456534805831041E+0002   0.559374075978266195597E-0002  -0.250000000000000000000E+0002  -0.201211882214071158259E+0001
   0.136250000000001514344E+0001   0.129406135272390684920E-0001   0.992947854083362836143E-0004   0.459529941879531986237E-0001  -0.426457801795178685546E-0004   0.133616109971970367098E+0002   0.123480135907806688744E-0001  -0.250000000000000000000E+0002  -0.200321569935060006529E+0001
   0.136458333333334858040E+0001   0.130353784867035631112E-0001   0.994059817445838223623E-0004   0.450268832808530389267E-0001  -0.642814513456109947690E-0004   0.133646923228881728818E+0002   0.189961978811998034866E-0001  -0.250000000000000000000E+0002  -0.199448553769234759869E+0001
   0.136666666666668201735E+0001   0.131282509978511187365E-0001   0.995606988839177811917E-0004   0.441323948260859202919E-0001  -0.845285725741874455902E-0004   0.133677004473042551069E+0002   0.254876456069998459653E-0001  -0.250000000000000000000E+0002  -0.198591469655454977428E+0001
   0.136875000000001545430E+0001   0.132192957502019932392E-0001   0.997559549401319978386E-0004   0.432691247111413115900E-0001  -0.103300541637083427527E-0003   0.133706452976750451711E+0002   0.317699154751567500177E-0001  -0.250000000000000000000E+0002  -0.197749382182504063188E+0001
   0.137083333333334889126E+0001   0.133085767563702259131E-0001   0.999885770444466416042E-0004   0.424358495784252845451E-0001  -0.120505985258894543098E-0003   0.133735325223797119065E+0002   0.377869304241089248864E-0001  -0.250000000000000000000E+0002  -0.196921546188625651297E+0001
   0.137291666666668232821E+0001   0.133961541974748979400E-0001   0.100255183826169884127E-0003   0.416296749767950460819E-0001  -0.136040450767004701335E-0003   0.133763626252164904429E+0002   0.434786749312251474819E-0001  -0.250000000000000000000E+0002  -0.196107076811182023945E+0001
   0.137500000000001576517E+0001   0.134820802622052267339E-0001   0.100552162251578961925E-0003   0.408459825416391114628E-0001  -0.149786453723002154631E-0003   0.133791323345655239763E+0002   0.487831285848877860278E-0001  -0.250000000000000000000E+0002  -0.195304669289949317523E+0001
   0.137708333333334920212E+0001   0.135663957506234715555E-0001   0.100875660286394461338E-0003   0.400791208209911389848E-0001  -0.161626065874032737429E-0003   0.133818374965725901404E+0002   0.536408040598946520006E-0001  -0.250000000000000000000E+0002  -0.194512477144681628083E+0001
   0.137916666666668263908E+0001   0.136491288725322269804E-0001   0.101221619687725692890E-0003   0.393235677911467421120E-0001  -0.171466033344747564382E-0003   0.133844764065983152790E+0002   0.580014938874653454559E-0001  -0.250000000000000000000E+0002  -0.193728197170974159036E+0001
   0.138125000000001607603E+0001   0.137302968906827874140E-0001   0.101585865563414519050E-0003   0.385751338883945013580E-0001  -0.179269355190771184898E-0003   0.133870523499836142634E+0002   0.618318235274978589278E-0001  -0.250000000000000000000E+0002  -0.192949334376722791973E+0001
   0.138333333333334951298E+0001   0.138099101934034441952E-0001   0.101964251021245498737E-0003   0.378317485632934796813E-0001  -0.185081958327740268930E-0003   0.133895743552593344816E+0002   0.651214813090720268107E-0001  -0.250000000000000000000E+0002  -0.192173552214573706287E+0001
   0.138541666666668294994E+0001   0.138879774411154836844E-0001   0.102352833371363425739E-0003   0.370935631501379120545E-0001  -0.189042888370636870225E-0003   0.133920558964871521113E+0002   0.678861141129583900433E-0001  -0.250000000000000000000E+0002  -0.191398986238296542339E+0001
   0.138750000000001638689E+0001   0.139645101284004632958E-0001   0.102748044619895180507E-0003   0.363624218193586423720E-0001  -0.191373004824768892709E-0003   0.133945121818535799463E+0002   0.701659015090955739957E-0001  -0.250000000000000000000E+0002  -0.190624426925801682131E+0001
   0.138958333333334982385E+0001   0.140395253752145822423E-0001   0.103146820681746903244E-0003   0.356410080142228608002E-0001  -0.192346481025510742096E-0003   0.133969571983096589207E+0002   0.720202145512579272602E-0001  -0.250000000000000000000E+0002  -0.189849341169966323584E+0001
   0.139166666666668326080E+0001   0.141130466564132993346E-0001   0.103546668499542330807E-0003   0.349320338617154571570E-0001  -0.192255476006310954814E-0003   0.133994015814271847375E+0002   0.735198772717612913929E-0001  -0.250000000000000000000E+0002  -0.189073764984961445457E+0001
   0.139375000000001669775E+0001   0.141851029636628177266E-0001   0.103945669367195848683E-0003   0.342377124251618883410E-0001  -0.191378528492220224659E-0003   0.134018517959984091448E+0002   0.747390017833878123055E-0001  -0.250000000000000000000E+0002  -0.188298132563381281912E+0001
   0.139583333333335013471E+0001   0.142557272213012092843E-0001   0.104342431712559091401E-0003   0.335595540876434950128E-0001  -0.189959083548790351632E-0003   0.134043104544616564766E+0002   0.757481122802740186595E-0001  -0.250000000000000000000E+0002  -0.187523102582926703974E+0001
   0.139791666666668357166E+0001   0.143249546456371522341E-0001   0.104736013299632874053E-0003   0.328983806166335684962E-0001  -0.188195425411850762211E-0003   0.134067772145034407316E+0002   0.766095319592050572055E-0001  -0.250000000000000000000E+0002  -0.186749415648290284508E+0001
   0.140000000000001700862E+0001   0.143928213800294732549E-0001   0.105125831899267131774E-0003   0.322544278030008763070E-0001  -0.186239708465836225400E-0003   0.134092497483979897765E+0002   0.773751591908561214828E-0001  -0.250000000000000000000E+0002  -0.185977790729533509761E+0001
   0.140208333333335044557E+0001   0.144593634333835749373E-0001   0.105511578301866951321E-0003   0.316274467088262789538E-0001  -0.184202484541587689290E-0003   0.134117244971149318644E+0002   0.780861424300656609132E-0001  -0.250000000000000000000E+0002  -0.185208853014658103575E+0001
   0.140416666666668388253E+0001   0.145246158115768519981E-0001   0.105893139381838804558E-0003   0.310167771231673501664E-0001  -0.182159494099864364535E-0003   0.134141971747743227183E+0002   0.787737231045220476222E-0001  -0.250000000000000000000E+0002  -0.184443082913390621336E+0001
   0.140625000000001731948E+0001   0.145886117445104164514E-0001   0.106270533988410181749E-0003   0.304214009898944835741E-0001  -0.180158597819106587861E-0003   0.134166631024762477153E+0002   0.794605943652824525669E-0001  -0.250000000000000000000E+0002  -0.183680779169438013199E+0001
   0.140833333333335075643E+0001   0.146513819885842090651E-0001   0.106643861525271385800E-0003   0.298400036106034674543E-0001  -0.178225924659553334019E-0003   0.134191175004977623075E+0002   0.801623484418733101009E-0001  -0.250000000000000000000E+0002  -0.182922035016376960392E+0001
   0.141041666666668419339E+0001   0.147129542756221400046E-0001   0.107013262022863814846E-0003   0.292710804643427809080E-0001  -0.176371169509414137122E-0003   0.134215558797746012942E+0002   0.808887958248495075875E-0001  -0.250000000000000000000E+0002  -0.182166733108315592737E+0001
   0.141250000000001763034E+0001   0.147733530596865815510E-0001   0.107378886587284694612E-0003   0.287131210695335883920E-0001  -0.174592355016973607706E-0003   0.134239746311010836877E+0002   0.816450777178066716688E-0001  -0.250000000000000000000E+0002  -0.181414569817096760218E+0001
   0.141458333333335106730E+0001   0.148325997468111460409E-0001   0.107740877533453883585E-0003   0.281648671556428385754E-0001  -0.172880343353090844011E-0003   0.134263717793844108428E+0002   0.824325735384970892383E-0001  -0.250000000000000000000E+0002  -0.180665118069346997132E+0001
   0.141666666666668450425E+0001   0.148907135283648413282E-0001   0.108099357602319104182E-0003   0.276255917402676888506E-0001  -0.171223061922948184208E-0003   0.134287476972723442969E+0002   0.832496465227649529162E-0001  -0.250000000000000000000E+0002  -0.179917928197749832364E+0001
   0.141875000000001794120E+0001   0.149477127737542465902E-0001   0.108454427138173506657E-0003   0.270953120221587261118E-0001  -0.169609046177962097604E-0003   0.134311054785325278971E+0002   0.840922735298756940381E-0001  -0.250000000000000000000E+0002  -0.179172652076319272041E+0001
   0.142083333333335137816E+0001   0.150036167440612544510E-0001   0.108806167169422593217E-0003   0.265748587184371116987E-0001  -0.168029759995719609519E-0003   0.134334507414745729648E+0002   0.849545810598781453438E-0001  -0.250000000000000000000E+0002  -0.178429164791219418973E+0001
   0.142291666666668481511E+0001   0.150584472683542684723E-0001   0.109154645593812545806E-0003   0.260657793737262867551E-0001  -0.166480395679669955934E-0003   0.134357908570348048016E+0002   0.858292946296091013858E-0001  -0.250000000000000000000E+0002  -0.177687657361779649534E+0001
   0.142500000000001825207E+0001   0.151122300537996911984E-0001   0.109499923772374312602E-0003   0.255701190346975006096E-0001  -0.164959412612498073454E-0003   0.134381338356027288938E+0002   0.867081198191949203968E-0001  -0.250000000000000000000E+0002  -0.176948684168267456052E+0001
   0.142708333333335168902E+0001   0.151649954479682151642E-0001   0.109842061766315338828E-0003   0.250901529903812814393E-0001  -0.163467453184969055890E-0003   0.134404871910901260179E+0002   0.875820870923789129847E-0001  -0.250000000000000000000E+0002  -0.176213162745917406582E+0001
   0.142916666666668512597E+0001   0.152167786331859691829E-0001   0.110181121564168935881E-0003   0.246281362966051520225E-0001  -0.162006210971661412457E-0003   0.134428570222623022801E+0002   0.884418898103530859434E-0001  -0.250000000000000000000E+0002  -0.175482334223759273151E+0001
   0.143125000000001856293E+0001   0.152676193455692672807E-0001   0.110517168471912011467E-0003   0.241861121554812312506E-0001  -0.160577586360345793805E-0003   0.134452474388125775562E+0002   0.892782266936521934353E-0001  -0.250000000000000000000E+0002  -0.174757698353796420143E+0001
   0.143333333333335199988E+0001   0.153175612662279254927E-0001   0.110850271259372424150E-0003   0.237657899633563172992E-0001  -0.159183223020974541975E-0003   0.134476603263119223186E+0002   0.900821366240532467318E-0001  -0.250000000000000000000E+0002  -0.174040936993496941909E+0001
   0.143541666666668543684E+0001   0.153666512343078563718E-0001   0.111180501688222001244E-0003   0.233684911086276918268E-0001  -0.157824365957378020273E-0003   0.134500954012851821062E+0002   0.908452972264053998375E-0001  -0.250000000000000000000E+0002  -0.173333837893306785816E+0001
   0.143750000000001887379E+0001   0.154149384137396185113E-0001   0.111507933927132543749E-0003   0.229951506542855448056E-0001  -0.156501935149254661588E-0003   0.134525504770168442548E+0002   0.915602562347919007868E-0001  -0.250000000000000000000E+0002  -0.172638227348895156865E+0001
   0.143958333333335231075E+0001   0.154624735159730811174E-0001   0.111832644182368522124E-0003   0.226463583838454503294E-0001  -0.155216717968432007038E-0003   0.134550218517620781000E+0002   0.922205773831923231176E-0001  -0.250000000000000000000E+0002  -0.171955916685290199908E+0001
   0.144166666666668574770E+0001   0.155093081394607097689E-0001   0.112154710667987806685E-0003   0.223224174599916148909E-0001  -0.153969571208931150326E-0003   0.134575047167570431839E+0002   0.928209049566197097469E-0001  -0.250000000000000000000E+0002  -0.171288663509473026991E+0001
   0.144375000000001918465E+0001   0.155554942376771518364E-0001   0.112474213831126329402E-0003   0.220233999818776650381E-0001  -0.152761529685781845440E-0003   0.134599934949511794713E+0002   0.933569692930998340508E-0001  -0.250000000000000000000E+0002  -0.170638145249226536038E+0001
   0.144583333333335262161E+0001   0.156010836901723064229E-0001   0.112791236621477970444E-0003   0.217491873072427691072E-0001  -0.151593779416660983175E-0003   0.134624820681569481451E+0002   0.938255593651164954139E-0001  -0.250000000000000000000E+0002  -0.170005940863930415929E+0001
   0.144791666666668605856E+0001   0.156461279383904271201E-0001   0.113105864590354668331E-0003   0.214994942319572321376E-0001  -0.150467524198124246674E-0003   0.134649639057520271734E+0002   0.942244785858885880447E-0001  -0.250000000000000000000E+0002  -0.169393517012743566319E+0001
   0.145000000000001949552E+0001   0.156906776574548961767E-0001   0.113418185691076017947E-0003   0.212738838976794450430E-0001  -0.149383810635093315080E-0003   0.134674321425658618523E+0002   0.945524870868676425850E-0001  -0.250000000000000000000E+0002  -0.168802216604377641751E+0001
   0.145208333333335293247E+0001   0.157347824545648433403E-0001   0.113728289775091352416E-0003   0.210717814546538088905E-0001  -0.148343381287703313933E-0003   0.134698796531381095321E+0002   0.948092304313553485562E-0001  -0.250000000000000000000E+0002  -0.168233249291355546617E+0001
   0.145416666666668636942E+0001   0.157784905987050430576E-0001   0.114036267874140421585E-0003   0.208924903259913273545E-0001  -0.147346595964508613515E-0003   0.134722991431170111554E+0002   0.949951600921796340815E-0001  -0.250000000000000000000E+0002  -0.167687684215113486097E+0001
   0.145625000000001980638E+0001   0.158218487885060377085E-0001   0.114342211393960168113E-0003   0.207352111875785567741E-0001  -0.146393423055969792122E-0003   0.134746832569375367683E+0002   0.951114552490237713522E-0001  -0.250000000000000000000E+0002  -0.167166445332684809877E+0001
   0.145833333333335324333E+0001   0.158649019596318538450E-0001   0.114646211325443933018E-0003   0.205990572223328366475E-0001  -0.145483471073217505466E-0003   0.134770246681180143611E+0002   0.951599538856218729599E-0001  -0.250000000000000000000E+0002  -0.166670308544512768556E+0001
   0.146041666666668668029E+0001   0.159076931191431160395E-0001   0.114948357487860844742E-0003   0.204830625608288866002E-0001  -0.144616011919206533410E-0003   0.134793161390567348690E+0002   0.951430997288016527813E-0001  -0.250000000000000000000E+0002  -0.166199899404153517146E+0001
   0.146250000000002011724E+0001   0.159502631823991505855E-0001   0.115248737740396148873E-0003   0.203861749629062338762E-0001  -0.143789939451313415319E-0003   0.134815505105049737722E+0002   0.950639122170881395446E-0001  -0.250000000000000000000E+0002  -0.165755688767344211421E+0001
   0.146458333333335355420E+0001   0.159926507754938745931E-0001   0.115547437024956408378E-0003   0.203072313905586256111E-0001  -0.143003651015283944105E-0003   0.134837206256543495897E+0002   0.949259873412385268843E-0001  -0.250000000000000000000E+0002  -0.165337983737117344418E+0001
   0.146666666666668699115E+0001   0.160348919678519365173E-0001   0.115844536132834007697E-0003   0.202449185156371724847E-0001  -0.142254882440325154409E-0003   0.134858192119373949680E+0002   0.947335333824494002508E-0001  -0.250000000000000000000E+0002  -0.164946911829932330029E+0001
   0.146875000000002042810E+0001   0.160770199084221965258E-0001   0.116140110151977975412E-0003   0.201977234149417761433E-0001  -0.141540539619753154765E-0003   0.134878387579253615769E+0002   0.944914365208588818978E-0001  -0.250000000000000000000E+0002  -0.164582397350938203218E+0001
   0.147083333333335386506E+0001   0.161190643520748161377E-0001   0.116434226614318798673E-0003   0.201638832416823517157E-0001  -0.140856557537113991595E-0003   0.134897714352966549001E+0002   0.942053379335692636642E-0001  -0.250000000000000000000E+0002  -0.164244130547570499346E+0001
   0.147291666666668730201E+0001   0.161610510863772448287E-0001   0.116726943445281242432E-0003   0.201413469156336080723E-0001  -0.140197831441588158154E-0003   0.134916091280040397749E+0002   0.938816863481932856184E-0001  -0.250000000000000000000E+0002  -0.163931532298503657152E+0001
   0.147500000000002073897E+0001   0.162030012989413489677E-0001   0.117018306876036419723E-0003   0.201277618518257393754E-0001  -0.139558240055043085177E-0003   0.134933436168681719636E+0002   0.935277148807736324887E-0001  -0.250000000000000000000E+0002  -0.163643719105953877602E+0001
   0.147708333333335417592E+0001   0.162449309496014923648E-0001   0.117308349451225046064E-0003   0.201204926959781364715E-0001  -0.138930725178036028550E-0003   0.134949669236699527630E+0002   0.931512946937421704163E-0001  -0.250000000000000000000E+0002  -0.163379473969750366180E+0001
   0.147916666666668761287E+0001   0.162868502220293830118E-0001   0.117597088187146298468E-0003   0.201166759428014173261E-0001  -0.138307386650801737412E-0003   0.134964717959628792698E+0002   0.927606534787101116857E-0001  -0.250000000000000000000E+0002  -0.163137228943134671155E+0001
   0.148125000000002104983E+0001   0.163287631242882563809E-0001   0.117884522903249235981E-0003   0.201133004074394508565E-0001  -0.137679569239679516594E-0003   0.134978522418542858929E+0002   0.923639988899957881108E-0001  -0.250000000000000000000E+0002  -0.162915062971865975960E+0001
   0.148333333333335448678E+0001   0.163706672818176544870E-0001   0.118170634748165787335E-0003   0.201073034011744027072E-0001  -0.137037966792152149636E-0003   0.134991040367216577067E+0002   0.919691224492261705237E-0001  -0.250000000000000000000E+0002  -0.162710716579615000121E+0001
   0.148541666666668792374E+0001   0.164125539411224645459E-0001   0.118455385010608738559E-0003   0.200956710631462719119E-0001  -0.136372780255937796649E-0003   0.135002251315879977511E+0002   0.915830495375591357998E-0001  -0.250000000000000000000E+0002  -0.162521622837163604025E+0001
   0.148750000000002136069E+0001   0.164544081825005253372E-0001   0.118738714320913225008E-0003   0.200755384336330743034E-0001  -0.135673930395186837557E-0003   0.135012159447461215223E+0002   0.912117602489477680150E-0001  -0.250000000000000000000E+0002  -0.162344953321772567101E+0001
   0.148958333333335479765E+0001   0.164962093395837582077E-0001   0.119020542368721422540E-0003   0.200442870210379674167E-0001  -0.134931333166450021389E-0003   0.135020795373259563377E+0002   0.908599768642589511458E-0001  -0.250000000000000000000E+0002  -0.162177677461701597039E+0001
   0.149166666666668823460E+0001   0.165379316175700286085E-0001   0.119300768220933047425E-0003   0.199996338291626683803E-0001  -0.134135208568249655360E-0003   0.135028216597031143209E+0002   0.905310185824499541463E-0001  -0.250000000000000000000E+0002  -0.162016632710910490900E+0001
   0.149375000000002167155E+0001   0.165795448814842795449E-0001   0.119579271253923621063E-0003   0.199397008582981004332E-0001  -0.133276379657186022339E-0003   0.135034506381933478991E+0002   0.902267396270174243389E-0001  -0.250000000000000000000E+0002  -0.161858601269505197884E+0001
   0.149583333333335510851E+0001   0.166210155602181906820E-0001   0.119855912643416172552E-0003   0.198630545006319436663E-0001  -0.132346525609453919857E-0003   0.135039770830662462231E+0002   0.899475601660463114362E-0001  -0.250000000000000000000E+0002  -0.161700387556032043612E+0001
   0.149791666666668854546E+0001   0.166623075952172412795E-0001   0.120130537265187610496E-0003   0.197687126551110425865E-0001  -0.131338341752274966219E-0003   0.135044134470909789059E+0002   0.896925698095565743229E-0001  -0.250000000000000000000E+0002  -0.161538890719730021672E+0001
   0.150000000000002198242E+0001   0.167033833706783513273E-0001   0.120402975815911436152E-0003   0.196561274391009073448E-0001  -0.130245596270060152565E-0003   0.135047735103506418852E+0002   0.894596612623005105203E-0001  -0.250000000000000000000E+0002  -0.161371168310582335792E+0001
   0.150208333333335541937E+0001   0.167442045876056780362E-0001   0.120673046995148754374E-0003   0.195251547074568702900E-0001  -0.129063118244103535240E-0003   0.135050718705906245276E+0002   0.892456618787004496429E-0001  -0.250000000000000000000E+0002  -0.161194489494950365938E+0001
   0.150416666666668885632E+0001   0.167847330655464498095E-0001   0.120940559672642829235E-0003   0.193760162104469370326E-0001  -0.127786769783582321997E-0003   0.135053234763499290239E+0002   0.890464653515402188022E-0001  -0.250000000000000000000E+0002  -0.161006377367584430083E+0001
   0.150625000000002229328E+0001   0.168249314585158689372E-0001   0.121205315037478691368E-0003   0.192092532974536198132E-0001  -0.126413433918149672791E-0003   0.135055431963837424547E+0002   0.888571902011256603560E-0001  -0.250000000000000000000E+0002  -0.160804639786204428553E+0001
   0.150833333333335573023E+0001   0.168647638639369268354E-0001   0.121467108751436208896E-0003   0.190256709630712179948E-0001  -0.124941018917589061633E-0003   0.135057454167442863024E+0002   0.886723808617860681514E-0001  -0.250000000000000000000E+0002  -0.160587388023178112562E+0001
   0.151041666666668916719E+0001   0.169041963052843531579E-0001   0.121725733120170803128E-0003   0.188262765601527187753E-0001  -0.123368466840696256511E-0003   0.135059436847887077704E+0002   0.884862355206943868025E-0001  -0.250000000000000000000E+0002  -0.160353043361673308631E+0001
   0.151250000000002260414E+0001   0.169431970847702707827E-0001   0.121980979278736966355E-0003   0.186122209732412918770E-0001  -0.121695757222589325333E-0003   0.135061504335699833490E+0002   0.882928268269051186312E-0001  -0.250000000000000000000E+0002  -0.160100333121360116628E+0001
   0.151458333333335604109E+0001   0.169817370206766238283E-0001   0.122232639376215334193E-0003   0.183847503439820217364E-0001  -0.119923903332081279892E-0003   0.135063768169433551236E+0002   0.880862857232926205198E-0001  -0.250000000000000000000E+0002  -0.159828278888831087912E+0001
   0.151666666666668947805E+0001   0.170197895975034811655E-0001   0.122480508752554034368E-0003   0.181451705512348064608E-0001  -0.118054945451085210742E-0003   0.135066326506704434962E+0002   0.878609332585064684018E-0001  -0.250000000000000000000E+0002  -0.159536179885096962572E+0001
   0.151875000000002291500E+0001   0.170573310616006085239E-0001   0.122724388108417094105E-0003   0.178948292114597083680E-0001  -0.116091957724229305720E-0003   0.135069264710417584752E+0002   0.876113608773534252583E-0001  -0.250000000000000000000E+0002  -0.159223594989105654562E+0001
   0.152083333333335635196E+0001   0.170943404958935549209E-0001   0.122964085702421813736E-0003   0.176351092879844587036E-0001  -0.114039068024309001590E-0003   0.135072656635715819817E+0002   0.873324715404719259526E-0001  -0.250000000000000000000E+0002  -0.158890325622982575560E+0001
   0.152291666666668978891E+0001   0.171307998929185953396E-0001   0.123199419575068696339E-0003   0.173674284866247793935E-0001  -0.111901475847178146460E-0003   0.135076566207479960013E+0002   0.870195006163037299007E-0001  -0.250000000000000000000E+0002  -0.158536400513107156307E+0001
   0.152500000000002322587E+0001   0.171666942277093198532E-0001   0.123430219747343967399E-0003   0.170932357162201266354E-0001  -0.109685428362113986437E-0003   0.135081048749995051850E+0002   0.866680353841619705024E-0001  -0.249999999999999964473E+0002  -0.158162061739582204822E+0001
   0.152708333333335666282E+0001   0.172020115154181453543E-0001   0.123656330285623432524E-0003   0.168139985779665809829E-0001  -0.107398129951694456044E-0003   0.135086151721407787818E+0002   0.862740473456076878422E-0001  -0.250000000000000000000E+0002  -0.157767750472418888386E+0001
   0.152916666666669009977E+0001   0.172367428308004833060E-0001   0.123877611101981782282E-0003   0.165311804116056934588E-0001  -0.105047582840011346746E-0003   0.135091914785710542901E+0002   0.858339429179148516447E-0001  -0.250000000000000000000E+0002  -0.157354090641571064957E+0001
   0.153125000000002353673E+0001   0.172708822696565449106E-0001   0.124093939381257601338E-0003   0.162462098780495195482E-0001  -0.102642381513313058492E-0003   0.135098369412725567429E+0002   0.853446298019813615054E-0001  -0.249999999999999964473E+0002  -0.156921869411770886771E+0001
   0.153333333333335697368E+0001   0.173044268413055889189E-0001   0.124305210573695697467E-0003   0.159604469126571786586E-0001  -0.100191489313013586408E-0003   0.135105538227824091280E+0002   0.848035929982138836358E-0001  -0.250000000000000000000E+0002  -0.156472014049201701980E+0001
   0.153541666666669041064E+0001   0.173373762906200920564E-0001   0.124511338943286903932E-0003   0.156751513077460595535E-0001  -0.977040268018216110854E-0004   0.135113434474705513821E+0002   0.842089754652985550409E-0001  -0.250000000000000000000E+0002  -0.156005565846897509275E+0001
   0.153750000000002384759E+0001   0.173697328574712143989E-0001   0.124712257718014810776E-0003   0.153914544763418953410E-0001  -0.951890888206161989507E-0004   0.135122061580229768651E+0002   0.835596587763842435503E-0001  -0.250000000000000000000E+0002  -0.155523651782902039287E+0001
   0.153958333333335728454E+0001   0.174015009840871766322E-0001   0.124907918900498662775E-0003   0.151103375548681233970E-0001  -0.926556002481342371856E-0004   0.135131412994937232241E+0002   0.828553393050928815855E-0001  -0.250000000000000000000E+0002  -0.155027455051651585904E+0001
   0.154166666666669072150E+0001   0.174326869831182180992E-0001   0.125098292812790209960E-0003   0.148326141692474763184E-0001  -0.901122066697976700517E-0004   0.135141472168902563311E+0002   0.820966002260044291905E-0001  -0.249999999999999964473E+0002  -0.154518185207722491548E+0001
   0.154375000000002415845E+0001   0.174632986732708370137E-0001   0.125283367427840607641E-0003   0.145589150778576894435E-0001  -0.875671859928710174647E-0004   0.135152212461702507795E+0002   0.812849832059223814662E-0001  -0.250000000000000000000E+0002  -0.153997048103986888812E+0001
   0.154583333333335759541E+0001   0.174933449829561722677E-0001   0.125463147516371379808E-0003   0.142896732713129939046E-0001  -0.850283676157049259428E-0004   0.135163596891218542595E+0002   0.804230554930638885658E-0001  -0.250000000000000000000E+0002  -0.153465215533865295683E+0001
   0.154791666666669103236E+0001   0.175228355233795589363E-0001   0.125637653620343182816E-0003   0.140251125171903349986E-0001  -0.825030526022278503859E-0004   0.135175577945046345718E+0002   0.795144465772553987737E-0001  -0.250000000000000000000E+0002  -0.152923795008604002099E+0001
   0.155000000000002446932E+0001   0.175517801441955959008E-0001   0.125806920855437538113E-0003   0.137652461336639862083E-0001  -0.799979328766979005862E-0004   0.135188097957013848571E+0002   0.785638091003767885523E-0001  -0.250000000000000000000E+0002  -0.152373801255357377293E+0001
   0.155208333333335790627E+0001   0.175801885018056422427E-0001   0.125970997541866155597E-0003   0.135098925592418046826E-0001  -0.775190096512258101967E-0004   0.135201090542129840344E+0002   0.775766629911709276746E-0001  -0.250000000000000000000E+0002  -0.151816132072372567130E+0001
   0.155416666666669134322E+0001   0.176080696809092808464E-0001   0.126129943667456674572E-0003   0.132587091253844081840E-0001  -0.750715145608439393199E-0004   0.135214483206795268444E+0002   0.765591185976151888948E-0001  -0.250000000000000000000E+0002  -0.151251551273587780955E+0001
   0.155625000000002478018E+0001   0.176354319050610088004E-0001   0.126283829211722381600E-0003   0.130112386439391707060E-0001  -0.726598497218902184859E-0004   0.135228200743393021099E+0002   0.755175268488227913188E-0001  -0.250000000000000000000E+0002  -0.150680680375896436374E+0001
   0.155833333333335821713E+0001   0.176622823537349940559E-0001   0.126432732404433974087E-0003   0.127669604775846670663E-0001  -0.702875725877335474695E-0004   0.135242168797123323287E+0002   0.744581333065405664984E-0001  -0.250000000000000000000E+0002  -0.150103999172769508874E+0001
   0.156041666666669165409E+0001   0.176886270843979315215E-0001   0.126576738036131601021E-0003   0.125253374495319265425E-0001  -0.679574446889434917625E-0004   0.135256316969013319351E+0002   0.733867987949902711442E-0001  -0.250000000000000000000E+0002  -0.149521853874831389675E+0001
   0.156250000000002509104E+0001   0.177144710459432100369E-0001   0.126715935937787675669E-0003   0.122858569366922215638E-0001  -0.656715411982059893252E-0004   0.135270581378123146976E+0002   0.723088107515868910857E-0001  -0.250000000000000000000E+0002  -0.148934471345250973862E+0001
   0.156458333333335852799E+0001   0.177398181686254791112E-0001   0.126850419722647175021E-0003   0.120480633028306211713E-0001  -0.634313948030884789580E-0004   0.135284906501188064709E+0002   0.712287788480583938799E-0001  -0.250000000000000000000E+0002  -0.148341977594626950321E+0001
   0.156666666666669196495E+0001   0.177646715123497313249E-0001   0.126980285818560504132E-0003   0.118115811769089334993E-0001  -0.612381420170482937328E-0004   0.135299246293262953600E+0002   0.701505985932328601784E-0001  -0.250000000000000000000E+0002  -0.147744418757621831517E+0001
   0.156875000000002540190E+0001   0.177890334527800245135E-0001   0.127105632769728457265E-0003   0.115761286945061121073E-0001  -0.590926467716306602759E-0004   0.135313564546403117816E+0002   0.690774655984268404207E-0001  -0.249999999999999964473E+0002  -0.147141782745843019420E+0001
   0.157083333333335883886E+0001   0.178129058840323373225E-0001   0.127226560751022524810E-0003   0.113415215490796864733E-0001  -0.569955884287126217412E-0004   0.135327834577880281586E+0002   0.680119209715418227002E-0001  -0.250000000000000000000E+0002  -0.146534020035621170841E+0001
   0.157291666666669227581E+0001   0.178362904210198902621E-0001   0.127343171226508642801E-0003   0.111076703206236266502E-0001  -0.549475144841347730505E-0004   0.135342038469978351856E+0002   0.669559085469141612723E-0001  -0.250000000000000000000E+0002  -0.145921062570813830916E+0001
   0.157500000000002571277E+0001   0.178591885908625964963E-0001   0.127455566691120304387E-0003   0.108745735854624183542E-0001  -0.529488660904504785179E-0004   0.135356166079142052894E+0002   0.659108324849867893702E-0001  -0.250000000000000000000E+0002  -0.145302840249753795199E+0001
   0.157708333333335914972E+0001   0.178816020068824077516E-0001   0.127563850451910580034E-0003   0.106423081492538294107E-0001  -0.509999870413202160643E-0004   0.135370213920989534984E+0002   0.648776149447278099869E-0001  -0.250000000000000000000E+0002  -0.144679294717380857449E+0001
   0.157916666666669258667E+0001   0.179035325197688631460E-0001   0.127668126424281035483E-0003   0.104110169309975797436E-0001  -0.491011254075749865324E-0004   0.135384183956758832323E+0002   0.638567592194624195079E-0001  -0.250000000000000000000E+0002  -0.144050390275765627379E+0001
   0.158125000000002602363E+0001   0.179249823413191976262E-0001   0.127768498934782541183E-0003   0.101808953200972843178E-0001  -0.472524349479556640035E-0004   0.135398082331084861352E+0002   0.628484208607969913052E-0001  -0.250000000000000000000E+0002  -0.143416121863834988837E+0001
   0.158333333333335946058E+0001   0.179459541382720223768E-0001   0.127865072530027675153E-0003   0.995217764815654881705E-0002  -0.454539776463863792722E-0004   0.135411918192552942486E+0002   0.618524824078738530431E-0001  -0.250000000000000000000E+0002  -0.142776520330988487828E+0001
   0.158541666666669289754E+0001   0.179664510995512401170E-0001   0.127957951803866782498E-0003   0.972512544724249590467E-0002  -0.437057355880262094904E-0004   0.135425702740367146504E+0002   0.608686229335924158801E-0001  -0.250000000000000000000E+0002  -0.142131655494613196034E+0001
   0.158750000000002633449E+0001   0.179864769814638489343E-0001   0.128047241243466340850E-0003   0.950001862644679617720E-0002  -0.420076206996619221134E-0004   0.135439448598572820259E+0002   0.598963742410687505213E-0001  -0.250000000000000000000E+0002  -0.141481637630249967863E+0001
   0.158958333333335977144E+0001   0.180060361379913054514E-0001   0.128133045096991300942E-0003   0.927714942858024783912E-0002  -0.403594856103696761991E-0004   0.135453169498243592983E+0002   0.589351599868206399435E-0001  -0.250000000000000000000E+0002  -0.140826617973733081435E+0001
   0.159166666666669320840E+0001   0.180251335413540332564E-0001   0.128215467255697937714E-0003   0.905681837482513567295E-0002  -0.387611293364859558130E-0004   0.135466880182569049396E+0002   0.579843184256765356577E-0001  -0.249999999999999964473E+0002  -0.140166788637572170551E+0001
   0.159375000000002664535E+0001   0.180437747958390563852E-0001   0.128294611139797177114E-0003   0.883933107414673277513E-0002  -0.372122968805366495753E-0004   0.135480596411175255867E+0002   0.570431135064939642820E-0001  -0.250000000000000000000E+0002  -0.139502382120616963412E+0001
   0.159583333333336008231E+0001   0.180619661453600942325E-0001   0.128370579577935658381E-0003   0.862499479744376247592E-0002  -0.357126739799999969602E-0004   0.135494334934464095710E+0002   0.561107420214606231190E-0001  -0.250000000000000000000E+0002  -0.138833670383966367723E+0001
   0.159791666666669351926E+0001   0.180797144730375676513E-0001   0.128443474674326974655E-0003   0.841411394948713038666E-0002  -0.342618798093056260625E-0004   0.135508113324198795624E+0002   0.551863451184258640980E-0001  -0.249999999999999964473E+0002  -0.138160963311814111165E+0001
   0.160000000000002695622E+0001   0.180970272897647450894E-0001   0.128513397662658845465E-0003   0.820698407043151355322E-0002  -0.328594603858170259542E-0004   0.135521949594116453142E+0002   0.542690302231009641387E-0001  -0.250000000000000000000E+0002  -0.137484606316635371570E+0001
   0.160208333333336039317E+0001   0.181139127087082615897E-0001   0.128580448750021129802E-0003   0.800388455015784913704E-0002  -0.315048844507634636454E-0004   0.135535861604165273064E+0002   0.533579053409978659728E-0001  -0.250000000000000000000E+0002  -0.136804976887908757988E+0001
   0.160416666666669383012E+0001   0.181303794034778295585E-0001   0.128644726956477460644E-0003   0.780507048661297289649E-0002  -0.301975426626776137528E-0004   0.135549866272000087974E+0002   0.524521254557444790989E-0001  -0.250000000000000000000E+0002  -0.136122479964175924216E+0001
   0.160625000000002726708E+0001   0.181464365487374289232E-0001   0.128706329957295560057E-0003   0.761076411645902634745E-0002  -0.289367505586195030462E-0004   0.135563978618476870253E+0002   0.515509501533196884404E-0001  -0.250000000000000000000E+0002  -0.135437542083955020367E+0001
   0.160833333333336070403E+0001   0.181620937427309017687E-0001   0.128765353935472867068E-0003   0.742114614435628386357E-0002  -0.277217553838219140814E-0004   0.135578210665840543925E+0002   0.506538115504927832777E-0001  -0.250000000000000000000E+0002  -0.134750604325144807127E+0001
   0.161041666666669414099E+0001   0.181773609118329251833E-0001   0.128821893452025191835E-0003   0.723634741997594352347E-0002  -0.265517464925018296679E-0004   0.135592570230411606502E+0002   0.497603893237393082871E-0001  -0.250000000000000000000E+0002  -0.134062114116289787802E+0001
   0.161250000000002757794E+0001   0.181922481984660329435E-0001   0.128876041339396577457E-0003   0.705644185745153522393E-0002  -0.254258678399004822788E-0004   0.135607059724694032354E+0002   0.488706837583592693108E-0001  -0.249999999999999964473E+0002  -0.133372516153132925076E+0001
   0.161458333333336101489E+0001   0.182067658362025132368E-0001   0.128927888618164492290E-0003   0.688144205640496293280E-0002  -0.243432293517135723030E-0004   0.135621675185641787920E+0002   0.479850698957506663356E-0001  -0.249999999999999964473E+0002  -0.132682242898669633391E+0001
   0.161666666666669445185E+0001   0.182209240194519915546E-0001   0.128977524429040783880E-0003   0.671129929614414262595E-0002  -0.233029125384411073003E-0004   0.135636405810387454807E+0002   0.471043112163825675176E-0001  -0.250000000000000000000E+0002  -0.131991705419232374652E+0001
   0.161875000000002788880E+0001   0.182347327785369536790E-0001   0.129025035963935231706E-0003   0.654590901176667783884E-0002  -0.223039663488255307370E-0004   0.135651234235230333525E+0002   0.462295159264686575384E-0001  -0.250000000000000000000E+0002  -0.131301285475843498851E+0001
   0.162083333333336132576E+0001   0.182482018722238299724E-0001   0.129070508376919401098E-0003   0.638512151032021718633E-0002  -0.213453930396516331001E-0004   0.135666137614969191105E+0002   0.453620346683302061441E-0001  -0.249999999999999964473E+0002  -0.130611329715129542706E+0001
   0.162291666666669476271E+0001   0.182613407075095379728E-0001   0.129114024662236931071E-0003   0.622875609660190898698E-0002  -0.204261292076801968332E-0004   0.135681089311682701037E+0002   0.445033190564580044546E-0001  -0.250000000000000000000E+0002  -0.129922146455093368012E+0001
   0.162500000000002819966E+0001   0.182741582910504636594E-0001   0.129155665500382279241E-0003   0.607661578974516038143E-0002  -0.195450304368464128509E-0004   0.135696060811503791399E+0002   0.436547744661728021054E-0001  -0.250000000000000000000E+0002  -0.129234005053793121753E+0001
   0.162708333333336163662E+0001   0.182866632102545861871E-0001   0.129195509087804490285E-0003   0.592849994872339351726E-0002  -0.187008667855655241600E-0004   0.135711023456166781642E+0002   0.428176401894798802639E-0001  -0.250000000000000000000E+0002  -0.128547137386589049868E+0001
   0.162916666666669507357E+0001   0.182988636372247333306E-0001   0.129233630973956976212E-0003   0.578421321531098851093E-0002  -0.178923316185590060789E-0004   0.135725949704553183750E+0002   0.419929169241026745141E-0001  -0.250000000000000000000E+0002  -0.127861740704638826571E+0001
   0.163125000000002851053E+0001   0.183107673469486004203E-0001   0.129270103928874093013E-0003   0.564357062144452744507E-0002  -0.171180615590626241653E-0004   0.135740813851413157920E+0002   0.411813436170681626547E-0001  -0.250000000000000000000E+0002  -0.127177981155582675576E+0001
   0.163333333333336194748E+0001   0.183223817423448925856E-0001   0.129304997856934892481E-0003   0.550639981936226416415E-0002  -0.163766623188450290204E-0004   0.135755592318831812548E+0002   0.403834113146618878254E-0001  -0.250000000000000000000E+0002  -0.126495997448507635497E+0001
   0.163541666666669538444E+0001   0.183337138815959227456E-0001   0.129338379762268453500E-0003   0.537254173228835819887E-0002  -0.156667348468826869473E-0004   0.135770263712856174010E+0002   0.395993965439934286765E-0001  -0.250000000000000000000E+0002  -0.125815904395914990310E+0001
   0.163750000000002882139E+0001   0.183447705058485920071E-0001   0.129370313762583585490E-0003   0.524185059308238544135E-0002  -0.149868979169794293738E-0004   0.135784808800433882681E+0002   0.388294000873796937845E-0001  -0.249999999999999964473E+0002  -0.125137796246193033767E+0001
   0.163958333333336225834E+0001   0.183555580667508662362E-0001   0.129400861143407614178E-0003   0.511419377759621870266E-0002  -0.143358057095039679685E-0004   0.135799210473801252874E+0002   0.380733839330143972179E-0001  -0.250000000000000000000E+0002  -0.124461749793906939487E+0001
   0.164166666666669569530E+0001   0.183660827535365479835E-0001   0.129430080443449467553E-0003   0.498945146991678929044E-0002  -0.137121605892147032171E-0004   0.135813453705051649933E+0002   0.373312043960933176434E-0001  -0.249999999999999964473E+0002  -0.123787827260553551234E+0001
   0.164375000000002913225E+0001   0.183763505192142059808E-0001   0.129458027562401247357E-0003   0.486751611069695562517E-0002  -0.131147218294325605312E-0004   0.135827525476493615741E+0002   0.366026413462918337460E-0001  -0.250000000000000000000E+0002  -0.123116078928323591235E+0001
   0.164583333333336256921E+0001   0.183863671053539727562E-0001   0.129484755883529781880E-0003   0.474829164002686914675E-0002  -0.125423109109501153171E-0004   0.135841414683120511597E+0002   0.358874234072114259297E-0001  -0.250000000000000000000E+0002  -0.122446545510408322244E+0001
   0.164791666666669600616E+0001   0.183961380651024263011E-0001   0.129510316404384516215E-0003   0.463169261931143175226E-0002  -0.119938138552573381548E-0004   0.135855112018887371761E+0002   0.351852484799823825301E-0001  -0.250000000000000000000E+0002  -0.121779260255348331654E+0001
   0.165000000000002944311E+0001   0.184056687843014016304E-0001   0.129534757869831070390E-0003   0.451764334538622743670E-0002  -0.114681809952627592971E-0004   0.135868609866840284184E+0002   0.344957988156695399828E-0001  -0.250000000000000000000E+0002  -0.121114250801592704399E+0001
   0.165208333333336288007E+0001   0.184149645008232047683E-0001   0.129558126902560612204E-0003   0.440607704155320054756E-0002  -0.109644246439479401225E-0004   0.135881902209998326470E+0002   0.338187503427274591128E-0001  -0.250000000000000000000E+0002  -0.120451540811530777297E+0001
   0.165416666666669631702E+0001   0.184240303223438400826E-0001   0.129580468127332053621E-0003   0.429693513941400897366E-0002  -0.104816152267239646832E-0004   0.135894984566324339426E+0002   0.331537769365390783127E-0001  -0.250000000000000000000E+0002  -0.119791151414505758765E+0001
   0.165625000000002975398E+0001   0.184328712427140675723E-0001   0.129601824286521059935E-0003   0.419016659105756437975E-0002  -0.100188765546658350091E-0004   0.135907853934159739140E+0002   0.325005513327134426538E-0001  -0.250000000000000000000E+0002  -0.119133102475523688923E+0001
   0.165833333333336319093E+0001   0.184414921568937031915E-0001   0.129622236345916226705E-0003   0.408572712101569045923E-0002  -0.957538090445086125934E-0005   0.135920508725147328732E+0002   0.318587448786359639374E-0001  -0.250000000000000000000E+0002  -0.118477413688771537892E+0001
   0.166041666666669662789E+0001   0.184498978742229299832E-0001   0.129641743590907273891E-0003   0.398357835125946226074E-0002  -0.915034444670982796211E-0005   0.135932948664100052838E+0002   0.312280280652852855472E-0001  -0.250000000000000000000E+0002  -0.117824105482346430662E+0001
   0.166250000000003006484E+0001   0.184580931297197402274E-0001   0.129660383714039575444E-0003   0.388368679143175901322E-0002  -0.874302333327444610746E-0005   0.135945174647270530244E+0002   0.306080729816427150880E-0001  -0.249999999999999964473E+0002  -0.117173199718806664293E+0001
   0.166458333333336350179E+0001   0.184660825931468736139E-0001   0.129678192895298788085E-0003   0.378602273931293942591E-0002  -0.835271053016235288154E-0005   0.135957188563257478364E+0002   0.299985579621834738684E-0001  -0.250000000000000000000E+0002  -0.116524720183827246167E+0001
   0.166666666666669693875E+0001   0.184738708757298149277E-0001   0.129695205876533469977E-0003   0.369055915896617696761E-0002  -0.797873333574581405036E-0005   0.135968993087929010954E+0002   0.293991741234351927625E-0001  -0.250000000000000000000E+0002  -0.115878692866705801379E+0001
   0.166875000000003037570E+0001   0.184814625345524480293E-0001   0.129711456031261979701E-0003   0.359727059496004267225E-0002  -0.762045145980146291869E-0005   0.135980591464583273620E+0002   0.288096333176883073746E-0001  -0.249999999999999964473E+0002  -0.115235146046022451927E+0001
   0.167083333333336381266E+0001   0.184888620747556686741E-0001   0.129726975430887955538E-0003   0.350613215588000889933E-0002  -0.727725554173787767226E-0005   0.135991987275773347221E+0002   0.282296771328538337320E-0001  -0.250000000000000000000E+0002  -0.114594110198633014619E+0001
   0.167291666666669724961E+0001   0.184960739497029985623E-0001   0.129741794908145929247E-0003   0.341711857525518487161E-0002  -0.694856601599494598948E-0005   0.136003184207472553879E+0002   0.276590867734334104611E-0001  -0.249999999999999964473E+0002  -0.113955617750534266008E+0001
   0.167500000000003068656E+0001   0.185031025592713761763E-0001   0.129755944118444021314E-0003   0.333020334309965622063E-0002  -0.663383226130875785034E-0005   0.136014185802365048517E+0002   0.270976938129046177051E-0001  -0.250000000000000000000E+0002  -0.113319702685933232367E+0001
   0.167708333333336412352E+0001   0.185099522464017840484E-0001   0.129769451599654654997E-0003   0.324535789921785462059E-0002  -0.633253198761947926819E-0005   0.136024995198312588229E+0002   0.265453918305061445371E-0001  -0.250000000000000000000E+0002  -0.112686400028429223319E+0001
   0.167916666666669756047E+0001   0.185166272920307059535E-0001   0.129782344830788975813E-0003   0.316255088982848354962E-0002  -0.604417080558598454582E-0005   0.136035614851091679611E+0002   0.260021487740609950901E-0001  -0.250000000000000000000E+0002  -0.112055745207799417607E+0001
   0.168125000000003099743E+0001   0.185231319085434782690E-0001   0.129794650289818817076E-0003   0.308174750999302103638E-0002  -0.576828188249529958222E-0005   0.136046046247573784171E+0002   0.254680194745935707668E-0001  -0.250000000000000000000E+0002  -0.111427773329274426573E+0001
   0.168333333333336443438E+0001   0.185294702319636454824E-0001   0.129806393510609619640E-0003   0.300290898263854983546E-0002  -0.550442551136840774737E-0005   0.136056289626451629715E+0002   0.249431570714126540911E-0001  -0.250000000000000000000E+0002  -0.110802518370618674481E+0001
   0.168541666666669787134E+0001   0.185356463132308572905E-0001   0.129817599138445786185E-0003   0.292599225475367093890E-0002  -0.525218831781559633050E-0005   0.136066343737178758744E+0002   0.244278212714233097791E-0001  -0.250000000000000000000E+0002  -0.110180012345938904694E+0001
   0.168750000000003130829E+0001   0.185416641091165658450E-0001   0.129828290982970538572E-0003   0.285095001029389213953E-0002  -0.501118174639162996230E-0005   0.136076205680088424543E+0002   0.239223806526876019152E-0001  -0.250000000000000000000E+0002  -0.109560284491893011882E+0001
   0.168958333333336474524E+0001   0.185475274735449197072E-0001   0.129838492066644333942E-0003   0.277773109080127174678E-0002  -0.478103946784901814198E-0005   0.136085870875175363182E+0002   0.234273060853937044323E-0001  -0.250000000000000000000E+0002  -0.108943360546915801734E+0001
   0.169166666666669818220E+0001   0.185532401502490271183E-0001   0.129848224666316320198E-0003   0.270628136486661917404E-0002  -0.456141350721291109142E-0005   0.136095333196613026416E+0002   0.229431532645275743088E-0001  -0.250000000000000000000E+0002  -0.108329262199908948894E+0001
   0.169375000000003161915E+0001   0.185588057677036760706E-0001   0.129857510345517460342E-0003   0.263654499813288211579E-0002  -0.435196922422974007420E-0005   0.136104585281839973732E+0002   0.224705344513177716903E-0001  -0.250000000000000000000E+0002  -0.107718006774739039066E+0001
   0.169583333333336505611E+0001   0.185642278370670710252E-0001   0.129866369975854335003E-0003   0.256846597410914168416E-0002  -0.415237968915025661024E-0005   0.136113618984699566994E+0002   0.220100822572695982438E-0001  -0.249999999999999964473E+0002  -0.107109607189067101984E+0001
   0.169791666666669849306E+0001   0.185695097534501821213E-0001   0.129874823747316218807E-0003   0.250198964481102752513E-0002  -0.396232030353658331613E-0005   0.136122425906366295578E+0002   0.215624105923576531163E-0001  -0.250000000000000000000E+0002  -0.106504072186246512288E+0001
   0.170000000000003193001E+0001   0.185746548003243583391E-0001   0.129882891169000140585E-0003   0.243706408471592098075E-0002  -0.378146453991933942032E-0005   0.136130997921760830138E+0002   0.211280786562026007269E-0001  -0.250000000000000000000E+0002  -0.105901406799197617126E+0001
   0.170208333333336536697E+0001   0.185796661564384922583E-0001   0.129890591063115136937E-0003   0.237364108523846657761E-0002  -0.360948138130281981635E-0005   0.136139327629662236774E+0002   0.207075627191633110380E-0001  -0.249999999999999964473E+0002  -0.105301612977562220053E+0001
   0.170416666666669880392E+0001   0.185845469043749121629E-0001   0.129897941555729074577E-0003   0.231167672937060116392E-0002  -0.344603457084938977195E-0005   0.136147408685248070270E+0002   0.203012380108810938650E-0001  -0.250000000000000000000E+0002  -0.104704690300614600140E+0001
   0.170625000000003224088E+0001   0.185893000398626891123E-0001   0.129904960067478392974E-0003   0.225113158176706981348E-0002  -0.329078335885378537689E-0005   0.136155236008802837944E+0002   0.199093704599647598752E-0001  -0.250000000000000000000E+0002  -0.104110636706675974139E+0001
   0.170833333333336567783E+0001   0.185939284811256211327E-0001   0.129911663306649268184E-0003   0.219197058503540261748E-0002  -0.314338421662812804989E-0005   0.136162805889224713951E+0002   0.195321163050586610321E-0001  -0.249999999999999964473E+0002  -0.103519449187589973604E+0001
   0.171041666666669911478E+0001   0.185984350777644094621E-0001   0.129918067266054460072E-0003   0.213416276296225391682E-0002  -0.300349300184431782662E-0005   0.136170116010142390195E+0002   0.191695270640961021313E-0001  -0.249999999999999964473E+0002  -0.102931124415870667299E+0001
   0.171250000000003255174E+0001   0.186028226188706020949E-0001   0.129924187224298359408E-0003   0.207768081089425207114E-0002  -0.287076721009420781250E-0005   0.136177165422832260333E+0002   0.188215577227416469563E-0001  -0.250000000000000000000E+0002  -0.102345659287003698523E+0001
   0.171458333333336598869E+0001   0.186070938402063852657E-0001   0.129930037751478319203E-0003   0.202250062586668659381E-0002  -0.274486811737937593203E-0005   0.136183954481893838562E+0002   0.184880767091650521916E-0001  -0.250000000000000000000E+0002  -0.101763051368941703778E+0001
   0.171666666666669942565E+0001   0.186112514303653983627E-0001   0.129935632719075831124E-0003   0.196860080843029106382E-0002  -0.262546273463173392460E-0005   0.136190484752843143923E+0002   0.181688768214156755321E-0001  -0.250000000000000000000E+0002  -0.101183299256478687056E+0001
   0.171875000000003286260E+0001   0.186152980358808457784E-0001   0.129940985313655148897E-0003   0.191596215867467756754E-0002  -0.251222554456194344119E-0005   0.136196758898121252912E+0002   0.178636865838523901939E-0001  -0.250000000000000000000E+0002  -0.100606402832029995231E+0001
   0.172083333333336629956E+0001   0.186192362652889478736E-0001   0.129946108053909277491E-0003   0.186456718626587004961E-0002  -0.240484000114340520243E-0005   0.136202780548289226203E+0002   0.175721815996479416300E-0001  -0.250000000000000000000E+0002  -0.100032363437638127657E+0001
   0.172291666666669973651E+0001   0.186230686921970492453E-0001   0.129951012810542018347E-0003   0.181439965334655411815E-0002  -0.230299977014985159145E-0005   0.136208554166392303841E+0002   0.172939954698233047670E-0001  -0.250000000000000000000E+0002  -0.994611839661019847547E+0000
   0.172500000000003317346E+0001   0.186267978574429469985E-0001   0.129955710828433235963E-0003   0.176544416585802340681E-0002  -0.220640969535442386468E-0005   0.136214084913570427915E+0002   0.170287298819898694213E-0001  -0.249999999999999964473E+0002  -0.988928688815791434585E+0000
   0.172708333333336661042E+0001   0.186304262704602846545E-0001   0.129960212750520741776E-0003   0.171768582361107521872E-0002  -0.211478648839181517221E-0005   0.136219378522851837232E+0002   0.167759635650748875624E-0001  -0.250000000000000000000E+0002  -0.983274241815087046703E+0000
   0.172916666666670004737E+0001   0.186339564099797100338E-0001   0.129964528642847315914E-0003   0.167110993297433520731E-0002  -0.202785915824921823358E-0005   0.136224441185786133701E+0002   0.165352599437104536007E-0001  -0.250000000000000000000E+0002  -0.977648573120472930142E+0000
   0.173125000000003348433E+0001   0.186373907241969179183E-0001   0.129968668020271369088E-0003   0.162570178041595127597E-0002  -0.194536921042853551604E-0005   0.136229279454125009607E+0002   0.163061734639174116257E-0001  -0.250000000000000000000E+0002  -0.972051770485695021407E+0000
   0.173333333333336692128E+0001   0.186407316305297957038E-0001   0.129972639872407021676E-0003   0.158144646100480705184E-0002  -0.186707065437999776608E-0005   0.136233900156579821328E+0002   0.160882546760186297130E-0001  -0.250000000000000000000E+0002  -0.966483933514502013828E+0000
   0.173541666666670035823E+0001   0.186439815150713852909E-0001   0.129976452689439553757E-0003   0.153832875391567602992E-0002  -0.179272985979968613922E-0005   0.136238310329255831732E+0002   0.158810542325554353293E-0001  -0.250000000000000000000E+0002  -0.960945172056878682554E+0000
   0.173750000000003379519E+0001   0.186471427318275380369E-0001   0.129980114487541489280E-0003   0.149633303636693406821E-0002  -0.172212529980727806115E-0005   0.136242517157537399441E+0002   0.156841259885542629038E-0001  -0.250000000000000000000E+0002  -0.955435604512163472180E+0000
   0.173958333333336723214E+0001   0.186502176018105633726E-0001   0.129983632833685321725E-0003   0.145544322809729891922E-0002  -0.165504721327873661469E-0005   0.136246527927055609553E+0002   0.154970293910619959926E-0001  -0.250000000000000000000E+0002  -0.949955356092063163409E+0000
   0.174166666666670066910E+0001   0.186532084120446077502E-0001   0.129987014869710308662E-0003   0.141564275955092275065E-0002  -0.159129721297154082146E-0005   0.136250349981492515639E+0002   0.153193313273863266494E-0001  -0.249999999999999964473E+0002  -0.944504557083452045418E+0000
   0.174375000000003410605E+0001   0.186561174145259203727E-0001   0.129990267335546678604E-0003   0.137691455841025653557E-0002  -0.153068785898777743988E-0005   0.136253990685446950692E+0002   0.151506075676344220682E-0001  -0.250000000000000000000E+0002  -0.939083341140656502333E+0000
   0.174583333333336754301E+0001   0.186589468251712777003E-0001   0.129993396591539407941E-0003   0.133924105033162094483E-0002  -0.147304221239779011510E-0005   0.136257457391014256132E+0002   0.149904439073625158491E-0001  -0.249999999999999964473E+0002  -0.933691843629157136597E+0000
   0.174791666666670097996E+0001   0.186616988227805043199E-0001   0.129996408639837307195E-0003   0.130260417086147206427E-0002  -0.141819337942644132876E-0005   0.136260757407217045767E+0002   0.148384370860912082751E-0001  -0.250000000000000000000E+0002  -0.928330200037071340269E+0000
   0.175000000000003441691E+0001   0.186643755480337958375E-0001   0.129999309144834460355E-0003   0.126698538631911470503E-0002  -0.136598405321178808632E-0005   0.136263897971798133568E+0002   0.146941955325052015652E-0001  -0.249999999999999964473E+0002  -0.922998544466761328131E+0000
   0.175208333333336785387E+0001   0.186669791025405769347E-0001   0.130002103452661740488E-0003   0.123236572202701523925E-0002  -0.131626605795796589824E-0005   0.136266886225185572812E+0002   0.145573399681705583503E-0001  -0.250000000000000000000E+0002  -0.917697008216054155305E+0000
   0.175416666666670129082E+0001   0.186695115479538278902E-0001   0.130004796609736749963E-0003   0.119872579662348081701E-0002  -0.126889989878539021791E-0005   0.136269729186624228845E+0002   0.144275038887143221278E-0001  -0.249999999999999964473E+0002  -0.912425718456373657794E+0000
   0.175625000000003472778E+0001   0.186719749051613460866E-0001   0.130007393380385304158E-0003   0.116604586140850799425E-0002  -0.122375431960653618607E-0005   0.136272433732567446185E+0002   0.143043339333219412385E-0001  -0.250000000000000000000E+0002  -0.907184797013349530914E+0000
   0.175833333333336816473E+0001   0.186743711535635147081E-0001   0.130009898263553052688E-0003   0.113430584378109182084E-0002  -0.118070587072723569080E-0005   0.136275006577459691925E+0002   0.141874901486051009647E-0001  -0.250000000000000000000E+0002  -0.901974359253905344502E+0000
   0.176041666666670160168E+0001   0.186767022304451281445E-0001   0.130012315508628542755E-0003   0.110348539387664914754E-0002  -0.113963848760386971676E-0005   0.136277454257023240558E+0002   0.140766461520042962530E-0001  -0.250000000000000000000E+0002  -0.896794513082423083716E+0000
   0.176250000000003503864E+0001   0.186789700304470611403E-0001   0.130014649130402173364E-0003   0.107356393351620859646E-0002  -0.110044308194688349917E-0005   0.136279783114098975716E+0002   0.139714891989722016924E-0001  -0.250000000000000000000E+0002  -0.891645358047158831383E+0000
   0.176458333333336847559E+0001   0.186811764051417542043E-0001   0.130016902923187711773E-0003   0.104452070663412464879E-0002  -0.106301714616214579230E-0005   0.136281999287058290804E+0002   0.138717201602106005726E-0001  -0.250000000000000000000E+0002  -0.886526984556789132697E+0000
   0.176666666666670191255E+0001   0.186833231627147183795E-0001   0.130019080474135157767E-0003   0.101633483036129190942E-0002  -0.102726437206330663932E-0005   0.136284108700721411367E+0002   0.137770534156174632306E-0001  -0.249999999999999964473E+0002  -0.881439473205690715574E+0000
   0.176875000000003534950E+0001   0.186854120677526491789E-0001   0.130021185175765530227E-0003   0.988985346001001021723E-0003  -0.993094284577930457340E-0006   0.136286117059670850438E+0002   0.136872166731974529569E-0001  -0.250000000000000000000E+0002  -0.876382894205400386767E+0000
   0.177083333333336878646E+0001   0.186874448411371435474E-0001   0.130023220237759017884E-0003   0.962451269195946910485E-0003  -0.960421891093679988406E-0006   0.136288029843797158236E+0002   0.136019507223050020728E-0001  -0.249999999999999964473E+0002  -0.871357306918651541849E+0000
   0.177291666666670222341E+0001   0.186894231600417300154E-0001   0.130025188698029833465E-0003   0.936711638680198148757E-0003  -0.929167346770515864456E-0006   0.136289852305895777818E+0002   0.135210091301926540325E-0001  -0.250000000000000000000E+0002  -0.866362759491510869836E+0000
   0.177500000000003566036E+0001   0.186913486580286419825E-0001   0.130027093433121056221E-0003   0.911745563090360410310E-0003  -0.899255636126340912004E-0006   0.136291589471105147879E+0002   0.134441578916108962077E-0001  -0.249999999999999964473E+0002  -0.861399288578406974182E+0000
   0.177708333333336909732E+0001   0.186932229252408550757E-0001   0.130028937167953398402E-0003   0.887532265405616116981E-0003  -0.870616270955218554975E-0006   0.136293246137969763510E+0002   0.133711750406684624221E-0001  -0.250000000000000000000E+0002  -0.856466919154260430957E+0000
   0.177916666666670253427E+0001   0.186950475086840213479E-0001   0.130030722484961505907E-0003   0.864051124681476634924E-0003  -0.843183004479717958468E-0006   0.136294826880912758327E+0002   0.133018502336028892480E-0001  -0.250000000000000000000E+0002  -0.851565664407544109515E+0000
   0.178125000000003597123E+0001   0.186968239125924300115E-0001   0.130032451832652216558E-0003   0.841281714831681624520E-0003  -0.816893561524148227707E-0006   0.136296336053911648634E+0002   0.132359843103491570809E-0001  -0.250000000000000000000E+0002  -0.846695525707825136230E+0000
   0.178333333333336940818E+0001   0.186985535988725901091E-0001   0.130034127533616272049E-0003   0.819203840290078414386E-0003  -0.791689384339538668650E-0006   0.136297777795178998161E+0002   0.131733888420218440279E-0001  -0.250000000000000000000E+0002  -0.841856492641226417106E+0000
   0.178541666666670284513E+0001   0.187002379876178639884E-0001   0.130035751792026931222E-0003   0.797797568460432851914E-0003  -0.767515393644678996660E-0006   0.136299156032666601845E+0002   0.131138856704824634247E-0001  -0.250000000000000000000E+0002  -0.837048543107242082328E+0000
   0.178750000000003628209E+0001   0.187018784576873549341E-0001   0.130037326700655950749E-0003   0.777043258924210462207E-0003  -0.744319764338611083570E-0006   0.136300474490228626934E+0002   0.130573064453594917672E-0001  -0.249999999999999964473E+0002  -0.832271643470434363543E+0000
   0.178958333333336971904E+0001   0.187034763473423529256E-0001   0.130038854247436640350E-0003   0.756921589428731760724E-0003  -0.722053715297613456689E-0006   0.136301736694294515218E+0002   0.130034921629844594376E-0001  -0.250000000000000000000E+0002  -0.827525748760719603858E+0000
   0.179166666666670315600E+0001   0.187050329549336424861E-0001   0.130040336321603428645E-0003   0.737413578724230452631E-0003  -0.700671312611098942366E-0006   0.136302945980921403901E+0002   0.129522927109482540592E-0001  -0.249999999999999964473E+0002  -0.822810802916192796097E+0000
   0.179375000000003659295E+0001   0.187065495396332159839E-0001   0.130041774719434285752E-0003   0.718500606352340904712E-0003  -0.680129285613622950086E-0006   0.136304105503110974951E+0002   0.129035664213793654226E-0001  -0.250000000000000000000E+0002  -0.818126739062735475194E+0000
   0.179583333333337002991E+0001   0.187080273222041890135E-0001   0.130043171149622457158E-0003   0.700164429513560433380E-0003  -0.660386855012256592658E-0006   0.136305218238288556876E+0002   0.128571796352613242770E-0001  -0.250000000000000000000E+0002  -0.813473479824981193786E+0000
   0.179791666666670346686E+0001   0.187094674858029261233E-0001   0.130044527238302391314E-0003   0.682387197168755508733E-0003  -0.641405572452841815228E-0006   0.136306286995864294198E+0002   0.128130062796921705137E-0001  -0.250000000000000000000E+0002  -0.808850937663562530311E+0000
   0.180000000000003690381E+0001   0.187108711768078500581E-0001   0.130045844533751761823E-0003   0.665151461534760389885E-0003  -0.623149170845478719488E-0006   0.136307314424797763053E+0002   0.127709274594664089902E-0001  -0.250000000000000000000E+0002  -0.804259015233939944522E+0000
   0.180208333333337034077E+0001   0.187122395056696158577E-0001   0.130047124510792731951E-0003   0.648440187153539538203E-0003  -0.605583424795681449006E-0006   0.136308303021113506048E+0002   0.127308310639912478091E-0001  -0.250000000000000000000E+0002  -0.799697605762478724856E+0000
   0.180416666666670377772E+0001   0.187135735477778168689E-0001   0.130048368574911760252E-0003   0.632236757705931305511E-0003  -0.588676020509004137123E-0006   0.136309255135306255369E+0002   0.126926113901864191097E-0001  -0.249999999999999964473E+0002  -0.795166593435811308588E+0000
   0.180625000000003721468E+0001   0.187148743443397054531E-0001   0.130049578066117733997E-0003   0.616524980756812915512E-0003  -0.572396434550590048923E-0006   0.136310172979604828924E+0002   0.126561687817502693115E-0001  -0.250000000000000000000E+0002  -0.790665853799892515141E+0000
   0.180833333333337065163E+0001   0.187161429032667789296E-0001   0.130050754262555994488E-0003   0.601289090605338304683E-0003  -0.556715820882319177654E-0006   0.136311058635056063792E+0002   0.126214092849549087277E-0001  -0.250000000000000000000E+0002  -0.786195254165502399601E+0000
   0.181041666666670408858E+0001   0.187173802000654976307E-0001   0.130051898383894679913E-0003   0.586513749415911041750E-0003  -0.541606905616573268492E-0006   0.136311914058404664019E+0002   0.125882443209135719275E-0001  -0.250000000000000000000E+0002  -0.781754654017288164169E+0000
   0.181250000000003752554E+0001   0.187185871787286933765E-0001   0.130053011594499540356E-0003   0.572184046796839619435E-0003  -0.527043888961768597560E-0006   0.136312741088748730078E+0002   0.125565903741831370183E-0001  -0.250000000000000000000E+0002  -0.777343905423768966045E+0000
   0.181458333333337096249E+0001   0.187197647526246291338E-0001   0.130054095006411156964E-0003   0.558285497988094173670E-0003  -0.513002353861320235914E-0006   0.136313541453957718375E+0002   0.125263686972953963011E-0001  -0.250000000000000000000E+0002  -0.772962853446009900971E+0000
   0.181666666666670439945E+0001   0.187209138053809585889E-0001   0.130055149682138117793E-0003   0.544804040808875129041E-0003  -0.499459180858476988049E-0006   0.136314316776838353462E+0002   0.124975050309597233988E-0001  -0.250000000000000000000E+0002  -0.768611336542971312902E+0000
   0.181875000000003783640E+0001   0.187220351917611570192E-0001   0.130056176637278998135E-0003   0.531726031512237532796E-0003  -0.486392468750679887951E-0006   0.136315068581050642393E+0002   0.124699293393790901913E-0001  -0.250000000000000000000E+0002  -0.764289186971792489089E+0000
   0.182083333333337127335E+0001   0.187231297385312793480E-0001   0.130057176842984475226E-0003   0.519038239676664135518E-0003  -0.473781460623389991364E-0006   0.136315798296760153363E+0002   0.124435755601473903992E-0001  -0.250000000000000000000E+0002  -0.759996231181507719832E+0000
   0.182291666666670471031E+0001   0.187241982453151892263E-0001   0.130058151228270256743E-0003   0.506727842263215446338E-0003  -0.461606474874603482440E-0006   0.136316507266035049639E+0002   0.124183813681951488866E-0001  -0.250000000000000000000E+0002  -0.755732290198928513547E+0000
   0.182500000000003814726E+0001   0.187252414854366250330E-0001   0.130059100682191231425E-0003   0.494782416952679773674E-0003  -0.449848840882973874335E-0006   0.136317196747985622807E+0002   0.123942879532239966234E-0001  -0.250000000000000000000E+0002  -0.751497180005607834374E+0000
   0.182708333333337158422E+0001   0.187262602067467254230E-0001   0.130060026055886165941E-0003   0.483189934870455976151E-0003  -0.438490838978399525374E-0006   0.136317867923652347173E+0002   0.123712398100718178051E-0001  -0.250000000000000000000E+0002  -0.747290711905004845228E+0000
   0.182916666666670502117E+0001   0.187272551324358278724E-0001   0.130060928164501187973E-0003   0.471938752794898066633E-0003  -0.427515644416613294532E-0006   0.136318521900643272460E+0002   0.123491845412268836518E-0001  -0.250000000000000000000E+0002  -0.743112692879122627154E+0000
   0.183125000000003845813E+0001   0.187282269618285895918E-0001   0.130061807789000403839E-0003   0.461017604940201211269E-0003  -0.416907275056954820156E-0006   0.136319159717532265574E+0002   0.123280726710802476104E-0001  -0.250000000000000000000E+0002  -0.738962925934047332177E+0000
   0.183333333333337189508E+0001   0.187291763711615912025E-0001   0.130062665677871023250E-0003   0.450415594394245753958E-0003  -0.406650542491749860356E-0006   0.136319782348022009444E+0002   0.123078574712859410006E-0001  -0.250000000000000000000E+0002  -0.734841210433943903269E+0000
   0.183541666666670533203E+0001   0.187301040143428090823E-0001   0.130063502548730092721E-0003   0.440122184284591098577E-0003  -0.396731006373220056914E-0006   0.136320390704880871624E+0002   0.122884947965931547870E-0001  -0.250000000000000000000E+0002  -0.730747342423191059702E+0000
   0.183750000000003876899E+0001   0.187310105236924567818E-0001   0.130064319089839126008E-0003   0.430127188738312884932E-0003  -0.387134931710493188187E-0006   0.136320985643661067854E+0002   0.122699429306146051699E-0001  -0.250000000000000000000E+0002  -0.726681114936437388963E+0000
   0.183958333333337220594E+0001   0.187318965106648173402E-0001   0.130065115961532215202E-0003   0.420420763696207797858E-0003  -0.377849248927043875112E-0006   0.136321567966209737932E+0002   0.122521624409896202901E-0001  -0.249999999999999964473E+0002  -0.722642318296455421489E+0000
   0.184166666666670564290E+0001   0.187327625665508271102E-0001   0.130065893797564073511E-0003   0.410993397631396952408E-0003  -0.368861516481199499094E-0006   0.136322138423976131349E+0002   0.122351160434177892028E-0001  -0.250000000000000000000E+0002  -0.718630740399750389535E+0000
   0.184375000000003907985E+0001   0.187336092631612653736E-0001   0.130066653206382454918E-0003   0.401835902222312448418E-0003  -0.360159885868723366712E-0006   0.136322697721129681980E+0002   0.122187684740582454268E-0001  -0.250000000000000000000E+0002  -0.714646166989953757209E+0000
   0.184583333333337251680E+0001   0.187344371534904907683E-0001   0.130067394772329612829E-0003   0.392939403019792478887E-0003  -0.351733068841488427324E-0006   0.136323246517495331176E+0002   0.122030863697467680667E-0001  -0.250000000000000000000E+0002  -0.710688381919090339522E+0000
   0.184791666666670595376E+0001   0.187352467723607626904E-0001   0.130068119056778164471E-0003   0.384295330144837621583E-0003  -0.343570306684204942064E-0006   0.136323785431314448147E+0002   0.121880381556733387999E-0001  -0.250000000000000000000E+0002  -0.706757167396860230824E+0000
   0.185000000000003939071E+0001   0.187360386370472274675E-0001   0.130068826599204505259E-0003   0.375895409049488134299E-0003  -0.335661341408052957424E-0006   0.136324315041841632734E+0002   0.121735939399975588715E-0001  -0.250000000000000000000E+0002  -0.702852304228125945862E+0000
   0.185208333333337282767E+0001   0.187368132478837497168E-0001   0.130069517918204001494E-0003   0.367731651367902046164E-0003  -0.327996388728283797444E-0006   0.136324835891784008624E+0002   0.121597254150023655062E-0001  -0.249999999999999964473E+0002  -0.698973572038823265373E+0000
   0.185416666666670626462E+0001   0.187375710888497901130E-0001   0.130070193512452027176E-0003   0.359796345882148831900E-0003  -0.320566112698543461841E-0006   0.136325348489593647372E+0002   0.121464057643342962511E-0001  -0.250000000000000000000E+0002  -0.695120749490559242112E+0000
   0.185625000000003970158E+0001   0.187383126281386001855E-0001   0.130070853861613121728E-0003   0.352082049623294928917E-0003  -0.313361601901362678431E-0006   0.136325853311620779351E+0002   0.121336095761863001219E-0001  -0.250000000000000000000E+0002  -0.691293614484171481394E+0000
   0.185833333333337313853E+0001   0.187390383187070186377E-0001   0.130071499427202605468E-0003   0.344581579123632295632E-0003  -0.306374347064816392934E-0006   0.136326350804131948280E+0002   0.121213127616572949319E-0001  -0.250000000000000000000E+0002  -0.687491944352556449971E+0000
   0.186250000000003979039E+0001   0.187404589840400107037E-0001   0.130072761349273079493E-0003   0.337333100502712100125E-0003  -0.299341661824381667406E-0006   0.136326975189128045685E+0002   0.120978753882470969200E-0001  -0.250000000000000000000E+0002  -0.679977039807692529294E+0000
   0.186666666666670644226E+0001   0.187418354060666612904E-0001   0.130073981679919184300E-0003   0.323351648608406663354E-0003  -0.286404000492111506095E-0006   0.136327904206967378542E+0002   0.120759844167192698788E-0001  -0.250000000000000000000E+0002  -0.672560419073668147583E+0000
   0.187083333333337309412E+0001   0.187431551311951875849E-0001   0.130075149696576753029E-0003   0.310118549345151360043E-0003  -0.274221826275728900807E-0006   0.136328812102757783720E+0002   0.120557184682484382771E-0001  -0.250000000000000000000E+0002  -0.665240359656227853158E+0000
   0.187500000000003974598E+0001   0.187444211796572689221E-0001   0.130076268387824625378E-0003   0.297586786151502477940E-0003  -0.262730396662798177139E-0006   0.136329701177290338876E+0002   0.120369357671382889996E-0001  -0.250000000000000000000E+0002  -0.658015140608561033275E+0000
   0.187916666666670639785E+0001   0.187456363824969815535E-0001   0.130077340531920243160E-0003   0.285712572143761002821E-0003  -0.251881459192049316810E-0006   0.136330573447942526855E+0002   0.120195083853199199964E-0001  -0.250000000000000000000E+0002  -0.650883046810169063612E+0000
   0.188333333333337304971E+0001   0.187468033945643701432E-0001   0.130078368714257365264E-0003   0.274455126257067139051E-0003  -0.241630736300202502304E-0006   0.136331430683192049713E+0002   0.120033207352294463838E-0001  -0.249999999999999964473E+0002  -0.643842372729587109070E+0000
   0.188750000000003970158E+0001   0.187479247066033305469E-0001   0.130079355343157851768E-0003   0.263776462652494619703E-0003  -0.231937548952685110701E-0006   0.136332274432897708749E+0002   0.119882682421042757043E-0001  -0.250000000000000000000E+0002  -0.636891425714803172120E+0000
   0.189166666666670635344E+0001   0.187490026564888327687E-0001   0.130080302664176790037E-0003   0.253641193218557886233E-0003  -0.222764480636965563155E-0006   0.136333106054916690653E+0002   0.119742561731948863463E-0001  -0.249999999999999964473E+0002  -0.630028528853360580975E+0000
   0.189791666666670644226E+0001   0.187505579706136182860E-0001   0.130081667569587435592E-0003   0.244058132520131031455E-0003  -0.213994534674206655985E-0006   0.136334098037881261689E+0002   0.119547924363465236930E-0001  -0.250000000000000000000E+0002  -0.619908322477667361738E+0000
   0.190416666666670653107E+0001   0.187520410152816792426E-0001   0.130082967022768995324E-0003   0.230519415195146296126E-0003  -0.201816693176716653804E-0006   0.136335283429249365383E+0002   0.119370634251142835464E-0001  -0.250000000000000000000E+0002  -0.609975806205473869426E+0000
   0.191041666666670661989E+0001   0.187534425147778925635E-0001   0.130084193282989314579E-0003   0.217963341885615683770E-0003  -0.190568224143268722487E-0006   0.136336451532085245475E+0002   0.119210472049337198874E-0001  -0.250000000000000000000E+0002  -0.600225697200130081654E+0000
   0.191666666666670670871E+0001   0.187547683439172573061E-0001   0.130085351842636458980E-0003   0.206304586732278114536E-0003  -0.180155404945740076165E-0006   0.136337604559377130187E+0002   0.119065431149169478203E-0001  -0.249999999999999964473E+0002  -0.590652827041873607072E+0000
   0.192291666666670679753E+0001   0.187560238703597878529E-0001   0.130086447687519665781E-0003   0.195466188564354386055E-0003  -0.170501910354154869409E-0006   0.136338744307848465098E+0002   0.118933764407641567179E-0001  -0.250000000000000000000E+0002  -0.581252150354584662395E+0000
   0.193125000000004010126E+0001   0.187576108815949611774E-0001   0.130087831145757120907E-0003   0.185416898131661803117E-0003  -0.161517032248377310708E-0006   0.136340078469234384784E+0002   0.118774711766605461233E-0001  -0.250000000000000000000E+0002  -0.568989007288640546989E+0000
   0.193958333333337340498E+0001   0.187591044070147573708E-0001   0.130089131447984991327E-0003   0.173032329164556661176E-0003  -0.150543873976215309023E-0006   0.136341542577354193355E+0002   0.118632445820643691453E-0001  -0.250000000000000000000E+0002  -0.557010652592500599134E+0000
   0.194791666666670670871E+0001   0.187604992702912649893E-0001   0.130090344467700751944E-0003   0.161737478514156535116E-0003  -0.140567240243423042600E-0006   0.136342991707246543598E+0002   0.118505998612888976962E-0001  -0.250000000000000000000E+0002  -0.545306389695520254968E+0000
   0.195625000000004001244E+0001   0.187618040697283550156E-0001   0.130091478009916627391E-0003   0.151416573240573527730E-0003  -0.131471918552345732640E-0006   0.136344427242837369363E+0002   0.118393107576719742308E-0001  -0.250000000000000000000E+0002  -0.533865938250562721556E+0000
   0.196666666666670675312E+0001   0.187633322833640932281E-0001   0.130092804284622951764E-0003   0.142001185775747729113E-0003  -0.123163961829906411972E-0006   0.136346084491873700273E+0002   0.118266911969220241130E-0001  -0.250000000000000000000E+0002  -0.519931608178276105647E+0000
   0.197708333333337349380E+0001   0.187647556331379007644E-0001   0.130094038296663669710E-0003   0.131284253435991064059E-0003  -0.113758198130252235573E-0006   0.136347826479209519590E+0002   0.118154989746651773591E-0001  -0.250000000000000000000E+0002  -0.506374421939960295269E+0000
   0.198958333333337344939E+0001   0.187663365772801626896E-0001   0.130095407583686196312E-0003   0.121667669223948662991E-0003  -0.105318919058337265686E-0006   0.136349796479032239205E+0002   0.118036472767707196346E-0001  -0.250000000000000000000E+0002  -0.490589416991972893101E+0000
   0.200208333333337362703E+0001   0.187677927723357701462E-0001   0.130096667618757216075E-0003   0.111325460562256933717E-0003  -0.962793291508877099950E-0007   0.136351827045872902033E+0002   0.117932292744540329760E-0001  -0.249999999999999964473E+0002  -0.475293339041003459755E+0000
   0.201666666666670701957E+0001   0.187693495288697997925E-0001   0.130098013444185259084E-0003   0.102173174875403423106E-0003  -0.882836852781772868873E-0007   0.136354089619965570535E+0002   0.117825520939761740208E-0001  -0.249999999999999964473E+0002  -0.458040493950764571185E+0000
   0.203125000000004041212E+0001   0.187707706619040307072E-0001   0.130099240959514713453E-0003   0.927263275390783448882E-0004  -0.800556892705498101146E-0007   0.136356388335388665212E+0002   0.117731616012910506736E-0001  -0.250000000000000000000E+0002  -0.441378124279990458056E+0000
   0.204791666666670701957E+0001   0.187722472050387174936E-0001   0.130100515293272425352E-0003   0.844589606412371679892E-0004  -0.728591425038543091725E-0007   0.136358918031461016085E+0002   0.117636828991736219763E-0001  -0.250000000000000000000E+0002  -0.423021533791297255078E+0000
   0.206666666666670684194E+0001   0.187737534099455989633E-0001   0.130101814157556944142E-0003   0.762027891059201197303E-0004  -0.656828113948718269868E-0007   0.136361719464175230598E+0002   0.117542125009523334284E-0001  -0.250000000000000000000E+0002  -0.403183781600064627959E+0000
   0.208750000000004032330E+0001   0.187752574780257162901E-0001   0.130103110116102770738E-0003   0.681873388652255555970E-0004  -0.587261778406580973023E-0007   0.136364775663218882329E+0002   0.117448455000487578942E-0001  -0.250000000000000000000E+0002  -0.382075521695156516966E+0000
   0.211041666666670701957E+0001   0.187767329992274342731E-0001   0.130104380445832579129E-0003   0.605846768889253372691E-0004  -0.521366701078700491214E-0007   0.136368067759436737418E+0002   0.117356111217200177049E-0001  -0.250000000000000000000E+0002  -0.359900031146644483471E+0000
   0.213541666666670693076E+0001   0.187781592150280257636E-0001   0.130105607340498953105E-0003   0.535115178873285244937E-0004  -0.460134183669302761775E-0007   0.136371575137982574688E+0002   0.117264892562127728826E-0001  -0.250000000000000000000E+0002  -0.336849337480896182662E+0000
   0.216041666666670684194E+0001   0.187794159173968085164E-0001   0.130106687581848720625E-0003   0.470237728345487644905E-0004  -0.404051729257824990755E-0007   0.136375022030700279174E+0002   0.117181223521382153752E-0001  -0.250000000000000000000E+0002  -0.314880464664610060233E+0000
   0.218750000000003996803E+0001   0.187806158815509161020E-0001   0.130107718287212443739E-0003   0.415875834720872214348E-0004  -0.357081250369997305668E-0007   0.136378633471893593310E+0002   0.117096749865470625696E-0001  -0.250000000000000000000E+0002  -0.292201025765201904960E+0000
   0.221458333333337309412E+0001   0.187816750490321857092E-0001   0.130108627395750025765E-0003   0.366266889613995933091E-0004  -0.314264562152106432533E-0007   0.136382162419290153821E+0002   0.117016937485906417221E-0001  -0.250000000000000000000E+0002  -0.270580950322632574068E+0000
   0.224375000000003987921E+0001   0.187826825769763505747E-0001   0.130109491560656271702E-0003   0.324595267268887514400E-0004  -0.278310547082232957202E-0007   0.136385834450153211606E+0002   0.116934823230731878285E-0001  -0.250000000000000000000E+0002  -0.248383423207216180728E+0000
   0.227291666666670666430E+0001   0.187835740401965760327E-0001   0.130110255629623276438E-0003   0.286681817997424463577E-0004  -0.245630817161906286961E-0007   0.136389407634768566879E+0002   0.116855685564073007859E-0001  -0.249999999999999964473E+0002  -0.227210800346104635494E+0000
   0.230416666666670666430E+0001   0.187844200105783815102E-0001   0.130110980187248112191E-0003   0.254726209537129170881E-0004  -0.218093787419128977532E-0007   0.136393103448610801820E+0002   0.116773432209032641815E-0001  -0.249999999999999964473E+0002  -0.205567736853666360730E+0000
   0.233750000000003987921E+0001   0.187852208197318050475E-0001   0.130111665555104709640E-0003   0.225746355995453747590E-0004  -0.193136059320685699785E-0007   0.136396913781685960032E+0002   0.116687989245391650350E-0001  -0.249999999999999964473E+0002  -0.183565484116775229362E+0000
   0.237083333333337309412E+0001   0.187859297917747115891E-0001   0.130112271869359046820E-0003   0.199625998342651333009E-0004  -0.170661904839701975357E-0007   0.136400602559574988248E+0002   0.116604482782403755248E-0001  -0.249999999999999964473E+0002  -0.162581319374547894618E+0000
   0.240625000000003996803E+0001   0.187865977820255922182E-0001   0.130112842702754139424E-0003   0.177581182066672989522E-0004  -0.151699200762869607826E-0007   0.136404379458035549533E+0002   0.116517568928323923122E-0001  -0.250000000000000000000E+0002  -0.141305836816006530343E+0000
   0.244375000000004005685E+0001   0.187872264883826960158E-0001   0.130113379543391079456E-0003   0.157718518984194646174E-0004  -0.134623981804963512958E-0007   0.136408235109600610713E+0002   0.116427389163803705896E-0001  -0.249999999999999964473E+0002  -0.119824044219296640956E+0000
   0.248333333333337336057E+0001   0.187878155842300317846E-0001   0.130113882151275590295E-0003   0.139920155640804428856E-0004  -0.119333117008686522872E-0007   0.136412154353396335438E+0002   0.116334088770974758420E-0001  -0.250000000000000000000E+0002  -0.982114553044847599095E-0001
   0.252291666666670666430E+0001   0.187883379806663176892E-0001   0.130114327485779618463E-0003   0.124019388444217915833E-0004  -0.105685402547924314166E-0007   0.136415932464170914784E+0002   0.116242562353101770711E-0001  -0.249999999999999964473E+0002  -0.775925030915603775039E-0001
   0.256458333333337318294E+0001   0.187888267067255580745E-0001   0.130114743771586984563E-0003   0.110561468951247555400E-0004  -0.941379900951935288589E-0008   0.136419758510635027449E+0002   0.116148064066625682916E-0001  -0.250000000000000000000E+0002  -0.568693653957439773650E-0001
   0.260833333333337336057E+0001   0.187892840632965692216E-0001   0.130115133005468655483E-0003   0.985087467000954077848E-0005  -0.838032599417081119552E-0008   0.136423624261417906212E+0002   0.116050877924028222193E-0001  -0.250000000000000000000E+0002  -0.360989042151366179567E-0001
   0.265416666666670675312E+0001   0.187897109178151097697E-0001   0.130115495962424053498E-0003   0.877485573803878711897E-0005  -0.745832496255062601453E-0008   0.136427518812145365246E+0002   0.115951244601281040769E-0001  -0.250000000000000000000E+0002  -0.153309572209569724283E-0001
   0.270208333333337336057E+0001   0.187901084363717441050E-0001   0.130115833671728910095E-0003   0.781663273859165908582E-0005  -0.663784928244418127834E-0008   0.136431432349595525011E+0002   0.115849414901415485174E-0001  -0.249999999999999964473E+0002   0.539111000033035397266E-0002
   0.275208333333337318294E+0001   0.187904779895225540476E-0001   0.130116147335764193501E-0003   0.696495910774157164373E-0005  -0.590914665294885729418E-0008   0.136435356117154533706E+0002   0.115745644749674116147E-0001  -0.250000000000000000000E+0002   0.260298359993670139212E-0001
   0.280416666666670666430E+0001   0.187908210758337135271E-0001   0.130116438264212788863E-0003   0.620907440068202317170E-0005  -0.526289522780443160472E-0008   0.136439282363964995426E+0002   0.115640190539590126395E-0001  -0.249999999999999964473E+0002   0.465530994869484543441E-0001
   0.285833333333337336057E+0001   0.187911392612627597964E-0001   0.130116707821966131730E-0003   0.553887970213675249819E-0005  -0.469035354242715770234E-0008   0.136443204282788386195E+0002   0.115533305026195177306E-0001  -0.250000000000000000000E+0002   0.669335735954874611053E-0001
   0.291458333333337327176E+0001   0.187914341322370156973E-0001   0.130116957388878677626E-0003   0.494503669692709726144E-0005  -0.418344463255448999395E-0008   0.136447115940915324472E+0002   0.115425233868882339688E-0001  -0.249999999999999964473E+0002   0.871482081616971188121E-0001
   0.297291666666670639785E+0001   0.187917072602737447728E-0001   0.130117188329495784768E-0003   0.441901035184969890235E-0005  -0.373479158934626916736E-0008   0.136451012207678452626E+0002   0.115316212851500326381E-0001  -0.250000000000000000000E+0002   0.107177746216136779434E+0000
   0.303541666666670639785E+0001   0.187919689140992919596E-0001   0.130117409348502754713E-0003   0.395358640633059670798E-0005  -0.333805654772693630340E-0008   0.136455018943499659656E+0002   0.115202784259134383138E-0001  -0.249999999999999964473E+0002   0.127673940692400234020E+0000
   0.310000000000003961276E+0001   0.187922105025858827976E-0001   0.130117613211462633885E-0003   0.352757675857777523417E-0005  -0.297534301253715831156E-0008   0.136458992667121510323E+0002   0.115089096059380561338E-0001  -0.250000000000000000000E+0002   0.147897160215039513709E+0000
   0.316666666666670648667E+0001   0.187924331737344546545E-0001   0.130117800919991367416E-0003   0.315230573736489102994E-0005  -0.265610949660455519825E-0008   0.136462929974593638605E+0002   0.114975293201840609442E-0001  -0.250000000000000000000E+0002   0.167841883533418001484E+0000
   0.323750000000003979039E+0001   0.187926447611946184635E-0001   0.130117979100867128817E-0003   0.282169373553029287073E-0005  -0.237505094701975001540E-0008   0.136466944286011884202E+0002   0.114858203885805695149E-0001  -0.250000000000000000000E+0002   0.188086495301330952623E+0000
   0.331041666666670630903E+0001   0.187928395644985854473E-0001   0.130118142976038970570E-0003   0.252127767879621692907E-0005  -0.211996761892754939331E-0008   0.136470910207031543848E+0002   0.114741586984470605309E-0001  -0.249999999999999964473E+0002   0.207996063759191052167E+0000
   0.338750000000003970158E+0001   0.187930237470174364700E-0001   0.130118297752908459921E-0003   0.225732331794155097952E-0005  -0.189600104197331725970E-0008   0.136474932947787586102E+0002   0.114622407866099024903E-0001  -0.250000000000000000000E+0002   0.228105633272870228501E+0000
   0.346666666666670630903E+0001   0.187931930072554598254E-0001   0.130118439838560460454E-0003   0.201856089257079522470E-0005  -0.169365484741358193203E-0008   0.136478898125243031103E+0002   0.114504160444274267344E-0001  -0.250000000000000000000E+0002   0.247842184023024214579E+0000
   0.355000000000003979039E+0001   0.187933524954711390909E-0001   0.130118573577772331240E-0003   0.180900660606414495204E-0005  -0.151619327563743915564E-0008   0.136482903976372078603E+0002   0.114383985801532021831E-0001  -0.250000000000000000000E+0002   0.267700354034353882327E+0000
   0.363750000000003970158E+0001   0.187935025257692789324E-0001   0.130118699249416049871E-0003   0.162012142549305095561E-0005  -0.135639777292465730377E-0008   0.136486940137578560694E+0002   0.114262302597816518129E-0001  -0.249999999999999964473E+0002   0.287626122965539687826E+0000
   0.372916666666670648667E+0001   0.187936432647236445481E-0001   0.130118817008692229994E-0003   0.145042394631362491473E-0005  -0.121298228747168745655E-0008   0.136490996978068999113E+0002   0.114139465117002614908E-0001  -0.250000000000000000000E+0002   0.307571895778065651506E+0000
   0.382500000000003970158E+0001   0.187937749829299831361E-0001   0.130118927097896475761E-0003   0.129836748683570889563E-0005  -0.108460924684606766078E-0008   0.136495065986205066366E+0002   0.114015799181025351966E-0001  -0.250000000000000000000E+0002   0.327496011031285116921E+0000
   0.392500000000003979039E+0001   0.187938980263558617911E-0001   0.130119029821984392211E-0003   0.116240236210206934749E-0005  -0.969941786682178123072E-0009   0.136499139687646557917E+0002   0.113891601841955344282E-0001  -0.250000000000000000000E+0002   0.347362235518076434282E+0000
   0.402916666666670675312E+0001   0.187940127925448376145E-0001   0.130119125528328988609E-0003   0.104102046841045161651E-0005  -0.867681556921450654171E-0009   0.136503211560079034115E+0002   0.113767141627140206533E-0001  -0.249999999999999964473E+0002   0.367139262186740311655E+0000
   0.413750000000004014566E+0001   0.187941197112756128162E-0001   0.130119214590315615369E-0003   0.932785523569451451571E-0006  -0.776594218124906336070E-0009   0.136507275947623476497E+0002   0.113642659250490791339E-0001  -0.249999999999999964473E+0002   0.386800223629043760099E+0000
   0.425000000000003996803E+0001   0.187942192291711586416E-0001   0.130119297394330616421E-0003   0.836352043478140299155E-0006  -0.695525293627598388475E-0009   0.136511327977205176865E+0002   0.113518368683055252688E-0001  -0.250000000000000000000E+0002   0.406322229577454174798E+0000
   0.436875000000004032330E+0001   0.187943134539992201537E-0001   0.130119375705478384705E-0003   0.750528680653189577066E-0006  -0.623441748572326804278E-0009   0.136515434019745214300E+0002   0.113392313969813522678E-0001  -0.250000000000000000000E+0002   0.426023951883874707480E+0000
   0.449166666666670710839E+0001   0.187944009327751931915E-0001   0.130119448327221313814E-0003   0.672798612461291797491E-0006  -0.558238747485092531839E-0009   0.136519514535994161974E+0002   0.113266992175195570225E-0001  -0.250000000000000000000E+0002   0.445521877978091451755E+0000
   0.462083333333337353821E+0001   0.187944833862337228048E-0001   0.130119516699009633767E-0003   0.603849009654669702731E-0006  -0.500455143588547733812E-0009   0.136523631863536607511E+0002   0.113140534492330493282E-0001  -0.250000000000000000000E+0002   0.465113960726008746072E+0000
   0.475416666666670728603E+0001   0.187945597559996437076E-0001   0.130119579953783773719E-0003   0.541652679221291605811E-0006  -0.448397067904377725275E-0009   0.136527713863049342535E+0002   0.113015205279416008216E-0001  -0.249999999999999964473E+0002   0.484455714371813617181E+0000
   0.489375000000004067857E+0001   0.187946315205164901641E-0001   0.130119639326313181818E-0003   0.486574539011057376263E-0006  -0.402340600410300519290E-0009   0.136531819174632289560E+0002   0.112889243621490751451E-0001  -0.250000000000000000000E+0002   0.503825305952642632512E+0000
   0.503958333333337371585E+0001   0.187946988696103996219E-0001   0.130119694981964005489E-0003   0.437033746326590837065E-0006  -0.360960929138687918967E-0009   0.136535939922597773233E+0002   0.112762951341256641158E-0001  -0.249999999999999964473E+0002   0.523183304690765238476E+0000
   0.519166666666670728603E+0001   0.187947619562775537772E-0001   0.130119747055300696327E-0003   0.392566475859738916640E-0006  -0.323860658946647735110E-0009   0.136540069099927059426E+0002   0.112636576350325697676E-0001  -0.250000000000000000000E+0002   0.542495251699095959452E+0000
   0.535000000000004050094E+0001   0.187948209602729551793E-0001   0.130119795702637235189E-0003   0.352717958599934803942E-0006  -0.290651260076278980019E-0009   0.136544200573966332257E+0002   0.112510335733250425166E-0001  -0.250000000000000000000E+0002   0.561731215654033722018E+0000
   0.551666666666670746366E+0001   0.187948767780175760023E-0001   0.130119841669726853377E-0003   0.317068282305069644080E-0006  -0.260970963591235561183E-0009   0.136548380188814739711E+0002   0.112382874005073785800E-0001  -0.250000000000000000000E+0002   0.581102227604952448203E+0000
   0.568958333333337407112E+0001   0.187949288163315776645E-0001   0.130119884474622115374E-0003   0.284796977913887671305E-0006  -0.234137396768635871988E-0009   0.136552548218890095200E+0002   0.112256036283807057730E-0001  -0.250000000000000000000E+0002   0.600328931539713894772E+0000
   0.587083333333337442639E+0001   0.187949778308158094164E-0001   0.130119924745325174498E-0003   0.256031037497435133134E-0006  -0.210242815706231134720E-0009   0.136556748238878551405E+0002   0.112128514203710463737E-0001  -0.250000000000000000000E+0002   0.619610826607192355375E+0000
   0.606041666666670764130E+0001   0.187950239140959977913E-0001   0.130119962563464690742E-0003   0.230102881069635793849E-0006  -0.188730263610262507625E-0009   0.136560971696191728597E+0002   0.112000601072120582052E-0001  -0.250000000000000000000E+0002   0.638905542650941904448E+0000
   0.625833333333337460402E+0001   0.187950671498586727171E-0001   0.130119998003177487090E-0003   0.206788475774311239022E-0006  -0.169408607134544923727E-0009   0.136565211013167271403E+0002   0.111872538643364039662E-0001  -0.250000000000000000000E+0002   0.658175900546510650457E+0000
   0.646458333333337442639E+0001   0.187951076437621461546E-0001   0.130120031156434265429E-0003   0.185864093312421428002E-0006  -0.152087610979649585249E-0009   0.136569459527323040504E+0002   0.111744536027184974969E-0001  -0.249999999999999964473E+0002   0.677389470553132921893E+0000
   0.667916666666670799657E+0001   0.187951455166679957942E-0001   0.130120062127391943226E-0003   0.167112176453118208160E-0006  -0.136582769590691042886E-0009   0.136573711409609348522E+0002   0.111616772296927891511E-0001  -0.250000000000000000000E+0002   0.696518136827914524645E+0000
   0.690208333333337442639E+0001   0.187951808991079806488E-0001   0.130120091027793004235E-0003   0.150325345845275325984E-0006  -0.122718604575007997533E-0009   0.136577961584964686637E+0002   0.111489399137980216975E-0001  -0.250000000000000000000E+0002   0.715537677351040346529E+0000
   0.713541666666670781893E+0001   0.187952142250110247612E-0001   0.130120118216407862008E-0003   0.135314008533872815408E-0006  -0.110333840643498154297E-0009   0.136582243116074995015E+0002   0.111361435845139956219E-0001  -0.250000000000000000000E+0002   0.734593856890217278277E+0000
   0.737916666666670817420E+0001   0.187952455594386676208E-0001   0.130120143750101456819E-0003   0.121778846903172403692E-0006  -0.991798769993047679731E-0010   0.136586548012191677515E+0002   0.111233129258798048994E-0001  -0.250000000000000000000E+0002   0.753647845103148195101E+0000
   0.763333333333337460402E+0001   0.187952749650869346820E-0001   0.130120167683685575288E-0003   0.109600747423497228711E-0006  -0.891558171605626081457E-0010   0.136590869215819683546E+0002   0.111104681139298465398E-0001  -0.250000000000000000000E+0002   0.772665597868304354634E+0000
   0.789791666666670799657E+0001   0.187953025176001431440E-0001   0.130120190082366575524E-0003   0.986620525254763345256E-0007  -0.801623069894869009845E-0010   0.136595200512263321713E+0002   0.110976263538445918400E-0001  -0.249999999999999964473E+0002   0.791617441125586185358E+0000
   0.817500000000004156675E+0001   0.187953284971462443453E-0001   0.130120211177142187150E-0003   0.888520687073763541975E-0007  -0.721054501117899384991E-0010   0.136599568635874089040E+0002   0.110847079331512100159E-0001  -0.250000000000000000000E+0002   0.810617460187161853469E+0000
   0.846250000000004121148E+0001   0.187953527698762647147E-0001   0.130120230862476983849E-0003   0.799951061288609586222E-0007  -0.648402870687619443350E-0010   0.136603934265354300948E+0002   0.110718273120105452356E-0001  -0.250000000000000000000E+0002   0.829491889517899316786E+0000
   0.876250000000004192202E+0001   0.187953755812553732762E-0001   0.130120249340509293399E-0003   0.720748000162600854742E-0007  -0.583504103566915261975E-0010   0.136608323329946106384E+0002   0.110589057618940018318E-0001  -0.250000000000000000000E+0002   0.848350848795678680325E+0000
   0.907500000000004192202E+0001   0.187953969915219780418E-0001   0.130120266662765227735E-0003   0.649455535661842027470E-0007  -0.525154689812261391973E-0010   0.136612729144948836790E+0002   0.110459614265518320242E-0001  -0.250000000000000000000E+0002   0.867162921700308064743E+0000
   0.940208333333337442639E+0001   0.187954171872771885754E-0001   0.130120282982675657298E-0003   0.585395512291275929316E-0007  -0.472781632046455917143E-0010   0.136617173582054647341E+0002   0.110329282126078349890E-0001  -0.250000000000000000000E+0002   0.886018291545896397032E+0000
   0.974166666666670799657E+0001   0.187954360844704432276E-0001   0.130120298234723112164E-0003   0.527524602323892090716E-0007  -0.425526605704682002201E-0010   0.136621621717997090428E+0002   0.110199055915108385523E-0001  -0.250000000000000000000E+0002   0.904765842237665207648E+0000
   0.100958333333333740711E+0002   0.187954538502776227760E-0001   0.130120312556183091463E-0003   0.475681779188577409839E-0007  -0.383239850221443840215E-0010   0.136626094997565612488E+0002   0.110068275273826308991E-0001  -0.250000000000000000000E+0002   0.923493751234551019103E+0000
   0.104645833333333744264E+0002   0.187954705308194490454E-0001   0.130120325986354400290E-0003   0.428990307973995318445E-0007  -0.345198970114453356827E-0010   0.136630586841816974442E+0002   0.109937104795328165208E-0001  -0.250000000000000000000E+0002   0.942171765261772931055E+0000
   0.108500000000000405009E+0002   0.187954862563901210770E-0001   0.130120338632072314947E-0003   0.387007294700661419039E-0007  -0.311031753216007381085E-0010   0.136635115456860152250E+0002   0.109804982135378818159E-0001  -0.250000000000000000000E+0002   0.960872484321182440681E+0000
   0.112520833333333740711E+0002   0.187955010557445297004E-0001   0.130120350518229521003E-0003   0.349097468783098420094E-0007  -0.280215412640398141698E-0010   0.136639673178574803103E+0002   0.109672097408684537240E-0001  -0.250000000000000000000E+0002   0.979560664780869450041E+0000
   0.116708333333333733606E+0002   0.187955149593843039157E-0001   0.130120361671067234690E-0003   0.314930910098214152408E-0007  -0.252474287574198493476E-0010   0.136644253219835007940E+0002   0.109538607015121081112E-0001  -0.250000000000000000000E+0002   0.998205389582486390943E+0000
   0.121062500000000401457E+0002   0.187955280031244752192E-0001   0.130120372121019824141E-0003   0.284183981399174430278E-0007  -0.227538746096691400486E-0010   0.136648849560606322484E+0002   0.109404643482216550748E-0001  -0.250000000000000000000E+0002   0.101677968960306608359E+0001
   0.125604166666667076413E+0002   0.187955402827968132140E-0001   0.130120381946429678355E-0003   0.256551032653069783209E-0007  -0.205153541609749602661E-0010   0.136653477688186697492E+0002   0.109269715218905313914E-0001  -0.250000000000000000000E+0002   0.103534354388692739768E+0001
   0.130333333333333740711E+0002   0.187955518265710448678E-0001   0.130120391171277777296E-0003   0.231624702487080673615E-0007  -0.184984601243976149999E-0010   0.136658130731106712830E+0002   0.109133980214305304629E-0001  -0.250000000000000000000E+0002   0.105386640138949538859E+0001
   0.135250000000000412115E+0002   0.187955626632830517797E-0001   0.130120399820015319407E-0003   0.209173496444511808801E-0007  -0.166839664329806502631E-0010   0.136662802614358351860E+0002   0.108997568440997484596E-0001  -0.250000000000000000000E+0002   0.107232157850947373845E+0001
   0.140375000000000405009E+0002   0.187955728663186209804E-0001   0.130120407952514713368E-0003   0.188978162313980017710E-0007  -0.150536270404780435226E-0010   0.136667506695720746279E+0002   0.108860044854970014483E-0001  -0.250000000000000000000E+0002   0.109075928922199993920E+0001
   0.145708333333333737158E+0002   0.187955824595559366219E-0001   0.130120415589015682705E-0003   0.170754173358090008128E-0007  -0.135841676777130386473E-0010   0.136672236276461003257E+0002   0.108721558732990993684E-0001  -0.250000000000000000000E+0002   0.110915044162691978080E+0001
   0.151270833333333740711E+0002   0.187955915014446951761E-0001   0.130120422777172273926E-0003   0.154334680330904408287E-0007  -0.122617178198431479910E-0010   0.136677002926296129459E+0002   0.108581723085254544525E-0001  -0.250000000000000000000E+0002   0.112753706700552314146E+0001
   0.157041666666667065755E+0002   0.187955999801162863816E-0001   0.130120429508651038082E-0003   0.139499525117305863417E-0007  -0.110683470430565337569E-0010   0.136681782666993036912E+0002   0.108441191195613115261E-0001  -0.250000000000000000000E+0002   0.114582413604748833968E+0001
   0.163062500000000412115E+0002   0.187956079781252706484E-0001   0.130120435850025783272E-0003   0.126167859732493042651E-0007  -0.999710332116278848786E-0011   0.136686603655956364634E+0002   0.108299086906927279073E-0001  -0.250000000000000000000E+0002   0.116411699579344074529E+0001
   0.169312500000000412115E+0002   0.187956154870554045799E-0001   0.130120441795584661400E-0003   0.114108530719417291175E-0007  -0.902930058480375374381E-0011   0.136691442715057913659E+0002   0.108156044948663609268E-0001  -0.250000000000000000000E+0002   0.118232505872654591883E+0001
   0.175812500000000397904E+0002   0.187956225516515140761E-0001   0.130120447381696963292E-0003   0.103255176224589456181E-0007  -0.815929158693155018305E-0011   0.136696310210558973353E+0002   0.108011709979880226457E-0001  -0.249999999999999964473E+0002   0.120048529276764015528E+0001
   0.182583333333333719395E+0002   0.187956292116538796477E-0001   0.130120452640631418736E-0003   0.934633447861345093241E-0008  -0.737529353482160754603E-0011   0.136701214999338187539E+0002   0.107865772655084072446E-0001  -0.250000000000000000000E+0002   0.121862818583206733436E+0001
   0.189625000000000376588E+0002   0.187956354816043481881E-0001   0.130120457584666292077E-0003   0.846111167021734516950E-0008  -0.666739149964153633856E-0011   0.136706150340896073203E+0002   0.107718385027291887329E-0001  -0.250000000000000000000E+0002   0.123672603864696140086E+0001
   0.196937500000000369482E+0002   0.187956413768127252040E-0001   0.130120462226655342168E-0003   0.766190557671757302315E-0008  -0.602905961733638563493E-0011   0.136711110229327275079E+0002   0.107569679511522013626E-0001  -0.250000000000000000000E+0002   0.125475461563067236526E+0001
   0.204541666666667047991E+0002   0.187956469292458322462E-0001   0.130120466592507152016E-0003   0.694118316956271517683E-0008  -0.545410147349111714301E-0011   0.136716102703475339553E+0002   0.107419371051619486068E-0001  -0.250000000000000000000E+0002   0.127274110239510518383E+0001
   0.212437500000000376588E+0002   0.187956521529892874034E-0001   0.130120470693991820404E-0003   0.628994628984454628719E-0008  -0.493522135715437601450E-0011   0.136721121651115939954E+0002   0.107267601165395541629E-0001  -0.250000000000000000000E+0002   0.129066141856162497348E+0001
   0.220645833333333705184E+0002   0.187956570749472050286E-0001   0.130120474552890101616E-0003   0.570217300106747336688E-0008  -0.446747586676459982327E-0011   0.136726174203917967276E+0002   0.107114113341197254858E-0001  -0.250000000000000000000E+0002   0.130853903608824095883E+0001
   0.229166666666667033780E+0002   0.187956617074410033130E-0001   0.130120478179483268014E-0003   0.517073804733733008422E-0008  -0.404509797271273235598E-0011   0.136731254269552717773E+0002   0.106959053991100092734E-0001  -0.250000000000000000000E+0002   0.132635042957214999149E+0001
   0.238020833333333712289E+0002   0.187956660733871738778E-0001   0.130120481592300659985E-0003   0.469077882368078242100E-0008  -0.366410462028254085431E-0011   0.136736368211587553390E+0002   0.106802192520161851746E-0001  -0.250000000000000000000E+0002   0.134411604652805860560E+0001
   0.247208333333333705184E+0002   0.187956701837543767308E-0001   0.130120484800474837690E-0003   0.425661056347400746706E-0008  -0.331990301704002294117E-0011   0.136741510020851997353E+0002   0.106643679704903800165E-0001  -0.250000000000000000000E+0002   0.136181320848204179264E+0001
   0.256708333333333698079E+0002   0.187956740412857960243E-0001   0.130120487806707849782E-0003   0.386419446346793288730E-0008  -0.300921390696372953165E-0011   0.136746663240971617626E+0002   0.106483995922803335171E-0001  -0.250000000000000000000E+0002   0.137938437880323072626E+0001
   0.266520833333333690973E+0002   0.187956776596469969653E-0001   0.130120490622206280967E-0003   0.351052703404661602837E-0008  -0.272956601074160725284E-0011   0.136751824091024758445E+0002   0.106323239935690247449E-0001  -0.250000000000000000000E+0002   0.139681687798343312501E+0001
   0.276666666666667033780E+0002   0.187956810598222980035E-0001   0.130120493263818090904E-0003   0.319182233500630188164E-0008  -0.247788350139430454693E-0011   0.136756999590576917569E+0002   0.106161179260740260594E-0001  -0.249999999999999964473E+0002   0.141413484302832603845E+0001
   0.287145833333333690973E+0002   0.187956842538977500490E-0001   0.130120495741417162988E-0003   0.290399629516267834276E-0008  -0.225088418717783434735E-0011   0.136762185741760458058E+0002   0.105997928204555960652E-0001  -0.249999999999999964473E+0002   0.143132523916937248742E+0001
   0.297979166666667012464E+0002   0.187956872592352913776E-0001   0.130120498068923785753E-0003   0.264411096618176516836E-0008  -0.204618522579912862627E-0011   0.136767388814544315068E+0002   0.105833281425151606164E-0001  -0.250000000000000000000E+0002   0.144840917598480944939E+0001
   0.309166666666666998253E+0002   0.187956900859190360886E-0001   0.130120500254571390495E-0003   0.240899016023279867260E-0008  -0.186123879244069119390E-0011   0.136772604738868164276E+0002   0.105667362938486972951E-0001  -0.250000000000000000000E+0002   0.146537357359887510100E+0001
   0.320708333333333683868E+0002   0.187956927436579677992E-0001   0.130120502306273839923E-0003   0.219630791858975350132E-0008  -0.169416693887601564461E-0011   0.136777829884758901358E+0002   0.105500288450434322879E-0001  -0.250000000000000000000E+0002   0.148220722939292359754E+0001
   0.332625000000000383693E+0002   0.187956952463977679246E-0001   0.130120504235177979202E-0003   0.200394028329945018530E-0008  -0.154325280901991820068E-0011   0.136783069980608900096E+0002   0.105331878595757155725E-0001  -0.249999999999999964473E+0002   0.149892930318318895466E+0001
   0.344916666666667026675E+0002   0.187956976025239613781E-0001   0.130120506048103602628E-0003   0.182961685074364401924E-0008  -0.140668090901926815010E-0011   0.136788321296984278774E+0002   0.105162260258499923316E-0001  -0.250000000000000000000E+0002   0.151552855867423330594E+0001
   0.357604166666666998253E+0002   0.187956998237312489231E-0001   0.130120507754384498282E-0003   0.167166667654290861846E-0008  -0.128310293033680000637E-0011   0.136793588990401300265E+0002   0.104991277039777619606E-0001  -0.249999999999999964473E+0002   0.153202197008865659278E+0001
   0.370687500000000298428E+0002   0.187957019171197878271E-0001   0.130120509359789976976E-0003   0.152830246073627096540E-0008  -0.117109239425795531652E-0011   0.136798869310167727775E+0002   0.104819064195524405680E-0001  -0.250000000000000000000E+0002   0.154839845590991975754E+0001
   0.384166666666666998253E+0002   0.187957038895222479369E-0001   0.130120510869862642846E-0003   0.139818704472167903184E-0008  -0.106957527277071580737E-0011   0.136804158887428588542E+0002   0.104645750004058110672E-0001  -0.250000000000000000000E+0002   0.156464850904906049855E+0001
   0.398062500000000341061E+0002   0.187957057504388735936E-0001   0.130120512292160469235E-0003   0.128009854295640830300E-0008  -0.977568943174466712813E-0012   0.136809462479961769787E+0002   0.104471200308358172504E-0001  -0.250000000000000000000E+0002   0.158078779027867044604E+0001
   0.412395833333333641235E+0002   0.187957075083776542490E-0001   0.130120513633448606650E-0003   0.117275248107510421235E-0008  -0.894049185943466763936E-0012   0.136814784258819113205E+0002   0.104295301271499617907E-0001  -0.250000000000000000000E+0002   0.159682978993263069434E+0001
   0.427166666666666969832E+0002   0.187957091685138320825E-0001   0.130120514897923405390E-0003   0.107502558456268391781E-0008  -0.818122964534511447755E-0012   0.136820120495477031142E+0002   0.104118202888444887078E-0001  -0.250000000000000000000E+0002   0.161276399720572172214E+0001
   0.442375000000000326850E+0002   0.187957107358562303112E-0001   0.130120516089638534746E-0003   0.986064978808165768746E-0009  -0.749107795318440226525E-0012   0.136825467816803740817E+0002   0.103940048626741197296E-0001  -0.250000000000000000000E+0002   0.162858133887731737488E+0001
   0.458041666666667026675E+0002   0.187957122173111751406E-0001   0.130120517214070516732E-0003   0.905088305869494128595E-0009  -0.686376856724245659481E-0012   0.136830830152925138066E+0002   0.103760742315590522022E-0001  -0.250000000000000000000E+0002   0.164429456041246280229E+0001
   0.474187500000000383693E+0002   0.187957136191113580170E-0001   0.130120518276159030657E-0003   0.831274938233100695122E-0009  -0.629278329462701567366E-0012   0.136836210943341232138E+0002   0.103580205779196608123E-0001  -0.250000000000000000000E+0002   0.165991467922964086590E+0001
   0.490812500000000397904E+0002   0.187957149451478955360E-0001   0.130120519279050105965E-0003   0.763901946241508348682E-0009  -0.577239741893174531837E-0012   0.136841606559989568126E+0002   0.103398601112656800260E-0001  -0.250000000000000000000E+0002   0.167543206709027137080E+0001
   0.507937500000000383693E+0002   0.187957162007269182324E-0001   0.130120520226944538181E-0003   0.702417282876016125623E-0009  -0.529819811177539089710E-0012   0.136847020173574644986E+0002   0.103215865345443885692E-0001  -0.249999999999999964473E+0002   0.169085681951845900883E+0001
   0.525562500000000412115E+0002   0.187957173892676181193E-0001   0.130120521122601730257E-0003   0.646235218365532613436E-0009  -0.486555646681631900749E-0012   0.136852448231200742867E+0002   0.103032165672544070989E-0001  -0.250000000000000000000E+0002   0.170617984544841316819E+0001
   0.543708333333333726500E+0002   0.187957185153825798163E-0001   0.130120521969666715686E-0003   0.594905392898315967172E-0009  -0.447088002723716958539E-0012   0.136857893636137362137E+0002   0.102847454421505276473E-0001  -0.250000000000000000000E+0002   0.172141044810850396551E+0001
   0.562395833333333712289E+0002   0.187957195832791044976E-0001   0.130120522771462248865E-0003   0.547954975007305440744E-0009  -0.411043079424428639874E-0012   0.136863358905554264311E+0002   0.102661699350254514984E-0001  -0.250000000000000000000E+0002   0.173655667441379590876E+0001
   0.581625000000000369482E+0002   0.187957205956505203626E-0001   0.130120523530160799898E-0003   0.504963309612075083621E-0009  -0.378089380997071002737E-0012   0.136868840385435603935E+0002   0.102475081567634813268E-0001  -0.249999999999999964473E+0002   0.175160941770051059585E+0001
   0.601437500000000397904E+0002   0.187957215571538521770E-0001   0.130120524249393632911E-0003   0.465606472850785336610E-0009  -0.347968432215591681947E-0012   0.136874346109213860245E+0002   0.102287387100986962296E-0001  -0.249999999999999964473E+0002   0.176659170992534120259E+0001
   0.621833333333333726500E+0002   0.187957224700068571688E-0001   0.130120524930952283574E-0003   0.429499949999824586173E-0009  -0.320379580668007812289E-0012   0.136879872084900160445E+0002   0.102098814960371250815E-0001  -0.250000000000000000000E+0002   0.178149354176866103749E+0001
   0.642812500000000426326E+0002   0.187957233363534766124E-0001   0.130120525576566108562E-0003   0.396383514275113322941E-0009  -0.295116632913687285360E-0012   0.136885414655096493419E+0002   0.101909557281168027670E-0001  -0.250000000000000000000E+0002   0.179630611420459351812E+0001
   0.664416666666667055097E+0002   0.187957241599329520632E-0001   0.130120526189142992311E-0003   0.366017220242667718634E-0009  -0.271988685292018953126E-0012   0.136890980988398407447E+0002   0.101719438906710379217E-0001  -0.250000000000000000000E+0002   0.181104969044449948257E+0001
   0.686645833333333683868E+0002   0.187957249425765617057E-0001   0.130120526770159184501E-0003   0.338118195795026386036E-0009  -0.250775245292344893661E-0012   0.136896567122644601255E+0002   0.101528668228245688709E-0001  -0.250000000000000000000E+0002   0.182571479894943733413E+0001
   0.709541666666667083518E+0002   0.187957256874183679940E-0001   0.130120527322049315318E-0003   0.312495031478065042221E-0009  -0.231324206650348472019E-0012   0.136902179460421713486E+0002   0.101337102830440436985E-0001  -0.250000000000000000000E+0002   0.184031923543524933429E+0001
   0.733104166666667111940E+0002   0.187957263959854757596E-0001   0.130120527846047098416E-0003   0.288920889018625844178E-0009  -0.213459076096145353316E-0012   0.136907813838846514898E+0002   0.101144964615431150884E-0001  -0.250000000000000000000E+0002   0.185485311533691454855E+0001
   0.757375000000000397904E+0002   0.187957270709341005277E-0001   0.130120528344213764755E-0003   0.267241078698911073428E-0009  -0.197057094251723546944E-0012   0.136913475977989396171E+0002   0.100952141544425437469E-0001  -0.250000000000000000000E+0002   0.186933214167098515901E+0001
   0.782375000000000397904E+0002   0.187957277140986811492E-0001   0.130120528817994230569E-0003   0.247273076464390990963E-0009  -0.181976185686862323146E-0012   0.136919166228686286502E+0002   0.100758708009685057222E-0001  -0.250000000000000000000E+0002   0.188375804752273046105E+0001
   0.808104166666667111940E+0002   0.187957283266609667671E-0001   0.130120529268346713739E-0003   0.228872475930245320955E-0009  -0.168103533899105364734E-0012   0.136924880238242092645E+0002   0.100564902425053417229E-0001  -0.250000000000000000000E+0002   0.189812072430326450601E+0001
   0.834625000000000483169E+0002   0.187957289111971570517E-0001   0.130120529697247769036E-0003   0.211925259007432523415E-0009  -0.155348602561383284490E-0012   0.136930627281935120010E+0002   0.100370502854381059288E-0001  -0.250000000000000000000E+0002   0.191244439835011292850E+0001
   0.861937500000000511591E+0002   0.187957294686750785162E-0001   0.130120530105485557228E-0003   0.196282529023271148846E-0009  -0.143596681282506185359E-0012   0.136936402557178418249E+0002   0.100175768399934361774E-0001  -0.249999999999999964473E+0002   0.192671791201415376626E+0001
   0.890083333333333825976E+0002   0.187957300008401544111E-0001   0.130120530494412728947E-0003   0.181852790542925855429E-0009  -0.132775380334214909387E-0012   0.136942210071488581491E+0002   0.999806639737295735348E-0002  -0.249999999999999964473E+0002   0.194095202634609287351E+0001
   0.919083333333333882820E+0002   0.187957305089090642714E-0001   0.130120530864989291005E-0003   0.168527390325079955687E-0009  -0.122800485385123205651E-0012   0.136948049138027858618E+0002   0.997853155036569801350E-0002  -0.250000000000000000000E+0002   0.195514590980241265150E+0001
   0.949000000000000483169E+0002   0.187957309946950347490E-0001   0.130120531218604214806E-0003   0.156220659134398448317E-0009  -0.113604797994311288100E-0012   0.136953927042207190823E+0002   0.995895853853584304971E-0002  -0.250000000000000000000E+0002   0.196931800462204886770E+0001
   0.979833333333333769133E+0002   0.187957314588398372024E-0001   0.130120531555787837842E-0003   0.144835634116368893793E-0009  -0.105113868343218237533E-0012   0.136959838373887183849E+0002   0.993937640698136851136E-0002  -0.250000000000000000000E+0002   0.198345596965304449277E+0001
   0.101164583333333382598E+0003   0.187957319028749340883E-0001   0.130120531877713321075E-0003   0.134312067252947498635E-0009  -0.972799707074798012227E-0013   0.136965789597187956872E+0002   0.991977502219483671386E-0002  -0.250000000000000000000E+0002   0.199757600440356797300E+0001
   0.104447916666666714036E+0003   0.187957323278901966557E-0001   0.130120532185227372191E-0003   0.124571187792300173097E-0009  -0.900424666729268883097E-0013   0.136971782584035377539E+0002   0.990015980899652293934E-0002  -0.250000000000000000000E+0002   0.201168317262929763345E+0001
   0.107837500000000048317E+0003   0.187957327348608690953E-0001   0.130120532479089637441E-0003   0.115550313515005606636E-0009  -0.833527954197963960955E-0013   0.136977818823408341586E+0002   0.988053789974311161282E-0002  -0.250000000000000000000E+0002   0.202578154216081296468E+0001
   0.111337500000000048317E+0003   0.187957331246757300414E-0001   0.130120532759993193066E-0003   0.107192874623818451333E-0009  -0.771671520042367345409E-0013   0.136983899433572204885E+0002   0.986091794784306127641E-0002  -0.250000000000000000000E+0002   0.203987428437741558085E+0001
   0.114952083333333376913E+0003   0.187957334981492044101E-0001   0.130120533028574248899E-0003   0.994476170001801353179E-0010  -0.714458704032435055515E-0013   0.136990025186389505762E+0002   0.984130997821943201420E-0002  -0.250000000000000000000E+0002   0.205396376596390206615E+0001
   0.118687500000000042633E+0003   0.187957338562319553610E-0001   0.130120533285563069314E-0003   0.922682467858784155278E-0010  -0.661530586726753436727E-0013   0.136996199921556041090E+0002   0.982171441592406303800E-0002  -0.250000000000000000000E+0002   0.206805936895985498225E+0001
   0.122550000000000039790E+0003   0.187957341997697265079E-0001   0.130120533531610880346E-0003   0.856086232449578436849E-0010  -0.612532166302733884469E-0013   0.137002426833144195228E+0002   0.980213413113231214757E-0002  -0.250000000000000000000E+0002   0.208216884542588376306E+0001
   0.126545833333333376913E+0003   0.187957345295112279726E-0001   0.130120533767295615962E-0003   0.794276771199680856828E-0010  -0.567147481870305673860E-0013   0.137008708518936632714E+0002   0.978257428632236213095E-0002  -0.250000000000000000000E+0002   0.209629846699639843521E+0001
   0.130683333333333365545E+0003   0.187957348462835099889E-0001   0.130120533993248064988E-0003   0.736888683255149181747E-0010  -0.525094803508812165802E-0013   0.137015050161510760773E+0002   0.976303236604245984476E-0002  -0.250000000000000000000E+0002   0.211046017919873785118E+0001
   0.134966666666666696983E+0003   0.187957351505084989396E-0001   0.130120534209806877970E-0003   0.683560477264973479938E-0010  -0.486098408369924939245E-0013   0.137021449964052308701E+0002   0.974352780501030329985E-0002  -0.250000000000000000000E+0002   0.212465023174120481997E+0001
   0.139406250000000028422E+0003   0.187957354429978927557E-0001   0.130120534417586038601E-0003   0.634029485570854802212E-0010  -0.449953474373510325197E-0013   0.137027914939239288117E+0002   0.972405320966452518805E-0002  -0.250000000000000000000E+0002   0.213888441083286906519E+0001
   0.144010416666666685614E+0003   0.187957357243258953161E-0001   0.130120534617027305054E-0003   0.587978251021241171026E-0010  -0.416418449537420568799E-0013   0.137034448098749077616E+0002   0.970461370650623281198E-0002  -0.250000000000000000000E+0002   0.215316946204288894862E+0001
   0.148785416666666691299E+0003   0.187957359948714465558E-0001   0.130120534808432031324E-0003   0.545149068586050062273E-0010  -0.385296326632314905995E-0013   0.137041048920938610678E+0002   0.968522524331434653266E-0002  -0.249999999999999964473E+0002   0.216750435085012904679E+0001
   0.153716666666666696983E+0003   0.187957362538873733182E-0001   0.130120534991305875430E-0003   0.505314430711951751367E-0010  -0.356415654900455400248E-0013   0.137047688904612456895E+0002   0.966598516497213511300E-0002  -0.249999999999999964473E+0002   0.218182784891829628648E+0001
   0.158806250000000034106E+0003   0.187957365016976074568E-0001   0.130120535165913220072E-0003   0.468437567224704490144E-0010  -0.329737430899895336692E-0013   0.137054363684660440725E+0002   0.964691736186951143139E-0002  -0.250000000000000000000E+0002   0.219613195831148111381E+0001
   0.164062500000000028422E+0003   0.187957367389630959631E-0001   0.130120535332753828241E-0003   0.434317060356934458860E-0010  -0.305106078946960102578E-0013   0.137061076881226888702E+0002   0.962802073662063183368E-0002  -0.250000000000000000000E+0002   0.221042602501213414357E+0001
   0.169491666666666702667E+0003   0.187957369661939481531E-0001   0.130120535492218554821E-0003   0.402720769892174071591E-0010  -0.282346065111917879063E-0013   0.137067828898425538853E+0002   0.960930271260614435325E-0002  -0.250000000000000000000E+0002   0.222471243130569895641E+0001
   0.175102083333333382598E+0003   0.187957371839370737665E-0001   0.130120535644721510831E-0003   0.373455011796924443827E-0010  -0.261310069001062248025E-0013   0.137074622299199155862E+0002   0.959076417153010597760E-0002  -0.250000000000000000000E+0002   0.223899805360033399282E+0001
   0.180902083333333393966E+0003   0.187957373926848358980E-0001   0.130120535790636041289E-0003   0.346332585832243973045E-0010  -0.241856555282229553743E-0013   0.137081459078657879047E+0002   0.957240703521290703382E-0002  -0.249999999999999964473E+0002   0.225328844900130187412E+0001
   0.186902083333333393966E+0003   0.187957375929495920652E-0001   0.130120535930346983757E-0003   0.321186283063660218397E-0010  -0.223858997606701306304E-0013   0.137088343067492175464E+0002   0.955422781357234685018E-0002  -0.250000000000000000000E+0002   0.226759286964239770157E+0001
   0.193110416666666736774E+0003   0.187957377851194866458E-0001   0.130120536064150379638E-0003   0.297856042069179023326E-0010  -0.207197080853418737186E-0013   0.137095275072411357797E+0002   0.953623060017067154803E-0002  -0.250000000000000000000E+0002   0.228191413421401456674E+0001
   0.199537500000000079581E+0003   0.187957379696058538010E-0001   0.130120536192356364962E-0003   0.276207659422978354951E-0010  -0.191769344551060013909E-0013   0.137102257706245058699E+0002   0.951841413679835150752E-0002  -0.249999999999999964473E+0002   0.229625870278491639453E+0001
   0.206195833333333411019E+0003   0.187957381468324517815E-0001   0.130120536315281743606E-0003   0.256112368038289116202E-0010  -0.177478861708349813122E-0013   0.137109295118486453902E+0002   0.950077265047601961234E-0002  -0.249999999999999964473E+0002   0.231063603290058372508E+0001
   0.213095833333333416704E+0003   0.187957383171188235904E-0001   0.130120536433169268434E-0003   0.237447610174230624214E-0010  -0.164233946053201871862E-0013   0.137116388530676012181E+0002   0.948330727977907822490E-0002  -0.250000000000000000000E+0002   0.232504943555974330494E+0001
   0.220245833333333422388E+0003   0.187957384807034312557E-0001   0.130120536546204066970E-0003   0.220109409261637232074E-0010  -0.151956587931075391660E-0013   0.137123536594213160100E+0002   0.946602472331454364296E-0002  -0.250000000000000000000E+0002   0.233949694857042489460E+0001
   0.227608333333333433757E+0003   0.187957386368359687101E-0001   0.130120536653888761464E-0003   0.203999037878356060258E-0010  -0.140574479796716169748E-0013   0.137130693823298415168E+0002   0.944903632323223011125E-0002  -0.250000000000000000000E+0002   0.235388802862006762950E+0001
   0.235187500000000113687E+0003   0.187957387858229997557E-0001   0.130120536756456889067E-0003   0.189130612750278492076E-0010  -0.130091807925978581588E-0013   0.137137858227478020012E+0002   0.943234395073711158475E-0002  -0.250000000000000000000E+0002   0.236822072731929988976E+0001
   0.242989583333333456494E+0003   0.187957389280372227924E-0001   0.130120536854185571852E-0003   0.175406055686626686132E-0010  -0.120435488187836207084E-0013   0.137145029743022117685E+0002   0.941594179035891952478E-0002  -0.250000000000000000000E+0002   0.238249693813960439215E+0001
   0.251022916666666787933E+0003   0.187957390638625633505E-0001   0.130120536947357949217E-0003   0.162731773236857848992E-0010  -0.111536144723740668323E-0013   0.137152210008919315243E+0002   0.939981929160603642270E-0002  -0.250000000000000000000E+0002   0.239672179513651295579E+0001
   0.259291666666666799301E+0003   0.187957391935852126397E-0001   0.130120537036188151092E-0003   0.151018913556925434362E-0010  -0.103328353264728113391E-0013   0.137159396780181968012E+0002   0.938397407010916305425E-0002  -0.249999999999999964473E+0002   0.241089259747946815793E+0001
   0.267804166666666787933E+0003   0.187957393175387024731E-0001   0.130120537120921315587E-0003   0.140193820520495863015E-0010  -0.957575519083835492518E-0014   0.137166591397074988379E+0002   0.936839510038163167382E-0002  -0.250000000000000000000E+0002   0.242501361726785891193E+0001
   0.276566666666666776564E+0003   0.187957394360033121228E-0001   0.130120537201764687948E-0003   0.130182916786492179546E-0010  -0.887697409594387721268E-0014   0.137173793243687942578E+0002   0.935307511130862266613E-0002  -0.250000000000000000000E+0002   0.243908513558109074637E+0001
   0.285585416666666787933E+0003   0.187957395492415330063E-0001   0.130120537278911960893E-0003   0.120922113361742114270E-0010  -0.823178415611539712031E-0014   0.137181001652203153895E+0002   0.933800651654635716081E-0002  -0.249999999999999964473E+0002   0.245310722489721300121E+0001
   0.294868750000000147793E+0003   0.187957396575253177229E-0001   0.130120537352561922891E-0003   0.112352895559001997656E-0010  -0.763589317792566553442E-0014   0.137188217513159145255E+0002   0.932317807367486275916E-0002  -0.250000000000000000000E+0002   0.246708286480337291025E+0001
   0.304422916666666822039E+0003   0.187957397610843887636E-0001   0.130120537422883601059E-0003   0.104419544899984805784E-0010  -0.708523733716330077316E-0014   0.137195439962867506978E+0002   0.930858195754879699790E-0002  -0.249999999999999964473E+0002   0.248101150334920639295E+0001
   0.314256250000000136424E+0003   0.187957398601565697782E-0001   0.130120537490050305115E-0003   0.970733385195441957653E-0011  -0.657625814137426869857E-0014   0.137202669641114223253E+0002   0.929420713174854314087E-0002  -0.250000000000000000000E+0002   0.249489537491510127154E+0001
   0.324375000000000113687E+0003   0.187957399549440982989E-0001   0.130120537554210245496E-0003   0.902677801770119950685E-0011  -0.610557874595583468901E-0014   0.137209905555918361131E+0002   0.928004575698719580412E-0002  -0.250000000000000000000E+0002   0.250873345815213433241E+0001
   0.334789583333333439441E+0003   0.187957400456751355655E-0001   0.130120537615528220933E-0003   0.839621513374636541425E-0011  -0.567023634672531086424E-0014   0.137217149592274001435E+0002   0.926608435001388848484E-0002  -0.250000000000000000000E+0002   0.252253011332506016373E+0001
   0.345504166666666776564E+0003   0.187957401325093940991E-0001   0.130120537674121813151E-0003   0.781160606888054915934E-0011  -0.526731855845737227428E-0014   0.137224399178490052975E+0002   0.925231820037083520225E-0002  -0.250000000000000000000E+0002   0.253628109155898995297E+0001
   0.356529166666666753827E+0003   0.187957402156489518374E-0001   0.130120537730136467871E-0003   0.726966577081877936085E-0011  -0.489443922963443954033E-0014   0.137231655996797030639E+0002   0.923873458350948743856E-0002  -0.250000000000000000000E+0002   0.254999013319719436410E+0001
   0.367872916666666753827E+0003   0.187957402952670694918E-0001   0.130120537783697464655E-0003   0.676700641900685776906E-0011  -0.454916293443478610444E-0014   0.137238920165032993737E+0002   0.922532395799728795194E-0002  -0.249999999999999964473E+0002   0.256365788058215304801E+0001
   0.379543750000000102318E+0003   0.187957403715259714627E-0001   0.130120537834921843126E-0003   0.630064740233078163835E-0011  -0.422934638253907410006E-0014   0.137246191718678947069E+0002   0.921207728631985058032E-0002  -0.250000000000000000000E+0002   0.257728471755884269712E+0001
   0.391547916666666765195E+0003   0.187957404445658129988E-0001   0.130120537883911247239E-0003   0.586784579810016755834E-0011  -0.393302256637914470565E-0014   0.137253469378424242109E+0002   0.919898826013391089640E-0002  -0.250000000000000000000E+0002   0.259086848070327713245E+0001
   0.403895833333333428072E+0003   0.187957405145449257811E-0001   0.130120537930778921911E-0003   0.546616927789716647886E-0011  -0.365844504248988899429E-0014   0.137260754367820521082E+0002   0.918604637654290082094E-0002  -0.250000000000000000000E+0002   0.260441159413448408699E+0001
   0.416581250000000068212E+0003   0.187957405815229842971E-0001   0.130120537975571542045E-0003   0.509317525593743013699E-0011  -0.340387908913316588397E-0014   0.137268038284895279588E+0002   0.917325865810437318659E-0002  -0.250000000000000000000E+0002   0.261789857473974851843E+0001
   0.429604166666666742458E+0003   0.187957406456008592477E-0001   0.130120538018362941809E-0003   0.474714222412422371541E-0011  -0.316808044035917617773E-0014   0.137275317013628708196E+0002   0.916062465236969387938E-0002  -0.250000000000000000000E+0002   0.263132199812800493532E+0001
   0.442972916666666719721E+0003   0.187957407069219498141E-0001   0.130120538059255144627E-0003   0.442621846629046025817E-0011  -0.294972349099471603064E-0014   0.137282591335211634487E+0002   0.914813546110617749341E-0002  -0.250000000000000000000E+0002   0.264468344892105156063E+0001
   0.456700000000000045475E+0003   0.187957407656400843354E-0001   0.130120538098356299667E-0003   0.412845654410465023867E-0011  -0.274742720400242411716E-0014   0.137289864131467655994E+0002   0.913577903896873114165E-0002  -0.250000000000000000000E+0002   0.265798824338715000692E+0001
   0.470793750000000045475E+0003   0.187957408218798437127E-0001   0.130120538135754715194E-0003   0.385197773339246242405E-0011  -0.255986712772186125856E-0014   0.137297135862314245713E+0002   0.912354814699373704856E-0002  -0.250000000000000000000E+0002   0.267123714327763384091E+0001
   0.485264583333333405335E+0003   0.187957408757655868026E-0001   0.130120538171538103166E-0003   0.359517236924697830292E-0011  -0.238590612147686521339E-0014   0.137304407966399732999E+0002   0.911143452697546311903E-0002  -0.249999999999999964473E+0002   0.268443261151256873376E+0001
   0.500125000000000056843E+0003   0.187957409274205691774E-0001   0.130120538205792982914E-0003   0.335652900429001135979E-0011  -0.222447947973788114777E-0014   0.137311682737370954754E+0002   0.909942908591005253371E-0002  -0.250000000000000000000E+0002   0.269757855392573997477E+0001
   0.515385416666666742458E+0003   0.187957409769517608256E-0001   0.130120538238594543861E-0003   0.313463176104564417140E-0011  -0.207459332681156172424E-0014   0.137318961246386681552E+0002   0.908752537854843993326E-0002  -0.250000000000000000000E+0002   0.271067656422409619665E+0001
   0.531058333333333393966E+0003   0.187957410244652921294E-0001   0.130120538270017270695E-0003   0.292822832372430390064E-0011  -0.193536814460755044543E-0014   0.137326245400108604144E+0002   0.907571617529155487414E-0002  -0.250000000000000000000E+0002   0.272372965543792266985E+0001
   0.547158333333333416704E+0003   0.187957410700655865032E-0001   0.130120538300134021802E-0003   0.273614581454298163732E-0011  -0.180598229854306797227E-0014   0.137333537832892318420E+0002   0.906399362819834686356E-0002  -0.249999999999999964473E+0002   0.273674203843677021908E+0001
   0.563700000000000045475E+0003   0.187957411138487025248E-0001   0.130120538329011855086E-0003   0.255728968971800860005E-0011  -0.168567113994640343689E-0014   0.137340840898638436585E+0002   0.905235092174799978182E-0002  -0.250000000000000000000E+0002   0.274971731241995387407E+0001
   0.580697916666666742458E+0003   0.187957411559030798665E-0001   0.130120538356712407441E-0003   0.239066607380926957696E-0011  -0.157374118937599287236E-0014   0.137348156693937291095E+0002   0.904078221173660635801E-0002  -0.250000000000000000000E+0002   0.276265852155175384297E+0001
   0.598166666666666742458E+0003   0.187957411963104378816E-0001   0.130120538383292762112E-0003   0.223536994970213780221E-0011  -0.146956173363116110628E-0014   0.137355487080123790378E+0002   0.902928254580388257866E-0002  -0.250000000000000000000E+0002   0.277556820707217655197E+0001
   0.616100000000000022737E+0003   0.187957412351013285201E-0001   0.130120538408776066815E-0003   0.209055742250664706715E-0011  -0.137254791829771327374E-0014   0.137362825280113458604E+0002   0.901786100402375036256E-0002  -0.250000000000000000000E+0002   0.278843372875555006729E+0001
   0.634404166666666696983E+0003   0.187957412721333622097E-0001   0.130120538433072007508E-0003   0.195555907529749105523E-0011  -0.128223942891534210023E-0014   0.137370130636629124155E+0002   0.900657956439608088639E-0002  -0.250000000000000000000E+0002   0.280118369170802905543E+0001
   0.653085416666666674246E+0003   0.187957413074984862333E-0001   0.130120538456244226860E-0003   0.183043863214156523454E-0011  -0.119864928141202590990E-0014   0.137377404901050166330E+0002   0.899543366449664927309E-0002  -0.250000000000000000000E+0002   0.281382148726033465280E+0001
   0.672149999999999977263E+0003   0.187957413412901779004E-0001   0.130120538478357018058E-0003   0.171437986326597241059E-0011  -0.112121406297742491934E-0014   0.137384649765435948865E+0002   0.898441846991476431028E-0002  -0.250000000000000000000E+0002   0.282635029396235371024E+0001
   0.691606249999999931788E+0003   0.187957413735988752845E-0001   0.130120538499472505889E-0003   0.160664405819861520531E-0011  -0.104942446817892523516E-0014   0.137391867595182777251E+0002   0.897352851737057317927E-0002  -0.250000000000000000000E+0002   0.283877440587128582195E+0001
   0.711462499999999977263E+0003   0.187957414045083273657E-0001   0.130120538519648098856E-0003   0.150654893578546529309E-0011  -0.982811160128104579558E-0015   0.137399060598721423077E+0002   0.896275894984453758152E-0002  -0.250000000000000000000E+0002   0.285109778962925375367E+0001
   0.731729166666666628771E+0003   0.187957414340991467439E-0001   0.130120538538938874430E-0003   0.141347803634358739682E-0011  -0.920950455331735360494E-0015   0.137406231566427123880E+0002   0.895210437540528911060E-0002  -0.250000000000000000000E+0002   0.286332535096010243336E+0001
   0.752414583333333325754E+0003   0.187957414624428283123E-0001   0.130120538557393838550E-0003   0.132686178588398239763E-0011  -0.863451846713877745022E-0015   0.137413382372761621042E+0002   0.894156107342443211283E-0002  -0.250000000000000000000E+0002   0.287546037806464660491E+0001
   0.773527083333333280279E+0003   0.187957414896057321829E-0001   0.130120538575058256655E-0003   0.124619397664944927140E-0011  -0.809968330633806084002E-0015   0.137420514766558135022E+0002   0.893112576554397179229E-0002  -0.250000000000000000000E+0002   0.288750591310327964223E+0001
   0.795074999999999931788E+0003   0.187957415156496526754E-0001   0.130120538591974466841E-0003   0.117101390446105300423E-0011  -0.760184461242286463150E-0015   0.137427630379507288438E+0002   0.892079555103992422049E-0002  -0.250000000000000000000E+0002   0.289946477223162002446E+0001
   0.817068749999999909051E+0003   0.187957415406346042830E-0001   0.130120538608183343530E-0003   0.110090237355504455737E-0011  -0.713813444082546511536E-0015   0.137434731398808107627E+0002   0.891056689612633977260E-0002  -0.250000000000000000000E+0002   0.291134067361996784484E+0001
   0.839518749999999954525E+0003   0.187957415646163063239E-0001   0.130120538623722725377E-0003   0.103546995204510470675E-0011  -0.670589398742080749913E-0015   0.137441819850198179154E+0002   0.890043665972452269219E-0002  -0.250000000000000000000E+0002   0.292313702561744337416E+0001
   0.862433333333333280279E+0003   0.187957415876444065839E-0001   0.130120538638626602121E-0003   0.974361570319610348439E-0012  -0.630270236590988913760E-0015   0.137448896971529155309E+0002   0.889040296190117020070E-0002  -0.250000000000000000000E+0002   0.293485590078400671032E+0001
   0.885824999999999931788E+0003   0.187957416097693334744E-0001   0.130120538652929071920E-0003   0.917260317252230015729E-0012  -0.592639751225490237037E-0015   0.137455965159776418716E+0002   0.888046237228976714784E-0002  -0.250000000000000000000E+0002   0.294650126823893243611E+0001
   0.909702083333333234805E+0003   0.187957416310341497712E-0001   0.130120538666659570862E-0003   0.863864016310433351732E-0012  -0.557492542463149199547E-0015   0.137463025405289958059E+0002   0.887061352738589652123E-0002  -0.250000000000000000000E+0002   0.295807475083092219492E+0001
   0.934074999999999931788E+0003   0.187957416514809953767E-0001   0.130120538679846613466E-0003   0.813907561892040242221E-0012  -0.524648172785677781818E-0015   0.137470079222260501695E+0002   0.886085438042922418633E-0002  -0.250000000000000000000E+0002   0.296957882539041095882E+0001
   0.958954166666666651508E+0003   0.187957416711493179029E-0001   0.130120538692516979525E-0003   0.767142630906897361533E-0012  -0.493937975004821976646E-0015   0.137477128006814304229E+0002   0.885118307581558155794E-0002  -0.250000000000000000000E+0002   0.298101576102468079910E+0001
   0.984352083333333325754E+0003   0.187957416900776039248E-0001   0.130120538704696798310E-0003   0.723341896178680743698E-0012  -0.465207644264796181044E-0015   0.137484173615998468421E+0002   0.884159714517175794601E-0002  -0.250000000000000000000E+0002   0.299238855668148939770E+0001
   0.101027708333333328028E+0004   0.187957417082987889023E-0001   0.130120538716408295967E-0003   0.682292108604672726386E-0012  -0.438312809673564775877E-0015   0.137491216634933959284E+0002   0.883209586183867495501E-0002  -0.250000000000000000000E+0002   0.300369814693632841696E+0001
   0.103674374999999986358E+0004   0.187957417258481085387E-0001   0.130120538727675379154E-0003   0.643805840478451587801E-0012  -0.413126320563047047124E-0015   0.137498259244507590182E+0002   0.882267632602822850230E-0002  -0.250000000000000000000E+0002   0.301494802376362747154E+0001
   0.106376249999999981810E+0004   0.187957417427557609002E-0001   0.130120538738518376660E-0003   0.607699646641070277060E-0012  -0.389524302423921792085E-0015   0.137505302369513433547E+0002   0.881333731183566240763E-0002  -0.250000000000000000000E+0002   0.302613964914692301633E+0001
   0.109134583333333307564E+0004   0.187957417590513438388E-0001   0.130120538748957292018E-0003   0.573811836133092828629E-0012  -0.367397420470225919599E-0015   0.137512347378005745924E+0002   0.880407697685148260547E-0002  -0.250000000000000000000E+0002   0.303727518741584523454E+0001
   0.111950624999999968168E+0004   0.187957417747626198690E-0001   0.130120538759010827713E-0003   0.541990405698980105473E-0012  -0.346643092282423468671E-0015   0.137519395517921090288E+0002   0.879489359995190567165E-0002  -0.250000000000000000000E+0002   0.304835660188716417451E+0001
   0.114825416666666637866E+0004   0.187957417899145239060E-0001   0.130120538768695843089E-0003   0.512095120929154633809E-0012  -0.327166797406204915722E-0015   0.137526447418230723940E+0002   0.878578622201737005626E-0002  -0.250000000000000000000E+0002   0.305938488181016543521E+0001
   0.117760624999999981810E+0004   0.187957418045337533441E-0001   0.130120538778030281693E-0003   0.483999639121554052859E-0012  -0.308883288018974827956E-0015   0.137533505129984003901E+0002   0.877675199136145056666E-0002  -0.250000000000000000000E+0002   0.307036323352540563292E+0001
   0.120757291666666651508E+0004   0.187957418186422350881E-0001   0.130120538787028942884E-0003   0.457579924064493777539E-0012  -0.291709274940717983938E-0015   0.137540569066860314251E+0002   0.876779011566389612775E-0002  -0.249999999999999964473E+0002   0.308129229967995454942E+0001
   0.123816874999999981810E+0004   0.187957418322625587070E-0001   0.130120538795706897073E-0003   0.432728375068451756302E-0012  -0.275572311294311043851E-0015   0.137547640541950038084E+0002   0.875889859815751417593E-0002  -0.250000000000000000000E+0002   0.309217412057985452378E+0001
   0.126940833333333307564E+0004   0.187957418454159572163E-0001   0.130120538804078509938E-0003   0.409341417752730335329E-0012  -0.260402866510903100687E-0015   0.137554720744213767603E+0002   0.875007554266605570847E-0002  -0.249999999999999964473E+0002   0.310301053265866544351E+0001
   0.130130624999999963620E+0004   0.187957418581223591192E-0001   0.130120538812157062955E-0003   0.387323442347810043688E-0012  -0.246136813228975490116E-0015   0.137561810745860046978E+0002   0.874131914718635598394E-0002  -0.250000000000000000000E+0002   0.311380318456462523713E+0001
   0.133387708333333307564E+0004   0.187957418704004994292E-0001   0.130120538819955132871E-0003   0.366586064178147368033E-0012  -0.232714922715047910260E-0015   0.137568911509648330593E+0002   0.873262768857818727497E-0002  -0.250000000000000000000E+0002   0.312455355208249008214E+0001
   0.136713541666666651508E+0004   0.187957418822680272230E-0001   0.130120538827484537488E-0003   0.347047466252931737252E-0012  -0.220082416699555340215E-0015   0.137576023895760108928E+0002   0.872399950878220697970E-0002  -0.250000000000000000000E+0002   0.313526295198307813905E+0001
   0.140109791666666660603E+0004   0.187957418937422897354E-0001   0.130120538834756931980E-0003   0.328631955829872727870E-0012  -0.208188646692343826656E-0015   0.137583149101249322399E+0002   0.871543248062447983848E-0002  -0.250000000000000000000E+0002   0.314593320144551880091E+0001
   0.143578125000000000000E+0004   0.187957419048395898975E-0001   0.130120538841783104159E-0003   0.311268100403063452768E-0012  -0.196985902391675045666E-0015   0.137590288200625661119E+0002   0.870692457203764945406E-0002  -0.249999999999999964473E+0002   0.315656592089910370547E+0001
   0.147120208333333334849E+0004   0.187957419155752522566E-0001   0.130120538848573408155E-0003   0.294889775642845795993E-0012  -0.186430056475138874852E-0015   0.137597442153422502287E+0002   0.869847383529387917223E-0002  -0.250000000000000000000E+0002   0.316716254943062969218E+0001
   0.150737708333333330302E+0004   0.187957419259637062425E-0001   0.130120538855137330737E-0003   0.279435682819462524889E-0012  -0.176480237252776087177E-0015   0.137604611811480630479E+0002   0.869007839314171748324E-0002  -0.250000000000000000000E+0002   0.317772435912068074160E+0001
   0.154432500000000004547E+0004   0.187957419360191314850E-0001   0.130120538861484412885E-0003   0.264849025581345775724E-0012  -0.167098596112721143285E-0015   0.137611798327309706735E+0002   0.868173595895871397232E-0002  -0.250000000000000000000E+0002   0.318825305492005117713E+0001
   0.158206458333333330302E+0004   0.187957419457548506603E-0001   0.130120538867623490847E-0003   0.251076143149320080879E-0012  -0.158249437403774781761E-0015   0.137619002729455672807E+0002   0.867344433894069039015E-0002  -0.249999999999999964473E+0002   0.319875014452843231538E+0001
   0.162061458333333325754E+0004   0.187957419551833988802E-0001   0.130120538873562912978E-0003   0.238067273277886408687E-0012  -0.149899686092447750870E-0015   0.137626225930217547244E+0002   0.866520142045121115337E-0002  -0.250000000000000000000E+0002   0.320921695371950921327E+0001
   0.165999583333333316659E+0004   0.187957419643170683954E-0001   0.130120538879310810795E-0003   0.225776286675363609831E-0012  -0.142018697905660307797E-0015   0.137633469112756650077E+0002   0.865700472736348827785E-0002  -0.250000000000000000000E+0002   0.321965518625259017327E+0001
   0.170022916666666651508E+0004   0.187957419731674020558E-0001   0.130120538884874827924E-0003   0.214159592349302323853E-0012  -0.134577564408283278547E-0015   0.137640733330692466296E+0002   0.864885187990436891947E-0002  -0.250000000000000000000E+0002   0.323006633990252156607E+0001
   0.174133749999999986358E+0004   0.187957419817456859723E-0001   0.130120538890262499570E-0003   0.203176808289444090230E-0012  -0.127549518237456174668E-0015   0.137648019882096583899E+0002   0.864074017365566542093E-0002  -0.250000000000000000000E+0002   0.324045224239670748290E+0001
   0.178334166666666646961E+0004   0.187957419900620821551E-0001   0.130120538895480493576E-0003   0.192789736599389568231E-0012  -0.120909289075941530394E-0015   0.137655329565434421113E+0002   0.863266741023019888723E-0002  -0.250000000000000000000E+0002   0.325081398921660902346E+0001
   0.182626666666666642413E+0004   0.187957419981269538423E-0001   0.130120538900535694625E-0003   0.182963613498456451640E-0012  -0.114633862340757230113E-0015   0.137662663779038574319E+0002   0.862463067239961286847E-0002  -0.250000000000000000000E+0002   0.326115350800666181641E+0001
   0.187013749999999981810E+0004   0.187957420059500085463E-0001   0.130120538905434499511E-0003   0.173665005228326350964E-0012  -0.108701159491913793164E-0015   0.137670023771672447310E+0002   0.861662715779828482232E-0002  -0.250000000000000000000E+0002   0.327147248649099875450E+0001
   0.191497916666666651508E+0004   0.187957420135403362182E-0001   0.130120538910182925556E-0003   0.164862896742791983649E-0012  -0.103090713833078562781E-0015   0.137677410651518297158E+0002   0.860865416655271810387E-0002  -0.249999999999999964473E+0002   0.328177239040227020084E+0001
   0.196081874999999990905E+0004   0.187957420209068047645E-0001   0.130120538914786773241E-0003   0.156528517363697844000E-0012  -0.977835479837720050718E-0016   0.137684825728936850453E+0002   0.860070872659119377290E-0002  -0.249999999999999964473E+0002   0.329205494211711524599E+0001
   0.200768541666666646961E+0004   0.187957420280580322913E-0001   0.130120538919251788838E-0003   0.148634727406115143339E-0012  -0.927617830806463222324E-0016   0.137692270494824580140E+0002   0.859278762148918059949E-0002  -0.250000000000000000000E+0002   0.330232208246147029840E+0001
   0.205557708333333312112E+0004   0.187957420349975229401E-0001   0.130120538923580357591E-0003   0.141155242024587203757E-0012  -0.880082015735640233421E-0016   0.137699741446068468775E+0002   0.858489287533901156146E-0002  -0.250000000000000000000E+0002   0.331256888714632680148E+0001
   0.210444374999999990905E+0004   0.187957420417224144171E-0001   0.130120538927770961618E-0003   0.134069918196817923497E-0012  -0.835095493253721144953E-0016   0.137707227995270802268E+0002   0.857703380916507995835E-0002  -0.250000000000000000000E+0002   0.332278091246072504461E+0001
   0.215431041666666669698E+0004   0.187957420482411444174E-0001   0.130120538931829184560E-0003   0.127367893460816226416E-0012  -0.792582814805896572400E-0016   0.137714731444861122611E+0002   0.856920700002118673755E-0002  -0.250000000000000000000E+0002   0.333296011979515816037E+0001
   0.220520416666666687888E+0004   0.187957420545621992081E-0001   0.130120538935760555847E-0003   0.121025982809394683660E-0012  -0.752392111219921669477E-0016   0.137722253281264279678E+0002   0.856140874244551430827E-0002  -0.250000000000000000000E+0002   0.334310867592493066169E+0001
   0.225715625000000000000E+0004   0.187957420606940060759E-0001   0.130120538939570550702E-0003   0.115022480444123647423E-0012  -0.714381338009172726527E-0016   0.137729795451047660748E+0002   0.855363484094620943332E-0002  -0.250000000000000000000E+0002   0.335322932189768474487E+0001
   0.231019999999999981810E+0004   0.187957420666446314850E-0001   0.130120538943264427503E-0003   0.109336796169865116183E-0012  -0.678415991175626311673E-0016   0.137737360022125603365E+0002   0.854588097145499679674E-0002  -0.250000000000000000000E+0002   0.336332490538553141590E+0001
   0.236436874999999963620E+0004   0.187957420724215520935E-0001   0.130120538946847010952E-0003   0.103949681296742148390E-0012  -0.644370490132643748557E-0016   0.137744948878553472582E+0002   0.853814299940361225161E-0002  -0.249999999999999964473E+0002   0.337339797285529519044E+0001
   0.241969583333333275732E+0004   0.187957420780317102649E-0001   0.130120538950322800487E-0003   0.988433737621396905144E-0013  -0.612129022944717034571E-0016   0.137752563731111123957E+0002   0.853041696703570398452E-0002  -0.250000000000000000000E+0002   0.338345079056087483238E+0001
   0.247622083333333284827E+0004   0.187957420834821697930E-0001   0.130120538953696458177E-0003   0.940015271778430237105E-0013  -0.581584994040379491116E-0016   0.137760206965431812876E+0002   0.852269823325412650972E-0002  -0.250000000000000000000E+0002   0.339348646112295115884E+0001
   0.253398124999999936335E+0004   0.187957420887792624187E-0001   0.130120538956971995570E-0003   0.894083905120291352717E-0013  -0.552635977135190734295E-0016   0.137767880480862192627E+0002   0.851498265753955138613E-0002  -0.249999999999999964473E+0002   0.340350738765040583544E+0001
   0.259302083333333257542E+0004   0.187957420939293996798E-0001   0.130120538960153641055E-0003   0.850496935516918552661E-0013  -0.525189095061603159547E-0016   0.137775586804410377084E+0002   0.850726547974185384748E-0002  -0.250000000000000000000E+0002   0.341351673441009895171E+0001
   0.265338124999999945430E+0004   0.187957420989383165721E-0001   0.130120538963245026710E-0003   0.809116971832320134411E-0013  -0.499155170132869091070E-0016   0.137783327971253388711E+0002   0.849954244981992144969E-0002  -0.250000000000000000000E+0002   0.342351696271775107761E+0001
   0.271511041666666596939E+0004   0.187957421038118001333E-0001   0.130120538966249947241E-0003   0.769819547824137081101E-0013  -0.474453340039745833288E-0016   0.137791106601113124697E+0002   0.849180875469550053292E-0002  -0.250000000000000000000E+0002   0.343351122792601382017E+0001
   0.277825833333333275732E+0004   0.187957421085553320894E-0001   0.130120538969171926306E-0003   0.732485245904680335987E-0013  -0.451006190958862835580E-0016   0.137798925330211048390E+0002   0.848405959149794650087E-0002  -0.250000000000000000000E+0002   0.344350263507428522303E+0001
   0.284287499999999954525E+0004   0.187957421131739257913E-0001   0.130120538972014162301E-0003   0.697002645567093379959E-0013  -0.428741567207437022153E-0016   0.137806786550227116095E+0002   0.847629043257438347103E-0002  -0.250000000000000000000E+0002   0.345349390851102588940E+0001
   0.290877916666666624224E+0004   0.187957421176563957421E-0001   0.130120538974769933173E-0003   0.663250811430088972675E-0013  -0.407582993995510830997E-0016   0.137814665002681255856E+0002   0.846852410038612633814E-0002  -0.250000000000000000000E+0002   0.346345287142442570527E+0001
   0.297573958333333303017E+0004   0.187957421219905329579E-0001   0.130120538977431920557E-0003   0.631243089337014290469E-0013  -0.387536847062884574986E-0016   0.137822531267060419680E+0002   0.846078741560854150072E-0002  -0.250000000000000000000E+0002   0.347334284332905873782E+0001
   0.304377083333333303017E+0004   0.187957421261822632541E-0001   0.130120538980003919161E-0003   0.601011777490555143295E-0013  -0.368619657931466140860E-0016   0.137830386068430144064E+0002   0.845307740054222767068E-0002  -0.250000000000000000000E+0002   0.348316550478123110324E+0001
   0.311289999999999963620E+0004   0.187957421302384006245E-0001   0.130120538982490374213E-0003   0.572444706501617217903E-0013  -0.350759165394158560914E-0016   0.137838231519013376669E+0002   0.844538974547057001707E-0002  -0.250000000000000000000E+0002   0.349292419418293187405E+0001
   0.318315208333333293922E+0004   0.187957421341651866042E-0001   0.130120538984895188842E-0003   0.545432149775066431475E-0013  -0.333884933442705373308E-0016   0.137846069366897232555E+0002   0.843772064225656488745E-0002  -0.250000000000000000000E+0002   0.350262172988645570371E+0001
   0.325455416666666633319E+0004   0.187957421379685643559E-0001   0.130120538987222157754E-0003   0.519874259405483095202E-0013  -0.317932876324798961201E-0016   0.137853901475744002880E+0002   0.843006631858161763204E-0002  -0.250000000000000000000E+0002   0.351226101364405884908E+0001
   0.332713333333333321207E+0004   0.187957421416540815251E-0001   0.130120538989474858818E-0003   0.495678168281766654248E-0013  -0.302843458172535094188E-0016   0.137861729589999040257E+0002   0.842242326812636492306E-0002  -0.250000000000000000000E+0002   0.352184474120311241663E+0001
   0.340092083333333312112E+0004   0.187957421452271226936E-0001   0.130120538991656707270E-0003   0.472758474650728123568E-0013  -0.288561948129444115385E-0016   0.137869555780419652535E+0002   0.841478781665562156067E-0002  -0.249999999999999964473E+0002   0.353137594839710144967E+0001
   0.347594583333333321207E+0004   0.187957421486926110066E-0001   0.130120538993770847296E-0003   0.451034816134457202844E-0013  -0.275036934527688441451E-0016   0.137877381767935442980E+0002   0.840715678380612660425E-0002  -0.250000000000000000000E+0002   0.354085718514225211706E+0001
   0.355223958333333303017E+0004   0.187957421520552440952E-0001   0.130120538995820260453E-0003   0.430433872240580815372E-0013  -0.262221512573453258878E-0016   0.137885209372905084280E+0002   0.839952704664408654478E-0002  -0.250000000000000000000E+0002   0.355029106797819338226E+0001
   0.362983541666666633319E+0004   0.187957421553194975461E-0001   0.130120538997807819875E-0003   0.410887310908641225704E-0013  -0.250072008923784969866E-0016   0.137893040504793251699E+0002   0.839189555080726082292E-0002  -0.249999999999999964473E+0002   0.355968026520250813149E+0001
   0.370876874999999972715E+0004   0.187957421584896353095E-0001   0.130120538999736181859E-0003   0.392331454515703575534E-0013  -0.238547761226656888224E-0016   0.137900877152156322580E+0002   0.838425932235370256762E-0002  -0.250000000000000000000E+0002   0.356902748326193952622E+0001
   0.378907499999999981810E+0004   0.187957421615696299022E-0001   0.130120539001607894280E-0003   0.374706888080967919075E-0013  -0.227610869094571583652E-0016   0.137908721171268684458E+0002   0.837661567625598221798E-0002  -0.250000000000000000000E+0002   0.357833521539120047450E+0001
   0.387079166666666651508E+0004   0.187957421645632734297E-0001   0.130120539003425342382E-0003   0.357958747178345901758E-0013  -0.217226348464563338569E-0016   0.137916574492170749267E+0002   0.836896201797794961341E-0002  -0.250000000000000000000E+0002   0.358760598926588114566E+0001
   0.395396041666666633319E+0004   0.187957421674742469753E-0001   0.130120539005190911409E-0003   0.342035881965118081724E-0013  -0.207361604450493274328E-0016   0.137924439305596138183E+0002   0.836129566324746859030E-0002  -0.249999999999999964473E+0002   0.359684258420854297000E+0001
   0.403862083333333293922E+0004   0.187957421703059124329E-0001   0.130120539006906715557E-0003   0.326889973965358227959E-0013  -0.197985897334417806519E-0016   0.137932317461785984847E+0002   0.835361442705218580629E-0002  -0.250000000000000000000E+0002   0.360604732403801753193E+0001
   0.412481666666666660603E+0004   0.187957421730615345523E-0001   0.130120539008574814810E-0003   0.312476870856920219801E-0013  -0.189071127513816433114E-0016   0.137940211061578992258E+0002   0.834591605049777793268E-0002  -0.249999999999999964473E+0002   0.361522277352260079653E+0001
   0.421259166666666624224E+0004   0.187957421757441595078E-0001   0.130120539010197160731E-0003   0.298754830348337881018E-0013  -0.180590767630099262713E-0016   0.137948122061173599207E+0002   0.833819858863170393359E-0002  -0.249999999999999964473E+0002   0.362437127553931448531E+0001
   0.430199583333333248447E+0004   0.187957421783568091878E-0001   0.130120539011775596464E-0003   0.285685336023896337637E-0013  -0.172520336265718588019E-0016   0.137956052830083226723E+0002   0.833045986912740038521E-0002  -0.250000000000000000000E+0002   0.363349559627387774796E+0001
   0.439307916666666551464E+0004   0.187957421809022903747E-0001   0.130120539013311910942E-0003   0.273231621182182054446E-0013  -0.164836507739490036968E-0016   0.137964005573920154291E+0002   0.832269805806695045503E-0002  -0.250000000000000000000E+0002   0.364259825478026666445E+0001
   0.448589374999999927240E+0004   0.187957421833832606650E-0001   0.130120539014807838889E-0003   0.261359707494115642262E-0013  -0.157517729075923117512E-0016   0.137971982520190685761E+0002   0.831491148211104501298E-0002  -0.249999999999999964473E+0002   0.365168174007622070576E+0001
   0.458049374999999963620E+0004   0.187957421858022458161E-0001   0.130120539016264952399E-0003   0.250037835287261816861E-0013  -0.150543867530402657948E-0016   0.137979985912727283193E+0002   0.830709863655525009019E-0002  -0.250000000000000000000E+0002   0.366074850469086010563E+0001
   0.467693958333333284827E+0004   0.187957421881617403603E-0001   0.130120539017684769354E-0003   0.239236390451785958837E-0013  -0.143896153739054224419E-0016   0.137988018350912486909E+0002   0.829925785674206183129E-0002  -0.250000000000000000000E+0002   0.366980134580418804191E+0001
   0.477529166666666606034E+0004   0.187957421904640549493E-0001   0.130120539019068807637E-0003   0.228927108981372140660E-0013  -0.137556705590690537779E-0016   0.137996082249164828681E+0002   0.829138784829483270478E-0002  -0.250000000000000000000E+0002   0.367884279134121161547E+0001
   0.487561458333333303017E+0004   0.187957421927114134985E-0001   0.130120539020418476712E-0003   0.219083905981823012792E-0013  -0.131509016384771747701E-0016   0.138004180179635120851E+0002   0.828348735529293826729E-0002  -0.250000000000000000000E+0002   0.368787548752859128953E+0001
   0.497797708333333321207E+0004   0.187957421949059601263E-0001   0.130120539021735023410E-0003   0.209682196956869690815E-0013  -0.125737540901103927056E-0016   0.138012314855511437628E+0002   0.827555517860247349948E-0002  -0.249999999999999964473E+0002   0.369690217606513105153E+0001
   0.508245208333333357587E+0004   0.187957421970497556840E-0001   0.130120539023019857194E-0003   0.200698834888169961843E-0013  -0.120227653339546813962E-0016   0.138020489114792415108E+0002   0.826759019398428350589E-0002  -0.250000000000000000000E+0002   0.370592567285318619241E+0001
   0.518911458333333393966E+0004   0.187957421991447291842E-0001   0.130120539024274170688E-0003   0.192112014133490340315E-0013  -0.114965587675376404178E-0016   0.138028705745443289743E+0002   0.825959152445785403651E-0002  -0.250000000000000000000E+0002   0.371494867375735893233E+0001
   0.529804375000000072760E+0004   0.187957422011927367811E-0001   0.130120539025499048092E-0003   0.183901425902549935788E-0013  -0.109938524309394376264E-0016   0.138036967639813390463E+0002   0.825155839126868496936E-0002  -0.250000000000000000000E+0002   0.372397392489435130614E+0001
   0.540932500000000072760E+0004   0.187957422031955825870E-0001   0.130120539026695682030E-0003   0.176047986598231747284E-0013  -0.105134421338532737405E-0016   0.138045277935061658781E+0002   0.824348997874038355582E-0002  -0.250000000000000000000E+0002   0.373300437200398471660E+0001
   0.552304791666666733363E+0004   0.187957422051549874475E-0001   0.130120539027865156703E-0003   0.168533581629862520108E-0013  -0.100541860138838647922E-0016   0.138053639835605963526E+0002   0.823538560858050674995E-0002  -0.250000000000000000000E+0002   0.374204296262068369927E+0001
   0.563930833333333430346E+0004   0.187957422070726166974E-0001   0.130120539029008502104E-0003   0.161341233023688252071E-0013  -0.961501409088479062756E-0017   0.138062056750110357939E+0002   0.822724460841650455378E-0002  -0.250000000000000000000E+0002   0.375109279164732134504E+0001
   0.575820625000000109139E+0004   0.187957422089500524043E-0001   0.130120539030126694015E-0003   0.154454862035891640235E-0013  -0.919491397115055357381E-0017   0.138070532120521409780E+0002   0.821906647868199564944E-0002  -0.250000000000000000000E+0002   0.376015691371563276491E+0001
   0.587984583333333466726E+0004   0.187957422107887829610E-0001   0.130120539031220708217E-0003   0.147859405202647935042E-0013  -0.879293748414367222174E-0017   0.138079069410670953744E+0002   0.821085090387269588008E-0002  -0.250000000000000000000E+0002   0.376923833089174964428E+0001
   0.600434166666666806123E+0004   0.187957422125902967602E-0001   0.130120539032291412072E-0003   0.141540809422891485854E-0013  -0.840819966683562808573E-0017   0.138087672524679483388E+0002   0.820259735058704100852E-0002  -0.250000000000000000000E+0002   0.377834043345590053775E+0001
   0.613181250000000181899E+0004   0.187957422143559954586E-0001   0.130120539033339672943E-0003   0.135485541977496950534E-0013  -0.803984982629967228728E-0017   0.138096345341669799467E+0002   0.819430551729014196305E-0002  -0.250000000000000000000E+0002   0.378746649952849834264E+0001
   0.626238333333333503106E+0004   0.187957422160872043848E-0001   0.130120539034366412400E-0003   0.129680991926528559863E-0013  -0.768709508129354517106E-0017   0.138105091844929326328E+0002   0.818597521064776470490E-0002  -0.250000000000000000000E+0002   0.379661983151699233829E+0001
   0.639618750000000181899E+0004   0.187957422177852107037E-0001   0.130120539035372335176E-0003   0.124115310299729576126E-0013  -0.734919050806137746236E-0017   0.138113916239363625493E+0002   0.817760623410156324564E-0002  -0.249999999999999964473E+0002   0.380580387509585316153E+0001
   0.653336666666666860692E+0004   0.187957422194512564773E-0001   0.130120539036358254421E-0003   0.118777272844536273723E-0013  -0.702543082116932026434E-0017   0.138122822922610204444E+0002   0.816919841751454975376E-0002  -0.250000000000000000000E+0002   0.381502218328846032236E+0001
   0.667369166666666842502E+0004   0.187957422210821047115E-0001   0.130120539037322272783E-0003   0.113653533209360514749E-0013  -0.671500571264829585349E-0017   0.138131792377263753480E+0002   0.816077426243787609761E-0002  -0.250000000000000000000E+0002   0.382425370251753093953E+0001
   0.681650625000000218279E+0004   0.187957422226702440538E-0001   0.130120539038260053452E-0003   0.108744465708739045030E-0013  -0.641793427700768171883E-0017   0.138140779465115048907E+0002   0.815237997989984482239E-0002  -0.249999999999999964473E+0002   0.383345175660175119248E+0001
   0.696162083333333521296E+0004   0.187957422242144046864E-0001   0.130120539039170837487E-0003   0.104067889590188785335E-0013  -0.613523780851582375231E-0017   0.138149770463518457575E+0002   0.814403174979658368848E-0002  -0.250000000000000000000E+0002   0.384260257859807197178E+0001
   0.710909791666666842502E+0004   0.187957422257164219470E-0001   0.130120539040055817510E-0003   0.996201441157111542656E-0014  -0.586665313122890166971E-0017   0.138158767803391366868E+0002   0.813573039237249114042E-0002  -0.249999999999999964473E+0002   0.385170894401936836360E+0001
   0.725900625000000218279E+0004   0.187957422271781381118E-0001   0.130120539040916077724E-0003   0.953877581791232923652E-0014  -0.561133959459997049185E-0017   0.138167774161654470788E+0002   0.812747641276053041370E-0002  -0.250000000000000000000E+0002   0.386077379719041946515E+0001
   0.741142083333333539485E+0004   0.187957422286013260682E-0001   0.130120539041752810751E-0003   0.913581014497407843962E-0014  -0.536850953300046096435E-0017   0.138176792416379701223E+0002   0.811927008583288901955E-0002  -0.249999999999999964473E+0002   0.386980022573468485092E+0001
   0.756642083333333539485E+0004   0.187957422299876719674E-0001   0.130120539042566992372E-0003   0.875193319882406676106E-0014  -0.513742510169075142585E-0017   0.138185825506630095560E+0002   0.811111158439284038457E-0002  -0.250000000000000000000E+0002   0.387879131740780280779E+0001
   0.772408750000000236469E+0004   0.187957422313387613466E-0001   0.130120539043359652581E-0003   0.838604049130202675543E-0014  -0.491739858580206612983E-0017   0.138194876304111655685E+0002   0.810300109299510844252E-0002  -0.250000000000000000000E+0002   0.388775003335658597692E+0001
   0.788450416666666933452E+0004   0.187957422326560791292E-0001   0.130120539044131658737E-0003   0.803710724348783002513E-0014  -0.470779211701257445832E-0017   0.138203947613092683611E+0002   0.809493880294203174697E-0002  -0.250000000000000000000E+0002   0.389667921121210314439E+0001
   0.804776250000000254659E+0004   0.187957422339410720746E-0001   0.130120539044883878205E-0003   0.770418431138048814523E-0014  -0.450801483732693103180E-0017   0.138213042516586046560E+0002   0.808692460184756711783E-0002  -0.250000000000000000000E+0002   0.390558190538698868366E+0001
   0.821395416666667006211E+0004   0.187957422351950759198E-0001   0.130120539045617232554E-0003   0.738637364242583750156E-0014  -0.431750851940623098276E-0017   0.138222163896720839915E+0002   0.807895849960795983669E-0002  -0.250000000000000000000E+0002   0.391446091505762083784E+0001
   0.838317916666667042591E+0004   0.187957422364193951769E-0001   0.130120539046332480727E-0003   0.708284853053648672511E-0014  -0.413575901362537346176E-0017   0.138231314891344876372E+0002   0.807104022540342837255E-0002  -0.250000000000000000000E+0002   0.392331923132747606431E+0001
   0.855553958333333685005E+0004   0.187957422376152441523E-0001   0.130120539047030327456E-0003   0.679282694874275070040E-0014  -0.396228059799920223748E-0017   0.138240498539653930976E+0002   0.806316953822709681088E-0002  -0.250000000000000000000E+0002   0.393215969080809557568E+0001
   0.873114375000000291038E+0004   0.187957422387837885802E-0001   0.130120539047711585891E-0003   0.651558391737693113713E-0014  -0.379662294419876506112E-0017   0.138249718000593730949E+0002   0.805534603760819055418E-0002  -0.250000000000000000000E+0002   0.394098518772007944122E+0001
   0.891010833333333539485E+0004   0.187957422399261595003E-0001   0.130120539048376852344E-0003   0.625043953900351873373E-0014  -0.363836392427721212751E-0017   0.138258976645867051047E+0002   0.804756908797598334571E-0002  -0.250000000000000000000E+0002   0.394979875920841738690E+0001
   0.909255208333333575865E+0004   0.187957422410434081550E-0001   0.130120539049026831546E-0003   0.599675099080928223474E-0014  -0.348710492791781281103E-0017   0.138268277721745249664E+0002   0.803983810764943677973E-0002  -0.250000000000000000000E+0002   0.395860326143446972225E+0001
   0.927860000000000218279E+0004   0.187957422421365406839E-0001   0.130120539049662119809E-0003   0.575392265630285638321E-0014  -0.334247654661228716580E-0017   0.138277624559213698774E+0002   0.803215239093367332213E-0002  -0.250000000000000000000E+0002   0.396740157091314094018E+0001
   0.946838750000000254659E+0004   0.187957422432065354712E-0001   0.130120539050283367654E-0003   0.552139664817190710718E-0014  -0.320413285037728735080E-0017   0.138287020766731494348E+0002   0.802451095250051107954E-0002  -0.250000000000000000000E+0002   0.397619676208732419909E+0001
   0.966205416666666860692E+0004   0.187957422442543119201E-0001   0.130120539050891062972E-0003   0.529864295766230764931E-0014  -0.307174565727472463299E-0017   0.138296469900397731578E+0002   0.801691280316572420228E-0002  -0.250000000000000000000E+0002   0.398499179453060126121E+0001
   0.985974791666666897072E+0004   0.187957422452807547397E-0001   0.130120539051485747863E-0003   0.508516856654609481631E-0014  -0.294500966014267042269E-0017   0.138305975658928979044E+0002   0.800935679297016915601E-0002  -0.249999999999999964473E+0002   0.399378969485497314906E+0001
   0.100616250000000018190E+0005   0.187957422462867104751E-0001   0.130120539052068018640E-0003   0.488050918381019131769E-0014  -0.282363752612128954628E-0017   0.138315541866023767881E+0002   0.800184162920554269138E-0002  -0.250000000000000000000E+0002   0.400259353684010399377E+0001
   0.102678479166666693345E+0005   0.187957422472729770990E-0001   0.130120539052638308983E-0003   0.468422749310212495681E-0014  -0.270735881844380510640E-0017   0.138325172356465841972E+0002   0.799436596975577548618E-0002  -0.250000000000000000000E+0002   0.401140633468911023130E+0001
   0.104785916666666689707E+0005   0.187957422482403387065E-0001   0.130120539053197106782E-0003   0.449591551761367437702E-0014  -0.259592120298827367608E-0017   0.138334871252601452341E+0002   0.798692821074241908474E-0002  -0.250000000000000000000E+0002   0.402023129353765718008E+0001
   0.106940395833333350311E+0005   0.187957422491895377592E-0001   0.130120539053744899930E-0003   0.431518512118420871054E-0014  -0.248908492584228215017E-0017   0.138344642747215704759E+0002   0.797952666206263629134E-0002  -0.250000000000000000000E+0002   0.402907160615728621167E+0001
   0.109143833333333350311E+0005   0.187957422501212785548E-0001   0.130120539054282013686E-0003   0.414167208826785603075E-0014  -0.238662510335233821020E-0017   0.138354491088418214417E+0002   0.797215956278587989381E-0002  -0.249999999999999964473E+0002   0.403793043799506445879E+0001
   0.111398250000000025466E+0005   0.187957422510362341661E-0001   0.130120539054808990152E-0003   0.397503511281236731578E-0014  -0.228833104260240032200E-0017   0.138364420656761009099E+0002   0.796482502641993918291E-0002  -0.250000000000000000000E+0002   0.404681099441129887850E+0001
   0.113704541666666700621E+0005   0.187957422519345641876E-0001   0.130120539055325829328E-0003   0.381493234034559939088E-0014  -0.219399369814271192300E-0017   0.138374430640408121462E+0002   0.795752494249867686760E-0002  -0.250000000000000000000E+0002   0.405571180387118523925E+0001
   0.116047916666666696983E+0005   0.187957422528105301540E-0001   0.130120539055829332817E-0003   0.366089820342768298622E-0014  -0.210334597168919698581E-0017   0.138384453460147067716E+0002   0.795030925554943319888E-0002  -0.250000000000000000000E+0002   0.406457267247612819006E+0001
   0.118429041666666689707E+0005   0.187957422536647704436E-0001   0.130120539056319880090E-0003   0.351393969337281554309E-0014  -0.201695418067242664165E-0017   0.138394490062382420348E+0002   0.794317685909503960751E-0002  -0.249999999999999964473E+0002   0.407339483893434994854E+0001
   0.120849020833333361225E+0005   0.187957422544981975210E-0001   0.130120539056797959038E-0003   0.337368799033041218860E-0014  -0.193459171146966784286E-0017   0.138404543254267764496E+0002   0.793612475328715587242E-0002  -0.250000000000000000000E+0002   0.408218102839240692958E+0001
   0.123309000000000032742E+0005   0.187957422553116752784E-0001   0.130120539057264220182E-0003   0.323976787096986008433E-0014  -0.185602930258745545893E-0017   0.138414615845409656458E+0002   0.792914990718055455454E-0002  -0.250000000000000000000E+0002   0.409093390666249057119E+0001
   0.125810208333333357587E+0005   0.187957422561060363830E-0001   0.130120539057719042993E-0003   0.311183002979725753669E-0014  -0.178105366327699580327E-0017   0.138424710808815643048E+0002   0.792224917375188887603E-0002  -0.249999999999999964473E+0002   0.409965622195822909646E+0001
   0.128353937500000029104E+0005   0.187957422568820753384E-0001   0.130120539058162969573E-0003   0.298954630527339129252E-0014  -0.170946466176767547001E-0017   0.138434831183854498704E+0002   0.791541937439864569381E-0002  -0.250000000000000000000E+0002   0.410835071823128128443E+0001
   0.130941500000000032742E+0005   0.187957422576405380754E-0001   0.130120539058596433601E-0003   0.287260928668714439276E-0014  -0.164107504148355104070E-0017   0.138444979905269534015E+0002   0.790865742939066834749E-0002  -0.250000000000000000000E+0002   0.411701998892309006806E+0001
   0.133574333333333361225E+0005   0.187957422583821462392E-0001   0.130120539059019922970E-0003   0.276073432517477785856E-0014  -0.157571143500895109837E-0017   0.138455160207151308782E+0002   0.790196010018063416114E-0002  -0.250000000000000000000E+0002   0.412566682187648492430E+0001
   0.136253916666666700621E+0005   0.187957422591075867802E-0001   0.130120539059433762939E-0003   0.265365137446692032885E-0014  -0.151320966881688501897E-0017   0.138465375282885307939E+0002   0.789532423284822898468E-0002  -0.250000000000000000000E+0002   0.413429390621642944836E+0001
   0.138980979166666693345E+0005   0.187957422598172968486E-0001   0.130120539059838224560E-0003   0.255110112681187522545E-0014  -0.145341283849005511894E-0017   0.138475625323167434999E+0002   0.788874868000495090004E-0002  -0.249999999999999964473E+0002   0.414290135866207620552E+0001
   0.141746333333333368500E+0005   0.187957422605091982459E-0001   0.130120539060232223629E-0003   0.245278756699338150559E-0014  -0.139614781658174494425E-0017   0.138485873920845108387E+0002   0.788225561044758084306E-0002  -0.249999999999999964473E+0002   0.415145887817206737935E+0001
   0.144550979166666693345E+0005   0.187957422611839813920E-0001   0.130120539060616139618E-0003   0.235894339557465737062E-0014  -0.134153870308960078277E-0017   0.138496123645960320658E+0002   0.787584181316292389341E-0002  -0.250000000000000000000E+0002   0.415996910953096410424E+0001
   0.147396270833333364862E+0005   0.187957422618424407901E-0001   0.130120539060990406208E-0003   0.226931850196806028135E-0014  -0.128943432148937677317E-0017   0.138506378275286259338E+0002   0.786950316742497484046E-0002  -0.249999999999999964473E+0002   0.416843556947647364552E+0001
   0.150283562500000025466E+0005   0.187957422624853154325E-0001   0.130120539061355511290E-0003   0.218366745198545986123E-0014  -0.123968688564654082088E-0017   0.138516641387380801120E+0002   0.786323583213825380578E-0002  -0.250000000000000000000E+0002   0.417686153306339047475E+0001
   0.153214270833333357587E+0005   0.187957422631133061475E-0001   0.130120539061711888544E-0003   0.210176443554816529159E-0014  -0.119216048100006181063E-0017   0.138526916588229376259E+0002   0.785703611537671639531E-0002  -0.250000000000000000000E+0002   0.418525022513165279037E+0001
   0.156189895833333357587E+0005   0.187957422637270755994E-0001   0.130120539062059863231E-0003   0.202339938228421598979E-0014  -0.114672878055806853980E-0017   0.138537207578081158488E+0002   0.785090043649926822011E-0002  -0.250000000000000000000E+0002   0.419360487466674314305E+0001
   0.159211958333333350311E+0005   0.187957422643272448193E-0001   0.130120539062399814823E-0003   0.194837569030921366054E-0014  -0.110327371397169000924E-0017   0.138547517929462777886E+0002   0.784482546204517093569E-0002  -0.249999999999999964473E+0002   0.420192853548038058875E+0001
   0.162282041666666682431E+0005   0.187957422649144001436E-0001   0.130120539062732122788E-0003   0.187651150145568416338E-0014  -0.106168612288460567226E-0017   0.138557851231100421785E+0002   0.783880801858130929483E-0002  -0.250000000000000000000E+0002   0.421022420564707644530E+0001
   0.165401812500000014552E+0005   0.187957422654891036229E-0001   0.130120539063057112390E-0003   0.180763730879862283731E-0014  -0.102186434643271328824E-0017   0.138568211152158848876E+0002   0.783284505375938730487E-0002  -0.250000000000000000000E+0002   0.421849487910263576396E+0001
   0.168573000000000029104E+0005   0.187957422660518860824E-0001   0.130120539063375108887E-0003   0.174159436029473674489E-0014  -0.983713277205090218052E-0018   0.138578601365133167178E+0002   0.782693367996848202162E-0002  -0.250000000000000000000E+0002   0.422674348392880272485E+0001
   0.171797395833333357587E+0005   0.187957422666032505920E-0001   0.130120539063686383330E-0003   0.167823449976744482632E-0014  -0.947144230036873422843E-0018   0.138589025541312764744E+0002   0.782107117339732142713E-0002  -0.250000000000000000000E+0002   0.423497287988237758327E+0001
   0.175076875000000036380E+0005   0.187957422671436689965E-0001   0.130120539063991260981E-0003   0.161741949292042741680E-0014  -0.912074517566408632472E-0018   0.138599487412676882769E+0002   0.781525493383424321725E-0002  -0.250000000000000000000E+0002   0.424318590778144155706E+0001
   0.178413395833333379414E+0005   0.187957422676735992628E-0001   0.130120539064289958680E-0003   0.155901981685586832072E-0014  -0.878426731520440758733E-0018   0.138609990763542416659E+0002   0.780948248381134989271E-0002  -0.250000000000000000000E+0002   0.425138538253776587794E+0001
   0.181808020833333393966E+0005   0.187957422681933224162E-0001   0.130120539064582639056E-0003   0.150290954760256659323E-0014  -0.846126003337730278171E-0018   0.138620536394810685010E+0002   0.780375312431802123370E-0002  -0.250000000000000000000E+0002   0.425957174743150446261E+0001
   0.185261416666666737001E+0005   0.187957422687030431541E-0001   0.130120539064869464741E-0003   0.144898864885144273027E-0014  -0.815112416950839015194E-0018   0.138631123834713267939E+0002   0.779806692995760591253E-0002  -0.250000000000000000000E+0002   0.426774445835928872839E+0001
   0.188775666666666729725E+0005   0.187957422692031674016E-0001   0.130120539065150706785E-0003   0.139717583493620572215E-0014  -0.785336613912914064203E-0018   0.138641756882938658180E+0002   0.779242172056210727349E-0002  -0.250000000000000000000E+0002   0.427590624429230636849E+0001
   0.192353000000000065484E+0005   0.187957422696940906759E-0001   0.130120539065426527817E-0003   0.134736734228711516239E-0014  -0.756736791871901723263E-0018   0.138652439565899321394E+0002   0.778681527922425124194E-0002  -0.250000000000000000000E+0002   0.428405993494461512228E+0001
   0.195995729166666715173E+0005   0.187957422701761911465E-0001   0.130120539065697144680E-0003   0.129946479343046611419E-0014  -0.729254429661964655486E-0018   0.138663175925894464058E+0002   0.778124548547982387847E-0002  -0.250000000000000000000E+0002   0.429220830385703155940E+0001
   0.199706291666666729725E+0005   0.187957422706498331055E-0001   0.130120539065962828422E-0003   0.125337620777845425092E-0014  -0.702834833116663360267E-0018   0.138673970134763777651E+0002   0.777571024338387720154E-0002  -0.250000000000000000000E+0002   0.430035415455437508570E+0001
   0.203487250000000058208E+0005   0.187957422711153600281E-0001   0.130120539066223795885E-0003   0.120901490885054407023E-0014  -0.677426501542424635898E-0018   0.138684826479905272123E+0002   0.777020747554453203310E-0002  -0.250000000000000000000E+0002   0.430850030795168770226E+0001
   0.207341270833333401242E+0005   0.187957422715731015117E-0001   0.130120539066480155489E-0003   0.116629919464939549024E-0014  -0.652980928084983302539E-0018   0.138695749291796328606E+0002   0.776473514619692439798E-0002  -0.250000000000000000000E+0002   0.431664954685541690793E+0001
   0.211271125000000065484E+0005   0.187957422720233698066E-0001   0.130120539066732124073E-0003   0.112515237918648415100E-0014  -0.629452606462731132853E-0018   0.138706742934483191476E+0002   0.775929124978629470438E-0002  -0.249999999999999964473E+0002   0.432480460885290884931E+0001
   0.215279750000000058208E+0005   0.187957422724664702240E-0001   0.130120539066979864270E-0003   0.108550266562047903918E-0014  -0.606798937265413410496E-0018   0.138717811968322202176E+0002   0.775387371278051049789E-0002  -0.250000000000000000000E+0002   0.433296830572892677225E+0001
   0.219370187500000065484E+0005   0.187957422729026872588E-0001   0.130120539067223592918E-0003   0.104728186723806424755E-0014  -0.584979504518228144586E-0018   0.138728960960857570228E+0002   0.774848047095671142726E-0002  -0.249999999999999964473E+0002   0.434114338170145774853E+0001
   0.223545645833333401242E+0005   0.187957422733322949970E-0001   0.130120539067463472649E-0003   0.101042622089234942053E-0014  -0.563956512684731396713E-0018   0.138740194645657926031E+0002   0.774310937427761560026E-0002  -0.250000000000000000000E+0002   0.434933262938616582716E+0001
   0.227809437500000058208E+0005   0.187957422737555571168E-0001   0.130120539067699611882E-0003   0.974875220644289571478E-0015  -0.543694128265171863703E-0018   0.138751517738657277334E+0002   0.773775825745244127257E-0002  -0.250000000000000000000E+0002   0.435753875416453784197E+0001
   0.232165020833333401242E+0005   0.187957422741727164794E-0001   0.130120539067932173248E-0003   0.940572282767168059432E-0015  -0.524158837064888186368E-0018   0.138762935039113752822E+0002   0.773242487240190148196E-0002  -0.250000000000000000000E+0002   0.436576444774779126590E+0001
   0.236583104166666744277E+0005   0.187957422745809524245E-0001   0.130120539068159584654E-0003   0.907387152938292557239E-0015  -0.505278667260697097963E-0018   0.138774366676409837140E+0002   0.772714648861018340437E-0002  -0.250000000000000000000E+0002   0.437395198984456090585E+0001
   0.241062875000000094587E+0005   0.187957422749803308715E-0001   0.130120539068381846099E-0003   0.875574553247874764345E-0015  -0.487194001078151796954E-0018   0.138785809082326334618E+0002   0.772192395815589956859E-0002  -0.249999999999999964473E+0002   0.438209918529920017249E+0001
   0.245606645833333423070E+0005   0.187957422753712577457E-0001   0.130120539068599282845E-0003   0.845086539787936660000E-0015  -0.469875892351488581008E-0018   0.138797266872775395541E+0002   0.771675355131794422914E-0002  -0.250000000000000000000E+0002   0.439020954354199144376E+0001
   0.250216958333333423070E+0005   0.187957422757541424418E-0001   0.130120539068812111731E-0003   0.815849721663427884871E-0015  -0.453281307960077950729E-0018   0.138808745015299859205E+0002   0.771163126995657796647E-0002  -0.250000000000000000000E+0002   0.439828673282801485556E+0001
   0.254896437500000101863E+0005   0.187957422761293665991E-0001   0.130120539069020495389E-0003   0.787794697032967000366E-0015  -0.437369608013040661504E-0018   0.138820248430160209097E+0002   0.770655309047355019381E-0002  -0.250000000000000000000E+0002   0.440633430866683362126E+0001
   0.259645708333333423070E+0005   0.187957422764971279761E-0001   0.130120539069224542238E-0003   0.760853204332802590515E-0015  -0.422101072128869154999E-0018   0.138831776952007075465E+0002   0.770151718990956437455E-0002  -0.250000000000000000000E+0002   0.441435223005410648511E+0001
   0.264448770833333437622E+0005   0.187957422768563614524E-0001   0.130120539069423764387E-0003   0.734947680684904090059E-0015  -0.407431858106862441943E-0018   0.138843290720103986757E+0002   0.769653903711835229995E-0002  -0.250000000000000000000E+0002   0.442231315918274869858E+0001
   0.269307458333333452174E+0005   0.187957422772074382589E-0001   0.130120539069618270257E-0003   0.710149546089118716248E-0015  -0.393399900360756080681E-0018   0.138854793803216551851E+0002   0.769161454083794066811E-0002  -0.250000000000000000000E+0002   0.443022049956364760703E+0001
   0.274224104166666802485E+0005   0.187957422775507677903E-0001   0.130120539069808385108E-0003   0.686396032188519154556E-0015  -0.379968586101886752365E-0018   0.138866291333588680601E+0002   0.768673878824997682674E-0002  -0.250000000000000000000E+0002   0.443807824445255683088E+0001
   0.279201104166666809760E+0005   0.187957422778867316859E-0001   0.130120539069994325780E-0003   0.663626131989993934510E-0015  -0.367102416345794232560E-0018   0.138877788346823827226E+0002   0.768190691136712809628E-0002  -0.250000000000000000000E+0002   0.444589023736025712452E+0001
   0.284240916666666817036E+0005   0.187957422782156942376E-0001   0.130120539070176200695E-0003   0.641783422158004858492E-0015  -0.354768578978295430162E-0018   0.138889289782564997466E+0002   0.767711409736213882399E-0002  -0.250000000000000000000E+0002   0.445366017754531728912E+0001
   0.289346104166666809760E+0005   0.187957422785379954511E-0001   0.130120539070354280901E-0003   0.620815723982448100349E-0015  -0.342936745510674142134E-0018   0.138900800580741456969E+0002   0.767235555153935201017E-0002  -0.250000000000000000000E+0002   0.446139168761072468783E+0001
   0.294519270833333466726E+0005   0.187957422788539545155E-0001   0.130120539070528783241E-0003   0.600674432946764320290E-0015  -0.331578690099006094906E-0018   0.138912325539890311177E+0002   0.766762656153845145734E-0002  -0.249999999999999964473E+0002   0.446908822049833176493E+0001
   0.299763125000000145519E+0005   0.187957422791638732729E-0001   0.130120539070699761924E-0003   0.581314643592753422600E-0015  -0.320668344920832762128E-0018   0.138923869458991191550E+0002   0.766292244445568662692E-0002  -0.250000000000000000000E+0002   0.447675315726161748842E+0001
   0.305080479166666809760E+0005   0.187957422794680396871E-0001   0.130120539070867488000E-0003   0.562694521603105927697E-0015  -0.310181442778202839524E-0018   0.138935437134381789548E+0002   0.765823855469894947123E-0002  -0.250000000000000000000E+0002   0.448438980587492075358E+0001
   0.310474208333333481278E+0005   0.187957422797667209058E-0001   0.130120539071032069890E-0003   0.544775025756255368728E-0015  -0.300095356049727465793E-0018   0.138947033267188917449E+0002   0.765357032994473315823E-0002  -0.250000000000000000000E+0002   0.449200134177803267477E+0001
   0.315947333333333481278E+0005   0.187957422800601701984E-0001   0.130120539071193670223E-0003   0.527519977551827515599E-0015  -0.290389124024190639496E-0018   0.138958662641466386134E+0002   0.764891322715817618960E-0002  -0.250000000000000000000E+0002   0.449959092633192980770E+0001
   0.321502937500000152795E+0005   0.187957422803486304264E-0001   0.130120539071352397421E-0003   0.510895387959749734176E-0015  -0.281043076682088830173E-0018   0.138970329941702530618E+0002   0.764426280528990829966E-0002  -0.250000000000000000000E+0002   0.450716158796856625202E+0001
   0.327144229166666809760E+0005   0.187957422806323305731E-0001   0.130120539071508359904E-0003   0.494869718001500023304E-0015  -0.272038969692782306048E-0018   0.138982039883562826788E+0002   0.763961468249794908164E-0002  -0.250000000000000000000E+0002   0.451471630892225839204E+0001
   0.332874562500000174623E+0005   0.187957422809114892137E-0001   0.130120539071661774511E-0003   0.479413461949663813128E-0015  -0.263359747833222295052E-0018   0.138993797250979902458E+0002   0.763496453069960681614E-0002  -0.250000000000000000000E+0002   0.452225804877316495123E+0001
   0.338697375000000174623E+0005   0.187957422811863110457E-0001   0.130120539071812695454E-0003   0.464498877462704588473E-0015  -0.254989392671780598685E-0018   0.139005606761877142930E+0002   0.763030813956651170205E-0002  -0.250000000000000000000E+0002   0.452978965849965220514E+0001
   0.344616270833333474002E+0005   0.187957422814569903580E-0001   0.130120539071961231151E-0003   0.450100168835216330788E-0015  -0.246913015994224688684E-0018   0.139017473233788901865E+0002   0.762564136116754276440E-0002  -0.250000000000000000000E+0002   0.453731398687211129328E+0001
   0.350634958333333488554E+0005   0.187957422817237145007E-0001   0.130120539072107490024E-0003   0.436193010020741218350E-0015  -0.239116594341620045120E-0018   0.139029401450637006832E+0002   0.762096017269755718337E-0002  -0.250000000000000000000E+0002   0.454483379529638131800E+0001
   0.356757291666666787933E+0005   0.187957422819866604158E-0001   0.130120539072251580493E-0003   0.422754695521894162998E-0015  -0.231587046558366501450E-0018   0.139041396241017718438E+0002   0.761626065611655835019E-0002  -0.250000000000000000000E+0002   0.455235180783175419350E+0001
   0.362985604166666817036E+0005   0.187957422822459287171E-0001   0.130120539072393556768E-0003   0.409762581254323702308E-0015  -0.224311411635028295153E-0018   0.139053459254711082593E+0002   0.761154028442385510028E-0002  -0.249999999999999964473E+0002   0.455986871198127374782E+0001
   0.369301583333333474002E+0005   0.187957422825007700040E-0001   0.130120539072532985167E-0003   0.397184340377590623719E-0015  -0.217271909971338493459E-0018   0.139065552645494339146E+0002   0.760681230633870279073E-0002  -0.250000000000000000000E+0002   0.456736083378558532786E+0001
   0.375708250000000116415E+0005   0.187957422827513577490E-0001   0.130120539072670028322E-0003   0.385060371735846732387E-0015  -0.210490157121502315775E-0018   0.139077680418507085847E+0002   0.760207372306632555431E-0002  -0.250000000000000000000E+0002   0.457483074235316600209E+0001
   0.382209166666666787933E+0005   0.187957422829978897105E-0001   0.130120539072804740442E-0003   0.373368895233545221770E-0015  -0.203953673291773669344E-0018   0.139089847491052758244E+0002   0.759732116086890042761E-0002  -0.249999999999999964473E+0002   0.458228144920403668294E+0001
   0.388808020833333430346E+0005   0.187957422832405567081E-0001   0.130120539072937229947E-0003   0.362088434731344217210E-0015  -0.197650178058792430082E-0018   0.139102058785888758052E+0002   0.759255143481140856720E-0002  -0.250000000000000000000E+0002   0.458971589933981150011E+0001
   0.395508645833333430346E+0005   0.187957422834795391531E-0001   0.130120539073067605258E-0003   0.351198921696722971452E-0015  -0.191568204853605349522E-0018   0.139114319263580021868E+0002   0.758776153999048130760E-0002  -0.249999999999999964473E+0002   0.459713699249416052339E+0001
   0.402315000000000072760E+0005   0.187957422837150070483E-0001   0.130120539073196029006E-0003   0.340681537283054785873E-0015  -0.185697011326176009601E-0018   0.139126633879071359701E+0002   0.758294866793875459859E-0002  -0.249999999999999964473E+0002   0.460454755713326591149E+0001
   0.409231187500000087311E+0005   0.187957422839471234577E-0001   0.130120539073322501189E-0003   0.330518687640388777267E-0015  -0.180026561863049360504E-0018   0.139139007615017433750E+0002   0.757811019231033246996E-0002  -0.250000000000000000000E+0002   0.461195037111475247826E+0001
   0.416261479166666758829E+0005   0.187957422841760410370E-0001   0.130120539073447130229E-0003   0.320693887902690596210E-0015  -0.174547460547575397433E-0018   0.139151445512826015261E+0002   0.757324365451275249156E-0002  -0.250000000000000000000E+0002   0.461934818015520409773E+0001
   0.423410291666666744277E+0005   0.187957422844019089725E-0001   0.130120539073570024545E-0003   0.311191638462912054475E-0015  -0.169250880975792660024E-0018   0.139163952628708216253E+0002   0.756834677828006115868E-0002  -0.250000000000000000000E+0002   0.462674367150426579798E+0001
   0.430682166666666744277E+0005   0.187957422846248695114E-0001   0.130120539073691238348E-0003   0.301997393852825704139E-0015  -0.164128546811258348807E-0018   0.139176533992164852549E+0002   0.756341748309129549566E-0002  -0.249999999999999964473E+0002   0.463413945001961380399E+0001
   0.438081833333333415794E+0005   0.187957422848450510233E-0001   0.130120539073810825847E-0003   0.293097568645478162380E-0015  -0.159172731385749627250E-0018   0.139189194709062764588E+0002   0.755845383981463159878E-0002  -0.250000000000000000000E+0002   0.464153809912243087155E+0001
   0.445614145833333386690E+0005   0.187957422850625818778E-0001   0.130120539073928949674E-0003   0.284479334692256448035E-0015  -0.154376145785747584089E-0018   0.139201939847178959297E+0002   0.755345411137307159999E-0002  -0.249999999999999964473E+0002   0.464894211368623633263E+0001
   0.453271125000000029104E+0005   0.187957422852772157440E-0001   0.130120539074045338777E-0003   0.276124713537100125927E-0015  -0.149728897508460016833E-0018   0.139214752820906344510E+0002   0.754842530891923491065E-0002  -0.250000000000000000000E+0002   0.465634148318145424383E+0001
   0.461029937500000014552E+0005   0.187957422854883211827E-0001   0.130120539074159776317E-0003   0.268029963619254731406E-0015  -0.145229022079827413929E-0018   0.139227593199369206189E+0002   0.754338414154555499114E-0002  -0.250000000000000000000E+0002   0.466371283576945927507E+0001
   0.468893520833333313931E+0005   0.187957422856960265634E-0001   0.130120539074272262292E-0003   0.260222473794361656556E-0015  -0.140891094193741599474E-0018   0.139240464299858732744E+0002   0.753833023288902250719E-0002  -0.249999999999999964473E+0002   0.467105821281841837589E+0001
   0.476864499999999970896E+0005   0.187957422859004533167E-0001   0.130120539074382905124E-0003   0.252688651143370624275E-0015  -0.136707430840496897291E-0018   0.139253368887819117816E+0002   0.753326340201636995841E-0002  -0.249999999999999964473E+0002   0.467837924145675643217E+0001
   0.484942437499999941792E+0005   0.187957422861016430760E-0001   0.130120539074491704812E-0003   0.245415005228247352021E-0015  -0.132670451307910403213E-0018   0.139266304719105367127E+0002   0.752818556820537311547E-0002  -0.250000000000000000000E+0002   0.468567470197952751221E+0001
   0.493125062499999912689E+0005   0.187957422862995889024E-0001   0.130120539074598661356E-0003   0.238392058046175380085E-0015  -0.128774784946582172508E-0018   0.139279266739758771365E+0002   0.752309987724660185482E-0002  -0.249999999999999964473E+0002   0.469294184337473208046E+0001
   0.501404249999999883585E+0005   0.187957422864941589569E-0001   0.130120539074703720547E-0003   0.231610662901724467314E-0015  -0.125015310471727892290E-0018   0.139292240961458908544E+0002   0.751801309394351836846E-0002  -0.250000000000000000000E+0002   0.470017302993492869234E+0001
   0.509784187499999898137E+0005   0.187957422866855128341E-0001   0.130120539074806936593E-0003   0.225072763239799251823E-0015  -0.121392776502869164193E-0018   0.139305233004049711099E+0002   0.751292431524902201700E-0002  -0.250000000000000000000E+0002   0.470737162561815303263E+0001
   0.518269416666666584206E+0005   0.187957422868738240063E-0001   0.130120539074908472127E-0003   0.218765657649769331065E-0015  -0.117900019217497052114E-0018   0.139318248839570522080E+0002   0.750783248815353656397E-0002  -0.250000000000000000000E+0002   0.471454108798526227986E+0001
   0.526864583333333284827E+0005   0.187957422870592451292E-0001   0.130120539075008327147E-0003   0.212677267240924259481E-0015  -0.114530229925122800776E-0018   0.139331294350733578824E+0002   0.750273664074202137342E-0002  -0.249999999999999964473E+0002   0.472168474821072514658E+0001
   0.535574499999999970896E+0005   0.187957422872419288584E-0001   0.130120539075106664284E-0003   0.206796386803810122764E-0015  -0.111277092690247418131E-0018   0.139344375425097890542E+0002   0.749763583949341737983E-0002  -0.250000000000000000000E+0002   0.472880586534900881901E+0001
   0.544404062500000000000E+0005   0.187957422874220174414E-0001   0.130120539075203537748E-0003   0.201112529333780012250E-0015  -0.108134699299378892564E-0018   0.139357497828170586729E+0002   0.749252923313485207774E-0002  -0.249999999999999964473E+0002   0.473590755903458227039E+0001
   0.553358354166666686069E+0005   0.187957422875996461864E-0001   0.130120539075299001749E-0003   0.195615982597311435910E-0015  -0.105097577018488079311E-0018   0.139370667358639721556E+0002   0.748741598709593784294E-0002  -0.250000000000000000000E+0002   0.474299289576182481198E+0001
   0.562442541666666656965E+0005   0.187957422877749365242E-0001   0.130120539075393164708E-0003   0.190297624662509960960E-0015  -0.102160588466773353301E-0018   0.139383889692136495597E+0002   0.748229534029655821148E-0002  -0.250000000000000000000E+0002   0.475006480604880287899E+0001
   0.571661958333333313931E+0005   0.187957422879480133548E-0001   0.130120539075486026624E-0003   0.185148996164681458099E-0015  -0.993189683269246682393E-0019   0.139397170503031802014E+0002   0.747716655455684352238E-0002  -0.250000000000000000000E+0002   0.475712615189391918591E+0001
   0.581022083333333284827E+0005   0.187957422881189877006E-0001   0.130120539075577695918E-0003   0.180162173664146030209E-0015  -0.965682540225455277137E-0019   0.139410515431157566724E+0002   0.747202892456273314731E-0002  -0.250000000000000000000E+0002   0.476417970997300344038E+0001
   0.590527770833333270275E+0005   0.187957422882879532366E-0001   0.130120539075668226799E-0003   0.175329559476836580266E-0015  -0.939041770890204948406E-0019   0.139423928994746333387E+0002   0.746688219631938630144E-0002  -0.249999999999999964473E+0002   0.477122760475989071693E+0001
   0.600143833333333241171E+0005   0.187957422884542993402E-0001   0.130120539075757239798E-0003   0.170635069189436839129E-0015  -0.913182012198564433467E-0019   0.139437359745662075028E+0002   0.746174770154122649762E-0002  -0.249999999999999964473E+0002   0.477824283034219998711E+0001
   0.609874145833333241171E+0005   0.187957422886181335642E-0001   0.130120539075844897543E-0003   0.166101086604525015344E-0015  -0.888221387011687167093E-0019   0.139450812040317373430E+0002   0.745662523934930918101E-0002  -0.250000000000000000000E+0002   0.478522790483966087294E+0001
   0.619723395833333270275E+0005   0.187957422887795773392E-0001   0.130120539075931200036E-0003   0.161720002927755183898E-0015  -0.864117065446792789888E-0019   0.139464291295000197834E+0002   0.745151396974650347127E-0002  -0.250000000000000000000E+0002   0.479218576958147401967E+0001
   0.629696437499999956344E+0005   0.187957422889387555653E-0001   0.130120539076016201487E-0003   0.157484239618300478457E-0015  -0.840826429106673328406E-0019   0.139477802937721406806E+0002   0.744641302616146603943E-0002  -0.250000000000000000000E+0002   0.479911930576624712330E+0001
   0.639798229166666642413E+0005   0.187957422890957792649E-0001   0.130120539076100010314E-0003   0.153386686758212587943E-0015  -0.818309507051377592275E-0019   0.139491352319542070148E+0002   0.744132155352631146500E-0002  -0.249999999999999964473E+0002   0.480603129142415141928E+0001
   0.650033833333333313931E+0005   0.187957422892507559908E-0001   0.130120539076182626520E-0003   0.149420708853404568694E-0015  -0.796528997004248189208E-0019   0.139504944715584802140E+0002   0.743623870851969296508E-0002  -0.250000000000000000000E+0002   0.481292440412248279102E+0001
   0.660408458333333255723E+0005   0.187957422894037863570E-0001   0.130120539076264158523E-0003   0.145580116849933347810E-0015  -0.775450102602960559691E-0019   0.139518585380693256326E+0002   0.743116363875786448828E-0002  -0.250000000000000000000E+0002   0.481980125087125443883E+0001
   0.670927458333333197515E+0005   0.187957422895549709774E-0001   0.130120539076344660535E-0003   0.141859111481467038228E-0015  -0.755040221070607338360E-0019   0.139532279547710142964E+0002   0.742609548370834395697E-0002  -0.250000000000000000000E+0002   0.482666436829783229712E+0001
   0.681596291666666511446E+0005   0.187957422897044000576E-0001   0.130120539076424186764E-0003   0.138252249030550460394E-0015  -0.735268753806619882609E-0019   0.139546032371997501542E+0002   0.742103339550195025692E-0002  -0.250000000000000000000E+0002   0.483351619622019690325E+0001
   0.692412729166666540550E+0005   0.187957422898520527810E-0001   0.130120539076502683001E-0003   0.134753101707477724144E-0015  -0.716100330468431252100E-0019   0.139559839012534379066E+0002   0.741598020174300508189E-0002  -0.249999999999999964473E+0002   0.484035419262377875071E+0001
   0.703366270833333255723E+0005   0.187957422899978007780E-0001   0.130120539076580095036E-0003   0.131358059552574569788E-0015  -0.697515016932529495529E-0019   0.139573684358561553864E+0002   0.741094244362363110956E-0002  -0.250000000000000000000E+0002   0.484717085658628654699E+0001
   0.714459833333333226619E+0005   0.187957422901417030292E-0001   0.130120539076656477080E-0003   0.128069517358215851792E-0015  -0.679524201525219748476E-0019   0.139587570606472723966E+0002   0.740592019614911764580E-0002  -0.250000000000000000000E+0002   0.485396730190416203499E+0001
   0.725698624999999883585E+0005   0.187957422902838532097E-0001   0.130120539076731829130E-0003   0.124883566984303993743E-0015  -0.662105657039598206965E-0019   0.139601502737418314837E+0002   0.740091239815882009218E-0002  -0.250000000000000000000E+0002   0.486074594692102301963E+0001
   0.737087958333333226619E+0005   0.187957422904243345863E-0001   0.130120539076806313820E-0003   0.121795538789388753555E-0015  -0.645233170915445730154E-0019   0.139615485671431205361E+0002   0.739591797061929165369E-0002  -0.249999999999999964473E+0002   0.486750912283876324693E+0001
   0.748633291666666627862E+0005   0.187957422905632269561E-0001   0.130120539076879822727E-0003   0.118801064745395298867E-0015  -0.628882216612107425554E-0019   0.139629524312036750189E+0002   0.739093581206907643266E-0002  -0.250000000000000000000E+0002   0.487425909990542027828E+0001
   0.760340187500000029104E+0005   0.187957422907006101165E-0001   0.130120539076952518483E-0003   0.115896034158613056498E-0015  -0.613029716636477585510E-0019   0.139643623494324913281E+0002   0.738596481649378844986E-0002  -0.250000000000000000000E+0002   0.488099806363682731103E+0001
   0.772214270833333430346E+0005   0.187957422908365569258E-0001   0.130120539077024401087E-0003   0.113076587141625892966E-0015  -0.597654003022347393852E-0019   0.139657787935585133710E+0002   0.738100388974696330208E-0002  -0.250000000000000000000E+0002   0.488772809320751555617E+0001
   0.784261291666666802485E+0005   0.187957422909711367731E-0001   0.130120539077095524749E-0003   0.110339120248070409148E-0015  -0.582734838667359556655E-0019   0.139672022311406447415E+0002   0.737605192116587687207E-0002  -0.250000000000000000000E+0002   0.489445119957483143480E+0001
   0.796487083333333430346E+0005   0.187957422911044155778E-0001   0.130120539077165889470E-0003   0.107680239492540398366E-0015  -0.568253164254422576730E-0019   0.139686331206045526443E+0002   0.737110779945258139806E-0002  -0.250000000000000000000E+0002   0.490116930342980872126E+0001
   0.808897604166666715173E+0005   0.187957422912364523204E-0001   0.130120539077235549460E-0003   0.105096765609746881326E-0015  -0.554191119447817794210E-0019   0.139700719161559590020E+0002   0.736617039433343310378E-0002  -0.250000000000000000000E+0002   0.490788425993974009032E+0001
   0.821450812500000029104E+0005   0.187957422913668063813E-0001   0.130120539077304233667E-0003   0.102580048930980245524E-0015  -0.540503477531087419752E-0019   0.139715135542318957818E+0002   0.736125754129101500522E-0002  -0.250000000000000000000E+0002   0.491457241619403806254E+0001
   0.834139354166666744277E+0005   0.187957422914954222493E-0001   0.130120539077371996303E-0003   0.100140941214041786571E-0015  -0.527246838014089515098E-0019   0.139729570839150412098E+0002   0.735637271446490988852E-0002  -0.250000000000000000000E+0002   0.492122960313724178150E+0001
   0.846968458333333401242E+0005   0.187957422916223831910E-0001   0.130120539077438783157E-0003   0.977796060339720979001E-0016  -0.514420918523208545346E-0019   0.139744030137460555352E+0002   0.735151407635415733710E-0002  -0.250000000000000000000E+0002   0.492785836528102993981E+0001
   0.859943666666666686069E+0005   0.187957422917477759428E-0001   0.130120539077504756859E-0003   0.954923706777127622097E-0016  -0.502005195948140404175E-0019   0.139758518715197990190E+0002   0.734667963479405938809E-0002  -0.250000000000000000000E+0002   0.493446126416244013058E+0001
   0.873070541666666686069E+0005   0.187957422918716768323E-0001   0.130120539077569863200E-0003   0.932757304476835200021E-0016  -0.489980101167096139280E-0019   0.139773041677919067638E+0002   0.734186743786287374786E-0002  -0.250000000000000000000E+0002   0.494104072800721638714E+0001
   0.886354770833333313931E+0005   0.187957422919941621875E-0001   0.130120539077634156389E-0003   0.911264301214436602388E-0016  -0.478327452468423394974E-0019   0.139787604077581573137E+0002   0.733707553795864830803E-0002  -0.250000000000000000000E+0002   0.494759910863942220516E+0001
   0.899802083333333284827E+0005   0.187957422921153048667E-0001   0.130120539077697744846E-0003   0.890414087603925088429E-0016  -0.467030161474972345232E-0019   0.139802210822563850456E+0002   0.733230202479393661230E-0002  -0.250000000000000000000E+0002   0.495413864295718209263E+0001
   0.913418270833333226619E+0005   0.187957422922351707895E-0001   0.130120539077760574362E-0003   0.870178088593775436342E-0016  -0.456072275268263720213E-0019   0.139816866703845885667E+0002   0.732754502042655582461E-0002  -0.250000000000000000000E+0002   0.496066146740788571634E+0001
   0.927209229166666627862E+0005   0.187957422923538258752E-0001   0.130120539077822753356E-0003   0.850529592774779518375E-0016  -0.445438880643645450888E-0019   0.139831576442128646676E+0002   0.732280266772338071096E-0002  -0.250000000000000000000E+0002   0.496716964106921832212E+0001
   0.941180916666666598758E+0005   0.187957422924713291046E-0001   0.130120539077884227620E-0003   0.831443479539859008497E-0016  -0.435115957239807741642E-0019   0.139846344644483906450E+0002   0.731807314920508971551E-0002  -0.249999999999999964473E+0002   0.497366512833050755660E+0001
   0.955339333333333197515E+0005   0.187957422925877394582E-0001   0.130120539077945159782E-0003   0.812896183230664740641E-0016  -0.425090354989460534910E-0019   0.139861175784807372224E+0002   0.731335469844515955601E-0002  -0.249999999999999964473E+0002   0.498014979263718426949E+0001
   0.969690562499999796273E+0005   0.187957422927031089777E-0001   0.130120539078005441423E-0003   0.794865657160017372331E-0016  -0.415349770414486351828E-0019   0.139876074250051072312E+0002   0.730864559066381376529E-0002  -0.250000000000000000000E+0002   0.498662541889313448706E+0001
   0.984240729166666424135E+0005   0.187957422928174897048E-0001   0.130120539078065180962E-0003   0.777331139343496710018E-0016  -0.405882621112232990664E-0019   0.139891044298532101209E+0002   0.730394416193409258542E-0002  -0.250000000000000000000E+0002   0.499309369724330309737E+0001
   0.998952729166666395031E+0005   0.187957422929305971449E-0001   0.130120539078124215771E-0003   0.760239672745041485205E-0016  -0.396661337578849759305E-0019   0.139906046034373847675E+0002   0.729926270129745407428E-0002  -0.250000000000000000000E+0002   0.499953741458477018966E+0001
   0.101381674999999973807E+0006   0.187957422930423688479E-0001   0.130120539078182545847E-0003   0.743644462048892135183E-0016  -0.387713319018476180805E-0019   0.139921068384031137555E+0002   0.729460433739691389843E-0002  -0.249999999999999964473E+0002   0.500595204930357873252E+0001
