   0.208333333333333330442E-0002   0.208333333333333340923E-0011  -0.635140106488618673758E-0037   0.100000000000000006228E-0008   0.609734614711057628061E-0034   0.139638367081526801883E+0002  -0.776760034957368116826E-0024  -0.250000000000000000000E+0002   0.569897000433601874647E+0001
   0.416666666666666660884E-0002   0.416666666666666681847E-0011  -0.236033323355061550852E-0036   0.100000000000000006228E-0008   0.109992014547744659082E-0033   0.139638367081526801883E+0002  -0.153591084448526694846E-0023  -0.250000000000000000000E+0002   0.569897000433601874647E+0001
   0.625000000000000034694E-0002   0.625000000000000022770E-0011  -0.542513213500720862729E-0036   0.100000000000000006228E-0008   0.184228679991816465495E-0033   0.139638367081526801883E+0002  -0.257253951850413373648E-0023  -0.250000000000000000000E+0002   0.569897000433601874647E+0001
   0.833333333333333321769E-0002   0.833333333333333363693E-0011  -0.985795918870873170198E-0036   0.100000000000000006228E-0008   0.241322717163251616434E-0033   0.139638367081526801883E+0002  -0.336979133057614437131E-0023  -0.250000000000000000000E+0002   0.569897000433601874647E+0001
   0.104166666666666660884E-0001   0.104166666666666662384E-0010  -0.159513710897387857050E-0035   0.100000000000000006228E-0008   0.343644825335291935065E-0033   0.139638367081526801883E+0002  -0.479860054072285938335E-0023  -0.250000000000000000000E+0002   0.569897000433601874647E+0001
   0.124999999999999989592E-0001   0.125000000000000004554E-0010  -0.236895863749157354016E-0035   0.100000000000000006228E-0008   0.399223842041467323825E-0033   0.139638367081526801883E+0002  -0.557469685441070062568E-0023  -0.250000000000000000000E+0002   0.569897000433601874647E+0001
   0.145833333333333318299E-0001   0.145833333333333346724E-0010  -0.326944283538127455810E-0035   0.100000000000000006228E-0008   0.465240987932194768678E-0033   0.139638367081526801883E+0002  -0.649654949956042369842E-0023  -0.250000000000000000000E+0002   0.569897000433601874647E+0001
   0.166666666666666664354E-0001   0.166666666666666672739E-0010  -0.425871593029042146840E-0035   0.100000000000000006228E-0008   0.484461183180614019202E-0033   0.139638367081526801883E+0002  -0.676493716751763933462E-0023  -0.250000000000000000000E+0002   0.569897000433601874647E+0001
   0.187499999999999993061E-0001   0.187499999999999998753E-0010  -0.539886119466609635400E-0035   0.100000000000000006228E-0008   0.610078270619382357845E-0033   0.139638367081526801883E+0002  -0.851903366426252375076E-0023  -0.250000000000000000000E+0002   0.569897000433601874647E+0001
   0.208333333333333321769E-0001   0.208333333333333324768E-0010  -0.673605665047759361510E-0035   0.100000000000000006228E-0008   0.673629366959277019739E-0033   0.139638367081526801883E+0002  -0.940645079617367876515E-0023  -0.250000000000000000000E+0002   0.569897000433601874647E+0001
   0.229166666666666650476E-0001   0.229166666666666650782E-0010  -0.807493449772519726514E-0035   0.100000000000000006228E-0008   0.611693366398274263454E-0033   0.139638367081526801883E+0002  -0.854158659799676296744E-0023  -0.250000000000000000000E+0002   0.569897000433601874647E+0001
   0.249999999999999979183E-0001   0.249999999999999976796E-0010  -0.949368248478547030788E-0035   0.100000000000000006228E-0008   0.750304701178511567304E-0033   0.139638367081526801883E+0002   0.105114786942537826441E-0018  -0.250000000000000000000E+0002   0.569897000433601874647E+0001
   0.270833333333333307891E-0001   0.270833333333333302811E-0010   0.313570409698243147687E-0031   0.100000000000000006228E-0008  -0.225842296006701827319E-0028   0.139638367081526801883E+0002   0.730035750383852611934E-0018  -0.250000000000000000000E+0002   0.569897000433601874647E+0001
   0.291666666666666636598E-0001   0.291666666666666693449E-0010   0.217825783833747818422E-0030   0.100000000000000006228E-0008  -0.126729537165665363021E-0027   0.139638367081526801883E+0002   0.319319024624553922860E-0017  -0.250000000000000000000E+0002   0.569897000433601874647E+0001
   0.312499999999999965306E-0001   0.312499999999999954840E-0010   0.984172389935149235933E-0030   0.100000000000000006228E-0008  -0.507017033813471268948E-0027   0.139638367081526801883E+0002   0.112287259305856905493E-0016  -0.250000000000000000000E+0002   0.569897000433601874647E+0001
   0.333333333333333328707E-0001   0.333333333333333345477E-0010   0.356836342907930067827E-0029   0.100000000000000006228E-0008  -0.167669440600759439908E-0026   0.139638367081526801883E+0002   0.338767378059070860345E-0016  -0.250000000000000000000E+0002   0.569897000433601874647E+0001
   0.354166666666666657415E-0001   0.354166666666666606868E-0010   0.110926460483448229076E-0028   0.100000000000000006228E-0008  -0.479727765956618529396E-0026   0.139638367081526801883E+0002   0.904304124599214502302E-0016  -0.250000000000000000000E+0002   0.569897000433601874647E+0001
   0.374999999999999986122E-0001   0.374999999999999997506E-0010   0.305518777320070215466E-0028   0.100000000000000006228E-0008  -0.122048190229462763708E-0025   0.139638367081526819646E+0002   0.218033995569099995247E-0015  -0.250000000000000000000E+0002   0.569897000433601874647E+0001
   0.395833333333333314830E-0001   0.395833333333333258897E-0010   0.761517704023357098022E-0028   0.100000000000000006228E-0008  -0.281617072443101591475E-0025   0.139638367081526801883E+0002   0.482320766601787665394E-0015  -0.250000000000000000000E+0002   0.569897000433601874647E+0001
   0.416666666666666643537E-0001   0.416666666666666649535E-0010   0.174471482733287242760E-0027   0.100000000000000006228E-0008  -0.598462186803559167519E-0025   0.139638367081526801883E+0002   0.991183625001175800724E-0015  -0.250000000000000000000E+0002   0.569897000433601874647E+0001
   0.437499999999999972244E-0001   0.437499999999999910926E-0010   0.371910869727866189215E-0027   0.100000000000000006228E-0008  -0.118559627626718620918E-0024   0.139638367081526801883E+0002   0.191146034555299587232E-0014  -0.250000000000000000000E+0002   0.569897000433601874647E+0001
   0.458333333333333300952E-0001   0.458333333333333301564E-0010   0.744831783878002273515E-0027   0.100000000000000006228E-0008  -0.221117605370014498902E-0024   0.139638367081526801883E+0002   0.348807070121002404881E-0014  -0.250000000000000000000E+0002   0.569897000433601874647E+0001
   0.479166666666666629659E-0001   0.479166666666666562955E-0010   0.141271564445756815676E-0026   0.100000000000000006228E-0008  -0.391375360181427612259E-0024   0.139638367081526801883E+0002   0.606481991229346854822E-0014  -0.250000000000000000000E+0002   0.569897000433601874647E+0001
   0.499999999999999958367E-0001   0.499999999999999953593E-0010   0.255451228173935089987E-0026   0.100000000000000006228E-0008  -0.661801452272418701904E-0024   0.139638367081526801883E+0002   0.101060987561465652518E-0013  -0.250000000000000000000E+0002   0.569897000433601874647E+0001
   0.520833333333333287074E-0001   0.520833333333333214984E-0010   0.442827259327502873184E-0026   0.100000000000000006228E-0008  -0.107507623136054862415E-0023   0.139638367081526784119E+0002   0.162186555052483720364E-0013  -0.250000000000000000000E+0002   0.569897000433601874647E+0001
   0.541666666666666615781E-0001   0.541666666666666605621E-0010   0.739399391463542893400E-0026   0.100000000000000006228E-0008  -0.168561687664524344948E-0023   0.139638367081526801883E+0002   0.251725938601177563985E-0013  -0.250000000000000000000E+0002   0.569897000433601874647E+0001
   0.562499999999999944489E-0001   0.562499999999999867012E-0010   0.119395182440667012244E-0025   0.100000000000000006228E-0008  -0.256100439992628553667E-0023   0.139638367081526801883E+0002   0.379209909075469683373E-0013  -0.250000000000000000000E+0002   0.569897000433601874647E+0001
   0.583333333333333273196E-0001   0.583333333333333257650E-0010   0.187092314156339909073E-0025   0.100000000000000006228E-0008  -0.378326764440416759266E-0023   0.139638367081526801883E+0002   0.556176131729331800363E-0013  -0.250000000000000000000E+0002   0.569897000433601874647E+0001
   0.604166666666666601904E-0001   0.604166666666666648288E-0010   0.285352476079959290547E-0025   0.100000000000000006228E-0008  -0.545000049738255292390E-0023   0.139638367081526801883E+0002   0.796323740688646658050E-0013  -0.250000000000000000000E+0002   0.569897000433601874647E+0001
   0.624999999999999930611E-0001   0.625000000000000038926E-0010   0.424707208646624715662E-0025   0.100000000000000006228E-0008  -0.767529685843465042960E-0023   0.139638367081526801883E+0002   0.111564424484456715574E-0012  -0.250000000000000000000E+0002   0.569897000433601874647E+0001
   0.645833333333333259318E-0001   0.645833333333333429564E-0010   0.618249357074039862042E-0025   0.100000000000000006228E-0008  -0.105905211051778973646E-0022   0.139638367081526819646E+0002   0.153252824931371214977E-0012  -0.250000000000000000000E+0002   0.569897000433601874647E+0001
   0.666666666666666657415E-0001   0.666666666666666820202E-0010   0.881998031034396090764E-0025   0.100000000000000006228E-0008  -0.143448929625769861859E-0022   0.139638367081526801883E+0002   0.206784943454174666203E-0012  -0.250000000000000000000E+0002   0.569897000433601874647E+0001
   0.687500000000000055511E-0001   0.687500000000000210840E-0010   0.123527456946135969780E-0024   0.100000000000000006228E-0008  -0.191059425916913648901E-0022   0.139638367081526801883E+0002   0.274502834971276266714E-0012  -0.250000000000000000000E+0002   0.569897000433601874647E+0001
   0.708333333333333453607E-0001   0.708333333333333601478E-0010   0.170108653534863688005E-0024   0.100000000000000006228E-0008  -0.250598246215781884458E-0022   0.139638367081526801883E+0002   0.359007838207087120026E-0012  -0.250000000000000000000E+0002   0.569897000433601874647E+0001
   0.729166666666666851704E-0001   0.729166666666666992115E-0010   0.230651739748461311542E-0024   0.100000000000000006228E-0008  -0.324115348924974938537E-0022   0.139638367081526801883E+0002   0.463163773265178674023E-0012  -0.250000000000000000000E+0002   0.569897000433601874647E+0001
   0.750000000000000249800E-0001   0.750000000000000382753E-0010   0.308312006639547391616E-0024   0.100000000000000006228E-0008  -0.413850514703424575593E-0022   0.139638367081526801883E+0002   0.590099096844579467168E-0012  -0.250000000000000000000E+0002   0.569897000433601874647E+0001
   0.770833333333333647897E-0001   0.770833333333333773391E-0010   0.406731300705607514895E-0024   0.100000000000000006228E-0008  -0.522234276736406457261E-0022   0.139638367081526801883E+0002   0.743208385062952541568E-0012  -0.250000000000000000000E+0002   0.569897000433601874647E+0001
   0.791666666666667045993E-0001   0.791666666666667164029E-0010   0.530077819944632880959E-0024   0.100000000000000006228E-0008  -0.651888632764830265087E-0022   0.139638367081526801883E+0002   0.926153502981276509726E-0012  -0.250000000000000000000E+0002   0.569897000433601874647E+0001
   0.812500000000000444089E-0001   0.812500000000000554667E-0010   0.683086074092095174901E-0024   0.100000000000000006228E-0008  -0.805627783687860647963E-0022   0.139638367081526801883E+0002   0.114286479751112923646E-0011  -0.250000000000000000000E+0002   0.569897000433601874647E+0001
   0.833333333333333842186E-0001   0.833333333333333945305E-0010   0.871097036641011199353E-0024   0.100000000000000006228E-0008  -0.986459120397252596369E-0022   0.139638367081526801883E+0002   0.139754262779637859398E-0011  -0.250000000000000000000E+0002   0.569897000433601874647E+0001
   0.854166666666667240282E-0001   0.854166666666667335943E-0010   0.110009856172075702980E-0023   0.100000000000000006228E-0008  -0.119758467046059875380E-0021   0.139638367081526801883E+0002   0.169465950724977185584E-0011  -0.250000000000000000000E+0002   0.569897000433601874647E+0001
   0.875000000000000638378E-0001   0.875000000000000726581E-0010   0.137676617527230958244E-0023   0.100000000000000006228E-0008  -0.144240315737846213444E-0021   0.139638367081526801883E+0002   0.203896310319107802046E-0011  -0.250000000000000000000E+0002   0.569897000433601874647E+0001
   0.895833333333334036475E-0001   0.895833333333334117219E-0010   0.170850438700936634785E-0023   0.100000000000000006228E-0008  -0.172451285198128199177E-0021   0.139638367081526801883E+0002   0.243548031428216044509E-0011  -0.250000000000000000000E+0002   0.569897000433601874647E+0001
   0.916666666666667434571E-0001   0.916666666666667507856E-0010   0.210348869823747816639E-0023   0.100000000000000006228E-0008  -0.204771533267003423833E-0021   0.139638367081526801883E+0002   0.288952260841839629979E-0011  -0.250000000000000000000E+0002   0.569897000433601874647E+0001
   0.937500000000000832667E-0001   0.937500000000000898494E-0010   0.257070850659999608360E-0023   0.100000000000000006228E-0008  -0.241602027325981412110E-0021   0.139638367081526801883E+0002   0.340669278590103432002E-0011  -0.250000000000000000000E+0002   0.569897000433601874647E+0001
   0.958333333333334230764E-0001   0.958333333333334289132E-0010   0.312001113195277063564E-0023   0.100000000000000006228E-0008  -0.283365136246764108916E-0021   0.139638367081526801883E+0002   0.399289330217013201540E-0011  -0.250000000000000000000E+0002   0.569897000433601874647E+0001
   0.979166666666667628860E-0001   0.979166666666667679770E-0010   0.376214720453346217222E-0023   0.100000000000000006228E-0008  -0.330505342173570634019E-0021   0.139638367081526801883E+0002   0.465433626460149919857E-0011  -0.250000000000000000000E+0002   0.569897000433601874647E+0001
   0.100000000000000102696E+0000   0.100000000000000107041E-0009   0.450881767377134194336E-0023   0.100000000000000006228E-0008  -0.383490080431836243238E-0021   0.139638367081526801883E+0002   0.539755522116855548866E-0011  -0.250000000000000000000E+0002   0.569897000433601874647E+0001
   0.102083333333333442505E+0000   0.102083333333333446105E-0009   0.537272271408601070170E-0023   0.100000000000000006228E-0008  -0.442810716409572640695E-0021   0.139638367081526801883E+0002   0.622941884657298069434E-0011  -0.250000000000000000000E+0002   0.569897000433601874647E+0001
   0.104166666666666782315E+0000   0.104166666666666785168E-0009   0.636761281748509687962E-0023   0.100000000000000006228E-0008  -0.508983664771913070091E-0021   0.139638367081526801883E+0002   0.715714660846436160337E-0011  -0.250000000000000000000E+0002   0.569897000433601874647E+0001
   0.106250000000000122125E+0000   0.106250000000000124232E-0009   0.750834237401337955585E-0023   0.100000000000000006228E-0008  -0.582551655884779633692E-0021   0.139638367081526801883E+0002   0.818832649521632051666E-0011  -0.250000000000000000000E+0002   0.569897000433601874647E+0001
   0.108333333333333461934E+0000   0.108333333333333463296E-0009   0.881092605413069009288E-0023   0.100000000000000006228E-0008  -0.664085156117431641216E-0021   0.139638367081526819646E+0002   0.933093488235211951022E-0011  -0.250000000000000000000E+0002   0.569897000433601874647E+0001
   0.110416666666666801744E+0000   0.110416666666666802360E-0009   0.102925983171120284287E-0022   0.100000000000000006228E-0008  -0.754183946118398164344E-0021   0.139638367081526801883E+0002   0.105933586626218383367E-0010  -0.250000000000000000000E+0002   0.569897000433601874647E+0001
   0.112500000000000141553E+0000   0.112500000000000141424E-0009   0.119718763967983093968E-0022   0.100000000000000006228E-0008  -0.853478874258580736863E-0021   0.139638367081526801883E+0002   0.119844197330714973361E-0010  -0.250000000000000000000E+0002   0.569897000433601874647E+0001
   0.114583333333333481363E+0000   0.114583333333333480487E-0009   0.138686271167009925304E-0022   0.100000000000000006228E-0008  -0.962633779204884047683E-0021   0.139638367081526801883E+0002   0.135134018998872607359E-0010  -0.250000000000000000000E+0002   0.569897000433601874647E+0001
   0.116666666666666821173E+0000   0.116666666666666806626E-0009   0.160041379038857829904E-0022   0.100000000000000006228E-0008  -0.108234759399655827552E-0020   0.139638367081526801883E+0002   0.151900803499169790517E-0010  -0.250000000000000000000E+0002   0.569897000433601874647E+0001
   0.118750000000000160982E+0000   0.118750000000000132766E-0009   0.184011923980634810416E-0022   0.100000000000000006228E-0008  -0.121335664688359979837E-0020   0.139638367081526801883E+0002   0.170247538257389727041E-0010  -0.250000000000000000000E+0002   0.569897000433601874647E+0001
   0.120833333333333500792E+0000   0.120833333333333458905E-0009   0.210841510662073694223E-0022   0.100000000000000006228E-0008  -0.135643716246116787556E-0020   0.139638367081526801883E+0002   0.190282796024822138709E-0010  -0.250000000000000000000E+0002   0.569897000433601874647E+0001
   0.122916666666666840602E+0000   0.122916666666666785044E-0009   0.240790372483542871417E-0022   0.100000000000000006228E-0008  -0.151240797079142993631E-0020   0.139638367081526801883E+0002   0.212121114300734090796E-0010  -0.250000000000000000000E+0002   0.569897000433601874647E+0001
   0.125000000000000166533E+0000   0.125000000000000111183E-0009   0.274136290938127147746E-0022   0.100000000000000006228E-0008  -0.168213344501507038953E-0020   0.139638367081526801883E+0002   0.235883406125631977169E-0010  -0.250000000000000000000E+0002   0.569897000433601874647E+0001
   0.127083333333333492465E+0000   0.127083333333333437322E-0009   0.311175578646104043882E-0022   0.100000000000000006228E-0008  -0.186652667206465403093E-0020   0.139638367081526801883E+0002   0.261697403835774539443E-0010  -0.250000000000000000000E+0002   0.569897000433601874647E+0001
   0.129166666666666818397E+0000   0.129166666666666763461E-0009   0.352224131128853882142E-0022   0.100000000000000006228E-0008  -0.206655287376637545705E-0020   0.139638367081526801883E+0002   0.289698138174455496136E-0010  -0.250000000000000000000E+0002   0.569897000433601874647E+0001
   0.131250000000000144329E+0000   0.131250000000000089600E-0009   0.397618552805366766889E-0022   0.100000000000000006228E-0008  -0.228323310112312079117E-0020   0.139638367081526801883E+0002   0.320028454669112799922E-0010  -0.250000000000000000000E+0002   0.569897000433601874647E+0001
   0.133333333333333470261E+0000   0.133333333333333415739E-0009   0.447717362847614677139E-0022   0.100000000000000006228E-0008  -0.251764820280540846059E-0020   0.139638367081526784119E+0002   0.352839569171572636043E-0010  -0.250000000000000000000E+0002   0.569897000433601874647E+0001
   0.135416666666666796193E+0000   0.135416666666666741878E-0009   0.502902286944830519336E-0022   0.100000000000000006228E-0008  -0.277094309398526908291E-0020   0.139638367081526801883E+0002   0.388291665722126899957E-0010  -0.250000000000000000000E+0002   0.569897000433601874647E+0001
   0.137500000000000122125E+0000   0.137500000000000068017E-0009   0.563579641555305251600E-0022   0.100000000000000006228E-0008  -0.304433135362066911491E-0020   0.139638367081526801883E+0002   0.426554539697484579220E-0010  -0.250000000000000000000E+0002   0.569897000433601874647E+0001
   0.139583333333333448056E+0000   0.139583333333333394156E-0009   0.630181817579485753358E-0022   0.100000000000000006228E-0008  -0.333910016308923683237E-0020   0.139638367081526801883E+0002   0.467808288447572364240E-0010  -0.250000000000000000000E+0002   0.569897000433601874647E+0001
   0.141666666666666773988E+0000   0.141666666666666720296E-0009   0.703168870690802886538E-0022   0.100000000000000006228E-0008  -0.365661559943469395173E-0020   0.139638367081526801883E+0002   0.512244053021279143984E-0010  -0.250000000000000000000E+0002   0.569897000433601874647E+0001
   0.143750000000000099920E+0000   0.143750000000000046435E-0009   0.783030226332024700088E-0022   0.100000000000000006228E-0008  -0.399832833149538625804E-0020   0.139638367081526801883E+0002   0.560064814730934855247E-0010  -0.250000000000000000000E+0002   0.569897000433601874647E+0001
   0.145833333333333425852E+0000   0.145833333333333372574E-0009   0.870286507733174280313E-0022   0.100000000000000006228E-0008  -0.436577972549305297761E-0020   0.139638367081526801883E+0002   0.611486250055962820233E-0010  -0.250000000000000000000E+0002   0.569897000433601874647E+0001
   0.147916666666666751784E+0000   0.147916666666666698713E-0009   0.965491496001932304611E-0022   0.100000000000000006228E-0008  -0.476060840172233876312E-0020   0.139638367081526801883E+0002   0.666737647929881866232E-0010  -0.250000000000000000000E+0002   0.569897000433601874647E+0001
   0.150000000000000077716E+0000   0.150000000000000024852E-0009   0.106923423185105239757E-0021   0.100000000000000006228E-0008  -0.518455726268556261527E-0020   0.139638367081526801883E+0002   0.726062893856209437747E-0010  -0.250000000000000000000E+0002   0.569897000433601874647E+0001
   0.152083333333333403647E+0000   0.152083333333333350991E-0009   0.118214126933876836809E-0021   0.100000000000000006228E-0008  -0.563948103873608817407E-0020   0.139638367081526801883E+0002   0.789721525696648910071E-0010  -0.250000000000000000000E+0002   0.569897000433601874647E+0001
   0.154166666666666729579E+0000   0.154166666666666677130E-0009   0.130487909263257565755E-0021   0.100000000000000006228E-0008  -0.612735437744755992010E-0020   0.139638367081526801883E+0002   0.857989865326212085117E-0010  -0.250000000000000000000E+0002   0.569897000433601874647E+0001
   0.156250000000000055511E+0000   0.156250000000000003269E-0009   0.143815670742202236729E-0021   0.100000000000000006228E-0008  -0.665028050573410791862E-0020   0.139638367081526801883E+0002   0.931162232618690270894E-0010  -0.250000000000000000000E+0002   0.569897000433601874647E+0001
   0.158333333333333381443E+0000   0.158333333333333329408E-0009   0.158272841993393721985E-0021   0.100000000000000006228E-0008  -0.721050054590267012089E-0020   0.139638367081526801883E+0002   0.100955224736031101271E-0009  -0.250000000000000000000E+0002   0.569897000433601874647E+0001
   0.160416666666666707375E+0000   0.160416666666666655547E-0009   0.173939681680257297900E-0021   0.100000000000000006228E-0008  -0.781040347425827451014E-0020   0.139638367081526801883E+0002   0.109349422378851129301E-0009  -0.250000000000000000000E+0002   0.569897000433601874647E+0001
   0.162500000000000033307E+0000   0.162499999999999981686E-0009   0.190901596021941429333E-0021   0.100000000000000006228E-0008  -0.845253680116369780375E-0020   0.139638367081526801883E+0002   0.118334466955715225308E-0009  -0.250000000000000000000E+0002   0.569897000433601874647E+0001
   0.164583333333333359239E+0000   0.164583333333333307826E-0009   0.209249481507275260982E-0021   0.100000000000000006228E-0008  -0.913961810743427855294E-0020   0.139638367081526801883E+0002   0.127948388202679136224E-0009  -0.250000000000000000000E+0002   0.569897000433601874647E+0001
   0.166666666666666685170E+0000   0.166666666666666633965E-0009   0.229080092041357171078E-0021   0.100000000000000006228E-0008  -0.987454706806141956749E-0020   0.139638367081526801883E+0002   0.138231766593457158913E-0009  -0.250000000000000000000E+0002   0.569897000433601874647E+0001
   0.168750000000000011102E+0000   0.168749999999999960104E-0009   0.250496432913046549024E-0021   0.100000000000000006228E-0008  -0.106604188994348151643E-0019   0.139638367081526801883E+0002   0.149227917715662646743E-0009  -0.250000000000000000000E+0002   0.569897000433601874647E+0001
   0.170833333333333337034E+0000   0.170833333333333286243E-0009   0.273608182957711550636E-0021   0.100000000000000006228E-0008  -0.115005382229503351695E-0019   0.139638367081526801883E+0002   0.160983089741477736948E-0009  -0.250000000000000000000E+0002   0.569897000433601874647E+0001
   0.172916666666666662966E+0000   0.172916666670415550014E-0009   0.298532147494272796940E-0021   0.100000000359897956905E-0008  -0.123984344667563791326E-0019   0.139638367095922735217E+0002   0.173546674639504928626E-0009  -0.250000000000000000000E+0002   0.569897000433601874647E+0001
   0.174999999999999988898E+0000   0.175000000011246751418E-0009   0.325392743416903674801E-0021   0.100000000359897956905E-0008  -0.133578775651459085248E-0019   0.139638367095922735217E+0002   0.186971433704282661829E-0009  -0.250000000000000000000E+0002   0.569897000433601874647E+0001
   0.177083333333333314830E+0000   0.177083333352077952822E-0009   0.354322519398583926076E-0021   0.100000000359897956905E-0008  -0.143828956853945141881E-0019   0.139638367095922735217E+0002   0.201313740284432659389E-0009  -0.250000000000000000000E+0002   0.569897000433601874647E+0001
   0.179166666666666640761E+0000   0.179166666692909154226E-0009   0.385462713558266445265E-0021   0.100000000359897956905E-0008  -0.154777935593696566387E-0019   0.139638367095922717454E+0002   0.216633838752766344238E-0009  -0.250000000000000000000E+0002   0.569897000433601874647E+0001
   0.181249999999999966693E+0000   0.181250000033740355630E-0009   0.418963850919700525673E-0021   0.100000000359897956905E-0008  -0.166471723019037634859E-0019   0.139638367095922735217E+0002   0.232996122911759358963E-0009  -0.250000000000000000000E+0002   0.569897000433601874647E+0001
   0.183333333333333292625E+0000   0.183333333374571557034E-0009   0.454986384056648208947E-0021   0.100000000359897956905E-0008  -0.178959508918229096464E-0019   0.139638367095922735217E+0002   0.250469433959769436040E-0009  -0.250000000000000000000E+0002   0.569897000433601874647E+0001
   0.185416666666666618557E+0000   0.185416666715402758438E-0009   0.493701379505850086126E-0021   0.100000000359897956905E-0008  -0.192293887705658106665E-0019   0.139638367095922735217E+0002   0.269127376563777731801E-0009  -0.250000000000000000000E+0002   0.569897000433601874647E+0001
   0.187499999999999944489E+0000   0.187500000056233959842E-0009   0.535291252723656071591E-0021   0.100000000359897956905E-0008  -0.206531098090092529883E-0019   0.139638367095922735217E+0002   0.289048659636805389775E-0009  -0.250000000000000000000E+0002   0.569897000433601874647E+0001
   0.189583333333333270421E+0000   0.189583333397065161246E-0009   0.579950556185217948973E-0021   0.100000000359897956905E-0008  -0.221731289200443834759E-0019   0.139638367095922735217E+0002   0.310317461588853717903E-0009  -0.250000000000000000000E+0002   0.569897000433601874647E+0001
   0.191666666666666596353E+0000   0.191666666737896362650E-0009   0.627886823327223702495E-0021   0.100000000359897956905E-0008  -0.237958795114591251607E-0019   0.139638367095922735217E+0002   0.333023819807134218361E-0009  -0.250000000000000000000E+0002   0.569897000433601874647E+0001
   0.193749999999999922284E+0000   0.193750000082681125491E-0009   0.679321472965262756195E-0021   0.100000000739440309757E-0008  -0.255282436495183599802E-0019   0.139638367111104439999E+0002   0.357264047248043631607E-0009  -0.250000000000000000000E+0002   0.569897000433601874647E+0001
   0.195833333333333248216E+0000   0.195833333431419475617E-0009   0.734490777337434523689E-0021   0.100000000739440309757E-0008  -0.273775832122013502845E-0019   0.139638367111104439999E+0002   0.383141177326967004651E-0009  -0.250000000000000000000E+0002   0.569897000433601874647E+0001
   0.197916666666666574148E+0000   0.197916666780157825744E-0009   0.793646899209855605945E-0021   0.100000000739440309757E-0008  -0.293517746989476595705E-0019   0.139638367111104439999E+0002   0.410765439839177863331E-0009  -0.250000000000000000000E+0002   0.569897000433601874647E+0001
   0.199999999999999900080E+0000   0.200000000128896175870E-0009   0.857059002251366241438E-0021   0.100000000739440309757E-0008  -0.314592449407908259534E-0019   0.139638367111104439999E+0002   0.440254769227139826707E-0009  -0.250000000000000000000E+0002   0.569897000433601874647E+0001
   0.202083333333333226012E+0000   0.202083333477634525996E-0009   0.925014439756704780785E-0021   0.100000000739440309757E-0008  -0.337090102737501543339E-0019   0.139638367111104422236E+0002   0.471735349167510989904E-0009  -0.250000000000000000000E+0002   0.569897000433601874647E+0001
   0.204166666666666551944E+0000   0.204166666826372876123E-0009   0.997820027323620822666E-0021   0.100000000739440309757E-0008  -0.361107180468756078396E-0019   0.139638367111104457763E+0002   0.505342194217216022767E-0009  -0.250000000000000000000E+0002   0.569897000433601874647E+0001
   0.206249999999999877875E+0000   0.206250000179061323867E-0009   0.107580340536608945782E-0020   0.100000001118649722413E-0008  -0.386746912111612372328E-0019   0.139638367126272786578E+0002   0.541219767811300703782E-0009  -0.250000000000000000000E+0002   0.569897000433601874647E+0001
   0.208333333333333203807E+0000   0.208333333535699869228E-0009   0.115931449589398254472E-0020   0.100000001118649722413E-0008  -0.414119744155531632126E-0019   0.139638367126272786578E+0002   0.579522643700927298814E-0009  -0.250000000000000000000E+0002   0.569897000433601874647E+0001
   0.210416666666666529739E+0000   0.210416666892338414590E-0009   0.124872706229442249137E-0020   0.100000001118649722413E-0008  -0.443343860815991591037E-0019   0.139638367126272786578E+0002   0.620416214180221110245E-0009  -0.250000000000000000000E+0002   0.569897000433601874647E+0001
   0.212499999999999855671E+0000   0.212500000248976959952E-0009   0.134444037792769584814E-0020   0.100000001118649722413E-0008  -0.474545713198127652504E-0019   0.139638367126272786578E+0002   0.664077443706077596672E-0009  -0.250000000000000000000E+0002   0.569897000433601874647E+0001
   0.214583333333333181603E+0000   0.214583333605615505314E-0009   0.144688101071638325559E-0020   0.100000001470664042146E-0008  -0.507860598558416725920E-0019   0.139638367140353398810E+0002   0.710695673080017745065E-0009  -0.250000000000000000000E+0002   0.569897000433601874647E+0001
   0.216666666666666507535E+0000   0.216666666969587678890E-0009   0.155650473175294448248E-0020   0.100000001470664042146E-0008  -0.543433271905299375686E-0019   0.139638367140353381046E+0002   0.760473476568242761396E-0009  -0.250000000000000000000E+0002   0.569897000433601874647E+0001
   0.218749999999999833467E+0000   0.218750000333559852466E-0009   0.167379855473969719269E-0020   0.100000001470664042146E-0008  -0.581418595015228667352E-0019   0.139638367140353381046E+0002   0.813627576483012068210E-0009  -0.250000000000000000000E+0002   0.569897000433601874647E+0001
   0.220833333333333159398E+0000   0.220833333697532026042E-0009   0.179928291809900022286E-0020   0.100000001470664042146E-0008  -0.621982241018127177167E-0019   0.139638367140353381046E+0002   0.870389817404142581933E-0009  -0.250000000000000000000E+0002   0.569897000433601874647E+0001
   0.222916666666666485330E+0000   0.222916667066190539680E-0009   0.193351401621651533016E-0020   0.100000001920552439909E-0008  -0.665301435011671916670E-0019   0.139638367158348888353E+0002   0.931008204894453760013E-0009  -0.250000000000000000000E+0002   0.569897000433601874647E+0001
   0.224999999999999811262E+0000   0.225000000439535393380E-0009   0.207708629002984172145E-0020   0.100000001920552439909E-0008  -0.711565735376079104991E-0019   0.139638367158348888353E+0002   0.995748013256196301319E-0009  -0.250000000000000000000E+0002   0.569897000433601874647E+0001
   0.227083333333333137194E+0000   0.227083333812880247079E-0009   0.223063508825391923270E-0020   0.100000001920552439909E-0008  -0.760977890035111798245E-0019   0.139638367158348906116E+0002   0.106489296076156821528E-0008  -0.250000000000000000000E+0002   0.569897000433601874647E+0001
   0.229166666666666463126E+0000   0.229166667190670627884E-0009   0.239483951097036852190E-0020   0.100000002347324944581E-0008  -0.813754728637899291943E-0019   0.139638367175419819688E+0002   0.113874646469875394414E-0008  -0.250000000000000000000E+0002   0.569897000433601874647E+0001
   0.231249999999999789058E+0000   0.231250000572906561645E-0009   0.257042544371911627479E-0020   0.100000002347324944581E-0008  -0.870128100290356646169E-0019   0.139638367175419801924E+0002   0.121763297530556649423E-0008  -0.250000000000000000000E+0002   0.569897000433601874647E+0001
   0.233333333333333114989E+0000   0.233333333955142495405E-0009   0.275816879872740833278E-0020   0.100000002347324944581E-0008  -0.930345917361203998846E-0019   0.139638367175419801924E+0002   0.130189939783761219145E-0008  -0.250000000000000000000E+0002   0.569897000433601874647E+0001
   0.235416666666666440921E+0000   0.235416667342791990233E-0009   0.295889897489856450720E-0020   0.100000002867027137889E-0008  -0.994673217584742008962E-0019   0.139638367196207919818E+0002   0.139191659915100419359E-0008  -0.250000000000000000000E+0002   0.569897000433601874647E+0001
   0.237499999999999766853E+0000   0.237500000735855071977E-0009   0.317350254770494995300E-0020   0.100000002867027137889E-0008  -0.106339330004259872638E-0018   0.139638367196207902055E+0002   0.148808101326056259447E-0008  -0.250000000000000000000E+0002   0.569897000433601874647E+0001
   0.239583333333333092785E+0000   0.239583334133168569600E-0009   0.340292720749021571766E-0020   0.100000003275070743209E-0008  -0.113680897671440459672E-0018   0.139638367212529672656E+0002   0.159081635013102620287E-0008  -0.250000000000000000000E+0002   0.569897000433601874647E+0001
   0.241666666666666418717E+0000   0.241666667534732534800E-0009   0.364818596034912952042E-0020   0.100000003275070743209E-0008  -0.121524383580815219275E-0018   0.139638367212529654893E+0002   0.170057540381159709770E-0008  -0.250000000000000000000E+0002   0.569897000433601874647E+0001
   0.243749999999999744649E+0000   0.243750000941145639546E-0009   0.391036160608244344612E-0020   0.100000003740588594568E-0008  -0.129904364369227900927E-0018   0.139638367231150333225E+0002   0.181784198058137265553E-0008  -0.250000000000000000000E+0002   0.569897000433601874647E+0001
   0.245833333333333070581E+0000   0.245833334352407883839E-0009   0.419061151354041373907E-0020   0.100000003740588594568E-0008  -0.138857778224066517494E-0018   0.139638367231150333225E+0002   0.194313294186296289499E-0008  -0.250000000000000000000E+0002   0.569897000433601874647E+0001
   0.247916666666666396512E+0000   0.247916667769203035851E-0009   0.449017270891367674565E-0020   0.100000004271745626357E-0008  -0.148424083043313776504E-0018   0.139638367252396626839E+0002   0.207700037278501161287E-0008  -0.250000000000000000000E+0002   0.569897000433601874647E+0001
   0.249999999999999722444E+0000   0.250000001191531095583E-0009   0.481036729749386549273E-0020   0.100000004271745626357E-0008  -0.158645416665188107399E-0018   0.139638367252396626839E+0002   0.222003388245560864062E-0008  -0.250000000000000000000E+0002   0.569897000433601874647E+0001
   0.252083333333333048376E+0000   0.252083334620172714737E-0009   0.515260823907724799785E-0020   0.100000004877851301422E-0008  -0.169566776889801146042E-0018   0.139638367276640877890E+0002   0.237286304691207951096E-0008  -0.250000000000000000000E+0002   0.569897000433601874647E+0001
   0.254166666666666374308E+0000   0.254166668055127893315E-0009   0.551840549787922871094E-0020   0.100000004877851301422E-0008  -0.181236200060538001103E-0018   0.139638367276640877890E+0002   0.253615999457218729118E-0008  -0.250000000000000000000E+0002   0.569897000433601874647E+0001
   0.256249999999999700240E+0000   0.256250001497288021823E-0009   0.590937259028802252617E-0020   0.100000005569521304190E-0008  -0.193704964687358835349E-0018   0.139638367304307671191E+0002   0.271064215058089164035E-0008  -0.250000000000000000000E+0002   0.569897000433601874647E+0001
   0.258333333333333026172E+0000   0.258333334950628426888E-0009   0.632723355349941072546E-0020   0.100000005951159587958E-0008  -0.207027791137194537198E-0018   0.139638367319573184488E+0002   0.289707513937992385455E-0008  -0.250000000000000000000E+0002   0.569897000433601874647E+0001
   0.260416666666666352103E+0000   0.260416668412191007242E-0009   0.677383035795324565947E-0020   0.100000006358847919205E-0008  -0.221263067982631781580E-0018   0.139638367335880726472E+0002   0.309627586365914443362E-0008  -0.250000000000000000000E+0002   0.569897000433601874647E+0001
   0.262499999999999678035E+0000   0.262500001882536953231E-0009   0.725113079569265041093E-0020   0.100000006794360455588E-0008  -0.236473082040220072548E-0018   0.139638367353301227070E+0002   0.330911576028716275705E-0008  -0.250000000000000000000E+0002   0.569897000433601874647E+0001
   0.264583333333333003967E+0000   0.264583335362265608909E-0009   0.776123686580346962273E-0020   0.100000007259589641594E-0008  -0.252724265348221367140E-0018   0.139638367371910394610E+0002   0.353652424702799652980E-0008  -0.250000000000000000000E+0002   0.569897000433601874647E+0001
   0.266666666666666329899E+0000   0.266666668852017056972E-0009   0.830639368930789615718E-0020   0.100000007756551295694E-0008  -0.270087456020466524027E-0018   0.139638367391788840166E+0002   0.377949236988108095315E-0008  -0.250000000000000000000E+0002   0.569897000433601874647E+0001
   0.268749999999999655831E+0000   0.268750002352474858800E-0009   0.888899898335428272690E-0020   0.100000008287398217471E-0008  -0.288638173971154776742E-0018   0.139638367413022734809E+0002   0.403907665663310533362E-0008  -0.250000000000000000000E+0002   0.569897000433601874647E+0001
   0.270833333333332981763E+0000   0.270833335864368794488E-0009   0.951161312644619547012E-0020   0.100000008854417706077E-0008  -0.308456912345256641539E-0018   0.139638367435703489861E+0002   0.431640319361704331952E-0008  -0.250000000000000000000E+0002   0.569897000433601874647E+0001
   0.272916666666666307695E+0000   0.272916669388477861378E-0009   0.101769698484963633555E-0019   0.100000009460054969440E-0008  -0.329629445398510199246E-0018   0.139638367459928982584E+0002   0.461267193068233350226E-0008  -0.250000000000000000000E+0002   0.569897000433601874647E+0001
   0.274999999999999633626E+0000   0.275000002925633737878E-0009   0.108879875811438034929E-0019   0.100000010106907913030E-0008  -0.352247154054915650191E-0018   0.139638367485803112089E+0002   0.492916123041712098710E-0008  -0.250000000000000000000E+0002   0.569897000433601874647E+0001
   0.277083333333332959558E+0000   0.277083336476723885385E-0009   0.116477815049302835460E-0019   0.100000010797747695297E-0008  -0.376407369104800505884E-0018   0.139638367513436687517E+0002   0.526723266931455877151E-0008  -0.250000000000000000000E+0002   0.569897000433601785829E+0001
   0.279166666666666285490E+0000   0.279166670042695477402E-0009   0.124596763323599893602E-0019   0.100000011535523339203E-0008  -0.402213733822957245211E-0018   0.139638367542947694488E+0002   0.562833610572853140823E-0008  -0.250000000000000000000E+0002   0.569897000433601785829E+0001
   0.281249999999999611422E+0000   0.281250003624558966745E-0009   0.133272198672987545560E-0019   0.100000012323373891773E-0008  -0.429776586319030742048E-0018   0.139638367574461721432E+0002   0.601401502622302908047E-0008  -0.250000000000000000000E+0002   0.569897000433601697011E+0001
   0.283333333333332937354E+0000   0.283333337223392428246E-0009   0.142541973833214084679E-0019   0.100000013164640438900E-0008  -0.459213362855217359792E-0018   0.139638367608112350382E+0002   0.642591218358199602475E-0008  -0.250000000000000000000E+0002   0.569897000433601697011E+0001
   0.285416666666666263286E+0000   0.285416670840345746354E-0009   0.152446468654548723212E-0019   0.100000014062877892664E-0008  -0.490649022946598991744E-0018   0.139638367644041867521E+0002   0.686577554001346963219E-0008  -0.250000000000000000000E+0002   0.569897000433601608194E+0001
   0.287499999999999589217E+0000   0.287500004476645164628E-0009   0.163028751619089534083E-0019   0.100000015021866468464E-0008  -0.524216497333512153726E-0018   0.139638367682401405290E+0002   0.733546452947577628844E-0008  -0.250000000000000000000E+0002   0.569897000433601608194E+0001
   0.289583333333332915149E+0000   0.289583338133598248822E-0009   0.174334750944642876548E-0019   0.100000016045628042515E-0008  -0.560057159822896234985E-0018   0.139638367723351866090E+0002   0.783695665383130492943E-0008  -0.250000000000000000000E+0002   0.569897000433601519376E+0001
   0.291666666666666241081E+0000   0.291666671812598901666E-0009   0.186413435784225185033E-0019   0.100000017138436532966E-0008  -0.598321324091619613852E-0018   0.139638367767064188740E+0002   0.837235442760503960071E-0008  -0.250000000000000000000E+0002   0.569897000433601519376E+0001
   0.293749999999999567013E+0000   0.293750005515132998032E-0009   0.199317008052533799245E-0019   0.100000018304836759615E-0008  -0.639168766534007151785E-0018   0.139638367813720183364E+0002   0.894389268689515731088E-0008  -0.250000000000000000000E+0002   0.569897000433601519376E+0001
   0.295833333333332892945E+0000   0.295833339242783968410E-0009   0.213101105434636862137E-0019   0.100000019549654370078E-0008  -0.682769276334715033950E-0018   0.139638367863512868894E+0002   0.955394627842818028498E-0008  -0.250000000000000000000E+0002   0.569897000433601430558E+0001
   0.297916666666666218877E+0000   0.297916672997238899358E-0009   0.227825016155908067957E-0019   0.100000020878019538515E-0008  -0.729303233904289218306E-0018   0.139638367916647450073E+0002   0.102050381451720867143E-0007  -0.250000000000000000000E+0002   0.569897000433601430558E+0001
   0.299999999999999544809E+0000   0.300000006780295099249E-0009   0.243551906118047117276E-0019   0.100000022295377760334E-0008  -0.778962218979943284997E-0018   0.139638367973341761541E+0002   0.108998478258977605030E-0007  -0.250000000000000000000E+0002   0.569897000433601341740E+0001
   0.302083333333332870740E+0000   0.302083340593866870816E-0009   0.260349059029185291175E-0019   0.100000023807512061992E-0008  -0.831949649369567948915E-0018   0.139638368033827156012E+0002   0.116412203845325503156E-0007  -0.250000000000000000000E+0002   0.569897000433601341740E+0001
   0.304166666666666196672E+0000   0.304166674439992593885E-0009   0.278288130187000243984E-0019   0.100000025420558469275E-0008  -0.888481452172856017382E-0018   0.139638368098348948365E+0002   0.124321757903322007338E-0007  -0.250000000000000000000E+0002   0.569897000433601341740E+0001
   0.306249999999999522604E+0000   0.306250008320842480189E-0009   0.297445414596826794007E-0019   0.100000027141032518429E-0008  -0.948786768187925441375E-0018   0.139638368167167907785E+0002   0.132759187644653778433E-0007  -0.250000000000000000000E+0002   0.569897000433601252922E+0001
   0.308333333333332848536E+0000   0.308333342238726586685E-0009   0.317902130136704720868E-0019   0.100000028975839968159E-0008  -0.101310869126191503306E-0017   0.139638368240560168942E+0002   0.141758491134716890008E-0007  -0.250000000000000000000E+0002   0.569897000433601252922E+0001
   0.310416666666666174468E+0000   0.310416676196103139058E-0009   0.339744716509726429044E-0019   0.100000030932309431897E-0008  -0.108170504384904744147E-0017   0.139638368318818955061E+0002   0.151355725687997598497E-0007  -0.250000000000000000000E+0002   0.569897000433601164104E+0001
   0.312499999999999500400E+0000   0.312500010195587682405E-0009   0.363065150753703829624E-0019   0.100000033018206253758E-0008  -0.115484919024736215232E-0017   0.139638368402254773315E+0002   0.161589121526236517242E-0007  -0.250000000000000000000E+0002   0.569897000433601164104E+0001
   0.314583333333332826331E+0000   0.314583344239962387017E-0009   0.387961280107563784173E-0019   0.100000035241767064013E-0008  -0.123283088888902622511E-0017   0.139638368491197173427E+0002   0.172499200898302924337E-0007  -0.250000000000000000000E+0002   0.569897000433601075287E+0001
   0.316666666666666152263E+0000   0.316666678332186129644E-0009   0.414537173066703634203E-0019   0.100000037611712807179E-0008  -0.131595718541046285826E-0017   0.139638368585995014115E+0002   0.184128902884823046682E-0007  -0.250000000000000000000E+0002   0.569897000433600986469E+0001
   0.318749999999999478195E+0000   0.318750012475404833251E-0009   0.442903489489573397779E-0019   0.100000040137284062638E-0008  -0.140455334778842493983E-0017   0.139638368687017795367E+0002   0.196523714090770156509E-0007  -0.250000000000000000000E+0002   0.569897000433600897651E+0001
   0.320833333333332804127E+0000   0.320833346672962633960E-0009   0.473177870651069863014E-0019   0.100000042828267183535E-0008  -0.149896384528475330895E-0017   0.139638368794657061756E+0002   0.209731805452282389798E-0007  -0.250000000000000000000E+0002   0.569897000433600808833E+0001
   0.322916666666666130059E+0000   0.322916680928413564970E-0009   0.505485350171500386681E-0019   0.100000045695021262875E-0008  -0.159955337276424588105E-0017   0.139638368909327184042E+0002   0.223804175381950796428E-0007  -0.250000000000000000000E+0002   0.569897000433600720015E+0001
   0.324999999999999455991E+0000   0.325000015245533654080E-0009   0.539958786783747221288E-0019   0.100000048748508491047E-0008  -0.170670792203127255200E-0017   0.139638369031466602621E+0002   0.238794799482261127446E-0007  -0.250000000000000000000E+0002   0.569897000433600720015E+0001
   0.327083333333332781923E+0000   0.327083349628334055175E-0009   0.576739319935941608915E-0019   0.100000052000329890025E-0008  -0.182083590186907118720E-0017   0.139638369161539372953E+0002   0.254760787061768946884E-0007  -0.250000000000000000000E+0002   0.569897000433600631197E+0001
   0.329166666666666107854E+0000   0.329166684081074489917E-0009   0.615976849262322611308E-0019   0.100000055462752899846E-0008  -0.194236930849678765208E-0017   0.139638369300036231380E+0002   0.271762544693093176000E-0007  -0.250000000000000000000E+0002   0.569897000433600453562E+0001
   0.331249999999999433786E+0000   0.331250018608277620003E-0009   0.657830538990910350384E-0019   0.100000059148749428913E-0008  -0.207176494818355758693E-0017   0.139638369447475998442E+0002   0.289863947056084109859E-0007  -0.250000000000000000000E+0002   0.569897000433600364744E+0001
   0.333333333333332759718E+0000   0.333333353214744091516E-0009   0.702469348395710743525E-0019   0.100000063072032332667E-0008  -0.220950571402878431084E-0017   0.139638369604407195368E+0002   0.309132515329938781982E-0007  -0.250000000000000000000E+0002   0.569897000433600275926E+0001
   0.335416666666666085650E+0000   0.335416687905568303054E-0009   0.750072589426047981129E-0019   0.100000067247091147780E-0008  -0.235610191740782314087E-0017   0.139638369771409429632E+0002   0.329639603303041410741E-0007  -0.250000000000000000000E+0002   0.569897000433600098290E+0001
   0.337499999999999411582E+0000   0.337500022686155001040E-0009   0.800830512708621111361E-0019   0.100000071689231734794E-0008  -0.251209267892190062256E-0017   0.139638369949094940381E+0002   0.351460591624556565640E-0007  -0.250000000000000000000E+0002   0.569897000433600009472E+0001
   0.339583333333332737514E+0000   0.339583357562236805613E-0009   0.854944923130788438876E-0019   0.100000076414619126075E-0008  -0.267804737705487144014E-0017   0.139638370138110321506E+0002   0.374675090285991880594E-0007  -0.250000000000000000000E+0002   0.569897000433599831837E+0001
   0.341666666666666063445E+0000   0.341666692539892408601E-0009   0.912629826265286718761E-0019   0.100000081440319856775E-0008  -0.285456715886705771551E-0017   0.139638370339138155884E+0002   0.399367149680779096990E-0007  -0.250000000000000000000E+0002   0.569897000433599743019E+0001
   0.343749999999999389377E+0000   0.343750027625566012264E-0009   0.974112106933480185452E-0019   0.100000086784343861539E-0008  -0.304228651377572470810E-0017   0.139638370552898916088E+0002   0.425625480490589275927E-0007  -0.250000000000000000000E+0002   0.569897000433599565383E+0001
   0.345833333333332715309E+0000   0.345833362826087233331E-0009   0.103963224124403235418E-0018   0.100000092465694891158E-0008  -0.324187491246015805681E-0017   0.139638370780152740736E+0002   0.453543682666314880508E-0007  -0.250000000000000000000E+0002   0.569897000433599387748E+0001
   0.347916666666666041241E+0000   0.347916698148692557993E-0009   0.110944504348446156166E-0018   0.100000098504416938080E-0008  -0.345403851286676698201E-0017   0.139638371021701370722E+0002   0.483220483776728432049E-0007  -0.250000000000000000000E+0002   0.569897000433599210112E+0001
   0.349999999999999367173E+0000   0.350000033601047313889E-0009   0.118382044928722469367E-0018   0.100000104921641323670E-0008  -0.367952193560022565433E-0017   0.139638371278390067687E+0002   0.514759987021888606058E-0007  -0.250000000000000000000E+0002   0.569897000433599032476E+0001
   0.352083333333332693105E+0000   0.352083369191269089660E-0009   0.126304433651206484866E-0018   0.100000111739646772199E-0008  -0.391911010850103586946E-0017   0.139638371551109994328E+0002   0.548271929046575120533E-0007  -0.250000000000000000000E+0002   0.569897000433598854841E+0001
   0.354166666666666019037E+0000   0.354166704927951929978E-0009   0.134741938536820276417E-0018   0.100000118981905505485E-0008  -0.417363018729686646598E-0017   0.139638371840800008528E+0002   0.583871948102882883671E-0007  -0.250000000000000000000E+0002   0.569897000433598588387E+0001
   0.356249999999999344968E+0000   0.356250040820192029848E-0009   0.143726597930263561689E-0018   0.100000126673144723094E-0008  -0.444395354865217740258E-0017   0.139638372148449185772E+0002   0.621681862580169470160E-0007  -0.250000000000000000000E+0002   0.569897000433598321933E+0001
   0.358333333333332670900E+0000   0.358333376877614411178E-0009   0.153292314824030817151E-0018   0.100000134839404815171E-0008  -0.473099786119670810881E-0017   0.139638372475099146186E+0002   0.661829960301195947660E-0007  -0.250000000000000000000E+0002   0.569897000433598144298E+0001
   0.360416666666665996832E+0000   0.360416713110400891827E-0009   0.163474955579999375911E-0018   0.100000143508095672763E-0008  -0.503572923533031879572E-0017   0.139638372821846274974E+0002   0.704451298839390971411E-0007  -0.250000000000000000000E+0002   0.569897000433597877844E+0001
   0.362499999999999322764E+0000   0.362500049529319295419E-0009   0.174312453215162719039E-0018   0.100000152708069851944E-0008  -0.535916445400111034718E-0017   0.139638373189844671174E+0002   0.749688017137108685359E-0007  -0.250000000000000000000E+0002   0.569897000433597611391E+0001
   0.364583333333332648696E+0000   0.364583386145754108724E-0009   0.185844915421975619756E-0018   0.100000162469672825038E-0008  -0.570237328618571007335E-0017   0.139638373580308172706E+0002   0.797689658687798530183E-0007  -0.250000000000000000000E+0002   0.569897000433597256119E+0001
   0.366666666666665974628E+0000   0.366666722971738483209E-0009   0.198114737498400465062E-0018   0.100000172824828655848E-0008  -0.606648088562910406969E-0017   0.139638373994513713683E+0002   0.848613506583669267141E-0007  -0.250000000000000000000E+0002   0.569897000433596989666E+0001
   0.368749999999999300559E+0000   0.368750060019987684155E-0009   0.211166720366233551495E-0018   0.100000183807094552223E-0008  -0.645267027602754943612E-0017   0.139638374433803544861E+0002   0.902624930670736467903E-0007  -0.250000000000000000000E+0002   0.569897000433596634394E+0001
   0.370833333333332626491E+0000   0.370833397303933935637E-0009   0.225048193860890283514E-0018   0.100000195451744638766E-0008  -0.686218492534126867325E-0017   0.139638374899588662004E+0002   0.959897747110655794416E-0007  -0.250000000000000000000E+0002   0.569897000433596279123E+0001
   0.372916666666665952423E+0000   0.372916734837762971570E-0009   0.239809145479284236145E-0018   0.100000208155534524646E-0008  -0.729633141040576620567E-0017   0.139638375407739196987E+0002   0.102061459068679073057E-0006  -0.250000000000000000000E+0002   0.569897000433595923852E+0001
   0.374999999999999278355E+0000   0.375000072640198852299E-0009   0.255502354804231280240E-0018   0.100000221257964585284E-0008  -0.775648217441118329697E-0017   0.139638375931835252430E+0002   0.108496729952890643335E-0006  -0.250000000000000000000E+0002   0.569897000433595479763E+0001
   0.377083333333332604287E+0000   0.377083410723511251249E-0009   0.272183533666490766381E-0018   0.100000235140637804515E-0008  -0.824407837865925791243E-0017   0.139638376487140867255E+0002   0.115315731401306080616E-0006  -0.250000000000000000000E+0002   0.569897000433595124491E+0001
   0.379166666666665930219E+0000   0.379166749104391794301E-0009   0.289911472503863594518E-0018   0.100000249846499269751E-0008  -0.876063285055188258424E-0017   0.139638377075373902869E+0002   0.122539608811000792570E-0006  -0.250000000000000000000E+0002   0.569897000433594591584E+0001
   0.381249999999999256151E+0000   0.381250087800448416661E-0009   0.308748192864614316741E-0018   0.100000265420618929964E-0008  -0.930773312950472277549E-0017   0.139638377698337006194E+0002   0.130190551488132372152E-0006  -0.250000000000000000000E+0002   0.569897000433594147495E+0001
   0.383333333333332582082E+0000   0.383333426830250547598E-0009   0.328759106385920268732E-0018   0.100000281910265649028E-0008  -0.988704461274507648280E-0017   0.139638378357921073558E+0002   0.138291836580416667083E-0006  -0.250000000000000000000E+0002   0.569897000433593703406E+0001
   0.385416666666665908014E+0000   0.385416766213375794453E-0009   0.350013180432563064512E-0018   0.100000299365012940079E-0008  -0.105003138026008878228E-0016   0.139638379056108892229E+0002   0.146867874425253190453E-0006  -0.250000000000000000000E+0002   0.569897000433593081681E+0001
   0.387499999999999233946E+0000   0.387500105970459004788E-0009   0.372583110605821848124E-0018   0.100000317836826005598E-0008  -0.111493716539265867989E-0016   0.139638379794979119453E+0002   0.155944255315235945883E-0006  -0.250000000000000000000E+0002   0.569897000433592548774E+0001
   0.389583333333332559878E+0000   0.389583446123243086291E-0009   0.396545500344569043214E-0018   0.100000337380162715481E-0008  -0.118361370331042984637E-0016   0.139638380576709977277E+0002   0.165547797761179513437E-0006  -0.250000000000000000000E+0002   0.569897000433591927049E+0001
   0.391666666666665885810E+0000   0.391666786694631946341E-0009   0.421981047830776709975E-0018   0.100000358052073034152E-0008  -0.125626202734715449490E-0016   0.139638381403583462514E+0002   0.175706598186356139496E-0006  -0.250000000000000000000E+0002   0.569897000433591216506E+0001
   0.393749999999999211742E+0000   0.393750127708745551216E-0009   0.448974740425214610160E-0018   0.100000379912302707652E-0008  -0.133309268449525117675E-0016   0.139638382277989379077E+0002   0.186450082142176503461E-0006  -0.250000000000000000000E+0002   0.569897000433590594781E+0001
   0.395833333333332537673E+0000   0.395833469190977208346E-0009   0.477616056856620357157E-0018   0.100000403023400321488E-0008  -0.141432611290233100133E-0016   0.139638383202429618990E+0002   0.197809057027773855932E-0006  -0.250000000000000000000E+0002   0.569897000433589795421E+0001
   0.397916666666665863605E+0000   0.397916811168053123324E-0009   0.507999177391388858195E-0018   0.100000427450827357014E-0008  -0.150019303038791040541E-0016   0.139638384179522638817E+0002   0.209815766337866251408E-0006  -0.250000000000000000000E+0002   0.569897000433589084878E+0001
   0.399999999999999189537E+0000   0.400000153668094179953E-0009   0.540223202212928963832E-0018   0.100000453263072135562E-0008  -0.159093483400668862442E-0016   0.139638385212007829494E+0002   0.222503945452029750750E-0006  -0.250000000000000000000E+0002   0.569897000433588285517E+0001
   0.402083333333332515469E+0000   0.402083496720680201841E-0009   0.574392378241772340224E-0018   0.100000480531764134802E-0008  -0.168680401074976060453E-0016   0.139638386302750365786E+0002   0.235908878977388650187E-0006  -0.250000000000000000000E+0002   0.569897000433587397339E+0001
   0.404166666666665841401E+0000   0.404166840356916643839E-0009   0.610616334629244635113E-0018   0.100000509331793867891E-0008  -0.178806455946267455727E-0016   0.139638387454745860339E+0002   0.250067459655154000521E-0006  -0.250000000000000000000E+0002   0.569897000433586509160E+0001
   0.406249999999999167333E+0000   0.406250184609503765019E-0009   0.649010327158899096565E-0018   0.100000539741437001925E-0008  -0.189499242403821436046E-0016   0.139638388671125106555E+0002   0.265018248839179017016E-0006  -0.250000000000000000000E+0002   0.569897000433585532164E+0001
   0.408333333333332493265E+0000   0.408333529512808541688E-0009   0.689695491790994742797E-0018   0.100000571842479034736E-0008  -0.200787593792853044801E-0016   0.139638389955159549771E+0002   0.280801538552526996781E-0006  -0.250000000000000000000E+0002   0.569897000433584466350E+0001
   0.410416666666665819196E+0000   0.410416875102938906849E-0009   0.732799107586052294066E-0018   0.100000605720340116448E-0008  -0.212701628000481911720E-0016   0.139638391310265994605E+0002   0.297459415125721937429E-0006  -0.250000000000000000000E+0002   0.569897000433583400536E+0001
   0.412499999999999145128E+0000   0.412500221417821091588E-0009   0.778454869243914641439E-0018   0.100000641464215897656E-0008  -0.225272794177526027291E-0016   0.139638392740012040605E+0002   0.315035824417908572466E-0006  -0.250000000000000000000E+0002   0.569897000433582245904E+0001
   0.414583333333332471060E+0000   0.414583568497279396303E-0009   0.826803169494731212380E-0018   0.100000679167205204750E-0008  -0.238533920595020437663E-0016   0.139638394248121571195E+0002   0.333576638619300178834E-0006  -0.250000000000000000000E+0002   0.569897000433581002454E+0001
   0.416666666666665796992E+0000   0.416666916383119218960E-0009   0.877991391577885384875E-0018   0.100000718926452170227E-0008  -0.252519263632728812878E-0016   0.139638395838480260380E+0002   0.353129724630638890165E-0006  -0.250000000000000000000E+0002   0.569897000433579670187E+0001
   0.418749999999999122924E+0000   0.418750265119212564888E-0009   0.932174212044030529657E-0018   0.100000760843284971559E-0008  -0.267264557894339902226E-0016   0.139638397515141097216E+0002   0.373745014012199008620E-0006  -0.250000000000000000000E+0002   0.569897000433578337919E+0001
   0.420833333333332448856E+0000   0.420833614751586865295E-0009   0.989513914114106805547E-0018   0.100000805023366129910E-0008  -0.282807067442178901472E-0016   0.139638399282330425422E+0002   0.395474574491787966903E-0006  -0.250000000000000000000E+0002   0.569897000433576828016E+0001
   0.422916666666665774788E+0000   0.422916965328516639226E-0009   0.105018071182739728098E-0017   0.100000851576832489774E-0008  -0.299185638141407648819E-0016   0.139638401144453521141E+0002   0.418372683017712304412E-0006  -0.250000000000000000000E+0002   0.569897000433575318112E+0001
   0.424999999999999100719E+0000   0.425000316900618412529E-0009   0.111435308520838143151E-0017   0.100000900618453334549E-0008  -0.316440751101571046483E-0016   0.139638403106101076645E+0002   0.442495900339158928960E-0006  -0.250000000000000000000E+0002   0.569897000433573630573E+0001
   0.427083333333332426651E+0000   0.427083669520948687069E-0009   0.118221812667927567921E-0017   0.100000952267779341089E-0008  -0.334614577200285492460E-0016   0.139638405172054902437E+0002   0.467903147092641192784E-0006  -0.250000000000000000000E+0002   0.569897000433571943034E+0001
   0.429166666666665752583E+0000   0.429167023245105322043E-0009   0.125397189894172171445E-0017   0.100001006649303714485E-0008  -0.353751032671316963077E-0016   0.139638407347294482008E+0002   0.494655781369160469004E-0006  -0.250000000000000000000E+0002   0.569897000433570166678E+0001
   0.431249999999999078515E+0000   0.431250378131332017236E-0009   0.132981980454702627243E-0017   0.100001063892619104225E-0008  -0.373895835736078943747E-0016   0.139638409637003242381E+0002   0.522817677732616011085E-0006  -0.250000000000000000000E+0002   0.569897000433568212685E+0001
   0.433333333333332404447E+0000   0.433333734240626311788E-0009   0.140997696736970222018E-0017   0.100001124132580331304E-0008  -0.395096564254689569118E-0016   0.139638412046575215442E+0002   0.552455307655568224897E-0006  -0.250000000000000000000E+0002   0.569897000433566169875E+0001
   0.435416666666665730379E+0000   0.435417091636850891688E-0009   0.149466862619370210193E-0017   0.100001187509471954335E-0008  -0.417402714369303862351E-0016   0.139638414581621486121E+0002   0.583637821333897410579E-0006  -0.250000000000000000000E+0002   0.569897000433564038246E+0001
   0.437499999999999056310E+0000   0.437500450386848412777E-0009   0.158413054061470327814E-0017   0.100001254169175587506E-0008  -0.440865760109041410094E-0016   0.139638417247976889257E+0002   0.616437130837110536569E-0006  -0.250000000000000000000E+0002   0.569897000433561728983E+0001
   0.439583333333332382242E+0000   0.439583810560559994377E-0009   0.167860940945504455021E-0017   0.100001324263339886199E-0008  -0.465539213922374783878E-0016   0.139638420051707168312E+0002   0.650927994546038302387E-0006  -0.250000000000000000000E+0002   0.569897000433559330901E+0001
   0.441666666666665708174E+0000   0.441667172231147021633E-0009   0.177836330188038377612E-0017   0.100001397949552848709E-0008  -0.491478688098976504777E-0016   0.139638422999115423551E+0002   0.687188102824477517006E-0006  -0.250000000000000000000E+0002   0.569897000433556755183E+0001
   0.443749999999999034106E+0000   0.443750535475116721869E-0009   0.188366210139883829141E-0017   0.100001475391522245014E-0008  -0.518741957039265829530E-0016   0.139638426096749572736E+0002   0.725298164865912226425E-0006  -0.250000000000000000000E+0002   0.569897000433554090648E+0001
   0.445833333333332360038E+0000   0.445833900372451618355E-0009   0.199478796291425221211E-0017   0.100001556759247029283E-0008  -0.547389020325972608012E-0016   0.139638429351408994705E+0002   0.765341996650835960209E-0006  -0.250000000000000000000E+0002   0.569897000433551337295E+0001
   0.447916666666665685970E+0000   0.447917267006742292798E-0009   0.211203578299524740132E-0017   0.100001642229200725812E-0008  -0.577482166547623387512E-0016   0.139638432770152309814E+0002   0.807406609944401432027E-0006  -0.250000000000000000000E+0002   0.569897000433548317488E+0001
   0.449999999999999011902E+0000   0.450000635465324283728E-0009   0.223571368351086034006E-0017   0.100001731984515228557E-0008  -0.609086037819933314533E-0016   0.139638436360304094563E+0002   0.851582302258107871852E-0006  -0.250000000000000000000E+0002   0.569897000433545208864E+0001
   0.452083333333332337833E+0000   0.452084005839418603809E-0009   0.236614350877183014070E-0017   0.100001826215156783813E-0008  -0.642267694946365251104E-0016   0.139638440129462484407E+0002   0.897962747693068708849E-0006  -0.250000000000000000000E+0002   0.569897000433541922604E+0001
   0.454166666666665663765E+0000   0.454167378224276134550E-0009   0.250366133630388679615E-0017   0.100001925118120873962E-0008  -0.677096683154840540641E-0016   0.139638444085506652215E+0002   0.946645088576008813382E-0006  -0.250000000000000000000E+0002   0.569897000433538458708E+0001
   0.456249999999998989697E+0000   0.456250752719325950137E-0009   0.264861800136577590022E-0017   0.100002028897612439453E-0008  -0.713645098342674028296E-0016   0.139638448236604038044E+0002   0.997730027792684950869E-0006  -0.250000000000000000000E+0002   0.569897000433534728359E+0001
   0.458333333333332315629E+0000   0.458334129428327466956E-0009   0.280137963531009050273E-0017   0.100002137765233710834E-0008  -0.751987653757298833251E-0016   0.139638452591217898657E+0002   0.105132192171664302498E-0005  -0.250000000000000000000E+0002   0.569897000433530909191E+0001
   0.460416666666665641561E+0000   0.460417508459526573942E-0009   0.296232821786940538297E-0017   0.100002251940174873890E-0008  -0.792201747035349552873E-0016   0.139638457158115016910E+0002   0.110752887362453857431E-0005  -0.250000000000000000000E+0002   0.569897000433526823571E+0001
   0.462499999999998967493E+0000   0.462500889925815588627E-0009   0.313186214343351737478E-0017   0.100002371649403080409E-0008  -0.834367527517691353451E-0016   0.139638461946373180211E+0002   0.116646282748210798120E-0005  -0.250000000000000000000E+0002   0.569897000433522560314E+0001
   0.464583333333332293424E+0000   0.464584273944897297395E-0009   0.331039680136592612541E-0017   0.100002497127851500309E-0008  -0.878567963753057814755E-0016   0.139638466965388605701E+0002   0.122823966197848116454E-0005  -0.250000000000000000000E+0002   0.569897000433518030604E+0001
   0.466666666666665619356E+0000   0.466667660639452924844E-0009   0.349836517038902663839E-0017   0.100002628618604610101E-0008  -0.924888911098180884677E-0016   0.139638472224883667394E+0002   0.129297928467802422321E-0005  -0.250000000000000000000E+0002   0.569897000433513234441E+0001
   0.468749999999998945288E+0000   0.468751050137313825466E-0009   0.369621842704753462772E-0017   0.100002766373102547854E-0008  -0.973419179316170671989E-0016   0.139638477734914587813E+0002   0.136080572615357488332E-0005  -0.250000000000000000000E+0002   0.569897000433508260642E+0001
   0.470833333333332271220E+0000   0.470834442571637569715E-0009   0.390442656823901126759E-0017   0.100002910651311450366E-0008  -0.102425060007128415240E-0015   0.139638483505878756574E+0002   0.143184723395639709825E-0005  -0.250000000000000000000E+0002   0.569897000433503020389E+0001
   0.472916666666665597152E+0000   0.472917838081087959191E-0009   0.412347904777826273499E-0017   0.100003061721923816986E-0008  -0.107747809421181729862E-0015   0.139638489548522422012E+0002   0.150623636627155841171E-0005  -0.250000000000000000000E+0002   0.569897000433497424865E+0001
   0.474999999999998923084E+0000   0.475001236810017730157E-0009   0.435388542693956227998E-0017   0.100003219862542826135E-0008  -0.113319973872864484650E-0015   0.139638495873948169645E+0002   0.158411008510024005514E-0005  -0.250000000000000000000E+0002   0.569897000433491651705E+0001
   0.477083333333332249016E+0000   0.477084638908657564309E-0009   0.459617603889650911574E-0017   0.100003385359870518894E-0008  -0.119151683327132162937E-0015   0.139638502493622169709E+0002   0.166560984880346064745E-0005  -0.250000000000000000000E+0002   0.569897000433485523274E+0001
   0.479166666666665574947E+0000   0.479168044533305926724E-0009   0.485090266695433753846E-0017   0.100003558509890916115E-0008  -0.125253396609902300568E-0015   0.139638509419382099708E+0002   0.175088170383475589528E-0005  -0.250000000000000000000E+0002   0.569897000433479039572E+0001
   0.481249999999998900879E+0000   0.481251453846526141648E-0009   0.511863923644338024016E-0017   0.100003739618050591945E-0008  -0.131635907933886319319E-0015   0.139638516663443663646E+0002   0.184007637548266343705E-0005  -0.250000000000000000000E+0002   0.569897000433472289416E+0001
   0.483333333333332226811E+0000   0.483334867017344088652E-0009   0.539998252011538901011E-0017   0.100003928999443362580E-0008  -0.138310353341939863663E-0015   0.139638524238408372469E+0002   0.193334935743728963408E-0005  -0.250000000000000000000E+0002   0.569897000433465183988E+0001
   0.485416666666665552743E+0000   0.485418284221451275483E-0009   0.569555285685633981377E-0017   0.100004126978980644112E-0008  -0.145288217054227536892E-0015   0.139638532157270365275E+0002   0.203086099998901174898E-0005  -0.250000000000000000000E+0002   0.569897000433457723290E+0001
   0.487499999999998878675E+0000   0.487501705641411840005E-0009   0.600599488350047877780E-0017   0.100004333891570702564E-0008  -0.152581337705145262516E-0015   0.139638540433423301579E+0002   0.213277659666141536891E-0005  -0.250000000000000000000E+0002   0.569897000433449907320E+0001
   0.489583333333332204607E+0000   0.489585131466871826896E-0009   0.633197827950064388881E-0017   0.100004550082288349998E-0008  -0.160201914455517820088E-0015   0.139638549080667235813E+0002   0.223926646907498201936E-0005  -0.250000000000000000000E+0002   0.569897000433441647260E+0001
   0.491666666666665530538E+0000   0.491668561894773634224E-0009   0.667419852417924796375E-0017   0.100004775906538023172E-0008  -0.168162512965158534467E-0015   0.139638558113215385248E+0002   0.235050604983296246935E-0005  -0.250000000000000000000E+0002   0.569897000433433031930E+0001
   0.493749999999998856470E+0000   0.493751997129571493993E-0009   0.703337766625309451870E-0017   0.100005011730214297933E-0008  -0.176476071210661456626E-0015   0.139638567545700134076E+0002   0.246667596321614732629E-0005  -0.250000000000000000000E+0002   0.569897000433423972510E+0001
   0.495833333333332182402E+0000   0.495835437383453363346E-0009   0.741026510529328473286E-0017   0.100005257929864264775E-0008  -0.185155905132941583894E-0015   0.139638577393179765807E+0002   0.258796210346924937019E-0005  -0.250000000000000000000E+0002   0.569897000433414469001E+0001
   0.497916666666665508334E+0000   0.497918882876563436145E-0009   0.780563838474893011087E-0017   0.100005514892837041737E-0008  -0.194215714098741932564E-0015   0.139638587671144254188E+0002   0.271455571045808418456E-0005  -0.250000000000000000000E+0002   0.569897000433404521402E+0001
   0.499999999999998834266E+0000   0.500002333837228376874E-0009   0.822030399613050211852E-0017   0.100005783017418790952E-0008  -0.203669586160259074738E-0015   0.139638598395520876494E+0002   0.284665344247385911772E-0005  -0.250000000000000000000E+0002   0.569897000433394040897E+0001
   0.502083333333332215709E+0000   0.502085790502188104026E-0009   0.865509819391525521252E-0017   0.100006062712985023285E-0008  -0.213532003096752764510E-0015   0.139638609582680057741E+0002   0.298445744595855507909E-0005  -0.250000000000000000000E+0002   0.569897000433383116302E+0001
   0.504166666666665541641E+0000   0.504169253116826780291E-0009   0.911088782070367315525E-0017   0.100006354400124468621E-0008  -0.223817845221987085511E-0015   0.139638621249440308958E+0002   0.312817542192812921475E-0005  -0.250000000000000000000E+0002   0.569897000433371569983E+0001
   0.506249999999998867573E+0000   0.506252721935408145439E-0009   0.958857114212266929578E-0017   0.100006658510766999356E-0008  -0.234542395941563199156E-0015   0.139638633413073645073E+0002   0.327802068885823059201E-0005  -0.250000000000000000000E+0002   0.569897000433359579574E+0001
   0.508333333333332193504E+0000   0.508336197221313744337E-0009   0.100890786909364329665E-0016   0.100006975488295630644E-0008  -0.245721346043415602263E-0015   0.139638646091309386321E+0002   0.343421224181441743536E-0005  -0.250000000000000000000E+0002   0.569897000433346967441E+0001
   0.510416666666665519436E+0000   0.510419679247281775351E-0009   0.106133741197937112033E-0016   0.100007305787661622586E-0008  -0.257370797706100692791E-0015   0.139638659302339576129E+0002   0.359697480759748583926E-0005  -0.250000000000000000000E+0002   0.569897000433333733582E+0001
   0.512499999999998845368E+0000   0.512503168295649867857E-0009   0.111624550620064340379E-0016   0.100007649875480433173E-0008  -0.269507268208690267237E-0015   0.139638673064821947634E+0002   0.376653889568238119584E-0005  -0.250000000000000000000E+0002   0.569897000433319877999E+0001
   0.514583333333332171300E+0000   0.514586664658598480132E-0009   0.117373539997220726695E-0016   0.100008008230121405354E-0008  -0.282147693326775020513E-0015   0.139638687397884186936E+0002   0.394314084473218197754E-0005  -0.250000000000000000000E+0002   0.569897000433305400691E+0001
   0.516666666666665497232E+0000   0.516670168638396985592E-0009   0.123391391388201201104E-0016   0.100008381341789223638E-0008  -0.295309430399389049272E-0015   0.139638702321126597639E+0002   0.412702286447336560591E-0005  -0.250000000000000000000E+0002   0.569897000433290212840E+0001
   0.518749999999998823164E+0000   0.518753680547651620177E-0009   0.129689152898319069474E-0016   0.100008769712599745881E-0008  -0.309010261052078859951E-0015   0.139638717854625475923E+0002   0.431843307272493201379E-0005  -0.250000000000000000000E+0002   0.569897000433274314446E+0001
   0.520833333333332149095E+0000   0.520837200709552809354E-0009   0.136278247541527462498E-0016   0.100009173856631764111E-0008  -0.323268393561828934183E-0015   0.139638734018935011250E+0002   0.451762552738102306877E-0005  -0.250000000000000000000E+0002   0.569897000433257794327E+0001
   0.522916666666665475027E+0000   0.522920729458126424229E-0009   0.143170482147864156375E-0016   0.100009594299988567448E-0008  -0.338102464850283973599E-0015   0.139638750835089595626E+0002   0.472486025315553387317E-0005  -0.250000000000000000000E+0002   0.569897000433240386030E+0001
   0.524999999999998800959E+0000   0.525004267138484417274E-0009   0.150378056308344221555E-0016   0.100010031580823191789E-0008  -0.353531542092273805762E-0015   0.139638768324604978233E+0002   0.494040326290700069150E-0005  -0.250000000000000000000E+0002   0.569897000433222267191E+0001
   0.527083333333332126891E+0000   0.527087814107075458050E-0009   0.157913571349163953969E-0016   0.100010486249376366719E-0008  -0.369575123927608160054E-0015   0.139638786509479650988E+0002   0.516452657337333061828E-0005  -0.250000000000000000000E+0002   0.569897000433203260172E+0001
   0.529166666666665452823E+0000   0.529171370731937843681E-0009   0.165790039326837461502E-0016   0.100010958867987082745E-0008  -0.386253141264807847480E-0015   0.139638805412195292632E+0002   0.539750821515830477953E-0005  -0.250000000000000000000E+0002   0.569897000433183453794E+0001
   0.531249999999998778755E+0000   0.531254937392951168554E-0009   0.174020892035664147883E-0016   0.100011450011097368265E-0008  -0.403585957666690356893E-0015   0.139638825055716697676E+0002   0.563963223682583998533E-0005  -0.250000000000000000000E+0002   0.569897000433162759236E+0001
   0.533333333333332104687E+0000   0.533338514482089027999E-0009   0.182619990018723760693E-0016   0.100011960265241722331E-0008  -0.421594369308508704542E-0015   0.139638845463491456655E+0002   0.589118870297275668777E-0005  -0.250000000000000000000E+0002   0.569897000433141087683E+0001
   0.535416666666665430618E+0000   0.535422102403669654011E-0009   0.191601631573418191831E-0016   0.100012490229026538534E-0008  -0.440299604500753103644E-0015   0.139638866659449210061E+0002   0.615247368616789252962E-0005  -0.250000000000000000000E+0002   0.569897000433118439133E+0001
   0.537499999999998756550E+0000   0.537505701574608205337E-0009   0.200980561742425699109E-0016   0.100013040513092261494E-0008  -0.459723322769893668800E-0015   0.139638888667999836457E+0002   0.642378925266011711935E-0005  -0.250000000000000000000E+0002   0.569897000433094902405E+0001
   0.539583333333332082482E+0000   0.539589312424666782821E-0009   0.210771981280806383565E-0016   0.100013611740071945107E-0008  -0.479887613491529162048E-0015   0.139638911514031853756E+0002   0.670544344178597259600E-0005  -0.250000000000000000000E+0002   0.569897000433070211045E+0001
   0.541666666666665408414E+0000   0.541672935396703410763E-0009   0.220991555589910119580E-0016   0.100014204544525429647E-0008  -0.500814994072492288997E-0015   0.139638935222909665868E+0002   0.699775023900758577297E-0005  -0.250000000000000000000E+0002   0.569897000433044542689E+0001
   0.543749999999998734346E+0000   0.543756570946919984309E-0009   0.231655423608652223011E-0016   0.100014819572865743376E-0008  -0.522528407678493312156E-0015   0.139638959820470649476E+0002   0.730102954255723065317E-0005  -0.250000000000000000000E+0002   0.569897000433017719701E+0001
   0.545833333333332060278E+0000   0.545840219545108148889E-0009   0.242780206652706735094E-0016   0.100015457483277004864E-0008  -0.545051220507356807277E-0015   0.139638985333021619084E+0002   0.761560712366865213480E-0005  -0.250000000000000000000E+0002   0.569897000432989742080E+0001
   0.547916666666665386209E+0000   0.547923881674894352475E-0009   0.254383017192155551861E-0016   0.100016118945604904278E-0008  -0.568407218607965207992E-0015   0.139639011787334634818E+0002   0.794181458040454535017E-0005  -0.250000000000000000000E+0002   0.569897000432960609828E+0001
   0.549999999999998712141E+0000   0.550007557833980761930E-0009   0.266481467558164878072E-0016   0.100016804641251920277E-0008  -0.592620604247542800183E-0015   0.139639039210642561528E+0002   0.827998928511234739633E-0005  -0.250000000000000000000E+0002   0.569897000432930234126E+0001
   0.552083333333332038073E+0000   0.552091248534384938594E-0009   0.279093678569331050708E-0016   0.100017515263051237007E-0008  -0.617715991831277521495E-0015   0.139639067630633775252E+0002   0.863047432556385769105E-0005  -0.250000000000000000000E+0002   0.569897000432898526157E+0001
   0.554166666666665364005E+0000   0.554174954302677239119E-0009   0.292238288068436754512E-0016   0.100018251515116672858E-0008  -0.643718403380011443267E-0015   0.139639097075446567686E+0002   0.899361843985887556322E-0005  -0.250000000000000000000E+0002   0.569897000432865485919E+0001
   0.556249999999998689937E+0000   0.556258675680213563413E-0009   0.305934459360502557501E-0016   0.100019014112705761395E-0008  -0.670653263573841310881E-0015   0.139639127573663035520E+0002   0.936977594519735522633E-0005  -0.250000000000000000000E+0002   0.569897000432831113415E+0001
   0.558333333333332015869E+0000   0.558342413223366138032E-0009   0.320201889543751903633E-0016   0.100019803782046146826E-0008  -0.698546394424340527652E-0015   0.139639159154302578969E+0002   0.975930666102295651379E-0005  -0.250000000000000000000E+0002   0.569897000432795231006E+0001
   0.560416666666665341801E+0000   0.560426167503750473860E-0009   0.335060817722565533915E-0016   0.100020621260159001618E-0008  -0.727424009295439298277E-0015   0.139639191846814174625E+0002   0.101625758248532775723E-0004  -0.250000000000000000000E+0002   0.569897000432757927513E+0001
   0.562499999999998667732E+0000   0.562509939108448187888E-0009   0.350532033097195280589E-0016   0.100021467294679321514E-0008  -0.757312706939983284155E-0015   0.139639225681069536478E+0002   0.105799540046003743508E-0004  -0.250000000000000000000E+0002   0.569897000432719114116E+0001
   0.564583333333331993664E+0000   0.564593728640225999277E-0009   0.366636882919911445744E-0016   0.100022342643646483398E-0008  -0.788239464790308408890E-0015   0.139639260687354553880E+0002   0.110118170040111296149E-0004  -0.250000000000000000000E+0002   0.569897000432678701998E+0001
   0.566666666666665319596E+0000   0.566677536717750589528E-0009   0.383397280310249330083E-0016   0.100023248075305742630E-0008  -0.820231632031449774514E-0015   0.139639296896360995959E+0002   0.114585457632152375846E-0004  -0.250000000000000000000E+0002   0.569897000432636602341E+0001
   0.568749999999998645528E+0000   0.568761363975798706351E-0009   0.400835711921840765207E-0016   0.100024184367874657917E-0008  -0.853316922297042055230E-0015   0.139639334339177469957E+0002   0.119205262542825415976E-0004  -0.250000000000000000000E+0002   0.569897000432592815145E+0001
   0.570833333333331971460E+0000   0.570845211065462821452E-0009   0.418975245453708652931E-0016   0.100025152309329389206E-0008  -0.887523406032855831273E-0015   0.139639373047280326290E+0002   0.123981493720602637337E-0004  -0.250000000000000000000E+0002   0.569897000432547340409E+0001
   0.572916666666665297392E+0000   0.572929078654351928620E-0009   0.437839536999324062675E-0016   0.100026152697153193416E-0008  -0.922879502548624410764E-0015   0.139639413052523817527E+0002   0.128918108205810398652E-0004  -0.250000000000000000000E+0002   0.569897000432500000500E+0001
   0.574999999999998623323E+0000   0.575012967426786965152E-0009   0.457452838227175273607E-0016   0.100027186338094060520E-0008  -0.959413971780795333851E-0015   0.139639454387130186319E+0002   0.134019109953516844076E-0004  -0.250000000000000000000E+0002   0.569897000432450795415E+0001
   0.577083333333331949255E+0000   0.577096878083991373583E-0009   0.477840003387073251999E-0016   0.100028254047911885789E-0008  -0.997155905789389603431E-0015   0.139639497083679380296E+0002   0.139288548618490787512E-0004  -0.250000000000000000000E+0002   0.569897000432399725156E+0001
   0.579166666666665275187E+0000   0.579180811344275976554E-0009   0.499026496136919782120E-0016   0.100029356651115343641E-0008  -0.103613472001370219285E-0014   0.139639541175098340631E+0002   0.144730518305653203109E-0004  -0.250000000000000000000E+0002   0.569897000432346612087E+0001
   0.581249999999998601119E+0000   0.581264767943218991994E-0009   0.521038396185184747423E-0016   0.100030494980688483769E-0008  -0.107638014431237590538E-0014   0.139639586694650130738E+0002   0.150349156289565290848E-0004  -0.250000000000000000000E+0002   0.569897000432291456207E+0001
   0.583333333333331927051E+0000   0.583348748633838913867E-0009   0.543902405744877826125E-0016   0.100031669877827542947E-0008  -0.111792221381403620384E-0014   0.139639633675923278133E+0002   0.156148641706601982678E-0004  -0.250000000000000000000E+0002   0.569897000432234079881E+0001
   0.585416666666665252983E+0000   0.585432754186763257017E-0009   0.567645855795350588774E-0016   0.100032882191652548513E-0008  -0.116079125960527988198E-0014   0.139639682152819748495E+0002   0.162133194223532989167E-0004  -0.250000000000000000000E+0002   0.569897000432174571927E+0001
   0.587499999999998578915E+0000   0.587516785390391098157E-0009   0.592296712148825877870E-0016   0.100034132778931557030E-0008  -0.120501789928313723518E-0014   0.139639732159544163181E+0002   0.168307072686282529778E-0004  -0.250000000000000000000E+0002   0.569897000432112843527E+0001
   0.589583333333331904846E+0000   0.589600843051048172237E-0009   0.617883581319117665421E-0016   0.100035422503790210494E-0008  -0.125063302739927214381E-0014   0.139639783730591933164E+0002   0.174674573752651815680E-0004  -0.250000000000000000000E+0002   0.569897000432048717045E+0001
   0.591666666666665230778E+0000   0.591684927993139073673E-0009   0.644435716192071584781E-0016   0.100036752237429460949E-0008  -0.129766780596765508832E-0014   0.139639836900737712710E+0002   0.181240030522829387413E-0004  -0.250000000000000000000E+0002   0.569897000431982192481E+0001
   0.593749999999998556710E+0000   0.593769041059289738213E-0009   0.671983021490380732427E-0016   0.100038122857835788441E-0008  -0.134615365427590469895E-0014   0.139639891705023782009E+0002   0.188007811121788168519E-0004  -0.250000000000000000000E+0002   0.569897000431913269836E+0001
   0.595833333333331882642E+0000   0.595853183110486822863E-0009   0.700556059040681002660E-0016   0.100039535249481513482E-0008  -0.139612223979355360759E-0014   0.139639948178747896890E+0002   0.194982317335019573979E-0004  -0.250000000000000000000E+0002   0.569897000431841682655E+0001
   0.597916666666665208574E+0000   0.597937355026210054791E-0009   0.730186052836802792252E-0016   0.100040990303048787556E-0008  -0.144760546810438134168E-0014   0.139640006357451902375E+0002   0.202167983204619869874E-0004  -0.250000000000000000000E+0002   0.569897000431767519757E+0001
   0.599999999999998534506E+0000   0.600021557704557342391E-0009   0.760904893900810414730E-0016   0.100042488915131208396E-0008  -0.150063547327171096205E-0014   0.139640066276909831089E+0002   0.209569273636616389199E-0004  -0.250000000000000000000E+0002   0.569897000431690692324E+0001
   0.602083333333331860437E+0000   0.602105792062366577629E-0009   0.792745144942459450207E-0016   0.100044031987952185663E-0008  -0.155524460817825744246E-0014   0.139640127973116587867E+0002   0.217190683013264001491E-0004  -0.250000000000000000000E+0002   0.569897000431610933902E+0001
   0.604166666666665186369E+0000   0.604190059035328752996E-0009   0.825740044818183954853E-0016   0.100045620429075034820E-0008  -0.161146543492964836545E-0014   0.139640191482275692891E+0002   0.225036733813177382605E-0004  -0.250000000000000000000E+0002   0.569897000431528422126E+0001
   0.606249999999998512301E+0000   0.606274359578096322159E-0009   0.859923512792577551608E-0016   0.100047255151118096134E-0008  -0.166933071548048582938E-0014   0.139640256840788357096E+0002   0.233111975251657668035E-0004  -0.250000000000000000000E+0002   0.569897000431442890545E+0001
   0.608333333333331838233E+0000   0.608358694664386390753E-0009   0.895330152598457747451E-0016   0.100048937071481516913E-0008  -0.172887340173351790175E-0014   0.139640324085241918084E+0002   0.241420981895124394246E-0004  -0.250000000000000000000E+0002   0.569897000431354339156E+0001
   0.610416666666665164165E+0000   0.610443065287076255733E-0009   0.931995256306289193927E-0016   0.100050667112068677759E-0008  -0.179012662685240986069E-0014   0.139640393252398524737E+0002   0.249968352347278154090E-0004  -0.250000000000000000000E+0002   0.569897000431262679143E+0001
   0.612499999999998490097E+0000   0.612527472458295842814E-0009   0.969954807999719851583E-0016   0.100052446199010534628E-0008  -0.185312369574250877018E-0014   0.139640464379184319199E+0002   0.258758707913808686939E-0004  -0.250000000000000000000E+0002   0.569897000431167732870E+0001
   0.614583333333331816029E+0000   0.614611917209511251708E-0009   0.100924548726129651300E-0015   0.100054275262404684708E-0008  -0.191789807606959738746E-0014   0.139640537502678370174E+0002   0.267796691293649218556E-0004  -0.250000000000000000000E+0002   0.569897000431069589155E+0001
   0.616666666666665141960E+0000   0.616696400591606233418E-0009   0.104990467247113129791E-0015   0.100056155236047794164E-0008  -0.198448338934784675191E-0014   0.139640612660101925968E+0002   0.277086965288197623384E-0004  -0.250000000000000000000E+0002   0.569897000430967981544E+0001
   0.618749999999998467892E+0000   0.618780923674955602514E-0009   0.109197044392136173140E-0015   0.100058087057180619723E-0008  -0.205291340216613379341E-0014   0.139640689888808164909E+0002   0.286634211528758044802E-0004  -0.250000000000000000000E+0002   0.569897000430862821219E+0001
   0.620833333333331793824E+0000   0.620865487549494306717E-0009   0.113548158674925761645E-0015   0.100060071666236359644E-0008  -0.212322201755101075146E-0014   0.139640769226271803660E+0002   0.296443129222000159779E-0004  -0.250000000000000000000E+0002   0.569897000430754108180E+0001
   0.622916666666665119756E+0000   0.622950093324781946986E-0009   0.118047759369175765413E-0015   0.100062110006587205585E-0008  -0.219544326646201587194E-0014   0.139640850710078652241E+0002   0.306518433912775876559E-0004  -0.250000000000000000000E+0002   0.569897000430641753610E+0001
   0.624999999999998445688E+0000   0.625034742130061093750E-0009   0.122699866766408589121E-0015   0.100064203024304542939E-0008  -0.226961129941084354909E-0014   0.139640934377916074993E+0002   0.316864856263179346012E-0004  -0.250000000000000000000E+0002   0.569897000430525579873E+0001
   0.627083333333331771620E+0000   0.627119435114310846854E-0009   0.127508572416489592899E-0015   0.100066351667921446600E-0008  -0.234576037819329396667E-0014   0.139641020267563025214E+0002   0.327487140846285308573E-0004  -0.250000000000000000000E+0002   0.569897000430405498150E+0001
   0.629166666666665097551E+0000   0.629204173446295639214E-0009   0.132478039351012557299E-0015   0.100068556888194473631E-0008  -0.242392486771925251183E-0014   0.139641108416880577181E+0002   0.338390044952594697212E-0004  -0.250000000000000000000E+0002   0.569897000430281419625E+0001
   0.631249999999998423483E+0000   0.631288958314609904572E-0009   0.137612502289741180231E-0015   0.100070819637877698196E-0008  -0.250413922792402717495E-0014   0.139641198863802298291E+0002   0.349578337406795339876E-0004  -0.250000000000000000000E+0002   0.569897000430153255479E+0001
   0.633333333333331749415E+0000   0.633373790927715921006E-0009   0.142916267830253703764E-0015   0.100073140871489880899E-0008  -0.258643800574083529163E-0014   0.139641291646325065301E+0002   0.361056797392119056692E-0004  -0.250000000000000000000E+0002   0.569897000430020916895E+0001
   0.635416666666665075347E+0000   0.635458672513979793290E-0009   0.148393714620893124120E-0015   0.100075521545092474185E-0008  -0.267085582711214247293E-0014   0.139641386802499880559E+0002   0.372830213279241360984E-0004  -0.250000000000000000000E+0002   0.569897000429884315054E+0001
   0.637499999999998401279E+0000   0.637543604321699783828E-0009   0.154049293517079191174E-0015   0.100077962616066573090E-0008  -0.275742738901641035577E-0014   0.139641484370422510608E+0002   0.384903381447170329249E-0004  -0.250000000000000000000E+0002   0.569897000429743183503E+0001
   0.639583333333331727211E+0000   0.639628587619132782434E-0009   0.159887527720848633481E-0015   0.100080465042893588301E-0008  -0.284618745141930776621E-0014   0.139641584388224853086E+0002   0.397281105139506821619E-0004  -0.250000000000000000000E+0002   0.569897000429597611060E+0001
   0.641666666666665053143E+0000   0.641713623694514158665E-0009   0.165913012904499638831E-0015   0.100083029784939682888E-0008  -0.293717082980703536086E-0014   0.139641686894065770730E+0002   0.409968193282096262970E-0004  -0.250000000000000000000E+0002   0.569897000429447331271E+0001
   0.643749999999998379074E+0000   0.643798713856073891847E-0009   0.172130417315923939630E-0015   0.100085657802219694958E-0008  -0.303041238567127984236E-0014   0.139641791926121481282E+0002   0.422969459232761663126E-0004  -0.250000000000000000000E+0002   0.569897000429292344137E+0001
   0.645833333333331705006E+0000   0.645883859432048151601E-0009   0.178544481868220105179E-0015   0.100088350055188377946E-0008  -0.312594701996688281654E-0014   0.139641899522577137560E+0002   0.436289719652067142027E-0004  -0.250000000000000000000E+0002   0.569897000429132472021E+0001
   0.647916666666665030938E+0000   0.647969061770685708491E-0009   0.185160020211779725151E-0015   0.100091107504519750189E-0008  -0.322380966396071192634E-0014   0.139642009721617625928E+0002   0.449933793262572006839E-0004  -0.250000000000000000000E+0002   0.569897000428967626107E+0001
   0.649999999999998356870E+0000   0.650054322240251035955E-0009   0.191981918788949110131E-0015   0.100093931110876601047E-0008  -0.332403527097428299214E-0014   0.139642122561418045024E+0002   0.463906499611556715477E-0004  -0.250000000000000000000E+0002   0.569897000428797717575E+0001
   0.652083333333331682802E+0000   0.652139642229020794785E-0009   0.199015136870948351757E-0015   0.100096821834687627765E-0008  -0.342665880779235399026E-0014   0.139642238080134699629E+0002   0.478212657794706719888E-0004  -0.250000000000000000000E+0002   0.569897000428622479973E+0001
   0.654166666666665008734E+0000   0.654225023145277008888E-0009   0.206264706576454297200E-0015   0.100099780635915700829E-0008  -0.353171524577759024703E-0014   0.139642356315895543872E+0002   0.492857085200775824670E-0004  -0.250000000000000000000E+0002   0.569897000428441913300E+0001
   0.656249999999998334665E+0000   0.656310466417294657576E-0009   0.213735732872144123632E-0015   0.100102808473830079099E-0008  -0.363923955211647005501E-0014   0.139642477306790784297E+0002   0.507844596206204602993E-0004  -0.250000000000000000000E+0002   0.569897000428255839921E+0001
   0.658333333333331660597E+0000   0.658395973493325131955E-0009   0.221433393554445632825E-0015   0.100105906306757469809E-0008  -0.374926668069661711943E-0014   0.139642601090862665814E+0002   0.523180000790499557931E-0004  -0.250000000000000000000E+0002   0.569897000428064259836E+0001
   0.660416666666664986529E+0000   0.660481545841574314636E-0009   0.229362939211317926374E-0015   0.100109075091843118122E-0008  -0.386183156242108550560E-0014   0.139642727706095755025E+0002   0.538868103184325035037E-0004  -0.250000000000000000000E+0002   0.569897000427866906591E+0001
   0.662499999999998312461E+0000   0.662567184950174248803E-0009   0.237529693164542088957E-0015   0.100112315784803459451E-0008  -0.397696909574501895357E-0014   0.139642857190406655121E+0002   0.554913700467429032623E-0004  -0.250000000000000000000E+0002   0.569897000427663602551E+0001
   0.664583333333331638393E+0000   0.664652892327152325732E-0009   0.245939051391781459730E-0015   0.100115629339672629958E-0008  -0.409471413685998479648E-0014   0.139642989581633791829E+0002   0.571321581137414070246E-0004  -0.250000000000000000000E+0002   0.569897000427454347715E+0001
   0.666666666666664964325E+0000   0.666738669500392407303E-0009   0.254596482427989106140E-0015   0.100119016708539774671E-0008  -0.421510148967946523258E-0014   0.139643124917526559869E+0002   0.588096523651009234191E-0004  -0.250000000000000000000E+0002   0.569897000427238964448E+0001
   0.668749999999998290257E+0000   0.668824518017592019405E-0009   0.263507527245768685998E-0015   0.100122478841294854883E-0008  -0.433816589564282933645E-0014   0.139643263235734860217E+0002   0.605243294940417838040E-0004  -0.250000000000000000000E+0002   0.569897000427017363933E+0001
   0.670833333333331616188E+0000   0.670910439446213548278E-0009   0.272677799114558387861E-0015   0.100126016685356629808E-0008  -0.446394202357115531965E-0014   0.139643404573798051160E+0002   0.622766648922761358129E-0004  -0.250000000000000000000E+0002   0.569897000426789368532E+0001
   0.672916666666664942120E+0000   0.672996435373430266978E-0009   0.282112983437503715642E-0015   0.100129631185389388578E-0008  -0.459246445848403068262E-0014   0.139643548969133348692E+0002   0.640671324903818874925E-0004  -0.250000000000000000000E+0002   0.569897000426554711794E+0001
   0.674999999999998268052E+0000   0.675082507406066157989E-0009   0.291818837566563184963E-0015   0.100133323283056595179E-0008  -0.472376769169660577364E-0014   0.139643696459025630219E+0002   0.658962046185033008738E-0004  -0.250000000000000000000E+0002   0.569897000426313482535E+0001
   0.677083333333331593984E+0000   0.677168657170530152360E-0009   0.301801190596869492192E-0015   0.100137093916722545082E-0008  -0.485788611043953165050E-0014   0.139643847080615586265E+0002   0.677643518411416947208E-0004  -0.250000000000000000000E+0002   0.569897000426065503120E+0001
   0.679166666666664919916E+0000   0.679254886312744578591E-0009   0.312065943137553687168E-0015   0.100140944021180470976E-0008  -0.499485398665865772797E-0014   0.139644000870887907695E+0002   0.696720428071213388399E-0004  -0.250000000000000000000E+0002   0.569897000425810418278E+0001
   0.681249999999998245848E+0000   0.681341196498068234824E-0009   0.322619067061142601844E-0015   0.100144874527375333869E-0008  -0.513470546675257302325E-0014   0.139644157866660840739E+0002   0.716197440972593876588E-0004  -0.250000000000000000000E+0002   0.569897000425548228009E+0001
   0.683333333333331571779E+0000   0.683427589411213050409E-0009   0.333466605231254715431E-0015   0.100148886362128475335E-0008  -0.527747456121251955348E-0014   0.139644318104574178818E+0002   0.736079200741194199882E-0004  -0.250000000000000000000E+0002   0.569897000425278843494E+0001
   0.685416666666664897711E+0000   0.685514066756155370771E-0009   0.344614671208975327936E-0015   0.100152980447869259448E-0008  -0.542319513448022303642E-0014   0.139644481621078693223E+0002   0.756370327348764086252E-0004  -0.250000000000000000000E+0002   0.569897000425001998281E+0001
   0.687499999999998223643E+0000   0.687600630256041658829E-0009   0.356069448938451066704E-0015   0.100157157702361999782E-0008  -0.557190089510269816739E-0014   0.139644648452424817719E+0002   0.777075415683923381716E-0004  -0.250000000000000000000E+0002   0.569897000424717603551E+0001
   0.689583333333331549575E+0000   0.689687281653088406140E-0009   0.367837192412411334186E-0015   0.100161419038452056320E-0008  -0.572362538626777946833E-0014   0.139644818634652185807E+0002   0.798199034176696282580E-0004  -0.250000000000000000000E+0002   0.569897000424425481668E+0001
   0.691666666666664875507E+0000   0.691774022708477494548E-0009   0.379924225318505989696E-0015   0.100165765363811870330E-0008  -0.587840197680858576888E-0014   0.139644992203579523249E+0002   0.819745723489070227379E-0004  -0.250000000000000000000E+0002   0.569897000424125543816E+0001
   0.693749999999998201439E+0000   0.693860855202245353986E-0009   0.392336940667532017376E-0015   0.100170197580699675776E-0008  -0.603626385276841514027E-0014   0.139645169194794345202E+0002   0.841719995284235882570E-0004  -0.250000000000000000000E+0002   0.569897000423817523540E+0001
   0.695833333333331527371E+0000   0.695947780933167570778E-0009   0.405081800404815450043E-0015   0.100174716585738848893E-0008  -0.619724400961874408355E-0014   0.139645349643644305360E+0002   0.864126331087542500506E-0004  -0.250000000000000000000E+0002   0.569897000423501420840E+0001
   0.697916666666664853302E+0000   0.698034801718640187222E-0009   0.418165335006211836578E-0015   0.100179323269702117443E-0008  -0.636137524522689859105E-0014   0.139645533585227887841E+0002   0.886969181252345500793E-0004  -0.250000000000000000000E+0002   0.569897000423176880446E+0001
   0.699999999999998179234E+0000   0.700121919394554590523E-0009   0.431594143060385657168E-0015   0.100184018517321061020E-0008  -0.652869015366855579422E-0014   0.139645721054386982019E+0002   0.910252964044026531901E-0004  -0.250000000000000000000E+0002   0.569897000422843902356E+0001
   0.702083333333331505166E+0000   0.702209135815170540570E-0009   0.445374890839228573885E-0015   0.100188803207113147585E-0008  -0.669922111998012604837E-0014   0.139645912085699421823E+0002   0.933982064855382244266E-0004  -0.250000000000000000000E+0002   0.569897000422502308936E+0001
   0.704166666666664831098E+0000   0.704296452852984648212E-0009   0.459514311858473915151E-0015   0.100193678211236480549E-0008  -0.687300031594622938798E-0014   0.139646106713473034944E+0002   0.958160835566367670869E-0004  -0.250000000000000000000E+0002   0.569897000422151833732E+0001
   0.706249999999998157030E+0000   0.706383872398596372009E-0009   0.474019206430755154629E-0015   0.100198644395354244551E-0008  -0.705005969701176104428E-0014   0.139646304971740029544E+0002   0.982793594060814870673E-0004  -0.250000000000000000000E+0002   0.569897000421792299107E+0001
   0.708333333333331482962E+0000   0.708471396360572050411E-0009   0.488896441213546112650E-0015   0.100203702618545121797E-0008  -0.723043100040961686147E-0014   0.139646506894253228381E+0002   0.100788462391232966592E-0003  -0.250000000000000000000E+0002   0.569897000421423705063E+0001
   0.710416666666664808893E+0000   0.710559026665306245611E-0009   0.504152948754597461038E-0015   0.100208853733238006832E-0008  -0.741414574458549536765E-0014   0.139646712514482871370E+0002   0.103343817425088585027E-0003  -0.250000000000000000000E+0002   0.569897000421045785146E+0001
   0.712499999999998134825E+0000   0.712646765256882880597E-0009   0.519795727037289756592E-0015   0.100214098585153524869E-0008  -0.760123522965016435357E-0014   0.139646921865614608294E+0002   0.105945845978757250999E-0003  -0.250000000000000000000E+0002   0.569897000420658361719E+0001
   0.714583333333331460757E+0000   0.714734614096935652430E-0009   0.535831839030620835170E-0015   0.100219438013341482389E-0008  -0.779173054122805921596E-0014   0.139647134980550298167E+0002   0.108594966120452950369E-0003  -0.250000000000000000000E+0002   0.569897000420261257148E+0001
   0.716666666666664786689E+0000   0.716822575164508445506E-0009   0.552268412243477312130E-0015   0.100224872850165130037E-0008  -0.798566255134265152823E-0014   0.139647351891907245403E+0002   0.111291592543630619310E-0003  -0.250000000000000000000E+0002   0.569897000419854382613E+0001
   0.718749999999998112621E+0000   0.718910650455917089006E-0009   0.569112638289465577643E-0015   0.100230403921382908737E-0008  -0.818306192611156786751E-0014   0.139647572632021415018E+0002   0.114036136643942570567E-0003  -0.250000000000000000000E+0002   0.569897000419437471663E+0001
   0.720833333333331438553E+0000   0.720998841984612561895E-0009   0.586371772464669066788E-0015   0.100236032046281046751E-0008  -0.838395913220214625788E-0014   0.139647797232952175506E+0002   0.116829006619750756899E-0003  -0.250000000000000000000E+0002   0.569897000419010346661E+0001
   0.722916666666664764485E+0000   0.723087151781047093064E-0009   0.604053133341557851119E-0015   0.100241758037772697273E-0008  -0.858838444468924967050E-0014   0.139648025726486348930E+0002   0.119670607571378473312E-0003  -0.250000000000000000000E+0002   0.569897000418572829972E+0001
   0.724999999999998090416E+0000   0.725175581892543776984E-0009   0.622164102383240586389E-0015   0.100247582702622869516E-0008  -0.879636795902540984508E-0014   0.139648258144146701909E+0002   0.122561341652513227339E-0003  -0.250000000000000000000E+0002   0.569897000418124832777E+0001
   0.727083333333331416348E+0000   0.727264134383169911677E-0009   0.640712123580011641618E-0015   0.100253506841649040691E-0008  -0.900793960113120392647E-0014   0.139648494517199832643E+0002   0.125501608222794750706E-0003  -0.250000000000000000000E+0002   0.569897000417666088623E+0001
   0.729166666666664742280E+0000   0.729352811333615920151E-0009   0.659704703112557190794E-0015   0.100259531249980994120E-0008  -0.922312914158496572801E-0014   0.139648734876666260618E+0002   0.128491804031597865645E-0003  -0.250000000000000000000E+0002   0.569897000417196508693E+0001
   0.731249999999998068212E+0000   0.731441614841080268900E-0009   0.679149409047945673552E-0015   0.100265656717411068181E-0008  -0.944196621344668452187E-0014   0.139648979253334211137E+0002   0.131532323442698609360E-0003  -0.250000000000000000000E+0002   0.569897000416715737714E+0001
   0.733333333333331394144E+0000   0.733530547019161107241E-0009   0.699053871067511705033E-0015   0.100271884028705445055E-0008  -0.966448032627316978303E-0014   0.139649227677771712308E+0002   0.134623558653037026737E-0003  -0.250000000000000000000E+0002   0.569897000416223686869E+0001
   0.735416666666664720076E+0000   0.735619609997755661474E-0009   0.719425780233218845758E-0015   0.100278213964007752828E-0008  -0.989070088687570948667E-0014   0.139649480180342422386E+0002   0.137765899954658002863E-0003  -0.250000000000000000000E+0002   0.569897000415720267341E+0001
   0.737499999999998046007E+0000   0.737708805922968211040E-0009   0.740272888795249622921E-0015   0.100284647299282909926E-0008  -0.101206572195975361507E-0013   0.139649736791223197940E+0002   0.140959736014837581225E-0003  -0.250000000000000000000E+0002   0.569897000415205212676E+0001
   0.739583333333331371939E+0000   0.739798136957027887443E-0009   0.761603010044276830571E-0015   0.100291184806777347727E-0008  -0.103543785885857793716E-0013   0.139649997540422212694E+0002   0.144205454178661428375E-0003  -0.250000000000000000000E+0002   0.569897000414678345237E+0001
   0.741666666666664697871E+0000   0.741887605278216192555E-0009   0.783424018211762653846E-0015   0.100297827255549543532E-0008  -0.105918942216478865084E-0013   0.139650262457799669846E+0002   0.147503440791368060263E-0003  -0.250000000000000000000E+0002   0.569897000414139398572E+0001
   0.743749999999998023803E+0000   0.743977213080806304232E-0009   0.805743848421222151999E-0015   0.100304575412021501871E-0008  -0.108332333354867197945E-0013   0.139650531573089722315E+0002   0.150854081549188642156E-0003  -0.250000000000000000000E+0002   0.569897000413588195045E+0001
   0.745833333333331349735E+0000   0.746066962575013962471E-0009   0.828570496694686001365E-0015   0.100311430040562185677E-0008  -0.110784251629340274485E-0013   0.139650804915923263394E+0002   0.154257761854144343329E-0003  -0.250000000000000000000E+0002   0.569897000413024645837E+0001
   0.747916666666664675667E+0000   0.748156855986961176858E-0009   0.851912020014923772800E-0015   0.100318391904130980080E-0008  -0.113274989804162232773E-0013   0.139651082515853630639E+0002   0.157714867211613678525E-0003  -0.250000000000000000000E+0002   0.569897000412448573314E+0001
   0.749999999999998001599E+0000   0.750246895558653685894E-0009   0.875776536449764466045E-0015   0.100325461764925126670E-0008  -0.115804841384040563197E-0013   0.139651364402381670260E+0002   0.161225783617868756708E-0003  -0.250000000000000000000E+0002   0.569897000411859622204E+0001
   0.752083333333331327530E+0000   0.752337083547971754616E-0009   0.900172225336991700842E-0015   0.100332640385077533069E-0008  -0.118374100910966436490E-0013   0.139651650604983661452E+0002   0.164790897980137540776E-0003  -0.250000000000000000000E+0002   0.569897000411257703689E+0001
   0.754166666666664653462E+0000   0.754427422228676585242E-0009   0.925107327534603626833E-0015   0.100339928527377350636E-0008  -0.120983064283361667361E-0013   0.139651941153139418361E+0002   0.168410598546184345258E-0003  -0.250000000000000000000E+0002   0.569897000410642551316E+0001
   0.756249999999997979394E+0000   0.756517913890431513677E-0009   0.950590145737800210854E-0015   0.100347326956020082527E-0008  -0.123632029081191880473E-0013   0.139652236076362239459E+0002   0.172085275345888603134E-0003  -0.250000000000000000000E+0002   0.569897000410014076266E+0001
   0.758333333333331305326E+0000   0.758608560838839129241E-0009   0.976629044864423633457E-0015   0.100354836437379177773E-0008  -0.126321294898651542049E-0013   0.139652535404228892446E+0002   0.175815320642847000435E-0003  -0.250000000000000000000E+0002   0.569897000409371923269E+0001
   0.760416666666664631258E+0000   0.760699365395494834615E-0009   0.100323245251027046238E-0014   0.100362457740795451096E-0008  -0.129051163682974606844E-0013   0.139652839166410931426E+0002   0.179601129393880827026E-0003  -0.250000000000000000000E+0002   0.569897000408716003506E+0001
   0.762499999999997957190E+0000   0.762790329898057052797E-0009   0.103040885947537468345E-0014   0.100370191639390449603E-0008  -0.131821940077712295101E-0013   0.139653147392706777907E+0002   0.183443099714211509252E-0003  -0.250000000000000000000E+0002   0.569897000408046139341E+0001
   0.764583333333331283121E+0000   0.764881456700334494651E-0009   0.105816682036201790928E-0014   0.100378038910880212399E-0008  -0.134633931768841965074E-0013   0.139653460113073712989E+0002   0.187341633345930924561E-0003  -0.250000000000000000000E+0002   0.569897000407362064323E+0001
   0.766666666666664609053E+0000   0.766972748172390383672E-0009   0.108651495424485882961E-0014   0.100386000338413452695E-0008  -0.137487449831887273679E-0013   0.139653777357660846548E+0002   0.191297136127281750678E-0003  -0.250000000000000000000E+0002   0.569897000406663600813E+0001
   0.768749999999997934985E+0000   0.769064206700664465120E-0009   0.111546194541320478041E-0014   0.100394076711401757634E-0008  -0.140382809078234550990E-0013   0.139654099156841837726E+0002   0.195310018460156850076E-0003  -0.250000000000000000000E+0002   0.569897000405950482360E+0001
   0.770833333333331260917E+0000   0.771155834688112075763E-0009   0.114501654418504007289E-0014   0.100402268826359548842E-0008  -0.143320328398675382023E-0013   0.139654425541247810827E+0002   0.199380695773128082315E-0003  -0.250000000000000000000E+0002   0.569897000405222531327E+0001
   0.772916666666664586849E+0000   0.773247634554360687809E-0009   0.117518756779203799908E-0014   0.100410577487730808094E-0008  -0.146300331102233157144E-0013   0.139654756541799898173E+0002   0.203509588977228146438E-0003  -0.250000000000000000000E+0002   0.569897000404479570079E+0001
   0.774999999999997912781E+0000   0.775339608735884030421E-0009   0.120598390133434403453E-0014   0.100419003508720083634E-0008  -0.149323145248185981161E-0013   0.139655092189741925068E+0002   0.207697124911646226067E-0003  -0.250000000000000000000E+0002   0.569897000403721420980E+0001
   0.777083333333331238713E+0000   0.777431759689926337946E-0009   0.123741449885962159409E-0014   0.100427547712094359060E-0008  -0.152389104508001783680E-0013   0.139655432516671726972E+0002   0.211943736772939587314E-0003  -0.250000000000000000000E+0002   0.569897000402947728759E+0001
   0.779166666666664564644E+0000   0.779524089883614481702E-0009   0.126948838428594237706E-0014   0.100436210930994207317E-0008  -0.155498546346656547028E-0013   0.139655777554572910759E+0002   0.216249864542341724239E-0003  -0.250000000000000000000E+0002   0.569897000402158404597E+0001
   0.781249999999997890576E+0000   0.781616601805175262864E-0009   0.130221465271830331575E-0014   0.100444994009689047950E-0008  -0.158651815482751691283E-0013   0.139656127335844484350E+0002   0.220615955373062983371E-0003  -0.250000000000000000000E+0002   0.569897000401353182042E+0001
   0.783333333333331216508E+0000   0.783709297960544075356E-0009   0.133560247160779377793E-0014   0.100453897804325456049E-0008  -0.161849262087650303468E-0013   0.139656481893330131072E+0002   0.225042463969898367225E-0003  -0.250000000000000000000E+0002   0.569897000400531794639E+0001
   0.785416666666664542440E+0000   0.785802180873620297862E-0009   0.136966108202194364204E-0014   0.100462923183637358840E-0008  -0.165091242567533139271E-0013   0.139656841260345601086E+0002   0.229529852940520178372E-0003  -0.250000000000000000000E+0002   0.569897000399694153572E+0001
   0.787499999999997868372E+0000   0.787895253086536334320E-0009   0.140439979996843071284E-0014   0.100472071029623579329E-0008  -0.168378119810338055684E-0013   0.139657205470705498840E+0002   0.234078593119132100401E-0003  -0.250000000000000000000E+0002   0.569897000398839903568E+0001
   0.789583333333331194304E+0000   0.789988517159941233475E-0009   0.143982801776788447325E-0014   0.100481342238176266088E-0008  -0.171710263411179823013E-0013   0.139657574558747228366E+0002   0.238689163859688910753E-0003  -0.250000000000000000000E+0002   0.569897000397968866992E+0001
   0.791666666666664520235E+0000   0.792081975673296199154E-0009   0.147595520547110231070E-0014   0.100490737719670735074E-0008  -0.175088049874326505401E-0013   0.139657948559354121443E+0002   0.243362053295983896736E-0003  -0.250000000000000000000E+0002   0.569897000397080866207E+0001
   0.793749999999997846167E+0000   0.794175631225182094658E-0009   0.151279091231560032038E-0014   0.100500258399495692400E-0008  -0.178511862789816771589E-0013   0.139658327507975634774E+0002   0.248097758566058674591E-0003  -0.250000000000000000000E+0002   0.569897000396175634762E+0001
   0.795833333333331172099E+0000   0.796269486433617700500E-0009   0.155034476821604055679E-0014   0.100509905218540753910E-0008  -0.181982092983005298018E-0013   0.139658711440646250423E+0002   0.252896785998537915359E-0003  -0.250000000000000000000E+0002   0.569897000395252906202E+0001
   0.797916666666664498031E+0000   0.798363543936387277932E-0009   0.158862648528273147827E-0014   0.100519679133605382592E-0008  -0.185499138635382938020E-0013   0.139659100394000770251E+0002   0.257759651258704825146E-0003  -0.250000000000000000000E+0002   0.569897000394312502891E+0001
   0.799999999999997823963E+0000   0.800457806391376197476E-0009   0.162764585936207529083E-0014   0.100529581117767170067E-0008  -0.189063405375269756624E-0013   0.139659494405288349128E+0002   0.262686879452309464487E-0003  -0.250000000000000000000E+0002   0.569897000393354247194E+0001
   0.802083333333331149895E+0000   0.802552276476913184903E-0009   0.166741277159255466853E-0014   0.100539612160669550687E-0008  -0.192675306337018662833E-0013   0.139659893512383312952E+0002   0.267679005185482844602E-0003  -0.250000000000000000000E+0002   0.569897000392377783839E+0001
   0.804166666666664475827E+0000   0.804646956892118460873E-0009   0.170793718996987085190E-0014   0.100549773268747084174E-0008  -0.196335262190294234561E-0013   0.139660297753792956854E+0002   0.272736572581002778906E-0003  -0.250000000000000000000E+0002   0.569897000391382935192E+0001
   0.806249999999997801758E+0000   0.806741850357254879105E-0009   0.174922917091246059698E-0014   0.100560065465354764629E-0008  -0.200043701116205668834E-0013   0.139660707168662181488E+0002   0.277860135235295183792E-0003  -0.250000000000000000000E+0002   0.569897000390369434797E+0001
   0.808333333333331127690E+0000   0.808836959614082786862E-0009   0.179129886082552789632E-0014   0.100570489790899025261E-0008  -0.203801058808082579162E-0013   0.139661121796777649706E+0002   0.283050256162068792926E-0003  -0.250000000000000000000E+0002   0.569897000389337105020E+0001
   0.810416666666664453622E+0000   0.810932287426214678633E-0009   0.183415649764998538264E-0014   0.100581047302789369002E-0008  -0.207607778350937522533E-0013   0.139661541678565122027E+0002   0.288307507645723542535E-0003  -0.250000000000000000000E+0002   0.569897000388285679406E+0001
   0.812499999999997779554E+0000   0.813027836579469436238E-0009   0.187781241239315628218E-0014   0.100591739075386462922E-0008  -0.211464310135656897145E-0013   0.139661966855086490114E+0002   0.293632471072720921228E-0003  -0.250000000000000000000E+0002   0.569897000387214891504E+0001
   0.814583333333331105486E+0000   0.815123609882224190775E-0009   0.192227703063311756709E-0014   0.100602566199852873490E-0008  -0.215371111710924650747E-0013   0.139662397368033133205E+0002   0.299025736709481089210E-0003  -0.250000000000000000000E+0002   0.569897000386124563676E+0001
   0.816666666666664431418E+0000   0.817219610165762565660E-0009   0.196756087398963859546E-0014   0.100613529783928652470E-0008  -0.219328647605963499742E-0013   0.139662833259715579715E+0002   0.304487903433584548331E-0003  -0.250000000000000000000E+0002   0.569897000385014340651E+0001
   0.818749999999997757349E+0000   0.819315840284617439593E-0009   0.201367456155476892450E-0014   0.100624630951634130930E-0008  -0.223337389120198232344E-0013   0.139663274573051374716E+0002   0.310019578419345488967E-0003  -0.250000000000000000000E+0002   0.569897000383884044794E+0001
   0.820833333333331083281E+0000   0.821412303116906575094E-0009   0.206062881127634256608E-0014   0.100635870842897791364E-0008  -0.227397814081105324283E-0013   0.139663721351548932859E+0002   0.315621376779354331429E-0003  -0.250000000000000000000E+0002   0.569897000382733409651E+0001
   0.822916666666664409213E+0000   0.823509001564659148044E-0009   0.210843444128787362178E-0014   0.100647250613113643344E-0008  -0.231510406571291709615E-0013   0.139664173639289259654E+0002   0.321293921163763433486E-0003  -0.250000000000000000000E+0002   0.569897000381562168769E+0001
   0.824999999999997735145E+0000   0.825605938554134522421E-0009   0.215710237117864876714E-0014   0.100658771432633169188E-0008  -0.235675656626559373648E-0013   0.139664631480904724015E+0002   0.327037841319598263784E-0003  -0.250000000000000000000E+0002   0.569897000380370055694E+0001
   0.827083333333331061077E+0000   0.827703117036126239169E-0009   0.220664362319816244836E-0014   0.100670434486184539777E-0008  -0.239894059906723510631E-0013   0.139665094921554970853E+0002   0.332853773612485682749E-0003  -0.250000000000000000000E+0002   0.569897000379156803973E+0001
   0.829166666666664387009E+0000   0.829800539986257112884E-0009   0.225706932338940984147E-0014   0.100682240972244681064E-0008  -0.244166117341061388030E-0013   0.139665564006901181671E+0002   0.338742360514553652023E-0003  -0.250000000000000000000E+0002   0.569897000377922235970E+0001
   0.831249999999997712941E+0000   0.831898210405257371295E-0009   0.230839070264614703098E-0014   0.100694192102338858899E-0008  -0.248492334751348504993E-0013   0.139666038783077173235E+0002   0.344704250059915575776E-0003  -0.250000000000000000000E+0002   0.569897000376666085231E+0001
   0.833333333333331038872E+0000   0.833996131319229766652E-0009   0.236061909768943494065E-0014   0.100706289100294086483E-0008  -0.252873222453593013552E-0013   0.139666519296658897531E+0002   0.350740095272884030032E-0003  -0.250000000000000000000E+0002   0.569897000375387996485E+0001
   0.835416666666664364804E+0000   0.836094305779897109520E-0009   0.241376595195957438227E-0014   0.100718533201454915788E-0008  -0.257309294842304317640E-0013   0.139667005594632076537E+0002   0.356850553571582372603E-0003  -0.250000000000000000000E+0002   0.569897000374087792096E+0001
   0.837499999999997690736E+0000   0.838192736864834913329E-0009   0.246784281641994545738E-0014   0.100730925651833861031E-0008  -0.261801069959344900316E-0013   0.139667497724357971833E+0002   0.363036286150982315767E-0003  -0.250000000000000000000E+0002   0.569897000372765116794E+0001
   0.839583333333331016668E+0000   0.840291427677683359407E-0009   0.252286135026987236386E-0014   0.100743467707252454326E-0008  -0.266349069050312973765E-0013   0.139667995733538035097E+0002   0.369297957349109748099E-0003  -0.250000000000000000000E+0002   0.569897000371419792941E+0001
   0.841666666666664342600E+0000   0.842390381348343752373E-0009   0.257883332156418765112E-0014   0.100756160632428886147E-0008  -0.270953816111165058192E-0013   0.139668499670176604610E+0002   0.375636234000372945009E-0003  -0.250000000000000000000E+0002   0.569897000370051465268E+0001
   0.843749999999997668532E+0000   0.844489601033152848454E-0009   0.263577060773779119555E-0014   0.100769005700053176042E-0008  -0.275615837428005636869E-0013   0.139669009582543761638E+0002   0.382051784779935269323E-0003  -0.250000000000000000000E+0002   0.569897000368659956138E+0001
   0.845833333333330994463E+0000   0.846589089915040846977E-0009   0.269368519603403717072E-0014   0.100782004189844600332E-0008  -0.280335661112756338258E-0013   0.139669525519136588088E+0002   0.388545279543011257833E-0003  -0.250000000000000000000E+0002   0.569897000367244821462E+0001
   0.847916666666664320395E+0000   0.848688851203666427611E-0009   0.275258918383640903732E-0014   0.100795157387579341293E-0008  -0.285113816637506647550E-0013   0.139670047528639909018E+0002   0.395117388662903786488E-0003  -0.250000000000000000000E+0002   0.569897000365805972422E+0001
   0.849999999999997646327E+0000   0.850788888135533589622E-0009   0.281249477890346401437E-0014   0.100808466584129675520E-0008  -0.289950834370242064026E-0013   0.139670575659887106212E+0002   0.401768782371494676681E-0003  -0.250000000000000000000E+0002   0.569897000364342964929E+0001
   0.852083333333330972259E+0000   0.852889203974087811624E-0009   0.287341429950758858488E-0014   0.100821933074491002729E-0008  -0.294847245114374189319E-0013   0.139671109961820789636E+0002   0.408500130105690010922E-0003  -0.250000000000000000000E+0002   0.569897000362855621347E+0001
   0.854166666666664298191E+0000   0.854989802009791531807E-0009   0.293536017447914236320E-0014   0.100835558156818593936E-0008  -0.299803579659546888115E-0013   0.139671650483453699820E+0002   0.415312099866598318822E-0003  -0.250000000000000000000E+0002   0.569897000361343675223E+0001
   0.856249999999997624123E+0000   0.857090685560179775833E-0009   0.299834494315561679862E-0014   0.100849343131444694095E-0008  -0.304820368320205070525E-0013   0.139672197273828935238E+0002   0.422205357578504553596E-0003  -0.250000000000000000000E+0002   0.569897000359806682468E+0001
   0.858333333333330950055E+0000   0.859191857969896139195E-0009   0.306238125524060065050E-0014   0.100863289299952348639E-0008  -0.309898140520837755186E-0013   0.139672750381982275769E+0002   0.429180566481800033780E-0003  -0.250000000000000000000E+0002   0.569897000358244554263E+0001
   0.860416666666664275986E+0000   0.861293322610708296854E-0009   0.312748187057322316140E-0014   0.100877397964241123667E-0008  -0.315037424363502685352E-0013   0.139673309856904346304E+0002   0.436238386532283265330E-0003  -0.250000000000000000000E+0002   0.569897000356656846520E+0001
   0.862499999999997601918E+0000   0.863395082881506142076E-0009   0.319365965881133884012E-0014   0.100891670425604964990E-0008  -0.320238746222684218044E-0013   0.139673875747503632994E+0002   0.443379473821499869510E-0003  -0.250000000000000000000E+0002   0.569897000355043292785E+0001
   0.864583333333330927850E+0000   0.865497142208278211795E-0009   0.326092759903127206010E-0014   0.100906107983872447286E-0008  -0.325502630352410868964E-0013   0.139674448102570956110E+0002   0.450604480030504994312E-0003  -0.250000000000000000000E+0002   0.569897000353403626605E+0001
   0.866666666666664253782E+0000   0.867599504044073843090E-0009   0.332929877924921751483E-0014   0.100920711936527129554E-0008  -0.330829598518671752873E-0013   0.139675026970744706745E+0002   0.457914051893008845154E-0003  -0.250000000000000000000E+0002   0.569897000351737581525E+0001
   0.868749999999997579714E+0000   0.869702171868944339970E-0009   0.339878639586575276741E-0014   0.100935483577906472051E-0008  -0.336220169639510849371E-0013   0.139675612400477664465E+0002   0.465308830695739298298E-0003  -0.250000000000000000000E+0002   0.569897000350044713457E+0001
   0.870833333333330905646E+0000   0.871805149189869457697E-0009   0.346940375303910561624E-0014   0.100950424198397920136E-0008  -0.341674859452773052228E-0013   0.139676204440004827489E+0002   0.472789451804908199446E-0003  -0.250000000000000000000E+0002   0.569897000348324933583E+0001
   0.872916666666664231577E+0000   0.873908439540667343491E-0009   0.354116426199112610358E-0014   0.100965535083707883401E-0008  -0.347194180203475184762E-0013   0.139676803137313836345E+0002   0.480356544222388054475E-0003  -0.250000000000000000000E+0002   0.569897000346577708996E+0001
   0.874999999999997557509E+0000   0.876012046481889174408E-0009   0.361408144025045888507E-0014   0.100980817514146824149E-0008  -0.352778640353143572883E-0013   0.139677408540115699509E+0002   0.488010730173067609934E-0003  -0.250000000000000000000E+0002   0.569897000344802862060E+0001
   0.877083333333330883441E+0000   0.878115973600699629734E-0009   0.368816891083760573841E-0014   0.100996272763965879219E-0008  -0.358428744312173229916E-0013   0.139678020695818148056E+0002   0.495752624720405201016E-0003  -0.250000000000000000000E+0002   0.569897000343000037503E+0001
   0.879166666666664209373E+0000   0.880220224510744128502E-0009   0.376344040139614831533E-0014   0.101011902100760979757E-0008  -0.364144992193032406859E-0013   0.139678639651501335095E+0002   0.503582835431735649327E-0003  -0.250000000000000000000E+0002   0.569897000341168880055E+0001
   0.881249999999997535305E+0000   0.882324802852004072882E-0009   0.383990974327757325046E-0014   0.101027706784885366863E-0008  -0.369927879599471637880E-0013   0.139679265453894085880E+0002   0.511501962052070095754E-0003  -0.250000000000000000000E+0002   0.569897000339309212080E+0001
   0.883333333333330861237E+0000   0.884429712290640097454E-0009   0.391759087058104069079E-0014   0.101043688068939738140E-0008  -0.375777897422579341165E-0013   0.139679898149352954562E+0002   0.519510596230179423106E-0003  -0.250000000000000000000E+0002   0.569897000337420589489E+0001
   0.885416666666664187169E+0000   0.886534956518825599114E-0009   0.399649781915591227950E-0014   0.101059847197311880326E-0008  -0.381695531674613633482E-0013   0.139680537783843714550E+0002   0.527609321275617718788E-0003  -0.250000000000000000000E+0002   0.569897000335502745827E+0001
   0.887499999999997513100E+0000   0.888640539254571064585E-0009   0.407664472557172442798E-0014   0.101076185405763988883E-0008  -0.387681263345490797934E-0013   0.139681184402924287724E+0002   0.535798711951792207102E-0003  -0.250000000000000000000E+0002   0.569897000333555325824E+0001
   0.889583333333330839032E+0000   0.890746464241540436329E-0009   0.415804582606103108358E-0014   0.101092703921081323039E-0008  -0.393735568285615016395E-0013   0.139681838051730444761E+0002   0.544079334305627173272E-0003  -0.250000000000000000000E+0002   0.569897000331578063026E+0001
   0.891666666666664164964E+0000   0.892852735248860550806E-0009   0.424071545544063013080E-0014   0.101109403960774276001E-0008  -0.399858917115346167677E-0013   0.139682498774963530508E+0002   0.552451745534310962801E-0003  -0.250000000000000000000E+0002   0.569897000329570513344E+0001
   0.893749999999997490896E+0000   0.894959356070925303468E-0009   0.432466804601677749388E-0014   0.101126286732845275467E-0008  -0.406051775161575410747E-0013   0.139683166616880569677E+0002   0.560916493889603755621E-0003  -0.250000000000000000000E+0002   0.569897000327532410324E+0001
   0.895833333333330816828E+0000   0.897066330527195367652E-0009   0.440991812648006716152E-0014   0.101143353435604156909E-0008  -0.412314602421748899153E-0013   0.139683841621286966017E+0002   0.569474118620109546682E-0003  -0.250000000000000000000E+0002   0.569897000325463398696E+0001
   0.897916666666664142760E+0000   0.899173662461994708150E-0009   0.449648032079571688566E-0014   0.101160605257566895986E-0008  -0.418647853555632514942E-0013   0.139684523831531510751E+0002   0.578125149951919017205E-0003  -0.250000000000000000000E+0002   0.569897000323363212004E+0001
   0.899999999999997468692E+0000   0.901281355744305647211E-0009   0.458436934709509870281E-0014   0.101178043377395699993E-0008  -0.425051977905168949139E-0013   0.139685213290503877914E+0002   0.586870109107962001360E-0003  -0.250000000000000000000E+0002   0.569897000321231494979E+0001
   0.902083333333330794623E+0000   0.903389414267563516956E-0009   0.467360001657435342624E-0014   0.101195668963914620886E-0008  -0.431527419542679690530E-0013   0.139685910040634855278E+0002   0.595709508366394050079E-0003  -0.250000000000000000000E+0002   0.569897000319067892349E+0001
   0.904166666666664120555E+0000   0.905497841949452035571E-0009   0.476418723240606788600E-0014   0.101213483176190019287E-0008  -0.438074617347734093505E-0013   0.139686614123898831252E+0002   0.604643851158276216320E-0003  -0.250000000000000000000E+0002   0.569897000316871960024E+0001
   0.906249999999997446487E+0000   0.907606642731701371844E-0009   0.485614598866996766098E-0014   0.101231487163681214745E-0008  -0.444694005112835282344E-0013   0.139687325581819621334E+0002   0.613673632204774443209E-0003  -0.250000000000000000000E+0002   0.569897000314643520369E+0001
   0.908333333333330772419E+0000   0.909715820579889725211E-0009   0.494949136930867744398E-0014   0.101249682066450010588E-0008  -0.451386011678188454067E-0013   0.139688044455478141970E+0002   0.622799337694043679027E-0003  -0.250000000000000000000E+0002   0.569897000312382129295E+0001
   0.910416666666664098351E+0000   0.911825379483250075687E-0009   0.504423854711459565860E-0014   0.101268069015445657644E-0008  -0.458151061095586920821E-0013   0.139688770785523388440E+0002   0.632021445497892345698E-0003  -0.250000000000000000000E+0002   0.569897000310087520347E+0001
   0.912499999999997424283E+0000   0.913935323454483861437E-0009   0.514040278275398674480E-0014   0.101286649132858680748E-0008  -0.464989572821711241325E-0013   0.139689504612185828591E+0002   0.641340425428285816102E-0003  -0.250000000000000000000E+0002   0.569897000307759249438E+0001
   0.914583333333330750214E+0000   0.916045656529582411155E-0009   0.523799942383439689648E-0014   0.101305423532542244547E-0008  -0.471901961940696290966E-0013   0.139690245975293745317E+0002   0.650756739533631979600E-0003  -0.250000000000000000000E+0002   0.569897000305396961295E+0001
   0.916666666666664076146E+0000   0.918156382767657889031E-0009   0.533704390402149666795E-0014   0.101324393320504532756E-0008  -0.478888639416063079560E-0013   0.139690994914292208051E+0002   0.660270842434757497530E-0003  -0.250000000000000000000E+0002   0.569897000303000389465E+0001
   0.918749999999997402078E+0000   0.920267506250785716840E-0009   0.543755174221147279879E-0014   0.101343559595473216214E-0008  -0.485950012372023205384E-0013   0.139691751468264921954E+0002   0.669883181700395204800E-0003  -0.250000000000000000000E+0002   0.569897000300569089859E+0001
   0.920833333333330728010E+0000   0.922379031083858783364E-0009   0.553953854176505137460E-0014   0.101362923449525702465E-0008  -0.493086484403894232984E-0013   0.139692515675958492949E+0002   0.679594198261912691220E-0003  -0.250000000000000000000E+0002   0.569897000298102796023E+0001
   0.922916666666664053942E+0000   0.924490961394455922671E-0009   0.564301998980922339728E-0014   0.101382485968795610047E-0008  -0.500298455917653825775E-0013   0.139693287575810174417E+0002   0.689404326866958645087E-0003  -0.250000000000000000000E+0002   0.569897000295601152686E+0001
   0.924999999999997379874E+0000   0.926603301332725798639E-0009   0.574801185661269729543E-0014   0.101402248234242728879E-0008  -0.507586324498284651111E-0013   0.139694067205977283663E+0002   0.699313996571613661138E-0003  -0.250000000000000000000E+0002   0.569897000293063715759E+0001
   0.927083333333330705806E+0000   0.928716055071287643279E-0009   0.585452999504106188502E-0014   0.101422211322499618943E-0008  -0.514950485306719973893E-0013   0.139694854604370455320E+0002   0.709323631270577029118E-0003  -0.250000000000000000000E+0002   0.569897000290490041152E+0001
   0.929166666666664031737E+0000   0.930829226805150193038E-0009   0.596259034009856073536E-0014   0.101442376306777104221E-0008  -0.522391331514535676520E-0013   0.139695649808688600046E+0002   0.719433650264034033409E-0003  -0.250000000000000000000E+0002   0.569897000287880040048E+0001
   0.931249999999997357669E+0000   0.932942820751649546856E-0009   0.607220890855735120942E-0014   0.101462744257850023826E-0008  -0.529909254719294865595E-0013   0.139696452856457167258E+0002   0.729644468865845992160E-0003  -0.250000000000000000000E+0002   0.569897000285233090722E+0001
   0.933333333333330683601E+0000   0.935056841150410392071E-0009   0.618340179869030859787E-0014   0.101483316245099479582E-0008  -0.537504645482962984011E-0013   0.139697263785068752640E+0002   0.739956499039770283603E-0003  -0.250000000000000000000E+0002   0.569897000282548926720E+0001
   0.935416666666664009533E+0000   0.937171292263327186064E-0009   0.629618519010233925843E-0014   0.101504093337624628797E-0008  -0.545177893800383840459E-0013   0.139698082631826014932E+0002   0.750370150077950812985E-0003  -0.250000000000000000000E+0002   0.569897000279827192770E+0001
   0.937499999999997335465E+0000   0.939286178374569739728E-0009   0.641057534367151818180E-0014   0.101525076605420982372E-0008  -0.552929389644409947293E-0013   0.139698909433987701334E+0002   0.760885829312434145040E-0003  -0.250000000000000000000E+0002   0.569897000277067533602E+0001
   0.939583333333330661397E+0000   0.941401503790615684301E-0009   0.652658860160437946358E-0014   0.101546267120623119594E-0008  -0.560759523527131489988E-0013   0.139699744228816467029E+0002   0.771503942860988708996E-0003  -0.250000000000000000000E+0002   0.569897000274269416309E+0001
   0.941666666666663987328E+0000   0.943517272840308374019E-0009   0.664424138761082806627E-0014   0.101567665958810682242E-0008  -0.568668687087179358331E-0013   0.139700587053629909917E+0002   0.782224896406546413991E-0003  -0.250000000000000000000E+0002   0.569897000271432663254E+0001
   0.943749999999997313260E+0000   0.945633489874940844938E-0009   0.676355020720405053586E-0014   0.101589274200373636192E-0008  -0.576657273702655744062E-0013   0.139701437945852990907E+0002   0.793049096009631007166E-0003  -0.250000000000000000000E+0002   0.569897000268556741531E+0001
   0.945833333333330639192E+0000   0.947750159268372447409E-0009   0.688453164813074317352E-0014   0.101611092931937193419E-0008  -0.584725679129422388324E-0013   0.139702296943073580593E+0002   0.803976948953177947450E-0003  -0.250000000000000000000E+0002   0.569897000265641384686E+0001
   0.947916666666663965124E+0000   0.949867285417172775498E-0009   0.700720238093594275460E-0014   0.101633123247839342685E-0008  -0.592874302155161314053E-0013   0.139703164083099551362E+0002   0.815008864613065700175E-0003  -0.250000000000000000000E+0002   0.569897000262686148631E+0001
   0.949999999999997291056E+0000   0.951984872740798270050E-0009   0.713157915967155772786E-0014   0.101655366251711446934E-0008  -0.601103545320280476035E-0013   0.139704039404019564330E+0002   0.826145255384721859636E-0003  -0.250000000000000000000E+0002   0.569897000259690678092E+0001
   0.952083333333330616988E+0000   0.954102925681803563336E-0009   0.725767882274776370242E-0014   0.101677823058045399002E-0008  -0.609413815587725079454E-0013   0.139704922944264033902E+0002   0.837386537603246393184E-0003  -0.250000000000000000000E+0002   0.569897000256654528982E+0001
   0.954166666666663942920E+0000   0.956221448706082602199E-0009   0.738551829393650078344E-0014   0.101700494793861197051E-0008  -0.617805525104421971452E-0013   0.139705814742669200967E+0002   0.848733132519403606422E-0003  -0.250000000000000000000E+0002   0.569897000253577434847E+0001
   0.956249999999997268851E+0000   0.958340446303148235104E-0009   0.751511458353106123755E-0014   0.101723382600436289717E-0008  -0.626279091958025703354E-0013   0.139706714838543746282E+0002   0.860185467299708550123E-0003  -0.250000000000000000000E+0002   0.569897000250458862780E+0001
   0.958333333333330594783E+0000   0.960459922986448608719E-0009   0.764648478966691874946E-0014   0.101746487635060067549E-0008  -0.634834940962995072439E-0013   0.139707623271736540715E+0002   0.871743976056895374105E-0003  -0.250000000000000000000E+0002   0.569897000247298546327E+0001
   0.960416666666663920715E+0000   0.962579883293716651727E-0009   0.777964609980890319997E-0014   0.101769811072874463946E-0008  -0.643473504471554501844E-0013   0.139708540082707504126E+0002   0.883409100910824548678E-0003  -0.250000000000000000000E+0002   0.569897000244095952581E+0001
   0.962499999999997246647E+0000   0.964700331787364226386E-0009   0.791461579240992429193E-0014   0.101793354108745451299E-0008  -0.652195223209439536847E-0013   0.139709465312599228071E+0002   0.895181293080025953200E-0003  -0.250000000000000000000E+0002   0.569897000240850726271E+0001
   0.964583333333330572579E+0000   0.966821273054911021678E-0009   0.805141123874646786092E-0014   0.101817117959206915423E-0008  -0.661000547137056031637E-0013   0.139710399003311955823E+0002   0.907061014004223583815E-0003  -0.250000000000000000000E+0002   0.569897000237562600944E+0001
   0.966666666666663898511E+0000   0.968942711709457287027E-0009   0.819004990493723886690E-0014   0.101841103864461688183E-0008  -0.669889936346373851564E-0013   0.139711341197580019013E+0002   0.919048736505157534520E-0003  -0.250000000000000000000E+0002   0.569897000234230954874E+0001
   0.968749999999997224442E+0000   0.971064652390197925052E-0009   0.833054935414686957649E-0014   0.101865313090395318692E-0008  -0.678863861945198296037E-0013   0.139712291939049357836E+0002   0.931144945956363222911E-0003  -0.250000000000000000000E+0002   0.569897000230855610425E+0001
   0.970833333333330550374E+0000   0.973187099762978770526E-0009   0.847292724898428706225E-0014   0.101889746930706249506E-0008  -0.687922807024416309571E-0013   0.139713251272358487398E+0002   0.943350141511760669107E-0003  -0.250000000000000000000E+0002   0.569897000227435945874E+0001
   0.972916666666663876306E+0000   0.975310058520897950686E-0009   0.861720135410047633976E-0014   0.101914406709058388730E-0008  -0.697067267623869948634E-0013   0.139714219243221275946E+0002   0.955664837361978425183E-0003  -0.250000000000000000000E+0002   0.569897000223971694766E+0001
   0.974999999999997202238E+0000   0.977433533384953981238E-0009   0.876338953899065945335E-0014   0.101939293781303103258E-0008  -0.706297753723665500879E-0013   0.139715195898511552741E+0002   0.968089564019795163416E-0003  -0.250000000000000000000E+0002   0.569897000220462501829E+0001
   0.977083333333330528170E+0000   0.979557529104738943713E-0009   0.891150978100766840346E-0014   0.101964409537759569610E-0008  -0.715614790274775955388E-0013   0.139716181286349936386E+0002   0.980624869645158872208E-0003  -0.250000000000000000000E+0002   0.569897000216907745340E+0001
   0.979166666666663854102E+0000   0.981682050459181293656E-0009   0.906158016859287328978E-0014   0.101989755405540454262E-0008  -0.725018918259053469633E-0013   0.139717175456192546079E+0002   0.993271321408396639860E-0003  -0.250000000000000000000E+0002   0.569897000213307247662E+0001
   0.981249999999997180034E+0000   0.983807102257336231703E-0009   0.921361890473147827308E-0014   0.102015332850967798019E-0008  -0.734510695782401005063E-0013   0.139718178458922945850E+0002   0.100602950689337717997E-0002  -0.250000000000000000000E+0002   0.569897000209660387071E+0001
   0.983333333333330505965E+0000   0.985932689339228187032E-0009   0.936764431063928194847E-0014   0.102041143382034457366E-0008  -0.744090699202774001812E-0013   0.139719190346945314474E+0002   0.101890003554258742023E-0002  -0.250000000000000000000E+0002   0.569897000205966808295E+0001
   0.985416666666663831897E+0000   0.988058816576745413199E-0009   0.952367482968829848980E-0014   0.102067188550938420430E-0008  -0.753759524294602688547E-0013   0.139720211174281061517E+0002   0.103188354014625512968E-0002  -0.250000000000000000000E+0002   0.569897000202226067245E+0001
   0.987499999999997157829E+0000   0.990185488874587109937E-0009   0.968172903157910608623E-0014   0.102093469956693285593E-0008  -0.763517787451962230237E-0013   0.139721240996667237511E+0002   0.104498067837787171272E-0002  -0.250000000000000000000E+0002   0.569897000198437808649E+0001
   0.989583333333330483761E+0000   0.992312711171267620418E-0009   0.984182561676815995658E-0014   0.102119989247805410869E-0008  -0.773366126932083834230E-0013   0.139722279871658230377E+0002   0.105819213437861599052E-0002  -0.250000000000000000000E+0002   0.569897000194601588419E+0001
   0.991666666666663809693E+0000   0.994440488440173154492E-0009   0.100039834211587411004E-0013   0.102146748125033905410E-0008  -0.783305204141814473223E-0013   0.139723327858729966522E+0002   0.107151862039336562282E-0002  -0.250000000000000000000E+0002   0.569897000190716873647E+0001
   0.993749999999997135625E+0000   0.996568825690683031998E-0009   0.101682214210646947280E-0013   0.102173748344223971263E-0008  -0.793335704968665803392E-0013   0.139724385019386847517E+0002   0.108496087846081867498E-0002  -0.250000000000000000000E+0002   0.569897000186783397879E+0001
   0.995833333333330461556E+0000   0.998697727969343865653E-0009   0.103345587384577121207E-0013   0.102200991719256215840E-0008  -0.803458341170542974276E-0013   0.139725451417272825694E+0002   0.109851968216848712087E-0002  -0.250000000000000000000E+0002   0.569897000182800539392E+0001
   0.997916666666663787488E+0000   0.100082720036111198632E-0008   0.105030146465045188740E-0013   0.102228480125012590726E-0008  -0.813673851772908926006E-0013   0.139726527118283438966E+0002   0.111219583844276320196E-0002  -0.250000000000000000000E+0002   0.569897000178767942913E+0001
   0.999999999999997113420E+0000   0.100295724799065501173E-0008   0.106736085754101537940E-0013   0.102256215500524744487E-0008  -0.823983004590487230487E-0013   0.139727612190683849747E+0002   0.112599018943845829988E-0002  -0.250000000000000000000E+0002   0.569897000174685164353E+0001
   0.100208333333333055037E+0001   0.100508787602372207112E-0008   0.108463601185751607909E-0013   0.102284200538807270885E-0008  -0.834386597744140637949E-0013   0.139728706732081171538E+0002   0.113990395376295473515E-0002  -0.250000000000000000000E+0002   0.569897000170551848441E+0001
   0.100416666666666398733E+0001   0.100721908969687391725E-0008   0.110212891436882432549E-0013   0.102312439371995300918E-0008  -0.844886211697645238815E-0013   0.139729810896167698786E+0002   0.115393906481989238534E-0002  -0.250000000000000000000E+0002   0.569897000166367284635E+0001
   0.100624999999999742428E+0001   0.100935089434802284822E-0008   0.111984159070004922806E-0013   0.102340936929679573992E-0008  -0.855483985796420150735E-0013   0.139730924867561210334E+0002   0.116809785331065574439E-0002  -0.250000000000000000000E+0002   0.569897000162131295298E+0001
   0.100833333333333086124E+0001   0.101148329541944323129E-0008   0.113777610660042336599E-0013   0.102369698304537035300E-0008  -0.866181879243585754713E-0013   0.139732048836970559336E+0002   0.118238273389503247002E-0002  -0.250000000000000000000E+0002   0.569897000157843169887E+0001
   0.101041666666666429819E+0001   0.101361629846124276630E-0008   0.115593456938998107606E-0013   0.102398728759267634478E-0008  -0.876981922173056882377E-0013   0.139733183001452676564E+0002   0.119679620895437937786E-0002  -0.250000000000000000000E+0002   0.569897000153502553133E+0001
   0.101249999999999773515E+0001   0.101574990913497519705E-0008   0.117431912947195027393E-0013   0.102428033733894711500E-0008  -0.887886218891389677617E-0013   0.139734327564684424061E+0002   0.121134087256366301984E-0002  -0.250000000000000000000E+0002   0.569897000149108912126E+0001
   0.101458333333333117210E+0001   0.101788413321741473639E-0008   0.119293198191434757160E-0013   0.102457618853428866409E-0008  -0.898896951283345747481E-0013   0.139735482737245924056E+0002   0.122601941467272114103E-0002  -0.250000000000000000000E+0002   0.569897000144661625143E+0001
   0.101666666666666460905E+0001   0.102001897660449096441E-0008   0.121177536810446824463E-0013   0.102487489935918825507E-0008  -0.910016382399658317278E-0013   0.139736648736919661928E+0002   0.124083462550870181340E-0002  -0.250000000000000000000E+0002   0.569897000140160425730E+0001
   0.101874999999999804601E+0001   0.102215444531539660735E-0008   0.123085157748018506136E-0013   0.102517653000891847561E-0008  -0.921246860237481385216E-0013   0.139737825789003071719E+0002   0.125578940021191980472E-0002  -0.250000000000000000000E+0002   0.569897000135604603344E+0001
   0.102083333333333148296E+0001   0.102429054549687564193E-0008   0.125016294934239455123E-0013   0.102548114278274101575E-0008  -0.932590821745087546136E-0013   0.139739014126638974034E+0002   0.127088674373129545056E-0002  -0.250000000000000000000E+0002   0.569897000130993625078E+0001
   0.102291666666666491992E+0001   0.102642728342769916960E-0008   0.126971187475211672582E-0013   0.102578880217639931561E-0008  -0.944050796948912714300E-0013   0.139740213991158128692E+0002   0.128612977592414525277E-0002  -0.250000000000000000000E+0002   0.569897000126326958025E+0001
   0.102499999999999835687E+0001   0.102856466552334353651E-0008   0.128950079851787204181E-0013   0.102609957498081382698E-0008  -0.955629413446983822606E-0013   0.139741425632444205007E+0002   0.130152173699280612057E-0002  -0.250000000000000000000E+0002   0.569897000121604069278E+0001
   0.102708333333333179382E+0001   0.103070269834087628263E-0008   0.130953222127813724452E-0013   0.102641353038570210147E-0008  -0.967329401088530569653E-0013   0.139742649309317439332E+0002   0.131706599320481664364E-0002  -0.250000000000000000000E+0002   0.569897000116824425930E+0001
   0.102916666666666523078E+0001   0.103284138858406315477E-0008   0.132980870168274172387E-0013   0.102673074008725371807E-0008  -0.979153596788327036355E-0013   0.139743885289932059379E+0002   0.133276604283512453870E-0002  -0.250000000000000000000E+0002   0.569897000111987317439E+0001
   0.103124999999999866773E+0001   0.103498074310870569638E-0008   0.135033285867948371566E-0013   0.102705127840247187274E-0008  -0.991104949752028698206E-0013   0.139745133852199270308E+0002   0.134862552247784722552E-0002  -0.250000000000000000000E+0002   0.569897000107092299714E+0001
   0.103333333333333210469E+0001   0.103712076892822347582E-0008   0.137110737391103619930E-0013   0.102737522238891914587E-0008  -0.100318652688375801611E-0012   0.139746395284228803746E+0002   0.136464821365136460170E-0002  -0.250000000000000000000E+0002   0.569897000102138573396E+0001
   0.103541666666666554164E+0001   0.103926147321949108642E-0008   0.139213499422780903781E-0013   0.102770265197060674008E-0008  -0.101540151848877297826E-0012   0.139747669884793754846E+0002   0.138083804973001471154E-0002  -0.250000000000000000000E+0002   0.569897000097125605578E+0001
   0.103749999999999897859E+0001   0.104140286332894439371E-0008   0.141341853432263680059E-0013   0.102803365007020565262E-0008  -0.102775324426360816788E-0012   0.139748957963817552752E+0002   0.139719912321194369639E-0002  -0.250000000000000000000E+0002   0.569897000092052774534E+0001
   0.103958333333333241555E+0001   0.104354494677896802417E-0008   0.143496087949300772413E-0013   0.102836830274733845252E-0008  -0.104024515954870355430E-0012   0.139750259842883703953E+0002   0.141373569330852056833E-0002  -0.250000000000000000000E+0002   0.569897000086919369721E+0001
   0.104166666666666585250E+0001   0.104568773127457981169E-0008   0.145676498853741385721E-0013   0.102870669934455556563E-0008  -0.105288086193660104057E-0012   0.139751575855772660617E+0002   0.143045219390761069699E-0002  -0.250000000000000000000E+0002   0.569897000081724680598E+0001
   0.104374999999999928946E+0001   0.104783122471042357573E-0008   0.147883389679128446342E-0013   0.102904893263887641711E-0008  -0.106566409808481229820E-0012   0.139752906349018992671E+0002   0.144735324183317996469E-0002  -0.250000000000000000000E+0002   0.569897000076468085439E+0001
   0.104583333333333272641E+0001   0.104997543517808760176E-0008   0.150117071930955667531E-0013   0.102939509900177753574E-0008  -0.107859877094260419082E-0012   0.139754251682499166520E+0002   0.146444364549821537738E-0002  -0.250000000000000000000E+0002   0.569897000071148873701E+0001
   0.104791666666666616337E+0001   0.105212037097376267939E-0008   0.152377865420168499880E-0013   0.102974529856573358285E-0008  -0.109168894719635332083E-0012   0.139755612230041936783E+0002   0.148172841386693667984E-0002  -0.250000000000000000000E+0002   0.569897000065766246024E+0001
   0.104999999999999960032E+0001   0.105426604060625458736E-0008   0.154666098612550752456E-0013   0.103009963539819845739E-0008  -0.110493886505066072949E-0012   0.139756988380066413669E+0002   0.149921276575756021003E-0002  -0.250000000000000000000E+0002   0.569897000060319580683E+0001
   0.105208333333333303727E+0001   0.105641245280536736223E-0008   0.156982108994618980355E-0013   0.103045821768320121890E-0008  -0.111835294230173691182E-0012   0.139758380536245834236E+0002   0.151690213946906963388E-0002  -0.250000000000000000000E+0002   0.569897000054807989500E+0001
   0.105416666666666647423E+0001   0.105855961653067244692E-0008   0.159326243456650552458E-0013   0.103082115791063665127E-0008  -0.113193578471514249535E-0012   0.139759789118199311275E+0002   0.153480220272805877382E-0002  -0.250000000000000000000E+0002   0.569897000049230673113E+0001
   0.105624999999999991118E+0001   0.106070754098067922849E-0008   0.161698858693401704111E-0013   0.103118857307243610815E-0008  -0.114569219463882883510E-0012   0.139761214562207367607E+0002   0.155291886290420048759E-0002  -0.250000000000000000000E+0002   0.569897000043586920981E+0001
   0.105833333333333334814E+0001   0.106285623560242433624E-0008   0.164100321623155624910E-0013   0.103156058486752963381E-0008  -0.115962717996994826710E-0012   0.139762657321957668444E+0002   0.157125827754245979070E-0002  -0.250000000000000000000E+0002   0.569897000037875844924E+0001
   0.106041666666666678509E+0001   0.106500571010149417559E-0008   0.166531009825638332279E-0013   0.103193731991377790792E-0008  -0.117374596333373011560E-0012   0.139764117869315942499E+0002   0.158982686514122831777E-0002  -0.250000000000000000000E+0002   0.569897000032096556765E+0001
   0.106250000000000022204E+0001   0.106715597445249724139E-0008   0.168991311999345256496E-0013   0.103231890996775434104E-0008  -0.118805399153090893387E-0012   0.139765596695122464865E+0002   0.160863131617314269496E-0002  -0.250000000000000000000E+0002   0.569897000026248257143E+0001
   0.106458333333333365900E+0001   0.106930703891000337480E-0008   0.171481628438804928246E-0013   0.103270549215247306720E-0008  -0.120255694523500077081E-0012   0.139767094310016570802E+0002   0.162767860433338847764E-0002  -0.250000000000000000000E+0002   0.569897000020330057879E+0001
   0.106666666666666709595E+0001   0.107145891401996464594E-0008   0.174002371532285649442E-0013   0.103309720919291394084E-0008  -0.121726074892691070221E-0012   0.139768611245286749067E+0002   0.164697599799781433869E-0002  -0.250000000000000000000E+0002   0.569897000014340893159E+0001
   0.106875000000000053291E+0001   0.107361161063163523336E-0008   0.176553966280439605317E-0013   0.103349420965955691683E-0008  -0.123217158106379721472E-0012   0.139770148053748428651E+0002   0.166653107187928243259E-0002  -0.250000000000000000000E+0002   0.569897000008279874805E+0001
   0.107083333333333396986E+0001   0.107576513991000787773E-0008   0.179136850836374521298E-0013   0.103389664822039916774E-0008  -0.124729588448300502267E-0012   0.139771705310649458909E+0002   0.168635171887694082678E-0002  -0.250000000000000000000E+0002   0.569897000002146114639E+0001
   0.107291666666666740682E+0001   0.107791951334878366024E-0008   0.181751477067652308268E-0013   0.103430468590160569191E-0008  -0.126264037704771496376E-0012   0.139773283614604650893E+0002   0.170644616212185361998E-0002  -0.250000000000000000000E+0002   0.569896999995938458028E+0001
   0.107500000000000084377E+0001   0.108007474278389475130E-0008   0.184398311140739825163E-0013   0.103471849035738133095E-0008  -0.127821206255100352256E-0012   0.139774883588560978609E+0002   0.172682296723375341280E-0002  -0.250000000000000000000E+0002   0.569896999989655927976E+0001
   0.107708333333333428072E+0001   0.108223084040759812056E-0008   0.187077834128482452407E-0013   0.103513823614991639963E-0008  -0.129401824190484345696E-0012   0.139776505880796495518E+0002   0.174749105481759913275E-0002  -0.250000000000000000000E+0002   0.569896999983297458670E+0001
   0.107916666666666771768E+0001   0.108438781878316543745E-0008   0.189790542641241977910E-0013   0.103556410504040516217E-0008  -0.131006652465485424861E-0012   0.139778151165956092683E+0002   0.176845971324532261551E-0002  -0.250000000000000000000E+0002   0.569896999976861984294E+0001
   0.108125000000000115463E+0001   0.108654569086018901441E-0008   0.192536949482445878426E-0013   0.103599628629213473483E-0008  -0.132636484087856163694E-0012   0.139779820146128521685E+0002   0.178973861178915332783E-0002  -0.250000000000000000000E+0002   0.569896999970348261400E+0001
   0.108333333333333459159E+0001   0.108870446999053481222E-0008   0.195317584329405645867E-0013   0.103643497698749647224E-0008  -0.134292145351883574260E-0012   0.139781513551970117959E+0002   0.181133781417851507517E-0002  -0.250000000000000000000E+0002   0.569896999963755135354E+0001
   0.108541666666666802854E+0001   0.109086416994496959744E-0008   0.198132994440501495650E-0013   0.103688038236083124495E-0008  -0.135974497131639798775E-0012   0.139783232143883235921E+0002   0.183326779273101599967E-0002  -0.250000000000000000000E+0002   0.569896999957081362709E+0001
   0.108750000000000146549E+0001   0.109302480493049947526E-0008   0.200983745389888160096E-0013   0.103733271614841576047E-0008  -0.137684436227543138089E-0012   0.139784976713253215053E+0002   0.185553944309453438741E-0002  -0.250000000000000000000E+0002   0.569896999950325788831E+0001
   0.108958333333333490245E+0001   0.109518638960845805478E-0008   0.203870421831331674235E-0013   0.103779220095986686509E-0008  -0.139422896806051847179E-0012   0.139786748083760326011E+0002   0.187816409988087427985E-0002  -0.250000000000000000000E+0002   0.569896999943487081453E+0001
   0.109166666666666833940E+0001   0.109734893911339098234E-0008   0.206793628292925522207E-0013   0.103825906867237954614E-0008  -0.141190851923280815998E-0012   0.139788547112771048830E+0002   0.190115355327806186472E-0002  -0.250000000000000000000E+0002   0.569896999936563819489E+0001
   0.109375000000000177636E+0001   0.109951246907278481952E-0008   0.209753990004674389299E-0013   0.103873356085006159402E-0008  -0.142989315147823479264E-0012   0.139790374692817049862E+0002   0.192452006678176510725E-0002  -0.250000000000000000000E+0002   0.569896999929554759490E+0001
   0.109583333333333521331E+0001   0.110167699562770292474E-0008   0.212752153761577033356E-0013   0.103921592919506095113E-0008  -0.144819342332329795114E-0012   0.139792231753186673160E+0002   0.194827639643100204540E-0002  -0.250000000000000000000E+0002   0.569896999922458391552E+0001
   0.109791666666666865027E+0001   0.110384253545439120399E-0008   0.215788788824892232826E-0013   0.103970643603035588016E-0008  -0.146682033507967396759E-0012   0.139794119261627383111E+0002   0.197243581157215000857E-0002  -0.250000000000000000000E+0002   0.569896999915273294590E+0001
   0.110000000000000208722E+0001   0.110600910578692652282E-0008   0.218864587864807689203E-0013   0.104020535481960323758E-0008  -0.148578534949727069820E-0012   0.139796038226179550890E+0002   0.199701211745509669623E-0002  -0.250000000000000000000E+0002   0.569896999907997869883E+0001
   0.110208333333333552417E+0001   0.110817672444098780922E-0008   0.221980267948077219624E-0013   0.104071297072711513964E-0008  -0.150510041420428322542E-0012   0.139797989697151834321E+0002   0.202201967984816724511E-0002  -0.250000000000000000000E+0002   0.569896999900630607527E+0001
   0.110416666666666896113E+0001   0.111034540983883814885E-0008   0.225136571574556155312E-0013   0.104122958122150228625E-0008  -0.152477798612102624557E-0012   0.139799974769250123785E+0002   0.204747345186280039001E-0002  -0.250000000000000000000E+0002   0.569896999893169908802E+0001
   0.110625000000000239808E+0001   0.111251518103561072380E-0008   0.228334267766907258772E-0013   0.104175549672572170353E-0008  -0.154483105800530774980E-0012   0.139801994583870392574E+0002   0.207338900314383558707E-0002  -0.250000000000000000000E+0002   0.569896999885613997350E+0001
   0.110833333333333583504E+0001   0.111468605774699889032E-0008   0.231574153218034377619E-0013   0.104229104131678406768E-0008  -0.156527318725646950137E-0012   0.139804050331565736798E+0002   0.209978255157481589338E-0002  -0.250000000000000000000E+0002   0.569896999877961185632E+0001
   0.111041666666666927199E+0001   0.111685806037845772246E-0008   0.234857053501074566795E-0013   0.104283655347688974271E-0008  -0.158611852709700000762E-0012   0.139806143254692436528E+0002   0.212667099757136339802E-0002  -0.250000000000000000000E+0002   0.569896999870209608474E+0001
   0.111250000000000270894E+0001   0.111903121005602331411E-0008   0.238183824346931124651E-0013   0.104339238689789997640E-0008  -0.160738186018853892395E-0012   0.139808274650241823878E+0002   0.215407196101378073036E-0002  -0.250000000000000000000E+0002   0.569896999862357578337E+0001
   0.111458333333333614590E+0001   0.112120552865886585159E-0008   0.241555352994447623310E-0013   0.104395891133987717066E-0008  -0.162907863472081095391E-0012   0.139810445872857744831E+0002   0.218200382080609807042E-0002  -0.250000000000000000000E+0002   0.569896999854402963592E+0001
   0.111666666666666958285E+0001   0.112338103885368667869E-0008   0.244972559618352233127E-0013   0.104453651354431295733E-0008  -0.165122500297305631839E-0012   0.139812658338040680661E+0002   0.221048575700092580013E-0002  -0.250000000000000000000E+0002   0.569896999846343810248E+0001
   0.111875000000000301981E+0001   0.112555776413107433215E-0008   0.248436398839988928639E-0013   0.104512559820089160997E-0008  -0.167383786224519130626E-0012   0.139814913525531725469E+0002   0.223953779533510614549E-0002  -0.250000000000000000000E+0002   0.569896999838178075493E+0001
   0.112083333333333645676E+0001   0.112773572884393183739E-0008   0.251947861325785457287E-0013   0.104572658896755345884E-0008  -0.169693489817040333023E-0012   0.139817212982873115834E+0002   0.226918085405100221005E-0002  -0.250000000000000000000E+0002   0.569896999829903538881E+0001
   0.112291666666666989371E+0001   0.112991495824808114362E-0008   0.255507975478104998080E-0013   0.104633992954106864240E-0008  -0.172053463016741191232E-0012   0.139819558329132878072E+0002   0.229943679272772523101E-0002  -0.250000000000000000000E+0002   0.569896999821518068785E+0001
   0.112500000000000333067E+0001   0.113209547854515181823E-0008   0.259117809222866314648E-0013   0.104696608477653156101E-0008  -0.174465645894480502795E-0012   0.139821951258783823135E+0002   0.233032846287877567354E-0002  -0.250000000000000000000E+0002   0.569896999813019267123E+0001
   0.112708333333333676762E+0001   0.113427731692784953980E-0008   0.262778471897971938508E-0013   0.104760554185259841853E-0008  -0.176932071586076721138E-0012   0.139824393545723459908E+0002   0.236187976002251789898E-0002  -0.250000000000000000000E+0002   0.569896999804404735812E+0001
   0.112916666666667020458E+0001   0.113646050162770013583E-0008   0.266491116246219906365E-0013   0.104825881148034509950E-0008  -0.179454871396230035394E-0012   0.139826887047422196986E+0002   0.239411567692983948477E-0002  -0.250000000000000000000E+0002   0.569896999795671987954E+0001
   0.113125000000000364153E+0001   0.113864506196535539893E-0008   0.270256940516026151225E-0013   0.104892642915276318912E-0008  -0.182036280053866540790E-0012   0.139829433709187487267E+0002   0.242706235776901212836E-0002  -0.250000000000000000000E+0002   0.569896999786818447831E+0001
   0.113333333333333707849E+0001   0.114083102840354381292E-0008   0.274077190672981850684E-0013   0.104960895643369410356E-0008  -0.184678641105717092921E-0012   0.139832035568533985526E+0002   0.246074715290817234298E-0002  -0.250000000000000000000E+0002   0.569896999777841450907E+0001
   0.113541666666667051544E+0001   0.114301843260274683909E-0008   0.277953162725062470705E-0013   0.105030698228491920089E-0008  -0.187384412440301306763E-0012   0.139834694759653324070E+0002   0.249519867420342584749E-0002  -0.250000000000000000000E+0002   0.569896999768738066194E+0001
   0.113750000000000395239E+0001   0.114520730747968079234E-0008   0.281886205164241377005E-0013   0.105102112443286625984E-0008  -0.190156171942794005451E-0012   0.139837413517984234801E+0002   0.253044685071297662318E-0002  -0.250000000000000000000E+0002   0.569896999759505540339E+0001
   0.113958333333333738935E+0001   0.114739768726866702515E-0008   0.285877721527381487229E-0013   0.105175203077580086602E-0008  -0.192996623289982410118E-0012   0.139840194184882857797E+0002   0.256652298479762962929E-0002  -0.250000000000000000000E+0002   0.569896999750140675900E+0001
   0.114166666666667082630E+0001   0.114958960758598120257E-0008   0.289929173079543873013E-0013   0.105250038083929660828E-0008  -0.195908601906206187288E-0012   0.139843039212418851491E+0002   0.260345980896972001295E-0002  -0.250000000000000000000E+0002   0.569896999740640364251E+0001
   0.114375000000000426326E+0001   0.115178310549728527258E-0008   0.294042081623675034506E-0013   0.105326688728518105404E-0008  -0.198895081122704334045E-0012   0.139845951168311959378E+0002   0.264129154370535551566E-0002  -0.250000000000000000000E+0002   0.569896999731001407952E+0001
   0.114583333333333770021E+0001   0.115397821958826620880E-0008   0.298218032441374963212E-0013   0.105405229748339398011E-0008  -0.201959178585706744070E-0012   0.139848932741040368199E+0002   0.268005395671382486492E-0002  -0.250000000000000000000E+0002   0.569896999721220343105E+0001
   0.114791666666667113716E+0001   0.115617499003862297365E-0008   0.302458677370605841299E-0013   0.105485739516438156225E-0008  -0.205104162975832829361E-0012   0.139851986745181413596E+0002   0.271978442462330206181E-0002  -0.250000000000000000000E+0002   0.569896999711293528179E+0001
   0.115000000000000457412E+0001   0.115837345869958430185E-0008   0.306765738028148702182E-0013   0.105568300216402353768E-0008  -0.208333461139434467867E-0012   0.139855116127023944017E+0002   0.276052199772603389094E-0002  -0.250000000000000000000E+0002   0.569896999701217410461E+0001
   0.115208333333333801107E+0001   0.116057366917517175099E-0008   0.311141009186102222247E-0013   0.105652998028252827824E-0008  -0.211650665711609775784E-0012   0.139858323970526861046E+0002   0.280230746897271263546E-0002  -0.250000000000000000000E+0002   0.569896999690987904330E+0001
   0.115416666666667144803E+0001   0.116277566690746341110E-0008   0.315586362314099100658E-0013   0.105739923327911597189E-0008  -0.215059543351822681372E-0012   0.139861613503697146399E+0002   0.284518344839205811897E-0002  -0.250000000000000000000E+0002   0.569896999680601190619E+0001
   0.115625000000000488498E+0001   0.116497949926616763887E-0008   0.320103749301311096985E-0013   0.105829170902694571393E-0008  -0.218564043713208225606E-0012   0.139864988105471930169E+0002   0.288919444426075523041E-0002  -0.250000000000000000000E+0002   0.569896999670053006071E+0001
   0.115833333333333832194E+0001   0.116718521564286663993E-0008   0.324695206374981534644E-0013   0.105920840185293442238E-0008  -0.222168309278634251222E-0012   0.139868451313185726548E+0002   0.293438695233283605365E-0002  -0.250000000000000000000E+0002   0.569896999659338909794E+0001
   0.116041666666667175889E+0001   0.116939286755034245564E-0008   0.329362858234901345836E-0013   0.106015035509388782620E-0008  -0.225876686195876077444E-0012   0.139872006830730803983E+0002   0.298080955469670920086E-0002  -0.250000000000000000000E+0002   0.569896999648454283260E+0001
   0.116250000000000519584E+0001   0.117160250872746677352E-0008   0.334108922426390269211E-0013   0.106111866389411670043E-0008  -0.229693736265199625232E-0012   0.139875658537491069922E+0002   0.302851302953430386034E-0002  -0.250000000000000000000E+0002   0.569896999637394507943E+0001
   0.116458333333333863280E+0001   0.117381419525018726556E-0008   0.338935713977065813603E-0013   0.106211447827630291084E-0008  -0.233624250211724812183E-0012   0.139879410498153635700E+0002   0.307755047325225300145E-0002  -0.250000000000000000000E+0002   0.569896999626154521223E+0001
   0.116666666666667206975E+0001   0.117602798564921160787E-0008   0.343845650325796456073E-0013   0.106313900651601911881E-0008  -0.237673262392771362686E-0012   0.139883266973496294128E+0002   0.312797743633669344046E-0002  -0.250000000000000000000E+0002   0.569896999614729171668E+0001
   0.116875000000000550671E+0001   0.117824394103505402834E-0008   0.348841256575244825975E-0013   0.106419351884937190326E-0008  -0.241846067085164092420E-0012   0.139887232432239656532E+0002   0.317985207415873985179E-0002  -0.250000000000000000000E+0002   0.569896999603112952570E+0001
   0.117083333333333894366E+0001   0.118046212523117106013E-0008   0.353925171102323834363E-0013   0.106527935155008711194E-0008  -0.246148236493470645070E-0012   0.139891311564080407237E+0002   0.323323531414016060101E-0002  -0.250000000000000000000E+0002   0.569896999591300268406E+0001
   0.117291666666667238061E+0001   0.118268260491599196840E-0008   0.359100151564245279678E-0013   0.106639791140586288678E-0008  -0.250585640641825787968E-0012   0.139895509293990958355E+0002   0.328819104035777895478E-0002  -0.250000000000000000000E+0002   0.569896999579285168380E+0001
   0.117500000000000581757E+0001   0.118490544977471073542E-0008   0.364369081340810364182E-0013   0.106755068063180637240E-0008  -0.255164469295218601947E-0012   0.139899830797899316082E+0002   0.334478629685154658230E-0002  -0.250000000000000000000E+0002   0.569896999567061435243E+0001
   0.117708333333333925452E+0001   0.118713073266179168890E-0008   0.369734976457072767221E-0013   0.106873922226390008455E-0008  -0.259891256083112610186E-0012   0.139904281519878352924E+0002   0.340309151112428657365E-0002  -0.250000000000000000000E+0002   0.569896999554622674111E+0001
   0.117916666666667269148E+0001   0.118935852977523184854E-0008   0.375200993034568123045E-0013   0.106996518607386193207E-0008  -0.264772905028011849916E-0012   0.139908867190962276084E+0002   0.346318073906067393566E-0002  -0.250000000000000000000E+0002   0.569896999541962046010E+0001
   0.118125000000000612843E+0001   0.119158892084371922492E-0008   0.380770435323220729307E-0013   0.107123031506005629907E-0008  -0.269816719679644661986E-0012   0.139913593849754942511E+0002   0.352513193306651980569E-0002  -0.250000000000000000000E+0002   0.569896999529072534330E+0001
   0.118333333333333956539E+0001   0.119382198932794252445E-0008   0.386446764371204783287E-0013   0.107253645257409611608E-0008  -0.275030435118555438225E-0012   0.139918467865004618744E+0002   0.358902723529932934227E-0002  -0.250000000000000000000E+0002   0.569896999515946589554E+0001
   0.118541666666667300234E+0001   0.119605782263745122940E-0008   0.392233607395694206698E-0013   0.107388555015890028781E-0008  -0.280422253122229993820E-0012   0.139923495960377248792E+0002   0.365495329853421715982E-0002  -0.250000000000000000000E+0002   0.569896999502576573349E+0001
   0.118750000000000643929E+0001   0.119829651236462756327E-0008   0.398134767924631109078E-0013   0.107527967618314138268E-0008  -0.286000880865985335496E-0012   0.139928685241681822760E+0002   0.372300163744549491435E-0002  -0.250000000000000000000E+0002   0.569896999488954314472E+0001
   0.118958333333333987625E+0001   0.120053815453753244298E-0008   0.404154236787749905554E-0013   0.107672102537991670999E-0008  -0.291775573582313065974E-0012   0.139934043226880948652E+0002   0.379326901399621666672E-0002  -0.250000000000000000000E+0002   0.569896999475071197594E+0001
   0.119166666666667331320E+0001   0.120278284989363091733E-0008   0.410296204045309664125E-0013   0.107821192941764981170E-0008  -0.297756181710623735638E-0012   0.139939577879282488482E+0002   0.386585786139273220388E-0002  -0.250000000000000000000E+0002   0.569896999460918252112E+0001
   0.119375000000000675016E+0001   0.120503070417669396537E-0008   0.416565071955186770663E-0013   0.107975486865607438581E-0008  -0.303953203173705825846E-0012   0.139945297644384663016E+0002   0.394087675192092510429E-0002  -0.250000000000000000000E+0002   0.569896999446486152152E+0001
   0.119583333333334018711E+0001   0.120728182845952425319E-0008   0.422965469093433951071E-0013   0.108135248527824990923E-0008  -0.310377841534527595371E-0012   0.139951211490976366036E+0002   0.401844091549192431595E-0002  -0.250000000000000000000E+0002   0.569896999431764950117E+0001
   0.119791666666667362406E+0001   0.120953633949558172012E-0008   0.429502265761346348074E-0013   0.108300759801313266834E-0008  -0.317042070962539322661E-0012   0.139957328957156050819E+0002   0.409867281641223841354E-0002  -0.250000000000000000000E+0002   0.569896999416744165501E+0001
   0.120000000000000706102E+0001   0.121179436010307538360E-0008   0.436180590832214905913E-0013   0.108472321871053815528E-0008  -0.323958709052035172565E-0012   0.139963660202089492657E+0002   0.418170279767097769624E-0002  -0.250000000000000000000E+0002   0.569896999401413051345E+0001
   0.120208333333334049797E+0001   0.121405601958566533075E-0008   0.443005850215206429868E-0013   0.108650257105740440922E-0008  -0.331141498734041873946E-0012   0.139970216064393397915E+0002   0.426766980273828814424E-0002  -0.250000000000000000000E+0002   0.569896999385759883694E+0001
   0.120416666666667393493E+0001   0.121632145419455600065E-0008   0.449983747140363881583E-0013   0.108834911175141291581E-0008  -0.338605200625340125834E-0012   0.139977008128100095519E+0002   0.435672218550484970090E-0002  -0.250000000000000000000E+0002   0.569896999369772583321E+0001
   0.120625000000000737188E+0001   0.121859080763743746100E-0008   0.457120304497275595099E-0013   0.109026655445302543202E-0008  -0.346365697227943293067E-0012   0.139984048797137905495E+0002   0.444901861855905456783E-0002  -0.250000000000000000000E+0002   0.569896999353438271640E+0001
   0.120833333333334080884E+0001   0.122086423164038485547E-0008   0.464421889488271918240E-0013   0.109225889679159963884E-0008  -0.354440110323652938558E-0012   0.139991351379048527548E+0002   0.454472910721810934714E-0002  -0.250000000000000000000E+0002   0.569896999336743448339E+0001
   0.121041666666667424579E+0001   0.122314188656932705621E-0008   0.471895240880228378076E-0013   0.109433045059606575273E-0008  -0.362846932564837066102E-0012   0.139998930178231635324E+0002   0.464403611129002476254E-0002  -0.250000000000000000000E+0002   0.569896999319673813744E+0001
   0.121250000000000768274E+0001   0.122542394211789159728E-0008   0.479547499151341198655E-0013   0.109648587530173701368E-0008  -0.371606173576346518049E-0012   0.140006800598158687166E+0002   0.474713576626814744153E-0002  -0.250000000000000000000E+0002   0.569896999302214091188E+0001
   0.121458333333334111970E+0001   0.122771057806803860694E-0008   0.487386239820470632987E-0013   0.109873021412505199814E-0008  -0.380739519644197717656E-0012   0.140014979250645872355E+0002   0.485423917957480272056E-0002  -0.250000000000000000000E+0002   0.569896999284348293457E+0001
   0.121666666666667455665E+0001   0.123000198512858868390E-0008   0.495419510204788465920E-0013   0.110106893206734065210E-0008  -0.390270504189806872972E-0012   0.140023484068322048302E+0002   0.496557375488106481076E-0002  -0.250000000000000000000E+0002   0.569896999266059278710E+0001
   0.121875000000000799361E+0001   0.123229836585416038038E-0008   0.503655869763647145581E-0013   0.110350795411616241350E-0008  -0.400224683724130343148E-0012   0.140032334413925791949E+0002   0.508138446981534243341E-0002  -0.250000000000000000000E+0002   0.569896999247328928107E+0001
   0.122083333333334143056E+0001   0.123459993564285714082E-0008   0.512104434043875364011E-0013   0.110605370123623658536E-0008  -0.410629811143390757647E-0012   0.140041551177314111953E+0002   0.520193500432246987847E-0002  -0.250000000000000000000E+0002   0.569896999228137879356E+0001
   0.122291666666667486751E+0001   0.123690692380523177348E-0008   0.520774922046368937329E-0013   0.110871312104224739817E-0008  -0.421515995773868938778E-0012   0.140051156848666007448E+0002   0.532750859776957245290E-0002  -0.250000000000000000000E+0002   0.569896999208465615538E+0001
   0.122500000000000830447E+0001   0.123921957468998724026E-0008   0.529677706608353795624E-0013   0.111149370966646965006E-0008  -0.432915838679257496695E-0012   0.140061175555202961363E+0002   0.545840851591594591191E-0002  -0.250000000000000000000E+0002   0.569896999188290109828E+0001
   0.122708333333334174142E+0001   0.124153814884445935736E-0008   0.538823867188865757867E-0013   0.111440352152510470394E-0008  -0.444864533796431970848E-0012   0.140071633049707102714E+0002   0.559495804834055695393E-0002  -0.250000000000000000000E+0002   0.569896999167588180768E+0001
   0.122916666666667517838E+0001   0.124386292418160320345E-0008   0.548225244332131015124E-0013   0.111745116461517802435E-0008  -0.457399931737140325051E-0012   0.140082556642756479448E+0002   0.573750004342185940254E-0002  -0.250000000000000000000E+0002   0.569896999146334692909E+0001
   0.123125000000000861533E+0001   0.124619419712159831794E-0008   0.557894495156722138791E-0013   0.112064578068625661363E-0008  -0.470562574171029658591E-0012   0.140093975077014434305E+0002   0.588639612672778398533E-0002  -0.250000000000000000000E+0002   0.569896999124503089718E+0001
   0.123333333333334205228E+0001   0.124853228367692127427E-0008   0.567845149577937959694E-0013   0.112399701208426266897E-0008  -0.484395722768883954384E-0012   0.140105918350861085031E+0002   0.604202593765939491993E-0002  -0.250000000000000000000E+0002   0.569896999102065127119E+0001
   0.123541666666667548924E+0001   0.125087752045633862994E-0008   0.578091667715212066059E-0013   0.112751496026474260494E-0008  -0.498945427482293887374E-0012   0.140118417510055977004E+0002   0.620478695013800332636E-0002  -0.250000000000000000000E+0002   0.569896999078990518228E+0001
   0.123750000000000892619E+0001   0.125323026557732436530E-0008   0.588649500145266208915E-0013   0.113121014469047996430E-0008  -0.514260703041576304647E-0012   0.140131504439020737607E+0002   0.637509567077693042186E-0002  -0.250000000000000000000E+0002   0.569896999055247288624E+0001
   0.123958333333334236315E+0001   0.125559089949831462874E-0008   0.599535154285486403399E-0013   0.113509347345957352342E-0008  -0.530393900929618888228E-0012   0.140145211691938289533E+0002   0.655339106769039364542E-0002  -0.250000000000000000000E+0002   0.569896999030801332253E+0001
   0.124166666666667580010E+0001   0.125795982580679848186E-0008   0.610766271731314022451E-0013   0.113917623828732749467E-0008  -0.547401347340944154578E-0012   0.140159572407280688111E+0002   0.674014057405012551039E-0002  -0.250000000000000000000E+0002   0.569896999005616500256E+0001
   0.124375000000000923706E+0001   0.126033747201224744438E-0008   0.622361721355245393976E-0013   0.114347009956489556652E-0008  -0.565344205478480905025E-0012   0.140174620183888301028E+0002   0.693584733496202445607E-0002  -0.250000000000000000000E+0002   0.569896998979654778594E+0001
   0.124583333333334267401E+0001   0.126272429032266955129E-0008   0.634341708583928293416E-0013   0.114798708509216055987E-0008  -0.584289256463418153785E-0012   0.140190389001844941674E+0002   0.714105450683174755588E-0002  -0.250000000000000000000E+0002   0.569896998952875577515E+0001
   0.124791666666667611096E+0001   0.126512075833077221457E-0008   0.646727891337844608308E-0013   0.115273945536338007510E-0008  -0.604308972239356489041E-0012   0.140206912676512356342E+0002   0.735634041930618206434E-0002  -0.250000000000000000000E+0002   0.569896998925236530908E+0001
   0.125000000000000954792E+0001   0.126752737931392996656E-0008   0.659543481004818067431E-0013   0.115773947089806202119E-0008  -0.625480303374254145987E-0012   0.140224223982466131844E+0002   0.758230176025264778622E-0002  -0.250000000000000000000E+0002   0.569896998896692608128E+0001
   0.125208333333334298487E+0001   0.126994468194715754368E-0008   0.672813307492251178292E-0013   0.116299912859276153437E-0008  -0.647882495933788106686E-0012   0.140242353690310341818E+0002   0.781953179322466412904E-0002  -0.250000000000000000000E+0002   0.569896998867196913352E+0001
   0.125416666666667642183E+0001   0.127237321952935790361E-0008   0.686563849572426490015E-0013   0.116853005608297818645E-0008  -0.671595492255816070102E-0012   0.140261330170218876390E+0002   0.806860824012629700153E-0002  -0.250000000000000000000E+0002   0.569896998836700419133E+0001
   0.125625000000000985878E+0001   0.127481356923634049546E-0008   0.700823260957847916923E-0013   0.117434366131677275777E-0008  -0.696700422639880938421E-0012   0.140281179878604245204E+0002   0.833009832181543993790E-0002  -0.250000000000000000000E+0002   0.569896998805151877576E+0001
   0.125833333333334329573E+0001   0.127726633191059702939E-0008   0.715621423439541393212E-0013   0.118045136117863564638E-0008  -0.723281556628551668115E-0012   0.140301928101593187392E+0002   0.860456741706455696672E-0002  -0.250000000000000000000E+0002   0.569896998772498175612E+0001
   0.126041666666667673269E+0001   0.127973213222395289560E-0008   0.730990012934470008414E-0013   0.118686450193860236406E-0008  -0.751426514310043004255E-0012   0.140323598638679936101E+0002   0.889256282417716890920E-0002  -0.250000000000000000000E+0002   0.569896998738683890906E+0001
   0.126250000000001016964E+0001   0.128221161818194018679E-0008   0.746962505155150791952E-0013   0.119359375450202330052E-0008  -0.781221684709745049987E-0012   0.140346211737483486104E+0002   0.919455822612526632587E-0002  -0.250000000000000000000E+0002   0.569896998703652002405E+0001
   0.126458333333334360660E+0001   0.128470545889116546700E-0008   0.763574043924940478833E-0013   0.120064826318578158259E-0008  -0.812743977877182264860E-0012   0.140369781282025893887E+0002   0.951088147063196623354E-0002  -0.250000000000000000000E+0002   0.569896998667343446243E+0001
   0.126666666666667704355E+0001   0.128721434058533393121E-0008   0.780861168677242927050E-0013   0.120803508832431937716E-0008  -0.846054074475614085576E-0012   0.140394313067595000177E+0002   0.984166653618531728220E-0002  -0.250000000000000000000E+0002   0.569896998629698270378E+0001
   0.126875000000001048051E+0001   0.128973896199893659993E-0008   0.798861475150138061425E-0013   0.121575920464695499518E-0008  -0.881194865043168695971E-0012   0.140419804992863017645E+0002   0.101868490465611329782E-0001  -0.250000000000000000000E+0002   0.569896998590655368133E+0001
   0.127083333333334391746E+0001   0.129228003026901540723E-0008   0.817613293589628914583E-0013   0.122382390576193027177E-0008  -0.918194123318566892784E-0012   0.140446248603036671909E+0002   0.105461935163637457458E-0001  -0.250000000000000000000E+0002   0.569896998550153099927E+0001
   0.127291666666667735441E+0001   0.129483825794143154134E-0008   0.837155427880670239682E-0013   0.123223134117661806487E-0008  -0.957068398817779539683E-0012   0.140473631031566092986E+0002   0.109193297621286381643E-0001  -0.250000000000000000000E+0002   0.569896998508129470906E+0001
   0.127500000000001079137E+0001   0.129741436112459542232E-0008   0.857526956901009612475E-0013   0.124098303062603556163E-0008  -0.997826072807245126224E-0012   0.140501936812229626383E+0002   0.113057827424508112318E-0001  -0.250000000000000000000E+0002   0.569896998464522130945E+0001
   0.127708333333334422832E+0001   0.130000905866919490877E-0008   0.878767078554299675010E-0013   0.125008036139122725541E-0008  -0.104046900381600503323E-0011   0.140531149575562874787E+0002   0.117049909763517132055E-0001  -0.250000000000000000000E+0002   0.569896998419268641101E+0001
   0.127916666666667766528E+0001   0.130262307240246608221E-0008   0.900914977560231623660E-0013   0.125952516429586060296E-0008  -0.108499325369446777139E-0011   0.140561253929336515966E+0002   0.121163172540193937732E-0001  -0.250000000000000000000E+0002   0.569896998372305940705E+0001
   0.128125000000001110223E+0001   0.130525712868337282837E-0008   0.924009713008420882081E-0013   0.126932037710236310553E-0008  -0.113138994518083248330E-0011   0.140592237530944164092E+0002   0.125390585924868760287E-0001  -0.250000000000000000000E+0002   0.569896998323570791456E+0001
   0.128333333333334453918E+0001   0.130791196136015058555E-0008   0.948090133833905112489E-0013   0.127947046394484368663E-0008  -0.117964678476375468156E-0011   0.140624092294304006145E+0002   0.129724582026637409032E-0001  -0.250000000000000000000E+0002   0.569896998272998978052E+0001
   0.128541666666667797614E+0001   0.131058831506922980651E-0008   0.973194818752992669255E-0013   0.128998090510359271342E-0008  -0.122974915210401709038E-0011   0.140656812642327171403E+0002   0.134157148453954589568E-0001  -0.250000000000000000000E+0002   0.569896998220525219381E+0001
   0.128750000000001141309E+0001   0.131328694618515528463E-0008   0.999362004696317209008E-0013   0.130085635144698173933E-0008  -0.128167872370142086785E-0011   0.140690389723059965377E+0002   0.138679842069976237695E-0001  -0.250000000000000000000E+0002   0.569896998166083434967E+0001
   0.128958333333334485005E+0001   0.131600861866329840442E-0008   0.102662945445594791976E-0012   0.131209815908029315681E-0008  -0.133540944372181743921E-0011   0.140724804022779732549E+0002   0.143283754931512966740E-0001  -0.250000000000000000000E+0002   0.569896998109607455518E+0001
   0.129166666666667828700E+0001   0.131875409481505581863E-0008   0.105503425207051993987E-0012   0.132370279633836688927E-0008  -0.139090380824879232204E-0011   0.140760021017134544508E+0002   0.147959534322812391594E-0001  -0.250000000000000000000E+0002   0.569896998051031467014E+0001
   0.129375000000001172396E+0001   0.132152412429980988612E-0008   0.108461257047282953377E-0012   0.133566192607996195231E-0008  -0.144811254300783040138E-0011   0.140795992116873325273E+0002   0.152697506263141241645E-0001  -0.250000000000000000000E+0002   0.569896997990291431790E+0001
   0.129583333333334516091E+0001   0.132431943497746811596E-0008   0.111539946667787840537E-0012   0.134796363876380695545E-0008  -0.150697718442856559617E-0011   0.140832659036241665262E+0002   0.157487819078960013253E-0001  -0.250000000000000000000E+0002   0.569896997927325354993E+0001
   0.129791666666667859786E+0001   0.132714072696997307679E-0008   0.114742871303099967102E-0012   0.136059372333408606167E-0008  -0.156743200006475562015E-0011   0.140869958081692310259E+0002   0.162320452565287189073E-0001  -0.250000000000000000000E+0002   0.569896997862073728669E+0001
   0.130000000000001203482E+0001   0.132998866886810232985E-0008   0.118073261650249242308E-0012   0.137353623168413533526E-0008  -0.162940226196656038892E-0011   0.140907822173475558714E+0002   0.167185010800244629459E-0001  -0.250000000000000000000E+0002   0.569896997794480064670E+0001
   0.130208333333334547177E+0001   0.133286389422911333710E-0008   0.121534176288028836719E-0012   0.138677339429542149861E-0008  -0.169279912775565539291E-0011   0.140946180894619761403E+0002   0.172070376245584237551E-0001  -0.250000000000000000000E+0002   0.569896997724491161108E+0001
   0.130416666666667890873E+0001   0.133576699740934322190E-0008   0.125128465970344488538E-0012   0.140028532486679692331E-0008  -0.175751413857183221941E-0011   0.140984959940026790548E+0002   0.176964414131651585904E-0001  -0.250000000000000000000E+0002   0.569896997652057102357E+0001
   0.130625000000001234568E+0001   0.133869852887969284740E-0008   0.128858730602274810612E-0012   0.141404998522030459223E-0008  -0.182341637360406995774E-0011   0.141024081337275379866E+0002   0.181853920055500169195E-0001  -0.250000000000000000000E+0002   0.569896997577132324864E+0001
   0.130833333333334578263E+0001   0.134165899081775338586E-0008   0.132727276522506038428E-0012   0.142804367859465386468E-0008  -0.189035438090054711214E-0011   0.141063465136526620114E+0002   0.186724964996430944919E-0001  -0.250000000000000000000E+0002   0.569896997499675261878E+0001
   0.131041666666667921959E+0001   0.134464883468296274882E-0008   0.136736086522248654961E-0012   0.144224274297990779628E-0008  -0.195816536829385015868E-0011   0.141103034327405065795E+0002   0.191563679642080750276E-0001  -0.250000000000000000000E+0002   0.569896997419648787542E+0001
   0.131250000000001265654E+0001   0.134766846401894150809E-0008   0.140886816984659626305E-0012   0.145662677521321590477E-0008  -0.202669181137622016419E-0011   0.141142723660828135479E+0002   0.196357268922617116125E-0001  -0.250000000000000000000E+0002   0.569896997337019417529E+0001
   0.131458333333334609350E+0001   0.135071824540652866937E-0008   0.145180829557716899405E-0012   0.147118259430559796508E-0008  -0.209579990017875417337E-0011   0.141182489940614424029E+0002   0.201094876675664870069E-0001  -0.250000000000000000000E+0002   0.569896997251756065594E+0001
   0.131666666666667953045E+0001   0.135379852760724802442E-0008   0.149619252641526761015E-0012   0.148590742299105260231E-0008  -0.216539271515895337454E-0011   0.141222319570756376095E+0002   0.205768062304607958490E-0001  -0.250000000000000000000E+0002   0.569896997163828178401E+0001
   0.131875000000001296740E+0001   0.135690966566354017297E-0008   0.154203060833510072663E-0012   0.150081006382159487081E-0008  -0.223541589351718221450E-0011   0.141262230268339141759E+0002   0.210370932068302332607E-0001  -0.250000000000000000000E+0002   0.569896997073203603890E+0001
   0.132083333333334640436E+0001   0.136005204495209795338E-0008   0.158933160136054824558E-0012   0.151590954488653887166E-0008  -0.230585726487190291118E-0011   0.141302265946413285747E+0002   0.214900005717085784696E-0001  -0.250000000000000000000E+0002   0.569896996979846637288E+0001
   0.132291666666667984131E+0001   0.136322609966586437627E-0008   0.163810464859671133076E-0012   0.153123097159543254129E-0008  -0.237673929310324939508E-0011   0.141342484546038420490E+0002   0.219353712842176237774E-0001  -0.250000000000000000000E+0002   0.569896996883717221749E+0001
   0.132500000000001327827E+0001   0.136643231965507168234E-0008   0.168835945389916862921E-0012   0.154679878018445757283E-0008  -0.244810012198777142405E-0011   0.141382939823995048556E+0002   0.223731414759783010793E-0001  -0.250000000000000000000E+0002   0.569896996784770681899E+0001
   0.132708333333334671522E+0001   0.136967124114446913424E-0008   0.174010625996363019096E-0012   0.156262950383460299617E-0008  -0.251996491813898122001E-0011   0.141423662958201017403E+0002   0.228032126271816605600E-0001  -0.250000000000000000000E+0002   0.569896996682959500191E+0001
   0.132916666666668015218E+0001   0.137294342356511592268E-0008   0.179335528505315738944E-0012   0.157872725987191209718E-0008  -0.259231910841852313674E-0011   0.141464652174504177395E+0002   0.232253339431156662076E-0001  -0.250000000000000000000E+0002   0.569896996578235359721E+0001
   0.133125000000001358913E+0001   0.137624942091984570662E-0008   0.184811578661516544080E-0012   0.159508312018321396960E-0008  -0.266509435126432819207E-0011   0.141505872802058352278E+0002   0.236390361444990954043E-0001  -0.250000000000000000000E+0002   0.569896996470551453484E+0001
   0.133333333333334702608E+0001   0.137958975548370423806E-0008   0.190439502135635098825E-0012   0.161167707446276982842E-0008  -0.273816978390955925317E-0011   0.141547263839264498841E+0002   0.240436438168886400246E-0001  -0.250000000000000000000E+0002   0.569896996359864793646E+0001
   0.133541666666668046304E+0001   0.138296489746232119841E-0008   0.196219736847395790999E-0012   0.162848102914771960796E-0008  -0.281138613685146332957E-0011   0.141588746728430265875E+0002   0.244383612258698632025E-0001  -0.250000000000000000000E+0002   0.569896996246137454989E+0001
   0.133750000000001389999E+0001   0.138637525161980106015E-0008   0.202152379858699439210E-0012   0.164546208516543995375E-0008  -0.288456671204231771257E-0011   0.141630234310121405628E+0002   0.248223864965189978948E-0001  -0.250000000000000000000E+0002   0.569896996129337196635E+0001
   0.133958333333334733695E+0001   0.138982115082879570221E-0008   0.208237171701440112073E-0012   0.166258550419528962321E-0008  -0.295753618954528621495E-0011   0.141671638492219909011E+0002   0.251950012268398713944E-0001  -0.250000000000000000000E+0002   0.569896996009438350228E+0001
   0.134166666666668077390E+0001   0.139330285502754753069E-0008   0.214473507085156259809E-0012   0.167981669382944384929E-0008  -0.303013084850891023283E-0011   0.141712875106674403014E+0002   0.255556121270392629097E-0001  -0.250000000000000000000E+0002   0.569896995886421464661E+0001
   0.134375000000001421085E+0001   0.139682055294420392086E-0008   0.220860456436028285880E-0012   0.169712201973022014152E-0008  -0.310220011004507810398E-0011   0.141753865688077667073E+0002   0.259037502941255985689E-0001  -0.250000000000000000000E+0002   0.569896995760273039622E+0001
   0.134583333333334764781E+0001   0.140037436435852650125E-0008   0.227396786068271007495E-0012   0.171446894171239519147E-0008  -0.317360288353520273907E-0011   0.141794537547003436373E+0002   0.262390456423653994911E-0001  -0.250000000000000000000E+0002   0.569896995630985614412E+0001
   0.134791666666668108476E+0001   0.140396434237139454702E-0008   0.234080972221710253447E-0012   0.173182634311523232841E-0008  -0.324420341698900841273E-0011   0.141834824266766190703E+0002   0.265611977443268899857E-0001  -0.250000000000000000000E+0002   0.569896995498557235038E+0001
   0.135000000000001452172E+0001   0.140759047702653567595E-0008   0.240911212827217608766E-0012   0.174916560862244996485E-0008  -0.331387109177714507774E-0011   0.141874667866216235268E+0002   0.268699604452283698219E-0001  -0.250000000000000000000E+0002   0.569896995362991276579E+0001
   0.135208333333334795867E+0001   0.141125270207307435827E-0008   0.247885445262623405210E-0012   0.176646227880434717345E-0008  -0.338248523832727526219E-0011   0.141914022128442400827E+0002   0.271651452498375099720E-0001  -0.250000000000000000000E+0002   0.569896995224295288551E+0001
   0.135416666666668139563E+0001   0.141495090556146203266E-0008   0.255001376261166504804E-0012   0.178369771925198422195E-0008  -0.344994244826193756847E-0011   0.141952855760742586710E+0002   0.274466355296458588975E-0001  -0.250000000000000000000E+0002   0.569896995082480462003E+0001
   0.135625000000001483258E+0001   0.141868494363691503219E-0008   0.262256524490496878538E-0012   0.180086030443214458085E-0008  -0.351616281468031747647E-0011   0.141991154293927941410E+0002   0.277143988413312038210E-0001  -0.250000000000000000000E+0002   0.569896994937560030792E+0001
   0.135833333333334826953E+0001   0.142245465602915654886E-0008   0.269648271317044946315E-0012   0.181794575343870292665E-0008  -0.358109280444296361516E-0011   0.142028920012989789967E+0002   0.279684908697753267792E-0001  -0.250000000000000000000E+0002   0.569896994789547850502E+0001
   0.136041666666668170649E+0001   0.142625988115390876297E-0008   0.277173913367195733305E-0012   0.183495640691760302953E-0008  -0.364470457138651705528E-0011   0.142066169592593674054E+0002   0.282090541316010641471E-0001  -0.250000000000000000000E+0002   0.569896994638457421445E+0001
   0.136250000000001514344E+0001   0.143010046857972393859E-0008   0.284830711677059108516E-0012   0.185189957996279918109E-0008  -0.370699303533900587291E-0011   0.142102929876727195335E+0002   0.284363174091710330105E-0001  -0.250000000000000000000E+0002   0.569896994484301089301E+0001
   0.136458333333334858040E+0001   0.143397628732035012313E-0008   0.292615934781049649120E-0012   0.186878547150604691316E-0008  -0.376797230361522706043E-0011   0.142139232945958244869E+0002   0.286505971503222336971E-0001  -0.250000000000000000000E+0002   0.569896994327089156940E+0001
   0.136666666666668201735E+0001   0.143788722959227973007E-0008   0.300526894883521941020E-0012   0.188562509713448166727E-0008  -0.382767212230811679685E-0011   0.142175111503118234424E+0002   0.288522978603520593999E-0001  -0.250000000000000000000E+0002   0.569896994166829973238E+0001
   0.136875000000001545430E+0001   0.144183321044584766520E-0008   0.308560976766731779993E-0012   0.190242849201216617082E-0008  -0.388613430951222502826E-0011   0.142210595072495671332E+0002   0.290419090749377967198E-0001  -0.250000000000000000000E+0002   0.569896994003530110717E+0001
   0.137083333333334889126E+0001   0.144581416401741803944E-0008   0.316715659387262615277E-0012   0.191920335891243929452E-0008  -0.394340925381303446403E-0011   0.142245707325107755281E+0002   0.292199976660379445725E-0001  -0.250000000000000000000E+0002   0.569896993837194720811E+0001
   0.137291666666668232821E+0001   0.144983003753612272761E-0008   0.324988530648980151279E-0012   0.193595435065725110069E-0008  -0.399955277711800428243E-0011   0.142280464851991190756E+0002   0.293871944306145216341E-0001  -0.250000000000000000000E+0002   0.569896993667828155594E+0001
   0.137500000000001576517E+0001   0.145388078457472021553E-0008   0.333377296398567891792E-0012   0.195268305452081011907E-0008  -0.405462363211015294841E-0011   0.142314877436944797751E+0002   0.295441751757584518401E-0001  -0.250000000000000000000E+0002   0.569896993495434411869E+0001
   0.137708333333334920212E+0001   0.145796635896847558356E-0008   0.341879784868968320857E-0012   0.196938854016841983493E-0008  -0.410868162059732952029E-0011   0.142348949458705771320E+0002   0.296916377459445351983E-0001  -0.250000000000000000000E+0002   0.569896993320017752893E+0001
   0.137916666666668263908E+0001   0.146208671035650831928E-0008   0.350493947351563277900E-0012   0.198606823405113578801E-0008  -0.416178597583733243654E-0011   0.142382681878901529160E+0002   0.298302766700472357653E-0001  -0.250000000000000000000E+0002   0.569896993141582797193E+0001
   0.138125000000001607603E+0001   0.146624178177471679406E-0008   0.359217855295317586628E-0012   0.200271887045760998300E-0008  -0.421399369892233635056E-0011   0.142416074283031974801E+0002   0.299607570266781642054E-0001  -0.250000000000000000000E+0002   0.569896992960134785022E+0001
   0.138333333333334951298E+0001   0.147043150917281666151E-0008   0.368049693329857636458E-0012   0.201933724466717458357E-0008  -0.426535747218680606230E-0011   0.142449126427959793517E+0002   0.300836895764286134380E-0001  -0.250000000000000000000E+0002   0.569896992775679578358E+0001
   0.138541666666668294994E+0001   0.147465582215521737406E-0008   0.376987747324723623415E-0012   0.203592057082145196519E-0008  -0.431592306774999195941E-0011   0.142481838936710403232E+0002   0.301996116157678094749E-0001  -0.250000000000000000000E+0002   0.569896992588223572085E+0001
   0.138750000000001638689E+0001   0.147891464499673897054E-0008   0.386030387858166320924E-0012   0.205246640824321600943E-0008  -0.436572724272085972925E-0011   0.142514213118399180047E+0002   0.303089797459083071240E-0001  -0.250000000000000000000E+0002   0.569896992397773427541E+0001
   0.138958333333334982385E+0001   0.148320789707432136025E-0008   0.395176051553589058585E-0012   0.206897226402572165172E-0008  -0.441479728581069824897E-0011   0.142546250170801460655E+0002   0.304121779207813108803E-0001  -0.250000000000000000000E+0002   0.569896992204336427790E+0001
   0.139166666666668326080E+0001   0.148753549224194668148E-0008   0.404423223970703935013E-0012   0.208543513354493856249E-0008  -0.446315261075061510393E-0011   0.142577950301556359847E+0002   0.305095373863953737981E-0001  -0.250000000000000000000E+0002   0.569896992007920477619E+0001
   0.139375000000001669775E+0001   0.149189733736805638592E-0008   0.413770427247176393110E-0012   0.210185130042515153683E-0008  -0.451080776820991766879E-0011   0.142609312384216071479E+0002   0.306013586468374294836E-0001  -0.250000000000000000000E+0002   0.569896991808533925905E+0001
   0.139583333333335013471E+0001   0.149629333086729862036E-0008   0.423216213428998672746E-0012   0.211821654714784308182E-0008  -0.455777539835050993442E-0011   0.142640334405500546211E+0002   0.306879251547892278884E-0001  -0.250000000000000000000E+0002   0.569896991606185920887E+0001
   0.139791666666668357166E+0001   0.150072336208630815792E-0008   0.432759161805898366244E-0012   0.213452664943144509603E-0008  -0.460406779258326813654E-0011   0.142671014423535105209E+0002   0.307695050510453892156E-0001  -0.250000000000000000000E+0002   0.569896991400886498980E+0001
   0.140000000000001700862E+0001   0.150518731188910046326E-0008   0.442397877476147339969E-0012   0.215077790320414494545E-0008  -0.464969688209807730889E-0011   0.142701351543003323030E+0002   0.308463450766076757725E-0001  -0.250000000000000000000E+0002   0.569896991192646318325E+0001
   0.140208333333335044557E+0001   0.150968505424911809336E-0008   0.452130989289801021603E-0012   0.216696749478159590623E-0008  -0.469467353296590706410E-0011   0.142731346557126883567E+0002   0.309186636071688523975E-0001  -0.250000000000000000000E+0002   0.569896990981476569971E+0001
   0.140416666666668388253E+0001   0.151421645836702978702E-0008   0.461957146771295109926E-0012   0.218309362552656298809E-0008  -0.473900694809585918434E-0011   0.142761002111660673108E+0002   0.309866470936870364028E-0001  -0.250000000000000000000E+0002   0.569896990767388711419E+0001
   0.140625000000001731948E+0001   0.151878139075814948513E-0008   0.471875016183200556585E-0012   0.219915539645474635498E-0008  -0.478270426043120053200E-0011   0.142790322425718567700E+0002   0.310504502313413283110E-0001  -0.250000000000000000000E+0002   0.569896990550394288988E+0001
   0.140833333333335075643E+0001   0.152337971687742623342E-0008   0.481883275790515099646E-0012   0.221515255657371282622E-0008  -0.482577013959253675207E-0011   0.142819312779430660498E+0002   0.311101980455864811359E-0001  -0.250000000000000000000E+0002   0.569896990330505204270E+0001
   0.141041666666668419339E+0001   0.152801130216575858771E-0008   0.491980610333385410582E-0012   0.223108529514713870657E-0008  -0.486820640128487024317E-0011   0.142847979103046824889E+0002   0.311659876694952570064E-0001  -0.250000000000000000000E+0002   0.569896990107732914765E+0001
   0.141250000000001763034E+0001   0.153267601282703009021E-0008   0.502165704946686891252E-0012   0.224695426237720906523E-0008  -0.491001179389938569109E-0011   0.142876327990630862530E+0002   0.312178883937187894027E-0001  -0.250000000000000000000E+0002   0.569896989882089055612E+0001
   0.141458333333335106730E+0001   0.153737371696863065435E-0008   0.512437239235543273190E-0012   0.226276087915719140439E-0008  -0.495118224535572699878E-0011   0.142904367224539985415E+0002   0.312659406878441070710E-0001  -0.250000000000000000000E+0002   0.569896989653584906677E+0001
   0.141666666666668450425E+0001   0.154210428666464973975E-0008   0.522793882701166666150E-0012   0.227850779185760167500E-0008  -0.499171180377799696744E-0011   0.142932106533054046338E+0002   0.313101571124165534155E-0001  -0.250000000000000000000E+0002   0.569896989422231303735E+0001
   0.141875000000001794120E+0001   0.154686760099523860282E-0008   0.533234292857251183002E-0012   0.229419919254858824690E-0008  -0.503159425587923265165E-0011   0.142959558082698769965E+0002   0.313505279538891304392E-0001  -0.250000000000000000000E+0002   0.569896989188038194385E+0001
   0.142083333333335137816E+0001   0.155166354946045210006E-0008   0.543757116657254507437E-0012   0.230984075197721456300E-0008  -0.507082485854552007741E-0011   0.142986736280571804514E+0002   0.313870312019692981886E-0001  -0.250000000000000000000E+0002   0.569896988951014638047E+0001
   0.142291666666668481511E+0001   0.155649203477289501518E-0008   0.554360994275014160892E-0012   0.232543914904455254669E-0008  -0.510940123897644179021E-0011   0.143013656891241343061E+0002   0.314196434236134122808E-0001  -0.250000000000000000000E+0002   0.569896988711168450692E+0001
   0.142500000000001825207E+0001   0.156135297433820867876E-0008   0.565044563532039678320E-0012   0.234100145814964202182E-0008  -0.514732331440601337359E-0011   0.143040335946489047814E+0002   0.314483480337565332596E-0001  -0.250000000000000000000E+0002   0.569896988468506204839E+0001
   0.142708333333335168902E+0001   0.156624630046446594996E-0008   0.575806463806411744204E-0012   0.235653466906624114476E-0008  -0.518459276392233524954E-0011   0.143066788923248786602E+0002   0.314731389572809536204E-0001  -0.250000000000000000000E+0002   0.569896988223033140741E+0001
   0.142916666666668512597E+0001   0.157117195978105987911E-0008   0.586645338727476114831E-0012   0.237204543177450300936E-0008  -0.522121226455456539978E-0011   0.143093030332947801497E+0002   0.314940194100643694464E-0001  -0.250000000000000000000E+0002   0.569896987974753344020E+0001
   0.143125000000001856293E+0001   0.157612991234825370434E-0008   0.597559837109901176253E-0012   0.238753997282106337157E-0008  -0.525718451240694157615E-0011   0.143119073613863321270E+0002   0.315109972709452096362E-0001  -0.250000000000000000000E+0002   0.569896987723669656845E+0001
   0.143333333333335199988E+0001   0.158112013072429751700E-0008   0.608548611834719468077E-0012   0.240302407881686601123E-0008  -0.529251117361081630414E-0011   0.143144931139002320464E+0002   0.315240795693582515069E-0001  -0.250000000000000000000E+0002   0.569896987469784033209E+0001
   0.143541666666668543684E+0001   0.158614259902989133148E-0008   0.619610316841198750055E-0012   0.241850308286250063632E-0008  -0.532719202558872762601E-0011   0.143170614228144703617E+0002   0.315332685311087088098E-0001  -0.250000000000000000000E+0002   0.569896987213097361291E+0001
   0.143750000000001887379E+0001   0.159119731199692634684E-0008   0.630743603037935965147E-0012   0.243398187574968711001E-0008  -0.536122463802452894005E-0011   0.143196133199810695658E+0002   0.315385604971619437631E-0001  -0.250000000000000000000E+0002   0.569896986953609729909E+0001
   0.143958333333335231075E+0001   0.159628427410171112742E-0008   0.641947114433842708930E-0012   0.244946498038133625189E-0008  -0.539460478422353071957E-0011   0.143221497524235363841E+0002   0.315399474707455870770E-0001  -0.250000000000000000000E+0002   0.569896986691320339702E+0001
   0.144166666666668574770E+0001   0.160140349891944026641E-0008   0.653219485571744475774E-0012   0.246495666372666511814E-0008  -0.542732731205521484851E-0011   0.143246716031313265916E+0002   0.315374199147516742769E-0001  -0.250000000000000000000E+0002   0.569896986426227591949E+0001
   0.144375000000001918465E+0001   0.160655500871164033008E-0008   0.664559340489402025654E-0012   0.248046102018504767353E-0008  -0.545938692399536134468E-0011   0.143271797064546557721E+0002   0.315309691859327612118E-0001  -0.250000000000000000000E+0002   0.569896986158329266203E+0001
   0.144583333333335262161E+0001   0.161173883411934830266E-0008   0.675965292588317630931E-0012   0.249598198678733459276E-0008  -0.549077846784952654030E-0011   0.143296748519968684121E+0002   0.315205884991347773383E-0001  -0.250000000000000000000E+0002   0.569896985887622431477E+0001
   0.144791666666668605856E+0001   0.161695501380965503585E-0008   0.687435944432799455808E-0012   0.251152330876701459668E-0008  -0.552149667505270322791E-0011   0.143321577804556916647E+0002   0.315062719752258468819E-0001  -0.250000000000000000000E+0002   0.569896985614103179785E+0001
   0.145000000000001949552E+0001   0.162220359402439654058E-0008   0.698969886626232857154E-0012   0.252708851534204363900E-0008  -0.555153551526731842667E-0011   0.143346291812337227611E+0002   0.314880118056984417696E-0001  -0.250000000000000000000E+0002   0.569896985337767336688E+0001
   0.145208333333335293247E+0001   0.162748462812574438545E-0008   0.710565695293680388460E-0012   0.254268096041421429826E-0008  -0.558088741422851403189E-0011   0.143370897003502388856E+0002   0.314657940459171087122E-0001  -0.250000000000000000000E+0002   0.569896985058610017205E+0001
   0.145416666666668636942E+0001   0.163279817631642839818E-0008   0.722221928143732256816E-0012   0.255830394372328667953E-0008  -0.560954256726402174322E-0011   0.143395399606438349593E+0002   0.314395939675422425585E-0001  -0.250000000000000000000E+0002   0.569896984776625536995E+0001
   0.145625000000001980638E+0001   0.163814430569679661821E-0008   0.733937119430808169456E-0012   0.257396089039990760774E-0008  -0.563748849480509611630E-0011   0.143419805903125006097E+0002   0.314093719784928476768E-0001  -0.250000000000000000000E+0002   0.569896984491807856443E+0001
   0.145833333333335324333E+0001   0.164352309073898603627E-0008   0.745709774322044235625E-0012   0.258965553591418594327E-0008  -0.566470988654884239943E-0011   0.143444122512438170247E+0002   0.313750711383710689795E-0001  -0.250000000000000000000E+0002   0.569896984204150225395E+0001
   0.146041666666668668029E+0001   0.164893461410931238370E-0008   0.757538363276327468104E-0012   0.260539202601132638169E-0008  -0.569118875850502399623E-0011   0.143468356532517820057E+0002   0.313366176698893147967E-0001  -0.250000000000000000000E+0002   0.569896983913644916697E+0001
   0.146250000000002011724E+0001   0.165437896754757470402E-0008   0.769421317214494613321E-0012   0.262117483177913290673E-0008  -0.571690501471542118473E-0011   0.143492515395614397278E+0002   0.312939260521884546340E-0001  -0.250000000000000000000E+0002   0.569896983620283581473E+0001
   0.146458333333335355420E+0001   0.165985625233412557425E-0008   0.781357024496758253373E-0012   0.263700843740387075017E-0008  -0.574183754025564627879E-0011   0.143516606383020324245E+0002   0.312469092188088840012E-0001  -0.250000000000000000000E+0002   0.569896983324057160303E+0001
   0.146666666666668699115E+0001   0.166536657887611763716E-0008   0.793343830692798659457E-0012   0.265289683687978642349E-0008  -0.576596575173346429642E-0011   0.143540635869081949494E+0002   0.311954922333782767863E-0001  -0.250000000000000000000E+0002   0.569896983024955527952E+0001
   0.146875000000002042810E+0001   0.167091006508508871187E-0008   0.805380041488853703973E-0012   0.266884292571576864895E-0008  -0.578927116868882871831E-0011   0.143564608434854754648E+0002   0.311396261688984613003E-0001  -0.250000000000000000000E+0002   0.569896982722968381552E+0001
   0.147083333333335386506E+0001   0.167648683343941513682E-0008   0.817463928164582266541E-0012   0.268484792735614006619E-0008  -0.581173852359595541161E-0011   0.143588526065439268109E+0002   0.310792989558505775016E-0001  -0.250000000000000000000E+0002   0.569896982418085062960E+0001
   0.147291666666668730201E+0001   0.168209700697887101278E-0008   0.829593734692117476571E-0012   0.270091102782582045591E-0008  -0.583335634703226782222E-0011   0.143612387684981825942E+0002   0.310145411785060151622E-0001  -0.250000000000000000000E+0002   0.569896982110295091672E+0001
   0.147500000000002073897E+0001   0.168774070482628622185E-0008   0.841767685613644132629E-0012   0.271702931978248701092E-0008  -0.585411716256590391682E-0011   0.143636189164692460452E+0002   0.309454259749002910662E-0001  -0.250000000000000000000E+0002   0.569896981799588342454E+0001
   0.147708333333335417592E+0001   0.169341803792133884347E-0008   0.853983993763966998647E-0012   0.273319803557268946631E-0008  -0.587401719425911819816E-0011   0.143659923754601628332E+0002   0.308720630407622147195E-0001  -0.250000000000000000000E+0002   0.569896981485955755886E+0001
   0.147916666666668761287E+0001   0.169912910550247908153E-0008   0.866240866635579991408E-0012   0.274941097056210055535E-0008  -0.589305542536179187489E-0011   0.143683582777786238438E+0002   0.307945878338208509084E-0001  -0.250000000000000000000E+0002   0.569896981169389338362E+0001
   0.148125000000002104983E+0001   0.170487399260862254357E-0008   0.878536510245189677719E-0012   0.276566096124482852647E-0008  -0.591123211998352203923E-0011   0.143707156379932836643E+0002   0.307131485435796838801E-0001  -0.250000000000000000000E+0002   0.569896980849882428544E+0001
   0.148333333333335448678E+0001   0.171065276856480070813E-0008   0.890869129980888373857E-0012   0.278194028940810787319E-0008  -0.592854723840635997019E-0011   0.143730634146444238297E+0002   0.306278942140919517578E-0001  -0.250000000000000000000E+0002   0.569896980527429697361E+0001
   0.148541666666668792374E+0001   0.171646548618584800431E-0008   0.903236928814598868432E-0012   0.279824095200006310151E-0008  -0.594499924965194738310E-0011   0.143754005505857662683E+0002   0.305389664879522418350E-0001  -0.250000000000000000000E+0002   0.569896980202027236828E+0001
   0.148750000000002136069E+0001   0.172231218140547272517E-0008   0.915638103887132166831E-0012   0.281455482903292678231E-0008  -0.596058457488296550319E-0011   0.143777259974001889731E+0002   0.304464952142610850716E-0001  -0.250000000000000000000E+0002   0.569896979873672648864E+0001
   0.148958333333335479765E+0001   0.172819287319017978606E-0008   0.928070842488292874292E-0012   0.283087382695552046609E-0008  -0.597529753064976352065E-0011   0.143800387354679539698E+0002   0.303505965369368427287E-0001  -0.250000000000000000000E+0002   0.569896979542365045290E+0001
   0.149166666666668823460E+0001   0.173410756376471921412E-0008   0.940533318139931810637E-0012   0.284719004608628755884E-0008  -0.598913055034006964302E-0011   0.143823377966883363399E+0002   0.302513722809830340466E-0001  -0.250000000000000000000E+0002   0.569896979208104959014E+0001
   0.149375000000002167155E+0001   0.174005623921320222854E-0008   0.953023687321527321669E-0012   0.286349595295296927202E-0008  -0.600207463727832805806E-0011   0.143846222870747144640E+0002   0.301489106871223946915E-0001  -0.250000000000000000000E+0002   0.569896978870894255209E+0001
   0.149583333333335510851E+0001   0.174603887040838137652E-0008   0.965540087413621819552E-0012   0.287978449716319230268E-0008  -0.601412010440496201717E-0011   0.143868914008454833464E+0002   0.300432890272405751786E-0001  -0.250000000000000000000E+0002   0.569896978530736042501E+0001
   0.149791666666668854546E+0001   0.175205541408991375574E-0008   0.978080636327019493980E-0012   0.289604914321222525333E-0008  -0.602525750371429932985E-0011   0.143891444222665381147E+0002   0.299345775868988632495E-0001  -0.250000000000000000000E+0002   0.569896978187634584145E+0001
   0.150000000000002198242E+0001   0.175810581392215730694E-0008   0.990643433780839933347E-0012   0.291228385558800310255E-0008  -0.603547840711813386386E-0011   0.143913807210047810514E+0002   0.298228430955041132200E-0001  -0.250000000000000000000E+0002   0.569896977841595386849E+0001
   0.150208333333335541937E+0001   0.176419000150705967787E-0008   0.100322656349344673512E-0011   0.292848309472199828363E-0008  -0.604477566389431666111E-0011   0.143935997491150757810E+0002   0.297081497490024222519E-0001  -0.250000000000000000000E+0002   0.569896977492624845496E+0001
   0.150416666666668885632E+0001   0.177030789742191089562E-0008   0.101582809517100868158E-0011   0.294464182266035607494E-0008  -0.605314303428804387906E-0011   0.143958010394498607809E+0002   0.295905577828177550337E-0001  -0.250000000000000000000E+0002   0.569896977140730243150E+0001
   0.150625000000002229328E+0001   0.177645941226044632731E-0008   0.102844608541927936093E-0011   0.296075545856916826755E-0008  -0.606057446034576121700E-0011   0.143979841973476183625E+0002   0.294701211980884850150E-0001  -0.250000000000000000000E+0002   0.569896976785919839870E+0001
   0.150833333333335573023E+0001   0.178264444750222260282E-0008   0.104107857724140543728E-0011   0.297681975498862410411E-0008  -0.606706329840017866008E-0011   0.144001488819474428027E+0002   0.293468858608499673368E-0001  -0.250000000000000000000E+0002   0.569896976428202428622E+0001
   0.151041666666668916719E+0001   0.178886289605181695151E-0008   0.105372359808071089452E-0011   0.299283064613488081185E-0008  -0.607260160622145066936E-0011   0.144022947843756217168E+0002   0.292208879077575992000E-0001  -0.250000000000000000000E+0002   0.569896976067587868187E+0001
   0.151250000000002260414E+0001   0.179511464246625989117E-0008   0.106637915651521686760E-0011   0.300878414071148685321E-0008  -0.607717953118046683906E-0011   0.144044216125496173930E+0002   0.290921524705085136897E-0001  -0.250000000000000000000E+0002   0.569896975704086372616E+0001
   0.151458333333335604109E+0001   0.180139956302415506047E-0008   0.107904323814552002229E-0011   0.302467629137487194926E-0008  -0.608078506727003106966E-0011   0.144065290865982813528E+0002   0.289606936782434189193E-0001  -0.250000000000000000000E+0002   0.569896975337709044140E+0001
   0.151666666666668947805E+0001   0.180771752581528500634E-0008   0.109171380181186418119E-0011   0.304050324266643692326E-0008  -0.608340448683844400256E-0011   0.144086169447426843959E+0002   0.288265168152881529062E-0001  -0.250000000000000000000E+0002   0.569896974968467784350E+0001
   0.151875000000002291500E+0001   0.181406839102152440833E-0008   0.110438877747749741948E-0011   0.305626135665600099544E-0008  -0.608502344640604546768E-0011   0.144106849591604841976E+0002   0.286896222162933423050E-0001  -0.250000000000000000000E+0002   0.569896974596375027744E+0001
   0.152083333333335635196E+0001   0.182045201155438539984E-0008   0.111706606662990312960E-0011   0.307194740828773010075E-0008  -0.608562837954720010483E-0011   0.144127329604408931374E+0002   0.285500092473875075050E-0001  -0.250000000000000000000E+0002   0.569896974221443741726E+0001
   0.152291666666668978891E+0001   0.182686823416761933259E-0008   0.112974354510010498702E-0011   0.308755881292695286124E-0008  -0.608520762360810011377E-0011   0.144147608654799341821E+0002   0.284076786887458403175E-0001  -0.250000000000000000000E+0002   0.569896973843687426609E+0001
   0.152500000000002322587E+0001   0.183331690103994746938E-0008   0.114241906736730334683E-0011   0.310309381648646591486E-0008  -0.608375191832901868451E-0011   0.144167686997360195988E+0002   0.282626330772642667122E-0001  -0.250000000000000000000E+0002   0.569896973463120026793E+0001
   0.152708333333335666282E+0001   0.183979785165978435837E-0008   0.115509047120656480664E-0011   0.311855157608936774516E-0008  -0.608125431803245841295E-0011   0.144187566048154884868E+0002   0.281148759775244373726E-0001  -0.250000000000000000000E+0002   0.569896973079755486680E+0001
   0.152916666666669009977E+0001   0.184631092472480000039E-0008   0.116775558192156174457E-0011   0.313393209641003572776E-0008  -0.607770982677734078757E-0011   0.144207248274537676025E+0002   0.279644115350525281072E-0001  -0.250000000000000000000E+0002   0.569896972693607750671E+0001
   0.153125000000002353673E+0001   0.185285595975653277085E-0008   0.118041221593446105294E-0011   0.314923604171323612928E-0008  -0.607311503741142567659E-0011   0.144226736930715144780E+0002   0.278112449919370521845E-0001  -0.250000000000000000000E+0002   0.569896972304690585531E+0001
   0.153333333333335697368E+0001   0.185943279822261274230E-0008   0.119305818382688422563E-0011   0.316446447922725423134E-0008  -0.606746788493642085605E-0011   0.144246035714524420968E+0002   0.276553840673746040291E-0001  -0.250000000000000000000E+0002   0.569896971913017846845E+0001
   0.153541666666669041064E+0001   0.186604128408764143170E-0008   0.120569129304956060747E-0011   0.317961860831097994681E-0008  -0.606076753403740946054E-0011   0.144265148416437032353E+0002   0.274968408804976104098E-0001  -0.250000000000000000000E+0002   0.569896971518602768469E+0001
   0.153750000000002384759E+0001   0.187268126381172231407E-0008   0.121830935056721862166E-0011   0.319469951492940194514E-0008  -0.605301440584971586406E-0011   0.144284078610350867677E+0002   0.273356340657171063835E-0001  -0.250000000000000000000E+0002   0.569896971121458761900E+0001
   0.153958333333335728454E+0001   0.187935258588484871391E-0008   0.123091016565985613827E-0011   0.320970797382510062596E-0008  -0.604421029925707864050E-0011   0.144302829412536599563E+0002   0.271717908076561098785E-0001  -0.250000000000000000000E+0002   0.569896970721598883358E+0001
   0.154166666666669072150E+0001   0.188605510000251637477E-0008   0.124349155309498539351E-0011   0.322464428103797661288E-0008  -0.603435861998530857615E-0011   0.144321403284854188342E+0002   0.270053492685880178192E-0001  -0.250000000000000000000E+0002   0.569896970319036277886E+0001
   0.154375000000002415845E+0001   0.189278865589610744390E-0008   0.125605133718524591166E-0011   0.323950805993792439192E-0008  -0.602346493490109493181E-0011   0.144339801810506394020E+0002   0.268363627034194363041E-0001  -0.250000000000000000000E+0002   0.569896969913783912887E+0001
   0.154583333333335759541E+0001   0.189955310169300490785E-0008   0.126858735770054606104E-0011   0.325429800075430269684E-0008  -0.601153809940232622577E-0011   0.144358025393911102441E+0002   0.266649060777900473451E-0001  -0.250000000000000000000E+0002   0.569896969505855199856E+0001
   0.154791666666669103236E+0001   0.190634828165686585352E-0008   0.128109747866440246010E-0011   0.326901156864541671060E-0008  -0.599859188974744373503E-0011   0.144376072929873711104E+0002   0.264910841219219324316E-0001  -0.250000000000000000000E+0002   0.569896969095263994376E+0001
   0.155000000000002446932E+0001   0.191317403332870205068E-0008   0.129357960036324719605E-0011   0.328364478883176256608E-0008  -0.598464662357928621888E-0011   0.144393941575109980846E+0002   0.263150378260878364811E-0001  -0.250000000000000000000E+0002   0.569896968682024862574E+0001
   0.155208333333335790627E+0001   0.192003018437203584314E-0008   0.130603167362003211042E-0011   0.329819222523670688067E-0008  -0.596973001841664385028E-0011   0.144411626760034206285E+0002   0.261369460393940412912E-0001  -0.250000000000000000000E+0002   0.569896968266153258753E+0001
   0.155416666666669134322E+0001   0.192691654963106910977E-0008   0.131845171425328713950E-0011   0.331264719645762804868E-0008  -0.595387677842610679810E-0011   0.144429122486220293808E+0002   0.259570206703520003910E-0001  -0.250000000000000000000E+0002   0.569896967847665880669E+0001
   0.155625000000002478018E+0001   0.193383292889044696869E-0008   0.133083781542792367699E-0011   0.332700217480108380335E-0008  -0.593712702203018013730E-0011   0.144446421835546399137E+0002   0.257754967508405999355E-0001  -0.250000000000000000000E+0002   0.569896967426580935978E+0001
   0.155833333333335821713E+0001   0.194077910561255416453E-0008   0.134318815638187411813E-0011   0.334124926575662887824E-0008  -0.591952416577873895417E-0011   0.144463517561869956296E+0002   0.255926202230193668152E-0001  -0.250000000000000000000E+0002   0.569896967002917875789E+0001
   0.156041666666669165409E+0001   0.194775484669822577926E-0008   0.135550100709165829798E-0011   0.335538068488543806907E-0008  -0.590111286720162121499E-0011   0.144480402664035789684E+0002   0.254086359313820432659E-0001  -0.250000000000000000000E+0002   0.569896966576697661111E+0001
   0.156250000000002509104E+0001   0.195475990319890796703E-0008   0.136777472909159077761E-0011   0.336938919345365151868E-0008  -0.588193724015170021774E-0011   0.144497070895209436259E+0002   0.252237769230970396150E-0001  -0.250000000000000000000E+0002   0.569896966147942585224E+0001
   0.156458333333335852799E+0001   0.196179401188016827816E-0008   0.138000777277113399225E-0011   0.338326847356827647527E-0008  -0.586203925413400384103E-0011   0.144513517188048261630E+0002   0.250382552913230201075E-0001  -0.250000000000000000000E+0002   0.569896965716675829583E+0001
   0.156666666666669196495E+0001   0.196885689749391902927E-0008   0.139219867148270939835E-0011   0.339701341191290451724E-0008  -0.584145728891357662362E-0011   0.144529737962142057484E+0002   0.248522550146315981956E-0001  -0.250000000000000000000E+0002   0.569896965282921996732E+0001
   0.156875000000002540190E+0001   0.197594827552380742242E-0008   0.140434603310228165503E-0011   0.341062025352289029766E-0008  -0.582022506984717663663E-0011   0.144545731272185804528E+0002   0.246659278332003045753E-0001  -0.250000000000000000000E+0002   0.569896964846705778029E+0001
   0.157083333333335883886E+0001   0.198306785509322978637E-0008   0.141644853023875539182E-0011   0.342408660962092660295E-0008  -0.579837131084671153555E-0011   0.144561496782919487458E+0002   0.244793931016909806220E-0001  -0.250000000000000000000E+0002   0.569896964408052841833E+0001
   0.157291666666669227581E+0001   0.199021534173816796200E-0008   0.142850489066376815170E-0011   0.343741134214733088073E-0008  -0.577592019626557721072E-0011   0.144577035602062604625E+0002   0.242927415261255767731E-0001  -0.250000000000000000000E+0002   0.569896963966988678862E+0001
   0.157500000000002571277E+0001   0.199739043983680653147E-0008   0.144051388936707660706E-0011   0.345059437084202436875E-0008  -0.575289248756528017948E-0011   0.144592350028244052140E+0002   0.241060414372614856271E-0001  -0.250000000000000000000E+0002   0.569896963523538957475E+0001
   0.157708333333335914972E+0001   0.200459285458952403114E-0008   0.145247434295555628500E-0011   0.346363644760252323532E-0008  -0.572930680663315943410E-0011   0.144607443267725539471E+0002   0.239193455916158134733E-0001  -0.250000000000000000000E+0002   0.569896963077729346026E+0001
   0.157916666666669258667E+0001   0.201182229351787408891E-0008   0.146438510623981552617E-0011   0.347653893282162893808E-0008  -0.570518064385766989439E-0011   0.144622319160475996114E+0002   0.237326966597993238572E-0001  -0.250000000000000000000E+0002   0.569896962629584802329E+0001
   0.158125000000002602363E+0001   0.201907846751141805819E-0008   0.147624507015810987600E-0011   0.348930360345031575995E-0008  -0.568053080641562685323E-0011   0.144636981949229195266E+0002   0.235461302752130452465E-0001  -0.250000000000000000000E+0002   0.569896962179130461834E+0001
   0.158333333333335946058E+0001   0.202636109151624782584E-0008   0.148805315987391008053E-0011   0.350193251993213539382E-0008  -0.565537324012984124029E-0011   0.144651436121211052210E+0002   0.233596753826832495560E-0001  -0.250000000000000000000E+0002   0.569896961726390838265E+0001
   0.158541666666669289754E+0001   0.203366988501556823558E-0008   0.149980833198688493661E-0011   0.351442796644543087504E-0008  -0.562972236299969637257E-0011   0.144665686336951608837E+0002   0.231733525022537398264E-0001  -0.250000000000000000000E+0002   0.569896961271390090076E+0001
   0.158750000000002633449E+0001   0.204100457246284607977E-0008   0.151150957029611915098E-0011   0.352679245319909158556E-0008  -0.560359023929423683265E-0011   0.144679737431122141800E+0002   0.229871713132409026537E-0001  -0.250000000000000000000E+0002   0.569896960814151931629E+0001
   0.158958333333335977144E+0001   0.204836488377454339238E-0008   0.152315588032275798792E-0011   0.353902874759685414710E-0008  -0.557698602544515824886E-0011   0.144693594446059261571E+0002   0.228011292362419737412E-0001  -0.250000000000000000000E+0002   0.569896960354699544382E+0001
   0.159166666666669320840E+0001   0.205575055490506091428E-0008   0.153474628349298441563E-0011   0.355113990099030618304E-0008  -0.554991600335459013722E-0011   0.144707262659685902406E+0002   0.226152120488844407542E-0001  -0.250000000000000000000E+0002   0.569896959893055488067E+0001
   0.159375000000002664535E+0001   0.206316132846667273916E-0008   0.154627981208523520593E-0011   0.356312925510666242671E-0008  -0.552238418885733162887E-0011   0.144720747590119795944E+0002   0.224293963640121163383E-0001  -0.250000000000000000000E+0002   0.569896959429241967143E+0001
   0.159583333333336008231E+0001   0.207059695434029166251E-0008   0.155775550567967719280E-0011   0.357500042516680995718E-0008  -0.549439321821088262982E-0011   0.144734054974196499899E+0002   0.222436529947411532060E-0001  -0.250000000000000000000E+0002   0.569896958963280297894E+0001
   0.159791666666669351926E+0001   0.207805719022225335083E-0008   0.156917240927121644417E-0011   0.358675725714731124224E-0008  -0.546594519237108305406E-0011   0.144747190717675291438E+0002   0.220579502860619690308E-0001  -0.250000000000000000000E+0002   0.569896958495191174876E+0001
   0.160000000000002695622E+0001   0.208554180204707346348E-0008   0.158052957281316961752E-0011   0.359840375457225351067E-0008  -0.543704232605197638846E-0011   0.144760160812621148096E+0002   0.218722570166491221688E-0001  -0.250000000000000000000E+0002   0.569896958024994493286E+0001
   0.160208333333336039317E+0001   0.209305056421964759038E-0008   0.159182605186810000555E-0011   0.360994397151695055001E-0008  -0.540768741839122280620E-0011   0.144772971218977666297E+0002   0.216865449596205100979E-0001  -0.250000000000000000000E+0002   0.569896957552709526595E+0001
   0.160416666666669383012E+0001   0.210058325958655346144E-0008   0.160306090917791902606E-0011   0.362138186902784566184E-0008  -0.537788425833924894320E-0011   0.144785627707970565581E+0002   0.215007914964070630248E-0001  -0.250000000000000000000E+0002   0.569896957078354837734E+0001
   0.160625000000002726708E+0001   0.210813967906776366804E-0008   0.161423321723047620137E-0011   0.363272112879912949454E-0008  -0.534763812404972512736E-0011   0.144798135661313178701E+0002   0.213149828631143956059E-0001  -0.250000000000000000000E+0002   0.569896956601948279086E+0001
   0.160833333333336070403E+0001   0.211571962085121741910E-0008   0.162534206223080238822E-0011   0.364396491528306200520E-0008  -0.531695655428418894278E-0011   0.144810499817386784116E+0002   0.211291186528309860027E-0001  -0.250000000000000000000E+0002   0.569896956123507081315E+0001
   0.161041666666669414099E+0001   0.212332288903415405100E-0008   0.163638655019189589074E-0011   0.365511558545801214645E-0008  -0.528585053513718891938E-0011   0.144822723964575068578E+0002   0.209432179187262861031E-0001  -0.250000000000000000000E+0002   0.569896955643048030993E+0001
   0.161250000000002757794E+0001   0.213094929161043205047E-0008   0.164736581595755728730E-0011   0.366617437126188738621E-0008  -0.525433609908528624594E-0011   0.144834810610039070866E+0002   0.207573264580069270779E-0001  -0.250000000000000000000E+0002   0.569896955160587914690E+0001
   0.161458333333336101489E+0001   0.213859863779103503805E-0008   0.165827903562855912519E-0011   0.367714109633371623994E-0008  -0.522243606780856189702E-0011   0.144846760691379330410E+0002   0.205715237657519561809E-0001  -0.250000000000000000000E+0002   0.569896954676143252527E+0001
   0.161666666666669445185E+0001   0.214627073481235773786E-0008   0.166912544199892101763E-0011   0.368801401448513896780E-0008  -0.519018139958357595817E-0011   0.144858573424988907874E+0002   0.203859273069991742133E-0001  -0.250000000000000000000E+0002   0.569896954189731097529E+0001
   0.161875000000002788880E+0001   0.215396538458409459557E-0008   0.167990434145174856666E-0011   0.369878984883694906660E-0008  -0.515761151504959070801E-0011   0.144870246373546986973E+0002   0.202006918377192860869E-0001  -0.250000000000000000000E+0002   0.569896953701368946810E+0001
   0.162083333333336132576E+0001   0.216168238066229474945E-0008   0.169061512983864583566E-0011   0.370946405979939093874E-0008  -0.512477321086768953943E-0011   0.144881775758522231001E+0002   0.200160027896294223648E-0001  -0.250000000000000000000E+0002   0.569896953211075274481E+0001
   0.162291666666669476271E+0001   0.216942150601743104154E-0008   0.170125730471815745407E-0011   0.372003129485649916073E-0008  -0.509171827663751494389E-0011   0.144893156962205473803E+0002   0.198320647746363862285E-0001  -0.250000000000000000000E+0002   0.569896952718869354015E+0001
   0.162500000000002819966E+0001   0.217718253188545235069E-0008   0.171183047214813636808E-0011   0.373048591081275477613E-0008  -0.505850044340239386415E-0011   0.144904385098394392628E+0002   0.196490880422079475243E-0001  -0.250000000000000000000E+0002   0.569896952224771702333E+0001
   0.162708333333336163662E+0001   0.218496521771463186152E-0008   0.172233434768707666817E-0011   0.374082244242779911171E-0008  -0.502517251957992683113E-0011   0.144915455515814777243E+0002   0.194672762990211432876E-0001  -0.250000000000000000000E+0002   0.569896951728803546899E+0001
   0.162916666666669507357E+0001   0.219276931197049858645E-0008   0.173276875271450887858E-0011   0.375103592655250742409E-0008  -0.499178441024106919024E-0011   0.144926364138956422778E+0002   0.192868184228119320112E-0001  -0.250000000000000000000E+0002   0.569896951230987180992E+0001
   0.163125000000002851053E+0001   0.220059455343230979978E-0008   0.174313360802280388296E-0011   0.376112205714230647435E-0008  -0.495838227669998441889E-0011   0.144937107623529897182E+0002   0.191078847893003250791E-0001  -0.250000000000000000000E+0002   0.569896950731345608432E+0001
   0.163333333333336194748E+0001   0.220844067263995040211E-0008   0.175342892658542282670E-0011   0.377107720878205094188E-0008  -0.492500860225312309428E-0011   0.144947683370165574246E+0002   0.189306271547671940703E-0001  -0.250000000000000000000E+0002   0.569896950229902721219E+0001
   0.163541666666669538444E+0001   0.221630739328262317142E-0008   0.176365480666838962016E-0011   0.378089839447853379013E-0008  -0.489170264440441089459E-0011   0.144958089468665782817E+0002   0.187551801810990313724E-0001  -0.250000000000000000000E+0002   0.569896949726682588988E+0001
   0.163750000000002882139E+0001   0.222419443346572426126E-0008   0.177381142555915198713E-0011   0.379058321237635339851E-0008  -0.485850080416456560293E-0011   0.144968324631785225876E+0002   0.185816629579581976683E-0001  -0.250000000000000000000E+0002   0.569896949221709903100E+0001
   0.163958333333336225834E+0001   0.223210150687755002192E-0008   0.178389903360708927147E-0011   0.380012980629968111664E-0008  -0.482543670446422611166E-0011   0.144978388144923275860E+0002   0.184101797347811201033E-0001  -0.250000000000000000000E+0002   0.569896948715009710185E+0001
   0.164166666666669569530E+0001   0.224002832389473124485E-0008   0.179391794812135885106E-0011   0.380953684072055004690E-0008  -0.479254100986998880738E-0011   0.144988279832047375351E+0002   0.182408198606873565850E-0001  -0.250000000000000000000E+0002   0.569896948206607323328E+0001
   0.164375000000002913225E+0001   0.224797459264693992888E-0008   0.180386854681947786021E-0011   0.381880348029316840039E-0008  -0.475984113396408792358E-0011   0.144998000027209830165E+0002   0.180736573670222215593E-0001  -0.250000000000000000000E+0002   0.569896947696528055616E+0001
   0.164583333333336256921E+0001   0.225594002003697172035E-0008   0.181375126079235503796E-0011   0.382792936406412702658E-0008  -0.472736099791346309211E-0011   0.145007549541203797361E+0002   0.179087507270146370497E-0001  -0.250000000000000000000E+0002   0.569896947184797397767E+0001
   0.164791666666669600616E+0001   0.226392431269648652288E-0008   0.182356656720807829995E-0011   0.383691456980004110951E-0008  -0.469512095914455521540E-0011   0.145016929618662420154E+0002   0.177461431711851552739E-0001  -0.250000000000000000000E+0002   0.569896946671440751686E+0001
   0.165000000000002944311E+0001   0.227192717785615493888E-0008   0.183331498211375007189E-0011   0.384575957048451206010E-0008  -0.466313794558280573652E-0011   0.145026141887865787083E+0002   0.175858636516958537210E-0001  -0.250000000000000000000E+0002   0.569896946156483608092E+0001
   0.165208333333336288007E+0001   0.227994832411977648661E-0008   0.184299705368003045435E-0011   0.385446518889232792704E-0008  -0.463142575118592916434E-0011   0.145035188309469909029E+0002   0.174279283037754133268E-0001  -0.250000000000000000000E+0002   0.569896945639951102436E+0001
   0.165416666666669631702E+0001   0.228798746214558112139E-0008   0.185261335612142535374E-0011   0.386303255516879773808E-0008  -0.459999541596804838757E-0011   0.145044071129241025631E+0002   0.172723421624938790198E-0001  -0.250000000000000000000E+0002   0.569896945121868370165E+0001
   0.165625000000002975398E+0001   0.229604430524453641732E-0008   0.186216448440054574205E-0011   0.387146306823072727299E-0008  -0.456885562756169543768E-0011   0.145052792835538024718E+0002   0.171191009427409251975E-0001  -0.250000000000000000000E+0002   0.569896944602260013824E+0001
   0.165833333333336319093E+0001   0.230411856990183489907E-0008   0.187165104974222480004E-0011   0.387975835812802697887E-0008  -0.453801311527237594233E-0011   0.145061356118485669242E+0002   0.169681927858541178877E-0001  -0.250000000000000000000E+0002   0.569896944081150635952E+0001
   0.166041666666669662789E+0001   0.231220997621901711619E-0008   0.188107367594442809459E-0011   0.388792024574634615197E-0008  -0.450747302884346574392E-0011   0.145069763827054529770E+0002   0.168195999388216117787E-0001  -0.250000000000000000000E+0002   0.569896943558564217369E+0001
   0.166250000000003006484E+0001   0.232031824826773611162E-0008   0.189043299645396897272E-0011   0.389595069823085566646E-0008  -0.447723929767717870739E-0011   0.145078018922383016331E+0002   0.166733003412105618146E-0001  -0.250000000000000000000E+0002   0.569896943034524738891E+0001
   0.166458333333336350179E+0001   0.232844311434593856604E-0008   0.189972965215620724392E-0011   0.390385178097770513551E-0008  -0.444731496147534818827E-0011   0.145086124428226650451E+0002   0.165292690895145685803E-0001  -0.250000000000000000000E+0002   0.569896942509055470794E+0001
   0.166666666666669693875E+0001   0.233658430713130638802E-0008   0.190896428981307570924E-0011   0.391162560813061994891E-0008  -0.441770246581212796195E-0011   0.145094083380523102278E+0002   0.163874797624025715648E-0001  -0.250000000000000000000E+0002   0.569896941982179505715E+0001
   0.166875000000003037570E+0001   0.234474156373104554216E-0008   0.191813756108508610531E-0011   0.391927429280611441385E-0008  -0.438840392690169065690E-0011   0.145101898777295019727E+0002   0.162479056313433387060E-0001  -0.250000000000000000000E+0002   0.569896941453919403386E+0001
   0.167083333333336381266E+0001   0.235291462562798365174E-0008   0.192725012210140682779E-0011   0.392679989645975972030E-0008  -0.435942138575927353662E-0011   0.145109573528253079644E+0002   0.161105208346840611533E-0001  -0.250000000000000000000E+0002   0.569896940924297545905E+0001
   0.167291666666669724961E+0001   0.236110323851954357599E-0008   0.193630263359634450125E-0011   0.393420437506891827895E-0008  -0.433075708412274348678E-0011   0.145117110401705176059E+0002   0.159753016348174320393E-0001  -0.250000000000000000000E+0002   0.569896940393335782460E+0001
   0.167500000000003068656E+0001   0.236930715203974661783E-0008   0.194529576169980350782E-0011   0.394148951891891602480E-0008  -0.430241379911309336629E-0011   0.145124511965511722167E+0002   0.158422278904667250543E-0001  -0.250000000000000000000E+0002   0.569896939861055784604E+0001
   0.167708333333336412352E+0001   0.237752611934731421550E-0008   0.195423017953669947834E-0011   0.394865688313246975059E-0008  -0.427439526874953505174E-0011   0.145131780519233277715E+0002   0.157112848527910034524E-0001  -0.250000000000000000000E+0002   0.569896939327478779802E+0001
   0.167916666666669756047E+0001   0.238575989655804874801E-0008   0.196310656983681227185E-0011   0.395570770781761807683E-0008  -0.424670672565841750532E-0011   0.145138918016407085787E+0002   0.155824653312981419029E-0001  -0.250000000000000000000E+0002   0.569896938792625906700E+0001
   0.168125000000003099743E+0001   0.239400824199989535502E-0008   0.197192562876243057034E-0011   0.396264282992423632553E-0008  -0.421935553202009823545E-0011   0.145145925979145911100E+0002   0.154557721723293187838E-0001  -0.250000000000000000000E+0002   0.569896938256518037491E+0001
   0.168333333333336443438E+0001   0.240227091527757850784E-0008   0.198068807110444360850E-0011   0.396946259354668682289E-0008  -0.419235187344171478881E-0011   0.145152805411898135901E+0002   0.153312208498853960043E-0001  -0.250000000000000000000E+0002   0.569896937719176133186E+0001
   0.168541666666669787134E+0001   0.241054767615337204674E-0008   0.198939463685801708822E-0011   0.397616677103537805989E-0008  -0.416570942474550716040E-0011   0.145159556726770109236E+0002   0.152088417996788655140E-0001  -0.250000000000000000000E+0002   0.569896937180621065977E+0001
   0.168750000000003130829E+0001   0.241883828328245252093E-0008   0.199804609895848643362E-0011   0.398275451236162975936E-0008  -0.413944585510264508372E-0011   0.145166179697752006916E+0002   0.150886819768358652893E-0001  -0.250000000000000000000E+0002   0.569896936640873885693E+0001
   0.168958333333336474524E+0001   0.242714249288215872963E-0008   0.200664327165873022668E-0011   0.398922434207664344284E-0008  -0.411358301215939712341E-0011   0.145172673462869408212E+0002   0.149708050629447555341E-0001  -0.250000000000000000000E+0002   0.569896936099955908617E+0001
   0.169166666666669818220E+0001   0.243546005745436866615E-0008   0.201518701873203599857E-0011   0.399557421901600028222E-0008  -0.408814664280473085761E-0011   0.145179036588866594570E+0002   0.148552898738301668996E-0001  -0.250000000000000000000E+0002   0.569896935557888983936E+0001
   0.169375000000003161915E+0001   0.244379072470365315584E-0008   0.202367826049908556331E-0011   0.400180166255480473513E-0008  -0.406316558814639542287E-0011   0.145185267201538827919E+0002   0.147422268529894852362E-0001  -0.250000000000000000000E+0002   0.569896935014695138477E+0001
   0.169583333333336505611E+0001   0.245213423678650770695E-0008   0.203211797870861870767E-0011   0.400790393346352652683E-0008  -0.403867051913114920829E-0011   0.145191363169112097609E+0002   0.146317129947621197422E-0001  -0.250000000000000000000E+0002   0.569896934470397020789E+0001
   0.169791666666669849306E+0001   0.246049032998448423336E-0008   0.204050721858145585759E-0011   0.401387824330923180320E-0008  -0.401469240710995209779E-0011   0.145197322312221217544E+0002   0.145238459467953856530E-0001  -0.250000000000000000000E+0002   0.569896933925017901146E+0001
   0.170000000000003193001E+0001   0.246885873482755222167E-0008   0.204884708778172248362E-0011   0.401972196021130193849E-0008  -0.399126098974308628978E-0011   0.145203142608287265602E+0002   0.144187182127435906120E-0001  -0.250000000000000000000E+0002   0.569896933378581227458E+0001
   0.170208333333336536697E+0001   0.247723917662576741553E-0008   0.205713875255240708576E-0011   0.402543278313347989689E-0008  -0.396840346494590755236E-0011   0.145208822362840130893E+0002   0.143164122454495189307E-0001  -0.250000000000000000000E+0002   0.569896932831111246998E+0001
   0.170416666666669880392E+0001   0.248563137631921023481E-0008   0.206538343159328963955E-0011   0.403100886891497462978E-0008  -0.394614354544400471581E-0011   0.145214360332570056045E+0002   0.142169968765458593074E-0001  -0.250000000000000000000E+0002   0.569896932282632118216E+0001
   0.170625000000003224088E+0001   0.249403505153846358094E-0008   0.207358238839514947458E-0011   0.403644890973173328997E-0008  -0.392450088988812070986E-0011   0.145219755798401291003E+0002   0.141205251487663795140E-0001  -0.250000000000000000000E+0002   0.569896931733168710110E+0001
   0.170833333333336567783E+0001   0.250244991777636545977E-0008   0.208173692270369715761E-0011   0.404175216809341070129E-0008  -0.390349084814442431059E-0011   0.145225008596174038900E+0002   0.140270333566999399338E-0001  -0.250000000000000000000E+0002   0.569896931182745536404E+0001
   0.171041666666669911478E+0001   0.251087568959349320268E-0008   0.208984836165524572717E-0011   0.404691847988084274227E-0008  -0.388312443498081806632E-0011   0.145230119115758498083E+0002   0.139365410090703020080E-0001  -0.250000000000000000000E+0002   0.569896930631387554911E+0001
   0.171250000000003255174E+0001   0.251931208180208267546E-0008   0.209791805098746189749E-0011   0.405194823469511109892E-0008  -0.386340846358457546474E-0011   0.145235088278054575994E+0002   0.138490514576066325175E-0001  -0.250000000000000000000E+0002   0.569896930079119456991E+0001
   0.171458333333336598869E+0001   0.252775881058950705427E-0008   0.210594734662294024670E-0011   0.405684234001199402016E-0008  -0.384434579616371269165E-0011   0.145239917496469281843E+0002   0.137645530079938994972E-0001  -0.250000000000000000000E+0002   0.569896929525965667551E+0001
   0.171666666666669942565E+0001   0.253621559455283203133E-0008   0.211393760685111010020E-0011   0.406160217348223895293E-0008  -0.382593568535998650446E-0011   0.145244608627257409950E+0002   0.136830203801917796996E-0001  -0.250000000000000000000E+0002   0.569896928971950522680E+0001
   0.171875000000003286260E+0001   0.254468215562347056366E-0008   0.212189018527542099769E-0011   0.406622952696604844509E-0008  -0.380817418190581701115E-0011   0.145249163912314287472E+0002   0.136044164016024121677E-0001  -0.250000000000000000000E+0002   0.569896928417098180830E+0001
   0.172083333333336629956E+0001   0.255315821986833707489E-0008   0.212980642463250415722E-0011   0.407072654600041154599E-0008  -0.379105457924558153985E-0011   0.145253585918074215044E+0002   0.135286938138191124154E-0001  -0.250000000000000000000E+0002   0.569896927861431912277E+0001
   0.172291666666669973651E+0001   0.256164351816202600148E-0008   0.213768765152516979892E-0011   0.407509566859147981549E-0008  -0.377456786271401533181E-0011   0.145257877474321759337E+0002   0.134557970729346082495E-0001  -0.250000000000000000000E+0002   0.569896927304975076112E+0001
   0.172500000000003317346E+0001   0.257013778673268316826E-0008   0.214553517204888796944E-0011   0.407933956689078611585E-0008  -0.375870313395196701152E-0011   0.145262041616358548168E+0002   0.133856640392732394174E-0001  -0.250000000000000000000E+0002   0.569896926747750320885E+0001
   0.172708333333336661042E+0001   0.257864076759105734109E-0008   0.215335026824139889420E-0011   0.408346109449004470104E-0008  -0.374344798927008271986E-0011   0.145266081533136350856E+0002   0.133182274811257262553E-0001  -0.250000000000000000000E+0002   0.569896926189779762240E+0001
   0.172916666666670004737E+0001   0.258715220885676879818E-0008   0.216113419525329766740E-0011   0.408746324090973512544E-0008  -0.372878884114273665194E-0011   0.145270000522815347921E+0002   0.132534163534677121993E-0001  -0.250000000000000000000E+0002   0.569896925631084894093E+0001
   0.173125000000003348433E+0001   0.259567186499784098317E-0008   0.216888817912477713730E-0011   0.409134909373738628299E-0008  -0.371471118137934684079E-0011   0.145273801956106325406E+0002   0.131911568457576018620E-0001  -0.250000000000000000000E+0002   0.569896925071686943909E+0001
   0.173333333333336692128E+0001   0.260419949699936635433E-0008   0.217661341505679659600E-0011   0.409512180798018812339E-0008  -0.370119979133129612435E-0011   0.145277489246892415053E+0002   0.131313732178227841191E-0001  -0.250000000000000000000E+0002   0.569896924511606339792E+0001
   0.173541666666670035823E+0001   0.261273487247549795411E-0008   0.218431106607857014915E-0011   0.409878458164374468975E-0008  -0.368823890829534544723E-0011   0.145281065829094977460E+0002   0.130739884574224279890E-0001  -0.250000000000000000000E+0002   0.569896923950862888120E+0001
   0.173750000000003379519E+0001   0.262127776573648908905E-0008   0.219198226203197148508E-0011   0.410234063630748940133E-0008  -0.367581235835252409886E-0011   0.145284535138528294596E+0002   0.130189247983853000068E-0001  -0.250000000000000000000E+0002   0.569896923389475951183E+0001
   0.173958333333336723214E+0001   0.262982795781984081578E-0008   0.219962809881305206615E-0011   0.410579320147033745589E-0008  -0.366390366527448763195E-0011   0.145287900598504595706E+0002   0.129661041365320278684E-0001  -0.250000000000000000000E+0002   0.569896922827464180727E+0001
   0.174166666666670066910E+0001   0.263838523649216309734E-0008   0.220724963782843523618E-0011   0.410914550159615069947E-0008  -0.365249614345437343635E-0011   0.145291165608115981911E+0002   0.129154483748998311771E-0001  -0.250000000000000000000E+0002   0.569896922264845873229E+0001
   0.174375000000003410605E+0001   0.264694939622636198914E-0008   0.221484790563826661707E-0011   0.411240074501962764684E-0008  -0.364157298063881016593E-0011   0.145294333532352837324E+0002   0.128668797221534493558E-0001  -0.250000000000000000000E+0002   0.569896921701638525803E+0001
   0.174583333333336754301E+0001   0.265552023815726801646E-0008   0.222242389376743719512E-0011   0.411556211411483342168E-0008  -0.363111731433823931972E-0011   0.145297407693463807021E+0002   0.128203209605466904308E-0001  -0.250000000000000000000E+0002   0.569896921137859102657E+0001
   0.174791666666670097996E+0001   0.266409757001783986980E-0008   0.222997855867297269469E-0011   0.411863275635423429404E-0008  -0.362111230392031772329E-0011   0.145300391363183383220E+0002   0.127756956929091190778E-0001  -0.250000000000000000000E+0002   0.569896920573524035092E+0001
   0.175000000000003441691E+0001   0.267268120605751299292E-0008   0.223751282185860617100E-0011   0.412161577606232239557E-0008  -0.361154119915509121018E-0011   0.145303287755630456957E+0002   0.127329285730906262980E-0001  -0.250000000000000000000E+0002   0.569896920008649132683E+0001
   0.175208333333336785387E+0001   0.268127096694401903449E-0008   0.224502757012844174990E-0011   0.412451422679513078107E-0008  -0.360238740507954940784E-0011   0.145306100020804684902E+0002   0.126919455206279639670E-0001  -0.250000000000000000000E+0002   0.569896919443249849735E+0001
   0.175416666666670129082E+0001   0.268986667964996739193E-0008   0.225252365597105844950E-0011   0.412733110435962315202E-0008  -0.359363454255950888293E-0011   0.145308831238689712961E+0002   0.126526739183036862624E-0001  -0.250000000000000000000E+0002   0.569896918877340752374E+0001
   0.175625000000003472778E+0001   0.269846817732556693059E-0008   0.226000189806416507468E-0011   0.413006934052283392399E-0008  -0.358526650379966558264E-0011   0.145311484414007789923E+0002   0.126150427904350350555E-0001  -0.250000000000000000000E+0002   0.569896918310936140273E+0001
   0.175833333333336816473E+0001   0.270707529915899210604E-0008   0.226746308188849747865E-0011   0.413273179747217183558E-0008  -0.357726750206448279913E-0011   0.145314062471680323085E+0002   0.125789829596821382818E-0001  -0.250000000000000000000E+0002   0.569896917744049691379E+0001
   0.176041666666670160168E+0001   0.271568789022602675778E-0008   0.227490796043844506501E-0011   0.413532126307838405503E-0008  -0.356962211509011969158E-0011   0.145316568253041840109E+0002   0.125444271806040476974E-0001  -0.250000000000000000000E+0002   0.569896917176694728369E+0001
   0.176250000000003503864E+0001   0.272430580133069535649E-0008   0.228233725501605976148E-0011   0.413784044698413835515E-0008  -0.356231532189496091915E-0011   0.145319004512825848963E+0002   0.125113102492288106454E-0001  -0.250000000000000000000E+0002   0.569896916608883952193E+0001
   0.176458333333336847559E+0001   0.273292888883862664242E-0008   0.228975165609482321860E-0011   0.414029197752636115948E-0008  -0.355533253295776163549E-0011   0.145321373916927356618E+0002   0.124795690884449347879E-0001  -0.250000000000000000000E+0002   0.569896916040629530897E+0001
   0.176666666666670191255E+0001   0.274155701450486977710E-0008   0.229715182423962917069E-0011   0.414267839946747385520E-0008  -0.354865961393086627829E-0011   0.145323679040916147187E+0002   0.124491428100192008666E-0001  -0.250000000000000000000E+0002   0.569896915471943277254E+0001
   0.176875000000003534950E+0001   0.275019004529781695578E-0008   0.230453839106999769675E-0011   0.414500217249284319865E-0008  -0.354228290324465774170E-0011   0.145325922369257778399E+0002   0.124199727545779535498E-0001  -0.250000000000000000000E+0002   0.569896914902836471128E+0001
   0.177083333333336878646E+0001   0.275882785322077020957E-0008   0.231191196025438993757E-0011   0.414726567041516343337E-0008  -0.353618922410581337303E-0011   0.145328106295182823970E+0002   0.123920025114281212586E-0001  -0.250000000000000000000E+0002   0.569896914333320125934E+0001
   0.177291666666670222341E+0001   0.276747031513255860423E-0008   0.231927310852453266739E-0011   0.414947118101663271082E-0008  -0.353036589141591066303E-0011   0.145330233121138192587E+0002   0.123651779202777756250E-0001  -0.250000000000000000000E+0002   0.569896913763404633357E+0001
   0.177500000000003566036E+0001   0.277611731256845777341E-0008   0.232662238669983180316E-0011   0.415162090645585315981E-0008  -0.352480071421513324460E-0011   0.145332305059748474463E+0002   0.123394470571120476454E-0001  -0.250000000000000000000E+0002   0.569896913193100207451E+0001
   0.177708333333336909732E+0001   0.278476873156250697362E-0008   0.233396032071318178123E-0011   0.415371696416143079359E-0008  -0.351948199425476193114E-0011   0.145334324235212690724E+0002   0.123147602064963279656E-0001  -0.250000000000000000000E+0002   0.569896912622416440541E+0001
   0.177916666666670253427E+0001   0.279342446247215961563E-0008   0.234128741263069063280E-0011   0.415576138813973813205E-0008  -0.351439852126771301877E-0011   0.145336292685067185460E+0002   0.122910698224734694917E-0001  -0.250000000000000000000E+0002   0.569896912051362747320E+0001
   0.178125000000003597123E+0001   0.280208439980605350765E-0008   0.234860414165897150082E-0011   0.415775613062673515521E-0008  -0.350953956546987986551E-0011   0.145338212362246963494E+0002   0.122683304800867264833E-0001  -0.250000000000000000000E+0002   0.569896911479948098389E+0001
   0.178333333333336940818E+0001   0.281074844205554352939E-0008   0.235591096513477053886E-0011   0.415970306401782964877E-0008  -0.350489486782011389417E-0011   0.145340085137383798752E+0002   0.122464988194390909937E-0001  -0.250000000000000000000E+0002   0.569896910908181109079E+0001
   0.178541666666670284513E+0001   0.281941649153051827464E-0008   0.236320831949263817303E-0011   0.416160398301880735865E-0008  -0.350045462844754413494E-0011   0.145341912801287236334E+0002   0.122255334839099991107E-0001  -0.250000000000000000000E+0002   0.569896910336070128267E+0001
   0.178750000000003628209E+0001   0.282808845419989605450E-0008   0.237049662120724978231E-0011   0.416346060696564182092E-0008  -0.349620949366642973052E-0011   0.145343697067558608182E+0002   0.122053950540435100780E-0001  -0.250000000000000000000E+0002   0.569896909763623238376E+0001
   0.178958333333336971904E+0001   0.283676423953710631820E-0008   0.237777626770775814213E-0011   0.416527458226685430819E-0008  -0.349215054191969278276E-0011   0.145345439575296619950E+0002   0.121860459783691560398E-0001  -0.250000000000000000000E+0002   0.569896909190848077742E+0001
   0.179166666666670315600E+0001   0.284544376037076370018E-0008   0.238504763826221509695E-0011   0.416704748493021807434E-0008  -0.348826926894406818447E-0011   0.145347141891857578599E+0002   0.121674505022599799275E-0001  -0.250000000000000000000E+0002   0.569896908617752107062E+0001
   0.179375000000003659295E+0001   0.285412693274067779573E-0008   0.239231109483070819564E-0011   0.416878082314033337983E-0008  -0.348455757242653171999E-0011   0.145348805515640258079E+0002   0.121495745957739612053E-0001  -0.250000000000000000000E+0002   0.569896908044342520583E+0001
   0.179583333333337002991E+0001   0.286281367575926483967E-0008   0.239956698288632533258E-0011   0.417047603985599033144E-0008  -0.348100773635013880933E-0011   0.145350431878867052404E+0002   0.121323858812331618340E-0001  -0.250000000000000000000E+0002   0.569896907470626157277E+0001
   0.179791666666670346686E+0001   0.287150391147838072662E-0008   0.240681563220349099093E-0011   0.417213451540737455789E-0008  -0.347761241522550553270E-0011   0.145352022350343741408E+0002   0.121158535612122392200E-0001  -0.250000000000000000000E+0002   0.569896906896609678483E+0001
   0.180000000000003690381E+0001   0.288019756476155303933E-0008   0.241405735761356826723E-0011   0.417375757007064535966E-0008  -0.347436461835336587745E-0011   0.145353578238176943671E+0002   0.120999483474447180886E-0001  -0.250000000000000000000E+0002   0.569896906322299479086E+0001
   0.180208333333337034077E+0001   0.288889456316154177433E-0008   0.242129245972790277626E-0011   0.417534646660616919715E-0008  -0.347125769423984074318E-0011   0.145355100792438616253E+0002   0.120846423910788650785E-0001  -0.250000000000000000000E+0002   0.569896905747701687517E+0001
   0.180416666666670377772E+0001   0.289759483680314356560E-0008   0.242852122562871475638E-0011   0.417690241274488978155E-0008  -0.346828531526686631654E-0011   0.145356591207763088391E+0002   0.120699092146149544735E-0001  -0.250000000000000000000E+0002   0.569896905172822432206E+0001
   0.180625000000003721468E+0001   0.290629831827111615621E-0008   0.243574392952845087500E-0011   0.417842656361524869512E-0008  -0.346544146269445394579E-0011   0.145358050625870838246E+0002   0.120557236457821594783E-0001  -0.250000000000000000000E+0002   0.569896904597667397496E+0001
   0.180833333333337065163E+0001   0.291500494250309118257E-0008   0.244296083339832759525E-0011   0.417992002410164688959E-0008  -0.346272041205916750941E-0011   0.145359480138011836203E+0002   0.120420617535468964937E-0001  -0.250000000000000000000E+0002   0.569896904022242090093E+0001
   0.181041666666670408858E+0001   0.292371464668732431103E-0008   0.245017218756694417536E-0011   0.418138385112850542441E-0008  -0.346011671901404260142E-0011   0.145360880787323338836E+0002   0.120289007863918790547E-0001  -0.250000000000000000000E+0002   0.569896903446551839068E+0001
   0.181250000000003752554E+0001   0.293242737016512473508E-0008   0.245737823128991041934E-0011   0.418281905586661093202E-0008  -0.345762520564496578846E-0011   0.145362253571100623617E+0002   0.120162191129554070390E-0001  -0.250000000000000000000E+0002   0.569896902870601973490E+0001
   0.181458333333337096249E+0001   0.294114305433779818364E-0008   0.246457919329149568956E-0011   0.418422660585831549227E-0008  -0.345524094728770735609E-0011   0.145363599442977555753E+0002   0.120039961650906384927E-0001  -0.250000000000000000000E+0002   0.569896902294397378341E+0001
   0.181666666666670439945E+0001   0.294986164257792973245E-0008   0.247177529227936143004E-0011   0.418560742705984970072E-0008  -0.345295925986134215116E-0011   0.145364919315017200319E+0002   0.119922123833559237521E-0001  -0.250000000000000000000E+0002   0.569896901717942938603E+0001
   0.181875000000003783640E+0001   0.295858308014483725999E-0008   0.247896673743344995000E-0011   0.418696240580213197680E-0008  -0.345077568772313146390E-0011   0.145366214059713634299E+0002   0.119808491649373780041E-0001  -0.250000000000000000000E+0002   0.569896901141243272804E+0001
   0.182083333333337127335E+0001   0.296730731410402018590E-0008   0.248615372887011271910E-0011   0.418829239066651888961E-0008  -0.344868599204934031829E-0011   0.145367484511903075628E+0002   0.119698888139902186872E-0001  -0.250000000000000000000E+0002   0.569896900564302910652E+0001
   0.182291666666670471031E+0001   0.297603429325043267890E-0008   0.249333645808258000465E-0011   0.418959819428068623249E-0008  -0.344668613973592121771E-0011   0.145368731470590084598E+0002   0.119593144943318987344E-0001  -0.250000000000000000000E+0002   0.569896899987126293041E+0001
   0.182500000000003814726E+0001   0.298476396803541052144E-0008   0.250051510835883409938E-0011   0.419088059503195747247E-0008  -0.344477229281943391130E-0011   0.145369955700686137590E+0002   0.119491101844705314983E-0001  -0.250000000000000000000E+0002   0.569896899409717594409E+0001
   0.182708333333337158422E+0001   0.299349629049708619507E-0008   0.250768985517795969742E-0011   0.419214033870447533503E-0008  -0.344294079839759355945E-0011   0.145371157934668033818E+0002   0.119392606348352123269E-0001  -0.250000000000000000000E+0002   0.569896898832080900377E+0001
   0.182916666666670502117E+0001   0.300223121419413088616E-0008   0.251486086658599085392E-0011   0.419337814003674402007E-0008  -0.344118817903726455970E-0011   0.145372338874153506083E+0002   0.119297513272416891988E-0001  -0.250000000000000000000E+0002   0.569896898254220296565E+0001
   0.183125000000003845813E+0001   0.301096869414266583420E-0008   0.252202830355228042626E-0011   0.419459468420676333576E-0008  -0.343951112367126076129E-0011   0.145373499191400732400E+0002   0.119205684364147926346E-0001  -0.250000000000000000000E+0002   0.569896897676139602140E+0001
   0.183333333333337189508E+0001   0.301970868675618792621E-0008   0.252919232030736054120E-0011   0.419579062824463729062E-0008  -0.343790647894828273178E-0011   0.145374639530732956416E+0002   0.119116987935407921823E-0001  -0.250000000000000000000E+0002   0.569896897097842369817E+0001
   0.183541666666670533203E+0001   0.302845114978836643505E-0008   0.253635306466324001430E-0011   0.419696660237620244002E-0008  -0.343637124102927527218E-0011   0.145375760509891502892E+0002   0.119031298517498496103E-0001  -0.250000000000000000000E+0002   0.569896896519332418762E+0001
   0.183750000000003876899E+0001   0.303719604227856821305E-0008   0.254351067831704183486E-0011   0.419812321129982665655E-0008  -0.343490254781030114711E-0011   0.145376862721320154748E+0002   0.118948496534474930375E-0001  -0.250000000000000000000E+0002   0.569896895940613212872E+0001
   0.183958333333337220594E+0001   0.304594332449997361522E-0008   0.255066529713885151777E-0011   0.419926103539998152313E-0008  -0.343349767155487446886E-0011   0.145377946733383840439E+0002   0.118868467994147231775E-0001  -0.250000000000000000000E+0002   0.569896895361688038406E+0001
   0.184166666666670564290E+0001   0.305469295791015576639E-0008   0.255781705144461885098E-0011   0.420038063189912773198E-0008  -0.343215401191841727367E-0011   0.145379013091524793566E+0002   0.118791104195827088713E-0001  -0.250000000000000000000E+0002   0.569896894782560270443E+0001
   0.184375000000003907985E+0001   0.306344490510399868151E-0008   0.256496606625489902173E-0011   0.420148253595181860897E-0008  -0.343086908934431891022E-0011   0.145380062319359097955E+0002   0.118716301454100964935E-0001  -0.250000000000000000000E+0002   0.569896894203233106424E+0001
   0.184583333333337251680E+0001   0.307219912976883305719E-0008   0.257211246154019567878E-0011   0.420256726168264634631E-0008  -0.342964053881647432540E-0011   0.145381094919715874170E+0002   0.118643960837793369101E-0001  -0.250000000000000000000E+0002   0.569896893623709743792E+0001
   0.184791666666670595376E+0001   0.308095559664167971942E-0008   0.257925635245363456016E-0011   0.420363530317241003755E-0008  -0.342846610395043083405E-0011   0.145382111375624010208E+0002   0.118573987923302637953E-0001  -0.250000000000000000000E+0002   0.569896893043993024719E+0001
   0.185000000000003939071E+0001   0.308971427146849278041E-0008   0.258639784955164865679E-0011   0.420468713539197860086E-0008  -0.342734363140556982364E-0011   0.145383112151245263988E+0002   0.118506292561616523307E-0001  -0.250000000000000000000E+0002   0.569896892464085969010E+0001
   0.185208333333337282767E+0001   0.309847512096529745267E-0008   0.259353705900332518540E-0011   0.420572321509001108634E-0008  -0.342627106560194295599E-0011   0.145384097692760807519E+0002   0.118440788658241789172E-0001  -0.250000000000000000000E+0002   0.569896891883991507655E+0001
   0.185416666666670626462E+0001   0.310723811278112615372E-0008   0.260067408278905172024E-0011   0.420674398163358476371E-0008  -0.342524644372965323266E-0011   0.145385068429209685092E+0002   0.118377393965368796214E-0001  -0.250000000000000000000E+0002   0.569896891303712216370E+0001
   0.185625000000003970158E+0001   0.311600321546266480665E-0008   0.260780901888900997515E-0011   0.420774985780740627687E-0008  -0.342426789101722760252E-0011   0.145386024773285971179E+0002   0.118316029885435960306E-0001  -0.250000000000000000000E+0002   0.569896890723251026145E+0001
   0.185833333333337313853E+0001   0.312477039842051462454E-0008   0.261494196146212146564E-0011   0.420874125057044863942E-0008  -0.342333361628553005507E-0011   0.145386967122091927962E+0002   0.118256621285898859408E-0001  -0.250000000000000000000E+0002   0.569896890142610423879E+0001
   0.186250000000003979039E+0001   0.314231091665658646556E-0008   0.262920213478298973737E-0011   0.421068414640506877796E-0008  -0.342152713008220234732E-0011   0.145388813288633009790E+0002   0.118144015212894304412E-0001  -0.250000000000000000000E+0002   0.569896888980625959675E+0001
   0.186666666666670644226E+0001   0.315985942594206907979E-0008   0.264345553404476962152E-0011   0.421257631841655595745E-0008  -0.341999997846665533531E-0011   0.145390610400111306433E+0002   0.118038756228314323932E-0001  -0.250000000000000000000E+0002   0.569896887817956709910E+0001
   0.187083333333337309412E+0001   0.317741571095995973916E-0008   0.265770276330127492937E-0011   0.421441785853745409150E-0008  -0.341859288754079430982E-0011   0.145392358643681500752E+0002   0.117939857952565237131E-0001  -0.250000000000000000000E+0002   0.569896886654621059876E+0001
   0.187500000000003974598E+0001   0.319497956621540675856E-0008   0.267194439090656294316E-0011   0.421621129955173000451E-0008  -0.341731685378287952511E-0011   0.145394060486302922897E+0002   0.117846887137389652600E-0001  -0.250000000000000000000E+0002   0.569896885490636329052E+0001
   0.187916666666670639785E+0001   0.321255079639457973667E-0008   0.268618094439656616007E-0011   0.421795900330090918412E-0008  -0.341616251462844768887E-0011   0.145395718226981589538E+0002   0.117759444962525199746E-0001  -0.250000000000000000000E+0002   0.569896884326019037559E+0001
   0.188333333333337304971E+0001   0.323012921568288868349E-0008   0.270041291376287201607E-0011   0.421966317458993892616E-0008  -0.341512125396892769677E-0011   0.145397334010564822648E+0002   0.117677163934639204129E-0001  -0.250000000000000000000E+0002   0.569896883160784994971E+0001
   0.188750000000003970158E+0001   0.324771464713834548913E-0008   0.271464075443304736284E-0011   0.422132587382320268073E-0008  -0.341418513557199995165E-0011   0.145398909840260159854E+0002   0.117599705092711354776E-0001  -0.250000000000000000000E+0002   0.569896881994949211503E+0001
   0.189166666666670635344E+0001   0.326530692211502813581E-0008   0.272886488998621668099E-0011   0.422294902848082138926E-0008  -0.341334684300778451485E-0011   0.145400447588993593229E+0002   0.117526755488491490426E-0001  -0.250000000000000000000E+0002   0.569896880828525986828E+0001
   0.189791666666670644226E+0001   0.329170786595372715005E-0008   0.275019488097347227723E-0011   0.422531636991249277528E-0008  -0.341220091247149383589E-0011   0.145402689334629737772E+0002   0.117425488999886775549E-0001  -0.250000000000000000000E+0002   0.569896879077606133279E+0001
   0.190416666666670653107E+0001   0.331812336895679955047E-0008   0.277151877676473893385E-0011   0.422760768642755323328E-0008  -0.341133233227121838107E-0011   0.145404857852645914562E+0002   0.117332938177785242595E-0001  -0.250000000000000000000E+0002   0.569896877325442297035E+0001
   0.191041666666670661989E+0001   0.334455295217296759483E-0008   0.279283764025286545116E-0011   0.422982457043046279345E-0008  -0.341061336142907582404E-0011   0.145406954801617214201E+0002   0.117248109649695907847E-0001  -0.250000000000000000000E+0002   0.569896875572075067851E+0001
   0.191666666666670670871E+0001   0.337099616564366833890E-0008   0.281415244001134081023E-0011   0.423197167844386549569E-0008  -0.341004092203727533224E-0011   0.145408984695283560740E+0002   0.117170315183947153226E-0001  -0.250000000000000000000E+0002   0.569896873817542282126E+0001
   0.192291666666670679753E+0001   0.339745258719111451141E-0008   0.283546405082225956641E-0011   0.423405326740037581627E-0008  -0.340960090936586037281E-0011   0.145410951657253999514E+0002   0.117098937663409584375E-0001  -0.250000000000000000000E+0002   0.569896872061879466997E+0001
   0.193125000000004010126E+0001   0.343274774668900142456E-0008   0.286387579624118356672E-0011   0.423673653921158426136E-0008  -0.340915151849476604778E-0011   0.145413485767158174866E+0002   0.117012960193298327927E-0001  -0.250000000000000000000E+0002   0.569896869719053533743E+0001
   0.193958333333337340498E+0001   0.346806485558049832666E-0008   0.289228505567260507334E-0011   0.423932189791596971474E-0008  -0.340895852923288070320E-0011   0.145415925846721680870E+0002   0.116936237759990794421E-0001  -0.250000000000000000000E+0002   0.569896867374356297375E+0001
   0.194791666666670670871E+0001   0.350340310146846466109E-0008   0.292069326043097048131E-0011   0.424181311312512046450E-0008  -0.340891892810895567066E-0011   0.145418275656174955657E+0002   0.116867706450278011077E-0001  -0.250000000000000000000E+0002   0.569896865027855881181E+0001
   0.195625000000004001244E+0001   0.353876172947052907531E-0008   0.294910167827845986032E-0011   0.424421692363900985967E-0008  -0.340902091661391983920E-0011   0.145420541705415651279E+0002   0.116806495224775729047E-0001  -0.250000000000000000000E+0002   0.569896862679615523462E+0001
   0.196666666666670675312E+0001   0.358298769255108466795E-0008   0.298461406380147667072E-0011   0.424711081151901495375E-0008  -0.340928644308866957785E-0011   0.145423268066154989242E+0002   0.116739180805973240956E-0001  -0.250000000000000000000E+0002   0.569896859741696815149E+0001
   0.197708333333337349380E+0001   0.362724319828035330146E-0008   0.302013049186674325670E-0011   0.424989110721960512300E-0008  -0.340976803065945867033E-0011   0.145425885617039760689E+0002   0.116680766097726276720E-0001  -0.250000000000000000000E+0002   0.569896856801262607917E+0001
   0.198958333333337344939E+0001   0.368038726537367890600E-0008   0.306275763230655017609E-0011   0.425308888639991854438E-0008  -0.341049292049292105723E-0011   0.145428894116618554477E+0002   0.116620930164255467987E-0001  -0.250000000000000000000E+0002   0.569896853269269598741E+0001
   0.200208333333337362703E+0001   0.373357041906072873329E-0008   0.310539527690618942991E-0011   0.425614865343503418526E-0008  -0.341142838764625871264E-0011   0.145431770609111588044E+0002   0.116570684293404377985E-0001  -0.250000000000000000000E+0002   0.569896849733954713457E+0001
   0.201666666666670701957E+0001   0.379566470782018241698E-0008   0.315515487834866413386E-0011   0.425955864361075986439E-0008  -0.341266348679885751397E-0011   0.145434973928175050872E+0002   0.116522485076145255328E-0001  -0.250000000000000000000E+0002   0.569896845605101276533E+0001
   0.203125000000004041212E+0001   0.385780755007803247961E-0008   0.320493392427429401179E-0011   0.426281268548408507205E-0008  -0.341408376382862743561E-0011   0.145438028310852196512E+0002   0.116483768488967864146E-0001  -0.250000000000000000000E+0002   0.569896841472126070016E+0001
   0.204791666666670701957E+0001   0.392888469950695696046E-0008   0.326185050511992786928E-0011   0.426635783151250656432E-0008  -0.341583225947193864919E-0011   0.145441353298275117822E+0002   0.116449369821408337672E-0001  -0.250000000000000000000E+0002   0.569896836743593837582E+0001
   0.206666666666670684194E+0001   0.400891539270206093656E-0008   0.332591799134338937828E-0011   0.427014907157430872958E-0008  -0.341795555110369437306E-0011   0.145444906016317947461E+0002   0.116421055947496937533E-0001  -0.250000000000000000000E+0002   0.569896831417820770582E+0001
   0.208750000000004032330E+0001   0.409791957962973001138E-0008   0.339715223712074940061E-0011   0.427414142796084081446E-0008  -0.342045723302161888841E-0011   0.145448643762224207876E+0002   0.116400193921740828518E-0001  -0.250000000000000000000E+0002   0.569896825493070924296E+0001
   0.211041666666670701957E+0001   0.419591761391075114413E-0008   0.347557142992966032493E-0011   0.427829383078618638852E-0008  -0.342333176135270849001E-0011   0.145452527615598743438E+0002   0.116387693582940907749E-0001  -0.250000000000000000000E+0002   0.569896818967580909288E+0001
   0.213541666666670693076E+0001   0.430292999973126861099E-0008   0.356119585522408161472E-0011   0.428256963414888714536E-0008  -0.342656496193487603094E-0011   0.145456522919341857403E+0002   0.116384053988895508347E-0001  -0.250000000000000000000E+0002   0.569896811839580053061E+0001
   0.216041666666670684194E+0001   0.441004615376639496860E-0008   0.364690177931438339049E-0011   0.428660864162136921679E-0008  -0.342986475245715051476E-0011   0.145460293236989919308E+0002   0.116388767932287130052E-0001  -0.250000000000000000000E+0002   0.569896804702808879028E+0001
   0.218750000000003996803E+0001   0.452619943376626881146E-0008   0.373984311207665248203E-0011   0.429074674031442443048E-0008  -0.343346903986638294809E-0011   0.145464152374326634032E+0002   0.116401372251400056501E-0001  -0.250000000000000000000E+0002   0.569896796961572515983E+0001
   0.221458333333337309412E+0001   0.464246165464368548208E-0008   0.383288203404481375811E-0011   0.429466575876756432236E-0008  -0.343708385907434088853E-0011   0.145467803707935985358E+0002   0.116420117344584982122E-0001  -0.250000000000000000000E+0002   0.569896789211117482665E+0001
   0.224375000000003987921E+0001   0.476778267675260781920E-0008   0.393318696365442706477E-0011   0.429866751957253014058E-0008  -0.344096645429877605514E-0011   0.145471528698915317790E+0002   0.116445724844109511908E-0001  -0.250000000000000000000E+0002   0.569896780854335904820E+0001
   0.227291666666670666430E+0001   0.489321730584036098385E-0008   0.403360452070764457522E-0011   0.430246710282871309525E-0008  -0.344481820444229353651E-0011   0.145475062225007292227E+0002   0.116475719849284901214E-0001  -0.250000000000000000000E+0002   0.569896772487928959805E+0001
   0.230416666666670666430E+0001   0.502773142287402713244E-0008   0.414131869356849143223E-0011   0.430633689112632535363E-0008  -0.344890501497061727941E-0011   0.145478657837665252828E+0002   0.116511651511338413384E-0001  -0.250000000000000000000E+0002   0.569896763513418136426E+0001
   0.233750000000003987921E+0001   0.517134306174134716023E-0008   0.425635336112870868032E-0011   0.431025984700026375024E-0008  -0.345320123045518885876E-0011   0.145482299521465154868E+0002   0.116553235850194100709E-0001  -0.250000000000000000000E+0002   0.569896753929248944814E+0001
   0.237083333333337309412E+0001   0.531508212530352572429E-0008   0.437152982281954903103E-0011   0.431399289002212228401E-0008  -0.345742141969039190662E-0011   0.145485761768371926195E+0002   0.116597398052627043014E-0001  -0.250000000000000000000E+0002   0.569896744334272220556E+0001
   0.240625000000003996803E+0001   0.546793793217022178712E-0008   0.449405757587354973142E-0011   0.431777197566320930236E-0008  -0.346183001729609781044E-0011   0.145489263669838564397E+0002   0.116646411952627919451E-0001  -0.250000000000000000000E+0002   0.569896734127984583296E+0001
   0.244375000000004005685E+0001   0.562992761614065770535E-0008   0.462396101791945008217E-0011   0.432158446018878856438E-0008  -0.346639929004924124414E-0011   0.145492793381985698886E+0002   0.116699937261341615130E-0001  -0.250000000000000000000E+0002   0.569896723308909614047E+0001
   0.248333333333337336057E+0001   0.580106808119806920332E-0008   0.476126490390151029993E-0011   0.432541905891586823125E-0008  -0.347111274089957832909E-0011   0.145496340392909235817E+0002   0.116757659335314963045E-0001  -0.250000000000000000000E+0002   0.569896711875591854835E+0001
   0.252291666666670666430E+0001   0.597235667075449180096E-0008   0.489875290298824525691E-0011   0.432907829844787042156E-0008  -0.347570814127810026764E-0011   0.145499722198183736310E+0002   0.116816193535365393102E-0001  -0.250000000000000000000E+0002   0.569896700429693847667E+0001
   0.256458333333337318294E+0001   0.615281336950201524034E-0008   0.504367140319400451063E-0011   0.433275886116043237303E-0008  -0.348043680095859310757E-0011   0.145503120827543792615E+0002   0.116878266510180624932E-0001  -0.250000000000000000000E+0002   0.569896688368060644336E+0001
   0.260833333333337336057E+0001   0.634245420875678113386E-0008   0.519604489430611612981E-0011   0.433645246857331599276E-0008  -0.348527197549378490175E-0011   0.145506528565065433867E+0002   0.116943538852077120321E-0001  -0.250000000000000000000E+0002   0.569896675689310772128E+0001
   0.265416666666670675312E+0001   0.654129497720487617996E-0008   0.535589792780000823370E-0011   0.434015200292999777213E-0008  -0.349020110770885886859E-0011   0.145509938825166784682E+0002   0.117011717061426684383E-0001  -0.250000000000000000000E+0002   0.569896662392083985793E+0001
   0.270208333333337336057E+0001   0.674935120741027604572E-0008   0.552325503537137711051E-0011   0.434385140560001406962E-0008  -0.349521102743085217891E-0011   0.145513346019941423037E+0002   0.117082511351155015011E-0001  -0.250000000000000000000E+0002   0.569896648475042155724E+0001
   0.275208333333337318294E+0001   0.696663817097999288449E-0008   0.569814066161289339441E-0011   0.434754555707124959853E-0008  -0.350028951204580548899E-0011   0.145516745444539559173E+0002   0.117155639959492258867E-0001  -0.250000000000000000000E+0002   0.569896633936869267956E+0001
   0.280416666666670666430E+0001   0.719317087806300819827E-0008   0.588057910746528226457E-0011   0.435123016511591187603E-0008  -0.350542529441884201456E-0011   0.145520133170580852067E+0002   0.117230832371019513816E-0001  -0.250000000000000000000E+0002   0.569896618776271779439E+0001
   0.285833333333337336057E+0001   0.742896408021314328341E-0008   0.607059448350829864183E-0011   0.435490166221963151357E-0008  -0.351060805152537093858E-0011   0.145523505948584492842E+0002   0.117307831616846360012E-0001  -0.250000000000000000000E+0002   0.569896602991978085129E+0001
   0.291458333333337327176E+0001   0.767403227581444670564E-0008   0.626821067212784149658E-0011   0.435855711267070278274E-0008  -0.351582837865928652688E-0011   0.145526861119748360807E+0002   0.117386395813593915477E-0001  -0.250000000000000000000E+0002   0.569896586582737985083E+0001
   0.297291666666670639785E+0001   0.792838971741403131637E-0008   0.647345129760647210890E-0011   0.436219412923387503766E-0008  -0.352107775327402255775E-0011   0.145530196536967206811E+0002   0.117466299085340238062E-0001  -0.250000000000000000000E+0002   0.569896569547322062732E+0001
   0.303541666666670639785E+0001   0.820114614895680899576E-0008   0.669368645764134131753E-0011   0.436593243472013029347E-0008  -0.352653328899988463863E-0011   0.145533621934824175526E+0002   0.117550061616029013351E-0001  -0.250000000000000000000E+0002   0.569896551274798568443E+0001
   0.310000000000003961276E+0001   0.848323477463412534796E-0008   0.692161463567437753140E-0011   0.436963896774785021569E-0008  -0.353198186592650877509E-0011   0.145537015243522578345E+0002   0.117634604601486014025E-0001  -0.250000000000000000000E+0002   0.569896532372400876909E+0001
   0.316666666666670648667E+0001   0.877466899911173328556E-0008   0.715725859819803564308E-0011   0.437331377832649114900E-0008  -0.353742986827567768147E-0011   0.145540376622840650356E+0002   0.117719781944389638439E-0001  -0.250000000000000000000E+0002   0.569896512838971425197E+0001
   0.323750000000003979039E+0001   0.908458094281813292348E-0008   0.740802190564065007361E-0011   0.437706446767072933083E-0008  -0.354303862460909155821E-0011   0.145543804481843537246E+0002   0.117807961157863783780E-0001  -0.250000000000000000000E+0002   0.569896492061628912040E+0001
   0.331041666666670630903E+0001   0.940387984638576495733E-0008   0.766656819715751730392E-0011   0.438077493443585302191E-0008  -0.354861607568408567227E-0011   0.145547192605677864208E+0002   0.117896304507827433261E-0001  -0.250000000000000000000E+0002   0.569896470649690911614E+0001
   0.338750000000003970158E+0001   0.974171282755963464502E-0008   0.794032374690511179623E-0011   0.438454605443898628250E-0008  -0.355432750478288313898E-0011   0.145550633155431530241E+0002   0.117987106727512388454E-0001  -0.250000000000000000000E+0002   0.569896447988967569387E+0001
   0.346666666666670630903E+0001   0.100889730378845096269E-0007   0.822192821310868342174E-0011   0.438827166057392741554E-0008  -0.355999285872565291455E-0011   0.145554029187740638918E+0002   0.118077702507569659574E-0001  -0.250000000000000000000E+0002   0.569896424690177116901E+0001
   0.355000000000003979039E+0001   0.104548226553355321958E-0007   0.851883079891527583493E-0011   0.439204603844696063036E-0008  -0.356576840300595692497E-0011   0.145557466717008114898E+0002   0.118170281151083276378E-0001  -0.250000000000000000000E+0002   0.569896400137818126552E+0001
   0.363750000000003970158E+0001   0.108392967825733945750E-0007   0.883108740227723246738E-0011   0.439586046739654909198E-0008  -0.357162893133406282349E-0011   0.145560937663185132607E+0002   0.118264536468790891488E-0001  -0.250000000000000000000E+0002   0.569896374328854893321E+0001
   0.372916666666670648667E+0001   0.112424303610289096700E-0007   0.915875381316875584074E-0011   0.439970762150857192971E-0008  -0.357756238209904790383E-0011   0.145564435276222869931E+0002   0.118360210273553735638E-0001  -0.250000000000000000000E+0002   0.569896347260266544765E+0001
   0.382500000000003970158E+0001   0.116642581291038144769E-0007   0.950188560072152192115E-0011   0.440358109710429187594E-0008  -0.358355669748652794366E-0011   0.145567953666589531281E+0002   0.118457064738777245044E-0001  -0.250000000000000000000E+0002   0.569896318929049794377E+0001
   0.392500000000003979039E+0001   0.121048145959199666948E-0007   0.986053802913100781176E-0011   0.440747532642423370857E-0008  -0.358960107683417706947E-0011   0.145571487723577313034E+0002   0.118554882838099711478E-0001  -0.250000000000000000000E+0002   0.569896289332221339663E+0001
   0.402916666666670675312E+0001   0.125641340244612450234E-0007   0.102347659942435109065E-0010   0.441138549377951020057E-0008  -0.359568591223834239835E-0011   0.145575033036129877217E+0002   0.118653468323064448242E-0001  -0.250000000000000000000E+0002   0.569896258466819105593E+0001
   0.413750000000004014566E+0001   0.130422504223419537925E-0007   0.106246239783092255960E-0010   0.441530745575679215632E-0008  -0.360180271623851448164E-0011   0.145578585817654033718E+0002   0.118752645325431172019E-0001  -0.250000000000000000000E+0002   0.569896226329902333418E+0001
   0.425000000000003996803E+0001   0.135391975386767235473E-0007   0.110301660204830746159E-0010   0.441923766648387100104E-0008  -0.360794404471405132143E-0011   0.145582142835734575925E+0002   0.118852257665228548678E-0001  -0.250000000000000000000E+0002   0.569896192918552468853E+0001
   0.436875000000004032330E+0001   0.140642240310392159727E-0007   0.114589752021485577839E-0010   0.442324170956613393210E-0008  -0.361421541614568596322E-0011   0.145585763383237214441E+0002   0.118953900433316599183E-0001  -0.250000000000000000000E+0002   0.569896157609742637362E+0001
   0.449166666666670710839E+0001   0.146081644112194413841E-0007   0.119036008231748687505E-0010   0.442724348747301507428E-0008  -0.362048520259051370550E-0011   0.145589378497076076258E+0002   0.119055588190450367669E-0001  -0.250000000000000000000E+0002   0.569896121019311330258E+0001
   0.462083333333337353821E+0001   0.151802836425945261352E-0007   0.123716514401760574375E-0010   0.443130556336470246130E-0008  -0.362686204247848115146E-0011   0.145593044697121847264E+0002   0.119158864179256199917E-0001  -0.250000000000000000000E+0002   0.569896082522785718538E+0001
   0.475416666666670728603E+0001   0.157713991514165237260E-0007   0.128556494855799548267E-0010   0.443535798340778309007E-0008  -0.363322352419688977512E-0011   0.145596698718317867360E+0002   0.119261904660415505447E-0001  -0.250000000000000000000E+0002   0.569896042737515440280E+0001
   0.489375000000004067857E+0001   0.163907923639061767913E-0007   0.133632292380713456886E-0010   0.443946007422281574949E-0008  -0.363967285522639692247E-0011   0.145600394079277535297E+0002   0.119366181575901279810E-0001  -0.250000000000000000000E+0002   0.569896001037587929261E+0001
   0.503958333333337371585E+0001   0.170385209579152746389E-0007   0.138944819023371009451E-0010   0.444360516889352796784E-0008  -0.364619186156221962558E-0011   0.145604124624935256094E+0002   0.119471481397467275271E-0001  -0.250000000000000000000E+0002   0.569895957418006382511E+0001
   0.519166666666670728603E+0001   0.177146425749079579001E-0007   0.144494985849365763358E-0010   0.444778767148082221099E-0008  -0.365277208736708523050E-0011   0.145607885220654384995E+0002   0.119577634184200830292E-0001  -0.250000000000000000000E+0002   0.569895911873777816226E+0001
   0.535000000000004050094E+0001   0.184192147780661910259E-0007   0.150283702297613071812E-0010   0.445200266008446236952E-0008  -0.365940528755081320467E-0011   0.145611671355745269096E+0002   0.119684492395185741731E-0001  -0.250000000000000000000E+0002   0.569895864399915996756E+0001
   0.551666666666670746366E+0001   0.191615790734307002736E-0007   0.156388253520532974069E-0010   0.445629829575902213090E-0008  -0.366617032989143451029E-0011   0.145615526182654946297E+0002   0.119793249863922660059E-0001  -0.250000000000000000000E+0002   0.569895814365260378054E+0001
   0.568958333333337407112E+0001   0.199325265123315954921E-0007   0.162733446038166929694E-0010   0.446061481835187192368E-0008  -0.367296459104411950869E-0011   0.145619395875122776829E+0002   0.119902378694832500994E-0001  -0.250000000000000000000E+0002   0.569895762389491533639E+0001
   0.587083333333337442639E+0001   0.207414166055288725945E-0007   0.169396848445040366631E-0010   0.446499871070019022183E-0008  -0.367987025627835244019E-0011   0.145623322062890601103E+0002   0.120013048199649335901E-0001  -0.250000000000000000000E+0002   0.569895707839869203326E+0001
   0.606041666666670764130E+0001   0.215883338753152431158E-0007   0.176379793813233474352E-0010   0.446944258636050124077E-0008  -0.368687022317112805024E-0011   0.145627297928720800257E+0002   0.120125058956976008689E-0001  -0.250000000000000000000E+0002   0.569895650709062184802E+0001
   0.625833333333337460402E+0001   0.224733631081324067411E-0007   0.183683620096611705119E-0010   0.447394010376558173776E-0008  -0.369395570642106027321E-0011   0.145631317650127645180E+0002   0.120238253396916031090E-0001  -0.250000000000000000000E+0002   0.569895590989718048291E+0001
   0.646458333333337442639E+0001   0.233965892746177386780E-0007   0.191309669267426929063E-0010   0.447848561348021311757E-0008  -0.370111832259184391375E-0011   0.145635376044312661037E+0002   0.120352497334173125926E-0001  -0.250000000000000000000E+0002   0.569895528674469087349E+0001
   0.667916666666670799657E+0001   0.243580974713033030638E-0007   0.199259286846302876503E-0010   0.448307409027898995657E-0008  -0.370835081602945376961E-0011   0.145639468504938847104E+0002   0.120467677974391406542E-0001  -0.250000000000000000000E+0002   0.569895463755937470296E+0001
   0.690208333333337442639E+0001   0.253579728748770399615E-0007   0.207533821678589249441E-0010   0.448770106849338536291E-0008  -0.371564694805183181617E-0011   0.145643590942051144310E+0002   0.120583701881312142790E-0001  -0.250000000000000000000E+0002   0.569895396226738348844E+0001
   0.713541666666670781893E+0001   0.264056599845918246503E-0007   0.216212189159441660180E-0010   0.449240364756220716769E-0008  -0.372306870086557126914E-0011   0.145647776290152428658E+0002   0.120701516370305544923E-0001  -0.250000000000000000000E+0002   0.569895325446694034355E+0001
   0.737916666666670817420E+0001   0.275012734699568749832E-0007   0.225296208714192712223E-0010   0.449717459263337090795E-0008  -0.373060205212275774919E-0011   0.145652017875084460741E+0002   0.120820960688347318196E-0001  -0.250000000000000000000E+0002   0.569895251405851777093E+0001
   0.763333333333337460402E+0001   0.286449285636767885072E-0007   0.234787713185008193978E-0010   0.450200759706361171371E-0008  -0.373823914414855620112E-0011   0.145656309908805532416E+0002   0.120941910308973877425E-0001  -0.250000000000000000000E+0002   0.569895174094212997318E+0001
   0.789791666666670799657E+0001   0.298367409506646698010E-0007   0.244688547949322022794E-0010   0.450689697669593623819E-0008  -0.374597250701306166912E-0011   0.145660647178117450551E+0002   0.121064261005455042070E-0001  -0.250000000000000000000E+0002   0.569895093501741278885E+0001
   0.817500000000004156675E+0001   0.310862265307341924200E-0007   0.255078775154388644041E-0010   0.451187421741531725312E-0008  -0.375385581079237683238E-0011   0.145665057442868945969E+0002   0.121188839064299141990E-0001  -0.250000000000000000000E+0002   0.569895008982008999254E+0001
   0.846250000000004121148E+0001   0.323841224943878392903E-0007   0.265882386610084764710E-0010   0.451689590359220874456E-0008  -0.376181678073956350401E-0011   0.145669501972262107614E+0002   0.121314603401016154333E-0001  -0.250000000000000000000E+0002   0.569894921159491563145E+0001
   0.876250000000004192202E+0001   0.337399666178359882998E-0007   0.277179807527307314382E-0010   0.452199284146540696210E-0008  -0.376991202572131804984E-0011   0.145674007931392992532E+0002   0.121442378337755039347E-0001  -0.250000000000000000000E+0002   0.569894829385843326719E+0001
   0.907500000000004192202E+0001   0.351539078023341369796E-0007   0.288973442019123156964E-0010   0.452715842618696222315E-0008  -0.377812951007469947566E-0011   0.145678569233416723705E+0002   0.121572048323978654932E-0001  -0.250000000000000000000E+0002   0.569894733648140050519E+0001
   0.940208333333337442639E+0001   0.366355383266869125519E-0007   0.301344602703798866660E-0010   0.453241962353657504883E-0008  -0.378651698110526881748E-0011   0.145683209479231070560E+0002   0.121704348076296202386E-0001  -0.250000000000000000000E+0002   0.569894633293270391761E+0001
   0.974166666666670799657E+0001   0.381755876609882959758E-0007   0.314217203502332125544E-0010   0.453773644380563088504E-0008  -0.379500851950853689567E-0011   0.145687893099717893364E+0002   0.121838334189360783522E-0001  -0.250000000000000000000E+0002   0.569894528946428202687E+0001
   0.100958333333333740711E+0002   0.397836718202578041079E-0007   0.327672965057423980092E-0010   0.454313542975318357415E-0008  -0.380365408216764378554E-0011   0.145692643340214740277E+0002   0.121974743247376324340E-0001  -0.250000000000000000000E+0002   0.569894419952422381925E+0001
   0.104645833333333744264E+0002   0.414599760332868009888E-0007   0.341714929371113053981E-0010   0.454860969032109883326E-0008  -0.381244210856723588292E-0011   0.145697453858402834470E+0002   0.122113466514827337384E-0001  -0.250000000000000000000E+0002   0.569894306295173880272E+0001
   0.108500000000000405009E+0002   0.432141745234697114009E-0007   0.356425786129394584654E-0010   0.455418255754111289536E-0008  -0.382141512668462087011E-0011   0.145702344920377324655E+0002   0.122255167746318088584E-0001  -0.250000000000000000000E+0002   0.569894187314402245192E+0001
   0.112520833333333740711E+0002   0.450464893610723499823E-0007   0.371809211660923962543E-0010   0.455984596858080556516E-0008  -0.383056080132629065526E-0011   0.145707309111696510229E+0002   0.122399717430916200184E-0001  -0.250000000000000000000E+0002   0.569894062990822103387E+0001
   0.116708333333333733606E+0002   0.469571441818770265051E-0007   0.387868933391214190435E-0010   0.456559266661818689081E-0008  -0.383987104007989723564E-0011   0.145712339792541616390E+0002   0.122547010104316882878E-0001  -0.250000000000000000000E+0002   0.569893933305019384505E+0001
   0.121062500000000401457E+0002   0.489463639325859089219E-0007   0.404608727448695122247E-0010   0.457141596844307316103E-0008  -0.384933805386706362763E-0011   0.145717430854144414099E+0002   0.122696952689832269184E-0001  -0.250000000000000000000E+0002   0.569893798237471838064E+0001
   0.125604166666667076413E+0002   0.510239109055938524461E-0007   0.422112812047211706398E-0010   0.457733628591508274854E-0008  -0.385899963729391874260E-0011   0.145722599892327266957E+0002   0.122850150108223376416E-0001  -0.250000000000000000000E+0002   0.569893657120196728272E+0001
   0.130333333333333740711E+0002   0.531900492432084453075E-0007   0.440385663509992714830E-0010   0.458334580494160407250E-0008  -0.386884419350602342099E-0011   0.145727839737144773125E+0002   0.123006480442569322842E-0001  -0.250000000000000000000E+0002   0.569893509930262354146E+0001
   0.135250000000000412115E+0002   0.554450447156029926141E-0007   0.459431821040868765869E-0010   0.458943745766687926369E-0008  -0.387886382823983187638E-0011   0.145733143938705698162E+0002   0.123165840512767955223E-0001  -0.250000000000000000000E+0002   0.569893356644603521488E+0001
   0.140375000000000405009E+0002   0.577987388074191646227E-0007   0.479336905984207965343E-0010   0.459562933027959355501E-0008  -0.388909291212811931324E-0011   0.145738527970639903941E+0002   0.123328784303094532437E-0001  -0.250000000000000000000E+0002   0.569893196588317962892E+0001
   0.145708333333333737158E+0002   0.602514386531928473816E-0007   0.500106219253586150202E-0010   0.460191342381939048507E-0008  -0.389951964661452073066E-0011   0.145743984508023221025E+0002   0.123495181340225433642E-0001  -0.250000000000000000000E+0002   0.569893029734744605008E+0001
   0.151270833333333740711E+0002   0.628130540049405500009E-0007   0.521826599345896963616E-0010   0.460830588504968455561E-0008  -0.391017599283473446185E-0011   0.145749527255852289187E+0002   0.123665542175211383424E-0001  -0.250000000000000000000E+0002   0.569892855403018216975E+0001
   0.157041666666667065755E+0002   0.654743212377316891213E-0007   0.544422479518984007216E-0010   0.461477528626755921270E-0008  -0.392100972315478291701E-0011   0.145755128564132263591E+0002   0.123839104732246865770E-0001  -0.250000000000000000000E+0002   0.569892674217941230808E+0001
   0.163062500000000412115E+0002   0.682548084415156224055E-0007   0.568063223142780440612E-0010   0.462136015171986927672E-0008  -0.393209327254377959493E-0011   0.145760821553753974200E+0002   0.124016980931334133698E-0001  -0.250000000000000000000E+0002   0.569892484839550395037E+0001
   0.169312500000000412115E+0002   0.711452694020646917651E-0007   0.592673663611204150537E-0010   0.462802951978820218723E-0008  -0.394337267296700888318E-0011   0.145766578983600361141E+0002   0.124198404833263508634E-0001  -0.250000000000000000000E+0002   0.569892287891168169978E+0001
   0.175812500000000397904E+0002   0.741557164702452377569E-0007   0.618342575253281928861E-0010   0.463479798909284601608E-0008  -0.395487931635158256119E-0011   0.145772413196100707466E+0002   0.124383843321075795302E-0001  -0.250000000000000000000E+0002   0.569892082682976042207E+0001
   0.182583333333333719395E+0002   0.772962200252933667206E-0007   0.645159779008513064915E-0010   0.464167833774081226238E-0008  -0.396663718093049415528E-0011   0.145778334812543288734E+0002   0.124573714533460760262E-0001  -0.250000000000000000000E+0002   0.569891868520088262784E+0001
   0.189625000000000376588E+0002   0.805672252806423227010E-0007   0.673133295841605842905E-0010   0.464866172176388010658E-0008  -0.397863308271847938600E-0011   0.145784335779910918518E+0002   0.124767840060291124171E-0001  -0.250000000000000000000E+0002   0.569891645363867294094E+0001
   0.196937500000000369482E+0002   0.839691800422736874063E-0007   0.702271262184257596457E-0010   0.465574003072417079982E-0008  -0.399085632751781956393E-0011   0.145790408755022600218E+0002   0.124966052941780075142E-0001  -0.250000000000000000000E+0002   0.569891413175464922602E+0001
   0.204541666666667047991E+0002   0.875122488082698833801E-0007   0.732665324031404406671E-0010   0.466292495331307940593E-0008  -0.400333090925924347181E-0011   0.145796563417874764923E+0002   0.125168734717319030808E-0001  -0.250000000000000000000E+0002   0.569891171251790673580E+0001
   0.212437500000000376588E+0002   0.911969282903219417710E-0007   0.764324611433823049871E-0010   0.467020798149216707450E-0008  -0.401604314949626611276E-0011   0.145802792046996323450E+0002   0.125375692862548706458E-0001  -0.250000000000000000000E+0002   0.569890919549754926265E+0001
   0.220645833333333705184E+0002   0.950334627084944185860E-0007   0.797342310476139751263E-0010   0.467759963835841758515E-0008  -0.402901533608005427460E-0011   0.145809103275014777523E+0002   0.125587271609843998538E-0001  -0.250000000000000000000E+0002   0.569890657359318453246E+0001
   0.229166666666667033780E+0002   0.990223993814668097437E-0007   0.831728597243942042234E-0010   0.468509124475099595405E-0008  -0.404223313797415384824E-0011   0.145815489241779001617E+0002   0.125803260140321740423E-0001  -0.250000000000000000000E+0002   0.569890384633007052173E+0001
   0.238020833333333712289E+0002   0.103174064729145907789E-0006   0.867578269355636759556E-0010   0.469269229321732552779E-0008  -0.405571690086913199511E-0011   0.145821957658408738467E+0002   0.126023966838178982236E-0001  -0.250000000000000000000E+0002   0.569890100653620024218E+0001
   0.247208333333333705184E+0002   0.107489058223974876372E-0006   0.904902597941901843472E-0010   0.470039401183079431585E-0008  -0.406945171364454975131E-0011   0.145828500598999468707E+0002   0.126249163501853146896E-0001  -0.250000000000000000000E+0002   0.569889805369167046223E+0001
   0.256708333333333698079E+0002   0.111958172993257744735E-0006   0.943627917837884105633E-0010   0.470817166281503690551E-0008  -0.408339431559855364505E-0011   0.145835096657795642017E+0002   0.126478139552108469895E-0001  -0.250000000000000000000E+0002   0.569889499399816212843E+0001
   0.266520833333333690973E+0002   0.116581964209398091739E-0006   0.983764877879540229262E-0010   0.471601896829201821656E-0008  -0.409753570862738621952E-0011   0.145841740261836356751E+0002   0.126710710608206270772E-0001  -0.250000000000000000000E+0002   0.569889182697467067129E+0001
   0.276666666666667033780E+0002   0.121370829332320006753E-0006   0.102540987648943026679E-0009   0.472394587889503255212E-0008  -0.411189514703516608092E-0011   0.145848439575336676910E+0002   0.126947165815305129666E-0001  -0.250000000000000000000E+0002   0.569888854538742428701E+0001
   0.287145833333333690973E+0002   0.126325373923406246385E-0006   0.106857462678378628584E-0009   0.473194567620411880233E-0008  -0.412645974937582884203E-0011   0.145855188575624818981E+0002   0.127187292498163479620E-0001  -0.250000000000000000000E+0002   0.569888514871173601506E+0001
   0.297979166666667012464E+0002   0.131456079514287652366E-0006   0.111335720879830281804E-0009   0.474002737317721550584E-0008  -0.414124766964696066480E-0011   0.145861994591018717671E+0002   0.127431347725585741165E-0001  -0.250000000000000000000E+0002   0.569888162964071209871E+0001
   0.309166666666666998253E+0002   0.136763603292238657514E-0006   0.115977043669881829709E-0009   0.474818410552522621065E-0008  -0.415624546894973119576E-0011   0.145868851482614854120E+0002   0.127679104155297151735E-0001  -0.250000000000000000000E+0002   0.569887798760497510386E+0001
   0.320708333333333683868E+0002   0.142248603255165136297E-0006   0.120782721936534337759E-0009   0.475640955635038754997E-0008  -0.417144196612421932092E-0011   0.145875753649320323291E+0002   0.127930344584244008732E-0001  -0.250000000000000000000E+0002   0.569887422203458360315E+0001
   0.332625000000000383693E+0002   0.147921664434764718568E-0006   0.125762777461181116217E-0009   0.476471200433730747632E-0008  -0.418685332380511738783E-0011   0.145882707778794653564E+0002   0.128185293602485206321E-0001  -0.250000000000000000000E+0002   0.569887032553266958956E+0001
   0.344916666666667026675E+0002   0.153783497100943269782E-0006   0.130918613402779462179E-0009   0.477308492376940768481E-0008  -0.420246611734429656344E-0011   0.145889708063834628859E+0002   0.128443716471458788120E-0001  -0.250000000000000000000E+0002   0.569886629748403716889E+0001
   0.357604166666666998253E+0002   0.159844773670567221691E-0006   0.136260429481464700551E-0009   0.478153584997783273144E-0008  -0.421829534279154833562E-0011   0.145896760536365306393E+0002   0.128705810950062657372E-0001  -0.250000000000000000000E+0002   0.569886213041587552652E+0001
   0.370687500000000298428E+0002   0.166106257672983662146E-0006   0.141789743913875857685E-0009   0.479005819512573871560E-0008  -0.423432719038812633670E-0011   0.145903859349980766780E+0002   0.128971331812442434328E-0001  -0.250000000000000000000E+0002   0.569885782366692428269E+0001
   0.384166666666666998253E+0002   0.172568713053047164936E-0006   0.147508083324916623551E-0009   0.479864587362938043677E-0008  -0.425054996799510810690E-0011   0.145910999154599423377E+0002   0.129240044911178800918E-0001  -0.250000000000000000000E+0002   0.569885337657571611203E+0001
   0.398062500000000341061E+0002   0.179242919104054222006E-0006   0.153425870926715502073E-0009   0.480730586985464950240E-0008  -0.426697702901592628952E-0011   0.145918185510779228053E+0002   0.129512122002763269135E-0001  -0.250000000000000000000E+0002   0.569884878157661756148E+0001
   0.412395833333333641235E+0002   0.186139726973504399305E-0006   0.159553673420030710242E-0009   0.481604437238863919247E-0008  -0.428361917009035409644E-0011   0.145925423235919584641E+0002   0.129787707905075037906E-0001  -0.250000000000000000000E+0002   0.569884403104154380060E+0001
   0.427166666666666969832E+0002   0.193260008747550410552E-0006   0.165893244515827885163E-0009   0.482485476890488885763E-0008  -0.430046226558336150274E-0011   0.145932706496788018313E+0002   0.130066540567671043438E-0001  -0.250000000000000000000E+0002   0.569883912421539307047E+0001
   0.442375000000000326850E+0002   0.200604636780050261838E-0006   0.172446345635142606836E-0009   0.483373092867239768047E-0008  -0.431749393514869050448E-0011   0.145940029937690276540E+0002   0.130348369510517418657E-0001  -0.250000000000000000000E+0002   0.569883406034301476240E+0001
   0.458041666666667026675E+0002   0.208184572261779334340E-0006   0.179223775007773989464E-0009   0.484267872114855988054E-0008  -0.433472514506015662241E-0011   0.145947398151589169402E+0002   0.130633322396208027827E-0001  -0.250000000000000000000E+0002   0.569882883170085108304E+0001
   0.474187500000000383693E+0002   0.216010850362864440828E-0006   0.186236479848267370068E-0009   0.485170333265009007532E-0008  -0.435216451456803885994E-0011   0.145954815091818890238E+0002   0.130921501988232828056E-0001  -0.250000000000000000000E+0002   0.569882343050108097771E+0001
   0.490812500000000397904E+0002   0.224084454372472589854E-0006   0.193486455099244481464E-0009   0.486079825024358800880E-0008  -0.436979750745082087620E-0011   0.145962275051776018131E+0002   0.131212633745339292413E-0001  -0.250000000000000000000E+0002   0.569881785589256750768E+0001
   0.507937500000000383693E+0002   0.232416513442936334669E-0006   0.200984842596610922259E-0009   0.486996830462760709727E-0008  -0.438763316024223774426E-0011   0.145969781721402753760E+0002   0.131506805331902572320E-0001  -0.250000000000000000000E+0002   0.569881210000598947829E+0001
   0.525562500000000412115E+0002   0.241008067400711952564E-0006   0.208733759259271405149E-0009   0.487920707463870864892E-0008  -0.440565654682693522893E-0011   0.145977329495817755856E+0002   0.131803737242306515803E-0001  -0.250000000000000000000E+0002   0.569880616194142408659E+0001
   0.543708333333333726500E+0002   0.249870340310483966057E-0006   0.216744543096085931435E-0009   0.488851901359822193783E-0008  -0.442387572313050303563E-0011   0.145984921747525984159E+0002   0.132103498677704211950E-0001  -0.250000000000000000000E+0002   0.569880003374724264376E+0001
   0.562395833333333712289E+0002   0.259014633002125853250E-0006   0.225028687371628178946E-0009   0.489790802098827606830E-0008  -0.444229639587420698440E-0011   0.145992561327978371821E+0002   0.132406136229853924752E-0001  -0.250000000000000000000E+0002   0.569879370740516666416E+0001
   0.581625000000000369482E+0002   0.268442100123599346789E-0006   0.233588549044783998347E-0009   0.490736752997032462674E-0008  -0.446090317136219731452E-0011   0.146000242532501296466E+0002   0.132711354549912511486E-0001  -0.250000000000000000000E+0002   0.569878718191607802623E+0001
   0.601437500000000397904E+0002   0.278174383324742558379E-0006   0.242445153700205972083E-0009   0.491691098983450369688E-0008  -0.447972219052083317405E-0011   0.146007976020789254079E+0002   0.133019504633623813356E-0001  -0.250000000000000000000E+0002   0.569878044207368894547E+0001
   0.621833333333333726500E+0002   0.288212754831068542476E-0006   0.251601098063929677510E-0009   0.492653134176431474432E-0008  -0.449873569826356312701E-0011   0.146015755634541228858E+0002   0.133330265523101711145E-0001  -0.250000000000000000000E+0002   0.569877348677711470515E+0001
   0.642812500000000426326E+0002   0.298558486841804380084E-0006   0.261058982073642876924E-0009   0.493622202101772129747E-0008  -0.451792894790155276242E-0011   0.146023575741330802202E+0002   0.133643332119178642747E-0001  -0.250000000000000000000E+0002   0.569876631492582674809E+0001
   0.664416666666667055097E+0002   0.309233459350983001950E-0006   0.270840311682026697416E-0009   0.494599522960860018982E-0008  -0.453732505423490218715E-0011   0.146031445927160472564E+0002   0.133959003857296692075E-0001  -0.250000000000000000000E+0002   0.569875891110655974359E+0001
   0.686645833333333683868E+0002   0.320239064188198710536E-0006   0.280947928214108194794E-0009   0.495584395122689221206E-0008  -0.455690586466981132327E-0011   0.146039360106003588413E+0002   0.134276948890148118548E-0001  -0.250000000000000000000E+0002   0.569875127411525994603E+0001
   0.709541666666667083518E+0002   0.331597383791714563146E-0006   0.291403742344508781094E-0009   0.496577927403079078670E-0008  -0.457669248020649265216E-0011   0.146047326901235745567E+0002   0.134597422169468045050E-0001  -0.250000000000000000000E+0002   0.569874338836290927901E+0001
   0.733104166666667111940E+0002   0.343309932213885864319E-0006   0.302210839810336328784E-0009   0.497579389319676107101E-0008  -0.459666589810749567522E-0011   0.146055339995861608315E+0002   0.134920074251877984695E-0001  -0.250000000000000000000E+0002   0.569873525253983803651E+0001
   0.757375000000000397904E+0002   0.355398998092241554741E-0006   0.313391541537524160914E-0009   0.498589789063178383016E-0008  -0.461684492994322443490E-0011   0.146063407150232240639E+0002   0.135245118233971225313E-0001  -0.250000000000000000000E+0002   0.569872685087807351323E+0001
   0.782375000000000397904E+0002   0.367876628720152420945E-0006   0.324958840129216039415E-0009   0.499609202182687280655E-0008  -0.463722699353647037651E-0011   0.146071528508489816289E+0002   0.135572456324114364729E-0001  -0.250000000000000000000E+0002   0.569871817471231256746E+0001
   0.808104166666667111940E+0002   0.380744526077973366671E-0006   0.336916191165740463418E-0009   0.500636870852943354368E-0008  -0.465779327462229749794E-0011   0.146079697591731196837E+0002   0.135901720195658569368E-0001  -0.250000000000000000000E+0002   0.569870922257068812655E+0001
   0.834625000000000483169E+0002   0.394035746827622896623E-0006   0.349296285910238043368E-0009   0.501674464997899294272E-0008  -0.467857575300187844193E-0011   0.146087927368299741460E+0002   0.136233320637950267029E-0001  -0.250000000000000000000E+0002   0.569869997112514692361E+0001
   0.861937500000000511591E+0002   0.407752185332299091914E-0006   0.362102955608453846113E-0009   0.502721160234285978285E-0008  -0.469955202951421345046E-0011   0.146096210723852664159E+0002   0.136566854972630657983E-0001  -0.250000000000000000000E+0002   0.569869041873734083481E+0001
   0.890083333333333825976E+0002   0.421916727504152787045E-0006   0.375359694994991132245E-0009   0.503777707914785401030E-0008  -0.472073512569109279137E-0011   0.146104553233780585231E+0002   0.136902427997123172371E-0001  -0.250000000000000000000E+0002   0.569868054912116406285E+0001
   0.919083333333333882820E+0002   0.436541916981126659055E-0006   0.389080462902958251065E-0009   0.504844028278113424546E-0008  -0.474211862824070341122E-0011   0.146112953753318528527E+0002   0.137239869685003203909E-0001  -0.250000000000000000000E+0002   0.569867035318155590318E+0001
   0.949000000000000483169E+0002   0.451661466821967316591E-0006   0.403299235155149766834E-0009   0.505921489674757862323E-0008  -0.476372720704863656172E-0011   0.146121422632471364977E+0002   0.137579467071414981993E-0001  -0.250000000000000000000E+0002   0.569865980702045415995E+0001
   0.979833333333333769133E+0002   0.467277671063819176051E-0006   0.418020606857420289240E-0009   0.507009177148843876152E-0008  -0.478553629429290826645E-0011   0.146129952029170926409E+0002   0.137920773352641218290E-0001  -0.250000000000000000000E+0002   0.569864890865419937427E+0001
   0.101164583333333382598E+0003   0.483424582529161832557E-0006   0.433279209042973820653E-0009   0.508108332269319822572E-0008  -0.480756854682091655532E-0011   0.146138551264726093137E+0002   0.138264025556413504281E-0001  -0.250000000000000000000E+0002   0.569863763388992872194E+0001
   0.104447916666666714036E+0003   0.500125920350133021955E-0006   0.449100146350509615254E-0009   0.509219382042367159892E-0008  -0.482982695609862139337E-0011   0.146147223048209262686E+0002   0.138609190641241549619E-0001  -0.250000000000000000000E+0002   0.569862596571875634766E+0001
   0.107837500000000048317E+0003   0.517405591138936345713E-0006   0.465508880338570869797E-0009   0.510342693664845693378E-0008  -0.485231432116393902753E-0011   0.146155969630247675184E+0002   0.138956213275343402891E-0001  -0.250000000000000000000E+0002   0.569861388696934945131E+0001
   0.111337500000000048317E+0003   0.535287691504431637869E-0006   0.482531231789383143479E-0009   0.511478577080695920094E-0008  -0.487503199488422639924E-0011   0.146164792785547508203E+0002   0.139305015474446066553E-0001  -0.250000000000000000000E+0002   0.569860138030572205281E+0001
   0.114952083333333376913E+0003   0.553796510620330655476E-0006   0.500193382792077711379E-0009   0.512627288718456357663E-0008  -0.489798012078828083424E-0011   0.146173693846736867386E+0002   0.139655498592864708157E-0001  -0.250000000000000000000E+0002   0.569858842822504652048E+0001
   0.118687500000000042633E+0003   0.572967236887427532109E-0006   0.518532130877457109170E-0009   0.513789665594359914869E-0008  -0.492117079882977589402E-0011   0.146182678645309156451E+0002   0.140007737347097385716E-0001  -0.250000000000000000000E+0002   0.569857500554895768374E+0001
   0.122550000000000039790E+0003   0.592835353699514097166E-0006   0.537584832284917622558E-0009   0.514966445459686140284E-0008  -0.494461331323264752518E-0011   0.146191752136030537201E+0002   0.140361766868467036790E-0001  -0.250000000000000000000E+0002   0.569856108684303030998E+0001
   0.126545833333333376913E+0003   0.613436644882813175505E-0006   0.557389408252493516325E-0009   0.516158273212988816576E-0008  -0.496831507050582995110E-0011   0.146200918497253962158E+0002   0.140717587507707062033E-0001  -0.250000000000000000000E+0002   0.569854664641219521570E+0001
   0.130683333333333365545E+0003   0.634817978757572649400E-0006   0.577994751499396744956E-0009   0.517366297686502863442E-0008  -0.499229380919419459892E-0011   0.146210185752261097036E+0002   0.141075343775543000230E-0001  -0.250000000000000000000E+0002   0.569853165072422473969E+0001
   0.134966666666666696983E+0003   0.657005027993159939176E-0006   0.599429630254316961579E-0009   0.518590379409687024885E-0008  -0.501653997527153368275E-0011   0.146219551855470477619E+0002   0.141434787856229097353E-0001  -0.250000000000000000000E+0002   0.569851608107696439021E+0001
   0.139406250000000028422E+0003   0.680056171356217902602E-0006   0.621754701369711830125E-0009   0.519832050875224260211E-0008  -0.504107980289670819837E-0011   0.146229027717704571643E+0002   0.141796167253652235368E-0001  -0.250000000000000000000E+0002   0.569849989573090631723E+0001
   0.144010416666666685614E+0003   0.704019461885764935561E-0006   0.645021066164081763594E-0009   0.521092124586812697992E-0008  -0.506592256990163125694E-0011   0.146238618472823667105E+0002   0.142159502319670807274E-0001  -0.250000000000000000000E+0002   0.569848306012521454988E+0001
   0.148785416666666691299E+0003   0.728932507560838081879E-0006   0.669270026979660975097E-0009   0.522370761223380398445E-0008  -0.509106511125935756168E-0011   0.146248324238734195291E+0002   0.142524622093639780074E-0001  -0.250000000000000000000E+0002   0.569846554698257712346E+0001
   0.153716666666666696983E+0003   0.754724156678332689700E-0006   0.694436901078234454189E-0009   0.523662769429205220905E-0008  -0.511639547843576909453E-0011   0.146258104277463552023E+0002   0.142889837574129274084E-0001  -0.250000000000000000000E+0002   0.569844740560225293535E+0001
   0.158806250000000034106E+0003   0.781410013854493561840E-0006   0.720541192579556021926E-0009   0.524967501753899639106E-0008  -0.514190093766097090984E-0011   0.146267953302596200871E+0002   0.143254819342195430232E-0001  -0.250000000000000000000E+0002   0.569842862424481477746E+0001
   0.164062500000000028422E+0003   0.809038686243212006351E-0006   0.747634859098996278919E-0009   0.526285868983408361375E-0008  -0.516759526326496193343E-0011   0.146277877567431193739E+0002   0.143619676129648436019E-0001  -0.250000000000000000000E+0002   0.569840916787225459927E+0001
   0.169491666666666702667E+0003   0.837648229013919260423E-0006   0.775759836324780835895E-0009   0.527618190839844381555E-0008  -0.519347957581222507900E-0011   0.146287878639711514950E+0002   0.143984348483770317056E-0001  -0.250000000000000000000E+0002   0.569838900882356913513E+0001
   0.175102083333333382598E+0003   0.867288054355633785102E-0006   0.804969524268474776975E-0009   0.528965222747793793040E-0008  -0.521956491307359445561E-0011   0.146297961398468778782E+0002   0.144348904039408327399E-0001  -0.250000000000000000000E+0002   0.569836811136299914438E+0001
   0.180902083333333393966E+0003   0.898008028565854033202E-0006   0.835318135818812885793E-0009   0.530327637073496452557E-0008  -0.524586027056917249762E-0011   0.146308129989937434345E+0002   0.144713388971530205335E-0001  -0.250000000000000000000E+0002   0.569834643936116158613E+0001
   0.186902083333333393966E+0003   0.929869557606582298681E-0006   0.866871690357562061779E-0009   0.531706493065455637342E-0008  -0.527238278259508977085E-0011   0.146318391414363695446E+0002   0.145077956619489006201E-0001  -0.250000000000000000000E+0002   0.569832394845472922640E+0001
   0.193110416666666736774E+0003   0.962923527013317083673E-0006   0.899686221934604264513E-0009   0.533102288277824663220E-0008  -0.529913809494666850640E-0011   0.146328748324941919634E+0002   0.145442611048814049446E-0001  -0.250000000000000000000E+0002   0.569830060163093055081E+0001
   0.199537500000000079581E+0003   0.997232439440711239170E-0006   0.933829707060610199304E-0009   0.534515900889034145915E-0008  -0.532614038696939310500E-0011   0.146339206223493789594E+0002   0.145807464463983665198E-0001  -0.250000000000000000000E+0002   0.569827635357567974239E+0001
   0.206195833333333411019E+0003   0.103287057162299057903E-0005   0.969382358957932323504E-0009   0.535948552341158728772E-0008  -0.535341043647090023396E-0011   0.146349773053004561518E+0002   0.146172719728182732429E-0001  -0.250000000000000000000E+0002   0.569825115053651032326E+0001
   0.213095833333333416704E+0003   0.106990174580099670198E-0005   0.100641451111451655548E-0008   0.537400920680966956530E-0008  -0.538095817594345591445E-0011   0.146360452561737250932E+0002   0.146538440569054378981E-0001  -0.250000000000000000000E+0002   0.569822494605476137508E+0001
   0.220245833333333422388E+0003   0.110837919462890202227E-0005   0.104498635380328526161E-0008   0.538873193225725551301E-0008  -0.540878481811981646531E-0011   0.146371244838230616381E+0002   0.146904576579738824910E-0001  -0.250000000000000000000E+0002   0.569819770108391132624E+0001
   0.227608333333333433757E+0003   0.114810900808532790537E-0005   0.108490980619925367909E-0008   0.540356597544532689316E-0008  -0.543671635907478745899E-0011   0.146382083671933660440E+0002   0.147268870196752658941E-0001  -0.250000000000000000000E+0002   0.569816955192997021129E+0001
   0.235187500000000113687E+0003   0.118912085319593599926E-0005   0.112622027250298218122E-0008   0.541850987683037378017E-0008  -0.546475945874850683572E-0011   0.146392968255728401772E+0002   0.147631327719561552397E-0001  -0.250000000000000000000E+0002   0.569814047644730781172E+0001
   0.242989583333333456494E+0003   0.123145596387184530570E-0005   0.116896501407137496014E-0008   0.543356680140748844503E-0008  -0.549292046285619399722E-0011   0.146403900287671078217E+0002   0.147992056668699023536E-0001  -0.250000000000000000000E+0002   0.569811044422761714401E+0001
   0.251022916666666787933E+0003   0.127516730643741043207E-0005   0.121320345756060489112E-0008   0.544874364108115073080E-0008  -0.552121427239572170681E-0011   0.146414884129302986793E+0002   0.148351262263675936354E-0001  -0.250000000000000000000E+0002   0.569807941645995796875E+0001
   0.259291666666666799301E+0003   0.132028559414219642777E-0005   0.125897281898149891800E-0008   0.546403948829131667238E-0008  -0.554964069323454446680E-0011   0.146425918328762065812E+0002   0.148708968930014676785E-0001  -0.250000000000000000000E+0002   0.569804737008983597235E+0001
   0.267804166666666787933E+0003   0.136686463985667656790E-0005   0.130633401290635641868E-0008   0.547946094803529830119E-0008  -0.557821534604632766959E-0011   0.146437007017313991497E+0002   0.149065392627923294644E-0001  -0.250000000000000000000E+0002   0.569801426557374313120E+0001
   0.276566666666666776564E+0003   0.141494733831119586106E-0005   0.135533721828507428385E-0008   0.549501082070829859104E-0008  -0.560694599226079496035E-0011   0.146448151408406506135E+0002   0.149420663031030655915E-0001  -0.250000000000000000000E+0002   0.569798007106592496740E+0001
   0.285585416666666787933E+0003   0.146457699519810576744E-0005   0.140603334084926565548E-0008   0.551069191066338370501E-0008  -0.563584123792894308206E-0011   0.146459352740415091887E+0002   0.149774918969584058814E-0001  -0.250000000000000000000E+0002   0.569794475436522418477E+0001
   0.294868750000000147793E+0003   0.151580884873498051603E-0005   0.145848583311486732841E-0008   0.552651051138562076271E-0008  -0.566491666271718716541E-0011   0.146470614752604042508E+0002   0.150128385401183065545E-0001  -0.250000000000000000000E+0002   0.569790827469380545267E+0001
   0.304422916666666822039E+0003   0.156868714986725774587E-0005   0.151274729273783619963E-0008   0.554246941311052568295E-0008  -0.569418108932136739412E-0011   0.146481938555131314672E+0002   0.150481210456430564149E-0001  -0.250000000000000000000E+0002   0.569787059903206927203E+0001
   0.314256250000000136424E+0003   0.162326816867529016283E-0005   0.156888303049200177415E-0008   0.555857477857129360499E-0008  -0.572365044574710783901E-0011   0.146493327707084990408E+0002   0.150833624256632437000E-0001  -0.250000000000000000000E+0002   0.569783168570858489232E+0001
   0.324375000000000113687E+0003   0.167959714361130335143E-0005   0.162694742911393113720E-0008   0.557482946811775898128E-0008  -0.575333425308668596126E-0011   0.146504783297415492882E+0002   0.151185785063461548133E-0001  -0.250000000000000000000E+0002   0.569779150084884467020E+0001
   0.334789583333333439441E+0003   0.173774307060517800279E-0005   0.168701980659324301234E-0008   0.559124279570010329550E-0008  -0.578325489158261657068E-0011   0.146516311053319903124E+0002   0.151537997683394327908E-0001  -0.250000000000000000000E+0002   0.569774999351662714275E+0001
   0.345504166666666776564E+0003   0.179774064204525676099E-0005   0.174914451266372842000E-0008   0.560781454996411369658E-0008  -0.581341623435202314911E-0011   0.146527909731602115073E+0002   0.151890356972729616281E-0001  -0.250000000000000000000E+0002   0.569770713721440547062E+0001
   0.356529166666666753827E+0003   0.185966005243769632877E-0005   0.181340306650060951327E-0008   0.562455396938571384396E-0008  -0.584384122564452815518E-0011   0.146539584952112367233E+0002   0.152243170068550714297E-0001  -0.250000000000000000000E+0002   0.569766287996766962465E+0001
   0.367872916666666753827E+0003   0.192356051931831088266E-0005   0.187986618147107618381E-0008   0.564146719971354145668E-0008  -0.587454615333629046944E-0011   0.146551339917034368909E+0002   0.152596672503052793041E-0001  -0.250000000000000000000E+0002   0.569761717755123520135E+0001
   0.379543750000000102318E+0003   0.198950191581441119954E-0005   0.194860578988254202513E-0008   0.565856036312619501924E-0008  -0.590554783090635065612E-0011   0.146563177804087985123E+0002   0.152951100747045851819E-0001  -0.250000000000000000000E+0002   0.569756998517227142287E+0001
   0.391547916666666765195E+0003   0.205753296273848919524E-0005   0.201968271313021901872E-0008   0.567583673781210156293E-0008  -0.593685783379361710697E-0011   0.146575099730892439709E+0002   0.153306631334597862071E-0001  -0.250000000000000000000E+0002   0.569752126594071839349E+0001
   0.403895833333333428072E+0003   0.212772664860219137562E-0005   0.209318367614745950316E-0008   0.569330548163022511349E-0008  -0.596849921864649056096E-0011   0.146587110962929916269E+0002   0.153663565914286381203E-0001  -0.250000000000000000000E+0002   0.569747096546047693266E+0001
   0.416581250000000068212E+0003   0.220006163183830613425E-0005   0.216909700033016475830E-0008   0.571095342212502321565E-0008  -0.600045261513142817346E-0011   0.146599200945410288455E+0002   0.154021737645977461334E-0001  -0.250000000000000000000E+0002   0.569741909698828941089E+0001
   0.429604166666666742458E+0003   0.227455207036852475244E-0005   0.224744822114027804931E-0008   0.572877657092159083430E-0008  -0.603271804499924835691E-0011   0.146611366039816246598E+0002   0.154381187851351589502E-0001  -0.250000000000000000000E+0002   0.569736564830584057972E+0001
   0.442972916666666719721E+0003   0.235126014326078385677E-0005   0.232831373221473355952E-0008   0.574678259557702254357E-0008  -0.606531646777198254840E-0011   0.146623610609131240778E+0002   0.154742195153583558115E-0001  -0.250000000000000000000E+0002   0.569731057262465689917E+0001
   0.456700000000000045475E+0003   0.243027278983990613974E-0005   0.241179676288106337985E-0008   0.576498467099227469595E-0008  -0.609827842513020909458E-0011   0.146635942571957773595E+0002   0.155105141695994017820E-0001  -0.250000000000000000000E+0002   0.569725380522009672291E+0001
   0.470793750000000045475E+0003   0.251165391869316003483E-0005   0.249797702396411921063E-0008   0.578339053468556324105E-0008  -0.613162402238526954286E-0011   0.146648365867437959764E+0002   0.155470290676308978139E-0001  -0.250000000000000000000E+0002   0.569719529780334887903E+0001
   0.485264583333333405335E+0003   0.259548031498895408407E-0005   0.258694860673312157364E-0008   0.580201042639573745425E-0008  -0.616537866974591371171E-0011   0.146660886185830836581E+0002   0.155837955318616269013E-0001  -0.250000000000000000000E+0002   0.569713499268879530746E+0001
   0.500125000000000056843E+0003   0.268184185698578212659E-0005   0.267882038880059838911E-0008   0.582085706905149771110E-0008  -0.619957228099490718402E-0011   0.146673510778224827078E+0002   0.156208493437285968197E-0001  -0.250000000000000000000E+0002   0.569707282260472069879E+0001
   0.515385416666666742458E+0003   0.277081740933092534641E-0005   0.277369048311226109025E-0008   0.583994051183111441421E-0008  -0.623422970030956548966E-0011   0.146686244894561319541E+0002   0.156582202958701934004E-0001  -0.250000000000000000000E+0002   0.569700872806313007857E+0001
   0.531058333333333393966E+0003   0.286249907077125942211E-0005   0.287167207244786668262E-0008   0.585927315268938579745E-0008  -0.626938056980171755277E-0011   0.146699095341162912831E+0002   0.156959426580671433660E-0001  -0.250000000000000000000E+0002   0.569694263986824900314E+0001
   0.547158333333333416704E+0003   0.295699240696613975890E-0005   0.297289384962222955610E-0008   0.587886970194047958115E-0008  -0.630505883301660992401E-0011   0.146712070327532657643E+0002   0.157340547720598994408E-0001  -0.250000000000000000000E+0002   0.569687447891328346827E+0001
   0.563700000000000045475E+0003   0.305440440523163187831E-0005   0.307748726878000157909E-0008   0.589874465344051473340E-0008  -0.634129807221103752743E-0011   0.146725177722484954046E+0002   0.157725939662484403170E-0001  -0.250000000000000000000E+0002   0.569680416485864871134E+0001
   0.580697916666666742458E+0003   0.315484351992322425453E-0005   0.318558664790675506918E-0008   0.591891226451284422415E-0008  -0.637813168399675779990E-0011   0.146738425091120419097E+0002   0.158115966913064780186E-0001  -0.250000000000000000000E+0002   0.569673161609313982723E+0001
   0.598166666666666742458E+0003   0.325841971940972599992E-0005   0.329732927645763120895E-0008   0.593938659028371923766E-0008  -0.641559292800867904279E-0011   0.146751819718498097700E+0002   0.158510986173262466425E-0001  -0.250000000000000000000E+0002   0.569665674969323898580E+0001
   0.616100000000000022737E+0003   0.336512036798317068406E-0005   0.341272108310716462346E-0008   0.596015841433287541746E-0008  -0.645367112504459964416E-0011   0.146765353127888342755E+0002   0.158910888108826919840E-0001  -0.250000000000000000000E+0002   0.569657957139803361457E+0001
   0.634404166666666696983E+0003   0.347440936044292475335E-0005   0.353119994242959624776E-0008   0.598112294376684442477E-0008  -0.649217543433270938081E-0011   0.146778953518291164215E+0002   0.159313679714417691380E-0001  -0.250000000000000000000E+0002   0.569650046674180732253E+0001
   0.653085416666666674246E+0003   0.358634328406231935651E-0005   0.365284318713047355850E-0008   0.600228617380489894446E-0008  -0.653113153216020738784E-0011   0.146792626090398741212E+0002   0.159719633121344524451E-0001  -0.250000000000000000000E+0002   0.569641939206194880541E+0001
   0.672149999999999977263E+0003   0.370097947761005239815E-0005   0.377772977031484350241E-0008   0.602365697154346629672E-0008  -0.657056081735031235039E-0011   0.146806375427692472613E+0002   0.160129001020887402895E-0001  -0.250000000000000000000E+0002   0.569633630301832383225E+0001
   0.691606249999999931788E+0003   0.381838867759258091450E-0005   0.390595412122462382618E-0008   0.604524631361177856304E-0008  -0.661048999860640790453E-0011   0.146820207424497013449E+0002   0.160542071921861081996E-0001  -0.250000000000000000000E+0002   0.569625114542115884575E+0001
   0.711462499999999977263E+0003   0.393864262454437992792E-0005   0.403761275938044086220E-0008   0.606706506670790592583E-0008  -0.665094548127896471585E-0011   0.146834127744462659138E+0002   0.160959124917048786163E-0001  -0.250000000000000000000E+0002   0.569616386421273901419E+0001
   0.731729166666666628771E+0003   0.406182677422644890502E-0005   0.417281829935499386705E-0008   0.608912611198907849871E-0008  -0.669195766584182942136E-0011   0.146848143268466468925E+0002   0.161380473607433856664E-0001  -0.250000000000000000000E+0002   0.569607439421049477346E+0001
   0.752414583333333325754E+0003   0.418801509153368938399E-0005   0.431167189329739814467E-0008   0.611144004369240760642E-0008  -0.673355253234964793579E-0011   0.146862259201318003932E+0002   0.161806379707513138533E-0001  -0.250000000000000000000E+0002   0.569598267843426597778E+0001
   0.773527083333333280279E+0003   0.431728262906696783248E-0005   0.445427699114723962151E-0008   0.613401728809555685119E-0008  -0.677575604828043361823E-0011   0.146876480585623507835E+0002   0.162237098438615182094E-0001  -0.250000000000000000000E+0002   0.569588865896492979601E+0001
   0.795074999999999931788E+0003   0.444970555500738429596E-0005   0.460073941245828196832E-0008   0.615686819166814583896E-0008  -0.681859413556100331542E-0011   0.146890812307738123366E+0002   0.162672879025287549226E-0001  -0.250000000000000000000E+0002   0.569579227691961342828E+0001
   0.817068749999999909051E+0003   0.458537405738179712033E-0005   0.475118171751779262982E-0008   0.618000513265381053594E-0008  -0.686209681302980533544E-0011   0.146905260464521170150E+0002   0.163114006794786194077E-0001  -0.250000000000000000000E+0002   0.569569346302616441591E+0001
   0.839518749999999954525E+0003   0.472437969439323786287E-0005   0.490572935777071580064E-0008   0.620344045852000329446E-0008  -0.690629409077970124031E-0011   0.146919830953581076471E+0002   0.163560760992581197271E-0001  -0.250000000000000000000E+0002   0.569559214682723435885E+0001
   0.862433333333333280279E+0003   0.486680246129705621893E-0005   0.506449629392576966922E-0008   0.622718439128993058327E-0008  -0.695121207092750571283E-0011   0.146934528180120178575E+0002   0.164013375057148365344E-0001  -0.250000000000000000000E+0002   0.569548826613201608637E+0001
   0.885824999999999931788E+0003   0.501274965018762181263E-0005   0.522762835293538974352E-0008   0.625125118412876716286E-0008  -0.699688511069818544230E-0011   0.146949359075810832564E+0002   0.164472160602835704157E-0001  -0.250000000000000000000E+0002   0.569538173861148155908E+0001
   0.909702083333333234805E+0003   0.516230409518523322265E-0005   0.539524559164322774272E-0008   0.627565111314569726762E-0008  -0.704333971108967885725E-0011   0.146964327780196342133E+0002   0.164937343841869178684E-0001  -0.250000000000000000000E+0002   0.569527249962007697803E+0001
   0.934074999999999931788E+0003   0.531556308879403866685E-0005   0.556748576184643866971E-0008   0.630039639843980415585E-0008  -0.709060678640345413862E-0011   0.146979439665754068045E+0002   0.165409189857622165865E-0001  -0.250000000000000000000E+0002   0.569516047374360212530E+0001
   0.958954166666666651508E+0003   0.547262550133771795359E-0005   0.574449003759039646178E-0008   0.632549938420246654843E-0008  -0.713871758285137654699E-0011   0.146994699997967703808E+0002   0.165887961729814202572E-0001  -0.250000000000000000000E+0002   0.569504558420244588746E+0001
   0.984352083333333325754E+0003   0.563360506073109518633E-0005   0.592641811454577969047E-0008   0.635097448422635830411E-0008  -0.718770778860285330459E-0011   0.147010115211980068040E+0002   0.166373961112556492670E-0001  -0.250000000000000000000E+0002   0.569492774309980198666E+0001
   0.101027708333333328028E+0004   0.579859081791837587607E-0005   0.611340362714611174501E-0008   0.637683231087757736070E-0008  -0.723760573244510923074E-0011   0.147025689146214091352E+0002   0.166867409789727000335E-0001  -0.250000000000000000000E+0002   0.569480688041441673874E+0001
   0.103674374999999986358E+0004   0.596771336060658551812E-0005   0.630562916915869454829E-0008   0.640308940942748236624E-0008  -0.728845223582638762793E-0011   0.147041429337352820284E+0002   0.167368648933154083591E-0001  -0.250000000000000000000E+0002   0.569468289539939220845E+0001
   0.106376249999999981810E+0004   0.614107871394965408563E-0005   0.650325157390425032541E-0008   0.642975875655917121404E-0008  -0.734028092344956185089E-0011   0.147057340752059904077E+0002   0.167877941238356101494E-0001  -0.250000000000000000000E+0002   0.569455570508257835627E+0001
   0.109134583333333307564E+0004   0.631880821201223295532E-0005   0.670644722165847785483E-0008   0.645685534383000577542E-0008  -0.739313023958386926353E-0011   0.147073429569509688264E+0002   0.168395591112592904470E-0001  -0.250000000000000000000E+0002   0.569442521498369380595E+0001
   0.111950624999999968168E+0004   0.650102533403194318923E-0005   0.691539724595790860345E-0008   0.648439447038996193214E-0008  -0.744703952045553461129E-0011   0.147089701931833669590E+0002   0.168921905495543200892E-0001  -0.250000000000000000000E+0002   0.569429132876372268157E+0001
   0.114825416666666637866E+0004   0.668784221361400176671E-0005   0.713027210230320239552E-0008   0.651238978540164526078E-0008  -0.750204526280082638202E-0011   0.147106162791491819064E+0002   0.169457156508703750408E-0001  -0.250000000000000000000E+0002   0.569415395816285485608E+0001
   0.117760624999999981810E+0004   0.687941392572385588232E-0005   0.735129417220137650970E-0008   0.654086094847560537821E-0008  -0.755819683144148123842E-0011   0.147122820673191796459E+0002   0.170001736850797294243E-0001  -0.250000000000000000000E+0002   0.569401298297111502222E+0001
   0.120757291666666651508E+0004   0.707585734013439716163E-0005   0.757864455289634768985E-0008   0.656982244634984047093E-0008  -0.761553319094245165170E-0011   0.147139680552345364362E+0002   0.170555928470640036365E-0001  -0.250000000000000000000E+0002   0.569386831082318956021E+0001
   0.123816874999999981810E+0004   0.727731905582352774173E-0005   0.781254145360388079694E-0008   0.659929275704376460099E-0008  -0.767410254669525274610E-0011   0.147156749821202641471E+0002   0.171120097400084859862E-0001  -0.250000000000000000000E+0002   0.569371982709972801473E+0001
   0.126940833333333307564E+0004   0.748394847886081451859E-0005   0.805320942922984800176E-0008   0.662929095852719013628E-0008  -0.773395464420302177300E-0011   0.147174035897937187656E+0002   0.171694616558546904461E-0001  -0.250000000000000000000E+0002   0.569356741474470418041E+0001
   0.130130624999999963620E+0004   0.769589793324858923926E-0005   0.830087967091872092652E-0008   0.665983661837761371822E-0008  -0.779514099377571430204E-0011   0.147191546263619486012E+0002   0.172279867254915182440E-0001  -0.250000000000000000000E+0002   0.569341095417103648657E+0001
   0.133387708333333307564E+0004   0.791332277512894830939E-0005   0.855579031117884137280E-0008   0.669094985013115351093E-0008  -0.785771498607865218034E-0011   0.147209288485856060191E+0002   0.172876240290843960490E-0001  -0.250000000000000000000E+0002   0.569325032316081713901E+0001
   0.136713541666666651508E+0004   0.813638151348469840338E-0005   0.881818674795942062405E-0008   0.672265137099680252259E-0008  -0.792173205655861489429E-0011   0.147227270242082859397E+0002   0.173484137055478424005E-0001  -0.250000000000000000000E+0002   0.569308539675984093265E+0001
   0.140109791666666660603E+0004   0.836525000920882285055E-0005   0.908833862732468776071E-0008   0.675496443287791819876E-0008  -0.798725378214116824439E-0011   0.147245500450897370825E+0002   0.174104008426332751425E-0001  -0.250000000000000000000E+0002   0.569291603672229484800E+0001
   0.143578125000000000000E+0004   0.860010781056141110508E-0005   0.936652412646271971654E-0008   0.678791308863977499380E-0008  -0.805434420927007841567E-0011   0.147263988150235949348E+0002   0.174736317682231204196E-0001  -0.250000000000000000000E+0002   0.569274210159840077239E+0001
   0.147120208333333334849E+0004   0.884113831110889254023E-0005   0.965303037831129976484E-0008   0.682152217278370448692E-0008  -0.812307004209329724924E-0011   0.147282742528786858571E+0002   0.175381541850516582681E-0001  -0.250000000000000000000E+0002   0.569256344659764668137E+0001
   0.150737708333333330302E+0004   0.908852891533240819094E-0005   0.994815392163998638637E-0008   0.685581737145850933890E-0008  -0.819350082624101996738E-0011   0.147301772950688185659E+0002   0.176040172824820859154E-0001  -0.250000000000000000000E+0002   0.569237992344386078969E+0001
   0.154432500000000004547E+0004   0.934248556836333570721E-0005   0.102522183985047584353E-0007   0.689082715519863720650E-0008  -0.826571313075792882930E-0011   0.147321090059855581700E+0002   0.176712756184748444321E-0001  -0.250000000000000000000E+0002   0.569219136953056992212E+0001
   0.158206458333333330302E+0004   0.960321888267455788337E-0005   0.105655584595556987800E-0007   0.692658108378936787761E-0008  -0.833978691205512686260E-0011   0.147340704692675892318E+0002   0.177399854337864440468E-0001  -0.250000000000000000000E+0002   0.569199761819063887458E+0001
   0.162061458333333325754E+0004   0.987094435286920039783E-0005   0.108885203498176638112E-0007   0.696310979586572099903E-0008  -0.841580573368476293885E-0011   0.147360627909521539891E+0002   0.178102047773437133227E-0001  -0.250000000000000000000E+0002   0.569179849850972896519E+0001
   0.165999583333333316659E+0004   0.101458971641240844070E-0004   0.112214802243274124918E-0007   0.700044695249306530611E-0008  -0.849386101575749389617E-0011   0.147380872082221721087E+0002   0.178819973876834757698E-0001  -0.250000000000000000000E+0002   0.569159382423751747382E+0001
   0.170022916666666651508E+0004   0.104283181645669809794E-0004   0.115648277821824694147E-0007   0.703862756743261858250E-0008  -0.857404841762001019306E-0011   0.147401449828819135490E+0002   0.179554290019005441392E-0001  -0.250000000000000000000E+0002   0.569138340419192889641E+0001
   0.174133749999999986358E+0004   0.107184688830955798821E-0004   0.119189850544188204261E-0007   0.707768986873650459868E-0008  -0.865647215177498237269E-0011   0.147422375097586737525E+0002   0.180305712582487960571E-0001  -0.250000000000000000000E+0002   0.569116703098853626841E+0001
   0.178334166666666646961E+0004   0.110166025791775353990E-0004   0.122843716697384066531E-0007   0.711767178047338177309E-0008  -0.874123726869453755934E-0011   0.147443661066899487366E+0002   0.181074941887580179167E-0001  -0.250000000000000000000E+0002   0.569094450263322038097E+0001
   0.182626666666666642413E+0004   0.113230088844563316801E-0004   0.126614600327563500151E-0007   0.715861641502839265673E-0008  -0.882846207119550567116E-0011   0.147465323334953630763E+0002   0.181862777176694662140E-0001  -0.250000000000000000000E+0002   0.569071558906848107284E+0001
   0.187013749999999981810E+0004   0.116379849968885888028E-0004   0.130507409459467536305E-0007   0.720056878097032548590E-0008  -0.891827059708249850491E-0011   0.147487377806028980842E+0002   0.182670041119546190667E-0001  -0.250000000000000000000E+0002   0.569048005363656450584E+0001
   0.191497916666666651508E+0004   0.119618360765425148359E-0004   0.134527247061794871934E-0007   0.724357569923339113172E-0008  -0.901079289674163729514E-0011   0.147509840726525229826E+0002   0.183497580646387846437E-0001  -0.250000000000000000000E+0002   0.569023765273619197558E+0001
   0.196081874999999990905E+0004   0.122948908423754137229E-0004   0.138679612393468423629E-0007   0.728768780662779314658E-0008  -0.910616955876322118703E-0011   0.147532729741700556758E+0002   0.184346305673832172589E-0001  -0.250000000000000000000E+0002   0.568998812404202247706E+0001
   0.200768541666666646961E+0004   0.126375024830586760150E-0004   0.142970423658087698183E-0007   0.733295982198543313306E-0008  -0.920455234359436072967E-0011   0.147556063897170055554E+0002   0.185217189654006825217E-0001  -0.250000000000000000000E+0002   0.568973118570436131591E+0001
   0.205557708333333312112E+0004   0.129898036964867563594E-0004   0.147402940993440418885E-0007   0.737942036284503239034E-0008  -0.930603626024999488188E-0011   0.147579847191437227849E+0002   0.186110649572699855814E-0001  -0.250000000000000000000E+0002   0.568946672081701976253E+0001
   0.210444374999999990905E+0004   0.133515760931091755439E-0004   0.151976051159444089183E-0007   0.742705438463163858781E-0008  -0.941062070913547895598E-0011   0.147604060620392587566E+0002   0.187026223503395372383E-0001  -0.250000000000000000000E+0002   0.568919487679433277805E+0001
   0.215431041666666669698E+0004   0.137231574849427100809E-0004   0.156695713943339184039E-0007   0.747591405439779520051E-0008  -0.951846075614949800714E-0011   0.147628722836524932660E+0002   0.187964857742111864092E-0001  -0.250000000000000000000E+0002   0.568891538162660115319E+0001
   0.220520416666666687888E+0004   0.141049113835744532386E-0004   0.161568345991209855073E-0007   0.752605975451475745535E-0008  -0.962972617672812672996E-0011   0.147653853678953037587E+0002   0.188927549674648385947E-0001  -0.250000000000000000000E+0002   0.568862794261237336713E+0001
   0.225715625000000000000E+0004   0.144972439614487500035E-0004   0.166601052490133948080E-0007   0.757755830038051126737E-0008  -0.974460440296197747967E-0011   0.147679475368559405268E+0002   0.189915392600653945565E-0001  -0.250000000000000000000E+0002   0.568833223347013472448E+0001
   0.231019999999999981810E+0004   0.149005898582674340921E-0004   0.171801463613172420967E-0007   0.763048136783797446076E-0008  -0.986329632297517423131E-0011   0.147705611477451093094E+0002   0.190929536113018070986E-0001  -0.250000000000000000000E+0002   0.568802790488750709130E+0001
   0.236436874999999963620E+0004   0.153153974454503080042E-0004   0.177177559342057118333E-0007   0.768490363513570886936E-0008  -0.998601232653953206300E-0011   0.147732285915428338541E+0002   0.191971145311374859210E-0001  -0.250000000000000000000E+0002   0.568771459555035718836E+0001
   0.241969583333333275732E+0004   0.157421296103931233033E-0004   0.182737691757312698545E-0007   0.774090282045950520640E-0008  -0.101129726077650333573E-0010   0.147759522937344147664E+0002   0.193041398508121998800E-0001  -0.250000000000000000000E+0002   0.568739193145737242929E+0001
   0.247622083333333284827E+0004   0.161813133186119472210E-0004   0.188491248932183769689E-0007   0.779856580904347939391E-0008  -0.102444216339129831941E-0010   0.147787350203602159127E+0002   0.194141605819916178433E-0001  -0.250000000000000000000E+0002   0.568705948814072570485E+0001
   0.253398124999999936335E+0004   0.166334768710017810202E-0004   0.194447857691743544195E-0007   0.785798141050943124146E-0008  -0.103806109235301778627E-0010   0.147815794677422864822E+0002   0.195273045930000367643E-0001  -0.250000000000000000000E+0002   0.568671683809998551595E+0001
   0.259302083333333257542E+0004   0.170992163158468810200E-0004   0.200618275829031057113E-0007   0.791924805610634998191E-0008  -0.105218180497601941385E-0010   0.147844886722326638306E+0002   0.196437125774460118188E-0001  -0.250000000000000000000E+0002   0.568636350014908042994E+0001
   0.265338124999999945430E+0004   0.175791319845286213449E-0004   0.207013579777478583496E-0007   0.798246660359487875187E-0008  -0.106683290826106169054E-0010   0.147874655987405070334E+0002   0.197635214097312550408E-0001  -0.250000000000000000000E+0002   0.568599898748247234437E+0001
   0.271511041666666596939E+0004   0.180738961600700829961E-0004   0.213646087066275289656E-0007   0.804774817727838036980E-0008  -0.108204581649519461696E-0010   0.147905135501031619327E+0002   0.198868802112775119872E-0001  -0.250000000000000000000E+0002   0.568562275591511934181E+0001
   0.277825833333333275732E+0004   0.185842226825777169096E-0004   0.220528985893360104837E-0007   0.811521104940296467449E-0008  -0.109785396079255316410E-0010   0.147936359593449395788E+0002   0.200139417418134617221E-0001  -0.250000000000000000000E+0002   0.568523422673392442306E+0001
   0.284287499999999954525E+0004   0.191108521879548311738E-0004   0.227676164480238755597E-0007   0.818497861858618253786E-0008  -0.111429235908625630958E-0010   0.147968362854854689203E+0002   0.201448577053352680111E-0001  -0.250000000000000000000E+0002   0.568483279775584904314E+0001
   0.290877916666666624224E+0004   0.196526449094826155040E-0004   0.235076103266427672066E-0007   0.825694341298591099449E-0008  -0.113133988571428176612E-0010   0.148001065732646690520E+0002   0.202793066015674074143E-0001  -0.250000000000000000000E+0002   0.568441930618318647106E+0001
   0.297573958333333303017E+0004   0.202080069328560094359E-0004   0.242710712799912262358E-0007   0.833092471654401535859E-0008  -0.114895861896376426473E-0010   0.148034363577300709380E+0002   0.204168511450519389594E-0001  -0.250000000000000000000E+0002   0.568399494273922734067E+0001
   0.304377083333333303017E+0004   0.207773537815427586568E-0004   0.250589300250311640666E-0007   0.840698506442855424538E-0008  -0.116716986091171459738E-0010   0.148068272651248182825E+0002   0.205575439761367557978E-0001  -0.250000000000000000000E+0002   0.568355935891978703012E+0001
   0.311289999999999963620E+0004   0.213612218151738007550E-0004   0.258723075450129574624E-0007   0.848521917441043315300E-0008  -0.118600063161151314351E-0010   0.148102814512228775357E+0002   0.207014559285569992031E-0001  -0.250000000000000000000E+0002   0.568311211114767811381E+0001
   0.318315208333333293922E+0004   0.219601496102622280554E-0004   0.267123542113785227848E-0007   0.856572323090777549174E-0008  -0.120547859887869947639E-0010   0.148138009274511670554E+0002   0.208486479150451972653E-0001  -0.250000000000000000000E+0002   0.568265275208400488793E+0001
   0.325455416666666633319E+0004   0.225747141560958808880E-0004   0.275803016546573516070E-0007   0.864859826254986219922E-0008  -0.122563278781729765030E-0010   0.148173877656053925023E+0002   0.209991791486855879090E-0001  -0.250000000000000000000E+0002   0.568218080269876057997E+0001
   0.332713333333333321207E+0004   0.232055145303494510440E-0004   0.284774417940614348417E-0007   0.873394833297900517763E-0008  -0.124649306971318783325E-0010   0.148210439873611061756E+0002   0.211531022614436410578E-0001  -0.250000000000000000000E+0002   0.568169576469827131149E+0001
   0.340092083333333312112E+0004   0.238532097353997292585E-0004   0.294051827712733437627E-0007   0.882188504005970450572E-0008  -0.126809132057488298942E-0010   0.148247717679058386153E+0002   0.213104716235291112569E-0001  -0.250000000000000000000E+0002   0.568119709112835824527E+0001
   0.347594583333333321207E+0004   0.245184660170510233985E-0004   0.303649761812318442591E-0007   0.891252114136531853352E-0008  -0.129045976326849368349E-0010   0.148285731151232305081E+0002   0.214713295811160276294E-0001  -0.250000000000000000000E+0002   0.568068422691726748752E+0001
   0.355223958333333303017E+0004   0.252019947200967427831E-0004   0.313583730975725691097E-0007   0.900597468263841853921E-0008  -0.131363207398816778848E-0010   0.148324500730889461408E+0002   0.216357147764547341762E-0001  -0.250000000000000000000E+0002   0.568015657947285390605E+0001
   0.362983541666666633319E+0004   0.259045545696727372515E-0004   0.323870302180515067202E-0007   0.910236950146037715276E-0008  -0.133764345827846767153E-0010   0.148364047146233204444E+0002   0.218036616188792657656E-0001  -0.250000000000000000000E+0002   0.567961351668101777079E+0001
   0.370876874999999972715E+0004   0.266269541136276692724E-0004   0.334527164391655171551E-0007   0.920183541270532786471E-0008  -0.136253070342135255333E-0010   0.148404391343440380524E+0002   0.219751997824249103997E-0001  -0.250000000000000000000E+0002   0.567905436477474356849E+0001
   0.378907499999999981810E+0004   0.273700349463869644902E-0004   0.345572909543077405154E-0007   0.930450592038693749257E-0008  -0.138833158066761337853E-0010   0.148445553347697867252E+0002   0.221503491598368726367E-0001  -0.250000000000000000000E+0002   0.567847842117806500539E+0001
   0.387079166666666651508E+0004   0.281346929823065364771E-0004   0.357027374336061954488E-0007   0.941052055088092838578E-0008  -0.141508546473640063036E-0010   0.148487553241310177299E+0002   0.223291238313068143850E-0001  -0.250000000000000000000E+0002   0.567788493775138558561E+0001
   0.395396041666666633319E+0004   0.289219011500617912216E-0004   0.368912018257084267533E-0007   0.952002775290618654498E-0008  -0.144283406172624231506E-0010   0.148530412143257333213E+0002   0.225115360609320636076E-0001  -0.250000000000000000000E+0002   0.567727310277520302861E+0001
   0.403862083333333293922E+0004   0.297326534380002547729E-0004   0.381249116601045551916E-0007   0.963317770933583306546E-0008  -0.147161949453205142200E-0010   0.148574148907912313433E+0002   0.226975821035295156902E-0001  -0.250000000000000000000E+0002   0.567664208439892359337E+0001
   0.412481666666666660603E+0004   0.305680267370197258350E-0004   0.394062727142629246165E-0007   0.975012941009059382774E-0008  -0.150148623307045830678E-0010   0.148618783242046088588E+0002   0.228872553528447833515E-0001  -0.250000000000000000000E+0002   0.567599098207703534058E+0001
   0.421259166666666624224E+0004   0.314291443441415521741E-0004   0.407378175060048914771E-0007   0.987104627053190016885E-0008  -0.153247983420426559419E-0010   0.148664333442398195473E+0002   0.230805366243474821553E-0001  -0.250000000000000000000E+0002   0.567531885482508435814E+0001
   0.430199583333333248447E+0004   0.323172408112474440116E-0004   0.421223096904902612211E-0007   0.999610377438058090384E-0008  -0.156464903280771907313E-0010   0.148710819520633990010E+0002   0.232774073450073594460E-0001  -0.250000000000000000000E+0002   0.567462467000506709525E+0001
   0.439307916666666551464E+0004   0.332336051728010707000E-0004   0.435626614433423440261E-0007   0.101254824423583305759E-0007  -0.159804376424922680060E-0010   0.148758259843834288461E+0002   0.234778352400280207468E-0001  -0.250000000000000000000E+0002   0.567390734749868119735E+0001
   0.448589374999999927240E+0004   0.341796051951598410350E-0004   0.450619753983939185356E-0007   0.102593699166309011845E-0007  -0.163271580994035391510E-0010   0.148806672095115768428E+0002   0.236817784417043264433E-0001  -0.250000000000000000000E+0002   0.567316574036811260839E+0001
   0.458049374999999963620E+0004   0.351566917834789983716E-0004   0.466235565629268456445E-0007   0.103979612837632046946E-0007  -0.166871883088682081258E-0010   0.148856073130936579219E+0002   0.238891849396369836123E-0001  -0.250000000000000000000E+0002   0.567239863101834540515E+0001
   0.467693958333333284827E+0004   0.361664475610704179952E-0004   0.482509960121420701846E-0007   0.105414648793327211924E-0007  -0.170610990519337672561E-0010   0.148906481001551220800E+0002   0.241000010952808450815E-0001  -0.250000000000000000000E+0002   0.567160469235269992794E+0001
   0.477529166666666606034E+0004   0.372105281265535753300E-0004   0.499480833119051804914E-0007   0.106900945822974784108E-0007  -0.174494739440345448985E-0010   0.148957911535982425733E+0002   0.243141574223916384634E-0001  -0.250000000000000000000E+0002   0.567078253372397700360E+0001
   0.487561458333333303017E+0004   0.382907111328142842630E-0004   0.517188915394377794957E-0007   0.108440748338420103131E-0007  -0.178529238415275682721E-0010   0.149010380356126717061E+0002   0.245315772268053580718E-0001  -0.250000000000000000000E+0002   0.566993066169316772829E+0001
   0.497797708333333321207E+0004   0.394089036161668359887E-0004   0.535677969371100652932E-0007   0.110036413551772716297E-0007  -0.182720878196623758730E-0010   0.149063902683306519492E+0002   0.247521759534161805982E-0001  -0.250000000000000000000E+0002   0.566904747362998051585E+0001
   0.508245208333333357587E+0004   0.405671498612364639196E-0004   0.554994999791536589982E-0007   0.111690413757365747161E-0007  -0.187076337502958253842E-0010   0.149118493140693395560E+0002   0.249758605929814442304E-0001  -0.250000000000000000000E+0002   0.566813125087132263502E+0001
   0.518911458333333393966E+0004   0.417676161970282933426E-0004   0.575190079955521270787E-0007   0.113405307621557654374E-0007  -0.191602502076784823409E-0010   0.149174164458628641938E+0002   0.252025247169021596183E-0001  -0.250000000000000000000E+0002   0.566718017027005416253E+0001
   0.529804375000000072760E+0004   0.430126221315872144619E-0004   0.596316952429938005704E-0007   0.115183767640289611480E-0007  -0.196306542641387419328E-0010   0.149230928336847288307E+0002   0.254320524562935967872E-0001  -0.250000000000000000000E+0002   0.566619227883303988591E+0001
   0.540932500000000072760E+0004   0.443046741553939184884E-0004   0.618433700501768938604E-0007   0.117028614993644964869E-0007  -0.201196004604365324109E-0010   0.149288796265945808983E+0002   0.256643222120179134715E-0001  -0.250000000000000000000E+0002   0.566516546599393588934E+0001
   0.552304791666666733363E+0004   0.456464530244693000947E-0004   0.641602640419057290917E-0007   0.118942793073376116931E-0007  -0.206278728562933797908E-0010   0.149347778166761546714E+0002   0.258992016210216821626E-0001  -0.250000000000000000000E+0002   0.566409747300296029238E+0001
   0.563930833333333430346E+0004   0.470408498364642725523E-0004   0.665891052855486885535E-0007   0.120929396478728480895E-0007  -0.211562934647098421826E-0010   0.149407883174334763510E+0002   0.261365512690725013134E-0001  -0.250000000000000000000E+0002   0.566298586325617225867E+0001
   0.575820625000000109139E+0004   0.484909541279215868014E-0004   0.691371096665794771516E-0007   0.122991642277659228660E-0007  -0.217057134287811120186E-0010   0.149469118233731155243E+0002   0.263762197704770044726E-0001  -0.250000000000000000000E+0002   0.566182803101120946110E+0001
   0.587984583333333466726E+0004   0.500000663653505885613E-0004   0.718120141690464739733E-0007   0.125132864618366886489E-0007  -0.222770118803543991565E-0010   0.149531487770105417923E+0002   0.266180433638453818601E-0001  -0.250000000000000000000E+0002   0.566062119060692126027E+0001
   0.600434166666666806123E+0004   0.515717907255709560226E-0004   0.746222549620067507368E-0007   0.127356611482234784657E-0007  -0.228711228886255068956E-0010   0.149594996485386193541E+0002   0.268618575434059446427E-0001  -0.250000000000000000000E+0002   0.565936230075842150455E+0001
   0.613181250000000181899E+0004   0.532099752677373622964E-0004   0.775768770780239743273E-0007   0.129666555013320360151E-0007  -0.234890082215028739180E-0010   0.149659645720072731478E+0002   0.271074838179128779769E-0001  -0.250000000000000000000E+0002   0.565804811168603816185E+0001
   0.626238333333333503106E+0004   0.549187548895051588392E-0004   0.806856256557428131929E-0007   0.132066509397954176974E-0007  -0.241316642616714160735E-0010   0.149725434094301270704E+0002   0.273547334120161078630E-0001  -0.250000000000000000000E+0002   0.565667512956815610181E+0001
   0.639618750000000181899E+0004   0.567025981726034639628E-0004   0.839590475713860883983E-0007   0.134560462768100094503E-0007  -0.248001299974807972778E-0010   0.149792358045921680798E+0002   0.276034104523999075653E-0001  -0.250000000000000000000E+0002   0.565523957753457473530E+0001
   0.653336666666666860692E+0004   0.585663300846051785437E-0004   0.874085517016522864132E-0007   0.137152574954257194210E-0007  -0.254954856566377035121E-0010   0.149860411262176977942E+0002   0.278533110553665988474E-0001  -0.250000000000000000000E+0002   0.565373737605472914680E+0001
   0.667369166666666842502E+0004   0.605098586369046727990E-0004   0.910365412526919501433E-0007   0.139840741878081106835E-0007  -0.262170178909587689871E-0010   0.149929400245080177712E+0002   0.281035627278690761099E-0001  -0.250000000000000000000E+0002   0.565216843927985745921E+0001
   0.681650625000000218279E+0004   0.625268793714720336327E-0004   0.948335668910022965167E-0007   0.142614499312136444649E-0007  -0.269617554216929878508E-0010   0.149998928009987526622E+0002   0.283526129907847833367E-0001  -0.250000000000000000000E+0002   0.565053776842533661551E+0001
   0.696162083333333521296E+0004   0.646172368934272596790E-0004   0.988013977723200586449E-0007   0.145469836626770707070E-0007  -0.277287185048713289824E-0010   0.150068830851005277083E+0002   0.285998056876744961852E-0001  -0.250000000000000000000E+0002   0.564884538500957322782E+0001
   0.710909791666666842502E+0004   0.667843554191004578962E-0004   0.102948559847537559808E-0006   0.148407729767165639080E-0007  -0.285181555946185281408E-0010   0.150139062787367976171E+0002   0.288449240596442176010E-0001  -0.250000000000000000000E+0002   0.564708838663838008642E+0001
   0.725900625000000218279E+0004   0.690318837599107626175E-0004   0.107284106414210582937E-0006   0.151429688156383245995E-0007  -0.293303904841635686854E-0010   0.150209576122532659781E+0002   0.290877586762115607211E-0001  -0.250000000000000000000E+0002   0.564526367963059261257E+0001
   0.741142083333333539485E+0004   0.713637117607590154914E-0004   0.111817658188950133614E-0006   0.154537232668701360760E-0007  -0.301657617284663903058E-0010   0.150280322297046051716E+0002   0.293281127368882031659E-0001  -0.250000000000000000000E+0002   0.564336796847092614371E+0001
   0.756642083333333539485E+0004   0.737839504697928043244E-0004   0.116559372723527117373E-0006   0.157731850163905253734E-0007  -0.310245962687479730092E-0010   0.150351250725926153251E+0002   0.295657983897047622890E-0001  -0.250000000000000000000E+0002   0.564139777181609769485E+0001
   0.772408750000000236469E+0004   0.762969087834055464687E-0004   0.121519904270785224687E-0006   0.161014938797949223923E-0007  -0.319071949883527468029E-0010   0.150422307697059292053E+0002   0.298006335763557617113E-0001  -0.250000000000000000000E+0002   0.563934944166491280981E+0001
   0.788450416666666933452E+0004   0.789071003197407095861E-0004   0.126710421183895292753E-0006   0.164387786709286478001E-0007  -0.328138279027280454353E-0010   0.150493436258403097128E+0002   0.300324423043169981551E-0001  -0.250000000000000000000E+0002   0.563721915787088434513E+0001
   0.804776250000000254659E+0004   0.816193549070538110473E-0004   0.132142833487017763255E-0006   0.167851666242881416121E-0007  -0.337447619595865729613E-0010   0.150564578765494481161E+0002   0.302610633226728965861E-0001  -0.250000000000000000000E+0002   0.563500283639078602960E+0001
   0.821395416666667006211E+0004   0.844386933416163592203E-0004   0.137829549842698907178E-0006   0.171407686255204675432E-0007  -0.347002155758219780303E-0010   0.150635672989732114502E+0002   0.304863378584702519880E-0001  -0.250000000000000000000E+0002   0.563269623237207461841E+0001
   0.838317916666667042591E+0004   0.873704763502098182611E-0004   0.143783781934907518733E-0006   0.175056896509113504318E-0007  -0.356803943949528618801E-0010   0.150706655531700715045E+0002   0.307081209739455268659E-0001  -0.250000000000000000000E+0002   0.563029481767265149728E+0001
   0.855553958333333685005E+0004   0.904203107310702603686E-0004   0.150019362044559654918E-0006   0.178800180401341757333E-0007  -0.366854557221201685046E-0010   0.150777458876444043767E+0002   0.309262725194357698810E-0001  -0.250000000000000000000E+0002   0.562779385831632783521E+0001
   0.873114375000000291038E+0004   0.935941320278113711743E-0004   0.156550916483350374538E-0006   0.182638286333506175867E-0007  -0.377155224808106798995E-0010   0.150848012925803729445E+0002   0.311406623176722352486E-0001  -0.250000000000000000000E+0002   0.562518834666232159236E+0001
   0.891010833333333539485E+0004   0.968982573663952645058E-0004   0.163393982588243816248E-0006   0.186571853253598892499E-0007  -0.387706887700405998265E-0010   0.150918245456706188179E+0002   0.313511716724768699227E-0001  -0.250000000000000000000E+0002   0.562247295781713241070E+0001
   0.909255208333333575865E+0004   0.100339284735978219931E-0003   0.170564807558205121845E-0006   0.190601280196163477302E-0007  -0.398509815035163621067E-0010   0.150988079353817212791E+0002   0.315576853082764757774E-0001  -0.250000000000000000000E+0002   0.561964213347193819459E+0001
   0.927860000000000218279E+0004   0.103924179865872077480E-0003   0.178080532943186262619E-0006   0.194726747758256273731E-0007  -0.409563717330981419012E-0010   0.151057434025935251043E+0002   0.317600960259736900260E-0001  -0.250000000000000000000E+0002   0.561669001077961471680E+0001
   0.946838750000000254659E+0004   0.107660372355835193834E-0003   0.185959404066970938727E-0006   0.198948273958010509302E-0007  -0.420867892128632932316E-0010   0.151126226530285592276E+0002   0.319583080934535967987E-0001  -0.250000000000000000000E+0002   0.561361034306087347545E+0001
   0.966205416666666860692E+0004   0.111555650697228329665E-0003   0.194220557239750038950E-0006   0.203265587199801975520E-0007  -0.432420836102703244839E-0010   0.151194368875533591279E+0002   0.321522296196445137029E-0001  -0.250000000000000000000E+0002   0.561039658767156979025E+0001
   0.985974791666666897072E+0004   0.115618257208243002264E-0003   0.202884225570982846117E-0006   0.207678136168836607966E-0007  -0.444220332607089929793E-0010   0.151261769218517461155E+0002   0.323417763073227879089E-0001  -0.250000000000000000000E+0002   0.560704182841101061996E+0001
   0.100616250000000018190E+0005   0.119856904380616198177E-0003   0.211971781035070406716E-0006   0.212185066596118936586E-0007  -0.456263363803823131543E-0010   0.151328331419084136655E+0002   0.325268703766844538561E-0001  -0.250000000000000000000E+0002   0.560353876297934672124E+0001
   0.102678479166666693345E+0005   0.124280745583411873041E-0003   0.221505677413599217950E-0006   0.216785143602471315983E-0007  -0.468545897752092920953E-0010   0.151393953982317377438E+0002   0.327074378759019471219E-0001  -0.250000000000000000000E+0002   0.559987972887956342305E+0001
   0.104785916666666689707E+0005   0.128899523235357493919E-0003   0.231509775128170634245E-0006   0.221476799796062273797E-0007  -0.481063065654527141504E-0010   0.151458531634222097750E+0002   0.328834132450724000996E-0001  -0.250000000000000000000E+0002   0.559605658176979936513E+0001
   0.106940395833333350311E+0005   0.133723497577247505200E-0003   0.242009195104503192136E-0006   0.226258047154158631802E-0007  -0.493808865784042881365E-0010   0.151521953479305029333E+0002   0.330547344291382411141E-0001  -0.250000000000000000000E+0002   0.559206075651746914446E+0001
   0.109143833333333350311E+0005   0.138763458966450185404E-0003   0.253030349354792593110E-0006   0.231126405703765292823E-0007  -0.506776006434294031241E-0010   0.151584102654609615968E+0002   0.332213422197022989479E-0001  -0.250000000000000000000E+0002   0.558788325956931863914E+0001
   0.111398250000000025466E+0005   0.144030787062002446977E-0003   0.264601073795894234588E-0006   0.236078881984911360058E-0007  -0.519955859153453016297E-0010   0.151644856533600673743E+0002   0.333831810243232010582E-0001  -0.250000000000000000000E+0002   0.558351462236943696382E+0001
   0.113704541666666700621E+0005   0.149534507859177938100E-0003   0.276744124126443549291E-0006   0.241110103860994150751E-0007  -0.533332757310599977376E-0010   0.151704056105287534706E+0002   0.335401180402022311422E-0001  -0.250000000000000000000E+0002   0.557894736365058996341E+0001
   0.116047916666666696983E+0005   0.155245250474169869601E-0003   0.289397013131524630509E-0006   0.246190868206833350669E-0007  -0.546819044605869986511E-0010   0.151761175368396799001E+0002   0.336910708058918220709E-0001  -0.250000000000000000000E+0002   0.557420612778874424720E+0001
   0.118429041666666689707E+0005   0.161169412604884139048E-0003   0.302575644502495653402E-0006   0.251304579861337210369E-0007  -0.560380944533662936158E-0010   0.151816113718707903502E+0002   0.338360944651876285882E-0001  -0.250000000000000000000E+0002   0.556928581806022116041E+0001
   0.120849020833333361225E+0005   0.167314364102665773595E-0003   0.316298064003236842078E-0006   0.256444485424406059083E-0007  -0.573999035051932751636E-0010   0.151868773327152606356E+0002   0.339752550558372196088E-0001  -0.250000000000000000000E+0002   0.556418045269809447007E+0001
   0.123309000000000032742E+0005   0.173687619182160519430E-0003   0.330582632592021612997E-0006   0.261603703902962909067E-0007  -0.587654671113094120072E-0010   0.151919055891233067968E+0002   0.341086199716116242331E-0001  -0.250000000000000000000E+0002   0.555888395345196961728E+0001
   0.125810208333333357587E+0005   0.180296940276660307883E-0003   0.345448255695269930949E-0006   0.266775018272436458475E-0007  -0.601328410189689141313E-0010   0.151966863628424615484E+0002   0.342362595922202431198E-0001  -0.250000000000000000000E+0002   0.555339006400754087167E+0001
   0.128353937500000029104E+0005   0.187150280208079065935E-0003   0.360914251298122598526E-0006   0.271950877189978202287E-0007  -0.614999933908957887578E-0010   0.152012098726786639702E+0002   0.343582448970578893666E-0001  -0.250000000000000000000E+0002   0.554769240075258629474E+0001
   0.130941500000000032742E+0005   0.194255659490611917208E-0003   0.377000067745544985749E-0006   0.277123337771954187715E-0007  -0.628647882331058050967E-0010   0.152054662688200146192E+0002   0.344746447103240483134E-0001  -0.250000000000000000000E+0002   0.554178455843122730329E+0001
   0.133574333333333361225E+0005   0.201621439689043989787E-0003   0.393725896828961242469E-0006   0.282284151001624199108E-0007  -0.642250170131038139800E-0010   0.152094458084827905964E+0002   0.345855295359276046496E-0001  -0.250000000000000000000E+0002   0.553565988546277853999E+0001
   0.136253916666666700621E+0005   0.209256088353742349031E-0003   0.411112137746964318962E-0006   0.287424762134487224198E-0007  -0.655783843991790030734E-0010   0.152131387079047950550E+0002   0.346909666416470308103E-0001  -0.250000000000000000000E+0002   0.552931168290024999123E+0001
   0.138980979166666693345E+0005   0.217165855091983669035E-0003   0.429174074663731767552E-0006   0.292535595521448622773E-0007  -0.669222732724899152055E-0010   0.152165342589331249457E+0002   0.347909920581010168039E-0001  -0.250000000000000000000E+0002   0.552273514757540517905E+0001
   0.141746333333333368500E+0005   0.225327398897027923221E-0003   0.447859052337157961118E-0006   0.297598673541771559176E-0007  -0.682512489497356598646E-0010   0.152196120899601083920E+0002   0.348853239032285433741E-0001  -0.250000000000000000000E+0002   0.551595020108025746453E+0001
   0.144550979166666693345E+0005   0.233746021953918129387E-0003   0.467179482530372226431E-0006   0.302595521205995687756E-0007  -0.695611790911385842886E-0010   0.152223666261366918917E+0002   0.349740840125582208575E-0001  -0.250000000000000000000E+0002   0.550895301537910153655E+0001
   0.147396270833333364862E+0005   0.242427801000895062509E-0003   0.487149477001195560529E-0006   0.307517458095923550230E-0007  -0.708496911346187354939E-0010   0.152247924809559087578E+0002   0.350573915475104816442E-0001  -0.250000000000000000000E+0002   0.550173904808169123015E+0001
   0.150283562500000025466E+0005   0.251378680709255365559E-0003   0.507782769144808644103E-0006   0.312356053074096035072E-0007  -0.721145231542481207024E-0010   0.152268843625966106003E+0002   0.351353555191836752769E-0001  -0.250000000000000000000E+0002   0.549430391033445086890E+0001
   0.153214270833333357587E+0005   0.260604653201347612537E-0003   0.529093118330701531107E-0006   0.317102838978629758077E-0007  -0.733534047175142456128E-0010   0.152286371505956665828E+0002   0.352080765342990542610E-0001  -0.250000000000000000000E+0002   0.548664322494431555555E+0001
   0.156189895833333357587E+0005   0.270111815124876846611E-0003   0.551094435157006385463E-0006   0.321749405869495048156E-0007  -0.745640741901857913895E-0010   0.152300458991967495592E+0002   0.352756466803679363808E-0001  -0.250000000000000000000E+0002   0.547875258211595550506E+0001
   0.159211958333333350311E+0005   0.279906159335577189168E-0003   0.573800291404594405844E-0006   0.326287427466099959058E-0007  -0.757442790045281254819E-0010   0.152311058069580731456E+0002   0.353381476111893563785E-0001  -0.250000000000000000000E+0002   0.547062771642231915337E+0001
   0.162282041666666682431E+0005   0.289993693095223412353E-0003   0.597224183060204061413E-0006   0.330708635222662263668E-0007  -0.768917749765728516999E-0010   0.152318122504201340917E+0002   0.353956512370002390755E-0001  -0.250000000000000000000E+0002   0.546226441384938254942E+0001
   0.165401812500000014552E+0005   0.300380495339010796397E-0003   0.621379653489460828859E-0006   0.335004892339840795061E-0007  -0.780043421457735752217E-0010   0.152321607868046413614E+0002   0.354482196068300406400E-0001  -0.250000000000000000000E+0002   0.545365846869433479327E+0001
   0.168573000000000029104E+0005   0.311072637864993049341E-0003   0.646280099519617419804E-0006   0.339168240402812758782E-0007  -0.790797926001691743075E-0010   0.152321471486373312132E+0002   0.354959040119594559926E-0001  -0.250000000000000000000E+0002   0.544480575394841448400E+0001
   0.171797395833333357587E+0005   0.322076172247016099832E-0003   0.671938728140177347035E-0006   0.343190902245855383610E-0007  -0.801159724808315645324E-0010   0.152317672514624682378E+0002   0.355387446291447750557E-0001  -0.250000000000000000000E+0002   0.543570223821965292643E+0001
   0.175076875000000036380E+0005   0.333397187255920655555E-0003   0.698368676523179893065E-0006   0.347065305278047616789E-0007  -0.811107661402993778292E-0010   0.152310171970381116324E+0002   0.355767703942837937303E-0001  -0.250000000000000000000E+0002   0.542634394454094248772E+0001
   0.178413395833333379414E+0005   0.345041797009050695000E-0003   0.725582969610029991598E-0006   0.350784130562937773878E-0007  -0.820621072711659932571E-0010   0.152298932733308465259E+0002   0.356099985187020365296E-0001  -0.250000000000000000000E+0002   0.541672696683893573066E+0001
   0.181808020833333393966E+0005   0.357012681062660074734E-0003   0.753586406015496996512E-0006   0.354340770277398058284E-0007  -0.829680392058202022203E-0010   0.152283924479037118260E+0002   0.356384264934115763124E-0001  -0.250000000000000000000E+0002   0.540685032219744243775E+0001
   0.185261416666666737001E+0005   0.369310709783367903565E-0003   0.782379314829332971190E-0006   0.357728077159515878589E-0007  -0.838264872118865573227E-0010   0.152265125572937130016E+0002   0.356620418418182594245E-0001  -0.250000000000000000000E+0002   0.539671462391611100884E+0001
   0.188775666666666729725E+0005   0.381941358708735249211E-0003   0.811972563943962862075E-0006   0.360938080661391487217E-0007  -0.846352503737514939382E-0010   0.152242512441689168412E+0002   0.356808334949621427934E-0001  -0.250000000000000000000E+0002   0.538631681208420243223E+0001
   0.192353000000000065484E+0005   0.394910276106447870673E-0003   0.842377187729436097282E-0006   0.363965044733766303103E-0007  -0.853926047626840018368E-0010   0.152216063066463007658E+0002   0.356947777448745548479E-0001  -0.250000000000000000000E+0002   0.537565377833270119368E+0001
   0.195995729166666715173E+0005   0.408223081413993695021E-0003   0.873603893092986457400E-0006   0.366803699424972894010E-0007  -0.860969247514097958233E-0010   0.152185757389920759408E+0002   0.357038372962176497882E-0001  -0.250000000000000000000E+0002   0.536472256706679750948E+0001
   0.199706291666666729725E+0005   0.421885504119603527758E-0003   0.905663360965362533868E-0006   0.369449130299507075006E-0007  -0.867466578673905731320E-0010   0.152151577021530499678E+0002   0.357079611408353467250E-0001  -0.250000000000000000000E+0002   0.535352027452137058106E+0001
   0.203487250000000058208E+0005   0.435903371144689055425E-0003   0.938566190705369402653E-0006   0.371896845329832292116E-0007  -0.873403392822264002771E-0010   0.152113505194198772585E+0002   0.357070842392541720756E-0001  -0.250000000000000000000E+0002   0.534204407108425982642E+0001
   0.207341270833333401242E+0005   0.450282516006479606625E-0003   0.972322658324023157426E-0006   0.374142801558477128245E-0007  -0.878765978556880527125E-0010   0.152071526995251762315E+0002   0.357011273008805973816E-0001  -0.250000000000000000000E+0002   0.533029128915993766213E+0001
   0.211271125000000065484E+0005   0.465028762000243970666E-0003   0.100694264591977619146E-0005   0.376183383528123256539E-0007  -0.883541522505722942711E-0010   0.152025629477940320555E+0002   0.356899967634002751593E-0001  -0.250000000000000000000E+0002   0.531825945209796380198E+0001
   0.215279750000000058208E+0005   0.480148137917247187084E-0003   0.104243611477454142709E-0005   0.378015338467125537081E-0007  -0.887717976778169366371E-0010   0.151975801008708231166E+0002   0.356735846139642209796E-0001  -0.250000000000000000000E+0002   0.530594611613306454956E+0001
   0.219370187500000065484E+0005   0.495646625953672769621E-0003   0.107881247764609195198E-0005   0.379635947465073595984E-0007  -0.891284454298620417607E-0010   0.151922032064146641517E+0002   0.356517685909785997378E-0001  -0.250000000000000000000E+0002   0.529334909155502497669E+0001
   0.223545645833333401242E+0005   0.511530377860628477846E-0003   0.111608106768083473819E-0005   0.381042851306338910091E-0007  -0.894230850964212164018E-0010   0.151864314560194078041E+0002   0.356244120926872895327E-0001  -0.250000000000000000000E+0002   0.528046628991824817945E+0001
   0.227809437500000058208E+0005   0.527805456915048445965E-0003   0.115425049195649351644E-0005   0.382234232353768473220E-0007  -0.896548285347453733878E-0010   0.151802642817990314228E+0002   0.355913648306964078283E-0001  -0.250000000000000000000E+0002   0.526729595240339154572E+0001
   0.232165020833333401242E+0005   0.544477973592811972763E-0003   0.119332890687901088397E-0005   0.383208660041246399700E-0007  -0.898228770749974221071E-0010   0.151737013195307657298E+0002   0.355524631021415377097E-0001  -0.250000000000000000000E+0002   0.525383656603631976623E+0001
   0.236583104166666744277E+0005   0.561428927085855667550E-0003   0.123303093878128888213E-0005   0.384014630205640073902E-0007  -0.899383811648871242779E-0010   0.151667939619464622325E+0002   0.355078592736380524442E-0001  -0.250000000000000000000E+0002   0.524018650482350256681E+0001
   0.241062875000000094587E+0005   0.578647739304126874221E-0003   0.127332523944298840635E-0005   0.384607649436330648706E-0007  -0.899908314391416301751E-0010   0.151595536814612152909E+0002   0.354575046222564693732E-0001  -0.250000000000000000000E+0002   0.522635819043191762745E+0001
   0.245606645833333423070E+0005   0.596134480303922077195E-0003   0.131420506578994388490E-0005   0.384987110679655762973E-0007  -0.899801590064851254781E-0010   0.151519880275177829532E+0002   0.354013381884671629596E-0001  -0.250000000000000000000E+0002   0.521235489776971228082E+0001
   0.250216958333333423070E+0005   0.613889819054673751414E-0003   0.135566469961626597082E-0005   0.385157543116273718315E-0007  -0.899073316079854987147E-0010   0.151441042470704569922E+0002   0.353392932140547469388E-0001  -0.250000000000000000000E+0002   0.519817955236920781203E+0001
   0.254896437500000101863E+0005   0.631914566304657269492E-0003   0.139769835985407290784E-0005   0.385123887844534241562E-0007  -0.897734142443713417725E-0010   0.151359094448562654378E+0002   0.352712978732046614216E-0001  -0.250000000000000000000E+0002   0.518383519793122449215E+0001
   0.259645708333333423070E+0005   0.650201730752143465877E-0003   0.144028170215844461674E-0005   0.384894775606386252323E-0007  -0.895804114111460398171E-0010   0.151274142870101258040E+0002   0.351973084720308554418E-0001  -0.250000000000000000000E+0002   0.516933123024517104938E+0001
   0.264448770833333437622E+0005   0.668680975456105160075E-0003   0.148324293236927707025E-0005   0.384504641846403306332E-0007  -0.893368648549831200258E-0010   0.151186596435987876674E+0002   0.351175576750181184238E-0001  -0.250000000000000000000E+0002   0.515472660592918519029E+0001
   0.269307458333333452174E+0005   0.687350623523333100796E-0003   0.152657023270843160786E-0005   0.383930733297305754911E-0007  -0.890374808449699357694E-0010   0.151096552374622508097E+0002   0.350320316696170405701E-0001  -0.250000000000000000000E+0002   0.514002692618486101139E+0001
   0.274224104166666802485E+0005   0.706210217249813600703E-0003   0.157025438431684595173E-0005   0.383179583748848570730E-0007  -0.886841433995489847610E-0010   0.151004102531171380264E+0002   0.349407253318911592554E-0001  -0.250000000000000000000E+0002   0.512523650064329139298E+0001
   0.279201104166666809760E+0005   0.725259518057884368034E-0003   0.161428643367148850804E-0005   0.382258316396709802149E-0007  -0.882787338547570337248E-0010   0.150909335327307854158E+0002   0.348436355160148189536E-0001  -0.250000000000000000000E+0002   0.511035968445155042161E+0001
   0.284240916666666817036E+0005   0.744498506096479841475E-0003   0.165865768959736875396E-0005   0.381173888468284758762E-0007  -0.878231220751368663662E-0010   0.150812335884596997460E+0002   0.347407619927660796244E-0001  -0.250000000000000000000E+0002   0.509540090892962371782E+0001
   0.289346104166666809760E+0005   0.763927518502104823707E-0003   0.170336003987311061347E-0005   0.379933002552077955246E-0007  -0.873191499881445138171E-0010   0.150713185515856924468E+0002   0.346321078499242027138E-0001  -0.250000000000000000000E+0002   0.508036459421216068932E+0001
   0.294519270833333466726E+0005   0.783546992035564029457E-0003   0.174838535703066660945E-0005   0.378542274942076321029E-0007  -0.867686749917191907533E-0010   0.150611963206998815679E+0002   0.345176819300978682259E-0001  -0.250000000000000000000E+0002   0.506525536435471313013E+0001
   0.299763125000000145519E+0005   0.803357680474209951901E-0003   0.179372599918400970264E-0005   0.377008011251353410947E-0007  -0.861735151758870629356E-0010   0.150508744688037747750E+0002   0.343974986454415668224E-0001  -0.250000000000000000000E+0002   0.505007790360322683654E+0001
   0.305080479166666809760E+0005   0.823360628940102666495E-0003   0.183937474975899817355E-0005   0.375336304381171692885E-0007  -0.855354733342596402654E-0010   0.150403602794721749092E+0002   0.342715790218646315646E-0001  -0.250000000000000000000E+0002   0.503483699697433895182E+0001
   0.310474208333333481278E+0005   0.843556995946597408531E-0003   0.188532441271184184392E-0005   0.373533094317290664560E-0007  -0.848563545917297067081E-0010   0.150296608484698825947E+0002   0.341399526140751530257E-0001  -0.250000000000000000000E+0002   0.501953768724359949971E+0001
   0.315947333333333481278E+0005   0.863948340140987766124E-0003   0.193156846826022739983E-0005   0.371603954267207927231E-0007  -0.841379113674935945137E-0010   0.150187829578194023128E+0002   0.340026564941197165237E-0001  -0.250000000000000000000E+0002   0.500418508619744528687E+0001
   0.321502937500000152795E+0005   0.884536282994536227769E-0003   0.197810030857046442471E-0005   0.369554364716989790591E-0007  -0.833819134479032959193E-0010   0.150077332698211520778E+0002   0.338597381374928854680E-0001  -0.250000000000000000000E+0002   0.498878464943283717048E+0001
   0.327144229166666809760E+0005   0.905322717145849937062E-0003   0.202491371639239825487E-0005   0.367389471180299998649E-0007  -0.825900866342258523334E-0010   0.149965182336082438752E+0002   0.337112546957815950588E-0001  -0.250000000000000000000E+0002   0.497334205051961664168E+0001
   0.332874562500000174623E+0005   0.926309850153302517112E-0003   0.207200296607265148249E-0005   0.365114142356774031319E-0007  -0.817641271965573793867E-0010   0.149851440794500181397E+0002   0.335572732208833934830E-0001  -0.250000000000000000000E+0002   0.495786317749757809992E+0001
   0.338697375000000174623E+0005   0.947499947260086426704E-0003   0.211936225131423308329E-0005   0.362733109609794948222E-0007  -0.809057366904968509726E-0010   0.149736169733893600409E+0002   0.333978729717259656407E-0001  -0.250000000000000000000E+0002   0.494235434932698858290E+0001
   0.344616270833333474002E+0005   0.968895604880601769154E-0003   0.216698630620796760319E-0005   0.360250731144756757345E-0007  -0.800165615976898180403E-0010   0.149619428863134427132E+0002   0.332331438339251647451E-0001  -0.250000000000000000000E+0002   0.492682215067163475908E+0001
   0.350634958333333488554E+0005   0.990499489816938031433E-0003   0.221486983048004808640E-0005   0.357671222295818856876E-0007  -0.790982514101071346546E-0010   0.149501277523201743236E+0002   0.330631886086300078031E-0001  -0.250000000000000000000E+0002   0.491127364941914201779E+0001
   0.356757291666666787933E+0005   0.101231445838530177347E-0002   0.226300776669645651765E-0005   0.354998499418549059279E-0007  -0.781524174422010124727E-0010   0.149381774213308169408E+0002   0.328881223796074900756E-0001  -0.250000000000000000000E+0002   0.489571634532854194077E+0001
   0.362985604166666817036E+0005   0.103433771487872411612E-0002   0.231138250907689829397E-0005   0.352239000561376242545E-0007  -0.771813700676105520108E-0010   0.149261008280830420603E+0002   0.327081198215857307798E-0001  -0.250000000000000000000E+0002   0.488016222593928716833E+0001
   0.369301583333333474002E+0005   0.105649499781032768855E-0002   0.235982069101624824527E-0005   0.349430601217824298909E-0007  -0.761957125395748885777E-0010   0.149139455515628878146E+0002   0.325239582486399475547E-0001  -0.250000000000000000000E+0002   0.486467244627886419295E+0001
   0.375708250000000116415E+0005   0.107878801507104273363E-0002   0.240831700953244031593E-0005   0.346549520515988511790E-0007  -0.751905264697699909246E-0010   0.149017175974406868022E+0002   0.323358234496050334084E-0001  -0.250000000000000000000E+0002   0.484925579817429852625E+0001
   0.382209166666666787933E+0005   0.110121927674586284063E-0002   0.245686799212109360172E-0005   0.343598808661368483687E-0007  -0.741676070087176136026E-0010   0.148894230472193775938E+0002   0.321439168507058545265E-0001  -0.250000000000000000000E+0002   0.483392041912481662536E+0001
   0.388808020833333430346E+0005   0.112379141676469812561E-0002   0.250547051271772294452E-0005   0.340581743859186949710E-0007  -0.731285467328243118812E-0010   0.148770678632470954028E+0002   0.319484471358456312284E-0001  -0.250000000000000000000E+0002   0.481867485341805590338E+0001
   0.395508645833333430346E+0005   0.114650724221825863966E-0002   0.255412190613803956546E-0005   0.337501285518922665526E-0007  -0.720748615202227902139E-0010   0.148646578684725145791E+0002   0.317496290505616188260E-0001  -0.250000000000000000000E+0002   0.480352805040783614743E+0001
   0.402315000000000072760E+0005   0.116936962426056161035E-0002   0.260281974215520070878E-0005   0.334360149258713331696E-0007  -0.710080125387851889825E-0010   0.148521988232427641918E+0002   0.315476837885870151079E-0001  -0.250000000000000000000E+0002   0.478848945445452489622E+0001
   0.409231187500000087311E+0005   0.119238153090838296458E-0002   0.265156190650443081795E-0005   0.331160770787278924643E-0007  -0.699293949443870488199E-0010   0.148396964239948054853E+0002   0.313428381160536922989E-0001  -0.250000000000000000000E+0002   0.477356899991935890171E+0001
   0.416261479166666758829E+0005   0.121554605469091506556E-0002   0.270034666837634996676E-0005   0.327905321043538721167E-0007  -0.688403393161071616667E-0010   0.148271563057824256049E+0002   0.311353235197016804670E-0001  -0.250000000000000000000E+0002   0.475877710896607197810E+0001
   0.423410291666666744277E+0005   0.123886630282464245759E-0002   0.274917245843707123997E-0005   0.324595779719457909764E-0007  -0.677421277353340285366E-0010   0.148145841177510462217E+0002   0.309253765261710902856E-0001  -0.250000000000000000000E+0002   0.474412477326766079955E+0001
   0.430682166666666744277E+0005   0.126234529313187533034E-0002   0.279803766642274417525E-0005   0.321233962242675598691E-0007  -0.666359985977492924453E-0010   0.148019855929178092424E+0002   0.307132389461211782744E-0001  -0.250000000000000000000E+0002   0.472962362438977734769E+0001
   0.438081833333333415794E+0005   0.128598611656509159359E-0002   0.284694099608643787360E-0005   0.317821438662218522319E-0007  -0.655231237963607645449E-0010   0.147893664762381558120E+0002   0.304991557285297261448E-0001  -0.250000000000000000000E+0002   0.471528583821669933229E+0001
   0.445614145833333386690E+0005   0.130979169646911700747E-0002   0.289588098103480122181E-0005   0.314359702358720420031E-0007  -0.644046483473567266612E-0010   0.147767326670650760434E+0002   0.302833763839011442520E-0001  -0.250000000000000000000E+0002   0.470112427664751919565E+0001
   0.453271125000000029104E+0005   0.133372489639223008179E-0002   0.294477477059317708315E-0005   0.310866168731088919914E-0007  -0.632857739861103437681E-0010   0.147641108795315290081E+0002   0.300665095283833873341E-0001  -0.250000000000000000000E+0002   0.468717485685369084081E+0001
   0.461029937500000014552E+0005   0.135770494505431079182E-0002   0.299345350073559019697E-0005   0.307364048530270564531E-0007  -0.621733508077017872875E-0010   0.147515495133410627915E+0002   0.298495448166273477653E-0001  -0.250000000000000000000E+0002   0.467349618580167280868E+0001
   0.468893520833333313931E+0005   0.138173219363281257407E-0002   0.304191596781581178818E-0005   0.303833097486864240794E-0007  -0.610634343082027903702E-0010   0.147390541125423286672E+0002   0.296327361641682447690E-0001  -0.250000000000000000000E+0002   0.466009973283950440504E+0001
   0.476864499999999970896E+0005   0.140580499947885826512E-0002   0.309015737810168444834E-0005   0.300275575614404402737E-0007  -0.599573720075169785297E-0010   0.147266317466672660430E+0002   0.294163585954995386584E-0001  -0.250000000000000000000E+0002   0.464699760405750961212E+0001
   0.484942437499999941792E+0005   0.142991252281699605595E-0002   0.313815517259851548606E-0005   0.296696772285638733399E-0007  -0.588570097915574490647E-0010   0.147142939639202623425E+0002   0.292007581901377218092E-0001  -0.250000000000000000000E+0002   0.463420650080223595069E+0001
   0.493125062499999912689E+0005   0.145403889972734942648E-0002   0.318587783528086979784E-0005   0.293101448447024571849E-0007  -0.577640491674649839557E-0010   0.147020544696416912700E+0002   0.289863113507061211094E-0001  -0.250000000000000000000E+0002   0.462174499640313918292E+0001
   0.501404249999999883585E+0005   0.147815199455224224184E-0002   0.323326316723450269525E-0005   0.289498938477861251109E-0007  -0.566813036961560962724E-0010   0.146899345821364306630E+0002   0.287735197193919600700E-0001  -0.250000000000000000000E+0002   0.460963845177056175118E+0001
   0.509784187499999898137E+0005   0.150225599314509662696E-0002   0.328032163464587710731E-0005   0.285882127519376657386E-0007  -0.556074878048873640509E-0010   0.146779370654803127394E+0002   0.285625499989596402795E-0001  -0.250000000000000000000E+0002   0.459789332446466403326E+0001
   0.518269416666666584206E+0005   0.152635535518616093781E-0002   0.332706434470026259537E-0005   0.282252017421274874330E-0007  -0.545431389931416864046E-0010   0.146660647162735831017E+0002   0.283535592383947765427E-0001  -0.250000000000000000000E+0002   0.458651574411340412496E+0001
   0.526864583333333284827E+0005   0.155045438823415895196E-0002   0.337350219377284195365E-0005   0.278609771334083076755E-0007  -0.534887076984675264171E-0010   0.146543203445972736176E+0002   0.281466940803825997619E-0001  -0.250000000000000000000E+0002   0.457551185469236720849E+0001
   0.535574499999999970896E+0005   0.157455741201522692388E-0002   0.341964617511667640014E-0005   0.274956517818944110394E-0007  -0.524445947664285435787E-0010   0.146427067008590192643E+0002   0.279420897161300856026E-0001  -0.250000000000000000000E+0002   0.456488770824813094862E+0001
   0.544404062500000000000E+0005   0.159866851132202782496E-0002   0.346550689536388051033E-0005   0.271293481213459625465E-0007  -0.514111843769910976032E-0010   0.146312266037291731635E+0002   0.277398724411585598237E-0001  -0.250000000000000000000E+0002   0.455464933371475844126E+0001
   0.553358354166666686069E+0005   0.162279181006686618050E-0002   0.351109509180628581265E-0005   0.267621864502004315525E-0007  -0.503888170944842293171E-0010   0.146198828145225885322E+0002   0.275401578020121468038E-0001  -0.250000000000000000000E+0002   0.454480258080455357117E+0001
   0.562442541666666656965E+0005   0.164693117557685895710E-0002   0.355642106419880934680E-0005   0.263943004463430099839E-0007  -0.493778279244772095888E-0010   0.146086781809906103291E+0002   0.273430535395852332414E-0001  -0.250000000000000000000E+0002   0.453535319742741815929E+0001
   0.571661958333333313931E+0005   0.167109043604218897652E-0002   0.360149508303357660476E-0005   0.260258266009970820841E-0007  -0.483785221306125732760E-0010   0.145976155345599707402E+0002   0.271486582394616718372E-0001  -0.250000000000000000000E+0002   0.452630669767002302706E+0001
   0.581022083333333284827E+0005   0.169527331310220406510E-0002   0.364632725663478672677E-0005   0.256569108045494113867E-0007  -0.473911918918465037466E-0010   0.145866977217722162408E+0002   0.269570624063118664815E-0001  -0.250000000000000000000E+0002   0.451766834430509689469E+0001
   0.590527770833333270275E+0005   0.171948147885850766842E-0002   0.369092395961442995106E-0005   0.252877616656163416072E-0007  -0.464162437187446294463E-0010   0.145759284502731816247E+0002   0.267683637458588225000E-0001  -0.250000000000000000000E+0002   0.450944371898149309885E+0001
   0.600143833333333241171E+0005   0.174361709168441075465E-0002   0.373511006991358096910E-0005   0.249212384409274360815E-0007  -0.454603049690978947898E-0010   0.145653542319873583466E+0002   0.265833954843094667775E-0001  -0.250000000000000000000E+0002   0.450166769515770859300E+0001
   0.609874145833333241171E+0005   0.176768358958393281832E-0002   0.377889869033363998049E-0005   0.245561782392130285331E-0007  -0.445205880029971034462E-0010   0.145549755424755939970E+0002   0.264021751915028378421E-0001  -0.250000000000000000000E+0002   0.449433922937379382034E+0001
   0.619723395833333270275E+0005   0.179168555302886543280E-0002   0.382230488297384176911E-0005   0.241927227151452795663E-0007  -0.435972071808143472043E-0010   0.145447925994102167380E+0002   0.262247149644291611958E-0001  -0.250000000000000000000E+0002   0.448745625588663710204E+0001
   0.629696437499999956344E+0005   0.181562765690546209715E-0002   0.386534372072406521328E-0005   0.238310340174614694282E-0007  -0.426901906805248017736E-0010   0.145348054606426817514E+0002   0.260510195057851341727E-0001  -0.250000000000000000000E+0002   0.448101624526488073741E+0001
   0.639798229166666642413E+0005   0.183951452245395986190E-0002   0.390803001364387805335E-0005   0.234712773269370899152E-0007  -0.417995555029709281096E-0010   0.145250140808179146745E+0002   0.258810879502944721220E-0001  -0.250000000000000000000E+0002   0.447501624747358572876E+0001
   0.650033833333333313931E+0005   0.186335071784423452097E-0002   0.395037830963281523874E-0005   0.231136184688190531201E-0007  -0.409253065195576154841E-0010   0.145154183068324176276E+0002   0.257149146780329580786E-0001  -0.250000000000000000000E+0002   0.446945288712937038866E+0001
   0.660408458333333255723E+0005   0.188714085274570503650E-0002   0.399240306194408436978E-0005   0.227582211404770083107E-0007  -0.400674327681760497789E-0010   0.145060178358497626760E+0002   0.255524894731082377608E-0001  -0.250000000000000000000E+0002   0.446432234249389825465E+0001
   0.670927458333333197515E+0005   0.191088957124215842731E-0002   0.403411861428384245753E-0005   0.224052472511995720499E-0007  -0.392259106392035025201E-0010   0.144968122154169485327E+0002   0.253937983737368179471E-0001  -0.250000000000000000000E+0002   0.445962035460132888431E+0001
   0.681596291666666511446E+0005   0.193460145400673605431E-0002   0.407553902968088510789E-0005   0.220548580641564846832E-0007  -0.384007088807983947462E-0010   0.144878008762922547703E+0002   0.252388250561656306281E-0001  -0.250000000000000000000E+0002   0.445534225256886973199E+0001
   0.692412729166666540550E+0005   0.195826416403175555120E-0002   0.411664889433631042627E-0005   0.217075493832218656898E-0007  -0.375925445232449980639E-0010   0.144789893320963525269E+0002   0.250876565490234376687E-0001  -0.250000000000000000000E+0002   0.445148537179966208299E+0001
   0.703366270833333255723E+0005   0.198184857199324489935E-0002   0.415740430707877221524E-0005   0.213640137112737616899E-0007  -0.368025592176813949334E-0010   0.144703884971218332822E+0002   0.249404698354278968331E-0001  -0.250000000000000000000E+0002   0.444804763118887880324E+0001
   0.714459833333333226619E+0005   0.200535558336556625492E-0002   0.419781387614923852804E-0005   0.210242629047276114483E-0007  -0.360303474026321702594E-0010   0.144619975055483696025E+0002   0.247972420722766991041E-0001  -0.250000000000000000000E+0002   0.444502103528037473268E+0001
   0.725698624999999883585E+0005   0.202879079684701018466E-0002   0.423789412222206596215E-0005   0.206883844049313793067E-0007  -0.352756639754576459882E-0010   0.144538135854867189067E+0002   0.246579227914083091988E-0001  -0.250000000000000000000E+0002   0.444239659086975624547E+0001
   0.737087958333333226619E+0005   0.205215977227045983516E-0002   0.427766124682827451317E-0005   0.203564810902672075594E-0007  -0.345382982681581162960E-0010   0.144458338285540328627E+0002   0.245224625828049380694E-0001  -0.250000000000000000000E+0002   0.444016510535654518321E+0001
   0.748633291666666627862E+0005   0.207546812148734233922E-0002   0.431713129681936689445E-0005   0.200286451630657499862E-0007  -0.338180263570203712764E-0010   0.144380551599125812601E+0002   0.243908126583047522862E-0001  -0.250000000000000000000E+0002   0.443831720841389731902E+0001
   0.760340187500000029104E+0005   0.209872141379962087737E-0002   0.435632001307374838159E-0005   0.197049596285624378131E-0007  -0.331146164319316645509E-0010   0.144304743716322345648E+0002   0.242629257425583666485E-0001  -0.250000000000000000000E+0002   0.443684338937760092136E+0001
   0.772214270833333430346E+0005   0.212192508963263311295E-0002   0.439524269792988976765E-0005   0.193854989232566194333E-0007  -0.324278310263942021729E-0010   0.144230881497094660659E+0002   0.241387567712876005555E-0001  -0.250000000000000000000E+0002   0.443573402577151831849E+0001
   0.784261291666666802485E+0005   0.214508458012643496438E-0002   0.443391442964938008772E-0005   0.190703265690137774446E-0007  -0.317574224526188784580E-0010   0.144158930341934254926E+0002   0.240182623758988418594E-0001  -0.250000000000000000000E+0002   0.443497940087610853510E+0001
   0.796487083333333430346E+0005   0.216820521927637947790E-0002   0.447234992727135875258E-0005   0.187594965796398778868E-0007  -0.311031363952376391190E-0010   0.144088854474666216987E+0002   0.239014014434732399716E-0001  -0.250000000000000000000E+0002   0.443456973270162446710E+0001
   0.808897604166666715173E+0005   0.219129231753597067400E-0002   0.451056368585127313284E-0005   0.184530521456525727398E-0007  -0.304647093105095156246E-0010   0.144020616721696264051E+0002   0.237881347404673391954E-0001  -0.250000000000000000000E+0002   0.443449519712548845263E+0001
   0.821450812500000029104E+0005   0.221426382751598819359E-0002   0.454842634354484790291E-0005   0.181521660976760337784E-0007  -0.298442910811005217088E-0010   0.143954429824385812253E+0002   0.236788327619662265777E-0001  -0.250000000000000000000E+0002   0.443474380433201975649E+0001
   0.834139354166666744277E+0005   0.223710504175563939383E-0002   0.458592099265881070989E-0005   0.178570370841230118804E-0007  -0.292418475465648183212E-0010   0.143890293633521793026E+0002   0.235735121941561473480E-0001  -0.250000000000000000000E+0002   0.443530150608546147595E+0001
   0.846968458333333401242E+0005   0.225982448498004365872E-0002   0.462306887306303439114E-0005   0.175675819658360755010E-0007  -0.286567835880576920430E-0010   0.143828136017932557422E+0002   0.234720794729005935442E-0001  -0.250000000000000000000E+0002   0.443615466821406734255E+0001
   0.859943666666666686069E+0005   0.228243088940415905091E-0002   0.465989119526105511726E-0005   0.172837038146194703685E-0007  -0.280885324181982734117E-0010   0.143767883971158134671E+0002   0.233744435806072792250E-0001  -0.250000000000000000000E+0002   0.443729017699007055597E+0001
   0.873070541666666686069E+0005   0.230493266220753705714E-0002   0.469640828997248820662E-0005   0.170053003891084290394E-0007  -0.275365453610160492718E-0010   0.143709465938597542589E+0002   0.232805178769759785196E-0001  -0.250000000000000000000E+0002   0.443869542392409144327E+0001
   0.886354770833333313931E+0005   0.232733806376914705710E-0002   0.473263992292104921451E-0005   0.167322632751527187230E-0007  -0.270002820409376193452E-0010   0.143652811397307509367E+0002   0.231902188864843705751E-0001  -0.250000000000000000000E+0002   0.444035830997359770578E+0001
   0.899802083333333284827E+0005   0.234965506067365357407E-0002   0.476860507858564235367E-0005   0.164644801630685713276E-0007  -0.264792136402081577170E-0010   0.143597851284837965125E+0002   0.231034664536088236997E-0001  -0.250000000000000000000E+0002   0.444226722908974913651E+0001
   0.913418270833333226619E+0005   0.237189136147247878889E-0002   0.480432204022165095756E-0005   0.162018354384405278847E-0007  -0.259728225005767640212E-0010   0.143544517941161409169E+0002   0.230201830855319838909E-0001  -0.250000000000000000000E+0002   0.444441105984212647684E+0001
   0.927209229166666627862E+0005   0.239405448294079115090E-0002   0.483980851569971813321E-0005   0.159442102879867298039E-0007  -0.254806008454532482620E-0010   0.143492744985800673163E+0002   0.229402931910300672547E-0001  -0.250000000000000000000E+0002   0.444677916174963527851E+0001
   0.941180916666666598758E+0005   0.241615167959775747203E-0002   0.487508154182454250927E-0005   0.156914840200792072974E-0007  -0.250020522025962159459E-0010   0.143442467530839223855E+0002   0.228637228542950855792E-0001  -0.250000000000000000000E+0002   0.444936135724750858600E+0001
   0.955339333333333197515E+0005   0.243818991219231159806E-0002   0.491015745107088981625E-0005   0.154435351794033912664E-0007  -0.245366922423589370816E-0010   0.143393622286954371958E+0002   0.227903994224605971342E-0001  -0.250000000000000000000E+0002   0.445214791374799112589E+0001
   0.969690562499999796273E+0005   0.246017591484990177236E-0002   0.494505199390492946541E-0005   0.152002417002378472557E-0007  -0.240840477473520022670E-0010   0.143346147442272595640E+0002   0.227202507712075015001E-0001  -0.250000000000000000000E+0002   0.445512953746697704105E+0001
   0.984240729166666424135E+0005   0.248211613178184273970E-0002   0.497978025158989978172E-0005   0.149614819056490352978E-0007  -0.236436575031446402083E-0010   0.143299982837319088702E+0002   0.226532050418773757416E-0001  -0.250000000000000000000E+0002   0.445829735049007158665E+0001
   0.998952729166666395031E+0005   0.250395286082306673531E-0002   0.501425596268611672350E-0005   0.147276231868507071030E-0007  -0.232160302760111783554E-0010   0.143255202519998974253E+0002   0.225893769117623995080E-0001  -0.250000000000000000000E+0002   0.446163270382029697458E+0001
   0.101381674999999973807E+0006   0.252567155792987347446E-0002   0.504846153782910607807E-0005   0.144988605186961428650E-0007  -0.228012507371014314504E-0010   0.143211784068996070829E+0002   0.225287302299328230648E-0001  -0.250000000000000000000E+0002   0.446512263673358233973E+0001
