    0.208333333333333330442E-0002   0.208333333333333300534E-0011  -0.468674932081830424447E-0043   0.139638367127771191299E+0008   0.000000000000000000000E+0000
    0.208333333333333330442E-0002   0.208333333333333300534E-0011  -0.468674932081830424447E-0043   0.139638367127771191299E+0008   0.000000000000000000000E+0000
    0.208333333333333330442E-0002   0.208333333333333300534E-0011  -0.468674932081830424447E-0043   0.139638367127771191299E+0008   0.000000000000000000000E+0000
    0.208333333333333330442E-0002   0.208333333333333340923E-0011  -0.468674932081830524015E-0043   0.139638367127771191299E+0008   0.000000000000000000000E+0000
    0.208333333333333330442E-0002   0.208333333333333340923E-0011   0.473568572345694297771E-0037   0.139638367081526797265E+0008   0.709764265796077478609E-0018
    0.208333333333333330442E-0002   0.208333333333333340923E-0011   0.494693245829555673703E-0037   0.139638367081526797265E+0008   0.612917276839537052206E-0018
    0.208333333333333330442E-0002   0.208333333333333340923E-0011   0.470928417043983678150E-0037   0.139638367081526797265E+0008   0.560356745348857754148E-0018
    0.208333333333333330442E-0002   0.208333333333333340923E-0011   0.601780958540659043502E-0037   0.139638367081526797265E+0008   0.764934835315773988061E-0018
    0.208333333333333330442E-0002   0.208333333333333340923E-0011   0.635140106488618673758E-0037   0.139638367081526797265E+0008   0.776760034957368142946E-0018
    0.208333333333333330442E-0002   0.208333333333333340923E-0011   0.575177470098668839886E-0037   0.139638367081526797265E+0008   0.700146176430659211903E-0018
    0.208333333333333330442E-0002   0.208333333333333340923E-0011   0.484301433452196999338E-0037   0.139638367081526797265E+0008   0.653591190423822908008E-0018
    0.208333333333333330442E-0002   0.208333333333333340923E-0011   0.378182889165160643698E-0037   0.139638367081526797265E+0008   0.556836954900404639371E-0018
    0.208333333333333330442E-0002   0.208333333333333340923E-0011   0.500102300818765155872E-0037   0.160361632918473221362E+0008   0.684752157110761756773E-0018
    0.208333333333333330442E-0002   0.208333333333333340923E-0011   0.390707842812653478936E-0037   0.160361632918473221362E+0008   0.653328852177735054173E-0018
    0.208333333333333330442E-0002   0.208333333333333340923E-0011   0.403505451673108715938E-0037   0.160361632918473221362E+0008   0.697307330811409141104E-0018
    0.208333333333333330442E-0002   0.208333333333333340923E-0011   0.426478212816691125372E-0037   0.160361632918473221362E+0008   0.669663330273887153999E-0018
    0.208333333333333330442E-0002   0.208333333333333340923E-0011   0.358207582153931779556E-0037   0.160361632918473221362E+0008   0.494910570310280139485E-0018
    0.208333333333333330442E-0002   0.208333333333333340923E-0011   0.394484517657436530853E-0037   0.160361632918473221362E+0008   0.528056938771695815029E-0018
    0.208333333333333330442E-0002   0.208333333333333340923E-0011   0.405902838668094717210E-0037   0.160361632918473221362E+0008   0.479772071680688300250E-0018
    0.208333333333333330442E-0002   0.208333333333333340923E-0011   0.453392916738486537414E-0037   0.160361632918473221362E+0008   0.668832372780062735809E-0018
    0.208333333333333330442E-0002   0.208333333333333340923E-0011   0.410497906336856469105E-0037   0.160361632918473221362E+0008   0.615457777046261320801E-0018
    0.208333333333333330442E-0002   0.208333333333333340923E-0011   0.427624030585457910272E-0037   0.160361632918473221362E+0008   0.643748778617244724447E-0018
    0.208333333333333330442E-0002   0.208333333333333340923E-0011   0.388915807448729368237E-0037   0.160361632918473221362E+0008   0.627504330471395082750E-0018
    0.208333333333333330442E-0002   0.208333333333333340923E-0011   0.359473741893015213618E-0037   0.160361632918473221362E+0008   0.471366747286807294557E-0018
    0.208333333333333330442E-0002   0.208333333333333340923E-0011   0.197837666470942557418E-0037   0.160361632918473221362E+0008   0.345487286305034989195E-0018
    0.208333333333333330442E-0002   0.208333333333333340923E-0011   0.384007743747509538048E-0037   0.160361632918473221362E+0008   0.474450900151364775881E-0018
    0.208333333333333330442E-0002   0.208333333333333340923E-0011   0.348544946711197563424E-0037   0.160361632918473221362E+0008   0.528104262841117923903E-0018
    0.208333333333333330442E-0002   0.208333333333333340923E-0011   0.206506363104555358776E-0037   0.160361632918473221362E+0008   0.346957292283277932366E-0018
    0.208333333333333330442E-0002   0.208333333333333340923E-0011   0.247966769439323586612E-0037   0.160361632918473221362E+0008   0.518408422165941932930E-0018
    0.208333333333333330442E-0002   0.208333333333333340923E-0011   0.357119081374147898878E-0037   0.139638367081526797265E+0008   0.486060066938093035180E-0018
    0.208333333333333330442E-0002   0.208333333333333340923E-0011   0.280577390206026207367E-0037   0.139638367081526797265E+0008   0.362990064670324437858E-0018
    0.208333333333333330442E-0002   0.208333333333333340923E-0011   0.281239855539668756597E-0037   0.139638367081526797265E+0008   0.340860527630963145202E-0018
    0.208333333333333330442E-0002   0.208333333333333340923E-0011   0.308517298890196044734E-0037   0.139638367081526797265E+0008   0.513346103036867103776E-0018
    0.208333333333333330442E-0002   0.208333333333333340923E-0011   0.237680739440856223224E-0037   0.139638367081526797265E+0008   0.307933546385673906637E-0018
    0.208333333333333330442E-0002   0.208333333333333340923E-0011   0.378134340062830752497E-0037   0.139638367081526797265E+0008   0.610668095366596589677E-0018
    0.208333333333333330442E-0002   0.208333333333333340923E-0011   0.348502943773938803033E-0037   0.139638367081526797265E+0008   0.501374359403431694227E-0018
    0.208333333333333330442E-0002   0.208333333333333340923E-0011   0.351815184273446558765E-0037   0.139638367081526797265E+0008   0.446561796244791752144E-0018
    0.208333333333333330442E-0002   0.208333333333333340923E-0011  -0.468674932081830524015E-0043   0.139638367127771191299E+0008   0.000000000000000000000E+0000
    0.208333333333333330442E-0002   0.208333333333333340923E-0011  -0.468674932081830524015E-0043   0.139638367127771191299E+0008   0.000000000000000000000E+0000
    0.208333333333333330442E-0002   0.208333333333333381313E-0011  -0.468674932081830623583E-0043   0.139638367127771191299E+0008   0.000000000000000000000E+0000
    0.208333333333333330442E-0002   0.208333333333333340923E-0011  -0.468674932081830524015E-0043   0.139638367127771191299E+0008   0.000000000000000000000E+0000
    0.437499999999999972244E-0001   0.437499999999999910926E-0010  -0.984217357371843851511E-0042   0.139638367127771191299E+0008   0.000000000000000000000E+0000
    0.437499999999999972244E-0001   0.437499999999999910926E-0010  -0.984217357371843851511E-0042   0.139638367127771191299E+0008   0.000000000000000000000E+0000
    0.437499999999999972244E-0001   0.437499999999999910926E-0010  -0.984217357371843851511E-0042   0.139638367127771191299E+0008   0.000000000000000000000E+0000
    0.437499999999999972244E-0001   0.437499999999999910926E-0010  -0.984217357371843851511E-0042   0.139638367127771191299E+0008   0.000000000000000000000E+0000
    0.437499999999999972244E-0001   0.437499999999999910926E-0010  -0.114296104526130994537E-0027   0.139638367081526797265E+0008  -0.587430831860224334920E-0009
    0.437499999999999972244E-0001   0.437499999999999910926E-0010  -0.140127779426055704915E-0027   0.139638367081526797265E+0008  -0.720194092445748897792E-0009
    0.437499999999999972244E-0001   0.437499999999999910926E-0010  -0.184162586798339018879E-0027   0.139638367081526797265E+0008  -0.946513569661242503276E-0009
    0.437499999999999972244E-0001   0.437499999999999910926E-0010  -0.255468717036116704337E-0027   0.139638367081526815891E+0008  -0.131299617886759703838E-0008
    0.437499999999999972244E-0001   0.437499999999999910926E-0010  -0.371910869727866189215E-0027   0.139638367081526797265E+0008  -0.191146034555299600672E-0008
    0.437499999999999972244E-0001   0.437499999999999910926E-0010  -0.568988661603135789924E-0027   0.139638367081526797265E+0008  -0.292436024677028332620E-0008
    0.437499999999999972244E-0001   0.437499999999999910926E-0010  -0.926247256378190190870E-0027   0.139638367081526797265E+0008  -0.476055838612416956577E-0008
    0.437499999999999972244E-0001   0.437499999999999910926E-0010  -0.155418553022026099163E-0026   0.139638367081526797265E+0008  -0.798770735893760245531E-0008
    0.437499999999999972244E-0001   0.437499999999999910926E-0010  -0.348864135425547810274E-0026   0.160361632918473221362E+0008  -0.205957388236427747635E-0007
    0.437499999999999972244E-0001   0.437500215341712126557E-0010  -0.852101004975830704428E-0026   0.160361639282692223787E+0008  -0.502829666629298035516E-0007
    0.437499999999999972244E-0001   0.437503888461287114118E-0010  -0.737709331751973571733E-0026   0.160361747758264318109E+0008  -0.435320433461330981177E-0007
    0.437499999999999972244E-0001   0.437507712341753774378E-0010  -0.193509318730977030976E-0026   0.160361860682459864765E+0008  -0.114288489182658692324E-0007
    0.437499999999999972244E-0001   0.437510199530830118814E-0010  -0.597814473689572972355E-0027   0.160361934127992261201E+0008  -0.352863549153686672978E-0008
    0.437499999999999972244E-0001   0.437511551032012490950E-0010  -0.198964584659870691512E-0027   0.160361974035731721669E+0008  -0.117464506666533781929E-0008
    0.437499999999999972244E-0001   0.437511977956256725823E-0010  -0.868120031648015680038E-0030   0.160361986641930658370E+0008  -0.515500646452488466450E-0011
    0.437499999999999972244E-0001   0.437511551032012297079E-0010   0.197185279557310712048E-0027   0.160361974035731721669E+0008   0.116408061609218997220E-0008
    0.437499999999999972244E-0001   0.437510199530830118814E-0010   0.595985455318116241067E-0027   0.160361934127992261201E+0008   0.351777869841957282392E-0008
    0.437499999999999972244E-0001   0.437507712341753774378E-0010   0.193350015030814021303E-0026   0.160361860682459864765E+0008   0.114193931232555385013E-0007
    0.437499999999999972244E-0001   0.437503888461287307988E-0010   0.737644835691498804772E-0026   0.160361747758264318109E+0008   0.435282064579341922288E-0007
    0.437499999999999972244E-0001   0.437500215341712320428E-0010   0.852177089276919611381E-0026   0.160361639282692223787E+0008   0.502874597048388956143E-0007
    0.437499999999999972244E-0001   0.437499999999999910926E-0010   0.349073252157083475337E-0026   0.160361632918473221362E+0008   0.206081130436926109589E-0007
    0.437499999999999972244E-0001   0.437499999999999910926E-0010   0.135615915215228076211E-0026   0.160361632918473221362E+0008   0.800438888583700028088E-0008
    0.437499999999999972244E-0001   0.437499999999999975549E-0010   0.809245912020382673846E-0027   0.160361632918473221362E+0008   0.477651450073410900859E-0008
    0.437499999999999972244E-0001   0.437499999999999975549E-0010   0.497596393079591825696E-0027   0.160361632918473221362E+0008   0.293700763524573414793E-0008
    0.437499999999999972244E-0001   0.437499999999999910926E-0010   0.325205634650826584656E-0027   0.160361632918473239988E+0008   0.191948816718863837248E-0008
    0.437499999999999972244E-0001   0.437500000000000040173E-0010   0.255766460009260915528E-0027   0.139638367081526797265E+0008   0.131454236169745015853E-0008
    0.437499999999999972244E-0001   0.437499999999999910926E-0010   0.182488582518544985667E-0027   0.139638367081526797265E+0008   0.937920878905422702581E-0009
    0.437499999999999972244E-0001   0.437499999999999910926E-0010   0.135210888439608275982E-0027   0.139638367081526797265E+0008   0.694931053719755963765E-0009
    0.437499999999999972244E-0001   0.437499999999999910926E-0010   0.104006042026041110559E-0027   0.139638367081526797265E+0008   0.534549822400075718640E-0009
    0.437499999999999972244E-0001   0.437499999999999975549E-0010   0.832525156578830074215E-0028   0.139638367081526797265E+0008   0.427884528148571412134E-0009
    0.437499999999999972244E-0001   0.437499999999999910926E-0010   0.696818521994379430458E-0028   0.139638367081526797265E+0008   0.358136405077532184309E-0009
    0.437499999999999972244E-0001   0.437499999999999910926E-0010   0.613989975507454462165E-0028   0.139638367081526797265E+0008   0.315565623166276268823E-0009
    0.437499999999999972244E-0001   0.437499999999999975549E-0010   0.573819439236965364052E-0028   0.139638367081526797265E+0008   0.294919360885396750397E-0009
    0.437499999999999972244E-0001   0.437499999999999910926E-0010  -0.984217357371843851511E-0042   0.139638367127771191299E+0008   0.000000000000000000000E+0000
    0.437499999999999972244E-0001   0.437499999999999910926E-0010  -0.984217357371843851511E-0042   0.139638367127771191299E+0008   0.000000000000000000000E+0000
    0.437499999999999972244E-0001   0.437499999999999975549E-0010  -0.984217357371844170130E-0042   0.139638367127771191299E+0008   0.000000000000000000000E+0000
    0.437499999999999972244E-0001   0.437499999999999910926E-0010  -0.984217357371843851511E-0042   0.139638367127771191299E+0008   0.000000000000000000000E+0000
    0.854166666666667240282E-0001   0.854166666666667335943E-0010  -0.192156722153550549695E-0041   0.139638367127771191299E+0008   0.000000000000000000000E+0000
    0.854166666666667240282E-0001   0.854166666666667335943E-0010  -0.192156722153550549695E-0041   0.139638367127771191299E+0008   0.000000000000000000000E+0000
    0.854166666666667240282E-0001   0.854166666666667335943E-0010  -0.192156722153550549695E-0041   0.139638367127771191299E+0008   0.000000000000000000000E+0000
    0.854166666666667240282E-0001   0.854166666666667335943E-0010  -0.192156722153550549695E-0041   0.139638367127771191299E+0008   0.000000000000000000000E+0000
    0.854166666666667240282E-0001   0.854166666666666431214E-0010  -0.338175618577749696545E-0024   0.139638367081526797265E+0008  -0.521042851761806164250E-0006
    0.854166666666667240282E-0001   0.854166666666667335943E-0010  -0.414585122890022499582E-0024   0.139638367081526815891E+0008  -0.638749358062147256705E-0006
    0.854166666666667240282E-0001   0.854166666666666431214E-0010  -0.544836150839041700171E-0024   0.139638367081526797265E+0008  -0.839393881406110367321E-0006
    0.854166666666667240282E-0001   0.854166666666667335943E-0010  -0.755738759645778490508E-0024   0.139638367081526815891E+0008  -0.116426224740299982272E-0005
    0.854166666666667240282E-0001   0.854166666666667335943E-0010  -0.110009856172075702980E-0023   0.139638367081526797265E+0008  -0.169465950724977182545E-0005
    0.854166666666667240282E-0001   0.854166666666666431214E-0010  -0.168283769587084932314E-0023   0.139638367081526797265E+0008  -0.259212560212594579753E-0005
    0.854166666666667240282E-0001   0.854166666666666431214E-0010  -0.273883671825873073896E-0023   0.139638367081526778638E+0008  -0.421803579246693064299E-0005
    0.854166666666667240282E-0001   0.854166666666667335943E-0010  -0.459628648477618360357E-0023   0.139638367081526797265E+0008  -0.707951916583983031120E-0005
    0.854166666666667240282E-0001   0.854166666666666431214E-0010  -0.102839246536651894300E-0022   0.160361632918473221362E+0008  -0.181478476265597421231E-0004
    0.854166666666667240282E-0001   0.854354040783677123622E-0010  -0.252004071849168573386E-0022   0.160363302024906333536E+0008  -0.445067293051575152787E-0004
    0.854166666666667240282E-0001   0.857575222333605373680E-0010  -0.224400520496227122900E-0022   0.160391751555251125246E+0008  -0.392259935350219721617E-0004
    0.854166666666667240282E-0001   0.860984367519113326387E-0010  -0.628831773622737572663E-0023   0.160421368431994635612E+0008  -0.111182471865413798161E-0004
    0.854166666666667240282E-0001   0.863232811082640023627E-0010  -0.206903723128364674464E-0023   0.160440631492619533092E+0008  -0.372685625895350264606E-0005
    0.854166666666667240282E-0001   0.864464975201633096008E-0010  -0.718198910486529219429E-0024   0.160451098479547053576E+0008  -0.131057581519486060403E-0005
    0.854166666666667240282E-0001   0.864855735140193387474E-0010  -0.270048890696475649192E-0026   0.160454404845028910786E+0008  -0.447035675526176293607E-0008
    0.854166666666667240282E-0001   0.864464975201590186014E-0010   0.712676500334142311494E-0024   0.160451098479546643794E+0008   0.130141577793882452804E-0005
    0.854166666666667240282E-0001   0.863232811082557434812E-0010   0.206340064656321840975E-0023   0.160440631492618639022E+0008   0.371744809809435858484E-0005
    0.854166666666667240282E-0001   0.860984367518985759627E-0010   0.628347185141030372390E-0023   0.160421368431993257254E+0008   0.111100684057030909163E-0004
    0.854166666666667240282E-0001   0.857575222333431794998E-0010   0.224381355924489072246E-0022   0.160391751555249225348E+0008   0.392227176619434068135E-0004
    0.854166666666667240282E-0001   0.854354040783461151934E-0010   0.252026628014934028183E-0022   0.160363302024904005229E+0008   0.445107169382716070312E-0004
    0.854166666666667240282E-0001   0.854166666666666431214E-0010   0.102900899619198232610E-0022   0.160361632918473221362E+0008   0.181587073654660246364E-0004
    0.854166666666667240282E-0001   0.854166666666665655732E-0010   0.401062011932787289886E-0023   0.160361632918473221362E+0008   0.709413704921764216220E-0005
    0.854166666666667240282E-0001   0.854166666666667335943E-0010   0.239284638080902414659E-0023   0.160361632918473221362E+0008   0.423202402661503486442E-0005
    0.854166666666667240282E-0001   0.854166666666667335943E-0010   0.147166753404451121328E-0023   0.160361632918473221362E+0008   0.260322117122482980732E-0005
    0.854166666666667240282E-0001   0.854166666666666818955E-0010   0.961931512911112092546E-0024   0.160361632918473221362E+0008   0.170169568569299393307E-0005
    0.854166666666667240282E-0001   0.854166666666667465190E-0010   0.756606925211510922373E-0024   0.139638367081526778638E+0008   0.116557485190475426740E-0005
    0.854166666666667240282E-0001   0.854166666666666431214E-0010   0.539872958116882267377E-0024   0.139638367081526797265E+0008   0.831728162610699955474E-0006
    0.854166666666667240282E-0001   0.854166666666666431214E-0010   0.400027557116580614498E-0024   0.139638367081526797265E+0008   0.616304212848282068405E-0006
    0.854166666666667240282E-0001   0.854166666666667335943E-0010   0.307719183217174959280E-0024   0.139638367081526797265E+0008   0.474102323041907007582E-0006
    0.854166666666667240282E-0001   0.854166666666667335943E-0010   0.246324788375851080335E-0024   0.139638367081526797265E+0008   0.379521058032693009527E-0006
    0.854166666666667240282E-0001   0.854166666666666431214E-0010   0.206178337234897783301E-0024   0.139638367081526797265E+0008   0.317672498463874596463E-0006
    0.854166666666667240282E-0001   0.854166666666667335943E-0010   0.181675156457046803560E-0024   0.139638367081526797265E+0008   0.279923774611239898939E-0006
    0.854166666666667240282E-0001   0.854166666666667335943E-0010   0.169792506583355495578E-0024   0.139638367081526797265E+0008   0.261618909218826987216E-0006
    0.854166666666667240282E-0001   0.854166666666667335943E-0010  -0.192156722153550549695E-0041   0.139638367127771191299E+0008   0.000000000000000000000E+0000
    0.854166666666667240282E-0001   0.854166666666667335943E-0010  -0.192156722153550549695E-0041   0.139638367127771191299E+0008   0.000000000000000000000E+0000
    0.854166666666667240282E-0001   0.854166666666667335943E-0010  -0.192156722153550613419E-0041   0.139638367127771191299E+0008   0.000000000000000000000E+0000
    0.854166666666667240282E-0001   0.854166666666667335943E-0010  -0.192156722153550549695E-0041   0.139638367127771191299E+0008   0.000000000000000000000E+0000
    0.127083333333333492465E+0000   0.127083333333333437322E-0009  -0.285891708569916714239E-0041   0.139638367127771191299E+0008   0.000000000000000000000E+0000
    0.127083333333333492465E+0000   0.127083333333333437322E-0009  -0.285891708569916714239E-0041   0.139638367127771191299E+0008   0.000000000000000000000E+0000
    0.127083333333333492465E+0000   0.127083333333333437322E-0009  -0.285891708569916714239E-0041   0.139638367127771191299E+0008   0.000000000000000000000E+0000
    0.127083333333333492465E+0000   0.127083333333333437322E-0009  -0.285891708569916714239E-0041   0.139638367127771191299E+0008   0.000000000000000000000E+0000
    0.127083333333333492465E+0000   0.127083333333333256376E-0009  -0.958352867711863395689E-0023   0.139638367081526797265E+0008  -0.806961226488689877955E-0005
    0.127083333333333492465E+0000   0.127083333333333437322E-0009  -0.117449584001947049395E-0022   0.139638367081526797265E+0008  -0.988741346695154402094E-0005
    0.127083333333333492465E+0000   0.127083333333333256376E-0009  -0.154288413561906541710E-0022   0.139638367081526797265E+0008  -0.129853040493078699785E-0004
    0.127083333333333492465E+0000   0.127083333333333437322E-0009  -0.213909345223849290765E-0022   0.139638367081526815891E+0008  -0.179974331149170058066E-0004
    0.127083333333333492465E+0000   0.127083333333333437322E-0009  -0.311175578646104043882E-0022   0.139638367081526797265E+0008  -0.261697403835774545318E-0004
    0.127083333333333492465E+0000   0.127083333333333256376E-0009  -0.475601091030075128857E-0022   0.139638367081526797265E+0008  -0.399751892624748355969E-0004
    0.127083333333333492465E+0000   0.127083333333333256376E-0009  -0.772809801924474594920E-0022   0.139638367081526797265E+0008  -0.648884304114454772781E-0004
    0.127083333333333492465E+0000   0.127083333333333437322E-0009  -0.129836965499431447154E-0021   0.139638367081526815891E+0008  -0.109089804260111740701E-0003
    0.127083333333333492465E+0000   0.127083333333333256376E-0009  -0.283840608199200714434E-0021   0.160361632918473221362E+0008  -0.269787455075790050252E-0003
    0.127083333333333492465E+0000   0.127338944202857057036E-0009  -0.711878281806796573702E-0021   0.160372943204549755901E+0008  -0.678654580773274305160E-0003
    0.127083333333333492465E+0000   0.131968693272143894229E-0009  -0.759039904827406626004E-0021   0.160565724042196739465E+0008  -0.665728412936667369830E-0003
    0.127083333333333492465E+0000   0.137392550386101480802E-0009  -0.314136469512292113455E-0021   0.160766415104294754565E+0008  -0.272755812946465637896E-0003
    0.127083333333333492465E+0000   0.141295459349947251338E-0009  -0.143834332513686515338E-0021   0.160896946229020841420E+0008  -0.124167117944580431693E-0003
    0.127083333333333492465E+0000   0.143552838232612114069E-0009  -0.603357441313815729955E-0022   0.160967873049428202212E+0008  -0.515341702540474374595E-0004
    0.127083333333333492465E+0000   0.144287029052612962609E-0009  -0.988651151736025969368E-0025   0.160990277777635641396E+0008  -0.591372981048022263072E-0007
    0.127083333333333492465E+0000   0.143552838232439698610E-0009   0.601362707408986900763E-0022   0.160967873049421291798E+0008   0.514130700923899378279E-0004
    0.127083333333333492465E+0000   0.141295459349614311141E-0009   0.143639332199840664417E-0021   0.160896946229006741196E+0008   0.124043127411617665288E-0003
    0.127083333333333492465E+0000   0.137392550385634976786E-0009   0.313982179080739806665E-0021   0.160766415104273166507E+0008   0.272649401975304684232E-0003
    0.127083333333333492465E+0000   0.131968693271587486020E-0009   0.758988673424174302675E-0021   0.160565724042167291045E+0008   0.665689974608676005713E-0003
    0.127083333333333492465E+0000   0.127338944202232587372E-0009   0.711942706952195111355E-0021   0.160372943204512279481E+0008   0.678716484496721603192E-0003
    0.127083333333333492465E+0000   0.127083333333333256376E-0009   0.284007688835219193910E-0021   0.160361632918473221362E+0008   0.269944345225838519368E-0003
    0.127083333333333492465E+0000   0.127083333333333075430E-0009   0.113281976136983504336E-0021   0.160361632918473221362E+0008   0.109298883795161237307E-0003
    0.127083333333333492465E+0000   0.127083333333333437322E-0009   0.675084272813986391191E-0022   0.160361632918473221362E+0008   0.650890728851690099094E-0004
    0.127083333333333492465E+0000   0.127083333333333437322E-0009   0.415844654619391187422E-0022   0.160361632918473221362E+0008   0.401350887500305191619E-0004
    0.127083333333333492465E+0000   0.127083333333333282226E-0009   0.272039758670298015529E-0022   0.160361632918473221362E+0008   0.262704532038442792991E-0004
    0.127083333333333492465E+0000   0.127083333333333437322E-0009   0.214110583109676710605E-0022   0.139638367081526797265E+0008   0.180119808376482575321E-0004
    0.127083333333333492465E+0000   0.127083333333333256376E-0009   0.152848277516678228812E-0022   0.139638367081526797265E+0008   0.128622328058249395314E-0004
    0.127083333333333492465E+0000   0.127083333333333256376E-0009   0.113295833560197853815E-0022   0.139638367081526797265E+0008   0.953612352479964002494E-0005
    0.127083333333333492465E+0000   0.127083333333333437322E-0009   0.871771003835669231346E-0023   0.139638367081526797265E+0008   0.733908494626102504672E-0005
    0.127083333333333492465E+0000   0.127083333333333437322E-0009   0.698006189714139351425E-0023   0.139638367081526797265E+0008   0.587715070591994601118E-0005
    0.127083333333333492465E+0000   0.127083333333333256376E-0009   0.584363644690941589828E-0023   0.139638367081526797265E+0008   0.492095484916585242878E-0005
    0.127083333333333492465E+0000   0.127083333333333437322E-0009   0.515006754232734311256E-0023   0.139638367081526778638E+0008   0.433740521348455909954E-0005
    0.127083333333333492465E+0000   0.127083333333333437322E-0009   0.481393408459133154412E-0023   0.139638367081526797265E+0008   0.405470756474299805802E-0005
    0.127083333333333492465E+0000   0.127083333333333437322E-0009  -0.285891708569916714239E-0041   0.139638367127771191299E+0008   0.000000000000000000000E+0000
    0.127083333333333492465E+0000   0.127083333333333437322E-0009  -0.285891708569916714239E-0041   0.139638367127771191299E+0008   0.000000000000000000000E+0000
    0.127083333333333492465E+0000   0.127083333333333437322E-0009  -0.285891708569916746101E-0041   0.139638367127771191299E+0008   0.000000000000000000000E+0000
    0.127083333333333492465E+0000   0.127083333333333437322E-0009  -0.285891708569916714239E-0041   0.139638367127771191299E+0008   0.000000000000000000000E+0000
    0.168750000000000011102E+0000   0.168749999999999960104E-0009  -0.379626694986282623888E-0041   0.139638367127771191299E+0008   0.000000000000000000000E+0000
    0.168750000000000011102E+0000   0.168749999999999960104E-0009  -0.379626694986282623888E-0041   0.139638367127771191299E+0008   0.000000000000000000000E+0000
    0.168750000000000011102E+0000   0.168749999999999960104E-0009  -0.379626694986282623888E-0041   0.139638367127771191299E+0008   0.000000000000000000000E+0000
    0.168750000000000011102E+0000   0.168749999999999960104E-0009  -0.379626694986282623888E-0041   0.139638367127771191299E+0008   0.000000000000000000000E+0000
    0.168750000000000011102E+0000   0.168749999999999779158E-0009  -0.774879286739107780569E-0022   0.139638367081526797265E+0008  -0.463125087154371185166E-0004
    0.168750000000000011102E+0000   0.168749999999999960104E-0009  -0.948885709489810861078E-0022   0.139638367081526797265E+0008  -0.566788595776723143891E-0004
    0.168750000000000011102E+0000   0.168749999999999779158E-0009  -0.124535007711689583558E-0021   0.139638367081526797265E+0008  -0.743359446477030499836E-0004
    0.168750000000000011102E+0000   0.168749999999999960104E-0009  -0.172461725626172528128E-0021   0.139638367081526797265E+0008  -0.102856887176659385829E-0003
    0.168750000000000011102E+0000   0.168749999999999960104E-0009  -0.250496432913046549024E-0021   0.139638367081526797265E+0008  -0.149227917715662644670E-0003
    0.168750000000000011102E+0000   0.168750000018660922078E-0009  -0.382081963746562192971E-0021   0.139638367095858585089E+0008  -0.227274249018319547937E-0003
    0.168750000000000011102E+0000   0.168750000050717608784E-0009  -0.618587597641716856730E-0021   0.139638367096508108079E+0008  -0.366979278991952449340E-0003
    0.168750000000000011102E+0000   0.168750000120500555663E-0009  -0.104125170214855560674E-0020   0.139638367111164480448E+0008  -0.618391248509852272525E-0003
    0.168750000000000011102E+0000   0.168750001157355194229E-0009  -0.216383436594629656430E-0020   0.160361632988133225590E+0008  -0.142311135610345305610E-0002
    0.168750000000000011102E+0000   0.169844558996793906157E-0009  -0.566266481790911310252E-0020   0.160391331662820316851E+0008  -0.371328304571868746467E-0002
    0.168750000000000011102E+0000   0.191937982879429420961E-0009  -0.888396732855347741112E-0020   0.160897537276479899883E+0008  -0.448123302124660283230E-0002
    0.168750000000000011102E+0000   0.223969869007728708913E-0009  -0.738175103797133797236E-0020   0.161424513520228080451E+0008  -0.297250158746324797537E-0002
    0.168750000000000011102E+0000   0.251763177062330162924E-0009  -0.548673678462388930298E-0020   0.161767263188747037202E+0008  -0.183758304648087259121E-0002
    0.168750000000000011102E+0000   0.269861253134129461173E-0009  -0.295176221128179518016E-0020   0.161953503384246435016E+0008  -0.882648998148069497370E-0003
    0.168750000000000011102E+0000   0.276087315748224214223E-0009  -0.131440674504918757485E-0023   0.162012333891021478921E+0008  -0.230305204450362675444E-0006
    0.168750000000000011102E+0000   0.269861253131078353785E-0009   0.294918785939489759015E-0020   0.161953503384205438197E+0008   0.882178336194593712243E-0003
    0.168750000000000011102E+0000   0.251763177056986059179E-0009   0.548444964039190163394E-0020   0.161767263188664335757E+0008   0.183710607788603748868E-0002
    0.168750000000000011102E+0000   0.223969869001430348934E-0009   0.738024980438494209005E-0020   0.161424513520102016628E+0008   0.297210976230942881121E-0002
    0.168750000000000011102E+0000   0.191937982873612221604E-0009   0.888365448885483831711E-0020   0.160897537276308629662E+0008   0.448114541841698396651E-0002
    0.168750000000000011102E+0000   0.169844558991624957907E-0009   0.566319450820805255397E-0020   0.160391331662602499127E+0008   0.371364019354315701843E-0002
    0.168750000000000011102E+0000   0.168750001153101236983E-0009   0.216505643182341216108E-0020   0.160361632987867761403E+0008   0.142389015164603072346E-0002
    0.168750000000000011102E+0000   0.168750000420224254893E-0009   0.908303066029322160091E-0021   0.160361632952705621719E+0008   0.619404646398250620550E-0003
    0.168750000000000011102E+0000   0.168750000162197644667E-0009   0.540198957818836612362E-0021   0.160361632935774326324E+0008   0.367958307561265507684E-0003
    0.168750000000000011102E+0000   0.168750000016965046726E-0009   0.333948026888714936349E-0021   0.160361632934759687632E+0008   0.228062993989788467429E-0003
    0.168750000000000011102E+0000   0.168749999999999805007E-0009   0.218901284507814558322E-0021   0.160361632918473221362E+0008   0.149716367433244381064E-0003
    0.168750000000000011102E+0000   0.168749999999999960104E-0009   0.172547888724179978473E-0021   0.139638367081526797265E+0008   0.102877048700923472927E-0003
    0.168750000000000011102E+0000   0.168749999999999779158E-0009   0.123312266977520469937E-0021   0.139638367081526797265E+0008   0.735810119669785275094E-0004
    0.168750000000000011102E+0000   0.168749999999999779158E-0009   0.914798488796353218460E-0022   0.139638367081526778638E+0008   0.546204470249177017759E-0004
    0.168750000000000011102E+0000   0.168749999999999960104E-0009   0.704379039914621756466E-0022   0.139638367081526815891E+0008   0.420777477896702367861E-0004
    0.168750000000000011102E+0000   0.168749999999999960104E-0009   0.564296684781430602196E-0022   0.139638367081526797265E+0008   0.337236134838215796368E-0004
    0.168750000000000011102E+0000   0.168749999999999779158E-0009   0.472652471786127462394E-0022   0.139638367081526797265E+0008   0.282568764621715656652E-0004
    0.168750000000000011102E+0000   0.168749999999999960104E-0009   0.416729658194213710454E-0022   0.139638367081526778638E+0008   0.249213573690314391074E-0004
    0.168750000000000011102E+0000   0.168749999999999960104E-0009   0.389667055107928751755E-0022   0.139638367081526797265E+0008   0.233089844842290707261E-0004
    0.168750000000000011102E+0000   0.168749999999999960104E-0009  -0.379626694986282623888E-0041   0.139638367127771191299E+0008   0.000000000000000000000E+0000
    0.168750000000000011102E+0000   0.168749999999999960104E-0009  -0.379626694986282623888E-0041   0.139638367127771191299E+0008   0.000000000000000000000E+0000
    0.168750000000000011102E+0000   0.168749999999999960104E-0009  -0.379626694986282751336E-0041   0.139638367127771191299E+0008   0.000000000000000000000E+0000
    0.168750000000000011102E+0000   0.168749999999999960104E-0009  -0.379626694986282623888E-0041   0.139638367127771191299E+0008   0.000000000000000000000E+0000
    0.210416666666666529739E+0000   0.210416666666666482886E-0009  -0.473361681402648565400E-0041   0.139638367127771191299E+0008   0.000000000000000000000E+0000
    0.210416666666666529739E+0000   0.210416666666666482886E-0009  -0.473361681402648565400E-0041   0.139638367127771191299E+0008   0.000000000000000000000E+0000
    0.210416666666666529739E+0000   0.210416666666666482886E-0009  -0.473361681402648565400E-0041   0.139638367127771191299E+0008   0.000000000000000000000E+0000
    0.210416666666666529739E+0000   0.210416666666666482886E-0009  -0.473361681402648565400E-0041   0.139638367127771191299E+0008   0.000000000000000000000E+0000
    0.210416666666666529739E+0000   0.210416666721415525528E-0009  -0.389029281810443092332E-0021   0.139638367095542605966E+0008  -0.194372564035810978808E-0003
    0.210416666666666529739E+0000   0.210416666737919148767E-0009  -0.475771771849994917084E-0021   0.139638367095927335322E+0008  -0.237467790669742808080E-0003
    0.210416666666666529739E+0000   0.210416666776372888438E-0009  -0.623477954623066005325E-0021   0.139638367109745629132E+0008  -0.310819588228316580868E-0003
    0.210416666666666529739E+0000   0.210416666820755884590E-0009  -0.861833468772345357172E-0021   0.139638367109919004142E+0008  -0.429020814340028795383E-0003
    0.210416666666666529739E+0000   0.210416666892338414590E-0009  -0.124872706229442249137E-0020   0.139638367126272786409E+0008  -0.620416214180221129403E-0003
    0.210416666666666529739E+0000   0.210416667008320096613E-0009  -0.189845057143079695110E-0020   0.139638367141536176205E+0008  -0.940771595949475825625E-0003
    0.210416666666666529739E+0000   0.210416667201833314053E-0009  -0.305642237693656238563E-0020   0.139638367178917527199E+0008  -0.150803356302281910822E-0002
    0.210416666666666529739E+0000   0.210416667578343827655E-0009  -0.515161752537560092029E-0020   0.139638367230876516551E+0008  -0.254261192770437226621E-0002
    0.210416666666666529739E+0000   0.210416673777589138785E-0009  -0.996762494131514659260E-0020   0.160361633184694238007E+0008  -0.535289690280684078705E-0002
    0.210416666666666529739E+0000   0.213261570192721408919E-0009  -0.271590101299496974984E-0019   0.160414695898371879011E+0008  -0.141346283270309489716E-0001
    0.210416666666666529739E+0000   0.280111286456615958981E-0009  -0.732333118388219164105E-0019   0.161319131609524488449E+0008  -0.219498577892724942850E-0001
    0.210416666666666529739E+0000   0.410938086635581101735E-0009  -0.134580354967656773739E-0018   0.162260677616407703608E+0008  -0.220510779341946475118E-0001
    0.210416666666666529739E+0000   0.558934746767829307052E-0009  -0.167382230024100898365E-0018   0.162873066384372990578E+0008  -0.176631031504029395451E-0001
    0.210416666666666529739E+0000   0.673141377876419909976E-0009  -0.118109982487942409005E-0018   0.163205820364662911743E+0008  -0.970453710601064736818E-0002
    0.210416666666666529739E+0000   0.715736775255000196599E-0009  -0.113528363598954091167E-0022   0.163310932347394488752E+0008  -0.451435963340509830256E-0006
    0.210416666666666529739E+0000   0.673141377829826687227E-0009   0.118088691598878393735E-0018   0.163205820364486463368E+0008   0.970362109352878969559E-0002
    0.210416666666666529739E+0000   0.558934746696642557126E-0009   0.167365844744978104285E-0018   0.162873066384017486125E+0008   0.176622091346878493101E-0001
    0.210416666666666529739E+0000   0.410938086570052163801E-0009   0.134572441576074739948E-0018   0.162260677615867741406E+0008   0.220504672011302867152E-0001
    0.210416666666666529739E+0000   0.280111286414642384857E-0009   0.732331285789277308713E-0019   0.161319131608793660998E+0008   0.219501195854334939239E-0001
    0.210416666666666529739E+0000   0.213261570165964080657E-0009   0.271617356689062891260E-0019   0.160414695897444859147E+0008   0.141361395592921931103E-0001
    0.210416666666666529739E+0000   0.210416673749219144371E-0009   0.997291525541600447326E-0020   0.160361633183566089720E+0008   0.535559588409860454217E-0002
    0.210416666666666529739E+0000   0.210416670189185084447E-0009   0.449267051344887947704E-0020   0.160361633066488895565E+0008   0.254598891327301353471E-0002
    0.210416666666666529739E+0000   0.210416668699269303821E-0009   0.266802877907674850163E-0020   0.160361633008105158806E+0008   0.151133133823757562393E-0002
    0.210416666666666529739E+0000   0.210416667905602404924E-0009   0.165845260756638628715E-0020   0.160361632985571380705E+0008   0.943473717276837545859E-0003
    0.210416666666666529739E+0000   0.210416667461617191943E-0009   0.109062522602212342714E-0020   0.160361632967792488635E+0008   0.622040202334606779321E-0003
    0.210416666666666529739E+0000   0.210416666808352285456E-0009   0.861751206689015979818E-0021   0.139638367110343165696E+0008   0.428797984015457679923E-0003
    0.210416666666666529739E+0000   0.210416666761648918439E-0009   0.616935953984265074971E-0021   0.139638367109666503966E+0008   0.307405983440073966254E-0003
    0.210416666666666529739E+0000   0.210416666729383342779E-0009   0.458296988055843211135E-0021   0.139638367095693442971E+0008   0.228603537176602644720E-0003
    0.210416666666666529739E+0000   0.210416666708598594581E-0009   0.353263588596279942172E-0021   0.139638367096164915711E+0008   0.176362507290466635507E-0003
    0.210416666666666529739E+0000   0.210416666692869703535E-0009   0.283265330881015954338E-0021   0.139638367095901146531E+0008   0.141517794093367580300E-0003
    0.210416666666666529739E+0000   0.210416666677858417519E-0009   0.237447298868224424614E-0021   0.139638367095852736384E+0008   0.118700439433354354175E-0003
    0.210416666666666529739E+0000   0.210416666666666482886E-0009   0.209495360481535927182E-0021   0.139638367081526797265E+0008   0.104783197654612894503E-0003
    0.210416666666666529739E+0000   0.210416666666666482886E-0009   0.196001321033243352290E-0021   0.139638367081526797265E+0008   0.980775010971849352118E-0004
    0.210416666666666529739E+0000   0.210416666666666482886E-0009  -0.473361681402648565400E-0041   0.139638367127771191299E+0008   0.000000000000000000000E+0000
    0.210416666666666529739E+0000   0.210416666666666482886E-0009  -0.473361681402648565400E-0041   0.139638367127771191299E+0008   0.000000000000000000000E+0000
    0.210416666666666529739E+0000   0.210416666666666482886E-0009  -0.473361681402648692847E-0041   0.139638367127771191299E+0008   0.000000000000000000000E+0000
    0.210416666666666529739E+0000   0.210416666666666482886E-0009  -0.473361681402648565400E-0041   0.139638367127771191299E+0008   0.000000000000000000000E+0000
    0.252083333333333048376E+0000   0.252083333333333264161E-0009  -0.567096667819014825529E-0041   0.139638367127771191299E+0008   0.000000000000000000000E+0000
    0.252083333333333048376E+0000   0.252083333333333264161E-0009  -0.567096667819014825529E-0041   0.139638367127771191299E+0008   0.000000000000000000000E+0000
    0.252083333333333048376E+0000   0.252083333333333264161E-0009  -0.567096667819014825529E-0041   0.139638367127771191299E+0008   0.000000000000000000000E+0000
    0.252083333333333048376E+0000   0.252083333333333264161E-0009  -0.567096667819014825529E-0041   0.139638367127771191299E+0008   0.000000000000000000000E+0000
    0.252083333333333048376E+0000   0.252083333817876745238E-0009  -0.162002285423742267574E-0020   0.139638367158212047070E+0008  -0.751344619832528437704E-0003
    0.252083333333333048376E+0000   0.252083333936437783207E-0009  -0.197789504089388877750E-0020   0.139638367178302779794E+0008  -0.916122743462699615398E-0003
    0.252083333333333048376E+0000   0.252083334089843132394E-0009  -0.258687476470359017376E-0020   0.139638367197693716735E+0008  -0.119637885633163288529E-0002
    0.252083333333333048376E+0000   0.252083334305557101993E-0009  -0.356734192378742120906E-0020   0.139638367234547678381E+0008  -0.164679629042221585718E-0002
    0.252083333333333048376E+0000   0.252083334620172714737E-0009  -0.515260823907724799785E-0020   0.139638367276640869677E+0008  -0.237286304691207948492E-0002
    0.252083333333333048376E+0000   0.252083335122084817329E-0009  -0.780042918776198910486E-0020   0.139638367341126892716E+0008  -0.358042463168151614203E-0002
    0.252083333333333048376E+0000   0.252083335947395071119E-0009  -0.124724857221640595842E-0019   0.139638367445592079312E+0008  -0.569510091107045673953E-0002
    0.252083333333333048376E+0000   0.252083337430818181870E-0009  -0.210063877124320729132E-0019   0.139638367629898637533E+0008  -0.957716036627593095276E-0002
    0.252083333333333048376E+0000   0.252083362612227790364E-0009  -0.376406976236961868742E-0019   0.160361633849256224930E+0008  -0.186458173154338789634E-0001
    0.252083333333333048376E+0000   0.257751331939718471320E-0009  -0.103876007657725175112E-0018   0.160439702533238157630E+0008  -0.473660962140676003451E-0001
    0.252083333333333048376E+0000   0.417211894265220904551E-0009  -0.515517881436871187846E-0018   0.161770346369237732142E+0008  -0.927298643645773773558E-0001
    0.252083333333333048376E+0000   0.860545166774659818352E-0009  -0.204378802680957223814E-0017   0.163155586678628958762E+0008  -0.128911138698375227207E+0000
    0.252083333333333048376E+0000   0.154075154717882127400E-0008  -0.422380104835131029057E-0017   0.164056554610601365566E+0008  -0.129273853732730314992E+0000
    0.252083333333333048376E+0000   0.217814202975529664145E-0008  -0.394234689783292123892E-0017   0.164546111633942369372E+0008  -0.807439892279062099156E-0001
    0.252083333333333048376E+0000   0.243882346090759804425E-0008  -0.502246400957259158185E-0022   0.164700754800275843590E+0008  -0.162543321581617715787E-0006
    0.252083333333333048376E+0000   0.217814202905107973568E-0008   0.394225824146341275575E-0017   0.164546111633244287223E+0008   0.807437021580578034863E-0001
    0.252083333333333048376E+0000   0.154075154625734496675E-0008   0.422374725914525499379E-0017   0.164056554609200265259E+0008   0.129273799968302904873E+0000
    0.252083333333333048376E+0000   0.860545166135508422573E-0009   0.204377795286155017530E-0017   0.163155586676506679505E+0008   0.128911953956939717703E+0000
    0.252083333333333048376E+0000   0.417211893997647518532E-0009   0.515529029294656197761E-0018   0.161770346366373654455E+0008   0.927328173133014216356E-0001
    0.252083333333333048376E+0000   0.257751331824428260591E-0009   0.103887703600121154870E-0018   0.160439702529612537473E+0008   0.473719929356471100568E-0001
    0.252083333333333048376E+0000   0.252083362483310657922E-0009   0.376592935208767091556E-0019   0.160361633844849355519E+0008   0.186545255604386450710E-0001
    0.252083333333333048376E+0000   0.252083349450189957412E-0009   0.183147443096408140901E-0019   0.160361633461639899760E+0008   0.958754864360412614732E-0002
    0.252083333333333048376E+0000   0.252083343470228184568E-0009   0.108831965128588465436E-0019   0.160361633276524227113E+0008   0.570537497572566349585E-0002
    0.252083333333333048376E+0000   0.252083340146897000955E-0009   0.681092725342969254089E-0020   0.160361633171259295195E+0008   0.358900485865110835393E-0002
    0.252083333333333048376E+0000   0.252083338169741776690E-0009   0.449776238572189032996E-0020   0.160361633093992955983E+0008   0.237781449493265845466E-0002
    0.252083333333333048376E+0000   0.252083334244523683894E-0009   0.356481788620333553621E-0020   0.139638367226348333061E+0008   0.164494443651228136258E-0002
    0.252083333333333048376E+0000   0.252083334026656976750E-0009   0.255784946888128875993E-0020   0.139638367197095248848E+0008   0.118234502011816452333E-0002
    0.252083333333333048376E+0000   0.252083333875430989983E-0009   0.190343541737934644376E-0020   0.139638367176348194480E+0008   0.881028157512264253719E-0003
    0.252083333333333048376E+0000   0.252083333761419186890E-0009   0.146925377867656322405E-0020   0.139638367161171231419E+0008   0.680793649961346637560E-0003
    0.252083333333333048376E+0000   0.252083333685809553927E-0009   0.117950202426218527622E-0020   0.139638367141173556447E+0008   0.547025461633111648348E-0003
    0.252083333333333048376E+0000   0.252083333622183493294E-0009   0.989715162548177342039E-0021   0.139638367140818610787E+0008   0.459362420336970360066E-0003
    0.252083333333333048376E+0000   0.252083333574782735472E-0009   0.873972034899697908735E-0021   0.139638367124080900103E+0008   0.405914614723524582677E-0003
    0.252083333333333048376E+0000   0.252083333532018997068E-0009   0.818273648058574612898E-0021   0.139638367124382574111E+0008   0.380258166393270327643E-0003
    0.252083333333333048376E+0000   0.252083333333333264161E-0009  -0.567096667819014825529E-0041   0.139638367127771191299E+0008   0.000000000000000000000E+0000
    0.252083333333333048376E+0000   0.252083333333333264161E-0009  -0.567096667819014825529E-0041   0.139638367127771191299E+0008   0.000000000000000000000E+0000
    0.252083333333333048376E+0000   0.252083333333333264161E-0009  -0.567096667819014889253E-0041   0.139638367127771191299E+0008   0.000000000000000000000E+0000
    0.252083333333333048376E+0000   0.252083333333333264161E-0009  -0.567096667819014825529E-0041   0.139638367127771191299E+0008   0.000000000000000000000E+0000
    0.293749999999999567013E+0000   0.293750000000000303931E-0009  -0.660831654235381340553E-0041   0.139638367127771191299E+0008   0.000000000000000000000E+0000
    0.293749999999999567013E+0000   0.293750000000000303931E-0009  -0.660831654235381340553E-0041   0.139638367127771191299E+0008   0.000000000000000000000E+0000
    0.293749999999999567013E+0000   0.293750000000000303931E-0009  -0.660831654235381340553E-0041   0.139638367127771191299E+0008   0.000000000000000000000E+0000
    0.293749999999999567013E+0000   0.293750000000000303931E-0009  -0.660831654235381340553E-0041   0.139638367127771191299E+0008   0.000000000000000000000E+0000
    0.293749999999999567013E+0000   0.293750002360398180460E-0009  -0.632763825785103050995E-0020   0.139638367414241898805E+0008  -0.285918653971214270504E-0002
    0.293749999999999567013E+0000   0.293750002831145736486E-0009  -0.771156029569811303820E-0020   0.139638367473603449762E+0008  -0.348001856149792202985E-0002
    0.293749999999999567013E+0000   0.293750003442936375746E-0009  -0.100649653870473792628E-0019   0.139638367551083881408E+0008  -0.453527180299980511163E-0002
    0.293749999999999567013E+0000   0.293750004287794199881E-0009  -0.138448860582694492334E-0019   0.139638367658312022686E+0008  -0.622723903468002520922E-0002
    0.293749999999999567013E+0000   0.293750005515132998032E-0009  -0.199317008052533799245E-0019   0.139638367813720181584E+0008  -0.894389268689515723465E-0002
    0.293749999999999567013E+0000   0.293750007400942977446E-0009  -0.300392900268089617291E-0019   0.139638368049395605922E+0008  -0.134359221628949469796E-0001
    0.293749999999999567013E+0000   0.293750010437685960709E-0009  -0.476995599729213965635E-0019   0.139638368425907343626E+0008  -0.212301761005102493374E-0001
    0.293749999999999567013E+0000   0.293750015762451877324E-0009  -0.800790140000825297280E-0019   0.139638369073651544750E+0008  -0.355302468666251966556E-0001
    0.293749999999999567013E+0000   0.293750106555572333209E-0009  -0.134544214556655417408E-0018   0.160361636170569285750E+0008  -0.657568480767243002116E-0001
    0.293749999999999567013E+0000   0.303364883940469027859E-0009  -0.362116084832957332636E-0018   0.160464351979105584323E+0008  -0.154671926688728922361E+0000
    0.293749999999999567013E+0000   0.632196097371799811333E-0009  -0.325706396634612223146E-0017   0.162215065127085540444E+0008  -0.356481677608365743470E+0000
    0.293749999999999567013E+0000   0.195723146559113478541E-0008  -0.259644619660632293495E-0016   0.164037606584574263543E+0008  -0.634543972099693376343E+0000
    0.293749999999999567013E+0000   0.473196103112013748521E-0008  -0.864100802406777824689E-0016   0.165222983709048181772E+0008  -0.770755106786598198632E+0000
    0.293749999999999567013E+0000   0.789508083176496620438E-0008  -0.105602490581417826630E-0015   0.165867064187073055655E+0008  -0.540951906559733797231E+0000
    0.293749999999999567013E+0000   0.931446928541985207636E-0008   0.494419729386444897685E-0021   0.166070514560919534415E+0008   0.297566092283043328633E-0005
    0.293749999999999567013E+0000   0.789508082138312159790E-0008   0.105603364120729487613E-0015   0.165867064184380602092E+0008   0.540958201847522190953E+0000
    0.293749999999999567013E+0000   0.473196101950742992928E-0008   0.864106861073954769767E-0016   0.165222983703648634255E+0008   0.770762622834871624633E+0000
    0.293749999999999567013E+0000   0.195723145954126275742E-0008   0.259647876601897391342E-0016   0.164037606576391905546E+0008   0.634554287236602787559E+0000
    0.293749999999999567013E+0000   0.632196095737691483140E-0009   0.325718484086995773921E-0017   0.162215065116062983871E+0008   0.356497350278062563600E+0000
    0.293749999999999567013E+0000   0.303364883474799068325E-0009   0.362163260615686629561E-0018   0.160464351965198405087E+0008   0.154694558497811468500E+0000
    0.293749999999999567013E+0000   0.293750106038889421515E-0009   0.134606699298708027227E-0018   0.160361636153679899871E+0008   0.657861688687772366846E-0001
    0.293749999999999567013E+0000   0.293750062318966935412E-0009   0.698046039296483959276E-0019   0.160361634890664350241E+0008   0.355638294230678358998E-0001
    0.293749999999999567013E+0000   0.293750040902859848914E-0009   0.416087594142814606338E-0019   0.160361634239848200232E+0008   0.212637285829988809116E-0001
    0.293749999999999567013E+0000   0.293750028664063009653E-0009   0.262187289295149396066E-0019   0.160361633860314693302E+0008   0.134643523271515547224E-0001
    0.293749999999999567013E+0000   0.293750021057041986699E-0009   0.173910965662962584970E-0019   0.160361633621816374362E+0008   0.895965439937004837212E-0002
    0.293749999999999567013E+0000   0.293750004044442781848E-0009   0.138281520739693719317E-0019   0.139638367627082318068E+0008   0.621775979061688511412E-0002
    0.293749999999999567013E+0000   0.293750003189192312196E-0009   0.994563543550125490741E-0020   0.139638367518312819302E+0008   0.447962451977260579100E-0002
    0.293749999999999567013E+0000   0.293750002578190079457E-0009   0.741466955522723863017E-0020   0.139638367440773043782E+0008   0.334403768960504907057E-0002
    0.293749999999999567013E+0000   0.293750002126884059561E-0009   0.573178647473076943124E-0020   0.139638367383824735880E+0008   0.258777917820422927175E-0002
    0.293749999999999567013E+0000   0.293750001792346267053E-0009   0.460709090675455508998E-0020   0.139638367340760454535E+0008   0.208183668237858603145E-0002
    0.293749999999999567013E+0000   0.293750001530485855633E-0009   0.386990145604820030936E-0020   0.139638367307113744318E+0008   0.175004720349686412537E-0002
    0.293749999999999567013E+0000   0.293750001319007774553E-0009   0.342048780036098610188E-0020   0.139638367279709652066E+0008   0.154783346847650734798E-0002
    0.293749999999999567013E+0000   0.293750001139745948489E-0009   0.320496045574952487083E-0020   0.139638367256123032421E+0008   0.145109885815973170195E-0002
    0.293749999999999567013E+0000   0.293750000000000303931E-0009  -0.660831654235381340553E-0041   0.139638367127771191299E+0008   0.000000000000000000000E+0000
    0.293749999999999567013E+0000   0.293750000000000303931E-0009  -0.660831654235381340553E-0041   0.139638367127771191299E+0008   0.000000000000000000000E+0000
    0.293749999999999567013E+0000   0.293750000000000303931E-0009  -0.660831654235381468001E-0041   0.139638367127771191299E+0008   0.000000000000000000000E+0000
    0.293749999999999567013E+0000   0.293750000000000303931E-0009  -0.660831654235381340553E-0041   0.139638367127771191299E+0008   0.000000000000000000000E+0000
    0.335416666666666085650E+0000   0.335416666666667343701E-0009  -0.754566640651747791854E-0041   0.139638367127771191299E+0008   0.000000000000000000000E+0000
    0.335416666666666085650E+0000   0.335416666666667343701E-0009  -0.754566640651747791854E-0041   0.139638367127771191299E+0008   0.000000000000000000000E+0000
    0.335416666666666085650E+0000   0.335416666666667343701E-0009  -0.754566640651747791854E-0041   0.139638367127771191299E+0008   0.000000000000000000000E+0000
    0.335416666666666085650E+0000   0.335416666666667343701E-0009  -0.754566640651747791854E-0041   0.139638367127771191299E+0008   0.000000000000000000000E+0000
    0.335416666666666085650E+0000   0.335416676210990804489E-0009  -0.240157961593090915860E-0019   0.139638368314378671348E+0008  -0.106154485215572847584E-0001
    0.335416666666666085650E+0000   0.335416677957415112121E-0009  -0.292217314844033322697E-0019   0.139638368532697446644E+0008  -0.129026262735072814319E-0001
    0.335416666666666085650E+0000   0.335416680230253542668E-0009  -0.380697097569747051069E-0019   0.139638368816568385810E+0008  -0.167884871620736092490E-0001
    0.335416666666666085650E+0000   0.335416683367469295251E-0009  -0.522511131976358531888E-0019   0.139638369207687955350E+0008  -0.230078436698844153441E-0001
    0.335416666666666085650E+0000   0.335416687905568303054E-0009  -0.750072589426047981129E-0019   0.139638369771409425884E+0008  -0.329639603303041386906E-0001
    0.335416666666666085650E+0000   0.335416694787491900030E-0009  -0.112600399886933683513E-0018   0.139638370619652792811E+0008  -0.493532352323293732610E-0001
    0.335416666666666085650E+0000   0.335416705751599124347E-0009  -0.177750598504651468626E-0018   0.139638371960148029029E+0008  -0.776016387400569884747E-0001
    0.335416666666666085650E+0000   0.335416724548256666366E-0009  -0.297055838163416663134E-0018   0.139638374221866615117E+0008  -0.129217326975013591106E+0000
    0.335416666666666085650E+0000   0.335417043739160784872E-0009  -0.478221465550822700605E-0018   0.160361644292324911803E+0008  -0.232975473264528637474E+0000
    0.335416666666666085650E+0000   0.350087043029356389871E-0009  -0.122693979443330581993E-0017   0.160487624375687260181E+0008  -0.506288075102020340701E+0000
    0.335416666666666085650E+0000   0.963449822573515679609E-0009  -0.186115798509148578587E-0016   0.162634770906474832445E+0008  -0.126628911470738314549E+0001
    0.335416666666666085650E+0000   0.453769816596510982547E-0008  -0.274278303831422575647E-0015   0.164870009506532754749E+0008  -0.270680892468898415260E+0001
    0.335416666666666085650E+0000   0.146119992783564985163E-0007  -0.140543321296623104897E-0014   0.166323754893900156021E+0008  -0.385765812040186828469E+0001
    0.335416666666666085650E+0000   0.284347653463829906359E-0007  -0.220059497747860492896E-0014   0.167113575813259482384E+0008  -0.299686259172443492105E+0001
    0.335416666666666085650E+0000   0.352047454569763046429E-0007   0.161653447114502071144E-0019   0.167363036541343703866E+0008   0.175108802424536780815E-0004
    0.335416666666666085650E+0000   0.284347652054329958262E-0007   0.220062180061265060224E-0014   0.167113575803190786391E+0008   0.299689922752070581069E+0001
    0.335416666666666085650E+0000   0.146119991422590131863E-0007   0.140544797795345160501E-0014   0.166323754873671438545E+0008   0.385769985330834686010E+0001
    0.335416666666666085650E+0000   0.453769811203046806161E-0008   0.274283170917362612427E-0015   0.164870009475967939943E+0008   0.270686015084133302366E+0001
    0.335416666666666085650E+0000   0.963449813000685145070E-0009   0.186124592866294746314E-0016   0.162634770865336656570E+0008   0.126635534210783329279E+0001
    0.335416666666666085650E+0000   0.350087041206556324932E-0009   0.122712446182659283811E-0017   0.160487624323706366122E+0008   0.506372655728088316707E+0000
    0.335416666666666085650E+0000   0.335417041757447071649E-0009   0.478435490852151789859E-0018   0.160361644229227900505E+0008   0.233077795009692861905E+0000
    0.335416666666666085650E+0000   0.335416895734468233069E-0009   0.258913329101656690793E-0018   0.160361639984524510801E+0008   0.129331664064296664174E+0000
    0.335416666666666085650E+0000   0.335416820165210473215E-0009   0.155025051248970440603E-0018   0.160361637711415514350E+0008   0.777164898748242682913E-0001
    0.335416666666666085650E+0000   0.335416775956309111892E-0009   0.982565532695426624098E-0019   0.160361636359749156982E+0008   0.494512562502696303990E-0001
    0.335416666666666085650E+0000   0.335416748121784741963E-0009   0.654287489789141496243E-0019   0.160361635501097775996E+0008   0.330167300153585141498E-0001
    0.335416666666666085650E+0000   0.335416682448768695942E-0009   0.521703210890562434195E-0019   0.139638369091690219939E+0008   0.229677038356402019037E-0001
    0.335416666666666085650E+0000   0.335416679268285813853E-0009   0.376006226568519559698E-0019   0.139638368694968651980E+0008   0.165767853825942966528E-0001
    0.335416666666666085650E+0000   0.335416676995510404130E-0009   0.280771088541975160515E-0019   0.139638368411028329283E+0008   0.123916701006409179370E-0001
    0.335416666666666085650E+0000   0.335416675321358986266E-0009   0.217326181645047124086E-0019   0.139638368201848380268E+0008   0.959995471434586626625E-0002
    0.335416666666666085650E+0000   0.335416674060636315965E-0009   0.174871368065002849635E-0019   0.139638368043268043548E+0008   0.773024895847350748679E-0002
    0.335416666666666085650E+0000   0.335416673074145525422E-0009   0.147027116026080900353E-0019   0.139638367919098492712E+0008   0.650348730496891520858E-0002
    0.335416666666666085650E+0000   0.335416672268326748790E-0009   0.130058217906935085552E-0019   0.139638367817769646645E+0008   0.575604999463677491356E-0002
    0.335416666666666085650E+0000   0.335416671573640824829E-0009   0.121945429544410142161E-0019   0.139638367730403393507E+0008   0.539945783455342883522E-0002
    0.335416666666666085650E+0000   0.335416666666667343701E-0009  -0.754566640651747791854E-0041   0.139638367127771191299E+0008   0.000000000000000000000E+0000
    0.335416666666666085650E+0000   0.335416666666667343701E-0009  -0.754566640651747791854E-0041   0.139638367127771191299E+0008   0.000000000000000000000E+0000
    0.335416666666666085650E+0000   0.335416666666667343701E-0009  -0.754566640651748046748E-0041   0.139638367127771191299E+0008   0.000000000000000000000E+0000
    0.335416666666666085650E+0000   0.335416666666667343701E-0009  -0.754566640651747791854E-0041   0.139638367127771191299E+0008   0.000000000000000000000E+0000
    0.377083333333332604287E+0000   0.377083333333334383470E-0009  -0.848301627068114243154E-0041   0.139638367127771191299E+0008   0.000000000000000000000E+0000
    0.377083333333332604287E+0000   0.377083333333334383470E-0009  -0.848301627068114243154E-0041   0.139638367127771191299E+0008   0.000000000000000000000E+0000
    0.377083333333332604287E+0000   0.377083333333334383470E-0009  -0.848301627068114243154E-0041   0.139638367127771191299E+0008   0.000000000000000000000E+0000
    0.377083333333332604287E+0000   0.377083333333334383470E-0009  -0.848301627068114243154E-0041   0.139638367127771191299E+0008   0.000000000000000000000E+0000
    0.377083333333332604287E+0000   0.377083368708870246484E-0009  -0.877212579067677552773E-0019   0.139638371411305312067E+0008  -0.373290999159654468542E-0001
    0.377083333333332604287E+0000   0.377083375014193328614E-0009  -0.106604949527356906883E-0018   0.139638372173949982971E+0008  -0.453271922319182646310E-0001
    0.377083333333332604287E+0000   0.377083383204604364882E-0009  -0.138686709421034275173E-0018   0.139638373162885718048E+0008  -0.589117027590641759160E-0001
    0.377083333333332604287E+0000   0.377083394478872989440E-0009  -0.190024616198851748156E-0018   0.139638374521150607616E+0008  -0.806265930914936285179E-0001
    0.377083333333332604287E+0000   0.377083410723511251249E-0009  -0.272183533666490766381E-0018   0.139638376487140860409E+0008  -0.115315731401306076354E+0000
    0.377083333333332604287E+0000   0.377083435171523141607E-0009  -0.407369506430710135823E-0018   0.139638379410206414759E+0008  -0.172240433774106110887E+0000
    0.377083333333332604287E+0000   0.377083473756882551724E-0009  -0.640246133799512369596E-0018   0.139638383993846792728E+0008  -0.269908512247281295870E+0000
    0.377083333333332604287E+0000   0.377083538769131008005E-0009  -0.106518244140872559504E-0017   0.139638391624726764858E+0008  -0.447564611819244062563E+0000
    0.377083333333332604287E+0000   0.377084638966880051023E-0009  -0.167445450782590105646E-0017   0.160361671297198012471E+0008  -0.797084472946596900300E+0000
    0.377083333333332604287E+0000   0.397866778793227155079E-0009  -0.410308678084309405010E-0017   0.160509086867835093290E+0008  -0.163356629428572630580E+0001
    0.377083333333332604287E+0000   0.145880486848085752367E-0008  -0.958746954869354728979E-0016   0.163021301202032659203E+0008  -0.416373867443055090121E+0001
    0.377083333333332604287E+0000   0.102572827963198383309E-0007  -0.240141842089884563700E-0014   0.165636614074062295258E+0008  -0.101448074871870357327E+0002
    0.377083333333332604287E+0000   0.428666779377255744728E-0007  -0.180496357757347572191E-0013   0.167337411847828365862E+0008  -0.164900650540552007328E+0002
    0.377083333333332604287E+0000   0.958642969533123208776E-0007  -0.352767097964611775803E-0013   0.168261127955969013274E+0008  -0.139628543408302494555E+0002
    0.377083333333332604287E+0000   0.123977285041924637406E-0006   0.249813953362632467527E-0018   0.168552753651995658875E+0008   0.715825764343107996462E-0004
    0.377083333333332604287E+0000   0.958642952828046360937E-0007   0.352771050520684291298E-0013   0.168261127920441478491E+0008   0.139630034475106281633E+0002
    0.377083333333332604287E+0000   0.428666765295373892434E-0007   0.180498228254026620107E-0013   0.167337411776440870017E+0008   0.164902325851747981744E+0002
    0.377083333333332604287E+0000   0.102572823622465333474E-0007   0.240146456496294379510E-0014   0.165636613966224864125E+0008   0.101450070464994492880E+0002
    0.377083333333332604287E+0000   0.145880481621372626152E-0008   0.958799345683039222661E-0016   0.163021301056950837374E+0008   0.416398390906260296163E+0001
    0.377083333333332604287E+0000   0.397866771956061835759E-0009   0.410378011687202361651E-0017   0.160509086684575416148E+0008   0.163386510679059915319E+0001
    0.377083333333332604287E+0000   0.377084631689679409544E-0009   0.167519390793139701777E-0017   0.160361671074809208512E+0008   0.797435202280611377113E+0000
    0.377083333333332604287E+0000   0.377084146329373142329E-0009   0.928366727952240635253E-0018   0.160361657199402004480E+0008   0.447951871288876368737E+0000
    0.377083333333332604287E+0000   0.377083884957231394025E-0009   0.558342320892839559715E-0018   0.160361649528426695615E+0008   0.270298258668637436664E+0000
    0.377083333333332604287E+0000   0.377083729313265943787E-0009   0.355435573043466380591E-0018   0.160361644905529823154E+0008   0.172573811282182326687E+0000
    0.377083333333332604287E+0000   0.377083630361910536692E-0009   0.237391580737887998052E-0018   0.160361641930580269545E+0008   0.115491979705726111050E+0000
    0.377083333333332604287E+0000   0.377083391127383595499E-0009   0.189692839679020337786E-0018   0.139638374113148506731E+0008   0.804763790291821712319E-0001
    0.377083333333332604287E+0000   0.377083379693461564695E-0009   0.136935521881574755210E-0018   0.139638372735470663756E+0008   0.581566452942443509744E-0001
    0.377083333333332604287E+0000   0.377083371503052182789E-0009   0.102378909791924026287E-0018   0.139638371746660433710E+0008   0.435165400597452012299E-0001
    0.377083333333332604287E+0000   0.377083365463322164592E-0009   0.793236630542688244930E-0019   0.139638371016599908471E+0008   0.337393857853921161349E-0001
    0.377083333333332604287E+0000   0.377083360889282210873E-0009   0.638810181721392761213E-0019   0.139638370462142080069E+0008   0.271862727892635269722E-0001
    0.377083333333332604287E+0000   0.377083357305905088213E-0009   0.537481622887757598576E-0019   0.139638370027324352413E+0008   0.228850431313783048148E-0001
    0.377083333333332604287E+0000   0.377083354379028182210E-0009   0.475746863269115375151E-0019   0.139638369671995267272E+0008   0.202650036814402446927E-0001
    0.377083333333332604287E+0000   0.377083351854108114349E-0009   0.446303183108531646184E-0019   0.139638369365244172513E+0008   0.190174680005655051540E-0001
    0.377083333333332604287E+0000   0.377083333333334383470E-0009  -0.848301627068114243154E-0041   0.139638367127771191299E+0008   0.000000000000000000000E+0000
    0.377083333333332604287E+0000   0.377083333333334383470E-0009  -0.848301627068114243154E-0041   0.139638367127771191299E+0008   0.000000000000000000000E+0000
    0.377083333333332604287E+0000   0.377083333333334383470E-0009  -0.848301627068114498049E-0041   0.139638367127771191299E+0008   0.000000000000000000000E+0000
    0.377083333333332604287E+0000   0.377083333333334383470E-0009  -0.848301627068114243154E-0041   0.139638367127771191299E+0008   0.000000000000000000000E+0000
    0.418749999999999122924E+0000   0.418750000000001423240E-0009  -0.942036613484480949350E-0041   0.139638367127771191299E+0008   0.000000000000000000000E+0000
    0.418749999999999122924E+0000   0.418750000000001423240E-0009  -0.942036613484480949350E-0041   0.139638367127771191299E+0008   0.000000000000000000000E+0000
    0.418749999999999122924E+0000   0.418750000000001423240E-0009  -0.942036613484480949350E-0041   0.139638367127771191299E+0008   0.000000000000000000000E+0000
    0.418749999999999122924E+0000   0.418750000000001423240E-0009  -0.942036613484480949350E-0041   0.139638367127771191299E+0008   0.000000000000000000000E+0000
    0.418749999999999122924E+0000   0.418750122136695817002E-0009  -0.301852111067406953578E-0018   0.139638381174915451556E+0008  -0.121425787757027753289E+0000
    0.418749999999999122924E+0000   0.418750143704058048385E-0009  -0.366503126433751277254E-0018   0.139638383647993970662E+0008  -0.147340313449930870870E+0000
    0.418749999999999122924E+0000   0.418750171655816658580E-0009  -0.476309688387666416224E-0018   0.139638386848747972399E+0008  -0.191346669468971580796E+0000
    0.418749999999999122924E+0000   0.418750210036582301662E-0009  -0.651824055829027001676E-0018   0.139638391235159728676E+0008  -0.261630232381821759002E+0000
    0.418749999999999122924E+0000   0.418750265119212564888E-0009  -0.932174212044030529657E-0018   0.139638397515141088516E+0008  -0.373745014012199006093E+0000
    0.418749999999999122924E+0000   0.418750347542896266807E-0009  -0.139215397793443604172E-0017   0.139638406878080740571E+0008  -0.557328541440888058922E+0000
    0.418749999999999122924E+0000   0.418750476735675170964E-0009  -0.218121037558315284359E-0017   0.139638421481334455311E+0008  -0.871329280628021396460E+0000
    0.418749999999999122924E+0000   0.418750691759850016832E-0009  -0.361551211046338757545E-0017   0.139638445579042769969E+0008  -0.144036267944500595561E+0001
    0.418749999999999122924E+0000   0.418754327563405793425E-0009  -0.561422581840308347784E-0017   0.160361754381009973586E+0008  -0.254960080593219817757E+0001
    0.418749999999999122924E+0000   0.446636515137611995867E-0009  -0.133451665676409590625E-0016   0.160528655757854823023E+0008  -0.503923359471651455266E+0001
    0.418749999999999122924E+0000   0.217426314529325428975E-0008  -0.443304316686888067675E-0015   0.163372153853769432753E+0008  -0.126441493546967809181E+0002
    0.418749999999999122924E+0000   0.220915109329140739175E-0007  -0.174693447800699513701E-0013   0.166332502218006849289E+0008  -0.337065265048858648811E+0002
    0.418749999999999122924E+0000   0.116639796705936017413E-0006  -0.183828113980097439758E-0012   0.168257372004894390702E+0008  -0.610024603075699971555E+0002
    0.418749999999999122924E+0000   0.295480909138293757191E-0006  -0.436663937534440410379E-0012   0.169301632178684175014E+0008  -0.554913116423355745610E+0002
    0.418749999999999122924E+0000   0.397338184144451159083E-0006   0.282135247524066328074E-0017   0.169630812975459806621E+0008   0.248831956525244024463E-0003
    0.418749999999999122924E+0000   0.295480892453860161067E-0006   0.436668188443054823387E-0012   0.169301632063027918339E+0008   0.554918262748332224987E+0002
    0.418749999999999122924E+0000   0.116639784261546146746E-0006   0.183829869137784341355E-0012   0.168257371772267594934E+0008   0.610030319471501840667E+0002
    0.418749999999999122924E+0000   0.220915078774073322569E-0007   0.174696870184562211286E-0013   0.166332501866544391960E+0008   0.337072004913231495493E+0002
    0.418749999999999122924E+0000   0.217426288649511802385E-0008   0.443331119015458245389E-0015   0.163372153381035793573E+0008   0.126449639089338212727E+0002
    0.418749999999999122924E+0000   0.446636491070011525331E-0009   0.133476083323372390834E-0016   0.160528655160842183977E+0008   0.504020864037162752425E+0001
    0.418749999999999122924E+0000   0.418754302456164662471E-0009   0.561670438243385184256E-0017   0.160361753656645808369E+0008   0.255073114060376582302E+0001
    0.418749999999999122924E+0000   0.418752737305613042469E-0009   0.315112239180291503356E-0017   0.160361710561874378473E+0008   0.144160416550593595275E+0001
    0.418749999999999122924E+0000   0.418751872655826241894E-0009   0.190213403589699034200E-0017   0.160361686333823390305E+0008   0.872579172309070116853E+0000
    0.418749999999999122924E+0000   0.418751351432605003750E-0009   0.121462399620420384072E-0017   0.160361671603080425411E+0008   0.558397761516144619520E+0000
    0.418749999999999122924E+0000   0.418751017639326642275E-0009   0.812967166657802387574E-0018   0.160361662121713757515E+0008   0.374304209084094063886E+0000
    0.418749999999999122924E+0000   0.418750198497962573160E-0009   0.650612414721185709437E-0018   0.139638389905818272382E+0008   0.261125601501983550801E+0000
    0.418749999999999122924E+0000   0.418750159571592992435E-0009   0.470203577008363364262E-0018   0.139638385456798858941E+0008   0.188869402725844653945E+0000
    0.418749999999999122924E+0000   0.418750131623008067456E-0009   0.351857684110664881639E-0018   0.139638382257290054113E+0008   0.141420807249927560356E+0000
    0.418749999999999122924E+0000   0.418750110979552141471E-0009   0.272816979867895236516E-0018   0.139638379891387969255E+0008   0.109707445727044675121E+0000
    0.418749999999999122924E+0000   0.418750095307507428223E-0009   0.219837759483383662197E-0018   0.139638378092290405184E+0008   0.884403144198198931658E-0001
    0.418749999999999122924E+0000   0.418750083017570923073E-0009   0.185063376609577027608E-0018   0.139638376679859515280E+0008   0.744778222786864063654E-0001
    0.418749999999999122924E+0000   0.418750072977789798315E-0009   0.163881375778046079204E-0018   0.139638375512148216367E+0008   0.659741597668773577245E-0001
    0.418749999999999122924E+0000   0.418750064309008478183E-0009   0.153796866725822215401E-0018   0.139638374515314511955E+0008   0.619307656568097997241E-0001
    0.418749999999999122924E+0000   0.418750000000001423240E-0009  -0.942036613484480949350E-0041   0.139638367127771191299E+0008   0.000000000000000000000E+0000
    0.418749999999999122924E+0000   0.418750000000001423240E-0009  -0.942036613484480949350E-0041   0.139638367127771191299E+0008   0.000000000000000000000E+0000
    0.418749999999999122924E+0000   0.418750000000001423240E-0009  -0.942036613484480949350E-0041   0.139638367127771191299E+0008   0.000000000000000000000E+0000
    0.418749999999999122924E+0000   0.418750000000001423240E-0009  -0.942036613484480949350E-0041   0.139638367127771191299E+0008   0.000000000000000000000E+0000
    0.460416666666665641561E+0000   0.460416666666668463010E-0009  -0.103577159990084740065E-0040   0.139638367127771191299E+0008   0.000000000000000000000E+0000
    0.460416666666665641561E+0000   0.460416666666668463010E-0009  -0.103577159990084740065E-0040   0.139638367127771191299E+0008   0.000000000000000000000E+0000
    0.460416666666665641561E+0000   0.460416666666668463010E-0009  -0.103577159990084740065E-0040   0.139638367127771191299E+0008   0.000000000000000000000E+0000
    0.460416666666665641561E+0000   0.460416666666668463010E-0009  -0.103577159990084740065E-0040   0.139638367127771191299E+0008   0.000000000000000000000E+0000
    0.460416666666665641561E+0000   0.460417056341393470264E-0009  -0.962455648473494719427E-0018   0.139638408918905276805E+0008  -0.360737743083203943328E+0000
    0.460416666666665641561E+0000   0.460417124779373003511E-0009  -0.116785268086921275953E-0017   0.139638416241001095623E+0008  -0.437513610829651233836E+0000
    0.460416666666665641561E+0000   0.460417213342684085435E-0009  -0.151664566847534933331E-0017   0.139638425704782400280E+0008  -0.567872166147917356582E+0000
    0.460416666666665641561E+0000   0.460417334708367411043E-0009  -0.207371064262400581233E-0017   0.139638438654172345996E+0008  -0.775946163704162250596E+0000
    0.460416666666665641561E+0000   0.460417508459526573942E-0009  -0.296232821786940538297E-0017   0.139638457158115021884E+0008  -0.110752887362453855680E+0001
    0.460416666666665641561E+0000   0.460417767526258931298E-0009  -0.441741319875743078607E-0017   0.139638484674509260803E+0008  -0.164967495008830589143E+0001
    0.460416666666665641561E+0000   0.460418171593074962835E-0009  -0.690624132577463646430E-0017   0.139638527430884670466E+0008  -0.257495537637782234697E+0001
    0.460416666666665641561E+0000   0.460418838549318869947E-0009  -0.114156651518682845847E-0016   0.139638597568942699581E+0008  -0.424708520923058152619E+0001
    0.460416666666665641561E+0000   0.460430117030957663879E-0009  -0.176134274909311536025E-0016   0.160361987104935068637E+0008  -0.749185363652972657889E+0001
    0.460416666666665641561E+0000   0.496325781957564279012E-0009  -0.412677568363744489658E-0016   0.160546498289062734693E+0008  -0.145071038548490349740E+0002
    0.460416666666665641561E+0000   0.317161177791362471551E-0008  -0.183518349777582100988E-0014   0.163687861760810799897E+0008  -0.353681441697435374749E+0002
    0.460416666666665641561E+0000   0.449225715162322668065E-0007  -0.106385317304744609203E-0012   0.166958869737278986722E+0008  -0.100078902630079127789E+0003
    0.460416666666665641561E+0000   0.292289279821982011261E-0006  -0.150184627407200915120E-0011   0.169085196074268445373E+0008  -0.197566958373935705140E+0003
    0.460416666666665641561E+0000   0.827337676844376422800E-0006  -0.422328502468893063946E-0011   0.170235284021631404757E+0008  -0.190389432852874392665E+0003
    0.460416666666665641561E+0000   0.115139637553359071401E-0005   0.254023790063581872878E-0016   0.170596136069417633116E+0008   0.779767443562800316968E-0003
    0.460416666666665641561E+0000   0.827337538661345019557E-0006   0.422332089405928611561E-0011   0.170235283678839690983E+0008   0.190391015388939024433E+0003
    0.460416666666665641561E+0000   0.292289187304520673846E-0006   0.150185913541911966309E-0011   0.169085195382659807801E+0008   0.197568676350983082557E+0003
    0.460416666666665641561E+0000   0.449225529983452858367E-0007   0.106387384639744868875E-0012   0.166958868691666573286E+0008   0.100080923795025569234E+0003
    0.460416666666665641561E+0000   0.317161063464515730815E-0008   0.183530258463434245173E-0014   0.163687860354814976454E+0008   0.353705830981805533497E+0002
    0.460416666666665641561E+0000   0.496325703685470809982E-0009   0.412756833568553318171E-0016   0.160546496513744518161E+0008   0.145100061396634973931E+0002
    0.460416666666665641561E+0000   0.460430036853370418784E-0009   0.176212337803377784694E-0016   0.160361984951169434935E+0008   0.749520155747665661750E+0001
    0.460416666666665641561E+0000   0.460425259884727015251E-0009   0.994991796688561926782E-0017   0.160361860866644307971E+0008   0.425075390555387411240E+0001
    0.460416666666665641561E+0000   0.460422577430938797095E-0009   0.602278339470453617886E-0017   0.160361790341532733291E+0008   0.257864835943952774855E+0001
    0.460416666666665641561E+0000   0.460420946957048034851E-0009   0.385413069389213578376E-0017   0.160361747206813059747E+0008   0.165283245261726996489E+0001
    0.460416666666665641561E+0000   0.460419897569413953710E-0009   0.258347195116009944880E-0017   0.160361719339259658009E+0008   0.110916939244296908207E+0001
    0.460416666666665641561E+0000   0.460417297924132159805E-0009   0.206972080507368327555E-0017   0.139638434705331325531E+0008   0.774419354261165038267E+0000
    0.460416666666665641561E+0000   0.460417174829130931825E-0009   0.149701545015109588269E-0017   0.139638421571285761893E+0008   0.560472204405500717961E+0000
    0.460416666666665641561E+0000   0.460417086299546019727E-0009   0.112093466053487059190E-0017   0.139638412112945616245E+0008   0.419868101461814469122E+0000
    0.460416666666665641561E+0000   0.460417020829260619809E-0009   0.869571393638024960880E-0018   0.139638405111346915364E+0008   0.325839178265180107186E+0000
    0.460416666666665641561E+0000   0.460416971051029845746E-0009   0.701005495894086434194E-0018   0.139638399782403726131E+0008   0.262759493252001097296E+0000
    0.460416666666665641561E+0000   0.460416931972427651147E-0009   0.590336977833620616557E-0018   0.139638395595549978316E+0008   0.221338614898922952934E+0000
    0.460416666666665641561E+0000   0.460416900000161189156E-0009   0.522936086677801393321E-0018   0.139638392168343868107E+0008   0.196114795425363336312E+0000
    0.460416666666665641561E+0000   0.460416872372973827365E-0009   0.490888306843875637855E-0018   0.139638389205212648958E+0008   0.184132954061281717273E+0000
    0.460416666666665641561E+0000   0.460416666666668463010E-0009  -0.103577159990084740065E-0040   0.139638367127771191299E+0008   0.000000000000000000000E+0000
    0.460416666666665641561E+0000   0.460416666666668463010E-0009  -0.103577159990084740065E-0040   0.139638367127771191299E+0008   0.000000000000000000000E+0000
    0.460416666666665641561E+0000   0.460416666666668463010E-0009  -0.103577159990084752810E-0040   0.139638367127771191299E+0008   0.000000000000000000000E+0000
    0.460416666666665641561E+0000   0.460416666666668463010E-0009  -0.103577159990084740065E-0040   0.139638367127771191299E+0008   0.000000000000000000000E+0000
    0.502083333333332215709E+0000   0.502083333333335451081E-0009  -0.112950658631721385195E-0040   0.139638367127771191299E+0008   0.000000000000000000000E+0000
    0.502083333333332215709E+0000   0.502083333333335451081E-0009  -0.112950658631721385195E-0040   0.139638367127771191299E+0008   0.000000000000000000000E+0000
    0.502083333333332215709E+0000   0.502083333333335451081E-0009  -0.112950658631721385195E-0040   0.139638367127771191299E+0008   0.000000000000000000000E+0000
    0.502083333333332215709E+0000   0.502083333333335451081E-0009  -0.112950658631721385195E-0040   0.139638367127771191299E+0008   0.000000000000000000000E+0000
    0.502083333333332215709E+0000   0.502084474237464345169E-0009  -0.281858979250535800268E-0017   0.139638479948891364038E+0008  -0.973746540022720097340E+0000
    0.502083333333332215709E+0000   0.502084674002752013509E-0009  -0.341858124817725132812E-0017   0.139638499665481671691E+0008  -0.118060299771985244277E+0001
    0.502083333333332215709E+0000   0.502084932208835720535E-0009  -0.443732559865995313495E-0017   0.139638525125030986965E+0008  -0.153179534525505256504E+0001
    0.502083333333332215709E+0000   0.502085285546047623384E-0009  -0.606348525175324568512E-0017   0.139638559923848342150E+0008  -0.209212896803923609212E+0001
    0.502083333333332215709E+0000   0.502085790502188104026E-0009  -0.865509819391525521252E-0017   0.139638609582680054009E+0008  -0.298445744595855488868E+0001
    0.502083333333332215709E+0000   0.502086541552641960188E-0009  -0.128929470537643746760E-0016   0.139638683295164033771E+0008  -0.444196507338392887476E+0001
    0.502083333333332215709E+0000   0.502087708883131849018E-0009  -0.201269318369229452050E-0016   0.139638797534443866462E+0008  -0.692580611948309421422E+0001
    0.502083333333332215709E+0000   0.502089624860177271343E-0009  -0.332017331870945002460E-0016   0.139638984180860389024E+0008  -0.114057314675315328856E+0002
    0.502083333333332215709E+0000   0.502122041003695276638E-0009  -0.510512057713779763021E-0016   0.160362576805215235800E+0008  -0.200761012243140974931E+0002
    0.502083333333332215709E+0000   0.546874227820369592658E-0009  -0.119227974091306869836E-0015   0.160563043407554887235E+0008  -0.384459041583151091004E+0002
    0.502083333333332215709E+0000   0.451547183932814596458E-0008  -0.680074103615856841277E-0014   0.163970668507179077715E+0008  -0.909619012323679783094E+0002
    0.502083333333332215709E+0000   0.861280295065784713010E-0007  -0.548438321578693518631E-0012   0.167520502158126551658E+0008  -0.267689591556573759590E+0003
    0.502083333333332215709E+0000   0.675518639357961195295E-0006  -0.999668147905300952256E-0011   0.169827458065930306911E+0008  -0.565841562147436093255E+0003
    0.502083333333332215709E+0000   0.210803059084621321144E-0005  -0.323849848781754284247E-0010   0.171066111879214793444E+0008  -0.568784814568742376650E+0003
    0.502083333333332215709E+0000   0.302012674156087558696E-0005   0.190591563016007054028E-0015   0.171449959201591722667E+0008   0.228936213688753524217E-0002
    0.502083333333332215709E+0000   0.210802964487552919003E-0005   0.323852254150527620735E-0010   0.171066110961267463863E+0008   0.568789251478677101659E+0003
    0.502083333333332215709E+0000   0.675518061579984539409E-0006   0.999675325177043070736E-0011   0.169827456199157573283E+0008   0.565846120629961205850E+0003
    0.502083333333332215709E+0000   0.861279332147421325684E-0007   0.548448427113959868538E-0012   0.167520499331601355225E+0008   0.267694985278980652765E+0003
    0.502083333333332215709E+0000   0.451546736103261768659E-0008   0.680120012015103307419E-0014   0.163970664708700086921E+0008   0.909684878538622712085E+0002
    0.502083333333332215709E+0000   0.546873994537531804562E-0009   0.119251429594817722325E-0015   0.160563038612387329340E+0008   0.384537437984228347432E+0002
    0.502083333333332215709E+0000   0.502121805931191952497E-0009   0.510738792322890237741E-0016   0.160362570988461598754E+0008   0.200851301700148390239E+0002
    0.502083333333332215709E+0000   0.502108225198890603670E-0009   0.289430262572070631606E-0016   0.160362243160604257137E+0008   0.114156167231875933510E+0002
    0.502083333333332215709E+0000   0.502100517518810120886E-0009   0.175540254401846371093E-0016   0.160362055469798427075E+0008   0.693575516030588978822E+0001
    0.502083333333332215709E+0000   0.502095806240140793111E-0009   0.112496781592401412940E-0016   0.160361940210034176707E+0008   0.445046732761880203810E+0001
    0.502083333333332215709E+0000   0.502092763431478287574E-0009   0.754848644607330902633E-0017   0.160361865550931878388E+0008   0.298885801941247564173E+0001
    0.502083333333332215709E+0000   0.502085177835541621032E-0009   0.605158046668224214428E-0017   0.139638549266007114202E+0008   0.208796466236254874005E+0001
    0.502083333333332215709E+0000   0.502084819462907650731E-0009   0.437953285627865632878E-0017   0.139638513971289135516E+0008   0.151175223845757988883E+0001
    0.502083333333332215709E+0000   0.502084561401997966918E-0009   0.328074193574950382213E-0017   0.139638488529717344791E+0008   0.113286723615776940832E+0001
    0.502083333333332215709E+0000   0.502084370377522971740E-0009   0.254595570087243277379E-0017   0.139638469682177081704E+0008   0.879391051846331039954E+0000
    0.502083333333332215709E+0000   0.502084225003413763763E-0009   0.205303442529075067515E-0017   0.139638455328301098198E+0008   0.709302529983913743195E+0000
    0.502083333333332215709E+0000   0.502084110792243909674E-0009   0.172936489002846105703E-0017   0.139638444044628571719E+0008   0.597601656022389682299E+0000
    0.502083333333332215709E+0000   0.502084017300967467230E-0009   0.153226040276654821466E-0017   0.139638434803718235344E+0008   0.529585203920651448328E+0000
    0.502083333333332215709E+0000   0.502083936470813300989E-0009   0.143862546190189697275E-0017   0.139638426810603439808E+0008   0.497297332440334804993E+0000
    0.502083333333332215709E+0000   0.502083333333335451081E-0009  -0.112950658631721385195E-0040   0.139638367127771191299E+0008   0.000000000000000000000E+0000
    0.502083333333332215709E+0000   0.502083333333335451081E-0009  -0.112950658631721385195E-0040   0.139638367127771191299E+0008   0.000000000000000000000E+0000
    0.502083333333332215709E+0000   0.502083333333335451081E-0009  -0.112950658631721410685E-0040   0.139638367127771191299E+0008   0.000000000000000000000E+0000
    0.502083333333332215709E+0000   0.502083333333335451081E-0009  -0.112950658631721385195E-0040   0.139638367127771191299E+0008   0.000000000000000000000E+0000
    0.543749999999998734346E+0000   0.543750000000002490851E-0009  -0.122324157273358030325E-0040   0.139638367127771191299E+0008   0.000000000000000000000E+0000
    0.543749999999998734346E+0000   0.543750000000002490851E-0009  -0.122324157273358030325E-0040   0.139638367127771191299E+0008   0.000000000000000000000E+0000
    0.543749999999998734346E+0000   0.543750000000002490851E-0009  -0.122324157273358030325E-0040   0.139638367127771191299E+0008   0.000000000000000000000E+0000
    0.543749999999998734346E+0000   0.543750000000002490851E-0009  -0.122324157273358030325E-0040   0.139638367127771191299E+0008   0.000000000000000000000E+0000
    0.543749999999998734346E+0000   0.543753057116547328253E-0009  -0.755561151960846114798E-0017   0.139638643332508523017E+0008  -0.238442878317334150395E+0001
    0.543749999999998734346E+0000   0.543753591382831305785E-0009  -0.916128811007512429209E-0017   0.139638691532199736685E+0008  -0.289044051902341347926E+0001
    0.543749999999998734346E+0000   0.543754281362599473776E-0009  -0.118873957062926906220E-0016   0.139638753732976317406E+0008  -0.374947677095606213271E+0001
    0.543749999999998734346E+0000   0.543755224611024541329E-0009  -0.162373214623336422242E-0016   0.139638838690518476069E+0008  -0.511975411389698376041E+0001
    0.543749999999998734346E+0000   0.543756570946919984309E-0009  -0.231655423608652223011E-0016   0.139638959820470642298E+0008  -0.730102954255723091137E+0001
    0.543749999999998734346E+0000   0.543758570050553382093E-0009  -0.344843435455395197514E-0016   0.139639139410271979868E+0008  -0.108617245747422561664E+0002
    0.543749999999998734346E+0000   0.543761669640125651707E-0009  -0.537794895888564765724E-0016   0.139639417255955860019E+0008  -0.169242474591426379504E+0002
    0.543749999999998734346E+0000   0.543766737692891249086E-0009  -0.885943593032533027241E-0016   0.139639870007983651012E+0008  -0.278457298341726513513E+0002
    0.543749999999998734346E+0000   0.543852544110338303273E-0009  -0.135998972710445709255E-0015   0.160363924723678138107E+0008  -0.489499271269228870551E+0002
    0.543749999999998734346E+0000   0.598248321159107863422E-0009  -0.318730062612525232561E-0015   0.160579068439607359469E+0008  -0.932057370311715658318E+0002
    0.543749999999998734346E+0000   0.627073629426149721984E-0008  -0.225994857245914267693E-0013   0.164223963775664623827E+0008  -0.214839216098904927321E+0003
    0.543749999999998734346E+0000   0.156132592225197541005E-0006  -0.242651012950599933879E-0011   0.168024827698495015502E+0008  -0.650416725545824988330E+0003
    0.543749999999998734346E+0000   0.144894850558490112272E-0005  -0.551884590355071166651E-0010   0.170494754568392299116E+0008  -0.144471778116219070398E+0004
    0.543749999999998734346E+0000   0.491684573742906907198E-0005  -0.199670511351371523562E-0009   0.171799432783542275429E+0008  -0.148496926189466648793E+0004
    0.543749999999998734346E+0000   0.720286325810806236420E-0005   0.124059081853368483396E-0014   0.172192374208823852241E+0008   0.653579995993934601689E-0002
    0.543749999999998734346E+0000   0.491684036590542896143E-0005   0.199671770257138212907E-0009   0.171799430577632188797E+0008   0.148498084088409609649E+0004
    0.543749999999998734346E+0000   0.144894545285596229632E-0005   0.551887208003621859481E-0010   0.170494750001300051808E+0008   0.144472828658924026968E+0004
    0.543749999999998734346E+0000   0.156132160871902426313E-0006   0.242654797106450934734E-0011   0.168024820762434080243E+0008   0.650429400930103724932E+0003
    0.543749999999998734346E+0000   0.627072073829558940689E-0008   0.226010057353546016448E-0013   0.164223954466986656189E+0008   0.214855240365407382797E+0003
    0.543749999999998734346E+0000   0.598247685694697197688E-0009   0.318792788796732406084E-0015   0.160579056692827157676E+0008   0.932249161825058507702E+0002
    0.543749999999998734346E+0000   0.543851913207805968302E-0009   0.136059090347468258597E-0015   0.160363910476048346609E+0008   0.489720263779635587298E+0002
    0.543749999999998734346E+0000   0.543816226908323587771E-0009   0.772573866538990754888E-0016   0.160363119050127137452E+0008   0.278699256008198830159E+0002
    0.543749999999998734346E+0000   0.543795831527077317603E-0009   0.469158981276389173402E-0016   0.160362663741650804877E+0008   0.169486012465852695641E+0002
    0.543749999999998734346E+0000   0.543783318238401282661E-0009   0.300943273333693514871E-0016   0.160362383398584555835E+0008   0.108825344529184686593E+0002
    0.543749999999998734346E+0000   0.543775217190965326742E-0009   0.202061694288722469502E-0016   0.160362201492996849120E+0008   0.731178568957023600206E+0001
    0.543749999999998734346E+0000   0.543754935912798428286E-0009   0.162050541209188932191E-0016   0.139638812596806157380E+0008   0.510951534625944425727E+0001
    0.543749999999998734346E+0000   0.543753979227346984558E-0009   0.117319580643609542809E-0016   0.139638726429057605565E+0008   0.370031889243315159632E+0001
    0.543749999999998734346E+0000   0.543753289722348228129E-0009   0.879102830742451882708E-0017   0.139638664277491327375E+0008   0.277341809061710531381E+0001
    0.543749999999998734346E+0000   0.543752778983101260251E-0009   0.682368541877170931771E-0017   0.139638618211872521788E+0008   0.215317756711812435810E+0001
    0.543749999999998734346E+0000   0.543752390062249172835E-0009   0.550362063476810855863E-0017   0.139638583115087859333E+0008   0.173691991659551714378E+0001
    0.543749999999998734346E+0000   0.543752084357214894710E-0009   0.463672636253165913176E-0017   0.139638555515619292855E+0008   0.146353460123402023818E+0001
    0.543749999999998734346E+0000   0.543751834009731335730E-0009   0.410885174670688225206E-0017   0.139638532905537895858E+0008   0.129707196063102769834E+0001
    0.543749999999998734346E+0000   0.543751617480361726895E-0009   0.385823087101835261302E-0017   0.139638513342934977263E+0008   0.121807859014575337042E+0001
    0.543749999999998734346E+0000   0.543750000000002490851E-0009  -0.122324157273358030325E-0040   0.139638367127771191299E+0008   0.000000000000000000000E+0000
    0.543749999999998734346E+0000   0.543750000000002490851E-0009  -0.122324157273358030325E-0040   0.139638367127771191299E+0008   0.000000000000000000000E+0000
    0.543749999999998734346E+0000   0.543750000000002490851E-0009  -0.122324157273358055815E-0040   0.139638367127771191299E+0008   0.000000000000000000000E+0000
    0.543749999999998734346E+0000   0.543750000000002490851E-0009  -0.122324157273358030325E-0040   0.139638367127771191299E+0008   0.000000000000000000000E+0000
    0.583333333333331927051E+0000   0.583333333333336178632E-0009  -0.131228980982912802416E-0040   0.139638367127771191299E+0008   0.000000000000000000000E+0000
    0.583333333333331927051E+0000   0.583333333333336178632E-0009  -0.131228980982912802416E-0040   0.139638367127771191299E+0008   0.000000000000000000000E+0000
    0.583333333333331927051E+0000   0.583333333333336178632E-0009  -0.131228980982912802416E-0040   0.139638367127771191299E+0008   0.000000000000000000000E+0000
    0.583333333333331927051E+0000   0.583333333333336178632E-0009  -0.131228980982912802416E-0040   0.139638367127771191299E+0008   0.000000000000000000000E+0000
    0.583333333333331927051E+0000   0.583340513867431018436E-0009  -0.177535823941470392774E-0016   0.139638957763291224837E+0008  -0.510044643728323521259E+0001
    0.583333333333331927051E+0000   0.583341767366299735676E-0009  -0.215233509691805832499E-0016   0.139639060767224039882E+0008  -0.618271854716674518215E+0001
    0.583333333333331927051E+0000   0.583343385347906641485E-0009  -0.279233481639937340271E-0016   0.139639193653133828193E+0008  -0.801999684660308531647E+0001
    0.583333333333331927051E+0000   0.583345595875859135604E-0009  -0.381335532805140399258E-0016   0.139639375094647649676E+0008  -0.109504990007377411843E+0002
    0.583333333333331927051E+0000   0.583348748633838913867E-0009  -0.543902405744877826125E-0016   0.139639633675923272967E+0008  -0.156148641706601978285E+0002
    0.583333333333331927051E+0000   0.583353425119162307970E-0009  -0.809361935372474159004E-0016   0.139640016823879648000E+0008  -0.232275192701813821827E+0002
    0.583333333333331927051E+0000   0.583360664930870866740E-0009  -0.126155607938706370355E-0015   0.139640609056859649718E+0008  -0.361848300020415223344E+0002
    0.583333333333331927051E+0000   0.583372474579823977109E-0009  -0.207670862589636536734E-0015   0.139641572752006743103E+0008  -0.595179656220295640878E+0002
    0.583333333333331927051E+0000   0.583572595355847063214E-0009  -0.318763361849016808106E-0015   0.160366513116828501225E+0008  -0.104578261979139625737E+0003
    0.583333333333331927051E+0000   0.647832504564555910417E-0009  -0.752253092333764605139E-0015   0.160594921280977129936E+0008  -0.198660327446716195254E+0003
    0.583333333333331927051E+0000   0.837785721615445168471E-0008  -0.641184343226514562527E-0013   0.164441205705146603286E+0008  -0.448915982284849121697E+0003
    0.583333333333331927051E+0000   0.262134546659617542608E-0006  -0.877743123987988747802E-0011   0.168459939379081837833E+0008  -0.139424827394882117915E+0004
    0.583333333333331927051E+0000   0.281661079458113600588E-0005  -0.239379525144877177132E-0009   0.171072241394927613437E+0008  -0.317998772624488356087E+0004
    0.583333333333331927051E+0000   0.102041673476362901871E-0004  -0.928575072546958250966E-0009   0.172409653795307166874E+0008  -0.325980211993282409821E+0004
    0.583333333333331927051E+0000   0.151420986008275658489E-0004   0.663806532912828923272E-0014   0.172791741450535207987E+0008   0.175399162327231385172E-0001
    0.583333333333331927051E+0000   0.102041436985106297544E-0004   0.928579645057785682969E-0009   0.172409649242183901370E+0008   0.325982967779992350188E+0004
    0.583333333333331927051E+0000   0.281659793646858454169E-0005   0.239379638900970205105E-0009   0.171072231647956892848E+0008   0.318000745181927550220E+0004
    0.583333333333331927051E+0000   0.262132973079566427138E-0006   0.877751581064835574401E-0011   0.168459924490090012550E+0008   0.139427299209695866011E+0004
    0.583333333333331927051E+0000   0.837781165117495148724E-0008   0.641224568923308252613E-0013   0.164441185776633340865E+0008   0.448949738724963424374E+0003
    0.583333333333331927051E+0000   0.647830989420982453699E-0009   0.752397098352888493529E-0015   0.160594896148518249393E+0008   0.198701221270955841192E+0003
    0.583333333333331927051E+0000   0.583571110542850578282E-0009   0.318901945021478177781E-0015   0.160366482638860438019E+0008   0.104625496805667467015E+0003
    0.583333333333331927051E+0000   0.583488248837807908680E-0009   0.181218152857132223132E-0015   0.160364802664907500148E+0008   0.595697278188181442715E+0002
    0.583333333333331927051E+0000   0.583440694187919670563E-0009   0.110106405606322926501E-0015   0.160363833503752872348E+0008   0.362369567875112821298E+0002
    0.583333333333331927051E+0000   0.583411453386715347247E-0009   0.706565718890697526479E-0016   0.160363235931309796870E+0008   0.232720829897858720869E+0002
    0.583333333333331927051E+0000   0.583392496166309193163E-0009   0.474539708953040144689E-0016   0.160362847832835391164E+0008   0.156379302969715485716E+0002
    0.583333333333331927051E+0000   0.583344917604154043404E-0009   0.380573112234758274081E-0016   0.139639319291492812335E+0008   0.109286533401487151451E+0002
    0.583333333333331927051E+0000   0.583342675602105386686E-0009   0.275575039769168293382E-0016   0.139639135265670008957E+0008   0.791488724976434809832E+0001
    0.583333333333331927051E+0000   0.583341058862698147420E-0009   0.206524322679829298440E-0016   0.139639002489982862025E+0008   0.593241624390906796549E+0001
    0.583333333333331927051E+0000   0.583339860784934607135E-0009   0.160324341207867424439E-0016   0.139638904055950008333E+0008   0.460576191399337808718E+0001
    0.583333333333331927051E+0000   0.583338948134175272945E-0009   0.129320990406782054098E-0016   0.139638829046154748648E+0008   0.371538064067582718408E+0001
    0.583333333333331927051E+0000   0.583338230539442474087E-0009   0.108959724537303588993E-0016   0.139638770050304904580E+0008   0.313059129606546626690E+0001
    0.583333333333331927051E+0000   0.583337642734720322878E-0009   0.965615688524532287294E-0017   0.139638721712678298354E+0008   0.277451178573839163377E+0001
    0.583333333333331927051E+0000   0.583337134209919400046E-0009   0.906768689439840624036E-0017   0.139638679884825609624E+0008   0.260553688906788583068E+0001
    0.583333333333331927051E+0000   0.583333333333336178632E-0009  -0.131228980982912802416E-0040   0.139638367127771191299E+0008   0.000000000000000000000E+0000
    0.583333333333331927051E+0000   0.583333333333336178632E-0009  -0.131228980982912802416E-0040   0.139638367127771191299E+0008   0.000000000000000000000E+0000
    0.583333333333331927051E+0000   0.583333333333336178632E-0009  -0.131228980982912929863E-0040   0.139638367127771191299E+0008   0.000000000000000000000E+0000
    0.583333333333331927051E+0000   0.583333333333336178632E-0009  -0.131228980982912802416E-0040   0.139638367127771191299E+0008   0.000000000000000000000E+0000
    0.604166666666665186369E+0000   0.604166666666669698517E-0009  -0.135915730303731048512E-0040   0.139638367127771191299E+0008   0.000000000000000000000E+0000
    0.604166666666665186369E+0000   0.604166666666669698517E-0009  -0.135915730303731048512E-0040   0.139638367127771191299E+0008   0.000000000000000000000E+0000
    0.604166666666665186369E+0000   0.604166666666669698517E-0009  -0.135915730303731048512E-0040   0.139638367127771191299E+0008   0.000000000000000000000E+0000
    0.604166666666665186369E+0000   0.604166666666669698517E-0009  -0.135915730303731048512E-0040   0.139638367127771191299E+0008   0.000000000000000000000E+0000
    0.604166666666665186369E+0000   0.604177567158536995827E-0009  -0.269566610984043487584E-0016   0.139639217961048875004E+0008  -0.734876570868595635488E+0001
    0.604166666666665186369E+0000   0.604179469391083599112E-0009  -0.326798814366643457639E-0016   0.139639366331141646951E+0008  -0.890862715322901266291E+0001
    0.604166666666665186369E+0000   0.604181924316345842296E-0009  -0.423961649606453467602E-0016   0.139639557737547867000E+0008  -0.115566543929270810764E+0002
    0.604166666666665186369E+0000   0.604185277618924235621E-0009  -0.578963568823690990797E-0016   0.139639819070253223181E+0008  -0.157804588665244676093E+0002
    0.604166666666665186369E+0000   0.604190059035328752996E-0009  -0.825740044818183954853E-0016   0.139640191482275687158E+0008  -0.225036733813177391994E+0002
    0.604166666666665186369E+0000   0.604197148821755832696E-0009  -0.122866353957946868855E-0015   0.139640743236061017960E+0008  -0.334772962595334320213E+0002
    0.604166666666665186369E+0000   0.604208118986281500269E-0009  -0.191489598415996913748E-0015   0.139641595915488172323E+0008  -0.521563237392753507038E+0002
    0.604166666666665186369E+0000   0.604225999019822570177E-0009  -0.315168970554621024500E-0015   0.139642982970959320664E+0008  -0.857968295227960879856E+0002
    0.604166666666665186369E+0000   0.604529158025653427224E-0009  -0.484062032474692207806E-0015   0.160368657029990199953E+0008  -0.150764799306597353734E+0003
    0.604166666666665186369E+0000   0.674257837781679854771E-0009  -0.114762295173029003464E-0014   0.160603993766025025398E+0008  -0.286296780392469713661E+0003
    0.604166666666665186369E+0000   0.967819513608926480448E-0008  -0.106968306951102860146E-0012   0.164547888907514829189E+0008  -0.641467896253086678371E+0003
    0.604166666666665186369E+0000   0.338760333383858961051E-0006  -0.165196470357705673883E-0010   0.168675413474881090224E+0008  -0.202373123193484389049E+0004
    0.604166666666665186369E+0000   0.391723774367402960601E-0005  -0.490375504771083711305E-0009   0.171358944656069651246E+0008  -0.463313490120434380515E+0004
    0.604166666666665186369E+0000   0.145934801805918327306E-0004  -0.194117329454131276190E-0008   0.172697184150855019689E+0008  -0.469329975853549603926E+0004
    0.604166666666665186369E+0000   0.217176597923966302429E-0004   0.154573536764285753675E-0013   0.173063799063377976418E+0008   0.292183585739415399574E-0001
    0.604166666666665186369E+0000   0.145934317612808357040E-0004   0.194118106598444150150E-0008   0.172697177779641747475E+0008   0.469334284412754641380E+0004
    0.604166666666665186369E+0000   0.391721171161122932601E-0005   0.490374055441819709375E-0009   0.171358930646729692817E+0008   0.463316025534154960042E+0004
    0.604166666666665186369E+0000   0.338757368157062121927E-0006   0.165197210071976430174E-0010   0.168675391960905827582E+0008   0.202376383883581206646E+0004
    0.604166666666665186369E+0000   0.967811812405525788899E-0008   0.106974503513801693533E-0012   0.164547860178712978959E+0008   0.641515888753668832578E+0003
    0.604166666666665186369E+0000   0.674255519336066795186E-0009   0.114783613966460832727E-0014   0.160603957553064376116E+0008   0.286355522203517693924E+0003
    0.604166666666665186369E+0000   0.604526900874026977687E-0009   0.484269105901868327753E-0015   0.160368613120193611830E+0008   0.150832804599619549890E+0003
    0.604166666666665186369E+0000   0.604401556884065559775E-0009   0.275177843927823211203E-0015   0.160366197054303437471E+0008   0.858714200661704012418E+0002
    0.604166666666665186369E+0000   0.604329523041636224664E-0009   0.167193872439516707174E-0015   0.160364802125662472099E+0008   0.522314780834384393415E+0002
    0.604166666666665186369E+0000   0.604285200199038069444E-0009   0.107291619299600125769E-0015   0.160363941754988674074E+0008   0.335415839511258724315E+0002
    0.604166666666665186369E+0000   0.604256452537127698045E-0009   0.720589527122203938530E-0016   0.160363382870135083795E+0008   0.225370144796974436474E+0002
    0.604166666666665186369E+0000   0.604184247831018682533E-0009   0.577804475304003499008E-0016   0.139639738682006597519E+0008   0.157491180852617436159E+0002
    0.604166666666665186369E+0000   0.604180846797421715715E-0009   0.418405020264333213755E-0016   0.139639473626880105585E+0008   0.114053757898671292992E+0002
    0.604166666666665186369E+0000   0.604178393825525602765E-0009   0.313572424478862553479E-0016   0.139639282379750981927E+0008   0.854818631463778721979E+0001
    0.604166666666665186369E+0000   0.604176575810726977147E-0009   0.243429221780332954646E-0016   0.139639140593409631401E+0008   0.663625228056698546197E+0001
    0.604166666666665186369E+0000   0.604175190753814606990E-0009   0.196357206949448054971E-0016   0.139639032545582018793E+0008   0.535309442060808216013E+0001
    0.604166666666665186369E+0000   0.604174101610647477245E-0009   0.165442527656863359810E-0016   0.139638947563741412014E+0008   0.451034048821556066144E+0001
    0.604166666666665186369E+0000   0.604173209383551943924E-0009   0.146618279877683929811E-0016   0.139638877933936044574E+0008   0.399717049401559565425E+0001
    0.604166666666665186369E+0000   0.604172437435215777618E-0009   0.137683707232816169112E-0016   0.139638817680797446519E+0008   0.375361204110880963825E+0001
    0.604166666666665186369E+0000   0.604166666666669698517E-0009  -0.135915730303731048512E-0040   0.139638367127771191299E+0008   0.000000000000000000000E+0000
    0.604166666666665186369E+0000   0.604166666666669698517E-0009  -0.135915730303731048512E-0040   0.139638367127771191299E+0008   0.000000000000000000000E+0000
    0.604166666666665186369E+0000   0.604166666666669698517E-0009  -0.135915730303731354386E-0040   0.139638367127771191299E+0008   0.000000000000000000000E+0000
    0.604166666666665186369E+0000   0.604166666666669698517E-0009  -0.135915730303731048512E-0040   0.139638367127771191299E+0008   0.000000000000000000000E+0000
    0.624999999999998445688E+0000   0.625000000000003218401E-0009  -0.140602479624549320098E-0040   0.139638367127771191299E+0008   0.000000000000000000000E+0000
    0.624999999999998445688E+0000   0.625000000000003218401E-0009  -0.140602479624549320098E-0040   0.139638367127771191299E+0008   0.000000000000000000000E+0000
    0.624999999999998445688E+0000   0.625000000000003218401E-0009  -0.140602479624549320098E-0040   0.139638367127771191299E+0008   0.000000000000000000000E+0000
    0.624999999999998445688E+0000   0.625000000000003218401E-0009  -0.140602479624549320098E-0040   0.139638367127771191299E+0008   0.000000000000000000000E+0000
    0.624999999999998445688E+0000   0.625016192889305446446E-0009  -0.400531949087071332376E-0016   0.139639564307859148830E+0008  -0.103423190838745338027E+0002
    0.624999999999998445688E+0000   0.625019018154658856447E-0009  -0.485578362294384963308E-0016   0.139639773096176926047E+0008  -0.125389573286772879612E+0002
    0.624999999999998445688E+0000   0.625022663931287984094E-0009  -0.629960636423920453501E-0016   0.139640042458838801831E+0008  -0.162679891010271298057E+0002
    0.624999999999998445688E+0000   0.625027643275192057458E-0009  -0.860291465271151466160E-0016   0.139640410244302228093E+0008  -0.222165742221161011116E+0002
    0.624999999999998445688E+0000   0.625034742130061093750E-0009  -0.122699866766408589121E-0015   0.139640934377916082740E+0008  -0.316864856263179355267E+0002
    0.624999999999998445688E+0000   0.625045265855235195447E-0009  -0.182573679272539841381E-0015   0.139641710942532718182E+0008  -0.471461811402461066223E+0002
    0.624999999999998445688E+0000   0.625061543850339992749E-0009  -0.284543661289222574804E-0015   0.139642911039221081883E+0008  -0.734671778155457531057E+0002
    0.624999999999998445688E+0000   0.625088060696190876982E-0009  -0.468324999244272014478E-0015   0.139644863170590512455E+0008  -0.120887345413220018031E+0003
    0.624999999999998445688E+0000   0.625537963121881896030E-0009  -0.720109593844147546165E-0015   0.160371516999198496342E+0008  -0.212494126887443258056E+0003
    0.624999999999998445688E+0000   0.700934340745899442672E-0009  -0.171608708449430661082E-0014   0.160613883578937966377E+0008  -0.403579894840883184770E+0003
    0.624999999999998445688E+0000   0.111216330194794721940E-0007  -0.174126382749847044509E-0012   0.164650198258942645043E+0008  -0.897727206835608740221E+0003
    0.624999999999998445688E+0000   0.433495049646231661297E-0006  -0.302548912710411710111E-0010   0.168883974237098619342E+0008  -0.288479162654831225154E+0004
    0.624999999999998445688E+0000   0.538521880224054204269E-0005  -0.970112110808600443963E-0009   0.171636338038419485092E+0008  -0.657352241522514214012E+0004
    0.624999999999998445688E+0000   0.205211475671182493876E-0004  -0.386964115325398112915E-0008   0.172960715143293440342E+0008  -0.653351419518477086967E+0004
    0.624999999999998445688E+0000   0.305370191083289015035E-0004   0.349725220761674125486E-0013   0.173304234911014400423E+0008   0.479980550000064787319E-0001
    0.624999999999998445688E+0000   0.205210525654160724361E-0004   0.386965252345677023141E-0008   0.172960706517486386001E+0008   0.653358135676867004804E+0004
    0.624999999999998445688E+0000   0.538516779144488062314E-0005   0.970104870907602804549E-0009   0.171636318402399718761E+0008   0.657355282545474801736E+0004
    0.624999999999998445688E+0000   0.433489628913762917274E-0006   0.302548129870641991189E-0010   0.168883943840603604913E+0008   0.288483163194246799321E+0004
    0.624999999999998445688E+0000   0.111215063220520015611E-0007   0.174135253015460657239E-0012   0.164650157800200041384E+0008   0.897793514728502032085E+0003
    0.624999999999998445688E+0000   0.700930868333196247892E-0009   0.171639188763376194257E-0014   0.160613832613356262445E+0008   0.403662212305656566969E+0003
    0.624999999999998445688E+0000   0.625534604334439673662E-0009   0.720410579413038280918E-0015   0.160371455211009699851E+0008   0.212589728103951898674E+0003
    0.624999999999998445688E+0000   0.625348749237863319513E-0009   0.409208500754702016301E-0015   0.160368056185804083943E+0008   0.120992337321916863857E+0003
    0.624999999999998445688E+0000   0.625241850879928859557E-0009   0.248571282852933193804E-0015   0.160366092977983634919E+0008   0.735730395807696595512E+0002
    0.624999999999998445688E+0000   0.625176052525054524285E-0009   0.159490963271030803290E-0015   0.160364882059715483338E+0008   0.472368123531450763153E+0002
    0.624999999999998445688E+0000   0.625133366345868856790E-0009   0.107106024684660783472E-0015   0.160364095460964012891E+0008   0.317336263079047142810E+0002
    0.624999999999998445688E+0000   0.625026113325519182081E-0009   0.858568941811638183674E-0016   0.139640297132672294974E+0008   0.221727545284318132701E+0002
    0.624999999999998445688E+0000   0.625021063128621186140E-0009   0.621705060119079516052E-0016   0.139639924107753261924E+0008   0.160554578642959384638E+0002
    0.624999999999998445688E+0000   0.625017420321620295191E-0009   0.465927322991260711692E-0016   0.139639654966641701758E+0008   0.120321611925877114402E+0002
    0.624999999999998445688E+0000   0.625014720246084609693E-0009   0.361697537063268165706E-0016   0.139639455438739955425E+0008   0.934014936593198008552E+0001
    0.624999999999998445688E+0000   0.625012663052169028683E-0009   0.291750834294689934535E-0016   0.139639303394462168217E+0008   0.753356311423645408354E+0001
    0.624999999999998445688E+0000   0.625011045282037877509E-0009   0.245813089871083246928E-0016   0.139639183812557589263E+0008   0.634705517621027581754E+0001
    0.624999999999998445688E+0000   0.625009719940834861638E-0009   0.217840773078624237616E-0016   0.139639085836452096701E+0008   0.562453248952630513458E+0001
    0.624999999999998445688E+0000   0.625008573215678832698E-0009   0.204563412537499364061E-0016   0.139639001056883521378E+0008   0.528152021600118537492E+0001
    0.624999999999998445688E+0000   0.625000000000003218401E-0009  -0.140602479624549320098E-0040   0.139638367127771191299E+0008   0.000000000000000000000E+0000
    0.624999999999998445688E+0000   0.625000000000003218401E-0009  -0.140602479624549320098E-0040   0.139638367127771191299E+0008   0.000000000000000000000E+0000
    0.624999999999998445688E+0000   0.625000000000003218401E-0009  -0.140602479624549727930E-0040   0.139638367127771191299E+0008   0.000000000000000000000E+0000
    0.624999999999998445688E+0000   0.625000000000003218401E-0009  -0.140602479624549320098E-0040   0.139638367127771191299E+0008   0.000000000000000000000E+0000
    0.645833333333331705006E+0000   0.645833333333336738286E-0009  -0.145289228945367566195E-0040   0.139638367127771191299E+0008   0.000000000000000000000E+0000
    0.645833333333331705006E+0000   0.645833333333336738286E-0009  -0.145289228945367566195E-0040   0.139638367127771191299E+0008   0.000000000000000000000E+0000
    0.645833333333331705006E+0000   0.645833333333336738286E-0009  -0.145289228945367566195E-0040   0.139638367127771191299E+0008   0.000000000000000000000E+0000
    0.645833333333331705006E+0000   0.645833333333336738286E-0009  -0.145289228945367566195E-0040   0.139638367127771191299E+0008   0.000000000000000000000E+0000
    0.645833333333331705006E+0000   0.645856884368715981722E-0009  -0.582665828331984722744E-0016   0.139640013914738427848E+0008  -0.142295864641585332322E+0002
    0.645833333333331705006E+0000   0.645860993289052453201E-0009  -0.706427167979571115851E-0016   0.139640301193534769118E+0008  -0.172546129344094048008E+0002
    0.645833333333331705006E+0000   0.645866295358785766749E-0009  -0.916536183239442217319E-0016   0.139640671866848003119E+0008  -0.223899741683983783958E+0002
    0.645833333333331705006E+0000   0.645873536550946995090E-0009  -0.125173604067265028124E-0015   0.139641178050175551325E+0008  -0.305830493861623402552E+0002
    0.645833333333331705006E+0000   0.645883859432048151601E-0009  -0.178544481868220105179E-0015   0.139641899522577133030E+0008  -0.436289719652067162770E+0002
    0.645833333333331705006E+0000   0.645899161224752973526E-0009  -0.265694557968308018041E-0015   0.139642968650082182139E+0008  -0.649331346921488403723E+0002
    0.645833333333331705006E+0000   0.645922825976463293275E-0009  -0.414136351918111176111E-0015   0.139644621172782182693E+0008  -0.101218745904372113387E+0003
    0.645833333333331705006E+0000   0.645961365352284943731E-0009  -0.681734464010212101268E-0015   0.139647309890755861998E+0008  -0.166629754319609389768E+0003
    0.645833333333331705006E+0000   0.646615785669024224308E-0009  -0.105007238373886649707E-0014   0.160375242086870949715E+0008  -0.293061062687563833151E+0003
    0.645833333333331705006E+0000   0.727889973891089785775E-0009  -0.251667644378736257568E-0014   0.160624856431232243776E+0008  -0.556920811473260869207E+0003
    0.645833333333331705006E+0000   0.127175231968561200968E-0007  -0.276853228499108509362E-0012   0.164748870158304758370E+0008  -0.123147038347555417204E+0004
    0.645833333333331705006E+0000   0.549950206380190133505E-0006  -0.540690773623792483529E-0010   0.169087766258515492082E+0008  -0.404358977736335327791E+0004
    0.645833333333331705006E+0000   0.733076823160401054504E-0005  -0.185770436579123404329E-0008   0.171905989122488126159E+0008  -0.908545050289150640310E+0004
    0.645833333333331705006E+0000   0.283993462587393903271E-0004  -0.736712861151066939166E-0008   0.173198893228865265846E+0008  -0.880165395375575280923E+0004
    0.645833333333331705006E+0000   0.421311025207795925452E-0004   0.765772890719848222743E-0013   0.173511243304203562438E+0008   0.772809662878913145034E-0001
    0.645833333333331705006E+0000   0.283991674336403271059E-0004   0.736714153441319287330E-0008   0.173198881943787522614E+0008   0.880175844061958014208E+0004
    0.645833333333331705006E+0000   0.733067127139661771292E-0005   0.185767975807687942466E-0008   0.171905962285990566015E+0008   0.908548396150099142687E+0004
    0.645833333333331705006E+0000   0.549940570133436821934E-0006   0.540684275418203783332E-0010   0.169087724217038303614E+0008   0.404363382496424310375E+0004
    0.645833333333331705006E+0000   0.127173200757439626305E-0007   0.276864672120872938952E-0012   0.164748814445036854595E+0008   0.123155933923755060277E+0004
    0.645833333333331705006E+0000   0.727884879996477138625E-0009   0.251709554417683215741E-0014   0.160624786309362817556E+0008   0.557033410482251269968E+0003
    0.645833333333331705006E+0000   0.646610890198483371295E-0009   0.105049740330347444033E-0014   0.160375157091843523085E+0008   0.293192387222302613736E+0003
    0.645833333333331705006E+0000   0.646340628961074362365E-0009   0.596267881466409110114E-0015   0.160370475561711434275E+0008   0.166774225056440542403E+0003
    0.645833333333331705006E+0000   0.646185133230992223399E-0009   0.362028209362398849062E-0015   0.160367771610528696328E+0008   0.101364553424898389267E+0003
    0.645833333333331705006E+0000   0.646089419585977275131E-0009   0.232218411960157480162E-0015   0.160366104202828798443E+0008   0.650581037086033830974E+0002
    0.645833333333331705006E+0000   0.646027325453270539438E-0009   0.155912298609184959485E-0015   0.160365021271592024714E+0008   0.436942244834123414421E+0002
    0.645833333333331705006E+0000   0.645871311133996799080E-0009   0.124923231617413225391E-0015   0.139641022462563216686E+0008   0.305232939385583854630E+0002
    0.645833333333331705006E+0000   0.645863966942113644300E-0009   0.904532175514442529904E-0016   0.139640509066599830985E+0008   0.220982687720293498046E+0002
    0.645833333333331705006E+0000   0.645858669245213977141E-0009   0.677849308557236105125E-0016   0.139640138690105341375E+0008   0.165582544361694523616E+0002
    0.645833333333331705006E+0000   0.645854742460437378302E-0009   0.526185011327100442573E-0016   0.139639864139090981334E+0008   0.128519184029481543519E+0002
    0.645833333333331705006E+0000   0.645851750578057528904E-0009   0.424409232637099975416E-0016   0.139639654944433998317E+0008   0.103648565965954659873E+0002
    0.645833333333331705006E+0000   0.645849397739594366032E-0009   0.357568406081411329302E-0016   0.139639490427615176886E+0008   0.873148976951787680889E+0001
    0.645833333333331705006E+0000   0.645847470182342968403E-0009   0.316866756720765911174E-0016   0.139639355645752679557E+0008   0.773678882611668861102E+0001
    0.645833333333331705006E+0000   0.645845802386362613943E-0009   0.297544306304509734231E-0016   0.139639239026143271476E+0008   0.726438098563746237346E+0001
    0.645833333333331705006E+0000   0.645833333333336738286E-0009  -0.145289228945367566195E-0040   0.139638367127771191299E+0008   0.000000000000000000000E+0000
    0.645833333333331705006E+0000   0.645833333333336738286E-0009  -0.145289228945367566195E-0040   0.139638367127771191299E+0008   0.000000000000000000000E+0000
    0.645833333333331705006E+0000   0.645833333333336738286E-0009  -0.145289228945368126963E-0040   0.139638367127771191299E+0008   0.000000000000000000000E+0000
    0.645833333333331705006E+0000   0.645833333333336738286E-0009  -0.145289228945367566195E-0040   0.139638367127771191299E+0008   0.000000000000000000000E+0000
    0.666666666666664964325E+0000   0.666666666666670258171E-0009  -0.149975978266185812291E-0040   0.139638367127771191299E+0008   0.000000000000000000000E+0000
    0.666666666666664964325E+0000   0.666666666666670258171E-0009  -0.149975978266185812291E-0040   0.139638367127771191299E+0008   0.000000000000000000000E+0000
    0.666666666666664964325E+0000   0.666666666666670258171E-0009  -0.149975978266185812291E-0040   0.139638367127771191299E+0008   0.000000000000000000000E+0000
    0.666666666666664964325E+0000   0.666666666666670258171E-0009  -0.149975978266185812291E-0040   0.139638367127771191299E+0008   0.000000000000000000000E+0000
    0.666666666666664964325E+0000   0.666700225173469548362E-0009  -0.830451939663214286601E-0016   0.139640584182119444013E+0008  -0.191617574865167945575E+0002
    0.666666666666664964325E+0000   0.666706080707125663468E-0009  -0.100694574508365187064E-0015   0.139640971111163198948E+0008  -0.232401543774531909037E+0002
    0.666666666666664964325E+0000   0.666713636864908083834E-0009  -0.130658223634192715895E-0015   0.139641470465541109443E+0008  -0.301638597785113766747E+0002
    0.666666666666664964325E+0000   0.666723956923718621150E-0009  -0.178465569765623560684E-0015   0.139642152524206489325E+0008  -0.412121177905323676782E+0002
    0.666666666666664964325E+0000   0.666738669500392407303E-0009  -0.254596482427989106140E-0015   0.139643124917526561767E+0008  -0.588096523651009235323E+0002
    0.666666666666664964325E+0000   0.666760478917352254114E-0009  -0.378938563053911664263E-0015   0.139644566310356464237E+0008  -0.875588671788715373623E+0002
    0.666666666666664964325E+0000   0.666794208105236584556E-0009  -0.590787447751800010498E-0015   0.139646795028792507946E+0008  -0.136551610062224398234E+0003
    0.666666666666664964325E+0000   0.666849137146316555906E-0009  -0.972861477069736256465E-0015   0.139650423059544656426E+0008  -0.224941240975398670798E+0003
    0.666666666666664964325E+0000   0.667782794182230206243E-0009  -0.150209643456463451344E-0014   0.160379987694148533046E+0008  -0.395923445244500896933E+0003
    0.666666666666664964325E+0000   0.755160961809622138836E-0009  -0.362236926853975127676E-0014   0.160637191108924876899E+0008  -0.753083521545422513555E+0003
    0.666666666666664964325E+0000   0.144762423471144585699E-0007  -0.430477538077003705222E-0012   0.164844667657296787947E+0008  -0.165774444061785789017E+0004
    0.666666666666664964325E+0000   0.692614965629037706313E-0006  -0.945569079717997646972E-0010   0.169289171729819774628E+0008  -0.557850919165060804517E+0004
    0.666666666666664964325E+0000   0.989776290388149037865E-0005  -0.345111235050768045859E-0008   0.172168841365022659302E+0008  -0.122409483027290025348E+0005
    0.666666666666664964325E+0000   0.387093493920387366446E-0004  -0.134174563308745876729E-0007   0.173409727559520713985E+0008  -0.114897681829055582057E+0005
    0.666666666666664964325E+0000   0.570815522848695344575E-0004   0.161649761640273245363E-0012   0.173682594199824556708E+0008   0.121408412181310598754E+0000
    0.666666666666664964325E+0000   0.387090260666104703973E-0004   0.134174631932188948236E-0007   0.173409713312573395669E+0008   0.114899302020607010490E+0005
    0.666666666666664964325E+0000   0.989758376196241468543E-0005   0.345104164451481048413E-0008   0.172168805608032234013E+0008   0.122409809916797858023E+0005
    0.666666666666664964325E+0000   0.692598262551959904402E-0006   0.945546092385509954594E-0010   0.169289114725275114179E+0008   0.557854898649405095057E+0004
    0.666666666666664964325E+0000   0.144759245768367185681E-0007   0.430489863243064601683E-0012   0.164844592548986785114E+0008   0.165786017109539147896E+0004
    0.666666666666664964325E+0000   0.755153636401209199158E-0009   0.362291997758448672043E-0014   0.160637096680936906487E+0008   0.753233986059929861767E+0003
    0.666666666666664964325E+0000   0.667775799990857430073E-0009   0.150267856269644200144E-0014   0.160379873267207741737E+0008   0.396099897342097904129E+0003
    0.666666666666664964325E+0000   0.667390118094561257367E-0009   0.851974587168244230611E-0015   0.160373554056310858577E+0008   0.225135787380853372497E+0003
    0.666666666666664964325E+0000   0.667168257724081393256E-0009   0.516904668874411574287E-0015   0.160369905522633697838E+0008   0.136748196573732201387E+0003
    0.666666666666664964325E+0000   0.667031734876407942190E-0009   0.331405085438020532391E-0015   0.160367656765667349100E+0008   0.877275918551588205219E+0002
    0.666666666666664964325E+0000   0.666943183953833242824E-0009   0.222431533013385714760E-0015   0.160366196786309480667E+0008   0.588981705915108193494E+0002
    0.666666666666664964325E+0000   0.666720785519004271375E-0009   0.178109335138637196669E-0015   0.139641943067561443895E+0008   0.411325463675437177358E+0002
    0.666666666666664964325E+0000   0.666710318729102175815E-0009   0.128948769760463278055E-0015   0.139641251287392918020E+0008   0.297722508202300453206E+0002
    0.666666666666664964325E+0000   0.666702768819730640087E-0009   0.966237933363340000600E-0016   0.139640752316383179277E+0008   0.223040200451700201256E+0002
    0.666666666666664964325E+0000   0.666697172816694526145E-0009   0.749985042030882233224E-0016   0.139640382501262351871E+0008   0.173086260979797010862E+0002
    0.666666666666664964325E+0000   0.666692909249320604845E-0009   0.604875479784371951560E-0016   0.139640100759614445269E+0008   0.139569825256788231371E+0002
    0.666666666666664964325E+0000   0.666689556438469549422E-0009   0.509577695054650469255E-0016   0.139639879217944815755E+0008   0.117559094521344231765E+0002
    0.666666666666664964325E+0000   0.666686809729233548902E-0009   0.451545364957063528375E-0016   0.139639697739528138191E+0008   0.104153736114988255679E+0002
    0.666666666666664964325E+0000   0.666684433228847722223E-0009   0.423988666823874288352E-0016   0.139639540732953716069E+0008   0.977840653894604905361E+0001
    0.666666666666664964325E+0000   0.666666666666670258171E-0009  -0.149975978266185812291E-0040   0.139638367127771191299E+0008   0.000000000000000000000E+0000
    0.666666666666664964325E+0000   0.666666666666670258171E-0009  -0.149975978266185812291E-0040   0.139638367127771191299E+0008   0.000000000000000000000E+0000
    0.666666666666664964325E+0000   0.666666666666670258171E-0009  -0.149975978266186525997E-0040   0.139638367127771191299E+0008   0.000000000000000000000E+0000
    0.666666666666664964325E+0000   0.666666666666670258171E-0009  -0.149975978266185812291E-0040   0.139638367127771191299E+0008   0.000000000000000000000E+0000
    0.687499999999998223643E+0000   0.687500000000003778056E-0009  -0.154662727587004083878E-0040   0.139638367127771191299E+0008   0.000000000000000000000E+0000
    0.687499999999998223643E+0000   0.687500000000003778056E-0009  -0.154662727587004083878E-0040   0.139638367127771191299E+0008   0.000000000000000000000E+0000
    0.687499999999998223643E+0000   0.687500000000003778056E-0009  -0.154662727587004083878E-0040   0.139638367127771191299E+0008   0.000000000000000000000E+0000
    0.687499999999998223643E+0000   0.687500000000003778056E-0009  -0.154662727587004083878E-0040   0.139638367127771191299E+0008   0.000000000000000000000E+0000
    0.687499999999998223643E+0000   0.687546889586843105285E-0009  -0.116063939095162083026E-0015   0.139641292359404992312E+0008  -0.252888595158294862131E+0002
    0.687499999999998223643E+0000   0.687555073223911013831E-0009  -0.140750544555027446014E-0015   0.139641803175688348711E+0008  -0.306790615115764246923E+0002
    0.687499999999998223643E+0000   0.687565634735610772298E-0009  -0.182662309265955951687E-0015   0.139642462594401277602E+0008  -0.398299673556236726313E+0002
    0.687499999999998223643E+0000   0.687580061068021564457E-0009  -0.249542285184235595837E-0015   0.139643363549327701330E+0008  -0.544354786842260480739E+0002
    0.687499999999998223643E+0000   0.687600630256041658829E-0009  -0.356069448938451066704E-0015   0.139644648452424816787E+0008  -0.777075415683923438337E+0002
    0.687499999999998223643E+0000   0.687631125870520512561E-0009  -0.530112952362996860615E-0015   0.139646553875065706670E+0008  -0.115747213377893743314E+0003
    0.687499999999998223643E+0000   0.687678296479599780283E-0009  -0.826767310530551471786E-0015   0.139649501593663319945E+0008  -0.180616140943526119145E+0003
    0.687499999999998223643E+0000   0.687755132932693308824E-0009  -0.136214737481339804509E-0014   0.139654303578818645328E+0008  -0.297766481868481946549E+0003
    0.687499999999998223643E+0000   0.689062754612764356728E-0009  -0.210976462528167357967E-0014   0.160385911936491355300E+0008  -0.524615494935023434664E+0003
    0.687499999999998223643E+0000   0.782792548279093261789E-0009  -0.512190518122072805075E-0014   0.160651173527845758945E+0008  -0.998969675678258113294E+0003
    0.687499999999998223643E+0000   0.164096137443882391323E-0007  -0.655555388180333080825E-0012   0.164938378747988399118E+0008  -0.219310550978502396902E+0004
    0.687499999999998223643E+0000   0.867227661823093681426E-0006  -0.162270321530967568158E-0009   0.169490772340209484100E+0008  -0.757782374665020506654E+0004
    0.687499999999998223643E+0000   0.132741658228613103277E-0004  -0.623281802896350598892E-0008   0.172425017497900761664E+0008  -0.160948234482801144622E+0005
    0.687499999999998223643E+0000   0.519981736085836578239E-0004  -0.234193307895784166759E-0007   0.173590606318979598582E+0008  -0.145608926087793170154E+0005
    0.687499999999998223643E+0000   0.760025761708490771480E-0004   0.328048029857357100201E-0012   0.173815749597080461681E+0008   0.185664598236543881837E+0000
    0.687499999999998223643E+0000   0.519976113674992118392E-0004   0.234193145278928433900E-0007   0.173590588998650647700E+0008   0.145611419876014861075E+0005
    0.687499999999998223643E+0000   0.132738435335266267680E-0004   0.623263517935953073020E-0008   0.172424971065415032208E+0008   0.160948496081689027051E+0005
    0.687499999999998223643E+0000   0.867199343855228820273E-0006   0.162263833770385460901E-0009   0.169490696448944918811E+0008   0.757784356363084134500E+0004
    0.687499999999998223643E+0000   0.164091278710862467558E-0007   0.655563461980139870899E-0012   0.164938279476017206907E+0008   0.219325118643409132346E+0004
    0.687499999999998223643E+0000   0.782782210329456298998E-0009   0.512258965499346225918E-0014   0.160651048900458998978E+0008   0.999166301573004716374E+0003
    0.687499999999998223643E+0000   0.689052950026786510377E-0009   0.211053630605435879732E-0014   0.160385760963161047548E+0008   0.524847671716398508579E+0003
    0.687499999999998223643E+0000   0.688512348162536409253E-0009   0.119478372491312529300E-0014   0.160377391527750194073E+0008   0.298023182530785163635E+0003
    0.687499999999998223643E+0000   0.688201588209553824416E-0009   0.724167334411117284750E-0015   0.160372562499624844640E+0008   0.180875921643775853909E+0003
    0.687499999999998223643E+0000   0.688010480267548315406E-0009   0.463985979170715698530E-0015   0.160369588343426417559E+0008   0.115970541318830200339E+0003
    0.687499999999998223643E+0000   0.687886575937189671801E-0009   0.311273073940215925928E-0015   0.160367658392707146704E+0008   0.778253481959503261578E+0002
    0.687499999999998223643E+0000   0.687575629329838937286E-0009   0.249045606332538394508E-0015   0.139643087205581143498E+0008   0.543318432988572652675E+0002
    0.687499999999998223643E+0000   0.687560997987671567172E-0009   0.180275960150158988416E-0015   0.139642173404754903167E+0008   0.393150145440917953010E+0002
    0.687499999999998223643E+0000   0.687550445157591127040E-0009   0.135065770710772714096E-0015   0.139641514464059732854E+0008   0.294460895935027302528E+0002
    0.687499999999998223643E+0000   0.687542624045097008891E-0009   0.104824474768728308089E-0015   0.139641026191592961550E+0008   0.228464247511913676192E+0002
    0.687499999999998223643E+0000   0.687536665609150710542E-0009   0.845338601116940737262E-0016   0.139640654272966999561E+0008   0.184190697869268689146E+0002
    0.687499999999998223643E+0000   0.687531980283422407719E-0009   0.712089001643952878926E-0016   0.139640361871403288096E+0008   0.155117321706245476776E+0002
    0.687499999999998223643E+0000   0.687528142178539467843E-0009   0.630941441630654663357E-0016   0.139640122384467236698E+0008   0.137408862897369132838E+0002
    0.687499999999998223643E+0000   0.687524821568047498479E-0009   0.592395524825332108603E-0016   0.139639915221059247851E+0008   0.128989599179685132668E+0002
    0.687499999999998223643E+0000   0.687500000000003778056E-0009  -0.154662727587004083878E-0040   0.139638367127771191299E+0008   0.000000000000000000000E+0000
    0.687499999999998223643E+0000   0.687500000000003778056E-0009  -0.154662727587004083878E-0040   0.139638367127771191299E+0008   0.000000000000000000000E+0000
    0.687499999999998223643E+0000   0.687500000000003778056E-0009  -0.154662727587004925030E-0040   0.139638367127771191299E+0008   0.000000000000000000000E+0000
    0.687499999999998223643E+0000   0.687500000000003778056E-0009  -0.154662727587004083878E-0040   0.139638367127771191299E+0008   0.000000000000000000000E+0000
    0.708333333333331482962E+0000   0.708333333333337297941E-0009  -0.159349476907822355464E-0040   0.139638367127771191299E+0008   0.000000000000000000000E+0000
    0.708333333333331482962E+0000   0.708333333333337297941E-0009  -0.159349476907822355464E-0040   0.139638367127771191299E+0008   0.000000000000000000000E+0000
    0.708333333333331482962E+0000   0.708333333333337297941E-0009  -0.159349476907822355464E-0040   0.139638367127771191299E+0008   0.000000000000000000000E+0000
    0.708333333333331482962E+0000   0.708333333333337297941E-0009  -0.159349476907822355464E-0040   0.139638367127771191299E+0008   0.000000000000000000000E+0000
    0.708333333333331482962E+0000   0.708397640768534527172E-0009  -0.159220132607374744609E-0015   0.139642155092923715711E+0008  -0.327557199303982002903E+0002
    0.708333333333331482962E+0000   0.708408868506958814315E-0009  -0.193120362627133271361E-0015   0.139642817018105033785E+0008  -0.397487245850711019557E+0002
    0.708333333333331482962E+0000   0.708423361002945114769E-0009  -0.250676325442384650214E-0015   0.139643671786018460989E+0008  -0.516210313428185116891E+0002
    0.708333333333331482962E+0000   0.708443160369520915175E-0009  -0.342536866105710056113E-0015   0.139644840062323380262E+0008  -0.705749674537132278829E+0002
    0.708333333333331482962E+0000   0.708471396360572050411E-0009  -0.488896441213546112650E-0015   0.139646506894253231585E+0008  -0.100788462391232968685E+0003
    0.708333333333331482962E+0000   0.708513269484730745012E-0009  -0.728119432251163481293E-0015   0.139648979955015983433E+0008  -0.150204094829453623561E+0003
    0.708333333333331482962E+0000   0.708578059300328233950E-0009  -0.113610280965823503394E-0014   0.139652808266847487539E+0008  -0.234538536478308571986E+0003
    0.708333333333331482962E+0000   0.708683643984577462126E-0009  -0.187304774379061583252E-0014   0.139659050600473489612E+0008  -0.387018805486266103344E+0003
    0.708333333333331482962E+0000   0.710483188880031111302E-0009  -0.291253077945311929278E-0014   0.160393171437366381288E+0008  -0.682643582161615199766E+0003
    0.708333333333331482962E+0000   0.810839704962916141772E-0009  -0.712162743281590939438E-0014   0.160667089224649053067E+0008  -0.130132350979329521579E+0004
    0.708333333333331482962E+0000   0.185314272337405312486E-0007  -0.979397109265356860893E-0012   0.165030817943872027099E+0008  -0.285616451769024433816E+0004
    0.708333333333331482962E+0000   0.108131900695877675449E-0005  -0.273974252333265521396E-0009   0.169695246336685642600E+0008  -0.101333185923094824830E+0005
    0.708333333333331482962E+0000   0.177045038259480148044E-0004  -0.109647512626773371779E-0007   0.172673690715799406171E+0008  -0.206827429360225833079E+0005
    0.708333333333331482962E+0000   0.688672892401156534238E-0004  -0.392523459814245914324E-0007   0.173738355572909116745E+0008  -0.179565097106230641657E+0005
    0.708333333333331482962E+0000   0.995162869910611247925E-0004   0.639120799456424565615E-0012   0.173908079832589700818E+0008   0.276205130203880433459E+0000
    0.708333333333331482962E+0000   0.688663477633457907223E-0004   0.392522776366192481748E-0007   0.173738335363864600658E+0008   0.179568884000258258311E+0005
    0.708333333333331482962E+0000   0.177039384488483413440E-0004   0.109643139138082522729E-0007   0.172673631987877935171E+0008   0.206827552189429043210E+0005
    0.708333333333331482962E+0000   0.108127189390309713637E-0005   0.273957938169684924695E-0009   0.169695146989515237510E+0008   0.101332929140526885021E+0005
    0.708333333333331482962E+0000   0.185306999042415117872E-0007   0.979389102441082704743E-0012   0.165030689105582423508E+0008   0.285634115018384363793E+0004
    0.708333333333331482962E+0000   0.810825370786901087371E-0009   0.712241707905787368604E-0014   0.160666927781369555742E+0008   0.130157507558114161839E+0004
    0.708333333333331482962E+0000   0.710469688565008513284E-0009   0.291351770948995140847E-0014   0.160392975943194348365E+0008   0.682943123524343718600E+0003
    0.708333333333331482962E+0000   0.709724711908887799220E-0009   0.164612653425702340716E-0014   0.160382086120974477381E+0008   0.387351123682898389688E+0003
    0.708333333333331482962E+0000   0.709296979933159991186E-0009   0.996458254321259287851E-0015   0.160375808783085495234E+0008   0.234875438115769753722E+0003
    0.708333333333331482962E+0000   0.709034186928929365392E-0009   0.637916940846601459729E-0015   0.160371946239419542253E+0008   0.150494257205109136066E+0003
    0.708333333333331482962E+0000   0.708863911717202566390E-0009   0.427706967835733537076E-0015   0.160369441409770213068E+0008   0.100942437818549052508E+0003
    0.708333333333331482962E+0000   0.708437081669514662886E-0009   0.341857405520546110214E-0015   0.139644482246341090649E+0008   0.704427004117636386127E+0002
    0.708333333333331482962E+0000   0.708417001111510087832E-0009   0.247407317484608239845E-0015   0.139643297306320536882E+0008   0.509567321879698695852E+0002
    0.708333333333331482962E+0000   0.708402520371370398819E-0009   0.185329583486025173326E-0015   0.139642443114812280983E+0008   0.381553211998706700570E+0002
    0.708333333333331482962E+0000   0.708391789555519650141E-0009   0.143812881118807390392E-0015   0.139641810325940493494E+0008   0.295968555841724665356E+0002
    0.708333333333331482962E+0000   0.708383615314259214398E-0009   0.115960212064579325094E-0015   0.139641328435884751379E+0008   0.238564375596867499496E+0002
    0.708333333333331482962E+0000   0.708377188270531480305E-0009   0.976701029518405186801E-0016   0.139640949650567434728E+0008   0.200870985624511924073E+0002
    0.708333333333331482962E+0000   0.708371923881805149071E-0009   0.865309292440385542220E-0016   0.139640639469654578716E+0008   0.177909693820644498885E+0002
    0.708333333333331482962E+0000   0.708367369677923036555E-0009   0.812375006497623153001E-0016   0.139640371199066396803E+0008   0.166985865465443197309E+0002
    0.708333333333331482962E+0000   0.708333333333337297941E-0009  -0.159349476907822355464E-0040   0.139638367127771191299E+0008   0.000000000000000000000E+0000
    0.708333333333331482962E+0000   0.708333333333337297941E-0009  -0.159349476907822355464E-0040   0.139638367127771191299E+0008   0.000000000000000000000E+0000
    0.708333333333331482962E+0000   0.708333333333337297941E-0009  -0.159349476907823324063E-0040   0.139638367127771191299E+0008   0.000000000000000000000E+0000
    0.708333333333331482962E+0000   0.708333333333337297941E-0009  -0.159349476907822355464E-0040   0.139638367127771191299E+0008   0.000000000000000000000E+0000
    0.729166666666664742280E+0000   0.729166666666670817826E-0009  -0.164036226228640576071E-0040   0.139638367127771191299E+0008   0.000000000000000000000E+0000
    0.729166666666664742280E+0000   0.729166666666670817826E-0009  -0.164036226228640576071E-0040   0.139638367127771191299E+0008   0.000000000000000000000E+0000
    0.729166666666664742280E+0000   0.729166666666670817826E-0009  -0.164036226228640576071E-0040   0.139638367127771191299E+0008   0.000000000000000000000E+0000
    0.729166666666664742280E+0000   0.729166666666670817826E-0009  -0.164036226228640576071E-0040   0.139638367127771191299E+0008   0.000000000000000000000E+0000
    0.729166666666664742280E+0000   0.729253326541367076019E-0009  -0.214623331819727835834E-0015   0.139643187970222942531E+0008  -0.416979378811892047452E+0002
    0.729166666666664742280E+0000   0.729268464215182607247E-0009  -0.260374442004455247318E-0015   0.139644031035748906434E+0008  -0.506154751846767751999E+0002
    0.729166666666664742280E+0000   0.729288007799331989983E-0009  -0.338053894920369105958E-0015   0.139645120120284520090E+0008  -0.657556376672708040587E+0002
    0.729166666666664742280E+0000   0.729314714292635931414E-0009  -0.462059104052767400754E-0015   0.139646609258776307106E+0008  -0.899334345166802791027E+0002
    0.729166666666664742280E+0000   0.729352811333615920151E-0009  -0.659704703112557190794E-0015   0.139648734876666255295E+0008  -0.128491804031597865787E+0003
    0.729166666666664742280E+0000   0.729409328213131244720E-0009  -0.982920967375870398276E-0015   0.139651890485837683082E+0008  -0.191597444561944143970E+0003
    0.729166666666664742280E+0000   0.729496815672849484599E-0009  -0.153453627935682943974E-0014   0.139656779021956119686E+0008  -0.299389130736240190345E+0003
    0.729166666666664742280E+0000   0.729639484326529662707E-0009  -0.253199158003108591365E-0014   0.139664758854548241943E+0008  -0.494526511237456418257E+0003
    0.729166666666664742280E+0000   0.732075484248998655304E-0009  -0.395613778078083980085E-0014   0.160401917280399296433E+0008  -0.873398850717185950998E+0003
    0.729166666666664742280E+0000   0.839367782403841767587E-0009  -0.974733156303947818995E-0014   0.160685215743985585868E+0008  -0.166643488365627877101E+0004
    0.729166666666664742280E+0000   0.208580894411436188384E-0007  -0.143816639369524357005E-0011   0.165122835997507013381E+0008  -0.366868212475643395010E+0004
    0.729166666666664742280E+0000   0.134498996247805993907E-0005  -0.456133999877806335113E-0009   0.169905205127466954291E+0008  -0.133301848495657704916E+0005
    0.729166666666664742280E+0000   0.235039356951730513362E-0004  -0.188210877420603375946E-0007   0.172913003958217091858E+0008  -0.260207728808644096716E+0005
    0.729166666666664742280E+0000   0.899507082284632794242E-0004  -0.633087304643118712671E-0007   0.173849385122254639864E+0008  -0.216098288776473782491E+0005
    0.729166666666664742280E+0000   0.128224110736090569224E-0003   0.119518341239460930726E-0011   0.173957099698151499033E+0008   0.399845536944918089617E+0000
    0.729166666666664742280E+0000   0.899491884591114101467E-0004   0.633085725259160176118E-0007   0.173849362614108026028E+0008   0.216103925679457861406E+0005
    0.729166666666664742280E+0000   0.235029677322014070241E-0004   0.188201062271068045092E-0007   0.172912931688973978162E+0008   0.260207636712730163708E+0005
    0.729166666666664742280E+0000   0.134491278387241188171E-0005   0.456095912108528086167E-0009   0.169905077093327343464E+0008   0.133300768765622033243E+0005
    0.729166666666664742280E+0000   0.208570215517536713779E-0007   0.143811825445240237294E-0011   0.165122671551145724952E+0008   0.366888658672667679639E+0004
    0.729166666666664742280E+0000   0.839348230314053570487E-0009   0.974814364800473333071E-0014   0.160685010182634517550E+0008   0.166675035054807040069E+0004
    0.729166666666664742280E+0000   0.732057203799512892189E-0009   0.395734943829054986144E-0014   0.160401668482554256916E+0008   0.873778212652718138997E+0003
    0.729166666666664742280E+0000   0.731046872958192039244E-0009   0.223051141197896976928E-0014   0.160387731622667200863E+0008   0.494949135586401212095E+0003
    0.729166666666664742280E+0000   0.730467762151267758803E-0009   0.134811389021028607858E-0014   0.160379707263241447508E+0008   0.299818463546884856896E+0003
    0.729166666666664742280E+0000   0.730112412475716787944E-0009   0.862170451904731361918E-0015   0.160374775166349057108E+0008   0.191967958933117415654E+0003
    0.729166666666664742280E+0000   0.729882355140197407288E-0009   0.577654162004627762834E-0015   0.160371579116745609790E+0008   0.128689639446177608306E+0003
    0.729166666666664742280E+0000   0.729306521633376629456E-0009   0.461145773972698668705E-0015   0.139646153919201213866E+0008   0.897676925883741745338E+0002
    0.729166666666664742280E+0000   0.729279436138253725257E-0009   0.333654390798883734667E-0015   0.139644643532069791108E+0008   0.649136328828830357907E+0002
    0.729166666666664742280E+0000   0.729259908107794192568E-0009   0.249884775318145096359E-0015   0.139643555120766684413E+0008   0.485919951429186909309E+0002
    0.729166666666664742280E+0000   0.729245439586144472367E-0009   0.193872807663489864747E-0015   0.139642749056244213134E+0008   0.376831701627176869351E+0002
    0.729166666666664742280E+0000   0.729234419771507502570E-0009   0.156300867473927197733E-0015   0.139642135364485345781E+0008   0.303676669633677320803E+0002
    0.729166666666664742280E+0000   0.729225756520430328484E-0009   0.131629845840886882840E-0015   0.139641653085540328175E+0008   0.255644355243163872160E+0002
    0.729166666666664742280E+0000   0.729218661312432591877E-0009   0.116603448612319299349E-0015   0.139641258237110357732E+0008   0.226381742460469617129E+0002
    0.729166666666664742280E+0000   0.729212523944915397842E-0009   0.109459299284239147511E-0015   0.139640916803331486881E+0008   0.212450297684128202036E+0002
    0.729166666666664742280E+0000   0.729166666666670817826E-0009  -0.164036226228640576071E-0040   0.139638367127771191299E+0008   0.000000000000000000000E+0000
    0.729166666666664742280E+0000   0.729166666666670817826E-0009  -0.164036226228640576071E-0040   0.139638367127771191299E+0008   0.000000000000000000000E+0000
    0.729166666666664742280E+0000   0.729166666666670817826E-0009  -0.164036226228641723097E-0040   0.139638367127771191299E+0008   0.000000000000000000000E+0000
    0.729166666666664742280E+0000   0.729166666666670817826E-0009  -0.164036226228640576071E-0040   0.139638367127771191299E+0008   0.000000000000000000000E+0000
    0.749999999999998001599E+0000   0.750000000000004337711E-0009  -0.168722975549458847657E-0040   0.139638367127771191299E+0008   0.000000000000000000000E+0000
    0.749999999999998001599E+0000   0.750000000000004337711E-0009  -0.168722975549458847657E-0040   0.139638367127771191299E+0008   0.000000000000000000000E+0000
    0.749999999999998001599E+0000   0.750000000000004337711E-0009  -0.168722975549458847657E-0040   0.139638367127771191299E+0008   0.000000000000000000000E+0000
    0.749999999999998001599E+0000   0.750000000000004337711E-0009  -0.168722975549458847657E-0040   0.139638367127771191299E+0008   0.000000000000000000000E+0000
    0.749999999999998001599E+0000   0.750114873230287725811E-0009  -0.284580423342866031305E-0015   0.139644405268283989280E+0008  -0.522398396283651464955E+0002
    0.749999999999998001599E+0000   0.750134950853998738394E-0009  -0.345326213494073824422E-0015   0.139645462099604196846E+0008  -0.634322151321719545081E+0002
    0.749999999999998001599E+0000   0.750160878997143093562E-0009  -0.448469580958045581289E-0015   0.139646827880948428065E+0008  -0.824353140283650560605E+0002
    0.749999999999998001599E+0000   0.750196320451136551244E-0009  -0.613166324519522111800E-0015   0.139648696183600425720E+0008  -0.112791051534610161866E+0003
    0.749999999999998001599E+0000   0.750246895558653685894E-0009  -0.875776536449764466045E-0015   0.139651364402381666005E+0008  -0.161225783617868756892E+0003
    0.749999999999998001599E+0000   0.750321956894970563012E-0009  -0.130548887073410335338E-0014   0.139655328111521024257E+0008  -0.240551228839491528788E+0003
    0.749999999999998001599E+0000   0.750438217551419217955E-0009  -0.203945640239881209057E-0014   0.139661473634240571409E+0008  -0.376175762507516537880E+0003
    0.749999999999998001599E+0000   0.750627969461385972449E-0009  -0.336829992726167993258E-0014   0.139671517671111710370E+0008  -0.622027045218340958854E+0003
    0.749999999999998001599E+0000   0.753874986928332315610E-0009  -0.529310973466309701838E-0014   0.160412293918109536171E+0008  -0.110017375926831846300E+0004
    0.749999999999998001599E+0000   0.868453184163197577590E-0009  -0.131463407077792244396E-0013   0.160705820114161465317E+0008  -0.210003759667918620835E+0004
    0.749999999999998001599E+0000   0.234094753668685220420E-0007  -0.207992134244924884890E-0011   0.165215349522532038391E+0008  -0.465766525224085853552E+0004
    0.749999999999998001599E+0000   0.167201386207977391527E-0005  -0.750292492607528919424E-0009   0.170123017683396749198E+0008  -0.172362888336235046154E+0005
    0.749999999999998001599E+0000   0.310725844231735955471E-0004  -0.315654589598245614194E-0007   0.173139999790703989565E+0008  -0.321042815806003636681E+0005
    0.749999999999998001599E+0000   0.115881479774197486301E-0003  -0.984795909644887700757E-0007   0.173919980623188056052E+0008  -0.254597970288178803457E+0005
    0.749999999999998001599E+0000   0.162677431075091517365E-0003   0.214678593683892280925E-0011   0.173960659316962249577E+0008   0.563743607331392726500E+0000
    0.749999999999998001599E+0000   0.115879112294483600527E-0003   0.984793125742056580122E-0007   0.173919956894459240139E+0008   0.254606155869920949044E+0005
    0.749999999999998001599E+0000   0.310709665164041545652E-0004   0.315633750785272399121E-0007   0.173139913420450948179E+0008   0.321042460515377606498E+0005
    0.749999999999998001599E+0000   0.167188896589882279343E-0005   0.750208223749388413533E-0009   0.170122855082876123488E+0008   0.172360502656436583493E+0005
    0.749999999999998001599E+0000   0.234079346461967030310E-0007   0.207978758581421458251E-0011   0.165215142766035646200E+0008   0.465788699397553500603E+0004
    0.749999999999998001599E+0000   0.868426914675345028048E-0009   0.131470047211600996213E-0013   0.160705562492026127875E+0008   0.210042571076019157772E+0004
    0.749999999999998001599E+0000   0.753850615925920114774E-0009   0.529452559082767254100E-0014   0.160411982288429997861E+0008   0.110064590552555614522E+0004
    0.749999999999998001599E+0000   0.752500750362417054837E-0009   0.297562154350423821520E-0014   0.160394416497868336737E+0008   0.622555686542637317871E+0003
    0.749999999999998001599E+0000   0.751728698852435635028E-0009   0.179517160032583352232E-0014   0.160384316723929718137E+0008   0.376714063782522543988E+0003
    0.749999999999998001599E+0000   0.751255700025114468252E-0009   0.114671930976087372834E-0014   0.160378116649805456400E+0008   0.241016785342894081623E+0003
    0.749999999999998001599E+0000   0.750949786438842057285E-0009   0.767667076033412166324E-0015   0.160374102277676872909E+0008   0.161475932189741598677E+0003
    0.749999999999998001599E+0000   0.750185458928625239744E-0009   0.611958196875088468373E-0015   0.139648125927572567016E+0008   0.112586781982991681161E+0003
    0.749999999999998001599E+0000   0.750149514971505644307E-0009   0.442645721787462556198E-0015   0.139646230955752320588E+0008   0.813851546325202264143E+0002
    0.749999999999998001599E+0000   0.750123606987795168026E-0009   0.331434736607632141245E-0015   0.139644865936433002353E+0008   0.609035705614594959911E+0002
    0.749999999999998001599E+0000   0.750104415580791472953E-0009   0.257092501280464374255E-0015   0.139643855341136232018E+0008   0.472185212601780150976E+0002
    0.749999999999998001599E+0000   0.750089801249892839374E-0009   0.207232975103222891917E-0015   0.139643086140447035432E+0008   0.380430962607813327736E+0002
    0.749999999999998001599E+0000   0.750078313981269379203E-0009   0.174495785224005702064E-0015   0.139642481799055002630E+0008   0.320191555856166303329E+0002
    0.749999999999998001599E+0000   0.750068907262081989298E-0009   0.154554959241537614272E-0015   0.139641987127134539187E+0008   0.283487837851218564822E+0002
    0.749999999999998001599E+0000   0.750060771498278871679E-0009   0.145069130923834037213E-0015   0.139641559461089000106E+0008   0.266001066952515117237E+0002
    0.749999999999998001599E+0000   0.750000000000004337711E-0009  -0.168722975549458847657E-0040   0.139638367127771191299E+0008   0.000000000000000000000E+0000
    0.749999999999998001599E+0000   0.750000000000004337711E-0009  -0.168722975549458847657E-0040   0.139638367127771191299E+0008   0.000000000000000000000E+0000
    0.749999999999998001599E+0000   0.750000000000004337711E-0009  -0.168722975549460122130E-0040   0.139638367127771191299E+0008   0.000000000000000000000E+0000
    0.749999999999998001599E+0000   0.750000000000004337711E-0009  -0.168722975549458847657E-0040   0.139638367127771191299E+0008   0.000000000000000000000E+0000
    0.770833333333331260917E+0000   0.770833333333337857595E-0009  -0.173409724870277093753E-0040   0.139638367127771191299E+0008   0.000000000000000000000E+0000
    0.770833333333331260917E+0000   0.770833333333337857595E-0009  -0.173409724870277093753E-0040   0.139638367127771191299E+0008   0.000000000000000000000E+0000
    0.770833333333331260917E+0000   0.770833333333337857595E-0009  -0.173409724870277093753E-0040   0.139638367127771191299E+0008   0.000000000000000000000E+0000
    0.770833333333331260917E+0000   0.770833333333337857595E-0009  -0.173409724870277093753E-0040   0.139638367127771191299E+0008   0.000000000000000000000E+0000
    0.770833333333331260917E+0000   0.770983279406132183257E-0009  -0.371580977773794970266E-0015   0.139645820203089732677E+0008  -0.644971023989208589455E+0002
    0.770833333333331260917E+0000   0.771009504563897741123E-0009  -0.451015202026910112594E-0015   0.139647125859768204391E+0008  -0.783420049188099909543E+0002
    0.770833333333331260917E+0000   0.771043381846742155279E-0009  -0.585898230539059854116E-0015   0.139648813940935581923E+0008  -0.101849783874974306741E+0003
    0.770833333333331260917E+0000   0.771089704810254694468E-0009  -0.801337410182117211539E-0015   0.139651124237149171531E+0008  -0.139413433458932360054E+0003
    0.770833333333331260917E+0000   0.771155834688112075763E-0009  -0.114501654418504007289E-0014   0.139654425541247818619E+0008  -0.199380695773128081782E+0003
    0.770833333333331260917E+0000   0.771254032967524056353E-0009  -0.170776307755091328392E-0014   0.139659333203519005328E+0008  -0.297668354345198281408E+0003
    0.770833333333331260917E+0000   0.771406233913698966244E-0009  -0.266985834994388700381E-0014   0.139666949273211061954E+0008  -0.465886546003894579826E+0003
    0.770833333333331260917E+0000   0.771654899909790296828E-0009  -0.441417171062549115062E-0014   0.139679413652090281248E+0008  -0.771252019231290660173E+0003
    0.770833333333331260917E+0000   0.775921184551794408075E-0009  -0.698354302027246163585E-0014   0.160424444226331207901E+0008  -0.136636354863493556877E+0004
    0.770833333333331260917E+0000   0.898184325412690569178E-0009  -0.174904496049412457618E-0013   0.160729167217748183757E+0008  -0.260758835195403662510E+0004
    0.770833333333331260917E+0000   0.262101284702682773701E-0007  -0.296927038866732890302E-0011   0.165309403539955820888E+0008  -0.585892205796427151654E+0004
    0.770833333333331260917E+0000   0.208140614849567643217E-0005  -0.122141774567310611720E-0008   0.170350689746359884739E+0008  -0.218955557326363377797E+0005
    0.770833333333331260917E+0000   0.409072226225041645636E-0004  -0.517708513677573961633E-0007   0.173350555723253563046E+0008  -0.389054035988184623420E+0005
    0.770833333333331260917E+0000   0.147250165836950672746E-0003  -0.148093056982160635455E-0006   0.173946748752799928188E+0008  -0.294596241317708991119E+0005
    0.770833333333331260917E+0000   0.203350355140480374295E-0003   0.370868626900559768795E-0011   0.173917092177147679031E+0008   0.775233199556218832704E+0000
    0.770833333333331260917E+0000   0.147246602130600011578E-0003   0.148092667187044076347E-0006   0.173946725394797660410E+0008   0.294607815739460966142E+0005
    0.770833333333331260917E+0000   0.409045831163907310391E-0004   0.517666460863312879900E-0007   0.173350455750869922340E+0008   0.389053453761131386273E+0005
    0.770833333333331260917E+0000   0.208120587156596061811E-0005   0.122123887166306269466E-0008   0.170350486086949631572E+0008   0.218951273098821147869E+0005
    0.770833333333331260917E+0000   0.262079398451369922824E-0007   0.296896878764981554265E-0011   0.165309147040542438626E+0008   0.585913767616138920857E+0004
    0.770833333333331260917E+0000   0.898149515519904476052E-0009   0.174906601764784500525E-0013   0.160728848981083128601E+0008   0.260805710331532736745E+0004
    0.770833333333331260917E+0000   0.775889157471242462132E-0009   0.698509323242577753851E-0014   0.160424059539499450475E+0008   0.136694156581555239427E+0004
    0.770833333333331260917E+0000   0.774110536364498560604E-0009   0.391250879716324550225E-0014   0.160402226546441614628E+0008   0.771903207214847725481E+0003
    0.770833333333331260917E+0000   0.773095963956913009486E-0009   0.235541519707895061880E-0014   0.160389693418332263827E+0008   0.466551456633900954785E+0003
    0.770833333333331260917E+0000   0.772475543874381835820E-0009   0.150253745989026079016E-0014   0.160382010028520412743E+0008   0.298244752790369773265E+0003
    0.770833333333331260917E+0000   0.772074768659949781523E-0009   0.100491839006630066462E-0014   0.160377039818470478058E+0008   0.199692382707461007385E+0003
    0.770833333333331260917E+0000   0.771075524629895104971E-0009   0.799762562501062334543E-0015   0.139650420431910101324E+0008   0.139165496504171301240E+0003
    0.770833333333331260917E+0000   0.771028545605638902596E-0009   0.578306448936624346865E-0015   0.139648077145301122218E+0008   0.100559236858620380417E+0003
    0.770833333333331260917E+0000   0.770994693982304978412E-0009   0.432900547676376966253E-0015   0.139646389898255448788E+0008   0.752282687484657515142E+0002
    0.770833333333331260917E+0000   0.770969624469292665499E-0009   0.335726296569058797248E-0015   0.139645141170112751424E+0008   0.583084934646682100379E+0002
    0.770833333333331260917E+0000   0.770950537881322482668E-0009   0.270565671086805551011E-0015   0.139644190995924528688E+0008   0.469666850377352176338E+0002
    0.770833333333331260917E+0000   0.770935538016456265723E-0009   0.227785334483229597683E-0015   0.139643444662561323494E+0008   0.395210949021563067163E+0002
    0.770833333333331260917E+0000   0.770923256923847760782E-0009   0.201724872276269445329E-0015   0.139642833912303168327E+0008   0.349839838103665314861E+0002
    0.770833333333331260917E+0000   0.770912636732988289594E-0009   0.189320602254367526238E-0015   0.139642306006529126316E+0008   0.328207288481607193376E+0002
    0.770833333333331260917E+0000   0.770833333333337857595E-0009  -0.173409724870277093753E-0040   0.139638367127771191299E+0008   0.000000000000000000000E+0000
    0.770833333333331260917E+0000   0.770833333333337857595E-0009  -0.173409724870277093753E-0040   0.139638367127771191299E+0008   0.000000000000000000000E+0000
    0.770833333333331260917E+0000   0.770833333333337857595E-0009  -0.173409724870278495674E-0040   0.139638367127771191299E+0008   0.000000000000000000000E+0000
    0.770833333333331260917E+0000   0.770833333333337857595E-0009  -0.173409724870277093753E-0040   0.139638367127771191299E+0008   0.000000000000000000000E+0000
    0.791666666666664520235E+0000   0.791666666666671377480E-0009  -0.178096474191095339850E-0040   0.139638367127771191299E+0008   0.000000000000000000000E+0000
    0.791666666666664520235E+0000   0.791666666666671377480E-0009  -0.178096474191095339850E-0040   0.139638367127771191299E+0008   0.000000000000000000000E+0000
    0.791666666666664520235E+0000   0.791666666666671377480E-0009  -0.178096474191095339850E-0040   0.139638367127771191299E+0008   0.000000000000000000000E+0000
    0.791666666666664520235E+0000   0.791666666666671377480E-0009  -0.178096474191095339850E-0040   0.139638367127771191299E+0008   0.000000000000000000000E+0000
    0.791666666666664520235E+0000   0.791859612604055675166E-0009  -0.478290947025237627323E-0015   0.139647445804417654872E+0008  -0.785850210898484249356E+0002
    0.791666666666664520235E+0000   0.791893383494981401541E-0009  -0.580701052636075900022E-0015   0.139649037792244274169E+0008  -0.954887114292922518644E+0002
    0.791666666666664520235E+0000   0.791937023045963894751E-0009  -0.754609753847032547861E-0015   0.139651097043060641736E+0008  -0.124191688935025595697E+0003
    0.791666666666664520235E+0000   0.791996717561880102517E-0009  -0.103246986406113622386E-0014   0.139653916793364267796E+0008  -0.170073160662799551801E+0003
    0.791666666666664520235E+0000   0.792081975673296199154E-0009  -0.147595520547110231070E-0014   0.139657948559354115278E+0008  -0.243362053295983884027E+0003
    0.791666666666664520235E+0000   0.792208653447574519158E-0009  -0.220267322402919874640E-0014   0.139663946801720354706E+0008  -0.363584583046773786918E+0003
    0.791666666666664520235E+0000   0.792405151017932454296E-0009  -0.344641374714439771746E-0014   0.139673264813222885132E+0008  -0.569583771260267894831E+0003
    0.791666666666664520235E+0000   0.792726571020939227608E-0009  -0.570488369990181979763E-0014   0.139688537427626866847E+0008  -0.944102283300076919659E+0003
    0.791666666666664520235E+0000   0.798258136992561211945E-0009  -0.909651191305556951606E-0014   0.160438521269165035337E+0008  -0.167584059504159040443E+0004
    0.791666666666664520235E+0000   0.928663291009554551392E-0009  -0.229807338752994183584E-0013   0.160755539999679289758E+0008  -0.319492044030225042661E+0004
    0.791666666666664520235E+0000   0.292910671860872445716E-0007  -0.419480742965059206925E-0011   0.165406270052491426468E+0008  -0.732215162139247422601E+0004
    0.791666666666664520235E+0000   0.259970151185516694576E-0005  -0.197106779366946726504E-0008   0.170589829792996160686E+0008  -0.273288125381536010536E+0005
    0.791666666666664520235E+0000   0.536052458870624599875E-0004  -0.830623556622862174889E-0007   0.173539392486611716449E+0008  -0.463699630791874951683E+0005
    0.791666666666664520235E+0000   0.184565053058129618707E-0003  -0.215813066944773167073E-0006   0.173927114861498698592E+0008  -0.335766767153531254735E+0005
    0.791666666666664520235E+0000   0.250618154872285438424E-0003   0.617401910733912592185E-0011   0.173825357800778821111E+0008   0.104216995340846341200E+0001
    0.791666666666664520235E+0000   0.184559859628064741426E-0003   0.215812670368499905882E-0006   0.173927093929085060954E+0008   0.335782723034101509256E+0005
    0.791666666666664520235E+0000   0.536010459371294908644E-0004   0.830542699751576854935E-0007   0.173539280856320150197E+0008   0.463699031642243789975E+0005
    0.791666666666664520235E+0000   0.259938237710509896787E-0005   0.197070039301304767969E-0008   0.170589578014573976398E+0008   0.273281239353117052815E+0005
    0.791666666666664520235E+0000   0.292879997858771621312E-0007   0.419419332569639502203E-0011   0.165405955486685447395E+0008   0.732231629072966825333E+0004
    0.791666666666664520235E+0000   0.928617739769080442634E-0009   0.229799856338347204130E-0013   0.160755151968911383301E+0008   0.319547634981072269511E+0004
    0.791666666666664520235E+0000   0.798216600492050364260E-0009   0.909805084519677685698E-0014   0.160438052603093795478E+0008   0.167653725223388005361E+0004
    0.791666666666664520235E+0000   0.795902837048973553371E-0009   0.507602598874262641978E-0014   0.160411251606202479452E+0008   0.944893215803469843195E+0003
    0.791666666666664520235E+0000   0.794587187902949016649E-0009   0.304853439721344771113E-0014   0.160395895319346133620E+0008   0.570394012174195154330E+0003
    0.791666666666664520235E+0000   0.793784400720458162281E-0009   0.194166125160611434621E-0014   0.160386495327602978796E+0008   0.364288789889982353998E+0003
    0.791666666666664520235E+0000   0.793266544960044494797E-0009   0.129722494581502259141E-0014   0.160380420880792774260E+0008   0.243745399962536566818E+0003
    0.791666666666664520235E+0000   0.791978467322936961151E-0009   0.103044422859062767803E-0014   0.139653059585908763111E+0008   0.169776525351181703627E+0003
    0.791666666666664520235E+0000   0.791917928480820324992E-0009   0.744853336423761952880E-0015   0.139650199556617308408E+0008   0.122627020314521132605E+0003
    0.791666666666664520235E+0000   0.791874321067360866392E-0009   0.557415590117922378203E-0015   0.139648141182930152863E+0008   0.917055111425414821724E+0002
    0.791666666666664520235E+0000   0.791842035630236141183E-0009   0.432189383449203087335E-0015   0.139646618354346435517E+0008   0.710588222284612811563E+0002
    0.791666666666664520235E+0000   0.791817460910547616059E-0009   0.348235143504610419952E-0015   0.139645459981304015964E+0008   0.572219669927032938972E+0002
    0.791666666666664520235E+0000   0.791798151915806469639E-0009   0.293120984302162291949E-0015   0.139644550370407961309E+0008   0.481393221008894798274E+0002
    0.791666666666664520235E+0000   0.791782345643097081005E-0009   0.259544207179650493546E-0015   0.139643806197403129190E+0008   0.426039632467871385302E+0002
    0.791666666666664520235E+0000   0.791768679287699843634E-0009   0.243552167212823606240E-0015   0.139643163118384238333E+0008   0.399626276527024160146E+0002
    0.791666666666664520235E+0000   0.791666666666671377480E-0009  -0.178096474191095339850E-0040   0.139638367127771191299E+0008   0.000000000000000000000E+0000
    0.791666666666664520235E+0000   0.791666666666671377480E-0009  -0.178096474191095339850E-0040   0.139638367127771191299E+0008   0.000000000000000000000E+0000
    0.791666666666664520235E+0000   0.791666666666671377480E-0009  -0.178096474191096894708E-0040   0.139638367127771191299E+0008   0.000000000000000000000E+0000
    0.791666666666664520235E+0000   0.791666666666671377480E-0009  -0.178096474191095339850E-0040   0.139638367127771191299E+0008   0.000000000000000000000E+0000
    0.812499999999997779554E+0000   0.812500000000004897365E-0009  -0.182783223511913611436E-0040   0.139638367127771191299E+0008   0.000000000000000000000E+0000
    0.812499999999997779554E+0000   0.812500000000004897365E-0009  -0.182783223511913611436E-0040   0.139638367127771191299E+0008   0.000000000000000000000E+0000
    0.812499999999997779554E+0000   0.812500000000004897365E-0009  -0.182783223511913611436E-0040   0.139638367127771191299E+0008   0.000000000000000000000E+0000
    0.812499999999997779554E+0000   0.812500000000004897365E-0009  -0.182783223511913611436E-0040   0.139638367127771191299E+0008   0.000000000000000000000E+0000
    0.812499999999997779554E+0000   0.812745011850294992434E-0009  -0.607561879959827468046E-0015   0.139649296182535868138E+0008  -0.946300558782982221828E+0002
    0.812499999999997779554E+0000   0.812787931113344907963E-0009  -0.737877345317440148808E-0015   0.139651214703534189612E+0008  -0.115031542725630146151E+0003
    0.812499999999997779554E+0000   0.812843413258226536184E-0009  -0.959191005361815322712E-0015   0.139653697621946651489E+0008  -0.149676213372640319221E+0003
    0.812499999999997779554E+0000   0.812919339626135433032E-0009  -0.131291613934897986504E-0014   0.139657099470484033227E+0008  -0.205077753227919458823E+0003
    0.812499999999997779554E+0000   0.813027836579469436238E-0009  -0.187781241239315628218E-0014   0.139661966855086497962E+0008  -0.293632471072720932170E+0003
    0.812499999999997779554E+0000   0.813189151015445781650E-0009  -0.280425657480963421647E-0014   0.139669214582580421120E+0008  -0.439034478393680956287E+0003
    0.812499999999997779554E+0000   0.813439600509054095788E-0009  -0.439170847087641263621E-0014   0.139680486497839689255E+0008  -0.688514302787208066547E+0003
    0.812499999999997779554E+0000   0.813849826362854694634E-0009  -0.727930427506913083305E-0014   0.139698992256764918566E+0008  -0.114284440073749010480E+0004
    0.812499999999997779554E+0000   0.820935296569539529524E-0009  -0.117123504384269871125E-0013   0.160454702846929803491E+0008  -0.203335052695959006996E+0004
    0.812499999999997779554E+0000   0.960008597787863489936E-0009  -0.298552440884296378751E-0013   0.160785264308070167899E+0008  -0.386899893436350566844E+0004
    0.812499999999997779554E+0000   0.326925826867980432174E-0007  -0.588121607137169180842E-0011   0.165507565504816398025E+0008  -0.911682958117900125217E+0004
    0.812499999999997779554E+0000   0.326432817964675800921E-0005  -0.315857043443594446106E-0008   0.170841667344213090837E+0008  -0.335417851625760958996E+0005
    0.812499999999997779554E+0000   0.698543205900436332215E-0004  -0.130334879012402726157E-0006   0.173700279983473122120E+0008  -0.544156641219578887103E+0005
    0.812499999999997779554E+0000   0.228227529827993336382E-0003  -0.305519820374608084160E-0006   0.173859687756016217172E+0008  -0.377857168648411752656E+0005
    0.812499999999997779554E+0000   0.304747019903359194805E-0003   0.993002848310579099198E-0011   0.173685178725750558078E+0008   0.137389583664579095768E+0001
    0.812499999999997779554E+0000   0.228220182534285382595E-0003   0.305519697558900884416E-0006   0.173859671681230030954E+0008   0.377878687994994106703E+0005
    0.812499999999997779554E+0000   0.698478095950927856637E-0004   0.130320051496121905807E-0006   0.173700160401662997901E+0008   0.544156530384201541892E+0005
    0.812499999999997779554E+0000   0.326382152581815085645E-0005   0.315783531319194928005E-0008   0.170841359885614775121E+0008   0.335407527087442213087E+0005
    0.812499999999997779554E+0000   0.326883315065958648233E-0007   0.588003857340068954301E-0011   0.165507183384184073657E+0008   0.911686471891019391478E+0004
    0.812499999999997779554E+0000   0.959949658848299387196E-0009   0.298527415694563333608E-0013   0.160784796602507848293E+0008   0.386964623457896823311E+0004
    0.812499999999997779554E+0000   0.820882070736314388643E-0009   0.117136206049634492186E-0013   0.160454138515229560435E+0008   0.203417784198440745058E+0004
    0.812499999999997779554E+0000   0.817907012931495664959E-0009   0.650560981873365860017E-0014   0.160421594076476953924E+0008   0.114379288952336901275E+0004
    0.812499999999997779554E+0000   0.816221624919349064129E-0009   0.389645741106290318256E-0014   0.160402987696075513959E+0008   0.689489785792081079308E+0003
    0.812499999999997779554E+0000   0.815195780519360191773E-0009   0.247734599006046840303E-0014   0.160391617127691265196E+0008   0.439884828343916012727E+0003
    0.812499999999997779554E+0000   0.814535092241194385879E-0009   0.165312891504696355378E-0014   0.160384277648395150900E+0008   0.294098740324562015758E+0003
    0.812499999999997779554E+0000   0.812896159315590255814E-0009   0.131034240400848178305E-0014   0.139656067688071802258E+0008   0.204727740926633913432E+0003
    0.812499999999997779554E+0000   0.812819160702342796165E-0009   0.946816769708272196868E-0015   0.139652617229781486094E+0008   0.147802364372348137067E+0003
    0.812499999999997779554E+0000   0.812763718220956621523E-0009   0.708339451413066314131E-0015   0.139650135185002628714E+0008   0.110490060415542714622E+0003
    0.812499999999997779554E+0000   0.812722683106808394682E-0009   0.549066949472205731406E-0015   0.139648299674167577177E+0008   0.855860446539465868909E+0002
    0.812499999999997779554E+0000   0.812691456394350111788E-0009   0.442310865665049654340E-0015   0.139646903941314779222E+0008   0.689004054567837442846E+0002
    0.812499999999997779554E+0000   0.812666926241534715550E-0009   0.372234712846472319952E-0015   0.139645808283977042884E+0008   0.579489986169472715005E+0002
    0.812499999999997779554E+0000   0.812646850013042683845E-0009   0.329538851852795573222E-0015   0.139644912157557923347E+0008   0.512738526483321805927E+0002
    0.812499999999997779554E+0000   0.812629494953747306124E-0009   0.309189687068493142173E-0015   0.139644137967998664826E+0008   0.480858214419586147415E+0002
    0.812499999999997779554E+0000   0.812500000000004897365E-0009  -0.182783223511913611436E-0040   0.139638367127771191299E+0008   0.000000000000000000000E+0000
    0.812499999999997779554E+0000   0.812500000000004897365E-0009  -0.182783223511913611436E-0040   0.139638367127771191299E+0008   0.000000000000000000000E+0000
    0.812499999999997779554E+0000   0.812500000000004897365E-0009  -0.182783223511915293741E-0040   0.139638367127771191299E+0008   0.000000000000000000000E+0000
    0.812499999999997779554E+0000   0.812500000000004897365E-0009  -0.182783223511913611436E-0040   0.139638367127771191299E+0008   0.000000000000000000000E+0000
    0.833333333333331038872E+0000   0.833333333333338417250E-0009  -0.187469972832731883022E-0040   0.139638367127771191299E+0008   0.000000000000000000000E+0000
    0.833333333333331038872E+0000   0.833333333333338417250E-0009  -0.187469972832731883022E-0040   0.139638367127771191299E+0008   0.000000000000000000000E+0000
    0.833333333333331038872E+0000   0.833333333333338417250E-0009  -0.187469972832731883022E-0040   0.139638367127771191299E+0008   0.000000000000000000000E+0000
    0.833333333333331038872E+0000   0.833333333333338417250E-0009  -0.187469972832731883022E-0040   0.139638367127771191299E+0008   0.000000000000000000000E+0000
    0.833333333333331038872E+0000   0.833640696682693217917E-0009  -0.762456881181830523601E-0015   0.139651387616677694023E+0008  -0.112779245041505973290E+0003
    0.833333333333331038872E+0000   0.833694587199910203020E-0009  -0.926306245908479181798E-0015   0.139653676009442117065E+0008  -0.137156459256145780046E+0003
    0.833333333333331038872E+0000   0.833764280908531202547E-0009  -0.120459548011586504556E-0014   0.139656639328498989344E+0008  -0.178555865519734254576E+0003
    0.833333333333331038872E+0000   0.833859700680086559017E-0009  -0.164955918522973372507E-0014   0.139660701990868430585E+0008  -0.244789772142211489836E+0003
    0.833333333333331038872E+0000   0.833996131319229766652E-0009  -0.236061909768943494065E-0014   0.139666519296658895910E+0008  -0.350740095272884047972E+0003
    0.833333333333331038872E+0000   0.834199129907324778746E-0009  -0.352786649457530737680E-0014   0.139675189902295805514E+0008  -0.524892964360707537708E+0003
    0.833333333333331038872E+0000   0.834514615726499113223E-0009  -0.553063103310599654938E-0014   0.139688692082239314914E+0008  -0.824172556438571973558E+0003
    0.833333333333331038872E+0000   0.835032153943820478011E-0009  -0.918067568167940431207E-0014   0.139710899924165531993E+0008  -0.137020706350574778298E+0004
    0.833333333333331038872E+0000   0.844008744104556676828E-0009  -0.149258314689512444652E-0013   0.160473201039200108498E+0008  -0.244467240114783089666E+0004
    0.833333333333331038872E+0000   0.992359225048786528147E-0009  -0.384001721346553819296E-0013   0.160818724409533701837E+0008  -0.463831892353945841023E+0004
    0.833333333333331038872E+0000   0.364685266845455929014E-0007  -0.820893166422784458063E-0011   0.165615344393027499318E+0008  -0.113368870617568172747E+0005
    0.833333333333331038872E+0000   0.412868106785779195492E-0005  -0.503570561515091474252E-0008   0.171107046643938049674E+0008  -0.405366663257468389929E+0005
    0.833333333333331038872E+0000   0.904023996638520004271E-0004  -0.199870483933641305920E-0006   0.173826534455666057765E+0008  -0.629335561372863012366E+0005
    0.833333333333331038872E+0000   0.278532861675414244139E-0003  -0.421201481229882212654E-0006   0.173744324447029046714E+0008  -0.420607831038614240242E+0005
    0.833333333333331038872E+0000   0.365901795079644014640E-0003   0.154788051506023405476E-0010   0.173497101990781463683E+0008   0.178237530785777353870E+0001
    0.833333333333331038872E+0000   0.278522736324717521458E-0003   0.421202196930109897269E-0006   0.173744315993489213288E+0008   0.420636348870486981468E+0005
    0.833333333333331038872E+0000   0.903925766204068700631E-0004   0.199844543529489014198E-0006   0.173826412543183341622E+0008   0.629336877945590167656E+0005
    0.833333333333331038872E+0000   0.412787778488366012455E-0005   0.503426463432480060429E-0008   0.171106675582575276494E+0008   0.405351880037397204433E+0005
    0.833333333333331038872E+0000   0.364626856392040392166E-0007   0.820675786735614678974E-0011   0.165614883698147665709E+0008   0.113366651503207831411E+0005
    0.833333333333331038872E+0000   0.992283720318300792206E-0009   0.383947047547450058503E-0013   0.160818166325186844915E+0008   0.463905887165658259619E+0004
    0.833333333333331038872E+0000   0.843941274591042914849E-0009   0.149264145440692643084E-0013   0.160472528467122856528E+0008   0.244564134629134832721E+0004
    0.833333333333331038872E+0000   0.840155727683121621269E-0009   0.824640784211084290395E-0014   0.160433374748670812696E+0008   0.137133160016134092984E+0004
    0.833333333333331038872E+0000   0.838020446876923355170E-0009   0.492385297140115737198E-0014   0.160411047179972641170E+0008   0.825334604017956849020E+0003
    0.833333333333331038872E+0000   0.836724421980220780661E-0009   0.312431682383542045514E-0014   0.160397427521991338581E+0008   0.525909454053389367800E+0003
    0.833333333333331038872E+0000   0.835891235453364992455E-0009   0.208203663545064706694E-0014   0.160388647589338067919E+0008   0.351301988796753107636E+0003
    0.833333333333331038872E+0000   0.833830613749107858227E-0009   0.164632569669701794925E-0014   0.139659472938563358039E+0008   0.244382269941000174640E+0003
    0.833333333333331038872E+0000   0.833733848883053015957E-0009   0.118909029030126608603E-0014   0.139655352205704227090E+0008   0.176336446149484061152E+0003
    0.833333333333331038872E+0000   0.833664203456903469978E-0009   0.889291963518709277943E-0015   0.139652389687940664589E+0008   0.131762982239456903244E+0003
    0.833333333333331038872E+0000   0.833612673707423176752E-0009   0.689138618366345036702E-0015   0.139650199868100937456E+0008   0.102026012446797409439E+0003
    0.833333333333331038872E+0000   0.833573471922465968026E-0009   0.555013930389991337396E-0015   0.139648535365413390100E+0008   0.821082563215208836027E+0002
    0.833333333333331038872E+0000   0.833542684527472936473E-0009   0.466982412546380985009E-0015   0.139647229173099063337E+0008   0.690371545901214176411E+0002
    0.833333333333331038872E+0000   0.833517492783441066790E-0009   0.413341559340412928687E-0015   0.139646161190444901586E+0008   0.610688358094158871836E+0002
    0.833333333333331038872E+0000   0.833495719935839143109E-0009   0.387757085189951539108E-0015   0.139645238794438764453E+0008   0.572594091577622847922E+0002
    0.833333333333331038872E+0000   0.833333333333338417250E-0009  -0.187469972832731883022E-0040   0.139638367127771191299E+0008   0.000000000000000000000E+0000
    0.833333333333331038872E+0000   0.833333333333338417250E-0009  -0.187469972832731883022E-0040   0.139638367127771191299E+0008   0.000000000000000000000E+0000
    0.833333333333331038872E+0000   0.833333333333338417250E-0009  -0.187469972832733692775E-0040   0.139638367127771191299E+0008   0.000000000000000000000E+0000
    0.833333333333331038872E+0000   0.833333333333338417250E-0009  -0.187469972832731883022E-0040   0.139638367127771191299E+0008   0.000000000000000000000E+0000
    0.854166666666664298191E+0000   0.854166666666671937135E-0009  -0.192156722153550103629E-0040   0.139638367127771191299E+0008   0.000000000000000000000E+0000
    0.854166666666664298191E+0000   0.854166666666671937135E-0009  -0.192156722153550103629E-0040   0.139638367127771191299E+0008   0.000000000000000000000E+0000
    0.854166666666664298191E+0000   0.854166666666671937135E-0009  -0.192156722153550103629E-0040   0.139638367127771191299E+0008   0.000000000000000000000E+0000
    0.854166666666664298191E+0000   0.854166666666671937135E-0009  -0.192156722153550103629E-0040   0.139638367127771191299E+0008   0.000000000000000000000E+0000
    0.854166666666664298191E+0000   0.854547980045280805834E-0009  -0.946285683892634362119E-0015   0.139653738838122468442E+0008  -0.133201728360294140430E+0003
    0.854166666666664298191E+0000   0.854614903351975227573E-0009  -0.115006368975719070571E-0014   0.139656444041367452592E+0008  -0.162077173583223896003E+0003
    0.854166666666664298191E+0000   0.854701491276372126019E-0009  -0.149620591436989799843E-0014   0.139659949349667243659E+0008  -0.211120512389453296009E+0003
    0.854166666666664298191E+0000   0.854820103365812679650E-0009  -0.204990440588881947780E-0014   0.139664758493998833001E+0008  -0.289624824591706271804E+0003
    0.854166666666664298191E+0000   0.854989802009791531807E-0009  -0.293536017447914236320E-0014   0.139671650483453702182E+0008  -0.415312099866598316567E+0003
    0.854166666666664298191E+0000   0.855242511432332765014E-0009  -0.439040851538085628028E-0014   0.139681933901906516403E+0008  -0.622158315230929588324E+0003
    0.854166666666664298191E+0000   0.855635700503961472222E-0009  -0.689079591837494004398E-0014   0.139697970551639869809E+0008  -0.978258044962250210119E+0003
    0.854166666666664298191E+0000   0.856281799301416317406E-0009  -0.114574348286604388515E-0013   0.139724399461006987840E+0008  -0.162927233714318026614E+0004
    0.854166666666664298191E+0000   0.867542692134980534410E-0009  -0.188499118107385015312E-0013   0.160494259118820745498E+0008  -0.291632509460368373766E+0004
    0.854166666666664298191E+0000   0.102587967577166405239E-0008  -0.489643230674726788688E-0013   0.160856355921343751252E+0008  -0.551257012605413183337E+0004
    0.854166666666664298191E+0000   0.406926640447228081590E-0007  -0.114455494236895765830E-0010   0.165732107940791975707E+0008  -0.141007915060049072054E+0005
    0.854166666666664298191E+0000   0.526978479297858036880E-0005  -0.800414573397012088572E-0008   0.171386337223166450858E+0008  -0.483225098566418528208E+0005
    0.854166666666664298191E+0000   0.116008739544908877936E-0003  -0.299277359587862113042E-0006   0.173911761429419033229E+0008  -0.717947667372246942250E+0005
    0.854166666666664298191E+0000   0.335696621345906603441E-0003  -0.566885034987169308519E-0006   0.173581853240431472659E+0008  -0.463706699020062224008E+0005
    0.854166666666664298191E+0000   0.434175044858436812514E-0003   0.234664635020288686170E-0010   0.173262390345139056444E+0008   0.228259120731963394135E+0001
    0.854166666666664298191E+0000   0.335682978515230718685E-0003   0.566887584192134270214E-0006   0.173581855570507049561E+0008   0.463743974094934746972E+0005
    0.854166666666664298191E+0000   0.115994328351135981897E-0003   0.299234050682833427338E-0006   0.173911644666269309819E+0008   0.717951900394438998774E+0005
    0.854166666666664298191E+0000   0.526851032139006640012E-0005   0.800136521994295292517E-0008   0.171385894568224139512E+0008   0.483204588019881630316E+0005
    0.854166666666664298191E+0000   0.406846852890530361463E-0007   0.114416323059383071034E-0010   0.165731555754061006010E+0008   0.141001221053833651240E+0005
    0.854166666666664298191E+0000   0.102578378374836215618E-0008   0.489540916704676485439E-0013   0.160855695806709881872E+0008   0.551340077269428456930E+0004
    0.854166666666664298191E+0000   0.867457990209940363913E-0009   0.188491624469984228588E-0013   0.160493464708346892148E+0008   0.291744560257592729613E+0004
    0.854166666666664298191E+0000   0.862685611607731846702E-0009   0.103505764259388116388E-0013   0.160446731510400976986E+0008   0.163059226613029136388E+0004
    0.854166666666664298191E+0000   0.860007105523791793126E-0009   0.615871024164633002781E-0014   0.160420161462122239172E+0008   0.979629630960375948234E+0003
    0.854166666666664298191E+0000   0.858386514374560111112E-0009   0.389906272880369736504E-0014   0.160403986197014991194E+0008   0.623362864560581556361E+0003
    0.854166666666664298191E+0000   0.857346796014801340204E-0009   0.259438465779140966943E-0014   0.160393573690671306103E+0008   0.415983975329800671261E+0003
    0.854166666666664298191E+0000   0.854784007551083298426E-0009   0.204588386528238944540E-0014   0.139663307724317349494E+0008   0.289156361753714008955E+0003
    0.854166666666664298191E+0000   0.854663726870956371643E-0009   0.147699266005793323427E-0014   0.139658429818197153509E+0008   0.208517581515685890281E+0003
    0.854166666666664298191E+0000   0.854577196974535310757E-0009   0.110419711171089119830E-0014   0.139654925144980754703E+0008   0.155732323965489683815E+0003
    0.854166666666664298191E+0000   0.854513198633862482631E-0009   0.855410864503188982327E-0015   0.139652335895646568388E+0008   0.120534942884557025877E+0003
    0.854166666666664298191E+0000   0.854464526405657854777E-0009   0.688742038146472353540E-0015   0.139650368630541004241E+0008   0.969677801037600630707E+0002
    0.854166666666664298191E+0000   0.854426311674756208684E-0009   0.579364087559878452349E-0015   0.139648825438736043870E+0008   0.815039801044271712271E+0002
    0.854166666666664298191E+0000   0.854395050155460262736E-0009   0.512709185462539077771E-0015   0.139647564119306132197E+0008   0.720755021035788701056E+0002
    0.854166666666664298191E+0000   0.854368037225227363917E-0009   0.480892019602787670500E-0015   0.139646475087967868894E+0008   0.675629997995425810586E+0002
    0.854166666666664298191E+0000   0.854166666666671937135E-0009  -0.192156722153550103629E-0040   0.139638367127771191299E+0008   0.000000000000000000000E+0000
    0.854166666666664298191E+0000   0.854166666666671937135E-0009  -0.192156722153550103629E-0040   0.139638367127771191299E+0008   0.000000000000000000000E+0000
    0.854166666666664298191E+0000   0.854166666666671937135E-0009  -0.192156722153552091808E-0040   0.139638367127771191299E+0008   0.000000000000000000000E+0000
    0.854166666666664298191E+0000   0.854166666666671937135E-0009  -0.192156722153550103629E-0040   0.139638367127771191299E+0008   0.000000000000000000000E+0000
    0.874999999999997557509E+0000   0.875000000000005457020E-0009  -0.196843471474368375215E-0040   0.139638367127771191299E+0008   0.000000000000000000000E+0000
    0.874999999999997557509E+0000   0.875000000000005457020E-0009  -0.196843471474368375215E-0040   0.139638367127771191299E+0008   0.000000000000000000000E+0000
    0.874999999999997557509E+0000   0.875000000000005457020E-0009  -0.196843471474368375215E-0040   0.139638367127771191299E+0008   0.000000000000000000000E+0000
    0.874999999999997557509E+0000   0.875000000000005457020E-0009  -0.196843471474368375215E-0040   0.139638367127771191299E+0008   0.000000000000000000000E+0000
    0.874999999999997557509E+0000   0.875468280035335673942E-0009  -0.116263509424834610442E-0014   0.139656370295174010098E+0008  -0.156080747297678414043E+0003
    0.874999999999997557509E+0000   0.875550556956303068058E-0009  -0.141357722942550858648E-0014   0.139659543135198969394E+0008  -0.190023936351181930604E+0003
    0.874999999999997557509E+0000   0.875657063421797199439E-0009  -0.183988484537288128363E-0014   0.139663657240215670317E+0008  -0.247680602056133324140E+0003
    0.874999999999997557509E+0000   0.875803044545819252228E-0009  -0.252215120453422097548E-0014   0.139669305971701536328E+0008  -0.340025112399636725513E+0003
    0.874999999999997557509E+0000   0.876012046481889174408E-0009  -0.361408144025045888507E-0014   0.139677408540115691721E+0008  -0.488010730173067599935E+0003
    0.874999999999997557509E+0000   0.876323571609789331835E-0009  -0.541050946901745059884E-0014   0.139689512208874765784E+0008  -0.731874639827321516350E+0003
    0.874999999999997557509E+0000   0.876808884498050664882E-0009  -0.850283465990755113005E-0014   0.139708416856684125960E+0008  -0.115252828233011268821E+0004
    0.874999999999997557509E+0000   0.877607854020803536968E-0009  -0.141637545060794849828E-0013   0.139739638042971733958E+0008  -0.192317458421823175740E+0004
    0.874999999999997557509E+0000   0.891610982801668910739E-0009  -0.236194945211570230013E-0013   0.160518134754423163831E+0008  -0.345485786415887469047E+0004
    0.874999999999997557509E+0000   0.106076552905807288273E-0008  -0.619761977162894140453E-0013   0.160898614916475825012E+0008  -0.650163648252497114299E+0004
    0.874999999999997557509E+0000   0.454677239890082638138E-0007  -0.159948750284935586992E-0010   0.165860677980267442763E+0008  -0.175433266633779312542E+0005
    0.874999999999997557509E+0000   0.679984330334142008620E-0005  -0.127109866953620342339E-0007   0.171679269096181318164E+0008  -0.569207566616780095501E+0005
    0.874999999999997557509E+0000   0.147385614228397459225E-0003  -0.437218639971397480881E-0006   0.173950632411487400532E+0008  -0.808639358002130029490E+0005
    0.874999999999997557509E+0000   0.399896081748318896892E-0003  -0.746620147367592607437E-0006   0.173373568653909936547E+0008  -0.506798874267540886649E+0005
    0.874999999999997557509E+0000   0.509633006421691958643E-0003   0.347206902302121531731E-0010   0.172982707533406093717E+0008   0.289139166471627229171E+0001
    0.874999999999997557509E+0000   0.399878048500952923937E-0003   0.746626158303590368193E-0006   0.173373585518023669720E+0008   0.506847034937442222144E+0005
    0.874999999999997557509E+0000   0.147365057914177084979E-0003   0.437149572557487918947E-0006   0.173950529925610795617E+0008   0.808648575862392463023E+0005
    0.874999999999997557509E+0000   0.679781664749600501017E-0005   0.127056845138355487577E-0007   0.171678747308412380517E+0008   0.569179759754823680851E+0005
    0.874999999999997557509E+0000   0.454568557446856499546E-0007   0.159879233360367642518E-0010   0.165860019253750890493E+0008   0.175419510828159254743E+0005
    0.874999999999997557509E+0000   0.106064464142954114489E-0008   0.619585753276414048440E-0013   0.160897840097269006073E+0008   0.650255300365088714898E+0004
    0.874999999999997557509E+0000   0.891505551115220084378E-0009   0.236164520380646648894E-0013   0.160517203794032726437E+0008   0.345613917996028976631E+0004
    0.874999999999997557509E+0000   0.885537878629908481992E-0009   0.128784803574948618616E-0013   0.160461810288591366261E+0008   0.192471031213984974784E+0004
    0.874999999999997557509E+0000   0.882207661722137111505E-0009   0.763285278771636172976E-0014   0.160430424077562540770E+0008   0.115413417806547249711E+0004
    0.874999999999997557509E+0000   0.880199897718675667799E-0009   0.482009176224885101774E-0014   0.160411357188648656011E+0008   0.733291186115745972529E+0003
    0.874999999999997557509E+0000   0.878914726228076461639E-0009   0.320178320231720155066E-0014   0.160399102313416711986E+0008   0.488808612619892471685E+0003
    0.874999999999997557509E+0000   0.875758701390590783737E-0009   0.251719879455354908180E-0014   0.139667607121731247753E+0008   0.339492723572149941447E+0003
    0.874999999999997557509E+0000   0.875610671471028145549E-0009   0.181631751066372543161E-0014   0.139661877599147725850E+0008   0.244654271086639056421E+0003
    0.874999999999997557509E+0000   0.875504233902435832802E-0009   0.135731924280563772192E-0014   0.139657763845396041870E+0008   0.182621835690896858750E+0003
    0.874999999999997557509E+0000   0.875425544101670224409E-0009   0.105114450460103767460E-0014   0.139654726279446855187E+0008   0.141281596295606959757E+0003
    0.874999999999997557509E+0000   0.875365719115661939133E-0009   0.846091260778905163569E-0015   0.139652419465935043991E+0008   0.113611589035875738318E+0003
    0.874999999999997557509E+0000   0.875318761772789594005E-0009   0.711541895249529400378E-0015   0.139650610666335057467E+0008   0.954585540086135324600E+0002
    0.874999999999997557509E+0000   0.875280358620656943339E-0009   0.629538451534196856758E-0015   0.139649132812916897237E+0008   0.843884428847162695320E+0002
    0.874999999999997557509E+0000   0.875247182601544447198E-0009   0.590360505245690038896E-0015   0.139647857263020314276E+0008   0.790838101845348688812E+0002
    0.874999999999997557509E+0000   0.875000000000005457020E-0009  -0.196843471474368375215E-0040   0.139638367127771191299E+0008   0.000000000000000000000E+0000
    0.874999999999997557509E+0000   0.875000000000005457020E-0009  -0.196843471474368375215E-0040   0.139638367127771191299E+0008   0.000000000000000000000E+0000
    0.874999999999997557509E+0000   0.875000000000005457020E-0009  -0.196843471474370490842E-0040   0.139638367127771191299E+0008   0.000000000000000000000E+0000
    0.874999999999997557509E+0000   0.875000000000005457020E-0009  -0.196843471474368375215E-0040   0.139638367127771191299E+0008   0.000000000000000000000E+0000
    0.895833333333330816828E+0000   0.895833333333338976905E-0009  -0.201530220795186646802E-0040   0.139638367127771191299E+0008   0.000000000000000000000E+0000
    0.895833333333330816828E+0000   0.895833333333338976905E-0009  -0.201530220795186646802E-0040   0.139638367127771191299E+0008   0.000000000000000000000E+0000
    0.895833333333330816828E+0000   0.895833333333338976905E-0009  -0.201530220795186646802E-0040   0.139638367127771191299E+0008   0.000000000000000000000E+0000
    0.895833333333330816828E+0000   0.895833333333338976905E-0009  -0.201530220795186646802E-0040   0.139638367127771191299E+0008   0.000000000000000000000E+0000
    0.895833333333330816828E+0000   0.896403126046681145813E-0009  -0.141538317532121110108E-0014   0.139659302821958716959E+0008  -0.181600506774362628448E+0003
    0.895833333333330816828E+0000   0.896503358365517095244E-0009  -0.172164189218425029843E-0014   0.139662998019095305353E+0008  -0.221226098837059538482E+0003
    0.895833333333330816828E+0000   0.896633178531374566056E-0009  -0.224199332789475601922E-0014   0.139667792917528152466E+0008  -0.288542345068513668593E+0003
    0.895833333333330816828E+0000   0.896811225268344117271E-0009  -0.307521586449131000591E-0014   0.139674381680317409337E+0008  -0.396422107687331390480E+0003
    0.895833333333330816828E+0000   0.897066330527195367652E-0009  -0.440991812648006716152E-0014   0.139683841621286962181E+0008  -0.569474118620109493349E+0003
    0.895833333333330816828E+0000   0.897446956755125801997E-0009  -0.660855310524722102449E-0014   0.139697989952849540859E+0008  -0.855032618502026139140E+0003
    0.895833333333330816828E+0000   0.898040744617214460603E-0009  -0.104004426021709083004E-0013   0.139720124332950338721E+0008  -0.134861953828976925251E+0004
    0.895833333333330816828E+0000   0.899020288143287352732E-0009  -0.173596081116085197534E-0013   0.139756758538356889039E+0008  -0.225475677069650237172E+0004
    0.895833333333330816828E+0000   0.916298355643015820879E-0009  -0.293948328673485666221E-0013   0.160545077271577175707E+0008  -0.406605584692013053427E+0004
    0.895833333333330816828E+0000   0.109724904583978839194E-0008  -0.779633685983054092714E-0013   0.160945937657329645008E+0008  -0.761449302513620477839E+0004
    0.895833333333330816828E+0000   0.509379489027841719912E-0007  -0.224721003430641424035E-0010   0.166003941913651153445E+0008  -0.217978772003983940522E+0005
    0.895833333333330816828E+0000   0.888356593569023078702E-0005  -0.202074371680259990961E-0007   0.171984743171211630106E+0008  -0.663646916901321237674E+0005
    0.895833333333330816828E+0000   0.185146950627918037251E-0003  -0.622988350216182705628E-0006   0.173939425027958899736E+0008  -0.900185589741677395068E+0005
    0.895833333333330816828E+0000   0.471311040375415333040E-0003  -0.964509831690738448983E-0006   0.173120698134942017496E+0008  -0.549534432126363608404E+0005
    0.895833333333330816828E+0000   0.592366379862592105573E-0003   0.502911322050843327367E-0010   0.172659668972185067832E+0008   0.362472005128947261099E+0001
    0.895833333333330816828E+0000   0.471287595623903093379E-0003   0.964521850628816187904E-0006   0.173120734113471880555E+0008   0.549595970970721609774E+0005
    0.895833333333330816828E+0000   0.185118424555134875303E-0003   0.622882938140639914476E-0006   0.173939347331929840147E+0008   0.900202324689076340292E+0005
    0.895833333333330816828E+0000   0.888033270623977573073E-0005   0.201974167007941969035E-0007   0.171984135985219404101E+0008   0.663609936826920747990E+0005
    0.895833333333330816828E+0000   0.509231400770618767312E-0007   0.224598799938573577982E-0010   0.166003159471855312586E+0008   0.217954793786640475446E+0005
    0.895833333333330816828E+0000   0.109709758593456081707E-0008   0.779345729353659431574E-0013   0.160945034433168452233E+0008   0.761548831864543899428E+0004
    0.895833333333330816828E+0000   0.916168098310554907458E-0009   0.293881052013723168977E-0013   0.160543993920552171767E+0008   0.406750708123951335438E+0004
    0.895833333333330816828E+0000   0.908758767891159559629E-0009   0.158996110948206432244E-0013   0.160478752678133565933E+0008   0.225652990612315034014E+0004
    0.895833333333330816828E+0000   0.904650999174552105401E-0009   0.938228342232667824229E-0014   0.160441926915019247681E+0008   0.135048628668372180073E+0004
    0.895833333333330816828E+0000   0.902184184979310673448E-0009   0.590808698942565864948E-0014   0.160419603999272063375E+0008   0.856686982660325952565E+0003
    0.895833333333330816828E+0000   0.900609188964546337027E-0009   0.391709888977884826054E-0014   0.160405279810191672295E+0008   0.570415470344619961907E+0003
    0.895833333333330816828E+0000   0.896757248980907969298E-0009   0.306916641013275818047E-0014   0.139672406432592440397E+0008   0.395822993160534906565E+0003
    0.895833333333330816828E+0000   0.896576710056831077273E-0009   0.221335088548682914054E-0014   0.139665723405760321766E+0008   0.285050299220818374124E+0003
    0.895833333333330816828E+0000   0.896446970784672511142E-0009   0.165327731533815903831E-0014   0.139660928438726570457E+0008   0.212653707705165174957E+0003
    0.895833333333330816828E+0000   0.896351096917635990248E-0009   0.127986653611969522711E-0014   0.139657389905918035656E+0008   0.164434801135004050820E+0003
    0.895833333333330816828E+0000   0.896278234548327256292E-0009   0.102986616959840216262E-0014   0.139654703952799718827E+0008   0.132173242956028872186E+0003
    0.895833333333330816828E+0000   0.896221062382926605419E-0009   0.865849131581386776382E-0015   0.139652598773967772722E+0008   0.111011417225339670267E+0003
    0.895833333333330816828E+0000   0.896174318755203430783E-0009   0.765874264526644782865E-0015   0.139650879449305273592E+0008   0.981040575898544915390E+0002
    0.895833333333330816828E+0000   0.896133947991396923850E-0009   0.718064996642633786929E-0015   0.139649396017180308700E+0008   0.919111482637659236161E+0002
    0.895833333333330816828E+0000   0.895833333333338976905E-0009  -0.201530220795186646802E-0040   0.139638367127771191299E+0008   0.000000000000000000000E+0000
    0.895833333333330816828E+0000   0.895833333333338976905E-0009  -0.201530220795186646802E-0040   0.139638367127771191299E+0008   0.000000000000000000000E+0000
    0.895833333333330816828E+0000   0.895833333333338976905E-0009  -0.201530220795188889875E-0040   0.139638367127771191299E+0008   0.000000000000000000000E+0000
    0.895833333333330816828E+0000   0.895833333333338976905E-0009  -0.201530220795186646802E-0040   0.139638367127771191299E+0008   0.000000000000000000000E+0000
    0.916666666666664076146E+0000   0.916666666666672496789E-0009  -0.206216970116004892898E-0040   0.139638367127771191299E+0008   0.000000000000000000000E+0000
    0.916666666666664076146E+0000   0.916666666666672496789E-0009  -0.206216970116004892898E-0040   0.139638367127771191299E+0008   0.000000000000000000000E+0000
    0.916666666666664076146E+0000   0.916666666666672496789E-0009  -0.206216970116004892898E-0040   0.139638367127771191299E+0008   0.000000000000000000000E+0000
    0.916666666666664076146E+0000   0.916666666666672496789E-0009  -0.206216970116004892898E-0040   0.139638367127771191299E+0008   0.000000000000000000000E+0000
    0.916666666666664076146E+0000   0.917354158023113571984E-0009  -0.170869450858431942916E-0014   0.139662556413885690272E+0008  -0.209934663432530072669E+0003
    0.916666666666664076146E+0000   0.917475249666961012671E-0009  -0.207941132724859846816E-0014   0.139666832346882000566E+0008  -0.255897305453201880709E+0003
    0.916666666666664076146E+0000   0.917632178121329784981E-0009  -0.270937505639991213071E-0014   0.139672384865131210536E+0008  -0.333987292961923571966E+0003
    0.916666666666664076146E+0000   0.917847547712367221138E-0009  -0.371870329570281398713E-0014   0.139680020867316108197E+0008  -0.459206838903631705762E+0003
    0.916666666666664076146E+0000   0.918156382767657889031E-0009  -0.533704390402149666795E-0014   0.139690994914292208850E+0008  -0.660270842434757469164E+0003
    0.916666666666664076146E+0000   0.918617674705645877785E-0009  -0.800658539556287813625E-0014   0.139707427612295560539E+0008  -0.992496596617001046070E+0003
    0.916666666666664076146E+0000   0.919338390138697111401E-0009  -0.126201963420021543335E-0013   0.139733178579566553235E+0008  -0.156792116414103315947E+0004
    0.916666666666664076146E+0000   0.920529924396792188352E-0009  -0.211104137672933937006E-0013   0.139775889795310907066E+0008  -0.262634878782639043493E+0004
    0.916666666666664076146E+0000   0.941701462332810270956E-0009  -0.363646767087217499831E-0013   0.160575309840460624546E+0008  -0.475441950970925154252E+0004
    0.916666666666664076146E+0000   0.113560488647865465584E-0008  -0.975750676098732732177E-0013   0.160998710404327679425E+0008  -0.885859045706701363088E+0004
    0.916666666666664076146E+0000   0.573064671544351534670E-0007  -0.318183542130123713753E-0010   0.166164560978890005499E+0008  -0.269736527408299371018E+0005
    0.916666666666664076146E+0000   0.117639602487628448053E-0004  -0.322109553538067128455E-0007   0.172300614270256981254E+0008  -0.766941636376050737454E+0005
    0.916666666666664076146E+0000   0.229778802582182714240E-0003  -0.866074550786618388548E-0006   0.173876175995281971991E+0008  -0.991691914816060016165E+0005
    0.916666666666664076146E+0000   0.550152035349451163510E-0003  -0.122476646392371728399E-0005   0.172824013557928651571E+0008  -0.591620333778563872329E+0005
    0.916666666666664076146E+0000   0.682531950672991068359E-0003   0.714832415980183001917E-0010   0.172294401546013504267E+0008   0.449405271191615529602E+0001
    0.916666666666664076146E+0000   0.550122006000972616283E-0003   0.122478834141912086380E-0005   0.172824074246260672808E+0008   0.591698043354497131077E+0005
    0.916666666666664076146E+0000   0.229740241908389999925E-0003   0.865920128337069245899E-0006   0.173876134713926799595E+0008   0.991718910912374412874E+0005
    0.916666666666664076146E+0000   0.117587843656871113328E-0004   0.321921556924301257849E-0007   0.172299918000774160028E+0008   0.766893354387404397130E+0005
    0.916666666666664076146E+0000   0.572862204443709788998E-0007   0.317970011141894693020E-0010   0.166163635708600133657E+0008   0.269698869496382467332E+0005
    0.916666666666664076146E+0000   0.113541608184460749834E-0008   0.975297150991848538507E-0013   0.160997664100186564028E+0008   0.885965546965327121143E+0004
    0.916666666666664076146E+0000   0.941541578022183490936E-0009   0.363522899428763372362E-0013   0.160574057177171893418E+0008   0.475605015669039494242E+0004
    0.916666666666664076146E+0000   0.932399796388799876107E-0009   0.194932589341382942431E-0013   0.160497686301942262799E+0008   0.262838213249032287422E+0004
    0.916666666666664076146E+0000   0.927368910438175848844E-0009   0.114473660261819514803E-0013   0.160454754178780093789E+0008   0.157007688159540543893E+0004
    0.916666666666664076146E+0000   0.924360795957001673442E-0009   0.718596262731455501255E-0014   0.160428785538554210216E+0008   0.994416163005151815923E+0003
    0.916666666666664076146E+0000   0.922445573802512640573E-0009   0.475447415358625098233E-0014   0.160412149632757194340E+0008   0.661374160736906787861E+0003
    0.916666666666664076146E+0000   0.917782393922618269983E-0009   0.371136715570269985698E-0014   0.139677739025168195367E+0008   0.458537911833427301644E+0003
    0.916666666666664076146E+0000   0.917564018728311347637E-0009   0.267485409318472034110E-0014   0.139669993745692316443E+0008   0.329984334241031319834E+0003
    0.916666666666664076146E+0000   0.917407184501922097935E-0009   0.199703475556549884721E-0014   0.139664440592146273702E+0008   0.246034045937559852746E+0003
    0.916666666666664076146E+0000   0.917291343829224316845E-0009   0.154536411432448497488E-0014   0.139660344918606467545E+0008   0.190152696916131674243E+0003
    0.916666666666664076146E+0000   0.917203342058054197975E-0009   0.124307633106209505438E-0014   0.139657237590778972954E+0008   0.152778948798124872610E+0003
    0.916666666666664076146E+0000   0.917134314346233673481E-0009   0.104478832070113766907E-0014   0.139654803210250381380E+0008   0.128267867608882085051E+0003
    0.916666666666664076146E+0000   0.917077895129863977349E-0009   0.923908844556452966905E-0015   0.139652815817813258618E+0008   0.113314839224820573804E+0003
    0.916666666666664076146E+0000   0.917029181434927634739E-0009   0.866044196658834560822E-0015   0.139651101720560528338E+0008   0.106131224042342509506E+0003
    0.916666666666664076146E+0000   0.916666666666672496789E-0009  -0.206216970116004892898E-0040   0.139638367127771191299E+0008   0.000000000000000000000E+0000
    0.916666666666664076146E+0000   0.916666666666672496789E-0009  -0.206216970116004892898E-0040   0.139638367127771191299E+0008   0.000000000000000000000E+0000
    0.916666666666664076146E+0000   0.916666666666672496789E-0009  -0.206216970116007263419E-0040   0.139638367127771191299E+0008   0.000000000000000000000E+0000
    0.916666666666664076146E+0000   0.916666666666672496789E-0009  -0.206216970116004892898E-0040   0.139638367127771191299E+0008   0.000000000000000000000E+0000
    0.937499999999997335465E+0000   0.937500000000005913277E-0009  -0.210903719436823138995E-0040   0.139638367127771191299E+0008   0.000000000000000000000E+0000
    0.937499999999997335465E+0000   0.937500000000005913277E-0009  -0.210903719436823138995E-0040   0.139638367127771191299E+0008   0.000000000000000000000E+0000
    0.937499999999997335465E+0000   0.937500000000005913277E-0009  -0.210903719436823138995E-0040   0.139638367127771191299E+0008   0.000000000000000000000E+0000
    0.937499999999997335465E+0000   0.937500000000005913277E-0009  -0.210903719436823138995E-0040   0.139638367127771191299E+0008   0.000000000000000000000E+0000
    0.937499999999997335465E+0000   0.938323120898460383196E-0009  -0.204700292057572153445E-0014   0.139666149655510690063E+0008  -0.241241360072081931776E+0003
    0.937499999999997335465E+0000   0.938468297865817608611E-0009  -0.249237318354964464184E-0014   0.139671068027370125055E+0008  -0.294229508686051133282E+0003
    0.937499999999997335465E+0000   0.938656555240431833411E-0009  -0.324931924685423042676E-0014   0.139677459335993211716E+0008  -0.384264661193494191593E+0003
    0.937499999999997335465E+0000   0.938915103502191299312E-0009  -0.446284870038194807950E-0014   0.139686255804497171193E+0008  -0.528719634059084455657E+0003
    0.937499999999997335465E+0000   0.939286178374569739728E-0009  -0.641057534367151818180E-0014   0.139698909433987699449E+0008  -0.760885829312434111671E+0003
    0.937499999999997335465E+0000   0.939841070991881105801E-0009  -0.962815144148713277854E-0014   0.139717879462556391954E+0008  -0.114498528458900318583E+0004
    0.937499999999997335465E+0000   0.940709426371418279413E-0009  -0.152012592140178071999E-0013   0.139747655381568782032E+0008  -0.181154847854358217774E+0004
    0.937499999999997335465E+0000   0.942148379774383509042E-0009  -0.254865025935494076734E-0013   0.139797143696497194469E+0008  -0.303974185101148850663E+0004
    0.937499999999997335465E+0000   0.967929827763978038414E-0009  -0.447496944428537926935E-0013   0.160609024306209292263E+0008  -0.552307825766864789330E+0004
    0.937499999999997335465E+0000   0.117615659674592435983E-0008  -0.121610287587837996407E-0012   0.161057262626348137856E+0008  -0.102399621596373472130E+0005
    0.937499999999997335465E+0000   0.648601246289499547267E-0007  -0.454776273603711352308E-0010   0.166344800816229116172E+0008  -0.331375328615226026159E+0005
    0.937499999999997335465E+0000   0.157999865742075308291E-0004  -0.515326514734779379829E-0007   0.172623338211254775524E+0008  -0.879481649561111116782E+0005
    0.937499999999997335465E+0000   0.281638934133317535465E-0003  -0.117587164964742752212E-0005   0.173760498819882534444E+0008  -0.108271866172338006436E+0006
    0.937499999999997335465E+0000   0.636672035996110842124E-0003  -0.153176856443583571061E-0005   0.172483663019908331335E+0008  -0.632849024460326036206E+0005
    0.937499999999997335465E+0000   0.780375960755215437523E-0003   0.998768027391201639438E-0010   0.171887245869000330567E+0008   0.550345778172080724033E+0001
    0.937499999999997335465E+0000   0.636634106920606337651E-0003   0.153180594423396390104E-0005   0.172483755061955451965E+0008   0.632945889330406353110E+0005
    0.937499999999997335465E+0000   0.281588064592318406895E-0003   0.117565366342972498225E-0005   0.173760506354387551546E+0008   0.108275859432607277995E+0006
    0.937499999999997335465E+0000   0.157916789911609765549E-0004   0.514976277533077383590E-0007   0.172622553898344002664E+0008   0.879419804901290044654E+0005
    0.937499999999997335465E+0000   0.648322676993765990613E-0007   0.454404606197591423544E-0010   0.166343711796035096049E+0008   0.331320576951356124482E+0005
    0.937499999999997335465E+0000   0.117592219468415986570E-0008   0.121540786246531707631E-0012   0.161056057648669406772E+0008   0.102410853148194164532E+0005
    0.937499999999997335465E+0000   0.967734683474830336270E-0009   0.447288993198698679893E-0013   0.160607584397452864796E+0008   0.552489842364274227293E+0004
    0.937499999999997335465E+0000   0.956517924192893077471E-0009   0.237491577154053521913E-0013   0.160518721896505579352E+0008   0.304205919735865063558E+0004
    0.937499999999997335465E+0000   0.950396113317492825610E-0009   0.138729456394558547282E-0013   0.160468980349089819938E+0008   0.181402253465824287559E+0004
    0.937499999999997335465E+0000   0.946752938861190806065E-0009   0.867887345175933329455E-0014   0.160438954615732803941E+0008   0.114719859480745253677E+0004
    0.937499999999997335465E+0000   0.944440473462484492803E-0009   0.572931332433617768887E-0014   0.160419751176420357078E+0008   0.762170192726659024629E+0003
    0.937499999999997335465E+0000   0.938837058371005064646E-0009   0.445400625561130000492E-0014   0.139683635421272404492E+0008   0.527977066732195339682E+0003
    0.937499999999997335465E+0000   0.938574913990029916976E-0009   0.320802536543482036048E-0014   0.139674713036907874048E+0008   0.379702335596840782728E+0003
    0.937499999999997335465E+0000   0.938386765816304082568E-0009   0.239387390149312798984E-0014   0.139668320376325044781E+0008   0.282947115947430347660E+0003
    0.937499999999997335465E+0000   0.938247866515386655113E-0009   0.185166690856544908328E-0014   0.139663608198189456016E+0008   0.218578239915923546732E+0003
    0.937499999999997335465E+0000   0.938142391779426720957E-0009   0.148892368868075504217E-0014   0.139660034850068707019E+0008   0.175543927602197328497E+0003
    0.937499999999997335465E+0000   0.938059688381283051996E-0009   0.125102183147508235798E-0014   0.139657236563380025327E+0008   0.147324899162409394648E+0003
    0.937499999999997335465E+0000   0.937992113413508320027E-0009   0.110597439531801477922E-0014   0.139654952974893338978E+0008   0.130106665337567307006E+0003
    0.937499999999997335465E+0000   0.937933784588313960105E-0009   0.103646693125778646940E-0014   0.139652984112135432661E+0008   0.121824609820013407102E+0003
    0.937499999999997335465E+0000   0.937500000000005913277E-0009  -0.210903719436823138995E-0040   0.139638367127771191299E+0008   0.000000000000000000000E+0000
    0.937499999999997335465E+0000   0.937500000000005913277E-0009  -0.210903719436823138995E-0040   0.139638367127771191299E+0008   0.000000000000000000000E+0000
    0.937499999999997335465E+0000   0.937500000000005913277E-0009  -0.210903719436825662452E-0040   0.139638367127771191299E+0008   0.000000000000000000000E+0000
    0.937499999999997335465E+0000   0.937500000000005913277E-0009  -0.210903719436823138995E-0040   0.139638367127771191299E+0008   0.000000000000000000000E+0000
    0.958333333333330594783E+0000   0.958333333333339433162E-0009  -0.215590468757641385091E-0040   0.139638367127771191299E+0008   0.000000000000000000000E+0000
    0.958333333333330594783E+0000   0.958333333333339433162E-0009  -0.215590468757641385091E-0040   0.139638367127771191299E+0008   0.000000000000000000000E+0000
    0.958333333333330594783E+0000   0.958333333333339433162E-0009  -0.215590468757641385091E-0040   0.139638367127771191299E+0008   0.000000000000000000000E+0000
    0.958333333333330594783E+0000   0.958333333333339433162E-0009  -0.215590468757641385091E-0040   0.139638367127771191299E+0008   0.000000000000000000000E+0000
    0.958333333333330594783E+0000   0.959311858443659762848E-0009  -0.243499363953466425133E-0014   0.139670100112066511065E+0008  -0.275667359312642986424E+0003
    0.958333333333330594783E+0000   0.959484687507034886459E-0009  -0.296632451780418794474E-0014   0.139675725714624878019E+0008  -0.336398816412899179795E+0003
    0.958333333333330594783E+0000   0.959708945261064345765E-0009  -0.386952466608791310585E-0014   0.139683040989695731550E+0008  -0.439600155623990474396E+0003
    0.958333333333330594783E+0000   0.960017161779512332635E-0009  -0.531846268270931157611E-0014   0.139693116655800286680E+0008  -0.605264175923244692967E+0003
    0.958333333333330594783E+0000   0.960459922986448608719E-0009  -0.764648478966691874946E-0014   0.139707623271736539900E+0008  -0.871743976056895348847E+0003
    0.958333333333330594783E+0000   0.961122806184255324308E-0009  -0.114981525514238478054E-0013   0.139729395486201159656E+0008  -0.131311412841673814000E+0004
    0.958333333333330594783E+0000   0.962161921762460068771E-0009  -0.181851343857661580115E-0013   0.139763623866480775177E+0008  -0.208042408347863283780E+0004
    0.958333333333330594783E+0000   0.963888015588383512280E-0009  -0.305627187524432939100E-0013   0.139820620707519017160E+0008  -0.349636323772644709607E+0004
    0.958333333333330594783E+0000   0.995107130694239168629E-0009  -0.548069795035783991820E-0013   0.160646392271706741303E+0008  -0.637413907473117615154E+0004
    0.958333333333330594783E+0000   0.121928509236450351628E-0008  -0.151055121726285179824E-0012   0.161121889995494987816E+0008  -0.117640578323547742912E+0005
    0.958333333333330594783E+0000   0.740071185111030024474E-0007  -0.656790882880220434725E-0010   0.166546619783659260720E+0008  -0.403093334647887168103E+0005
    0.958333333333330594783E+0000   0.215190091956370718306E-0004  -0.827546423191017566383E-0007   0.172947363635962866247E+0008  -0.100157832288519479334E+0006
    0.958333333333330594783E+0000   0.340985599512476475655E-0003  -0.156165874601962435030E-0005   0.173593216056520044804E+0008  -0.117326092817038501380E+0006
    0.958333333333330594783E+0000   0.731165691185682565210E-0003  -0.189010410047115568521E-0005   0.172099205080591440201E+0008  -0.673093980450667731930E+0005
    0.958333333333330594783E+0000   0.886238598069804964577E-0003   0.137326701976994919734E-0009   0.171437662522469535470E+0008   0.664881195772986366421E+0001
    0.958333333333330594783E+0000   0.731118424260388866977E-0003   0.189016498421540699653E-0005   0.172099336012745797634E+0008   0.673213062836933677318E+0005
    0.958333333333330594783E+0000   0.340919950434896549575E-0003   0.156136082745367644034E-0005   0.173593285177173390985E+0008   0.117331623959427044610E+0006
    0.958333333333330594783E+0000   0.215056690177843664170E-0004   0.826899429717976009202E-0007   0.172946500403792113066E+0008   0.100150068801181521849E+0006
    0.958333333333330594783E+0000   0.739684394037554814891E-0007   0.656145366725750515022E-0010   0.166545344013193696737E+0008   0.403018364629600691842E+0005
    0.958333333333330594783E+0000   0.121899500067508927838E-0008   0.150950839609850755579E-0012   0.161120509819516763091E+0008   0.117652226697571149998E+0005
    0.958333333333330594783E+0000   0.994870111700521803733E-0009   0.547740028934532734036E-0013   0.160644746200540866703E+0008   0.637615913668104622047E+0004
    0.958333333333330594783E+0000   0.981175808658974031294E-0009   0.287684132923960105823E-0013   0.160541958828640542924E+0008   0.349898891881547569938E+0004
    0.958333333333330594783E+0000   0.973770300402477063740E-0009   0.167085576090384431617E-0013   0.160484673308750391006E+0008   0.208324671387894022700E+0004
    0.958333333333330594783E+0000   0.969385604913453193177E-0009   0.104142587482598942949E-0013   0.160450159818994197994E+0008   0.131565049769123834267E+0004
    0.958333333333330594783E+0000   0.966611665281061815015E-0009   0.685828327684660592787E-0014   0.160428120995614696294E+0008   0.873228659885135584773E+0003
    0.958333333333330594783E+0000   0.959924331496893111149E-0009   0.530785742947971300265E-0014   0.139690124127644971013E+0008   0.604443035006096351935E+0003
    0.958333333333330594783E+0000   0.959611844013107775537E-0009   0.382046274086326632529E-0014   0.139679904205385465175E+0008   0.434426461383149614903E+0003
    0.958333333333330594783E+0000   0.959387712628503777504E-0009   0.284937064295922065869E-0014   0.139672586713983379304E+0008   0.323561223171207359428E+0003
    0.958333333333330594783E+0000   0.959222336098383442007E-0009   0.220302915735931137013E-0014   0.139667195712024718523E+0008   0.249843254148600351527E+0003
    0.958333333333330594783E+0000   0.959096810074747538468E-0009   0.177078939842927916842E-0014   0.139663109452857729048E+0008   0.200575324194254818622E+0003
    0.958333333333330594783E+0000   0.958998421230455242527E-0009   0.148736181456984937589E-0014   0.139659910794044528157E+0008   0.168273387685584310702E+0003
    0.958333333333330594783E+0000   0.958918057054727760746E-0009   0.131453500634705037197E-0014   0.139657301440991759300E+0008   0.148560529518856583309E+0003
    0.958333333333330594783E+0000   0.958848709838497219492E-0009   0.123162517572269789741E-0014   0.139655052468355782330E+0008   0.139067708113347350718E+0003
    0.958333333333330594783E+0000   0.958333333333339433162E-0009  -0.215590468757641385091E-0040   0.139638367127771191299E+0008   0.000000000000000000000E+0000
    0.958333333333330594783E+0000   0.958333333333339433162E-0009  -0.215590468757641385091E-0040   0.139638367127771191299E+0008   0.000000000000000000000E+0000
    0.958333333333330594783E+0000   0.958333333333339433162E-0009  -0.215590468757644061486E-0040   0.139638367127771191299E+0008   0.000000000000000000000E+0000
    0.958333333333330594783E+0000   0.958333333333339433162E-0009  -0.215590468757641385091E-0040   0.139638367127771191299E+0008   0.000000000000000000000E+0000
    0.979166666666663854102E+0000   0.979166666666672953046E-0009  -0.220277218078459631188E-0040   0.139638367127771191299E+0008   0.000000000000000000000E+0000
    0.979166666666663854102E+0000   0.979166666666672953046E-0009  -0.220277218078459631188E-0040   0.139638367127771191299E+0008   0.000000000000000000000E+0000
    0.979166666666663854102E+0000   0.979166666666672953046E-0009  -0.220277218078459631188E-0040   0.139638367127771191299E+0008   0.000000000000000000000E+0000
    0.979166666666663854102E+0000   0.979166666666672953046E-0009  -0.220277218078459631188E-0040   0.139638367127771191299E+0008   0.000000000000000000000E+0000
    0.979166666666663854102E+0000   0.980322312184230723520E-0009  -0.287759941502234267689E-0014   0.139674425790409855545E+0008  -0.313361984441770857757E+0003
    0.979166666666663854102E+0000   0.980526719314205640049E-0009  -0.350736596750533543265E-0014   0.139680826577989663929E+0008  -0.382583848139790802634E+0003
    0.979166666666663854102E+0000   0.980792124268296437221E-0009  -0.457809073660630862415E-0014   0.139689155095838904381E+0008  -0.500221912801994221809E+0003
    0.979166666666663854102E+0000   0.981157167267148655401E-0009  -0.629691773965701766165E-0014   0.139700634325739443302E+0008  -0.689146277110349615214E+0003
    0.979166666666663854102E+0000   0.981682050459181293656E-0009  -0.906158016859287328978E-0014   0.139717175456192549318E+0008  -0.993271321408396602237E+0003
    0.979166666666663854102E+0000   0.982468853581354836916E-0009  -0.136428188087553491700E-0013   0.139742026906912606210E+0008  -0.149749765776582989929E+0004
    0.979166666666663854102E+0000   0.983704407402688884026E-0009  -0.216156333443761750587E-0013   0.139781155038631279022E+0008  -0.237546201540587844647E+0004
    0.979166666666663854102E+0000   0.985761943199558880787E-0009  -0.364184638756356394942E-0013   0.139846423982169069350E+0008  -0.399763496298608060897E+0004
    0.979166666666663854102E+0000   0.102337331099629191264E-0008  -0.668367148757881837203E-0013   0.160687592314223255962E+0008  -0.730940813739566056029E+0004
    0.979166666666663854102E+0000   0.126544103636888205146E-0008  -0.187135336654439062401E-0012   0.161192908737642429769E+0008  -0.134373349375542766211E+0005
    0.979166666666663854102E+0000   0.853378222451525991788E-0007  -0.959080598670545492471E-0010   0.166772023415766675025E+0008  -0.484715755388866964495E+0005
    0.979166666666663854102E+0000   0.296830578689805190762E-0004  -0.133245696846468409584E-0006   0.173264301543905697763E+0008  -0.113341608432260894915E+0006
    0.979166666666663854102E+0000   0.408032010616103928830E-0003  -0.203288873281690382020E-0005   0.173375896289004683495E+0008  -0.126359871528565578046E+0006
    0.979166666666663854102E+0000   0.833965813657461057205E-0003  -0.230460675616213467887E-0005   0.171669766063187457621E+0008  -0.712278439287898509065E+0005
    0.979166666666663854102E+0000   0.100054680476280386664E-0002   0.185955474957266197154E-0009   0.170944319079101905227E+0008   0.792024288619713789927E+0001
    0.979166666666663854102E+0000   0.833907661727826664960E-0003   0.230470209008898408880E-0005   0.171669944023357108235E+0008   0.712422806471066287486E+0005
    0.979166666666663854102E+0000   0.407948880484214555005E-0003   0.203249239375905190873E-0005   0.173376039853238947690E+0008   0.126367163768912272644E+0006
    0.979166666666663854102E+0000   0.296617129372215464819E-0004   0.133127608112998834129E-0006   0.173263381192349046469E+0008   0.113332065372877943446E+0006
    0.979166666666663854102E+0000   0.852834690098631468027E-0007   0.957959581557976081645E-0010   0.166770534929879494011E+0008   0.484617791022559176781E+0005
    0.979166666666663854102E+0000   0.126508286011999315712E-0008   0.186981446043043716051E-0012   0.161191335738438535482E+0008   0.134385144619460315880E+0005
    0.979166666666663854102E+0000   0.102308663875843659483E-0008   0.667864380957182958816E-0013   0.160685720098023489118E+0008   0.731163752210850088886E+0004
    0.979166666666663854102E+0000   0.100644236978393949486E-0008   0.346650933994851629310E-0013   0.160567499098984245211E+0008   0.400059305478248279542E+0004
    0.979166666666663854102E+0000   0.997532348895941245222E-0009   0.200089043266696073357E-0013   0.160501902771149873734E+0008   0.237866390178519395704E+0004
    0.979166666666663854102E+0000   0.992285656525011966725E-0009   0.124220160072257534697E-0013   0.160462450934083517641E+0008   0.150038690438644584901E+0004
    0.979166666666663854102E+0000   0.988978153165308006312E-0009   0.815938496179014032225E-0014   0.160437296538497786969E+0008   0.994975579878046005433E+0003
    0.979166666666663854102E+0000   0.981047467455571072331E-0009   0.628424805646784833866E-0014   0.139697234347326792777E+0008   0.688240301716164481149E+0003
    0.979166666666663854102E+0000   0.980677386996530898789E-0009   0.452015401572182268073E-0014   0.139685590742608048022E+0008   0.494381029128816692264E+0003
    0.979166666666663854102E+0000   0.980412128635463531700E-0009   0.336938758517364066094E-0014   0.139677259000035002828E+0008   0.368046815426609725819E+0003
    0.979166666666663854102E+0000   0.980216511986389575326E-0009   0.260392496611473442559E-0014   0.139671123830556757748E+0008   0.284081594735145017694E+0003
    0.979166666666663854102E+0000   0.980068098646880709372E-0009   0.209223055530591037670E-0014   0.139666475471307709813E+0008   0.227982195798586275259E+0003
    0.979166666666663854102E+0000   0.979951814886977589453E-0009   0.175676788434202012541E-0014   0.139662838170585911721E+0008   0.191206033538546819273E+0003
    0.979166666666663854102E+0000   0.979856866610077241427E-0009   0.155218496313982891252E-0014   0.139659872008990868926E+0008   0.168759211588031945439E+0003
    0.979166666666663854102E+0000   0.979774959711437203671E-0009   0.145393274582249028210E-0014   0.139657316307144127786E+0008   0.157938730115069660087E+0003
    0.979166666666663854102E+0000   0.979166666666672953046E-0009  -0.220277218078459631188E-0040   0.139638367127771191299E+0008   0.000000000000000000000E+0000
    0.979166666666663854102E+0000   0.979166666666672953046E-0009  -0.220277218078459631188E-0040   0.139638367127771191299E+0008   0.000000000000000000000E+0000
    0.979166666666663854102E+0000   0.979166666666672953046E-0009  -0.220277218078462460519E-0040   0.139638367127771191299E+0008   0.000000000000000000000E+0000
    0.979166666666663854102E+0000   0.979166666666672953046E-0009  -0.220277218078459631188E-0040   0.139638367127771191299E+0008   0.000000000000000000000E+0000
    0.999999999999997113420E+0000   0.100000000000000647293E-0008  -0.224963967399277902774E-0040   0.139638367127771191299E+0008   0.000000000000000000000E+0000
    0.999999999999997113420E+0000   0.100000000000000647293E-0008  -0.224963967399277902774E-0040   0.139638367127771191299E+0008   0.000000000000000000000E+0000
    0.999999999999997113420E+0000   0.100000000000000647293E-0008  -0.224963967399277902774E-0040   0.139638367127771191299E+0008   0.000000000000000000000E+0000
    0.999999999999997113420E+0000   0.100000000000000647293E-0008  -0.224963967399277902774E-0040   0.139638367127771191299E+0008   0.000000000000000000000E+0000
    0.999999999999997113420E+0000   0.100135653064667532093E-0008  -0.338002519241782149852E-0014   0.139679147597510777414E+0008  -0.354500128626415005328E+0003
    0.999999999999997113420E+0000   0.100159682146255275919E-0008  -0.412193330013621232057E-0014   0.139686395261089224368E+0008  -0.432995563465057557551E+0003
    0.999999999999997113420E+0000   0.100190902313616314946E-0008  -0.538356122440038922700E-0014   0.139695831184690427035E+0008  -0.566402028381191144035E+0003
    0.999999999999997113420E+0000   0.100233875856622957611E-0008  -0.741021316712676464943E-0014   0.139708845125410854816E+0008  -0.780735063984336079557E+0003
    0.999999999999997113420E+0000   0.100295724799065501173E-0008  -0.106736085754101537940E-0013   0.139727612190683856606E+0008  -0.112599018943845840113E+0004
    0.999999999999997113420E+0000   0.100388553614076436680E-0008  -0.160898896903174093128E-0013   0.139755834989397339523E+0008  -0.169890627393789191046E+0004
    0.999999999999997113420E+0000   0.100534593730456968283E-0008  -0.255392236920465325872E-0013   0.139800335095426626503E+0008  -0.269784581653571513016E+0004
    0.999999999999997113420E+0000   0.100778413172665743260E-0008  -0.431385003273303589245E-0013   0.139874681003240738064E+0008  -0.454550671639008760394E+0004
    0.999999999999997113420E+0000   0.105288811470146312344E-0008  -0.811924499705476002119E-0013   0.160732850389948058873E+0008  -0.833141909163853051723E+0004
    0.999999999999997113420E+0000   0.131516394443285140081E-0008  -0.231394498791061458127E-0012   0.161270741238088440150E+0008  -0.152698273603359684785E+0005
    0.999999999999997113420E+0000   0.997284350389640394282E-0007  -0.141730299261477306685E-0009   0.167023554213102627546E+0008  -0.575874344833150607883E+0005
    0.999999999999997113420E+0000   0.413570207663635744139E-0004  -0.214538251771643331385E-0006   0.173562153741036504507E+0008  -0.127502945568262875895E+0006
    0.999999999999997113420E+0000   0.483020194630968914204E-0003  -0.259977064993357961445E-0005   0.173110302207878492773E+0008  -0.135410165621625637868E+0006
    0.999999999999997113420E+0000   0.945449071244419550833E-0003  -0.278041622692395273023E-0005   0.171194207578316703439E+0008  -0.750335138535167934606E+0005
    0.999999999999997113420E+0000   0.112380734121261967838E-0002   0.248162648533167202246E-0009   0.170405270983430966735E+0008   0.930787853344524584998E+0001
    0.999999999999997113420E+0000   0.945378366067015541048E-0003   0.278056044914751258689E-0005   0.171194441036031693220E+0008   0.750507870309329155134E+0005
    0.999999999999997113420E+0000   0.482916543318535895768E-0003   0.259925435650451469761E-0005   0.173110533356854543090E+0008   0.135419439520387502853E+0006
    0.999999999999997113420E+0000   0.413232022725806944115E-0004   0.214326577177125638634E-0006   0.173561215713110789657E+0008   0.127491465758964928682E+0006
    0.999999999999997113420E+0000   0.996508873131318120785E-0007   0.141535063221627622588E-0009   0.167021822648648954928E+0008   0.575750834609964003903E+0005
    0.999999999999997113420E+0000   0.131472236999807287163E-0008   0.231170328368872273095E-0012   0.161268956261105444282E+0008   0.152709722013524369686E+0005
    0.999999999999997113420E+0000   0.105254261909969812522E-0008   0.811179853375592759991E-0013   0.160730730724370926619E+0008   0.833386372488853157847E+0004
    0.999999999999997113420E+0000   0.103239391638355134609E-0008   0.415689523744339006969E-0013   0.160595468813673127443E+0008   0.454881966412361180119E+0004
    0.999999999999997113420E+0000   0.102172682730299094006E-0008   0.238348044867273812178E-0013   0.160520753417818024755E+0008   0.270145760663414648661E+0004
    0.999999999999997113420E+0000   0.101548209375062166555E-0008   0.147349084518831645431E-0013   0.160475887549374960363E+0008   0.170217860952636556249E+0004
    0.999999999999997113420E+0000   0.101156032773597977114E-0008   0.965215562952855013639E-0014   0.160447322170961424708E+0008   0.112793326513563852131E+0004
    0.999999999999997113420E+0000   0.100220990256582530206E-0008   0.739512278209720529730E-0014   0.139705000414413157851E+0008   0.779736606013206255739E+0003
    0.999999999999997113420E+0000   0.100177426414274787756E-0008   0.531551907476535037567E-0014   0.139691800111063569784E+0008   0.559833973468010640318E+0003
    0.999999999999997113420E+0000   0.100146223354155805642E-0008   0.396010382804330615507E-0014   0.139682359810388516635E+0008   0.416605749704300478697E+0003
    0.999999999999997113420E+0000   0.100123225026842482246E-0008   0.305907032711454340029E-0014   0.139675411546825580299E+0008   0.321450685044721296890E+0003
    0.999999999999997113420E+0000   0.100105784145722066432E-0008   0.245699728356742148072E-0014   0.139670149191467314959E+0008   0.257892048921433456599E+0003
    0.999999999999997113420E+0000   0.100092124252565872510E-0008   0.206236107507367453316E-0014   0.139666032865098994225E+0008   0.216230667246740324572E+0003
    0.999999999999997113420E+0000   0.100080974487448938542E-0008   0.182166079529499567701E-0014   0.139662677129692267627E+0008   0.190798580387740656761E+0003
    0.999999999999997113420E+0000   0.100071359133625818545E-0008   0.170593635984940066734E-0014   0.139659786597989890724E+0008   0.178527931816257165565E+0003
    0.999999999999997113420E+0000   0.100000000000000647293E-0008  -0.224963967399277902774E-0040   0.139638367127771191299E+0008   0.000000000000000000000E+0000
    0.999999999999997113420E+0000   0.100000000000000647293E-0008  -0.224963967399277902774E-0040   0.139638367127771191299E+0008   0.000000000000000000000E+0000
    0.999999999999997113420E+0000   0.100000000000000647293E-0008  -0.224963967399280859553E-0040   0.139638367127771191299E+0008   0.000000000000000000000E+0000
    0.999999999999997113420E+0000   0.100000000000000647293E-0008  -0.224963967399277902774E-0040   0.139638367127771191299E+0008   0.000000000000000000000E+0000
    0.102083333333333148296E+0001   0.102083333333333999282E-0008  -0.229650716720096174360E-0040   0.139638367127771191299E+0008   0.000000000000000000000E+0000
    0.102083333333333148296E+0001   0.102083333333333999282E-0008  -0.229650716720096174360E-0040   0.139638367127771191299E+0008   0.000000000000000000000E+0000
    0.102083333333333148296E+0001   0.102083333333333999282E-0008  -0.229650716720096174360E-0040   0.139638367127771191299E+0008   0.000000000000000000000E+0000
    0.102083333333333148296E+0001   0.102083333333333999282E-0008  -0.229650716720096174360E-0040   0.139638367127771191299E+0008   0.000000000000000000000E+0000
    0.102083333333333148296E+0001   0.102241670503961530858E-0008  -0.394784240358869414887E-0014   0.139684301248564943671E+0008  -0.399387963535850133212E+0003
    0.102083333333333148296E+0001   0.102269759243062309251E-0008  -0.481691748968210625568E-0014   0.139692473995522465557E+0008  -0.488008784998353178253E+0003
    0.102083333333333148296E+0001   0.102306278020497407189E-0008  -0.629508901429890823378E-0014   0.139703120089133586735E+0008  -0.638632160063556170826E+0003
    0.102083333333333148296E+0001   0.102356583520708856285E-0008  -0.867121562468157207335E-0014   0.139717811941074840724E+0008  -0.880710732777897533197E+0003
    0.102083333333333148296E+0001   0.102429054549687564193E-0008  -0.125016294934239455123E-0013   0.139739014126638974994E+0008  -0.127088674373129538253E+0004
    0.102083333333333148296E+0001   0.102537965268588369880E-0008  -0.188692352352063618599E-0013   0.139770927787131890655E+0008  -0.191884104631277318731E+0004
    0.102083333333333148296E+0001   0.102709628163113572321E-0008  -0.300061570209872158321E-0013   0.139821317779359184206E+0008  -0.304998668434800356408E+0004
    0.102083333333333148296E+0001   0.102996973071263817093E-0008  -0.508152793118478192775E-0013   0.139905623263401389122E+0008  -0.514417797472798702074E+0004
    0.102083333333333148296E+0001   0.108383744051782129108E-0008  -0.982983407596068542233E-0013   0.160782572607743106782E+0008  -0.944660237496152149106E+0004
    0.102083333333333148296E+0001   0.136911663942413345035E-0008  -0.285823577840368012997E-0012   0.161356300075520537794E+0008  -0.172826033848026454507E+0005
    0.102083333333333148296E+0001   0.118541706543272065512E-0006  -0.212374102307709057225E-0009   0.167307353470181021839E+0008  -0.676354107738349848660E+0005
    0.102083333333333148296E+0001   0.579747174990677863302E-0004  -0.344106949063769906867E-0006   0.173829742442745342851E+0008  -0.142654343337106169201E+0006
    0.102083333333333148296E+0001   0.566443416638609271302E-0003  -0.327524365886986194063E-0005   0.172802036156586930156E+0008  -0.144522396898661070736E+0006
    0.102083333333333148296E+0001   0.106627005764505476682E-0002  -0.332406969394973837625E-0005   0.170675353885359875858E+0008  -0.787234740042899793480E+0005
    0.102083333333333148296E+0001   0.125684506500806656218E-0002   0.326835801942201089915E-0009   0.169822235772442258894E+0008   0.108114735926748171124E+0002
    0.102083333333333148296E+0001   0.106618493096899630626E-0002   0.332428136328026661262E-0005   0.170675651810181513429E+0008   0.787439072060176258674E+0005
    0.102083333333333148296E+0001   0.566315645364358051864E-0003   0.327458098537856561028E-0005   0.172802369658915661275E+0008   0.144533904199197801063E+0006
    0.102083333333333148296E+0001   0.579220735455822613078E-0004   0.343737127199386354733E-0006   0.173828847140923179686E+0008   0.142640838536396360723E+0006
    0.102083333333333148296E+0001   0.118428903359248669390E-0006   0.212031503017139555805E-0009   0.167305342038758080453E+0008   0.676202410306173987919E+0005
    0.102083333333333148296E+0001   0.136857256895882821030E-0008   0.285500152604555298632E-0012   0.161354281207947023213E+0008   0.172836175211131339893E+0005
    0.102083333333333148296E+0001   0.108342225980534010797E-0008   0.981904548591075705362E-0013   0.160780181923619210720E+0008   0.944926028368838706228E+0004
    0.102083333333333148296E+0001   0.105911644856520214769E-0008   0.496304556005815915066E-0013   0.160626097109389398247E+0008   0.514786475444462757878E+0004
    0.102083333333333148296E+0001   0.104640314882212127379E-0008   0.282551257180714004065E-0013   0.160541376407039873302E+0008   0.305403902971268644251E+0004
    0.102083333333333148296E+0001   0.103900672424328763100E-0008   0.173894723716472371238E-0013   0.160490574862780068070E+0008   0.192252779059344379675E+0004
    0.102083333333333148296E+0001   0.103438040225955636326E-0008   0.113581574062937078506E-0013   0.160458275412786528468E+0008   0.127308854596609148757E+0004
    0.102083333333333148296E+0001   0.102341531865290535855E-0008   0.865328247200068103974E-0014   0.139713481840749271214E+0008   0.879610675613254102245E+0003
    0.102083333333333148296E+0001   0.102290538853446350726E-0008   0.621557224775883722686E-0014   0.139698579606455117464E+0008   0.631270949949790292521E+0003
    0.102083333333333148296E+0001   0.102254040214267612273E-0008   0.462813063139387660602E-0014   0.139687927828149478883E+0008   0.469598593319307326510E+0003
    0.102083333333333148296E+0001   0.102227153587251790640E-0008   0.357350923190425747186E-0014   0.139680091275136470795E+0008   0.362228276147166980081E+0003
    0.102083333333333148296E+0001   0.102206773186217958794E-0008   0.286909975642575965314E-0014   0.139674158321800064296E+0008   0.290527441507240439478E+0003
    0.102083333333333148296E+0001   0.102190817185996953524E-0008   0.240747856524568253108E-0014   0.139669518932636138052E+0008   0.243533711600757698079E+0003
    0.102083333333333148296E+0001   0.102177797717027515578E-0008   0.212588845386524547894E-0014   0.139665737899618819356E+0008   0.214842997888333968604E+0003
    0.102083333333333148296E+0001   0.102166573418640911082E-0008   0.199035891652627512322E-0014   0.139662481904176771641E+0008   0.200988996231728066277E+0003
    0.102083333333333148296E+0001   0.102083333333333999282E-0008  -0.229650716720096174360E-0040   0.139638367127771191299E+0008   0.000000000000000000000E+0000
    0.102083333333333148296E+0001   0.102083333333333999282E-0008  -0.229650716720096174360E-0040   0.139638367127771191299E+0008   0.000000000000000000000E+0000
    0.102083333333333148296E+0001   0.102083333333333999282E-0008  -0.229650716720099233097E-0040   0.139638367127771191299E+0008   0.000000000000000000000E+0000
    0.102083333333333148296E+0001   0.102083333333333999282E-0008  -0.229650716720096174360E-0040   0.139638367127771191299E+0008   0.000000000000000000000E+0000
    0.104166666666666585250E+0001   0.104166666666667351270E-0008  -0.234337466040914394967E-0040   0.139638367127771191299E+0008   0.000000000000000000000E+0000
    0.104166666666666585250E+0001   0.104166666666667351270E-0008  -0.234337466040914394967E-0040   0.139638367127771191299E+0008   0.000000000000000000000E+0000
    0.104166666666666585250E+0001   0.104166666666667351270E-0008  -0.234337466040914394967E-0040   0.139638367127771191299E+0008   0.000000000000000000000E+0000
    0.104166666666666585250E+0001   0.104166666666667351270E-0008  -0.234337466040914394967E-0040   0.139638367127771191299E+0008   0.000000000000000000000E+0000
    0.104166666666666585250E+0001   0.104350534723882935751E-0008  -0.458744654876274725841E-0014   0.139689972569795139134E+0008  -0.448773082192977256000E+0003
    0.104166666666666585250E+0001   0.104383201255651310694E-0008  -0.560023572565765326194E-0014   0.139699164340591896325E+0008  -0.548545146320451635802E+0003
    0.104166666666666585250E+0001   0.104425699767456177006E-0008  -0.732320206002673763323E-0014   0.139711144169540870935E+0008  -0.718130649670451020938E+0003
    0.104166666666666585250E+0001   0.104484287777575092416E-0008  -0.100947480355168764150E-0013   0.139727686325476784259E+0008  -0.990773675420360973476E+0003
    0.104166666666666585250E+0001   0.104568773127457981169E-0008  -0.145676498853741385721E-0013   0.139751575855772662908E+0008  -0.143045219390761076284E+0004
    0.104166666666666585250E+0001   0.104695904475200386664E-0008  -0.220154644496259834729E-0013   0.139787566361139789224E+0008  -0.216114217033528575485E+0004
    0.104166666666666585250E+0001   0.104896675120768715372E-0008  -0.350749580221463038183E-0013   0.139844473986231815070E+0008  -0.343816261111015091956E+0004
    0.104166666666666585250E+0001   0.105233636793635298037E-0008  -0.595575047750708044713E-0013   0.139939810883560720831E+0008  -0.580475802861871761706E+0004
    0.104166666666666585250E+0001   0.111645036887766232014E-0008  -0.118690807036871696465E-0012   0.160837711182480808347E+0008  -0.106737712260216558207E+0005
    0.104166666666666585250E+0001   0.142816842447899114637E-0008  -0.353143011273170255190E-0012   0.161451577237754818052E+0008  -0.195273770721860055346E+0005
    0.104166666666666585250E+0001   0.144079074525284206319E-0006  -0.324258119446833693319E-0009   0.167633024915335867554E+0008  -0.786844366771439963486E+0005
    0.104166666666666585250E+0001   0.814669658929202070846E-0004  -0.548230371962057111903E-0006   0.174054168359293416142E+0008  -0.158900145080168702407E+0006
    0.104166666666666585250E+0001   0.659649794356140109844E-0003  -0.408097515334408717555E-0005   0.172452736817467883229E+0008  -0.153786497296975692734E+0006
    0.104166666666666585250E+0001   0.119814659294098816919E-0002  -0.394753389110014144084E-0005   0.170111228304351866245E+0008  -0.823139903196845116327E+0005
    0.104166666666666585250E+0001   0.140164044261380346841E-0002   0.426205143964763407133E-0009   0.169191493992169164121E+0008   0.124556470727769568185E+0002
    0.104166666666666585250E+0001   0.119804475508384191199E-0002   0.394783707188818184272E-0005   0.170111600997403599322E+0008   0.823379626476080884458E+0005
    0.104166666666666585250E+0001   0.659493326454689164293E-0003   0.408013150025599583898E-0005   0.172453191733147278428E+0008   0.153800584782385500148E+0006
    0.104166666666666585250E+0001   0.813870046497825377690E-0004   0.547604491936884024027E-0006   0.174053396173604167998E+0008   0.158884633155619259924E+0006
    0.104166666666666585250E+0001   0.143910644000860297323E-0006   0.323647238028304863836E-0009   0.167630687046341225505E+0008   0.786661100319992838195E+0005
    0.104166666666666585250E+0001   0.142749757648296830086E-0008   0.352678955690548500527E-0012   0.161449296434732805938E+0008   0.195280652160537647433E+0005
    0.104166666666666585250E+0001   0.111595248210118345311E-0008   0.118537046446491189950E-0012   0.160835020737250279635E+0008   0.106766251434004680050E+0005
    0.104166666666666585250E+0001   0.108671303804438307086E-0008   0.590346932928957200685E-0013   0.160659938563143368810E+0008   0.580883223884515155078E+0004
    0.104166666666666585250E+0001   0.107161970105463416159E-0008   0.333528146898144102682E-0013   0.160564136493619624525E+0008   0.344268817761168793368E+0004
    0.104166666666666585250E+0001   0.106289678248310794641E-0008   0.204291287580134527373E-0013   0.160506767113783787936E+0008   0.216527893052682429698E+0004
    0.104166666666666585250E+0001   0.105746422679619404754E-0008   0.133027833397417346074E-0013   0.160470343353891521692E+0008   0.143293573100204298498E+0004
    0.104166666666666585250E+0001   0.104466794558112469494E-0008   0.100734687507836893352E-0013   0.139722822081285845488E+0008   0.989560870725323752595E+0003
    0.104166666666666585250E+0001   0.104407410328365159646E-0008   0.723067827974400092880E-0014   0.139706043089450411499E+0008   0.709897426141037840353E+0003
    0.104166666666666585250E+0001   0.104364935770741873500E-0008   0.538106123662499478527E-0014   0.139694056074968557805E+0008   0.527914308713098421322E+0003
    0.104166666666666585250E+0001   0.104333664371071916013E-0008   0.415303015807297169474E-0014   0.139685240887813139707E+0008   0.407095172713585782276E+0003
    0.104166666666666585250E+0001   0.104309970981103513533E-0008   0.333313722107196619236E-0014   0.139678569377299081534E+0008   0.326431068031366066862E+0003
    0.104166666666666585250E+0001   0.104291428371886559444E-0008   0.279594591356101076869E-0014   0.139673354082444254309E+0008   0.273567622472916127663E+0003
    0.104166666666666585250E+0001   0.104276303516628811969E-0008   0.246822078730324463772E-0014   0.139669104906515069306E+0008   0.241289726547860709616E+0003
    0.104166666666666585250E+0001   0.104263268121760499485E-0008   0.231031956282991594759E-0014   0.139665446723335739225E+0008   0.225692107595581205715E+0003
    0.104166666666666585250E+0001   0.104166666666667351270E-0008  -0.234337466040914394967E-0040   0.139638367127771191299E+0008   0.000000000000000000000E+0000
    0.104166666666666585250E+0001   0.104166666666667351270E-0008  -0.234337466040914394967E-0040   0.139638367127771191299E+0008   0.000000000000000000000E+0000
    0.104166666666666585250E+0001   0.104166666666667351270E-0008  -0.234337466040917657620E-0040   0.139638367127771191299E+0008   0.000000000000000000000E+0000
    0.104166666666666585250E+0001   0.104166666666667351270E-0008  -0.234337466040914394967E-0040   0.139638367127771191299E+0008   0.000000000000000000000E+0000
    0.106250000000000022204E+0001   0.106250000000000703259E-0008  -0.239024215361732666553E-0040   0.139638367127771191299E+0008   0.000000000000000000000E+0000
    0.106250000000000022204E+0001   0.106250000000000703259E-0008  -0.239024215361732666553E-0040   0.139638367127771191299E+0008   0.000000000000000000000E+0000
    0.106250000000000022204E+0001   0.106250000000000703259E-0008  -0.239024215361732666553E-0040   0.139638367127771191299E+0008   0.000000000000000000000E+0000
    0.106250000000000022204E+0001   0.106250000000000703259E-0008  -0.239024215361732666553E-0040   0.139638367127771191299E+0008   0.000000000000000000000E+0000
    0.106250000000000022204E+0001   0.106462555292910538379E-0008  -0.530673944844119667658E-0014   0.139696292070918735117E+0008  -0.503802909883368897681E+0003
    0.106250000000000022204E+0001   0.106500375738587945530E-0008  -0.648168716618987394269E-0014   0.139706620983035229146E+0008  -0.616028000760828035709E+0003
    0.106250000000000022204E+0001   0.106549612233446599727E-0008  -0.848095820628760636761E-0014   0.139720090232411921024E+0008  -0.806792261166090383995E+0003
    0.106250000000000022204E+0001   0.106617542497050390025E-0008  -0.116992434049260866360E-0013   0.139738700399414058775E+0008  -0.111358980641223274688E+0004
    0.106250000000000022204E+0001   0.106715597445249724139E-0008  -0.168991311999345256496E-0013   0.139765596695122458041E+0008  -0.160863131617314274990E+0004
    0.106250000000000022204E+0001   0.106863345128288550000E-0008  -0.255719761215856255617E-0013   0.139806154583478514105E+0008  -0.243196890313802077799E+0004
    0.106250000000000022204E+0001   0.107097145232594391313E-0008  -0.408195197341047583945E-0013   0.139870381454641520977E+0008  -0.387261634292298413129E+0004
    0.106250000000000022204E+0001   0.107490615361595095349E-0008  -0.695040207780088574377E-0013   0.139978125622111856937E+0008  -0.654579856192736042431E+0004
    0.106250000000000022204E+0001   0.115102751164669013530E-0008  -0.143091750686285990305E-0012   0.160899761794911045581E+0008  -0.120447139554732129909E+0005
    0.106250000000000022204E+0001   0.149352939887826091517E-0008  -0.437332440748567082123E-0012   0.161559711835950687528E+0008  -0.220986643857524722989E+0005
    0.106250000000000022204E+0001   0.180432272255859739739E-0006  -0.508526651320211760638E-0009   0.168011161241356469691E+0008  -0.908894512627404765226E+0005
    0.106250000000000022204E+0001   0.114253253626424202804E-0003  -0.864540067132474380579E-0006   0.174216474761250056326E+0008  -0.176378566957988281501E+0006
    0.106250000000000022204E+0001   0.764746589236451040222E-0003  -0.504872978858620746583E-0005   0.172055241909263581038E+0008  -0.163283035903249809053E+0006
    0.106250000000000022204E+0001   0.134359673716997031837E-0002  -0.466798061070905868848E-0005   0.169491404643493294716E+0008  -0.858215631453765236074E+0005
    0.106250000000000022204E+0001   0.156099595698986899454E-0002   0.552423978499002907810E-0009   0.168500652403734326363E+0008   0.142998313134794923229E+0002
    0.106250000000000022204E+0001   0.134347518698264530371E-0002   0.466840681584585716552E-0005   0.169491864928546547890E+0008   0.858495596989141922677E+0005
    0.106250000000000022204E+0001   0.764555436436420736077E-0003   0.504765894968971100579E-0005   0.172055844564251378179E+0008   0.163300242488688701997E+0006
    0.106250000000000022204E+0001   0.114135501818906961980E-0003   0.863519879005893950077E-0006   0.174215917871961332858E+0008   0.176361263940815726528E+0006
    0.106250000000000022204E+0001   0.180171649313503097477E-0006   0.507406699570469603812E-0009   0.168008438433783128858E+0008   0.908674544538217596710E+0005
    0.106250000000000022204E+0001   0.149269992273766681660E-0008   0.436666523520309148817E-0012   0.161557130564655177295E+0008   0.220986136202908273845E+0005
    0.106250000000000022204E+0001   0.115043098251212389291E-0008   0.142875017161855603069E-0012   0.160896734835143908858E+0008   0.120477155479425782687E+0005
    0.106250000000000022204E+0001   0.111531576756359452047E-0008   0.700252260744650052336E-0013   0.160697866419484447688E+0008   0.655026135749433706223E+0004
    0.106250000000000022204E+0001   0.109745035199694394638E-0008   0.392348865102446157750E-0013   0.160589602050245776772E+0008   0.387764948498685134837E+0004
    0.106250000000000022204E+0001   0.108719898375700443691E-0008   0.239092067458075182973E-0013   0.160524857796602584422E+0008   0.243659767122246739746E+0004
    0.106250000000000022204E+0001   0.108084406052660494721E-0008   0.155181163905040628576E-0013   0.160483813907565027475E+0008   0.161142488048865061501E+0004
    0.106250000000000022204E+0001   0.106597301208310853962E-0008   0.116740105967045142790E-0013   0.139733240945013631135E+0008   0.111225109198811537681E+0004
    0.106250000000000022204E+0001   0.106528453511688755268E-0008   0.837369204757534392810E-0014   0.139714364433451406658E+0008   0.797590099725023492283E+0003
    0.106250000000000022204E+0001   0.106479245830401814763E-0008   0.622829527162243278851E-0014   0.139700886228508576751E+0008   0.592928480683938232687E+0003
    0.106250000000000022204E+0001   0.106443037677694063377E-0008   0.480478780434603522066E-0014   0.139690978747090529650E+0008   0.457099482512124268396E+0003
    0.106250000000000022204E+0001   0.106415616416183727404E-0008   0.385478736124316289334E-0014   0.139683483298762887716E+0008   0.366434691063961452073E+0003
    0.106250000000000022204E+0001   0.106394164698238211221E-0008   0.323248068247342435565E-0014   0.139677625787933822721E+0008   0.307023104217523098214E+0003
    0.106250000000000022204E+0001   0.106376672964497661447E-0008   0.285278866355800782228E-0014   0.139672854762183614075E+0008   0.270743092649606523992E+0003
    0.106250000000000022204E+0001   0.106361602294604898468E-0008   0.266965833701772868292E-0014   0.139668748402127325535E+0008   0.253198769970576108790E+0003
    0.106250000000000022204E+0001   0.106250000000000703259E-0008  -0.239024215361732666553E-0040   0.139638367127771191299E+0008   0.000000000000000000000E+0000
    0.106250000000000022204E+0001   0.106250000000000703259E-0008  -0.239024215361732666553E-0040   0.139638367127771191299E+0008   0.000000000000000000000E+0000
    0.106250000000000022204E+0001   0.106250000000000703259E-0008  -0.239024215361736031164E-0040   0.139638367127771191299E+0008   0.000000000000000000000E+0000
    0.106250000000000022204E+0001   0.106250000000000703259E-0008  -0.239024215361732666553E-0040   0.139638367127771191299E+0008   0.000000000000000000000E+0000
    0.108333333333333459159E+0001   0.108333333333334055247E-0008  -0.243710964682550938140E-0040   0.139638367127771191299E+0008   0.000000000000000000000E+0000
    0.108333333333333459159E+0001   0.108333333333334055247E-0008  -0.243710964682550938140E-0040   0.139638367127771191299E+0008   0.000000000000000000000E+0000
    0.108333333333333459159E+0001   0.108333333333334055247E-0008  -0.243710964682550938140E-0040   0.139638367127771191299E+0008   0.000000000000000000000E+0000
    0.108333333333333459159E+0001   0.108333333333334055247E-0008  -0.243710964682550938140E-0040   0.139638367127771191299E+0008   0.000000000000000000000E+0000
    0.108333333333333459159E+0001   0.108578126324675873951E-0008  -0.611582485602794252095E-0014   0.139703448019773531705E+0008  -0.566147107077892769667E+0003
    0.108333333333333459159E+0001   0.108621751111324186848E-0008  -0.747383924802031580432E-0014   0.139715067441887911409E+0008  -0.692540945083740666632E+0003
    0.108333333333333459159E+0001   0.108678582960351636966E-0008  -0.978516265490890169872E-0014   0.139730228859081920236E+0008  -0.907409289330650267402E+0003
    0.108333333333333459159E+0001   0.108757056033808506497E-0008  -0.135085250856721019219E-0013   0.139751191495146751404E+0008  -0.125311830415640838510E+0004
    0.108333333333333459159E+0001   0.108870446999053481222E-0008  -0.195317584329405645867E-0013   0.139781513551970124245E+0008  -0.181133781417851514561E+0004
    0.108333333333333459159E+0001   0.109041541324724894015E-0008  -0.295955849079774705818E-0013   0.139827285503170192242E+0008  -0.274066740048600831869E+0004
    0.108333333333333459159E+0001   0.109312865327734863936E-0008  -0.473375585484545799483E-0013   0.139899894644169881940E+0008  -0.436913011024517254555E+0004
    0.108333333333333459159E+0001   0.109770795512995794945E-0008  -0.808414064057463390936E-0013   0.140021886838324833661E+0008  -0.739654505127894026373E+0004
    0.108333333333333459159E+0001   0.118798054257695566642E-0008  -0.172522036858304462431E-0012   0.160970956481076702476E+0008  -0.136095250497462602652E+0005
    0.108333333333333459159E+0001   0.156698889450823401514E-0008  -0.544661857907809377562E-0012   0.161685889237902667373E+0008  -0.251713469668193174584E+0005
    0.108333333333333459159E+0001   0.235385292945743745141E-0006  -0.828881801050892323354E-0009   0.168455593314358815551E+0008  -0.104518258991601294838E+0006
    0.108333333333333459159E+0001   0.159166705170058983294E-0003  -0.134434824715400645632E-0005   0.174298299534950964153E+0008  -0.195229258946034358814E+0006
    0.108333333333333459159E+0001   0.884708739694151200146E-0003  -0.622348413321593298803E-0005   0.171597842689609117806E+0008  -0.173061289231712755281E+0006
    0.108333333333333459159E+0001   0.150608231338918065884E-0002  -0.550932260756938769997E-0005   0.168801657367053888738E+0008  -0.892641197476259549148E+0005
    0.108333333333333459159E+0001   0.173866632864123058823E-0002   0.714818982813410239962E-0009   0.167733530130220074207E+0008   0.164542379206265749758E+0002
    0.108333333333333459159E+0001   0.150593692202767408250E-0002   0.550991401514745751341E-0005   0.168802222651069648564E+0008   0.892968032729248516262E+0005
    0.108333333333333459159E+0001   0.884475033187606110227E-0003   0.622212541239036145101E-0005   0.171598629828922152519E+0008   0.173082502120615041349E+0006
    0.108333333333333459159E+0001   0.158999241290499516727E-0003   0.134275200160090966625E-0005   0.174298046703860163689E+0008   0.195210790510135091608E+0006
    0.108333333333333459159E+0001   0.234961995455402094151E-0006   0.826738203677057008223E-0009   0.168452414168017692864E+0008   0.104491731816459054244E+0006
    0.108333333333333459159E+0001   0.156595712176551592586E-0008   0.543698265611158158443E-0012   0.161682951201224885881E+0008   0.251696652387501198973E+0005
    0.108333333333333459159E+0001   0.118726532603365640626E-0008   0.172218198123441945056E-0012   0.160967544498292803764E+0008   0.136125729494194201834E+0005
    0.108333333333333459159E+0001   0.114510101665723917108E-0008   0.829386050280066224979E-0013   0.160741187644273638725E+0008   0.740137489030804044887E+0004
    0.108333333333333459159E+0001   0.112399221633557057954E-0008   0.460457727339729550457E-0013   0.160618613995203785598E+0008   0.437470622410400119406E+0004
    0.108333333333333459159E+0001   0.111197413012916862693E-0008   0.279032584087018236993E-0013   0.160545424989291802049E+0008   0.274583935883738968187E+0004
    0.108333333333333459159E+0001   0.110456160992782031838E-0008   0.180463534415073960876E-0013   0.160499107541068382561E+0008   0.181447816565980883752E+0004
    0.108333333333333459159E+0001   0.108733720579506547918E-0008   0.134785953682439405985E-0013   0.139745058010994922370E+0008   0.125163911279389913034E+0004
    0.108333333333333459159E+0001   0.108654195092255087111E-0008   0.966116028014667698773E-0014   0.139723795555285718292E+0008   0.897117300919468789289E+0003
    0.108333333333333459159E+0001   0.108597398291857079374E-0008   0.718189421312559516173E-0014   0.139708623006930220872E+0008   0.666658469080434542775E+0003
    0.108333333333333459159E+0001   0.108555630241773331317E-0008   0.553793971910688271073E-0014   0.139697475524637848139E+0008   0.513770767158729313451E+0003
    0.108333333333333459159E+0001   0.108524013238878245272E-0008   0.444130168035116172834E-0014   0.139689045403755642474E+0008   0.411746941093617522256E+0003
    0.108333333333333459159E+0001   0.108499289044059428363E-0008   0.372309692733919095416E-0014   0.139682459825974758714E+0008   0.344899973495342749175E+0003
    0.108333333333333459159E+0001   0.108479136022784337732E-0008   0.328484973518765637072E-0014   0.139677097527528889477E+0008   0.304074919651832999534E+0003
    0.108333333333333459159E+0001   0.108461777851903481426E-0008   0.307325621817073140870E-0014   0.139672483629699144512E+0008   0.284316755089586251870E+0003
    0.108333333333333459159E+0001   0.108333333333334055247E-0008  -0.243710964682550938140E-0040   0.139638367127771191299E+0008   0.000000000000000000000E+0000
    0.108333333333333459159E+0001   0.108333333333334055247E-0008  -0.243710964682550938140E-0040   0.139638367127771191299E+0008   0.000000000000000000000E+0000
    0.108333333333333459159E+0001   0.108333333333334055247E-0008  -0.243710964682554455686E-0040   0.139638367127771191299E+0008   0.000000000000000000000E+0000
    0.108333333333333459159E+0001   0.108333333333334055247E-0008  -0.243710964682550938140E-0040   0.139638367127771191299E+0008   0.000000000000000000000E+0000
    0.110416666666666896113E+0001   0.110416666666667407236E-0008  -0.248397714003369158747E-0040   0.139638367127771191299E+0008   0.000000000000000000000E+0000
    0.110416666666666896113E+0001   0.110416666666667407236E-0008  -0.248397714003369158747E-0040   0.139638367127771191299E+0008   0.000000000000000000000E+0000
    0.110416666666666896113E+0001   0.110416666666667407236E-0008  -0.248397714003369158747E-0040   0.139638367127771191299E+0008   0.000000000000000000000E+0000
    0.110416666666666896113E+0001   0.110416666666667407236E-0008  -0.248397714003369158747E-0040   0.139638367127771191299E+0008   0.000000000000000000000E+0000
    0.110416666666666896113E+0001   0.110697765591525987330E-0008  -0.702805356798584053089E-0014   0.139711717879278976470E+0008  -0.638278716801612063136E+0003
    0.110416666666666896113E+0001   0.110747943562923262248E-0008  -0.859336249000287778199E-0014   0.139724833456007633358E+0008  -0.781180598095912614554E+0003
    0.110416666666666896113E+0001   0.110813359902495349929E-0008  -0.112582067354187235937E-0013   0.139741959776819124818E+0008  -0.102414703469340861375E+0004
    0.110416666666666896113E+0001   0.110903764309869711593E-0008  -0.155545053298867405245E-0013   0.139765658915062025189E+0008  -0.141528992715723393303E+0004
    0.110416666666666896113E+0001   0.111034540983883814885E-0008  -0.225136571574556155312E-0013   0.139799974769250117242E+0008  -0.204747345186280040252E+0004
    0.110416666666666896113E+0001   0.111232164169123777094E-0008  -0.341636162854487650637E-0013   0.139851842316622436047E+0008  -0.310139549169915881066E+0004
    0.110416666666666896113E+0001   0.111546286331344163385E-0008  -0.547636888693074795733E-0013   0.139934291196324825287E+0008  -0.495176749062307590066E+0004
    0.110416666666666896113E+0001   0.112078091042755937203E-0008  -0.938317582160137454130E-0013   0.140073085839933604002E+0008  -0.840221711510089517105E+0004
    0.110416666666666896113E+0001   0.122789908879713106403E-0008  -0.208503428417177650784E-0012   0.161054646841369420290E+0008  -0.154453190994402775686E+0005
    0.110416666666666896113E+0001   0.165140678672979785997E-0008  -0.686014721771017703642E-0012   0.161839027809551786631E+0008  -0.290864109130222932436E+0005
    0.110416666666666896113E+0001   0.325036515856755576919E-0006  -0.142807861989495255907E-0008   0.168983973803502991796E+0008  -0.120019224910906879813E+0006
    0.110416666666666896113E+0001   0.219470000088780854784E-0003  -0.205622019122631066320E-0005   0.174284863212259896100E+0008  -0.215555817156006494770E+0006
    0.110416666666666896113E+0001   0.102372742569421240275E-0002  -0.766946951884721990142E-0005   0.171062919141598679125E+0008  -0.183129258461889694445E+0006
    0.110416666666666896113E+0001   0.169054419603816615675E-0002  -0.650617407810079930461E-0005   0.168021584313920550048E+0008  -0.926763205447155633010E+0005
    0.110416666666666896113E+0001   0.193991867213498840258E-0002   0.928407910182209378700E-0009   0.166867724704023804516E+0008   0.190968714043523775103E+0002
    0.110416666666666896113E+0001   0.169036907842834817697E-0002   0.650698946598192540605E-0005   0.168022279867813885212E+0008   0.927146239220624702284E+0005
    0.110416666666666896113E+0001   0.102344078624980378868E-0002   0.766774592940813555703E-0005   0.171063940772371925414E+0008   0.183155924230661505135E+0006
    0.110416666666666896113E+0001   0.219239631197468647474E-0003   0.205381812699746391603E-0005   0.174284985770112574100E+0008   0.215537691037797310855E+0006
    0.110416666666666896113E+0001   0.324302614381012643231E-0006   0.142371075358839890448E-0008   0.168980254516274407506E+0008   0.119986699119932032772E+0006
    0.110416666666666896113E+0001   0.165010896983819805878E-0008   0.684590617874332050971E-0012   0.161835646112021151930E+0008   0.290811764133579417830E+0005
    0.110416666666666896113E+0001   0.122703907160208147402E-0008   0.208077126680315747819E-0012   0.161050784163059797138E+0008   0.154482448698579719348E+0005
    0.110416666666666896113E+0001   0.117631441302581473208E-0008   0.982632672660430763199E-0013   0.160791875363365970552E+0008   0.840736464544844238844E+0004
    0.110416666666666896113E+0001   0.115137794340178185480E-0008   0.539892129225543586280E-0013   0.160652430098175425082E+0008   0.495792681414986236632E+0004
    0.110416666666666896113E+0001   0.113730427617295070058E-0008   0.325131827122586994940E-0013   0.160569329889250136912E+0008   0.310717745719011054462E+0004
    0.110416666666666896113E+0001   0.112867270155388941108E-0008   0.209452036584961192814E-0013   0.160516848418215829879E+0008   0.205101166896818085661E+0004
    0.110416666666666896113E+0001   0.110876936391745348348E-0008   0.155189525586519430083E-0013   0.139758746450288183987E+0008   0.141365554066269191935E+0004
    0.110416666666666896113E+0001   0.110785329195600135120E-0008   0.111151360688879941740E-0013   0.139734708686420880258E+0008   0.101261119827549975980E+0004
    0.110416666666666896113E+0001   0.110719955950954907061E-0008   0.825786955903625129267E-0014   0.139717568423933088779E+0008   0.752105818632959199022E+0003
    0.110416666666666896113E+0001   0.110671910542606266365E-0008   0.636460287966583891019E-0014   0.139704982697254624218E+0008   0.579378488841067564863E+0003
    0.110416666666666896113E+0001   0.110635559878897091484E-0008   0.510224853796643954564E-0014   0.139695469608208965510E+0008   0.464156692601989789182E+0003
    0.110416666666666896113E+0001   0.110607145927993615117E-0008   0.427571099931794379118E-0014   0.139688041214604917914E+0008   0.388674754101613530111E+0003
    0.110416666666666896113E+0001   0.110583993875238924903E-0008   0.377131012287634948289E-0014   0.139681995016754325479E+0008   0.342570160599780763278E+0003
    0.110416666666666896113E+0001   0.110564059108812700110E-0008   0.352751334126051708677E-0014   0.139676794507166333497E+0008   0.320234639237784620036E+0003
    0.110416666666666896113E+0001   0.110416666666667407236E-0008  -0.248397714003369158747E-0040   0.139638367127771191299E+0008   0.000000000000000000000E+0000
    0.110416666666666896113E+0001   0.110416666666667407236E-0008  -0.248397714003369158747E-0040   0.139638367127771191299E+0008   0.000000000000000000000E+0000
    0.110416666666666896113E+0001   0.110416666666667407236E-0008  -0.248397714003372829230E-0040   0.139638367127771191299E+0008   0.000000000000000000000E+0000
    0.110416666666666896113E+0001   0.110416666666667407236E-0008  -0.248397714003369158747E-0040   0.139638367127771191299E+0008   0.000000000000000000000E+0000
    0.112500000000000333067E+0001   0.112500000000000759224E-0008  -0.253084463324187430333E-0040   0.139638367127771191299E+0008   0.000000000000000000000E+0000
    0.112500000000000333067E+0001   0.112500000000000759224E-0008  -0.253084463324187430333E-0040   0.139638367127771191299E+0008   0.000000000000000000000E+0000
    0.112500000000000333067E+0001   0.112500000000000759224E-0008  -0.253084463324187430333E-0040   0.139638367127771191299E+0008   0.000000000000000000000E+0000
    0.112500000000000333067E+0001   0.112500000000000759224E-0008  -0.253084463324187430333E-0040   0.139638367127771191299E+0008   0.000000000000000000000E+0000
    0.112500000000000333067E+0001   0.112822175023735120241E-0008  -0.806163239057166893181E-0014   0.139721516980272531509E+0008  -0.723897935875986263454E+0003
    0.112500000000000333067E+0001   0.112879789552604085881E-0008  -0.986307752018027342917E-0014   0.139736412636096160859E+0008  -0.886579321692218627504E+0003
    0.112500000000000333067E+0001   0.112954960289811120312E-0008  -0.129308765640957262048E-0013   0.139755881416241880506E+0008  -0.116323445626286911647E+0004
    0.112500000000000333067E+0001   0.113058943518050816691E-0008  -0.178812906942491848518E-0013   0.139782850257043968886E+0008  -0.160896900975257813116E+0004
    0.112500000000000333067E+0001   0.113209547854515181823E-0008  -0.259117809222866314648E-0013   0.139821951258783824742E+0008  -0.233032846287877555369E+0004
    0.112500000000000333067E+0001   0.113437512314276638363E-0008  -0.393846170442091917314E-0013   0.139881148326962273568E+0008  -0.353526622427075062660E+0004
    0.112500000000000333067E+0001   0.113800803338337508170E-0008  -0.632890596539535734799E-0013   0.139975485945731159300E+0008  -0.565625142722908731230E+0004
    0.112500000000000333067E+0001   0.114417990320364822184E-0008  -0.108854942032651020502E-0012   0.140134726903470214456E+0008  -0.963019604770618752809E+0004
    0.112500000000000333067E+0001   0.127166825599073799690E-0008  -0.253428079839366668557E-0012   0.161155861327981557697E+0008  -0.176658630687429140380E+0005
    0.112500000000000333067E+0001   0.175181498771166839466E-0008  -0.882706799007444003549E-0012   0.162034900448276512325E+0008  -0.345226391096654333523E+0005
    0.112500000000000333067E+0001   0.486203327728257220668E-0006  -0.266336723259670806641E-0008   0.169618841428391858935E+0008  -0.138126985791768005583E+0006
    0.112500000000000333067E+0001   0.299254710988044255078E-0003  -0.309496656653745263874E-0005   0.174165062199671082199E+0008  -0.237327588042889576172E+0006
    0.112500000000000333067E+0001   0.118783461005955671627E-0002  -0.948049131224949773113E-0005   0.170424740665902867913E+0008  -0.193443690438149962574E+0006
    0.112500000000000333067E+0001   0.190431416463428455389E-0002  -0.771101699362551569516E-0005   0.167120464973989501595E+0008  -0.961366619562225678237E+0005
    0.112500000000000333067E+0001   0.217249635753966833379E-0002   0.121862247355420744372E-0008   0.165870276185773629695E+0008   0.224816317301555415042E+0002
    0.112500000000000333067E+0001   0.190410072468520695857E-0002   0.771214299297572300506E-0005   0.167121329083611592650E+0008   0.961818914677732682321E+0005
    0.112500000000000333067E+0001   0.118748103222240464563E-0002   0.947830842552203140167E-0005   0.170426063680646866560E+0008   0.193478062487062125001E+0006
    0.112500000000000333067E+0001   0.298945460924958633219E-0003   0.309145980915022994051E-0005   0.174165615694357492030E+0008   0.237313090550903143594E+0006
    0.112500000000000333067E+0001   0.484814761065309599051E-0006   0.265365209989025430839E-0008   0.169614487095948606730E+0008   0.138086047926092316629E+0006
    0.112500000000000333067E+0001   0.175014954568931208270E-0008   0.880511907733114584009E-0012   0.162030936267691124231E+0008   0.345099153121648196247E+0005
    0.112500000000000333067E+0001   0.127062789039601653868E-0008   0.252825030097413989862E-0012   0.161151457136978860945E+0008   0.176684331249732240394E+0005
    0.112500000000000333067E+0001   0.120931260810262249823E-0008   0.116740717984034565837E-0012   0.160852906930225845426E+0008   0.963558809631747681124E+0004
    0.112500000000000333067E+0001   0.117979560101254149278E-0008   0.633642434791699358123E-0013   0.160692935642692781985E+0008   0.566304982613345873688E+0004
    0.112500000000000333067E+0001   0.116330414860054273621E-0008   0.378855419446125970647E-0013   0.160597862985414024442E+0008   0.354175228636409337923E+0004
    0.112500000000000333067E+0001   0.115325466353768459628E-0008   0.242964771146764617708E-0013   0.160537971330714598298E+0008   0.233433910806983431030E+0004
    0.112500000000000333067E+0001   0.113028153767919009207E-0008   0.178389333263911103924E-0013   0.139775014792717937380E+0008   0.160716566586784097126E+0004
    0.112500000000000333067E+0001   0.112922799830133583023E-0008   0.127659467496139453678E-0013   0.139747661130280923098E+0008   0.115025191336441366730E+0004
    0.112500000000000333067E+0001   0.112847682646554777525E-0008   0.947815418876635134492E-0014   0.139728174607554096729E+0008   0.853761119434989382171E+0003
    0.112500000000000333067E+0001   0.112792513423683095779E-0008   0.730132193362578589475E-0014   0.139713876706399638206E+0008   0.657318548752742685792E+0003
    0.112500000000000333067E+0001   0.112750795616102042687E-0008   0.585065679521797575867E-0014   0.139703076107125692070E+0008   0.526340943671705417728E+0003
    0.112500000000000333067E+0001   0.112718201242859389204E-0008   0.490107640426847687018E-0014   0.139694646879625078291E+0008   0.440557079589691397814E+0003
    0.112500000000000333067E+0001   0.112691653539480445978E-0008   0.432153138352316677702E-0014   0.139687789415976405144E+0008   0.388151748437759351873E+0003
    0.112500000000000333067E+0001   0.112668803084053055984E-0008   0.404109020173039668964E-0014   0.139681893710226416588E+0008   0.362731087933016283387E+0003
    0.112500000000000333067E+0001   0.112500000000000759224E-0008  -0.253084463324187430333E-0040   0.139638367127771191299E+0008   0.000000000000000000000E+0000
    0.112500000000000333067E+0001   0.112500000000000759224E-0008  -0.253084463324187430333E-0040   0.139638367127771191299E+0008   0.000000000000000000000E+0000
    0.112500000000000333067E+0001   0.112500000000000759224E-0008  -0.253084463324191253753E-0040   0.139638367127771191299E+0008   0.000000000000000000000E+0000
    0.112500000000000333067E+0001   0.112500000000000759224E-0008  -0.253084463324187430333E-0040   0.139638367127771191299E+0008   0.000000000000000000000E+0000
    0.114583333333333770021E+0001   0.114583333333334111213E-0008  -0.257771212645005701919E-0040   0.139638367127771191299E+0008   0.000000000000000000000E+0000
    0.114583333333333770021E+0001   0.114583333333334111213E-0008  -0.257771212645005701919E-0040   0.139638367127771191299E+0008   0.000000000000000000000E+0000
    0.114583333333333770021E+0001   0.114583333333334111213E-0008  -0.257771212645005701919E-0040   0.139638367127771191299E+0008   0.000000000000000000000E+0000
    0.114583333333333770021E+0001   0.114583333333334111213E-0008  -0.257771212645005701919E-0040   0.139638367127771191299E+0008   0.000000000000000000000E+0000
    0.114583333333333770021E+0001   0.114952336850004826534E-0008  -0.924216592597063418120E-0014   0.139733484281920492649E+0008  -0.828678175190728325106E+0003
    0.114583333333333770021E+0001   0.115018460943124996054E-0008  -0.113151738846930255360E-0013   0.139750564074610024691E+0008  -0.101582576381566479995E+0004
    0.114583333333333770021E+0001   0.115104811598464131770E-0008  -0.148467480716524692005E-0013   0.139772913555500172079E+0008  -0.133418100847195046299E+0004
    0.114583333333333770021E+0001   0.115224388678864612023E-0008  -0.205515744726022947161E-0013   0.139803913713984508067E+0008  -0.184764951194826790015E+0004
    0.114583333333333770021E+0001   0.115397821958826620880E-0008  -0.298218032441374963212E-0013   0.139848932741040363908E+0008  -0.268005395671382484579E+0004
    0.114583333333333770021E+0001   0.115660844891076910947E-0008  -0.454148692391743336646E-0013   0.139917231985893920064E+0008  -0.407413802758722385988E+0004
    0.114583333333333770021E+0001   0.116081262381676099767E-0008  -0.731914506407164805709E-0013   0.140026410031821988523E+0008  -0.653597553994469581085E+0004
    0.114583333333333770021E+0001   0.116798434583901855226E-0008  -0.126474248075820622857E-0012   0.140211428664372693747E+0008  -0.111809873556268648827E+0005
    0.114583333333333770021E+0001   0.132068779977285541586E-0008  -0.311277206850991764908E-0012   0.161282303252130392939E+0008  -0.204386231354877891135E+0005
    0.114583333333333770021E+0001   0.187813757052539247244E-0008  -0.118271809479904832853E-0011   0.162301186239989772439E+0008  -0.427626965325908604427E+0005
    0.114583333333333770021E+0001   0.814435689320213352497E-0006  -0.556111006803362804880E-0008   0.170390805653374940157E+0008  -0.160031263281164370710E+0006
    0.114583333333333770021E+0001   0.404629158770603101353E-0003  -0.460403527034558660995E-0005   0.173925127099865116179E+0008  -0.260232097122093720827E+0006
    0.114583333333333770021E+0001   0.138613163044907627269E-0002  -0.117994742579399706334E-0004   0.169644808158060312271E+0008  -0.203891829772359953495E+0006
    0.114583333333333770021E+0001   0.215873287080664989085E-0002  -0.920779452894800669966E-0005   0.166049734102297835052E+0008  -0.998030691788209223887E+0005
    0.114583333333333770021E+0001   0.244833586235227405881E-0002   0.163047616745285202551E-0008   0.164689699292973987758E+0008   0.269446150138313456068E+0002
    0.114583333333333770021E+0001   0.215846832136608671182E-0002   0.920936793100275211924E-0005   0.166050826158732119948E+0008   0.998570739963354135398E+0005
    0.114583333333333770021E+0001   0.138569118313013614832E-0002   0.117967180305302396959E-0004   0.169646525287052430212E+0008   0.203937310382233088603E+0006
    0.114583333333333770021E+0001   0.404217974709119415820E-0003   0.459900042488927382928E-0005   0.173926185105476751924E+0008   0.260227056657540408196E+0006
    0.114583333333333770021E+0001   0.811481419973806062415E-0006   0.553671607500857318379E-0008   0.170385701243627294898E+0008   0.159978127356522891205E+0006
    0.114583333333333770021E+0001   0.187592258915508631983E-0008   0.117907048626797710394E-0011   0.162296424002856444567E+0008   0.427356509844488173258E+0005
    0.114583333333333770021E+0001   0.131941595002770634311E-0008   0.310409042365605344282E-0012   0.161277228735014740378E+0008   0.204405346422393304238E+0005
    0.114583333333333770021E+0001   0.124463646841780505856E-0008   0.139547950035715405241E-0012   0.160928859965374097228E+0008   0.111865321021381387254E+0005
    0.114583333333333770021E+0001   0.120952213892875891665E-0008   0.746268197594281181192E-0013   0.160743016508647277951E+0008   0.654350016512393722223E+0004
    0.114583333333333770021E+0001   0.119013999998597203756E-0008   0.442388351042148152979E-0013   0.160633002353852298111E+0008   0.408146711037084696727E+0004
    0.114583333333333770021E+0001   0.117841837915859764110E-0008   0.282202210515082119941E-0013   0.160563910489592682570E+0008   0.268464842600541669526E+0004
    0.114583333333333770021E+0001   0.115189067728376300289E-0008   0.205008539194227418658E-0013   0.139794951166144777089E+0008   0.184566436312708469814E+0004
    0.114583333333333770021E+0001   0.115067931578441573659E-0008   0.146565165855424736056E-0013   0.139763509429627321661E+0008   0.131947234114359548585E+0004
    0.114583333333333770021E+0001   0.114981648250566376918E-0008   0.108736933401818714691E-0013   0.139741136879228558391E+0008   0.978492819709470495582E+0003
    0.114583333333333770021E+0001   0.114918326884038236914E-0008   0.837137963249573426366E-0014   0.139724736752624213696E+0008   0.752793655486198417748E+0003
    0.114583333333333770021E+0001   0.114870474007164045326E-0008   0.670482151543584533340E-0014   0.139712357739706262946E+0008   0.602406666524353340719E+0003
    0.114583333333333770021E+0001   0.114833105492771863070E-0008   0.561426448911527022967E-0014   0.139702703178635723889E+0008   0.503940914183844199670E+0003
    0.114583333333333770021E+0001   0.114802682980159551631E-0008   0.494861227695910228086E-0014   0.139694853672743309289E+0008   0.443776272144949757603E+0003
    0.114583333333333770021E+0001   0.114776507749250419282E-0008   0.462608773392640272108E-0014   0.139688108789835032076E+0008   0.414543128343885655340E+0003
    0.114583333333333770021E+0001   0.114583333333334111213E-0008  -0.257771212645005701919E-0040   0.139638367127771191299E+0008   0.000000000000000000000E+0000
    0.114583333333333770021E+0001   0.114583333333334111213E-0008  -0.257771212645005701919E-0040   0.139638367127771191299E+0008   0.000000000000000000000E+0000
    0.114583333333333770021E+0001   0.114583333333334111213E-0008  -0.257771212645009474360E-0040   0.139638367127771191299E+0008   0.000000000000000000000E+0000
    0.114583333333333770021E+0001   0.114583333333334111213E-0008  -0.257771212645005701919E-0040   0.139638367127771191299E+0008   0.000000000000000000000E+0000
    0.116666666666667206975E+0001   0.116666666666667463201E-0008  -0.262457961965823973505E-0040   0.139638367127771191299E+0008   0.000000000000000000000E+0000
    0.116666666666667206975E+0001   0.116666666666667463201E-0008  -0.262457961965823973505E-0040   0.139638367127771191299E+0008   0.000000000000000000000E+0000
    0.116666666666667206975E+0001   0.116666666666667463201E-0008  -0.262457961965823973505E-0040   0.139638367127771191299E+0008   0.000000000000000000000E+0000
    0.116666666666667206975E+0001   0.116666666666667463201E-0008  -0.262457961965823973505E-0040   0.139638367127771191299E+0008   0.000000000000000000000E+0000
    0.116666666666667206975E+0001   0.117089673872049791486E-0008  -0.106068925876022645775E-0013   0.139748631604929957539E+0008  -0.961564267979114788432E+0003
    0.116666666666667206975E+0001   0.117165656971788290470E-0008  -0.129965665874925357084E-0013   0.139768489004001542926E+0008  -0.118006537134672385037E+0004
    0.116666666666667206975E+0001   0.117264986637235818719E-0008  -0.170694929003432585063E-0013   0.139794510276437457651E+0008  -0.155189192661852325728E+0004
    0.116666666666667206975E+0001   0.117402711491487194656E-0008  -0.236572581246901300225E-0013   0.139830662033986747265E+0008  -0.215240526286122121746E+0004
    0.116666666666667206975E+0001   0.117602798564921160787E-0008  -0.343845650325796456073E-0013   0.139883266973496302962E+0008  -0.312797743633669324481E+0004
    0.116666666666667206975E+0001   0.117906938265122664108E-0008  -0.524859171560075012314E-0013   0.139963282796766273677E+0008  -0.476725033335787702526E+0004
    0.116666666666667206975E+0001   0.118394811784881107369E-0008  -0.848858027388021431500E-0013   0.140091659171840995550E+0008  -0.767278269943131181208E+0004
    0.116666666666667206975E+0001   0.119231306726093638296E-0008  -0.147548228206067031550E-0012   0.140310416205167621374E+0008  -0.132072447193425286969E+0005
    0.116666666666667206975E+0001   0.137731738442533611130E-0008  -0.389169932812274381564E-0012   0.161446017215629741549E+0008  -0.240177750195425542188E+0005
    0.116666666666667206975E+0001   0.205252880811623886131E-0008  -0.171082806729871523757E-0011   0.162681869272069074214E+0008  -0.558372475537637947127E+0005
    0.116666666666667206975E+0001   0.160418979519902581393E-0005  -0.136691210681239933043E-0007   0.171348200230885483325E+0008  -0.187651591814829298528E+0006
    0.116666666666667206975E+0001   0.546020245812303705625E-0003  -0.682235576846529781037E-0005   0.173531984014747329056E+0008  -0.283757130006300401874E+0006
    0.116666666666667206975E+0001   0.163325441877856217428E-0002  -0.148573300423484909108E-0004   0.168660717143579348922E+0008  -0.214255831466610368807E+0006
    0.116666666666667206975E+0001   0.247212012492474455388E-0002  -0.111385822321509949414E-0004   0.164728605604170244187E+0008  -0.103928995289182043052E+0006
    0.116666666666667206975E+0001   0.278672429186616402164E-0002   0.224739207371124585477E-0008   0.163240759914320427924E+0008   0.328944359838474866820E+0002
    0.116666666666667206975E+0001   0.247178531327926602479E-0002   0.111408387844589429886E-0004   0.164730019352182652801E+0008   0.103994460392005552421E+0006
    0.116666666666667206975E+0001   0.163269714063654213659E-0002   0.148538700027403529770E-0004   0.168662971342843323946E+0008   0.214317188732448994415E+0006
    0.116666666666667206975E+0001   0.545471145937262121353E-0003   0.681516347615570461827E-0005   0.173533707237738072872E+0008   0.283768314813080593012E+0006
    0.116666666666667206975E+0001   0.159678507722008486428E-0005   0.135963185290906802640E-0007   0.171342178615729138255E+0008   0.187580820617028191919E+0006
    0.116666666666667206975E+0001   0.204938914706342096900E-0008   0.170397425234508984118E-0011   0.162676016685187071562E+0008   0.557875289810412141378E+0005
    0.116666666666667206975E+0001   0.137573518106529787089E-0008   0.387881596366556474954E-0012   0.161440086779315099120E+0008   0.240186829684093245305E+0005
    0.116666666666667206975E+0001   0.128314873842292084414E-0008   0.168658120650527867905E-0012   0.161026896554465088993E+0008   0.132128768434253670421E+0005
    0.116666666666667206975E+0001   0.124098370615815237946E-0008   0.885052210952970876676E-0013   0.160807197636534236372E+0008   0.768119151373630666058E+0004
    0.116666666666667206975E+0001   0.121806276712797469561E-0008   0.519129128714117683259E-0013   0.160677858213631696999E+0008   0.477564246170659043855E+0004
    0.116666666666667206975E+0001   0.120432917464879902884E-0008   0.328997936381047993734E-0013   0.160596926033218894154E+0008   0.313332903656969574513E+0004
    0.116666666666667206975E+0001   0.117362144060231045702E-0008   0.235960228156885673663E-0013   0.139820273391237109900E+0008   0.215022668899954351218E+0004
    0.116666666666667206975E+0001   0.117222647399721505139E-0008   0.168495407625158094796E-0013   0.139783607690005358309E+0008   0.153505360150457090640E+0004
    0.116666666666667206975E+0001   0.117123403638291092766E-0008   0.124895773105120237749E-0013   0.139757555666153524071E+0008   0.113709276001983266724E+0004
    0.116666666666667206975E+0001   0.117050636733016940178E-0008   0.960863674156169893129E-0014   0.139738480262329932302E+0008   0.873996862554844824444E+0003
    0.116666666666667206975E+0001   0.116995685277954377541E-0008   0.769130819704810563215E-0014   0.139724095646853502840E+0008   0.698834033622262950303E+0003
    0.116666666666667206975E+0001   0.116952799208108688382E-0008   0.643713078601245366298E-0014   0.139712886211921181530E+0008   0.584190691302557297604E+0003
    0.116666666666667206975E+0001   0.116917902982242635668E-0008   0.567152619377060758794E-0014   0.139703779405227396637E+0008   0.514123972329871094189E+0003
    0.116666666666667206975E+0001   0.116887892459199881746E-0008   0.530001700050870034066E-0014   0.139695959483664464206E+0008   0.480008896352436181587E+0003
    0.116666666666667206975E+0001   0.116666666666667463201E-0008  -0.262457961965823973505E-0040   0.139638367127771191299E+0008   0.000000000000000000000E+0000
    0.116666666666667206975E+0001   0.116666666666667463201E-0008  -0.262457961965823973505E-0040   0.139638367127771191299E+0008   0.000000000000000000000E+0000
    0.116666666666667206975E+0001   0.116666666666667463201E-0008  -0.262457961965827796925E-0040   0.139638367127771191299E+0008   0.000000000000000000000E+0000
    0.116666666666667206975E+0001   0.116666666666667463201E-0008  -0.262457961965823973505E-0040   0.139638367127771191299E+0008   0.000000000000000000000E+0000
    0.118750000000000643929E+0001   0.118750000000000815190E-0008  -0.267144711286642245091E-0040   0.139638367127771191299E+0008   0.000000000000000000000E+0000
    0.118750000000000643929E+0001   0.118750000000000815190E-0008  -0.267144711286642245091E-0040   0.139638367127771191299E+0008   0.000000000000000000000E+0000
    0.118750000000000643929E+0001   0.118750000000000815190E-0008  -0.267144711286642245091E-0040   0.139638367127771191299E+0008   0.000000000000000000000E+0000
    0.118750000000000643929E+0001   0.118750000000000815190E-0008  -0.267144711286642245091E-0040   0.139638367127771191299E+0008   0.000000000000000000000E+0000
    0.118750000000000643929E+0001   0.119236316131067183719E-0008  -0.122117417564544532127E-0013   0.139768581069559194148E+0008  -0.113680742499639222842E+0004
    0.118750000000000643929E+0001   0.119323923666289474188E-0008  -0.149778037675512170391E-0013   0.139792110846244599670E+0008  -0.139698039562121516610E+0004
    0.118750000000000643929E+0001   0.119438594654680342417E-0008  -0.196950149588345862207E-0013   0.139822995770159624517E+0008  -0.183990429914117066801E+0004
    0.118750000000000643929E+0001   0.119597835817570400384E-0008  -0.273370993320099956414E-0013   0.139865985663840547204E+0008  -0.255633779025493504378E+0004
    0.118750000000000643929E+0001   0.119829651236462756327E-0008  -0.398134767924631109078E-0013   0.139928685241681821644E+0008  -0.372300163744549490730E+0004
    0.118750000000000643929E+0001   0.120183013658272702919E-0008  -0.609506658866019784978E-0013   0.140024347087034452707E+0008  -0.569082651762386285554E+0004
    0.118750000000000643929E+0001   0.120752327298271182617E-0008  -0.990102433714979880207E-0013   0.140178462738761808723E+0008  -0.919229665634739831148E+0004
    0.118750000000000643929E+0001   0.121734933486282840567E-0008  -0.173423427575438085951E-0012   0.140442937528281137347E+0008  -0.159384785115818776831E+0005
    0.118750000000000643929E+0001   0.144584582625119281455E-0008  -0.501028271941286276646E-0012   0.161665739275595936924E+0008  -0.287924457885398005601E+0005
    0.118750000000000643929E+0001   0.233158037178299413947E-0008  -0.284575797441942162351E-0011   0.163238372422695644200E+0008  -0.762826103359975968488E+0005
    0.118750000000000643929E+0001   0.401836078172057883484E-0005  -0.429494767527455433967E-0007   0.172570567276284359396E+0008  -0.223998961671516794013E+0006
    0.118750000000000643929E+0001   0.741606898755331023047E-0003  -0.101693842244709197652E-0004   0.172908175869966782629E+0008  -0.307859514579445589334E+0006
    0.118750000000000643929E+0001   0.195400070833739048642E-0002  -0.190484469618572498735E-0004   0.167361912977041825652E+0008  -0.224238794231490319362E+0006
    0.118750000000000643929E+0001   0.287519859397033974296E-0002  -0.137561365427184077021E-0004   0.163016416299486402422E+0008  -0.108826285743267537327E+0006
    0.118750000000000643929E+0001   0.322010260868863321115E-0002   0.323068149787582698424E-0008   0.161375092782693263143E+0008   0.407342054188231443845E+0002
    0.118750000000000643929E+0001   0.287476561933801321239E-0002   0.137595261153120385821E-0004   0.163018295991011541337E+0008   0.108906964692291308893E+0006
    0.118750000000000643929E+0001   0.195328176448280026872E-0002   0.190441845325660864439E-0004   0.167364933305675201118E+0008   0.224321584278278780403E+0006
    0.118750000000000643929E+0001   0.740867561330324866410E-0003   0.101591400034659860862E-0004   0.172910849741173088551E+0008   0.307891099548763828352E+0006
    0.118750000000000643929E+0001   0.399469973857313611439E-0005   0.426683607969873068095E-0007   0.172563452426499538124E+0008   0.223904105399005697109E+0006
    0.118750000000000643929E+0001   0.232660081832470877120E-0008   0.283031421980419856983E-0011   0.163231065761821474880E+0008   0.762036572216194472276E+0005
    0.118750000000000643929E+0001   0.144382051776679176602E-0008   0.499020300327227682077E-0012   0.161658681765482947230E+0008   0.287920561318949512497E+0005
    0.118750000000000643929E+0001   0.132630365644469090310E-0008   0.207599503496641621568E-0012   0.161158166525715272874E+0008   0.159442617977685422375E+0005
    0.118750000000000643929E+0001   0.127486770868605657793E-0008   0.106227677684356929819E-0012   0.160892596234949119389E+0008   0.920189350375720277952E+0004
    0.118750000000000643929E+0001   0.124746764729105391823E-0008   0.614620215707259268462E-0013   0.160737350447364486754E+0008   0.570064515313910487748E+0004
    0.118750000000000643929E+0001   0.123124359628451095605E-0008   0.386277038831152545201E-0013   0.160640609135411679745E+0008   0.372938506663976022537E+0004
    0.118750000000000643929E+0001   0.119551086031795297158E-0008   0.272622012397693277056E-0013   0.139853719970507025719E+0008   0.255395112890600921673E+0004
    0.118750000000000643929E+0001   0.119389830613679326127E-0008   0.194393742203883777251E-0013   0.139810120075672045350E+0008   0.182032331312199517015E+0004
    0.118750000000000643929E+0001   0.119275271599278159063E-0008   0.143935492495709471280E-0013   0.139779193149451855570E+0008   0.134666120451545998549E+0004
    0.118750000000000643929E+0001   0.119191367200878959262E-0008   0.110639028906581514378E-0013   0.139756578597243316472E+0008   0.103395536341539718705E+0004
    0.118750000000000643929E+0001   0.119128059980267919822E-0008   0.884994398852963946076E-0014   0.139739544077907335013E+0008   0.825958197301591326323E+0003
    0.118750000000000643929E+0001   0.119078688399049374612E-0008   0.740241923893639011213E-0014   0.139726282525618635118E+0008   0.689885647669796981063E+0003
    0.118750000000000643929E+0001   0.119038540085579800450E-0008   0.651868390620148696616E-0014   0.139715518006489165127E+0008   0.606698198551179984861E+0003
    0.118750000000000643929E+0001   0.119004031836028352808E-0008   0.608908688283752979336E-0014   0.139706281978143434972E+0008   0.566097477472960918021E+0003
    0.118750000000000643929E+0001   0.118750000000000815190E-0008  -0.267144711286642245091E-0040   0.139638367127771191299E+0008   0.000000000000000000000E+0000
    0.118750000000000643929E+0001   0.118750000000000815190E-0008  -0.267144711286642245091E-0040   0.139638367127771191299E+0008   0.000000000000000000000E+0000
    0.118750000000000643929E+0001   0.118750000000000815190E-0008  -0.267144711286646017533E-0040   0.139638367127771191299E+0008   0.000000000000000000000E+0000
    0.118750000000000643929E+0001   0.118750000000000815190E-0008  -0.267144711286642245091E-0040   0.139638367127771191299E+0008   0.000000000000000000000E+0000
    0.120833333333334080884E+0001   0.120833333333334167178E-0008  -0.271831460607460465698E-0040   0.139638367127771191299E+0008   0.000000000000000000000E+0000
    0.120833333333334080884E+0001   0.120833333333334167178E-0008  -0.271831460607460465698E-0040   0.139638367127771191299E+0008   0.000000000000000000000E+0000
    0.120833333333334080884E+0001   0.120833333333334167178E-0008  -0.271831460607460465698E-0040   0.139638367127771191299E+0008   0.000000000000000000000E+0000
    0.120833333333334080884E+0001   0.120833333333334167178E-0008  -0.271831460607460465698E-0040   0.139638367127771191299E+0008   0.000000000000000000000E+0000
    0.120833333333334080884E+0001   0.121395555488505018782E-0008  -0.141434416356205051931E-0013   0.139796025491367671639E+0008  -0.137795308916499880070E+0004
    0.120833333333334080884E+0001   0.121497199106495695402E-0008  -0.173683633308236676826E-0013   0.139824620371261332184E+0008  -0.169569909504694737734E+0004
    0.120833333333334080884E+0001   0.121630450138586110230E-0008  -0.228723341477969598773E-0013   0.139862221791188735515E+0008  -0.223686253700096631292E+0004
    0.120833333333334080884E+0001   0.121815847078315192674E-0008  -0.318071969880059935034E-0013   0.139914668274806663394E+0008  -0.311358269927747687689E+0004
    0.120833333333334080884E+0001   0.122086423164038485547E-0008  -0.464421889488271918240E-0013   0.139991351379048526287E+0008  -0.454472910721810967516E+0004
    0.120833333333334080884E+0001   0.122500344254585247227E-0008  -0.713644729926405785954E-0013   0.140108742112149205059E+0008  -0.696811154876474574849E+0004
    0.120833333333334080884E+0001   0.123170909589047883087E-0008  -0.116580871388201223190E-0012   0.140298693943179883063E+0008  -0.112962611635300036141E+0005
    0.120833333333334080884E+0001   0.124338567070058406237E-0008  -0.206290442921978778441E-0012   0.140627423804753795266E+0008  -0.197361664066612356692E+0005
    0.120833333333334080884E+0001   0.153486907428108865428E-0008  -0.677447702508210123761E-0012   0.161971979122779071331E+0008  -0.353838498197362714563E+0005
    0.120833333333334080884E+0001   0.289294471731201381177E-0008  -0.603055671356851401370E-0011   0.164067994008710328490E+0008  -0.107206146644214735716E+0006
    0.120833333333334080884E+0001   0.144633750339438910002E-0004  -0.195867643537909430571E-0006   0.174128495519364960492E+0008  -0.273574113103013776708E+0006
    0.120833333333334080884E+0001   0.102269372638142319251E-0002  -0.154084726341167283262E-0004   0.171907966547092832625E+0008  -0.333586369494012673385E+0006
    0.120833333333334080884E+0001   0.239153106554253463284E-0002  -0.250743955614238505248E-0004   0.165546887108626756817E+0008  -0.233608017016409692587E+0006
    0.120833333333334080884E+0001   0.342074191888747406939E-0002  -0.175272299189488090204E-0004   0.160663313830678239465E+0008  -0.114766953375288881944E+0006
    0.120833333333334080884E+0001   0.380441198697298527467E-0002   0.490496191153539860691E-0008   0.158828139173183850944E+0008   0.508632588872626101306E+0002
    0.120833333333334080884E+0001   0.342017150188088587051E-0002   0.175326792299584116488E-0004   0.160665862975237909704E+0008   0.114867729765618045349E+0006
    0.120833333333334080884E+0001   0.239058471930468771291E-0002   0.250694066900500278584E-0004   0.165551008963997606188E+0008   0.233717407934508170001E+0006
    0.120833333333334080884E+0001   0.102168902514649176383E-0002   0.153938867371550914881E-0004   0.171911960702497623861E+0008   0.333640259000835707411E+0006
    0.120833333333334080884E+0001   0.143572914327899437738E-0004   0.194316885351712999625E-0006   0.174120816519764699042E+0008   0.273450057480499905068E+0006
    0.120833333333334080884E+0001   0.288326189080331538820E-0008   0.598507892852240360414E-0011   0.164058622167295515537E+0008   0.107093000505195508595E+0006
    0.120833333333334080884E+0001   0.153214981608183584754E-0008   0.674061852489841426995E-0012   0.161963375583934318274E+0008   0.353818962882303167135E+0005
    0.120833333333334080884E+0001   0.137672969202583762139E-0008   0.263233206795375074771E-0012   0.161340933336980883032E+0008   0.197423203829237500031E+0005
    0.120833333333334080884E+0001   0.131234737892687277743E-0008   0.130012753124614119354E-0012   0.161010897364002484828E+0008   0.113075573583967325249E+0005
    0.120833333333334080884E+0001   0.127900810195091945989E-0008   0.738440752927462274635E-0013   0.160819585151345077902E+0008   0.697993303175120126980E+0004
    0.120833333333334080884E+0001   0.125957769170178116849E-0008   0.458953046413829347694E-0013   0.160700890214829426259E+0008   0.455256660322940388141E+0004
    0.120833333333334080884E+0001   0.121761633090881048461E-0008   0.317136795343704628867E-0013   0.139899821806923691183E+0008   0.311094865351314865620E+0004
    0.120833333333334080884E+0001   0.121573942865622557963E-0008   0.225724216500519036685E-0013   0.139846632405932452530E+0008   0.221355793094371711049E+0004
    0.120833333333334080884E+0001   0.121440842705809946038E-0008   0.166905586270522396265E-0013   0.139808972407015636563E+0008   0.163533847352472662351E+0004
    0.120833333333334080884E+0001   0.121343490647481324483E-0008   0.128158192814497727021E-0013   0.139781474572567101568E+0008   0.125415935403791968383E+0004
    0.120833333333334080884E+0001   0.121270115520493982420E-0008   0.102423383992347585661E-0013   0.139760786798449773341E+0008   0.100086473253563281105E+0004
    0.120833333333334080884E+0001   0.121212942920416640493E-0008   0.856076785798016825411E-0014   0.139744698193280324340E+0008   0.835235340948527664295E+0003
    0.120833333333334080884E+0001   0.121166486517789490101E-0008   0.753401565595364536251E-0014   0.139731651492949668318E+0008   0.733947140814889962712E+0003
    0.120833333333334080884E+0001   0.121126583201761669160E-0008   0.703381692982714414514E-0014   0.139720467093608081341E+0008   0.684386518574655156044E+0003
    0.120833333333334080884E+0001   0.120833333333334167178E-0008  -0.271831460607460465698E-0040   0.139638367127771191299E+0008   0.000000000000000000000E+0000
    0.120833333333334080884E+0001   0.120833333333334167178E-0008  -0.271831460607460465698E-0040   0.139638367127771191299E+0008   0.000000000000000000000E+0000
    0.120833333333334080884E+0001   0.120833333333334167178E-0008  -0.271831460607464289119E-0040   0.139638367127771191299E+0008   0.000000000000000000000E+0000
    0.120833333333334080884E+0001   0.120833333333334167178E-0008  -0.271831460607460465698E-0040   0.139638367127771191299E+0008   0.000000000000000000000E+0000
    0.122916666666667517838E+0001   0.122916666666667519166E-0008  -0.276518209928278737284E-0040   0.139638367127771191299E+0008   0.000000000000000000000E+0000
    0.122916666666667517838E+0001   0.122916666666667519166E-0008  -0.276518209928278737284E-0040   0.139638367127771191299E+0008   0.000000000000000000000E+0000
    0.122916666666667517838E+0001   0.122916666666667519166E-0008  -0.276518209928278737284E-0040   0.139638367127771191299E+0008   0.000000000000000000000E+0000
    0.122916666666667517838E+0001   0.122916666666667519166E-0008  -0.276518209928278737284E-0040   0.139638367127771191299E+0008   0.000000000000000000000E+0000
    0.122916666666667517838E+0001   0.123572725268401268095E-0008  -0.165433093020186874989E-0013   0.139835852713279686868E+0008  -0.172767287641150528543E+0004
    0.122916666666667517838E+0001   0.123691873795752343586E-0008  -0.203469687953300250791E-0013   0.139871816538001652807E+0008  -0.212906562329004145795E+0004
    0.122916666666667517838E+0001   0.123848382272434530588E-0008  -0.268453824918064507846E-0013   0.139919201292223725468E+0008  -0.281291924741529146559E+0004
    0.122916666666667517838E+0001   0.124066671059620246524E-0008  -0.374227176537378387605E-0013   0.139985442405311930925E+0008  -0.392240959222731635236E+0004
    0.122916666666667517838E+0001   0.124386292418160320345E-0008  -0.548225244332131015124E-0013   0.140082556642756480724E+0008  -0.573750004342185911810E+0004
    0.122916666666667517838E+0001   0.124877538194833521675E-0008  -0.846550162007310250307E-0013   0.140231799004165269434E+0008  -0.882189375900031518540E+0004
    0.122916666666667517838E+0001   0.125679116415866454747E-0008  -0.139324417643709829465E-0012   0.140474357120382096618E+0008  -0.143472380589043732471E+0005
    0.122916666666667517838E+0001   0.127092384974767597640E-0008  -0.249985393153785081897E-0012   0.140899111207546275109E+0008  -0.252398280765625640925E+0005
    0.122916666666667517838E+0001   0.166453471430792864246E-0008  -0.998652031982253106997E-0012   0.162421936154102329165E+0008  -0.448816507098891743226E+0005
    0.122916666666667517838E+0001   0.459129250231197326961E-0008  -0.198398904247520784943E-0010   0.165421278020173721015E+0008  -0.153450643883972923504E+0006
    0.122916666666667517838E+0001   0.764185033891140832237E-0004  -0.131333528825786826186E-0005   0.175631451666867993772E+0008  -0.341819491396816505585E+0006
    0.122916666666667517838E+0001   0.144769429847879400192E-0002  -0.240749914255771127881E-0004   0.170270735030878782272E+0008  -0.362646393839679949451E+0006
    0.122916666666667517838E+0001   0.302360472549368861084E-0002  -0.342512287592785093053E-0004   0.162848038360401820391E+0008  -0.242586814237690094160E+0006
    0.122916666666667517838E+0001   0.420141792753297733248E-0002  -0.233444314719572352970E-0004   0.157223924789453223348E+0008  -0.121760184854930019355E+0006
    0.122916666666667517838E+0001   0.463770994960498172954E-0002   0.796074752091511606733E-0008   0.155127638523060269654E+0008   0.639273345925116132094E+0002
    0.122916666666667517838E+0001   0.420064761284448529022E-0002   0.233538856048401685997E-0004   0.157227437182536572218E+0008   0.121886959302770032082E+0006
    0.122916666666667517838E+0001   0.302231614406538433987E-0002   0.342457831254734944596E-0004   0.162853776555234026164E+0008   0.242723451932015595958E+0006
    0.122916666666667517838E+0001   0.144627199286200512629E-0002   0.240533112180946046757E-0004   0.170276642138757742941E+0008   0.362727331797787745018E+0006
    0.122916666666667517838E+0001   0.758626802412162197856E-0004   0.130325781391911592005E-0005   0.175627849872065633535E+0008   0.341674797123510506935E+0006
    0.122916666666667517838E+0001   0.456224591813293761454E-0008   0.196224883588230858393E-0010   0.165408146715043466538E+0008   0.153297024812496849336E+0006
    0.122916666666667517838E+0001   0.166055813512066969418E-0008   0.992132177316366408035E-0012   0.162411058871128670871E+0008   0.448774339541851659305E+0005
    0.122916666666667517838E+0001   0.143978266816365931788E-0008   0.350836593628353761055E-0012   0.161610102316709384322E+0008   0.252465472212941203907E+0005
    0.122916666666667517838E+0001   0.135561971790978729321E-0008   0.164328762280098254942E-0012   0.161183752743953168392E+0008   0.143609417549087702355E+0005
    0.122916666666667517838E+0001   0.131385356711661521422E-0008   0.908766576143785068399E-0013   0.160939503912630751729E+0008   0.883657827837227159762E+0004
    0.122916666666667517838E+0001   0.129005505424032061862E-0008   0.555992220873630816089E-0013   0.160788633292471468449E+0008   0.574742619903754712141E+0004
    0.122916666666667517838E+0001   0.124003137550889509049E-0008   0.373020295108768205767E-0013   0.139966850279836896807E+0008   0.391941894641257385956E+0004
    0.122916666666667517838E+0001   0.123782232256968265432E-0008   0.264878575703187551205E-0013   0.139899673057988043875E+0008   0.278423902118760634039E+0004
    0.122916666666667517838E+0001   0.123625937832893237147E-0008   0.195515606488535492468E-0013   0.139852204586914870888E+0008   0.205419066861833425719E+0004
    0.122916666666667517838E+0001   0.123511818543719664657E-0008   0.149922311540001859003E-0013   0.139817599882977325469E+0008   0.157358208210375119052E+0004
    0.122916666666667517838E+0001   0.123425922405289184393E-0008   0.119685086711732889403E-0013   0.139791599680663235486E+0008   0.125451279654324162038E+0004
    0.122916666666667517838E+0001   0.123359068294290121090E-0008   0.999430030882723585043E-0014   0.139771402992369420826E+0008   0.104596278155281993349E+0004
    0.122916666666667517838E+0001   0.123304797135372393184E-0008   0.878871165645138620904E-0014   0.139755042133719120175E+0008   0.918382896170395270019E+0003
    0.122916666666667517838E+0001   0.123258220542219473958E-0008   0.819982478257797605862E-0014   0.139741030013064164668E+0008   0.855794767058039838048E+0003
    0.122916666666667517838E+0001   0.122916666666667519166E-0008  -0.276518209928278737284E-0040   0.139638367127771191299E+0008   0.000000000000000000000E+0000
    0.122916666666667517838E+0001   0.122916666666667519166E-0008  -0.276518209928278737284E-0040   0.139638367127771191299E+0008   0.000000000000000000000E+0000
    0.122916666666667517838E+0001   0.122916666666667519166E-0008  -0.276518209928282509726E-0040   0.139638367127771191299E+0008   0.000000000000000000000E+0000
    0.122916666666667517838E+0001   0.122916666666667519166E-0008  -0.276518209928278737284E-0040   0.139638367127771191299E+0008   0.000000000000000000000E+0000
    0.125000000000000954792E+0001   0.125000000000000871155E-0008  -0.281204959249097008870E-0040   0.139638367127771191299E+0008   0.000000000000000000000E+0000
    0.125000000000000954792E+0001   0.125000000000000871155E-0008  -0.281204959249097008870E-0040   0.139638367127771191299E+0008   0.000000000000000000000E+0000
    0.125000000000000954792E+0001   0.125000000000000871155E-0008  -0.281204959249097008870E-0040   0.139638367127771191299E+0008   0.000000000000000000000E+0000
    0.125000000000000954792E+0001   0.125000000000000871155E-0008  -0.281204959249097008870E-0040   0.139638367127771191299E+0008   0.000000000000000000000E+0000
    0.125000000000000954792E+0001   0.125777092350123245678E-0008  -0.196593799720078888261E-0013   0.139897278959090355784E+0008  -0.226649725446502816339E+0004
    0.125000000000000954792E+0001   0.125919091088917675737E-0008  -0.242289310610073639890E-0013   0.139944677488392498344E+0008  -0.279748665563195254435E+0004
    0.125000000000000954792E+0001   0.126106109276473278903E-0008  -0.320472706693740614295E-0013   0.140007288249956052750E+0008  -0.370232696982174593359E+0004
    0.125000000000000954792E+0001   0.126367819224387415917E-0008  -0.448196187838520655689E-0013   0.140095074219248797745E+0008  -0.517236397855093946418E+0004
    0.125000000000000954792E+0001   0.126752737931392996656E-0008  -0.659543481004818067431E-0013   0.140224223982466123998E+0008  -0.758230176025264790951E+0004
    0.125000000000000954792E+0001   0.127348276695910825604E-0008  -0.102533127241939819802E-0012   0.140423795817526150495E+0008  -0.116910371871378574724E+0005
    0.125000000000000954792E+0001   0.128329804574285263176E-0008  -0.170515390267283138219E-0012   0.140749753988781180233E+0008  -0.190712277764627251599E+0005
    0.125000000000000954792E+0001   0.130094426843519147137E-0008  -0.312131792206814524346E-0012   0.141332333074401374906E+0008  -0.336974076431404973846E+0005
    0.125000000000000954792E+0001   0.189659489678486670143E-0008  -0.174669412313062599874E-0011   0.163139347758936528116E+0008  -0.595341858080837919260E+0005
    0.125000000000000954792E+0001   0.182222880465942750592E-0007  -0.183380166386537490210E-0009   0.167973208115988038480E+0008  -0.223296399665450851899E+0006
    0.125000000000000954792E+0001   0.348621130745651794641E-0003  -0.739124218734751929584E-0005   0.175548446771343760192E+0008  -0.428388343565812974703E+0006
    0.125000000000000954792E+0001   0.213965242584905797341E-0002  -0.396367539815980200356E-0004   0.167409556982693113387E+0008  -0.393400380626596685033E+0006
    0.125000000000000954792E+0001   0.399950446752895920344E-0002  -0.493051011533897039826E-0004   0.158546113977701365948E+0008  -0.252119313702557468787E+0006
    0.125000000000000954792E+0001   0.538234095208630497487E-0002  -0.328975701014413225752E-0004   0.151888384355219863355E+0008  -0.126130149480289983330E+0006
    0.125000000000000954792E+0001   0.589260164169066319451E-0002   0.138911759008084283626E-0007   0.149428753012448325753E+0008   0.781389822397986648639E+0002
    0.125000000000000954792E+0001   0.538123524712662802683E-0002   0.329149195517264747841E-0004   0.151893472877015378326E+0008   0.126285700598349460051E+0006
    0.125000000000000954792E+0001   0.399760773525609670181E-0002   0.492983897262811284140E-0004   0.158554701502953823656E+0008   0.252270898075816890923E+0006
    0.125000000000000954792E+0001   0.213748043120950276252E-0002   0.396017697979392219567E-0004   0.167419055596423372626E+0008   0.393531992165290343110E+0006
    0.125000000000000954792E+0001   0.347001186396914932004E-0003   0.735559786140988951860E-0005   0.175553516406646631658E+0008   0.428265835266152978875E+0006
    0.125000000000000954792E+0001   0.179534944596886523417E-0007   0.180124144962867244327E-0009   0.167953263811814077199E+0008   0.223084829470179683995E+0006
    0.125000000000000954792E+0001   0.188966741291538647958E-0008   0.173053872455084929446E-0011   0.163124694491335470229E+0008   0.595175388527290488128E+0005
    0.125000000000000954792E+0001   0.152886459702638377061E-0008   0.512944894127019806414E-0012   0.162039341183324661106E+0008   0.337026927870991785312E+0005
    0.125000000000000954792E+0001   0.140947893862315229715E-0008   0.219889740043046391675E-0012   0.161454774190018922091E+0008   0.190871660174274729798E+0005
    0.125000000000000954792E+0001   0.135438323220890036409E-0008   0.116559457708701959932E-0012   0.161126639435918293893E+0008   0.117094634481601278821E+0005
    0.125000000000000954792E+0001   0.132408189329534713054E-0008   0.696026980691366863055E-0013   0.160924950986051391810E+0008   0.759514723882604448590E+0004
    0.125000000000000954792E+0001   0.126292079603110270194E-0008   0.446552248749019996150E-0013   0.140070699743617698550E+0008   0.516873388349867582292E+0004
    0.125000000000000954792E+0001   0.126027381903180172935E-0008   0.316092720839163052899E-0013   0.139981679851512126625E+0008   0.366541938465483190157E+0004
    0.125000000000000954792E+0001   0.125840691878900172125E-0008   0.232774286609128401693E-0013   0.139918943370305225253E+0008   0.270042719983878259882E+0004
    0.125000000000000954792E+0001   0.125704697395421456032E-0008   0.178170590352008000311E-0013   0.139873302055474929512E+0008   0.206602320897065374083E+0004
    0.125000000000000954792E+0001   0.125602522162665694099E-0008   0.142029651320723263717E-0013   0.139839068162557277828E+0008   0.164524377666213172233E+0004
    0.125000000000000954792E+0001   0.125523115747000338457E-0008   0.118458545860205483259E-0013   0.139812515277107972652E+0008   0.137032356207795987757E+0004
    0.125000000000000954792E+0001   0.125458736402370173372E-0008   0.104062605460837973679E-0013   0.139791034634574018419E+0008   0.120206251569231676513E+0004
    0.125000000000000954792E+0001   0.125403545714390290636E-0008   0.970066486424037748565E-0014   0.139772660430257804692E+0008   0.111926360757753127473E+0004
    0.125000000000000954792E+0001   0.125000000000000871155E-0008  -0.281204959249097008870E-0040   0.139638367127771191299E+0008   0.000000000000000000000E+0000
    0.125000000000000954792E+0001   0.125000000000000871155E-0008  -0.281204959249097008870E-0040   0.139638367127771191299E+0008   0.000000000000000000000E+0000
    0.125000000000000954792E+0001   0.125000000000000871155E-0008  -0.281204959249100781312E-0040   0.139638367127771191299E+0008   0.000000000000000000000E+0000
    0.125000000000000954792E+0001   0.125000000000000871155E-0008  -0.281204959249097008870E-0040   0.139638367127771191299E+0008   0.000000000000000000000E+0000
    0.127083333333334391746E+0001   0.127083333333334223143E-0008  -0.285891708569915229477E-0040   0.139638367127771191299E+0008   0.000000000000000000000E+0000
    0.127083333333334391746E+0001   0.127083333333334223143E-0008  -0.285891708569915229477E-0040   0.139638367127771191299E+0008   0.000000000000000000000E+0000
    0.127083333333334391746E+0001   0.127083333333334223143E-0008  -0.285891708569915229477E-0040   0.139638367127771191299E+0008   0.000000000000000000000E+0000
    0.127083333333334391746E+0001   0.127083333333334223143E-0008  -0.285891708569915229477E-0040   0.139638367127771191299E+0008   0.000000000000000000000E+0000
    0.127083333333334391746E+0001   0.128024312390452281782E-0008  -0.239223492257137105081E-0013   0.139991153979633208364E+0008  -0.309502991111451365214E+0004
    0.127083333333334391746E+0001   0.128197843559824629086E-0008  -0.295714209713740902188E-0013   0.140056401092829555273E+0008  -0.383364079953051077609E+0004
    0.127083333333334391746E+0001   0.128427300993020407136E-0008  -0.392597074289735582270E-0013   0.140143025901159700006E+0008  -0.509401964140148902516E+0004
    0.127083333333334391746E+0001   0.128750032911038273167E-0008  -0.551772171684057111237E-0013   0.140265201976546440274E+0008  -0.715052144515117925039E+0004
    0.127083333333334391746E+0001   0.129228003026901540723E-0008  -0.817613293589628914583E-0013   0.140446248603036664426E+0008  -0.105461935163637463120E+0005
    0.127083333333334391746E+0001   0.129975405765883678775E-0008  -0.128464208621182539221E-0012   0.140729006614162456244E+0008  -0.163921186968070505827E+0005
    0.127083333333334391746E+0001   0.131227073712831599293E-0008  -0.217336039060926868872E-0012   0.141196639706955123693E+0008  -0.270875059110813090228E+0005
    0.127083333333334391746E+0001   0.133554687934076203543E-0008  -0.410584634484197133349E-0012   0.142052098644698057324E+0008  -0.477278519503624265781E+0005
    0.127083333333334391746E+0001   0.256764692325429050219E-0008  -0.498475708577987164737E-0011   0.164557829469161871821E+0008  -0.982351488551322981948E+0005
    0.127083333333334391746E+0001   0.747375077762120483556E-0006  -0.132627551858404404926E-0007   0.172393245609020590782E+0008  -0.331715915991764399223E+0006
    0.127083333333334391746E+0001   0.100223447816331261498E-0002  -0.252213526994830917788E-0004   0.173067837051805518568E+0008  -0.506093093183784105349E+0006
    0.127083333333334391746E+0001   0.327723624032703149053E-0002  -0.672195201977346141076E-0004   0.162315608708761446178E+0008  -0.395170309560350142419E+0006
    0.127083333333334391746E+0001   0.551931201149332729960E-0002  -0.733582964065923972576E-0004   0.151509091839815936983E+0008  -0.225619619406267418526E+0006
    0.127083333333334391746E+0001   0.716517976004568766385E-0002  -0.463502259570434829803E-0004   0.143561819777115955949E+0008  -0.866834427171391143929E+0005
    0.127083333333334391746E+0001   0.778162108267162720698E-0002   0.235032307688457968732E-0007   0.140632195093495566398E+0008   0.619820640822572173079E+0002
    0.127083333333334391746E+0001   0.716346534634575496381E-0002   0.463831219469931186087E-0004   0.143569697772237285972E+0008   0.868674473421679285821E+0005
    0.127083333333334391746E+0001   0.551638552911560067771E-0002   0.733520111526033075436E-0004   0.151522629203627035022E+0008   0.225859571472272742540E+0006
    0.127083333333334391746E+0001   0.327380670641807744459E-0002   0.671659911694772750711E-0004   0.162331105066518206149E+0008   0.395459549373785441276E+0006
    0.127083333333334391746E+0001   0.999169810199766056380E-0003   0.251442296933894223322E-0004   0.173080648675702512264E+0008   0.506171237672913761344E+0006
    0.127083333333334391746E+0001   0.727799066497678488581E-0006   0.129001280056402724329E-0007   0.172364864365446716547E+0008   0.331351036115470807999E+0006
    0.127083333333334391746E+0001   0.254764502853785029358E-0008   0.489972543123986557600E-0011   0.164534087361085377634E+0008   0.980028883481471857522E+0005
    0.127083333333334391746E+0001   0.168692816450333561324E-0008   0.911503647262483921140E-0012   0.162752637929878551513E+0008   0.477191948573433910497E+0005
    0.127083333333334391746E+0001   0.148621883449886021858E-0008   0.329153243058365502557E-0012   0.161894779536794144660E+0008   0.270993599226376391016E+0005
    0.127083333333334391746E+0001   0.140596136105432402795E-0008   0.161282255465877647487E-0012   0.161424347712365444750E+0008   0.164134389678782608826E+0005
    0.127083333333334391746E+0001   0.136457429392170821682E-0008   0.922743915944951635986E-0013   0.161138774581894353032E+0008   0.105625102346111634688E+0005
    0.127083333333334391746E+0001   0.128657354903664822081E-0008   0.549336621302450968508E-0013   0.140231982463371604681E+0008   0.714598347413547890028E+0004
    0.127083333333334391746E+0001   0.128331238637642436444E-0008   0.386988792660673043081E-0013   0.140108114675420764834E+0008   0.504536227587391840643E+0004
    0.127083333333334391746E+0001   0.128102337521025569238E-0008   0.283988479036821943994E-0013   0.140021281714846529067E+0008   0.370417825036681415440E+0004
    0.127083333333334391746E+0001   0.127936182546309332075E-0008   0.216791508380604406130E-0013   0.139958368180106487125E+0008   0.282584370857872272609E+0004
    0.127083333333334391746E+0001   0.127811686479954324328E-0008   0.172449539008712104837E-0013   0.139911337409480065107E+0008   0.224476246817981564163E+0004
    0.127083333333334391746E+0001   0.127715145575963660908E-0008   0.143577952727620631253E-0013   0.139874964302244428545E+0008   0.186558825803803802046E+0004
    0.127083333333334391746E+0001   0.127637019657420571598E-0008   0.125943199526698333870E-0013   0.139845615999782383442E+0008   0.163337926246633082883E+0004
    0.127083333333334391746E+0001   0.127570152176284451288E-0008   0.117258431189827211401E-0013   0.139820570947768371552E+0008   0.151844983341981833291E+0004
    0.127083333333334391746E+0001   0.127083333333334223143E-0008  -0.285891708569915229477E-0040   0.139638367127771191299E+0008   0.000000000000000000000E+0000
    0.127083333333334391746E+0001   0.127083333333334223143E-0008  -0.285891708569915229477E-0040   0.139638367127771191299E+0008   0.000000000000000000000E+0000
    0.127083333333334391746E+0001   0.127083333333334223143E-0008  -0.285891708569919001919E-0040   0.139638367127771191299E+0008   0.000000000000000000000E+0000
    0.127083333333334391746E+0001   0.127083333333334223143E-0008  -0.285891708569915229477E-0040   0.139638367127771191299E+0008   0.000000000000000000000E+0000
    0.129166666666667828700E+0001   0.129166666666667575132E-0008  -0.290578457890733501064E-0040   0.139638367127771191299E+0008   0.000000000000000000000E+0000
    0.129166666666667828700E+0001   0.129166666666667575132E-0008  -0.290578457890733501064E-0040   0.139638367127771191299E+0008   0.000000000000000000000E+0000
    0.129166666666667828700E+0001   0.129166666666667575132E-0008  -0.290578457890733501064E-0040   0.139638367127771191299E+0008   0.000000000000000000000E+0000
    0.129166666666667828700E+0001   0.129166666666667575132E-0008  -0.290578457890733501064E-0040   0.139638367127771191299E+0008   0.000000000000000000000E+0000
    0.129166666666667828700E+0001   0.130335100439897375359E-0008  -0.299331869692845446948E-0013   0.140119694238999988884E+0008  -0.423080379780218754604E+0004
    0.129166666666667828700E+0001   0.130553710554610469137E-0008  -0.371791034900221081916E-0013   0.140210012857677023858E+0008  -0.526564377998792315339E+0004
    0.129166666666667828700E+0001   0.130844628479500299251E-0008  -0.496588551035634182011E-0013   0.140330798175190910697E+0008  -0.703581669028533087840E+0004
    0.129166666666667828700E+0001   0.131257215816155784964E-0008  -0.703625961183858855115E-0013   0.140502604778897762299E+0008  -0.994259599383077875245E+0004
    0.129166666666667828700E+0001   0.131875409481505581863E-0008  -0.105503425207051993987E-0012   0.140760021017134543508E+0008  -0.147959534322812396567E+0005
    0.129166666666667828700E+0001   0.132859766352350699076E-0008  -0.168861078734194959608E-0012   0.141167843210007194430E+0008  -0.232581708712316249148E+0005
    0.129166666666667828700E+0001   0.134557652017317566604E-0008  -0.295155846535887757870E-0012   0.141860439243425764143E+0008  -0.392715999373627928435E+0005
    0.129166666666667828700E+0001   0.137899641960381861006E-0008  -0.587578497501095193883E-0012   0.143139086966325249523E+0008  -0.683502364053705678089E+0005
    0.129166666666667828700E+0001   0.104443039082555206048E-0007  -0.849259895044326276688E-0010   0.167613049922159109265E+0008  -0.199104938163766928483E+0006
    0.129166666666667828700E+0001   0.108866309746017894677E-0003  -0.274652529876967550009E-0005   0.176586381810900494456E+0008  -0.474857315597911016084E+0006
    0.129166666666667828700E+0001   0.211981683894412950564E-0002  -0.591202859984980399598E-0004   0.168026149443041272461E+0008  -0.514114531071191071533E+0006
    0.129166666666667828700E+0001   0.493487538582765630779E-0002  -0.104479062558020111603E-0003   0.154485419503827169538E+0008  -0.304708326698875986040E+0006
    0.129166666666667828700E+0001   0.760456711633311979726E-0002  -0.977272523340931900931E-0004   0.141557953346761632711E+0008  -0.114247673870797923882E+0006
    0.129166666666667828700E+0001   0.944948202126206192319E-0002  -0.543292699027872954621E-0004   0.134084623532678801566E+0008  -0.169092900262595394452E+0005
    0.129166666666667828700E+0001   0.100108671713511534346E-0001   0.298267250066785649691E-0007   0.133136320357666276395E+0008  -0.195465420423367959302E+0002
    0.129166666666667828700E+0001   0.944727873631470010940E-0002   0.543828873317015598632E-0004   0.134090083314667362720E+0008   0.169203665894467994804E+0005
    0.129166666666667828700E+0001   0.760009062296491955113E-0002   0.977390719840513495873E-0004   0.141578658596697449684E+0008   0.114462793702677459805E+0006
    0.129166666666667828700E+0001   0.492949112870835759459E-0002   0.104416442580124944331E-0003   0.154510548073469121009E+0008   0.305064837649317109026E+0006
    0.129166666666667828700E+0001   0.211461900833158182589E-0002   0.589884146858476570699E-0004   0.168049550352877303958E+0008   0.514392091896675119642E+0006
    0.129166666666667828700E+0001   0.106729099286707586293E-0003   0.269114116913337010316E-0005   0.176582905633629672229E+0008   0.474471671093916171230E+0006
    0.129166666666667828700E+0001   0.101516809781681374600E-0007   0.818492909533782313082E-0010   0.167572897063480783254E+0008   0.198665067928823205875E+0006
    0.129166666666667828700E+0001   0.208519849389199220221E-0008   0.236249376382956249162E-0011   0.163832557540347296745E+0008   0.684347089405455917586E+0005
    0.129166666666667828700E+0001   0.162016778631628481301E-0008   0.606610996770234573522E-0012   0.162550352452855519950E+0008   0.393536249955269449856E+0005
    0.129166666666667828700E+0001   0.148048136684296090737E-0008   0.253318174028555869222E-0012   0.161853922701657842845E+0008   0.233367321592777625483E+0005
    0.129166666666667828700E+0001   0.141713250218455651143E-0008   0.133715505047365510900E-0012   0.161442090616868082434E+0008   0.148515104981378008233E+0005
    0.129166666666667828700E+0001   0.131140245637210767564E-0008   0.699746212091273526644E-0013   0.140457855133552197367E+0008   0.995941832890712612425E+0004
    0.129166666666667828700E+0001   0.130723936860130935439E-0008   0.489041781372786449934E-0013   0.140283573593221213669E+0008   0.698661891388468484365E+0004
    0.129166666666667828700E+0001   0.130434032564964383651E-0008   0.356840185628242118139E-0013   0.140162332932907808572E+0008   0.510340151137849807128E+0004
    0.129166666666667828700E+0001   0.130224794884038262727E-0008   0.271240848843261339842E-0013   0.140075011841445118189E+0008   0.387716992648274208477E+0004
    0.129166666666667828700E+0001   0.130068697454778351316E-0008   0.215036791779496465124E-0013   0.140010050542780812830E+0008   0.306903657563966362432E+0004
    0.129166666666667828700E+0001   0.129948070454004030749E-0008   0.178544051160703113352E-0013   0.139960018273214697838E+0008   0.254275294017538817570E+0004
    0.129166666666667828700E+0001   0.129850736441033772831E-0008   0.156255775468116843777E-0013   0.139919798931663800031E+0008   0.222025283778867333240E+0004
    0.129166666666667828700E+0001   0.129767637329498067544E-0008   0.145202764766658557099E-0013   0.139885591838025525212E+0008   0.205941851401284748135E+0004
    0.129166666666667828700E+0001   0.129166666666667575132E-0008  -0.290578457890733501064E-0040   0.139638367127771191299E+0008   0.000000000000000000000E+0000
    0.129166666666667828700E+0001   0.129166666666667575132E-0008  -0.290578457890733501064E-0040   0.139638367127771191299E+0008   0.000000000000000000000E+0000
    0.129166666666667828700E+0001   0.129166666666667575132E-0008  -0.290578457890737324484E-0040   0.139638367127771191299E+0008   0.000000000000000000000E+0000
    0.129166666666667828700E+0001   0.129166666666667575132E-0008  -0.290578457890733501064E-0040   0.139638367127771191299E+0008   0.000000000000000000000E+0000
    0.131250000000001265654E+0001   0.131250000000000927120E-0008  -0.295265207211551772650E-0040   0.139638367127771191299E+0008   0.000000000000000000000E+0000
    0.131250000000001265654E+0001   0.131250000000000927120E-0008  -0.295265207211551772650E-0040   0.139638367127771191299E+0008   0.000000000000000000000E+0000
    0.131250000000001265654E+0001   0.131250000000000927120E-0008  -0.295265207211551772650E-0040   0.139638367127771191299E+0008   0.000000000000000000000E+0000
    0.131250000000001265654E+0001   0.131250000000000927120E-0008  -0.295265207211551772650E-0040   0.139638367127771191299E+0008   0.000000000000000000000E+0000
    0.131250000000001265654E+0001   0.132729692374122219584E-0008  -0.382759787855102725231E-0013   0.140272977424602359533E+0008  -0.554112139954421763832E+0004
    0.131250000000001265654E+0001   0.133012208329371916714E-0008  -0.478490432420170806519E-0013   0.140393661793746799231E+0008  -0.691172391762578808994E+0004
    0.131250000000001265654E+0001   0.133391631363022210135E-0008  -0.644432940697057829373E-0013   0.140556189655205309391E+0008  -0.926004366240148374345E+0004
    0.131250000000001265654E+0001   0.133936283042928151649E-0008  -0.923619193072070351526E-0013   0.140789264939619190991E+0008  -0.131303379279188211513E+0005
    0.131250000000001265654E+0001   0.134766846401894150809E-0008  -0.140886816984659626305E-0012   0.141142723660828135908E+0008  -0.196357268922617113276E+0005
    0.131250000000001265654E+0001   0.136125811670364329209E-0008  -0.231764084442081852617E-0012   0.141709746128034703434E+0008  -0.310527262896969332360E+0005
    0.131250000000001265654E+0001   0.138594828422111336335E-0008  -0.426987378576221957486E-0012   0.142713201308645866811E+0008  -0.531571008097671438009E+0005
    0.131250000000001265654E+0001   0.143858597412088490599E-0008  -0.920987357403599880467E-0012   0.144535218595687784255E+0008  -0.911738785323429910932E+0005
    0.131250000000001265654E+0001   0.141083352248689376070E-0005  -0.252391874455985483838E-0007   0.173255666661144271493E+0008  -0.329351308966129610781E+0006
    0.131250000000001265654E+0001   0.883616356110079295867E-0003  -0.263524770204036744834E-0004   0.173883747966473288834E+0008  -0.568396084997419035062E+0006
    0.131250000000001265654E+0001   0.368679269929309601922E-0002  -0.105072592291122139771E-0003   0.160564460747078638524E+0008  -0.438169489440260629635E+0006
    0.131250000000001265654E+0001   0.700485429489688428417E-0002  -0.136656474731818391478E-0003   0.144397882289352864027E+0008  -0.164395149874580936739E+0006
    0.131250000000001265654E+0001   0.983358717732367090814E-0002  -0.106657988317455021052E-0003   0.133337193039563465863E+0008   0.428721627336068081604E+0003
    0.131250000000001265654E+0001   0.111843993279431702659E-0001  -0.538531442618266810852E-0004   0.133046184069752469659E+0008   0.250406576630998170003E+0005
    0.131250000000001265654E+0001   0.115877714860670322922E-0001  -0.102371432295944050025E-0007   0.133154389434390254319E+0008  -0.105743656954784114532E+0004
    0.131250000000001265654E+0001   0.111839076663528200206E-0001   0.538215170781070691326E-0004   0.133046343816469404846E+0008  -0.272118927731959411176E+0005
    0.131250000000001265654E+0001   0.983215554352028821283E-0002   0.106583754377990595806E-0003   0.133341476033285204321E+0008  -0.274425929584682944551E+0004
    0.131250000000001265654E+0001   0.700312307780372698962E-0002   0.136539165609460147813E-0003   0.144420727390022370964E+0008   0.161295788261907233391E+0006
    0.131250000000001265654E+0001   0.368765526431836295623E-0002   0.105003218270853564348E-0003   0.160587336600777041167E+0008   0.433213439459162415005E+0006
    0.131250000000001265654E+0001   0.889838555353748231896E-0003   0.264176957002690214710E-0004   0.173912381871183253825E+0008   0.556490937872245092876E+0006
    0.131250000000001265654E+0001   0.135667884508901817499E-0005   0.245102248499315909876E-0007   0.173214230793574564159E+0008   0.334436047082411707379E+0006
    0.131250000000001265654E+0001   0.365990424390485912442E-0008   0.107956891242039237976E-0010   0.165494983751049451530E+0008   0.106180161171197600197E+0006
    0.131250000000001265654E+0001   0.191535179524793853941E-0008   0.147862757205871209164E-0011   0.163454040950425956398E+0008   0.554265531694515157142E+0005
    0.131250000000001265654E+0001   0.160354331555012309267E-0008   0.466557886582018720917E-0012   0.162420973672335799783E+0008   0.325619361120822795783E+0005
    0.131250000000001265654E+0001   0.149166607818857122897E-0008   0.215228809665229931327E-0012   0.161833519168090038002E+0008   0.204242110641802428290E+0005
    0.131250000000001265654E+0001   0.133787590975612659467E-0008   0.920013284423595459764E-0013   0.140744271836800742894E+0008   0.135567327861289140856E+0005
    0.131250000000001265654E+0001   0.133238154361880696292E-0008   0.635426859916343342611E-0013   0.140503384035779591650E+0008   0.943719907968011648336E+0004
    0.131250000000001265654E+0001   0.132860056625976182451E-0008   0.459801988449498235057E-0013   0.140337435478768348694E+0008   0.685161581991421280691E+0004
    0.131250000000001265654E+0001   0.132589465855925520626E-0008   0.347346659200918107765E-0013   0.140218825631562266499E+0008   0.517910134807531994738E+0004
    0.131250000000001265654E+0001   0.132388874823031002804E-0008   0.274048638109465213319E-0013   0.140131126304847691208E+0008   0.408165210780407323909E+0004
    0.131250000000001265654E+0001   0.132234641255382545170E-0008   0.226654947949396873936E-0013   0.140063934965186826885E+0008   0.336850055892898762977E+0004
    0.131250000000001265654E+0001   0.132110708882954611651E-0008   0.197718916734144700416E-0013   0.140010175483967140317E+0008   0.293106207659191522907E+0004
    0.131250000000001265654E+0001   0.132005279133150852351E-0008   0.183238735531972716345E-0013   0.139964646041164286435E+0008   0.271085705252275101884E+0004
    0.131250000000001265654E+0001   0.131250000000000927120E-0008  -0.295265207211551772650E-0040   0.139638367127771191299E+0008   0.000000000000000000000E+0000
    0.131250000000001265654E+0001   0.131250000000000927120E-0008  -0.295265207211551772650E-0040   0.139638367127771191299E+0008   0.000000000000000000000E+0000
    0.131250000000001265654E+0001   0.131250000000000927120E-0008  -0.295265207211555545091E-0040   0.139638367127771191299E+0008   0.000000000000000000000E+0000
    0.131250000000001265654E+0001   0.131250000000000927120E-0008  -0.295265207211551772650E-0040   0.139638367127771191299E+0008   0.000000000000000000000E+0000
    0.133333333333334702608E+0001   0.133333333333334279109E-0008  -0.299951956532369993257E-0040   0.139638367127771191299E+0008   0.000000000000000000000E+0000
    0.133333333333334702608E+0001   0.133333333333334279109E-0008  -0.299951956532369993257E-0040   0.139638367127771191299E+0008   0.000000000000000000000E+0000
    0.133333333333334702608E+0001   0.133333333333334279109E-0008  -0.299951956532369993257E-0040   0.139638367127771191299E+0008   0.000000000000000000000E+0000
    0.133333333333334702608E+0001   0.133333333333334279109E-0008  -0.299951956532369993257E-0040   0.139638367127771191299E+0008   0.000000000000000000000E+0000
    0.133333333333334702608E+0001   0.135220622907115163647E-0008  -0.492687505763441744464E-0013   0.140433364817939158529E+0008  -0.682209366838405730959E+0004
    0.133333333333334702608E+0001   0.135589700681127349776E-0008  -0.620169673286593140602E-0013   0.140585906755423191935E+0008  -0.849457322479094000300E+0004
    0.133333333333334702608E+0001   0.136090839554820050211E-0008  -0.842889175717650453443E-0013   0.140792414307325053960E+0008  -0.113623439542068244918E+0005
    0.133333333333334702608E+0001   0.136820870889422704142E-0008  -0.122376960164321767863E-0012   0.141090634283477142453E+0008  -0.160902950775023546157E+0005
    0.133333333333334702608E+0001   0.137958975548370423806E-0008  -0.190439502135635098825E-0012   0.141547263839264493436E+0008  -0.240436438168886415951E+0005
    0.133333333333334702608E+0001   0.139886516035472699336E-0008  -0.323748586803090540720E-0012   0.142293277215849272907E+0008  -0.380028775117361583398E+0005
    0.133333333333334702608E+0001   0.143646530291357233092E-0008  -0.637529334236874701602E-0012   0.143642591717024389654E+0008  -0.652140991824781813193E+0005
    0.133333333333334702608E+0001   0.152791725033622760389E-0008  -0.154654565001895732145E-0011   0.146573874049146026373E+0008  -0.109871710264762426959E+0006
    0.133333333333334702608E+0001   0.209309739026518147999E-0003  -0.477942180605030448421E-0005   0.176531534045592509210E+0008  -0.418937254638012847863E+0006
    0.133333333333334702608E+0001   0.204877175367799242364E-0002  -0.662697039773322237304E-0004   0.168279332046427950263E+0008  -0.591384112700396450236E+0006
    0.133333333333334702608E+0001   0.545651193583548098365E-0002  -0.147145695024589965444E-0003   0.151798129939471054822E+0008  -0.307764515210848883726E+0006
    0.133333333333334702608E+0001   0.911027496951401921654E-0002  -0.151747584313006815809E-0003   0.134948752127698417753E+0008  -0.404071565612888734904E+0005
    0.133333333333334702608E+0001   0.113551091367005280164E-0001  -0.103072125448562811360E-0003   0.133194259082218408585E+0008   0.536550088583088290761E+0005
    0.133333333333334702608E+0001   0.125346304724670357111E-0001  -0.503184212481612463301E-0004   0.133345274832114707679E+0008   0.328217318820356595097E+0005
    0.133333333333334702608E+0001   0.129332958454768335438E-0001  -0.297758140903851881084E-0006   0.133360959947694484144E+0008  -0.540553708448789438989E+0004
    0.133333333333334702608E+0001   0.125504501399838382103E-0001   0.496262881999080731222E-0004   0.133334085688044168055E+0008  -0.443638459708099471754E+0005
    0.133333333333334702608E+0001   0.113901839437074853256E-0001   0.102069981698059799365E-0003   0.133170595462590008974E+0008  -0.677973020326163095888E+0005
    0.133333333333334702608E+0001   0.917931335581191436279E-0002   0.150303611416196982852E-0003   0.134781285345973595977E+0008   0.178835082118458049081E+0005
    0.133333333333334702608E+0001   0.556481414594137482887E-0002   0.147227335523194505923E-0003   0.151419053437661137432E+0008   0.270430102134136017412E+0006
    0.133333333333334702608E+0001   0.219407419182898006868E-0002   0.679388626856648736568E-0004   0.167808182173117585480E+0008   0.516801521594714315142E+0006
    0.133333333333334702608E+0001   0.217950166464432962005E-0003   0.536144474302608376864E-0005   0.176561346933840550482E+0008   0.461687730260403186549E+0006
    0.133333333333334702608E+0001   0.326334431590678019619E-0007   0.327764185487967640284E-0009   0.169083580242361314595E+0008   0.210700676919449993875E+0006
    0.133333333333334702608E+0001   0.278692854665790656540E-0008   0.507112899190837611662E-0011   0.164663080521593112499E+0008   0.762700142700289143249E+0005
    0.133333333333334702608E+0001   0.184181594594687011576E-0008   0.104344809292573721044E-0011   0.163160138122871797532E+0008   0.451413814722199822427E+0005
    0.133333333333334702608E+0001   0.160769705593095781614E-0008   0.388493265563157758546E-0012   0.162320087687819115818E+0008   0.276191107220591984515E+0005
    0.133333333333334702608E+0001   0.136653406966231030802E-0008   0.124090273470499564434E-0012   0.141091017683933340013E+0008   0.180703645601826428901E+0005
    0.133333333333334702608E+0001   0.135908363275946797232E-0008   0.842593168604501544372E-0013   0.140764129511896707118E+0008   0.124348652397551413742E+0005
    0.133333333333334702608E+0001   0.135404278542110886977E-0008   0.602589497742603584601E-0013   0.140542059076460693032E+0008   0.894729576546607495402E+0004
    0.133333333333334702608E+0001   0.135047778677678481483E-0008   0.451307697902675638079E-0013   0.140384967619834244251E+0008   0.671234312515255987819E+0004
    0.133333333333334702608E+0001   0.134785810578737841053E-0008   0.353710455063212145790E-0013   0.140269779177141394466E+0008   0.525505340790289483266E+0004
    0.133333333333334702608E+0001   0.134585763306710354386E-0008   0.290974880358306632131E-0013   0.140182150804777853191E+0008   0.431094357551996563416E+0004
    0.133333333333334702608E+0001   0.134425926854199338197E-0008   0.252702605829988796215E-0013   0.140112485176081433892E+0008   0.373097320874978959182E+0004
    0.133333333333334702608E+0001   0.134290608377658591641E-0008   0.233337293543338842066E-0013   0.140053823766995817423E+0008   0.343509200579709658996E+0004
    0.133333333333334702608E+0001   0.133333333333334279109E-0008  -0.299951956532369993257E-0040   0.139638367127771191299E+0008   0.000000000000000000000E+0000
    0.133333333333334702608E+0001   0.133333333333334279109E-0008  -0.299951956532369993257E-0040   0.139638367127771191299E+0008   0.000000000000000000000E+0000
    0.133333333333334702608E+0001   0.133333333333334279109E-0008  -0.299951956532373816677E-0040   0.139638367127771191299E+0008   0.000000000000000000000E+0000
    0.133333333333334702608E+0001   0.133333333333334279109E-0008  -0.299951956532369993257E-0040   0.139638367127771191299E+0008   0.000000000000000000000E+0000
    0.135416666666668139563E+0001   0.135416666666667631097E-0008  -0.304638705853188264843E-0040   0.139638367127771191299E+0008   0.000000000000000000000E+0000
    0.135416666666668139563E+0001   0.135416666666667631097E-0008  -0.304638705853188264843E-0040   0.139638367127771191299E+0008   0.000000000000000000000E+0000
    0.135416666666668139563E+0001   0.135416666666667631097E-0008  -0.304638705853188264843E-0040   0.139638367127771191299E+0008   0.000000000000000000000E+0000
    0.135416666666668139563E+0001   0.135416666666667631097E-0008  -0.304638705853188264843E-0040   0.139638367127771191299E+0008   0.000000000000000000000E+0000
    0.135416666666668139563E+0001   0.137813220579087449345E-0008  -0.629235336917015773633E-0013   0.140589928300947528332E+0008  -0.792772827274625706195E+0004
    0.135416666666668139563E+0001   0.138293955550440064043E-0008  -0.796944042105599270212E-0013   0.140774008691512811929E+0008  -0.982729965425801128731E+0004
    0.135416666666668139563E+0001   0.138954442647855650268E-0008  -0.109236713798666776309E-0012   0.141024512036057487130E+0008  -0.130859937234939534392E+0005
    0.135416666666668139563E+0001   0.139932535419942301886E-0008  -0.160603275620418593678E-0012   0.141389341449452247471E+0008  -0.184498676028252630203E+0005
    0.135416666666668139563E+0001   0.141495090556146203266E-0008  -0.255001376261166504804E-0012   0.141952855760742593557E+0008  -0.274466355296458605153E+0005
    0.135416666666668139563E+0001   0.144261878842188633466E-0008  -0.449050311618082758875E-0012   0.142906081244367696345E+0008  -0.431791514213111076970E+0005
    0.135416666666668139563E+0001   0.150071072295043390655E-0008  -0.949508284876672903737E-0012   0.144612562203508652747E+0008  -0.737489613444374263054E+0005
    0.135416666666668139563E+0001   0.171757336396139894239E-0008  -0.303705421453748183790E-0011   0.150225902466341257095E+0008  -0.120691252159296403988E+0006
    0.135416666666668139563E+0001   0.102923341322923170629E-0002  -0.248467296000196336578E-0004   0.173079046189873330295E+0008  -0.426194838578693277668E+0006
    0.135416666666668139563E+0001   0.335829056763869721741E-0002  -0.112062287749239378881E-0003   0.161799485129173193127E+0008  -0.554030740520160878077E+0006
    0.135416666666668139563E+0001   0.719472857803684327782E-0002  -0.177261944427261014610E-0003   0.143052575285928063095E+0008  -0.208875108541535795666E+0006
    0.135416666666668139563E+0001   0.105930653491094518837E-0001  -0.152331659304432082743E-0003   0.133266466823933757842E+0008   0.179644179108881689899E+0005
    0.135416666666668139563E+0001   0.125412259243697990496E-0001  -0.993376097252065095363E-0004   0.133484527356828432530E+0008   0.147649754539327423117E+0005
    0.135416666666668139563E+0001   0.137221491579665975935E-0001  -0.497612574444944878033E-0004   0.133486966020499654114E+0008  -0.224326960060928722669E+0005
    0.135416666666668139563E+0001   0.141318445542590390152E-0001  -0.112850064582916943012E-0005   0.133475684733996894211E+0008  -0.139640638766194515483E+0005
    0.135416666666668139563E+0001   0.137828718960525016535E-0001   0.472600864889357962341E-0004   0.133446343357307501137E+0008  -0.669099410601955150923E+0004
    0.135416666666668139563E+0001   0.126701448325100135550E-0001   0.958251090002361762075E-0004   0.133403247375816926360E+0008  -0.480247649713697028346E+0005
    0.135416666666668139563E+0001   0.108141211701738432227E-0001   0.146472952599198175030E-0003   0.133137702536081690341E+0008  -0.682597456493934587343E+0005
    0.135416666666668139563E+0001   0.759285525766601604447E-0002   0.173931777349198952391E-0003   0.141417449896925371140E+0008   0.121581061041341730743E+0006
    0.135416666666668139563E+0001   0.383352348475918605630E-0002   0.114222159443215498780E-0003   0.159869031361153069884E+0008   0.400353312755090068094E+0006
    0.135416666666668139563E+0001   0.115792344151606366523E-0002   0.319716334777743761675E-0004   0.172675021104470416903E+0008   0.502751130949612415861E+0006
    0.135416666666668139563E+0001   0.838560064564547672362E-0005   0.153707954234898496235E-0006   0.174976948461446389556E+0008   0.338661247977118589915E+0006
    0.135416666666668139563E+0001   0.683259302955405652160E-0008   0.295614618061582269441E-0010   0.166528744295905753970E+0008   0.121242368817847236642E+0006
    0.135416666666668139563E+0001   0.240057711257354763343E-0008   0.288200716600483143651E-0011   0.164105231518426295370E+0008   0.608338982731500072987E+0005
    0.135416666666668139563E+0001   0.180695642051707629757E-0008   0.785306666630831033002E-0012   0.162910224532708637416E+0008   0.367740552733851509402E+0005
    0.135416666666668139563E+0001   0.139802301137504783517E-0008   0.170327900008656332686E-0012   0.141497484589893352240E+0008   0.235641827179213651107E+0005
    0.135416666666668139563E+0001   0.138772055785566480552E-0008   0.113053778588982960901E-0012   0.141061922017413955182E+0008   0.159780250531985257112E+0005
    0.135416666666668139563E+0001   0.138090765553348759055E-0008   0.796156450928025695493E-0013   0.140771342070782333612E+0008   0.113621935840882724733E+0005
    0.135416666666668139563E+0001   0.137616350420937635806E-0008   0.589639076730464361725E-0013   0.140568418486038353294E+0008   0.844021621394402063743E+0004
    0.135416666666668139563E+0001   0.137271661101702744117E-0008   0.458160469252804826750E-0013   0.140421162949668932706E+0008   0.655001799978732196905E+0004
    0.135416666666668139563E+0001   0.137010744954052014421E-0008   0.374286630527884376283E-0013   0.140310119298629257828E+0008   0.533015708294486830710E+0004
    0.135416666666668139563E+0001   0.136803770539145410060E-0008   0.323188068124383123111E-0013   0.140222532171416245401E+0008   0.457940168883416845347E+0004
    0.135416666666668139563E+0001   0.136629611438401709478E-0008   0.297007108181143672759E-0013   0.140149305961667075753E+0008   0.419010203145109153411E+0004
    0.135416666666668139563E+0001   0.135416666666667631097E-0008  -0.304638705853188264843E-0040   0.139638367127771191299E+0008   0.000000000000000000000E+0000
    0.135416666666668139563E+0001   0.135416666666667631097E-0008  -0.304638705853188264843E-0040   0.139638367127771191299E+0008   0.000000000000000000000E+0000
    0.135416666666668139563E+0001   0.135416666666667631097E-0008  -0.304638705853192088263E-0040   0.139638367127771191299E+0008   0.000000000000000000000E+0000
    0.135416666666668139563E+0001   0.135416666666667631097E-0008  -0.304638705853188264843E-0040   0.139638367127771191299E+0008   0.000000000000000000000E+0000
    0.137500000000001576517E+0001   0.137500000000000983086E-0008  -0.309325455174006536429E-0040   0.139638367127771191299E+0008   0.000000000000000000000E+0000
    0.137500000000001576517E+0001   0.137500000000000983086E-0008  -0.309325455174006536429E-0040   0.139638367127771191299E+0008   0.000000000000000000000E+0000
    0.137500000000001576517E+0001   0.137500000000000983086E-0008  -0.309325455174006536429E-0040   0.139638367127771191299E+0008   0.000000000000000000000E+0000
    0.137500000000001576517E+0001   0.137500000000000983086E-0008  -0.309325455174006536429E-0040   0.139638367127771191299E+0008   0.000000000000000000000E+0000
    0.137500000000001576517E+0001   0.140503761669216003337E-0008  -0.789306855067983187852E-0013   0.140730187119863796979E+0008  -0.876154635651470925950E+0004
    0.137500000000001576517E+0001   0.141121353426901435058E-0008  -0.100453050327060075107E-0012   0.140942236030688416213E+0008  -0.107910278342620786134E+0005
    0.137500000000001576517E+0001   0.141979740267667766978E-0008  -0.138665318411603791589E-0012   0.141231736324392985553E+0008  -0.142752680642429022555E+0005
    0.137500000000001576517E+0001   0.143272271511380246237E-0008  -0.206139753547039526052E-0012   0.141655907480576429516E+0008  -0.199957828902587971243E+0005
    0.137500000000001576517E+0001   0.145388078457472021553E-0008  -0.333377296398567891792E-0012   0.142314877436944805086E+0008  -0.295441751757584534062E+0005
    0.137500000000001576517E+0001   0.149328291383494495047E-0008  -0.607812911391804643181E-0012   0.143460599538873620331E+0008  -0.461373048769337619888E+0005
    0.137500000000001576517E+0001   0.158168206216250151862E-0008  -0.137564968933654444429E-0011   0.145484825243193916976E+0008  -0.781179828917161794379E+0005
    0.137500000000001576517E+0001   0.221389555594840116618E-0008  -0.704668123539615651119E-0011   0.154042601803112607449E+0008  -0.124045149603477053461E+0006
    0.137500000000001576517E+0001   0.198059208239650822239E-0002  -0.477384606031737212866E-0004   0.168272902875629439950E+0008  -0.390817940630367433187E+0006
    0.137500000000001576517E+0001   0.458914802376100827708E-0002  -0.152043998879727095290E-0003   0.155474195228664018214E+0008  -0.469799185459100699518E+0006
    0.137500000000001576517E+0001   0.868514672210613652981E-0002  -0.195940809650138895916E-0003   0.136111217076449114829E+0008  -0.143733097635189100401E+0006
    0.137500000000001576517E+0001   0.115548281944350770406E-0001  -0.151894406077302771430E-0003   0.133728471354847438633E+0008  -0.153922752235401858343E+0005
    0.137500000000001576517E+0001   0.134820802622052267339E-0001  -0.100552162251578961925E-0003   0.133791323345655240119E+0008  -0.487831285848877887474E+0005
    0.137500000000001576517E+0001   0.146414763338389743164E-0001  -0.521556754602292983302E-0004   0.133809333469833880663E+0008  -0.432377273849872071878E+0005
    0.137500000000001576517E+0001   0.150577375147526899835E-0001  -0.243348570421545118970E-0005   0.133810242487051784992E+0008  -0.242681349381559157337E+0005
    0.137500000000001576517E+0001   0.147677937130145202349E-0001   0.469283193406840049011E-0004   0.133745420638950057328E+0008  -0.744555655928342366678E+0004
    0.137500000000001576517E+0001   0.137534537635938883260E-0001   0.937909106880038031390E-0004   0.133643928074837177992E+0008  -0.511097200669298854336E+0004
    0.137500000000001576517E+0001   0.120062882178414240958E-0001   0.140606110190004190627E-0003   0.133506229069542288780E+0008  -0.553981187238744896604E+0005
    0.137500000000001576517E+0001   0.949686978126623379537E-0002   0.182504680145413106978E-0003   0.133964087480271160603E+0008   0.650952990440269240935E+0004
    0.137500000000001576517E+0001   0.564262544662373806414E-0002   0.151904597052494861036E-0003   0.150950513035870883614E+0008   0.251169187130692705978E+0006
    0.137500000000001576517E+0001   0.247765521771097299575E-0002   0.690482712849727916062E-0004   0.166391055578451734036E+0008   0.441277529501735931262E+0006
    0.137500000000001576517E+0001   0.401032898046438813361E-0003   0.915153678137856684883E-0005   0.175947109415744654834E+0008   0.428493467669704405125E+0006
    0.137500000000001576517E+0001   0.125602171740994428080E-0006   0.144254709314933592353E-0008   0.170583863770750239491E+0008   0.224465713866088597570E+0006
    0.137500000000001576517E+0001   0.406968357961727322505E-0008   0.101790068660421251811E-0010   0.165307625315313618630E+0008   0.800221459807179053314E+0005
    0.137500000000001576517E+0001   0.219480766153198948128E-0008   0.181050094589612691439E-0011   0.163641724938778374344E+0008   0.484120147930306484341E+0005
    0.137500000000001576517E+0001   0.143317754446176074153E-0008   0.236967405097651140591E-0012   0.141972463473272956908E+0008   0.301976495891865124577E+0005
    0.137500000000001576517E+0001   0.141871975015903494474E-0008   0.152642883549789336308E-0012   0.141399167300250995904E+0008   0.201252982741437517689E+0005
    0.137500000000001576517E+0001   0.140943946252898614480E-0008   0.105379238360846737657E-0012   0.141024509125994313508E+0008   0.141052141547051633097E+0005
    0.137500000000001576517E+0001   0.140310363780377294520E-0008   0.769450763795241175051E-0013   0.140767204208962600678E+0008   0.103515717454483274196E+0005
    0.137500000000001576517E+0001   0.139856489575186847122E-0008   0.591432222369097492529E-0013   0.140582827987707220018E+0008   0.794647966991750581656E+0004
    0.137500000000001576517E+0001   0.139516617293439256636E-0008   0.478966503635509154919E-0013   0.140445271053399667144E+0008   0.640198801054062641924E+0004
    0.137500000000001576517E+0001   0.139249369260520276880E-0008   0.410603343599546313975E-0013   0.140337799316120296717E+0008   0.544983667714227885881E+0004
    0.137500000000001576517E+0001   0.139026152854546421436E-0008   0.375114077594620803696E-0013   0.140248722187695018947E+0008   0.494729847322432760848E+0004
    0.137500000000001576517E+0001   0.137500000000000983086E-0008  -0.309325455174006536429E-0040   0.139638367127771191299E+0008   0.000000000000000000000E+0000
    0.137500000000001576517E+0001   0.137500000000000983086E-0008  -0.309325455174006536429E-0040   0.139638367127771191299E+0008   0.000000000000000000000E+0000
    0.137500000000001576517E+0001   0.137500000000000983086E-0008  -0.309325455174010308871E-0040   0.139638367127771191299E+0008   0.000000000000000000000E+0000
    0.137500000000001576517E+0001   0.137500000000000983086E-0008  -0.309325455174006536429E-0040   0.139638367127771191299E+0008   0.000000000000000000000E+0000
    0.139583333333335013471E+0001   0.139583333333334335074E-0008  -0.314012204494824757036E-0040   0.139638367127771191299E+0008   0.000000000000000000000E+0000
    0.139583333333335013471E+0001   0.139583333333334335074E-0008  -0.314012204494824757036E-0040   0.139638367127771191299E+0008   0.000000000000000000000E+0000
    0.139583333333335013471E+0001   0.139583333333334335074E-0008  -0.314012204494824757036E-0040   0.139638367127771191299E+0008   0.000000000000000000000E+0000
    0.139583333333335013471E+0001   0.139583333333334335074E-0008  -0.314012204494824757036E-0040   0.139638367127771191299E+0008   0.000000000000000000000E+0000
    0.139583333333335013471E+0001   0.143286368303166844436E-0008  -0.969044126988692025132E-0013   0.140859925745492521673E+0008  -0.939982333470432240574E+0004
    0.139583333333335013471E+0001   0.144064916828721067347E-0008  -0.123742950794967089828E-0012   0.141097120077862292528E+0008  -0.114871853977464670606E+0005
    0.139583333333335013471E+0001   0.145158400230228362974E-0008  -0.171732253637865918680E-0012   0.141421337979825120419E+0008  -0.150750224547064608487E+0005
    0.139583333333335013471E+0001   0.146830512198205217971E-0008  -0.257619094629509579547E-0012   0.141897870470688808709E+0008  -0.209469408616621076362E+0005
    0.139583333333335013471E+0001   0.149629333086729862036E-0008  -0.423216213428998672746E-0012   0.142640334405500553548E+0008  -0.306879251547892272356E+0005
    0.139583333333335013471E+0001   0.155101619436551978919E-0008  -0.796279649794894665851E-0012   0.143953547521558385342E+0008  -0.474759691451371691073E+0005
    0.139583333333335013471E+0001   0.168097089039626218698E-0008  -0.191323327601738549289E-0011   0.146249122516262177378E+0008  -0.794705785673323116498E+0005
    0.139583333333335013471E+0001   0.342429303608303165645E-0008  -0.166365477622170724751E-0010   0.157390227165173273534E+0008  -0.122850983017107093474E+0006
    0.139583333333335013471E+0001   0.282256425781663268862E-0002  -0.663931580632164185067E-0004   0.163860194740027152002E+0008  -0.343615284687024366576E+0006
    0.139583333333335013471E+0001   0.559763095901656682063E-0002  -0.180084054007984017444E-0003   0.150141145896674636751E+0008  -0.378478695276678190567E+0006
    0.139583333333335013471E+0001   0.965800100289769883344E-0002  -0.205205026467253245871E-0003   0.134037275746924672276E+0008  -0.117625337854182871524E+0006
    0.139583333333335013471E+0001   0.123227467353662599459E-0001  -0.154005324344539263736E-0003   0.134037842508471738547E+0008  -0.582535896365505032009E+0005
    0.139583333333335013471E+0001   0.142557272213012092843E-0001  -0.104342431712559091401E-0003   0.134043104544616565108E+0008  -0.757481122802740137558E+0005
    0.139583333333335013471E+0001   0.154078021787872228299E-0001  -0.548580730876163243331E-0004   0.134090206832408569753E+0008  -0.500667801304268650711E+0005
    0.139583333333335013471E+0001   0.158526990004791701327E-0001  -0.419550037665224966299E-0005   0.134065929402397479862E+0008  -0.353035344841997575713E+0005
    0.139583333333335013471E+0001   0.156236560712090018915E-0001   0.459638740225516332456E-0004   0.133975397172362636775E+0008  -0.244427231830235577945E+0005
    0.139583333333335013471E+0001   0.147118627214459819774E-0001   0.935784835156707568097E-0004   0.133821180564632341266E+0008  -0.839527301478862682416E+0004
    0.139583333333335013471E+0001   0.130794833202524246607E-0001   0.137061163086869700414E-0003   0.133681435563759580255E+0008  -0.320304347661873398465E+0005
    0.139583333333335013471E+0001   0.108243229960380236976E-0001   0.180003227506167934628E-0003   0.133411494450566079468E+0008  -0.473373811998553646845E+0005
    0.139583333333335013471E+0001   0.750709636948685733737E-0002   0.175175234583079702556E-0003   0.141730672273034490645E+0008   0.118908646981660203892E+0006
    0.139583333333335013471E+0001   0.406044007694986164303E-0002   0.107118103043501289697E-0003   0.158707306911593843251E+0008   0.339359528547654452268E+0006
    0.139583333333335013471E+0001   0.140155227916364697946E-0002   0.347539328115798346617E-0004   0.171472158933856487274E+0008   0.442609481854146579280E+0006
    0.139583333333335013471E+0001   0.317369546562914329286E-0004   0.571979771337063824587E-0006   0.176046816926878057420E+0008   0.332975735235616448335E+0006
    0.139583333333335013471E+0001   0.125312992156247511702E-0007   0.656940376520568662822E-0010   0.167358687661178652197E+0008   0.131902420335553790210E+0006
    0.139583333333335013471E+0001   0.309518905401532457979E-0008   0.491210764010435999100E-0011   0.164585605836622137576E+0008   0.630877768025961413514E+0005
    0.139583333333335013471E+0001   0.147325605942018005992E-0008   0.333792234194294722982E-0012   0.142557573734039235860E+0008   0.388801144958512741141E+0005
    0.139583333333335013471E+0001   0.145268605530934443441E-0008   0.206865836284602004681E-0012   0.141799043897898923606E+0008   0.252510181278285308508E+0005
    0.139583333333335013471E+0001   0.143996984851946901831E-0008   0.139319700309586187378E-0012   0.141316643114721123129E+0008   0.173796932274927785329E+0005
    0.139583333333335013471E+0001   0.143150011372410168246E-0008   0.999832225775375209473E-0013   0.140992025100897122175E+0008   0.125647068001725911017E+0005
    0.139583333333335013471E+0001   0.142553552171952022705E-0008   0.758547502458615550300E-0013   0.140762911076895389706E+0008   0.952100873040118131030E+0004
    0.139583333333335013471E+0001   0.142112626951878577904E-0008   0.607925679000400430629E-0013   0.140594109131110403687E+0008   0.758036424726551013009E+0004
    0.139583333333335013471E+0001   0.141769490765907829364E-0008   0.516686218805099049786E-0013   0.140463671272065155208E+0008   0.638362639110672353127E+0004
    0.139583333333335013471E+0001   0.141485364163109636913E-0008   0.468715719473304467235E-0013   0.140356630065464470536E+0008   0.574128558045274894539E+0004
    0.139583333333335013471E+0001   0.139583333333334335074E-0008  -0.314012204494824757036E-0040   0.139638367127771191299E+0008   0.000000000000000000000E+0000
    0.139583333333335013471E+0001   0.139583333333334335074E-0008  -0.314012204494824757036E-0040   0.139638367127771191299E+0008   0.000000000000000000000E+0000
    0.139583333333335013471E+0001   0.139583333333334335074E-0008  -0.314012204494828580457E-0040   0.139638367127771191299E+0008   0.000000000000000000000E+0000
    0.139583333333335013471E+0001   0.139583333333334335074E-0008  -0.314012204494824757036E-0040   0.139638367127771191299E+0008   0.000000000000000000000E+0000
    0.141666666666668450425E+0001   0.141666666666667687063E-0008  -0.318698953815643079601E-0040   0.139638367127771191299E+0008   0.000000000000000000000E+0000
    0.141666666666668450425E+0001   0.141666666666667687063E-0008  -0.318698953815643079601E-0040   0.139638367127771191299E+0008   0.000000000000000000000E+0000
    0.141666666666668450425E+0001   0.141666666666667687063E-0008  -0.318698953815643079601E-0040   0.139638367127771191299E+0008   0.000000000000000000000E+0000
    0.141666666666668450425E+0001   0.141666666666667687063E-0008  -0.318698953815643079601E-0040   0.139638367127771191299E+0008   0.000000000000000000000E+0000
    0.141666666666668450425E+0001   0.146157196418304842233E-0008  -0.116601789880361351371E-0012   0.140979702259858809412E+0008  -0.991565374013181826740E+0004
    0.141666666666668450425E+0001   0.147119960054738896571E-0008  -0.149210067436904765092E-0012   0.141239466720089875162E+0008  -0.120206396073436844745E+0005
    0.141666666666668450425E+0001   0.148484553683621580683E-0008  -0.207880321205897977493E-0012   0.141594523482403382659E+0008  -0.156450470621298100014E+0005
    0.141666666666668450425E+0001   0.150599827498242141782E-0008  -0.314101032950870176088E-0012   0.142117056813709232956E+0008  -0.215591082529752420669E+0005
    0.141666666666668450425E+0001   0.154210428666464973975E-0008  -0.522793882701166666150E-0012   0.142932106533054038882E+0008  -0.313101571124165566289E+0005
    0.141666666666668450425E+0001   0.161583420155399721696E-0008  -0.101109418333187817186E-0011   0.144388521847555525601E+0008  -0.479740463134397359681E+0005
    0.141666666666668450425E+0001   0.179959140809264378697E-0008  -0.255649992236583467463E-0011   0.146913446268623471260E+0008  -0.793579205968549940735E+0005
    0.141666666666668450425E+0001   0.600878712294903938158E-0008  -0.363587742833252515876E-0010   0.160192397457811124623E+0008  -0.119993056218922152766E+0006
    0.141666666666668450425E+0001   0.351706846677087969083E-0002  -0.801786171834564993267E-0004   0.160158832852671630681E+0008  -0.299069232861946802586E+0006
    0.141666666666668450425E+0001   0.637743964040094098167E-0002  -0.198002576596858955718E-0003   0.145980358082051426172E+0008  -0.301787712686063838191E+0006
    0.141666666666668450425E+0001   0.102357836002221445904E-0001  -0.210204259574897975435E-0003   0.134294330214644502848E+0008  -0.115897655893565650331E+0006
    0.141666666666668450425E+0001   0.129463246452908228856E-0001  -0.157594223653280136443E-0003   0.134295246090171672404E+0008  -0.971844829385172197362E+0005
    0.141666666666668450425E+0001   0.148907135283648413282E-0001  -0.108099357602319104182E-0003   0.134287476972723435611E+0008  -0.832496465227649459848E+0005
    0.141666666666668450425E+0001   0.160743068078075604377E-0001  -0.574660500948220232995E-0004   0.134264338701584413648E+0008  -0.561330779017083405051E+0005
    0.141666666666668450425E+0001   0.165684177615802626093E-0001  -0.634033600185306692653E-0005   0.134204560921808592975E+0008  -0.450186954086656260188E+0005
    0.141666666666668450425E+0001   0.163997032529442643423E-0001   0.441044175637674679656E-0004   0.134108571295784767717E+0008  -0.377118497067795105977E+0005
    0.141666666666668450425E+0001   0.155768097401068894570E-0001   0.925995688718812002063E-0004   0.133970461854656878859E+0008  -0.201519130453441721329E+0005
    0.141666666666668450425E+0001   0.140843685663133467989E-0001   0.135811771729033655028E-0003   0.133777173137254491448E+0008  -0.258526766148705928572E+0004
    0.141666666666668450425E+0001   0.119574870266651936412E-0001   0.176117887044359699164E-0003   0.133611457765565048903E+0008  -0.371030188895948012942E+0005
    0.141666666666668450425E+0001   0.933925925183256427919E-0002   0.183548630926025086851E-0003   0.134335298826570082456E+0008   0.136065350008331643039E+0005
    0.141666666666668450425E+0001   0.585834499590633453470E-0002   0.139039972518272057604E-0003   0.149901424418954774737E+0008   0.209178885365441674367E+0006
    0.141666666666668450425E+0001   0.273936553979412010865E-0002   0.674750965043643008987E-0004   0.165133025465273372829E+0008   0.375109392512088874355E+0006
    0.141666666666668450425E+0001   0.584643975423916476344E-0003   0.124407132447452572089E-0004   0.175206652894538417459E+0008   0.399361409817449748516E+0006
    0.141666666666668450425E+0001   0.424074575035720263604E-0006   0.521464225049367875002E-0008   0.171906661435922235250E+0008   0.233560825355925509939E+0006
    0.141666666666668450425E+0001   0.586035865364714375186E-0008   0.172805387289239387039E-0010   0.165841581668945755810E+0008   0.821989874418846156914E+0005
    0.141666666666668450425E+0001   0.152067695135556624289E-0008   0.481437644396265215795E-0012   0.143316183574211020023E+0008   0.501339435731958583347E+0005
    0.141666666666668450425E+0001   0.149064887349913978726E-0008   0.282827191259263212917E-0012   0.142287622010357640684E+0008   0.316776562068751081824E+0005
    0.141666666666668450425E+0001   0.147304067217395596657E-0008   0.184553205804853479575E-0012   0.141663206846003960818E+0008   0.213862319243243728124E+0005
    0.141666666666668450425E+0001   0.146167373996273105945E-0008   0.129629570323877195142E-0012   0.141252305662171654403E+0008   0.152070564526028847467E+0005
    0.141666666666668450425E+0001   0.145383680368199042095E-0008   0.968028991437693480090E-0013   0.140967705372850615531E+0008   0.113585040991798032337E+0005
    0.141666666666668450425E+0001   0.144813271040702819776E-0008   0.766188009060866779267E-0013   0.140761069480610042810E+0008   0.892416884229254537786E+0004
    0.141666666666668450425E+0001   0.144374786558904731349E-0008   0.644575291759547502239E-0013   0.140603441728661525995E+0008   0.742363778965143683308E+0004
    0.141666666666668450425E+0001   0.144015383675350632566E-0008   0.579892557999634748373E-0013   0.140475579580035954714E+0008   0.660534365136428095866E+0004
    0.141666666666668450425E+0001   0.141666666666667687063E-0008  -0.318698953815643079601E-0040   0.139638367127771191299E+0008   0.000000000000000000000E+0000
    0.141666666666668450425E+0001   0.141666666666667687063E-0008  -0.318698953815643079601E-0040   0.139638367127771191299E+0008   0.000000000000000000000E+0000
    0.141666666666668450425E+0001   0.141666666666667687063E-0008  -0.318698953815646852043E-0040   0.139638367127771191299E+0008   0.000000000000000000000E+0000
    0.141666666666668450425E+0001   0.141666666666667687063E-0008  -0.318698953815643079601E-0040   0.139638367127771191299E+0008   0.000000000000000000000E+0000
    0.143750000000001887379E+0001   0.143750000000001039051E-0008  -0.323385703136461300208E-0040   0.139638367127771191299E+0008   0.000000000000000000000E+0000
    0.143750000000001887379E+0001   0.143750000000001039051E-0008  -0.323385703136461300208E-0040   0.139638367127771191299E+0008   0.000000000000000000000E+0000
    0.143750000000001887379E+0001   0.143750000000001039051E-0008  -0.323385703136461300208E-0040   0.139638367127771191299E+0008   0.000000000000000000000E+0000
    0.143750000000001887379E+0001   0.143750000000001039051E-0008  -0.323385703136461300208E-0040   0.139638367127771191299E+0008   0.000000000000000000000E+0000
    0.143750000000001887379E+0001   0.149111815733128971875E-0008  -0.137811017452270019805E-0012   0.141090910339782349765E+0008  -0.103087104063753795344E+0005
    0.143750000000001887379E+0001   0.150281050203478723238E-0008  -0.176559352047788888163E-0012   0.141371106645246874541E+0008  -0.124016382711810056207E+0005
    0.143750000000001887379E+0001   0.151951319671375374766E-0008  -0.246660323544019866345E-0012   0.141753824063990786672E+0008  -0.160137414964162871911E+0005
    0.143750000000001887379E+0001   0.154571188648434092123E-0008  -0.374841210332665867795E-0012   0.142317210494094770402E+0008  -0.218940654612896760227E+0005
    0.143750000000001887379E+0001   0.159119731199692634684E-0008  -0.630743603037935965147E-0012   0.143196133199810702354E+0008  -0.315385604971619432035E+0005
    0.143750000000001887379E+0001   0.168764159852536017108E-0008  -0.124939418621171909093E-0011   0.144776496023158356547E+0008  -0.479001762866262215539E+0005
    0.143750000000001887379E+0001   0.193814864533627211552E-0008  -0.329936098064170978507E-0011   0.147498512391076851636E+0008  -0.783962641249319131020E+0005
    0.143750000000001887379E+0001   0.108974346869603458373E-0007  -0.721244324547620627037E-0010   0.162558947395866401494E+0008  -0.116623510951374148135E+0006
    0.143750000000001887379E+0001   0.409138066561052192449E-0002  -0.903083676365249452336E-0004   0.157084542448119521141E+0008  -0.260549096976587403333E+0006
    0.143750000000001887379E+0001   0.700311753209416527899E-0002  -0.209794957173708041670E-0003   0.142684885641351584345E+0008  -0.244506721560457866872E+0006
    0.143750000000001887379E+0001   0.106868735816000003103E-0001  -0.214134045217439052729E-0003   0.134657346100242063403E+0008  -0.118601839981730969157E+0006
    0.143750000000001887379E+0001   0.134581565631233524005E-0001  -0.161866982471046234535E-0003   0.134541425088562611490E+0008  -0.124484958563272535685E+0006
    0.143750000000001887379E+0001   0.154149384137396185113E-0001  -0.111507933927132543749E-0003   0.134525504770168438554E+0008  -0.915602562347919010790E+0005
    0.143750000000001887379E+0001   0.166359775553535857440E-0001  -0.600322111112294132490E-0004   0.134478328894919510931E+0008  -0.672657167081335064722E+0005
    0.143750000000001887379E+0001   0.171864581501129098928E-0001  -0.860430204924285033617E-0005   0.134380748057184983045E+0008  -0.532099610718979311059E+0005
    0.143750000000001887379E+0001   0.170841428432317102293E-0001   0.420873945173774716795E-0004   0.134268973313197996467E+0008  -0.407492320208736564382E+0005
    0.143750000000001887379E+0001   0.163484143045630990476E-0001   0.912356902762160183046E-0004   0.134113690972851868719E+0008  -0.273986117674656125018E+0005
    0.143750000000001887379E+0001   0.149885041317854156295E-0001   0.135728119472732758257E-0003   0.133903841207174714655E+0008  -0.451345562423998944723E+0004
    0.143750000000001887379E+0001   0.130281294550098035445E-0001   0.174309932527885275101E-0003   0.133690919692496433854E+0008  -0.620999528079742049158E+0004
    0.143750000000001887379E+0001   0.107012851623348812652E-0001   0.182290107018145638475E-0003   0.133403811343726571649E+0008  -0.297223807118409531540E+0005
    0.143750000000001887379E+0001   0.776951310878250256398E-0002   0.157991395950934243207E-0003   0.140519373001329507679E+0008   0.835507909162869182182E+0005
    0.143750000000001887379E+0001   0.439681464502441471387E-0002   0.101287943931332844903E-0003   0.157130356966929528862E+0008   0.283110971704537514597E+0006
    0.143750000000001887379E+0001   0.167147435005535281022E-0002   0.379082629489295135495E-0004   0.170238239845867007971E+0008   0.394614754108374123462E+0006
    0.143750000000001887379E+0001   0.960565099432293835859E-0004   0.168979534609559461233E-0005   0.176625347637403607368E+0008   0.326216112317631836049E+0006
    0.143750000000001887379E+0001   0.245536117193773110183E-0007   0.152581498044325226113E-0009   0.168344889903616607189E+0008   0.144916928553516743705E+0006
    0.143750000000001887379E+0001   0.157978592302340097670E-0008   0.717752974394301385754E-0012   0.144337892002363521606E+0008   0.649713258292350001284E+0005
    0.143750000000001887379E+0001   0.153422821063468045684E-0008   0.392801748880271194560E-0012   0.142917755833440814167E+0008   0.406070365778766936273E+0005
    0.143750000000001887379E+0001   0.150943106585206253232E-0008   0.245870876537948874084E-0012   0.142089319324275311083E+0008   0.265831677799822282395E+0005
    0.143750000000001887379E+0001   0.149405817758849788892E-0008   0.168121625212260657707E-0012   0.141562433571834359318E+0008   0.185003202672104525845E+0005
    0.143750000000001887379E+0001   0.148373812295649755827E-0008   0.123159155458977105885E-0012   0.141206016511168703437E+0008   0.135668686427614811691E+0005
    0.143750000000001887379E+0001   0.147636674152457275635E-0008   0.960420693794998400876E-0013   0.140951981305132601410E+0008   0.104874523999783232284E+0005
    0.143750000000001887379E+0001   0.147078231280868340931E-0008   0.798316783295072631484E-0013   0.140761217781145125628E+0008   0.859548895818636083277E+0004
    0.143750000000001887379E+0001   0.146625927896148255683E-0008   0.711256905059609219013E-0013   0.140608628999893385917E+0008   0.754916682065199984208E+0004
    0.143750000000001887379E+0001   0.143750000000001039051E-0008  -0.323385703136461300208E-0040   0.139638367127771191299E+0008   0.000000000000000000000E+0000
    0.143750000000001887379E+0001   0.143750000000001039051E-0008  -0.323385703136461300208E-0040   0.139638367127771191299E+0008   0.000000000000000000000E+0000
    0.143750000000001887379E+0001   0.143750000000001039051E-0008  -0.323385703136465072650E-0040   0.139638367127771191299E+0008   0.000000000000000000000E+0000
    0.143750000000001887379E+0001   0.143750000000001039051E-0008  -0.323385703136461300208E-0040   0.139638367127771191299E+0008   0.000000000000000000000E+0000
    0.145833333333335324333E+0001   0.145833333333334391040E-0008  -0.328072452457279571794E-0040   0.139638367127771191299E+0008   0.000000000000000000000E+0000
    0.145833333333335324333E+0001   0.145833333333334391040E-0008  -0.328072452457279571794E-0040   0.139638367127771191299E+0008   0.000000000000000000000E+0000
    0.145833333333335324333E+0001   0.145833333333334391040E-0008  -0.328072452457279571794E-0040   0.139638367127771191299E+0008   0.000000000000000000000E+0000
    0.145833333333335324333E+0001   0.145833333333334391040E-0008  -0.328072452457279571794E-0040   0.139638367127771191299E+0008   0.000000000000000000000E+0000
    0.145833333333335324333E+0001   0.152148077762629869461E-0008  -0.160287475053187878033E-0012   0.141198385067353304476E+0008  -0.105604515772251179442E+0005
    0.145833333333335324333E+0001   0.153545573850852473740E-0008  -0.205465823601730737201E-0012   0.141497810175266284496E+0008  -0.126134402256901848887E+0005
    0.145833333333335324333E+0001   0.155555409734897188835E-0008  -0.287598078803166032188E-0012   0.141906275590590815991E+0008  -0.161668164675942971371E+0005
    0.145833333333335324333E+0001   0.158740357547833416773E-0008  -0.439081158767981954906E-0012   0.142507217132739368826E+0008  -0.219423002190117076680E+0005
    0.145833333333335324333E+0001   0.164352309073898603627E-0008  -0.745709774322044235625E-0012   0.143444122512438166887E+0008  -0.313750711383710658993E+0005
    0.145833333333335324333E+0001   0.176643784125430219425E-0008  -0.150832302001064173667E-0011   0.145134562224056273699E+0008  -0.472874305827319476521E+0005
    0.145833333333335324333E+0001   0.209734176044410013937E-0008  -0.413529026261358182637E-0011   0.148029430983724948019E+0008  -0.767136484398153988877E+0005
    0.145833333333335324333E+0001   0.193289398166931412626E-0007  -0.131191272652741093340E-0009   0.164599349988733995706E+0008  -0.112978624691774311941E+0006
    0.145833333333335324333E+0001   0.457318686865171818157E-0002  -0.978693727139984389826E-0004   0.154487490792763847858E+0008  -0.228544291070953244343E+0006
    0.145833333333335324333E+0001   0.750968219791417479492E-0002  -0.217900671648686900840E-0003   0.140108246923959534615E+0008  -0.209837881930893694516E+0006
    0.145833333333335324333E+0001   0.110846120201932053784E-0001  -0.217646553938683683061E-0003   0.134907614919709432870E+0008  -0.118534029050921453745E+0006
    0.145833333333335324333E+0001   0.138874104362466596618E-0001  -0.165961759115574008627E-0003   0.134776389370306413621E+0008  -0.129137626871105778264E+0006
    0.145833333333335324333E+0001   0.158649019596318538450E-0001  -0.114646211325443933018E-0003   0.134770246681180149317E+0008  -0.951599538856218714500E+0005
    0.145833333333335324333E+0001   0.171331881504531574612E-0001  -0.626897396897705576953E-0004   0.134692628852619845420E+0008  -0.755867868074672151124E+0005
    0.145833333333335324333E+0001   0.177379544496836204226E-0001  -0.109133069356919933470E-0004   0.134579247750281412154E+0008  -0.590031596106174984016E+0005
    0.145833333333335324333E+0001   0.177040600962180966205E-0001   0.401411875947631224815E-0004   0.134442081785651873797E+0008  -0.439329531572907580994E+0005
    0.145833333333335324333E+0001   0.170501711614353679280E-0001   0.896894419787747066396E-0004   0.134283910405185855925E+0008  -0.307841748325587650470E+0005
    0.145833333333335324333E+0001   0.158047343057670618138E-0001   0.135209636312291227832E-0003   0.134065445605532694608E+0008  -0.120224031111420990783E+0005
    0.145833333333335324333E+0001   0.140189567834349618214E-0001   0.174869473834830471562E-0003   0.133796200675539225340E+0008   0.152744528561283386807E+0005
    0.145833333333335324333E+0001   0.118642679267307073199E-0001   0.180045455063141101584E-0003   0.133574630227509271353E+0008  -0.150023118980458257283E+0005
    0.145833333333335324333E+0001   0.961750973813945558843E-0002   0.162532142280668781944E-0003   0.133781891675248108804E+0008  -0.801022662696040242736E+0004
    0.145833333333335324333E+0001   0.631902391941997244873E-0002   0.129190473141651998405E-0003   0.147698398398067113012E+0008   0.158722895956146472599E+0006
    0.145833333333335324333E+0001   0.313882871103251777714E-0002   0.695094964646009985578E-0004   0.163277859958394505084E+0008   0.322678096019904653076E+0006
    0.145833333333335324333E+0001   0.848486643214264911819E-0003   0.171472466090035667542E-0004   0.174073175322665087879E+0008   0.381448145609467581380E+0006
    0.145833333333335324333E+0001   0.224928976336834035726E-0005   0.298391192288225641531E-0007   0.173715931007061786950E+0008   0.245388958923694706755E+0006
    0.145833333333335324333E+0001   0.165947646002409958698E-0008   0.112396879726767564035E-0011   0.145678182685101889074E+0008   0.818254235104676627088E+0005
    0.145833333333335324333E+0001   0.158653511045464215900E-0008   0.560885672321678612938E-0012   0.143734566784017346799E+0008   0.510953278837586694863E+0005
    0.145833333333335324333E+0001   0.155042711764503828521E-0008   0.331117589043017057561E-0012   0.142609265347629785538E+0008   0.324519772404765280953E+0005
    0.145833333333335324333E+0001   0.152932775327106116273E-0008   0.218778576469056499032E-0012   0.141930638490313403308E+0008   0.221315309780440838949E+0005
    0.145833333333335324333E+0001   0.151563923741353927222E-0008   0.156520802553457357186E-0012   0.141482673259462267160E+0008   0.159445151312097259506E+0005
    0.145833333333335324333E+0001   0.150608987655331664493E-0008   0.119911340589449315533E-0012   0.141170163257602918893E+0008   0.121330613672907729779E+0005
    0.145833333333335324333E+0001   0.149898199715595157803E-0008   0.982739517319577893258E-0013   0.140939466745402906090E+0008   0.980047344403763418086E+0004
    0.145833333333335324333E+0001   0.149330601255030649480E-0008   0.865715646002148286165E-0013   0.140757734584041293710E+0008   0.849645381786759389797E+0004
    0.145833333333335324333E+0001   0.145833333333334391040E-0008  -0.328072452457279571794E-0040   0.139638367127771191299E+0008   0.000000000000000000000E+0000
    0.145833333333335324333E+0001   0.145833333333334391040E-0008  -0.328072452457279571794E-0040   0.139638367127771191299E+0008   0.000000000000000000000E+0000
    0.145833333333335324333E+0001   0.145833333333334391040E-0008  -0.328072452457283344236E-0040   0.139638367127771191299E+0008   0.000000000000000000000E+0000
    0.145833333333335324333E+0001   0.145833333333334391040E-0008  -0.328072452457279571794E-0040   0.139638367127771191299E+0008   0.000000000000000000000E+0000
    0.147916666666668761287E+0001   0.147916666666667743028E-0008  -0.332759201778097792401E-0040   0.139638367127771191299E+0008   0.000000000000000000000E+0000
    0.147916666666668761287E+0001   0.147916666666667743028E-0008  -0.332759201778097792401E-0040   0.139638367127771191299E+0008   0.000000000000000000000E+0000
    0.147916666666668761287E+0001   0.147916666666667743028E-0008  -0.332759201778097792401E-0040   0.139638367127771191299E+0008   0.000000000000000000000E+0000
    0.147916666666668761287E+0001   0.147916666666667743028E-0008  -0.332759201778097792401E-0040   0.139638367127771191299E+0008   0.000000000000000000000E+0000
    0.147916666666668761287E+0001   0.155266325437329427685E-0008  -0.183720716837408385839E-0012   0.141304202138070557266E+0008  -0.106365486614934397949E+0005
    0.147916666666668761287E+0001   0.156914117254130838951E-0008  -0.235537042232986232816E-0012   0.141622257063480149955E+0008  -0.126242642950117915461E+0005
    0.147916666666668761287E+0001   0.159297824768640588881E-0008  -0.330147405751784663045E-0012   0.142055469314215425402E+0008  -0.160746968637498957833E+0005
    0.147916666666668761287E+0001   0.163109245603906114431E-0008  -0.505981821103156349077E-0012   0.142692133747505638748E+0008  -0.216763832085536305385E+0005
    0.147916666666668761287E+0001   0.169912910550247908153E-0008  -0.866240866635579991408E-0012   0.143683582777786236256E+0008  -0.307945878338208494824E+0005
    0.147916666666668761287E+0001   0.185240332328447162082E-0008  -0.178485345952089306247E-0011   0.145475210862833317369E+0008  -0.461127543684063202818E+0005
    0.147916666666668761287E+0001   0.227828691549736303000E-0008  -0.505703223941993425527E-0011   0.148527310399954337627E+0008  -0.742704337348449626006E+0005
    0.147916666666668761287E+0001   0.329049366376813645922E-0007  -0.222076676698952874692E-0009   0.166404638308056183159E+0008  -0.108938978419229024439E+0006
    0.147916666666668761287E+0001   0.498293304850139923134E-0002  -0.103603486831743094596E-0003   0.152277722813986148685E+0008  -0.200393978419403283624E+0006
    0.147916666666668761287E+0001   0.792044007914583653163E-0002  -0.223736265682876402268E-0003   0.138259288581288214773E+0008  -0.185384826139837270603E+0006
    0.147916666666668761287E+0001   0.114470346119116515859E-0001  -0.220762482186400370949E-0003   0.135089122595165539533E+0008  -0.112606788982776706689E+0006
    0.147916666666668761287E+0001   0.142673400496392040887E-0001  -0.169496506211767536138E-0003   0.135004999464275501668E+0008  -0.120516514901310612913E+0006
    0.147916666666668761287E+0001   0.162868502220293830118E-0001  -0.117597088187146298468E-0003   0.134964717959628794342E+0008  -0.927606534787101118127E+0005
    0.147916666666668761287E+0001   0.176095107828961802698E-0001  -0.653966266604933624956E-0004   0.134844131723820418119E+0008  -0.764956021995577029884E+0005
    0.147916666666668761287E+0001   0.182723250883188824412E-0001  -0.133094866572904420830E-0004   0.134706571187739223242E+0008  -0.610386548251181884552E+0005
    0.147916666666668761287E+0001   0.183059526326732474599E-0001   0.381049296156861191150E-0004   0.134544590543272811919E+0008  -0.466833153893397175125E+0005
    0.147916666666668761287E+0001   0.177318438944294373694E-0001   0.880922356649528669279E-0004   0.134363395079167038202E+0008  -0.322952107614891465346E+0005
    0.147916666666668761287E+0001   0.165766003725473301533E-0001   0.134335553998915393885E-0003   0.134168642916646711528E+0008  -0.173850902270422666334E+0005
    0.147916666666668761287E+0001   0.149246611435038343402E-0001   0.175674047487537731815E-0003   0.133917161055917851627E+0008   0.760030493700538499979E+0004
    0.147916666666668761287E+0001   0.129595510533850200724E-0001   0.180083127582845862243E-0003   0.133655451578382793814E+0008   0.166464581415887187177E+0005
    0.147916666666668761287E+0001   0.109599505742824405996E-0001   0.159990557090436679452E-0003   0.133391893156959917396E+0008  -0.317168235274835060409E+0005
    0.147916666666668761287E+0001   0.831243980384770153602E-0002   0.142990080757772551178E-0003   0.138032520301831904799E+0008   0.467848268540196004324E+0005
    0.147916666666668761287E+0001   0.491637562454707091608E-0002   0.101470195802328170490E-0003   0.154592018525337912142E+0008   0.248922564341966441134E+0006
    0.147916666666668761287E+0001   0.200459893609004121545E-0002   0.438329269923971328151E-0004   0.168594949636243693531E+0008   0.400312875774030049797E+0006
    0.147916666666668761287E+0001   0.272956750766826941948E-0003   0.444011185399288753843E-0005   0.176449068007600903511E+0008   0.295109229781404428650E+0006
    0.147916666666668761287E+0001   0.178096573633236507070E-0008   0.186500736281633078847E-0011   0.147945092173638995737E+0008   0.947702050204107508762E+0005
    0.147916666666668761287E+0001   0.165192285559045911864E-0008   0.813635404257092822462E-0012   0.144694907600388675928E+0008   0.594763532976001806674E+0005
    0.147916666666668761287E+0001   0.159755921329600352359E-0008   0.446706168577524897240E-0012   0.143205345344264004380E+0008   0.372053691240434563952E+0005
    0.147916666666668761287E+0001   0.156819955229798496296E-0008   0.283650378654430957431E-0012   0.142337938178846444935E+0008   0.250636380252665003354E+0005
    0.147916666666668761287E+0001   0.154993623534872342802E-0008   0.197628947441923192090E-0012   0.141783374705872144550E+0008   0.178560973446888528997E+0005
    0.147916666666668761287E+0001   0.153754850660129282119E-0008   0.148501206718104066270E-0012   0.141404238683067020029E+0008   0.134463445142247837794E+0005
    0.147916666666668761287E+0001   0.152851383182220157796E-0008   0.119868719529254538974E-0012   0.141129035568189956248E+0008   0.107527896438252391818E+0005
    0.147916666666668761287E+0001   0.152141421054444444733E-0008   0.104323405382516118895E-0012   0.140915362964164707810E+0008   0.923613703920089028543E+0004
    0.147916666666668761287E+0001   0.147916666666667743028E-0008  -0.332759201778097792401E-0040   0.139638367127771191299E+0008   0.000000000000000000000E+0000
    0.147916666666668761287E+0001   0.147916666666667743028E-0008  -0.332759201778097792401E-0040   0.139638367127771191299E+0008   0.000000000000000000000E+0000
    0.147916666666668761287E+0001   0.147916666666667743028E-0008  -0.332759201778101615822E-0040   0.139638367127771191299E+0008   0.000000000000000000000E+0000
    0.147916666666668761287E+0001   0.147916666666667743028E-0008  -0.332759201778097792401E-0040   0.139638367127771191299E+0008   0.000000000000000000000E+0000
    0.150000000000002198242E+0001   0.150000000000001095017E-0008  -0.337445951098916063988E-0040   0.139638367127771191299E+0008   0.000000000000000000000E+0000
    0.150000000000002198242E+0001   0.150000000000001095017E-0008  -0.337445951098916063988E-0040   0.139638367127771191299E+0008   0.000000000000000000000E+0000
    0.150000000000002198242E+0001   0.150000000000001095017E-0008  -0.337445951098916063988E-0040   0.139638367127771191299E+0008   0.000000000000000000000E+0000
    0.150000000000002198242E+0001   0.150000000000001095017E-0008  -0.337445951098916063988E-0040   0.139638367127771191299E+0008   0.000000000000000000000E+0000
    0.150000000000002198242E+0001   0.158467025967147879742E-0008  -0.207715822676946412607E-0012   0.141406395775548499078E+0008  -0.105280543836263150297E+0005
    0.150000000000002198242E+0001   0.160387624563427854692E-0008  -0.266288271721466040500E-0012   0.141742412801298312843E+0008  -0.124305900052035995031E+0005
    0.150000000000002198242E+0001   0.163180396793404258819E-0008  -0.373652181916235797272E-0012   0.142199436523813549429E+0008  -0.157411169297664309852E+0005
    0.150000000000002198242E+0001   0.167681616982446783313E-0008  -0.574555392528473848107E-0012   0.142870337322239037603E+0008  -0.211097371813507852494E+0005
    0.150000000000002198242E+0001   0.175810581392215730694E-0008  -0.990643433780839933347E-0012   0.143913807210047803819E+0008  -0.298228430955041148991E+0005
    0.150000000000002198242E+0001   0.194584207364963986443E-0008  -0.207541558207125678941E-0011   0.145800522541668899357E+0008  -0.444156270147836694377E+0005
    0.150000000000002198242E+0001   0.248256998550636303240E-0008  -0.605533437535918410613E-0011   0.148999677285862825811E+0008  -0.710949367449287674390E+0005
    0.150000000000002198242E+0001   0.537406816206161026720E-0007  -0.354843330571893271460E-0009   0.168045695570257119834E+0008  -0.104541150703803155920E+0006
    0.150000000000002198242E+0001   0.534058510031455019318E-0002  -0.108019568453545137480E-0003   0.150359047227485105395E+0008  -0.172700517166576202726E+0006
    0.150000000000002198242E+0001   0.825821927749445169886E-0002  -0.228007171884421017344E-0003   0.137075869542160332203E+0008  -0.161826080384325585328E+0006
    0.150000000000002198242E+0001   0.117834360261328714714E-0001  -0.223459193916785369381E-0003   0.135224652840290199965E+0008  -0.104006783623255163548E+0006
    0.150000000000002198242E+0001   0.146277783628446771819E-0001  -0.172561638909563984292E-0003   0.135163687562388256192E+0008  -0.109409624403221925604E+0006
    0.150000000000002198242E+0001   0.167033833706783513273E-0001  -0.120402975815911436152E-0003   0.135047735103506427258E+0008  -0.894596612623005057685E+0005
    0.150000000000002198242E+0001   0.180816503277898693591E-0001  -0.680403383447510936785E-0004   0.134890514995886292309E+0008  -0.745705114252057101112E+0005
    0.150000000000002198242E+0001   0.188021796815845271267E-0001  -0.156946426738742004137E-0004   0.134728629653750564903E+0008  -0.598354138452472034260E+0005
    0.150000000000002198242E+0001   0.188962664575978503412E-0001   0.360654182691620640768E-0004   0.134562809094942957163E+0008  -0.454716751825232204283E+0005
    0.150000000000002198242E+0001   0.183883370832559969732E-0001   0.865376138049887171696E-0004   0.134394022659448329359E+0008  -0.300676079453445709078E+0005
    0.150000000000002198242E+0001   0.173092272256386917051E-0001   0.133469955032332234911E-0003   0.134221290618704091758E+0008  -0.126311197372875212750E+0005
    0.150000000000002198242E+0001   0.157477957497086998306E-0001   0.176090667962565335146E-0003   0.134029113507157377899E+0008   0.808491454138143126329E+0004
    0.150000000000002198242E+0001   0.139323619808223719829E-0001   0.181937335958278195019E-0003   0.133773685207811687142E+0008   0.297265945757724730356E+0005
    0.150000000000002198242E+0001   0.121046346124655430920E-0001   0.158531468084371505913E-0003   0.133556205922916159034E+0008   0.438996000282006389170E+0004
    0.150000000000002198242E+0001   0.998330687908717540058E-0002   0.145326210591484176245E-0003   0.133400137741608135402E+0008   0.204650568404012165047E+0004
    0.150000000000002198242E+0001   0.677243317629584035133E-0002   0.126459172700660565491E-0003   0.145274047551249489188E+0008   0.153975950466857553693E+0006
    0.150000000000002198242E+0001   0.339257919677463191249E-0002   0.762592216718911187785E-0004   0.161810470475497413427E+0008   0.363427356266783259343E+0006
    0.150000000000002198242E+0001   0.120371828870470261134E-0002   0.200923575044685643405E-0004   0.172384310668294318020E+0008   0.285473085653393936809E+0006
    0.150000000000002198242E+0001   0.206476584444476296942E-0008   0.371544995422519803537E-0011   0.152028600669330824167E+0008   0.988925627132483932655E+0005
    0.150000000000002198242E+0001   0.173624288959630281970E-0008   0.117342896034145359824E-0011   0.145742540741814151406E+0008   0.634198195051026705187E+0005
    0.150000000000002198242E+0001   0.165275317694905681294E-0008   0.595280672655219178185E-0012   0.143856980323698017746E+0008   0.395246997714351164177E+0005
    0.150000000000002198242E+0001   0.161136381476914737676E-0008   0.362234241499097552481E-0012   0.142760665501951277256E+0008   0.265259741815872985171E+0005
    0.150000000000002198242E+0001   0.158696299599977481619E-0008   0.245728259583992057736E-0012   0.142090074000893160701E+0008   0.188227764344440220157E+0005
    0.150000000000002198242E+0001   0.157092407095110294335E-0008   0.181156103967683816672E-0012   0.141639608989245370030E+0008   0.141147443489353099721E+0005
    0.150000000000002198242E+0001   0.155948780644062892379E-0008   0.144087502757139965447E-0012   0.141318009027693811804E+0008   0.112377925544925892609E+0005
    0.150000000000002198242E+0001   0.155065550365585159823E-0008   0.123942452976743957789E-0012   0.141071585983613003045E+0008   0.961100683488883078098E+0004
    0.150000000000002198242E+0001   0.150000000000001095017E-0008  -0.337445951098916063988E-0040   0.139638367127771191299E+0008   0.000000000000000000000E+0000
    0.150000000000002198242E+0001   0.150000000000001095017E-0008  -0.337445951098916063988E-0040   0.139638367127771191299E+0008   0.000000000000000000000E+0000
    0.150000000000002198242E+0001   0.150000000000001095017E-0008  -0.337445951098919836429E-0040   0.139638367127771191299E+0008   0.000000000000000000000E+0000
    0.150000000000002198242E+0001   0.150000000000001095017E-0008  -0.337445951098916063988E-0040   0.139638367127771191299E+0008   0.000000000000000000000E+0000
    0.152083333333335635196E+0001   0.152083333333334447005E-0008  -0.342132700419734284595E-0040   0.139638367127771191299E+0008   0.000000000000000000000E+0000
    0.152083333333335635196E+0001   0.152083333333334447005E-0008  -0.342132700419734284595E-0040   0.139638367127771191299E+0008   0.000000000000000000000E+0000
    0.152083333333335635196E+0001   0.152083333333334447005E-0008  -0.342132700419734284595E-0040   0.139638367127771191299E+0008   0.000000000000000000000E+0000
    0.152083333333335635196E+0001   0.152083333333334447005E-0008  -0.342132700419734284595E-0040   0.139638367127771191299E+0008   0.000000000000000000000E+0000
    0.152083333333335635196E+0001   0.161747626377743273170E-0008  -0.231835333058388758456E-0012   0.141501121960324402899E+0008  -0.102430400147031978122E+0005
    0.152083333333335635196E+0001   0.163963322622191890117E-0008  -0.297190293523680664986E-0012   0.141853826506931353360E+0008  -0.120487501199746457132E+0005
    0.152083333333335635196E+0001   0.167200249545585061751E-0008  -0.417404608334852998182E-0012   0.142332972514498122036E+0008  -0.151958290375642027357E+0005
    0.152083333333335635196E+0001   0.172454950699661337928E-0008  -0.643738671019594658333E-0012   0.143035651114158220589E+0008  -0.202943885859179026738E+0005
    0.152083333333335635196E+0001   0.182045201155438539984E-0008  -0.111706606662990312960E-0011   0.144127329604408927262E+0008  -0.285500092473875083670E+0005
    0.152083333333335635196E+0001   0.204690253950109446826E-0008  -0.237590962499041785826E-0011   0.146101652779375091195E+0008  -0.423538586718725273386E+0005
    0.152083333333335635196E+0001   0.271144269675945494306E-0008  -0.711781126095769737493E-0011   0.149435681072589252144E+0008  -0.674587826333731063642E+0005
    0.152083333333335635196E+0001   0.845284783692025119208E-0007  -0.541279654645305191038E-0009   0.169537541623041294515E+0008  -0.100276264103403576883E+0006
    0.152083333333335635196E+0001   0.565682583519131962357E-0002  -0.111385313508462061634E-0003   0.148649619759264178574E+0008  -0.145152805906683322974E+0006
    0.152083333333335635196E+0001   0.853526099453501968517E-0002  -0.231051767608514045053E-0003   0.136415163721546735615E+0008  -0.137829502293521858519E+0006
    0.152083333333335635196E+0001   0.120904989747136690226E-0001  -0.225735328650445961698E-0003   0.135314261980290077627E+0008  -0.966392620143650565296E+0005
    0.152083333333335635196E+0001   0.149668091047627134504E-0001  -0.175190820361577749651E-0003   0.135237708050812799484E+0008  -0.100511908719348444720E+0006
    0.152083333333335635196E+0001   0.170943404958935549209E-0001  -0.122964085702421813736E-0003   0.135072656635715812445E+0008  -0.873324715404719318030E+0005
    0.152083333333335635196E+0001   0.185198578316502319996E-0001  -0.704301926504077673279E-0004   0.134906619086756817997E+0008  -0.721693357262841891497E+0005
    0.152083333333335635196E+0001   0.192862674534837255647E-0001  -0.177891580845684614564E-0004   0.134751749692505802959E+0008  -0.562415193969706742791E+0005
    0.152083333333335635196E+0001   0.194276543367077753066E-0001   0.343537541992419600797E-0004   0.134606046535849571228E+0008  -0.405790647937008543522E+0005
    0.152083333333335635196E+0001   0.189704530748011426788E-0001   0.853757573659232873661E-0004   0.134465258882517069578E+0008  -0.229742654122822896170E+0005
    0.152083333333335635196E+0001   0.179480730298396465305E-0001   0.133091554479863828295E-0003   0.134326599115885831416E+0008  -0.244777016692134884579E+0004
    0.152083333333335635196E+0001   0.164514680349743015741E-0001   0.176788892809218688151E-0003   0.134184536921127066016E+0008   0.204192808624543795304E+0005
    0.152083333333335635196E+0001   0.147201336152349183950E-0001   0.183844344064892337197E-0003   0.134009120092554334551E+0008   0.366883289868757492513E+0005
    0.152083333333335635196E+0001   0.130426809911059100877E-0001   0.160301995441062677126E-0003   0.133776978593089655042E+0008   0.424362993253202293999E+0005
    0.152083333333335635196E+0001   0.110535750195342521995E-0001   0.145615428040418248921E-0003   0.133621699489041380584E+0008   0.113677863141404795897E+0005
    0.152083333333335635196E+0001   0.839489581407834757620E-0002   0.139581546576493542057E-0003   0.137329720222027562559E+0008   0.814475989592692349106E+0005
    0.152083333333335635196E+0001   0.478458971270552882449E-0002   0.105011555958662436351E-0003   0.154742042615200523287E+0008   0.283959851950382813811E+0006
    0.152083333333335635196E+0001   0.228744877137420591501E-0002   0.371658465287406475060E-0004   0.166953561714308243245E+0008   0.245419503550785884727E+0006
    0.152083333333335635196E+0001   0.290816583497703214571E-0008   0.900846448603380048568E-0011   0.156401767770032100379E+0008   0.947474985233009792864E+0005
    0.152083333333335635196E+0001   0.184531937727398712632E-0008   0.164570335157784384832E-0011   0.146735310746431853622E+0008   0.625213174983150602202E+0005
    0.152083333333335635196E+0001   0.171753649115412946104E-0008   0.772956808488366029422E-0012   0.144475089255517981946E+0008   0.391415033665822993498E+0005
    0.152083333333335635196E+0001   0.165920125940045002816E-0008   0.451132157626479985628E-0012   0.143154697297640759498E+0008   0.263483096621975346352E+0005
    0.152083333333335635196E+0001   0.162684525593861660503E-0008   0.298616306007586635626E-0012   0.142374201440799664706E+0008   0.187305242148632059980E+0005
    0.152083333333335635196E+0001   0.160625128154357591767E-0008   0.216410772340637304121E-0012   0.141856550210502315313E+0008   0.140593407020055856265E+0005
    0.152083333333335635196E+0001   0.159190483827951964937E-0008   0.169903094216672296368E-0012   0.141491647091143280268E+0008   0.111981588915833017381E+0005
    0.152083333333335635196E+0001   0.158101705059193238638E-0008   0.144652638369706150038E-0012   0.141214836215764880180E+0008   0.957678423215961811366E+0004
    0.152083333333335635196E+0001   0.152083333333334447005E-0008  -0.342132700419734284595E-0040   0.139638367127771191299E+0008   0.000000000000000000000E+0000
    0.152083333333335635196E+0001   0.152083333333334447005E-0008  -0.342132700419734284595E-0040   0.139638367127771191299E+0008   0.000000000000000000000E+0000
    0.152083333333335635196E+0001   0.152083333333334447005E-0008  -0.342132700419738108015E-0040   0.139638367127771191299E+0008   0.000000000000000000000E+0000
    0.152083333333335635196E+0001   0.152083333333334447005E-0008  -0.342132700419734284595E-0040   0.139638367127771191299E+0008   0.000000000000000000000E+0000
    0.154166666666669072150E+0001   0.154166666666667798994E-0008  -0.346819449740552607160E-0040   0.139638367127771191299E+0008   0.000000000000000000000E+0000
    0.154166666666669072150E+0001   0.154166666666667798994E-0008  -0.346819449740552607160E-0040   0.139638367127771191299E+0008   0.000000000000000000000E+0000
    0.154166666666669072150E+0001   0.154166666666667798994E-0008  -0.346819449740552607160E-0040   0.139638367127771191299E+0008   0.000000000000000000000E+0000
    0.154166666666669072150E+0001   0.154166666666667798994E-0008  -0.346819449740552607160E-0040   0.139638367127771191299E+0008   0.000000000000000000000E+0000
    0.154166666666669072150E+0001   0.165103325509613571501E-0008  -0.255608732940495126862E-0012   0.141587575446092206985E+0008  -0.978566371290973256691E+0004
    0.154166666666669072150E+0001   0.167635475256332618860E-0008  -0.327674823803159535504E-0012   0.141955481494001056999E+0008  -0.114840018672812584555E+0005
    0.154166666666669072150E+0001   0.171350377423878610155E-0008  -0.460645604725779114001E-0012   0.142454736866299565881E+0008  -0.144467922649028932938E+0005
    0.154166666666669072150E+0001   0.177420414743420652273E-0008  -0.712388288797627143642E-0012   0.143186212009026724845E+0008  -0.192446626637066365220E+0005
    0.154166666666669072150E+0001   0.188605510000251637477E-0008  -0.124349155309498539351E-0011   0.144321403284854181111E+0008  -0.270053492685880191857E+0005
    0.154166666666669072150E+0001   0.215547245611004337661E-0008  -0.268166178605962240980E-0011   0.146374299558804854751E+0008  -0.399909842084738920676E+0005
    0.154166666666669072150E+0001   0.296526302426731721130E-0008  -0.822847509681170229512E-0011   0.149828154667930733413E+0008  -0.635131054613570086076E+0005
    0.154166666666669072150E+0001   0.128309083949475571276E-0006  -0.793772105268265538660E-0009   0.170870680785088017583E+0008  -0.963729299396290589357E+0005
    0.154166666666669072150E+0001   0.593262219064594718831E-0002  -0.113853747140178280161E-0003   0.147124522718461472541E+0008  -0.119383826821687529446E+0006
    0.154166666666669072150E+0001   0.875893651576317364138E-0002  -0.233124315995341898668E-0003   0.136111864073385242373E+0008  -0.113735339919528909377E+0006
    0.154166666666669072150E+0001   0.123558006723680259553E-0001  -0.227563611445673975647E-0003   0.135399230685706138611E+0008  -0.895297062289377354318E+0005
    0.154166666666669072150E+0001   0.152649562529326900812E-0001  -0.177318326158550023004E-0003   0.135307910116686411202E+0008  -0.920837540483447664883E+0005
    0.154166666666669072150E+0001   0.174326869831182180992E-0001  -0.125098292812790209960E-0003   0.135141472168902568519E+0008  -0.820966002260044333525E+0005
    0.154166666666669072150E+0001   0.188923384532622522236E-0001  -0.723545777040656887778E-0004   0.134995690669540427625E+0008  -0.663361872687019495061E+0005
    0.154166666666669072150E+0001   0.196917761101442732874E-0001  -0.193983470384696636817E-0004   0.134868783756871763617E+0008  -0.500881703684919120860E+0005
    0.154166666666669072150E+0001   0.198671185442522782449E-0001   0.331367762767293013142E-0004   0.134749900346274450421E+0008  -0.335436324564368842402E+0005
    0.154166666666669072150E+0001   0.194461709103537216947E-0001   0.847005440091068851748E-0004   0.134634939953857529908E+0008  -0.149643237278162232542E+0005
    0.154166666666669072150E+0001   0.184650215684278445893E-0001   0.133183605922556963161E-0003   0.134516771858091522008E+0008   0.697690096353918761451E+0004
    0.154166666666669072150E+0001   0.170154073183847800999E-0001   0.177909316130950268496E-0003   0.134395405406835954636E+0008   0.324109830841748844250E+0005
    0.154166666666669072150E+0001   0.153362828676422008334E-0001   0.185772612661535283310E-0003   0.134262553324410058558E+0008   0.481027849580791371409E+0005
    0.154166666666669072150E+0001   0.137369047842620557731E-0001   0.162745936588887989485E-0003   0.134072319237630795687E+0008   0.501758982632243569242E+0005
    0.154166666666669072150E+0001   0.118717381246904625514E-0001   0.147188172069408933825E-0003   0.133892819815822243690E+0008   0.429833131787817546865E+0005
    0.154166666666669072150E+0001   0.949275253398410012728E-0002   0.145241270601961683200E-0003   0.134113066352181732655E+0008   0.614424183718300992041E+0005
    0.154166666666669072150E+0001   0.593573695265598409720E-0002   0.123027981839943684498E-0003   0.148625915284764226526E+0008   0.186690093845874944236E+0006
    0.154166666666669072150E+0001   0.325531026641931366811E-0002   0.500574930204711267441E-0004   0.161872202582390159369E+0008   0.189514109186174289789E+0006
    0.154166666666669072150E+0001   0.525003716095319492270E-0008   0.222090398933719358357E-0010   0.160204221787034254521E+0008   0.849548631691937480355E+0005
    0.154166666666669072150E+0001   0.198253866983303786445E-0008   0.220824230914941042857E-0011   0.147573372626343723387E+0008   0.577943906666606708313E+0005
    0.154166666666669072150E+0001   0.179233806098651056834E-0008   0.969182535072303830471E-0012   0.145003317381255049258E+0008   0.365480549641240068013E+0005
    0.154166666666669072150E+0001   0.171163681521349787374E-0008   0.545010429736099903090E-0012   0.143492875502833388746E+0008   0.247972271582418725302E+0005
    0.154166666666669072150E+0001   0.166946156100012987526E-0008   0.353327826890155487274E-0012   0.142619308127498365939E+0008   0.177358485080190112058E+0005
    0.154166666666669072150E+0001   0.164341557630601844284E-0008   0.252441885505592531221E-0012   0.142044416910590548068E+0008   0.133775742753654958506E+0005
    0.154166666666669072150E+0001   0.162566575992947413064E-0008   0.196090555539754668889E-0012   0.141642465995348412544E+0008   0.106977198475507848343E+0005
    0.154166666666669072150E+0001   0.161241413656205007394E-0008   0.165551982331411089267E-0012   0.141339533789538387209E+0008   0.917797382156782623497E+0004
    0.154166666666669072150E+0001   0.154166666666667798994E-0008  -0.346819449740552607160E-0040   0.139638367127771191299E+0008   0.000000000000000000000E+0000
    0.154166666666669072150E+0001   0.154166666666667798994E-0008  -0.346819449740552607160E-0040   0.139638367127771191299E+0008   0.000000000000000000000E+0000
    0.154166666666669072150E+0001   0.154166666666667798994E-0008  -0.346819449740556379601E-0040   0.139638367127771191299E+0008   0.000000000000000000000E+0000
    0.154166666666669072150E+0001   0.154166666666667798994E-0008  -0.346819449740552607160E-0040   0.139638367127771191299E+0008   0.000000000000000000000E+0000
    0.156250000000002509104E+0001   0.156250000000001150982E-0008  -0.351506199061370827767E-0040   0.139638367127771191299E+0008   0.000000000000000000000E+0000
    0.156250000000002509104E+0001   0.156250000000001150982E-0008  -0.351506199061370827767E-0040   0.139638367127771191299E+0008   0.000000000000000000000E+0000
    0.156250000000002509104E+0001   0.156250000000001150982E-0008  -0.351506199061370827767E-0040   0.139638367127771191299E+0008   0.000000000000000000000E+0000
    0.156250000000002509104E+0001   0.156250000000001150982E-0008  -0.351506199061370827767E-0040   0.139638367127771191299E+0008   0.000000000000000000000E+0000
    0.156250000000002509104E+0001   0.168529094718381766648E-0008  -0.278569709045862216315E-0012   0.141666454328362531960E+0008  -0.918154546378434315557E+0004
    0.156250000000002509104E+0001   0.171397914798523581769E-0008  -0.357170336089835754396E-0012   0.142048156212889030576E+0008  -0.107622455884746268566E+0005
    0.156250000000002509104E+0001   0.175622935032516474347E-0008  -0.502599304945051197420E-0012   0.142565592196044884622E+0008  -0.135213744748326298577E+0005
    0.156250000000002509104E+0001   0.182567406981618361249E-0008  -0.779314403267424563334E-0012   0.143322970483344011009E+0008  -0.179907498448620171985E+0005
    0.156250000000002509104E+0001   0.195475990319890796703E-0008  -0.136777472909159077761E-0011   0.144497070895209442824E+0008  -0.252237769230970407079E+0005
    0.156250000000002509104E+0001   0.227129733270398776626E-0008  -0.298748698827307510815E-0011   0.146619570306228846312E+0008  -0.373684363791198193212E+0005
    0.156250000000002509104E+0001   0.324373806587965381986E-0008  -0.936827970883187966858E-0011   0.150178445488936174661E+0008  -0.593207557180467629223E+0005
    0.156250000000002509104E+0001   0.188147291340708223885E-0006  -0.112330021912782136831E-0008   0.172046565254705846310E+0008  -0.927443486966980126454E+0005
    0.156250000000002509104E+0001   0.616813216564735151970E-0002  -0.115588661094801154004E-0003   0.145790508297596275806E+0008  -0.962668775000298919622E+0005
    0.156250000000002509104E+0001   0.893904088549138040043E-0002  -0.234475533156126988380E-0003   0.136023931809020023793E+0008  -0.896196262457712000469E+0005
    0.156250000000002509104E+0001   0.125754505565198182460E-0001  -0.228950006461554661421E-0003   0.135514956827803514898E+0008  -0.809296751287279475946E+0005
    0.156250000000002509104E+0001   0.155160500738540600013E-0001  -0.178935966680931232524E-0003   0.135419852001914195716E+0008  -0.817300351341272325953E+0005
    0.156250000000002509104E+0001   0.177144710459432100369E-0001  -0.126715935937787675669E-0003   0.135270581378123145550E+0008  -0.723088107515868905466E+0005
    0.156250000000002509104E+0001   0.192001844291857515223E-0001  -0.737673973903307388274E-0004   0.135153426230858080089E+0008  -0.570459744526513604796E+0005
    0.156250000000002509104E+0001   0.200250938547011612945E-0001  -0.205389324785821007942E-0004   0.135049052541165649891E+0008  -0.418213645678256580140E+0005
    0.156250000000002509104E+0001   0.202249888605479030690E-0001   0.323451063282076888786E-0004   0.134950303869394678622E+0008  -0.258352160148970506270E+0005
    0.156250000000002509104E+0001   0.198285015100783910957E-0001   0.843770592843406561871E-0004   0.134853076057153977454E+0008  -0.769722475204600596044E+0004
    0.156250000000002509104E+0001   0.188722643464782000033E-0001   0.133495098365638790051E-0003   0.134753085992209091783E+0008   0.136913200608230727084E+0005
    0.156250000000002509104E+0001   0.174496866114604159970E-0001   0.179072896195729859689E-0003   0.134647739132551699877E+0008   0.393263361892753018765E+0005
    0.156250000000002509104E+0001   0.157979389620104514191E-0001   0.187596613274965747387E-0003   0.134544060532005708665E+0008   0.575249360987338150153E+0005
    0.156250000000002509104E+0001   0.142242005812978078438E-0001   0.164664078617934368136E-0003   0.134423557356675174087E+0008   0.558995561027413859847E+0005
    0.156250000000002509104E+0001   0.124241819915586609868E-0001   0.149425809706606681736E-0003   0.134232285959925111383E+0008   0.621104518815328410710E+0005
    0.156250000000002509104E+0001   0.100762947649489613411E-0001   0.147701020542003239305E-0003   0.134217252479836829007E+0008   0.498851260860927577596E+0005
    0.156250000000002509104E+0001   0.674670277074736462336E-0002   0.131169177225957180348E-0003   0.144141217485104147345E+0008   0.108859191449851394282E+0006
    0.156250000000002509104E+0001   0.400603027666415582864E-0002   0.576754138754778270881E-0004   0.157767886299638655037E+0008   0.133767683510716771707E+0006
    0.156250000000002509104E+0001   0.106142089579177326744E-0007   0.481299783677955645657E-0010   0.163149011053716186434E+0008   0.729395460531068383716E+0005
    0.156250000000002509104E+0001   0.214789609249058349156E-0008   0.281633905537067525624E-0011   0.148235862767233494669E+0008   0.510385765366039122455E+0005
    0.156250000000002509104E+0001   0.187659438507508113849E-0008   0.117012640629514246167E-0011   0.145430489280956350267E+0008   0.326778965962475413107E+0005
    0.156250000000002509104E+0001   0.176826542530957309381E-0008   0.638158205065788316432E-0012   0.143771655689780544490E+0008   0.224006301296304736752E+0005
    0.156250000000002509104E+0001   0.171453816261378467930E-0008   0.406927680507223554365E-0012   0.142824096247462965548E+0008   0.161582262209760647238E+0005
    0.156250000000002509104E+0001   0.168222184088178811430E-0008   0.287516941977001186614E-0012   0.142203000494160652161E+0008   0.122748036563728364854E+0005
    0.156250000000002509104E+0001   0.166062335387949427070E-0008   0.221508215083459496367E-0012   0.141770723735967203975E+0008   0.987646534008489106782E+0004
    0.156250000000002509104E+0001   0.164473092579622901450E-0008   0.185806628290281798810E-0012   0.141446134927671458572E+0008   0.851711404754886825685E+0004
    0.156250000000002509104E+0001   0.156250000000001150982E-0008  -0.351506199061370827767E-0040   0.139638367127771191299E+0008   0.000000000000000000000E+0000
    0.156250000000002509104E+0001   0.156250000000001150982E-0008  -0.351506199061370827767E-0040   0.139638367127771191299E+0008   0.000000000000000000000E+0000
    0.156250000000002509104E+0001   0.156250000000001150982E-0008  -0.351506199061374600209E-0040   0.139638367127771191299E+0008   0.000000000000000000000E+0000
    0.156250000000002509104E+0001   0.156250000000001150982E-0008  -0.351506199061370827767E-0040   0.139638367127771191299E+0008   0.000000000000000000000E+0000
    0.158333333333335946058E+0001   0.158333333333334502971E-0008  -0.356192948382189048374E-0040   0.139638367127771191299E+0008   0.000000000000000000000E+0000
    0.158333333333335946058E+0001   0.158333333333334502971E-0008  -0.356192948382189048374E-0040   0.139638367127771191299E+0008   0.000000000000000000000E+0000
    0.158333333333335946058E+0001   0.158333333333334502971E-0008  -0.356192948382189048374E-0040   0.139638367127771191299E+0008   0.000000000000000000000E+0000
    0.158333333333335946058E+0001   0.158333333333334502971E-0008  -0.356192948382189048374E-0040   0.139638367127771191299E+0008   0.000000000000000000000E+0000
    0.158333333333335946058E+0001   0.172019204336386274504E-0008  -0.300353485755177932869E-0012   0.141736212131814602762E+0008  -0.850154759539491897158E+0004
    0.158333333333335946058E+0001   0.175243479287271798232E-0008  -0.385222124814149786235E-0012   0.142130052948947474360E+0008  -0.996295263304839681950E+0004
    0.158333333333335946058E+0001   0.180008575954436892973E-0008  -0.542635160766080027120E-0012   0.142663438617954850197E+0008  -0.125144622360750418011E+0005
    0.158333333333335946058E+0001   0.187882800961967666523E-0008  -0.843522501774358003910E-0012   0.143443459005131330341E+0008  -0.166515765931836212985E+0005
    0.158333333333335946058E+0001   0.202636109151624782584E-0008  -0.148805315987391008053E-0011   0.144651436121211051941E+0008  -0.233596753826832500636E+0005
    0.158333333333335946058E+0001   0.239397849602256610645E-0008  -0.328859322468515606474E-0011   0.146834201466186530888E+0008  -0.346891328372056304943E+0005
    0.158333333333335946058E+0001   0.354596650422664191108E-0008  -0.105181628483980230927E-0010   0.150483291524485331029E+0008  -0.551570380750903350418E+0005
    0.158333333333335946058E+0001   0.266830147389162900096E-0006  -0.153829912368997595142E-0008   0.173068259252686277032E+0008  -0.895357082801819487941E+0005
    0.158333333333335946058E+0001   0.636615389221458806424E-0002  -0.116765349859813521429E-0003   0.144638640802224241197E+0008  -0.763032779702202533372E+0005
    0.158333333333335946058E+0001   0.908522644720024044607E-0002  -0.235318559454325245458E-0003   0.136040592797569446266E+0008  -0.668220327787995774997E+0005
    0.158333333333335946058E+0001   0.127543797091334079608E-0001  -0.229959461371492536160E-0003   0.135645163009198363870E+0008  -0.716954919821257790318E+0005
    0.158333333333335946058E+0001   0.157237573037976238743E-0001  -0.180109718767142883752E-0003   0.135544216030799653381E+0008  -0.711626620498585980386E+0005
    0.158333333333335946058E+0001   0.179459541382720223768E-0001  -0.127865072530027675153E-0003   0.135411918192552942783E+0008  -0.618524824078738529352E+0005
    0.158333333333335946058E+0001   0.194536261371136935672E-0001  -0.747522029824613295362E-0004   0.135311011568431518972E+0008  -0.479738746448746751412E+0005
    0.158333333333335946058E+0001   0.202986349336346690031E-0001  -0.213060717312924102480E-0004   0.135218750314495954663E+0008  -0.339215319018060836243E+0005
    0.158333333333335946058E+0001   0.205162420696098218853E-0001   0.318636151268003429840E-0004   0.135133453009917084128E+0008  -0.187730554115919840115E+0005
    0.158333333333335946058E+0001   0.201350714695394325537E-0001   0.842745706429816657766E-0004   0.135051911280130874366E+0008  -0.128587949949474250388E+0004
    0.158333333333335946058E+0001   0.191917276615372958681E-0001   0.133886314707950778487E-0003   0.134971666000451892614E+0008   0.193321921963702952780E+0005
    0.158333333333335946058E+0001   0.177798077786019068092E-0001   0.180088223545726052854E-0003   0.134890337905003558844E+0008   0.434641698972894591861E+0005
    0.158333333333335946058E+0001   0.161379890298488683220E-0001   0.189097839931298526564E-0003   0.134810454167094063014E+0008   0.607771020967038348317E+0005
    0.158333333333335946058E+0001   0.145700858517234174694E-0001   0.166147147958168781533E-0003   0.134739039563724696636E+0008   0.589761139140098894131E+0005
    0.158333333333335946058E+0001   0.127784649376828166045E-0001   0.151033862889478852614E-0003   0.134604610694067776203E+0008   0.573366985119524615584E+0005
    0.158333333333335946058E+0001   0.104595405583703827262E-0001   0.148934584880067752248E-0003   0.134612039329921733588E+0008   0.357786169543374780915E+0005
    0.158333333333335946058E+0001   0.729207937207876355501E-0002   0.134482224933146304836E-0003   0.141086235275404844433E+0008   0.658685346379397087730E+0005
    0.158333333333335946058E+0001   0.455345827046233810054E-0002   0.616089704562256982668E-0004   0.154657899953750614077E+0008   0.908362468996830430115E+0005
    0.158333333333335946058E+0001   0.206385825336224943759E-0007   0.888038856150342017584E-0010   0.165319945494331121445E+0008   0.616983183872802328551E+0005
    0.158333333333335946058E+0001   0.233905973740095763809E-0008   0.342761673060504410680E-0011   0.148743204942672885954E+0008   0.441453446958244239795E+0005
    0.158333333333335946058E+0001   0.196922276082408265590E-0008   0.136472167144445382483E-0011   0.145765437864230014384E+0008   0.285698707647100491158E+0005
    0.158333333333335946058E+0001   0.182854876548538383178E-0008   0.726476779977909016337E-0012   0.143995127814685553312E+0008   0.197798127860864078684E+0005
    0.158333333333335946058E+0001   0.176175049156743131758E-0008   0.457386590536050703711E-0012   0.142990687410648930818E+0008   0.143915029048136093479E+0005
    0.158333333333335946058E+0001   0.172245273331580512638E-0008   0.320453009574072377213E-0012   0.142333462994274161756E+0008   0.110154432100670419459E+0005
    0.158333333333335946058E+0001   0.169661957683579806951E-0008   0.245373864522933904466E-0012   0.141877089075348917395E+0008   0.892269525461823650403E+0004
    0.158333333333335946058E+0001   0.167784609182893118548E-0008   0.204838865913932880424E-0012   0.141535041288448795676E+0008   0.773853358107954136358E+0004
    0.158333333333335946058E+0001   0.158333333333334502971E-0008  -0.356192948382189048374E-0040   0.139638367127771191299E+0008   0.000000000000000000000E+0000
    0.158333333333335946058E+0001   0.158333333333334502971E-0008  -0.356192948382189048374E-0040   0.139638367127771191299E+0008   0.000000000000000000000E+0000
    0.158333333333335946058E+0001   0.158333333333334502971E-0008  -0.356192948382192871795E-0040   0.139638367127771191299E+0008   0.000000000000000000000E+0000
    0.158333333333335946058E+0001   0.158333333333334502971E-0008  -0.356192948382189048374E-0040   0.139638367127771191299E+0008   0.000000000000000000000E+0000
    0.160416666666669383012E+0001   0.160416666666667854959E-0008  -0.360879697703007370939E-0040   0.139638367127771191299E+0008   0.000000000000000000000E+0000
    0.160416666666669383012E+0001   0.160416666666667854959E-0008  -0.360879697703007370939E-0040   0.139638367127771191299E+0008   0.000000000000000000000E+0000
    0.160416666666669383012E+0001   0.160416666666667854959E-0008  -0.360879697703007370939E-0040   0.139638367127771191299E+0008   0.000000000000000000000E+0000
    0.160416666666669383012E+0001   0.160416666666667854959E-0008  -0.360879697703007370939E-0040   0.139638367127771191299E+0008   0.000000000000000000000E+0000
    0.160416666666669383012E+0001   0.175566784348911285209E-0008  -0.320733593548246783384E-0012   0.141797548837241362780E+0008  -0.778277043852496808540E+0004
    0.160416666666669383012E+0001   0.179163436695565540541E-0008  -0.411546484431503431758E-0012   0.142201945359304994345E+0008  -0.912839562581671270891E+0004
    0.160416666666669383012E+0001   0.184495660164729726610E-0008  -0.580355188982778007254E-0012   0.142749130667866189033E+0008  -0.114775282119087587489E+0005
    0.160416666666669383012E+0001   0.193349766585665247120E-0008  -0.904368292818952823276E-0012   0.143548638129116967320E+0008  -0.152931317863009207940E+0005
    0.160416666666669383012E+0001   0.210058325958655346144E-0008  -0.160306090917791902606E-0011   0.144785627707970570773E+0008  -0.215007914964070623682E+0005
    0.160416666666669383012E+0001   0.252293049725419944119E-0008  -0.358141537639320525714E-0011   0.147019734304325692356E+0008  -0.320701961042376606201E+0005
    0.160416666666669383012E+0001   0.387029176768062868625E-0008  -0.116622866786490532291E-0010   0.150745092877772226930E+0008  -0.511858866790481697535E+0005
    0.160416666666669383012E+0001   0.366501311556488785148E-0006  -0.204405672403054128390E-0008   0.173946617476608641446E+0008  -0.867251146254471823340E+0005
    0.160416666666669383012E+0001   0.653015613647597685520E-0002  -0.117538883020084852652E-0003   0.143655653023404218256E+0008  -0.596906346697608969407E+0005
    0.160416666666669383012E+0001   0.920390168578672646094E-0002  -0.235813716343668763626E-0003   0.136103050984487626702E+0008  -0.464257547165128198685E+0005
    0.160416666666669383012E+0001   0.128977299309836583585E-0001  -0.230669550113568247581E-0003   0.135774868450325261801E+0008  -0.623414631037945437129E+0005
    0.160416666666669383012E+0001   0.158905438965505560467E-0001  -0.180926726848887266426E-0003   0.135667206194352936000E+0008  -0.613920132069649553159E+0005
    0.160416666666669383012E+0001   0.181303794034778295585E-0001  -0.128644726956477460644E-0003   0.135549866272000093013E+0008  -0.524521254557444772217E+0005
    0.160416666666669383012E+0001   0.196549032648059666950E-0001  -0.754088836945385047363E-0004   0.135456790429551377892E+0008  -0.401863183791675037355E+0005
    0.160416666666669383012E+0001   0.205143016104184401638E-0001  -0.217950380296493866007E-0004   0.135373733269244041294E+0008  -0.272987086468061315827E+0005
    0.160416666666669383012E+0001   0.207435243725019730077E-0001   0.315955270616458176692E-0004   0.135299731165168639272E+0008  -0.130744422650638516643E+0005
    0.160416666666669383012E+0001   0.203710939698551925237E-0001   0.842948134210054413496E-0004   0.135233511860986277461E+0008   0.353741342136508501426E+0004
    0.160416666666669383012E+0001   0.194334496503957912528E-0001   0.134268428735904847039E-0003   0.135173539730237983167E+0008   0.232161767692187531793E+0005
    0.160416666666669383012E+0001   0.180242038993985893847E-0001   0.180899046949106973112E-0003   0.135117268312968164682E+0008   0.458820204132189828670E+0005
    0.160416666666669383012E+0001   0.163829650074030046258E-0001   0.190206291575905131735E-0003   0.135063107208644933999E+0008   0.609050530923473488656E+0005
    0.160416666666669383012E+0001   0.148149075510788687249E-0001   0.167216374604708939693E-0003   0.135020126123513057828E+0008   0.580868479935727591510E+0005
    0.160416666666669383012E+0001   0.130165071801971801713E-0001   0.151967749885148853146E-0003   0.134956621950598340482E+0008   0.478586152338922111085E+0005
    0.160416666666669383012E+0001   0.107308835740241893808E-0001   0.149529927745366394889E-0003   0.134919058486298155040E+0008   0.229685085428251732083E+0005
    0.160416666666669383012E+0001   0.766114576009805856027E-0002   0.135849517906302350587E-0003   0.139105621222124993801E+0008   0.374769333893263028585E+0005
    0.160416666666669383012E+0001   0.494929430009717445660E-0002   0.635472601649129080351E-0004   0.152331248156115524471E+0008   0.595803749347479606513E+0005
    0.160416666666669383012E+0001   0.365371466585484280265E-0007   0.142731507747879329301E-0009   0.166918994085725955665E+0008   0.519991045834215838113E+0005
    0.160416666666669383012E+0001   0.255269086771532399433E-0008   0.401374054473254146033E-0011   0.149133636347268000245E+0008   0.378239214796940796077E+0005
    0.160416666666669383012E+0001   0.206898884834853799385E-0008   0.154636101323148864478E-0011   0.146028987744594998658E+0008   0.246583136901134712389E+0005
    0.160416666666669383012E+0001   0.189192857161278024076E-0008   0.807737881906313025566E-0012   0.144174910279123038054E+0008   0.172118777788396437245E+0005
    0.160416666666669383012E+0001   0.181077259497485083853E-0008   0.503631789868560363576E-0012   0.143126705227146409452E+0008   0.126192271023855046224E+0005
    0.160416666666669383012E+0001   0.176389327088125970006E-0008   0.350625524656189762667E-0012   0.142441204937820937485E+0008   0.972676141575088695390E+0004
    0.160416666666669383012E+0001   0.173349936651880516666E-0008   0.267267194149495395845E-0012   0.141965653804770242423E+0008   0.792940032513456026209E+0004
    0.160416666666669383012E+0001   0.171164126424600031010E-0008   0.222330355420175657273E-0012   0.141609498812191914767E+0008   0.691505291169340580382E+0004
    0.160416666666669383012E+0001   0.160416666666667854959E-0008  -0.360879697703007370939E-0040   0.139638367127771191299E+0008   0.000000000000000000000E+0000
    0.160416666666669383012E+0001   0.160416666666667854959E-0008  -0.360879697703007370939E-0040   0.139638367127771191299E+0008   0.000000000000000000000E+0000
    0.160416666666669383012E+0001   0.160416666666667854959E-0008  -0.360879697703011143381E-0040   0.139638367127771191299E+0008   0.000000000000000000000E+0000
    0.160416666666669383012E+0001   0.160416666666667854959E-0008  -0.360879697703007370939E-0040   0.139638367127771191299E+0008   0.000000000000000000000E+0000
    0.162500000000002819966E+0001   0.162500000000001206948E-0008  -0.365566447023825591546E-0040   0.139638367127771191299E+0008   0.000000000000000000000E+0000
    0.162500000000002819966E+0001   0.162500000000001206948E-0008  -0.365566447023825591546E-0040   0.139638367127771191299E+0008   0.000000000000000000000E+0000
    0.162500000000002819966E+0001   0.162500000000001206948E-0008  -0.365566447023825591546E-0040   0.139638367127771191299E+0008   0.000000000000000000000E+0000
    0.162500000000002819966E+0001   0.162500000000001206948E-0008  -0.365566447023825591546E-0040   0.139638367127771191299E+0008   0.000000000000000000000E+0000
    0.162500000000002819966E+0001   0.179166289765540606910E-0008  -0.339537317133444727849E-0012   0.141852736583343259990E+0008  -0.703382490630166103074E+0004
    0.162500000000002819966E+0001   0.183150648424286790844E-0008  -0.435927605683352475405E-0012   0.142266479257463235408E+0008  -0.826643574055608769413E+0004
    0.162500000000002819966E+0001   0.189074498091276680129E-0008  -0.615457542323127257202E-0012   0.142825792174163535237E+0008  -0.104175250447748258011E+0005
    0.162500000000002819966E+0001   0.198953930098569935612E-0008  -0.961363138932934556399E-0012   0.143642289849332459271E+0008  -0.139207921777361771092E+0005
    0.162500000000002819966E+0001   0.217718253188545235069E-0008  -0.171183047214813636808E-0011   0.144904385098394397646E+0008  -0.196490880422079462733E+0005
    0.162500000000002819966E+0001   0.265760132765702242751E-0008  -0.386312926176122905845E-0011   0.147182510038453843445E+0008  -0.295042709573056636145E+0005
    0.162500000000002819966E+0001   0.421499559856651778058E-0008  -0.127876227939948008191E-0010   0.150972742642065715045E+0008  -0.473851462382524186978E+0005
    0.162500000000002819966E+0001   0.488674494002024823205E-0006  -0.264209608860212510820E-0008   0.174704043958948329091E+0008  -0.840583758810307044769E+0005
    0.162500000000002819966E+0001   0.666467459740749737507E-0002  -0.118035048648083558225E-0003   0.142828642762358598411E+0008  -0.459708486885370366508E+0005
    0.162500000000002819966E+0001   0.930040221016630377915E-0002  -0.236079782401681055127E-0003   0.136190497979455329478E+0008  -0.284184265726296398498E+0005
    0.162500000000002819966E+0001   0.130114449166778486933E-0001  -0.231152565177824366504E-0003   0.135906682635404001921E+0008  -0.526177575354158907430E+0005
    0.162500000000002819966E+0001   0.160217242144318205987E-0001  -0.181475812947686334156E-0003   0.135798415600055400282E+0008  -0.518684892590500094229E+0005
    0.162500000000002819966E+0001   0.182741582910504636594E-0001  -0.129155665500382279241E-0003   0.135696060811503790319E+0008  -0.436547744661727992934E+0005
    0.162500000000002819966E+0001   0.198105570386775467484E-0001  -0.758304897354322043380E-0004   0.135613057002547793090E+0008  -0.330114213589646533364E+0005
    0.162500000000002819966E+0001   0.206795184258919718945E-0001  -0.220929945163953543965E-0004   0.135540403951179161668E+0008  -0.214032009116105291469E+0005
    0.162500000000002819966E+0001   0.209158301416493483393E-0001   0.314580851295972828809E-0004   0.135478257672511935234E+0008  -0.847782287797201934154E+0004
    0.162500000000002819966E+0001   0.205480826009899440743E-0001   0.843625494450117759115E-0004   0.135424865419445317239E+0008   0.674490375528561889951E+0004
    0.162500000000002819966E+0001   0.196126647083579366826E-0001   0.134589159359549653382E-0003   0.135378895596853867173E+0008   0.249704124545393533481E+0005
    0.162500000000002819966E+0001   0.182030921829129041511E-0001   0.181508737660759716329E-0003   0.135338639748332276940E+0008   0.459270423706286674133E+0005
    0.162500000000002819966E+0001   0.165595022399165035798E-0001   0.190989425161724562770E-0003   0.135300746328912265599E+0008   0.585515299707797530573E+0005
    0.162500000000002819966E+0001   0.149890514561849957920E-0001   0.167939254533543391159E-0003   0.135268563872152622789E+0008   0.533317727650821689167E+0005
    0.162500000000002819966E+0001   0.131859522872697955409E-0001   0.152515427074907759103E-0003   0.135248870787363108248E+0008   0.391571737934076154488E+0005
    0.162500000000002819966E+0001   0.109203264840076145342E-0001   0.149779845768338018205E-0003   0.135170639711541756988E+0008   0.123240918937875467236E+0005
    0.162500000000002819966E+0001   0.791214045749594890866E-0002   0.136331394721032179117E-0003   0.137890298996735364199E+0008   0.150651451042444605264E+0005
    0.162500000000002819966E+0001   0.523972705702068115852E-0002   0.644717455140173814013E-0004   0.150556967090836558491E+0008   0.369237903861243685242E+0005
    0.162500000000002819966E+0001   0.589470887287712857618E-0007   0.206507672465857671207E-0009   0.168114125227363556623E+0008   0.440428392888225207571E+0005
    0.162500000000002819966E+0001   0.278549253926880026328E-0008   0.455923821616775038693E-0011   0.149436829885697364807E+0008   0.323490694761292543262E+0005
    0.162500000000002819966E+0001   0.217478808038630929181E-0008   0.171177340605840412180E-0011   0.146238527165157031268E+0008   0.211363225563996129495E+0005
    0.162500000000002819966E+0001   0.195792958145059217833E-0008   0.880923789838599142919E-0012   0.144321214238348584622E+0008   0.148274690080677191872E+0005
    0.162500000000002819966E+0001   0.186133365367471548938E-0008   0.545167465116230850773E-0012   0.143239219299577753991E+0008   0.109309819875174343906E+0005
    0.162500000000002819966E+0001   0.180636759163733749154E-0008   0.377730324015101462677E-0012   0.142531474429238867015E+0008   0.847189620498690419481E+0004
    0.162500000000002819966E+0001   0.177113727118905453761E-0008   0.286967890586069279723E-0012   0.142040550674444548786E+0008   0.694294130801693336252E+0004
    0.162500000000002819966E+0001   0.174602146736638624681E-0008   0.238101511855669449021E-0012   0.141672884301908146590E+0008   0.608285321559114527190E+0004
    0.162500000000002819966E+0001   0.162500000000001206948E-0008  -0.365566447023825591546E-0040   0.139638367127771191299E+0008   0.000000000000000000000E+0000
    0.162500000000002819966E+0001   0.162500000000001206948E-0008  -0.365566447023825591546E-0040   0.139638367127771191299E+0008   0.000000000000000000000E+0000
    0.162500000000002819966E+0001   0.162500000000001206948E-0008  -0.365566447023829363988E-0040   0.139638367127771191299E+0008   0.000000000000000000000E+0000
    0.162500000000002819966E+0001   0.162500000000001206948E-0008  -0.365566447023825591546E-0040   0.139638367127771191299E+0008   0.000000000000000000000E+0000
    0.164583333333336256921E+0001   0.164583333333334558936E-0008  -0.370253196344643863132E-0040   0.139638367127771191299E+0008   0.000000000000000000000E+0000
    0.164583333333336256921E+0001   0.164583333333334558936E-0008  -0.370253196344643863132E-0040   0.139638367127771191299E+0008   0.000000000000000000000E+0000
    0.164583333333336256921E+0001   0.164583333333334558936E-0008  -0.370253196344643863132E-0040   0.139638367127771191299E+0008   0.000000000000000000000E+0000
    0.164583333333336256921E+0001   0.164583333333334558936E-0008  -0.370253196344643863132E-0040   0.139638367127771191299E+0008   0.000000000000000000000E+0000
    0.164583333333336256921E+0001   0.182812903074752952445E-0008  -0.356663598853641595167E-0012   0.141901273683075029403E+0008  -0.630270225035787461820E+0004
    0.164583333333336256921E+0001   0.187198884046478582482E-0008  -0.458239211531363550027E-0012   0.142323129507012814283E+0008  -0.743155295609291988512E+0004
    0.164583333333336256921E+0001   0.193736582316794488364E-0008  -0.647764450864646585635E-0012   0.142892912154080085456E+0008  -0.939996650653614597104E+0004
    0.164583333333336256921E+0001   0.204682562085610751431E-0008  -0.101421253364161343548E-0011   0.143723997231911588460E+0008  -0.126163762615640989679E+0005
    0.164583333333336256921E+0001   0.225594002003697172035E-0008  -0.181375126079235503796E-0011   0.145007549541203789413E+0008  -0.179087507270146379597E+0005
    0.164583333333336256921E+0001   0.279748152000284166493E-0008  -0.413178707729104435894E-0011   0.147323119522072207183E+0008  -0.271232844067337500746E+0005
    0.164583333333336256921E+0001   0.457842097555660765844E-0008  -0.138845390301181804127E-0010   0.151168315084843151271E+0008  -0.439204412944039504509E+0005
    0.164583333333336256921E+0001   0.634316449924705830011E-0006  -0.333077882329752621547E-0008   0.175355828721523918211E+0008  -0.816179253486165689537E+0005
    0.164583333333336256921E+0001   0.677461757212248754517E-0002  -0.118346617701576650814E-0003   0.142134651682121772319E+0008  -0.348517609820997677161E+0005
    0.164583333333336256921E+0001   0.937941451094199962757E-0002  -0.236199986196736693789E-0003   0.136285165443282462656E+0008  -0.129969105516460913350E+0005
    0.164583333333336256921E+0001   0.131018674139293384018E-0001  -0.231471793404654387592E-0003   0.136033447711309529841E+0008  -0.431578539820331498049E+0005
    0.164583333333336256921E+0001   0.161247913147060037420E-0001  -0.181836449662957258359E-0003   0.135928776244271378964E+0008  -0.430438386004582207534E+0005
    0.164583333333336256921E+0001   0.183863671053539727562E-0001  -0.129484755883529781880E-0003   0.135841414683120511472E+0008  -0.358874234072114268201E+0005
    0.164583333333336256921E+0001   0.199312769743190398852E-0001  -0.760967525393655645077E-0004   0.135769535947102904320E+0008  -0.267712921671202129801E+0005
    0.164583333333336256921E+0001   0.208066961340979857120E-0001  -0.222706822519023918004E-0004   0.135707807599969115108E+0008  -0.164565251994671962166E+0005
    0.164583333333336256921E+0001   0.210474702611036235123E-0001   0.313931107190506430331E-0004   0.135656512231556586921E+0008  -0.490719223587628857786E+0004
    0.164583333333336256921E+0001   0.206821271335290227111E-0001   0.844400314113057917555E-0004   0.135612907420699875802E+0008   0.888277705900426917651E+0004
    0.164583333333336256921E+0001   0.197470446980272246185E-0001   0.134840040656798785916E-0003   0.135575702424776982516E+0008   0.255326403221575928910E+0005
    0.164583333333336256921E+0001   0.183358227508685807383E-0001   0.181953727346350707878E-0003   0.135544086546221319586E+0008   0.447491983708544285037E+0005
    0.164583333333336256921E+0001   0.166888304363797465579E-0001   0.191533909917687255849E-0003   0.135514993638445325196E+0008   0.552938436235635090270E+0005
    0.164583333333336256921E+0001   0.151147421816454491372E-0001   0.168408087502722289726E-0003   0.135487205051682386547E+0008   0.473742120472428723588E+0005
    0.164583333333336256921E+0001   0.133096010310190145109E-0001   0.152839332124430162842E-0003   0.135483284281237889081E+0008   0.315727842698545136955E+0005
    0.164583333333336256921E+0001   0.110525929935031685947E-0001   0.149858451236493321179E-0003   0.135393028751293756068E+0008   0.353483191830734676842E+0004
    0.164583333333336256921E+0001   0.808170292010429447416E-0002   0.136409553954048418621E-0003   0.137196044177177380770E+0008  -0.285624944516048572041E+0004
    0.164583333333336256921E+0001   0.545613952931807595637E-0002   0.648828032791817169850E-0004   0.149178608166978247464E+0008   0.199915166395852793357E+0005
    0.164583333333336256921E+0001   0.879954575018718965566E-0007   0.276365211586250047725E-0009   0.169023996629458330572E+0008   0.375209856232544771046E+0005
    0.164583333333336256921E+0001   0.303448378546704256904E-0008   0.505734892143183226869E-0011   0.149675388483420014381E+0008   0.276699449347588742967E+0005
    0.164583333333336256921E+0001   0.228567610424537494505E-0008   0.185982738668506580966E-0011   0.146406770665336530656E+0008   0.180348909393222929793E+0005
    0.164583333333336256921E+0001   0.202615467715223412145E-0008   0.945774409773900720361E-0012   0.144440973478229790926E+0008   0.126770538627386831649E+0005
    0.164583333333336256921E+0001   0.191320947369439186421E-0008   0.581868540749597199098E-0012   0.143332559241915699095E+0008   0.937824872514345952368E+0004
    0.164583333333336256921E+0001   0.184973070223106017149E-0008   0.401678606526624276467E-0012   0.142607135915726255625E+0008   0.729826504835279320105E+0004
    0.164583333333336256921E+0001   0.180943010500724339139E-0008   0.304398192402235523520E-0012   0.142103796672664228827E+0008   0.600653963069360452209E+0004
    0.164583333333336256921E+0001   0.178090872550317129079E-0008   0.252078354460693964118E-0012   0.141726692182479500771E+0008   0.528255257619857911777E+0004
    0.164583333333336256921E+0001   0.164583333333334558936E-0008  -0.370253196344643863132E-0040   0.139638367127771191299E+0008   0.000000000000000000000E+0000
    0.164583333333336256921E+0001   0.164583333333334558936E-0008  -0.370253196344643863132E-0040   0.139638367127771191299E+0008   0.000000000000000000000E+0000
    0.164583333333336256921E+0001   0.164583333333334558936E-0008  -0.370253196344647686553E-0040   0.139638367127771191299E+0008   0.000000000000000000000E+0000
    0.164583333333336256921E+0001   0.164583333333334558936E-0008  -0.370253196344643863132E-0040   0.139638367127771191299E+0008   0.000000000000000000000E+0000
    0.166666666666669693875E+0001   0.166666666666667910925E-0008  -0.374939945665462134718E-0040   0.139638367127771191299E+0008   0.000000000000000000000E+0000
    0.166666666666669693875E+0001   0.166666666666667910925E-0008  -0.374939945665462134718E-0040   0.139638367127771191299E+0008   0.000000000000000000000E+0000
    0.166666666666669693875E+0001   0.166666666666667910925E-0008  -0.374939945665462134718E-0040   0.139638367127771191299E+0008   0.000000000000000000000E+0000
    0.166666666666669693875E+0001   0.166666666666667910925E-0008  -0.374939945665462134718E-0040   0.139638367127771191299E+0008   0.000000000000000000000E+0000
    0.166666666666669693875E+0001   0.186500554757665836523E-0008  -0.372156331156033518445E-0012   0.141942344015445578843E+0008  -0.563602127158032635634E+0004
    0.166666666666669693875E+0001   0.191300298460648812924E-0008  -0.478540436593297713553E-0012   0.142370987261257953942E+0008  -0.667721075160706732277E+0004
    0.166666666666669693875E+0001   0.198471235480081088692E-0008  -0.677360052030763019974E-0012   0.142949496063780225813E+0008  -0.848997023137816540839E+0004
    0.166666666666669693875E+0001   0.210519780805246662421E-0008  -0.106303491320728887439E-0011   0.143792707356361951679E+0008  -0.114625652304402246955E+0005
    0.166666666666669693875E+0001   0.233658430713130638802E-0008  -0.190896428981307570924E-0011   0.145094083380523100495E+0008  -0.163874797624025704863E+0005
    0.166666666666669693875E+0001   0.294194288262989449315E-0008  -0.438724014706185151572E-0011   0.147440842757053058594E+0008  -0.250687145351725885121E+0005
    0.166666666666669693875E+0001   0.495848506825104577794E-0008  -0.149497903079487945476E-0010   0.151331825668678618968E+0008  -0.409767577467053415603E+0005
    0.166666666666669693875E+0001   0.803620777729364935176E-0006  -0.410716875279051613926E-0008   0.175911639904216267169E+0008  -0.795949679690606426448E+0005
    0.166666666666669693875E+0001   0.686400183295228158431E-0002  -0.118538692193235817079E-0003   0.141550599676150828600E+0008  -0.261898403725118660077E+0005
    0.166666666666669693875E+0001   0.944416347316155008196E-0002  -0.236231781995821553746E-0003   0.136373558102862183005E+0008  -0.432863769526252951891E+0003
    0.166666666666669693875E+0001   0.131737190538778296822E-0001  -0.231677830064474794391E-0003   0.136144541845040265471E+0008  -0.347611726906546464306E+0005
    0.166666666666669693875E+0001   0.162055335349148912916E-0001  -0.182069865454241347665E-0003   0.136043651055460609496E+0008  -0.354731721410752579686E+0005
    0.166666666666669693875E+0001   0.184738708757298149277E-0001  -0.129695205876533469977E-0003   0.135968993087929002941E+0008  -0.293991741234351939056E+0005
    0.166666666666669693875E+0001   0.200249169335316515306E-0001  -0.762634652321473737076E-0004   0.135905710795544907451E+0008  -0.214996305968649576243E+0005
    0.166666666666669693875E+0001   0.209048234470018759468E-0001  -0.223750729443211817434E-0004   0.135853062668762989342E+0008  -0.123646973646387050394E+0005
    0.166666666666669693875E+0001   0.211484974952101806300E-0001   0.313669573214592851875E-0004   0.135810020972251258790E+0008  -0.209558425251546805157E+0004
    0.166666666666669693875E+0001   0.207843186596488073425E-0001   0.845126137907285769017E-0004   0.135773995653864461929E+0008   0.103660730488577337383E+0005
    0.166666666666669693875E+0001   0.198486704069080546753E-0001   0.135031817006209351340E-0003   0.135743620281032305211E+0008   0.255893199130838729616E+0005
    0.166666666666669693875E+0001   0.184353123082654744846E-0001   0.182276931785216626206E-0003   0.135718057336266506463E+0008   0.432444997179386991775E+0005
    0.166666666666669693875E+0001   0.167848780527224336612E-0001   0.191914916668371938373E-0003   0.135695722816910482943E+0008   0.521404528007441767841E+0005
    0.166666666666669693875E+0001   0.152069345673828126841E-0001   0.168712475076117503995E-0003   0.135671969024531859905E+0008   0.419899844193441167590E+0005
    0.166666666666669693875E+0001   0.134006682051244462028E-0001   0.153030316902933762047E-0003   0.135670682734938059002E+0008   0.251320959409977840551E+0005
    0.166666666666669693875E+0001   0.111468138058514482785E-0001   0.149858752879052179591E-0003   0.135586932749844044447E+0008  -0.358554443215251967558E+0004
    0.166666666666669693875E+0001   0.819682446568003111875E-0002   0.136327740035188888033E-0003   0.136824309714604560286E+0008  -0.169053877153399844246E+0005
    0.166666666666669693875E+0001   0.562039421394967472767E-0002   0.650316423625045591031E-0004   0.148086523909271471202E+0008   0.694544267010052044498E+0004
    0.166666666666669693875E+0001   0.123460911313237857129E-0006   0.349027452975427597041E-0009   0.169728880877005159855E+0008   0.322561563785755861318E+0005
    0.166666666666669693875E+0001   0.329703353234406022810E-0008   0.550678691931991032011E-0011   0.149863596057813186198E+0008   0.237732115446264215279E+0005
    0.166666666666669693875E+0001   0.240082270250525216365E-0008   0.199085607552785878176E-0011   0.146541405076819472015E+0008   0.153995469550321031420E+0005
    0.166666666666669693875E+0001   0.209624780172117404637E-0008   0.100261297613267360622E-0011   0.144538055313884355128E+0008   0.108178980974983296619E+0005
    0.166666666666669693875E+0001   0.196619447377254874666E-0008   0.613934898497212747391E-0012   0.143408929329596646130E+0008   0.801583710309616708400E+0004
    0.166666666666669693875E+0001   0.189384671019564812479E-0008   0.422594115544667426445E-0012   0.142669490560577306896E+0008   0.625486254641812229238E+0004
    0.166666666666669693875E+0001   0.184827944562632426474E-0008   0.319636672660484162988E-0012   0.142156196594613846391E+0008   0.516397935140850040625E+0004
    0.166666666666669693875E+0001   0.181622771281330079674E-0008   0.264313794092366622922E-0012   0.141771441736085303128E+0008   0.455470820269674732117E+0004
    0.166666666666669693875E+0001   0.166666666666667910925E-0008  -0.374939945665462134718E-0040   0.139638367127771191299E+0008   0.000000000000000000000E+0000
    0.166666666666669693875E+0001   0.166666666666667910925E-0008  -0.374939945665462134718E-0040   0.139638367127771191299E+0008   0.000000000000000000000E+0000
    0.166666666666669693875E+0001   0.166666666666667910925E-0008  -0.374939945665465907160E-0040   0.139638367127771191299E+0008   0.000000000000000000000E+0000
    0.166666666666669693875E+0001   0.166666666666667910925E-0008  -0.374939945665462134718E-0040   0.139638367127771191299E+0008   0.000000000000000000000E+0000
    0.168750000000003130829E+0001   0.168750000000001262913E-0008  -0.379626694986280355326E-0040   0.139638367127771191299E+0008   0.000000000000000000000E+0000
    0.168750000000003130829E+0001   0.168750000000001262913E-0008  -0.379626694986280355326E-0040   0.139638367127771191299E+0008   0.000000000000000000000E+0000
    0.168750000000003130829E+0001   0.168750000000001262913E-0008  -0.379626694986280355326E-0040   0.139638367127771191299E+0008   0.000000000000000000000E+0000
    0.168750000000003130829E+0001   0.168750000000001262913E-0008  -0.379626694986280355326E-0040   0.139638367127771191299E+0008   0.000000000000000000000E+0000
    0.168750000000003130829E+0001   0.190223096023553398425E-0008  -0.386142308415565333269E-0012   0.141976796377148628235E+0008  -0.504553567686333281017E+0004
    0.168750000000003130829E+0001   0.195446931353145137753E-0008  -0.496995310348334118070E-0012   0.142411077944171186537E+0008  -0.601429089476747776644E+0004
    0.168750000000003130829E+0001   0.203267608935415992861E-0008  -0.704475766884392400678E-0012   0.142996814237361606210E+0008  -0.769733396335855104553E+0004
    0.168750000000003130829E+0001   0.216449425061298089878E-0008  -0.110818232526943829093E-0011   0.143850053608549982309E+0008  -0.104671551811412246025E+0005
    0.168750000000003130829E+0001   0.241883828328245252093E-0008  -0.199804609895848643362E-0011   0.145166179697751998901E+0008  -0.150886819768358654983E+0005
    0.168750000000003130829E+0001   0.309033872933394820417E-0008  -0.463044366325755193905E-0011   0.147538870741557050496E+0008  -0.233342632189663636382E+0005
    0.168750000000003130829E+0001   0.535299683557566072029E-0008  -0.159843989082740184684E-0010   0.151468016255623772740E+0008  -0.385257423813434725162E+0005
    0.168750000000003130829E+0001   0.996118808938062432558E-0006  -0.496737824185725113606E-0008   0.176385600362755507231E+0008  -0.779309943720697337994E+0005
    0.168750000000003130829E+0001   0.693633131179403547573E-0002  -0.118655531059454557880E-0003   0.141060403867598399520E+0008  -0.195228984945908887312E+0005
    0.168750000000003130829E+0001   0.949711984200486344920E-0002  -0.236213896919817831948E-0003   0.136454136343073155731E+0008   0.959926681594623369165E+0004
    0.168750000000003130829E+0001   0.132306047844717410145E-0001  -0.231808169562589433703E-0003   0.136239640014218296856E+0008  -0.275649904279740439961E+0005
    0.168750000000003130829E+0001   0.162683956226628984032E-0001  -0.182219148991470919312E-0003   0.136141660153573211282E+0008  -0.290812499787776396261E+0005
    0.168750000000003130829E+0001   0.185416641091165658450E-0001  -0.129828290982970538572E-0003   0.136076205680088419467E+0008  -0.239223806526876032876E+0005
    0.168750000000003130829E+0001   0.200969888098651502939E-0001  -0.763655623305526786576E-0004   0.136019114003009721637E+0008  -0.169249633390258240979E+0005
    0.168750000000003130829E+0001   0.209799732931232225941E-0001  -0.224339429068249627066E-0004   0.135973170542904455215E+0008  -0.885814090155179474095E+0004
    0.168750000000003130829E+0001   0.212255026053053963420E-0001   0.313614732482384489564E-0004   0.135936158707762155682E+0008   0.188845546465719280604E+0003
    0.168750000000003130829E+0001   0.208618261830126675016E-0001   0.845746423012557412783E-0004   0.135905769676885139197E+0008   0.113511716200518458209E+0005
    0.168750000000003130829E+0001   0.199253305725428722650E-0001   0.135175394321875952473E-0003   0.135880570534028299153E+0008   0.252013966228590616083E+0005
    0.168750000000003130829E+0001   0.185099334572897331053E-0001   0.182509929649569534876E-0003   0.135859697165981829166E+0008   0.414203962472512648674E+0005
    0.168750000000003130829E+0001   0.168565579299794904289E-0001   0.192182227942043004978E-0003   0.135842213775210864842E+0008   0.489605325984805822372E+0005
    0.168750000000003130829E+0001   0.152752619191268874943E-0001   0.168912181213783384225E-0003   0.135822947157175559551E+0008   0.372201248540721862810E+0005
    0.168750000000003130829E+0001   0.134680735120107294978E-0001   0.153141685603438743469E-0003   0.135819790419651307166E+0008   0.195790869936475428403E+0005
    0.168750000000003130829E+0001   0.112153535900659483138E-0001   0.149826358706984510624E-0003   0.135749952370946872979E+0008  -0.933291721591962232196E+0004
    0.168750000000003130829E+0001   0.827656626285898713857E-0002   0.136198115127781195586E-0003   0.136636465197770409286E+0008  -0.276944455937900092977E+0005
    0.168750000000003130829E+0001   0.574734321456667023031E-0002   0.650480614260081783972E-0004   0.147203567223389372230E+0008  -0.308573081673786828105E+0004
    0.168750000000003130829E+0001   0.164910766124677358650E-0006   0.422320746094861485762E-0009   0.170282935549020953476E+0008   0.281476867034507667995E+0005
    0.168750000000003130829E+0001   0.357078796572911727975E-0008   0.591097791704480567100E-0011   0.150011739850948974490E+0008   0.206464842819348450575E+0005
    0.168750000000003130829E+0001   0.251948383270661186137E-0008   0.210643988147431234960E-0011   0.146648496788954250515E+0008   0.132482911056540397112E+0005
    0.168750000000003130829E+0001   0.216788475067167689041E-0008   0.105225023758430155916E-0011   0.144615984534529298544E+0008   0.927552996531916141976E+0004
    0.168750000000003130829E+0001   0.202009896044293205977E-0008   0.641829366499800285521E-0012   0.143470692012507300824E+0008   0.686917718473713739513E+0004
    0.168750000000003130829E+0001   0.193858876653015695608E-0008   0.440766626449965238565E-0012   0.142720225466099064797E+0008   0.536494831859251189599E+0004
    0.168750000000003130829E+0001   0.188759265662480774867E-0008   0.332879827581318672654E-0012   0.142199029730404596776E+0008   0.443637326849814326124E+0004
    0.168750000000003130829E+0001   0.185190715485039064567E-0008   0.274953417395999858406E-0012   0.141808145343893729150E+0008   0.391910366373862234468E+0004
    0.168750000000003130829E+0001   0.168750000000001262913E-0008  -0.379626694986280355326E-0040   0.139638367127771191299E+0008   0.000000000000000000000E+0000
    0.168750000000003130829E+0001   0.168750000000001262913E-0008  -0.379626694986280355326E-0040   0.139638367127771191299E+0008   0.000000000000000000000E+0000
    0.168750000000003130829E+0001   0.168750000000001262913E-0008  -0.379626694986284127767E-0040   0.139638367127771191299E+0008   0.000000000000000000000E+0000
    0.168750000000003130829E+0001   0.168750000000001262913E-0008  -0.379626694986280355326E-0040   0.139638367127771191299E+0008   0.000000000000000000000E+0000
    0.170833333333336567783E+0001   0.170833333333334614902E-0008  -0.384313444307098575933E-0040   0.139638367127771191299E+0008   0.000000000000000000000E+0000
    0.170833333333336567783E+0001   0.170833333333334614902E-0008  -0.384313444307098575933E-0040   0.139638367127771191299E+0008   0.000000000000000000000E+0000
    0.170833333333336567783E+0001   0.170833333333334614902E-0008  -0.384313444307098575933E-0040   0.139638367127771191299E+0008   0.000000000000000000000E+0000
    0.170833333333336567783E+0001   0.170833333333334614902E-0008  -0.384313444307098575933E-0040   0.139638367127771191299E+0008   0.000000000000000000000E+0000
    0.170833333333336567783E+0001   0.193974885635232988707E-0008  -0.398795432654395680549E-0012   0.142004828481888417155E+0008  -0.455347600650699951075E+0004
    0.170833333333336567783E+0001   0.199631492182149896424E-0008  -0.513821393612058264998E-0012   0.142443698938276357949E+0008  -0.546401552281296699221E+0004
    0.170833333333336567783E+0001   0.208115792477768615037E-0008  -0.729409654544246768863E-0012   0.143035325850734226406E+0008  -0.704236795534105203842E+0004
    0.170833333333336567783E+0001   0.222456773264931714590E-0008  -0.115010139742283713068E-0011   0.143896762712213527411E+0008  -0.964880603357435938960E+0004
    0.170833333333336567783E+0001   0.250244991777636545977E-0008  -0.208173692270369715761E-0011   0.145225008596174046397E+0008  -0.140270333566999397590E+0005
    0.170833333333336567783E+0001   0.324207856765779102417E-0008  -0.486277720196031667842E-0011   0.147619210590647347271E+0008  -0.219255639890636084601E+0005
    0.170833333333336567783E+0001   0.575993146534120724002E-0008  -0.169912152205872859158E-0010   0.151580212434320244938E+0008  -0.365512428376773023047E+0005
    0.170833333333336567783E+0001   0.121092186939932282708E-0005  -0.590672264456624524763E-0008   0.176789513098748214543E+0008  -0.766150874178598314757E+0005
    0.170833333333336567783E+0001   0.699475944051843739890E-0002  -0.118725887072011765258E-0003   0.140647770893244165927E+0008  -0.144834565040106699598E+0005
    0.170833333333336567783E+0001   0.954043915023180394419E-0002  -0.236170848996186948533E-0003   0.136525864680033940822E+0008   0.174287180665593587037E+0005
    0.170833333333336567783E+0001   0.132755691472505078787E-0001  -0.231889402754408561124E-0003   0.136318662016383875161E+0008  -0.216936627389102104644E+0005
    0.170833333333336567783E+0001   0.163171832897514024197E-0001  -0.182314105623160218478E-0003   0.136222381154493559152E+0008  -0.239561081265918146528E+0005
    0.170833333333336567783E+0001   0.185939284811256211327E-0001  -0.129911663306649268184E-0003   0.136162805889224708080E+0008  -0.195321163050586619647E+0005
    0.170833333333336567783E+0001   0.201521330101438918281E-0001  -0.764265793240514752348E-0004   0.136110288419420924038E+0008  -0.132035778957997099496E+0005
    0.170833333333336567783E+0001   0.210371704777666326813E-0001  -0.224652281461739016866E-0004   0.136069326105746049434E+0008  -0.604082555408279858966E+0004
    0.170833333333336567783E+0001   0.212838549971867199706E-0001   0.313661065201858578651E-0004   0.136036798944737073034E+0008   0.195063625424003726039E+0004
    0.170833333333336567783E+0001   0.209203280393215930444E-0001   0.846248739830081115210E-0004   0.136010412396152280271E+0008   0.119739103973920427961E+0005
    0.170833333333336567783E+0001   0.199829805543547747715E-0001   0.135281108901039236019E-0003   0.135988790809930581599E+0008   0.246258001314761677349E+0005
    0.170833333333336567783E+0001   0.185658623957415565286E-0001   0.182676734012959921015E-0003   0.135970960015135034919E+0008   0.396196641297307651257E+0005
    0.170833333333336567783E+0001   0.169101521255026476798E-0001   0.192369657044338059591E-0003   0.135956475630035717040E+0008   0.460560549038532190025E+0005
    0.170833333333336567783E+0001   0.153262315505402306470E-0001   0.169044375473382423513E-0003   0.135941196572893206030E+0008   0.332516092420960048912E+0005
    0.170833333333336567783E+0001   0.135181855387630535381E-0001   0.153205509777720098961E-0003   0.135935664012319333851E+0008   0.150118047204195900122E+0005
    0.170833333333336567783E+0001   0.112660272103102896551E-0001   0.149783168011803646553E-0003   0.135881632790270280093E+0008  -0.138116376634396438021E+0005
    0.170833333333336567783E+0001   0.833330888352116702644E-0002   0.136066298586149032109E-0003   0.136547752647683043033E+0008  -0.357826861151839912054E+0005
    0.170833333333336567783E+0001   0.584707034112004822579E-0002   0.650010621076028434874E-0004   0.146475692044657841325E+0008  -0.106595100944595233159E+0005
    0.170833333333336567783E+0001   0.211806133198199082515E-0006   0.495168878836454902996E-0009   0.170723280457914881408E+0008   0.250548090951397280151E+0005
    0.170833333333336567783E+0001   0.385367785334186179824E-0008   0.627615244334534678574E-0011   0.150127230833242330700E+0008   0.182319792511372324952E+0005
    0.170833333333336567783E+0001   0.264100450095130905893E-0008   0.220885489463069938152E-0011   0.146732402798727527261E+0008   0.115664000598460188485E+0005
    0.170833333333336567783E+0001   0.224077703064322763294E-0008   0.109576169936548051582E-0011   0.144677222753406744450E+0008   0.805516076096841061371E+0004
    0.170833333333336567783E+0001   0.207475257578492707883E-0008   0.666160520052439856225E-0012   0.143519403022238537669E+0008   0.595238754899470040982E+0004
    0.170833333333336567783E+0001   0.198384201615844290183E-0008   0.456582078416072707660E-0012   0.142760365773393027484E+0008   0.464666452512410160125E+0004
    0.170833333333336567783E+0001   0.192728535499321583505E-0008   0.344396360303488775858E-0012   0.142233005338459983468E+0008   0.384395838719689845675E+0004
    0.170833333333336567783E+0001   0.188788187217614608904E-0008   0.284202795952847541725E-0012   0.141837315291678179055E+0008   0.339760538969462913883E+0004
    0.170833333333336567783E+0001   0.170833333333334614902E-0008  -0.384313444307098575933E-0040   0.139638367127771191299E+0008   0.000000000000000000000E+0000
    0.170833333333336567783E+0001   0.170833333333334614902E-0008  -0.384313444307098575933E-0040   0.139638367127771191299E+0008   0.000000000000000000000E+0000
    0.170833333333336567783E+0001   0.170833333333334614902E-0008  -0.384313444307102399353E-0040   0.139638367127771191299E+0008   0.000000000000000000000E+0000
    0.170833333333336567783E+0001   0.170833333333334614902E-0008  -0.384313444307098575933E-0040   0.139638367127771191299E+0008   0.000000000000000000000E+0000
    0.172916666666670004737E+0001   0.172916666666667966890E-0008  -0.389000193627916898498E-0040   0.139638367127771191299E+0008   0.000000000000000000000E+0000
    0.172916666666670004737E+0001   0.172916666666667966890E-0008  -0.389000193627916898498E-0040   0.139638367127771191299E+0008   0.000000000000000000000E+0000
    0.172916666666670004737E+0001   0.172916666666667966890E-0008  -0.389000193627916898498E-0040   0.139638367127771191299E+0008   0.000000000000000000000E+0000
    0.172916666666670004737E+0001   0.172916666666667966890E-0008  -0.389000193627916898498E-0040   0.139638367127771191299E+0008   0.000000000000000000000E+0000
    0.172916666666670004737E+0001   0.197749691781935190964E-0008  -0.410392438480085004012E-0012   0.142025749082682132721E+0008  -0.419589478640055222058E+0004
    0.172916666666670004737E+0001   0.203845977610550945652E-0008  -0.529355764776784803814E-0012   0.142468119044479317963E+0008  -0.506374426435832720017E+0004
    0.172916666666670004737E+0001   0.213005007269932670843E-0008  -0.752611517380281730493E-0012   0.143064288569142837077E+0008  -0.656551686684147807682E+0004
    0.172916666666670004737E+0001   0.228526008869008155222E-0008  -0.118945409891941039502E-0011   0.143932132667565252632E+0008  -0.905261615150995748991E+0004
    0.172916666666670004737E+0001   0.258715220885676879818E-0008  -0.216113419525329766740E-0011   0.145270000522815342993E+0008  -0.132534163534677118150E+0005
    0.172916666666670004737E+0001   0.339654632782122219997E-0008  -0.508643728154605001053E-0011   0.147681672815027479082E+0008  -0.208997999945948577079E+0005
    0.172916666666670004737E+0001   0.617718886884102812229E-0008  -0.179759575485643859147E-0010   0.151668889801091831177E+0008  -0.351123461907665623585E+0005
    0.172916666666670004737E+0001   0.144667427053424157453E-0005  -0.692106093779318317935E-0008   0.177130211006590574980E+0008  -0.757594021432495210320E+0005
    0.172916666666670004737E+0001   0.704184902104815040047E-0002  -0.118768311343945388121E-0003   0.140295882201856225729E+0008  -0.109328209365115544642E+0005
    0.172916666666670004737E+0001   0.957582931431710804304E-0002  -0.236118061926298268517E-0003   0.136584944436130616814E+0008   0.231756307635627308628E+0005
    0.172916666666670004737E+0001   0.133109946763049526164E-0001  -0.231940059062848692685E-0003   0.136378101146611850709E+0008  -0.173856497094737387670E+0005
    0.172916666666670004737E+0001   0.163548815090091975710E-0001  -0.182375290357901379337E-0003   0.136281360764321386814E+0008  -0.203677352033977222163E+0005
    0.172916666666670004737E+0001   0.186339564099797100338E-0001  -0.129964528642847315914E-0003   0.136224441185786128044E+0008  -0.165352599437104545359E+0005
    0.172916666666670004737E+0001   0.201940186025299193984E-0001  -0.764632023651881404403E-0004   0.136174693598531745374E+0008  -0.106842186203527016914E+0005
    0.172916666666670004737E+0001   0.210803774249663580798E-0001  -0.224813381932960746105E-0004   0.136137072290730215609E+0008  -0.417402366325310686079E+0004
    0.172916666666670004737E+0001   0.213277507215021977505E-0001   0.313743031981410881509E-0004   0.136107567461156845093E+0008   0.308757373363347051054E+0004
    0.172916666666670004737E+0001   0.209641902299316368330E-0001   0.846640882533757457070E-0004   0.136083868782514519989E+0008   0.123334265288960086764E+0005
    0.172916666666670004737E+0001   0.200260924920790395198E-0001   0.135358422661093597775E-0003   0.136064615702516660094E+0008   0.241691883137935219565E+0005
    0.172916666666670004737E+0001   0.186076060398012894936E-0001   0.182796288270208366015E-0003   0.136048769868839345872E+0008   0.383175797145547403488E+0005
    0.172916666666670004737E+0001   0.169501210295891074908E-0001   0.192501886350018885279E-0003   0.136036302551368400455E+0008   0.439744540146703657228E+0005
    0.172916666666670004737E+0001   0.153642703238292960277E-0001   0.169133443028240065082E-0003   0.136024669217740483582E+0008   0.305001979009620772558E+0005
    0.172916666666670004737E+0001   0.135554894696901691298E-0001   0.153242183674905845317E-0003   0.136018505373993460089E+0008   0.117928065700880288205E+0005
    0.172916666666670004737E+0001   0.113038231061417266538E-0001   0.149740384711212742158E-0003   0.135980408835066091269E+0008  -0.168837552028455647815E+0005
    0.172916666666670004737E+0001   0.837468087907089833721E-0002   0.135949091650795631566E-0003   0.136507864043506290764E+0008  -0.415052924316690623527E+0005
    0.172916666666670004737E+0001   0.592638937278222067973E-0002   0.649281253367226348543E-0004   0.145863709101631082594E+0008  -0.160951879646665565815E+0005
    0.172916666666670004737E+0001   0.263542024615549191865E-0006   0.567502774328459323914E-0009   0.171073439432403855026E+0008   0.229169668916160953813E+0005
    0.172916666666670004737E+0001   0.414377210573382482328E-0008   0.661063781023797741827E-0011   0.150213870025689452887E+0008   0.165160389713522854436E+0005
    0.172916666666670004737E+0001   0.276476220329828896534E-0008   0.230099244362028518564E-0011   0.146794991017234884202E+0008   0.103680548199951444985E+0005
    0.172916666666670004737E+0001   0.231464282436387934496E-0008   0.113450487627081159989E-0011   0.144722454224146697670E+0008   0.718255381733411468304E+0004
    0.172916666666670004737E+0001   0.212998522216079491373E-0008   0.687716429696444931159E-0012   0.143555222688583992422E+0008   0.529520086223112866719E+0004
    0.172916666666670004737E+0001   0.202948963655346206119E-0008   0.470558720731250375142E-0012   0.142789794490279462188E+0008   0.413073834912122129026E+0004
    0.172916666666670004737E+0001   0.196727050668812554499E-0008   0.354562941046383330053E-0012   0.142257869220895636827E+0008   0.341774257003191314652E+0004
    0.172916666666670004737E+0001   0.192408397778922186512E-0008   0.292362907986023742260E-0012   0.141858637964114677161E+0008   0.302192362226029581507E+0004
    0.172916666666670004737E+0001   0.172916666666667966890E-0008  -0.389000193627916898498E-0040   0.139638367127771191299E+0008   0.000000000000000000000E+0000
    0.172916666666670004737E+0001   0.172916666666667966890E-0008  -0.389000193627916898498E-0040   0.139638367127771191299E+0008   0.000000000000000000000E+0000
    0.172916666666670004737E+0001   0.172916666666667966890E-0008  -0.389000193627920670939E-0040   0.139638367127771191299E+0008   0.000000000000000000000E+0000
    0.172916666666670004737E+0001   0.172916666666667966890E-0008  -0.389000193627916898498E-0040   0.139638367127771191299E+0008   0.000000000000000000000E+0000
    0.175000000000003441691E+0001   0.175000000000001318879E-0008  -0.393686942948735119105E-0040   0.139638367127771191299E+0008   0.000000000000000000000E+0000
    0.175000000000003441691E+0001   0.175000000000001318879E-0008  -0.393686942948735119105E-0040   0.139638367127771191299E+0008   0.000000000000000000000E+0000
    0.175000000000003441691E+0001   0.175000000000001318879E-0008  -0.393686942948735119105E-0040   0.139638367127771191299E+0008   0.000000000000000000000E+0000
    0.175000000000003441691E+0001   0.175000000000001318879E-0008  -0.393686942948735119105E-0040   0.139638367127771191299E+0008   0.000000000000000000000E+0000
    0.175000000000003441691E+0001   0.201541287260797508819E-0008  -0.421251361065209462280E-0012   0.142040634402779042721E+0008  -0.395685258090154957245E+0004
    0.175000000000003441691E+0001   0.208082401143970551194E-0008  -0.543985153076875613904E-0012   0.142485582147585693747E+0008  -0.479571498035897002410E+0004
    0.175000000000003441691E+0001   0.217924522912335558559E-0008  -0.774596972451919420522E-0012   0.143085155825320798904E+0008  -0.624564560135517149320E+0004
    0.175000000000003441691E+0001   0.234641439525514944497E-0008  -0.122700132519193607285E-0011   0.143957898481309562922E+0008  -0.865204081618155214528E+0004
    0.175000000000003441691E+0001   0.267268120605751299292E-0008  -0.223751282185860617100E-0011   0.145303287755630463362E+0008  -0.127329285730906267418E+0005
    0.175000000000003441691E+0001   0.355313487606384692782E-0008  -0.530407780491408826462E-0011   0.147729039178790878505E+0008  -0.202096148814529260562E+0005
    0.175000000000003441691E+0001   0.660269269285910208470E-0008  -0.189461568148797750938E-0010   0.151737761088155396283E+0008  -0.341396213810461777030E+0005
    0.175000000000003441691E+0001   0.170166215273435350746E-0005  -0.800709697079509276081E-0008   0.177417163751352764666E+0008  -0.753181687090872437693E+0005
    0.175000000000003441691E+0001   0.707970776681063340696E-0002  -0.118794556674636970790E-0003   0.139994223086175210774E+0008  -0.858616802026942787052E+0004
    0.175000000000003441691E+0001   0.960467735986393275627E-0002  -0.236064749647369592767E-0003   0.136633075571196023375E+0008   0.272051829071086795011E+0005
    0.175000000000003441691E+0001   0.133387852600934109226E-0001  -0.231972405380556157342E-0003   0.136420508896206356585E+0008  -0.144439421024805596971E+0005
    0.175000000000003441691E+0001   0.163838505589678010144E-0001  -0.182416061732380352985E-0003   0.136320925026907660067E+0008  -0.180804104126151651144E+0005
    0.175000000000003441691E+0001   0.186643755480337958375E-0001  -0.129999309144834460355E-0003   0.136263897971798125654E+0008  -0.146941955325052022090E+0005
    0.175000000000003441691E+0001   0.202255582929942827330E-0001  -0.764861047967119026848E-0004   0.136215087768222764134E+0008  -0.915678586713295044319E+0004
    0.175000000000003441691E+0001   0.211127160816134834542E-0001  -0.224898827965681171522E-0004   0.136179141856140419841E+0008  -0.306834154894684797910E+0004
    0.175000000000003441691E+0001   0.213604624248875524239E-0001   0.313825501163634786907E-0004   0.136151275468504186720E+0008   0.374691971349002278657E+0004
    0.175000000000003441691E+0001   0.209967803663371269107E-0001   0.846938633725969637882E-0004   0.136129225669689886272E+0008   0.125261913011590349925E+0005
    0.175000000000003441691E+0001   0.200580696876333786083E-0001   0.135414856340486248251E-0003   0.136111597796052582562E+0008   0.238740537934398344078E+0005
    0.175000000000003441691E+0001   0.186385489913811451534E-0001   0.182882469195006159201E-0003   0.136097371725321616977E+0008   0.375080590251662433730E+0005
    0.175000000000003441691E+0001   0.169797709138515585947E-0001   0.192596245170485649151E-0003   0.136086751561127044261E+0008   0.426712204833039140794E+0005
    0.175000000000003441691E+0001   0.153925739412004297657E-0001   0.169195064276815012802E-0003   0.136078783722352180630E+0008   0.288029744343585152819E+0005
    0.175000000000003441691E+0001   0.135832475483611790634E-0001   0.153264097908103785924E-0003   0.136074221461724545807E+0008   0.975373877743296907283E+0004
    0.175000000000003441691E+0001   0.113321343055639133651E-0001   0.149703185366588669043E-0003   0.136051584836046006531E+0008  -0.187881781811921719054E+0005
    0.175000000000003441691E+0001   0.840545197074250849401E-0002   0.135851069576824591643E-0003   0.136492700610215310007E+0008  -0.453851957794759364333E+0005
    0.175000000000003441691E+0001   0.599010509913560675044E-0002   0.648492532181036324167E-0004   0.145343016587565969676E+0008  -0.198438145570097622112E+0005
    0.175000000000003441691E+0001   0.319494128952640647671E-0006   0.639936791344817351503E-0009   0.171353819214494749904E+0008   0.215380572904568543890E+0005
    0.175000000000003441691E+0001   0.443932833745207181128E-0008   0.692339406704214362834E-0011   0.150277754576438348740E+0008   0.153660884297973334469E+0005
    0.175000000000003441691E+0001   0.289018968459747247685E-0008   0.238589630183143083354E-0011   0.146840565383905004710E+0008   0.956708116697521836613E+0004
    0.175000000000003441691E+0001   0.238922155504909042515E-0008   0.116990266045361657226E-0011   0.144754777582760974765E+0008   0.659935496007512210781E+0004
    0.175000000000003441691E+0001   0.218563780743413441665E-0008   0.707330538775033365247E-0012   0.143580570057976860553E+0008   0.485630702835033935116E+0004
    0.175000000000003441691E+0001   0.207542133259727948550E-0008   0.483251577147523323679E-0012   0.142810473417452033609E+0008   0.378647453406914428342E+0004
    0.175000000000003441691E+0001   0.200746537771361570337E-0008   0.363788745412769234964E-0012   0.142275260485309828073E+0008   0.313359333405166762532E+0004
    0.175000000000003441691E+0001   0.196044864310912038552E-0008   0.299765124374458552755E-0012   0.141873506961744558066E+0008   0.277168222275931839249E+0004
    0.175000000000003441691E+0001   0.175000000000001318879E-0008  -0.393686942948735119105E-0040   0.139638367127771191299E+0008   0.000000000000000000000E+0000
    0.175000000000003441691E+0001   0.175000000000001318879E-0008  -0.393686942948735119105E-0040   0.139638367127771191299E+0008   0.000000000000000000000E+0000
    0.175000000000003441691E+0001   0.175000000000001318879E-0008  -0.393686942948738891546E-0040   0.139638367127771191299E+0008   0.000000000000000000000E+0000
    0.175000000000003441691E+0001   0.175000000000001318879E-0008  -0.393686942948735119105E-0040   0.139638367127771191299E+0008   0.000000000000000000000E+0000
    0.177083333333336878646E+0001   0.177083333333334670867E-0008  -0.398373692269553390691E-0040   0.139638367127771191299E+0008   0.000000000000000000000E+0000
    0.177083333333336878646E+0001   0.177083333333334670867E-0008  -0.398373692269553390691E-0040   0.139638367127771191299E+0008   0.000000000000000000000E+0000
    0.177083333333336878646E+0001   0.177083333333334670867E-0008  -0.398373692269553390691E-0040   0.139638367127771191299E+0008   0.000000000000000000000E+0000
    0.177083333333336878646E+0001   0.177083333333334670867E-0008  -0.398373692269553390691E-0040   0.139638367127771191299E+0008   0.000000000000000000000E+0000
    0.177083333333336878646E+0001   0.205344848078075678435E-0008  -0.431621843775255955326E-0012   0.142051241604997459799E+0008  -0.380022698967720998553E+0004
    0.177083333333336878646E+0001   0.212334556270921191168E-0008  -0.558015267626359324441E-0012   0.142498100114284418523E+0008  -0.462007487821509766945E+0004
    0.177083333333336878646E+0001   0.222865964633785256337E-0008  -0.795776989465822640694E-0012   0.143100245637727770954E+0008  -0.603601894393735801714E+0004
    0.177083333333336878646E+0001   0.240790743462054212335E-0008  -0.126335554528537892068E-0011   0.143976770522620081902E+0008  -0.838955417778517767147E+0004
    0.177083333333336878646E+0001   0.275882785322077020957E-0008  -0.231191196025438993757E-0011   0.145328106295182816684E+0008  -0.123920025114281215792E+0005
    0.177083333333336878646E+0001   0.371135601204881398705E-0008  -0.551790455213865805179E-0011   0.147765334833938349038E+0008  -0.197584073131424556777E+0005
    0.177083333333336878646E+0001   0.703474303001431363854E-0008  -0.199082805785203700126E-0010   0.151791933070961683989E+0008  -0.335006183903738856316E+0005
    0.177083333333336878646E+0001   0.197415760546941246211E-0005  -0.916157325199624162640E-0008   0.177661086996118612587E+0008  -0.751595520396883512149E+0005
    0.177083333333336878646E+0001   0.711017443844290299854E-0002  -0.118811563374963079492E-0003   0.139735712532446067780E+0008  -0.709219648735411374219E+0004
    0.177083333333336878646E+0001   0.962822882958018488875E-0002  -0.236015395119564707531E-0003   0.136674486512139663100E+0008   0.299894749494722200325E+0005
    0.177083333333336878646E+0001   0.133605910476533272513E-0001  -0.231993877156775598833E-0003   0.136451451437018848956E+0008  -0.124795983806836629810E+0005
    0.177083333333336878646E+0001   0.164061005382296273836E-0001  -0.182444376174473220711E-0003   0.136347080826933905482E+0008  -0.166728343265885669098E+0005
    0.177083333333336878646E+0001   0.186874448411371435474E-0001  -0.130023220237759017884E-0003   0.136288029843797162175E+0008  -0.136019507223050022731E+0005
    0.177083333333336878646E+0001   0.202492437696397999114E-0001  -0.765012111310835142206E-0004   0.136238822877271641046E+0008  -0.825722652238281625614E+0004
    0.177083333333336878646E+0001   0.211368431934383857462E-0001  -0.224947274824323081648E-0004   0.136203311991845797747E+0008  -0.242819512707582634903E+0004
    0.177083333333336878646E+0001   0.213847577210683689741E-0001   0.313895865239965465941E-0004   0.136176109135384783149E+0008   0.412414287204813444987E+0004
    0.177083333333336878646E+0001   0.210209206290952015095E-0001   0.847161719594899755882E-0004   0.136154995051725879312E+0008   0.126313845421717505815E+0005
    0.177083333333336878646E+0001   0.200817319596474155863E-0001   0.135456194684869515518E-0003   0.136138539128796923906E+0008   0.236951375341528400895E+0005
    0.177083333333336878646E+0001   0.186614585021907218587E-0001   0.182945178915450194996E-0003   0.136125773874850198627E+0008   0.370254919747881212970E+0005
    0.177083333333336878646E+0001   0.170017700810148227053E-0001   0.192664560450411093519E-0003   0.136117037711254488677E+0008   0.418866405689333842020E+0005
    0.177083333333336878646E+0001   0.154136716408770253761E-0001   0.169238902225197568796E-0003   0.136112706621049884707E+0008   0.277945177346093987580E+0005
    0.177083333333336878646E+0001   0.136039939398589181108E-0001   0.153277984865182465967E-0003   0.136111398526527062058E+0008   0.851029397157430321386E+0004
    0.177083333333336878646E+0001   0.113534903031606657781E-0001   0.149672776027145104302E-0003   0.136103390907763987780E+0008  -0.199153673161836886720E+0005
    0.177083333333336878646E+0001   0.842879183687487293364E-0002   0.135771185594674257281E-0003   0.136491935052833463997E+0008  -0.479899444195499454509E+0005
    0.177083333333336878646E+0001   0.604186222958343933931E-0002   0.647737866513580380070E-0004   0.144896833762751668692E+0008  -0.223959076244060415775E+0005
    0.177083333333336878646E+0001   0.379100048619431186113E-0006   0.713173070580440861778E-0009   0.171582206569248400629E+0008   0.206769645062828203663E+0005
    0.177083333333336878646E+0001   0.473899777197758625294E-0008   0.722165143266519641903E-0011   0.150325512049889974296E+0008   0.146076908610753289395E+0005
    0.177083333333336878646E+0001   0.301685134478272868101E-0008   0.246597636949383094134E-0011   0.146874127038542684168E+0008   0.904083016786080770544E+0004
    0.177083333333336878646E+0001   0.246431461143760165168E-0008   0.120306941599290595313E-0011   0.144778051679211128503E+0008   0.621620304300100542605E+0004
    0.177083333333336878646E+0001   0.224158946198907901639E-0008   0.725652060456263516577E-0012   0.143598600215071160346E+0008   0.456815508871726706275E+0004
    0.177083333333336878646E+0001   0.212155348909012450325E-0008   0.495091440120141326747E-0012   0.142825053921432401985E+0008   0.356058772315766555039E+0004
    0.177083333333336878646E+0001   0.204780734192287100411E-0008   0.372390533868708613661E-0012   0.142287452189042568207E+0008   0.294725055310998004643E+0004
    0.177083333333336878646E+0001   0.199692685550675669278E-0008   0.306665400745609330464E-0012   0.141883890520578827709E+0008   0.260765163451347416412E+0004
    0.177083333333336878646E+0001   0.177083333333334670867E-0008  -0.398373692269553390691E-0040   0.139638367127771191299E+0008   0.000000000000000000000E+0000
    0.177083333333336878646E+0001   0.177083333333334670867E-0008  -0.398373692269553390691E-0040   0.139638367127771191299E+0008   0.000000000000000000000E+0000
    0.177083333333336878646E+0001   0.177083333333334670867E-0008  -0.398373692269557214112E-0040   0.139638367127771191299E+0008   0.000000000000000000000E+0000
    0.177083333333336878646E+0001   0.177083333333334670867E-0008  -0.398373692269553390691E-0040   0.139638367127771191299E+0008   0.000000000000000000000E+0000
    0.179166666666670315600E+0001   0.179166666666668022856E-0008  -0.403060441590371662277E-0040   0.139638367127771191299E+0008   0.000000000000000000000E+0000
    0.179166666666670315600E+0001   0.179166666666668022856E-0008  -0.403060441590371662277E-0040   0.139638367127771191299E+0008   0.000000000000000000000E+0000
    0.179166666666670315600E+0001   0.179166666666668022856E-0008  -0.403060441590371662277E-0040   0.139638367127771191299E+0008   0.000000000000000000000E+0000
    0.179166666666670315600E+0001   0.179166666666668022856E-0008  -0.403060441590371662277E-0040   0.139638367127771191299E+0008   0.000000000000000000000E+0000
    0.179166666666670315600E+0001   0.209157056470919801736E-0008  -0.441671218309746217283E-0012   0.142059007476244680583E+0008  -0.369624494685089393897E+0004
    0.179166666666670315600E+0001   0.216598156277347199220E-0008  -0.571652230682531449539E-0012   0.142507322046318966895E+0008  -0.450364384361390511913E+0004
    0.179166666666670315600E+0001   0.227823513106985203829E-0008  -0.816430517100472896647E-0012   0.143111464294621665031E+0008  -0.589730382408596415189E+0004
    0.179166666666670315600E+0001   0.246965283195740467355E-0008  -0.129893551248789819324E-0011   0.143990987055533118546E+0008  -0.821622580524455042905E+0004
    0.179166666666670315600E+0001   0.284544376037076370018E-0008  -0.238504763826221509695E-0011   0.145347141891857571900E+0008  -0.121674505022599805670E+0005
    0.179166666666670315600E+0001   0.387085553513807306404E-0008  -0.572944690561791892011E-0011   0.147793921833057552576E+0008  -0.194625030905452149455E+0005
    0.179166666666670315600E+0001   0.747207861801392007963E-0008  -0.208668498800736088357E-0010   0.151835694522085487843E+0008  -0.330800564743008508231E+0005
    0.179166666666670315600E+0001   0.226260673566511242273E-0005  -0.103810035884932525639E-0007   0.177871284663317650557E+0008  -0.751662990697385394014E+0005
    0.179166666666670315600E+0001   0.713480752996138202493E-0002  -0.118823216225539450780E-0003   0.139514165066663287580E+0008  -0.616113817899419882451E+0004
    0.179166666666670315600E+0001   0.964757294123785164031E-0002  -0.235971548182659633013E-0003   0.136712614054085947573E+0008   0.319248773056079517119E+0005
    0.179166666666670315600E+0001   0.133778002591794717424E-0001  -0.232008759502410119970E-0003   0.136475666198155116290E+0008  -0.111568654415419987345E+0005
    0.179166666666670315600E+0001   0.164232901432838085398E-0001  -0.182464828511374110506E-0003   0.136365144113092627376E+0008  -0.158078580384707674966E+0005
    0.179166666666670315600E+0001   0.187050329549336424861E-0001  -0.130040336321603428645E-0003   0.136302945980921406299E+0008  -0.129522927109482534433E+0005
    0.179166666666670315600E+0001   0.202671254832068499507E-0001  -0.765116834919754736349E-0004   0.136252560207462683320E+0008  -0.772182649953834152257E+0004
    0.179166666666670315600E+0001   0.211549384468698101203E-0001  -0.224976929150046252249E-0004   0.136216748619141709059E+0008  -0.205066053579551316943E+0004
    0.179166666666670315600E+0001   0.214028988031158412531E-0001   0.313952336898327098724E-0004   0.136189647038001343608E+0008   0.434619165342179712752E+0004
    0.179166666666670315600E+0001   0.210389034305702229966E-0001   0.847328959671783395018E-0004   0.136169032782295774668E+0008   0.126927156160433205514E+0005
    0.179166666666670315600E+0001   0.200993504254121935215E-0001   0.135486786337085489407E-0003   0.136153447992023676634E+0008   0.235882052085376381001E+0005
    0.179166666666670315600E+0001   0.186785389063270843013E-0001   0.182991446120116675166E-0003   0.136141982240553926677E+0008   0.367367723561190796318E+0005
    0.179166666666670315600E+0001   0.170182211192852206327E-0001   0.192714884192690037680E-0003   0.136135088712963908911E+0008   0.414120852138675836613E+0005
    0.179166666666670315600E+0001   0.154295340130642562315E-0001   0.169270927237656892278E-0003   0.136134195576903894544E+0008   0.271934662278457908542E+0005
    0.179166666666670315600E+0001   0.136196620966928284846E-0001   0.153287328284075756880E-0003   0.136137035845712274313E+0008   0.775187133872740014340E+0004
    0.179166666666670315600E+0001   0.113697868906754376989E-0001   0.149648520982928673936E-0003   0.136142650437108613551E+0008  -0.205741812426701799268E+0005
    0.179166666666670315600E+0001   0.844685978084866451177E-0002   0.135706464099980103795E-0003   0.136500656430158149451E+0008  -0.497597286297647806350E+0005
    0.179166666666670315600E+0001   0.608444745587972610212E-0002   0.647052261970206254180E-0004   0.144511987189696505666E+0008  -0.241429635972455653246E+0005
    0.179166666666670315600E+0001   0.441893240801994453969E-0006   0.787740244839067427868E-0009   0.171772279190707616508E+0008   0.201450892517215215776E+0005
    0.179166666666670315600E+0001   0.504182176111176698423E-0008   0.751044113812106714111E-0011   0.150362286057037860155E+0008   0.141023013091494358378E+0005
    0.179166666666670315600E+0001   0.314444177974305166528E-0008   0.254288565137905446951E-0011   0.146899579285150878131E+0008   0.869133446703458503180E+0004
    0.179166666666670315600E+0001   0.253978490707295961774E-0008   0.123476240116908616001E-0011   0.144795299254808351398E+0008   0.596144544471982044342E+0004
    0.179166666666670315600E+0001   0.229775741591650236381E-0008   0.743119242252039459533E-0012   0.143611789805297106504E+0008   0.437650582915434461029E+0004
    0.179166666666670315600E+0001   0.216782917100429050041E-0008   0.506367560212870949452E-0012   0.142835619757063053548E+0008   0.341030255748838453655E+0004
    0.179166666666670315600E+0001   0.208825392039407937927E-0008   0.380580024126147997620E-0012   0.142296231960554979742E+0008   0.282322995319674237180E+0004
    0.179166666666670315600E+0001   0.203348546110924901114E-0008   0.313234134965951716387E-0012   0.141891337116963304579E+0008   0.249844010240699526548E+0004
    0.179166666666670315600E+0001   0.179166666666668022856E-0008  -0.403060441590371662277E-0040   0.139638367127771191299E+0008   0.000000000000000000000E+0000
    0.179166666666670315600E+0001   0.179166666666668022856E-0008  -0.403060441590371662277E-0040   0.139638367127771191299E+0008   0.000000000000000000000E+0000
    0.179166666666670315600E+0001   0.179166666666668022856E-0008  -0.403060441590375434719E-0040   0.139638367127771191299E+0008   0.000000000000000000000E+0000
    0.179166666666670315600E+0001   0.179166666666668022856E-0008  -0.403060441590371662277E-0040   0.139638367127771191299E+0008   0.000000000000000000000E+0000
    0.181250000000003752554E+0001   0.181250000000001374844E-0008  -0.407747190911189882884E-0040   0.139638367127771191299E+0008   0.000000000000000000000E+0000
    0.181250000000003752554E+0001   0.181250000000001374844E-0008  -0.407747190911189882884E-0040   0.139638367127771191299E+0008   0.000000000000000000000E+0000
    0.181250000000003752554E+0001   0.181250000000001374844E-0008  -0.407747190911189882884E-0040   0.139638367127771191299E+0008   0.000000000000000000000E+0000
    0.181250000000003752554E+0001   0.181250000000001374844E-0008  -0.407747190911189882884E-0040   0.139638367127771191299E+0008   0.000000000000000000000E+0000
    0.181250000000003752554E+0001   0.212975718519482798716E-0008  -0.451505403137198524632E-0012   0.142064904238082207739E+0008  -0.362521010587068485620E+0004
    0.181250000000003752554E+0001   0.220870353956284836887E-0008  -0.585026906895509266654E-0012   0.142514367344752456993E+0008  -0.442432363527235975198E+0004
    0.181250000000003752554E+0001   0.232793278056384913416E-0008  -0.836735231652460325321E-0012   0.143120111613984573632E+0008  -0.580310894986041239463E+0004
    0.181250000000003752554E+0001   0.253159228544327997590E-0008  -0.133400876930366957030E-0011   0.144002084021483566612E+0008  -0.809897219839576519007E+0004
    0.181250000000003752554E+0001   0.293242737016512473508E-0008  -0.245737823128991041934E-0011   0.145362253571100626141E+0008  -0.120162191129554066720E+0005
    0.181250000000003752554E+0001   0.403138498334451336155E-0008  -0.593967842201475877711E-0011   0.147817160728044398129E+0008  -0.192644852665247999539E+0005
    0.181250000000003752554E+0001   0.791379406531826522669E-0008  -0.218247085316164094759E-0010   0.151872098733492251486E+0008  -0.327981297941937664291E+0005
    0.181250000000003752554E+0001   0.256567726347165595691E-0005  -0.116617818318990279230E-0007   0.178054991278284303844E+0008  -0.752600921348111878615E+0005
    0.181250000000003752554E+0001   0.715486864103298363105E-0002  -0.118831650345328304836E-0003   0.139323850008420925587E+0008  -0.559104609390256337065E+0004
    0.181250000000003752554E+0001   0.966360826780684328829E-0002  -0.235933284469988952545E-0003   0.136749481032211408019E+0008   0.332929960930536035448E+0005
    0.181250000000003752554E+0001   0.133915158844592693810E-0001  -0.232019501846695631094E-0003   0.136496219407762493938E+0008  -0.102434657441970721266E+0005
    0.181250000000003752554E+0001   0.164367105127695561917E-0001  -0.182480109128396641559E-0003   0.136378659043062739074E+0008  -0.152668861554707364121E+0005
    0.181250000000003752554E+0001   0.187185871787286933765E-0001  -0.130053011594499540356E-0003   0.136312741088748723269E+0008  -0.125565903741831371008E+0005
    0.181250000000003752554E+0001   0.202807786704933025457E-0001  -0.765192503300593789440E-0004   0.136260777743152044713E+0008  -0.739269031319333680585E+0004
    0.181250000000003752554E+0001   0.211686684438960569243E-0001  -0.224996390912290166798E-0004   0.136224285444989688694E+0008  -0.181869374542539617323E+0004
    0.181250000000003752554E+0001   0.214166076365136445747E-0001   0.313996797581404845289E-0004   0.136196992308914903551E+0008   0.448380542515608794929E+0004
    0.181250000000003752554E+0001   0.210524652505738353592E-0001   0.847455569432612333246E-0004   0.136176623279900941998E+0008   0.127320388127936021192E+0005
    0.181250000000003752554E+0001   0.201126360185778715883E-0001   0.135509769969083683060E-0003   0.136161695875834245235E+0008   0.235239792397023447847E+0005
    0.181250000000003752554E+0001   0.186914405016404515381E-0001   0.183026171978415970291E-0003   0.136151354409683756530E+0008   0.365596385803751982166E+0005
    0.181250000000003752554E+0001   0.170306891027240531189E-0001   0.192752670690005784796E-0003   0.136146174144135508686E+0008   0.411172927882240765030E+0005
    0.181250000000003752554E+0001   0.154416226388687828630E-0001   0.169294904652141970812E-0003   0.136148423564727529883E+0008   0.268262088711390279059E+0005
    0.181250000000003752554E+0001   0.136316673509932415054E-0001   0.153293948323268800372E-0003   0.136155756094693839550E+0008   0.727910569948809370544E+0004
    0.181250000000003752554E+0001   0.113824066773247738193E-0001   0.149629263622069134249E-0003   0.136173962144932691008E+0008  -0.209624517922938939591E+0005
    0.181250000000003752554E+0001   0.846113457540085059372E-0002   0.135653772128382726046E-0003   0.136516051455248668790E+0008  -0.509917217856213683262E+0005
    0.181250000000003752554E+0001   0.611995969521418776982E-0002   0.646442887857219929473E-0004   0.144177665558691658080E+0008  -0.253579381804526274209E+0005
    0.181250000000003752554E+0001   0.507500463434101947157E-0006   0.863964064794605466094E-0009   0.171933899080927297473E+0008   0.198171679474552365718E+0005
    0.181250000000003752554E+0001   0.534713860229457851775E-0008   0.779303813778222471237E-0011   0.150391591661266181618E+0008   0.137570440349899145076E+0005
    0.181250000000003752554E+0001   0.327275322433924491004E-0008   0.261768992275535400971E-0011   0.146919573516704253852E+0008   0.845315382832963041437E+0004
    0.181250000000003752554E+0001   0.261554090318094881657E-0008   0.126546700980464505104E-0011   0.144808556408241558820E+0008   0.578736811325356666202E+0004
    0.181250000000003752554E+0001   0.235408690890822723507E-0008   0.760011661963621497327E-0012   0.143621799506707768887E+0008   0.424537408842328295577E+0004
    0.181250000000003752554E+0001   0.221421095875903064470E-0008   0.517263758943018060245E-0012   0.142843563302073813975E+0008   0.330735078918300951045E+0004
    0.181250000000003752554E+0001   0.212877731700105526038E-0008   0.388491334733742997627E-0012   0.142302791386658642441E+0008   0.273817600172673201087E+0004
    0.181250000000003752554E+0001   0.207010283114478375231E-0008   0.319578977257630499516E-0012   0.141896877158848494291E+0008   0.242346554610178964140E+0004
    0.181250000000003752554E+0001   0.181250000000001374844E-0008  -0.407747190911189882884E-0040   0.139638367127771191299E+0008   0.000000000000000000000E+0000
    0.181250000000003752554E+0001   0.181250000000001374844E-0008  -0.407747190911189882884E-0040   0.139638367127771191299E+0008   0.000000000000000000000E+0000
    0.181250000000003752554E+0001   0.181250000000001374844E-0008  -0.407747190911193706305E-0040   0.139638367127771191299E+0008   0.000000000000000000000E+0000
    0.181250000000003752554E+0001   0.181250000000001374844E-0008  -0.407747190911189882884E-0040   0.139638367127771191299E+0008   0.000000000000000000000E+0000
    0.183333333333337189508E+0001   0.183333333333334726833E-0008  -0.412433940232008154470E-0040   0.139638367127771191299E+0008   0.000000000000000000000E+0000
    0.183333333333337189508E+0001   0.183333333333334726833E-0008  -0.412433940232008154470E-0040   0.139638367127771191299E+0008   0.000000000000000000000E+0000
    0.183333333333337189508E+0001   0.183333333333334726833E-0008  -0.412433940232008154470E-0040   0.139638367127771191299E+0008   0.000000000000000000000E+0000
    0.183333333333337189508E+0001   0.183333333333334726833E-0008  -0.412433940232008154470E-0040   0.139638367127771191299E+0008   0.000000000000000000000E+0000
    0.183333333333337189508E+0001   0.216799373939523728311E-0008  -0.461191249034747566291E-0012   0.142069542975090891123E+0008  -0.357517074178493385261E+0004
    0.183333333333337189508E+0001   0.225149245858571165839E-0008  -0.598221942015497737477E-0012   0.142519941893456112593E+0008  -0.436865082309377703496E+0004
    0.183333333333337189508E+0001   0.237772641683498280447E-0008  -0.856803383254749739904E-0012   0.143127011187981180847E+0008  -0.573728221706156273285E+0004
    0.183333333333337189508E+0001   0.259368617595095080538E-0008  -0.136874425633237991413E-0011   0.144011041542888302356E+0008  -0.801744789645364562602E+0004
    0.183333333333337189508E+0001   0.301970868675618792621E-0008  -0.252919232030736054120E-0011   0.145374639530732948333E+0008  -0.119116987935407923942E+0005
    0.183333333333337189508E+0001   0.419276874768609603570E-0008  -0.614920226956511014497E-0011   0.147836600272245351225E+0008  -0.191287134275672833610E+0005
    0.183333333333337189508E+0001   0.835923533822040579886E-0008  -0.227835637176696280385E-0010   0.151903183217743076384E+0008  -0.326048632920010932139E+0005
    0.183333333333337189508E+0001   0.288224093091880812856E-0005  -0.130003747196415220372E-0007   0.178217597486262582242E+0008  -0.753955758512642205460E+0005
    0.183333333333337189508E+0001   0.717134607838450580108E-0002  -0.118838054066197851494E-0003   0.139159616143431570381E+0008  -0.525206233811141828483E+0004
    0.183333333333337189508E+0001   0.967704433057531288043E-0002  -0.235900080768677080376E-0003   0.136786025837953202426E+0008   0.342795519019596176804E+0005
    0.183333333333337189508E+0001   0.134025780708759874316E-0001  -0.232027534296465895794E-0003   0.136514815084039550275E+0008  -0.959293469405262294458E+0004
    0.183333333333337189508E+0001   0.164473246392528513193E-0001  -0.182491851050356826414E-0003   0.136389666391129773110E+0008  -0.149201854992254156969E+0005
    0.183333333333337189508E+0001   0.187291763711615912025E-0001  -0.130062665677871023250E-0003   0.136319782348022013903E+0008  -0.123078574712859408464E+0005
    0.183333333333337189508E+0001   0.202913549128146061817E-0001  -0.765249040734418569092E-0004   0.136266062039841208607E+0008  -0.718214697541203713627E+0004
    0.183333333333337189508E+0001   0.211792436510035327057E-0001  -0.225009913185080870639E-0004   0.136228711534909270704E+0008  -0.166920526587918266159E+0004
    0.183333333333337189508E+0001   0.214271283456936648126E-0001   0.314031789527979035255E-0004   0.136201082041594218463E+0008   0.457408289193788095872E+0004
    0.183333333333337189508E+0001   0.210628555271442988173E-0001   0.847552819784489971933E-0004   0.136180809196435902268E+0008   0.127596993968979040801E+0005
    0.183333333333337189508E+0001   0.201228157435976023892E-0001   0.135527341521139526020E-0003   0.136166383859824296087E+0008   0.234850692089845142618E+0005
    0.183333333333337189508E+0001   0.187013437872936699735E-0001   0.183052721866520072547E-0003   0.136157001846898980439E+0008   0.364475647128577111289E+0005
    0.183333333333337189508E+0001   0.170402918563544066022E-0001   0.192781602330270536222E-0003   0.136153370344606842846E+0008   0.409280509098704860662E+0005
    0.183333333333337189508E+0001   0.154509828496718244761E-0001   0.169313264739497993435E-0003   0.136158450772011075169E+0008   0.265946439013580675237E+0005
    0.183333333333337189508E+0001   0.136410162643821851469E-0001   0.153298838698285417540E-0003   0.136170305285418815911E+0008   0.697571942988268892805E+0004
    0.183333333333337189508E+0001   0.113923363835872291233E-0001   0.149613890745121697230E-0003   0.136200139112841766328E+0008  -0.211949471843173923844E+0005
    0.183333333333337189508E+0001   0.847263350365716483292E-0002   0.135610445522868418734E-0003   0.136536213781379088759E+0008  -0.518737917011919198558E+0005
    0.183333333333337189508E+0001   0.614996237520235369822E-0002   0.645905434754999311416E-0004   0.143885001771871894598E+0008  -0.262189907473925668455E+0005
    0.183333333333337189508E+0001   0.575625383013168299203E-0006   0.942018653093618892005E-0009   0.172073993813781328499E+0008   0.196163587721615076589E+0005
    0.183333333333337189508E+0001   0.565448890314521949347E-0008   0.807153898648999750559E-0011   0.150415706164296809584E+0008   0.135144090616454377596E+0005
    0.183333333333337189508E+0001   0.340164334887754577424E-0008   0.269106797703088572688E-0011   0.146935809981059134007E+0008   0.828601746813596400898E+0004
    0.183333333333337189508E+0001   0.269152107826685404008E-0008   0.129549167789754050344E-0011   0.144819111468656901270E+0008   0.566473448714705136808E+0004
    0.183333333333337189508E+0001   0.241054147720827846863E-0008   0.776506540322999117457E-0012   0.143629672897413279861E+0008   0.415279838778414250555E+0004
    0.183333333333337189508E+0001   0.226067409998018393191E-0008   0.527896343027442298042E-0012   0.142849755145276561379E+0008   0.323454289250615329365E+0004
    0.183333333333337189508E+0001   0.216935922428171627157E-0008   0.396209203287652495622E-0012   0.142307873001373596489E+0008   0.267793378141886023514E+0004
    0.183333333333337189508E+0001   0.210676476161180648361E-0008   0.325767865748314347008E-0012   0.141901151274914368987E+0008   0.237029103820285445181E+0004
    0.183333333333337189508E+0001   0.183333333333334726833E-0008  -0.412433940232008154470E-0040   0.139638367127771191299E+0008   0.000000000000000000000E+0000
    0.183333333333337189508E+0001   0.183333333333334726833E-0008  -0.412433940232008154470E-0040   0.139638367127771191299E+0008   0.000000000000000000000E+0000
    0.183333333333337189508E+0001   0.183333333333334726833E-0008  -0.412433940232011977891E-0040   0.139638367127771191299E+0008   0.000000000000000000000E+0000
    0.183333333333337189508E+0001   0.183333333333334726833E-0008  -0.412433940232008154470E-0040   0.139638367127771191299E+0008   0.000000000000000000000E+0000
    0.185416666666670626462E+0001   0.185416666666668078821E-0008  -0.417120689552826426056E-0040   0.139638367127771191299E+0008   0.000000000000000000000E+0000
    0.185416666666670626462E+0001   0.185416666666668078821E-0008  -0.417120689552826426056E-0040   0.139638367127771191299E+0008   0.000000000000000000000E+0000
    0.185416666666670626462E+0001   0.185416666666668078821E-0008  -0.417120689552826426056E-0040   0.139638367127771191299E+0008   0.000000000000000000000E+0000
    0.185416666666670626462E+0001   0.185416666666668078821E-0008  -0.417120689552826426056E-0040   0.139638367127771191299E+0008   0.000000000000000000000E+0000
    0.185416666666670626462E+0001   0.220627022571487610191E-0008  -0.470771983150567773205E-0012   0.142073306012156289071E+0008  -0.353893780094194880803E+0004
    0.185416666666670626462E+0001   0.229433522743696537154E-0008  -0.611290715156890314996E-0012   0.142524488706091213971E+0008  -0.432851135960463216179E+0004
    0.185416666666670626462E+0001   0.242759791910623839068E-0008  -0.876707343297140009835E-0012   0.143132682326441947371E+0008  -0.569006765795467799762E+0004
    0.185416666666670626462E+0001   0.265590681393653334395E-0008  -0.140325054568105577973E-0011   0.144018482018694244325E+0008  -0.795933503506641773129E+0004
    0.185416666666670626462E+0001   0.310723811278112615372E-0008  -0.260067408278905172024E-0011   0.145385068429209683090E+0008  -0.118377393965368792124E+0005
    0.185416666666670626462E+0001   0.435487935678018561286E-0008  -0.635839378552919866708E-0011   0.147853252866055928171E+0008  -0.190335253304394864244E+0005
    0.185416666666670626462E+0001   0.880791830987447910427E-0008  -0.237444228869018736611E-0010   0.151930302840398810804E+0008  -0.324696626238595490577E+0005
    0.185416666666670626462E+0001   0.321133897892514061500E-0005  -0.143934555021596724816E-0007   0.178363109123078957200E+0008  -0.755480633602932502981E+0005
    0.185416666666670626462E+0001   0.718500114871759888724E-0002  -0.118843110161779939990E-0003   0.139017035371160060167E+0008  -0.506253818193963797967E+0004
    0.185416666666670626462E+0001   0.968842823281800685775E-0002  -0.235871246765974264172E-0003   0.136822573370371554047E+0008   0.350048798671184267732E+0005
    0.185416666666670626462E+0001   0.134116127820443770124E-0001  -0.232033721876790961086E-0003   0.136532324203901849687E+0008  -0.911498121855407043768E+0004
    0.185416666666670626462E+0001   0.164558352718223097066E-0001  -0.182501087423622384339E-0003   0.136399264482985269278E+0008  -0.146923462944656730542E+0005
    0.185416666666670626462E+0001   0.187375710888497901130E-0001  -0.130070193512452027176E-0003   0.136325348489593639970E+0008  -0.121464057643342966912E+0005
    0.185416666666670626462E+0001   0.202996754678358912183E-0001  -0.765292456122606309498E-0004   0.136269808408814575523E+0008  -0.704206868297017626901E+0004
    0.185416666666670626462E+0001   0.211875210911157720040E-0001  -0.225019742097308748918E-0004   0.136231528115368336439E+0008  -0.156839586203834051048E+0004
    0.185416666666670626462E+0001   0.214353370644489379937E-0001   0.314059548214662653766E-0004   0.136203494258675947785E+0008   0.463646150160460092593E+0004
    0.185416666666670626462E+0001   0.210709510466366538306E-0001   0.847628733738326183705E-0004   0.136183228599294256419E+0008   0.127806185033216625015E+0005
    0.185416666666670626462E+0001   0.201307490089720694804E-0001   0.135541016953278552291E-0003   0.136169191820129603148E+0008   0.234614349215317342896E+0005
    0.185416666666670626462E+0001   0.187090752652902536646E-0001   0.183073396471498467874E-0003   0.136160627906127162278E+0008   0.363746169973278883845E+0005
    0.185416666666670626462E+0001   0.170478127995077125001E-0001   0.192804174494414637528E-0003   0.136158382071326114237E+0008   0.408027204675671819132E+0005
    0.185416666666670626462E+0001   0.154583501032280780374E-0001   0.169327612166519177097E-0003   0.136166007045190650970E+0008   0.264441670846255510696E+0005
    0.185416666666670626462E+0001   0.136484165029677785574E-0001   0.153302573448773021923E-0003   0.136182257817609310150E+0008   0.677528132685858963669E+0004
    0.185416666666670626462E+0001   0.114002744646837083503E-0001   0.149601495699406075723E-0003   0.136222858400878794491E+0008  -0.213363887953728299181E+0005
    0.185416666666670626462E+0001   0.848206307982877702467E-0002   0.135574394849560450615E-0003   0.136559760453259833157E+0008  -0.525230838398537744069E+0005
    0.185416666666670626462E+0001   0.617561828702237886057E-0002   0.645431805714772672189E-0004   0.143626819509159922600E+0008  -0.268405307699490549567E+0005
    0.185416666666670626462E+0001   0.646031030854192439637E-0006   0.102198220611489617800E-0008   0.172197442942150197923E+0008   0.194963143177994279540E+0005
    0.185416666666670626462E+0001   0.596354609222785950526E-0008   0.834730226450514101603E-0011   0.150436101992167159915E+0008   0.133392917934424767736E+0005
    0.185416666666670626462E+0001   0.353101211644321158881E-0008   0.276345910114372613975E-0011   0.146949376630508769304E+0008   0.816548596297767107899E+0004
    0.185416666666670626462E+0001   0.276768297103621938582E-0008   0.132503616902822408334E-0011   0.144827776962770856917E+0008   0.557585950276105631929E+0004
    0.185416666666670626462E+0001   0.246709617126883880071E-0008   0.792718612900518879116E-0012   0.143636063505471330136E+0008   0.408553078015453638727E+0004
    0.185416666666670626462E+0001   0.230720176319039926503E-0008   0.538340599433692936516E-0012   0.142854737715125326067E+0008   0.318153231020167731913E+0004
    0.185416666666670626462E+0001   0.220998724282064106105E-0008   0.403788483917325644767E-0012   0.142311937914238981903E+0008   0.263399891005005201805E+0004
    0.185416666666670626462E+0001   0.214346165785622693382E-0008   0.331844786667605549155E-0012   0.141904556413860563189E+0008   0.233145579827602023215E+0004
    0.185416666666670626462E+0001   0.185416666666668078821E-0008  -0.417120689552826426056E-0040   0.139638367127771191299E+0008   0.000000000000000000000E+0000
    0.185416666666670626462E+0001   0.185416666666668078821E-0008  -0.417120689552826426056E-0040   0.139638367127771191299E+0008   0.000000000000000000000E+0000
    0.185416666666670626462E+0001   0.185416666666668078821E-0008  -0.417120689552830198498E-0040   0.139638367127771191299E+0008   0.000000000000000000000E+0000
    0.185416666666670626462E+0001   0.185416666666668078821E-0008  -0.417120689552826426056E-0040   0.139638367127771191299E+0008   0.000000000000000000000E+0000
    0.189166666666670635344E+0001   0.189166666666668112400E-0008  -0.425556838330299274128E-0040   0.139638367127771191299E+0008   0.000000000000000000000E+0000
    0.189166666666670635344E+0001   0.189166666666668112400E-0008  -0.425556838330299274128E-0040   0.139638367127771191299E+0008   0.000000000000000000000E+0000
    0.189166666666670635344E+0001   0.189166666666668112400E-0008  -0.425556838330299274128E-0040   0.139638367127771191299E+0008   0.000000000000000000000E+0000
    0.189166666666670635344E+0001   0.189166666666668112400E-0008  -0.425556838330299274128E-0040   0.139638367127771191299E+0008   0.000000000000000000000E+0000
    0.189166666666670635344E+0001   0.227524725393116586094E-0008  -0.487839347080554580094E-0012   0.142078612608339805156E+0008  -0.349575572817264765035E+0004
    0.189166666666670635344E+0001   0.237155993682786799118E-0008  -0.634603330301367065765E-0012   0.142530944180793445557E+0008  -0.428097588662219550315E+0004
    0.189166666666670635344E+0001   0.251752386215627791659E-0008  -0.912265177520400697580E-0012   0.143140810690653119236E+0008  -0.563459189373161643744E+0004
    0.189166666666670635344E+0001   0.276816318304049154182E-0008  -0.146499965697130868482E-0011   0.144029281309740524739E+0008  -0.789170996323978670262E+0004
    0.189166666666670635344E+0001   0.326530692211502813581E-0008  -0.272886488998621668099E-0011   0.145400447588993590325E+0008  -0.117526755488491489814E+0005
    0.189166666666670635344E+0001   0.464822167901735610593E-0008  -0.673480921880644680703E-0011   0.147878278823497798294E+0008  -0.189255605123790483049E+0005
    0.189166666666670635344E+0001   0.962260143082636935893E-0008  -0.254807615471176478080E-0010   0.151971973182149101049E+0008  -0.323172047374735993799E+0005
    0.189166666666670635344E+0001   0.383273750484490885254E-0005  -0.170286336031320123391E-0007   0.178591135107204951346E+0008  -0.758258019583279092330E+0005
    0.189166666666670635344E+0001   0.720432826488470127307E-0002  -0.118850048874256030654E-0003   0.138804200246430877596E+0008  -0.494237579607194766140E+0004
    0.189166666666670635344E+0001   0.970525026516095082330E-0002  -0.235827651130607199650E-0003   0.136885783572696857154E+0008   0.358920159879149796325E+0005
    0.189166666666670635344E+0001   0.134243658553417390122E-0001  -0.232041947906950709766E-0003   0.136561678180081136525E+0008  -0.851412543349825318728E+0004
    0.189166666666670635344E+0001   0.164675814429564235097E-0001  -0.182513627987097957085E-0003   0.136414129976373892277E+0008  -0.144471502999933527462E+0005
    0.189166666666670635344E+0001   0.187490026564888327687E-0001  -0.130080302664176790037E-0003   0.136333106054916698486E+0008  -0.119742561731948862871E+0005
    0.189166666666670635344E+0001   0.203109076989205286634E-0001  -0.765349834834877463738E-0004   0.136274319583062510937E+0008  -0.688687619487233587279E+0004
    0.189166666666670635344E+0001   0.211986314073326805041E-0001  -0.225032052017524283503E-0004   0.136234346653194371611E+0008  -0.145434037683180872591E+0004
    0.189166666666670635344E+0001   0.214463169814598023089E-0001   0.314097226573302137518E-0004   0.136205533800530899316E+0008   0.470964363568626231427E+0004
    0.189166666666670635344E+0001   0.210817637591226986205E-0001   0.847730319127773892553E-0004   0.136185167375228926539E+0008   0.128085288168859224243E+0005
    0.189166666666670635344E+0001   0.201413492849458128364E-0001   0.135559271475073643467E-0003   0.136171646432674732059E+0008   0.234399100592016438895E+0005
    0.189166666666670635344E+0001   0.187194282963094767169E-0001   0.183101022862147173745E-0003   0.136164292762770205736E+0008   0.362976307863445035764E+0005
    0.189166666666670635344E+0001   0.170579226951860715711E-0001   0.192834417280390542967E-0003   0.136164199547363538295E+0008   0.406662351397988604731E+0005
    0.189166666666670635344E+0001   0.154683115557996651857E-0001   0.169346895565381525342E-0003   0.136175813176390081644E+0008   0.262842173555559493252E+0005
    0.189166666666670635344E+0001   0.136584953536351243197E-0001   0.153307502965581172322E-0003   0.136199439893969222903E+0008   0.655727782370704426285E+0004
    0.189166666666670635344E+0001   0.114112219904660052577E-0001   0.149584289989830403460E-0003   0.136257218486505839974E+0008  -0.214774650128487955953E+0005
    0.189166666666670635344E+0001   0.849551722518938207118E-0002   0.135522246059159925946E-0003   0.136605013951152078807E+0008  -0.533327742420046706684E+0005
    0.189166666666670635344E+0001   0.621327748732727197511E-0002   0.644716928413774771709E-0004   0.143235570677979700267E+0008  -0.275795712138460985443E+0005
    0.189166666666670635344E+0001   0.777911340462834207048E-0006   0.117076537765348772170E-0008   0.172387778807015120983E+0008   0.194000936559325746202E+0005
    0.189166666666670635344E+0001   0.652343122073303147192E-0008   0.883947706585034818878E-0011   0.150466410472422074527E+0008   0.131304880154021793714E+0005
    0.189166666666670635344E+0001   0.376486359752260282744E-0008   0.289215127658951587851E-0011   0.146969218664894886315E+0008   0.802199032455421456689E+0004
    0.189166666666670635344E+0001   0.290514139663119217490E-0008   0.137740602304257887445E-0011   0.144840196325752511621E+0008   0.546927979005886663799E+0004
    0.189166666666670635344E+0001   0.256909398656918244153E-0008   0.821417768117065237380E-0012   0.143645091954728364944E+0008   0.400458603684416357282E+0004
    0.189166666666670635344E+0001   0.239107865607295570462E-0008   0.556816934690382189108E-0012   0.142861699784189667553E+0008   0.311759533553779147041E+0004
    0.189166666666670635344E+0001   0.228320783037156463902E-0008   0.417192352948095135188E-0012   0.142317573629744052887E+0008   0.258091862525132546580E+0004
    0.189166666666670635344E+0001   0.220958408276902898933E-0008   0.342589767796527855812E-0012   0.141909252015999760479E+0008   0.228447502972094662255E+0004
    0.189166666666670635344E+0001   0.189166666666668112400E-0008  -0.425556838330299274128E-0040   0.139638367127771191299E+0008   0.000000000000000000000E+0000
    0.189166666666670635344E+0001   0.189166666666668112400E-0008  -0.425556838330299274128E-0040   0.139638367127771191299E+0008   0.000000000000000000000E+0000
    0.189166666666670635344E+0001   0.189166666666668112400E-0008  -0.425556838330303301464E-0040   0.139638367127771191299E+0008   0.000000000000000000000E+0000
    0.189166666666670635344E+0001   0.189166666666668112400E-0008  -0.425556838330299274128E-0040   0.139638367127771191299E+0008   0.000000000000000000000E+0000
    0.196666666666670675312E+0001   0.196666666666668179559E-0008  -0.442429135885245276145E-0040   0.139638367127771191299E+0008   0.000000000000000000000E+0000
    0.196666666666670675312E+0001   0.196666666666668179559E-0008  -0.442429135885245276145E-0040   0.139638367127771191299E+0008   0.000000000000000000000E+0000
    0.196666666666670675312E+0001   0.196666666666668179559E-0008  -0.442429135885245276145E-0040   0.139638367127771191299E+0008   0.000000000000000000000E+0000
    0.196666666666670675312E+0001   0.196666666666668179559E-0008  -0.442429135885245276145E-0040   0.139638367127771191299E+0008   0.000000000000000000000E+0000
    0.196666666666670675312E+0001   0.241342496841203629174E-0008  -0.521591158032131410798E-0012   0.142085989314672332257E+0008  -0.345175615832633411628E+0004
    0.196666666666670675312E+0001   0.252631576411008153583E-0008  -0.680785823197316852944E-0012   0.142540010880397595465E+0008  -0.423331621386107690341E+0004
    0.196666666666670675312E+0001   0.269782867807511213895E-0008  -0.982840670212877660509E-0012   0.143152389445342030376E+0008  -0.558010829397172619792E+0004
    0.196666666666670675312E+0001   0.299343515373869554350E-0008  -0.158783567117684689385E-0011   0.144044947996302396059E+0008  -0.782700922083997465961E+0004
    0.196666666666670675312E+0001   0.358298769255108466795E-0008  -0.298461406380147667072E-0011   0.145423268066154997796E+0008  -0.116739180805973246606E+0005
    0.196666666666670675312E+0001   0.523964124503874180704E-0008  -0.748932508857191616162E-0011   0.147916347516178134829E+0008  -0.188292107179885279038E+0005
    0.196666666666670675312E+0001   0.112743559353996325858E-0007  -0.289838747668311985597E-0010   0.152037594756489209831E+0008  -0.321853651869943350903E+0005
    0.196666666666670675312E+0001   0.517453063025048766308E-0005  -0.227388572341258293073E-0007   0.178954572591780275106E+0008  -0.763188747811497305520E+0005
    0.196666666666670675312E+0001   0.722995179319721025663E-0002  -0.118859255360998536215E-0003   0.138493595848707463592E+0008  -0.508598519114868395263E+0004
    0.196666666666670675312E+0001   0.972940714443129919808E-0002  -0.235763469432414895588E-0003   0.137006704679280817509E+0008   0.368067184468780251336E+0005
    0.196666666666670675312E+0001   0.134413168917394930391E-0001  -0.232052077323185106756E-0003   0.136616189754601437598E+0008  -0.782944734844108279503E+0004
    0.196666666666670675312E+0001   0.164826220058646166766E-0001  -0.182529430362593991181E-0003   0.136440204612471535802E+0008  -0.142388002265177692607E+0005
    0.196666666666670675312E+0001   0.187633322833640932281E-0001  -0.130092804284622951764E-0003   0.136346084491873700172E+0008  -0.118266911969220236642E+0005
    0.196666666666670675312E+0001   0.203248016579045641394E-0001  -0.765419268559488542598E-0004   0.136281277032405287027E+0008  -0.674160157679839448974E+0004
    0.196666666666670675312E+0001   0.212122576193842470038E-0001  -0.225046015869595927188E-0004   0.136238151553290653974E+0008  -0.134241874384875472970E+0004
    0.196666666666670675312E+0001   0.214597153943664117892E-0001   0.314143942808339961389E-0004   0.136207821541861593723E+0008   0.478682621582342471811E+0004
    0.196666666666670675312E+0001   0.210949316038783647731E-0001   0.847854338204047657153E-0004   0.136187072688280865550E+0008   0.128452493199843538605E+0005
    0.196666666666670675312E+0001   0.201542685342378929958E-0001   0.135581504014486032422E-0003   0.136174167564428839833E+0008   0.234311742747001044336E+0005
    0.196666666666670675312E+0001   0.187320896553553606356E-0001   0.183134742728565145598E-0003   0.136168557160582281649E+0008   0.362366306668620236451E+0005
    0.196666666666670675312E+0001   0.170703614546184288814E-0001   0.192871507272288495978E-0003   0.136171802278793565929E+0008   0.405484118186120176688E+0005
    0.196666666666670675312E+0001   0.154806800149452465643E-0001   0.169370702220285378409E-0003   0.136189763514878079295E+0008   0.261525520734116398671E+0005
    0.196666666666670675312E+0001   0.136711617645989998160E-0001   0.153313505259317865020E-0003   0.136226100652655605227E+0008   0.636752007863131711929E+0004
    0.196666666666670675312E+0001   0.114252672713353164297E-0001   0.149562096886012507128E-0003   0.136312731824528463185E+0008  -0.215765219537644807133E+0005
    0.196666666666670675312E+0001   0.851391699560944889558E-0002   0.135449802911212122906E-0003   0.136702185741293970495E+0008  -0.542301279877782872063E+0005
    0.196666666666670675312E+0001   0.626719974293042832170E-0002   0.643661672050829228222E-0004   0.142644376701234281063E+0008  -0.283032016168823574844E+0005
    0.196666666666670675312E+0001   0.105875399440821155148E-0005   0.148641903141052010856E-0008   0.172687902462713271379E+0008   0.194146927981913795520E+0005
    0.196666666666670675312E+0001   0.765410523860467373646E-0008   0.981684591871603388141E-0011   0.150512232566004488617E+0008   0.129179921950450952863E+0005
    0.196666666666670675312E+0001   0.423550177149764971784E-0008   0.314633169618088586245E-0011   0.146998476507898978889E+0008   0.787593620288415331743E+0004
    0.196666666666670675312E+0001   0.318111923441570099373E-0008   0.148041021950034942249E-0011   0.144857981643484141678E+0008   0.535881630413841139671E+0004
    0.196666666666670675312E+0001   0.277365457706537780246E-0008   0.877757445825063170782E-0012   0.143657733150789532810E+0008   0.391996841808074486835E+0004
    0.196666666666670675312E+0001   0.255918714696167632759E-0008   0.593051614826331679164E-0012   0.142871277441315483302E+0008   0.305038464377109630732E+0004
    0.196666666666670675312E+0001   0.242989786914375668410E-0008   0.443465946804847986012E-0012   0.142325227980526983738E+0008   0.252490570079566305139E+0004
    0.196666666666670675312E+0001   0.234201524773828335379E-0008   0.363644989364567493377E-0012   0.141915572462512757629E+0008   0.223475773300723631110E+0004
    0.196666666666670675312E+0001   0.196666666666668179559E-0008  -0.442429135885245276145E-0040   0.139638367127771191299E+0008   0.000000000000000000000E+0000
    0.196666666666670675312E+0001   0.196666666666668179559E-0008  -0.442429135885245276145E-0040   0.139638367127771191299E+0008   0.000000000000000000000E+0000
    0.196666666666670675312E+0001   0.196666666666668179559E-0008  -0.442429135885249303482E-0040   0.139638367127771191299E+0008   0.000000000000000000000E+0000
    0.196666666666670675312E+0001   0.196666666666668179559E-0008  -0.442429135885245276145E-0040   0.139638367127771191299E+0008   0.000000000000000000000E+0000
    0.213541666666670693076E+0001   0.213541666666668247948E-0008  -0.480391805383873576768E-0040   0.139638367127771191299E+0008   0.000000000000000000000E+0000
    0.213541666666670693076E+0001   0.213541666666668247948E-0008  -0.480391805383873576768E-0040   0.139638367127771191299E+0008   0.000000000000000000000E+0000
    0.213541666666670693076E+0001   0.213541666666668247948E-0008  -0.480391805383873576768E-0040   0.139638367127771191299E+0008   0.000000000000000000000E+0000
    0.213541666666670693076E+0001   0.213541666666668247948E-0008  -0.480391805383873678726E-0040   0.139638367127771191299E+0008   0.000000000000000000000E+0000
    0.213541666666670693076E+0001   0.272501408382983120207E-0008  -0.596851412997167793104E-0012   0.142095878273845147341E+0008  -0.342033327631290967474E+0004
    0.213541666666670693076E+0001   0.287547306908877538056E-0008  -0.783976691061358943081E-0012   0.142552335287752989680E+0008  -0.420129589952047990664E+0004
    0.213541666666670693076E+0001   0.310495398755560302342E-0008  -0.114090323372506147814E-0011   0.143168423348068147898E+0008  -0.554652560228862057556E+0004
    0.213541666666670693076E+0001   0.350276520687278771048E-0008  -0.186371894284662996974E-0011   0.144067146851883605123E+0008  -0.779179539926144389028E+0004
    0.213541666666670693076E+0001   0.430292999973126861099E-0008  -0.356119585522408161472E-0011   0.145456522919341865927E+0008  -0.116384053988895502698E+0005
    0.213541666666670693076E+0001   0.658666697649918527563E-0008  -0.920118608892417525607E-0011   0.147973316765176206827E+0008  -0.187952103293642358040E+0005
    0.213541666666670693076E+0001   0.150723953101198528623E-0007  -0.370138245395024924772E-0010   0.152141593415378816426E+0008  -0.321581975300018420967E+0005
    0.213541666666670693076E+0001   0.858546676664586616025E-0005  -0.373434142213881000224E-0007   0.179514596551340334117E+0008  -0.771111951485667668749E+0005
    0.213541666666670693076E+0001   0.725813999592686727447E-0002  -0.118870221372964344391E-0003   0.138081536168505474925E+0008  -0.580344009617436313420E+0004
    0.213541666666670693076E+0001   0.976082532123402624169E-0002  -0.235678310455587523235E-0003   0.137250183900970667601E+0008   0.374215203144638871890E+0005
    0.213541666666670693076E+0001   0.134605879886932205958E-0001  -0.232062634402436997628E-0003   0.136722818230262454599E+0008  -0.715493352033013343316E+0004
    0.213541666666670693076E+0001   0.164986959846966860233E-0001  -0.182546122036502170543E-0003   0.136489667443232908845E+0008  -0.141137871000510858721E+0005
    0.213541666666670693076E+0001   0.187781592150280257636E-0001  -0.130105607340498953105E-0003   0.136371575137982573360E+0008  -0.117264892562127733981E+0005
    0.213541666666670693076E+0001   0.203389063262734565152E-0001  -0.765488434889039263357E-0004   0.136295741472294274718E+0008  -0.662704322566159862617E+0004
    0.213541666666670693076E+0001   0.212259274817515122824E-0001  -0.225059005662963053558E-0004   0.136246904569383226335E+0008  -0.124741987874226447275E+0004
    0.213541666666670693076E+0001   0.214730662439536409969E-0001   0.314191214108525818235E-0004   0.136213744285831451416E+0008   0.485959267392307083355E+0004
    0.213541666666670693076E+0001   0.211080200409710268261E-0001   0.847977994450200926995E-0004   0.136192044529903493822E+0008   0.128908303443849727046E+0005
    0.213541666666670693076E+0001   0.201671275862241594634E-0001   0.135603634549831986601E-0003   0.136179776299305148423E+0008   0.234453208998389491171E+0005
    0.213541666666670693076E+0001   0.187447563520224784461E-0001   0.183168436163006555532E-0003   0.136176599208340961486E+0008   0.362132762063586560544E+0005
    0.213541666666670693076E+0001   0.170829163726693607217E-0001   0.192908857124162434228E-0003   0.136184931943617556244E+0008   0.404836993909857774270E+0005
    0.213541666666670693076E+0001   0.154933342394615661264E-0001   0.169394965169521736267E-0003   0.136212947840779926628E+0008   0.260877014831654050795E+0005
    0.213541666666670693076E+0001   0.136843783979509921178E-0001   0.153319622051305282096E-0003   0.136270935619050916284E+0008   0.625702095461885801342E+0004
    0.213541666666670693076E+0001   0.114404462717482488521E-0001   0.149538054767252640009E-0003   0.136407477090240530670E+0008  -0.216099580444825733139E+0005
    0.213541666666670693076E+0001   0.853645231959524256049E-0002   0.135359766970848745433E-0003   0.136918158153220918030E+0008  -0.550270005594733374892E+0005
    0.213541666666670693076E+0001   0.633670998668948298738E-0002   0.642266110029609182605E-0004   0.141812131148956492543E+0008  -0.287159108911275652645E+0005
    0.213541666666670693076E+0001   0.175691673805833644062E-0005   0.227526166633788784999E-0008   0.173158802363323122263E+0008   0.196749278965881676413E+0005
    0.213541666666670693076E+0001   0.102360964799635489200E-0007   0.120159621077783262736E-0010   0.150582272985529098660E+0008   0.127658572115503393434E+0005
    0.213541666666670693076E+0001   0.530428160730253191267E-0008   0.371407806930183989274E-0011   0.147041493505274895579E+0008   0.777031880539886424231E+0004
    0.213541666666670693076E+0001   0.380549738241199089198E-0008   0.170912742759085744772E-0011   0.144883205306851789355E+0008   0.527444899291981982969E+0004
    0.213541666666670693076E+0001   0.323568724595901298921E-0008   0.100251765970889260064E-0011   0.143675091107048857957E+0008   0.385365958384642544843E+0004
    0.213541666666670693076E+0001   0.293851751463138236203E-0008   0.673170274692807825044E-0012   0.142884092752849888057E+0008   0.299685635906739253187E+0004
    0.213541666666670693076E+0001   0.276069943513051778454E-0008   0.501511759137981913446E-0012   0.142335270682605076581E+0008   0.247980758951615371188E+0004
    0.213541666666670693076E+0001   0.264053921043513966369E-0008   0.410137296120050280712E-0012   0.141923748787809778005E+0008   0.219441494305880587490E+0004
    0.213541666666670693076E+0001   0.213541666666668247948E-0008  -0.480391805383873678726E-0040   0.139638367127771191299E+0008   0.000000000000000000000E+0000
    0.213541666666670693076E+0001   0.213541666666668247948E-0008  -0.480391805383873678726E-0040   0.139638367127771191299E+0008   0.000000000000000000000E+0000
    0.213541666666670693076E+0001   0.213541666666668289307E-0008  -0.480391805383877757042E-0040   0.139638367127771191299E+0008   0.000000000000000000000E+0000
    0.213541666666670693076E+0001   0.213541666666668247948E-0008  -0.480391805383873678726E-0040   0.139638367127771191299E+0008   0.000000000000000000000E+0000
    0.244375000000004005685E+0001   0.244375000000001443787E-0008  -0.549755695331984261333E-0040   0.139638367127771191299E+0008   0.000000000000000000000E+0000
    0.244375000000004005685E+0001   0.244375000000001443787E-0008  -0.549755695331984261333E-0040   0.139638367127771191299E+0008   0.000000000000000000000E+0000
    0.244375000000004005685E+0001   0.244375000000001443787E-0008  -0.549755695331984261333E-0040   0.139638367127771191299E+0008   0.000000000000000000000E+0000
    0.244375000000004005685E+0001   0.244375000000001443787E-0008  -0.549755695331984363291E-0040   0.139638367127771191299E+0008   0.000000000000000000000E+0000
    0.244375000000004005685E+0001   0.329575510447570295469E-0008  -0.733999913528465152020E-0012   0.142105879138976819813E+0008  -0.341309537488172418307E+0004
    0.244375000000004005685E+0001   0.351543503925537557163E-0008  -0.972399352520912085521E-0012   0.142564963111615311354E+0008  -0.419771543906063652685E+0004
    0.244375000000004005685E+0001   0.385189611446626757015E-0008  -0.143019430979282975976E-0011   0.143185134479496069252E+0008  -0.554886165013898244069E+0004
    0.244375000000004005685E+0001   0.443875827043678489550E-0008  -0.237013414456684760826E-0011   0.144090751732109058648E+0008  -0.780457715736605223356E+0004
    0.244375000000004005685E+0001   0.562992761614065770535E-0008  -0.462396101791945008217E-0011   0.145492793381985705346E+0008  -0.116699937261341619887E+0005
    0.244375000000004005685E+0001   0.908544270404760860598E-0008  -0.123786413943260073487E-0010   0.148036547383390348405E+0008  -0.188540395439091626031E+0005
    0.244375000000004005685E+0001   0.222164431825803977322E-0007  -0.521371129471554125690E-0010   0.152268293514901734889E+0008  -0.322977562539846403524E+0005
    0.244375000000004005685E+0001   0.158531175251461011497E-0004  -0.687037679693304819672E-0007   0.180117388225732892752E+0008  -0.780064335826784372330E+0005
    0.244375000000004005685E+0001   0.727592555450332426070E-0002  -0.118878320826776870487E-0003   0.137703582536930050701E+0008  -0.691672858590293253656E+0004
    0.244375000000004005685E+0001   0.978758923096382724149E-0002  -0.235605277687080068077E-0003   0.137616549975693281740E+0008   0.375141457861943999887E+0005
    0.244375000000004005685E+0001   0.134739598883281755382E-0001  -0.232069400407985146437E-0003   0.136870536226022001356E+0008  -0.667240216005510956165E+0004
    0.244375000000004005685E+0001   0.165089282211897669939E-0001  -0.182556671996681829737E-0003   0.136556834294674061239E+0008  -0.140249473420173981140E+0005
    0.244375000000004005685E+0001   0.187872264883826960158E-0001  -0.130113379543391079456E-0003   0.136408235109600611031E+0008  -0.116427389163803709380E+0005
    0.244375000000004005685E+0001   0.203473430460600242242E-0001  -0.765529211334644752677E-0004   0.136318422252581678331E+0008  -0.653988037469103255717E+0004
    0.244375000000004005685E+0001   0.212339972139058627554E-0001  -0.225066201830105792881E-0004   0.136262435890636499971E+0008  -0.117640228537781536033E+0004
    0.244375000000004005685E+0001   0.214808912498365700561E-0001   0.314219276729864387078E-0004   0.136225688160380907357E+0008   0.491520718680918162136E+0004
    0.244375000000004005685E+0001   0.211156727304364355557E-0001   0.848050529154961208779E-0004   0.136202657714462596923E+0008   0.129308624723181837908E+0005
    0.244375000000004005685E+0001   0.201746600440317752634E-0001   0.135616608084358227469E-0003   0.136190919433557614684E+0008   0.234689396493906460819E+0005
    0.244375000000004005685E+0001   0.187522208762076376953E-0001   0.183188286226020134555E-0003   0.136190377017511818558E+0008   0.362178691622199912672E+0005
    0.244375000000004005685E+0001   0.170903932949206492642E-0001   0.192931077431137483653E-0003   0.136204532470496315509E+0008   0.404679671492561465129E+0005
    0.244375000000004005685E+0001   0.155009956210895478990E-0001   0.169409632803504804242E-0003   0.136244366888289637864E+0008   0.260757500608666705375E+0005
    0.244375000000004005685E+0001   0.136925949949517448967E-0001   0.153323382552597478438E-0003   0.136328779761723559350E+0008   0.622199994401416734036E+0004
    0.244375000000004005685E+0001   0.114503825190133273759E-0001   0.149522315197879863795E-0003   0.136529438969900868833E+0008  -0.216269157091661363665E+0005
    0.244375000000004005685E+0001   0.855465710168315865425E-0002   0.135286379589678569871E-0003   0.137260214405937381089E+0008  -0.554511117909777094610E+0005
    0.244375000000004005685E+0001   0.639476029261767595080E-0002   0.641087760802950976319E-0004   0.141014102074853796512E+0008  -0.286273139063780909055E+0005
    0.244375000000004005685E+0001   0.320978897881615033401E-0005   0.394275283745403329619E-0008   0.173706593346231281757E+0008   0.201045081709912592487E+0005
    0.244375000000004005685E+0001   0.150455629691384249022E-0007   0.160824169411211712430E-0010   0.150665359440347347409E+0008   0.127239856721359701623E+0005
    0.244375000000004005685E+0001   0.727971491120246132491E-0008   0.475482804924764523608E-0011   0.147090038006206862628E+0008   0.773880005937254918535E+0004
    0.244375000000004005685E+0001   0.495392480131776992663E-0008   0.212553045987747233132E-0011   0.144910855860228557140E+0008   0.524329015395334317873E+0004
    0.244375000000004005685E+0001   0.408368281683813339131E-0008   0.122892652733516571379E-0011   0.143693506486217249185E+0008   0.382686853697081687642E+0004
    0.244375000000004005685E+0001   0.363387456756256578350E-0008   0.818296420949274945004E-0012   0.142897330848700664937E+0008   0.297402838808811156923E+0004
    0.244375000000004005685E+0001   0.336665197197617340071E-0008   0.606540069389959809887E-0012   0.142345424992900993675E+0008   0.245987851292038612883E+0004
    0.244375000000004005685E+0001   0.318710058094906896866E-0008   0.494199354088745571687E-0012   0.141931885679403021932E+0008   0.217613245781788828026E+0004
    0.244375000000004005685E+0001   0.244375000000001443787E-0008  -0.549755695331984363291E-0040   0.139638367127771191299E+0008   0.000000000000000000000E+0000
    0.244375000000004005685E+0001   0.244375000000001443787E-0008  -0.549755695331984363291E-0040   0.139638367127771191299E+0008   0.000000000000000000000E+0000
    0.244375000000004005685E+0001   0.244375000000001485146E-0008  -0.549755695331988441606E-0040   0.139638367127771191299E+0008   0.000000000000000000000E+0000
    0.244375000000004005685E+0001   0.244375000000001443787E-0008  -0.549755695331984363291E-0040   0.139638367127771191299E+0008   0.000000000000000000000E+0000
    0.291458333333337327176E+0001   0.291458333333334785136E-0008  -0.655676229982477882296E-0040   0.139638367127771191299E+0008   0.000000000000000000000E+0000
    0.291458333333337327176E+0001   0.291458333333334785136E-0008  -0.655676229982477882296E-0040   0.139638367127771191299E+0008   0.000000000000000000000E+0000
    0.291458333333337327176E+0001   0.291458333333334785136E-0008  -0.655676229982477882296E-0040   0.139638367127771191299E+0008   0.000000000000000000000E+0000
    0.291458333333337327176E+0001   0.291458333333334785136E-0008  -0.655676229982477984254E-0040   0.139638367127771191299E+0008   0.000000000000000000000E+0000
    0.291458333333337327176E+0001   0.416933265376711133997E-0008  -0.943986917279505048827E-0012   0.142114837012640424073E+0008  -0.341991679195307278860E+0004
    0.291458333333337327176E+0001   0.449557782278466724761E-0008  -0.126138892300406278595E-0011   0.142576364742137789726E+0008  -0.421038137488449592638E+0004
    0.291458333333337327176E+0001   0.499701118902855373369E-0008  -0.187481285604138811747E-0011   0.143200379915524069220E+0008  -0.557136501998340372666E+0004
    0.291458333333337327176E+0001   0.587609624193582866669E-0008  -0.315055276175049289828E-0011   0.144112532732951622456E+0008  -0.784391496835863836168E+0004
    0.291458333333337327176E+0001   0.767403227581444670564E-0008  -0.626821067212784149658E-0011   0.145526861119748353958E+0008  -0.117386395813593917410E+0005
    0.291458333333337327176E+0001   0.129597424137479160050E-0007  -0.173266192131448950137E-0010   0.148096123192935045809E+0008  -0.189643357842932964559E+0005
    0.291458333333337327176E+0001   0.334891107466773951828E-0007  -0.761345645595177724409E-0010   0.152405348712476417422E+0008  -0.325628887048855212925E+0005
    0.291458333333337327176E+0001   0.287250928902911962636E-0004  -0.124699869649307187170E-0006   0.180612040656383521855E+0008  -0.788647555013032251736E+0005
    0.291458333333337327176E+0001   0.728379864234937439427E-0002  -0.118882549514130980532E-0003   0.137409281607275381684E+0008  -0.799428731019492352061E+0004
    0.291458333333337327176E+0001   0.980601285547941931009E-0002  -0.235555184236216157666E-0003   0.138036269967606030405E+0008   0.374106483529376855586E+0005
    0.291458333333337327176E+0001   0.134810468150105937368E-0001  -0.232072770857462710916E-0003   0.137026051746106948704E+0008  -0.633208199835672076006E+0004
    0.291458333333337327176E+0001   0.165138622430050160950E-0001  -0.182561720596192229513E-0003   0.136625617508185487241E+0008  -0.139066763368228712352E+0005
    0.291458333333337327176E+0001   0.187914341322370156973E-0001  -0.130116957388878677626E-0003   0.136447115940915327519E+0008  -0.115425233868882332899E+0005
    0.291458333333337327176E+0001   0.203511810935539348699E-0001  -0.765547522398314053867E-0004   0.136343595312241241336E+0008  -0.645763913283071269689E+0004
    0.291458333333337327176E+0001   0.212376272661941034592E-0001  -0.225069264522548928120E-0004   0.136280634105300009251E+0008  -0.111579952134407562880E+0004
    0.291458333333337327176E+0001   0.214843905687767816604E-0001   0.314231952804644204709E-0004   0.136240371890355274081E+0008   0.495946388864500386262E+0004
    0.291458333333337327176E+0001   0.211190887640980255735E-0001   0.848082994321781272369E-0004   0.136216015105593502522E+0008   0.129621833538020382548E+0005
    0.291458333333337327176E+0001   0.201780283165010967950E-0001   0.135622414380292080106E-0003   0.136204746784846819937E+0008   0.234888572081504717062E+0005
    0.291458333333337327176E+0001   0.187555766979670447692E-0001   0.183197210983772622479E-0003   0.136206705275248009712E+0008   0.362261841231589351082E+0005
    0.291458333333337327176E+0001   0.170937870311162094794E-0001   0.192941159508744857322E-0003   0.136226452132876664400E+0008   0.404650065004723292077E+0005
    0.291458333333337327176E+0001   0.155045281240165366832E-0001   0.169416392648424115469E-0003   0.136277706507163774222E+0008   0.260735523168821491709E+0005
    0.291458333333337327176E+0001   0.136964902415651935963E-0001   0.153325158276780516495E-0003   0.136387795208058767021E+0008   0.621011854058964763681E+0004
    0.291458333333337327176E+0001   0.114553881957927018720E-0001   0.149514383709950645848E-0003   0.136654637017773520201E+0008  -0.216641814007053035311E+0005
    0.291458333333337327176E+0001   0.856676696116333638575E-0002   0.135237446683570197714E-0003   0.137658992965004220605E+0008  -0.556009871995853900444E+0005
    0.291458333333337327176E+0001   0.643053849009828960848E-0002   0.640363362533161471551E-0004   0.140415782294326759875E+0008  -0.283098896427897198009E+0005
    0.291458333333337327176E+0001   0.575102968861878953118E-0005   0.691207030188085587975E-0008   0.174229537820689529181E+0008   0.205093287441277861944E+0005
    0.291458333333337327176E+0001   0.225454448640547926207E-0007   0.224169761845155774738E-0010   0.150750721448518894613E+0008   0.127391153381155509123E+0005
    0.291458333333337327176E+0001   0.103323559838525465133E-0007   0.636098719783874986602E-0011   0.147137183468391224742E+0008   0.774536248327109660750E+0004
    0.291458333333337327176E+0001   0.671943397218929265269E-0008   0.276401228405071153414E-0011   0.144937382319415379316E+0008   0.524196723015535826562E+0004
    0.291458333333337327176E+0001   0.538433350386027411181E-0008   0.157500590517571415413E-0011   0.143710799438105784357E+0008   0.382307283436024454204E+0004
    0.291458333333337327176E+0001   0.469905046117338858253E-0008   0.103972244725333156640E-0011   0.142909552768275588751E+0008   0.296946790975605654239E+0004
    0.291458333333337327176E+0001   0.429417538126524496816E-0008   0.766603962272434303668E-0012   0.142354664814027119428E+0008   0.245514317943992364235E+0004
    0.291458333333337327176E+0001   0.402330669107498094461E-0008   0.622211378467332330761E-0012   0.141939208010505363345E+0008   0.217130143957996415338E+0004
    0.291458333333337327176E+0001   0.291458333333334785136E-0008  -0.655676229982477984254E-0040   0.139638367127771191299E+0008   0.000000000000000000000E+0000
    0.291458333333337327176E+0001   0.291458333333334785136E-0008  -0.655676229982477984254E-0040   0.139638367127771191299E+0008   0.000000000000000000000E+0000
    0.291458333333337327176E+0001   0.291458333333334826495E-0008  -0.655676229982482164527E-0040   0.139638367127771191299E+0008   0.000000000000000000000E+0000
    0.291458333333337327176E+0001   0.291458333333334785136E-0008  -0.655676229982477984254E-0040   0.139638367127771191299E+0008   0.000000000000000000000E+0000
    0.363750000000003970158E+0001   0.363750000000001437392E-0008  -0.818306431414873043164E-0040   0.139638367127771191299E+0008   0.000000000000000000000E+0000
    0.363750000000003970158E+0001   0.363750000000001437392E-0008  -0.818306431414873043164E-0040   0.139638367127771191299E+0008   0.000000000000000000000E+0000
    0.363750000000003970158E+0001   0.363750000000001437392E-0008  -0.818306431414873043164E-0040   0.139638367127771191299E+0008   0.000000000000000000000E+0000
    0.363750000000003970158E+0001   0.363750000000001437392E-0008  -0.818306431414873145122E-0040   0.139638367127771191299E+0008   0.000000000000000000000E+0000
    0.363750000000003970158E+0001   0.551356855625576965908E-0008  -0.126810210348897049698E-0011   0.142123530844099074602E+0008  -0.343332419316111736407E+0004
    0.363750000000003970158E+0001   0.600470654883172295747E-0008  -0.170813388489992994108E-0011   0.142587476275744624436E+0008  -0.423074055545152714330E+0004
    0.363750000000003970158E+0001   0.676183463248041620355E-0008  -0.256345542827656161236E-0011   0.143215321499688327312E+0008  -0.560356044391940122296E+0004
    0.363750000000003970158E+0001   0.809489492648313884014E-0008  -0.436233506285908458330E-0011   0.144133999110659807920E+0008  -0.789627560894814450876E+0004
    0.363750000000003970158E+0001   0.108392967825733945750E-0007  -0.883108740227723246738E-0011   0.145560937663185130805E+0008  -0.118264536468790884101E+0005
    0.363750000000003970158E+0001   0.189969918904417265593E-0007  -0.250854188778718161039E-0010   0.148155272465257588774E+0008  -0.191021606369191031263E+0005
    0.363750000000003970158E+0001   0.514592700512992313860E-0007  -0.114745999017487129889E-0009   0.152569442108100652695E+0008  -0.329610584019228044781E+0005
    0.363750000000003970158E+0001   0.511516827515619233388E-0004  -0.223091205226844553518E-0006   0.180964246506091617048E+0008  -0.797153337416698050220E+0005
    0.363750000000003970158E+0001   0.728724905026934075686E-0002  -0.118884664034783494582E-0003   0.137168122062324509025E+0008  -0.893508501511853864940E+0004
    0.363750000000003970158E+0001   0.981970506951061403167E-0002  -0.235518187413620908293E-0003   0.138494644815854709595E+0008   0.373026922635506853112E+0005
    0.363750000000003970158E+0001   0.134849946953279828388E-0001  -0.232074556825658580989E-0003   0.137185566818398889154E+0008  -0.605348849195511320431E+0004
    0.363750000000003970158E+0001   0.165163689925804171854E-0001  -0.182564259805059324760E-0003   0.136694582558788564056E+0008  -0.137582468622038850299E+0005
    0.363750000000003970158E+0001   0.187935025257692789324E-0001  -0.130118699249416049871E-0003   0.136486940137578565627E+0008  -0.114262302597816524212E+0005
    0.363750000000003970158E+0001   0.203530373167106828913E-0001  -0.765556262299551409673E-0004   0.136369975125290285796E+0008  -0.637199237602747234632E+0004
    0.363750000000003970158E+0001   0.212393674089366366053E-0001  -0.225070655654613885506E-0004   0.136300162907354682684E+0008  -0.105597656071084884388E+0004
    0.363750000000003970158E+0001   0.214860604901263158029E-0001   0.314238053970370133676E-0004   0.136256435200440473855E+0008   0.500129103925237632211E+0004
    0.363750000000003970158E+0001   0.211207167118996168298E-0001   0.848098500170998460552E-0004   0.136230767231681067497E+0008   0.129909573814326267893E+0005
    0.363750000000003970158E+0001   0.201796356881388944116E-0001   0.135625187149912324221E-0003   0.136219960126913022250E+0008   0.235070997632787766634E+0005
    0.363750000000003970158E+0001   0.187571848679338459842E-0001   0.183201488344690880880E-0003   0.136224380102159511298E+0008   0.362346948065889737336E+0005
    0.363750000000003970158E+0001   0.170954260987104811331E-0001   0.192946027831831124367E-0003   0.136249617780190482736E+0008   0.404645959446870838292E+0005
    0.363750000000003970158E+0001   0.155062573998675685971E-0001   0.169419700721492791622E-0003   0.136312066359490137547E+0008   0.260711050770296897099E+0005
    0.363750000000003970158E+0001   0.136984469094671504341E-0001   0.153326048549107620857E-0003   0.136447155445144809783E+0008   0.620274674617310665781E+0004
    0.363750000000003970158E+0001   0.114580660018411585599E-0001   0.149510135893369741633E-0003   0.136781982862013261765E+0008  -0.217162451135413284646E+0005
    0.363750000000003970158E+0001   0.857557782313298627708E-0002   0.135201905080748298934E-0003   0.138097273126915078610E+0008  -0.556054704379037939361E+0005
    0.363750000000003970158E+0001   0.645122997255581816234E-0002   0.639948123565495257834E-0004   0.139959408701990991831E+0008  -0.279144310430259865825E+0005
    0.363750000000003970158E+0001   0.102029565025648815606E-0004   0.121944543844450364623E-0007   0.174729213051087744534E+0008   0.208604170429508121742E+0005
    0.363750000000003970158E+0001   0.343193142095104019206E-0007   0.323785460805480592576E-0010   0.150843058191808462143E+0008   0.127785819667425075750E+0005
    0.363750000000003970158E+0001   0.150751680017704956738E-0007   0.886061286930784525952E-0011   0.147184793070222921669E+0008   0.776672816066693667381E+0004
    0.363750000000003970158E+0001   0.944828120979392095987E-0008   0.375185550799549706118E-0011   0.144964147696316689253E+0008   0.525320441414963806892E+0004
    0.363750000000003970158E+0001   0.738996818307571604154E-0008   0.210889543809115123075E-0011   0.143728047058188971132E+0008   0.382915763552968837757E+0004
    0.363750000000003970158E+0001   0.633948057773864972309E-0008   0.138072018251412514072E-0011   0.142921645966400038451E+0008   0.297284336162229510592E+0004
    0.363750000000003970158E+0001   0.572154350173442398742E-0008   0.101283225190173783007E-0011   0.142363740380721017718E+0008   0.245705439158079707340E+0004
    0.363750000000003970158E+0001   0.530952978020612205414E-0008   0.818985660255621554493E-0012   0.141946358795714974403E+0008   0.217238451110645610242E+0004
    0.363750000000003970158E+0001   0.363750000000001437392E-0008  -0.818306431414873145122E-0040   0.139638367127771191299E+0008   0.000000000000000000000E+0000
    0.363750000000003970158E+0001   0.363750000000001437392E-0008  -0.818306431414873145122E-0040   0.139638367127771191299E+0008   0.000000000000000000000E+0000
    0.363750000000003970158E+0001   0.363750000000001520110E-0008  -0.818306431414877325395E-0040   0.139638367127771191299E+0008   0.000000000000000000000E+0000
    0.363750000000003970158E+0001   0.363750000000001437392E-0008  -0.818306431414873145122E-0040   0.139638367127771191299E+0008   0.000000000000000000000E+0000
    0.475416666666670728603E+0001   0.475416666666668194076E-0008  -0.106951619501073435777E-0039   0.139638367127771191299E+0008   0.000000000000000000000E+0000
    0.475416666666670728603E+0001   0.475416666666668194076E-0008  -0.106951619501073435777E-0039   0.139638367127771191299E+0008   0.000000000000000000000E+0000
    0.475416666666670728603E+0001   0.475416666666668194076E-0008  -0.106951619501073435777E-0039   0.139638367127771191299E+0008   0.000000000000000000000E+0000
    0.475416666666670728603E+0001   0.475416666666668194076E-0008  -0.106951619501073435777E-0039   0.139638367127771191299E+0008   0.000000000000000000000E+0000
    0.475416666666670728603E+0001   0.759452162194119988699E-0008  -0.177210544112187574382E-0011   0.142132394742783233523E+0008  -0.345056326517720390257E+0004
    0.475416666666670728603E+0001   0.834235690120633618687E-0008  -0.240384863442014578534E-0011   0.142598836806038953364E+0008  -0.425555013374396276049E+0004
    0.475416666666670728603E+0001   0.949822584499869903739E-0008  -0.363786355877588550761E-0011   0.143230664248924758285E+0008  -0.564134156586234075803E+0004
    0.475416666666670728603E+0001   0.115409065868031677047E-0007  -0.625762299008621517805E-0011   0.144156128436842579395E+0008  -0.795613531757530927280E+0004
    0.475416666666670728603E+0001   0.157713991514165237260E-0007  -0.128556494855799548267E-0010   0.145596698718317858875E+0008  -0.119261904660415511898E+0005
    0.475416666666670728603E+0001   0.284637319302565908179E-0007  -0.373409252937480378843E-0010   0.148216457574512232095E+0008  -0.192567366522156553401E+0005
    0.475416666666670728603E+0001   0.805607561984145471411E-0007  -0.178144984213276578118E-0009   0.152783629753527790308E+0008  -0.335561355262996730744E+0005
    0.475416666666670728603E+0001   0.893239398120225958511E-0004  -0.392107154287411230617E-0006   0.181102391777558326721E+0008  -0.805434870530623011291E+0005
    0.475416666666670728603E+0001   0.728878105225206577439E-0002  -0.118885699948068659882E-0003   0.136980283517836723477E+0008  -0.965332695169861835893E+0004
    0.475416666666670728603E+0001   0.983052013719428949279E-0002  -0.235489132778492188782E-0003   0.138986146471832301468E+0008   0.372442746216495143017E+0005
    0.475416666666670728603E+0001   0.134872743621880473996E-0001  -0.232075543771055354137E-0003   0.137348529936796873808E+0008  -0.581585363893905923760E+0004
    0.475416666666670728603E+0001   0.165176894417383077207E-0001  -0.182565581549362415583E-0003   0.136764063393295481801E+0008  -0.135948939640485477867E+0005
    0.475416666666670728603E+0001   0.187945597559996437076E-0001  -0.130119579953783773719E-0003   0.136527713863049335778E+0008  -0.113015205279416004487E+0005
    0.475416666666670728603E+0001   0.203539723787015229550E-0001  -0.765560604204345825433E-0004   0.136397362651570439339E+0008  -0.628301572082696566213E+0004
    0.475416666666670728603E+0001   0.212402372339202012708E-0001  -0.225071312237290974947E-0004   0.136320698349272869527E+0008  -0.994373058244634080438E+0003
    0.475416666666670728603E+0001   0.214868919569986063789E-0001   0.314241117149207098858E-0004   0.136273486988089848310E+0008   0.504408733431029850180E+0004
    0.475416666666670728603E+0001   0.211215262825065336338E-0001   0.848106227479655230741E-0004   0.136246493741852249950E+0008   0.130203261404932600271E+0005
    0.475416666666670728603E+0001   0.201804358788221852028E-0001   0.135626568427855856511E-0003   0.136236141322505492717E+0008   0.235259554979833883408E+0005
    0.475416666666670728603E+0001   0.187579882770580394502E-0001   0.183203625468721575595E-0003   0.136243017870111260563E+0008   0.362442700638319147401E+0005
    0.475416666666670728603E+0001   0.170962505271994545664E-0001   0.192948476121525584141E-0003   0.136273718960949797183E+0008   0.404656454304357102956E+0005
    0.475416666666670728603E+0001   0.155071379676917052437E-0001   0.169421384608333167434E-0003   0.136347261183272171766E+0008   0.260674259597026466508E+0005
    0.475416666666670728603E+0001   0.136994680956782424741E-0001   0.153326512418165748861E-0003   0.136506887450690437108E+0008   0.619449280066593291849E+0004
    0.475416666666670728603E+0001   0.114595575656592264802E-0001   0.149507765897500752034E-0003   0.136911286151413861662E+0008  -0.217766199235244457668E+0005
    0.475416666666670728603E+0001   0.858242001906363641273E-0002   0.135174415257987288238E-0003   0.138567604775087498128E+0008  -0.555273446812052206951E+0005
    0.475416666666670728603E+0001   0.646235004224116407756E-0002   0.639727563944186741317E-0004   0.139596481919204108417E+0008  -0.274888576964972671703E+0005
    0.475416666666670728603E+0001   0.180173417037747493109E-0004   0.215872350946962044406E-0007   0.175193281127143837512E+0008   0.211716716045193243190E+0005
    0.475416666666670728603E+0001   0.529596510753149770944E-0007   0.482002734599779567432E-0010   0.150947723050872050226E+0008   0.128361808640961753554E+0005
    0.475416666666670728603E+0001   0.224903575044791578963E-0007   0.127806143106511710255E-0010   0.147233847293552849442E+0008   0.779672962961919347435E+0004
    0.475416666666670728603E+0001   0.136922646851796079116E-0007   0.529239484940870621844E-0011   0.144991873356541618705E+0008   0.527172232518509190413E+0004
    0.475416666666670728603E+0001   0.105015854280387895457E-0007   0.293910502098386237038E-0011   0.143745783684587720782E+0008   0.384085397072490513892E+0004
    0.475416666666670728603E+0001   0.888116676819680017011E-0008   0.191007416850974113191E-0011   0.142934042797967102379E+0008   0.298068047177363678202E+0004
    0.475416666666670728603E+0001   0.793141260864440385824E-0008   0.139465047760498722613E-0011   0.142373012266580052674E+0008   0.246268430034019593222E+0004
    0.475416666666670728603E+0001   0.729990290207193077069E-0008   0.112388840099261335804E-0011   0.141953644353628885001E+0008   0.217677085497614098131E+0004
    0.475416666666670728603E+0001   0.475416666666668194076E-0008  -0.106951619501073435777E-0039   0.139638367127771191299E+0008   0.000000000000000000000E+0000
    0.475416666666670728603E+0001   0.475416666666668194076E-0008  -0.106951619501073435777E-0039   0.139638367127771191299E+0008   0.000000000000000000000E+0000
    0.475416666666670728603E+0001   0.475416666666668276794E-0008  -0.106951619501073864000E-0039   0.139638367127771191299E+0008   0.000000000000000000000E+0000
    0.475416666666670728603E+0001   0.475416666666668194076E-0008  -0.106951619501073435777E-0039   0.139638367127771191299E+0008   0.000000000000000000000E+0000
    0.646458333333337442639E+0001   0.646458333333334779329E-0008  -0.145429831424991694786E-0039   0.139638367127771191299E+0008   0.000000000000000000000E+0000
    0.646458333333337442639E+0001   0.646458333333334779329E-0008  -0.145429831424991694786E-0039   0.139638367127771191299E+0008   0.000000000000000000000E+0000
    0.646458333333337442639E+0001   0.646458333333334779329E-0008  -0.145429831424991694786E-0039   0.139638367127771191299E+0008   0.000000000000000000000E+0000
    0.646458333333337442639E+0001   0.646458333333334779329E-0008  -0.145429831424991694786E-0039   0.139638367127771191299E+0008   0.000000000000000000000E+0000
    0.646458333333337442639E+0001   0.107891724346605619569E-0007  -0.254999285974024492853E-0011   0.142141640785435810685E+0008  -0.347039744433167334137E+0004
    0.646458333333337442639E+0001   0.119333896725650397860E-0007  -0.347915897733375085918E-0011   0.142610721456325743347E+0008  -0.428332639444150299823E+0004
    0.646458333333337442639E+0001   0.137061177620250661149E-0007  -0.530155022085249489259E-0011   0.143246794810237661004E+0008  -0.568281617168398679496E+0004
    0.646458333333337442639E+0001   0.168493173836105075047E-0007  -0.919979654813616827533E-0011   0.144179501586950104684E+0008  -0.802096379605158472259E+0004
    0.646458333333337442639E+0001   0.233965892746177386780E-0007  -0.191309669267426929063E-0010   0.145635376044312659651E+0008  -0.120352497334173131094E+0005
    0.646458333333337442639E+0001   0.431944755347171282064E-0007  -0.565629807274810157513E-0010   0.148281403906032443047E+0008  -0.194232975097445232677E+0005
    0.646458333333337442639E+0001   0.128058850458856839444E-0006  -0.283797652889777511916E-0009   0.153076370061737280339E+0008  -0.344725329336061404319E+0005
    0.646458333333337442639E+0001   0.151020927406356815937E-0003  -0.668018055957212088940E-0006   0.180921689444712847471E+0008  -0.813036403491554810898E+0005
    0.646458333333337442639E+0001   0.728948175386705515127E-0002  -0.118886203801540029203E-0003   0.136867503566560391337E+0008  -0.100067967511081551493E+0005
    0.646458333333337442639E+0001   0.983938823863592798569E-0002  -0.235465412330176915561E-0003   0.139504669144043978304E+0008   0.372545611465968468110E+0005
    0.646458333333337442639E+0001   0.134886086037450704522E-0001  -0.232076099182891045078E-0003   0.137514292963512167335E+0008  -0.561212216178725793725E+0004
    0.646458333333337442639E+0001   0.165183937177281192632E-0001  -0.182566277645107317290E-0003   0.136834282392071485519E+0008  -0.134293072236513398821E+0005
    0.646458333333337442639E+0001   0.187951076437621461546E-0001  -0.130120031156434265429E-0003   0.136569459527323041111E+0008  -0.111744536027184967679E+0005
    0.646458333333337442639E+0001   0.203544502896088295996E-0001  -0.765562791333001093144E-0004   0.136425664179145768285E+0008  -0.619189253109235414740E+0004
    0.646458333333337442639E+0001   0.212406785766656412695E-0001  -0.225071625032327700346E-0004   0.136342083581767287105E+0008  -0.930406243278788224416E+0003
    0.646458333333337442639E+0001   0.214873122860182938498E-0001   0.314242678963268018194E-0004   0.136291336167866978794E+0008   0.508901961347864198615E+0004
    0.646458333333337442639E+0001   0.211219350398142505232E-0001   0.848110137631325725245E-0004   0.136262984787628091872E+0008   0.130514930827475218393E+0005
    0.646458333333337442639E+0001   0.201808402457068838953E-0001   0.135627266935862880043E-0003   0.136253072144870702177E+0008   0.235464158389120275388E+0005
    0.646458333333337442639E+0001   0.187583955367091430311E-0001   0.183204708964216939765E-0003   0.136262401456865426153E+0008   0.362554722183825724642E+0005
    0.646458333333337442639E+0001   0.170966710577143514438E-0001   0.192949724791033301119E-0003   0.136298550907154455781E+0008   0.404681233435654285131E+0005
    0.646458333333337442639E+0001   0.155075924048167675118E-0001   0.169422253251837569765E-0003   0.136383105895980056375E+0008   0.260627985063257765432E+0005
    0.646458333333337442639E+0001   0.137000078863109830962E-0001   0.153326757137869885365E-0003   0.136566846061056461185E+0008   0.618374356322420680954E+0004
    0.646458333333337442639E+0001   0.114604005770204114140E-0001   0.149506423844971043924E-0003   0.137041580093969386071E+0008  -0.218401802062098249735E+0005
    0.646458333333337442639E+0001   0.858793028110444237044E-0002   0.135152393760811157571E-0003   0.139061305015445034951E+0008  -0.554096613329675965360E+0005
    0.646458333333337442639E+0001   0.646787920203211082193E-0002   0.639619329714367668453E-0004   0.139297538936899490654E+0008  -0.270583751457246798964E+0005
    0.646458333333337442639E+0001   0.315141572727781443634E-0004   0.379993281675224840979E-0007   0.175588435248381868005E+0008   0.214608919831905950559E+0005
    0.646458333333337442639E+0001   0.823391306951991171385E-0007   0.732503534973151199470E-0010   0.151071683161724563688E+0008   0.129133887316777290835E+0005
    0.646458333333337442639E+0001   0.339910241036329036395E-0007   0.188846112285222050696E-0010   0.147284606136385966092E+0008   0.783339144735232548555E+0004
    0.646458333333337442639E+0001   0.202391033613679820037E-0007   0.767806906298500499515E-0011   0.145020845062504671514E+0008   0.529549144127753424982E+0004
    0.646458333333337442639E+0001   0.152892919182590765120E-0007   0.422096951908394050926E-0011   0.143764191067077871412E+0008   0.385643737813119605562E+0004
    0.646458333333337442639E+0001   0.127866201789765184857E-0007   0.272599256176286902806E-0011   0.142946896153111867607E+0008   0.299155584940750122769E+0004
    0.646458333333337442639E+0001   0.113243003552801734136E-0007   0.198250744049543580652E-0011   0.142382610268280934542E+0008   0.247082687426913844320E+0004
    0.646458333333337442639E+0001   0.103542426194257171408E-0007   0.159296667819947294028E-0011   0.141961176555726248771E+0008   0.218338286220877353117E+0004
    0.646458333333337442639E+0001   0.646458333333334779329E-0008  -0.145429831424991694786E-0039   0.139638367127771191299E+0008   0.000000000000000000000E+0000
    0.646458333333337442639E+0001   0.646458333333334779329E-0008  -0.145429831424991694786E-0039   0.139638367127771191299E+0008   0.000000000000000000000E+0000
    0.646458333333337442639E+0001   0.646458333333334862047E-0008  -0.145429831424992143400E-0039   0.139638367127771191299E+0008   0.000000000000000000000E+0000
    0.646458333333337442639E+0001   0.646458333333334779329E-0008  -0.145429831424991694786E-0039   0.139638367127771191299E+0008   0.000000000000000000000E+0000
    0.907500000000004192202E+0001   0.907500000000001343303E-0008  -0.204154800414845054257E-0039   0.139638367127771191299E+0008   0.000000000000000000000E+0000
    0.907500000000004192202E+0001   0.907500000000001343303E-0008  -0.204154800414845054257E-0039   0.139638367127771191299E+0008   0.000000000000000000000E+0000
    0.907500000000004192202E+0001   0.907500000000001343303E-0008  -0.204154800414845054257E-0039   0.139638367127771191299E+0008   0.000000000000000000000E+0000
    0.907500000000004192202E+0001   0.907500000000001343303E-0008  -0.204154800414845054257E-0039   0.139638367127771191299E+0008   0.000000000000000000000E+0000
    0.907500000000004192202E+0001   0.156764831411886158952E-0007  -0.374721538984332474761E-0011   0.142151511381842922419E+0008  -0.349265867954560371800E+0004
    0.907500000000004192202E+0001   0.174308850310916666087E-0007  -0.513649528111169410577E-0011   0.142623455613102596253E+0008  -0.431402813844271076960E+0004
    0.907500000000004192202E+0001   0.201551412687929482925E-0007  -0.787059322643725876082E-0011   0.143264188359724376351E+0008  -0.572822748418637092982E+0004
    0.907500000000004192202E+0001   0.250004960744191416186E-0007  -0.137550968982592723668E-0010   0.144204864385727457702E+0008  -0.809163168248237889202E+0004
    0.907500000000004192202E+0001   0.351539078023341369796E-0007  -0.288973442019123156964E-0010   0.145678569233416728675E+0008  -0.121572048323978651752E+0005
    0.907500000000004192202E+0001   0.660624328643094596771E-0007  -0.866587329298251245706E-0010   0.148352537836978863925E+0008  -0.196062656400837004185E+0005
    0.907500000000004192202E+0001   0.207209309261075931457E-0006  -0.465570819708789523599E-0009   0.153482581201566476375E+0008  -0.359177426330098824110E+0005
    0.907500000000004192202E+0001   0.244537281159403776208E-0003  -0.109079863304718589388E-0005   0.180311494299228079617E+0008  -0.819656804851212364156E+0005
    0.907500000000004192202E+0001   0.728982849682414078829E-0002  -0.118886456379035135257E-0003   0.136859790922843851149E+0008  -0.979149384546203509672E+0004
    0.907500000000004192202E+0001   0.984697463261492364484E-0002  -0.235445168946642950474E-0003   0.140050727654398623854E+0008   0.373584430719809606671E+0005
    0.907500000000004192202E+0001   0.134894056243262880357E-0001  -0.232076419358384801591E-0003   0.137684794796870648861E+0008  -0.542838313090246356296E+0004
    0.907500000000004192202E+0001   0.165187763618702271318E-0001  -0.182566651028774563827E-0003   0.136906334126162845641E+0008  -0.132647490951545914868E+0005
    0.907500000000004192202E+0001   0.187953969915219780418E-0001  -0.130120266662765227735E-0003   0.136612729144948832691E+0008  -0.110459614265518321190E+0005
    0.907500000000004192202E+0001   0.203546992493378632594E-0001  -0.765563913588751337146E-0004   0.136455176604949533939E+0008  -0.609803390650135861506E+0004
    0.907500000000004192202E+0001   0.212409068462312972114E-0001  -0.225071775842983269633E-0004   0.136364489927397500724E+0008  -0.863284140478613380765E+0003
    0.907500000000004192202E+0001   0.214875288960018617779E-0001   0.314243491053517394517E-0004   0.136310089289615247399E+0008   0.513674830727048993140E+0004
    0.907500000000004192202E+0001   0.211221454158666450962E-0001   0.848112154799075021027E-0004   0.136280316698164958507E+0008   0.130849158079004264437E+0005
    0.907500000000004192202E+0001   0.201810485076924853165E-0001   0.135627626969986867563E-0003   0.136270823692806828767E+0008   0.235687163012355158571E+0005
    0.907500000000004192202E+0001   0.187586058913212158639E-0001   0.183205268706228686752E-0003   0.136282622610679063946E+0008   0.362682781924202208756E+0005
    0.907500000000004192202E+0001   0.170968895589026850801E-0001   0.192950373509457901323E-0003   0.136324263928680233657E+0008   0.404718547234346988262E+0005
    0.907500000000004192202E+0001   0.155078312160003770059E-0001   0.169422709526127242144E-0003   0.136419875043662693352E+0008   0.260577839678236596228E+0005
    0.907500000000004192202E+0001   0.137002983353559232294E-0001   0.153326888508930399713E-0003   0.136627590265278499573E+0008   0.617115079751108078199E+0004
    0.907500000000004192202E+0001   0.114608862573935387646E-0001   0.149505649146233646294E-0003   0.137173514722144007683E+0008  -0.219024616070817428408E+0005
    0.907500000000004192202E+0001   0.859253377200873413866E-0002   0.135134104419538361632E-0003   0.139574795489323660731E+0008  -0.552789562288872475619E+0005
    0.907500000000004192202E+0001   0.647050955716798811834E-0002   0.639568543172801631282E-0004   0.139048947475380003452E+0008  -0.266385108024907713116E+0005
    0.907500000000004192202E+0001   0.544081456432463626306E-0004   0.661540429319591090554E-0007   0.175865148862280361354E+0008   0.217410243282020455808E+0005
    0.907500000000004192202E+0001   0.128772764785171247844E-0006   0.113082836342983249351E-0009   0.151227260140929240733E+0008   0.130166129894990554021E+0005
    0.907500000000004192202E+0001   0.517730402187716060503E-0007   0.283671815442263160638E-0010   0.147337806958440635353E+0008   0.787583932088812889560E+0004
    0.907500000000004192202E+0001   0.303057972061445375371E-0007   0.113637758462452465560E-0010   0.145051630552902668715E+0008   0.532360823667837212270E+0004
    0.907500000000004192202E+0001   0.226308596726497520494E-0007   0.619518286961458640536E-0011   0.143783567290133107454E+0008   0.387515070250586450129E+0004
    0.907500000000004192202E+0001   0.187667815301198497741E-0007   0.398034716696079528881E-0011   0.142960420256162416190E+0008   0.300486908017792211467E+0004
    0.907500000000004192202E+0001   0.165152546661709593734E-0007   0.288520894358090414631E-0011   0.142392696908899229020E+0008   0.248098659166145125710E+0004
    0.907500000000004192202E+0001   0.150247539312665799646E-0007   0.231271105911424671368E-0011   0.141969085540009774268E+0008   0.219178526681320454372E+0004
    0.907500000000004192202E+0001   0.907500000000001343303E-0008  -0.204154800414845054257E-0039   0.139638367127771191299E+0008   0.000000000000000000000E+0000
    0.907500000000004192202E+0001   0.907500000000001343303E-0008  -0.204154800414845054257E-0039   0.139638367127771191299E+0008   0.000000000000000000000E+0000
    0.907500000000004192202E+0001   0.907500000000001508740E-0008  -0.204154800414845502872E-0039   0.139638367127771191299E+0008   0.000000000000000000000E+0000
    0.907500000000004192202E+0001   0.907500000000001343303E-0008  -0.204154800414845054257E-0039   0.139638367127771191299E+0008   0.000000000000000000000E+0000
    0.130333333333333740711E+0002   0.130333333333333458152E-0007  -0.293203037510392856728E-0039   0.139638367127771191299E+0008   0.000000000000000000000E+0000
    0.130333333333333740711E+0002   0.130333333333333458152E-0007  -0.293203037510392856728E-0039   0.139638367127771191299E+0008   0.000000000000000000000E+0000
    0.130333333333333740711E+0002   0.130333333333333458152E-0007  -0.293203037510392856728E-0039   0.139638367127771191299E+0008   0.000000000000000000000E+0000
    0.130333333333333740711E+0002   0.130333333333333458152E-0007  -0.293203037510392856728E-0039   0.139638367127771191299E+0008   0.000000000000000000000E+0000
    0.130333333333333740711E+0002   0.231065415604069693795E-0007  -0.557960061785541621200E-0011   0.142162229437613226473E+0008  -0.351783247569346667660E+0004
    0.130333333333333740711E+0002   0.257949117054571093637E-0007  -0.767690533376639144755E-0011   0.142637345161481164396E+0008  -0.434857230097230512911E+0004
    0.130333333333333740711E+0002   0.299790000636942703366E-0007  -0.118166145502651920375E-0010   0.143283300640663392842E+0008  -0.577935078352296659432E+0004
    0.130333333333333740711E+0002   0.374436497002649394874E-0007  -0.207725943002942417377E-0010   0.144232953546766582876E+0008  -0.817163874078368189657E+0004
    0.130333333333333740711E+0002   0.531900492432084453075E-0007  -0.440385663509992714830E-0010   0.145727839737144764513E+0008  -0.123006480442569318257E+0005
    0.130333333333333740711E+0002   0.101400967759265188522E-0006  -0.133612007646693053223E-0009   0.148432436303814779967E+0008  -0.198180669190914377396E+0005
    0.130333333333333740711E+0002   0.342651246314470915660E-0006  -0.792010228274663192578E-0009   0.154034328883038666099E+0008  -0.381539102970127132721E+0005
    0.130333333333333740711E+0002   0.375124205483408400610E-0003  -0.168844562344816027453E-0005   0.179196445843598432839E+0008  -0.825437992291919945274E+0005
    0.130333333333333740711E+0002   0.729002086133373212312E-0002  -0.118886588461924086512E-0003   0.136986291095751803368E+0008  -0.876274517372309310304E+0004
    0.130333333333333740711E+0002   0.985372975707015860691E-0002  -0.235427134055606046819E-0003   0.140626794168582540005E+0008   0.376080811173317051725E+0005
    0.130333333333333740711E+0002   0.134898899935335693512E-0001  -0.232076607248108221114E-0003   0.137862610169537402689E+0008  -0.524091835993201857491E+0004
    0.130333333333333740711E+0002   0.165189871086941081346E-0001  -0.182566854015375941173E-0003   0.136981384496657382697E+0008  -0.130966096435486906557E+0005
    0.130333333333333740711E+0002   0.187955518265710448678E-0001  -0.130120391171277777296E-0003   0.136658130731106717139E+0008  -0.109133980214305302070E+0005
    0.130333333333333740711E+0002   0.203548306218549121538E-0001  -0.765564496444698003828E-0004   0.136486255482043847442E+0008  -0.599991733176935395022E+0004
    0.130333333333333740711E+0002   0.212410264250321133284E-0001  -0.225071848796655012332E-0004   0.136388150590550005436E+0008  -0.792358239976013464911E+0003
    0.130333333333333740711E+0002   0.214876419432754039995E-0001   0.314243918888971362135E-0004   0.136329915920074321330E+0008   0.518744179802349663078E+0004
    0.130333333333333740711E+0002   0.211222550579670403925E-0001   0.848113208724333717935E-0004   0.136298628222196698189E+0008   0.131205394566605536966E+0005
    0.130333333333333740711E+0002   0.201811571114135362981E-0001   0.135627814878160480715E-0003   0.136289526702974699438E+0008   0.235926782736653658503E+0005
    0.130333333333333740711E+0002   0.187587158873179817020E-0001   0.183205561463478173220E-0003   0.136303826473371945322E+0008   0.362824093297413855908E+0005
    0.130333333333333740711E+0002   0.170970044805349302708E-0001   0.192950714675622773172E-0003   0.136351049792073350400E+0008   0.404766462745366443414E+0005
    0.130333333333333740711E+0002   0.155079582441982333219E-0001   0.169422952114674826418E-0003   0.136457869578577671200E+0008   0.260530991486480234016E+0005
    0.130333333333333740711E+0002   0.137004565291852127562E-0001   0.153326959880227401464E-0003   0.136689675689645018429E+0008   0.615850153453297843953E+0004
    0.130333333333333740711E+0002   0.114611699253670800552E-0001   0.149505195869351959793E-0003   0.137307980638008154929E+0008  -0.219591488939400587697E+0005
    0.130333333333333740711E+0002   0.859649251009244816379E-0002   0.135118472703277551963E-0003   0.140105386121266335249E+0008  -0.551488363834671763470E+0005
    0.130333333333333740711E+0002   0.647174264577630303785E-0002   0.639545059413246339431E-0004   0.138855748288402389735E+0008  -0.262471543664304772392E+0005
    0.130333333333333740711E+0002   0.920592647002973195076E-0004   0.112999765310150974206E-0006   0.175949846890237368643E+0008   0.220142189782388159074E+0005
    0.130333333333333740711E+0002   0.202439409245709942909E-0006   0.176797929518703028453E-0009   0.151432851905649155378E+0008   0.131581906254879504559E+0005
    0.130333333333333740711E+0002   0.791101281031582230217E-0007   0.430235408457810597451E-0010   0.147394375786762963980E+0008   0.792332981222797388909E+0004
    0.130333333333333740711E+0002   0.456934913527981216194E-0007   0.170284065239635186120E-0010   0.145084929928153939545E+0008   0.535551655177218617609E+0004
    0.130333333333333740711E+0002   0.338192675818469515845E-0007   0.921912313516607091933E-0011   0.143804226069847643375E+0008   0.389655843132737345513E+0004
    0.130333333333333740711E+0002   0.278666298228509158097E-0007   0.589808564873803366512E-0011   0.142974823391190636903E+0008   0.302031741916225109890E+0004
    0.130333333333333740711E+0002   0.244071524959362854045E-0007   0.426366739954414175422E-0011   0.142403419468961711973E+0008   0.249293915976509788379E+0004
    0.130333333333333740711E+0002   0.221214118082219823258E-0007   0.341090436563325598558E-0011   0.141977483694333806634E+0008   0.220179815059791462772E+0004
    0.130333333333333740711E+0002   0.130333333333333458152E-0007  -0.293203037510392856728E-0039   0.139638367127771191299E+0008   0.000000000000000000000E+0000
    0.130333333333333740711E+0002   0.130333333333333458152E-0007  -0.293203037510392856728E-0039   0.139638367127771191299E+0008   0.000000000000000000000E+0000
    0.130333333333333740711E+0002   0.130333333333333491239E-0007  -0.293203037510393346125E-0039   0.139638367127771191299E+0008   0.000000000000000000000E+0000
    0.130333333333333740711E+0002   0.130333333333333458152E-0007  -0.293203037510392856728E-0039   0.139638367127771191299E+0008   0.000000000000000000000E+0000
    0.189625000000000376588E+0002   0.189625000000000118077E-0007  -0.426587923180881831609E-0039   0.139638367127771191299E+0008   0.000000000000000000000E+0000
    0.189625000000000376588E+0002   0.189625000000000118077E-0007  -0.426587923180881831609E-0039   0.139638367127771191299E+0008   0.000000000000000000000E+0000
    0.189625000000000376588E+0002   0.189625000000000118077E-0007  -0.426587923180881831609E-0039   0.139638367127771191299E+0008   0.000000000000000000000E+0000
    0.189625000000000376588E+0002   0.189625000000000118077E-0007  -0.426587923180881831609E-0039   0.139638367127771191299E+0008   0.000000000000000000000E+0000
    0.189625000000000376588E+0002   0.342673562351997208174E-0007  -0.835309575496230091415E-0011   0.142173969022097662091E+0008  -0.354678420724984107437E+0004
    0.189625000000000376588E+0002   0.383692425025536030400E-0007  -0.115285258857150625803E-0010   0.142652632420852333307E+0008  -0.438845908811977278674E+0004
    0.189625000000000376588E+0002   0.447686384109433473194E-0007  -0.178135322589739689864E-0010   0.143304492431015055627E+0008  -0.583891194637874468754E+0004
    0.189625000000000376588E+0002   0.562217368374772582196E-0007  -0.314740851143322790110E-0010   0.144264364304753951728E+0008  -0.826615529757546755718E+0004
    0.189625000000000376588E+0002   0.805672252806423227010E-0007  -0.673133295841605842905E-0010   0.145784335779910925776E+0008  -0.124767840060291127884E+0005
    0.189625000000000376588E+0002   0.155481077058560366412E-0006  -0.206281127828572313456E-0009   0.148523364503579679877E+0008  -0.200766523405300795275E+0005
    0.189625000000000376588E+0002   0.580753961285869785917E-0006  -0.140625377629797412081E-0008   0.154748711644783075899E+0008  -0.413748238336657523178E+0005
    0.189625000000000376588E+0002   0.541245580443843366143E-0003  -0.245979826903728904805E-0005   0.177585513894112780690E+0008  -0.831225325383351300843E+0005
    0.189625000000000376588E+0002   0.729014380152876936836E-0002  -0.118886659385608356877E-0003   0.137263323348718937486E+0008  -0.676676137714071592200E+0004
    0.189625000000000376588E+0002   0.985998582614686092107E-0002  -0.235410344742146963350E-0003   0.141234502941832076758E+0008   0.380813888776507737930E+0005
    0.189625000000000376588E+0002   0.134901890963001203083E-0001  -0.232076718748969119998E-0003   0.138050161316009834409E+0008  -0.501674911254128073779E+0004
    0.189625000000000376588E+0002   0.165191044286087593274E-0001  -0.182566965467045503289E-0003   0.137060372594798766077E+0008  -0.129149268629409343703E+0005
    0.189625000000000376588E+0002   0.187956354816043481881E-0001  -0.130120457584666292077E-0003   0.136706150340896081179E+0008  -0.107718385027291878941E+0005
    0.189625000000000376588E+0002   0.203549005718154374378E-0001  -0.765564801550178272369E-0004   0.136519188568936083466E+0008  -0.589547818774098595895E+0004
    0.189625000000000376588E+0002   0.212410896128730590504E-0001  -0.225071883963882147801E-0004   0.136413257583772242069E+0008  -0.717047478172428327525E+0003
    0.189625000000000376588E+0002   0.214877014456473364179E-0001   0.314244146317750974208E-0004   0.136350957494247239083E+0008   0.524110688619179018133E+0004
    0.189625000000000376588E+0002   0.211223126810127156960E-0001   0.848113764090913807309E-0004   0.136318034621711578220E+0008   0.131582600997152439959E+0005
    0.189625000000000376588E+0002   0.201812142167459226960E-0001   0.135627913772377081247E-0003   0.136309286217554677278E+0008   0.236182477054442861117E+0005
    0.189625000000000376588E+0002   0.187587738798677509944E-0001   0.183205715850221742720E-0003   0.136326122246558908373E+0008   0.362978828019887005212E+0005
    0.189625000000000376588E+0002   0.170970654225095532175E-0001   0.192950895580678465687E-0003   0.136379042027510832995E+0008   0.404826957873794308398E+0005
    0.189625000000000376588E+0002   0.155080263772805031219E-0001   0.169423082172066196598E-0003   0.136497294573758151382E+0008   0.260496668290293273458E+0005
    0.189625000000000376588E+0002   0.137005434328510700137E-0001   0.153326998993865944772E-0003   0.136753485960939209908E+0008   0.614767920921494805953E+0004
    0.189625000000000376588E+0002   0.114613373409447310419E-0001   0.149504927972956408715E-0003   0.137445782774977050722E+0008  -0.220072615649403742282E+0005
    0.189625000000000376588E+0002   0.859997528243086964417E-0002   0.135104804734366694841E-0003   0.140650253009650986642E+0008  -0.550263106019080878468E+0005
    0.189625000000000376588E+0002   0.647233270318208799010E-0002   0.639533966670393462040E-0004   0.138736805615122728050E+0008  -0.259096814819961655303E+0005
    0.189625000000000376588E+0002   0.150939867781375673932E-0003   0.187173825194024020008E-0006   0.175750928128694258630E+0008   0.222748719823254796211E+0005
    0.189625000000000376588E+0002   0.319705442945231572934E-0006   0.279385041364424633569E-0009   0.151712191778593249619E+0008   0.133587991421963906760E+0005
    0.189625000000000376588E+0002   0.120665790562669437645E-0006   0.654347940966087263559E-0010   0.147455385516309570521E+0008   0.797546390008731759735E+0004
    0.189625000000000376588E+0002   0.689453204327638060004E-0007   0.256400832179052849932E-0010   0.145121530455508995801E+0008   0.539097302834584661468E+0004
    0.189625000000000376588E+0002   0.506686454736599088625E-0007   0.137989814314793067984E-0010   0.143826475837907735258E+0008   0.392039067652527000973E+0004
    0.189625000000000376588E+0002   0.415483541509337434192E-0007   0.879689469102300178112E-0011   0.142990294105831310153E+0008   0.303771350057242352705E+0004
    0.189625000000000376588E+0002   0.362613174761136542207E-0007   0.634472494448565989971E-0011   0.142414900964521020651E+0008   0.250655116962889496790E+0004
    0.189625000000000376588E+0002   0.327746247459243249408E-0007   0.506747987860814735244E-0011   0.141986459152285866439E+0008   0.221332248750063035914E+0004
    0.189625000000000376588E+0002   0.189625000000000118077E-0007  -0.426587923180881831609E-0039   0.139638367127771191299E+0008   0.000000000000000000000E+0000
    0.189625000000000376588E+0002   0.189625000000000118077E-0007  -0.426587923180881831609E-0039   0.139638367127771191299E+0008   0.000000000000000000000E+0000
    0.189625000000000376588E+0002   0.189625000000000151164E-0007  -0.426587923180882321007E-0039   0.139638367127771191299E+0008   0.000000000000000000000E+0000
    0.189625000000000376588E+0002   0.189625000000000118077E-0007  -0.426587923180881831609E-0039   0.139638367127771191299E+0008   0.000000000000000000000E+0000
    0.276666666666667033780E+0002   0.276666666666666761791E-0007  -0.622400309804670544947E-0039   0.139638367127771191299E+0008   0.000000000000000000000E+0000
    0.276666666666667033780E+0002   0.276666666666666761791E-0007  -0.622400309804670544947E-0039   0.139638367127771191299E+0008   0.000000000000000000000E+0000
    0.276666666666667033780E+0002   0.276666666666666761791E-0007  -0.622400309804670544947E-0039   0.139638367127771191299E+0008   0.000000000000000000000E+0000
    0.276666666666667033780E+0002   0.276666666666666761791E-0007  -0.622400309804670544947E-0039   0.139638367127771191299E+0008   0.000000000000000000000E+0000
    0.276666666666667033780E+0002   0.507023066268102287277E-0007  -0.124730616052566938989E-0010   0.142186813898499570787E+0008  -0.358038743672138571128E+0004
    0.276666666666667033780E+0002   0.569031240013756111671E-0007  -0.172612676053589528545E-0010   0.142669437413320560008E+0008  -0.443518360103481336409E+0004
    0.276666666666667033780E+0002   0.666021034448795506501E-0007  -0.267644680120244860755E-0010   0.143327937712766695768E+0008  -0.590956297426201490453E+0004
    0.276666666666667033780E+0002   0.840191786458063375760E-0007  -0.475130364468968376242E-0010   0.144299394128097426146E+0008  -0.838016761630037763098E+0004
    0.276666666666667033780E+0002   0.121370829332320006753E-0006  -0.102540987648943026679E-0009   0.145848439575336668640E+0008  -0.126947165815305124852E+0005
    0.276666666666667033780E+0002   0.236833020643159138269E-0006  -0.317120158067066653876E-0009   0.148626727047887425870E+0008  -0.204001334541269388865E+0005
    0.276666666666667033780E+0002   0.100787157675998923187E-0005  -0.260543485992849551532E-0008   0.155619114833410587162E+0008  -0.454971830207765960949E+0005
    0.276666666666667033780E+0002   0.733958751560304274719E-0003  -0.337070403289136325252E-0005   0.175583951742898412049E+0008  -0.838390674839548009913E+0005
    0.276666666666667033780E+0002   0.729023519886277948654E-0002  -0.118886695729282764735E-0003   0.137686733401999399066E+0008  -0.395399698916785791880E+0004
    0.276666666666667033780E+0002   0.986600786333708887343E-0002  -0.235393992134101925342E-0003   0.141871923427258394659E+0008   0.388500317011619044933E+0005
    0.276666666666667033780E+0002   0.134903768896502407326E-0001  -0.232076785188279282419E-0003   0.138249072161344755441E+0008  -0.471952819061058653460E+0004
    0.276666666666667033780E+0002   0.165191703881057069814E-0001  -0.182567027166308118533E-0003   0.137143750591932293028E+0008  -0.127088506772115724743E+0005
    0.276666666666667033780E+0002   0.187956810598222980035E-0001  -0.130120493263818090904E-0003   0.136756999590576924384E+0008  -0.106161179260740263999E+0005
    0.276666666666667033780E+0002   0.203549381002494401971E-0001  -0.765564962229342744777E-0004   0.136554089904951192439E+0008  -0.578276633358983144717E+0004
    0.276666666666667033780E+0002   0.212411232425286887471E-0001  -0.225071900766423493932E-0004   0.136439879531543478370E+0008  -0.636859642565867602571E+0003
    0.276666666666667033780E+0002   0.214877329821671347876E-0001   0.314244268109827045886E-0004   0.136373258466828409582E+0008   0.529779579146084415697E+0004
    0.276666666666667033780E+0002   0.211223431710301536024E-0001   0.848114058774042617415E-0004   0.136338566322195567191E+0008   0.131981629451084718312E+0005
    0.276666666666667033780E+0002   0.201812444451600209172E-0001   0.135627966172258390253E-0003   0.136330124117872901261E+0008   0.236456891863909004314E+0005
    0.276666666666667033780E+0002   0.187588046594809459977E-0001   0.183205797814093033962E-0003   0.136349527137682307512E+0008   0.363151263905148225604E+0005
    0.276666666666667033780E+0002   0.170970979573764128578E-0001   0.192950992155823102675E-0003   0.136408259279278870672E+0008   0.404905602787265306688E+0005
    0.276666666666667033780E+0002   0.155080631749585709511E-0001   0.169423152386637495713E-0003   0.136538196206072159111E+0008   0.260483214913928713941E+0005
    0.276666666666667033780E+0002   0.137005915245873473307E-0001   0.153327020595113211378E-0003   0.136819157248029578477E+0008   0.613971340074126874242E+0004
    0.276666666666667033780E+0002   0.114614370896749424855E-0001   0.149504768199175506072E-0003   0.137587426432636454701E+0008  -0.220465018851786808227E+0005
    0.276666666666667033780E+0002   0.860309704499025856839E-0002   0.135092627265307309390E-0003   0.141205968970659114420E+0008  -0.549176415439003612846E+0005
    0.276666666666667033780E+0002   0.647263227552185779756E-0002   0.639528397382248926057E-0004   0.138716134156411532313E+0008  -0.256583645311545114964E+0005
    0.276666666666667033780E+0002   0.236560662973067854266E-0003   0.296486810860267147731E-0006   0.175185624566817320883E+0008   0.225168232864331366727E+0005
    0.276666666666667033780E+0002   0.506671290042450953026E-0006   0.445610461908943074328E-0009   0.152089174051545839757E+0008   0.136470936040113556373E+0005
    0.276666666666667033780E+0002   0.182653804198859320638E-0006   0.990807031961013692398E-0010   0.147521920160378497094E+0008   0.803272614272988630546E+0004
    0.276666666666667033780E+0002   0.103411632568897411909E-0006   0.384905939610132730462E-0010   0.145162161884634140879E+0008   0.543028069413126922882E+0004
    0.276666666666667033780E+0002   0.755480531394210569410E-0007   0.206037332044945522229E-0010   0.143850572420468758792E+0008   0.394662064023556058601E+0004
    0.276666666666667033780E+0002   0.617145706919226020338E-0007   0.130950127993839010546E-0010   0.143006971980291400105E+0008   0.305698649184478790630E+0004
    0.276666666666667033780E+0002   0.537155340823401850251E-0007   0.942632759579269415602E-0011   0.142427221952339876443E+0008   0.252174589483835370629E+0004
    0.276666666666667033780E+0002   0.484502802559561350819E-0007   0.751843428113210187399E-0011   0.141996062675319164991E+0008   0.222628742912270081433E+0004
    0.276666666666667033780E+0002   0.276666666666666761791E-0007  -0.622400309804670544947E-0039   0.139638367127771191299E+0008   0.000000000000000000000E+0000
    0.276666666666667033780E+0002   0.276666666666666761791E-0007  -0.622400309804670544947E-0039   0.139638367127771191299E+0008   0.000000000000000000000E+0000
    0.276666666666667033780E+0002   0.276666666666666827965E-0007  -0.622400309804671115912E-0039   0.139638367127771191299E+0008   0.000000000000000000000E+0000
    0.276666666666667033780E+0002   0.276666666666666761791E-0007  -0.622400309804670544947E-0039   0.139638367127771191299E+0008   0.000000000000000000000E+0000
    0.398062500000000341061E+0002   0.398062500000000127505E-0007  -0.895497192728753199585E-0039   0.139638367127771191299E+0008   0.000000000000000000000E+0000
    0.398062500000000341061E+0002   0.398062500000000127505E-0007  -0.895497192728753199585E-0039   0.139638367127771191299E+0008   0.000000000000000000000E+0000
    0.398062500000000341061E+0002   0.398062500000000127505E-0007  -0.895497192728753199585E-0039   0.139638367127771191299E+0008   0.000000000000000000000E+0000
    0.398062500000000341061E+0002   0.398062500000000193679E-0007  -0.895497192728753362718E-0039   0.139638367127771191299E+0008   0.000000000000000000000E+0000
    0.398062500000000341061E+0002   0.737001264876490821983E-0007  -0.182955426604221474786E-0010   0.142200449513383451849E+0008  -0.361826797389104331160E+0004
    0.398062500000000341061E+0002   0.828648287229134434673E-0007  -0.253815364503220968608E-0010   0.142687350371003597975E+0008  -0.448837988651969953935E+0004
    0.398062500000000341061E+0002   0.972388906845974251371E-0007  -0.394849623102420606024E-0010   0.143353049307336825877E+0008  -0.599090599809684499633E+0004
    0.398062500000000341061E+0002   0.123143442432179339208E-0006  -0.704174889709215436724E-0010   0.144337164233956392854E+0008  -0.851339080667532653024E+0004
    0.398062500000000341061E+0002   0.179242919104054222006E-0006  -0.153425870926715502073E-0009   0.145918185510779228061E+0008  -0.129512122002763262572E+0005
    0.398062500000000341061E+0002   0.353427505741272583267E-0006  -0.478670088446982203613E-0009   0.148740360448767766356E+0008  -0.207918016547902443563E+0005
    0.398062500000000341061E+0002   0.175985973877234617417E-0005  -0.491426891964969188042E-0008   0.156594846564748790115E+0008  -0.499718537647237099009E+0005
    0.398062500000000341061E+0002   0.936499363812420436079E-0003  -0.434911300548858475719E-0005   0.173396671042052060366E+0008  -0.847812298645635746652E+0005
    0.398062500000000341061E+0002   0.729031186978427829526E-0002  -0.118886709382670402880E-0003   0.138221073536788932979E+0008  -0.920313480478761448467E+0003
    0.398062500000000341061E+0002   0.987189429172566357273E-0002  -0.235377701108501976874E-0003   0.142519083492402452976E+0008   0.398996585597452503862E+0005
    0.398062500000000341061E+0002   0.134904950657525092572E-0001  -0.232076824031757385485E-0003   0.138455519865044541657E+0008  -0.432791198772330699285E+0004
    0.398062500000000341061E+0002   0.165192073103125752764E-0001  -0.182567061095696388847E-0003   0.137229590170990973711E+0008  -0.124772201533586103324E+0005
    0.398062500000000341061E+0002   0.187957057504388735936E-0001  -0.130120512292160469235E-0003   0.136809462479961775243E+0008  -0.104471200308358165785E+0005
    0.398062500000000341061E+0002   0.203549581044310534672E-0001  -0.765565046157855755727E-0004   0.136590107255890835077E+0008  -0.566353361440615117317E+0004
    0.398062500000000341061E+0002   0.212411410185139280793E-0001  -0.225071908580237109172E-0004   0.136467357773372475058E+0008  -0.553465091816194899366E+0003
    0.398062500000000341061E+0002   0.214877495787994740595E-0001   0.314244332895614593253E-0004   0.136396262805996146053E+0008   0.535629262615368224942E+0004
    0.398062500000000341061E+0002   0.211223591882936552466E-0001   0.848114214033123491304E-0004   0.136359709882338270545E+0008   0.132395447768257618009E+0005
    0.398062500000000341061E+0002   0.201812603302557458385E-0001   0.135627993737094112384E-0003   0.136351520427350103855E+0008   0.236747401225409921608E+0005
    0.398062500000000341061E+0002   0.187588208767173018898E-0001   0.183205841013405000117E-0003   0.136373461809725482017E+0008   0.363341961858676149859E+0005
    0.398062500000000341061E+0002   0.170971152004849857864E-0001   0.192951043339569932320E-0003   0.136437990578601304442E+0008   0.405004506857930828119E+0005
    0.398062500000000341061E+0002   0.155080829072452679174E-0001   0.169423190026507638952E-0003   0.136579615927334614098E+0008   0.260492585372387293319E+0005
    0.398062500000000341061E+0002   0.137006179555226349775E-0001   0.153327032448329699139E-0003   0.136885244612060394138E+0008   0.613433058660141250584E+0004
    0.398062500000000341061E+0002   0.114614962176392692905E-0001   0.149504673434191831180E-0003   0.137730076801304556429E+0008  -0.220789528138007080997E+0005
    0.398062500000000341061E+0002   0.860588647358097660889E-0002   0.135081808159820317833E-0003   0.141757702991039194167E+0008  -0.548326286495162712527E+0005
    0.398062500000000341061E+0002   0.647279678368033010993E-0002   0.639525363667677460965E-0004   0.138808016124708745629E+0008  -0.255234983447845552291E+0005
    0.398062500000000341061E+0002   0.347868672090443612106E-0003   0.440665151162069352594E-0006   0.174244895900836512446E+0008   0.227375122771122332779E+0005
    0.398062500000000341061E+0002   0.797121170318393215611E-0006   0.709666650890426075057E-0009   0.152567911403911858797E+0008   0.140420806671609207115E+0005
    0.398062500000000341061E+0002   0.270616227325944414739E-0006   0.147159089910467486275E-0009   0.147593351644175592810E+0008   0.809533178726053847640E+0004
    0.398062500000000341061E+0002   0.151995129245025558638E-0006   0.567369637761313814979E-0010   0.145206343304481711239E+0008   0.547341284304331293242E+0004
    0.398062500000000341061E+0002   0.110463585212408710899E-0006   0.302178779545236937623E-0010   0.143876127004978246987E+0008   0.397492156121160724069E+0004
    0.398062500000000341061E+0002   0.899611209352871422824E-0007   0.191541247677676952561E-0010   0.143024551229981631041E+0008   0.307776857138418336035E+0004
    0.398062500000000341061E+0002   0.781358060705176534904E-0007   0.137645156717662548547E-0010   0.142440137369101792574E+0008   0.253816213876795700344E+0004
    0.398062500000000341061E+0002   0.703667643733467402159E-0007   0.109657840642455329206E-0010   0.142006091048628930002E+0008   0.224034427883747684973E+0004
    0.398062500000000341061E+0002   0.398062500000000193679E-0007  -0.895497192728753362718E-0039   0.139638367127771191299E+0008   0.000000000000000000000E+0000
    0.398062500000000341061E+0002   0.398062500000000193679E-0007  -0.895497192728753362718E-0039   0.139638367127771191299E+0008   0.000000000000000000000E+0000
    0.398062500000000341061E+0002   0.398062500000000259853E-0007  -0.895497192728753688983E-0039   0.139638367127771191299E+0008   0.000000000000000000000E+0000
    0.398062500000000341061E+0002   0.398062500000000193679E-0007  -0.895497192728753362718E-0039   0.139638367127771191299E+0008   0.000000000000000000000E+0000
    0.562395833333333712289E+0002   0.562395833333333542693E-0007  -0.126518797915490121108E-0038   0.139638367127771191299E+0008   0.000000000000000000000E+0000
    0.562395833333333712289E+0002   0.562395833333333542693E-0007  -0.126518797915490121108E-0038   0.139638367127771191299E+0008   0.000000000000000000000E+0000
    0.562395833333333712289E+0002   0.562395833333333542693E-0007  -0.126518797915490121108E-0038   0.139638367127771191299E+0008   0.000000000000000000000E+0000
    0.562395833333333712289E+0002   0.562395833333333608867E-0007  -0.126518797915490137421E-0038   0.139638367127771191299E+0008   0.000000000000000000000E+0000
    0.562395833333333712289E+0002   0.104941730227680260138E-0006  -0.262921141732177427614E-0010   0.142214789742557127029E+0008  -0.366015944564664914651E+0004
    0.562395833333333712289E+0002   0.118171893746143001743E-0006  -0.365628072957993339473E-0010   0.142706253056646585464E+0008  -0.454767074567693634890E+0004
    0.562395833333333712289E+0002   0.138981784837166499698E-0006  -0.570655894949499911786E-0010   0.143379632143060602248E+0008  -0.608227971288357093727E+0004
    0.562395833333333712289E+0002   0.176626619022367815704E-0006  -0.102248018278481793605E-0009   0.144377347892397064716E+0008  -0.866469962478187517263E+0004
    0.562395833333333712289E+0002   0.259014633002125853250E-0006  -0.225028687371628178946E-0009   0.145992561327978372574E+0008  -0.132406136229853927944E+0005
    0.562395833333333712289E+0002   0.516033637425396205645E-0006  -0.708464624175000949942E-0009   0.148863730286244768649E+0008  -0.212527059796796420414E+0005
    0.562395833333333712289E+0002   0.307237379980448726858E-0005  -0.928478998784129797169E-0008   0.157633873803585208952E+0008  -0.542194315431430586614E+0005
    0.562395833333333712289E+0002   0.113877064304488198609E-0002  -0.535107969869372352366E-0005   0.171164444896562807262E+0008  -0.859256293145983509021E+0005
    0.562395833333333712289E+0002   0.729038474353689049112E-0002  -0.118886707018861384564E-0003   0.138832206142665352672E+0008   0.170676823720512993532E+0004
    0.562395833333333712289E+0002   0.987788710299905559076E-0002  -0.235360706251477760746E-0003   0.143167417641494553536E+0008   0.411278942456422228133E+0005
    0.562395833333333712289E+0002   0.134905724936421750337E-0001  -0.232076846969779987699E-0003   0.138670010130901597440E+0008  -0.382916529930436990981E+0004
    0.562395833333333712289E+0002   0.165192287042574617595E-0001  -0.182567080363493056908E-0003   0.137317609893647581339E+0008  -0.122221920926017501188E+0005
    0.562395833333333712289E+0002   0.187957195832791044976E-0001  -0.130120522771462248865E-0003   0.136863358905554264784E+0008  -0.102661699350254511955E+0005
    0.562395833333333712289E+0002   0.203549691265950370711E-0001  -0.765565091403073104924E-0004   0.136627110010790769011E+0008  -0.553875449602974731533E+0004
    0.562395833333333712289E+0002   0.212411507285366688014E-0001  -0.225071912243262565317E-0004   0.136495594708917867392E+0008  -0.467347188737753015175E+0003
    0.562395833333333712289E+0002   0.214877586035678858067E-0001   0.314244368511584537583E-0004   0.136419894579131361097E+0008   0.541647730877762114687E+0004
    0.562395833333333712289E+0002   0.211223678816382549883E-0001   0.848114298555559741836E-0004   0.136381404527115765959E+0008   0.132824777366219004762E+0005
    0.562395833333333712289E+0002   0.201812689541500736579E-0001   0.135628008718371669862E-0003   0.136373426364076212049E+0008   0.237055283328931982396E+0005
    0.562395833333333712289E+0002   0.187588297036448692356E-0001   0.183205864535249086326E-0003   0.136397889737880937755E+0008   0.363551626428704475984E+0005
    0.562395833333333712289E+0002   0.170971246408473942502E-0001   0.192951071363261481050E-0003   0.136468218402143958956E+0008   0.405122124372719918028E+0005
    0.562395833333333712289E+0002   0.155080938379995002252E-0001   0.169423210872243041551E-0003   0.136621579394087586552E+0008   0.260518227044418927107E+0005
    0.562395833333333712289E+0002   0.137006329619501696082E-0001   0.153327039169581834724E-0003   0.136951894388944990933E+0008   0.612991635500049414986E+0004
    0.562395833333333712289E+0002   0.114615324658709979988E-0001   0.149504615317025315712E-0003   0.137874454037135373801E+0008  -0.221097268702512046730E+0005
    0.562395833333333712289E+0002   0.860845203201644759705E-0002   0.135071908728606803005E-0003   0.142305043200382497162E+0008  -0.547782684511709376238E+0005
    0.562395833333333712289E+0002   0.647289996991641872204E-0002   0.639523468781666529779E-0004   0.139009844680048916489E+0008  -0.255056902467706568132E+0005
    0.562395833333333712289E+0002   0.480395976096559642384E-0003   0.615056309717870859668E-0006   0.172981067301603592932E+0008   0.229509983759774695500E+0005
    0.562395833333333712289E+0002   0.124633633044252781387E-0005   0.113005223370990592453E-0008   0.153145223727384880185E+0008   0.145511551442448489979E+0005
    0.562395833333333712289E+0002   0.391931064662383402356E-0006   0.213977677124087629320E-0009   0.147670298174818828702E+0008   0.816533949469622530160E+0004
    0.562395833333333712289E+0002   0.218526672074049509478E-0006   0.819246179813582473517E-0010   0.145254178594521060586E+0008   0.552143524682385668712E+0004
    0.562395833333333712289E+0002   0.158041976588198074013E-0006   0.434140005361914532861E-0010   0.143903217531119007617E+0008   0.400574525914058631315E+0004
    0.562395833333333712289E+0002   0.128372008208184348935E-0006   0.274505273905885557573E-0010   0.143043062424080148339E+0008   0.310023040968358100145E+0004
    0.562395833333333712289E+0002   0.111303365489292818493E-0006   0.196957443670687373722E-0010   0.142453661343141980469E+0008   0.255583636349034895829E+0004
    0.562395833333333712289E+0002   0.100111449959924892739E-0006   0.156746711502601541093E-0010   0.142016546544557604939E+0008   0.225546019598631210101E+0004
    0.562395833333333712289E+0002   0.562395833333333608867E-0007  -0.126518797915490137421E-0038   0.139638367127771191299E+0008   0.000000000000000000000E+0000
    0.562395833333333712289E+0002   0.562395833333333608867E-0007  -0.126518797915490137421E-0038   0.139638367127771191299E+0008   0.000000000000000000000E+0000
    0.562395833333333712289E+0002   0.562395833333333675042E-0007  -0.126518797915490170048E-0038   0.139638367127771191299E+0008   0.000000000000000000000E+0000
    0.562395833333333712289E+0002   0.562395833333333608867E-0007  -0.126518797915490137421E-0038   0.139638367127771191299E+0008   0.000000000000000000000E+0000
    0.782375000000000397904E+0002   0.782375000000000280778E-0007  -0.176006183994010616355E-0038   0.139638367127771191299E+0008   0.000000000000000000000E+0000
    0.782375000000000397904E+0002   0.782375000000000280778E-0007  -0.176006183994010616355E-0038   0.139638367127771191299E+0008   0.000000000000000000000E+0000
    0.782375000000000397904E+0002   0.782375000000000280778E-0007  -0.176006183994010616355E-0038   0.139638367127771191299E+0008   0.000000000000000000000E+0000
    0.782375000000000397904E+0002   0.782375000000000413126E-0007  -0.176006183994010648982E-0038   0.139638367127771191299E+0008   0.000000000000000000000E+0000
    0.782375000000000397904E+0002   0.146917520343192972804E-0006  -0.371647281309613087564E-0010   0.142229928525060210377E+0008  -0.370594019721365066289E+0004
    0.782375000000000397904E+0002   0.165666264954460601436E-0006  -0.518090555994760627261E-0010   0.142726264068688545376E+0008  -0.461276772182182412507E+0004
    0.782375000000000397904E+0002   0.195245539303340255084E-0006  -0.811353062686340723430E-0010   0.143407823347995895892E+0008  -0.618301533648940130661E+0004
    0.782375000000000397904E+0002   0.248970481441772452099E-0006  -0.146093518760166793066E-0009   0.144420115355576928705E+0008  -0.883266758019660483114E+0004
    0.782375000000000397904E+0002   0.367876628720152420945E-0006  -0.324958840129216039415E-0009   0.146071528508489821106E+0008  -0.135572456324114373274E+0005
    0.782375000000000397904E+0002   0.740883455298022918077E-0006  -0.103346887255672995084E-0008   0.148998268853086922318E+0008  -0.217850959551734013075E+0005
    0.782375000000000397904E+0002   0.536762184328309091091E-0005  -0.174492043252829642364E-0007   0.158709320553338527679E+0008  -0.578805510046726631117E+0005
    0.782375000000000397904E+0002   0.133747377432459537555E-0002  -0.636208516799892259707E-0005   0.168948003594046644866E+0008  -0.871087985120086523239E+0005
    0.782375000000000397904E+0002   0.729046214686959910545E-0002  -0.118886691897007284709E-0003   0.139499921206844635308E+0008   0.354782728634357317787E+0004
    0.782375000000000397904E+0002   0.988429288075672388136E-0002  -0.235342065312346931764E-0003   0.143814219950175210834E+0008   0.423460822827871452319E+0005
    0.782375000000000397904E+0002   0.134906261518090431206E-0001  -0.232076860701494321016E-0003   0.138895707908708620816E+0008  -0.322082974201918523249E+0004
    0.782375000000000397904E+0002   0.165192417218271020429E-0001  -0.182567091828760594361E-0003   0.137408536029019225389E+0008  -0.119497424381635519239E+0005
    0.782375000000000397904E+0002   0.187957277140986811492E-0001  -0.130120528817994230569E-0003   0.136919166228686291724E+0008  -0.100758708009685051366E+0005
    0.782375000000000397904E+0002   0.203549754949810882132E-0001  -0.765565116943710418339E-0004   0.136665433685049135238E+0008  -0.540951267602359348530E+0004
    0.782375000000000397904E+0002   0.212411562890052543762E-0001  -0.225071913983372730382E-0004   0.136524861404016371816E+0008  -0.378626157475900924965E+0003
    0.782375000000000397904E+0002   0.214877637474756508218E-0001   0.314244389039398198732E-0004   0.136444396927339024842E+0008   0.547864343878733598103E+0004
    0.782375000000000397904E+0002   0.211223728269092463072E-0001   0.848114346788255519735E-0004   0.136403891505837645382E+0008   0.133273025507074471534E+0005
    0.782375000000000397904E+0002   0.201812738610028935549E-0001   0.135628017252506765516E-0003   0.136396105966690853238E+0008   0.237382389143051586871E+0005
    0.782375000000000397904E+0002   0.187588347389405982191E-0001   0.183205877958853545224E-0003   0.136423129809308350086E+0008   0.363779467077522422187E+0005
    0.782375000000000397904E+0002   0.170971300578579982199E-0001   0.192951087444984158755E-0003   0.136499369350387565792E+0008   0.405253790988472755998E+0005
    0.782375000000000397904E+0002   0.155081001851566507854E-0001   0.169423222974312957410E-0003   0.136664725098119340837E+0008   0.260549344291940069525E+0005
    0.782375000000000397904E+0002   0.137006418951705170872E-0001   0.153327043165633642319E-0003   0.137020201607922781259E+0008   0.612446915840180281521E+0004
    0.782375000000000397904E+0002   0.114615558140964586553E-0001   0.149504577867739564274E-0003   0.138023376326282918453E+0008  -0.221445399595938179118E+0005
    0.782375000000000397904E+0002   0.861092337459671425259E-0002   0.135062416104477400931E-0003   0.142855559200765788555E+0008  -0.547593826724686296075E+0005
    0.782375000000000397904E+0002   0.647297487544278536686E-0002   0.639522094206092722246E-0004   0.139312760845183916390E+0008  -0.255782070245665017865E+0005
    0.782375000000000397904E+0002   0.629052673903354297308E-0003   0.814136887721173109135E-0006   0.171464221015777364373E+0008   0.231788831385911216785E+0005
    0.782375000000000397904E+0002   0.195035638758000525351E-0005   0.181222586745469749183E-0008   0.153816459355464875698E+0008   0.151644384490417814959E+0005
    0.782375000000000397904E+0002   0.557650655556455132506E-0006   0.306048454979412339522E-0009   0.147754336198370568454E+0008   0.824594198089663404971E+0004
    0.782375000000000397904E+0002   0.308713139167940396227E-0006   0.116374264237489590141E-0009   0.145306255711681954563E+0008   0.557599243965981622750E+0004
    0.782375000000000397904E+0002   0.222182396166081830708E-0006   0.613452614369910241084E-0010   0.143932265089023672044E+0008   0.404004334801613003947E+0004
    0.782375000000000397904E+0002   0.180037247866116317041E-0006   0.386933703553176078597E-0010   0.143062781426411960274E+0008   0.312491915309895011887E+0004
    0.782375000000000397904E+0002   0.155857833112470564799E-0006   0.277202289614231577808E-0010   0.142467994821070637554E+0008   0.257510555392223159288E+0004
    0.782375000000000397904E+0002   0.140035930383325536105E-0006   0.220389381113730774026E-0010   0.142027578057280480862E+0008   0.227185701847991867908E+0004
    0.782375000000000397904E+0002   0.782375000000000413126E-0007  -0.176006183994010648982E-0038   0.139638367127771191299E+0008   0.000000000000000000000E+0000
    0.782375000000000397904E+0002   0.782375000000000413126E-0007  -0.176006183994010648982E-0038   0.139638367127771191299E+0008   0.000000000000000000000E+0000
    0.782375000000000397904E+0002   0.782375000000000413126E-0007  -0.176006183994010681609E-0038   0.139638367127771191299E+0008   0.000000000000000000000E+0000
    0.782375000000000397904E+0002   0.782375000000000413126E-0007  -0.176006183994010648982E-0038   0.139638367127771191299E+0008   0.000000000000000000000E+0000
    0.107837500000000048317E+0003   0.107837500000000028432E-0006  -0.242595518344197101923E-0038   0.139638367127771191299E+0008   0.000000000000000000000E+0000
    0.107837500000000048317E+0003   0.107837500000000028432E-0006  -0.242595518344197101923E-0038   0.139638367127771191299E+0008   0.000000000000000000000E+0000
    0.107837500000000048317E+0003   0.107837500000000028432E-0006  -0.242595518344197101923E-0038   0.139638367127771191299E+0008   0.000000000000000000000E+0000
    0.107837500000000048317E+0003   0.107837500000000054902E-0006  -0.242595518344197101923E-0038   0.139638367127771191299E+0008   0.000000000000000000000E+0000
    0.107837500000000048317E+0003   0.203622843721469268754E-0006  -0.520419793889990996694E-0010   0.142246117463561799377E+0008  -0.375570993718444833576E+0004
    0.107837500000000048317E+0003   0.229908605731244410954E-0006  -0.727354459415066147984E-0010   0.142747714402866158634E+0008  -0.468359127720350988966E+0004
    0.107837500000000048317E+0003   0.271512413410917168461E-0006  -0.114316995763454969989E-0009   0.143438063106491882354E+0008  -0.629262187625991464301E+0004
    0.107837500000000048317E+0003   0.347409706272641434047E-0006  -0.206937731048215892972E-0009   0.144466111572312545031E+0008  -0.901584698347307676158E+0004
    0.107837500000000048317E+0003   0.517405591138936345713E-0006  -0.465508880338570869797E-0009   0.146155969630247671157E+0008  -0.138956213275343397981E+0005
    0.107837500000000048317E+0003   0.105448381496257075064E-0005  -0.149840068756382332010E-0008   0.149148051986456811428E+0008  -0.223972286815155348449E+0005
    0.107837500000000048317E+0003   0.943823296421365161572E-0005  -0.326677985924120443586E-0007   0.159806096253089718521E+0008  -0.608300161144109224551E+0005
    0.107837500000000048317E+0003   0.153377550729403297827E-0002  -0.738662694057039329032E-0005   0.166749558763262405992E+0008  -0.880113852721787843620E+0005
    0.107837500000000048317E+0003   0.729055299504814506573E-0002  -0.118886665184369974243E-0003   0.140220682687504515052E+0008   0.449465551434185908874E+0004
    0.107837500000000048317E+0003   0.989147363483899172421E-0002  -0.235320717094058087272E-0003   0.144458440043860208243E+0008   0.432552662127042131033E+0005
    0.107837500000000048317E+0003   0.134906656612325259736E-0001  -0.232076868924755016447E-0003   0.139137478840295113623E+0008  -0.252040134752538733665E+0004
    0.107837500000000048317E+0003   0.165192500531200769931E-0001  -0.182567098993117863694E-0003   0.137503748975352570415E+0008  -0.116701473901532353921E+0005
    0.107837500000000048317E+0003   0.187957327348608690953E-0001  -0.130120532479089637441E-0003   0.136977818823408335447E+0008  -0.988053789974311075639E+0004
    0.107837500000000048317E+0003   0.203549793577154705670E-0001  -0.765565132060065851351E-0004   0.136705751857851222157E+0008  -0.527744621080415163306E+0004
    0.107837500000000048317E+0003   0.212411596306060733441E-0001  -0.225071914808136165013E-0004   0.136555705828084778041E+0008  -0.287503276299054164156E+0003
    0.107837500000000048317E+0003   0.214877668237234698001E-0001   0.314244401456564289654E-0004   0.136470258771748039871E+0008   0.554314225321955655090E+0004
    0.107837500000000048317E+0003   0.211223757782983551090E-0001   0.848114375668694141924E-0004   0.136427648271580580622E+0008   0.133744025130287827778E+0005
    0.107837500000000048317E+0003   0.201812767900799716614E-0001   0.135628022353221700576E-0003   0.136420069073417969048E+0008   0.237730238698503271735E+0005
    0.107837500000000048317E+0003   0.187588377526237658210E-0001   0.183205885996731715351E-0003   0.136449778759620580822E+0008   0.364023550775742696715E+0005
    0.107837500000000048317E+0003   0.170971333197119969294E-0001   0.192951097129586535530E-0003   0.136532212650544606149E+0008   0.405393316830674884841E+0005
    0.107837500000000048317E+0003   0.155081040543176909563E-0001   0.169423230350049399372E-0003   0.136710158349573630840E+0008   0.260574015251371492923E+0005
    0.107837500000000048317E+0003   0.137006474823733494228E-0001   0.153327045660928737002E-0003   0.137091964238441735506E+0008   0.611606804037272013375E+0004
    0.107837500000000048317E+0003   0.114615716809960809658E-0001   0.149504552401448216441E-0003   0.138181327791108228266E+0008  -0.221892105671073077247E+0005
    0.107837500000000048317E+0003   0.861344304536261137772E-0002   0.135052775717596149074E-0003   0.143421584915712568909E+0008  -0.547781801252178920549E+0005
    0.107837500000000048317E+0003   0.647303749235522002392E-0002   0.639520943616632452696E-0004   0.139710064367173742503E+0008  -0.256923576399718331231E+0005
    0.107837500000000048317E+0003   0.790370840302823075493E-0003   0.103453062607204855064E-0005   0.169749232729436606169E+0008   0.234428132177544539445E+0005
    0.107837500000000048317E+0003   0.308635157347660361578E-0005   0.295644511667581530730E-0008   0.154580989468760285527E+0008   0.158561080108169062441E+0005
    0.107837500000000048317E+0003   0.785704237794291770984E-0006   0.434034795928425718059E-0009   0.147848144087020847946E+0008   0.834148282571948948316E+0004
    0.107837500000000048317E+0003   0.431753967824593273146E-0006   0.163855292988598692092E-0009   0.145363725990139171481E+0008   0.563921081182954367250E+0004
    0.107837500000000048317E+0003   0.309152864188144227422E-0006   0.858758678357859570207E-0010   0.143964027753970250487E+0008   0.407919152034509079385E+0004
    0.107837500000000048317E+0003   0.249918786725848255187E-0006   0.540263174921234603208E-0010   0.143084216037080008537E+0008   0.315270737526574430376E+0004
    0.107837500000000048317E+0003   0.216035662862832369392E-0006   0.386435217124827458227E-0010   0.142483509564964827150E+0008   0.259657423160058442591E+0004
    0.107837500000000048317E+0003   0.193913153539583939083E-0006   0.306922300757581708234E-0010   0.142039464872700534761E+0008   0.228999038286301265543E+0004
    0.107837500000000048317E+0003   0.107837500000000054902E-0006  -0.242595518344197101923E-0038   0.139638367127771191299E+0008   0.000000000000000000000E+0000
    0.107837500000000048317E+0003   0.107837500000000054902E-0006  -0.242595518344197101923E-0038   0.139638367127771191299E+0008   0.000000000000000000000E+0000
    0.107837500000000048317E+0003   0.107837500000000054902E-0006  -0.242595518344197167176E-0038   0.139638367127771191299E+0008   0.000000000000000000000E+0000
    0.107837500000000048317E+0003   0.107837500000000054902E-0006  -0.242595518344197101923E-0038   0.139638367127771191299E+0008   0.000000000000000000000E+0000
    0.148785416666666691299E+0003   0.148785416666666670096E-0006  -0.334713576244880845518E-0038   0.139638367127771191299E+0008   0.000000000000000000000E+0000
    0.148785416666666691299E+0003   0.148785416666666670096E-0006  -0.334713576244880845518E-0038   0.139638367127771191299E+0008   0.000000000000000000000E+0000
    0.148785416666666691299E+0003   0.148785416666666670096E-0006  -0.334713576244880845518E-0038   0.139638367127771191299E+0008   0.000000000000000000000E+0000
    0.148785416666666691299E+0003   0.148785416666666696566E-0006  -0.334713576244880910771E-0038   0.139638367127771191299E+0008   0.000000000000000000000E+0000
    0.148785416666666691299E+0003   0.282405231205518579309E-0006  -0.729989557395334378903E-0010   0.142263891936527881771E+0008  -0.381029400154864833894E+0004
    0.148785416666666691299E+0003   0.319287522433786754614E-0006  -0.102311126332878129521E-0009   0.142771319458828605711E+0008  -0.476097995310653277556E+0004
    0.148785416666666691299E+0003   0.377868420996951658500E-0006  -0.161431466162074083953E-0009   0.143471337286160886288E+0008  -0.641184076615936646704E+0004
    0.148785416666666691299E+0003   0.485262744089174457515E-0006  -0.293945189613345465905E-0009   0.144516846493221726269E+0008  -0.921451729147737751191E+0004
    0.148785416666666691299E+0003   0.728932507560838081879E-0006  -0.669270026979660975097E-0009   0.146248324238734189421E+0008  -0.142524622093639773084E+0005
    0.148785416666666691299E+0003   0.150646930991400768100E-0005  -0.218803231365653875974E-0008   0.149322619974708780646E+0008  -0.231200032472983948537E+0005
    0.148785416666666691299E+0003   0.169208970131760322157E-0004  -0.616480182752278809633E-0007   0.160918825906815975904E+0008  -0.630772871072791167535E+0005
    0.148785416666666691299E+0003   0.173263890781275866314E-0002  -0.844519730582732409464E-0005   0.164520469143080506474E+0008  -0.881413406546233454719E+0005
    0.148785416666666691299E+0003   0.729067167479252771500E-0002  -0.118886626184823407902E-0003   0.141012424769256990403E+0008   0.461121409632402901480E+0004
    0.148785416666666691299E+0003   0.989991477611025516570E-0002  -0.235295399987803759275E-0003   0.145101348065201379359E+0008   0.434222966672887196182E+0005
    0.148785416666666691299E+0003   0.134906967485829490383E-0001  -0.232076873754630475443E-0003   0.139402965790891610086E+0008  -0.178201676043040038167E+0004
    0.148785416666666691299E+0003   0.165192556700009471338E-0001  -0.182567103705848123984E-0003   0.137605772528798934072E+0008  -0.113969904614687693538E+0005
    0.148785416666666691299E+0003   0.187957359948714465558E-0001  -0.130120534808432031324E-0003   0.137041048920938614756E+0008  -0.968522524331434578926E+0004
    0.148785416666666691299E+0003   0.203549818187335439246E-0001  -0.765565141447980830169E-0004   0.136749333248026110232E+0008  -0.514391159209465240565E+0004
    0.148785416666666691299E+0003   0.212411617388809682849E-0001  -0.225071915185312482535E-0004   0.136589164066191334277E+0008  -0.193673502411142976598E+0003
    0.148785416666666691299E+0003   0.214877687546352752479E-0001   0.314244409342620870627E-0004   0.136498401887779589742E+0008   0.561081459216124949307E+0004
    0.148785416666666691299E+0003   0.211223776268448897031E-0001   0.848114393819973774909E-0004   0.136453567366125583649E+0008   0.134245486259302997496E+0005
    0.148785416666666691299E+0003   0.201812786250933906551E-0001   0.135628025552985993080E-0003   0.136446256533846911043E+0008   0.238102977985843281203E+0005
    0.148785416666666691299E+0003   0.187588396459672651639E-0001   0.183205891048992435596E-0003   0.136478919939276687801E+0008   0.364283385132206531125E+0005
    0.148785416666666691299E+0003   0.170971353822535650224E-0001   0.192951103253974668664E-0003   0.136568118446656949818E+0008   0.405535129751824351843E+0005
    0.148785416666666691299E+0003   0.155081065331698735033E-0001   0.169423235074133858493E-0003   0.136759811668504420668E+0008   0.260580630530819653359E+0005
    0.148785416666666691299E+0003   0.137006511611554686325E-0001   0.153327047300191410088E-0003   0.137170246884933263063E+0008   0.610291020100065270526E+0004
    0.148785416666666691299E+0003   0.114615831198643831901E-0001   0.149504534020953282203E-0003   0.138355962291878964752E+0008  -0.222507197513705395977E+0005
    0.148785416666666691299E+0003   0.861620528969053375845E-0002   0.135042243072951509159E-0003   0.144023022188390754163E+0008  -0.548329459672039301950E+0005
    0.148785416666666691299E+0003   0.647309771112821938366E-0002   0.639519835894563135189E-0004   0.140205467494042366743E+0008  -0.257851828715195515542E+0005
    0.148785416666666691299E+0003   0.964607624978184360204E-0003   0.127812404330642810607E-0005   0.167849392683545500040E+0008   0.237612971694681546069E+0005
    0.148785416666666691299E+0003   0.502026100324561003587E-0005   0.498432072913986798042E-0008   0.155450569624095372856E+0008   0.165954223904943683010E+0005
    0.148785416666666691299E+0003   0.110938484401477140169E-0005   0.617900517938733790587E-0009   0.147956811511381994933E+0008   0.845896612210262173903E+0004
    0.148785416666666691299E+0003   0.604626409071463513169E-0006   0.231363665628069921003E-0009   0.145428932327753733844E+0008   0.571442668408635017840E+0004
    0.148785416666666691299E+0003   0.430499901702885206313E-0006   0.120455186759100794937E-0009   0.143999931317543126643E+0008   0.412540589587404429039E+0004
    0.148785416666666691299E+0003   0.347149822593494622882E-0006   0.755615506447515362295E-0010   0.143108319671955462545E+0008   0.318507172808272162001E+0004
    0.148785416666666691299E+0003   0.299631639834823926854E-0006   0.539517186228202153724E-0010   0.142500898201486077160E+0008   0.262132227930166845908E+0004
    0.148785416666666691299E+0003   0.268683308512939095258E-0006   0.428026088317756299061E-0010   0.142052726831940170377E+0008   0.231072229817979223299E+0004
    0.148785416666666691299E+0003   0.148785416666666696566E-0006  -0.334713576244880910771E-0038   0.139638367127771191299E+0008   0.000000000000000000000E+0000
    0.148785416666666691299E+0003   0.148785416666666696566E-0006  -0.334713576244880910771E-0038   0.139638367127771191299E+0008   0.000000000000000000000E+0000
    0.148785416666666691299E+0003   0.148785416666666696566E-0006  -0.334713576244880976024E-0038   0.139638367127771191299E+0008   0.000000000000000000000E+0000
    0.148785416666666691299E+0003   0.148785416666666696566E-0006  -0.334713576244880910771E-0038   0.139638367127771191299E+0008   0.000000000000000000000E+0000
    0.206195833333333411019E+0003   0.206195833333333330960E-0006  -0.463866327278670915702E-0038   0.139638367127771191299E+0008   0.000000000000000000000E+0000
    0.206195833333333411019E+0003   0.206195833333333330960E-0006  -0.463866327278670915702E-0038   0.139638367127771191299E+0008   0.000000000000000000000E+0000
    0.206195833333333411019E+0003   0.206195833333333330960E-0006  -0.463866327278670915702E-0038   0.139638367127771191299E+0008   0.000000000000000000000E+0000
    0.206195833333333411019E+0003   0.206195833333333383899E-0006  -0.463866327278670915702E-0038   0.139638367127771191299E+0008   0.000000000000000000000E+0000
    0.206195833333333411019E+0003   0.393386153637868721082E-0006  -0.102963602004368441754E-0009   0.142283525359833575785E+0008  -0.386979625297946950013E+0004
    0.206195833333333411019E+0003   0.445392640619464722406E-0006  -0.144746057012549812567E-0009   0.142797461799843981862E+0008  -0.484467080683151743870E+0004
    0.206195833333333411019E+0003   0.528313796668761049240E-0006  -0.229360049843535206898E-0009   0.143508169218966457993E+0008  -0.653957457528845770867E+0004
    0.206195833333333411019E+0003   0.681177016395068227577E-0006  -0.420341799134649523854E-0009   0.144573198447651006281E+0008  -0.942582360352034993412E+0004
    0.206195833333333411019E+0003   0.103287057162299057903E-0005  -0.969382358957932323504E-0009   0.146349773053004555404E+0008  -0.146172719728182728431E+0005
    0.206195833333333411019E+0003   0.217197345747395800664E-0005  -0.323807263114184849011E-0008   0.149534910490937959403E+0008  -0.240127433187173082842E+0005
    0.206195833333333411019E+0003   0.309174631117676597522E-0004  -0.117091985246651308175E-0006   0.162000531525028347969E+0008  -0.646065574353780903039E+0005
    0.206195833333333411019E+0003   0.193547651598008677541E-0002  -0.953361454638697601626E-0005   0.162247451863217391074E+0008  -0.869467687602545483969E+0005
    0.206195833333333411019E+0003   0.729084095970880616960E-0002  -0.118886573942232837489E-0003   0.141886635960884131491E+0008   0.406539385276454095219E+0004
    0.206195833333333411019E+0003   0.990988010812063682686E-0002  -0.235265925352686123455E-0003   0.145725462354780454189E+0008   0.424087943442867108388E+0005
    0.206195833333333411019E+0003   0.134907221031839719139E-0001  -0.232076876401404415869E-0003   0.139692558305166251957E+0008  -0.114126230625539255925E+0004
    0.206195833333333411019E+0003   0.165192595281110909955E-0001  -0.182567106867157500152E-0003   0.137714828563786689192E+0008  -0.111533056830406676454E+0005
    0.206195833333333411019E+0003   0.187957381468324517815E-0001  -0.130120536315281743606E-0003   0.137109295118486452848E+0008  -0.950077265047601940751E+0004
    0.206195833333333411019E+0003   0.203549834106971291869E-0001  -0.765565147364402425433E-0004   0.136796637416220549494E+0008  -0.501328666247958608437E+0004
    0.206195833333333411019E+0003   0.212411630885214440523E-0001  -0.225071915333321156266E-0004   0.136625702213715482503E+0008  -0.987012909786398182632E+0002
    0.206195833333333411019E+0003   0.214877699839974428686E-0001   0.314244414424527174819E-0004   0.136529304023267216980E+0008   0.568122601699038477818E+0004
    0.206195833333333411019E+0003   0.211223788011054326719E-0001   0.848114405392317877858E-0004   0.136482157616266366094E+0008   0.134775478472263148433E+0005
    0.206195833333333411019E+0003   0.201812797911384775307E-0001   0.135628027589116426175E-0003   0.136475238846899531782E+0008   0.238497109410495431803E+0005
    0.206195833333333411019E+0003   0.187588408528481243032E-0001   0.183205894271095114665E-0003   0.136511234630025159568E+0008   0.364552899867105297744E+0005
    0.206195833333333411019E+0003   0.170971367063714116408E-0001   0.192951107186002277991E-0003   0.136607963182679619640E+0008   0.405671126322412746958E+0005
    0.206195833333333411019E+0003   0.155081081476831569854E-0001   0.169423238149760851164E-0003   0.136814930218480117619E+0008   0.260559468031878168404E+0005
    0.206195833333333411019E+0003   0.137006536300567881292E-0001   0.153327048396826291516E-0003   0.137256980050664059818E+0008   0.608399774271186743135E+0004
    0.206195833333333411019E+0003   0.114615916258910526676E-0001   0.149504520326990272220E-0003   0.138552937201241888106E+0008  -0.223355081633497757139E+0005
    0.206195833333333411019E+0003   0.861939506242817565784E-0002   0.135030117807994221729E-0003   0.144667390598035641015E+0008  -0.549099567302037830814E+0005
    0.206195833333333411019E+0003   0.647316223365589082928E-0002   0.639518651252877850209E-0004   0.140798544713707696646E+0008  -0.257850417297882959247E+0005
    0.206195833333333411019E+0003   0.115018585086779220536E-0002   0.154449357020911630278E-0005   0.165797533726856168360E+0008   0.241308369266253903334E+0005
    0.206195833333333411019E+0003   0.844859662381454078423E-0005   0.872135772103452039980E-0008   0.156419260595078114420E+0008   0.173305390046528300445E+0005
    0.206195833333333411019E+0003   0.157707683742425513783E-0005   0.887539954496474402992E-0009   0.148085330882135462016E+0008   0.860528855629689496709E+0004
    0.206195833333333411019E+0003   0.851332606326196111106E-0006   0.329060971866130502780E-0009   0.145503497741435728967E+0008   0.580387452647344980505E+0004
    0.206195833333333411019E+0003   0.602302782704650381648E-0006   0.170004900696135033649E-0009   0.144041032206343524158E+0008   0.418034156907865690300E+0004
    0.206195833333333411019E+0003   0.484366275072927765882E-0006   0.106286101147530602843E-0009   0.143135787759969998151E+0008   0.322311786406976079888E+0004
    0.206195833333333411019E+0003   0.417390389574765683225E-0006   0.757350973897876366267E-0010   0.142520665118035413325E+0008   0.265016348497132275952E+0004
    0.206195833333333411019E+0003   0.373890817065861649594E-0006   0.600072016832177251258E-0010   0.142067731582116931677E+0008   0.233470341253668129866E+0004
    0.206195833333333411019E+0003   0.206195833333333383899E-0006  -0.463866327278670915702E-0038   0.139638367127771191299E+0008   0.000000000000000000000E+0000
    0.206195833333333411019E+0003   0.206195833333333383899E-0006  -0.463866327278670915702E-0038   0.139638367127771191299E+0008   0.000000000000000000000E+0000
    0.206195833333333411019E+0003   0.206195833333333410369E-0006  -0.463866327278671046209E-0038   0.139638367127771191299E+0008   0.000000000000000000000E+0000
    0.206195833333333411019E+0003   0.206195833333333383899E-0006  -0.463866327278670915702E-0038   0.139638367127771191299E+0008   0.000000000000000000000E+0000
    0.285585416666666787933E+0003   0.285585416666666598049E-0006  -0.642464283647093899469E-0038   0.139638367127771191299E+0008   0.000000000000000000000E+0000
    0.285585416666666787933E+0003   0.285585416666666598049E-0006  -0.642464283647093899469E-0038   0.139638367127771191299E+0008   0.000000000000000000000E+0000
    0.285585416666666787933E+0003   0.285585416666666598049E-0006  -0.642464283647093899469E-0038   0.139638367127771191299E+0008   0.000000000000000000000E+0000
    0.285585416666666787933E+0003   0.285585416666666650988E-0006  -0.642464283647094029975E-0038   0.139638367127771191299E+0008   0.000000000000000000000E+0000
    0.285585416666666787933E+0003   0.547655709325873182756E-0006  -0.145278153236820259832E-0009   0.142304811332840956748E+0008  -0.393338855796115922203E+0004
    0.285585416666666787933E+0003   0.620989762247017029693E-0006  -0.204883985179390440563E-0009   0.142825908192885238677E+0008  -0.493322811332533274253E+0004
    0.285585416666666787933E+0003   0.738397377975091102732E-0006  -0.326105014099840909524E-0009   0.143548238204656802118E+0008  -0.667318316563603821123E+0004
    0.285585416666666787933E+0003   0.956184294926982946620E-0006  -0.601791256559447372209E-0009   0.144634889745913371444E+0008  -0.964526433497877405898E+0004
    0.285585416666666787933E+0003   0.146457699519810576744E-0005  -0.140603334084926565548E-0008   0.146459352740415092558E+0008  -0.149774918969584050501E+0005
    0.285585416666666787933E+0003   0.314988717502853555417E-0005  -0.484587510035520366890E-0008   0.149802076969761420041E+0008  -0.251891143660144916794E+0005
    0.285585416666666787933E+0003   0.564560117314355416462E-0004  -0.219406892185130385516E-0006   0.162944190747841335833E+0008  -0.654363426801352252369E+0005
    0.285585416666666787933E+0003   0.213873926006001146422E-0002  -0.106154093614801190386E-0004   0.159978683561646230519E+0008  -0.843354188221551594324E+0005
    0.285585416666666787933E+0003   0.729109743735382835605E-0002  -0.118886509279358661226E-0003   0.142831664029719978571E+0008   0.314688536953968878151E+0004
    0.285585416666666787933E+0003   0.992107707873639277363E-0002  -0.235234171340378210146E-0003   0.146300934104578047991E+0008   0.403066501968905213289E+0005
    0.285585416666666787933E+0003   0.134907428256798959942E-0001  -0.232076877781409629704E-0003   0.139995115273871477693E+0008  -0.760839157233925561741E+0003
    0.285585416666666787933E+0003   0.165192621478860643403E-0001  -0.182567108969895297403E-0003   0.137827857424470745027E+0008  -0.109575842724254871428E+0005
    0.285585416666666787933E+0003   0.187957395492415330063E-0001  -0.130120537278911960893E-0003   0.137181001652203146368E+0008  -0.933800651654635657906E+0004
    0.285585416666666787933E+0003   0.203549844263544582601E-0001  -0.765565151043312087150E-0004   0.136846810786851290613E+0008  -0.489037316197949439811E+0004
    0.285585416666666787933E+0003   0.212411639402273477728E-0001  -0.225071915367864718396E-0004   0.136664804930690191686E+0008  -0.498959579500053429513E+0001
    0.285585416666666787933E+0003   0.214877707553861249656E-0001   0.314244417652646579634E-0004   0.136562632483522742987E+0008   0.575296792582579655573E+0004
    0.285585416666666787933E+0003   0.211223795362213556670E-0001   0.848114412664287904871E-0004   0.136513188353683780879E+0008   0.135322592352663668862E+0005
    0.285585416666666787933E+0003   0.201812805214582335900E-0001   0.135628028866243376376E-0003   0.136506839860677551478E+0008   0.238901286753164931724E+0005
    0.285585416666666787933E+0003   0.187588416114085748676E-0001   0.183205896297279754656E-0003   0.136546567265382818878E+0008   0.364821390950920904288E+0005
    0.285585416666666787933E+0003   0.170971375452008307605E-0001   0.192951109676984985638E-0003   0.136651577806824371219E+0008   0.405794007052093875245E+0005
    0.285585416666666787933E+0003   0.155081091869199855227E-0001   0.169423240128397208570E-0003   0.136875289717450439930E+0008   0.260510017172118677991E+0005
    0.285585416666666787933E+0003   0.137006552723640401270E-0001   0.153327049123284573067E-0003   0.137351706493793930858E+0008   0.606051057181487976777E+0004
    0.285585416666666787933E+0003   0.114615979871135614809E-0001   0.149504510056971279004E-0003   0.138772860494520682842E+0008  -0.224448147574981085199E+0005
    0.285585416666666787933E+0003   0.862315721032495818843E-0002   0.135015863278290318156E-0003   0.145340553207695130259E+0008  -0.549678507102281510015E+0005
    0.285585416666666787933E+0003   0.647323654870935426275E-0002   0.639517296833130106850E-0004   0.141473905672429539263E+0008  -0.256385817411304560665E+0005
    0.285585416666666787933E+0003   0.134176437310495064517E-0002   0.182733832945263310210E-0005   0.163669756328435987234E+0008   0.245021794249286285776E+0005
    0.285585416666666787933E+0003   0.145742835364506384110E-0004   0.156301261471981453856E-0007   0.157444190053842067719E+0008   0.179984716663578838052E+0005
    0.285585416666666787933E+0003   0.224733278468250863725E-0005   0.128098704139119824848E-0008   0.148237347193007264286E+0008   0.878463650421018974157E+0004
    0.285585416666666787933E+0003   0.119941611918633711680E-0005   0.469136664740674149607E-0009   0.145587134758562613279E+0008   0.590648192186312917329E+0004
    0.285585416666666787933E+0003   0.842535974474128736718E-0006   0.240260662429122780888E-0009   0.144087373880552276969E+0008   0.424381670773944551911E+0004
    0.285585416666666787933E+0003   0.675528254186828185062E-0006   0.149628368345010848388E-0009   0.143166629356093015522E+0008   0.326677270831952955632E+0004
    0.285585416666666787933E+0003   0.581103912300138645616E-0006   0.106370579119130340116E-0009   0.142542821927898582071E+0008   0.268307661839656020675E+0004
    0.285585416666666787933E+0003   0.519965890066044677728E-0006   0.841561391433020075998E-0010   0.142084465786447748542E+0008   0.236192956252366866465E+0004
    0.285585416666666787933E+0003   0.285585416666666650988E-0006  -0.642464283647094029975E-0038   0.139638367127771191299E+0008   0.000000000000000000000E+0000
    0.285585416666666787933E+0003   0.285585416666666650988E-0006  -0.642464283647094029975E-0038   0.139638367127771191299E+0008   0.000000000000000000000E+0000
    0.285585416666666787933E+0003   0.285585416666666703928E-0006  -0.642464283647094290987E-0038   0.139638367127771191299E+0008   0.000000000000000000000E+0000
    0.285585416666666787933E+0003   0.285585416666666650988E-0006  -0.642464283647094029975E-0038   0.139638367127771191299E+0008   0.000000000000000000000E+0000
    0.391547916666666765195E+0003   0.391547916666666591494E-0006  -0.880841727602554433595E-0038   0.139638367127771191299E+0008   0.000000000000000000000E+0000
    0.391547916666666765195E+0003   0.391547916666666591494E-0006  -0.880841727602554433595E-0038   0.139638367127771191299E+0008   0.000000000000000000000E+0000
    0.391547916666666765195E+0003   0.391547916666666591494E-0006  -0.880841727602554433595E-0038   0.139638367127771191299E+0008   0.000000000000000000000E+0000
    0.391547916666666765195E+0003   0.391547916666666644433E-0006  -0.880841727602554564101E-0038   0.139638367127771191299E+0008   0.000000000000000000000E+0000
    0.391547916666666765195E+0003   0.754711394595913712054E-0006  -0.203008376921507273090E-0009   0.142327215490589868277E+0008  -0.399991424921777388590E+0004
    0.391547916666666765195E+0003   0.857115963826173075162E-0006  -0.287224928357305233737E-0009   0.142856014632978662848E+0008  -0.502516790066980047413E+0004
    0.391547916666666765195E+0003   0.102175907209362772057E-0005  -0.459227882518577755320E-0009   0.143590694155129566789E+0008  -0.681071934230116039544E+0004
    0.391547916666666765195E+0003   0.132925321924079298937E-0005  -0.853560399840786778567E-0009   0.144700992352570015937E+0008  -0.987132501314883847954E+0004
    0.391547916666666765195E+0003   0.205753296273848919524E-0005  -0.201968271313021901872E-0008   0.146575099730892442167E+0008  -0.153306631334597859677E+0005
    0.391547916666666765195E+0003   0.456034819055687576416E-0005  -0.729141246240901004017E-0008   0.150145755516221150756E+0008  -0.268102164088980862289E+0005
    0.391547916666666765195E+0003   0.998577932583693948137E-0004  -0.393790346111155040657E-0006   0.163608944760460089892E+0008  -0.657188821200958482223E+0005
    0.391547916666666765195E+0003   0.233658901018120182883E-0002  -0.116445736280782081578E-0004   0.157805109029081389308E+0008  -0.808544223668886843370E+0005
    0.391547916666666765195E+0003   0.729149859161909701805E-0002  -0.118886436052459751453E-0003   0.143812908986553587019E+0008   0.217499186943080621859E+0004
    0.391547916666666765195E+0003   0.993267072729524941321E-0002  -0.235203253409124621266E-0003   0.146808922043997775763E+0008   0.378778299147441503010E+0005
    0.391547916666666765195E+0003   0.134907594610989972628E-0001  -0.232076878612158565059E-0003   0.140293206493923533708E+0008  -0.680490311726772233669E+0003
    0.391547916666666765195E+0003   0.165192638899405788711E-0001  -0.182567110345111319192E-0003   0.137940249659701026976E+0008  -0.108075143182191623055E+0005
    0.391547916666666765195E+0003   0.187957404445658129988E-0001  -0.130120537883911247239E-0003   0.137253469378424249589E+0008  -0.919898826013391044398E+0004
    0.391547916666666765195E+0003   0.203549850610479123036E-0001  -0.765565153286478135026E-0004   0.136898156169824451208E+0008  -0.477661264165828106343E+0004
    0.391547916666666765195E+0003   0.212411644666377352753E-0001  -0.225071915353604783204E-0004   0.136705257150012087077E+0008   0.860443040125017404307E+0002
    0.391547916666666765195E+0003   0.214877712294295961093E-0001   0.314244419660833626193E-0004   0.136597422874083593488E+0008   0.582462240114924316003E+0004
    0.391547916666666765195E+0003   0.211223799869623037051E-0001   0.848114417140230633305E-0004   0.136545806728803198785E+0008   0.135872723350922642567E+0005
    0.391547916666666765195E+0003   0.201812809695543979305E-0001   0.135628029650977416278E-0003   0.136540214466926548630E+0008   0.239302757757862491417E+0005
    0.391547916666666765195E+0003   0.187588420786427879927E-0001   0.183205897545877279941E-0003   0.136583974742871187627E+0008   0.365080273225421115058E+0005
    0.391547916666666765195E+0003   0.170971380663063783623E-0001   0.192951111224392532787E-0003   0.136697772897132784128E+0008   0.405904015156189343543E+0005
    0.391547916666666765195E+0003   0.155081098437419920288E-0001   0.169423241378099671394E-0003   0.136939189285707157105E+0008   0.260447747864926423063E+0005
    0.391547916666666765195E+0003   0.137006563475003846631E-0001   0.153327049596634231148E-0003   0.137451544406331069767E+0008   0.603650643566761937109E+0004
    0.391547916666666765195E+0003   0.114616027356343255783E-0001   0.149504502363062509365E-0003   0.139010341271175146103E+0008  -0.225684080670195689891E+0005
    0.391547916666666765195E+0003   0.862756099281321645056E-0002   0.134999249257257479626E-0003   0.146008952910495251417E+0008  -0.549353193529569689417E+0005
    0.391547916666666765195E+0003   0.647332615779307694870E-0002   0.639515686069909574741E-0004   0.142204578996275719255E+0008  -0.253455179153404642420E+0005
    0.391547916666666765195E+0003   0.153198424497379484532E-0002   0.211570850242567307534E-0005   0.161562195906736459583E+0008   0.247755688744068174856E+0005
    0.391547916666666765195E+0003   0.252244680374105260099E-0004   0.279733150835516272785E-0007   0.158448897325615119189E+0008   0.185532515292352836695E+0005
    0.391547916666666765195E+0003   0.318041978997992539794E-0005   0.184049435849093481177E-0008   0.148415599466374050826E+0008   0.899850094348779202846E+0004
    0.391547916666666765195E+0003   0.167442847821480012111E-0005   0.663671000772675358436E-0009   0.145677601648372597992E+0008   0.601736354917839798873E+0004
    0.391547916666666765195E+0003   0.116716536299933005252E-0005   0.336669910169898760731E-0009   0.144137921111795827746E+0008   0.431346835036888387549E+0004
    0.391547916666666765195E+0003   0.932778690183930218028E-0006   0.208765506918508871532E-0009   0.143200121072294712067E+0008   0.331458240882212976430E+0004
    0.391547916666666765195E+0003   0.800908008329112285942E-0006   0.148027925503564799011E-0009   0.142566855109054781497E+0008   0.271907324582817273040E+0004
    0.391547916666666765195E+0003   0.715803685050593189296E-0006   0.116920936700684966651E-0009   0.142102516811232306063E+0008   0.239164732120467260756E+0004
    0.391547916666666765195E+0003   0.391547916666666644433E-0006  -0.880841727602554564101E-0038   0.139638367127771191299E+0008   0.000000000000000000000E+0000
    0.391547916666666765195E+0003   0.391547916666666644433E-0006  -0.880841727602554564101E-0038   0.139638367127771191299E+0008   0.000000000000000000000E+0000
    0.391547916666666765195E+0003   0.391547916666666750312E-0006  -0.880841727602554825113E-0038   0.139638367127771191299E+0008   0.000000000000000000000E+0000
    0.391547916666666765195E+0003   0.391547916666666644433E-0006  -0.880841727602554564101E-0038   0.139638367127771191299E+0008   0.000000000000000000000E+0000
    0.531058333333333393966E+0003   0.531058333333333226513E-0006  -0.119468989587115231015E-0037   0.139638367127771191299E+0008   0.000000000000000000000E+0000
    0.531058333333333393966E+0003   0.531058333333333226513E-0006  -0.119468989587115231015E-0037   0.139638367127771191299E+0008   0.000000000000000000000E+0000
    0.531058333333333393966E+0003   0.531058333333333226513E-0006  -0.119468989587115231015E-0037   0.139638367127771191299E+0008   0.000000000000000000000E+0000
    0.531058333333333393966E+0003   0.531058333333333226513E-0006  -0.119468989587115231015E-0037   0.139638367127771191299E+0008   0.000000000000000000000E+0000
    0.531058333333333393966E+0003   0.102893241524459004278E-0005  -0.280769370703734286282E-0009   0.142350829360303543508E+0008  -0.407017285704177311345E+0004
    0.531058333333333393966E+0003   0.117047895005089560166E-0005  -0.398543840858845856537E-0009   0.142888002048781514168E+0008  -0.512207361266627049190E+0004
    0.531058333333333393966E+0003   0.139903898482205270808E-0005  -0.640120081301456923981E-0009   0.143635960465208422393E+0008  -0.695553239290240526316E+0004
    0.531058333333333393966E+0003   0.182915096575729096866E-0005  -0.119880443596564779703E-0008   0.144772660297191571444E+0008  -0.101123470685981210408E+0005
    0.531058333333333393966E+0003   0.286249907077125942211E-0005  -0.287167207244786668262E-0008   0.146699095341162905097E+0008  -0.156959426580671442935E+0005
    0.531058333333333393966E+0003   0.661604360155070856449E-0005  -0.111117892515933933766E-0007   0.150599250428737588227E+0008  -0.290528014269072045863E+0005
    0.531058333333333393966E+0003   0.168483703089873464425E-0003  -0.669153283238882909300E-0006   0.163881566248745601624E+0008  -0.656939287486943794647E+0005
    0.531058333333333393966E+0003   0.252946387055211999867E-0002  -0.126157383136250405816E-0004   0.155763712664791401476E+0008  -0.769689607122198212892E+0005
    0.531058333333333393966E+0003   0.729215368244830620253E-0002  -0.118886358459177691451E-0003   0.144816621163654346019E+0008   0.135102885579091116597E+0004
    0.531058333333333393966E+0003   0.994409403164085020643E-0002  -0.235174673131887572788E-0003   0.147263455885445922613E+0008   0.357694492617830037489E+0005
    0.531058333333333393966E+0003   0.134907728983420620306E-0001  -0.232076879306677199286E-0003   0.140580779820996224880E+0008  -0.797927954602342765611E+0003
    0.531058333333333393966E+0003   0.165192650633525645043E-0001  -0.182567111259114784119E-0003   0.138051314658949747682E+0008  -0.106848723951611555094E+0005
    0.531058333333333393966E+0003   0.187957410244652921294E-0001  -0.130120538270017270695E-0003   0.137326245400108601898E+0008  -0.907571617529155446391E+0004
    0.531058333333333393966E+0003   0.203549854636499369387E-0001  -0.765565154676174598400E-0004   0.136950422821830939502E+0008  -0.466843744844600587385E+0004
    0.531058333333333393966E+0003   0.212411647969706490757E-0001  -0.225071915322792773901E-0004   0.136746887581986542791E+0008   0.175822853695165605359E+0003
    0.531058333333333393966E+0003   0.214877715252401318979E-0001   0.314244420929214642729E-0004   0.136633536964510660619E+0008   0.589656475539954408305E+0004
    0.531058333333333393966E+0003   0.211223802676380606469E-0001   0.848114419938065839007E-0004   0.136579873978278916329E+0008   0.136425530805584166956E+0005
    0.531058333333333393966E+0003   0.201812812488164211588E-0001   0.135628030140735606878E-0003   0.136575191645991802216E+0008   0.239701143966311319673E+0005
    0.531058333333333393966E+0003   0.187588423710441133674E-0001   0.183205898327594581508E-0003   0.136623211357366796583E+0008   0.365332504518132409430E+0005
    0.531058333333333393966E+0003   0.170971383953633856989E-0001   0.192951112201439508014E-0003   0.136746154199868347496E+0008   0.406011437490179741872E+0005
    0.531058333333333393966E+0003   0.155081102660592912157E-0001   0.169423242181055409318E-0003   0.137005938413825072348E+0008   0.260396595031474935240E+0005
    0.531058333333333393966E+0003   0.137006570644384179092E-0001   0.153327049910874184651E-0003   0.137555077937382217497E+0008   0.601665934450687564095E+0004
    0.531058333333333393966E+0003   0.114616063896202727279E-0001   0.149504496420595016891E-0003   0.139262315550649724901E+0008  -0.226870350991999002872E+0005
    0.531058333333333393966E+0003   0.863271250888751617847E-0002   0.134979939826464776561E-0003   0.146649059519345946610E+0008  -0.547446451521578273969E+0005
    0.531058333333333393966E+0003   0.647344148306385619440E-0002   0.639513652742064149861E-0004   0.142984177610182762146E+0008  -0.249479906676140890340E+0005
    0.531058333333333393966E+0003   0.171917910745119978042E-0002   0.240528332994155468524E-0005   0.159502065083153657615E+0008   0.248482196601849827857E+0005
    0.531058333333333393966E+0003   0.433702688347791312506E-0004   0.494345832567004302610E-0007   0.159366932760100774467E+0008   0.189894190121116334922E+0005
    0.531058333333333393966E+0003   0.447214287413599729902E-0005   0.263456758932920341315E-0008   0.148629735746674388647E+0008   0.925716857387186246342E+0004
    0.531058333333333393966E+0003   0.231499424819346249382E-0005   0.930832406134619494323E-0009   0.145774386406334526837E+0008   0.613326715711757333338E+0004
    0.531058333333333393966E+0003   0.160037021334482436804E-0005   0.467447027069910974027E-0009   0.144192572307860683650E+0008   0.438794410740042803809E+0004
    0.531058333333333393966E+0003   0.127450635425478179760E-0005   0.288486791049711092078E-0009   0.143236125926497131586E+0008   0.336579208740791091259E+0004
    0.531058333333333393966E+0003   0.109215988745861812198E-0005   0.203979877826006639399E-0009   0.142592667112506870180E+0008   0.275770609132701929411E+0004
    0.531058333333333393966E+0003   0.974883636882056184151E-0006   0.160823423085894627332E-0009   0.142121780646842364222E+0008   0.242356293741435638367E+0004
    0.531058333333333393966E+0003   0.531058333333333226513E-0006  -0.119468989587115231015E-0037   0.139638367127771191299E+0008   0.000000000000000000000E+0000
    0.531058333333333393966E+0003   0.531058333333333226513E-0006  -0.119468989587115231015E-0037   0.139638367127771191299E+0008   0.000000000000000000000E+0000
    0.531058333333333393966E+0003   0.531058333333333332392E-0006  -0.119468989587115257117E-0037   0.139638367127771191299E+0008   0.000000000000000000000E+0000
    0.531058333333333393966E+0003   0.531058333333333226513E-0006  -0.119468989587115231015E-0037   0.139638367127771191299E+0008   0.000000000000000000000E+0000
    0.711462499999999977263E+0003   0.711462499999999903047E-0006  -0.160053426655809256787E-0037   0.139638367127771191299E+0008   0.000000000000000000000E+0000
    0.711462499999999977263E+0003   0.711462499999999903047E-0006  -0.160053426655809256787E-0037   0.139638367127771191299E+0008   0.000000000000000000000E+0000
    0.711462499999999977263E+0003   0.711462499999999903047E-0006  -0.160053426655809256787E-0037   0.139638367127771191299E+0008   0.000000000000000000000E+0000
    0.711462499999999977263E+0003   0.711462499999999903047E-0006  -0.160053426655809256787E-0037   0.139638367127771191299E+0008   0.000000000000000000000E+0000
    0.711462499999999977263E+0003   0.138575751052700691552E-0005  -0.383749614239945388499E-0009   0.142375743417833447456E+0008  -0.414461712962379988312E+0004
    0.711462499999999977263E+0003   0.157915479573958224410E-0005  -0.546545139856502983456E-0009   0.142922105110277999192E+0008  -0.522516800985498412047E+0004
    0.711462499999999977263E+0003   0.189282390300466154130E-0005  -0.881942713684702334701E-0009   0.143684510571452062577E+0008  -0.711068327993665388931E+0004
    0.711462499999999977263E+0003   0.248815033238961058094E-0005  -0.166515299143790880614E-0008   0.144851089103281553835E+0008  -0.103756474987766232516E+0005
    0.711462499999999977263E+0003   0.393864262454437992792E-0005  -0.403761275938044086220E-0008   0.146834127744462657720E+0008  -0.160959124917048775387E+0005
    0.711462499999999977263E+0003   0.965482129313021387681E-0005  -0.172624869979906847064E-0007   0.151188418449664209038E+0008  -0.319379845474722678773E+0005
    0.711462499999999977263E+0003   0.267409042141952607227E-0003  -0.106544316093193600103E-0005   0.163684843925658389926E+0008  -0.655566952552490256494E+0005
    0.711462499999999977263E+0003   0.271785929287790811032E-0002  -0.135277328629022045188E-0004   0.153889894575697835535E+0008  -0.728909460013206116855E+0005
    0.711462499999999977263E+0003   0.729325324019166991441E-0002  -0.118886281592070800709E-0003   0.145829044076766818762E+0008   0.778306708450090809492E+0003
    0.711462499999999977263E+0003   0.995495193442202941370E-0002  -0.235148942282182774445E-0003   0.147682934829648304731E+0008   0.342012799836360136396E+0005
    0.711462499999999977263E+0003   0.134907837479593881169E-0001  -0.232076879991410095754E-0003   0.140855383427180070430E+0008  -0.989107118643945227632E+0003
    0.711462499999999977263E+0003   0.165192658618072973908E-0001  -0.182567111873893031960E-0003   0.138160898885320238769E+0008  -0.105765507384484735667E+0005
    0.711462499999999977263E+0003   0.187957414045083273657E-0001  -0.130120538519648098856E-0003   0.137399060598721429706E+0008  -0.896275894984453771031E+0004
    0.711462499999999977263E+0003   0.203549857222178991190E-0001  -0.765565155548303302290E-0004   0.137003377836020477116E+0008  -0.456483466721543572930E+0004
    0.711462499999999977263E+0003   0.212411650069041224587E-0001  -0.225071915289534296278E-0004   0.136789471405175607651E+0008   0.263685928719397224995E+0003
    0.711462499999999977263E+0003   0.214877717122111608350E-0001   0.314244421740516894238E-0004   0.136670741119167413563E+0008   0.596760221522698066110E+0004
    0.711462499999999977263E+0003   0.211223804446881713304E-0001   0.848114421709633215310E-0004   0.136615121563947964460E+0008   0.136970148447503997886E+0005
    0.711462499999999977263E+0003   0.201812814251434713420E-0001   0.135628030450400335633E-0003   0.136611430639393161982E+0008   0.240089775412348571990E+0005
    0.711462499999999977263E+0003   0.187588425564668946632E-0001   0.183205898823504752075E-0003   0.136663803013362195343E+0008   0.365577170343319885433E+0005
    0.711462499999999977263E+0003   0.170971386059656609013E-0001   0.192951112826709959749E-0003   0.136796001353041213006E+0008   0.406122432791745886789E+0005
    0.711462499999999977263E+0003   0.155081105413996285514E-0001   0.169423242704226135894E-0003   0.137074324769429434091E+0008   0.260373756201023716130E+0005
    0.711462499999999977263E+0003   0.137006575493882724881E-0001   0.153327050122684896850E-0003   0.137660030771239791065E+0008   0.600399917217875281494E+0004
    0.711462499999999977263E+0003   0.114616092668697183710E-0001   0.149504491727935886689E-0003   0.139521727403077576309E+0008  -0.227764814340483753767E+0005
    0.711462499999999977263E+0003   0.863857403751380759083E-0002   0.134958170899112479477E-0003   0.147236788241499513388E+0008  -0.543918254149829663220E+0005
    0.711462499999999977263E+0003   0.647359858306169842768E-0002   0.639510945113854780125E-0004   0.143805462850994355977E+0008  -0.245103900304366143246E+0005
    0.711462499999999977263E+0003   0.190159186751826100523E-0002   0.269046887109692530290E-0005   0.157517179896040651947E+0008   0.246714001169657931314E+0005
    0.711462499999999977263E+0003   0.731000028820900623130E-0004   0.851072015909045407894E-0007   0.160114495905393362045E+0008   0.193131473218170758628E+0005
    0.711462499999999977263E+0003   0.624812425525991031012E-0005   0.375919012574034211726E-0008   0.148893651896265074611E+0008   0.957911538806338285212E+0004
    0.711462499999999977263E+0003   0.316481908477227291796E-0005   0.129185746538691238938E-0008   0.145876829963356945664E+0008   0.625176855290758612682E+0004
    0.711462499999999977263E+0003   0.216877576564627042765E-0005   0.641980458367125382485E-0009   0.144251095477540511638E+0008   0.446610417910447358736E+0004
    0.711462499999999977263E+0003   0.172065070935804984950E-0005   0.394176929669192379561E-0009   0.143274362847694568336E+0008   0.341962721215085866788E+0004
    0.711462499999999977263E+0003   0.147137856192261714348E-0005   0.277873258866796566225E-0009   0.142620042093422412872E+0008   0.279843723411612700147E+0004
    0.711462499999999977263E+0003   0.131162294475249991492E-0005   0.218655528198843828860E-0009   0.142142053168526589870E+0008   0.245726194516036684945E+0004
    0.711462499999999977263E+0003   0.711462499999999903047E-0006  -0.160053426655809256787E-0037   0.139638367127771191299E+0008   0.000000000000000000000E+0000
    0.711462499999999977263E+0003   0.711462499999999903047E-0006  -0.160053426655809256787E-0037   0.139638367127771191299E+0008   0.000000000000000000000E+0000
    0.711462499999999977263E+0003   0.711462500000000008926E-0006  -0.160053426655809308989E-0037   0.139638367127771191299E+0008   0.000000000000000000000E+0000
    0.711462499999999977263E+0003   0.711462499999999903047E-0006  -0.160053426655809256787E-0037   0.139638367127771191299E+0008   0.000000000000000000000E+0000
    0.934074999999999931788E+0003   0.934074999999999819374E-0006  -0.210133217848481169409E-0037   0.139638367127771191299E+0008   0.000000000000000000000E+0000
    0.934074999999999931788E+0003   0.934074999999999819374E-0006  -0.210133217848481169409E-0037   0.139638367127771191299E+0008   0.000000000000000000000E+0000
    0.934074999999999931788E+0003   0.934074999999999819374E-0006  -0.210133217848481169409E-0037   0.139638367127771191299E+0008   0.000000000000000000000E+0000
    0.934074999999999931788E+0003   0.934074999999999925253E-0006  -0.210133217848481195511E-0037   0.139638367127771191299E+0008   0.000000000000000000000E+0000
    0.934074999999999931788E+0003   0.182896077042893322398E-0005  -0.513985497844620868048E-0009   0.142401355512480232865E+0008  -0.422127561196950864542E+0004
    0.934074999999999931788E+0003   0.208800629786578925598E-0005  -0.734516255132801601865E-0009   0.142957582188072204590E+0008  -0.533219209461856644339E+0004
    0.934074999999999931788E+0003   0.251001584100963994975E-0005  -0.119092291336553052195E-0008   0.143735397747338581830E+0008  -0.727374983851433717064E+0004
    0.934074999999999931788E+0003   0.331852834932417125870E-0005  -0.226805516914009355210E-0008   0.144934867563966251910E+0008  -0.106570372082483172562E+0005
    0.934074999999999931788E+0003   0.531556308879403866685E-0005  -0.556748576184643866971E-0008   0.146979439665754064918E+0008  -0.165409189857622150157E+0005
    0.934074999999999931788E+0003   0.140884770368761734271E-0004  -0.271021641440549721764E-0007   0.151896581613641772419E+0008  -0.351485755987648371956E+0005
    0.934074999999999931788E+0003   0.393054516583672751244E-0003  -0.156899885410268983360E-0005   0.163040372505630925298E+0008  -0.654117189215151447570E+0005
    0.934074999999999931788E+0003   0.289757966919552013146E-0002  -0.143603068909495101412E-0004   0.152240984058624003083E+0008  -0.689348546200789423892E+0005
    0.934074999999999931788E+0003   0.729507018688461180561E-0002  -0.118886207937756843136E-0003   0.146813854433691781014E+0008   0.473834649030597176989E+0003
    0.934074999999999931788E+0003   0.996484698492803439018E-0002  -0.235126428002497428211E-0003   0.148073535692966114730E+0008   0.331508879176611517323E+0005
    0.934074999999999931788E+0003   0.134907923063032238187E-0001  -0.232076880645343708743E-0003   0.141111344167448151857E+0008  -0.116568583434216839123E+0004
    0.934074999999999931788E+0003   0.165192663996152760975E-0001  -0.182567112283636505919E-0003   0.138266626632212754339E+0008  -0.104782663887294202141E+0005
    0.934074999999999931788E+0003   0.187957416514809953767E-0001  -0.130120538679846613466E-0003   0.137470079222260508686E+0008  -0.886085438042922396562E+0004
    0.934074999999999931788E+0003   0.203549858870200814365E-0001  -0.765565156091920645271E-0004   0.137055564359399210662E+0008  -0.446970321317107482173E+0004
    0.934074999999999931788E+0003   0.212411651393546452304E-0001  -0.225071915260300106068E-0004   0.136831754167046193033E+0008   0.345091543990413413212E+0003
    0.934074999999999931788E+0003   0.214877718295531303094E-0001   0.314244422255475521193E-0004   0.136707874764796011150E+0008   0.603355064805617257662E+0004
    0.934074999999999931788E+0003   0.211223805555913676790E-0001   0.848114422823334902606E-0004   0.136650389275446757674E+0008   0.137473208970482646691E+0005
    0.934074999999999931788E+0003   0.201812815357033867314E-0001   0.135628030644817192379E-0003   0.136647672341874781996E+0008   0.240444897642345531494E+0005
    0.934074999999999931788E+0003   0.187588426732318222512E-0001   0.183205899135899041115E-0003   0.136704257266979087144E+0008   0.365798831175169761991E+0005
    0.934074999999999931788E+0003   0.170971387398034177507E-0001   0.192951113224031919153E-0003   0.136845369497777055949E+0008   0.406227172918281066814E+0005
    0.934074999999999931788E+0003   0.155081107196034378992E-0001   0.169423243042646914924E-0003   0.137141490441632959992E+0008   0.260373688740798206709E+0005
    0.934074999999999931788E+0003   0.137006578746800555813E-0001   0.153327050264431374686E-0003   0.137761777591445520520E+0008   0.599763247297228099342E+0004
    0.934074999999999931788E+0003   0.114616115164958183581E-0001   0.149504488054514510578E-0003   0.139773841662531271577E+0008  -0.228233653822831511206E+0005
    0.934074999999999931788E+0003   0.864478178236961075642E-0002   0.134935368528775185941E-0003   0.147748910747009608895E+0008  -0.539675068971550790593E+0005
    0.934074999999999931788E+0003   0.647381660167294266384E-0002   0.639507273835626796274E-0004   0.144636528328461963683E+0008  -0.241009823727351758862E+0005
    0.934074999999999931788E+0003   0.207381197670852834847E-0002   0.295989962032807505052E-0005   0.155681402867093831301E+0008   0.242958706178441534576E+0005
    0.934074999999999931788E+0003   0.117786869040684277223E-0003   0.139267546827680938651E-0006   0.160595844566864054650E+0008   0.195384283924152259715E+0005
    0.934074999999999931788E+0003   0.861148282411968067564E-0005   0.530995485902839653660E-0008   0.149216217999127116054E+0008   0.997772548950213422359E+0004
    0.934074999999999931788E+0003   0.424202935578805666154E-0005   0.175786769816291637778E-0008   0.145982213670130036771E+0008   0.637002779817507598636E+0004
    0.934074999999999931788E+0003   0.288108059040526072713E-0005   0.864498017886182577867E-0009   0.144311941352953128517E+0008   0.454578622183479183150E+0004
    0.934074999999999931788E+0003   0.227673564391575650363E-0005   0.527979802896995791173E-0009   0.143313653052406497300E+0008   0.347436723396199658964E+0004
    0.934074999999999931788E+0003   0.194270036540586134153E-0005   0.371051891853420862738E-0009   0.142648101942997220904E+0008   0.283987780389848967388E+0004
    0.934074999999999931788E+0003   0.172936246801845592274E-0005   0.291386412638429717564E-0009   0.142162636160638146102E+0008   0.249154405963139606683E+0004
    0.934074999999999931788E+0003   0.934074999999999925253E-0006  -0.210133217848481195511E-0037   0.139638367127771191299E+0008   0.000000000000000000000E+0000
    0.934074999999999931788E+0003   0.934074999999999925253E-0006  -0.210133217848481195511E-0037   0.139638367127771191299E+0008   0.000000000000000000000E+0000
    0.934074999999999931788E+0003   0.934075000000000137011E-0006  -0.210133217848481247713E-0037   0.139638367127771191299E+0008   0.000000000000000000000E+0000
    0.934074999999999931788E+0003   0.934074999999999925253E-0006  -0.210133217848481195511E-0037   0.139638367127771191299E+0008   0.000000000000000000000E+0000
    0.120757291666666651508E+0004   0.120757291666666627693E-0005  -0.271660394257251731614E-0037   0.139638367127771191299E+0008   0.000000000000000000000E+0000
    0.120757291666666651508E+0004   0.120757291666666627693E-0005  -0.271660394257251731614E-0037   0.139638367127771191299E+0008   0.000000000000000000000E+0000
    0.120757291666666651508E+0004   0.120757291666666627693E-0005  -0.271660394257251731614E-0037   0.139638367127771191299E+0008   0.000000000000000000000E+0000
    0.120757291666666651508E+0004   0.120757291666666648868E-0005  -0.271660394257251783816E-0037   0.139638367127771191299E+0008   0.000000000000000000000E+0000
    0.120757291666666651508E+0004   0.237720555004848066585E-0005  -0.678064368288567097698E-0009   0.142428002994018662721E+0008  -0.430079347157162374060E+0004
    0.120757291666666651508E+0004   0.271913714466098131110E-0005  -0.972434106905731184004E-0009   0.142994948239574506879E+0008  -0.544425158490246394649E+0004
    0.120757291666666651508E+0004   0.327871125542732251877E-0005  -0.158459899707580732560E-0008   0.143789415612579695880E+0008  -0.744686801631598063977E+0004
    0.120757291666666651508E+0004   0.436203332655165042220E-0005  -0.304622892364521981534E-0008   0.145025075318203046918E+0008  -0.109579377828285705618E+0005
    0.120757291666666651508E+0004   0.707585734013439716163E-0005  -0.757864455289634768985E-0008   0.147139680552345365286E+0008  -0.170555928470640028536E+0005
    0.120757291666666651508E+0004   0.207229755039434475512E-0004  -0.431606626494917779037E-0007   0.152703273810035232455E+0008  -0.383323087853086253745E+0005
    0.120757291666666651508E+0004   0.541089869787888654712E-0003  -0.216397563469526610678E-0005   0.162030804364724960178E+0008  -0.652442529496764982468E+0005
    0.120757291666666651508E+0004   0.307103620610096189614E-0002  -0.151286042979397026989E-0004   0.150787551437029074878E+0008  -0.653461636236012636800E+0005
    0.120757291666666651508E+0004   0.729812915220286271417E-0002  -0.118886126189449880435E-0003   0.147772932459055855870E+0008   0.342528469342763912664E+0003
    0.120757291666666651508E+0004   0.997404218456829708139E-0002  -0.235106092288980340118E-0003   0.148452381008887831122E+0008   0.324721576013679368771E+0005
    0.120757291666666651508E+0004   0.134907992394852800644E-0001  -0.232076881250387962374E-0003   0.141355881319606360048E+0008  -0.129434410983414954899E+0004
    0.120757291666666651508E+0004   0.165192667762999456649E-0001  -0.182567112567792017540E-0003   0.138370737127431370318E+0008  -0.103848459710840379557E+0005
    0.120757291666666651508E+0004   0.187957418186422350881E-0001  -0.130120538787028942884E-0003   0.137540569066860321909E+0008  -0.876779011566389635846E+0004
    0.120757291666666651508E+0004   0.203549859965102206139E-0001  -0.765565156445646211904E-0004   0.137107780688118264079E+0008  -0.438320840195067739842E+0004
    0.120757291666666651508E+0004   0.212411652264924283307E-0001  -0.225071915236090887996E-0004   0.136874302251254282892E+0008   0.419022418805251788854E+0003
    0.120757291666666651508E+0004   0.214877719063579775138E-0001   0.314244422596000248750E-0004   0.136745380422770250589E+0008   0.609322168839662845130E+0004
    0.120757291666666651508E+0004   0.211223806280472908847E-0001   0.848114423553306812347E-0004   0.136686055785983745009E+0008   0.137924233880863430386E+0005
    0.120757291666666651508E+0004   0.201812816080043436195E-0001   0.135628030772101009545E-0003   0.136684270372982770205E+0008   0.240757699522222574160E+0005
    0.120757291666666651508E+0004   0.187588427499090215633E-0001   0.183205899341097827680E-0003   0.136744933591420315206E+0008   0.365988325539536599535E+0005
    0.120757291666666651508E+0004   0.170971388284683993575E-0001   0.192951113487217930766E-0003   0.136894657595570348203E+0008   0.406312274077340043732E+0005
    0.120757291666666651508E+0004   0.155081108397473847738E-0001   0.169423243270698569091E-0003   0.137207903316618651152E+0008   0.260373961028228077339E+0005
    0.120757291666666651508E+0004   0.137006581015362421949E-0001   0.153327050363130526836E-0003   0.137861034061581399292E+0008   0.599359511697865764290E+0004
    0.120757291666666651508E+0004   0.114616133354919266102E-0001   0.149504485085716505837E-0003   0.140017357419588621706E+0008  -0.228363996029473564704E+0005
    0.120757291666666651508E+0004   0.865118292875778280293E-0002   0.134912114325577757543E-0003   0.148201265784157514572E+0008  -0.535582497609852653113E+0005
    0.120757291666666651508E+0004   0.647413510279263269831E-0002   0.639502025866771253281E-0004   0.145477376186047513038E+0008  -0.237441618598700952134E+0005
    0.120757291666666651508E+0004   0.223865288073185923420E-0002   0.321601129597819578317E-0005   0.153986639266369119287E+0008   0.237962283049268080504E+0005
    0.120757291666666651508E+0004   0.181284825014016638027E-0003   0.216815037842232707106E-0006   0.160765032610924877226E+0008   0.196988462633378258033E+0005
    0.120757291666666651508E+0004   0.117995666585368338492E-0004   0.749252210430501966355E-0008   0.149616162930550500751E+0008   0.104723014003495482029E+0005
    0.120757291666666651508E+0004   0.560327674265070925085E-0005   0.235749733731946943983E-0008   0.146093010980212390423E+0008   0.649229387839780793001E+0004
    0.120757291666666651508E+0004   0.377059966935832364837E-0005   0.114726160533928016500E-0008   0.144376336917248014361E+0008   0.462880977795807393704E+0004
    0.120757291666666651508E+0004   0.296713005659713674629E-0005   0.696730297643663347194E-0009   0.143354624119785279036E+0008   0.353090568187723101801E+0004
    0.120757291666666651508E+0004   0.252610865443150578829E-0005   0.488084455937155440685E-0009   0.142677244408724457026E+0008   0.288251756546118576807E+0004
    0.120757291666666651508E+0004   0.224540892099613010913E-0005   0.382479582979857045779E-0009   0.142183771403090991080E+0008   0.252670518249034148539E+0004
    0.120757291666666651508E+0004   0.120757291666666648868E-0005  -0.271660394257251783816E-0037   0.139638367127771191299E+0008   0.000000000000000000000E+0000
    0.120757291666666651508E+0004   0.120757291666666648868E-0005  -0.271660394257251783816E-0037   0.139638367127771191299E+0008   0.000000000000000000000E+0000
    0.120757291666666651508E+0004   0.120757291666666670044E-0005  -0.271660394257251836019E-0037   0.139638367127771191299E+0008   0.000000000000000000000E+0000
    0.120757291666666651508E+0004   0.120757291666666648868E-0005  -0.271660394257251783816E-0037   0.139638367127771191299E+0008   0.000000000000000000000E+0000
    0.154432500000000004547E+0004   0.154432499999999960938E-0005  -0.347417478953890877735E-0037   0.139638367127771191299E+0008   0.000000000000000000000E+0000
    0.154432500000000004547E+0004   0.154432499999999960938E-0005  -0.347417478953890877735E-0037   0.139638367127771191299E+0008   0.000000000000000000000E+0000
    0.154432500000000004547E+0004   0.154432499999999960938E-0005  -0.347417478953890877735E-0037   0.139638367127771191299E+0008   0.000000000000000000000E+0000
    0.154432500000000004547E+0004   0.154432499999999982114E-0005  -0.347417478953890877735E-0037   0.139638367127771191299E+0008   0.000000000000000000000E+0000
    0.154432500000000004547E+0004   0.305713466580415337410E-0005  -0.885396051595258389895E-0009   0.142456036816678736359E+0008  -0.438381826112387716421E+0004
    0.154432500000000004547E+0004   0.350415506178944252520E-0005  -0.127460192252492973043E-0008   0.143034746457179412246E+0008  -0.556225289737350522046E+0004
    0.154432500000000004547E+0004   0.423919359730604101348E-0005  -0.208826359031270989251E-0008   0.143847392979651242495E+0008  -0.763150662433800516737E+0004
    0.154432500000000004547E+0004   0.567884191816204710783E-0005  -0.405580389992364088654E-0008   0.145122723080134913325E+0008  -0.112777103844272296556E+0005
    0.154432500000000004547E+0004   0.934248556836333570721E-0005  -0.102522183985047584353E-0007   0.147321090059855580330E+0008  -0.176712756184748432133E+0005
    0.154432500000000004547E+0004   0.309113635227040747626E-0004  -0.697005104695150139510E-0007   0.153573168335499074310E+0008  -0.411775211912636223133E+0005
    0.154432500000000004547E+0004   0.706540604914439795622E-0003  -0.283137964103113254458E-0005   0.160746658809005189687E+0008  -0.649318867828796574031E+0005
    0.154432500000000004547E+0004   0.323931297070914701181E-0002  -0.158436576925417553648E-0004   0.149509695708214361221E+0008  -0.623516633947472801083E+0005
    0.154432500000000004547E+0004   0.730334920357495961940E-0002  -0.118886025802152040746E-0003   0.148699882655594106764E+0008   0.224249303739732596341E+0003
    0.154432500000000004547E+0004   0.998284623147247668351E-0002  -0.235086993537760491259E-0003   0.148831571907854676247E+0008   0.320511451509477738000E+0005
    0.154432500000000004547E+0004   0.134908050178705850308E-0001  -0.232076881795476567703E-0003   0.141595587398674916476E+0008  -0.136754563838021226729E+0004
    0.154432500000000004547E+0004   0.165192670498151769620E-0001  -0.182567112772134203073E-0003   0.138475312455970775336E+0008  -0.102931886085380338045E+0005
    0.154432500000000004547E+0004   0.187957419360191314850E-0001  -0.130120538861484412885E-0003   0.137611798327309712768E+0008  -0.868173595895871403627E+0004
    0.154432500000000004547E+0004   0.203549860720036099315E-0001  -0.765565156684884365931E-0004   0.137160888240152336657E+0008  -0.430477156141459909122E+0004
    0.154432500000000004547E+0004   0.212411652859961150308E-0001  -0.225071915216495458388E-0004   0.136917776551900282502E+0008   0.485545425528382168068E+0003
    0.154432500000000004547E+0004   0.214877719585416307457E-0001   0.314244422829466652511E-0004   0.136783817474387455732E+0008   0.614650765320025129768E+0004
    0.154432500000000004547E+0004   0.211223806771852935793E-0001   0.848114424049761089774E-0004   0.136722640538414698094E+0008   0.138321761445242209447E+0005
    0.154432500000000004547E+0004   0.201812816570822450846E-0001   0.135628030858582937935E-0003   0.136721752530333083123E+0008   0.241026198231446833233E+0005
    0.154432500000000004547E+0004   0.187588428021686834390E-0001   0.183205899480976008332E-0003   0.136786418955041505396E+0008   0.366141679746817608248E+0005
    0.154432500000000004547E+0004   0.170971388894168539740E-0001   0.192951113668099038384E-0003   0.136944584082874692976E+0008   0.406369072626655397471E+0005
    0.154432500000000004547E+0004   0.155081109237461475803E-0001   0.169423243430059510418E-0003   0.137274532117214966565E+0008   0.260356838518718650448E+0005
    0.154432500000000004547E+0004   0.137006582653550756934E-0001   0.153327050434302165297E-0003   0.137959366725630704314E+0008   0.598871333011640490440E+0004
    0.154432500000000004547E+0004   0.114616148489863588222E-0001   0.149504482619482203555E-0003   0.140254097842843700200E+0008  -0.228306178687529354647E+0005
    0.154432500000000004547E+0004   0.865769193462566366559E-0002   0.134888704529640410853E-0003   0.148614037269489001483E+0008  -0.532059554715412668884E+0005
    0.154432500000000004547E+0004   0.647462334646619307177E-0002   0.639494137312739791782E-0004   0.146331913802169784904E+0008  -0.234456492224788926251E+0005
    0.154432500000000004547E+0004   0.239925105436148691437E-0002   0.346251722777960595933E-0005   0.152422829501936119050E+0008   0.232222815234588560998E+0005
    0.154432500000000004547E+0004   0.266705368424928804770E-0003   0.321874948441953745783E-0006   0.160592844159785062075E+0008   0.198213750788913421275E+0005
    0.154432500000000004547E+0004   0.162094328427469319632E-0004   0.106640396554575348246E-0007   0.150110140118815004826E+0008   0.110664682799768070254E+0005
    0.154432500000000004547E+0004   0.733095500660548735165E-0005   0.313293098101344894573E-0008   0.146212997999953962862E+0008   0.662415465034579847270E+0004
    0.154432500000000004547E+0004   0.488529090953047598372E-0005   0.150805651022451028628E-0008   0.144445992292630542070E+0008   0.471729421646887021780E+0004
    0.154432500000000004547E+0004   0.382671941891909603241E-0005   0.910250915072312002043E-0009   0.143398225742465853691E+0008   0.359036874658362421542E+0004
    0.154432500000000004547E+0004   0.325015789357121642896E-0005   0.635509280268515140010E-0009   0.142708082604284882545E+0008   0.292698855866785334001E+0004
    0.154432500000000004547E+0004   0.288445751059689003862E-0005   0.496877199610228753724E-0009   0.142205843943898752332E+0008   0.256314437140151585481E+0004
    0.154432500000000004547E+0004   0.154432499999999982114E-0005  -0.347417478953890877735E-0037   0.139638367127771191299E+0008   0.000000000000000000000E+0000
    0.154432500000000004547E+0004   0.154432499999999982114E-0005  -0.347417478953890877735E-0037   0.139638367127771191299E+0008   0.000000000000000000000E+0000
    0.154432500000000004547E+0004   0.154432500000000003290E-0005  -0.347417478953890982139E-0037   0.139638367127771191299E+0008   0.000000000000000000000E+0000
    0.154432500000000004547E+0004   0.154432499999999982114E-0005  -0.347417478953890877735E-0037   0.139638367127771191299E+0008   0.000000000000000000000E+0000
    0.196081874999999990905E+0004   0.196081874999999954665E-0005  -0.441113565350894188241E-0037   0.139638367127771191299E+0008   0.000000000000000000000E+0000
    0.196081874999999990905E+0004   0.196081874999999954665E-0005  -0.441113565350894188241E-0037   0.139638367127771191299E+0008   0.000000000000000000000E+0000
    0.196081874999999990905E+0004   0.196081874999999954665E-0005  -0.441113565350894188241E-0037   0.139638367127771191299E+0008   0.000000000000000000000E+0000
    0.196081874999999990905E+0004   0.196081874999999997017E-0005  -0.441113565350894292646E-0037   0.139638367127771191299E+0008   0.000000000000000000000E+0000
    0.196081874999999990905E+0004   0.390456706457704608550E-0005  -0.114881680034098554406E-0008   0.142485777236429695040E+0008  -0.447095963070926336513E+0004
    0.196081874999999990905E+0004   0.448574691775098018814E-0005  -0.166065978552814004095E-0008   0.143077509090376161039E+0008  -0.568693370654319096502E+0004
    0.196081874999999990905E+0004   0.544623553510165104002E-0005  -0.273699344777418884460E-0008   0.143910179823019634932E+0008  -0.782872080933735287545E+0004
    0.196081874999999990905E+0004   0.735180732549711840585E-0005  -0.537546675088820921877E-0008   0.145228836571376975626E+0008  -0.116149219281007808604E+0005
    0.196081874999999990905E+0004   0.122948908423754137229E-0004  -0.138679612393468423629E-0007   0.147532729741700552404E+0008  -0.184346305673832175671E+0005
    0.196081874999999990905E+0004   0.468646584551007166163E-0004  -0.113687153990318976195E-0006   0.154456293778067231178E+0008  -0.434982691475243700552E+0005
    0.196081874999999990905E+0004   0.885010551228752623959E-0003  -0.355233522789825202550E-0005   0.159267753071160409600E+0008  -0.642780781732207979076E+0005
    0.196081874999999990905E+0004   0.340229302810618298991E-0002  -0.165127892349067379894E-0004   0.148402945728348772973E+0008  -0.600597573168614471797E+0005
    0.196081874999999990905E+0004   0.731221662314158506180E-0002  -0.118885974152521857071E-0003   0.149574509847662951797E+0008  -0.694350551634047263860E+0002
    0.196081874999999990905E+0004   0.999155692846738496815E-0002  -0.235068339263705947985E-0003   0.149219773381415624171E+0008   0.317993505127081807586E+0005
    0.196081874999999990905E+0004   0.134908099603818637524E-0001  -0.232076882277537573400E-0003   0.141835694192019142210E+0008  -0.138930042886609498964E+0004
    0.196081874999999990905E+0004   0.165192672543673091390E-0001  -0.182567112923483947443E-0003   0.138582015002198480070E+0008  -0.102017559846344247489E+0005
    0.196081874999999990905E+0004   0.187957420209068047645E-0001  -0.130120538914786773241E-0003   0.137684825728936847299E+0008  -0.860070872659119413584E+0004
    0.196081874999999990905E+0004   0.203549861256157524347E-0001  -0.765565156851767745876E-0004   0.137215644273997489363E+0008  -0.423274634441024045373E+0004
    0.196081874999999990905E+0004   0.212411653278453196880E-0001  -0.225071915200773137752E-0004   0.136962786290562041104E+0008   0.546025169801820879911E+0003
    0.196081874999999990905E+0004   0.214877719950568868423E-0001   0.314244422994142325782E-0004   0.136823723656797986478E+0008   0.619452896554239578109E+0004
    0.196081874999999990905E+0004   0.211223807115051114003E-0001   0.848114424397353053667E-0004   0.136760660670810155571E+0008   0.138674751657785727730E+0005
    0.196081874999999990905E+0004   0.201812816913907039362E-0001   0.135628030919085051237E-0003   0.136760659560672082007E+0008   0.241257118775597191416E+0005
    0.196081874999999990905E+0004   0.187588428388480270292E-0001   0.183205899579158619462E-0003   0.136829329412690810859E+0008   0.366263012640839297092E+0005
    0.196081874999999990905E+0004   0.170971389325570849449E-0001   0.192951113796095745584E-0003   0.136995919091622233391E+0008   0.406398145348482867121E+0005
    0.196081874999999990905E+0004   0.155081109842001609034E-0001   0.169423243544683207237E-0003   0.137342444534232411534E+0008   0.260316566239607636817E+0005
    0.196081874999999990905E+0004   0.137006583870269878223E-0001   0.153327050487072778697E-0003   0.138058504087338633835E+0008   0.598148702268385386560E+0004
    0.196081874999999990905E+0004   0.114616161373727303702E-0001   0.149504480524451023767E-0003   0.140487286968370117247E+0008  -0.228191151086179597769E+0005
    0.196081874999999990905E+0004   0.866428850143379641890E-0002   0.134865185221070594829E-0003   0.149004922666879352182E+0008  -0.529194339188826997997E+0005
    0.196081874999999990905E+0004   0.647540613502182310635E-0002   0.639481708119161301740E-0004   0.147205049682282712311E+0008  -0.232019890701227704994E+0005
    0.196081874999999990905E+0004   0.255815198414280700612E-0002   0.370260227310815214595E-0005   0.150981412576036863029E+0008   0.226147731691057415446E+0005
    0.196081874999999990905E+0004   0.375568641403290078788E-0003   0.456805790215201108348E-0006   0.160072973633413370699E+0008   0.199214251992498539039E+0005
    0.196081874999999990905E+0004   0.225022090381792451517E-0004   0.154409394671941241075E-0007   0.150705923057577628642E+0008   0.117381040413290593278E+0005
    0.196081874999999990905E+0004   0.954086307336179888076E-0005   0.414504563986341664794E-0008   0.146346884973054304719E+0008   0.677194653791415203159E+0004
    0.196081874999999990905E+0004   0.629091023673307530960E-0005   0.197175133838553505338E-0008   0.144522692022799588740E+0008   0.481297054943544935668E+0004
    0.196081874999999990905E+0004   0.490277725305987025428E-0005   0.118206789747516971819E-0008   0.143445502239989880472E+0008   0.365375172212569077601E+0004
    0.196081874999999990905E+0004   0.415333808499978537107E-0005   0.822256711462459807914E-0009   0.142741287131499592215E+0008   0.297382641687810382791E+0004
    0.196081874999999990905E+0004   0.367966792723102814855E-0005   0.641290638454451822854E-0009   0.142229263828203044832E+0008   0.260119052808194464887E+0004
    0.196081874999999990905E+0004   0.196081874999999997017E-0005  -0.441113565350894292646E-0037   0.139638367127771191299E+0008   0.000000000000000000000E+0000
    0.196081874999999990905E+0004   0.196081874999999997017E-0005  -0.441113565350894292646E-0037   0.139638367127771191299E+0008   0.000000000000000000000E+0000
    0.196081874999999990905E+0004   0.196081874999999997017E-0005  -0.441113565350894344849E-0037   0.139638367127771191299E+0008   0.000000000000000000000E+0000
    0.196081874999999990905E+0004   0.196081874999999997017E-0005  -0.441113565350894292646E-0037   0.139638367127771191299E+0008   0.000000000000000000000E+0000
    0.247622083333333284827E+0004   0.247622083333333264249E-0005  -0.557060462823414436697E-0037   0.139638367127771191299E+0008   0.000000000000000000000E+0000
    0.247622083333333284827E+0004   0.247622083333333264249E-0005  -0.557060462823414436697E-0037   0.139638367127771191299E+0008   0.000000000000000000000E+0000
    0.247622083333333284827E+0004   0.247622083333333264249E-0005  -0.557060462823414436697E-0037   0.139638367127771191299E+0008   0.000000000000000000000E+0000
    0.247622083333333284827E+0004   0.247622083333333306600E-0005  -0.557060462823414436697E-0037   0.139638367127771191299E+0008   0.000000000000000000000E+0000
    0.247622083333333284827E+0004   0.496195430693671355479E-0005  -0.148406745004355378729E-0008   0.142517411598813124001E+0008  -0.456263094056565751089E+0004
    0.247622083333333284827E+0004   0.571498221645022447225E-0005  -0.215498911414665122581E-0008   0.143123627980447318405E+0008  -0.581875663794858610345E+0004
    0.247622083333333284827E+0004   0.696628018622272098762E-0005  -0.357512346894020079888E-0008   0.143978501785491015762E+0008  -0.803926606854229339660E+0004
    0.247622083333333284827E+0004   0.948398636348755802732E-0005  -0.710681391020739447999E-0008   0.145344310907277483493E+0008  -0.119683742078686227615E+0005
    0.247622083333333284827E+0004   0.161813133186119472210E-0004  -0.188491248932183769689E-0007   0.147787350203602164984E+0008  -0.194141605819916185283E+0005
    0.247622083333333284827E+0004   0.719372339503816088640E-0004  -0.185682053431783662436E-0006   0.155282879546104446054E+0008  -0.452364270413385165739E+0005
    0.247622083333333284827E+0004   0.107250287525958044182E-0002  -0.430638728047396786373E-0005   0.157665811928390227258E+0008  -0.630945866976718607475E+0005
    0.247622083333333284827E+0004   0.355905014595195648419E-0002  -0.171401516875034209009E-0004   0.147472679219128396362E+0008  -0.584379041679583751829E+0005
    0.247622083333333284827E+0004   0.732671586321697460020E-0002  -0.118886326710257602367E-0003   0.150362732755522914231E+0008  -0.669452126670664256380E+0003
    0.247622083333333284827E+0004   0.100004303975205904864E-0001  -0.235049505303742593083E-0003   0.149621694171980526298E+0008   0.316401093297129518760E+0005
    0.247622083333333284827E+0004   0.134908142688956803057E-0001  -0.232076882697160568605E-0003   0.142079374499544128776E+0008  -0.136923547531949179756E+0004
    0.247622083333333284827E+0004   0.165192674103687223153E-0001  -0.182567113037790677756E-0003   0.138691705687407385558E+0008  -0.101104513344334754947E+0005
    0.247622083333333284827E+0004   0.187957420834821697930E-0001  -0.130120538953696458177E-0003   0.137760206965431813151E+0008  -0.852269823325412653503E+0004
    0.247622083333333284827E+0004   0.203549861644147372930E-0001  -0.765565156970514175665E-0004   0.137272459575164783746E+0008  -0.416481272626058216701E+0004
    0.247622083333333284827E+0004   0.212411653578349415850E-0001  -0.225071915188229054142E-0004   0.137009674143019933254E+0008   0.602623536953682901185E+0003
    0.247622083333333284827E+0004   0.214877720210896391850E-0001   0.314244423112389887048E-0004   0.136865411761425938457E+0008   0.623912090941962287616E+0004
    0.247622083333333284827E+0004   0.211223807359261078753E-0001   0.848114424645222812239E-0004   0.136800425703865177929E+0008   0.138997945096217063110E+0005
    0.247622083333333284827E+0004   0.201812817158254012573E-0001   0.135628030962201494812E-0003   0.136801323229573760182E+0008   0.241461956653634479153E+0005
    0.247622083333333284827E+0004   0.187588428650767961858E-0001   0.183205899649365941406E-0003   0.136874051858626324683E+0008   0.366361151818662328878E+0005
    0.247622083333333284827E+0004   0.170971389636683547553E-0001   0.192951113888371623278E-0003   0.137049158364995811135E+0008   0.406405993916125880787E+0005
    0.247622083333333284827E+0004   0.155081110285283860217E-0001   0.169423243628673178248E-0003   0.137412349321091845632E+0008   0.260255760930105752777E+0005
    0.247622083333333284827E+0004   0.137006584790733583479E-0001   0.153327050526908643339E-0003   0.138159628921289909631E+0008   0.597155195700423701055E+0004
    0.247622083333333284827E+0004   0.114616172503380978065E-0001   0.149504478718498609244E-0003   0.140719567081376686692E+0008  -0.228108741680250786885E+0005
    0.247622083333333284827E+0004   0.867097683008050471032E-0002   0.134841514637867279820E-0003   0.149385992838392946869E+0008  -0.526946793324749742169E+0005
    0.247622083333333284827E+0004   0.647670740971736068337E-0002   0.639461363296403399736E-0004   0.148095295073041059077E+0008  -0.230019452132752921898E+0005
    0.247622083333333284827E+0004   0.271618263741547211199E-0002   0.393722227638315375712E-0005   0.149662935565161723644E+0008   0.220252683563528953528E+0005
    0.247622083333333284827E+0004   0.506835198045179832760E-0003   0.620934819018614236942E-0006   0.159230145681004039943E+0008   0.199990451023361529224E+0005
    0.247622083333333284827E+0004   0.317355521074733803360E-0004   0.228434953990793849324E-0007   0.151393008733648639172E+0008   0.124374999878478320170E+0005
    0.247622083333333284827E+0004   0.123824674614663569091E-0004   0.547608014896391701385E-0008   0.146499866766658369452E+0008   0.694266310679831894959E+0004
    0.247622083333333284827E+0004   0.806832259827340309965E-0005   0.257003650399679782551E-0008   0.144607730854793228209E+0008   0.491659795045865030261E+0004
    0.247622083333333284827E+0004   0.625219817643142711531E-0005   0.152899638961901243911E-0008   0.143497271738926433027E+0008   0.372159762570620296174E+0004
    0.247622083333333284827E+0004   0.528148443954720546315E-0005   0.105926978883340308898E-0008   0.142777362291537299752E+0008   0.302326034069634943080E+0004
    0.247622083333333284827E+0004   0.467022053483832199218E-0005   0.823859223735347598893E-0009   0.142254305803148206323E+0008   0.264094723226749147216E+0004
    0.247622083333333284827E+0004   0.247622083333333306600E-0005  -0.557060462823414436697E-0037   0.139638367127771191299E+0008   0.000000000000000000000E+0000
    0.247622083333333284827E+0004   0.247622083333333306600E-0005  -0.557060462823414436697E-0037   0.139638367127771191299E+0008   0.000000000000000000000E+0000
    0.247622083333333284827E+0004   0.247622083333333348952E-0005  -0.557060462823414645506E-0037   0.139638367127771191299E+0008   0.000000000000000000000E+0000
    0.247622083333333284827E+0004   0.247622083333333306600E-0005  -0.557060462823414436697E-0037   0.139638367127771191299E+0008   0.000000000000000000000E+0000
    0.311289999999999963620E+0004   0.311289999999999860542E-0005  -0.700290334117214228285E-0037   0.139638367127771191299E+0008   0.000000000000000000000E+0000
    0.311289999999999963620E+0004   0.311289999999999860542E-0005  -0.700290334117214228285E-0037   0.139638367127771191299E+0008   0.000000000000000000000E+0000
    0.311289999999999963620E+0004   0.311289999999999860542E-0005  -0.700290334117214228285E-0037   0.139638367127771191299E+0008   0.000000000000000000000E+0000
    0.311289999999999963620E+0004   0.311289999999999902894E-0005  -0.700290334117214332690E-0037   0.139638367127771191299E+0008   0.000000000000000000000E+0000
    0.311289999999999963620E+0004   0.627984628045214762293E-0005  -0.191053520049826756696E-0008   0.142551102438440248370E+0008  -0.465954536457984067965E+0004
    0.311289999999999963620E+0004   0.725331658172658272550E-0005  -0.278801991712811050425E-0008   0.143173521012487187982E+0008  -0.595876290887263076002E+0004
    0.311289999999999963620E+0004   0.888054616454663281531E-0005  -0.465910957748955424164E-0008   0.144053239759644716978E+0008  -0.826522180076939184801E+0004
    0.311289999999999963620E+0004   0.122048117997403285471E-0004  -0.938223351949182049442E-0008   0.145470539442784357816E+0008  -0.123412160111535176839E+0005
    0.311289999999999963620E+0004   0.213612218151738007550E-0004  -0.258723075450129574624E-0007   0.148102814512228779495E+0008  -0.207014559285569994245E+0005
    0.311289999999999963620E+0004   0.110813186818624071894E-0003  -0.300364201460515471665E-0006   0.155966036255397107452E+0008  -0.464341455984013882698E+0005
    0.311289999999999963620E+0004   0.126606207780394696902E-0002  -0.507457357136277281034E-0005   0.156004116339447107166E+0008  -0.612981683067117046448E+0005
    0.311289999999999963620E+0004   0.370931413702413684264E-0002  -0.177312177982391980116E-0004   0.146716665639532301575E+0008  -0.573383072435330177541E+0005
    0.311289999999999963620E+0004   0.734876990389878546883E-0002  -0.118887969759890312158E-0003   0.151032251113409157842E+0008  -0.155923804590253712377E+0004
    0.311289999999999963620E+0004   0.100097187002940457567E-0001  -0.235029932787636671159E-0003   0.150038713743361961097E+0008   0.315059247211029505706E+0005
    0.311289999999999963620E+0004   0.134908180840568117653E-0001  -0.232076883058501679718E-0003   0.142328789702112954110E+0008  -0.131937751621917072953E+0004
    0.311289999999999963620E+0004   0.165192675310491463025E-0001  -0.182567113125352037829E-0003   0.138804816424255575985E+0008  -0.100194460152227820799E+0005
    0.311289999999999963620E+0004   0.187957421302384006245E-0001  -0.130120538982490374213E-0003   0.137838231519013382494E+0008  -0.844538974547056932352E+0004
    0.311289999999999963620E+0004   0.203549861928667280564E-0001  -0.765565157056164792039E-0004   0.137331554706870615482E+0008  -0.409819886235309968470E+0004
    0.311289999999999963620E+0004   0.212411653796072893985E-0001  -0.225071915178238740986E-0004   0.137058630391198210418E+0008   0.657851351131911314951E+0003
    0.311289999999999963620E+0004   0.214877720398902669063E-0001   0.314244423198362240416E-0004   0.136909059762578699738E+0008   0.628231308262937182008E+0004
    0.311289999999999963620E+0004   0.211223807535285204584E-0001   0.848114424824237601343E-0004   0.136842114757920987904E+0008   0.139306686428225220880E+0005
    0.311289999999999963620E+0004   0.201812817334537583647E-0001   0.135628030993323680804E-0003   0.136843938144278302789E+0008   0.241651943968133891758E+0005
    0.311289999999999963620E+0004   0.187588428840772987460E-0001   0.183205899700220715357E-0003   0.136920816634859759361E+0008   0.366444386957442256971E+0005
    0.311289999999999963620E+0004   0.170971389864004036374E-0001   0.192951113955768123985E-0003   0.137104603260848019272E+0008   0.406398973724691459211E+0005
    0.311289999999999963620E+0004   0.155081110614658061742E-0001   0.169423243691031852245E-0003   0.137484691692589111626E+0008   0.260178266171485593077E+0005
    0.311289999999999963620E+0004   0.137006585496472522989E-0001   0.153327050557371580199E-0003   0.138263510662328116596E+0008   0.595891741680883751542E+0004
    0.311289999999999963620E+0004   0.114616182225496070213E-0001   0.149504477143854819319E-0003   0.140953080806804616004E+0008  -0.228110642666651001491E+0005
    0.311289999999999963620E+0004   0.867779025337801074302E-0002   0.134817552489235967933E-0003   0.149765127082772869617E+0008  -0.525229473143939612783E+0005
    0.311289999999999963620E+0004   0.647892718324408721509E-0002   0.639427146530061984823E-0004   0.148992919504002239555E+0008  -0.228224952672754952800E+0005
    0.311289999999999963620E+0004   0.287269341017975078992E-0002   0.416569131697357716517E-0005   0.148474958233867585659E+0008   0.215084956533783843042E+0005
    0.311289999999999963620E+0004   0.657306683850413225184E-0003   0.810800152808159061435E-0006   0.158117454784941636026E+0008   0.200358434911978547461E+0005
    0.311289999999999963620E+0004   0.455797652460517661518E-0004   0.345173356018922700384E-0007   0.152138849044992905110E+0008   0.131046383805811419734E+0005
    0.311289999999999963620E+0004   0.160530637762610635779E-0004   0.724019856253898795489E-0008   0.146678412323418278247E+0008   0.714540912025628767879E+0004
    0.311289999999999963620E+0004   0.103177172092516674382E-0004   0.334349155547932883103E-0008   0.144701975090675838292E+0008   0.502831466385047406220E+0004
    0.311289999999999963620E+0004   0.794390161251348810175E-0005   0.197204563458061376646E-0008   0.143554169437093473971E+0008   0.379424561201018468637E+0004
    0.311289999999999963620E+0004   0.668947892557382391447E-0005   0.136001028012706626124E-0008   0.142816674001554157585E+0008   0.307542896009036667238E+0004
    0.311289999999999963620E+0004   0.590262305813434072846E-0005   0.105448419761257969119E-0008   0.142281129502330608666E+0008   0.268248484335708235449E+0004
    0.311289999999999963620E+0004   0.311289999999999902894E-0005  -0.700290334117214332690E-0037   0.139638367127771191299E+0008   0.000000000000000000000E+0000
    0.311289999999999963620E+0004   0.311289999999999902894E-0005  -0.700290334117214332690E-0037   0.139638367127771191299E+0008   0.000000000000000000000E+0000
    0.311289999999999963620E+0004   0.311289999999999987597E-0005  -0.700290334117214541500E-0037   0.139638367127771191299E+0008   0.000000000000000000000E+0000
    0.311289999999999963620E+0004   0.311289999999999902894E-0005  -0.700290334117214332690E-0037   0.139638367127771191299E+0008   0.000000000000000000000E+0000
    0.387079166666666651508E+0004   0.387079166666666438403E-0005  -0.870788650309399249353E-0037   0.139638367127771191299E+0008   0.000000000000000000000E+0000
    0.387079166666666651508E+0004   0.387079166666666438403E-0005  -0.870788650309399249353E-0037   0.139638367127771191299E+0008   0.000000000000000000000E+0000
    0.387079166666666651508E+0004   0.387079166666666438403E-0005  -0.870788650309399249353E-0037   0.139638367127771191299E+0008   0.000000000000000000000E+0000
    0.387079166666666651508E+0004   0.387079166666666523106E-0005  -0.870788650309399353757E-0037   0.139638367127771191299E+0008   0.000000000000000000000E+0000
    0.387079166666666651508E+0004   0.786358821912701271429E-0005  -0.243384551896775896166E-0008   0.142585950417906157672E+0008  -0.475977025714455885463E+0004
    0.387079166666666651508E+0004   0.911037202403109733369E-0005  -0.357043124054619416915E-0008   0.143226057300664652139E+0008  -0.610439360457906332158E+0004
    0.387079166666666651508E+0004   0.112077048112704763083E-0004  -0.601361231216914098149E-0008   0.144133021152147278190E+0008  -0.850313839140621530532E+0004
    0.387079166666666651508E+0004   0.155606234674407199639E-0004  -0.122739613402311604291E-0007   0.145605602551451101899E+0008  -0.127318508718711163965E+0005
    0.387079166666666651508E+0004   0.281346929823065364771E-0004  -0.357027374336061954488E-0007   0.148487553241310175508E+0008  -0.223291238313068133721E+0005
    0.387079166666666651508E+0004   0.167124308999737629551E-0003  -0.469261035849404113698E-0006   0.156401207176287956536E+0008  -0.471679182787300742348E+0005
    0.387079166666666651508E+0004   0.145814693397169252778E-0002  -0.581957261913233029889E-0005   0.154385460726793613285E+0008  -0.590114840084162424318E+0005
    0.387079166666666651508E+0004   0.384956252170031310716E-0002  -0.182766827254164968778E-0004   0.146135011331480685622E+0008  -0.565852411446087717195E+0005
    0.387079166666666651508E+0004   0.737817434710948214655E-0002  -0.118892004597879070169E-0003   0.151556807885988205671E+0008  -0.255561477611552800226E+0004
    0.387079166666666651508E+0004   0.100193508908109109312E-0001  -0.235009782312450252488E-0003   0.150455106681765690446E+0008   0.313535262178398188553E+0005
    0.387079166666666651508E+0004   0.134908214074211559030E-0001  -0.232076883359022572611E-0003   0.142577601150077711791E+0008  -0.125373059462157948474E+0004
    0.387079166666666651508E+0004   0.165192676227991844251E-0001  -0.182567113191275161993E-0003   0.138917960147370211780E+0008  -0.993122217423063921160E+0004
    0.387079166666666651508E+0004   0.187957421645632734297E-0001  -0.130120539003425342382E-0003   0.137916574492170754820E+0008  -0.836896201797795038146E+0004
    0.387079166666666651508E+0004   0.203549862133637279871E-0001  -0.765565157116855448099E-0004   0.137391161661249771714E+0008  -0.403252692971251099152E+0004
    0.387079166666666651508E+0004   0.212411653951344696345E-0001  -0.225071915170497232543E-0004   0.137108190025220103562E+0008   0.712030312944453839918E+0003
    0.387079166666666651508E+0004   0.214877720532273691623E-0001   0.314244423259745972715E-0004   0.136953361440010610968E+0008   0.632426804795799853309E+0004
    0.387079166666666651508E+0004   0.211223807659912908574E-0001   0.848114424951219088734E-0004   0.136884481865483075380E+0008   0.139601565484678703797E+0005
    0.387079166666666651508E+0004   0.201812817459465013159E-0001   0.135628031015388929737E-0003   0.136887235455202385783E+0008   0.241827542413010087330E+0005
    0.387079166666666651508E+0004   0.187588428975983753655E-0001   0.183205899736404932872E-0003   0.136968241955654509366E+0008   0.366513807030877069337E+0005
    0.387079166666666651508E+0004   0.170971390027175700055E-0001   0.192951114004124435345E-0003   0.137160637701517399400E+0008   0.406379345888000898412E+0005
    0.387079166666666651508E+0004   0.155081110855093788625E-0001   0.169423243736513564174E-0003   0.137557410425506588072E+0008   0.260087421421472063230E+0005
    0.387079166666666651508E+0004   0.137006586028052268489E-0001   0.153327050580247053416E-0003   0.138367302474673967808E+0008   0.594410961435002354847E+0004
    0.387079166666666651508E+0004   0.114616190544938184592E-0001   0.149504475798307122619E-0003   0.141182154371187072247E+0008  -0.228212301308118076122E+0005
    0.387079166666666651508E+0004   0.868456312553788148390E-0002   0.134793859300285463407E-0003   0.150135671410592757165E+0008  -0.523963640822193701752E+0005
    0.387079166666666651508E+0004   0.648259708884370809689E-0002   0.639371349926841668143E-0004   0.149852715676645450294E+0008  -0.226372724215008383908E+0005
    0.387079166666666651508E+0004   0.302152426252211237998E-0002   0.437996225243371079623E-0005   0.147459597748963013291E+0008   0.211117844557076969068E+0005
    0.387079166666666651508E+0004   0.817647740179621709475E-0003   0.101467982611534755209E-0005   0.156844059631616305560E+0008   0.199988240555755655805E+0005
    0.387079166666666651508E+0004   0.658102616607595693448E-0004   0.523131449579278899396E-0007   0.152867101120043043047E+0008   0.136758450302005003323E+0005
    0.387079166666666651508E+0004   0.206565959817771470819E-0004   0.951906784638962796906E-0008   0.146884422005360405892E+0008   0.738494319845677182457E+0004
    0.387079166666666651508E+0004   0.130675191494087312381E-0004   0.431002626998704219975E-0008   0.144802819092304762453E+0008   0.514449875393344791519E+0004
    0.387079166666666651508E+0004   0.999039688938301996914E-0005   0.251834543139891772456E-0008   0.143614777364733889699E+0008   0.386970268301726855498E+0004
    0.387079166666666651508E+0004   0.838431053172404938223E-0005   0.172817813389336157426E-0008   0.142858163030512314290E+0008   0.312889001099867073208E+0004
    0.387079166666666651508E+0004   0.738088953805418372873E-0005   0.133541077926131675648E-0008   0.142308923883280586451E+0008   0.272467207765974626454E+0004
    0.387079166666666651508E+0004   0.387079166666666523106E-0005  -0.870788650309399353757E-0037   0.139638367127771191299E+0008   0.000000000000000000000E+0000
    0.387079166666666651508E+0004   0.387079166666666523106E-0005  -0.870788650309399353757E-0037   0.139638367127771191299E+0008   0.000000000000000000000E+0000
    0.387079166666666651508E+0004   0.387079166666666607809E-0005  -0.870788650309399666972E-0037   0.139638367127771191299E+0008   0.000000000000000000000E+0000
    0.387079166666666651508E+0004   0.387079166666666523106E-0005  -0.870788650309399353757E-0037   0.139638367127771191299E+0008   0.000000000000000000000E+0000
    0.477529166666666606034E+0004   0.477529166666666394023E-0005  -0.107426855882204678001E-0036   0.139638367127771191299E+0008   0.000000000000000000000E+0000
    0.477529166666666606034E+0004   0.477529166666666394023E-0005  -0.107426855882204678001E-0036   0.139638367127771191299E+0008   0.000000000000000000000E+0000
    0.477529166666666606034E+0004   0.477529166666666394023E-0005  -0.107426855882204678001E-0036   0.139638367127771191299E+0008   0.000000000000000000000E+0000
    0.477529166666666606034E+0004   0.477529166666666478726E-0005  -0.107426855882204678001E-0036   0.139638367127771191299E+0008   0.000000000000000000000E+0000
    0.477529166666666606034E+0004   0.977275114777303421910E-0005  -0.307830711036836548965E-0008   0.142622466661062538624E+0008  -0.486558249070327838126E+0004
    0.477529166666666606034E+0004   0.113603162808609811152E-0004  -0.454160122366407114352E-0008   0.143282220956463124603E+0008  -0.625937505183323810343E+0004
    0.477529166666666606034E+0004   0.140494498990776250263E-0004  -0.771536264255979880470E-0008   0.144219646222173683345E+0008  -0.875959281461968203075E+0004
    0.477529166666666606034E+0004   0.197245557536600986100E-0004  -0.159754542209807728133E-0007   0.145753724794360212982E+0008  -0.131614832224975598365E+0005
    0.477529166666666606034E+0004   0.372105281265535753300E-0004  -0.499480833119051804914E-0007   0.148957911535982433707E+0008  -0.243141574223916395567E+0005
    0.477529166666666606034E+0004   0.245239937839094646922E-0003  -0.705866981141239846354E-0006   0.156531567784496881068E+0008  -0.475668121971362124896E+0005
    0.477529166666666606034E+0004   0.165030830367698640518E-0002  -0.654156878662128620763E-0005   0.152831286764573995024E+0008  -0.563709735374853553367E+0005
    0.477529166666666606034E+0004   0.398325042690436063181E-0002  -0.187923776823679163778E-0004   0.145684394316614475101E+0008  -0.559873706345559548936E+0005
    0.477529166666666606034E+0004   0.741406365215035913913E-0002  -0.118899213900454343374E-0003   0.151965562869448568672E+0008  -0.349681947302991375182E+0004
    0.477529166666666606034E+0004   0.100296216478431184094E-0001  -0.234988472144681418211E-0003   0.150869168716689553112E+0008   0.311633452708147779049E+0005
    0.477529166666666606034E+0004   0.134908243844919853438E-0001  -0.232076883613252911648E-0003   0.142829555514218788594E+0008  -0.118185442653899099241E+0004
    0.477529166666666606034E+0004   0.165192676944888178214E-0001  -0.182567113242290018395E-0003   0.139032327957082241774E+0008  -0.984417131439485638111E+0004
    0.477529166666666606034E+0004   0.187957421904640549493E-0001  -0.130120539019068807637E-0003   0.137996082249164823443E+0008  -0.829138784829483302019E+0004
    0.477529166666666606034E+0004   0.203549862285426867714E-0001  -0.765565157161048612851E-0004   0.137451903667057938874E+0008  -0.396594670102227064490E+0004
    0.477529166666666606034E+0004   0.212411654065178361062E-0001  -0.225071915164372303420E-0004   0.137158861471343599260E+0008   0.766531867292336983155E+0003
    0.477529166666666606034E+0004   0.214877720629537416475E-0001   0.314244423304793895355E-0004   0.136998762898461595178E+0008   0.636589705727638647659E+0004
    0.477529166666666606034E+0004   0.211223807750624513468E-0001   0.848114425043807785860E-0004   0.136927948539991788566E+0008   0.139887867326120267535E+0005
    0.477529166666666606034E+0004   0.201812817550480125273E-0001   0.135628031031470575301E-0003   0.136931644879137091339E+0008   0.241990924961003984208E+0005
    0.477529166666666606034E+0004   0.187588429074899872007E-0001   0.183205899762871500525E-0003   0.137016803448470495641E+0008   0.366568991871723046643E+0005
    0.477529166666666606034E+0004   0.170971390147582405494E-0001   0.192951114039790133170E-0003   0.137217839134279564023E+0008   0.406344728311813814798E+0005
    0.477529166666666606034E+0004   0.155081111035503191320E-0001   0.169423243770609364359E-0003   0.137631294969988800585E+0008   0.259980194611293409253E+0005
    0.477529166666666606034E+0004   0.137006586439514972675E-0001   0.153327050597893040085E-0003   0.138472222288544494659E+0008   0.592715997992639404401E+0004
    0.477529166666666606034E+0004   0.114616197837790808473E-0001   0.149504474619944810378E-0003   0.141410482795227505267E+0008  -0.228404528305901076237E+0005
    0.477529166666666606034E+0004   0.869144230531701533771E-0002   0.134769904308793507519E-0003   0.150504412310518622398E+0008  -0.522983416449169162661E+0005
    0.477529166666666606034E+0004   0.648859570494976327371E-0002   0.639281455834347272019E-0004   0.150661811495537199080E+0008  -0.224191570804670700454E+0005
    0.477529166666666606034E+0004   0.316319417414168829739E-0002   0.458195793312177718741E-0005   0.146605348728140275925E+0008   0.208294503272334804933E+0005
    0.477529166666666606034E+0004   0.984979188987396888505E-0003   0.122831850936993091411E-0005   0.155472156832640413195E+0008   0.198571696613412677834E+0005
    0.477529166666666606034E+0004   0.953754749682037927631E-0004   0.791962871744837433852E-0007   0.153520291335653811693E+0008   0.141417279225406600744E+0005
    0.477529166666666606034E+0004   0.264996333098057527521E-0004   0.125126646770318975512E-0007   0.147128901355370115489E+0008   0.767688596938691080140E+0004
    0.477529166666666606034E+0004   0.164455326399927698904E-0004   0.552429417448045969039E-0008   0.144911510584913883358E+0008   0.526659301875173241569E+0004
    0.477529166666666606034E+0004   0.124758181229116932569E-0004   0.319492056901154379880E-0008   0.143679949059744533151E+0008   0.394914908653028032859E+0004
    0.477529166666666606034E+0004   0.104313582839909685764E-0004   0.218053418085107509479E-0008   0.142902315390023831278E+0008   0.318450899831408514729E+0004
    0.477529166666666606034E+0004   0.915941322305605508283E-0005   0.167868371424212879196E-0008   0.142337924623305872083E+0008   0.276823330176976924122E+0004
    0.477529166666666606034E+0004   0.477529166666666478726E-0005  -0.107426855882204678001E-0036   0.139638367127771191299E+0008   0.000000000000000000000E+0000
    0.477529166666666606034E+0004   0.477529166666666478726E-0005  -0.107426855882204678001E-0036   0.139638367127771191299E+0008   0.000000000000000000000E+0000
    0.477529166666666606034E+0004   0.477529166666666563429E-0005  -0.107426855882204719763E-0036   0.139638367127771191299E+0008   0.000000000000000000000E+0000
    0.477529166666666606034E+0004   0.477529166666666478726E-0005  -0.107426855882204678001E-0036   0.139638367127771191299E+0008   0.000000000000000000000E+0000
    0.587984583333333466726E+0004   0.587984583333333175512E-0005  -0.132275344636278406947E-0036   0.139638367127771191299E+0008   0.000000000000000000000E+0000
    0.587984583333333466726E+0004   0.587984583333333175512E-0005  -0.132275344636278406947E-0036   0.139638367127771191299E+0008   0.000000000000000000000E+0000
    0.587984583333333466726E+0004   0.587984583333333175512E-0005  -0.132275344636278406947E-0036   0.139638367127771191299E+0008   0.000000000000000000000E+0000
    0.587984583333333466726E+0004   0.587984583333333260215E-0005  -0.132275344636278427828E-0036   0.139638367127771191299E+0008   0.000000000000000000000E+0000
    0.587984583333333466726E+0004   0.121296574268774520484E-0004  -0.389201506768971404605E-0008   0.142661933928756397218E+0008  -0.498145122383438319957E+0004
    0.587984583333333466726E+0004   0.141539513545941748342E-0004  -0.577877167873970051448E-0008   0.143344295152901746333E+0008  -0.643080606899569647794E+0004
    0.587984583333333466726E+0004   0.176099233738745747824E-0004  -0.991321917248674981052E-0008   0.144316934651219099760E+0008  -0.904623218448556872318E+0004
    0.587984583333333466726E+0004   0.250397068407156602366E-0004  -0.208656154900879190931E-0007   0.145923973768323063850E+0008  -0.136696440812328673928E+0005
    0.587984583333333466726E+0004   0.500000663653505885613E-0004  -0.718120141690464739733E-0007   0.149531487770105414093E+0008  -0.266180433638453832828E+0005
    0.587984583333333466726E+0004   0.350475186395911774903E-0003  -0.102646452976039758252E-0005   0.156315654556721746922E+0008  -0.477090947012962278677E+0005
    0.587984583333333466726E+0004   0.184800695273704758577E-0002  -0.725574053045919445772E-0005   0.151327018656746614724E+0008  -0.534938405559032180463E+0005
    0.587984583333333466726E+0004   0.411575237913822285230E-0002  -0.192996691799115118046E-0004   0.145321773035893309861E+0008  -0.554218819718729500892E+0005
    0.587984583333333466726E+0004   0.745576467136199131508E-0002  -0.118909965709450499496E-0003   0.152301511130745951086E+0008  -0.430446784266482609382E+0004
    0.587984583333333466726E+0004   0.100410147328995023874E-0001  -0.234965057333180125368E-0003   0.151285370089838746935E+0008   0.309352461272057880706E+0005
    0.587984583333333466726E+0004   0.134908271710244623276E-0001  -0.232076883836552101117E-0003   0.143092760449607316405E+0008  -0.110893148069604808370E+0004
    0.587984583333333466726E+0004   0.165192677527698367212E-0001  -0.182567113283360572470E-0003   0.139151180665425546467E+0008  -0.975578667745190796268E+0004
    0.587984583333333466726E+0004   0.187957422107887829610E-0001  -0.130120539031220708217E-0003   0.138079069410670958459E+0008  -0.821085090387269519852E+0004
    0.587984583333333466726E+0004   0.203549862402290539232E-0001  -0.765565157194481342093E-0004   0.137515542310908772051E+0008  -0.389705793337857312508E+0004
    0.587984583333333466726E+0004   0.212411654151927996315E-0001  -0.225071915159357089102E-0004   0.137212113689858969301E+0008   0.822342508202681756302E+0003
    0.587984583333333466726E+0004   0.214877720703263927482E-0001   0.314244423339154295080E-0004   0.137046577019698452204E+0008   0.640786791987797732872E+0004
    0.587984583333333466726E+0004   0.211223807819249584372E-0001   0.848114425113973013654E-0004   0.136973767780812457204E+0008   0.140169665119583805790E+0005
    0.587984583333333466726E+0004   0.201812817619401035918E-0001   0.135628031043652345650E-0003   0.136978442073455359787E+0008   0.242143664828395812947E+0005
    0.587984583333333466726E+0004   0.187588429150120500344E-0001   0.183205899782993289959E-0003   0.137067891152510549873E+0008   0.366608773074101845850E+0005
    0.587984583333333466726E+0004   0.170971390239952544809E-0001   0.192951114067136476676E-0003   0.137277840999616906047E+0008   0.406291139446514134761E+0005
    0.587984583333333466726E+0004   0.155081111176266078777E-0001   0.169423243797185707482E-0003   0.137708458898050878197E+0008   0.259850858837340820173E+0005
    0.587984583333333466726E+0004   0.137006586770819747956E-0001   0.153327050612046919976E-0003   0.138581300981348026544E+0008   0.590774585264830966480E+0004
    0.587984583333333466726E+0004   0.114616204489394347271E-0001   0.149504473545859382574E-0003   0.141645478479161113501E+0008  -0.228676071016291534761E+0005
    0.587984583333333466726E+0004   0.869872392667721261450E-0002   0.134744654678958840702E-0003   0.150883197687749341130E+0008  -0.522131878539135868778E+0005
    0.587984583333333466726E+0004   0.649834825562102189056E-0002   0.639137626858594237733E-0004   0.151417386189549416304E+0008  -0.221546759938362883986E+0005
    0.587984583333333466726E+0004   0.330103034074725586872E-0002   0.477731220583663148782E-0005   0.145888397826589234173E+0008   0.206345351068116106035E+0005
    0.587984583333333466726E+0004   0.116086587911008905227E-0002   0.145259186318821463267E-0005   0.154024100428028758615E+0008   0.195853351924155031156E+0005
    0.587984583333333466726E+0004   0.139050230327857743916E-0003   0.119936370178815763864E-0006   0.154040653954599034041E+0008   0.145142609198623867997E+0005
    0.587984583333333466726E+0004   0.341937283920627259283E-0004   0.166204896094837016531E-0007   0.147431952168112713844E+0008   0.804703551291080020746E+0004
    0.587984583333333466726E+0004   0.207052606966808047781E-0004   0.709178754586577116813E-0008   0.145032283978286962956E+0008   0.539975056612868229422E+0004
    0.587984583333333466726E+0004   0.155702364015859543442E-0004   0.405475293355415097708E-0008   0.143752146834572404623E+0008   0.403576583179876388385E+0004
    0.587984583333333466726E+0004   0.129641884855032772813E-0004   0.275029763234369456050E-0008   0.142950634749796800315E+0008   0.324446722262212051646E+0004
    0.587984583333333466726E+0004   0.113502829246364993958E-0004   0.210839452517532939963E-0008   0.142368976362004205585E+0008   0.281487605013519532804E+0004
    0.587984583333333466726E+0004   0.587984583333333260215E-0005  -0.132275344636278427828E-0036   0.139638367127771191299E+0008   0.000000000000000000000E+0000
    0.587984583333333466726E+0004   0.587984583333333260215E-0005  -0.132275344636278427828E-0036   0.139638367127771191299E+0008   0.000000000000000000000E+0000
    0.587984583333333466726E+0004   0.587984583333333344919E-0005  -0.132275344636278490470E-0036   0.139638367127771191299E+0008   0.000000000000000000000E+0000
    0.587984583333333466726E+0004   0.587984583333333260215E-0005  -0.132275344636278427828E-0036   0.139638367127771191299E+0008   0.000000000000000000000E+0000
    0.725900625000000218279E+0004   0.725900624999999988533E-0005  -0.163301484537615977653E-0036   0.139638367127771191299E+0008   0.000000000000000000000E+0000
    0.725900625000000218279E+0004   0.725900624999999988533E-0005  -0.163301484537615977653E-0036   0.139638367127771191299E+0008   0.000000000000000000000E+0000
    0.725900625000000218279E+0004   0.725900624999999988533E-0005  -0.163301484537615977653E-0036   0.139638367127771191299E+0008   0.000000000000000000000E+0000
    0.725900625000000218279E+0004   0.725900625000000073237E-0005  -0.163301484537615998534E-0036   0.139638367127771191299E+0008   0.000000000000000000000E+0000
    0.725900625000000218279E+0004   0.151084611540483721126E-0004  -0.494588372563740370204E-0008   0.142705722253838423640E+0008  -0.511207923762883456220E+0004
    0.725900625000000218279E+0004   0.177087871949386290718E-0004  -0.739783946972682699575E-0008   0.143414913559046518058E+0008  -0.662623072576814138301E+0004
    0.725900625000000218279E+0004   0.221893338580196944603E-0004  -0.128357195456134569403E-0007   0.144429283458667416126E+0008  -0.937454746201638590719E+0004
    0.725900625000000218279E+0004   0.320361948472024150891E-0004  -0.275698630674862092726E-0007   0.146129178835899643600E+0008  -0.143139027760299668444E+0005
    0.725900625000000218279E+0004   0.690318837599107626175E-0004  -0.107284106414210582937E-0006   0.150209576122532654554E+0008  -0.290877586762115606689E+0005
    0.725900625000000218279E+0004   0.487575027582787148654E-0003  -0.144530474660594875126E-0005   0.155722459443451464176E+0008  -0.475834990658381284447E+0005
    0.725900625000000218279E+0004   0.205586839447195182315E-0002  -0.797359132385219154392E-0005   0.149864471387699283659E+0008  -0.505569827318171228399E+0005
    0.725900625000000218279E+0004   0.425144114159838482775E-0002  -0.198150268688402919094E-0004   0.145015544136722479016E+0008  -0.548525537223522260319E+0005
    0.725900625000000218279E+0004   0.750277679190492711309E-0002  -0.118924300289145534271E-0003   0.152601444159374292940E+0008  -0.495403345495516532537E+0004
    0.725900625000000218279E+0004   0.100540339494848141033E-0001  -0.234938583504976100528E-0003   0.151706907729370947927E+0008   0.306814654404581742710E+0005
    0.725900625000000218279E+0004   0.134908298790220107510E-0001  -0.232076884039538139468E-0003   0.143374782251083627343E+0008  -0.103900330648284307244E+0004
    0.725900625000000218279E+0004   0.165192678015260441260E-0001  -0.182567113317374813547E-0003   0.139277614224477186799E+0008  -0.966517333497143044951E+0004
    0.725900625000000218279E+0004   0.187957422271781381118E-0001  -0.130120539040916077724E-0003   0.138167774161654468626E+0008  -0.812747641276053036563E+0004
    0.725900625000000218279E+0004   0.203549862494673064472E-0001  -0.765565157220427655333E-0004   0.137583810460487492383E+0008  -0.382619995888463608935E+0004
    0.725900625000000218279E+0004   0.212411654219777749908E-0001  -0.225071915155156957648E-0004   0.137269411768831443042E+0008   0.879109473576039931686E+0003
    0.725900625000000218279E+0004   0.214877720760606807926E-0001   0.314244423366045761564E-0004   0.137098126222692579031E+0008   0.644995143979627391673E+0004
    0.725900625000000218279E+0004   0.211223807872515413619E-0001   0.848114425168524103862E-0004   0.137023208207035008818E+0008   0.140446192836173559044E+0005
    0.725900625000000218279E+0004   0.201812817672950214898E-0001   0.135628031053119490600E-0003   0.137028918263477236032E+0008   0.242285911722563178046E+0005
    0.725900625000000218279E+0004   0.187588429208822467242E-0001   0.183205899798691588740E-0003   0.137122903139424789697E+0008   0.366632955243315300322E+0005
    0.725900625000000218279E+0004   0.170971390312700463610E-0001   0.192951114088660518990E-0003   0.137342265220211278647E+0008   0.406216715396909494302E+0005
    0.725900625000000218279E+0004   0.155081111289094471239E-0001   0.169423243818464042479E-0003   0.137790959478807970881E+0008   0.259695604548310839164E+0005
    0.725900625000000218279E+0004   0.137006587045211958298E-0001   0.153327050623718844254E-0003   0.138697424339887481183E+0008   0.588558333836493693525E+0004
    0.725900625000000218279E+0004   0.114616210757127780229E-0001   0.149504472534127018021E-0003   0.141894007991867754608E+0008  -0.229016699258192675188E+0005
    0.725900625000000218279E+0004   0.870673645165742984831E-0002   0.134716986896711815418E-0003   0.151282294407986588776E+0008  -0.521284576385038308217E+0005
    0.725900625000000218279E+0004   0.651387473533497629585E-0002   0.638912671611837891484E-0004   0.152109298815817832947E+0008  -0.218481179207773820963E+0005
    0.725900625000000218279E+0004   0.343818286832580114962E-0002   0.497102695866503700088E-0005   0.145292336732493620366E+0008   0.204962557826224292512E+0005
    0.725900625000000218279E+0004   0.134778240597617114324E-0002   0.168902559216938957131E-0005   0.152517151972244828939E+0008   0.191684618161578509898E+0005
    0.725900625000000218279E+0004   0.203532897457109579302E-0003   0.181295582896740787953E-0006   0.154348319601028282195E+0008   0.148049349888768028904E+0005
    0.725900625000000218279E+0004   0.447678886617276333400E-0004   0.225576251562803039670E-0007   0.147819408572104368359E+0008   0.852390066519063293526E+0004
    0.725900625000000218279E+0004   0.262237253624739459078E-0004   0.917483181748024912681E-0008   0.145171188370263352990E+0008   0.555166059634872362949E+0004
    0.725900625000000218279E+0004   0.195202460233770648459E-0004   0.517706495582234052593E-0008   0.143834522869814410806E+0008   0.413348014044802403077E+0004
    0.725900625000000218279E+0004   0.161738932221763205316E-0004   0.348630591135708275822E-0008   0.143004973943276368082E+0008   0.331133355183760977525E+0004
    0.725900625000000218279E+0004   0.141123225229007506461E-0004   0.265954521114515250648E-0008   0.142403040968626476824E+0008   0.286652526260114154866E+0004
    0.725900625000000218279E+0004   0.725900625000000073237E-0005  -0.163301484537615998534E-0036   0.139638367127771191299E+0008   0.000000000000000000000E+0000
    0.725900625000000218279E+0004   0.725900625000000073237E-0005  -0.163301484537615998534E-0036   0.139638367127771191299E+0008   0.000000000000000000000E+0000
    0.725900625000000218279E+0004   0.725900625000000157940E-0005  -0.163301484537616040296E-0036   0.139638367127771191299E+0008   0.000000000000000000000E+0000
    0.725900625000000218279E+0004   0.725900625000000073237E-0005  -0.163301484537615998534E-0036   0.139638367127771191299E+0008   0.000000000000000000000E+0000
    0.891010833333333539485E+0004   0.891010833333333296651E-0005  -0.200445332062404125664E-0036   0.139638367127771191299E+0008   0.000000000000000000000E+0000
    0.891010833333333539485E+0004   0.891010833333333296651E-0005  -0.200445332062404125664E-0036   0.139638367127771191299E+0008   0.000000000000000000000E+0000
    0.891010833333333539485E+0004   0.891010833333333296651E-0005  -0.200445332062404125664E-0036   0.139638367127771191299E+0008   0.000000000000000000000E+0000
    0.891010833333333539485E+0004   0.891010833333333296651E-0005  -0.200445332062404125664E-0036   0.139638367127771191299E+0008   0.000000000000000000000E+0000
    0.891010833333333539485E+0004   0.187230109879466536304E-0004  -0.625879335096313548751E-0008   0.142752491518554165959E+0008  -0.525403953309130338312E+0004
    0.891010833333333539485E+0004   0.220569168941846110185E-0004  -0.943937455851488022968E-0008   0.143492444911891855299E+0008  -0.684085266182465147722E+0004
    0.891010833333333539485E+0004   0.278615421269874562952E-0004  -0.165879299965407044352E-0007   0.144554213390209116042E+0008  -0.973457896381656610174E+0004
    0.891010833333333539485E+0004   0.409643858479765310843E-0004  -0.365567037943638651967E-0007   0.146373015859341379255E+0008  -0.151290993792420795216E+0005
    0.891010833333333539485E+0004   0.968982573663952645058E-0004  -0.163393982588243816248E-0006   0.150918245456706192344E+0008  -0.313511716724768702989E+0005
    0.891010833333333539485E+0004   0.649815487465599771200E-0003  -0.194024627390812996934E-0005   0.154805074396577887237E+0008  -0.470949455412719398737E+0005
    0.891010833333333539485E+0004   0.226456725416263352987E-0002  -0.866197979314900929617E-0005   0.148525693468251097947E+0008  -0.479316446534437927767E+0005
    0.891010833333333539485E+0004   0.438596541882356819042E-0002  -0.203219801986227089241E-0004   0.144753955016558188945E+0008  -0.543681896662356666639E+0005
    0.891010833333333539485E+0004   0.755193955799001066798E-0002  -0.118941064027372039305E-0003   0.152878453615765776485E+0008  -0.543559163009505664377E+0004
    0.891010833333333539485E+0004   0.100683057480409482443E-0001  -0.234909879090345382474E-0003   0.152113199302935581654E+0008   0.304326239255373802735E+0005
    0.891010833333333539485E+0004   0.134908324425011202918E-0001  -0.232076884219639651514E-0003   0.143665242214429713786E+0008  -0.979024682721459271306E+0003
    0.891010833333333539485E+0004   0.165192678409164656061E-0001  -0.182567113344577771315E-0003   0.139406932218000721186E+0008  -0.957811834924614777265E+0004
    0.891010833333333539485E+0004   0.187957422399261595003E-0001  -0.130120539048376852344E-0003   0.138258976645867042243E+0008  -0.804756908797598316596E+0004
    0.891010833333333539485E+0004   0.203549862565064985931E-0001  -0.765565157239832434766E-0004   0.137654258943476229906E+0008  -0.375888689141514487346E+0004
    0.891010833333333539485E+0004   0.212411654270907995778E-0001  -0.225071915151787054008E-0004   0.137328721513692047447E+0008   0.932464615018876088470E+0003
    0.891010833333333539485E+0004   0.214877720803569455255E-0001   0.314244423386313565926E-0004   0.137151593008857406676E+0008   0.648908661855617629044E+0004
    0.891010833333333539485E+0004   0.211223807912338766568E-0001   0.848114425209370607558E-0004   0.137074533287192024291E+0008   0.140699795035493225441E+0005
    0.891010833333333539485E+0004   0.201812817713027323197E-0001   0.135628031060206215470E-0003   0.137081301310267988592E+0008   0.242411481383602913411E+0005
    0.891010833333333539485E+0004   0.187588429252957440696E-0001   0.183205899810490093621E-0003   0.137179901733875833452E+0008   0.366644288256311483565E+0005
    0.891010833333333539485E+0004   0.170971390367917371045E-0001   0.192951114104986570829E-0003   0.137408827103618085384E+0008   0.406130084563292330131E+0005
    0.891010833333333539485E+0004   0.155081111376306618466E-0001   0.169423243834891087750E-0003   0.137875846349719557911E+0008   0.259526490192918718094E+0005
    0.891010833333333539485E+0004   0.137006587264614301813E-0001   0.153327050633007583736E-0003   0.138816411416544951499E+0008   0.586218369123592219694E+0004
    0.891010833333333539485E+0004   0.114616216484831837802E-0001   0.149504471609750503019E-0003   0.142147674689494911581E+0008  -0.229390649573152404628E+0005
    0.891010833333333539485E+0004   0.871533218420710714680E-0002   0.134687432982354376824E-0003   0.151686768633782528341E+0008  -0.520402464808732911479E+0005
    0.891010833333333539485E+0004   0.653606568621228553595E-0002   0.638597016420758333086E-0004   0.152693999003241285682E+0008  -0.215330702592049456143E+0005
    0.891010833333333539485E+0004   0.357017673878728351161E-0002   0.515704456149102594793E-0005   0.144828346640644427389E+0008   0.203903891327562232618E+0005
    0.891010833333333539485E+0004   0.153776973211848175249E-0002   0.192575516919948955253E-0005   0.151052145665903389454E+0008   0.186423847994567913702E+0005
    0.891010833333333539485E+0004   0.291342362009445576387E-0003   0.266155475265152592373E-0006   0.154354915206304490566E+0008   0.150102386230490483285E+0005
    0.891010833333333539485E+0004   0.590499359166044194918E-0004   0.310610670590580297533E-0007   0.148288462099819276482E+0008   0.909080719195280471467E+0004
    0.891010833333333539485E+0004   0.331174371330793422541E-0004   0.118510833330276524036E-0007   0.145327600360665973276E+0008   0.572374256256071021198E+0004
    0.891010833333333539485E+0004   0.243696213252659596221E-0004   0.658860489779428989861E-0008   0.143925580015045106411E+0008   0.424064213124531033827E+0004
    0.891010833333333539485E+0004   0.200810010947005390658E-0004   0.440090810545552711302E-0008   0.143064088917569089681E+0008   0.338385432143712068864E+0004
    0.891010833333333539485E+0004   0.174542909210007490990E-0004   0.333882771858589825919E-0008   0.142439094440229274333E+0008   0.292209959411270392593E+0004
    0.891010833333333539485E+0004   0.891010833333333296651E-0005  -0.200445332062404125664E-0036   0.139638367127771191299E+0008   0.000000000000000000000E+0000
    0.891010833333333539485E+0004   0.891010833333333296651E-0005  -0.200445332062404125664E-0036   0.139638367127771191299E+0008   0.000000000000000000000E+0000
    0.891010833333333539485E+0004   0.891010833333333466058E-0005  -0.200445332062404167426E-0036   0.139638367127771191299E+0008   0.000000000000000000000E+0000
    0.891010833333333539485E+0004   0.891010833333333296651E-0005  -0.200445332062404125664E-0036   0.139638367127771191299E+0008   0.000000000000000000000E+0000
    0.109143833333333350311E+0005   0.109143833333333316619E-0004  -0.245534297638322995270E-0036   0.139638367127771191299E+0008   0.000000000000000000000E+0000
    0.109143833333333350311E+0005   0.109143833333333316619E-0004  -0.245534297638322995270E-0036   0.139638367127771191299E+0008   0.000000000000000000000E+0000
    0.109143833333333350311E+0005   0.109143833333333316619E-0004  -0.245534297638322995270E-0036   0.139638367127771191299E+0008   0.000000000000000000000E+0000
    0.109143833333333350311E+0005   0.109143833333333316619E-0004  -0.245534297638323037032E-0036   0.139638367127771191299E+0008   0.000000000000000000000E+0000
    0.109143833333333350311E+0005   0.231764255925480568013E-0004  -0.792256161467690392111E-0008   0.142803317397254724056E+0008  -0.541145963191950613691E+0004
    0.109143833333333350311E+0005   0.274645568288989214470E-0004  -0.120626532021242267948E-0007   0.143579269346671663225E+0008  -0.708101835274454333558E+0004
    0.109143833333333350311E+0005   0.350197901528556730742E-0004  -0.215074737685540084802E-0007   0.144695721305129304528E+0008  -0.101362932704209233634E+0005
    0.109143833333333350311E+0005   0.526849591248400075916E-0004  -0.490872483404096120673E-0007   0.146674325660802647471E+0008  -0.162012489210625863052E+0005
    0.109143833333333350311E+0005   0.138763458966450185404E-0003  -0.253030349354792593110E-0006   0.151584102654609624296E+0008  -0.332213422197022955515E+0005
    0.109143833333333350311E+0005   0.835630774601690807200E-0003  -0.250206777067038032964E-0005   0.153621768460288606584E+0008  -0.460814027353972560377E+0005
    0.109143833333333350311E+0005   0.247464666266106365911E-0002  -0.932659614214330142811E-0005   0.147321264719317760319E+0008  -0.457377063643469737144E+0005
    0.109143833333333350311E+0005   0.452229738549992776181E-0002  -0.208328802357283818735E-0004   0.144505371137535758317E+0008  -0.540721608626051529427E+0005
    0.109143833333333350311E+0005   0.760339229756144471817E-0002  -0.118960001087707682157E-0003   0.153151369960240051150E+0008  -0.581312935860474954097E+0004
    0.109143833333333350311E+0005   0.100841889317452131081E-0001  -0.234878271083149793488E-0003   0.152509633418128192425E+0008   0.301967666588387073716E+0005
    0.109143833333333350311E+0005   0.134908349571523228372E-0001  -0.232076884386370321583E-0003   0.143969791830521561205E+0008  -0.929917712372067626347E+0003
    0.109143833333333350311E+0005   0.165192678736603287826E-0001  -0.182567113366968931422E-0003   0.139541629488617479801E+0008  -0.949514755632609194436E+0004
    0.109143833333333350311E+0005   0.187957422501212785548E-0001  -0.130120539054282013686E-0003   0.138354491088418215513E+0008  -0.797215956278587964334E+0004
    0.109143833333333350311E+0005   0.203549862620184748851E-0001  -0.765565157254757561872E-0004   0.137728316228315494955E+0008  -0.369600051087097426716E+0004
    0.109143833333333350311E+0005   0.212411654310494246722E-0001  -0.225071915149030537748E-0004   0.137391266380328107625E+0008   0.981860391234809412708E+0003
    0.109143833333333350311E+0005   0.214877720836635019430E-0001   0.314244423401997227977E-0004   0.137208094784589726478E+0008   0.652515569695388239779E+0004
    0.109143833333333350311E+0005   0.211223807942921629199E-0001   0.848114425240781570799E-0004   0.137128826317687612027E+0008   0.140933771964743864373E+0005
    0.109143833333333350311E+0005   0.201812817743838371354E-0001   0.135628031065654981908E-0003   0.137136704312368538231E+0008   0.242527733889957307838E+0005
    0.109143833333333350311E+0005   0.187588429287048226446E-0001   0.183205899819599804220E-0003   0.137240102190097700804E+0008   0.366653296567569923354E+0005
    0.109143833333333350311E+0005   0.170971390410985246699E-0001   0.192951114117711445151E-0003   0.137478945273470040411E+0008   0.406043567182245460572E+0005
    0.109143833333333350311E+0005   0.155081111445609758082E-0001   0.169423243847927968353E-0003   0.137964930910556763411E+0008   0.259356006206082820427E+0005
    0.109143833333333350311E+0005   0.137006587445116685686E-0001   0.153327050640612015144E-0003   0.138940786684931740165E+0008   0.583860867308188517200E+0004
    0.109143833333333350311E+0005   0.114616221892318969483E-0001   0.149504470737189148252E-0003   0.142412735675635170192E+0008  -0.229776645189380942611E+0005
    0.109143833333333350311E+0005   0.872488227889109055346E-0002   0.134654744737715400746E-0003   0.152102636037268750370E+0008  -0.519438298697944846936E+0005
    0.109143833333333350311E+0005   0.656601557827974496862E-0002   0.638178577107794916569E-0004   0.153182157225784566253E+0008  -0.212228053661692501919E+0005
    0.109143833333333350311E+0005   0.370096904599986680981E-0002   0.534099381693532913965E-0005   0.144462487162704728544E+0008   0.202951944912390245008E+0005
    0.109143833333333350311E+0005   0.173368405262670690486E-0002   0.216483789939525474600E-0005   0.149638821803111396730E+0008   0.180468380377501052862E+0005
    0.109143833333333350311E+0005   0.406652484716004173314E-0003   0.378939790124824290424E-0006   0.154024055512906759977E+0008   0.151372763432311076031E+0005
    0.109143833333333350311E+0005   0.791325812893346470763E-0004   0.437997063773401820422E-0007   0.148841020839933361858E+0008   0.972771960100957949180E+0004
    0.109143833333333350311E+0005   0.419116404116793065358E-0004   0.153752025582654678506E-0007   0.145510837394735533744E+0008   0.592949171086501701211E+0004
    0.109143833333333350311E+0005   0.304272920985529854226E-0004   0.839858307593294755775E-0008   0.144028630080744642764E+0008   0.436111224153385137470E+0004
    0.109143833333333350311E+0005   0.249132949734325918564E-0004   0.555748533931697042567E-0008   0.143129938565196581185E+0008   0.346466456020712257668E+0004
    0.109143833333333350311E+0005   0.215587118799421601943E-0004   0.418971947606642701389E-0008   0.142478078793080672622E+0008   0.298351411399450716999E+0004
    0.109143833333333350311E+0005   0.109143833333333316619E-0004  -0.245534297638323037032E-0036   0.139638367127771191299E+0008   0.000000000000000000000E+0000
    0.109143833333333350311E+0005   0.109143833333333316619E-0004  -0.245534297638323037032E-0036   0.139638367127771191299E+0008   0.000000000000000000000E+0000
    0.109143833333333350311E+0005   0.109143833333333350501E-0004  -0.245534297638323078794E-0036   0.139638367127771191299E+0008   0.000000000000000000000E+0000
    0.109143833333333350311E+0005   0.109143833333333316619E-0004  -0.245534297638323037032E-0036   0.139638367127771191299E+0008   0.000000000000000000000E+0000
    0.133574333333333361225E+0005   0.133574333333333285408E-0004  -0.300494119693803742982E-0036   0.139638367127771191299E+0008   0.000000000000000000000E+0000
    0.133574333333333361225E+0005   0.133574333333333285408E-0004  -0.300494119693803742982E-0036   0.139638367127771191299E+0008   0.000000000000000000000E+0000
    0.133574333333333361225E+0005   0.133574333333333285408E-0004  -0.300494119693803742982E-0036   0.139638367127771191299E+0008   0.000000000000000000000E+0000
    0.133574333333333361225E+0005   0.133574333333333302348E-0004  -0.300494119693803742982E-0036   0.139638367127771191299E+0008   0.000000000000000000000E+0000
    0.133574333333333361225E+0005   0.286957929416145049234E-0004  -0.100484002051438261778E-0007   0.142858947936597820371E+0008  -0.558838306140301028790E+0004
    0.133574333333333361225E+0005   0.342416999545734480176E-0004  -0.154690750155997712128E-0007   0.143677487774956934154E+0008  -0.735311778423712166841E+0004
    0.133574333333333361225E+0005   0.441474245055807347190E-0004  -0.280448565241682781694E-0007   0.144858040126284826547E+0008  -0.105947061620808362932E+0005
    0.133574333333333361225E+0005   0.684574828477705406727E-0004  -0.672515124021482962757E-0007   0.147054085171437785029E+0008  -0.176167011459489040135E+0005
    0.133574333333333361225E+0005   0.201621439689043989787E-0003  -0.393725896828961242469E-0006   0.152094458084827903658E+0008  -0.345855295359276060481E+0005
    0.133574333333333361225E+0005   0.104183441184087580145E-0002  -0.311268657374628278996E-0005   0.152245576813794132322E+0008  -0.444045684273927981849E+0005
    0.133574333333333361225E+0005   0.268339800401617110948E-0002  -0.996416334389421177488E-0005   0.146285864419969450682E+0008  -0.439967003746738992049E+0005
    0.133574333333333361225E+0005   0.466112893751982441948E-0002  -0.213524281580482459158E-0004   0.144248388685769680887E+0008  -0.540321159359361627139E+0005
    0.133574333333333361225E+0005   0.765711534569351801038E-0002  -0.118980978444762497273E-0003   0.153426166893271524459E+0008  -0.615544843019160634867E+0004
    0.133574333333333361225E+0005   0.101019059213080172888E-0001  -0.234843369665062816614E-0003   0.152897098366469312459E+0008   0.299739379748023784487E+0005
    0.133574333333333361225E+0005   0.134908374828499981468E-0001  -0.232076884545827567168E-0003   0.144290802593880239874E+0008  -0.891867208398787397527E+0003
    0.133574333333333361225E+0005   0.165192679012698892538E-0001  -0.182567113385670931006E-0003   0.139682773202489316463E+0008  -0.941711358416052280518E+0004
    0.133574333333333361225E+0005   0.187957422583821462392E-0001  -0.130120539059019922970E-0003   0.138455160207151304930E+0008  -0.790196010018063498137E+0004
    0.133574333333333361225E+0005   0.203549862663880941349E-0001  -0.765565157266390509082E-0004   0.137806688121662344784E+0008  -0.363799669982377781707E+0004
    0.133574333333333361225E+0005   0.212411654341510235111E-0001  -0.225071915146764724614E-0004   0.137457679644551295787E+0008   0.102715301604466912977E+0004
    0.133574333333333361225E+0005   0.214877720862383034262E-0001   0.314244423414269854469E-0004   0.137268228816871140152E+0008   0.655839382196529732028E+0004
    0.133574333333333361225E+0005   0.211223807966682934623E-0001   0.848114425265215693059E-0004   0.137186677975828554481E+0008   0.141154720468642171909E+0005
    0.133574333333333361225E+0005   0.201812817767804408842E-0001   0.135628031069893507671E-0003   0.137195739654145203531E+0008   0.242645664432926714653E+0005
    0.133574333333333361225E+0005   0.187588429313695834177E-0001   0.183205899826717618587E-0003   0.137304172401395644993E+0008   0.366675206516424441361E+0005
    0.133574333333333361225E+0005   0.170971390444992939195E-0001   0.192951114127752187261E-0003   0.137553390676621049643E+0008   0.405975923833011474926E+0005
    0.133574333333333361225E+0005   0.155081111501403946795E-0001   0.169423243858410089166E-0003   0.138059184088134504855E+0008   0.259205032723096664995E+0005
    0.133574333333333361225E+0005   0.137006587595766039789E-0001   0.153327050646928089109E-0003   0.139071848557511009276E+0008   0.581681844373960211669E+0004
    0.133574333333333361225E+0005   0.114616227108690418857E-0001   0.149504469895681620529E-0003   0.142692884927011691034E+0008  -0.230147168908514831855E+0005
    0.133574333333333361225E+0005   0.873573339641990284643E-0002   0.134617778334763030235E-0003   0.152529227903473339975E+0008  -0.518384774428669334156E+0005
    0.133574333333333361225E+0005   0.660395559406343028719E-0002   0.637657517446929810725E-0004   0.153586701626524124295E+0008  -0.209242500651366426609E+0005
    0.133574333333333361225E+0005   0.383283269618756418720E-0002   0.552603649775544481112E-0005   0.144166704780363794416E+0008   0.202091317393875688140E+0005
    0.133574333333333361225E+0005   0.193592620357044059229E-0002   0.240569840796587881040E-0005   0.148300588652709834278E+0008   0.174410503742147084267E+0005
    0.133574333333333361225E+0005   0.550928147859387502133E-0003   0.521279625904137032695E-0006   0.153351766512820869684E+0008   0.151716403697523473966E+0005
    0.133574333333333361225E+0005   0.108238921362022730895E-0003   0.634640090482264011396E-0007   0.149448365337869245559E+0008   0.103824901380476476334E+0005
    0.133574333333333361225E+0005   0.532931767002866314093E-0004   0.201102561910697531675E-0007   0.145732244791628085077E+0008   0.618610081178406380786E+0004
    0.133574333333333361225E+0005   0.380601368004614463124E-0004   0.107456836067461004017E-0007   0.144146504578371699899E+0008   0.449795155265527409938E+0004
    0.133574333333333361225E+0005   0.309305982612553316156E-0004   0.703316521629561496489E-0008   0.143204158728094287217E+0008   0.355594493773358180988E+0004
    0.133574333333333361225E+0005   0.266272862528968144486E-0004   0.526335831469397744979E-0008   0.142520628099176269025E+0008   0.305233535510127785528E+0004
    0.133574333333333361225E+0005   0.133574333333333302348E-0004  -0.300494119693803742982E-0036   0.139638367127771191299E+0008   0.000000000000000000000E+0000
    0.133574333333333361225E+0005   0.133574333333333302348E-0004  -0.300494119693803742982E-0036   0.139638367127771191299E+0008   0.000000000000000000000E+0000
    0.133574333333333361225E+0005   0.133574333333333353170E-0004  -0.300494119693803868268E-0036   0.139638367127771191299E+0008   0.000000000000000000000E+0000
    0.133574333333333361225E+0005   0.133574333333333302348E-0004  -0.300494119693803742982E-0036   0.139638367127771191299E+0008   0.000000000000000000000E+0000
    0.162282041666666682431E+0005   0.162282041666666640380E-0004  -0.365076119309883725885E-0036   0.139638367127771191299E+0008   0.000000000000000000000E+0000
    0.162282041666666682431E+0005   0.162282041666666640380E-0004  -0.365076119309883725885E-0036   0.139638367127771191299E+0008   0.000000000000000000000E+0000
    0.162282041666666682431E+0005   0.162282041666666640380E-0004  -0.365076119309883725885E-0036   0.139638367127771191299E+0008   0.000000000000000000000E+0000
    0.162282041666666682431E+0005   0.162282041666666640380E-0004  -0.365076119309883767647E-0036   0.139638367127771191299E+0008   0.000000000000000000000E+0000
    0.162282041666666682431E+0005   0.353020699614343188167E-0004  -0.126776758591913575050E-0007   0.142918090724673513323E+0008  -0.578295065724049800338E+0004
    0.162282041666666682431E+0005   0.424609202161331620185E-0004  -0.197612901612706466128E-0007   0.143785589979880340397E+0008  -0.765445148177803275757E+0004
    0.162282041666666682431E+0005   0.554470983311665459011E-0004  -0.365104406641272684957E-0007   0.145040721697836630046E+0008  -0.111193429267165374768E+0005
    0.162282041666666682431E+0005   0.894359291183796862104E-0004  -0.936027523130615986915E-0007   0.147512352102786656469E+0008  -0.193479968453711881011E+0005
    0.162282041666666682431E+0005   0.289993693095223412353E-0003  -0.597224183060204061413E-0006   0.152318122504201345146E+0008  -0.353956512370002383250E+0005
    0.162282041666666682431E+0005   0.125754873785304324696E-0002  -0.372937368708066779450E-0005   0.150806110748050622642E+0008  -0.421697095793636035523E+0005
    0.162282041666666682431E+0005   0.288141966053870931391E-0002  -0.105521283544051988471E-0004   0.145470516032039243728E+0008  -0.426696987885132912197E+0005
    0.162282041666666682431E+0005   0.479730302101697998057E-0002  -0.218636006162312839256E-0004   0.143984075224030930549E+0008  -0.541873530211152901757E+0005
    0.162282041666666682431E+0005   0.771103025435194121273E-0002  -0.119003203045443833484E-0003   0.153694554360390119255E+0008  -0.651019844423280119372E+0004
    0.162282041666666682431E+0005   0.101208863404710427969E-0001  -0.234806338088289895654E-0003   0.153262792817319687456E+0008   0.297641554624680429697E+0005
    0.162282041666666682431E+0005   0.134908399777713856882E-0001  -0.232076884697370651889E-0003   0.144617612488962970674E+0008  -0.864526906644831569793E+0003
    0.162282041666666682431E+0005   0.165192679240040926625E-0001  -0.182567113400933732879E-0003   0.139825859778573196381E+0008  -0.934662063208839390427E+0004
    0.162282041666666682431E+0005   0.187957422649144001436E-0001  -0.130120539062732122788E-0003   0.138557851231100428849E+0008  -0.783880801858130871551E+0004
    0.162282041666666682431E+0005   0.203549862697669191325E-0001  -0.765565157275245730326E-0004   0.137886990025245230645E+0008  -0.358610766047716924732E+0004
    0.162282041666666682431E+0005   0.212411654365207598627E-0001  -0.225071915144960375029E-0004   0.137525975837858077139E+0008   0.106764776802459641658E+0004
    0.162282041666666682431E+0005   0.214877720881931980057E-0001   0.314244423423628687622E-0004   0.137330220236643329263E+0008   0.658860488929023995297E+0004
    0.162282041666666682431E+0005   0.211223807984682286631E-0001   0.848114425283744979237E-0004   0.137246394427392221987E+0008   0.141365578349869756494E+0005
    0.162282041666666682431E+0005   0.201812817785980841423E-0001   0.135628031073108329743E-0003   0.137256684737734943628E+0008   0.242773241869601442886E+0005
    0.162282041666666682431E+0005   0.187588429334008960359E-0001   0.183205899832141394165E-0003   0.137370241340292990208E+0008   0.366723250230057747103E+0005
    0.162282041666666682431E+0005   0.170971390471188963711E-0001   0.192951114135481301918E-0003   0.137629977999266143888E+0008   0.405945603326615309925E+0005
    0.162282041666666682431E+0005   0.155081111545247937733E-0001   0.169423243866637232092E-0003   0.138155826253542732447E+0008   0.259096559696951662772E+0005
    0.162282041666666682431E+0005   0.137006587718613882798E-0001   0.153327050652056094335E-0003   0.139205652733871266246E+0008   0.579924283579585789994E+0004
    0.162282041666666682431E+0005   0.114616232058231144048E-0001   0.149504469097604683961E-0003   0.142980426949418913573E+0008  -0.230467074315810459666E+0005
    0.162282041666666682431E+0005   0.874778334462446988118E-0002   0.134576926600814814929E-0003   0.152947784484908934683E+0008  -0.517288008774354311754E+0005
    0.162282041666666682431E+0005   0.664763365357952731860E-0002   0.637067198658805583121E-0004   0.153916251140025407076E+0008  -0.206458481949254455685E+0005
    0.162282041666666682431E+0005   0.396264069637802980595E-0002   0.570786801563628748028E-0005   0.143920730799814909697E+0008   0.201510395068233847269E+0005
    0.162282041666666682431E+0005   0.213604824990889542724E-0002   0.263827596509741277097E-0005   0.147108842189919911325E+0008   0.169017142915710828674E+0005
    0.162282041666666682431E+0005   0.716804647486722580282E-0003   0.685517677419420861654E-0006   0.152410886052764486521E+0008   0.150828290017979779805E+0005
    0.162282041666666682431E+0005   0.149525283882764289988E-0003   0.929677103573006218579E-0007   0.150024261063164658844E+0008   0.109714164241451744601E+0005
    0.162282041666666682431E+0005   0.676785424541911288885E-0004   0.263680605036017257351E-0007   0.145996472280751075596E+0008   0.650358046806788934191E+0004
    0.162282041666666682431E+0005   0.473773233671217661959E-0004   0.137012816509124424337E-0007   0.144277379354861620814E+0008   0.464904379096567390661E+0004
    0.162282041666666682431E+0005   0.381745694452920649874E-0004   0.885716473672302812124E-0008   0.143285427737591248006E+0008   0.365629395740306108564E+0004
    0.162282041666666682431E+0005   0.326697579812506024260E-0004   0.657340022746321910028E-0008   0.142565659251902680844E+0008   0.312745874060844926134E+0004
    0.162282041666666682431E+0005   0.162282041666666640380E-0004  -0.365076119309883767647E-0036   0.139638367127771191299E+0008   0.000000000000000000000E+0000
    0.162282041666666682431E+0005   0.162282041666666640380E-0004  -0.365076119309883767647E-0036   0.139638367127771191299E+0008   0.000000000000000000000E+0000
    0.162282041666666682431E+0005   0.162282041666666708142E-0004  -0.365076119309883892932E-0036   0.139638367127771191299E+0008   0.000000000000000000000E+0000
    0.162282041666666682431E+0005   0.162282041666666640380E-0004  -0.365076119309883767647E-0036   0.139638367127771191299E+0008   0.000000000000000000000E+0000
    0.195995729166666715173E+0005   0.195995729166666665373E-0004  -0.440919768266478424615E-0036   0.139638367127771191299E+0008   0.000000000000000000000E+0000
    0.195995729166666715173E+0005   0.195995729166666665373E-0004  -0.440919768266478424615E-0036   0.139638367127771191299E+0008   0.000000000000000000000E+0000
    0.195995729166666715173E+0005   0.195995729166666665373E-0004  -0.440919768266478424615E-0036   0.139638367127771191299E+0008   0.000000000000000000000E+0000
    0.195995729166666715173E+0005   0.195995729166666699255E-0004  -0.440919768266478508139E-0036   0.139638367127771191299E+0008   0.000000000000000000000E+0000
    0.195995729166666715173E+0005   0.432191557586320061583E-0004  -0.159412691766119678533E-0007   0.142981607961795926094E+0008  -0.600007127766759822407E+0004
    0.195995729166666715173E+0005   0.524639054771781974777E-0004  -0.252032090019702726286E-0007   0.143905721336518358439E+0008  -0.799241664077888708562E+0004
    0.195995729166666715173E+0005   0.695449227080918957848E-0004  -0.476175756632308377960E-0007   0.145251303094604127109E+0008  -0.117500419657521251793E+0005
    0.195995729166666715173E+0005   0.118065662999876586298E-0003  -0.133054352857749318126E-0006   0.148042312125750258565E+0008  -0.212978954631161395810E+0005
    0.195995729166666715173E+0005   0.408223081413993695021E-0003  -0.873603893092986457400E-0006   0.152185757389920763671E+0008  -0.357038372962176508736E+0005
    0.195995729166666715173E+0005   0.148014115613859893392E-0002  -0.433598612373068558910E-0005   0.149375340619929321110E+0008  -0.396201831942278804490E+0005
    0.195995729166666715173E+0005   0.306967788096866936454E-0002  -0.110985691590474045830E-0004   0.144850551111067943275E+0008  -0.416240602031645466923E+0005
    0.195995729166666715173E+0005   0.493095089286939031875E-0002  -0.223680029337636276465E-0004   0.143715762426135092974E+0008  -0.543911591557128704153E+0005
    0.195995729166666715173E+0005   0.776517742082648374652E-0002  -0.119026802387707134967E-0003   0.153957435984251834452E+0008  -0.690555009618224539736E+0004
    0.195995729166666715173E+0005   0.101411755860331791179E-0001  -0.234767119464581575485E-0003   0.153609456257172785699E+0008   0.295566657276737096254E+0005
    0.195995729166666715173E+0005   0.134908424987852625099E-0001  -0.232076884846100394604E-0003   0.144951637283679135144E+0008  -0.844967908911435984010E+0003
    0.195995729166666715173E+0005   0.165192679430734359891E-0001  -0.182567113413631149782E-0003   0.139971682355802673846E+0008  -0.928261004106142536330E+0004
    0.195995729166666715173E+0005   0.187957422701761911465E-0001  -0.130120539065697144680E-0003   0.138663175925894472748E+0008  -0.778124548547982431046E+0004
    0.195995729166666715173E+0005   0.203549862724280265780E-0001  -0.765565157282120114200E-0004   0.137969732828700896353E+0008  -0.353884522530583763000E+0004
    0.195995729166666715173E+0005   0.212411654383647327538E-0001  -0.225071915143505036901E-0004   0.137596609017316978425E+0008   0.110472325767874644953E+0004
    0.195995729166666715173E+0005   0.214877720897047527759E-0001   0.314244423430894061905E-0004   0.137394492710968367755E+0008   0.661695160994094385387E+0004
    0.195995729166666715173E+0005   0.211223807998568054167E-0001   0.848114425298054550560E-0004   0.137308388569365926087E+0008   0.141575342601650791039E+0005
    0.195995729166666715173E+0005   0.201812817800020652403E-0001   0.135628031075591803239E-0003   0.137319959585033301264E+0008   0.242916952799581449653E+0005
    0.195995729166666715173E+0005   0.187588429349780962119E-0001   0.183205899836351296991E-0003   0.137438757057216297835E+0008   0.366801989975113101536E+0005
    0.195995729166666715173E+0005   0.170971390491745957319E-0001   0.192951114141543022054E-0003   0.137709211331098135561E+0008   0.405955999222470127279E+0005
    0.195995729166666715173E+0005   0.155081111580357908220E-0001   0.169423243873218583224E-0003   0.138255478834245800972E+0008   0.259033528073484085326E+0005
    0.195995729166666715173E+0005   0.137006587820744409056E-0001   0.153327050656303835816E-0003   0.139342978713343255222E+0008   0.578610991123801613867E+0004
    0.195995729166666715173E+0005   0.114616236872379720357E-0001   0.149504468321962871898E-0003   0.143277707365290597081E+0008  -0.230731024823037660099E+0005
    0.195995729166666715173E+0005   0.876130276021407083942E-0002   0.134531315603380577546E-0003   0.153355137208353988826E+0008  -0.516147356022341336939E+0005
    0.195995729166666715173E+0005   0.669579195789988916576E-0002   0.636426086314842664972E-0004   0.154196144604844711721E+0008  -0.203776952078969625290E+0005
    0.195995729166666715173E+0005   0.409168239688832268558E-0002   0.588859253398627389449E-0005   0.143694092036573123187E+0008   0.201380548594727879390E+0005
    0.195995729166666715173E+0005   0.233224634737714923982E-0002   0.286140878630372540929E-0005   0.146082883039277344942E+0008   0.164542089994769194163E+0005
    0.195995729166666715173E+0005   0.900259015857085326436E-0003   0.866436078071072822707E-0006   0.151280040088675003499E+0008   0.148440053358236837084E+0005
    0.195995729166666715173E+0005   0.207923434091260409028E-0003   0.136634027724911730339E-0006   0.150481177034906446934E+0008   0.114547596289067569160E+0005
    0.195995729166666715173E+0005   0.861413833097086001009E-0004   0.348351072774777083020E-0007   0.146315720341143142432E+0008   0.689925801810250777635E+0004
    0.195995729166666715173E+0005   0.588036683040477889178E-0004   0.174492482356040763471E-0007   0.144423975003679282963E+0008   0.481841587312074898364E+0004
    0.195995729166666715173E+0005   0.469160456604336548918E-0004   0.111215011143743691924E-0007   0.143375054679544083774E+0008   0.376771620134548584247E+0004
    0.195995729166666715173E+0005   0.398789104829659851823E-0004   0.817581062397901873550E-0008   0.142613602243500445038E+0008   0.321033382194534078735E+0004
    0.195995729166666715173E+0005   0.195995729166666699255E-0004  -0.440919768266478508139E-0036   0.139638367127771191299E+0008   0.000000000000000000000E+0000
    0.195995729166666715173E+0005   0.195995729166666699255E-0004  -0.440919768266478508139E-0036   0.139638367127771191299E+0008   0.000000000000000000000E+0000
    0.195995729166666715173E+0005   0.195995729166666767017E-0004  -0.440919768266478591662E-0036   0.139638367127771191299E+0008   0.000000000000000000000E+0000
    0.195995729166666715173E+0005   0.195995729166666699255E-0004  -0.440919768266478508139E-0036   0.139638367127771191299E+0008   0.000000000000000000000E+0000
    0.236583104166666744277E+0005   0.236583104166666714839E-0004  -0.532226737329701455461E-0036   0.139638367127771191299E+0008   0.000000000000000000000E+0000
    0.236583104166666744277E+0005   0.236583104166666714839E-0004  -0.532226737329701455461E-0036   0.139638367127771191299E+0008   0.000000000000000000000E+0000
    0.236583104166666744277E+0005   0.236583104166666714839E-0004  -0.532226737329701455461E-0036   0.139638367127771191299E+0008   0.000000000000000000000E+0000
    0.236583104166666744277E+0005   0.236583104166666748720E-0004  -0.532226737329701455461E-0036   0.139638367127771191299E+0008   0.000000000000000000000E+0000
    0.236583104166666744277E+0005   0.529704064974211553626E-0004  -0.201186749342873645988E-0007   0.143052223585136663169E+0008  -0.625096184670808997907E+0004
    0.236583104166666744277E+0005   0.650130285179782035649E-0004  -0.323425523780339443011E-0007   0.144043701194174326956E+0008  -0.838433084635114573757E+0004
    0.236583104166666744277E+0005   0.878006609875390013013E-0004  -0.628816954481561977647E-0007   0.145506680061367750168E+0008  -0.125618159733580941975E+0005
    0.236583104166666744277E+0005   0.159191862609932987963E-0003  -0.195069237654794529167E-0006   0.148618199077847655863E+0008  -0.233011009702193514386E+0005
    0.236583104166666744277E+0005   0.561428927085855667550E-0003  -0.123303093878128888213E-0005   0.151667939619464613497E+0008  -0.355078592736380524002E+0005
    0.236583104166666744277E+0005   0.171270087715602570798E-0002  -0.493505622445092646138E-0005   0.147982454775421936065E+0008  -0.370103586228087588097E+0005
    0.236583104166666744277E+0005   0.325467201288355155106E-0002  -0.116254498639167969532E-0004   0.144373206674892455339E+0008  -0.407764984006039230735E+0005
    0.236583104166666744277E+0005   0.506544958750880774251E-0002  -0.228782607183134309881E-0004   0.143446343487044349313E+0008  -0.545350501702549081529E+0005
    0.236583104166666744277E+0005   0.782094226395422219278E-0002  -0.119052585461193493385E-0003   0.154222203778879996389E+0008  -0.734776753392374575924E+0004
    0.236583104166666744277E+0005   0.101633516293979445089E-0001  -0.234724655342419719246E-0003   0.153947086791290361434E+0008   0.293382759976538363844E+0005
    0.236583104166666744277E+0005   0.134908451666717749129E-0001  -0.232076885000011864761E-0003   0.145302620137821417302E+0008  -0.830366842882487048882E+0003
    0.236583104166666744277E+0005   0.165192679597071095943E-0001  -0.182567113424621381944E-0003   0.140124628975092507899E+0008  -0.922305653110547427787E+0004
    0.236583104166666744277E+0005   0.187957422745809524245E-0001  -0.130120539068159584654E-0003   0.138774366676409840584E+0008  -0.772714648861018304160E+0004
    0.236583104166666744277E+0005   0.203549862746050455597E-0001  -0.765565157287668518818E-0004   0.138057499287311695516E+0008  -0.349427708341706238571E+0004
    0.236583104166666744277E+0005   0.212411654398547665445E-0001  -0.225071915142290527180E-0004   0.137671810616325344890E+0008   0.113999030416439063629E+0004
    0.236583104166666744277E+0005   0.214877720909182889919E-0001   0.314244423436748889162E-0004   0.137463091436196938157E+0008   0.664459689626855742972E+0004
    0.236583104166666744277E+0005   0.211223808009690337817E-0001   0.848114425309528120051E-0004   0.137374637106610685587E+0008   0.141790379753051511216E+0005
    0.236583104166666744277E+0005   0.201812817811281366986E-0001   0.135628031077583970521E-0003   0.137387574981893654913E+0008   0.243077761254951765295E+0005
    0.236583104166666744277E+0005   0.187588429362498913811E-0001   0.183205899839745093736E-0003   0.137511878222645074129E+0008   0.366907462811395671451E+0005
    0.236583104166666744277E+0005   0.170971390508505224903E-0001   0.192951114146482321891E-0003   0.137793551863809917122E+0008   0.405999155862879561028E+0005
    0.236583104166666744277E+0005   0.155081111609585708955E-0001   0.169423243878692313417E-0003   0.138361189162616487592E+0008   0.259005327424216702639E+0005
    0.236583104166666744277E+0005   0.137006587909096685940E-0001   0.153327050659967571797E-0003   0.139487892505137566477E+0008   0.577626855449007507559E+0004
    0.236583104166666744277E+0005   0.114616241788139585495E-0001   0.149504467530819137172E-0003   0.143594169479555860162E+0008  -0.230950583604663625010E+0005
    0.236583104166666744277E+0005   0.877693803141297093640E-0002   0.134478825891937083404E-0003   0.153757067768436651677E+0008  -0.514921064661482523661E+0005
    0.236583104166666744277E+0005   0.674859529509832384297E-0002   0.635733596947873381977E-0004   0.154450408564590513706E+0008  -0.201022248473580293648E+0005
    0.236583104166666744277E+0005   0.422353562929839859708E-0002   0.607365264680007803047E-0005   0.143461894973626118153E+0008   0.201722819554538582452E+0005
    0.236583104166666744277E+0005   0.252723642020450441764E-0002   0.307917538568603830432E-0005   0.145218318414293043315E+0008   0.160881626970954548597E+0005
    0.236583104166666744277E+0005   0.110230271069190364705E-0002   0.106295440381260202040E-0005   0.150008188236266672611E+0008   0.144397571805986499385E+0005
    0.236583104166666744277E+0005   0.291116125793685861286E-0003   0.201026906241491045964E-0006   0.150727478748428598046E+0008   0.118215158857085116324E+0005
    0.236583104166666744277E+0005   0.110963075121101804573E-0003   0.469497415262653358163E-0007   0.146708048551661130041E+0008   0.739381721974582796975E+0004
    0.236583104166666744277E+0005   0.732729682517460053975E-0004   0.223746766879124176708E-0007   0.144594636325296927243E+0008   0.501797877469069953804E+0004
    0.236583104166666744277E+0005   0.577728347211554248879E-0004   0.140225907061714070704E-0007   0.143477104567959066480E+0008   0.389579946408707564842E+0004
    0.236583104166666744277E+0005   0.487125893374018543265E-0004   0.101935984167779818241E-0007   0.142666255148293413222E+0008   0.330496434829301369973E+0004
    0.236583104166666744277E+0005   0.236583104166666748720E-0004  -0.532226737329701455461E-0036   0.139638367127771191299E+0008   0.000000000000000000000E+0000
    0.236583104166666744277E+0005   0.236583104166666748720E-0004  -0.532226737329701455461E-0036   0.139638367127771191299E+0008   0.000000000000000000000E+0000
    0.236583104166666744277E+0005   0.236583104166666816483E-0004  -0.532226737329701622509E-0036   0.139638367127771191299E+0008   0.000000000000000000000E+0000
    0.236583104166666744277E+0005   0.236583104166666748720E-0004  -0.532226737329701455461E-0036   0.139638367127771191299E+0008   0.000000000000000000000E+0000
    0.284240916666666817036E+0005   0.284240916666666728913E-0004  -0.639439643105410784714E-0036   0.139638367127771191299E+0008   0.000000000000000000000E+0000
    0.284240916666666817036E+0005   0.284240916666666728913E-0004  -0.639439643105410784714E-0036   0.139638367127771191299E+0008   0.000000000000000000000E+0000
    0.284240916666666817036E+0005   0.284240916666666728913E-0004  -0.639439643105410784714E-0036   0.139638367127771191299E+0008   0.000000000000000000000E+0000
    0.284240916666666817036E+0005   0.284240916666666830557E-0004  -0.639439643105410951762E-0036   0.139638367127771191299E+0008   0.000000000000000000000E+0000
    0.284240916666666817036E+0005   0.647213551439565124533E-0004  -0.253701627095828332471E-0007   0.143129584971293825656E+0008  -0.653576229196480835526E+0004
    0.284240916666666817036E+0005   0.804732212889085706236E-0004  -0.415796395165753842497E-0007   0.144199629942174069583E+0008  -0.883240274033146488364E+0004
    0.284240916666666817036E+0005   0.111250040766577634396E-0003  -0.839434959365698040159E-0007   0.145814847090841829777E+0008  -0.136029173739026700787E+0005
    0.284240916666666817036E+0005   0.217764598788568056534E-0003  -0.290488623138582038423E-0006   0.149143435208545569330E+0008  -0.250465434794913744554E+0005
    0.284240916666666817036E+0005   0.744498506096479841475E-0003  -0.165865768959736875396E-0005   0.150812335884597003460E+0008  -0.347407619927660780377E+0005
    0.284240916666666817036E+0005   0.194642527192839288885E-0002  -0.550315331000529006883E-0005   0.146720386881293039769E+0008  -0.346802025296925348812E+0005
    0.284240916666666817036E+0005   0.343397084522487940073E-0002  -0.121284723513638855423E-0004   0.144005227101986911148E+0008  -0.401652514837208291283E+0005
    0.284240916666666817036E+0005   0.519775312787332677972E-0002  -0.233819806613092771039E-0004   0.143191097085751537234E+0008  -0.545800752503640251234E+0005
    0.284240916666666817036E+0005   0.787694890648570761327E-0002  -0.119080077432640599666E-0003   0.154484593653622865677E+0008  -0.780654811968455032911E+0004
    0.284240916666666817036E+0005   0.101868797022424822929E-0001  -0.234680039088923473190E-0003   0.154269119462772384286E+0008   0.291100027557677749428E+0005
    0.284240916666666817036E+0005   0.134908479733691112623E-0001  -0.232076885159072807347E-0003   0.145663005883046165109E+0008  -0.819096632649231082723E+0003
    0.284240916666666817036E+0005   0.165192679740211248451E-0001  -0.182567113434010410127E-0003   0.140281662075591031462E+0008  -0.916881747125841502566E+0004
    0.284240916666666817036E+0005   0.187957422782156942376E-0001  -0.130120539070176200695E-0003   0.138889289782564993948E+0008  -0.767711409736213863653E+0004
    0.284240916666666817036E+0005   0.203549862763595795778E-0001  -0.765565157292082034812E-0004   0.138148659512681495398E+0008  -0.345278702733844193062E+0004
    0.284240916666666817036E+0005   0.212411654410405228988E-0001  -0.225071915141295060179E-0004   0.137750216582371089607E+0008   0.117312018964531057463E+0004
    0.284240916666666817036E+0005   0.214877720918776049519E-0001   0.314244423441393746794E-0004   0.137534790203313734382E+0008   0.667102434749389340141E+0004
    0.284240916666666817036E+0005   0.211223808018461897684E-0001   0.848114425318586087101E-0004   0.137443960824452061206E+0008   0.142001929173747776076E+0005
    0.284240916666666817036E+0005   0.201812817820174461581E-0001   0.135628031079157581554E-0003   0.137458318959482125938E+0008   0.243242886460711124528E+0005
    0.284240916666666817036E+0005   0.187588429372599063694E-0001   0.183205899842439688500E-0003   0.137588270266244504601E+0008   0.367023783929217825062E+0005
    0.284240916666666817036E+0005   0.170971390521966679077E-0001   0.192951114150447710022E-0003   0.137881414728503338993E+0008   0.406058002561051689554E+0005
    0.284240916666666817036E+0005   0.155081111633575338682E-0001   0.169423243883181235672E-0003   0.138470899127010721713E+0008   0.258996143307305537746E+0005
    0.284240916666666817036E+0005   0.137006587984538907854E-0001   0.153327050663087905650E-0003   0.139637412081366442144E+0008   0.576850683401228252478E+0004
    0.284240916666666817036E+0005   0.114616246792526889353E-0001   0.149504466726527607962E-0003   0.143923483045741133392E+0008  -0.231133030031348062039E+0005
    0.284240916666666817036E+0005   0.879454409913928147891E-0002   0.134420014766261459657E-0003   0.154140038475919477642E+0008  -0.513622632540373670054E+0005
    0.284240916666666817036E+0005   0.680377227542207536903E-0002   0.635021063962298284652E-0004   0.154685838793960101902E+0008  -0.198187294536875378981E+0005
    0.284240916666666817036E+0005   0.435479592890964523066E-0002   0.625864530171480813698E-0005   0.143224209775619283319E+0008   0.202346324986379186157E+0005
    0.284240916666666817036E+0005   0.271524292589899254868E-0002   0.328601679762385947322E-0005   0.144539085191375110298E+0008   0.157970295054487178277E+0005
    0.284240916666666817036E+0005   0.131502043420423340991E-0002   0.126493228931905071254E-0005   0.148699334683868363500E+0008   0.139103144902363219444E+0005
    0.284240916666666817036E+0005   0.402714172044305051840E-0003   0.289532738175897408048E-0006   0.150669459946602024138E+0008   0.120514306131221710530E+0005
    0.284240916666666817036E+0005   0.144330110117731714526E-0003   0.644076035761133295551E-0007   0.147159655890560820699E+0008   0.796253613325804235501E+0004
    0.284240916666666817036E+0005   0.913122962485050796225E-0004   0.287793205879404532251E-0007   0.144792358495265915990E+0008   0.525501266559579653403E+0004
    0.284240916666666817036E+0005   0.709883318870053103486E-0004   0.176770206614208901924E-0007   0.143591373262515887618E+0008   0.404068711358417931478E+0004
    0.284240916666666817036E+0005   0.592938027431802808231E-0004   0.126841189787443727515E-0007   0.142723174189390297979E+0008   0.341120104047262020686E+0004
    0.284240916666666817036E+0005   0.284240916666666830557E-0004  -0.639439643105410951762E-0036   0.139638367127771191299E+0008   0.000000000000000000000E+0000
    0.284240916666666817036E+0005   0.284240916666666830557E-0004  -0.639439643105410951762E-0036   0.139638367127771191299E+0008   0.000000000000000000000E+0000
    0.284240916666666817036E+0005   0.284240916666666898320E-0004  -0.639439643105411118810E-0036   0.139638367127771191299E+0008   0.000000000000000000000E+0000
    0.284240916666666817036E+0005   0.284240916666666830557E-0004  -0.639439643105410951762E-0036   0.139638367127771191299E+0008   0.000000000000000000000E+0000
    0.338697375000000174623E+0005   0.338697375000000046362E-0004  -0.761947052277212448380E-0036   0.139638367127771191299E+0008   0.000000000000000000000E+0000
    0.338697375000000174623E+0005   0.338697375000000046362E-0004  -0.761947052277212448380E-0036   0.139638367127771191299E+0008   0.000000000000000000000E+0000
    0.338697375000000174623E+0005   0.338697375000000046362E-0004  -0.761947052277212448380E-0036   0.139638367127771191299E+0008   0.000000000000000000000E+0000
    0.338697375000000174623E+0005   0.338697375000000249650E-0004  -0.761947052277212782475E-0036   0.139638367127771191299E+0008   0.000000000000000000000E+0000
    0.338697375000000174623E+0005   0.785449042165944341437E-0004  -0.318350053664956963954E-0007   0.143213070872900504619E+0008  -0.685285670318754000618E+0004
    0.338697375000000174623E+0005   0.991411570772312997430E-0004  -0.533392829366446284404E-0007   0.144373260608877837658E+0008  -0.934190008435141498921E+0004
    0.338697375000000174623E+0005   0.141136784197201518073E-0003  -0.113112441728572251869E-0006   0.146176708862993977964E+0008  -0.148810421841577590385E+0005
    0.338697375000000174623E+0005   0.298453325370201007216E-0003  -0.429642086371105910705E-0006   0.149496682692814245820E+0008  -0.263098641568212442508E+0005
    0.338697375000000174623E+0005   0.947499947260086426704E-0003  -0.211936225131423308329E-0005   0.149736169733893591911E+0008  -0.333978729717259629979E+0005
    0.338697375000000174623E+0005   0.217200544871177982781E-0002  -0.602336384543662328608E-0005   0.145663392586462255567E+0008  -0.328065259475092461798E+0005
    0.338697375000000174623E+0005   0.360540332421720351175E-0002  -0.126048190613228783784E-0004   0.143706623213218282908E+0008  -0.398168986923522024881E+0005
    0.338697375000000174623E+0005   0.532540469213199727655E-0002  -0.238688717405350121097E-0004   0.142958207178419828415E+0008  -0.545546035416542290477E+0005
    0.338697375000000174623E+0005   0.793198739433727782744E-0002  -0.119108665214236273538E-0003   0.154740305117541905493E+0008  -0.825336591427618441230E+0004
    0.338697375000000174623E+0005   0.102111205401511570545E-0001  -0.234634526141361900208E-0003   0.154571014117178432643E+0008   0.288769222659349943569E+0005
    0.338697375000000174623E+0005   0.134908509064612276707E-0001  -0.232076885322792837718E-0003   0.146024809695680961013E+0008  -0.809191264402691786017E+0003
    0.338697375000000174623E+0005   0.165192679862203456453E-0001  -0.182567113441958154153E-0003   0.140439553370059616864E+0008  -0.911906139888531288307E+0004
    0.338697375000000174623E+0005   0.187957422811863110457E-0001  -0.130120539071812695454E-0003   0.139005606761877145618E+0008  -0.763030813956651127228E+0004
    0.338697375000000174623E+0005   0.203549862777599281649E-0001  -0.765565157295561510634E-0004   0.138241385795496739447E+0008  -0.341360491923453446361E+0004
    0.338697375000000174623E+0005   0.212411654419749455769E-0001  -0.225071915140489159151E-0004   0.137830270439987387508E+0008   0.120461785328536234374E+0004
    0.338697375000000174623E+0005   0.214877720926285389891E-0001   0.314244423445041680528E-0004   0.137608174636071547866E+0008   0.669624948834565839206E+0004
    0.338697375000000174623E+0005   0.211223808025311800274E-0001   0.848114425325666198337E-0004   0.137514994143807925284E+0008   0.142203949506980588922E+0005
    0.338697375000000174623E+0005   0.201812817827129245551E-0001   0.135628031080388367861E-0003   0.137530792349582798779E+0008   0.243400220995134950499E+0005
    0.338697375000000174623E+0005   0.187588429380542709435E-0001   0.183205899844558409281E-0003   0.137666407872519344091E+0008   0.367134321173565549543E+0005
    0.338697375000000174623E+0005   0.170971390532676237317E-0001   0.192951114153600895200E-0003   0.137971019123804327101E+0008   0.406113906816337694181E+0005
    0.338697375000000174623E+0005   0.155081111653082789892E-0001   0.169423243886828464675E-0003   0.138582340422101672739E+0008   0.258988078890296928876E+0005
    0.338697375000000174623E+0005   0.137006588048371423516E-0001   0.153327050665721866408E-0003   0.139788357316336408257E+0008   0.576134243513101500866E+0004
    0.338697375000000174623E+0005   0.114616251872684555418E-0001   0.149504465911345538979E-0003   0.144258345026829503477E+0008  -0.231292681449107185472E+0005
    0.338697375000000174623E+0005   0.881374422473357038710E-0002   0.134356196315821969055E-0003   0.154494307456759456545E+0008  -0.512275435517734367750E+0005
    0.338697375000000174623E+0005   0.685916995599117514104E-0002   0.634316915642126576136E-0004   0.154907514465241469443E+0008  -0.195329591833287922782E+0005
    0.338697375000000174623E+0005   0.448224743566080947865E-0002   0.643914005595425210585E-0005   0.142990775326536297798E+0008   0.202971408117000755738E+0005
    0.338697375000000174623E+0005   0.289283965637168044571E-0002   0.347902693983066959975E-0005   0.144029557447081264108E+0008   0.155701541815537420916E+0005
    0.338697375000000174623E+0005   0.153008487694680913802E-0002   0.146282043566906995712E-0005   0.147451749449733980000E+0008   0.133384540373889885814E+0005
    0.338697375000000174623E+0005   0.541440532086424203273E-0003   0.401133743373152865357E-0006   0.150285653453721851110E+0008   0.121346090187131903804E+0005
    0.338697375000000174623E+0005   0.188869209145408278004E-0003   0.893939894964114005841E-0007   0.147624761833038181067E+0008   0.854446228507049090695E+0004
    0.338697375000000174623E+0005   0.113434704794338503419E-0003   0.370183019620753484925E-0007   0.145020123248038217425E+0008   0.553739955002194074041E+0004
    0.338697375000000174623E+0005   0.867204120953051285636E-0004   0.221911142091445147536E-0007   0.143717038040359877050E+0008   0.420137995748132561857E+0004
    0.338697375000000174623E+0005   0.716550449401542768977E-0004   0.156889806722147000133E-0007   0.142783810666920021176E+0008   0.352795356680136865180E+0004
    0.338697375000000174623E+0005   0.338697375000000249650E-0004  -0.761947052277212782475E-0036   0.139638367127771191299E+0008   0.000000000000000000000E+0000
    0.338697375000000174623E+0005   0.338697375000000249650E-0004  -0.761947052277212782475E-0036   0.139638367127771191299E+0008   0.000000000000000000000E+0000
    0.338697375000000174623E+0005   0.338697375000000317413E-0004  -0.761947052277212949523E-0036   0.139638367127771191299E+0008   0.000000000000000000000E+0000
    0.338697375000000174623E+0005   0.338697375000000249650E-0004  -0.761947052277212782475E-0036   0.139638367127771191299E+0008   0.000000000000000000000E+0000
    0.402315000000000072760E+0005   0.402315000000000094413E-0004  -0.905063785442407878121E-0036   0.139638367127771191299E+0008   0.000000000000000000000E+0000
    0.402315000000000072760E+0005   0.402315000000000094413E-0004  -0.905063785442407878121E-0036   0.139638367127771191299E+0008   0.000000000000000000000E+0000
    0.402315000000000072760E+0005   0.402315000000000094413E-0004  -0.905063785442407878121E-0036   0.139638367127771191299E+0008   0.000000000000000000000E+0000
    0.402315000000000072760E+0005   0.402315000000000297701E-0004  -0.905063785442408212217E-0036   0.139638367127771191299E+0008   0.000000000000000000000E+0000
    0.402315000000000072760E+0005   0.952341504198305388758E-0004  -0.400321463394709108563E-0007   0.143306315837549436837E+0008  -0.721711118792874367500E+0004
    0.402315000000000072760E+0005   0.122396349954636814248E-0003  -0.688709026565243420771E-0007   0.144574147803920842707E+0008  -0.995415420489828829886E+0004
    0.402315000000000072760E+0005   0.180973027994625731887E-0003  -0.155721871607744794613E-0006   0.146595979438405577093E+0008  -0.163912450938812653476E+0005
    0.402315000000000072760E+0005   0.409063623802098500805E-0003  -0.627389704906865706914E-0006   0.149581130998528245836E+0008  -0.270364362298467167420E+0005
    0.402315000000000072760E+0005   0.116936962426056161035E-0002  -0.260281974215520070878E-0005   0.148521988232427649200E+0008  -0.315476837885870154423E+0005
    0.402315000000000072760E+0005   0.239208774011336706630E-0002  -0.650895098263098207628E-0005   0.144809160836544670165E+0008  -0.313347352002928564616E+0005
    0.402315000000000072760E+0005   0.377453408681086965276E-0002  -0.130728468329491275858E-0004   0.143436632563370186836E+0008  -0.396678435888324529515E+0005
    0.402315000000000072760E+0005   0.545236481209441722906E-0002  -0.243535182993104344531E-0004   0.142738886818599607795E+0008  -0.545028742583897037548E+0005
    0.402315000000000072760E+0005   0.798775170736883491363E-0002  -0.119139178253000426041E-0003   0.154995738017704468220E+0008  -0.869223878935678840207E+0004
    0.402315000000000072760E+0005   0.102366704864927798857E-0001  -0.234587039878482428966E-0003   0.154862824586394447833E+0008   0.286348268562299381301E+0005
    0.402315000000000072760E+0005   0.134908541095332575044E-0001  -0.232076885498889767725E-0003   0.146398068675772696733E+0008  -0.798405798621891449329E+0003
    0.402315000000000072760E+0005   0.165192679970493083719E-0001  -0.182567113448967087517E-0003   0.140602783313688244671E+0008  -0.906974931122495763702E+0004
    0.402315000000000072760E+0005   0.187957422837150070483E-0001  -0.130120539073196029006E-0003   0.139126633879071362317E+0008  -0.758294866793875462463E+0004
    0.402315000000000072760E+0005   0.203549862789238755756E-0001  -0.765565157298418383358E-0004   0.138338342035728711635E+0008  -0.337354433278138412788E+0004
    0.402315000000000072760E+0005   0.212411654427417315172E-0001  -0.225071915139810617998E-0004   0.137914285536027662456E+0008   0.123690386505783271787E+0004
    0.402315000000000072760E+0005   0.214877720932406049426E-0001   0.314244423448024862806E-0004   0.137685374052325133234E+0008   0.672184443572344480344E+0004
    0.402315000000000072760E+0005   0.211223808030881823883E-0001   0.848114425331428732884E-0004   0.137589801192241739482E+0008   0.142403618837198409892E+0005
    0.402315000000000072760E+0005   0.201812817832792840145E-0001   0.135628031081390712769E-0003   0.137607097965610381216E+0008   0.243549075247028995364E+0005
    0.402315000000000072760E+0005   0.187588429387048893915E-0001   0.183205899846293214072E-0003   0.137748548167989589274E+0008   0.367231802569389619748E+0005
    0.402315000000000072760E+0005   0.170971390541550319342E-0001   0.192951114156212223238E-0003   0.138064935031662117690E+0008   0.406154672164715811959E+0005
    0.402315000000000072760E+0005   0.155081111669608945336E-0001   0.169423243889915621941E-0003   0.138698678222263436764E+0008   0.258965636917246738449E+0005
    0.402315000000000072760E+0005   0.137006588104650432747E-0001   0.153327050668038535400E-0003   0.139944961157289724797E+0008   0.575306571090662146162E+0004
    0.402315000000000072760E+0005   0.114616257281648648014E-0001   0.149504465044868781014E-0003   0.144607899339382369071E+0008  -0.231452109776045108447E+0005
    0.402315000000000072760E+0005   0.883504415926869568487E-0002   0.134285747233024960016E-0003   0.154829353439890742302E+0008  -0.510844637693696568022E+0005
    0.402315000000000072760E+0005   0.691577224424461123320E-0002   0.633609032336545534899E-0004   0.155127392767522670329E+0008  -0.192411244215506667388E+0005
    0.402315000000000072760E+0005   0.460924402217338310961E-0002   0.661978129929838403367E-0005   0.142761972026172578335E+0008   0.203455183367482495669E+0005
    0.402315000000000072760E+0005   0.306625202050992903824E-0002   0.366566482924460586713E-0005   0.143633061454032845795E+0008   0.153975201910027080885E+0005
    0.402315000000000072760E+0005   0.174934296433599135306E-0002   0.165773683606169536906E-0005   0.146293841323740985245E+0008   0.127824884755178336491E+0005
    0.402315000000000072760E+0005   0.709005545081098278309E-0003   0.536462263509480872224E-0006   0.149597563960447423160E+0008   0.120603365241253231943E+0005
    0.402315000000000072760E+0005   0.250370732839371953372E-0003   0.126155708650986967553E-0006   0.148046832343231532723E+0008   0.908951127508943864086E+0004
    0.402315000000000072760E+0005   0.141563789468987673553E-0003   0.480891170228563128172E-0007   0.145291733948403112590E+0008   0.588659669963082069444E+0004
    0.402315000000000072760E+0005   0.105982430655454727252E-0003   0.279437515386231279205E-0007   0.143859530098630562425E+0008   0.438520279118168127752E+0004
    0.402315000000000072760E+0005   0.864584869902201001192E-0004   0.194147716103515322043E-0007   0.142850644610533788800E+0008   0.365975276977371458997E+0004
    0.402315000000000072760E+0005   0.402315000000000297701E-0004  -0.905063785442408212217E-0036   0.139638367127771191299E+0008   0.000000000000000000000E+0000
    0.402315000000000072760E+0005   0.402315000000000297701E-0004  -0.905063785442408212217E-0036   0.139638367127771191299E+0008   0.000000000000000000000E+0000
    0.402315000000000072760E+0005   0.402315000000000365463E-0004  -0.905063785442408379265E-0036   0.139638367127771191299E+0008   0.000000000000000000000E+0000
    0.402315000000000072760E+0005   0.402315000000000297701E-0004  -0.905063785442408212217E-0036   0.139638367127771191299E+0008   0.000000000000000000000E+0000
    0.476864499999999970896E+0005   0.476864500000000082584E-0004  -0.107277329831873314910E-0035   0.139638367127771191299E+0008   0.000000000000000000000E+0000
    0.476864499999999970896E+0005   0.476864500000000082584E-0004  -0.107277329831873314910E-0035   0.139638367127771191299E+0008   0.000000000000000000000E+0000
    0.476864499999999970896E+0005   0.476864500000000082584E-0004  -0.107277329831873314910E-0035   0.139638367127771191299E+0008   0.000000000000000000000E+0000
    0.476864499999999970896E+0005   0.476864500000000353635E-0004  -0.107277329831873348319E-0035   0.139638367127771191299E+0008   0.000000000000000000000E+0000
    0.476864499999999970896E+0005   0.115551499125125675888E-0003  -0.505632592575933277276E-0007   0.143412150142714809626E+0008  -0.764163051644341885549E+0004
    0.476864499999999970896E+0005   0.151829902204044084237E-0003  -0.898976498219235283633E-0007   0.144811379911723583937E+0008  -0.107183424554447501578E+0005
    0.476864499999999970896E+0005   0.235523038346321602786E-0003  -0.219776802024942228115E-0006   0.147041862093005385250E+0008  -0.180034630586825915088E+0005
    0.476864499999999970896E+0005   0.554779780157778367768E-0003  -0.892174198373857376239E-0006   0.149321403283885978162E+0008  -0.271777027688863563526E+0005
    0.476864499999999970896E+0005   0.140580499947885826512E-0002  -0.309015737810168444834E-0005   0.147266317466672658920E+0008  -0.294163585954995396605E+0005
    0.476864499999999970896E+0005   0.260632086163486900027E-0002  -0.696492256399778936692E-0005   0.144152181841948311776E+0008  -0.302129467430866643554E+0005
    0.476864499999999970896E+0005   0.394250260830651330646E-0002  -0.135374284493294199489E-0004   0.143181430082310810685E+0008  -0.396134354507891766843E+0005
    0.476864499999999970896E+0005   0.557964301924949133971E-0002  -0.248396459900747975779E-0004   0.142528855620785281062E+0008  -0.544536212097112729680E+0005
    0.476864499999999970896E+0005   0.804474638546342352141E-0002  -0.119171914494171470988E-0003   0.155251440994742512703E+0008  -0.912520359124289279862E+0004
    0.476864499999999970896E+0005   0.102636545434054149428E-0001  -0.234537410146417121684E-0003   0.155147394012590367347E+0008   0.283846497508752945578E+0005
    0.476864499999999970896E+0005   0.134908576878245319020E-0001  -0.232076885692253159429E-0003   0.146785365514599699527E+0008  -0.785901891903372984416E+0003
    0.476864499999999970896E+0005   0.165192680068163844087E-0001  -0.182567113455246515449E-0003   0.140772622924765758216E+0008  -0.901895078931035641290E+0004
    0.476864499999999970896E+0005   0.187957422859004533167E-0001  -0.130120539074382905124E-0003   0.139253368887819126248E+0008  -0.753326340201636958227E+0004
    0.476864499999999970896E+0005   0.203549862799055868157E-0001  -0.765565157300797122925E-0004   0.138440371894513815641E+0008  -0.333115542328454876042E+0004
    0.476864499999999970896E+0005   0.212411654433800334285E-0001  -0.225071915139230739242E-0004   0.138003021456159893423E+0008   0.127101152343963121893E+0004
    0.476864499999999970896E+0005   0.214877720937466099027E-0001   0.314244423450499147689E-0004   0.137767103753767814487E+0008   0.674839144032194417377E+0004
    0.476864499999999970896E+0005   0.211223808035475475731E-0001   0.848114425336184856764E-0004   0.137669081700769588351E+0008   0.142602326378119723813E+0005
    0.476864499999999970896E+0005   0.201812817837470834248E-0001   0.135628031082218717968E-0003   0.137687945174225624651E+0008   0.243686758930635041906E+0005
    0.476864499999999970896E+0005   0.187588429392454777989E-0001   0.183205899847734118759E-0003   0.137835438059966862202E+0008   0.367309980243180107209E+0005
    0.476864499999999970896E+0005   0.170971390549012544624E-0001   0.192951114158406729750E-0003   0.138163984361980054528E+0008   0.406171149355394809390E+0005
    0.476864499999999970896E+0005   0.155081111683826045056E-0001   0.169423243892568745972E-0003   0.138820874096060618758E+0008   0.258917517029239279509E+0005
    0.476864499999999970896E+0005   0.137006588155081619751E-0001   0.153327050670108765238E-0003   0.140108426546122562140E+0008   0.574244288118523309095E+0004
    0.476864499999999970896E+0005   0.114616263191445934971E-0001   0.149504464099830299949E-0003   0.144974446708200462162E+0008  -0.231625533922431823157E+0005
    0.476864499999999970896E+0005   0.885856355319828564499E-0002   0.134208344722739367303E-0003   0.155147254153810031712E+0008  -0.509325501883766046376E+0005
    0.476864499999999970896E+0005   0.697364414641299737441E-0002   0.632897251038739677145E-0004   0.155350120186474956572E+0008  -0.189460071796038682805E+0005
    0.476864499999999970896E+0005   0.473651039257050147924E-0002   0.680145006616314864480E-0005   0.142541411571286767721E+0008   0.203780960052064365300E+0005
    0.476864499999999970896E+0005   0.323755065045069597221E-0002   0.384876489010846321577E-0005   0.143309497583189625293E+0008   0.152823060592328329221E+0005
    0.476864499999999970896E+0005   0.196997647868872496207E-0002   0.184738054713931504423E-0005   0.145274357984548136592E+0008   0.122906568771014808590E+0005
    0.476864499999999970896E+0005   0.902992907571984935143E-0003   0.691880167863250288834E-0006   0.148664261157162543386E+0008   0.118125360327297294134E+0005
    0.476864499999999970896E+0005   0.335476349342158524681E-0003   0.179766350441419145825E-0006   0.148330699850380867720E+0008   0.953816982154732431809E+0004
    0.476864499999999970896E+0005   0.178126886074404246988E-0003   0.634325129656109684811E-0007   0.145614004441982191056E+0008   0.631539095585715949710E+0004
    0.476864499999999970896E+0005   0.129831794004677230758E-0003   0.353887597648753035622E-0007   0.144023227420302052051E+0008   0.459980299978418133833E+0004
    0.476864499999999970896E+0005   0.104306418519194629159E-0003   0.240808557571896406819E-0007   0.142925400666600223631E+0008   0.381016728647346235448E+0004
    0.476864499999999970896E+0005   0.476864500000000353635E-0004  -0.107277329831873348319E-0035   0.139638367127771191299E+0008   0.000000000000000000000E+0000
    0.476864499999999970896E+0005   0.476864500000000353635E-0004  -0.107277329831873348319E-0035   0.139638367127771191299E+0008   0.000000000000000000000E+0000
    0.476864499999999970896E+0005   0.476864500000000421398E-0004  -0.107277329831873348319E-0035   0.139638367127771191299E+0008   0.000000000000000000000E+0000
    0.476864499999999970896E+0005   0.476864500000000353635E-0004  -0.107277329831873348319E-0035   0.139638367127771191299E+0008   0.000000000000000000000E+0000
    0.562442541666666656965E+0005   0.562442541666666686218E-0004  -0.126529305607467406540E-0035   0.139638367127771191299E+0008   0.000000000000000000000E+0000
    0.562442541666666656965E+0005   0.562442541666666686218E-0004  -0.126529305607467406540E-0035   0.139638367127771191299E+0008   0.000000000000000000000E+0000
    0.562442541666666656965E+0005   0.562442541666666686218E-0004  -0.126529305607467406540E-0035   0.139638367127771191299E+0008   0.000000000000000000000E+0000
    0.562442541666666656965E+0005   0.562442541666666957268E-0004  -0.126529305607467439950E-0035   0.139638367127771191299E+0008   0.000000000000000000000E+0000
    0.562442541666666656965E+0005   0.139933007678873884069E-0003  -0.639695802364499303435E-0007   0.143531617462901044637E+0008  -0.813394496830615935323E+0004
    0.562442541666666656965E+0005   0.188911150865857561335E-0003  -0.118535762670501970656E-0006   0.145087971422865986824E+0008  -0.116670956096296904434E+0005
    0.562442541666666656965E+0005   0.309790641591158239822E-0003  -0.314564659984012195741E-0006   0.147431809113642070442E+0008  -0.194625823485202781740E+0005
    0.562442541666666656965E+0005   0.733109029712467638422E-0003  -0.121508349006721551151E-0005   0.148720449880498014390E+0008  -0.267069263899653888075E+0005
    0.562442541666666656965E+0005   0.164693117557685895710E-0002  -0.355642106419880934680E-0005   0.146086781809906102717E+0008  -0.273430535395852348302E+0005
    0.562442541666666656965E+0005   0.281155197257221137544E-0002  -0.738983001933215688398E-0005   0.143667356194735411555E+0008  -0.294205781041977861605E+0005
    0.562442541666666656965E+0005   0.410659505652750771165E-0002  -0.139915275180401399142E-0004   0.142944123675376102328E+0008  -0.395620263688156337594E+0005
    0.562442541666666656965E+0005   0.570526147922774048982E-0002  -0.253197336881362658262E-0004   0.142329562377733420581E+0008  -0.544140325589282874716E+0005
    0.562442541666666656965E+0005   0.810213541145628733664E-0002  -0.119206403194212402514E-0003   0.155502301592906527221E+0008  -0.954823928196188717266E+0004
    0.562442541666666656965E+0005   0.102915623549626814026E-0001  -0.234486625152566545080E-0003   0.155421248458656258881E+0008   0.281324080603492075170E+0005
    0.562442541666666656965E+0005   0.134908616793509884835E-0001  -0.232076885903840309140E-0003   0.147180302088838759810E+0008  -0.772678882062036564093E+0003
    0.562442541666666656965E+0005   0.165192680155638385586E-0001  -0.182567113460831782941E-0003   0.140946435295322667807E+0008  -0.896760169968584705202E+0004
    0.562442541666666656965E+0005   0.187957422877749365242E-0001  -0.130120539075393164708E-0003   0.139383889692136496305E+0008  -0.748229534029655860650E+0004
    0.562442541666666656965E+0005   0.203549862807269575649E-0001  -0.765565157302760070958E-0004   0.138545966005341261625E+0008  -0.328743108584706851616E+0004
    0.562442541666666656965E+0005   0.212411654439069869094E-0001  -0.225071915138739189082E-0004   0.138095188815041147172E+0008   0.130606698670266109730E+0004
    0.562442541666666656965E+0005   0.214877720941614031025E-0001   0.314244423452534330692E-0004   0.137852189717478100210E+0008   0.677519225281932267535E+0004
    0.562442541666666656965E+0005   0.211223808039231915334E-0001   0.848114425340077142564E-0004   0.137751700977183785290E+0008   0.142795194613937455870E+0005
    0.562442541666666656965E+0005   0.201812817841302213906E-0001   0.135628031082896778007E-0003   0.137772171304198373109E+0008   0.243810428113573580049E+0005
    0.562442541666666656965E+0005   0.187588429396909617264E-0001   0.183205899848920967772E-0003   0.137925811192950662225E+0008   0.367367517894259144668E+0005
    0.562442541666666656965E+0005   0.170971390555237669207E-0001   0.192951114160236104076E-0003   0.138266692715283036232E+0008   0.406162770934136788128E+0005
    0.562442541666666656965E+0005   0.155081111695966125663E-0001   0.169423243894831692747E-0003   0.138947052262121029198E+0008   0.258843327311894499871E+0005
    0.562442541666666656965E+0005   0.137006588199967832553E-0001   0.153327050671945457928E-0003   0.140276166938468758017E+0008   0.572945196567906987184E+0004
    0.562442541666666656965E+0005   0.114616269658058596986E-0001   0.149504463067599141762E-0003   0.145351557571526002139E+0008  -0.231812132118099179934E+0005
    0.562442541666666656965E+0005   0.888379637006598416038E-0002   0.134125718872273686985E-0003   0.155444219302918147296E+0008  -0.507746365386010875227E+0005
    0.562442541666666656965E+0005   0.703168836447471030937E-0002   0.632195320534634534401E-0004   0.155573436045694015920E+0008  -0.186548154028246863163E+0005
    0.562442541666666656965E+0005   0.486199576901017588293E-0002   0.698108441628185208498E-0005   0.142334091709860600531E+0008   0.204012249046622055175E+0005
    0.562442541666666656965E+0005   0.340454053636345772491E-0002   0.402660977675972291898E-0005   0.143033518650807123631E+0008   0.152200144818751396087E+0005
    0.562442541666666656965E+0005   0.218468519729646520194E-0002   0.202650881484574375493E-0005   0.144444724290143195540E+0008   0.118919671679158327606E+0005
    0.562442541666666656965E+0005   0.111485791899918937863E-0002   0.858084175099836989775E-0006   0.147594124619275834411E+0008   0.114116700558473330602E+0005
    0.562442541666666656965E+0005   0.448474665056509784467E-0003   0.253709029191839765623E-0006   0.148374077124882079661E+0008   0.983951151265892258380E+0004
    0.562442541666666656965E+0005   0.225658973539137705944E-0003   0.848465503125042040357E-0007   0.145971890303389672190E+0008   0.680760855546774018876E+0004
    0.562442541666666656965E+0005   0.159042038884960680633E-0003   0.449685693572856262475E-0007   0.144209822004404813051E+0008   0.485180578019437143666E+0004
    0.562442541666666656965E+0005   0.125476104897744342821E-0003   0.298496506136892472788E-0007   0.143008412402681782842E+0008   0.398043344647309641005E+0004
    0.562442541666666656965E+0005   0.562442541666666957268E-0004  -0.126529305607467439950E-0035   0.139638367127771191299E+0008   0.000000000000000000000E+0000
    0.562442541666666656965E+0005   0.562442541666666957268E-0004  -0.126529305607467439950E-0035   0.139638367127771191299E+0008   0.000000000000000000000E+0000
    0.562442541666666656965E+0005   0.562442541666667092794E-0004  -0.126529305607467473360E-0035   0.139638367127771191299E+0008   0.000000000000000000000E+0000
    0.562442541666666656965E+0005   0.562442541666666957268E-0004  -0.126529305607467439950E-0035   0.139638367127771191299E+0008   0.000000000000000000000E+0000
    0.660408458333333255723E+0005   0.660408458333333441004E-0004  -0.148568106890707847369E-0035   0.139638367127771191299E+0008   0.000000000000000000000E+0000
    0.660408458333333255723E+0005   0.660408458333333441004E-0004  -0.148568106890707847369E-0035   0.139638367127771191299E+0008   0.000000000000000000000E+0000
    0.660408458333333255723E+0005   0.660408458333333441004E-0004  -0.148568106890707847369E-0035   0.139638367127771191299E+0008   0.000000000000000000000E+0000
    0.660408458333333255723E+0005   0.660408458333333847580E-0004  -0.148568106890707914188E-0035   0.139638367127771191299E+0008   0.000000000000000000000E+0000
    0.660408458333333255723E+0005   0.169327605049396530661E-0003  -0.812160822284974446451E-0007   0.143668409153285771608E+0008  -0.871574147568370790395E+0004
    0.660408458333333255723E+0005   0.236366258190543360477E-0003  -0.158555014365981817429E-0006   0.145402843612368945032E+0008  -0.128128245116214548034E+0005
    0.660408458333333255723E+0005   0.410289137497791894446E-0003  -0.451255576829344859274E-0006   0.147660954433773607016E+0008  -0.205477261414219028666E+0005
    0.660408458333333255723E+0005   0.939528307086065907032E-0003  -0.157998717156040235476E-0005   0.147850832087450772524E+0008  -0.256546659948591295688E+0005
    0.660408458333333255723E+0005   0.188714085274570503650E-0002  -0.399240306194408436978E-0005   0.145060178358497619629E+0008  -0.255524894731082385988E+0005
    0.660408458333333255723E+0005   0.300965872567991689010E-0002  -0.779230595194793575643E-0005   0.143299654713644087315E+0008  -0.289201881327523769869E+0005
    0.660408458333333255723E+0005   0.426750155474296850866E-0002  -0.144367755479437386121E-0004   0.142724816142938453704E+0008  -0.394801959743647821597E+0005
    0.660408458333333255723E+0005   0.582962671898045250996E-0002  -0.257953564857420787734E-0004   0.142139789238318111748E+0008  -0.543779624587618091027E+0005
    0.660408458333333255723E+0005   0.816016758676300739406E-0002  -0.119242789647364756710E-0003   0.155747812317564561963E+0008  -0.996600799669516891299E+0004
    0.660408458333333255723E+0005   0.103204036328277681811E-0001  -0.234434701656495734839E-0003   0.155686102070703022182E+0008   0.278783419345369329676E+0005
    0.660408458333333255723E+0005   0.134908662088108755039E-0001  -0.232076886139308800634E-0003   0.147583764069986082613E+0008  -0.760266184221941216492E+0003
    0.660408458333333255723E+0005   0.165192680235027034019E-0001  -0.182567113465865516787E-0003   0.141124706634382829070E+0008  -0.891672876593266664713E+0004
    0.660408458333333255723E+0005   0.187957422894037863570E-0001  -0.130120539076264158523E-0003   0.139518585380693264306E+0008  -0.743116363875786464632E+0004
    0.660408458333333255723E+0005   0.203549862814230153596E-0001  -0.765565157304400197794E-0004   0.138655462192083224654E+0008  -0.324341216940219055687E+0004
    0.660408458333333255723E+0005   0.212411654443475476917E-0001  -0.225071915138317197268E-0004   0.138191096730302684009E+0008   0.134126052009046270541E+0004
    0.660408458333333255723E+0005   0.214877720945057248958E-0001   0.314244423454229480789E-0004   0.137940925459404364228E+0008   0.680181127875991569454E+0004
    0.660408458333333255723E+0005   0.211223808042342413305E-0001   0.848114425343302915077E-0004   0.137837945899144168943E+0008   0.142982461559699295321E+0005
    0.660408458333333255723E+0005   0.201812817844480088536E-0001   0.135628031083459045254E-0003   0.137860063987550754100E+0008   0.243924851321578535135E+0005
    0.660408458333333255723E+0005   0.187588429400627476618E-0001   0.183205899849910952776E-0003   0.138019963374733012170E+0008   0.367412709402001491981E+0005
    0.660408458333333255723E+0005   0.170971390560498009981E-0001   0.192951114161780739806E-0003   0.138373373652716837823E+0008   0.406139760963741355226E+0005
    0.660408458333333255723E+0005   0.155081111706470362033E-0001   0.169423243896787268205E-0003   0.139077554672928340733E+0008   0.258753617689983220771E+0005
    0.660408458333333255723E+0005   0.137006588240462731654E-0001   0.153327050673596426787E-0003   0.140448589915774408728E+0008   0.571509407081129847938E+0004
    0.660408458333333255723E+0005   0.114616276875224767234E-0001   0.149504461917654202143E-0003   0.145739524603870306164E+0008  -0.232001738387936529762E+0005
    0.660408458333333255723E+0005   0.891062881713330229294E-0002   0.134038295067954288907E-0003   0.155723323673983253539E+0008  -0.506101756616664788453E+0005
    0.660408458333333255723E+0005   0.709005616571071854704E-0002   0.631501353197188263194E-0004   0.155797358124315179884E+0008  -0.183663799221204317291E+0005
    0.660408458333333255723E+0005   0.498611248477147557534E-0002   0.715920066932038405994E-0005   0.142138426735549364239E+0008   0.204225245488948057755E+0005
    0.660408458333333255723E+0005   0.356797212270844191565E-0002   0.420047311832513355057E-0005   0.142785936049101278186E+0008   0.151891733341201797884E+0005
    0.660408458333333255723E+0005   0.239202994600666313946E-0002   0.219530616208714114441E-0005   0.143802524874716829509E+0008   0.115853669776825990994E+0005
    0.660408458333333255723E+0005   0.133872269010220203492E-0002   0.102810859996913752381E-0005   0.146488263522328473628E+0008   0.109177350356663355342E+0005
    0.660408458333333255723E+0005   0.592446906587115328276E-0003   0.350060698609406579079E-0006   0.148120231029002405703E+0008   0.997064263895290423534E+0004
    0.660408458333333255723E+0005   0.288387356487446091385E-0003   0.115226248053053645845E-0006   0.146328667043631188571E+0008   0.732446494616179552395E+0004
    0.660408458333333255723E+0005   0.195136920437041441615E-0003   0.574831446810811724629E-0007   0.144424055424415841699E+0008   0.515427336193908831774E+0004
    0.660408458333333255723E+0005   0.150639309812120286269E-0003   0.370236095524080203437E-0007   0.143101659102457389235E+0008   0.417546084225220511144E+0004
    0.660408458333333255723E+0005   0.660408458333333847580E-0004  -0.148568106890707914188E-0035   0.139638367127771191299E+0008   0.000000000000000000000E+0000
    0.660408458333333255723E+0005   0.660408458333333847580E-0004  -0.148568106890707914188E-0035   0.139638367127771191299E+0008   0.000000000000000000000E+0000
    0.660408458333333255723E+0005   0.660408458333333983105E-0004  -0.148568106890707947598E-0035   0.139638367127771191299E+0008   0.000000000000000000000E+0000
    0.660408458333333255723E+0005   0.660408458333333847580E-0004  -0.148568106890707914188E-0035   0.139638367127771191299E+0008   0.000000000000000000000E+0000
    0.772214270833333430346E+0005   0.772214270833333641178E-0004  -0.173720386049007733654E-0035   0.139638367127771191299E+0008   0.000000000000000000000E+0000
    0.772214270833333430346E+0005   0.772214270833333641178E-0004  -0.173720386049007733654E-0035   0.139638367127771191299E+0008   0.000000000000000000000E+0000
    0.772214270833333430346E+0005   0.772214270833333641178E-0004  -0.173720386049007733654E-0035   0.139638367127771191299E+0008   0.000000000000000000000E+0000
    0.772214270833333430346E+0005   0.772214270833334047754E-0004  -0.173720386049007800473E-0035   0.139638367127771191299E+0008   0.000000000000000000000E+0000
    0.772214270833333430346E+0005   0.204991474881517968774E-0003  -0.103710602740659221399E-0006   0.143827114311894401908E+0008  -0.941773720295007115055E+0004
    0.772214270833333430346E+0005   0.298082424610471101965E-0003  -0.215685730134044541977E-0006   0.145734556713902167976E+0008  -0.140933076388175559259E+0005
    0.772214270833333430346E+0005   0.542620140628957865758E-0003  -0.638460644762907720500E-0006   0.147628931554003097117E+0008  -0.211121955401198101754E+0005
    0.772214270833333430346E+0005   0.116711452451178244322E-0002  -0.196497866985496567497E-0005   0.146824110368280913681E+0008  -0.241582345820126683975E+0005
    0.772214270833333430346E+0005   0.212192508963263311295E-0002  -0.439524269792988976765E-0005   0.144230881497094668448E+0008  -0.241387567712876007135E+0005
    0.772214270833333430346E+0005   0.320215864699880184419E-0002  -0.817916923935774805438E-0005   0.143003109261324144900E+0008  -0.286450718421680066967E+0005
    0.772214270833333430346E+0005   0.442588501553867197380E-0002  -0.148746552699176216199E-0004   0.142521805104850977659E+0008  -0.393790664207286099554E+0005
    0.772214270833333430346E+0005   0.595305073596915507173E-0002  -0.262676763806764375050E-0004   0.141959148636883422732E+0008  -0.543402016098280510050E+0005
    0.772214270833333430346E+0005   0.821904080440263862251E-0002  -0.119281219564489065913E-0003   0.155987475999446287751E+0008  -0.103816297487188057858E+0005
    0.772214270833333430346E+0005   0.103501969390992140663E-0001  -0.234381641815007774532E-0003   0.155943120595930814743E+0008   0.276220838493702576670E+0005
    0.772214270833333430346E+0005   0.134908714356124677380E-0001  -0.232076886406238291297E-0003   0.147996504084787704051E+0008  -0.749993230837034843717E+0003
    0.772214270833333430346E+0005   0.165192680307984854360E-0001  -0.182567113470459660863E-0003   0.141307838765634447336E+0008  -0.886743925413568103977E+0004
    0.772214270833333430346E+0005   0.187957422908365569258E-0001  -0.130120539077024401087E-0003   0.139657787935585137457E+0008  -0.738100388974696306832E+0004
    0.772214270833333430346E+0005   0.203549862820199371771E-0001  -0.765565157305786892373E-0004   0.138769155680076777935E+0008  -0.320008831895195271500E+0004
    0.772214270833333430346E+0005   0.212411654447202322138E-0001  -0.225071915137951007984E-0004   0.138291020299195945263E+0008   0.137588475740933631641E+0004
    0.772214270833333430346E+0005   0.214877720947949102381E-0001   0.314244423455657510575E-0004   0.138033575435677021742E+0008   0.682794119405458695837E+0004
    0.772214270833333430346E+0005   0.211223808044948176132E-0001   0.848114425346006915295E-0004   0.137928076880071945488E+0008   0.143165729021287916112E+0005
    0.772214270833333430346E+0005   0.201812817847146774852E-0001   0.135628031083930835829E-0003   0.137951885116993617266E+0008   0.244036237476777459960E+0005
    0.772214270833333430346E+0005   0.187588429403766979164E-0001   0.183205899850746438970E-0003   0.138118163501994032413E+0008   0.367455522194105069502E+0005
    0.772214270833333430346E+0005   0.170971390564996598982E-0001   0.192951114163100539110E-0003   0.138484310199045836926E+0008   0.406114450014146568719E+0005
    0.772214270833333430346E+0005   0.155081111715671959850E-0001   0.169423243898498112128E-0003   0.139212685039770733565E+0008   0.258661577093923406210E+0005
    0.772214270833333430346E+0005   0.137006588277463446646E-0001   0.153327050675099239418E-0003   0.140626050259221885353E+0008   0.570067446222672151634E+0004
    0.772214270833333430346E+0005   0.114616285083081852203E-0001   0.149504460612347102755E-0003   0.146138557020887304097E+0008  -0.232180901039484851935E+0005
    0.772214270833333430346E+0005   0.893894293127554459555E-0002   0.133946509344253427906E-0003   0.155987482018328029662E+0008  -0.504386186743615980959E+0005
    0.772214270833333430346E+0005   0.714893509831407945876E-0002   0.630813191360508256165E-0004   0.156020978764332849532E+0008  -0.180785807497394198435E+0005
    0.772214270833333430346E+0005   0.510917352734364255129E-0002   0.733622972596297936629E-0005   0.141952835366047993302E+0008   0.204455190694810262357E+0005
    0.772214270833333430346E+0005   0.372834954307476760735E-0002   0.437109780208054503082E-0005   0.142559400560707338154E+0008   0.151687505885657683393E+0005
    0.772214270833333430346E+0005   0.259219589023683199755E-0002   0.235522844223522820990E-0005   0.143317314070227816701E+0008   0.113655403432950915885E+0005
    0.772214270833333430346E+0005   0.156866173247921427553E-0002   0.119606008097410896270E-0005   0.145439279497421570122E+0008   0.104094484667148935841E+0005
    0.772214270833333430346E+0005   0.766877545191947044938E-0003   0.467560156908106639283E-0006   0.147572489260850697756E+0008   0.992009808371218605316E+0004
    0.772214270833333430346E+0005   0.371677845830359311011E-0003   0.158333798709448752348E-0006   0.146614971303091328591E+0008   0.780363952047297243553E+0004
    0.772214270833333430346E+0005   0.240242319808833246003E-0003   0.741397523437347591333E-0007   0.144667877191078532487E+0008   0.551848196622426439717E+0004
    0.772214270833333430346E+0005   0.180638814561225220789E-0003   0.460115939550623990606E-0007   0.143207607248845752329E+0008   0.440166664762082473317E+0004
    0.772214270833333430346E+0005   0.772214270833334047754E-0004  -0.173720386049007800473E-0035   0.139638367127771191299E+0008   0.000000000000000000000E+0000
    0.772214270833333430346E+0005   0.772214270833334047754E-0004  -0.173720386049007800473E-0035   0.139638367127771191299E+0008   0.000000000000000000000E+0000
    0.772214270833333430346E+0005   0.772214270833334183279E-0004  -0.173720386049007867292E-0035   0.139638367127771191299E+0008   0.000000000000000000000E+0000
    0.772214270833333430346E+0005   0.772214270833334047754E-0004  -0.173720386049007800473E-0035   0.139638367127771191299E+0008   0.000000000000000000000E+0000
    0.899802083333333284827E+0005   0.899802083333333345676E-0004  -0.202423046540802943756E-0035   0.139638367127771191299E+0008   0.000000000000000000000E+0000
    0.899802083333333284827E+0005   0.899802083333333345676E-0004  -0.202423046540802943756E-0035   0.139638367127771191299E+0008   0.000000000000000000000E+0000
    0.899802083333333284827E+0005   0.899802083333333345676E-0004  -0.202423046540802943756E-0035   0.139638367127771191299E+0008   0.000000000000000000000E+0000
    0.899802083333333284827E+0005   0.899802083333333752252E-0004  -0.202423046540803010575E-0035   0.139638367127771191299E+0008   0.000000000000000000000E+0000
    0.899802083333333284827E+0005   0.248773599492630272719E-0003  -0.133666648838546546038E-0006   0.144011896299029253423E+0008  -0.102746184048383474874E+0005
    0.899802083333333284827E+0005   0.379487778579338987800E-0003  -0.298067484706843965476E-0006   0.146029077739867810160E+0008  -0.153557196915084987268E+0005
    0.899802083333333284827E+0005   0.709649528979883897906E-0003  -0.878029848994360100225E-0006   0.147282691333714351058E+0008  -0.210923913409938759287E+0005
    0.899802083333333284827E+0005   0.140866764420135041555E-0002  -0.234987700288807629896E-0005   0.145760013333238214254E+0008  -0.224663678904165426502E+0005
    0.899802083333333284827E+0005   0.234965506067365357407E-0002  -0.476860507858564235367E-0005   0.143597851284837964922E+0008  -0.231034664536088239402E+0005
    0.899802083333333284827E+0005   0.339060568594191230618E-0002  -0.855592876955175066331E-0005   0.142748736496753878891E+0008  -0.284970944311421262682E+0005
    0.899802083333333284827E+0005   0.458276106143014685945E-0002  -0.153078302699621614572E-0004   0.142331427728815078735E+0008  -0.392763509001045094919E+0005
    0.899802083333333284827E+0005   0.607615164700580322188E-0002  -0.267390069452643261818E-0004   0.141786861051775086671E+0008  -0.543000864958172023762E+0005
    0.899802083333333284827E+0005   0.827909344588546175503E-0002  -0.119321959475078494565E-0003   0.156221546845712456852E+0008  -0.107975698255203787994E+0005
    0.899802083333333284827E+0005   0.103810627369234353967E-0001  -0.234327271397868203400E-0003   0.156193749077145997435E+0008   0.273624764165876731568E+0005
    0.899802083333333284827E+0005   0.134908775884848633475E-0001  -0.232076886715886485969E-0003   0.148420442688331510872E+0008  -0.742500376586433617376E+0003
    0.899802083333333284827E+0005   0.165192680376044648272E-0001  -0.182567113474716455433E-0003   0.141496726914606280625E+0008  -0.882023962583116554015E+0004
    0.899802083333333284827E+0005   0.187957422921153048667E-0001  -0.130120539077697744846E-0003   0.139802210822563841939E+0008  -0.733230202479393665271E+0004
    0.899802083333333284827E+0005   0.203549862825391607302E-0001  -0.765565157306975991106E-0004   0.138887657108342852443E+0008  -0.315783308960403155652E+0004
    0.899802083333333284827E+0005   0.212411654450399348115E-0001  -0.225071915137629237108E-0004   0.138395515144440587610E+0008   0.140971538057868951910E+0004
    0.899802083333333284827E+0005   0.214877720950411577050E-0001   0.314244423456877509070E-0004   0.138130666567900255322E+0008   0.685353493756426723849E+0004
    0.899802083333333284827E+0005   0.211223808047161475121E-0001   0.848114425348304881800E-0004   0.138022611191449407488E+0008   0.143346434643113207130E+0005
    0.899802083333333284827E+0005   0.201812817849415723770E-0001   0.135628031084332207473E-0003   0.138048158991947975010E+0008   0.244147832957477767195E+0005
    0.899802083333333284827E+0005   0.187588429406455522996E-0001   0.183205899851461497408E-0003   0.138220961079635955393E+0008   0.367500608969697495922E+0005
    0.899802083333333284827E+0005   0.170971390568898928830E-0001   0.192951114164244426612E-0003   0.138600101513574048877E+0008   0.406092241617327745189E+0005
    0.899802083333333284827E+0005   0.155081111723851423900E-0001   0.169423243900016889637E-0003   0.139353131047910060734E+0008   0.258572655143628981023E+0005
    0.899802083333333284827E+0005   0.137006588311787032286E-0001   0.153327050676488048191E-0003   0.140809402398409787565E+0008   0.568671425795122195268E+0004
    0.899802083333333284827E+0005   0.114616294619999739557E-0001   0.149504459098769536523E-0003   0.146550076783722657710E+0008  -0.232343909232376718137E+0005
    0.899802083333333284827E+0005   0.896872324688334499054E-0002   0.133850464584847400271E-0003   0.156239957147444095463E+0008  -0.502595054317761751008E+0005
    0.899802083333333284827E+0005   0.720869525452828840972E-0002   0.630126779720365290784E-0004   0.156243653664950262755E+0008  -0.177888723899072647328E+0005
    0.899802083333333284827E+0005   0.523178253195265459408E-0002   0.751304162159665424152E-0005   0.141775955295928325504E+0008   0.204705086183104613156E+0005
    0.899802083333333284827E+0005   0.388661208897834661857E-0002   0.453950879358981226674E-0005   0.142350638782676439732E+0008   0.151487749959693064739E+0005
    0.899802083333333284827E+0005   0.278675166177368843767E-0002   0.250868652447116042599E-0005   0.142944709561956748366E+0008   0.112243929761754461651E+0005
    0.899802083333333284827E+0005   0.179973647424134988032E-0002   0.135823479388986367374E-0005   0.144517921980442684144E+0008   0.995133604660421406152E+0004
    0.899802083333333284827E+0005   0.968272143657966438343E-0003   0.601905564606659048924E-0006   0.146790589412492047995E+0008   0.969428318867886628141E+0004
    0.899802083333333284827E+0005   0.481592588767928704400E-0003   0.218362932558574817712E-0006   0.146740609697817116976E+0008   0.818048639143906166282E+0004
    0.899802083333333284827E+0005   0.297520922586750279602E-0003   0.968283468271392763607E-0007   0.144933831394002158195E+0008   0.594502471272879392927E+0004
    0.899802083333333284827E+0005   0.216670768981131047848E-0003   0.574178469719246223678E-0007   0.143329562757162451744E+0008   0.466831063600217112253E+0004
    0.899802083333333284827E+0005   0.899802083333333752252E-0004  -0.202423046540803010575E-0035   0.139638367127771191299E+0008   0.000000000000000000000E+0000
    0.899802083333333284827E+0005   0.899802083333333752252E-0004  -0.202423046540803010575E-0035   0.139638367127771191299E+0008   0.000000000000000000000E+0000
    0.899802083333333284827E+0005   0.899802083333333887778E-0004  -0.202423046540803077395E-0035   0.139638367127771191299E+0008   0.000000000000000000000E+0000
    0.899802083333333284827E+0005   0.899802083333333752252E-0004  -0.202423046540803010575E-0035   0.139638367127771191299E+0008   0.000000000000000000000E+0000
