  0.6500000000000E-01  0.0000000E+00  0.0000000E+00 -0.0000000E+00 -0.0000000E+00  0.0000000E+00  0.0000000E+00
  0.9833333333333E-01  0.3674642E-04  0.1102393E-02  0.1172392E-05  0.3517177E-04  0.8396349E-05  0.2518905E-03
  0.1316666666667E+00  0.5535771E-04  0.5583385E-03  0.1766454E-05  0.1782186E-04  0.1264435E-04  0.1274400E-03
  0.1650000000000E+00  0.7416853E-04  0.5643248E-03  0.2366999E-05  0.1801634E-04  0.1693486E-04  0.1287153E-03
  0.1983333333333E+00  0.9298004E-04  0.5643454E-03  0.2967606E-05  0.1801822E-04  0.2122265E-04  0.1286336E-03
  0.2316666666667E+00  0.1117962E-03  0.5644839E-03  0.3568337E-05  0.1802192E-04  0.2550874E-04  0.1285828E-03
  0.2650000000000E+00  0.1306206E-03  0.5647329E-03  0.4169249E-05  0.1802737E-04  0.2979410E-04  0.1285609E-03
  0.2983333333333E+00  0.1494568E-03  0.5650856E-03  0.4770399E-05  0.1803451E-04  0.3407964E-04  0.1285662E-03
  0.3316666666667E+00  0.1683080E-03  0.5655358E-03  0.5371842E-05  0.1804329E-04  0.3836621E-04  0.1285969E-03
  0.3650000000000E+00  0.1871772E-03  0.5660780E-03  0.5973630E-05  0.1805365E-04  0.4265459E-04  0.1286516E-03
  0.3983333333333E+00  0.2060675E-03  0.5667071E-03  0.6575815E-05  0.1806555E-04  0.4694556E-04  0.1287290E-03
  0.4316666666667E+00  0.2249814E-03  0.5674186E-03  0.7178447E-05  0.1807895E-04  0.5123982E-04  0.1288278E-03
  0.4650000000000E+00  0.2439217E-03  0.5682081E-03  0.7781573E-05  0.1809380E-04  0.5553805E-04  0.1289469E-03
  0.4983333333333E+00  0.2628908E-03  0.5690718E-03  0.8385242E-05  0.1811006E-04  0.5984089E-04  0.1290852E-03
  0.5316666666667E+00  0.2818910E-03  0.5700062E-03  0.8989499E-05  0.1812770E-04  0.6414895E-04  0.1292419E-03
  0.5650000000000E+00  0.3009246E-03  0.5710081E-03  0.9594388E-05  0.1814669E-04  0.6846282E-04  0.1294160E-03
  0.5983333333333E+00  0.3199937E-03  0.5720744E-03  0.1019995E-04  0.1816699E-04  0.7278304E-04  0.1296068E-03
  0.6316666666667E+00  0.3391005E-03  0.5732025E-03  0.1080624E-04  0.1818858E-04  0.7711016E-04  0.1298135E-03
  0.6650000000000E+00  0.3582468E-03  0.5743898E-03  0.1141329E-04  0.1821143E-04  0.8144468E-04  0.1300355E-03
  0.6983333333333E+00  0.3774346E-03  0.5756339E-03  0.1202114E-04  0.1823552E-04  0.8578708E-04  0.1302720E-03
  0.7316666666667E+00  0.3966657E-03  0.5769327E-03  0.1262983E-04  0.1826081E-04  0.9013783E-04  0.1305226E-03
  0.7650000000000E+00  0.4159418E-03  0.5782843E-03  0.1323941E-04  0.1828730E-04  0.9449739E-04  0.1307867E-03
  0.7983333333333E+00  0.4352647E-03  0.5796867E-03  0.1384991E-04  0.1831495E-04  0.9886619E-04  0.1310638E-03
  0.8316666666667E+00  0.4546360E-03  0.5811382E-03  0.1446137E-04  0.1834376E-04  0.1032446E-03  0.1313535E-03
  0.8650000000000E+00  0.4740572E-03  0.5826373E-03  0.1507382E-04  0.1837369E-04  0.1076331E-03  0.1316552E-03
  0.8983333333333E+00  0.4935300E-03  0.5841824E-03  0.1568731E-04  0.1840474E-04  0.1120321E-03  0.1319687E-03
  0.9316666666667E+00  0.5130557E-03  0.5857722E-03  0.1630188E-04  0.1843689E-04  0.1164419E-03  0.1322935E-03
  0.9650000000000E+00  0.5326359E-03  0.5874054E-03  0.1691755E-04  0.1847012E-04  0.1208629E-03  0.1326293E-03
  0.9983333333333E+00  0.5522719E-03  0.5890808E-03  0.1753436E-04  0.1850442E-04  0.1252954E-03  0.1329757E-03
  0.1031666666667E+01  0.5719652E-03  0.5907973E-03  0.1815236E-04  0.1853978E-04  0.1297398E-03  0.1333325E-03
  0.1065000000000E+01  0.5917170E-03  0.5925538E-03  0.1877156E-04  0.1857618E-04  0.1341964E-03  0.1336994E-03
  0.1098333333333E+01  0.6115286E-03  0.5943494E-03  0.1939201E-04  0.1861361E-04  0.1386656E-03  0.1340761E-03
  0.1131666666667E+01  0.6314014E-03  0.5961831E-03  0.2001375E-04  0.1865207E-04  0.1431477E-03  0.1344623E-03
  0.1165000000000E+01  0.6513365E-03  0.5980542E-03  0.2063680E-04  0.1869153E-04  0.1476430E-03  0.1348579E-03
  0.1198333333333E+01  0.6713352E-03  0.5999617E-03  0.2126120E-04  0.1873200E-04  0.1521517E-03  0.1352626E-03
  0.1231666666667E+01  0.6913987E-03  0.6019051E-03  0.2188698E-04  0.1877346E-04  0.1566743E-03  0.1356762E-03
  0.1265000000000E+01  0.7115282E-03  0.6038835E-03  0.2251418E-04  0.1881590E-04  0.1612109E-03  0.1360985E-03
  0.1298333333333E+01  0.7317247E-03  0.6058963E-03  0.2314282E-04  0.1885932E-04  0.1657619E-03  0.1365294E-03
  0.1331666666667E+01  0.7519895E-03  0.6079430E-03  0.2377295E-04  0.1890371E-04  0.1703275E-03  0.1369686E-03
  0.1365000000000E+01  0.7723236E-03  0.6100229E-03  0.2440458E-04  0.1894907E-04  0.1749080E-03  0.1374160E-03
  0.1398333333333E+01  0.7927281E-03  0.6121355E-03  0.2503776E-04  0.1899538E-04  0.1795037E-03  0.1378715E-03
  0.1431666666667E+01  0.8132041E-03  0.6142803E-03  0.2567252E-04  0.1904264E-04  0.1841149E-03  0.1383349E-03
  0.1465000000000E+01  0.8337527E-03  0.6164569E-03  0.2630888E-04  0.1909085E-04  0.1887418E-03  0.1388061E-03
  0.1498333333333E+01  0.8543749E-03  0.6186647E-03  0.2694688E-04  0.1914000E-04  0.1933846E-03  0.1392849E-03
  0.1531666666667E+01  0.8750716E-03  0.6209035E-03  0.2758655E-04  0.1919009E-04  0.1980437E-03  0.1397713E-03
  0.1565000000000E+01  0.8958441E-03  0.6231727E-03  0.2822792E-04  0.1924111E-04  0.2027192E-03  0.1402652E-03
  0.1598333333333E+01  0.9166931E-03  0.6254721E-03  0.2887102E-04  0.1929305E-04  0.2074114E-03  0.1407664E-03
  0.1631666666667E+01  0.9376198E-03  0.6278013E-03  0.2951589E-04  0.1934593E-04  0.2121205E-03  0.1412748E-03
  0.1665000000000E+01  0.9586252E-03  0.6301600E-03  0.3016254E-04  0.1939972E-04  0.2168469E-03  0.1417904E-03
  0.1698333333333E+01  0.9797101E-03  0.6325479E-03  0.3081102E-04  0.1945443E-04  0.2215906E-03  0.1423130E-03
  0.1731666666667E+01  0.1000876E-02  0.6349648E-03  0.3146136E-04  0.1951006E-04  0.2263521E-03  0.1428427E-03
  0.1765000000000E+01  0.1022123E-02  0.6374103E-03  0.3211358E-04  0.1956661E-04  0.2311314E-03  0.1433792E-03
  0.1798333333333E+01  0.1043452E-02  0.6398843E-03  0.3276771E-04  0.1962406E-04  0.2359288E-03  0.1439226E-03
  0.1831666666667E+01  0.1064865E-02  0.6423865E-03  0.3342380E-04  0.1968243E-04  0.2407446E-03  0.1444727E-03
  0.1865000000000E+01  0.1086362E-02  0.6449167E-03  0.3408185E-04  0.1974171E-04  0.2455789E-03  0.1450296E-03
  0.1898333333333E+01  0.1107945E-02  0.6474747E-03  0.3474192E-04  0.1980189E-04  0.2504320E-03  0.1455932E-03
  0.1931666666667E+01  0.1129613E-02  0.6500604E-03  0.3540401E-04  0.1986298E-04  0.2553041E-03  0.1461633E-03
  0.1965000000000E+01  0.1151369E-02  0.6526736E-03  0.3606818E-04  0.1992498E-04  0.2601954E-03  0.1467400E-03
  0.1998333333333E+01  0.1173213E-02  0.6553141E-03  0.3673444E-04  0.1998788E-04  0.2651062E-03  0.1473232E-03
  0.2031666666667E+01  0.1195146E-02  0.6579818E-03  0.3740283E-04  0.2005168E-04  0.2700366E-03  0.1479129E-03
  0.2065000000000E+01  0.1217168E-02  0.6606766E-03  0.3807338E-04  0.2011640E-04  0.2749869E-03  0.1485090E-03
  0.2098333333333E+01  0.1239282E-02  0.6633985E-03  0.3874611E-04  0.2018201E-04  0.2799573E-03  0.1491115E-03
  0.2131666666667E+01  0.1261486E-02  0.6661471E-03  0.3942106E-04  0.2024853E-04  0.2849480E-03  0.1497203E-03
  0.2165000000000E+01  0.1283784E-02  0.6689226E-03  0.4009826E-04  0.2031596E-04  0.2899592E-03  0.1503355E-03
  0.2198333333333E+01  0.1306175E-02  0.6717248E-03  0.4077774E-04  0.2038429E-04  0.2949911E-03  0.1509569E-03
  0.2231666666667E+01  0.1328660E-02  0.6745536E-03  0.4145952E-04  0.2045352E-04  0.3000439E-03  0.1515847E-03
  0.2265000000000E+01  0.1351240E-02  0.6774090E-03  0.4214364E-04  0.2052366E-04  0.3051178E-03  0.1522186E-03
  0.2298333333333E+01  0.1373916E-02  0.6802909E-03  0.4283014E-04  0.2059471E-04  0.3102131E-03  0.1528588E-03
  0.2331666666667E+01  0.1396690E-02  0.6831992E-03  0.4351902E-04  0.2066667E-04  0.3153300E-03  0.1535053E-03
  0.2365000000000E+01  0.1419561E-02  0.6861340E-03  0.4421034E-04  0.2073954E-04  0.3204686E-03  0.1541578E-03
  0.2398333333333E+01  0.1442531E-02  0.6890953E-03  0.4490412E-04  0.2081332E-04  0.3256291E-03  0.1548166E-03
  0.2431666666667E+01  0.1465600E-02  0.6920829E-03  0.4560039E-04  0.2088801E-04  0.3308118E-03  0.1554815E-03
  0.2465000000000E+01  0.1488770E-02  0.6950968E-03  0.4629917E-04  0.2096361E-04  0.3360169E-03  0.1561526E-03
  0.2498333333333E+01  0.1512041E-02  0.6981372E-03  0.4700051E-04  0.2104013E-04  0.3412446E-03  0.1568298E-03
  0.2531666666667E+01  0.1535415E-02  0.7012039E-03  0.4770443E-04  0.2111757E-04  0.3464950E-03  0.1575131E-03
  0.2565000000000E+01  0.1558891E-02  0.7042969E-03  0.4841096E-04  0.2119592E-04  0.3517684E-03  0.1582026E-03
  0.2598333333333E+01  0.1582472E-02  0.7074164E-03  0.4912013E-04  0.2127520E-04  0.3570651E-03  0.1588982E-03
  0.2631666666667E+01  0.1606157E-02  0.7105623E-03  0.4983198E-04  0.2135540E-04  0.3623851E-03  0.1595999E-03
  0.2665000000000E+01  0.1629948E-02  0.7137345E-03  0.5054653E-04  0.2143652E-04  0.3677286E-03  0.1603077E-03
  0.2698333333333E+01  0.1653846E-02  0.7169333E-03  0.5126382E-04  0.2151857E-04  0.3730960E-03  0.1610216E-03
  0.2731666666667E+01  0.1677851E-02  0.7201585E-03  0.5198387E-04  0.2160155E-04  0.3784874E-03  0.1617417E-03
  0.2765000000000E+01  0.1701965E-02  0.7234102E-03  0.5270672E-04  0.2168546E-04  0.3839030E-03  0.1624679E-03
  0.2798333333333E+01  0.1726188E-02  0.7266886E-03  0.5343239E-04  0.2177030E-04  0.3893430E-03  0.1632002E-03
  0.2831666666667E+01  0.1750521E-02  0.7299935E-03  0.5416093E-04  0.2185608E-04  0.3948076E-03  0.1639386E-03
  0.2865000000000E+01  0.1774965E-02  0.7333251E-03  0.5489236E-04  0.2194280E-04  0.4002971E-03  0.1646832E-03
  0.2898333333333E+01  0.1799522E-02  0.7366835E-03  0.5562671E-04  0.2203047E-04  0.4058115E-03  0.1654339E-03
  0.2931666666667E+01  0.1824190E-02  0.7400687E-03  0.5636401E-04  0.2211907E-04  0.4113512E-03  0.1661908E-03
  0.2965000000000E+01  0.1848973E-02  0.7434808E-03  0.5710430E-04  0.2220863E-04  0.4169164E-03  0.1669539E-03
  0.2998333333333E+01  0.1873870E-02  0.7469198E-03  0.5784760E-04  0.2229913E-04  0.4225071E-03  0.1677231E-03
  0.3031666666667E+01  0.1898883E-02  0.7503859E-03  0.5859395E-04  0.2239059E-04  0.4281238E-03  0.1684985E-03
  0.3065000000000E+01  0.1924013E-02  0.7538791E-03  0.5934339E-04  0.2248301E-04  0.4337664E-03  0.1692802E-03
  0.3098333333333E+01  0.1949259E-02  0.7573995E-03  0.6009593E-04  0.2257638E-04  0.4394354E-03  0.1700681E-03
  0.3131666666667E+01  0.1974624E-02  0.7609472E-03  0.6085162E-04  0.2267072E-04  0.4451308E-03  0.1708622E-03
  0.3165000000000E+01  0.2000108E-02  0.7645223E-03  0.6161049E-04  0.2276602E-04  0.4508529E-03  0.1716626E-03
  0.3198333333333E+01  0.2025712E-02  0.7681249E-03  0.6237257E-04  0.2286229E-04  0.4566018E-03  0.1724692E-03
  0.3231666666667E+01  0.2051438E-02  0.7717551E-03  0.6313788E-04  0.2295954E-04  0.4623779E-03  0.1732822E-03
  0.3265000000000E+01  0.2077285E-02  0.7754131E-03  0.6390648E-04  0.2305776E-04  0.4681813E-03  0.1741015E-03
  0.3298333333333E+01  0.2103255E-02  0.7790988E-03  0.6467838E-04  0.2315696E-04  0.4740122E-03  0.1749271E-03
  0.3331666666667E+01  0.2129348E-02  0.7828125E-03  0.6545361E-04  0.2325715E-04  0.4798708E-03  0.1757591E-03
  0.3365000000000E+01  0.2155567E-02  0.7865543E-03  0.6623222E-04  0.2335832E-04  0.4857574E-03  0.1765975E-03
  0.3398333333333E+01  0.2181911E-02  0.7903243E-03  0.6701424E-04  0.2346048E-04  0.4916722E-03  0.1774423E-03
  0.3431666666667E+01  0.2208382E-02  0.7941226E-03  0.6779969E-04  0.2356363E-04  0.4976153E-03  0.1782935E-03
  0.3465000000000E+01  0.2234980E-02  0.7979493E-03  0.6858862E-04  0.2366778E-04  0.5035870E-03  0.1791513E-03
  0.3498333333333E+01  0.2261707E-02  0.8018047E-03  0.6938105E-04  0.2377294E-04  0.5095875E-03  0.1800155E-03
  0.3531666666667E+01  0.2288563E-02  0.8056888E-03  0.7017702E-04  0.2387909E-04  0.5156170E-03  0.1808862E-03
  0.3565000000000E+01  0.2315550E-02  0.8096017E-03  0.7097656E-04  0.2398626E-04  0.5216758E-03  0.1817636E-03
  0.3598333333333E+01  0.2342668E-02  0.8135437E-03  0.7177971E-04  0.2409444E-04  0.5277641E-03  0.1826475E-03
  0.3631666666667E+01  0.2369919E-02  0.8175149E-03  0.7258650E-04  0.2420363E-04  0.5338820E-03  0.1835380E-03
  0.3665000000000E+01  0.2397302E-02  0.8215155E-03  0.7339696E-04  0.2431385E-04  0.5400298E-03  0.1844352E-03
  0.3698333333333E+01  0.2424821E-02  0.8255455E-03  0.7421113E-04  0.2442509E-04  0.5462078E-03  0.1853391E-03
  0.3731666666667E+01  0.2452474E-02  0.8296052E-03  0.7502904E-04  0.2453735E-04  0.5524161E-03  0.1862497E-03
  0.3765000000000E+01  0.2480264E-02  0.8336948E-03  0.7585073E-04  0.2465065E-04  0.5586550E-03  0.1871671E-03
  0.3798333333333E+01  0.2508191E-02  0.8378144E-03  0.7667623E-04  0.2476498E-04  0.5649248E-03  0.1880913E-03
  0.3831666666667E+01  0.2536257E-02  0.8419642E-03  0.7750557E-04  0.2488035E-04  0.5712255E-03  0.1890224E-03
  0.3865000000000E+01  0.2564461E-02  0.8461444E-03  0.7833880E-04  0.2499676E-04  0.5775575E-03  0.1899603E-03
  0.3898333333333E+01  0.2592807E-02  0.8503552E-03  0.7917594E-04  0.2511422E-04  0.5839210E-03  0.1909052E-03
  0.3931666666667E+01  0.2621293E-02  0.8545968E-03  0.8001703E-04  0.2523273E-04  0.5903163E-03  0.1918571E-03
  0.3965000000000E+01  0.2649922E-02  0.8588694E-03  0.8086211E-04  0.2535229E-04  0.5967435E-03  0.1928160E-03
  0.3998333333333E+01  0.2678695E-02  0.8631732E-03  0.8171120E-04  0.2547290E-04  0.6032028E-03  0.1937820E-03
  0.4031666666667E+01  0.2707611E-02  0.8675084E-03  0.8256436E-04  0.2559458E-04  0.6096947E-03  0.1947551E-03
  0.4065000000000E+01  0.2736674E-02  0.8718754E-03  0.8342160E-04  0.2571731E-04  0.6162192E-03  0.1957354E-03
  0.4098333333333E+01  0.2765883E-02  0.8762742E-03  0.8428297E-04  0.2584112E-04  0.6227766E-03  0.1967230E-03
  0.4131666666667E+01  0.2795240E-02  0.8807051E-03  0.8514850E-04  0.2596599E-04  0.6293672E-03  0.1977179E-03
  0.4165000000000E+01  0.2824746E-02  0.8851685E-03  0.8601824E-04  0.2609192E-04  0.6359912E-03  0.1987201E-03
  0.4198333333333E+01  0.2854401E-02  0.8896645E-03  0.8689220E-04  0.2621894E-04  0.6426489E-03  0.1997297E-03
  0.4231666666667E+01  0.2884208E-02  0.8941935E-03  0.8777043E-04  0.2634702E-04  0.6493405E-03  0.2007469E-03
  0.4265000000000E+01  0.2914166E-02  0.8987557E-03  0.8865297E-04  0.2647618E-04  0.6560662E-03  0.2017717E-03
  0.4298333333333E+01  0.2944278E-02  0.9033515E-03  0.8953985E-04  0.2660642E-04  0.6628263E-03  0.2028040E-03
  0.4331666666667E+01  0.2974544E-02  0.9079811E-03  0.9043111E-04  0.2673773E-04  0.6696211E-03  0.2038442E-03
  0.4365000000000E+01  0.3004965E-02  0.9126450E-03  0.9132678E-04  0.2687012E-04  0.6764509E-03  0.2048921E-03
  0.4398333333333E+01  0.3035543E-02  0.9173434E-03  0.9222690E-04  0.2700358E-04  0.6833158E-03  0.2059480E-03
  0.4431666666667E+01  0.3066279E-02  0.9220768E-03  0.9313151E-04  0.2713812E-04  0.6902162E-03  0.2070119E-03
  0.4465000000000E+01  0.3097174E-02  0.9268455E-03  0.9404063E-04  0.2727373E-04  0.6971523E-03  0.2080839E-03
  0.4498333333333E+01  0.3128229E-02  0.9316501E-03  0.9495431E-04  0.2741041E-04  0.7041244E-03  0.2091641E-03
  0.4531666666667E+01  0.3159446E-02  0.9364908E-03  0.9587258E-04  0.2754816E-04  0.7111329E-03  0.2102527E-03
  0.4565000000000E+01  0.3190824E-02  0.9413683E-03  0.9679548E-04  0.2768696E-04  0.7181779E-03  0.2113498E-03
  0.4598333333333E+01  0.3222367E-02  0.9462831E-03  0.9772304E-04  0.2782681E-04  0.7252597E-03  0.2124556E-03
  0.4631666666667E+01  0.3254075E-02  0.9512357E-03  0.9865530E-04  0.2796771E-04  0.7323787E-03  0.2135701E-03
  0.4665000000000E+01  0.3285949E-02  0.9562268E-03  0.9959229E-04  0.2810964E-04  0.7395352E-03  0.2146937E-03
  0.4698333333333E+01  0.3317991E-02  0.9612569E-03  0.1005340E-03  0.2825259E-04  0.7467294E-03  0.2158264E-03
  0.4731666666667E+01  0.3350202E-02  0.9663270E-03  0.1014806E-03  0.2839654E-04  0.7539617E-03  0.2169685E-03
  0.4765000000000E+01  0.3382583E-02  0.9714377E-03  0.1024320E-03  0.2854148E-04  0.7612324E-03  0.2181202E-03
  0.4798333333333E+01  0.3415136E-02  0.9765899E-03  0.1033882E-03  0.2868739E-04  0.7685417E-03  0.2192818E-03
  0.4831666666667E+01  0.3447863E-02  0.9817846E-03  0.1043494E-03  0.2883425E-04  0.7758902E-03  0.2204535E-03
  0.4865000000000E+01  0.3480763E-02  0.9870227E-03  0.1053154E-03  0.2898202E-04  0.7832780E-03  0.2216356E-03
  0.4898333333333E+01  0.3513840E-02  0.9923055E-03  0.1062865E-03  0.2913067E-04  0.7907057E-03  0.2228285E-03
  0.4931666666667E+01  0.3547095E-02  0.9976342E-03  0.1072625E-03  0.2928018E-04  0.7981734E-03  0.2240326E-03
  0.4965000000000E+01  0.3580528E-02  0.1003010E-02  0.1082435E-03  0.2943049E-04  0.8056817E-03  0.2252483E-03
  0.4998333333333E+01  0.3614143E-02  0.1008435E-02  0.1092295E-03  0.2958157E-04  0.8132309E-03  0.2264760E-03
  0.5031666666667E+01  0.3647940E-02  0.1013910E-02  0.1102206E-03  0.2973335E-04  0.8208214E-03  0.2277162E-03
  0.5065000000000E+01  0.3681921E-02  0.1019438E-02  0.1112168E-03  0.2988578E-04  0.8284538E-03  0.2289695E-03
  0.5098333333333E+01  0.3716088E-02  0.1025019E-02  0.1122181E-03  0.3003880E-04  0.8361283E-03  0.2302366E-03
  0.5131666666667E+01  0.3750444E-02  0.1030658E-02  0.1132245E-03  0.3019231E-04  0.8438456E-03  0.2315180E-03
  0.5165000000000E+01  0.3784989E-02  0.1036355E-02  0.1142361E-03  0.3034625E-04  0.8516061E-03  0.2328146E-03
  0.5198333333333E+01  0.3819726E-02  0.1042114E-02  0.1152528E-03  0.3050050E-04  0.8594103E-03  0.2341272E-03
  0.5231666666667E+01  0.3854657E-02  0.1047938E-02  0.1162746E-03  0.3065498E-04  0.8672589E-03  0.2354567E-03
  0.5265000000000E+01  0.3889785E-02  0.1053829E-02  0.1173016E-03  0.3080955E-04  0.8751523E-03  0.2368041E-03
  0.5298333333333E+01  0.3925111E-02  0.1059792E-02  0.1183337E-03  0.3096410E-04  0.8830913E-03  0.2381705E-03
  0.5331666666667E+01  0.3960639E-02  0.1065831E-02  0.1193710E-03  0.3111848E-04  0.8910766E-03  0.2395571E-03
  0.5365000000000E+01  0.3996371E-02  0.1071949E-02  0.1204134E-03  0.3127254E-04  0.8991088E-03  0.2409652E-03
  0.5398333333333E+01  0.4032309E-02  0.1078150E-02  0.1214610E-03  0.3142612E-04  0.9071886E-03  0.2423961E-03
  0.5431666666667E+01  0.4068457E-02  0.1084441E-02  0.1225136E-03  0.3157904E-04  0.9153170E-03  0.2438513E-03
  0.5465000000000E+01  0.4104818E-02  0.1090825E-02  0.1235713E-03  0.3173112E-04  0.9234948E-03  0.2453325E-03
  0.5498333333333E+01  0.4141395E-02  0.1097308E-02  0.1246340E-03  0.3188217E-04  0.9317228E-03  0.2468413E-03
  0.5531666666667E+01  0.4178191E-02  0.1103896E-02  0.1257018E-03  0.3203198E-04  0.9400021E-03  0.2483793E-03
  0.5565000000000E+01  0.4215211E-02  0.1110594E-02  0.1267744E-03  0.3218036E-04  0.9483337E-03  0.2499485E-03
  0.5598333333333E+01  0.4252458E-02  0.1117409E-02  0.1278520E-03  0.3232709E-04  0.9567187E-03  0.2515507E-03
  0.5631666666667E+01  0.4289936E-02  0.1124347E-02  0.1289344E-03  0.3247197E-04  0.9651583E-03  0.2531877E-03
  0.5665000000000E+01  0.4327650E-02  0.1131413E-02  0.1300216E-03  0.3261480E-04  0.9736537E-03  0.2548615E-03
  0.5698333333333E+01  0.4365604E-02  0.1138614E-02  0.1311134E-03  0.3275539E-04  0.9822062E-03  0.2565738E-03
  0.5731666666667E+01  0.4403802E-02  0.1145956E-02  0.1322099E-03  0.3289357E-04  0.9908171E-03  0.2583266E-03
  0.5765000000000E+01  0.4442250E-02  0.1153445E-02  0.1333108E-03  0.3302919E-04  0.9994878E-03  0.2601214E-03
  0.5798333333333E+01  0.4480953E-02  0.1161086E-02  0.1344162E-03  0.3316211E-04  0.1008220E-02  0.2619601E-03
  0.5831666666667E+01  0.4519916E-02  0.1168883E-02  0.1355260E-03  0.3329223E-04  0.1017015E-02  0.2638439E-03
  0.5865000000000E+01  0.4559144E-02  0.1176843E-02  0.1366400E-03  0.3341947E-04  0.1025874E-02  0.2657743E-03
  0.5898333333333E+01  0.4598643E-02  0.1184967E-02  0.1377581E-03  0.3354381E-04  0.1034799E-02  0.2677524E-03
  0.5931666666667E+01  0.4638418E-02  0.1193261E-02  0.1388803E-03  0.3366523E-04  0.1043791E-02  0.2697792E-03
  0.5965000000000E+01  0.4678476E-02  0.1201727E-02  0.1400064E-03  0.3378379E-04  0.1052853E-02  0.2718554E-03
  0.5998333333333E+01  0.4718822E-02  0.1210367E-02  0.1411364E-03  0.3389955E-04  0.1061986E-02  0.2739816E-03
  0.6031666666667E+01  0.4759461E-02  0.1219183E-02  0.1422701E-03  0.3401263E-04  0.1071191E-02  0.2761582E-03
  0.6065000000000E+01  0.4800400E-02  0.1228177E-02  0.1434076E-03  0.3412319E-04  0.1080471E-02  0.2783853E-03
  0.6098333333333E+01  0.4841645E-02  0.1237347E-02  0.1445486E-03  0.3423141E-04  0.1089826E-02  0.2806630E-03
  0.6131666666667E+01  0.4883202E-02  0.1246696E-02  0.1456932E-03  0.3433751E-04  0.1099259E-02  0.2829910E-03
  0.6165000000000E+01  0.4925076E-02  0.1256222E-02  0.1468413E-03  0.3444174E-04  0.1108772E-02  0.2853691E-03
  0.6198333333333E+01  0.4967273E-02  0.1265924E-02  0.1479927E-03  0.3454434E-04  0.1118365E-02  0.2877969E-03
  0.6231666666667E+01  0.5009800E-02  0.1275802E-02  0.1491476E-03  0.3464561E-04  0.1128041E-02  0.2902739E-03
  0.6265000000000E+01  0.5052662E-02  0.1285855E-02  0.1503058E-03  0.3474583E-04  0.1137801E-02  0.2927995E-03
  0.6298333333333E+01  0.5095864E-02  0.1296081E-02  0.1514673E-03  0.3484528E-04  0.1147646E-02  0.2953731E-03
  0.6331666666667E+01  0.5139414E-02  0.1306479E-02  0.1526321E-03  0.3494424E-04  0.1157579E-02  0.2979941E-03
  0.6365000000000E+01  0.5183315E-02  0.1317047E-02  0.1538002E-03  0.3504300E-04  0.1167602E-02  0.3006617E-03
  0.6398333333333E+01  0.5227575E-02  0.1327783E-02  0.1549716E-03  0.3514180E-04  0.1177714E-02  0.3033753E-03
  0.6431666666667E+01  0.5272198E-02  0.1338686E-02  0.1561463E-03  0.3524089E-04  0.1187919E-02  0.3061341E-03
  0.6465000000000E+01  0.5317189E-02  0.1349755E-02  0.1573243E-03  0.3534049E-04  0.1198216E-02  0.3089377E-03
  0.6498333333333E+01  0.5362556E-02  0.1360988E-02  0.1585057E-03  0.3544080E-04  0.1208609E-02  0.3117851E-03
  0.6531666666667E+01  0.5408302E-02  0.1372383E-02  0.1596904E-03  0.3554199E-04  0.1219098E-02  0.3146759E-03
  0.6565000000000E+01  0.5454433E-02  0.1383939E-02  0.1608785E-03  0.3564420E-04  0.1229685E-02  0.3176092E-03
  0.6598333333333E+01  0.5500955E-02  0.1395653E-02  0.1620701E-03  0.3574757E-04  0.1240372E-02  0.3205846E-03
  0.6631666666667E+01  0.5547872E-02  0.1407525E-02  0.1632652E-03  0.3585221E-04  0.1251158E-02  0.3236013E-03
  0.6665000000000E+01  0.5595191E-02  0.1419554E-02  0.1644638E-03  0.3595820E-04  0.1262047E-02  0.3266586E-03
  0.6698333333333E+01  0.5642915E-02  0.1431736E-02  0.1656660E-03  0.3606562E-04  0.1273039E-02  0.3297559E-03
  0.6731666666667E+01  0.5691051E-02  0.1444071E-02  0.1668718E-03  0.3617454E-04  0.1284135E-02  0.3328926E-03
  0.6765000000000E+01  0.5739603E-02  0.1456556E-02  0.1680813E-03  0.3628503E-04  0.1295337E-02  0.3360679E-03
  0.6798333333333E+01  0.5788576E-02  0.1469191E-02  0.1692946E-03  0.3639714E-04  0.1306647E-02  0.3392811E-03
  0.6831666666667E+01  0.5837975E-02  0.1481973E-02  0.1705116E-03  0.3651094E-04  0.1318065E-02  0.3425317E-03
  0.6865000000000E+01  0.5887805E-02  0.1494901E-02  0.1717325E-03  0.3662648E-04  0.1329592E-02  0.3458188E-03
  0.6898333333333E+01  0.5938071E-02  0.1507972E-02  0.1729573E-03  0.3674386E-04  0.1341230E-02  0.3491419E-03
  0.6931666666667E+01  0.5988777E-02  0.1521186E-02  0.1741860E-03  0.3686313E-04  0.1352980E-02  0.3525002E-03
  0.6965000000000E+01  0.6039928E-02  0.1534540E-02  0.1754189E-03  0.3698441E-04  0.1364843E-02  0.3558931E-03
  0.6998333333333E+01  0.6091529E-02  0.1548032E-02  0.1766558E-03  0.3710778E-04  0.1376820E-02  0.3593200E-03
  0.7031666666667E+01  0.6143585E-02  0.1561662E-02  0.1778969E-03  0.3723337E-04  0.1388913E-02  0.3627802E-03
  0.7065000000000E+01  0.6196099E-02  0.1575428E-02  0.1791423E-03  0.3736129E-04  0.1401122E-02  0.3662733E-03
  0.7098333333333E+01  0.6249077E-02  0.1589327E-02  0.1803920E-03  0.3749168E-04  0.1413449E-02  0.3697986E-03
  0.7131666666667E+01  0.6302522E-02  0.1603360E-02  0.1816461E-03  0.3762469E-04  0.1425894E-02  0.3733556E-03
  0.7165000000000E+01  0.6356440E-02  0.1617525E-02  0.1829048E-03  0.3776046E-04  0.1438459E-02  0.3769440E-03
  0.7198333333333E+01  0.6410834E-02  0.1631821E-02  0.1841681E-03  0.3789916E-04  0.1451144E-02  0.3805633E-03
  0.7231666666667E+01  0.6465709E-02  0.1646248E-02  0.1854362E-03  0.3804096E-04  0.1463951E-02  0.3842133E-03
  0.7265000000000E+01  0.6521069E-02  0.1660804E-02  0.1867090E-03  0.3818603E-04  0.1476881E-02  0.3878935E-03
  0.7298333333333E+01  0.6576918E-02  0.1675490E-02  0.1879868E-03  0.3833455E-04  0.1489935E-02  0.3916039E-03
  0.7331666666667E+01  0.6633262E-02  0.1690305E-02  0.1892697E-03  0.3848673E-04  0.1503113E-02  0.3953442E-03
  0.7365000000000E+01  0.6690104E-02  0.1705250E-02  0.1905578E-03  0.3864275E-04  0.1516417E-02  0.3991145E-03
  0.7398333333333E+01  0.6747448E-02  0.1720324E-02  0.1918513E-03  0.3880280E-04  0.1529847E-02  0.4029146E-03
  0.7431666666667E+01  0.6805299E-02  0.1735528E-02  0.1931502E-03  0.3896711E-04  0.1543405E-02  0.4067446E-03
  0.7465000000000E+01  0.6863661E-02  0.1750863E-02  0.1944547E-03  0.3913588E-04  0.1557092E-02  0.4106046E-03
  0.7498333333333E+01  0.6922538E-02  0.1766329E-02  0.1957650E-03  0.3930934E-04  0.1570908E-02  0.4144947E-03
  0.7531666666667E+01  0.6981936E-02  0.1781928E-02  0.1970813E-03  0.3948769E-04  0.1584856E-02  0.4184153E-03
  0.7565000000000E+01  0.7041858E-02  0.1797660E-02  0.1984036E-03  0.3967119E-04  0.1598935E-02  0.4223666E-03
  0.7598333333333E+01  0.7102309E-02  0.1813528E-02  0.1997323E-03  0.3986006E-04  0.1613146E-02  0.4263490E-03
  0.7631666666667E+01  0.7163293E-02  0.1829532E-02  0.2010675E-03  0.4005454E-04  0.1627492E-02  0.4303629E-03
  0.7665000000000E+01  0.7224816E-02  0.1845676E-02  0.2024093E-03  0.4025489E-04  0.1641972E-02  0.4344088E-03
  0.7698333333333E+01  0.7286881E-02  0.1861959E-02  0.2037580E-03  0.4046135E-04  0.1656588E-02  0.4384872E-03
  0.7731666666667E+01  0.7349494E-02  0.1878386E-02  0.2051138E-03  0.4067419E-04  0.1671341E-02  0.4425987E-03
  0.7765000000000E+01  0.7412659E-02  0.1894959E-02  0.2064769E-03  0.4089366E-04  0.1686233E-02  0.4467441E-03
  0.7798333333333E+01  0.7476382E-02  0.1911679E-02  0.2078476E-03  0.4112003E-04  0.1701264E-02  0.4509239E-03
  0.7831666666667E+01  0.7540667E-02  0.1928550E-02  0.2092260E-03  0.4135353E-04  0.1716435E-02  0.4551391E-03
  0.7865000000000E+01  0.7605519E-02  0.1945575E-02  0.2106125E-03  0.4159444E-04  0.1731748E-02  0.4593903E-03
  0.7898333333333E+01  0.7670945E-02  0.1962756E-02  0.2120073E-03  0.4184298E-04  0.1747204E-02  0.4636785E-03
  0.7931666666667E+01  0.7736948E-02  0.1980098E-02  0.2134106E-03  0.4209938E-04  0.1762804E-02  0.4680045E-03
  0.7965000000000E+01  0.7803535E-02  0.1997603E-02  0.2148227E-03  0.4236385E-04  0.1778550E-02  0.4723693E-03
  0.7998333333333E+01  0.7870710E-02  0.2015274E-02  0.2162439E-03  0.4263657E-04  0.1794442E-02  0.4767740E-03
  0.8031666666667E+01  0.7938481E-02  0.2033116E-02  0.2176745E-03  0.4291769E-04  0.1810483E-02  0.4812194E-03
  0.8065000000000E+01  0.8006852E-02  0.2051132E-02  0.2191148E-03  0.4320734E-04  0.1826673E-02  0.4857066E-03
  0.8098333333333E+01  0.8075830E-02  0.2069326E-02  0.2205650E-03  0.4350559E-04  0.1843014E-02  0.4902367E-03
  0.8131666666667E+01  0.8145420E-02  0.2087701E-02  0.2220254E-03  0.4381246E-04  0.1859508E-02  0.4948108E-03
  0.8165000000000E+01  0.8215628E-02  0.2106261E-02  0.2234963E-03  0.4412795E-04  0.1876156E-02  0.4994299E-03
  0.8198333333333E+01  0.8286462E-02  0.2125010E-02  0.2249780E-03  0.4445198E-04  0.1892959E-02  0.5040951E-03
  0.8231666666667E+01  0.8357927E-02  0.2143952E-02  0.2264709E-03  0.4478440E-04  0.1909919E-02  0.5088075E-03
  0.8265000000000E+01  0.8430030E-02  0.2163091E-02  0.2279750E-03  0.4512505E-04  0.1927038E-02  0.5135683E-03
  0.8298333333333E+01  0.8502778E-02  0.2182430E-02  0.2294908E-03  0.4547366E-04  0.1944317E-02  0.5183786E-03
  0.8331666666667E+01  0.8576177E-02  0.2201974E-02  0.2310185E-03  0.4582993E-04  0.1961759E-02  0.5232395E-03
  0.8365000000000E+01  0.8650235E-02  0.2221726E-02  0.2325583E-03  0.4619350E-04  0.1979364E-02  0.5281522E-03
  0.8398333333333E+01  0.8724958E-02  0.2241691E-02  0.2341104E-03  0.4656396E-04  0.1997134E-02  0.5331180E-03
  0.8431666666667E+01  0.8800353E-02  0.2261873E-02  0.2356751E-03  0.4694084E-04  0.2015072E-02  0.5381382E-03
  0.8465000000000E+01  0.8876429E-02  0.2282277E-02  0.2372525E-03  0.4732362E-04  0.2033179E-02  0.5432142E-03
  0.8498333333333E+01  0.8953193E-02  0.2302906E-02  0.2388429E-03  0.4771177E-04  0.2051458E-02  0.5483475E-03
  0.8531666666667E+01  0.9030652E-02  0.2323768E-02  0.2404464E-03  0.4810469E-04  0.2069909E-02  0.5535399E-03
  0.8565000000000E+01  0.9108814E-02  0.2344867E-02  0.2420632E-03  0.4850176E-04  0.2088535E-02  0.5587932E-03
  0.8598333333333E+01  0.9187688E-02  0.2366210E-02  0.2436932E-03  0.4890232E-04  0.2107339E-02  0.5641096E-03
  0.8631666666667E+01  0.9267281E-02  0.2387805E-02  0.2453368E-03  0.4930566E-04  0.2126322E-02  0.5694917E-03
  0.8665000000000E+01  0.9347603E-02  0.2409660E-02  0.2469938E-03  0.4971105E-04  0.2145487E-02  0.5749424E-03
  0.8698333333333E+01  0.9428663E-02  0.2431786E-02  0.2486644E-03  0.5011770E-04  0.2164836E-02  0.5804651E-03
  0.8731666666667E+01  0.9510469E-02  0.2454194E-02  0.2503485E-03  0.5052475E-04  0.2184371E-02  0.5860640E-03
  0.8765000000000E+01  0.9593032E-02  0.2476898E-02  0.2520462E-03  0.5093130E-04  0.2204096E-02  0.5917437E-03
  0.8798333333333E+01  0.9676363E-02  0.2499914E-02  0.2537575E-03  0.5133637E-04  0.2224013E-02  0.5975098E-03
  0.8831666666667E+01  0.9760472E-02  0.2523261E-02  0.2554821E-03  0.5173888E-04  0.2244125E-02  0.6033687E-03
  0.8865000000000E+01  0.9845370E-02  0.2546958E-02  0.2572200E-03  0.5213768E-04  0.2264436E-02  0.6093276E-03
  0.8898333333333E+01  0.9931071E-02  0.2571029E-02  0.2589711E-03  0.5253153E-04  0.2284949E-02  0.6153948E-03
  0.8931666666667E+01  0.1001759E-01  0.2595501E-02  0.2607350E-03  0.5291910E-04  0.2305669E-02  0.6215794E-03
  0.8965000000000E+01  0.1010493E-01  0.2620400E-02  0.2625117E-03  0.5329902E-04  0.2326598E-02  0.6278913E-03
  0.8998333333333E+01  0.1019313E-01  0.2645759E-02  0.2643007E-03  0.5366986E-04  0.2347743E-02  0.6343410E-03
  0.9031666666667E+01  0.1028218E-01  0.2671606E-02  0.2661017E-03  0.5403018E-04  0.2369108E-02  0.6409393E-03
  0.9065000000000E+01  0.1037211E-01  0.2697975E-02  0.2679143E-03  0.5437858E-04  0.2390698E-02  0.6476972E-03
  0.9098333333333E+01  0.1046294E-01  0.2724895E-02  0.2697381E-03  0.5471371E-04  0.2412518E-02  0.6546253E-03
  0.9131666666667E+01  0.1055469E-01  0.2752395E-02  0.2715726E-03  0.5503432E-04  0.2434576E-02  0.6617335E-03
  0.9165000000000E+01  0.1064737E-01  0.2780501E-02  0.2734172E-03  0.5533930E-04  0.2456877E-02  0.6690307E-03
  0.9198333333333E+01  0.1074101E-01  0.2809238E-02  0.2752715E-03  0.5562771E-04  0.2479428E-02  0.6765245E-03
  0.9231666666667E+01  0.1083563E-01  0.2838621E-02  0.2771347E-03  0.5589879E-04  0.2502235E-02  0.6842207E-03
  0.9265000000000E+01  0.1093126E-01  0.2868666E-02  0.2790065E-03  0.5615207E-04  0.2525306E-02  0.6921235E-03
  0.9298333333333E+01  0.1102790E-01  0.2899380E-02  0.2808861E-03  0.5638734E-04  0.2548647E-02  0.7002348E-03
  0.9331666666667E+01  0.1112559E-01  0.2930766E-02  0.2827729E-03  0.5660471E-04  0.2572266E-02  0.7085550E-03
  0.9365000000000E+01  0.1122436E-01  0.2962822E-02  0.2846664E-03  0.5680468E-04  0.2596169E-02  0.7170824E-03
  0.9398333333333E+01  0.1132421E-01  0.2995542E-02  0.2865660E-03  0.5698811E-04  0.2620362E-02  0.7258138E-03
  0.9431666666667E+01  0.1142517E-01  0.3028916E-02  0.2884712E-03  0.5715622E-04  0.2644854E-02  0.7347447E-03
  0.9465000000000E+01  0.1152727E-01  0.3062931E-02  0.2903815E-03  0.5731062E-04  0.2669650E-02  0.7438697E-03
  0.9498333333333E+01  0.1163052E-01  0.3097575E-02  0.2922966E-03  0.5745319E-04  0.2694756E-02  0.7531831E-03
  0.9531666666667E+01  0.1173495E-01  0.3132834E-02  0.2942162E-03  0.5758608E-04  0.2720178E-02  0.7626790E-03
  0.9565000000000E+01  0.1184057E-01  0.3168695E-02  0.2961399E-03  0.5771161E-04  0.2745923E-02  0.7723519E-03
  0.9598333333333E+01  0.1194741E-01  0.3205146E-02  0.2980676E-03  0.5783221E-04  0.2771997E-02  0.7821968E-03
  0.9631666666667E+01  0.1205548E-01  0.3242180E-02  0.2999993E-03  0.5795031E-04  0.2798404E-02  0.7922099E-03
  0.9665000000000E+01  0.1216481E-01  0.3279791E-02  0.3019349E-03  0.5806829E-04  0.2825150E-02  0.8023882E-03
  0.9698333333333E+01  0.1227541E-01  0.3317977E-02  0.3038745E-03  0.5818835E-04  0.2852241E-02  0.8127299E-03
  0.9731666666667E+01  0.1238730E-01  0.3356737E-02  0.3058183E-03  0.5831244E-04  0.2879682E-02  0.8232345E-03
  0.9765000000000E+01  0.1250050E-01  0.3396076E-02  0.3077664E-03  0.5844218E-04  0.2907479E-02  0.8339021E-03
  0.9798333333333E+01  0.1261504E-01  0.3435998E-02  0.3097190E-03  0.5857871E-04  0.2935637E-02  0.8447342E-03
  0.9831666666667E+01  0.1273092E-01  0.3476511E-02  0.3116764E-03  0.5872270E-04  0.2964161E-02  0.8557324E-03
  0.9865000000000E+01  0.1284817E-01  0.3517623E-02  0.3136389E-03  0.5887422E-04  0.2993058E-02  0.8668990E-03
  0.9898333333333E+01  0.1296682E-01  0.3559343E-02  0.3156066E-03  0.5903280E-04  0.3022332E-02  0.8782363E-03
  0.9931666666667E+01  0.1308687E-01  0.3601678E-02  0.3175799E-03  0.5919741E-04  0.3051990E-02  0.8897466E-03
  0.9965000000000E+01  0.1320836E-01  0.3644636E-02  0.3195588E-03  0.5936660E-04  0.3082038E-02  0.9014316E-03
  0.9998333333333E+01  0.1333130E-01  0.3688222E-02  0.3215434E-03  0.5953862E-04  0.3112481E-02  0.9132926E-03
  0.1003166666667E+02  0.1345572E-01  0.3732439E-02  0.3235338E-03  0.5971154E-04  0.3143325E-02  0.9253301E-03
  0.1006500000000E+02  0.1358163E-01  0.3777288E-02  0.3255299E-03  0.5988351E-04  0.3174577E-02  0.9375441E-03
  0.1009833333333E+02  0.1370905E-01  0.3822769E-02  0.3275317E-03  0.6005285E-04  0.3206241E-02  0.9499336E-03
  0.1013166666667E+02  0.1383801E-01  0.3868879E-02  0.3295389E-03  0.6021821E-04  0.3238325E-02  0.9624968E-03
  0.1016500000000E+02  0.1396854E-01  0.3915613E-02  0.3315516E-03  0.6037867E-04  0.3270832E-02  0.9752314E-03
  0.1019833333333E+02  0.1410063E-01  0.3962965E-02  0.3335693E-03  0.6053375E-04  0.3303770E-02  0.9881345E-03
  0.1023166666667E+02  0.1423433E-01  0.4010926E-02  0.3355921E-03  0.6068347E-04  0.3337144E-02  0.1001203E-02
  0.1026500000000E+02  0.1436965E-01  0.4059491E-02  0.3376197E-03  0.6082823E-04  0.3370958E-02  0.1014433E-02
  0.1029833333333E+02  0.1450660E-01  0.4108650E-02  0.3396520E-03  0.6096881E-04  0.3405219E-02  0.1027822E-02
  0.1033166666667E+02  0.1464522E-01  0.4158396E-02  0.3416889E-03  0.6110632E-04  0.3439931E-02  0.1041365E-02
  0.1036500000000E+02  0.1478551E-01  0.4208723E-02  0.3437303E-03  0.6124207E-04  0.3475100E-02  0.1055061E-02
  0.1039833333333E+02  0.1492749E-01  0.4259626E-02  0.3457762E-03  0.6137758E-04  0.3510730E-02  0.1068906E-02
  0.1043166666667E+02  0.1507120E-01  0.4311101E-02  0.3478267E-03  0.6151447E-04  0.3546826E-02  0.1082899E-02
  0.1046500000000E+02  0.1521664E-01  0.4363147E-02  0.3498819E-03  0.6165448E-04  0.3583394E-02  0.1097039E-02
  0.1049833333333E+02  0.1536383E-01  0.4415763E-02  0.3519418E-03  0.6179942E-04  0.3620439E-02  0.1111325E-02
  0.1053166666667E+02  0.1551279E-01  0.4468952E-02  0.3540069E-03  0.6195115E-04  0.3657964E-02  0.1125757E-02
  0.1056500000000E+02  0.1566355E-01  0.4522720E-02  0.3560773E-03  0.6211160E-04  0.3695975E-02  0.1140337E-02
  0.1059833333333E+02  0.1581612E-01  0.4577074E-02  0.3581534E-03  0.6228276E-04  0.3734477E-02  0.1155067E-02
  0.1063166666667E+02  0.1597052E-01  0.4632026E-02  0.3602356E-03  0.6246665E-04  0.3773476E-02  0.1169951E-02
  0.1066500000000E+02  0.1612677E-01  0.4687591E-02  0.3623244E-03  0.6266538E-04  0.3812975E-02  0.1184994E-02
  0.1069833333333E+02  0.1628490E-01  0.4743787E-02  0.3644205E-03  0.6288102E-04  0.3852982E-02  0.1200202E-02
  0.1073166666667E+02  0.1644492E-01  0.4800639E-02  0.3665243E-03  0.6311565E-04  0.3893502E-02  0.1215583E-02
  0.1076500000000E+02  0.1660686E-01  0.4858174E-02  0.3686367E-03  0.6337124E-04  0.3934540E-02  0.1231149E-02
  0.1079833333333E+02  0.1677074E-01  0.4916429E-02  0.3707583E-03  0.6364953E-04  0.3976104E-02  0.1246911E-02
  0.1083166666667E+02  0.1693659E-01  0.4975447E-02  0.3728901E-03  0.6395190E-04  0.4018200E-02  0.1262887E-02
  0.1086500000000E+02  0.1710443E-01  0.5035279E-02  0.3750327E-03  0.6427914E-04  0.4060836E-02  0.1279094E-02
  0.1089833333333E+02  0.1727430E-01  0.5095986E-02  0.3771871E-03  0.6463126E-04  0.4104022E-02  0.1295557E-02
  0.1093166666667E+02  0.1744622E-01  0.5157641E-02  0.3793540E-03  0.6500722E-04  0.4147765E-02  0.1312303E-02
  0.1096500000000E+02  0.1762023E-01  0.5220329E-02  0.3815341E-03  0.6540473E-04  0.4192077E-02  0.1329367E-02
  0.1099833333333E+02  0.1779637E-01  0.5284147E-02  0.3837282E-03  0.6582012E-04  0.4236970E-02  0.1346784E-02
  0.1103166666667E+02  0.1797468E-01  0.5349201E-02  0.3859364E-03  0.6624827E-04  0.4282457E-02  0.1364598E-02
  0.1106500000000E+02  0.1815520E-01  0.5415609E-02  0.3881592E-03  0.6668270E-04  0.4328552E-02  0.1382856E-02
  0.1109833333333E+02  0.1833798E-01  0.5483492E-02  0.3903964E-03  0.6711578E-04  0.4375272E-02  0.1401603E-02
  0.1113166666667E+02  0.1852308E-01  0.5552971E-02  0.3926477E-03  0.6753899E-04  0.4422635E-02  0.1420890E-02
  0.1116500000000E+02  0.1871055E-01  0.5624161E-02  0.3949125E-03  0.6794324E-04  0.4470660E-02  0.1440759E-02
  0.1119833333333E+02  0.1890046E-01  0.5697165E-02  0.3971898E-03  0.6831916E-04  0.4519369E-02  0.1461252E-02
  0.1123166666667E+02  0.1909286E-01  0.5772071E-02  0.3994783E-03  0.6865745E-04  0.4568782E-02  0.1482401E-02
  0.1126500000000E+02  0.1928782E-01  0.5848943E-02  0.4017766E-03  0.6894926E-04  0.4618923E-02  0.1504230E-02
  0.1129833333333E+02  0.1948542E-01  0.5927823E-02  0.4040829E-03  0.6918670E-04  0.4669815E-02  0.1526753E-02
  0.1133166666667E+02  0.1968571E-01  0.6008728E-02  0.4063950E-03  0.6936350E-04  0.4721481E-02  0.1549974E-02
  0.1136500000000E+02  0.1988876E-01  0.6091649E-02  0.4087108E-03  0.6947559E-04  0.4773943E-02  0.1573886E-02
  0.1139833333333E+02  0.2009465E-01  0.6176559E-02  0.4110282E-03  0.6952156E-04  0.4827226E-02  0.1598474E-02
  0.1143166666667E+02  0.2030343E-01  0.6263412E-02  0.4133450E-03  0.6950285E-04  0.4881350E-02  0.1623716E-02
  0.1146500000000E+02  0.2051517E-01  0.6352156E-02  0.4156591E-03  0.6942359E-04  0.4936336E-02  0.1649586E-02
  0.1149833333333E+02  0.2072992E-01  0.6442735E-02  0.4179688E-03  0.6929024E-04  0.4992205E-02  0.1676060E-02
  0.1153166666667E+02  0.2094776E-01  0.6535099E-02  0.4202725E-03  0.6911102E-04  0.5048975E-02  0.1703112E-02
  0.1156500000000E+02  0.2116874E-01  0.6629206E-02  0.4225690E-03  0.6889522E-04  0.5106666E-02  0.1730723E-02
  0.1159833333333E+02  0.2139290E-01  0.6725028E-02  0.4248574E-03  0.6865246E-04  0.5165295E-02  0.1758877E-02
  0.1163166666667E+02  0.2162032E-01  0.6822550E-02  0.4271371E-03  0.6839193E-04  0.5224881E-02  0.1787566E-02
  0.1166500000000E+02  0.2185105E-01  0.6921770E-02  0.4294079E-03  0.6812148E-04  0.5285440E-02  0.1816786E-02
  0.1169833333333E+02  0.2208514E-01  0.7022696E-02  0.4316694E-03  0.6784688E-04  0.5346991E-02  0.1846538E-02
  0.1173166666667E+02  0.2232265E-01  0.7125344E-02  0.4339218E-03  0.6757101E-04  0.5409552E-02  0.1876824E-02
  0.1176500000000E+02  0.2256364E-01  0.7229729E-02  0.4361649E-03  0.6729354E-04  0.5473140E-02  0.1907649E-02
  0.1179833333333E+02  0.2280817E-01  0.7335870E-02  0.4383986E-03  0.6701088E-04  0.5537774E-02  0.1939018E-02
  0.1183166666667E+02  0.2305629E-01  0.7443781E-02  0.4406225E-03  0.6671677E-04  0.5603472E-02  0.1970935E-02
  0.1186500000000E+02  0.2330808E-01  0.7553471E-02  0.4428359E-03  0.6640329E-04  0.5670252E-02  0.2003401E-02
  0.1189833333333E+02  0.2356357E-01  0.7664943E-02  0.4450380E-03  0.6606215E-04  0.5738133E-02  0.2036415E-02
  0.1193166666667E+02  0.2382285E-01  0.7778193E-02  0.4472275E-03  0.6568600E-04  0.5807132E-02  0.2069974E-02
  0.1196500000000E+02  0.2408595E-01  0.7893208E-02  0.4494032E-03  0.6526951E-04  0.5877268E-02  0.2104071E-02
  0.1199833333333E+02  0.2435295E-01  0.8009969E-02  0.4515635E-03  0.6480997E-04  0.5948557E-02  0.2138695E-02
  0.1203166666667E+02  0.2462390E-01  0.8128455E-02  0.4537071E-03  0.6430746E-04  0.6021019E-02  0.2173836E-02
  0.1206500000000E+02  0.2489886E-01  0.8248640E-02  0.4558326E-03  0.6376462E-04  0.6094668E-02  0.2209481E-02
  0.1209833333333E+02  0.2517787E-01  0.8370502E-02  0.4579388E-03  0.6318622E-04  0.6169522E-02  0.2245619E-02
  0.1213166666667E+02  0.2546101E-01  0.8494021E-02  0.4600248E-03  0.6257860E-04  0.6245597E-02  0.2282240E-02
  0.1216500000000E+02  0.2574831E-01  0.8619187E-02  0.4620897E-03  0.6194929E-04  0.6322908E-02  0.2319339E-02
  0.1219833333333E+02  0.2603985E-01  0.8746001E-02  0.4641333E-03  0.6130658E-04  0.6401472E-02  0.2356913E-02
  0.1223166666667E+02  0.2633566E-01  0.8874475E-02  0.4661553E-03  0.6065929E-04  0.6481304E-02  0.2394967E-02
  0.1226500000000E+02  0.2663582E-01  0.9004641E-02  0.4681558E-03  0.6001658E-04  0.6562421E-02  0.2433513E-02
  0.1229833333333E+02  0.2694037E-01  0.9136550E-02  0.4701354E-03  0.5938770E-04  0.6644840E-02  0.2472572E-02
  0.1233166666667E+02  0.2724938E-01  0.9270276E-02  0.4720948E-03  0.5878168E-04  0.6728579E-02  0.2512175E-02
  0.1236500000000E+02  0.2756291E-01  0.9405926E-02  0.4740350E-03  0.5820675E-04  0.6813658E-02  0.2552367E-02
  0.1239833333333E+02  0.2788103E-01  0.9543641E-02  0.4759573E-03  0.5766963E-04  0.6900098E-02  0.2593211E-02
  0.1243166666667E+02  0.2820382E-01  0.9683600E-02  0.4778631E-03  0.5717443E-04  0.6987925E-02  0.2634786E-02
  0.1246500000000E+02  0.2853135E-01  0.9826031E-02  0.4797539E-03  0.5672160E-04  0.7077165E-02  0.2677196E-02
  0.1249833333333E+02  0.2886373E-01  0.9971203E-02  0.4816308E-03  0.5630695E-04  0.7167850E-02  0.2720563E-02
  0.1253166666667E+02  0.2920104E-01  0.1011942E-01  0.4834948E-03  0.5592109E-04  0.7260018E-02  0.2765029E-02
  0.1256500000000E+02  0.2954341E-01  0.1027103E-01  0.4853465E-03  0.5554947E-04  0.7353709E-02  0.2810746E-02
  0.1259833333333E+02  0.2989095E-01  0.1042634E-01  0.4871855E-03  0.5517278E-04  0.7448971E-02  0.2857866E-02
  0.1263166666667E+02  0.3024381E-01  0.1058567E-01  0.4890111E-03  0.5476762E-04  0.7545856E-02  0.2906530E-02
  0.1266500000000E+02  0.3060212E-01  0.1074928E-01  0.4908214E-03  0.5430723E-04  0.7644417E-02  0.2956853E-02
  0.1269833333333E+02  0.3096603E-01  0.1091736E-01  0.4926135E-03  0.5376285E-04  0.7744715E-02  0.3008920E-02
  0.1273166666667E+02  0.3133570E-01  0.1109001E-01  0.4943837E-03  0.5310609E-04  0.7846807E-02  0.3062778E-02
  0.1276500000000E+02  0.3171127E-01  0.1126727E-01  0.4961274E-03  0.5231240E-04  0.7950755E-02  0.3118433E-02
  0.1279833333333E+02  0.3209291E-01  0.1144909E-01  0.4978396E-03  0.5136481E-04  0.8056617E-02  0.3175859E-02
  0.1283166666667E+02  0.3248075E-01  0.1163539E-01  0.4995148E-03  0.5025653E-04  0.8164450E-02  0.3235000E-02
  0.1286500000000E+02  0.3287495E-01  0.1182601E-01  0.5011479E-03  0.4899173E-04  0.8274310E-02  0.3295788E-02
  0.1289833333333E+02  0.3327565E-01  0.1202082E-01  0.5027340E-03  0.4758421E-04  0.8386248E-02  0.3358149E-02
  0.1293166666667E+02  0.3368297E-01  0.1221969E-01  0.5042691E-03  0.4605443E-04  0.8500316E-02  0.3422016E-02
  0.1296500000000E+02  0.3409705E-01  0.1242249E-01  0.5057500E-03  0.4442542E-04  0.8616560E-02  0.3487333E-02
  0.1299833333333E+02  0.3451803E-01  0.1262914E-01  0.5071739E-03  0.4271812E-04  0.8735029E-02  0.3554057E-02
  0.1303166666667E+02  0.3494601E-01  0.1283956E-01  0.5085388E-03  0.4094689E-04  0.8855767E-02  0.3622154E-02
  0.1306500000000E+02  0.3538113E-01  0.1305367E-01  0.5098427E-03  0.3911614E-04  0.8978820E-02  0.3691595E-02
  0.1309833333333E+02  0.3582351E-01  0.1327139E-01  0.5110833E-03  0.3721923E-04  0.9104232E-02  0.3762352E-02
  0.1313166666667E+02  0.3627327E-01  0.1349262E-01  0.5122580E-03  0.3523994E-04  0.9232045E-02  0.3834394E-02
  0.1316500000000E+02  0.3673051E-01  0.1371726E-01  0.5133632E-03  0.3315659E-04  0.9362301E-02  0.3907685E-02
  0.1319833333333E+02  0.3719535E-01  0.1394517E-01  0.5143948E-03  0.3094745E-04  0.9495041E-02  0.3982183E-02
  0.1323166666667E+02  0.3766789E-01  0.1417618E-01  0.5153480E-03  0.2859597E-04  0.9630302E-02  0.4057836E-02
  0.1326500000000E+02  0.3814822E-01  0.1441010E-01  0.5162178E-03  0.2609441E-04  0.9768121E-02  0.4134581E-02
  0.1329833333333E+02  0.3863645E-01  0.1464669E-01  0.5169993E-03  0.2344515E-04  0.9908533E-02  0.4212347E-02
  0.1333166666667E+02  0.3913264E-01  0.1488572E-01  0.5176880E-03  0.2065991E-04  0.1005157E-01  0.4291056E-02
  0.1336500000000E+02  0.3963687E-01  0.1512693E-01  0.5182799E-03  0.1775789E-04  0.1019726E-01  0.4370635E-02
  0.1339833333333E+02  0.4014920E-01  0.1537005E-01  0.5187720E-03  0.1476354E-04  0.1034562E-01  0.4451015E-02
  0.1343166666667E+02  0.4066970E-01  0.1561486E-01  0.5191622E-03  0.1170446E-04  0.1049669E-01  0.4532143E-02
  0.1346500000000E+02  0.4119840E-01  0.1586114E-01  0.5194492E-03  0.8609296E-05  0.1065049E-01  0.4613985E-02
  0.1349833333333E+02  0.4173536E-01  0.1610871E-01  0.5196327E-03  0.5505356E-05  0.1080705E-01  0.4696538E-02
  0.1353166666667E+02  0.4228061E-01  0.1635746E-01  0.5197132E-03  0.2415524E-05  0.1096637E-01  0.4779832E-02
  0.1356500000000E+02  0.4283419E-01  0.1660736E-01  0.5196917E-03 -0.6453198E-06  0.1112850E-01  0.4863948E-02
  0.1359833333333E+02  0.4339614E-01  0.1685844E-01  0.5195692E-03 -0.3673795E-05  0.1129347E-01  0.4949022E-02
  0.1363166666667E+02  0.4396650E-01  0.1711088E-01  0.5193465E-03 -0.6680417E-05  0.1146131E-01  0.5035256E-02
  0.1366500000000E+02  0.4454533E-01  0.1736492E-01  0.5190235E-03 -0.9690084E-05  0.1163208E-01  0.5122909E-02
  0.1369833333333E+02  0.4513269E-01  0.1762090E-01  0.5185988E-03 -0.1274072E-04  0.1180582E-01  0.5212277E-02
  0.1373166666667E+02  0.4572866E-01  0.1787914E-01  0.5180695E-03 -0.1588108E-04  0.1198261E-01  0.5303649E-02
  0.1376500000000E+02  0.4633333E-01  0.1813989E-01  0.5174305E-03 -0.1916854E-04  0.1216252E-01  0.5397262E-02
  0.1379833333333E+02  0.4694677E-01  0.1840327E-01  0.5166750E-03 -0.2266568E-04  0.1234563E-01  0.5493261E-02
  0.1383166666667E+02  0.4756908E-01  0.1866922E-01  0.5157939E-03 -0.2643348E-04  0.1253202E-01  0.5591685E-02
  0.1386500000000E+02  0.4820033E-01  0.1893751E-01  0.5147765E-03 -0.3052060E-04  0.1272176E-01  0.5692463E-02
  0.1389833333333E+02  0.4884059E-01  0.1920779E-01  0.5136114E-03 -0.3495261E-04  0.1291495E-01  0.5795436E-02
  0.1393166666667E+02  0.4948991E-01  0.1947961E-01  0.5122872E-03 -0.3972689E-04  0.1311162E-01  0.5900390E-02
  0.1396500000000E+02  0.5014832E-01  0.1975251E-01  0.5107933E-03 -0.4481629E-04  0.1331186E-01  0.6007087E-02
  0.1399833333333E+02  0.5081586E-01  0.2002605E-01  0.5091206E-03 -0.5018062E-04  0.1351570E-01  0.6115295E-02
  0.1403166666667E+02  0.5149252E-01  0.2029981E-01  0.5072612E-03 -0.5578193E-04  0.1372320E-01  0.6224803E-02
  0.1406500000000E+02  0.5217830E-01  0.2057346E-01  0.5052080E-03 -0.6159864E-04  0.1393438E-01  0.6335419E-02
  0.1409833333333E+02  0.5287319E-01  0.2084665E-01  0.5029535E-03 -0.6763376E-04  0.1414928E-01  0.6446973E-02
  0.1413166666667E+02  0.5357716E-01  0.2111912E-01  0.5004897E-03 -0.7391456E-04  0.1436792E-01  0.6559311E-02
  0.1416500000000E+02  0.5429018E-01  0.2139062E-01  0.4978069E-03 -0.8048396E-04  0.1459033E-01  0.6672300E-02
  0.1419833333333E+02  0.5501221E-01  0.2166090E-01  0.4948940E-03 -0.8738662E-04  0.1481652E-01  0.6785815E-02
  0.1423166666667E+02  0.5574320E-01  0.2192975E-01  0.4917388E-03 -0.9465455E-04  0.1504652E-01  0.6899735E-02
  0.1426500000000E+02  0.5648310E-01  0.2219695E-01  0.4883289E-03 -0.1022969E-03  0.1528031E-01  0.7013937E-02
  0.1429833333333E+02  0.5723184E-01  0.2246224E-01  0.4846524E-03 -0.1102970E-03  0.1551792E-01  0.7128294E-02
  0.1433166666667E+02  0.5798936E-01  0.2272539E-01  0.4806985E-03 -0.1186150E-03  0.1575935E-01  0.7242688E-02
  0.1436500000000E+02  0.5875556E-01  0.2298621E-01  0.4764587E-03 -0.1271954E-03  0.1600458E-01  0.7357021E-02
  0.1439833333333E+02  0.5953038E-01  0.2324451E-01  0.4719262E-03 -0.1359749E-03  0.1625362E-01  0.7471227E-02
  0.1443166666667E+02  0.6031372E-01  0.2350018E-01  0.4670965E-03 -0.1448915E-03  0.1650646E-01  0.7585287E-02
  0.1446500000000E+02  0.6110549E-01  0.2375318E-01  0.4619667E-03 -0.1538927E-03  0.1676311E-01  0.7699241E-02
  0.1449833333333E+02  0.6190561E-01  0.2400357E-01  0.4565353E-03 -0.1629424E-03  0.1702355E-01  0.7813214E-02
  0.1453166666667E+02  0.6271400E-01  0.2425156E-01  0.4508012E-03 -0.1720239E-03  0.1728779E-01  0.7927439E-02
  0.1456500000000E+02  0.6353058E-01  0.2449754E-01  0.4447632E-03 -0.1811407E-03  0.1755587E-01  0.8042281E-02
  0.1459833333333E+02  0.6435532E-01  0.2474210E-01  0.4384194E-03 -0.1903144E-03  0.1782781E-01  0.8158241E-02
  0.1463166666667E+02  0.6518818E-01  0.2498597E-01  0.4317666E-03 -0.1995818E-03  0.1810368E-01  0.8275898E-02
  0.1466500000000E+02  0.6602918E-01  0.2522991E-01  0.4248002E-03 -0.2089939E-03  0.1838354E-01  0.8395821E-02
  0.1469833333333E+02  0.6687833E-01  0.2547454E-01  0.4175131E-03 -0.2186132E-03  0.1866748E-01  0.8518468E-02
  0.1473166666667E+02  0.6773567E-01  0.2572027E-01  0.4098962E-03 -0.2285060E-03  0.1895562E-01  0.8644110E-02
  0.1476500000000E+02  0.6860125E-01  0.2596729E-01  0.4019387E-03 -0.2387260E-03  0.1924805E-01  0.8772823E-02
  0.1479833333333E+02  0.6947510E-01  0.2621554E-01  0.3936289E-03 -0.2492929E-03  0.1954487E-01  0.8904506E-02
  0.1483166666667E+02  0.7035726E-01  0.2646484E-01  0.3849561E-03 -0.2601831E-03  0.1984616E-01  0.9038934E-02
  0.1486500000000E+02  0.7124776E-01  0.2671496E-01  0.3759116E-03 -0.2713367E-03  0.2015202E-01  0.9175811E-02
  0.1489833333333E+02  0.7214661E-01  0.2696563E-01  0.3664888E-03 -0.2826823E-03  0.2046252E-01  0.9314820E-02
  0.1493166666667E+02  0.7305384E-01  0.2721663E-01  0.3566834E-03 -0.2941636E-03  0.2077771E-01  0.9455654E-02
  0.1496500000000E+02  0.7396943E-01  0.2746777E-01  0.3464914E-03 -0.3057579E-03  0.2109764E-01  0.9598040E-02
  0.1499833333333E+02  0.7489339E-01  0.2771898E-01  0.3359088E-03 -0.3174802E-03  0.2142237E-01  0.9741749E-02
  0.1503166666667E+02  0.7582573E-01  0.2797021E-01  0.3249297E-03 -0.3293722E-03  0.2175192E-01  0.9886608E-02
  0.1506500000000E+02  0.7676645E-01  0.2822150E-01  0.3135469E-03 -0.3414826E-03  0.2208634E-01  0.1003249E-01
  0.1509833333333E+02  0.7771555E-01  0.2847292E-01  0.3017521E-03 -0.3538459E-03  0.2242565E-01  0.1017928E-01
  0.1513166666667E+02  0.7867303E-01  0.2872451E-01  0.2895365E-03 -0.3664670E-03  0.2276987E-01  0.1032688E-01
  0.1516500000000E+02  0.7963891E-01  0.2897631E-01  0.2768925E-03 -0.3793188E-03  0.2311905E-01  0.1047520E-01
  0.1519833333333E+02  0.8061319E-01  0.2922831E-01  0.2638142E-03 -0.3923492E-03  0.2347319E-01  0.1062413E-01
  0.1523166666667E+02  0.8159587E-01  0.2948053E-01  0.2502977E-03 -0.4054961E-03  0.2383231E-01  0.1077360E-01
  0.1526500000000E+02  0.8258697E-01  0.2973302E-01  0.2363410E-03 -0.4187014E-03  0.2419643E-01  0.1092359E-01
  0.1529833333333E+02  0.8358650E-01  0.2998585E-01  0.2219436E-03 -0.4319220E-03  0.2456556E-01  0.1107411E-01
  0.1533166666667E+02  0.8459447E-01  0.3023923E-01  0.2071058E-03 -0.4451349E-03  0.2493974E-01  0.1122530E-01
  0.1536500000000E+02  0.8561092E-01  0.3049351E-01  0.1918279E-03 -0.4583367E-03  0.2531899E-01  0.1137741E-01
  0.1539833333333E+02  0.8663590E-01  0.3074928E-01  0.1761098E-03 -0.4715407E-03  0.2570335E-01  0.1153087E-01
  0.1543166666667E+02  0.8766948E-01  0.3100736E-01  0.1599507E-03 -0.4847733E-03  0.2609289E-01  0.1168631E-01
  0.1546500000000E+02  0.8871177E-01  0.3126877E-01  0.1433483E-03 -0.4980717E-03  0.2648771E-01  0.1184446E-01
  0.1549833333333E+02  0.8976292E-01  0.3153455E-01  0.1262989E-03 -0.5114847E-03  0.2688791E-01  0.1200609E-01
  0.1553166666667E+02  0.9082311E-01  0.3180559E-01  0.1087964E-03 -0.5250726E-03  0.2729364E-01  0.1217184E-01
  0.1556500000000E+02  0.9189253E-01  0.3208249E-01  0.9083309E-04 -0.5389003E-03  0.2770504E-01  0.1234212E-01
  0.1559833333333E+02  0.9297138E-01  0.3236550E-01  0.7239902E-04 -0.5530222E-03  0.2812228E-01  0.1251709E-01
  0.1563166666667E+02  0.9405986E-01  0.3265455E-01  0.5348358E-04 -0.5674632E-03  0.2854550E-01  0.1269668E-01
  0.1566500000000E+02  0.9515817E-01  0.3294929E-01  0.3407655E-04 -0.5822110E-03  0.2897486E-01  0.1288063E-01
  0.1569833333333E+02  0.9626648E-01  0.3324916E-01  0.1416898E-04 -0.5972268E-03  0.2941047E-01  0.1306853E-01
  0.1573166666667E+02  0.9738492E-01  0.3355346E-01 -0.6246646E-05 -0.6124689E-03  0.2985247E-01  0.1325990E-01
  0.1576500000000E+02  0.9851364E-01  0.3386145E-01 -0.2717714E-04 -0.6279147E-03  0.3030094E-01  0.1345423E-01
  0.1579833333333E+02  0.9965272E-01  0.3417238E-01 -0.4862951E-04 -0.6435711E-03  0.3075598E-01  0.1365104E-01
  0.1583166666667E+02  0.1008022E+00  0.3448557E-01 -0.7061186E-04 -0.6594706E-03  0.3121764E-01  0.1384991E-01
  0.1586500000000E+02  0.1019623E+00  0.3480047E-01 -0.9313374E-04 -0.6756566E-03  0.3168599E-01  0.1405047E-01
  0.1589833333333E+02  0.1031328E+00  0.3511656E-01 -0.1162058E-03 -0.6921631E-03  0.3216107E-01  0.1425243E-01
  0.1593166666667E+02  0.1043139E+00  0.3543343E-01 -0.1398391E-03 -0.7089983E-03  0.3264292E-01  0.1445553E-01
  0.1596500000000E+02  0.1055056E+00  0.3575067E-01 -0.1640437E-03 -0.7261371E-03  0.3313157E-01  0.1465951E-01
  0.1599833333333E+02  0.1067079E+00  0.3606789E-01 -0.1888279E-03 -0.7435274E-03  0.3362704E-01  0.1486413E-01
  0.1603166666667E+02  0.1079207E+00  0.3638478E-01 -0.2141981E-03 -0.7611037E-03  0.3412935E-01  0.1506918E-01
  0.1606500000000E+02  0.1091441E+00  0.3670107E-01 -0.2401582E-03 -0.7788029E-03  0.3463850E-01  0.1527446E-01
  0.1609833333333E+02  0.1103780E+00  0.3701661E-01 -0.2667107E-03 -0.7965747E-03  0.3515449E-01  0.1547985E-01
  0.1613166666667E+02  0.1116223E+00  0.3733140E-01 -0.2938569E-03 -0.8143863E-03  0.3567734E-01  0.1568534E-01
  0.1616500000000E+02  0.1128772E+00  0.3764569E-01 -0.3215976E-03 -0.8322219E-03  0.3620704E-01  0.1589102E-01
  0.1619833333333E+02  0.1141425E+00  0.3795996E-01 -0.3499336E-03 -0.8500807E-03  0.3674361E-01  0.1609713E-01
  0.1623166666667E+02  0.1154184E+00  0.3827502E-01 -0.3788661E-03 -0.8679736E-03  0.3728708E-01  0.1630410E-01
  0.1626500000000E+02  0.1167048E+00  0.3859187E-01 -0.4083969E-03 -0.8859236E-03  0.3783750E-01  0.1651245E-01
  0.1629833333333E+02  0.1180018E+00  0.3891162E-01 -0.4385290E-03 -0.9039654E-03  0.3839492E-01  0.1672279E-01
  0.1633166666667E+02  0.1193096E+00  0.3923525E-01 -0.4692672E-03 -0.9221451E-03  0.3895944E-01  0.1693563E-01
  0.1636500000000E+02  0.1206284E+00  0.3956351E-01 -0.5006177E-03 -0.9405148E-03  0.3953115E-01  0.1715136E-01
  0.1639833333333E+02  0.1219583E+00  0.3989681E-01 -0.5325883E-03 -0.9591190E-03  0.4011016E-01  0.1737018E-01
  0.1643166666667E+02  0.1232995E+00  0.4023523E-01 -0.5651877E-03 -0.9779803E-03  0.4069656E-01  0.1759212E-01
  0.1646500000000E+02  0.1246521E+00  0.4057853E-01 -0.5984241E-03 -0.9970928E-03  0.4129047E-01  0.1781704E-01
  0.1649833333333E+02  0.1260163E+00  0.4092620E-01 -0.6323050E-03 -0.1016427E-02  0.4189195E-01  0.1804465E-01
  0.1653166666667E+02  0.1273922E+00  0.4127753E-01 -0.6668365E-03 -0.1035945E-02  0.4250111E-01  0.1827459E-01
  0.1656500000000E+02  0.1287800E+00  0.4163174E-01 -0.7020235E-03 -0.1055609E-02  0.4311799E-01  0.1850644E-01
  0.1659833333333E+02  0.1301796E+00  0.4198802E-01 -0.7378700E-03 -0.1075395E-02  0.4374265E-01  0.1873979E-01
  0.1663166666667E+02  0.1315911E+00  0.4234564E-01 -0.7743795E-03 -0.1095285E-02  0.4437512E-01  0.1897426E-01
  0.1666500000000E+02  0.1330146E+00  0.4270396E-01 -0.8115548E-03 -0.1115260E-02  0.4501544E-01  0.1920952E-01
  0.1669833333333E+02  0.1344500E+00  0.4306239E-01 -0.8493981E-03 -0.1135298E-02  0.4566362E-01  0.1944526E-01
  0.1673166666667E+02  0.1358973E+00  0.4342041E-01 -0.8879101E-03 -0.1155359E-02  0.4631966E-01  0.1968120E-01
  0.1676500000000E+02  0.1373566E+00  0.4377750E-01 -0.9270897E-03 -0.1175390E-02  0.4698356E-01  0.1991705E-01
  0.1679833333333E+02  0.1388277E+00  0.4413320E-01 -0.9669339E-03 -0.1195326E-02  0.4765531E-01  0.2015254E-01
  0.1683166666667E+02  0.1403106E+00  0.4448707E-01 -0.1007437E-02 -0.1215104E-02  0.4833489E-01  0.2038739E-01
  0.1686500000000E+02  0.1418052E+00  0.4483883E-01 -0.1048593E-02 -0.1234665E-02  0.4902227E-01  0.2062135E-01
  0.1689833333333E+02  0.1433115E+00  0.4518835E-01 -0.1090392E-02 -0.1253964E-02  0.4971741E-01  0.2085423E-01
  0.1693166666667E+02  0.1448293E+00  0.4553576E-01 -0.1132824E-02 -0.1272969E-02  0.5042027E-01  0.2108587E-01
  0.1696500000000E+02  0.1463587E+00  0.4588149E-01 -0.1175879E-02 -0.1291665E-02  0.5113081E-01  0.2131617E-01
  0.1699833333333E+02  0.1478996E+00  0.4622631E-01 -0.1219548E-02 -0.1310050E-02  0.5184898E-01  0.2154509E-01
  0.1703166666667E+02  0.1494520E+00  0.4657127E-01 -0.1263819E-02 -0.1328136E-02  0.5257473E-01  0.2177267E-01
  0.1706500000000E+02  0.1510159E+00  0.4691764E-01 -0.1308684E-02 -0.1345950E-02  0.5330803E-01  0.2199899E-01
  0.1709833333333E+02  0.1525914E+00  0.4726662E-01 -0.1354135E-02 -0.1363527E-02  0.5404884E-01  0.2222420E-01
  0.1713166666667E+02  0.1541788E+00  0.4761927E-01 -0.1400165E-02 -0.1380907E-02  0.5479712E-01  0.2244847E-01
  0.1716500000000E+02  0.1557780E+00  0.4797632E-01 -0.1446770E-02 -0.1398133E-02  0.5555286E-01  0.2267197E-01
  0.1719833333333E+02  0.1573892E+00  0.4833816E-01 -0.1493944E-02 -0.1415240E-02  0.5631602E-01  0.2289487E-01
  0.1723166666667E+02  0.1590127E+00  0.4870486E-01 -0.1541686E-02 -0.1432257E-02  0.5708659E-01  0.2311731E-01
  0.1726500000000E+02  0.1606486E+00  0.4907617E-01 -0.1589993E-02 -0.1449202E-02  0.5786457E-01  0.2333935E-01
  0.1729833333333E+02  0.1622970E+00  0.4945158E-01 -0.1638862E-02 -0.1466084E-02  0.5864994E-01  0.2356103E-01
  0.1733166666667E+02  0.1639580E+00  0.4983045E-01 -0.1688292E-02 -0.1482900E-02  0.5944268E-01  0.2378232E-01
  0.1736500000000E+02  0.1656317E+00  0.5021203E-01 -0.1738280E-02 -0.1499642E-02  0.6024279E-01  0.2400313E-01
  0.1739833333333E+02  0.1673183E+00  0.5059564E-01 -0.1788824E-02 -0.1516295E-02  0.6105023E-01  0.2422334E-01
  0.1743166666667E+02  0.1690176E+00  0.5098059E-01 -0.1839918E-02 -0.1532842E-02  0.6186499E-01  0.2444278E-01
  0.1746500000000E+02  0.1707298E+00  0.5136625E-01 -0.1891560E-02 -0.1549262E-02  0.6268703E-01  0.2466123E-01
  0.1749833333333E+02  0.1724549E+00  0.5175196E-01 -0.1943745E-02 -0.1565534E-02  0.6351632E-01  0.2487848E-01
  0.1753166666667E+02  0.1741928E+00  0.5213704E-01 -0.1996466E-02 -0.1581635E-02  0.6435279E-01  0.2509428E-01
  0.1756500000000E+02  0.1759435E+00  0.5252083E-01 -0.2049717E-02 -0.1597540E-02  0.6519640E-01  0.2530837E-01
  0.1759833333333E+02  0.1777069E+00  0.5290269E-01 -0.2103491E-02 -0.1613223E-02  0.6604709E-01  0.2552049E-01
  0.1763166666667E+02  0.1794830E+00  0.5328209E-01 -0.2157780E-02 -0.1628660E-02  0.6690477E-01  0.2573037E-01
  0.1766500000000E+02  0.1812716E+00  0.5365871E-01 -0.2212574E-02 -0.1643826E-02  0.6776936E-01  0.2593768E-01
  0.1769833333333E+02  0.1830727E+00  0.5403252E-01 -0.2267864E-02 -0.1658705E-02  0.6864076E-01  0.2614210E-01
  0.1773166666667E+02  0.1848861E+00  0.5440382E-01 -0.2323641E-02 -0.1673287E-02  0.6951887E-01  0.2634322E-01
  0.1776500000000E+02  0.1867119E+00  0.5477331E-01 -0.2379893E-02 -0.1687573E-02  0.7040355E-01  0.2654058E-01
  0.1779833333333E+02  0.1885500E+00  0.5514203E-01 -0.2436612E-02 -0.1701576E-02  0.7129468E-01  0.2673368E-01
  0.1783166666667E+02  0.1904004E+00  0.5551121E-01 -0.2493789E-02 -0.1715314E-02  0.7219208E-01  0.2692206E-01
  0.1786500000000E+02  0.1922631E+00  0.5588213E-01 -0.2551416E-02 -0.1728809E-02  0.7309559E-01  0.2710536E-01
  0.1789833333333E+02  0.1941383E+00  0.5625590E-01 -0.2609486E-02 -0.1742080E-02  0.7400504E-01  0.2728341E-01
  0.1793166666667E+02  0.1960261E+00  0.5663335E-01 -0.2667991E-02 -0.1755149E-02  0.7492024E-01  0.2745621E-01
  0.1796500000000E+02  0.1979266E+00  0.5701499E-01 -0.2726925E-02 -0.1768043E-02  0.7584104E-01  0.2762393E-01
  0.1799833333333E+02  0.1998399E+00  0.5740098E-01 -0.2786285E-02 -0.1780800E-02  0.7676727E-01  0.2778687E-01
  0.1803166666667E+02  0.2017663E+00  0.5779112E-01 -0.2846068E-02 -0.1793465E-02  0.7769878E-01  0.2794539E-01
  0.1806500000000E+02  0.2037058E+00  0.5818497E-01 -0.2906270E-02 -0.1806079E-02  0.7863545E-01  0.2809987E-01
  0.1809833333333E+02  0.2056585E+00  0.5858191E-01 -0.2966893E-02 -0.1818670E-02  0.7957713E-01  0.2825064E-01
  0.1813166666667E+02  0.2076246E+00  0.5898122E-01 -0.3027934E-02 -0.1831253E-02  0.8052373E-01  0.2839793E-01
  0.1816500000000E+02  0.2096040E+00  0.5938220E-01 -0.3089395E-02 -0.1843826E-02  0.8147513E-01  0.2854184E-01
  0.1819833333333E+02  0.2115968E+00  0.5978410E-01 -0.3151274E-02 -0.1856375E-02  0.8243120E-01  0.2868233E-01
  0.1823166666667E+02  0.2136030E+00  0.6018616E-01 -0.3213571E-02 -0.1868883E-02  0.8339185E-01  0.2881928E-01
  0.1826500000000E+02  0.2156226E+00  0.6058755E-01 -0.3276282E-02 -0.1881336E-02  0.8435693E-01  0.2895253E-01
  0.1829833333333E+02  0.2176555E+00  0.6098737E-01 -0.3339406E-02 -0.1893718E-02  0.8532633E-01  0.2908185E-01
  0.1833166666667E+02  0.2197017E+00  0.6138469E-01 -0.3402940E-02 -0.1906018E-02  0.8629989E-01  0.2920703E-01
  0.1836500000000E+02  0.2217609E+00  0.6177866E-01 -0.3466880E-02 -0.1918215E-02  0.8727749E-01  0.2932779E-01
  0.1839833333333E+02  0.2238332E+00  0.6216859E-01 -0.3531223E-02 -0.1930284E-02  0.8825895E-01  0.2944384E-01
  0.1843166666667E+02  0.2259184E+00  0.6255406E-01 -0.3595963E-02 -0.1942191E-02  0.8924411E-01  0.2955478E-01
  0.1846500000000E+02  0.2280162E+00  0.6293503E-01 -0.3661092E-02 -0.1953897E-02  0.9023278E-01  0.2966013E-01
  0.1849833333333E+02  0.2301266E+00  0.6331192E-01 -0.3726605E-02 -0.1965363E-02  0.9122475E-01  0.2975926E-01
  0.1853166666667E+02  0.2322494E+00  0.6368559E-01 -0.3792490E-02 -0.1976552E-02  0.9221980E-01  0.2985144E-01
  0.1856500000000E+02  0.2343847E+00  0.6405728E-01 -0.3858737E-02 -0.1987428E-02  0.9321766E-01  0.2993591E-01
  0.1859833333333E+02  0.2365323E+00  0.6442834E-01 -0.3925336E-02 -0.1997956E-02  0.9421806E-01  0.3001197E-01
  0.1863166666667E+02  0.2386923E+00  0.6480012E-01 -0.3992272E-02 -0.2008101E-02  0.9522070E-01  0.3007917E-01
  0.1866500000000E+02  0.2408648E+00  0.6517373E-01 -0.4059534E-02 -0.2017837E-02  0.9622528E-01  0.3013730E-01
  0.1869833333333E+02  0.2430498E+00  0.6554996E-01 -0.4127106E-02 -0.2027154E-02  0.9723149E-01  0.3018645E-01
  0.1873166666667E+02  0.2452474E+00  0.6592928E-01 -0.4194974E-02 -0.2036068E-02  0.9823906E-01  0.3022695E-01
  0.1876500000000E+02  0.2474578E+00  0.6631180E-01 -0.4263129E-02 -0.2044623E-02  0.9924770E-01  0.3025931E-01
  0.1879833333333E+02  0.2496810E+00  0.6669729E-01 -0.4331558E-02 -0.2052878E-02  0.1002572E+00  0.3028414E-01
  0.1883166666667E+02  0.2519172E+00  0.6708533E-01 -0.4400254E-02 -0.2060897E-02  0.1012672E+00  0.3030203E-01
  0.1886500000000E+02  0.2541664E+00  0.6747536E-01 -0.4469212E-02 -0.2068735E-02  0.1022777E+00  0.3031349E-01
  0.1889833333333E+02  0.2564286E+00  0.6786676E-01 -0.4538426E-02 -0.2076426E-02  0.1032883E+00  0.3031881E-01
  0.1893166666667E+02  0.2587039E+00  0.6825883E-01 -0.4607893E-02 -0.2083990E-02  0.1042989E+00  0.3031815E-01
  0.1896500000000E+02  0.2609923E+00  0.6865083E-01 -0.4677607E-02 -0.2091434E-02  0.1053093E+00  0.3031147E-01
  0.1899833333333E+02  0.2632937E+00  0.6904185E-01 -0.4747566E-02 -0.2098759E-02  0.1063193E+00  0.3029864E-01
  0.1903166666667E+02  0.2656080E+00  0.6943089E-01 -0.4817765E-02 -0.2105969E-02  0.1073286E+00  0.3027945E-01
  0.1906500000000E+02  0.2679353E+00  0.6981684E-01 -0.4888200E-02 -0.2113067E-02  0.1083370E+00  0.3025367E-01
  0.1909833333333E+02  0.2702752E+00  0.7019858E-01 -0.4958869E-02 -0.2120047E-02  0.1093444E+00  0.3022102E-01
  0.1913166666667E+02  0.2726277E+00  0.7057513E-01 -0.5029765E-02 -0.2126893E-02  0.1103504E+00  0.3018115E-01
  0.1916500000000E+02  0.2749926E+00  0.7094576E-01 -0.5100884E-02 -0.2133571E-02  0.1113549E+00  0.3013367E-01
  0.1919833333333E+02  0.2773696E+00  0.7131013E-01 -0.5172219E-02 -0.2140032E-02  0.1123575E+00  0.3007809E-01
  0.1923166666667E+02  0.2797585E+00  0.7166836E-01 -0.5243759E-02 -0.2146215E-02  0.1133580E+00  0.3001381E-01
  0.1926500000000E+02  0.2821592E+00  0.7202110E-01 -0.5315494E-02 -0.2152046E-02  0.1143560E+00  0.2994015E-01
  0.1929833333333E+02  0.2845715E+00  0.7236944E-01 -0.5387409E-02 -0.2157445E-02  0.1153512E+00  0.2985641E-01
  0.1933166666667E+02  0.2869954E+00  0.7271468E-01 -0.5459486E-02 -0.2162324E-02  0.1163432E+00  0.2976198E-01
  0.1936500000000E+02  0.2894306E+00  0.7305824E-01 -0.5531706E-02 -0.2166596E-02  0.1173318E+00  0.2965649E-01
  0.1939833333333E+02  0.2918774E+00  0.7340135E-01 -0.5604046E-02 -0.2170187E-02  0.1183165E+00  0.2953983E-01
  0.1943166666667E+02  0.2943355E+00  0.7374507E-01 -0.5676480E-02 -0.2173045E-02  0.1192969E+00  0.2941219E-01
  0.1946500000000E+02  0.2968052E+00  0.7409013E-01 -0.5748986E-02 -0.2175165E-02  0.1202727E+00  0.2927403E-01
  0.1949833333333E+02  0.2992864E+00  0.7443696E-01 -0.5821539E-02 -0.2176587E-02  0.1212435E+00  0.2912599E-01
  0.1953166666667E+02  0.3017793E+00  0.7478567E-01 -0.5894119E-02 -0.2177390E-02  0.1222092E+00  0.2896883E-01
  0.1956500000000E+02  0.3042838E+00  0.7513616E-01 -0.5966708E-02 -0.2177677E-02  0.1231693E+00  0.2880330E-01
  0.1959833333333E+02  0.3068001E+00  0.7548818E-01 -0.6039293E-02 -0.2177557E-02  0.1241236E+00  0.2863001E-01
  0.1963166666667E+02  0.3093281E+00  0.7584136E-01 -0.6111864E-02 -0.2177127E-02  0.1250719E+00  0.2844941E-01
  0.1966500000000E+02  0.3118680E+00  0.7619521E-01 -0.6184413E-02 -0.2176466E-02  0.1260140E+00  0.2826170E-01
  0.1969833333333E+02  0.3144196E+00  0.7654909E-01 -0.6256934E-02 -0.2175637E-02  0.1269495E+00  0.2806691E-01
  0.1973166666667E+02  0.3169830E+00  0.7690216E-01 -0.6329424E-02 -0.2174687E-02  0.1278784E+00  0.2786490E-01
  0.1976500000000E+02  0.3195581E+00  0.7725338E-01 -0.6401879E-02 -0.2173656E-02  0.1288002E+00  0.2765544E-01
  0.1979833333333E+02  0.3221449E+00  0.7760154E-01 -0.6474298E-02 -0.2172571E-02  0.1297148E+00  0.2743820E-01
  0.1983166666667E+02  0.3247430E+00  0.7794538E-01 -0.6546679E-02 -0.2171442E-02  0.1306219E+00  0.2721280E-01
  0.1986500000000E+02  0.3273525E+00  0.7828373E-01 -0.6619021E-02 -0.2170254E-02  0.1315212E+00  0.2697879E-01
  0.1989833333333E+02  0.3299730E+00  0.7861566E-01 -0.6691320E-02 -0.2168963E-02  0.1324124E+00  0.2673565E-01
  0.1993166666667E+02  0.3326044E+00  0.7894061E-01 -0.6763570E-02 -0.2167497E-02  0.1332952E+00  0.2648283E-01
  0.1996500000000E+02  0.3352463E+00  0.7925848E-01 -0.6835762E-02 -0.2165757E-02  0.1341691E+00  0.2621974E-01
  0.1999833333333E+02  0.3378986E+00  0.7956970E-01 -0.6907882E-02 -0.2163618E-02  0.1350340E+00  0.2594580E-01
  0.2003166666667E+02  0.3405611E+00  0.7987510E-01 -0.6979914E-02 -0.2160943E-02  0.1358894E+00  0.2566049E-01
  0.2006500000000E+02  0.3432337E+00  0.8017581E-01 -0.7051833E-02 -0.2157584E-02  0.1367348E+00  0.2536348E-01
  0.2009833333333E+02  0.3459161E+00  0.8047304E-01 -0.7123613E-02 -0.2153403E-02  0.1375700E+00  0.2505470E-01
  0.2013166666667E+02  0.3486084E+00  0.8076794E-01 -0.7195223E-02 -0.2148285E-02  0.1383944E+00  0.2473436E-01
  0.2016500000000E+02  0.3513104E+00  0.8106155E-01 -0.7266628E-02 -0.2142160E-02  0.1392079E+00  0.2440297E-01
  0.2019833333333E+02  0.3540222E+00  0.8135469E-01 -0.7337795E-02 -0.2135012E-02  0.1400099E+00  0.2406125E-01
  0.2023166666667E+02  0.3567438E+00  0.8164795E-01 -0.7408691E-02 -0.2126891E-02  0.1408002E+00  0.2371009E-01
  0.2026500000000E+02  0.3594752E+00  0.8194171E-01 -0.7479288E-02 -0.2117898E-02  0.1415786E+00  0.2335046E-01
  0.2029833333333E+02  0.3622164E+00  0.8223616E-01 -0.7549560E-02 -0.2108167E-02  0.1423447E+00  0.2298325E-01
  0.2033166666667E+02  0.3649675E+00  0.8253139E-01 -0.7619489E-02 -0.2097851E-02  0.1430983E+00  0.2260921E-01
  0.2036500000000E+02  0.3677284E+00  0.8282731E-01 -0.7689058E-02 -0.2087095E-02  0.1438393E+00  0.2222889E-01
  0.2039833333333E+02  0.3704992E+00  0.8312367E-01 -0.7758259E-02 -0.2076032E-02  0.1445674E+00  0.2184260E-01
  0.2043166666667E+02  0.3732799E+00  0.8341999E-01 -0.7827085E-02 -0.2064777E-02  0.1452824E+00  0.2145045E-01
  0.2046500000000E+02  0.3760704E+00  0.8371551E-01 -0.7895533E-02 -0.2053424E-02  0.1459842E+00  0.2105235E-01
  0.2049833333333E+02  0.3788707E+00  0.8400922E-01 -0.7963601E-02 -0.2042052E-02  0.1466724E+00  0.2064809E-01
  0.2053166666667E+02  0.3816807E+00  0.8429994E-01 -0.8031292E-02 -0.2030711E-02  0.1473470E+00  0.2023734E-01
  0.2056500000000E+02  0.3845002E+00  0.8458642E-01 -0.8098606E-02 -0.2019424E-02  0.1480077E+00  0.1981964E-01
  0.2059833333333E+02  0.3873291E+00  0.8486747E-01 -0.8165545E-02 -0.2008172E-02  0.1486541E+00  0.1939450E-01
  0.2063166666667E+02  0.3901672E+00  0.8514214E-01 -0.8232108E-02 -0.1996899E-02  0.1492862E+00  0.1896137E-01
  0.2066500000000E+02  0.3930142E+00  0.8540984E-01 -0.8298292E-02 -0.1985508E-02  0.1499035E+00  0.1851970E-01
  0.2069833333333E+02  0.3958699E+00  0.8567042E-01 -0.8364087E-02 -0.1973865E-02  0.1505058E+00  0.1806895E-01
  0.2073166666667E+02  0.3987340E+00  0.8592417E-01 -0.8429481E-02 -0.1961810E-02  0.1510928E+00  0.1760870E-01
  0.2076500000000E+02  0.4016064E+00  0.8617173E-01 -0.8494453E-02 -0.1949166E-02  0.1516641E+00  0.1713870E-01
  0.2079833333333E+02  0.4044869E+00  0.8641400E-01 -0.8558978E-02 -0.1935755E-02  0.1522194E+00  0.1665893E-01
  0.2083166666667E+02  0.4073753E+00  0.8665195E-01 -0.8623025E-02 -0.1921413E-02  0.1527583E+00  0.1616966E-01
  0.2086500000000E+02  0.4102715E+00  0.8688659E-01 -0.8686559E-02 -0.1906017E-02  0.1532807E+00  0.1567142E-01
  0.2089833333333E+02  0.4131755E+00  0.8711885E-01 -0.8749543E-02 -0.1889498E-02  0.1537862E+00  0.1516499E-01
  0.2093166666667E+02  0.4160871E+00  0.8734955E-01 -0.8811938E-02 -0.1871853E-02  0.1542746E+00  0.1465134E-01
  0.2096500000000E+02  0.4190064E+00  0.8757938E-01 -0.8873709E-02 -0.1853148E-02  0.1547456E+00  0.1413154E-01
  0.2099833333333E+02  0.4219334E+00  0.8780890E-01 -0.8934826E-02 -0.1833501E-02  0.1551992E+00  0.1360666E-01
  0.2103166666667E+02  0.4248680E+00  0.8803855E-01 -0.8995261E-02 -0.1813066E-02  0.1556351E+00  0.1307771E-01
  0.2106500000000E+02  0.4278103E+00  0.8826865E-01 -0.9054995E-02 -0.1792013E-02  0.1560533E+00  0.1254552E-01
  0.2109833333333E+02  0.4307603E+00  0.8849933E-01 -0.9114012E-02 -0.1770511E-02  0.1564537E+00  0.1201072E-01
  0.2113166666667E+02  0.4337180E+00  0.8873048E-01 -0.9172303E-02 -0.1748716E-02  0.1568361E+00  0.1147377E-01
  0.2116500000000E+02  0.4366833E+00  0.8896171E-01 -0.9229862E-02 -0.1726768E-02  0.1572006E+00  0.1093492E-01
  0.2119833333333E+02  0.4396564E+00  0.8919232E-01 -0.9286688E-02 -0.1704788E-02  0.1575471E+00  0.1039426E-01
  0.2123166666667E+02  0.4426371E+00  0.8942138E-01 -0.9342784E-02 -0.1682868E-02  0.1578755E+00  0.9851724E-02
  0.2126500000000E+02  0.4456254E+00  0.8964777E-01 -0.9398152E-02 -0.1661066E-02  0.1581857E+00  0.9307141E-02
  0.2129833333333E+02  0.4486211E+00  0.8987035E-01 -0.9452799E-02 -0.1639401E-02  0.1584777E+00  0.8760221E-02
  0.2133166666667E+02  0.4516240E+00  0.9008804E-01 -0.9506727E-02 -0.1617842E-02  0.1587514E+00  0.8210596E-02
  0.2136500000000E+02  0.4546340E+00  0.9029998E-01 -0.9559938E-02 -0.1596314E-02  0.1590067E+00  0.7657855E-02
  0.2139833333333E+02  0.4576509E+00  0.9050562E-01 -0.9612428E-02 -0.1574701E-02  0.1592434E+00  0.7101582E-02
  0.2143166666667E+02  0.4606744E+00  0.9070476E-01 -0.9664189E-02 -0.1552851E-02  0.1594615E+00  0.6541406E-02
  0.2146500000000E+02  0.4637043E+00  0.9089752E-01 -0.9715209E-02 -0.1530589E-02  0.1596607E+00  0.5977071E-02
  0.2149833333333E+02  0.4667404E+00  0.9108428E-01 -0.9765467E-02 -0.1507734E-02  0.1598410E+00  0.5408488E-02
  0.2153166666667E+02  0.4697826E+00  0.9126558E-01 -0.9814937E-02 -0.1484112E-02  0.1600022E+00  0.4835780E-02
  0.2156500000000E+02  0.4728307E+00  0.9144206E-01 -0.9863590E-02 -0.1459578E-02  0.1601441E+00  0.4259292E-02
  0.2159833333333E+02  0.4758845E+00  0.9161443E-01 -0.9911391E-02 -0.1434034E-02  0.1602668E+00  0.3679577E-02
  0.2163166666667E+02  0.4789439E+00  0.9178337E-01 -0.9958306E-02 -0.1407437E-02  0.1603700E+00  0.3097363E-02
  0.2166500000000E+02  0.4820089E+00  0.9194955E-01 -0.1000430E-01 -0.1379808E-02  0.1604538E+00  0.2513501E-02
  0.2169833333333E+02  0.4850794E+00  0.9211358E-01 -0.1004934E-01 -0.1351222E-02  0.1605181E+00  0.1928892E-02
  0.2173166666667E+02  0.4881552E+00  0.9227605E-01 -0.1009340E-01 -0.1321790E-02  0.1605629E+00  0.1344432E-02
  0.2176500000000E+02  0.4912365E+00  0.9243743E-01 -0.1013645E-01 -0.1291652E-02  0.1605883E+00  0.7609503E-03
  0.2179833333333E+02  0.4943231E+00  0.9259803E-01 -0.1017849E-01 -0.1260951E-02  0.1605943E+00  0.1791839E-03
  0.2183166666667E+02  0.4974150E+00  0.9275796E-01 -0.1021948E-01 -0.1229832E-02  0.1605809E+00 -0.4002340E-03
  0.2186500000000E+02  0.5005122E+00  0.9291704E-01 -0.1025943E-01 -0.1198431E-02  0.1605484E+00 -0.9767713E-03
  0.2189833333333E+02  0.5036147E+00  0.9307480E-01 -0.1029832E-01 -0.1166871E-02  0.1604967E+00 -0.1549990E-02
  0.2193166666667E+02  0.5067224E+00  0.9323049E-01 -0.1033617E-01 -0.1135259E-02  0.1604261E+00 -0.2119542E-02
  0.2196500000000E+02  0.5098352E+00  0.9338319E-01 -0.1037296E-01 -0.1103675E-02  0.1603365E+00 -0.2685164E-02
  0.2199833333333E+02  0.5129529E+00  0.9353185E-01 -0.1040869E-01 -0.1072168E-02  0.1602283E+00 -0.3246679E-02
  0.2203166666667E+02  0.5160754E+00  0.9367547E-01 -0.1044339E-01 -0.1040752E-02  0.1601015E+00 -0.3804002E-02
  0.2206500000000E+02  0.5192025E+00  0.9381317E-01 -0.1047703E-01 -0.1009402E-02  0.1599563E+00 -0.4357132E-02
  0.2209833333333E+02  0.5223340E+00  0.9394430E-01 -0.1050963E-01 -0.9780623E-03  0.1597927E+00 -0.4906147E-02
  0.2213166666667E+02  0.5254696E+00  0.9406852E-01 -0.1054119E-01 -0.9466514E-03  0.1596110E+00 -0.5451185E-02
  0.2216500000000E+02  0.5286092E+00  0.9418576E-01 -0.1057169E-01 -0.9150685E-03  0.1594113E+00 -0.5992410E-02
  0.2219833333333E+02  0.5317524E+00  0.9429618E-01 -0.1060113E-01 -0.8832062E-03  0.1591936E+00 -0.6529970E-02
  0.2223166666667E+02  0.5348990E+00  0.9440016E-01 -0.1062950E-01 -0.8509617E-03  0.1589582E+00 -0.7063969E-02
  0.2226500000000E+02  0.5380490E+00  0.9449820E-01 -0.1065677E-01 -0.8182475E-03  0.1587050E+00 -0.7594439E-02
  0.2229833333333E+02  0.5412020E+00  0.9459091E-01 -0.1068294E-01 -0.7850022E-03  0.1584343E+00 -0.8121333E-02
  0.2233166666667E+02  0.5443580E+00  0.9467893E-01 -0.1070798E-01 -0.7511956E-03  0.1581462E+00 -0.8644520E-02
  0.2236500000000E+02  0.5475167E+00  0.9476294E-01 -0.1073187E-01 -0.7168292E-03  0.1578407E+00 -0.9163796E-02
  0.2239833333333E+02  0.5506782E+00  0.9484364E-01 -0.1075460E-01 -0.6819302E-03  0.1575181E+00 -0.9678899E-02
  0.2243166666667E+02  0.5538423E+00  0.9492165E-01 -0.1077616E-01 -0.6465422E-03  0.1571784E+00 -0.1018952E-01
  0.2246500000000E+02  0.5570088E+00  0.9499754E-01 -0.1079651E-01 -0.6107163E-03  0.1568219E+00 -0.1069533E-01
  0.2249833333333E+02  0.5601779E+00  0.9507169E-01 -0.1081566E-01 -0.5745054E-03  0.1564487E+00 -0.1119594E-01
  0.2253166666667E+02  0.5633494E+00  0.9514429E-01 -0.1083360E-01 -0.5379627E-03  0.1560590E+00 -0.1169093E-01
  0.2256500000000E+02  0.5665232E+00  0.9521522E-01 -0.1085030E-01 -0.5011436E-03  0.1556530E+00 -0.1217984E-01
  0.2259833333333E+02  0.5696993E+00  0.9528409E-01 -0.1086577E-01 -0.4641059E-03  0.1552309E+00 -0.1266213E-01
  0.2263166666667E+02  0.5728777E+00  0.9535021E-01 -0.1088000E-01 -0.4269093E-03  0.1547930E+00 -0.1313724E-01
  0.2266500000000E+02  0.5760581E+00  0.9541270E-01 -0.1089299E-01 -0.3896113E-03  0.1543395E+00 -0.1360456E-01
  0.2269833333333E+02  0.5792405E+00  0.9547054E-01 -0.1090473E-01 -0.3522639E-03  0.1538708E+00 -0.1406350E-01
  0.2273166666667E+02  0.5824246E+00  0.9552271E-01 -0.1091523E-01 -0.3149101E-03  0.1533870E+00 -0.1451350E-01
  0.2276500000000E+02  0.5856102E+00  0.9556825E-01 -0.1092448E-01 -0.2775828E-03  0.1528885E+00 -0.1495410E-01
  0.2279833333333E+02  0.5887970E+00  0.9560639E-01 -0.1093249E-01 -0.2403048E-03  0.1523757E+00 -0.1538495E-01
  0.2283166666667E+02  0.5919849E+00  0.9563658E-01 -0.1093926E-01 -0.2030911E-03  0.1518488E+00 -0.1580585E-01
  0.2286500000000E+02  0.5951735E+00  0.9565852E-01 -0.1094479E-01 -0.1659512E-03  0.1513083E+00 -0.1621678E-01
  0.2289833333333E+02  0.5983626E+00  0.9567214E-01 -0.1094909E-01 -0.1288925E-03  0.1507543E+00 -0.1661784E-01
  0.2293166666667E+02  0.6015519E+00  0.9567761E-01 -0.1095215E-01 -0.9192233E-04  0.1501874E+00 -0.1700931E-01
  0.2296500000000E+02  0.6047410E+00  0.9567527E-01 -0.1095399E-01 -0.5504909E-04  0.1496076E+00 -0.1739155E-01
  0.2299833333333E+02  0.6079299E+00  0.9566566E-01 -0.1095460E-01 -0.1828174E-04  0.1490155E+00 -0.1776500E-01
  0.2303166666667E+02  0.6111182E+00  0.9564941E-01 -0.1095398E-01  0.1837374E-04  0.1484111E+00 -0.1813018E-01
  0.2306500000000E+02  0.6143058E+00  0.9562727E-01 -0.1095215E-01  0.5492019E-04  0.1477949E+00 -0.1848759E-01
  0.2309833333333E+02  0.6174925E+00  0.9560004E-01 -0.1094911E-01  0.9137572E-04  0.1471670E+00 -0.1883772E-01
  0.2313166666667E+02  0.6206781E+00  0.9556848E-01 -0.1094485E-01  0.1277777E-03  0.1465276E+00 -0.1918100E-01
  0.2316500000000E+02  0.6238625E+00  0.9553330E-01 -0.1093938E-01  0.1641816E-03  0.1458770E+00 -0.1951775E-01
  0.2319833333333E+02  0.6270457E+00  0.9549501E-01 -0.1093269E-01  0.2006546E-03  0.1452154E+00 -0.1984817E-01
  0.2323166666667E+02  0.6302275E+00  0.9545387E-01 -0.1092478E-01  0.2372640E-03  0.1445430E+00 -0.2017227E-01
  0.2326500000000E+02  0.6334078E+00  0.9540985E-01 -0.1091564E-01  0.2740655E-03  0.1438600E+00 -0.2048990E-01
  0.2329833333333E+02  0.6365866E+00  0.9536260E-01 -0.1090527E-01  0.3110937E-03  0.1431666E+00 -0.2080067E-01
  0.2333166666667E+02  0.6397636E+00  0.9531149E-01 -0.1089366E-01  0.3483564E-03  0.1424632E+00 -0.2110407E-01
  0.2336500000000E+02  0.6429388E+00  0.9525567E-01 -0.1088080E-01  0.3858333E-03  0.1417498E+00 -0.2139940E-01
  0.2339833333333E+02  0.6461119E+00  0.9519413E-01 -0.1086668E-01  0.4234767E-03  0.1410270E+00 -0.2168591E-01
  0.2343166666667E+02  0.6492828E+00  0.9512585E-01 -0.1085131E-01  0.4612150E-03  0.1402949E+00 -0.2196281E-01
  0.2346500000000E+02  0.6524511E+00  0.9504989E-01 -0.1083468E-01  0.4989569E-03  0.1395539E+00 -0.2222939E-01
  0.2349833333333E+02  0.6556166E+00  0.9496546E-01 -0.1081679E-01  0.5365969E-03  0.1388044E+00 -0.2248503E-01
  0.2353166666667E+02  0.6587790E+00  0.9487202E-01 -0.1079766E-01  0.5740214E-03  0.1380468E+00 -0.2272932E-01
  0.2356500000000E+02  0.6619380E+00  0.9476925E-01 -0.1077729E-01  0.6111144E-03  0.1372814E+00 -0.2296207E-01
  0.2359833333333E+02  0.6650933E+00  0.9465716E-01 -0.1075569E-01  0.6477641E-03  0.1365086E+00 -0.2318333E-01
  0.2363166666667E+02  0.6682445E+00  0.9453598E-01 -0.1073290E-01  0.6838699E-03  0.1357288E+00 -0.2339339E-01
  0.2366500000000E+02  0.6713913E+00  0.9440622E-01 -0.1070892E-01  0.7193493E-03  0.1349424E+00 -0.2359278E-01
  0.2369833333333E+02  0.6745336E+00  0.9426858E-01 -0.1068378E-01  0.7541469E-03  0.1341496E+00 -0.2378218E-01
  0.2373166666667E+02  0.6776711E+00  0.9412395E-01 -0.1065751E-01  0.7882430E-03  0.1333509E+00 -0.2396242E-01
  0.2376500000000E+02  0.6808035E+00  0.9397330E-01 -0.1063012E-01  0.8216620E-03  0.1325464E+00 -0.2413442E-01
  0.2379833333333E+02  0.6839308E+00  0.9381768E-01 -0.1060164E-01  0.8544756E-03  0.1317364E+00 -0.2429906E-01
  0.2383166666667E+02  0.6870527E+00  0.9365807E-01 -0.1057208E-01  0.8867995E-03  0.1309212E+00 -0.2445722E-01
  0.2386500000000E+02  0.6901692E+00  0.9349533E-01 -0.1054145E-01  0.9187828E-03  0.1301009E+00 -0.2460963E-01
  0.2389833333333E+02  0.6932802E+00  0.9333010E-01 -0.1050976E-01  0.9505895E-03  0.1292757E+00 -0.2475682E-01
  0.2393166666667E+02  0.6963857E+00  0.9316272E-01 -0.1047702E-01  0.9823791E-03  0.1284457E+00 -0.2489915E-01
  0.2396500000000E+02  0.6994854E+00  0.9299322E-01 -0.1044321E-01  0.1014287E-02  0.1276111E+00 -0.2503668E-01
  0.2399833333333E+02  0.7025795E+00  0.9282128E-01 -0.1040833E-01  0.1046409E-02  0.1267721E+00 -0.2516928E-01
  0.2403166666667E+02  0.7056677E+00  0.9264630E-01 -0.1037237E-01  0.1078795E-02  0.1259289E+00 -0.2529654E-01
  0.2406500000000E+02  0.7087499E+00  0.9246747E-01 -0.1033532E-01  0.1111438E-02  0.1250817E+00 -0.2541792E-01
  0.2409833333333E+02  0.7118261E+00  0.9228381E-01 -0.1029718E-01  0.1144283E-02  0.1242306E+00 -0.2553273E-01
  0.2413166666667E+02  0.7148959E+00  0.9209434E-01 -0.1025794E-01  0.1177224E-02  0.1233759E+00 -0.2564023E-01
  0.2416500000000E+02  0.7179591E+00  0.9189812E-01 -0.1021760E-01  0.1210119E-02  0.1225179E+00 -0.2573972E-01
  0.2419833333333E+02  0.7210156E+00  0.9169435E-01 -0.1017617E-01  0.1242794E-02  0.1216569E+00 -0.2583057E-01
  0.2423166666667E+02  0.7240650E+00  0.9148243E-01 -0.1013367E-01  0.1275064E-02  0.1207931E+00 -0.2591232E-01
  0.2426500000000E+02  0.7271071E+00  0.9126203E-01 -0.1009011E-01  0.1306739E-02  0.1199270E+00 -0.2598473E-01
  0.2429833333333E+02  0.7301415E+00  0.9103308E-01 -0.1004552E-01  0.1337641E-02  0.1190587E+00 -0.2604777E-01
  0.2433166666667E+02  0.7331681E+00  0.9079581E-01 -0.9999938E-02  0.1367614E-02  0.1181887E+00 -0.2610167E-01
  0.2436500000000E+02  0.7361864E+00  0.9055071E-01 -0.9953387E-02  0.1396538E-02  0.1173171E+00 -0.2614689E-01
  0.2439833333333E+02  0.7391964E+00  0.9029853E-01 -0.9905908E-02  0.1424344E-02  0.1164443E+00 -0.2618407E-01
  0.2443166666667E+02  0.7421977E+00  0.9004018E-01 -0.9857541E-02  0.1451018E-02  0.1155705E+00 -0.2621399E-01
  0.2446500000000E+02  0.7451903E+00  0.8977674E-01 -0.9808321E-02  0.1476613E-02  0.1146959E+00 -0.2623754E-01
  0.2449833333333E+02  0.7481739E+00  0.8950928E-01 -0.9758279E-02  0.1501246E-02  0.1138207E+00 -0.2625561E-01
  0.2453166666667E+02  0.7511485E+00  0.8923885E-01 -0.9707443E-02  0.1525083E-02  0.1129451E+00 -0.2626905E-01
  0.2456500000000E+02  0.7541141E+00  0.8896633E-01 -0.9655832E-02  0.1548325E-02  0.1120691E+00 -0.2627861E-01
  0.2459833333333E+02  0.7570705E+00  0.8869237E-01 -0.9603460E-02  0.1571180E-02  0.1111930E+00 -0.2628485E-01
  0.2463166666667E+02  0.7600177E+00  0.8841732E-01 -0.9550331E-02  0.1593844E-02  0.1103167E+00 -0.2628816E-01
  0.2466500000000E+02  0.7629558E+00  0.8814121E-01 -0.9496449E-02  0.1616477E-02  0.1094404E+00 -0.2628870E-01
  0.2469833333333E+02  0.7658846E+00  0.8786378E-01 -0.9441809E-02  0.1639189E-02  0.1085642E+00 -0.2628640E-01
  0.2473166666667E+02  0.7688041E+00  0.8758452E-01 -0.9386408E-02  0.1662035E-02  0.1076882E+00 -0.2628103E-01
  0.2476500000000E+02  0.7717141E+00  0.8730270E-01 -0.9330241E-02  0.1685003E-02  0.1068124E+00 -0.2627218E-01
  0.2479833333333E+02  0.7746147E+00  0.8701752E-01 -0.9273307E-02  0.1708026E-02  0.1059371E+00 -0.2625936E-01
  0.2483166666667E+02  0.7775057E+00  0.8672813E-01 -0.9215608E-02  0.1730984E-02  0.1050624E+00 -0.2624201E-01
  0.2486500000000E+02  0.7803868E+00  0.8643374E-01 -0.9157150E-02  0.1753719E-02  0.1041884E+00 -0.2621962E-01
  0.2489833333333E+02  0.7832579E+00  0.8613369E-01 -0.9097949E-02  0.1776049E-02  0.1033153E+00 -0.2619172E-01
  0.2493166666667E+02  0.7861188E+00  0.8582750E-01 -0.9038023E-02  0.1797784E-02  0.1024434E+00 -0.2615797E-01
  0.2496500000000E+02  0.7889693E+00  0.8551492E-01 -0.8977398E-02  0.1818741E-02  0.1015728E+00 -0.2611819E-01
  0.2499833333333E+02  0.7918092E+00  0.8519598E-01 -0.8916106E-02  0.1838756E-02  0.1007037E+00 -0.2607239E-01
  0.2503166666667E+02  0.7946382E+00  0.8487094E-01 -0.8854183E-02  0.1857700E-02  0.9983637E-01 -0.2602075E-01
  0.2506500000000E+02  0.7974562E+00  0.8454036E-01 -0.8791667E-02  0.1875486E-02  0.9897092E-01 -0.2596363E-01
  0.2509833333333E+02  0.8002631E+00  0.8420498E-01 -0.8728597E-02  0.1892084E-02  0.9810753E-01 -0.2590153E-01
  0.2513166666667E+02  0.8030586E+00  0.8386572E-01 -0.8665013E-02  0.1907525E-02  0.9724636E-01 -0.2583505E-01
  0.2516500000000E+02  0.8058427E+00  0.8352356E-01 -0.8600950E-02  0.1921900E-02  0.9638754E-01 -0.2576485E-01
  0.2519833333333E+02  0.8086154E+00  0.8317951E-01 -0.8536438E-02  0.1935351E-02  0.9553115E-01 -0.2569160E-01
  0.2523166666667E+02  0.8113765E+00  0.8283448E-01 -0.8471503E-02  0.1948058E-02  0.9467728E-01 -0.2561592E-01
  0.2526500000000E+02  0.8141262E+00  0.8248920E-01 -0.8406162E-02  0.1960217E-02  0.9382601E-01 -0.2553834E-01
  0.2529833333333E+02  0.8168643E+00  0.8214417E-01 -0.8340428E-02  0.1972018E-02  0.9297736E-01 -0.2545926E-01
  0.2533166666667E+02  0.8195910E+00  0.8179962E-01 -0.8274307E-02  0.1983625E-02  0.9213140E-01 -0.2537891E-01
  0.2536500000000E+02  0.8223061E+00  0.8145554E-01 -0.8207802E-02  0.1995164E-02  0.9128815E-01 -0.2529740E-01
  0.2539833333333E+02  0.8250099E+00  0.8111165E-01 -0.8140912E-02  0.2006707E-02  0.9044767E-01 -0.2521467E-01
  0.2543166666667E+02  0.8277021E+00  0.8076751E-01 -0.8073636E-02  0.2018272E-02  0.8960998E-01 -0.2513053E-01
  0.2546500000000E+02  0.8303829E+00  0.8042252E-01 -0.8005975E-02  0.2029823E-02  0.8877516E-01 -0.2504471E-01
  0.2549833333333E+02  0.8330521E+00  0.8007602E-01 -0.7937933E-02  0.2041270E-02  0.8794326E-01 -0.2495687E-01
  0.2553166666667E+02  0.8357096E+00  0.7972734E-01 -0.7869516E-02  0.2052488E-02  0.8711437E-01 -0.2486665E-01
  0.2556500000000E+02  0.8383555E+00  0.7937585E-01 -0.7800739E-02  0.2063325E-02  0.8628858E-01 -0.2477369E-01
  0.2559833333333E+02  0.8409895E+00  0.7902104E-01 -0.7731618E-02  0.2073619E-02  0.8546599E-01 -0.2467771E-01
  0.2563166666667E+02  0.8436116E+00  0.7866256E-01 -0.7662178E-02  0.2083209E-02  0.8464671E-01 -0.2457850E-01
  0.2566500000000E+02  0.8462216E+00  0.7830024E-01 -0.7592446E-02  0.2091951E-02  0.8383084E-01 -0.2447598E-01
  0.2569833333333E+02  0.8488194E+00  0.7793415E-01 -0.7522455E-02  0.2099726E-02  0.8301851E-01 -0.2437016E-01
  0.2573166666667E+02  0.8514049E+00  0.7756459E-01 -0.7452240E-02  0.2106453E-02  0.8220980E-01 -0.2426120E-01
  0.2576500000000E+02  0.8539780E+00  0.7719204E-01 -0.7381837E-02  0.2112097E-02  0.8140482E-01 -0.2414936E-01
  0.2579833333333E+02  0.8565386E+00  0.7681716E-01 -0.7311281E-02  0.2116674E-02  0.8060365E-01 -0.2403499E-01
  0.2583166666667E+02  0.8590866E+00  0.7644070E-01 -0.7240606E-02  0.2120254E-02  0.7980637E-01 -0.2391851E-01
  0.2586500000000E+02  0.8616220E+00  0.7606348E-01 -0.7169841E-02  0.2122952E-02  0.7901302E-01 -0.2380036E-01
  0.2589833333333E+02  0.8641449E+00  0.7568624E-01 -0.7099011E-02  0.2124918E-02  0.7822366E-01 -0.2368095E-01
  0.2593166666667E+02  0.8666552E+00  0.7530963E-01 -0.7028133E-02  0.2126317E-02  0.7743830E-01 -0.2356066E-01
  0.2596500000000E+02  0.8691530E+00  0.7493414E-01 -0.6957223E-02  0.2127317E-02  0.7665698E-01 -0.2343981E-01
  0.2599833333333E+02  0.8716384E+00  0.7456006E-01 -0.6886287E-02  0.2128066E-02  0.7587969E-01 -0.2331859E-01
  0.2603166666667E+02  0.8741113E+00  0.7418746E-01 -0.6815331E-02  0.2128681E-02  0.7510645E-01 -0.2319713E-01
  0.2606500000000E+02  0.8765718E+00  0.7381625E-01 -0.6744357E-02  0.2129237E-02  0.7433727E-01 -0.2307543E-01
  0.2609833333333E+02  0.8790200E+00  0.7344614E-01 -0.6673364E-02  0.2129765E-02  0.7357216E-01 -0.2295341E-01
  0.2613166666667E+02  0.8814559E+00  0.7307675E-01 -0.6602356E-02  0.2130247E-02  0.7281113E-01 -0.2283094E-01
  0.2616500000000E+02  0.8838795E+00  0.7270761E-01 -0.6531335E-02  0.2130623E-02  0.7205420E-01 -0.2270781E-01
  0.2619833333333E+02  0.8862908E+00  0.7233821E-01 -0.6460309E-02  0.2130798E-02  0.7130141E-01 -0.2258380E-01
  0.2623166666667E+02  0.8886897E+00  0.7196804E-01 -0.6389287E-02  0.2130657E-02  0.7055278E-01 -0.2245868E-01
  0.2626500000000E+02  0.8910763E+00  0.7159665E-01 -0.6318284E-02  0.2130073E-02  0.6980838E-01 -0.2233225E-01
  0.2629833333333E+02  0.8934504E+00  0.7122369E-01 -0.6247320E-02  0.2128921E-02  0.6906823E-01 -0.2220435E-01
  0.2633166666667E+02  0.8958120E+00  0.7084897E-01 -0.6176417E-02  0.2127086E-02  0.6833240E-01 -0.2207490E-01
  0.2636500000000E+02  0.8981611E+00  0.7047244E-01 -0.6105602E-02  0.2124475E-02  0.6760094E-01 -0.2194389E-01
  0.2639833333333E+02  0.9004976E+00  0.7009426E-01 -0.6034901E-02  0.2121024E-02  0.6687389E-01 -0.2181139E-01
  0.2643166666667E+02  0.9028214E+00  0.6971474E-01 -0.5964344E-02  0.2116704E-02  0.6615131E-01 -0.2167755E-01
  0.2646500000000E+02  0.9051326E+00  0.6933435E-01 -0.5893960E-02  0.2111530E-02  0.6543322E-01 -0.2154260E-01
  0.2649833333333E+02  0.9074310E+00  0.6895364E-01 -0.5823774E-02  0.2105557E-02  0.6471966E-01 -0.2140679E-01
  0.2653166666667E+02  0.9097168E+00  0.6857321E-01 -0.5753812E-02  0.2098879E-02  0.6401065E-01 -0.2127040E-01
  0.2656500000000E+02  0.9119899E+00  0.6819365E-01 -0.5684091E-02  0.2091614E-02  0.6330619E-01 -0.2113372E-01
  0.2659833333333E+02  0.9142504E+00  0.6781548E-01 -0.5614628E-02  0.2083900E-02  0.6260629E-01 -0.2099700E-01
  0.2663166666667E+02  0.9164984E+00  0.6743908E-01 -0.5545432E-02  0.2075869E-02  0.6191094E-01 -0.2086044E-01
  0.2666500000000E+02  0.9187339E+00  0.6706472E-01 -0.5476511E-02  0.2067644E-02  0.6122013E-01 -0.2072421E-01
  0.2669833333333E+02  0.9209570E+00  0.6669248E-01 -0.5407867E-02  0.2059322E-02  0.6053386E-01 -0.2058838E-01
  0.2673166666667E+02  0.9231677E+00  0.6632233E-01 -0.5339501E-02  0.2050968E-02  0.5985209E-01 -0.2045297E-01
  0.2676500000000E+02  0.9253662E+00  0.6595411E-01 -0.5271414E-02  0.2042609E-02  0.5917483E-01 -0.2031795E-01
  0.2679833333333E+02  0.9275524E+00  0.6558754E-01 -0.5203606E-02  0.2034234E-02  0.5850205E-01 -0.2018322E-01
  0.2683166666667E+02  0.9297265E+00  0.6522228E-01 -0.5136080E-02  0.2025799E-02  0.5783376E-01 -0.2004866E-01
  0.2686500000000E+02  0.9318884E+00  0.6485795E-01 -0.5068839E-02  0.2017231E-02  0.5716996E-01 -0.1991412E-01
  0.2689833333333E+02  0.9340382E+00  0.6449414E-01 -0.5001891E-02  0.2008444E-02  0.5651064E-01 -0.1977944E-01
  0.2693166666667E+02  0.9361759E+00  0.6413047E-01 -0.4935246E-02  0.1999339E-02  0.5585583E-01 -0.1964449E-01
  0.2696500000000E+02  0.9383015E+00  0.6376665E-01 -0.4868919E-02  0.1989820E-02  0.5520552E-01 -0.1950914E-01
  0.2699833333333E+02  0.9404149E+00  0.6340247E-01 -0.4802925E-02  0.1979801E-02  0.5455975E-01 -0.1937333E-01
  0.2703166666667E+02  0.9425162E+00  0.6303786E-01 -0.4737285E-02  0.1969210E-02  0.5391851E-01 -0.1923704E-01
  0.2706500000000E+02  0.9446053E+00  0.6267292E-01 -0.4672018E-02  0.1957999E-02  0.5328183E-01 -0.1910031E-01
  0.2709833333333E+02  0.9466822E+00  0.6230785E-01 -0.4607147E-02  0.1946148E-02  0.5264973E-01 -0.1896323E-01
  0.2713166666667E+02  0.9487469E+00  0.6194299E-01 -0.4542691E-02  0.1933670E-02  0.5202219E-01 -0.1882594E-01
  0.2716500000000E+02  0.9507996E+00  0.6157875E-01 -0.4478671E-02  0.1920613E-02  0.5139924E-01 -0.1868861E-01
  0.2719833333333E+02  0.9528401E+00  0.6121558E-01 -0.4415102E-02  0.1907052E-02  0.5078086E-01 -0.1855142E-01
  0.2723166666667E+02  0.9548686E+00  0.6085393E-01 -0.4352000E-02  0.1893081E-02  0.5016704E-01 -0.1841456E-01
  0.2726500000000E+02  0.9568850E+00  0.6049418E-01 -0.4289373E-02  0.1878810E-02  0.4955777E-01 -0.1827820E-01
  0.2729833333333E+02  0.9588896E+00  0.6013664E-01 -0.4227228E-02  0.1864343E-02  0.4895302E-01 -0.1814246E-01
  0.2733166666667E+02  0.9608823E+00  0.5978150E-01 -0.4165569E-02  0.1849777E-02  0.4835277E-01 -0.1800746E-01
  0.2736500000000E+02  0.9628633E+00  0.5942885E-01 -0.4104396E-02  0.1835188E-02  0.4775700E-01 -0.1787325E-01
  0.2739833333333E+02  0.9648325E+00  0.5907867E-01 -0.4043708E-02  0.1820626E-02  0.4716567E-01 -0.1773982E-01
  0.2743166666667E+02  0.9667902E+00  0.5873085E-01 -0.3983504E-02  0.1806109E-02  0.4657876E-01 -0.1760717E-01
  0.2746500000000E+02  0.9687364E+00  0.5838518E-01 -0.3923783E-02  0.1791630E-02  0.4599625E-01 -0.1747523E-01
  0.2749833333333E+02  0.9706711E+00  0.5804140E-01 -0.3864545E-02  0.1777151E-02  0.4541813E-01 -0.1734389E-01
  0.2753166666667E+02  0.9725944E+00  0.5769921E-01 -0.3805791E-02  0.1762619E-02  0.4484436E-01 -0.1721307E-01
  0.2756500000000E+02  0.9745064E+00  0.5735828E-01 -0.3747526E-02  0.1747965E-02  0.4427493E-01 -0.1708264E-01
  0.2759833333333E+02  0.9764070E+00  0.5701828E-01 -0.3689755E-02  0.1733116E-02  0.4370985E-01 -0.1695251E-01
  0.2763166666667E+02  0.9782963E+00  0.5667897E-01 -0.3632488E-02  0.1718000E-02  0.4314910E-01 -0.1682258E-01
  0.2766500000000E+02  0.9801743E+00  0.5634016E-01 -0.3575737E-02  0.1702550E-02  0.4259267E-01 -0.1669280E-01
  0.2769833333333E+02  0.9820410E+00  0.5600180E-01 -0.3519513E-02  0.1686713E-02  0.4204057E-01 -0.1656317E-01
  0.2773166666667E+02  0.9838965E+00  0.5566393E-01 -0.3463831E-02  0.1670455E-02  0.4149278E-01 -0.1643369E-01
  0.2776500000000E+02  0.9857407E+00  0.5532671E-01 -0.3408706E-02  0.1653764E-02  0.4094930E-01 -0.1630444E-01
  0.2779833333333E+02  0.9875737E+00  0.5499039E-01 -0.3354151E-02  0.1636654E-02  0.4041011E-01 -0.1617550E-01
  0.2783166666667E+02  0.9893956E+00  0.5465529E-01 -0.3300178E-02  0.1619167E-02  0.3987521E-01 -0.1604698E-01
  0.2786500000000E+02  0.9912063E+00  0.5432173E-01 -0.3246800E-02  0.1601363E-02  0.3934458E-01 -0.1591902E-01
  0.2789833333333E+02  0.9930060E+00  0.5399004E-01 -0.3194022E-02  0.1583323E-02  0.3881819E-01 -0.1579172E-01
  0.2793166666667E+02  0.9947946E+00  0.5366046E-01 -0.3141851E-02  0.1565132E-02  0.3829601E-01 -0.1566520E-01
  0.2796500000000E+02  0.9965724E+00  0.5333319E-01 -0.3090288E-02  0.1546878E-02  0.3777803E-01 -0.1553952E-01
  0.2799833333333E+02  0.9983394E+00  0.5300832E-01 -0.3039334E-02  0.1528641E-02  0.3726421E-01 -0.1541476E-01
  0.2803166666667E+02  0.1000096E+01  0.5268584E-01 -0.2988984E-02  0.1510486E-02  0.3675451E-01 -0.1529093E-01
  0.2806500000000E+02  0.1001841E+01  0.5236563E-01 -0.2939236E-02  0.1492460E-02  0.3624891E-01 -0.1516801E-01
  0.2809833333333E+02  0.1003576E+01  0.5204749E-01 -0.2890083E-02  0.1474589E-02  0.3574738E-01 -0.1504596E-01
  0.2813166666667E+02  0.1005300E+01  0.5173115E-01 -0.2841520E-02  0.1456877E-02  0.3524988E-01 -0.1492472E-01
  0.2816500000000E+02  0.1007014E+01  0.5141629E-01 -0.2793543E-02  0.1439305E-02  0.3475641E-01 -0.1480420E-01
  0.2819833333333E+02  0.1008718E+01  0.5110255E-01 -0.2746148E-02  0.1421842E-02  0.3426693E-01 -0.1468431E-01
  0.2823166666667E+02  0.1010411E+01  0.5078960E-01 -0.2699334E-02  0.1404439E-02  0.3378144E-01 -0.1456494E-01
  0.2826500000000E+02  0.1012093E+01  0.5047713E-01 -0.2653099E-02  0.1387042E-02  0.3329990E-01 -0.1444602E-01
  0.2829833333333E+02  0.1013765E+01  0.5016492E-01 -0.2607446E-02  0.1369596E-02  0.3282232E-01 -0.1432747E-01
  0.2833166666667E+02  0.1015427E+01  0.4985284E-01 -0.2562378E-02  0.1352047E-02  0.3234868E-01 -0.1420926E-01
  0.2836500000000E+02  0.1017078E+01  0.4954082E-01 -0.2517899E-02  0.1334351E-02  0.3187897E-01 -0.1409136E-01
  0.2839833333333E+02  0.1018719E+01  0.4922895E-01 -0.2474017E-02  0.1316479E-02  0.3141317E-01 -0.1397381E-01
  0.2843166666667E+02  0.1020350E+01  0.4891736E-01 -0.2430736E-02  0.1298419E-02  0.3095129E-01 -0.1385663E-01
  0.2846500000000E+02  0.1021970E+01  0.4860627E-01 -0.2388063E-02  0.1280177E-02  0.3049329E-01 -0.1373990E-01
  0.2849833333333E+02  0.1023580E+01  0.4829592E-01 -0.2346004E-02  0.1261780E-02  0.3003917E-01 -0.1362368E-01
  0.2853166666667E+02  0.1025180E+01  0.4798658E-01 -0.2304562E-02  0.1243272E-02  0.2958890E-01 -0.1350806E-01
  0.2856500000000E+02  0.1026769E+01  0.4767849E-01 -0.2263738E-02  0.1224710E-02  0.2914246E-01 -0.1339311E-01
  0.2859833333333E+02  0.1028348E+01  0.4737186E-01 -0.2223533E-02  0.1206155E-02  0.2869983E-01 -0.1327891E-01
  0.2863166666667E+02  0.1029917E+01  0.4706682E-01 -0.2183944E-02  0.1187671E-02  0.2826098E-01 -0.1316549E-01
  0.2866500000000E+02  0.1031476E+01  0.4676343E-01 -0.2144967E-02  0.1169315E-02  0.2782588E-01 -0.1305289E-01
  0.2869833333333E+02  0.1033024E+01  0.4646164E-01 -0.2106596E-02  0.1151133E-02  0.2739451E-01 -0.1294111E-01
  0.2873166666667E+02  0.1034563E+01  0.4616135E-01 -0.2068824E-02  0.1133155E-02  0.2696684E-01 -0.1283012E-01
  0.2876500000000E+02  0.1036092E+01  0.4586237E-01 -0.2031644E-02  0.1115395E-02  0.2654285E-01 -0.1271988E-01
  0.2879833333333E+02  0.1037611E+01  0.4556445E-01 -0.1995049E-02  0.1097851E-02  0.2612250E-01 -0.1261034E-01
  0.2883166666667E+02  0.1039120E+01  0.4526730E-01 -0.1959032E-02  0.1080502E-02  0.2570579E-01 -0.1250141E-01
  0.2886500000000E+02  0.1040619E+01  0.4497063E-01 -0.1923588E-02  0.1063320E-02  0.2529269E-01 -0.1239303E-01
  0.2889833333333E+02  0.1042108E+01  0.4467416E-01 -0.1888713E-02  0.1046263E-02  0.2488318E-01 -0.1228511E-01
  0.2893166666667E+02  0.1043587E+01  0.4437764E-01 -0.1854403E-02  0.1029288E-02  0.2447726E-01 -0.1217760E-01
  0.2896500000000E+02  0.1045056E+01  0.4408090E-01 -0.1820658E-02  0.1012349E-02  0.2407492E-01 -0.1207043E-01
  0.2899833333333E+02  0.1046516E+01  0.4378386E-01 -0.1787478E-02  0.9954062E-03  0.2367613E-01 -0.1196359E-01
  0.2903166666667E+02  0.1047965E+01  0.4348650E-01 -0.1754864E-02  0.9784267E-03  0.2328090E-01 -0.1185706E-01
  0.2906500000000E+02  0.1049405E+01  0.4318890E-01 -0.1722817E-02  0.9613895E-03  0.2288920E-01 -0.1175085E-01
  0.2909833333333E+02  0.1050835E+01  0.4289120E-01 -0.1691341E-02  0.9442878E-03  0.2250103E-01 -0.1164501E-01
  0.2913166666667E+02  0.1052255E+01  0.4259356E-01 -0.1660437E-02  0.9271307E-03  0.2211638E-01 -0.1153956E-01
  0.2916500000000E+02  0.1053664E+01  0.4229621E-01 -0.1630105E-02  0.9099421E-03  0.2173523E-01 -0.1143458E-01
  0.2919833333333E+02  0.1055064E+01  0.4199933E-01 -0.1600347E-02  0.8927586E-03  0.2135756E-01 -0.1133010E-01
  0.2923166666667E+02  0.1056454E+01  0.4170312E-01 -0.1571159E-02  0.8756260E-03  0.2098335E-01 -0.1122617E-01
  0.2926500000000E+02  0.1057835E+01  0.4140770E-01 -0.1542539E-02  0.8585938E-03  0.2061259E-01 -0.1112284E-01
  0.2929833333333E+02  0.1059205E+01  0.4111315E-01 -0.1514482E-02  0.8417105E-03  0.2024525E-01 -0.1102013E-01
  0.2933166666667E+02  0.1060566E+01  0.4081948E-01 -0.1486982E-02  0.8250188E-03  0.1988132E-01 -0.1091804E-01
  0.2936500000000E+02  0.1061917E+01  0.4052662E-01 -0.1460030E-02  0.8085520E-03  0.1952077E-01 -0.1081656E-01
  0.2939833333333E+02  0.1063258E+01  0.4023445E-01 -0.1433619E-02  0.7923311E-03  0.1916358E-01 -0.1071567E-01
  0.2943166666667E+02  0.1064589E+01  0.3994278E-01 -0.1407740E-02  0.7763641E-03  0.1880973E-01 -0.1061533E-01
  0.2946500000000E+02  0.1065911E+01  0.3965139E-01 -0.1382385E-02  0.7606461E-03  0.1845922E-01 -0.1051548E-01
  0.2949833333333E+02  0.1067223E+01  0.3936004E-01 -0.1357547E-02  0.7451609E-03  0.1811202E-01 -0.1041607E-01
  0.2953166666667E+02  0.1068525E+01  0.3906849E-01 -0.1333217E-02  0.7298833E-03  0.1776811E-01 -0.1031702E-01
  0.2956500000000E+02  0.1069818E+01  0.3877650E-01 -0.1309391E-02  0.7147817E-03  0.1742751E-01 -0.1021830E-01
  0.2959833333333E+02  0.1071101E+01  0.3848391E-01 -0.1286064E-02  0.6998217E-03  0.1709018E-01 -0.1011984E-01
  0.2963166666667E+02  0.1072374E+01  0.3819060E-01 -0.1263231E-02  0.6849689E-03  0.1675612E-01 -0.1002161E-01
  0.2966500000000E+02  0.1073637E+01  0.3789653E-01 -0.1240892E-02  0.6701924E-03  0.1642534E-01 -0.9923598E-02
  0.2969833333333E+02  0.1074890E+01  0.3760170E-01 -0.1219043E-02  0.6554681E-03  0.1609781E-01 -0.9825800E-02
  0.2973166666667E+02  0.1076134E+01  0.3730621E-01 -0.1197683E-02  0.6407810E-03  0.1577354E-01 -0.9728227E-02
  0.2976500000000E+02  0.1077367E+01  0.3701018E-01 -0.1176813E-02  0.6261278E-03  0.1545251E-01 -0.9630903E-02
  0.2979833333333E+02  0.1078591E+01  0.3671377E-01 -0.1156429E-02  0.6115168E-03  0.1513471E-01 -0.9533860E-02
  0.2983166666667E+02  0.1079805E+01  0.3641715E-01 -0.1136530E-02  0.5969678E-03  0.1482014E-01 -0.9437134E-02
  0.2986500000000E+02  0.1081009E+01  0.3612048E-01 -0.1117113E-02  0.5825096E-03  0.1450878E-01 -0.9340763E-02
  0.2989833333333E+02  0.1082203E+01  0.3582390E-01 -0.1098173E-02  0.5681769E-03  0.1420062E-01 -0.9244776E-02
  0.2993166666667E+02  0.1083388E+01  0.3552750E-01 -0.1079707E-02  0.5540066E-03  0.1389565E-01 -0.9149197E-02
  0.2996500000000E+02  0.1084562E+01  0.3523133E-01 -0.1061705E-02  0.5400337E-03  0.1359385E-01 -0.9054038E-02
  0.2999833333333E+02  0.1085726E+01  0.3493540E-01 -0.1044163E-02  0.5262884E-03  0.1329520E-01 -0.8959300E-02
  0.3003166666667E+02  0.1086881E+01  0.3463965E-01 -0.1027069E-02  0.5127932E-03  0.1299970E-01 -0.8864974E-02
  0.3006500000000E+02  0.1088026E+01  0.3434398E-01 -0.1010417E-02  0.4995613E-03  0.1270734E-01 -0.8771037E-02
  0.3009833333333E+02  0.1089161E+01  0.3404825E-01 -0.9941975E-03  0.4865964E-03  0.1241809E-01 -0.8677458E-02
  0.3013166666667E+02  0.1090286E+01  0.3375230E-01 -0.9784011E-03  0.4738930E-03  0.1213195E-01 -0.8584201E-02
  0.3016500000000E+02  0.1091401E+01  0.3345595E-01 -0.9630198E-03  0.4614377E-03  0.1184891E-01 -0.8491224E-02
  0.3019833333333E+02  0.1092506E+01  0.3315903E-01 -0.9480461E-03  0.4492110E-03  0.1156896E-01 -0.8398485E-02
  0.3023166666667E+02  0.1093602E+01  0.3286138E-01 -0.9334731E-03  0.4371892E-03  0.1129209E-01 -0.8305946E-02
  0.3026500000000E+02  0.1094687E+01  0.3256290E-01 -0.9192949E-03  0.4253467E-03  0.1101831E-01 -0.8213575E-02
  0.3029833333333E+02  0.1095763E+01  0.3226350E-01 -0.9055063E-03  0.4136577E-03  0.1074760E-01 -0.8121351E-02
  0.3033166666667E+02  0.1096828E+01  0.3196318E-01 -0.8921030E-03  0.4020993E-03  0.1047995E-01 -0.8029261E-02
  0.3036500000000E+02  0.1097884E+01  0.3166198E-01 -0.8790813E-03  0.3906526E-03  0.1021538E-01 -0.7937306E-02
  0.3039833333333E+02  0.1098929E+01  0.3135997E-01 -0.8664377E-03  0.3793053E-03  0.9953860E-02 -0.7845495E-02
  0.3043166666667E+02  0.1099964E+01  0.3105727E-01 -0.8541693E-03  0.3680522E-03  0.9695398E-02 -0.7753846E-02
  0.3046500000000E+02  0.1100989E+01  0.3075404E-01 -0.8422728E-03  0.3568963E-03  0.9439986E-02 -0.7662385E-02
  0.3049833333333E+02  0.1102004E+01  0.3045042E-01 -0.8307445E-03  0.3458480E-03  0.9187614E-02 -0.7571140E-02
  0.3053166666667E+02  0.1103009E+01  0.3014657E-01 -0.8195804E-03  0.3349238E-03  0.8938276E-02 -0.7480138E-02
  0.3056500000000E+02  0.1104004E+01  0.2984264E-01 -0.8087756E-03  0.3241441E-03  0.8691963E-02 -0.7389408E-02
  0.3059833333333E+02  0.1104988E+01  0.2953875E-01 -0.7983246E-03  0.3135312E-03  0.8448664E-02 -0.7298973E-02
  0.3063166666667E+02  0.1105963E+01  0.2923499E-01 -0.7882210E-03  0.3031067E-03  0.8208369E-02 -0.7208850E-02
  0.3066500000000E+02  0.1106927E+01  0.2893143E-01 -0.7784580E-03  0.2928891E-03  0.7971067E-02 -0.7119052E-02
  0.3069833333333E+02  0.1107882E+01  0.2862810E-01 -0.7690283E-03  0.2828926E-03  0.7736747E-02 -0.7029585E-02
  0.3073166666667E+02  0.1108826E+01  0.2832500E-01 -0.7599241E-03  0.2731257E-03  0.7505399E-02 -0.6940448E-02
  0.3076500000000E+02  0.1109760E+01  0.2802212E-01 -0.7511377E-03  0.2635911E-03  0.7277011E-02 -0.6851636E-02
  0.3079833333333E+02  0.1110684E+01  0.2771940E-01 -0.7426615E-03  0.2542857E-03  0.7051573E-02 -0.6763137E-02
  0.3083166666667E+02  0.1111598E+01  0.2741678E-01 -0.7344881E-03  0.2452016E-03  0.6829076E-02 -0.6674936E-02
  0.3086500000000E+02  0.1112502E+01  0.2711419E-01 -0.7266106E-03  0.2363270E-03  0.6609508E-02 -0.6587016E-02
  0.3089833333333E+02  0.1113395E+01  0.2681154E-01 -0.7190223E-03  0.2276480E-03  0.6392863E-02 -0.6499356E-02
  0.3093166666667E+02  0.1114279E+01  0.2650877E-01 -0.7117173E-03  0.2191490E-03  0.6179132E-02 -0.6411938E-02
  0.3096500000000E+02  0.1115152E+01  0.2620580E-01 -0.7046902E-03  0.2108146E-03  0.5968307E-02 -0.6324744E-02
  0.3099833333333E+02  0.1116016E+01  0.2590260E-01 -0.6979358E-03  0.2026300E-03  0.5760382E-02 -0.6237760E-02
  0.3103166666667E+02  0.1116869E+01  0.2559915E-01 -0.6914498E-03  0.1945818E-03  0.5555349E-02 -0.6150978E-02
  0.3106500000000E+02  0.1117712E+01  0.2529547E-01 -0.6852278E-03  0.1866587E-03  0.5353203E-02 -0.6064395E-02
  0.3109833333333E+02  0.1118545E+01  0.2499162E-01 -0.6792661E-03  0.1788519E-03  0.5153936E-02 -0.5978014E-02
  0.3113166666667E+02  0.1119368E+01  0.2468767E-01 -0.6735609E-03  0.1711554E-03  0.4957541E-02 -0.5891844E-02
  0.3116500000000E+02  0.1120181E+01  0.2438372E-01 -0.6681087E-03  0.1635661E-03  0.4764011E-02 -0.5805899E-02
  0.3119833333333E+02  0.1120984E+01  0.2407990E-01 -0.6629059E-03  0.1560837E-03  0.4573337E-02 -0.5720198E-02
  0.3123166666667E+02  0.1121776E+01  0.2377634E-01 -0.6579489E-03  0.1487106E-03  0.4385512E-02 -0.5634761E-02
  0.3126500000000E+02  0.1122559E+01  0.2347318E-01 -0.6532339E-03  0.1414511E-03  0.4200525E-02 -0.5549611E-02
  0.3129833333333E+02  0.1123331E+01  0.2317056E-01 -0.6487568E-03  0.1343109E-03  0.4018366E-02 -0.5464771E-02
  0.3133166666667E+02  0.1124093E+01  0.2286862E-01 -0.6445136E-03  0.1272967E-03  0.3839024E-02 -0.5380265E-02
  0.3136500000000E+02  0.1124846E+01  0.2256749E-01 -0.6404998E-03  0.1204149E-03  0.3662487E-02 -0.5296115E-02
  0.3139833333333E+02  0.1125588E+01  0.2226728E-01 -0.6367108E-03  0.1136710E-03  0.3488742E-02 -0.5212341E-02
  0.3143166666667E+02  0.1126320E+01  0.2196810E-01 -0.6331418E-03  0.1070693E-03  0.3317777E-02 -0.5128962E-02
  0.3146500000000E+02  0.1127042E+01  0.2167004E-01 -0.6297880E-03  0.1006122E-03  0.3149577E-02 -0.5045994E-02
  0.3149833333333E+02  0.1127755E+01  0.2137318E-01 -0.6266447E-03  0.9429987E-04  0.2984128E-02 -0.4963450E-02
  0.3153166666667E+02  0.1128458E+01  0.2107761E-01 -0.6237070E-03  0.8813016E-04  0.2821417E-02 -0.4881345E-02
  0.3156500000000E+02  0.1129150E+01  0.2078337E-01 -0.6209704E-03  0.8209890E-04  0.2661427E-02 -0.4799687E-02
  0.3159833333333E+02  0.1129833E+01  0.2049052E-01 -0.6184304E-03  0.7620005E-04  0.2504144E-02 -0.4718487E-02
  0.3163166666667E+02  0.1130507E+01  0.2019910E-01 -0.6160829E-03  0.7042623E-04  0.2349553E-02 -0.4637750E-02
  0.3166500000000E+02  0.1131170E+01  0.1990915E-01 -0.6139239E-03  0.6476919E-04  0.2197637E-02 -0.4557482E-02
  0.3169833333333E+02  0.1131824E+01  0.1962069E-01 -0.6119499E-03  0.5922040E-04  0.2048381E-02 -0.4477687E-02
  0.3173166666667E+02  0.1132469E+01  0.1933375E-01 -0.6101575E-03  0.5377158E-04  0.1901768E-02 -0.4398369E-02
  0.3176500000000E+02  0.1133104E+01  0.1904833E-01 -0.6085437E-03  0.4841518E-04  0.1757784E-02 -0.4319530E-02
  0.3179833333333E+02  0.1133729E+01  0.1876446E-01 -0.6071055E-03  0.4314474E-04  0.1616412E-02 -0.4241171E-02
  0.3183166666667E+02  0.1134345E+01  0.1848214E-01 -0.6058403E-03  0.3795511E-04  0.1477635E-02 -0.4163293E-02
  0.3186500000000E+02  0.1134952E+01  0.1820139E-01 -0.6047456E-03  0.3284256E-04  0.1341438E-02 -0.4085898E-02
  0.3189833333333E+02  0.1135549E+01  0.1792222E-01 -0.6038187E-03  0.2780481E-04  0.1207806E-02 -0.4008988E-02
  0.3193166666667E+02  0.1136138E+01  0.1764463E-01 -0.6030574E-03  0.2284086E-04  0.1076720E-02 -0.3932564E-02
  0.3196500000000E+02  0.1136716E+01  0.1736866E-01 -0.6024590E-03  0.1795080E-04  0.9481657E-03 -0.3856631E-02
  0.3199833333333E+02  0.1137286E+01  0.1709433E-01 -0.6020212E-03  0.1313558E-04  0.8221259E-03 -0.3781193E-02
  0.3203166666667E+02  0.1137847E+01  0.1682166E-01 -0.6017413E-03  0.8396724E-05  0.6985841E-03 -0.3706254E-02
  0.3206500000000E+02  0.1138399E+01  0.1655070E-01 -0.6016167E-03  0.3736031E-05  0.5775234E-03 -0.3631823E-02
  0.3209833333333E+02  0.1138941E+01  0.1628148E-01 -0.6016449E-03 -0.8446298E-06  0.4589265E-03 -0.3557906E-02
  0.3213166666667E+02  0.1139475E+01  0.1601406E-01 -0.6018230E-03 -0.5343528E-05  0.3427760E-03 -0.3484514E-02
  0.3216500000000E+02  0.1140000E+01  0.1574848E-01 -0.6021483E-03 -0.9759214E-05  0.2290541E-03 -0.3411657E-02
  0.3219833333333E+02  0.1140516E+01  0.1548480E-01 -0.6026180E-03 -0.1409059E-04  0.1177427E-03 -0.3339344E-02
  0.3223166666667E+02  0.1141024E+01  0.1522309E-01 -0.6032292E-03 -0.1833695E-04  0.8823034E-05 -0.3267589E-02
  0.3226500000000E+02  0.1141523E+01  0.1496339E-01 -0.6039792E-03 -0.2249794E-04 -0.9772373E-04 -0.3196403E-02
  0.3229833333333E+02  0.1142013E+01  0.1470578E-01 -0.6048650E-03 -0.2657352E-04 -0.2019170E-03 -0.3125799E-02
  0.3233166666667E+02  0.1142494E+01  0.1445031E-01 -0.6058838E-03 -0.3056389E-04 -0.3037767E-03 -0.3055790E-02
  0.3236500000000E+02  0.1142968E+01  0.1419705E-01 -0.6070327E-03 -0.3446937E-04 -0.4033230E-03 -0.2986389E-02
  0.3239833333333E+02  0.1143433E+01  0.1394605E-01 -0.6083091E-03 -0.3829036E-04 -0.5005766E-03 -0.2917609E-02
  0.3243166666667E+02  0.1143889E+01  0.1369738E-01 -0.6097100E-03 -0.4202722E-04 -0.5955587E-03 -0.2849463E-02
  0.3246500000000E+02  0.1144337E+01  0.1345108E-01 -0.6112327E-03 -0.4568022E-04 -0.6882909E-03 -0.2781964E-02
  0.3249833333333E+02  0.1144778E+01  0.1320722E-01 -0.6128743E-03 -0.4924949E-04 -0.7787950E-03 -0.2715124E-02
  0.3253166666667E+02  0.1145210E+01  0.1296584E-01 -0.6146321E-03 -0.5273494E-04 -0.8670935E-03 -0.2648955E-02
  0.3256500000000E+02  0.1145634E+01  0.1272699E-01 -0.6165034E-03 -0.5613631E-04 -0.9532092E-03 -0.2583470E-02
  0.3259833333333E+02  0.1146050E+01  0.1249071E-01 -0.6184851E-03 -0.5945309E-04 -0.1037165E-02 -0.2518681E-02
  0.3263166666667E+02  0.1146459E+01  0.1225704E-01 -0.6205746E-03 -0.6268457E-04 -0.1118985E-02 -0.2454598E-02
  0.3266500000000E+02  0.1146860E+01  0.1202603E-01 -0.6227689E-03 -0.6582983E-04 -0.1198693E-02 -0.2391232E-02
  0.3269833333333E+02  0.1147253E+01  0.1179770E-01 -0.6250652E-03 -0.6888777E-04 -0.1276313E-02 -0.2328596E-02
  0.3273166666667E+02  0.1147639E+01  0.1157210E-01 -0.6274604E-03 -0.7185714E-04 -0.1351869E-02 -0.2266698E-02
  0.3276500000000E+02  0.1148017E+01  0.1134924E-01 -0.6299517E-03 -0.7473654E-04 -0.1425388E-02 -0.2205550E-02
  0.3279833333333E+02  0.1148388E+01  0.1112917E-01 -0.6325358E-03 -0.7752449E-04 -0.1496893E-02 -0.2145163E-02
  0.3283166666667E+02  0.1148752E+01  0.1091191E-01 -0.6352098E-03 -0.8021942E-04 -0.1566411E-02 -0.2085546E-02
  0.3286500000000E+02  0.1149108E+01  0.1069748E-01 -0.6379704E-03 -0.8281973E-04 -0.1633968E-02 -0.2026709E-02
  0.3289833333333E+02  0.1149458E+01  0.1048591E-01 -0.6408146E-03 -0.8532379E-04 -0.1699590E-02 -0.1968663E-02
  0.3293166666667E+02  0.1149801E+01  0.1027723E-01 -0.6437389E-03 -0.8772996E-04 -0.1763304E-02 -0.1911418E-02
  0.3296500000000E+02  0.1150136E+01  0.1007145E-01 -0.6467401E-03 -0.9003664E-04 -0.1825137E-02 -0.1854983E-02
  0.3299833333333E+02  0.1150465E+01  0.9868607E-02 -0.6498149E-03 -0.9224226E-04 -0.1885116E-02 -0.1799369E-02
  0.3303166666667E+02  0.1150788E+01  0.9668716E-02 -0.6529597E-03 -0.9434529E-04 -0.1943269E-02 -0.1744586E-02
  0.3306500000000E+02  0.1151103E+01  0.9471801E-02 -0.6561712E-03 -0.9634430E-04 -0.1999624E-02 -0.1690643E-02
  0.3309833333333E+02  0.1151413E+01  0.9277882E-02 -0.6594458E-03 -0.9823790E-04 -0.2054209E-02 -0.1637551E-02
  0.3313166666667E+02  0.1151715E+01  0.9086981E-02 -0.6627799E-03 -0.1000248E-03 -0.2107053E-02 -0.1585319E-02
  0.3316500000000E+02  0.1152012E+01  0.8899118E-02 -0.6661701E-03 -0.1017038E-03 -0.2158185E-02 -0.1533958E-02
  0.3319833333333E+02  0.1152303E+01  0.8714312E-02 -0.6696125E-03 -0.1032739E-03 -0.2207634E-02 -0.1483477E-02
  0.3323166666667E+02  0.1152587E+01  0.8532585E-02 -0.6731037E-03 -0.1047339E-03 -0.2255430E-02 -0.1433885E-02
  0.3326500000000E+02  0.1152865E+01  0.8353954E-02 -0.6766398E-03 -0.1060832E-03 -0.2301603E-02 -0.1385192E-02
  0.3329833333333E+02  0.1153138E+01  0.8178440E-02 -0.6802171E-03 -0.1073208E-03 -0.2346183E-02 -0.1337408E-02
  0.3333166666667E+02  0.1153405E+01  0.8006059E-02 -0.6838320E-03 -0.1084462E-03 -0.2389201E-02 -0.1290541E-02
  0.3336500000000E+02  0.1153666E+01  0.7836830E-02 -0.6874806E-03 -0.1094589E-03 -0.2430688E-02 -0.1244601E-02
  0.3339833333333E+02  0.1153922E+01  0.7670770E-02 -0.6911592E-03 -0.1103584E-03 -0.2470675E-02 -0.1199595E-02
  0.3343166666667E+02  0.1154172E+01  0.7507895E-02 -0.6948641E-03 -0.1111447E-03 -0.2509192E-02 -0.1155532E-02
  0.3346500000000E+02  0.1154417E+01  0.7348219E-02 -0.6985913E-03 -0.1118176E-03 -0.2546273E-02 -0.1112420E-02
  0.3349833333333E+02  0.1154657E+01  0.7191758E-02 -0.7023372E-03 -0.1123773E-03 -0.2581948E-02 -0.1070266E-02
  0.3353166666667E+02  0.1154891E+01  0.7038524E-02 -0.7060980E-03 -0.1128240E-03 -0.2616251E-02 -0.1029077E-02
  0.3356500000000E+02  0.1155121E+01  0.6888530E-02 -0.7098700E-03 -0.1131581E-03 -0.2649213E-02 -0.9888587E-03
  0.3359833333333E+02  0.1155346E+01  0.6741785E-02 -0.7136493E-03 -0.1133803E-03 -0.2680867E-02 -0.9496172E-03
  0.3363166666667E+02  0.1155566E+01  0.6598300E-02 -0.7174324E-03 -0.1134914E-03 -0.2711245E-02 -0.9113574E-03
  0.3366500000000E+02  0.1155781E+01  0.6458080E-02 -0.7212154E-03 -0.1134924E-03 -0.2740382E-02 -0.8740835E-03
  0.3369833333333E+02  0.1155992E+01  0.6321134E-02 -0.7249949E-03 -0.1133846E-03 -0.2768308E-02 -0.8377989E-03
  0.3373166666667E+02  0.1156198E+01  0.6187463E-02 -0.7287672E-03 -0.1131694E-03 -0.2795058E-02 -0.8025064E-03
  0.3376500000000E+02  0.1156400E+01  0.6057071E-02 -0.7325289E-03 -0.1128485E-03 -0.2820665E-02 -0.7682077E-03
  0.3379833333333E+02  0.1156597E+01  0.5929957E-02 -0.7362763E-03 -0.1124239E-03 -0.2845162E-02 -0.7349034E-03
  0.3383166666667E+02  0.1156791E+01  0.5806118E-02 -0.7400062E-03 -0.1118977E-03 -0.2868582E-02 -0.7025934E-03
  0.3386500000000E+02  0.1156981E+01  0.5685550E-02 -0.7437153E-03 -0.1112723E-03 -0.2890958E-02 -0.6712763E-03
  0.3389833333333E+02  0.1157166E+01  0.5568245E-02 -0.7474003E-03 -0.1105503E-03 -0.2912323E-02 -0.6409498E-03
  0.3393166666667E+02  0.1157348E+01  0.5454192E-02 -0.7510581E-03 -0.1097346E-03 -0.2932710E-02 -0.6116104E-03
  0.3396500000000E+02  0.1157526E+01  0.5343379E-02 -0.7546858E-03 -0.1088284E-03 -0.2952152E-02 -0.5832531E-03
  0.3399833333333E+02  0.1157701E+01  0.5235790E-02 -0.7582803E-03 -0.1078350E-03 -0.2970681E-02 -0.5558722E-03
  0.3403166666667E+02  0.1157872E+01  0.5131404E-02 -0.7618389E-03 -0.1067580E-03 -0.2988329E-02 -0.5294602E-03
  0.3406500000000E+02  0.1158039E+01  0.5030200E-02 -0.7653589E-03 -0.1056012E-03 -0.3005130E-02 -0.5040086E-03
  0.3409833333333E+02  0.1158204E+01  0.4932150E-02 -0.7688379E-03 -0.1043687E-03 -0.3021113E-02 -0.4795076E-03
  0.3413166666667E+02  0.1158365E+01  0.4837226E-02 -0.7722733E-03 -0.1030646E-03 -0.3036311E-02 -0.4559460E-03
  0.3416500000000E+02  0.1158523E+01  0.4745395E-02 -0.7756631E-03 -0.1016934E-03 -0.3050755E-02 -0.4333112E-03
  0.3419833333333E+02  0.1158678E+01  0.4656619E-02 -0.7790051E-03 -0.1002595E-03 -0.3064475E-02 -0.4115895E-03
  0.3423166666667E+02  0.1158831E+01  0.4570858E-02 -0.7822974E-03 -0.9876759E-04 -0.3077500E-02 -0.3907656E-03
  0.3426500000000E+02  0.1158980E+01  0.4488068E-02 -0.7855381E-03 -0.9722246E-04 -0.3089861E-02 -0.3708232E-03
  0.3429833333333E+02  0.1159127E+01  0.4408201E-02 -0.7887257E-03 -0.9562890E-04 -0.3101586E-02 -0.3517446E-03
  0.3433166666667E+02  0.1159272E+01  0.4331205E-02 -0.7918588E-03 -0.9399179E-04 -0.3112703E-02 -0.3335109E-03
  0.3436500000000E+02  0.1159414E+01  0.4257025E-02 -0.7949360E-03 -0.9231598E-04 -0.3123240E-02 -0.3161021E-03
  0.3439833333333E+02  0.1159553E+01  0.4185603E-02 -0.7979562E-03 -0.9060630E-04 -0.3133223E-02 -0.2994971E-03
  0.3443166666667E+02  0.1159690E+01  0.4116876E-02 -0.8009185E-03 -0.8886754E-04 -0.3142679E-02 -0.2836740E-03
  0.3446500000000E+02  0.1159825E+01  0.4050780E-02 -0.8038219E-03 -0.8710437E-04 -0.3151632E-02 -0.2686098E-03
  0.3449833333333E+02  0.1159958E+01  0.3987245E-02 -0.8066660E-03 -0.8532134E-04 -0.3160108E-02 -0.2542806E-03
  0.3453166666667E+02  0.1160089E+01  0.3926203E-02 -0.8094501E-03 -0.8352285E-04 -0.3168130E-02 -0.2406622E-03
  0.3456500000000E+02  0.1160218E+01  0.3867580E-02 -0.8121738E-03 -0.8171313E-04 -0.3175721E-02 -0.2277296E-03
  0.3459833333333E+02  0.1160345E+01  0.3811300E-02 -0.8148371E-03 -0.7989617E-04 -0.3182903E-02 -0.2154572E-03
  0.3463166666667E+02  0.1160470E+01  0.3757288E-02 -0.8174396E-03 -0.7807576E-04 -0.3189697E-02 -0.2038195E-03
  0.3466500000000E+02  0.1160594E+01  0.3705465E-02 -0.8199814E-03 -0.7625544E-04 -0.3196124E-02 -0.1927904E-03
  0.3469833333333E+02  0.1160716E+01  0.3655753E-02 -0.8224627E-03 -0.7443846E-04 -0.3202202E-02 -0.1823441E-03
  0.3473166666667E+02  0.1160836E+01  0.3608073E-02 -0.8248836E-03 -0.7262785E-04 -0.3207950E-02 -0.1724547E-03
  0.3476500000000E+02  0.1160955E+01  0.3562345E-02 -0.8272445E-03 -0.7082635E-04 -0.3213387E-02 -0.1630965E-03
  0.3479833333333E+02  0.1161072E+01  0.3518491E-02 -0.8295457E-03 -0.6903640E-04 -0.3218528E-02 -0.1542441E-03
  0.3483166666667E+02  0.1161188E+01  0.3476432E-02 -0.8317877E-03 -0.6726021E-04 -0.3223391E-02 -0.1458726E-03
  0.3486500000000E+02  0.1161302E+01  0.3436092E-02 -0.8339711E-03 -0.6549972E-04 -0.3227989E-02 -0.1379577E-03
  0.3489833333333E+02  0.1161416E+01  0.3397394E-02 -0.8360963E-03 -0.6375659E-04 -0.3232338E-02 -0.1304756E-03
  0.3493166666667E+02  0.1161528E+01  0.3360264E-02 -0.8381640E-03 -0.6203229E-04 -0.3236452E-02 -0.1234031E-03
  0.3496500000000E+02  0.1161638E+01  0.3324631E-02 -0.8401750E-03 -0.6032801E-04 -0.3240343E-02 -0.1167180E-03
  0.3499833333333E+02  0.1161748E+01  0.3290424E-02 -0.8421298E-03 -0.5864477E-04 -0.3244022E-02 -0.1103987E-03
  0.3503166666667E+02  0.1161857E+01  0.3257577E-02 -0.8440292E-03 -0.5698339E-04 -0.3247503E-02 -0.1044246E-03
  0.3506500000000E+02  0.1161964E+01  0.3226022E-02 -0.8458740E-03 -0.5534449E-04 -0.3250796E-02 -0.9877583E-04
  0.3509833333333E+02  0.1162071E+01  0.3195699E-02 -0.8476650E-03 -0.5372856E-04 -0.3253910E-02 -0.9343357E-04
  0.3513166666667E+02  0.1162176E+01  0.3166547E-02 -0.8494029E-03 -0.5213593E-04 -0.3256856E-02 -0.8837978E-04
  0.3516500000000E+02  0.1162281E+01  0.3138509E-02 -0.8510884E-03 -0.5056681E-04 -0.3259643E-02 -0.8359737E-04
  0.3519833333333E+02  0.1162385E+01  0.3111529E-02 -0.8527225E-03 -0.4902129E-04 -0.3262279E-02 -0.7907013E-04
  0.3523166666667E+02  0.1162488E+01  0.3085557E-02 -0.8543058E-03 -0.4749938E-04 -0.3264771E-02 -0.7478271E-04
  0.3526500000000E+02  0.1162590E+01  0.3060542E-02 -0.8558391E-03 -0.4600098E-04 -0.3267129E-02 -0.7072064E-04
  0.3529833333333E+02  0.1162691E+01  0.3036439E-02 -0.8573233E-03 -0.4452595E-04 -0.3269358E-02 -0.6687026E-04
  0.3533166666667E+02  0.1162791E+01  0.3013202E-02 -0.8587591E-03 -0.4307406E-04 -0.3271465E-02 -0.6321869E-04
  0.3536500000000E+02  0.1162891E+01  0.2990789E-02 -0.8601473E-03 -0.4164504E-04 -0.3273457E-02 -0.5975384E-04
  0.3539833333333E+02  0.1162990E+01  0.2969162E-02 -0.8614886E-03 -0.4023858E-04 -0.3275339E-02 -0.5646435E-04
  0.3543166666667E+02  0.1163088E+01  0.2948282E-02 -0.8627837E-03 -0.3885434E-04 -0.3277117E-02 -0.5333953E-04
  0.3546500000000E+02  0.1163186E+01  0.2928115E-02 -0.8640335E-03 -0.3749193E-04 -0.3278796E-02 -0.5036939E-04
  0.3549833333333E+02  0.1163283E+01  0.2908627E-02 -0.8652385E-03 -0.3615097E-04 -0.3280381E-02 -0.4754452E-04
  0.3553166666667E+02  0.1163379E+01  0.2889786E-02 -0.8663995E-03 -0.3483104E-04 -0.3281876E-02 -0.4485616E-04
  0.3556500000000E+02  0.1163475E+01  0.2871564E-02 -0.8675173E-03 -0.3353172E-04 -0.3283286E-02 -0.4229605E-04
  0.3559833333333E+02  0.1163570E+01  0.2853932E-02 -0.8685923E-03 -0.3225257E-04 -0.3284614E-02 -0.3985648E-04
  0.3563166666667E+02  0.1163664E+01  0.2836865E-02 -0.8696255E-03 -0.3099315E-04 -0.3285865E-02 -0.3753025E-04
  0.3566500000000E+02  0.1163758E+01  0.2820337E-02 -0.8706172E-03 -0.2975303E-04 -0.3287042E-02 -0.3531059E-04
  0.3569833333333E+02  0.1163852E+01  0.2804324E-02 -0.8715683E-03 -0.2853178E-04 -0.3288149E-02 -0.3319119E-04
  0.3573166666667E+02  0.1163945E+01  0.2788807E-02 -0.8724792E-03 -0.2732895E-04 -0.3289188E-02 -0.3116612E-04
  0.3576500000000E+02  0.1164037E+01  0.2773762E-02 -0.8733507E-03 -0.2614411E-04 -0.3290162E-02 -0.2922986E-04
  0.3579833333333E+02  0.1164129E+01  0.2759171E-02 -0.8741833E-03 -0.2497683E-04 -0.3291074E-02 -0.2737721E-04
  0.3583166666667E+02  0.1164221E+01  0.2745016E-02 -0.8749775E-03 -0.2382671E-04 -0.3291928E-02 -0.2560333E-04
  0.3586500000000E+02  0.1164312E+01  0.2731279E-02 -0.8757339E-03 -0.2269332E-04 -0.3292725E-02 -0.2390367E-04
  0.3589833333333E+02  0.1164402E+01  0.2717944E-02 -0.8764532E-03 -0.2157627E-04 -0.3293467E-02 -0.2227400E-04
  0.3593166666667E+02  0.1164493E+01  0.2704995E-02 -0.8771357E-03 -0.2047516E-04 -0.3294157E-02 -0.2071031E-04
  0.3596500000000E+02  0.1164582E+01  0.2692417E-02 -0.8777820E-03 -0.1938960E-04 -0.3294798E-02 -0.1920888E-04
  0.3599833333333E+02  0.1164672E+01  0.2680197E-02 -0.8783926E-03 -0.1831922E-04 -0.3295390E-02 -0.1776621E-04
  0.3603166666667E+02  0.1164761E+01  0.2668321E-02 -0.8789681E-03 -0.1726365E-04 -0.3295936E-02 -0.1637903E-04
  0.3606500000000E+02  0.1164849E+01  0.2656777E-02 -0.8795088E-03 -0.1622254E-04 -0.3296437E-02 -0.1504426E-04
  0.3609833333333E+02  0.1164937E+01  0.2645553E-02 -0.8800153E-03 -0.1519553E-04 -0.3296896E-02 -0.1375902E-04
  0.3613166666667E+02  0.1165025E+01  0.2634638E-02 -0.8804881E-03 -0.1418230E-04 -0.3297313E-02 -0.1252060E-04
  0.3616500000000E+02  0.1165113E+01  0.2624021E-02 -0.8809275E-03 -0.1318252E-04 -0.3297691E-02 -0.1132646E-04
  0.3619833333333E+02  0.1165200E+01  0.2613693E-02 -0.8813340E-03 -0.1219587E-04 -0.3298030E-02 -0.1017422E-04
  0.3623166666667E+02  0.1165287E+01  0.2603643E-02 -0.8817081E-03 -0.1122203E-04 -0.3298332E-02 -0.9061648E-05
  0.3626500000000E+02  0.1165373E+01  0.2593863E-02 -0.8820501E-03 -0.1026072E-04 -0.3298598E-02 -0.7986629E-05
  0.3629833333333E+02  0.1165459E+01  0.2584344E-02 -0.8823605E-03 -0.9311632E-05 -0.3298830E-02 -0.6947189E-05
  0.3633166666667E+02  0.1165545E+01  0.2575077E-02 -0.8826397E-03 -0.8374496E-05 -0.3299028E-02 -0.5941468E-05
  0.3636500000000E+02  0.1165631E+01  0.2566056E-02 -0.8828880E-03 -0.7449034E-05 -0.3299194E-02 -0.4967717E-05
  0.3639833333333E+02  0.1165716E+01  0.2557271E-02 -0.8831058E-03 -0.6534983E-05 -0.3299328E-02 -0.4024290E-05
  0.3643166666667E+02  0.1165801E+01  0.2548717E-02 -0.8832935E-03 -0.5632084E-05 -0.3299431E-02 -0.3109638E-05
  0.3646500000000E+02  0.1165885E+01  0.2540386E-02 -0.8834515E-03 -0.4740088E-05 -0.3299505E-02 -0.2222299E-05
  0.3649833333333E+02  0.1165970E+01  0.2532272E-02 -0.8835802E-03 -0.3858755E-05 -0.3299551E-02 -0.1360901E-05
  0.3653166666667E+02  0.1166054E+01  0.2524369E-02 -0.8836798E-03 -0.2987848E-05 -0.3299568E-02 -0.5241469E-06
  0.3656500000000E+02  0.1166138E+01  0.2516671E-02 -0.8837507E-03 -0.2127140E-05 -0.3299559E-02  0.2891848E-06
  0.3659833333333E+02  0.1166222E+01  0.2509171E-02 -0.8837932E-03 -0.1276410E-05 -0.3299523E-02  0.1080246E-05
  0.3663166666667E+02  0.1166305E+01  0.2501865E-02 -0.8838077E-03 -0.4354435E-06 -0.3299461E-02  0.1850125E-05
  0.3666500000000E+02  0.1166388E+01  0.2494748E-02 -0.8837945E-03  0.3959677E-06 -0.3299374E-02  0.2599847E-05
  0.3669833333333E+02  0.1166471E+01  0.2487814E-02 -0.8837539E-03  0.1218026E-05 -0.3299263E-02  0.3330381E-05
  0.3673166666667E+02  0.1166554E+01  0.2481059E-02 -0.8836862E-03  0.2030928E-05 -0.3299129E-02  0.4042643E-05
  0.3676500000000E+02  0.1166636E+01  0.2474478E-02 -0.8835917E-03  0.2834864E-05 -0.3298971E-02  0.4737498E-05
  0.3679833333333E+02  0.1166718E+01  0.2468067E-02 -0.8834707E-03  0.3630021E-05 -0.3298790E-02  0.5415763E-05
  0.3683166666667E+02  0.1166801E+01  0.2461822E-02 -0.8833235E-03  0.4416578E-05 -0.3298588E-02  0.6078212E-05
  0.3686500000000E+02  0.1166882E+01  0.2455738E-02 -0.8831504E-03  0.5194710E-05 -0.3298363E-02  0.6725577E-05
  0.3689833333333E+02  0.1166964E+01  0.2449811E-02 -0.8829515E-03  0.5964589E-05 -0.3298118E-02  0.7358550E-05
  0.3693166666667E+02  0.1167046E+01  0.2444038E-02 -0.8827273E-03  0.6726381E-05 -0.3297852E-02  0.7977787E-05
  0.3696500000000E+02  0.1167127E+01  0.2438416E-02 -0.8824780E-03  0.7480247E-05 -0.3297566E-02  0.8583909E-05
  0.3699833333333E+02  0.1167208E+01  0.2432941E-02 -0.8822038E-03  0.8226344E-05 -0.3297260E-02  0.9177504E-05
  0.3703166666667E+02  0.1167289E+01  0.2427609E-02 -0.8819049E-03  0.8964825E-05 -0.3296935E-02  0.9759131E-05
  0.3706500000000E+02  0.1167370E+01  0.2422417E-02 -0.8815817E-03  0.9695840E-05 -0.3296590E-02  0.1032932E-04
  0.3709833333333E+02  0.1167450E+01  0.2417362E-02 -0.8812344E-03  0.1041954E-04 -0.3296227E-02  0.1088857E-04
  0.3713166666667E+02  0.1167531E+01  0.2412442E-02 -0.8808632E-03  0.1113605E-04 -0.3295846E-02  0.1143736E-04
  0.3716500000000E+02  0.1167611E+01  0.2407653E-02 -0.8804684E-03  0.1184553E-04 -0.3295447E-02  0.1197613E-04
  0.3719833333333E+02  0.1167691E+01  0.2402993E-02 -0.8800501E-03  0.1254810E-04 -0.3295030E-02  0.1250533E-04
  0.3723166666667E+02  0.1167771E+01  0.2398458E-02 -0.8796086E-03  0.1324389E-04 -0.3294596E-02  0.1302536E-04
  0.3726500000000E+02  0.1167851E+01  0.2394047E-02 -0.8791442E-03  0.1393305E-04 -0.3294145E-02  0.1353661E-04
  0.3729833333333E+02  0.1167930E+01  0.2389757E-02 -0.8786570E-03  0.1461568E-04 -0.3293677E-02  0.1403944E-04
  0.3733166666667E+02  0.1168010E+01  0.2385585E-02 -0.8781473E-03  0.1529191E-04 -0.3293192E-02  0.1453420E-04
  0.3736500000000E+02  0.1168089E+01  0.2381529E-02 -0.8776152E-03  0.1596187E-04 -0.3292692E-02  0.1502124E-04
  0.3739833333333E+02  0.1168168E+01  0.2377587E-02 -0.8770610E-03  0.1662567E-04 -0.3292175E-02  0.1550087E-04
  0.3743166666667E+02  0.1168248E+01  0.2373757E-02 -0.8764849E-03  0.1728342E-04 -0.3291642E-02  0.1597338E-04
  0.3746500000000E+02  0.1168327E+01  0.2370036E-02 -0.8758871E-03  0.1793524E-04 -0.3291095E-02  0.1643908E-04
  0.3749833333333E+02  0.1168405E+01  0.2366423E-02 -0.8752677E-03  0.1858124E-04 -0.3290531E-02  0.1689824E-04
  0.3753166666667E+02  0.1168484E+01  0.2362915E-02 -0.8746270E-03  0.1922152E-04 -0.3289953E-02  0.1735111E-04
  0.3756500000000E+02  0.1168563E+01  0.2359511E-02 -0.8739651E-03  0.1985619E-04 -0.3289360E-02  0.1779796E-04
  0.3759833333333E+02  0.1168641E+01  0.2356209E-02 -0.8732823E-03  0.2048536E-04 -0.3288752E-02  0.1823901E-04
  0.3763166666667E+02  0.1168720E+01  0.2353006E-02 -0.8725786E-03  0.2110911E-04 -0.3288129E-02  0.1867450E-04
  0.3766500000000E+02  0.1168798E+01  0.2349902E-02 -0.8718544E-03  0.2172756E-04 -0.3287492E-02  0.1910464E-04
  0.3769833333333E+02  0.1168876E+01  0.2346895E-02 -0.8711097E-03  0.2234080E-04 -0.3286841E-02  0.1952965E-04
  0.3773166666667E+02  0.1168955E+01  0.2343983E-02 -0.8703447E-03  0.2294892E-04 -0.3286176E-02  0.1994972E-04
  0.3776500000000E+02  0.1169033E+01  0.2341163E-02 -0.8695597E-03  0.2355202E-04 -0.3285498E-02  0.2036505E-04
  0.3779833333333E+02  0.1169111E+01  0.2338436E-02 -0.8687546E-03  0.2415019E-04 -0.3284805E-02  0.2077582E-04
  0.3783166666667E+02  0.1169188E+01  0.2335799E-02 -0.8679299E-03  0.2474352E-04 -0.3284099E-02  0.2118219E-04
  0.3786500000000E+02  0.1169266E+01  0.2333251E-02 -0.8670855E-03  0.2533210E-04 -0.3283379E-02  0.2158435E-04
  0.3789833333333E+02  0.1169344E+01  0.2330790E-02 -0.8662216E-03  0.2591601E-04 -0.3282647E-02  0.2198245E-04
  0.3793166666667E+02  0.1169421E+01  0.2328415E-02 -0.8653384E-03  0.2649534E-04 -0.3281901E-02  0.2237665E-04
  0.3796500000000E+02  0.1169499E+01  0.2326125E-02 -0.8644361E-03  0.2707017E-04 -0.3281142E-02  0.2276709E-04
  0.3799833333333E+02  0.1169576E+01  0.2323919E-02 -0.8635147E-03  0.2764059E-04 -0.3280370E-02  0.2315392E-04
  0.3803166666667E+02  0.1169654E+01  0.2321795E-02 -0.8625745E-03  0.2820667E-04 -0.3279586E-02  0.2353727E-04
  0.3806500000000E+02  0.1169731E+01  0.2319752E-02 -0.8616156E-03  0.2876850E-04 -0.3278788E-02  0.2391728E-04
  0.3809833333333E+02  0.1169808E+01  0.2317788E-02 -0.8606380E-03  0.2932615E-04 -0.3277978E-02  0.2429406E-04
  0.3813166666667E+02  0.1169886E+01  0.2315903E-02 -0.8596420E-03  0.2987971E-04 -0.3277156E-02  0.2466775E-04
  0.3816500000000E+02  0.1169963E+01  0.2314096E-02 -0.8586277E-03  0.3042924E-04 -0.3276322E-02  0.2503846E-04
  0.3819833333333E+02  0.1170040E+01  0.2312365E-02 -0.8575952E-03  0.3097482E-04 -0.3275475E-02  0.2540630E-04
  0.3823166666667E+02  0.1170117E+01  0.2310710E-02 -0.8565447E-03  0.3151652E-04 -0.3274616E-02  0.2577138E-04
  0.3826500000000E+02  0.1170194E+01  0.2309128E-02 -0.8554762E-03  0.3205442E-04 -0.3273745E-02  0.2613381E-04
  0.3829833333333E+02  0.1170271E+01  0.2307621E-02 -0.8543899E-03  0.3258859E-04 -0.3272861E-02  0.2649368E-04
  0.3833166666667E+02  0.1170348E+01  0.2306185E-02 -0.8532859E-03  0.3311910E-04 -0.3271966E-02  0.2685110E-04
  0.3836500000000E+02  0.1170424E+01  0.2304821E-02 -0.8521644E-03  0.3364602E-04 -0.3271060E-02  0.2720615E-04
  0.3839833333333E+02  0.1170501E+01  0.2303527E-02 -0.8510254E-03  0.3416941E-04 -0.3270141E-02  0.2755894E-04
  0.3843166666667E+02  0.1170578E+01  0.2302303E-02 -0.8498691E-03  0.3468934E-04 -0.3269211E-02  0.2790954E-04
  0.3846500000000E+02  0.1170655E+01  0.2301148E-02 -0.8486956E-03  0.3520589E-04 -0.3268269E-02  0.2825805E-04
  0.3849833333333E+02  0.1170731E+01  0.2300060E-02 -0.8475049E-03  0.3571911E-04 -0.3267315E-02  0.2860454E-04
  0.3853166666667E+02  0.1170808E+01  0.2299039E-02 -0.8462973E-03  0.3622906E-04 -0.3266350E-02  0.2894910E-04
  0.3856500000000E+02  0.1170885E+01  0.2298085E-02 -0.8450728E-03  0.3673583E-04 -0.3265374E-02  0.2929180E-04
  0.3859833333333E+02  0.1170961E+01  0.2297196E-02 -0.8438315E-03  0.3723945E-04 -0.3264386E-02  0.2963272E-04
  0.3863166666667E+02  0.1171038E+01  0.2296371E-02 -0.8425735E-03  0.3774001E-04 -0.3263387E-02  0.2997194E-04
  0.3866500000000E+02  0.1171114E+01  0.2295610E-02 -0.8412989E-03  0.3823755E-04 -0.3262377E-02  0.3030951E-04
  0.3869833333333E+02  0.1171191E+01  0.2294913E-02 -0.8400078E-03  0.3873215E-04 -0.3261355E-02  0.3064552E-04
  0.3873166666667E+02  0.1171267E+01  0.2294278E-02 -0.8387003E-03  0.3922385E-04 -0.3260322E-02  0.3098002E-04
  0.3876500000000E+02  0.1171344E+01  0.2293704E-02 -0.8373766E-03  0.3971273E-04 -0.3259279E-02  0.3131309E-04
  0.3879833333333E+02  0.1171420E+01  0.2293192E-02 -0.8360366E-03  0.4019883E-04 -0.3258224E-02  0.3164479E-04
  0.3883166666667E+02  0.1171497E+01  0.2292739E-02 -0.8346806E-03  0.4068222E-04 -0.3257158E-02  0.3197517E-04
  0.3886500000000E+02  0.1171573E+01  0.2292347E-02 -0.8333085E-03  0.4116295E-04 -0.3256081E-02  0.3230431E-04
  0.3889833333333E+02  0.1171649E+01  0.2292014E-02 -0.8319204E-03  0.4164107E-04 -0.3254993E-02  0.3263225E-04
  0.3893166666667E+02  0.1171726E+01  0.2291739E-02 -0.8305165E-03  0.4211666E-04 -0.3253895E-02  0.3295906E-04
  0.3896500000000E+02  0.1171802E+01  0.2291522E-02 -0.8290969E-03  0.4258975E-04 -0.3252785E-02  0.3328479E-04
  0.3899833333333E+02  0.1171879E+01  0.2291362E-02 -0.8276615E-03  0.4306041E-04 -0.3251665E-02  0.3360950E-04
  0.3903166666667E+02  0.1171955E+01  0.2291259E-02 -0.8262106E-03  0.4352869E-04 -0.3250534E-02  0.3393324E-04
  0.3906500000000E+02  0.1172031E+01  0.2291212E-02 -0.8247441E-03  0.4399464E-04 -0.3249392E-02  0.3425606E-04
  0.3909833333333E+02  0.1172108E+01  0.2291220E-02 -0.8232621E-03  0.4445831E-04 -0.3248239E-02  0.3457801E-04
  0.3913166666667E+02  0.1172184E+01  0.2291284E-02 -0.8217648E-03  0.4491976E-04 -0.3247076E-02  0.3489915E-04
  0.3916500000000E+02  0.1172260E+01  0.2291402E-02 -0.8202522E-03  0.4537905E-04 -0.3245902E-02  0.3521952E-04
  0.3919833333333E+02  0.1172337E+01  0.2291575E-02 -0.8187243E-03  0.4583621E-04 -0.3244718E-02  0.3553918E-04
  0.3923166666667E+02  0.1172413E+01  0.2291801E-02 -0.8171813E-03  0.4629130E-04 -0.3243522E-02  0.3585816E-04
  0.3926500000000E+02  0.1172490E+01  0.2292080E-02 -0.8156231E-03  0.4674438E-04 -0.3242316E-02  0.3617651E-04
  0.3929833333333E+02  0.1172566E+01  0.2292411E-02 -0.8140499E-03  0.4719549E-04 -0.3241100E-02  0.3649429E-04
  0.3933166666667E+02  0.1172642E+01  0.2292795E-02 -0.8124618E-03  0.4764469E-04 -0.3239873E-02  0.3681153E-04
  0.3936500000000E+02  0.1172719E+01  0.2293231E-02 -0.8108587E-03  0.4809201E-04 -0.3238635E-02  0.3712828E-04
  0.3939833333333E+02  0.1172795E+01  0.2293718E-02 -0.8092408E-03  0.4853751E-04 -0.3237387E-02  0.3744459E-04
  0.3943166666667E+02  0.1172872E+01  0.2294256E-02 -0.8076081E-03  0.4898125E-04 -0.3236128E-02  0.3776048E-04
  0.3946500000000E+02  0.1172948E+01  0.2294844E-02 -0.8059606E-03  0.4942326E-04 -0.3234859E-02  0.3807602E-04
  0.3949833333333E+02  0.1173025E+01  0.2295483E-02 -0.8042985E-03  0.4986359E-04 -0.3233580E-02  0.3839124E-04
  0.3953166666667E+02  0.1173101E+01  0.2296171E-02 -0.8026218E-03  0.5030229E-04 -0.3232289E-02  0.3870617E-04
  0.3956500000000E+02  0.1173178E+01  0.2296908E-02 -0.8009305E-03  0.5073942E-04 -0.3230989E-02  0.3902087E-04
  0.3959833333333E+02  0.1173255E+01  0.2297695E-02 -0.7992246E-03  0.5117500E-04 -0.3229677E-02  0.3933536E-04
  0.3963166666667E+02  0.1173331E+01  0.2298530E-02 -0.7975043E-03  0.5160910E-04 -0.3228356E-02  0.3964969E-04
  0.3966500000000E+02  0.1173408E+01  0.2299413E-02 -0.7957696E-03  0.5204175E-04 -0.3227024E-02  0.3996390E-04
  0.3969833333333E+02  0.1173484E+01  0.2300344E-02 -0.7940205E-03  0.5247300E-04 -0.3225681E-02  0.4027802E-04
  0.3973166666667E+02  0.1173561E+01  0.2301323E-02 -0.7922571E-03  0.5290290E-04 -0.3224328E-02  0.4059210E-04
  0.3976500000000E+02  0.1173638E+01  0.2302350E-02 -0.7904794E-03  0.5333149E-04 -0.3222964E-02  0.4090617E-04
  0.3979833333333E+02  0.1173715E+01  0.2303423E-02 -0.7886874E-03  0.5375881E-04 -0.3221590E-02  0.4122026E-04
  0.3983166666667E+02  0.1173792E+01  0.2304543E-02 -0.7868812E-03  0.5418492E-04 -0.3220206E-02  0.4153442E-04
  0.3986500000000E+02  0.1173868E+01  0.2305709E-02 -0.7850609E-03  0.5460984E-04 -0.3218811E-02  0.4184867E-04
  0.3989833333333E+02  0.1173945E+01  0.2306922E-02 -0.7832264E-03  0.5503364E-04 -0.3217406E-02  0.4216306E-04
  0.3993166666667E+02  0.1174022E+01  0.2308180E-02 -0.7813779E-03  0.5545634E-04 -0.3215990E-02  0.4247762E-04
  0.3996500000000E+02  0.1174099E+01  0.2309484E-02 -0.7795153E-03  0.5587800E-04 -0.3214563E-02  0.4279239E-04
  0.3999833333333E+02  0.1174176E+01  0.2310833E-02 -0.7776387E-03  0.5629865E-04 -0.3213126E-02  0.4310739E-04
  0.4003166666667E+02  0.1174253E+01  0.2312228E-02 -0.7757481E-03  0.5671834E-04 -0.3211679E-02  0.4342267E-04
  0.4006500000000E+02  0.1174330E+01  0.2313667E-02 -0.7738435E-03  0.5713711E-04 -0.3210221E-02  0.4373825E-04
  0.4009833333333E+02  0.1174408E+01  0.2315151E-02 -0.7719250E-03  0.5755500E-04 -0.3208752E-02  0.4405418E-04
  0.4013166666667E+02  0.1174485E+01  0.2316679E-02 -0.7699926E-03  0.5797205E-04 -0.3207273E-02  0.4437048E-04
  0.4016500000000E+02  0.1174562E+01  0.2318252E-02 -0.7680463E-03  0.5838831E-04 -0.3205784E-02  0.4468719E-04
  0.4019833333333E+02  0.1174639E+01  0.2319868E-02 -0.7660862E-03  0.5880382E-04 -0.3204284E-02  0.4500434E-04
  0.4023166666667E+02  0.1174717E+01  0.2321528E-02 -0.7641122E-03  0.5921861E-04 -0.3202773E-02  0.4532196E-04
  0.4026500000000E+02  0.1174794E+01  0.2323232E-02 -0.7621245E-03  0.5963273E-04 -0.3201252E-02  0.4564009E-04
  0.4029833333333E+02  0.1174872E+01  0.2324980E-02 -0.7601229E-03  0.6004622E-04 -0.3199720E-02  0.4595875E-04
  0.4033166666667E+02  0.1174949E+01  0.2326770E-02 -0.7581076E-03  0.6045912E-04 -0.3198177E-02  0.4627799E-04
  0.4036500000000E+02  0.1175027E+01  0.2328604E-02 -0.7560786E-03  0.6087147E-04 -0.3196624E-02  0.4659782E-04
  0.4039833333333E+02  0.1175105E+01  0.2330480E-02 -0.7540358E-03  0.6128331E-04 -0.3195060E-02  0.4691829E-04
  0.4043166666667E+02  0.1175182E+01  0.2332399E-02 -0.7519793E-03  0.6169467E-04 -0.3193485E-02  0.4723942E-04
  0.4046500000000E+02  0.1175260E+01  0.2334361E-02 -0.7499091E-03  0.6210560E-04 -0.3191900E-02  0.4756124E-04
  0.4049833333333E+02  0.1175338E+01  0.2336365E-02 -0.7478253E-03  0.6251614E-04 -0.3190304E-02  0.4788379E-04
  0.4053166666667E+02  0.1175416E+01  0.2338412E-02 -0.7457277E-03  0.6292633E-04 -0.3188697E-02  0.4820710E-04
  0.4056500000000E+02  0.1175494E+01  0.2340500E-02 -0.7436165E-03  0.6333620E-04 -0.3187079E-02  0.4853118E-04
  0.4059833333333E+02  0.1175572E+01  0.2342631E-02 -0.7414917E-03  0.6374580E-04 -0.3185451E-02  0.4885609E-04
  0.4063166666667E+02  0.1175650E+01  0.2344804E-02 -0.7393531E-03  0.6415516E-04 -0.3183811E-02  0.4918184E-04
  0.4066500000000E+02  0.1175728E+01  0.2347018E-02 -0.7372010E-03  0.6456432E-04 -0.3182161E-02  0.4950846E-04
  0.4069833333333E+02  0.1175807E+01  0.2349274E-02 -0.7350352E-03  0.6497332E-04 -0.3180500E-02  0.4983598E-04
  0.4073166666667E+02  0.1175885E+01  0.2351572E-02 -0.7328558E-03  0.6538220E-04 -0.3178828E-02  0.5016444E-04
  0.4076500000000E+02  0.1175964E+01  0.2353911E-02 -0.7306628E-03  0.6579099E-04 -0.3177144E-02  0.5049386E-04
  0.4079833333333E+02  0.1176042E+01  0.2356292E-02 -0.7284561E-03  0.6619974E-04 -0.3175450E-02  0.5082427E-04
  0.4083166666667E+02  0.1176121E+01  0.2358715E-02 -0.7262358E-03  0.6660847E-04 -0.3173745E-02  0.5115570E-04
  0.4086500000000E+02  0.1176200E+01  0.2361178E-02 -0.7240019E-03  0.6701724E-04 -0.3172029E-02  0.5148817E-04
  0.4089833333333E+02  0.1176278E+01  0.2363683E-02 -0.7217544E-03  0.6742607E-04 -0.3170301E-02  0.5182172E-04
  0.4093166666667E+02  0.1176357E+01  0.2366229E-02 -0.7194932E-03  0.6783500E-04 -0.3168563E-02  0.5215637E-04
  0.4096500000000E+02  0.1176436E+01  0.2368816E-02 -0.7172184E-03  0.6824407E-04 -0.3166813E-02  0.5249215E-04
  0.4099833333333E+02  0.1176515E+01  0.2371444E-02 -0.7149300E-03  0.6865332E-04 -0.3165052E-02  0.5282909E-04
  0.4103166666667E+02  0.1176594E+01  0.2374113E-02 -0.7126279E-03  0.6906277E-04 -0.3163280E-02  0.5316721E-04
  0.4106500000000E+02  0.1176674E+01  0.2376823E-02 -0.7103121E-03  0.6947248E-04 -0.3161496E-02  0.5350654E-04
  0.4109833333333E+02  0.1176753E+01  0.2379574E-02 -0.7079827E-03  0.6988247E-04 -0.3159702E-02  0.5384711E-04
  0.4113166666667E+02  0.1176832E+01  0.2382366E-02 -0.7056396E-03  0.7029279E-04 -0.3157895E-02  0.5418894E-04
  0.4116500000000E+02  0.1176912E+01  0.2385199E-02 -0.7032829E-03  0.7070346E-04 -0.3156077E-02  0.5453205E-04
  0.4119833333333E+02  0.1176991E+01  0.2388073E-02 -0.7009124E-03  0.7111452E-04 -0.3154248E-02  0.5487649E-04
  0.4123166666667E+02  0.1177071E+01  0.2390987E-02 -0.6985282E-03  0.7152601E-04 -0.3152408E-02  0.5522226E-04
  0.4126500000000E+02  0.1177151E+01  0.2393943E-02 -0.6961302E-03  0.7193796E-04 -0.3150555E-02  0.5556940E-04
  0.4129833333333E+02  0.1177231E+01  0.2396939E-02 -0.6937186E-03  0.7235041E-04 -0.3148691E-02  0.5591793E-04
  0.4133166666667E+02  0.1177311E+01  0.2399977E-02 -0.6912931E-03  0.7276339E-04 -0.3146816E-02  0.5626787E-04
  0.4136500000000E+02  0.1177391E+01  0.2403055E-02 -0.6888539E-03  0.7317694E-04 -0.3144928E-02  0.5661925E-04
  0.4139833333333E+02  0.1177471E+01  0.2406174E-02 -0.6864008E-03  0.7359109E-04 -0.3143029E-02  0.5697209E-04
  0.4143166666667E+02  0.1177551E+01  0.2409334E-02 -0.6839340E-03  0.7400588E-04 -0.3141118E-02  0.5732642E-04
  0.4146500000000E+02  0.1177632E+01  0.2412535E-02 -0.6814533E-03  0.7442134E-04 -0.3139196E-02  0.5768225E-04
  0.4149833333333E+02  0.1177712E+01  0.2415777E-02 -0.6789587E-03  0.7483750E-04 -0.3137261E-02  0.5803962E-04
  0.4153166666667E+02  0.1177793E+01  0.2419060E-02 -0.6764502E-03  0.7525441E-04 -0.3135314E-02  0.5839854E-04
  0.4156500000000E+02  0.1177874E+01  0.2422384E-02 -0.6739278E-03  0.7567208E-04 -0.3133356E-02  0.5875904E-04
  0.4159833333333E+02  0.1177955E+01  0.2425750E-02 -0.6713915E-03  0.7609056E-04 -0.3131385E-02  0.5912114E-04
  0.4163166666667E+02  0.1178036E+01  0.2429156E-02 -0.6688411E-03  0.7650988E-04 -0.3129402E-02  0.5948485E-04
  0.4166500000000E+02  0.1178117E+01  0.2432604E-02 -0.6662768E-03  0.7693007E-04 -0.3127407E-02  0.5985021E-04
  0.4169833333333E+02  0.1178198E+01  0.2436092E-02 -0.6636984E-03  0.7735116E-04 -0.3125400E-02  0.6021723E-04
  0.4173166666667E+02  0.1178279E+01  0.2439623E-02 -0.6611060E-03  0.7777319E-04 -0.3123380E-02  0.6058593E-04
  0.4176500000000E+02  0.1178361E+01  0.2443194E-02 -0.6584994E-03  0.7819619E-04 -0.3121349E-02  0.6095633E-04
  0.4179833333333E+02  0.1178442E+01  0.2446808E-02 -0.6558788E-03  0.7862020E-04 -0.3119304E-02  0.6132845E-04
  0.4183166666667E+02  0.1178524E+01  0.2450462E-02 -0.6532439E-03  0.7904523E-04 -0.3117248E-02  0.6170231E-04
  0.4186500000000E+02  0.1178606E+01  0.2454159E-02 -0.6505949E-03  0.7947133E-04 -0.3115178E-02  0.6207793E-04
  0.4189833333333E+02  0.1178688E+01  0.2457897E-02 -0.6479316E-03  0.7989852E-04 -0.3113096E-02  0.6245533E-04
  0.4193166666667E+02  0.1178770E+01  0.2461677E-02 -0.6452540E-03  0.8032684E-04 -0.3111002E-02  0.6283452E-04
  0.4196500000000E+02  0.1178852E+01  0.2465498E-02 -0.6425622E-03  0.8075632E-04 -0.3108895E-02  0.6321552E-04
  0.4199833333333E+02  0.1178934E+01  0.2469362E-02 -0.6398559E-03  0.8118698E-04 -0.3106775E-02  0.6359835E-04
  0.4203166666667E+02  0.1179017E+01  0.2473268E-02 -0.6371353E-03  0.8161887E-04 -0.3104642E-02  0.6398302E-04
  0.4206500000000E+02  0.1179099E+01  0.2477216E-02 -0.6344002E-03  0.8205200E-04 -0.3102496E-02  0.6436955E-04
  0.4209833333333E+02  0.1179182E+01  0.2481207E-02 -0.6316507E-03  0.8248641E-04 -0.3100338E-02  0.6475796E-04
  0.4213166666667E+02  0.1179265E+01  0.2485240E-02 -0.6288866E-03  0.8292213E-04 -0.3098166E-02  0.6514826E-04
  0.4216500000000E+02  0.1179348E+01  0.2489315E-02 -0.6261080E-03  0.8335918E-04 -0.3095982E-02  0.6554047E-04
  0.4219833333333E+02  0.1179431E+01  0.2493434E-02 -0.6233147E-03  0.8379760E-04 -0.3093784E-02  0.6593459E-04
  0.4223166666667E+02  0.1179514E+01  0.2497595E-02 -0.6205068E-03  0.8423741E-04 -0.3091573E-02  0.6633064E-04
  0.4226500000000E+02  0.1179597E+01  0.2501799E-02 -0.6176842E-03  0.8467865E-04 -0.3089348E-02  0.6672863E-04
  0.4229833333333E+02  0.1179681E+01  0.2506046E-02 -0.6148468E-03  0.8512133E-04 -0.3087111E-02  0.6712859E-04
  0.4233166666667E+02  0.1179765E+01  0.2510336E-02 -0.6119946E-03  0.8556549E-04 -0.3084860E-02  0.6753051E-04
  0.4236500000000E+02  0.1179848E+01  0.2514670E-02 -0.6091276E-03  0.8601116E-04 -0.3082595E-02  0.6793440E-04
  0.4239833333333E+02  0.1179932E+01  0.2519047E-02 -0.6062456E-03  0.8645835E-04 -0.3080317E-02  0.6834029E-04
  0.4243166666667E+02  0.1180017E+01  0.2523468E-02 -0.6033487E-03  0.8690711E-04 -0.3078026E-02  0.6874818E-04
  0.4246500000000E+02  0.1180101E+01  0.2527932E-02 -0.6004368E-03  0.8735745E-04 -0.3075720E-02  0.6915807E-04
  0.4249833333333E+02  0.1180185E+01  0.2532441E-02 -0.5975098E-03  0.8780939E-04 -0.3073401E-02  0.6956998E-04
  0.4253166666667E+02  0.1180270E+01  0.2536993E-02 -0.5945677E-03  0.8826298E-04 -0.3071069E-02  0.6998392E-04
  0.4256500000000E+02  0.1180355E+01  0.2541590E-02 -0.5916105E-03  0.8871822E-04 -0.3068722E-02  0.7039988E-04
  0.4259833333333E+02  0.1180439E+01  0.2546231E-02 -0.5886380E-03  0.8917515E-04 -0.3066361E-02  0.7081789E-04
  0.4263166666667E+02  0.1180524E+01  0.2550917E-02 -0.5856502E-03  0.8963379E-04 -0.3063987E-02  0.7123794E-04
  0.4266500000000E+02  0.1180610E+01  0.2555648E-02 -0.5826470E-03  0.9009416E-04 -0.3061598E-02  0.7166004E-04
  0.4269833333333E+02  0.1180695E+01  0.2560423E-02 -0.5796285E-03  0.9055629E-04 -0.3059195E-02  0.7208420E-04
  0.4273166666667E+02  0.1180780E+01  0.2565243E-02 -0.5765945E-03  0.9102020E-04 -0.3056778E-02  0.7251042E-04
  0.4276500000000E+02  0.1180866E+01  0.2570109E-02 -0.5735450E-03  0.9148591E-04 -0.3054347E-02  0.7293871E-04
  0.4279833333333E+02  0.1180952E+01  0.2575020E-02 -0.5704798E-03  0.9195345E-04 -0.3051901E-02  0.7336906E-04
  0.4283166666667E+02  0.1181038E+01  0.2579977E-02 -0.5673991E-03  0.9242284E-04 -0.3049441E-02  0.7380148E-04
  0.4286500000000E+02  0.1181124E+01  0.2584979E-02 -0.5643026E-03  0.9289409E-04 -0.3046967E-02  0.7423598E-04
  0.4289833333333E+02  0.1181210E+01  0.2590028E-02 -0.5611904E-03  0.9336724E-04 -0.3044478E-02  0.7467255E-04
  0.4293166666667E+02  0.1181297E+01  0.2595122E-02 -0.5580623E-03  0.9384230E-04 -0.3041974E-02  0.7511119E-04
  0.4296500000000E+02  0.1181384E+01  0.2600263E-02 -0.5549183E-03  0.9431928E-04 -0.3039456E-02  0.7555191E-04
  0.4299833333333E+02  0.1181471E+01  0.2605451E-02 -0.5517584E-03  0.9479822E-04 -0.3036922E-02  0.7599470E-04
  0.4303166666667E+02  0.1181558E+01  0.2610685E-02 -0.5485824E-03  0.9527913E-04 -0.3034374E-02  0.7643957E-04
  0.4306500000000E+02  0.1181645E+01  0.2615966E-02 -0.5453903E-03  0.9576203E-04 -0.3031812E-02  0.7688650E-04
  0.4309833333333E+02  0.1181732E+01  0.2621294E-02 -0.5421821E-03  0.9624694E-04 -0.3029234E-02  0.7733551E-04
  0.4313166666667E+02  0.1181820E+01  0.2626669E-02 -0.5389576E-03  0.9673387E-04 -0.3026641E-02  0.7778659E-04
  0.4316500000000E+02  0.1181907E+01  0.2632092E-02 -0.5357169E-03  0.9722285E-04 -0.3024033E-02  0.7823972E-04
  0.4319833333333E+02  0.1181995E+01  0.2637562E-02 -0.5324597E-03  0.9771389E-04 -0.3021410E-02  0.7869492E-04
  0.4323166666667E+02  0.1182083E+01  0.2643080E-02 -0.5291862E-03  0.9820701E-04 -0.3018771E-02  0.7915217E-04
  0.4326500000000E+02  0.1182172E+01  0.2648647E-02 -0.5258961E-03  0.9870222E-04 -0.3016118E-02  0.7961147E-04
  0.4329833333333E+02  0.1182260E+01  0.2654261E-02 -0.5225895E-03  0.9919954E-04 -0.3013448E-02  0.8007282E-04
  0.4333166666667E+02  0.1182349E+01  0.2659924E-02 -0.5192662E-03  0.9969899E-04 -0.3010764E-02  0.8053620E-04
  0.4336500000000E+02  0.1182438E+01  0.2665635E-02 -0.5159261E-03  0.1002006E-03 -0.3008064E-02  0.8100161E-04
  0.4339833333333E+02  0.1182527E+01  0.2671396E-02 -0.5125693E-03  0.1007043E-03 -0.3005348E-02  0.8146905E-04
  0.4343166666667E+02  0.1182616E+01  0.2677205E-02 -0.5091956E-03  0.1012102E-03 -0.3002617E-02  0.8193850E-04
  0.4346500000000E+02  0.1182705E+01  0.2683064E-02 -0.5058050E-03  0.1017183E-03 -0.2999870E-02  0.8240996E-04
  0.4349833333333E+02  0.1182795E+01  0.2688972E-02 -0.5023974E-03  0.1022286E-03 -0.2997107E-02  0.8288342E-04
  0.4353166666667E+02  0.1182885E+01  0.2694930E-02 -0.4989727E-03  0.1027412E-03 -0.2994329E-02  0.8335887E-04
  0.4356500000000E+02  0.1182975E+01  0.2700937E-02 -0.4955308E-03  0.1032559E-03 -0.2991534E-02  0.8383630E-04
  0.4359833333333E+02  0.1183065E+01  0.2706995E-02 -0.4920718E-03  0.1037728E-03 -0.2988723E-02  0.8431570E-04
  0.4363166666667E+02  0.1183156E+01  0.2713103E-02 -0.4885954E-03  0.1042921E-03 -0.2985897E-02  0.8479705E-04
  0.4366500000000E+02  0.1183246E+01  0.2719261E-02 -0.4851016E-03  0.1048135E-03 -0.2983054E-02  0.8528035E-04
  0.4369833333333E+02  0.1183337E+01  0.2725471E-02 -0.4815903E-03  0.1053373E-03 -0.2980195E-02  0.8576559E-04
  0.4373166666667E+02  0.1183428E+01  0.2731730E-02 -0.4780615E-03  0.1058633E-03 -0.2977320E-02  0.8625276E-04
  0.4376500000000E+02  0.1183519E+01  0.2738041E-02 -0.4745152E-03  0.1063916E-03 -0.2974429E-02  0.8674183E-04
  0.4379833333333E+02  0.1183611E+01  0.2744404E-02 -0.4709511E-03  0.1069222E-03 -0.2971521E-02  0.8723281E-04
  0.4383166666667E+02  0.1183703E+01  0.2750818E-02 -0.4673693E-03  0.1074551E-03 -0.2968597E-02  0.8772567E-04
  0.4386500000000E+02  0.1183794E+01  0.2757283E-02 -0.4637696E-03  0.1079903E-03 -0.2965656E-02  0.8822041E-04
  0.4389833333333E+02  0.1183887E+01  0.2763800E-02 -0.4601520E-03  0.1085278E-03 -0.2962699E-02  0.8871700E-04
  0.4393166666667E+02  0.1183979E+01  0.2770370E-02 -0.4565164E-03  0.1090677E-03 -0.2959725E-02  0.8921545E-04
  0.4396500000000E+02  0.1184072E+01  0.2776992E-02 -0.4528627E-03  0.1096099E-03 -0.2956735E-02  0.8971572E-04
  0.4399833333333E+02  0.1184164E+01  0.2783666E-02 -0.4491909E-03  0.1101544E-03 -0.2953727E-02  0.9021781E-04
  0.4403166666667E+02  0.1184257E+01  0.2790393E-02 -0.4455009E-03  0.1107013E-03 -0.2950703E-02  0.9072171E-04
  0.4406500000000E+02  0.1184351E+01  0.2797173E-02 -0.4417925E-03  0.1112506E-03 -0.2947662E-02  0.9122739E-04
  0.4409833333333E+02  0.1184444E+01  0.2804006E-02 -0.4380658E-03  0.1118022E-03 -0.2944605E-02  0.9173485E-04
  0.4413166666667E+02  0.1184538E+01  0.2810892E-02 -0.4343206E-03  0.1123562E-03 -0.2941530E-02  0.9224407E-04
  0.4416500000000E+02  0.1184632E+01  0.2817832E-02 -0.4305568E-03  0.1129126E-03 -0.2938438E-02  0.9275503E-04
  0.4419833333333E+02  0.1184726E+01  0.2824826E-02 -0.4267744E-03  0.1134713E-03 -0.2935329E-02  0.9326772E-04
  0.4423166666667E+02  0.1184820E+01  0.2831874E-02 -0.4229734E-03  0.1140324E-03 -0.2932203E-02  0.9378213E-04
  0.4426500000000E+02  0.1184915E+01  0.2838975E-02 -0.4191535E-03  0.1145959E-03 -0.2929060E-02  0.9429823E-04
  0.4429833333333E+02  0.1185010E+01  0.2846132E-02 -0.4153148E-03  0.1151618E-03 -0.2925899E-02  0.9481602E-04
  0.4433166666667E+02  0.1185105E+01  0.2853342E-02 -0.4114571E-03  0.1157301E-03 -0.2922721E-02  0.9533548E-04
  0.4436500000000E+02  0.1185200E+01  0.2860608E-02 -0.4075804E-03  0.1163008E-03 -0.2919526E-02  0.9585659E-04
  0.4439833333333E+02  0.1185296E+01  0.2867928E-02 -0.4036846E-03  0.1168739E-03 -0.2916313E-02  0.9637933E-04
  0.4443166666667E+02  0.1185392E+01  0.2875303E-02 -0.3997696E-03  0.1174494E-03 -0.2913083E-02  0.9690370E-04
  0.4446500000000E+02  0.1185488E+01  0.2882734E-02 -0.3958354E-03  0.1180273E-03 -0.2909836E-02  0.9742968E-04
  0.4449833333333E+02  0.1185584E+01  0.2890220E-02 -0.3918818E-03  0.1186076E-03 -0.2906570E-02  0.9795725E-04
  0.4453166666667E+02  0.1185681E+01  0.2897762E-02 -0.3879088E-03  0.1191903E-03 -0.2903288E-02  0.9848640E-04
  0.4456500000000E+02  0.1185777E+01  0.2905360E-02 -0.3839163E-03  0.1197754E-03 -0.2899987E-02  0.9901712E-04
  0.4459833333333E+02  0.1185875E+01  0.2913014E-02 -0.3799042E-03  0.1203629E-03 -0.2896669E-02  0.9954938E-04
  0.4463166666667E+02  0.1185972E+01  0.2920725E-02 -0.3758724E-03  0.1209529E-03 -0.2893333E-02  0.1000832E-03
  0.4466500000000E+02  0.1186070E+01  0.2928492E-02 -0.3718209E-03  0.1215453E-03 -0.2889979E-02  0.1006185E-03
  0.4469833333333E+02  0.1186167E+01  0.2936315E-02 -0.3677496E-03  0.1221400E-03 -0.2886607E-02  0.1011553E-03
  0.4473166666667E+02  0.1186266E+01  0.2944196E-02 -0.3636583E-03  0.1227372E-03 -0.2883217E-02  0.1016937E-03
  0.4476500000000E+02  0.1186364E+01  0.2952134E-02 -0.3595471E-03  0.1233368E-03 -0.2879809E-02  0.1022335E-03
  0.4479833333333E+02  0.1186463E+01  0.2960128E-02 -0.3554158E-03  0.1239388E-03 -0.2876383E-02  0.1027748E-03
  0.4483166666667E+02  0.1186562E+01  0.2968181E-02 -0.3512644E-03  0.1245433E-03 -0.2872939E-02  0.1033175E-03
  0.4486500000000E+02  0.1186661E+01  0.2976291E-02 -0.3470927E-03  0.1251501E-03 -0.2869477E-02  0.1038617E-03
  0.4489833333333E+02  0.1186760E+01  0.2984459E-02 -0.3429007E-03  0.1257594E-03 -0.2865997E-02  0.1044074E-03
  0.4493166666667E+02  0.1186860E+01  0.2992685E-02 -0.3386884E-03  0.1263711E-03 -0.2862499E-02  0.1049545E-03
  0.4496500000000E+02  0.1186960E+01  0.3000969E-02 -0.3344555E-03  0.1269852E-03 -0.2858982E-02  0.1055029E-03
  0.4499833333333E+02  0.1187060E+01  0.3009311E-02 -0.3302021E-03  0.1276017E-03 -0.2855447E-02  0.1060528E-03
  0.4503166666667E+02  0.1187161E+01  0.3017713E-02 -0.3259281E-03  0.1282206E-03 -0.2851893E-02  0.1066041E-03
  0.4506500000000E+02  0.1187262E+01  0.3026173E-02 -0.3216334E-03  0.1288419E-03 -0.2848321E-02  0.1071568E-03
  0.4509833333333E+02  0.1187363E+01  0.3034692E-02 -0.3173179E-03  0.1294657E-03 -0.2844731E-02  0.1077109E-03
  0.4513166666667E+02  0.1187464E+01  0.3043270E-02 -0.3129815E-03  0.1300918E-03 -0.2841122E-02  0.1082664E-03
  0.4516500000000E+02  0.1187566E+01  0.3051907E-02 -0.3086241E-03  0.1307204E-03 -0.2837495E-02  0.1088233E-03
  0.4519833333333E+02  0.1187668E+01  0.3060605E-02 -0.3042457E-03  0.1313514E-03 -0.2833849E-02  0.1093815E-03
  0.4523166666667E+02  0.1187771E+01  0.3069362E-02 -0.2998462E-03  0.1319848E-03 -0.2830184E-02  0.1099411E-03
  0.4526500000000E+02  0.1187873E+01  0.3078178E-02 -0.2954256E-03  0.1326206E-03 -0.2826501E-02  0.1105020E-03
  0.4529833333333E+02  0.1187976E+01  0.3087055E-02 -0.2909836E-03  0.1332588E-03 -0.2822798E-02  0.1110643E-03
  0.4533166666667E+02  0.1188079E+01  0.3095993E-02 -0.2865203E-03  0.1338994E-03 -0.2819077E-02  0.1116280E-03
  0.4536500000000E+02  0.1188183E+01  0.3104991E-02 -0.2820355E-03  0.1345425E-03 -0.2815338E-02  0.1121931E-03
  0.4539833333333E+02  0.1188287E+01  0.3114049E-02 -0.2775293E-03  0.1351879E-03 -0.2811579E-02  0.1127595E-03
  0.4543166666667E+02  0.1188391E+01  0.3123169E-02 -0.2730014E-03  0.1358358E-03 -0.2807801E-02  0.1133273E-03
  0.4546500000000E+02  0.1188495E+01  0.3132349E-02 -0.2684519E-03  0.1364860E-03 -0.2804005E-02  0.1138964E-03
  0.4549833333333E+02  0.1188600E+01  0.3141591E-02 -0.2638806E-03  0.1371387E-03 -0.2800189E-02  0.1144669E-03
  0.4553166666667E+02  0.1188705E+01  0.3150894E-02 -0.2592875E-03  0.1377937E-03 -0.2796355E-02  0.1150388E-03
  0.4556500000000E+02  0.1188810E+01  0.3160259E-02 -0.2546724E-03  0.1384512E-03 -0.2792501E-02  0.1156121E-03
  0.4559833333333E+02  0.1188916E+01  0.3169686E-02 -0.2500354E-03  0.1391111E-03 -0.2788628E-02  0.1161868E-03
  0.4563166666667E+02  0.1189022E+01  0.3179175E-02 -0.2453763E-03  0.1397734E-03 -0.2784736E-02  0.1167629E-03
  0.4566500000000E+02  0.1189128E+01  0.3188726E-02 -0.2406950E-03  0.1404381E-03 -0.2780825E-02  0.1173404E-03
  0.4569833333333E+02  0.1189235E+01  0.3198340E-02 -0.2359915E-03  0.1411053E-03 -0.2776894E-02  0.1179193E-03
  0.4573166666667E+02  0.1189342E+01  0.3208016E-02 -0.2312657E-03  0.1417748E-03 -0.2772944E-02  0.1184997E-03
  0.4576500000000E+02  0.1189449E+01  0.3217756E-02 -0.2265174E-03  0.1424468E-03 -0.2768975E-02  0.1190815E-03
  0.4579833333333E+02  0.1189556E+01  0.3227558E-02 -0.2217467E-03  0.1431211E-03 -0.2764986E-02  0.1196648E-03
  0.4583166666667E+02  0.1189664E+01  0.3237424E-02 -0.2169535E-03  0.1437979E-03 -0.2760978E-02  0.1202496E-03
  0.4586500000000E+02  0.1189773E+01  0.3247353E-02 -0.2121376E-03  0.1444772E-03 -0.2756950E-02  0.1208359E-03
  0.4589833333333E+02  0.1189881E+01  0.3257346E-02 -0.2072989E-03  0.1451588E-03 -0.2752902E-02  0.1214237E-03
  0.4593166666667E+02  0.1189990E+01  0.3267402E-02 -0.2024375E-03  0.1458429E-03 -0.2748835E-02  0.1220130E-03
  0.4596500000000E+02  0.1190099E+01  0.3277523E-02 -0.1975532E-03  0.1465294E-03 -0.2744748E-02  0.1226040E-03
  0.4599833333333E+02  0.1190209E+01  0.3287709E-02 -0.1926459E-03  0.1472184E-03 -0.2740642E-02  0.1231965E-03
  0.4603166666667E+02  0.1190319E+01  0.3297958E-02 -0.1877156E-03  0.1479098E-03 -0.2736515E-02  0.1237907E-03
  0.4606500000000E+02  0.1190429E+01  0.3308273E-02 -0.1827621E-03  0.1486036E-03 -0.2732369E-02  0.1243865E-03
  0.4609833333333E+02  0.1190540E+01  0.3318653E-02 -0.1777855E-03  0.1492999E-03 -0.2728203E-02  0.1249840E-03
  0.4613166666667E+02  0.1190651E+01  0.3329098E-02 -0.1727855E-03  0.1499987E-03 -0.2724017E-02  0.1255833E-03
  0.4616500000000E+02  0.1190762E+01  0.3339608E-02 -0.1677622E-03  0.1506999E-03 -0.2719811E-02  0.1261843E-03
  0.4619833333333E+02  0.1190874E+01  0.3350185E-02 -0.1627154E-03  0.1514036E-03 -0.2715585E-02  0.1267871E-03
  0.4623166666667E+02  0.1190986E+01  0.3360827E-02 -0.1576451E-03  0.1521098E-03 -0.2711338E-02  0.1273917E-03
  0.4626500000000E+02  0.1191098E+01  0.3371535E-02 -0.1525511E-03  0.1528185E-03 -0.2707072E-02  0.1279982E-03
  0.4629833333333E+02  0.1191211E+01  0.3382311E-02 -0.1474335E-03  0.1535297E-03 -0.2702785E-02  0.1286067E-03
  0.4633166666667E+02  0.1191324E+01  0.3393152E-02 -0.1422920E-03  0.1542434E-03 -0.2698477E-02  0.1292171E-03
  0.4636500000000E+02  0.1191437E+01  0.3404061E-02 -0.1371267E-03  0.1549596E-03 -0.2694150E-02  0.1298295E-03
  0.4639833333333E+02  0.1191551E+01  0.3415037E-02 -0.1319374E-03  0.1556784E-03 -0.2689802E-02  0.1304439E-03
  0.4643166666667E+02  0.1191665E+01  0.3426081E-02 -0.1267241E-03  0.1563997E-03 -0.2685433E-02  0.1310605E-03
  0.4646500000000E+02  0.1191780E+01  0.3437193E-02 -0.1214866E-03  0.1571235E-03 -0.2681044E-02  0.1316793E-03
  0.4649833333333E+02  0.1191895E+01  0.3448372E-02 -0.1162250E-03  0.1578499E-03 -0.2676634E-02  0.1323003E-03
  0.4653166666667E+02  0.1192010E+01  0.3459621E-02 -0.1109390E-03  0.1585789E-03 -0.2672203E-02  0.1329236E-03
  0.4656500000000E+02  0.1192126E+01  0.3470937E-02 -0.1056287E-03  0.1593105E-03 -0.2667751E-02  0.1335493E-03
  0.4659833333333E+02  0.1192242E+01  0.3482323E-02 -0.1002938E-03  0.1600447E-03 -0.2663279E-02  0.1341773E-03
  0.4663166666667E+02  0.1192359E+01  0.3493779E-02 -0.9493445E-04  0.1607815E-03 -0.2658785E-02  0.1348079E-03
  0.4666500000000E+02  0.1192475E+01  0.3505304E-02 -0.8955042E-04  0.1615210E-03 -0.2654270E-02  0.1354411E-03
  0.4669833333333E+02  0.1192593E+01  0.3516899E-02 -0.8414165E-04  0.1622631E-03 -0.2649734E-02  0.1360768E-03
  0.4673166666667E+02  0.1192710E+01  0.3528564E-02 -0.7870805E-04  0.1630079E-03 -0.2645177E-02  0.1367153E-03
  0.4676500000000E+02  0.1192828E+01  0.3540300E-02 -0.7324954E-04  0.1637554E-03 -0.2640599E-02  0.1373566E-03
  0.4679833333333E+02  0.1192947E+01  0.3552107E-02 -0.6776602E-04  0.1645056E-03 -0.2635999E-02  0.1380008E-03
  0.4683166666667E+02  0.1193065E+01  0.3563986E-02 -0.6225740E-04  0.1652586E-03 -0.2631377E-02  0.1386480E-03
  0.4686500000000E+02  0.1193185E+01  0.3575936E-02 -0.5672359E-04  0.1660143E-03 -0.2626734E-02  0.1392982E-03
  0.4689833333333E+02  0.1193304E+01  0.3587959E-02 -0.5116449E-04  0.1667729E-03 -0.2622069E-02  0.1399516E-03
  0.4693166666667E+02  0.1193424E+01  0.3600054E-02 -0.4558002E-04  0.1675342E-03 -0.2617382E-02  0.1406083E-03
  0.4696500000000E+02  0.1193545E+01  0.3612222E-02 -0.3997007E-04  0.1682984E-03 -0.2612673E-02  0.1412683E-03
  0.4699833333333E+02  0.1193665E+01  0.3624463E-02 -0.3433456E-04  0.1690654E-03 -0.2607942E-02  0.1419318E-03
  0.4703166666667E+02  0.1193787E+01  0.3636778E-02 -0.2867338E-04  0.1698353E-03 -0.2603188E-02  0.1425989E-03
  0.4706500000000E+02  0.1193908E+01  0.3649168E-02 -0.2298644E-04  0.1706082E-03 -0.2598413E-02  0.1432696E-03
  0.4709833333333E+02  0.1194030E+01  0.3661632E-02 -0.1727364E-04  0.1713840E-03 -0.2593615E-02  0.1439442E-03
  0.4713166666667E+02  0.1194153E+01  0.3674172E-02 -0.1153488E-04  0.1721628E-03 -0.2588794E-02  0.1446228E-03
  0.4716500000000E+02  0.1194276E+01  0.3686787E-02 -0.5770059E-05  0.1729447E-03 -0.2583950E-02  0.1453054E-03
  0.4719833333333E+02  0.1194399E+01  0.3699478E-02  0.2092706E-07  0.1737296E-03 -0.2579084E-02  0.1459922E-03
  0.4723166666667E+02  0.1194523E+01  0.3712245E-02  0.5838180E-05  0.1745176E-03 -0.2574195E-02  0.1466834E-03
  0.4726500000000E+02  0.1194647E+01  0.3725090E-02  0.1168180E-04  0.1753087E-03 -0.2569282E-02  0.1473791E-03
  0.4729833333333E+02  0.1194772E+01  0.3738013E-02  0.1755190E-04  0.1761030E-03 -0.2564346E-02  0.1480794E-03
  0.4733166666667E+02  0.1194897E+01  0.3751014E-02  0.2344859E-04  0.1769006E-03 -0.2559386E-02  0.1487845E-03
  0.4736500000000E+02  0.1195022E+01  0.3764093E-02  0.2937197E-04  0.1777014E-03 -0.2554403E-02  0.1494946E-03
  0.4739833333333E+02  0.1195148E+01  0.3777252E-02  0.3532215E-04  0.1785055E-03 -0.2549396E-02  0.1502098E-03
  0.4743166666667E+02  0.1195274E+01  0.3790491E-02  0.4129925E-04  0.1793130E-03 -0.2544365E-02  0.1509303E-03
  0.4746500000000E+02  0.1195401E+01  0.3803810E-02  0.4730338E-04  0.1801238E-03 -0.2539310E-02  0.1516562E-03
  0.4749833333333E+02  0.1195528E+01  0.3817211E-02  0.5333465E-04  0.1809382E-03 -0.2534231E-02  0.1523879E-03
  0.4753166666667E+02  0.1195656E+01  0.3830693E-02  0.5939319E-04  0.1817560E-03 -0.2529126E-02  0.1531253E-03
  0.4756500000000E+02  0.1195784E+01  0.3844258E-02  0.6547910E-04  0.1825775E-03 -0.2523997E-02  0.1538688E-03
  0.4759833333333E+02  0.1195913E+01  0.3857906E-02  0.7159252E-04  0.1834025E-03 -0.2518843E-02  0.1546185E-03
  0.4763166666667E+02  0.1196042E+01  0.3871638E-02  0.7773356E-04  0.1842313E-03 -0.2513664E-02  0.1553747E-03
  0.4766500000000E+02  0.1196171E+01  0.3885454E-02  0.8390236E-04  0.1850638E-03 -0.2508460E-02  0.1561375E-03
  0.4769833333333E+02  0.1196301E+01  0.3899356E-02  0.9009903E-04  0.1859001E-03 -0.2503229E-02  0.1569073E-03
  0.4773166666667E+02  0.1196432E+01  0.3913343E-02  0.9632370E-04  0.1867403E-03 -0.2497973E-02  0.1576841E-03
  0.4776500000000E+02  0.1196563E+01  0.3927418E-02  0.1025765E-03  0.1875845E-03 -0.2492691E-02  0.1584683E-03
  0.4779833333333E+02  0.1196694E+01  0.3941580E-02  0.1088576E-03  0.1884327E-03 -0.2487382E-02  0.1592600E-03
  0.4783166666667E+02  0.1196826E+01  0.3955831E-02  0.1151671E-03  0.1892849E-03 -0.2482047E-02  0.1600596E-03
  0.4786500000000E+02  0.1196958E+01  0.3970171E-02  0.1215052E-03  0.1901414E-03 -0.2476685E-02  0.1608673E-03
  0.4789833333333E+02  0.1197091E+01  0.3984601E-02  0.1278719E-03  0.1910021E-03 -0.2471295E-02  0.1616833E-03
  0.4793166666667E+02  0.1197224E+01  0.3999122E-02  0.1342675E-03  0.1918672E-03 -0.2465878E-02  0.1625079E-03
  0.4796500000000E+02  0.1197358E+01  0.4013736E-02  0.1406920E-03  0.1927366E-03 -0.2460434E-02  0.1633414E-03
  0.4799833333333E+02  0.1197493E+01  0.4028442E-02  0.1471457E-03  0.1936106E-03 -0.2454961E-02  0.1641841E-03
  0.4803166666667E+02  0.1197627E+01  0.4043242E-02  0.1536287E-03  0.1944892E-03 -0.2449460E-02  0.1650362E-03
  0.4806500000000E+02  0.1197763E+01  0.4058137E-02  0.1601411E-03  0.1953724E-03 -0.2443930E-02  0.1658981E-03
  0.4809833333333E+02  0.1197898E+01  0.4073129E-02  0.1666831E-03  0.1962604E-03 -0.2438371E-02  0.1667700E-03
  0.4813166666667E+02  0.1198035E+01  0.4088217E-02  0.1732549E-03  0.1971534E-03 -0.2432782E-02  0.1676523E-03
  0.4816500000000E+02  0.1198171E+01  0.4103403E-02  0.1798566E-03  0.1980512E-03 -0.2427164E-02  0.1685452E-03
  0.4819833333333E+02  0.1198309E+01  0.4118689E-02  0.1864884E-03  0.1989542E-03 -0.2421516E-02  0.1694491E-03
  0.4823166666667E+02  0.1198446E+01  0.4134075E-02  0.1931505E-03  0.1998624E-03 -0.2415837E-02  0.1703644E-03
  0.4826500000000E+02  0.1198585E+01  0.4149562E-02  0.1998430E-03  0.2007758E-03 -0.2410127E-02  0.1712912E-03
  0.4829833333333E+02  0.1198724E+01  0.4165153E-02  0.2065662E-03  0.2016947E-03 -0.2404386E-02  0.1722300E-03
  0.4833166666667E+02  0.1198863E+01  0.4180847E-02  0.2133201E-03  0.2026190E-03 -0.2398614E-02  0.1731812E-03
  0.4836500000000E+02  0.1199003E+01  0.4196647E-02  0.2201051E-03  0.2035490E-03 -0.2392809E-02  0.1741449E-03
  0.4839833333333E+02  0.1199143E+01  0.4212553E-02  0.2269212E-03  0.2044847E-03 -0.2386971E-02  0.1751217E-03
  0.4843166666667E+02  0.1199284E+01  0.4228567E-02  0.2337688E-03  0.2054263E-03 -0.2381101E-02  0.1761118E-03
  0.4846500000000E+02  0.1199426E+01  0.4244691E-02  0.2406479E-03  0.2063738E-03 -0.2375197E-02  0.1771156E-03
  0.4849833333333E+02  0.1199568E+01  0.4260925E-02  0.2475588E-03  0.2073275E-03 -0.2369259E-02  0.1781335E-03
  0.4853166666667E+02  0.1199710E+01  0.4277271E-02  0.2545017E-03  0.2082874E-03 -0.2363287E-02  0.1791658E-03
  0.4856500000000E+02  0.1199853E+01  0.4293731E-02  0.2614769E-03  0.2092537E-03 -0.2357280E-02  0.1802129E-03
  0.4859833333333E+02  0.1199997E+01  0.4310306E-02  0.2684844E-03  0.2102264E-03 -0.2351238E-02  0.1812751E-03
  0.4863166666667E+02  0.1200141E+01  0.4326998E-02  0.2755246E-03  0.2112058E-03 -0.2345159E-02  0.1823529E-03
  0.4866500000000E+02  0.1200286E+01  0.4343808E-02  0.2825977E-03  0.2121919E-03 -0.2339044E-02  0.1834465E-03
  0.4869833333333E+02  0.1200432E+01  0.4360738E-02  0.2897038E-03  0.2131849E-03 -0.2332892E-02  0.1845563E-03
  0.4873166666667E+02  0.1200577E+01  0.4377789E-02  0.2968433E-03  0.2141849E-03 -0.2326703E-02  0.1856828E-03
  0.4876500000000E+02  0.1200724E+01  0.4394963E-02  0.3040164E-03  0.2151920E-03 -0.2320475E-02  0.1868262E-03
  0.4879833333333E+02  0.1200871E+01  0.4412262E-02  0.3112233E-03  0.2162065E-03 -0.2314209E-02  0.1879869E-03
  0.4883166666667E+02  0.1201019E+01  0.4429688E-02  0.3184642E-03  0.2172284E-03 -0.2307904E-02  0.1891654E-03
  0.4886500000000E+02  0.1201167E+01  0.4447242E-02  0.3257395E-03  0.2182579E-03 -0.2301558E-02  0.1903618E-03
  0.4889833333333E+02  0.1201316E+01  0.4464926E-02  0.3330493E-03  0.2192951E-03 -0.2295172E-02  0.1915766E-03
  0.4893166666667E+02  0.1201465E+01  0.4482742E-02  0.3403940E-03  0.2203401E-03 -0.2288745E-02  0.1928102E-03
  0.4896500000000E+02  0.1201615E+01  0.4500691E-02  0.3477738E-03  0.2213931E-03 -0.2282277E-02  0.1940628E-03
  0.4899833333333E+02  0.1201766E+01  0.4518777E-02  0.3551889E-03  0.2224543E-03 -0.2275765E-02  0.1953348E-03
  0.4903166666667E+02  0.1201917E+01  0.4536999E-02  0.3626397E-03  0.2235238E-03 -0.2269211E-02  0.1966265E-03
  0.4906500000000E+02  0.1202069E+01  0.4555361E-02  0.3701264E-03  0.2246017E-03 -0.2262613E-02  0.1979382E-03
  0.4909833333333E+02  0.1202221E+01  0.4573865E-02  0.3776494E-03  0.2256881E-03 -0.2255971E-02  0.1992703E-03
  0.4913166666667E+02  0.1202374E+01  0.4592511E-02  0.3852088E-03  0.2267833E-03 -0.2249284E-02  0.2006230E-03
  0.4916500000000E+02  0.1202528E+01  0.4611304E-02  0.3928051E-03  0.2278873E-03 -0.2242550E-02  0.2019966E-03
  0.4919833333333E+02  0.1202683E+01  0.4630243E-02  0.4004384E-03  0.2290003E-03 -0.2235771E-02  0.2033914E-03
  0.4923166666667E+02  0.1202837E+01  0.4649331E-02  0.4081091E-03  0.2301225E-03 -0.2228944E-02  0.2048076E-03
  0.4926500000000E+02  0.1202993E+01  0.4668571E-02  0.4158176E-03  0.2312539E-03 -0.2222069E-02  0.2062454E-03
  0.4929833333333E+02  0.1203149E+01  0.4687965E-02  0.4235641E-03  0.2323947E-03 -0.2215145E-02  0.2077052E-03
  0.4933166666667E+02  0.1203306E+01  0.4707514E-02  0.4313489E-03  0.2335450E-03 -0.2208172E-02  0.2091872E-03
  0.4936500000000E+02  0.1203464E+01  0.4727220E-02  0.4391724E-03  0.2347050E-03 -0.2201149E-02  0.2106914E-03
  0.4939833333333E+02  0.1203622E+01  0.4747086E-02  0.4470349E-03  0.2358748E-03 -0.2194075E-02  0.2122182E-03
  0.4943166666667E+02  0.1203781E+01  0.4767113E-02  0.4549367E-03  0.2370546E-03 -0.2186950E-02  0.2137676E-03
  0.4946500000000E+02  0.1203941E+01  0.4787305E-02  0.4628782E-03  0.2382444E-03 -0.2179772E-02  0.2153398E-03
  0.4949833333333E+02  0.1204101E+01  0.4807662E-02  0.4708597E-03  0.2394443E-03 -0.2172541E-02  0.2169350E-03
  0.4953166666667E+02  0.1204262E+01  0.4828187E-02  0.4788815E-03  0.2406546E-03 -0.2165256E-02  0.2185533E-03
  0.4956500000000E+02  0.1204423E+01  0.4848882E-02  0.4869440E-03  0.2418753E-03 -0.2157916E-02  0.2201947E-03
  0.4959833333333E+02  0.1204586E+01  0.4869749E-02  0.4950476E-03  0.2431065E-03 -0.2150520E-02  0.2218593E-03
  0.4963166666667E+02  0.1204749E+01  0.4890791E-02  0.5031925E-03  0.2443483E-03 -0.2143069E-02  0.2235472E-03
  0.4966500000000E+02  0.1204912E+01  0.4912008E-02  0.5113792E-03  0.2456009E-03 -0.2135560E-02  0.2252584E-03
  0.4969833333333E+02  0.1205077E+01  0.4933404E-02  0.5196080E-03  0.2468643E-03 -0.2127994E-02  0.2269929E-03
  0.4973166666667E+02  0.1205242E+01  0.4954980E-02  0.5278793E-03  0.2481387E-03 -0.2120369E-02  0.2287506E-03
  0.4976500000000E+02  0.1205408E+01  0.4976738E-02  0.5361935E-03  0.2494241E-03 -0.2112684E-02  0.2305316E-03
  0.4979833333333E+02  0.1205575E+01  0.4998681E-02  0.5445508E-03  0.2507207E-03 -0.2104940E-02  0.2323358E-03
  0.4983166666667E+02  0.1205742E+01  0.5020810E-02  0.5529518E-03  0.2520285E-03 -0.2097134E-02  0.2341631E-03
  0.4986500000000E+02  0.1205910E+01  0.5043127E-02  0.5613967E-03  0.2533476E-03 -0.2089267E-02  0.2360134E-03
  0.4989833333333E+02  0.1206079E+01  0.5065634E-02  0.5698860E-03  0.2546781E-03 -0.2081338E-02  0.2378866E-03
  0.4993166666667E+02  0.1206249E+01  0.5088333E-02  0.5784200E-03  0.2560200E-03 -0.2073345E-02  0.2397825E-03
  0.4996500000000E+02  0.1206419E+01  0.5111227E-02  0.5869991E-03  0.2573735E-03 -0.2065288E-02  0.2417010E-03
  0.4999833333333E+02  0.1206590E+01  0.5134316E-02  0.5956237E-03  0.2587385E-03 -0.2057167E-02  0.2436418E-03
  0.5003166666667E+02  0.1206762E+01  0.5157603E-02  0.6042942E-03  0.2601153E-03 -0.2048980E-02  0.2456047E-03
  0.5006500000000E+02  0.1206935E+01  0.5181090E-02  0.6130110E-03  0.2615037E-03 -0.2040727E-02  0.2475896E-03
  0.5009833333333E+02  0.1207108E+01  0.5204777E-02  0.6217744E-03  0.2629039E-03 -0.2032407E-02  0.2495960E-03
  0.5013166666667E+02  0.1207282E+01  0.5228668E-02  0.6305850E-03  0.2643158E-03 -0.2024020E-02  0.2516239E-03
  0.5016500000000E+02  0.1207458E+01  0.5252764E-02  0.6394430E-03  0.2657396E-03 -0.2015564E-02  0.2536728E-03
  0.5019833333333E+02  0.1207633E+01  0.5277065E-02  0.6483488E-03  0.2671753E-03 -0.2007039E-02  0.2557424E-03
  0.5023166666667E+02  0.1207810E+01  0.5301575E-02  0.6573029E-03  0.2686229E-03 -0.1998445E-02  0.2578324E-03
  0.5026500000000E+02  0.1207988E+01  0.5326295E-02  0.6663057E-03  0.2700825E-03 -0.1989780E-02  0.2599424E-03
  0.5029833333333E+02  0.1208166E+01  0.5351225E-02  0.6753575E-03  0.2715539E-03 -0.1981044E-02  0.2620721E-03
  0.5033166666667E+02  0.1208345E+01  0.5376368E-02  0.6844587E-03  0.2730373E-03 -0.1972237E-02  0.2642210E-03
  0.5036500000000E+02  0.1208525E+01  0.5401726E-02  0.6936098E-03  0.2745327E-03 -0.1963357E-02  0.2663887E-03
  0.5039833333333E+02  0.1208706E+01  0.5427299E-02  0.7028111E-03  0.2760401E-03 -0.1954405E-02  0.2685748E-03
  0.5043166666667E+02  0.1208888E+01  0.5453089E-02  0.7120631E-03  0.2775594E-03 -0.1945379E-02  0.2707789E-03
  0.5046500000000E+02  0.1209071E+01  0.5479097E-02  0.7213661E-03  0.2790906E-03 -0.1936279E-02  0.2730004E-03
  0.5049833333333E+02  0.1209254E+01  0.5505326E-02  0.7307206E-03  0.2806338E-03 -0.1927104E-02  0.2752388E-03
  0.5053166666667E+02  0.1209439E+01  0.5531775E-02  0.7401269E-03  0.2821889E-03 -0.1917855E-02  0.2774938E-03
  0.5056500000000E+02  0.1209624E+01  0.5558446E-02  0.7495854E-03  0.2837559E-03 -0.1908529E-02  0.2797647E-03
  0.5059833333333E+02  0.1209810E+01  0.5585340E-02  0.7590966E-03  0.2853347E-03 -0.1899127E-02  0.2820511E-03
  0.5063166666667E+02  0.1209997E+01  0.5612460E-02  0.7686607E-03  0.2869253E-03 -0.1889649E-02  0.2843524E-03
  0.5066500000000E+02  0.1210185E+01  0.5639804E-02  0.7782783E-03  0.2885278E-03 -0.1880093E-02  0.2866680E-03
  0.5069833333333E+02  0.1210374E+01  0.5667376E-02  0.7879497E-03  0.2901419E-03 -0.1870460E-02  0.2889975E-03
  0.5073166666667E+02  0.1210564E+01  0.5695175E-02  0.7976753E-03  0.2917677E-03 -0.1860749E-02  0.2913402E-03
  0.5076500000000E+02  0.1210755E+01  0.5723203E-02  0.8074555E-03  0.2934051E-03 -0.1850959E-02  0.2936956E-03
  0.5079833333333E+02  0.1210946E+01  0.5751460E-02  0.8172906E-03  0.2950540E-03 -0.1841090E-02  0.2960631E-03
  0.5083166666667E+02  0.1211139E+01  0.5779948E-02  0.8271811E-03  0.2967144E-03 -0.1831142E-02  0.2984422E-03
  0.5086500000000E+02  0.1211333E+01  0.5808667E-02  0.8371273E-03  0.2983862E-03 -0.1821114E-02  0.3008321E-03
  0.5089833333333E+02  0.1211527E+01  0.5837618E-02  0.8471296E-03  0.3000692E-03 -0.1811007E-02  0.3032324E-03
  0.5093166666667E+02  0.1211723E+01  0.5866801E-02  0.8571884E-03  0.3017635E-03 -0.1800818E-02  0.3056424E-03
  0.5096500000000E+02  0.1211919E+01  0.5896219E-02  0.8673040E-03  0.3034689E-03 -0.1790550E-02  0.3080616E-03
  0.5099833333333E+02  0.1212117E+01  0.5925870E-02  0.8774769E-03  0.3051853E-03 -0.1780200E-02  0.3104893E-03
  0.5103166666667E+02  0.1212315E+01  0.5955755E-02  0.8877073E-03  0.3069126E-03 -0.1769769E-02  0.3129249E-03
  0.5106500000000E+02  0.1212515E+01  0.5985876E-02  0.8979956E-03  0.3086506E-03 -0.1759257E-02  0.3153679E-03
  0.5109833333333E+02  0.1212715E+01  0.6016233E-02  0.9083423E-03  0.3103994E-03 -0.1748663E-02  0.3178175E-03
  0.5113166666667E+02  0.1212917E+01  0.6046825E-02  0.9187476E-03  0.3121586E-03 -0.1737987E-02  0.3202733E-03
  0.5116500000000E+02  0.1213120E+01  0.6077654E-02  0.9292119E-03  0.3139282E-03 -0.1727230E-02  0.3227345E-03
  0.5119833333333E+02  0.1213323E+01  0.6108720E-02  0.9397355E-03  0.3157081E-03 -0.1716389E-02  0.3252007E-03
  0.5123166666667E+02  0.1213528E+01  0.6140022E-02  0.9503187E-03  0.3174981E-03 -0.1705467E-02  0.3276711E-03
  0.5126500000000E+02  0.1213734E+01  0.6171562E-02  0.9609620E-03  0.3192981E-03 -0.1694462E-02  0.3301451E-03
  0.5129833333333E+02  0.1213940E+01  0.6203339E-02  0.9716656E-03  0.3211078E-03 -0.1683375E-02  0.3326222E-03
  0.5133166666667E+02  0.1214148E+01  0.6235353E-02  0.9824298E-03  0.3229271E-03 -0.1672205E-02  0.3351017E-03
  0.5136500000000E+02  0.1214357E+01  0.6267605E-02  0.9932550E-03  0.3247559E-03 -0.1660952E-02  0.3375830E-03
  0.5139833333333E+02  0.1214567E+01  0.6300094E-02  0.1004141E-02  0.3265939E-03 -0.1649617E-02  0.3400654E-03
  0.5143166666667E+02  0.1214778E+01  0.6332821E-02  0.1015090E-02  0.3284410E-03 -0.1638198E-02  0.3425484E-03
  0.5146500000000E+02  0.1214990E+01  0.6365785E-02  0.1026099E-02  0.3302969E-03 -0.1626697E-02  0.3450313E-03
  0.5149833333333E+02  0.1215204E+01  0.6398986E-02  0.1037171E-02  0.3321615E-03 -0.1615113E-02  0.3475134E-03
  0.5153166666667E+02  0.1215418E+01  0.6432424E-02  0.1048306E-02  0.3340345E-03 -0.1603447E-02  0.3499942E-03
  0.5156500000000E+02  0.1215634E+01  0.6466099E-02  0.1059503E-02  0.3359158E-03 -0.1591698E-02  0.3524730E-03
  0.5159833333333E+02  0.1215850E+01  0.6500010E-02  0.1070763E-02  0.3378050E-03 -0.1579866E-02  0.3549491E-03
  0.5163166666667E+02  0.1216068E+01  0.6534156E-02  0.1082087E-02  0.3397019E-03 -0.1567952E-02  0.3574220E-03
  0.5166500000000E+02  0.1216287E+01  0.6568538E-02  0.1093474E-02  0.3416064E-03 -0.1555956E-02  0.3598910E-03
  0.5169833333333E+02  0.1216507E+01  0.6603155E-02  0.1104924E-02  0.3435181E-03 -0.1543877E-02  0.3623554E-03
  0.5173166666667E+02  0.1216729E+01  0.6638006E-02  0.1116439E-02  0.3454368E-03 -0.1531717E-02  0.3648146E-03
  0.5176500000000E+02  0.1216951E+01  0.6673090E-02  0.1128017E-02  0.3473622E-03 -0.1519475E-02  0.3672681E-03
  0.5179833333333E+02  0.1217175E+01  0.6708406E-02  0.1139661E-02  0.3492940E-03 -0.1507151E-02  0.3697151E-03
  0.5183166666667E+02  0.1217399E+01  0.6743954E-02  0.1151368E-02  0.3512320E-03 -0.1494746E-02  0.3721551E-03
  0.5186500000000E+02  0.1217625E+01  0.6779733E-02  0.1163141E-02  0.3531758E-03 -0.1482259E-02  0.3745875E-03
  0.5189833333333E+02  0.1217853E+01  0.6815741E-02  0.1174978E-02  0.3551253E-03 -0.1469692E-02  0.3770116E-03
  0.5193166666667E+02  0.1218081E+01  0.6851977E-02  0.1186881E-02  0.3570799E-03 -0.1457045E-02  0.3794270E-03
  0.5196500000000E+02  0.1218311E+01  0.6888439E-02  0.1198849E-02  0.3590396E-03 -0.1444317E-02  0.3818330E-03
  0.5199833333333E+02  0.1218541E+01  0.6925127E-02  0.1210883E-02  0.3610038E-03 -0.1431509E-02  0.3842292E-03
  0.5203166666667E+02  0.1218773E+01  0.6962039E-02  0.1222982E-02  0.3629724E-03 -0.1418622E-02  0.3866150E-03
  0.5206500000000E+02  0.1219007E+01  0.6999173E-02  0.1235146E-02  0.3649449E-03 -0.1405656E-02  0.3889900E-03
  0.5209833333333E+02  0.1219241E+01  0.7036526E-02  0.1247377E-02  0.3669211E-03 -0.1392611E-02  0.3913536E-03
  0.5213166666667E+02  0.1219477E+01  0.7074098E-02  0.1259674E-02  0.3689006E-03 -0.1379487E-02  0.3937054E-03
  0.5216500000000E+02  0.1219714E+01  0.7111885E-02  0.1272037E-02  0.3708830E-03 -0.1366286E-02  0.3960450E-03
  0.5219833333333E+02  0.1219953E+01  0.7149886E-02  0.1284465E-02  0.3728680E-03 -0.1353007E-02  0.3983721E-03
  0.5223166666667E+02  0.1220192E+01  0.7188098E-02  0.1296961E-02  0.3748553E-03 -0.1339650E-02  0.4006862E-03
  0.5226500000000E+02  0.1220433E+01  0.7226518E-02  0.1309522E-02  0.3768444E-03 -0.1326217E-02  0.4029869E-03
  0.5229833333333E+02  0.1220675E+01  0.7265144E-02  0.1322150E-02  0.3788350E-03 -0.1312708E-02  0.4052741E-03
  0.5233166666667E+02  0.1220919E+01  0.7303974E-02  0.1334844E-02  0.3808267E-03 -0.1299123E-02  0.4075472E-03
  0.5236500000000E+02  0.1221163E+01  0.7343002E-02  0.1347605E-02  0.3828191E-03 -0.1285463E-02  0.4098061E-03
  0.5239833333333E+02  0.1221409E+01  0.7382228E-02  0.1360432E-02  0.3848119E-03 -0.1271728E-02  0.4120505E-03
  0.5243166666667E+02  0.1221657E+01  0.7421647E-02  0.1373325E-02  0.3868046E-03 -0.1257919E-02  0.4142800E-03
  0.5246500000000E+02  0.1221906E+01  0.7461256E-02  0.1386285E-02  0.3887968E-03 -0.1244036E-02  0.4164945E-03
  0.5249833333333E+02  0.1222156E+01  0.7501052E-02  0.1399312E-02  0.3907881E-03 -0.1230079E-02  0.4186936E-03
  0.5253166666667E+02  0.1222407E+01  0.7541030E-02  0.1412404E-02  0.3927781E-03 -0.1216050E-02  0.4208770E-03
  0.5256500000000E+02  0.1222660E+01  0.7581188E-02  0.1425563E-02  0.3947662E-03 -0.1201949E-02  0.4230446E-03
  0.5259833333333E+02  0.1222914E+01  0.7621520E-02  0.1438788E-02  0.3967522E-03 -0.1187775E-02  0.4251960E-03
  0.5263166666667E+02  0.1223169E+01  0.7662024E-02  0.1452079E-02  0.3987355E-03 -0.1173531E-02  0.4273310E-03
  0.5266500000000E+02  0.1223426E+01  0.7702695E-02  0.1465436E-02  0.4007157E-03 -0.1159216E-02  0.4294492E-03
  0.5269833333333E+02  0.1223684E+01  0.7743528E-02  0.1478860E-02  0.4026922E-03 -0.1144831E-02  0.4315504E-03
  0.5273166666667E+02  0.1223943E+01  0.7784521E-02  0.1492348E-02  0.4046646E-03 -0.1130376E-02  0.4336343E-03
  0.5276500000000E+02  0.1224204E+01  0.7825667E-02  0.1505903E-02  0.4066325E-03 -0.1115853E-02  0.4357005E-03
  0.5279833333333E+02  0.1224467E+01  0.7866963E-02  0.1519523E-02  0.4085952E-03 -0.1101262E-02  0.4377486E-03
  0.5283166666667E+02  0.1224730E+01  0.7908405E-02  0.1533208E-02  0.4105523E-03 -0.1086602E-02  0.4397785E-03
  0.5286500000000E+02  0.1224995E+01  0.7949986E-02  0.1546958E-02  0.4125032E-03 -0.1071876E-02  0.4417897E-03
  0.5289833333333E+02  0.1225262E+01  0.7991704E-02  0.1560773E-02  0.4144475E-03 -0.1057083E-02  0.4437818E-03
  0.5293166666667E+02  0.1225529E+01  0.8033552E-02  0.1574652E-02  0.4163845E-03 -0.1042225E-02  0.4457546E-03
  0.5296500000000E+02  0.1225799E+01  0.8075525E-02  0.1588596E-02  0.4183137E-03 -0.1027301E-02  0.4477077E-03
  0.5299833333333E+02  0.1226069E+01  0.8117620E-02  0.1602604E-02  0.4202345E-03 -0.1012313E-02  0.4496408E-03
  0.5303166666667E+02  0.1226341E+01  0.8159830E-02  0.1616675E-02  0.4221463E-03 -0.9972613E-03  0.4515537E-03
  0.5306500000000E+02  0.1226615E+01  0.8202150E-02  0.1630810E-02  0.4240486E-03 -0.9821464E-03  0.4534459E-03
  0.5309833333333E+02  0.1226889E+01  0.8244575E-02  0.1645008E-02  0.4259408E-03 -0.9669692E-03  0.4553174E-03
  0.5313166666667E+02  0.1227166E+01  0.8287100E-02  0.1659269E-02  0.4278223E-03 -0.9517302E-03  0.4571680E-03
  0.5316500000000E+02  0.1227443E+01  0.8329717E-02  0.1673592E-02  0.4296924E-03 -0.9364303E-03  0.4589975E-03
  0.5319833333333E+02  0.1227722E+01  0.8372423E-02  0.1687977E-02  0.4315505E-03 -0.9210701E-03  0.4608058E-03
  0.5323166666667E+02  0.1228003E+01  0.8415210E-02  0.1702424E-02  0.4333960E-03 -0.9056504E-03  0.4625931E-03
  0.5326500000000E+02  0.1228285E+01  0.8458074E-02  0.1716931E-02  0.4352284E-03 -0.8901717E-03  0.4643593E-03
  0.5329833333333E+02  0.1228568E+01  0.8501007E-02  0.1731500E-02  0.4370469E-03 -0.8746349E-03  0.4661047E-03
  0.5333166666667E+02  0.1228853E+01  0.8544003E-02  0.1746128E-02  0.4388509E-03 -0.8590406E-03  0.4678294E-03
  0.5336500000000E+02  0.1229139E+01  0.8587057E-02  0.1760816E-02  0.4406398E-03 -0.8433894E-03  0.4695340E-03
  0.5339833333333E+02  0.1229427E+01  0.8630161E-02  0.1775563E-02  0.4424130E-03 -0.8276822E-03  0.4712187E-03
  0.5343166666667E+02  0.1229716E+01  0.8673310E-02  0.1790369E-02  0.4441699E-03 -0.8119194E-03  0.4728842E-03
  0.5346500000000E+02  0.1230007E+01  0.8716497E-02  0.1805232E-02  0.4459097E-03 -0.7961016E-03  0.4745311E-03
  0.5349833333333E+02  0.1230299E+01  0.8759715E-02  0.1820153E-02  0.4476320E-03 -0.7802296E-03  0.4761601E-03
  0.5353166666667E+02  0.1230592E+01  0.8802957E-02  0.1835131E-02  0.4493360E-03 -0.7643039E-03  0.4777722E-03
  0.5356500000000E+02  0.1230887E+01  0.8846218E-02  0.1850165E-02  0.4510211E-03 -0.7483250E-03  0.4793682E-03
  0.5359833333333E+02  0.1231183E+01  0.8889490E-02  0.1865255E-02  0.4526867E-03 -0.7322933E-03  0.4809493E-03
  0.5363166666667E+02  0.1231481E+01  0.8932768E-02  0.1880399E-02  0.4543323E-03 -0.7162094E-03  0.4825166E-03
  0.5366500000000E+02  0.1231780E+01  0.8976044E-02  0.1895598E-02  0.4559571E-03 -0.7000737E-03  0.4840713E-03
  0.5369833333333E+02  0.1232081E+01  0.9019313E-02  0.1910850E-02  0.4575606E-03 -0.6838866E-03  0.4856149E-03
  0.5373166666667E+02  0.1232383E+01  0.9062568E-02  0.1926155E-02  0.4591422E-03 -0.6676483E-03  0.4871487E-03
  0.5376500000000E+02  0.1232686E+01  0.9105805E-02  0.1941511E-02  0.4607014E-03 -0.6513591E-03  0.4886742E-03
  0.5379833333333E+02  0.1232991E+01  0.9149016E-02  0.1956919E-02  0.4622375E-03 -0.6350194E-03  0.4901931E-03
  0.5383166666667E+02  0.1233298E+01  0.9192197E-02  0.1972378E-02  0.4637499E-03 -0.6186291E-03  0.4917070E-03
  0.5386500000000E+02  0.1233606E+01  0.9235342E-02  0.1987885E-02  0.4652382E-03 -0.6021885E-03  0.4932176E-03
  0.5389833333333E+02  0.1233915E+01  0.9278448E-02  0.2003442E-02  0.4667018E-03 -0.5856977E-03  0.4947268E-03
  0.5393166666667E+02  0.1234226E+01  0.9321508E-02  0.2019047E-02  0.4681400E-03 -0.5691564E-03  0.4962363E-03
  0.5396500000000E+02  0.1234538E+01  0.9364519E-02  0.2034699E-02  0.4695525E-03 -0.5525648E-03  0.4977482E-03
  0.5399833333333E+02  0.1234851E+01  0.9407478E-02  0.2050397E-02  0.4709387E-03 -0.5359227E-03  0.4992644E-03
  0.5403166666667E+02  0.1235166E+01  0.9450381E-02  0.2066140E-02  0.4722981E-03 -0.5192298E-03  0.5007868E-03
  0.5406500000000E+02  0.1235483E+01  0.9493224E-02  0.2081928E-02  0.4736303E-03 -0.5024859E-03  0.5023176E-03
  0.5409833333333E+02  0.1235801E+01  0.9536006E-02  0.2097759E-02  0.4749346E-03 -0.4856906E-03  0.5038588E-03
  0.5413166666667E+02  0.1236120E+01  0.9578723E-02  0.2113632E-02  0.4762108E-03 -0.4688435E-03  0.5054125E-03
  0.5416500000000E+02  0.1236441E+01  0.9621375E-02  0.2129548E-02  0.4774583E-03 -0.4519441E-03  0.5069809E-03
  0.5419833333333E+02  0.1236763E+01  0.9663959E-02  0.2145504E-02  0.4786768E-03 -0.4349919E-03  0.5085661E-03
  0.5423166666667E+02  0.1237086E+01  0.9706475E-02  0.2161499E-02  0.4798658E-03 -0.4179863E-03  0.5101702E-03
  0.5426500000000E+02  0.1237411E+01  0.9748923E-02  0.2177533E-02  0.4810250E-03 -0.4009264E-03  0.5117956E-03
  0.5429833333333E+02  0.1237738E+01  0.9791301E-02  0.2193605E-02  0.4821540E-03 -0.3838116E-03  0.5134444E-03
  0.5433166666667E+02  0.1238065E+01  0.9833610E-02  0.2209713E-02  0.4832524E-03 -0.3666410E-03  0.5151187E-03
  0.5436500000000E+02  0.1238395E+01  0.9875850E-02  0.2225857E-02  0.4843200E-03 -0.3494136E-03  0.5168209E-03
  0.5439833333333E+02  0.1238725E+01  0.9918023E-02  0.2242036E-02  0.4853565E-03 -0.3321285E-03  0.5185530E-03
  0.5443166666667E+02  0.1239057E+01  0.9960128E-02  0.2258248E-02  0.4863616E-03 -0.3147846E-03  0.5203172E-03
  0.5446500000000E+02  0.1239391E+01  0.1000217E-01  0.2274493E-02  0.4873350E-03 -0.2973807E-03  0.5221157E-03
  0.5449833333333E+02  0.1239725E+01  0.1004414E-01  0.2290768E-02  0.4882766E-03 -0.2799157E-03  0.5239506E-03
  0.5453166666667E+02  0.1240062E+01  0.1008605E-01  0.2307075E-02  0.4891862E-03 -0.2623882E-03  0.5258240E-03
  0.5456500000000E+02  0.1240399E+01  0.1012790E-01  0.2323410E-02  0.4900636E-03 -0.2447970E-03  0.5277378E-03
  0.5459833333333E+02  0.1240738E+01  0.1016968E-01  0.2339774E-02  0.4909088E-03 -0.2271405E-03  0.5296941E-03
  0.5463166666667E+02  0.1241079E+01  0.1021141E-01  0.2356164E-02  0.4917216E-03 -0.2094174E-03  0.5316946E-03
  0.5466500000000E+02  0.1241420E+01  0.1025307E-01  0.2372581E-02  0.4925020E-03 -0.1916260E-03  0.5337411E-03
  0.5469833333333E+02  0.1241764E+01  0.1029468E-01  0.2389023E-02  0.4932501E-03 -0.1737648E-03  0.5358354E-03
  0.5473166666667E+02  0.1242108E+01  0.1033623E-01  0.2405488E-02  0.4939657E-03 -0.1558322E-03  0.5379788E-03
  0.5476500000000E+02  0.1242454E+01  0.1037772E-01  0.2421977E-02  0.4946491E-03 -0.1378264E-03  0.5401729E-03
  0.5479833333333E+02  0.1242801E+01  0.1041916E-01  0.2438487E-02  0.4953003E-03 -0.1197458E-03  0.5424188E-03
  0.5483166666667E+02  0.1243150E+01  0.1046054E-01  0.2455017E-02  0.4959194E-03 -0.1015885E-03  0.5447176E-03
  0.5486500000000E+02  0.1243500E+01  0.1050187E-01  0.2471568E-02  0.4965067E-03 -0.8335287E-04  0.5470702E-03
  0.5489833333333E+02  0.1243851E+01  0.1054314E-01  0.2488136E-02  0.4970623E-03 -0.6503696E-04  0.5494771E-03
  0.5493166666667E+02  0.1244204E+01  0.1058435E-01  0.2504723E-02  0.4975865E-03 -0.4663900E-04  0.5519389E-03
  0.5496500000000E+02  0.1244558E+01  0.1062550E-01  0.2521325E-02  0.4980796E-03 -0.2815714E-04  0.5544557E-03
  0.5499833333333E+02  0.1244914E+01  0.1066659E-01  0.2537943E-02  0.4985419E-03 -0.9589558E-05  0.5570275E-03
  0.5503166666667E+02  0.1245271E+01  0.1070763E-01  0.2554576E-02  0.4989738E-03  0.9065575E-05  0.5596540E-03
  0.5506500000000E+02  0.1245629E+01  0.1074859E-01  0.2571222E-02  0.4993756E-03  0.2781006E-04  0.5623346E-03
  0.5509833333333E+02  0.1245989E+01  0.1078950E-01  0.2587880E-02  0.4997478E-03  0.4664567E-04  0.5650684E-03
  0.5513166666667E+02  0.1246350E+01  0.1083033E-01  0.2604550E-02  0.5000908E-03  0.6557416E-04  0.5678545E-03
  0.5516500000000E+02  0.1246712E+01  0.1087109E-01  0.2621230E-02  0.5004051E-03  0.8459720E-04  0.5706914E-03
  0.5519833333333E+02  0.1247076E+01  0.1091178E-01  0.2637919E-02  0.5006911E-03  0.1037165E-03  0.5735775E-03
  0.5523166666667E+02  0.1247441E+01  0.1095239E-01  0.2654618E-02  0.5009493E-03  0.1229335E-03  0.5765110E-03
  0.5526500000000E+02  0.1247808E+01  0.1099292E-01  0.2671324E-02  0.5011804E-03  0.1422498E-03  0.5794897E-03
  0.5529833333333E+02  0.1248175E+01  0.1103336E-01  0.2688037E-02  0.5013846E-03  0.1616669E-03  0.5825113E-03
  0.5533166666667E+02  0.1248544E+01  0.1107372E-01  0.2704755E-02  0.5015627E-03  0.1811860E-03  0.5855730E-03
  0.5536500000000E+02  0.1248915E+01  0.1111398E-01  0.2721479E-02  0.5017152E-03  0.2008084E-03  0.5886723E-03
  0.5539833333333E+02  0.1249287E+01  0.1115414E-01  0.2738207E-02  0.5018425E-03  0.2205352E-03  0.5918059E-03
  0.5543166666667E+02  0.1249660E+01  0.1119420E-01  0.2754939E-02  0.5019453E-03  0.2403676E-03  0.5949706E-03
  0.5546500000000E+02  0.1250034E+01  0.1123416E-01  0.2771673E-02  0.5020240E-03  0.2603064E-03  0.5981632E-03
  0.5549833333333E+02  0.1250410E+01  0.1127400E-01  0.2788409E-02  0.5020791E-03  0.2803524E-03  0.6013799E-03
  0.5553166666667E+02  0.1250787E+01  0.1131372E-01  0.2805146E-02  0.5021113E-03  0.3005063E-03  0.6046170E-03
  0.5556500000000E+02  0.1251166E+01  0.1135332E-01  0.2821883E-02  0.5021208E-03  0.3207686E-03  0.6078708E-03
  0.5559833333333E+02  0.1251545E+01  0.1139280E-01  0.2838620E-02  0.5021083E-03  0.3411398E-03  0.6111371E-03
  0.5563166666667E+02  0.1251926E+01  0.1143214E-01  0.2855356E-02  0.5020742E-03  0.3616202E-03  0.6144119E-03
  0.5566500000000E+02  0.1252309E+01  0.1147134E-01  0.2872090E-02  0.5020189E-03  0.3822099E-03  0.6176910E-03
  0.5569833333333E+02  0.1252693E+01  0.1151040E-01  0.2888821E-02  0.5019428E-03  0.4029089E-03  0.6209701E-03
  0.5573166666667E+02  0.1253078E+01  0.1154931E-01  0.2905550E-02  0.5018463E-03  0.4237171E-03  0.6242448E-03
  0.5576500000000E+02  0.1253464E+01  0.1158806E-01  0.2922274E-02  0.5017297E-03  0.4446341E-03  0.6275108E-03
  0.5579833333333E+02  0.1253851E+01  0.1162666E-01  0.2938994E-02  0.5015933E-03  0.4656596E-03  0.6307636E-03
  0.5583166666667E+02  0.1254240E+01  0.1166509E-01  0.2955708E-02  0.5014375E-03  0.4867929E-03  0.6339988E-03
  0.5586500000000E+02  0.1254630E+01  0.1170334E-01  0.2972417E-02  0.5012624E-03  0.5080333E-03  0.6372120E-03
  0.5589833333333E+02  0.1255022E+01  0.1174142E-01  0.2989119E-02  0.5010682E-03  0.5293799E-03  0.6403987E-03
  0.5593166666667E+02  0.1255414E+01  0.1177930E-01  0.3005814E-02  0.5008551E-03  0.5508317E-03  0.6435546E-03
  0.5596500000000E+02  0.1255808E+01  0.1181700E-01  0.3022502E-02  0.5006233E-03  0.5723876E-03  0.6466755E-03
  0.5599833333333E+02  0.1256203E+01  0.1185450E-01  0.3039181E-02  0.5003727E-03  0.5940461E-03  0.6497571E-03
  0.5603166666667E+02  0.1256600E+01  0.1189179E-01  0.3055851E-02  0.5001036E-03  0.6158060E-03  0.6527955E-03
  0.5606500000000E+02  0.1256997E+01  0.1192887E-01  0.3072512E-02  0.4998157E-03  0.6376656E-03  0.6557868E-03
  0.5609833333333E+02  0.1257396E+01  0.1196573E-01  0.3089162E-02  0.4995092E-03  0.6596231E-03  0.6587272E-03
  0.5613166666667E+02  0.1257796E+01  0.1200236E-01  0.3105801E-02  0.4991839E-03  0.6816769E-03  0.6616133E-03
  0.5616500000000E+02  0.1258198E+01  0.1203875E-01  0.3122429E-02  0.4988396E-03  0.7038250E-03  0.6644417E-03
  0.5619833333333E+02  0.1258600E+01  0.1207490E-01  0.3139045E-02  0.4984762E-03  0.7260653E-03  0.6672094E-03
  0.5623166666667E+02  0.1259004E+01  0.1211078E-01  0.3155648E-02  0.4980935E-03  0.7483957E-03  0.6699135E-03
  0.5626500000000E+02  0.1259409E+01  0.1214640E-01  0.3172238E-02  0.4976912E-03  0.7708141E-03  0.6725516E-03
  0.5629833333333E+02  0.1259815E+01  0.1218175E-01  0.3188814E-02  0.4972690E-03  0.7933181E-03  0.6751211E-03
  0.5633166666667E+02  0.1260222E+01  0.1221681E-01  0.3205375E-02  0.4968266E-03  0.8159055E-03  0.6776201E-03
  0.5636500000000E+02  0.1260630E+01  0.1225157E-01  0.3221920E-02  0.4963636E-03  0.8385737E-03  0.6800466E-03
  0.5639833333333E+02  0.1261040E+01  0.1228602E-01  0.3238449E-02  0.4958796E-03  0.8613203E-03  0.6823990E-03
  0.5643166666667E+02  0.1261451E+01  0.1232015E-01  0.3254962E-02  0.4953742E-03  0.8841429E-03  0.6846758E-03
  0.5646500000000E+02  0.1261862E+01  0.1235396E-01  0.3271457E-02  0.4948469E-03  0.9070387E-03  0.6868756E-03
  0.5649833333333E+02  0.1262275E+01  0.1238741E-01  0.3287933E-02  0.4942973E-03  0.9300053E-03  0.6889974E-03
  0.5653166666667E+02  0.1262689E+01  0.1242051E-01  0.3304391E-02  0.4937248E-03  0.9530400E-03  0.6910400E-03
  0.5656500000000E+02  0.1263104E+01  0.1245325E-01  0.3320828E-02  0.4931291E-03  0.9761400E-03  0.6930026E-03
  0.5659833333333E+02  0.1263521E+01  0.1248560E-01  0.3337245E-02  0.4925095E-03  0.9993029E-03  0.6948843E-03
  0.5663166666667E+02  0.1263938E+01  0.1251757E-01  0.3353641E-02  0.4918657E-03  0.1022526E-02  0.6966842E-03
  0.5666500000000E+02  0.1264356E+01  0.1254913E-01  0.3370014E-02  0.4911971E-03  0.1045806E-02  0.6984015E-03
  0.5669833333333E+02  0.1264775E+01  0.1258028E-01  0.3386364E-02  0.4905033E-03  0.1069140E-02  0.7000356E-03
  0.5673166666667E+02  0.1265196E+01  0.1261100E-01  0.3402690E-02  0.4897837E-03  0.1092526E-02  0.7015857E-03
  0.5676500000000E+02  0.1265617E+01  0.1264129E-01  0.3418992E-02  0.4890380E-03  0.1115961E-02  0.7030510E-03
  0.5679833333333E+02  0.1266040E+01  0.1267113E-01  0.3435267E-02  0.4882657E-03  0.1139442E-02  0.7044308E-03
  0.5683166666667E+02  0.1266463E+01  0.1270052E-01  0.3451516E-02  0.4874664E-03  0.1162967E-02  0.7057246E-03
  0.5686500000000E+02  0.1266887E+01  0.1272943E-01  0.3467737E-02  0.4866396E-03  0.1186531E-02  0.7069315E-03
  0.5689833333333E+02  0.1267313E+01  0.1275787E-01  0.3483930E-02  0.4857851E-03  0.1210133E-02  0.7080511E-03
  0.5693166666667E+02  0.1267739E+01  0.1278582E-01  0.3500094E-02  0.4849024E-03  0.1233769E-02  0.7090827E-03
  0.5696500000000E+02  0.1268166E+01  0.1281328E-01  0.3516227E-02  0.4839913E-03  0.1257436E-02  0.7100259E-03
  0.5699833333333E+02  0.1268594E+01  0.1284023E-01  0.3532328E-02  0.4830514E-03  0.1281132E-02  0.7108803E-03
  0.5703166666667E+02  0.1269023E+01  0.1286666E-01  0.3548398E-02  0.4820824E-03  0.1304854E-02  0.7116456E-03
  0.5706500000000E+02  0.1269452E+01  0.1289257E-01  0.3564434E-02  0.4810842E-03  0.1328598E-02  0.7123218E-03
  0.5709833333333E+02  0.1269883E+01  0.1291794E-01  0.3580436E-02  0.4800564E-03  0.1352362E-02  0.7129088E-03
  0.5713166666667E+02  0.1270315E+01  0.1294278E-01  0.3596403E-02  0.4789989E-03  0.1376142E-02  0.7134067E-03
  0.5716500000000E+02  0.1270747E+01  0.1296706E-01  0.3612333E-02  0.4779115E-03  0.1399936E-02  0.7138159E-03
  0.5719833333333E+02  0.1271180E+01  0.1299079E-01  0.3628226E-02  0.4767940E-03  0.1423740E-02  0.7141368E-03
  0.5723166666667E+02  0.1271614E+01  0.1301395E-01  0.3644081E-02  0.4756463E-03  0.1447553E-02  0.7143701E-03
  0.5726500000000E+02  0.1272048E+01  0.1303654E-01  0.3659897E-02  0.4744684E-03  0.1471370E-02  0.7145163E-03
  0.5729833333333E+02  0.1272483E+01  0.1305855E-01  0.3675672E-02  0.4732601E-03  0.1495189E-02  0.7145765E-03
  0.5733166666667E+02  0.1272919E+01  0.1307997E-01  0.3691406E-02  0.4720215E-03  0.1519007E-02  0.7145515E-03
  0.5736500000000E+02  0.1273356E+01  0.1310080E-01  0.3707098E-02  0.4707526E-03  0.1542822E-02  0.7144425E-03
  0.5739833333333E+02  0.1273793E+01  0.1312103E-01  0.3722746E-02  0.4694534E-03  0.1566630E-02  0.7142505E-03
  0.5743166666667E+02  0.1274231E+01  0.1314065E-01  0.3738350E-02  0.4681240E-03  0.1590430E-02  0.7139768E-03
  0.5746500000000E+02  0.1274670E+01  0.1315967E-01  0.3753909E-02  0.4667646E-03  0.1614217E-02  0.7136225E-03
  0.5749833333333E+02  0.1275109E+01  0.1317807E-01  0.3769422E-02  0.4653753E-03  0.1637990E-02  0.7131890E-03
  0.5753166666667E+02  0.1275549E+01  0.1319586E-01  0.3784887E-02  0.4639564E-03  0.1661746E-02  0.7126775E-03
  0.5756500000000E+02  0.1275990E+01  0.1321302E-01  0.3800304E-02  0.4625080E-03  0.1685482E-02  0.7120893E-03
  0.5759833333333E+02  0.1276431E+01  0.1322957E-01  0.3815671E-02  0.4610306E-03  0.1709196E-02  0.7114256E-03
  0.5763166666667E+02  0.1276872E+01  0.1324548E-01  0.3830989E-02  0.4595243E-03  0.1732886E-02  0.7106878E-03
  0.5766500000000E+02  0.1277314E+01  0.1326077E-01  0.3846255E-02  0.4579895E-03  0.1756549E-02  0.7098771E-03
  0.5769833333333E+02  0.1277757E+01  0.1327544E-01  0.3861469E-02  0.4564267E-03  0.1780182E-02  0.7089947E-03
  0.5773166666667E+02  0.1278200E+01  0.1328947E-01  0.3876631E-02  0.4548362E-03  0.1803783E-02  0.7080421E-03
  0.5776500000000E+02  0.1278643E+01  0.1330288E-01  0.3891738E-02  0.4532184E-03  0.1827351E-02  0.7070206E-03
  0.5779833333333E+02  0.1279087E+01  0.1331566E-01  0.3906790E-02  0.4515738E-03  0.1850882E-02  0.7059315E-03
  0.5783166666667E+02  0.1279531E+01  0.1332782E-01  0.3921787E-02  0.4499027E-03  0.1874374E-02  0.7047765E-03
  0.5786500000000E+02  0.1279976E+01  0.1333935E-01  0.3936727E-02  0.4482055E-03  0.1897826E-02  0.7035571E-03
  0.5789833333333E+02  0.1280421E+01  0.1335025E-01  0.3951610E-02  0.4464828E-03  0.1921235E-02  0.7022751E-03
  0.5793166666667E+02  0.1280866E+01  0.1336054E-01  0.3966435E-02  0.4447348E-03  0.1944600E-02  0.7009325E-03
  0.5796500000000E+02  0.1281312E+01  0.1337021E-01  0.3981200E-02  0.4429618E-03  0.1967917E-02  0.6995315E-03
  0.5799833333333E+02  0.1281758E+01  0.1337926E-01  0.3995905E-02  0.4411642E-03  0.1991187E-02  0.6980744E-03
  0.5803166666667E+02  0.1282204E+01  0.1338769E-01  0.4010550E-02  0.4393423E-03  0.2014405E-02  0.6965638E-03
  0.5806500000000E+02  0.1282651E+01  0.1339551E-01  0.4025133E-02  0.4374963E-03  0.2037572E-02  0.6950027E-03
  0.5809833333333E+02  0.1283097E+01  0.1340273E-01  0.4039654E-02  0.4356262E-03  0.2060685E-02  0.6933943E-03
  0.5813166666667E+02  0.1283544E+01  0.1340934E-01  0.4054112E-02  0.4337323E-03  0.2083743E-02  0.6917419E-03
  0.5816500000000E+02  0.1283992E+01  0.1341534E-01  0.4068506E-02  0.4318145E-03  0.2106745E-02  0.6900495E-03
  0.5819833333333E+02  0.1284439E+01  0.1342075E-01  0.4082835E-02  0.4298728E-03  0.2129689E-02  0.6883211E-03
  0.5823166666667E+02  0.1284886E+01  0.1342555E-01  0.4097098E-02  0.4279071E-03  0.2152574E-02  0.6865610E-03
  0.5826500000000E+02  0.1285334E+01  0.1342976E-01  0.4111296E-02  0.4259173E-03  0.2175400E-02  0.6847739E-03
  0.5829833333333E+02  0.1285782E+01  0.1343338E-01  0.4125426E-02  0.4239030E-03  0.2198166E-02  0.6829646E-03
  0.5833166666667E+02  0.1286230E+01  0.1343641E-01  0.4139488E-02  0.4218642E-03  0.2220870E-02  0.6811383E-03
  0.5836500000000E+02  0.1286678E+01  0.1343885E-01  0.4153481E-02  0.4198003E-03  0.2243514E-02  0.6793002E-03
  0.5839833333333E+02  0.1287126E+01  0.1344072E-01  0.4167405E-02  0.4177111E-03  0.2266095E-02  0.6774558E-03
  0.5843166666667E+02  0.1287574E+01  0.1344200E-01  0.4181258E-02  0.4155961E-03  0.2288616E-02  0.6756107E-03
  0.5846500000000E+02  0.1288022E+01  0.1344271E-01  0.4195040E-02  0.4134548E-03  0.2311075E-02  0.6737704E-03
  0.5849833333333E+02  0.1288470E+01  0.1344286E-01  0.4208750E-02  0.4112869E-03  0.2333473E-02  0.6719407E-03
  0.5853166666667E+02  0.1288918E+01  0.1344244E-01  0.4222386E-02  0.4090919E-03  0.2355810E-02  0.6701273E-03
  0.5856500000000E+02  0.1289366E+01  0.1344146E-01  0.4235948E-02  0.4068692E-03  0.2378088E-02  0.6683357E-03
  0.5859833333333E+02  0.1289814E+01  0.1343993E-01  0.4249436E-02  0.4046185E-03  0.2400307E-02  0.6665714E-03
  0.5863166666667E+02  0.1290262E+01  0.1343786E-01  0.4262847E-02  0.4023392E-03  0.2422469E-02  0.6648398E-03
  0.5866500000000E+02  0.1290710E+01  0.1343525E-01  0.4276181E-02  0.4000310E-03  0.2444573E-02  0.6631461E-03
  0.5869833333333E+02  0.1291158E+01  0.1343210E-01  0.4289438E-02  0.3976936E-03  0.2466623E-02  0.6614951E-03
  0.5873166666667E+02  0.1291605E+01  0.1342843E-01  0.4302615E-02  0.3953266E-03  0.2488620E-02  0.6598917E-03
  0.5876500000000E+02  0.1292053E+01  0.1342424E-01  0.4315713E-02  0.3929297E-03  0.2510564E-02  0.6583401E-03
  0.5879833333333E+02  0.1292500E+01  0.1341955E-01  0.4328730E-02  0.3905030E-03  0.2532459E-02  0.6568444E-03
  0.5883166666667E+02  0.1292947E+01  0.1341435E-01  0.4341665E-02  0.3880461E-03  0.2554306E-02  0.6554083E-03
  0.5886500000000E+02  0.1293394E+01  0.1340866E-01  0.4354517E-02  0.3855593E-03  0.2576107E-02  0.6540350E-03
  0.5889833333333E+02  0.1293841E+01  0.1340249E-01  0.4367285E-02  0.3830426E-03  0.2597865E-02  0.6527275E-03
  0.5893166666667E+02  0.1294287E+01  0.1339584E-01  0.4379968E-02  0.3804962E-03  0.2619581E-02  0.6514881E-03
  0.5896500000000E+02  0.1294734E+01  0.1338873E-01  0.4392565E-02  0.3779204E-03  0.2641258E-02  0.6503189E-03
  0.5899833333333E+02  0.1295180E+01  0.1338117E-01  0.4405076E-02  0.3753158E-03  0.2662899E-02  0.6492214E-03
  0.5903166666667E+02  0.1295626E+01  0.1337315E-01  0.4417498E-02  0.3726828E-03  0.2684506E-02  0.6481967E-03
  0.5906500000000E+02  0.1296071E+01  0.1336470E-01  0.4429833E-02  0.3700221E-03  0.2706081E-02  0.6472456E-03
  0.5909833333333E+02  0.1296516E+01  0.1335583E-01  0.4442077E-02  0.3673345E-03  0.2727626E-02  0.6463682E-03
  0.5913166666667E+02  0.1296961E+01  0.1334653E-01  0.4454231E-02  0.3646209E-03  0.2749145E-02  0.6455643E-03
  0.5916500000000E+02  0.1297406E+01  0.1333682E-01  0.4466294E-02  0.3618823E-03  0.2770639E-02  0.6448334E-03
  0.5919833333333E+02  0.1297850E+01  0.1332671E-01  0.4478264E-02  0.3591197E-03  0.2792112E-02  0.6441745E-03
  0.5923166666667E+02  0.1298294E+01  0.1331620E-01  0.4490142E-02  0.3563343E-03  0.2813565E-02  0.6435862E-03
  0.5926500000000E+02  0.1298737E+01  0.1330531E-01  0.4501927E-02  0.3535274E-03  0.2835000E-02  0.6430669E-03
  0.5929833333333E+02  0.1299180E+01  0.1329404E-01  0.4513617E-02  0.3507003E-03  0.2856421E-02  0.6426145E-03
  0.5933166666667E+02  0.1299623E+01  0.1328240E-01  0.4525212E-02  0.3478543E-03  0.2877828E-02  0.6422269E-03
  0.5936500000000E+02  0.1300066E+01  0.1327039E-01  0.4536711E-02  0.3449909E-03  0.2899225E-02  0.6419016E-03
  0.5939833333333E+02  0.1300507E+01  0.1325802E-01  0.4548115E-02  0.3421116E-03  0.2920613E-02  0.6416359E-03
  0.5943166666667E+02  0.1300949E+01  0.1324530E-01  0.4559422E-02  0.3392178E-03  0.2941994E-02  0.6414268E-03
  0.5946500000000E+02  0.1301390E+01  0.1323222E-01  0.4570633E-02  0.3363113E-03  0.2963370E-02  0.6412714E-03
  0.5949833333333E+02  0.1301831E+01  0.1321881E-01  0.4581746E-02  0.3333933E-03  0.2984742E-02  0.6411665E-03
  0.5953166666667E+02  0.1302271E+01  0.1320505E-01  0.4592761E-02  0.3304656E-03  0.3006112E-02  0.6411089E-03
  0.5956500000000E+02  0.1302711E+01  0.1319096E-01  0.4603679E-02  0.3275297E-03  0.3027482E-02  0.6410952E-03
  0.5959833333333E+02  0.1303150E+01  0.1317654E-01  0.4614499E-02  0.3245872E-03  0.3048853E-02  0.6411220E-03
  0.5963166666667E+02  0.1303588E+01  0.1316178E-01  0.4625220E-02  0.3216395E-03  0.3070226E-02  0.6411860E-03
  0.5966500000000E+02  0.1304027E+01  0.1314670E-01  0.4635843E-02  0.3186882E-03  0.3091602E-02  0.6412836E-03
  0.5969833333333E+02  0.1304464E+01  0.1313129E-01  0.4646367E-02  0.3157348E-03  0.3112982E-02  0.6414115E-03
  0.5973166666667E+02  0.1304902E+01  0.1311556E-01  0.4656793E-02  0.3127807E-03  0.3134368E-02  0.6415661E-03
  0.5976500000000E+02  0.1305338E+01  0.1309951E-01  0.4667121E-02  0.3098273E-03  0.3155759E-02  0.6417442E-03
  0.5979833333333E+02  0.1305774E+01  0.1308315E-01  0.4677350E-02  0.3068761E-03  0.3177157E-02  0.6419424E-03
  0.5983166666667E+02  0.1306210E+01  0.1306646E-01  0.4687481E-02  0.3039283E-03  0.3198562E-02  0.6421572E-03
  0.5986500000000E+02  0.1306645E+01  0.1304946E-01  0.4697514E-02  0.3009853E-03  0.3219975E-02  0.6423855E-03
  0.5989833333333E+02  0.1307079E+01  0.1303214E-01  0.4707449E-02  0.2980483E-03  0.3241396E-02  0.6426240E-03
  0.5993166666667E+02  0.1307513E+01  0.1301451E-01  0.4717286E-02  0.2951184E-03  0.3262825E-02  0.6428696E-03
  0.5996500000000E+02  0.1307946E+01  0.1299656E-01  0.4727026E-02  0.2921969E-03  0.3284262E-02  0.6431193E-03
  0.5999833333333E+02  0.1308379E+01  0.1297830E-01  0.4736669E-02  0.2892849E-03  0.3305708E-02  0.6433700E-03
  0.6003166666667E+02  0.1308811E+01  0.1295973E-01  0.4746215E-02  0.2863833E-03  0.3327162E-02  0.6436190E-03
  0.6006500000000E+02  0.1309242E+01  0.1294085E-01  0.4755665E-02  0.2834932E-03  0.3348624E-02  0.6438633E-03
  0.6009833333333E+02  0.1309673E+01  0.1292166E-01  0.4765019E-02  0.2806155E-03  0.3370094E-02  0.6441004E-03
  0.6013166666667E+02  0.1310103E+01  0.1290216E-01  0.4774277E-02  0.2777512E-03  0.3391572E-02  0.6443274E-03
  0.6016500000000E+02  0.1310533E+01  0.1288235E-01  0.4783440E-02  0.2749011E-03  0.3413056E-02  0.6445420E-03
  0.6019833333333E+02  0.1310961E+01  0.1286223E-01  0.4792509E-02  0.2720660E-03  0.3434548E-02  0.6447417E-03
  0.6023166666667E+02  0.1311389E+01  0.1284181E-01  0.4801484E-02  0.2692467E-03  0.3456045E-02  0.6449241E-03
  0.6026500000000E+02  0.1311817E+01  0.1282108E-01  0.4810366E-02  0.2664440E-03  0.3477548E-02  0.6450869E-03
  0.6029833333333E+02  0.1312243E+01  0.1280005E-01  0.4819154E-02  0.2636585E-03  0.3499056E-02  0.6452280E-03
  0.6033166666667E+02  0.1312669E+01  0.1277871E-01  0.4827851E-02  0.2608910E-03  0.3520567E-02  0.6453451E-03
  0.6036500000000E+02  0.1313095E+01  0.1275707E-01  0.4836455E-02  0.2581421E-03  0.3542082E-02  0.6454363E-03
  0.6039833333333E+02  0.1313519E+01  0.1273513E-01  0.4844969E-02  0.2554123E-03  0.3563598E-02  0.6454995E-03
  0.6043166666667E+02  0.1313943E+01  0.1271290E-01  0.4853392E-02  0.2527024E-03  0.3585116E-02  0.6455329E-03
  0.6046500000000E+02  0.1314366E+01  0.1269036E-01  0.4861726E-02  0.2500128E-03  0.3606634E-02  0.6455345E-03
  0.6049833333333E+02  0.1314788E+01  0.1266753E-01  0.4869971E-02  0.2473443E-03  0.3628151E-02  0.6455026E-03
  0.6053166666667E+02  0.1315210E+01  0.1264441E-01  0.4878128E-02  0.2446972E-03  0.3649665E-02  0.6454354E-03
  0.6056500000000E+02  0.1315630E+01  0.1262100E-01  0.4886197E-02  0.2420721E-03  0.3671176E-02  0.6453312E-03
  0.6059833333333E+02  0.1316050E+01  0.1259730E-01  0.4894179E-02  0.2394696E-03  0.3692683E-02  0.6451885E-03
  0.6063166666667E+02  0.1316469E+01  0.1257331E-01  0.4902075E-02  0.2368902E-03  0.3714183E-02  0.6450057E-03
  0.6066500000000E+02  0.1316888E+01  0.1254904E-01  0.4909886E-02  0.2343344E-03  0.3735676E-02  0.6447812E-03
  0.6069833333333E+02  0.1317305E+01  0.1252448E-01  0.4917613E-02  0.2318025E-03  0.3757159E-02  0.6445138E-03
  0.6073166666667E+02  0.1317722E+01  0.1249965E-01  0.4925256E-02  0.2292953E-03  0.3778633E-02  0.6442020E-03
  0.6076500000000E+02  0.1318138E+01  0.1247455E-01  0.4932817E-02  0.2268129E-03  0.3800094E-02  0.6438447E-03
  0.6079833333333E+02  0.1318552E+01  0.1244916E-01  0.4940295E-02  0.2243560E-03  0.3821542E-02  0.6434406E-03
  0.6083166666667E+02  0.1318967E+01  0.1242351E-01  0.4947693E-02  0.2219249E-03  0.3842975E-02  0.6429888E-03
  0.6086500000000E+02  0.1319380E+01  0.1239759E-01  0.4955010E-02  0.2195200E-03  0.3864391E-02  0.6424882E-03
  0.6089833333333E+02  0.1319792E+01  0.1237140E-01  0.4962248E-02  0.2171417E-03  0.3885789E-02  0.6419380E-03
  0.6093166666667E+02  0.1320204E+01  0.1234494E-01  0.4969408E-02  0.2147903E-03  0.3907167E-02  0.6413375E-03
  0.6096500000000E+02  0.1320614E+01  0.1231823E-01  0.4976490E-02  0.2124660E-03  0.3928523E-02  0.6406860E-03
  0.6099833333333E+02  0.1321024E+01  0.1229125E-01  0.4983496E-02  0.2101693E-03  0.3949856E-02  0.6399830E-03
  0.6103166666667E+02  0.1321433E+01  0.1226401E-01  0.4990426E-02  0.2079002E-03  0.3971164E-02  0.6392283E-03
  0.6106500000000E+02  0.1321841E+01  0.1223651E-01  0.4997281E-02  0.2056590E-03  0.3992445E-02  0.6384214E-03
  0.6109833333333E+02  0.1322248E+01  0.1220876E-01  0.5004063E-02  0.2034458E-03  0.4013697E-02  0.6375624E-03
  0.6113166666667E+02  0.1322654E+01  0.1218075E-01  0.5010771E-02  0.2012607E-03  0.4034918E-02  0.6366511E-03
  0.6116500000000E+02  0.1323059E+01  0.1215248E-01  0.5017408E-02  0.1991038E-03  0.4056108E-02  0.6356878E-03
  0.6119833333333E+02  0.1323463E+01  0.1212396E-01  0.5023974E-02  0.1969751E-03  0.4077264E-02  0.6346726E-03
  0.6123166666667E+02  0.1323866E+01  0.1209520E-01  0.5030470E-02  0.1948746E-03  0.4098384E-02  0.6336058E-03
  0.6126500000000E+02  0.1324268E+01  0.1206617E-01  0.5036896E-02  0.1928021E-03  0.4119467E-02  0.6324880E-03
  0.6129833333333E+02  0.1324670E+01  0.1203690E-01  0.5043255E-02  0.1907576E-03  0.4140511E-02  0.6313196E-03
  0.6133166666667E+02  0.1325070E+01  0.1200738E-01  0.5049546E-02  0.1887409E-03  0.4161514E-02  0.6301012E-03
  0.6136500000000E+02  0.1325469E+01  0.1197761E-01  0.5055771E-02  0.1867518E-03  0.4182475E-02  0.6288336E-03
  0.6139833333333E+02  0.1325867E+01  0.1194759E-01  0.5061931E-02  0.1847901E-03  0.4203393E-02  0.6275175E-03
  0.6143166666667E+02  0.1326265E+01  0.1191732E-01  0.5068026E-02  0.1828555E-03  0.4224264E-02  0.6261537E-03
  0.6146500000000E+02  0.1326661E+01  0.1188681E-01  0.5074058E-02  0.1809477E-03  0.4245089E-02  0.6247430E-03
  0.6149833333333E+02  0.1327056E+01  0.1185605E-01  0.5080027E-02  0.1790664E-03  0.4265865E-02  0.6232863E-03
  0.6153166666667E+02  0.1327450E+01  0.1182505E-01  0.5085934E-02  0.1772113E-03  0.4286591E-02  0.6217846E-03
  0.6156500000000E+02  0.1327843E+01  0.1179381E-01  0.5091780E-02  0.1753821E-03  0.4307266E-02  0.6202387E-03
  0.6159833333333E+02  0.1328235E+01  0.1176232E-01  0.5097566E-02  0.1735782E-03  0.4327888E-02  0.6186497E-03
  0.6163166666667E+02  0.1328626E+01  0.1173059E-01  0.5103292E-02  0.1717993E-03  0.4348455E-02  0.6170185E-03
  0.6166500000000E+02  0.1329016E+01  0.1169863E-01  0.5108961E-02  0.1700451E-03  0.4368967E-02  0.6153460E-03
  0.6169833333333E+02  0.1329405E+01  0.1166642E-01  0.5114571E-02  0.1683150E-03  0.4389421E-02  0.6136332E-03
  0.6173166666667E+02  0.1329793E+01  0.1163399E-01  0.5120125E-02  0.1666087E-03  0.4409817E-02  0.6118811E-03
  0.6176500000000E+02  0.1330180E+01  0.1160132E-01  0.5125622E-02  0.1649257E-03  0.4430153E-02  0.6100907E-03
  0.6179833333333E+02  0.1330565E+01  0.1156842E-01  0.5131064E-02  0.1632655E-03  0.4450429E-02  0.6082628E-03
  0.6183166666667E+02  0.1330950E+01  0.1153530E-01  0.5136452E-02  0.1616278E-03  0.4470642E-02  0.6063985E-03
  0.6186500000000E+02  0.1331333E+01  0.1150195E-01  0.5141786E-02  0.1600119E-03  0.4490792E-02  0.6044986E-03
  0.6189833333333E+02  0.1331716E+01  0.1146838E-01  0.5147066E-02  0.1584175E-03  0.4510878E-02  0.6025642E-03
  0.6193166666667E+02  0.1332097E+01  0.1143459E-01  0.5152295E-02  0.1568440E-03  0.4530897E-02  0.6005962E-03
  0.6196500000000E+02  0.1332477E+01  0.1140059E-01  0.5157471E-02  0.1552911E-03  0.4550851E-02  0.5985956E-03
  0.6199833333333E+02  0.1332856E+01  0.1136638E-01  0.5162596E-02  0.1537581E-03  0.4570736E-02  0.5965633E-03
  0.6203166666667E+02  0.1333233E+01  0.1133195E-01  0.5167671E-02  0.1522446E-03  0.4590553E-02  0.5945003E-03
  0.6206500000000E+02  0.1333610E+01  0.1129733E-01  0.5172696E-02  0.1507501E-03  0.4610300E-02  0.5924077E-03
  0.6209833333333E+02  0.1333985E+01  0.1126250E-01  0.5177672E-02  0.1492741E-03  0.4629976E-02  0.5902864E-03
  0.6213166666667E+02  0.1334360E+01  0.1122748E-01  0.5182599E-02  0.1478160E-03  0.4649580E-02  0.5881375E-03
  0.6216500000000E+02  0.1334733E+01  0.1119227E-01  0.5187478E-02  0.1463754E-03  0.4669113E-02  0.5859622E-03
  0.6219833333333E+02  0.1335105E+01  0.1115686E-01  0.5192310E-02  0.1449516E-03  0.4688571E-02  0.5837614E-03
  0.6223166666667E+02  0.1335475E+01  0.1112128E-01  0.5197095E-02  0.1435442E-03  0.4707956E-02  0.5815364E-03
  0.6226500000000E+02  0.1335845E+01  0.1108551E-01  0.5201833E-02  0.1421526E-03  0.4727265E-02  0.5792882E-03
  0.6229833333333E+02  0.1336213E+01  0.1104957E-01  0.5206526E-02  0.1407762E-03  0.4746499E-02  0.5770182E-03
  0.6233166666667E+02  0.1336580E+01  0.1101345E-01  0.5211173E-02  0.1394145E-03  0.4765657E-02  0.5747276E-03
  0.6236500000000E+02  0.1336946E+01  0.1097717E-01  0.5215775E-02  0.1380669E-03  0.4784738E-02  0.5724176E-03
  0.6239833333333E+02  0.1337311E+01  0.1094072E-01  0.5220333E-02  0.1367327E-03  0.4803740E-02  0.5700895E-03
  0.6243166666667E+02  0.1337674E+01  0.1090412E-01  0.5224847E-02  0.1354115E-03  0.4822665E-02  0.5677447E-03
  0.6246500000000E+02  0.1338036E+01  0.1086736E-01  0.5229317E-02  0.1341026E-03  0.4841511E-02  0.5653845E-03
  0.6249833333333E+02  0.1338398E+01  0.1083046E-01  0.5233743E-02  0.1328055E-03  0.4860278E-02  0.5630103E-03
  0.6253166666667E+02  0.1338757E+01  0.1079340E-01  0.5238127E-02  0.1315194E-03  0.4878966E-02  0.5606236E-03
  0.6256500000000E+02  0.1339116E+01  0.1075621E-01  0.5242469E-02  0.1302440E-03  0.4897573E-02  0.5582257E-03
  0.6259833333333E+02  0.1339473E+01  0.1071888E-01  0.5246768E-02  0.1289784E-03  0.4916101E-02  0.5558180E-03
  0.6263166666667E+02  0.1339829E+01  0.1068142E-01  0.5251026E-02  0.1277223E-03  0.4934547E-02  0.5534020E-03
  0.6266500000000E+02  0.1340184E+01  0.1064383E-01  0.5255241E-02  0.1264749E-03  0.4952913E-02  0.5509792E-03
  0.6269833333333E+02  0.1340537E+01  0.1060612E-01  0.5259416E-02  0.1252358E-03  0.4971198E-02  0.5485510E-03
  0.6273166666667E+02  0.1340890E+01  0.1056829E-01  0.5263549E-02  0.1240043E-03  0.4989402E-02  0.5461188E-03
  0.6276500000000E+02  0.1341241E+01  0.1053034E-01  0.5267642E-02  0.1227799E-03  0.5007525E-02  0.5436839E-03
  0.6279833333333E+02  0.1341591E+01  0.1049229E-01  0.5271694E-02  0.1215621E-03  0.5025567E-02  0.5412479E-03
  0.6283166666667E+02  0.1341939E+01  0.1045413E-01  0.5275706E-02  0.1203502E-03  0.5043527E-02  0.5388121E-03
  0.6286500000000E+02  0.1342286E+01  0.1041587E-01  0.5279677E-02  0.1191439E-03  0.5061406E-02  0.5363779E-03
  0.6289833333333E+02  0.1342632E+01  0.1037751E-01  0.5283609E-02  0.1179426E-03  0.5079205E-02  0.5339465E-03
  0.6293166666667E+02  0.1342977E+01  0.1033907E-01  0.5287500E-02  0.1167458E-03  0.5096922E-02  0.5315192E-03
  0.6296500000000E+02  0.1343320E+01  0.1030054E-01  0.5291352E-02  0.1155530E-03  0.5114559E-02  0.5290972E-03
  0.6299833333333E+02  0.1343662E+01  0.1026192E-01  0.5295164E-02  0.1143639E-03  0.5132115E-02  0.5266818E-03
  0.6303166666667E+02  0.1344003E+01  0.1022323E-01  0.5298937E-02  0.1131779E-03  0.5149590E-02  0.5242741E-03
  0.6306500000000E+02  0.1344342E+01  0.1018446E-01  0.5302670E-02  0.1119946E-03  0.5166986E-02  0.5218751E-03
  0.6309833333333E+02  0.1344681E+01  0.1014563E-01  0.5306364E-02  0.1108137E-03  0.5184302E-02  0.5194859E-03
  0.6313166666667E+02  0.1345017E+01  0.1010673E-01  0.5310018E-02  0.1096348E-03  0.5201539E-02  0.5171075E-03
  0.6316500000000E+02  0.1345353E+01  0.1006777E-01  0.5313633E-02  0.1084574E-03  0.5218697E-02  0.5147408E-03
  0.6319833333333E+02  0.1345687E+01  0.1002876E-01  0.5317209E-02  0.1072813E-03  0.5235777E-02  0.5123865E-03
  0.6323166666667E+02  0.1346020E+01  0.9989697E-02  0.5320746E-02  0.1061062E-03  0.5252778E-02  0.5100455E-03
  0.6326500000000E+02  0.1346352E+01  0.9950586E-02  0.5324244E-02  0.1049317E-03  0.5269702E-02  0.5077186E-03
  0.6329833333333E+02  0.1346682E+01  0.9911433E-02  0.5327703E-02  0.1037575E-03  0.5286549E-02  0.5054063E-03
  0.6333166666667E+02  0.1347012E+01  0.9872241E-02  0.5331122E-02  0.1025834E-03  0.5303320E-02  0.5031092E-03
  0.6336500000000E+02  0.1347339E+01  0.9833015E-02  0.5334502E-02  0.1014090E-03  0.5320014E-02  0.5008280E-03
  0.6339833333333E+02  0.1347666E+01  0.9793759E-02  0.5337844E-02  0.1002342E-03  0.5336633E-02  0.4985629E-03
  0.6343166666667E+02  0.1347991E+01  0.9754476E-02  0.5341145E-02  0.9905878E-04  0.5353176E-02  0.4963145E-03
  0.6346500000000E+02  0.1348315E+01  0.9715171E-02  0.5344408E-02  0.9788241E-04  0.5369646E-02  0.4940830E-03
  0.6349833333333E+02  0.1348637E+01  0.9675847E-02  0.5347632E-02  0.9670494E-04  0.5386042E-02  0.4918688E-03
  0.6353166666667E+02  0.1348958E+01  0.9636507E-02  0.5350816E-02  0.9552618E-04  0.5402364E-02  0.4896720E-03
  0.6356500000000E+02  0.1349278E+01  0.9597157E-02  0.5353961E-02  0.9434593E-04  0.5418614E-02  0.4874929E-03
  0.6359833333333E+02  0.1349597E+01  0.9557797E-02  0.5357066E-02  0.9316404E-04  0.5434791E-02  0.4853315E-03
  0.6363166666667E+02  0.1349914E+01  0.9518433E-02  0.5360132E-02  0.9198035E-04  0.5450898E-02  0.4831878E-03
  0.6366500000000E+02  0.1350230E+01  0.9479067E-02  0.5363159E-02  0.9079470E-04  0.5466933E-02  0.4810620E-03
  0.6369833333333E+02  0.1350545E+01  0.9439702E-02  0.5366146E-02  0.8960696E-04  0.5482898E-02  0.4789539E-03
  0.6373166666667E+02  0.1350858E+01  0.9400342E-02  0.5369093E-02  0.8841700E-04  0.5498794E-02  0.4768636E-03
  0.6376500000000E+02  0.1351170E+01  0.9360988E-02  0.5372000E-02  0.8722470E-04  0.5514620E-02  0.4747908E-03
  0.6379833333333E+02  0.1351481E+01  0.9321645E-02  0.5374868E-02  0.8602995E-04  0.5530378E-02  0.4727356E-03
  0.6383166666667E+02  0.1351790E+01  0.9282315E-02  0.5377696E-02  0.8483266E-04  0.5546068E-02  0.4706976E-03
  0.6386500000000E+02  0.1352098E+01  0.9243000E-02  0.5380484E-02  0.8363272E-04  0.5561690E-02  0.4686767E-03
  0.6389833333333E+02  0.1352405E+01  0.9203702E-02  0.5383231E-02  0.8243007E-04  0.5577246E-02  0.4666727E-03
  0.6393166666667E+02  0.1352711E+01  0.9164426E-02  0.5385939E-02  0.8122462E-04  0.5592736E-02  0.4646853E-03
  0.6396500000000E+02  0.1353015E+01  0.9125171E-02  0.5388606E-02  0.8001633E-04  0.5608159E-02  0.4627144E-03
  0.6399833333333E+02  0.1353318E+01  0.9085942E-02  0.5391233E-02  0.7880513E-04  0.5623518E-02  0.4607595E-03
  0.6403166666667E+02  0.1353619E+01  0.9046740E-02  0.5393819E-02  0.7759099E-04  0.5638812E-02  0.4588205E-03
  0.6406500000000E+02  0.1353920E+01  0.9007568E-02  0.5396365E-02  0.7637387E-04  0.5654042E-02  0.4568971E-03
  0.6409833333333E+02  0.1354219E+01  0.8968427E-02  0.5398870E-02  0.7515377E-04  0.5669208E-02  0.4549888E-03
  0.6413166666667E+02  0.1354516E+01  0.8929319E-02  0.5401334E-02  0.7393068E-04  0.5684311E-02  0.4530956E-03
  0.6416500000000E+02  0.1354813E+01  0.8890247E-02  0.5403758E-02  0.7270461E-04  0.5699352E-02  0.4512169E-03
  0.6419833333333E+02  0.1355108E+01  0.8851212E-02  0.5406140E-02  0.7147558E-04  0.5714330E-02  0.4493526E-03
  0.6423166666667E+02  0.1355401E+01  0.8812217E-02  0.5408482E-02  0.7024362E-04  0.5729247E-02  0.4475023E-03
  0.6426500000000E+02  0.1355694E+01  0.8773262E-02  0.5410782E-02  0.6900878E-04  0.5744103E-02  0.4456657E-03
  0.6429833333333E+02  0.1355985E+01  0.8734350E-02  0.5413041E-02  0.6777114E-04  0.5758897E-02  0.4438425E-03
  0.6433166666667E+02  0.1356275E+01  0.8695483E-02  0.5415259E-02  0.6653076E-04  0.5773632E-02  0.4420324E-03
  0.6436500000000E+02  0.1356563E+01  0.8656662E-02  0.5417435E-02  0.6528776E-04  0.5788306E-02  0.4402352E-03
  0.6439833333333E+02  0.1356851E+01  0.8617888E-02  0.5419570E-02  0.6404222E-04  0.5802921E-02  0.4384504E-03
  0.6443166666667E+02  0.1357137E+01  0.8579164E-02  0.5421663E-02  0.6279430E-04  0.5817477E-02  0.4366779E-03
  0.6446500000000E+02  0.1357421E+01  0.8540490E-02  0.5423715E-02  0.6154411E-04  0.5831975E-02  0.4349173E-03
  0.6449833333333E+02  0.1357705E+01  0.8501869E-02  0.5425724E-02  0.6029184E-04  0.5846414E-02  0.4331684E-03
  0.6453166666667E+02  0.1357987E+01  0.8463301E-02  0.5427692E-02  0.5903765E-04  0.5860795E-02  0.4314309E-03
  0.6456500000000E+02  0.1358268E+01  0.8424788E-02  0.5429618E-02  0.5778172E-04  0.5875118E-02  0.4297045E-03
  0.6459833333333E+02  0.1358547E+01  0.8386332E-02  0.5431502E-02  0.5652428E-04  0.5889384E-02  0.4279890E-03
  0.6463166666667E+02  0.1358825E+01  0.8347933E-02  0.5433345E-02  0.5526554E-04  0.5903594E-02  0.4262842E-03
  0.6466500000000E+02  0.1359102E+01  0.8309594E-02  0.5435145E-02  0.5400573E-04  0.5917747E-02  0.4245897E-03
  0.6469833333333E+02  0.1359378E+01  0.8271314E-02  0.5436903E-02  0.5274511E-04  0.5931844E-02  0.4229054E-03
  0.6473166666667E+02  0.1359653E+01  0.8233097E-02  0.5438619E-02  0.5148393E-04  0.5945885E-02  0.4212309E-03
  0.6476500000000E+02  0.1359926E+01  0.8194941E-02  0.5440293E-02  0.5022249E-04  0.5959870E-02  0.4195661E-03
  0.6479833333333E+02  0.1360198E+01  0.8156850E-02  0.5441925E-02  0.4896106E-04  0.5973801E-02  0.4179108E-03
  0.6483166666667E+02  0.1360468E+01  0.8118824E-02  0.5443515E-02  0.4769994E-04  0.5987676E-02  0.4162646E-03
  0.6486500000000E+02  0.1360738E+01  0.8080864E-02  0.5445063E-02  0.4643945E-04  0.6001497E-02  0.4146274E-03
  0.6489833333333E+02  0.1361006E+01  0.8042970E-02  0.5446569E-02  0.4517991E-04  0.6015264E-02  0.4129989E-03
  0.6493166666667E+02  0.1361272E+01  0.8005145E-02  0.5448033E-02  0.4392164E-04  0.6028976E-02  0.4113789E-03
  0.6496500000000E+02  0.1361538E+01  0.7967390E-02  0.5449455E-02  0.4266499E-04  0.6042635E-02  0.4097673E-03
  0.6499833333333E+02  0.1361802E+01  0.7929704E-02  0.5450836E-02  0.4141030E-04  0.6056241E-02  0.4081637E-03
  0.6503166666667E+02  0.1362065E+01  0.7892090E-02  0.5452174E-02  0.4015791E-04  0.6069793E-02  0.4065679E-03
  0.6506500000000E+02  0.1362327E+01  0.7854548E-02  0.5453471E-02  0.3890819E-04  0.6083292E-02  0.4049797E-03
  0.6509833333333E+02  0.1362588E+01  0.7817080E-02  0.5454727E-02  0.3766149E-04  0.6096739E-02  0.4033990E-03
  0.6513166666667E+02  0.1362847E+01  0.7779685E-02  0.5455941E-02  0.3641818E-04  0.6110133E-02  0.4018254E-03
  0.6516500000000E+02  0.1363105E+01  0.7742366E-02  0.5457113E-02  0.3517862E-04  0.6123475E-02  0.4002588E-03
  0.6519833333333E+02  0.1363362E+01  0.7705123E-02  0.5458245E-02  0.3394318E-04  0.6136765E-02  0.3986990E-03
  0.6523166666667E+02  0.1363618E+01  0.7667957E-02  0.5459335E-02  0.3271222E-04  0.6150003E-02  0.3971457E-03
  0.6526500000000E+02  0.1363872E+01  0.7630868E-02  0.5460385E-02  0.3148612E-04  0.6163190E-02  0.3955987E-03
  0.6529833333333E+02  0.1364125E+01  0.7593859E-02  0.5461393E-02  0.3026522E-04  0.6176325E-02  0.3940577E-03
  0.6533166666667E+02  0.1364377E+01  0.7556930E-02  0.5462362E-02  0.2904991E-04  0.6189409E-02  0.3925227E-03
  0.6536500000000E+02  0.1364628E+01  0.7520081E-02  0.5463290E-02  0.2784053E-04  0.6202442E-02  0.3909933E-03
  0.6539833333333E+02  0.1364877E+01  0.7483315E-02  0.5464178E-02  0.2663744E-04  0.6215425E-02  0.3894694E-03
  0.6543166666667E+02  0.1365125E+01  0.7446631E-02  0.5465026E-02  0.2544100E-04  0.6228356E-02  0.3879508E-03
  0.6546500000000E+02  0.1365372E+01  0.7410031E-02  0.5465834E-02  0.2425154E-04  0.6241237E-02  0.3864371E-03
  0.6549833333333E+02  0.1365618E+01  0.7373515E-02  0.5466603E-02  0.2306941E-04  0.6254068E-02  0.3849284E-03
  0.6553166666667E+02  0.1365863E+01  0.7337085E-02  0.5467333E-02  0.2189494E-04  0.6266849E-02  0.3834242E-03
  0.6556500000000E+02  0.1366106E+01  0.7300742E-02  0.5468024E-02  0.2072844E-04  0.6279580E-02  0.3819245E-03
  0.6559833333333E+02  0.1366348E+01  0.7264487E-02  0.5468676E-02  0.1957025E-04  0.6292261E-02  0.3804290E-03
  0.6563166666667E+02  0.1366589E+01  0.7228320E-02  0.5469290E-02  0.1842066E-04  0.6304892E-02  0.3789376E-03
  0.6566500000000E+02  0.1366829E+01  0.7192243E-02  0.5469866E-02  0.1727998E-04  0.6317474E-02  0.3774501E-03
  0.6569833333333E+02  0.1367068E+01  0.7156257E-02  0.5470404E-02  0.1614848E-04  0.6330006E-02  0.3759662E-03
  0.6573166666667E+02  0.1367305E+01  0.7120363E-02  0.5470905E-02  0.1502646E-04  0.6342489E-02  0.3744858E-03
  0.6576500000000E+02  0.1367541E+01  0.7084562E-02  0.5471369E-02  0.1391416E-04  0.6354923E-02  0.3730088E-03
  0.6579833333333E+02  0.1367776E+01  0.7048855E-02  0.5471796E-02  0.1281185E-04  0.6367307E-02  0.3715350E-03
  0.6583166666667E+02  0.1368010E+01  0.7013243E-02  0.5472187E-02  0.1171976E-04  0.6379643E-02  0.3700641E-03
  0.6586500000000E+02  0.1368242E+01  0.6977727E-02  0.5472542E-02  0.1063814E-04  0.6391929E-02  0.3685961E-03
  0.6589833333333E+02  0.1368474E+01  0.6942309E-02  0.5472860E-02  0.9567180E-05  0.6404167E-02  0.3671308E-03
  0.6593166666667E+02  0.1368704E+01  0.6906990E-02  0.5473144E-02  0.8507102E-05  0.6416356E-02  0.3656680E-03
  0.6596500000000E+02  0.1368933E+01  0.6871770E-02  0.5473393E-02  0.7458088E-05  0.6428496E-02  0.3642076E-03
  0.6599833333333E+02  0.1369161E+01  0.6836651E-02  0.5473607E-02  0.6420317E-05  0.6440588E-02  0.3627495E-03
  0.6603166666667E+02  0.1369388E+01  0.6801635E-02  0.5473786E-02  0.5393950E-05  0.6452631E-02  0.3612936E-03
  0.6606500000000E+02  0.1369613E+01  0.6766721E-02  0.5473932E-02  0.4379134E-05  0.6464625E-02  0.3598396E-03
  0.6609833333333E+02  0.1369838E+01  0.6731913E-02  0.5474045E-02  0.3376003E-05  0.6476572E-02  0.3583876E-03
  0.6613166666667E+02  0.1370061E+01  0.6697209E-02  0.5474124E-02  0.2384676E-05  0.6488470E-02  0.3569373E-03
  0.6616500000000E+02  0.1370283E+01  0.6662613E-02  0.5474171E-02  0.1405260E-05  0.6500319E-02  0.3554888E-03
  0.6619833333333E+02  0.1370504E+01  0.6628125E-02  0.5474186E-02  0.4378425E-06  0.6512121E-02  0.3540418E-03
  0.6623166666667E+02  0.1370724E+01  0.6593746E-02  0.5474169E-02 -0.5174988E-06  0.6523874E-02  0.3525964E-03
  0.6626500000000E+02  0.1370942E+01  0.6559477E-02  0.5474120E-02 -0.1460702E-05  0.6535579E-02  0.3511523E-03
  0.6629833333333E+02  0.1371160E+01  0.6525320E-02  0.5474040E-02 -0.2391721E-05  0.6547236E-02  0.3497096E-03
  0.6633166666667E+02  0.1371376E+01  0.6491276E-02  0.5473930E-02 -0.3310521E-05  0.6558845E-02  0.3482682E-03
  0.6636500000000E+02  0.1371591E+01  0.6457345E-02  0.5473789E-02 -0.4217082E-05  0.6570406E-02  0.3468279E-03
  0.6639833333333E+02  0.1371806E+01  0.6423530E-02  0.5473619E-02 -0.5111400E-05  0.6581919E-02  0.3453888E-03
  0.6643166666667E+02  0.1372019E+01  0.6389831E-02  0.5473419E-02 -0.5993481E-05  0.6593384E-02  0.3439507E-03
  0.6646500000000E+02  0.1372230E+01  0.6356250E-02  0.5473190E-02 -0.6863345E-05  0.6604801E-02  0.3425137E-03
  0.6649833333333E+02  0.1372441E+01  0.6322787E-02  0.5472933E-02 -0.7721027E-05  0.6616170E-02  0.3410776E-03
  0.6653166666667E+02  0.1372651E+01  0.6289443E-02  0.5472647E-02 -0.8566571E-05  0.6627492E-02  0.3396425E-03
  0.6656500000000E+02  0.1372859E+01  0.6256221E-02  0.5472334E-02 -0.9400035E-05  0.6638765E-02  0.3382082E-03
  0.6659833333333E+02  0.1373067E+01  0.6223120E-02  0.5471993E-02 -0.1022149E-04  0.6649991E-02  0.3367749E-03
  0.6663166666667E+02  0.1373273E+01  0.6190142E-02  0.5471626E-02 -0.1103101E-04  0.6661169E-02  0.3353423E-03
  0.6666500000000E+02  0.1373478E+01  0.6157288E-02  0.5471231E-02 -0.1182870E-04  0.6672299E-02  0.3339106E-03
  0.6669833333333E+02  0.1373683E+01  0.6124558E-02  0.5470811E-02 -0.1261465E-04  0.6683382E-02  0.3324796E-03
  0.6673166666667E+02  0.1373886E+01  0.6091955E-02  0.5470365E-02 -0.1338897E-04  0.6694417E-02  0.3310494E-03
  0.6676500000000E+02  0.1374088E+01  0.6059478E-02  0.5469893E-02 -0.1415178E-04  0.6705404E-02  0.3296199E-03
  0.6679833333333E+02  0.1374288E+01  0.6027129E-02  0.5469396E-02 -0.1490322E-04  0.6716344E-02  0.3281912E-03
  0.6683166666667E+02  0.1374488E+01  0.5994908E-02  0.5468875E-02 -0.1564342E-04  0.6727236E-02  0.3267633E-03
  0.6686500000000E+02  0.1374687E+01  0.5962817E-02  0.5468329E-02 -0.1637252E-04  0.6738081E-02  0.3253360E-03
  0.6689833333333E+02  0.1374885E+01  0.5930856E-02  0.5467759E-02 -0.1709068E-04  0.6748878E-02  0.3239094E-03
  0.6693166666667E+02  0.1375081E+01  0.5899026E-02  0.5467166E-02 -0.1779805E-04  0.6759627E-02  0.3224836E-03
  0.6696500000000E+02  0.1375277E+01  0.5867328E-02  0.5466549E-02 -0.1849480E-04  0.6770329E-02  0.3210584E-03
  0.6699833333333E+02  0.1375472E+01  0.5835762E-02  0.5465910E-02 -0.1918109E-04  0.6780984E-02  0.3196340E-03
  0.6703166666667E+02  0.1375665E+01  0.5804330E-02  0.5465248E-02 -0.1985711E-04  0.6791591E-02  0.3182102E-03
  0.6706500000000E+02  0.1375857E+01  0.5773031E-02  0.5464564E-02 -0.2052303E-04  0.6802150E-02  0.3167872E-03
  0.6709833333333E+02  0.1376049E+01  0.5741867E-02  0.5463858E-02 -0.2117903E-04  0.6812662E-02  0.3153648E-03
  0.6713166666667E+02  0.1376239E+01  0.5710838E-02  0.5463131E-02 -0.2182529E-04  0.6823127E-02  0.3139432E-03
  0.6716500000000E+02  0.1376429E+01  0.5679945E-02  0.5462382E-02 -0.2246201E-04  0.6833544E-02  0.3125222E-03
  0.6719833333333E+02  0.1376617E+01  0.5649187E-02  0.5461612E-02 -0.2308937E-04  0.6843915E-02  0.3111020E-03
  0.6723166666667E+02  0.1376804E+01  0.5618567E-02  0.5460822E-02 -0.2370757E-04  0.6854237E-02  0.3096824E-03
  0.6726500000000E+02  0.1376990E+01  0.5588083E-02  0.5460011E-02 -0.2431679E-04  0.6864513E-02  0.3082636E-03
  0.6729833333333E+02  0.1377176E+01  0.5557737E-02  0.5459181E-02 -0.2491724E-04  0.6874741E-02  0.3068454E-03
  0.6733166666667E+02  0.1377360E+01  0.5527529E-02  0.5458330E-02 -0.2550910E-04  0.6884922E-02  0.3054279E-03
  0.6736500000000E+02  0.1377543E+01  0.5497459E-02  0.5457461E-02 -0.2609257E-04  0.6895056E-02  0.3040112E-03
  0.6739833333333E+02  0.1377725E+01  0.5467527E-02  0.5456572E-02 -0.2666785E-04  0.6905142E-02  0.3025951E-03
  0.6743166666667E+02  0.1377907E+01  0.5437735E-02  0.5455664E-02 -0.2723511E-04  0.6915181E-02  0.3011797E-03
  0.6746500000000E+02  0.1378087E+01  0.5408082E-02  0.5454737E-02 -0.2779456E-04  0.6925174E-02  0.2997650E-03
  0.6749833333333E+02  0.1378266E+01  0.5378568E-02  0.5453793E-02 -0.2834638E-04  0.6935119E-02  0.2983509E-03
  0.6753166666667E+02  0.1378444E+01  0.5349193E-02  0.5452830E-02 -0.2889075E-04  0.6945016E-02  0.2969376E-03
  0.6756500000000E+02  0.1378622E+01  0.5319959E-02  0.5451849E-02 -0.2942787E-04  0.6954867E-02  0.2955249E-03
  0.6759833333333E+02  0.1378798E+01  0.5290864E-02  0.5450850E-02 -0.2995792E-04  0.6964671E-02  0.2941129E-03
  0.6763166666667E+02  0.1378974E+01  0.5261910E-02  0.5449834E-02 -0.3048107E-04  0.6974428E-02  0.2927016E-03
  0.6766500000000E+02  0.1379148E+01  0.5233096E-02  0.5448801E-02 -0.3099749E-04  0.6984137E-02  0.2912909E-03
  0.6769833333333E+02  0.1379322E+01  0.5204422E-02  0.5447751E-02 -0.3150737E-04  0.6993800E-02  0.2898809E-03
  0.6773166666667E+02  0.1379494E+01  0.5175888E-02  0.5446683E-02 -0.3201087E-04  0.7003416E-02  0.2884715E-03
  0.6776500000000E+02  0.1379666E+01  0.5147495E-02  0.5445600E-02 -0.3250815E-04  0.7012985E-02  0.2870628E-03
  0.6779833333333E+02  0.1379836E+01  0.5119243E-02  0.5444500E-02 -0.3299938E-04  0.7022507E-02  0.2856548E-03
  0.6783166666667E+02  0.1380006E+01  0.5091131E-02  0.5443384E-02 -0.3348471E-04  0.7031981E-02  0.2842474E-03
  0.6786500000000E+02  0.1380175E+01  0.5063160E-02  0.5442252E-02 -0.3396429E-04  0.7041409E-02  0.2828407E-03
  0.6789833333333E+02  0.1380343E+01  0.5035329E-02  0.5441104E-02 -0.3443828E-04  0.7050791E-02  0.2814346E-03
  0.6793166666667E+02  0.1380510E+01  0.5007639E-02  0.5439940E-02 -0.3490681E-04  0.7060125E-02  0.2800291E-03
  0.6796500000000E+02  0.1380676E+01  0.4980089E-02  0.5438761E-02 -0.3537004E-04  0.7069412E-02  0.2786243E-03
  0.6799833333333E+02  0.1380841E+01  0.4952679E-02  0.5437567E-02 -0.3582808E-04  0.7078653E-02  0.2772202E-03
  0.6803166666667E+02  0.1381005E+01  0.4925410E-02  0.5436357E-02 -0.3628108E-04  0.7087847E-02  0.2758167E-03
  0.6806500000000E+02  0.1381168E+01  0.4898281E-02  0.5435133E-02 -0.3672915E-04  0.7096994E-02  0.2744138E-03
  0.6809833333333E+02  0.1381330E+01  0.4871292E-02  0.5433894E-02 -0.3717242E-04  0.7106094E-02  0.2730117E-03
  0.6813166666667E+02  0.1381492E+01  0.4844444E-02  0.5432640E-02 -0.3761101E-04  0.7115148E-02  0.2716102E-03
  0.6816500000000E+02  0.1381653E+01  0.4817735E-02  0.5431372E-02 -0.3804502E-04  0.7124155E-02  0.2702093E-03
  0.6819833333333E+02  0.1381812E+01  0.4791166E-02  0.5430090E-02 -0.3847457E-04  0.7133115E-02  0.2688092E-03
  0.6823166666667E+02  0.1381971E+01  0.4764737E-02  0.5428793E-02 -0.3889975E-04  0.7142029E-02  0.2674098E-03
  0.6826500000000E+02  0.1382129E+01  0.4738447E-02  0.5427482E-02 -0.3932066E-04  0.7150896E-02  0.2660111E-03
  0.6829833333333E+02  0.1382286E+01  0.4712297E-02  0.5426158E-02 -0.3973740E-04  0.7159717E-02  0.2646131E-03
  0.6833166666667E+02  0.1382442E+01  0.4686285E-02  0.5424819E-02 -0.4015005E-04  0.7168490E-02  0.2632159E-03
  0.6836500000000E+02  0.1382598E+01  0.4660413E-02  0.5423468E-02 -0.4055869E-04  0.7177218E-02  0.2618195E-03
  0.6839833333333E+02  0.1382752E+01  0.4634680E-02  0.5422102E-02 -0.4096341E-04  0.7185899E-02  0.2604239E-03
  0.6843166666667E+02  0.1382906E+01  0.4609085E-02  0.5420723E-02 -0.4136428E-04  0.7194533E-02  0.2590291E-03
  0.6846500000000E+02  0.1383059E+01  0.4583629E-02  0.5419331E-02 -0.4176136E-04  0.7203121E-02  0.2576351E-03
  0.6849833333333E+02  0.1383210E+01  0.4558311E-02  0.5417926E-02 -0.4215473E-04  0.7211662E-02  0.2562420E-03
  0.6853166666667E+02  0.1383362E+01  0.4533130E-02  0.5416508E-02 -0.4254443E-04  0.7220157E-02  0.2548498E-03
  0.6856500000000E+02  0.1383512E+01  0.4508088E-02  0.5415077E-02 -0.4293054E-04  0.7228606E-02  0.2534586E-03
  0.6859833333333E+02  0.1383661E+01  0.4483183E-02  0.5413633E-02 -0.4331311E-04  0.7237008E-02  0.2520683E-03
  0.6863166666667E+02  0.1383810E+01  0.4458416E-02  0.5412177E-02 -0.4369217E-04  0.7245364E-02  0.2506790E-03
  0.6866500000000E+02  0.1383958E+01  0.4433786E-02  0.5410708E-02 -0.4406778E-04  0.7253674E-02  0.2492907E-03
  0.6869833333333E+02  0.1384105E+01  0.4409292E-02  0.5409226E-02 -0.4443997E-04  0.7261937E-02  0.2479036E-03
  0.6873166666667E+02  0.1384251E+01  0.4384935E-02  0.5407733E-02 -0.4480878E-04  0.7270154E-02  0.2465175E-03
  0.6876500000000E+02  0.1384396E+01  0.4360714E-02  0.5406227E-02 -0.4517425E-04  0.7278325E-02  0.2451327E-03
  0.6879833333333E+02  0.1384541E+01  0.4336629E-02  0.5404709E-02 -0.4553640E-04  0.7286450E-02  0.2437490E-03
  0.6883166666667E+02  0.1384684E+01  0.4312680E-02  0.5403179E-02 -0.4589526E-04  0.7294529E-02  0.2423666E-03
  0.6886500000000E+02  0.1384827E+01  0.4288867E-02  0.5401638E-02 -0.4625085E-04  0.7302562E-02  0.2409855E-03
  0.6889833333333E+02  0.1384970E+01  0.4265188E-02  0.5400084E-02 -0.4660318E-04  0.7310549E-02  0.2396058E-03
  0.6893166666667E+02  0.1385111E+01  0.4241645E-02  0.5398519E-02 -0.4695228E-04  0.7318490E-02  0.2382275E-03
  0.6896500000000E+02  0.1385252E+01  0.4218235E-02  0.5396942E-02 -0.4729815E-04  0.7326385E-02  0.2368506E-03
  0.6899833333333E+02  0.1385391E+01  0.4194961E-02  0.5395354E-02 -0.4764081E-04  0.7334234E-02  0.2354753E-03
  0.6903166666667E+02  0.1385531E+01  0.4171819E-02  0.5393755E-02 -0.4798026E-04  0.7342037E-02  0.2341015E-03
  0.6906500000000E+02  0.1385669E+01  0.4148812E-02  0.5392145E-02 -0.4831650E-04  0.7349795E-02  0.2327294E-03
  0.6909833333333E+02  0.1385806E+01  0.4125938E-02  0.5390523E-02 -0.4864953E-04  0.7357507E-02  0.2313591E-03
  0.6913166666667E+02  0.1385943E+01  0.4103197E-02  0.5388890E-02 -0.4897935E-04  0.7365173E-02  0.2299904E-03
  0.6916500000000E+02  0.1386079E+01  0.4080588E-02  0.5387247E-02 -0.4930595E-04  0.7372794E-02  0.2286236E-03
  0.6919833333333E+02  0.1386214E+01  0.4058111E-02  0.5385592E-02 -0.4962934E-04  0.7380369E-02  0.2272587E-03
  0.6923166666667E+02  0.1386349E+01  0.4035766E-02  0.5383927E-02 -0.4994949E-04  0.7387899E-02  0.2258958E-03
  0.6926500000000E+02  0.1386483E+01  0.4013553E-02  0.5382252E-02 -0.5026640E-04  0.7395384E-02  0.2245349E-03
  0.6929833333333E+02  0.1386616E+01  0.3991471E-02  0.5380566E-02 -0.5058005E-04  0.7402823E-02  0.2231761E-03
  0.6933166666667E+02  0.1386748E+01  0.3969520E-02  0.5378870E-02 -0.5089042E-04  0.7410217E-02  0.2218195E-03
  0.6936500000000E+02  0.1386880E+01  0.3947698E-02  0.5377163E-02 -0.5119751E-04  0.7417566E-02  0.2204651E-03
  0.6939833333333E+02  0.1387011E+01  0.3926007E-02  0.5375446E-02 -0.5150128E-04  0.7424870E-02  0.2191130E-03
  0.6943166666667E+02  0.1387141E+01  0.3904446E-02  0.5373720E-02 -0.5180172E-04  0.7432128E-02  0.2177633E-03
  0.6946500000000E+02  0.1387270E+01  0.3883013E-02  0.5371983E-02 -0.5209881E-04  0.7439342E-02  0.2164161E-03
  0.6949833333333E+02  0.1387399E+01  0.3861710E-02  0.5370236E-02 -0.5239252E-04  0.7446511E-02  0.2150714E-03
  0.6953166666667E+02  0.1387527E+01  0.3840534E-02  0.5368480E-02 -0.5268282E-04  0.7453636E-02  0.2137294E-03
  0.6956500000000E+02  0.1387654E+01  0.3819487E-02  0.5366715E-02 -0.5296970E-04  0.7460715E-02  0.2123900E-03
  0.6959833333333E+02  0.1387781E+01  0.3798567E-02  0.5364940E-02 -0.5325312E-04  0.7467750E-02  0.2110534E-03
  0.6963166666667E+02  0.1387907E+01  0.3777774E-02  0.5363155E-02 -0.5353306E-04  0.7474741E-02  0.2097196E-03
  0.6966500000000E+02  0.1388032E+01  0.3757108E-02  0.5361362E-02 -0.5380949E-04  0.7481687E-02  0.2083887E-03
  0.6969833333333E+02  0.1388157E+01  0.3736568E-02  0.5359559E-02 -0.5408238E-04  0.7488589E-02  0.2070609E-03
  0.6973166666667E+02  0.1388280E+01  0.3716153E-02  0.5357747E-02 -0.5435171E-04  0.7495447E-02  0.2057361E-03
  0.6976500000000E+02  0.1388404E+01  0.3695864E-02  0.5355926E-02 -0.5461743E-04  0.7502261E-02  0.2044144E-03
  0.6979833333333E+02  0.1388526E+01  0.3675700E-02  0.5354097E-02 -0.5487953E-04  0.7509031E-02  0.2030960E-03
  0.6983166666667E+02  0.1388648E+01  0.3655660E-02  0.5352259E-02 -0.5513796E-04  0.7515757E-02  0.2017809E-03
  0.6986500000000E+02  0.1388769E+01  0.3635744E-02  0.5350413E-02 -0.5539272E-04  0.7522439E-02  0.2004691E-03
  0.6989833333333E+02  0.1388890E+01  0.3615951E-02  0.5348558E-02 -0.5564375E-04  0.7529078E-02  0.1991608E-03
  0.6993166666667E+02  0.1389010E+01  0.3596281E-02  0.5346695E-02 -0.5589104E-04  0.7535673E-02  0.1978560E-03
  0.6996500000000E+02  0.1389129E+01  0.3576734E-02  0.5344824E-02 -0.5613456E-04  0.7542225E-02  0.1965548E-03
  0.6999833333333E+02  0.1389247E+01  0.3557308E-02  0.5342945E-02 -0.5637428E-04  0.7548734E-02  0.1952573E-03
  0.7003166666667E+02  0.1389365E+01  0.3538004E-02  0.5341058E-02 -0.5661016E-04  0.7555199E-02  0.1939636E-03
  0.7006500000000E+02  0.1389483E+01  0.3518821E-02  0.5339163E-02 -0.5684219E-04  0.7561621E-02  0.1926736E-03
  0.7009833333333E+02  0.1389599E+01  0.3499758E-02  0.5337261E-02 -0.5707034E-04  0.7568001E-02  0.1913875E-03
  0.7013166666667E+02  0.1389715E+01  0.3480816E-02  0.5335351E-02 -0.5729458E-04  0.7574338E-02  0.1901054E-03
  0.7016500000000E+02  0.1389831E+01  0.3461992E-02  0.5333434E-02 -0.5751489E-04  0.7580632E-02  0.1888274E-03
  0.7019833333333E+02  0.1389945E+01  0.3443287E-02  0.5331509E-02 -0.5773125E-04  0.7586884E-02  0.1875534E-03
  0.7023166666667E+02  0.1390060E+01  0.3424701E-02  0.5329578E-02 -0.5794363E-04  0.7593093E-02  0.1862836E-03
  0.7026500000000E+02  0.1390173E+01  0.3406232E-02  0.5327639E-02 -0.5815202E-04  0.7599261E-02  0.1850180E-03
  0.7029833333333E+02  0.1390286E+01  0.3387881E-02  0.5325694E-02 -0.5835639E-04  0.7605386E-02  0.1837567E-03
  0.7033166666667E+02  0.1390398E+01  0.3369646E-02  0.5323742E-02 -0.5855672E-04  0.7611469E-02  0.1824998E-03
  0.7036500000000E+02  0.1390510E+01  0.3351528E-02  0.5321784E-02 -0.5875301E-04  0.7617511E-02  0.1812473E-03
  0.7039833333333E+02  0.1390621E+01  0.3333525E-02  0.5319819E-02 -0.5894523E-04  0.7623511E-02  0.1799993E-03
  0.7043166666667E+02  0.1390732E+01  0.3315637E-02  0.5317848E-02 -0.5913338E-04  0.7629469E-02  0.1787558E-03
  0.7046500000000E+02  0.1390842E+01  0.3297864E-02  0.5315871E-02 -0.5931743E-04  0.7635387E-02  0.1775169E-03
  0.7049833333333E+02  0.1390951E+01  0.3280204E-02  0.5313887E-02 -0.5949739E-04  0.7641263E-02  0.1762827E-03
  0.7053166666667E+02  0.1391060E+01  0.3262658E-02  0.5311898E-02 -0.5967324E-04  0.7647098E-02  0.1750532E-03
  0.7056500000000E+02  0.1391168E+01  0.3245224E-02  0.5309903E-02 -0.5984497E-04  0.7652892E-02  0.1738284E-03
  0.7059833333333E+02  0.1391276E+01  0.3227903E-02  0.5307903E-02 -0.6001258E-04  0.7658646E-02  0.1726085E-03
  0.7063166666667E+02  0.1391383E+01  0.3210694E-02  0.5305897E-02 -0.6017607E-04  0.7664359E-02  0.1713934E-03
  0.7066500000000E+02  0.1391489E+01  0.3193595E-02  0.5303886E-02 -0.6033544E-04  0.7670032E-02  0.1701833E-03
  0.7069833333333E+02  0.1391595E+01  0.3176607E-02  0.5301870E-02 -0.6049068E-04  0.7675664E-02  0.1689781E-03
  0.7073166666667E+02  0.1391700E+01  0.3159729E-02  0.5299848E-02 -0.6064180E-04  0.7681257E-02  0.1677780E-03
  0.7076500000000E+02  0.1391805E+01  0.3142960E-02  0.5297822E-02 -0.6078880E-04  0.7686809E-02  0.1665829E-03
  0.7079833333333E+02  0.1391909E+01  0.3126300E-02  0.5295791E-02 -0.6093169E-04  0.7692323E-02  0.1653928E-03
  0.7083166666667E+02  0.1392013E+01  0.3109748E-02  0.5293755E-02 -0.6107048E-04  0.7697796E-02  0.1642080E-03
  0.7086500000000E+02  0.1392116E+01  0.3093303E-02  0.5291715E-02 -0.6120517E-04  0.7703230E-02  0.1630283E-03
  0.7089833333333E+02  0.1392219E+01  0.3076966E-02  0.5289671E-02 -0.6133577E-04  0.7708626E-02  0.1618538E-03
  0.7093166666667E+02  0.1392321E+01  0.3060734E-02  0.5287622E-02 -0.6146231E-04  0.7713982E-02  0.1606846E-03
  0.7096500000000E+02  0.1392422E+01  0.3044609E-02  0.5285569E-02 -0.6158478E-04  0.7719299E-02  0.1595206E-03
  0.7099833333333E+02  0.1392523E+01  0.3028589E-02  0.5283512E-02 -0.6170322E-04  0.7724578E-02  0.1583620E-03
  0.7103166666667E+02  0.1392623E+01  0.3012673E-02  0.5281452E-02 -0.6181764E-04  0.7729818E-02  0.1572088E-03
  0.7106500000000E+02  0.1392723E+01  0.2996861E-02  0.5279387E-02 -0.6192806E-04  0.7735020E-02  0.1560609E-03
  0.7109833333333E+02  0.1392823E+01  0.2981153E-02  0.5277319E-02 -0.6203450E-04  0.7740184E-02  0.1549184E-03
  0.7113166666667E+02  0.1392922E+01  0.2965547E-02  0.5275248E-02 -0.6213698E-04  0.7745310E-02  0.1537814E-03
  0.7116500000000E+02  0.1393020E+01  0.2950044E-02  0.5273174E-02 -0.6223553E-04  0.7750398E-02  0.1526498E-03
  0.7119833333333E+02  0.1393118E+01  0.2934642E-02  0.5271096E-02 -0.6233018E-04  0.7755449E-02  0.1515237E-03
  0.7123166666667E+02  0.1393215E+01  0.2919341E-02  0.5269015E-02 -0.6242095E-04  0.7760463E-02  0.1504032E-03
  0.7126500000000E+02  0.1393312E+01  0.2904141E-02  0.5266932E-02 -0.6250787E-04  0.7765439E-02  0.1492881E-03
  0.7129833333333E+02  0.1393408E+01  0.2889040E-02  0.5264845E-02 -0.6259099E-04  0.7770378E-02  0.1481787E-03
  0.7133166666667E+02  0.1393504E+01  0.2874038E-02  0.5262756E-02 -0.6267031E-04  0.7775281E-02  0.1470747E-03
  0.7136500000000E+02  0.1393599E+01  0.2859136E-02  0.5260665E-02 -0.6274589E-04  0.7780147E-02  0.1459764E-03
  0.7139833333333E+02  0.1393694E+01  0.2844331E-02  0.5258571E-02 -0.6281776E-04  0.7784976E-02  0.1448837E-03
  0.7143166666667E+02  0.1393788E+01  0.2829623E-02  0.5256475E-02 -0.6288596E-04  0.7789769E-02  0.1437966E-03
  0.7146500000000E+02  0.1393882E+01  0.2815012E-02  0.5254376E-02 -0.6295051E-04  0.7794526E-02  0.1427151E-03
  0.7149833333333E+02  0.1393976E+01  0.2800498E-02  0.5252276E-02 -0.6301147E-04  0.7799248E-02  0.1416392E-03
  0.7153166666667E+02  0.1394068E+01  0.2786079E-02  0.5250174E-02 -0.6306887E-04  0.7803933E-02  0.1405690E-03
  0.7156500000000E+02  0.1394161E+01  0.2771755E-02  0.5248070E-02 -0.6312275E-04  0.7808584E-02  0.1395045E-03
  0.7159833333333E+02  0.1394253E+01  0.2757526E-02  0.5245964E-02 -0.6317316E-04  0.7813198E-02  0.1384456E-03
  0.7163166666667E+02  0.1394344E+01  0.2743390E-02  0.5243857E-02 -0.6322015E-04  0.7817778E-02  0.1373925E-03
  0.7166500000000E+02  0.1394435E+01  0.2729348E-02  0.5241748E-02 -0.6326374E-04  0.7822323E-02  0.1363449E-03
  0.7169833333333E+02  0.1394526E+01  0.2715398E-02  0.5239638E-02 -0.6330400E-04  0.7826833E-02  0.1353031E-03
  0.7173166666667E+02  0.1394616E+01  0.2701541E-02  0.5237526E-02 -0.6334097E-04  0.7831309E-02  0.1342670E-03
  0.7176500000000E+02  0.1394705E+01  0.2687775E-02  0.5235414E-02 -0.6337469E-04  0.7835750E-02  0.1332365E-03
  0.7179833333333E+02  0.1394794E+01  0.2674100E-02  0.5233300E-02 -0.6340521E-04  0.7840157E-02  0.1322117E-03
  0.7183166666667E+02  0.1394883E+01  0.2660515E-02  0.5231186E-02 -0.6343259E-04  0.7844530E-02  0.1311927E-03
  0.7186500000000E+02  0.1394971E+01  0.2647020E-02  0.5229071E-02 -0.6345687E-04  0.7848869E-02  0.1301793E-03
  0.7189833333333E+02  0.1395059E+01  0.2633615E-02  0.5226955E-02 -0.6347810E-04  0.7853175E-02  0.1291716E-03
  0.7193166666667E+02  0.1395146E+01  0.2620298E-02  0.5224838E-02 -0.6349633E-04  0.7857447E-02  0.1281696E-03
  0.7196500000000E+02  0.1395233E+01  0.2607069E-02  0.5222721E-02 -0.6351162E-04  0.7861686E-02  0.1271732E-03
  0.7199833333333E+02  0.1395320E+01  0.2593927E-02  0.5220604E-02 -0.6352401E-04  0.7865893E-02  0.1261826E-03
  0.7203166666667E+02  0.1395406E+01  0.2580873E-02  0.5218486E-02 -0.6353356E-04  0.7870066E-02  0.1251976E-03
  0.7206500000000E+02  0.1395491E+01  0.2567905E-02  0.5216368E-02 -0.6354032E-04  0.7874206E-02  0.1242183E-03
  0.7209833333333E+02  0.1395577E+01  0.2555023E-02  0.5214250E-02 -0.6354434E-04  0.7878315E-02  0.1232446E-03
  0.7213166666667E+02  0.1395661E+01  0.2542226E-02  0.5212131E-02 -0.6354568E-04  0.7882390E-02  0.1222766E-03
  0.7216500000000E+02  0.1395746E+01  0.2529513E-02  0.5210013E-02 -0.6354439E-04  0.7886434E-02  0.1213142E-03
  0.7219833333333E+02  0.1395830E+01  0.2516885E-02  0.5207895E-02 -0.6354052E-04  0.7890446E-02  0.1203575E-03
  0.7223166666667E+02  0.1395913E+01  0.2504341E-02  0.5205777E-02 -0.6353412E-04  0.7894426E-02  0.1194063E-03
  0.7226500000000E+02  0.1395996E+01  0.2491879E-02  0.5203660E-02 -0.6352526E-04  0.7898375E-02  0.1184608E-03
  0.7229833333333E+02  0.1396079E+01  0.2479500E-02  0.5201543E-02 -0.6351397E-04  0.7902292E-02  0.1175209E-03
  0.7233166666667E+02  0.1396161E+01  0.2467204E-02  0.5199426E-02 -0.6350033E-04  0.7906179E-02  0.1165866E-03
  0.7236500000000E+02  0.1396243E+01  0.2454988E-02  0.5197310E-02 -0.6348437E-04  0.7910034E-02  0.1156578E-03
  0.7239833333333E+02  0.1396324E+01  0.2442854E-02  0.5195194E-02 -0.6346616E-04  0.7913858E-02  0.1147346E-03
  0.7243166666667E+02  0.1396405E+01  0.2430799E-02  0.5193080E-02 -0.6344575E-04  0.7917652E-02  0.1138170E-03
  0.7246500000000E+02  0.1396486E+01  0.2418825E-02  0.5190966E-02 -0.6342318E-04  0.7921416E-02  0.1129049E-03
  0.7249833333333E+02  0.1396566E+01  0.2406930E-02  0.5188852E-02 -0.6339852E-04  0.7925149E-02  0.1119983E-03
  0.7253166666667E+02  0.1396646E+01  0.2395114E-02  0.5186740E-02 -0.6337181E-04  0.7928852E-02  0.1110972E-03
  0.7256500000000E+02  0.1396725E+01  0.2383376E-02  0.5184628E-02 -0.6334311E-04  0.7932526E-02  0.1102016E-03
  0.7259833333333E+02  0.1396805E+01  0.2371716E-02  0.5182518E-02 -0.6331247E-04  0.7936169E-02  0.1093115E-03
  0.7263166666667E+02  0.1396883E+01  0.2360133E-02  0.5180409E-02 -0.6327994E-04  0.7939784E-02  0.1084268E-03
  0.7266500000000E+02  0.1396961E+01  0.2348626E-02  0.5178300E-02 -0.6324557E-04  0.7943369E-02  0.1075476E-03
  0.7269833333333E+02  0.1397039E+01  0.2337196E-02  0.5176193E-02 -0.6320941E-04  0.7946924E-02  0.1066737E-03
  0.7273166666667E+02  0.1397117E+01  0.2325842E-02  0.5174088E-02 -0.6317152E-04  0.7950451E-02  0.1058053E-03
  0.7276500000000E+02  0.1397194E+01  0.2314563E-02  0.5171983E-02 -0.6313194E-04  0.7953949E-02  0.1049423E-03
  0.7279833333333E+02  0.1397271E+01  0.2303358E-02  0.5169880E-02 -0.6309071E-04  0.7957419E-02  0.1040846E-03
  0.7283166666667E+02  0.1397347E+01  0.2292228E-02  0.5167779E-02 -0.6304790E-04  0.7960860E-02  0.1032323E-03
  0.7286500000000E+02  0.1397423E+01  0.2281171E-02  0.5165679E-02 -0.6300355E-04  0.7964273E-02  0.1023853E-03
  0.7289833333333E+02  0.1397499E+01  0.2270188E-02  0.5163580E-02 -0.6295770E-04  0.7967657E-02  0.1015436E-03
  0.7293166666667E+02  0.1397574E+01  0.2259277E-02  0.5161483E-02 -0.6291041E-04  0.7971014E-02  0.1007073E-03
  0.7296500000000E+02  0.1397649E+01  0.2248439E-02  0.5159388E-02 -0.6286171E-04  0.7974344E-02  0.9987613E-04
  0.7299833333333E+02  0.1397724E+01  0.2237672E-02  0.5157294E-02 -0.6281166E-04  0.7977645E-02  0.9905026E-04
  0.7303166666667E+02  0.1397798E+01  0.2226976E-02  0.5155202E-02 -0.6276029E-04  0.7980920E-02  0.9822962E-04
  0.7306500000000E+02  0.1397872E+01  0.2216351E-02  0.5153112E-02 -0.6270766E-04  0.7984167E-02  0.9741419E-04
  0.7309833333333E+02  0.1397945E+01  0.2205797E-02  0.5151023E-02 -0.6265380E-04  0.7987387E-02  0.9660395E-04
  0.7313166666667E+02  0.1398019E+01  0.2195312E-02  0.5148937E-02 -0.6259876E-04  0.7990580E-02  0.9579887E-04
  0.7316500000000E+02  0.1398091E+01  0.2184897E-02  0.5146852E-02 -0.6254258E-04  0.7993747E-02  0.9499895E-04
  0.7319833333333E+02  0.1398164E+01  0.2174550E-02  0.5144769E-02 -0.6248531E-04  0.7996887E-02  0.9420415E-04
  0.7323166666667E+02  0.1398236E+01  0.2164272E-02  0.5142688E-02 -0.6242697E-04  0.8000001E-02  0.9341445E-04
  0.7326500000000E+02  0.1398308E+01  0.2154062E-02  0.5140609E-02 -0.6236761E-04  0.8003088E-02  0.9262985E-04
  0.7329833333333E+02  0.1398379E+01  0.2143919E-02  0.5138532E-02 -0.6230727E-04  0.8006150E-02  0.9185030E-04
  0.7333166666667E+02  0.1398450E+01  0.2133843E-02  0.5136457E-02 -0.6224599E-04  0.8009186E-02  0.9107580E-04
  0.7336500000000E+02  0.1398521E+01  0.2123834E-02  0.5134385E-02 -0.6218380E-04  0.8012196E-02  0.9030631E-04
  0.7339833333333E+02  0.1398592E+01  0.2113891E-02  0.5132314E-02 -0.6212074E-04  0.8015181E-02  0.8954183E-04
  0.7343166666667E+02  0.1398662E+01  0.2104013E-02  0.5130245E-02 -0.6205685E-04  0.8018140E-02  0.8878232E-04
  0.7346500000000E+02  0.1398732E+01  0.2094201E-02  0.5128179E-02 -0.6199215E-04  0.8021075E-02  0.8802777E-04
  0.7349833333333E+02  0.1398801E+01  0.2084453E-02  0.5126115E-02 -0.6192669E-04  0.8023984E-02  0.8727816E-04
  0.7353166666667E+02  0.1398870E+01  0.2074770E-02  0.5124053E-02 -0.6186049E-04  0.8026868E-02  0.8653345E-04
  0.7356500000000E+02  0.1398939E+01  0.2065151E-02  0.5121993E-02 -0.6179359E-04  0.8029728E-02  0.8579364E-04
  0.7359833333333E+02  0.1399008E+01  0.2055595E-02  0.5119935E-02 -0.6172602E-04  0.8032563E-02  0.8505870E-04
  0.7363166666667E+02  0.1399076E+01  0.2046101E-02  0.5117880E-02 -0.6165781E-04  0.8035374E-02  0.8432860E-04
  0.7366500000000E+02  0.1399144E+01  0.2036671E-02  0.5115827E-02 -0.6158898E-04  0.8038161E-02  0.8360334E-04
  0.7369833333333E+02  0.1399211E+01  0.2027303E-02  0.5113776E-02 -0.6151957E-04  0.8040924E-02  0.8288287E-04
  0.7373166666667E+02  0.1399279E+01  0.2017996E-02  0.5111728E-02 -0.6144960E-04  0.8043663E-02  0.8216719E-04
  0.7376500000000E+02  0.1399346E+01  0.2008750E-02  0.5109682E-02 -0.6137911E-04  0.8046378E-02  0.8145627E-04
  0.7379833333333E+02  0.1399412E+01  0.1999566E-02  0.5107639E-02 -0.6130811E-04  0.8049070E-02  0.8075009E-04
  0.7383166666667E+02  0.1399479E+01  0.1990442E-02  0.5105597E-02 -0.6123663E-04  0.8051738E-02  0.8004863E-04
  0.7386500000000E+02  0.1399545E+01  0.1981377E-02  0.5103559E-02 -0.6116470E-04  0.8054383E-02  0.7935187E-04
  0.7389833333333E+02  0.1399610E+01  0.1972373E-02  0.5101522E-02 -0.6109233E-04  0.8057005E-02  0.7865978E-04
  0.7393166666667E+02  0.1399676E+01  0.1963427E-02  0.5099488E-02 -0.6101956E-04  0.8059604E-02  0.7797235E-04
  0.7396500000000E+02  0.1399741E+01  0.1954541E-02  0.5097457E-02 -0.6094640E-04  0.8062180E-02  0.7728955E-04
  0.7399833333333E+02  0.1399806E+01  0.1945712E-02  0.5095428E-02 -0.6087287E-04  0.8064734E-02  0.7661136E-04
  0.7403166666667E+02  0.1399870E+01  0.1936942E-02  0.5093401E-02 -0.6079900E-04  0.8067265E-02  0.7593776E-04
  0.7406500000000E+02  0.1399935E+01  0.1928229E-02  0.5091377E-02 -0.6072481E-04  0.8069774E-02  0.7526873E-04
  0.7409833333333E+02  0.1399999E+01  0.1919573E-02  0.5089355E-02 -0.6065030E-04  0.8072261E-02  0.7460424E-04
  0.7413166666667E+02  0.1400062E+01  0.1910975E-02  0.5087336E-02 -0.6057550E-04  0.8074726E-02  0.7394429E-04
  0.7416500000000E+02  0.1400126E+01  0.1902432E-02  0.5085319E-02 -0.6050043E-04  0.8077169E-02  0.7328884E-04
  0.7419833333333E+02  0.1400189E+01  0.1893945E-02  0.5083305E-02 -0.6042511E-04  0.8079590E-02  0.7263787E-04
  0.7423166666667E+02  0.1400252E+01  0.1885514E-02  0.5081293E-02 -0.6034954E-04  0.8081990E-02  0.7199137E-04
  0.7426500000000E+02  0.1400314E+01  0.1877138E-02  0.5079284E-02 -0.6027375E-04  0.8084368E-02  0.7134932E-04
  0.7429833333333E+02  0.1400377E+01  0.1868817E-02  0.5077278E-02 -0.6019775E-04  0.8086725E-02  0.7071168E-04
  0.7433166666667E+02  0.1400439E+01  0.1860551E-02  0.5075274E-02 -0.6012154E-04  0.8089061E-02  0.7007845E-04
  0.7436500000000E+02  0.1400500E+01  0.1852338E-02  0.5073272E-02 -0.6004515E-04  0.8091376E-02  0.6944960E-04
  0.7439833333333E+02  0.1400562E+01  0.1844179E-02  0.5071273E-02 -0.5996859E-04  0.8093670E-02  0.6882511E-04
  0.7443166666667E+02  0.1400623E+01  0.1836073E-02  0.5069277E-02 -0.5989187E-04  0.8095944E-02  0.6820497E-04
  0.7446500000000E+02  0.1400684E+01  0.1828021E-02  0.5067283E-02 -0.5981499E-04  0.8098197E-02  0.6758914E-04
  0.7449833333333E+02  0.1400745E+01  0.1820020E-02  0.5065292E-02 -0.5973797E-04  0.8100429E-02  0.6697761E-04
  0.7453166666667E+02  0.1400805E+01  0.1812072E-02  0.5063303E-02 -0.5966082E-04  0.8102642E-02  0.6637037E-04
  0.7456500000000E+02  0.1400865E+01  0.1804176E-02  0.5061317E-02 -0.5958355E-04  0.8104834E-02  0.6576738E-04
  0.7459833333333E+02  0.1400925E+01  0.1796331E-02  0.5059333E-02 -0.5950617E-04  0.8107006E-02  0.6516863E-04
  0.7463166666666E+02  0.1400985E+01  0.1788538E-02  0.5057352E-02 -0.5942868E-04  0.8109159E-02  0.6457411E-04
  0.7466500000000E+02  0.1401044E+01  0.1780795E-02  0.5055374E-02 -0.5935109E-04  0.8111292E-02  0.6398378E-04
  0.7469833333333E+02  0.1401103E+01  0.1773102E-02  0.5053398E-02 -0.5927340E-04  0.8113405E-02  0.6339764E-04
  0.7473166666666E+02  0.1401162E+01  0.1765459E-02  0.5051425E-02 -0.5919564E-04  0.8115499E-02  0.6281565E-04
  0.7476500000000E+02  0.1401221E+01  0.1757866E-02  0.5049454E-02 -0.5911779E-04  0.8117573E-02  0.6223781E-04
  0.7479833333333E+02  0.1401279E+01  0.1750323E-02  0.5047486E-02 -0.5903986E-04  0.8119629E-02  0.6166409E-04
  0.7483166666666E+02  0.1401337E+01  0.1742828E-02  0.5045521E-02 -0.5896187E-04  0.8121665E-02  0.6109447E-04
  0.7486500000000E+02  0.1401395E+01  0.1735382E-02  0.5043558E-02 -0.5888381E-04  0.8123683E-02  0.6052893E-04
  0.7489833333333E+02  0.1401452E+01  0.1727984E-02  0.5041598E-02 -0.5880569E-04  0.8125682E-02  0.5996746E-04
  0.7493166666666E+02  0.1401510E+01  0.1720634E-02  0.5039640E-02 -0.5872751E-04  0.8127662E-02  0.5941003E-04
  0.7496500000000E+02  0.1401567E+01  0.1713332E-02  0.5037685E-02 -0.5864927E-04  0.8129624E-02  0.5885663E-04
  0.7499833333333E+02  0.1401624E+01  0.1706077E-02  0.5035733E-02 -0.5857098E-04  0.8131568E-02  0.5830723E-04
  0.7503166666666E+02  0.1401680E+01  0.1698869E-02  0.5033783E-02 -0.5849264E-04  0.8133493E-02  0.5776182E-04
  0.7506500000000E+02  0.1401737E+01  0.1691707E-02  0.5031836E-02 -0.5841426E-04  0.8135400E-02  0.5722037E-04
  0.7509833333333E+02  0.1401793E+01  0.1684592E-02  0.5029892E-02 -0.5833582E-04  0.8137290E-02  0.5668288E-04
  0.7513166666666E+02  0.1401849E+01  0.1677522E-02  0.5027950E-02 -0.5825734E-04  0.8139161E-02  0.5614931E-04
  0.7516500000000E+02  0.1401905E+01  0.1670499E-02  0.5026010E-02 -0.5817881E-04  0.8141015E-02  0.5561965E-04
  0.7519833333333E+02  0.1401960E+01  0.1663520E-02  0.5024074E-02 -0.5810024E-04  0.8142852E-02  0.5509389E-04
  0.7523166666666E+02  0.1402015E+01  0.1656587E-02  0.5022140E-02 -0.5802162E-04  0.8144671E-02  0.5457200E-04
  0.7526500000000E+02  0.1402070E+01  0.1649698E-02  0.5020208E-02 -0.5794296E-04  0.8146473E-02  0.5405396E-04
  0.7529833333333E+02  0.1402125E+01  0.1642853E-02  0.5018279E-02 -0.5786425E-04  0.8148257E-02  0.5353976E-04
  0.7533166666666E+02  0.1402180E+01  0.1636052E-02  0.5016353E-02 -0.5778550E-04  0.8150025E-02  0.5302938E-04
  0.7536500000000E+02  0.1402234E+01  0.1629296E-02  0.5014430E-02 -0.5770670E-04  0.8151776E-02  0.5252279E-04
  0.7539833333333E+02  0.1402288E+01  0.1622582E-02  0.5012509E-02 -0.5762785E-04  0.8153510E-02  0.5201998E-04
  0.7543166666666E+02  0.1402342E+01  0.1615912E-02  0.5010591E-02 -0.5754896E-04  0.8155227E-02  0.5152094E-04
  0.7546500000000E+02  0.1402395E+01  0.1609284E-02  0.5008675E-02 -0.5747001E-04  0.8156928E-02  0.5102564E-04
  0.7549833333333E+02  0.1402449E+01  0.1602699E-02  0.5006762E-02 -0.5739101E-04  0.8158612E-02  0.5053406E-04
  0.7553166666666E+02  0.1402502E+01  0.1596156E-02  0.5004851E-02 -0.5731196E-04  0.8160281E-02  0.5004618E-04
  0.7556500000000E+02  0.1402555E+01  0.1589655E-02  0.5002944E-02 -0.5723285E-04  0.8161933E-02  0.4956200E-04
  0.7559833333333E+02  0.1402608E+01  0.1583195E-02  0.5001039E-02 -0.5715368E-04  0.8163569E-02  0.4908148E-04
  0.7563166666666E+02  0.1402660E+01  0.1576777E-02  0.4999136E-02 -0.5707446E-04  0.8165189E-02  0.4860462E-04
  0.7566500000000E+02  0.1402713E+01  0.1570399E-02  0.4997236E-02 -0.5699517E-04  0.8166793E-02  0.4813138E-04
  0.7569833333333E+02  0.1402765E+01  0.1564063E-02  0.4995339E-02 -0.5691581E-04  0.8168382E-02  0.4766176E-04
  0.7573166666666E+02  0.1402817E+01  0.1557766E-02  0.4993444E-02 -0.5683639E-04  0.8169955E-02  0.4719574E-04
  0.7576500000000E+02  0.1402869E+01  0.1551510E-02  0.4991553E-02 -0.5675689E-04  0.8171513E-02  0.4673329E-04
  0.7579833333333E+02  0.1402920E+01  0.1545293E-02  0.4989663E-02 -0.5667732E-04  0.8173055E-02  0.4627440E-04
  0.7583166666666E+02  0.1402971E+01  0.1539117E-02  0.4987777E-02 -0.5659768E-04  0.8174583E-02  0.4581905E-04
  0.7586500000000E+02  0.1403022E+01  0.1532979E-02  0.4985893E-02 -0.5651795E-04  0.8176095E-02  0.4536723E-04
  0.7589833333333E+02  0.1403073E+01  0.1526880E-02  0.4984012E-02 -0.5643814E-04  0.8177592E-02  0.4491891E-04
  0.7593166666666E+02  0.1403124E+01  0.1520820E-02  0.4982133E-02 -0.5635824E-04  0.8179075E-02  0.4447407E-04
  0.7596500000000E+02  0.1403175E+01  0.1514798E-02  0.4980257E-02 -0.5627826E-04  0.8180543E-02  0.4403271E-04
  0.7599833333333E+02  0.1403225E+01  0.1508814E-02  0.4978384E-02 -0.5619818E-04  0.8181996E-02  0.4359479E-04
  0.7603166666666E+02  0.1403275E+01  0.1502869E-02  0.4976513E-02 -0.5611800E-04  0.8183434E-02  0.4316031E-04
  0.7606500000000E+02  0.1403325E+01  0.1496960E-02  0.4974645E-02 -0.5603773E-04  0.8184859E-02  0.4272924E-04
  0.7609833333333E+02  0.1403375E+01  0.1491089E-02  0.4972780E-02 -0.5595735E-04  0.8186269E-02  0.4230157E-04
  0.7613166666666E+02  0.1403424E+01  0.1485256E-02  0.4970917E-02 -0.5587687E-04  0.8187665E-02  0.4187727E-04
  0.7616500000000E+02  0.1403473E+01  0.1479458E-02  0.4969058E-02 -0.5579627E-04  0.8189046E-02  0.4145633E-04
  0.7619833333333E+02  0.1403522E+01  0.1473698E-02  0.4967200E-02 -0.5571557E-04  0.8190414E-02  0.4103874E-04
  0.7623166666666E+02  0.1403571E+01  0.1467973E-02  0.4965346E-02 -0.5563474E-04  0.8191769E-02  0.4062446E-04
  0.7626500000000E+02  0.1403620E+01  0.1462285E-02  0.4963494E-02 -0.5555380E-04  0.8193109E-02  0.4021350E-04
  0.7629833333333E+02  0.1403669E+01  0.1456632E-02  0.4961645E-02 -0.5547274E-04  0.8194436E-02  0.3980582E-04
  0.7633166666666E+02  0.1403717E+01  0.1451014E-02  0.4959799E-02 -0.5539155E-04  0.8195749E-02  0.3940141E-04
  0.7636500000000E+02  0.1403765E+01  0.1445432E-02  0.4957955E-02 -0.5531023E-04  0.8197049E-02  0.3900025E-04
  0.7639833333333E+02  0.1403813E+01  0.1439885E-02  0.4956114E-02 -0.5522878E-04  0.8198336E-02  0.3860232E-04
  0.7643166666666E+02  0.1403861E+01  0.1434372E-02  0.4954276E-02 -0.5514719E-04  0.8199610E-02  0.3820761E-04
  0.7646500000000E+02  0.1403909E+01  0.1428894E-02  0.4952440E-02 -0.5506547E-04  0.8200870E-02  0.3781610E-04
  0.7649833333333E+02  0.1403956E+01  0.1423450E-02  0.4950607E-02 -0.5498360E-04  0.8202118E-02  0.3742776E-04
  0.7653166666666E+02  0.1404003E+01  0.1418040E-02  0.4948777E-02 -0.5490159E-04  0.8203353E-02  0.3704259E-04
  0.7656500000000E+02  0.1404050E+01  0.1412663E-02  0.4946950E-02 -0.5481944E-04  0.8204575E-02  0.3666056E-04
  0.7659833333333E+02  0.1404097E+01  0.1407320E-02  0.4945125E-02 -0.5473713E-04  0.8205784E-02  0.3628165E-04
  0.7663166666666E+02  0.1404144E+01  0.1402010E-02  0.4943304E-02 -0.5465467E-04  0.8206981E-02  0.3590585E-04
  0.7666500000000E+02  0.1404191E+01  0.1396733E-02  0.4941485E-02 -0.5457206E-04  0.8208165E-02  0.3553314E-04
  0.7669833333333E+02  0.1404237E+01  0.1391489E-02  0.4939668E-02 -0.5448928E-04  0.8209337E-02  0.3516351E-04
  0.7673166666666E+02  0.1404283E+01  0.1386277E-02  0.4937855E-02 -0.5440635E-04  0.8210497E-02  0.3479692E-04
  0.7676500000000E+02  0.1404329E+01  0.1381097E-02  0.4936044E-02 -0.5432326E-04  0.8211645E-02  0.3443337E-04
  0.7679833333333E+02  0.1404375E+01  0.1375949E-02  0.4934236E-02 -0.5424000E-04  0.8212781E-02  0.3407284E-04
  0.7683166666666E+02  0.1404421E+01  0.1370834E-02  0.4932431E-02 -0.5415657E-04  0.8213905E-02  0.3371531E-04
  0.7686500000000E+02  0.1404466E+01  0.1365749E-02  0.4930628E-02 -0.5407298E-04  0.8215017E-02  0.3336076E-04
  0.7689833333333E+02  0.1404512E+01  0.1360696E-02  0.4928829E-02 -0.5398921E-04  0.8216117E-02  0.3300917E-04
  0.7693166666666E+02  0.1404557E+01  0.1355674E-02  0.4927032E-02 -0.5390527E-04  0.8217206E-02  0.3266053E-04
  0.7696500000000E+02  0.1404602E+01  0.1350682E-02  0.4925238E-02 -0.5382116E-04  0.8218283E-02  0.3231481E-04
  0.7699833333333E+02  0.1404647E+01  0.1345722E-02  0.4923447E-02 -0.5373687E-04  0.8219349E-02  0.3197201E-04
  0.7703166666666E+02  0.1404692E+01  0.1340791E-02  0.4921658E-02 -0.5365240E-04  0.8220403E-02  0.3163210E-04
  0.7706500000000E+02  0.1404736E+01  0.1335891E-02  0.4919873E-02 -0.5356775E-04  0.8221446E-02  0.3129506E-04
  0.7709833333333E+02  0.1404780E+01  0.1331021E-02  0.4918090E-02 -0.5348292E-04  0.8222478E-02  0.3096088E-04
  0.7713166666666E+02  0.1404825E+01  0.1326180E-02  0.4916310E-02 -0.5339791E-04  0.8223499E-02  0.3062953E-04
  0.7716500000000E+02  0.1404869E+01  0.1321369E-02  0.4914533E-02 -0.5331272E-04  0.8224509E-02  0.3030101E-04
  0.7719833333333E+02  0.1404913E+01  0.1316587E-02  0.4912759E-02 -0.5322734E-04  0.8225508E-02  0.2997529E-04
  0.7723166666666E+02  0.1404956E+01  0.1311834E-02  0.4910987E-02 -0.5314178E-04  0.8226497E-02  0.2965236E-04
  0.7726500000000E+02  0.1405000E+01  0.1307110E-02  0.4909219E-02 -0.5305602E-04  0.8227474E-02  0.2933219E-04
  0.7729833333333E+02  0.1405043E+01  0.1302414E-02  0.4907453E-02 -0.5297009E-04  0.8228442E-02  0.2901477E-04
  0.7733166666666E+02  0.1405087E+01  0.1297747E-02  0.4905690E-02 -0.5288396E-04  0.8229398E-02  0.2870009E-04
  0.7736500000000E+02  0.1405130E+01  0.1293108E-02  0.4903930E-02 -0.5279765E-04  0.8230345E-02  0.2838811E-04
  0.7739833333333E+02  0.1405173E+01  0.1288497E-02  0.4902173E-02 -0.5271114E-04  0.8231281E-02  0.2807884E-04
  0.7743166666666E+02  0.1405215E+01  0.1283914E-02  0.4900419E-02 -0.5262445E-04  0.8232206E-02  0.2777224E-04
  0.7746500000000E+02  0.1405258E+01  0.1279358E-02  0.4898668E-02 -0.5253757E-04  0.8233122E-02  0.2746830E-04
  0.7749833333333E+02  0.1405301E+01  0.1274830E-02  0.4896919E-02 -0.5245050E-04  0.8234027E-02  0.2716701E-04
  0.7753166666666E+02  0.1405343E+01  0.1270329E-02  0.4895174E-02 -0.5236324E-04  0.8234923E-02  0.2686835E-04
  0.7756500000000E+02  0.1405385E+01  0.1265855E-02  0.4893431E-02 -0.5227579E-04  0.8235809E-02  0.2657229E-04
  0.7759833333333E+02  0.1405427E+01  0.1261407E-02  0.4891692E-02 -0.5218815E-04  0.8236685E-02  0.2627882E-04
  0.7763166666666E+02  0.1405469E+01  0.1256986E-02  0.4889955E-02 -0.5210032E-04  0.8237551E-02  0.2598793E-04
  0.7766500000000E+02  0.1405511E+01  0.1252592E-02  0.4888221E-02 -0.5201231E-04  0.8238408E-02  0.2569959E-04
  0.7769833333333E+02  0.1405552E+01  0.1248223E-02  0.4886491E-02 -0.5192410E-04  0.8239255E-02  0.2541379E-04
  0.7773166666666E+02  0.1405594E+01  0.1243881E-02  0.4884763E-02 -0.5183571E-04  0.8240092E-02  0.2513051E-04
  0.7776500000000E+02  0.1405635E+01  0.1239564E-02  0.4883038E-02 -0.5174713E-04  0.8240921E-02  0.2484973E-04
  0.7779833333333E+02  0.1405676E+01  0.1235273E-02  0.4881316E-02 -0.5165837E-04  0.8241740E-02  0.2457144E-04
  0.7783166666666E+02  0.1405717E+01  0.1231007E-02  0.4879597E-02 -0.5156942E-04  0.8242550E-02  0.2429562E-04
  0.7786500000000E+02  0.1405758E+01  0.1226767E-02  0.4877881E-02 -0.5148028E-04  0.8243350E-02  0.2402225E-04
  0.7789833333333E+02  0.1405799E+01  0.1222551E-02  0.4876168E-02 -0.5139096E-04  0.8244142E-02  0.2375132E-04
  0.7793166666666E+02  0.1405840E+01  0.1218361E-02  0.4874458E-02 -0.5130147E-04  0.8244925E-02  0.2348280E-04
  0.7796500000000E+02  0.1405880E+01  0.1214195E-02  0.4872751E-02 -0.5121179E-04  0.8245699E-02  0.2321668E-04
  0.7799833333333E+02  0.1405920E+01  0.1210053E-02  0.4871047E-02 -0.5112193E-04  0.8246464E-02  0.2295295E-04
  0.7803166666666E+02  0.1405961E+01  0.1205936E-02  0.4869346E-02 -0.5103189E-04  0.8247220E-02  0.2269158E-04
  0.7806500000000E+02  0.1406001E+01  0.1201842E-02  0.4867648E-02 -0.5094168E-04  0.8247968E-02  0.2243256E-04
  0.7809833333333E+02  0.1406041E+01  0.1197773E-02  0.4865953E-02 -0.5085129E-04  0.8248707E-02  0.2217587E-04
  0.7813166666666E+02  0.1406080E+01  0.1193727E-02  0.4864261E-02 -0.5076073E-04  0.8249438E-02  0.2192149E-04
  0.7816500000000E+02  0.1406120E+01  0.1189705E-02  0.4862572E-02 -0.5067000E-04  0.8250160E-02  0.2166941E-04
  0.7819833333333E+02  0.1406160E+01  0.1185706E-02  0.4860886E-02 -0.5057910E-04  0.8250874E-02  0.2141962E-04
  0.7823166666666E+02  0.1406199E+01  0.1181731E-02  0.4859203E-02 -0.5048803E-04  0.8251580E-02  0.2117209E-04
  0.7826500000000E+02  0.1406238E+01  0.1177778E-02  0.4857523E-02 -0.5039680E-04  0.8252278E-02  0.2092680E-04
  0.7829833333333E+02  0.1406277E+01  0.1173849E-02  0.4855846E-02 -0.5030540E-04  0.8252967E-02  0.2068375E-04
  0.7833166666666E+02  0.1406316E+01  0.1169942E-02  0.4854172E-02 -0.5021384E-04  0.8253648E-02  0.2044290E-04
  0.7836500000000E+02  0.1406355E+01  0.1166057E-02  0.4852501E-02 -0.5012213E-04  0.8254322E-02  0.2020426E-04
  0.7839833333333E+02  0.1406394E+01  0.1162195E-02  0.4850834E-02 -0.5003025E-04  0.8254988E-02  0.1996780E-04
  0.7843166666666E+02  0.1406433E+01  0.1158355E-02  0.4849169E-02 -0.4993823E-04  0.8255645E-02  0.1973350E-04
  0.7846500000000E+02  0.1406471E+01  0.1154538E-02  0.4847508E-02 -0.4984605E-04  0.8256295E-02  0.1950135E-04
  0.7849833333333E+02  0.1406509E+01  0.1150741E-02  0.4845849E-02 -0.4975372E-04  0.8256938E-02  0.1927133E-04
  0.7853166666666E+02  0.1406548E+01  0.1146967E-02  0.4844194E-02 -0.4966125E-04  0.8257573E-02  0.1904342E-04
  0.7856500000000E+02  0.1406586E+01  0.1143214E-02  0.4842541E-02 -0.4956863E-04  0.8258200E-02  0.1881761E-04
  0.7859833333333E+02  0.1406624E+01  0.1139483E-02  0.4840892E-02 -0.4947587E-04  0.8258820E-02  0.1859389E-04
  0.7863166666666E+02  0.1406662E+01  0.1135773E-02  0.4839246E-02 -0.4938297E-04  0.8259432E-02  0.1837223E-04
  0.7866500000000E+02  0.1406699E+01  0.1132083E-02  0.4837603E-02 -0.4928994E-04  0.8260037E-02  0.1815262E-04
  0.7869833333333E+02  0.1406737E+01  0.1128415E-02  0.4835963E-02 -0.4919677E-04  0.8260635E-02  0.1793505E-04
  0.7873166666666E+02  0.1406774E+01  0.1124768E-02  0.4834326E-02 -0.4910347E-04  0.8261226E-02  0.1771949E-04
  0.7876500000000E+02  0.1406812E+01  0.1121141E-02  0.4832693E-02 -0.4901005E-04  0.8261809E-02  0.1750593E-04
  0.7879833333333E+02  0.1406849E+01  0.1117534E-02  0.4831062E-02 -0.4891651E-04  0.8262386E-02  0.1729436E-04
  0.7883166666666E+02  0.1406886E+01  0.1113948E-02  0.4829435E-02 -0.4882284E-04  0.8262955E-02  0.1708476E-04
  0.7886500000000E+02  0.1406923E+01  0.1110382E-02  0.4827810E-02 -0.4872906E-04  0.8263518E-02  0.1687712E-04
  0.7889833333333E+02  0.1406960E+01  0.1106836E-02  0.4826189E-02 -0.4863516E-04  0.8264073E-02  0.1667141E-04
  0.7893166666666E+02  0.1406997E+01  0.1103309E-02  0.4824571E-02 -0.4854115E-04  0.8264622E-02  0.1646763E-04
  0.7896500000000E+02  0.1407034E+01  0.1099803E-02  0.4822956E-02 -0.4844703E-04  0.8265164E-02  0.1626575E-04
  0.7899833333333E+02  0.1407070E+01  0.1096316E-02  0.4821345E-02 -0.4835281E-04  0.8265700E-02  0.1606577E-04
  0.7903166666666E+02  0.1407106E+01  0.1092848E-02  0.4819736E-02 -0.4825849E-04  0.8266229E-02  0.1586766E-04
  0.7906500000000E+02  0.1407143E+01  0.1089399E-02  0.4818131E-02 -0.4816407E-04  0.8266751E-02  0.1567141E-04
  0.7909833333333E+02  0.1407179E+01  0.1085970E-02  0.4816528E-02 -0.4806955E-04  0.8267267E-02  0.1547701E-04
  0.7913166666666E+02  0.1407215E+01  0.1082560E-02  0.4814929E-02 -0.4797495E-04  0.8267777E-02  0.1528444E-04
  0.7916500000000E+02  0.1407251E+01  0.1079168E-02  0.4813333E-02 -0.4788026E-04  0.8268280E-02  0.1509368E-04
  0.7919833333333E+02  0.1407287E+01  0.1075796E-02  0.4811740E-02 -0.4778548E-04  0.8268777E-02  0.1490473E-04
  0.7923166666666E+02  0.1407323E+01  0.1072441E-02  0.4810150E-02 -0.4769063E-04  0.8269267E-02  0.1471756E-04
  0.7926500000000E+02  0.1407358E+01  0.1069105E-02  0.4808564E-02 -0.4759570E-04  0.8269752E-02  0.1453216E-04
  0.7929833333333E+02  0.1407394E+01  0.1065788E-02  0.4806981E-02 -0.4750069E-04  0.8270230E-02  0.1434852E-04
  0.7933166666666E+02  0.1407429E+01  0.1062489E-02  0.4805400E-02 -0.4740562E-04  0.8270702E-02  0.1416661E-04
  0.7936500000000E+02  0.1407465E+01  0.1059207E-02  0.4803823E-02 -0.4731048E-04  0.8271168E-02  0.1398644E-04
  0.7939833333333E+02  0.1407500E+01  0.1055944E-02  0.4802250E-02 -0.4721528E-04  0.8271629E-02  0.1380797E-04
  0.7943166666666E+02  0.1407535E+01  0.1052698E-02  0.4800679E-02 -0.4712002E-04  0.8272083E-02  0.1363120E-04
  0.7946500000000E+02  0.1407570E+01  0.1049470E-02  0.4799111E-02 -0.4702470E-04  0.8272531E-02  0.1345611E-04
  0.7949833333333E+02  0.1407605E+01  0.1046259E-02  0.4797547E-02 -0.4692934E-04  0.8272974E-02  0.1328269E-04
  0.7953166666666E+02  0.1407639E+01  0.1043066E-02  0.4795986E-02 -0.4683393E-04  0.8273411E-02  0.1311093E-04
  0.7956500000000E+02  0.1407674E+01  0.1039890E-02  0.4794428E-02 -0.4673848E-04  0.8273843E-02  0.1294080E-04
  0.7959833333333E+02  0.1407709E+01  0.1036731E-02  0.4792873E-02 -0.4664298E-04  0.8274268E-02  0.1277229E-04
  0.7963166666666E+02  0.1407743E+01  0.1033589E-02  0.4791322E-02 -0.4654746E-04  0.8274689E-02  0.1260540E-04
  0.7966500000000E+02  0.1407777E+01  0.1030464E-02  0.4789773E-02 -0.4645190E-04  0.8275103E-02  0.1244011E-04
  0.7969833333333E+02  0.1407812E+01  0.1027356E-02  0.4788228E-02 -0.4635631E-04  0.8275512E-02  0.1227639E-04
  0.7973166666666E+02  0.1407846E+01  0.1024265E-02  0.4786686E-02 -0.4626070E-04  0.8275916E-02  0.1211425E-04
  0.7976500000000E+02  0.1407880E+01  0.1021189E-02  0.4785147E-02 -0.4616507E-04  0.8276315E-02  0.1195366E-04
  0.7979833333333E+02  0.1407914E+01  0.1018131E-02  0.4783612E-02 -0.4606942E-04  0.8276708E-02  0.1179461E-04
  0.7983166666666E+02  0.1407948E+01  0.1015088E-02  0.4782079E-02 -0.4597376E-04  0.8277096E-02  0.1163709E-04
  0.7986500000000E+02  0.1407981E+01  0.1012062E-02  0.4780550E-02 -0.4587810E-04  0.8277478E-02  0.1148108E-04
  0.7989833333333E+02  0.1408015E+01  0.1009052E-02  0.4779024E-02 -0.4578243E-04  0.8277856E-02  0.1132657E-04
  0.7993166666666E+02  0.1408049E+01  0.1006057E-02  0.4777501E-02 -0.4568675E-04  0.8278228E-02  0.1117355E-04
  0.7996500000000E+02  0.1408082E+01  0.1003079E-02  0.4775981E-02 -0.4559109E-04  0.8278596E-02  0.1102200E-04
  0.7999833333333E+02  0.1408115E+01  0.1000116E-02  0.4774465E-02 -0.4549542E-04  0.8278958E-02  0.1087192E-04
  0.8003166666666E+02  0.1408149E+01  0.9971689E-03  0.4772951E-02 -0.4539977E-04  0.8279316E-02  0.1072328E-04
  0.8006500000000E+02  0.1408182E+01  0.9942372E-03  0.4771441E-02 -0.4530414E-04  0.8279668E-02  0.1057607E-04
  0.8009833333333E+02  0.1408215E+01  0.9913207E-03  0.4769934E-02 -0.4520852E-04  0.8280016E-02  0.1043028E-04
  0.8013166666666E+02  0.1408248E+01  0.9884196E-03  0.4768430E-02 -0.4511293E-04  0.8280359E-02  0.1028591E-04
  0.8016500000000E+02  0.1408281E+01  0.9855336E-03  0.4766930E-02 -0.4501737E-04  0.8280697E-02  0.1014292E-04
  0.8019833333333E+02  0.1408313E+01  0.9826626E-03  0.4765432E-02 -0.4492183E-04  0.8281030E-02  0.1000132E-04
  0.8023166666666E+02  0.1408346E+01  0.9798066E-03  0.4763938E-02 -0.4482633E-04  0.8281359E-02  0.9861092E-05
  0.8026500000000E+02  0.1408379E+01  0.9769653E-03  0.4762447E-02 -0.4473087E-04  0.8281683E-02  0.9722218E-05
  0.8029833333333E+02  0.1408411E+01  0.9741388E-03  0.4760959E-02 -0.4463545E-04  0.8282003E-02  0.9584688E-05
  0.8033166666666E+02  0.1408443E+01  0.9713269E-03  0.4759475E-02 -0.4454007E-04  0.8282317E-02  0.9448490E-05
  0.8036500000000E+02  0.1408476E+01  0.9685295E-03  0.4757993E-02 -0.4444475E-04  0.8282628E-02  0.9313611E-05
  0.8039833333333E+02  0.1408508E+01  0.9657466E-03  0.4756515E-02 -0.4434948E-04  0.8282934E-02  0.9180040E-05
  0.8043166666666E+02  0.1408540E+01  0.9629779E-03  0.4755040E-02 -0.4425426E-04  0.8283236E-02  0.9047763E-05
  0.8046500000000E+02  0.1408572E+01  0.9602234E-03  0.4753568E-02 -0.4415911E-04  0.8283533E-02  0.8916770E-05
  0.8049833333333E+02  0.1408604E+01  0.9574831E-03  0.4752099E-02 -0.4406402E-04  0.8283826E-02  0.8787047E-05
  0.8053166666666E+02  0.1408636E+01  0.9547567E-03  0.4750633E-02 -0.4396901E-04  0.8284114E-02  0.8658582E-05
  0.8056500000000E+02  0.1408667E+01  0.9520443E-03  0.4749171E-02 -0.4387406E-04  0.8284399E-02  0.8531365E-05
  0.8059833333333E+02  0.1408699E+01  0.9493456E-03  0.4747712E-02 -0.4377919E-04  0.8284679E-02  0.8405383E-05
  0.8063166666666E+02  0.1408731E+01  0.9466607E-03  0.4746255E-02 -0.4368440E-04  0.8284955E-02  0.8280624E-05
  0.8066500000000E+02  0.1408762E+01  0.9439894E-03  0.4744802E-02 -0.4358969E-04  0.8285227E-02  0.8157076E-05
  0.8069833333333E+02  0.1408794E+01  0.9413316E-03  0.4743353E-02 -0.4349507E-04  0.8285495E-02  0.8034729E-05
  0.8073166666666E+02  0.1408825E+01  0.9386873E-03  0.4741906E-02 -0.4340054E-04  0.8285758E-02  0.7913570E-05
  0.8076500000000E+02  0.1408856E+01  0.9360562E-03  0.4740462E-02 -0.4330611E-04  0.8286018E-02  0.7793589E-05
  0.8079833333333E+02  0.1408887E+01  0.9334385E-03  0.4739022E-02 -0.4321177E-04  0.8286274E-02  0.7674774E-05
  0.8083166666666E+02  0.1408918E+01  0.9308339E-03  0.4737585E-02 -0.4311753E-04  0.8286526E-02  0.7557113E-05
  0.8086500000000E+02  0.1408949E+01  0.9282423E-03  0.4736151E-02 -0.4302340E-04  0.8286774E-02  0.7440595E-05
  0.8089833333333E+02  0.1408980E+01  0.9256637E-03  0.4734720E-02 -0.4292938E-04  0.8287018E-02  0.7325211E-05
  0.8093166666666E+02  0.1409011E+01  0.9230980E-03  0.4733292E-02 -0.4283547E-04  0.8287258E-02  0.7210947E-05
  0.8096500000000E+02  0.1409041E+01  0.9205451E-03  0.4731867E-02 -0.4274168E-04  0.8287495E-02  0.7097795E-05
  0.8099833333333E+02  0.1409072E+01  0.9180049E-03  0.4730446E-02 -0.4264800E-04  0.8287728E-02  0.6985742E-05
  0.8103166666666E+02  0.1409103E+01  0.9154773E-03  0.4729027E-02 -0.4255445E-04  0.8287957E-02  0.6874778E-05
  0.8106500000000E+02  0.1409133E+01  0.9129623E-03  0.4727612E-02 -0.4246102E-04  0.8288183E-02  0.6764892E-05
  0.8109833333333E+02  0.1409163E+01  0.9104597E-03  0.4726199E-02 -0.4236772E-04  0.8288404E-02  0.6656075E-05
  0.8113166666666E+02  0.1409194E+01  0.9079695E-03  0.4724790E-02 -0.4227455E-04  0.8288623E-02  0.6548314E-05
  0.8116500000000E+02  0.1409224E+01  0.9054915E-03  0.4723384E-02 -0.4218152E-04  0.8288837E-02  0.6441601E-05
  0.8119833333333E+02  0.1409254E+01  0.9030257E-03  0.4721981E-02 -0.4208863E-04  0.8289049E-02  0.6335924E-05
  0.8123166666666E+02  0.1409284E+01  0.9005721E-03  0.4720581E-02 -0.4199588E-04  0.8289256E-02  0.6231273E-05
  0.8126500000000E+02  0.1409314E+01  0.8981304E-03  0.4719185E-02 -0.4190327E-04  0.8289461E-02  0.6127638E-05
  0.8129833333333E+02  0.1409344E+01  0.8957008E-03  0.4717791E-02 -0.4181081E-04  0.8289661E-02  0.6025010E-05
  0.8133166666666E+02  0.1409373E+01  0.8932829E-03  0.4716400E-02 -0.4171851E-04  0.8289859E-02  0.5923378E-05
  0.8136500000000E+02  0.1409403E+01  0.8908769E-03  0.4715013E-02 -0.4162636E-04  0.8290053E-02  0.5822731E-05
  0.8139833333333E+02  0.1409433E+01  0.8884826E-03  0.4713628E-02 -0.4153436E-04  0.8290244E-02  0.5723061E-05
  0.8143166666666E+02  0.1409462E+01  0.8860999E-03  0.4712247E-02 -0.4144253E-04  0.8290431E-02  0.5624358E-05
  0.8146500000000E+02  0.1409492E+01  0.8837288E-03  0.4710868E-02 -0.4135086E-04  0.8290615E-02  0.5526611E-05
  0.8149833333333E+02  0.1409521E+01  0.8813691E-03  0.4709493E-02 -0.4125936E-04  0.8290796E-02  0.5429812E-05
  0.8153166666666E+02  0.1409550E+01  0.8790208E-03  0.4708121E-02 -0.4116803E-04  0.8290974E-02  0.5333950E-05
  0.8156500000000E+02  0.1409580E+01  0.8766838E-03  0.4706752E-02 -0.4107686E-04  0.8291149E-02  0.5239017E-05
  0.8159833333333E+02  0.1409609E+01  0.8743581E-03  0.4705385E-02 -0.4098588E-04  0.8291320E-02  0.5145003E-05
  0.8163166666666E+02  0.1409638E+01  0.8720436E-03  0.4704022E-02 -0.4089507E-04  0.8291489E-02  0.5051898E-05
  0.8166500000000E+02  0.1409667E+01  0.8697401E-03  0.4702662E-02 -0.4080444E-04  0.8291654E-02  0.4959694E-05
  0.8169833333333E+02  0.1409696E+01  0.8674477E-03  0.4701305E-02 -0.4071400E-04  0.8291816E-02  0.4868381E-05
  0.8173166666666E+02  0.1409725E+01  0.8651662E-03  0.4699951E-02 -0.4062374E-04  0.8291976E-02  0.4777950E-05
  0.8176500000000E+02  0.1409753E+01  0.8628956E-03  0.4698600E-02 -0.4053368E-04  0.8292132E-02  0.4688393E-05
  0.8179833333333E+02  0.1409782E+01  0.8606358E-03  0.4697252E-02 -0.4044380E-04  0.8292285E-02  0.4599700E-05
  0.8183166666666E+02  0.1409811E+01  0.8583867E-03  0.4695907E-02 -0.4035412E-04  0.8292436E-02  0.4511863E-05
  0.8186500000000E+02  0.1409839E+01  0.8561483E-03  0.4694564E-02 -0.4026463E-04  0.8292583E-02  0.4424872E-05
  0.8189833333333E+02  0.1409868E+01  0.8539205E-03  0.4693225E-02 -0.4017535E-04  0.8292728E-02  0.4338720E-05
  0.8193166666666E+02  0.1409896E+01  0.8517032E-03  0.4691889E-02 -0.4008626E-04  0.8292869E-02  0.4253397E-05
  0.8196500000000E+02  0.1409924E+01  0.8494964E-03  0.4690556E-02 -0.3999738E-04  0.8293008E-02  0.4168896E-05
  0.8199833333333E+02  0.1409953E+01  0.8472999E-03  0.4689225E-02 -0.3990871E-04  0.8293145E-02  0.4085207E-05
  0.8203166666666E+02  0.1409981E+01  0.8451138E-03  0.4687898E-02 -0.3982024E-04  0.8293278E-02  0.4002323E-05
  0.8206500000000E+02  0.1410009E+01  0.8429379E-03  0.4686574E-02 -0.3973199E-04  0.8293409E-02  0.3920234E-05
  0.8209833333333E+02  0.1410037E+01  0.8407721E-03  0.4685252E-02 -0.3964395E-04  0.8293537E-02  0.3838934E-05
  0.8213166666666E+02  0.1410065E+01  0.8386165E-03  0.4683934E-02 -0.3955612E-04  0.8293662E-02  0.3758413E-05
  0.8216500000000E+02  0.1410093E+01  0.8364710E-03  0.4682618E-02 -0.3946852E-04  0.8293785E-02  0.3678664E-05
  0.8219833333333E+02  0.1410121E+01  0.8343354E-03  0.4681305E-02 -0.3938113E-04  0.8293905E-02  0.3599678E-05
  0.8223166666666E+02  0.1410148E+01  0.8322098E-03  0.4679996E-02 -0.3929397E-04  0.8294022E-02  0.3521448E-05
  0.8226500000000E+02  0.1410176E+01  0.8300940E-03  0.4678689E-02 -0.3920703E-04  0.8294137E-02  0.3443967E-05
  0.8229833333333E+02  0.1410204E+01  0.8279880E-03  0.4677385E-02 -0.3912031E-04  0.8294249E-02  0.3367225E-05
  0.8233166666666E+02  0.1410231E+01  0.8258917E-03  0.4676084E-02 -0.3903383E-04  0.8294359E-02  0.3291216E-05
  0.8236500000000E+02  0.1410259E+01  0.8238051E-03  0.4674785E-02 -0.3894757E-04  0.8294466E-02  0.3215932E-05
  0.8239833333333E+02  0.1410286E+01  0.8217281E-03  0.4673490E-02 -0.3886155E-04  0.8294571E-02  0.3141365E-05
  0.8243166666666E+02  0.1410313E+01  0.8196606E-03  0.4672197E-02 -0.3877576E-04  0.8294673E-02  0.3067509E-05
  0.8246500000000E+02  0.1410341E+01  0.8176026E-03  0.4670908E-02 -0.3869021E-04  0.8294773E-02  0.2994354E-05
  0.8249833333333E+02  0.1410368E+01  0.8155541E-03  0.4669621E-02 -0.3860490E-04  0.8294870E-02  0.2921895E-05
  0.8253166666666E+02  0.1410395E+01  0.8135148E-03  0.4668337E-02 -0.3851982E-04  0.8294965E-02  0.2850124E-05
  0.8256500000000E+02  0.1410422E+01  0.8114849E-03  0.4667056E-02 -0.3843499E-04  0.8295058E-02  0.2779033E-05
  0.8259833333333E+02  0.1410449E+01  0.8094643E-03  0.4665777E-02 -0.3835040E-04  0.8295148E-02  0.2708616E-05
  0.8263166666666E+02  0.1410476E+01  0.8074528E-03  0.4664502E-02 -0.3826605E-04  0.8295236E-02  0.2638866E-05
  0.8266500000000E+02  0.1410503E+01  0.8054504E-03  0.4663229E-02 -0.3818195E-04  0.8295322E-02  0.2569775E-05
  0.8269833333333E+02  0.1410529E+01  0.8034572E-03  0.4661959E-02 -0.3809810E-04  0.8295405E-02  0.2501337E-05
  0.8273166666666E+02  0.1410556E+01  0.8014729E-03  0.4660692E-02 -0.3801450E-04  0.8295486E-02  0.2433545E-05
  0.8276500000000E+02  0.1410583E+01  0.7994975E-03  0.4659428E-02 -0.3793115E-04  0.8295565E-02  0.2366392E-05
  0.8279833333333E+02  0.1410609E+01  0.7975311E-03  0.4658166E-02 -0.3784805E-04  0.8295642E-02  0.2299871E-05
  0.8283166666666E+02  0.1410636E+01  0.7955735E-03  0.4656907E-02 -0.3776521E-04  0.8295716E-02  0.2233976E-05
  0.8286500000000E+02  0.1410662E+01  0.7936247E-03  0.4655651E-02 -0.3768262E-04  0.8295788E-02  0.2168700E-05
  0.8289833333333E+02  0.1410689E+01  0.7916846E-03  0.4654398E-02 -0.3760028E-04  0.8295859E-02  0.2104037E-05
  0.8293166666666E+02  0.1410715E+01  0.7897532E-03  0.4653147E-02 -0.3751821E-04  0.8295927E-02  0.2039980E-05
  0.8296500000000E+02  0.1410741E+01  0.7878304E-03  0.4651899E-02 -0.3743639E-04  0.8295992E-02  0.1976523E-05
  0.8299833333333E+02  0.1410768E+01  0.7859162E-03  0.4650654E-02 -0.3735484E-04  0.8296056E-02  0.1913659E-05
  0.8303166666666E+02  0.1410794E+01  0.7840105E-03  0.4649412E-02 -0.3727354E-04  0.8296118E-02  0.1851382E-05
  0.8306500000000E+02  0.1410820E+01  0.7821132E-03  0.4648172E-02 -0.3719251E-04  0.8296178E-02  0.1789687E-05
  0.8309833333333E+02  0.1410846E+01  0.7802244E-03  0.4646935E-02 -0.3711174E-04  0.8296235E-02  0.1728567E-05
  0.8313166666666E+02  0.1410872E+01  0.7783439E-03  0.4645700E-02 -0.3703124E-04  0.8296291E-02  0.1668015E-05
  0.8316500000000E+02  0.1410898E+01  0.7764717E-03  0.4644469E-02 -0.3695100E-04  0.8296344E-02  0.1608027E-05
  0.8319833333333E+02  0.1410923E+01  0.7746077E-03  0.4643240E-02 -0.3687103E-04  0.8296396E-02  0.1548595E-05
  0.8323166666666E+02  0.1410949E+01  0.7727520E-03  0.4642013E-02 -0.3679133E-04  0.8296446E-02  0.1489715E-05
  0.8326500000000E+02  0.1410975E+01  0.7709044E-03  0.4640790E-02 -0.3671190E-04  0.8296493E-02  0.1431379E-05
  0.8329833333333E+02  0.1411000E+01  0.7690649E-03  0.4639569E-02 -0.3663274E-04  0.8296539E-02  0.1373584E-05
  0.8333166666666E+02  0.1411026E+01  0.7672335E-03  0.4638350E-02 -0.3655384E-04  0.8296583E-02  0.1316322E-05
  0.8336500000000E+02  0.1411052E+01  0.7654100E-03  0.4637134E-02 -0.3647522E-04  0.8296625E-02  0.1259589E-05
  0.8339833333333E+02  0.1411077E+01  0.7635945E-03  0.4635921E-02 -0.3639687E-04  0.8296665E-02  0.1203378E-05
  0.8343166666666E+02  0.1411102E+01  0.7617869E-03  0.4634710E-02 -0.3631880E-04  0.8296703E-02  0.1147684E-05
  0.8346500000000E+02  0.1411128E+01  0.7599872E-03  0.4633502E-02 -0.3624100E-04  0.8296740E-02  0.1092503E-05
  0.8349833333333E+02  0.1411153E+01  0.7581953E-03  0.4632297E-02 -0.3616347E-04  0.8296774E-02  0.1037827E-05
  0.8353166666666E+02  0.1411178E+01  0.7564111E-03  0.4631094E-02 -0.3608621E-04  0.8296807E-02  0.9836527E-06
  0.8356500000000E+02  0.1411203E+01  0.7546346E-03  0.4629894E-02 -0.3600924E-04  0.8296838E-02  0.9299740E-06
  0.8359833333333E+02  0.1411228E+01  0.7528658E-03  0.4628696E-02 -0.3593254E-04  0.8296867E-02  0.8767857E-06
  0.8363166666666E+02  0.1411254E+01  0.7511046E-03  0.4627501E-02 -0.3585611E-04  0.8296895E-02  0.8240829E-06
  0.8366500000000E+02  0.1411278E+01  0.7493510E-03  0.4626308E-02 -0.3577997E-04  0.8296921E-02  0.7718602E-06
  0.8369833333333E+02  0.1411303E+01  0.7476049E-03  0.4625118E-02 -0.3570410E-04  0.8296945E-02  0.7201128E-06
  0.8373166666666E+02  0.1411328E+01  0.7458663E-03  0.4623930E-02 -0.3562851E-04  0.8296967E-02  0.6688356E-06
  0.8376500000000E+02  0.1411353E+01  0.7441352E-03  0.4622745E-02 -0.3555319E-04  0.8296988E-02  0.6180236E-06
  0.8379833333333E+02  0.1411378E+01  0.7424114E-03  0.4621563E-02 -0.3547816E-04  0.8297006E-02  0.5676720E-06
  0.8383166666666E+02  0.1411403E+01  0.7406949E-03  0.4620383E-02 -0.3540341E-04  0.8297024E-02  0.5177759E-06
  0.8386500000000E+02  0.1411427E+01  0.7389858E-03  0.4619205E-02 -0.3532893E-04  0.8297039E-02  0.4683306E-06
  0.8389833333333E+02  0.1411452E+01  0.7372839E-03  0.4618030E-02 -0.3525474E-04  0.8297053E-02  0.4193313E-06
  0.8393166666666E+02  0.1411476E+01  0.7355893E-03  0.4616857E-02 -0.3518083E-04  0.8297066E-02  0.3707734E-06
  0.8396500000000E+02  0.1411501E+01  0.7339018E-03  0.4615687E-02 -0.3510719E-04  0.8297076E-02  0.3226522E-06
  0.8399833333333E+02  0.1411525E+01  0.7322214E-03  0.4614519E-02 -0.3503384E-04  0.8297086E-02  0.2749632E-06
  0.8403166666666E+02  0.1411549E+01  0.7305481E-03  0.4613354E-02 -0.3496077E-04  0.8297093E-02  0.2277018E-06
  0.8406500000000E+02  0.1411574E+01  0.7288819E-03  0.4612191E-02 -0.3488798E-04  0.8297099E-02  0.1808636E-06
  0.8409833333333E+02  0.1411598E+01  0.7272227E-03  0.4611030E-02 -0.3481547E-04  0.8297104E-02  0.1344441E-06
  0.8413166666666E+02  0.1411622E+01  0.7255704E-03  0.4609872E-02 -0.3474324E-04  0.8297107E-02  0.8843905E-07
  0.8416500000000E+02  0.1411646E+01  0.7239250E-03  0.4608716E-02 -0.3467130E-04  0.8297108E-02  0.4284402E-07
  0.8419833333333E+02  0.1411670E+01  0.7222866E-03  0.4607563E-02 -0.3459963E-04  0.8297108E-02 -0.2345219E-08
  0.8423166666666E+02  0.1411694E+01  0.7206549E-03  0.4606412E-02 -0.3452825E-04  0.8297106E-02 -0.4713290E-07
  0.8426500000000E+02  0.1411718E+01  0.7190301E-03  0.4605264E-02 -0.3445715E-04  0.8297103E-02 -0.9152320E-07
  0.8429833333333E+02  0.1411742E+01  0.7174120E-03  0.4604117E-02 -0.3438633E-04  0.8297099E-02 -0.1355202E-06
  0.8433166666666E+02  0.1411766E+01  0.7158006E-03  0.4602973E-02 -0.3431579E-04  0.8297093E-02 -0.1791281E-06
  0.8436500000000E+02  0.1411790E+01  0.7141959E-03  0.4601832E-02 -0.3424553E-04  0.8297085E-02 -0.2223508E-06
  0.8439833333333E+02  0.1411814E+01  0.7125979E-03  0.4600693E-02 -0.3417555E-04  0.8297077E-02 -0.2651924E-06
  0.8443166666666E+02  0.1411837E+01  0.7110064E-03  0.4599556E-02 -0.3410585E-04  0.8297066E-02 -0.3076568E-06
  0.8446500000000E+02  0.1411861E+01  0.7094216E-03  0.4598421E-02 -0.3403644E-04  0.8297055E-02 -0.3497478E-06
  0.8449833333333E+02  0.1411885E+01  0.7078432E-03  0.4597289E-02 -0.3396730E-04  0.8297042E-02 -0.3914694E-06
  0.8453166666666E+02  0.1411908E+01  0.7062713E-03  0.4596159E-02 -0.3389845E-04  0.8297027E-02 -0.4328254E-06
  0.8456500000000E+02  0.1411932E+01  0.7047059E-03  0.4595032E-02 -0.3382987E-04  0.8297011E-02 -0.4738195E-06
  0.8459833333333E+02  0.1411955E+01  0.7031469E-03  0.4593906E-02 -0.3376158E-04  0.8296994E-02 -0.5144554E-06
  0.8463166666666E+02  0.1411979E+01  0.7015942E-03  0.4592783E-02 -0.3369356E-04  0.8296976E-02 -0.5547368E-06
  0.8466500000000E+02  0.1412002E+01  0.7000479E-03  0.4591662E-02 -0.3362582E-04  0.8296956E-02 -0.5946674E-06
  0.8469833333333E+02  0.1412025E+01  0.6985079E-03  0.4590544E-02 -0.3355836E-04  0.8296935E-02 -0.6342507E-06
  0.8473166666666E+02  0.1412048E+01  0.6969741E-03  0.4589427E-02 -0.3349118E-04  0.8296912E-02 -0.6734903E-06
  0.8476500000000E+02  0.1412072E+01  0.6954466E-03  0.4588313E-02 -0.3342428E-04  0.8296889E-02 -0.7123898E-06
  0.8479833333333E+02  0.1412095E+01  0.6939253E-03  0.4587201E-02 -0.3335765E-04  0.8296864E-02 -0.7509525E-06
  0.8483166666666E+02  0.1412118E+01  0.6924101E-03  0.4586091E-02 -0.3329131E-04  0.8296837E-02 -0.7891819E-06
  0.8486500000000E+02  0.1412141E+01  0.6909010E-03  0.4584984E-02 -0.3322523E-04  0.8296810E-02 -0.8270814E-06
  0.8489833333333E+02  0.1412164E+01  0.6893981E-03  0.4583879E-02 -0.3315944E-04  0.8296781E-02 -0.8646544E-06
  0.8493166666666E+02  0.1412187E+01  0.6879012E-03  0.4582775E-02 -0.3309392E-04  0.8296751E-02 -0.9019041E-06
  0.8496500000000E+02  0.1412210E+01  0.6864102E-03  0.4581674E-02 -0.3302867E-04  0.8296720E-02 -0.9388338E-06
  0.8499833333333E+02  0.1412232E+01  0.6849253E-03  0.4580576E-02 -0.3296370E-04  0.8296687E-02 -0.9754468E-06
  0.8503166666666E+02  0.1412255E+01  0.6834464E-03  0.4579479E-02 -0.3289901E-04  0.8296653E-02 -0.1011746E-05
  0.8506500000000E+02  0.1412278E+01  0.6819733E-03  0.4578385E-02 -0.3283459E-04  0.8296618E-02 -0.1047735E-05
  0.8509833333333E+02  0.1412301E+01  0.6805061E-03  0.4577292E-02 -0.3277044E-04  0.8296582E-02 -0.1083417E-05
  0.8513166666666E+02  0.1412323E+01  0.6790448E-03  0.4576202E-02 -0.3270656E-04  0.8296545E-02 -0.1118795E-05
  0.8516500000000E+02  0.1412346E+01  0.6775893E-03  0.4575114E-02 -0.3264295E-04  0.8296507E-02 -0.1153871E-05
  0.8519833333333E+02  0.1412368E+01  0.6761395E-03  0.4574028E-02 -0.3257962E-04  0.8296467E-02 -0.1188649E-05
  0.8523166666666E+02  0.1412391E+01  0.6746955E-03  0.4572944E-02 -0.3251655E-04  0.8296426E-02 -0.1223132E-05
  0.8526500000000E+02  0.1412413E+01  0.6732573E-03  0.4571862E-02 -0.3245375E-04  0.8296384E-02 -0.1257323E-05
  0.8529833333333E+02  0.1412436E+01  0.6718247E-03  0.4570783E-02 -0.3239123E-04  0.8296341E-02 -0.1291225E-05
  0.8533166666666E+02  0.1412458E+01  0.6703978E-03  0.4569705E-02 -0.3232897E-04  0.8296297E-02 -0.1324840E-05
  0.8536500000000E+02  0.1412480E+01  0.6689764E-03  0.4568629E-02 -0.3226698E-04  0.8296252E-02 -0.1358171E-05
  0.8539833333333E+02  0.1412503E+01  0.6675607E-03  0.4567556E-02 -0.3220525E-04  0.8296205E-02 -0.1391221E-05
  0.8543166666666E+02  0.1412525E+01  0.6661506E-03  0.4566484E-02 -0.3214379E-04  0.8296158E-02 -0.1423994E-05
  0.8546500000000E+02  0.1412547E+01  0.6647459E-03  0.4565415E-02 -0.3208260E-04  0.8296109E-02 -0.1456491E-05
  0.8549833333333E+02  0.1412569E+01  0.6633468E-03  0.4564348E-02 -0.3202167E-04  0.8296060E-02 -0.1488716E-05
  0.8553166666666E+02  0.1412591E+01  0.6619531E-03  0.4563282E-02 -0.3196100E-04  0.8296009E-02 -0.1520670E-05
  0.8556500000000E+02  0.1412613E+01  0.6605649E-03  0.4562219E-02 -0.3190060E-04  0.8295957E-02 -0.1552357E-05
  0.8559833333333E+02  0.1412635E+01  0.6591820E-03  0.4561157E-02 -0.3184046E-04  0.8295904E-02 -0.1583780E-05
  0.8563166666666E+02  0.1412657E+01  0.6578046E-03  0.4560098E-02 -0.3178058E-04  0.8295851E-02 -0.1614940E-05
  0.8566500000000E+02  0.1412679E+01  0.6564325E-03  0.4559041E-02 -0.3172095E-04  0.8295796E-02 -0.1645841E-05
  0.8569833333333E+02  0.1412701E+01  0.6550657E-03  0.4557985E-02 -0.3166159E-04  0.8295740E-02 -0.1676484E-05
  0.8573166666666E+02  0.1412723E+01  0.6537042E-03  0.4556932E-02 -0.3160249E-04  0.8295683E-02 -0.1706873E-05
  0.8576500000000E+02  0.1412744E+01  0.6523479E-03  0.4555881E-02 -0.3154364E-04  0.8295625E-02 -0.1737010E-05
  0.8579833333333E+02  0.1412766E+01  0.6509969E-03  0.4554831E-02 -0.3148505E-04  0.8295566E-02 -0.1766897E-05
  0.8583166666666E+02  0.1412788E+01  0.6496511E-03  0.4553783E-02 -0.3142672E-04  0.8295506E-02 -0.1796537E-05
  0.8586500000000E+02  0.1412809E+01  0.6483104E-03  0.4552738E-02 -0.3136864E-04  0.8295445E-02 -0.1825931E-05
  0.8589833333333E+02  0.1412831E+01  0.6469749E-03  0.4551694E-02 -0.3131081E-04  0.8295384E-02 -0.1855083E-05
  0.8593166666666E+02  0.1412852E+01  0.6456445E-03  0.4550652E-02 -0.3125324E-04  0.8295321E-02 -0.1883995E-05
  0.8596500000000E+02  0.1412874E+01  0.6443192E-03  0.4549613E-02 -0.3119591E-04  0.8295257E-02 -0.1912668E-05
  0.8599833333333E+02  0.1412895E+01  0.6429990E-03  0.4548575E-02 -0.3113884E-04  0.8295192E-02 -0.1941106E-05
  0.8603166666666E+02  0.1412917E+01  0.6416838E-03  0.4547538E-02 -0.3108202E-04  0.8295127E-02 -0.1969310E-05
  0.8606500000000E+02  0.1412938E+01  0.6403736E-03  0.4546504E-02 -0.3102545E-04  0.8295060E-02 -0.1997283E-05
  0.8609833333333E+02  0.1412959E+01  0.6390684E-03  0.4545472E-02 -0.3096912E-04  0.8294993E-02 -0.2025026E-05
  0.8613166666666E+02  0.1412981E+01  0.6377681E-03  0.4544442E-02 -0.3091304E-04  0.8294924E-02 -0.2052542E-05
  0.8616500000000E+02  0.1413002E+01  0.6364728E-03  0.4543413E-02 -0.3085721E-04  0.8294855E-02 -0.2079833E-05
  0.8619833333333E+02  0.1413023E+01  0.6351823E-03  0.4542386E-02 -0.3080162E-04  0.8294785E-02 -0.2106902E-05
  0.8623166666666E+02  0.1413044E+01  0.6338967E-03  0.4541361E-02 -0.3074627E-04  0.8294714E-02 -0.2133749E-05
  0.8626500000000E+02  0.1413065E+01  0.6326160E-03  0.4540338E-02 -0.3069117E-04  0.8294642E-02 -0.2160378E-05
  0.8629833333333E+02  0.1413086E+01  0.6313401E-03  0.4539317E-02 -0.3063630E-04  0.8294569E-02 -0.2186790E-05
  0.8633166666666E+02  0.1413107E+01  0.6300690E-03  0.4538298E-02 -0.3058168E-04  0.8294495E-02 -0.2212987E-05
  0.8636500000000E+02  0.1413128E+01  0.6288026E-03  0.4537280E-02 -0.3052730E-04  0.8294420E-02 -0.2238971E-05
  0.8639833333333E+02  0.1413149E+01  0.6275410E-03  0.4536264E-02 -0.3047315E-04  0.8294345E-02 -0.2264744E-05
  0.8643166666666E+02  0.1413170E+01  0.6262842E-03  0.4535250E-02 -0.3041924E-04  0.8294268E-02 -0.2290309E-05
  0.8646500000000E+02  0.1413191E+01  0.6250320E-03  0.4534238E-02 -0.3036557E-04  0.8294191E-02 -0.2315666E-05
  0.8649833333333E+02  0.1413212E+01  0.6237844E-03  0.4533228E-02 -0.3031213E-04  0.8294113E-02 -0.2340818E-05
  0.8653166666666E+02  0.1413232E+01  0.6225416E-03  0.4532219E-02 -0.3025893E-04  0.8294034E-02 -0.2365767E-05
  0.8656500000000E+02  0.1413253E+01  0.6213033E-03  0.4531212E-02 -0.3020596E-04  0.8293955E-02 -0.2390514E-05
  0.8659833333333E+02  0.1413274E+01  0.6200696E-03  0.4530207E-02 -0.3015322E-04  0.8293874E-02 -0.2415062E-05
  0.8663166666666E+02  0.1413294E+01  0.6188405E-03  0.4529204E-02 -0.3010071E-04  0.8293793E-02 -0.2439411E-05
  0.8666500000000E+02  0.1413315E+01  0.6176160E-03  0.4528202E-02 -0.3004842E-04  0.8293711E-02 -0.2463565E-05
  0.8669833333333E+02  0.1413335E+01  0.6163960E-03  0.4527202E-02 -0.2999637E-04  0.8293628E-02 -0.2487524E-05
  0.8673166666666E+02  0.1413356E+01  0.6151804E-03  0.4526204E-02 -0.2994454E-04  0.8293544E-02 -0.2511290E-05
  0.8676500000000E+02  0.1413376E+01  0.6139694E-03  0.4525208E-02 -0.2989294E-04  0.8293460E-02 -0.2534865E-05
  0.8679833333333E+02  0.1413397E+01  0.6127628E-03  0.4524213E-02 -0.2984157E-04  0.8293374E-02 -0.2558251E-05
  0.8683166666666E+02  0.1413417E+01  0.6115606E-03  0.4523220E-02 -0.2979041E-04  0.8293288E-02 -0.2581449E-05
  0.8686500000000E+02  0.1413438E+01  0.6103628E-03  0.4522229E-02 -0.2973948E-04  0.8293201E-02 -0.2604461E-05
  0.8689833333333E+02  0.1413458E+01  0.6091694E-03  0.4521239E-02 -0.2968877E-04  0.8293114E-02 -0.2627289E-05
  0.8693166666666E+02  0.1413478E+01  0.6079804E-03  0.4520251E-02 -0.2963828E-04  0.8293026E-02 -0.2649934E-05
  0.8696500000000E+02  0.1413498E+01  0.6067957E-03  0.4519265E-02 -0.2958801E-04  0.8292936E-02 -0.2672398E-05
  0.8699833333333E+02  0.1413519E+01  0.6056153E-03  0.4518280E-02 -0.2953795E-04  0.8292847E-02 -0.2694682E-05
  0.8703166666666E+02  0.1413539E+01  0.6044392E-03  0.4517297E-02 -0.2948811E-04  0.8292756E-02 -0.2716787E-05
  0.8706500000000E+02  0.1413559E+01  0.6032674E-03  0.4516316E-02 -0.2943849E-04  0.8292665E-02 -0.2738716E-05
  0.8709833333333E+02  0.1413579E+01  0.6020998E-03  0.4515336E-02 -0.2938908E-04  0.8292573E-02 -0.2760470E-05
  0.8713166666666E+02  0.1413599E+01  0.6009365E-03  0.4514358E-02 -0.2933988E-04  0.8292480E-02 -0.2782051E-05
  0.8716500000000E+02  0.1413619E+01  0.5997774E-03  0.4513382E-02 -0.2929089E-04  0.8292387E-02 -0.2803459E-05
  0.8719833333333E+02  0.1413639E+01  0.5986224E-03  0.4512407E-02 -0.2924212E-04  0.8292292E-02 -0.2824697E-05
  0.8723166666666E+02  0.1413659E+01  0.5974716E-03  0.4511434E-02 -0.2919355E-04  0.8292198E-02 -0.2845765E-05
  0.8726500000000E+02  0.1413679E+01  0.5963249E-03  0.4510463E-02 -0.2914519E-04  0.8292102E-02 -0.2866665E-05
  0.8729833333333E+02  0.1413699E+01  0.5951824E-03  0.4509493E-02 -0.2909704E-04  0.8292006E-02 -0.2887399E-05
  0.8733166666666E+02  0.1413718E+01  0.5940439E-03  0.4508525E-02 -0.2904909E-04  0.8291909E-02 -0.2907967E-05
  0.8736500000000E+02  0.1413738E+01  0.5929096E-03  0.4507558E-02 -0.2900135E-04  0.8291811E-02 -0.2928372E-05
  0.8739833333333E+02  0.1413758E+01  0.5917793E-03  0.4506593E-02 -0.2895381E-04  0.8291713E-02 -0.2948615E-05
  0.8743166666666E+02  0.1413778E+01  0.5906530E-03  0.4505629E-02 -0.2890647E-04  0.8291614E-02 -0.2968697E-05
  0.8746500000000E+02  0.1413797E+01  0.5895307E-03  0.4504667E-02 -0.2885933E-04  0.8291514E-02 -0.2988618E-05
  0.8749833333333E+02  0.1413817E+01  0.5884124E-03  0.4503707E-02 -0.2881239E-04  0.8291414E-02 -0.3008382E-05
  0.8753166666666E+02  0.1413836E+01  0.5872981E-03  0.4502748E-02 -0.2876565E-04  0.8291313E-02 -0.3027988E-05
  0.8756500000000E+02  0.1413856E+01  0.5861878E-03  0.4501791E-02 -0.2871911E-04  0.8291212E-02 -0.3047438E-05
  0.8763166666666E+02  0.1413875E+01  0.2925407E-03  0.4500835E-02 -0.1433638E-04  0.8291109E-02 -0.1533367E-05
  0.8769833333333E+02  0.1413914E+01  0.5836198E-03  0.4498928E-02 -0.2859801E-04  0.8290904E-02 -0.3076996E-05
  0.8776500000000E+02  0.1413953E+01  0.5816161E-03  0.4497028E-02 -0.2850061E-04  0.8290698E-02 -0.3096407E-05
  0.8783166666666E+02  0.1413992E+01  0.5794347E-03  0.4495134E-02 -0.2840937E-04  0.8290489E-02 -0.3133665E-05
  0.8789833333333E+02  0.1414030E+01  0.5772686E-03  0.4493246E-02 -0.2831889E-04  0.8290278E-02 -0.3170334E-05
  0.8796500000000E+02  0.1414069E+01  0.5751177E-03  0.4491364E-02 -0.2822916E-04  0.8290064E-02 -0.3206421E-05
  0.8803166666666E+02  0.1414107E+01  0.5729818E-03  0.4489488E-02 -0.2814016E-04  0.8289848E-02 -0.3241936E-05
  0.8809833333333E+02  0.1414145E+01  0.5708608E-03  0.4487618E-02 -0.2805189E-04  0.8289629E-02 -0.3276887E-05
  0.8816500000000E+02  0.1414183E+01  0.5687545E-03  0.4485754E-02 -0.2796434E-04  0.8289408E-02 -0.3311284E-05
  0.8823166666666E+02  0.1414220E+01  0.5666628E-03  0.4483896E-02 -0.2787750E-04  0.8289185E-02 -0.3345135E-05
  0.8829833333333E+02  0.1414258E+01  0.5645856E-03  0.4482043E-02 -0.2779135E-04  0.8288960E-02 -0.3378447E-05
  0.8836500000000E+02  0.1414296E+01  0.5625226E-03  0.4480196E-02 -0.2770590E-04  0.8288733E-02 -0.3411230E-05
  0.8843166666666E+02  0.1414333E+01  0.5604738E-03  0.4478354E-02 -0.2762113E-04  0.8288503E-02 -0.3443490E-05
  0.8849833333333E+02  0.1414370E+01  0.5584390E-03  0.4476518E-02 -0.2753703E-04  0.8288272E-02 -0.3475236E-05
  0.8856500000000E+02  0.1414407E+01  0.5564181E-03  0.4474688E-02 -0.2745359E-04  0.8288038E-02 -0.3506475E-05
  0.8863166666666E+02  0.1414444E+01  0.5544110E-03  0.4472864E-02 -0.2737081E-04  0.8287802E-02 -0.3537215E-05
  0.8869833333333E+02  0.1414481E+01  0.5524175E-03  0.4471044E-02 -0.2728867E-04  0.8287564E-02 -0.3567462E-05
  0.8876500000000E+02  0.1414518E+01  0.5504374E-03  0.4469230E-02 -0.2720716E-04  0.8287324E-02 -0.3597223E-05
  0.8883166666666E+02  0.1414554E+01  0.5484708E-03  0.4467422E-02 -0.2712628E-04  0.8287083E-02 -0.3626507E-05
  0.8889833333333E+02  0.1414591E+01  0.5465173E-03  0.4465619E-02 -0.2704602E-04  0.8286839E-02 -0.3655318E-05
  0.8896500000000E+02  0.1414627E+01  0.5445769E-03  0.4463821E-02 -0.2696637E-04  0.8286593E-02 -0.3683664E-05
  0.8903166666666E+02  0.1414663E+01  0.5426496E-03  0.4462029E-02 -0.2688731E-04  0.8286346E-02 -0.3711552E-05
  0.8909833333333E+02  0.1414699E+01  0.5407350E-03  0.4460241E-02 -0.2680885E-04  0.8286097E-02 -0.3738987E-05
  0.8916500000000E+02  0.1414735E+01  0.5388332E-03  0.4458459E-02 -0.2673096E-04  0.8285846E-02 -0.3765976E-05
  0.8923166666666E+02  0.1414771E+01  0.5369441E-03  0.4456683E-02 -0.2665365E-04  0.8285593E-02 -0.3792525E-05
  0.8929833333333E+02  0.1414807E+01  0.5350674E-03  0.4454911E-02 -0.2657691E-04  0.8285338E-02 -0.3818639E-05
  0.8936500000000E+02  0.1414842E+01  0.5332030E-03  0.4453144E-02 -0.2650072E-04  0.8285082E-02 -0.3844325E-05
  0.8943166666666E+02  0.1414878E+01  0.5313510E-03  0.4451382E-02 -0.2642508E-04  0.8284824E-02 -0.3869588E-05
  0.8949833333333E+02  0.1414913E+01  0.5295111E-03  0.4449626E-02 -0.2634998E-04  0.8284564E-02 -0.3894434E-05
  0.8956500000000E+02  0.1414948E+01  0.5276832E-03  0.4447874E-02 -0.2627541E-04  0.8284303E-02 -0.3918868E-05
  0.8963166666666E+02  0.1414983E+01  0.5258672E-03  0.4446127E-02 -0.2620136E-04  0.8284040E-02 -0.3942896E-05
  0.8969833333333E+02  0.1415018E+01  0.5240630E-03  0.4444385E-02 -0.2612783E-04  0.8283776E-02 -0.3966522E-05
  0.8976500000000E+02  0.1415053E+01  0.5222706E-03  0.4442648E-02 -0.2605480E-04  0.8283510E-02 -0.3989753E-05
  0.8983166666666E+02  0.1415088E+01  0.5204897E-03  0.4440916E-02 -0.2598228E-04  0.8283242E-02 -0.4012592E-05
  0.8989833333333E+02  0.1415122E+01  0.5187203E-03  0.4439189E-02 -0.2591025E-04  0.8282973E-02 -0.4035045E-05
  0.8996500000000E+02  0.1415157E+01  0.5169623E-03  0.4437466E-02 -0.2583870E-04  0.8282703E-02 -0.4057117E-05
  0.9003166666666E+02  0.1415191E+01  0.5152155E-03  0.4435748E-02 -0.2576762E-04  0.8282431E-02 -0.4078813E-05
  0.9009833333333E+02  0.1415225E+01  0.5134799E-03  0.4434035E-02 -0.2569702E-04  0.8282157E-02 -0.4100136E-05
  0.9016500000000E+02  0.1415259E+01  0.5117554E-03  0.4432327E-02 -0.2562688E-04  0.8281883E-02 -0.4121092E-05
  0.9023166666666E+02  0.1415293E+01  0.5100419E-03  0.4430623E-02 -0.2555719E-04  0.8281607E-02 -0.4141686E-05
  0.9029833333333E+02  0.1415327E+01  0.5083392E-03  0.4428924E-02 -0.2548795E-04  0.8281329E-02 -0.4161921E-05
  0.9036500000000E+02  0.1415361E+01  0.5066473E-03  0.4427229E-02 -0.2541915E-04  0.8281050E-02 -0.4181802E-05
  0.9043166666666E+02  0.1415395E+01  0.5049660E-03  0.4425539E-02 -0.2535078E-04  0.8280770E-02 -0.4201333E-05
  0.9049833333333E+02  0.1415428E+01  0.5032954E-03  0.4423854E-02 -0.2528283E-04  0.8280489E-02 -0.4220519E-05
  0.9056500000000E+02  0.1415462E+01  0.5016352E-03  0.4422173E-02 -0.2521531E-04  0.8280206E-02 -0.4239363E-05
  0.9063166666666E+02  0.1415495E+01  0.4999854E-03  0.4420496E-02 -0.2514820E-04  0.8279922E-02 -0.4257870E-05
  0.9069833333333E+02  0.1415528E+01  0.4983459E-03  0.4418824E-02 -0.2508149E-04  0.8279637E-02 -0.4276043E-05
  0.9076500000000E+02  0.1415561E+01  0.4967165E-03  0.4417156E-02 -0.2501518E-04  0.8279351E-02 -0.4293886E-05
  0.9083166666666E+02  0.1415594E+01  0.4950973E-03  0.4415493E-02 -0.2494926E-04  0.8279064E-02 -0.4311404E-05
  0.9089833333333E+02  0.1415627E+01  0.4934882E-03  0.4413834E-02 -0.2488373E-04  0.8278775E-02 -0.4328599E-05
  0.9096500000000E+02  0.1415660E+01  0.4918889E-03  0.4412180E-02 -0.2481858E-04  0.8278485E-02 -0.4345477E-05
  0.9103166666666E+02  0.1415693E+01  0.4902995E-03  0.4410529E-02 -0.2475381E-04  0.8278195E-02 -0.4362039E-05
  0.9109833333333E+02  0.1415725E+01  0.4887198E-03  0.4408883E-02 -0.2468940E-04  0.8277903E-02 -0.4378291E-05
  0.9116500000000E+02  0.1415758E+01  0.4871498E-03  0.4407242E-02 -0.2462535E-04  0.8277610E-02 -0.4394235E-05
  0.9123166666666E+02  0.1415790E+01  0.4855894E-03  0.4405604E-02 -0.2456165E-04  0.8277316E-02 -0.4409875E-05
  0.9129833333333E+02  0.1415823E+01  0.4840385E-03  0.4403971E-02 -0.2449831E-04  0.8277021E-02 -0.4425214E-05
  0.9136500000000E+02  0.1415855E+01  0.4824970E-03  0.4402342E-02 -0.2443531E-04  0.8276725E-02 -0.4440256E-05
  0.9143166666666E+02  0.1415887E+01  0.4809649E-03  0.4400717E-02 -0.2437265E-04  0.8276428E-02 -0.4455004E-05
  0.9149833333333E+02  0.1415919E+01  0.4794420E-03  0.4399096E-02 -0.2431032E-04  0.8276130E-02 -0.4469462E-05
  0.9156500000000E+02  0.1415951E+01  0.4779282E-03  0.4397480E-02 -0.2424831E-04  0.8275831E-02 -0.4483632E-05
  0.9163166666666E+02  0.1415982E+01  0.4764236E-03  0.4395867E-02 -0.2418663E-04  0.8275531E-02 -0.4497518E-05
  0.9169833333333E+02  0.1416014E+01  0.4749280E-03  0.4394259E-02 -0.2412527E-04  0.8275230E-02 -0.4511122E-05
  0.9176500000000E+02  0.1416046E+01  0.4734413E-03  0.4392655E-02 -0.2406421E-04  0.8274929E-02 -0.4524448E-05
  0.9183166666666E+02  0.1416077E+01  0.4719634E-03  0.4391055E-02 -0.2400346E-04  0.8274626E-02 -0.4537500E-05
  0.9189833333333E+02  0.1416108E+01  0.4704944E-03  0.4389458E-02 -0.2394302E-04  0.8274323E-02 -0.4550279E-05
  0.9196500000000E+02  0.1416140E+01  0.4690340E-03  0.4387866E-02 -0.2388287E-04  0.8274019E-02 -0.4562790E-05
  0.9203166666666E+02  0.1416171E+01  0.4675823E-03  0.4386278E-02 -0.2382300E-04  0.8273714E-02 -0.4575034E-05
  0.9209833333333E+02  0.1416202E+01  0.4661392E-03  0.4384694E-02 -0.2376343E-04  0.8273408E-02 -0.4587015E-05
  0.9216500000000E+02  0.1416233E+01  0.4647045E-03  0.4383113E-02 -0.2370414E-04  0.8273101E-02 -0.4598735E-05
  0.9223166666666E+02  0.1416264E+01  0.4632783E-03  0.4381537E-02 -0.2364512E-04  0.8272794E-02 -0.4610198E-05
  0.9229833333333E+02  0.1416295E+01  0.4618603E-03  0.4379965E-02 -0.2358637E-04  0.8272486E-02 -0.4621406E-05
  0.9236500000000E+02  0.1416325E+01  0.4604507E-03  0.4378396E-02 -0.2352790E-04  0.8272177E-02 -0.4632362E-05
  0.9243166666666E+02  0.1416356E+01  0.4590493E-03  0.4376832E-02 -0.2346968E-04  0.8271867E-02 -0.4643068E-05
  0.9249833333333E+02  0.1416386E+01  0.4576560E-03  0.4375271E-02 -0.2341173E-04  0.8271557E-02 -0.4653528E-05
  0.9256500000000E+02  0.1416417E+01  0.4562707E-03  0.4373714E-02 -0.2335403E-04  0.8271246E-02 -0.4663743E-05
  0.9263166666666E+02  0.1416447E+01  0.4548935E-03  0.4372161E-02 -0.2329658E-04  0.8270935E-02 -0.4673717E-05
  0.9269833333333E+02  0.1416477E+01  0.4535241E-03  0.4370611E-02 -0.2323938E-04  0.8270622E-02 -0.4683452E-05
  0.9276500000000E+02  0.1416507E+01  0.4521627E-03  0.4369066E-02 -0.2318242E-04  0.8270310E-02 -0.4692951E-05
  0.9283166666666E+02  0.1416538E+01  0.4508090E-03  0.4367524E-02 -0.2312570E-04  0.8269996E-02 -0.4702216E-05
  0.9289833333333E+02  0.1416568E+01  0.4494631E-03  0.4365986E-02 -0.2306921E-04  0.8269682E-02 -0.4711249E-05
  0.9296500000000E+02  0.1416597E+01  0.4481248E-03  0.4364452E-02 -0.2301296E-04  0.8269367E-02 -0.4720053E-05
  0.9303166666666E+02  0.1416627E+01  0.4467942E-03  0.4362922E-02 -0.2295693E-04  0.8269052E-02 -0.4728631E-05
  0.9309833333333E+02  0.1416657E+01  0.4454711E-03  0.4361395E-02 -0.2290112E-04  0.8268736E-02 -0.4736984E-05
  0.9316500000000E+02  0.1416686E+01  0.4441554E-03  0.4359872E-02 -0.2284554E-04  0.8268420E-02 -0.4745116E-05
  0.9323166666666E+02  0.1416716E+01  0.4428472E-03  0.4358352E-02 -0.2279017E-04  0.8268103E-02 -0.4753028E-05
  0.9329833333333E+02  0.1416745E+01  0.4415464E-03  0.4356837E-02 -0.2273502E-04  0.8267786E-02 -0.4760723E-05
  0.9336500000000E+02  0.1416775E+01  0.4402528E-03  0.4355325E-02 -0.2268007E-04  0.8267468E-02 -0.4768204E-05
  0.9343166666666E+02  0.1416804E+01  0.4389665E-03  0.4353816E-02 -0.2262534E-04  0.8267149E-02 -0.4775471E-05
  0.9349833333333E+02  0.1416833E+01  0.4376873E-03  0.4352312E-02 -0.2257080E-04  0.8266831E-02 -0.4782528E-05
  0.9356500000000E+02  0.1416862E+01  0.4364153E-03  0.4350811E-02 -0.2251647E-04  0.8266511E-02 -0.4789378E-05
  0.9363166666666E+02  0.1416891E+01  0.4351503E-03  0.4349313E-02 -0.2246233E-04  0.8266192E-02 -0.4796021E-05
  0.9369833333333E+02  0.1416920E+01  0.4338923E-03  0.4347819E-02 -0.2240839E-04  0.8265871E-02 -0.4802460E-05
  0.9376500000000E+02  0.1416949E+01  0.4326413E-03  0.4346329E-02 -0.2235464E-04  0.8265551E-02 -0.4808698E-05
  0.9383166666666E+02  0.1416978E+01  0.4313972E-03  0.4344842E-02 -0.2230107E-04  0.8265230E-02 -0.4814736E-05
  0.9389833333333E+02  0.1417007E+01  0.4301599E-03  0.4343359E-02 -0.2224769E-04  0.8264908E-02 -0.4820577E-05
  0.9396500000000E+02  0.1417035E+01  0.4289293E-03  0.4341879E-02 -0.2219450E-04  0.8264587E-02 -0.4826223E-05
  0.9403166666666E+02  0.1417064E+01  0.4277055E-03  0.4340403E-02 -0.2214148E-04  0.8264265E-02 -0.4831676E-05
  0.9409833333333E+02  0.1417092E+01  0.4264884E-03  0.4338931E-02 -0.2208864E-04  0.8263942E-02 -0.4836937E-05
  0.9416500000000E+02  0.1417120E+01  0.4252779E-03  0.4337462E-02 -0.2203598E-04  0.8263619E-02 -0.4842009E-05
  0.9423166666666E+02  0.1417149E+01  0.4240740E-03  0.4335996E-02 -0.2198349E-04  0.8263296E-02 -0.4846895E-05
  0.9429833333333E+02  0.1417177E+01  0.4228765E-03  0.4334534E-02 -0.2193117E-04  0.8262973E-02 -0.4851595E-05
  0.9436500000000E+02  0.1417205E+01  0.4216856E-03  0.4333075E-02 -0.2187901E-04  0.8262649E-02 -0.4856112E-05
  0.9443166666666E+02  0.1417233E+01  0.4205010E-03  0.4331620E-02 -0.2182702E-04  0.8262325E-02 -0.4860447E-05
  0.9449833333333E+02  0.1417261E+01  0.4193228E-03  0.4330169E-02 -0.2177520E-04  0.8262001E-02 -0.4864604E-05
  0.9456500000000E+02  0.1417289E+01  0.4181509E-03  0.4328720E-02 -0.2172353E-04  0.8261676E-02 -0.4868583E-05
  0.9463166666666E+02  0.1417317E+01  0.4169853E-03  0.4327276E-02 -0.2167202E-04  0.8261351E-02 -0.4872387E-05
  0.9469833333333E+02  0.1417344E+01  0.4158259E-03  0.4325834E-02 -0.2162067E-04  0.8261026E-02 -0.4876017E-05
  0.9476500000000E+02  0.1417372E+01  0.4146726E-03  0.4324396E-02 -0.2156947E-04  0.8260701E-02 -0.4879475E-05
  0.9483166666666E+02  0.1417400E+01  0.4135255E-03  0.4322962E-02 -0.2151842E-04  0.8260375E-02 -0.4882764E-05
  0.9489833333333E+02  0.1417427E+01  0.4123844E-03  0.4321530E-02 -0.2146753E-04  0.8260050E-02 -0.4885884E-05
  0.9496500000000E+02  0.1417455E+01  0.4112493E-03  0.4320103E-02 -0.2141678E-04  0.8259724E-02 -0.4888839E-05
  0.9503166666666E+02  0.1417482E+01  0.4101202E-03  0.4318678E-02 -0.2136617E-04  0.8259398E-02 -0.4891629E-05
  0.9509833333333E+02  0.1417509E+01  0.4089971E-03  0.4317257E-02 -0.2131572E-04  0.8259071E-02 -0.4894257E-05
  0.9516500000000E+02  0.1417536E+01  0.4078798E-03  0.4315840E-02 -0.2126540E-04  0.8258745E-02 -0.4896723E-05
  0.9523166666666E+02  0.1417563E+01  0.4067683E-03  0.4314425E-02 -0.2121522E-04  0.8258418E-02 -0.4899031E-05
  0.9529833333333E+02  0.1417590E+01  0.4056627E-03  0.4313014E-02 -0.2116518E-04  0.8258092E-02 -0.4901182E-05
  0.9536500000000E+02  0.1417617E+01  0.4045627E-03  0.4311606E-02 -0.2111528E-04  0.8257765E-02 -0.4903176E-05
  0.9543166666666E+02  0.1417644E+01  0.4034685E-03  0.4310202E-02 -0.2106552E-04  0.8257438E-02 -0.4905018E-05
  0.9549833333333E+02  0.1417671E+01  0.4023800E-03  0.4308801E-02 -0.2101589E-04  0.8257111E-02 -0.4906706E-05
  0.9556500000000E+02  0.1417698E+01  0.4012970E-03  0.4307403E-02 -0.2096639E-04  0.8256783E-02 -0.4908245E-05
  0.9563166666666E+02  0.1417725E+01  0.4002196E-03  0.4306009E-02 -0.2091702E-04  0.8256456E-02 -0.4909635E-05
  0.9569833333333E+02  0.1417751E+01  0.3991478E-03  0.4304618E-02 -0.2086778E-04  0.8256129E-02 -0.4910877E-05
  0.9576500000000E+02  0.1417778E+01  0.3980814E-03  0.4303230E-02 -0.2081867E-04  0.8255801E-02 -0.4911974E-05
  0.9583166666666E+02  0.1417804E+01  0.3970205E-03  0.4301845E-02 -0.2076969E-04  0.8255474E-02 -0.4912927E-05
  0.9589833333333E+02  0.1417831E+01  0.3959650E-03  0.4300464E-02 -0.2072083E-04  0.8255146E-02 -0.4913739E-05
  0.9596500000000E+02  0.1417857E+01  0.3949148E-03  0.4299086E-02 -0.2067209E-04  0.8254818E-02 -0.4914409E-05
  0.9603166666666E+02  0.1417883E+01  0.3938700E-03  0.4297711E-02 -0.2062348E-04  0.8254491E-02 -0.4914940E-05
  0.9609833333333E+02  0.1417909E+01  0.3928305E-03  0.4296339E-02 -0.2057498E-04  0.8254163E-02 -0.4915334E-05
  0.9616500000000E+02  0.1417936E+01  0.3917962E-03  0.4294971E-02 -0.2052661E-04  0.8253835E-02 -0.4915593E-05
  0.9623166666666E+02  0.1417962E+01  0.3907671E-03  0.4293605E-02 -0.2047836E-04  0.8253508E-02 -0.4915717E-05
  0.9629833333333E+02  0.1417988E+01  0.3897432E-03  0.4292243E-02 -0.2043022E-04  0.8253180E-02 -0.4915708E-05
  0.9636500000000E+02  0.1418013E+01  0.3887244E-03  0.4290885E-02 -0.2038221E-04  0.8252852E-02 -0.4915568E-05
  0.9643166666666E+02  0.1418039E+01  0.3877106E-03  0.4289529E-02 -0.2033430E-04  0.8252525E-02 -0.4915298E-05
  0.9649833333333E+02  0.1418065E+01  0.3867020E-03  0.4288176E-02 -0.2028651E-04  0.8252197E-02 -0.4914900E-05
  0.9656500000000E+02  0.1418091E+01  0.3856983E-03  0.4286827E-02 -0.2023884E-04  0.8251869E-02 -0.4914376E-05
  0.9663166666666E+02  0.1418116E+01  0.3846997E-03  0.4285481E-02 -0.2019128E-04  0.8251542E-02 -0.4913726E-05
  0.9669833333333E+02  0.1418142E+01  0.3837060E-03  0.4284138E-02 -0.2014383E-04  0.8251214E-02 -0.4912952E-05
  0.9676500000000E+02  0.1418168E+01  0.3827171E-03  0.4282798E-02 -0.2009649E-04  0.8250887E-02 -0.4912057E-05
  0.9683166666666E+02  0.1418193E+01  0.3817332E-03  0.4281462E-02 -0.2004926E-04  0.8250559E-02 -0.4911040E-05
  0.9689833333333E+02  0.1418218E+01  0.3807541E-03  0.4280128E-02 -0.2000213E-04  0.8250232E-02 -0.4909904E-05
  0.9696500000000E+02  0.1418244E+01  0.3797797E-03  0.4278798E-02 -0.1995512E-04  0.8249905E-02 -0.4908651E-05
  0.9703166666666E+02  0.1418269E+01  0.3788102E-03  0.4277471E-02 -0.1990822E-04  0.8249578E-02 -0.4907281E-05
  0.9709833333333E+02  0.1418294E+01  0.3778454E-03  0.4276147E-02 -0.1986142E-04  0.8249251E-02 -0.4905795E-05
  0.9716500000000E+02  0.1418319E+01  0.3768852E-03  0.4274826E-02 -0.1981472E-04  0.8248924E-02 -0.4904197E-05
  0.9723166666666E+02  0.1418344E+01  0.3759298E-03  0.4273508E-02 -0.1976813E-04  0.8248597E-02 -0.4902486E-05
  0.9729833333333E+02  0.1418369E+01  0.3749789E-03  0.4272193E-02 -0.1972165E-04  0.8248270E-02 -0.4900664E-05
  0.9736500000000E+02  0.1418394E+01  0.3740327E-03  0.4270881E-02 -0.1967527E-04  0.8247943E-02 -0.4898732E-05
  0.9743166666666E+02  0.1418419E+01  0.3730910E-03  0.4269573E-02 -0.1962899E-04  0.8247617E-02 -0.4896692E-05
  0.9749833333333E+02  0.1418444E+01  0.3721538E-03  0.4268267E-02 -0.1958282E-04  0.8247291E-02 -0.4894546E-05
  0.9756500000000E+02  0.1418469E+01  0.3712212E-03  0.4266965E-02 -0.1953674E-04  0.8246965E-02 -0.4892294E-05
  0.9763166666666E+02  0.1418493E+01  0.3702930E-03  0.4265665E-02 -0.1949077E-04  0.8246639E-02 -0.4889938E-05
  0.9769833333333E+02  0.1418518E+01  0.3693692E-03  0.4264369E-02 -0.1944490E-04  0.8246313E-02 -0.4887479E-05
  0.9776500000000E+02  0.1418543E+01  0.3684499E-03  0.4263076E-02 -0.1939913E-04  0.8245987E-02 -0.4884919E-05
  0.9783166666666E+02  0.1418567E+01  0.3675349E-03  0.4261786E-02 -0.1935346E-04  0.8245662E-02 -0.4882258E-05
  0.9789833333333E+02  0.1418592E+01  0.3666242E-03  0.4260498E-02 -0.1930788E-04  0.8245336E-02 -0.4879498E-05
  0.9799833333333E+02  0.1418616E+01  0.2438119E-03  0.4259214E-02 -0.1284161E-04  0.8245011E-02 -0.3251094E-05
  0.9809833333333E+02  0.1418652E+01  0.3646426E-03  0.4257294E-02 -0.1920081E-04  0.8244524E-02 -0.4867943E-05
  0.9819833333333E+02  0.1418689E+01  0.3633491E-03  0.4255381E-02 -0.1912808E-04  0.8244039E-02 -0.4858347E-05
  0.9829833333333E+02  0.1418725E+01  0.3620125E-03  0.4253475E-02 -0.1906038E-04  0.8243553E-02 -0.4853551E-05
  0.9839833333333E+02  0.1418761E+01  0.3606853E-03  0.4251576E-02 -0.1899290E-04  0.8243068E-02 -0.4848550E-05
  0.9849833333333E+02  0.1418797E+01  0.3593674E-03  0.4249683E-02 -0.1892564E-04  0.8242584E-02 -0.4843348E-05
  0.9859833333333E+02  0.1418833E+01  0.3580587E-03  0.4247798E-02 -0.1885860E-04  0.8242100E-02 -0.4837949E-05
  0.9869833333333E+02  0.1418868E+01  0.3567591E-03  0.4245918E-02 -0.1879177E-04  0.8241617E-02 -0.4832357E-05
  0.9879833333333E+02  0.1418904E+01  0.3554685E-03  0.4244046E-02 -0.1872516E-04  0.8241134E-02 -0.4826576E-05
  0.9889833333333E+02  0.1418939E+01  0.3541868E-03  0.4242180E-02 -0.1865877E-04  0.8240652E-02 -0.4820609E-05
  0.9899833333333E+02  0.1418975E+01  0.3529140E-03  0.4240321E-02 -0.1859259E-04  0.8240171E-02 -0.4814462E-05
  0.9909833333333E+02  0.1419010E+01  0.3516499E-03  0.4238468E-02 -0.1852662E-04  0.8239690E-02 -0.4808137E-05
  0.9919833333333E+02  0.1419045E+01  0.3503944E-03  0.4236622E-02 -0.1846086E-04  0.8239210E-02 -0.4801639E-05
  0.9929833333333E+02  0.1419080E+01  0.3491475E-03  0.4234782E-02 -0.1839531E-04  0.8238730E-02 -0.4794971E-05
  0.9939833333333E+02  0.1419115E+01  0.3479090E-03  0.4232949E-02 -0.1832998E-04  0.8238252E-02 -0.4788137E-05
  0.9949833333333E+02  0.1419149E+01  0.3466790E-03  0.4231123E-02 -0.1826486E-04  0.8237773E-02 -0.4781140E-05
  0.9959833333333E+02  0.1419184E+01  0.3454573E-03  0.4229303E-02 -0.1819994E-04  0.8237296E-02 -0.4773985E-05
  0.9969833333333E+02  0.1419218E+01  0.3442437E-03  0.4227489E-02 -0.1813524E-04  0.8236819E-02 -0.4766675E-05
  0.9979833333333E+02  0.1419252E+01  0.3430384E-03  0.4225682E-02 -0.1807075E-04  0.8236343E-02 -0.4759213E-05
  0.9989833333333E+02  0.1419287E+01  0.3418411E-03  0.4223882E-02 -0.1800646E-04  0.8235868E-02 -0.4751603E-05
  0.9999833333333E+02  0.1419321E+01  0.3406517E-03  0.4222088E-02 -0.1794239E-04  0.8235394E-02 -0.4743848E-05
  0.1000983333333E+03  0.1419355E+01  0.3394703E-03  0.4220300E-02 -0.1787852E-04  0.8234920E-02 -0.4735953E-05
  0.1001983333333E+03  0.1419389E+01  0.3382967E-03  0.4218518E-02 -0.1781486E-04  0.8234448E-02 -0.4727919E-05
  0.1002983333333E+03  0.1419422E+01  0.3371309E-03  0.4216743E-02 -0.1775141E-04  0.8233976E-02 -0.4719751E-05
  0.1003983333333E+03  0.1419456E+01  0.3359727E-03  0.4214974E-02 -0.1768817E-04  0.8233504E-02 -0.4711452E-05
  0.1004983333333E+03  0.1419489E+01  0.3348221E-03  0.4213212E-02 -0.1762514E-04  0.8233034E-02 -0.4703025E-05
  0.1005983333333E+03  0.1419523E+01  0.3336791E-03  0.4211455E-02 -0.1756232E-04  0.8232565E-02 -0.4694474E-05
  0.1006983333333E+03  0.1419556E+01  0.3325435E-03  0.4209706E-02 -0.1749970E-04  0.8232096E-02 -0.4685801E-05
  0.1007983333333E+03  0.1419589E+01  0.3314153E-03  0.4207962E-02 -0.1743730E-04  0.8231628E-02 -0.4677009E-05
  0.1008983333333E+03  0.1419622E+01  0.3302945E-03  0.4206224E-02 -0.1737510E-04  0.8231162E-02 -0.4668103E-05
  0.1009983333333E+03  0.1419655E+01  0.3291809E-03  0.4204493E-02 -0.1731311E-04  0.8230696E-02 -0.4659084E-05
  0.1010983333333E+03  0.1419688E+01  0.3280744E-03  0.4202768E-02 -0.1725133E-04  0.8230231E-02 -0.4649956E-05
  0.1011983333333E+03  0.1419721E+01  0.3269751E-03  0.4201049E-02 -0.1718976E-04  0.8229767E-02 -0.4640722E-05
  0.1012983333333E+03  0.1419753E+01  0.3258828E-03  0.4199336E-02 -0.1712839E-04  0.8229303E-02 -0.4631385E-05
  0.1013983333333E+03  0.1419786E+01  0.3247975E-03  0.4197629E-02 -0.1706724E-04  0.8228841E-02 -0.4621947E-05
  0.1014983333333E+03  0.1419818E+01  0.3237191E-03  0.4195929E-02 -0.1700630E-04  0.8228380E-02 -0.4612412E-05
  0.1015983333333E+03  0.1419850E+01  0.3226476E-03  0.4194234E-02 -0.1694557E-04  0.8227920E-02 -0.4602782E-05
  0.1016983333333E+03  0.1419882E+01  0.3215829E-03  0.4192546E-02 -0.1688505E-04  0.8227460E-02 -0.4593060E-05
  0.1017983333333E+03  0.1419914E+01  0.3205248E-03  0.4190863E-02 -0.1682473E-04  0.8227002E-02 -0.4583250E-05
  0.1018983333333E+03  0.1419946E+01  0.3194735E-03  0.4189187E-02 -0.1676463E-04  0.8226545E-02 -0.4573353E-05
  0.1019983333333E+03  0.1419978E+01  0.3184287E-03  0.4187516E-02 -0.1670474E-04  0.8226088E-02 -0.4563372E-05
  0.1020983333333E+03  0.1420010E+01  0.3173905E-03  0.4185852E-02 -0.1664507E-04  0.8225633E-02 -0.4553310E-05
  0.1021983333333E+03  0.1420042E+01  0.3163588E-03  0.4184193E-02 -0.1658560E-04  0.8225179E-02 -0.4543170E-05
  0.1022983333333E+03  0.1420073E+01  0.3153335E-03  0.4182540E-02 -0.1652635E-04  0.8224725E-02 -0.4532954E-05
  0.1023983333333E+03  0.1420105E+01  0.3143146E-03  0.4180894E-02 -0.1646731E-04  0.8224273E-02 -0.4522664E-05
  0.1024983333333E+03  0.1420136E+01  0.3133019E-03  0.4179253E-02 -0.1640848E-04  0.8223822E-02 -0.4512304E-05
  0.1025983333333E+03  0.1420167E+01  0.3122956E-03  0.4177618E-02 -0.1634986E-04  0.8223372E-02 -0.4501875E-05
  0.1026983333333E+03  0.1420198E+01  0.3112954E-03  0.4175989E-02 -0.1629146E-04  0.8222923E-02 -0.4491381E-05
  0.1027983333333E+03  0.1420229E+01  0.3103014E-03  0.4174365E-02 -0.1623328E-04  0.8222475E-02 -0.4480823E-05
  0.1028983333333E+03  0.1420260E+01  0.3093134E-03  0.4172748E-02 -0.1617530E-04  0.8222028E-02 -0.4470203E-05
  0.1029983333333E+03  0.1420291E+01  0.3083315E-03  0.4171136E-02 -0.1611755E-04  0.8221582E-02 -0.4459525E-05
  0.1030983333333E+03  0.1420322E+01  0.3073556E-03  0.4169530E-02 -0.1606000E-04  0.8221137E-02 -0.4448790E-05
  0.1031983333333E+03  0.1420352E+01  0.3063856E-03  0.4167930E-02 -0.1600268E-04  0.8220693E-02 -0.4438001E-05
  0.1032983333333E+03  0.1420383E+01  0.3054215E-03  0.4166335E-02 -0.1594557E-04  0.8220250E-02 -0.4427159E-05
  0.1033983333333E+03  0.1420413E+01  0.3044632E-03  0.4164746E-02 -0.1588867E-04  0.8219809E-02 -0.4416268E-05
  0.1034983333333E+03  0.1420444E+01  0.3035106E-03  0.4163163E-02 -0.1583199E-04  0.8219368E-02 -0.4405328E-05
  0.1035983333333E+03  0.1420474E+01  0.3025638E-03  0.4161586E-02 -0.1577553E-04  0.8218929E-02 -0.4394343E-05
  0.1036983333333E+03  0.1420504E+01  0.3016227E-03  0.4160014E-02 -0.1571929E-04  0.8218490E-02 -0.4383315E-05
  0.1037983333333E+03  0.1420534E+01  0.3006872E-03  0.4158447E-02 -0.1566326E-04  0.8218053E-02 -0.4372244E-05
  0.1038983333333E+03  0.1420564E+01  0.2997573E-03  0.4156887E-02 -0.1560746E-04  0.8217617E-02 -0.4361135E-05
  0.1039983333333E+03  0.1420594E+01  0.2988329E-03  0.4155332E-02 -0.1555187E-04  0.8217182E-02 -0.4349987E-05
  0.1040983333333E+03  0.1420624E+01  0.2979140E-03  0.4153782E-02 -0.1549649E-04  0.8216748E-02 -0.4338804E-05
  0.1041983333333E+03  0.1420654E+01  0.2970006E-03  0.4152238E-02 -0.1544134E-04  0.8216315E-02 -0.4327587E-05
  0.1042983333333E+03  0.1420683E+01  0.2960925E-03  0.4150699E-02 -0.1538641E-04  0.8215884E-02 -0.4316339E-05
  0.1043983333333E+03  0.1420713E+01  0.2951898E-03  0.4149166E-02 -0.1533170E-04  0.8215453E-02 -0.4305060E-05
  0.1044983333333E+03  0.1420742E+01  0.2942923E-03  0.4147638E-02 -0.1527720E-04  0.8215024E-02 -0.4293753E-05
  0.1045983333333E+03  0.1420772E+01  0.2934002E-03  0.4146116E-02 -0.1522293E-04  0.8214596E-02 -0.4282420E-05
  0.1046983333333E+03  0.1420801E+01  0.2925132E-03  0.4144599E-02 -0.1516888E-04  0.8214168E-02 -0.4271062E-05
  0.1047983333333E+03  0.1420830E+01  0.2916314E-03  0.4143088E-02 -0.1511505E-04  0.8213742E-02 -0.4259681E-05
  0.1048983333333E+03  0.1420859E+01  0.2907547E-03  0.4141581E-02 -0.1506143E-04  0.8213318E-02 -0.4248279E-05
  0.1049983333333E+03  0.1420888E+01  0.2898831E-03  0.4140081E-02 -0.1500804E-04  0.8212894E-02 -0.4236858E-05
  0.1050983333333E+03  0.1420917E+01  0.2890166E-03  0.4138585E-02 -0.1495487E-04  0.8212471E-02 -0.4225418E-05
  0.1051983333333E+03  0.1420946E+01  0.2881550E-03  0.4137095E-02 -0.1490193E-04  0.8212050E-02 -0.4213963E-05
  0.1052983333333E+03  0.1420974E+01  0.2872985E-03  0.4135610E-02 -0.1484920E-04  0.8211630E-02 -0.4202492E-05
  0.1053983333333E+03  0.1421003E+01  0.2864468E-03  0.4134130E-02 -0.1479670E-04  0.8211211E-02 -0.4191009E-05
  0.1054983333333E+03  0.1421032E+01  0.2856000E-03  0.4132656E-02 -0.1474441E-04  0.8210793E-02 -0.4179514E-05
  0.1055983333333E+03  0.1421060E+01  0.2847580E-03  0.4131187E-02 -0.1469235E-04  0.8210376E-02 -0.4168008E-05
  0.1056983333333E+03  0.1421088E+01  0.2839209E-03  0.4129723E-02 -0.1464052E-04  0.8209960E-02 -0.4156494E-05
  0.1057983333333E+03  0.1421117E+01  0.2830885E-03  0.4128264E-02 -0.1458890E-04  0.8209546E-02 -0.4144973E-05
  0.1058983333333E+03  0.1421145E+01  0.2822608E-03  0.4126810E-02 -0.1453751E-04  0.8209132E-02 -0.4133446E-05
  0.1059983333333E+03  0.1421173E+01  0.2814378E-03  0.4125361E-02 -0.1448634E-04  0.8208720E-02 -0.4121914E-05
  0.1060983333333E+03  0.1421201E+01  0.2806194E-03  0.4123918E-02 -0.1443539E-04  0.8208309E-02 -0.4110380E-05
  0.1061983333333E+03  0.1421229E+01  0.2798056E-03  0.4122479E-02 -0.1438467E-04  0.8207899E-02 -0.4098844E-05
  0.1062983333333E+03  0.1421257E+01  0.2789965E-03  0.4121046E-02 -0.1433416E-04  0.8207491E-02 -0.4087307E-05
  0.1063983333333E+03  0.1421285E+01  0.2781918E-03  0.4119617E-02 -0.1428388E-04  0.8207083E-02 -0.4075771E-05
  0.1064983333333E+03  0.1421313E+01  0.2773917E-03  0.4118194E-02 -0.1423383E-04  0.8206677E-02 -0.4064237E-05
  0.1065983333333E+03  0.1421340E+01  0.2765960E-03  0.4116776E-02 -0.1418399E-04  0.8206271E-02 -0.4052706E-05
  0.1066983333333E+03  0.1421368E+01  0.2758047E-03  0.4115362E-02 -0.1413438E-04  0.8205867E-02 -0.4041180E-05
  0.1067983333333E+03  0.1421395E+01  0.2750178E-03  0.4113954E-02 -0.1408499E-04  0.8205464E-02 -0.4029660E-05
  0.1068983333333E+03  0.1421423E+01  0.2742353E-03  0.4112550E-02 -0.1403583E-04  0.8205062E-02 -0.4018146E-05
  0.1069983333333E+03  0.1421450E+01  0.2734571E-03  0.4111151E-02 -0.1398688E-04  0.8204662E-02 -0.4006640E-05
  0.1070983333333E+03  0.1421477E+01  0.2726832E-03  0.4109758E-02 -0.1393816E-04  0.8204262E-02 -0.3995144E-05
  0.1072316666667E+03  0.1421505E+01  0.2039352E-03  0.4108369E-02 -0.1041725E-04  0.8203864E-02 -0.2987743E-05
  0.1073650000000E+03  0.1421541E+01  0.2710417E-03  0.4106524E-02 -0.1383187E-04  0.8203335E-02 -0.3969333E-05
  0.1074983333333E+03  0.1421577E+01  0.2700487E-03  0.4104689E-02 -0.1376642E-04  0.8202808E-02 -0.3953112E-05
  0.1076316666667E+03  0.1421613E+01  0.2690417E-03  0.4102862E-02 -0.1370279E-04  0.8202283E-02 -0.3937856E-05
  0.1077650000000E+03  0.1421648E+01  0.2680421E-03  0.4101043E-02 -0.1363956E-04  0.8201759E-02 -0.3922625E-05
  0.1078983333333E+03  0.1421684E+01  0.2670496E-03  0.4099233E-02 -0.1357673E-04  0.8201238E-02 -0.3907423E-05
  0.1080316666667E+03  0.1421719E+01  0.2660643E-03  0.4097431E-02 -0.1351428E-04  0.8200720E-02 -0.3892252E-05
  0.1081650000000E+03  0.1421755E+01  0.2650861E-03  0.4095638E-02 -0.1345223E-04  0.8200203E-02 -0.3877114E-05
  0.1082983333333E+03  0.1421790E+01  0.2641149E-03  0.4093852E-02 -0.1339057E-04  0.8199688E-02 -0.3862011E-05
  0.1084316666667E+03  0.1421825E+01  0.2631507E-03  0.4092075E-02 -0.1332931E-04  0.8199175E-02 -0.3846945E-05
  0.1085650000000E+03  0.1421860E+01  0.2621933E-03  0.4090306E-02 -0.1326843E-04  0.8198664E-02 -0.3831917E-05
  0.1086983333333E+03  0.1421895E+01  0.2612427E-03  0.4088545E-02 -0.1320795E-04  0.8198155E-02 -0.3816930E-05
  0.1088316666667E+03  0.1421930E+01  0.2602988E-03  0.4086792E-02 -0.1314785E-04  0.8197648E-02 -0.3801986E-05
  0.1089650000000E+03  0.1421964E+01  0.2593616E-03  0.4085047E-02 -0.1308814E-04  0.8197143E-02 -0.3787086E-05
  0.1090983333333E+03  0.1421999E+01  0.2584310E-03  0.4083309E-02 -0.1302883E-04  0.8196640E-02 -0.3772231E-05
  0.1092316666667E+03  0.1422033E+01  0.2575069E-03  0.4081580E-02 -0.1296989E-04  0.8196139E-02 -0.3757424E-05
  0.1093650000000E+03  0.1422067E+01  0.2565892E-03  0.4079859E-02 -0.1291134E-04  0.8195640E-02 -0.3742666E-05
  0.1094983333333E+03  0.1422101E+01  0.2556780E-03  0.4078145E-02 -0.1285318E-04  0.8195143E-02 -0.3727958E-05
  0.1096316666667E+03  0.1422135E+01  0.2547731E-03  0.4076439E-02 -0.1279540E-04  0.8194648E-02 -0.3713302E-05
  0.1097650000000E+03  0.1422169E+01  0.2538745E-03  0.4074740E-02 -0.1273801E-04  0.8194155E-02 -0.3698699E-05
  0.1098983333333E+03  0.1422203E+01  0.2529821E-03  0.4073050E-02 -0.1268099E-04  0.8193663E-02 -0.3684151E-05
  0.1100316666667E+03  0.1422236E+01  0.2520958E-03  0.4071366E-02 -0.1262436E-04  0.8193174E-02 -0.3669659E-05
  0.1101650000000E+03  0.1422270E+01  0.2512156E-03  0.4069691E-02 -0.1256810E-04  0.8192687E-02 -0.3655223E-05
  0.1102983333333E+03  0.1422303E+01  0.2503415E-03  0.4068022E-02 -0.1251222E-04  0.8192201E-02 -0.3640846E-05
  0.1104316666667E+03  0.1422337E+01  0.2494733E-03  0.4066361E-02 -0.1245672E-04  0.8191718E-02 -0.3626528E-05
  0.1105650000000E+03  0.1422370E+01  0.2486110E-03  0.4064708E-02 -0.1240159E-04  0.8191236E-02 -0.3612271E-05
  0.1106983333333E+03  0.1422403E+01  0.2477546E-03  0.4063062E-02 -0.1234683E-04  0.8190756E-02 -0.3598074E-05
  0.1108316666667E+03  0.1422436E+01  0.2469040E-03  0.4061423E-02 -0.1229245E-04  0.8190279E-02 -0.3583941E-05
  0.1109650000000E+03  0.1422469E+01  0.2460591E-03  0.4059791E-02 -0.1223844E-04  0.8189803E-02 -0.3569870E-05
  0.1110983333333E+03  0.1422501E+01  0.2452200E-03  0.4058166E-02 -0.1218480E-04  0.8189329E-02 -0.3555864E-05
  0.1112316666667E+03  0.1422534E+01  0.2443864E-03  0.4056549E-02 -0.1213152E-04  0.8188856E-02 -0.3541922E-05
  0.1113650000000E+03  0.1422566E+01  0.2435584E-03  0.4054938E-02 -0.1207862E-04  0.8188386E-02 -0.3528047E-05
  0.1114983333333E+03  0.1422599E+01  0.2427360E-03  0.4053335E-02 -0.1202607E-04  0.8187917E-02 -0.3514238E-05
  0.1116316666667E+03  0.1422631E+01  0.2419190E-03  0.4051738E-02 -0.1197389E-04  0.8187451E-02 -0.3500496E-05
  0.1117650000000E+03  0.1422663E+01  0.2411075E-03  0.4050149E-02 -0.1192207E-04  0.8186986E-02 -0.3486823E-05
  0.1118983333333E+03  0.1422695E+01  0.2403013E-03  0.4048566E-02 -0.1187061E-04  0.8186523E-02 -0.3473218E-05
  0.1120316666667E+03  0.1422727E+01  0.2395004E-03  0.4046990E-02 -0.1181951E-04  0.8186061E-02 -0.3459682E-05
  0.1121650000000E+03  0.1422759E+01  0.2387048E-03  0.4045421E-02 -0.1176876E-04  0.8185602E-02 -0.3446216E-05
  0.1122983333333E+03  0.1422791E+01  0.2379145E-03  0.4043858E-02 -0.1171837E-04  0.8185144E-02 -0.3432820E-05
  0.1124316666667E+03  0.1422822E+01  0.2371293E-03  0.4042302E-02 -0.1166833E-04  0.8184688E-02 -0.3419495E-05
  0.1125650000000E+03  0.1422854E+01  0.2363492E-03  0.4040753E-02 -0.1161865E-04  0.8184234E-02 -0.3406242E-05
  0.1126983333333E+03  0.1422885E+01  0.2355742E-03  0.4039211E-02 -0.1156931E-04  0.8183782E-02 -0.3393060E-05
  0.1128316666667E+03  0.1422916E+01  0.2348042E-03  0.4037675E-02 -0.1152032E-04  0.8183331E-02 -0.3379951E-05
  0.1129650000000E+03  0.1422948E+01  0.2340392E-03  0.4036145E-02 -0.1147167E-04  0.8182882E-02 -0.3366914E-05
  0.1130983333333E+03  0.1422979E+01  0.2332791E-03  0.4034622E-02 -0.1142337E-04  0.8182435E-02 -0.3353950E-05
  0.1132316666667E+03  0.1423010E+01  0.2325239E-03  0.4033105E-02 -0.1137541E-04  0.8181989E-02 -0.3341059E-05
  0.1133650000000E+03  0.1423041E+01  0.2317736E-03  0.4031595E-02 -0.1132779E-04  0.8181546E-02 -0.3328242E-05
  0.1134983333333E+03  0.1423071E+01  0.2310280E-03  0.4030091E-02 -0.1128051E-04  0.8181103E-02 -0.3315498E-05
  0.1136316666667E+03  0.1423102E+01  0.2302872E-03  0.4028593E-02 -0.1123356E-04  0.8180663E-02 -0.3302828E-05
  0.1137650000000E+03  0.1423133E+01  0.2295511E-03  0.4027101E-02 -0.1118695E-04  0.8180224E-02 -0.3290233E-05
  0.1138983333333E+03  0.1423163E+01  0.2288197E-03  0.4025616E-02 -0.1114067E-04  0.8179787E-02 -0.3277711E-05
  0.1140316666667E+03  0.1423194E+01  0.2280929E-03  0.4024137E-02 -0.1109472E-04  0.8179352E-02 -0.3265265E-05
  0.1141650000000E+03  0.1423224E+01  0.2273707E-03  0.4022664E-02 -0.1104910E-04  0.8178918E-02 -0.3252893E-05
  0.1142983333333E+03  0.1423254E+01  0.2266530E-03  0.4021196E-02 -0.1100380E-04  0.8178486E-02 -0.3240595E-05
  0.1144316666667E+03  0.1423284E+01  0.2259399E-03  0.4019735E-02 -0.1095883E-04  0.8178056E-02 -0.3228373E-05
  0.1145650000000E+03  0.1423314E+01  0.2252312E-03  0.4018280E-02 -0.1091418E-04  0.8177627E-02 -0.3216225E-05
  0.1146983333333E+03  0.1423344E+01  0.2245269E-03  0.4016831E-02 -0.1086985E-04  0.8177200E-02 -0.3204152E-05
  0.1148316666667E+03  0.1423374E+01  0.2238270E-03  0.4015387E-02 -0.1082583E-04  0.8176774E-02 -0.3192155E-05
  0.1149650000000E+03  0.1423404E+01  0.2231314E-03  0.4013950E-02 -0.1078214E-04  0.8176350E-02 -0.3180232E-05
  0.1150983333333E+03  0.1423434E+01  0.2224401E-03  0.4012518E-02 -0.1073876E-04  0.8175928E-02 -0.3168384E-05
  0.1152316666667E+03  0.1423463E+01  0.2217531E-03  0.4011092E-02 -0.1069568E-04  0.8175507E-02 -0.3156611E-05
  0.1153650000000E+03  0.1423493E+01  0.2210703E-03  0.4009671E-02 -0.1065292E-04  0.8175087E-02 -0.3144912E-05
  0.1154983333333E+03  0.1423522E+01  0.2203917E-03  0.4008257E-02 -0.1061047E-04  0.8174670E-02 -0.3133289E-05
  0.1156316666667E+03  0.1423551E+01  0.2197173E-03  0.4006847E-02 -0.1056832E-04  0.8174253E-02 -0.3121740E-05
  0.1157983333333E+03  0.1423580E+01  0.1752376E-03  0.4005444E-02 -0.8421181E-05  0.8173839E-02 -0.2488213E-05
  0.1159650000000E+03  0.1423617E+01  0.2183068E-03  0.4003697E-02 -0.1047874E-04  0.8173322E-02 -0.3097290E-05
  0.1161316666667E+03  0.1423653E+01  0.2174892E-03  0.4001960E-02 -0.1042627E-04  0.8172809E-02 -0.3082987E-05
  0.1162983333333E+03  0.1423689E+01  0.2166682E-03  0.4000230E-02 -0.1037524E-04  0.8172297E-02 -0.3068949E-05
  0.1164650000000E+03  0.1423725E+01  0.2158534E-03  0.3998510E-02 -0.1032466E-04  0.8171788E-02 -0.3055027E-05
  0.1166316666667E+03  0.1423761E+01  0.2150448E-03  0.3996797E-02 -0.1027453E-04  0.8171281E-02 -0.3041219E-05
  0.1167983333333E+03  0.1423797E+01  0.2142421E-03  0.3995093E-02 -0.1022486E-04  0.8170777E-02 -0.3027526E-05
  0.1169650000000E+03  0.1423832E+01  0.2134455E-03  0.3993397E-02 -0.1017563E-04  0.8170274E-02 -0.3013947E-05
  0.1171316666667E+03  0.1423868E+01  0.2126548E-03  0.3991709E-02 -0.1012685E-04  0.8169774E-02 -0.3000482E-05
  0.1172983333333E+03  0.1423903E+01  0.2118699E-03  0.3990030E-02 -0.1007850E-04  0.8169276E-02 -0.2987130E-05
  0.1174650000000E+03  0.1423938E+01  0.2110909E-03  0.3988358E-02 -0.1003059E-04  0.8168781E-02 -0.2973890E-05
  0.1176316666667E+03  0.1423973E+01  0.2103175E-03  0.3986694E-02 -0.9983107E-05  0.8168287E-02 -0.2960763E-05
  0.1177983333333E+03  0.1424008E+01  0.2095498E-03  0.3985038E-02 -0.9936051E-05  0.8167796E-02 -0.2947747E-05
  0.1179650000000E+03  0.1424043E+01  0.2087877E-03  0.3983390E-02 -0.9889416E-05  0.8167307E-02 -0.2934843E-05
  0.1181316666667E+03  0.1424078E+01  0.2080312E-03  0.3981749E-02 -0.9843199E-05  0.8166820E-02 -0.2922048E-05
  0.1182983333333E+03  0.1424112E+01  0.2072802E-03  0.3980116E-02 -0.9797395E-05  0.8166335E-02 -0.2909364E-05
  0.1184650000000E+03  0.1424147E+01  0.2065346E-03  0.3978491E-02 -0.9752001E-05  0.8165852E-02 -0.2896788E-05
  0.1186316666667E+03  0.1424181E+01  0.2057943E-03  0.3976873E-02 -0.9707012E-05  0.8165371E-02 -0.2884321E-05
  0.1187983333333E+03  0.1424215E+01  0.2050594E-03  0.3975263E-02 -0.9662424E-05  0.8164893E-02 -0.2871961E-05
  0.1189650000000E+03  0.1424249E+01  0.2043297E-03  0.3973660E-02 -0.9618233E-05  0.8164416E-02 -0.2859708E-05
  0.1191316666667E+03  0.1424283E+01  0.2036052E-03  0.3972064E-02 -0.9574436E-05  0.8163941E-02 -0.2847562E-05
  0.1192983333333E+03  0.1424317E+01  0.2028859E-03  0.3970476E-02 -0.9531027E-05  0.8163469E-02 -0.2835520E-05
  0.1194650000000E+03  0.1424351E+01  0.2021717E-03  0.3968894E-02 -0.9488003E-05  0.8162998E-02 -0.2823584E-05
  0.1196316666667E+03  0.1424384E+01  0.2014625E-03  0.3967320E-02 -0.9445361E-05  0.8162530E-02 -0.2811752E-05
  0.1197983333333E+03  0.1424418E+01  0.2007583E-03  0.3965753E-02 -0.9403095E-05  0.8162063E-02 -0.2800022E-05
  0.1199650000000E+03  0.1424451E+01  0.2000591E-03  0.3964193E-02 -0.9361203E-05  0.8161598E-02 -0.2788395E-05
  0.1201316666667E+03  0.1424484E+01  0.1993647E-03  0.3962639E-02 -0.9319679E-05  0.8161135E-02 -0.2776870E-05
  0.1202983333333E+03  0.1424517E+01  0.1986752E-03  0.3961093E-02 -0.9278521E-05  0.8160674E-02 -0.2765445E-05
  0.1204650000000E+03  0.1424550E+01  0.1979905E-03  0.3959553E-02 -0.9237724E-05  0.8160215E-02 -0.2754120E-05
  0.1206316666667E+03  0.1424583E+01  0.1973105E-03  0.3958020E-02 -0.9197285E-05  0.8159758E-02 -0.2742894E-05
  0.1207983333333E+03  0.1424616E+01  0.1966352E-03  0.3956494E-02 -0.9157198E-05  0.8159303E-02 -0.2731766E-05
  0.1209650000000E+03  0.1424649E+01  0.1959645E-03  0.3954975E-02 -0.9117462E-05  0.8158850E-02 -0.2720736E-05
  0.1211316666667E+03  0.1424681E+01  0.1952985E-03  0.3953462E-02 -0.9078072E-05  0.8158398E-02 -0.2709802E-05
  0.1212983333333E+03  0.1424714E+01  0.1946369E-03  0.3951955E-02 -0.9039023E-05  0.8157948E-02 -0.2698964E-05
  0.1214650000000E+03  0.1424746E+01  0.1939799E-03  0.3950455E-02 -0.9000313E-05  0.8157500E-02 -0.2688221E-05
  0.1216316666667E+03  0.1424778E+01  0.1933274E-03  0.3948961E-02 -0.8961938E-05  0.8157054E-02 -0.2677571E-05
  0.1217983333333E+03  0.1424810E+01  0.1926793E-03  0.3947474E-02 -0.8923893E-05  0.8156609E-02 -0.2667015E-05
  0.1219650000000E+03  0.1424842E+01  0.1920355E-03  0.3945993E-02 -0.8886175E-05  0.8156167E-02 -0.2656551E-05
  0.1221316666667E+03  0.1424874E+01  0.1913961E-03  0.3944518E-02 -0.8848781E-05  0.8155726E-02 -0.2646178E-05
  0.1222983333333E+03  0.1424906E+01  0.1907609E-03  0.3943050E-02 -0.8811707E-05  0.8155286E-02 -0.2635895E-05
  0.1224650000000E+03  0.1424938E+01  0.1901300E-03  0.3941587E-02 -0.8774949E-05  0.8154849E-02 -0.2625702E-05
  0.1226316666667E+03  0.1424969E+01  0.1895033E-03  0.3940131E-02 -0.8738504E-05  0.8154413E-02 -0.2615597E-05
  0.1227983333333E+03  0.1425001E+01  0.1888807E-03  0.3938680E-02 -0.8702367E-05  0.8153978E-02 -0.2605581E-05
  0.1229650000000E+03  0.1425032E+01  0.1882623E-03  0.3937236E-02 -0.8666537E-05  0.8153546E-02 -0.2595651E-05
  0.1231316666667E+03  0.1425063E+01  0.1876479E-03  0.3935797E-02 -0.8631008E-05  0.8153115E-02 -0.2585807E-05
  0.1232983333333E+03  0.1425095E+01  0.1870376E-03  0.3934365E-02 -0.8595778E-05  0.8152685E-02 -0.2576048E-05
  0.1234650000000E+03  0.1425126E+01  0.1864313E-03  0.3932938E-02 -0.8560843E-05  0.8152258E-02 -0.2566373E-05
  0.1236316666667E+03  0.1425157E+01  0.1858289E-03  0.3931517E-02 -0.8526200E-05  0.8151832E-02 -0.2556782E-05
  0.1237983333333E+03  0.1425188E+01  0.1852305E-03  0.3930102E-02 -0.8491845E-05  0.8151407E-02 -0.2547272E-05
  0.1239650000000E+03  0.1425218E+01  0.1846359E-03  0.3928692E-02 -0.8457775E-05  0.8150984E-02 -0.2537845E-05
  0.1241650000000E+03  0.1425249E+01  0.1533710E-03  0.3927288E-02 -0.7019989E-05  0.8150563E-02 -0.2107082E-05
  0.1243650000000E+03  0.1425286E+01  0.1834034E-03  0.3925611E-02 -0.8386004E-05  0.8150059E-02 -0.2518219E-05
  0.1245650000000E+03  0.1425322E+01  0.1827080E-03  0.3923942E-02 -0.8345076E-05  0.8149558E-02 -0.2507114E-05
  0.1247650000000E+03  0.1425359E+01  0.1820141E-03  0.3922281E-02 -0.8305632E-05  0.8149058E-02 -0.2496202E-05
  0.1249650000000E+03  0.1425395E+01  0.1813255E-03  0.3920627E-02 -0.8266573E-05  0.8148561E-02 -0.2485400E-05
  0.1251650000000E+03  0.1425431E+01  0.1806422E-03  0.3918982E-02 -0.8227893E-05  0.8148066E-02 -0.2474708E-05
  0.1253650000000E+03  0.1425467E+01  0.1799640E-03  0.3917344E-02 -0.8189587E-05  0.8147574E-02 -0.2464123E-05
  0.1255650000000E+03  0.1425503E+01  0.1792910E-03  0.3915713E-02 -0.8151650E-05  0.8147083E-02 -0.2453645E-05
  0.1257650000000E+03  0.1425539E+01  0.1786231E-03  0.3914091E-02 -0.8114076E-05  0.8146594E-02 -0.2443271E-05
  0.1259650000000E+03  0.1425574E+01  0.1779601E-03  0.3912475E-02 -0.8076861E-05  0.8146108E-02 -0.2433001E-05
  0.1261650000000E+03  0.1425610E+01  0.1773022E-03  0.3910867E-02 -0.8039998E-05  0.8145623E-02 -0.2422833E-05
  0.1263650000000E+03  0.1425645E+01  0.1766491E-03  0.3909267E-02 -0.8003484E-05  0.8145140E-02 -0.2412765E-05
  0.1265650000000E+03  0.1425680E+01  0.1760009E-03  0.3907673E-02 -0.7967313E-05  0.8144660E-02 -0.2402796E-05
  0.1267650000000E+03  0.1425715E+01  0.1753575E-03  0.3906087E-02 -0.7931480E-05  0.8144181E-02 -0.2392924E-05
  0.1269650000000E+03  0.1425750E+01  0.1747188E-03  0.3904508E-02 -0.7895980E-05  0.8143705E-02 -0.2383149E-05
  0.1271650000000E+03  0.1425785E+01  0.1740848E-03  0.3902935E-02 -0.7860808E-05  0.8143230E-02 -0.2373469E-05
  0.1273650000000E+03  0.1425820E+01  0.1734555E-03  0.3901370E-02 -0.7825960E-05  0.8142757E-02 -0.2363882E-05
  0.1275650000000E+03  0.1425854E+01  0.1728307E-03  0.3899812E-02 -0.7791432E-05  0.8142286E-02 -0.2354387E-05
  0.1277650000000E+03  0.1425889E+01  0.1722105E-03  0.3898261E-02 -0.7757217E-05  0.8141817E-02 -0.2344983E-05
  0.1279650000000E+03  0.1425923E+01  0.1715948E-03  0.3896716E-02 -0.7723313E-05  0.8141350E-02 -0.2335668E-05
  0.1281650000000E+03  0.1425957E+01  0.1709835E-03  0.3895178E-02 -0.7689713E-05  0.8140885E-02 -0.2326441E-05
  0.1283650000000E+03  0.1425991E+01  0.1703766E-03  0.3893647E-02 -0.7656415E-05  0.8140421E-02 -0.2317302E-05
  0.1285650000000E+03  0.1426025E+01  0.1697740E-03  0.3892122E-02 -0.7623413E-05  0.8139960E-02 -0.2308247E-05
  0.1287650000000E+03  0.1426059E+01  0.1691758E-03  0.3890604E-02 -0.7590704E-05  0.8139500E-02 -0.2299277E-05
  0.1289650000000E+03  0.1426093E+01  0.1685818E-03  0.3889092E-02 -0.7558282E-05  0.8139042E-02 -0.2290390E-05
  0.1291650000000E+03  0.1426126E+01  0.1679920E-03  0.3887587E-02 -0.7526144E-05  0.8138586E-02 -0.2281584E-05
  0.1293650000000E+03  0.1426160E+01  0.1674064E-03  0.3886088E-02 -0.7494286E-05  0.8138131E-02 -0.2272859E-05
  0.1295650000000E+03  0.1426193E+01  0.1668248E-03  0.3884596E-02 -0.7462704E-05  0.8137678E-02 -0.2264213E-05
  0.1297650000000E+03  0.1426226E+01  0.1662474E-03  0.3883109E-02 -0.7431393E-05  0.8137227E-02 -0.2255645E-05
  0.1299650000000E+03  0.1426260E+01  0.1656740E-03  0.3881629E-02 -0.7400349E-05  0.8136778E-02 -0.2247154E-05
  0.1301650000000E+03  0.1426293E+01  0.1651046E-03  0.3880155E-02 -0.7369570E-05  0.8136330E-02 -0.2238739E-05
  0.1303650000000E+03  0.1426326E+01  0.1645391E-03  0.3878688E-02 -0.7339050E-05  0.8135884E-02 -0.2230398E-05
  0.1305650000000E+03  0.1426358E+01  0.1639776E-03  0.3877226E-02 -0.7308786E-05  0.8135439E-02 -0.2222130E-05
  0.1307650000000E+03  0.1426391E+01  0.1634199E-03  0.3875770E-02 -0.7278775E-05  0.8134996E-02 -0.2213935E-05
  0.1309650000000E+03  0.1426424E+01  0.1628660E-03  0.3874320E-02 -0.7249012E-05  0.8134555E-02 -0.2205811E-05
  0.1311650000000E+03  0.1426456E+01  0.1623159E-03  0.3872876E-02 -0.7219494E-05  0.8134116E-02 -0.2197757E-05
  0.1313650000000E+03  0.1426488E+01  0.1617696E-03  0.3871438E-02 -0.7190218E-05  0.8133678E-02 -0.2189771E-05
  0.1315650000000E+03  0.1426521E+01  0.1612270E-03  0.3870006E-02 -0.7161180E-05  0.8133241E-02 -0.2181853E-05
  0.1317650000000E+03  0.1426553E+01  0.1606880E-03  0.3868580E-02 -0.7132377E-05  0.8132807E-02 -0.2174003E-05
  0.1319650000000E+03  0.1426585E+01  0.1601527E-03  0.3867159E-02 -0.7103805E-05  0.8132373E-02 -0.2166217E-05
  0.1321650000000E+03  0.1426617E+01  0.1596209E-03  0.3865744E-02 -0.7075460E-05  0.8131942E-02 -0.2158497E-05
  0.1323983333333E+03  0.1426649E+01  0.1363652E-03  0.3864334E-02 -0.6040577E-05  0.8131512E-02 -0.1843577E-05
  0.1326316666667E+03  0.1426686E+01  0.1585254E-03  0.3862697E-02 -0.7015995E-05  0.8131012E-02 -0.2142524E-05
  0.1328650000000E+03  0.1426722E+01  0.1579188E-03  0.3861068E-02 -0.6982640E-05  0.8130514E-02 -0.2133651E-05
  0.1330983333333E+03  0.1426759E+01  0.1573159E-03  0.3859446E-02 -0.6950678E-05  0.8130018E-02 -0.2124946E-05
  0.1333316666667E+03  0.1426796E+01  0.1567176E-03  0.3857832E-02 -0.6919002E-05  0.8129524E-02 -0.2116322E-05
  0.1335650000000E+03  0.1426832E+01  0.1561240E-03  0.3856224E-02 -0.6887608E-05  0.8129032E-02 -0.2107778E-05
  0.1337983333333E+03  0.1426868E+01  0.1555348E-03  0.3854625E-02 -0.6856492E-05  0.8128542E-02 -0.2099311E-05
  0.1340316666667E+03  0.1426905E+01  0.1549501E-03  0.3853032E-02 -0.6825648E-05  0.8128055E-02 -0.2090921E-05
  0.1342650000000E+03  0.1426941E+01  0.1543699E-03  0.3851446E-02 -0.6795072E-05  0.8127569E-02 -0.2082607E-05
  0.1344983333333E+03  0.1426976E+01  0.1537940E-03  0.3849868E-02 -0.6764760E-05  0.8127085E-02 -0.2074366E-05
  0.1347316666667E+03  0.1427012E+01  0.1532224E-03  0.3848297E-02 -0.6734708E-05  0.8126603E-02 -0.2066197E-05
  0.1349650000000E+03  0.1427048E+01  0.1526552E-03  0.3846732E-02 -0.6704910E-05  0.8126122E-02 -0.2058100E-05
  0.1351983333333E+03  0.1427083E+01  0.1520921E-03  0.3845175E-02 -0.6675364E-05  0.8125644E-02 -0.2050072E-05
  0.1354316666667E+03  0.1427119E+01  0.1515333E-03  0.3843624E-02 -0.6646064E-05  0.8125167E-02 -0.2042114E-05
  0.1356650000000E+03  0.1427154E+01  0.1509785E-03  0.3842080E-02 -0.6617008E-05  0.8124693E-02 -0.2034222E-05
  0.1358983333333E+03  0.1427189E+01  0.1504279E-03  0.3840543E-02 -0.6588190E-05  0.8124220E-02 -0.2026396E-05
  0.1361316666667E+03  0.1427224E+01  0.1498813E-03  0.3839012E-02 -0.6559607E-05  0.8123749E-02 -0.2018635E-05
  0.1363650000000E+03  0.1427259E+01  0.1493387E-03  0.3837488E-02 -0.6531256E-05  0.8123280E-02 -0.2010938E-05
  0.1365983333333E+03  0.1427294E+01  0.1488000E-03  0.3835971E-02 -0.6503132E-05  0.8122812E-02 -0.2003304E-05
  0.1368316666667E+03  0.1427328E+01  0.1482653E-03  0.3834460E-02 -0.6475232E-05  0.8122347E-02 -0.1995731E-05
  0.1370650000000E+03  0.1427363E+01  0.1477344E-03  0.3832955E-02 -0.6447553E-05  0.8121883E-02 -0.1988218E-05
  0.1372983333333E+03  0.1427397E+01  0.1472074E-03  0.3831457E-02 -0.6420090E-05  0.8121421E-02 -0.1980764E-05
  0.1375316666667E+03  0.1427431E+01  0.1466841E-03  0.3829966E-02 -0.6392841E-05  0.8120960E-02 -0.1973369E-05
  0.1377650000000E+03  0.1427465E+01  0.1461645E-03  0.3828480E-02 -0.6365802E-05  0.8120501E-02 -0.1966030E-05
  0.1379983333333E+03  0.1427499E+01  0.1456487E-03  0.3827001E-02 -0.6338970E-05  0.8120044E-02 -0.1958748E-05
  0.1382316666667E+03  0.1427533E+01  0.1451365E-03  0.3825528E-02 -0.6312341E-05  0.8119589E-02 -0.1951520E-05
  0.1384650000000E+03  0.1427567E+01  0.1446280E-03  0.3824062E-02 -0.6285913E-05  0.8119135E-02 -0.1944347E-05
  0.1386983333333E+03  0.1427601E+01  0.1441230E-03  0.3822601E-02 -0.6259683E-05  0.8118683E-02 -0.1937226E-05
  0.1389316666667E+03  0.1427634E+01  0.1436216E-03  0.3821146E-02 -0.6233646E-05  0.8118233E-02 -0.1930158E-05
  0.1391650000000E+03  0.1427667E+01  0.1431237E-03  0.3819698E-02 -0.6207801E-05  0.8117784E-02 -0.1923141E-05
  0.1393983333333E+03  0.1427701E+01  0.1426292E-03  0.3818256E-02 -0.6182145E-05  0.8117337E-02 -0.1916175E-05
  0.1396316666667E+03  0.1427734E+01  0.1421382E-03  0.3816819E-02 -0.6156675E-05  0.8116892E-02 -0.1909258E-05
  0.1398650000000E+03  0.1427767E+01  0.1416505E-03  0.3815388E-02 -0.6131387E-05  0.8116448E-02 -0.1902389E-05
  0.1400983333333E+03  0.1427800E+01  0.1411663E-03  0.3813963E-02 -0.6106279E-05  0.8116005E-02 -0.1895569E-05
  0.1403650000000E+03  0.1427833E+01  0.1230996E-03  0.3812545E-02 -0.5321180E-05  0.8115565E-02 -0.1652696E-05
  0.1406316666667E+03  0.1427870E+01  0.1401731E-03  0.3810930E-02 -0.6053841E-05  0.8115063E-02 -0.1881521E-05
  0.1408983333333E+03  0.1427907E+01  0.1396309E-03  0.3809324E-02 -0.6024812E-05  0.8114563E-02 -0.1873821E-05
  0.1411650000000E+03  0.1427944E+01  0.1390932E-03  0.3807724E-02 -0.5996972E-05  0.8114066E-02 -0.1866243E-05
  0.1414316666667E+03  0.1427981E+01  0.1385598E-03  0.3806133E-02 -0.5969351E-05  0.8113570E-02 -0.1858721E-05
  0.1416983333333E+03  0.1428018E+01  0.1380304E-03  0.3804548E-02 -0.5941943E-05  0.8113076E-02 -0.1851255E-05
  0.1419650000000E+03  0.1428055E+01  0.1375051E-03  0.3802971E-02 -0.5914745E-05  0.8112585E-02 -0.1843844E-05
  0.1422316666667E+03  0.1428091E+01  0.1369838E-03  0.3801401E-02 -0.5887754E-05  0.8112095E-02 -0.1836487E-05
  0.1424983333333E+03  0.1428128E+01  0.1364664E-03  0.3799838E-02 -0.5860968E-05  0.8111607E-02 -0.1829183E-05
  0.1427650000000E+03  0.1428164E+01  0.1359530E-03  0.3798282E-02 -0.5834381E-05  0.8111121E-02 -0.1821930E-05
  0.1430316666667E+03  0.1428200E+01  0.1354434E-03  0.3796733E-02 -0.5807993E-05  0.8110637E-02 -0.1814729E-05
  0.1432983333333E+03  0.1428236E+01  0.1349377E-03  0.3795191E-02 -0.5781798E-05  0.8110155E-02 -0.1807577E-05
  0.1435650000000E+03  0.1428272E+01  0.1344357E-03  0.3793656E-02 -0.5755795E-05  0.8109675E-02 -0.1800475E-05
  0.1438316666667E+03  0.1428308E+01  0.1339375E-03  0.3792128E-02 -0.5729980E-05  0.8109197E-02 -0.1793420E-05
  0.1440983333333E+03  0.1428343E+01  0.1334430E-03  0.3790607E-02 -0.5704351E-05  0.8108720E-02 -0.1786413E-05
  0.1443650000000E+03  0.1428379E+01  0.1329521E-03  0.3789093E-02 -0.5678905E-05  0.8108246E-02 -0.1779453E-05
  0.1446316666667E+03  0.1428414E+01  0.1324649E-03  0.3787585E-02 -0.5653639E-05  0.8107773E-02 -0.1772538E-05
  0.1448983333333E+03  0.1428449E+01  0.1319812E-03  0.3786084E-02 -0.5628551E-05  0.8107302E-02 -0.1765668E-05
  0.1451650000000E+03  0.1428484E+01  0.1315011E-03  0.3784590E-02 -0.5603637E-05  0.8106833E-02 -0.1758843E-05
  0.1454316666667E+03  0.1428519E+01  0.1310244E-03  0.3783102E-02 -0.5578896E-05  0.8106366E-02 -0.1752061E-05
  0.1456983333333E+03  0.1428554E+01  0.1305512E-03  0.3781621E-02 -0.5554324E-05  0.8105901E-02 -0.1745321E-05
  0.1459650000000E+03  0.1428589E+01  0.1300814E-03  0.3780147E-02 -0.5529920E-05  0.8105437E-02 -0.1738623E-05
  0.1462316666667E+03  0.1428623E+01  0.1296150E-03  0.3778678E-02 -0.5505682E-05  0.8104975E-02 -0.1731967E-05
  0.1464983333333E+03  0.1428658E+01  0.1291520E-03  0.3777217E-02 -0.5481606E-05  0.8104515E-02 -0.1725351E-05
  0.1467650000000E+03  0.1428692E+01  0.1286922E-03  0.3775761E-02 -0.5457691E-05  0.8104057E-02 -0.1718776E-05
  0.1470316666667E+03  0.1428726E+01  0.1282357E-03  0.3774312E-02 -0.5433934E-05  0.8103600E-02 -0.1712239E-05
  0.1472983333333E+03  0.1428760E+01  0.1277825E-03  0.3772869E-02 -0.5410334E-05  0.8103145E-02 -0.1705742E-05
  0.1475650000000E+03  0.1428794E+01  0.1273325E-03  0.3771433E-02 -0.5386888E-05  0.8102692E-02 -0.1699282E-05
  0.1478316666667E+03  0.1428828E+01  0.1268856E-03  0.3770003E-02 -0.5363595E-05  0.8102241E-02 -0.1692860E-05
  0.1480983333333E+03  0.1428862E+01  0.1264418E-03  0.3768578E-02 -0.5340452E-05  0.8101791E-02 -0.1686476E-05
  0.1483983333333E+03  0.1428895E+01  0.1120010E-03  0.3767160E-02 -0.4726628E-05  0.8101343E-02 -0.1493446E-05
  0.1486983333333E+03  0.1428933E+01  0.1255351E-03  0.3765573E-02 -0.5292385E-05  0.8100841E-02 -0.1673394E-05
  0.1489983333333E+03  0.1428971E+01  0.1250453E-03  0.3763993E-02 -0.5266090E-05  0.8100341E-02 -0.1666307E-05
  0.1492983333333E+03  0.1429008E+01  0.1245606E-03  0.3762421E-02 -0.5240759E-05  0.8099843E-02 -0.1659290E-05
  0.1495983333333E+03  0.1429045E+01  0.1240796E-03  0.3760856E-02 -0.5215606E-05  0.8099348E-02 -0.1652316E-05
  0.1498983333333E+03  0.1429082E+01  0.1236023E-03  0.3759299E-02 -0.5190628E-05  0.8098854E-02 -0.1645385E-05
  0.1501983333333E+03  0.1429119E+01  0.1231286E-03  0.3757749E-02 -0.5165823E-05  0.8098363E-02 -0.1638496E-05
  0.1504983333333E+03  0.1429156E+01  0.1226586E-03  0.3756207E-02 -0.5141189E-05  0.8097873E-02 -0.1631649E-05
  0.1507983333333E+03  0.1429193E+01  0.1221921E-03  0.3754672E-02 -0.5116724E-05  0.8097386E-02 -0.1624842E-05
  0.1510983333333E+03  0.1429229E+01  0.1217292E-03  0.3753144E-02 -0.5092425E-05  0.8096900E-02 -0.1618076E-05
  0.1513983333333E+03  0.1429266E+01  0.1212698E-03  0.3751623E-02 -0.5068290E-05  0.8096417E-02 -0.1611350E-05
  0.1516983333333E+03  0.1429302E+01  0.1208138E-03  0.3750110E-02 -0.5044318E-05  0.8095935E-02 -0.1604663E-05
  0.1519983333333E+03  0.1429338E+01  0.1203613E-03  0.3748604E-02 -0.5020506E-05  0.8095456E-02 -0.1598015E-05
  0.1522983333333E+03  0.1429374E+01  0.1199121E-03  0.3747105E-02 -0.4996853E-05  0.8094979E-02 -0.1591405E-05
  0.1525983333333E+03  0.1429410E+01  0.1194663E-03  0.3745613E-02 -0.4973356E-05  0.8094503E-02 -0.1584833E-05
  0.1528983333333E+03  0.1429445E+01  0.1190238E-03  0.3744128E-02 -0.4950014E-05  0.8094030E-02 -0.1578298E-05
  0.1531983333333E+03  0.1429481E+01  0.1185845E-03  0.3742650E-02 -0.4926825E-05  0.8093558E-02 -0.1571801E-05
  0.1534983333333E+03  0.1429516E+01  0.1181485E-03  0.3741179E-02 -0.4903787E-05  0.8093088E-02 -0.1565339E-05
  0.1537983333333E+03  0.1429552E+01  0.1177156E-03  0.3739715E-02 -0.4880898E-05  0.8092621E-02 -0.1558913E-05
  0.1540983333333E+03  0.1429587E+01  0.1172859E-03  0.3738257E-02 -0.4858158E-05  0.8092155E-02 -0.1552523E-05
  0.1543983333333E+03  0.1429622E+01  0.1168594E-03  0.3736806E-02 -0.4835563E-05  0.8091691E-02 -0.1546169E-05
  0.1546983333333E+03  0.1429657E+01  0.1164359E-03  0.3735362E-02 -0.4813113E-05  0.8091229E-02 -0.1539849E-05
  0.1549983333333E+03  0.1429692E+01  0.1160155E-03  0.3733925E-02 -0.4790806E-05  0.8090769E-02 -0.1533563E-05
  0.1552983333333E+03  0.1429726E+01  0.1155981E-03  0.3732495E-02 -0.4768641E-05  0.8090311E-02 -0.1527311E-05
  0.1555983333333E+03  0.1429761E+01  0.1151837E-03  0.3731071E-02 -0.4746616E-05  0.8089855E-02 -0.1521093E-05
  0.1558983333333E+03  0.1429795E+01  0.1147722E-03  0.3729653E-02 -0.4724729E-05  0.8089400E-02 -0.1514908E-05
  0.1562316666667E+03  0.1429830E+01  0.1029273E-03  0.3728242E-02 -0.4232682E-05  0.8088948E-02 -0.1357881E-05
  0.1565650000000E+03  0.1429868E+01  0.1139340E-03  0.3726682E-02 -0.4679547E-05  0.8088447E-02 -0.1502307E-05
  0.1568983333333E+03  0.1429906E+01  0.1134852E-03  0.3725131E-02 -0.4655098E-05  0.8087948E-02 -0.1495554E-05
  0.1572316666667E+03  0.1429943E+01  0.1130414E-03  0.3723587E-02 -0.4631423E-05  0.8087452E-02 -0.1488831E-05
  0.1575650000000E+03  0.1429981E+01  0.1126011E-03  0.3722051E-02 -0.4607911E-05  0.8086958E-02 -0.1482146E-05
  0.1578983333333E+03  0.1430018E+01  0.1121642E-03  0.3720523E-02 -0.4584559E-05  0.8086466E-02 -0.1475501E-05
  0.1582316666667E+03  0.1430055E+01  0.1117307E-03  0.3719002E-02 -0.4561366E-05  0.8085976E-02 -0.1468894E-05
  0.1585650000000E+03  0.1430092E+01  0.1113005E-03  0.3717490E-02 -0.4538330E-05  0.8085489E-02 -0.1462324E-05
  0.1588983333333E+03  0.1430129E+01  0.1108736E-03  0.3715984E-02 -0.4515451E-05  0.8085004E-02 -0.1455793E-05
  0.1592316666667E+03  0.1430166E+01  0.1104500E-03  0.3714487E-02 -0.4492726E-05  0.8084521E-02 -0.1449299E-05
  0.1595650000000E+03  0.1430203E+01  0.1100296E-03  0.3712997E-02 -0.4470153E-05  0.8084040E-02 -0.1442842E-05
  0.1598983333333E+03  0.1430239E+01  0.1096123E-03  0.3711514E-02 -0.4447732E-05  0.8083561E-02 -0.1436422E-05
  0.1602316666667E+03  0.1430276E+01  0.1091982E-03  0.3710039E-02 -0.4425461E-05  0.8083084E-02 -0.1430038E-05
  0.1605650000000E+03  0.1430312E+01  0.1087872E-03  0.3708571E-02 -0.4403338E-05  0.8082610E-02 -0.1423690E-05
  0.1608983333333E+03  0.1430348E+01  0.1083793E-03  0.3707111E-02 -0.4381363E-05  0.8082137E-02 -0.1417378E-05
  0.1612316666667E+03  0.1430384E+01  0.1079745E-03  0.3705658E-02 -0.4359533E-05  0.8081667E-02 -0.1411102E-05
  0.1615650000000E+03  0.1430420E+01  0.1075726E-03  0.3704212E-02 -0.4337848E-05  0.8081199E-02 -0.1404860E-05
  0.1618983333333E+03  0.1430456E+01  0.1071737E-03  0.3702773E-02 -0.4316307E-05  0.8080732E-02 -0.1398654E-05
  0.1622316666667E+03  0.1430491E+01  0.1067778E-03  0.3701341E-02 -0.4294907E-05  0.8080268E-02 -0.1392483E-05
  0.1625650000000E+03  0.1430527E+01  0.1063847E-03  0.3699917E-02 -0.4273648E-05  0.8079806E-02 -0.1386346E-05
  0.1628983333333E+03  0.1430562E+01  0.1059946E-03  0.3698499E-02 -0.4252529E-05  0.8079346E-02 -0.1380244E-05
  0.1632316666667E+03  0.1430597E+01  0.1056073E-03  0.3697089E-02 -0.4231548E-05  0.8078888E-02 -0.1374176E-05
  0.1635983333333E+03  0.1430632E+01  0.9565705E-04  0.3695685E-02 -0.3827914E-05  0.8078432E-02 -0.1243765E-05
  0.1639650000000E+03  0.1430671E+01  0.1048202E-03  0.3694149E-02 -0.4188478E-05  0.8077932E-02 -0.1361874E-05
  0.1643316666667E+03  0.1430709E+01  0.1044019E-03  0.3692622E-02 -0.4165396E-05  0.8077436E-02 -0.1355344E-05
  0.1646983333333E+03  0.1430747E+01  0.1039886E-03  0.3691103E-02 -0.4142952E-05  0.8076941E-02 -0.1348819E-05
  0.1650650000000E+03  0.1430785E+01  0.1035785E-03  0.3689592E-02 -0.4120668E-05  0.8076449E-02 -0.1342335E-05
  0.1654316666667E+03  0.1430823E+01  0.1031717E-03  0.3688089E-02 -0.4098543E-05  0.8075959E-02 -0.1335890E-05
  0.1657983333333E+03  0.1430861E+01  0.1027680E-03  0.3686595E-02 -0.4076575E-05  0.8075471E-02 -0.1329485E-05
  0.1661650000000E+03  0.1430898E+01  0.1023675E-03  0.3685108E-02 -0.4054763E-05  0.8074986E-02 -0.1323119E-05
  0.1665316666667E+03  0.1430936E+01  0.1019701E-03  0.3683629E-02 -0.4033106E-05  0.8074503E-02 -0.1316791E-05
  0.1668983333333E+03  0.1430973E+01  0.1015757E-03  0.3682158E-02 -0.4011603E-05  0.8074023E-02 -0.1310503E-05
  0.1672650000000E+03  0.1431010E+01  0.1011844E-03  0.3680695E-02 -0.3990252E-05  0.8073545E-02 -0.1304252E-05
  0.1676316666667E+03  0.1431047E+01  0.1007961E-03  0.3679240E-02 -0.3969052E-05  0.8073069E-02 -0.1298040E-05
  0.1679983333333E+03  0.1431084E+01  0.1004107E-03  0.3677792E-02 -0.3948002E-05  0.8072595E-02 -0.1291866E-05
  0.1683650000000E+03  0.1431121E+01  0.1000283E-03  0.3676352E-02 -0.3927100E-05  0.8072124E-02 -0.1285729E-05
  0.1687316666667E+03  0.1431157E+01  0.9964873E-04  0.3674920E-02 -0.3906346E-05  0.8071654E-02 -0.1279630E-05
  0.1690983333333E+03  0.1431193E+01  0.9927207E-04  0.3673495E-02 -0.3885738E-05  0.8071188E-02 -0.1273568E-05
  0.1694650000000E+03  0.1431230E+01  0.9889823E-04  0.3672078E-02 -0.3865276E-05  0.8070723E-02 -0.1267543E-05
  0.1698316666667E+03  0.1431266E+01  0.9852720E-04  0.3670668E-02 -0.3844957E-05  0.8070260E-02 -0.1261555E-05
  0.1701983333333E+03  0.1431302E+01  0.9815894E-04  0.3669266E-02 -0.3824781E-05  0.8069800E-02 -0.1255604E-05
  0.1705650000000E+03  0.1431338E+01  0.9779342E-04  0.3667870E-02 -0.3804746E-05  0.8069342E-02 -0.1249689E-05
  0.1709316666667E+03  0.1431373E+01  0.9743061E-04  0.3666483E-02 -0.3784853E-05  0.8068885E-02 -0.1243810E-05
  0.1713316666667E+03  0.1431409E+01  0.8898128E-04  0.3665102E-02 -0.3451340E-05  0.8068432E-02 -0.1134803E-05
  0.1717316666667E+03  0.1431448E+01  0.9669495E-04  0.3663604E-02 -0.3744216E-05  0.8067939E-02 -0.1231945E-05
  0.1721316666667E+03  0.1431486E+01  0.9630627E-04  0.3662115E-02 -0.3722618E-05  0.8067449E-02 -0.1225698E-05
  0.1725316666667E+03  0.1431525E+01  0.9592246E-04  0.3660635E-02 -0.3701552E-05  0.8066961E-02 -0.1219444E-05
  0.1729316666667E+03  0.1431563E+01  0.9554169E-04  0.3659163E-02 -0.3680646E-05  0.8066475E-02 -0.1213233E-05
  0.1733316666667E+03  0.1431601E+01  0.9516394E-04  0.3657699E-02 -0.3659900E-05  0.8065993E-02 -0.1207063E-05
  0.1737316666667E+03  0.1431639E+01  0.9478916E-04  0.3656243E-02 -0.3639312E-05  0.8065512E-02 -0.1200934E-05
  0.1741316666667E+03  0.1431677E+01  0.9441732E-04  0.3654795E-02 -0.3618880E-05  0.8065034E-02 -0.1194847E-05
  0.1745316666667E+03  0.1431714E+01  0.9404839E-04  0.3653356E-02 -0.3598604E-05  0.8064559E-02 -0.1188801E-05
  0.1749316666667E+03  0.1431752E+01  0.9368233E-04  0.3651924E-02 -0.3578482E-05  0.8064086E-02 -0.1182795E-05
  0.1753316666667E+03  0.1431789E+01  0.9331911E-04  0.3650501E-02 -0.3558514E-05  0.8063615E-02 -0.1176830E-05
  0.1757316666667E+03  0.1431826E+01  0.9295870E-04  0.3649086E-02 -0.3538696E-05  0.8063147E-02 -0.1170906E-05
  0.1761316666667E+03  0.1431863E+01  0.9260107E-04  0.3647678E-02 -0.3519030E-05  0.8062681E-02 -0.1165021E-05
  0.1765316666667E+03  0.1431900E+01  0.9224617E-04  0.3646278E-02 -0.3499513E-05  0.8062217E-02 -0.1159176E-05
  0.1769316666667E+03  0.1431937E+01  0.9189399E-04  0.3644886E-02 -0.3480144E-05  0.8061756E-02 -0.1153371E-05
  0.1773316666667E+03  0.1431973E+01  0.9154449E-04  0.3643502E-02 -0.3460922E-05  0.8061297E-02 -0.1147605E-05
  0.1777316666667E+03  0.1432010E+01  0.9119765E-04  0.3642125E-02 -0.3441845E-05  0.8060840E-02 -0.1141879E-05
  0.1781316666667E+03  0.1432046E+01  0.9085342E-04  0.3640756E-02 -0.3422914E-05  0.8060385E-02 -0.1136191E-05
  0.1785650000000E+03  0.1432083E+01  0.8354935E-04  0.3639394E-02 -0.3142270E-05  0.8059933E-02 -0.1043577E-05
  0.1789983333333E+03  0.1432122E+01  0.9015677E-04  0.3637928E-02 -0.3384401E-05  0.8059446E-02 -0.1124752E-05
  0.1794316666667E+03  0.1432160E+01  0.8979059E-04  0.3636470E-02 -0.3364076E-05  0.8058961E-02 -0.1118770E-05
  0.1798650000000E+03  0.1432199E+01  0.8942916E-04  0.3635021E-02 -0.3344213E-05  0.8058479E-02 -0.1112778E-05
  0.1802983333333E+03  0.1432238E+01  0.8907063E-04  0.3633580E-02 -0.3324512E-05  0.8057999E-02 -0.1106831E-05
  0.1807316666667E+03  0.1432276E+01  0.8871497E-04  0.3632148E-02 -0.3304972E-05  0.8057522E-02 -0.1100927E-05
  0.1811650000000E+03  0.1432315E+01  0.8836215E-04  0.3630724E-02 -0.3285593E-05  0.8057047E-02 -0.1095067E-05
  0.1815983333333E+03  0.1432353E+01  0.8801213E-04  0.3629309E-02 -0.3266372E-05  0.8056575E-02 -0.1089251E-05
  0.1820316666667E+03  0.1432391E+01  0.8766488E-04  0.3627902E-02 -0.3247308E-05  0.8056106E-02 -0.1083478E-05
  0.1824650000000E+03  0.1432429E+01  0.8732037E-04  0.3626503E-02 -0.3228400E-05  0.8055639E-02 -0.1077748E-05
  0.1828983333333E+03  0.1432466E+01  0.8697857E-04  0.3625112E-02 -0.3209647E-05  0.8055174E-02 -0.1072060E-05
  0.1833316666667E+03  0.1432504E+01  0.8663944E-04  0.3623729E-02 -0.3191047E-05  0.8054712E-02 -0.1066415E-05
  0.1837650000000E+03  0.1432541E+01  0.8630295E-04  0.3622354E-02 -0.3172599E-05  0.8054253E-02 -0.1060812E-05
  0.1841983333333E+03  0.1432578E+01  0.8596907E-04  0.3620987E-02 -0.3154301E-05  0.8053795E-02 -0.1055251E-05
  0.1846316666667E+03  0.1432616E+01  0.8563778E-04  0.3619628E-02 -0.3136153E-05  0.8053340E-02 -0.1049732E-05
  0.1850650000000E+03  0.1432653E+01  0.8530904E-04  0.3618277E-02 -0.3118153E-05  0.8052888E-02 -0.1044254E-05
  0.1855316666667E+03  0.1432689E+01  0.7891263E-04  0.3616934E-02 -0.2878850E-05  0.8052438E-02 -0.9646151E-06
  0.1859983333333E+03  0.1432729E+01  0.8464485E-04  0.3615496E-02 -0.3081661E-05  0.8051956E-02 -0.1033267E-05
  0.1864650000000E+03  0.1432768E+01  0.8429728E-04  0.3614066E-02 -0.3062518E-05  0.8051476E-02 -0.1027554E-05
  0.1869316666667E+03  0.1432807E+01  0.8395433E-04  0.3612646E-02 -0.3043786E-05  0.8050999E-02 -0.1021833E-05
  0.1873983333333E+03  0.1432846E+01  0.8361417E-04  0.3611234E-02 -0.3025218E-05  0.8050525E-02 -0.1016157E-05
  0.1878650000000E+03  0.1432885E+01  0.8327678E-04  0.3609831E-02 -0.3006813E-05  0.8050053E-02 -0.1010528E-05
  0.1883316666667E+03  0.1432924E+01  0.8294211E-04  0.3608436E-02 -0.2988569E-05  0.8049584E-02 -0.1004944E-05
  0.1887983333333E+03  0.1432962E+01  0.8261013E-04  0.3607050E-02 -0.2970484E-05  0.8049118E-02 -0.9994054E-06
  0.1892650000000E+03  0.1433001E+01  0.8228081E-04  0.3605672E-02 -0.2952558E-05  0.8048654E-02 -0.9939115E-06
  0.1897316666667E+03  0.1433039E+01  0.8195413E-04  0.3604303E-02 -0.2934788E-05  0.8048193E-02 -0.9884622E-06
  0.1901983333333E+03  0.1433077E+01  0.8163004E-04  0.3602941E-02 -0.2917173E-05  0.8047734E-02 -0.9830570E-06
  0.1906650000000E+03  0.1433115E+01  0.8130852E-04  0.3601588E-02 -0.2899712E-05  0.8047278E-02 -0.9776957E-06
  0.1911316666667E+03  0.1433153E+01  0.8098954E-04  0.3600243E-02 -0.2882403E-05  0.8046824E-02 -0.9723778E-06
  0.1915983333333E+03  0.1433191E+01  0.8067306E-04  0.3598906E-02 -0.2865244E-05  0.8046373E-02 -0.9671031E-06
  0.1920650000000E+03  0.1433228E+01  0.8035907E-04  0.3597577E-02 -0.2848236E-05  0.8045924E-02 -0.9618712E-06
  0.1925650000000E+03  0.1433265E+01  0.7471102E-04  0.3596255E-02 -0.2642617E-05  0.8045477E-02 -0.8929029E-06
  0.1930650000000E+03  0.1433305E+01  0.7972559E-04  0.3594848E-02 -0.2813851E-05  0.8045002E-02 -0.9514026E-06
  0.1935650000000E+03  0.1433345E+01  0.7939536E-04  0.3593450E-02 -0.2795906E-05  0.8044529E-02 -0.9459851E-06
  0.1940650000000E+03  0.1433385E+01  0.7906961E-04  0.3592061E-02 -0.2778334E-05  0.8044058E-02 -0.9405626E-06
  0.1945650000000E+03  0.1433424E+01  0.7874654E-04  0.3590681E-02 -0.2760925E-05  0.8043591E-02 -0.9351872E-06
  0.1950650000000E+03  0.1433463E+01  0.7842612E-04  0.3589309E-02 -0.2743677E-05  0.8043126E-02 -0.9298586E-06
  0.1955650000000E+03  0.1433502E+01  0.7810832E-04  0.3587946E-02 -0.2726589E-05  0.8042664E-02 -0.9245763E-06
  0.1960650000000E+03  0.1433541E+01  0.7779310E-04  0.3586591E-02 -0.2709660E-05  0.8042204E-02 -0.9193399E-06
  0.1965650000000E+03  0.1433580E+01  0.7748043E-04  0.3585244E-02 -0.2692887E-05  0.8041747E-02 -0.9141491E-06
  0.1970650000000E+03  0.1433618E+01  0.7717029E-04  0.3583906E-02 -0.2676269E-05  0.8041292E-02 -0.9090034E-06
  0.1975650000000E+03  0.1433657E+01  0.7686264E-04  0.3582576E-02 -0.2659804E-05  0.8040840E-02 -0.9039024E-06
  0.1980650000000E+03  0.1433695E+01  0.7655745E-04  0.3581255E-02 -0.2643491E-05  0.8040391E-02 -0.8988457E-06
  0.1985650000000E+03  0.1433733E+01  0.7625470E-04  0.3579941E-02 -0.2627329E-05  0.8039944E-02 -0.8938329E-06
  0.1990650000000E+03  0.1433771E+01  0.7595435E-04  0.3578635E-02 -0.2611315E-05  0.8039500E-02 -0.8888637E-06
  0.1995650000000E+03  0.1433809E+01  0.7565637E-04  0.3577338E-02 -0.2595448E-05  0.8039058E-02 -0.8839375E-06
  0.2000983333333E+03  0.1433847E+01  0.7065070E-04  0.3576048E-02 -0.2418494E-05  0.8038618E-02 -0.8241133E-06
  0.2006316666667E+03  0.1433887E+01  0.7505594E-04  0.3574681E-02 -0.2563449E-05  0.8038152E-02 -0.8740991E-06
  0.2011650000000E+03  0.1433927E+01  0.7474397E-04  0.3573322E-02 -0.2546822E-05  0.8037689E-02 -0.8690280E-06
  0.2016983333333E+03  0.1433966E+01  0.7443630E-04  0.3571973E-02 -0.2530534E-05  0.8037228E-02 -0.8639564E-06
  0.2022316666667E+03  0.1434006E+01  0.7413117E-04  0.3570632E-02 -0.2514404E-05  0.8036770E-02 -0.8589315E-06
  0.2027650000000E+03  0.1434045E+01  0.7382855E-04  0.3569299E-02 -0.2498431E-05  0.8036314E-02 -0.8539530E-06
  0.2032983333333E+03  0.1434084E+01  0.7352842E-04  0.3567975E-02 -0.2482613E-05  0.8035861E-02 -0.8490203E-06
  0.2038316666667E+03  0.1434124E+01  0.7323074E-04  0.3566659E-02 -0.2466948E-05  0.8035411E-02 -0.8441331E-06
  0.2043650000000E+03  0.1434162E+01  0.7293548E-04  0.3565352E-02 -0.2451435E-05  0.8034964E-02 -0.8392907E-06
  0.2048983333333E+03  0.1434201E+01  0.7264262E-04  0.3564053E-02 -0.2436073E-05  0.8034519E-02 -0.8344929E-06
  0.2054316666667E+03  0.1434240E+01  0.7235212E-04  0.3562762E-02 -0.2420858E-05  0.8034076E-02 -0.8297390E-06
  0.2059650000000E+03  0.1434278E+01  0.7206396E-04  0.3561479E-02 -0.2405790E-05  0.8033636E-02 -0.8250288E-06
  0.2064983333333E+03  0.1434316E+01  0.7177810E-04  0.3560203E-02 -0.2390868E-05  0.8033198E-02 -0.8203617E-06
  0.2070316666667E+03  0.1434355E+01  0.7149453E-04  0.3558936E-02 -0.2376089E-05  0.8032763E-02 -0.8157373E-06
  0.2075983333333E+03  0.1434393E+01  0.6702419E-04  0.3557677E-02 -0.2222542E-05  0.8032331E-02 -0.7634401E-06
  0.2081650000000E+03  0.1434433E+01  0.7092373E-04  0.3556347E-02 -0.2346342E-05  0.8031874E-02 -0.8065148E-06
  0.2087316666667E+03  0.1434473E+01  0.7062802E-04  0.3555026E-02 -0.2330942E-05  0.8031419E-02 -0.8017771E-06
  0.2092983333333E+03  0.1434513E+01  0.7033642E-04  0.3553714E-02 -0.2315854E-05  0.8030968E-02 -0.7970434E-06
  0.2098650000000E+03  0.1434552E+01  0.7004724E-04  0.3552410E-02 -0.2300918E-05  0.8030519E-02 -0.7923553E-06
  0.2104316666667E+03  0.1434592E+01  0.6976045E-04  0.3551115E-02 -0.2286133E-05  0.8030072E-02 -0.7877124E-06
  0.2109983333333E+03  0.1434631E+01  0.6947603E-04  0.3549827E-02 -0.2271497E-05  0.8029629E-02 -0.7831142E-06
  0.2115650000000E+03  0.1434670E+01  0.6919394E-04  0.3548548E-02 -0.2257008E-05  0.8029187E-02 -0.7785602E-06
  0.2121316666667E+03  0.1434710E+01  0.6891416E-04  0.3547278E-02 -0.2242665E-05  0.8028749E-02 -0.7740498E-06
  0.2126983333333E+03  0.1434748E+01  0.6863665E-04  0.3546015E-02 -0.2228465E-05  0.8028313E-02 -0.7695826E-06
  0.2132650000000E+03  0.1434787E+01  0.6836139E-04  0.3544760E-02 -0.2214408E-05  0.8027879E-02 -0.7651582E-06
  0.2138316666667E+03  0.1434826E+01  0.6808835E-04  0.3543513E-02 -0.2200491E-05  0.8027448E-02 -0.7607759E-06
  0.2143983333333E+03  0.1434864E+01  0.6781751E-04  0.3542274E-02 -0.2186713E-05  0.8027019E-02 -0.7564354E-06
  0.2149983333333E+03  0.1434902E+01  0.6379612E-04  0.3541042E-02 -0.2052346E-05  0.8026593E-02 -0.7103508E-06
  0.2155983333333E+03  0.1434943E+01  0.6727286E-04  0.3539747E-02 -0.2159027E-05  0.8026144E-02 -0.7477889E-06
  0.2161983333333E+03  0.1434983E+01  0.6699143E-04  0.3538460E-02 -0.2144740E-05  0.8025698E-02 -0.7433596E-06
  0.2167983333333E+03  0.1435023E+01  0.6671394E-04  0.3537182E-02 -0.2130741E-05  0.8025255E-02 -0.7389382E-06
  0.2173983333333E+03  0.1435063E+01  0.6643877E-04  0.3535912E-02 -0.2116888E-05  0.8024814E-02 -0.7345610E-06
  0.2179983333333E+03  0.1435103E+01  0.6616587E-04  0.3534650E-02 -0.2103179E-05  0.8024376E-02 -0.7302273E-06
  0.2185983333333E+03  0.1435142E+01  0.6589523E-04  0.3533396E-02 -0.2089612E-05  0.8023941E-02 -0.7259367E-06
  0.2191983333333E+03  0.1435181E+01  0.6562682E-04  0.3532150E-02 -0.2076186E-05  0.8023508E-02 -0.7216887E-06
  0.2197983333333E+03  0.1435221E+01  0.6536061E-04  0.3530913E-02 -0.2062898E-05  0.8023077E-02 -0.7174826E-06
  0.2203983333333E+03  0.1435260E+01  0.6509658E-04  0.3529683E-02 -0.2049747E-05  0.8022649E-02 -0.7133180E-06
  0.2209983333333E+03  0.1435299E+01  0.6483469E-04  0.3528461E-02 -0.2036732E-05  0.8022224E-02 -0.7091945E-06
  0.2215983333333E+03  0.1435337E+01  0.6457492E-04  0.3527246E-02 -0.2023850E-05  0.8021801E-02 -0.7051114E-06
  0.2222316666667E+03  0.1435376E+01  0.6093213E-04  0.3526040E-02 -0.1905253E-05  0.8021380E-02 -0.6641699E-06
  0.2228650000000E+03  0.1435417E+01  0.6405301E-04  0.3524774E-02 -0.1998002E-05  0.8020939E-02 -0.6969848E-06
  0.2234983333333E+03  0.1435457E+01  0.6378397E-04  0.3523517E-02 -0.1984701E-05  0.8020500E-02 -0.6928318E-06
  0.2241316666667E+03  0.1435497E+01  0.6351869E-04  0.3522269E-02 -0.1971667E-05  0.8020064E-02 -0.6886901E-06
  0.2247650000000E+03  0.1435537E+01  0.6325564E-04  0.3521028E-02 -0.1958772E-05  0.8019630E-02 -0.6845906E-06
  0.2253983333333E+03  0.1435577E+01  0.6299478E-04  0.3519796E-02 -0.1946014E-05  0.8019199E-02 -0.6805330E-06
  0.2260316666667E+03  0.1435617E+01  0.6273608E-04  0.3518571E-02 -0.1933392E-05  0.8018771E-02 -0.6765166E-06
  0.2266650000000E+03  0.1435656E+01  0.6247953E-04  0.3517354E-02 -0.1920904E-05  0.8018345E-02 -0.6725409E-06
  0.2272983333333E+03  0.1435696E+01  0.6222508E-04  0.3516146E-02 -0.1908547E-05  0.8017921E-02 -0.6686053E-06
  0.2279316666667E+03  0.1435735E+01  0.6197271E-04  0.3514945E-02 -0.1896320E-05  0.8017500E-02 -0.6647094E-06
  0.2285650000000E+03  0.1435774E+01  0.6172241E-04  0.3513751E-02 -0.1884222E-05  0.8017082E-02 -0.6608526E-06
  0.2292316666667E+03  0.1435813E+01  0.5840043E-04  0.3512566E-02 -0.1778638E-05  0.8016665E-02 -0.6241826E-06
  0.2298983333333E+03  0.1435854E+01  0.6121994E-04  0.3511326E-02 -0.1859975E-05  0.8016230E-02 -0.6531817E-06
  0.2305650000000E+03  0.1435895E+01  0.6096146E-04  0.3510094E-02 -0.1847529E-05  0.8015797E-02 -0.6492697E-06
  0.2312316666667E+03  0.1435935E+01  0.6070662E-04  0.3508870E-02 -0.1835333E-05  0.8015367E-02 -0.6453714E-06
  0.2318983333333E+03  0.1435975E+01  0.6045391E-04  0.3507655E-02 -0.1823269E-05  0.8014939E-02 -0.6415137E-06
  0.2325650000000E+03  0.1436016E+01  0.6020332E-04  0.3506447E-02 -0.1811335E-05  0.8014514E-02 -0.6376959E-06
  0.2332316666667E+03  0.1436055E+01  0.5995482E-04  0.3505248E-02 -0.1799531E-05  0.8014092E-02 -0.6339176E-06
  0.2338983333333E+03  0.1436095E+01  0.5970838E-04  0.3504056E-02 -0.1787853E-05  0.8013671E-02 -0.6301780E-06
  0.2345650000000E+03  0.1436135E+01  0.5946398E-04  0.3502872E-02 -0.1776301E-05  0.8013254E-02 -0.6264768E-06
  0.2352316666667E+03  0.1436174E+01  0.5922159E-04  0.3501695E-02 -0.1764872E-05  0.8012839E-02 -0.6228133E-06
  0.2358983333333E+03  0.1436214E+01  0.5898119E-04  0.3500526E-02 -0.1753565E-05  0.8012426E-02 -0.6191871E-06
  0.2365983333333E+03  0.1436253E+01  0.5594547E-04  0.3499364E-02 -0.1659408E-05  0.8012015E-02 -0.5862834E-06
  0.2372983333333E+03  0.1436294E+01  0.5849893E-04  0.3498153E-02 -0.1730926E-05  0.8011587E-02 -0.6119784E-06
  0.2379983333333E+03  0.1436335E+01  0.5825133E-04  0.3496949E-02 -0.1719331E-05  0.8011161E-02 -0.6083083E-06
  0.2386983333333E+03  0.1436375E+01  0.5800720E-04  0.3495754E-02 -0.1707967E-05  0.8010738E-02 -0.6046539E-06
  0.2393983333333E+03  0.1436416E+01  0.5776512E-04  0.3494566E-02 -0.1696727E-05  0.8010317E-02 -0.6010378E-06
  0.2400983333333E+03  0.1436456E+01  0.5752508E-04  0.3493386E-02 -0.1685611E-05  0.8009899E-02 -0.5974593E-06
  0.2407983333333E+03  0.1436496E+01  0.5728703E-04  0.3492214E-02 -0.1674616E-05  0.8009483E-02 -0.5939179E-06
  0.2414983333333E+03  0.1436536E+01  0.5705097E-04  0.3491049E-02 -0.1663740E-05  0.8009070E-02 -0.5904131E-06
  0.2421983333333E+03  0.1436576E+01  0.5681686E-04  0.3489892E-02 -0.1652981E-05  0.8008659E-02 -0.5869444E-06
  0.2428983333333E+03  0.1436615E+01  0.5658467E-04  0.3488742E-02 -0.1642339E-05  0.8008251E-02 -0.5835113E-06
  0.2436316666667E+03  0.1436655E+01  0.5379283E-04  0.3487600E-02 -0.1557637E-05  0.8007845E-02 -0.5537443E-06
  0.2443650000000E+03  0.1436696E+01  0.5611923E-04  0.3486411E-02 -0.1621050E-05  0.8007422E-02 -0.5766890E-06
  0.2450983333333E+03  0.1436737E+01  0.5588069E-04  0.3485231E-02 -0.1610167E-05  0.8007001E-02 -0.5732209E-06
  0.2458316666667E+03  0.1436778E+01  0.5564548E-04  0.3484058E-02 -0.1599499E-05  0.8006583E-02 -0.5697698E-06
  0.2465650000000E+03  0.1436818E+01  0.5541225E-04  0.3482892E-02 -0.1588949E-05  0.8006168E-02 -0.5663548E-06
  0.2472983333333E+03  0.1436859E+01  0.5518098E-04  0.3481735E-02 -0.1578515E-05  0.8005755E-02 -0.5629754E-06
  0.2480316666667E+03  0.1436899E+01  0.5495166E-04  0.3480585E-02 -0.1568196E-05  0.8005345E-02 -0.5596312E-06
  0.2487650000000E+03  0.1436939E+01  0.5472424E-04  0.3479442E-02 -0.1557989E-05  0.8004937E-02 -0.5563216E-06
  0.2494983333333E+03  0.1436979E+01  0.5449871E-04  0.3478307E-02 -0.1547894E-05  0.8004531E-02 -0.5530461E-06
  0.2502316666667E+03  0.1437019E+01  0.5427504E-04  0.3477179E-02 -0.1537907E-05  0.8004128E-02 -0.5498041E-06
  0.2509983333333E+03  0.1437059E+01  0.5170307E-04  0.3476059E-02 -0.1461593E-05  0.8003727E-02 -0.5228301E-06
  0.2517650000000E+03  0.1437100E+01  0.5382694E-04  0.3474895E-02 -0.1517945E-05  0.8003311E-02 -0.5433633E-06
  0.2525316666667E+03  0.1437141E+01  0.5359765E-04  0.3473739E-02 -0.1507757E-05  0.8002897E-02 -0.5400932E-06
  0.2532983333333E+03  0.1437182E+01  0.5337155E-04  0.3472591E-02 -0.1497769E-05  0.8002485E-02 -0.5368407E-06
  0.2540650000000E+03  0.1437223E+01  0.5314736E-04  0.3471450E-02 -0.1487891E-05  0.8002076E-02 -0.5336221E-06
  0.2548316666667E+03  0.1437263E+01  0.5292505E-04  0.3470317E-02 -0.1478122E-05  0.8001669E-02 -0.5304369E-06
  0.2555983333333E+03  0.1437304E+01  0.5270461E-04  0.3469191E-02 -0.1468460E-05  0.8001265E-02 -0.5272847E-06
  0.2563650000000E+03  0.1437344E+01  0.5248600E-04  0.3468072E-02 -0.1458904E-05  0.8000863E-02 -0.5241649E-06
  0.2571316666667E+03  0.1437384E+01  0.5226921E-04  0.3466961E-02 -0.1449451E-05  0.8000464E-02 -0.5210769E-06
  0.2579316666667E+03  0.1437424E+01  0.4988529E-04  0.3465857E-02 -0.1380096E-05  0.8000067E-02 -0.4964362E-06
  0.2587316666667E+03  0.1437465E+01  0.5183515E-04  0.3464713E-02 -0.1430568E-05  0.7999655E-02 -0.5149435E-06
  0.2595316666667E+03  0.1437507E+01  0.5161338E-04  0.3463576E-02 -0.1420947E-05  0.7999245E-02 -0.5118329E-06
  0.2603316666667E+03  0.1437548E+01  0.5139467E-04  0.3462447E-02 -0.1411511E-05  0.7998838E-02 -0.5087404E-06
  0.2611316666667E+03  0.1437589E+01  0.5117782E-04  0.3461325E-02 -0.1402179E-05  0.7998434E-02 -0.5056799E-06
  0.2619316666667E+03  0.1437629E+01  0.5096280E-04  0.3460211E-02 -0.1392950E-05  0.7998031E-02 -0.5026509E-06
  0.2627316666667E+03  0.1437670E+01  0.5074958E-04  0.3459104E-02 -0.1383822E-05  0.7997632E-02 -0.4996531E-06
  0.2635316666667E+03  0.1437711E+01  0.5053815E-04  0.3458004E-02 -0.1374794E-05  0.7997234E-02 -0.4966859E-06
  0.2643650000000E+03  0.1437751E+01  0.4831534E-04  0.3456911E-02 -0.1311229E-05  0.7996839E-02 -0.4739988E-06
  0.2651983333333E+03  0.1437793E+01  0.5011507E-04  0.3455780E-02 -0.1356770E-05  0.7996430E-02 -0.4907934E-06
  0.2660316666667E+03  0.1437834E+01  0.4989920E-04  0.3454657E-02 -0.1347600E-05  0.7996024E-02 -0.4878083E-06
  0.2668650000000E+03  0.1437876E+01  0.4968632E-04  0.3453542E-02 -0.1338603E-05  0.7995620E-02 -0.4848413E-06
  0.2676983333333E+03  0.1437917E+01  0.4947524E-04  0.3452434E-02 -0.1329707E-05  0.7995218E-02 -0.4819050E-06
  0.2685316666667E+03  0.1437958E+01  0.4926596E-04  0.3451333E-02 -0.1320908E-05  0.7994819E-02 -0.4789988E-06
  0.2693650000000E+03  0.1437999E+01  0.4905845E-04  0.3450240E-02 -0.1312206E-05  0.7994422E-02 -0.4761223E-06
  0.2701983333333E+03  0.1438039E+01  0.4885268E-04  0.3449153E-02 -0.1303598E-05  0.7994028E-02 -0.4732749E-06
  0.2710316666667E+03  0.1438080E+01  0.4864864E-04  0.3448074E-02 -0.1295084E-05  0.7993636E-02 -0.4704562E-06
  0.2718983333333E+03  0.1438120E+01  0.4658298E-04  0.3447002E-02 -0.1237174E-05  0.7993246E-02 -0.4496786E-06
  0.2727650000000E+03  0.1438162E+01  0.4824053E-04  0.3445894E-02 -0.1278095E-05  0.7992843E-02 -0.4648590E-06
  0.2736316666667E+03  0.1438204E+01  0.4803256E-04  0.3444794E-02 -0.1269461E-05  0.7992443E-02 -0.4620257E-06
  0.2744983333333E+03  0.1438245E+01  0.4782745E-04  0.3443701E-02 -0.1260987E-05  0.7992045E-02 -0.4592102E-06
  0.2753650000000E+03  0.1438286E+01  0.4762408E-04  0.3442615E-02 -0.1252607E-05  0.7991649E-02 -0.4564234E-06
  0.2762316666667E+03  0.1438328E+01  0.4742243E-04  0.3441537E-02 -0.1244319E-05  0.7991256E-02 -0.4536647E-06
  0.2770983333333E+03  0.1438368E+01  0.4722249E-04  0.3440466E-02 -0.1236120E-05  0.7990865E-02 -0.4509338E-06
  0.2779650000000E+03  0.1438409E+01  0.4702423E-04  0.3439401E-02 -0.1228009E-05  0.7990477E-02 -0.4482301E-06
  0.2788650000000E+03  0.1438450E+01  0.4509327E-04  0.3438344E-02 -0.1174802E-05  0.7990091E-02 -0.4290512E-06
  0.2797650000000E+03  0.1438492E+01  0.4662787E-04  0.3437253E-02 -0.1211834E-05  0.7989692E-02 -0.4428615E-06
  0.2806650000000E+03  0.1438534E+01  0.4642613E-04  0.3436170E-02 -0.1203624E-05  0.7989296E-02 -0.4401462E-06
  0.2815650000000E+03  0.1438575E+01  0.4622715E-04  0.3435094E-02 -0.1195563E-05  0.7988902E-02 -0.4374484E-06
  0.2824650000000E+03  0.1438617E+01  0.4602986E-04  0.3434025E-02 -0.1187590E-05  0.7988511E-02 -0.4347777E-06
  0.2833650000000E+03  0.1438658E+01  0.4583424E-04  0.3432964E-02 -0.1179703E-05  0.7988122E-02 -0.4321336E-06
  0.2842650000000E+03  0.1438699E+01  0.4564028E-04  0.3431909E-02 -0.1171902E-05  0.7987736E-02 -0.4295158E-06
  0.2851983333333E+03  0.1438740E+01  0.4382482E-04  0.3430861E-02 -0.1122606E-05  0.7987351E-02 -0.4116765E-06
  0.2861316666667E+03  0.1438782E+01  0.4525273E-04  0.3429782E-02 -0.1156350E-05  0.7986955E-02 -0.4243185E-06
  0.2870650000000E+03  0.1438824E+01  0.4505569E-04  0.3428710E-02 -0.1148465E-05  0.7986562E-02 -0.4216919E-06
  0.2879983333333E+03  0.1438866E+01  0.4486133E-04  0.3427645E-02 -0.1140721E-05  0.7986171E-02 -0.4190827E-06
  0.2889316666667E+03  0.1438908E+01  0.4466864E-04  0.3426588E-02 -0.1133061E-05  0.7985782E-02 -0.4164994E-06
  0.2898650000000E+03  0.1438949E+01  0.4447759E-04  0.3425537E-02 -0.1125484E-05  0.7985395E-02 -0.4139417E-06
  0.2907983333333E+03  0.1438991E+01  0.4428817E-04  0.3424494E-02 -0.1117988E-05  0.7985011E-02 -0.4114092E-06
  0.2917650000000E+03  0.1439032E+01  0.4257965E-04  0.3423457E-02 -0.1072277E-05  0.7984630E-02 -0.3948014E-06
  0.2927316666667E+03  0.1439074E+01  0.4390985E-04  0.3422391E-02 -0.1103053E-05  0.7984237E-02 -0.4063818E-06
  0.2936983333333E+03  0.1439116E+01  0.4371771E-04  0.3421332E-02 -0.1095489E-05  0.7983847E-02 -0.4038429E-06
  0.2946650000000E+03  0.1439158E+01  0.4352817E-04  0.3420280E-02 -0.1088056E-05  0.7983459E-02 -0.4013210E-06
  0.2956316666667E+03  0.1439200E+01  0.4334026E-04  0.3419236E-02 -0.1080704E-05  0.7983073E-02 -0.3988240E-06
  0.2965983333333E+03  0.1439242E+01  0.4315397E-04  0.3418198E-02 -0.1073431E-05  0.7982690E-02 -0.3963515E-06
  0.2975650000000E+03  0.1439284E+01  0.4296926E-04  0.3417167E-02 -0.1066236E-05  0.7982309E-02 -0.3939031E-06
  0.2985650000000E+03  0.1439325E+01  0.4135992E-04  0.3416144E-02 -0.1023814E-05  0.7981931E-02 -0.3784291E-06
  0.2995650000000E+03  0.1439368E+01  0.4260051E-04  0.3415092E-02 -0.1051907E-05  0.7981542E-02 -0.3890431E-06
  0.3005650000000E+03  0.1439410E+01  0.4241342E-04  0.3414047E-02 -0.1044656E-05  0.7981155E-02 -0.3865904E-06
  0.3015650000000E+03  0.1439452E+01  0.4222883E-04  0.3413009E-02 -0.1037528E-05  0.7980771E-02 -0.3841543E-06
  0.3025650000000E+03  0.1439494E+01  0.4204585E-04  0.3411979E-02 -0.1030478E-05  0.7980389E-02 -0.3817420E-06
  0.3035650000000E+03  0.1439536E+01  0.4186444E-04  0.3410955E-02 -0.1023502E-05  0.7980010E-02 -0.3793531E-06
  0.3045650000000E+03  0.1439578E+01  0.4168458E-04  0.3409939E-02 -0.1016601E-05  0.7979633E-02 -0.3769872E-06
  0.3055983333333E+03  0.1439619E+01  0.4016734E-04  0.3408929E-02 -0.9772000E-06  0.7979258E-02 -0.3625588E-06
  0.3066316666667E+03  0.1439662E+01  0.4132564E-04  0.3407893E-02 -0.1002863E-05  0.7978874E-02 -0.3722914E-06
  0.3076650000000E+03  0.1439705E+01  0.4114369E-04  0.3406864E-02 -0.9959175E-06  0.7978491E-02 -0.3699231E-06
  0.3086983333333E+03  0.1439747E+01  0.4096417E-04  0.3405842E-02 -0.9890872E-06  0.7978112E-02 -0.3675708E-06
  0.3097316666667E+03  0.1439789E+01  0.4078620E-04  0.3404827E-02 -0.9823300E-06  0.7977734E-02 -0.3652413E-06
  0.3107650000000E+03  0.1439831E+01  0.4060977E-04  0.3403818E-02 -0.9756447E-06  0.7977359E-02 -0.3629342E-06
  0.3117983333333E+03  0.1439873E+01  0.4043485E-04  0.3402817E-02 -0.9690301E-06  0.7976986E-02 -0.3606491E-06
  0.3128650000000E+03  0.1439914E+01  0.3900326E-04  0.3401822E-02 -0.9324074E-06  0.7976616E-02 -0.3471861E-06
  0.3139316666667E+03  0.1439957E+01  0.4008589E-04  0.3400803E-02 -0.9558670E-06  0.7976236E-02 -0.3561139E-06
  0.3149983333333E+03  0.1440000E+01  0.3990914E-04  0.3399790E-02 -0.9492180E-06  0.7975859E-02 -0.3538279E-06
  0.3160650000000E+03  0.1440042E+01  0.3973474E-04  0.3398785E-02 -0.9426763E-06  0.7975484E-02 -0.3515575E-06
  0.3171316666667E+03  0.1440084E+01  0.3956186E-04  0.3397786E-02 -0.9362041E-06  0.7975111E-02 -0.3493088E-06
  0.3181983333333E+03  0.1440126E+01  0.3939046E-04  0.3396794E-02 -0.9298004E-06  0.7974741E-02 -0.3470815E-06
  0.3192983333333E+03  0.1440168E+01  0.3803204E-04  0.3395809E-02 -0.8954803E-06  0.7974373E-02 -0.3344246E-06
  0.3203983333333E+03  0.1440211E+01  0.3904866E-04  0.3394801E-02 -0.9170625E-06  0.7973996E-02 -0.3426619E-06
  0.3214983333333E+03  0.1440254E+01  0.3887568E-04  0.3393799E-02 -0.9106340E-06  0.7973622E-02 -0.3404355E-06
  0.3225983333333E+03  0.1440296E+01  0.3870499E-04  0.3392804E-02 -0.9043067E-06  0.7973250E-02 -0.3382244E-06
  0.3236983333333E+03  0.1440339E+01  0.3853578E-04  0.3391816E-02 -0.8980467E-06  0.7972880E-02 -0.3360344E-06
  0.3247983333333E+03  0.1440381E+01  0.3836804E-04  0.3390835E-02 -0.8918529E-06  0.7972513E-02 -0.3338652E-06
  0.3259316666667E+03  0.1440423E+01  0.3707817E-04  0.3389861E-02 -0.8596735E-06  0.7972148E-02 -0.3219601E-06
  0.3270650000000E+03  0.1440466E+01  0.3803365E-04  0.3388864E-02 -0.8795375E-06  0.7971774E-02 -0.3295614E-06
  0.3281983333333E+03  0.1440509E+01  0.3786455E-04  0.3387874E-02 -0.8733275E-06  0.7971403E-02 -0.3273948E-06
  0.3293316666667E+03  0.1440552E+01  0.3769768E-04  0.3386892E-02 -0.8672130E-06  0.7971035E-02 -0.3252431E-06
  0.3304650000000E+03  0.1440594E+01  0.3753227E-04  0.3385916E-02 -0.8611634E-06  0.7970669E-02 -0.3231119E-06
  0.3315983333333E+03  0.1440637E+01  0.3736830E-04  0.3384946E-02 -0.8551777E-06  0.7970305E-02 -0.3210009E-06
  0.3327650000000E+03  0.1440679E+01  0.3614273E-04  0.3383984E-02 -0.8249905E-06  0.7969943E-02 -0.3097980E-06
  0.3339316666667E+03  0.1440722E+01  0.3704152E-04  0.3383000E-02 -0.8432810E-06  0.7969574E-02 -0.3168132E-06
  0.3350983333333E+03  0.1440765E+01  0.3687639E-04  0.3382023E-02 -0.8372869E-06  0.7969207E-02 -0.3147062E-06
  0.3362650000000E+03  0.1440808E+01  0.3671343E-04  0.3381053E-02 -0.8313828E-06  0.7968842E-02 -0.3126139E-06
  0.3374316666667E+03  0.1440851E+01  0.3655189E-04  0.3380090E-02 -0.8255414E-06  0.7968480E-02 -0.3105415E-06
  0.3386316666667E+03  0.1440893E+01  0.3538088E-04  0.3379134E-02 -0.7969905E-06  0.7968120E-02 -0.2999195E-06
  0.3398316666667E+03  0.1440936E+01  0.3623008E-04  0.3378157E-02 -0.8139366E-06  0.7967752E-02 -0.3064313E-06
  0.3410316666667E+03  0.1440980E+01  0.3606758E-04  0.3377187E-02 -0.8080943E-06  0.7967387E-02 -0.3043646E-06
  0.3422316666667E+03  0.1441023E+01  0.3590721E-04  0.3376225E-02 -0.8023383E-06  0.7967024E-02 -0.3023125E-06
  0.3434316666667E+03  0.1441066E+01  0.3574825E-04  0.3375269E-02 -0.7966436E-06  0.7966664E-02 -0.3002800E-06
  0.3446316666667E+03  0.1441108E+01  0.3559069E-04  0.3374319E-02 -0.7910093E-06  0.7966306E-02 -0.2982667E-06
  0.3458650000000E+03  0.1441151E+01  0.3447682E-04  0.3373377E-02 -0.7642066E-06  0.7965950E-02 -0.2882651E-06
  0.3470983333333E+03  0.1441195E+01  0.3527688E-04  0.3372415E-02 -0.7798202E-06  0.7965587E-02 -0.2942746E-06
  0.3483316666667E+03  0.1441238E+01  0.3511853E-04  0.3371460E-02 -0.7741914E-06  0.7965227E-02 -0.2922683E-06
  0.3495650000000E+03  0.1441281E+01  0.3496224E-04  0.3370512E-02 -0.7686437E-06  0.7964869E-02 -0.2902763E-06
  0.3507983333333E+03  0.1441324E+01  0.3480733E-04  0.3369571E-02 -0.7631552E-06  0.7964513E-02 -0.2883033E-06
  0.3520650000000E+03  0.1441367E+01  0.3374183E-04  0.3368636E-02 -0.7377847E-06  0.7964160E-02 -0.2788135E-06
  0.3533316666667E+03  0.1441410E+01  0.3449888E-04  0.3367684E-02 -0.7522600E-06  0.7963800E-02 -0.2843918E-06
  0.3545983333333E+03  0.1441454E+01  0.3434334E-04  0.3366738E-02 -0.7467832E-06  0.7963442E-02 -0.2824272E-06
  0.3558650000000E+03  0.1441497E+01  0.3418981E-04  0.3365799E-02 -0.7413840E-06  0.7963087E-02 -0.2804768E-06
  0.3571316666667E+03  0.1441540E+01  0.3403765E-04  0.3364866E-02 -0.7360426E-06  0.7962734E-02 -0.2785450E-06
  0.3584316666667E+03  0.1441583E+01  0.3301794E-04  0.3363941E-02 -0.7120208E-06  0.7962383E-02 -0.2695386E-06
  0.3597316666667E+03  0.1441627E+01  0.3373477E-04  0.3362998E-02 -0.7254439E-06  0.7962026E-02 -0.2747162E-06
  0.3610316666667E+03  0.1441671E+01  0.3358213E-04  0.3362061E-02 -0.7201200E-06  0.7961672E-02 -0.2727943E-06
  0.3623316666667E+03  0.1441714E+01  0.3343146E-04  0.3361132E-02 -0.7148703E-06  0.7961320E-02 -0.2708863E-06
  0.3636316666667E+03  0.1441757E+01  0.3328213E-04  0.3360210E-02 -0.7096770E-06  0.7960970E-02 -0.2689968E-06
  0.3649650000000E+03  0.1441800E+01  0.3230578E-04  0.3359294E-02 -0.6869260E-06  0.7960623E-02 -0.2604472E-06
  0.3662983333333E+03  0.1441844E+01  0.3298497E-04  0.3358361E-02 -0.6993764E-06  0.7960269E-02 -0.2652524E-06
  0.3676316666667E+03  0.1441888E+01  0.3283530E-04  0.3357436E-02 -0.6942058E-06  0.7959918E-02 -0.2633739E-06
  0.3689650000000E+03  0.1441932E+01  0.3268756E-04  0.3356517E-02 -0.6891061E-06  0.7959569E-02 -0.2615092E-06
  0.3702983333333E+03  0.1441975E+01  0.3254114E-04  0.3355605E-02 -0.6840615E-06  0.7959223E-02 -0.2596626E-06
  0.3716650000000E+03  0.1442018E+01  0.3160588E-04  0.3354699E-02 -0.6625086E-06  0.7958879E-02 -0.2515452E-06
  0.3730316666667E+03  0.1442062E+01  0.3224984E-04  0.3353778E-02 -0.6740596E-06  0.7958529E-02 -0.2560042E-06
  0.3743983333333E+03  0.1442106E+01  0.3210320E-04  0.3352864E-02 -0.6690424E-06  0.7958182E-02 -0.2541698E-06
  0.3757650000000E+03  0.1442150E+01  0.3195844E-04  0.3351956E-02 -0.6640929E-06  0.7957837E-02 -0.2523491E-06
  0.3771650000000E+03  0.1442193E+01  0.3105748E-04  0.3351055E-02 -0.6435020E-06  0.7957495E-02 -0.2445808E-06
  0.3785650000000E+03  0.1442238E+01  0.3167053E-04  0.3350139E-02 -0.6542835E-06  0.7957146E-02 -0.2487430E-06
  0.3799650000000E+03  0.1442282E+01  0.3152567E-04  0.3349230E-02 -0.6493662E-06  0.7956801E-02 -0.2469359E-06
  0.3813650000000E+03  0.1442326E+01  0.3138268E-04  0.3348328E-02 -0.6445147E-06  0.7956457E-02 -0.2451425E-06
  0.3827650000000E+03  0.1442370E+01  0.3124098E-04  0.3347432E-02 -0.6397165E-06  0.7956117E-02 -0.2433668E-06
  0.3841983333333E+03  0.1442413E+01  0.3037729E-04  0.3346543E-02 -0.6202039E-06  0.7955778E-02 -0.2359896E-06
  0.3856316666667E+03  0.1442458E+01  0.3095921E-04  0.3345640E-02 -0.6302103E-06  0.7955435E-02 -0.2398504E-06
  0.3870650000000E+03  0.1442502E+01  0.3081751E-04  0.3344743E-02 -0.6254480E-06  0.7955093E-02 -0.2380892E-06
  0.3884983333333E+03  0.1442546E+01  0.3067763E-04  0.3343854E-02 -0.6207485E-06  0.7954755E-02 -0.2363415E-06
  0.3899650000000E+03  0.1442589E+01  0.2984495E-04  0.3342971E-02 -0.6020985E-06  0.7954418E-02 -0.2292790E-06
  0.3914316666667E+03  0.1442634E+01  0.3039955E-04  0.3342074E-02 -0.6114416E-06  0.7954077E-02 -0.2328816E-06
  0.3928983333333E+03  0.1442678E+01  0.3025978E-04  0.3341184E-02 -0.6067821E-06  0.7953738E-02 -0.2311496E-06
  0.3943650000000E+03  0.1442723E+01  0.3012180E-04  0.3340301E-02 -0.6021837E-06  0.7953401E-02 -0.2294311E-06
  0.3958316666667E+03  0.1442767E+01  0.2998507E-04  0.3339424E-02 -0.5976363E-06  0.7953067E-02 -0.2277299E-06
  0.3973316666667E+03  0.1442810E+01  0.2918626E-04  0.3338554E-02 -0.5799586E-06  0.7952736E-02 -0.2210223E-06
  0.3988316666667E+03  0.1442855E+01  0.2971331E-04  0.3337671E-02 -0.5886339E-06  0.7952399E-02 -0.2243626E-06
  0.4003316666667E+03  0.1442899E+01  0.2957678E-04  0.3336795E-02 -0.5841296E-06  0.7952065E-02 -0.2226777E-06
  0.4018316666667E+03  0.1442943E+01  0.2944199E-04  0.3335925E-02 -0.5796834E-06  0.7951734E-02 -0.2210062E-06
  0.4033650000000E+03  0.1442987E+01  0.2867129E-04  0.3335063E-02 -0.5627807E-06  0.7951405E-02 -0.2145830E-06
  0.4048983333333E+03  0.1443032E+01  0.2917413E-04  0.3334187E-02 -0.5708844E-06  0.7951071E-02 -0.2176987E-06
  0.4064316666667E+03  0.1443077E+01  0.2903962E-04  0.3333319E-02 -0.5664845E-06  0.7950740E-02 -0.2160445E-06
  0.4079650000000E+03  0.1443121E+01  0.2890682E-04  0.3332457E-02 -0.5621410E-06  0.7950411E-02 -0.2144037E-06
  0.4095316666667E+03  0.1443165E+01  0.2816300E-04  0.3331601E-02 -0.5459775E-06  0.7950085E-02 -0.2082524E-06
  0.4110983333333E+03  0.1443210E+01  0.2864298E-04  0.3330734E-02 -0.5535484E-06  0.7949754E-02 -0.2111579E-06
  0.4126650000000E+03  0.1443255E+01  0.2851055E-04  0.3329874E-02 -0.5492542E-06  0.7949425E-02 -0.2095353E-06
  0.4142316666667E+03  0.1443299E+01  0.2837980E-04  0.3329020E-02 -0.5450147E-06  0.7949100E-02 -0.2079261E-06
  0.4158316666667E+03  0.1443343E+01  0.2766170E-04  0.3328172E-02 -0.5295563E-06  0.7948776E-02 -0.2020348E-06
  0.4174316666667E+03  0.1443388E+01  0.2812008E-04  0.3327314E-02 -0.5366308E-06  0.7948449E-02 -0.2047435E-06
  0.4190316666667E+03  0.1443433E+01  0.2798977E-04  0.3326462E-02 -0.5324432E-06  0.7948124E-02 -0.2031532E-06
  0.4206316666667E+03  0.1443478E+01  0.2786111E-04  0.3325617E-02 -0.5283088E-06  0.7947801E-02 -0.2015764E-06
  0.4222650000000E+03  0.1443522E+01  0.2716764E-04  0.3324778E-02 -0.5135234E-06  0.7947481E-02 -0.1959339E-06
  0.4238983333333E+03  0.1443567E+01  0.2760559E-04  0.3323928E-02 -0.5201353E-06  0.7947157E-02 -0.1984585E-06
  0.4255316666667E+03  0.1443612E+01  0.2747744E-04  0.3323085E-02 -0.5160551E-06  0.7946836E-02 -0.1969012E-06
  0.4271650000000E+03  0.1443657E+01  0.2735091E-04  0.3322249E-02 -0.5120263E-06  0.7946516E-02 -0.1953574E-06
  0.4288316666667E+03  0.1443701E+01  0.2668104E-04  0.3321419E-02 -0.4978833E-06  0.7946200E-02 -0.1899531E-06
  0.4304983333333E+03  0.1443746E+01  0.2709966E-04  0.3320579E-02 -0.5040644E-06  0.7945879E-02 -0.1923053E-06
  0.4321650000000E+03  0.1443791E+01  0.2697371E-04  0.3319746E-02 -0.5000920E-06  0.7945561E-02 -0.1907817E-06
  0.4338650000000E+03  0.1443836E+01  0.2632288E-04  0.3318919E-02 -0.4864405E-06  0.7945246E-02 -0.1855601E-06
  0.4355650000000E+03  0.1443882E+01  0.2672448E-04  0.3318082E-02 -0.4922508E-06  0.7944927E-02 -0.1877648E-06
  0.4372650000000E+03  0.1443927E+01  0.2659958E-04  0.3317252E-02 -0.4883407E-06  0.7944610E-02 -0.1862593E-06
  0.4389650000000E+03  0.1443972E+01  0.2647627E-04  0.3316428E-02 -0.4844797E-06  0.7944296E-02 -0.1847673E-06
  0.4406983333333E+03  0.1444017E+01  0.2584729E-04  0.3315611E-02 -0.4714208E-06  0.7943984E-02 -0.1797665E-06
  0.4424316666667E+03  0.1444062E+01  0.2623149E-04  0.3314784E-02 -0.4768545E-06  0.7943669E-02 -0.1818193E-06
  0.4441650000000E+03  0.1444107E+01  0.2610887E-04  0.3313964E-02 -0.4730540E-06  0.7943357E-02 -0.1803488E-06
  0.4458983333333E+03  0.1444152E+01  0.2598779E-04  0.3313151E-02 -0.4693010E-06  0.7943047E-02 -0.1788917E-06
  0.4476650000000E+03  0.1444197E+01  0.2537977E-04  0.3312344E-02 -0.4568079E-06  0.7942739E-02 -0.1741021E-06
  0.4494316666667E+03  0.1444243E+01  0.2574749E-04  0.3311528E-02 -0.4618914E-06  0.7942428E-02 -0.1760131E-06
  0.4511983333333E+03  0.1444288E+01  0.2562715E-04  0.3310718E-02 -0.4582001E-06  0.7942120E-02 -0.1745778E-06
  0.4529983333333E+03  0.1444333E+01  0.2503594E-04  0.3309915E-02 -0.4461371E-06  0.7941814E-02 -0.1699492E-06
  0.4547983333333E+03  0.1444379E+01  0.2538912E-04  0.3309104E-02 -0.4509178E-06  0.7941505E-02 -0.1717383E-06
  0.4565983333333E+03  0.1444424E+01  0.2526996E-04  0.3308299E-02 -0.4472918E-06  0.7941198E-02 -0.1703231E-06
  0.4584316666667E+03  0.1444469E+01  0.2469498E-04  0.3307500E-02 -0.4356435E-06  0.7940894E-02 -0.1658500E-06
  0.4602650000000E+03  0.1444515E+01  0.2503429E-04  0.3306693E-02 -0.4401399E-06  0.7940587E-02 -0.1675242E-06
  0.4620983333333E+03  0.1444561E+01  0.2491635E-04  0.3305893E-02 -0.4365804E-06  0.7940282E-02 -0.1661299E-06
  0.4639316666667E+03  0.1444607E+01  0.2479990E-04  0.3305099E-02 -0.4330655E-06  0.7939980E-02 -0.1647489E-06
  0.4657983333333E+03  0.1444652E+01  0.2424375E-04  0.3304311E-02 -0.4219223E-06  0.7939681E-02 -0.1604657E-06
  0.4676650000000E+03  0.1444698E+01  0.2456889E-04  0.3303516E-02 -0.4261324E-06  0.7939378E-02 -0.1620225E-06
  0.4695316666667E+03  0.1444743E+01  0.2445331E-04  0.3302727E-02 -0.4226833E-06  0.7939078E-02 -0.1606647E-06
  0.4714316666667E+03  0.1444789E+01  0.2391218E-04  0.3301944E-02 -0.4119215E-06  0.7938781E-02 -0.1565250E-06
  0.4733316666667E+03  0.1444835E+01  0.2422478E-04  0.3301154E-02 -0.4158828E-06  0.7938481E-02 -0.1579807E-06
  0.4752316666667E+03  0.1444881E+01  0.2411048E-04  0.3300370E-02 -0.4125013E-06  0.7938183E-02 -0.1566446E-06
  0.4771650000000E+03  0.1444926E+01  0.2358386E-04  0.3299593E-02 -0.4021075E-06  0.7937888E-02 -0.1526437E-06
  0.4790983333333E+03  0.1444972E+01  0.2388451E-04  0.3298808E-02 -0.4058354E-06  0.7937590E-02 -0.1540041E-06
  0.4810316666667E+03  0.1445018E+01  0.2377152E-04  0.3298030E-02 -0.4025222E-06  0.7937295E-02 -0.1526901E-06
  0.4829983333333E+03  0.1445064E+01  0.2325892E-04  0.3297258E-02 -0.3924836E-06  0.7937002E-02 -0.1488234E-06
  0.4849650000000E+03  0.1445110E+01  0.2354815E-04  0.3296479E-02 -0.3959924E-06  0.7936707E-02 -0.1500940E-06
  0.4869316666667E+03  0.1445156E+01  0.2343650E-04  0.3295707E-02 -0.3927482E-06  0.7936415E-02 -0.1488026E-06
  0.4889316666667E+03  0.1445202E+01  0.2293748E-04  0.3294941E-02 -0.3830524E-06  0.7936124E-02 -0.1450657E-06
  0.4909316666667E+03  0.1445249E+01  0.2321581E-04  0.3294168E-02 -0.3863556E-06  0.7935832E-02 -0.1462518E-06
  0.4929316666667E+03  0.1445295E+01  0.2310552E-04  0.3293402E-02 -0.3831809E-06  0.7935542E-02 -0.1449833E-06
  0.4949650000000E+03  0.1445341E+01  0.2261962E-04  0.3292641E-02 -0.3738160E-06  0.7935254E-02 -0.1413719E-06
  0.4969983333333E+03  0.1445387E+01  0.2288755E-04  0.3291875E-02 -0.3769264E-06  0.7934965E-02 -0.1424785E-06
  0.4990316666667E+03  0.1445434E+01  0.2277865E-04  0.3291115E-02 -0.3738216E-06  0.7934678E-02 -0.1412333E-06
  0.5010983333333E+03  0.1445480E+01  0.2230545E-04  0.3290361E-02 -0.3647759E-06  0.7934393E-02 -0.1377432E-06
  0.5031650000000E+03  0.1445527E+01  0.2256343E-04  0.3289601E-02 -0.3677057E-06  0.7934106E-02 -0.1387750E-06
  0.5052316666667E+03  0.1445573E+01  0.2245594E-04  0.3288848E-02 -0.3646708E-06  0.7933822E-02 -0.1375533E-06
  0.5073316666667E+03  0.1445619E+01  0.2199504E-04  0.3288100E-02 -0.3559334E-06  0.7933540E-02 -0.1341806E-06
  0.5094316666667E+03  0.1445666E+01  0.2224353E-04  0.3287347E-02 -0.3586938E-06  0.7933256E-02 -0.1351421E-06
  0.5115316666667E+03  0.1445712E+01  0.2213746E-04  0.3286600E-02 -0.3557289E-06  0.7932975E-02 -0.1339441E-06
  0.5136650000000E+03  0.1445759E+01  0.2168845E-04  0.3285859E-02 -0.3472890E-06  0.7932696E-02 -0.1306849E-06
  0.5157983333333E+03  0.1445805E+01  0.2192787E-04  0.3285112E-02 -0.3498907E-06  0.7932415E-02 -0.1315802E-06
  0.5179650000000E+03  0.1445852E+01  0.2148750E-04  0.3284372E-02 -0.3416573E-06  0.7932137E-02 -0.1283999E-06
  0.5201316666667E+03  0.1445899E+01  0.2171882E-04  0.3283627E-02 -0.3441165E-06  0.7931857E-02 -0.1292370E-06
  0.5222983333333E+03  0.1445946E+01  0.2161463E-04  0.3282887E-02 -0.3412537E-06  0.7931580E-02 -0.1280730E-06
  0.5244983333333E+03  0.1445992E+01  0.2118580E-04  0.3282154E-02 -0.3332997E-06  0.7931305E-02 -0.1249990E-06
  0.5266983333333E+03  0.1446040E+01  0.2140879E-04  0.3281416E-02 -0.3356186E-06  0.7931028E-02 -0.1257772E-06
  0.5288983333333E+03  0.1446086E+01  0.2130608E-04  0.3280683E-02 -0.3328264E-06  0.7930754E-02 -0.1246376E-06
  0.5311316666667E+03  0.1446133E+01  0.2088817E-04  0.3279957E-02 -0.3251434E-06  0.7930482E-02 -0.1216676E-06
  0.5333650000000E+03  0.1446180E+01  0.2110318E-04  0.3279226E-02 -0.3273310E-06  0.7930209E-02 -0.1223905E-06
  0.5356316666667E+03  0.1446227E+01  0.2069311E-04  0.3278501E-02 -0.3198352E-06  0.7929938E-02 -0.1194919E-06
  0.5378983333333E+03  0.1446274E+01  0.2090099E-04  0.3277772E-02 -0.3219032E-06  0.7929666E-02 -0.1201656E-06
  0.5401650000000E+03  0.1446322E+01  0.2080028E-04  0.3277048E-02 -0.3192145E-06  0.7929396E-02 -0.1190613E-06
  0.5424650000000E+03  0.1446369E+01  0.2040081E-04  0.3276331E-02 -0.3119727E-06  0.7929128E-02 -0.1162603E-06
  0.5447650000000E+03  0.1446416E+01  0.2060136E-04  0.3275608E-02 -0.3139249E-06  0.7928859E-02 -0.1168849E-06
  0.5470650000000E+03  0.1446463E+01  0.2050216E-04  0.3274892E-02 -0.3113063E-06  0.7928593E-02 -0.1158053E-06
  0.5493983333333E+03  0.1446510E+01  0.2011271E-04  0.3274182E-02 -0.3043112E-06  0.7928329E-02 -0.1130994E-06
  0.5517316666667E+03  0.1446557E+01  0.2030625E-04  0.3273468E-02 -0.3061551E-06  0.7928064E-02 -0.1136779E-06
  0.5540983333333E+03  0.1446605E+01  0.1992394E-04  0.3272760E-02 -0.2993296E-06  0.7927801E-02 -0.1110367E-06
  0.5564650000000E+03  0.1446652E+01  0.2011116E-04  0.3272047E-02 -0.3010731E-06  0.7927537E-02 -0.1115736E-06
  0.5588316666667E+03  0.1446699E+01  0.2001405E-04  0.3271341E-02 -0.2985579E-06  0.7927276E-02 -0.1105301E-06
  0.5612316666667E+03  0.1446747E+01  0.1964150E-04  0.3270640E-02 -0.2919632E-06  0.7927016E-02 -0.1079784E-06
  0.5636316666667E+03  0.1446794E+01  0.1982226E-04  0.3269935E-02 -0.2936115E-06  0.7926756E-02 -0.1084745E-06
  0.5660316666667E+03  0.1446842E+01  0.1972668E-04  0.3269236E-02 -0.2911648E-06  0.7926498E-02 -0.1074555E-06
  0.5684650000000E+03  0.1446889E+01  0.1936335E-04  0.3268543E-02 -0.2847945E-06  0.7926243E-02 -0.1049909E-06
  0.5708983333333E+03  0.1446936E+01  0.1953793E-04  0.3267847E-02 -0.2863538E-06  0.7925986E-02 -0.1054487E-06
  0.5733650000000E+03  0.1446984E+01  0.1918112E-04  0.3267156E-02 -0.2801371E-06  0.7925732E-02 -0.1030425E-06
  0.5758316666667E+03  0.1447031E+01  0.1935011E-04  0.3266461E-02 -0.2816123E-06  0.7925477E-02 -0.1034653E-06
  0.5782983333333E+03  0.1447079E+01  0.1925665E-04  0.3265772E-02 -0.2792672E-06  0.7925224E-02 -0.1024824E-06
  0.5807983333333E+03  0.1447126E+01  0.1890883E-04  0.3265089E-02 -0.2732600E-06  0.7924974E-02 -0.1001583E-06
  0.5832983333333E+03  0.1447174E+01  0.1907212E-04  0.3264402E-02 -0.2746570E-06  0.7924722E-02 -0.1005472E-06
  0.5858316666667E+03  0.1447221E+01  0.1873045E-04  0.3263721E-02 -0.2687943E-06  0.7924473E-02 -0.9827817E-07
  0.5883650000000E+03  0.1447269E+01  0.1888858E-04  0.3263037E-02 -0.2701163E-06  0.7924223E-02 -0.9863572E-07
  0.5908983333333E+03  0.1447317E+01  0.1879728E-04  0.3262358E-02 -0.2678715E-06  0.7923976E-02 -0.9768886E-07
  0.5934650000000E+03  0.1447364E+01  0.1846415E-04  0.3261685E-02 -0.2622061E-06  0.7923731E-02 -0.9549754E-07
  0.5960316666667E+03  0.1447412E+01  0.1861701E-04  0.3261009E-02 -0.2634594E-06  0.7923485E-02 -0.9582519E-07
  0.5986316666667E+03  0.1447459E+01  0.1828972E-04  0.3260339E-02 -0.2579299E-06  0.7923241E-02 -0.9368553E-07
  0.6012316666667E+03  0.1447507E+01  0.1843779E-04  0.3259665E-02 -0.2591164E-06  0.7922997E-02 -0.9398515E-07
  0.6038650000000E+03  0.1447555E+01  0.1811641E-04  0.3258997E-02 -0.2537174E-06  0.7922755E-02 -0.9189591E-07
  0.6064983333333E+03  0.1447603E+01  0.1825987E-04  0.3258326E-02 -0.2548406E-06  0.7922512E-02 -0.9216893E-07
  0.6091316666667E+03  0.1447651E+01  0.1817140E-04  0.3257660E-02 -0.2527281E-06  0.7922272E-02 -0.9126983E-07
  0.6117983333333E+03  0.1447699E+01  0.1785797E-04  0.3257000E-02 -0.2475103E-06  0.7922034E-02 -0.8925273E-07
  0.6144650000000E+03  0.1447747E+01  0.1799675E-04  0.3256337E-02 -0.2485772E-06  0.7921795E-02 -0.8950093E-07
  0.6171650000000E+03  0.1447794E+01  0.1768871E-04  0.3255680E-02 -0.2434841E-06  0.7921559E-02 -0.8753117E-07
  0.6198650000000E+03  0.1447842E+01  0.1782322E-04  0.3255020E-02 -0.2444945E-06  0.7921322E-02 -0.8775561E-07
  0.6225983333333E+03  0.1447890E+01  0.1752065E-04  0.3254365E-02 -0.2395210E-06  0.7921087E-02 -0.8583224E-07
  0.6253316666667E+03  0.1447939E+01  0.1765102E-04  0.3253708E-02 -0.2404779E-06  0.7920852E-02 -0.8603413E-07
  0.6280650000000E+03  0.1447987E+01  0.1756544E-04  0.3253056E-02 -0.2384945E-06  0.7920619E-02 -0.8518237E-07
  0.6308316666667E+03  0.1448034E+01  0.1727029E-04  0.3252409E-02 -0.2336874E-06  0.7920389E-02 -0.8332588E-07
  0.6335983333333E+03  0.1448082E+01  0.1739651E-04  0.3251760E-02 -0.2345981E-06  0.7920158E-02 -0.8350725E-07
  0.6363983333333E+03  0.1448130E+01  0.1710635E-04  0.3251117E-02 -0.2299053E-06  0.7919929E-02 -0.8169410E-07
  0.6391983333333E+03  0.1448179E+01  0.1722874E-04  0.3250470E-02 -0.2307683E-06  0.7919700E-02 -0.8185533E-07
  0.6420316666667E+03  0.1448227E+01  0.1694366E-04  0.3249829E-02 -0.2261849E-06  0.7919473E-02 -0.8008483E-07
  0.6448650000000E+03  0.1448275E+01  0.1706234E-04  0.3249186E-02 -0.2270028E-06  0.7919246E-02 -0.8022697E-07
  0.6477316666667E+03  0.1448323E+01  0.1678223E-04  0.3248548E-02 -0.2225261E-06  0.7919020E-02 -0.7849814E-07
  0.6505983333333E+03  0.1448372E+01  0.1689734E-04  0.3247908E-02 -0.2233011E-06  0.7918795E-02 -0.7862219E-07
  0.6534983333333E+03  0.1448420E+01  0.1662208E-04  0.3247273E-02 -0.2189286E-06  0.7918572E-02 -0.7693407E-07
  0.6563983333333E+03  0.1448468E+01  0.1673374E-04  0.3246636E-02 -0.2196631E-06  0.7918349E-02 -0.7704097E-07
  0.6593316666667E+03  0.1448517E+01  0.1646324E-04  0.3246005E-02 -0.2153921E-06  0.7918127E-02 -0.7539262E-07
  0.6622650000000E+03  0.1448565E+01  0.1657156E-04  0.3245371E-02 -0.2160882E-06  0.7917906E-02 -0.7548327E-07
  0.6652316666667E+03  0.1448614E+01  0.1630572E-04  0.3244742E-02 -0.2119162E-06  0.7917687E-02 -0.7387377E-07
  0.6681983333333E+03  0.1448662E+01  0.1641082E-04  0.3244111E-02 -0.2125760E-06  0.7917467E-02 -0.7394904E-07
  0.6711983333333E+03  0.1448711E+01  0.1614954E-04  0.3243486E-02 -0.2085006E-06  0.7917250E-02 -0.7237748E-07
  0.6741983333333E+03  0.1448759E+01  0.1625153E-04  0.3242858E-02 -0.2091259E-06  0.7917033E-02 -0.7243818E-07
  0.6772316666667E+03  0.1448808E+01  0.1599471E-04  0.3242236E-02 -0.2051447E-06  0.7916818E-02 -0.7090368E-07
  0.6802650000000E+03  0.1448857E+01  0.1609369E-04  0.3241612E-02 -0.2057374E-06  0.7916603E-02 -0.7095060E-07
  0.6833316666667E+03  0.1448905E+01  0.1584124E-04  0.3240993E-02 -0.2018480E-06  0.7916390E-02 -0.6945229E-07
  0.6863983333333E+03  0.1448954E+01  0.1593732E-04  0.3240372E-02 -0.2024099E-06  0.7916177E-02 -0.6948615E-07
  0.6894983333333E+03  0.1449003E+01  0.1568915E-04  0.3239757E-02 -0.1986100E-06  0.7915966E-02 -0.6802320E-07
  0.6925983333333E+03  0.1449052E+01  0.1578241E-04  0.3239139E-02 -0.1991426E-06  0.7915755E-02 -0.6804471E-07
  0.6957316666667E+03  0.1449100E+01  0.1553844E-04  0.3238527E-02 -0.1954300E-06  0.7915546E-02 -0.6661628E-07
  0.6988650000000E+03  0.1449149E+01  0.1562899E-04  0.3237913E-02 -0.1959349E-06  0.7915337E-02 -0.6662610E-07
  0.7020316666667E+03  0.1449198E+01  0.1538911E-04  0.3237304E-02 -0.1923073E-06  0.7915131E-02 -0.6523137E-07
  0.7051983333333E+03  0.1449247E+01  0.1547704E-04  0.3236694E-02 -0.1927860E-06  0.7914924E-02 -0.6523015E-07
  0.7083983333333E+03  0.1449296E+01  0.1524119E-04  0.3236088E-02 -0.1892413E-06  0.7914720E-02 -0.6386833E-07
  0.7115983333333E+03  0.1449345E+01  0.1532658E-04  0.3235481E-02 -0.1896951E-06  0.7914515E-02 -0.6385666E-07
  0.7148316666667E+03  0.1449394E+01  0.1509467E-04  0.3234879E-02 -0.1862312E-06  0.7914313E-02 -0.6252697E-07
  0.7180650000000E+03  0.1449443E+01  0.1517760E-04  0.3234275E-02 -0.1866613E-06  0.7914111E-02 -0.6250543E-07
  0.7213316666667E+03  0.1449492E+01  0.1494955E-04  0.3233677E-02 -0.1832763E-06  0.7913911E-02 -0.6120711E-07
  0.7245983333333E+03  0.1449541E+01  0.1503011E-04  0.3233077E-02 -0.1836840E-06  0.7913711E-02 -0.6117623E-07
  0.7278983333333E+03  0.1449590E+01  0.1480585E-04  0.3232481E-02 -0.1803757E-06  0.7913514E-02 -0.5990853E-07
  0.7311983333333E+03  0.1449639E+01  0.1488412E-04  0.3231885E-02 -0.1807622E-06  0.7913316E-02 -0.5986884E-07
  0.7345316666667E+03  0.1449688E+01  0.1466356E-04  0.3231293E-02 -0.1775286E-06  0.7913121E-02 -0.5863103E-07
  0.7378983333333E+03  0.1449737E+01  0.1459367E-04  0.3230700E-02 -0.1761336E-06  0.7912925E-02 -0.5800298E-07
  0.7412650000000E+03  0.1449786E+01  0.1466741E-04  0.3230106E-02 -0.1764764E-06  0.7912730E-02 -0.5794398E-07
  0.7446650000000E+03  0.1449835E+01  0.1445264E-04  0.3229517E-02 -0.1733531E-06  0.7912537E-02 -0.5674944E-07
  0.7480650000000E+03  0.1449885E+01  0.1452444E-04  0.3228926E-02 -0.1736759E-06  0.7912345E-02 -0.5668397E-07
  0.7514983333333E+03  0.1449934E+01  0.1431319E-04  0.3228340E-02 -0.1706229E-06  0.7912154E-02 -0.5551768E-07
  0.7549316666667E+03  0.1449983E+01  0.1438297E-04  0.3227753E-02 -0.1709285E-06  0.7911964E-02 -0.5544522E-07
  0.7583983333333E+03  0.1450032E+01  0.1417518E-04  0.3227171E-02 -0.1679439E-06  0.7911775E-02 -0.5430650E-07
  0.7618983333333E+03  0.1450082E+01  0.1410737E-04  0.3226588E-02 -0.1666310E-06  0.7911587E-02 -0.5371099E-07
  0.7653983333333E+03  0.1450131E+01  0.1417314E-04  0.3226004E-02 -0.1669004E-06  0.7911400E-02 -0.5362241E-07
  0.7689316666667E+03  0.1450181E+01  0.1397072E-04  0.3225424E-02 -0.1640165E-06  0.7911214E-02 -0.5252344E-07
  0.7724650000000E+03  0.1450230E+01  0.1403479E-04  0.3224844E-02 -0.1642693E-06  0.7911029E-02 -0.5243006E-07
  0.7760316666667E+03  0.1450280E+01  0.1383566E-04  0.3224268E-02 -0.1614497E-06  0.7910846E-02 -0.5135712E-07
  0.7795983333333E+03  0.1450329E+01  0.1389796E-04  0.3223691E-02 -0.1616887E-06  0.7910663E-02 -0.5125826E-07
  0.7831983333333E+03  0.1450379E+01  0.1370205E-04  0.3223119E-02 -0.1589316E-06  0.7910482E-02 -0.5021073E-07
  0.7868316666667E+03  0.1450428E+01  0.1363637E-04  0.3222546E-02 -0.1576972E-06  0.7910302E-02 -0.4964701E-07
  0.7904650000000E+03  0.1450478E+01  0.1369511E-04  0.3221973E-02 -0.1579060E-06  0.7910122E-02 -0.4953470E-07
  0.7941316666667E+03  0.1450527E+01  0.1350419E-04  0.3221403E-02 -0.1552407E-06  0.7909944E-02 -0.4852368E-07
  0.7978316666667E+03  0.1450577E+01  0.1343926E-04  0.3220833E-02 -0.1540355E-06  0.7909766E-02 -0.4797184E-07
  0.8015316666667E+03  0.1450627E+01  0.1349475E-04  0.3220263E-02 -0.1542149E-06  0.7909589E-02 -0.4784834E-07
  0.8052650000000E+03  0.1450677E+01  0.1330867E-04  0.3219697E-02 -0.1516380E-06  0.7909414E-02 -0.4687260E-07
  0.8089983333333E+03  0.1450727E+01  0.1336277E-04  0.3219130E-02 -0.1518050E-06  0.7909240E-02 -0.4674630E-07
  0.8127650000000E+03  0.1450776E+01  0.1317967E-04  0.3218568E-02 -0.1492847E-06  0.7909067E-02 -0.4579376E-07
  0.8165650000000E+03  0.1450826E+01  0.1311624E-04  0.3218005E-02 -0.1481307E-06  0.7908895E-02 -0.4526323E-07
  0.8203650000000E+03  0.1450876E+01  0.1316725E-04  0.3217441E-02 -0.1482737E-06  0.7908724E-02 -0.4512623E-07
  0.8241983333333E+03  0.1450926E+01  0.1298875E-04  0.3216882E-02 -0.1458361E-06  0.7908554E-02 -0.4420693E-07
  0.8280650000000E+03  0.1450976E+01  0.1292609E-04  0.3216323E-02 -0.1447100E-06  0.7908386E-02 -0.4368804E-07
  0.8319316666667E+03  0.1451026E+01  0.1297430E-04  0.3215763E-02 -0.1448292E-06  0.7908217E-02 -0.4354247E-07
  0.8358316666667E+03  0.1451076E+01  0.1280026E-04  0.3215207E-02 -0.1424713E-06  0.7908051E-02 -0.4265528E-07
  0.8397650000000E+03  0.1451126E+01  0.1273841E-04  0.3214651E-02 -0.1413724E-06  0.7907885E-02 -0.4214797E-07
  0.8436983333333E+03  0.1451176E+01  0.1278397E-04  0.3214095E-02 -0.1414699E-06  0.7907720E-02 -0.4199473E-07
  0.8476650000000E+03  0.1451226E+01  0.1261425E-04  0.3213542E-02 -0.1391887E-06  0.7907557E-02 -0.4113856E-07
  0.8516650000000E+03  0.1451277E+01  0.1255322E-04  0.3212990E-02 -0.1381166E-06  0.7907394E-02 -0.4064274E-07
  0.8556650000000E+03  0.1451327E+01  0.1259628E-04  0.3212437E-02 -0.1381940E-06  0.7907232E-02 -0.4048268E-07
  0.8596983333333E+03  0.1451377E+01  0.1243075E-04  0.3211889E-02 -0.1359866E-06  0.7907072E-02 -0.3965650E-07
  0.8637650000000E+03  0.1451427E+01  0.1237055E-04  0.3211340E-02 -0.1349407E-06  0.7906913E-02 -0.3917207E-07
  0.8678316666667E+03  0.1451478E+01  0.1241125E-04  0.3210791E-02 -0.1349998E-06  0.7906754E-02 -0.3900596E-07
  0.8719316666667E+03  0.1451528E+01  0.1224979E-04  0.3210246E-02 -0.1328633E-06  0.7906598E-02 -0.3820875E-07
  0.8760650000000E+03  0.1451579E+01  0.1219042E-04  0.3209701E-02 -0.1318431E-06  0.7906442E-02 -0.3773560E-07
  0.8801983333333E+03  0.1451629E+01  0.1222890E-04  0.3209156E-02 -0.1318854E-06  0.7906286E-02 -0.3756417E-07
  0.8843650000000E+03  0.1451679E+01  0.1207139E-04  0.3208615E-02 -0.1298172E-06  0.7906133E-02 -0.3679497E-07
  0.8885650000000E+03  0.1451730E+01  0.1201286E-04  0.3208074E-02 -0.1288221E-06  0.7905980E-02 -0.3633298E-07
  0.8927983333333E+03  0.1451780E+01  0.1195436E-04  0.3207533E-02 -0.1278343E-06  0.7905829E-02 -0.3587218E-07
  0.8970316666667E+03  0.1451831E+01  0.1198965E-04  0.3206992E-02 -0.1278508E-06  0.7905678E-02 -0.3569273E-07
  0.9012983333333E+03  0.1451882E+01  0.1183733E-04  0.3206455E-02 -0.1258698E-06  0.7905528E-02 -0.3495902E-07
  0.9055983333333E+03  0.1451932E+01  0.1177977E-04  0.3205918E-02 -0.1249048E-06  0.7905380E-02 -0.3451056E-07
  0.9098983333333E+03  0.1451983E+01  0.1181313E-04  0.3205381E-02 -0.1249077E-06  0.7905232E-02 -0.3432739E-07
  0.9142316666667E+03  0.1452034E+01  0.1166450E-04  0.3204848E-02 -0.1229893E-06  0.7905087E-02 -0.3361963E-07
  0.9185983333333E+03  0.1452084E+01  0.1160781E-04  0.3204315E-02 -0.1220482E-06  0.7904942E-02 -0.3318212E-07
  0.9229983333333E+03  0.1452135E+01  0.1155116E-04  0.3203782E-02 -0.1211141E-06  0.7904798E-02 -0.3274582E-07
  0.9273983333333E+03  0.1452186E+01  0.1158173E-04  0.3203249E-02 -0.1210959E-06  0.7904654E-02 -0.3255684E-07
  0.9318316666667E+03  0.1452237E+01  0.1143795E-04  0.3202720E-02 -0.1192573E-06  0.7904513E-02 -0.3188193E-07
  0.9362983333333E+03  0.1452288E+01  0.1138226E-04  0.3202192E-02 -0.1183448E-06  0.7904373E-02 -0.3145775E-07
  0.9407983333333E+03  0.1452339E+01  0.1132663E-04  0.3201663E-02 -0.1174392E-06  0.7904233E-02 -0.3103480E-07
  0.9452983333333E+03  0.1452390E+01  0.1135464E-04  0.3201135E-02 -0.1174023E-06  0.7904094E-02 -0.3084116E-07
  0.9498316666667E+03  0.1452441E+01  0.1121550E-04  0.3200611E-02 -0.1156396E-06  0.7903957E-02 -0.3019774E-07
  0.9543983333333E+03  0.1452492E+01  0.1116083E-04  0.3200087E-02 -0.1147550E-06  0.7903821E-02 -0.2978680E-07
  0.9589983333333E+03  0.1452543E+01  0.1110623E-04  0.3199563E-02 -0.1138773E-06  0.7903686E-02 -0.2937709E-07
  0.9636316666667E+03  0.1452594E+01  0.1105179E-04  0.3199039E-02 -0.1130048E-06  0.7903552E-02 -0.2896993E-07
  0.9682650000000E+03  0.1452645E+01  0.1107663E-04  0.3198516E-02 -0.1129443E-06  0.7903419E-02 -0.2877087E-07
  0.9729316666667E+03  0.1452696E+01  0.1094311E-04  0.3197997E-02 -0.1112713E-06  0.7903287E-02 -0.2816469E-07
  0.9776316666667E+03  0.1452747E+01  0.1088964E-04  0.3197478E-02 -0.1104191E-06  0.7903157E-02 -0.2776944E-07
  0.9823650000000E+03  0.1452799E+01  0.1083625E-04  0.3196959E-02 -0.1095736E-06  0.7903027E-02 -0.2737546E-07
  0.9871316666667E+03  0.1452850E+01  0.1078303E-04  0.3196441E-02 -0.1087332E-06  0.7902898E-02 -0.2698406E-07
  0.9918983333333E+03  0.1452902E+01  0.1080501E-04  0.3195923E-02 -0.1086525E-06  0.7902771E-02 -0.2678125E-07
  0.9966983333333E+03  0.1452953E+01  0.1067684E-04  0.3195409E-02 -0.1070640E-06  0.7902645E-02 -0.2621049E-07
  0.1001531666667E+04  0.1453004E+01  0.1062459E-04  0.3194895E-02 -0.1062432E-06  0.7902520E-02 -0.2583088E-07
  0.1006398333333E+04  0.1453056E+01  0.1057243E-04  0.3194382E-02 -0.1054290E-06  0.7902396E-02 -0.2545255E-07
  0.1011298333333E+04  0.1453107E+01  0.1052045E-04  0.3193870E-02 -0.1046198E-06  0.7902273E-02 -0.2507682E-07
  0.1016231666667E+04  0.1453159E+01  0.1046865E-04  0.3193357E-02 -0.1038156E-06  0.7902151E-02 -0.2470371E-07
  0.1021165000000E+04  0.1453211E+01  0.1048741E-04  0.3192846E-02 -0.1037125E-06  0.7902031E-02 -0.2449766E-07
  0.1026131666667E+04  0.1453262E+01  0.1036536E-04  0.3192338E-02 -0.1022188E-06  0.7901912E-02 -0.2396689E-07
  0.1031131666667E+04  0.1453314E+01  0.1031452E-04  0.3191831E-02 -0.1014334E-06  0.7901794E-02 -0.2360545E-07
  0.1036165000000E+04  0.1453365E+01  0.1026380E-04  0.3191324E-02 -0.1006545E-06  0.7901677E-02 -0.2324531E-07
  0.1041231666667E+04  0.1453417E+01  0.1021326E-04  0.3190818E-02 -0.9988044E-07  0.7901561E-02 -0.2288780E-07
  0.1046331666667E+04  0.1453469E+01  0.1016290E-04  0.3190313E-02 -0.9911127E-07  0.7901446E-02 -0.2253293E-07
  0.1051465000000E+04  0.1453521E+01  0.1011273E-04  0.3189808E-02 -0.9834698E-07  0.7901332E-02 -0.2218072E-07
  0.1056631666667E+04  0.1453573E+01  0.1006276E-04  0.3189304E-02 -0.9758755E-07  0.7901219E-02 -0.2183117E-07
  0.1061798333333E+04  0.1453625E+01  0.1007757E-04  0.3188800E-02 -0.9745772E-07  0.7901107E-02 -0.2162292E-07
  0.1066998333333E+04  0.1453677E+01  0.9963196E-05  0.3188301E-02 -0.9608022E-07  0.7900997E-02 -0.2114169E-07
  0.1072231666667E+04  0.1453729E+01  0.9914184E-05  0.3187802E-02 -0.9533863E-07  0.7900888E-02 -0.2080366E-07
  0.1077498333333E+04  0.1453781E+01  0.9865301E-05  0.3187303E-02 -0.9460336E-07  0.7900781E-02 -0.2046698E-07
  0.1082798333333E+04  0.1453833E+01  0.9816611E-05  0.3186806E-02 -0.9387280E-07  0.7900674E-02 -0.2013297E-07
  0.1088131666667E+04  0.1453885E+01  0.9768116E-05  0.3186309E-02 -0.9314696E-07  0.7900568E-02 -0.1980162E-07
  0.1093498333333E+04  0.1453937E+01  0.9719817E-05  0.3185813E-02 -0.9242584E-07  0.7900464E-02 -0.1947296E-07
  0.1098898333333E+04  0.1453989E+01  0.9671717E-05  0.3185318E-02 -0.9170941E-07  0.7900360E-02 -0.1914700E-07
  0.1104331666667E+04  0.1454041E+01  0.9623816E-05  0.3184823E-02 -0.9099768E-07  0.7900258E-02 -0.1882374E-07
  0.1109798333333E+04  0.1454094E+01  0.9576116E-05  0.3184330E-02 -0.9029064E-07  0.7900157E-02 -0.1850319E-07
  0.1115298333333E+04  0.1454146E+01  0.9528619E-05  0.3183837E-02 -0.8958827E-07  0.7900057E-02 -0.1818536E-07
  0.1120831666667E+04  0.1454199E+01  0.9481325E-05  0.3183345E-02 -0.8889057E-07  0.7899958E-02 -0.1787025E-07
  0.1126398333333E+04  0.1454251E+01  0.9434236E-05  0.3182854E-02 -0.8819752E-07  0.7899860E-02 -0.1755788E-07
  0.1131998333333E+04  0.1454304E+01  0.9387353E-05  0.3182364E-02 -0.8750911E-07  0.7899764E-02 -0.1724826E-07
  0.1137631666667E+04  0.1454356E+01  0.9340678E-05  0.3181875E-02 -0.8682534E-07  0.7899668E-02 -0.1694138E-07
  0.1143265000000E+04  0.1454409E+01  0.9349206E-05  0.3181387E-02 -0.8665591E-07  0.7899574E-02 -0.1673570E-07
  0.1148931666667E+04  0.1454461E+01  0.9247822E-05  0.3180903E-02 -0.8546915E-07  0.7899482E-02 -0.1633752E-07
  0.1154631666667E+04  0.1454514E+01  0.9202100E-05  0.3180419E-02 -0.8480163E-07  0.7899390E-02 -0.1604192E-07
  0.1160365000000E+04  0.1454566E+01  0.9156530E-05  0.3179937E-02 -0.8414012E-07  0.7899300E-02 -0.1574774E-07
  0.1166131666667E+04  0.1454619E+01  0.9111166E-05  0.3179455E-02 -0.8348306E-07  0.7899211E-02 -0.1545627E-07
  0.1171931666667E+04  0.1454671E+01  0.9066008E-05  0.3178975E-02 -0.8283045E-07  0.7899123E-02 -0.1516754E-07
  0.1177765000000E+04  0.1454724E+01  0.9021059E-05  0.3178496E-02 -0.8218227E-07  0.7899036E-02 -0.1488153E-07
  0.1183631666667E+04  0.1454777E+01  0.8976317E-05  0.3178017E-02 -0.8153850E-07  0.7898950E-02 -0.1459826E-07
  0.1189565000000E+04  0.1454829E+01  0.8881606E-05  0.3177540E-02 -0.8044465E-07  0.7898866E-02 -0.1423730E-07
  0.1195531666667E+04  0.1454882E+01  0.8887567E-05  0.3177061E-02 -0.8026636E-07  0.7898782E-02 -0.1403831E-07
  0.1201531666667E+04  0.1454935E+01  0.8843155E-05  0.3176583E-02 -0.7963365E-07  0.7898699E-02 -0.1376048E-07
  0.1207565000000E+04  0.1454989E+01  0.8799007E-05  0.3176107E-02 -0.7900388E-07  0.7898618E-02 -0.1348674E-07
  0.1213631666667E+04  0.1455042E+01  0.8755075E-05  0.3175631E-02 -0.7837853E-07  0.7898538E-02 -0.1321581E-07
  0.1219731666667E+04  0.1455095E+01  0.8711359E-05  0.3175157E-02 -0.7775759E-07  0.7898459E-02 -0.1294767E-07
  0.1225865000000E+04  0.1455148E+01  0.8667860E-05  0.3174684E-02 -0.7714102E-07  0.7898381E-02 -0.1268234E-07
  0.1232031666667E+04  0.1455201E+01  0.8624577E-05  0.3174212E-02 -0.7652882E-07  0.7898305E-02 -0.1241980E-07
  0.1238231666667E+04  0.1455254E+01  0.8581511E-05  0.3173741E-02 -0.7592096E-07  0.7898229E-02 -0.1216007E-07
  0.1244465000000E+04  0.1455308E+01  0.8538663E-05  0.3173271E-02 -0.7531742E-07  0.7898155E-02 -0.1190314E-07
  0.1250731666667E+04  0.1455361E+01  0.8496031E-05  0.3172803E-02 -0.7471818E-07  0.7898082E-02 -0.1164901E-07
  0.1257031666667E+04  0.1455414E+01  0.8453616E-05  0.3172336E-02 -0.7412322E-07  0.7898010E-02 -0.1139769E-07
  0.1263365000000E+04  0.1455467E+01  0.8411418E-05  0.3171871E-02 -0.7353252E-07  0.7897940E-02 -0.1114916E-07
  0.1269731666667E+04  0.1455521E+01  0.8369438E-05  0.3171406E-02 -0.7294605E-07  0.7897870E-02 -0.1090343E-07
  0.1276165000000E+04  0.1455574E+01  0.8284525E-05  0.3170943E-02 -0.7198886E-07  0.7897802E-02 -0.1060527E-07
  0.1282631666667E+04  0.1455628E+01  0.8286199E-05  0.3170479E-02 -0.7178759E-07  0.7897735E-02 -0.1041874E-07
  0.1289131666667E+04  0.1455681E+01  0.8244612E-05  0.3170016E-02 -0.7121213E-07  0.7897668E-02 -0.1017894E-07
  0.1295665000000E+04  0.1455735E+01  0.8203287E-05  0.3169554E-02 -0.7063945E-07  0.7897603E-02 -0.9943258E-08
  0.1302231666667E+04  0.1455788E+01  0.8162182E-05  0.3169094E-02 -0.7007096E-07  0.7897540E-02 -0.9710407E-08
  0.1308831666667E+04  0.1455842E+01  0.8121297E-05  0.3168636E-02 -0.6950665E-07  0.7897477E-02 -0.9480383E-08
  0.1315465000000E+04  0.1455896E+01  0.8080632E-05  0.3168178E-02 -0.6894649E-07  0.7897416E-02 -0.9253182E-08
  0.1322165000000E+04  0.1455949E+01  0.8000185E-05  0.3167722E-02 -0.6805020E-07  0.7897356E-02 -0.8983880E-08
  0.1328898333333E+04  0.1456003E+01  0.8000019E-05  0.3167265E-02 -0.6784021E-07  0.7897296E-02 -0.8805618E-08
  0.1335665000000E+04  0.1456057E+01  0.7959774E-05  0.3166810E-02 -0.6729101E-07  0.7897238E-02 -0.8584553E-08
  0.1342465000000E+04  0.1456111E+01  0.7919788E-05  0.3166356E-02 -0.6674450E-07  0.7897181E-02 -0.8367607E-08
  0.1349298333333E+04  0.1456165E+01  0.7880023E-05  0.3165904E-02 -0.6620208E-07  0.7897126E-02 -0.8153499E-08
  0.1356198333333E+04  0.1456218E+01  0.7802603E-05  0.3165453E-02 -0.6534651E-07  0.7897071E-02 -0.7903854E-08
  0.1363131666667E+04  0.1456272E+01  0.7801208E-05  0.3165001E-02 -0.6513102E-07  0.7897017E-02 -0.7732176E-08
  0.1370098333333E+04  0.1456327E+01  0.7761880E-05  0.3164551E-02 -0.6459953E-07  0.7896965E-02 -0.7524341E-08
  0.1377098333333E+04  0.1456381E+01  0.7722810E-05  0.3164103E-02 -0.6407067E-07  0.7896914E-02 -0.7320622E-08
  0.1384131666667E+04  0.1456435E+01  0.7683962E-05  0.3163656E-02 -0.6354584E-07  0.7896864E-02 -0.7119745E-08
  0.1391231666667E+04  0.1456489E+01  0.7609442E-05  0.3163211E-02 -0.6272911E-07  0.7896815E-02 -0.6889207E-08
  0.1398365000000E+04  0.1456543E+01  0.7606973E-05  0.3162765E-02 -0.6250965E-07  0.7896767E-02 -0.6724911E-08
  0.1405531666667E+04  0.1456597E+01  0.7568575E-05  0.3162320E-02 -0.6199567E-07  0.7896720E-02 -0.6530406E-08
  0.1412765000000E+04  0.1456651E+01  0.7495729E-05  0.3161878E-02 -0.6120092E-07  0.7896674E-02 -0.6310788E-08
  0.1420031666667E+04  0.1456706E+01  0.7492550E-05  0.3161435E-02 -0.6097827E-07  0.7896630E-02 -0.6150876E-08
  0.1427331666667E+04  0.1456760E+01  0.7454643E-05  0.3160993E-02 -0.6047375E-07  0.7896586E-02 -0.5964084E-08
  0.1434665000000E+04  0.1456815E+01  0.7416992E-05  0.3160553E-02 -0.5997177E-07  0.7896544E-02 -0.5781396E-08
  0.1442065000000E+04  0.1456869E+01  0.7346322E-05  0.3160115E-02 -0.5920581E-07  0.7896502E-02 -0.5576313E-08
  0.1449498333333E+04  0.1456924E+01  0.7342391E-05  0.3159677E-02 -0.5898095E-07  0.7896462E-02 -0.5422981E-08
  0.1456965000000E+04  0.1456978E+01  0.7305208E-05  0.3159240E-02 -0.5848974E-07  0.7896423E-02 -0.5246798E-08
  0.1464498333333E+04  0.1457033E+01  0.7236116E-05  0.3158805E-02 -0.5774439E-07  0.7896385E-02 -0.5052245E-08
  0.1472065000000E+04  0.1457087E+01  0.7231599E-05  0.3158370E-02 -0.5751756E-07  0.7896348E-02 -0.4903900E-08
  0.1479665000000E+04  0.1457142E+01  0.7194920E-05  0.3157936E-02 -0.5703572E-07  0.7896312E-02 -0.4735516E-08
  0.1487331666667E+04  0.1457197E+01  0.7127369E-05  0.3157505E-02 -0.5631044E-07  0.7896277E-02 -0.4551330E-08
  0.1495031666667E+04  0.1457252E+01  0.7122315E-05  0.3157073E-02 -0.5608212E-07  0.7896243E-02 -0.4408203E-08
  0.1502765000000E+04  0.1457306E+01  0.7086146E-05  0.3156643E-02 -0.5560958E-07  0.7896210E-02 -0.4247643E-08
  0.1510565000000E+04  0.1457361E+01  0.7020098E-05  0.3156215E-02 -0.5490385E-07  0.7896178E-02 -0.4073657E-08
  0.1518398333333E+04  0.1457416E+01  0.7014554E-05  0.3155786E-02 -0.5467446E-07  0.7896147E-02 -0.3935951E-08
  0.1526298333333E+04  0.1457471E+01  0.6949450E-05  0.3155360E-02 -0.5398244E-07  0.7896118E-02 -0.3767262E-08
  0.1534231666667E+04  0.1457526E+01  0.6943512E-05  0.3154933E-02 -0.5375160E-07  0.7896089E-02 -0.3633053E-08
  0.1542198333333E+04  0.1457581E+01  0.6908150E-05  0.3154509E-02 -0.5329380E-07  0.7896061E-02 -0.3485364E-08
  0.1550231666667E+04  0.1457636E+01  0.6844517E-05  0.3154086E-02 -0.5261915E-07  0.7896034E-02 -0.3327836E-08
  0.1558298333333E+04  0.1457691E+01  0.6838163E-05  0.3153663E-02 -0.5238795E-07  0.7896009E-02 -0.3199364E-08
  0.1566431666667E+04  0.1457746E+01  0.6775438E-05  0.3153243E-02 -0.5172646E-07  0.7895984E-02 -0.3046977E-08
  0.1574598333333E+04  0.1457802E+01  0.6768742E-05  0.3152822E-02 -0.5149429E-07  0.7895960E-02 -0.2922216E-08
  0.1582831666667E+04  0.1457857E+01  0.6706935E-05  0.3152404E-02 -0.5084444E-07  0.7895937E-02 -0.2776134E-08
  0.1591098333333E+04  0.1457912E+01  0.6699919E-05  0.3151985E-02 -0.5061151E-07  0.7895915E-02 -0.2655169E-08
  0.1599431666667E+04  0.1457968E+01  0.6639017E-05  0.3151569E-02 -0.4997311E-07  0.7895894E-02 -0.2515327E-08
  0.1607798333333E+04  0.1458023E+01  0.6631700E-05  0.3151153E-02 -0.4973961E-07  0.7895874E-02 -0.2398232E-08
  0.1616231666667E+04  0.1458078E+01  0.6571688E-05  0.3150738E-02 -0.4911246E-07  0.7895855E-02 -0.2264564E-08
  0.1624698333333E+04  0.1458134E+01  0.6564090E-05  0.3150325E-02 -0.4887857E-07  0.7895837E-02 -0.2151405E-08
  0.1633231666667E+04  0.1458190E+01  0.6504955E-05  0.3149913E-02 -0.4826247E-07  0.7895820E-02 -0.2023840E-08
  0.1641798333333E+04  0.1458245E+01  0.6497093E-05  0.3149501E-02 -0.4802836E-07  0.7895803E-02 -0.1914677E-08
  0.1650431666667E+04  0.1458301E+01  0.6438821E-05  0.3149092E-02 -0.4742314E-07  0.7895788E-02 -0.1793142E-08
  0.1659098333333E+04  0.1458357E+01  0.6430714E-05  0.3148683E-02 -0.4718895E-07  0.7895773E-02 -0.1688024E-08
  0.1667831666667E+04  0.1458412E+01  0.6373291E-05  0.3148276E-02 -0.4659442E-07  0.7895759E-02 -0.1572442E-08
  0.1676631666667E+04  0.1458468E+01  0.6340845E-05  0.3147870E-02 -0.4618470E-07  0.7895746E-02 -0.1465839E-08
  0.1685465000000E+04  0.1458524E+01  0.6332272E-05  0.3147464E-02 -0.4595082E-07  0.7895734E-02 -0.1365496E-08
  0.1694365000000E+04  0.1458580E+01  0.6276082E-05  0.3147060E-02 -0.4537152E-07  0.7895723E-02 -0.1258545E-08
  0.1703298333333E+04  0.1458636E+01  0.6267327E-05  0.3146657E-02 -0.4513669E-07  0.7895713E-02 -0.1163545E-08
  0.1712298333333E+04  0.1458692E+01  0.6211954E-05  0.3146256E-02 -0.4456766E-07  0.7895703E-02 -0.1062361E-08
  0.1721331666667E+04  0.1458748E+01  0.6203012E-05  0.3145855E-02 -0.4433327E-07  0.7895694E-02 -0.9715448E-09
  0.1730431666667E+04  0.1458804E+01  0.6148445E-05  0.3145457E-02 -0.4377432E-07  0.7895686E-02 -0.8760393E-09
  0.1739565000000E+04  0.1458860E+01  0.6139328E-05  0.3145059E-02 -0.4354049E-07  0.7895679E-02 -0.7894219E-09
  0.1748765000000E+04  0.1458916E+01  0.6085553E-05  0.3144664E-02 -0.4299145E-07  0.7895673E-02 -0.6995023E-09
  0.1757998333333E+04  0.1458972E+01  0.6076276E-05  0.3144269E-02 -0.4275828E-07  0.7895667E-02 -0.6170919E-09
  0.1767298333333E+04  0.1459028E+01  0.6023282E-05  0.3143876E-02 -0.4221898E-07  0.7895662E-02 -0.5326624E-09
  0.1776631666667E+04  0.1459084E+01  0.6013856E-05  0.3143484E-02 -0.4198657E-07  0.7895658E-02 -0.4544600E-09
  0.1786031666667E+04  0.1459140E+01  0.5961629E-05  0.3143095E-02 -0.4145683E-07  0.7895654E-02 -0.3754218E-09
  0.1795465000000E+04  0.1459196E+01  0.5952068E-05  0.3142706E-02 -0.4122527E-07  0.7895651E-02 -0.3014212E-09
  0.1804965000000E+04  0.1459252E+01  0.5900596E-05  0.3142319E-02 -0.4070492E-07  0.7895649E-02 -0.2276724E-09
  0.1814498333333E+04  0.1459308E+01  0.5890909E-05  0.3141933E-02 -0.4047430E-07  0.7895648E-02 -0.1578610E-09
  0.1824098333333E+04  0.1459364E+01  0.5840182E-05  0.3141549E-02 -0.3996318E-07  0.7895647E-02 -0.8929648E-10
  0.1833731666667E+04  0.1459421E+01  0.5830381E-05  0.3141167E-02 -0.3973359E-07  0.7895647E-02 -0.2365455E-10
  0.1843431666667E+04  0.1459477E+01  0.5780385E-05  0.3140786E-02 -0.3923153E-07  0.7895647E-02  0.3983355E-10
  0.1853198333333E+04  0.1459533E+01  0.5750785E-05  0.3140406E-02 -0.3886991E-07  0.7895648E-02  0.1009862E-09
  0.1862998333333E+04  0.1459589E+01  0.5740732E-05  0.3140028E-02 -0.3864232E-07  0.7895650E-02  0.1616325E-09
  0.1872865000000E+04  0.1459645E+01  0.5691795E-05  0.3139651E-02 -0.3815316E-07  0.7895652E-02  0.2177808E-09
  0.1882765000000E+04  0.1459701E+01  0.5681670E-05  0.3139276E-02 -0.3792561E-07  0.7895655E-02  0.2731912E-09
  0.1892731666667E+04  0.1459758E+01  0.5633438E-05  0.3138903E-02 -0.3744515E-07  0.7895658E-02  0.3245299E-09
  0.1902765000000E+04  0.1459814E+01  0.5604552E-05  0.3138530E-02 -0.3709525E-07  0.7895662E-02  0.3746250E-09
  0.1912831666667E+04  0.1459870E+01  0.5594219E-05  0.3138159E-02 -0.3687004E-07  0.7895666E-02  0.4251220E-09
  0.1922965000000E+04  0.1459926E+01  0.5547006E-05  0.3137790E-02 -0.3640194E-07  0.7895671E-02  0.4695173E-09
  0.1933165000000E+04  0.1459983E+01  0.5518530E-05  0.3137423E-02 -0.3605875E-07  0.7895676E-02  0.5132148E-09
  0.1943398333333E+04  0.1460039E+01  0.5508029E-05  0.3137056E-02 -0.3583490E-07  0.7895682E-02  0.5577585E-09
  0.1953698333333E+04  0.1460095E+01  0.5461812E-05  0.3136692E-02 -0.3537888E-07  0.7895688E-02  0.5954544E-09
  0.1964065000000E+04  0.1460152E+01  0.5433747E-05  0.3136328E-02 -0.3504237E-07  0.7895694E-02  0.6329248E-09
  0.1974465000000E+04  0.1460208E+01  0.5423102E-05  0.3135966E-02 -0.3482008E-07  0.7895701E-02  0.6716185E-09
  0.1984931666667E+04  0.1460264E+01  0.5377859E-05  0.3135606E-02 -0.3437585E-07  0.7895709E-02  0.7028705E-09
  0.1995465000000E+04  0.1460321E+01  0.5350205E-05  0.3135248E-02 -0.3404596E-07  0.7895716E-02  0.7343011E-09
  0.2006031666667E+04  0.1460377E+01  0.5339438E-05  0.3134890E-02 -0.3382540E-07  0.7895724E-02  0.7672695E-09
  0.2016665000000E+04  0.1460433E+01  0.5295147E-05  0.3134535E-02 -0.3339269E-07  0.7895733E-02  0.7923439E-09
  0.2027365000000E+04  0.1460490E+01  0.5267905E-05  0.3134181E-02 -0.3306938E-07  0.7895742E-02  0.8179375E-09
  0.2038131666667E+04  0.1460546E+01  0.5240759E-05  0.3133829E-02 -0.3274901E-07  0.7895751E-02  0.8427086E-09
  0.2048965000000E+04  0.1460603E+01  0.5213723E-05  0.3133477E-02 -0.3243048E-07  0.7895760E-02  0.8656073E-09
  0.2059831666667E+04  0.1460659E+01  0.5202707E-05  0.3133127E-02 -0.3221230E-07  0.7895770E-02  0.8893729E-09
  0.2070765000000E+04  0.1460716E+01  0.5159935E-05  0.3132780E-02 -0.3179776E-07  0.7895780E-02  0.9047716E-09
  0.2081765000000E+04  0.1460772E+01  0.5133322E-05  0.3132433E-02 -0.3148466E-07  0.7895790E-02  0.9211208E-09
  0.2092831666667E+04  0.1460829E+01  0.5106810E-05  0.3132088E-02 -0.3117449E-07  0.7895800E-02  0.9367384E-09
  0.2103965000000E+04  0.1460885E+01  0.5080408E-05  0.3131745E-02 -0.3086616E-07  0.7895811E-02  0.9505984E-09
  0.2115165000000E+04  0.1460942E+01  0.5054118E-05  0.3131403E-02 -0.3055968E-07  0.7895821E-02  0.9627234E-09
  0.2126398333333E+04  0.1460998E+01  0.5042859E-05  0.3131062E-02 -0.3034483E-07  0.7895832E-02  0.9760244E-09
  0.2137698333333E+04  0.1461055E+01  0.5001834E-05  0.3130723E-02 -0.2995115E-07  0.7895843E-02  0.9808107E-09
  0.2149065000000E+04  0.1461112E+01  0.4975967E-05  0.3130386E-02 -0.2965009E-07  0.7895855E-02  0.9868784E-09
  0.2160498333333E+04  0.1461168E+01  0.4950204E-05  0.3130051E-02 -0.2935194E-07  0.7895866E-02  0.9923386E-09
  0.2171998333333E+04  0.1461225E+01  0.4924553E-05  0.3129716E-02 -0.2905564E-07  0.7895878E-02  0.9961951E-09
  0.2183565000000E+04  0.1461281E+01  0.4899015E-05  0.3129384E-02 -0.2876119E-07  0.7895889E-02  0.9984741E-09
  0.2195198333333E+04  0.1461338E+01  0.4873591E-05  0.3129053E-02 -0.2846860E-07  0.7895901E-02  0.9992021E-09
  0.2206898333333E+04  0.1461395E+01  0.4848280E-05  0.3128723E-02 -0.2817787E-07  0.7895912E-02  0.9984060E-09
  0.2218665000000E+04  0.1461452E+01  0.4823083E-05  0.3128395E-02 -0.2788901E-07  0.7895924E-02  0.9961134E-09
  0.2230498333333E+04  0.1461508E+01  0.4798000E-05  0.3128068E-02 -0.2760202E-07  0.7895936E-02  0.9923525E-09
  0.2242398333333E+04  0.1461565E+01  0.4773033E-05  0.3127743E-02 -0.2731690E-07  0.7895948E-02  0.9871517E-09
  0.2254365000000E+04  0.1461622E+01  0.4748180E-05  0.3127420E-02 -0.2703366E-07  0.7895959E-02  0.9805400E-09
  0.2266398333333E+04  0.1461679E+01  0.4723443E-05  0.3127098E-02 -0.2675230E-07  0.7895971E-02  0.9725466E-09
  0.2278498333333E+04  0.1461736E+01  0.4698821E-05  0.3126777E-02 -0.2647283E-07  0.7895983E-02  0.9632014E-09
  0.2290665000000E+04  0.1461793E+01  0.4674316E-05  0.3126459E-02 -0.2619525E-07  0.7895994E-02  0.9525345E-09
  0.2302898333333E+04  0.1461849E+01  0.4649926E-05  0.3126142E-02 -0.2591956E-07  0.7896006E-02  0.9405763E-09
  0.2315198333333E+04  0.1461906E+01  0.4625652E-05  0.3125826E-02 -0.2564576E-07  0.7896017E-02  0.9273577E-09
  0.2327565000000E+04  0.1461963E+01  0.4601495E-05  0.3125512E-02 -0.2537386E-07  0.7896028E-02  0.9129096E-09
  0.2339998333333E+04  0.1462020E+01  0.4577454E-05  0.3125200E-02 -0.2510387E-07  0.7896040E-02  0.8972635E-09
  0.2352531666667E+04  0.1462077E+01  0.4541420E-05  0.3124890E-02 -0.2476972E-07  0.7896051E-02  0.8781093E-09
  0.2365131666667E+04  0.1462134E+01  0.4529750E-05  0.3124580E-02 -0.2457052E-07  0.7896061E-02  0.8634175E-09
  0.2377798333333E+04  0.1462191E+01  0.4505991E-05  0.3124272E-02 -0.2430647E-07  0.7896072E-02  0.8452005E-09
  0.2390531666667E+04  0.1462248E+01  0.4482355E-05  0.3123966E-02 -0.2404340E-07  0.7896083E-02  0.8249838E-09
  0.2403331666667E+04  0.1462305E+01  0.4458838E-05  0.3123662E-02 -0.2378227E-07  0.7896093E-02  0.8037253E-09
  0.2416198333333E+04  0.1462362E+01  0.4435439E-05  0.3123359E-02 -0.2352306E-07  0.7896103E-02  0.7814579E-09
  0.2429165000000E+04  0.1462419E+01  0.4400816E-05  0.3123058E-02 -0.2320599E-07  0.7896113E-02  0.7562652E-09
  0.2442198333333E+04  0.1462477E+01  0.4389019E-05  0.3122758E-02 -0.2301135E-07  0.7896122E-02  0.7348975E-09
  0.2455298333333E+04  0.1462534E+01  0.4365911E-05  0.3122460E-02 -0.2275821E-07  0.7896132E-02  0.7105874E-09
  0.2468465000000E+04  0.1462591E+01  0.4342926E-05  0.3122164E-02 -0.2250611E-07  0.7896141E-02  0.6845065E-09
  0.2481731666667E+04  0.1462648E+01  0.4309207E-05  0.3121869E-02 -0.2220006E-07  0.7896149E-02  0.6559270E-09
  0.2495065000000E+04  0.1462706E+01  0.4297337E-05  0.3121576E-02 -0.2200865E-07  0.7896158E-02  0.6306794E-09
  0.2508465000000E+04  0.1462763E+01  0.4274650E-05  0.3121284E-02 -0.2176269E-07  0.7896166E-02  0.6029162E-09
  0.2521965000000E+04  0.1462820E+01  0.4241587E-05  0.3120994E-02 -0.2146469E-07  0.7896174E-02  0.5721210E-09
  0.2535531666667E+04  0.1462877E+01  0.4229663E-05  0.3120706E-02 -0.2127576E-07  0.7896181E-02  0.5442617E-09
  0.2549165000000E+04  0.1462935E+01  0.4207280E-05  0.3120419E-02 -0.2103511E-07  0.7896188E-02  0.5142210E-09
  0.2562898333333E+04  0.1462992E+01  0.4174865E-05  0.3120134E-02 -0.2074512E-07  0.7896195E-02  0.4815095E-09
  0.2576698333333E+04  0.1463050E+01  0.4162904E-05  0.3119850E-02 -0.2055888E-07  0.7896201E-02  0.4513212E-09
  0.2590598333333E+04  0.1463107E+01  0.4130901E-05  0.3119569E-02 -0.2027488E-07  0.7896207E-02  0.4182892E-09
  0.2604565000000E+04  0.1463165E+01  0.4118900E-05  0.3119288E-02 -0.2009031E-07  0.7896212E-02  0.3866682E-09
  0.2618598333333E+04  0.1463222E+01  0.4097016E-05  0.3119009E-02 -0.1985849E-07  0.7896217E-02  0.3534405E-09
  0.2632731666667E+04  0.1463279E+01  0.4065647E-05  0.3118732E-02 -0.1958159E-07  0.7896222E-02  0.3181557E-09
  0.2646931666667E+04  0.1463337E+01  0.4053639E-05  0.3118457E-02 -0.1940004E-07  0.7896226E-02  0.2846815E-09
  0.2661231666667E+04  0.1463395E+01  0.4022671E-05  0.3118183E-02 -0.1912905E-07  0.7896229E-02  0.2493694E-09
  0.2675598333333E+04  0.1463452E+01  0.4010642E-05  0.3117911E-02 -0.1894942E-07  0.7896232E-02  0.2147798E-09
  0.2690065000000E+04  0.1463510E+01  0.3980076E-05  0.3117641E-02 -0.1868350E-07  0.7896235E-02  0.1787562E-09
  0.2704598333333E+04  0.1463567E+01  0.3968034E-05  0.3117372E-02 -0.1850586E-07  0.7896237E-02  0.1431775E-09
  0.2719231666667E+04  0.1463625E+01  0.3937865E-05  0.3117105E-02 -0.1824501E-07  0.7896238E-02  0.1065681E-09
  0.2733965000000E+04  0.1463683E+01  0.3916936E-05  0.3116839E-02 -0.1802857E-07  0.7896240E-02  0.6996715E-10
  0.2748765000000E+04  0.1463741E+01  0.3904851E-05  0.3116575E-02 -0.1785455E-07  0.7896240E-02  0.3383976E-10
  0.2763665000000E+04  0.1463798E+01  0.3875258E-05  0.3116313E-02 -0.1760106E-07  0.7896240E-02 -0.3478252E-11
  0.2778631666667E+04  0.1463856E+01  0.3863182E-05  0.3116052E-02 -0.1742849E-07  0.7896239E-02 -0.4104062E-10
  0.2793698333333E+04  0.1463914E+01  0.3833977E-05  0.3115793E-02 -0.1718003E-07  0.7896238E-02 -0.7863894E-10
  0.2808865000000E+04  0.1463972E+01  0.3813513E-05  0.3115536E-02 -0.1697238E-07  0.7896236E-02 -0.1164991E-09
  0.2824098333333E+04  0.1464030E+01  0.3801424E-05  0.3115280E-02 -0.1680374E-07  0.7896234E-02 -0.1541802E-09
  0.2839431666667E+04  0.1464087E+01  0.3772782E-05  0.3115026E-02 -0.1656259E-07  0.7896231E-02 -0.1920402E-09
  0.2854865000000E+04  0.1464145E+01  0.3752595E-05  0.3114773E-02 -0.1636022E-07  0.7896228E-02 -0.2303217E-09
  0.2870398333333E+04  0.1464203E+01  0.3732484E-05  0.3114522E-02 -0.1616018E-07  0.7896223E-02 -0.2680197E-09
  0.2885998333333E+04  0.1464261E+01  0.3720385E-05  0.3114273E-02 -0.1599588E-07  0.7896219E-02 -0.3064704E-09
  0.2901698333333E+04  0.1464319E+01  0.3692473E-05  0.3114025E-02 -0.1576433E-07  0.7896213E-02 -0.3443227E-09
  0.2917498333333E+04  0.1464377E+01  0.3672646E-05  0.3113779E-02 -0.1556897E-07  0.7896207E-02 -0.3828031E-09
  0.2933398333333E+04  0.1464436E+01  0.3652899E-05  0.3113535E-02 -0.1537596E-07  0.7896200E-02 -0.4206145E-09
  0.2949398333333E+04  0.1464494E+01  0.3633234E-05  0.3113292E-02 -0.1518463E-07  0.7896193E-02 -0.4584140E-09
  0.2965498333333E+04  0.1464552E+01  0.3613650E-05  0.3113050E-02 -0.1499497E-07  0.7896185E-02 -0.4961745E-09
  0.2981665000000E+04  0.1464610E+01  0.3601561E-05  0.3112811E-02 -0.1483753E-07  0.7896177E-02 -0.5349699E-09
  0.2997931666667E+04  0.1464668E+01  0.3574710E-05  0.3112573E-02 -0.1462011E-07  0.7896167E-02 -0.5720681E-09
  0.3014298333333E+04  0.1464726E+01  0.3555420E-05  0.3112336E-02 -0.1443531E-07  0.7896157E-02 -0.6100880E-09
  0.3030765000000E+04  0.1464785E+01  0.3536212E-05  0.3112102E-02 -0.1425287E-07  0.7896147E-02 -0.6473228E-09
  0.3047331666667E+04  0.1464843E+01  0.3517090E-05  0.3111869E-02 -0.1407214E-07  0.7896135E-02 -0.6843914E-09
  0.3063998333333E+04  0.1464901E+01  0.3498054E-05  0.3111637E-02 -0.1389314E-07  0.7896123E-02 -0.7212696E-09
  0.3080765000000E+04  0.1464960E+01  0.3479104E-05  0.3111407E-02 -0.1371588E-07  0.7896110E-02 -0.7579336E-09
  0.3097631666667E+04  0.1465018E+01  0.3460240E-05  0.3111179E-02 -0.1354035E-07  0.7896097E-02 -0.7943600E-09
  0.3114598333333E+04  0.1465076E+01  0.3441464E-05  0.3110952E-02 -0.1336657E-07  0.7896083E-02 -0.8305261E-09
  0.3131665000000E+04  0.1465135E+01  0.3422776E-05  0.3110727E-02 -0.1319455E-07  0.7896068E-02 -0.8664098E-09
  0.3148831666667E+04  0.1465193E+01  0.3404176E-05  0.3110503E-02 -0.1302427E-07  0.7896053E-02 -0.9019894E-09
  0.3166098333333E+04  0.1465252E+01  0.3385665E-05  0.3110281E-02 -0.1285576E-07  0.7896037E-02 -0.9372440E-09
  0.3183498333333E+04  0.1465310E+01  0.3360792E-05  0.3110061E-02 -0.1266470E-07  0.7896020E-02 -0.9702908E-09
  0.3200998333333E+04  0.1465369E+01  0.3348929E-05  0.3109842E-02 -0.1252457E-07  0.7896002E-02 -0.1006180E-08
  0.3218598333333E+04  0.1465427E+01  0.3330651E-05  0.3109624E-02 -0.1236158E-07  0.7895984E-02 -0.1039871E-08
  0.3236298333333E+04  0.1465486E+01  0.3312465E-05  0.3109408E-02 -0.1219982E-07  0.7895965E-02 -0.1073718E-08
  0.3254098333333E+04  0.1465545E+01  0.3294370E-05  0.3109194E-02 -0.1203984E-07  0.7895945E-02 -0.1107141E-08
  0.3272031666667E+04  0.1465603E+01  0.3270277E-05  0.3108981E-02 -0.1185956E-07  0.7895925E-02 -0.1138004E-08
  0.3290065000000E+04  0.1465662E+01  0.3258473E-05  0.3108770E-02 -0.1172572E-07  0.7895903E-02 -0.1172162E-08
  0.3308198333333E+04  0.1465721E+01  0.3240621E-05  0.3108560E-02 -0.1157131E-07  0.7895882E-02 -0.1203770E-08
  0.3326431666667E+04  0.1465779E+01  0.3222862E-05  0.3108352E-02 -0.1141816E-07  0.7895859E-02 -0.1235415E-08
  0.3344798333333E+04  0.1465838E+01  0.3199381E-05  0.3108145E-02 -0.1124636E-07  0.7895836E-02 -0.1264254E-08
  0.3363265000000E+04  0.1465897E+01  0.3187642E-05  0.3107940E-02 -0.1111770E-07  0.7895812E-02 -0.1296710E-08
  0.3381831666667E+04  0.1465956E+01  0.3170133E-05  0.3107736E-02 -0.1097012E-07  0.7895787E-02 -0.1326372E-08
  0.3400531666667E+04  0.1466015E+01  0.3147099E-05  0.3107534E-02 -0.1080453E-07  0.7895762E-02 -0.1353568E-08
  0.3419331666667E+04  0.1466074E+01  0.3135414E-05  0.3107333E-02 -0.1067976E-07  0.7895736E-02 -0.1384596E-08
  0.3438265000000E+04  0.1466133E+01  0.3112669E-05  0.3107134E-02 -0.1051869E-07  0.7895709E-02 -0.1410180E-08
  0.3457298333333E+04  0.1466192E+01  0.3101014E-05  0.3106936E-02 -0.1039645E-07  0.7895682E-02 -0.1440205E-08
  0.3476465000000E+04  0.1466251E+01  0.3078557E-05  0.3106740E-02 -0.1023936E-07  0.7895654E-02 -0.1464627E-08
  0.3495731666667E+04  0.1466310E+01  0.3066936E-05  0.3106545E-02 -0.1011969E-07  0.7895625E-02 -0.1493594E-08
  0.3515131666667E+04  0.1466369E+01  0.3044766E-05  0.3106352E-02 -0.9966571E-08  0.7895596E-02 -0.1516812E-08
  0.3534631666667E+04  0.1466428E+01  0.3033187E-05  0.3106160E-02 -0.9849484E-08  0.7895565E-02 -0.1544673E-08
  0.3554265000000E+04  0.1466487E+01  0.3011302E-05  0.3105969E-02 -0.9700296E-08  0.7895535E-02 -0.1566651E-08
  0.3573998333333E+04  0.1466546E+01  0.2999769E-05  0.3105780E-02 -0.9585814E-08  0.7895503E-02 -0.1593361E-08
  0.3593865000000E+04  0.1466606E+01  0.2978168E-05  0.3105592E-02 -0.9440518E-08  0.7895471E-02 -0.1614069E-08
  0.3613865000000E+04  0.1466665E+01  0.2961742E-05  0.3105406E-02 -0.9313108E-08  0.7895438E-02 -0.1636857E-08
  0.3633965000000E+04  0.1466724E+01  0.2950270E-05  0.3105221E-02 -0.9202842E-08  0.7895405E-02 -0.1661379E-08
  0.3654198333333E+04  0.1466783E+01  0.2929081E-05  0.3105038E-02 -0.9063206E-08  0.7895371E-02 -0.1680166E-08
  0.3674565000000E+04  0.1466843E+01  0.2912893E-05  0.3104856E-02 -0.8940507E-08  0.7895336E-02 -0.1701078E-08
  0.3695065000000E+04  0.1466902E+01  0.2896777E-05  0.3104675E-02 -0.8819691E-08  0.7895301E-02 -0.1720969E-08
  0.3715665000000E+04  0.1466961E+01  0.2885393E-05  0.3104495E-02 -0.8714435E-08  0.7895265E-02 -0.1743056E-08
  0.3736398333333E+04  0.1467021E+01  0.2864743E-05  0.3104318E-02 -0.8582140E-08  0.7895229E-02 -0.1759232E-08
  0.3757265000000E+04  0.1467080E+01  0.2848870E-05  0.3104141E-02 -0.8465593E-08  0.7895192E-02 -0.1777578E-08
  0.3778265000000E+04  0.1467140E+01  0.2833071E-05  0.3103966E-02 -0.8350887E-08  0.7895154E-02 -0.1794908E-08
  0.3799398333333E+04  0.1467199E+01  0.2817346E-05  0.3103791E-02 -0.8237645E-08  0.7895116E-02 -0.1811599E-08
  0.3820665000000E+04  0.1467259E+01  0.2801696E-05  0.3103619E-02 -0.8125863E-08  0.7895077E-02 -0.1827649E-08
  0.3842065000000E+04  0.1467319E+01  0.2786121E-05  0.3103447E-02 -0.8015535E-08  0.7895037E-02 -0.1843054E-08
  0.3863598333333E+04  0.1467378E+01  0.2770621E-05  0.3103277E-02 -0.7906656E-08  0.7894997E-02 -0.1857812E-08
  0.3885265000000E+04  0.1467438E+01  0.2755198E-05  0.3103108E-02 -0.7799220E-08  0.7894957E-02 -0.1871922E-08
  0.3907065000000E+04  0.1467498E+01  0.2739851E-05  0.3102940E-02 -0.7693219E-08  0.7894916E-02 -0.1885381E-08
  0.3928998333333E+04  0.1467557E+01  0.2724582E-05  0.3102774E-02 -0.7588647E-08  0.7894874E-02 -0.1898189E-08
  0.3951065000000E+04  0.1467617E+01  0.2709390E-05  0.3102609E-02 -0.7485496E-08  0.7894832E-02 -0.1910346E-08
  0.3973265000000E+04  0.1467677E+01  0.2694276E-05  0.3102445E-02 -0.7383757E-08  0.7894789E-02 -0.1921852E-08
  0.3995598333333E+04  0.1467737E+01  0.2679241E-05  0.3102282E-02 -0.7283422E-08  0.7894746E-02 -0.1932709E-08
  0.4018065000000E+04  0.1467797E+01  0.2664284E-05  0.3102121E-02 -0.7184480E-08  0.7894702E-02 -0.1942918E-08
  0.4040698333333E+04  0.1467857E+01  0.2645505E-05  0.3101960E-02 -0.7076486E-08  0.7894658E-02 -0.1949605E-08
  0.4063465000000E+04  0.1467917E+01  0.2634621E-05  0.3101801E-02 -0.6991013E-08  0.7894614E-02 -0.1961126E-08
  0.4086365000000E+04  0.1467977E+01  0.2619880E-05  0.3101643E-02 -0.6896330E-08  0.7894569E-02 -0.1969135E-08
  0.4109398333333E+04  0.1468037E+01  0.2605220E-05  0.3101487E-02 -0.6802717E-08  0.7894523E-02 -0.1976802E-08
  0.4132598333333E+04  0.1468097E+01  0.2586918E-05  0.3101331E-02 -0.6700809E-08  0.7894477E-02 -0.1980984E-08
  0.4155931666667E+04  0.1468157E+01  0.2576153E-05  0.3101177E-02 -0.6619769E-08  0.7894431E-02 -0.1989978E-08
  0.4179398333333E+04  0.1468217E+01  0.2561714E-05  0.3101023E-02 -0.6530286E-08  0.7894384E-02 -0.1995498E-08
  0.4203031666667E+04  0.1468277E+01  0.2543764E-05  0.3100871E-02 -0.6432765E-08  0.7894337E-02 -0.1997850E-08
  0.4226798333333E+04  0.1468337E+01  0.2533092E-05  0.3100720E-02 -0.6354953E-08  0.7894289E-02 -0.2004985E-08
  0.4250731666667E+04  0.1468397E+01  0.2515370E-05  0.3100571E-02 -0.6260497E-08  0.7894241E-02 -0.2005888E-08
  0.4274798333333E+04  0.1468458E+01  0.2504757E-05  0.3100422E-02 -0.6184757E-08  0.7894193E-02 -0.2011807E-08
  0.4299031666667E+04  0.1468518E+01  0.2487262E-05  0.3100274E-02 -0.6093049E-08  0.7894144E-02 -0.2011556E-08
  0.4323398333333E+04  0.1468578E+01  0.2476712E-05  0.3100127E-02 -0.6019356E-08  0.7894095E-02 -0.2016278E-08
  0.4347931666667E+04  0.1468639E+01  0.2459444E-05  0.3099982E-02 -0.5930338E-08  0.7894045E-02 -0.2014898E-08
  0.4372598333333E+04  0.1468699E+01  0.2448960E-05  0.3099837E-02 -0.5858664E-08  0.7893995E-02 -0.2018444E-08
  0.4397431666667E+04  0.1468759E+01  0.2431917E-05  0.3099694E-02 -0.5772277E-08  0.7893945E-02 -0.2015961E-08
  0.4422431666667E+04  0.1468820E+01  0.2418275E-05  0.3099552E-02 -0.5694985E-08  0.7893895E-02 -0.2015664E-08
  0.4447565000000E+04  0.1468880E+01  0.2407887E-05  0.3099410E-02 -0.5626429E-08  0.7893844E-02 -0.2017269E-08
  0.4472865000000E+04  0.1468941E+01  0.2391174E-05  0.3099270E-02 -0.5543826E-08  0.7893793E-02 -0.2013198E-08
  0.4498331666667E+04  0.1469001E+01  0.2377745E-05  0.3099131E-02 -0.5469824E-08  0.7893742E-02 -0.2011280E-08
  0.4523965000000E+04  0.1469062E+01  0.2364382E-05  0.3098992E-02 -0.5397061E-08  0.7893691E-02 -0.2008628E-08
  0.4549765000000E+04  0.1469123E+01  0.2351085E-05  0.3098855E-02 -0.5325322E-08  0.7893639E-02 -0.2005465E-08
  0.4575698333333E+04  0.1469183E+01  0.2340860E-05  0.3098718E-02 -0.5261351E-08  0.7893587E-02 -0.2004372E-08
  0.4601798333333E+04  0.1469244E+01  0.2324680E-05  0.3098583E-02 -0.5184698E-08  0.7893535E-02 -0.1997821E-08
  0.4628065000000E+04  0.1469305E+01  0.2311601E-05  0.3098449E-02 -0.5115881E-08  0.7893482E-02 -0.1993364E-08
  0.4654498333333E+04  0.1469366E+01  0.2298590E-05  0.3098315E-02 -0.5048227E-08  0.7893430E-02 -0.1988232E-08
  0.4681098333333E+04  0.1469426E+01  0.2285646E-05  0.3098183E-02 -0.4981540E-08  0.7893377E-02 -0.1982630E-08
  0.4707865000000E+04  0.1469487E+01  0.2272771E-05  0.3098051E-02 -0.4915809E-08  0.7893324E-02 -0.1976568E-08
  0.4734798333333E+04  0.1469548E+01  0.2259963E-05  0.3097921E-02 -0.4851023E-08  0.7893271E-02 -0.1970053E-08
  0.4761898333333E+04  0.1469609E+01  0.2247225E-05  0.3097791E-02 -0.4787170E-08  0.7893218E-02 -0.1963095E-08
  0.4789165000000E+04  0.1469670E+01  0.2234555E-05  0.3097662E-02 -0.4724238E-08  0.7893165E-02 -0.1955704E-08
  0.4816631666667E+04  0.1469731E+01  0.2219258E-05  0.3097534E-02 -0.4656558E-08  0.7893111E-02 -0.1945523E-08
  0.4844265000000E+04  0.1469792E+01  0.2209433E-05  0.3097407E-02 -0.4601236E-08  0.7893058E-02 -0.1939502E-08
  0.4872065000000E+04  0.1469853E+01  0.2196957E-05  0.3097281E-02 -0.4541068E-08  0.7893004E-02 -0.1930701E-08
  0.4900031666667E+04  0.1469914E+01  0.2184550E-05  0.3097155E-02 -0.4481627E-08  0.7892950E-02 -0.1921666E-08
  0.4928198333333E+04  0.1469975E+01  0.2169643E-05  0.3097031E-02 -0.4417815E-08  0.7892896E-02 -0.1909981E-08
  0.4956531666667E+04  0.1470036E+01  0.2159956E-05  0.3096907E-02 -0.4365455E-08  0.7892843E-02 -0.1902303E-08
  0.4985031666667E+04  0.1470098E+01  0.2147747E-05  0.3096784E-02 -0.4308633E-08  0.7892789E-02 -0.1891984E-08
  0.5013731666667E+04  0.1470159E+01  0.2133127E-05  0.3096663E-02 -0.4247566E-08  0.7892735E-02 -0.1879272E-08
  0.5042598333333E+04  0.1470220E+01  0.2123547E-05  0.3096541E-02 -0.4197316E-08  0.7892681E-02 -0.1870449E-08
  0.5071665000000E+04  0.1470281E+01  0.2109115E-05  0.3096421E-02 -0.4138118E-08  0.7892627E-02 -0.1856960E-08
  0.5100898333333E+04  0.1470343E+01  0.2099604E-05  0.3096302E-02 -0.4089206E-08  0.7892573E-02 -0.1847419E-08
  0.5130331666667E+04  0.1470404E+01  0.2085358E-05  0.3096183E-02 -0.4031695E-08  0.7892519E-02 -0.1833339E-08
  0.5159931666667E+04  0.1470466E+01  0.2075918E-05  0.3096065E-02 -0.3984087E-08  0.7892465E-02 -0.1823120E-08
  0.5189731666667E+04  0.1470527E+01  0.2061858E-05  0.3095948E-02 -0.3928214E-08  0.7892411E-02 -0.1808488E-08
  0.5219731666667E+04  0.1470589E+01  0.2050212E-05  0.3095832E-02 -0.3877564E-08  0.7892357E-02 -0.1795632E-08
  0.5249898333333E+04  0.1470650E+01  0.2040878E-05  0.3095716E-02 -0.3831927E-08  0.7892303E-02 -0.1784341E-08
  0.5280265000000E+04  0.1470712E+01  0.2027088E-05  0.3095601E-02 -0.3778391E-08  0.7892249E-02 -0.1768952E-08
  0.5310831666667E+04  0.1470773E+01  0.2015631E-05  0.3095487E-02 -0.3729794E-08  0.7892196E-02 -0.1755286E-08
  0.5341598333333E+04  0.1470835E+01  0.2004234E-05  0.3095374E-02 -0.3681943E-08  0.7892142E-02 -0.1741254E-08
  0.5372565000000E+04  0.1470897E+01  0.1992895E-05  0.3095261E-02 -0.3634728E-08  0.7892089E-02 -0.1726980E-08
  0.5403698333333E+04  0.1470958E+01  0.1983738E-05  0.3095150E-02 -0.3591979E-08  0.7892035E-02 -0.1714309E-08
  0.5435031666667E+04  0.1471020E+01  0.1970390E-05  0.3095039E-02 -0.3542077E-08  0.7891982E-02 -0.1697848E-08
  0.5466565000000E+04  0.1471082E+01  0.1959242E-05  0.3094928E-02 -0.3496674E-08  0.7891929E-02 -0.1683021E-08
  0.5498298333333E+04  0.1471144E+01  0.1948155E-05  0.3094819E-02 -0.3451961E-08  0.7891876E-02 -0.1667889E-08
  0.5530231666667E+04  0.1471206E+01  0.1937129E-05  0.3094710E-02 -0.3407838E-08  0.7891823E-02 -0.1652563E-08
  0.5562398333333E+04  0.1471267E+01  0.1924167E-05  0.3094602E-02 -0.3360810E-08  0.7891771E-02 -0.1635356E-08
  0.5594765000000E+04  0.1471329E+01  0.1915264E-05  0.3094494E-02 -0.3321404E-08  0.7891718E-02 -0.1621279E-08
  0.5627331666667E+04  0.1471391E+01  0.1904408E-05  0.3094388E-02 -0.3279033E-08  0.7891666E-02 -0.1605327E-08
  0.5660098333333E+04  0.1471454E+01  0.1893613E-05  0.3094282E-02 -0.3237142E-08  0.7891614E-02 -0.1589310E-08
  0.5693065000000E+04  0.1471516E+01  0.1882879E-05  0.3094176E-02 -0.3195802E-08  0.7891562E-02 -0.1573146E-08
  0.5726265000000E+04  0.1471578E+01  0.1870327E-05  0.3094072E-02 -0.3151837E-08  0.7891510E-02 -0.1555280E-08
  0.5759665000000E+04  0.1471640E+01  0.1861602E-05  0.3093968E-02 -0.3114807E-08  0.7891459E-02 -0.1540332E-08
  0.5793265000000E+04  0.1471702E+01  0.1851042E-05  0.3093864E-02 -0.3075097E-08  0.7891408E-02 -0.1523688E-08
  0.5827098333333E+04  0.1471764E+01  0.1838730E-05  0.3093762E-02 -0.3032849E-08  0.7891357E-02 -0.1505528E-08
  0.5861131666667E+04  0.1471827E+01  0.1830112E-05  0.3093660E-02 -0.2997155E-08  0.7891306E-02 -0.1490161E-08
  0.5895398333333E+04  0.1471889E+01  0.1817957E-05  0.3093558E-02 -0.2956061E-08  0.7891256E-02 -0.1471770E-08
  0.5929898333333E+04  0.1471951E+01  0.1807662E-05  0.3093458E-02 -0.2918394E-08  0.7891206E-02 -0.1454756E-08
  0.5964598333333E+04  0.1472014E+01  0.1799144E-05  0.3093358E-02 -0.2884005E-08  0.7891156E-02 -0.1438964E-08
  0.5999531666667E+04  0.1472076E+01  0.1787219E-05  0.3093258E-02 -0.2844471E-08  0.7891106E-02 -0.1420399E-08
  0.6034698333333E+04  0.1472139E+01  0.1777088E-05  0.3093159E-02 -0.2808180E-08  0.7891057E-02 -0.1403158E-08
  0.6070065000000E+04  0.1472201E+01  0.1768676E-05  0.3093061E-02 -0.2774991E-08  0.7891008E-02 -0.1387094E-08
  0.6105665000000E+04  0.1472264E+01  0.1756978E-05  0.3092964E-02 -0.2736957E-08  0.7890959E-02 -0.1368426E-08
  0.6141498333333E+04  0.1472326E+01  0.1747015E-05  0.3092867E-02 -0.2701993E-08  0.7890910E-02 -0.1351030E-08
  0.6177565000000E+04  0.1472389E+01  0.1737104E-05  0.3092771E-02 -0.2667498E-08  0.7890862E-02 -0.1333534E-08
  0.6213865000000E+04  0.1472452E+01  0.1727246E-05  0.3092675E-02 -0.2633417E-08  0.7890815E-02 -0.1316007E-08
  0.6250398333333E+04  0.1472514E+01  0.1717442E-05  0.3092580E-02 -0.2599746E-08  0.7890767E-02 -0.1298457E-08
  0.6287165000000E+04  0.1472577E+01  0.1707690E-05  0.3092486E-02 -0.2566481E-08  0.7890720E-02 -0.1280891E-08
  0.6324165000000E+04  0.1472640E+01  0.1697993E-05  0.3092392E-02 -0.2533618E-08  0.7890673E-02 -0.1263316E-08
  0.6361398333333E+04  0.1472703E+01  0.1688348E-05  0.3092299E-02 -0.2501152E-08  0.7890627E-02 -0.1245738E-08
  0.6398865000000E+04  0.1472766E+01  0.1678758E-05  0.3092206E-02 -0.2469080E-08  0.7890581E-02 -0.1228166E-08
  0.6436598333333E+04  0.1472829E+01  0.1667746E-05  0.3092115E-02 -0.2435244E-08  0.7890535E-02 -0.1209537E-08
  0.6474565000000E+04  0.1472892E+01  0.1659743E-05  0.3092023E-02 -0.2406134E-08  0.7890490E-02 -0.1193018E-08
  0.6512765000000E+04  0.1472955E+01  0.1650306E-05  0.3091932E-02 -0.2375227E-08  0.7890445E-02 -0.1175443E-08
  0.6551231666667E+04  0.1473018E+01  0.1639501E-05  0.3091842E-02 -0.2342631E-08  0.7890401E-02 -0.1156944E-08
  0.6589931666667E+04  0.1473081E+01  0.1631599E-05  0.3091753E-02 -0.2314506E-08  0.7890356E-02 -0.1140445E-08
  0.6628898333333E+04  0.1473144E+01  0.1620929E-05  0.3091664E-02 -0.2282742E-08  0.7890313E-02 -0.1122016E-08
  0.6668131666667E+04  0.1473207E+01  0.1611722E-05  0.3091575E-02 -0.2253336E-08  0.7890269E-02 -0.1104621E-08
  0.6707598333333E+04  0.1473271E+01  0.1603916E-05  0.3091488E-02 -0.2226179E-08  0.7890226E-02 -0.1088150E-08
  0.6747331666667E+04  0.1473334E+01  0.1593444E-05  0.3091400E-02 -0.2195574E-08  0.7890184E-02 -0.1069933E-08
  0.6787331666667E+04  0.1473397E+01  0.1584384E-05  0.3091314E-02 -0.2167205E-08  0.7890142E-02 -0.1052703E-08
  0.6827598333333E+04  0.1473461E+01  0.1575372E-05  0.3091228E-02 -0.2139198E-08  0.7890100E-02 -0.1035500E-08
  0.6868098333333E+04  0.1473524E+01  0.1567696E-05  0.3091142E-02 -0.2113259E-08  0.7890059E-02 -0.1019205E-08
  0.6908865000000E+04  0.1473588E+01  0.1557485E-05  0.3091057E-02 -0.2084151E-08  0.7890018E-02 -0.1001342E-08
  0.6949898333333E+04  0.1473651E+01  0.1548622E-05  0.3090973E-02 -0.2057130E-08  0.7889978E-02 -0.9844083E-09
  0.6991231666667E+04  0.1473715E+01  0.1538564E-05  0.3090889E-02 -0.2028821E-08  0.7889938E-02 -0.9667458E-09
  0.7032831666667E+04  0.1473779E+01  0.1531043E-05  0.3090805E-02 -0.2004132E-08  0.7889898E-02 -0.9507024E-09
  0.7074698333333E+04  0.1473842E+01  0.1522316E-05  0.3090723E-02 -0.1978108E-08  0.7889859E-02 -0.9339643E-09
  0.7116831666667E+04  0.1473906E+01  0.1513636E-05  0.3090640E-02 -0.1952386E-08  0.7889820E-02 -0.9173563E-09
  0.7159198333333E+04  0.1473970E+01  0.1506190E-05  0.3090559E-02 -0.1928501E-08  0.7889782E-02 -0.9015615E-09
  0.7201765000000E+04  0.1474034E+01  0.1498762E-05  0.3090477E-02 -0.1904867E-08  0.7889744E-02 -0.8858713E-09
  0.7244531666667E+04  0.1474097E+01  0.1490203E-05  0.3090397E-02 -0.1880024E-08  0.7889707E-02 -0.8696494E-09
  0.7287498333333E+04  0.1474161E+01  0.1481705E-05  0.3090317E-02 -0.1855522E-08  0.7889671E-02 -0.8535886E-09
  0.7330665000000E+04  0.1474225E+01  0.1473270E-05  0.3090238E-02 -0.1831378E-08  0.7889634E-02 -0.8376659E-09
  0.7374031666667E+04  0.1474288E+01  0.1464895E-05  0.3090160E-02 -0.1807586E-08  0.7889599E-02 -0.8218844E-09
  0.7417598333333E+04  0.1474352E+01  0.1456582E-05  0.3090082E-02 -0.1784144E-08  0.7889564E-02 -0.8062471E-09
  0.7461365000000E+04  0.1474415E+01  0.1448329E-05  0.3090005E-02 -0.1761049E-08  0.7889529E-02 -0.7907570E-09
  0.7505331666667E+04  0.1474478E+01  0.1440136E-05  0.3089929E-02 -0.1738298E-08  0.7889495E-02 -0.7754167E-09
  0.7549498333333E+04  0.1474542E+01  0.1432003E-05  0.3089853E-02 -0.1715888E-08  0.7889461E-02 -0.7602286E-09
  0.7593898333333E+04  0.1474605E+01  0.1422860E-05  0.3089778E-02 -0.1692543E-08  0.7889428E-02 -0.7446358E-09
  0.7638498333333E+04  0.1474668E+01  0.1415916E-05  0.3089703E-02 -0.1672085E-08  0.7889396E-02 -0.7302975E-09
  0.7683298333333E+04  0.1474731E+01  0.1407953E-05  0.3089629E-02 -0.1650674E-08  0.7889364E-02 -0.7155522E-09
  0.7728298333333E+04  0.1474794E+01  0.1400049E-05  0.3089556E-02 -0.1629583E-08  0.7889332E-02 -0.7009866E-09
  0.7773531666667E+04  0.1474857E+01  0.1391176E-05  0.3089483E-02 -0.1607634E-08  0.7889301E-02 -0.6860780E-09
  0.7818965000000E+04  0.1474920E+01  0.1384414E-05  0.3089411E-02 -0.1588386E-08  0.7889271E-02 -0.6723272E-09
  0.7864598333333E+04  0.1474983E+01  0.1376675E-05  0.3089339E-02 -0.1568264E-08  0.7889241E-02 -0.6582304E-09
  0.7910465000000E+04  0.1475045E+01  0.1367998E-05  0.3089268E-02 -0.1547328E-08  0.7889211E-02 -0.6438491E-09
  0.7956531666667E+04  0.1475108E+01  0.1361369E-05  0.3089198E-02 -0.1528965E-08  0.7889182E-02 -0.6305563E-09
  0.8002831666667E+04  0.1475171E+01  0.1352818E-05  0.3089128E-02 -0.1508693E-08  0.7889153E-02 -0.6165154E-09
  0.8049331666667E+04  0.1475233E+01  0.1346274E-05  0.3089059E-02 -0.1490906E-08  0.7889125E-02 -0.6035326E-09
  0.8096065000000E+04  0.1475296E+01  0.1337848E-05  0.3088990E-02 -0.1471282E-08  0.7889098E-02 -0.5898512E-09
  0.8142998333333E+04  0.1475358E+01  0.1331388E-05  0.3088922E-02 -0.1454064E-08  0.7889071E-02 -0.5771835E-09
  0.8190165000000E+04  0.1475421E+01  0.1323084E-05  0.3088854E-02 -0.1435078E-08  0.7889044E-02 -0.5638645E-09
  0.8237565000000E+04  0.1475483E+01  0.1315782E-05  0.3088787E-02 -0.1417426E-08  0.7889018E-02 -0.5511282E-09
  0.8285165000000E+04  0.1475545E+01  0.1309444E-05  0.3088720E-02 -0.1401048E-08  0.7888992E-02 -0.5389256E-09
  0.8332998333333E+04  0.1475608E+01  0.1301319E-05  0.3088654E-02 -0.1382995E-08  0.7888967E-02 -0.5261498E-09
  0.8381065000000E+04  0.1475670E+01  0.1294166E-05  0.3088588E-02 -0.1366219E-08  0.7888942E-02 -0.5139256E-09
  0.8429365000000E+04  0.1475732E+01  0.1287060E-05  0.3088523E-02 -0.1349731E-08  0.7888918E-02 -0.5018607E-09
  0.8477865000000E+04  0.1475794E+01  0.1280880E-05  0.3088459E-02 -0.1334441E-08  0.7888894E-02 -0.4903024E-09
  0.8526598333333E+04  0.1475856E+01  0.1272986E-05  0.3088394E-02 -0.1317600E-08  0.7888871E-02 -0.4782513E-09
  0.8575565000000E+04  0.1475918E+01  0.1266026E-05  0.3088331E-02 -0.1301963E-08  0.7888848E-02 -0.4667120E-09
  0.8624765000000E+04  0.1475980E+01  0.1259111E-05  0.3088267E-02 -0.1286605E-08  0.7888826E-02 -0.4553343E-09
  0.8674198333333E+04  0.1476042E+01  0.1252242E-05  0.3088204E-02 -0.1271523E-08  0.7888804E-02 -0.4441266E-09
  0.8723865000000E+04  0.1476104E+01  0.1245420E-05  0.3088142E-02 -0.1256715E-08  0.7888782E-02 -0.4330888E-09
  0.8773765000000E+04  0.1476166E+01  0.1238642E-05  0.3088080E-02 -0.1242179E-08  0.7888761E-02 -0.4222207E-09
  0.8823898333333E+04  0.1476228E+01  0.1231910E-05  0.3088018E-02 -0.1227913E-08  0.7888741E-02 -0.4115221E-09
  0.8874298333333E+04  0.1476289E+01  0.1224413E-05  0.3087957E-02 -0.1213113E-08  0.7888721E-02 -0.4007274E-09
  0.8924931666667E+04  0.1476351E+01  0.1218582E-05  0.3087897E-02 -0.1200184E-08  0.7888701E-02 -0.3906241E-09
  0.8975798333333E+04  0.1476413E+01  0.1211980E-05  0.3087836E-02 -0.1186710E-08  0.7888681E-02 -0.3804198E-09
  0.9026898333333E+04  0.1476474E+01  0.1205422E-05  0.3087776E-02 -0.1173500E-08  0.7888662E-02 -0.3703889E-09
  0.9078265000000E+04  0.1476536E+01  0.1198130E-05  0.3087717E-02 -0.1159799E-08  0.7888644E-02 -0.3602912E-09
  0.9129865000000E+04  0.1476597E+01  0.1192439E-05  0.3087657E-02 -0.1147861E-08  0.7888626E-02 -0.3508214E-09
  0.9181731666667E+04  0.1476659E+01  0.1185246E-05  0.3087599E-02 -0.1134691E-08  0.7888608E-02 -0.3410603E-09
  0.9233831666667E+04  0.1476720E+01  0.1179622E-05  0.3087540E-02 -0.1123235E-08  0.7888591E-02 -0.3319015E-09
  0.9286198333333E+04  0.1476782E+01  0.1172527E-05  0.3087482E-02 -0.1110591E-08  0.7888574E-02 -0.3224786E-09
  0.9338798333333E+04  0.1476843E+01  0.1166969E-05  0.3087424E-02 -0.1099611E-08  0.7888558E-02 -0.3136285E-09
  0.9391665000000E+04  0.1476904E+01  0.1159971E-05  0.3087367E-02 -0.1087483E-08  0.7888541E-02 -0.3045398E-09
  0.9444798333333E+04  0.1476966E+01  0.1153755E-05  0.3087309E-02 -0.1076299E-08  0.7888526E-02 -0.2958097E-09
  0.9498165000000E+04  0.1477027E+01  0.1148295E-05  0.3087252E-02 -0.1066017E-08  0.7888510E-02 -0.2874114E-09
  0.9551798333333E+04  0.1477088E+01  0.1141437E-05  0.3087196E-02 -0.1054645E-08  0.7888495E-02 -0.2788132E-09
  0.9605698333333E+04  0.1477149E+01  0.1135340E-05  0.3087140E-02 -0.1044180E-08  0.7888481E-02 -0.2705513E-09
  0.9659865000000E+04  0.1477210E+01  0.1129280E-05  0.3087084E-02 -0.1033946E-08  0.7888467E-02 -0.2624394E-09
  0.9714298333333E+04  0.1477272E+01  0.1123257E-05  0.3087028E-02 -0.1023944E-08  0.7888453E-02 -0.2544789E-09
  0.9768998333333E+04  0.1477333E+01  0.1117272E-05  0.3086972E-02 -0.1014172E-08  0.7888439E-02 -0.2466688E-09
  0.9823965000000E+04  0.1477394E+01  0.1111325E-05  0.3086917E-02 -0.1004629E-08  0.7888426E-02 -0.2390080E-09
  0.9879198333333E+04  0.1477455E+01  0.1105414E-05  0.3086862E-02 -0.9953113E-09  0.7888413E-02 -0.2314951E-09
  0.9934698333333E+04  0.1477516E+01  0.1099541E-05  0.3086807E-02 -0.9862185E-09  0.7888401E-02 -0.2241290E-09
  0.9990465000000E+04  0.1477577E+01  0.1093704E-05  0.3086753E-02 -0.9773481E-09  0.7888389E-02 -0.2169084E-09
  0.1004653166667E+05  0.1477638E+01  0.1087257E-05  0.3086699E-02 -0.9681222E-09  0.7888377E-02 -0.2097071E-09
  0.1010286500000E+05  0.1477699E+01  0.1082142E-05  0.3086645E-02 -0.9602616E-09  0.7888366E-02 -0.2028960E-09
  0.1015949833333E+05  0.1477760E+01  0.1075777E-05  0.3086591E-02 -0.9514768E-09  0.7888355E-02 -0.1959838E-09
  0.1021639833333E+05  0.1477821E+01  0.1070717E-05  0.3086537E-02 -0.9440266E-09  0.7888344E-02 -0.1894415E-09
  0.1027359833333E+05  0.1477882E+01  0.1064435E-05  0.3086483E-02 -0.9356786E-09  0.7888333E-02 -0.1828135E-09
  0.1033106500000E+05  0.1477942E+01  0.1059431E-05  0.3086430E-02 -0.9286315E-09  0.7888323E-02 -0.1765351E-09
  0.1038883166667E+05  0.1478003E+01  0.1053230E-05  0.3086377E-02 -0.9207114E-09  0.7888313E-02 -0.1701854E-09
  0.1044689833333E+05  0.1478064E+01  0.1047680E-05  0.3086324E-02 -0.9135352E-09  0.7888304E-02 -0.1640714E-09
  0.1050523166667E+05  0.1478125E+01  0.1042757E-05  0.3086271E-02 -0.9070716E-09  0.7888295E-02 -0.1581774E-09
  0.1056386500000E+05  0.1478186E+01  0.1036675E-05  0.3086218E-02 -0.8997745E-09  0.7888286E-02 -0.1522319E-09
  0.1062279833333E+05  0.1478246E+01  0.1031224E-05  0.3086166E-02 -0.8931945E-09  0.7888277E-02 -0.1465055E-09
  0.1068203166667E+05  0.1478307E+01  0.1025806E-05  0.3086113E-02 -0.8868025E-09  0.7888269E-02 -0.1409048E-09
  0.1074156500000E+05  0.1478368E+01  0.1020419E-05  0.3086061E-02 -0.8806017E-09  0.7888261E-02 -0.1354278E-09
  0.1080139833333E+05  0.1478429E+01  0.1015064E-05  0.3086008E-02 -0.8745900E-09  0.7888253E-02 -0.1300733E-09
  0.1086153166667E+05  0.1478489E+01  0.1009741E-05  0.3085956E-02 -0.8687651E-09  0.7888245E-02 -0.1248395E-09
  0.1092199833333E+05  0.1478550E+01  0.1003896E-05  0.3085904E-02 -0.8626490E-09  0.7888238E-02 -0.1196591E-09
  0.1098276500000E+05  0.1478611E+01  0.9991905E-06  0.3085852E-02 -0.8576619E-09  0.7888231E-02 -0.1147284E-09
  0.1104383166667E+05  0.1478672E+01  0.9939589E-06  0.3085800E-02 -0.8523762E-09  0.7888224E-02 -0.1098464E-09
  0.1110523166667E+05  0.1478732E+01  0.9882221E-06  0.3085748E-02 -0.8468144E-09  0.7888218E-02 -0.1050210E-09
  0.1116693166667E+05  0.1478793E+01  0.9835912E-06  0.3085696E-02 -0.8423430E-09  0.7888212E-02 -0.1004232E-09
  0.1122896500000E+05  0.1478854E+01  0.9779250E-06  0.3085644E-02 -0.8371324E-09  0.7888206E-02 -0.9582680E-10
  0.1129133166667E+05  0.1478914E+01  0.9728224E-06  0.3085592E-02 -0.8325485E-09  0.7888200E-02 -0.9139388E-10
  0.1135399833333E+05  0.1478975E+01  0.9682626E-06  0.3085540E-02 -0.8285661E-09  0.7888195E-02 -0.8711473E-10
  0.1141699833333E+05  0.1479036E+01  0.9627002E-06  0.3085488E-02 -0.8238724E-09  0.7888189E-02 -0.8284696E-10
  0.1148033166667E+05  0.1479096E+01  0.9576849E-06  0.3085436E-02 -0.8197843E-09  0.7888184E-02 -0.7873003E-10
  0.1154399833333E+05  0.1479157E+01  0.9526975E-06  0.3085384E-02 -0.8158504E-09  0.7888180E-02 -0.7471615E-10
  0.1160799833333E+05  0.1479218E+01  0.9477382E-06  0.3085332E-02 -0.8120745E-09  0.7888175E-02 -0.7080233E-10
  0.1167233166667E+05  0.1479278E+01  0.9428068E-06  0.3085280E-02 -0.8084543E-09  0.7888171E-02 -0.6698702E-10
  0.1173699833333E+05  0.1479339E+01  0.9379035E-06  0.3085228E-02 -0.8049876E-09  0.7888167E-02 -0.6326868E-10
  0.1180203166667E+05  0.1479400E+01  0.9325499E-06  0.3085176E-02 -0.8012612E-09  0.7888163E-02 -0.5961519E-10
  0.1186739833333E+05  0.1479460E+01  0.9281816E-06  0.3085124E-02 -0.7985004E-09  0.7888159E-02 -0.5611791E-10
  0.1193309833333E+05  0.1479521E+01  0.9233594E-06  0.3085072E-02 -0.7954732E-09  0.7888156E-02 -0.5268126E-10
  0.1199916500000E+05  0.1479582E+01  0.9181016E-06  0.3085019E-02 -0.7921966E-09  0.7888152E-02 -0.4930868E-10
  0.1206559833333E+05  0.1479642E+01  0.9133410E-06  0.3084967E-02 -0.7894604E-09  0.7888149E-02 -0.4605338E-10
  0.1213236500000E+05  0.1479703E+01  0.9090591E-06  0.3084914E-02 -0.7872497E-09  0.7888147E-02 -0.4290753E-10
  0.1219949833333E+05  0.1479764E+01  0.9038941E-06  0.3084862E-02 -0.7843947E-09  0.7888144E-02 -0.3980199E-10
  0.1226699833333E+05  0.1479824E+01  0.8992116E-06  0.3084809E-02 -0.7820689E-09  0.7888141E-02 -0.3680199E-10
  0.1233486500000E+05  0.1479885E+01  0.8945542E-06  0.3084756E-02 -0.7798689E-09  0.7888139E-02 -0.3388567E-10
  0.1240309833333E+05  0.1479946E+01  0.8899220E-06  0.3084703E-02 -0.7777987E-09  0.7888137E-02 -0.3104951E-10
  0.1247169833333E+05  0.1480006E+01  0.8853151E-06  0.3084650E-02 -0.7758561E-09  0.7888135E-02 -0.2829203E-10
  0.1254066500000E+05  0.1480067E+01  0.8807333E-06  0.3084596E-02 -0.7740388E-09  0.7888133E-02 -0.2561176E-10
  0.1260999833333E+05  0.1480128E+01  0.8761768E-06  0.3084543E-02 -0.7723445E-09  0.7888132E-02 -0.2300722E-10
  0.1267973166667E+05  0.1480189E+01  0.8712288E-06  0.3084489E-02 -0.7704026E-09  0.7888130E-02 -0.2046714E-10
  0.1274983166667E+05  0.1480249E+01  0.8671402E-06  0.3084435E-02 -0.7693112E-09  0.7888129E-02 -0.1802124E-10
  0.1282033166667E+05  0.1480310E+01  0.8622490E-06  0.3084381E-02 -0.7676028E-09  0.7888128E-02 -0.1562871E-10
  0.1289119833333E+05  0.1480371E+01  0.8581998E-06  0.3084327E-02 -0.7667360E-09  0.7888127E-02 -0.1332047E-10
  0.1296246500000E+05  0.1480432E+01  0.8533654E-06  0.3084272E-02 -0.7652580E-09  0.7888126E-02 -0.1106737E-10
  0.1303413166667E+05  0.1480493E+01  0.8489607E-06  0.3084217E-02 -0.7642515E-09  0.7888125E-02 -0.8887113E-11
  0.1310619833333E+05  0.1480554E+01  0.8445789E-06  0.3084162E-02 -0.7633459E-09  0.7888125E-02 -0.6773677E-11
  0.1317866500000E+05  0.1480614E+01  0.8402201E-06  0.3084107E-02 -0.7625451E-09  0.7888125E-02 -0.4723339E-11
  0.1325153166667E+05  0.1480675E+01  0.8358843E-06  0.3084051E-02 -0.7618468E-09  0.7888124E-02 -0.2734721E-11
  0.1332479833333E+05  0.1480736E+01  0.8315716E-06  0.3083996E-02 -0.7612490E-09  0.7888124E-02 -0.8064503E-12
  0.1339849833333E+05  0.1480797E+01  0.8269078E-06  0.3083940E-02 -0.7604052E-09  0.7888124E-02  0.1062369E-11
  0.1347259833333E+05  0.1480858E+01  0.8230163E-06  0.3083883E-02 -0.7603411E-09  0.7888125E-02  0.2872444E-11
  0.1354709833333E+05  0.1480919E+01  0.8187708E-06  0.3083827E-02 -0.7600253E-09  0.7888125E-02  0.4626345E-11
  0.1362203166667E+05  0.1480980E+01  0.8141861E-06  0.3083770E-02 -0.7594690E-09  0.7888126E-02  0.6324944E-11
  0.1369739833333E+05  0.1481041E+01  0.8099918E-06  0.3083713E-02 -0.7593377E-09  0.7888126E-02  0.7969925E-11
  0.1377319833333E+05  0.1481102E+01  0.8058184E-06  0.3083655E-02 -0.7592877E-09  0.7888127E-02  0.9561052E-11
  0.1384939833333E+05  0.1481163E+01  0.8020170E-06  0.3083597E-02 -0.7596552E-09  0.7888128E-02  0.1110691E-10
  0.1392603166667E+05  0.1481225E+01  0.7975345E-06  0.3083539E-02 -0.7594455E-09  0.7888129E-02  0.1259640E-10
  0.1400313166667E+05  0.1481286E+01  0.7930839E-06  0.3083480E-02 -0.7593219E-09  0.7888130E-02  0.1403665E-10
  0.1408066500000E+05  0.1481347E+01  0.7893414E-06  0.3083421E-02 -0.7599238E-09  0.7888131E-02  0.1543808E-10
  0.1415863166667E+05  0.1481408E+01  0.7852745E-06  0.3083362E-02 -0.7602727E-09  0.7888132E-02  0.1678885E-10
  0.1423706500000E+05  0.1481469E+01  0.7808970E-06  0.3083303E-02 -0.7603785E-09  0.7888134E-02  0.1809063E-10
  0.1431593166667E+05  0.1481531E+01  0.7772059E-06  0.3083242E-02 -0.7611992E-09  0.7888135E-02  0.1936301E-10
  0.1439526500000E+05  0.1481592E+01  0.7728767E-06  0.3083182E-02 -0.7614455E-09  0.7888137E-02  0.2057815E-10
  0.1447503166667E+05  0.1481653E+01  0.7692196E-06  0.3083121E-02 -0.7624017E-09  0.7888139E-02  0.2177072E-10
  0.1455526500000E+05  0.1481715E+01  0.7649386E-06  0.3083060E-02 -0.7627856E-09  0.7888140E-02  0.2290664E-10
  0.1463596500000E+05  0.1481776E+01  0.7610015E-06  0.3082998E-02 -0.7635537E-09  0.7888142E-02  0.2401423E-10
  0.1471713166667E+05  0.1481838E+01  0.7570841E-06  0.3082936E-02 -0.7643783E-09  0.7888144E-02  0.2508347E-10
  0.1479876500000E+05  0.1481899E+01  0.7531866E-06  0.3082874E-02 -0.7652631E-09  0.7888147E-02  0.2611801E-10
  0.1488089833333E+05  0.1481961E+01  0.7490050E-06  0.3082811E-02 -0.7658951E-09  0.7888149E-02  0.2710800E-10
  0.1496349833333E+05  0.1482022E+01  0.7454523E-06  0.3082748E-02 -0.7672015E-09  0.7888151E-02  0.2808533E-10
  0.1504659833333E+05  0.1482084E+01  0.7413156E-06  0.3082684E-02 -0.7679414E-09  0.7888153E-02  0.2900908E-10
  0.1513016500000E+05  0.1482145E+01  0.7377949E-06  0.3082620E-02 -0.7693516E-09  0.7888156E-02  0.2992616E-10
  0.1521423166667E+05  0.1482207E+01  0.7337033E-06  0.3082555E-02 -0.7701968E-09  0.7888159E-02  0.3079066E-10
  0.1529879833333E+05  0.1482269E+01  0.7299271E-06  0.3082490E-02 -0.7713985E-09  0.7888161E-02  0.3163937E-10
  0.1538386500000E+05  0.1482331E+01  0.7261693E-06  0.3082424E-02 -0.7726414E-09  0.7888164E-02  0.3245931E-10
  0.1546943166667E+05  0.1482392E+01  0.7224303E-06  0.3082358E-02 -0.7739288E-09  0.7888167E-02  0.3325399E-10
  0.1555549833333E+05  0.1482454E+01  0.7187100E-06  0.3082291E-02 -0.7752587E-09  0.7888170E-02  0.3402446E-10
  0.1564209833333E+05  0.1482516E+01  0.7147333E-06  0.3082224E-02 -0.7763301E-09  0.7888173E-02  0.3475841E-10
  0.1572919833333E+05  0.1482578E+01  0.7113267E-06  0.3082156E-02 -0.7780347E-09  0.7888176E-02  0.3549478E-10
  0.1581683166667E+05  0.1482640E+01  0.7073923E-06  0.3082088E-02 -0.7791793E-09  0.7888179E-02  0.3618319E-10
  0.1590496500000E+05  0.1482702E+01  0.7040160E-06  0.3082019E-02 -0.7809533E-09  0.7888182E-02  0.3687925E-10
  0.1599363166667E+05  0.1482764E+01  0.7001242E-06  0.3081949E-02 -0.7821682E-09  0.7888186E-02  0.3752863E-10
  0.1608283166667E+05  0.1482826E+01  0.6965184E-06  0.3081880E-02 -0.7837109E-09  0.7888189E-02  0.3817410E-10
  0.1617256500000E+05  0.1482889E+01  0.6929302E-06  0.3081809E-02 -0.7852782E-09  0.7888192E-02  0.3880057E-10
  0.1626286500000E+05  0.1482951E+01  0.6891053E-06  0.3081738E-02 -0.7865826E-09  0.7888196E-02  0.3939683E-10
  0.1635369833333E+05  0.1483013E+01  0.6858078E-06  0.3081666E-02 -0.7884906E-09  0.7888200E-02  0.4000529E-10
  0.1644506500000E+05  0.1483075E+01  0.6822717E-06  0.3081594E-02 -0.7901308E-09  0.7888203E-02  0.4058567E-10
  0.1653699833333E+05  0.1483138E+01  0.6785075E-06  0.3081521E-02 -0.7915106E-09  0.7888207E-02  0.4114064E-10
  0.1662949833333E+05  0.1483200E+01  0.6750109E-06  0.3081448E-02 -0.7931958E-09  0.7888211E-02  0.4169637E-10
  0.1672256500000E+05  0.1483263E+01  0.6715309E-06  0.3081374E-02 -0.7948952E-09  0.7888215E-02  0.4223920E-10
  0.1681619833333E+05  0.1483325E+01  0.6680677E-06  0.3081300E-02 -0.7966116E-09  0.7888219E-02  0.4277234E-10
  0.1691039833333E+05  0.1483388E+01  0.6646214E-06  0.3081224E-02 -0.7983432E-09  0.7888223E-02  0.4329668E-10
  0.1700516500000E+05  0.1483451E+01  0.6611920E-06  0.3081148E-02 -0.8000883E-09  0.7888227E-02  0.4381309E-10
  0.1710049833333E+05  0.1483513E+01  0.6577798E-06  0.3081072E-02 -0.8018448E-09  0.7888231E-02  0.4432244E-10
  0.1719643166667E+05  0.1483576E+01  0.6541572E-06  0.3080995E-02 -0.8033319E-09  0.7888236E-02  0.4481002E-10
  0.1729296500000E+05  0.1483639E+01  0.6507824E-06  0.3080917E-02 -0.8051048E-09  0.7888240E-02  0.4530568E-10
  0.1739006500000E+05  0.1483702E+01  0.6476456E-06  0.3080839E-02 -0.8071572E-09  0.7888245E-02  0.4581069E-10
  0.1748776500000E+05  0.1483765E+01  0.6440798E-06  0.3080760E-02 -0.8086632E-09  0.7888249E-02  0.4628296E-10
  0.1758606500000E+05  0.1483828E+01  0.6407543E-06  0.3080680E-02 -0.8104508E-09  0.7888254E-02  0.4676823E-10
  0.1768499833333E+05  0.1483891E+01  0.6372301E-06  0.3080600E-02 -0.8119621E-09  0.7888258E-02  0.4723368E-10
  0.1778453166667E+05  0.1483954E+01  0.6341523E-06  0.3080519E-02 -0.8140184E-09  0.7888263E-02  0.4772802E-10
  0.1788469833333E+05  0.1484017E+01  0.6306643E-06  0.3080437E-02 -0.8155267E-09  0.7888268E-02  0.4819042E-10
  0.1798546500000E+05  0.1484080E+01  0.6276133E-06  0.3080355E-02 -0.8175765E-09  0.7888273E-02  0.4868566E-10
  0.1808686500000E+05  0.1484144E+01  0.6241618E-06  0.3080272E-02 -0.8190792E-09  0.7888278E-02  0.4915023E-10
  0.1818889833333E+05  0.1484207E+01  0.6209351E-06  0.3080188E-02 -0.8208475E-09  0.7888283E-02  0.4963316E-10
  0.1829156500000E+05  0.1484270E+01  0.6177238E-06  0.3080104E-02 -0.8226040E-09  0.7888288E-02  0.5011715E-10
  0.1839486500000E+05  0.1484334E+01  0.6145280E-06  0.3080018E-02 -0.8243512E-09  0.7888293E-02  0.5060503E-10
  0.1849883166667E+05  0.1484397E+01  0.6111519E-06  0.3079933E-02 -0.8258227E-09  0.7888299E-02  0.5108110E-10
  0.1860343166667E+05  0.1484461E+01  0.6081841E-06  0.3079846E-02 -0.8278093E-09  0.7888304E-02  0.5159333E-10
  0.1870869833333E+05  0.1484525E+01  0.6048428E-06  0.3079759E-02 -0.8292532E-09  0.7888309E-02  0.5207882E-10
  0.1881463166667E+05  0.1484588E+01  0.6017117E-06  0.3079671E-02 -0.8309470E-09  0.7888315E-02  0.5258754E-10
  0.1892123166667E+05  0.1484652E+01  0.5985955E-06  0.3079582E-02 -0.8326206E-09  0.7888321E-02  0.5310187E-10
  0.1902849833333E+05  0.1484716E+01  0.5954941E-06  0.3079492E-02 -0.8342761E-09  0.7888326E-02  0.5362447E-10
  0.1913643166667E+05  0.1484780E+01  0.5924079E-06  0.3079402E-02 -0.8359121E-09  0.7888332E-02  0.5415598E-10
  0.1924506500000E+05  0.1484844E+01  0.5891558E-06  0.3079311E-02 -0.8372701E-09  0.7888338E-02  0.5468022E-10
  0.1935439833333E+05  0.1484908E+01  0.5861025E-06  0.3079219E-02 -0.8388619E-09  0.7888344E-02  0.5522954E-10
  0.1946439833333E+05  0.1484972E+01  0.5832399E-06  0.3079127E-02 -0.8406815E-09  0.7888350E-02  0.5580489E-10
  0.1957509833333E+05  0.1485036E+01  0.5800378E-06  0.3079034E-02 -0.8419687E-09  0.7888357E-02  0.5635984E-10
  0.1968649833333E+05  0.1485101E+01  0.5770284E-06  0.3078940E-02 -0.8434857E-09  0.7888363E-02  0.5694374E-10
  0.1979863166667E+05  0.1485165E+01  0.5738627E-06  0.3078845E-02 -0.8447204E-09  0.7888369E-02  0.5752143E-10
  0.1991146500000E+05  0.1485230E+01  0.5710534E-06  0.3078750E-02 -0.8464271E-09  0.7888376E-02  0.5814496E-10
  0.2002503166667E+05  0.1485294E+01  0.5679198E-06  0.3078653E-02 -0.8476022E-09  0.7888383E-02  0.5874816E-10
  0.2013933166667E+05  0.1485359E+01  0.5649703E-06  0.3078556E-02 -0.8489976E-09  0.7888389E-02  0.5938311E-10
  0.2025436500000E+05  0.1485423E+01  0.5620345E-06  0.3078458E-02 -0.8503574E-09  0.7888396E-02  0.6003146E-10
  0.2037013166667E+05  0.1485488E+01  0.5591126E-06  0.3078360E-02 -0.8516837E-09  0.7888403E-02  0.6069555E-10
  0.2048663166667E+05  0.1485553E+01  0.5562049E-06  0.3078261E-02 -0.8529751E-09  0.7888411E-02  0.6137585E-10
  0.2060386500000E+05  0.1485618E+01  0.5533112E-06  0.3078160E-02 -0.8542305E-09  0.7888418E-02  0.6207284E-10
  0.2072186500000E+05  0.1485683E+01  0.5502763E-06  0.3078059E-02 -0.8552070E-09  0.7888425E-02  0.6276923E-10
  0.2084063166667E+05  0.1485748E+01  0.5474134E-06  0.3077958E-02 -0.8563867E-09  0.7888433E-02  0.6349928E-10
  0.2096016500000E+05  0.1485813E+01  0.5445639E-06  0.3077855E-02 -0.8575241E-09  0.7888440E-02  0.6424595E-10
  0.2108046500000E+05  0.1485878E+01  0.5417279E-06  0.3077752E-02 -0.8586214E-09  0.7888448E-02  0.6501140E-10
  0.2120153166667E+05  0.1485943E+01  0.5389056E-06  0.3077648E-02 -0.8596774E-09  0.7888456E-02  0.6579605E-10
  0.2132339833333E+05  0.1486008E+01  0.5359503E-06  0.3077543E-02 -0.8604557E-09  0.7888464E-02  0.6658205E-10
  0.2144606500000E+05  0.1486074E+01  0.5331577E-06  0.3077437E-02 -0.8614261E-09  0.7888473E-02  0.6740462E-10
  0.2156949833333E+05  0.1486139E+01  0.5305212E-06  0.3077331E-02 -0.8625824E-09  0.7888481E-02  0.6826464E-10
  0.2169376500000E+05  0.1486205E+01  0.5274694E-06  0.3077224E-02 -0.8629977E-09  0.7888490E-02  0.6909173E-10
  0.2181883166667E+05  0.1486270E+01  0.5248589E-06  0.3077116E-02 -0.8640632E-09  0.7888498E-02  0.6999409E-10
  0.2194469833333E+05  0.1486336E+01  0.5221188E-06  0.3077007E-02 -0.8648462E-09  0.7888507E-02  0.7089813E-10
  0.2207139833333E+05  0.1486402E+01  0.5192555E-06  0.3076897E-02 -0.8653565E-09  0.7888516E-02  0.7180687E-10
  0.2219893166667E+05  0.1486468E+01  0.5165442E-06  0.3076787E-02 -0.8660463E-09  0.7888526E-02  0.7275528E-10
  0.2232729833333E+05  0.1486534E+01  0.5138457E-06  0.3076675E-02 -0.8666842E-09  0.7888535E-02  0.7372502E-10
  0.2245649833333E+05  0.1486600E+01  0.5111600E-06  0.3076563E-02 -0.8672723E-09  0.7888545E-02  0.7471797E-10
  0.2258653166667E+05  0.1486666E+01  0.5084872E-06  0.3076450E-02 -0.8678097E-09  0.7888555E-02  0.7573436E-10
  0.2271743166667E+05  0.1486732E+01  0.5056986E-06  0.3076337E-02 -0.8680748E-09  0.7888565E-02  0.7675486E-10
  0.2284919833333E+05  0.1486798E+01  0.5030538E-06  0.3076222E-02 -0.8685092E-09  0.7888575E-02  0.7781737E-10
  0.2298183166667E+05  0.1486865E+01  0.5004214E-06  0.3076107E-02 -0.8688886E-09  0.7888585E-02  0.7890285E-10
  0.2311533166667E+05  0.1486931E+01  0.4978014E-06  0.3075991E-02 -0.8692149E-09  0.7888596E-02  0.8001300E-10
  0.2324969833333E+05  0.1486998E+01  0.4951940E-06  0.3075874E-02 -0.8694875E-09  0.7888607E-02  0.8114802E-10
  0.2338496500000E+05  0.1487064E+01  0.4924779E-06  0.3075757E-02 -0.8694915E-09  0.7888618E-02  0.8228775E-10
  0.2352109833333E+05  0.1487131E+01  0.4900177E-06  0.3075638E-02 -0.8698685E-09  0.7888629E-02  0.8349198E-10
  0.2365813166667E+05  0.1487198E+01  0.4873292E-06  0.3075519E-02 -0.8697631E-09  0.7888641E-02  0.8468075E-10
  0.2379609833333E+05  0.1487265E+01  0.4846569E-06  0.3075399E-02 -0.8696062E-09  0.7888653E-02  0.8589484E-10
  0.2393496500000E+05  0.1487332E+01  0.4822314E-06  0.3075278E-02 -0.8698105E-09  0.7888665E-02  0.8717374E-10
  0.2407476500000E+05  0.1487399E+01  0.4795856E-06  0.3075157E-02 -0.8695397E-09  0.7888677E-02  0.8843694E-10
  0.2421549833333E+05  0.1487466E+01  0.4770685E-06  0.3075034E-02 -0.8694223E-09  0.7888690E-02  0.8974737E-10
  0.2435716500000E+05  0.1487533E+01  0.4745631E-06  0.3074911E-02 -0.8692458E-09  0.7888703E-02  0.9108293E-10
  0.2449976500000E+05  0.1487600E+01  0.4720697E-06  0.3074787E-02 -0.8690121E-09  0.7888716E-02  0.9244505E-10
  0.2464329833333E+05  0.1487668E+01  0.4695883E-06  0.3074663E-02 -0.8687209E-09  0.7888730E-02  0.9383373E-10
  0.2478779833333E+05  0.1487735E+01  0.4670112E-06  0.3074537E-02 -0.8681719E-09  0.7888743E-02  0.9522700E-10
  0.2493326500000E+05  0.1487803E+01  0.4645557E-06  0.3074411E-02 -0.8677661E-09  0.7888757E-02  0.9666755E-10
  0.2507969833333E+05  0.1487871E+01  0.4621117E-06  0.3074284E-02 -0.8673003E-09  0.7888772E-02  0.9813374E-10
  0.2522713166667E+05  0.1487938E+01  0.4595755E-06  0.3074156E-02 -0.8665807E-09  0.7888786E-02  0.9960433E-10
  0.2537553166667E+05  0.1488006E+01  0.4572593E-06  0.3074028E-02 -0.8661943E-09  0.7888801E-02  0.1011458E-09
  0.2552493166667E+05  0.1488074E+01  0.4547486E-06  0.3073898E-02 -0.8653594E-09  0.7888817E-02  0.1026688E-09
  0.2567533166667E+05  0.1488142E+01  0.4523528E-06  0.3073768E-02 -0.8646624E-09  0.7888832E-02  0.1042415E-09
  0.2582673166667E+05  0.1488210E+01  0.4499685E-06  0.3073638E-02 -0.8639056E-09  0.7888849E-02  0.1058399E-09
  0.2597916500000E+05  0.1488279E+01  0.4474977E-06  0.3073506E-02 -0.8629022E-09  0.7888865E-02  0.1074418E-09
  0.2613263166667E+05  0.1488347E+01  0.4451379E-06  0.3073374E-02 -0.8620306E-09  0.7888882E-02  0.1090927E-09
  0.2628713166667E+05  0.1488415E+01  0.4427891E-06  0.3073241E-02 -0.8610997E-09  0.7888899E-02  0.1107695E-09
  0.2644266500000E+05  0.1488484E+01  0.4404514E-06  0.3073107E-02 -0.8601112E-09  0.7888916E-02  0.1124732E-09
  0.2659926500000E+05  0.1488552E+01  0.4380318E-06  0.3072972E-02 -0.8588828E-09  0.7888934E-02  0.1141793E-09
  0.2675689833333E+05  0.1488621E+01  0.4358103E-06  0.3072837E-02 -0.8579627E-09  0.7888952E-02  0.1159596E-09
  0.2691563166667E+05  0.1488690E+01  0.4333240E-06  0.3072701E-02 -0.8564420E-09  0.7888971E-02  0.1176926E-09
  0.2707543166667E+05  0.1488759E+01  0.4311240E-06  0.3072564E-02 -0.8554070E-09  0.7888990E-02  0.1195251E-09
  0.2723629833333E+05  0.1488828E+01  0.4288431E-06  0.3072427E-02 -0.8541332E-09  0.7889010E-02  0.1213580E-09
  0.2739826500000E+05  0.1488897E+01  0.4264856E-06  0.3072289E-02 -0.8526300E-09  0.7889030E-02  0.1231927E-09
  0.2756133166667E+05  0.1488966E+01  0.4242283E-06  0.3072150E-02 -0.8512484E-09  0.7889050E-02  0.1250775E-09
  0.2772553166667E+05  0.1489035E+01  0.4218961E-06  0.3072011E-02 -0.8496380E-09  0.7889071E-02  0.1269612E-09
  0.2789083166667E+05  0.1489105E+01  0.4197462E-06  0.3071870E-02 -0.8483181E-09  0.7889092E-02  0.1289212E-09
  0.2805726500000E+05  0.1489174E+01  0.4174372E-06  0.3071730E-02 -0.8466012E-09  0.7889114E-02  0.1308546E-09
  0.2822483166667E+05  0.1489244E+01  0.4152241E-06  0.3071588E-02 -0.8450035E-09  0.7889136E-02  0.1328392E-09
  0.2839339833333E+05  0.1489313E+01  0.4133482E-06  0.3071446E-02 -0.8440189E-09  0.7889159E-02  0.1349543E-09
  0.2856286500000E+05  0.1489383E+01  0.4113942E-06  0.3071303E-02 -0.8428086E-09  0.7889182E-02  0.1370720E-09
  0.2873323166667E+05  0.1489453E+01  0.4092073E-06  0.3071160E-02 -0.8410548E-09  0.7889206E-02  0.1391381E-09
  0.2890453166667E+05  0.1489523E+01  0.4069552E-06  0.3071016E-02 -0.8390936E-09  0.7889230E-02  0.1411999E-09
  0.2907676500000E+05  0.1489592E+01  0.4047972E-06  0.3070872E-02 -0.8372496E-09  0.7889255E-02  0.1433080E-09
  0.2924993166667E+05  0.1489662E+01  0.4026525E-06  0.3070727E-02 -0.8353581E-09  0.7889280E-02  0.1454347E-09
  0.2942403166667E+05  0.1489732E+01  0.4005210E-06  0.3070582E-02 -0.8334212E-09  0.7889306E-02  0.1475807E-09
  0.2959906500000E+05  0.1489801E+01  0.3984028E-06  0.3070436E-02 -0.8314401E-09  0.7889332E-02  0.1497455E-09
  0.2977503166667E+05  0.1489871E+01  0.3962979E-06  0.3070290E-02 -0.8294158E-09  0.7889359E-02  0.1519286E-09
  0.2995196500000E+05  0.1489941E+01  0.3941319E-06  0.3070144E-02 -0.8271934E-09  0.7889386E-02  0.1541005E-09
  0.3012983166667E+05  0.1490011E+01  0.3921277E-06  0.3069997E-02 -0.8252412E-09  0.7889414E-02  0.1563472E-09
  0.3030866500000E+05  0.1490080E+01  0.3899890E-06  0.3069850E-02 -0.8229386E-09  0.7889442E-02  0.1585522E-09
  0.3048846500000E+05  0.1490150E+01  0.3879371E-06  0.3069702E-02 -0.8207524E-09  0.7889471E-02  0.1608031E-09
  0.3066923166667E+05  0.1490220E+01  0.3858977E-06  0.3069555E-02 -0.8185270E-09  0.7889500E-02  0.1630694E-09
  0.3085099833333E+05  0.1490290E+01  0.3838006E-06  0.3069406E-02 -0.8161149E-09  0.7889530E-02  0.1653211E-09
  0.3103373166667E+05  0.1490359E+01  0.3818569E-06  0.3069257E-02 -0.8139658E-09  0.7889561E-02  0.1676480E-09
  0.3121743166667E+05  0.1490429E+01  0.3798548E-06  0.3069108E-02 -0.8116313E-09  0.7889592E-02  0.1699593E-09
  0.3140213166667E+05  0.1490499E+01  0.3777971E-06  0.3068959E-02 -0.8091181E-09  0.7889624E-02  0.1722546E-09
  0.3158783166667E+05  0.1490569E+01  0.3758208E-06  0.3068809E-02 -0.8067195E-09  0.7889657E-02  0.1745935E-09
  0.3177453166667E+05  0.1490639E+01  0.3738566E-06  0.3068659E-02 -0.8042883E-09  0.7889690E-02  0.1769450E-09
  0.3196223166667E+05  0.1490708E+01  0.3719043E-06  0.3068508E-02 -0.8018266E-09  0.7889723E-02  0.1793093E-09
  0.3215096500000E+05  0.1490778E+01  0.3698987E-06  0.3068358E-02 -0.7991946E-09  0.7889758E-02  0.1816537E-09
  0.3234069833333E+05  0.1490848E+01  0.3680359E-06  0.3068206E-02 -0.7968166E-09  0.7889792E-02  0.1840734E-09
  0.3253146500000E+05  0.1490918E+01  0.3660551E-06  0.3068055E-02 -0.7941308E-09  0.7889828E-02  0.1864395E-09
  0.3272326500000E+05  0.1490988E+01  0.3641511E-06  0.3067903E-02 -0.7915600E-09  0.7889864E-02  0.1888487E-09
  0.3291609833333E+05  0.1491058E+01  0.3622585E-06  0.3067751E-02 -0.7889635E-09  0.7889901E-02  0.1912673E-09
  0.3310996500000E+05  0.1491127E+01  0.3603774E-06  0.3067599E-02 -0.7863434E-09  0.7889939E-02  0.1936956E-09
  0.3330486500000E+05  0.1491197E+01  0.3585078E-06  0.3067446E-02 -0.7837010E-09  0.7889977E-02  0.1961328E-09
  0.3350083166667E+05  0.1491267E+01  0.3565889E-06  0.3067293E-02 -0.7809045E-09  0.7890016E-02  0.1985446E-09
  0.3369783166667E+05  0.1491337E+01  0.3548029E-06  0.3067139E-02 -0.7783537E-09  0.7890055E-02  0.2010312E-09
  0.3389589833333E+05  0.1491407E+01  0.3529077E-06  0.3066986E-02 -0.7755197E-09  0.7890096E-02  0.2034570E-09
  0.3409503166667E+05  0.1491477E+01  0.3510840E-06  0.3066832E-02 -0.7728004E-09  0.7890137E-02  0.2059236E-09
  0.3429523166667E+05  0.1491547E+01  0.3492712E-06  0.3066678E-02 -0.7700637E-09  0.7890178E-02  0.2083956E-09
  0.3449649833333E+05  0.1491617E+01  0.3474694E-06  0.3066523E-02 -0.7673115E-09  0.7890221E-02  0.2108732E-09
  0.3469886500000E+05  0.1491687E+01  0.3456216E-06  0.3066369E-02 -0.7644189E-09  0.7890264E-02  0.2133205E-09
  0.3490233166667E+05  0.1491757E+01  0.3438424E-06  0.3066214E-02 -0.7616402E-09  0.7890308E-02  0.2158067E-09
  0.3510686500000E+05  0.1491827E+01  0.3421294E-06  0.3066058E-02 -0.7589720E-09  0.7890353E-02  0.2183318E-09
  0.3531249833333E+05  0.1491897E+01  0.3403153E-06  0.3065903E-02 -0.7560453E-09  0.7890398E-02  0.2207894E-09
  0.3551926500000E+05  0.1491967E+01  0.3385134E-06  0.3065747E-02 -0.7531117E-09  0.7890444E-02  0.2232492E-09
  0.3572713166667E+05  0.1492037E+01  0.3368312E-06  0.3065591E-02 -0.7504113E-09  0.7890491E-02  0.2257819E-09
  0.3593613166667E+05  0.1492107E+01  0.3350511E-06  0.3065435E-02 -0.7474615E-09  0.7890539E-02  0.2282437E-09
  0.3614623166667E+05  0.1492177E+01  0.3333884E-06  0.3065279E-02 -0.7447440E-09  0.7890587E-02  0.2307794E-09
  0.3635739833333E+05  0.1492247E+01  0.3317347E-06  0.3065122E-02 -0.7420178E-09  0.7890637E-02  0.2333155E-09
  0.3656963166667E+05  0.1492317E+01  0.3300384E-06  0.3064965E-02 -0.7391696E-09  0.7890687E-02  0.2358152E-09
  0.3678289833333E+05  0.1492387E+01  0.3284042E-06  0.3064808E-02 -0.7364340E-09  0.7890737E-02  0.2383511E-09
  0.3699723166667E+05  0.1492457E+01  0.3266778E-06  0.3064651E-02 -0.7334664E-09  0.7890789E-02  0.2408101E-09
  0.3721263166667E+05  0.1492527E+01  0.3250138E-06  0.3064493E-02 -0.7306138E-09  0.7890841E-02  0.2433031E-09
  0.3742909833333E+05  0.1492597E+01  0.3233602E-06  0.3064336E-02 -0.7277610E-09  0.7890895E-02  0.2457917E-09
  0.3764663166667E+05  0.1492667E+01  0.3217171E-06  0.3064178E-02 -0.7249093E-09  0.7890949E-02  0.2482757E-09
  0.3786523166667E+05  0.1492737E+01  0.3200844E-06  0.3064020E-02 -0.7220598E-09  0.7891004E-02  0.2507545E-09
  0.3808493166667E+05  0.1492807E+01  0.3184139E-06  0.3063862E-02 -0.7191042E-09  0.7891059E-02  0.2531891E-09
  0.3830573166667E+05  0.1492877E+01  0.3168025E-06  0.3063704E-02 -0.7162626E-09  0.7891116E-02  0.2556552E-09
  0.3852763166667E+05  0.1492947E+01  0.3152011E-06  0.3063546E-02 -0.7134252E-09  0.7891173E-02  0.2581140E-09
  0.3875066500000E+05  0.1493017E+01  0.3135629E-06  0.3063387E-02 -0.7104869E-09  0.7891231E-02  0.2605265E-09
  0.3897479833333E+05  0.1493087E+01  0.3120284E-06  0.3063229E-02 -0.7077672E-09  0.7891290E-02  0.2630086E-09
  0.3920006500000E+05  0.1493156E+01  0.3104107E-06  0.3063070E-02 -0.7048433E-09  0.7891350E-02  0.2654039E-09
  0.3942646500000E+05  0.1493226E+01  0.3088495E-06  0.3062911E-02 -0.7020328E-09  0.7891410E-02  0.2678295E-09
  0.3965403166667E+05  0.1493296E+01  0.3072527E-06  0.3062752E-02 -0.6991278E-09  0.7891472E-02  0.2702053E-09
  0.3988273166667E+05  0.1493366E+01  0.3057557E-06  0.3062593E-02 -0.6964367E-09  0.7891534E-02  0.2726499E-09
  0.4011259833333E+05  0.1493436E+01  0.3041788E-06  0.3062433E-02 -0.6935516E-09  0.7891597E-02  0.2750043E-09
  0.4034363166667E+05  0.1493506E+01  0.3026560E-06  0.3062274E-02 -0.6907787E-09  0.7891661E-02  0.2773873E-09
  0.4057586500000E+05  0.1493576E+01  0.3010992E-06  0.3062114E-02 -0.6879176E-09  0.7891726E-02  0.2797179E-09
  0.4080929833333E+05  0.1493646E+01  0.2995954E-06  0.3061954E-02 -0.6851676E-09  0.7891792E-02  0.2820760E-09
  0.4104389833333E+05  0.1493716E+01  0.2981428E-06  0.3061794E-02 -0.6825260E-09  0.7891859E-02  0.2844615E-09
  0.4127973166667E+05  0.1493786E+01  0.2965726E-06  0.3061634E-02 -0.6796065E-09  0.7891927E-02  0.2867125E-09
  0.4151676500000E+05  0.1493856E+01  0.2951378E-06  0.3061473E-02 -0.6769899E-09  0.7891995E-02  0.2890709E-09
  0.4175503166667E+05  0.1493926E+01  0.2936285E-06  0.3061312E-02 -0.6741954E-09  0.7892065E-02  0.2913331E-09
  0.4199453166667E+05  0.1493996E+01  0.2921697E-06  0.3061152E-02 -0.6715104E-09  0.7892135E-02  0.2936211E-09
  0.4223526500000E+05  0.1494066E+01  0.2907195E-06  0.3060991E-02 -0.6688393E-09  0.7892206E-02  0.2958933E-09
  0.4247726500000E+05  0.1494136E+01  0.2892381E-06  0.3060829E-02 -0.6660911E-09  0.7892278E-02  0.2981084E-09
  0.4272053166667E+05  0.1494206E+01  0.2878056E-06  0.3060668E-02 -0.6634507E-09  0.7892351E-02  0.3003478E-09
  0.4296506500000E+05  0.1494276E+01  0.2863814E-06  0.3060506E-02 -0.6608253E-09  0.7892425E-02  0.3025697E-09
  0.4321086500000E+05  0.1494346E+01  0.2849655E-06  0.3060345E-02 -0.6582154E-09  0.7892500E-02  0.3047742E-09
  0.4345796500000E+05  0.1494416E+01  0.2835197E-06  0.3060183E-02 -0.6555331E-09  0.7892576E-02  0.3069191E-09
  0.4370636500000E+05  0.1494486E+01  0.2821209E-06  0.3060020E-02 -0.6529565E-09  0.7892653E-02  0.3090865E-09
  0.4395606500000E+05  0.1494556E+01  0.2807301E-06  0.3059858E-02 -0.6503960E-09  0.7892731E-02  0.3112344E-09
  0.4420709833333E+05  0.1494626E+01  0.2793103E-06  0.3059695E-02 -0.6477662E-09  0.7892809E-02  0.3133211E-09
  0.4445946500000E+05  0.1494696E+01  0.2779361E-06  0.3059533E-02 -0.6452402E-09  0.7892889E-02  0.3154290E-09
  0.4471316500000E+05  0.1494766E+01  0.2765697E-06  0.3059370E-02 -0.6427309E-09  0.7892969E-02  0.3175160E-09
  0.4496819833333E+05  0.1494837E+01  0.2752112E-06  0.3059206E-02 -0.6402387E-09  0.7893051E-02  0.3195819E-09
  0.4522459833333E+05  0.1494907E+01  0.2738248E-06  0.3059043E-02 -0.6376807E-09  0.7893133E-02  0.3215843E-09
  0.4548236500000E+05  0.1494977E+01  0.2724823E-06  0.3058879E-02 -0.6352240E-09  0.7893217E-02  0.3236061E-09
  0.4574153166667E+05  0.1495047E+01  0.2711124E-06  0.3058715E-02 -0.6327032E-09  0.7893301E-02  0.3255630E-09
  0.4600206500000E+05  0.1495118E+01  0.2698200E-06  0.3058551E-02 -0.6303626E-09  0.7893386E-02  0.3275804E-09
  0.4626403166667E+05  0.1495188E+01  0.2684316E-06  0.3058386E-02 -0.6277977E-09  0.7893473E-02  0.3294483E-09
  0.4652739833333E+05  0.1495258E+01  0.2671538E-06  0.3058222E-02 -0.6254913E-09  0.7893560E-02  0.3314179E-09
  0.4679219833333E+05  0.1495329E+01  0.2658155E-06  0.3058057E-02 -0.6230432E-09  0.7893648E-02  0.3332786E-09
  0.4705843166667E+05  0.1495399E+01  0.2645185E-06  0.3057891E-02 -0.6206918E-09  0.7893738E-02  0.3351563E-09
  0.4732609833333E+05  0.1495470E+01  0.2632285E-06  0.3057726E-02 -0.6183573E-09  0.7893828E-02  0.3370081E-09
  0.4759523166667E+05  0.1495540E+01  0.2619134E-06  0.3057560E-02 -0.6159634E-09  0.7893919E-02  0.3387919E-09
  0.4786583166667E+05  0.1495611E+01  0.2606382E-06  0.3057394E-02 -0.6136637E-09  0.7894011E-02  0.3405909E-09
  0.4813793166667E+05  0.1495681E+01  0.2593383E-06  0.3057228E-02 -0.6113056E-09  0.7894104E-02  0.3423208E-09
  0.4841149833333E+05  0.1495752E+01  0.2581089E-06  0.3057061E-02 -0.6091139E-09  0.7894198E-02  0.3441070E-09
  0.4868656500000E+05  0.1495822E+01  0.2568234E-06  0.3056894E-02 -0.6067895E-09  0.7894293E-02  0.3457811E-09
  0.4896316500000E+05  0.1495893E+01  0.2555455E-06  0.3056727E-02 -0.6044828E-09  0.7894390E-02  0.3474270E-09
  0.4924129833333E+05  0.1495964E+01  0.2543057E-06  0.3056559E-02 -0.6022657E-09  0.7894487E-02  0.3490855E-09
  0.4952096500000E+05  0.1496035E+01  0.2530724E-06  0.3056392E-02 -0.6000638E-09  0.7894585E-02  0.3507145E-09
  0.4980219833333E+05  0.1496105E+01  0.2518160E-06  0.3056224E-02 -0.5978059E-09  0.7894684E-02  0.3522719E-09
  0.5008499833333E+05  0.1496176E+01  0.2505964E-06  0.3056055E-02 -0.5956346E-09  0.7894784E-02  0.3538407E-09
  0.5036936500000E+05  0.1496247E+01  0.2493833E-06  0.3055886E-02 -0.5934775E-09  0.7894885E-02  0.3553786E-09
  0.5065533166667E+05  0.1496318E+01  0.2481478E-06  0.3055717E-02 -0.5912654E-09  0.7894987E-02  0.3568436E-09
  0.5094289833333E+05  0.1496389E+01  0.2469480E-06  0.3055548E-02 -0.5891367E-09  0.7895090E-02  0.3583186E-09
  0.5123206500000E+05  0.1496460E+01  0.2457545E-06  0.3055378E-02 -0.5870211E-09  0.7895194E-02  0.3597612E-09
  0.5152286500000E+05  0.1496531E+01  0.2445393E-06  0.3055208E-02 -0.5848510E-09  0.7895299E-02  0.3611298E-09
  0.5181529833333E+05  0.1496603E+01  0.2433589E-06  0.3055038E-02 -0.5827612E-09  0.7895405E-02  0.3625068E-09
  0.5210939833333E+05  0.1496674E+01  0.2421572E-06  0.3054867E-02 -0.5806172E-09  0.7895512E-02  0.3638088E-09
  0.5240516500000E+05  0.1496745E+01  0.2409894E-06  0.3054696E-02 -0.5785512E-09  0.7895620E-02  0.3651182E-09
  0.5270259833333E+05  0.1496816E+01  0.2398277E-06  0.3054524E-02 -0.5764958E-09  0.7895729E-02  0.3663931E-09
  0.5300173166667E+05  0.1496888E+01  0.2386454E-06  0.3054352E-02 -0.5743864E-09  0.7895839E-02  0.3675922E-09
  0.5330256500000E+05  0.1496959E+01  0.2374962E-06  0.3054180E-02 -0.5723516E-09  0.7895950E-02  0.3687971E-09
  0.5360513166667E+05  0.1497031E+01  0.2363268E-06  0.3054008E-02 -0.5702629E-09  0.7896062E-02  0.3699254E-09
  0.5390943166667E+05  0.1497102E+01  0.2351896E-06  0.3053835E-02 -0.5682463E-09  0.7896175E-02  0.3710584E-09
  0.5421546500000E+05  0.1497174E+01  0.2340583E-06  0.3053661E-02 -0.5662374E-09  0.7896289E-02  0.3721548E-09
  0.5452326500000E+05  0.1497246E+01  0.2329075E-06  0.3053488E-02 -0.5641743E-09  0.7896404E-02  0.3731737E-09
  0.5483283166667E+05  0.1497317E+01  0.2317881E-06  0.3053314E-02 -0.5621798E-09  0.7896519E-02  0.3741959E-09
  0.5514419833333E+05  0.1497389E+01  0.2306496E-06  0.3053139E-02 -0.5601311E-09  0.7896636E-02  0.3751399E-09
  0.5545736500000E+05  0.1497461E+01  0.2295418E-06  0.3052965E-02 -0.5581484E-09  0.7896754E-02  0.3760860E-09
  0.5577233166667E+05  0.1497533E+01  0.2284396E-06  0.3052789E-02 -0.5561701E-09  0.7896873E-02  0.3769934E-09
  0.5608913166667E+05  0.1497605E+01  0.2273189E-06  0.3052614E-02 -0.5541370E-09  0.7896992E-02  0.3778219E-09
  0.5640776500000E+05  0.1497677E+01  0.2262281E-06  0.3052438E-02 -0.5521662E-09  0.7897113E-02  0.3786510E-09
  0.5672826500000E+05  0.1497749E+01  0.2251193E-06  0.3052262E-02 -0.5501404E-09  0.7897235E-02  0.3794006E-09
  0.5705066500000E+05  0.1497821E+01  0.2240165E-06  0.3052085E-02 -0.5481176E-09  0.7897357E-02  0.3801103E-09
  0.5737493166667E+05  0.1497894E+01  0.2229654E-06  0.3051908E-02 -0.5462092E-09  0.7897481E-02  0.3808581E-09
  0.5770109833333E+05  0.1497966E+01  0.2218736E-06  0.3051730E-02 -0.5441880E-09  0.7897605E-02  0.3814863E-09
  0.5802919833333E+05  0.1498039E+01  0.2207878E-06  0.3051552E-02 -0.5421672E-09  0.7897731E-02  0.3820737E-09
  0.5835923166667E+05  0.1498111E+01  0.2197298E-06  0.3051374E-02 -0.5402008E-09  0.7897857E-02  0.3826584E-09
  0.5869123166667E+05  0.1498184E+01  0.2186551E-06  0.3051195E-02 -0.5381780E-09  0.7897984E-02  0.3831623E-09
  0.5902516500000E+05  0.1498256E+01  0.2176294E-06  0.3051016E-02 -0.5362603E-09  0.7898112E-02  0.3837008E-09
  0.5936109833333E+05  0.1498329E+01  0.2165438E-06  0.3050837E-02 -0.5341778E-09  0.7898241E-02  0.3840816E-09
  0.5969903166667E+05  0.1498402E+01  0.2155069E-06  0.3050657E-02 -0.5321983E-09  0.7898371E-02  0.3844960E-09
  0.6003896500000E+05  0.1498475E+01  0.2144748E-06  0.3050477E-02 -0.5302131E-09  0.7898502E-02  0.3848668E-09
  0.6038093166667E+05  0.1498548E+01  0.2134270E-06  0.3050296E-02 -0.5281696E-09  0.7898634E-02  0.3851562E-09
  0.6072493166667E+05  0.1498621E+01  0.2124052E-06  0.3050115E-02 -0.5261710E-09  0.7898766E-02  0.3854392E-09
  0.6107099833333E+05  0.1498694E+01  0.2113678E-06  0.3049934E-02 -0.5241137E-09  0.7898900E-02  0.3856404E-09
  0.6141916500000E+05  0.1498767E+01  0.2103358E-06  0.3049752E-02 -0.5220484E-09  0.7899034E-02  0.3857974E-09
  0.6176939833333E+05  0.1498841E+01  0.2093489E-06  0.3049570E-02 -0.5200737E-09  0.7899169E-02  0.3859832E-09
  0.6212176500000E+05  0.1498914E+01  0.2083071E-06  0.3049387E-02 -0.5179394E-09  0.7899305E-02  0.3860133E-09
  0.6247623166667E+05  0.1498987E+01  0.2073295E-06  0.3049205E-02 -0.5159415E-09  0.7899442E-02  0.3861079E-09
  0.6283286500000E+05  0.1499061E+01  0.2062982E-06  0.3049021E-02 -0.5137857E-09  0.7899580E-02  0.3860474E-09
  0.6319166500000E+05  0.1499135E+01  0.2053106E-06  0.3048838E-02 -0.5117139E-09  0.7899718E-02  0.3860136E-09
  0.6355263166667E+05  0.1499208E+01  0.2043276E-06  0.3048654E-02 -0.5096280E-09  0.7899858E-02  0.3859332E-09
  0.6391579833333E+05  0.1499282E+01  0.2033304E-06  0.3048469E-02 -0.5074799E-09  0.7899998E-02  0.3857706E-09
  0.6428116500000E+05  0.1499356E+01  0.2023567E-06  0.3048285E-02 -0.5053631E-09  0.7900139E-02  0.3855966E-09
  0.6464876500000E+05  0.1499430E+01  0.2013691E-06  0.3048100E-02 -0.5031838E-09  0.7900280E-02  0.3853405E-09
  0.6501859833333E+05  0.1499504E+01  0.2004046E-06  0.3047915E-02 -0.5010330E-09  0.7900423E-02  0.3850721E-09
  0.6539069833333E+05  0.1499579E+01  0.1994265E-06  0.3047729E-02 -0.4988188E-09  0.7900566E-02  0.3847215E-09
  0.6576509833333E+05  0.1499653E+01  0.1984533E-06  0.3047543E-02 -0.4965864E-09  0.7900710E-02  0.3843237E-09
  0.6614179833333E+05  0.1499727E+01  0.1975022E-06  0.3047357E-02 -0.4943787E-09  0.7900854E-02  0.3839124E-09
  0.6652083166667E+05  0.1499802E+01  0.1965381E-06  0.3047170E-02 -0.4921065E-09  0.7901000E-02  0.3834191E-09
  0.6690219833333E+05  0.1499876E+01  0.1955958E-06  0.3046983E-02 -0.4898562E-09  0.7901146E-02  0.3829115E-09
  0.6728589833333E+05  0.1499951E+01  0.1946576E-06  0.3046796E-02 -0.4875829E-09  0.7901292E-02  0.3823553E-09
  0.6767199833333E+05  0.1500026E+01  0.1936902E-06  0.3046609E-02 -0.4852020E-09  0.7901440E-02  0.3816844E-09
  0.6806046500000E+05  0.1500101E+01  0.1927774E-06  0.3046421E-02 -0.4829235E-09  0.7901588E-02  0.3810643E-09
  0.6845136500000E+05  0.1500176E+01  0.1918191E-06  0.3046234E-02 -0.4804955E-09  0.7901736E-02  0.3802971E-09
  0.6884469833333E+05  0.1500251E+01  0.1908982E-06  0.3046046E-02 -0.4781250E-09  0.7901886E-02  0.3795467E-09
  0.6924039833333E+05  0.1500326E+01  0.1900131E-06  0.3045857E-02 -0.4758079E-09  0.7902036E-02  0.3788110E-09
  0.6963843166667E+05  0.1500401E+01  0.1891155E-06  0.3045669E-02 -0.4734206E-09  0.7902186E-02  0.3779930E-09
  0.7003879833333E+05  0.1500477E+01  0.1882060E-06  0.3045480E-02 -0.4709641E-09  0.7902337E-02  0.3770938E-09
  0.7044153166667E+05  0.1500552E+01  0.1872853E-06  0.3045292E-02 -0.4684400E-09  0.7902488E-02  0.3761143E-09
  0.7084663166667E+05  0.1500628E+01  0.1863846E-06  0.3045103E-02 -0.4659267E-09  0.7902640E-02  0.3751177E-09
  0.7125413166667E+05  0.1500703E+01  0.1854728E-06  0.3044914E-02 -0.4633462E-09  0.7902793E-02  0.3740416E-09
  0.7166406500000E+05  0.1500779E+01  0.1845655E-06  0.3044725E-02 -0.4607367E-09  0.7902946E-02  0.3729176E-09
  0.7207643166667E+05  0.1500855E+01  0.1836776E-06  0.3044536E-02 -0.4581351E-09  0.7903099E-02  0.3717759E-09
  0.7249126500000E+05  0.1500930E+01  0.1827790E-06  0.3044347E-02 -0.4554655E-09  0.7903253E-02  0.3705559E-09
  0.7290859833333E+05  0.1501006E+01  0.1818847E-06  0.3044158E-02 -0.4527651E-09  0.7903407E-02  0.3692883E-09
  0.7332839833333E+05  0.1501082E+01  0.1810235E-06  0.3043969E-02 -0.4501050E-09  0.7903561E-02  0.3680317E-09
  0.7375063166667E+05  0.1501158E+01  0.1801659E-06  0.3043780E-02 -0.4474106E-09  0.7903716E-02  0.3667263E-09
  0.7417536500000E+05  0.1501234E+01  0.1792696E-06  0.3043592E-02 -0.4445763E-09  0.7903871E-02  0.3652862E-09
  0.7460259833333E+05  0.1501311E+01  0.1784060E-06  0.3043403E-02 -0.4417795E-09  0.7904027E-02  0.3638570E-09
  0.7503233166667E+05  0.1501387E+01  0.1775462E-06  0.3043214E-02 -0.4389489E-09  0.7904183E-02  0.3623807E-09
  0.7546459833333E+05  0.1501463E+01  0.1766767E-06  0.3043026E-02 -0.4360500E-09  0.7904339E-02  0.3608296E-09
  0.7589939833333E+05  0.1501540E+01  0.1758249E-06  0.3042837E-02 -0.4331505E-09  0.7904495E-02  0.3592602E-09
  0.7633679833333E+05  0.1501616E+01  0.1749503E-06  0.3042649E-02 -0.4301504E-09  0.7904651E-02  0.3575901E-09
  0.7677676500000E+05  0.1501693E+01  0.1741197E-06  0.3042461E-02 -0.4272142E-09  0.7904808E-02  0.3559566E-09
  0.7721936500000E+05  0.1501770E+01  0.1732533E-06  0.3042274E-02 -0.4241453E-09  0.7904965E-02  0.3541967E-09
  0.7766459833333E+05  0.1501846E+01  0.1724172E-06  0.3042086E-02 -0.4211054E-09  0.7905121E-02  0.3524459E-09
  0.7811246500000E+05  0.1501923E+01  0.1715847E-06  0.3041899E-02 -0.4180293E-09  0.7905278E-02  0.3506504E-09
  0.7856303166667E+05  0.1502000E+01  0.1707306E-06  0.3041712E-02 -0.4148550E-09  0.7905436E-02  0.3487589E-09
  0.7901626500000E+05  0.1502077E+01  0.1699182E-06  0.3041525E-02 -0.4117370E-09  0.7905593E-02  0.3469016E-09
  0.7947223166667E+05  0.1502154E+01  0.1690720E-06  0.3041339E-02 -0.4084915E-09  0.7905750E-02  0.3449244E-09
  0.7993093166667E+05  0.1502231E+01  0.1682545E-06  0.3041153E-02 -0.4052698E-09  0.7905907E-02  0.3429556E-09
  0.8039239833333E+05  0.1502309E+01  0.1674283E-06  0.3040968E-02 -0.4019821E-09  0.7906065E-02  0.3409199E-09
  0.8085663166667E+05  0.1502386E+01  0.1666179E-06  0.3040783E-02 -0.3986867E-09  0.7906222E-02  0.3388673E-09
  0.8132366500000E+05  0.1502463E+01  0.1657990E-06  0.3040598E-02 -0.3953259E-09  0.7906379E-02  0.3367494E-09
  0.8179353166667E+05  0.1502541E+01  0.1649839E-06  0.3040414E-02 -0.3919287E-09  0.7906537E-02  0.3345914E-09
  0.8226626500000E+05  0.1502619E+01  0.1641725E-06  0.3040230E-02 -0.3884956E-09  0.7906694E-02  0.3323941E-09
  0.8274186500000E+05  0.1502696E+01  0.1633762E-06  0.3040047E-02 -0.3850534E-09  0.7906851E-02  0.3301812E-09
  0.8322036500000E+05  0.1502774E+01  0.1625717E-06  0.3039864E-02 -0.3815474E-09  0.7907008E-02  0.3279065E-09
  0.8370176500000E+05  0.1502852E+01  0.1617821E-06  0.3039682E-02 -0.3780316E-09  0.7907164E-02  0.3256168E-09
  0.8418609833333E+05  0.1502930E+01  0.1609846E-06  0.3039501E-02 -0.3744531E-09  0.7907321E-02  0.3232672E-09
  0.8467339833333E+05  0.1503008E+01  0.1601907E-06  0.3039320E-02 -0.3708390E-09  0.7907477E-02  0.3208816E-09
  0.8516369833333E+05  0.1503086E+01  0.1594003E-06  0.3039140E-02 -0.3671898E-09  0.7907633E-02  0.3184607E-09
  0.8565689833333E+05  0.1503164E+01  0.1586561E-06  0.3038961E-02 -0.3636039E-09  0.7907789E-02  0.3160907E-09
  0.8615299833333E+05  0.1503243E+01  0.1578825E-06  0.3038783E-02 -0.3599061E-09  0.7907945E-02  0.3136204E-09
  0.8665199833333E+05  0.1503321E+01  0.1571122E-06  0.3038605E-02 -0.3561721E-09  0.7908100E-02  0.3111161E-09
  0.8715393166667E+05  0.1503400E+01  0.1563348E-06  0.3038428E-02 -0.3523805E-09  0.7908255E-02  0.3085589E-09
  0.8765886500000E+05  0.1503478E+01  0.1555507E-06  0.3038252E-02 -0.3485333E-09  0.7908410E-02  0.3059508E-09
  0.8816676500000E+05  0.1503557E+01  0.1548009E-06  0.3038077E-02 -0.3447233E-09  0.7908564E-02  0.3033735E-09
  0.8867769833333E+05  0.1503635E+01  0.1540238E-06  0.3037903E-02 -0.3408130E-09  0.7908717E-02  0.3007070E-09
  0.8919169833333E+05  0.1503714E+01  0.1532603E-06  0.3037730E-02 -0.3368943E-09  0.7908870E-02  0.2980324E-09
  0.8970876500000E+05  0.1503793E+01  0.1525101E-06  0.3037557E-02 -0.3329668E-09  0.7909023E-02  0.2953499E-09
  0.9022893166667E+05  0.1503872E+01  0.1517532E-06  0.3037386E-02 -0.3289872E-09  0.7909175E-02  0.2926216E-09
  0.9075223166667E+05  0.1503951E+01  0.1509997E-06  0.3037216E-02 -0.3249779E-09  0.7909327E-02  0.2898680E-09
  0.9127869833333E+05  0.1504030E+01  0.1502494E-06  0.3037047E-02 -0.3209400E-09  0.7909478E-02  0.2870901E-09
  0.9180836500000E+05  0.1504109E+01  0.1495024E-06  0.3036879E-02 -0.3168740E-09  0.7909629E-02  0.2842888E-09
  0.9234126500000E+05  0.1504189E+01  0.1487586E-06  0.3036713E-02 -0.3127805E-09  0.7909779E-02  0.2814652E-09
  0.9287739833333E+05  0.1504268E+01  0.1480271E-06  0.3036547E-02 -0.3086794E-09  0.7909928E-02  0.2786375E-09
  0.9341683166667E+05  0.1504347E+01  0.1472804E-06  0.3036383E-02 -0.3045135E-09  0.7910077E-02  0.2757545E-09
  0.9395956500000E+05  0.1504427E+01  0.1465550E-06  0.3036220E-02 -0.3003601E-09  0.7910225E-02  0.2728862E-09
  0.9450566500000E+05  0.1504507E+01  0.1458147E-06  0.3036058E-02 -0.2961451E-09  0.7910372E-02  0.2699660E-09
  0.9505513166667E+05  0.1504586E+01  0.1450953E-06  0.3035898E-02 -0.2919426E-09  0.7910519E-02  0.2670614E-09
  0.9560803166667E+05  0.1504666E+01  0.1443612E-06  0.3035739E-02 -0.2876817E-09  0.7910665E-02  0.2641079E-09
  0.9616439833333E+05  0.1504746E+01  0.1436390E-06  0.3035581E-02 -0.2834164E-09  0.7910811E-02  0.2611554E-09
  0.9672423166667E+05  0.1504826E+01  0.1429282E-06  0.3035425E-02 -0.2791466E-09  0.7910955E-02  0.2582040E-09
  0.9728743166667E+05  0.1504906E+01  0.1422453E-06  0.3035270E-02 -0.2749040E-09  0.7911099E-02  0.2552839E-09
  0.9785389833333E+05  0.1504986E+01  0.1415646E-06  0.3035117E-02 -0.2706376E-09  0.7911242E-02  0.2523484E-09
  0.9842366500000E+05  0.1505067E+01  0.1408532E-06  0.3034965E-02 -0.2662860E-09  0.7911384E-02  0.2493405E-09
  0.9899679833333E+05  0.1505147E+01  0.1401368E-06  0.3034815E-02 -0.2619025E-09  0.7911525E-02  0.2463088E-09
  0.9957329833333E+05  0.1505227E+01  0.1394400E-06  0.3034666E-02 -0.2575354E-09  0.7911665E-02  0.2432986E-09
  0.1001531650000E+06  0.1505308E+01  0.1387460E-06  0.3034520E-02 -0.2531542E-09  0.7911805E-02  0.2402813E-09
  0.1007364650000E+06  0.1505388E+01  0.1380392E-06  0.3034374E-02 -0.2487308E-09  0.7911943E-02  0.2372305E-09
