  0.6500000000000E-01  0.0000000E+00  0.0000000E+00 -0.0000000E+00 -0.0000000E+00  0.0000000E+00  0.0000000E+00
  0.9833333333333E-01  0.4992436E-04  0.1497731E-02 -0.4973511E-05 -0.1492053E-03  0.1998828E-04  0.5996485E-03
  0.1316666666667E+00  0.7523364E-04  0.7592786E-03 -0.7494691E-05 -0.7563539E-04  0.3011379E-04  0.3037651E-03
  0.1650000000000E+00  0.1008301E-03  0.7678926E-03 -0.1004446E-04 -0.7649321E-04  0.4034910E-04  0.3070592E-03
  0.1983333333333E+00  0.1264425E-03  0.7683721E-03 -0.1259592E-04 -0.7654360E-04  0.5058597E-04  0.3071061E-03
  0.2316666666667E+00  0.1520756E-03  0.7689935E-03 -0.1514961E-04 -0.7661073E-04  0.6082649E-04  0.3072158E-03
  0.2650000000000E+00  0.1777338E-03  0.7697479E-03 -0.1770606E-04 -0.7669347E-04  0.7107263E-04  0.3073843E-03
  0.2983333333333E+00  0.2034214E-03  0.7706272E-03 -0.2026575E-04 -0.7679083E-04  0.8132623E-04  0.3076080E-03
  0.3316666666667E+00  0.2291422E-03  0.7716241E-03 -0.2282915E-04 -0.7690187E-04  0.9158902E-04  0.3078837E-03
  0.3650000000000E+00  0.2549000E-03  0.7727321E-03 -0.2539667E-04 -0.7702579E-04  0.1018626E-03  0.3082084E-03
  0.3983333333333E+00  0.2806981E-03  0.7739451E-03 -0.2796873E-04 -0.7716182E-04  0.1121486E-03  0.3085794E-03
  0.4316666666667E+00  0.3065400E-03  0.7752576E-03 -0.3054571E-04 -0.7730928E-04  0.1224484E-03  0.3089943E-03
  0.4650000000000E+00  0.3324289E-03  0.7766646E-03 -0.3312796E-04 -0.7746755E-04  0.1327634E-03  0.3094508E-03
  0.4983333333333E+00  0.3583676E-03  0.7781617E-03 -0.3571583E-04 -0.7763607E-04  0.1430950E-03  0.3099470E-03
  0.5316666666667E+00  0.3843591E-03  0.7797445E-03 -0.3830964E-04 -0.7781431E-04  0.1534444E-03  0.3104809E-03
  0.5650000000000E+00  0.4104061E-03  0.7814093E-03 -0.4090970E-04 -0.7800180E-04  0.1638127E-03  0.3110507E-03
  0.5983333333333E+00  0.4365111E-03  0.7831527E-03 -0.4351630E-04 -0.7819810E-04  0.1742012E-03  0.3116551E-03
  0.6316666666667E+00  0.4626768E-03  0.7849712E-03 -0.4612973E-04 -0.7840282E-04  0.1846110E-03  0.3122923E-03
  0.6650000000000E+00  0.4889056E-03  0.7868620E-03 -0.4875025E-04 -0.7861558E-04  0.1950430E-03  0.3129613E-03
  0.6983333333333E+00  0.5151997E-03  0.7888224E-03 -0.5137812E-04 -0.7883606E-04  0.2054984E-03  0.3136606E-03
  0.7316666666667E+00  0.5415613E-03  0.7908497E-03 -0.5401358E-04 -0.7906393E-04  0.2159780E-03  0.3143891E-03
  0.7650000000000E+00  0.5679927E-03  0.7929418E-03 -0.5665688E-04 -0.7929890E-04  0.2264829E-03  0.3151459E-03
  0.7983333333333E+00  0.5944959E-03  0.7950963E-03 -0.5930824E-04 -0.7954072E-04  0.2370139E-03  0.3159299E-03
  0.8316666666667E+00  0.6210730E-03  0.7973112E-03 -0.6196788E-04 -0.7978913E-04  0.2475719E-03  0.3167401E-03
  0.8650000000000E+00  0.6477258E-03  0.7995848E-03 -0.6463601E-04 -0.8004390E-04  0.2581577E-03  0.3175759E-03
  0.8983333333333E+00  0.6744563E-03  0.8019153E-03 -0.6731283E-04 -0.8030483E-04  0.2687723E-03  0.3184363E-03
  0.9316666666667E+00  0.7012663E-03  0.8043011E-03 -0.6999856E-04 -0.8057171E-04  0.2794163E-03  0.3193206E-03
  0.9650000000000E+00  0.7281577E-03  0.8067407E-03 -0.7269337E-04 -0.8084436E-04  0.2900906E-03  0.3202282E-03
  0.9983333333333E+00  0.7551321E-03  0.8092327E-03 -0.7539746E-04 -0.8112261E-04  0.3007959E-03  0.3211585E-03
  0.1031666666667E+01  0.7821913E-03  0.8117759E-03 -0.7811100E-04 -0.8140631E-04  0.3115329E-03  0.3221108E-03
  0.1065000000000E+01  0.8093369E-03  0.8143689E-03 -0.8083418E-04 -0.8169531E-04  0.3223024E-03  0.3230845E-03
  0.1098333333333E+01  0.8365706E-03  0.8170108E-03 -0.8356716E-04 -0.8198946E-04  0.3331050E-03  0.3240793E-03
  0.1131666666667E+01  0.8638940E-03  0.8197004E-03 -0.8631011E-04 -0.8228864E-04  0.3439415E-03  0.3250946E-03
  0.1165000000000E+01  0.8913085E-03  0.8224368E-03 -0.8906320E-04 -0.8259274E-04  0.3548125E-03  0.3261299E-03
  0.1198333333333E+01  0.9188158E-03  0.8252191E-03 -0.9182659E-04 -0.8290163E-04  0.3657187E-03  0.3271848E-03
  0.1231666666667E+01  0.9464174E-03  0.8280464E-03 -0.9460043E-04 -0.8321522E-04  0.3766606E-03  0.3282589E-03
  0.1265000000000E+01  0.9741147E-03  0.8309179E-03 -0.9738488E-04 -0.8353340E-04  0.3876390E-03  0.3293520E-03
  0.1298333333333E+01  0.1001909E-02  0.8338329E-03 -0.1001801E-03 -0.8385610E-04  0.3986545E-03  0.3304635E-03
  0.1331666666667E+01  0.1029802E-02  0.8367908E-03 -0.1029862E-03 -0.8418321E-04  0.4097076E-03  0.3315933E-03
  0.1365000000000E+01  0.1057795E-02  0.8397908E-03 -0.1058033E-03 -0.8451467E-04  0.4207989E-03  0.3327409E-03
  0.1398333333333E+01  0.1085890E-02  0.8428323E-03 -0.1086317E-03 -0.8485040E-04  0.4319291E-03  0.3339062E-03
  0.1431666666667E+01  0.1114087E-02  0.8459149E-03 -0.1114714E-03 -0.8519032E-04  0.4430988E-03  0.3350888E-03
  0.1465000000000E+01  0.1142388E-02  0.8490380E-03 -0.1143225E-03 -0.8553439E-04  0.4543084E-03  0.3362886E-03
  0.1498333333333E+01  0.1170795E-02  0.8522011E-03 -0.1171853E-03 -0.8588252E-04  0.4655586E-03  0.3375052E-03
  0.1531666666667E+01  0.1199308E-02  0.8554037E-03 -0.1200598E-03 -0.8623468E-04  0.4768499E-03  0.3387385E-03
  0.1565000000000E+01  0.1227930E-02  0.8586455E-03 -0.1229461E-03 -0.8659080E-04  0.4881828E-03  0.3399883E-03
  0.1598333333333E+01  0.1256661E-02  0.8619260E-03 -0.1258445E-03 -0.8695083E-04  0.4995579E-03  0.3412543E-03
  0.1631666666667E+01  0.1285502E-02  0.8652449E-03 -0.1287550E-03 -0.8731474E-04  0.5109758E-03  0.3425364E-03
  0.1665000000000E+01  0.1314455E-02  0.8686018E-03 -0.1316777E-03 -0.8768248E-04  0.5224370E-03  0.3438345E-03
  0.1698333333333E+01  0.1343522E-02  0.8719965E-03 -0.1346129E-03 -0.8805400E-04  0.5339419E-03  0.3451483E-03
  0.1731666666667E+01  0.1372703E-02  0.8754286E-03 -0.1375605E-03 -0.8842928E-04  0.5454912E-03  0.3464778E-03
  0.1765000000000E+01  0.1402000E-02  0.8788979E-03 -0.1405208E-03 -0.8880827E-04  0.5570853E-03  0.3478228E-03
  0.1798333333333E+01  0.1431413E-02  0.8824041E-03 -0.1434938E-03 -0.8919095E-04  0.5687247E-03  0.3491832E-03
  0.1831666666667E+01  0.1460945E-02  0.8859471E-03 -0.1464797E-03 -0.8957729E-04  0.5804100E-03  0.3505588E-03
  0.1865000000000E+01  0.1490595E-02  0.8895265E-03 -0.1494786E-03 -0.8996725E-04  0.5921416E-03  0.3519496E-03
  0.1898333333333E+01  0.1520367E-02  0.8931423E-03 -0.1524906E-03 -0.9036082E-04  0.6039202E-03  0.3533555E-03
  0.1931666666667E+01  0.1550260E-02  0.8967942E-03 -0.1555159E-03 -0.9075798E-04  0.6157460E-03  0.3547763E-03
  0.1965000000000E+01  0.1580276E-02  0.9004822E-03 -0.1585545E-03 -0.9115869E-04  0.6276198E-03  0.3562121E-03
  0.1998333333333E+01  0.1610416E-02  0.9042060E-03 -0.1616066E-03 -0.9156295E-04  0.6395419E-03  0.3576626E-03
  0.2031666666667E+01  0.1640682E-02  0.9079655E-03 -0.1646723E-03 -0.9197073E-04  0.6515128E-03  0.3591279E-03
  0.2065000000000E+01  0.1671074E-02  0.9117606E-03 -0.1677517E-03 -0.9238202E-04  0.6635331E-03  0.3606079E-03
  0.2098333333333E+01  0.1701594E-02  0.9155913E-03 -0.1708450E-03 -0.9279680E-04  0.6756031E-03  0.3621026E-03
  0.2131666666667E+01  0.1732242E-02  0.9194574E-03 -0.1739521E-03 -0.9321507E-04  0.6877235E-03  0.3636118E-03
  0.2165000000000E+01  0.1763021E-02  0.9233590E-03 -0.1770733E-03 -0.9363680E-04  0.6998947E-03  0.3651355E-03
  0.2198333333333E+01  0.1793931E-02  0.9272958E-03 -0.1802087E-03 -0.9406200E-04  0.7121172E-03  0.3666737E-03
  0.2231666666667E+01  0.1824973E-02  0.9312679E-03 -0.1833584E-03 -0.9449065E-04  0.7243914E-03  0.3682264E-03
  0.2265000000000E+01  0.1856149E-02  0.9352752E-03 -0.1865225E-03 -0.9492274E-04  0.7367178E-03  0.3697936E-03
  0.2298333333333E+01  0.1887459E-02  0.9393178E-03 -0.1897011E-03 -0.9535828E-04  0.7490970E-03  0.3713751E-03
  0.2331666666667E+01  0.1918906E-02  0.9433955E-03 -0.1928944E-03 -0.9579725E-04  0.7615294E-03  0.3729710E-03
  0.2365000000000E+01  0.1950489E-02  0.9475084E-03 -0.1961024E-03 -0.9623965E-04  0.7740154E-03  0.3745813E-03
  0.2398333333333E+01  0.1982211E-02  0.9516566E-03 -0.1993252E-03 -0.9668547E-04  0.7865556E-03  0.3762059E-03
  0.2431666666667E+01  0.2014073E-02  0.9558399E-03 -0.2025630E-03 -0.9713473E-04  0.7991504E-03  0.3778448E-03
  0.2465000000000E+01  0.2046075E-02  0.9600584E-03 -0.2058160E-03 -0.9758741E-04  0.8118004E-03  0.3794981E-03
  0.2498333333333E+01  0.2078218E-02  0.9643122E-03 -0.2090841E-03 -0.9804352E-04  0.8245059E-03  0.3811658E-03
  0.2531666666667E+01  0.2110505E-02  0.9686013E-03 -0.2123675E-03 -0.9850305E-04  0.8372675E-03  0.3828478E-03
  0.2565000000000E+01  0.2142936E-02  0.9729257E-03 -0.2156664E-03 -0.9896602E-04  0.8500856E-03  0.3845441E-03
  0.2598333333333E+01  0.2175512E-02  0.9772855E-03 -0.2189808E-03 -0.9943241E-04  0.8629608E-03  0.3862548E-03
  0.2631666666667E+01  0.2208235E-02  0.9816807E-03 -0.2223109E-03 -0.9990225E-04  0.8758935E-03  0.3879798E-03
  0.2665000000000E+01  0.2241105E-02  0.9861115E-03 -0.2256567E-03 -0.1003755E-03  0.8888841E-03  0.3897192E-03
  0.2698333333333E+01  0.2274124E-02  0.9905778E-03 -0.2290185E-03 -0.1008523E-03  0.9019332E-03  0.3914731E-03
  0.2731666666667E+01  0.2307294E-02  0.9950798E-03 -0.2323962E-03 -0.1013324E-03  0.9150412E-03  0.3932413E-03
  0.2765000000000E+01  0.2340614E-02  0.9996175E-03 -0.2357901E-03 -0.1018161E-03  0.9282087E-03  0.3950240E-03
  0.2798333333333E+01  0.2374087E-02  0.1004191E-02 -0.2392002E-03 -0.1023032E-03  0.9414361E-03  0.3968212E-03
  0.2831666666667E+01  0.2407714E-02  0.1008801E-02 -0.2426266E-03 -0.1027938E-03  0.9547239E-03  0.3986329E-03
  0.2865000000000E+01  0.2441496E-02  0.1013446E-02 -0.2460696E-03 -0.1032879E-03  0.9680725E-03  0.4004591E-03
  0.2898333333333E+01  0.2475433E-02  0.1018128E-02 -0.2495291E-03 -0.1037854E-03  0.9814825E-03  0.4022999E-03
  0.2931666666667E+01  0.2509528E-02  0.1022846E-02 -0.2530053E-03 -0.1042865E-03  0.9949543E-03  0.4041553E-03
  0.2965000000000E+01  0.2543781E-02  0.1027600E-02 -0.2564983E-03 -0.1047911E-03  0.1008489E-02  0.4060254E-03
  0.2998333333333E+01  0.2578194E-02  0.1032391E-02 -0.2600083E-03 -0.1052993E-03  0.1022086E-02  0.4079102E-03
  0.3031666666667E+01  0.2612768E-02  0.1037219E-02 -0.2635353E-03 -0.1058110E-03  0.1035746E-02  0.4098097E-03
  0.3065000000000E+01  0.2647504E-02  0.1042083E-02 -0.2670796E-03 -0.1063262E-03  0.1049470E-02  0.4117240E-03
  0.3098333333333E+01  0.2682404E-02  0.1046985E-02 -0.2706411E-03 -0.1068450E-03  0.1063258E-02  0.4136531E-03
  0.3131666666667E+01  0.2717468E-02  0.1051923E-02 -0.2742200E-03 -0.1073674E-03  0.1077112E-02  0.4155971E-03
  0.3165000000000E+01  0.2752698E-02  0.1056899E-02 -0.2778164E-03 -0.1078934E-03  0.1091030E-02  0.4175561E-03
  0.3198333333333E+01  0.2788095E-02  0.1061912E-02 -0.2814305E-03 -0.1084231E-03  0.1105015E-02  0.4195300E-03
  0.3231666666667E+01  0.2823660E-02  0.1066962E-02 -0.2850624E-03 -0.1089563E-03  0.1119065E-02  0.4215191E-03
  0.3265000000000E+01  0.2859396E-02  0.1072051E-02 -0.2887122E-03 -0.1094932E-03  0.1133183E-02  0.4235232E-03
  0.3298333333333E+01  0.2895301E-02  0.1077177E-02 -0.2923800E-03 -0.1100338E-03  0.1147367E-02  0.4255426E-03
  0.3331666666667E+01  0.2931379E-02  0.1082341E-02 -0.2960659E-03 -0.1105781E-03  0.1161620E-02  0.4275772E-03
  0.3365000000000E+01  0.2967631E-02  0.1087544E-02 -0.2997701E-03 -0.1111261E-03  0.1175941E-02  0.4296271E-03
  0.3398333333333E+01  0.3004057E-02  0.1092785E-02 -0.3034927E-03 -0.1116778E-03  0.1190331E-02  0.4316924E-03
  0.3431666666667E+01  0.3040659E-02  0.1098065E-02 -0.3072338E-03 -0.1122332E-03  0.1204790E-02  0.4337732E-03
  0.3465000000000E+01  0.3077439E-02  0.1103383E-02 -0.3109936E-03 -0.1127925E-03  0.1219319E-02  0.4358695E-03
  0.3498333333333E+01  0.3114397E-02  0.1108741E-02 -0.3147721E-03 -0.1133555E-03  0.1233918E-02  0.4379814E-03
  0.3531666666667E+01  0.3151535E-02  0.1114138E-02 -0.3185695E-03 -0.1139223E-03  0.1248588E-02  0.4401090E-03
  0.3565000000000E+01  0.3188854E-02  0.1119574E-02 -0.3223859E-03 -0.1144929E-03  0.1263330E-02  0.4422524E-03
  0.3598333333333E+01  0.3226355E-02  0.1125050E-02 -0.3262215E-03 -0.1150674E-03  0.1278144E-02  0.4444116E-03
  0.3631666666667E+01  0.3264041E-02  0.1130566E-02 -0.3300764E-03 -0.1156458E-03  0.1293030E-02  0.4465868E-03
  0.3665000000000E+01  0.3301912E-02  0.1136122E-02 -0.3339506E-03 -0.1162281E-03  0.1307989E-02  0.4487780E-03
  0.3698333333333E+01  0.3339969E-02  0.1141719E-02 -0.3378444E-03 -0.1168143E-03  0.1323022E-02  0.4509853E-03
  0.3731666666667E+01  0.3378214E-02  0.1147356E-02 -0.3417579E-03 -0.1174045E-03  0.1338129E-02  0.4532088E-03
  0.3765000000000E+01  0.3416649E-02  0.1153034E-02 -0.3456912E-03 -0.1179987E-03  0.1353311E-02  0.4554486E-03
  0.3798333333333E+01  0.3455274E-02  0.1158753E-02 -0.3496444E-03 -0.1185968E-03  0.1368568E-02  0.4577049E-03
  0.3831666666667E+01  0.3494091E-02  0.1164513E-02 -0.3536177E-03 -0.1191991E-03  0.1383900E-02  0.4599776E-03
  0.3865000000000E+01  0.3533101E-02  0.1170315E-02 -0.3576112E-03 -0.1198053E-03  0.1399309E-02  0.4622670E-03
  0.3898333333333E+01  0.3572307E-02  0.1176159E-02 -0.3616251E-03 -0.1204157E-03  0.1414795E-02  0.4645730E-03
  0.3931666666667E+01  0.3611708E-02  0.1182045E-02 -0.3656594E-03 -0.1210303E-03  0.1430358E-02  0.4668959E-03
  0.3965000000000E+01  0.3651307E-02  0.1187974E-02 -0.3697144E-03 -0.1216489E-03  0.1445999E-02  0.4692357E-03
  0.3998333333333E+01  0.3691105E-02  0.1193945E-02 -0.3737901E-03 -0.1222718E-03  0.1461719E-02  0.4715926E-03
  0.4031666666667E+01  0.3731104E-02  0.1199960E-02 -0.3778868E-03 -0.1228989E-03  0.1477518E-02  0.4739666E-03
  0.4065000000000E+01  0.3771305E-02  0.1206017E-02 -0.3820044E-03 -0.1235303E-03  0.1493396E-02  0.4763580E-03
  0.4098333333333E+01  0.3811709E-02  0.1212119E-02 -0.3861433E-03 -0.1241660E-03  0.1509355E-02  0.4787668E-03
  0.4131666666667E+01  0.3852317E-02  0.1218264E-02 -0.3903035E-03 -0.1248061E-03  0.1525395E-02  0.4811931E-03
  0.4165000000000E+01  0.3893133E-02  0.1224454E-02 -0.3944852E-03 -0.1254505E-03  0.1541516E-02  0.4836372E-03
  0.4198333333333E+01  0.3934156E-02  0.1230688E-02 -0.3986885E-03 -0.1260994E-03  0.1557720E-02  0.4860991E-03
  0.4231666666667E+01  0.3975388E-02  0.1236968E-02 -0.4029136E-03 -0.1267528E-03  0.1574006E-02  0.4885790E-03
  0.4265000000000E+01  0.4016831E-02  0.1243293E-02 -0.4071606E-03 -0.1274107E-03  0.1590375E-02  0.4910771E-03
  0.4298333333333E+01  0.4058486E-02  0.1249663E-02 -0.4114297E-03 -0.1280731E-03  0.1606828E-02  0.4935935E-03
  0.4331666666667E+01  0.4100356E-02  0.1256080E-02 -0.4157211E-03 -0.1287403E-03  0.1623366E-02  0.4961284E-03
  0.4365000000000E+01  0.4142440E-02  0.1262544E-02 -0.4200348E-03 -0.1294121E-03  0.1639988E-02  0.4986819E-03
  0.4398333333333E+01  0.4184742E-02  0.1269054E-02 -0.4243711E-03 -0.1300887E-03  0.1656697E-02  0.5012544E-03
  0.4431666666667E+01  0.4227263E-02  0.1275612E-02 -0.4287301E-03 -0.1307701E-03  0.1673492E-02  0.5038460E-03
  0.4465000000000E+01  0.4270003E-02  0.1282218E-02 -0.4331120E-03 -0.1314564E-03  0.1690374E-02  0.5064568E-03
  0.4498333333333E+01  0.4312966E-02  0.1288873E-02 -0.4375169E-03 -0.1321477E-03  0.1707343E-02  0.5090872E-03
  0.4531666666667E+01  0.4356152E-02  0.1295577E-02 -0.4419450E-03 -0.1328441E-03  0.1724401E-02  0.5117374E-03
  0.4565000000000E+01  0.4399563E-02  0.1302330E-02 -0.4463966E-03 -0.1335456E-03  0.1741548E-02  0.5144077E-03
  0.4598333333333E+01  0.4443200E-02  0.1309134E-02 -0.4508716E-03 -0.1342523E-03  0.1758785E-02  0.5170983E-03
  0.4631666666667E+01  0.4487067E-02  0.1315989E-02 -0.4553705E-03 -0.1349644E-03  0.1776112E-02  0.5198095E-03
  0.4665000000000E+01  0.4531163E-02  0.1322896E-02 -0.4598932E-03 -0.1356820E-03  0.1793530E-02  0.5225418E-03
  0.4698333333333E+01  0.4575492E-02  0.1329855E-02 -0.4644400E-03 -0.1364052E-03  0.1811039E-02  0.5252953E-03
  0.4731666666667E+01  0.4620054E-02  0.1336867E-02 -0.4690112E-03 -0.1371341E-03  0.1828642E-02  0.5280706E-03
  0.4765000000000E+01  0.4664852E-02  0.1343933E-02 -0.4736068E-03 -0.1378689E-03  0.1846337E-02  0.5308681E-03
  0.4798333333333E+01  0.4709887E-02  0.1351055E-02 -0.4782271E-03 -0.1386097E-03  0.1864127E-02  0.5336882E-03
  0.4831666666667E+01  0.4755161E-02  0.1358232E-02 -0.4828723E-03 -0.1393568E-03  0.1882011E-02  0.5365314E-03
  0.4865000000000E+01  0.4800677E-02  0.1365467E-02 -0.4875427E-03 -0.1401104E-03  0.1899991E-02  0.5393984E-03
  0.4898333333333E+01  0.4846436E-02  0.1372761E-02 -0.4922384E-03 -0.1408706E-03  0.1918068E-02  0.5422896E-03
  0.4931666666667E+01  0.4892439E-02  0.1380114E-02 -0.4969596E-03 -0.1416377E-03  0.1936241E-02  0.5452058E-03
  0.4965000000000E+01  0.4938690E-02  0.1387529E-02 -0.5017067E-03 -0.1424120E-03  0.1954513E-02  0.5481477E-03
  0.4998333333333E+01  0.4985191E-02  0.1395006E-02 -0.5064798E-03 -0.1431938E-03  0.1972883E-02  0.5511161E-03
  0.5031666666667E+01  0.5031942E-02  0.1402549E-02 -0.5112793E-03 -0.1439834E-03  0.1991354E-02  0.5541119E-03
  0.5065000000000E+01  0.5078947E-02  0.1410158E-02 -0.5161053E-03 -0.1447812E-03  0.2009925E-02  0.5571362E-03
  0.5098333333333E+01  0.5126209E-02  0.1417836E-02 -0.5209582E-03 -0.1455877E-03  0.2028598E-02  0.5601899E-03
  0.5131666666667E+01  0.5173728E-02  0.1425585E-02 -0.5258383E-03 -0.1464032E-03  0.2047374E-02  0.5632743E-03
  0.5165000000000E+01  0.5221508E-02  0.1433407E-02 -0.5307459E-03 -0.1472282E-03  0.2066253E-02  0.5663907E-03
  0.5198333333333E+01  0.5269552E-02  0.1441307E-02 -0.5356814E-03 -0.1480634E-03  0.2085238E-02  0.5695406E-03
  0.5231666666667E+01  0.5317861E-02  0.1449286E-02 -0.5406450E-03 -0.1489093E-03  0.2104329E-02  0.5727255E-03
  0.5265000000000E+01  0.5366440E-02  0.1457347E-02 -0.5456373E-03 -0.1497666E-03  0.2123527E-02  0.5759471E-03
  0.5298333333333E+01  0.5415290E-02  0.1465496E-02 -0.5506585E-03 -0.1506360E-03  0.2142834E-02  0.5792074E-03
  0.5331666666667E+01  0.5464414E-02  0.1473735E-02 -0.5557091E-03 -0.1515183E-03  0.2162251E-02  0.5825084E-03
  0.5365000000000E+01  0.5513816E-02  0.1482069E-02 -0.5607895E-03 -0.1524144E-03  0.2181779E-02  0.5858523E-03
  0.5398333333333E+01  0.5563500E-02  0.1490502E-02 -0.5659004E-03 -0.1533251E-03  0.2201421E-02  0.5892415E-03
  0.5431666666667E+01  0.5613468E-02  0.1499039E-02 -0.5710421E-03 -0.1542514E-03  0.2221177E-02  0.5926785E-03
  0.5465000000000E+01  0.5663724E-02  0.1507687E-02 -0.5762152E-03 -0.1551945E-03  0.2241049E-02  0.5961662E-03
  0.5498333333333E+01  0.5714272E-02  0.1516449E-02 -0.5814204E-03 -0.1561553E-03  0.2261039E-02  0.5997073E-03
  0.5531666666667E+01  0.5765117E-02  0.1525332E-02 -0.5866583E-03 -0.1571351E-03  0.2281149E-02  0.6033049E-03
  0.5565000000000E+01  0.5816261E-02  0.1534342E-02 -0.5919294E-03 -0.1581350E-03  0.2301381E-02  0.6069621E-03
  0.5598333333333E+01  0.5867711E-02  0.1543486E-02 -0.5972346E-03 -0.1591562E-03  0.2321738E-02  0.6106821E-03
  0.5631666666667E+01  0.5919470E-02  0.1552769E-02 -0.6025746E-03 -0.1602000E-03  0.2342220E-02  0.6144683E-03
  0.5665000000000E+01  0.5971543E-02  0.1562198E-02 -0.6079502E-03 -0.1612676E-03  0.2362831E-02  0.6183239E-03
  0.5698333333333E+01  0.6023936E-02  0.1571780E-02 -0.6133622E-03 -0.1623602E-03  0.2383572E-02  0.6222522E-03
  0.5731666666667E+01  0.6076653E-02  0.1581521E-02 -0.6188115E-03 -0.1634789E-03  0.2404448E-02  0.6262565E-03
  0.5765000000000E+01  0.6129701E-02  0.1591426E-02 -0.6242990E-03 -0.1646250E-03  0.2425459E-02  0.6303399E-03
  0.5798333333333E+01  0.6183084E-02  0.1601503E-02 -0.6298257E-03 -0.1657994E-03  0.2446609E-02  0.6345052E-03
  0.5831666666667E+01  0.6236809E-02  0.1611755E-02 -0.6353924E-03 -0.1670031E-03  0.2467901E-02  0.6387554E-03
  0.5865000000000E+01  0.6290882E-02  0.1622189E-02 -0.6410003E-03 -0.1682369E-03  0.2489337E-02  0.6430928E-03
  0.5898333333333E+01  0.6345309E-02  0.1632810E-02 -0.6466504E-03 -0.1695015E-03  0.2510921E-02  0.6475198E-03
  0.5931666666667E+01  0.6400097E-02  0.1643620E-02 -0.6523436E-03 -0.1707975E-03  0.2532656E-02  0.6520383E-03
  0.5965000000000E+01  0.6455251E-02  0.1654625E-02 -0.6580811E-03 -0.1721254E-03  0.2554544E-02  0.6566500E-03
  0.5998333333333E+01  0.6510778E-02  0.1665826E-02 -0.6638640E-03 -0.1734854E-03  0.2576589E-02  0.6613561E-03
  0.6031666666667E+01  0.6566686E-02  0.1677227E-02 -0.6696933E-03 -0.1748777E-03  0.2598795E-02  0.6661578E-03
  0.6065000000000E+01  0.6622980E-02  0.1688828E-02 -0.6755700E-03 -0.1763023E-03  0.2621163E-02  0.6710556E-03
  0.6098333333333E+01  0.6679668E-02  0.1700633E-02 -0.6814953E-03 -0.1777592E-03  0.2643698E-02  0.6760502E-03
  0.6131666666667E+01  0.6736756E-02  0.1712641E-02 -0.6874702E-03 -0.1792481E-03  0.2666403E-02  0.6811416E-03
  0.6165000000000E+01  0.6794251E-02  0.1724853E-02 -0.6934959E-03 -0.1807686E-03  0.2689281E-02  0.6863299E-03
  0.6198333333333E+01  0.6852160E-02  0.1737270E-02 -0.6995732E-03 -0.1823205E-03  0.2712334E-02  0.6916149E-03
  0.6231666666667E+01  0.6910490E-02  0.1749890E-02 -0.7057033E-03 -0.1839032E-03  0.2735568E-02  0.6969960E-03
  0.6265000000000E+01  0.6969247E-02  0.1762715E-02 -0.7118872E-03 -0.1855164E-03  0.2758983E-02  0.7024730E-03
  0.6298333333333E+01  0.7028438E-02  0.1775743E-02 -0.7181258E-03 -0.1871593E-03  0.2782585E-02  0.7080451E-03
  0.6331666666667E+01  0.7088071E-02  0.1788974E-02 -0.7244202E-03 -0.1888316E-03  0.2806375E-02  0.7137118E-03
  0.6365000000000E+01  0.7148151E-02  0.1802407E-02 -0.7307713E-03 -0.1905326E-03  0.2830358E-02  0.7194723E-03
  0.6398333333333E+01  0.7208686E-02  0.1816042E-02 -0.7371800E-03 -0.1922618E-03  0.2854535E-02  0.7253259E-03
  0.6431666666667E+01  0.7269682E-02  0.1829876E-02 -0.7436473E-03 -0.1940186E-03  0.2878911E-02  0.7312718E-03
  0.6465000000000E+01  0.7331145E-02  0.1843911E-02 -0.7501741E-03 -0.1958026E-03  0.2903488E-02  0.7373093E-03
  0.6498333333333E+01  0.7393084E-02  0.1858144E-02 -0.7567612E-03 -0.1976133E-03  0.2928269E-02  0.7434375E-03
  0.6531666666667E+01  0.7455503E-02  0.1872575E-02 -0.7634095E-03 -0.1994502E-03  0.2953258E-02  0.7496557E-03
  0.6565000000000E+01  0.7518409E-02  0.1887203E-02 -0.7701200E-03 -0.2013128E-03  0.2978457E-02  0.7559629E-03
  0.6598333333333E+01  0.7581810E-02  0.1902027E-02 -0.7768933E-03 -0.2032007E-03  0.3003868E-02  0.7623585E-03
  0.6631666666667E+01  0.7645712E-02  0.1917046E-02 -0.7837304E-03 -0.2051136E-03  0.3029497E-02  0.7688415E-03
  0.6665000000000E+01  0.7710120E-02  0.1932258E-02 -0.7906321E-03 -0.2070510E-03  0.3055344E-02  0.7754109E-03
  0.6698333333333E+01  0.7775043E-02  0.1947663E-02 -0.7975992E-03 -0.2090126E-03  0.3081412E-02  0.7820660E-03
  0.6731666666667E+01  0.7840485E-02  0.1963259E-02 -0.8046325E-03 -0.2109979E-03  0.3107706E-02  0.7888057E-03
  0.6765000000000E+01  0.7906453E-02  0.1979045E-02 -0.8117327E-03 -0.2130067E-03  0.3134227E-02  0.7956290E-03
  0.6798333333333E+01  0.7972953E-02  0.1995020E-02 -0.8189007E-03 -0.2150385E-03  0.3160978E-02  0.8025350E-03
  0.6831666666667E+01  0.8039993E-02  0.2011183E-02 -0.8261371E-03 -0.2170930E-03  0.3187962E-02  0.8095226E-03
  0.6865000000000E+01  0.8107577E-02  0.2027531E-02 -0.8334427E-03 -0.2191698E-03  0.3215182E-02  0.8165909E-03
  0.6898333333333E+01  0.8175713E-02  0.2044064E-02 -0.8408184E-03 -0.2212686E-03  0.3242640E-02  0.8237388E-03
  0.6931666666667E+01  0.8244405E-02  0.2060781E-02 -0.8482647E-03 -0.2233890E-03  0.3270339E-02  0.8309654E-03
  0.6965000000000E+01  0.8313661E-02  0.2077680E-02 -0.8557824E-03 -0.2255307E-03  0.3298281E-02  0.8382697E-03
  0.6998333333333E+01  0.8383487E-02  0.2094759E-02 -0.8633721E-03 -0.2276933E-03  0.3326469E-02  0.8456507E-03
  0.7031666666667E+01  0.8453887E-02  0.2112018E-02 -0.8710347E-03 -0.2298764E-03  0.3354906E-02  0.8531077E-03
  0.7065000000000E+01  0.8524869E-02  0.2129456E-02 -0.8787707E-03 -0.2320798E-03  0.3383594E-02  0.8606398E-03
  0.7098333333333E+01  0.8596438E-02  0.2147071E-02 -0.8865808E-03 -0.2343030E-03  0.3412536E-02  0.8682462E-03
  0.7131666666667E+01  0.8668600E-02  0.2164864E-02 -0.8944656E-03 -0.2365459E-03  0.3441733E-02  0.8759264E-03
  0.7165000000000E+01  0.8741361E-02  0.2182832E-02 -0.9024259E-03 -0.2388081E-03  0.3471189E-02  0.8836797E-03
  0.7198333333333E+01  0.8814727E-02  0.2200977E-02 -0.9104622E-03 -0.2410892E-03  0.3500906E-02  0.8915057E-03
  0.7231666666667E+01  0.8888704E-02  0.2219297E-02 -0.9185752E-03 -0.2433892E-03  0.3530886E-02  0.8994040E-03
  0.7265000000000E+01  0.8963297E-02  0.2237792E-02 -0.9267655E-03 -0.2457077E-03  0.3561132E-02  0.9073744E-03
  0.7298333333333E+01  0.9038512E-02  0.2256462E-02 -0.9350336E-03 -0.2480446E-03  0.3591646E-02  0.9154166E-03
  0.7331666666667E+01  0.9114356E-02  0.2275309E-02 -0.9433803E-03 -0.2503997E-03  0.3622430E-02  0.9235307E-03
  0.7365000000000E+01  0.9190834E-02  0.2294331E-02 -0.9518060E-03 -0.2527728E-03  0.3653488E-02  0.9317166E-03
  0.7398333333333E+01  0.9267951E-02  0.2313530E-02 -0.9603115E-03 -0.2551638E-03  0.3684820E-02  0.9399747E-03
  0.7431666666667E+01  0.9345715E-02  0.2332907E-02 -0.9688972E-03 -0.2575726E-03  0.3716430E-02  0.9483052E-03
  0.7465000000000E+01  0.9424130E-02  0.2352463E-02 -0.9775639E-03 -0.2599991E-03  0.3748321E-02  0.9567084E-03
  0.7498333333333E+01  0.9503204E-02  0.2372199E-02 -0.9863120E-03 -0.2624434E-03  0.3780493E-02  0.9651851E-03
  0.7531666666667E+01  0.9582941E-02  0.2392117E-02 -0.9951422E-03 -0.2649053E-03  0.3812951E-02  0.9737357E-03
  0.7565000000000E+01  0.9663348E-02  0.2412218E-02 -0.1004055E-02 -0.2673849E-03  0.3845697E-02  0.9823612E-03
  0.7598333333333E+01  0.9744432E-02  0.2432505E-02 -0.1013051E-02 -0.2698822E-03  0.3878732E-02  0.9910623E-03
  0.7631666666667E+01  0.9826198E-02  0.2452979E-02 -0.1022131E-02 -0.2723973E-03  0.3912060E-02  0.9998400E-03
  0.7665000000000E+01  0.9908652E-02  0.2473643E-02 -0.1031295E-02 -0.2749302E-03  0.3945683E-02  0.1008696E-02
  0.7698333333333E+01  0.9991802E-02  0.2494501E-02 -0.1040545E-02 -0.2774810E-03  0.3979604E-02  0.1017630E-02
  0.7731666666667E+01  0.1007565E-01  0.2515553E-02 -0.1049880E-02 -0.2800500E-03  0.4013826E-02  0.1026645E-02
  0.7765000000000E+01  0.1016021E-01  0.2536804E-02 -0.1059301E-02 -0.2826371E-03  0.4048350E-02  0.1035742E-02
  0.7798333333333E+01  0.1024549E-01  0.2558257E-02 -0.1068809E-02 -0.2852427E-03  0.4083181E-02  0.1044922E-02
  0.7831666666667E+01  0.1033149E-01  0.2579915E-02 -0.1078405E-02 -0.2878669E-03  0.4118321E-02  0.1054187E-02
  0.7865000000000E+01  0.1041821E-01  0.2601781E-02 -0.1088088E-02 -0.2905099E-03  0.4153772E-02  0.1063539E-02
  0.7898333333333E+01  0.1050567E-01  0.2623860E-02 -0.1097861E-02 -0.2931720E-03  0.4189538E-02  0.1072979E-02
  0.7931666666667E+01  0.1059388E-01  0.2646154E-02 -0.1107722E-02 -0.2958535E-03  0.4225622E-02  0.1082509E-02
  0.7965000000000E+01  0.1068284E-01  0.2668669E-02 -0.1117674E-02 -0.2985548E-03  0.4262026E-02  0.1092132E-02
  0.7998333333333E+01  0.1077255E-01  0.2691408E-02 -0.1127717E-02 -0.3012762E-03  0.4298754E-02  0.1101849E-02
  0.8031666666667E+01  0.1086303E-01  0.2714375E-02 -0.1137851E-02 -0.3040180E-03  0.4335810E-02  0.1111662E-02
  0.8065000000000E+01  0.1095428E-01  0.2737575E-02 -0.1148077E-02 -0.3067808E-03  0.4373196E-02  0.1121574E-02
  0.8098333333333E+01  0.1104631E-01  0.2761011E-02 -0.1158396E-02 -0.3095650E-03  0.4410915E-02  0.1131586E-02
  0.8131666666667E+01  0.1113914E-01  0.2784688E-02 -0.1168808E-02 -0.3123711E-03  0.4448972E-02  0.1141700E-02
  0.8165000000000E+01  0.1123276E-01  0.2808610E-02 -0.1179315E-02 -0.3151998E-03  0.4487369E-02  0.1151918E-02
  0.8198333333333E+01  0.1132718E-01  0.2832782E-02 -0.1189916E-02 -0.3180517E-03  0.4526110E-02  0.1162243E-02
  0.8231666666667E+01  0.1142242E-01  0.2857207E-02 -0.1200614E-02 -0.3209274E-03  0.4565200E-02  0.1172676E-02
  0.8265000000000E+01  0.1151849E-01  0.2881890E-02 -0.1211408E-02 -0.3238277E-03  0.4604640E-02  0.1183219E-02
  0.8298333333333E+01  0.1161538E-01  0.2906835E-02 -0.1222300E-02 -0.3267534E-03  0.4644436E-02  0.1193874E-02
  0.8331666666667E+01  0.1171312E-01  0.2932045E-02 -0.1233290E-02 -0.3297053E-03  0.4684591E-02  0.1204644E-02
  0.8365000000000E+01  0.1181170E-01  0.2957526E-02 -0.1244380E-02 -0.3326844E-03  0.4725109E-02  0.1215530E-02
  0.8398333333333E+01  0.1191114E-01  0.2983281E-02 -0.1255569E-02 -0.3356917E-03  0.4765993E-02  0.1226533E-02
  0.8431666666667E+01  0.1201145E-01  0.3009314E-02 -0.1266860E-02 -0.3387282E-03  0.4807248E-02  0.1237657E-02
  0.8465000000000E+01  0.1211264E-01  0.3035630E-02 -0.1278253E-02 -0.3417950E-03  0.4848878E-02  0.1248903E-02
  0.8498333333333E+01  0.1221472E-01  0.3062234E-02 -0.1289750E-02 -0.3448935E-03  0.4890887E-02  0.1260273E-02
  0.8531666666667E+01  0.1231769E-01  0.3089130E-02 -0.1301351E-02 -0.3480250E-03  0.4933280E-02  0.1271770E-02
  0.8565000000000E+01  0.1242156E-01  0.3116324E-02 -0.1313057E-02 -0.3511910E-03  0.4976060E-02  0.1283396E-02
  0.8598333333333E+01  0.1252636E-01  0.3143823E-02 -0.1324870E-02 -0.3543931E-03  0.5019231E-02  0.1295155E-02
  0.8631666666667E+01  0.1263208E-01  0.3171631E-02 -0.1336791E-02 -0.3576331E-03  0.5062800E-02  0.1307050E-02
  0.8665000000000E+01  0.1273874E-01  0.3199759E-02 -0.1348822E-02 -0.3609133E-03  0.5106769E-02  0.1319085E-02
  0.8698333333333E+01  0.1284635E-01  0.3228213E-02 -0.1360963E-02 -0.3642359E-03  0.5151145E-02  0.1331265E-02
  0.8731666666667E+01  0.1295491E-01  0.3257005E-02 -0.1373216E-02 -0.3676036E-03  0.5195931E-02  0.1343595E-02
  0.8765000000000E+01  0.1306445E-01  0.3286147E-02 -0.1385584E-02 -0.3710195E-03  0.5241134E-02  0.1356082E-02
  0.8798333333333E+01  0.1317497E-01  0.3315652E-02 -0.1398067E-02 -0.3744871E-03  0.5286758E-02  0.1368735E-02
  0.8831666666667E+01  0.1328649E-01  0.3345535E-02 -0.1410667E-02 -0.3780103E-03  0.5332810E-02  0.1381560E-02
  0.8865000000000E+01  0.1339902E-01  0.3375815E-02 -0.1423387E-02 -0.3815935E-03  0.5379296E-02  0.1394570E-02
  0.8898333333333E+01  0.1351257E-01  0.3406512E-02 -0.1436228E-02 -0.3852418E-03  0.5426222E-02  0.1407774E-02
  0.8931666666667E+01  0.1362716E-01  0.3437648E-02 -0.1449193E-02 -0.3889606E-03  0.5473595E-02  0.1421186E-02
  0.8965000000000E+01  0.1374280E-01  0.3469247E-02 -0.1462285E-02 -0.3927556E-03  0.5521422E-02  0.1434820E-02
  0.8998333333333E+01  0.1385951E-01  0.3501336E-02 -0.1475506E-02 -0.3966332E-03  0.5569712E-02  0.1448690E-02
  0.9031666666667E+01  0.1397731E-01  0.3533942E-02 -0.1488860E-02 -0.4005997E-03  0.5618472E-02  0.1462812E-02
  0.9065000000000E+01  0.1409621E-01  0.3567091E-02 -0.1502348E-02 -0.4046614E-03  0.5667712E-02  0.1477201E-02
  0.9098333333333E+01  0.1421624E-01  0.3600812E-02 -0.1515976E-02 -0.4088246E-03  0.5717441E-02  0.1491873E-02
  0.9131666666667E+01  0.1433741E-01  0.3635131E-02 -0.1529746E-02 -0.4130950E-03  0.5767669E-02  0.1506842E-02
  0.9165000000000E+01  0.1445974E-01  0.3670071E-02 -0.1543662E-02 -0.4174779E-03  0.5818407E-02  0.1522122E-02
  0.9198333333333E+01  0.1458327E-01  0.3705653E-02 -0.1557728E-02 -0.4219777E-03  0.5869664E-02  0.1537724E-02
  0.9231666666667E+01  0.1470800E-01  0.3741897E-02 -0.1571948E-02 -0.4265982E-03  0.5921453E-02  0.1553657E-02
  0.9265000000000E+01  0.1483396E-01  0.3778817E-02 -0.1586326E-02 -0.4313416E-03  0.5973784E-02  0.1569930E-02
  0.9298333333333E+01  0.1496117E-01  0.3816421E-02 -0.1600866E-02 -0.4362096E-03  0.6026669E-02  0.1586545E-02
  0.9331666666667E+01  0.1508966E-01  0.3854717E-02 -0.1615573E-02 -0.4412023E-03  0.6080119E-02  0.1603506E-02
  0.9365000000000E+01  0.1521945E-01  0.3893705E-02 -0.1630450E-02 -0.4463191E-03  0.6134146E-02  0.1620813E-02
  0.9398333333333E+01  0.1535056E-01  0.3933386E-02 -0.1645502E-02 -0.4515581E-03  0.6188761E-02  0.1638462E-02
  0.9431666666667E+01  0.1548302E-01  0.3973756E-02 -0.1660732E-02 -0.4569167E-03  0.6243976E-02  0.1656450E-02
  0.9465000000000E+01  0.1561685E-01  0.4014807E-02 -0.1676146E-02 -0.4623916E-03  0.6299802E-02  0.1674773E-02
  0.9498333333333E+01  0.1575207E-01  0.4056536E-02 -0.1691745E-02 -0.4679793E-03  0.6356249E-02  0.1693425E-02
  0.9531666666667E+01  0.1588870E-01  0.4098934E-02 -0.1707534E-02 -0.4736758E-03  0.6413330E-02  0.1712401E-02
  0.9565000000000E+01  0.1602676E-01  0.4141996E-02 -0.1723517E-02 -0.4794773E-03  0.6471053E-02  0.1731697E-02
  0.9598333333333E+01  0.1616629E-01  0.4185718E-02 -0.1739696E-02 -0.4853801E-03  0.6529430E-02  0.1751308E-02
  0.9631666666667E+01  0.1630729E-01  0.4230099E-02 -0.1756075E-02 -0.4913810E-03  0.6588471E-02  0.1771233E-02
  0.9665000000000E+01  0.1644980E-01  0.4275139E-02 -0.1772658E-02 -0.4974771E-03  0.6648186E-02  0.1791471E-02
  0.9698333333333E+01  0.1659382E-01  0.4320841E-02 -0.1789447E-02 -0.5036664E-03  0.6708587E-02  0.1812022E-02
  0.9731666666667E+01  0.1673940E-01  0.4367210E-02 -0.1806445E-02 -0.5099472E-03  0.6769683E-02  0.1832888E-02
  0.9765000000000E+01  0.1688654E-01  0.4414253E-02 -0.1823656E-02 -0.5163187E-03  0.6831486E-02  0.1854074E-02
  0.9798333333333E+01  0.1703527E-01  0.4461980E-02 -0.1841082E-02 -0.5227807E-03  0.6894005E-02  0.1875582E-02
  0.9831666666667E+01  0.1718562E-01  0.4510399E-02 -0.1858726E-02 -0.5293335E-03  0.6957253E-02  0.1897417E-02
  0.9865000000000E+01  0.1733760E-01  0.4559522E-02 -0.1876592E-02 -0.5359780E-03  0.7021239E-02  0.1919584E-02
  0.9898333333333E+01  0.1749125E-01  0.4609357E-02 -0.1894683E-02 -0.5427156E-03  0.7085975E-02  0.1942088E-02
  0.9931666666667E+01  0.1764658E-01  0.4659913E-02 -0.1913001E-02 -0.5495476E-03  0.7151473E-02  0.1964931E-02
  0.9965000000000E+01  0.1780362E-01  0.4711198E-02 -0.1931550E-02 -0.5564760E-03  0.7217743E-02  0.1988117E-02
  0.9998333333333E+01  0.1796239E-01  0.4763217E-02 -0.1950333E-02 -0.5635023E-03  0.7284798E-02  0.2011647E-02
  0.1003166666667E+02  0.1812292E-01  0.4815974E-02 -0.1969354E-02 -0.5706282E-03  0.7352649E-02  0.2035523E-02
  0.1006500000000E+02  0.1828524E-01  0.4869470E-02 -0.1988616E-02 -0.5778547E-03  0.7421307E-02  0.2059742E-02
  0.1009833333333E+02  0.1844936E-01  0.4923706E-02 -0.2008122E-02 -0.5851828E-03  0.7490784E-02  0.2084303E-02
  0.1013166666667E+02  0.1861532E-01  0.4978680E-02 -0.2027876E-02 -0.5926127E-03  0.7561090E-02  0.2109204E-02
  0.1016500000000E+02  0.1878313E-01  0.5034388E-02 -0.2047881E-02 -0.6001443E-03  0.7632239E-02  0.2134441E-02
  0.1019833333333E+02  0.1895283E-01  0.5090828E-02 -0.2068140E-02 -0.6077771E-03  0.7704239E-02  0.2160011E-02
  0.1023166666667E+02  0.1912443E-01  0.5147995E-02 -0.2088657E-02 -0.6155099E-03  0.7777103E-02  0.2185909E-02
  0.1026500000000E+02  0.1929796E-01  0.5205885E-02 -0.2109435E-02 -0.6233414E-03  0.7850840E-02  0.2212132E-02
  0.1029833333333E+02  0.1947344E-01  0.5264493E-02 -0.2130477E-02 -0.6312700E-03  0.7925463E-02  0.2238675E-02
  0.1033166666667E+02  0.1965090E-01  0.5323817E-02 -0.2151787E-02 -0.6392942E-03  0.8000981E-02  0.2265536E-02
  0.1036500000000E+02  0.1983036E-01  0.5383853E-02 -0.2173368E-02 -0.6474122E-03  0.8077404E-02  0.2292711E-02
  0.1039833333333E+02  0.2001185E-01  0.5444601E-02 -0.2195222E-02 -0.6556224E-03  0.8154744E-02  0.2320199E-02
  0.1043166666667E+02  0.2019538E-01  0.5506061E-02 -0.2217353E-02 -0.6639233E-03  0.8233011E-02  0.2347999E-02
  0.1046500000000E+02  0.2038099E-01  0.5568234E-02 -0.2239763E-02 -0.6723137E-03  0.8312215E-02  0.2376111E-02
  0.1049833333333E+02  0.2056870E-01  0.5631124E-02 -0.2262456E-02 -0.6807925E-03  0.8392366E-02  0.2404535E-02
  0.1053166666667E+02  0.2075852E-01  0.5694738E-02 -0.2285435E-02 -0.6893591E-03  0.8473475E-02  0.2433275E-02
  0.1056500000000E+02  0.2095049E-01  0.5759082E-02 -0.2308702E-02 -0.6980129E-03  0.8555553E-02  0.2462335E-02
  0.1059833333333E+02  0.2114463E-01  0.5824168E-02 -0.2332260E-02 -0.7067539E-03  0.8638610E-02  0.2491718E-02
  0.1063166666667E+02  0.2134096E-01  0.5890008E-02 -0.2356113E-02 -0.7155825E-03  0.8722658E-02  0.2521433E-02
  0.1066500000000E+02  0.2153952E-01  0.5956618E-02 -0.2380263E-02 -0.7244994E-03  0.8807707E-02  0.2551488E-02
  0.1069833333333E+02  0.2174032E-01  0.6024018E-02 -0.2404713E-02 -0.7335060E-03  0.8893771E-02  0.2581894E-02
  0.1073166666667E+02  0.2194339E-01  0.6092231E-02 -0.2429467E-02 -0.7426045E-03  0.8980859E-02  0.2612663E-02
  0.1076500000000E+02  0.2214877E-01  0.6161283E-02 -0.2454527E-02 -0.7517977E-03  0.9068986E-02  0.2643813E-02
  0.1079833333333E+02  0.2235647E-01  0.6231207E-02 -0.2479896E-02 -0.7610896E-03  0.9158165E-02  0.2675360E-02
  0.1083166666667E+02  0.2256654E-01  0.6302039E-02 -0.2505579E-02 -0.7704856E-03  0.9248409E-02  0.2707327E-02
  0.1086500000000E+02  0.2277900E-01  0.6373823E-02 -0.2531579E-02 -0.7799928E-03  0.9339734E-02  0.2739740E-02
  0.1089833333333E+02  0.2299389E-01  0.6446607E-02 -0.2557900E-02 -0.7896204E-03  0.9432155E-02  0.2772627E-02
  0.1093166666667E+02  0.2321124E-01  0.6520449E-02 -0.2584546E-02 -0.7993798E-03  0.9525689E-02  0.2806024E-02
  0.1096500000000E+02  0.2343109E-01  0.6595411E-02 -0.2611522E-02 -0.8092853E-03  0.9620355E-02  0.2839969E-02
  0.1099833333333E+02  0.2365347E-01  0.6671566E-02 -0.2638834E-02 -0.8193540E-03  0.9716172E-02  0.2874506E-02
  0.1103166666667E+02  0.2387844E-01  0.6748992E-02 -0.2666487E-02 -0.8296058E-03  0.9813161E-02  0.2909682E-02
  0.1106500000000E+02  0.2410603E-01  0.6827771E-02 -0.2694489E-02 -0.8400627E-03  0.9911346E-02  0.2945549E-02
  0.1109833333333E+02  0.2433630E-01  0.6907991E-02 -0.2722847E-02 -0.8507486E-03  0.1001075E-01  0.2982159E-02
  0.1113166666667E+02  0.2456929E-01  0.6989736E-02 -0.2751570E-02 -0.8616875E-03  0.1011140E-01  0.3019565E-02
  0.1116500000000E+02  0.2480506E-01  0.7073090E-02 -0.2780667E-02 -0.8729033E-03  0.1021333E-01  0.3057816E-02
  0.1119833333333E+02  0.2504366E-01  0.7158126E-02 -0.2810148E-02 -0.8844179E-03  0.1031656E-01  0.3096956E-02
  0.1123166666667E+02  0.2528516E-01  0.7244907E-02 -0.2840023E-02 -0.8962506E-03  0.1042113E-01  0.3137022E-02
  0.1126500000000E+02  0.2552961E-01  0.7333485E-02 -0.2870303E-02 -0.9084169E-03  0.1052706E-01  0.3178041E-02
  0.1129833333333E+02  0.2577707E-01  0.7423892E-02 -0.2901001E-02 -0.9209279E-03  0.1063440E-01  0.3220031E-02
  0.1133166666667E+02  0.2602761E-01  0.7516147E-02 -0.2932127E-02 -0.9337898E-03  0.1074317E-01  0.3262998E-02
  0.1136500000000E+02  0.2628128E-01  0.7610254E-02 -0.2963694E-02 -0.9470040E-03  0.1085340E-01  0.3306939E-02
  0.1139833333333E+02  0.2653816E-01  0.7706203E-02 -0.2995713E-02 -0.9605668E-03  0.1096512E-01  0.3351843E-02
  0.1143166666667E+02  0.2679829E-01  0.7803977E-02 -0.3028195E-02 -0.9744711E-03  0.1107838E-01  0.3397693E-02
  0.1146500000000E+02  0.2706174E-01  0.7903553E-02 -0.3061152E-02 -0.9887066E-03  0.1119320E-01  0.3444471E-02
  0.1149833333333E+02  0.2732857E-01  0.8004909E-02 -0.3094594E-02 -0.1003262E-02  0.1130960E-01  0.3492158E-02
  0.1153166666667E+02  0.2759884E-01  0.8108030E-02 -0.3128532E-02 -0.1018125E-02  0.1142763E-01  0.3540740E-02
  0.1156500000000E+02  0.2787260E-01  0.8212904E-02 -0.3162975E-02 -0.1033284E-02  0.1154730E-01  0.3590207E-02
  0.1159833333333E+02  0.2814992E-01  0.8319532E-02 -0.3197932E-02 -0.1048731E-02  0.1166865E-01  0.3640556E-02
  0.1163166666667E+02  0.2843085E-01  0.8427921E-02 -0.3233414E-02 -0.1064458E-02  0.1179171E-01  0.3691789E-02
  0.1166500000000E+02  0.2871545E-01  0.8538088E-02 -0.3269430E-02 -0.1080461E-02  0.1191651E-01  0.3743914E-02
  0.1169833333333E+02  0.2900379E-01  0.8650055E-02 -0.3305987E-02 -0.1096736E-02  0.1204307E-01  0.3796940E-02
  0.1173166666667E+02  0.2929592E-01  0.8763845E-02 -0.3343097E-02 -0.1113284E-02  0.1217144E-01  0.3850881E-02
  0.1176500000000E+02  0.2959190E-01  0.8879479E-02 -0.3380767E-02 -0.1130107E-02  0.1230163E-01  0.3905745E-02
  0.1179833333333E+02  0.2989180E-01  0.8996977E-02 -0.3419007E-02 -0.1147209E-02  0.1243368E-01  0.3961541E-02
  0.1183166666667E+02  0.3019568E-01  0.9116352E-02 -0.3457827E-02 -0.1164592E-02  0.1256762E-01  0.4018272E-02
  0.1186500000000E+02  0.3050360E-01  0.9237612E-02 -0.3497236E-02 -0.1182262E-02  0.1270349E-01  0.4075939E-02
  0.1189833333333E+02  0.3081562E-01  0.9360761E-02 -0.3537243E-02 -0.1200223E-02  0.1284130E-01  0.4134537E-02
  0.1193166666667E+02  0.3113182E-01  0.9485796E-02 -0.3577859E-02 -0.1218476E-02  0.1298111E-01  0.4194059E-02
  0.1196500000000E+02  0.3145224E-01  0.9612711E-02 -0.3619093E-02 -0.1237022E-02  0.1312292E-01  0.4254497E-02
  0.1199833333333E+02  0.3177696E-01  0.9741498E-02 -0.3660955E-02 -0.1255861E-02  0.1326678E-01  0.4315839E-02
  0.1203166666667E+02  0.3210603E-01  0.9872147E-02 -0.3703455E-02 -0.1274988E-02  0.1341272E-01  0.4378075E-02
  0.1206500000000E+02  0.3243952E-01  0.1000465E-01 -0.3746602E-02 -0.1294400E-02  0.1356076E-01  0.4441194E-02
  0.1209833333333E+02  0.3277748E-01  0.1013900E-01 -0.3790405E-02 -0.1314090E-02  0.1371093E-01  0.4505189E-02
  0.1213166666667E+02  0.3311999E-01  0.1027519E-01 -0.3834873E-02 -0.1334054E-02  0.1386327E-01  0.4570055E-02
  0.1216500000000E+02  0.3346710E-01  0.1041323E-01 -0.3880016E-02 -0.1354287E-02  0.1401779E-01  0.4635792E-02
  0.1219833333333E+02  0.3381887E-01  0.1055314E-01 -0.3925842E-02 -0.1374784E-02  0.1417454E-01  0.4702403E-02
  0.1223166666667E+02  0.3417537E-01  0.1069492E-01 -0.3972360E-02 -0.1395544E-02  0.1433354E-01  0.4769902E-02
  0.1226500000000E+02  0.3453665E-01  0.1083863E-01 -0.4019579E-02 -0.1416565E-02  0.1449481E-01  0.4838308E-02
  0.1229833333333E+02  0.3490280E-01  0.1098429E-01 -0.4067507E-02 -0.1437850E-02  0.1465840E-01  0.4907648E-02
  0.1233166666667E+02  0.3527386E-01  0.1113198E-01 -0.4116154E-02 -0.1459405E-02  0.1482434E-01  0.4977961E-02
  0.1236500000000E+02  0.3564992E-01  0.1128177E-01 -0.4165529E-02 -0.1481238E-02  0.1499265E-01  0.5049299E-02
  0.1239833333333E+02  0.3603105E-01  0.1143376E-01 -0.4215641E-02 -0.1503365E-02  0.1516337E-01  0.5121724E-02
  0.1243166666667E+02  0.3641732E-01  0.1158807E-01 -0.4266501E-02 -0.1525809E-02  0.1533655E-01  0.5195315E-02
  0.1246500000000E+02  0.3680881E-01  0.1174484E-01 -0.4318121E-02 -0.1548600E-02  0.1551222E-01  0.5270166E-02
  0.1249833333333E+02  0.3720562E-01  0.1190423E-01 -0.4370514E-02 -0.1571777E-02  0.1569043E-01  0.5346384E-02
  0.1253166666667E+02  0.3760783E-01  0.1206641E-01 -0.4423693E-02 -0.1595388E-02  0.1587123E-01  0.5424087E-02
  0.1256500000000E+02  0.3801555E-01  0.1223158E-01 -0.4477676E-02 -0.1619486E-02  0.1605468E-01  0.5503400E-02
  0.1259833333333E+02  0.3842888E-01  0.1239990E-01 -0.4532481E-02 -0.1644128E-02  0.1624083E-01  0.5584445E-02
  0.1263166666667E+02  0.3884793E-01  0.1257156E-01 -0.4588126E-02 -0.1669369E-02  0.1642974E-01  0.5667334E-02
  0.1266500000000E+02  0.3927282E-01  0.1274669E-01 -0.4644635E-02 -0.1695257E-02  0.1662148E-01  0.5752156E-02
  0.1269833333333E+02  0.3970367E-01  0.1292539E-01 -0.4702029E-02 -0.1721833E-02  0.1681611E-01  0.5838976E-02
  0.1273166666667E+02  0.4014059E-01  0.1310772E-01 -0.4760333E-02 -0.1749125E-02  0.1701371E-01  0.5927831E-02
  0.1276500000000E+02  0.4058372E-01  0.1329371E-01 -0.4819572E-02 -0.1777149E-02  0.1721433E-01  0.6018727E-02
  0.1279833333333E+02  0.4103316E-01  0.1348334E-01 -0.4879769E-02 -0.1805906E-02  0.1741805E-01  0.6111648E-02
  0.1283166666667E+02  0.4148905E-01  0.1367656E-01 -0.4940948E-02 -0.1835386E-02  0.1762494E-01  0.6206559E-02
  0.1286500000000E+02  0.4195149E-01  0.1387332E-01 -0.5003134E-02 -0.1865570E-02  0.1783505E-01  0.6303423E-02
  0.1289833333333E+02  0.4242061E-01  0.1407357E-01 -0.5066348E-02 -0.1896434E-02  0.1804846E-01  0.6402199E-02
  0.1293166666667E+02  0.4289652E-01  0.1427725E-01 -0.5130613E-02 -0.1927952E-02  0.1826522E-01  0.6502856E-02
  0.1296500000000E+02  0.4337933E-01  0.1448432E-01 -0.5195950E-02 -0.1960100E-02  0.1848540E-01  0.6605372E-02
  0.1299833333333E+02  0.4386915E-01  0.1469474E-01 -0.5262378E-02 -0.1992856E-02  0.1870906E-01  0.6709728E-02
  0.1303166666667E+02  0.4436610E-01  0.1490846E-01 -0.5329919E-02 -0.2026201E-02  0.1893625E-01  0.6815906E-02
  0.1306500000000E+02  0.4487028E-01  0.1512541E-01 -0.5398589E-02 -0.2060122E-02  0.1916705E-01  0.6923879E-02
  0.1309833333333E+02  0.4538180E-01  0.1534553E-01 -0.5468409E-02 -0.2094603E-02  0.1940150E-01  0.7033607E-02
  0.1313166666667E+02  0.4590076E-01  0.1556869E-01 -0.5539397E-02 -0.2129634E-02  0.1963967E-01  0.7145037E-02
  0.1316500000000E+02  0.4642725E-01  0.1579476E-01 -0.5611570E-02 -0.2165200E-02  0.1988161E-01  0.7258100E-02
  0.1319833333333E+02  0.4696137E-01  0.1602358E-01 -0.5684947E-02 -0.2201285E-02  0.2012736E-01  0.7372716E-02
  0.1323166666667E+02  0.4750320E-01  0.1625497E-01 -0.5759542E-02 -0.2237866E-02  0.2037699E-01  0.7488791E-02
  0.1326500000000E+02  0.4805282E-01  0.1648869E-01 -0.5835373E-02 -0.2274912E-02  0.2063053E-01  0.7606222E-02
  0.1329833333333E+02  0.4861031E-01  0.1672451E-01 -0.5912452E-02 -0.2312385E-02  0.2088803E-01  0.7724895E-02
  0.1333166666667E+02  0.4917571E-01  0.1696216E-01 -0.5990793E-02 -0.2350241E-02  0.2114952E-01  0.7844692E-02
  0.1336500000000E+02  0.4974909E-01  0.1720135E-01 -0.6070408E-02 -0.2388429E-02  0.2141503E-01  0.7965490E-02
  0.1339833333333E+02  0.5033048E-01  0.1744179E-01 -0.6151304E-02 -0.2426897E-02  0.2168461E-01  0.8087168E-02
  0.1343166666667E+02  0.5091992E-01  0.1768316E-01 -0.6233491E-02 -0.2465591E-02  0.2195826E-01  0.8209609E-02
  0.1346500000000E+02  0.5151743E-01  0.1792514E-01 -0.6316973E-02 -0.2504458E-02  0.2223602E-01  0.8332701E-02
  0.1349833333333E+02  0.5212301E-01  0.1816744E-01 -0.6401754E-02 -0.2543451E-02  0.2251789E-01  0.8456344E-02
  0.1353166666667E+02  0.5273667E-01  0.1840975E-01 -0.6487839E-02 -0.2582528E-02  0.2280391E-01  0.8580449E-02
  0.1356500000000E+02  0.5335839E-01  0.1865176E-01 -0.6575227E-02 -0.2621660E-02  0.2309407E-01  0.8704939E-02
  0.1359833333333E+02  0.5398817E-01  0.1889321E-01 -0.6663922E-02 -0.2660833E-02  0.2338840E-01  0.8829757E-02
  0.1363166666667E+02  0.5462596E-01  0.1913386E-01 -0.6753923E-02 -0.2700052E-02  0.2368690E-01  0.8954867E-02
  0.1366500000000E+02  0.5527175E-01  0.1937349E-01 -0.6845235E-02 -0.2739339E-02  0.2398957E-01  0.9080250E-02
  0.1369833333333E+02  0.5592548E-01  0.1961190E-01 -0.6937859E-02 -0.2778733E-02  0.2429643E-01  0.9205904E-02
  0.1373166666667E+02  0.5658711E-01  0.1984891E-01 -0.7031802E-02 -0.2818274E-02  0.2460749E-01  0.9331824E-02
  0.1376500000000E+02  0.5725658E-01  0.2008434E-01 -0.7127068E-02 -0.2858000E-02  0.2492276E-01  0.9457985E-02
  0.1379833333333E+02  0.5793385E-01  0.2031794E-01 -0.7223666E-02 -0.2897931E-02  0.2524224E-01  0.9584329E-02
  0.1383166666667E+02  0.5861883E-01  0.2054947E-01 -0.7321602E-02 -0.2938068E-02  0.2556593E-01  0.9710755E-02
  0.1386500000000E+02  0.5931145E-01  0.2077862E-01 -0.7420881E-02 -0.2978389E-02  0.2589383E-01  0.9837127E-02
  0.1389833333333E+02  0.6001162E-01  0.2100509E-01 -0.7521510E-02 -0.3018852E-02  0.2622594E-01  0.9963288E-02
  0.1393166666667E+02  0.6071924E-01  0.2122859E-01 -0.7623490E-02 -0.3059401E-02  0.2656225E-01  0.1008908E-01
  0.1396500000000E+02  0.6143420E-01  0.2144885E-01 -0.7726822E-02 -0.3099972E-02  0.2690272E-01  0.1021435E-01
  0.1399833333333E+02  0.6215639E-01  0.2166567E-01 -0.7831506E-02 -0.3140504E-02  0.2724736E-01  0.1033897E-01
  0.1403166666667E+02  0.6288569E-01  0.2187884E-01 -0.7937537E-02 -0.3180944E-02  0.2759612E-01  0.1046284E-01
  0.1406500000000E+02  0.6362196E-01  0.2208823E-01 -0.8044912E-02 -0.3221247E-02  0.2794898E-01  0.1058584E-01
  0.1409833333333E+02  0.6436508E-01  0.2229368E-01 -0.8153625E-02 -0.3261382E-02  0.2830591E-01  0.1070787E-01
  0.1413166666667E+02  0.6511492E-01  0.2249506E-01 -0.8263669E-02 -0.3301325E-02  0.2866687E-01  0.1082882E-01
  0.1416500000000E+02  0.6587133E-01  0.2269227E-01 -0.8375038E-02 -0.3341063E-02  0.2903182E-01  0.1094859E-01
  0.1419833333333E+02  0.6663417E-01  0.2288519E-01 -0.8487724E-02 -0.3380585E-02  0.2940073E-01  0.1106708E-01
  0.1423166666667E+02  0.6740329E-01  0.2307373E-01 -0.8601720E-02 -0.3419880E-02  0.2977353E-01  0.1118420E-01
  0.1426500000000E+02  0.6817855E-01  0.2325780E-01 -0.8717017E-02 -0.3458929E-02  0.3015019E-01  0.1129986E-01
  0.1429833333333E+02  0.6895980E-01  0.2343733E-01 -0.8833608E-02 -0.3497707E-02  0.3053066E-01  0.1141398E-01
  0.1433166666667E+02  0.6974687E-01  0.2361223E-01 -0.8951480E-02 -0.3536181E-02  0.3091488E-01  0.1152652E-01
  0.1436500000000E+02  0.7053962E-01  0.2378244E-01 -0.9070624E-02 -0.3574314E-02  0.3130279E-01  0.1163740E-01
  0.1439833333333E+02  0.7133788E-01  0.2394787E-01 -0.9191026E-02 -0.3612066E-02  0.3169434E-01  0.1174659E-01
  0.1443166666667E+02  0.7214149E-01  0.2410844E-01 -0.9312673E-02 -0.3649399E-02  0.3208948E-01  0.1185405E-01
  0.1446500000000E+02  0.7295030E-01  0.2426409E-01 -0.9435549E-02 -0.3686281E-02  0.3248814E-01  0.1195974E-01
  0.1449833333333E+02  0.7376412E-01  0.2441471E-01 -0.9559639E-02 -0.3722693E-02  0.3289026E-01  0.1206363E-01
  0.1453166666667E+02  0.7458280E-01  0.2456025E-01 -0.9684926E-02 -0.3758630E-02  0.3329578E-01  0.1216570E-01
  0.1456500000000E+02  0.7540615E-01  0.2470066E-01 -0.9811397E-02 -0.3794114E-02  0.3370465E-01  0.1226597E-01
  0.1459833333333E+02  0.7623402E-01  0.2483598E-01 -0.9939037E-02 -0.3829191E-02  0.3411680E-01  0.1236447E-01
  0.1463166666667E+02  0.7706623E-01  0.2496627E-01 -0.1006783E-01 -0.3863924E-02  0.3453217E-01  0.1246129E-01
  0.1466500000000E+02  0.7790262E-01  0.2509167E-01 -0.1019778E-01 -0.3898384E-02  0.3495072E-01  0.1255654E-01
  0.1469833333333E+02  0.7874302E-01  0.2521227E-01 -0.1032887E-01 -0.3932631E-02  0.3537240E-01  0.1265028E-01
  0.1473166666667E+02  0.7958730E-01  0.2532819E-01 -0.1046109E-01 -0.3966705E-02  0.3579715E-01  0.1274260E-01
  0.1476500000000E+02  0.8043528E-01  0.2543953E-01 -0.1059445E-01 -0.4000622E-02  0.3622494E-01  0.1283351E-01
  0.1479833333333E+02  0.8128683E-01  0.2554637E-01 -0.1072892E-01 -0.4034374E-02  0.3665570E-01  0.1292306E-01
  0.1483166666667E+02  0.8214179E-01  0.2564886E-01 -0.1086452E-01 -0.4067939E-02  0.3708941E-01  0.1301126E-01
  0.1486500000000E+02  0.8300003E-01  0.2574718E-01 -0.1100123E-01 -0.4101286E-02  0.3752602E-01  0.1309818E-01
  0.1489833333333E+02  0.8386141E-01  0.2584155E-01 -0.1113904E-01 -0.4134388E-02  0.3796548E-01  0.1318387E-01
  0.1493166666667E+02  0.8472582E-01  0.2593225E-01 -0.1127795E-01 -0.4167229E-02  0.3840776E-01  0.1326843E-01
  0.1496500000000E+02  0.8559314E-01  0.2601955E-01 -0.1141795E-01 -0.4199806E-02  0.3885283E-01  0.1335193E-01
  0.1499833333333E+02  0.8646327E-01  0.2610379E-01 -0.1155902E-01 -0.4232134E-02  0.3930064E-01  0.1343446E-01
  0.1503166666667E+02  0.8733611E-01  0.2618528E-01 -0.1170116E-01 -0.4264241E-02  0.3975118E-01  0.1351612E-01
  0.1506500000000E+02  0.8821159E-01  0.2626436E-01 -0.1184436E-01 -0.4296166E-02  0.4020441E-01  0.1359701E-01
  0.1509833333333E+02  0.8908963E-01  0.2634138E-01 -0.1198863E-01 -0.4327947E-02  0.4066032E-01  0.1367724E-01
  0.1513166666667E+02  0.8997019E-01  0.2641666E-01 -0.1213395E-01 -0.4359622E-02  0.4111889E-01  0.1375692E-01
  0.1516500000000E+02  0.9085321E-01  0.2649049E-01 -0.1228032E-01 -0.4391218E-02  0.4158009E-01  0.1383614E-01
  0.1519833333333E+02  0.9173864E-01  0.2656315E-01 -0.1242775E-01 -0.4422755E-02  0.4204392E-01  0.1391501E-01
  0.1523166666667E+02  0.9262647E-01  0.2663487E-01 -0.1257622E-01 -0.4454251E-02  0.4251038E-01  0.1399360E-01
  0.1526500000000E+02  0.9351667E-01  0.2670585E-01 -0.1272575E-01 -0.4485720E-02  0.4297944E-01  0.1407198E-01
  0.1529833333333E+02  0.9440921E-01  0.2677625E-01 -0.1287632E-01 -0.4517181E-02  0.4345112E-01  0.1415021E-01
  0.1533166666667E+02  0.9530408E-01  0.2684622E-01 -0.1302794E-01 -0.4548661E-02  0.4392539E-01  0.1422833E-01
  0.1536500000000E+02  0.9620128E-01  0.2691591E-01 -0.1318062E-01 -0.4580199E-02  0.4440227E-01  0.1430639E-01
  0.1539833333333E+02  0.9710080E-01  0.2698549E-01 -0.1333434E-01 -0.4611849E-02  0.4488176E-01  0.1438447E-01
  0.1543166666667E+02  0.9800264E-01  0.2705521E-01 -0.1348913E-01 -0.4643686E-02  0.4536385E-01  0.1446267E-01
  0.1546500000000E+02  0.9890681E-01  0.2712532E-01 -0.1364499E-01 -0.4675796E-02  0.4584855E-01  0.1454114E-01
  0.1549833333333E+02  0.9981335E-01  0.2719613E-01 -0.1380194E-01 -0.4708268E-02  0.4633588E-01  0.1462004E-01
  0.1553166666667E+02  0.1007223E+00  0.2726786E-01 -0.1395998E-01 -0.4741177E-02  0.4682587E-01  0.1469949E-01
  0.1556500000000E+02  0.1016336E+00  0.2734068E-01 -0.1411913E-01 -0.4774573E-02  0.4731852E-01  0.1477959E-01
  0.1559833333333E+02  0.1025475E+00  0.2741465E-01 -0.1427941E-01 -0.4808477E-02  0.4781387E-01  0.1486036E-01
  0.1563166666667E+02  0.1034638E+00  0.2748975E-01 -0.1444084E-01 -0.4842879E-02  0.4831193E-01  0.1494181E-01
  0.1566500000000E+02  0.1043826E+00  0.2756588E-01 -0.1460343E-01 -0.4877743E-02  0.4881272E-01  0.1502386E-01
  0.1569833333333E+02  0.1053041E+00  0.2764287E-01 -0.1476720E-01 -0.4913014E-02  0.4931627E-01  0.1510641E-01
  0.1573166666667E+02  0.1062281E+00  0.2772046E-01 -0.1493215E-01 -0.4948624E-02  0.4982258E-01  0.1518934E-01
  0.1576500000000E+02  0.1071547E+00  0.2779838E-01 -0.1509830E-01 -0.4984500E-02  0.5033166E-01  0.1527248E-01
  0.1579833333333E+02  0.1080839E+00  0.2787630E-01 -0.1526565E-01 -0.5020571E-02  0.5084352E-01  0.1535564E-01
  0.1583166666667E+02  0.1090157E+00  0.2795392E-01 -0.1543421E-01 -0.5056771E-02  0.5135814E-01  0.1543864E-01
  0.1586500000000E+02  0.1099501E+00  0.2803093E-01 -0.1560398E-01 -0.5093040E-02  0.5187552E-01  0.1552131E-01
  0.1589833333333E+02  0.1108870E+00  0.2810708E-01 -0.1577496E-01 -0.5129324E-02  0.5239563E-01  0.1560348E-01
  0.1593166666667E+02  0.1118264E+00  0.2818213E-01 -0.1594714E-01 -0.5165570E-02  0.5291847E-01  0.1568503E-01
  0.1596500000000E+02  0.1127682E+00  0.2825591E-01 -0.1612054E-01 -0.5201727E-02  0.5344399E-01  0.1576584E-01
  0.1599833333333E+02  0.1137125E+00  0.2832825E-01 -0.1629513E-01 -0.5237747E-02  0.5397219E-01  0.1584584E-01
  0.1603166666667E+02  0.1146592E+00  0.2839905E-01 -0.1647091E-01 -0.5273585E-02  0.5450302E-01  0.1592495E-01
  0.1606500000000E+02  0.1156081E+00  0.2846820E-01 -0.1664789E-01 -0.5309208E-02  0.5503646E-01  0.1600312E-01
  0.1609833333333E+02  0.1165593E+00  0.2853568E-01 -0.1682604E-01 -0.5344591E-02  0.5557247E-01  0.1608032E-01
  0.1613166666667E+02  0.1175127E+00  0.2860151E-01 -0.1700536E-01 -0.5379729E-02  0.5611102E-01  0.1615652E-01
  0.1616500000000E+02  0.1184682E+00  0.2866578E-01 -0.1718585E-01 -0.5414631E-02  0.5665208E-01  0.1623176E-01
  0.1619833333333E+02  0.1194258E+00  0.2872866E-01 -0.1736750E-01 -0.5449325E-02  0.5719561E-01  0.1630608E-01
  0.1623166666667E+02  0.1203855E+00  0.2879044E-01 -0.1755029E-01 -0.5483860E-02  0.5774160E-01  0.1637959E-01
  0.1626500000000E+02  0.1213472E+00  0.2885147E-01 -0.1773423E-01 -0.5518297E-02  0.5829001E-01  0.1645242E-01
  0.1629833333333E+02  0.1223110E+00  0.2891211E-01 -0.1791932E-01 -0.5552702E-02  0.5884084E-01  0.1652470E-01
  0.1633166666667E+02  0.1232767E+00  0.2897271E-01 -0.1810556E-01 -0.5587136E-02  0.5939406E-01  0.1659657E-01
  0.1636500000000E+02  0.1242445E+00  0.2903354E-01 -0.1829295E-01 -0.5621642E-02  0.5994966E-01  0.1666814E-01
  0.1639833333333E+02  0.1252143E+00  0.2909475E-01 -0.1848149E-01 -0.5656243E-02  0.6050764E-01  0.1673947E-01
  0.1643166666667E+02  0.1261862E+00  0.2915640E-01 -0.1867119E-01 -0.5690935E-02  0.6106800E-01  0.1681057E-01
  0.1646500000000E+02  0.1271601E+00  0.2921844E-01 -0.1886205E-01 -0.5725691E-02  0.6163071E-01  0.1688142E-01
  0.1649833333333E+02  0.1281362E+00  0.2928072E-01 -0.1905406E-01 -0.5760462E-02  0.6219578E-01  0.1695194E-01
  0.1653166666667E+02  0.1291143E+00  0.2934301E-01 -0.1924723E-01 -0.5795180E-02  0.6276318E-01  0.1702203E-01
  0.1656500000000E+02  0.1300944E+00  0.2940501E-01 -0.1944156E-01 -0.5829768E-02  0.6333289E-01  0.1709152E-01
  0.1659833333333E+02  0.1310767E+00  0.2946641E-01 -0.1963703E-01 -0.5864139E-02  0.6390490E-01  0.1716025E-01
  0.1663166666667E+02  0.1320609E+00  0.2952689E-01 -0.1983364E-01 -0.5898202E-02  0.6447917E-01  0.1722805E-01
  0.1666500000000E+02  0.1330471E+00  0.2958615E-01 -0.2003137E-01 -0.5931870E-02  0.6505566E-01  0.1729474E-01
  0.1669833333333E+02  0.1340352E+00  0.2964394E-01 -0.2023020E-01 -0.5965053E-02  0.6563433E-01  0.1736017E-01
  0.1673166666667E+02  0.1350252E+00  0.2970001E-01 -0.2043012E-01 -0.5997666E-02  0.6621514E-01  0.1742419E-01
  0.1676500000000E+02  0.1360170E+00  0.2975418E-01 -0.2063111E-01 -0.6029627E-02  0.6679803E-01  0.1748667E-01
  0.1679833333333E+02  0.1370106E+00  0.2980628E-01 -0.2083314E-01 -0.6060863E-02  0.6738295E-01  0.1754752E-01
  0.1683166666667E+02  0.1380058E+00  0.2985618E-01 -0.2103618E-01 -0.6091308E-02  0.6796983E-01  0.1760664E-01
  0.1686500000000E+02  0.1390026E+00  0.2990383E-01 -0.2124021E-01 -0.6120914E-02  0.6855863E-01  0.1766400E-01
  0.1689833333333E+02  0.1400009E+00  0.2994923E-01 -0.2144520E-01 -0.6149648E-02  0.6914929E-01  0.1771956E-01
  0.1693166666667E+02  0.1410006E+00  0.2999250E-01 -0.2165112E-01 -0.6177495E-02  0.6974173E-01  0.1777334E-01
  0.1696500000000E+02  0.1420018E+00  0.3003387E-01 -0.2185793E-01 -0.6204460E-02  0.7033591E-01  0.1782541E-01
  0.1699833333333E+02  0.1430042E+00  0.3007370E-01 -0.2206562E-01 -0.6230565E-02  0.7093177E-01  0.1787583E-01
  0.1703166666667E+02  0.1440080E+00  0.3011245E-01 -0.2227415E-01 -0.6255851E-02  0.7152926E-01  0.1792474E-01
  0.1706500000000E+02  0.1450130E+00  0.3015066E-01 -0.2248349E-01 -0.6280374E-02  0.7212834E-01  0.1797229E-01
  0.1709833333333E+02  0.1460193E+00  0.3018889E-01 -0.2269363E-01 -0.6304201E-02  0.7272896E-01  0.1801863E-01
  0.1713166666667E+02  0.1470269E+00  0.3022761E-01 -0.2290455E-01 -0.6327403E-02  0.7333109E-01  0.1806393E-01
  0.1716500000000E+02  0.1480358E+00  0.3026725E-01 -0.2311622E-01 -0.6350054E-02  0.7393470E-01  0.1810834E-01
  0.1719833333333E+02  0.1490460E+00  0.3030808E-01 -0.2332862E-01 -0.6372219E-02  0.7453977E-01  0.1815201E-01
  0.1723166666667E+02  0.1500577E+00  0.3035029E-01 -0.2354176E-01 -0.6393954E-02  0.7514627E-01  0.1819504E-01
  0.1726500000000E+02  0.1510708E+00  0.3039393E-01 -0.2375560E-01 -0.6415302E-02  0.7575419E-01  0.1823749E-01
  0.1729833333333E+02  0.1520855E+00  0.3043891E-01 -0.2397014E-01 -0.6436288E-02  0.7636350E-01  0.1827939E-01
  0.1733166666667E+02  0.1531016E+00  0.3048507E-01 -0.2418537E-01 -0.6456917E-02  0.7697419E-01  0.1832073E-01
  0.1736500000000E+02  0.1541194E+00  0.3053220E-01 -0.2440128E-01 -0.6477178E-02  0.7758624E-01  0.1836143E-01
  0.1739833333333E+02  0.1551387E+00  0.3058002E-01 -0.2461785E-01 -0.6497041E-02  0.7819962E-01  0.1840139E-01
  0.1743166666667E+02  0.1561597E+00  0.3062825E-01 -0.2483506E-01 -0.6516458E-02  0.7881430E-01  0.1844048E-01
  0.1746500000000E+02  0.1571822E+00  0.3067660E-01 -0.2505291E-01 -0.6535372E-02  0.7943025E-01  0.1847855E-01
  0.1749833333333E+02  0.1582064E+00  0.3072478E-01 -0.2527136E-01 -0.6553714E-02  0.8004743E-01  0.1851542E-01
  0.1753166666667E+02  0.1592321E+00  0.3077247E-01 -0.2549041E-01 -0.6571413E-02  0.8066580E-01  0.1855091E-01
  0.1756500000000E+02  0.1602594E+00  0.3081937E-01 -0.2571002E-01 -0.6588394E-02  0.8128529E-01  0.1858486E-01
  0.1759833333333E+02  0.1612883E+00  0.3086519E-01 -0.2593018E-01 -0.6604588E-02  0.8190586E-01  0.1861711E-01
  0.1763166666667E+02  0.1623186E+00  0.3090970E-01 -0.2615084E-01 -0.6619931E-02  0.8252745E-01  0.1864754E-01
  0.1766500000000E+02  0.1633504E+00  0.3095273E-01 -0.2637199E-01 -0.6634367E-02  0.8314998E-01  0.1867605E-01
  0.1769833333333E+02  0.1643835E+00  0.3099426E-01 -0.2659358E-01 -0.6647852E-02  0.8377340E-01  0.1870255E-01
  0.1773166666667E+02  0.1654180E+00  0.3103437E-01 -0.2681559E-01 -0.6660352E-02  0.8439763E-01  0.1872699E-01
  0.1776500000000E+02  0.1664538E+00  0.3107331E-01 -0.2703799E-01 -0.6671843E-02  0.8502261E-01  0.1874934E-01
  0.1779833333333E+02  0.1674908E+00  0.3111146E-01 -0.2726073E-01 -0.6682315E-02  0.8564827E-01  0.1876960E-01
  0.1783166666667E+02  0.1685291E+00  0.3114928E-01 -0.2748379E-01 -0.6691775E-02  0.8627453E-01  0.1878779E-01
  0.1786500000000E+02  0.1695687E+00  0.3118726E-01 -0.2770713E-01 -0.6700253E-02  0.8690132E-01  0.1880396E-01
  0.1789833333333E+02  0.1706096E+00  0.3122587E-01 -0.2793073E-01 -0.6707802E-02  0.8752860E-01  0.1881821E-01
  0.1793166666667E+02  0.1716517E+00  0.3126549E-01 -0.2815454E-01 -0.6714496E-02  0.8815629E-01  0.1883066E-01
  0.1796500000000E+02  0.1726953E+00  0.3130641E-01 -0.2837856E-01 -0.6720425E-02  0.8878433E-01  0.1884146E-01
  0.1799833333333E+02  0.1737402E+00  0.3134879E-01 -0.2860275E-01 -0.6725683E-02  0.8941269E-01  0.1885075E-01
  0.1803166666667E+02  0.1747867E+00  0.3139268E-01 -0.2882709E-01 -0.6730366E-02  0.9004131E-01  0.1885865E-01
  0.1806500000000E+02  0.1758346E+00  0.3143801E-01 -0.2905158E-01 -0.6734556E-02  0.9067016E-01  0.1886528E-01
  0.1809833333333E+02  0.1768841E+00  0.3148461E-01 -0.2927619E-01 -0.6738317E-02  0.9129918E-01  0.1887067E-01
  0.1813166666667E+02  0.1779352E+00  0.3153226E-01 -0.2950091E-01 -0.6741682E-02  0.9192834E-01  0.1887484E-01
  0.1816500000000E+02  0.1789879E+00  0.3158070E-01 -0.2972573E-01 -0.6744658E-02  0.9255760E-01  0.1887772E-01
  0.1819833333333E+02  0.1800422E+00  0.3162963E-01 -0.2995064E-01 -0.6747221E-02  0.9318690E-01  0.1887919E-01
  0.1823166666667E+02  0.1810981E+00  0.3167872E-01 -0.3017562E-01 -0.6749322E-02  0.9381621E-01  0.1887909E-01
  0.1826500000000E+02  0.1821557E+00  0.3172760E-01 -0.3040065E-01 -0.6750895E-02  0.9444545E-01  0.1887722E-01
  0.1829833333333E+02  0.1832149E+00  0.3177588E-01 -0.3062571E-01 -0.6751859E-02  0.9507456E-01  0.1887340E-01
  0.1833166666667E+02  0.1842757E+00  0.3182314E-01 -0.3085078E-01 -0.6752128E-02  0.9570348E-01  0.1886743E-01
  0.1836500000000E+02  0.1853380E+00  0.3186901E-01 -0.3107583E-01 -0.6751608E-02  0.9633211E-01  0.1885911E-01
  0.1839833333333E+02  0.1864018E+00  0.3191316E-01 -0.3130084E-01 -0.6750205E-02  0.9696039E-01  0.1884828E-01
  0.1843166666667E+02  0.1874669E+00  0.3195538E-01 -0.3152577E-01 -0.6747824E-02  0.9758821E-01  0.1883478E-01
  0.1846500000000E+02  0.1885335E+00  0.3199560E-01 -0.3175058E-01 -0.6744370E-02  0.9821550E-01  0.1881846E-01
  0.1849833333333E+02  0.1896013E+00  0.3203390E-01 -0.3197524E-01 -0.6739750E-02  0.9884214E-01  0.1879921E-01
  0.1853166666667E+02  0.1906703E+00  0.3207055E-01 -0.3219970E-01 -0.6733875E-02  0.9946803E-01  0.1877689E-01
  0.1856500000000E+02  0.1917405E+00  0.3210594E-01 -0.3242392E-01 -0.6726670E-02  0.1000931E+00  0.1875140E-01
  0.1859833333333E+02  0.1928118E+00  0.3214056E-01 -0.3264786E-01 -0.6718088E-02  0.1007172E+00  0.1872270E-01
  0.1863166666667E+02  0.1938843E+00  0.3217490E-01 -0.3287146E-01 -0.6708117E-02  0.1013402E+00  0.1869079E-01
  0.1866500000000E+02  0.1949580E+00  0.3220943E-01 -0.3309469E-01 -0.6696790E-02  0.1019621E+00  0.1865577E-01
  0.1869833333333E+02  0.1960328E+00  0.3224452E-01 -0.3331750E-01 -0.6684178E-02  0.1025826E+00  0.1861779E-01
  0.1873166666667E+02  0.1971088E+00  0.3228044E-01 -0.3353984E-01 -0.6670387E-02  0.1032019E+00  0.1857705E-01
  0.1876500000000E+02  0.1981860E+00  0.3231737E-01 -0.3376169E-01 -0.6655542E-02  0.1038197E+00  0.1853377E-01
  0.1879833333333E+02  0.1992646E+00  0.3235535E-01 -0.3398302E-01 -0.6639778E-02  0.1044359E+00  0.1848818E-01
  0.1883166666667E+02  0.2003444E+00  0.3239434E-01 -0.3420379E-01 -0.6623218E-02  0.1050506E+00  0.1844046E-01
  0.1886500000000E+02  0.2014255E+00  0.3243422E-01 -0.3442399E-01 -0.6605964E-02  0.1056637E+00  0.1839077E-01
  0.1889833333333E+02  0.2025080E+00  0.3247483E-01 -0.3464360E-01 -0.6588081E-02  0.1062750E+00  0.1833915E-01
  0.1893166666667E+02  0.2035919E+00  0.3251596E-01 -0.3486258E-01 -0.6569598E-02  0.1068845E+00  0.1828560E-01
  0.1896500000000E+02  0.2046771E+00  0.3255734E-01 -0.3508093E-01 -0.6550511E-02  0.1074921E+00  0.1823003E-01
  0.1899833333333E+02  0.2057637E+00  0.3259865E-01 -0.3529863E-01 -0.6530786E-02  0.1080979E+00  0.1817232E-01
  0.1903166666667E+02  0.2068517E+00  0.3263952E-01 -0.3551564E-01 -0.6510368E-02  0.1087016E+00  0.1811230E-01
  0.1906500000000E+02  0.2079410E+00  0.3267953E-01 -0.3573194E-01 -0.6489185E-02  0.1093033E+00  0.1804981E-01
  0.1909833333333E+02  0.2090316E+00  0.3271827E-01 -0.3594752E-01 -0.6467153E-02  0.1099028E+00  0.1798468E-01
  0.1913166666667E+02  0.2101235E+00  0.3275537E-01 -0.3616232E-01 -0.6444173E-02  0.1105000E+00  0.1791673E-01
  0.1916500000000E+02  0.2112165E+00  0.3279055E-01 -0.3637633E-01 -0.6420137E-02  0.1110949E+00  0.1784578E-01
  0.1919833333333E+02  0.2123106E+00  0.3282366E-01 -0.3658949E-01 -0.6394927E-02  0.1116873E+00  0.1777165E-01
  0.1923166666667E+02  0.2134058E+00  0.3285475E-01 -0.3680177E-01 -0.6368416E-02  0.1122771E+00  0.1769413E-01
  0.1926500000000E+02  0.2145019E+00  0.3288401E-01 -0.3701312E-01 -0.6340473E-02  0.1128642E+00  0.1761303E-01
  0.1929833333333E+02  0.2155990E+00  0.3291182E-01 -0.3722349E-01 -0.6310977E-02  0.1134484E+00  0.1752816E-01
  0.1933166666667E+02  0.2166969E+00  0.3293864E-01 -0.3743281E-01 -0.6279835E-02  0.1140297E+00  0.1743939E-01
  0.1936500000000E+02  0.2177958E+00  0.3296499E-01 -0.3764105E-01 -0.6246997E-02  0.1146080E+00  0.1734667E-01
  0.1939833333333E+02  0.2188955E+00  0.3299132E-01 -0.3784813E-01 -0.6212468E-02  0.1151830E+00  0.1725005E-01
  0.1943166666667E+02  0.2199961E+00  0.3301804E-01 -0.3805401E-01 -0.6176311E-02  0.1157546E+00  0.1714969E-01
  0.1946500000000E+02  0.2210976E+00  0.3304546E-01 -0.3825863E-01 -0.6138635E-02  0.1163228E+00  0.1704580E-01
  0.1949833333333E+02  0.2222001E+00  0.3307379E-01 -0.3846195E-01 -0.6099591E-02  0.1168874E+00  0.1693868E-01
  0.1953166666667E+02  0.2233035E+00  0.3310311E-01 -0.3866393E-01 -0.6059346E-02  0.1174484E+00  0.1682864E-01
  0.1956500000000E+02  0.2244079E+00  0.3313344E-01 -0.3886453E-01 -0.6018069E-02  0.1180056E+00  0.1671596E-01
  0.1959833333333E+02  0.2255134E+00  0.3316472E-01 -0.3906372E-01 -0.5975909E-02  0.1185590E+00  0.1660087E-01
  0.1963166666667E+02  0.2266200E+00  0.3319687E-01 -0.3926149E-01 -0.5932978E-02  0.1191084E+00  0.1648354E-01
  0.1966500000000E+02  0.2277277E+00  0.3322973E-01 -0.3945780E-01 -0.5889351E-02  0.1196539E+00  0.1636402E-01
  0.1969833333333E+02  0.2288364E+00  0.3326309E-01 -0.3965264E-01 -0.5845062E-02  0.1201953E+00  0.1624231E-01
  0.1973166666667E+02  0.2299463E+00  0.3329666E-01 -0.3984597E-01 -0.5800113E-02  0.1207326E+00  0.1611837E-01
  0.1976500000000E+02  0.2310573E+00  0.3333011E-01 -0.4003779E-01 -0.5754481E-02  0.1212656E+00  0.1599210E-01
  0.1979833333333E+02  0.2321694E+00  0.3336302E-01 -0.4022806E-01 -0.5708119E-02  0.1217944E+00  0.1586341E-01
  0.1983166666667E+02  0.2332826E+00  0.3339498E-01 -0.4041676E-01 -0.5660961E-02  0.1223188E+00  0.1573214E-01
  0.1986500000000E+02  0.2343968E+00  0.3342563E-01 -0.4060386E-01 -0.5612918E-02  0.1228388E+00  0.1559817E-01
  0.1989833333333E+02  0.2355119E+00  0.3345468E-01 -0.4078932E-01 -0.5563883E-02  0.1233541E+00  0.1546130E-01
  0.1993166666667E+02  0.2366280E+00  0.3348202E-01 -0.4097311E-01 -0.5513728E-02  0.1238649E+00  0.1532134E-01
  0.1996500000000E+02  0.2377449E+00  0.3350767E-01 -0.4115519E-01 -0.5462308E-02  0.1243708E+00  0.1517806E-01
  0.1999833333333E+02  0.2388626E+00  0.3353186E-01 -0.4133550E-01 -0.5409471E-02  0.1248718E+00  0.1503120E-01
  0.2003166666667E+02  0.2399811E+00  0.3355497E-01 -0.4151401E-01 -0.5355073E-02  0.1253678E+00  0.1488054E-01
  0.2006500000000E+02  0.2411004E+00  0.3357745E-01 -0.4169064E-01 -0.5299003E-02  0.1258587E+00  0.1472591E-01
  0.2009833333333E+02  0.2422204E+00  0.3359978E-01 -0.4186535E-01 -0.5241200E-02  0.1263443E+00  0.1456725E-01
  0.2013166666667E+02  0.2433411E+00  0.3362239E-01 -0.4203807E-01 -0.5181663E-02  0.1268244E+00  0.1440460E-01
  0.2016500000000E+02  0.2444626E+00  0.3364566E-01 -0.4220875E-01 -0.5120456E-02  0.1272990E+00  0.1423813E-01
  0.2019833333333E+02  0.2455850E+00  0.3366984E-01 -0.4237734E-01 -0.5057696E-02  0.1277680E+00  0.1406810E-01
  0.2023166666667E+02  0.2467081E+00  0.3369512E-01 -0.4254379E-01 -0.4993545E-02  0.1282311E+00  0.1389483E-01
  0.2026500000000E+02  0.2478322E+00  0.3372157E-01 -0.4270806E-01 -0.4928190E-02  0.1286884E+00  0.1371868E-01
  0.2029833333333E+02  0.2489572E+00  0.3374921E-01 -0.4287012E-01 -0.4861816E-02  0.1291398E+00  0.1353997E-01
  0.2033166666667E+02  0.2500831E+00  0.3377802E-01 -0.4302994E-01 -0.4794589E-02  0.1295851E+00  0.1335896E-01
  0.2036500000000E+02  0.2512100E+00  0.3380792E-01 -0.4318750E-01 -0.4726641E-02  0.1300243E+00  0.1317586E-01
  0.2039833333333E+02  0.2523380E+00  0.3383880E-01 -0.4334277E-01 -0.4658067E-02  0.1304573E+00  0.1299078E-01
  0.2043166666667E+02  0.2534670E+00  0.3387044E-01 -0.4349573E-01 -0.4588928E-02  0.1308841E+00  0.1280379E-01
  0.2046500000000E+02  0.2545971E+00  0.3390259E-01 -0.4364637E-01 -0.4519252E-02  0.1313046E+00  0.1261490E-01
  0.2049833333333E+02  0.2557283E+00  0.3393490E-01 -0.4379468E-01 -0.4449047E-02  0.1317187E+00  0.1242411E-01
  0.2053166666667E+02  0.2568605E+00  0.3396697E-01 -0.4394062E-01 -0.4378293E-02  0.1321264E+00  0.1223137E-01
  0.2056500000000E+02  0.2579938E+00  0.3399843E-01 -0.4408418E-01 -0.4306949E-02  0.1325276E+00  0.1203661E-01
  0.2059833333333E+02  0.2591281E+00  0.3402895E-01 -0.4422535E-01 -0.4234943E-02  0.1329223E+00  0.1183971E-01
  0.2063166666667E+02  0.2602634E+00  0.3405831E-01 -0.4436409E-01 -0.4162178E-02  0.1333103E+00  0.1164053E-01
  0.2066500000000E+02  0.2613996E+00  0.3408646E-01 -0.4450037E-01 -0.4088531E-02  0.1336916E+00  0.1143885E-01
  0.2069833333333E+02  0.2625367E+00  0.3411352E-01 -0.4463417E-01 -0.4013856E-02  0.1340661E+00  0.1123444E-01
  0.2073166666667E+02  0.2636747E+00  0.3413975E-01 -0.4476543E-01 -0.3938001E-02  0.1344337E+00  0.1102704E-01
  0.2076500000000E+02  0.2648135E+00  0.3416556E-01 -0.4489413E-01 -0.3860829E-02  0.1347942E+00  0.1081643E-01
  0.2079833333333E+02  0.2659532E+00  0.3419138E-01 -0.4502020E-01 -0.3782242E-02  0.1351476E+00  0.1060245E-01
  0.2083166666667E+02  0.2670938E+00  0.3421762E-01 -0.4514361E-01 -0.3702191E-02  0.1354938E+00  0.1038508E-01
  0.2086500000000E+02  0.2682353E+00  0.3424464E-01 -0.4526430E-01 -0.3620691E-02  0.1358326E+00  0.1016440E-01
  0.2089833333333E+02  0.2693777E+00  0.3427271E-01 -0.4538223E-01 -0.3537816E-02  0.1361640E+00  0.9940597E-02
  0.2093166666667E+02  0.2705211E+00  0.3430201E-01 -0.4549735E-01 -0.3453690E-02  0.1364878E+00  0.9713950E-02
  0.2096500000000E+02  0.2716656E+00  0.3433266E-01 -0.4560963E-01 -0.3368474E-02  0.1368039E+00  0.9484790E-02
  0.2099833333333E+02  0.2728111E+00  0.3436469E-01 -0.4571904E-01 -0.3282346E-02  0.1371124E+00  0.9253450E-02
  0.2103166666667E+02  0.2739577E+00  0.3439811E-01 -0.4582556E-01 -0.3195477E-02  0.1374130E+00  0.9020237E-02
  0.2106500000000E+02  0.2751054E+00  0.3443288E-01 -0.4592916E-01 -0.3108018E-02  0.1377059E+00  0.8785400E-02
  0.2109833333333E+02  0.2762544E+00  0.3446894E-01 -0.4602983E-01 -0.3020090E-02  0.1379909E+00  0.8549136E-02
  0.2113166666667E+02  0.2774046E+00  0.3450613E-01 -0.4612756E-01 -0.2931788E-02  0.1382679E+00  0.8311588E-02
  0.2116500000000E+02  0.2785561E+00  0.3454425E-01 -0.4622233E-01 -0.2843182E-02  0.1385370E+00  0.8072868E-02
  0.2119833333333E+02  0.2797088E+00  0.3458299E-01 -0.4631414E-01 -0.2754320E-02  0.1387981E+00  0.7833056E-02
  0.2123166666667E+02  0.2808629E+00  0.3462200E-01 -0.4640298E-01 -0.2665232E-02  0.1390512E+00  0.7592209E-02
  0.2126500000000E+02  0.2820183E+00  0.3466092E-01 -0.4648884E-01 -0.2575928E-02  0.1392962E+00  0.7350351E-02
  0.2129833333333E+02  0.2831749E+00  0.3469943E-01 -0.4657172E-01 -0.2486389E-02  0.1395331E+00  0.7107462E-02
  0.2133166666667E+02  0.2843328E+00  0.3473728E-01 -0.4665161E-01 -0.2396567E-02  0.1397619E+00  0.6863471E-02
  0.2136500000000E+02  0.2854920E+00  0.3477436E-01 -0.4672849E-01 -0.2306381E-02  0.1399825E+00  0.6618245E-02
  0.2139833333333E+02  0.2866523E+00  0.3481075E-01 -0.4680235E-01 -0.2215723E-02  0.1401949E+00  0.6371594E-02
  0.2143166666667E+02  0.2878139E+00  0.3484665E-01 -0.4687316E-01 -0.2124465E-02  0.1403990E+00  0.6123294E-02
  0.2146500000000E+02  0.2889766E+00  0.3488240E-01 -0.4694091E-01 -0.2032480E-02  0.1405948E+00  0.5873124E-02
  0.2149833333333E+02  0.2901406E+00  0.3491836E-01 -0.4700557E-01 -0.1939665E-02  0.1407821E+00  0.5620911E-02
  0.2153166666667E+02  0.2913057E+00  0.3495490E-01 -0.4706710E-01 -0.1845952E-02  0.1409610E+00  0.5366572E-02
  0.2156500000000E+02  0.2924721E+00  0.3499233E-01 -0.4712548E-01 -0.1751322E-02  0.1411314E+00  0.5110121E-02
  0.2159833333333E+02  0.2936398E+00  0.3503090E-01 -0.4718067E-01 -0.1655807E-02  0.1412931E+00  0.4851674E-02
  0.2163166666667E+02  0.2948089E+00  0.3507077E-01 -0.4723265E-01 -0.1559484E-02  0.1414461E+00  0.4591429E-02
  0.2166500000000E+02  0.2959793E+00  0.3511203E-01 -0.4728140E-01 -0.1462467E-02  0.1415904E+00  0.4329639E-02
  0.2169833333333E+02  0.2971511E+00  0.3515471E-01 -0.4732690E-01 -0.1364891E-02  0.1417260E+00  0.4066579E-02
  0.2173166666667E+02  0.2983244E+00  0.3519884E-01 -0.4736913E-01 -0.1266892E-02  0.1418527E+00  0.3802511E-02
  0.2176500000000E+02  0.2994992E+00  0.3524440E-01 -0.4740808E-01 -0.1168599E-02  0.1419707E+00  0.3537669E-02
  0.2179833333333E+02  0.3006756E+00  0.3529134E-01 -0.4744375E-01 -0.1070120E-02  0.1420797E+00  0.3272256E-02
  0.2183166666667E+02  0.3018536E+00  0.3533953E-01 -0.4747614E-01 -0.9715501E-03  0.1421800E+00  0.3006450E-02
  0.2186500000000E+02  0.3030332E+00  0.3538878E-01 -0.4750524E-01 -0.8729719E-03  0.1422713E+00  0.2740412E-02
  0.2189833333333E+02  0.3042145E+00  0.3543883E-01 -0.4753105E-01 -0.7744591E-03  0.1423538E+00  0.2474293E-02
  0.2193166666667E+02  0.3053975E+00  0.3548936E-01 -0.4755359E-01 -0.6760772E-03  0.1424274E+00  0.2208232E-02
  0.2196500000000E+02  0.3065821E+00  0.3554000E-01 -0.4757285E-01 -0.5778781E-03  0.1424921E+00  0.1942342E-02
  0.2199833333333E+02  0.3077685E+00  0.3559047E-01 -0.4758885E-01 -0.4798941E-03  0.1425480E+00  0.1676699E-02
  0.2203166666667E+02  0.3089565E+00  0.3564051E-01 -0.4760158E-01 -0.3821309E-03  0.1425951E+00  0.1411324E-02
  0.2206500000000E+02  0.3101462E+00  0.3569001E-01 -0.4761107E-01 -0.2845628E-03  0.1426333E+00  0.1146174E-02
  0.2209833333333E+02  0.3113375E+00  0.3573901E-01 -0.4761731E-01 -0.1871330E-03  0.1426626E+00  0.8811366E-03
  0.2213166666667E+02  0.3125304E+00  0.3578769E-01 -0.4762030E-01 -0.8976035E-04  0.1426832E+00  0.6160508E-03
  0.2216500000000E+02  0.3137249E+00  0.3583632E-01 -0.4762004E-01  0.7646062E-05  0.1426949E+00  0.3507381E-03
  0.2219833333333E+02  0.3149211E+00  0.3588521E-01 -0.4761654E-01  0.1051706E-03  0.1426977E+00  0.8504374E-04
  0.2223166666667E+02  0.3161189E+00  0.3593466E-01 -0.4760978E-01  0.2028769E-03  0.1426917E+00 -0.1811329E-03
  0.2226500000000E+02  0.3173184E+00  0.3598491E-01 -0.4759975E-01  0.3008001E-03  0.1426767E+00 -0.4478229E-03
  0.2229833333333E+02  0.3185196E+00  0.3603618E-01 -0.4758645E-01  0.3989415E-03  0.1426529E+00 -0.7149858E-03
  0.2233166666667E+02  0.3197226E+00  0.3608857E-01 -0.4756988E-01  0.4972701E-03  0.1426202E+00 -0.9825187E-03
  0.2236500000000E+02  0.3209273E+00  0.3614217E-01 -0.4755002E-01  0.5957287E-03  0.1425785E+00 -0.1250275E-02
  0.2239833333333E+02  0.3221339E+00  0.3619703E-01 -0.4752688E-01  0.6942450E-03  0.1425279E+00 -0.1518090E-02
  0.2243166666667E+02  0.3233423E+00  0.3625315E-01 -0.4750045E-01  0.7927425E-03  0.1424684E+00 -0.1785794E-02
  0.2246500000000E+02  0.3245527E+00  0.3631055E-01 -0.4747075E-01  0.8911484E-03  0.1423999E+00 -0.2053226E-02
  0.2249833333333E+02  0.3257650E+00  0.3636917E-01 -0.4743777E-01  0.9893949E-03  0.1423226E+00 -0.2320229E-02
  0.2253166666667E+02  0.3269793E+00  0.3642890E-01 -0.4740152E-01  0.1087415E-02  0.1422363E+00 -0.2586638E-02
  0.2256500000000E+02  0.3281956E+00  0.3648956E-01 -0.4736201E-01  0.1185139E-02  0.1421413E+00 -0.2852281E-02
  0.2259833333333E+02  0.3294140E+00  0.3655088E-01 -0.4731926E-01  0.1282489E-02  0.1420374E+00 -0.3116969E-02
  0.2263166666667E+02  0.3306344E+00  0.3661256E-01 -0.4727329E-01  0.1379381E-02  0.1419247E+00 -0.3380511E-02
  0.2266500000000E+02  0.3318569E+00  0.3667427E-01 -0.4722409E-01  0.1475734E-02  0.1418033E+00 -0.3642725E-02
  0.2269833333333E+02  0.3330814E+00  0.3673570E-01 -0.4717171E-01  0.1571476E-02  0.1416732E+00 -0.3903459E-02
  0.2273166666667E+02  0.3343079E+00  0.3679663E-01 -0.4711616E-01  0.1666553E-02  0.1415344E+00 -0.4162611E-02
  0.2276500000000E+02  0.3355365E+00  0.3685695E-01 -0.4705746E-01  0.1760938E-02  0.1413871E+00 -0.4420145E-02
  0.2279833333333E+02  0.3367671E+00  0.3691670E-01 -0.4699564E-01  0.1854632E-02  0.1412312E+00 -0.4676093E-02
  0.2283166666667E+02  0.3379996E+00  0.3697602E-01 -0.4693072E-01  0.1947662E-02  0.1410668E+00 -0.4930544E-02
  0.2286500000000E+02  0.3392341E+00  0.3703512E-01 -0.4686272E-01  0.2040074E-02  0.1408941E+00 -0.5183618E-02
  0.2289833333333E+02  0.3404706E+00  0.3709424E-01 -0.4679165E-01  0.2131918E-02  0.1407129E+00 -0.5435435E-02
  0.2293166666667E+02  0.3417090E+00  0.3715362E-01 -0.4671754E-01  0.2223242E-02  0.1405233E+00 -0.5686096E-02
  0.2296500000000E+02  0.3429495E+00  0.3721345E-01 -0.4664041E-01  0.2314087E-02  0.1403255E+00 -0.5935666E-02
  0.2299833333333E+02  0.3441919E+00  0.3727387E-01 -0.4656026E-01  0.2404477E-02  0.1401193E+00 -0.6184175E-02
  0.2303166666667E+02  0.3454364E+00  0.3733499E-01 -0.4647711E-01  0.2494426E-02  0.1399050E+00 -0.6431621E-02
  0.2306500000000E+02  0.3466830E+00  0.3739690E-01 -0.4639098E-01  0.2583935E-02  0.1396824E+00 -0.6677979E-02
  0.2309833333333E+02  0.3479316E+00  0.3745965E-01 -0.4630188E-01  0.2673000E-02  0.1394516E+00 -0.6923207E-02
  0.2313166666667E+02  0.3491824E+00  0.3752328E-01 -0.4620983E-01  0.2761615E-02  0.1392127E+00 -0.7167256E-02
  0.2316500000000E+02  0.3504353E+00  0.3758781E-01 -0.4611483E-01  0.2849776E-02  0.1389657E+00 -0.7410061E-02
  0.2319833333333E+02  0.3516905E+00  0.3765321E-01 -0.4601692E-01  0.2937469E-02  0.1387106E+00 -0.7651531E-02
  0.2323166666667E+02  0.3529478E+00  0.3771936E-01 -0.4591610E-01  0.3024668E-02  0.1384476E+00 -0.7891544E-02
  0.2326500000000E+02  0.3542073E+00  0.3778608E-01 -0.4581239E-01  0.3111329E-02  0.1381766E+00 -0.8129938E-02
  0.2329833333333E+02  0.3554691E+00  0.3785311E-01 -0.4570581E-01  0.3197382E-02  0.1378977E+00 -0.8366514E-02
  0.2333166666667E+02  0.3567331E+00  0.3792013E-01 -0.4559638E-01  0.3282741E-02  0.1376110E+00 -0.8601054E-02
  0.2336500000000E+02  0.3579993E+00  0.3798683E-01 -0.4548414E-01  0.3367308E-02  0.1373165E+00 -0.8833339E-02
  0.2339833333333E+02  0.3592677E+00  0.3805292E-01 -0.4536910E-01  0.3450983E-02  0.1370144E+00 -0.9063168E-02
  0.2343166666667E+02  0.3605383E+00  0.3811821E-01 -0.4525132E-01  0.3533676E-02  0.1367048E+00 -0.9290388E-02
  0.2346500000000E+02  0.3618111E+00  0.3818259E-01 -0.4513081E-01  0.3615317E-02  0.1363876E+00 -0.9514905E-02
  0.2349833333333E+02  0.3630860E+00  0.3824608E-01 -0.4500761E-01  0.3695859E-02  0.1360630E+00 -0.9736692E-02
  0.2353166666667E+02  0.3643629E+00  0.3830879E-01 -0.4488177E-01  0.3775281E-02  0.1357312E+00 -0.9955778E-02
  0.2356500000000E+02  0.3656420E+00  0.3837088E-01 -0.4475331E-01  0.3853585E-02  0.1353921E+00 -0.1017223E-01
  0.2359833333333E+02  0.3669230E+00  0.3843252E-01 -0.4462229E-01  0.3930788E-02  0.1350459E+00 -0.1038614E-01
  0.2363166666667E+02  0.3682062E+00  0.3849386E-01 -0.4448872E-01  0.4006923E-02  0.1346926E+00 -0.1059761E-01
  0.2366500000000E+02  0.3694913E+00  0.3855506E-01 -0.4435266E-01  0.4082032E-02  0.1343324E+00 -0.1080674E-01
  0.2369833333333E+02  0.3707785E+00  0.3861625E-01 -0.4421412E-01  0.4156162E-02  0.1339653E+00 -0.1101362E-01
  0.2373166666667E+02  0.3720678E+00  0.3867753E-01 -0.4407314E-01  0.4229366E-02  0.1335913E+00 -0.1121836E-01
  0.2376500000000E+02  0.3733591E+00  0.3873902E-01 -0.4392975E-01  0.4301699E-02  0.1332106E+00 -0.1142103E-01
  0.2379833333333E+02  0.3746525E+00  0.3880081E-01 -0.4378397E-01  0.4373221E-02  0.1328233E+00 -0.1162173E-01
  0.2383166666667E+02  0.3759479E+00  0.3886299E-01 -0.4363584E-01  0.4443995E-02  0.1324292E+00 -0.1182049E-01
  0.2386500000000E+02  0.3772454E+00  0.3892559E-01 -0.4348537E-01  0.4514075E-02  0.1320287E+00 -0.1201735E-01
  0.2389833333333E+02  0.3785450E+00  0.3898860E-01 -0.4333259E-01  0.4583501E-02  0.1316216E+00 -0.1221227E-01
  0.2393166666667E+02  0.3798468E+00  0.3905189E-01 -0.4317751E-01  0.4652283E-02  0.1312081E+00 -0.1240518E-01
  0.2396500000000E+02  0.3811506E+00  0.3911528E-01 -0.4302017E-01  0.4720399E-02  0.1307882E+00 -0.1259593E-01
  0.2399833333333E+02  0.3824566E+00  0.3917849E-01 -0.4286057E-01  0.4787793E-02  0.1303621E+00 -0.1278432E-01
  0.2403166666667E+02  0.3837646E+00  0.3924123E-01 -0.4269876E-01  0.4854379E-02  0.1299297E+00 -0.1297012E-01
  0.2406500000000E+02  0.3850747E+00  0.3930319E-01 -0.4253476E-01  0.4920052E-02  0.1294913E+00 -0.1315312E-01
  0.2409833333333E+02  0.3863868E+00  0.3936412E-01 -0.4236860E-01  0.4984695E-02  0.1290469E+00 -0.1333309E-01
  0.2413166666667E+02  0.3877010E+00  0.3942383E-01 -0.4220033E-01  0.5048196E-02  0.1285965E+00 -0.1350986E-01
  0.2416500000000E+02  0.3890170E+00  0.3948224E-01 -0.4202998E-01  0.5110454E-02  0.1281404E+00 -0.1368331E-01
  0.2419833333333E+02  0.3903350E+00  0.3953934E-01 -0.4185760E-01  0.5171388E-02  0.1276786E+00 -0.1385338E-01
  0.2423166666667E+02  0.3916549E+00  0.3959521E-01 -0.4168324E-01  0.5230942E-02  0.1272113E+00 -0.1402006E-01
  0.2426500000000E+02  0.3929765E+00  0.3964993E-01 -0.4150693E-01  0.5289086E-02  0.1267385E+00 -0.1418339E-01
  0.2429833333333E+02  0.3943000E+00  0.3970360E-01 -0.4132874E-01  0.5345819E-02  0.1262604E+00 -0.1434344E-01
  0.2433166666667E+02  0.3956252E+00  0.3975635E-01 -0.4114870E-01  0.5401166E-02  0.1257771E+00 -0.1450034E-01
  0.2436500000000E+02  0.3969521E+00  0.3980831E-01 -0.4096686E-01  0.5455175E-02  0.1252886E+00 -0.1465421E-01
  0.2439833333333E+02  0.3982808E+00  0.3985961E-01 -0.4078326E-01  0.5507914E-02  0.1247951E+00 -0.1480523E-01
  0.2443166666667E+02  0.3996111E+00  0.3991041E-01 -0.4059795E-01  0.5559471E-02  0.1242966E+00 -0.1495356E-01
  0.2446500000000E+02  0.4009432E+00  0.3996085E-01 -0.4041095E-01  0.5609950E-02  0.1237933E+00 -0.1509940E-01
  0.2449833333333E+02  0.4022769E+00  0.4001110E-01 -0.4022230E-01  0.5659462E-02  0.1232852E+00 -0.1524289E-01
  0.2453166666667E+02  0.4036122E+00  0.4006127E-01 -0.4003203E-01  0.5708119E-02  0.1227724E+00 -0.1538416E-01
  0.2456500000000E+02  0.4049493E+00  0.4011143E-01 -0.3984016E-01  0.5756019E-02  0.1222550E+00 -0.1552330E-01
  0.2459833333333E+02  0.4062880E+00  0.4016154E-01 -0.3964672E-01  0.5803232E-02  0.1217330E+00 -0.1566030E-01
  0.2463166666667E+02  0.4076284E+00  0.4021148E-01 -0.3945173E-01  0.5849791E-02  0.1212065E+00 -0.1579510E-01
  0.2466500000000E+02  0.4089704E+00  0.4026107E-01 -0.3925521E-01  0.5895685E-02  0.1206755E+00 -0.1592757E-01
  0.2469833333333E+02  0.4103141E+00  0.4031002E-01 -0.3905718E-01  0.5940866E-02  0.1201403E+00 -0.1605753E-01
  0.2473166666667E+02  0.4116594E+00  0.4035805E-01 -0.3885767E-01  0.5985247E-02  0.1196008E+00 -0.1618476E-01
  0.2476500000000E+02  0.4130062E+00  0.4040489E-01 -0.3865671E-01  0.6028721E-02  0.1190572E+00 -0.1630905E-01
  0.2479833333333E+02  0.4143545E+00  0.4045032E-01 -0.3845434E-01  0.6071161E-02  0.1185095E+00 -0.1643018E-01
  0.2483166666667E+02  0.4157043E+00  0.4049418E-01 -0.3825059E-01  0.6112443E-02  0.1179579E+00 -0.1654799E-01
  0.2486500000000E+02  0.4170555E+00  0.4053639E-01 -0.3804551E-01  0.6152448E-02  0.1174025E+00 -0.1666235E-01
  0.2489833333333E+02  0.4184081E+00  0.4057691E-01 -0.3783914E-01  0.6191078E-02  0.1168434E+00 -0.1677321E-01
  0.2493166666667E+02  0.4197620E+00  0.4061575E-01 -0.3763153E-01  0.6228260E-02  0.1162807E+00 -0.1688052E-01
  0.2496500000000E+02  0.4211171E+00  0.4065295E-01 -0.3742273E-01  0.6263952E-02  0.1157145E+00 -0.1698434E-01
  0.2499833333333E+02  0.4224734E+00  0.4068859E-01 -0.3721280E-01  0.6298149E-02  0.1151451E+00 -0.1708474E-01
  0.2503166666667E+02  0.4238308E+00  0.4072278E-01 -0.3700177E-01  0.6330877E-02  0.1145723E+00 -0.1718187E-01
  0.2506500000000E+02  0.4251893E+00  0.4075565E-01 -0.3678969E-01  0.6362199E-02  0.1139965E+00 -0.1727591E-01
  0.2509833333333E+02  0.4265489E+00  0.4078738E-01 -0.3657662E-01  0.6392206E-02  0.1134176E+00 -0.1736706E-01
  0.2513166666667E+02  0.4279095E+00  0.4081819E-01 -0.3636259E-01  0.6421017E-02  0.1128357E+00 -0.1745557E-01
  0.2516500000000E+02  0.4292711E+00  0.4084829E-01 -0.3614763E-01  0.6448768E-02  0.1122510E+00 -0.1754166E-01
  0.2519833333333E+02  0.4306337E+00  0.4087786E-01 -0.3593177E-01  0.6475603E-02  0.1116635E+00 -0.1762553E-01
  0.2523166666667E+02  0.4319973E+00  0.4090706E-01 -0.3571505E-01  0.6501661E-02  0.1110732E+00 -0.1770733E-01
  0.2526500000000E+02  0.4333618E+00  0.4093592E-01 -0.3549748E-01  0.6527054E-02  0.1104803E+00 -0.1778714E-01
  0.2529833333333E+02  0.4347273E+00  0.4096442E-01 -0.3527909E-01  0.6551860E-02  0.1098848E+00 -0.1786498E-01
  0.2533166666667E+02  0.4360937E+00  0.4099241E-01 -0.3505988E-01  0.6576114E-02  0.1092868E+00 -0.1794078E-01
  0.2536500000000E+02  0.4374610E+00  0.4101970E-01 -0.3483989E-01  0.6599805E-02  0.1086863E+00 -0.1801442E-01
  0.2539833333333E+02  0.4388292E+00  0.4104604E-01 -0.3461913E-01  0.6622882E-02  0.1080835E+00 -0.1808573E-01
  0.2543166666667E+02  0.4401983E+00  0.4107116E-01 -0.3439762E-01  0.6645257E-02  0.1074783E+00 -0.1815450E-01
  0.2546500000000E+02  0.4415681E+00  0.4109484E-01 -0.3417539E-01  0.6666816E-02  0.1068710E+00 -0.1822055E-01
  0.2549833333333E+02  0.4429386E+00  0.4111688E-01 -0.3395248E-01  0.6687432E-02  0.1062615E+00 -0.1828370E-01
  0.2553166666667E+02  0.4443099E+00  0.4113715E-01 -0.3372891E-01  0.6706974E-02  0.1056500E+00 -0.1834380E-01
  0.2556500000000E+02  0.4456817E+00  0.4115554E-01 -0.3350473E-01  0.6725322E-02  0.1050367E+00 -0.1840074E-01
  0.2559833333333E+02  0.4470541E+00  0.4117197E-01 -0.3327999E-01  0.6742375E-02  0.1044215E+00 -0.1845445E-01
  0.2563166666667E+02  0.4484270E+00  0.4118642E-01 -0.3305472E-01  0.6758062E-02  0.1038047E+00 -0.1850492E-01
  0.2566500000000E+02  0.4498003E+00  0.4119892E-01 -0.3282897E-01  0.6772348E-02  0.1031863E+00 -0.1855221E-01
  0.2569833333333E+02  0.4511740E+00  0.4120953E-01 -0.3260280E-01  0.6785235E-02  0.1025664E+00 -0.1859643E-01
  0.2573166666667E+02  0.4525479E+00  0.4121839E-01 -0.3237624E-01  0.6796766E-02  0.1019452E+00 -0.1863774E-01
  0.2576500000000E+02  0.4539221E+00  0.4122569E-01 -0.3214934E-01  0.6807020E-02  0.1013226E+00 -0.1867637E-01
  0.2579833333333E+02  0.4552965E+00  0.4123168E-01 -0.3192214E-01  0.6816110E-02  0.1006989E+00 -0.1871256E-01
  0.2583166666667E+02  0.4566710E+00  0.4123661E-01 -0.3169466E-01  0.6824178E-02  0.1000740E+00 -0.1874655E-01
  0.2586500000000E+02  0.4580457E+00  0.4124072E-01 -0.3146695E-01  0.6831376E-02  0.9944802E-01 -0.1877859E-01
  0.2589833333333E+02  0.4594205E+00  0.4124423E-01 -0.3123902E-01  0.6837859E-02  0.9882106E-01 -0.1880886E-01
  0.2593166666667E+02  0.4607954E+00  0.4124724E-01 -0.3101090E-01  0.6843762E-02  0.9819314E-01 -0.1883750E-01
  0.2596500000000E+02  0.4621704E+00  0.4124979E-01 -0.3078259E-01  0.6849191E-02  0.9756432E-01 -0.1886457E-01
  0.2599833333333E+02  0.4635455E+00  0.4125182E-01 -0.3055412E-01  0.6854209E-02  0.9693465E-01 -0.1889005E-01
  0.2603166666667E+02  0.4649206E+00  0.4125318E-01 -0.3032549E-01  0.6858838E-02  0.9630419E-01 -0.1891389E-01
  0.2606500000000E+02  0.4662957E+00  0.4125366E-01 -0.3009672E-01  0.6863056E-02  0.9567299E-01 -0.1893594E-01
  0.2609833333333E+02  0.4676708E+00  0.4125307E-01 -0.2986783E-01  0.6866801E-02  0.9504112E-01 -0.1895607E-01
  0.2613166666667E+02  0.4690459E+00  0.4125116E-01 -0.2963883E-01  0.6869979E-02  0.9440865E-01 -0.1897409E-01
  0.2616500000000E+02  0.4704208E+00  0.4124776E-01 -0.2940975E-01  0.6872475E-02  0.9377566E-01 -0.1898986E-01
  0.2619833333333E+02  0.4717955E+00  0.4124267E-01 -0.2918061E-01  0.6874162E-02  0.9314222E-01 -0.1900320E-01
  0.2623166666667E+02  0.4731701E+00  0.4123574E-01 -0.2895144E-01  0.6874915E-02  0.9250842E-01 -0.1901400E-01
  0.2626500000000E+02  0.4745443E+00  0.4122685E-01 -0.2872229E-01  0.6874623E-02  0.9187435E-01 -0.1902217E-01
  0.2629833333333E+02  0.4759182E+00  0.4121590E-01 -0.2849318E-01  0.6873200E-02  0.9124009E-01 -0.1902766E-01
  0.2633166666667E+02  0.4772916E+00  0.4120286E-01 -0.2826416E-01  0.6870590E-02  0.9060574E-01 -0.1903049E-01
  0.2636500000000E+02  0.4786645E+00  0.4118777E-01 -0.2803527E-01  0.6866777E-02  0.8997138E-01 -0.1903075E-01
  0.2639833333333E+02  0.4800369E+00  0.4117077E-01 -0.2780654E-01  0.6861783E-02  0.8933710E-01 -0.1902858E-01
  0.2643166666667E+02  0.4814086E+00  0.4115203E-01 -0.2757802E-01  0.6855672E-02  0.8870296E-01 -0.1902418E-01
  0.2646500000000E+02  0.4827797E+00  0.4113181E-01 -0.2734974E-01  0.6848542E-02  0.8806903E-01 -0.1901777E-01
  0.2649833333333E+02  0.4841500E+00  0.4111040E-01 -0.2712172E-01  0.6840526E-02  0.8743538E-01 -0.1900961E-01
  0.2653166666667E+02  0.4855196E+00  0.4108808E-01 -0.2689399E-01  0.6831769E-02  0.8680205E-01 -0.1899992E-01
  0.2656500000000E+02  0.4868885E+00  0.4106508E-01 -0.2666658E-01  0.6822424E-02  0.8616908E-01 -0.1898891E-01
  0.2659833333333E+02  0.4882565E+00  0.4104158E-01 -0.2643949E-01  0.6812629E-02  0.8553653E-01 -0.1897672E-01
  0.2663166666667E+02  0.4896238E+00  0.4101766E-01 -0.2621274E-01  0.6802499E-02  0.8490441E-01 -0.1896345E-01
  0.2666500000000E+02  0.4909902E+00  0.4099330E-01 -0.2598634E-01  0.6792112E-02  0.8427277E-01 -0.1894911E-01
  0.2669833333333E+02  0.4923558E+00  0.4096841E-01 -0.2576029E-01  0.6781508E-02  0.8364165E-01 -0.1893368E-01
  0.2673166666667E+02  0.4937206E+00  0.4094286E-01 -0.2553460E-01  0.6770684E-02  0.8301108E-01 -0.1891707E-01
  0.2676500000000E+02  0.4950845E+00  0.4091647E-01 -0.2530928E-01  0.6759600E-02  0.8238111E-01 -0.1889916E-01
  0.2679833333333E+02  0.4964474E+00  0.4088904E-01 -0.2508434E-01  0.6748182E-02  0.8175178E-01 -0.1887981E-01
  0.2683166666667E+02  0.4978094E+00  0.4086039E-01 -0.2485980E-01  0.6736329E-02  0.8112315E-01 -0.1885888E-01
  0.2686500000000E+02  0.4991705E+00  0.4083031E-01 -0.2463566E-01  0.6723928E-02  0.8049528E-01 -0.1883623E-01
  0.2689833333333E+02  0.5005304E+00  0.4079860E-01 -0.2441197E-01  0.6710860E-02  0.7986822E-01 -0.1881172E-01
  0.2693166666667E+02  0.5018892E+00  0.4076510E-01 -0.2418874E-01  0.6697016E-02  0.7924205E-01 -0.1878526E-01
  0.2696500000000E+02  0.5032469E+00  0.4072967E-01 -0.2396599E-01  0.6682306E-02  0.7861682E-01 -0.1875678E-01
  0.2699833333333E+02  0.5046033E+00  0.4069224E-01 -0.2374377E-01  0.6666667E-02  0.7799261E-01 -0.1872628E-01
  0.2703166666667E+02  0.5059584E+00  0.4065283E-01 -0.2352210E-01  0.6650073E-02  0.7736948E-01 -0.1869382E-01
  0.2706500000000E+02  0.5073121E+00  0.4061155E-01 -0.2330102E-01  0.6632531E-02  0.7674750E-01 -0.1865953E-01
  0.2709833333333E+02  0.5086644E+00  0.4056858E-01 -0.2308055E-01  0.6614091E-02  0.7612672E-01 -0.1862356E-01
  0.2713166666667E+02  0.5100152E+00  0.4052419E-01 -0.2286072E-01  0.6594837E-02  0.7550718E-01 -0.1858612E-01
  0.2716500000000E+02  0.5113645E+00  0.4047866E-01 -0.2264156E-01  0.6574885E-02  0.7488893E-01 -0.1854744E-01
  0.2719833333333E+02  0.5127122E+00  0.4043230E-01 -0.2242308E-01  0.6554367E-02  0.7427201E-01 -0.1850772E-01
  0.2723166666667E+02  0.5140584E+00  0.4038535E-01 -0.2220530E-01  0.6533422E-02  0.7365643E-01 -0.1846716E-01
  0.2726500000000E+02  0.5154030E+00  0.4033801E-01 -0.2198822E-01  0.6512178E-02  0.7304224E-01 -0.1842589E-01
  0.2729833333333E+02  0.5167460E+00  0.4029039E-01 -0.2177186E-01  0.6490746E-02  0.7242944E-01 -0.1838402E-01
  0.2733166666667E+02  0.5180875E+00  0.4024252E-01 -0.2155622E-01  0.6469205E-02  0.7181805E-01 -0.1834157E-01
  0.2736500000000E+02  0.5194273E+00  0.4019435E-01 -0.2134130E-01  0.6447600E-02  0.7120810E-01 -0.1829855E-01
  0.2739833333333E+02  0.5207655E+00  0.4014580E-01 -0.2112711E-01  0.6425939E-02  0.7059960E-01 -0.1825488E-01
  0.2743166666667E+02  0.5221020E+00  0.4009672E-01 -0.2091363E-01  0.6404193E-02  0.6999259E-01 -0.1821048E-01
  0.2746500000000E+02  0.5234369E+00  0.4004694E-01 -0.2070089E-01  0.6382303E-02  0.6938708E-01 -0.1816524E-01
  0.2749833333333E+02  0.5247701E+00  0.3999628E-01 -0.2048888E-01  0.6360185E-02  0.6878311E-01 -0.1811903E-01
  0.2753166666667E+02  0.5261016E+00  0.3994452E-01 -0.2027763E-01  0.6337737E-02  0.6818072E-01 -0.1807171E-01
  0.2756500000000E+02  0.5274313E+00  0.3989144E-01 -0.2006713E-01  0.6314856E-02  0.6757995E-01 -0.1802317E-01
  0.2759833333333E+02  0.5287592E+00  0.3983682E-01 -0.1985742E-01  0.6291439E-02  0.6698084E-01 -0.1797329E-01
  0.2763166666667E+02  0.5300852E+00  0.3978051E-01 -0.1964850E-01  0.6267404E-02  0.6638344E-01 -0.1792202E-01
  0.2766500000000E+02  0.5314093E+00  0.3972242E-01 -0.1944041E-01  0.6242689E-02  0.6578779E-01 -0.1786934E-01
  0.2769833333333E+02  0.5327314E+00  0.3966255E-01 -0.1923317E-01  0.6217263E-02  0.6519395E-01 -0.1781530E-01
  0.2773166666667E+02  0.5340514E+00  0.3960099E-01 -0.1902680E-01  0.6191130E-02  0.6460195E-01 -0.1775998E-01
  0.2776500000000E+02  0.5353694E+00  0.3953794E-01 -0.1882132E-01  0.6164330E-02  0.6401183E-01 -0.1770353E-01
  0.2779833333333E+02  0.5366852E+00  0.3947364E-01 -0.1861676E-01  0.6136934E-02  0.6342363E-01 -0.1764613E-01
  0.2783166666667E+02  0.5379988E+00  0.3940837E-01 -0.1841312E-01  0.6109043E-02  0.6283736E-01 -0.1758797E-01
  0.2786500000000E+02  0.5393102E+00  0.3934239E-01 -0.1821043E-01  0.6080772E-02  0.6225306E-01 -0.1752921E-01
  0.2789833333333E+02  0.5406194E+00  0.3927595E-01 -0.1800869E-01  0.6052240E-02  0.6167072E-01 -0.1747002E-01
  0.2793166666667E+02  0.5419264E+00  0.3920918E-01 -0.1780790E-01  0.6023561E-02  0.6109037E-01 -0.1741051E-01
  0.2796500000000E+02  0.5432311E+00  0.3914215E-01 -0.1760808E-01  0.5994832E-02  0.6051201E-01 -0.1735075E-01
  0.2799833333333E+02  0.5445336E+00  0.3907484E-01 -0.1740921E-01  0.5966124E-02  0.5993566E-01 -0.1729074E-01
  0.2803166666667E+02  0.5458338E+00  0.3900710E-01 -0.1721129E-01  0.5937479E-02  0.5936131E-01 -0.1723046E-01
  0.2806500000000E+02  0.5471318E+00  0.3893872E-01 -0.1701433E-01  0.5908903E-02  0.5878898E-01 -0.1716982E-01
  0.2809833333333E+02  0.5484274E+00  0.3886941E-01 -0.1681831E-01  0.5880375E-02  0.5821869E-01 -0.1710870E-01
  0.2813166666667E+02  0.5497207E+00  0.3879884E-01 -0.1662325E-01  0.5851843E-02  0.5765046E-01 -0.1704695E-01
  0.2816500000000E+02  0.5510116E+00  0.3872664E-01 -0.1642914E-01  0.5823231E-02  0.5708431E-01 -0.1698441E-01
  0.2819833333333E+02  0.5523000E+00  0.3865244E-01 -0.1623600E-01  0.5794451E-02  0.5652028E-01 -0.1692092E-01
  0.2823166666667E+02  0.5535859E+00  0.3857593E-01 -0.1604382E-01  0.5765407E-02  0.5595840E-01 -0.1685633E-01
  0.2826500000000E+02  0.5548691E+00  0.3849682E-01 -0.1585262E-01  0.5736009E-02  0.5539872E-01 -0.1679054E-01
  0.2829833333333E+02  0.5561496E+00  0.3841494E-01 -0.1566241E-01  0.5706180E-02  0.5484127E-01 -0.1672347E-01
  0.2833166666667E+02  0.5574273E+00  0.3833023E-01 -0.1547321E-01  0.5675862E-02  0.5428610E-01 -0.1665512E-01
  0.2836500000000E+02  0.5587020E+00  0.3824270E-01 -0.1528505E-01  0.5645025E-02  0.5373325E-01 -0.1658552E-01
  0.2839833333333E+02  0.5599738E+00  0.3815250E-01 -0.1509792E-01  0.5613668E-02  0.5318276E-01 -0.1651477E-01
  0.2843166666667E+02  0.5612425E+00  0.3805985E-01 -0.1491186E-01  0.5581821E-02  0.5263466E-01 -0.1644298E-01
  0.2846500000000E+02  0.5625080E+00  0.3796501E-01 -0.1472688E-01  0.5549538E-02  0.5208898E-01 -0.1637032E-01
  0.2849833333333E+02  0.5637702E+00  0.3786828E-01 -0.1454298E-01  0.5516896E-02  0.5154575E-01 -0.1629694E-01
  0.2853166666667E+02  0.5650292E+00  0.3776995E-01 -0.1436018E-01  0.5483987E-02  0.5100498E-01 -0.1622299E-01
  0.2856500000000E+02  0.5662849E+00  0.3767025E-01 -0.1417849E-01  0.5450908E-02  0.5046669E-01 -0.1614861E-01
  0.2859833333333E+02  0.5675372E+00  0.3756937E-01 -0.1399789E-01  0.5417748E-02  0.4993090E-01 -0.1607389E-01
  0.2863166666667E+02  0.5687861E+00  0.3746739E-01 -0.1381841E-01  0.5384587E-02  0.4939760E-01 -0.1599889E-01
  0.2866500000000E+02  0.5700316E+00  0.3736431E-01 -0.1364003E-01  0.5351482E-02  0.4886681E-01 -0.1592363E-01
  0.2869833333333E+02  0.5712736E+00  0.3726003E-01 -0.1346274E-01  0.5318462E-02  0.4833854E-01 -0.1584806E-01
  0.2873166666667E+02  0.5725121E+00  0.3715438E-01 -0.1328656E-01  0.5285529E-02  0.4781281E-01 -0.1577212E-01
  0.2876500000000E+02  0.5737470E+00  0.3704708E-01 -0.1311147E-01  0.5252659E-02  0.4728962E-01 -0.1569570E-01
  0.2879833333333E+02  0.5749783E+00  0.3693783E-01 -0.1293748E-01  0.5219800E-02  0.4676900E-01 -0.1561867E-01
  0.2883166666667E+02  0.5762058E+00  0.3682629E-01 -0.1276458E-01  0.5186883E-02  0.4625097E-01 -0.1554090E-01
  0.2886500000000E+02  0.5774295E+00  0.3671212E-01 -0.1259279E-01  0.5153827E-02  0.4573556E-01 -0.1546223E-01
  0.2889833333333E+02  0.5786494E+00  0.3659503E-01 -0.1242210E-01  0.5120548E-02  0.4522281E-01 -0.1538257E-01
  0.2893166666667E+02  0.5798652E+00  0.3647479E-01 -0.1225254E-01  0.5086968E-02  0.4471275E-01 -0.1530181E-01
  0.2896500000000E+02  0.5810769E+00  0.3635126E-01 -0.1208410E-01  0.5053023E-02  0.4420542E-01 -0.1521990E-01
  0.2899833333333E+02  0.5822844E+00  0.3622442E-01 -0.1191681E-01  0.5018669E-02  0.4370085E-01 -0.1513685E-01
  0.2903166666667E+02  0.5834875E+00  0.3609432E-01 -0.1175068E-01  0.4983885E-02  0.4319910E-01 -0.1505269E-01
  0.2906500000000E+02  0.5846862E+00  0.3596115E-01 -0.1158573E-01  0.4948675E-02  0.4270018E-01 -0.1496751E-01
  0.2909833333333E+02  0.5858804E+00  0.3582512E-01 -0.1142196E-01  0.4913069E-02  0.4220413E-01 -0.1488142E-01
  0.2913166666667E+02  0.5870700E+00  0.3568650E-01 -0.1125939E-01  0.4877118E-02  0.4171098E-01 -0.1479454E-01
  0.2916500000000E+02  0.5882548E+00  0.3554558E-01 -0.1109803E-01  0.4840890E-02  0.4122075E-01 -0.1470701E-01
  0.2919833333333E+02  0.5894349E+00  0.3540262E-01 -0.1093788E-01  0.4804464E-02  0.4073345E-01 -0.1461894E-01
  0.2923166666667E+02  0.5906102E+00  0.3525783E-01 -0.1077895E-01  0.4767922E-02  0.4024910E-01 -0.1453043E-01
  0.2926500000000E+02  0.5917805E+00  0.3511137E-01 -0.1062123E-01  0.4731338E-02  0.3976772E-01 -0.1444157E-01
  0.2929833333333E+02  0.5929460E+00  0.3496330E-01 -0.1046474E-01  0.4694774E-02  0.3928930E-01 -0.1435237E-01
  0.2933166666667E+02  0.5941064E+00  0.3481360E-01 -0.1030947E-01  0.4658275E-02  0.3881388E-01 -0.1426283E-01
  0.2936500000000E+02  0.5952618E+00  0.3466215E-01 -0.1015540E-01  0.4621860E-02  0.3834145E-01 -0.1417292E-01
  0.2939833333333E+02  0.5964121E+00  0.3450878E-01 -0.1000255E-01  0.4585526E-02  0.3787203E-01 -0.1408257E-01
  0.2943166666667E+02  0.5975572E+00  0.3435324E-01 -0.9850912E-02  0.4549249E-02  0.3740564E-01 -0.1399168E-01
  0.2946500000000E+02  0.5986971E+00  0.3419525E-01 -0.9700479E-02  0.4512982E-02  0.3694230E-01 -0.1390014E-01
  0.2949833333333E+02  0.5998316E+00  0.3403449E-01 -0.9551257E-02  0.4476666E-02  0.3648204E-01 -0.1380784E-01
  0.2953166666667E+02  0.6009606E+00  0.3387069E-01 -0.9403249E-02  0.4440234E-02  0.3602488E-01 -0.1371467E-01
  0.2956500000000E+02  0.6020840E+00  0.3370360E-01 -0.9256462E-02  0.4403620E-02  0.3557086E-01 -0.1362053E-01
  0.2959833333333E+02  0.6032018E+00  0.3353305E-01 -0.9110903E-02  0.4366761E-02  0.3512002E-01 -0.1352536E-01
  0.2963166666667E+02  0.6043138E+00  0.3335896E-01 -0.8966583E-02  0.4329609E-02  0.3467238E-01 -0.1342913E-01
  0.2966500000000E+02  0.6054198E+00  0.3318133E-01 -0.8823512E-02  0.4292133E-02  0.3422799E-01 -0.1333185E-01
  0.2969833333333E+02  0.6065198E+00  0.3300027E-01 -0.8681701E-02  0.4254319E-02  0.3378687E-01 -0.1323357E-01
  0.2973166666667E+02  0.6076137E+00  0.3281596E-01 -0.8541162E-02  0.4216177E-02  0.3334906E-01 -0.1313436E-01
  0.2976500000000E+02  0.6087013E+00  0.3262862E-01 -0.8401904E-02  0.4177735E-02  0.3291458E-01 -0.1303432E-01
  0.2979833333333E+02  0.6097826E+00  0.3243852E-01 -0.8263936E-02  0.4139039E-02  0.3248346E-01 -0.1293354E-01
  0.2983166666667E+02  0.6108575E+00  0.3224591E-01 -0.8127264E-02  0.4100146E-02  0.3205572E-01 -0.1283215E-01
  0.2986500000000E+02  0.6119258E+00  0.3205105E-01 -0.7991894E-02  0.4061121E-02  0.3163138E-01 -0.1273023E-01
  0.2989833333333E+02  0.6129876E+00  0.3185411E-01 -0.7857826E-02  0.4022032E-02  0.3121045E-01 -0.1262786E-01
  0.2993166666667E+02  0.6140428E+00  0.3165524E-01 -0.7725061E-02  0.3982937E-02  0.3079295E-01 -0.1252510E-01
  0.2996500000000E+02  0.6150913E+00  0.3145451E-01 -0.7593599E-02  0.3943886E-02  0.3037888E-01 -0.1242197E-01
  0.2999833333333E+02  0.6161330E+00  0.3125189E-01 -0.7463435E-02  0.3904911E-02  0.2996827E-01 -0.1231846E-01
  0.3003166666667E+02  0.6171679E+00  0.3104732E-01 -0.7334567E-02  0.3866028E-02  0.2956112E-01 -0.1221456E-01
  0.3006500000000E+02  0.6181959E+00  0.3084064E-01 -0.7206993E-02  0.3827232E-02  0.2915744E-01 -0.1211022E-01
  0.3009833333333E+02  0.6192170E+00  0.3063169E-01 -0.7080709E-02  0.3788505E-02  0.2875726E-01 -0.1200536E-01
  0.3013166666667E+02  0.6202310E+00  0.3042024E-01 -0.6955716E-02  0.3749811E-02  0.2836060E-01 -0.1189991E-01
  0.3016500000000E+02  0.6212379E+00  0.3020607E-01 -0.6832012E-02  0.3711105E-02  0.2796747E-01 -0.1179379E-01
  0.3019833333333E+02  0.6222375E+00  0.2998898E-01 -0.6709601E-02  0.3672337E-02  0.2757791E-01 -0.1168693E-01
  0.3023166666667E+02  0.6232298E+00  0.2976878E-01 -0.6588486E-02  0.3633458E-02  0.2719193E-01 -0.1157927E-01
  0.3026500000000E+02  0.6242147E+00  0.2954538E-01 -0.6468672E-02  0.3594423E-02  0.2680958E-01 -0.1147076E-01
  0.3029833333333E+02  0.6251919E+00  0.2931873E-01 -0.6350165E-02  0.3555197E-02  0.2643086E-01 -0.1136140E-01
  0.3033166666667E+02  0.6261616E+00  0.2908887E-01 -0.6232973E-02  0.3515758E-02  0.2605582E-01 -0.1125120E-01
  0.3036500000000E+02  0.6271234E+00  0.2885592E-01 -0.6117103E-02  0.3476096E-02  0.2568448E-01 -0.1114020E-01
  0.3039833333333E+02  0.6280774E+00  0.2862005E-01 -0.6002562E-02  0.3436221E-02  0.2531687E-01 -0.1102847E-01
  0.3043166666667E+02  0.6290235E+00  0.2838148E-01 -0.5889357E-02  0.3396153E-02  0.2495300E-01 -0.1091608E-01
  0.3046500000000E+02  0.6299615E+00  0.2814048E-01 -0.5777493E-02  0.3355929E-02  0.2459289E-01 -0.1080312E-01
  0.3049833333333E+02  0.6308914E+00  0.2789729E-01 -0.5666973E-02  0.3315594E-02  0.2423657E-01 -0.1068969E-01
  0.3053166666667E+02  0.6318132E+00  0.2765219E-01 -0.5557800E-02  0.3275198E-02  0.2388404E-01 -0.1057587E-01
  0.3056500000000E+02  0.6327267E+00  0.2740538E-01 -0.5449974E-02  0.3234794E-02  0.2353532E-01 -0.1046175E-01
  0.3059833333333E+02  0.6336319E+00  0.2715708E-01 -0.5343492E-02  0.3194432E-02  0.2319040E-01 -0.1034738E-01
  0.3063166666667E+02  0.6345288E+00  0.2690741E-01 -0.5238354E-02  0.3154157E-02  0.2284931E-01 -0.1023283E-01
  0.3066500000000E+02  0.6354174E+00  0.2665649E-01 -0.5134554E-02  0.3114001E-02  0.2251204E-01 -0.1011813E-01
  0.3069833333333E+02  0.6362975E+00  0.2640437E-01 -0.5032088E-02  0.3073988E-02  0.2217859E-01 -0.1000329E-01
  0.3073166666667E+02  0.6371692E+00  0.2615106E-01 -0.4930950E-02  0.3034128E-02  0.2184898E-01 -0.9888327E-02
  0.3076500000000E+02  0.6380324E+00  0.2589652E-01 -0.4831136E-02  0.2994420E-02  0.2152321E-01 -0.9773224E-02
  0.3079833333333E+02  0.6388871E+00  0.2564072E-01 -0.4732641E-02  0.2954853E-02  0.2120128E-01 -0.9657969E-02
  0.3083166666667E+02  0.6397332E+00  0.2538356E-01 -0.4635461E-02  0.2915406E-02  0.2088319E-01 -0.9542536E-02
  0.3086500000000E+02  0.6405707E+00  0.2512495E-01 -0.4539592E-02  0.2876053E-02  0.2056896E-01 -0.9426896E-02
  0.3089833333333E+02  0.6413996E+00  0.2486479E-01 -0.4445034E-02  0.2836763E-02  0.2025860E-01 -0.9311017E-02
  0.3093166666667E+02  0.6422197E+00  0.2460301E-01 -0.4351783E-02  0.2797507E-02  0.1995210E-01 -0.9194871E-02
  0.3096500000000E+02  0.6430310E+00  0.2433954E-01 -0.4259841E-02  0.2758257E-02  0.1964949E-01 -0.9078436E-02
  0.3099833333333E+02  0.6438335E+00  0.2407434E-01 -0.4169208E-02  0.2718991E-02  0.1935076E-01 -0.8961702E-02
  0.3103166666667E+02  0.6446270E+00  0.2380745E-01 -0.4079885E-02  0.2679693E-02  0.1905594E-01 -0.8844670E-02
  0.3106500000000E+02  0.6454117E+00  0.2353891E-01 -0.3991873E-02  0.2640355E-02  0.1876503E-01 -0.8727359E-02
  0.3109833333333E+02  0.6461873E+00  0.2326884E-01 -0.3905174E-02  0.2600980E-02  0.1847803E-01 -0.8609800E-02
  0.3113166666667E+02  0.6469539E+00  0.2299740E-01 -0.3819788E-02  0.2561577E-02  0.1819497E-01 -0.8492041E-02
  0.3116500000000E+02  0.6477114E+00  0.2272475E-01 -0.3735716E-02  0.2522162E-02  0.1791583E-01 -0.8374138E-02
  0.3119833333333E+02  0.6484597E+00  0.2245113E-01 -0.3652957E-02  0.2482761E-02  0.1764062E-01 -0.8256156E-02
  0.3123166666667E+02  0.6491990E+00  0.2217674E-01 -0.3571511E-02  0.2443401E-02  0.1736935E-01 -0.8138168E-02
  0.3126500000000E+02  0.6499290E+00  0.2190183E-01 -0.3491374E-02  0.2404114E-02  0.1710201E-01 -0.8020244E-02
  0.3129833333333E+02  0.6506499E+00  0.2162661E-01 -0.3412542E-02  0.2364934E-02  0.1683859E-01 -0.7902457E-02
  0.3133166666667E+02  0.6513616E+00  0.2135131E-01 -0.3335013E-02  0.2325895E-02  0.1657910E-01 -0.7784875E-02
  0.3136500000000E+02  0.6520642E+00  0.2107613E-01 -0.3258778E-02  0.2287026E-02  0.1632351E-01 -0.7667562E-02
  0.3139833333333E+02  0.6527575E+00  0.2080124E-01 -0.3183833E-02  0.2248356E-02  0.1607183E-01 -0.7550576E-02
  0.3143166666667E+02  0.6534418E+00  0.2052682E-01 -0.3110170E-02  0.2209909E-02  0.1582403E-01 -0.7433970E-02
  0.3146500000000E+02  0.6541169E+00  0.2025300E-01 -0.3037780E-02  0.2171703E-02  0.1558010E-01 -0.7317791E-02
  0.3149833333333E+02  0.6547829E+00  0.1997992E-01 -0.2966654E-02  0.2133752E-02  0.1534003E-01 -0.7202078E-02
  0.3153166666667E+02  0.6554398E+00  0.1970767E-01 -0.2896786E-02  0.2096066E-02  0.1510380E-01 -0.7086868E-02
  0.3156500000000E+02  0.6560877E+00  0.1943635E-01 -0.2828164E-02  0.2058649E-02  0.1487140E-01 -0.6972191E-02
  0.3159833333333E+02  0.6567265E+00  0.1916603E-01 -0.2760781E-02  0.2021502E-02  0.1464279E-01 -0.6858074E-02
  0.3163166666667E+02  0.6573564E+00  0.1889678E-01 -0.2694627E-02  0.1984621E-02  0.1441798E-01 -0.6744539E-02
  0.3166500000000E+02  0.6579774E+00  0.1862866E-01 -0.2629693E-02  0.1948002E-02  0.1419692E-01 -0.6631603E-02
  0.3169833333333E+02  0.6585894E+00  0.1836169E-01 -0.2565972E-02  0.1911637E-02  0.1397961E-01 -0.6519282E-02
  0.3173166666667E+02  0.6591926E+00  0.1809591E-01 -0.2503455E-02  0.1875519E-02  0.1376603E-01 -0.6407586E-02
  0.3176500000000E+02  0.6597870E+00  0.1783134E-01 -0.2442133E-02  0.1839640E-02  0.1355614E-01 -0.6296523E-02
  0.3179833333333E+02  0.6603726E+00  0.1756801E-01 -0.2382000E-02  0.1803992E-02  0.1334994E-01 -0.6186098E-02
  0.3183166666667E+02  0.6609495E+00  0.1730591E-01 -0.2323048E-02  0.1768570E-02  0.1314740E-01 -0.6076316E-02
  0.3186500000000E+02  0.6615176E+00  0.1704507E-01 -0.2265269E-02  0.1733369E-02  0.1294849E-01 -0.5967179E-02
  0.3189833333333E+02  0.6620772E+00  0.1678550E-01 -0.2208656E-02  0.1698388E-02  0.1275320E-01 -0.5858692E-02
  0.3193166666667E+02  0.6626281E+00  0.1652722E-01 -0.2153202E-02  0.1663625E-02  0.1256151E-01 -0.5750858E-02
  0.3196500000000E+02  0.6631704E+00  0.1627025E-01 -0.2098899E-02  0.1629083E-02  0.1237338E-01 -0.5643684E-02
  0.3199833333333E+02  0.6637042E+00  0.1601463E-01 -0.2045740E-02  0.1594766E-02  0.1218881E-01 -0.5537177E-02
  0.3203166666667E+02  0.6642296E+00  0.1576039E-01 -0.1993718E-02  0.1560678E-02  0.1200777E-01 -0.5431347E-02
  0.3206500000000E+02  0.6647465E+00  0.1550758E-01 -0.1942823E-02  0.1526827E-02  0.1183023E-01 -0.5326208E-02
  0.3209833333333E+02  0.6652550E+00  0.1525627E-01 -0.1893049E-02  0.1493220E-02  0.1165617E-01 -0.5221775E-02
  0.3213166666667E+02  0.6657553E+00  0.1500650E-01 -0.1844387E-02  0.1459866E-02  0.1148556E-01 -0.5118067E-02
  0.3216500000000E+02  0.6662472E+00  0.1475835E-01 -0.1796828E-02  0.1426773E-02  0.1131839E-01 -0.5015104E-02
  0.3219833333333E+02  0.6667309E+00  0.1451191E-01 -0.1750363E-02  0.1393951E-02  0.1115463E-01 -0.4912908E-02
  0.3223166666667E+02  0.6672065E+00  0.1426723E-01 -0.1704983E-02  0.1361408E-02  0.1099425E-01 -0.4811503E-02
  0.3226500000000E+02  0.6676740E+00  0.1402441E-01 -0.1660678E-02  0.1329153E-02  0.1083722E-01 -0.4710914E-02
  0.3229833333333E+02  0.6681334E+00  0.1378352E-01 -0.1617438E-02  0.1297195E-02  0.1068351E-01 -0.4611165E-02
  0.3233166666667E+02  0.6685849E+00  0.1354466E-01 -0.1575253E-02  0.1265542E-02  0.1053310E-01 -0.4512282E-02
  0.3236500000000E+02  0.6690285E+00  0.1330788E-01 -0.1534113E-02  0.1234201E-02  0.1038596E-01 -0.4414289E-02
  0.3239833333333E+02  0.6694643E+00  0.1307328E-01 -0.1494007E-02  0.1203181E-02  0.1024205E-01 -0.4317212E-02
  0.3243166666667E+02  0.6698923E+00  0.1284093E-01 -0.1454924E-02  0.1172487E-02  0.1010135E-01 -0.4221073E-02
  0.3246500000000E+02  0.6703127E+00  0.1261088E-01 -0.1416853E-02  0.1142128E-02  0.9963819E-02 -0.4125893E-02
  0.3249833333333E+02  0.6707255E+00  0.1238321E-01 -0.1379783E-02  0.1112110E-02  0.9829429E-02 -0.4031694E-02
  0.3253166666667E+02  0.6711307E+00  0.1215797E-01 -0.1343701E-02  0.1082438E-02  0.9698146E-02 -0.3938495E-02
  0.3256500000000E+02  0.6715286E+00  0.1193521E-01 -0.1308597E-02  0.1053119E-02  0.9569935E-02 -0.3846314E-02
  0.3259833333333E+02  0.6719191E+00  0.1171499E-01 -0.1274459E-02  0.1024157E-02  0.9444763E-02 -0.3755166E-02
  0.3263166666667E+02  0.6723023E+00  0.1149733E-01 -0.1241274E-02  0.9955585E-03  0.9322594E-02 -0.3665066E-02
  0.3266500000000E+02  0.6726784E+00  0.1128229E-01 -0.1209029E-02  0.9673279E-03  0.9203393E-02 -0.3576028E-02
  0.3269833333333E+02  0.6730474E+00  0.1106989E-01 -0.1177714E-02  0.9394698E-03  0.9087125E-02 -0.3488063E-02
  0.3273166666667E+02  0.6734094E+00  0.1086017E-01 -0.1147314E-02  0.9119886E-03  0.8973752E-02 -0.3401182E-02
  0.3276500000000E+02  0.6737645E+00  0.1065313E-01 -0.1117818E-02  0.8848883E-03  0.8863239E-02 -0.3315396E-02
  0.3279833333333E+02  0.6741128E+00  0.1044882E-01 -0.1089212E-02  0.8581728E-03  0.8755548E-02 -0.3230712E-02
  0.3283166666667E+02  0.6744544E+00  0.1024723E-01 -0.1061484E-02  0.8318457E-03  0.8650644E-02 -0.3147140E-02
  0.3286500000000E+02  0.6747893E+00  0.1004840E-01 -0.1034620E-02  0.8059107E-03  0.8548487E-02 -0.3064686E-02
  0.3289833333333E+02  0.6751177E+00  0.9852334E-02 -0.1008608E-02  0.7803709E-03  0.8449042E-02 -0.2983359E-02
  0.3293166666667E+02  0.6754397E+00  0.9659044E-02 -0.9834335E-03  0.7552297E-03  0.8352270E-02 -0.2903164E-02
  0.3296500000000E+02  0.6757553E+00  0.9468542E-02 -0.9590838E-03  0.7304899E-03  0.8258133E-02 -0.2824109E-02
  0.3299833333333E+02  0.6760647E+00  0.9280837E-02 -0.9355453E-03  0.7061546E-03  0.8166593E-02 -0.2746199E-02
  0.3303166666667E+02  0.6763679E+00  0.9095940E-02 -0.9128045E-03  0.6822265E-03  0.8077612E-02 -0.2669441E-02
  0.3306500000000E+02  0.6766650E+00  0.8913858E-02 -0.8908475E-03  0.6587085E-03  0.7991150E-02 -0.2593841E-02
  0.3309833333333E+02  0.6769561E+00  0.8734600E-02 -0.8696607E-03  0.6356031E-03  0.7907170E-02 -0.2519406E-02
  0.3313166666667E+02  0.6772414E+00  0.8558173E-02 -0.8492303E-03  0.6129131E-03  0.7825632E-02 -0.2446140E-02
  0.3316500000000E+02  0.6775209E+00  0.8384585E-02 -0.8295423E-03  0.5906409E-03  0.7746497E-02 -0.2374051E-02
  0.3319833333333E+02  0.6777947E+00  0.8213842E-02 -0.8105826E-03  0.5687891E-03  0.7669726E-02 -0.2303144E-02
  0.3323166666667E+02  0.6780629E+00  0.8045953E-02 -0.7923373E-03  0.5473601E-03  0.7595278E-02 -0.2233426E-02
  0.3326500000000E+02  0.6783256E+00  0.7880925E-02 -0.7747921E-03  0.5263564E-03  0.7523115E-02 -0.2164903E-02
  0.3329833333333E+02  0.6785829E+00  0.7718764E-02 -0.7579328E-03  0.5057803E-03  0.7453195E-02 -0.2097581E-02
  0.3333166666667E+02  0.6788349E+00  0.7559477E-02 -0.7417449E-03  0.4856341E-03  0.7385480E-02 -0.2031468E-02
  0.3336500000000E+02  0.6790816E+00  0.7403072E-02 -0.7262143E-03  0.4659202E-03  0.7319927E-02 -0.1966568E-02
  0.3339833333333E+02  0.6793233E+00  0.7249556E-02 -0.7113262E-03  0.4466407E-03  0.7256498E-02 -0.1902889E-02
  0.3343166666667E+02  0.6795599E+00  0.7098935E-02 -0.6970663E-03  0.4277978E-03  0.7195150E-02 -0.1840436E-02
  0.3346500000000E+02  0.6797916E+00  0.6951216E-02 -0.6834199E-03  0.4093936E-03  0.7135843E-02 -0.1779217E-02
  0.3349833333333E+02  0.6800185E+00  0.6806406E-02 -0.6703722E-03  0.3914301E-03  0.7078535E-02 -0.1719237E-02
  0.3353166666667E+02  0.6802407E+00  0.6664510E-02 -0.6579086E-03  0.3739091E-03  0.7023185E-02 -0.1660502E-02
  0.3356500000000E+02  0.6804582E+00  0.6525535E-02 -0.6460141E-03  0.3568323E-03  0.6969751E-02 -0.1603018E-02
  0.3359833333333E+02  0.6806712E+00  0.6389487E-02 -0.6346741E-03  0.3402014E-03  0.6918191E-02 -0.1546790E-02
  0.3363166666667E+02  0.6808797E+00  0.6256369E-02 -0.6238735E-03  0.3240178E-03  0.6868464E-02 -0.1491825E-02
  0.3366500000000E+02  0.6810839E+00  0.6126187E-02 -0.6135974E-03  0.3082827E-03  0.6820526E-02 -0.1438126E-02
  0.3369833333333E+02  0.6812839E+00  0.5998944E-02 -0.6038309E-03  0.2929971E-03  0.6774336E-02 -0.1385699E-02
  0.3373166666667E+02  0.6814797E+00  0.5874644E-02 -0.5945588E-03  0.2781617E-03  0.6729851E-02 -0.1334547E-02
  0.3376500000000E+02  0.6816715E+00  0.5753288E-02 -0.5857662E-03  0.2637770E-03  0.6687029E-02 -0.1284674E-02
  0.3379833333333E+02  0.6818593E+00  0.5634877E-02 -0.5774381E-03  0.2498431E-03  0.6645826E-02 -0.1236083E-02
  0.3383166666667E+02  0.6820433E+00  0.5519411E-02 -0.5695595E-03  0.2363599E-03  0.6606200E-02 -0.1188777E-02
  0.3386500000000E+02  0.6822235E+00  0.5406890E-02 -0.5621152E-03  0.2233267E-03  0.6568108E-02 -0.1142757E-02
  0.3389833333333E+02  0.6824001E+00  0.5297309E-02 -0.5550905E-03  0.2107426E-03  0.6531507E-02 -0.1098023E-02
  0.3393166666667E+02  0.6825731E+00  0.5190664E-02 -0.5484703E-03  0.1986060E-03  0.6496355E-02 -0.1054575E-02
  0.3396500000000E+02  0.6827427E+00  0.5086950E-02 -0.5422398E-03  0.1869151E-03  0.6462608E-02 -0.1012412E-02
  0.3399833333333E+02  0.6829089E+00  0.4986157E-02 -0.5363842E-03  0.1756674E-03  0.6430223E-02 -0.9715317E-03
  0.3403166666667E+02  0.6830718E+00  0.4888274E-02 -0.5308889E-03  0.1648599E-03  0.6399159E-02 -0.9319304E-03
  0.3406500000000E+02  0.6832316E+00  0.4793290E-02 -0.5257392E-03  0.1544890E-03  0.6369372E-02 -0.8936033E-03
  0.3409833333333E+02  0.6833883E+00  0.4701189E-02 -0.5209209E-03  0.1445507E-03  0.6340821E-02 -0.8565439E-03
  0.3413166666667E+02  0.6835420E+00  0.4611952E-02 -0.5164195E-03  0.1350401E-03  0.6313463E-02 -0.8207446E-03
  0.3416500000000E+02  0.6836929E+00  0.4525558E-02 -0.5122212E-03  0.1259518E-03  0.6287256E-02 -0.7861960E-03
  0.3419833333333E+02  0.6838410E+00  0.4441984E-02 -0.5083118E-03  0.1172797E-03  0.6262160E-02 -0.7528872E-03
  0.3423166666667E+02  0.6839863E+00  0.4361201E-02 -0.5046779E-03  0.1090173E-03  0.6238133E-02 -0.7208055E-03
  0.3426500000000E+02  0.6841291E+00  0.4283180E-02 -0.5013060E-03  0.1011570E-03  0.6215135E-02 -0.6899365E-03
  0.3429833333333E+02  0.6842694E+00  0.4207884E-02 -0.4981830E-03  0.9369089E-04  0.6193126E-02 -0.6602640E-03
  0.3433166666667E+02  0.6844072E+00  0.4135278E-02 -0.4952960E-03  0.8661031E-04  0.6172067E-02 -0.6317699E-03
  0.3436500000000E+02  0.6845427E+00  0.4065318E-02 -0.4926324E-03  0.7990599E-04  0.6151920E-02 -0.6044345E-03
  0.3439833333333E+02  0.6846760E+00  0.3997960E-02 -0.4901802E-03  0.7356808E-04  0.6132645E-02 -0.5782359E-03
  0.3443166666667E+02  0.6848071E+00  0.3933155E-02 -0.4879273E-03  0.6758618E-04  0.6114207E-02 -0.5531507E-03
  0.3446500000000E+02  0.6849361E+00  0.3870850E-02 -0.4858623E-03  0.6194937E-04  0.6096568E-02 -0.5291538E-03
  0.3449833333333E+02  0.6850632E+00  0.3810989E-02 -0.4839741E-03  0.5664629E-04  0.6079694E-02 -0.5062182E-03
  0.3453166666667E+02  0.6851883E+00  0.3753512E-02 -0.4822519E-03  0.5166518E-04  0.6063550E-02 -0.4843157E-03
  0.3456500000000E+02  0.6853116E+00  0.3698357E-02 -0.4806855E-03  0.4699394E-04  0.6048103E-02 -0.4634163E-03
  0.3459833333333E+02  0.6854331E+00  0.3645458E-02 -0.4792648E-03  0.4262021E-04  0.6033320E-02 -0.4434890E-03
  0.3463166666667E+02  0.6855529E+00  0.3594749E-02 -0.4779804E-03  0.3853143E-04  0.6019170E-02 -0.4245017E-03
  0.3466500000000E+02  0.6856711E+00  0.3546158E-02 -0.4768233E-03  0.3471493E-04  0.6005623E-02 -0.4064213E-03
  0.3469833333333E+02  0.6857878E+00  0.3499614E-02 -0.4757847E-03  0.3115798E-04  0.5992649E-02 -0.3892138E-03
  0.3473166666667E+02  0.6859029E+00  0.3455044E-02 -0.4748564E-03  0.2784789E-04  0.5980221E-02 -0.3728452E-03
  0.3476500000000E+02  0.6860167E+00  0.3412373E-02 -0.4740307E-03  0.2477205E-04  0.5968312E-02 -0.3572806E-03
  0.3479833333333E+02  0.6861290E+00  0.3371528E-02 -0.4733001E-03  0.2191804E-04  0.5956895E-02 -0.3424854E-03
  0.3483166666667E+02  0.6862401E+00  0.3332432E-02 -0.4726576E-03  0.1927365E-04  0.5945948E-02 -0.3284249E-03
  0.3486500000000E+02  0.6863500E+00  0.3295013E-02 -0.4720967E-03  0.1682695E-04  0.5935446E-02 -0.3150648E-03
  0.3489833333333E+02  0.6864586E+00  0.3259196E-02 -0.4716112E-03  0.1456635E-04  0.5925367E-02 -0.3023712E-03
  0.3493166666667E+02  0.6865661E+00  0.3224909E-02 -0.4711951E-03  0.1248065E-04  0.5915690E-02 -0.2903110E-03
  0.3496500000000E+02  0.6866725E+00  0.3192081E-02 -0.4708432E-03  0.1055903E-04  0.5906395E-02 -0.2788516E-03
  0.3499833333333E+02  0.6867779E+00  0.3160643E-02 -0.4705501E-03  0.8791132E-05  0.5897462E-02 -0.2679615E-03
  0.3503166666667E+02  0.6868822E+00  0.3130526E-02 -0.4703112E-03  0.7167049E-05  0.5888875E-02 -0.2576102E-03
  0.3506500000000E+02  0.6869856E+00  0.3101666E-02 -0.4701220E-03  0.5677341E-05  0.5880617E-02 -0.2477683E-03
  0.3509833333333E+02  0.6870881E+00  0.3074000E-02 -0.4699782E-03  0.4313051E-05  0.5872670E-02 -0.2384075E-03
  0.3513166666667E+02  0.6871896E+00  0.3047468E-02 -0.4698760E-03  0.3065699E-05  0.5865020E-02 -0.2295006E-03
  0.3516500000000E+02  0.6872904E+00  0.3022012E-02 -0.4698118E-03  0.1927282E-05  0.5857652E-02 -0.2210220E-03
  0.3519833333333E+02  0.6873903E+00  0.2997577E-02 -0.4697821E-03  0.8902639E-06  0.5850554E-02 -0.2129470E-03
  0.3523166666667E+02  0.6874894E+00  0.2974109E-02 -0.4697839E-03 -0.5243320E-07  0.5843712E-02 -0.2052522E-03
  0.3526500000000E+02  0.6875878E+00  0.2951560E-02 -0.4698141E-03 -0.9074462E-06  0.5837115E-02 -0.1979157E-03
  0.3529833333333E+02  0.6876855E+00  0.2929881E-02 -0.4698701E-03 -0.1680986E-05  0.5830751E-02 -0.1909165E-03
  0.3533166666667E+02  0.6877825E+00  0.2909028E-02 -0.4699494E-03 -0.2378856E-05  0.5824610E-02 -0.1842348E-03
  0.3536500000000E+02  0.6878788E+00  0.2888959E-02 -0.4700497E-03 -0.3006471E-05  0.5818682E-02 -0.1778522E-03
  0.3539833333333E+02  0.6879744E+00  0.2869633E-02 -0.4701686E-03 -0.3568879E-05  0.5812957E-02 -0.1717512E-03
  0.3543166666667E+02  0.6880694E+00  0.2851012E-02 -0.4703043E-03 -0.4070777E-05  0.5807426E-02 -0.1659154E-03
  0.3546500000000E+02  0.6881639E+00  0.2833062E-02 -0.4704549E-03 -0.4516537E-05  0.5802082E-02 -0.1603294E-03
  0.3549833333333E+02  0.6882577E+00  0.2815748E-02 -0.4706185E-03 -0.4910223E-05  0.5796916E-02 -0.1549786E-03
  0.3553166666667E+02  0.6883510E+00  0.2799040E-02 -0.4707937E-03 -0.5255608E-05  0.5791921E-02 -0.1498497E-03
  0.3556500000000E+02  0.6884438E+00  0.2782908E-02 -0.4709789E-03 -0.5556198E-05  0.5787090E-02 -0.1449299E-03
  0.3559833333333E+02  0.6885360E+00  0.2767323E-02 -0.4711728E-03 -0.5815246E-05  0.5782416E-02 -0.1402074E-03
  0.3563166666667E+02  0.6886278E+00  0.2752260E-02 -0.4713740E-03 -0.6035772E-05  0.5777894E-02 -0.1356710E-03
  0.3566500000000E+02  0.6887190E+00  0.2737695E-02 -0.4715813E-03 -0.6220578E-05  0.5773517E-02 -0.1313103E-03
  0.3569833333333E+02  0.6888098E+00  0.2723604E-02 -0.4717937E-03 -0.6372262E-05  0.5769280E-02 -0.1271155E-03
  0.3573166666667E+02  0.6889002E+00  0.2709965E-02 -0.4720102E-03 -0.6493236E-05  0.5765177E-02 -0.1230777E-03
  0.3576500000000E+02  0.6889901E+00  0.2696759E-02 -0.4722297E-03 -0.6585737E-05  0.5761204E-02 -0.1191881E-03
  0.3579833333333E+02  0.6890795E+00  0.2683966E-02 -0.4724514E-03 -0.6651841E-05  0.5757356E-02 -0.1154389E-03
  0.3583166666667E+02  0.6891686E+00  0.2671569E-02 -0.4726745E-03 -0.6693474E-05  0.5753629E-02 -0.1118225E-03
  0.3586500000000E+02  0.6892572E+00  0.2659550E-02 -0.4728983E-03 -0.6712424E-05  0.5750018E-02 -0.1083320E-03
  0.3589833333333E+02  0.6893455E+00  0.2647893E-02 -0.4731220E-03 -0.6710351E-05  0.5746519E-02 -0.1049607E-03
  0.3593166666667E+02  0.6894334E+00  0.2636584E-02 -0.4733449E-03 -0.6688795E-05  0.5743129E-02 -0.1017026E-03
  0.3596500000000E+02  0.6895209E+00  0.2625608E-02 -0.4735666E-03 -0.6649189E-05  0.5739844E-02 -0.9855181E-04
  0.3599833333333E+02  0.6896081E+00  0.2614952E-02 -0.4737863E-03 -0.6592862E-05  0.5736660E-02 -0.9550297E-04
  0.3603166666667E+02  0.6896949E+00  0.2604604E-02 -0.4740037E-03 -0.6521049E-05  0.5733575E-02 -0.9255099E-04
  0.3606500000000E+02  0.6897814E+00  0.2594552E-02 -0.4742182E-03 -0.6434901E-05  0.5730586E-02 -0.8969110E-04
  0.3609833333333E+02  0.6898675E+00  0.2584784E-02 -0.4744294E-03 -0.6335485E-05  0.5727688E-02 -0.8691882E-04
  0.3613166666667E+02  0.6899534E+00  0.2575291E-02 -0.4746368E-03 -0.6223795E-05  0.5724881E-02 -0.8422994E-04
  0.3616500000000E+02  0.6900389E+00  0.2566062E-02 -0.4748402E-03 -0.6100755E-05  0.5722160E-02 -0.8162050E-04
  0.3619833333333E+02  0.6901241E+00  0.2557087E-02 -0.4750391E-03 -0.5967227E-05  0.5719524E-02 -0.7908677E-04
  0.3623166666667E+02  0.6902091E+00  0.2548359E-02 -0.4752332E-03 -0.5824011E-05  0.5716970E-02 -0.7662525E-04
  0.3626500000000E+02  0.6902937E+00  0.2539868E-02 -0.4754223E-03 -0.5671855E-05  0.5714495E-02 -0.7423264E-04
  0.3629833333333E+02  0.6903781E+00  0.2531606E-02 -0.4756060E-03 -0.5511453E-05  0.5712098E-02 -0.7190582E-04
  0.3633166666667E+02  0.6904622E+00  0.2523566E-02 -0.4757841E-03 -0.5343453E-05  0.5709777E-02 -0.6964186E-04
  0.3636500000000E+02  0.6905461E+00  0.2515741E-02 -0.4759564E-03 -0.5168459E-05  0.5707529E-02 -0.6743799E-04
  0.3639833333333E+02  0.6906297E+00  0.2508124E-02 -0.4761226E-03 -0.4987034E-05  0.5705353E-02 -0.6529159E-04
  0.3643166666667E+02  0.6907131E+00  0.2500707E-02 -0.4762826E-03 -0.4799704E-05  0.5703246E-02 -0.6320021E-04
  0.3646500000000E+02  0.6907962E+00  0.2493486E-02 -0.4764362E-03 -0.4606958E-05  0.5701207E-02 -0.6116149E-04
  0.3649833333333E+02  0.6908791E+00  0.2486455E-02 -0.4765832E-03 -0.4409253E-05  0.5699235E-02 -0.5917325E-04
  0.3653166666667E+02  0.6909617E+00  0.2479607E-02 -0.4767234E-03 -0.4207017E-05  0.5697327E-02 -0.5723338E-04
  0.3656500000000E+02  0.6910441E+00  0.2472937E-02 -0.4768568E-03 -0.4000647E-05  0.5695482E-02 -0.5533992E-04
  0.3659833333333E+02  0.6911264E+00  0.2466440E-02 -0.4769831E-03 -0.3790514E-05  0.5693699E-02 -0.5349099E-04
  0.3663166666667E+02  0.6912084E+00  0.2460112E-02 -0.4771023E-03 -0.3576967E-05  0.5691976E-02 -0.5168483E-04
  0.3666500000000E+02  0.6912902E+00  0.2453948E-02 -0.4772143E-03 -0.3360328E-05  0.5690313E-02 -0.4991974E-04
  0.3669833333333E+02  0.6913718E+00  0.2447943E-02 -0.4773190E-03 -0.3140902E-05  0.5688706E-02 -0.4819414E-04
  0.3673166666667E+02  0.6914532E+00  0.2442093E-02 -0.4774163E-03 -0.2918970E-05  0.5687156E-02 -0.4650650E-04
  0.3676500000000E+02  0.6915344E+00  0.2436394E-02 -0.4775062E-03 -0.2694796E-05  0.5685661E-02 -0.4485540E-04
  0.3679833333333E+02  0.6916154E+00  0.2430842E-02 -0.4775885E-03 -0.2468628E-05  0.5684219E-02 -0.4323945E-04
  0.3683166666667E+02  0.6916963E+00  0.2425433E-02 -0.4776631E-03 -0.2240696E-05  0.5682831E-02 -0.4165737E-04
  0.3686500000000E+02  0.6917769E+00  0.2420165E-02 -0.4777302E-03 -0.2011214E-05  0.5681494E-02 -0.4010792E-04
  0.3689833333333E+02  0.6918574E+00  0.2415033E-02 -0.4777895E-03 -0.1780384E-05  0.5680207E-02 -0.3858992E-04
  0.3693166666667E+02  0.6919378E+00  0.2410034E-02 -0.4778411E-03 -0.1548395E-05  0.5678971E-02 -0.3710225E-04
  0.3696500000000E+02  0.6920179E+00  0.2405166E-02 -0.4778850E-03 -0.1315420E-05  0.5677783E-02 -0.3564384E-04
  0.3699833333333E+02  0.6920980E+00  0.2400424E-02 -0.4779211E-03 -0.1081625E-05  0.5676642E-02 -0.3421367E-04
  0.3703166666667E+02  0.6921778E+00  0.2395807E-02 -0.4779493E-03 -0.8471608E-06  0.5675548E-02 -0.3281078E-04
  0.3706500000000E+02  0.6922575E+00  0.2391310E-02 -0.4779697E-03 -0.6121715E-06  0.5674501E-02 -0.3143423E-04
  0.3709833333333E+02  0.6923371E+00  0.2386933E-02 -0.4779823E-03 -0.3767901E-06  0.5673498E-02 -0.3008314E-04
  0.3713166666667E+02  0.6924165E+00  0.2382672E-02 -0.4779870E-03 -0.1411406E-06  0.5672539E-02 -0.2875667E-04
  0.3716500000000E+02  0.6924958E+00  0.2378524E-02 -0.4779838E-03  0.9466099E-07  0.5671624E-02 -0.2745402E-04
  0.3719833333333E+02  0.6925749E+00  0.2374488E-02 -0.4779728E-03  0.3305066E-06  0.5670752E-02 -0.2617440E-04
  0.3723166666667E+02  0.6926540E+00  0.2370560E-02 -0.4779539E-03  0.5662956E-06  0.5669921E-02 -0.2491707E-04
  0.3726500000000E+02  0.6927329E+00  0.2366740E-02 -0.4779272E-03  0.8019341E-06  0.5669132E-02 -0.2368135E-04
  0.3729833333333E+02  0.6928116E+00  0.2363024E-02 -0.4778926E-03  0.1037335E-05  0.5668383E-02 -0.2246653E-04
  0.3733166666667E+02  0.6928903E+00  0.2359410E-02 -0.4778502E-03  0.1272416E-05  0.5667674E-02 -0.2127199E-04
  0.3736500000000E+02  0.6929688E+00  0.2355897E-02 -0.4778000E-03  0.1507104E-05  0.5667004E-02 -0.2009708E-04
  0.3739833333333E+02  0.6930472E+00  0.2352482E-02 -0.4777419E-03  0.1741326E-05  0.5666373E-02 -0.1894123E-04
  0.3743166666667E+02  0.6931255E+00  0.2349164E-02 -0.4776761E-03  0.1975018E-05  0.5665779E-02 -0.1780386E-04
  0.3746500000000E+02  0.6932037E+00  0.2345941E-02 -0.4776025E-03  0.2208120E-05  0.5665223E-02 -0.1668442E-04
  0.3749833333333E+02  0.6932818E+00  0.2342811E-02 -0.4775211E-03  0.2440575E-05  0.5664704E-02 -0.1558238E-04
  0.3753166666667E+02  0.6933598E+00  0.2339773E-02 -0.4774320E-03  0.2672333E-05  0.5664220E-02 -0.1449724E-04
  0.3756500000000E+02  0.6934377E+00  0.2336824E-02 -0.4773353E-03  0.2903343E-05  0.5663773E-02 -0.1342850E-04
  0.3759833333333E+02  0.6935155E+00  0.2333964E-02 -0.4772308E-03  0.3133564E-05  0.5663360E-02 -0.1237571E-04
  0.3763166666667E+02  0.6935932E+00  0.2331190E-02 -0.4771187E-03  0.3362953E-05  0.5662982E-02 -0.1133842E-04
  0.3766500000000E+02  0.6936708E+00  0.2328502E-02 -0.4769990E-03  0.3591473E-05  0.5662638E-02 -0.1031618E-04
  0.3769833333333E+02  0.6937483E+00  0.2325897E-02 -0.4768717E-03  0.3819090E-05  0.5662328E-02 -0.9308585E-05
  0.3773166666667E+02  0.6938258E+00  0.2323375E-02 -0.4767368E-03  0.4045772E-05  0.5662051E-02 -0.8315233E-05
  0.3776500000000E+02  0.6939032E+00  0.2320934E-02 -0.4765944E-03  0.4271490E-05  0.5661806E-02 -0.7335734E-05
  0.3779833333333E+02  0.6939804E+00  0.2318572E-02 -0.4764446E-03  0.4496218E-05  0.5661594E-02 -0.6369718E-05
  0.3783166666667E+02  0.6940577E+00  0.2316289E-02 -0.4762872E-03  0.4719932E-05  0.5661413E-02 -0.5416824E-05
  0.3786500000000E+02  0.6941348E+00  0.2314083E-02 -0.4761225E-03  0.4942610E-05  0.5661264E-02 -0.4476704E-05
  0.3789833333333E+02  0.6942119E+00  0.2311953E-02 -0.4759503E-03  0.5164233E-05  0.5661146E-02 -0.3549024E-05
  0.3793166666667E+02  0.6942889E+00  0.2309897E-02 -0.4757709E-03  0.5384782E-05  0.5661058E-02 -0.2633461E-05
  0.3796500000000E+02  0.6943658E+00  0.2307916E-02 -0.4755840E-03  0.5604243E-05  0.5661000E-02 -0.1729702E-05
  0.3799833333333E+02  0.6944426E+00  0.2306007E-02 -0.4753900E-03  0.5822601E-05  0.5660973E-02 -0.8374443E-06
  0.3803166666667E+02  0.6945195E+00  0.2304169E-02 -0.4751886E-03  0.6039844E-05  0.5660974E-02  0.4360328E-07
  0.3806500000000E+02  0.6945962E+00  0.2302402E-02 -0.4749801E-03  0.6255962E-05  0.5661004E-02  0.9137234E-06
  0.3809833333333E+02  0.6946729E+00  0.2300705E-02 -0.4747644E-03  0.6470944E-05  0.5661064E-02  0.1773189E-05
  0.3813166666667E+02  0.6947495E+00  0.2299076E-02 -0.4745416E-03  0.6684784E-05  0.5661151E-02  0.2622266E-05
  0.3816500000000E+02  0.6948261E+00  0.2297514E-02 -0.4743117E-03  0.6897474E-05  0.5661266E-02  0.3461209E-05
  0.3819833333333E+02  0.6949026E+00  0.2296019E-02 -0.4740747E-03  0.7109009E-05  0.5661409E-02  0.4290267E-05
  0.3823166666667E+02  0.6949791E+00  0.2294589E-02 -0.4738307E-03  0.7319385E-05  0.5661580E-02  0.5109680E-05
  0.3826500000000E+02  0.6950556E+00  0.2293225E-02 -0.4735798E-03  0.7528599E-05  0.5661777E-02  0.5919682E-05
  0.3829833333333E+02  0.6951320E+00  0.2291924E-02 -0.4733219E-03  0.7736649E-05  0.5662001E-02  0.6720498E-05
  0.3833166666667E+02  0.6952083E+00  0.2290686E-02 -0.4730571E-03  0.7943533E-05  0.5662251E-02  0.7512348E-05
  0.3836500000000E+02  0.6952846E+00  0.2289510E-02 -0.4727854E-03  0.8149252E-05  0.5662528E-02  0.8295446E-05
  0.3839833333333E+02  0.6953609E+00  0.2288396E-02 -0.4725070E-03  0.8353806E-05  0.5662830E-02  0.9069997E-05
  0.3843166666667E+02  0.6954372E+00  0.2287343E-02 -0.4722217E-03  0.8557196E-05  0.5663158E-02  0.9836203E-05
  0.3846500000000E+02  0.6955134E+00  0.2286349E-02 -0.4719298E-03  0.8759424E-05  0.5663511E-02  0.1059426E-04
  0.3849833333333E+02  0.6955896E+00  0.2285414E-02 -0.4716311E-03  0.8960494E-05  0.5663889E-02  0.1134436E-04
  0.3853166666667E+02  0.6956657E+00  0.2284538E-02 -0.4713257E-03  0.9160408E-05  0.5664292E-02  0.1208667E-04
  0.3856500000000E+02  0.6957418E+00  0.2283720E-02 -0.4710138E-03  0.9359172E-05  0.5664720E-02  0.1282140E-04
  0.3859833333333E+02  0.6958179E+00  0.2282959E-02 -0.4706952E-03  0.9556788E-05  0.5665171E-02  0.1354870E-04
  0.3863166666667E+02  0.6958940E+00  0.2282254E-02 -0.4703701E-03  0.9753264E-05  0.5665647E-02  0.1426875E-04
  0.3866500000000E+02  0.6959701E+00  0.2281605E-02 -0.4700385E-03  0.9948604E-05  0.5666146E-02  0.1498172E-04
  0.3869833333333E+02  0.6960461E+00  0.2281010E-02 -0.4697004E-03  0.1014282E-04  0.5666669E-02  0.1568775E-04
  0.3873166666667E+02  0.6961221E+00  0.2280471E-02 -0.4693559E-03  0.1033590E-04  0.5667216E-02  0.1638703E-04
  0.3876500000000E+02  0.6961981E+00  0.2279985E-02 -0.4690049E-03  0.1052788E-04  0.5667785E-02  0.1707968E-04
  0.3879833333333E+02  0.6962741E+00  0.2279552E-02 -0.4686476E-03  0.1071874E-04  0.5668377E-02  0.1776587E-04
  0.3883166666667E+02  0.6963501E+00  0.2279173E-02 -0.4682840E-03  0.1090850E-04  0.5668992E-02  0.1844575E-04
  0.3886500000000E+02  0.6964260E+00  0.2278845E-02 -0.4679141E-03  0.1109718E-04  0.5669629E-02  0.1911944E-04
  0.3889833333333E+02  0.6965020E+00  0.2278569E-02 -0.4675379E-03  0.1128477E-04  0.5670289E-02  0.1978710E-04
  0.3893166666667E+02  0.6965779E+00  0.2278343E-02 -0.4671556E-03  0.1147128E-04  0.5670970E-02  0.2044885E-04
  0.3896500000000E+02  0.6966539E+00  0.2278169E-02 -0.4667670E-03  0.1165673E-04  0.5671674E-02  0.2110483E-04
  0.3899833333333E+02  0.6967298E+00  0.2278044E-02 -0.4663723E-03  0.1184112E-04  0.5672399E-02  0.2175518E-04
  0.3903166666667E+02  0.6968057E+00  0.2277969E-02 -0.4659715E-03  0.1202446E-04  0.5673146E-02  0.2240000E-04
  0.3906500000000E+02  0.6968817E+00  0.2277943E-02 -0.4655646E-03  0.1220677E-04  0.5673914E-02  0.2303944E-04
  0.3909833333333E+02  0.6969576E+00  0.2277965E-02 -0.4651517E-03  0.1238805E-04  0.5674703E-02  0.2367360E-04
  0.3913166666667E+02  0.6970335E+00  0.2278036E-02 -0.4647327E-03  0.1256831E-04  0.5675513E-02  0.2430261E-04
  0.3916500000000E+02  0.6971095E+00  0.2278154E-02 -0.4643078E-03  0.1274757E-04  0.5676344E-02  0.2492658E-04
  0.3919833333333E+02  0.6971854E+00  0.2278319E-02 -0.4638769E-03  0.1292583E-04  0.5677195E-02  0.2554563E-04
  0.3923166666667E+02  0.6972614E+00  0.2278531E-02 -0.4634402E-03  0.1310310E-04  0.5678067E-02  0.2615987E-04
  0.3926500000000E+02  0.6973373E+00  0.2278789E-02 -0.4629975E-03  0.1327940E-04  0.5678960E-02  0.2676940E-04
  0.3929833333333E+02  0.6974133E+00  0.2279094E-02 -0.4625490E-03  0.1345474E-04  0.5679872E-02  0.2737434E-04
  0.3933166666667E+02  0.6974893E+00  0.2279443E-02 -0.4620947E-03  0.1362912E-04  0.5680805E-02  0.2797478E-04
  0.3936500000000E+02  0.6975653E+00  0.2279838E-02 -0.4616346E-03  0.1380256E-04  0.5681757E-02  0.2857082E-04
  0.3939833333333E+02  0.6976413E+00  0.2280278E-02 -0.4611688E-03  0.1397507E-04  0.5682729E-02  0.2916258E-04
  0.3943166666667E+02  0.6977173E+00  0.2280762E-02 -0.4606973E-03  0.1414667E-04  0.5683721E-02  0.2975014E-04
  0.3946500000000E+02  0.6977933E+00  0.2281290E-02 -0.4602200E-03  0.1431735E-04  0.5684732E-02  0.3033361E-04
  0.3949833333333E+02  0.6978694E+00  0.2281862E-02 -0.4597371E-03  0.1448714E-04  0.5685762E-02  0.3091307E-04
  0.3953166666667E+02  0.6979455E+00  0.2282476E-02 -0.4592486E-03  0.1465604E-04  0.5686812E-02  0.3148862E-04
  0.3956500000000E+02  0.6980216E+00  0.2283134E-02 -0.4587544E-03  0.1482407E-04  0.5687881E-02  0.3206035E-04
  0.3959833333333E+02  0.6980977E+00  0.2283835E-02 -0.4582547E-03  0.1499124E-04  0.5688968E-02  0.3262836E-04
  0.3963166666667E+02  0.6981739E+00  0.2284578E-02 -0.4577495E-03  0.1515756E-04  0.5690075E-02  0.3319272E-04
  0.3966500000000E+02  0.6982501E+00  0.2285363E-02 -0.4572387E-03  0.1532304E-04  0.5691200E-02  0.3375353E-04
  0.3969833333333E+02  0.6983263E+00  0.2286189E-02 -0.4567225E-03  0.1548770E-04  0.5692343E-02  0.3431086E-04
  0.3973166666667E+02  0.6984025E+00  0.2287057E-02 -0.4562007E-03  0.1565154E-04  0.5693506E-02  0.3486481E-04
  0.3976500000000E+02  0.6984788E+00  0.2287966E-02 -0.4556736E-03  0.1581458E-04  0.5694686E-02  0.3541546E-04
  0.3979833333333E+02  0.6985551E+00  0.2288916E-02 -0.4551410E-03  0.1597683E-04  0.5695885E-02  0.3596287E-04
  0.3983166666667E+02  0.6986314E+00  0.2289906E-02 -0.4546031E-03  0.1613830E-04  0.5697102E-02  0.3650715E-04
  0.3986500000000E+02  0.6987078E+00  0.2290937E-02 -0.4540598E-03  0.1629901E-04  0.5698337E-02  0.3704836E-04
  0.3989833333333E+02  0.6987842E+00  0.2292008E-02 -0.4535111E-03  0.1645896E-04  0.5699590E-02  0.3758657E-04
  0.3993166666667E+02  0.6988606E+00  0.2293118E-02 -0.4529572E-03  0.1661817E-04  0.5700860E-02  0.3812187E-04
  0.3996500000000E+02  0.6989371E+00  0.2294268E-02 -0.4523980E-03  0.1677664E-04  0.5702149E-02  0.3865433E-04
  0.3999833333333E+02  0.6990136E+00  0.2295457E-02 -0.4518335E-03  0.1693440E-04  0.5703455E-02  0.3918403E-04
  0.4003166666667E+02  0.6990901E+00  0.2296685E-02 -0.4512638E-03  0.1709145E-04  0.5704779E-02  0.3971102E-04
  0.4006500000000E+02  0.6991667E+00  0.2297953E-02 -0.4506889E-03  0.1724781E-04  0.5706120E-02  0.4023540E-04
  0.4009833333333E+02  0.6992434E+00  0.2299258E-02 -0.4501087E-03  0.1740348E-04  0.5707478E-02  0.4075722E-04
  0.4013166666667E+02  0.6993201E+00  0.2300602E-02 -0.4495235E-03  0.1755849E-04  0.5708854E-02  0.4127655E-04
  0.4016500000000E+02  0.6993968E+00  0.2301985E-02 -0.4489330E-03  0.1771283E-04  0.5710247E-02  0.4179347E-04
  0.4019833333333E+02  0.6994736E+00  0.2303405E-02 -0.4483375E-03  0.1786653E-04  0.5711658E-02  0.4230804E-04
  0.4023166666667E+02  0.6995504E+00  0.2304863E-02 -0.4477368E-03  0.1801959E-04  0.5713085E-02  0.4282032E-04
  0.4026500000000E+02  0.6996273E+00  0.2306358E-02 -0.4471311E-03  0.1817203E-04  0.5714529E-02  0.4333039E-04
  0.4029833333333E+02  0.6997042E+00  0.2307891E-02 -0.4465203E-03  0.1832386E-04  0.5715991E-02  0.4383830E-04
  0.4033166666667E+02  0.6997812E+00  0.2309462E-02 -0.4459045E-03  0.1847509E-04  0.5717469E-02  0.4434412E-04
  0.4036500000000E+02  0.6998582E+00  0.2311069E-02 -0.4452836E-03  0.1862573E-04  0.5718964E-02  0.4484791E-04
  0.4039833333333E+02  0.6999353E+00  0.2312713E-02 -0.4446577E-03  0.1877580E-04  0.5720475E-02  0.4534973E-04
  0.4043166666667E+02  0.7000125E+00  0.2314394E-02 -0.4440269E-03  0.1892530E-04  0.5722004E-02  0.4584965E-04
  0.4046500000000E+02  0.7000897E+00  0.2316111E-02 -0.4433911E-03  0.1907425E-04  0.5723549E-02  0.4634772E-04
  0.4049833333333E+02  0.7001669E+00  0.2317865E-02 -0.4427503E-03  0.1922266E-04  0.5725110E-02  0.4684400E-04
  0.4053166666667E+02  0.7002443E+00  0.2319655E-02 -0.4421047E-03  0.1937055E-04  0.5726688E-02  0.4733856E-04
  0.4056500000000E+02  0.7003216E+00  0.2321482E-02 -0.4414541E-03  0.1951792E-04  0.5728282E-02  0.4783144E-04
  0.4059833333333E+02  0.7003991E+00  0.2323344E-02 -0.4407986E-03  0.1966478E-04  0.5729893E-02  0.4832272E-04
  0.4063166666667E+02  0.7004766E+00  0.2325242E-02 -0.4401382E-03  0.1981115E-04  0.5731520E-02  0.4881243E-04
  0.4066500000000E+02  0.7005542E+00  0.2327176E-02 -0.4394730E-03  0.1995704E-04  0.5733164E-02  0.4930065E-04
  0.4069833333333E+02  0.7006318E+00  0.2329146E-02 -0.4388029E-03  0.2010247E-04  0.5734823E-02  0.4978742E-04
  0.4073166666667E+02  0.7007095E+00  0.2331151E-02 -0.4381280E-03  0.2024743E-04  0.5736499E-02  0.5027279E-04
  0.4076500000000E+02  0.7007873E+00  0.2333191E-02 -0.4374482E-03  0.2039195E-04  0.5738191E-02  0.5075683E-04
  0.4079833333333E+02  0.7008651E+00  0.2335267E-02 -0.4367637E-03  0.2053604E-04  0.5739899E-02  0.5123958E-04
  0.4083166666667E+02  0.7009430E+00  0.2337378E-02 -0.4360744E-03  0.2067971E-04  0.5741623E-02  0.5172110E-04
  0.4086500000000E+02  0.7010210E+00  0.2339524E-02 -0.4353803E-03  0.2082296E-04  0.5743363E-02  0.5220144E-04
  0.4089833333333E+02  0.7010991E+00  0.2341705E-02 -0.4346814E-03  0.2096582E-04  0.5745119E-02  0.5268065E-04
  0.4093166666667E+02  0.7011772E+00  0.2343922E-02 -0.4339778E-03  0.2110829E-04  0.5746891E-02  0.5315878E-04
  0.4096500000000E+02  0.7012554E+00  0.2346173E-02 -0.4332695E-03  0.2125039E-04  0.5748679E-02  0.5363588E-04
  0.4099833333333E+02  0.7013337E+00  0.2348459E-02 -0.4325564E-03  0.2139212E-04  0.5750482E-02  0.5411200E-04
  0.4103166666667E+02  0.7014121E+00  0.2350779E-02 -0.4318386E-03  0.2153350E-04  0.5752302E-02  0.5458719E-04
  0.4106500000000E+02  0.7014905E+00  0.2353134E-02 -0.4311161E-03  0.2167455E-04  0.5754137E-02  0.5506150E-04
  0.4109833333333E+02  0.7015690E+00  0.2355524E-02 -0.4303889E-03  0.2181526E-04  0.5755989E-02  0.5553497E-04
  0.4113166666667E+02  0.7016476E+00  0.2357949E-02 -0.4296571E-03  0.2195566E-04  0.5757856E-02  0.5600765E-04
  0.4116500000000E+02  0.7017263E+00  0.2360407E-02 -0.4289206E-03  0.2209576E-04  0.5759738E-02  0.5647959E-04
  0.4119833333333E+02  0.7018051E+00  0.2362901E-02 -0.4281794E-03  0.2223556E-04  0.5761637E-02  0.5695083E-04
  0.4123166666667E+02  0.7018839E+00  0.2365429E-02 -0.4274335E-03  0.2237508E-04  0.5763551E-02  0.5742143E-04
  0.4126500000000E+02  0.7019628E+00  0.2367991E-02 -0.4266831E-03  0.2251433E-04  0.5765480E-02  0.5789142E-04
  0.4129833333333E+02  0.7020419E+00  0.2370587E-02 -0.4259280E-03  0.2265333E-04  0.5767426E-02  0.5836084E-04
  0.4133166666667E+02  0.7021210E+00  0.2373218E-02 -0.4251682E-03  0.2279207E-04  0.5769387E-02  0.5882975E-04
  0.4136500000000E+02  0.7022002E+00  0.2375883E-02 -0.4244039E-03  0.2293059E-04  0.5771363E-02  0.5929819E-04
  0.4139833333333E+02  0.7022794E+00  0.2378582E-02 -0.4236349E-03  0.2306888E-04  0.5773355E-02  0.5976619E-04
  0.4143166666667E+02  0.7023588E+00  0.2381316E-02 -0.4228613E-03  0.2320696E-04  0.5775363E-02  0.6023381E-04
  0.4146500000000E+02  0.7024383E+00  0.2384084E-02 -0.4220832E-03  0.2334484E-04  0.5777387E-02  0.6070108E-04
  0.4149833333333E+02  0.7025179E+00  0.2386886E-02 -0.4213004E-03  0.2348253E-04  0.5779426E-02  0.6116804E-04
  0.4153166666667E+02  0.7025975E+00  0.2389722E-02 -0.4205131E-03  0.2362005E-04  0.5781480E-02  0.6163474E-04
  0.4156500000000E+02  0.7026773E+00  0.2392592E-02 -0.4197212E-03  0.2375740E-04  0.5783550E-02  0.6210121E-04
  0.4159833333333E+02  0.7027571E+00  0.2395497E-02 -0.4189247E-03  0.2389460E-04  0.5785636E-02  0.6256750E-04
  0.4163166666667E+02  0.7028371E+00  0.2398436E-02 -0.4181236E-03  0.2403167E-04  0.5787737E-02  0.6303364E-04
  0.4166500000000E+02  0.7029171E+00  0.2401409E-02 -0.4173180E-03  0.2416860E-04  0.5789853E-02  0.6349968E-04
  0.4169833333333E+02  0.7029973E+00  0.2404417E-02 -0.4165078E-03  0.2430541E-04  0.5791986E-02  0.6396565E-04
  0.4173166666667E+02  0.7030775E+00  0.2407458E-02 -0.4156931E-03  0.2444212E-04  0.5794133E-02  0.6443159E-04
  0.4176500000000E+02  0.7031579E+00  0.2410534E-02 -0.4148738E-03  0.2457874E-04  0.5796297E-02  0.6489753E-04
  0.4179833333333E+02  0.7032383E+00  0.2413645E-02 -0.4140500E-03  0.2471527E-04  0.5798475E-02  0.6536352E-04
  0.4183166666667E+02  0.7033189E+00  0.2416789E-02 -0.4132216E-03  0.2485173E-04  0.5800670E-02  0.6582959E-04
  0.4186500000000E+02  0.7033995E+00  0.2419968E-02 -0.4123886E-03  0.2498814E-04  0.5802880E-02  0.6629578E-04
  0.4189833333333E+02  0.7034803E+00  0.2423182E-02 -0.4115511E-03  0.2512449E-04  0.5805105E-02  0.6676212E-04
  0.4193166666667E+02  0.7035612E+00  0.2426430E-02 -0.4107091E-03  0.2526082E-04  0.5807346E-02  0.6722864E-04
  0.4196500000000E+02  0.7036422E+00  0.2429712E-02 -0.4098626E-03  0.2539712E-04  0.5809602E-02  0.6769539E-04
  0.4199833333333E+02  0.7037233E+00  0.2433029E-02 -0.4090114E-03  0.2553341E-04  0.5811875E-02  0.6816239E-04
  0.4203166666667E+02  0.7038045E+00  0.2436381E-02 -0.4081558E-03  0.2566970E-04  0.5814162E-02  0.6862968E-04
  0.4206500000000E+02  0.7038858E+00  0.2439767E-02 -0.4072956E-03  0.2580600E-04  0.5816465E-02  0.6909730E-04
  0.4209833333333E+02  0.7039673E+00  0.2443188E-02 -0.4064308E-03  0.2594232E-04  0.5818784E-02  0.6956526E-04
  0.4213166666667E+02  0.7040488E+00  0.2446644E-02 -0.4055615E-03  0.2607869E-04  0.5821119E-02  0.7003362E-04
  0.4216500000000E+02  0.7041305E+00  0.2450135E-02 -0.4046877E-03  0.2621510E-04  0.5823469E-02  0.7050239E-04
  0.4219833333333E+02  0.7042123E+00  0.2453660E-02 -0.4038093E-03  0.2635157E-04  0.5825835E-02  0.7097161E-04
  0.4223166666667E+02  0.7042942E+00  0.2457221E-02 -0.4029264E-03  0.2648811E-04  0.5828216E-02  0.7144131E-04
  0.4226500000000E+02  0.7043762E+00  0.2460817E-02 -0.4020389E-03  0.2662473E-04  0.5830613E-02  0.7191153E-04
  0.4229833333333E+02  0.7044584E+00  0.2464447E-02 -0.4011468E-03  0.2676145E-04  0.5833026E-02  0.7238228E-04
  0.4233166666667E+02  0.7045406E+00  0.2468113E-02 -0.4002502E-03  0.2689828E-04  0.5835454E-02  0.7285360E-04
  0.4236500000000E+02  0.7046230E+00  0.2471815E-02 -0.3993491E-03  0.2703523E-04  0.5837898E-02  0.7332552E-04
  0.4239833333333E+02  0.7047055E+00  0.2475551E-02 -0.3984433E-03  0.2717231E-04  0.5840358E-02  0.7379806E-04
  0.4243166666667E+02  0.7047882E+00  0.2479324E-02 -0.3975330E-03  0.2730953E-04  0.5842834E-02  0.7427126E-04
  0.4246500000000E+02  0.7048710E+00  0.2483132E-02 -0.3966181E-03  0.2744691E-04  0.5845325E-02  0.7474514E-04
  0.4249833333333E+02  0.7049539E+00  0.2486975E-02 -0.3956986E-03  0.2758446E-04  0.5847833E-02  0.7521973E-04
  0.4253166666667E+02  0.7050369E+00  0.2490854E-02 -0.3947746E-03  0.2772218E-04  0.5850356E-02  0.7569505E-04
  0.4256500000000E+02  0.7051200E+00  0.2494770E-02 -0.3938459E-03  0.2786009E-04  0.5852895E-02  0.7617113E-04
  0.4259833333333E+02  0.7052033E+00  0.2498721E-02 -0.3929126E-03  0.2799821E-04  0.5855450E-02  0.7664800E-04
  0.4263166666667E+02  0.7052868E+00  0.2502708E-02 -0.3919747E-03  0.2813655E-04  0.5858021E-02  0.7712568E-04
  0.4266500000000E+02  0.7053703E+00  0.2506731E-02 -0.3910322E-03  0.2827510E-04  0.5860608E-02  0.7760419E-04
  0.4269833333333E+02  0.7054540E+00  0.2510791E-02 -0.3900851E-03  0.2841390E-04  0.5863210E-02  0.7808357E-04
  0.4273166666667E+02  0.7055378E+00  0.2514887E-02 -0.3891333E-03  0.2855295E-04  0.5865829E-02  0.7856382E-04
  0.4276500000000E+02  0.7056218E+00  0.2519020E-02 -0.3881769E-03  0.2869226E-04  0.5868464E-02  0.7904498E-04
  0.4279833333333E+02  0.7057059E+00  0.2523190E-02 -0.3872159E-03  0.2883185E-04  0.5871115E-02  0.7952707E-04
  0.4283166666667E+02  0.7057902E+00  0.2527396E-02 -0.3862501E-03  0.2897172E-04  0.5873782E-02  0.8001010E-04
  0.4286500000000E+02  0.7058745E+00  0.2531639E-02 -0.3852797E-03  0.2911189E-04  0.5876465E-02  0.8049411E-04
  0.4289833333333E+02  0.7059591E+00  0.2535919E-02 -0.3843047E-03  0.2925238E-04  0.5879164E-02  0.8097911E-04
  0.4293166666667E+02  0.7060437E+00  0.2540237E-02 -0.3833249E-03  0.2939318E-04  0.5881880E-02  0.8146513E-04
  0.4296500000000E+02  0.7061286E+00  0.2544592E-02 -0.3823404E-03  0.2953432E-04  0.5884612E-02  0.8195217E-04
  0.4299833333333E+02  0.7062135E+00  0.2548984E-02 -0.3813512E-03  0.2967580E-04  0.5887360E-02  0.8244027E-04
  0.4303166666667E+02  0.7062986E+00  0.2553414E-02 -0.3803573E-03  0.2981765E-04  0.5890124E-02  0.8292944E-04
  0.4306500000000E+02  0.7063839E+00  0.2557881E-02 -0.3793586E-03  0.2995986E-04  0.5892905E-02  0.8341970E-04
  0.4309833333333E+02  0.7064693E+00  0.2562387E-02 -0.3783552E-03  0.3010245E-04  0.5895702E-02  0.8391107E-04
  0.4313166666667E+02  0.7065549E+00  0.2566930E-02 -0.3773470E-03  0.3024544E-04  0.5898515E-02  0.8440357E-04
  0.4316500000000E+02  0.7066406E+00  0.2571512E-02 -0.3763341E-03  0.3038883E-04  0.5901345E-02  0.8489721E-04
  0.4319833333333E+02  0.7067265E+00  0.2576132E-02 -0.3753163E-03  0.3053264E-04  0.5904191E-02  0.8539202E-04
  0.4323166666667E+02  0.7068125E+00  0.2580790E-02 -0.3742938E-03  0.3067688E-04  0.5907054E-02  0.8588800E-04
  0.4326500000000E+02  0.7068987E+00  0.2585487E-02 -0.3732664E-03  0.3082155E-04  0.5909934E-02  0.8638517E-04
  0.4329833333333E+02  0.7069850E+00  0.2590223E-02 -0.3722341E-03  0.3096668E-04  0.5912830E-02  0.8688355E-04
  0.4333166666667E+02  0.7070715E+00  0.2594998E-02 -0.3711971E-03  0.3111228E-04  0.5915743E-02  0.8738316E-04
  0.4336500000000E+02  0.7071582E+00  0.2599812E-02 -0.3701551E-03  0.3125835E-04  0.5918672E-02  0.8788401E-04
  0.4339833333333E+02  0.7072450E+00  0.2604665E-02 -0.3691083E-03  0.3140490E-04  0.5921618E-02  0.8838611E-04
  0.4343166666667E+02  0.7073320E+00  0.2609558E-02 -0.3680566E-03  0.3155196E-04  0.5924581E-02  0.8888948E-04
  0.4346500000000E+02  0.7074191E+00  0.2614490E-02 -0.3669999E-03  0.3169952E-04  0.5927561E-02  0.8939413E-04
  0.4349833333333E+02  0.7075065E+00  0.2619462E-02 -0.3659383E-03  0.3184760E-04  0.5930558E-02  0.8990007E-04
  0.4353166666667E+02  0.7075939E+00  0.2624474E-02 -0.3648718E-03  0.3199622E-04  0.5933571E-02  0.9040732E-04
  0.4356500000000E+02  0.7076816E+00  0.2629526E-02 -0.3638003E-03  0.3214538E-04  0.5936602E-02  0.9091589E-04
  0.4359833333333E+02  0.7077694E+00  0.2634618E-02 -0.3627238E-03  0.3229510E-04  0.5939649E-02  0.9142578E-04
  0.4363166666667E+02  0.7078574E+00  0.2639750E-02 -0.3616423E-03  0.3244538E-04  0.5942714E-02  0.9193703E-04
  0.4366500000000E+02  0.7079456E+00  0.2644924E-02 -0.3605557E-03  0.3259624E-04  0.5945796E-02  0.9244962E-04
  0.4369833333333E+02  0.7080339E+00  0.2650138E-02 -0.3594641E-03  0.3274769E-04  0.5948895E-02  0.9296358E-04
  0.4373166666667E+02  0.7081224E+00  0.2655393E-02 -0.3583675E-03  0.3289973E-04  0.5952010E-02  0.9347891E-04
  0.4376500000000E+02  0.7082111E+00  0.2660689E-02 -0.3572657E-03  0.3305239E-04  0.5955144E-02  0.9399563E-04
  0.4379833333333E+02  0.7083000E+00  0.2666026E-02 -0.3561589E-03  0.3320567E-04  0.5958294E-02  0.9451374E-04
  0.4383166666667E+02  0.7083890E+00  0.2671405E-02 -0.3550469E-03  0.3335958E-04  0.5961462E-02  0.9503326E-04
  0.4386500000000E+02  0.7084783E+00  0.2676825E-02 -0.3539297E-03  0.3351414E-04  0.5964647E-02  0.9555419E-04
  0.4389833333333E+02  0.7085677E+00  0.2682288E-02 -0.3528074E-03  0.3366934E-04  0.5967850E-02  0.9607654E-04
  0.4393166666667E+02  0.7086573E+00  0.2687792E-02 -0.3516799E-03  0.3382521E-04  0.5971070E-02  0.9660032E-04
  0.4396500000000E+02  0.7087470E+00  0.2693339E-02 -0.3505472E-03  0.3398176E-04  0.5974307E-02  0.9712554E-04
  0.4399833333333E+02  0.7088370E+00  0.2698928E-02 -0.3494092E-03  0.3413899E-04  0.5977562E-02  0.9765221E-04
  0.4403166666667E+02  0.7089271E+00  0.2704560E-02 -0.3482660E-03  0.3429692E-04  0.5980835E-02  0.9818033E-04
  0.4406500000000E+02  0.7090175E+00  0.2710234E-02 -0.3471175E-03  0.3445555E-04  0.5984125E-02  0.9870991E-04
  0.4409833333333E+02  0.7091080E+00  0.2715952E-02 -0.3459637E-03  0.3461490E-04  0.5987433E-02  0.9924095E-04
  0.4413166666667E+02  0.7091987E+00  0.2721713E-02 -0.3448045E-03  0.3477497E-04  0.5990759E-02  0.9977348E-04
  0.4416500000000E+02  0.7092897E+00  0.2727517E-02 -0.3436400E-03  0.3493578E-04  0.5994103E-02  0.1003075E-03
  0.4419833333333E+02  0.7093808E+00  0.2733364E-02 -0.3424700E-03  0.3509734E-04  0.5997464E-02  0.1008430E-03
  0.4423166666667E+02  0.7094721E+00  0.2739256E-02 -0.3412947E-03  0.3525965E-04  0.6000843E-02  0.1013800E-03
  0.4426500000000E+02  0.7095636E+00  0.2745191E-02 -0.3401140E-03  0.3542272E-04  0.6004241E-02  0.1019184E-03
  0.4429833333333E+02  0.7096553E+00  0.2751170E-02 -0.3389278E-03  0.3558657E-04  0.6007656E-02  0.1024584E-03
  0.4433166666667E+02  0.7097472E+00  0.2757194E-02 -0.3377360E-03  0.3575120E-04  0.6011089E-02  0.1029999E-03
  0.4436500000000E+02  0.7098393E+00  0.2763262E-02 -0.3365388E-03  0.3591663E-04  0.6014541E-02  0.1035430E-03
  0.4439833333333E+02  0.7099316E+00  0.2769375E-02 -0.3353361E-03  0.3608286E-04  0.6018010E-02  0.1040875E-03
  0.4443166666667E+02  0.7100241E+00  0.2775534E-02 -0.3341277E-03  0.3624990E-04  0.6021498E-02  0.1046336E-03
  0.4446500000000E+02  0.7101169E+00  0.2781737E-02 -0.3329138E-03  0.3641776E-04  0.6025004E-02  0.1051812E-03
  0.4449833333333E+02  0.7102098E+00  0.2787985E-02 -0.3316943E-03  0.3658645E-04  0.6028528E-02  0.1057303E-03
  0.4453166666667E+02  0.7103029E+00  0.2794279E-02 -0.3304691E-03  0.3675598E-04  0.6032071E-02  0.1062810E-03
  0.4456500000000E+02  0.7103963E+00  0.2800619E-02 -0.3292382E-03  0.3692635E-04  0.6035632E-02  0.1068332E-03
  0.4459833333333E+02  0.7104899E+00  0.2807005E-02 -0.3280016E-03  0.3709758E-04  0.6039212E-02  0.1073870E-03
  0.4463166666667E+02  0.7105836E+00  0.2813437E-02 -0.3267593E-03  0.3726967E-04  0.6042810E-02  0.1079423E-03
  0.4466500000000E+02  0.7106776E+00  0.2819915E-02 -0.3255112E-03  0.3744264E-04  0.6046427E-02  0.1084992E-03
  0.4469833333333E+02  0.7107719E+00  0.2826440E-02 -0.3242573E-03  0.3761648E-04  0.6050062E-02  0.1090577E-03
  0.4473166666667E+02  0.7108663E+00  0.2833011E-02 -0.3229976E-03  0.3779121E-04  0.6053716E-02  0.1096177E-03
  0.4476500000000E+02  0.7109609E+00  0.2839630E-02 -0.3217320E-03  0.3796684E-04  0.6057388E-02  0.1101793E-03
  0.4479833333333E+02  0.7110558E+00  0.2846296E-02 -0.3204606E-03  0.3814337E-04  0.6061080E-02  0.1107425E-03
  0.4483166666667E+02  0.7111509E+00  0.2853009E-02 -0.3191832E-03  0.3832080E-04  0.6064790E-02  0.1113073E-03
  0.4486500000000E+02  0.7112462E+00  0.2859770E-02 -0.3178999E-03  0.3849916E-04  0.6068519E-02  0.1118736E-03
  0.4489833333333E+02  0.7113418E+00  0.2866578E-02 -0.3166106E-03  0.3867844E-04  0.6072267E-02  0.1124416E-03
  0.4493166666667E+02  0.7114376E+00  0.2873435E-02 -0.3153154E-03  0.3885865E-04  0.6076034E-02  0.1130111E-03
  0.4496500000000E+02  0.7115336E+00  0.2880340E-02 -0.3140140E-03  0.3903980E-04  0.6079820E-02  0.1135822E-03
  0.4499833333333E+02  0.7116298E+00  0.2887293E-02 -0.3127066E-03  0.3922190E-04  0.6083625E-02  0.1141550E-03
  0.4503166666667E+02  0.7117263E+00  0.2894295E-02 -0.3113931E-03  0.3940495E-04  0.6087450E-02  0.1147294E-03
  0.4506500000000E+02  0.7118230E+00  0.2901346E-02 -0.3100735E-03  0.3958895E-04  0.6091293E-02  0.1153053E-03
  0.4509833333333E+02  0.7119200E+00  0.2908446E-02 -0.3087477E-03  0.3977392E-04  0.6095156E-02  0.1158830E-03
  0.4513166666667E+02  0.7120172E+00  0.2915595E-02 -0.3074157E-03  0.3995986E-04  0.6099038E-02  0.1164622E-03
  0.4516500000000E+02  0.7121146E+00  0.2922794E-02 -0.3060775E-03  0.4014678E-04  0.6102940E-02  0.1170430E-03
  0.4519833333333E+02  0.7122122E+00  0.2930043E-02 -0.3047330E-03  0.4033468E-04  0.6106860E-02  0.1176256E-03
  0.4523166666667E+02  0.7123102E+00  0.2937341E-02 -0.3033822E-03  0.4052357E-04  0.6110801E-02  0.1182097E-03
  0.4526500000000E+02  0.7124083E+00  0.2944690E-02 -0.3020251E-03  0.4071345E-04  0.6114761E-02  0.1187955E-03
  0.4529833333333E+02  0.7125067E+00  0.2952089E-02 -0.3006616E-03  0.4090433E-04  0.6118740E-02  0.1193830E-03
  0.4533166666667E+02  0.7126054E+00  0.2959539E-02 -0.2992917E-03  0.4109621E-04  0.6122739E-02  0.1199721E-03
  0.4536500000000E+02  0.7127043E+00  0.2967040E-02 -0.2979154E-03  0.4128910E-04  0.6126758E-02  0.1205629E-03
  0.4539833333333E+02  0.7128034E+00  0.2974592E-02 -0.2965327E-03  0.4148300E-04  0.6130796E-02  0.1211554E-03
  0.4543166666667E+02  0.7129028E+00  0.2982195E-02 -0.2951434E-03  0.4167792E-04  0.6134855E-02  0.1217496E-03
  0.4546500000000E+02  0.7130025E+00  0.2989849E-02 -0.2937476E-03  0.4187386E-04  0.6138933E-02  0.1223455E-03
  0.4549833333333E+02  0.7131024E+00  0.2997556E-02 -0.2923452E-03  0.4207083E-04  0.6143031E-02  0.1229431E-03
  0.4553166666667E+02  0.7132026E+00  0.3005314E-02 -0.2909363E-03  0.4226882E-04  0.6147149E-02  0.1235424E-03
  0.4556500000000E+02  0.7133030E+00  0.3013125E-02 -0.2895207E-03  0.4246785E-04  0.6151287E-02  0.1241434E-03
  0.4559833333333E+02  0.7134037E+00  0.3020988E-02 -0.2880984E-03  0.4266792E-04  0.6155445E-02  0.1247462E-03
  0.4563166666667E+02  0.7135047E+00  0.3028904E-02 -0.2866695E-03  0.4286903E-04  0.6159624E-02  0.1253507E-03
  0.4566500000000E+02  0.7136059E+00  0.3036872E-02 -0.2852338E-03  0.4307118E-04  0.6163822E-02  0.1259569E-03
  0.4569833333333E+02  0.7137074E+00  0.3044894E-02 -0.2837913E-03  0.4327438E-04  0.6168041E-02  0.1265650E-03
  0.4573166666667E+02  0.7138092E+00  0.3052969E-02 -0.2823420E-03  0.4347863E-04  0.6172280E-02  0.1271748E-03
  0.4576500000000E+02  0.7139112E+00  0.3061098E-02 -0.2808859E-03  0.4368392E-04  0.6176540E-02  0.1277864E-03
  0.4579833333333E+02  0.7140135E+00  0.3069281E-02 -0.2794228E-03  0.4389028E-04  0.6180820E-02  0.1283998E-03
  0.4583166666667E+02  0.7141161E+00  0.3077518E-02 -0.2779529E-03  0.4409769E-04  0.6185120E-02  0.1290151E-03
  0.4586500000000E+02  0.7142190E+00  0.3085809E-02 -0.2764761E-03  0.4430616E-04  0.6189441E-02  0.1296321E-03
  0.4589833333333E+02  0.7143221E+00  0.3094154E-02 -0.2749922E-03  0.4451569E-04  0.6193783E-02  0.1302510E-03
  0.4593166666667E+02  0.7144255E+00  0.3102555E-02 -0.2735013E-03  0.4472628E-04  0.6198145E-02  0.1308718E-03
  0.4596500000000E+02  0.7145292E+00  0.3111011E-02 -0.2720034E-03  0.4493793E-04  0.6202529E-02  0.1314945E-03
  0.4599833333333E+02  0.7146332E+00  0.3119522E-02 -0.2704984E-03  0.4515065E-04  0.6206933E-02  0.1321190E-03
  0.4603166666667E+02  0.7147375E+00  0.3128088E-02 -0.2689862E-03  0.4536444E-04  0.6211357E-02  0.1327455E-03
  0.4606500000000E+02  0.7148420E+00  0.3136711E-02 -0.2674669E-03  0.4557929E-04  0.6215803E-02  0.1333739E-03
  0.4609833333333E+02  0.7149469E+00  0.3145389E-02 -0.2659404E-03  0.4579521E-04  0.6220270E-02  0.1340042E-03
  0.4613166666667E+02  0.7150520E+00  0.3154124E-02 -0.2644067E-03  0.4601220E-04  0.6224758E-02  0.1346365E-03
  0.4616500000000E+02  0.7151575E+00  0.3162915E-02 -0.2628657E-03  0.4623025E-04  0.6229267E-02  0.1352708E-03
  0.4619833333333E+02  0.7152632E+00  0.3171764E-02 -0.2613173E-03  0.4644938E-04  0.6233797E-02  0.1359071E-03
  0.4623166666667E+02  0.7153692E+00  0.3180669E-02 -0.2597617E-03  0.4666957E-04  0.6238349E-02  0.1365455E-03
  0.4626500000000E+02  0.7154755E+00  0.3189632E-02 -0.2581987E-03  0.4689082E-04  0.6242922E-02  0.1371858E-03
  0.4629833333333E+02  0.7155821E+00  0.3198652E-02 -0.2566282E-03  0.4711315E-04  0.6247516E-02  0.1378283E-03
  0.4633166666667E+02  0.7156891E+00  0.3207731E-02 -0.2550503E-03  0.4733654E-04  0.6252132E-02  0.1384728E-03
  0.4636500000000E+02  0.7157963E+00  0.3216868E-02 -0.2534650E-03  0.4756099E-04  0.6256769E-02  0.1391195E-03
  0.4639833333333E+02  0.7159038E+00  0.3226063E-02 -0.2518721E-03  0.4778651E-04  0.6261428E-02  0.1397683E-03
  0.4643166666667E+02  0.7160117E+00  0.3235317E-02 -0.2502717E-03  0.4801308E-04  0.6266109E-02  0.1404193E-03
  0.4646500000000E+02  0.7161198E+00  0.3244630E-02 -0.2486636E-03  0.4824072E-04  0.6270811E-02  0.1410725E-03
  0.4649833333333E+02  0.7162283E+00  0.3254002E-02 -0.2470480E-03  0.4846942E-04  0.6275535E-02  0.1417280E-03
  0.4653166666667E+02  0.7163371E+00  0.3263434E-02 -0.2454247E-03  0.4869917E-04  0.6280281E-02  0.1423856E-03
  0.4656500000000E+02  0.7164462E+00  0.3272926E-02 -0.2437937E-03  0.4892997E-04  0.6285050E-02  0.1430456E-03
  0.4659833333333E+02  0.7165556E+00  0.3282478E-02 -0.2421549E-03  0.4916182E-04  0.6289840E-02  0.1437079E-03
  0.4663166666667E+02  0.7166653E+00  0.3292091E-02 -0.2405085E-03  0.4939472E-04  0.6294652E-02  0.1443726E-03
  0.4666500000000E+02  0.7167754E+00  0.3301764E-02 -0.2388542E-03  0.4962867E-04  0.6299487E-02  0.1450396E-03
  0.4669833333333E+02  0.7168858E+00  0.3311499E-02 -0.2371920E-03  0.4986365E-04  0.6304344E-02  0.1457091E-03
  0.4673166666667E+02  0.7169965E+00  0.3321295E-02 -0.2355221E-03  0.5009967E-04  0.6309223E-02  0.1463810E-03
  0.4676500000000E+02  0.7171075E+00  0.3331153E-02 -0.2338442E-03  0.5033673E-04  0.6314125E-02  0.1470554E-03
  0.4679833333333E+02  0.7172189E+00  0.3341073E-02 -0.2321583E-03  0.5057481E-04  0.6319050E-02  0.1477324E-03
  0.4683166666667E+02  0.7173306E+00  0.3351056E-02 -0.2304645E-03  0.5081392E-04  0.6323997E-02  0.1484119E-03
  0.4686500000000E+02  0.7174426E+00  0.3361101E-02 -0.2287627E-03  0.5105404E-04  0.6328966E-02  0.1490941E-03
  0.4689833333333E+02  0.7175550E+00  0.3371209E-02 -0.2270529E-03  0.5129518E-04  0.6333959E-02  0.1497789E-03
  0.4693166666667E+02  0.7176677E+00  0.3381381E-02 -0.2253350E-03  0.5153733E-04  0.6338975E-02  0.1504664E-03
  0.4696500000000E+02  0.7177808E+00  0.3391616E-02 -0.2236090E-03  0.5178048E-04  0.6344013E-02  0.1511567E-03
  0.4699833333333E+02  0.7178942E+00  0.3401916E-02 -0.2218748E-03  0.5202463E-04  0.6349075E-02  0.1518497E-03
  0.4703166666667E+02  0.7180079E+00  0.3412280E-02 -0.2201325E-03  0.5226976E-04  0.6354160E-02  0.1525457E-03
  0.4706500000000E+02  0.7181220E+00  0.3422709E-02 -0.2183820E-03  0.5251588E-04  0.6359268E-02  0.1532445E-03
  0.4709833333333E+02  0.7182364E+00  0.3433203E-02 -0.2166232E-03  0.5276298E-04  0.6364399E-02  0.1539463E-03
  0.4713166666667E+02  0.7183512E+00  0.3443763E-02 -0.2148562E-03  0.5301104E-04  0.6369554E-02  0.1546511E-03
  0.4716500000000E+02  0.7184664E+00  0.3454389E-02 -0.2130808E-03  0.5326007E-04  0.6374733E-02  0.1553590E-03
  0.4719833333333E+02  0.7185819E+00  0.3465081E-02 -0.2112972E-03  0.5351004E-04  0.6379935E-02  0.1560700E-03
  0.4723166666667E+02  0.7186977E+00  0.3475839E-02 -0.2095051E-03  0.5376097E-04  0.6385161E-02  0.1567842E-03
  0.4726500000000E+02  0.7188140E+00  0.3486665E-02 -0.2077047E-03  0.5401282E-04  0.6390412E-02  0.1575017E-03
  0.4729833333333E+02  0.7189305E+00  0.3497559E-02 -0.2058958E-03  0.5426560E-04  0.6395686E-02  0.1582225E-03
  0.4733166666667E+02  0.7190475E+00  0.3508520E-02 -0.2040785E-03  0.5451930E-04  0.6400984E-02  0.1589467E-03
  0.4736500000000E+02  0.7191648E+00  0.3519550E-02 -0.2022527E-03  0.5477390E-04  0.6406306E-02  0.1596743E-03
  0.4739833333333E+02  0.7192825E+00  0.3530648E-02 -0.2004184E-03  0.5502939E-04  0.6411653E-02  0.1604056E-03
  0.4743166666667E+02  0.7194006E+00  0.3541816E-02 -0.1985756E-03  0.5528577E-04  0.6417024E-02  0.1611404E-03
  0.4746500000000E+02  0.7195190E+00  0.3553053E-02 -0.1967241E-03  0.5554302E-04  0.6422420E-02  0.1618789E-03
  0.4749833333333E+02  0.7196378E+00  0.3564361E-02 -0.1948641E-03  0.5580113E-04  0.6427841E-02  0.1626213E-03
  0.4753166666667E+02  0.7197570E+00  0.3575739E-02 -0.1929954E-03  0.5606009E-04  0.6433287E-02  0.1633675E-03
  0.4756500000000E+02  0.7198766E+00  0.3587188E-02 -0.1911181E-03  0.5631988E-04  0.6438757E-02  0.1641177E-03
  0.4759833333333E+02  0.7199965E+00  0.3598708E-02 -0.1892321E-03  0.5658049E-04  0.6444253E-02  0.1648719E-03
  0.4763166666667E+02  0.7201169E+00  0.3610301E-02 -0.1873374E-03  0.5684191E-04  0.6449774E-02  0.1656303E-03
  0.4766500000000E+02  0.7202376E+00  0.3621965E-02 -0.1854339E-03  0.5710413E-04  0.6455321E-02  0.1663929E-03
  0.4769833333333E+02  0.7203587E+00  0.3633703E-02 -0.1835216E-03  0.5736712E-04  0.6460893E-02  0.1671599E-03
  0.4773166666667E+02  0.7204802E+00  0.3645514E-02 -0.1816006E-03  0.5763087E-04  0.6466490E-02  0.1679313E-03
  0.4776500000000E+02  0.7206022E+00  0.3657400E-02 -0.1796708E-03  0.5789538E-04  0.6472114E-02  0.1687074E-03
  0.4779833333333E+02  0.7207245E+00  0.3669359E-02 -0.1777321E-03  0.5816061E-04  0.6477763E-02  0.1694880E-03
  0.4783166666667E+02  0.7208472E+00  0.3681394E-02 -0.1757845E-03  0.5842656E-04  0.6483439E-02  0.1702735E-03
  0.4786500000000E+02  0.7209703E+00  0.3693504E-02 -0.1738281E-03  0.5869320E-04  0.6489141E-02  0.1710639E-03
  0.4789833333333E+02  0.7210938E+00  0.3705690E-02 -0.1718627E-03  0.5896053E-04  0.6494870E-02  0.1718593E-03
  0.4793166666667E+02  0.7212178E+00  0.3717953E-02 -0.1698885E-03  0.5922852E-04  0.6500625E-02  0.1726599E-03
  0.4796500000000E+02  0.7213421E+00  0.3730293E-02 -0.1679052E-03  0.5949715E-04  0.6506407E-02  0.1734658E-03
  0.4799833333333E+02  0.7214669E+00  0.3742712E-02 -0.1659130E-03  0.5976642E-04  0.6512217E-02  0.1742770E-03
  0.4803166666667E+02  0.7215920E+00  0.3755208E-02 -0.1639118E-03  0.6003629E-04  0.6518053E-02  0.1750939E-03
  0.4806500000000E+02  0.7217176E+00  0.3767784E-02 -0.1619016E-03  0.6030674E-04  0.6523917E-02  0.1759164E-03
  0.4809833333333E+02  0.7218436E+00  0.3780439E-02 -0.1598823E-03  0.6057777E-04  0.6529809E-02  0.1767447E-03
  0.4813166666667E+02  0.7219701E+00  0.3793175E-02 -0.1578540E-03  0.6084935E-04  0.6535728E-02  0.1775790E-03
  0.4816500000000E+02  0.7220969E+00  0.3805992E-02 -0.1558166E-03  0.6112145E-04  0.6541675E-02  0.1784194E-03
  0.4819833333333E+02  0.7222242E+00  0.3818890E-02 -0.1537701E-03  0.6139407E-04  0.6547651E-02  0.1792661E-03
  0.4823166666667E+02  0.7223520E+00  0.3831871E-02 -0.1517146E-03  0.6166717E-04  0.6553655E-02  0.1801192E-03
  0.4826500000000E+02  0.7224801E+00  0.3844935E-02 -0.1496499E-03  0.6194075E-04  0.6559687E-02  0.1809788E-03
  0.4829833333333E+02  0.7226087E+00  0.3858083E-02 -0.1475761E-03  0.6221477E-04  0.6565749E-02  0.1818452E-03
  0.4833166666667E+02  0.7227378E+00  0.3871315E-02 -0.1454931E-03  0.6248922E-04  0.6571839E-02  0.1827185E-03
  0.4836500000000E+02  0.7228673E+00  0.3884632E-02 -0.1434009E-03  0.6276408E-04  0.6577959E-02  0.1835988E-03
  0.4839833333333E+02  0.7229972E+00  0.3898036E-02 -0.1412996E-03  0.6303932E-04  0.6584109E-02  0.1844863E-03
  0.4843166666667E+02  0.7231276E+00  0.3911526E-02 -0.1391891E-03  0.6331493E-04  0.6590288E-02  0.1853812E-03
  0.4846500000000E+02  0.7232584E+00  0.3925104E-02 -0.1370694E-03  0.6359089E-04  0.6596498E-02  0.1862837E-03
  0.4849833333333E+02  0.7233897E+00  0.3938770E-02 -0.1349405E-03  0.6386717E-04  0.6602738E-02  0.1871938E-03
  0.4853166666667E+02  0.7235215E+00  0.3952526E-02 -0.1328024E-03  0.6414376E-04  0.6609008E-02  0.1881119E-03
  0.4856500000000E+02  0.7236537E+00  0.3966372E-02 -0.1306551E-03  0.6442063E-04  0.6615309E-02  0.1890380E-03
  0.4859833333333E+02  0.7237864E+00  0.3980308E-02 -0.1284985E-03  0.6469777E-04  0.6621642E-02  0.1899723E-03
  0.4863166666667E+02  0.7239195E+00  0.3994337E-02 -0.1263326E-03  0.6497516E-04  0.6628005E-02  0.1909151E-03
  0.4866500000000E+02  0.7240531E+00  0.4008458E-02 -0.1241575E-03  0.6525278E-04  0.6634401E-02  0.1918665E-03
  0.4869833333333E+02  0.7241872E+00  0.4022673E-02 -0.1219732E-03  0.6553060E-04  0.6640829E-02  0.1928266E-03
  0.4873166666667E+02  0.7243218E+00  0.4036983E-02 -0.1197796E-03  0.6580862E-04  0.6647288E-02  0.1937956E-03
  0.4876500000000E+02  0.7244568E+00  0.4051388E-02 -0.1175767E-03  0.6608682E-04  0.6653781E-02  0.1947738E-03
  0.4879833333333E+02  0.7245923E+00  0.4065889E-02 -0.1153645E-03  0.6636517E-04  0.6660306E-02  0.1957613E-03
  0.4883166666667E+02  0.7247284E+00  0.4080488E-02 -0.1131430E-03  0.6664367E-04  0.6666865E-02  0.1967583E-03
  0.4886500000000E+02  0.7248649E+00  0.4095186E-02 -0.1109123E-03  0.6692230E-04  0.6673457E-02  0.1977649E-03
  0.4889833333333E+02  0.7250019E+00  0.4109983E-02 -0.1086723E-03  0.6720104E-04  0.6680083E-02  0.1987814E-03
  0.4893166666667E+02  0.7251394E+00  0.4124881E-02 -0.1064229E-03  0.6747989E-04  0.6686743E-02  0.1998079E-03
  0.4896500000000E+02  0.7252774E+00  0.4139880E-02 -0.1041643E-03  0.6775882E-04  0.6693438E-02  0.2008446E-03
  0.4899833333333E+02  0.7254159E+00  0.4154982E-02 -0.1018964E-03  0.6803784E-04  0.6700168E-02  0.2018917E-03
  0.4903166666667E+02  0.7255549E+00  0.4170188E-02 -0.9961914E-04  0.6831692E-04  0.6706933E-02  0.2029494E-03
  0.4906500000000E+02  0.7256944E+00  0.4185498E-02 -0.9733261E-04  0.6859606E-04  0.6713733E-02  0.2040178E-03
  0.4909833333333E+02  0.7258344E+00  0.4200915E-02 -0.9503677E-04  0.6887525E-04  0.6720570E-02  0.2050971E-03
  0.4913166666667E+02  0.7259750E+00  0.4216439E-02 -0.9273162E-04  0.6915449E-04  0.6727443E-02  0.2061875E-03
  0.4916500000000E+02  0.7261160E+00  0.4232071E-02 -0.9041716E-04  0.6943377E-04  0.6734353E-02  0.2072892E-03
  0.4919833333333E+02  0.7262576E+00  0.4247812E-02 -0.8809339E-04  0.6971308E-04  0.6741299E-02  0.2084023E-03
  0.4923166666667E+02  0.7263997E+00  0.4263664E-02 -0.8576031E-04  0.6999243E-04  0.6748284E-02  0.2095271E-03
  0.4926500000000E+02  0.7265424E+00  0.4279627E-02 -0.8341791E-04  0.7027181E-04  0.6755306E-02  0.2106636E-03
  0.4929833333333E+02  0.7266856E+00  0.4295704E-02 -0.8106621E-04  0.7055122E-04  0.6762366E-02  0.2118121E-03
  0.4933166666667E+02  0.7268293E+00  0.4311895E-02 -0.7870518E-04  0.7083066E-04  0.6769465E-02  0.2129727E-03
  0.4936500000000E+02  0.7269736E+00  0.4328201E-02 -0.7633485E-04  0.7111015E-04  0.6776603E-02  0.2141456E-03
  0.4939833333333E+02  0.7271184E+00  0.4344623E-02 -0.7395519E-04  0.7138967E-04  0.6783781E-02  0.2153309E-03
  0.4943166666667E+02  0.7272638E+00  0.4361164E-02 -0.7156622E-04  0.7166925E-04  0.6790999E-02  0.2165289E-03
  0.4946500000000E+02  0.7274097E+00  0.4377823E-02 -0.6916792E-04  0.7194888E-04  0.6798257E-02  0.2177397E-03
  0.4949833333333E+02  0.7275562E+00  0.4394603E-02 -0.6676030E-04  0.7222858E-04  0.6805555E-02  0.2189633E-03
  0.4953166666667E+02  0.7277033E+00  0.4411504E-02 -0.6434336E-04  0.7250835E-04  0.6812895E-02  0.2202001E-03
  0.4956500000000E+02  0.7278509E+00  0.4428527E-02 -0.6191708E-04  0.7278823E-04  0.6820277E-02  0.2214501E-03
  0.4959833333333E+02  0.7279991E+00  0.4445675E-02 -0.5948147E-04  0.7306820E-04  0.6827701E-02  0.2227135E-03
  0.4963166666667E+02  0.7281478E+00  0.4462948E-02 -0.5703653E-04  0.7334831E-04  0.6835167E-02  0.2239904E-03
  0.4966500000000E+02  0.7282972E+00  0.4480347E-02 -0.5458225E-04  0.7362856E-04  0.6842677E-02  0.2252810E-03
  0.4969833333333E+02  0.7284471E+00  0.4497875E-02 -0.5211861E-04  0.7390897E-04  0.6850229E-02  0.2265854E-03
  0.4973166666667E+02  0.7285976E+00  0.4515531E-02 -0.4964563E-04  0.7418957E-04  0.6857826E-02  0.2279038E-03
  0.4976500000000E+02  0.7287487E+00  0.4533317E-02 -0.4716328E-04  0.7447038E-04  0.6865467E-02  0.2292363E-03
  0.4979833333333E+02  0.7289004E+00  0.4551235E-02 -0.4467157E-04  0.7475143E-04  0.6873154E-02  0.2305830E-03
  0.4983166666667E+02  0.7290527E+00  0.4569285E-02 -0.4217048E-04  0.7503274E-04  0.6880885E-02  0.2319440E-03
  0.4986500000000E+02  0.7292057E+00  0.4587469E-02 -0.3966000E-04  0.7531435E-04  0.6888662E-02  0.2333196E-03
  0.4989833333333E+02  0.7293592E+00  0.4605788E-02 -0.3714012E-04  0.7559629E-04  0.6896486E-02  0.2347097E-03
  0.4993166666667E+02  0.7295133E+00  0.4624244E-02 -0.3461084E-04  0.7587859E-04  0.6904356E-02  0.2361146E-03
  0.4996500000000E+02  0.7296681E+00  0.4642837E-02 -0.3207213E-04  0.7616128E-04  0.6912274E-02  0.2375343E-03
  0.4999833333333E+02  0.7298235E+00  0.4661570E-02 -0.2952398E-04  0.7644441E-04  0.6920240E-02  0.2389689E-03
  0.5003166666667E+02  0.7299795E+00  0.4680442E-02 -0.2696638E-04  0.7672801E-04  0.6928254E-02  0.2404186E-03
  0.5006500000000E+02  0.7301361E+00  0.4699455E-02 -0.2439931E-04  0.7701213E-04  0.6936317E-02  0.2418834E-03
  0.5009833333333E+02  0.7302934E+00  0.4718610E-02 -0.2182275E-04  0.7729680E-04  0.6944429E-02  0.2433635E-03
  0.5013166666667E+02  0.7304514E+00  0.4737910E-02 -0.1923668E-04  0.7758208E-04  0.6952591E-02  0.2448589E-03
  0.5016500000000E+02  0.7306099E+00  0.4757353E-02 -0.1664108E-04  0.7786800E-04  0.6960803E-02  0.2463697E-03
  0.5019833333333E+02  0.7307692E+00  0.4776943E-02 -0.1403592E-04  0.7815462E-04  0.6969066E-02  0.2478960E-03
  0.5023166666667E+02  0.7309291E+00  0.4796680E-02 -0.1142119E-04  0.7844199E-04  0.6977381E-02  0.2494379E-03
  0.5026500000000E+02  0.7310896E+00  0.4816564E-02 -0.8796852E-05  0.7873016E-04  0.6985747E-02  0.2509953E-03
  0.5029833333333E+02  0.7312508E+00  0.4836598E-02 -0.6162880E-05  0.7901917E-04  0.6994166E-02  0.2525685E-03
  0.5033166666667E+02  0.7314127E+00  0.4856782E-02 -0.3519243E-05  0.7930910E-04  0.7002638E-02  0.2541575E-03
  0.5036500000000E+02  0.7315753E+00  0.4877118E-02 -0.8659104E-06  0.7959998E-04  0.7011164E-02  0.2557622E-03
  0.5039833333333E+02  0.7317385E+00  0.4897606E-02  0.1797153E-05  0.7989189E-04  0.7019743E-02  0.2573827E-03
  0.5043166666667E+02  0.7319025E+00  0.4918248E-02  0.4469982E-05  0.8018488E-04  0.7028377E-02  0.2590192E-03
  0.5046500000000E+02  0.7320671E+00  0.4939044E-02  0.7152616E-05  0.8047901E-04  0.7037066E-02  0.2606715E-03
  0.5049833333333E+02  0.7322325E+00  0.4959996E-02  0.9845094E-05  0.8077435E-04  0.7045811E-02  0.2623397E-03
  0.5053166666667E+02  0.7323985E+00  0.4981104E-02  0.1254746E-04  0.8107095E-04  0.7054612E-02  0.2640238E-03
  0.5056500000000E+02  0.7325652E+00  0.5002370E-02  0.1525976E-04  0.8136889E-04  0.7063469E-02  0.2657238E-03
  0.5059833333333E+02  0.7327327E+00  0.5023795E-02  0.1798203E-04  0.8166822E-04  0.7072384E-02  0.2674398E-03
  0.5063166666667E+02  0.7329009E+00  0.5045379E-02  0.2071433E-04  0.8196902E-04  0.7081356E-02  0.2691716E-03
  0.5066500000000E+02  0.7330698E+00  0.5067124E-02  0.2345671E-04  0.8227136E-04  0.7090387E-02  0.2709193E-03
  0.5069833333333E+02  0.7332394E+00  0.5089030E-02  0.2620922E-04  0.8257530E-04  0.7099476E-02  0.2726828E-03
  0.5073166666667E+02  0.7334098E+00  0.5111099E-02  0.2897192E-04  0.8288092E-04  0.7108625E-02  0.2744620E-03
  0.5076500000000E+02  0.7335809E+00  0.5133331E-02  0.3174486E-04  0.8318828E-04  0.7117833E-02  0.2762570E-03
  0.5079833333333E+02  0.7337528E+00  0.5155727E-02  0.3452811E-04  0.8349746E-04  0.7127102E-02  0.2780677E-03
  0.5083166666667E+02  0.7339254E+00  0.5178288E-02  0.3732172E-04  0.8380852E-04  0.7136432E-02  0.2798939E-03
  0.5086500000000E+02  0.7340987E+00  0.5201015E-02  0.4012578E-04  0.8412155E-04  0.7145823E-02  0.2817357E-03
  0.5089833333333E+02  0.7342729E+00  0.5223908E-02  0.4294033E-04  0.8443661E-04  0.7155276E-02  0.2835928E-03
  0.5093166666667E+02  0.7344478E+00  0.5246969E-02  0.4576546E-04  0.8475378E-04  0.7164792E-02  0.2854653E-03
  0.5096500000000E+02  0.7346234E+00  0.5270199E-02  0.4860123E-04  0.8507313E-04  0.7174370E-02  0.2873529E-03
  0.5099833333333E+02  0.7347999E+00  0.5293597E-02  0.5144772E-04  0.8539473E-04  0.7184012E-02  0.2892556E-03
  0.5103166666667E+02  0.7349771E+00  0.5317165E-02  0.5430501E-04  0.8571866E-04  0.7193718E-02  0.2911731E-03
  0.5106500000000E+02  0.7351552E+00  0.5340904E-02  0.5717317E-04  0.8604499E-04  0.7203488E-02  0.2931055E-03
  0.5109833333333E+02  0.7353340E+00  0.5364813E-02  0.6005230E-04  0.8637380E-04  0.7213323E-02  0.2950524E-03
  0.5113166666667E+02  0.7355136E+00  0.5388895E-02  0.6294247E-04  0.8670516E-04  0.7223224E-02  0.2970138E-03
  0.5116500000000E+02  0.7356940E+00  0.5413149E-02  0.6584378E-04  0.8703914E-04  0.7233190E-02  0.2989894E-03
  0.5119833333333E+02  0.7358753E+00  0.5437576E-02  0.6875630E-04  0.8737582E-04  0.7243223E-02  0.3009790E-03
  0.5123166666667E+02  0.7360574E+00  0.5462176E-02  0.7168015E-04  0.8771527E-04  0.7253322E-02  0.3029825E-03
  0.5126500000000E+02  0.7362403E+00  0.5486951E-02  0.7461540E-04  0.8805756E-04  0.7263489E-02  0.3049995E-03
  0.5129833333333E+02  0.7364240E+00  0.5511901E-02  0.7756216E-04  0.8840277E-04  0.7273723E-02  0.3070299E-03
  0.5133166666667E+02  0.7366086E+00  0.5537025E-02  0.8052052E-04  0.8875097E-04  0.7284025E-02  0.3090733E-03
  0.5136500000000E+02  0.7367940E+00  0.5562325E-02  0.8349060E-04  0.8910223E-04  0.7294396E-02  0.3111296E-03
  0.5139833333333E+02  0.7369802E+00  0.5587802E-02  0.8647248E-04  0.8945664E-04  0.7304836E-02  0.3131985E-03
  0.5143166666667E+02  0.7371674E+00  0.5613454E-02  0.8946629E-04  0.8981425E-04  0.7315346E-02  0.3152796E-03
  0.5146500000000E+02  0.7373553E+00  0.5639284E-02  0.9247213E-04  0.9017514E-04  0.7325925E-02  0.3173726E-03
  0.5149833333333E+02  0.7375442E+00  0.5665291E-02  0.9549011E-04  0.9053939E-04  0.7336574E-02  0.3194772E-03
  0.5153166666667E+02  0.7377339E+00  0.5691475E-02  0.9852035E-04  0.9090705E-04  0.7347294E-02  0.3215932E-03
  0.5156500000000E+02  0.7379245E+00  0.5717836E-02  0.1015630E-03  0.9127822E-04  0.7358085E-02  0.3237200E-03
  0.5159833333333E+02  0.7381160E+00  0.5744376E-02  0.1046181E-03  0.9165294E-04  0.7368946E-02  0.3258574E-03
  0.5163166666667E+02  0.7383083E+00  0.5771093E-02  0.1076858E-03  0.9203130E-04  0.7379880E-02  0.3280050E-03
  0.5166500000000E+02  0.7385016E+00  0.5797988E-02  0.1107662E-03  0.9241334E-04  0.7390885E-02  0.3301624E-03
  0.5169833333333E+02  0.7386958E+00  0.5825062E-02  0.1138595E-03  0.9279914E-04  0.7401963E-02  0.3323293E-03
  0.5173166666667E+02  0.7388908E+00  0.5852313E-02  0.1169658E-03  0.9318876E-04  0.7413113E-02  0.3345051E-03
  0.5176500000000E+02  0.7390868E+00  0.5879742E-02  0.1200852E-03  0.9358226E-04  0.7424336E-02  0.3366896E-03
  0.5179833333333E+02  0.7392837E+00  0.5907349E-02  0.1232179E-03  0.9397968E-04  0.7435632E-02  0.3388822E-03
  0.5183166666667E+02  0.7394816E+00  0.5935134E-02  0.1263639E-03  0.9438107E-04  0.7447002E-02  0.3410826E-03
  0.5186500000000E+02  0.7396804E+00  0.5963095E-02  0.1295235E-03  0.9478649E-04  0.7458445E-02  0.3432904E-03
  0.5189833333333E+02  0.7398801E+00  0.5991234E-02  0.1326967E-03  0.9519596E-04  0.7469961E-02  0.3455051E-03
  0.5193166666667E+02  0.7400807E+00  0.6019549E-02  0.1358836E-03  0.9560953E-04  0.7481552E-02  0.3477263E-03
  0.5196500000000E+02  0.7402823E+00  0.6048039E-02  0.1390845E-03  0.9602722E-04  0.7493217E-02  0.3499536E-03
  0.5199833333333E+02  0.7404849E+00  0.6076705E-02  0.1422995E-03  0.9644905E-04  0.7504957E-02  0.3521866E-03
  0.5203166666667E+02  0.7406884E+00  0.6105545E-02  0.1455287E-03  0.9687505E-04  0.7516771E-02  0.3544247E-03
  0.5206500000000E+02  0.7408929E+00  0.6134558E-02  0.1487722E-03  0.9730521E-04  0.7528660E-02  0.3566678E-03
  0.5209833333333E+02  0.7410983E+00  0.6163745E-02  0.1520302E-03  0.9773953E-04  0.7540624E-02  0.3589152E-03
  0.5213166666667E+02  0.7413048E+00  0.6193102E-02  0.1553028E-03  0.9817802E-04  0.7552663E-02  0.3611667E-03
  0.5216500000000E+02  0.7415122E+00  0.6222630E-02  0.1585901E-03  0.9862065E-04  0.7564777E-02  0.3634217E-03
  0.5219833333333E+02  0.7417206E+00  0.6252328E-02  0.1618924E-03  0.9906740E-04  0.7576966E-02  0.3656800E-03
  0.5223166666667E+02  0.7419300E+00  0.6282193E-02  0.1652096E-03  0.9951825E-04  0.7589231E-02  0.3679412E-03
  0.5226500000000E+02  0.7421404E+00  0.6312224E-02  0.1685421E-03  0.9997316E-04  0.7601571E-02  0.3702048E-03
  0.5229833333333E+02  0.7423518E+00  0.6342421E-02  0.1718898E-03  0.1004321E-03  0.7613987E-02  0.3724705E-03
  0.5233166666667E+02  0.7425643E+00  0.6372780E-02  0.1752530E-03  0.1008950E-03  0.7626478E-02  0.3747380E-03
  0.5236500000000E+02  0.7427777E+00  0.6403300E-02  0.1786317E-03  0.1013618E-03  0.7639045E-02  0.3770067E-03
  0.5239833333333E+02  0.7429922E+00  0.6433980E-02  0.1820261E-03  0.1018324E-03  0.7651688E-02  0.3792765E-03
  0.5243166666667E+02  0.7432077E+00  0.6464816E-02  0.1854364E-03  0.1023069E-03  0.7664406E-02  0.3815469E-03
  0.5246500000000E+02  0.7434242E+00  0.6495808E-02  0.1888625E-03  0.1027850E-03  0.7677200E-02  0.3838174E-03
  0.5249833333333E+02  0.7436418E+00  0.6526952E-02  0.1923048E-03  0.1032668E-03  0.7690069E-02  0.3860879E-03
  0.5253166666667E+02  0.7438604E+00  0.6558247E-02  0.1957632E-03  0.1037522E-03  0.7703014E-02  0.3883578E-03
  0.5256500000000E+02  0.7440800E+00  0.6589689E-02  0.1992379E-03  0.1042411E-03  0.7716035E-02  0.3906267E-03
  0.5259833333333E+02  0.7443007E+00  0.6621277E-02  0.2027290E-03  0.1047334E-03  0.7729132E-02  0.3928943E-03
  0.5263166666667E+02  0.7445225E+00  0.6653006E-02  0.2062366E-03  0.1052290E-03  0.7742304E-02  0.3951602E-03
  0.5266500000000E+02  0.7447453E+00  0.6684876E-02  0.2097609E-03  0.1057279E-03  0.7755551E-02  0.3974239E-03
  0.5269833333333E+02  0.7449692E+00  0.6716882E-02  0.2133019E-03  0.1062300E-03  0.7768874E-02  0.3996850E-03
  0.5273166666667E+02  0.7451942E+00  0.6749021E-02  0.2168597E-03  0.1067352E-03  0.7782272E-02  0.4019429E-03
  0.5276500000000E+02  0.7454202E+00  0.6781291E-02  0.2204345E-03  0.1072434E-03  0.7795746E-02  0.4041973E-03
  0.5279833333333E+02  0.7456474E+00  0.6813687E-02  0.2240263E-03  0.1077545E-03  0.7809294E-02  0.4064477E-03
  0.5283166666667E+02  0.7458756E+00  0.6846208E-02  0.2276353E-03  0.1082685E-03  0.7822917E-02  0.4086935E-03
  0.5286500000000E+02  0.7461049E+00  0.6878848E-02  0.2312614E-03  0.1087852E-03  0.7836615E-02  0.4109343E-03
  0.5289833333333E+02  0.7463352E+00  0.6911605E-02  0.2349049E-03  0.1093046E-03  0.7850387E-02  0.4131695E-03
  0.5293166666667E+02  0.7465667E+00  0.6944475E-02  0.2385658E-03  0.1098266E-03  0.7864234E-02  0.4153986E-03
  0.5296500000000E+02  0.7467993E+00  0.6977454E-02  0.2422442E-03  0.1103510E-03  0.7878154E-02  0.4176212E-03
  0.5299833333333E+02  0.7470330E+00  0.7010538E-02  0.2459401E-03  0.1108778E-03  0.7892149E-02  0.4198365E-03
  0.5303166666667E+02  0.7472678E+00  0.7043723E-02  0.2496537E-03  0.1114069E-03  0.7906217E-02  0.4220442E-03
  0.5306500000000E+02  0.7475037E+00  0.7077005E-02  0.2533849E-03  0.1119381E-03  0.7920358E-02  0.4242437E-03
  0.5309833333333E+02  0.7477407E+00  0.7110380E-02  0.2571340E-03  0.1124713E-03  0.7934573E-02  0.4264345E-03
  0.5313166666667E+02  0.7479788E+00  0.7143842E-02  0.2609009E-03  0.1130063E-03  0.7948860E-02  0.4286161E-03
  0.5316500000000E+02  0.7482181E+00  0.7177389E-02  0.2646856E-03  0.1135430E-03  0.7963220E-02  0.4307881E-03
  0.5319833333333E+02  0.7484584E+00  0.7211015E-02  0.2684883E-03  0.1140812E-03  0.7977651E-02  0.4329500E-03
  0.5323166666667E+02  0.7486999E+00  0.7244715E-02  0.2723090E-03  0.1146207E-03  0.7992155E-02  0.4351013E-03
  0.5326500000000E+02  0.7489425E+00  0.7278485E-02  0.2761477E-03  0.1151612E-03  0.8006730E-02  0.4372417E-03
  0.5329833333333E+02  0.7491863E+00  0.7312319E-02  0.2800045E-03  0.1157026E-03  0.8021375E-02  0.4393709E-03
  0.5333166666667E+02  0.7494312E+00  0.7346214E-02  0.2838793E-03  0.1162447E-03  0.8036092E-02  0.4414885E-03
  0.5336500000000E+02  0.7496772E+00  0.7380163E-02  0.2877722E-03  0.1167870E-03  0.8050878E-02  0.4435942E-03
  0.5339833333333E+02  0.7499243E+00  0.7414161E-02  0.2916832E-03  0.1173293E-03  0.8065734E-02  0.4456878E-03
  0.5343166666667E+02  0.7501726E+00  0.7448204E-02  0.2956122E-03  0.1178714E-03  0.8080660E-02  0.4477691E-03
  0.5346500000000E+02  0.7504220E+00  0.7482286E-02  0.2995593E-03  0.1184128E-03  0.8095654E-02  0.4498379E-03
  0.5349833333333E+02  0.7506725E+00  0.7516401E-02  0.3035244E-03  0.1189533E-03  0.8110718E-02  0.4518942E-03
  0.5353166666667E+02  0.7509242E+00  0.7550544E-02  0.3075075E-03  0.1194924E-03  0.8125849E-02  0.4539377E-03
  0.5356500000000E+02  0.7511770E+00  0.7584710E-02  0.3115085E-03  0.1200298E-03  0.8141048E-02  0.4559684E-03
  0.5359833333333E+02  0.7514310E+00  0.7618894E-02  0.3155273E-03  0.1205650E-03  0.8156314E-02  0.4579864E-03
  0.5363166666667E+02  0.7516861E+00  0.7653089E-02  0.3195639E-03  0.1210977E-03  0.8171647E-02  0.4599916E-03
  0.5366500000000E+02  0.7519424E+00  0.7687290E-02  0.3236182E-03  0.1216275E-03  0.8187047E-02  0.4619840E-03
  0.5369833333333E+02  0.7521997E+00  0.7721492E-02  0.3276900E-03  0.1221538E-03  0.8202512E-02  0.4639636E-03
  0.5373166666667E+02  0.7524583E+00  0.7755690E-02  0.3317792E-03  0.1226764E-03  0.8218043E-02  0.4659306E-03
  0.5376500000000E+02  0.7527179E+00  0.7789879E-02  0.3358857E-03  0.1231946E-03  0.8233639E-02  0.4678849E-03
  0.5379833333333E+02  0.7529787E+00  0.7824052E-02  0.3400093E-03  0.1237082E-03  0.8249300E-02  0.4698267E-03
  0.5383166666667E+02  0.7532407E+00  0.7858205E-02  0.3441498E-03  0.1242166E-03  0.8265025E-02  0.4717559E-03
  0.5386500000000E+02  0.7535037E+00  0.7892334E-02  0.3483071E-03  0.1247193E-03  0.8280814E-02  0.4736727E-03
  0.5389833333333E+02  0.7537680E+00  0.7926432E-02  0.3524810E-03  0.1252161E-03  0.8296667E-02  0.4755771E-03
  0.5393166666667E+02  0.7540333E+00  0.7960496E-02  0.3566712E-03  0.1257064E-03  0.8312583E-02  0.4774691E-03
  0.5396500000000E+02  0.7542998E+00  0.7994521E-02  0.3608775E-03  0.1261897E-03  0.8328561E-02  0.4793489E-03
  0.5399833333333E+02  0.7545674E+00  0.8028502E-02  0.3650997E-03  0.1266658E-03  0.8344601E-02  0.4812163E-03
  0.5403166666667E+02  0.7548362E+00  0.8062435E-02  0.3693375E-03  0.1271340E-03  0.8360704E-02  0.4830715E-03
  0.5406500000000E+02  0.7551060E+00  0.8096317E-02  0.3735907E-03  0.1275942E-03  0.8376868E-02  0.4849143E-03
  0.5409833333333E+02  0.7553770E+00  0.8130142E-02  0.3778589E-03  0.1280458E-03  0.8393092E-02  0.4867448E-03
  0.5413166666667E+02  0.7556492E+00  0.8163908E-02  0.3821418E-03  0.1284885E-03  0.8409378E-02  0.4885629E-03
  0.5416500000000E+02  0.7559224E+00  0.8197611E-02  0.3864392E-03  0.1289219E-03  0.8425724E-02  0.4903686E-03
  0.5419833333333E+02  0.7561968E+00  0.8231248E-02  0.3907507E-03  0.1293456E-03  0.8442129E-02  0.4921618E-03
  0.5423166666667E+02  0.7564723E+00  0.8264815E-02  0.3950760E-03  0.1297594E-03  0.8458594E-02  0.4939425E-03
  0.5426500000000E+02  0.7567489E+00  0.8298311E-02  0.3994148E-03  0.1301627E-03  0.8475117E-02  0.4957105E-03
  0.5429833333333E+02  0.7570266E+00  0.8331731E-02  0.4037666E-03  0.1305553E-03  0.8491700E-02  0.4974658E-03
  0.5433166666667E+02  0.7573055E+00  0.8365073E-02  0.4081312E-03  0.1309368E-03  0.8508340E-02  0.4992083E-03
  0.5436500000000E+02  0.7575854E+00  0.8398336E-02  0.4125081E-03  0.1313069E-03  0.8525038E-02  0.5009381E-03
  0.5439833333333E+02  0.7578665E+00  0.8431516E-02  0.4168969E-03  0.1316653E-03  0.8541793E-02  0.5026552E-03
  0.5443166666667E+02  0.7581486E+00  0.8464612E-02  0.4212973E-03  0.1320115E-03  0.8558605E-02  0.5043596E-03
  0.5446500000000E+02  0.7584319E+00  0.8497621E-02  0.4257088E-03  0.1323453E-03  0.8575473E-02  0.5060513E-03
  0.5449833333333E+02  0.7587162E+00  0.8530542E-02  0.4301310E-03  0.1326662E-03  0.8592398E-02  0.5077306E-03
  0.5453166666667E+02  0.7590017E+00  0.8563373E-02  0.4345635E-03  0.1329740E-03  0.8609378E-02  0.5093976E-03
  0.5456500000000E+02  0.7592882E+00  0.8596111E-02  0.4390058E-03  0.1332683E-03  0.8626413E-02  0.5110526E-03
  0.5459833333333E+02  0.7595758E+00  0.8628755E-02  0.4434574E-03  0.1335486E-03  0.8643502E-02  0.5126959E-03
  0.5463166666667E+02  0.7598645E+00  0.8661303E-02  0.4479179E-03  0.1338146E-03  0.8660647E-02  0.5143280E-03
  0.5466500000000E+02  0.7601543E+00  0.8693754E-02  0.4523868E-03  0.1340659E-03  0.8677845E-02  0.5159494E-03
  0.5469833333333E+02  0.7604452E+00  0.8726105E-02  0.4568635E-03  0.1343022E-03  0.8695097E-02  0.5175607E-03
  0.5473166666667E+02  0.7607371E+00  0.8758355E-02  0.4613476E-03  0.1345229E-03  0.8712403E-02  0.5191624E-03
  0.5476500000000E+02  0.7610302E+00  0.8790502E-02  0.4658385E-03  0.1347277E-03  0.8729761E-02  0.5207554E-03
  0.5479833333333E+02  0.7613242E+00  0.8822543E-02  0.4703357E-03  0.1349162E-03  0.8747172E-02  0.5223403E-03
  0.5483166666667E+02  0.7616194E+00  0.8854477E-02  0.4748387E-03  0.1350881E-03  0.8764636E-02  0.5239182E-03
  0.5486500000000E+02  0.7619156E+00  0.8886302E-02  0.4793467E-03  0.1352428E-03  0.8782153E-02  0.5254899E-03
  0.5489833333333E+02  0.7622129E+00  0.8918014E-02  0.4838594E-03  0.1353800E-03  0.8799721E-02  0.5270564E-03
  0.5493166666667E+02  0.7625112E+00  0.8949614E-02  0.4883761E-03  0.1354995E-03  0.8817342E-02  0.5286186E-03
  0.5496500000000E+02  0.7628106E+00  0.8981096E-02  0.4928961E-03  0.1356007E-03  0.8835014E-02  0.5301777E-03
  0.5499833333333E+02  0.7631110E+00  0.9012461E-02  0.4974189E-03  0.1356834E-03  0.8852739E-02  0.5317345E-03
  0.5503166666667E+02  0.7634124E+00  0.9043704E-02  0.5019438E-03  0.1357474E-03  0.8870515E-02  0.5332903E-03
  0.5506500000000E+02  0.7637149E+00  0.9074823E-02  0.5064702E-03  0.1357923E-03  0.8888343E-02  0.5348460E-03
  0.5509833333333E+02  0.7640184E+00  0.9105816E-02  0.5109975E-03  0.1358180E-03  0.8906224E-02  0.5364026E-03
  0.5513166666667E+02  0.7643230E+00  0.9136681E-02  0.5155249E-03  0.1358241E-03  0.8924156E-02  0.5379612E-03
  0.5516500000000E+02  0.7646286E+00  0.9167413E-02  0.5200520E-03  0.1358107E-03  0.8942140E-02  0.5395225E-03
  0.5519833333333E+02  0.7649352E+00  0.9198012E-02  0.5245779E-03  0.1357776E-03  0.8960176E-02  0.5410876E-03
  0.5523166666667E+02  0.7652428E+00  0.9228473E-02  0.5291020E-03  0.1357247E-03  0.8978264E-02  0.5426571E-03
  0.5526500000000E+02  0.7655514E+00  0.9258794E-02  0.5336238E-03  0.1356521E-03  0.8996406E-02  0.5442319E-03
  0.5529833333333E+02  0.7658611E+00  0.9288972E-02  0.5381424E-03  0.1355598E-03  0.9014599E-02  0.5458126E-03
  0.5533166666667E+02  0.7661717E+00  0.9319004E-02  0.5426574E-03  0.1354478E-03  0.9032846E-02  0.5473996E-03
  0.5536500000000E+02  0.7664833E+00  0.9348888E-02  0.5471679E-03  0.1353164E-03  0.9051146E-02  0.5489934E-03
  0.5539833333333E+02  0.7667959E+00  0.9378620E-02  0.5516734E-03  0.1351656E-03  0.9069499E-02  0.5505943E-03
  0.5543166666667E+02  0.7671096E+00  0.9408197E-02  0.5561733E-03  0.1349959E-03  0.9087906E-02  0.5522025E-03
  0.5546500000000E+02  0.7674241E+00  0.9437617E-02  0.5606669E-03  0.1348074E-03  0.9106366E-02  0.5538181E-03
  0.5549833333333E+02  0.7677397E+00  0.9466876E-02  0.5651535E-03  0.1346005E-03  0.9124881E-02  0.5554410E-03
  0.5553166666667E+02  0.7680562E+00  0.9495971E-02  0.5696327E-03  0.1343756E-03  0.9143450E-02  0.5570710E-03
  0.5556500000000E+02  0.7683737E+00  0.9524900E-02  0.5741038E-03  0.1341331E-03  0.9162074E-02  0.5587078E-03
  0.5559833333333E+02  0.7686922E+00  0.9553659E-02  0.5785663E-03  0.1338736E-03  0.9180752E-02  0.5603509E-03
  0.5563166666667E+02  0.7690116E+00  0.9582245E-02  0.5830195E-03  0.1335975E-03  0.9199485E-02  0.5619997E-03
  0.5566500000000E+02  0.7693319E+00  0.9610655E-02  0.5874631E-03  0.1333054E-03  0.9218274E-02  0.5636535E-03
  0.5569833333333E+02  0.7696532E+00  0.9638886E-02  0.5918963E-03  0.1329979E-03  0.9237117E-02  0.5653113E-03
  0.5573166666667E+02  0.7699755E+00  0.9666935E-02  0.5963188E-03  0.1326756E-03  0.9256016E-02  0.5669724E-03
  0.5576500000000E+02  0.7702986E+00  0.9694798E-02  0.6007301E-03  0.1323391E-03  0.9274971E-02  0.5686354E-03
  0.5579833333333E+02  0.7706227E+00  0.9722472E-02  0.6051298E-03  0.1319892E-03  0.9293981E-02  0.5702993E-03
  0.5583166666667E+02  0.7709477E+00  0.9749954E-02  0.6095173E-03  0.1316266E-03  0.9313046E-02  0.5719628E-03
  0.5586500000000E+02  0.7712736E+00  0.9777239E-02  0.6138924E-03  0.1312518E-03  0.9332167E-02  0.5736245E-03
  0.5589833333333E+02  0.7716004E+00  0.9804325E-02  0.6182546E-03  0.1308657E-03  0.9351343E-02  0.5752830E-03
  0.5593166666667E+02  0.7719281E+00  0.9831208E-02  0.6226035E-03  0.1304688E-03  0.9370575E-02  0.5769369E-03
  0.5596500000000E+02  0.7722567E+00  0.9857883E-02  0.6269389E-03  0.1300619E-03  0.9389861E-02  0.5785846E-03
  0.5599833333333E+02  0.7725862E+00  0.9884346E-02  0.6312605E-03  0.1296456E-03  0.9409201E-02  0.5802248E-03
  0.5603166666667E+02  0.7729166E+00  0.9910593E-02  0.6355678E-03  0.1292205E-03  0.9428597E-02  0.5818558E-03
  0.5606500000000E+02  0.7732478E+00  0.9936619E-02  0.6398607E-03  0.1287872E-03  0.9448046E-02  0.5834764E-03
  0.5609833333333E+02  0.7735799E+00  0.9962419E-02  0.6441389E-03  0.1283463E-03  0.9467549E-02  0.5850852E-03
  0.5613166666667E+02  0.7739128E+00  0.9987988E-02  0.6484022E-03  0.1278982E-03  0.9487105E-02  0.5866807E-03
  0.5616500000000E+02  0.7742466E+00  0.1001332E-01  0.6526503E-03  0.1274434E-03  0.9506713E-02  0.5882617E-03
  0.5619833333333E+02  0.7745812E+00  0.1003841E-01  0.6568831E-03  0.1269823E-03  0.9526374E-02  0.5898272E-03
  0.5623166666667E+02  0.7749166E+00  0.1006325E-01  0.6611002E-03  0.1265151E-03  0.9546087E-02  0.5913760E-03
  0.5626500000000E+02  0.7752529E+00  0.1008784E-01  0.6653016E-03  0.1260422E-03  0.9565850E-02  0.5929071E-03
  0.5629833333333E+02  0.7755900E+00  0.1011216E-01  0.6694871E-03  0.1255638E-03  0.9585664E-02  0.5944197E-03
  0.5633166666667E+02  0.7759278E+00  0.1013622E-01  0.6736564E-03  0.1250799E-03  0.9605528E-02  0.5959129E-03
  0.5636500000000E+02  0.7762665E+00  0.1016000E-01  0.6778094E-03  0.1245908E-03  0.9625441E-02  0.5973862E-03
  0.5639833333333E+02  0.7766060E+00  0.1018350E-01  0.6819460E-03  0.1240965E-03  0.9645402E-02  0.5988388E-03
  0.5643166666667E+02  0.7769462E+00  0.1020671E-01  0.6860659E-03  0.1235970E-03  0.9665411E-02  0.6002703E-03
  0.5646500000000E+02  0.7772872E+00  0.1022962E-01  0.6901690E-03  0.1230923E-03  0.9685467E-02  0.6016801E-03
  0.5649833333333E+02  0.7776289E+00  0.1025223E-01  0.6942551E-03  0.1225823E-03  0.9705570E-02  0.6030677E-03
  0.5653166666667E+02  0.7779714E+00  0.1027452E-01  0.6983239E-03  0.1220669E-03  0.9725717E-02  0.6044329E-03
  0.5656500000000E+02  0.7783146E+00  0.1029650E-01  0.7023755E-03  0.1215461E-03  0.9745910E-02  0.6057751E-03
  0.5659833333333E+02  0.7786586E+00  0.1031814E-01  0.7064095E-03  0.1210198E-03  0.9766146E-02  0.6070941E-03
  0.5663166666667E+02  0.7790032E+00  0.1033945E-01  0.7104257E-03  0.1204879E-03  0.9786426E-02  0.6083894E-03
  0.5666500000000E+02  0.7793485E+00  0.1036042E-01  0.7144241E-03  0.1199502E-03  0.9806748E-02  0.6096606E-03
  0.5669833333333E+02  0.7796946E+00  0.1038103E-01  0.7184043E-03  0.1194068E-03  0.9827112E-02  0.6109073E-03
  0.5673166666667E+02  0.7800413E+00  0.1040129E-01  0.7223662E-03  0.1188575E-03  0.9847516E-02  0.6121291E-03
  0.5676500000000E+02  0.7803887E+00  0.1042118E-01  0.7263096E-03  0.1183022E-03  0.9867960E-02  0.6133255E-03
  0.5679833333333E+02  0.7807367E+00  0.1044071E-01  0.7302343E-03  0.1177410E-03  0.9888443E-02  0.6144960E-03
  0.5683166666667E+02  0.7810854E+00  0.1045985E-01  0.7341401E-03  0.1171738E-03  0.9908965E-02  0.6156400E-03
  0.5686500000000E+02  0.7814346E+00  0.1047861E-01  0.7380268E-03  0.1166007E-03  0.9929523E-02  0.6167569E-03
  0.5689833333333E+02  0.7817845E+00  0.1049697E-01  0.7418942E-03  0.1160216E-03  0.9950118E-02  0.6178462E-03
  0.5693166666667E+02  0.7821350E+00  0.1051494E-01  0.7457421E-03  0.1154366E-03  0.9970748E-02  0.6189070E-03
  0.5696500000000E+02  0.7824861E+00  0.1053251E-01  0.7495703E-03  0.1148458E-03  0.9991413E-02  0.6199387E-03
  0.5699833333333E+02  0.7828378E+00  0.1054967E-01  0.7533786E-03  0.1142493E-03  0.1001211E-01  0.6209406E-03
  0.5703166666667E+02  0.7831900E+00  0.1056642E-01  0.7571668E-03  0.1136471E-03  0.1003284E-01  0.6219119E-03
  0.5706500000000E+02  0.7835427E+00  0.1058275E-01  0.7609348E-03  0.1130394E-03  0.1005360E-01  0.6228518E-03
  0.5709833333333E+02  0.7838960E+00  0.1059867E-01  0.7646824E-03  0.1124264E-03  0.1007440E-01  0.6237595E-03
  0.5713166666667E+02  0.7842498E+00  0.1061415E-01  0.7684093E-03  0.1118081E-03  0.1009522E-01  0.6246342E-03
  0.5716500000000E+02  0.7846041E+00  0.1062921E-01  0.7721155E-03  0.1111847E-03  0.1011607E-01  0.6254750E-03
  0.5719833333333E+02  0.7849589E+00  0.1064383E-01  0.7758007E-03  0.1105565E-03  0.1013694E-01  0.6262811E-03
  0.5723166666667E+02  0.7853142E+00  0.1065802E-01  0.7794648E-03  0.1099236E-03  0.1015784E-01  0.6270516E-03
  0.5726500000000E+02  0.7856699E+00  0.1067177E-01  0.7831077E-03  0.1092863E-03  0.1017877E-01  0.6277855E-03
  0.5729833333333E+02  0.7860261E+00  0.1068508E-01  0.7867292E-03  0.1086448E-03  0.1019972E-01  0.6284821E-03
  0.5733166666667E+02  0.7863827E+00  0.1069794E-01  0.7903291E-03  0.1079994E-03  0.1022069E-01  0.6291404E-03
  0.5736500000000E+02  0.7867397E+00  0.1071036E-01  0.7939075E-03  0.1073503E-03  0.1024168E-01  0.6297596E-03
  0.5739833333333E+02  0.7870971E+00  0.1072234E-01  0.7974641E-03  0.1066980E-03  0.1026269E-01  0.6303386E-03
  0.5743166666667E+02  0.7874549E+00  0.1073387E-01  0.8009988E-03  0.1060426E-03  0.1028372E-01  0.6308767E-03
  0.5746500000000E+02  0.7878131E+00  0.1074495E-01  0.8045117E-03  0.1053846E-03  0.1030477E-01  0.6313729E-03
  0.5749833333333E+02  0.7881716E+00  0.1075558E-01  0.8080025E-03  0.1047245E-03  0.1032583E-01  0.6318263E-03
  0.5753166666667E+02  0.7885305E+00  0.1076577E-01  0.8114712E-03  0.1040625E-03  0.1034690E-01  0.6322360E-03
  0.5756500000000E+02  0.7888896E+00  0.1077551E-01  0.8149179E-03  0.1033991E-03  0.1036799E-01  0.6326013E-03
  0.5759833333333E+02  0.7892491E+00  0.1078480E-01  0.8183424E-03  0.1027348E-03  0.1038909E-01  0.6329213E-03
  0.5763166666667E+02  0.7896089E+00  0.1079365E-01  0.8217447E-03  0.1020701E-03  0.1041019E-01  0.6331953E-03
  0.5766500000000E+02  0.7899690E+00  0.1080206E-01  0.8251249E-03  0.1014054E-03  0.1043131E-01  0.6334226E-03
  0.5769833333333E+02  0.7903293E+00  0.1081002E-01  0.8284829E-03  0.1007411E-03  0.1045243E-01  0.6336027E-03
  0.5773166666667E+02  0.7906899E+00  0.1081754E-01  0.8318188E-03  0.1000778E-03  0.1047355E-01  0.6337350E-03
  0.5776500000000E+02  0.7910507E+00  0.1082462E-01  0.8351327E-03  0.9941583E-04  0.1049468E-01  0.6338192E-03
  0.5779833333333E+02  0.7914118E+00  0.1083126E-01  0.8384245E-03  0.9875565E-04  0.1051581E-01  0.6338549E-03
  0.5783166666667E+02  0.7917730E+00  0.1083747E-01  0.8416945E-03  0.9809763E-04  0.1053694E-01  0.6338422E-03
  0.5786500000000E+02  0.7921345E+00  0.1084325E-01  0.8449425E-03  0.9744207E-04  0.1055806E-01  0.6337811E-03
  0.5789833333333E+02  0.7924961E+00  0.1084859E-01  0.8481688E-03  0.9678927E-04  0.1057919E-01  0.6336718E-03
  0.5793166666667E+02  0.7928579E+00  0.1085351E-01  0.8513735E-03  0.9613941E-04  0.1060030E-01  0.6335147E-03
  0.5796500000000E+02  0.7932198E+00  0.1085800E-01  0.8545566E-03  0.9549263E-04  0.1062141E-01  0.6333105E-03
  0.5799833333333E+02  0.7935819E+00  0.1086206E-01  0.8577182E-03  0.9484899E-04  0.1064251E-01  0.6330598E-03
  0.5803166666667E+02  0.7939441E+00  0.1086570E-01  0.8608585E-03  0.9420845E-04  0.1066361E-01  0.6327637E-03
  0.5806500000000E+02  0.7943064E+00  0.1086892E-01  0.8639775E-03  0.9357088E-04  0.1068469E-01  0.6324233E-03
  0.5809833333333E+02  0.7946688E+00  0.1087172E-01  0.8670754E-03  0.9293609E-04  0.1070576E-01  0.6320401E-03
  0.5813166666667E+02  0.7950312E+00  0.1087410E-01  0.8701522E-03  0.9230376E-04  0.1072681E-01  0.6316155E-03
  0.5816500000000E+02  0.7953938E+00  0.1087606E-01  0.8732080E-03  0.9167349E-04  0.1074785E-01  0.6311513E-03
  0.5819833333333E+02  0.7957563E+00  0.1087761E-01  0.8762428E-03  0.9104479E-04  0.1076887E-01  0.6306493E-03
  0.5823166666667E+02  0.7961190E+00  0.1087875E-01  0.8792567E-03  0.9041709E-04  0.1078987E-01  0.6301115E-03
  0.5826500000000E+02  0.7964816E+00  0.1087947E-01  0.8822497E-03  0.8978973E-04  0.1081086E-01  0.6295401E-03
  0.5829833333333E+02  0.7968443E+00  0.1087978E-01  0.8852218E-03  0.8916197E-04  0.1083182E-01  0.6289373E-03
  0.5833166666667E+02  0.7972069E+00  0.1087968E-01  0.8881729E-03  0.8853302E-04  0.1085277E-01  0.6283055E-03
  0.5836500000000E+02  0.7975696E+00  0.1087918E-01  0.8911029E-03  0.8790201E-04  0.1087369E-01  0.6276470E-03
  0.5839833333333E+02  0.7979322E+00  0.1087827E-01  0.8940119E-03  0.8726803E-04  0.1089459E-01  0.6269644E-03
  0.5843166666667E+02  0.7982947E+00  0.1087695E-01  0.8968995E-03  0.8663013E-04  0.1091546E-01  0.6262600E-03
  0.5846500000000E+02  0.7986573E+00  0.1087523E-01  0.8997658E-03  0.8598733E-04  0.1093631E-01  0.6255365E-03
  0.5849833333333E+02  0.7990197E+00  0.1087311E-01  0.9026104E-03  0.8533862E-04  0.1095714E-01  0.6247964E-03
  0.5853166666667E+02  0.7993820E+00  0.1087060E-01  0.9054332E-03  0.8468300E-04  0.1097794E-01  0.6240421E-03
  0.5856500000000E+02  0.7997443E+00  0.1086768E-01  0.9082338E-03  0.8401946E-04  0.1099872E-01  0.6232762E-03
  0.5859833333333E+02  0.8001064E+00  0.1086438E-01  0.9110120E-03  0.8334699E-04  0.1101947E-01  0.6225009E-03
  0.5863166666667E+02  0.8004685E+00  0.1086068E-01  0.9137675E-03  0.8266463E-04  0.1104019E-01  0.6217187E-03
  0.5866500000000E+02  0.8008304E+00  0.1085660E-01  0.9164999E-03  0.8197143E-04  0.1106089E-01  0.6209318E-03
  0.5869833333333E+02  0.8011921E+00  0.1085214E-01  0.9192088E-03  0.8126650E-04  0.1108156E-01  0.6201423E-03
  0.5873166666667E+02  0.8015537E+00  0.1084730E-01  0.9218938E-03  0.8054897E-04  0.1110221E-01  0.6193525E-03
  0.5876500000000E+02  0.8019151E+00  0.1084208E-01  0.9245544E-03  0.7981805E-04  0.1112282E-01  0.6185641E-03
  0.5879833333333E+02  0.8022763E+00  0.1083648E-01  0.9271901E-03  0.7907303E-04  0.1114342E-01  0.6177790E-03
  0.5883166666667E+02  0.8026373E+00  0.1083053E-01  0.9298006E-03  0.7831325E-04  0.1116398E-01  0.6169989E-03
  0.5886500000000E+02  0.8029981E+00  0.1082421E-01  0.9323852E-03  0.7753814E-04  0.1118452E-01  0.6162254E-03
  0.5889833333333E+02  0.8033587E+00  0.1081753E-01  0.9349434E-03  0.7674720E-04  0.1120504E-01  0.6154599E-03
  0.5893166666667E+02  0.8037190E+00  0.1081050E-01  0.9374747E-03  0.7594004E-04  0.1122553E-01  0.6147036E-03
  0.5896500000000E+02  0.8040792E+00  0.1080312E-01  0.9399786E-03  0.7511635E-04  0.1124599E-01  0.6139576E-03
  0.5899833333333E+02  0.8044390E+00  0.1079540E-01  0.9424545E-03  0.7427593E-04  0.1126644E-01  0.6132229E-03
  0.5903166666667E+02  0.8047986E+00  0.1078734E-01  0.9449018E-03  0.7341865E-04  0.1128685E-01  0.6125002E-03
  0.5906500000000E+02  0.8051579E+00  0.1077896E-01  0.9473199E-03  0.7254448E-04  0.1130725E-01  0.6117903E-03
  0.5909833333333E+02  0.8055169E+00  0.1077024E-01  0.9497084E-03  0.7165351E-04  0.1132761E-01  0.6110934E-03
  0.5913166666667E+02  0.8058756E+00  0.1076121E-01  0.9520666E-03  0.7074589E-04  0.1134796E-01  0.6104100E-03
  0.5916500000000E+02  0.8062340E+00  0.1075186E-01  0.9543940E-03  0.6982187E-04  0.1136829E-01  0.6097403E-03
  0.5919833333333E+02  0.8065921E+00  0.1074220E-01  0.9566900E-03  0.6888177E-04  0.1138859E-01  0.6090842E-03
  0.5923166666667E+02  0.8069498E+00  0.1073223E-01  0.9589542E-03  0.6792600E-04  0.1140887E-01  0.6084416E-03
  0.5926500000000E+02  0.8073072E+00  0.1072197E-01  0.9611861E-03  0.6695503E-04  0.1142913E-01  0.6078125E-03
  0.5929833333333E+02  0.8076642E+00  0.1071141E-01  0.9633850E-03  0.6596939E-04  0.1144937E-01  0.6071963E-03
  0.5933166666667E+02  0.8080209E+00  0.1070057E-01  0.9655507E-03  0.6496967E-04  0.1146959E-01  0.6065927E-03
  0.5936500000000E+02  0.8083772E+00  0.1068944E-01  0.9676826E-03  0.6395651E-04  0.1148979E-01  0.6060011E-03
  0.5939833333333E+02  0.8087332E+00  0.1067803E-01  0.9697803E-03  0.6293057E-04  0.1150997E-01  0.6054209E-03
  0.5943166666667E+02  0.8090887E+00  0.1066634E-01  0.9718434E-03  0.6189256E-04  0.1153013E-01  0.6048514E-03
  0.5946500000000E+02  0.8094439E+00  0.1065439E-01  0.9738715E-03  0.6084321E-04  0.1155028E-01  0.6042920E-03
  0.5949833333333E+02  0.8097986E+00  0.1064217E-01  0.9758642E-03  0.5978325E-04  0.1157040E-01  0.6037417E-03
  0.5953166666667E+02  0.8101529E+00  0.1062969E-01  0.9778214E-03  0.5871345E-04  0.1159051E-01  0.6031997E-03
  0.5956500000000E+02  0.8105068E+00  0.1061694E-01  0.9797425E-03  0.5763455E-04  0.1161060E-01  0.6026653E-03
  0.5959833333333E+02  0.8108603E+00  0.1060395E-01  0.9816274E-03  0.5654731E-04  0.1163067E-01  0.6021374E-03
  0.5963166666667E+02  0.8112133E+00  0.1059071E-01  0.9834758E-03  0.5545248E-04  0.1165072E-01  0.6016153E-03
  0.5966500000000E+02  0.8115659E+00  0.1057721E-01  0.9852875E-03  0.5435081E-04  0.1167076E-01  0.6010979E-03
  0.5969833333333E+02  0.8119180E+00  0.1056348E-01  0.9870623E-03  0.5324301E-04  0.1169078E-01  0.6005844E-03
  0.5973166666667E+02  0.8122697E+00  0.1054950E-01  0.9888000E-03  0.5212980E-04  0.1171078E-01  0.6000738E-03
  0.5976500000000E+02  0.8126208E+00  0.1053529E-01  0.9905003E-03  0.5101186E-04  0.1173077E-01  0.5995653E-03
  0.5979833333333E+02  0.8129715E+00  0.1052084E-01  0.9921633E-03  0.4988986E-04  0.1175073E-01  0.5990580E-03
  0.5983166666667E+02  0.8133217E+00  0.1050617E-01  0.9937888E-03  0.4876444E-04  0.1177069E-01  0.5985511E-03
  0.5986500000000E+02  0.8136714E+00  0.1049126E-01  0.9953767E-03  0.4763621E-04  0.1179062E-01  0.5980438E-03
  0.5989833333333E+02  0.8140207E+00  0.1047613E-01  0.9969269E-03  0.4650575E-04  0.1181054E-01  0.5975352E-03
  0.5993166666667E+02  0.8143693E+00  0.1046078E-01  0.9984393E-03  0.4537363E-04  0.1183044E-01  0.5970247E-03
  0.5996500000000E+02  0.8147175E+00  0.1044520E-01  0.9999140E-03  0.4424037E-04  0.1185032E-01  0.5965116E-03
  0.5999833333333E+02  0.8150652E+00  0.1042941E-01  0.1001351E-02  0.4310647E-04  0.1187019E-01  0.5959952E-03
  0.6003166666667E+02  0.8154123E+00  0.1041341E-01  0.1002750E-02  0.4197241E-04  0.1189004E-01  0.5954749E-03
  0.6006500000000E+02  0.8157589E+00  0.1039719E-01  0.1004111E-02  0.4083864E-04  0.1190987E-01  0.5949502E-03
  0.6009833333333E+02  0.8161049E+00  0.1038077E-01  0.1005435E-02  0.3970558E-04  0.1192968E-01  0.5944206E-03
  0.6013166666667E+02  0.8164503E+00  0.1036413E-01  0.1006721E-02  0.3857363E-04  0.1194948E-01  0.5938855E-03
  0.6016500000000E+02  0.8167953E+00  0.1034730E-01  0.1007969E-02  0.3744317E-04  0.1196926E-01  0.5933446E-03
  0.6019833333333E+02  0.8171396E+00  0.1033026E-01  0.1009179E-02  0.3631456E-04  0.1198902E-01  0.5927974E-03
  0.6023166666667E+02  0.8174834E+00  0.1031302E-01  0.1010352E-02  0.3518817E-04  0.1200876E-01  0.5922436E-03
  0.6026500000000E+02  0.8178266E+00  0.1029558E-01  0.1011488E-02  0.3406432E-04  0.1202848E-01  0.5916828E-03
  0.6029833333333E+02  0.8181692E+00  0.1027796E-01  0.1012586E-02  0.3294336E-04  0.1204819E-01  0.5911147E-03
  0.6033166666667E+02  0.8185112E+00  0.1026013E-01  0.1013647E-02  0.3182560E-04  0.1206787E-01  0.5905390E-03
  0.6036500000000E+02  0.8188526E+00  0.1024213E-01  0.1014670E-02  0.3071138E-04  0.1208754E-01  0.5899554E-03
  0.6039833333333E+02  0.8191934E+00  0.1022393E-01  0.1015657E-02  0.2960103E-04  0.1210718E-01  0.5893636E-03
  0.6043166666667E+02  0.8195335E+00  0.1020555E-01  0.1016607E-02  0.2849486E-04  0.1212681E-01  0.5887634E-03
  0.6046500000000E+02  0.8198731E+00  0.1018699E-01  0.1017520E-02  0.2739322E-04  0.1214641E-01  0.5881546E-03
  0.6049833333333E+02  0.8202121E+00  0.1016825E-01  0.1018396E-02  0.2629646E-04  0.1216600E-01  0.5875367E-03
  0.6053166666667E+02  0.8205504E+00  0.1014934E-01  0.1019237E-02  0.2520493E-04  0.1218556E-01  0.5869098E-03
  0.6056500000000E+02  0.8208880E+00  0.1013025E-01  0.1020041E-02  0.2411900E-04  0.1220510E-01  0.5862734E-03
  0.6059833333333E+02  0.8212251E+00  0.1011099E-01  0.1020809E-02  0.2303903E-04  0.1222462E-01  0.5856274E-03
  0.6063166666667E+02  0.8215615E+00  0.1009157E-01  0.1021541E-02  0.2196543E-04  0.1224412E-01  0.5849715E-03
  0.6066500000000E+02  0.8218972E+00  0.1007198E-01  0.1022237E-02  0.2089858E-04  0.1226360E-01  0.5843056E-03
  0.6069833333333E+02  0.8222323E+00  0.1005222E-01  0.1022899E-02  0.1983891E-04  0.1228305E-01  0.5836294E-03
  0.6073166666667E+02  0.8225667E+00  0.1003231E-01  0.1023525E-02  0.1878682E-04  0.1230249E-01  0.5829427E-03
  0.6076500000000E+02  0.8229004E+00  0.1001224E-01  0.1024116E-02  0.1774276E-04  0.1232189E-01  0.5822453E-03
  0.6079833333333E+02  0.8232335E+00  0.9992010E-02  0.1024673E-02  0.1670713E-04  0.1234128E-01  0.5815370E-03
  0.6083166666667E+02  0.8235659E+00  0.9971629E-02  0.1025196E-02  0.1568040E-04  0.1236064E-01  0.5808176E-03
  0.6086500000000E+02  0.8238976E+00  0.9951096E-02  0.1025685E-02  0.1466297E-04  0.1237998E-01  0.5800870E-03
  0.6089833333333E+02  0.8242286E+00  0.9930413E-02  0.1026140E-02  0.1365528E-04  0.1239929E-01  0.5793450E-03
  0.6093166666667E+02  0.8245589E+00  0.9909581E-02  0.1026562E-02  0.1265775E-04  0.1241857E-01  0.5785915E-03
  0.6096500000000E+02  0.8248885E+00  0.9888603E-02  0.1026951E-02  0.1167078E-04  0.1243783E-01  0.5778264E-03
  0.6099833333333E+02  0.8252174E+00  0.9867478E-02  0.1027307E-02  0.1069476E-04  0.1245707E-01  0.5770495E-03
  0.6103166666667E+02  0.8255456E+00  0.9846209E-02  0.1027632E-02  0.9730059E-05  0.1247628E-01  0.5762608E-03
  0.6106500000000E+02  0.8258731E+00  0.9824797E-02  0.1027924E-02  0.8777024E-05  0.1249546E-01  0.5754603E-03
  0.6109833333333E+02  0.8261999E+00  0.9803242E-02  0.1028185E-02  0.7835975E-05  0.1251461E-01  0.5746479E-03
  0.6113166666667E+02  0.8265260E+00  0.9781544E-02  0.1028416E-02  0.6907202E-05  0.1253374E-01  0.5738237E-03
  0.6116500000000E+02  0.8268513E+00  0.9759706E-02  0.1028615E-02  0.5990966E-05  0.1255284E-01  0.5729876E-03
  0.6119833333333E+02  0.8271759E+00  0.9737727E-02  0.1028785E-02  0.5087496E-05  0.1257191E-01  0.5721397E-03
  0.6123166666667E+02  0.8274997E+00  0.9715608E-02  0.1028925E-02  0.4196988E-05  0.1259096E-01  0.5712802E-03
  0.6126500000000E+02  0.8278228E+00  0.9693349E-02  0.1029035E-02  0.3319605E-05  0.1260997E-01  0.5704091E-03
  0.6129833333333E+02  0.8281452E+00  0.9670950E-02  0.1029117E-02  0.2455479E-05  0.1262895E-01  0.5695265E-03
  0.6133166666667E+02  0.8284668E+00  0.9648412E-02  0.1029171E-02  0.1604708E-05  0.1264791E-01  0.5686328E-03
  0.6136500000000E+02  0.8287877E+00  0.9625736E-02  0.1029196E-02  0.7673617E-06  0.1266683E-01  0.5677279E-03
  0.6139833333333E+02  0.8291078E+00  0.9602921E-02  0.1029194E-02 -0.5652082E-07  0.1268573E-01  0.5668121E-03
  0.6143166666667E+02  0.8294271E+00  0.9579967E-02  0.1029166E-02 -0.8669259E-06  0.1270459E-01  0.5658857E-03
  0.6146500000000E+02  0.8297457E+00  0.9556876E-02  0.1029110E-02 -0.1663865E-05  0.1272342E-01  0.5649488E-03
  0.6149833333333E+02  0.8300635E+00  0.9533648E-02  0.1029029E-02 -0.2447370E-05  0.1274222E-01  0.5640017E-03
  0.6153166666667E+02  0.8303805E+00  0.9510283E-02  0.1028921E-02 -0.3217494E-05  0.1276099E-01  0.5630445E-03
  0.6156500000000E+02  0.8306967E+00  0.9486781E-02  0.1028789E-02 -0.3974305E-05  0.1277972E-01  0.5620776E-03
  0.6159833333333E+02  0.8310121E+00  0.9463144E-02  0.1028632E-02 -0.4717887E-05  0.1279843E-01  0.5611012E-03
  0.6163166666667E+02  0.8313268E+00  0.9439372E-02  0.1028450E-02 -0.5448334E-05  0.1281710E-01  0.5601154E-03
  0.6166500000000E+02  0.8316406E+00  0.9415466E-02  0.1028244E-02 -0.6165750E-05  0.1283574E-01  0.5591205E-03
  0.6169833333333E+02  0.8319537E+00  0.9391427E-02  0.1028015E-02 -0.6870245E-05  0.1285434E-01  0.5581168E-03
  0.6173166666667E+02  0.8322659E+00  0.9367257E-02  0.1027763E-02 -0.7561933E-05  0.1287291E-01  0.5571043E-03
  0.6176500000000E+02  0.8325774E+00  0.9342956E-02  0.1027489E-02 -0.8240935E-05  0.1289145E-01  0.5560834E-03
  0.6179833333333E+02  0.8328880E+00  0.9318525E-02  0.1027192E-02 -0.8907369E-05  0.1290995E-01  0.5550541E-03
  0.6183166666667E+02  0.8331978E+00  0.9293968E-02  0.1026873E-02 -0.9561355E-05  0.1292842E-01  0.5540166E-03
  0.6186500000000E+02  0.8335067E+00  0.9269284E-02  0.1026533E-02 -0.1020301E-04  0.1294685E-01  0.5529711E-03
  0.6189833333333E+02  0.8338149E+00  0.9244476E-02  0.1026172E-02 -0.1083246E-04  0.1296524E-01  0.5519177E-03
  0.6193166666667E+02  0.8341222E+00  0.9219546E-02  0.1025790E-02 -0.1144981E-04  0.1298361E-01  0.5508565E-03
  0.6196500000000E+02  0.8344287E+00  0.9194496E-02  0.1025388E-02 -0.1205518E-04  0.1300193E-01  0.5497876E-03
  0.6199833333333E+02  0.8347343E+00  0.9169328E-02  0.1024967E-02 -0.1264868E-04  0.1302022E-01  0.5487111E-03
  0.6203166666667E+02  0.8350391E+00  0.9144044E-02  0.1024526E-02 -0.1323041E-04  0.1303848E-01  0.5476270E-03
  0.6206500000000E+02  0.8353431E+00  0.9118646E-02  0.1024066E-02 -0.1380050E-04  0.1305670E-01  0.5465354E-03
  0.6209833333333E+02  0.8356462E+00  0.9093137E-02  0.1023587E-02 -0.1435904E-04  0.1307488E-01  0.5454365E-03
  0.6213166666667E+02  0.8359485E+00  0.9067520E-02  0.1023090E-02 -0.1490615E-04  0.1309302E-01  0.5443301E-03
  0.6216500000000E+02  0.8362498E+00  0.9041796E-02  0.1022575E-02 -0.1544193E-04  0.1311113E-01  0.5432163E-03
  0.6219833333333E+02  0.8365504E+00  0.9015969E-02  0.1022043E-02 -0.1596649E-04  0.1312920E-01  0.5420953E-03
  0.6223166666667E+02  0.8368500E+00  0.8990042E-02  0.1021494E-02 -0.1647995E-04  0.1314723E-01  0.5409669E-03
  0.6226500000000E+02  0.8371488E+00  0.8964016E-02  0.1020928E-02 -0.1698242E-04  0.1316522E-01  0.5398313E-03
  0.6229833333333E+02  0.8374468E+00  0.8937895E-02  0.1020345E-02 -0.1747403E-04  0.1318318E-01  0.5386884E-03
  0.6233166666667E+02  0.8377438E+00  0.8911681E-02  0.1019747E-02 -0.1795490E-04  0.1320110E-01  0.5375383E-03
  0.6236500000000E+02  0.8380400E+00  0.8885378E-02  0.1019133E-02 -0.1842517E-04  0.1321898E-01  0.5363810E-03
  0.6239833333333E+02  0.8383353E+00  0.8858988E-02  0.1018503E-02 -0.1888497E-04  0.1323682E-01  0.5352166E-03
  0.6243166666667E+02  0.8386297E+00  0.8832514E-02  0.1017859E-02 -0.1933446E-04  0.1325462E-01  0.5340452E-03
  0.6246500000000E+02  0.8389233E+00  0.8805959E-02  0.1017200E-02 -0.1977378E-04  0.1327238E-01  0.5328667E-03
  0.6249833333333E+02  0.8392159E+00  0.8779326E-02  0.1016526E-02 -0.2020310E-04  0.1329011E-01  0.5316814E-03
  0.6253166666667E+02  0.8395077E+00  0.8752616E-02  0.1015839E-02 -0.2062259E-04  0.1330779E-01  0.5304892E-03
  0.6256500000000E+02  0.8397985E+00  0.8725834E-02  0.1015138E-02 -0.2103242E-04  0.1332543E-01  0.5292903E-03
  0.6259833333333E+02  0.8400885E+00  0.8698982E-02  0.1014423E-02 -0.2143280E-04  0.1334303E-01  0.5280847E-03
  0.6263166666667E+02  0.8403776E+00  0.8672062E-02  0.1013696E-02 -0.2182390E-04  0.1336060E-01  0.5268728E-03
  0.6266500000000E+02  0.8406657E+00  0.8645077E-02  0.1012956E-02 -0.2220593E-04  0.1337812E-01  0.5256545E-03
  0.6269833333333E+02  0.8409530E+00  0.8618030E-02  0.1012203E-02 -0.2257910E-04  0.1339560E-01  0.5244300E-03
  0.6273166666667E+02  0.8412394E+00  0.8590923E-02  0.1011438E-02 -0.2294363E-04  0.1341304E-01  0.5231996E-03
  0.6276500000000E+02  0.8415248E+00  0.8563759E-02  0.1010661E-02 -0.2329975E-04  0.1343044E-01  0.5219634E-03
  0.6279833333333E+02  0.8418094E+00  0.8536541E-02  0.1009873E-02 -0.2364768E-04  0.1344780E-01  0.5207216E-03
  0.6283166666667E+02  0.8420930E+00  0.8509270E-02  0.1009074E-02 -0.2398766E-04  0.1346511E-01  0.5194744E-03
  0.6286500000000E+02  0.8423757E+00  0.8481949E-02  0.1008263E-02 -0.2431992E-04  0.1348239E-01  0.5182221E-03
  0.6289833333333E+02  0.8426576E+00  0.8454580E-02  0.1007441E-02 -0.2464473E-04  0.1349962E-01  0.5169649E-03
  0.6293166666667E+02  0.8429385E+00  0.8427167E-02  0.1006609E-02 -0.2496231E-04  0.1351681E-01  0.5157030E-03
  0.6296500000000E+02  0.8432185E+00  0.8399710E-02  0.1005767E-02 -0.2527293E-04  0.1353396E-01  0.5144367E-03
  0.6299833333333E+02  0.8434975E+00  0.8372213E-02  0.1004914E-02 -0.2557683E-04  0.1355106E-01  0.5131662E-03
  0.6303166666667E+02  0.8437757E+00  0.8344678E-02  0.1004052E-02 -0.2587428E-04  0.1356812E-01  0.5118916E-03
  0.6306500000000E+02  0.8440529E+00  0.8317106E-02  0.1003180E-02 -0.2616552E-04  0.1358514E-01  0.5106133E-03
  0.6309833333333E+02  0.8443292E+00  0.8289501E-02  0.1002298E-02 -0.2645082E-04  0.1360212E-01  0.5093315E-03
  0.6313166666667E+02  0.8446046E+00  0.8261864E-02  0.1001407E-02 -0.2673043E-04  0.1361906E-01  0.5080463E-03
  0.6316500000000E+02  0.8448791E+00  0.8234197E-02  0.1000507E-02 -0.2700461E-04  0.1363595E-01  0.5067580E-03
  0.6319833333333E+02  0.8451527E+00  0.8206502E-02  0.9995978E-03 -0.2727360E-04  0.1365280E-01  0.5054667E-03
  0.6323166666667E+02  0.8454253E+00  0.8178782E-02  0.9986798E-03 -0.2753767E-04  0.1366960E-01  0.5041725E-03
  0.6326500000000E+02  0.8456970E+00  0.8151038E-02  0.9977533E-03 -0.2779705E-04  0.1368637E-01  0.5028756E-03
  0.6329833333333E+02  0.8459678E+00  0.8123273E-02  0.9968182E-03 -0.2805200E-04  0.1370309E-01  0.5015762E-03
  0.6333166666667E+02  0.8462376E+00  0.8095488E-02  0.9958748E-03 -0.2830277E-04  0.1371976E-01  0.5002742E-03
  0.6336500000000E+02  0.8465065E+00  0.8067685E-02  0.9949231E-03 -0.2854958E-04  0.1373639E-01  0.4989698E-03
  0.6339833333333E+02  0.8467745E+00  0.8039866E-02  0.9939634E-03 -0.2879269E-04  0.1375298E-01  0.4976630E-03
  0.6343166666667E+02  0.8470416E+00  0.8012033E-02  0.9929956E-03 -0.2903232E-04  0.1376953E-01  0.4963537E-03
  0.6346500000000E+02  0.8473077E+00  0.7984188E-02  0.9920200E-03 -0.2926871E-04  0.1378603E-01  0.4950420E-03
  0.6349833333333E+02  0.8475729E+00  0.7956331E-02  0.9910366E-03 -0.2950208E-04  0.1380249E-01  0.4937278E-03
  0.6353166666667E+02  0.8478372E+00  0.7928466E-02  0.9900455E-03 -0.2973267E-04  0.1381890E-01  0.4924111E-03
  0.6356500000000E+02  0.8481006E+00  0.7900593E-02  0.9890468E-03 -0.2996069E-04  0.1383527E-01  0.4910917E-03
  0.6359833333333E+02  0.8483630E+00  0.7872714E-02  0.9880406E-03 -0.3018637E-04  0.1385160E-01  0.4897696E-03
  0.6363166666667E+02  0.8486245E+00  0.7844830E-02  0.9870269E-03 -0.3040993E-04  0.1386788E-01  0.4884445E-03
  0.6366500000000E+02  0.8488851E+00  0.7816944E-02  0.9860059E-03 -0.3063158E-04  0.1388411E-01  0.4871164E-03
  0.6369833333333E+02  0.8491447E+00  0.7789055E-02  0.9849775E-03 -0.3085153E-04  0.1390031E-01  0.4857851E-03
  0.6373166666667E+02  0.8494034E+00  0.7761167E-02  0.9839418E-03 -0.3107001E-04  0.1391646E-01  0.4844504E-03
  0.6376500000000E+02  0.8496612E+00  0.7733280E-02  0.9828989E-03 -0.3128721E-04  0.1393256E-01  0.4831120E-03
  0.6379833333333E+02  0.8499180E+00  0.7705396E-02  0.9818488E-03 -0.3150335E-04  0.1394862E-01  0.4817699E-03
  0.6383166666667E+02  0.8501739E+00  0.7677515E-02  0.9807915E-03 -0.3171864E-04  0.1396463E-01  0.4804237E-03
  0.6386500000000E+02  0.8504289E+00  0.7649640E-02  0.9797271E-03 -0.3193327E-04  0.1398060E-01  0.4790734E-03
  0.6389833333333E+02  0.8506830E+00  0.7621772E-02  0.9786555E-03 -0.3214745E-04  0.1399653E-01  0.4777186E-03
  0.6393166666667E+02  0.8509361E+00  0.7593912E-02  0.9775768E-03 -0.3236139E-04  0.1401240E-01  0.4763592E-03
  0.6396500000000E+02  0.8511883E+00  0.7566060E-02  0.9764910E-03 -0.3257527E-04  0.1402824E-01  0.4749950E-03
  0.6399833333333E+02  0.8514396E+00  0.7538220E-02  0.9753980E-03 -0.3278929E-04  0.1404402E-01  0.4736258E-03
  0.6403166666667E+02  0.8516899E+00  0.7510391E-02  0.9742979E-03 -0.3300364E-04  0.1405977E-01  0.4722514E-03
  0.6406500000000E+02  0.8519394E+00  0.7482575E-02  0.9731906E-03 -0.3321851E-04  0.1407546E-01  0.4708717E-03
  0.6409833333333E+02  0.8521879E+00  0.7454773E-02  0.9720761E-03 -0.3343409E-04  0.1409111E-01  0.4694865E-03
  0.6413166666667E+02  0.8524354E+00  0.7426987E-02  0.9709544E-03 -0.3365053E-04  0.1410671E-01  0.4680957E-03
  0.6416500000000E+02  0.8526821E+00  0.7399218E-02  0.9698255E-03 -0.3386803E-04  0.1412227E-01  0.4666992E-03
  0.6419833333333E+02  0.8529278E+00  0.7371467E-02  0.9686893E-03 -0.3408674E-04  0.1413778E-01  0.4652970E-03
  0.6423166666667E+02  0.8531726E+00  0.7343735E-02  0.9675457E-03 -0.3430681E-04  0.1415324E-01  0.4638889E-03
  0.6426500000000E+02  0.8534164E+00  0.7316024E-02  0.9663947E-03 -0.3452840E-04  0.1416866E-01  0.4624749E-03
  0.6429833333333E+02  0.8536594E+00  0.7288335E-02  0.9652364E-03 -0.3475165E-04  0.1418403E-01  0.4610550E-03
  0.6433166666667E+02  0.8539014E+00  0.7260668E-02  0.9640705E-03 -0.3497669E-04  0.1419935E-01  0.4596293E-03
  0.6436500000000E+02  0.8541425E+00  0.7233026E-02  0.9628970E-03 -0.3520364E-04  0.1421462E-01  0.4581978E-03
  0.6439833333333E+02  0.8543827E+00  0.7205409E-02  0.9617159E-03 -0.3543260E-04  0.1422985E-01  0.4567605E-03
  0.6443166666667E+02  0.8546219E+00  0.7177818E-02  0.9605271E-03 -0.3566368E-04  0.1424503E-01  0.4553175E-03
  0.6446500000000E+02  0.8548603E+00  0.7150254E-02  0.9593306E-03 -0.3589696E-04  0.1426015E-01  0.4538690E-03
  0.6449833333333E+02  0.8550977E+00  0.7122719E-02  0.9581262E-03 -0.3613251E-04  0.1427523E-01  0.4524150E-03
  0.6453166666667E+02  0.8553342E+00  0.7095214E-02  0.9569138E-03 -0.3637038E-04  0.1429027E-01  0.4509558E-03
  0.6456500000000E+02  0.8555698E+00  0.7067739E-02  0.9556935E-03 -0.3661063E-04  0.1430525E-01  0.4494914E-03
  0.6459833333333E+02  0.8558045E+00  0.7040296E-02  0.9544650E-03 -0.3685329E-04  0.1432018E-01  0.4480222E-03
  0.6463166666667E+02  0.8560382E+00  0.7012885E-02  0.9532284E-03 -0.3709836E-04  0.1433507E-01  0.4465482E-03
  0.6466500000000E+02  0.8562711E+00  0.6985507E-02  0.9519835E-03 -0.3734585E-04  0.1434990E-01  0.4450698E-03
  0.6469833333333E+02  0.8565030E+00  0.6958164E-02  0.9507304E-03 -0.3759574E-04  0.1436469E-01  0.4435871E-03
  0.6473166666667E+02  0.8567341E+00  0.6930856E-02  0.9494688E-03 -0.3784799E-04  0.1437943E-01  0.4421004E-03
  0.6476500000000E+02  0.8569642E+00  0.6903583E-02  0.9481987E-03 -0.3810258E-04  0.1439411E-01  0.4406098E-03
  0.6479833333333E+02  0.8571934E+00  0.6876347E-02  0.9469200E-03 -0.3835942E-04  0.1440875E-01  0.4391158E-03
  0.6483166666667E+02  0.8574217E+00  0.6849148E-02  0.9456327E-03 -0.3861844E-04  0.1442334E-01  0.4376185E-03
  0.6486500000000E+02  0.8576491E+00  0.6821987E-02  0.9443368E-03 -0.3887955E-04  0.1443788E-01  0.4361181E-03
  0.6489833333333E+02  0.8578756E+00  0.6794864E-02  0.9430320E-03 -0.3914265E-04  0.1445236E-01  0.4346150E-03
  0.6493166666667E+02  0.8581012E+00  0.6767780E-02  0.9417184E-03 -0.3940761E-04  0.1446680E-01  0.4331094E-03
  0.6496500000000E+02  0.8583259E+00  0.6740736E-02  0.9403959E-03 -0.3967429E-04  0.1448119E-01  0.4316014E-03
  0.6499833333333E+02  0.8585497E+00  0.6713732E-02  0.9390645E-03 -0.3994256E-04  0.1449552E-01  0.4300915E-03
  0.6503166666667E+02  0.8587726E+00  0.6686769E-02  0.9377241E-03 -0.4021223E-04  0.1450981E-01  0.4285797E-03
  0.6506500000000E+02  0.8589946E+00  0.6659847E-02  0.9363747E-03 -0.4048316E-04  0.1452404E-01  0.4270664E-03
  0.6509833333333E+02  0.8592157E+00  0.6632966E-02  0.9350162E-03 -0.4075514E-04  0.1453823E-01  0.4255517E-03
  0.6513166666667E+02  0.8594359E+00  0.6606127E-02  0.9336486E-03 -0.4102799E-04  0.1455236E-01  0.4240358E-03
  0.6516500000000E+02  0.8596552E+00  0.6579330E-02  0.9322718E-03 -0.4130150E-04  0.1456645E-01  0.4225190E-03
  0.6519833333333E+02  0.8598736E+00  0.6552576E-02  0.9308860E-03 -0.4157546E-04  0.1458048E-01  0.4210015E-03
  0.6523166666667E+02  0.8600911E+00  0.6525865E-02  0.9294910E-03 -0.4184965E-04  0.1459446E-01  0.4194833E-03
  0.6526500000000E+02  0.8603078E+00  0.6499197E-02  0.9280869E-03 -0.4212384E-04  0.1460840E-01  0.4179647E-03
  0.6529833333333E+02  0.8605235E+00  0.6472573E-02  0.9266736E-03 -0.4239780E-04  0.1462228E-01  0.4164458E-03
  0.6533166666667E+02  0.8607384E+00  0.6445993E-02  0.9252512E-03 -0.4267130E-04  0.1463611E-01  0.4149268E-03
  0.6536500000000E+02  0.8609524E+00  0.6419458E-02  0.9238198E-03 -0.4294408E-04  0.1464989E-01  0.4134078E-03
  0.6539833333333E+02  0.8611655E+00  0.6392968E-02  0.9223792E-03 -0.4321591E-04  0.1466362E-01  0.4118889E-03
  0.6543166666667E+02  0.8613777E+00  0.6366522E-02  0.9209297E-03 -0.4348654E-04  0.1467730E-01  0.4103702E-03
  0.6546500000000E+02  0.8615890E+00  0.6340122E-02  0.9194712E-03 -0.4375572E-04  0.1469093E-01  0.4088518E-03
  0.6549833333333E+02  0.8617995E+00  0.6313768E-02  0.9180037E-03 -0.4402320E-04  0.1470450E-01  0.4073338E-03
  0.6553166666667E+02  0.8620091E+00  0.6287460E-02  0.9165274E-03 -0.4428874E-04  0.1471803E-01  0.4058163E-03
  0.6556500000000E+02  0.8622178E+00  0.6261200E-02  0.9150424E-03 -0.4455210E-04  0.1473151E-01  0.4042994E-03
  0.6559833333333E+02  0.8624256E+00  0.6234986E-02  0.9135486E-03 -0.4481302E-04  0.1474493E-01  0.4027831E-03
  0.6563166666667E+02  0.8626326E+00  0.6208819E-02  0.9120462E-03 -0.4507127E-04  0.1475831E-01  0.4012674E-03
  0.6566500000000E+02  0.8628386E+00  0.6182701E-02  0.9105353E-03 -0.4532662E-04  0.1477163E-01  0.3997525E-03
  0.6569833333333E+02  0.8630439E+00  0.6156632E-02  0.9090160E-03 -0.4557883E-04  0.1478491E-01  0.3982383E-03
  0.6573166666667E+02  0.8632482E+00  0.6130611E-02  0.9074885E-03 -0.4582768E-04  0.1479813E-01  0.3967249E-03
  0.6576500000000E+02  0.8634517E+00  0.6104640E-02  0.9059527E-03 -0.4607295E-04  0.1481131E-01  0.3952123E-03
  0.6579833333333E+02  0.8636543E+00  0.6078719E-02  0.9044089E-03 -0.4631444E-04  0.1482443E-01  0.3937006E-03
  0.6583166666667E+02  0.8638561E+00  0.6052849E-02  0.9028571E-03 -0.4655194E-04  0.1483750E-01  0.3921897E-03
  0.6586500000000E+02  0.8640570E+00  0.6027031E-02  0.9012976E-03 -0.4678525E-04  0.1485053E-01  0.3906797E-03
  0.6589833333333E+02  0.8642570E+00  0.6001264E-02  0.8997305E-03 -0.4701418E-04  0.1486350E-01  0.3891705E-03
  0.6593166666667E+02  0.8644562E+00  0.5975550E-02  0.8981559E-03 -0.4723857E-04  0.1487642E-01  0.3876623E-03
  0.6596500000000E+02  0.8646546E+00  0.5949889E-02  0.8965739E-03 -0.4745825E-04  0.1488929E-01  0.3861549E-03
  0.6599833333333E+02  0.8648520E+00  0.5924283E-02  0.8949848E-03 -0.4767306E-04  0.1490211E-01  0.3846485E-03
  0.6603166666667E+02  0.8650487E+00  0.5898731E-02  0.8933887E-03 -0.4788285E-04  0.1491489E-01  0.3831430E-03
  0.6606500000000E+02  0.8652444E+00  0.5873235E-02  0.8917858E-03 -0.4808749E-04  0.1492761E-01  0.3816383E-03
  0.6609833333333E+02  0.8654394E+00  0.5847795E-02  0.8901763E-03 -0.4828685E-04  0.1494028E-01  0.3801345E-03
  0.6613166666667E+02  0.8656334E+00  0.5822412E-02  0.8885602E-03 -0.4848083E-04  0.1495290E-01  0.3786317E-03
  0.6616500000000E+02  0.8658267E+00  0.5797087E-02  0.8869379E-03 -0.4866932E-04  0.1496547E-01  0.3771297E-03
  0.6619833333333E+02  0.8660191E+00  0.5771821E-02  0.8853095E-03 -0.4885223E-04  0.1497799E-01  0.3756285E-03
  0.6623166666667E+02  0.8662106E+00  0.5746614E-02  0.8836752E-03 -0.4902949E-04  0.1499046E-01  0.3741283E-03
  0.6626500000000E+02  0.8664013E+00  0.5721467E-02  0.8820352E-03 -0.4920103E-04  0.1500288E-01  0.3726289E-03
  0.6629833333333E+02  0.8665912E+00  0.5696382E-02  0.8803896E-03 -0.4936679E-04  0.1501525E-01  0.3711303E-03
  0.6633166666667E+02  0.8667803E+00  0.5671359E-02  0.8787387E-03 -0.4952673E-04  0.1502758E-01  0.3696326E-03
  0.6636500000000E+02  0.8669685E+00  0.5646398E-02  0.8770827E-03 -0.4968082E-04  0.1503985E-01  0.3681357E-03
  0.6639833333333E+02  0.8671559E+00  0.5621502E-02  0.8754217E-03 -0.4982904E-04  0.1505207E-01  0.3666397E-03
  0.6643166666667E+02  0.8673424E+00  0.5596670E-02  0.8737560E-03 -0.4997139E-04  0.1506424E-01  0.3651444E-03
  0.6646500000000E+02  0.8675281E+00  0.5571903E-02  0.8720857E-03 -0.5010785E-04  0.1507636E-01  0.3636500E-03
  0.6649833333333E+02  0.8677130E+00  0.5547203E-02  0.8704111E-03 -0.5023845E-04  0.1508843E-01  0.3621563E-03
  0.6653166666667E+02  0.8678971E+00  0.5522570E-02  0.8687324E-03 -0.5036321E-04  0.1510045E-01  0.3606634E-03
  0.6656500000000E+02  0.8680804E+00  0.5498005E-02  0.8670496E-03 -0.5048216E-04  0.1511243E-01  0.3591713E-03
  0.6659833333333E+02  0.8682629E+00  0.5473509E-02  0.8653631E-03 -0.5059535E-04  0.1512435E-01  0.3576799E-03
  0.6663166666667E+02  0.8684445E+00  0.5449083E-02  0.8636730E-03 -0.5070281E-04  0.1513622E-01  0.3561893E-03
  0.6666500000000E+02  0.8686253E+00  0.5424727E-02  0.8619795E-03 -0.5080462E-04  0.1514805E-01  0.3546994E-03
  0.6669833333333E+02  0.8688053E+00  0.5400442E-02  0.8602828E-03 -0.5090084E-04  0.1515982E-01  0.3532102E-03
  0.6673166666667E+02  0.8689845E+00  0.5376229E-02  0.8585831E-03 -0.5099154E-04  0.1517154E-01  0.3517216E-03
  0.6676500000000E+02  0.8691629E+00  0.5352089E-02  0.8568805E-03 -0.5107681E-04  0.1518322E-01  0.3502338E-03
  0.6679833333333E+02  0.8693405E+00  0.5328023E-02  0.8551753E-03 -0.5115674E-04  0.1519484E-01  0.3487465E-03
  0.6683166666667E+02  0.8695173E+00  0.5304030E-02  0.8534676E-03 -0.5123141E-04  0.1520642E-01  0.3472599E-03
  0.6686500000000E+02  0.8696933E+00  0.5280113E-02  0.8517576E-03 -0.5130094E-04  0.1521794E-01  0.3457739E-03
  0.6689833333333E+02  0.8698686E+00  0.5256271E-02  0.8500454E-03 -0.5136543E-04  0.1522942E-01  0.3442884E-03
  0.6693166666667E+02  0.8700430E+00  0.5232505E-02  0.8483312E-03 -0.5142498E-04  0.1524085E-01  0.3428035E-03
  0.6696500000000E+02  0.8702166E+00  0.5208816E-02  0.8466152E-03 -0.5147971E-04  0.1525222E-01  0.3413191E-03
  0.6699833333333E+02  0.8703894E+00  0.5185204E-02  0.8448976E-03 -0.5152974E-04  0.1526355E-01  0.3398351E-03
  0.6703166666667E+02  0.8705615E+00  0.5161670E-02  0.8431784E-03 -0.5157519E-04  0.1527483E-01  0.3383515E-03
  0.6706500000000E+02  0.8707328E+00  0.5138215E-02  0.8414579E-03 -0.5161617E-04  0.1528606E-01  0.3368683E-03
  0.6709833333333E+02  0.8709033E+00  0.5114838E-02  0.8397361E-03 -0.5165282E-04  0.1529724E-01  0.3353854E-03
  0.6713166666667E+02  0.8710730E+00  0.5091541E-02  0.8380133E-03 -0.5168526E-04  0.1530837E-01  0.3339028E-03
  0.6716500000000E+02  0.8712419E+00  0.5068324E-02  0.8362895E-03 -0.5171361E-04  0.1531945E-01  0.3324204E-03
  0.6719833333333E+02  0.8714101E+00  0.5045187E-02  0.8345649E-03 -0.5173801E-04  0.1533048E-01  0.3309382E-03
  0.6723166666667E+02  0.8715775E+00  0.5022130E-02  0.8328396E-03 -0.5175857E-04  0.1534146E-01  0.3294560E-03
  0.6726500000000E+02  0.8717441E+00  0.4999154E-02  0.8311137E-03 -0.5177544E-04  0.1535240E-01  0.3279739E-03
  0.6729833333333E+02  0.8719100E+00  0.4976260E-02  0.8293875E-03 -0.5178873E-04  0.1536328E-01  0.3264917E-03
  0.6733166666667E+02  0.8720751E+00  0.4953447E-02  0.8276608E-03 -0.5179857E-04  0.1537411E-01  0.3250095E-03
  0.6736500000000E+02  0.8722395E+00  0.4930716E-02  0.8259340E-03 -0.5180509E-04  0.1538490E-01  0.3235271E-03
  0.6739833333333E+02  0.8724031E+00  0.4908067E-02  0.8242071E-03 -0.5180841E-04  0.1539563E-01  0.3220444E-03
  0.6743166666667E+02  0.8725659E+00  0.4885500E-02  0.8224801E-03 -0.5180865E-04  0.1540632E-01  0.3205614E-03
  0.6746500000000E+02  0.8727280E+00  0.4863016E-02  0.8207532E-03 -0.5180594E-04  0.1541695E-01  0.3190780E-03
  0.6749833333333E+02  0.8728894E+00  0.4840614E-02  0.8190266E-03 -0.5180039E-04  0.1542754E-01  0.3175941E-03
  0.6753166666667E+02  0.8730500E+00  0.4818295E-02  0.8173002E-03 -0.5179211E-04  0.1543808E-01  0.3161097E-03
  0.6756500000000E+02  0.8732099E+00  0.4796060E-02  0.8155741E-03 -0.5178122E-04  0.1544856E-01  0.3146247E-03
  0.6759833333333E+02  0.8733690E+00  0.4773907E-02  0.8138485E-03 -0.5176784E-04  0.1545900E-01  0.3131389E-03
  0.6763166666667E+02  0.8735274E+00  0.4751838E-02  0.8121234E-03 -0.5175207E-04  0.1546939E-01  0.3116524E-03
  0.6766500000000E+02  0.8736851E+00  0.4729852E-02  0.8103990E-03 -0.5173401E-04  0.1547973E-01  0.3101650E-03
  0.6769833333333E+02  0.8738420E+00  0.4707949E-02  0.8086752E-03 -0.5171378E-04  0.1549002E-01  0.3086766E-03
  0.6773166666667E+02  0.8739982E+00  0.4686130E-02  0.8069521E-03 -0.5169147E-04  0.1550026E-01  0.3071873E-03
  0.6776500000000E+02  0.8741537E+00  0.4664395E-02  0.8052299E-03 -0.5166718E-04  0.1551045E-01  0.3056969E-03
  0.6779833333333E+02  0.8743084E+00  0.4642743E-02  0.8035085E-03 -0.5164100E-04  0.1552059E-01  0.3042053E-03
  0.6783166666667E+02  0.8744625E+00  0.4621175E-02  0.8017881E-03 -0.5161303E-04  0.1553068E-01  0.3027125E-03
  0.6786500000000E+02  0.8746158E+00  0.4599691E-02  0.8000687E-03 -0.5158336E-04  0.1554072E-01  0.3012184E-03
  0.6789833333333E+02  0.8747684E+00  0.4578291E-02  0.7983503E-03 -0.5155206E-04  0.1555071E-01  0.2997229E-03
  0.6793166666667E+02  0.8749203E+00  0.4556974E-02  0.7966329E-03 -0.5151923E-04  0.1556065E-01  0.2982260E-03
  0.6796500000000E+02  0.8750715E+00  0.4535741E-02  0.7949168E-03 -0.5148494E-04  0.1557054E-01  0.2967277E-03
  0.6799833333333E+02  0.8752220E+00  0.4514593E-02  0.7932018E-03 -0.5144928E-04  0.1558038E-01  0.2952278E-03
  0.6803166666667E+02  0.8753718E+00  0.4493528E-02  0.7914881E-03 -0.5141231E-04  0.1559017E-01  0.2937264E-03
  0.6806500000000E+02  0.8755208E+00  0.4472546E-02  0.7897756E-03 -0.5137410E-04  0.1559991E-01  0.2922233E-03
  0.6809833333333E+02  0.8756692E+00  0.4451649E-02  0.7880644E-03 -0.5133472E-04  0.1560960E-01  0.2907186E-03
  0.6813166666667E+02  0.8758169E+00  0.4430836E-02  0.7863546E-03 -0.5129425E-04  0.1561925E-01  0.2892122E-03
  0.6816500000000E+02  0.8759639E+00  0.4410106E-02  0.7846462E-03 -0.5125273E-04  0.1562884E-01  0.2877041E-03
  0.6819833333333E+02  0.8761103E+00  0.4389461E-02  0.7829392E-03 -0.5121023E-04  0.1563838E-01  0.2861942E-03
  0.6823166666667E+02  0.8762559E+00  0.4368899E-02  0.7812336E-03 -0.5116681E-04  0.1564786E-01  0.2846825E-03
  0.6826500000000E+02  0.8764008E+00  0.4348422E-02  0.7795295E-03 -0.5112251E-04  0.1565730E-01  0.2831690E-03
  0.6829833333333E+02  0.8765451E+00  0.4328028E-02  0.7778270E-03 -0.5107740E-04  0.1566669E-01  0.2816538E-03
  0.6833166666667E+02  0.8766887E+00  0.4307718E-02  0.7761259E-03 -0.5103150E-04  0.1567603E-01  0.2801367E-03
  0.6836500000000E+02  0.8768316E+00  0.4287492E-02  0.7744264E-03 -0.5098488E-04  0.1568532E-01  0.2786177E-03
  0.6839833333333E+02  0.8769738E+00  0.4267350E-02  0.7727285E-03 -0.5093758E-04  0.1569455E-01  0.2770970E-03
  0.6843166666667E+02  0.8771154E+00  0.4247292E-02  0.7710322E-03 -0.5088962E-04  0.1570374E-01  0.2755744E-03
  0.6846500000000E+02  0.8772563E+00  0.4227317E-02  0.7693375E-03 -0.5084106E-04  0.1571287E-01  0.2740501E-03
  0.6849833333333E+02  0.8773966E+00  0.4207427E-02  0.7676444E-03 -0.5079191E-04  0.1572196E-01  0.2725239E-03
  0.6853166666667E+02  0.8775362E+00  0.4187620E-02  0.7659530E-03 -0.5074223E-04  0.1573099E-01  0.2709960E-03
  0.6856500000000E+02  0.8776751E+00  0.4167897E-02  0.7642633E-03 -0.5069202E-04  0.1573997E-01  0.2694663E-03
  0.6859833333333E+02  0.8778134E+00  0.4148258E-02  0.7625752E-03 -0.5064133E-04  0.1574891E-01  0.2679350E-03
  0.6863166666667E+02  0.8779510E+00  0.4128703E-02  0.7608889E-03 -0.5059018E-04  0.1575779E-01  0.2664019E-03
  0.6866500000000E+02  0.8780880E+00  0.4109232E-02  0.7592043E-03 -0.5053858E-04  0.1576661E-01  0.2648672E-03
  0.6869833333333E+02  0.8782243E+00  0.4089844E-02  0.7575214E-03 -0.5048655E-04  0.1577539E-01  0.2633309E-03
  0.6873166666667E+02  0.8783600E+00  0.4070540E-02  0.7558402E-03 -0.5043413E-04  0.1578412E-01  0.2617931E-03
  0.6876500000000E+02  0.8784950E+00  0.4051320E-02  0.7541609E-03 -0.5038131E-04  0.1579279E-01  0.2602538E-03
  0.6879833333333E+02  0.8786294E+00  0.4032184E-02  0.7524833E-03 -0.5032811E-04  0.1580142E-01  0.2587131E-03
  0.6883166666667E+02  0.8787632E+00  0.4013131E-02  0.7508075E-03 -0.5027455E-04  0.1580999E-01  0.2571709E-03
  0.6886500000000E+02  0.8788963E+00  0.3994162E-02  0.7491334E-03 -0.5022063E-04  0.1581851E-01  0.2556275E-03
  0.6889833333333E+02  0.8790289E+00  0.3975277E-02  0.7474612E-03 -0.5016637E-04  0.1582698E-01  0.2540829E-03
  0.6893166666667E+02  0.8791607E+00  0.3956476E-02  0.7457908E-03 -0.5011175E-04  0.1583540E-01  0.2525371E-03
  0.6896500000000E+02  0.8792920E+00  0.3937758E-02  0.7441223E-03 -0.5005680E-04  0.1584376E-01  0.2509903E-03
  0.6899833333333E+02  0.8794226E+00  0.3919123E-02  0.7424555E-03 -0.5000150E-04  0.1585208E-01  0.2494425E-03
  0.6903166666667E+02  0.8795527E+00  0.3900573E-02  0.7407907E-03 -0.4994587E-04  0.1586034E-01  0.2478937E-03
  0.6906500000000E+02  0.8796821E+00  0.3882106E-02  0.7391277E-03 -0.4988990E-04  0.1586855E-01  0.2463442E-03
  0.6909833333333E+02  0.8798108E+00  0.3863722E-02  0.7374666E-03 -0.4983357E-04  0.1587671E-01  0.2447940E-03
  0.6913166666667E+02  0.8799390E+00  0.3845422E-02  0.7358073E-03 -0.4977690E-04  0.1588482E-01  0.2432431E-03
  0.6916500000000E+02  0.8800666E+00  0.3827205E-02  0.7341500E-03 -0.4971988E-04  0.1589288E-01  0.2416918E-03
  0.6919833333333E+02  0.8801936E+00  0.3809072E-02  0.7324946E-03 -0.4966249E-04  0.1590088E-01  0.2401400E-03
  0.6923166666667E+02  0.8803199E+00  0.3791022E-02  0.7308411E-03 -0.4960473E-04  0.1590884E-01  0.2385880E-03
  0.6926500000000E+02  0.8804457E+00  0.3773055E-02  0.7291896E-03 -0.4954659E-04  0.1591674E-01  0.2370358E-03
  0.6929833333333E+02  0.8805709E+00  0.3755171E-02  0.7275399E-03 -0.4948805E-04  0.1592459E-01  0.2354835E-03
  0.6933166666667E+02  0.8806955E+00  0.3737371E-02  0.7258923E-03 -0.4942911E-04  0.1593238E-01  0.2339313E-03
  0.6936500000000E+02  0.8808194E+00  0.3719654E-02  0.7242467E-03 -0.4936975E-04  0.1594013E-01  0.2323793E-03
  0.6939833333333E+02  0.8809428E+00  0.3702020E-02  0.7226030E-03 -0.4930995E-04  0.1594782E-01  0.2308276E-03
  0.6943166666667E+02  0.8810657E+00  0.3684469E-02  0.7209613E-03 -0.4924971E-04  0.1595547E-01  0.2292763E-03
  0.6946500000000E+02  0.8811879E+00  0.3667001E-02  0.7193217E-03 -0.4918901E-04  0.1596306E-01  0.2277256E-03
  0.6949833333333E+02  0.8813095E+00  0.3649616E-02  0.7176841E-03 -0.4912782E-04  0.1597060E-01  0.2261755E-03
  0.6953166666667E+02  0.8814306E+00  0.3632313E-02  0.7160486E-03 -0.4906614E-04  0.1597808E-01  0.2246263E-03
  0.6956500000000E+02  0.8815511E+00  0.3615094E-02  0.7144151E-03 -0.4900394E-04  0.1598552E-01  0.2230780E-03
  0.6959833333333E+02  0.8816711E+00  0.3597957E-02  0.7127837E-03 -0.4894121E-04  0.1599290E-01  0.2215309E-03
  0.6963166666667E+02  0.8817904E+00  0.3580902E-02  0.7111545E-03 -0.4887792E-04  0.1600024E-01  0.2199849E-03
  0.6966500000000E+02  0.8819092E+00  0.3563930E-02  0.7095273E-03 -0.4881407E-04  0.1600752E-01  0.2184404E-03
  0.6969833333333E+02  0.8820275E+00  0.3547040E-02  0.7079023E-03 -0.4874962E-04  0.1601475E-01  0.2168973E-03
  0.6973166666667E+02  0.8821451E+00  0.3530233E-02  0.7062795E-03 -0.4868456E-04  0.1602193E-01  0.2153559E-03
  0.6976500000000E+02  0.8822622E+00  0.3513507E-02  0.7046589E-03 -0.4861887E-04  0.1602905E-01  0.2138162E-03
  0.6979833333333E+02  0.8823788E+00  0.3496864E-02  0.7030405E-03 -0.4855253E-04  0.1603613E-01  0.2122785E-03
  0.6983166666667E+02  0.8824948E+00  0.3480302E-02  0.7014243E-03 -0.4848552E-04  0.1604315E-01  0.2107429E-03
  0.6986500000000E+02  0.8826103E+00  0.3463823E-02  0.6998104E-03 -0.4841781E-04  0.1605013E-01  0.2092094E-03
  0.6989833333333E+02  0.8827252E+00  0.3447425E-02  0.6981987E-03 -0.4834940E-04  0.1605705E-01  0.2076783E-03
  0.6993166666667E+02  0.8828396E+00  0.3431108E-02  0.6965894E-03 -0.4828026E-04  0.1606392E-01  0.2061497E-03
  0.6996500000000E+02  0.8829534E+00  0.3414873E-02  0.6949824E-03 -0.4821036E-04  0.1607074E-01  0.2046237E-03
  0.6999833333333E+02  0.8830667E+00  0.3398719E-02  0.6933777E-03 -0.4813970E-04  0.1607751E-01  0.2031004E-03
  0.7003166666667E+02  0.8831794E+00  0.3382646E-02  0.6917754E-03 -0.4806825E-04  0.1608423E-01  0.2015801E-03
  0.7006500000000E+02  0.8832917E+00  0.3366654E-02  0.6901756E-03 -0.4799599E-04  0.1609090E-01  0.2000627E-03
  0.7009833333333E+02  0.8834034E+00  0.3350742E-02  0.6885781E-03 -0.4792291E-04  0.1609752E-01  0.1985486E-03
  0.7013166666667E+02  0.8835145E+00  0.3334912E-02  0.6869832E-03 -0.4784898E-04  0.1610409E-01  0.1970377E-03
  0.7016500000000E+02  0.8836252E+00  0.3319161E-02  0.6853907E-03 -0.4777420E-04  0.1611061E-01  0.1955303E-03
  0.7019833333333E+02  0.8837353E+00  0.3303491E-02  0.6838007E-03 -0.4769853E-04  0.1611707E-01  0.1940265E-03
  0.7023166666667E+02  0.8838449E+00  0.3287901E-02  0.6822133E-03 -0.4762198E-04  0.1612349E-01  0.1925263E-03
  0.7026500000000E+02  0.8839539E+00  0.3272391E-02  0.6806285E-03 -0.4754452E-04  0.1612986E-01  0.1910299E-03
  0.7029833333333E+02  0.8840625E+00  0.3256960E-02  0.6790463E-03 -0.4746614E-04  0.1613618E-01  0.1895375E-03
  0.7033166666667E+02  0.8841706E+00  0.3241609E-02  0.6774668E-03 -0.4738682E-04  0.1614244E-01  0.1880492E-03
  0.7036500000000E+02  0.8842781E+00  0.3226337E-02  0.6758899E-03 -0.4730655E-04  0.1614866E-01  0.1865651E-03
  0.7039833333333E+02  0.8843852E+00  0.3211145E-02  0.6743157E-03 -0.4722532E-04  0.1615483E-01  0.1850852E-03
  0.7043166666667E+02  0.8844917E+00  0.3196031E-02  0.6727443E-03 -0.4714312E-04  0.1616095E-01  0.1836098E-03
  0.7046500000000E+02  0.8845977E+00  0.3180995E-02  0.6711756E-03 -0.4705994E-04  0.1616702E-01  0.1821389E-03
  0.7049833333333E+02  0.8847033E+00  0.3166038E-02  0.6696097E-03 -0.4697577E-04  0.1617305E-01  0.1806726E-03
  0.7053166666667E+02  0.8848083E+00  0.3151160E-02  0.6680467E-03 -0.4689060E-04  0.1617902E-01  0.1792111E-03
  0.7056500000000E+02  0.8849128E+00  0.3136359E-02  0.6664866E-03 -0.4680442E-04  0.1618495E-01  0.1777545E-03
  0.7059833333333E+02  0.8850169E+00  0.3121635E-02  0.6649293E-03 -0.4671722E-04  0.1619082E-01  0.1763028E-03
  0.7063166666667E+02  0.8851205E+00  0.3106990E-02  0.6633750E-03 -0.4662901E-04  0.1619665E-01  0.1748562E-03
  0.7066500000000E+02  0.8852235E+00  0.3092421E-02  0.6618237E-03 -0.4653978E-04  0.1620243E-01  0.1734147E-03
  0.7069833333333E+02  0.8853261E+00  0.3077930E-02  0.6602754E-03 -0.4644951E-04  0.1620816E-01  0.1719785E-03
  0.7073166666667E+02  0.8854283E+00  0.3063515E-02  0.6587301E-03 -0.4635822E-04  0.1621385E-01  0.1705476E-03
  0.7076500000000E+02  0.8855299E+00  0.3049177E-02  0.6571879E-03 -0.4626590E-04  0.1621949E-01  0.1691221E-03
  0.7079833333333E+02  0.8856311E+00  0.3034915E-02  0.6556488E-03 -0.4617254E-04  0.1622508E-01  0.1677022E-03
  0.7083166666667E+02  0.8857317E+00  0.3020728E-02  0.6541129E-03 -0.4607816E-04  0.1623062E-01  0.1662879E-03
  0.7086500000000E+02  0.8858320E+00  0.3006618E-02  0.6525801E-03 -0.4598275E-04  0.1623612E-01  0.1648792E-03
  0.7089833333333E+02  0.8859317E+00  0.2992583E-02  0.6510506E-03 -0.4588631E-04  0.1624156E-01  0.1634763E-03
  0.7093166666667E+02  0.8860310E+00  0.2978623E-02  0.6495243E-03 -0.4578885E-04  0.1624697E-01  0.1620792E-03
  0.7096500000000E+02  0.8861298E+00  0.2964738E-02  0.6480013E-03 -0.4569037E-04  0.1625232E-01  0.1606880E-03
  0.7099833333333E+02  0.8862282E+00  0.2950927E-02  0.6464816E-03 -0.4559089E-04  0.1625763E-01  0.1593028E-03
  0.7103166666667E+02  0.8863261E+00  0.2937191E-02  0.6449652E-03 -0.4549040E-04  0.1626290E-01  0.1579236E-03
  0.7106500000000E+02  0.8864236E+00  0.2923529E-02  0.6434523E-03 -0.4538892E-04  0.1626812E-01  0.1565505E-03
  0.7109833333333E+02  0.8865206E+00  0.2909941E-02  0.6419427E-03 -0.4528645E-04  0.1627329E-01  0.1551835E-03
  0.7113166666667E+02  0.8866171E+00  0.2896426E-02  0.6404366E-03 -0.4518300E-04  0.1627842E-01  0.1538228E-03
  0.7116500000000E+02  0.8867132E+00  0.2882984E-02  0.6389340E-03 -0.4507859E-04  0.1628350E-01  0.1524683E-03
  0.7119833333333E+02  0.8868089E+00  0.2869615E-02  0.6374349E-03 -0.4497323E-04  0.1628854E-01  0.1511201E-03
  0.7123166666667E+02  0.8869041E+00  0.2856319E-02  0.6359393E-03 -0.4486693E-04  0.1629353E-01  0.1497783E-03
  0.7126500000000E+02  0.8869988E+00  0.2843095E-02  0.6344473E-03 -0.4475971E-04  0.1629848E-01  0.1484429E-03
  0.7129833333333E+02  0.8870932E+00  0.2829943E-02  0.6329590E-03 -0.4465157E-04  0.1630338E-01  0.1471140E-03
  0.7133166666667E+02  0.8871871E+00  0.2816863E-02  0.6314742E-03 -0.4454254E-04  0.1630824E-01  0.1457915E-03
  0.7136500000000E+02  0.8872805E+00  0.2803854E-02  0.6299931E-03 -0.4443264E-04  0.1631306E-01  0.1444756E-03
  0.7139833333333E+02  0.8873736E+00  0.2790917E-02  0.6285157E-03 -0.4432187E-04  0.1631783E-01  0.1431662E-03
  0.7143166666667E+02  0.8874662E+00  0.2778050E-02  0.6270421E-03 -0.4421026E-04  0.1632256E-01  0.1418634E-03
  0.7146500000000E+02  0.8875583E+00  0.2765254E-02  0.6255721E-03 -0.4409783E-04  0.1632724E-01  0.1405673E-03
  0.7149833333333E+02  0.8876501E+00  0.2752528E-02  0.6241060E-03 -0.4398459E-04  0.1633189E-01  0.1392778E-03
  0.7153166666667E+02  0.8877414E+00  0.2739872E-02  0.6226436E-03 -0.4387058E-04  0.1633649E-01  0.1379950E-03
  0.7156500000000E+02  0.8878323E+00  0.2727285E-02  0.6211851E-03 -0.4375580E-04  0.1634104E-01  0.1367189E-03
  0.7159833333333E+02  0.8879228E+00  0.2714768E-02  0.6197304E-03 -0.4364028E-04  0.1634556E-01  0.1354495E-03
  0.7163166666667E+02  0.8880129E+00  0.2702320E-02  0.6182796E-03 -0.4352405E-04  0.1635003E-01  0.1341869E-03
  0.7166500000000E+02  0.8881026E+00  0.2689940E-02  0.6168327E-03 -0.4340712E-04  0.1635446E-01  0.1329310E-03
  0.7169833333333E+02  0.8881918E+00  0.2677629E-02  0.6153897E-03 -0.4328952E-04  0.1635885E-01  0.1316820E-03
  0.7173166666667E+02  0.8882807E+00  0.2665386E-02  0.6139507E-03 -0.4317128E-04  0.1636320E-01  0.1304397E-03
  0.7176500000000E+02  0.8883691E+00  0.2653211E-02  0.6125156E-03 -0.4305242E-04  0.1636751E-01  0.1292042E-03
  0.7179833333333E+02  0.8884571E+00  0.2641104E-02  0.6110845E-03 -0.4293295E-04  0.1637177E-01  0.1279755E-03
  0.7183166666667E+02  0.8885448E+00  0.2629063E-02  0.6096574E-03 -0.4281292E-04  0.1637600E-01  0.1267537E-03
  0.7186500000000E+02  0.8886320E+00  0.2617090E-02  0.6082343E-03 -0.4269235E-04  0.1638018E-01  0.1255386E-03
  0.7189833333333E+02  0.8887188E+00  0.2605183E-02  0.6068153E-03 -0.4257125E-04  0.1638433E-01  0.1243305E-03
  0.7193166666667E+02  0.8888053E+00  0.2593342E-02  0.6054003E-03 -0.4244967E-04  0.1638843E-01  0.1231291E-03
  0.7196500000000E+02  0.8888913E+00  0.2581568E-02  0.6039894E-03 -0.4232762E-04  0.1639249E-01  0.1219346E-03
  0.7199833333333E+02  0.8889770E+00  0.2569859E-02  0.6025825E-03 -0.4220513E-04  0.1639652E-01  0.1207469E-03
  0.7203166666667E+02  0.8890623E+00  0.2558215E-02  0.6011798E-03 -0.4208223E-04  0.1640050E-01  0.1195661E-03
  0.7206500000000E+02  0.8891472E+00  0.2546637E-02  0.5997812E-03 -0.4195895E-04  0.1640445E-01  0.1183921E-03
  0.7209833333333E+02  0.8892317E+00  0.2535123E-02  0.5983867E-03 -0.4183532E-04  0.1640836E-01  0.1172249E-03
  0.7213166666667E+02  0.8893158E+00  0.2523674E-02  0.5969963E-03 -0.4171135E-04  0.1641223E-01  0.1160645E-03
  0.7216500000000E+02  0.8893995E+00  0.2512289E-02  0.5956100E-03 -0.4158709E-04  0.1641606E-01  0.1149109E-03
  0.7219833333333E+02  0.8894829E+00  0.2500968E-02  0.5942280E-03 -0.4146256E-04  0.1641985E-01  0.1137642E-03
  0.7223166666667E+02  0.8895659E+00  0.2489711E-02  0.5928500E-03 -0.4133778E-04  0.1642360E-01  0.1126242E-03
  0.7226500000000E+02  0.8896485E+00  0.2478516E-02  0.5914763E-03 -0.4121279E-04  0.1642732E-01  0.1114910E-03
  0.7229833333333E+02  0.8897308E+00  0.2467385E-02  0.5901067E-03 -0.4108761E-04  0.1643100E-01  0.1103646E-03
  0.7233166666667E+02  0.8898126E+00  0.2456317E-02  0.5887413E-03 -0.4096227E-04  0.1643464E-01  0.1092449E-03
  0.7236500000000E+02  0.8898941E+00  0.2445310E-02  0.5873800E-03 -0.4083681E-04  0.1643825E-01  0.1081320E-03
  0.7239833333333E+02  0.8899753E+00  0.2434366E-02  0.5860230E-03 -0.4071123E-04  0.1644181E-01  0.1070258E-03
  0.7243166666667E+02  0.8900561E+00  0.2423484E-02  0.5846702E-03 -0.4058558E-04  0.1644534E-01  0.1059264E-03
  0.7246500000000E+02  0.8901365E+00  0.2412663E-02  0.5833215E-03 -0.4045988E-04  0.1644884E-01  0.1048336E-03
  0.7249833333333E+02  0.8902166E+00  0.2401904E-02  0.5819770E-03 -0.4033416E-04  0.1645230E-01  0.1037475E-03
  0.7253166666667E+02  0.8902963E+00  0.2391205E-02  0.5806367E-03 -0.4020845E-04  0.1645572E-01  0.1026680E-03
  0.7256500000000E+02  0.8903756E+00  0.2380567E-02  0.5793006E-03 -0.4008277E-04  0.1645910E-01  0.1015952E-03
  0.7259833333333E+02  0.8904546E+00  0.2369990E-02  0.5779687E-03 -0.3995714E-04  0.1646246E-01  0.1005290E-03
  0.7263166666667E+02  0.8905333E+00  0.2359472E-02  0.5766410E-03 -0.3983160E-04  0.1646577E-01  0.9946947E-04
  0.7266500000000E+02  0.8906116E+00  0.2349014E-02  0.5753175E-03 -0.3970617E-04  0.1646905E-01  0.9841646E-04
  0.7269833333333E+02  0.8906895E+00  0.2338616E-02  0.5739981E-03 -0.3958087E-04  0.1647230E-01  0.9737002E-04
  0.7273166666667E+02  0.8907671E+00  0.2328276E-02  0.5726829E-03 -0.3945574E-04  0.1647551E-01  0.9633011E-04
  0.7276500000000E+02  0.8908444E+00  0.2317996E-02  0.5713719E-03 -0.3933079E-04  0.1647869E-01  0.9529671E-04
  0.7279833333333E+02  0.8909213E+00  0.2307774E-02  0.5700650E-03 -0.3920605E-04  0.1648183E-01  0.9426980E-04
  0.7283166666667E+02  0.8909979E+00  0.2297611E-02  0.5687623E-03 -0.3908154E-04  0.1648494E-01  0.9324936E-04
  0.7286500000000E+02  0.8910742E+00  0.2287505E-02  0.5674637E-03 -0.3895729E-04  0.1648801E-01  0.9223537E-04
  0.7289833333333E+02  0.8911501E+00  0.2277457E-02  0.5661693E-03 -0.3883332E-04  0.1649105E-01  0.9122779E-04
  0.7293166666667E+02  0.8912257E+00  0.2267467E-02  0.5648790E-03 -0.3870965E-04  0.1649406E-01  0.9022661E-04
  0.7296500000000E+02  0.8913009E+00  0.2257534E-02  0.5635928E-03 -0.3858631E-04  0.1649703E-01  0.8923180E-04
  0.7299833333333E+02  0.8913758E+00  0.2247657E-02  0.5623107E-03 -0.3846331E-04  0.1649997E-01  0.8824334E-04
  0.7303166666667E+02  0.8914504E+00  0.2237838E-02  0.5610326E-03 -0.3834067E-04  0.1650288E-01  0.8726119E-04
  0.7306500000000E+02  0.8915247E+00  0.2228074E-02  0.5597587E-03 -0.3821843E-04  0.1650576E-01  0.8628535E-04
  0.7309833333333E+02  0.8915986E+00  0.2218367E-02  0.5584888E-03 -0.3809659E-04  0.1650860E-01  0.8531577E-04
  0.7313166666667E+02  0.8916723E+00  0.2208715E-02  0.5572230E-03 -0.3797518E-04  0.1651142E-01  0.8435244E-04
  0.7316500000000E+02  0.8917456E+00  0.2199119E-02  0.5559612E-03 -0.3785421E-04  0.1651420E-01  0.8339532E-04
  0.7319833333333E+02  0.8918185E+00  0.2189578E-02  0.5547034E-03 -0.3773371E-04  0.1651694E-01  0.8244440E-04
  0.7323166666667E+02  0.8918912E+00  0.2180091E-02  0.5534496E-03 -0.3761369E-04  0.1651966E-01  0.8149965E-04
  0.7326500000000E+02  0.8919636E+00  0.2170660E-02  0.5521998E-03 -0.3749417E-04  0.1652235E-01  0.8056104E-04
  0.7329833333333E+02  0.8920356E+00  0.2161282E-02  0.5509539E-03 -0.3737516E-04  0.1652500E-01  0.7962855E-04
  0.7333166666667E+02  0.8921073E+00  0.2151959E-02  0.5497120E-03 -0.3725669E-04  0.1652762E-01  0.7870214E-04
  0.7336500000000E+02  0.8921788E+00  0.2142690E-02  0.5484741E-03 -0.3713876E-04  0.1653022E-01  0.7778180E-04
  0.7339833333333E+02  0.8922499E+00  0.2133474E-02  0.5472400E-03 -0.3702140E-04  0.1653278E-01  0.7686750E-04
  0.7343166666667E+02  0.8923207E+00  0.2124311E-02  0.5460099E-03 -0.3690461E-04  0.1653531E-01  0.7595922E-04
  0.7346500000000E+02  0.8923912E+00  0.2115201E-02  0.5447836E-03 -0.3678841E-04  0.1653781E-01  0.7505692E-04
  0.7349833333333E+02  0.8924614E+00  0.2106144E-02  0.5435612E-03 -0.3667281E-04  0.1654028E-01  0.7416058E-04
  0.7353166666667E+02  0.8925313E+00  0.2097139E-02  0.5423426E-03 -0.3655783E-04  0.1654273E-01  0.7327018E-04
  0.7356500000000E+02  0.8926009E+00  0.2088187E-02  0.5411278E-03 -0.3644348E-04  0.1654514E-01  0.7238569E-04
  0.7359833333333E+02  0.8926702E+00  0.2079286E-02  0.5399168E-03 -0.3632977E-04  0.1654752E-01  0.7150708E-04
  0.7363166666667E+02  0.8927392E+00  0.2070437E-02  0.5387096E-03 -0.3621670E-04  0.1654988E-01  0.7063434E-04
  0.7366500000000E+02  0.8928080E+00  0.2061639E-02  0.5375061E-03 -0.3610430E-04  0.1655220E-01  0.6976743E-04
  0.7369833333333E+02  0.8928764E+00  0.2052892E-02  0.5363063E-03 -0.3599256E-04  0.1655450E-01  0.6890633E-04
  0.7373166666667E+02  0.8929445E+00  0.2044196E-02  0.5351103E-03 -0.3588151E-04  0.1655677E-01  0.6805102E-04
  0.7376500000000E+02  0.8930124E+00  0.2035550E-02  0.5339179E-03 -0.3577114E-04  0.1655901E-01  0.6720147E-04
  0.7379833333333E+02  0.8930800E+00  0.2026955E-02  0.5327292E-03 -0.3566146E-04  0.1656122E-01  0.6635766E-04
  0.7383166666667E+02  0.8931472E+00  0.2018409E-02  0.5315441E-03 -0.3555249E-04  0.1656340E-01  0.6551956E-04
  0.7386500000000E+02  0.8932142E+00  0.2009914E-02  0.5303627E-03 -0.3544423E-04  0.1656556E-01  0.6468715E-04
  0.7389833333333E+02  0.8932809E+00  0.2001467E-02  0.5291848E-03 -0.3533668E-04  0.1656769E-01  0.6386041E-04
  0.7393166666667E+02  0.8933474E+00  0.1993070E-02  0.5280104E-03 -0.3522985E-04  0.1656979E-01  0.6303931E-04
  0.7396500000000E+02  0.8934135E+00  0.1984722E-02  0.5268396E-03 -0.3512375E-04  0.1657186E-01  0.6222383E-04
  0.7399833333333E+02  0.8934794E+00  0.1976422E-02  0.5256724E-03 -0.3501838E-04  0.1657391E-01  0.6141394E-04
  0.7403166666667E+02  0.8935450E+00  0.1968171E-02  0.5245086E-03 -0.3491375E-04  0.1657593E-01  0.6060963E-04
  0.7406500000000E+02  0.8936104E+00  0.1959968E-02  0.5233482E-03 -0.3480985E-04  0.1657793E-01  0.5981087E-04
  0.7409833333333E+02  0.8936754E+00  0.1951813E-02  0.5221914E-03 -0.3470670E-04  0.1657989E-01  0.5901763E-04
  0.7413166666667E+02  0.8937402E+00  0.1943705E-02  0.5210379E-03 -0.3460429E-04  0.1658183E-01  0.5822990E-04
  0.7416500000000E+02  0.8938047E+00  0.1935645E-02  0.5198878E-03 -0.3450262E-04  0.1658375E-01  0.5744765E-04
  0.7419833333333E+02  0.8938690E+00  0.1927631E-02  0.5187411E-03 -0.3440171E-04  0.1658564E-01  0.5667087E-04
  0.7423166666667E+02  0.8939330E+00  0.1919665E-02  0.5175977E-03 -0.3430154E-04  0.1658750E-01  0.5589952E-04
  0.7426500000000E+02  0.8939967E+00  0.1911745E-02  0.5164576E-03 -0.3420212E-04  0.1658934E-01  0.5513359E-04
  0.7429833333333E+02  0.8940602E+00  0.1903871E-02  0.5153208E-03 -0.3410345E-04  0.1659115E-01  0.5437306E-04
  0.7433166666667E+02  0.8941234E+00  0.1896043E-02  0.5141873E-03 -0.3400553E-04  0.1659294E-01  0.5361791E-04
  0.7436500000000E+02  0.8941863E+00  0.1888261E-02  0.5130570E-03 -0.3390836E-04  0.1659470E-01  0.5286810E-04
  0.7439833333333E+02  0.8942490E+00  0.1880525E-02  0.5119300E-03 -0.3381193E-04  0.1659644E-01  0.5212364E-04
  0.7443166666667E+02  0.8943114E+00  0.1872834E-02  0.5108061E-03 -0.3371626E-04  0.1659815E-01  0.5138448E-04
  0.7446500000000E+02  0.8943736E+00  0.1865188E-02  0.5096854E-03 -0.3362132E-04  0.1659984E-01  0.5065062E-04
  0.7449833333333E+02  0.8944355E+00  0.1857587E-02  0.5085678E-03 -0.3352713E-04  0.1660150E-01  0.4992203E-04
  0.7453166666667E+02  0.8944972E+00  0.1850030E-02  0.5074534E-03 -0.3343368E-04  0.1660314E-01  0.4919870E-04
  0.7456500000000E+02  0.8945586E+00  0.1842517E-02  0.5063420E-03 -0.3334096E-04  0.1660476E-01  0.4848060E-04
  0.7459833333333E+02  0.8946198E+00  0.1835049E-02  0.5052337E-03 -0.3324898E-04  0.1660635E-01  0.4776771E-04
  0.7463166666666E+02  0.8946807E+00  0.1827624E-02  0.5041284E-03 -0.3315773E-04  0.1660792E-01  0.4706002E-04
  0.7466500000000E+02  0.8947414E+00  0.1820243E-02  0.5030262E-03 -0.3306720E-04  0.1660947E-01  0.4635750E-04
  0.7469833333333E+02  0.8948018E+00  0.1812905E-02  0.5019269E-03 -0.3297739E-04  0.1661099E-01  0.4566014E-04
  0.7473166666666E+02  0.8948620E+00  0.1805610E-02  0.5008307E-03 -0.3288830E-04  0.1661249E-01  0.4496791E-04
  0.7476500000000E+02  0.8949219E+00  0.1798357E-02  0.4997373E-03 -0.3279992E-04  0.1661396E-01  0.4428080E-04
  0.7479833333333E+02  0.8949816E+00  0.1791148E-02  0.4986469E-03 -0.3271225E-04  0.1661542E-01  0.4359879E-04
  0.7483166666666E+02  0.8950411E+00  0.1783980E-02  0.4975594E-03 -0.3262528E-04  0.1661685E-01  0.4292186E-04
  0.7486500000000E+02  0.8951003E+00  0.1776855E-02  0.4964748E-03 -0.3253900E-04  0.1661825E-01  0.4225000E-04
  0.7489833333333E+02  0.8951593E+00  0.1769771E-02  0.4953930E-03 -0.3245341E-04  0.1661964E-01  0.4158317E-04
  0.7493166666666E+02  0.8952181E+00  0.1762729E-02  0.4943141E-03 -0.3236850E-04  0.1662100E-01  0.4092137E-04
  0.7496500000000E+02  0.8952766E+00  0.1755729E-02  0.4932379E-03 -0.3228427E-04  0.1662235E-01  0.4026458E-04
  0.7499833333333E+02  0.8953349E+00  0.1748769E-02  0.4921646E-03 -0.3220070E-04  0.1662367E-01  0.3961278E-04
  0.7503166666666E+02  0.8953929E+00  0.1741850E-02  0.4910940E-03 -0.3211780E-04  0.1662497E-01  0.3896594E-04
  0.7506500000000E+02  0.8954508E+00  0.1734972E-02  0.4900261E-03 -0.3203556E-04  0.1662624E-01  0.3832406E-04
  0.7509833333333E+02  0.8955084E+00  0.1728134E-02  0.4889610E-03 -0.3195396E-04  0.1662750E-01  0.3768712E-04
  0.7513166666666E+02  0.8955658E+00  0.1721337E-02  0.4878985E-03 -0.3187300E-04  0.1662874E-01  0.3705509E-04
  0.7516500000000E+02  0.8956229E+00  0.1714579E-02  0.4868388E-03 -0.3179268E-04  0.1662995E-01  0.3642796E-04
  0.7519833333333E+02  0.8956798E+00  0.1707861E-02  0.4857817E-03 -0.3171298E-04  0.1663114E-01  0.3580571E-04
  0.7523166666666E+02  0.8957365E+00  0.1701182E-02  0.4847272E-03 -0.3163390E-04  0.1663232E-01  0.3518833E-04
  0.7526500000000E+02  0.8957930E+00  0.1694542E-02  0.4836754E-03 -0.3155542E-04  0.1663347E-01  0.3457579E-04
  0.7529833333333E+02  0.8958493E+00  0.1687942E-02  0.4826261E-03 -0.3147755E-04  0.1663460E-01  0.3396808E-04
  0.7533166666666E+02  0.8959053E+00  0.1681380E-02  0.4815795E-03 -0.3140027E-04  0.1663571E-01  0.3336518E-04
  0.7536500000000E+02  0.8959612E+00  0.1674857E-02  0.4805353E-03 -0.3132357E-04  0.1663681E-01  0.3276707E-04
  0.7539833333333E+02  0.8960168E+00  0.1668371E-02  0.4794938E-03 -0.3124745E-04  0.1663788E-01  0.3217374E-04
  0.7543166666666E+02  0.8960722E+00  0.1661924E-02  0.4784547E-03 -0.3117189E-04  0.1663893E-01  0.3158517E-04
  0.7546500000000E+02  0.8961274E+00  0.1655515E-02  0.4774181E-03 -0.3109690E-04  0.1663996E-01  0.3100134E-04
  0.7549833333333E+02  0.8961823E+00  0.1649143E-02  0.4763840E-03 -0.3102245E-04  0.1664098E-01  0.3042223E-04
  0.7553166666666E+02  0.8962371E+00  0.1642809E-02  0.4753524E-03 -0.3094854E-04  0.1664197E-01  0.2984782E-04
  0.7556500000000E+02  0.8962916E+00  0.1636512E-02  0.4743233E-03 -0.3087517E-04  0.1664295E-01  0.2927811E-04
  0.7559833333333E+02  0.8963460E+00  0.1630251E-02  0.4732965E-03 -0.3080232E-04  0.1664391E-01  0.2871306E-04
  0.7563166666666E+02  0.8964001E+00  0.1624028E-02  0.4722722E-03 -0.3072998E-04  0.1664484E-01  0.2815266E-04
  0.7566500000000E+02  0.8964541E+00  0.1617840E-02  0.4712502E-03 -0.3065815E-04  0.1664576E-01  0.2759690E-04
  0.7569833333333E+02  0.8965078E+00  0.1611689E-02  0.4702307E-03 -0.3058682E-04  0.1664667E-01  0.2704576E-04
  0.7573166666666E+02  0.8965613E+00  0.1605574E-02  0.4692135E-03 -0.3051597E-04  0.1664755E-01  0.2649921E-04
  0.7576500000000E+02  0.8966146E+00  0.1599495E-02  0.4681986E-03 -0.3044560E-04  0.1664841E-01  0.2595725E-04
  0.7579833333333E+02  0.8966677E+00  0.1593451E-02  0.4671861E-03 -0.3037570E-04  0.1664926E-01  0.2541985E-04
  0.7583166666666E+02  0.8967206E+00  0.1587443E-02  0.4661759E-03 -0.3030626E-04  0.1665009E-01  0.2488699E-04
  0.7586500000000E+02  0.8967734E+00  0.1581470E-02  0.4651680E-03 -0.3023727E-04  0.1665090E-01  0.2435866E-04
  0.7589833333333E+02  0.8968259E+00  0.1575531E-02  0.4641624E-03 -0.3016873E-04  0.1665170E-01  0.2383484E-04
  0.7593166666666E+02  0.8968782E+00  0.1569628E-02  0.4631590E-03 -0.3010062E-04  0.1665247E-01  0.2331551E-04
  0.7596500000000E+02  0.8969303E+00  0.1563758E-02  0.4621579E-03 -0.3003293E-04  0.1665323E-01  0.2280065E-04
  0.7599833333333E+02  0.8969822E+00  0.1557924E-02  0.4611591E-03 -0.2996566E-04  0.1665398E-01  0.2229024E-04
  0.7603166666666E+02  0.8970340E+00  0.1552123E-02  0.4601624E-03 -0.2989880E-04  0.1665470E-01  0.2178427E-04
  0.7606500000000E+02  0.8970855E+00  0.1546356E-02  0.4591680E-03 -0.2983234E-04  0.1665541E-01  0.2128272E-04
  0.7609833333333E+02  0.8971369E+00  0.1540622E-02  0.4581758E-03 -0.2976627E-04  0.1665611E-01  0.2078557E-04
  0.7613166666666E+02  0.8971880E+00  0.1534922E-02  0.4571858E-03 -0.2970058E-04  0.1665678E-01  0.2029279E-04
  0.7616500000000E+02  0.8972390E+00  0.1529255E-02  0.4561979E-03 -0.2963527E-04  0.1665744E-01  0.1980437E-04
  0.7619833333333E+02  0.8972898E+00  0.1523621E-02  0.4552123E-03 -0.2957031E-04  0.1665809E-01  0.1932030E-04
  0.7623166666666E+02  0.8973404E+00  0.1518020E-02  0.4542287E-03 -0.2950572E-04  0.1665871E-01  0.1884055E-04
  0.7626500000000E+02  0.8973908E+00  0.1512452E-02  0.4532474E-03 -0.2944147E-04  0.1665933E-01  0.1836510E-04
  0.7629833333333E+02  0.8974411E+00  0.1506915E-02  0.4522681E-03 -0.2937757E-04  0.1665992E-01  0.1789394E-04
  0.7633166666666E+02  0.8974911E+00  0.1501411E-02  0.4512910E-03 -0.2931400E-04  0.1666050E-01  0.1742704E-04
  0.7636500000000E+02  0.8975410E+00  0.1495939E-02  0.4503160E-03 -0.2925075E-04  0.1666107E-01  0.1696439E-04
  0.7639833333333E+02  0.8975907E+00  0.1490499E-02  0.4493430E-03 -0.2918782E-04  0.1666162E-01  0.1650596E-04
  0.7643166666666E+02  0.8976402E+00  0.1485090E-02  0.4483722E-03 -0.2912519E-04  0.1666216E-01  0.1605174E-04
  0.7646500000000E+02  0.8976895E+00  0.1479712E-02  0.4474034E-03 -0.2906287E-04  0.1666268E-01  0.1560170E-04
  0.7649833333333E+02  0.8977386E+00  0.1474366E-02  0.4464367E-03 -0.2900084E-04  0.1666318E-01  0.1515584E-04
  0.7653166666666E+02  0.8977876E+00  0.1469050E-02  0.4454721E-03 -0.2893910E-04  0.1666367E-01  0.1471411E-04
  0.7656500000000E+02  0.8978364E+00  0.1463766E-02  0.4445095E-03 -0.2887763E-04  0.1666415E-01  0.1427652E-04
  0.7659833333333E+02  0.8978850E+00  0.1458511E-02  0.4435490E-03 -0.2881644E-04  0.1666461E-01  0.1384303E-04
  0.7663166666666E+02  0.8979334E+00  0.1453287E-02  0.4425904E-03 -0.2875551E-04  0.1666506E-01  0.1341363E-04
  0.7666500000000E+02  0.8979817E+00  0.1448094E-02  0.4416339E-03 -0.2869484E-04  0.1666549E-01  0.1298829E-04
  0.7669833333333E+02  0.8980298E+00  0.1442930E-02  0.4406795E-03 -0.2863442E-04  0.1666591E-01  0.1256700E-04
  0.7673166666666E+02  0.8980777E+00  0.1437796E-02  0.4397270E-03 -0.2857424E-04  0.1666631E-01  0.1214973E-04
  0.7676500000000E+02  0.8981255E+00  0.1432691E-02  0.4387765E-03 -0.2851430E-04  0.1666670E-01  0.1173647E-04
  0.7679833333333E+02  0.8981731E+00  0.1427616E-02  0.4378280E-03 -0.2845458E-04  0.1666708E-01  0.1132719E-04
  0.7683166666666E+02  0.8982205E+00  0.1422569E-02  0.4368815E-03 -0.2839510E-04  0.1666745E-01  0.1092187E-04
  0.7686500000000E+02  0.8982678E+00  0.1417552E-02  0.4359370E-03 -0.2833583E-04  0.1666780E-01  0.1052050E-04
  0.7689833333333E+02  0.8983148E+00  0.1412564E-02  0.4349944E-03 -0.2827677E-04  0.1666813E-01  0.1012304E-04
  0.7693166666666E+02  0.8983618E+00  0.1407604E-02  0.4340538E-03 -0.2821792E-04  0.1666846E-01  0.9729483E-05
  0.7696500000000E+02  0.8984085E+00  0.1402672E-02  0.4331152E-03 -0.2815926E-04  0.1666877E-01  0.9339803E-05
  0.7699833333333E+02  0.8984551E+00  0.1397769E-02  0.4321785E-03 -0.2810080E-04  0.1666907E-01  0.8953978E-05
  0.7703166666666E+02  0.8985015E+00  0.1392894E-02  0.4312438E-03 -0.2804253E-04  0.1666935E-01  0.8571988E-05
  0.7706500000000E+02  0.8985478E+00  0.1388046E-02  0.4303109E-03 -0.2798444E-04  0.1666963E-01  0.8193810E-05
  0.7709833333333E+02  0.8985939E+00  0.1383226E-02  0.4293801E-03 -0.2792653E-04  0.1666989E-01  0.7819424E-05
  0.7713166666666E+02  0.8986399E+00  0.1378434E-02  0.4284511E-03 -0.2786879E-04  0.1667014E-01  0.7448807E-05
  0.7716500000000E+02  0.8986857E+00  0.1373669E-02  0.4275241E-03 -0.2781122E-04  0.1667037E-01  0.7081938E-05
  0.7719833333333E+02  0.8987313E+00  0.1368930E-02  0.4265989E-03 -0.2775380E-04  0.1667060E-01  0.6718793E-05
  0.7723166666666E+02  0.8987768E+00  0.1364219E-02  0.4256757E-03 -0.2769655E-04  0.1667081E-01  0.6359353E-05
  0.7726500000000E+02  0.8988221E+00  0.1359535E-02  0.4247544E-03 -0.2763944E-04  0.1667101E-01  0.6003593E-05
  0.7729833333333E+02  0.8988672E+00  0.1354877E-02  0.4238350E-03 -0.2758249E-04  0.1667120E-01  0.5651493E-05
  0.7733166666666E+02  0.8989122E+00  0.1350245E-02  0.4229175E-03 -0.2752567E-04  0.1667137E-01  0.5303029E-05
  0.7736500000000E+02  0.8989571E+00  0.1345639E-02  0.4220018E-03 -0.2746900E-04  0.1667154E-01  0.4958180E-05
  0.7739833333333E+02  0.8990018E+00  0.1341060E-02  0.4210881E-03 -0.2741246E-04  0.1667169E-01  0.4616923E-05
  0.7743166666666E+02  0.8990464E+00  0.1336506E-02  0.4201762E-03 -0.2735604E-04  0.1667183E-01  0.4279235E-05
  0.7746500000000E+02  0.8990908E+00  0.1331978E-02  0.4192662E-03 -0.2729976E-04  0.1667197E-01  0.3945094E-05
  0.7749833333333E+02  0.8991350E+00  0.1327476E-02  0.4183581E-03 -0.2724359E-04  0.1667209E-01  0.3614477E-05
  0.7753166666666E+02  0.8991791E+00  0.1322998E-02  0.4174518E-03 -0.2718755E-04  0.1667220E-01  0.3287362E-05
  0.7756500000000E+02  0.8992231E+00  0.1318546E-02  0.4165475E-03 -0.2713161E-04  0.1667229E-01  0.2963726E-05
  0.7759833333333E+02  0.8992669E+00  0.1314119E-02  0.4156449E-03 -0.2707579E-04  0.1667238E-01  0.2643546E-05
  0.7763166666666E+02  0.8993105E+00  0.1309716E-02  0.4147443E-03 -0.2702008E-04  0.1667246E-01  0.2326799E-05
  0.7766500000000E+02  0.8993540E+00  0.1305338E-02  0.4138454E-03 -0.2696447E-04  0.1667253E-01  0.2013463E-05
  0.7769833333333E+02  0.8993974E+00  0.1300985E-02  0.4129485E-03 -0.2690896E-04  0.1667258E-01  0.1703514E-05
  0.7773166666666E+02  0.8994406E+00  0.1296655E-02  0.4120534E-03 -0.2685355E-04  0.1667263E-01  0.1396929E-05
  0.7776500000000E+02  0.8994837E+00  0.1292350E-02  0.4111601E-03 -0.2679823E-04  0.1667267E-01  0.1093686E-05
  0.7779833333333E+02  0.8995266E+00  0.1288069E-02  0.4102687E-03 -0.2674301E-04  0.1667269E-01  0.7937605E-06
  0.7783166666666E+02  0.8995694E+00  0.1283812E-02  0.4093791E-03 -0.2668787E-04  0.1667271E-01  0.4971308E-06
  0.7786500000000E+02  0.8996121E+00  0.1279578E-02  0.4084913E-03 -0.2663283E-04  0.1667272E-01  0.2037732E-06
  0.7789833333333E+02  0.8996546E+00  0.1275367E-02  0.4076054E-03 -0.2657786E-04  0.1667271E-01 -0.8633549E-07
  0.7793166666666E+02  0.8996970E+00  0.1271180E-02  0.4067213E-03 -0.2652298E-04  0.1667270E-01 -0.3732183E-06
  0.7796500000000E+02  0.8997392E+00  0.1267016E-02  0.4058390E-03 -0.2646817E-04  0.1667268E-01 -0.6568986E-06
  0.7799833333333E+02  0.8997813E+00  0.1262875E-02  0.4049585E-03 -0.2641345E-04  0.1667265E-01 -0.9373994E-06
  0.7803166666666E+02  0.8998232E+00  0.1258757E-02  0.4040799E-03 -0.2635879E-04  0.1667261E-01 -0.1214744E-05
  0.7806500000000E+02  0.8998651E+00  0.1254661E-02  0.4032031E-03 -0.2630421E-04  0.1667256E-01 -0.1488956E-05
  0.7809833333333E+02  0.8999068E+00  0.1250588E-02  0.4023281E-03 -0.2624970E-04  0.1667250E-01 -0.1760058E-05
  0.7813166666666E+02  0.8999483E+00  0.1246537E-02  0.4014549E-03 -0.2619526E-04  0.1667243E-01 -0.2028074E-05
  0.7816500000000E+02  0.8999897E+00  0.1242508E-02  0.4005836E-03 -0.2614089E-04  0.1667236E-01 -0.2293026E-05
  0.7819833333333E+02  0.9000310E+00  0.1238501E-02  0.3997140E-03 -0.2608658E-04  0.1667227E-01 -0.2554939E-05
  0.7823166666666E+02  0.9000722E+00  0.1234516E-02  0.3988463E-03 -0.2603234E-04  0.1667218E-01 -0.2813835E-05
  0.7826500000000E+02  0.9001132E+00  0.1230553E-02  0.3979804E-03 -0.2597816E-04  0.1667207E-01 -0.3069737E-05
  0.7829833333333E+02  0.9001541E+00  0.1226611E-02  0.3971162E-03 -0.2592404E-04  0.1667196E-01 -0.3322670E-05
  0.7833166666666E+02  0.9001948E+00  0.1222691E-02  0.3962539E-03 -0.2586998E-04  0.1667184E-01 -0.3572655E-05
  0.7836500000000E+02  0.9002354E+00  0.1218792E-02  0.3953934E-03 -0.2581598E-04  0.1667172E-01 -0.3819717E-05
  0.7839833333333E+02  0.9002759E+00  0.1214914E-02  0.3945346E-03 -0.2576204E-04  0.1667158E-01 -0.4063879E-05
  0.7843166666666E+02  0.9003163E+00  0.1211057E-02  0.3936777E-03 -0.2570815E-04  0.1667144E-01 -0.4305163E-05
  0.7846500000000E+02  0.9003565E+00  0.1207221E-02  0.3928225E-03 -0.2565432E-04  0.1667129E-01 -0.4543593E-05
  0.7849833333333E+02  0.9003967E+00  0.1203405E-02  0.3919692E-03 -0.2560054E-04  0.1667113E-01 -0.4779192E-05
  0.7853166666666E+02  0.9004367E+00  0.1199610E-02  0.3911176E-03 -0.2554682E-04  0.1667096E-01 -0.5011983E-05
  0.7856500000000E+02  0.9004765E+00  0.1195836E-02  0.3902678E-03 -0.2549315E-04  0.1667079E-01 -0.5241990E-05
  0.7859833333333E+02  0.9005162E+00  0.1192081E-02  0.3894199E-03 -0.2543953E-04  0.1667060E-01 -0.5469234E-05
  0.7863166666666E+02  0.9005559E+00  0.1188347E-02  0.3885737E-03 -0.2538597E-04  0.1667041E-01 -0.5693740E-05
  0.7866500000000E+02  0.9005953E+00  0.1184632E-02  0.3877293E-03 -0.2533245E-04  0.1667022E-01 -0.5915531E-05
  0.7869833333333E+02  0.9006347E+00  0.1180938E-02  0.3868866E-03 -0.2527899E-04  0.1667001E-01 -0.6134628E-05
  0.7873166666666E+02  0.9006740E+00  0.1177263E-02  0.3860458E-03 -0.2522558E-04  0.1666980E-01 -0.6351056E-05
  0.7876500000000E+02  0.9007131E+00  0.1173608E-02  0.3852067E-03 -0.2517222E-04  0.1666958E-01 -0.6564836E-05
  0.7879833333333E+02  0.9007521E+00  0.1169972E-02  0.3843694E-03 -0.2511891E-04  0.1666936E-01 -0.6775993E-05
  0.7883166666666E+02  0.9007910E+00  0.1166355E-02  0.3835339E-03 -0.2506565E-04  0.1666912E-01 -0.6984548E-05
  0.7886500000000E+02  0.9008297E+00  0.1162757E-02  0.3827001E-03 -0.2501243E-04  0.1666888E-01 -0.7190524E-05
  0.7889833333333E+02  0.9008683E+00  0.1159178E-02  0.3818681E-03 -0.2495927E-04  0.1666864E-01 -0.7393944E-05
  0.7893166666666E+02  0.9009069E+00  0.1155619E-02  0.3810379E-03 -0.2490616E-04  0.1666838E-01 -0.7594831E-05
  0.7896500000000E+02  0.9009453E+00  0.1152078E-02  0.3802095E-03 -0.2485310E-04  0.1666812E-01 -0.7793206E-05
  0.7899833333333E+02  0.9009836E+00  0.1148555E-02  0.3793828E-03 -0.2480009E-04  0.1666786E-01 -0.7989093E-05
  0.7903166666666E+02  0.9010217E+00  0.1145051E-02  0.3785579E-03 -0.2474712E-04  0.1666758E-01 -0.8182514E-05
  0.7906500000000E+02  0.9010598E+00  0.1141565E-02  0.3777348E-03 -0.2469421E-04  0.1666731E-01 -0.8373492E-05
  0.7909833333333E+02  0.9010977E+00  0.1138098E-02  0.3769134E-03 -0.2464135E-04  0.1666702E-01 -0.8562047E-05
  0.7913166666666E+02  0.9011355E+00  0.1134649E-02  0.3760938E-03 -0.2458854E-04  0.1666673E-01 -0.8748204E-05
  0.7916500000000E+02  0.9011732E+00  0.1131217E-02  0.3752759E-03 -0.2453578E-04  0.1666643E-01 -0.8931983E-05
  0.7919833333333E+02  0.9012108E+00  0.1127804E-02  0.3744598E-03 -0.2448308E-04  0.1666613E-01 -0.9113408E-05
  0.7923166666666E+02  0.9012483E+00  0.1124408E-02  0.3736455E-03 -0.2443042E-04  0.1666582E-01 -0.9292499E-05
  0.7926500000000E+02  0.9012857E+00  0.1121029E-02  0.3728329E-03 -0.2437782E-04  0.1666550E-01 -0.9469279E-05
  0.7929833333333E+02  0.9013229E+00  0.1117668E-02  0.3720221E-03 -0.2432528E-04  0.1666518E-01 -0.9643770E-05
  0.7933166666666E+02  0.9013601E+00  0.1114325E-02  0.3712130E-03 -0.2427278E-04  0.1666485E-01 -0.9815994E-05
  0.7936500000000E+02  0.9013971E+00  0.1110999E-02  0.3704056E-03 -0.2422034E-04  0.1666452E-01 -0.9985971E-05
  0.7939833333333E+02  0.9014340E+00  0.1107689E-02  0.3696000E-03 -0.2416796E-04  0.1666418E-01 -0.1015372E-04
  0.7943166666666E+02  0.9014709E+00  0.1104397E-02  0.3687962E-03 -0.2411563E-04  0.1666384E-01 -0.1031927E-04
  0.7946500000000E+02  0.9015076E+00  0.1101122E-02  0.3679940E-03 -0.2406336E-04  0.1666349E-01 -0.1048264E-04
  0.7949833333333E+02  0.9015442E+00  0.1097863E-02  0.3671937E-03 -0.2401115E-04  0.1666313E-01 -0.1064385E-04
  0.7953166666666E+02  0.9015806E+00  0.1094621E-02  0.3663950E-03 -0.2395899E-04  0.1666277E-01 -0.1080292E-04
  0.7956500000000E+02  0.9016170E+00  0.1091396E-02  0.3655981E-03 -0.2390690E-04  0.1666241E-01 -0.1095988E-04
  0.7959833333333E+02  0.9016533E+00  0.1088186E-02  0.3648030E-03 -0.2385487E-04  0.1666204E-01 -0.1111473E-04
  0.7963166666666E+02  0.9016895E+00  0.1084994E-02  0.3640096E-03 -0.2380289E-04  0.1666166E-01 -0.1126751E-04
  0.7966500000000E+02  0.9017255E+00  0.1081817E-02  0.3632179E-03 -0.2375098E-04  0.1666128E-01 -0.1141824E-04
  0.7969833333333E+02  0.9017615E+00  0.1078656E-02  0.3624279E-03 -0.2369913E-04  0.1666090E-01 -0.1156693E-04
  0.7973166666666E+02  0.9017973E+00  0.1075512E-02  0.3616396E-03 -0.2364735E-04  0.1666051E-01 -0.1171361E-04
  0.7976500000000E+02  0.9018331E+00  0.1072383E-02  0.3608531E-03 -0.2359563E-04  0.1666011E-01 -0.1185829E-04
  0.7979833333333E+02  0.9018687E+00  0.1069270E-02  0.3600683E-03 -0.2354398E-04  0.1665971E-01 -0.1200100E-04
  0.7983166666666E+02  0.9019043E+00  0.1066172E-02  0.3592852E-03 -0.2349239E-04  0.1665931E-01 -0.1214177E-04
  0.7986500000000E+02  0.9019397E+00  0.1063090E-02  0.3585039E-03 -0.2344088E-04  0.1665890E-01 -0.1228059E-04
  0.7989833333333E+02  0.9019750E+00  0.1060024E-02  0.3577242E-03 -0.2338943E-04  0.1665848E-01 -0.1241751E-04
  0.7993166666666E+02  0.9020103E+00  0.1056973E-02  0.3569463E-03 -0.2333805E-04  0.1665806E-01 -0.1255254E-04
  0.7996500000000E+02  0.9020454E+00  0.1053937E-02  0.3561701E-03 -0.2328675E-04  0.1665764E-01 -0.1268569E-04
  0.7999833333333E+02  0.9020804E+00  0.1050916E-02  0.3553956E-03 -0.2323552E-04  0.1665721E-01 -0.1281699E-04
  0.8003166666666E+02  0.9021153E+00  0.1047910E-02  0.3546227E-03 -0.2318436E-04  0.1665678E-01 -0.1294646E-04
  0.8006500000000E+02  0.9021502E+00  0.1044919E-02  0.3538516E-03 -0.2313328E-04  0.1665635E-01 -0.1307412E-04
  0.8009833333333E+02  0.9021849E+00  0.1041943E-02  0.3530822E-03 -0.2308228E-04  0.1665591E-01 -0.1319999E-04
  0.8013166666666E+02  0.9022195E+00  0.1038981E-02  0.3523145E-03 -0.2303135E-04  0.1665546E-01 -0.1332408E-04
  0.8016500000000E+02  0.9022541E+00  0.1036034E-02  0.3515485E-03 -0.2298050E-04  0.1665501E-01 -0.1344641E-04
  0.8019833333333E+02  0.9022885E+00  0.1033102E-02  0.3507842E-03 -0.2292974E-04  0.1665456E-01 -0.1356701E-04
  0.8023166666666E+02  0.9023229E+00  0.1030183E-02  0.3500215E-03 -0.2287905E-04  0.1665411E-01 -0.1368590E-04
  0.8026500000000E+02  0.9023571E+00  0.1027280E-02  0.3492606E-03 -0.2282845E-04  0.1665365E-01 -0.1380308E-04
  0.8029833333333E+02  0.9023912E+00  0.1024390E-02  0.3485013E-03 -0.2277793E-04  0.1665318E-01 -0.1391859E-04
  0.8033166666666E+02  0.9024253E+00  0.1021515E-02  0.3477437E-03 -0.2272750E-04  0.1665271E-01 -0.1403244E-04
  0.8036500000000E+02  0.9024592E+00  0.1018653E-02  0.3469878E-03 -0.2267716E-04  0.1665224E-01 -0.1414465E-04
  0.8039833333333E+02  0.9024931E+00  0.1015806E-02  0.3462336E-03 -0.2262690E-04  0.1665177E-01 -0.1425523E-04
  0.8043166666666E+02  0.9025269E+00  0.1012972E-02  0.3454810E-03 -0.2257674E-04  0.1665129E-01 -0.1436421E-04
  0.8046500000000E+02  0.9025605E+00  0.1010152E-02  0.3447302E-03 -0.2252667E-04  0.1665081E-01 -0.1447160E-04
  0.8049833333333E+02  0.9025941E+00  0.1007346E-02  0.3439809E-03 -0.2247668E-04  0.1665032E-01 -0.1457743E-04
  0.8053166666666E+02  0.9026276E+00  0.1004553E-02  0.3432334E-03 -0.2242680E-04  0.1664983E-01 -0.1468170E-04
  0.8056500000000E+02  0.9026610E+00  0.1001773E-02  0.3424875E-03 -0.2237700E-04  0.1664934E-01 -0.1478444E-04
  0.8059833333333E+02  0.9026943E+00  0.9990073E-03  0.3417432E-03 -0.2232731E-04  0.1664884E-01 -0.1488567E-04
  0.8063166666666E+02  0.9027275E+00  0.9962546E-03  0.3410006E-03 -0.2227771E-04  0.1664834E-01 -0.1498540E-04
  0.8066500000000E+02  0.9027606E+00  0.9935150E-03  0.3402597E-03 -0.2222821E-04  0.1664784E-01 -0.1508365E-04
  0.8069833333333E+02  0.9027937E+00  0.9907886E-03  0.3395204E-03 -0.2217881E-04  0.1664733E-01 -0.1518043E-04
  0.8073166666666E+02  0.9028266E+00  0.9880752E-03  0.3387828E-03 -0.2212952E-04  0.1664682E-01 -0.1527577E-04
  0.8076500000000E+02  0.9028594E+00  0.9853747E-03  0.3380467E-03 -0.2208033E-04  0.1664631E-01 -0.1536968E-04
  0.8079833333333E+02  0.9028922E+00  0.9826870E-03  0.3373124E-03 -0.2203124E-04  0.1664580E-01 -0.1546218E-04
  0.8083166666666E+02  0.9029249E+00  0.9800121E-03  0.3365796E-03 -0.2198226E-04  0.1664528E-01 -0.1555329E-04
  0.8086500000000E+02  0.9029574E+00  0.9773499E-03  0.3358485E-03 -0.2193338E-04  0.1664476E-01 -0.1564302E-04
  0.8089833333333E+02  0.9029899E+00  0.9747003E-03  0.3351190E-03 -0.2188462E-04  0.1664423E-01 -0.1573138E-04
  0.8093166666666E+02  0.9030223E+00  0.9720631E-03  0.3343912E-03 -0.2183596E-04  0.1664370E-01 -0.1581840E-04
  0.8096500000000E+02  0.9030546E+00  0.9694384E-03  0.3336649E-03 -0.2178742E-04  0.1664317E-01 -0.1590410E-04
  0.8099833333333E+02  0.9030869E+00  0.9668261E-03  0.3329403E-03 -0.2173899E-04  0.1664264E-01 -0.1598848E-04
  0.8103166666666E+02  0.9031190E+00  0.9642260E-03  0.3322173E-03 -0.2169067E-04  0.1664211E-01 -0.1607156E-04
  0.8106500000000E+02  0.9031511E+00  0.9616381E-03  0.3314958E-03 -0.2164247E-04  0.1664157E-01 -0.1615336E-04
  0.8109833333333E+02  0.9031830E+00  0.9590623E-03  0.3307760E-03 -0.2159439E-04  0.1664103E-01 -0.1623390E-04
  0.8113166666666E+02  0.9032149E+00  0.9564985E-03  0.3300578E-03 -0.2154642E-04  0.1664048E-01 -0.1631319E-04
  0.8116500000000E+02  0.9032467E+00  0.9539466E-03  0.3293412E-03 -0.2149857E-04  0.1663994E-01 -0.1639124E-04
  0.8119833333333E+02  0.9032784E+00  0.9514067E-03  0.3286262E-03 -0.2145085E-04  0.1663939E-01 -0.1646808E-04
  0.8123166666666E+02  0.9033101E+00  0.9488785E-03  0.3279127E-03 -0.2140324E-04  0.1663884E-01 -0.1654371E-04
  0.8126500000000E+02  0.9033416E+00  0.9463620E-03  0.3272009E-03 -0.2135576E-04  0.1663828E-01 -0.1661815E-04
  0.8129833333333E+02  0.9033731E+00  0.9438572E-03  0.3264906E-03 -0.2130841E-04  0.1663773E-01 -0.1669142E-04
  0.8133166666666E+02  0.9034044E+00  0.9413639E-03  0.3257819E-03 -0.2126118E-04  0.1663717E-01 -0.1676354E-04
  0.8136500000000E+02  0.9034357E+00  0.9388822E-03  0.3250747E-03 -0.2121407E-04  0.1663661E-01 -0.1683451E-04
  0.8139833333333E+02  0.9034670E+00  0.9364118E-03  0.3243692E-03 -0.2116710E-04  0.1663604E-01 -0.1690435E-04
  0.8143166666666E+02  0.9034981E+00  0.9339528E-03  0.3236652E-03 -0.2112025E-04  0.1663548E-01 -0.1697308E-04
  0.8146500000000E+02  0.9035291E+00  0.9315051E-03  0.3229627E-03 -0.2107354E-04  0.1663491E-01 -0.1704070E-04
  0.8149833333333E+02  0.9035601E+00  0.9290685E-03  0.3222618E-03 -0.2102696E-04  0.1663434E-01 -0.1710724E-04
  0.8153166666666E+02  0.9035910E+00  0.9266431E-03  0.3215625E-03 -0.2098051E-04  0.1663377E-01 -0.1717271E-04
  0.8156500000000E+02  0.9036218E+00  0.9242288E-03  0.3208647E-03 -0.2093419E-04  0.1663319E-01 -0.1723712E-04
  0.8159833333333E+02  0.9036525E+00  0.9218254E-03  0.3201684E-03 -0.2088801E-04  0.1663261E-01 -0.1730049E-04
  0.8163166666666E+02  0.9036832E+00  0.9194329E-03  0.3194737E-03 -0.2084197E-04  0.1663204E-01 -0.1736283E-04
  0.8166500000000E+02  0.9037137E+00  0.9170513E-03  0.3187805E-03 -0.2079606E-04  0.1663145E-01 -0.1742415E-04
  0.8169833333333E+02  0.9037442E+00  0.9146805E-03  0.3180888E-03 -0.2075029E-04  0.1663087E-01 -0.1748446E-04
  0.8173166666666E+02  0.9037746E+00  0.9123204E-03  0.3173986E-03 -0.2070466E-04  0.1663029E-01 -0.1754379E-04
  0.8176500000000E+02  0.9038050E+00  0.9099709E-03  0.3167100E-03 -0.2065918E-04  0.1662970E-01 -0.1760214E-04
  0.8179833333333E+02  0.9038352E+00  0.9076320E-03  0.3160229E-03 -0.2061383E-04  0.1662911E-01 -0.1765953E-04
  0.8183166666666E+02  0.9038654E+00  0.9053036E-03  0.3153372E-03 -0.2056863E-04  0.1662852E-01 -0.1771596E-04
  0.8186500000000E+02  0.9038955E+00  0.9029856E-03  0.3146531E-03 -0.2052357E-04  0.1662793E-01 -0.1777146E-04
  0.8189833333333E+02  0.9039255E+00  0.9006780E-03  0.3139705E-03 -0.2047866E-04  0.1662733E-01 -0.1782603E-04
  0.8193166666666E+02  0.9039555E+00  0.8983808E-03  0.3132894E-03 -0.2043389E-04  0.1662674E-01 -0.1787969E-04
  0.8196500000000E+02  0.9039853E+00  0.8960937E-03  0.3126097E-03 -0.2038927E-04  0.1662614E-01 -0.1793245E-04
  0.8199833333333E+02  0.9040151E+00  0.8938169E-03  0.3119316E-03 -0.2034480E-04  0.1662554E-01 -0.1798432E-04
  0.8203166666666E+02  0.9040449E+00  0.8915502E-03  0.3112549E-03 -0.2030047E-04  0.1662494E-01 -0.1803532E-04
  0.8206500000000E+02  0.9040745E+00  0.8892935E-03  0.3105797E-03 -0.2025630E-04  0.1662434E-01 -0.1808545E-04
  0.8209833333333E+02  0.9041041E+00  0.8870468E-03  0.3099059E-03 -0.2021228E-04  0.1662373E-01 -0.1813473E-04
  0.8213166666666E+02  0.9041336E+00  0.8848101E-03  0.3092337E-03 -0.2016840E-04  0.1662313E-01 -0.1818317E-04
  0.8216500000000E+02  0.9041630E+00  0.8825832E-03  0.3085628E-03 -0.2012469E-04  0.1662252E-01 -0.1823078E-04
  0.8219833333333E+02  0.9041923E+00  0.8803661E-03  0.3078935E-03 -0.2008112E-04  0.1662191E-01 -0.1827757E-04
  0.8223166666666E+02  0.9042216E+00  0.8781588E-03  0.3072255E-03 -0.2003771E-04  0.1662130E-01 -0.1832356E-04
  0.8226500000000E+02  0.9042508E+00  0.8759612E-03  0.3065591E-03 -0.1999445E-04  0.1662069E-01 -0.1836875E-04
  0.8229833333333E+02  0.9042799E+00  0.8737732E-03  0.3058940E-03 -0.1995135E-04  0.1662007E-01 -0.1841316E-04
  0.8233166666666E+02  0.9043090E+00  0.8715948E-03  0.3052304E-03 -0.1990840E-04  0.1661946E-01 -0.1845679E-04
  0.8236500000000E+02  0.9043380E+00  0.8694258E-03  0.3045682E-03 -0.1986562E-04  0.1661884E-01 -0.1849967E-04
  0.8239833333333E+02  0.9043669E+00  0.8672664E-03  0.3039074E-03 -0.1982299E-04  0.1661822E-01 -0.1854180E-04
  0.8243166666666E+02  0.9043957E+00  0.8651163E-03  0.3032481E-03 -0.1978052E-04  0.1661760E-01 -0.1858318E-04
  0.8246500000000E+02  0.9044245E+00  0.8629755E-03  0.3025901E-03 -0.1973821E-04  0.1661698E-01 -0.1862384E-04
  0.8249833333333E+02  0.9044532E+00  0.8608441E-03  0.3019336E-03 -0.1969605E-04  0.1661636E-01 -0.1866378E-04
  0.8253166666666E+02  0.9044818E+00  0.8587218E-03  0.3012785E-03 -0.1965406E-04  0.1661574E-01 -0.1870301E-04
  0.8256500000000E+02  0.9045103E+00  0.8566088E-03  0.3006247E-03 -0.1961223E-04  0.1661511E-01 -0.1874154E-04
  0.8259833333333E+02  0.9045388E+00  0.8545048E-03  0.2999724E-03 -0.1957057E-04  0.1661449E-01 -0.1877938E-04
  0.8263166666666E+02  0.9045672E+00  0.8524099E-03  0.2993214E-03 -0.1952906E-04  0.1661386E-01 -0.1881655E-04
  0.8266500000000E+02  0.9045956E+00  0.8503240E-03  0.2986718E-03 -0.1948772E-04  0.1661323E-01 -0.1885304E-04
  0.8269833333333E+02  0.9046239E+00  0.8482470E-03  0.2980236E-03 -0.1944654E-04  0.1661260E-01 -0.1888888E-04
  0.8273166666666E+02  0.9046521E+00  0.8461790E-03  0.2973768E-03 -0.1940553E-04  0.1661197E-01 -0.1892407E-04
  0.8276500000000E+02  0.9046802E+00  0.8441197E-03  0.2967313E-03 -0.1936468E-04  0.1661134E-01 -0.1895862E-04
  0.8279833333333E+02  0.9047083E+00  0.8420693E-03  0.2960871E-03 -0.1932400E-04  0.1661071E-01 -0.1899254E-04
  0.8283166666666E+02  0.9047363E+00  0.8400276E-03  0.2954444E-03 -0.1928348E-04  0.1661007E-01 -0.1902584E-04
  0.8286500000000E+02  0.9047642E+00  0.8379945E-03  0.2948029E-03 -0.1924313E-04  0.1660944E-01 -0.1905853E-04
  0.8289833333333E+02  0.9047921E+00  0.8359701E-03  0.2941628E-03 -0.1920295E-04  0.1660880E-01 -0.1909061E-04
  0.8293166666666E+02  0.9048199E+00  0.8339543E-03  0.2935241E-03 -0.1916293E-04  0.1660816E-01 -0.1912211E-04
  0.8296500000000E+02  0.9048476E+00  0.8319470E-03  0.2928866E-03 -0.1912308E-04  0.1660752E-01 -0.1915301E-04
  0.8299833333333E+02  0.9048753E+00  0.8299482E-03  0.2922505E-03 -0.1908340E-04  0.1660688E-01 -0.1918334E-04
  0.8303166666666E+02  0.9049029E+00  0.8279578E-03  0.2916157E-03 -0.1904389E-04  0.1660624E-01 -0.1921311E-04
  0.8306500000000E+02  0.9049304E+00  0.8259758E-03  0.2909822E-03 -0.1900454E-04  0.1660560E-01 -0.1924231E-04
  0.8309833333333E+02  0.9049579E+00  0.8240021E-03  0.2903500E-03 -0.1896537E-04  0.1660496E-01 -0.1927097E-04
  0.8313166666666E+02  0.9049853E+00  0.8220366E-03  0.2897192E-03 -0.1892636E-04  0.1660432E-01 -0.1929908E-04
  0.8316500000000E+02  0.9050126E+00  0.8200794E-03  0.2890896E-03 -0.1888752E-04  0.1660367E-01 -0.1932666E-04
  0.8319833333333E+02  0.9050399E+00  0.8181304E-03  0.2884613E-03 -0.1884886E-04  0.1660303E-01 -0.1935371E-04
  0.8323166666666E+02  0.9050671E+00  0.8161895E-03  0.2878343E-03 -0.1881036E-04  0.1660238E-01 -0.1938025E-04
  0.8326500000000E+02  0.9050942E+00  0.8142567E-03  0.2872085E-03 -0.1877203E-04  0.1660173E-01 -0.1940627E-04
  0.8329833333333E+02  0.9051213E+00  0.8123319E-03  0.2865841E-03 -0.1873388E-04  0.1660109E-01 -0.1943180E-04
  0.8333166666666E+02  0.9051483E+00  0.8104151E-03  0.2859609E-03 -0.1869589E-04  0.1660044E-01 -0.1945683E-04
  0.8336500000000E+02  0.9051753E+00  0.8085063E-03  0.2853389E-03 -0.1865808E-04  0.1659979E-01 -0.1948137E-04
  0.8339833333333E+02  0.9052022E+00  0.8066053E-03  0.2847183E-03 -0.1862044E-04  0.1659914E-01 -0.1950543E-04
  0.8343166666666E+02  0.9052290E+00  0.8047122E-03  0.2840988E-03 -0.1858297E-04  0.1659849E-01 -0.1952902E-04
  0.8346500000000E+02  0.9052557E+00  0.8028269E-03  0.2834806E-03 -0.1854567E-04  0.1659784E-01 -0.1955215E-04
  0.8349833333333E+02  0.9052824E+00  0.8009493E-03  0.2828637E-03 -0.1850854E-04  0.1659718E-01 -0.1957482E-04
  0.8353166666666E+02  0.9053091E+00  0.7990795E-03  0.2822480E-03 -0.1847158E-04  0.1659653E-01 -0.1959704E-04
  0.8356500000000E+02  0.9053356E+00  0.7972173E-03  0.2816335E-03 -0.1843480E-04  0.1659588E-01 -0.1961881E-04
  0.8359833333333E+02  0.9053622E+00  0.7953628E-03  0.2810202E-03 -0.1839818E-04  0.1659522E-01 -0.1964015E-04
  0.8363166666666E+02  0.9053886E+00  0.7935158E-03  0.2804081E-03 -0.1836174E-04  0.1659457E-01 -0.1966106E-04
  0.8366500000000E+02  0.9054150E+00  0.7916763E-03  0.2797973E-03 -0.1832547E-04  0.1659391E-01 -0.1968155E-04
  0.8369833333333E+02  0.9054413E+00  0.7898444E-03  0.2791877E-03 -0.1828937E-04  0.1659325E-01 -0.1970162E-04
  0.8373166666666E+02  0.9054676E+00  0.7880199E-03  0.2785792E-03 -0.1825344E-04  0.1659260E-01 -0.1972128E-04
  0.8376500000000E+02  0.9054938E+00  0.7862028E-03  0.2779719E-03 -0.1821769E-04  0.1659194E-01 -0.1974054E-04
  0.8379833333333E+02  0.9055199E+00  0.7843930E-03  0.2773659E-03 -0.1818211E-04  0.1659128E-01 -0.1975940E-04
  0.8383166666666E+02  0.9055460E+00  0.7825906E-03  0.2767610E-03 -0.1814669E-04  0.1659062E-01 -0.1977787E-04
  0.8386500000000E+02  0.9055721E+00  0.7807955E-03  0.2761573E-03 -0.1811145E-04  0.1658996E-01 -0.1979595E-04
  0.8389833333333E+02  0.9055980E+00  0.7790076E-03  0.2755547E-03 -0.1807639E-04  0.1658930E-01 -0.1981366E-04
  0.8393166666666E+02  0.9056239E+00  0.7772268E-03  0.2749533E-03 -0.1804149E-04  0.1658864E-01 -0.1983100E-04
  0.8396500000000E+02  0.9056498E+00  0.7754533E-03  0.2743531E-03 -0.1800676E-04  0.1658798E-01 -0.1984796E-04
  0.8399833333333E+02  0.9056756E+00  0.7736868E-03  0.2737540E-03 -0.1797221E-04  0.1658731E-01 -0.1986457E-04
  0.8403166666666E+02  0.9057013E+00  0.7719275E-03  0.2731561E-03 -0.1793782E-04  0.1658665E-01 -0.1988082E-04
  0.8406500000000E+02  0.9057270E+00  0.7701751E-03  0.2725593E-03 -0.1790361E-04  0.1658599E-01 -0.1989673E-04
  0.8409833333333E+02  0.9057526E+00  0.7684298E-03  0.2719637E-03 -0.1786956E-04  0.1658533E-01 -0.1991229E-04
  0.8413166666666E+02  0.9057781E+00  0.7666914E-03  0.2713692E-03 -0.1783569E-04  0.1658466E-01 -0.1992751E-04
  0.8416500000000E+02  0.9058036E+00  0.7649599E-03  0.2707758E-03 -0.1780199E-04  0.1658400E-01 -0.1994240E-04
  0.8419833333333E+02  0.9058291E+00  0.7632353E-03  0.2701835E-03 -0.1776845E-04  0.1658333E-01 -0.1995696E-04
  0.8423166666666E+02  0.9058545E+00  0.7615175E-03  0.2695923E-03 -0.1773509E-04  0.1658267E-01 -0.1997120E-04
  0.8426500000000E+02  0.9058798E+00  0.7598065E-03  0.2690022E-03 -0.1770190E-04  0.1658200E-01 -0.1998512E-04
  0.8429833333333E+02  0.9059051E+00  0.7581023E-03  0.2684133E-03 -0.1766887E-04  0.1658133E-01 -0.1999873E-04
  0.8433166666666E+02  0.9059303E+00  0.7564048E-03  0.2678254E-03 -0.1763601E-04  0.1658067E-01 -0.2001203E-04
  0.8436500000000E+02  0.9059554E+00  0.7547140E-03  0.2672386E-03 -0.1760332E-04  0.1658000E-01 -0.2002504E-04
  0.8439833333333E+02  0.9059805E+00  0.7530298E-03  0.2666529E-03 -0.1757080E-04  0.1657933E-01 -0.2003774E-04
  0.8443166666666E+02  0.9060056E+00  0.7513523E-03  0.2660683E-03 -0.1753845E-04  0.1657866E-01 -0.2005015E-04
  0.8446500000000E+02  0.9060306E+00  0.7496813E-03  0.2654848E-03 -0.1750626E-04  0.1657799E-01 -0.2006228E-04
  0.8449833333333E+02  0.9060555E+00  0.7480168E-03  0.2649023E-03 -0.1747424E-04  0.1657732E-01 -0.2007412E-04
  0.8453166666666E+02  0.9060804E+00  0.7463589E-03  0.2643209E-03 -0.1744239E-04  0.1657665E-01 -0.2008568E-04
  0.8456500000000E+02  0.9061052E+00  0.7447074E-03  0.2637405E-03 -0.1741070E-04  0.1657598E-01 -0.2009697E-04
  0.8459833333333E+02  0.9061300E+00  0.7430624E-03  0.2631612E-03 -0.1737918E-04  0.1657531E-01 -0.2010799E-04
  0.8463166666666E+02  0.9061547E+00  0.7414237E-03  0.2625830E-03 -0.1734783E-04  0.1657464E-01 -0.2011875E-04
  0.8466500000000E+02  0.9061793E+00  0.7397914E-03  0.2620057E-03 -0.1731664E-04  0.1657397E-01 -0.2012925E-04
  0.8469833333333E+02  0.9062040E+00  0.7381654E-03  0.2614296E-03 -0.1728561E-04  0.1657330E-01 -0.2013948E-04
  0.8473166666666E+02  0.9062285E+00  0.7365457E-03  0.2608544E-03 -0.1725475E-04  0.1657263E-01 -0.2014947E-04
  0.8476500000000E+02  0.9062530E+00  0.7349323E-03  0.2602803E-03 -0.1722405E-04  0.1657196E-01 -0.2015921E-04
  0.8479833333333E+02  0.9062774E+00  0.7333251E-03  0.2597072E-03 -0.1719351E-04  0.1657129E-01 -0.2016870E-04
  0.8483166666666E+02  0.9063018E+00  0.7317240E-03  0.2591350E-03 -0.1716314E-04  0.1657061E-01 -0.2017796E-04
  0.8486500000000E+02  0.9063262E+00  0.7301292E-03  0.2585639E-03 -0.1713293E-04  0.1656994E-01 -0.2018697E-04
  0.8489833333333E+02  0.9063505E+00  0.7285404E-03  0.2579939E-03 -0.1710288E-04  0.1656927E-01 -0.2019576E-04
  0.8493166666666E+02  0.9063747E+00  0.7269577E-03  0.2574248E-03 -0.1707299E-04  0.1656859E-01 -0.2020432E-04
  0.8496500000000E+02  0.9063989E+00  0.7253811E-03  0.2568566E-03 -0.1704326E-04  0.1656792E-01 -0.2021265E-04
  0.8499833333333E+02  0.9064230E+00  0.7238105E-03  0.2562895E-03 -0.1701370E-04  0.1656725E-01 -0.2022076E-04
  0.8503166666666E+02  0.9064471E+00  0.7222458E-03  0.2557234E-03 -0.1698429E-04  0.1656657E-01 -0.2022865E-04
  0.8506500000000E+02  0.9064711E+00  0.7206872E-03  0.2551582E-03 -0.1695504E-04  0.1656590E-01 -0.2023633E-04
  0.8509833333333E+02  0.9064951E+00  0.7191344E-03  0.2545940E-03 -0.1692594E-04  0.1656522E-01 -0.2024379E-04
  0.8513166666666E+02  0.9065190E+00  0.7175876E-03  0.2540308E-03 -0.1689701E-04  0.1656455E-01 -0.2025105E-04
  0.8516500000000E+02  0.9065429E+00  0.7160466E-03  0.2534685E-03 -0.1686823E-04  0.1656387E-01 -0.2025811E-04
  0.8519833333333E+02  0.9065667E+00  0.7145114E-03  0.2529072E-03 -0.1683961E-04  0.1656320E-01 -0.2026497E-04
  0.8523166666666E+02  0.9065904E+00  0.7129820E-03  0.2523468E-03 -0.1681115E-04  0.1656252E-01 -0.2027162E-04
  0.8526500000000E+02  0.9066142E+00  0.7114584E-03  0.2517874E-03 -0.1678283E-04  0.1656184E-01 -0.2027809E-04
  0.8529833333333E+02  0.9066378E+00  0.7099405E-03  0.2512289E-03 -0.1675468E-04  0.1656117E-01 -0.2028436E-04
  0.8533166666666E+02  0.9066614E+00  0.7084283E-03  0.2506713E-03 -0.1672668E-04  0.1656049E-01 -0.2029044E-04
  0.8536500000000E+02  0.9066850E+00  0.7069218E-03  0.2501147E-03 -0.1669883E-04  0.1655982E-01 -0.2029634E-04
  0.8539833333333E+02  0.9067085E+00  0.7054209E-03  0.2495590E-03 -0.1667113E-04  0.1655914E-01 -0.2030206E-04
  0.8543166666666E+02  0.9067320E+00  0.7039257E-03  0.2490042E-03 -0.1664359E-04  0.1655846E-01 -0.2030760E-04
  0.8546500000000E+02  0.9067554E+00  0.7024360E-03  0.2484503E-03 -0.1661620E-04  0.1655778E-01 -0.2031296E-04
  0.8549833333333E+02  0.9067788E+00  0.7009519E-03  0.2478974E-03 -0.1658895E-04  0.1655711E-01 -0.2031815E-04
  0.8553166666666E+02  0.9068021E+00  0.6994733E-03  0.2473453E-03 -0.1656186E-04  0.1655643E-01 -0.2032317E-04
  0.8556500000000E+02  0.9068253E+00  0.6980002E-03  0.2467942E-03 -0.1653492E-04  0.1655575E-01 -0.2032802E-04
  0.8559833333333E+02  0.9068486E+00  0.6965325E-03  0.2462439E-03 -0.1650812E-04  0.1655507E-01 -0.2033270E-04
  0.8563166666666E+02  0.9068717E+00  0.6950703E-03  0.2456945E-03 -0.1648148E-04  0.1655440E-01 -0.2033722E-04
  0.8566500000000E+02  0.9068948E+00  0.6936135E-03  0.2451460E-03 -0.1645498E-04  0.1655372E-01 -0.2034158E-04
  0.8569833333333E+02  0.9069179E+00  0.6921621E-03  0.2445984E-03 -0.1642862E-04  0.1655304E-01 -0.2034579E-04
  0.8573166666666E+02  0.9069409E+00  0.6907161E-03  0.2440516E-03 -0.1640242E-04  0.1655236E-01 -0.2034983E-04
  0.8576500000000E+02  0.9069639E+00  0.6892753E-03  0.2435058E-03 -0.1637635E-04  0.1655168E-01 -0.2035373E-04
  0.8579833333333E+02  0.9069868E+00  0.6878399E-03  0.2429607E-03 -0.1635043E-04  0.1655100E-01 -0.2035748E-04
  0.8583166666666E+02  0.9070097E+00  0.6864097E-03  0.2424166E-03 -0.1632466E-04  0.1655033E-01 -0.2036107E-04
  0.8586500000000E+02  0.9070326E+00  0.6849848E-03  0.2418733E-03 -0.1629903E-04  0.1654965E-01 -0.2036452E-04
  0.8589833333333E+02  0.9070553E+00  0.6835651E-03  0.2413308E-03 -0.1627354E-04  0.1654897E-01 -0.2036783E-04
  0.8593166666666E+02  0.9070781E+00  0.6821505E-03  0.2407892E-03 -0.1624819E-04  0.1654829E-01 -0.2037100E-04
  0.8596500000000E+02  0.9071008E+00  0.6807411E-03  0.2402485E-03 -0.1622298E-04  0.1654761E-01 -0.2037403E-04
  0.8599833333333E+02  0.9071234E+00  0.6793369E-03  0.2397085E-03 -0.1619791E-04  0.1654693E-01 -0.2037692E-04
  0.8603166666666E+02  0.9071460E+00  0.6779378E-03  0.2391694E-03 -0.1617298E-04  0.1654625E-01 -0.2037967E-04
  0.8606500000000E+02  0.9071686E+00  0.6765437E-03  0.2386312E-03 -0.1614818E-04  0.1654557E-01 -0.2038230E-04
  0.8609833333333E+02  0.9071911E+00  0.6751547E-03  0.2380937E-03 -0.1612353E-04  0.1654489E-01 -0.2038479E-04
  0.8613166666666E+02  0.9072135E+00  0.6737707E-03  0.2375571E-03 -0.1609901E-04  0.1654421E-01 -0.2038715E-04
  0.8616500000000E+02  0.9072359E+00  0.6723918E-03  0.2370213E-03 -0.1607462E-04  0.1654353E-01 -0.2038939E-04
  0.8619833333333E+02  0.9072583E+00  0.6710178E-03  0.2364862E-03 -0.1605038E-04  0.1654285E-01 -0.2039150E-04
  0.8623166666666E+02  0.9072806E+00  0.6696487E-03  0.2359520E-03 -0.1602626E-04  0.1654217E-01 -0.2039349E-04
  0.8626500000000E+02  0.9073029E+00  0.6682846E-03  0.2354186E-03 -0.1600228E-04  0.1654149E-01 -0.2039536E-04
  0.8629833333333E+02  0.9073251E+00  0.6669254E-03  0.2348860E-03 -0.1597843E-04  0.1654081E-01 -0.2039711E-04
  0.8633166666666E+02  0.9073473E+00  0.6655711E-03  0.2343542E-03 -0.1595471E-04  0.1654013E-01 -0.2039874E-04
  0.8636500000000E+02  0.9073695E+00  0.6642216E-03  0.2338232E-03 -0.1593113E-04  0.1653945E-01 -0.2040025E-04
  0.8639833333333E+02  0.9073916E+00  0.6628769E-03  0.2332929E-03 -0.1590767E-04  0.1653877E-01 -0.2040165E-04
  0.8643166666666E+02  0.9074136E+00  0.6615371E-03  0.2327634E-03 -0.1588434E-04  0.1653809E-01 -0.2040294E-04
  0.8646500000000E+02  0.9074356E+00  0.6602020E-03  0.2322347E-03 -0.1586115E-04  0.1653741E-01 -0.2040411E-04
  0.8649833333333E+02  0.9074576E+00  0.6588716E-03  0.2317068E-03 -0.1583807E-04  0.1653673E-01 -0.2040518E-04
  0.8653166666666E+02  0.9074795E+00  0.6575461E-03  0.2311796E-03 -0.1581513E-04  0.1653605E-01 -0.2040614E-04
  0.8656500000000E+02  0.9075014E+00  0.6562252E-03  0.2306532E-03 -0.1579231E-04  0.1653537E-01 -0.2040699E-04
  0.8659833333333E+02  0.9075232E+00  0.6549090E-03  0.2301275E-03 -0.1576962E-04  0.1653469E-01 -0.2040773E-04
  0.8663166666666E+02  0.9075450E+00  0.6535974E-03  0.2296026E-03 -0.1574705E-04  0.1653401E-01 -0.2040838E-04
  0.8666500000000E+02  0.9075667E+00  0.6522905E-03  0.2290785E-03 -0.1572460E-04  0.1653333E-01 -0.2040892E-04
  0.8669833333333E+02  0.9075884E+00  0.6509882E-03  0.2285551E-03 -0.1570228E-04  0.1653265E-01 -0.2040936E-04
  0.8673166666666E+02  0.9076101E+00  0.6496905E-03  0.2280324E-03 -0.1568008E-04  0.1653197E-01 -0.2040970E-04
  0.8676500000000E+02  0.9076317E+00  0.6483973E-03  0.2275105E-03 -0.1565800E-04  0.1653129E-01 -0.2040994E-04
  0.8679833333333E+02  0.9076533E+00  0.6471088E-03  0.2269893E-03 -0.1563604E-04  0.1653061E-01 -0.2041009E-04
  0.8683166666666E+02  0.9076748E+00  0.6458247E-03  0.2264688E-03 -0.1561420E-04  0.1652993E-01 -0.2041014E-04
  0.8686500000000E+02  0.9076963E+00  0.6445451E-03  0.2259490E-03 -0.1559247E-04  0.1652925E-01 -0.2041009E-04
  0.8689833333333E+02  0.9077177E+00  0.6432700E-03  0.2254300E-03 -0.1557087E-04  0.1652857E-01 -0.2040996E-04
  0.8693166666666E+02  0.9077391E+00  0.6419994E-03  0.2249117E-03 -0.1554938E-04  0.1652789E-01 -0.2040973E-04
  0.8696500000000E+02  0.9077605E+00  0.6407331E-03  0.2243941E-03 -0.1552801E-04  0.1652721E-01 -0.2040941E-04
  0.8699833333333E+02  0.9077818E+00  0.6394713E-03  0.2238772E-03 -0.1550675E-04  0.1652653E-01 -0.2040900E-04
  0.8703166666666E+02  0.9078031E+00  0.6382139E-03  0.2233610E-03 -0.1548561E-04  0.1652585E-01 -0.2040850E-04
  0.8706500000000E+02  0.9078243E+00  0.6369609E-03  0.2228455E-03 -0.1546458E-04  0.1652517E-01 -0.2040792E-04
  0.8709833333333E+02  0.9078455E+00  0.6357122E-03  0.2223308E-03 -0.1544366E-04  0.1652449E-01 -0.2040725E-04
  0.8713166666666E+02  0.9078666E+00  0.6344678E-03  0.2218167E-03 -0.1542285E-04  0.1652381E-01 -0.2040649E-04
  0.8716500000000E+02  0.9078878E+00  0.6332278E-03  0.2213033E-03 -0.1540216E-04  0.1652313E-01 -0.2040565E-04
  0.8719833333333E+02  0.9079088E+00  0.6319920E-03  0.2207905E-03 -0.1538157E-04  0.1652245E-01 -0.2040473E-04
  0.8723166666666E+02  0.9079298E+00  0.6307605E-03  0.2202785E-03 -0.1536109E-04  0.1652177E-01 -0.2040373E-04
  0.8726500000000E+02  0.9079508E+00  0.6295332E-03  0.2197671E-03 -0.1534073E-04  0.1652109E-01 -0.2040264E-04
  0.8729833333333E+02  0.9079718E+00  0.6283101E-03  0.2192565E-03 -0.1532046E-04  0.1652041E-01 -0.2040147E-04
  0.8733166666666E+02  0.9079927E+00  0.6270913E-03  0.2187464E-03 -0.1530031E-04  0.1651973E-01 -0.2040023E-04
  0.8736500000000E+02  0.9080135E+00  0.6258766E-03  0.2182371E-03 -0.1528026E-04  0.1651905E-01 -0.2039891E-04
  0.8739833333333E+02  0.9080344E+00  0.6246661E-03  0.2177284E-03 -0.1526032E-04  0.1651837E-01 -0.2039750E-04
  0.8743166666666E+02  0.9080551E+00  0.6234597E-03  0.2172204E-03 -0.1524048E-04  0.1651769E-01 -0.2039603E-04
  0.8746500000000E+02  0.9080759E+00  0.6222574E-03  0.2167131E-03 -0.1522074E-04  0.1651701E-01 -0.2039447E-04
  0.8749833333333E+02  0.9080966E+00  0.6210593E-03  0.2162064E-03 -0.1520111E-04  0.1651633E-01 -0.2039284E-04
  0.8753166666666E+02  0.9081173E+00  0.6198652E-03  0.2157003E-03 -0.1518158E-04  0.1651565E-01 -0.2039114E-04
  0.8756500000000E+02  0.9081379E+00  0.6186752E-03  0.2151949E-03 -0.1516214E-04  0.1651497E-01 -0.2038936E-04
  0.8763166666666E+02  0.9081585E+00  0.3087446E-03  0.2146901E-03 -0.7571406E-05  0.1651429E-01 -0.1019376E-04
  0.8769833333333E+02  0.9081995E+00  0.6158687E-03  0.2136832E-03 -0.1510352E-04  0.1651293E-01 -0.2036202E-04
  0.8776500000000E+02  0.9082404E+00  0.6136665E-03  0.2126796E-03 -0.1505500E-04  0.1651158E-01 -0.2033494E-04
  0.8783166666666E+02  0.9082812E+00  0.6113268E-03  0.2116784E-03 -0.1501719E-04  0.1651022E-01 -0.2033016E-04
  0.8789833333333E+02  0.9083218E+00  0.6090030E-03  0.2106798E-03 -0.1497975E-04  0.1650887E-01 -0.2032512E-04
  0.8796500000000E+02  0.9083622E+00  0.6066948E-03  0.2096836E-03 -0.1494269E-04  0.1650751E-01 -0.2031981E-04
  0.8803166666666E+02  0.9084025E+00  0.6044020E-03  0.2086899E-03 -0.1490599E-04  0.1650616E-01 -0.2031425E-04
  0.8809833333333E+02  0.9084427E+00  0.6021247E-03  0.2076985E-03 -0.1486965E-04  0.1650480E-01 -0.2030843E-04
  0.8816500000000E+02  0.9084827E+00  0.5998625E-03  0.2067096E-03 -0.1483366E-04  0.1650345E-01 -0.2030236E-04
  0.8823166666666E+02  0.9085225E+00  0.5976153E-03  0.2057231E-03 -0.1479803E-04  0.1650210E-01 -0.2029605E-04
  0.8829833333333E+02  0.9085622E+00  0.5953831E-03  0.2047389E-03 -0.1476273E-04  0.1650074E-01 -0.2028949E-04
  0.8836500000000E+02  0.9086017E+00  0.5931656E-03  0.2037571E-03 -0.1472777E-04  0.1649939E-01 -0.2028270E-04
  0.8843166666666E+02  0.9086411E+00  0.5909628E-03  0.2027775E-03 -0.1469313E-04  0.1649804E-01 -0.2027567E-04
  0.8849833333333E+02  0.9086804E+00  0.5887745E-03  0.2018003E-03 -0.1465882E-04  0.1649669E-01 -0.2026841E-04
  0.8856500000000E+02  0.9087195E+00  0.5866006E-03  0.2008253E-03 -0.1462482E-04  0.1649534E-01 -0.2026093E-04
  0.8863166666666E+02  0.9087585E+00  0.5844409E-03  0.1998525E-03 -0.1459114E-04  0.1649399E-01 -0.2025321E-04
  0.8869833333333E+02  0.9087973E+00  0.5822953E-03  0.1988820E-03 -0.1455776E-04  0.1649264E-01 -0.2024528E-04
  0.8876500000000E+02  0.9088359E+00  0.5801636E-03  0.1979137E-03 -0.1452467E-04  0.1649129E-01 -0.2023713E-04
  0.8883166666666E+02  0.9088745E+00  0.5780459E-03  0.1969476E-03 -0.1449188E-04  0.1648994E-01 -0.2022876E-04
  0.8889833333333E+02  0.9089129E+00  0.5759418E-03  0.1959836E-03 -0.1445938E-04  0.1648859E-01 -0.2022017E-04
  0.8896500000000E+02  0.9089511E+00  0.5738514E-03  0.1950218E-03 -0.1442715E-04  0.1648725E-01 -0.2021137E-04
  0.8903166666666E+02  0.9089893E+00  0.5717744E-03  0.1940621E-03 -0.1439520E-04  0.1648590E-01 -0.2020237E-04
  0.8909833333333E+02  0.9090272E+00  0.5697108E-03  0.1931046E-03 -0.1436352E-04  0.1648455E-01 -0.2019315E-04
  0.8916500000000E+02  0.9090651E+00  0.5676604E-03  0.1921491E-03 -0.1433211E-04  0.1648321E-01 -0.2018373E-04
  0.8923166666666E+02  0.9091028E+00  0.5656231E-03  0.1911957E-03 -0.1430095E-04  0.1648186E-01 -0.2017410E-04
  0.8929833333333E+02  0.9091404E+00  0.5635988E-03  0.1902444E-03 -0.1427004E-04  0.1648052E-01 -0.2016427E-04
  0.8936500000000E+02  0.9091778E+00  0.5615874E-03  0.1892951E-03 -0.1423938E-04  0.1647917E-01 -0.2015424E-04
  0.8943166666666E+02  0.9092151E+00  0.5595888E-03  0.1883478E-03 -0.1420897E-04  0.1647783E-01 -0.2014401E-04
  0.8949833333333E+02  0.9092523E+00  0.5576028E-03  0.1874026E-03 -0.1417879E-04  0.1647649E-01 -0.2013358E-04
  0.8956500000000E+02  0.9092893E+00  0.5556294E-03  0.1864593E-03 -0.1414884E-04  0.1647515E-01 -0.2012295E-04
  0.8963166666666E+02  0.9093262E+00  0.5536684E-03  0.1855180E-03 -0.1411912E-04  0.1647381E-01 -0.2011213E-04
  0.8969833333333E+02  0.9093630E+00  0.5517197E-03  0.1845787E-03 -0.1408961E-04  0.1647247E-01 -0.2010111E-04
  0.8976500000000E+02  0.9093997E+00  0.5497832E-03  0.1836414E-03 -0.1406033E-04  0.1647113E-01 -0.2008990E-04
  0.8983166666666E+02  0.9094362E+00  0.5478589E-03  0.1827059E-03 -0.1403126E-04  0.1646979E-01 -0.2007850E-04
  0.8989833333333E+02  0.9094726E+00  0.5459465E-03  0.1817725E-03 -0.1400239E-04  0.1646845E-01 -0.2006690E-04
  0.8996500000000E+02  0.9095089E+00  0.5440460E-03  0.1808409E-03 -0.1397373E-04  0.1646711E-01 -0.2005512E-04
  0.9003166666666E+02  0.9095450E+00  0.5421574E-03  0.1799112E-03 -0.1394526E-04  0.1646578E-01 -0.2004314E-04
  0.9009833333333E+02  0.9095810E+00  0.5402804E-03  0.1789834E-03 -0.1391698E-04  0.1646444E-01 -0.2003098E-04
  0.9016500000000E+02  0.9096169E+00  0.5384149E-03  0.1780575E-03 -0.1388890E-04  0.1646311E-01 -0.2001862E-04
  0.9023166666666E+02  0.9096527E+00  0.5365610E-03  0.1771334E-03 -0.1386099E-04  0.1646177E-01 -0.2000608E-04
  0.9029833333333E+02  0.9096883E+00  0.5347185E-03  0.1762112E-03 -0.1383327E-04  0.1646044E-01 -0.1999336E-04
  0.9036500000000E+02  0.9097239E+00  0.5328872E-03  0.1752908E-03 -0.1380572E-04  0.1645911E-01 -0.1998044E-04
  0.9043166666666E+02  0.9097593E+00  0.5310672E-03  0.1743722E-03 -0.1377834E-04  0.1645778E-01 -0.1996735E-04
  0.9049833333333E+02  0.9097945E+00  0.5292582E-03  0.1734555E-03 -0.1375112E-04  0.1645645E-01 -0.1995406E-04
  0.9056500000000E+02  0.9098297E+00  0.5274602E-03  0.1725406E-03 -0.1372407E-04  0.1645512E-01 -0.1994060E-04
  0.9063166666666E+02  0.9098648E+00  0.5256732E-03  0.1716274E-03 -0.1369717E-04  0.1645379E-01 -0.1992694E-04
  0.9069833333333E+02  0.9098997E+00  0.5238969E-03  0.1707161E-03 -0.1367043E-04  0.1645246E-01 -0.1991311E-04
  0.9076500000000E+02  0.9099345E+00  0.5221314E-03  0.1698065E-03 -0.1364384E-04  0.1645114E-01 -0.1989909E-04
  0.9083166666666E+02  0.9099692E+00  0.5203765E-03  0.1688986E-03 -0.1361740E-04  0.1644981E-01 -0.1988489E-04
  0.9089833333333E+02  0.9100038E+00  0.5186321E-03  0.1679926E-03 -0.1359110E-04  0.1644848E-01 -0.1987051E-04
  0.9096500000000E+02  0.9100382E+00  0.5168982E-03  0.1670882E-03 -0.1356493E-04  0.1644716E-01 -0.1985595E-04
  0.9103166666666E+02  0.9100726E+00  0.5151747E-03  0.1661856E-03 -0.1353890E-04  0.1644584E-01 -0.1984121E-04
  0.9109833333333E+02  0.9101068E+00  0.5134614E-03  0.1652848E-03 -0.1351300E-04  0.1644452E-01 -0.1982628E-04
  0.9116500000000E+02  0.9101409E+00  0.5117583E-03  0.1643856E-03 -0.1348723E-04  0.1644320E-01 -0.1981118E-04
  0.9123166666666E+02  0.9101749E+00  0.5100653E-03  0.1634882E-03 -0.1346159E-04  0.1644188E-01 -0.1979590E-04
  0.9129833333333E+02  0.9102088E+00  0.5083824E-03  0.1625925E-03 -0.1343606E-04  0.1644056E-01 -0.1978043E-04
  0.9136500000000E+02  0.9102426E+00  0.5067093E-03  0.1616984E-03 -0.1341065E-04  0.1643924E-01 -0.1976479E-04
  0.9143166666666E+02  0.9102763E+00  0.5050462E-03  0.1608061E-03 -0.1338536E-04  0.1643792E-01 -0.1974897E-04
  0.9149833333333E+02  0.9103098E+00  0.5033928E-03  0.1599154E-03 -0.1336018E-04  0.1643661E-01 -0.1973298E-04
  0.9156500000000E+02  0.9103433E+00  0.5017490E-03  0.1590264E-03 -0.1333510E-04  0.1643529E-01 -0.1971680E-04
  0.9163166666666E+02  0.9103766E+00  0.5001149E-03  0.1581390E-03 -0.1331013E-04  0.1643398E-01 -0.1970045E-04
  0.9169833333333E+02  0.9104098E+00  0.4984904E-03  0.1572533E-03 -0.1328526E-04  0.1643267E-01 -0.1968392E-04
  0.9176500000000E+02  0.9104430E+00  0.4968752E-03  0.1563693E-03 -0.1326049E-04  0.1643136E-01 -0.1966722E-04
  0.9183166666666E+02  0.9104760E+00  0.4952695E-03  0.1554869E-03 -0.1323582E-04  0.1643005E-01 -0.1965034E-04
  0.9189833333333E+02  0.9105089E+00  0.4936730E-03  0.1546062E-03 -0.1321124E-04  0.1642874E-01 -0.1963328E-04
  0.9196500000000E+02  0.9105417E+00  0.4920858E-03  0.1537271E-03 -0.1318675E-04  0.1642743E-01 -0.1961605E-04
  0.9203166666666E+02  0.9105744E+00  0.4905077E-03  0.1528496E-03 -0.1316235E-04  0.1642612E-01 -0.1959865E-04
  0.9209833333333E+02  0.9106070E+00  0.4889387E-03  0.1519737E-03 -0.1313803E-04  0.1642482E-01 -0.1958107E-04
  0.9216500000000E+02  0.9106395E+00  0.4873786E-03  0.1510994E-03 -0.1311380E-04  0.1642351E-01 -0.1956332E-04
  0.9223166666666E+02  0.9106719E+00  0.4858275E-03  0.1502268E-03 -0.1308964E-04  0.1642221E-01 -0.1954540E-04
  0.9229833333333E+02  0.9107042E+00  0.4842853E-03  0.1493558E-03 -0.1306556E-04  0.1642091E-01 -0.1952730E-04
  0.9236500000000E+02  0.9107363E+00  0.4827518E-03  0.1484863E-03 -0.1304156E-04  0.1641961E-01 -0.1950903E-04
  0.9243166666666E+02  0.9107684E+00  0.4812270E-03  0.1476185E-03 -0.1301763E-04  0.1641831E-01 -0.1949059E-04
  0.9249833333333E+02  0.9108004E+00  0.4797109E-03  0.1467522E-03 -0.1299377E-04  0.1641701E-01 -0.1947198E-04
  0.9256500000000E+02  0.9108323E+00  0.4782033E-03  0.1458876E-03 -0.1296998E-04  0.1641571E-01 -0.1945320E-04
  0.9263166666666E+02  0.9108641E+00  0.4767042E-03  0.1450245E-03 -0.1294625E-04  0.1641442E-01 -0.1943425E-04
  0.9269833333333E+02  0.9108958E+00  0.4752136E-03  0.1441630E-03 -0.1292259E-04  0.1641312E-01 -0.1941513E-04
  0.9276500000000E+02  0.9109273E+00  0.4737313E-03  0.1433030E-03 -0.1289899E-04  0.1641183E-01 -0.1939584E-04
  0.9283166666666E+02  0.9109588E+00  0.4722573E-03  0.1424447E-03 -0.1287545E-04  0.1641054E-01 -0.1937638E-04
  0.9289833333333E+02  0.9109902E+00  0.4707916E-03  0.1415879E-03 -0.1285197E-04  0.1640925E-01 -0.1935676E-04
  0.9296500000000E+02  0.9110215E+00  0.4693340E-03  0.1407326E-03 -0.1282854E-04  0.1640796E-01 -0.1933697E-04
  0.9303166666666E+02  0.9110527E+00  0.4678845E-03  0.1398790E-03 -0.1280517E-04  0.1640667E-01 -0.1931701E-04
  0.9309833333333E+02  0.9110838E+00  0.4664430E-03  0.1390268E-03 -0.1278184E-04  0.1640539E-01 -0.1929689E-04
  0.9316500000000E+02  0.9111148E+00  0.4650095E-03  0.1381763E-03 -0.1275857E-04  0.1640410E-01 -0.1927660E-04
  0.9323166666666E+02  0.9111457E+00  0.4635840E-03  0.1373272E-03 -0.1273535E-04  0.1640282E-01 -0.1925615E-04
  0.9329833333333E+02  0.9111765E+00  0.4621662E-03  0.1364798E-03 -0.1271217E-04  0.1640153E-01 -0.1923554E-04
  0.9336500000000E+02  0.9112072E+00  0.4607563E-03  0.1356338E-03 -0.1268904E-04  0.1640025E-01 -0.1921476E-04
  0.9343166666666E+02  0.9112378E+00  0.4593541E-03  0.1347894E-03 -0.1266596E-04  0.1639897E-01 -0.1919383E-04
  0.9349833333333E+02  0.9112684E+00  0.4579595E-03  0.1339466E-03 -0.1264291E-04  0.1639770E-01 -0.1917273E-04
  0.9356500000000E+02  0.9112988E+00  0.4565725E-03  0.1331052E-03 -0.1261991E-04  0.1639642E-01 -0.1915147E-04
  0.9363166666666E+02  0.9113292E+00  0.4551931E-03  0.1322655E-03 -0.1259694E-04  0.1639514E-01 -0.1913005E-04
  0.9369833333333E+02  0.9113594E+00  0.4538212E-03  0.1314272E-03 -0.1257401E-04  0.1639387E-01 -0.1910847E-04
  0.9376500000000E+02  0.9113896E+00  0.4524567E-03  0.1305904E-03 -0.1255112E-04  0.1639260E-01 -0.1908673E-04
  0.9383166666666E+02  0.9114196E+00  0.4510995E-03  0.1297552E-03 -0.1252826E-04  0.1639133E-01 -0.1906484E-04
  0.9389833333333E+02  0.9114496E+00  0.4497497E-03  0.1289215E-03 -0.1250544E-04  0.1639006E-01 -0.1904279E-04
  0.9396500000000E+02  0.9114795E+00  0.4484071E-03  0.1280894E-03 -0.1248265E-04  0.1638879E-01 -0.1902059E-04
  0.9403166666666E+02  0.9115093E+00  0.4470717E-03  0.1272587E-03 -0.1245989E-04  0.1638752E-01 -0.1899823E-04
  0.9409833333333E+02  0.9115390E+00  0.4457435E-03  0.1264296E-03 -0.1243716E-04  0.1638626E-01 -0.1897572E-04
  0.9416500000000E+02  0.9115687E+00  0.4444223E-03  0.1256019E-03 -0.1241446E-04  0.1638499E-01 -0.1895305E-04
  0.9423166666666E+02  0.9115982E+00  0.4431082E-03  0.1247758E-03 -0.1239178E-04  0.1638373E-01 -0.1893024E-04
  0.9429833333333E+02  0.9116277E+00  0.4418011E-03  0.1239512E-03 -0.1236914E-04  0.1638247E-01 -0.1890727E-04
  0.9436500000000E+02  0.9116570E+00  0.4405009E-03  0.1231281E-03 -0.1234651E-04  0.1638121E-01 -0.1888416E-04
  0.9443166666666E+02  0.9116863E+00  0.4392075E-03  0.1223065E-03 -0.1232392E-04  0.1637995E-01 -0.1886089E-04
  0.9449833333333E+02  0.9117155E+00  0.4379210E-03  0.1214864E-03 -0.1230134E-04  0.1637870E-01 -0.1883748E-04
  0.9456500000000E+02  0.9117446E+00  0.4366413E-03  0.1206678E-03 -0.1227879E-04  0.1637744E-01 -0.1881392E-04
  0.9463166666666E+02  0.9117736E+00  0.4353683E-03  0.1198507E-03 -0.1225626E-04  0.1637619E-01 -0.1879021E-04
  0.9469833333333E+02  0.9118026E+00  0.4341019E-03  0.1190352E-03 -0.1223376E-04  0.1637494E-01 -0.1876636E-04
  0.9476500000000E+02  0.9118314E+00  0.4328421E-03  0.1182211E-03 -0.1221127E-04  0.1637369E-01 -0.1874237E-04
  0.9483166666666E+02  0.9118602E+00  0.4315890E-03  0.1174085E-03 -0.1218880E-04  0.1637244E-01 -0.1871823E-04
  0.9489833333333E+02  0.9118889E+00  0.4303423E-03  0.1165974E-03 -0.1216635E-04  0.1637120E-01 -0.1869395E-04
  0.9496500000000E+02  0.9119175E+00  0.4291021E-03  0.1157878E-03 -0.1214392E-04  0.1636995E-01 -0.1866954E-04
  0.9503166666666E+02  0.9119460E+00  0.4278683E-03  0.1149797E-03 -0.1212151E-04  0.1636871E-01 -0.1864498E-04
  0.9509833333333E+02  0.9119745E+00  0.4266409E-03  0.1141731E-03 -0.1209911E-04  0.1636747E-01 -0.1862028E-04
  0.9516500000000E+02  0.9120028E+00  0.4254199E-03  0.1133680E-03 -0.1207673E-04  0.1636623E-01 -0.1859545E-04
  0.9523166666666E+02  0.9120311E+00  0.4242051E-03  0.1125644E-03 -0.1205436E-04  0.1636499E-01 -0.1857048E-04
  0.9529833333333E+02  0.9120593E+00  0.4229965E-03  0.1117622E-03 -0.1203201E-04  0.1636375E-01 -0.1854538E-04
  0.9536500000000E+02  0.9120874E+00  0.4217941E-03  0.1109616E-03 -0.1200967E-04  0.1636252E-01 -0.1852014E-04
  0.9543166666666E+02  0.9121155E+00  0.4205979E-03  0.1101624E-03 -0.1198734E-04  0.1636129E-01 -0.1849477E-04
  0.9549833333333E+02  0.9121434E+00  0.4194077E-03  0.1093647E-03 -0.1196503E-04  0.1636005E-01 -0.1846927E-04
  0.9556500000000E+02  0.9121713E+00  0.4182236E-03  0.1085686E-03 -0.1194273E-04  0.1635883E-01 -0.1844364E-04
  0.9563166666666E+02  0.9121991E+00  0.4170455E-03  0.1077739E-03 -0.1192045E-04  0.1635760E-01 -0.1841788E-04
  0.9569833333333E+02  0.9122268E+00  0.4158734E-03  0.1069807E-03 -0.1189817E-04  0.1635637E-01 -0.1839200E-04
  0.9576500000000E+02  0.9122545E+00  0.4147071E-03  0.1061889E-03 -0.1187591E-04  0.1635515E-01 -0.1836599E-04
  0.9583166666666E+02  0.9122821E+00  0.4135468E-03  0.1053987E-03 -0.1185365E-04  0.1635392E-01 -0.1833985E-04
  0.9589833333333E+02  0.9123096E+00  0.4123923E-03  0.1046099E-03 -0.1183141E-04  0.1635270E-01 -0.1831359E-04
  0.9596500000000E+02  0.9123370E+00  0.4112435E-03  0.1038226E-03 -0.1180918E-04  0.1635148E-01 -0.1828720E-04
  0.9603166666666E+02  0.9123643E+00  0.4101006E-03  0.1030369E-03 -0.1178696E-04  0.1635027E-01 -0.1826069E-04
  0.9609833333333E+02  0.9123916E+00  0.4089633E-03  0.1022525E-03 -0.1176474E-04  0.1634905E-01 -0.1823407E-04
  0.9616500000000E+02  0.9124188E+00  0.4078317E-03  0.1014697E-03 -0.1174254E-04  0.1634784E-01 -0.1820732E-04
  0.9623166666666E+02  0.9124459E+00  0.4067057E-03  0.1006883E-03 -0.1172035E-04  0.1634663E-01 -0.1818046E-04
  0.9629833333333E+02  0.9124729E+00  0.4055852E-03  0.9990847E-04 -0.1169816E-04  0.1634541E-01 -0.1815348E-04
  0.9636500000000E+02  0.9124999E+00  0.4044704E-03  0.9913007E-04 -0.1167598E-04  0.1634421E-01 -0.1812639E-04
  0.9643166666666E+02  0.9125268E+00  0.4033610E-03  0.9835315E-04 -0.1165382E-04  0.1634300E-01 -0.1809918E-04
  0.9649833333333E+02  0.9125536E+00  0.4022571E-03  0.9757770E-04 -0.1163166E-04  0.1634180E-01 -0.1807187E-04
  0.9656500000000E+02  0.9125803E+00  0.4011586E-03  0.9680373E-04 -0.1160950E-04  0.1634059E-01 -0.1804444E-04
  0.9663166666666E+02  0.9126070E+00  0.4000655E-03  0.9603124E-04 -0.1158736E-04  0.1633939E-01 -0.1801690E-04
  0.9669833333333E+02  0.9126336E+00  0.3989777E-03  0.9526023E-04 -0.1156523E-04  0.1633819E-01 -0.1798925E-04
  0.9676500000000E+02  0.9126601E+00  0.3978953E-03  0.9449069E-04 -0.1154310E-04  0.1633699E-01 -0.1796150E-04
  0.9683166666666E+02  0.9126866E+00  0.3968181E-03  0.9372262E-04 -0.1152098E-04  0.1633580E-01 -0.1793364E-04
  0.9689833333333E+02  0.9127130E+00  0.3957462E-03  0.9295603E-04 -0.1149887E-04  0.1633460E-01 -0.1790567E-04
  0.9696500000000E+02  0.9127393E+00  0.3946794E-03  0.9219092E-04 -0.1147676E-04  0.1633341E-01 -0.1787761E-04
  0.9703166666666E+02  0.9127655E+00  0.3936179E-03  0.9142727E-04 -0.1145466E-04  0.1633222E-01 -0.1784944E-04
  0.9709833333333E+02  0.9127917E+00  0.3925614E-03  0.9066510E-04 -0.1143257E-04  0.1633104E-01 -0.1782117E-04
  0.9716500000000E+02  0.9128178E+00  0.3915100E-03  0.8990440E-04 -0.1141049E-04  0.1632985E-01 -0.1779280E-04
  0.9723166666666E+02  0.9128438E+00  0.3904637E-03  0.8914517E-04 -0.1138842E-04  0.1632866E-01 -0.1776434E-04
  0.9729833333333E+02  0.9128698E+00  0.3894224E-03  0.8838742E-04 -0.1136635E-04  0.1632748E-01 -0.1773578E-04
  0.9736500000000E+02  0.9128957E+00  0.3883861E-03  0.8763113E-04 -0.1134429E-04  0.1632630E-01 -0.1770713E-04
  0.9743166666666E+02  0.9129215E+00  0.3873547E-03  0.8687631E-04 -0.1132224E-04  0.1632512E-01 -0.1767838E-04
  0.9749833333333E+02  0.9129473E+00  0.3863283E-03  0.8612297E-04 -0.1130020E-04  0.1632395E-01 -0.1764954E-04
  0.9756500000000E+02  0.9129729E+00  0.3853067E-03  0.8537109E-04 -0.1127816E-04  0.1632277E-01 -0.1762061E-04
  0.9763166666666E+02  0.9129986E+00  0.3842900E-03  0.8462068E-04 -0.1125614E-04  0.1632160E-01 -0.1759160E-04
  0.9769833333333E+02  0.9130241E+00  0.3832781E-03  0.8387174E-04 -0.1123412E-04  0.1632043E-01 -0.1756249E-04
  0.9776500000000E+02  0.9130496E+00  0.3822710E-03  0.8312426E-04 -0.1121211E-04  0.1631926E-01 -0.1753330E-04
  0.9783166666666E+02  0.9130750E+00  0.3812686E-03  0.8237826E-04 -0.1119010E-04  0.1631809E-01 -0.1750403E-04
  0.9789833333333E+02  0.9131004E+00  0.3802709E-03  0.8163372E-04 -0.1116811E-04  0.1631693E-01 -0.1747467E-04
  0.9799833333333E+02  0.9131257E+00  0.2528520E-03  0.8089064E-04 -0.7430748E-05  0.1631576E-01 -0.1163015E-04
  0.9809833333333E+02  0.9131635E+00  0.3780917E-03  0.7977947E-04 -0.1111168E-04  0.1631402E-01 -0.1740046E-04
  0.9819833333333E+02  0.9132011E+00  0.3766665E-03  0.7867229E-04 -0.1107189E-04  0.1631229E-01 -0.1734805E-04
  0.9829833333333E+02  0.9132386E+00  0.3752019E-03  0.7756838E-04 -0.1103902E-04  0.1631056E-01 -0.1730332E-04
  0.9839833333333E+02  0.9132760E+00  0.3737476E-03  0.7646777E-04 -0.1100618E-04  0.1630883E-01 -0.1725842E-04
  0.9849833333333E+02  0.9133133E+00  0.3723035E-03  0.7537043E-04 -0.1097336E-04  0.1630711E-01 -0.1721336E-04
  0.9859833333333E+02  0.9133503E+00  0.3708693E-03  0.7427637E-04 -0.1094057E-04  0.1630540E-01 -0.1716815E-04
  0.9869833333333E+02  0.9133873E+00  0.3694450E-03  0.7318559E-04 -0.1090779E-04  0.1630368E-01 -0.1712279E-04
  0.9879833333333E+02  0.9134241E+00  0.3680306E-03  0.7209809E-04 -0.1087505E-04  0.1630198E-01 -0.1707729E-04
  0.9889833333333E+02  0.9134608E+00  0.3666259E-03  0.7101386E-04 -0.1084233E-04  0.1630027E-01 -0.1703164E-04
  0.9899833333333E+02  0.9134973E+00  0.3652308E-03  0.6993289E-04 -0.1080963E-04  0.1629857E-01 -0.1698586E-04
  0.9909833333333E+02  0.9135337E+00  0.3638452E-03  0.6885520E-04 -0.1077697E-04  0.1629688E-01 -0.1693996E-04
  0.9919833333333E+02  0.9135699E+00  0.3624690E-03  0.6778076E-04 -0.1074433E-04  0.1629519E-01 -0.1689392E-04
  0.9929833333333E+02  0.9136060E+00  0.3611022E-03  0.6670959E-04 -0.1071172E-04  0.1629351E-01 -0.1684777E-04
  0.9939833333333E+02  0.9136420E+00  0.3597447E-03  0.6564168E-04 -0.1067915E-04  0.1629183E-01 -0.1680150E-04
  0.9949833333333E+02  0.9136778E+00  0.3583963E-03  0.6457702E-04 -0.1064660E-04  0.1629015E-01 -0.1675512E-04
  0.9959833333333E+02  0.9137135E+00  0.3570569E-03  0.6351561E-04 -0.1061409E-04  0.1628848E-01 -0.1670864E-04
  0.9969833333333E+02  0.9137491E+00  0.3557266E-03  0.6245745E-04 -0.1058161E-04  0.1628681E-01 -0.1666205E-04
  0.9979833333333E+02  0.9137845E+00  0.3544052E-03  0.6140253E-04 -0.1054917E-04  0.1628515E-01 -0.1661536E-04
  0.9989833333333E+02  0.9138199E+00  0.3530925E-03  0.6035085E-04 -0.1051676E-04  0.1628349E-01 -0.1656858E-04
  0.9999833333333E+02  0.9138550E+00  0.3517886E-03  0.5930241E-04 -0.1048439E-04  0.1628184E-01 -0.1652172E-04
  0.1000983333333E+03  0.9138901E+00  0.3504934E-03  0.5825721E-04 -0.1045206E-04  0.1628019E-01 -0.1647476E-04
  0.1001983333333E+03  0.9139250E+00  0.3492067E-03  0.5721523E-04 -0.1041977E-04  0.1627855E-01 -0.1642774E-04
  0.1002983333333E+03  0.9139598E+00  0.3479284E-03  0.5617648E-04 -0.1038752E-04  0.1627691E-01 -0.1638063E-04
  0.1003983333333E+03  0.9139945E+00  0.3466586E-03  0.5514095E-04 -0.1035531E-04  0.1627528E-01 -0.1633346E-04
  0.1004983333333E+03  0.9140290E+00  0.3453971E-03  0.5410863E-04 -0.1032315E-04  0.1627365E-01 -0.1628622E-04
  0.1005983333333E+03  0.9140634E+00  0.3441439E-03  0.5307953E-04 -0.1029103E-04  0.1627203E-01 -0.1623892E-04
  0.1006983333333E+03  0.9140977E+00  0.3428988E-03  0.5205363E-04 -0.1025895E-04  0.1627041E-01 -0.1619156E-04
  0.1007983333333E+03  0.9141319E+00  0.3416618E-03  0.5103094E-04 -0.1022692E-04  0.1626879E-01 -0.1614415E-04
  0.1008983333333E+03  0.9141659E+00  0.3404329E-03  0.5001145E-04 -0.1019494E-04  0.1626718E-01 -0.1609669E-04
  0.1009983333333E+03  0.9141998E+00  0.3392119E-03  0.4899515E-04 -0.1016301E-04  0.1626558E-01 -0.1604919E-04
  0.1010983333333E+03  0.9142336E+00  0.3379987E-03  0.4798203E-04 -0.1013114E-04  0.1626398E-01 -0.1600165E-04
  0.1011983333333E+03  0.9142673E+00  0.3367934E-03  0.4697210E-04 -0.1009931E-04  0.1626238E-01 -0.1595407E-04
  0.1012983333333E+03  0.9143009E+00  0.3355958E-03  0.4596535E-04 -0.1006753E-04  0.1626079E-01 -0.1590646E-04
  0.1013983333333E+03  0.9143343E+00  0.3344058E-03  0.4496177E-04 -0.1003581E-04  0.1625921E-01 -0.1585883E-04
  0.1014983333333E+03  0.9143676E+00  0.3332235E-03  0.4396135E-04 -0.1000415E-04  0.1625763E-01 -0.1581117E-04
  0.1015983333333E+03  0.9144008E+00  0.3320486E-03  0.4296410E-04 -0.9972543E-05  0.1625605E-01 -0.1576350E-04
  0.1016983333333E+03  0.9144339E+00  0.3308813E-03  0.4197000E-04 -0.9940994E-05  0.1625448E-01 -0.1571581E-04
  0.1017983333333E+03  0.9144669E+00  0.3297213E-03  0.4097905E-04 -0.9909505E-05  0.1625291E-01 -0.1566811E-04
  0.1018983333333E+03  0.9144998E+00  0.3285686E-03  0.3999124E-04 -0.9878077E-05  0.1625135E-01 -0.1562040E-04
  0.1019983333333E+03  0.9145325E+00  0.3274232E-03  0.3900657E-04 -0.9846710E-05  0.1624979E-01 -0.1557269E-04
  0.1020983333333E+03  0.9145651E+00  0.3262849E-03  0.3802503E-04 -0.9815407E-05  0.1624824E-01 -0.1552498E-04
  0.1021983333333E+03  0.9145976E+00  0.3251538E-03  0.3704661E-04 -0.9784168E-05  0.1624669E-01 -0.1547727E-04
  0.1022983333333E+03  0.9146301E+00  0.3240298E-03  0.3607131E-04 -0.9752995E-05  0.1624515E-01 -0.1542958E-04
  0.1023983333333E+03  0.9146623E+00  0.3229128E-03  0.3509912E-04 -0.9721889E-05  0.1624361E-01 -0.1538190E-04
  0.1024983333333E+03  0.9146945E+00  0.3218027E-03  0.3413004E-04 -0.9690851E-05  0.1624208E-01 -0.1533423E-04
  0.1025983333333E+03  0.9147266E+00  0.3206995E-03  0.3316405E-04 -0.9659882E-05  0.1624055E-01 -0.1528658E-04
  0.1026983333333E+03  0.9147586E+00  0.3196031E-03  0.3220115E-04 -0.9628984E-05  0.1623903E-01 -0.1523896E-04
  0.1027983333333E+03  0.9147904E+00  0.3185135E-03  0.3124134E-04 -0.9598157E-05  0.1623751E-01 -0.1519137E-04
  0.1028983333333E+03  0.9148221E+00  0.3174306E-03  0.3028459E-04 -0.9567403E-05  0.1623599E-01 -0.1514380E-04
  0.1029983333333E+03  0.9148538E+00  0.3163543E-03  0.2933092E-04 -0.9536723E-05  0.1623448E-01 -0.1509627E-04
  0.1030983333333E+03  0.9148853E+00  0.3152846E-03  0.2838031E-04 -0.9506118E-05  0.1623298E-01 -0.1504878E-04
  0.1031983333333E+03  0.9149167E+00  0.3142215E-03  0.2743275E-04 -0.9475589E-05  0.1623148E-01 -0.1500133E-04
  0.1032983333333E+03  0.9149481E+00  0.3131648E-03  0.2648824E-04 -0.9445138E-05  0.1622998E-01 -0.1495392E-04
  0.1033983333333E+03  0.9149793E+00  0.3121146E-03  0.2554676E-04 -0.9414765E-05  0.1622849E-01 -0.1490656E-04
  0.1034983333333E+03  0.9150104E+00  0.3110707E-03  0.2460831E-04 -0.9384472E-05  0.1622700E-01 -0.1485925E-04
  0.1035983333333E+03  0.9150414E+00  0.3100332E-03  0.2367289E-04 -0.9354259E-05  0.1622552E-01 -0.1481200E-04
  0.1036983333333E+03  0.9150723E+00  0.3090019E-03  0.2274048E-04 -0.9324128E-05  0.1622405E-01 -0.1476480E-04
  0.1037983333333E+03  0.9151031E+00  0.3079768E-03  0.2181107E-04 -0.9294080E-05  0.1622258E-01 -0.1471767E-04
  0.1038983333333E+03  0.9151338E+00  0.3069579E-03  0.2088466E-04 -0.9264115E-05  0.1622111E-01 -0.1467060E-04
  0.1039983333333E+03  0.9151644E+00  0.3059450E-03  0.1996123E-04 -0.9234235E-05  0.1621965E-01 -0.1462359E-04
  0.1040983333333E+03  0.9151949E+00  0.3049383E-03  0.1904079E-04 -0.9204441E-05  0.1621819E-01 -0.1457666E-04
  0.1041983333333E+03  0.9152252E+00  0.3039375E-03  0.1812332E-04 -0.9174734E-05  0.1621674E-01 -0.1452980E-04
  0.1042983333333E+03  0.9152555E+00  0.3029427E-03  0.1720880E-04 -0.9145114E-05  0.1621529E-01 -0.1448301E-04
  0.1043983333333E+03  0.9152857E+00  0.3019538E-03  0.1629725E-04 -0.9115583E-05  0.1621384E-01 -0.1443630E-04
  0.1044983333333E+03  0.9153158E+00  0.3009707E-03  0.1538863E-04 -0.9086141E-05  0.1621240E-01 -0.1438968E-04
  0.1045983333333E+03  0.9153458E+00  0.2999935E-03  0.1448295E-04 -0.9056790E-05  0.1621097E-01 -0.1434313E-04
  0.1046983333333E+03  0.9153757E+00  0.2990220E-03  0.1358020E-04 -0.9027530E-05  0.1620954E-01 -0.1429668E-04
  0.1047983333333E+03  0.9154055E+00  0.2980562E-03  0.1268036E-04 -0.8998362E-05  0.1620812E-01 -0.1425031E-04
  0.1048983333333E+03  0.9154353E+00  0.2970961E-03  0.1178343E-04 -0.8969288E-05  0.1620670E-01 -0.1420404E-04
  0.1049983333333E+03  0.9154649E+00  0.2961417E-03  0.1088940E-04 -0.8940307E-05  0.1620528E-01 -0.1415786E-04
  0.1050983333333E+03  0.9154944E+00  0.2951928E-03  0.9998262E-05 -0.8911421E-05  0.1620387E-01 -0.1411177E-04
  0.1051983333333E+03  0.9155238E+00  0.2942494E-03  0.9109998E-05 -0.8882631E-05  0.1620246E-01 -0.1406579E-04
  0.1052983333333E+03  0.9155531E+00  0.2933115E-03  0.8224605E-05 -0.8853937E-05  0.1620106E-01 -0.1401991E-04
  0.1053983333333E+03  0.9155824E+00  0.2923791E-03  0.7342071E-05 -0.8825340E-05  0.1619966E-01 -0.1397413E-04
  0.1054983333333E+03  0.9156115E+00  0.2914520E-03  0.6462387E-05 -0.8796841E-05  0.1619827E-01 -0.1392846E-04
  0.1055983333333E+03  0.9156406E+00  0.2905303E-03  0.5585543E-05 -0.8768440E-05  0.1619688E-01 -0.1388290E-04
  0.1056983333333E+03  0.9156695E+00  0.2896140E-03  0.4711529E-05 -0.8740139E-05  0.1619550E-01 -0.1383745E-04
  0.1057983333333E+03  0.9156984E+00  0.2887029E-03  0.3840335E-05 -0.8711938E-05  0.1619412E-01 -0.1379211E-04
  0.1058983333333E+03  0.9157272E+00  0.2877970E-03  0.2971951E-05 -0.8683837E-05  0.1619274E-01 -0.1374689E-04
  0.1059983333333E+03  0.9157559E+00  0.2868963E-03  0.2106368E-05 -0.8655838E-05  0.1619137E-01 -0.1370178E-04
  0.1060983333333E+03  0.9157845E+00  0.2860008E-03  0.1243574E-05 -0.8627940E-05  0.1619001E-01 -0.1365679E-04
  0.1061983333333E+03  0.9158130E+00  0.2851103E-03  0.3835590E-06 -0.8600145E-05  0.1618865E-01 -0.1361193E-04
  0.1062983333333E+03  0.9158414E+00  0.2842250E-03 -0.4736863E-06 -0.8572454E-05  0.1618729E-01 -0.1356719E-04
  0.1063983333333E+03  0.9158697E+00  0.2833446E-03 -0.1328173E-05 -0.8544866E-05  0.1618594E-01 -0.1352257E-04
  0.1064983333333E+03  0.9158980E+00  0.2824693E-03 -0.2179911E-05 -0.8517382E-05  0.1618459E-01 -0.1347808E-04
  0.1065983333333E+03  0.9159262E+00  0.2815989E-03 -0.3028911E-05 -0.8490003E-05  0.1618325E-01 -0.1343372E-04
  0.1066983333333E+03  0.9159542E+00  0.2807334E-03 -0.3875184E-05 -0.8462730E-05  0.1618191E-01 -0.1338949E-04
  0.1067983333333E+03  0.9159822E+00  0.2798728E-03 -0.4718741E-05 -0.8435562E-05  0.1618057E-01 -0.1334540E-04
  0.1068983333333E+03  0.9160101E+00  0.2790170E-03 -0.5559591E-05 -0.8408501E-05  0.1617924E-01 -0.1330143E-04
  0.1069983333333E+03  0.9160379E+00  0.2781660E-03 -0.6397745E-05 -0.8381546E-05  0.1617792E-01 -0.1325761E-04
  0.1070983333333E+03  0.9160657E+00  0.2773198E-03 -0.7233215E-05 -0.8354699E-05  0.1617660E-01 -0.1321392E-04
  0.1072316666667E+03  0.9160933E+00  0.2073587E-03 -0.8066011E-05 -0.6245969E-05  0.1617528E-01 -0.9877775E-05
  0.1073650000000E+03  0.9161300E+00  0.2755272E-03 -0.9171866E-05 -0.8293916E-05  0.1617353E-01 -0.1311839E-04
  0.1074983333333E+03  0.9161666E+00  0.2744437E-03 -0.1027263E-04 -0.8255692E-05  0.1617179E-01 -0.1305935E-04
  0.1076316666667E+03  0.9162031E+00  0.2733431E-03 -0.1136871E-04 -0.8220602E-05  0.1617005E-01 -0.1300187E-04
  0.1077650000000E+03  0.9162394E+00  0.2722505E-03 -0.1246013E-04 -0.8185706E-05  0.1616833E-01 -0.1294466E-04
  0.1078983333333E+03  0.9162755E+00  0.2711660E-03 -0.1354693E-04 -0.8151006E-05  0.1616661E-01 -0.1288771E-04
  0.1080316666667E+03  0.9163116E+00  0.2700894E-03 -0.1462913E-04 -0.8116500E-05  0.1616490E-01 -0.1283103E-04
  0.1081650000000E+03  0.9163474E+00  0.2690208E-03 -0.1570676E-04 -0.8082191E-05  0.1616320E-01 -0.1277462E-04
  0.1082983333333E+03  0.9163832E+00  0.2679598E-03 -0.1677984E-04 -0.8048079E-05  0.1616150E-01 -0.1271848E-04
  0.1084316666667E+03  0.9164187E+00  0.2669067E-03 -0.1784839E-04 -0.8014164E-05  0.1615981E-01 -0.1266261E-04
  0.1085650000000E+03  0.9164542E+00  0.2658611E-03 -0.1891245E-04 -0.7980447E-05  0.1615813E-01 -0.1260702E-04
  0.1086983333333E+03  0.9164895E+00  0.2648231E-03 -0.1997204E-04 -0.7946928E-05  0.1615646E-01 -0.1255171E-04
  0.1088316666667E+03  0.9165247E+00  0.2637926E-03 -0.2102719E-04 -0.7913609E-05  0.1615479E-01 -0.1249668E-04
  0.1089650000000E+03  0.9165597E+00  0.2627695E-03 -0.2207792E-04 -0.7880488E-05  0.1615313E-01 -0.1244193E-04
  0.1090983333333E+03  0.9165946E+00  0.2617538E-03 -0.2312426E-04 -0.7847567E-05  0.1615148E-01 -0.1238747E-04
  0.1092316666667E+03  0.9166294E+00  0.2607453E-03 -0.2416624E-04 -0.7814846E-05  0.1614984E-01 -0.1233330E-04
  0.1093650000000E+03  0.9166640E+00  0.2597440E-03 -0.2520389E-04 -0.7782325E-05  0.1614820E-01 -0.1227941E-04
  0.1094983333333E+03  0.9166985E+00  0.2587498E-03 -0.2623722E-04 -0.7750004E-05  0.1614657E-01 -0.1222582E-04
  0.1096316666667E+03  0.9167329E+00  0.2577627E-03 -0.2726627E-04 -0.7717883E-05  0.1614495E-01 -0.1217251E-04
  0.1097650000000E+03  0.9167671E+00  0.2567825E-03 -0.2829107E-04 -0.7685963E-05  0.1614333E-01 -0.1211950E-04
  0.1098983333333E+03  0.9168012E+00  0.2558093E-03 -0.2931163E-04 -0.7654243E-05  0.1614172E-01 -0.1206679E-04
  0.1100316666667E+03  0.9168352E+00  0.2548430E-03 -0.3032800E-04 -0.7622724E-05  0.1614012E-01 -0.1201437E-04
  0.1101650000000E+03  0.9168690E+00  0.2538834E-03 -0.3134018E-04 -0.7591405E-05  0.1613852E-01 -0.1196225E-04
  0.1102983333333E+03  0.9169028E+00  0.2529305E-03 -0.3234822E-04 -0.7560287E-05  0.1613694E-01 -0.1191043E-04
  0.1104316666667E+03  0.9169364E+00  0.2519843E-03 -0.3335214E-04 -0.7529368E-05  0.1613535E-01 -0.1185890E-04
  0.1105650000000E+03  0.9169698E+00  0.2510447E-03 -0.3435196E-04 -0.7498650E-05  0.1613378E-01 -0.1180768E-04
  0.1106983333333E+03  0.9170032E+00  0.2501116E-03 -0.3534771E-04 -0.7468132E-05  0.1613221E-01 -0.1175676E-04
  0.1108316666667E+03  0.9170364E+00  0.2491850E-03 -0.3633942E-04 -0.7437813E-05  0.1613065E-01 -0.1170614E-04
  0.1109650000000E+03  0.9170695E+00  0.2482647E-03 -0.3732711E-04 -0.7407694E-05  0.1612910E-01 -0.1165582E-04
  0.1110983333333E+03  0.9171025E+00  0.2473508E-03 -0.3831081E-04 -0.7377774E-05  0.1612755E-01 -0.1160580E-04
  0.1112316666667E+03  0.9171354E+00  0.2464432E-03 -0.3929055E-04 -0.7348052E-05  0.1612601E-01 -0.1155609E-04
  0.1113650000000E+03  0.9171681E+00  0.2455419E-03 -0.4026636E-04 -0.7318529E-05  0.1612448E-01 -0.1150668E-04
  0.1114983333333E+03  0.9172007E+00  0.2446466E-03 -0.4123825E-04 -0.7289203E-05  0.1612295E-01 -0.1145757E-04
  0.1116316666667E+03  0.9172332E+00  0.2437575E-03 -0.4220626E-04 -0.7260075E-05  0.1612143E-01 -0.1140877E-04
  0.1117650000000E+03  0.9172656E+00  0.2428744E-03 -0.4317041E-04 -0.7231144E-05  0.1611991E-01 -0.1136027E-04
  0.1118983333333E+03  0.9172979E+00  0.2419974E-03 -0.4413073E-04 -0.7202410E-05  0.1611840E-01 -0.1131207E-04
  0.1120316666667E+03  0.9173300E+00  0.2411262E-03 -0.4508725E-04 -0.7173871E-05  0.1611690E-01 -0.1126418E-04
  0.1121650000000E+03  0.9173621E+00  0.2402609E-03 -0.4603999E-04 -0.7145528E-05  0.1611541E-01 -0.1121660E-04
  0.1122983333333E+03  0.9173940E+00  0.2394015E-03 -0.4698897E-04 -0.7117380E-05  0.1611392E-01 -0.1116931E-04
  0.1124316666667E+03  0.9174258E+00  0.2385478E-03 -0.4793423E-04 -0.7089425E-05  0.1611243E-01 -0.1112234E-04
  0.1125650000000E+03  0.9174575E+00  0.2376998E-03 -0.4887578E-04 -0.7061665E-05  0.1611096E-01 -0.1107566E-04
  0.1126983333333E+03  0.9174891E+00  0.2368575E-03 -0.4981366E-04 -0.7034097E-05  0.1610949E-01 -0.1102929E-04
  0.1128316666667E+03  0.9175205E+00  0.2360209E-03 -0.5074789E-04 -0.7006721E-05  0.1610802E-01 -0.1098322E-04
  0.1129650000000E+03  0.9175519E+00  0.2351897E-03 -0.5167850E-04 -0.6979536E-05  0.1610656E-01 -0.1093745E-04
  0.1130983333333E+03  0.9175831E+00  0.2343641E-03 -0.5260550E-04 -0.6952542E-05  0.1610511E-01 -0.1089198E-04
  0.1132316666667E+03  0.9176143E+00  0.2335439E-03 -0.5352893E-04 -0.6925738E-05  0.1610367E-01 -0.1084682E-04
  0.1133650000000E+03  0.9176453E+00  0.2327292E-03 -0.5444882E-04 -0.6899123E-05  0.1610223E-01 -0.1080195E-04
  0.1134983333333E+03  0.9176762E+00  0.2319197E-03 -0.5536518E-04 -0.6872697E-05  0.1610079E-01 -0.1075739E-04
  0.1136316666667E+03  0.9177070E+00  0.2311156E-03 -0.5627804E-04 -0.6846457E-05  0.1609936E-01 -0.1071312E-04
  0.1137650000000E+03  0.9177377E+00  0.2303168E-03 -0.5718743E-04 -0.6820405E-05  0.1609794E-01 -0.1066915E-04
  0.1138983333333E+03  0.9177683E+00  0.2295232E-03 -0.5809336E-04 -0.6794538E-05  0.1609652E-01 -0.1062548E-04
  0.1140316666667E+03  0.9177988E+00  0.2287347E-03 -0.5899588E-04 -0.6768855E-05  0.1609511E-01 -0.1058211E-04
  0.1141650000000E+03  0.9178292E+00  0.2279513E-03 -0.5989499E-04 -0.6743357E-05  0.1609371E-01 -0.1053903E-04
  0.1142983333333E+03  0.9178595E+00  0.2271731E-03 -0.6079073E-04 -0.6718041E-05  0.1609231E-01 -0.1049624E-04
  0.1144316666667E+03  0.9178897E+00  0.2263998E-03 -0.6168312E-04 -0.6692908E-05  0.1609091E-01 -0.1045375E-04
  0.1145650000000E+03  0.9179198E+00  0.2256315E-03 -0.6257218E-04 -0.6667955E-05  0.1608953E-01 -0.1041156E-04
  0.1146983333333E+03  0.9179498E+00  0.2248682E-03 -0.6345794E-04 -0.6643183E-05  0.1608814E-01 -0.1036965E-04
  0.1148316666667E+03  0.9179797E+00  0.2241097E-03 -0.6434042E-04 -0.6618590E-05  0.1608677E-01 -0.1032804E-04
  0.1149650000000E+03  0.9180094E+00  0.2233561E-03 -0.6521964E-04 -0.6594174E-05  0.1608539E-01 -0.1028671E-04
  0.1150983333333E+03  0.9180391E+00  0.2226073E-03 -0.6609563E-04 -0.6569936E-05  0.1608403E-01 -0.1024567E-04
  0.1152316666667E+03  0.9180687E+00  0.2218633E-03 -0.6696841E-04 -0.6545874E-05  0.1608267E-01 -0.1020492E-04
  0.1153650000000E+03  0.9180982E+00  0.2211239E-03 -0.6783801E-04 -0.6521986E-05  0.1608131E-01 -0.1016445E-04
  0.1154983333333E+03  0.9181276E+00  0.2203893E-03 -0.6870445E-04 -0.6498273E-05  0.1607996E-01 -0.1012427E-04
  0.1156316666667E+03  0.9181569E+00  0.2196593E-03 -0.6956775E-04 -0.6474732E-05  0.1607862E-01 -0.1008437E-04
  0.1157983333333E+03  0.9181861E+00  0.1751471E-03 -0.7042793E-04 -0.5161091E-05  0.1607728E-01 -0.8035805E-05
  0.1159650000000E+03  0.9182224E+00  0.2181376E-03 -0.7149849E-04 -0.6423373E-05  0.1607561E-01 -0.1000006E-04
  0.1161316666667E+03  0.9182586E+00  0.2172576E-03 -0.7256395E-04 -0.6392787E-05  0.1607395E-01 -0.9950816E-05
  0.1162983333333E+03  0.9182947E+00  0.2163697E-03 -0.7362468E-04 -0.6364330E-05  0.1607230E-01 -0.9902426E-05
  0.1164650000000E+03  0.9183306E+00  0.2154887E-03 -0.7468070E-04 -0.6336133E-05  0.1607066E-01 -0.9854466E-05
  0.1166316666667E+03  0.9183664E+00  0.2146146E-03 -0.7573206E-04 -0.6308193E-05  0.1606903E-01 -0.9806935E-05
  0.1167983333333E+03  0.9184020E+00  0.2137472E-03 -0.7677881E-04 -0.6280509E-05  0.1606740E-01 -0.9759829E-05
  0.1169650000000E+03  0.9184375E+00  0.2128865E-03 -0.7782099E-04 -0.6253078E-05  0.1606578E-01 -0.9713145E-05
  0.1171316666667E+03  0.9184728E+00  0.2120324E-03 -0.7885864E-04 -0.6225899E-05  0.1606417E-01 -0.9666880E-05
  0.1172983333333E+03  0.9185080E+00  0.2111848E-03 -0.7989181E-04 -0.6198968E-05  0.1606257E-01 -0.9621030E-05
  0.1174650000000E+03  0.9185431E+00  0.2103437E-03 -0.8092052E-04 -0.6172283E-05  0.1606097E-01 -0.9575594E-05
  0.1176316666667E+03  0.9185780E+00  0.2095090E-03 -0.8194483E-04 -0.6145843E-05  0.1605938E-01 -0.9530568E-05
  0.1177983333333E+03  0.9186128E+00  0.2086806E-03 -0.8296477E-04 -0.6119645E-05  0.1605780E-01 -0.9485948E-05
  0.1179650000000E+03  0.9186474E+00  0.2078584E-03 -0.8398038E-04 -0.6093687E-05  0.1605623E-01 -0.9441731E-05
  0.1181316666667E+03  0.9186819E+00  0.2070425E-03 -0.8499171E-04 -0.6067966E-05  0.1605466E-01 -0.9397914E-05
  0.1182983333333E+03  0.9187163E+00  0.2062327E-03 -0.8599879E-04 -0.6042480E-05  0.1605310E-01 -0.9354494E-05
  0.1184650000000E+03  0.9187505E+00  0.2054289E-03 -0.8700166E-04 -0.6017227E-05  0.1605155E-01 -0.9311467E-05
  0.1186316666667E+03  0.9187846E+00  0.2046312E-03 -0.8800036E-04 -0.5992205E-05  0.1605000E-01 -0.9268830E-05
  0.1187983333333E+03  0.9188186E+00  0.2038393E-03 -0.8899493E-04 -0.5967412E-05  0.1604847E-01 -0.9226580E-05
  0.1189650000000E+03  0.9188524E+00  0.2030534E-03 -0.8998540E-04 -0.5942844E-05  0.1604694E-01 -0.9184713E-05
  0.1191316666667E+03  0.9188862E+00  0.2022732E-03 -0.9097182E-04 -0.5918500E-05  0.1604541E-01 -0.9143226E-05
  0.1192983333333E+03  0.9189197E+00  0.2014988E-03 -0.9195422E-04 -0.5894377E-05  0.1604390E-01 -0.9102115E-05
  0.1194650000000E+03  0.9189532E+00  0.2007301E-03 -0.9293263E-04 -0.5870474E-05  0.1604239E-01 -0.9061377E-05
  0.1196316666667E+03  0.9189865E+00  0.1999670E-03 -0.9390709E-04 -0.5846787E-05  0.1604088E-01 -0.9021009E-05
  0.1197983333333E+03  0.9190197E+00  0.1992095E-03 -0.9487765E-04 -0.5823315E-05  0.1603938E-01 -0.8981007E-05
  0.1199650000000E+03  0.9190528E+00  0.1984575E-03 -0.9584432E-04 -0.5800056E-05  0.1603789E-01 -0.8941368E-05
  0.1201316666667E+03  0.9190858E+00  0.1977109E-03 -0.9680716E-04 -0.5777006E-05  0.1603641E-01 -0.8902088E-05
  0.1202983333333E+03  0.9191186E+00  0.1969697E-03 -0.9776618E-04 -0.5754164E-05  0.1603493E-01 -0.8863163E-05
  0.1204650000000E+03  0.9191513E+00  0.1962339E-03 -0.9872144E-04 -0.5731528E-05  0.1603346E-01 -0.8824591E-05
  0.1206316666667E+03  0.9191839E+00  0.1955034E-03 -0.9967295E-04 -0.5709094E-05  0.1603200E-01 -0.8786368E-05
  0.1207983333333E+03  0.9192163E+00  0.1947781E-03 -0.1006208E-03 -0.5686862E-05  0.1603054E-01 -0.8748490E-05
  0.1209650000000E+03  0.9192487E+00  0.1940580E-03 -0.1015649E-03 -0.5664828E-05  0.1602909E-01 -0.8710953E-05
  0.1211316666667E+03  0.9192809E+00  0.1933430E-03 -0.1025054E-03 -0.5642991E-05  0.1602764E-01 -0.8673756E-05
  0.1212983333333E+03  0.9193130E+00  0.1926330E-03 -0.1034423E-03 -0.5621348E-05  0.1602620E-01 -0.8636893E-05
  0.1214650000000E+03  0.9193450E+00  0.1919281E-03 -0.1043756E-03 -0.5599898E-05  0.1602477E-01 -0.8600361E-05
  0.1216316666667E+03  0.9193769E+00  0.1912282E-03 -0.1053054E-03 -0.5578637E-05  0.1602334E-01 -0.8564158E-05
  0.1217983333333E+03  0.9194086E+00  0.1905332E-03 -0.1062316E-03 -0.5557563E-05  0.1602192E-01 -0.8528279E-05
  0.1219650000000E+03  0.9194403E+00  0.1898430E-03 -0.1071544E-03 -0.5536675E-05  0.1602051E-01 -0.8492721E-05
  0.1221316666667E+03  0.9194718E+00  0.1891577E-03 -0.1080738E-03 -0.5515971E-05  0.1601910E-01 -0.8457481E-05
  0.1222983333333E+03  0.9195032E+00  0.1884772E-03 -0.1089897E-03 -0.5495447E-05  0.1601769E-01 -0.8422555E-05
  0.1224650000000E+03  0.9195345E+00  0.1878013E-03 -0.1099022E-03 -0.5475103E-05  0.1601629E-01 -0.8387940E-05
  0.1226316666667E+03  0.9195657E+00  0.1871302E-03 -0.1108113E-03 -0.5454935E-05  0.1601490E-01 -0.8353632E-05
  0.1227983333333E+03  0.9195968E+00  0.1864637E-03 -0.1117172E-03 -0.5434942E-05  0.1601352E-01 -0.8319629E-05
  0.1229650000000E+03  0.9196277E+00  0.1858017E-03 -0.1126197E-03 -0.5415122E-05  0.1601213E-01 -0.8285926E-05
  0.1231316666667E+03  0.9196586E+00  0.1851443E-03 -0.1135189E-03 -0.5395472E-05  0.1601076E-01 -0.8252521E-05
  0.1232983333333E+03  0.9196893E+00  0.1844914E-03 -0.1144149E-03 -0.5375991E-05  0.1600939E-01 -0.8219410E-05
  0.1234650000000E+03  0.9197200E+00  0.1838430E-03 -0.1153077E-03 -0.5356676E-05  0.1600802E-01 -0.8186589E-05
  0.1236316666667E+03  0.9197505E+00  0.1831989E-03 -0.1161973E-03 -0.5337526E-05  0.1600667E-01 -0.8154056E-05
  0.1237983333333E+03  0.9197809E+00  0.1825593E-03 -0.1170837E-03 -0.5318538E-05  0.1600531E-01 -0.8121808E-05
  0.1239650000000E+03  0.9198113E+00  0.1819239E-03 -0.1179670E-03 -0.5299710E-05  0.1600396E-01 -0.8089840E-05
  0.1241650000000E+03  0.9198415E+00  0.1510773E-03 -0.1188472E-03 -0.4400867E-05  0.1600262E-01 -0.6715125E-05
  0.1243650000000E+03  0.9198776E+00  0.1806123E-03 -0.1198990E-03 -0.5259085E-05  0.1600102E-01 -0.8022918E-05
  0.1245650000000E+03  0.9199136E+00  0.1798746E-03 -0.1209461E-03 -0.5235537E-05  0.1599942E-01 -0.7984898E-05
  0.1247650000000E+03  0.9199494E+00  0.1791339E-03 -0.1219888E-03 -0.5213776E-05  0.1599783E-01 -0.7947918E-05
  0.1249650000000E+03  0.9199851E+00  0.1783991E-03 -0.1230273E-03 -0.5192230E-05  0.1599625E-01 -0.7911319E-05
  0.1251650000000E+03  0.9200206E+00  0.1776701E-03 -0.1240615E-03 -0.5170895E-05  0.1599467E-01 -0.7875094E-05
  0.1253650000000E+03  0.9200560E+00  0.1769469E-03 -0.1250914E-03 -0.5149769E-05  0.1599310E-01 -0.7839238E-05
  0.1255650000000E+03  0.9200912E+00  0.1762294E-03 -0.1261172E-03 -0.5128848E-05  0.1599154E-01 -0.7803747E-05
  0.1257650000000E+03  0.9201264E+00  0.1755175E-03 -0.1271388E-03 -0.5108130E-05  0.1598999E-01 -0.7768615E-05
  0.1259650000000E+03  0.9201613E+00  0.1748112E-03 -0.1281563E-03 -0.5087610E-05  0.1598844E-01 -0.7733837E-05
  0.1261650000000E+03  0.9201961E+00  0.1741104E-03 -0.1291698E-03 -0.5067286E-05  0.1598690E-01 -0.7699407E-05
  0.1263650000000E+03  0.9202308E+00  0.1734151E-03 -0.1301792E-03 -0.5047155E-05  0.1598537E-01 -0.7665321E-05
  0.1265650000000E+03  0.9202654E+00  0.1727251E-03 -0.1311847E-03 -0.5027214E-05  0.1598384E-01 -0.7631574E-05
  0.1267650000000E+03  0.9202998E+00  0.1720405E-03 -0.1321862E-03 -0.5007460E-05  0.1598232E-01 -0.7598160E-05
  0.1269650000000E+03  0.9203340E+00  0.1713611E-03 -0.1331837E-03 -0.4987890E-05  0.1598081E-01 -0.7565075E-05
  0.1271650000000E+03  0.9203682E+00  0.1706870E-03 -0.1341774E-03 -0.4968501E-05  0.1597930E-01 -0.7532314E-05
  0.1273650000000E+03  0.9204022E+00  0.1700180E-03 -0.1351673E-03 -0.4949290E-05  0.1597781E-01 -0.7499872E-05
  0.1275650000000E+03  0.9204361E+00  0.1693540E-03 -0.1361534E-03 -0.4930255E-05  0.1597631E-01 -0.7467744E-05
  0.1277650000000E+03  0.9204698E+00  0.1686951E-03 -0.1371356E-03 -0.4911393E-05  0.1597482E-01 -0.7435926E-05
  0.1279650000000E+03  0.9205034E+00  0.1680412E-03 -0.1381142E-03 -0.4892700E-05  0.1597334E-01 -0.7404413E-05
  0.1281650000000E+03  0.9205369E+00  0.1673922E-03 -0.1390890E-03 -0.4874174E-05  0.1597187E-01 -0.7373200E-05
  0.1283650000000E+03  0.9205702E+00  0.1667481E-03 -0.1400602E-03 -0.4855813E-05  0.1597040E-01 -0.7342283E-05
  0.1285650000000E+03  0.9206035E+00  0.1661088E-03 -0.1410277E-03 -0.4837614E-05  0.1596894E-01 -0.7311657E-05
  0.1287650000000E+03  0.9206365E+00  0.1654743E-03 -0.1419916E-03 -0.4819574E-05  0.1596748E-01 -0.7281318E-05
  0.1289650000000E+03  0.9206695E+00  0.1648444E-03 -0.1429519E-03 -0.4801691E-05  0.1596603E-01 -0.7251262E-05
  0.1291650000000E+03  0.9207024E+00  0.1642192E-03 -0.1439087E-03 -0.4783963E-05  0.1596459E-01 -0.7221484E-05
  0.1293650000000E+03  0.9207351E+00  0.1635987E-03 -0.1448620E-03 -0.4766385E-05  0.1596315E-01 -0.7191980E-05
  0.1295650000000E+03  0.9207677E+00  0.1629827E-03 -0.1458118E-03 -0.4748958E-05  0.1596172E-01 -0.7162746E-05
  0.1297650000000E+03  0.9208002E+00  0.1623712E-03 -0.1467581E-03 -0.4731677E-05  0.1596029E-01 -0.7133778E-05
  0.1299650000000E+03  0.9208325E+00  0.1617641E-03 -0.1477011E-03 -0.4714540E-05  0.1595887E-01 -0.7105071E-05
  0.1301650000000E+03  0.9208647E+00  0.1611615E-03 -0.1486406E-03 -0.4697546E-05  0.1595745E-01 -0.7076622E-05
  0.1303650000000E+03  0.9208969E+00  0.1605632E-03 -0.1495767E-03 -0.4680692E-05  0.1595604E-01 -0.7048426E-05
  0.1305650000000E+03  0.9209288E+00  0.1599693E-03 -0.1505095E-03 -0.4663975E-05  0.1595464E-01 -0.7020480E-05
  0.1307650000000E+03  0.9209607E+00  0.1593796E-03 -0.1514390E-03 -0.4647394E-05  0.1595324E-01 -0.6992780E-05
  0.1309650000000E+03  0.9209925E+00  0.1587942E-03 -0.1523652E-03 -0.4630946E-05  0.1595185E-01 -0.6965322E-05
  0.1311650000000E+03  0.9210241E+00  0.1582129E-03 -0.1532881E-03 -0.4614629E-05  0.1595046E-01 -0.6938102E-05
  0.1313650000000E+03  0.9210556E+00  0.1576358E-03 -0.1542078E-03 -0.4598440E-05  0.1594908E-01 -0.6911117E-05
  0.1315650000000E+03  0.9210871E+00  0.1570628E-03 -0.1551243E-03 -0.4582379E-05  0.1594770E-01 -0.6884363E-05
  0.1317650000000E+03  0.9211184E+00  0.1564938E-03 -0.1560375E-03 -0.4566442E-05  0.1594633E-01 -0.6857836E-05
  0.1319650000000E+03  0.9211495E+00  0.1559289E-03 -0.1569477E-03 -0.4550628E-05  0.1594496E-01 -0.6831532E-05
  0.1321650000000E+03  0.9211806E+00  0.1553679E-03 -0.1578547E-03 -0.4534935E-05  0.1594360E-01 -0.6805450E-05
  0.1323983333333E+03  0.9212116E+00  0.1326950E-03 -0.1587585E-03 -0.3873738E-05  0.1594225E-01 -0.5811072E-05
  0.1326316666667E+03  0.9212476E+00  0.1542173E-03 -0.1598088E-03 -0.4501249E-05  0.1594067E-01 -0.6750986E-05
  0.1328650000000E+03  0.9212834E+00  0.1535825E-03 -0.1608546E-03 -0.4482041E-05  0.1593910E-01 -0.6720524E-05
  0.1330983333333E+03  0.9213191E+00  0.1529472E-03 -0.1618963E-03 -0.4464334E-05  0.1593754E-01 -0.6691133E-05
  0.1333316666667E+03  0.9213546E+00  0.1523170E-03 -0.1629339E-03 -0.4446777E-05  0.1593599E-01 -0.6662018E-05
  0.1335650000000E+03  0.9213900E+00  0.1516919E-03 -0.1639674E-03 -0.4429367E-05  0.1593444E-01 -0.6633175E-05
  0.1337983333333E+03  0.9214253E+00  0.1510717E-03 -0.1649969E-03 -0.4412102E-05  0.1593290E-01 -0.6604597E-05
  0.1340316666667E+03  0.9214604E+00  0.1504565E-03 -0.1660224E-03 -0.4394978E-05  0.1593136E-01 -0.6576281E-05
  0.1342650000000E+03  0.9214953E+00  0.1498462E-03 -0.1670439E-03 -0.4377994E-05  0.1592984E-01 -0.6548221E-05
  0.1344983333333E+03  0.9215302E+00  0.1492406E-03 -0.1680615E-03 -0.4361146E-05  0.1592831E-01 -0.6520414E-05
  0.1347316666667E+03  0.9215649E+00  0.1486399E-03 -0.1690752E-03 -0.4344433E-05  0.1592680E-01 -0.6492854E-05
  0.1349650000000E+03  0.9215994E+00  0.1480438E-03 -0.1700851E-03 -0.4327851E-05  0.1592529E-01 -0.6465537E-05
  0.1351983333333E+03  0.9216338E+00  0.1474524E-03 -0.1710910E-03 -0.4311398E-05  0.1592379E-01 -0.6438458E-05
  0.1354316666667E+03  0.9216681E+00  0.1468656E-03 -0.1720932E-03 -0.4295072E-05  0.1592229E-01 -0.6411614E-05
  0.1356650000000E+03  0.9217022E+00  0.1462833E-03 -0.1730916E-03 -0.4278871E-05  0.1592080E-01 -0.6385000E-05
  0.1358983333333E+03  0.9217362E+00  0.1457055E-03 -0.1740863E-03 -0.4262791E-05  0.1591932E-01 -0.6358612E-05
  0.1361316666667E+03  0.9217701E+00  0.1451322E-03 -0.1750772E-03 -0.4246832E-05  0.1591784E-01 -0.6332446E-05
  0.1363650000000E+03  0.9218038E+00  0.1445632E-03 -0.1760644E-03 -0.4230991E-05  0.1591637E-01 -0.6306499E-05
  0.1365983333333E+03  0.9218374E+00  0.1439986E-03 -0.1770480E-03 -0.4215265E-05  0.1591490E-01 -0.6280765E-05
  0.1368316666667E+03  0.9218709E+00  0.1434383E-03 -0.1780279E-03 -0.4199653E-05  0.1591344E-01 -0.6255242E-05
  0.1370650000000E+03  0.9219042E+00  0.1428822E-03 -0.1790042E-03 -0.4184152E-05  0.1591199E-01 -0.6229925E-05
  0.1372983333333E+03  0.9219374E+00  0.1423304E-03 -0.1799769E-03 -0.4168761E-05  0.1591054E-01 -0.6204812E-05
  0.1375316666667E+03  0.9219705E+00  0.1417826E-03 -0.1809461E-03 -0.4153477E-05  0.1590910E-01 -0.6179898E-05
  0.1377650000000E+03  0.9220035E+00  0.1412390E-03 -0.1819117E-03 -0.4138300E-05  0.1590767E-01 -0.6155180E-05
  0.1379983333333E+03  0.9220363E+00  0.1406994E-03 -0.1828738E-03 -0.4123226E-05  0.1590623E-01 -0.6130654E-05
  0.1382316666667E+03  0.9220690E+00  0.1401638E-03 -0.1838324E-03 -0.4108254E-05  0.1590481E-01 -0.6106318E-05
  0.1384650000000E+03  0.9221016E+00  0.1396322E-03 -0.1847875E-03 -0.4093382E-05  0.1590339E-01 -0.6082167E-05
  0.1386983333333E+03  0.9221340E+00  0.1391045E-03 -0.1857392E-03 -0.4078609E-05  0.1590198E-01 -0.6058200E-05
  0.1389316666667E+03  0.9221664E+00  0.1385807E-03 -0.1866874E-03 -0.4063933E-05  0.1590057E-01 -0.6034411E-05
  0.1391650000000E+03  0.9221986E+00  0.1380607E-03 -0.1876323E-03 -0.4049352E-05  0.1589917E-01 -0.6010800E-05
  0.1393983333333E+03  0.9222307E+00  0.1375445E-03 -0.1885737E-03 -0.4034864E-05  0.1589777E-01 -0.5987361E-05
  0.1396316666667E+03  0.9222626E+00  0.1370321E-03 -0.1895118E-03 -0.4020468E-05  0.1589638E-01 -0.5964094E-05
  0.1398650000000E+03  0.9222945E+00  0.1365234E-03 -0.1904466E-03 -0.4006163E-05  0.1589499E-01 -0.5940994E-05
  0.1400983333333E+03  0.9223262E+00  0.1360184E-03 -0.1913781E-03 -0.3991947E-05  0.1589361E-01 -0.5918059E-05
  0.1403650000000E+03  0.9223579E+00  0.1185773E-03 -0.1923062E-03 -0.3480591E-05  0.1589224E-01 -0.5158375E-05
  0.1406316666667E+03  0.9223939E+00  0.1349874E-03 -0.1933627E-03 -0.3961645E-05  0.1589067E-01 -0.5870306E-05
  0.1408983333333E+03  0.9224297E+00  0.1344267E-03 -0.1944146E-03 -0.3944612E-05  0.1588911E-01 -0.5843917E-05
  0.1411650000000E+03  0.9224654E+00  0.1338667E-03 -0.1954622E-03 -0.3928800E-05  0.1588756E-01 -0.5818464E-05
  0.1414316666667E+03  0.9225009E+00  0.1333113E-03 -0.1965057E-03 -0.3913094E-05  0.1588601E-01 -0.5793210E-05
  0.1416983333333E+03  0.9225364E+00  0.1327603E-03 -0.1975451E-03 -0.3897492E-05  0.1588448E-01 -0.5768148E-05
  0.1419650000000E+03  0.9225716E+00  0.1322138E-03 -0.1985803E-03 -0.3881993E-05  0.1588295E-01 -0.5743277E-05
  0.1422316666667E+03  0.9226067E+00  0.1316716E-03 -0.1996113E-03 -0.3866594E-05  0.1588142E-01 -0.5718592E-05
  0.1424983333333E+03  0.9226417E+00  0.1311338E-03 -0.2006384E-03 -0.3851293E-05  0.1587990E-01 -0.5694091E-05
  0.1427650000000E+03  0.9226765E+00  0.1306002E-03 -0.2016613E-03 -0.3836090E-05  0.1587839E-01 -0.5669769E-05
  0.1430316666667E+03  0.9227112E+00  0.1300709E-03 -0.2026802E-03 -0.3820982E-05  0.1587688E-01 -0.5645624E-05
  0.1432983333333E+03  0.9227457E+00  0.1295457E-03 -0.2036952E-03 -0.3805968E-05  0.1587539E-01 -0.5621653E-05
  0.1435650000000E+03  0.9227802E+00  0.1290246E-03 -0.2047061E-03 -0.3791046E-05  0.1587389E-01 -0.5597852E-05
  0.1438316666667E+03  0.9228144E+00  0.1285076E-03 -0.2057131E-03 -0.3776215E-05  0.1587241E-01 -0.5574219E-05
  0.1440983333333E+03  0.9228486E+00  0.1279946E-03 -0.2067162E-03 -0.3761473E-05  0.1587093E-01 -0.5550750E-05
  0.1443650000000E+03  0.9228825E+00  0.1274855E-03 -0.2077153E-03 -0.3746818E-05  0.1586945E-01 -0.5527444E-05
  0.1446316666667E+03  0.9229164E+00  0.1269804E-03 -0.2087106E-03 -0.3732250E-05  0.1586798E-01 -0.5504297E-05
  0.1448983333333E+03  0.9229501E+00  0.1264792E-03 -0.2097020E-03 -0.3717767E-05  0.1586652E-01 -0.5481306E-05
  0.1451650000000E+03  0.9229837E+00  0.1259818E-03 -0.2106896E-03 -0.3703368E-05  0.1586507E-01 -0.5458469E-05
  0.1454316666667E+03  0.9230172E+00  0.1254883E-03 -0.2116733E-03 -0.3689051E-05  0.1586362E-01 -0.5435784E-05
  0.1456983333333E+03  0.9230505E+00  0.1249984E-03 -0.2126533E-03 -0.3674815E-05  0.1586217E-01 -0.5413247E-05
  0.1459650000000E+03  0.9230837E+00  0.1245123E-03 -0.2136294E-03 -0.3660660E-05  0.1586074E-01 -0.5390857E-05
  0.1462316666667E+03  0.9231168E+00  0.1240298E-03 -0.2146019E-03 -0.3646583E-05  0.1585930E-01 -0.5368612E-05
  0.1464983333333E+03  0.9231498E+00  0.1235510E-03 -0.2155705E-03 -0.3632584E-05  0.1585788E-01 -0.5346508E-05
  0.1467650000000E+03  0.9231826E+00  0.1230758E-03 -0.2165355E-03 -0.3618661E-05  0.1585646E-01 -0.5324544E-05
  0.1470316666667E+03  0.9232153E+00  0.1226041E-03 -0.2174968E-03 -0.3604814E-05  0.1585504E-01 -0.5302718E-05
  0.1472983333333E+03  0.9232478E+00  0.1221359E-03 -0.2184544E-03 -0.3591041E-05  0.1585364E-01 -0.5281028E-05
  0.1475650000000E+03  0.9232803E+00  0.1216711E-03 -0.2194084E-03 -0.3577342E-05  0.1585223E-01 -0.5259471E-05
  0.1478316666667E+03  0.9233126E+00  0.1212098E-03 -0.2203587E-03 -0.3563715E-05  0.1585084E-01 -0.5238046E-05
  0.1480983333333E+03  0.9233448E+00  0.1207519E-03 -0.2213054E-03 -0.3550160E-05  0.1584945E-01 -0.5216750E-05
  0.1483983333333E+03  0.9233769E+00  0.1069309E-03 -0.2222485E-03 -0.3143712E-05  0.1584806E-01 -0.4618295E-05
  0.1486983333333E+03  0.9234128E+00  0.1198205E-03 -0.2233050E-03 -0.3521529E-05  0.1584651E-01 -0.5172620E-05
  0.1489983333333E+03  0.9234486E+00  0.1193194E-03 -0.2243567E-03 -0.3505659E-05  0.1584496E-01 -0.5148506E-05
  0.1492983333333E+03  0.9234843E+00  0.1188198E-03 -0.2254039E-03 -0.3490758E-05  0.1584343E-01 -0.5125142E-05
  0.1495983333333E+03  0.9235198E+00  0.1183243E-03 -0.2264467E-03 -0.3475941E-05  0.1584190E-01 -0.5101929E-05
  0.1498983333333E+03  0.9235551E+00  0.1178327E-03 -0.2274850E-03 -0.3461207E-05  0.1584037E-01 -0.5078867E-05
  0.1501983333333E+03  0.9235903E+00  0.1173452E-03 -0.2285190E-03 -0.3446556E-05  0.1583886E-01 -0.5055953E-05
  0.1504983333333E+03  0.9236254E+00  0.1168615E-03 -0.2295486E-03 -0.3431986E-05  0.1583735E-01 -0.5033184E-05
  0.1507983333333E+03  0.9236603E+00  0.1163816E-03 -0.2305739E-03 -0.3417497E-05  0.1583584E-01 -0.5010560E-05
  0.1510983333333E+03  0.9236951E+00  0.1159056E-03 -0.2315948E-03 -0.3403087E-05  0.1583435E-01 -0.4988077E-05
  0.1513983333333E+03  0.9237297E+00  0.1154334E-03 -0.2326114E-03 -0.3388755E-05  0.1583286E-01 -0.4965733E-05
  0.1516983333333E+03  0.9237642E+00  0.1149649E-03 -0.2336238E-03 -0.3374500E-05  0.1583137E-01 -0.4943528E-05
  0.1519983333333E+03  0.9237985E+00  0.1145000E-03 -0.2346319E-03 -0.3360323E-05  0.1582990E-01 -0.4921458E-05
  0.1522983333333E+03  0.9238328E+00  0.1140388E-03 -0.2356357E-03 -0.3346221E-05  0.1582843E-01 -0.4899523E-05
  0.1525983333333E+03  0.9238668E+00  0.1135812E-03 -0.2366354E-03 -0.3332194E-05  0.1582696E-01 -0.4877720E-05
  0.1528983333333E+03  0.9239008E+00  0.1131272E-03 -0.2376309E-03 -0.3318241E-05  0.1582551E-01 -0.4856048E-05
  0.1531983333333E+03  0.9239346E+00  0.1126766E-03 -0.2386222E-03 -0.3304362E-05  0.1582406E-01 -0.4834505E-05
  0.1534983333333E+03  0.9239682E+00  0.1122296E-03 -0.2396093E-03 -0.3290556E-05  0.1582261E-01 -0.4813090E-05
  0.1537983333333E+03  0.9240018E+00  0.1117859E-03 -0.2405924E-03 -0.3276821E-05  0.1582118E-01 -0.4791801E-05
  0.1540983333333E+03  0.9240352E+00  0.1113457E-03 -0.2415713E-03 -0.3263158E-05  0.1581974E-01 -0.4770637E-05
  0.1543983333333E+03  0.9240684E+00  0.1109088E-03 -0.2425462E-03 -0.3249566E-05  0.1581832E-01 -0.4749595E-05
  0.1546983333333E+03  0.9241016E+00  0.1104752E-03 -0.2435170E-03 -0.3236044E-05  0.1581690E-01 -0.4728676E-05
  0.1549983333333E+03  0.9241346E+00  0.1100449E-03 -0.2444838E-03 -0.3222591E-05  0.1581549E-01 -0.4707877E-05
  0.1552983333333E+03  0.9241675E+00  0.1096178E-03 -0.2454465E-03 -0.3209207E-05  0.1581408E-01 -0.4687197E-05
  0.1555983333333E+03  0.9242002E+00  0.1091940E-03 -0.2464053E-03 -0.3195891E-05  0.1581268E-01 -0.4666635E-05
  0.1558983333333E+03  0.9242329E+00  0.1087733E-03 -0.2473601E-03 -0.3182643E-05  0.1581129E-01 -0.4646189E-05
  0.1562316666667E+03  0.9242654E+00  0.9752017E-04 -0.2483109E-03 -0.2852516E-05  0.1580990E-01 -0.4163273E-05
  0.1565650000000E+03  0.9243014E+00  0.1079201E-03 -0.2493626E-03 -0.3154920E-05  0.1580837E-01 -0.4604066E-05
  0.1568983333333E+03  0.9243372E+00  0.1074651E-03 -0.2504092E-03 -0.3139754E-05  0.1580684E-01 -0.4581297E-05
  0.1572316666667E+03  0.9243729E+00  0.1070120E-03 -0.2514510E-03 -0.3125360E-05  0.1580532E-01 -0.4559112E-05
  0.1575650000000E+03  0.9244084E+00  0.1065626E-03 -0.2524880E-03 -0.3111046E-05  0.1580381E-01 -0.4537063E-05
  0.1578983333333E+03  0.9244437E+00  0.1061169E-03 -0.2535202E-03 -0.3096811E-05  0.1580230E-01 -0.4515149E-05
  0.1582316666667E+03  0.9244790E+00  0.1056747E-03 -0.2545478E-03 -0.3082655E-05  0.1580080E-01 -0.4493370E-05
  0.1585650000000E+03  0.9245140E+00  0.1052361E-03 -0.2555707E-03 -0.3068578E-05  0.1579931E-01 -0.4471722E-05
  0.1588983333333E+03  0.9245490E+00  0.1048010E-03 -0.2565888E-03 -0.3054577E-05  0.1579783E-01 -0.4450207E-05
  0.1592316666667E+03  0.9245838E+00  0.1043694E-03 -0.2576024E-03 -0.3040654E-05  0.1579635E-01 -0.4428821E-05
  0.1595650000000E+03  0.9246184E+00  0.1039413E-03 -0.2586113E-03 -0.3026807E-05  0.1579488E-01 -0.4407564E-05
  0.1598983333333E+03  0.9246529E+00  0.1035165E-03 -0.2596157E-03 -0.3013036E-05  0.1579342E-01 -0.4386434E-05
  0.1602316666667E+03  0.9246873E+00  0.1030951E-03 -0.2606155E-03 -0.2999341E-05  0.1579197E-01 -0.4365431E-05
  0.1605650000000E+03  0.9247215E+00  0.1026770E-03 -0.2616107E-03 -0.2985721E-05  0.1579052E-01 -0.4344554E-05
  0.1608983333333E+03  0.9247556E+00  0.1022622E-03 -0.2626014E-03 -0.2972175E-05  0.1578908E-01 -0.4323801E-05
  0.1612316666667E+03  0.9247896E+00  0.1018507E-03 -0.2635877E-03 -0.2958703E-05  0.1578764E-01 -0.4303171E-05
  0.1615650000000E+03  0.9248234E+00  0.1014423E-03 -0.2645694E-03 -0.2945305E-05  0.1578622E-01 -0.4282663E-05
  0.1618983333333E+03  0.9248570E+00  0.1010371E-03 -0.2655467E-03 -0.2931980E-05  0.1578479E-01 -0.4262277E-05
  0.1622316666667E+03  0.9248906E+00  0.1006350E-03 -0.2665197E-03 -0.2918727E-05  0.1578338E-01 -0.4242011E-05
  0.1625650000000E+03  0.9249240E+00  0.1002361E-03 -0.2674882E-03 -0.2905547E-05  0.1578197E-01 -0.4221865E-05
  0.1628983333333E+03  0.9249573E+00  0.9984018E-04 -0.2684523E-03 -0.2892439E-05  0.1578057E-01 -0.4201837E-05
  0.1632316666667E+03  0.9249904E+00  0.9944731E-04 -0.2694121E-03 -0.2879402E-05  0.1577918E-01 -0.4181926E-05
  0.1635983333333E+03  0.9250235E+00  0.9005221E-04 -0.2703676E-03 -0.2605852E-05  0.1577779E-01 -0.3783757E-05
  0.1639650000000E+03  0.9250596E+00  0.9865251E-04 -0.2714135E-03 -0.2852343E-05  0.1577627E-01 -0.4141136E-05
  0.1643316666667E+03  0.9250956E+00  0.9823170E-04 -0.2724540E-03 -0.2837709E-05  0.1577476E-01 -0.4119300E-05
  0.1646983333333E+03  0.9251315E+00  0.9781302E-04 -0.2734893E-03 -0.2823707E-05  0.1577326E-01 -0.4097932E-05
  0.1650650000000E+03  0.9251672E+00  0.9739780E-04 -0.2745196E-03 -0.2809790E-05  0.1577177E-01 -0.4076701E-05
  0.1654316666667E+03  0.9252028E+00  0.9698599E-04 -0.2755448E-03 -0.2795956E-05  0.1577028E-01 -0.4055606E-05
  0.1657983333333E+03  0.9252382E+00  0.9657755E-04 -0.2765649E-03 -0.2782204E-05  0.1576880E-01 -0.4034646E-05
  0.1661650000000E+03  0.9252735E+00  0.9617245E-04 -0.2775800E-03 -0.2768536E-05  0.1576733E-01 -0.4013820E-05
  0.1665316666667E+03  0.9253086E+00  0.9577064E-04 -0.2785902E-03 -0.2754949E-05  0.1576586E-01 -0.3993127E-05
  0.1668983333333E+03  0.9253435E+00  0.9537208E-04 -0.2795954E-03 -0.2741444E-05  0.1576441E-01 -0.3972566E-05
  0.1672650000000E+03  0.9253784E+00  0.9497673E-04 -0.2805956E-03 -0.2728021E-05  0.1576296E-01 -0.3952137E-05
  0.1676316666667E+03  0.9254130E+00  0.9458457E-04 -0.2815910E-03 -0.2714678E-05  0.1576152E-01 -0.3931837E-05
  0.1679983333333E+03  0.9254476E+00  0.9419554E-04 -0.2825815E-03 -0.2701416E-05  0.1576008E-01 -0.3911668E-05
  0.1683650000000E+03  0.9254820E+00  0.9380961E-04 -0.2835672E-03 -0.2688233E-05  0.1575865E-01 -0.3891627E-05
  0.1687316666667E+03  0.9255162E+00  0.9342676E-04 -0.2845481E-03 -0.2675131E-05  0.1575723E-01 -0.3871714E-05
  0.1690983333333E+03  0.9255504E+00  0.9304693E-04 -0.2855242E-03 -0.2662108E-05  0.1575582E-01 -0.3851928E-05
  0.1694650000000E+03  0.9255843E+00  0.9267010E-04 -0.2864956E-03 -0.2649163E-05  0.1575442E-01 -0.3832268E-05
  0.1698316666667E+03  0.9256182E+00  0.9229623E-04 -0.2874622E-03 -0.2636297E-05  0.1575302E-01 -0.3812733E-05
  0.1701983333333E+03  0.9256519E+00  0.9192530E-04 -0.2884242E-03 -0.2623510E-05  0.1575163E-01 -0.3793323E-05
  0.1705650000000E+03  0.9256855E+00  0.9155725E-04 -0.2893815E-03 -0.2610800E-05  0.1575024E-01 -0.3774037E-05
  0.1709316666667E+03  0.9257189E+00  0.9119207E-04 -0.2903341E-03 -0.2598167E-05  0.1574887E-01 -0.3754874E-05
  0.1713316666667E+03  0.9257522E+00  0.8326057E-04 -0.2912822E-03 -0.2370144E-05  0.1574750E-01 -0.3424514E-05
  0.1717316666667E+03  0.9257884E+00  0.9045477E-04 -0.2923110E-03 -0.2572126E-05  0.1574601E-01 -0.3715811E-05
  0.1721316666667E+03  0.9258244E+00  0.9006672E-04 -0.2933343E-03 -0.2558180E-05  0.1574453E-01 -0.3695077E-05
  0.1725316666667E+03  0.9258603E+00  0.8968094E-04 -0.2943522E-03 -0.2544758E-05  0.1574306E-01 -0.3674724E-05
  0.1729316666667E+03  0.9258960E+00  0.8929837E-04 -0.2953648E-03 -0.2531426E-05  0.1574160E-01 -0.3654514E-05
  0.1733316666667E+03  0.9259316E+00  0.8891897E-04 -0.2963721E-03 -0.2518182E-05  0.1574015E-01 -0.3634444E-05
  0.1737316666667E+03  0.9259670E+00  0.8854271E-04 -0.2973741E-03 -0.2505028E-05  0.1573870E-01 -0.3614514E-05
  0.1741316666667E+03  0.9260022E+00  0.8816955E-04 -0.2983708E-03 -0.2491961E-05  0.1573726E-01 -0.3594723E-05
  0.1745316666667E+03  0.9260374E+00  0.8779944E-04 -0.2993624E-03 -0.2478982E-05  0.1573583E-01 -0.3575070E-05
  0.1749316666667E+03  0.9260723E+00  0.8743236E-04 -0.3003489E-03 -0.2466090E-05  0.1573441E-01 -0.3555555E-05
  0.1753316666667E+03  0.9261072E+00  0.8706827E-04 -0.3013302E-03 -0.2453286E-05  0.1573300E-01 -0.3536176E-05
  0.1757316666667E+03  0.9261419E+00  0.8670713E-04 -0.3023064E-03 -0.2440567E-05  0.1573159E-01 -0.3516933E-05
  0.1761316666667E+03  0.9261764E+00  0.8634891E-04 -0.3032776E-03 -0.2427934E-05  0.1573019E-01 -0.3497824E-05
  0.1765316666667E+03  0.9262108E+00  0.8599357E-04 -0.3042437E-03 -0.2415387E-05  0.1572880E-01 -0.3478849E-05
  0.1769316666667E+03  0.9262450E+00  0.8564108E-04 -0.3052049E-03 -0.2402924E-05  0.1572742E-01 -0.3460007E-05
  0.1773316666667E+03  0.9262792E+00  0.8529140E-04 -0.3061611E-03 -0.2390546E-05  0.1572604E-01 -0.3441298E-05
  0.1777316666667E+03  0.9263131E+00  0.8494451E-04 -0.3071124E-03 -0.2378252E-05  0.1572467E-01 -0.3422720E-05
  0.1781316666667E+03  0.9263470E+00  0.8460038E-04 -0.3080589E-03 -0.2366042E-05  0.1572331E-01 -0.3404272E-05
  0.1785650000000E+03  0.9263807E+00  0.7777750E-04 -0.3090004E-03 -0.2172844E-05  0.1572195E-01 -0.3125496E-05
  0.1789983333333E+03  0.9264170E+00  0.8390681E-04 -0.3100149E-03 -0.2341009E-05  0.1572050E-01 -0.3366823E-05
  0.1794316666667E+03  0.9264532E+00  0.8354361E-04 -0.3110235E-03 -0.2327711E-05  0.1571905E-01 -0.3347088E-05
  0.1798650000000E+03  0.9264893E+00  0.8318279E-04 -0.3120266E-03 -0.2314864E-05  0.1571760E-01 -0.3327683E-05
  0.1802983333333E+03  0.9265252E+00  0.8282501E-04 -0.3130242E-03 -0.2302112E-05  0.1571617E-01 -0.3308426E-05
  0.1807316666667E+03  0.9265609E+00  0.8247024E-04 -0.3140163E-03 -0.2289454E-05  0.1571474E-01 -0.3289315E-05
  0.1811650000000E+03  0.9265965E+00  0.8211844E-04 -0.3150030E-03 -0.2276890E-05  0.1571333E-01 -0.3270351E-05
  0.1815983333333E+03  0.9266319E+00  0.8176957E-04 -0.3159842E-03 -0.2264420E-05  0.1571192E-01 -0.3251532E-05
  0.1820316666667E+03  0.9266672E+00  0.8142360E-04 -0.3169601E-03 -0.2252042E-05  0.1571052E-01 -0.3232857E-05
  0.1824650000000E+03  0.9267024E+00  0.8108049E-04 -0.3179307E-03 -0.2239757E-05  0.1570912E-01 -0.3214325E-05
  0.1828983333333E+03  0.9267373E+00  0.8074021E-04 -0.3188959E-03 -0.2227563E-05  0.1570774E-01 -0.3195935E-05
  0.1833316666667E+03  0.9267722E+00  0.8040272E-04 -0.3198560E-03 -0.2215460E-05  0.1570636E-01 -0.3177686E-05
  0.1837650000000E+03  0.9268069E+00  0.8006800E-04 -0.3208108E-03 -0.2203448E-05  0.1570499E-01 -0.3159577E-05
  0.1841983333333E+03  0.9268414E+00  0.7973600E-04 -0.3217605E-03 -0.2191525E-05  0.1570363E-01 -0.3141608E-05
  0.1846316666667E+03  0.9268758E+00  0.7940670E-04 -0.3227050E-03 -0.2179692E-05  0.1570228E-01 -0.3123777E-05
  0.1850650000000E+03  0.9269101E+00  0.7908007E-04 -0.3236444E-03 -0.2167947E-05  0.1570093E-01 -0.3106082E-05
  0.1855316666667E+03  0.9269442E+00  0.7313063E-04 -0.3245788E-03 -0.2002270E-05  0.1569959E-01 -0.2867916E-05
  0.1859983333333E+03  0.9269808E+00  0.7842279E-04 -0.3255794E-03 -0.2143975E-05  0.1569816E-01 -0.3070286E-05
  0.1864650000000E+03  0.9270173E+00  0.7808010E-04 -0.3265740E-03 -0.2131327E-05  0.1569674E-01 -0.3051536E-05
  0.1869316666667E+03  0.9270536E+00  0.7773986E-04 -0.3275629E-03 -0.2119077E-05  0.1569532E-01 -0.3033083E-05
  0.1873983333333E+03  0.9270897E+00  0.7740252E-04 -0.3285461E-03 -0.2106926E-05  0.1569391E-01 -0.3014783E-05
  0.1878650000000E+03  0.9271256E+00  0.7706805E-04 -0.3295237E-03 -0.2094873E-05  0.1569252E-01 -0.2996635E-05
  0.1883316666667E+03  0.9271614E+00  0.7673642E-04 -0.3304957E-03 -0.2082918E-05  0.1569113E-01 -0.2978637E-05
  0.1887983333333E+03  0.9271971E+00  0.7640759E-04 -0.3314622E-03 -0.2071060E-05  0.1568974E-01 -0.2960790E-05
  0.1892650000000E+03  0.9272326E+00  0.7608153E-04 -0.3324232E-03 -0.2059299E-05  0.1568837E-01 -0.2943090E-05
  0.1897316666667E+03  0.9272680E+00  0.7575820E-04 -0.3333788E-03 -0.2047633E-05  0.1568701E-01 -0.2925538E-05
  0.1901983333333E+03  0.9273032E+00  0.7543758E-04 -0.3343290E-03 -0.2036062E-05  0.1568565E-01 -0.2908132E-05
  0.1906650000000E+03  0.9273382E+00  0.7511962E-04 -0.3352738E-03 -0.2024585E-05  0.1568430E-01 -0.2890871E-05
  0.1911316666667E+03  0.9273731E+00  0.7480430E-04 -0.3362133E-03 -0.2013201E-05  0.1568296E-01 -0.2873754E-05
  0.1915983333333E+03  0.9274079E+00  0.7449158E-04 -0.3371475E-03 -0.2001911E-05  0.1568163E-01 -0.2856779E-05
  0.1920650000000E+03  0.9274425E+00  0.7418143E-04 -0.3380765E-03 -0.1990712E-05  0.1568030E-01 -0.2839946E-05
  0.1925650000000E+03  0.9274770E+00  0.6894890E-04 -0.3390003E-03 -0.1847631E-05  0.1567898E-01 -0.2635036E-05
  0.1930650000000E+03  0.9275138E+00  0.7355817E-04 -0.3399843E-03 -0.1967936E-05  0.1567758E-01 -0.2805987E-05
  0.1935650000000E+03  0.9275504E+00  0.7323443E-04 -0.3409623E-03 -0.1955988E-05  0.1567619E-01 -0.2788292E-05
  0.1940650000000E+03  0.9275868E+00  0.7291316E-04 -0.3419345E-03 -0.1944396E-05  0.1567480E-01 -0.2770870E-05
  0.1945650000000E+03  0.9276231E+00  0.7259467E-04 -0.3429009E-03 -0.1932906E-05  0.1567342E-01 -0.2753604E-05
  0.1950650000000E+03  0.9276593E+00  0.7227891E-04 -0.3438617E-03 -0.1921516E-05  0.1567205E-01 -0.2736492E-05
  0.1955650000000E+03  0.9276953E+00  0.7196587E-04 -0.3448168E-03 -0.1910225E-05  0.1567070E-01 -0.2719533E-05
  0.1960650000000E+03  0.9277311E+00  0.7165550E-04 -0.3457663E-03 -0.1899033E-05  0.1566934E-01 -0.2702725E-05
  0.1965650000000E+03  0.9277668E+00  0.7134776E-04 -0.3467103E-03 -0.1887939E-05  0.1566800E-01 -0.2686067E-05
  0.1970650000000E+03  0.9278023E+00  0.7104264E-04 -0.3476487E-03 -0.1876942E-05  0.1566667E-01 -0.2669558E-05
  0.1975650000000E+03  0.9278377E+00  0.7074009E-04 -0.3485818E-03 -0.1866040E-05  0.1566534E-01 -0.2653196E-05
  0.1980650000000E+03  0.9278729E+00  0.7044008E-04 -0.3495094E-03 -0.1855234E-05  0.1566402E-01 -0.2636980E-05
  0.1985650000000E+03  0.9279079E+00  0.7014259E-04 -0.3504316E-03 -0.1844523E-05  0.1566271E-01 -0.2620908E-05
  0.1990650000000E+03  0.9279429E+00  0.6984758E-04 -0.3513486E-03 -0.1833905E-05  0.1566141E-01 -0.2604980E-05
  0.1995650000000E+03  0.9279776E+00  0.6955501E-04 -0.3522603E-03 -0.1823380E-05  0.1566011E-01 -0.2589193E-05
  0.2000983333333E+03  0.9280123E+00  0.6493582E-04 -0.3531668E-03 -0.1699637E-05  0.1565883E-01 -0.2412701E-05
  0.2006316666667E+03  0.9280491E+00  0.6896774E-04 -0.3541279E-03 -0.1802038E-05  0.1565746E-01 -0.2557421E-05
  0.2011650000000E+03  0.9280857E+00  0.6866367E-04 -0.3550830E-03 -0.1790896E-05  0.1565611E-01 -0.2540936E-05
  0.2016983333333E+03  0.9281221E+00  0.6836204E-04 -0.3560324E-03 -0.1780075E-05  0.1565476E-01 -0.2524708E-05
  0.2022316666667E+03  0.9281584E+00  0.6806304E-04 -0.3569760E-03 -0.1769353E-05  0.1565342E-01 -0.2508633E-05
  0.2027650000000E+03  0.9281946E+00  0.6776662E-04 -0.3579140E-03 -0.1758732E-05  0.1565209E-01 -0.2492711E-05
  0.2032983333333E+03  0.9282306E+00  0.6747276E-04 -0.3588464E-03 -0.1748209E-05  0.1565077E-01 -0.2476939E-05
  0.2038316666667E+03  0.9282664E+00  0.6718141E-04 -0.3597732E-03 -0.1737783E-05  0.1564946E-01 -0.2461316E-05
  0.2043650000000E+03  0.9283021E+00  0.6689256E-04 -0.3606945E-03 -0.1727454E-05  0.1564816E-01 -0.2445841E-05
  0.2048983333333E+03  0.9283376E+00  0.6660616E-04 -0.3616104E-03 -0.1717221E-05  0.1564686E-01 -0.2430511E-05
  0.2054316666667E+03  0.9283730E+00  0.6632220E-04 -0.3625208E-03 -0.1707083E-05  0.1564557E-01 -0.2415327E-05
  0.2059650000000E+03  0.9284082E+00  0.6604063E-04 -0.3634259E-03 -0.1697038E-05  0.1564429E-01 -0.2400285E-05
  0.2064983333333E+03  0.9284433E+00  0.6576143E-04 -0.3643257E-03 -0.1687086E-05  0.1564302E-01 -0.2385386E-05
  0.2070316666667E+03  0.9284782E+00  0.6548456E-04 -0.3652202E-03 -0.1677226E-05  0.1564175E-01 -0.2370626E-05
  0.2075983333333E+03  0.9285130E+00  0.6137413E-04 -0.3661095E-03 -0.1569371E-05  0.1564050E-01 -0.2217416E-05
  0.2081650000000E+03  0.9285498E+00  0.6492933E-04 -0.3670486E-03 -0.1657281E-05  0.1563917E-01 -0.2340976E-05
  0.2087316666667E+03  0.9285864E+00  0.6464267E-04 -0.3679819E-03 -0.1646912E-05  0.1563785E-01 -0.2325650E-05
  0.2092983333333E+03  0.9286229E+00  0.6435841E-04 -0.3689094E-03 -0.1636833E-05  0.1563654E-01 -0.2310566E-05
  0.2098650000000E+03  0.9286592E+00  0.6407663E-04 -0.3698313E-03 -0.1626852E-05  0.1563524E-01 -0.2295631E-05
  0.2104316666667E+03  0.9286953E+00  0.6379729E-04 -0.3707476E-03 -0.1616969E-05  0.1563395E-01 -0.2280844E-05
  0.2109983333333E+03  0.9287313E+00  0.6352036E-04 -0.3716583E-03 -0.1607181E-05  0.1563267E-01 -0.2266204E-05
  0.2115650000000E+03  0.9287672E+00  0.6324582E-04 -0.3725636E-03 -0.1597489E-05  0.1563139E-01 -0.2251709E-05
  0.2121316666667E+03  0.9288028E+00  0.6297364E-04 -0.3734634E-03 -0.1587891E-05  0.1563012E-01 -0.2237357E-05
  0.2126983333333E+03  0.9288384E+00  0.6270378E-04 -0.3743578E-03 -0.1578385E-05  0.1562886E-01 -0.2223146E-05
  0.2132650000000E+03  0.9288738E+00  0.6243621E-04 -0.3752469E-03 -0.1568972E-05  0.1562761E-01 -0.2209076E-05
  0.2138316666667E+03  0.9289090E+00  0.6217092E-04 -0.3761307E-03 -0.1559650E-05  0.1562637E-01 -0.2195144E-05
  0.2143983333333E+03  0.9289441E+00  0.6190785E-04 -0.3770092E-03 -0.1550417E-05  0.1562513E-01 -0.2181348E-05
  0.2149983333333E+03  0.9289790E+00  0.5822217E-04 -0.3778826E-03 -0.1455647E-05  0.1562390E-01 -0.2047261E-05
  0.2155983333333E+03  0.9290158E+00  0.6138076E-04 -0.3788017E-03 -0.1531779E-05  0.1562261E-01 -0.2153679E-05
  0.2161983333333E+03  0.9290525E+00  0.6110930E-04 -0.3797150E-03 -0.1522123E-05  0.1562133E-01 -0.2139422E-05
  0.2167983333333E+03  0.9290890E+00  0.6084019E-04 -0.3806226E-03 -0.1512733E-05  0.1562005E-01 -0.2125394E-05
  0.2173983333333E+03  0.9291253E+00  0.6057344E-04 -0.3815247E-03 -0.1503438E-05  0.1561878E-01 -0.2111510E-05
  0.2179983333333E+03  0.9291615E+00  0.6030900E-04 -0.3824212E-03 -0.1494237E-05  0.1561753E-01 -0.2097770E-05
  0.2185983333333E+03  0.9291976E+00  0.6004686E-04 -0.3833123E-03 -0.1485128E-05  0.1561628E-01 -0.2084170E-05
  0.2191983333333E+03  0.9292334E+00  0.5978699E-04 -0.3841980E-03 -0.1476111E-05  0.1561503E-01 -0.2070710E-05
  0.2197983333333E+03  0.9292691E+00  0.5952935E-04 -0.3850783E-03 -0.1467185E-05  0.1561380E-01 -0.2057387E-05
  0.2203983333333E+03  0.9293047E+00  0.5927391E-04 -0.3859533E-03 -0.1458348E-05  0.1561257E-01 -0.2044200E-05
  0.2209983333333E+03  0.9293401E+00  0.5902065E-04 -0.3868230E-03 -0.1449599E-05  0.1561135E-01 -0.2031147E-05
  0.2215983333333E+03  0.9293754E+00  0.5876954E-04 -0.3876876E-03 -0.1440938E-05  0.1561014E-01 -0.2018227E-05
  0.2222316666667E+03  0.9294105E+00  0.5544053E-04 -0.3885470E-03 -0.1356976E-05  0.1560894E-01 -0.1899889E-05
  0.2228650000000E+03  0.9294474E+00  0.5826679E-04 -0.3894486E-03 -0.1423483E-05  0.1560768E-01 -0.1992346E-05
  0.2234983333333E+03  0.9294841E+00  0.5800845E-04 -0.3903444E-03 -0.1414467E-05  0.1560642E-01 -0.1979047E-05
  0.2241316666667E+03  0.9295207E+00  0.5775241E-04 -0.3912347E-03 -0.1405696E-05  0.1560518E-01 -0.1965966E-05
  0.2247650000000E+03  0.9295571E+00  0.5749861E-04 -0.3921194E-03 -0.1397017E-05  0.1560394E-01 -0.1953024E-05
  0.2253983333333E+03  0.9295934E+00  0.5724703E-04 -0.3929988E-03 -0.1388427E-05  0.1560271E-01 -0.1940219E-05
  0.2260316666667E+03  0.9296295E+00  0.5699764E-04 -0.3938727E-03 -0.1379926E-05  0.1560149E-01 -0.1927548E-05
  0.2266650000000E+03  0.9296654E+00  0.5675040E-04 -0.3947414E-03 -0.1371513E-05  0.1560028E-01 -0.1915011E-05
  0.2272983333333E+03  0.9297012E+00  0.5650530E-04 -0.3956047E-03 -0.1363187E-05  0.1559907E-01 -0.1902605E-05
  0.2279316666667E+03  0.9297368E+00  0.5626230E-04 -0.3964628E-03 -0.1354946E-05  0.1559788E-01 -0.1890329E-05
  0.2285650000000E+03  0.9297723E+00  0.5602138E-04 -0.3973158E-03 -0.1346790E-05  0.1559669E-01 -0.1878180E-05
  0.2292316666667E+03  0.9298077E+00  0.5299338E-04 -0.3981637E-03 -0.1271781E-05  0.1559551E-01 -0.1772850E-05
  0.2298983333333E+03  0.9298447E+00  0.5553937E-04 -0.3990506E-03 -0.1330376E-05  0.1559427E-01 -0.1853871E-05
  0.2305650000000E+03  0.9298815E+00  0.5529220E-04 -0.3999319E-03 -0.1321921E-05  0.1559304E-01 -0.1841410E-05
  0.2312316666667E+03  0.9299182E+00  0.5504727E-04 -0.4008077E-03 -0.1313692E-05  0.1559182E-01 -0.1829157E-05
  0.2318983333333E+03  0.9299548E+00  0.5480449E-04 -0.4016780E-03 -0.1305550E-05  0.1559061E-01 -0.1817036E-05
  0.2325650000000E+03  0.9299912E+00  0.5456384E-04 -0.4025430E-03 -0.1297495E-05  0.1558941E-01 -0.1805046E-05
  0.2332316666667E+03  0.9300274E+00  0.5432529E-04 -0.4034027E-03 -0.1289525E-05  0.1558821E-01 -0.1793185E-05
  0.2338983333333E+03  0.9300634E+00  0.5408881E-04 -0.4042571E-03 -0.1281638E-05  0.1558703E-01 -0.1781450E-05
  0.2345650000000E+03  0.9300993E+00  0.5385438E-04 -0.4051064E-03 -0.1273835E-05  0.1558585E-01 -0.1769841E-05
  0.2352316666667E+03  0.9301351E+00  0.5362197E-04 -0.4059504E-03 -0.1266113E-05  0.1558467E-01 -0.1758356E-05
  0.2358983333333E+03  0.9301707E+00  0.5339155E-04 -0.4067894E-03 -0.1258471E-05  0.1558351E-01 -0.1746992E-05
  0.2365983333333E+03  0.9302061E+00  0.5063152E-04 -0.4076234E-03 -0.1191342E-05  0.1558235E-01 -0.1653094E-05
  0.2372983333333E+03  0.9302432E+00  0.5293083E-04 -0.4084935E-03 -0.1243112E-05  0.1558114E-01 -0.1724273E-05
  0.2379983333333E+03  0.9302801E+00  0.5269501E-04 -0.4093582E-03 -0.1235218E-05  0.1557995E-01 -0.1712649E-05
  0.2386983333333E+03  0.9303168E+00  0.5246136E-04 -0.4102175E-03 -0.1227532E-05  0.1557875E-01 -0.1701224E-05
  0.2393983333333E+03  0.9303533E+00  0.5222976E-04 -0.4110714E-03 -0.1219929E-05  0.1557757E-01 -0.1689923E-05
  0.2400983333333E+03  0.9303897E+00  0.5200019E-04 -0.4119201E-03 -0.1212407E-05  0.1557640E-01 -0.1678745E-05
  0.2407983333333E+03  0.9304260E+00  0.5177263E-04 -0.4127636E-03 -0.1204966E-05  0.1557523E-01 -0.1667689E-05
  0.2414983333333E+03  0.9304621E+00  0.5154704E-04 -0.4136019E-03 -0.1197604E-05  0.1557407E-01 -0.1656752E-05
  0.2421983333333E+03  0.9304980E+00  0.5132341E-04 -0.4144351E-03 -0.1190320E-05  0.1557292E-01 -0.1645933E-05
  0.2428983333333E+03  0.9305338E+00  0.5110170E-04 -0.4152633E-03 -0.1183112E-05  0.1557177E-01 -0.1635230E-05
  0.2436316666667E+03  0.9305694E+00  0.4856907E-04 -0.4160865E-03 -0.1122527E-05  0.1557064E-01 -0.1550794E-05
  0.2443650000000E+03  0.9306065E+00  0.5065866E-04 -0.4169435E-03 -0.1168640E-05  0.1556945E-01 -0.1613848E-05
  0.2450983333333E+03  0.9306435E+00  0.5043227E-04 -0.4177950E-03 -0.1161218E-05  0.1556828E-01 -0.1602928E-05
  0.2458316666667E+03  0.9306803E+00  0.5020798E-04 -0.4186413E-03 -0.1153988E-05  0.1556711E-01 -0.1592196E-05
  0.2465650000000E+03  0.9307170E+00  0.4998567E-04 -0.4194823E-03 -0.1146837E-05  0.1556595E-01 -0.1581581E-05
  0.2472983333333E+03  0.9307535E+00  0.4976532E-04 -0.4203181E-03 -0.1139763E-05  0.1556480E-01 -0.1571084E-05
  0.2480316666667E+03  0.9307898E+00  0.4954689E-04 -0.4211488E-03 -0.1132764E-05  0.1556365E-01 -0.1560701E-05
  0.2487650000000E+03  0.9308260E+00  0.4933036E-04 -0.4219744E-03 -0.1125841E-05  0.1556252E-01 -0.1550431E-05
  0.2494983333333E+03  0.9308620E+00  0.4911570E-04 -0.4227950E-03 -0.1118991E-05  0.1556139E-01 -0.1540272E-05
  0.2502316666667E+03  0.9308979E+00  0.4890290E-04 -0.4236107E-03 -0.1112214E-05  0.1556026E-01 -0.1530222E-05
  0.2509983333333E+03  0.9309336E+00  0.4657488E-04 -0.4244214E-03 -0.1057443E-05  0.1555915E-01 -0.1454182E-05
  0.2517650000000E+03  0.9309707E+00  0.4847788E-04 -0.4252636E-03 -0.1098617E-05  0.1555799E-01 -0.1510157E-05
  0.2525316666667E+03  0.9310077E+00  0.4826102E-04 -0.4261006E-03 -0.1091656E-05  0.1555684E-01 -0.1499925E-05
  0.2532983333333E+03  0.9310446E+00  0.4804620E-04 -0.4269323E-03 -0.1084872E-05  0.1555570E-01 -0.1489870E-05
  0.2540650000000E+03  0.9310813E+00  0.4783327E-04 -0.4277589E-03 -0.1078162E-05  0.1555456E-01 -0.1479926E-05
  0.2548316666667E+03  0.9311178E+00  0.4762220E-04 -0.4285804E-03 -0.1071524E-05  0.1555344E-01 -0.1470090E-05
  0.2555983333333E+03  0.9311541E+00  0.4741298E-04 -0.4293969E-03 -0.1064958E-05  0.1555232E-01 -0.1460362E-05
  0.2563650000000E+03  0.9311903E+00  0.4720558E-04 -0.4302084E-03 -0.1058461E-05  0.1555121E-01 -0.1450740E-05
  0.2571316666667E+03  0.9312263E+00  0.4699997E-04 -0.4310149E-03 -0.1052034E-05  0.1555010E-01 -0.1441221E-05
  0.2579316666667E+03  0.9312622E+00  0.4484630E-04 -0.4318166E-03 -0.1002104E-05  0.1554900E-01 -0.1372147E-05
  0.2587316666667E+03  0.9312995E+00  0.4658954E-04 -0.4326479E-03 -0.1039148E-05  0.1554786E-01 -0.1422226E-05
  0.2595316666667E+03  0.9313366E+00  0.4638041E-04 -0.4334740E-03 -0.1032562E-05  0.1554673E-01 -0.1412553E-05
  0.2603316666667E+03  0.9313735E+00  0.4617327E-04 -0.4342949E-03 -0.1026141E-05  0.1554561E-01 -0.1403048E-05
  0.2611316666667E+03  0.9314103E+00  0.4596795E-04 -0.4351107E-03 -0.1019789E-05  0.1554450E-01 -0.1393646E-05
  0.2619316666667E+03  0.9314469E+00  0.4576443E-04 -0.4359215E-03 -0.1013505E-05  0.1554339E-01 -0.1384348E-05
  0.2627316666667E+03  0.9314834E+00  0.4556269E-04 -0.4367274E-03 -0.1007288E-05  0.1554229E-01 -0.1375151E-05
  0.2635316666667E+03  0.9315197E+00  0.4536272E-04 -0.4375283E-03 -0.1001138E-05  0.1554120E-01 -0.1366053E-05
  0.2643650000000E+03  0.9315558E+00  0.4335789E-04 -0.4383243E-03 -0.9552505E-06  0.1554011E-01 -0.1302772E-05
  0.2651983333333E+03  0.9315933E+00  0.4496372E-04 -0.4391483E-03 -0.9888176E-06  0.1553899E-01 -0.1347907E-05
  0.2660316666667E+03  0.9316306E+00  0.4476070E-04 -0.4399671E-03 -0.9825293E-06  0.1553787E-01 -0.1338679E-05
  0.2668650000000E+03  0.9316677E+00  0.4455961E-04 -0.4407808E-03 -0.9763953E-06  0.1553676E-01 -0.1329609E-05
  0.2676983333333E+03  0.9317047E+00  0.4436030E-04 -0.4415894E-03 -0.9703275E-06  0.1553566E-01 -0.1320639E-05
  0.2685316666667E+03  0.9317415E+00  0.4416275E-04 -0.4423930E-03 -0.9643248E-06  0.1553457E-01 -0.1311767E-05
  0.2693650000000E+03  0.9317781E+00  0.4396693E-04 -0.4431916E-03 -0.9583861E-06  0.1553349E-01 -0.1302991E-05
  0.2701983333333E+03  0.9318146E+00  0.4377283E-04 -0.4439854E-03 -0.9525104E-06  0.1553241E-01 -0.1294310E-05
  0.2710316666667E+03  0.9318509E+00  0.4358042E-04 -0.4447743E-03 -0.9466967E-06  0.1553134E-01 -0.1285723E-05
  0.2718983333333E+03  0.9318871E+00  0.4172084E-04 -0.4455584E-03 -0.9047539E-06  0.1553027E-01 -0.1228102E-05
  0.2727650000000E+03  0.9319245E+00  0.4319666E-04 -0.4463688E-03 -0.9350574E-06  0.1552917E-01 -0.1268598E-05
  0.2736316666667E+03  0.9319618E+00  0.4300163E-04 -0.4471740E-03 -0.9291241E-06  0.1552808E-01 -0.1259899E-05
  0.2744983333333E+03  0.9319989E+00  0.4280844E-04 -0.4479743E-03 -0.9233327E-06  0.1552699E-01 -0.1251348E-05
  0.2753650000000E+03  0.9320358E+00  0.4261697E-04 -0.4487695E-03 -0.9176031E-06  0.1552592E-01 -0.1242890E-05
  0.2762316666667E+03  0.9320726E+00  0.4242718E-04 -0.4495599E-03 -0.9119342E-06  0.1552485E-01 -0.1234522E-05
  0.2770983333333E+03  0.9321092E+00  0.4223906E-04 -0.4503453E-03 -0.9063250E-06  0.1552378E-01 -0.1226245E-05
  0.2779650000000E+03  0.9321456E+00  0.4205258E-04 -0.4511260E-03 -0.9007746E-06  0.1552273E-01 -0.1218056E-05
  0.2788650000000E+03  0.9321819E+00  0.4031706E-04 -0.4519019E-03 -0.8621235E-06  0.1552168E-01 -0.1165141E-05
  0.2797650000000E+03  0.9322194E+00  0.4168081E-04 -0.4527026E-03 -0.8896688E-06  0.1552060E-01 -0.1201732E-05
  0.2806650000000E+03  0.9322568E+00  0.4149207E-04 -0.4534982E-03 -0.8840144E-06  0.1551953E-01 -0.1193448E-05
  0.2815650000000E+03  0.9322939E+00  0.4130513E-04 -0.4542889E-03 -0.8784916E-06  0.1551846E-01 -0.1185304E-05
  0.2824650000000E+03  0.9323309E+00  0.4111985E-04 -0.4550746E-03 -0.8730271E-06  0.1551740E-01 -0.1177246E-05
  0.2833650000000E+03  0.9323678E+00  0.4093620E-04 -0.4558555E-03 -0.8676200E-06  0.1551635E-01 -0.1169275E-05
  0.2842650000000E+03  0.9324045E+00  0.4075417E-04 -0.4566315E-03 -0.8622694E-06  0.1551530E-01 -0.1161388E-05
  0.2851983333333E+03  0.9324410E+00  0.3912466E-04 -0.4574028E-03 -0.8263681E-06  0.1551426E-01 -0.1112386E-05
  0.2861316666667E+03  0.9324787E+00  0.4039141E-04 -0.4581976E-03 -0.8515695E-06  0.1551319E-01 -0.1145674E-05
  0.2870650000000E+03  0.9325162E+00  0.4020745E-04 -0.4589873E-03 -0.8461284E-06  0.1551213E-01 -0.1137707E-05
  0.2879983333333E+03  0.9325536E+00  0.4002525E-04 -0.4597721E-03 -0.8408105E-06  0.1551108E-01 -0.1129873E-05
  0.2889316666667E+03  0.9325907E+00  0.3984468E-04 -0.4605519E-03 -0.8355485E-06  0.1551003E-01 -0.1122121E-05
  0.2898650000000E+03  0.9326278E+00  0.3966570E-04 -0.4613269E-03 -0.8303414E-06  0.1550899E-01 -0.1114453E-05
  0.2907983333333E+03  0.9326646E+00  0.3948830E-04 -0.4620971E-03 -0.8251884E-06  0.1550796E-01 -0.1106865E-05
  0.2917650000000E+03  0.9327013E+00  0.3795685E-04 -0.4628625E-03 -0.7918097E-06  0.1550693E-01 -0.1061448E-05
  0.2927316666667E+03  0.9327391E+00  0.3913491E-04 -0.4636502E-03 -0.8148892E-06  0.1550588E-01 -0.1091751E-05
  0.2936983333333E+03  0.9327768E+00  0.3895588E-04 -0.4644329E-03 -0.8096576E-06  0.1550483E-01 -0.1084096E-05
  0.2946650000000E+03  0.9328143E+00  0.3877857E-04 -0.4652106E-03 -0.8045411E-06  0.1550379E-01 -0.1076566E-05
  0.2956316666667E+03  0.9328516E+00  0.3860285E-04 -0.4659834E-03 -0.7994781E-06  0.1550275E-01 -0.1069115E-05
  0.2965983333333E+03  0.9328888E+00  0.3842868E-04 -0.4667514E-03 -0.7944675E-06  0.1550173E-01 -0.1061743E-05
  0.2975650000000E+03  0.9329257E+00  0.3825606E-04 -0.4675146E-03 -0.7895086E-06  0.1550071E-01 -0.1054448E-05
  0.2985650000000E+03  0.9329625E+00  0.3681545E-04 -0.4682730E-03 -0.7584472E-06  0.1549970E-01 -0.1012322E-05
  0.2995650000000E+03  0.9330005E+00  0.3791230E-04 -0.4690527E-03 -0.7796023E-06  0.1549866E-01 -0.1039922E-05
  0.3005650000000E+03  0.9330382E+00  0.3773831E-04 -0.4698272E-03 -0.7745753E-06  0.1549762E-01 -0.1032571E-05
  0.3015650000000E+03  0.9330758E+00  0.3756600E-04 -0.4705969E-03 -0.7696558E-06  0.1549660E-01 -0.1025337E-05
  0.3025650000000E+03  0.9331132E+00  0.3739522E-04 -0.4713617E-03 -0.7647872E-06  0.1549558E-01 -0.1018180E-05
  0.3035650000000E+03  0.9331504E+00  0.3722597E-04 -0.4721216E-03 -0.7599686E-06  0.1549457E-01 -0.1011097E-05
  0.3045650000000E+03  0.9331874E+00  0.3705821E-04 -0.4728768E-03 -0.7551994E-06  0.1549356E-01 -0.1004088E-05
  0.3055983333333E+03  0.9332243E+00  0.3570187E-04 -0.4736273E-03 -0.7262696E-06  0.1549257E-01 -0.9649849E-06
  0.3066316666667E+03  0.9332623E+00  0.3672426E-04 -0.4743978E-03 -0.7456763E-06  0.1549154E-01 -0.9901340E-06
  0.3076650000000E+03  0.9333001E+00  0.3655538E-04 -0.4751634E-03 -0.7408484E-06  0.1549053E-01 -0.9830786E-06
  0.3086983333333E+03  0.9333377E+00  0.3638812E-04 -0.4759240E-03 -0.7361206E-06  0.1548952E-01 -0.9761332E-06
  0.3097316666667E+03  0.9333751E+00  0.3622236E-04 -0.4766799E-03 -0.7314413E-06  0.1548852E-01 -0.9692602E-06
  0.3107650000000E+03  0.9334124E+00  0.3605808E-04 -0.4774309E-03 -0.7268097E-06  0.1548752E-01 -0.9624585E-06
  0.3117983333333E+03  0.9334494E+00  0.3589525E-04 -0.4781772E-03 -0.7222251E-06  0.1548654E-01 -0.9557268E-06
  0.3128650000000E+03  0.9334864E+00  0.3461718E-04 -0.4789188E-03 -0.6952591E-06  0.1548555E-01 -0.9194058E-06
  0.3139316666667E+03  0.9335243E+00  0.3557121E-04 -0.4796794E-03 -0.7130749E-06  0.1548455E-01 -0.9423290E-06
  0.3149983333333E+03  0.9335621E+00  0.3540746E-04 -0.4804351E-03 -0.7084403E-06  0.1548355E-01 -0.9355597E-06
  0.3160650000000E+03  0.9335997E+00  0.3524529E-04 -0.4811859E-03 -0.7038986E-06  0.1548256E-01 -0.9288937E-06
  0.3171316666667E+03  0.9336371E+00  0.3508457E-04 -0.4819320E-03 -0.6994032E-06  0.1548158E-01 -0.9222965E-06
  0.3181983333333E+03  0.9336744E+00  0.3492529E-04 -0.4826732E-03 -0.6949532E-06  0.1548060E-01 -0.9157671E-06
  0.3192983333333E+03  0.9337114E+00  0.3371386E-04 -0.4834098E-03 -0.6696224E-06  0.1547963E-01 -0.8817497E-06
  0.3203983333333E+03  0.9337495E+00  0.3460840E-04 -0.4841645E-03 -0.6860762E-06  0.1547864E-01 -0.9027762E-06
  0.3214983333333E+03  0.9337874E+00  0.3444839E-04 -0.4849143E-03 -0.6815841E-06  0.1547765E-01 -0.8962177E-06
  0.3225983333333E+03  0.9338251E+00  0.3428993E-04 -0.4856591E-03 -0.6771797E-06  0.1547667E-01 -0.8897574E-06
  0.3236983333333E+03  0.9338627E+00  0.3413289E-04 -0.4863993E-03 -0.6728200E-06  0.1547570E-01 -0.8833636E-06
  0.3247983333333E+03  0.9339000E+00  0.3397726E-04 -0.4871346E-03 -0.6685043E-06  0.1547474E-01 -0.8770352E-06
  0.3259316666667E+03  0.9339372E+00  0.3282822E-04 -0.4878653E-03 -0.6446957E-06  0.1547378E-01 -0.8451605E-06
  0.3270650000000E+03  0.9339754E+00  0.3366772E-04 -0.4886131E-03 -0.6598992E-06  0.1547280E-01 -0.8644486E-06
  0.3281983333333E+03  0.9340134E+00  0.3351155E-04 -0.4893561E-03 -0.6555486E-06  0.1547183E-01 -0.8580989E-06
  0.3293316666667E+03  0.9340512E+00  0.3335688E-04 -0.4900942E-03 -0.6512805E-06  0.1547086E-01 -0.8518425E-06
  0.3304650000000E+03  0.9340888E+00  0.3320361E-04 -0.4908275E-03 -0.6470557E-06  0.1546990E-01 -0.8456504E-06
  0.3315983333333E+03  0.9341263E+00  0.3305172E-04 -0.4915561E-03 -0.6428735E-06  0.1546895E-01 -0.8395215E-06
  0.3327650000000E+03  0.9341636E+00  0.3196115E-04 -0.4922800E-03 -0.6204836E-06  0.1546801E-01 -0.8096418E-06
  0.3339316666667E+03  0.9342018E+00  0.3274970E-04 -0.4930203E-03 -0.6345383E-06  0.1546704E-01 -0.8273353E-06
  0.3350983333333E+03  0.9342398E+00  0.3259742E-04 -0.4937557E-03 -0.6303279E-06  0.1546608E-01 -0.8211921E-06
  0.3362650000000E+03  0.9342777E+00  0.3244662E-04 -0.4944863E-03 -0.6261950E-06  0.1546513E-01 -0.8151375E-06
  0.3374316666667E+03  0.9343153E+00  0.3229718E-04 -0.4952121E-03 -0.6221040E-06  0.1546419E-01 -0.8091448E-06
  0.3386316666667E+03  0.9343528E+00  0.3125606E-04 -0.4959331E-03 -0.6008860E-06  0.1546325E-01 -0.7809017E-06
  0.3398316666667E+03  0.9343912E+00  0.3200013E-04 -0.4966699E-03 -0.6139548E-06  0.1546229E-01 -0.7972341E-06
  0.3410316666667E+03  0.9344295E+00  0.3185047E-04 -0.4974017E-03 -0.6098419E-06  0.1546134E-01 -0.7912344E-06
  0.3422316666667E+03  0.9344675E+00  0.3170226E-04 -0.4981286E-03 -0.6058030E-06  0.1546040E-01 -0.7853199E-06
  0.3434316666667E+03  0.9345054E+00  0.3155540E-04 -0.4988508E-03 -0.6018052E-06  0.1545947E-01 -0.7794661E-06
  0.3446316666667E+03  0.9345431E+00  0.3140987E-04 -0.4995682E-03 -0.5978478E-06  0.1545854E-01 -0.7736722E-06
  0.3458650000000E+03  0.9345806E+00  0.3042063E-04 -0.5002809E-03 -0.5778781E-06  0.1545762E-01 -0.7471822E-06
  0.3470983333333E+03  0.9346190E+00  0.3112066E-04 -0.5010086E-03 -0.5899683E-06  0.1545668E-01 -0.7621601E-06
  0.3483316666667E+03  0.9346572E+00  0.3097503E-04 -0.5017313E-03 -0.5859947E-06  0.1545574E-01 -0.7563651E-06
  0.3495650000000E+03  0.9346952E+00  0.3083081E-04 -0.5024492E-03 -0.5820906E-06  0.1545482E-01 -0.7506508E-06
  0.3507983333333E+03  0.9347330E+00  0.3068791E-04 -0.5031624E-03 -0.5782262E-06  0.1545390E-01 -0.7449951E-06
  0.3520650000000E+03  0.9347707E+00  0.2974246E-04 -0.5038708E-03 -0.5592851E-06  0.1545299E-01 -0.7199395E-06
  0.3533316666667E+03  0.9348092E+00  0.3040401E-04 -0.5045935E-03 -0.5705356E-06  0.1545206E-01 -0.7337618E-06
  0.3545983333333E+03  0.9348476E+00  0.3026114E-04 -0.5053112E-03 -0.5666603E-06  0.1545114E-01 -0.7281111E-06
  0.3558650000000E+03  0.9348857E+00  0.3011966E-04 -0.5060242E-03 -0.5628515E-06  0.1545022E-01 -0.7225381E-06
  0.3571316666667E+03  0.9349237E+00  0.2997948E-04 -0.5067323E-03 -0.5590816E-06  0.1544931E-01 -0.7170225E-06
  0.3584316666667E+03  0.9349615E+00  0.2907544E-04 -0.5074358E-03 -0.5411102E-06  0.1544841E-01 -0.6933183E-06
  0.3597316666667E+03  0.9350001E+00  0.2970105E-04 -0.5081528E-03 -0.5515824E-06  0.1544749E-01 -0.7060713E-06
  0.3610316666667E+03  0.9350385E+00  0.2956102E-04 -0.5088650E-03 -0.5478065E-06  0.1544658E-01 -0.7005663E-06
  0.3623316666667E+03  0.9350768E+00  0.2942236E-04 -0.5095723E-03 -0.5440940E-06  0.1544568E-01 -0.6951360E-06
  0.3636316666667E+03  0.9351148E+00  0.2928497E-04 -0.5102749E-03 -0.5404197E-06  0.1544478E-01 -0.6897620E-06
  0.3649650000000E+03  0.9351527E+00  0.2842012E-04 -0.5109727E-03 -0.5233632E-06  0.1544389E-01 -0.6673322E-06
  0.3662983333333E+03  0.9351914E+00  0.2901215E-04 -0.5116835E-03 -0.5331139E-06  0.1544299E-01 -0.6790954E-06
  0.3676316666667E+03  0.9352299E+00  0.2887501E-04 -0.5123894E-03 -0.5294382E-06  0.1544209E-01 -0.6737371E-06
  0.3689650000000E+03  0.9352682E+00  0.2873922E-04 -0.5130905E-03 -0.5258229E-06  0.1544120E-01 -0.6684507E-06
  0.3702983333333E+03  0.9353064E+00  0.2860468E-04 -0.5137868E-03 -0.5222450E-06  0.1544031E-01 -0.6632192E-06
  0.3716650000000E+03  0.9353443E+00  0.2777696E-04 -0.5144784E-03 -0.5060525E-06  0.1543944E-01 -0.6419922E-06
  0.3730316666667E+03  0.9353831E+00  0.2833758E-04 -0.5151825E-03 -0.5151341E-06  0.1543854E-01 -0.6528393E-06
  0.3743983333333E+03  0.9354216E+00  0.2820339E-04 -0.5158816E-03 -0.5115590E-06  0.1543766E-01 -0.6476283E-06
  0.3757650000000E+03  0.9354600E+00  0.2807051E-04 -0.5165759E-03 -0.5080417E-06  0.1543678E-01 -0.6424865E-06
  0.3771650000000E+03  0.9354982E+00  0.2727366E-04 -0.5172655E-03 -0.4925474E-06  0.1543591E-01 -0.6222223E-06
  0.3785650000000E+03  0.9355371E+00  0.2780678E-04 -0.5179670E-03 -0.5010544E-06  0.1543502E-01 -0.6322883E-06
  0.3799650000000E+03  0.9355758E+00  0.2767435E-04 -0.5186635E-03 -0.4975441E-06  0.1543415E-01 -0.6271720E-06
  0.3813650000000E+03  0.9356144E+00  0.2754324E-04 -0.5193552E-03 -0.4940897E-06  0.1543328E-01 -0.6221231E-06
  0.3827650000000E+03  0.9356528E+00  0.2741334E-04 -0.5200422E-03 -0.4906715E-06  0.1543241E-01 -0.6171276E-06
  0.3841983333333E+03  0.9356910E+00  0.2665013E-04 -0.5207244E-03 -0.4759566E-06  0.1543155E-01 -0.5979478E-06
  0.3856316666667E+03  0.9357299E+00  0.2715557E-04 -0.5214180E-03 -0.4838840E-06  0.1543068E-01 -0.6072230E-06
  0.3870650000000E+03  0.9357686E+00  0.2702620E-04 -0.5221066E-03 -0.4804764E-06  0.1542982E-01 -0.6022569E-06
  0.3884983333333E+03  0.9358072E+00  0.2689811E-04 -0.5227905E-03 -0.4771221E-06  0.1542896E-01 -0.5973557E-06
  0.3899650000000E+03  0.9358456E+00  0.2616277E-04 -0.5234696E-03 -0.4630348E-06  0.1542811E-01 -0.5790406E-06
  0.3914316666667E+03  0.9358846E+00  0.2664397E-04 -0.5241596E-03 -0.4704644E-06  0.1542725E-01 -0.5876418E-06
  0.3928983333333E+03  0.9359235E+00  0.2651648E-04 -0.5248448E-03 -0.4671243E-06  0.1542640E-01 -0.5827744E-06
  0.3943650000000E+03  0.9359622E+00  0.2639026E-04 -0.5255251E-03 -0.4638357E-06  0.1542555E-01 -0.5779704E-06
  0.3958316666667E+03  0.9360008E+00  0.2626523E-04 -0.5262006E-03 -0.4605822E-06  0.1542471E-01 -0.5732179E-06
  0.3973316666667E+03  0.9360391E+00  0.2556044E-04 -0.5268714E-03 -0.4471995E-06  0.1542388E-01 -0.5558825E-06
  0.3988316666667E+03  0.9360781E+00  0.2601720E-04 -0.5275526E-03 -0.4541272E-06  0.1542303E-01 -0.5638016E-06
  0.4003316666667E+03  0.9361170E+00  0.2589282E-04 -0.5282289E-03 -0.4508907E-06  0.1542219E-01 -0.5590861E-06
  0.4018316666667E+03  0.9361556E+00  0.2576969E-04 -0.5289005E-03 -0.4477035E-06  0.1542136E-01 -0.5544315E-06
  0.4033650000000E+03  0.9361941E+00  0.2509015E-04 -0.5295673E-03 -0.4348863E-06  0.1542054E-01 -0.5378744E-06
  0.4048983333333E+03  0.9362332E+00  0.2552547E-04 -0.5302441E-03 -0.4413827E-06  0.1541970E-01 -0.5452125E-06
  0.4064316666667E+03  0.9362722E+00  0.2540306E-04 -0.5309160E-03 -0.4382156E-06  0.1541887E-01 -0.5405984E-06
  0.4079650000000E+03  0.9363109E+00  0.2528188E-04 -0.5315832E-03 -0.4350962E-06  0.1541805E-01 -0.5360439E-06
  0.4095316666667E+03  0.9363495E+00  0.2462648E-04 -0.5322456E-03 -0.4228188E-06  0.1541723E-01 -0.5202297E-06
  0.4110983333333E+03  0.9363888E+00  0.2504158E-04 -0.5329175E-03 -0.4289123E-06  0.1541641E-01 -0.5270263E-06
  0.4126650000000E+03  0.9364278E+00  0.2492119E-04 -0.5335846E-03 -0.4258158E-06  0.1541559E-01 -0.5225157E-06
  0.4142316666667E+03  0.9364667E+00  0.2480200E-04 -0.5342470E-03 -0.4227654E-06  0.1541478E-01 -0.5180631E-06
  0.4158316666667E+03  0.9365053E+00  0.2416970E-04 -0.5349046E-03 -0.4110036E-06  0.1541397E-01 -0.5029584E-06
  0.4174316666667E+03  0.9365446E+00  0.2456571E-04 -0.5355713E-03 -0.4167208E-06  0.1541316E-01 -0.5092504E-06
  0.4190316666667E+03  0.9365837E+00  0.2444737E-04 -0.5362332E-03 -0.4136958E-06  0.1541235E-01 -0.5048447E-06
  0.4206316666667E+03  0.9366227E+00  0.2433022E-04 -0.5368904E-03 -0.4107155E-06  0.1541155E-01 -0.5004957E-06
  0.4222650000000E+03  0.9366614E+00  0.2372001E-04 -0.5375428E-03 -0.3994463E-06  0.1541076E-01 -0.4860687E-06
  0.4238983333333E+03  0.9367008E+00  0.2409799E-04 -0.5382040E-03 -0.4048121E-06  0.1540995E-01 -0.4918909E-06
  0.4255316666667E+03  0.9367399E+00  0.2398174E-04 -0.5388604E-03 -0.4018595E-06  0.1540916E-01 -0.4875915E-06
  0.4271650000000E+03  0.9367789E+00  0.2386665E-04 -0.5395120E-03 -0.3989501E-06  0.1540837E-01 -0.4833474E-06
  0.4288316666667E+03  0.9368177E+00  0.2327762E-04 -0.5401589E-03 -0.3881517E-06  0.1540758E-01 -0.4695680E-06
  0.4304983333333E+03  0.9368571E+00  0.2363856E-04 -0.5408142E-03 -0.3931893E-06  0.1540679E-01 -0.4749529E-06
  0.4321650000000E+03  0.9368963E+00  0.2352442E-04 -0.5414648E-03 -0.3903097E-06  0.1540601E-01 -0.4707607E-06
  0.4338650000000E+03  0.9369353E+00  0.2295238E-04 -0.5421105E-03 -0.3798745E-06  0.1540523E-01 -0.4574731E-06
  0.4355650000000E+03  0.9369750E+00  0.2329834E-04 -0.5427644E-03 -0.3846289E-06  0.1540444E-01 -0.4624845E-06
  0.4372650000000E+03  0.9370144E+00  0.2318524E-04 -0.5434135E-03 -0.3817909E-06  0.1540366E-01 -0.4583537E-06
  0.4389650000000E+03  0.9370536E+00  0.2307330E-04 -0.5440577E-03 -0.3789941E-06  0.1540289E-01 -0.4542764E-06
  0.4406983333333E+03  0.9370926E+00  0.2252085E-04 -0.5446973E-03 -0.3689939E-06  0.1540213E-01 -0.4415873E-06
  0.4424316666667E+03  0.9371322E+00  0.2285150E-04 -0.5453447E-03 -0.3734603E-06  0.1540135E-01 -0.4462170E-06
  0.4441650000000E+03  0.9371717E+00  0.2274059E-04 -0.5459872E-03 -0.3706971E-06  0.1540059E-01 -0.4421965E-06
  0.4458983333333E+03  0.9372109E+00  0.2263080E-04 -0.5466250E-03 -0.3679738E-06  0.1539983E-01 -0.4382281E-06
  0.4476650000000E+03  0.9372499E+00  0.2209712E-04 -0.5472582E-03 -0.3583896E-06  0.1539907E-01 -0.4261112E-06
  0.4494316666667E+03  0.9372895E+00  0.2241330E-04 -0.5478988E-03 -0.3625872E-06  0.1539831E-01 -0.4303864E-06
  0.4511983333333E+03  0.9373289E+00  0.2230457E-04 -0.5485346E-03 -0.3598989E-06  0.1539756E-01 -0.4264764E-06
  0.4529983333333E+03  0.9373681E+00  0.2178589E-04 -0.5491657E-03 -0.3506335E-06  0.1539681E-01 -0.4147908E-06
  0.4547983333333E+03  0.9374079E+00  0.2208930E-04 -0.5498040E-03 -0.3545983E-06  0.1539606E-01 -0.4187623E-06
  0.4565983333333E+03  0.9374475E+00  0.2198172E-04 -0.5504375E-03 -0.3519544E-06  0.1539531E-01 -0.4149179E-06
  0.4584316666667E+03  0.9374868E+00  0.2147750E-04 -0.5510663E-03 -0.3429966E-06  0.1539457E-01 -0.4036487E-06
  0.4602650000000E+03  0.9375267E+00  0.2176876E-04 -0.5517020E-03 -0.3467423E-06  0.1539383E-01 -0.4073353E-06
  0.4620983333333E+03  0.9375665E+00  0.2166237E-04 -0.5523330E-03 -0.3441438E-06  0.1539309E-01 -0.4035582E-06
  0.4639316666667E+03  0.9376060E+00  0.2155708E-04 -0.5529592E-03 -0.3415825E-06  0.1539235E-01 -0.3998307E-06
  0.4657983333333E+03  0.9376453E+00  0.2106972E-04 -0.5535808E-03 -0.3329969E-06  0.1539163E-01 -0.3890738E-06
  0.4676650000000E+03  0.9376852E+00  0.2134857E-04 -0.5542090E-03 -0.3365214E-06  0.1539089E-01 -0.3924720E-06
  0.4695316666667E+03  0.9377248E+00  0.2124442E-04 -0.5548324E-03 -0.3339993E-06  0.1539017E-01 -0.3888080E-06
  0.4714316666667E+03  0.9377643E+00  0.2077045E-04 -0.5554513E-03 -0.3256972E-06  0.1538945E-01 -0.3784346E-06
  0.4733316666667E+03  0.9378043E+00  0.2103832E-04 -0.5560764E-03 -0.3290292E-06  0.1538872E-01 -0.3815847E-06
  0.4752316666667E+03  0.9378440E+00  0.2093541E-04 -0.5566969E-03 -0.3265536E-06  0.1538801E-01 -0.3779898E-06
  0.4771650000000E+03  0.9378836E+00  0.2047437E-04 -0.5573127E-03 -0.3185252E-06  0.1538730E-01 -0.3679867E-06
  0.4790983333333E+03  0.9379237E+00  0.2073179E-04 -0.5579346E-03 -0.3216760E-06  0.1538658E-01 -0.3709045E-06
  0.4810316666667E+03  0.9379636E+00  0.2063014E-04 -0.5585518E-03 -0.3192477E-06  0.1538587E-01 -0.3673798E-06
  0.4829983333333E+03  0.9380033E+00  0.2018159E-04 -0.5591644E-03 -0.3114835E-06  0.1538516E-01 -0.3577343E-06
  0.4849650000000E+03  0.9380435E+00  0.2042904E-04 -0.5597828E-03 -0.3144640E-06  0.1538446E-01 -0.3604345E-06
  0.4869316666667E+03  0.9380834E+00  0.2032868E-04 -0.5603966E-03 -0.3120834E-06  0.1538375E-01 -0.3569811E-06
  0.4889316666667E+03  0.9381232E+00  0.1989221E-04 -0.5610057E-03 -0.3045745E-06  0.1538306E-01 -0.3476811E-06
  0.4909316666667E+03  0.9381635E+00  0.2013015E-04 -0.5616205E-03 -0.3073948E-06  0.1538236E-01 -0.3501778E-06
  0.4929316666667E+03  0.9382035E+00  0.2003110E-04 -0.5622307E-03 -0.3050625E-06  0.1538166E-01 -0.3467963E-06
  0.4949650000000E+03  0.9382434E+00  0.1960632E-04 -0.5628362E-03 -0.2978002E-06  0.1538098E-01 -0.3378300E-06
  0.4969983333333E+03  0.9382837E+00  0.1983519E-04 -0.5634471E-03 -0.3004698E-06  0.1538029E-01 -0.3401364E-06
  0.4990316666667E+03  0.9383239E+00  0.1973747E-04 -0.5640534E-03 -0.2981863E-06  0.1537960E-01 -0.3368275E-06
  0.5010983333333E+03  0.9383638E+00  0.1932398E-04 -0.5646552E-03 -0.2911621E-06  0.1537892E-01 -0.3281836E-06
  0.5031650000000E+03  0.9384042E+00  0.1954420E-04 -0.5652621E-03 -0.2936902E-06  0.1537824E-01 -0.3303121E-06
  0.5052316666667E+03  0.9384444E+00  0.1944782E-04 -0.5658645E-03 -0.2914555E-06  0.1537756E-01 -0.3270763E-06
  0.5073316666667E+03  0.9384844E+00  0.1904527E-04 -0.5664623E-03 -0.2846615E-06  0.1537689E-01 -0.3187438E-06
  0.5094316666667E+03  0.9385248E+00  0.1925723E-04 -0.5670651E-03 -0.2870565E-06  0.1537622E-01 -0.3207062E-06
  0.5115316666667E+03  0.9385651E+00  0.1916221E-04 -0.5676633E-03 -0.2848710E-06  0.1537555E-01 -0.3175438E-06
  0.5136650000000E+03  0.9386051E+00  0.1877024E-04 -0.5682570E-03 -0.2782992E-06  0.1537489E-01 -0.3095121E-06
  0.5157983333333E+03  0.9386456E+00  0.1897431E-04 -0.5688556E-03 -0.2805692E-06  0.1537423E-01 -0.3113195E-06
  0.5179650000000E+03  0.9386859E+00  0.1859018E-04 -0.5694496E-03 -0.2741492E-06  0.1537357E-01 -0.3034885E-06
  0.5201316666667E+03  0.9387266E+00  0.1878721E-04 -0.5700482E-03 -0.2763072E-06  0.1537291E-01 -0.3051581E-06
  0.5222983333333E+03  0.9387671E+00  0.1869400E-04 -0.5706423E-03 -0.2741930E-06  0.1537226E-01 -0.3021029E-06
  0.5244983333333E+03  0.9388074E+00  0.1831993E-04 -0.5712319E-03 -0.2679862E-06  0.1537161E-01 -0.2945588E-06
  0.5266983333333E+03  0.9388481E+00  0.1850973E-04 -0.5718260E-03 -0.2700332E-06  0.1537096E-01 -0.2960925E-06
  0.5288983333333E+03  0.9388886E+00  0.1841792E-04 -0.5724155E-03 -0.2679688E-06  0.1537031E-01 -0.2931118E-06
  0.5311316666667E+03  0.9389289E+00  0.1805354E-04 -0.5730005E-03 -0.2619648E-06  0.1536967E-01 -0.2858423E-06
  0.5333650000000E+03  0.9389697E+00  0.1823643E-04 -0.5735899E-03 -0.2639075E-06  0.1536903E-01 -0.2872493E-06
  0.5356316666667E+03  0.9390102E+00  0.1787917E-04 -0.5741748E-03 -0.2580413E-06  0.1536840E-01 -0.2801614E-06
  0.5378983333333E+03  0.9390511E+00  0.1805587E-04 -0.5747639E-03 -0.2598892E-06  0.1536776E-01 -0.2814541E-06
  0.5401650000000E+03  0.9390918E+00  0.1796597E-04 -0.5753485E-03 -0.2578977E-06  0.1536713E-01 -0.2785833E-06
  0.5424650000000E+03  0.9391324E+00  0.1761793E-04 -0.5759286E-03 -0.2522258E-06  0.1536650E-01 -0.2717572E-06
  0.5447650000000E+03  0.9391733E+00  0.1778829E-04 -0.5765128E-03 -0.2539812E-06  0.1536588E-01 -0.2729393E-06
  0.5470650000000E+03  0.9392140E+00  0.1769982E-04 -0.5770924E-03 -0.2520395E-06  0.1536525E-01 -0.2701431E-06
  0.5493983333333E+03  0.9392545E+00  0.1736068E-04 -0.5776677E-03 -0.2465525E-06  0.1536464E-01 -0.2635674E-06
  0.5517316666667E+03  0.9392954E+00  0.1752497E-04 -0.5782469E-03 -0.2482212E-06  0.1536402E-01 -0.2646467E-06
  0.5540983333333E+03  0.9393361E+00  0.1719232E-04 -0.5788217E-03 -0.2428592E-06  0.1536341E-01 -0.2582353E-06
  0.5564650000000E+03  0.9393771E+00  0.1735114E-04 -0.5794002E-03 -0.2444478E-06  0.1536280E-01 -0.2592201E-06
  0.5588316666667E+03  0.9394180E+00  0.1726464E-04 -0.5799743E-03 -0.2425793E-06  0.1536219E-01 -0.2565344E-06
  0.5612316666667E+03  0.9394587E+00  0.1694046E-04 -0.5805441E-03 -0.2373941E-06  0.1536159E-01 -0.2503616E-06
  0.5636316666667E+03  0.9394997E+00  0.1709372E-04 -0.5811174E-03 -0.2389059E-06  0.1536099E-01 -0.2512571E-06
  0.5660316666667E+03  0.9395405E+00  0.1700865E-04 -0.5816864E-03 -0.2370862E-06  0.1536039E-01 -0.2486448E-06
  0.5684650000000E+03  0.9395811E+00  0.1669265E-04 -0.5822511E-03 -0.2320696E-06  0.1535980E-01 -0.2427000E-06
  0.5708983333333E+03  0.9396221E+00  0.1684057E-04 -0.5828194E-03 -0.2335093E-06  0.1535921E-01 -0.2435126E-06
  0.5733650000000E+03  0.9396629E+00  0.1653048E-04 -0.5833832E-03 -0.2286062E-06  0.1535862E-01 -0.2377164E-06
  0.5758316666667E+03  0.9397040E+00  0.1667357E-04 -0.5839505E-03 -0.2299782E-06  0.1535803E-01 -0.2384512E-06
  0.5782983333333E+03  0.9397449E+00  0.1659051E-04 -0.5845135E-03 -0.2282308E-06  0.1535745E-01 -0.2359481E-06
  0.5807983333333E+03  0.9397856E+00  0.1628822E-04 -0.5850722E-03 -0.2234886E-06  0.1535687E-01 -0.2303691E-06
  0.5832983333333E+03  0.9398267E+00  0.1642641E-04 -0.5856342E-03 -0.2247967E-06  0.1535630E-01 -0.2310322E-06
  0.5858316666667E+03  0.9398676E+00  0.1612971E-04 -0.5861919E-03 -0.2201613E-06  0.1535572E-01 -0.2255926E-06
  0.5883650000000E+03  0.9399088E+00  0.1626343E-04 -0.5867529E-03 -0.2214087E-06  0.1535515E-01 -0.2261871E-06
  0.5908983333333E+03  0.9399498E+00  0.1618239E-04 -0.5873095E-03 -0.2197329E-06  0.1535458E-01 -0.2237922E-06
  0.5934650000000E+03  0.9399906E+00  0.1589310E-04 -0.5878620E-03 -0.2152491E-06  0.1535402E-01 -0.2185576E-06
  0.5960316666667E+03  0.9400317E+00  0.1602230E-04 -0.5884175E-03 -0.2164400E-06  0.1535346E-01 -0.2190903E-06
  0.5986316666667E+03  0.9400726E+00  0.1573829E-04 -0.5889689E-03 -0.2120568E-06  0.1535290E-01 -0.2139865E-06
  0.6012316666667E+03  0.9401139E+00  0.1586337E-04 -0.5895232E-03 -0.2131933E-06  0.1535235E-01 -0.2144589E-06
  0.6038650000000E+03  0.9401549E+00  0.1558456E-04 -0.5900733E-03 -0.2089095E-06  0.1535180E-01 -0.2094849E-06
  0.6064983333333E+03  0.9401963E+00  0.1570566E-04 -0.5906263E-03 -0.2099943E-06  0.1535124E-01 -0.2099005E-06
  0.6091316666667E+03  0.9402374E+00  0.1562728E-04 -0.5911751E-03 -0.2084128E-06  0.1535070E-01 -0.2076489E-06
  0.6117983333333E+03  0.9402783E+00  0.1535536E-04 -0.5917198E-03 -0.2042687E-06  0.1535015E-01 -0.2028637E-06
  0.6144650000000E+03  0.9403196E+00  0.1547245E-04 -0.5922673E-03 -0.2053063E-06  0.1534961E-01 -0.2032301E-06
  0.6171650000000E+03  0.9403607E+00  0.1520542E-04 -0.5928107E-03 -0.2012545E-06  0.1534908E-01 -0.1985647E-06
  0.6198650000000E+03  0.9404020E+00  0.1531884E-04 -0.5933567E-03 -0.2022456E-06  0.1534854E-01 -0.1988812E-06
  0.6225983333333E+03  0.9404432E+00  0.1505662E-04 -0.5938987E-03 -0.1982851E-06  0.1534801E-01 -0.1943347E-06
  0.6253316666667E+03  0.9404846E+00  0.1516648E-04 -0.5944433E-03 -0.1992321E-06  0.1534748E-01 -0.1946044E-06
  0.6280650000000E+03  0.9405259E+00  0.1509078E-04 -0.5949838E-03 -0.1977430E-06  0.1534695E-01 -0.1924931E-06
  0.6308316666667E+03  0.9405669E+00  0.1483498E-04 -0.5955203E-03 -0.1939108E-06  0.1534643E-01 -0.1881203E-06
  0.6335983333333E+03  0.9406083E+00  0.1494129E-04 -0.5960593E-03 -0.1948186E-06  0.1534591E-01 -0.1883512E-06
  0.6363983333333E+03  0.9406494E+00  0.1469001E-04 -0.5965943E-03 -0.1910711E-06  0.1534539E-01 -0.1840878E-06
  0.6391983333333E+03  0.9406908E+00  0.1479302E-04 -0.5971317E-03 -0.1919391E-06  0.1534488E-01 -0.1842777E-06
  0.6420316666667E+03  0.9407320E+00  0.1454620E-04 -0.5976651E-03 -0.1882752E-06  0.1534437E-01 -0.1801230E-06
  0.6448650000000E+03  0.9407735E+00  0.1464604E-04 -0.5982009E-03 -0.1891055E-06  0.1534386E-01 -0.1802743E-06
  0.6477316666667E+03  0.9408148E+00  0.1440359E-04 -0.5987328E-03 -0.1855232E-06  0.1534335E-01 -0.1762258E-06
  0.6505983333333E+03  0.9408564E+00  0.1450036E-04 -0.5992669E-03 -0.1863175E-06  0.1534285E-01 -0.1763410E-06
  0.6534983333333E+03  0.9408977E+00  0.1426217E-04 -0.5997971E-03 -0.1828149E-06  0.1534235E-01 -0.1723959E-06
  0.6563983333333E+03  0.9409394E+00  0.1435599E-04 -0.6003294E-03 -0.1835750E-06  0.1534185E-01 -0.1724773E-06
  0.6593316666667E+03  0.9409808E+00  0.1412198E-04 -0.6008579E-03 -0.1801501E-06  0.1534135E-01 -0.1686332E-06
  0.6622650000000E+03  0.9410225E+00  0.1421294E-04 -0.6013884E-03 -0.1808777E-06  0.1534086E-01 -0.1686828E-06
  0.6652316666667E+03  0.9410640E+00  0.1398301E-04 -0.6019151E-03 -0.1775285E-06  0.1534037E-01 -0.1649371E-06
  0.6681983333333E+03  0.9411057E+00  0.1407121E-04 -0.6024438E-03 -0.1782252E-06  0.1533988E-01 -0.1649570E-06
  0.6711983333333E+03  0.9411473E+00  0.1384529E-04 -0.6029687E-03 -0.1749500E-06  0.1533939E-01 -0.1613074E-06
  0.6741983333333E+03  0.9411891E+00  0.1393082E-04 -0.6034955E-03 -0.1756172E-06  0.1533891E-01 -0.1612995E-06
  0.6772316666667E+03  0.9412306E+00  0.1370881E-04 -0.6040185E-03 -0.1724141E-06  0.1533843E-01 -0.1577434E-06
  0.6802650000000E+03  0.9412725E+00  0.1379178E-04 -0.6045435E-03 -0.1730533E-06  0.1533795E-01 -0.1577095E-06
  0.6833316666667E+03  0.9413141E+00  0.1357360E-04 -0.6050645E-03 -0.1699206E-06  0.1533748E-01 -0.1542447E-06
  0.6863983333333E+03  0.9413560E+00  0.1365409E-04 -0.6055875E-03 -0.1705331E-06  0.1533701E-01 -0.1541864E-06
  0.6894983333333E+03  0.9413976E+00  0.1343966E-04 -0.6061067E-03 -0.1674689E-06  0.1533654E-01 -0.1508106E-06
  0.6925983333333E+03  0.9414395E+00  0.1351774E-04 -0.6066276E-03 -0.1680560E-06  0.1533607E-01 -0.1507296E-06
  0.6957316666667E+03  0.9414812E+00  0.1330700E-04 -0.6071448E-03 -0.1650587E-06  0.1533561E-01 -0.1474405E-06
  0.6988650000000E+03  0.9415232E+00  0.1338276E-04 -0.6076638E-03 -0.1656215E-06  0.1533515E-01 -0.1473382E-06
  0.7020316666667E+03  0.9415649E+00  0.1317561E-04 -0.6081790E-03 -0.1626894E-06  0.1533469E-01 -0.1441335E-06
  0.7051983333333E+03  0.9416068E+00  0.1324913E-04 -0.6086958E-03 -0.1632292E-06  0.1533424E-01 -0.1440115E-06
  0.7083983333333E+03  0.9416486E+00  0.1304551E-04 -0.6092090E-03 -0.1603607E-06  0.1533379E-01 -0.1408891E-06
  0.7115983333333E+03  0.9416906E+00  0.1311687E-04 -0.6097238E-03 -0.1608785E-06  0.1533333E-01 -0.1407486E-06
  0.7148316666667E+03  0.9417323E+00  0.1291669E-04 -0.6102349E-03 -0.1580719E-06  0.1533289E-01 -0.1377064E-06
  0.7180650000000E+03  0.9417743E+00  0.1298596E-04 -0.6107476E-03 -0.1585687E-06  0.1533244E-01 -0.1375486E-06
  0.7213316666667E+03  0.9418161E+00  0.1278917E-04 -0.6112566E-03 -0.1558226E-06  0.1533201E-01 -0.1345845E-06
  0.7245983333333E+03  0.9418581E+00  0.1285641E-04 -0.6117672E-03 -0.1562993E-06  0.1533157E-01 -0.1344107E-06
  0.7278983333333E+03  0.9418999E+00  0.1266293E-04 -0.6122741E-03 -0.1536121E-06  0.1533113E-01 -0.1315227E-06
  0.7311983333333E+03  0.9419419E+00  0.1272822E-04 -0.6127826E-03 -0.1540697E-06  0.1533070E-01 -0.1313338E-06
  0.7345316666667E+03  0.9419837E+00  0.1253799E-04 -0.6132874E-03 -0.1514400E-06  0.1533027E-01 -0.1285199E-06
  0.7378983333333E+03  0.9420257E+00  0.1247662E-04 -0.6137936E-03 -0.1503755E-06  0.1532984E-01 -0.1270467E-06
  0.7412650000000E+03  0.9420679E+00  0.1253813E-04 -0.6143013E-03 -0.1507927E-06  0.1532942E-01 -0.1268215E-06
  0.7446650000000E+03  0.9421099E+00  0.1235295E-04 -0.6148053E-03 -0.1482485E-06  0.1532899E-01 -0.1241142E-06
  0.7480650000000E+03  0.9421521E+00  0.1241272E-04 -0.6153108E-03 -0.1486494E-06  0.1532857E-01 -0.1238793E-06
  0.7514983333333E+03  0.9421941E+00  0.1223061E-04 -0.6158126E-03 -0.1461592E-06  0.1532816E-01 -0.1212415E-06
  0.7549316666667E+03  0.9422363E+00  0.1228867E-04 -0.6163157E-03 -0.1465442E-06  0.1532774E-01 -0.1209955E-06
  0.7583983333333E+03  0.9422783E+00  0.1210959E-04 -0.6168153E-03 -0.1441066E-06  0.1532733E-01 -0.1184255E-06
  0.7618983333333E+03  0.9423204E+00  0.1205012E-04 -0.6173161E-03 -0.1431004E-06  0.1532692E-01 -0.1170438E-06
  0.7653983333333E+03  0.9423628E+00  0.1210484E-04 -0.6178182E-03 -0.1434510E-06  0.1532651E-01 -0.1167685E-06
  0.7689316666667E+03  0.9424050E+00  0.1193044E-04 -0.6183167E-03 -0.1410915E-06  0.1532611E-01 -0.1142956E-06
  0.7724650000000E+03  0.9424473E+00  0.1198363E-04 -0.6188164E-03 -0.1414285E-06  0.1532571E-01 -0.1140138E-06
  0.7760316666667E+03  0.9424894E+00  0.1181211E-04 -0.6193126E-03 -0.1391185E-06  0.1532531E-01 -0.1116045E-06
  0.7795983333333E+03  0.9425317E+00  0.1186380E-04 -0.6198100E-03 -0.1394422E-06  0.1532491E-01 -0.1113146E-06
  0.7831983333333E+03  0.9425738E+00  0.1169509E-04 -0.6203038E-03 -0.1371803E-06  0.1532452E-01 -0.1089672E-06
  0.7868316666667E+03  0.9426161E+00  0.1163757E-04 -0.6207988E-03 -0.1362298E-06  0.1532413E-01 -0.1076730E-06
  0.7904650000000E+03  0.9426586E+00  0.1168630E-04 -0.6212948E-03 -0.1365240E-06  0.1532374E-01 -0.1073596E-06
  0.7941316666667E+03  0.9427008E+00  0.1152194E-04 -0.6217874E-03 -0.1343335E-06  0.1532335E-01 -0.1051006E-06
  0.7978316666667E+03  0.9427433E+00  0.1146510E-04 -0.6222810E-03 -0.1334035E-06  0.1532297E-01 -0.1038392E-06
  0.8015316666667E+03  0.9427858E+00  0.1151107E-04 -0.6227756E-03 -0.1336707E-06  0.1532258E-01 -0.1035069E-06
  0.8052650000000E+03  0.9428282E+00  0.1135092E-04 -0.6232667E-03 -0.1315488E-06  0.1532221E-01 -0.1013330E-06
  0.8089983333333E+03  0.9428708E+00  0.1139563E-04 -0.6237587E-03 -0.1318055E-06  0.1532183E-01 -0.1009978E-06
  0.8127650000000E+03  0.9429131E+00  0.1123809E-04 -0.6242474E-03 -0.1297272E-06  0.1532146E-01 -0.9887981E-07
  0.8165650000000E+03  0.9429556E+00  0.1118260E-04 -0.6247370E-03 -0.1288335E-06  0.1532108E-01 -0.9767572E-07
  0.8203650000000E+03  0.9429982E+00  0.1122476E-04 -0.6252274E-03 -0.1290658E-06  0.1532072E-01 -0.9732275E-07
  0.8241983333333E+03  0.9430407E+00  0.1107121E-04 -0.6257144E-03 -0.1270519E-06  0.1532035E-01 -0.9528434E-07
  0.8280650000000E+03  0.9430833E+00  0.1101644E-04 -0.6262023E-03 -0.1261778E-06  0.1531999E-01 -0.9411154E-07
  0.8319316666667E+03  0.9431260E+00  0.1105622E-04 -0.6266910E-03 -0.1263876E-06  0.1531962E-01 -0.9374482E-07
  0.8358316666667E+03  0.9431686E+00  0.1090655E-04 -0.6271763E-03 -0.1244356E-06  0.1531927E-01 -0.9178299E-07
  0.8397650000000E+03  0.9432113E+00  0.1085251E-04 -0.6276624E-03 -0.1235807E-06  0.1531891E-01 -0.9064095E-07
  0.8436983333333E+03  0.9432541E+00  0.1089004E-04 -0.6281492E-03 -0.1237696E-06  0.1531855E-01 -0.9026224E-07
  0.8476650000000E+03  0.9432967E+00  0.1074413E-04 -0.6286327E-03 -0.1218773E-06  0.1531820E-01 -0.8837408E-07
  0.8516650000000E+03  0.9433395E+00  0.1069082E-04 -0.6291168E-03 -0.1210412E-06  0.1531785E-01 -0.8726223E-07
  0.8556650000000E+03  0.9433824E+00  0.1072623E-04 -0.6296017E-03 -0.1212107E-06  0.1531751E-01 -0.8687314E-07
  0.8596983333333E+03  0.9434251E+00  0.1058397E-04 -0.6300832E-03 -0.1193758E-06  0.1531716E-01 -0.8505582E-07
  0.8637650000000E+03  0.9434679E+00  0.1053141E-04 -0.6305653E-03 -0.1185582E-06  0.1531682E-01 -0.8397358E-07
  0.8678316666667E+03  0.9435109E+00  0.1056482E-04 -0.6310481E-03 -0.1187095E-06  0.1531648E-01 -0.8357555E-07
  0.8719316666667E+03  0.9435536E+00  0.1042610E-04 -0.6315275E-03 -0.1169300E-06  0.1531615E-01 -0.8182637E-07
  0.8760650000000E+03  0.9435965E+00  0.1037429E-04 -0.6320075E-03 -0.1161305E-06  0.1531581E-01 -0.8077311E-07
  0.8801983333333E+03  0.9436395E+00  0.1040581E-04 -0.6324880E-03 -0.1162649E-06  0.1531548E-01 -0.8036747E-07
  0.8843650000000E+03  0.9436823E+00  0.1027052E-04 -0.6329653E-03 -0.1145387E-06  0.1531515E-01 -0.7868383E-07
  0.8885650000000E+03  0.9437252E+00  0.1021946E-04 -0.6334431E-03 -0.1137569E-06  0.1531483E-01 -0.7765892E-07
  0.8927983333333E+03  0.9437683E+00  0.1016850E-04 -0.6339213E-03 -0.1129788E-06  0.1531450E-01 -0.7663862E-07
  0.8970316666667E+03  0.9438114E+00  0.1019732E-04 -0.6344001E-03 -0.1130880E-06  0.1531418E-01 -0.7622042E-07
  0.9012983333333E+03  0.9438544E+00  0.1006653E-04 -0.6348755E-03 -0.1114301E-06  0.1531386E-01 -0.7461934E-07
  0.9055983333333E+03  0.9438974E+00  0.1001636E-04 -0.6353514E-03 -0.1106693E-06  0.1531354E-01 -0.7362873E-07
  0.9098983333333E+03  0.9439406E+00  0.1004354E-04 -0.6358277E-03 -0.1107643E-06  0.1531323E-01 -0.7320582E-07
  0.9142316666667E+03  0.9439836E+00  0.9915959E-05 -0.6363007E-03 -0.1091553E-06  0.1531292E-01 -0.7166475E-07
  0.9185983333333E+03  0.9440267E+00  0.9866552E-05 -0.6367741E-03 -0.1084114E-06  0.1531261E-01 -0.7070120E-07
  0.9229983333333E+03  0.9440699E+00  0.9817252E-05 -0.6372478E-03 -0.1076713E-06  0.1531230E-01 -0.6974216E-07
  0.9273983333333E+03  0.9441132E+00  0.9842081E-05 -0.6377219E-03 -0.1077448E-06  0.1531200E-01 -0.6931071E-07
  0.9318316666667E+03  0.9441563E+00  0.9718698E-05 -0.6381927E-03 -0.1061985E-06  0.1531170E-01 -0.6784514E-07
  0.9362983333333E+03  0.9441995E+00  0.9670193E-05 -0.6386638E-03 -0.1054747E-06  0.1531140E-01 -0.6691441E-07
  0.9407983333333E+03  0.9442428E+00  0.9621801E-05 -0.6391352E-03 -0.1047547E-06  0.1531110E-01 -0.6598813E-07
  0.9452983333333E+03  0.9442862E+00  0.9644462E-05 -0.6396069E-03 -0.1048089E-06  0.1531081E-01 -0.6555021E-07
  0.9498316666667E+03  0.9443293E+00  0.9525114E-05 -0.6400753E-03 -0.1033223E-06  0.1531052E-01 -0.6415650E-07
  0.9543983333333E+03  0.9443726E+00  0.9477522E-05 -0.6405439E-03 -0.1026181E-06  0.1531023E-01 -0.6325782E-07
  0.9589983333333E+03  0.9444160E+00  0.9430051E-05 -0.6410127E-03 -0.1019177E-06  0.1530994E-01 -0.6236353E-07
  0.9636316666667E+03  0.9444595E+00  0.9382723E-05 -0.6414817E-03 -0.1012208E-06  0.1530966E-01 -0.6147550E-07
  0.9682650000000E+03  0.9445030E+00  0.9402703E-05 -0.6419508E-03 -0.1012507E-06  0.1530937E-01 -0.6102969E-07
  0.9729316666667E+03  0.9445464E+00  0.9288221E-05 -0.6424167E-03 -0.9983496E-07  0.1530909E-01 -0.5972028E-07
  0.9776316666667E+03  0.9445898E+00  0.9241699E-05 -0.6428828E-03 -0.9915356E-07  0.1530882E-01 -0.5885908E-07
  0.9823650000000E+03  0.9446333E+00  0.9195307E-05 -0.6433489E-03 -0.9847584E-07  0.1530854E-01 -0.5800222E-07
  0.9871316666667E+03  0.9446770E+00  0.9149067E-05 -0.6438151E-03 -0.9780162E-07  0.1530827E-01 -0.5715154E-07
  0.9918983333333E+03  0.9447206E+00  0.9166636E-05 -0.6442813E-03 -0.9781016E-07  0.1530800E-01 -0.5670081E-07
  0.9966983333333E+03  0.9447641E+00  0.9056788E-05 -0.6447443E-03 -0.9646122E-07  0.1530773E-01 -0.5547081E-07
  0.1001531666667E+04  0.9448077E+00  0.9011356E-05 -0.6452073E-03 -0.9580201E-07  0.1530747E-01 -0.5464616E-07
  0.1006398333333E+04  0.9448513E+00  0.8966063E-05 -0.6456704E-03 -0.9514647E-07  0.1530721E-01 -0.5382580E-07
  0.1011298333333E+04  0.9448950E+00  0.8920926E-05 -0.6461334E-03 -0.9449439E-07  0.1530695E-01 -0.5301150E-07
  0.1016231666667E+04  0.9449388E+00  0.8875948E-05 -0.6465964E-03 -0.9384577E-07  0.1530669E-01 -0.5220328E-07
  0.1021165000000E+04  0.9449827E+00  0.8890802E-05 -0.6470593E-03 -0.9383035E-07  0.1530644E-01 -0.5174844E-07
  0.1026131666667E+04  0.9450263E+00  0.8786251E-05 -0.6475190E-03 -0.9255670E-07  0.1530618E-01 -0.5060724E-07
  0.1031131666667E+04  0.9450700E+00  0.8742085E-05 -0.6479786E-03 -0.9192257E-07  0.1530594E-01 -0.4982419E-07
  0.1036165000000E+04  0.9451138E+00  0.8698065E-05 -0.6484381E-03 -0.9129211E-07  0.1530569E-01 -0.4904535E-07
  0.1041231666667E+04  0.9451577E+00  0.8654209E-05 -0.6488975E-03 -0.9066506E-07  0.1530544E-01 -0.4827248E-07
  0.1046331666667E+04  0.9452016E+00  0.8610519E-05 -0.6493567E-03 -0.9004141E-07  0.1530520E-01 -0.4750556E-07
  0.1051465000000E+04  0.9452455E+00  0.8566997E-05 -0.6498157E-03 -0.8942119E-07  0.1530496E-01 -0.4674460E-07
  0.1056631666667E+04  0.9452896E+00  0.8523645E-05 -0.6502745E-03 -0.8880439E-07  0.1530472E-01 -0.4598960E-07
  0.1061798333333E+04  0.9453337E+00  0.8535177E-05 -0.6507331E-03 -0.8875999E-07  0.1530449E-01 -0.4553244E-07
  0.1066998333333E+04  0.9453776E+00  0.8437263E-05 -0.6511885E-03 -0.8757916E-07  0.1530426E-01 -0.4449974E-07
  0.1072231666667E+04  0.9454215E+00  0.8394723E-05 -0.6516437E-03 -0.8697627E-07  0.1530403E-01 -0.4376888E-07
  0.1077498333333E+04  0.9454655E+00  0.8352339E-05 -0.6520986E-03 -0.8637705E-07  0.1530380E-01 -0.4304219E-07
  0.1082798333333E+04  0.9455095E+00  0.8310128E-05 -0.6525533E-03 -0.8578119E-07  0.1530358E-01 -0.4232133E-07
  0.1088131666667E+04  0.9455536E+00  0.8268090E-05 -0.6530076E-03 -0.8518868E-07  0.1530336E-01 -0.4160629E-07
  0.1093498333333E+04  0.9455978E+00  0.8226227E-05 -0.6534616E-03 -0.8459954E-07  0.1530314E-01 -0.4089708E-07
  0.1098898333333E+04  0.9456420E+00  0.8184540E-05 -0.6539153E-03 -0.8401377E-07  0.1530292E-01 -0.4019368E-07
  0.1104331666667E+04  0.9456862E+00  0.8143031E-05 -0.6543686E-03 -0.8343137E-07  0.1530270E-01 -0.3949610E-07
  0.1109798333333E+04  0.9457305E+00  0.8101701E-05 -0.6548215E-03 -0.8285235E-07  0.1530249E-01 -0.3880433E-07
  0.1115298333333E+04  0.9457748E+00  0.8060551E-05 -0.6552741E-03 -0.8227669E-07  0.1530228E-01 -0.3811837E-07
  0.1120831666667E+04  0.9458192E+00  0.8019582E-05 -0.6557262E-03 -0.8170442E-07  0.1530208E-01 -0.3743820E-07
  0.1126398333333E+04  0.9458636E+00  0.7978795E-05 -0.6561778E-03 -0.8113552E-07  0.1530187E-01 -0.3676383E-07
  0.1131998333333E+04  0.9459081E+00  0.7938191E-05 -0.6566290E-03 -0.8056999E-07  0.1530167E-01 -0.3609525E-07
  0.1137631666667E+04  0.9459526E+00  0.7897771E-05 -0.6570797E-03 -0.8000785E-07  0.1530147E-01 -0.3543244E-07
  0.1143265000000E+04  0.9459971E+00  0.7904030E-05 -0.6575299E-03 -0.7991919E-07  0.1530127E-01 -0.3498117E-07
  0.1148931666667E+04  0.9460414E+00  0.7817347E-05 -0.6579770E-03 -0.7889222E-07  0.1530108E-01 -0.3412641E-07
  0.1154631666667E+04  0.9460857E+00  0.7777733E-05 -0.6584235E-03 -0.7834308E-07  0.1530089E-01 -0.3348608E-07
  0.1160365000000E+04  0.9461301E+00  0.7738290E-05 -0.6588696E-03 -0.7779762E-07  0.1530070E-01 -0.3284985E-07
  0.1166131666667E+04  0.9461745E+00  0.7699030E-05 -0.6593151E-03 -0.7725545E-07  0.1530051E-01 -0.3221925E-07
  0.1171931666667E+04  0.9462189E+00  0.7659953E-05 -0.6597600E-03 -0.7671658E-07  0.1530033E-01 -0.3159426E-07
  0.1177765000000E+04  0.9462634E+00  0.7621060E-05 -0.6602044E-03 -0.7618099E-07  0.1530015E-01 -0.3097487E-07
  0.1183631666667E+04  0.9463078E+00  0.7582352E-05 -0.6606482E-03 -0.7564870E-07  0.1529997E-01 -0.3036109E-07
  0.1189565000000E+04  0.9463524E+00  0.7501448E-05 -0.6610914E-03 -0.7469767E-07  0.1529980E-01 -0.2958574E-07
  0.1195531666667E+04  0.9463971E+00  0.7505609E-05 -0.6615365E-03 -0.7459522E-07  0.1529962E-01 -0.2914799E-07
  0.1201531666667E+04  0.9464419E+00  0.7467229E-05 -0.6619809E-03 -0.7407023E-07  0.1529945E-01 -0.2854622E-07
  0.1207565000000E+04  0.9464868E+00  0.7429052E-05 -0.6624247E-03 -0.7354816E-07  0.1529928E-01 -0.2795156E-07
  0.1213631666667E+04  0.9465316E+00  0.7391066E-05 -0.6628677E-03 -0.7302945E-07  0.1529912E-01 -0.2736255E-07
  0.1219731666667E+04  0.9465765E+00  0.7353271E-05 -0.6633101E-03 -0.7251406E-07  0.1529895E-01 -0.2677915E-07
  0.1225865000000E+04  0.9466213E+00  0.7315669E-05 -0.6637517E-03 -0.7200201E-07  0.1529879E-01 -0.2620136E-07
  0.1232031666667E+04  0.9466662E+00  0.7278258E-05 -0.6641926E-03 -0.7149329E-07  0.1529863E-01 -0.2562916E-07
  0.1238231666667E+04  0.9467111E+00  0.7241040E-05 -0.6646327E-03 -0.7098789E-07  0.1529848E-01 -0.2506254E-07
  0.1244465000000E+04  0.9467560E+00  0.7204014E-05 -0.6650720E-03 -0.7048580E-07  0.1529833E-01 -0.2450148E-07
  0.1250731666667E+04  0.9468009E+00  0.7167180E-05 -0.6655106E-03 -0.6998702E-07  0.1529818E-01 -0.2394597E-07
  0.1257031666667E+04  0.9468458E+00  0.7130538E-05 -0.6659484E-03 -0.6949154E-07  0.1529803E-01 -0.2339599E-07
  0.1263365000000E+04  0.9468908E+00  0.7094089E-05 -0.6663854E-03 -0.6899936E-07  0.1529788E-01 -0.2285152E-07
  0.1269731666667E+04  0.9469357E+00  0.7057832E-05 -0.6668216E-03 -0.6851046E-07  0.1529774E-01 -0.2231255E-07
  0.1276165000000E+04  0.9469807E+00  0.6985384E-05 -0.6672570E-03 -0.6767238E-07  0.1529760E-01 -0.2166622E-07
  0.1282631666667E+04  0.9470258E+00  0.6985978E-05 -0.6676937E-03 -0.6754349E-07  0.1529746E-01 -0.2124885E-07
  0.1289131666667E+04  0.9470710E+00  0.6950100E-05 -0.6681297E-03 -0.6706235E-07  0.1529733E-01 -0.2072232E-07
  0.1295665000000E+04  0.9471162E+00  0.6914427E-05 -0.6685647E-03 -0.6658408E-07  0.1529720E-01 -0.2020266E-07
  0.1302231666667E+04  0.9471613E+00  0.6878949E-05 -0.6689988E-03 -0.6610911E-07  0.1529707E-01 -0.1968848E-07
  0.1308831666667E+04  0.9472065E+00  0.6843667E-05 -0.6694320E-03 -0.6563743E-07  0.1529694E-01 -0.1917978E-07
  0.1315465000000E+04  0.9472517E+00  0.6808579E-05 -0.6698643E-03 -0.6516904E-07  0.1529682E-01 -0.1867653E-07
  0.1322165000000E+04  0.9472968E+00  0.6739985E-05 -0.6702956E-03 -0.6438201E-07  0.1529670E-01 -0.1808827E-07
  0.1328898333333E+04  0.9473422E+00  0.6739057E-05 -0.6707282E-03 -0.6424296E-07  0.1529658E-01 -0.1768419E-07
  0.1335665000000E+04  0.9473876E+00  0.6704368E-05 -0.6711598E-03 -0.6378254E-07  0.1529646E-01 -0.1719356E-07
  0.1342465000000E+04  0.9474329E+00  0.6669886E-05 -0.6715904E-03 -0.6332494E-07  0.1529635E-01 -0.1670968E-07
  0.1349298333333E+04  0.9474783E+00  0.6635599E-05 -0.6720200E-03 -0.6287062E-07  0.1529624E-01 -0.1623122E-07
  0.1356198333333E+04  0.9475236E+00  0.6569617E-05 -0.6724486E-03 -0.6211803E-07  0.1529613E-01 -0.1568204E-07
  0.1363131666667E+04  0.9475691E+00  0.6567675E-05 -0.6728783E-03 -0.6197262E-07  0.1529602E-01 -0.1528842E-07
  0.1370098333333E+04  0.9476147E+00  0.6533802E-05 -0.6733070E-03 -0.6152641E-07  0.1529592E-01 -0.1482270E-07
  0.1377098333333E+04  0.9476602E+00  0.6500134E-05 -0.6737345E-03 -0.6108300E-07  0.1529582E-01 -0.1436366E-07
  0.1384131666667E+04  0.9477056E+00  0.6466663E-05 -0.6741611E-03 -0.6064286E-07  0.1529572E-01 -0.1391000E-07
  0.1391231666667E+04  0.9477511E+00  0.6403184E-05 -0.6745865E-03 -0.5992333E-07  0.1529563E-01 -0.1339849E-07
  0.1398365000000E+04  0.9477968E+00  0.6400364E-05 -0.6750129E-03 -0.5977312E-07  0.1529553E-01 -0.1301670E-07
  0.1405531666667E+04  0.9478424E+00  0.6367316E-05 -0.6754382E-03 -0.5934118E-07  0.1529544E-01 -0.1257585E-07
  0.1412765000000E+04  0.9478880E+00  0.6305282E-05 -0.6758623E-03 -0.5864052E-07  0.1529536E-01 -0.1208563E-07
  0.1420031666667E+04  0.9479338E+00  0.6301877E-05 -0.6762873E-03 -0.5848682E-07  0.1529527E-01 -0.1171065E-07
  0.1427331666667E+04  0.9479796E+00  0.6269269E-05 -0.6767112E-03 -0.5806267E-07  0.1529519E-01 -0.1128393E-07
  0.1434665000000E+04  0.9480253E+00  0.6236866E-05 -0.6771339E-03 -0.5764129E-07  0.1529511E-01 -0.1086376E-07
  0.1442065000000E+04  0.9480710E+00  0.6176711E-05 -0.6775554E-03 -0.5696539E-07  0.1529503E-01 -0.1040182E-07
  0.1449498333333E+04  0.9481169E+00  0.6172696E-05 -0.6779777E-03 -0.5680895E-07  0.1529496E-01 -0.1003737E-07
  0.1456965000000E+04  0.9481627E+00  0.6140731E-05 -0.6783988E-03 -0.5639589E-07  0.1529489E-01 -0.9630112E-08
  0.1464498333333E+04  0.9482086E+00  0.6081939E-05 -0.6788187E-03 -0.5573785E-07  0.1529482E-01 -0.9188490E-08
  0.1472065000000E+04  0.9482545E+00  0.6077448E-05 -0.6792393E-03 -0.5557916E-07  0.1529475E-01 -0.8831900E-08
  0.1479665000000E+04  0.9483005E+00  0.6045933E-05 -0.6796586E-03 -0.5517398E-07  0.1529468E-01 -0.8438790E-08
  0.1487331666667E+04  0.9483464E+00  0.5988472E-05 -0.6800767E-03 -0.5453339E-07  0.1529462E-01 -0.8017091E-08
  0.1495031666667E+04  0.9483925E+00  0.5983547E-05 -0.6804953E-03 -0.5437293E-07  0.1529456E-01 -0.7668772E-08
  0.1502765000000E+04  0.9484385E+00  0.5952487E-05 -0.6809128E-03 -0.5397566E-07  0.1529451E-01 -0.7289797E-08
  0.1510565000000E+04  0.9484845E+00  0.5896325E-05 -0.6813289E-03 -0.5335211E-07  0.1529445E-01 -0.6887627E-08
  0.1518398333333E+04  0.9485307E+00  0.5891006E-05 -0.6817456E-03 -0.5319034E-07  0.1529440E-01 -0.6547937E-08
  0.1526298333333E+04  0.9485768E+00  0.5835677E-05 -0.6821609E-03 -0.5257819E-07  0.1529435E-01 -0.6156979E-08
  0.1534231666667E+04  0.9486230E+00  0.5830039E-05 -0.6825767E-03 -0.5241491E-07  0.1529431E-01 -0.5822707E-08
  0.1542198333333E+04  0.9486692E+00  0.5799702E-05 -0.6829913E-03 -0.5203029E-07  0.1529426E-01 -0.5466758E-08
  0.1550231666667E+04  0.9487154E+00  0.5745627E-05 -0.6834044E-03 -0.5143403E-07  0.1529422E-01 -0.5095850E-08
  0.1558298333333E+04  0.9487617E+00  0.5739660E-05 -0.6838180E-03 -0.5127015E-07  0.1529419E-01 -0.4770769E-08
  0.1566431666667E+04  0.9488079E+00  0.5686386E-05 -0.6842303E-03 -0.5068489E-07  0.1529415E-01 -0.4410725E-08
  0.1574598333333E+04  0.9488543E+00  0.5680144E-05 -0.6846428E-03 -0.5052001E-07  0.1529412E-01 -0.4091454E-08
  0.1582831666667E+04  0.9489006E+00  0.5627664E-05 -0.6850541E-03 -0.4994506E-07  0.1529409E-01 -0.3743254E-08
  0.1591098333333E+04  0.9489471E+00  0.5621167E-05 -0.6854656E-03 -0.4977938E-07  0.1529406E-01 -0.3429949E-08
  0.1599431666667E+04  0.9489935E+00  0.5569469E-05 -0.6858757E-03 -0.4921460E-07  0.1529403E-01 -0.3093454E-08
  0.1607798333333E+04  0.9490401E+00  0.5562732E-05 -0.6862861E-03 -0.4904830E-07  0.1529401E-01 -0.2786255E-08
  0.1616231666667E+04  0.9490865E+00  0.5511805E-05 -0.6866950E-03 -0.4849353E-07  0.1529399E-01 -0.2461322E-08
  0.1624698333333E+04  0.9491332E+00  0.5504846E-05 -0.6871042E-03 -0.4832679E-07  0.1529397E-01 -0.2160357E-08
  0.1633231666667E+04  0.9491797E+00  0.5454677E-05 -0.6875119E-03 -0.4778189E-07  0.1529395E-01 -0.1846841E-08
  0.1641798333333E+04  0.9492264E+00  0.5447512E-05 -0.6879198E-03 -0.4761488E-07  0.1529394E-01 -0.1552223E-08
  0.1650431666667E+04  0.9492730E+00  0.5398090E-05 -0.6883263E-03 -0.4707969E-07  0.1529393E-01 -0.1249974E-08
  0.1659098333333E+04  0.9493197E+00  0.5390734E-05 -0.6887329E-03 -0.4691256E-07  0.1529392E-01 -0.9618050E-09
  0.1667831666667E+04  0.9493663E+00  0.5342047E-05 -0.6891380E-03 -0.4638693E-07  0.1529391E-01 -0.6706708E-09
  0.1676631666667E+04  0.9494131E+00  0.5314307E-05 -0.6895432E-03 -0.4604475E-07  0.1529391E-01 -0.3875663E-09
  0.1685465000000E+04  0.9494600E+00  0.5306595E-05 -0.6899484E-03 -0.4587724E-07  0.1529391E-01 -0.1077163E-09
  0.1694365000000E+04  0.9495068E+00  0.5258975E-05 -0.6903522E-03 -0.4536533E-07  0.1529391E-01  0.1675016E-09
  0.1703298333333E+04  0.9495537E+00  0.5251113E-05 -0.6907559E-03 -0.4519756E-07  0.1529392E-01  0.4396392E-09
  0.1712298333333E+04  0.9496005E+00  0.5204202E-05 -0.6911582E-03 -0.4469487E-07  0.1529392E-01  0.7040975E-09
  0.1721331666667E+04  0.9496475E+00  0.5196199E-05 -0.6915604E-03 -0.4452748E-07  0.1529393E-01  0.9694858E-09
  0.1730431666667E+04  0.9496943E+00  0.5149986E-05 -0.6919611E-03 -0.4403383E-07  0.1529394E-01  0.1223350E-08
  0.1739565000000E+04  0.9497413E+00  0.5141854E-05 -0.6923618E-03 -0.4386693E-07  0.1529396E-01  0.1481943E-08
  0.1748765000000E+04  0.9497882E+00  0.5096329E-05 -0.6927609E-03 -0.4338218E-07  0.1529397E-01  0.1725382E-08
  0.1757998333333E+04  0.9498352E+00  0.5088078E-05 -0.6931599E-03 -0.4321587E-07  0.1529399E-01  0.1977143E-08
  0.1767298333333E+04  0.9498821E+00  0.5043230E-05 -0.6935574E-03 -0.4273987E-07  0.1529401E-01  0.2210329E-08
  0.1776631666667E+04  0.9499291E+00  0.5034872E-05 -0.6939548E-03 -0.4257425E-07  0.1529403E-01  0.2455233E-08
  0.1786031666667E+04  0.9499760E+00  0.4990690E-05 -0.6943506E-03 -0.4210684E-07  0.1529406E-01  0.2678341E-08
  0.1795465000000E+04  0.9500230E+00  0.4982235E-05 -0.6947462E-03 -0.4194199E-07  0.1529409E-01  0.2916374E-08
  0.1804965000000E+04  0.9500699E+00  0.4938710E-05 -0.6951403E-03 -0.4148303E-07  0.1529412E-01  0.3129579E-08
  0.1814498333333E+04  0.9501169E+00  0.4930167E-05 -0.6955342E-03 -0.4131902E-07  0.1529415E-01  0.3360736E-08
  0.1824098333333E+04  0.9501638E+00  0.4887287E-05 -0.6959265E-03 -0.4086835E-07  0.1529418E-01  0.3564220E-08
  0.1833731666667E+04  0.9502108E+00  0.4878667E-05 -0.6963187E-03 -0.4070527E-07  0.1529422E-01  0.3788504E-08
  0.1843431666667E+04  0.9502577E+00  0.4836423E-05 -0.6967092E-03 -0.4026274E-07  0.1529426E-01  0.3982448E-08
  0.1853198333333E+04  0.9503047E+00  0.4811255E-05 -0.6970995E-03 -0.3996377E-07  0.1529430E-01  0.4185541E-08
  0.1862998333333E+04  0.9503518E+00  0.4802459E-05 -0.6974896E-03 -0.3980195E-07  0.1529434E-01  0.4400751E-08
  0.1872865000000E+04  0.9503988E+00  0.4761135E-05 -0.6978781E-03 -0.3937108E-07  0.1529439E-01  0.4581042E-08
  0.1882765000000E+04  0.9504458E+00  0.4752286E-05 -0.6982662E-03 -0.3920984E-07  0.1529443E-01  0.4788477E-08
  0.1892731666667E+04  0.9504928E+00  0.4711574E-05 -0.6986528E-03 -0.3878677E-07  0.1529448E-01  0.4959663E-08
  0.1902765000000E+04  0.9505398E+00  0.4687054E-05 -0.6990391E-03 -0.3849834E-07  0.1529453E-01  0.5143138E-08
  0.1912831666667E+04  0.9505869E+00  0.4678067E-05 -0.6994250E-03 -0.3833864E-07  0.1529459E-01  0.5341501E-08
  0.1922965000000E+04  0.9506339E+00  0.4638241E-05 -0.6998093E-03 -0.3792672E-07  0.1529464E-01  0.5499662E-08
  0.1933165000000E+04  0.9506809E+00  0.4614094E-05 -0.7001933E-03 -0.3764432E-07  0.1529470E-01  0.5671754E-08
  0.1943398333333E+04  0.9507281E+00  0.4604993E-05 -0.7005769E-03 -0.3748582E-07  0.1529476E-01  0.5860173E-08
  0.1953698333333E+04  0.9507751E+00  0.4566033E-05 -0.7009589E-03 -0.3708475E-07  0.1529482E-01  0.6005682E-08
  0.1964065000000E+04  0.9508222E+00  0.4542259E-05 -0.7013405E-03 -0.3680831E-07  0.1529489E-01  0.6166608E-08
  0.1974465000000E+04  0.9508693E+00  0.4533063E-05 -0.7017216E-03 -0.3665114E-07  0.1529495E-01  0.6345154E-08
  0.1984931666667E+04  0.9509164E+00  0.4494950E-05 -0.7021012E-03 -0.3626064E-07  0.1529502E-01  0.6478395E-08
  0.1995465000000E+04  0.9509635E+00  0.4471550E-05 -0.7024803E-03 -0.3599008E-07  0.1529509E-01  0.6628391E-08
  0.2006031666667E+04  0.9510106E+00  0.4462279E-05 -0.7028589E-03 -0.3583437E-07  0.1529516E-01  0.6797164E-08
  0.2016665000000E+04  0.9510577E+00  0.4424994E-05 -0.7032359E-03 -0.3545415E-07  0.1529524E-01  0.6918531E-08
  0.2027365000000E+04  0.9511048E+00  0.4401967E-05 -0.7036124E-03 -0.3518938E-07  0.1529531E-01  0.7057852E-08
  0.2038131666667E+04  0.9511519E+00  0.4379037E-05 -0.7039885E-03 -0.3492676E-07  0.1529539E-01  0.7194637E-08
  0.2048965000000E+04  0.9511991E+00  0.4356208E-05 -0.7043640E-03 -0.3466576E-07  0.1529547E-01  0.7328058E-08
  0.2059831666667E+04  0.9512464E+00  0.4346773E-05 -0.7047391E-03 -0.3451193E-07  0.1529555E-01  0.7481013E-08
  0.2070765000000E+04  0.9512935E+00  0.4310810E-05 -0.7051124E-03 -0.3414790E-07  0.1529563E-01  0.7583724E-08
  0.2081765000000E+04  0.9513407E+00  0.4288357E-05 -0.7054852E-03 -0.3389207E-07  0.1529572E-01  0.7706049E-08
  0.2092831666667E+04  0.9513879E+00  0.4266003E-05 -0.7058575E-03 -0.3363835E-07  0.1529580E-01  0.7825940E-08
  0.2103965000000E+04  0.9514351E+00  0.4243752E-05 -0.7062292E-03 -0.3338623E-07  0.1529589E-01  0.7942595E-08
  0.2115165000000E+04  0.9514824E+00  0.4221602E-05 -0.7066003E-03 -0.3313571E-07  0.1529598E-01  0.8056039E-08
  0.2126398333333E+04  0.9515297E+00  0.4212017E-05 -0.7069708E-03 -0.3298437E-07  0.1529608E-01  0.8190528E-08
  0.2137698333333E+04  0.9515769E+00  0.4177573E-05 -0.7073396E-03 -0.3263876E-07  0.1529617E-01  0.8272286E-08
  0.2149065000000E+04  0.9516242E+00  0.4155800E-05 -0.7077078E-03 -0.3239327E-07  0.1529626E-01  0.8375212E-08
  0.2160498333333E+04  0.9516714E+00  0.4134128E-05 -0.7080754E-03 -0.3214983E-07  0.1529636E-01  0.8475844E-08
  0.2171998333333E+04  0.9517187E+00  0.4112559E-05 -0.7084424E-03 -0.3190796E-07  0.1529646E-01  0.8573413E-08
  0.2183565000000E+04  0.9517660E+00  0.4091093E-05 -0.7088087E-03 -0.3166766E-07  0.1529656E-01  0.8667947E-08
  0.2195198333333E+04  0.9518134E+00  0.4069730E-05 -0.7091743E-03 -0.3142891E-07  0.1529666E-01  0.8759474E-08
  0.2206898333333E+04  0.9518607E+00  0.4048472E-05 -0.7095392E-03 -0.3119171E-07  0.1529677E-01  0.8848023E-08
  0.2218665000000E+04  0.9519081E+00  0.4027317E-05 -0.7099035E-03 -0.3095605E-07  0.1529687E-01  0.8933624E-08
  0.2230498333333E+04  0.9519555E+00  0.4006267E-05 -0.7102670E-03 -0.3072194E-07  0.1529698E-01  0.9016307E-08
  0.2242398333333E+04  0.9520030E+00  0.3985321E-05 -0.7106298E-03 -0.3048937E-07  0.1529709E-01  0.9096102E-08
  0.2254365000000E+04  0.9520504E+00  0.3964480E-05 -0.7109919E-03 -0.3025832E-07  0.1529719E-01  0.9173041E-08
  0.2266398333333E+04  0.9520979E+00  0.3943743E-05 -0.7113533E-03 -0.3002881E-07  0.1529731E-01  0.9247156E-08
  0.2278498333333E+04  0.9521453E+00  0.3923112E-05 -0.7117139E-03 -0.2980081E-07  0.1529742E-01  0.9318480E-08
  0.2290665000000E+04  0.9521928E+00  0.3902586E-05 -0.7120737E-03 -0.2957433E-07  0.1529753E-01  0.9387044E-08
  0.2302898333333E+04  0.9522403E+00  0.3882165E-05 -0.7124327E-03 -0.2934936E-07  0.1529765E-01  0.9452883E-08
  0.2315198333333E+04  0.9522878E+00  0.3861850E-05 -0.7127910E-03 -0.2912588E-07  0.1529777E-01  0.9516029E-08
  0.2327565000000E+04  0.9523353E+00  0.3841640E-05 -0.7131484E-03 -0.2890391E-07  0.1529788E-01  0.9576518E-08
  0.2339998333333E+04  0.9523828E+00  0.3821535E-05 -0.7135051E-03 -0.2868342E-07  0.1529800E-01  0.9634384E-08
  0.2352531666667E+04  0.9524304E+00  0.3791425E-05 -0.7138609E-03 -0.2838872E-07  0.1529813E-01  0.9663891E-08
  0.2365131666667E+04  0.9524780E+00  0.3781668E-05 -0.7142168E-03 -0.2824746E-07  0.1529825E-01  0.9743307E-08
  0.2377798333333E+04  0.9525257E+00  0.3761825E-05 -0.7145718E-03 -0.2803128E-07  0.1529837E-01  0.9794297E-08
  0.2390531666667E+04  0.9525733E+00  0.3742090E-05 -0.7149260E-03 -0.2781611E-07  0.1529850E-01  0.9842083E-08
  0.2403331666667E+04  0.9526209E+00  0.3722461E-05 -0.7152793E-03 -0.2760241E-07  0.1529862E-01  0.9887411E-08
  0.2416198333333E+04  0.9526686E+00  0.3702939E-05 -0.7156318E-03 -0.2739018E-07  0.1529875E-01  0.9930318E-08
  0.2429165000000E+04  0.9527162E+00  0.3674054E-05 -0.7159833E-03 -0.2710952E-07  0.1529888E-01  0.9945208E-08
  0.2442198333333E+04  0.9527640E+00  0.3664236E-05 -0.7163348E-03 -0.2697060E-07  0.1529901E-01  0.1000988E-07
  0.2455298333333E+04  0.9528117E+00  0.3644982E-05 -0.7166854E-03 -0.2676261E-07  0.1529914E-01  0.1004647E-07
  0.2468465000000E+04  0.9528595E+00  0.3625835E-05 -0.7170350E-03 -0.2655562E-07  0.1529928E-01  0.1008008E-07
  0.2481731666667E+04  0.9529072E+00  0.3597733E-05 -0.7173837E-03 -0.2628386E-07  0.1529941E-01  0.1008605E-07
  0.2495065000000E+04  0.9529550E+00  0.3587882E-05 -0.7177324E-03 -0.2614645E-07  0.1529954E-01  0.1014145E-07
  0.2508465000000E+04  0.9530029E+00  0.3569007E-05 -0.7180800E-03 -0.2594368E-07  0.1529968E-01  0.1016913E-07
  0.2521965000000E+04  0.9530507E+00  0.3541473E-05 -0.7184267E-03 -0.2567832E-07  0.1529982E-01  0.1016883E-07
  0.2535531666667E+04  0.9530986E+00  0.3531598E-05 -0.7187732E-03 -0.2554201E-07  0.1529996E-01  0.1021757E-07
  0.2549165000000E+04  0.9531465E+00  0.3512998E-05 -0.7191187E-03 -0.2534299E-07  0.1530010E-01  0.1023892E-07
  0.2562898333333E+04  0.9531944E+00  0.3486023E-05 -0.7194632E-03 -0.2508391E-07  0.1530024E-01  0.1023269E-07
  0.2576698333333E+04  0.9532423E+00  0.3476138E-05 -0.7198075E-03 -0.2494879E-07  0.1530038E-01  0.1027505E-07
  0.2590598333333E+04  0.9532903E+00  0.3449522E-05 -0.7201507E-03 -0.2469414E-07  0.1530052E-01  0.1026571E-07
  0.2604565000000E+04  0.9533383E+00  0.3439615E-05 -0.7204937E-03 -0.2455965E-07  0.1530067E-01  0.1030393E-07
  0.2618598333333E+04  0.9533863E+00  0.3421462E-05 -0.7208357E-03 -0.2436669E-07  0.1530081E-01  0.1031542E-07
  0.2632731666667E+04  0.9534343E+00  0.3395391E-05 -0.7211765E-03 -0.2411768E-07  0.1530096E-01  0.1030008E-07
  0.2646931666667E+04  0.9534824E+00  0.3385496E-05 -0.7215171E-03 -0.2398455E-07  0.1530110E-01  0.1033237E-07
  0.2661231666667E+04  0.9535304E+00  0.3359773E-05 -0.7218566E-03 -0.2373983E-07  0.1530125E-01  0.1031427E-07
  0.2675598333333E+04  0.9535786E+00  0.3349873E-05 -0.7221958E-03 -0.2360745E-07  0.1530140E-01  0.1034273E-07
  0.2690065000000E+04  0.9536267E+00  0.3324496E-05 -0.7225338E-03 -0.2336655E-07  0.1530155E-01  0.1032139E-07
  0.2704598333333E+04  0.9536748E+00  0.3314596E-05 -0.7228715E-03 -0.2323497E-07  0.1530170E-01  0.1034615E-07
  0.2719231666667E+04  0.9537230E+00  0.3289560E-05 -0.7232080E-03 -0.2299783E-07  0.1530185E-01  0.1032171E-07
  0.2733965000000E+04  0.9537712E+00  0.3272247E-05 -0.7235442E-03 -0.2281537E-07  0.1530200E-01  0.1031950E-07
  0.2748765000000E+04  0.9538195E+00  0.3262330E-05 -0.7238799E-03 -0.2268521E-07  0.1530215E-01  0.1033948E-07
  0.2763665000000E+04  0.9538677E+00  0.3237788E-05 -0.7242145E-03 -0.2245349E-07  0.1530231E-01  0.1031066E-07
  0.2778631666667E+04  0.9539160E+00  0.3227887E-05 -0.7245486E-03 -0.2232384E-07  0.1530246E-01  0.1032667E-07
  0.2793698333333E+04  0.9539643E+00  0.3203678E-05 -0.7248815E-03 -0.2209578E-07  0.1530262E-01  0.1029512E-07
  0.2808865000000E+04  0.9540126E+00  0.3186777E-05 -0.7252139E-03 -0.2191880E-07  0.1530277E-01  0.1028521E-07
  0.2824098333333E+04  0.9540610E+00  0.3176881E-05 -0.7255459E-03 -0.2179073E-07  0.1530293E-01  0.1029689E-07
  0.2839431666667E+04  0.9541094E+00  0.3153154E-05 -0.7258766E-03 -0.2156795E-07  0.1530309E-01  0.1026147E-07
  0.2854865000000E+04  0.9541578E+00  0.3136496E-05 -0.7262068E-03 -0.2139419E-07  0.1530325E-01  0.1024734E-07
  0.2870398333333E+04  0.9542062E+00  0.3119908E-05 -0.7265364E-03 -0.2122177E-07  0.1530340E-01  0.1023239E-07
  0.2885998333333E+04  0.9542548E+00  0.3110020E-05 -0.7268655E-03 -0.2109527E-07  0.1530356E-01  0.1023792E-07
  0.2901698333333E+04  0.9543032E+00  0.3086917E-05 -0.7271933E-03 -0.2087929E-07  0.1530372E-01  0.1019783E-07
  0.2917498333333E+04  0.9543517E+00  0.3070576E-05 -0.7275205E-03 -0.2070972E-07  0.1530389E-01  0.1017848E-07
  0.2933398333333E+04  0.9544003E+00  0.3054306E-05 -0.7278471E-03 -0.2054148E-07  0.1530405E-01  0.1015843E-07
  0.2949398333333E+04  0.9544489E+00  0.3038107E-05 -0.7281731E-03 -0.2037420E-07  0.1530421E-01  0.1013716E-07
  0.2965498333333E+04  0.9544976E+00  0.3021981E-05 -0.7284985E-03 -0.2020788E-07  0.1530437E-01  0.1011470E-07
  0.2981665000000E+04  0.9545463E+00  0.3012124E-05 -0.7288231E-03 -0.2008385E-07  0.1530454E-01  0.1011189E-07
  0.2997931666667E+04  0.9545949E+00  0.2989924E-05 -0.7291465E-03 -0.1987771E-07  0.1530470E-01  0.1006573E-07
  0.3014298333333E+04  0.9546436E+00  0.2974049E-05 -0.7294691E-03 -0.1971430E-07  0.1530486E-01  0.1003948E-07
  0.3030765000000E+04  0.9546923E+00  0.2958248E-05 -0.7297911E-03 -0.1955221E-07  0.1530503E-01  0.1001268E-07
  0.3047331666667E+04  0.9547410E+00  0.2942521E-05 -0.7301123E-03 -0.1939110E-07  0.1530519E-01  0.9984849E-08
  0.3063998333333E+04  0.9547898E+00  0.2926867E-05 -0.7304329E-03 -0.1923097E-07  0.1530536E-01  0.9956015E-08
  0.3080765000000E+04  0.9548386E+00  0.2911288E-05 -0.7307526E-03 -0.1907181E-07  0.1530553E-01  0.9926209E-08
  0.3097631666667E+04  0.9548875E+00  0.2895783E-05 -0.7310716E-03 -0.1891364E-07  0.1530569E-01  0.9895462E-08
  0.3114598333333E+04  0.9549363E+00  0.2880354E-05 -0.7313899E-03 -0.1875646E-07  0.1530586E-01  0.9863802E-08
  0.3131665000000E+04  0.9549852E+00  0.2865000E-05 -0.7317073E-03 -0.1860026E-07  0.1530603E-01  0.9831260E-08
  0.3148831666667E+04  0.9550341E+00  0.2849721E-05 -0.7320240E-03 -0.1844506E-07  0.1530620E-01  0.9797864E-08
  0.3166098333333E+04  0.9550831E+00  0.2834519E-05 -0.7323398E-03 -0.1829084E-07  0.1530636E-01  0.9763643E-08
  0.3183498333333E+04  0.9551321E+00  0.2813991E-05 -0.7326548E-03 -0.1810288E-07  0.1530653E-01  0.9709990E-08
  0.3200998333333E+04  0.9551811E+00  0.2804359E-05 -0.7329695E-03 -0.1798578E-07  0.1530670E-01  0.9693374E-08
  0.3218598333333E+04  0.9552302E+00  0.2789356E-05 -0.7332834E-03 -0.1783457E-07  0.1530687E-01  0.9657202E-08
  0.3236298333333E+04  0.9552793E+00  0.2774431E-05 -0.7335964E-03 -0.1768406E-07  0.1530704E-01  0.9619862E-08
  0.3254098333333E+04  0.9553285E+00  0.2759583E-05 -0.7339085E-03 -0.1753455E-07  0.1530721E-01  0.9581837E-08
  0.3272031666667E+04  0.9553776E+00  0.2739711E-05 -0.7342197E-03 -0.1735373E-07  0.1530738E-01  0.9525418E-08
  0.3290065000000E+04  0.9554268E+00  0.2730136E-05 -0.7345306E-03 -0.1723890E-07  0.1530756E-01  0.9504345E-08
  0.3308198333333E+04  0.9554761E+00  0.2715494E-05 -0.7348406E-03 -0.1709244E-07  0.1530773E-01  0.9464758E-08
  0.3326431666667E+04  0.9555253E+00  0.2700931E-05 -0.7351496E-03 -0.1694669E-07  0.1530790E-01  0.9424161E-08
  0.3344798333333E+04  0.9555746E+00  0.2681571E-05 -0.7354576E-03 -0.1677147E-07  0.1530807E-01  0.9365984E-08
  0.3363265000000E+04  0.9556239E+00  0.2672054E-05 -0.7357652E-03 -0.1665858E-07  0.1530824E-01  0.9341816E-08
  0.3381831666667E+04  0.9556732E+00  0.2657702E-05 -0.7360719E-03 -0.1651591E-07  0.1530842E-01  0.9299954E-08
  0.3400531666667E+04  0.9557226E+00  0.2638716E-05 -0.7363775E-03 -0.1634477E-07  0.1530859E-01  0.9240700E-08
  0.3419331666667E+04  0.9557720E+00  0.2629246E-05 -0.7366827E-03 -0.1623335E-07  0.1530876E-01  0.9214457E-08
  0.3438265000000E+04  0.9558214E+00  0.2610502E-05 -0.7369869E-03 -0.1606515E-07  0.1530894E-01  0.9154981E-08
  0.3457298333333E+04  0.9558710E+00  0.2601057E-05 -0.7372905E-03 -0.1595465E-07  0.1530911E-01  0.9127438E-08
  0.3476465000000E+04  0.9559205E+00  0.2582553E-05 -0.7375932E-03 -0.1578906E-07  0.1530928E-01  0.9067418E-08
  0.3495731666667E+04  0.9559700E+00  0.2573138E-05 -0.7378953E-03 -0.1567953E-07  0.1530946E-01  0.9038677E-08
  0.3515131666667E+04  0.9560196E+00  0.2554872E-05 -0.7381963E-03 -0.1551655E-07  0.1530963E-01  0.8978203E-08
  0.3534631666667E+04  0.9560692E+00  0.2545492E-05 -0.7384967E-03 -0.1540803E-07  0.1530981E-01  0.8948363E-08
  0.3554265000000E+04  0.9561189E+00  0.2527462E-05 -0.7387961E-03 -0.1524764E-07  0.1530998E-01  0.8887521E-08
  0.3573998333333E+04  0.9561685E+00  0.2518120E-05 -0.7390949E-03 -0.1514015E-07  0.1531016E-01  0.8856678E-08
  0.3593865000000E+04  0.9562182E+00  0.2500325E-05 -0.7393925E-03 -0.1498234E-07  0.1531033E-01  0.8795552E-08
  0.3613865000000E+04  0.9562680E+00  0.2486874E-05 -0.7396895E-03 -0.1485114E-07  0.1531051E-01  0.8749193E-08
  0.3633965000000E+04  0.9563178E+00  0.2477582E-05 -0.7399859E-03 -0.1474539E-07  0.1531068E-01  0.8717320E-08
  0.3654198333333E+04  0.9563675E+00  0.2460128E-05 -0.7402811E-03 -0.1459132E-07  0.1531086E-01  0.8655874E-08
  0.3674565000000E+04  0.9564174E+00  0.2446872E-05 -0.7405757E-03 -0.1446273E-07  0.1531103E-01  0.8608752E-08
  0.3695065000000E+04  0.9564673E+00  0.2433676E-05 -0.7408696E-03 -0.1433519E-07  0.1531121E-01  0.8561732E-08
  0.3715665000000E+04  0.9565172E+00  0.2424455E-05 -0.7411627E-03 -0.1423145E-07  0.1531138E-01  0.8528257E-08
  0.3736398333333E+04  0.9565671E+00  0.2407445E-05 -0.7414547E-03 -0.1408226E-07  0.1531156E-01  0.8466624E-08
  0.3757265000000E+04  0.9566171E+00  0.2394448E-05 -0.7417460E-03 -0.1395712E-07  0.1531173E-01  0.8418731E-08
  0.3778265000000E+04  0.9566671E+00  0.2381511E-05 -0.7420364E-03 -0.1383304E-07  0.1531191E-01  0.8371003E-08
  0.3799398333333E+04  0.9567171E+00  0.2368635E-05 -0.7423262E-03 -0.1370977E-07  0.1531209E-01  0.8323121E-08
  0.3820665000000E+04  0.9567672E+00  0.2355819E-05 -0.7426151E-03 -0.1358732E-07  0.1531226E-01  0.8275102E-08
  0.3842065000000E+04  0.9568174E+00  0.2343064E-05 -0.7429033E-03 -0.1346569E-07  0.1531244E-01  0.8226965E-08
  0.3863598333333E+04  0.9568676E+00  0.2330372E-05 -0.7431907E-03 -0.1334489E-07  0.1531261E-01  0.8178728E-08
  0.3885265000000E+04  0.9569178E+00  0.2317741E-05 -0.7434772E-03 -0.1322491E-07  0.1531279E-01  0.8130409E-08
  0.3907065000000E+04  0.9569680E+00  0.2305172E-05 -0.7437629E-03 -0.1310577E-07  0.1531297E-01  0.8082025E-08
  0.3928998333333E+04  0.9570183E+00  0.2292665E-05 -0.7440478E-03 -0.1298746E-07  0.1531314E-01  0.8033592E-08
  0.3951065000000E+04  0.9570686E+00  0.2280222E-05 -0.7443318E-03 -0.1286998E-07  0.1531332E-01  0.7985128E-08
  0.3973265000000E+04  0.9571190E+00  0.2267842E-05 -0.7446149E-03 -0.1275333E-07  0.1531349E-01  0.7936648E-08
  0.3995598333333E+04  0.9571694E+00  0.2255524E-05 -0.7448971E-03 -0.1263752E-07  0.1531367E-01  0.7888169E-08
  0.4018065000000E+04  0.9572198E+00  0.2243271E-05 -0.7451785E-03 -0.1252255E-07  0.1531385E-01  0.7839704E-08
  0.4040698333333E+04  0.9572702E+00  0.2227795E-05 -0.7454589E-03 -0.1239014E-07  0.1531402E-01  0.7779796E-08
  0.4063465000000E+04  0.9573207E+00  0.2218966E-05 -0.7457388E-03 -0.1229534E-07  0.1531420E-01  0.7743198E-08
  0.4086365000000E+04  0.9573712E+00  0.2206887E-05 -0.7460178E-03 -0.1218291E-07  0.1531438E-01  0.7695059E-08
  0.4109398333333E+04  0.9574218E+00  0.2194871E-05 -0.7462958E-03 -0.1207112E-07  0.1531455E-01  0.7646709E-08
  0.4132598333333E+04  0.9574724E+00  0.2179785E-05 -0.7465729E-03 -0.1194299E-07  0.1531473E-01  0.7587531E-08
  0.4155931666667E+04  0.9575230E+00  0.2171045E-05 -0.7468494E-03 -0.1185027E-07  0.1531490E-01  0.7550587E-08
  0.4179398333333E+04  0.9575737E+00  0.2159208E-05 -0.7471250E-03 -0.1174104E-07  0.1531508E-01  0.7502720E-08
  0.4203031666667E+04  0.9576244E+00  0.2144407E-05 -0.7473995E-03 -0.1161605E-07  0.1531526E-01  0.7444196E-08
  0.4226798333333E+04  0.9576751E+00  0.2135739E-05 -0.7476734E-03 -0.1152491E-07  0.1531543E-01  0.7407126E-08
  0.4250731666667E+04  0.9577259E+00  0.2121123E-05 -0.7479463E-03 -0.1140213E-07  0.1531561E-01  0.7349328E-08
  0.4274798333333E+04  0.9577767E+00  0.2112499E-05 -0.7482185E-03 -0.1131201E-07  0.1531578E-01  0.7312212E-08
  0.4299031666667E+04  0.9578276E+00  0.2098067E-05 -0.7484897E-03 -0.1119125E-07  0.1531596E-01  0.7254917E-08
  0.4323398333333E+04  0.9578785E+00  0.2089490E-05 -0.7487602E-03 -0.1110217E-07  0.1531614E-01  0.7217810E-08
  0.4347931666667E+04  0.9579294E+00  0.2075242E-05 -0.7490297E-03 -0.1098341E-07  0.1531631E-01  0.7161057E-08
  0.4372598333333E+04  0.9579804E+00  0.2066714E-05 -0.7492985E-03 -0.1089539E-07  0.1531649E-01  0.7124012E-08
  0.4397431666667E+04  0.9580314E+00  0.2052649E-05 -0.7495661E-03 -0.1077862E-07  0.1531666E-01  0.7067838E-08
  0.4422431666667E+04  0.9580824E+00  0.2041449E-05 -0.7498331E-03 -0.1067742E-07  0.1531684E-01  0.7021529E-08
  0.4447565000000E+04  0.9581335E+00  0.2032994E-05 -0.7500993E-03 -0.1059110E-07  0.1531701E-01  0.6984855E-08
  0.4472865000000E+04  0.9581846E+00  0.2019193E-05 -0.7503643E-03 -0.1047723E-07  0.1531719E-01  0.6929577E-08
  0.4498331666667E+04  0.9582357E+00  0.2008163E-05 -0.7506286E-03 -0.1037825E-07  0.1531736E-01  0.6883828E-08
  0.4523965000000E+04  0.9582869E+00  0.1997184E-05 -0.7508921E-03 -0.1028012E-07  0.1531754E-01  0.6838482E-08
  0.4549765000000E+04  0.9583382E+00  0.1986258E-05 -0.7511549E-03 -0.1018268E-07  0.1531771E-01  0.6793322E-08
  0.4575698333333E+04  0.9583895E+00  0.1977924E-05 -0.7514168E-03 -0.1009889E-07  0.1531789E-01  0.6757031E-08
  0.4601798333333E+04  0.9584407E+00  0.1964554E-05 -0.7516775E-03 -0.9989721E-08  0.1531806E-01  0.6703358E-08
  0.4628065000000E+04  0.9584920E+00  0.1953800E-05 -0.7519374E-03 -0.9894357E-08  0.1531824E-01  0.6658673E-08
  0.4654498333333E+04  0.9585434E+00  0.1943100E-05 -0.7521964E-03 -0.9799834E-08  0.1531841E-01  0.6614419E-08
  0.4681098333333E+04  0.9585948E+00  0.1932453E-05 -0.7524546E-03 -0.9706008E-08  0.1531859E-01  0.6570393E-08
  0.4707865000000E+04  0.9586463E+00  0.1921860E-05 -0.7527119E-03 -0.9612880E-08  0.1531876E-01  0.6526602E-08
  0.4734798333333E+04  0.9586977E+00  0.1911321E-05 -0.7529683E-03 -0.9520451E-08  0.1531894E-01  0.6483053E-08
  0.4761898333333E+04  0.9587492E+00  0.1900836E-05 -0.7532238E-03 -0.9428720E-08  0.1531911E-01  0.6439753E-08
  0.4789165000000E+04  0.9588008E+00  0.1890405E-05 -0.7534784E-03 -0.9337689E-08  0.1531929E-01  0.6396710E-08
  0.4816631666667E+04  0.9588524E+00  0.1877748E-05 -0.7537321E-03 -0.9236135E-08  0.1531946E-01  0.6346218E-08
  0.4844265000000E+04  0.9589040E+00  0.1869716E-05 -0.7539852E-03 -0.9157860E-08  0.1531964E-01  0.6311622E-08
  0.4872065000000E+04  0.9589557E+00  0.1859437E-05 -0.7542373E-03 -0.9068937E-08  0.1531981E-01  0.6269502E-08
  0.4900031666667E+04  0.9590074E+00  0.1849213E-05 -0.7544885E-03 -0.8980590E-08  0.1531998E-01  0.6227477E-08
  0.4928198333333E+04  0.9590592E+00  0.1836868E-05 -0.7547387E-03 -0.8882420E-08  0.1532016E-01  0.6178418E-08
  0.4956531666667E+04  0.9591110E+00  0.1828939E-05 -0.7549882E-03 -0.8806122E-08  0.1532033E-01  0.6144483E-08
  0.4985031666667E+04  0.9591628E+00  0.1818870E-05 -0.7552367E-03 -0.8719884E-08  0.1532051E-01  0.6103441E-08
  0.5013731666667E+04  0.9592147E+00  0.1806755E-05 -0.7554842E-03 -0.8624201E-08  0.1532068E-01  0.6055484E-08
  0.5042598333333E+04  0.9592666E+00  0.1798905E-05 -0.7557310E-03 -0.8549390E-08  0.1532085E-01  0.6022097E-08
  0.5071665000000E+04  0.9593186E+00  0.1786941E-05 -0.7559768E-03 -0.8455433E-08  0.1532103E-01  0.5975038E-08
  0.5100898333333E+04  0.9593706E+00  0.1779142E-05 -0.7562218E-03 -0.8381591E-08  0.1532120E-01  0.5942023E-08
  0.5130331666667E+04  0.9594226E+00  0.1767326E-05 -0.7564658E-03 -0.8289236E-08  0.1532138E-01  0.5895704E-08
  0.5159931666667E+04  0.9594747E+00  0.1759581E-05 -0.7567090E-03 -0.8216376E-08  0.1532155E-01  0.5863082E-08
  0.5189731666667E+04  0.9595268E+00  0.1747914E-05 -0.7569511E-03 -0.8125614E-08  0.1532172E-01  0.5817511E-08
  0.5219731666667E+04  0.9595789E+00  0.1738290E-05 -0.7571925E-03 -0.8044799E-08  0.1532190E-01  0.5778874E-08
  0.5249898333333E+04  0.9596311E+00  0.1730622E-05 -0.7574330E-03 -0.7973480E-08  0.1532207E-01  0.5747000E-08
  0.5280265000000E+04  0.9596833E+00  0.1719172E-05 -0.7576724E-03 -0.7885047E-08  0.1532224E-01  0.5702539E-08
  0.5310831666667E+04  0.9597356E+00  0.1709696E-05 -0.7579110E-03 -0.7806116E-08  0.1532242E-01  0.5664766E-08
  0.5341598333333E+04  0.9597879E+00  0.1700266E-05 -0.7581488E-03 -0.7727878E-08  0.1532259E-01  0.5627415E-08
  0.5372565000000E+04  0.9598403E+00  0.1690883E-05 -0.7583857E-03 -0.7650238E-08  0.1532276E-01  0.5590339E-08
  0.5403698333333E+04  0.9598927E+00  0.1683346E-05 -0.7586217E-03 -0.7581307E-08  0.1532293E-01  0.5559487E-08
  0.5435031666667E+04  0.9599451E+00  0.1672249E-05 -0.7588566E-03 -0.7496661E-08  0.1532311E-01  0.5516869E-08
  0.5466565000000E+04  0.9599975E+00  0.1663015E-05 -0.7590906E-03 -0.7420820E-08  0.1532328E-01  0.5480549E-08
  0.5498298333333E+04  0.9600500E+00  0.1653829E-05 -0.7593237E-03 -0.7345667E-08  0.1532345E-01  0.5444648E-08
  0.5530231666667E+04  0.9601025E+00  0.1644690E-05 -0.7595559E-03 -0.7271114E-08  0.1532363E-01  0.5409031E-08
  0.5562398333333E+04  0.9601551E+00  0.1633904E-05 -0.7597872E-03 -0.7189705E-08  0.1532380E-01  0.5368131E-08
  0.5594765000000E+04  0.9602077E+00  0.1626561E-05 -0.7600178E-03 -0.7123902E-08  0.1532397E-01  0.5338796E-08
  0.5627331666667E+04  0.9602604E+00  0.1617555E-05 -0.7602474E-03 -0.7051157E-08  0.1532414E-01  0.5304117E-08
  0.5660098333333E+04  0.9603131E+00  0.1608597E-05 -0.7604761E-03 -0.6978937E-08  0.1532432E-01  0.5269602E-08
  0.5693065000000E+04  0.9603658E+00  0.1599687E-05 -0.7607038E-03 -0.6907321E-08  0.1532449E-01  0.5235376E-08
  0.5726265000000E+04  0.9604186E+00  0.1589228E-05 -0.7609305E-03 -0.6829448E-08  0.1532466E-01  0.5196217E-08
  0.5759665000000E+04  0.9604714E+00  0.1582017E-05 -0.7611565E-03 -0.6765984E-08  0.1532483E-01  0.5167921E-08
  0.5793265000000E+04  0.9605243E+00  0.1573243E-05 -0.7613815E-03 -0.6696185E-08  0.1532501E-01  0.5134633E-08
  0.5827098333333E+04  0.9605772E+00  0.1562976E-05 -0.7616055E-03 -0.6620391E-08  0.1532518E-01  0.5096493E-08
  0.5861131666667E+04  0.9606301E+00  0.1555846E-05 -0.7618287E-03 -0.6558333E-08  0.1532535E-01  0.5068816E-08
  0.5895398333333E+04  0.9606831E+00  0.1545704E-05 -0.7620509E-03 -0.6483967E-08  0.1532552E-01  0.5031446E-08
  0.5929898333333E+04  0.9607361E+00  0.1537139E-05 -0.7622723E-03 -0.6416629E-08  0.1532570E-01  0.4999335E-08
  0.5964598333333E+04  0.9607892E+00  0.1530084E-05 -0.7624928E-03 -0.6355995E-08  0.1532587E-01  0.4972343E-08
  0.5999531666667E+04  0.9608423E+00  0.1520125E-05 -0.7627123E-03 -0.6283626E-08  0.1532604E-01  0.4935928E-08
  0.6034698333333E+04  0.9608955E+00  0.1511690E-05 -0.7629310E-03 -0.6217970E-08  0.1532621E-01  0.4904580E-08
  0.6070065000000E+04  0.9609487E+00  0.1504712E-05 -0.7631488E-03 -0.6158717E-08  0.1532639E-01  0.4878167E-08
  0.6105665000000E+04  0.9610019E+00  0.1494936E-05 -0.7633655E-03 -0.6088342E-08  0.1532656E-01  0.4842691E-08
  0.6141498333333E+04  0.9610552E+00  0.1486632E-05 -0.7635814E-03 -0.6024378E-08  0.1532673E-01  0.4812099E-08
  0.6177565000000E+04  0.9611085E+00  0.1478369E-05 -0.7637964E-03 -0.5961019E-08  0.1532690E-01  0.4781838E-08
  0.6213865000000E+04  0.9611619E+00  0.1470147E-05 -0.7640105E-03 -0.5898205E-08  0.1532708E-01  0.4751811E-08
  0.6250398333333E+04  0.9612153E+00  0.1461967E-05 -0.7642237E-03 -0.5835940E-08  0.1532725E-01  0.4722016E-08
  0.6287165000000E+04  0.9612687E+00  0.1453829E-05 -0.7644360E-03 -0.5774223E-08  0.1532742E-01  0.4692451E-08
  0.6324165000000E+04  0.9613222E+00  0.1445733E-05 -0.7646474E-03 -0.5713056E-08  0.1532759E-01  0.4663116E-08
  0.6361398333333E+04  0.9613758E+00  0.1437679E-05 -0.7648579E-03 -0.5652442E-08  0.1532777E-01  0.4634007E-08
  0.6398865000000E+04  0.9614293E+00  0.1429667E-05 -0.7650674E-03 -0.5592380E-08  0.1532794E-01  0.4605124E-08
  0.6436598333333E+04  0.9614829E+00  0.1420441E-05 -0.7652760E-03 -0.5527985E-08  0.1532811E-01  0.4572420E-08
  0.6474565000000E+04  0.9615366E+00  0.1413774E-05 -0.7654838E-03 -0.5473973E-08  0.1532828E-01  0.4548115E-08
  0.6512765000000E+04  0.9615903E+00  0.1405883E-05 -0.7656907E-03 -0.5415573E-08  0.1532846E-01  0.4519941E-08
  0.6551231666667E+04  0.9616440E+00  0.1396823E-05 -0.7658966E-03 -0.5353039E-08  0.1532863E-01  0.4488010E-08
  0.6589931666667E+04  0.9616978E+00  0.1390232E-05 -0.7661017E-03 -0.5300398E-08  0.1532880E-01  0.4464165E-08
  0.6628898333333E+04  0.9617517E+00  0.1381280E-05 -0.7663059E-03 -0.5239136E-08  0.1532898E-01  0.4432801E-08
  0.6668131666667E+04  0.9618055E+00  0.1373572E-05 -0.7665092E-03 -0.5182999E-08  0.1532915E-01  0.4405497E-08
  0.6707598333333E+04  0.9618595E+00  0.1367053E-05 -0.7667117E-03 -0.5131748E-08  0.1532932E-01  0.4382138E-08
  0.6747331666667E+04  0.9619135E+00  0.1358260E-05 -0.7669133E-03 -0.5072300E-08  0.1532949E-01  0.4351468E-08
  0.6787331666667E+04  0.9619675E+00  0.1350667E-05 -0.7671140E-03 -0.5017750E-08  0.1532967E-01  0.4324706E-08
  0.6827598333333E+04  0.9620216E+00  0.1343112E-05 -0.7673139E-03 -0.4963759E-08  0.1532984E-01  0.4298179E-08
  0.6868098333333E+04  0.9620757E+00  0.1336693E-05 -0.7675129E-03 -0.4914327E-08  0.1533001E-01  0.4275331E-08
  0.6908865000000E+04  0.9621299E+00  0.1328108E-05 -0.7677109E-03 -0.4857289E-08  0.1533019E-01  0.4245533E-08
  0.6949898333333E+04  0.9621840E+00  0.1320670E-05 -0.7679081E-03 -0.4804864E-08  0.1533036E-01  0.4219448E-08
  0.6991231666667E+04  0.9622383E+00  0.1312210E-05 -0.7681044E-03 -0.4749167E-08  0.1533053E-01  0.4190200E-08
  0.7032831666667E+04  0.9622926E+00  0.1305911E-05 -0.7683000E-03 -0.4701700E-08  0.1533071E-01  0.4167941E-08
  0.7074698333333E+04  0.9623470E+00  0.1298580E-05 -0.7684947E-03 -0.4650882E-08  0.1533088E-01  0.4142411E-08
  0.7116831666667E+04  0.9624014E+00  0.1291287E-05 -0.7686885E-03 -0.4600555E-08  0.1533105E-01  0.4116966E-08
  0.7159198333333E+04  0.9624558E+00  0.1285043E-05 -0.7688815E-03 -0.4554340E-08  0.1533123E-01  0.4094884E-08
  0.7201765000000E+04  0.9625103E+00  0.1278812E-05 -0.7690734E-03 -0.4508509E-08  0.1533140E-01  0.4072805E-08
  0.7244531666667E+04  0.9625646E+00  0.1271611E-05 -0.7692641E-03 -0.4459605E-08  0.1533157E-01  0.4047549E-08
  0.7287498333333E+04  0.9626190E+00  0.1264461E-05 -0.7694536E-03 -0.4411282E-08  0.1533175E-01  0.4022425E-08
  0.7330665000000E+04  0.9626732E+00  0.1257360E-05 -0.7696420E-03 -0.4363572E-08  0.1533192E-01  0.3997485E-08
  0.7374031666667E+04  0.9627275E+00  0.1250309E-05 -0.7698292E-03 -0.4316469E-08  0.1533209E-01  0.3972724E-08
  0.7417598333333E+04  0.9627816E+00  0.1243307E-05 -0.7700152E-03 -0.4269973E-08  0.1533226E-01  0.3948137E-08
  0.7461365000000E+04  0.9628357E+00  0.1236353E-05 -0.7702001E-03 -0.4224078E-08  0.1533243E-01  0.3923719E-08
  0.7505331666667E+04  0.9628898E+00  0.1229448E-05 -0.7703838E-03 -0.4178782E-08  0.1533261E-01  0.3899465E-08
  0.7549498333333E+04  0.9629438E+00  0.1222592E-05 -0.7705664E-03 -0.4134081E-08  0.1533278E-01  0.3875370E-08
  0.7593898333333E+04  0.9629977E+00  0.1214870E-05 -0.7707479E-03 -0.4086902E-08  0.1533295E-01  0.3848538E-08
  0.7638498333333E+04  0.9630517E+00  0.1209024E-05 -0.7709283E-03 -0.4046475E-08  0.1533312E-01  0.3827691E-08
  0.7683298333333E+04  0.9631055E+00  0.1202305E-05 -0.7711077E-03 -0.4003533E-08  0.1533329E-01  0.3804071E-08
  0.7728298333333E+04  0.9631593E+00  0.1195633E-05 -0.7712860E-03 -0.3961147E-08  0.1533346E-01  0.3780546E-08
  0.7773531666667E+04  0.9632131E+00  0.1188131E-05 -0.7714631E-03 -0.3916451E-08  0.1533363E-01  0.3754389E-08
  0.7818965000000E+04  0.9632668E+00  0.1182430E-05 -0.7716393E-03 -0.3878128E-08  0.1533380E-01  0.3733949E-08
  0.7864598333333E+04  0.9633205E+00  0.1175893E-05 -0.7718144E-03 -0.3837461E-08  0.1533397E-01  0.3710845E-08
  0.7910465000000E+04  0.9633741E+00  0.1168551E-05 -0.7719885E-03 -0.3794579E-08  0.1533414E-01  0.3685142E-08
  0.7956531666667E+04  0.9634276E+00  0.1162956E-05 -0.7721616E-03 -0.3757802E-08  0.1533431E-01  0.3664965E-08
  0.8002831666667E+04  0.9634811E+00  0.1155718E-05 -0.7723336E-03 -0.3716122E-08  0.1533447E-01  0.3639579E-08
  0.8049331666667E+04  0.9635346E+00  0.1150191E-05 -0.7725048E-03 -0.3680352E-08  0.1533464E-01  0.3619553E-08
  0.8096065000000E+04  0.9635880E+00  0.1143055E-05 -0.7726749E-03 -0.3639836E-08  0.1533481E-01  0.3594427E-08
  0.8142998333333E+04  0.9636414E+00  0.1137596E-05 -0.7728441E-03 -0.3605064E-08  0.1533498E-01  0.3574540E-08
  0.8190165000000E+04  0.9636948E+00  0.1130560E-05 -0.7730122E-03 -0.3565696E-08  0.1533515E-01  0.3549659E-08
  0.8237565000000E+04  0.9637481E+00  0.1124378E-05 -0.7731795E-03 -0.3529429E-08  0.1533531E-01  0.3527418E-08
  0.8285165000000E+04  0.9638013E+00  0.1119017E-05 -0.7733460E-03 -0.3496141E-08  0.1533548E-01  0.3507747E-08
  0.8332998333333E+04  0.9638545E+00  0.1112128E-05 -0.7735114E-03 -0.3458453E-08  0.1533565E-01  0.3483200E-08
  0.8381065000000E+04  0.9639077E+00  0.1106066E-05 -0.7736760E-03 -0.3423744E-08  0.1533581E-01  0.3461203E-08
  0.8429365000000E+04  0.9639608E+00  0.1100043E-05 -0.7738397E-03 -0.3389556E-08  0.1533598E-01  0.3439310E-08
  0.8477865000000E+04  0.9640139E+00  0.1094810E-05 -0.7740025E-03 -0.3358177E-08  0.1533614E-01  0.3419833E-08
  0.8526598333333E+04  0.9640669E+00  0.1088110E-05 -0.7741645E-03 -0.3322667E-08  0.1533631E-01  0.3395688E-08
  0.8575565000000E+04  0.9641199E+00  0.1082206E-05 -0.7743256E-03 -0.3289981E-08  0.1533648E-01  0.3373975E-08
  0.8624765000000E+04  0.9641729E+00  0.1076339E-05 -0.7744859E-03 -0.3257802E-08  0.1533664E-01  0.3352355E-08
  0.8674198333333E+04  0.9642258E+00  0.1070510E-05 -0.7746453E-03 -0.3226112E-08  0.1533680E-01  0.3330794E-08
  0.8723865000000E+04  0.9642787E+00  0.1064719E-05 -0.7748040E-03 -0.3194907E-08  0.1533697E-01  0.3309290E-08
  0.8773765000000E+04  0.9643315E+00  0.1058964E-05 -0.7749619E-03 -0.3164184E-08  0.1533713E-01  0.3287841E-08
  0.8823898333333E+04  0.9643843E+00  0.1053247E-05 -0.7751190E-03 -0.3133938E-08  0.1533730E-01  0.3266446E-08
  0.8874298333333E+04  0.9644371E+00  0.1046873E-05 -0.7752754E-03 -0.3102115E-08  0.1533746E-01  0.3242957E-08
  0.8924931666667E+04  0.9644898E+00  0.1041924E-05 -0.7754311E-03 -0.3074882E-08  0.1533762E-01  0.3223843E-08
  0.8975798333333E+04  0.9645426E+00  0.1036313E-05 -0.7755860E-03 -0.3046046E-08  0.1533779E-01  0.3202612E-08
  0.9026898333333E+04  0.9645952E+00  0.1030738E-05 -0.7757402E-03 -0.3017661E-08  0.1533795E-01  0.3181402E-08
  0.9078265000000E+04  0.9646479E+00  0.1024534E-05 -0.7758937E-03 -0.2987797E-08  0.1533811E-01  0.3158189E-08
  0.9129865000000E+04  0.9647005E+00  0.1019698E-05 -0.7760465E-03 -0.2962283E-08  0.1533827E-01  0.3139153E-08
  0.9181731666667E+04  0.9647530E+00  0.1013576E-05 -0.7761987E-03 -0.2933379E-08  0.1533844E-01  0.3116089E-08
  0.9233831666667E+04  0.9648056E+00  0.1008794E-05 -0.7763502E-03 -0.2908698E-08  0.1533860E-01  0.3097080E-08
  0.9286198333333E+04  0.9648581E+00  0.1002753E-05 -0.7765011E-03 -0.2880725E-08  0.1533876E-01  0.3074135E-08
  0.9338798333333E+04  0.9649106E+00  0.9980258E-06 -0.7766513E-03 -0.2856865E-08  0.1533892E-01  0.3055152E-08
  0.9391665000000E+04  0.9649631E+00  0.9920645E-06 -0.7768009E-03 -0.2829809E-08  0.1533908E-01  0.3032323E-08
  0.9444798333333E+04  0.9650155E+00  0.9867717E-06 -0.7769500E-03 -0.2804998E-08  0.1533924E-01  0.3011475E-08
  0.9498165000000E+04  0.9650679E+00  0.9821235E-06 -0.7770985E-03 -0.2782349E-08  0.1533940E-01  0.2992544E-08
  0.9551798333333E+04  0.9651203E+00  0.9762791E-06 -0.7772463E-03 -0.2756629E-08  0.1533956E-01  0.2969879E-08
  0.9605698333333E+04  0.9651726E+00  0.9710835E-06 -0.7773936E-03 -0.2733070E-08  0.1533972E-01  0.2949127E-08
  0.9659865000000E+04  0.9652249E+00  0.9659192E-06 -0.7775404E-03 -0.2709926E-08  0.1533988E-01  0.2928423E-08
  0.9714298333333E+04  0.9652772E+00  0.9607859E-06 -0.7776867E-03 -0.2687184E-08  0.1534003E-01  0.2907746E-08
  0.9768998333333E+04  0.9653295E+00  0.9556834E-06 -0.7778325E-03 -0.2664840E-08  0.1534019E-01  0.2887096E-08
  0.9823965000000E+04  0.9653818E+00  0.9506118E-06 -0.7779777E-03 -0.2642891E-08  0.1534035E-01  0.2866474E-08
  0.9879198333333E+04  0.9654340E+00  0.9455708E-06 -0.7781225E-03 -0.2621333E-08  0.1534051E-01  0.2845880E-08
  0.9934698333333E+04  0.9654862E+00  0.9405604E-06 -0.7782668E-03 -0.2600163E-08  0.1534066E-01  0.2825314E-08
  0.9990465000000E+04  0.9655384E+00  0.9355805E-06 -0.7784107E-03 -0.2579378E-08  0.1534082E-01  0.2804778E-08
  0.1004653166667E+05  0.9655905E+00  0.9300777E-06 -0.7785540E-03 -0.2557451E-08  0.1534098E-01  0.2782616E-08
  0.1010286500000E+05  0.9656426E+00  0.9257130E-06 -0.7786971E-03 -0.2538951E-08  0.1534113E-01  0.2763815E-08
  0.1015949833333E+05  0.9656948E+00  0.9202791E-06 -0.7788397E-03 -0.2517807E-08  0.1534129E-01  0.2741760E-08
  0.1021639833333E+05  0.9657469E+00  0.9159603E-06 -0.7789819E-03 -0.2499999E-08  0.1534144E-01  0.2722967E-08
  0.1027359833333E+05  0.9657990E+00  0.9105946E-06 -0.7791238E-03 -0.2479616E-08  0.1534160E-01  0.2701003E-08
  0.1033106500000E+05  0.9658511E+00  0.9063219E-06 -0.7792653E-03 -0.2462487E-08  0.1534175E-01  0.2682223E-08
  0.1038883166667E+05  0.9659031E+00  0.9010238E-06 -0.7794064E-03 -0.2442848E-08  0.1534190E-01  0.2660354E-08
  0.1044689833333E+05  0.9659551E+00  0.8962822E-06 -0.7795472E-03 -0.2424992E-08  0.1534206E-01  0.2640076E-08
  0.1050523166667E+05  0.9660072E+00  0.8920769E-06 -0.7796877E-03 -0.2408858E-08  0.1534221E-01  0.2621335E-08
  0.1056386500000E+05  0.9660592E+00  0.8868781E-06 -0.7798279E-03 -0.2390301E-08  0.1534236E-01  0.2599607E-08
  0.1062279833333E+05  0.9661112E+00  0.8822194E-06 -0.7799677E-03 -0.2373464E-08  0.1534251E-01  0.2579418E-08
  0.1068203166667E+05  0.9661632E+00  0.8775874E-06 -0.7801073E-03 -0.2356962E-08  0.1534267E-01  0.2559271E-08
  0.1074156500000E+05  0.9662151E+00  0.8729820E-06 -0.7802467E-03 -0.2340784E-08  0.1534282E-01  0.2539153E-08
  0.1080139833333E+05  0.9662671E+00  0.8684031E-06 -0.7803858E-03 -0.2324928E-08  0.1534297E-01  0.2519065E-08
  0.1086153166667E+05  0.9663190E+00  0.8638506E-06 -0.7805247E-03 -0.2309391E-08  0.1534312E-01  0.2499009E-08
  0.1092199833333E+05  0.9663710E+00  0.8588509E-06 -0.7806633E-03 -0.2292903E-08  0.1534327E-01  0.2477620E-08
  0.1098276500000E+05  0.9664229E+00  0.8548260E-06 -0.7808018E-03 -0.2279261E-08  0.1534342E-01  0.2459013E-08
  0.1104383166667E+05  0.9664748E+00  0.8503502E-06 -0.7809401E-03 -0.2264651E-08  0.1534357E-01  0.2439064E-08
  0.1110523166667E+05  0.9665268E+00  0.8454414E-06 -0.7810782E-03 -0.2249120E-08  0.1534371E-01  0.2417826E-08
  0.1116693166667E+05  0.9665787E+00  0.8414783E-06 -0.7812162E-03 -0.2236338E-08  0.1534386E-01  0.2399268E-08
  0.1122896500000E+05  0.9666306E+00  0.8366289E-06 -0.7813540E-03 -0.2221426E-08  0.1534401E-01  0.2378147E-08
  0.1129133166667E+05  0.9666825E+00  0.8322612E-06 -0.7814917E-03 -0.2208016E-08  0.1534416E-01  0.2358366E-08
  0.1135399833333E+05  0.9667344E+00  0.8283575E-06 -0.7816293E-03 -0.2196058E-08  0.1534430E-01  0.2339875E-08
  0.1141699833333E+05  0.9667863E+00  0.8235954E-06 -0.7817668E-03 -0.2182037E-08  0.1534445E-01  0.2318917E-08
  0.1148033166667E+05  0.9668382E+00  0.8193009E-06 -0.7819042E-03 -0.2169468E-08  0.1534460E-01  0.2299253E-08
  0.1154399833333E+05  0.9668901E+00  0.8150299E-06 -0.7820415E-03 -0.2157172E-08  0.1534474E-01  0.2279639E-08
  0.1160799833333E+05  0.9669419E+00  0.8107825E-06 -0.7821788E-03 -0.2145143E-08  0.1534489E-01  0.2260066E-08
  0.1167233166667E+05  0.9669938E+00  0.8065586E-06 -0.7823161E-03 -0.2133378E-08  0.1534503E-01  0.2240536E-08
  0.1173699833333E+05  0.9670457E+00  0.8023582E-06 -0.7824533E-03 -0.2121873E-08  0.1534517E-01  0.2221050E-08
  0.1180203166667E+05  0.9670976E+00  0.7977722E-06 -0.7825905E-03 -0.2109543E-08  0.1534532E-01  0.2200483E-08
  0.1186739833333E+05  0.9671495E+00  0.7940290E-06 -0.7827277E-03 -0.2099634E-08  0.1534546E-01  0.2182232E-08
  0.1193309833333E+05  0.9672014E+00  0.7898970E-06 -0.7828650E-03 -0.2088885E-08  0.1534560E-01  0.2162892E-08
  0.1199916500000E+05  0.9672533E+00  0.7853919E-06 -0.7830022E-03 -0.2077332E-08  0.1534574E-01  0.2142513E-08
  0.1206559833333E+05  0.9673052E+00  0.7813120E-06 -0.7831395E-03 -0.2067084E-08  0.1534588E-01  0.2123297E-08
  0.1213236500000E+05  0.9673571E+00  0.7776414E-06 -0.7832769E-03 -0.2058098E-08  0.1534602E-01  0.2105186E-08
  0.1219949833333E+05  0.9674090E+00  0.7732148E-06 -0.7834144E-03 -0.2047285E-08  0.1534616E-01  0.2085013E-08
  0.1226699833333E+05  0.9674609E+00  0.7692007E-06 -0.7835519E-03 -0.2037734E-08  0.1534630E-01  0.2065951E-08
  0.1233486500000E+05  0.9675129E+00  0.7652080E-06 -0.7836896E-03 -0.2028407E-08  0.1534644E-01  0.2046952E-08
  0.1240309833333E+05  0.9675648E+00  0.7612365E-06 -0.7838274E-03 -0.2019300E-08  0.1534658E-01  0.2028006E-08
  0.1247169833333E+05  0.9676168E+00  0.7572864E-06 -0.7839653E-03 -0.2010410E-08  0.1534672E-01  0.2009118E-08
  0.1254066500000E+05  0.9676687E+00  0.7533575E-06 -0.7841033E-03 -0.2001734E-08  0.1534686E-01  0.1990289E-08
  0.1260999833333E+05  0.9677207E+00  0.7494500E-06 -0.7842415E-03 -0.1993268E-08  0.1534699E-01  0.1971521E-08
  0.1267973166667E+05  0.9677726E+00  0.7452074E-06 -0.7843799E-03 -0.1984060E-08  0.1534713E-01  0.1951883E-08
  0.1274983166667E+05  0.9678246E+00  0.7416999E-06 -0.7845185E-03 -0.1976956E-08  0.1534726E-01  0.1934186E-08
  0.1282033166667E+05  0.9678766E+00  0.7375057E-06 -0.7846572E-03 -0.1968165E-08  0.1534740E-01  0.1914708E-08
  0.1289119833333E+05  0.9679287E+00  0.7340315E-06 -0.7847962E-03 -0.1961437E-08  0.1534753E-01  0.1897110E-08
  0.1296246500000E+05  0.9679807E+00  0.7298854E-06 -0.7849354E-03 -0.1953050E-08  0.1534767E-01  0.1877792E-08
  0.1303413166667E+05  0.9680327E+00  0.7261068E-06 -0.7850749E-03 -0.1945779E-08  0.1534780E-01  0.1859439E-08
  0.1310619833333E+05  0.9680848E+00  0.7223477E-06 -0.7852146E-03 -0.1938691E-08  0.1534793E-01  0.1841160E-08
  0.1317866500000E+05  0.9681368E+00  0.7186082E-06 -0.7853546E-03 -0.1931782E-08  0.1534807E-01  0.1822951E-08
  0.1325153166667E+05  0.9681889E+00  0.7148882E-06 -0.7854948E-03 -0.1925051E-08  0.1534820E-01  0.1804813E-08
  0.1332479833333E+05  0.9682410E+00  0.7111878E-06 -0.7856354E-03 -0.1918494E-08  0.1534833E-01  0.1786749E-08
  0.1339849833333E+05  0.9682932E+00  0.7071870E-06 -0.7857763E-03 -0.1911242E-08  0.1534846E-01  0.1767960E-08
  0.1347259833333E+05  0.9683453E+00  0.7038468E-06 -0.7859175E-03 -0.1905890E-08  0.1534859E-01  0.1750856E-08
  0.1354709833333E+05  0.9683975E+00  0.7002037E-06 -0.7860590E-03 -0.1899832E-08  0.1534872E-01  0.1733024E-08
  0.1362203166667E+05  0.9684497E+00  0.6962703E-06 -0.7862009E-03 -0.1893093E-08  0.1534885E-01  0.1714504E-08
  0.1369739833333E+05  0.9685019E+00  0.6926708E-06 -0.7863431E-03 -0.1887364E-08  0.1534897E-01  0.1696850E-08
  0.1377319833333E+05  0.9685541E+00  0.6890893E-06 -0.7864858E-03 -0.1881786E-08  0.1534910E-01  0.1679281E-08
  0.1384939833333E+05  0.9686063E+00  0.6858258E-06 -0.7866288E-03 -0.1877179E-08  0.1534923E-01  0.1662518E-08
  0.1392603166667E+05  0.9686586E+00  0.6819798E-06 -0.7867722E-03 -0.1871074E-08  0.1534935E-01  0.1644378E-08
  0.1400313166667E+05  0.9687109E+00  0.6781609E-06 -0.7869160E-03 -0.1865132E-08  0.1534948E-01  0.1626355E-08
  0.1408066500000E+05  0.9687632E+00  0.6749478E-06 -0.7870603E-03 -0.1860944E-08  0.1534960E-01  0.1609837E-08
  0.1415863166667E+05  0.9688156E+00  0.6714572E-06 -0.7872050E-03 -0.1856081E-08  0.1534973E-01  0.1592696E-08
  0.1423706500000E+05  0.9688680E+00  0.6677010E-06 -0.7873501E-03 -0.1850568E-08  0.1534985E-01  0.1574971E-08
  0.1431593166667E+05  0.9689204E+00  0.6645317E-06 -0.7874958E-03 -0.1846761E-08  0.1534997E-01  0.1558684E-08
  0.1439526500000E+05  0.9689728E+00  0.6608168E-06 -0.7876419E-03 -0.1841516E-08  0.1535010E-01  0.1541168E-08
  0.1447503166667E+05  0.9690252E+00  0.6576766E-06 -0.7877885E-03 -0.1837949E-08  0.1535022E-01  0.1525045E-08
  0.1455526500000E+05  0.9690777E+00  0.6540030E-06 -0.7879356E-03 -0.1832963E-08  0.1535034E-01  0.1507739E-08
  0.1463596500000E+05  0.9691302E+00  0.6506235E-06 -0.7880831E-03 -0.1828867E-08  0.1535046E-01  0.1491172E-08
  0.1471713166667E+05  0.9691828E+00  0.6472609E-06 -0.7882313E-03 -0.1824885E-08  0.1535058E-01  0.1474706E-08
  0.1479876500000E+05  0.9692353E+00  0.6439153E-06 -0.7883799E-03 -0.1821016E-08  0.1535070E-01  0.1458339E-08
  0.1488089833333E+05  0.9692879E+00  0.6403269E-06 -0.7885291E-03 -0.1816517E-08  0.1535082E-01  0.1441486E-08
  0.1496349833333E+05  0.9693406E+00  0.6372764E-06 -0.7886789E-03 -0.1813602E-08  0.1535093E-01  0.1425911E-08
  0.1504659833333E+05  0.9693932E+00  0.6337266E-06 -0.7888293E-03 -0.1809323E-08  0.1535105E-01  0.1409283E-08
  0.1513016500000E+05  0.9694459E+00  0.6307034E-06 -0.7889802E-03 -0.1806600E-08  0.1535117E-01  0.1393892E-08
  0.1521423166667E+05  0.9694986E+00  0.6271923E-06 -0.7891318E-03 -0.1802529E-08  0.1535128E-01  0.1377492E-08
  0.1529879833333E+05  0.9695514E+00  0.6239508E-06 -0.7892839E-03 -0.1799278E-08  0.1535140E-01  0.1361757E-08
  0.1538386500000E+05  0.9696042E+00  0.6207254E-06 -0.7894367E-03 -0.1796116E-08  0.1535151E-01  0.1346133E-08
  0.1546943166667E+05  0.9696571E+00  0.6175159E-06 -0.7895902E-03 -0.1793042E-08  0.1535163E-01  0.1330616E-08
  0.1555549833333E+05  0.9697099E+00  0.6143226E-06 -0.7897442E-03 -0.1790055E-08  0.1535174E-01  0.1315209E-08
  0.1564209833333E+05  0.9697628E+00  0.6109102E-06 -0.7898989E-03 -0.1786464E-08  0.1535185E-01  0.1299414E-08
  0.1572919833333E+05  0.9698158E+00  0.6079853E-06 -0.7900543E-03 -0.1784330E-08  0.1535197E-01  0.1284736E-08
  0.1581683166667E+05  0.9698688E+00  0.6046093E-06 -0.7902104E-03 -0.1780904E-08  0.1535208E-01  0.1269186E-08
  0.1590496500000E+05  0.9699218E+00  0.6017105E-06 -0.7903672E-03 -0.1778913E-08  0.1535219E-01  0.1254718E-08
  0.1599363166667E+05  0.9699749E+00  0.5983711E-06 -0.7905246E-03 -0.1775645E-08  0.1535230E-01  0.1239415E-08
  0.1608283166667E+05  0.9700280E+00  0.5952763E-06 -0.7906828E-03 -0.1773124E-08  0.1535241E-01  0.1224708E-08
  0.1617256500000E+05  0.9700811E+00  0.5921968E-06 -0.7908417E-03 -0.1770667E-08  0.1535251E-01  0.1210122E-08
  0.1626286500000E+05  0.9701343E+00  0.5889150E-06 -0.7910013E-03 -0.1767622E-08  0.1535262E-01  0.1195213E-08
  0.1635369833333E+05  0.9701875E+00  0.5860843E-06 -0.7911617E-03 -0.1765946E-08  0.1535273E-01  0.1181311E-08
  0.1644506500000E+05  0.9702408E+00  0.5830496E-06 -0.7913228E-03 -0.1763672E-08  0.1535284E-01  0.1167086E-08
  0.1653699833333E+05  0.9702941E+00  0.5798201E-06 -0.7914847E-03 -0.1760819E-08  0.1535294E-01  0.1152564E-08
  0.1662949833333E+05  0.9703474E+00  0.5768195E-06 -0.7916474E-03 -0.1758665E-08  0.1535305E-01  0.1138597E-08
  0.1672256500000E+05  0.9704009E+00  0.5738333E-06 -0.7918109E-03 -0.1756560E-08  0.1535315E-01  0.1124756E-08
  0.1681619833333E+05  0.9704543E+00  0.5708616E-06 -0.7919752E-03 -0.1754504E-08  0.1535326E-01  0.1111039E-08
  0.1691039833333E+05  0.9705078E+00  0.5679044E-06 -0.7921402E-03 -0.1752494E-08  0.1535336E-01  0.1097450E-08
  0.1700516500000E+05  0.9705613E+00  0.5649619E-06 -0.7923061E-03 -0.1750529E-08  0.1535346E-01  0.1083988E-08
  0.1710049833333E+05  0.9706149E+00  0.5620340E-06 -0.7924728E-03 -0.1748606E-08  0.1535356E-01  0.1070657E-08
  0.1719643166667E+05  0.9706685E+00  0.5589266E-06 -0.7926403E-03 -0.1746116E-08  0.1535367E-01  0.1057090E-08
  0.1729296500000E+05  0.9707222E+00  0.5560311E-06 -0.7928087E-03 -0.1744276E-08  0.1535377E-01  0.1044033E-08
  0.1739006500000E+05  0.9707759E+00  0.5533393E-06 -0.7929780E-03 -0.1743066E-08  0.1535387E-01  0.1031463E-08
  0.1748776500000E+05  0.9708297E+00  0.5502808E-06 -0.7931480E-03 -0.1740691E-08  0.1535397E-01  0.1018314E-08
  0.1758606500000E+05  0.9708835E+00  0.5474279E-06 -0.7933190E-03 -0.1738948E-08  0.1535407E-01  0.1005657E-08
  0.1768499833333E+05  0.9709374E+00  0.5444054E-06 -0.7934908E-03 -0.1736645E-08  0.1535416E-01  0.9928036E-09
  0.1778453166667E+05  0.9709913E+00  0.5417646E-06 -0.7936635E-03 -0.1735539E-08  0.1535426E-01  0.9807575E-09
  0.1788469833333E+05  0.9710453E+00  0.5387734E-06 -0.7938372E-03 -0.1733291E-08  0.1535436E-01  0.9681891E-09
  0.1798546500000E+05  0.9710993E+00  0.5361557E-06 -0.7940117E-03 -0.1732222E-08  0.1535445E-01  0.9564048E-09
  0.1808686500000E+05  0.9711534E+00  0.5331959E-06 -0.7941871E-03 -0.1730023E-08  0.1535455E-01  0.9441256E-09
  0.1818889833333E+05  0.9712075E+00  0.5304284E-06 -0.7943635E-03 -0.1728416E-08  0.1535465E-01  0.9323051E-09
  0.1829156500000E+05  0.9712617E+00  0.5276742E-06 -0.7945408E-03 -0.1726823E-08  0.1535474E-01  0.9206268E-09
  0.1839486500000E+05  0.9713159E+00  0.5249335E-06 -0.7947190E-03 -0.1725242E-08  0.1535483E-01  0.9090901E-09
  0.1849883166667E+05  0.9713702E+00  0.5220388E-06 -0.7948981E-03 -0.1723119E-08  0.1535493E-01  0.8974088E-09
  0.1860343166667E+05  0.9714245E+00  0.5194932E-06 -0.7950783E-03 -0.1722110E-08  0.1535502E-01  0.8864491E-09
  0.1870869833333E+05  0.9714789E+00  0.5166286E-06 -0.7952593E-03 -0.1720008E-08  0.1535511E-01  0.8750669E-09
  0.1881463166667E+05  0.9715333E+00  0.5139437E-06 -0.7954414E-03 -0.1718462E-08  0.1535520E-01  0.8641141E-09
  0.1892123166667E+05  0.9715878E+00  0.5112717E-06 -0.7956244E-03 -0.1716916E-08  0.1535529E-01  0.8533076E-09
  0.1902849833333E+05  0.9716424E+00  0.5086126E-06 -0.7958084E-03 -0.1715371E-08  0.1535538E-01  0.8426475E-09
  0.1913643166667E+05  0.9716970E+00  0.5059664E-06 -0.7959934E-03 -0.1713824E-08  0.1535547E-01  0.8321349E-09
  0.1924506500000E+05  0.9717517E+00  0.5031789E-06 -0.7961793E-03 -0.1711749E-08  0.1535556E-01  0.8215189E-09
  0.1935439833333E+05  0.9718064E+00  0.5005612E-06 -0.7963663E-03 -0.1710199E-08  0.1535565E-01  0.8113108E-09
  0.1946439833333E+05  0.9718612E+00  0.4981067E-06 -0.7965543E-03 -0.1709157E-08  0.1535574E-01  0.8014947E-09
  0.1957509833333E+05  0.9719160E+00  0.4953622E-06 -0.7967433E-03 -0.1707070E-08  0.1535583E-01  0.7913411E-09
  0.1968649833333E+05  0.9719709E+00  0.4927824E-06 -0.7969333E-03 -0.1705493E-08  0.1535592E-01  0.7815835E-09
  0.1979863166667E+05  0.9720259E+00  0.4900694E-06 -0.7971243E-03 -0.1703396E-08  0.1535600E-01  0.7717488E-09
  0.1991146500000E+05  0.9720809E+00  0.4876609E-06 -0.7973164E-03 -0.1702298E-08  0.1535609E-01  0.7625263E-09
  0.2002503166667E+05  0.9721360E+00  0.4849757E-06 -0.7975094E-03 -0.1700176E-08  0.1535617E-01  0.7530042E-09
  0.2013933166667E+05  0.9721911E+00  0.4824477E-06 -0.7977036E-03 -0.1698542E-08  0.1535626E-01  0.7438615E-09
  0.2025436500000E+05  0.9722463E+00  0.4799316E-06 -0.7978988E-03 -0.1696886E-08  0.1535634E-01  0.7348725E-09
  0.2037013166667E+05  0.9723016E+00  0.4774276E-06 -0.7980950E-03 -0.1695210E-08  0.1535643E-01  0.7260371E-09
  0.2048663166667E+05  0.9723569E+00  0.4749356E-06 -0.7982923E-03 -0.1693512E-08  0.1535651E-01  0.7173564E-09
  0.2060386500000E+05  0.9724123E+00  0.4724559E-06 -0.7984907E-03 -0.1691790E-08  0.1535659E-01  0.7088311E-09
  0.2072186500000E+05  0.9724677E+00  0.4698556E-06 -0.7986900E-03 -0.1689566E-08  0.1535668E-01  0.7002642E-09
  0.2084063166667E+05  0.9725233E+00  0.4674023E-06 -0.7988905E-03 -0.1687796E-08  0.1535676E-01  0.6920564E-09
  0.2096016500000E+05  0.9725788E+00  0.4649607E-06 -0.7990920E-03 -0.1685996E-08  0.1535684E-01  0.6840047E-09
  0.2108046500000E+05  0.9726345E+00  0.4625307E-06 -0.7992946E-03 -0.1684166E-08  0.1535692E-01  0.6761092E-09
  0.2120153166667E+05  0.9726902E+00  0.4601125E-06 -0.7994983E-03 -0.1682304E-08  0.1535700E-01  0.6683706E-09
  0.2132339833333E+05  0.9727459E+00  0.4575809E-06 -0.7997030E-03 -0.1679951E-08  0.1535708E-01  0.6606088E-09
  0.2144606500000E+05  0.9728018E+00  0.4551882E-06 -0.7999089E-03 -0.1678028E-08  0.1535716E-01  0.6531895E-09
  0.2156949833333E+05  0.9728577E+00  0.4529291E-06 -0.8001158E-03 -0.1676520E-08  0.1535724E-01  0.6461019E-09
  0.2169376500000E+05  0.9729136E+00  0.4503154E-06 -0.8003238E-03 -0.1673621E-08  0.1535732E-01  0.6386508E-09
  0.2181883166667E+05  0.9729697E+00  0.4480785E-06 -0.8005329E-03 -0.1672038E-08  0.1535740E-01  0.6318768E-09
  0.2194469833333E+05  0.9730258E+00  0.4457311E-06 -0.8007431E-03 -0.1669963E-08  0.1535748E-01  0.6250884E-09
  0.2207139833333E+05  0.9730820E+00  0.4432786E-06 -0.8009544E-03 -0.1667411E-08  0.1535756E-01  0.6182955E-09
  0.2219893166667E+05  0.9731382E+00  0.4409561E-06 -0.8011667E-03 -0.1665261E-08  0.1535764E-01  0.6118275E-09
  0.2232729833333E+05  0.9731945E+00  0.4386445E-06 -0.8013802E-03 -0.1663066E-08  0.1535771E-01  0.6055173E-09
  0.2245649833333E+05  0.9732509E+00  0.4363439E-06 -0.8015948E-03 -0.1660828E-08  0.1535779E-01  0.5993652E-09
  0.2258653166667E+05  0.9733073E+00  0.4340544E-06 -0.8018105E-03 -0.1658546E-08  0.1535787E-01  0.5933712E-09
  0.2271743166667E+05  0.9733638E+00  0.4316661E-06 -0.8020272E-03 -0.1655797E-08  0.1535795E-01  0.5873861E-09
  0.2284919833333E+05  0.9734204E+00  0.4294007E-06 -0.8022451E-03 -0.1653428E-08  0.1535802E-01  0.5817118E-09
  0.2298183166667E+05  0.9734771E+00  0.4271459E-06 -0.8024640E-03 -0.1651009E-08  0.1535810E-01  0.5761949E-09
  0.2311533166667E+05  0.9735338E+00  0.4249018E-06 -0.8026841E-03 -0.1648543E-08  0.1535817E-01  0.5708354E-09
  0.2324969833333E+05  0.9735906E+00  0.4226684E-06 -0.8029053E-03 -0.1646027E-08  0.1535825E-01  0.5656333E-09
  0.2338496500000E+05  0.9736474E+00  0.4203424E-06 -0.8031275E-03 -0.1643057E-08  0.1535833E-01  0.5604505E-09
  0.2352109833333E+05  0.9737044E+00  0.4182347E-06 -0.8033509E-03 -0.1640848E-08  0.1535840E-01  0.5557015E-09
  0.2365813166667E+05  0.9737614E+00  0.4159324E-06 -0.8035754E-03 -0.1637781E-08  0.1535848E-01  0.5508363E-09
  0.2379609833333E+05  0.9738184E+00  0.4136438E-06 -0.8038009E-03 -0.1634672E-08  0.1535855E-01  0.5461322E-09
  0.2393496500000E+05  0.9738756E+00  0.4115659E-06 -0.8040276E-03 -0.1632300E-08  0.1535863E-01  0.5418479E-09
  0.2407476500000E+05  0.9739328E+00  0.4093002E-06 -0.8042553E-03 -0.1629088E-08  0.1535870E-01  0.5374578E-09
  0.2421549833333E+05  0.9739901E+00  0.4071442E-06 -0.8044842E-03 -0.1626217E-08  0.1535878E-01  0.5333531E-09
  0.2435716500000E+05  0.9740475E+00  0.4049983E-06 -0.8047141E-03 -0.1623289E-08  0.1535885E-01  0.5294022E-09
  0.2449976500000E+05  0.9741049E+00  0.4028626E-06 -0.8049452E-03 -0.1620307E-08  0.1535893E-01  0.5256049E-09
  0.2464329833333E+05  0.9741624E+00  0.4007372E-06 -0.8051773E-03 -0.1617270E-08  0.1535900E-01  0.5219608E-09
  0.2478779833333E+05  0.9742200E+00  0.3985301E-06 -0.8054105E-03 -0.1613806E-08  0.1535908E-01  0.5183497E-09
  0.2493326500000E+05  0.9742777E+00  0.3964268E-06 -0.8056448E-03 -0.1610662E-08  0.1535915E-01  0.5150119E-09
  0.2507969833333E+05  0.9743354E+00  0.3943333E-06 -0.8058802E-03 -0.1607460E-08  0.1535923E-01  0.5118247E-09
  0.2522713166667E+05  0.9743933E+00  0.3921612E-06 -0.8061167E-03 -0.1603840E-08  0.1535930E-01  0.5086727E-09
  0.2537553166667E+05  0.9744512E+00  0.3901768E-06 -0.8063542E-03 -0.1600888E-08  0.1535938E-01  0.5059004E-09
  0.2552493166667E+05  0.9745091E+00  0.3880263E-06 -0.8065928E-03 -0.1597158E-08  0.1535945E-01  0.5030487E-09
  0.2567533166667E+05  0.9745672E+00  0.3859740E-06 -0.8068325E-03 -0.1593733E-08  0.1535953E-01  0.5004590E-09
  0.2582673166667E+05  0.9746253E+00  0.3839313E-06 -0.8070733E-03 -0.1590249E-08  0.1535960E-01  0.4980157E-09
  0.2597916500000E+05  0.9746835E+00  0.3818150E-06 -0.8073151E-03 -0.1586362E-08  0.1535968E-01  0.4956099E-09
  0.2613263166667E+05  0.9747418E+00  0.3797932E-06 -0.8075580E-03 -0.1582767E-08  0.1535976E-01  0.4934586E-09
  0.2628713166667E+05  0.9748002E+00  0.3777809E-06 -0.8078020E-03 -0.1579114E-08  0.1535983E-01  0.4914504E-09
  0.2644266500000E+05  0.9748586E+00  0.3757781E-06 -0.8080470E-03 -0.1575403E-08  0.1535991E-01  0.4895850E-09
  0.2659926500000E+05  0.9749171E+00  0.3737052E-06 -0.8082931E-03 -0.1571301E-08  0.1535998E-01  0.4877572E-09
  0.2675689833333E+05  0.9749757E+00  0.3718013E-06 -0.8085402E-03 -0.1567811E-08  0.1536006E-01  0.4862776E-09
  0.2691563166667E+05  0.9750344E+00  0.3696715E-06 -0.8087884E-03 -0.1563271E-08  0.1536014E-01  0.4846292E-09
  0.2707543166667E+05  0.9750932E+00  0.3677859E-06 -0.8090376E-03 -0.1559666E-08  0.1536021E-01  0.4834257E-09
  0.2723629833333E+05  0.9751520E+00  0.3658312E-06 -0.8092879E-03 -0.1555672E-08  0.1536029E-01  0.4822560E-09
  0.2739826500000E+05  0.9752110E+00  0.3638111E-06 -0.8095391E-03 -0.1551304E-08  0.1536037E-01  0.4811231E-09
  0.2756133166667E+05  0.9752700E+00  0.3618764E-06 -0.8097914E-03 -0.1547204E-08  0.1536045E-01  0.4802242E-09
  0.2772553166667E+05  0.9753291E+00  0.3598777E-06 -0.8100447E-03 -0.1542733E-08  0.1536053E-01  0.4793599E-09
  0.2789083166667E+05  0.9753883E+00  0.3580346E-06 -0.8102991E-03 -0.1538834E-08  0.1536061E-01  0.4788213E-09
  0.2805726500000E+05  0.9754475E+00  0.3560556E-06 -0.8105545E-03 -0.1534258E-08  0.1536069E-01  0.4782188E-09
  0.2822483166667E+05  0.9755069E+00  0.3541583E-06 -0.8108108E-03 -0.1529940E-08  0.1536077E-01  0.4778415E-09
  0.2839339833333E+05  0.9755663E+00  0.3525486E-06 -0.8110682E-03 -0.1526774E-08  0.1536085E-01  0.4779679E-09
  0.2856286500000E+05  0.9756257E+00  0.3508719E-06 -0.8113263E-03 -0.1523236E-08  0.1536093E-01  0.4781216E-09
  0.2873323166667E+05  0.9756852E+00  0.3489961E-06 -0.8115851E-03 -0.1518750E-08  0.1536101E-01  0.4781176E-09
  0.2890453166667E+05  0.9757447E+00  0.3470645E-06 -0.8118444E-03 -0.1513930E-08  0.1536109E-01  0.4781429E-09
  0.2907676500000E+05  0.9758041E+00  0.3452131E-06 -0.8121044E-03 -0.1509363E-08  0.1536117E-01  0.4783797E-09
  0.2924993166667E+05  0.9758636E+00  0.3433730E-06 -0.8123649E-03 -0.1504751E-08  0.1536126E-01  0.4787320E-09
  0.2942403166667E+05  0.9759230E+00  0.3415441E-06 -0.8126261E-03 -0.1500096E-08  0.1536134E-01  0.4791983E-09
  0.2959906500000E+05  0.9759825E+00  0.3397265E-06 -0.8128878E-03 -0.1495400E-08  0.1536142E-01  0.4797764E-09
  0.2977503166667E+05  0.9760420E+00  0.3379200E-06 -0.8131502E-03 -0.1490664E-08  0.1536151E-01  0.4804640E-09
  0.2995196500000E+05  0.9761014E+00  0.3360614E-06 -0.8134130E-03 -0.1485608E-08  0.1536159E-01  0.4811682E-09
  0.3012983166667E+05  0.9761609E+00  0.3343407E-06 -0.8136764E-03 -0.1481074E-08  0.1536168E-01  0.4821584E-09
  0.3030866500000E+05  0.9762204E+00  0.3325052E-06 -0.8139404E-03 -0.1475945E-08  0.1536177E-01  0.4830704E-09
  0.3048846500000E+05  0.9762798E+00  0.3307436E-06 -0.8142049E-03 -0.1471060E-08  0.1536185E-01  0.4841735E-09
  0.3066923166667E+05  0.9763393E+00  0.3289927E-06 -0.8144699E-03 -0.1466137E-08  0.1536194E-01  0.4853742E-09
  0.3085099833333E+05  0.9763988E+00  0.3271923E-06 -0.8147355E-03 -0.1460912E-08  0.1536203E-01  0.4865817E-09
  0.3103373166667E+05  0.9764583E+00  0.3255228E-06 -0.8150016E-03 -0.1456190E-08  0.1536212E-01  0.4880610E-09
  0.3121743166667E+05  0.9765177E+00  0.3238033E-06 -0.8152681E-03 -0.1451166E-08  0.1536221E-01  0.4895422E-09
  0.3140213166667E+05  0.9765772E+00  0.3220363E-06 -0.8155352E-03 -0.1445852E-08  0.1536230E-01  0.4910244E-09
  0.3158783166667E+05  0.9766367E+00  0.3203386E-06 -0.8158027E-03 -0.1440771E-08  0.1536239E-01  0.4926816E-09
  0.3177453166667E+05  0.9766962E+00  0.3186511E-06 -0.8160708E-03 -0.1435661E-08  0.1536248E-01  0.4944226E-09
  0.3196223166667E+05  0.9767557E+00  0.3169737E-06 -0.8163393E-03 -0.1430522E-08  0.1536258E-01  0.4962457E-09
  0.3215096500000E+05  0.9768152E+00  0.3152508E-06 -0.8166082E-03 -0.1425106E-08  0.1536267E-01  0.4980606E-09
  0.3234069833333E+05  0.9768747E+00  0.3136494E-06 -0.8168777E-03 -0.1420168E-08  0.1536276E-01  0.5001285E-09
  0.3253146500000E+05  0.9769342E+00  0.3119474E-06 -0.8171476E-03 -0.1414705E-08  0.1536286E-01  0.5020955E-09
  0.3272326500000E+05  0.9769937E+00  0.3103107E-06 -0.8174179E-03 -0.1409471E-08  0.1536296E-01  0.5042234E-09
  0.3291609833333E+05  0.9770532E+00  0.3086836E-06 -0.8176887E-03 -0.1404213E-08  0.1536305E-01  0.5064212E-09
  0.3310996500000E+05  0.9771128E+00  0.3070662E-06 -0.8179599E-03 -0.1398935E-08  0.1536315E-01  0.5086871E-09
  0.3330486500000E+05  0.9771723E+00  0.3054584E-06 -0.8182315E-03 -0.1393638E-08  0.1536325E-01  0.5110188E-09
  0.3350083166667E+05  0.9772318E+00  0.3038086E-06 -0.8185035E-03 -0.1388087E-08  0.1536335E-01  0.5133266E-09
  0.3369783166667E+05  0.9772914E+00  0.3022719E-06 -0.8187760E-03 -0.1382991E-08  0.1536346E-01  0.5158698E-09
  0.3389589833333E+05  0.9773509E+00  0.3006420E-06 -0.8190488E-03 -0.1377411E-08  0.1536356E-01  0.5182969E-09
  0.3409503166667E+05  0.9774105E+00  0.2990729E-06 -0.8193220E-03 -0.1372052E-08  0.1536366E-01  0.5208681E-09
  0.3429523166667E+05  0.9774701E+00  0.2975131E-06 -0.8195956E-03 -0.1366679E-08  0.1536377E-01  0.5234929E-09
  0.3449649833333E+05  0.9775296E+00  0.2959625E-06 -0.8198696E-03 -0.1361293E-08  0.1536387E-01  0.5261697E-09
  0.3469886500000E+05  0.9775892E+00  0.2943725E-06 -0.8201440E-03 -0.1355675E-08  0.1536398E-01  0.5288090E-09
  0.3490233166667E+05  0.9776488E+00  0.2928409E-06 -0.8204187E-03 -0.1350272E-08  0.1536409E-01  0.5315825E-09
  0.3510686500000E+05  0.9777084E+00  0.2913656E-06 -0.8206938E-03 -0.1345079E-08  0.1536420E-01  0.5344877E-09
  0.3531249833333E+05  0.9777680E+00  0.2898041E-06 -0.8209692E-03 -0.1339440E-08  0.1536431E-01  0.5372622E-09
  0.3551926500000E+05  0.9778276E+00  0.2882528E-06 -0.8212450E-03 -0.1333801E-08  0.1536442E-01  0.5400776E-09
  0.3572713166667E+05  0.9778872E+00  0.2868034E-06 -0.8215212E-03 -0.1328587E-08  0.1536453E-01  0.5431047E-09
  0.3593613166667E+05  0.9779468E+00  0.2852705E-06 -0.8217977E-03 -0.1322941E-08  0.1536465E-01  0.5459938E-09
  0.3614623166667E+05  0.9780064E+00  0.2838374E-06 -0.8220745E-03 -0.1317717E-08  0.1536476E-01  0.5490919E-09
  0.3635739833333E+05  0.9780661E+00  0.2824119E-06 -0.8223517E-03 -0.1312486E-08  0.1536488E-01  0.5522217E-09
  0.3656963166667E+05  0.9781257E+00  0.2809500E-06 -0.8226291E-03 -0.1307049E-08  0.1536500E-01  0.5552950E-09
  0.3678289833333E+05  0.9781853E+00  0.2795407E-06 -0.8229067E-03 -0.1301818E-08  0.1536511E-01  0.5584832E-09
  0.3699723166667E+05  0.9782449E+00  0.2780529E-06 -0.8231846E-03 -0.1296185E-08  0.1536524E-01  0.5615215E-09
  0.3721263166667E+05  0.9783045E+00  0.2766180E-06 -0.8234626E-03 -0.1290762E-08  0.1536536E-01  0.5646695E-09
  0.3742909833333E+05  0.9783641E+00  0.2751920E-06 -0.8237408E-03 -0.1285345E-08  0.1536548E-01  0.5678369E-09
  0.3764663166667E+05  0.9784236E+00  0.2737748E-06 -0.8240192E-03 -0.1279935E-08  0.1536560E-01  0.5710222E-09
  0.3786523166667E+05  0.9784832E+00  0.2723664E-06 -0.8242979E-03 -0.1274535E-08  0.1536573E-01  0.5742236E-09
  0.3808493166667E+05  0.9785427E+00  0.2709256E-06 -0.8245766E-03 -0.1268951E-08  0.1536586E-01  0.5773512E-09
  0.3830573166667E+05  0.9786022E+00  0.2695351E-06 -0.8248556E-03 -0.1263574E-08  0.1536598E-01  0.5805780E-09
  0.3852763166667E+05  0.9786617E+00  0.2681531E-06 -0.8251348E-03 -0.1258207E-08  0.1536611E-01  0.5838144E-09
  0.3875066500000E+05  0.9787212E+00  0.2667397E-06 -0.8254142E-03 -0.1252665E-08  0.1536624E-01  0.5869716E-09
  0.3897479833333E+05  0.9787807E+00  0.2654145E-06 -0.8256938E-03 -0.1247511E-08  0.1536638E-01  0.5903105E-09
  0.3920006500000E+05  0.9788402E+00  0.2640184E-06 -0.8259736E-03 -0.1242000E-08  0.1536651E-01  0.5934784E-09
  0.3942646500000E+05  0.9788996E+00  0.2626702E-06 -0.8262536E-03 -0.1236691E-08  0.1536665E-01  0.5967374E-09
  0.3965403166667E+05  0.9789591E+00  0.2612919E-06 -0.8265338E-03 -0.1231216E-08  0.1536678E-01  0.5999090E-09
  0.3988273166667E+05  0.9790186E+00  0.2599982E-06 -0.8268142E-03 -0.1226119E-08  0.1536692E-01  0.6032558E-09
  0.4011259833333E+05  0.9790780E+00  0.2586366E-06 -0.8270948E-03 -0.1220681E-08  0.1536706E-01  0.6064243E-09
  0.4034363166667E+05  0.9791375E+00  0.2573209E-06 -0.8273756E-03 -0.1215442E-08  0.1536720E-01  0.6096775E-09
  0.4057586500000E+05  0.9791969E+00  0.2559763E-06 -0.8276566E-03 -0.1210047E-08  0.1536734E-01  0.6128365E-09
  0.4080929833333E+05  0.9792563E+00  0.2546767E-06 -0.8279379E-03 -0.1204848E-08  0.1536749E-01  0.6160763E-09
  0.4104389833333E+05  0.9793158E+00  0.2534206E-06 -0.8282193E-03 -0.1199838E-08  0.1536763E-01  0.6193951E-09
  0.4127973166667E+05  0.9793752E+00  0.2520644E-06 -0.8285010E-03 -0.1194340E-08  0.1536778E-01  0.6224404E-09
  0.4151676500000E+05  0.9794347E+00  0.2508233E-06 -0.8287829E-03 -0.1189373E-08  0.1536793E-01  0.6257382E-09
  0.4175503166667E+05  0.9794942E+00  0.2495189E-06 -0.8290651E-03 -0.1184093E-08  0.1536808E-01  0.6288459E-09
  0.4199453166667E+05  0.9795536E+00  0.2482574E-06 -0.8293474E-03 -0.1179003E-08  0.1536823E-01  0.6320277E-09
  0.4223526500000E+05  0.9796131E+00  0.2470031E-06 -0.8296300E-03 -0.1173937E-08  0.1536838E-01  0.6351929E-09
  0.4247726500000E+05  0.9796725E+00  0.2457222E-06 -0.8299129E-03 -0.1168734E-08  0.1536854E-01  0.6382531E-09
  0.4272053166667E+05  0.9797320E+00  0.2444829E-06 -0.8301960E-03 -0.1163719E-08  0.1536869E-01  0.6413823E-09
  0.4296506500000E+05  0.9797915E+00  0.2432507E-06 -0.8304793E-03 -0.1158728E-08  0.1536885E-01  0.6444911E-09
  0.4321086500000E+05  0.9798510E+00  0.2420254E-06 -0.8307629E-03 -0.1153764E-08  0.1536901E-01  0.6475788E-09
  0.4345796500000E+05  0.9799105E+00  0.2407748E-06 -0.8310467E-03 -0.1148670E-08  0.1536917E-01  0.6505563E-09
  0.4370636500000E+05  0.9799700E+00  0.2395640E-06 -0.8313309E-03 -0.1143760E-08  0.1536933E-01  0.6535975E-09
  0.4395606500000E+05  0.9800295E+00  0.2383601E-06 -0.8316152E-03 -0.1138877E-08  0.1536950E-01  0.6566133E-09
  0.4420709833333E+05  0.9800890E+00  0.2371316E-06 -0.8318999E-03 -0.1133870E-08  0.1536966E-01  0.6595153E-09
  0.4445946500000E+05  0.9801486E+00  0.2359417E-06 -0.8321848E-03 -0.1129044E-08  0.1536983E-01  0.6624775E-09
  0.4471316500000E+05  0.9802081E+00  0.2347585E-06 -0.8324700E-03 -0.1124246E-08  0.1537000E-01  0.6654108E-09
  0.4496819833333E+05  0.9802677E+00  0.2335819E-06 -0.8327555E-03 -0.1119476E-08  0.1537017E-01  0.6683148E-09
  0.4522459833333E+05  0.9803273E+00  0.2323818E-06 -0.8330413E-03 -0.1114590E-08  0.1537034E-01  0.6711009E-09
  0.4548236500000E+05  0.9803869E+00  0.2312189E-06 -0.8333274E-03 -0.1109881E-08  0.1537051E-01  0.6739424E-09
  0.4574153166667E+05  0.9804465E+00  0.2300328E-06 -0.8336138E-03 -0.1105058E-08  0.1537069E-01  0.6766636E-09
  0.4600206500000E+05  0.9805061E+00  0.2289124E-06 -0.8339005E-03 -0.1100549E-08  0.1537087E-01  0.6795252E-09
  0.4626403166667E+05  0.9805658E+00  0.2277107E-06 -0.8341876E-03 -0.1095649E-08  0.1537104E-01  0.6820912E-09
  0.4652739833333E+05  0.9806255E+00  0.2266028E-06 -0.8344749E-03 -0.1091199E-08  0.1537122E-01  0.6848826E-09
  0.4679219833333E+05  0.9806852E+00  0.2254436E-06 -0.8347626E-03 -0.1086502E-08  0.1537141E-01  0.6874632E-09
  0.4705843166667E+05  0.9807449E+00  0.2243195E-06 -0.8350507E-03 -0.1081974E-08  0.1537159E-01  0.6900938E-09
  0.4732609833333E+05  0.9808046E+00  0.2232014E-06 -0.8353391E-03 -0.1077477E-08  0.1537178E-01  0.6926856E-09
  0.4759523166667E+05  0.9808644E+00  0.2220620E-06 -0.8356279E-03 -0.1072877E-08  0.1537196E-01  0.6951525E-09
  0.4786583166667E+05  0.9809242E+00  0.2209566E-06 -0.8359170E-03 -0.1068442E-08  0.1537215E-01  0.6976656E-09
  0.4813793166667E+05  0.9809840E+00  0.2198302E-06 -0.8362065E-03 -0.1063907E-08  0.1537234E-01  0.7000518E-09
  0.4841149833333E+05  0.9810439E+00  0.2187637E-06 -0.8364964E-03 -0.1059664E-08  0.1537253E-01  0.7025682E-09
  0.4868656500000E+05  0.9811037E+00  0.2176497E-06 -0.8367866E-03 -0.1055193E-08  0.1537273E-01  0.7048710E-09
  0.4896316500000E+05  0.9811636E+00  0.2165423E-06 -0.8370772E-03 -0.1050756E-08  0.1537292E-01  0.7071319E-09
  0.4924129833333E+05  0.9812236E+00  0.2154671E-06 -0.8373683E-03 -0.1046478E-08  0.1537312E-01  0.7094340E-09
  0.4952096500000E+05  0.9812835E+00  0.2143977E-06 -0.8376598E-03 -0.1042229E-08  0.1537332E-01  0.7116915E-09
  0.4980219833333E+05  0.9813435E+00  0.2133086E-06 -0.8379517E-03 -0.1037889E-08  0.1537352E-01  0.7138199E-09
  0.5008499833333E+05  0.9814035E+00  0.2122509E-06 -0.8382440E-03 -0.1033703E-08  0.1537372E-01  0.7159876E-09
  0.5036936500000E+05  0.9814636E+00  0.2111988E-06 -0.8385368E-03 -0.1029547E-08  0.1537393E-01  0.7181090E-09
  0.5065533166667E+05  0.9815237E+00  0.2101277E-06 -0.8388300E-03 -0.1025302E-08  0.1537413E-01  0.7201001E-09
  0.5094289833333E+05  0.9815838E+00  0.2090871E-06 -0.8391236E-03 -0.1021207E-08  0.1537434E-01  0.7221282E-09
  0.5123206500000E+05  0.9816440E+00  0.2080519E-06 -0.8394178E-03 -0.1017143E-08  0.1537455E-01  0.7241083E-09
  0.5152286500000E+05  0.9817042E+00  0.2069984E-06 -0.8397123E-03 -0.1012992E-08  0.1537476E-01  0.7259571E-09
  0.5181529833333E+05  0.9817644E+00  0.2059745E-06 -0.8400074E-03 -0.1008988E-08  0.1537497E-01  0.7278408E-09
  0.5210939833333E+05  0.9818247E+00  0.2049327E-06 -0.8403029E-03 -0.1004899E-08  0.1537519E-01  0.7295923E-09
  0.5240516500000E+05  0.9818850E+00  0.2039197E-06 -0.8405990E-03 -0.1000954E-08  0.1537541E-01  0.7313772E-09
  0.5270259833333E+05  0.9819453E+00  0.2029120E-06 -0.8408955E-03 -0.9970377E-09  0.1537562E-01  0.7331119E-09
  0.5300173166667E+05  0.9820057E+00  0.2018871E-06 -0.8411926E-03 -0.9930390E-09  0.1537584E-01  0.7347146E-09
  0.5330256500000E+05  0.9820662E+00  0.2008902E-06 -0.8414902E-03 -0.9891805E-09  0.1537607E-01  0.7363487E-09
  0.5360513166667E+05  0.9821266E+00  0.1998765E-06 -0.8417883E-03 -0.9852409E-09  0.1537629E-01  0.7378501E-09
  0.5390943166667E+05  0.9821871E+00  0.1988902E-06 -0.8420869E-03 -0.9814385E-09  0.1537651E-01  0.7393817E-09
  0.5421546500000E+05  0.9822477E+00  0.1979089E-06 -0.8423861E-03 -0.9776628E-09  0.1537674E-01  0.7408613E-09
  0.5452326500000E+05  0.9823083E+00  0.1969114E-06 -0.8426859E-03 -0.9738083E-09  0.1537697E-01  0.7422086E-09
  0.5483283166667E+05  0.9823690E+00  0.1959405E-06 -0.8429862E-03 -0.9700868E-09  0.1537720E-01  0.7435844E-09
  0.5514419833333E+05  0.9824297E+00  0.1949538E-06 -0.8432870E-03 -0.9662875E-09  0.1537743E-01  0.7448275E-09
  0.5545736500000E+05  0.9824904E+00  0.1939931E-06 -0.8435885E-03 -0.9626183E-09  0.1537766E-01  0.7460979E-09
  0.5577233166667E+05  0.9825512E+00  0.1930373E-06 -0.8438905E-03 -0.9589738E-09  0.1537790E-01  0.7473150E-09
  0.5608913166667E+05  0.9826121E+00  0.1920662E-06 -0.8441932E-03 -0.9552532E-09  0.1537814E-01  0.7484002E-09
  0.5640776500000E+05  0.9826730E+00  0.1911205E-06 -0.8444964E-03 -0.9516586E-09  0.1537838E-01  0.7495111E-09
  0.5672826500000E+05  0.9827339E+00  0.1901598E-06 -0.8448002E-03 -0.9479886E-09  0.1537862E-01  0.7504900E-09
  0.5705066500000E+05  0.9827949E+00  0.1892043E-06 -0.8451047E-03 -0.9443439E-09  0.1537886E-01  0.7514158E-09
  0.5737493166667E+05  0.9828560E+00  0.1882927E-06 -0.8454098E-03 -0.9409170E-09  0.1537910E-01  0.7524428E-09
  0.5770109833333E+05  0.9829171E+00  0.1873470E-06 -0.8457155E-03 -0.9373180E-09  0.1537935E-01  0.7532608E-09
  0.5802919833333E+05  0.9829782E+00  0.1864065E-06 -0.8460219E-03 -0.9337427E-09  0.1537960E-01  0.7540260E-09
  0.5835923166667E+05  0.9830395E+00  0.1854899E-06 -0.8463289E-03 -0.9302843E-09  0.1537984E-01  0.7548136E-09
  0.5869123166667E+05  0.9831007E+00  0.1845592E-06 -0.8466366E-03 -0.9267528E-09  0.1538010E-01  0.7554706E-09
  0.5902516500000E+05  0.9831621E+00  0.1836702E-06 -0.8469449E-03 -0.9234273E-09  0.1538035E-01  0.7562251E-09
  0.5936109833333E+05  0.9832235E+00  0.1827309E-06 -0.8472539E-03 -0.9198447E-09  0.1538060E-01  0.7566989E-09
  0.5969903166667E+05  0.9832849E+00  0.1818329E-06 -0.8475636E-03 -0.9164659E-09  0.1538086E-01  0.7572696E-09
  0.6003896500000E+05  0.9833464E+00  0.1809393E-06 -0.8478740E-03 -0.9131046E-09  0.1538112E-01  0.7577851E-09
  0.6038093166667E+05  0.9834080E+00  0.1800326E-06 -0.8481851E-03 -0.9096717E-09  0.1538137E-01  0.7581724E-09
  0.6072493166667E+05  0.9834696E+00  0.1791481E-06 -0.8484969E-03 -0.9063453E-09  0.1538164E-01  0.7585796E-09
  0.6107099833333E+05  0.9835313E+00  0.1782508E-06 -0.8488094E-03 -0.9029478E-09  0.1538190E-01  0.7588590E-09
  0.6141916500000E+05  0.9835930E+00  0.1773583E-06 -0.8491226E-03 -0.8995675E-09  0.1538216E-01  0.7590849E-09
  0.6176939833333E+05  0.9836549E+00  0.1765041E-06 -0.8494365E-03 -0.8963743E-09  0.1538243E-01  0.7594015E-09
  0.6212176500000E+05  0.9837167E+00  0.1756038E-06 -0.8497512E-03 -0.8929394E-09  0.1538270E-01  0.7594471E-09
  0.6247623166667E+05  0.9837787E+00  0.1747580E-06 -0.8500666E-03 -0.8897729E-09  0.1538297E-01  0.7596551E-09
  0.6283286500000E+05  0.9838407E+00  0.1738671E-06 -0.8503827E-03 -0.8863681E-09  0.1538324E-01  0.7595944E-09
  0.6319166500000E+05  0.9839028E+00  0.1730135E-06 -0.8506995E-03 -0.8831435E-09  0.1538351E-01  0.7596231E-09
  0.6355263166667E+05  0.9839649E+00  0.1721640E-06 -0.8510172E-03 -0.8799296E-09  0.1538378E-01  0.7595972E-09
  0.6391579833333E+05  0.9840271E+00  0.1713029E-06 -0.8513355E-03 -0.8766457E-09  0.1538406E-01  0.7594480E-09
  0.6428116500000E+05  0.9840894E+00  0.1704618E-06 -0.8516547E-03 -0.8734533E-09  0.1538434E-01  0.7593155E-09
  0.6464876500000E+05  0.9841518E+00  0.1696095E-06 -0.8519745E-03 -0.8701908E-09  0.1538462E-01  0.7590604E-09
  0.6501859833333E+05  0.9842142E+00  0.1687768E-06 -0.8522952E-03 -0.8670168E-09  0.1538490E-01  0.7588215E-09
  0.6539069833333E+05  0.9842767E+00  0.1679330E-06 -0.8526166E-03 -0.8637730E-09  0.1538518E-01  0.7584613E-09
  0.6576509833333E+05  0.9843392E+00  0.1670937E-06 -0.8529388E-03 -0.8605380E-09  0.1538546E-01  0.7580492E-09
  0.6614179833333E+05  0.9844019E+00  0.1662733E-06 -0.8532618E-03 -0.8573867E-09  0.1538575E-01  0.7576522E-09
  0.6652083166667E+05  0.9844646E+00  0.1654424E-06 -0.8535855E-03 -0.8541656E-09  0.1538603E-01  0.7571360E-09
  0.6690219833333E+05  0.9845273E+00  0.1646301E-06 -0.8539101E-03 -0.8510254E-09  0.1538632E-01  0.7566347E-09
  0.6728589833333E+05  0.9845902E+00  0.1638216E-06 -0.8542354E-03 -0.8478890E-09  0.1538661E-01  0.7560813E-09
  0.6767199833333E+05  0.9846531E+00  0.1629889E-06 -0.8545615E-03 -0.8446100E-09  0.1538690E-01  0.7553458E-09
  0.6806046500000E+05  0.9847161E+00  0.1622025E-06 -0.8548884E-03 -0.8415538E-09  0.1538720E-01  0.7547552E-09
  0.6845136500000E+05  0.9847792E+00  0.1613782E-06 -0.8552161E-03 -0.8382829E-09  0.1538749E-01  0.7539191E-09
  0.6884469833333E+05  0.9848424E+00  0.1605856E-06 -0.8555446E-03 -0.8351583E-09  0.1538779E-01  0.7531622E-09
  0.6924039833333E+05  0.9849056E+00  0.1598237E-06 -0.8558739E-03 -0.8321741E-09  0.1538809E-01  0.7524810E-09
  0.6963843166667E+05  0.9849689E+00  0.1590515E-06 -0.8562039E-03 -0.8291166E-09  0.1538839E-01  0.7516849E-09
  0.7003879833333E+05  0.9850323E+00  0.1582697E-06 -0.8565346E-03 -0.8259884E-09  0.1538869E-01  0.7507764E-09
  0.7044153166667E+05  0.9850957E+00  0.1574788E-06 -0.8568660E-03 -0.8227913E-09  0.1538899E-01  0.7497569E-09
  0.7084663166667E+05  0.9851592E+00  0.1567050E-06 -0.8571980E-03 -0.8196620E-09  0.1538929E-01  0.7487512E-09
  0.7125413166667E+05  0.9852228E+00  0.1559225E-06 -0.8575307E-03 -0.8164638E-09  0.1538960E-01  0.7476358E-09
  0.7166406500000E+05  0.9852864E+00  0.1551441E-06 -0.8578641E-03 -0.8132644E-09  0.1538990E-01  0.7464734E-09
  0.7207643166667E+05  0.9853500E+00  0.1543823E-06 -0.8581982E-03 -0.8101286E-09  0.1539021E-01  0.7453246E-09
  0.7249126500000E+05  0.9854137E+00  0.1536120E-06 -0.8585329E-03 -0.8069235E-09  0.1539052E-01  0.7440687E-09
  0.7290859833333E+05  0.9854775E+00  0.1528458E-06 -0.8588684E-03 -0.8037152E-09  0.1539083E-01  0.7427673E-09
  0.7332839833333E+05  0.9855414E+00  0.1521078E-06 -0.8592045E-03 -0.8006298E-09  0.1539114E-01  0.7415383E-09
  0.7375063166667E+05  0.9856053E+00  0.1513731E-06 -0.8595412E-03 -0.7975365E-09  0.1539145E-01  0.7402626E-09
  0.7417536500000E+05  0.9856693E+00  0.1506064E-06 -0.8598785E-03 -0.7942478E-09  0.1539177E-01  0.7387672E-09
  0.7460259833333E+05  0.9857333E+00  0.1498675E-06 -0.8602165E-03 -0.7910786E-09  0.1539208E-01  0.7373448E-09
  0.7503233166667E+05  0.9857974E+00  0.1491323E-06 -0.8605551E-03 -0.7879015E-09  0.1539240E-01  0.7358780E-09
  0.7546459833333E+05  0.9858615E+00  0.1483894E-06 -0.8608943E-03 -0.7846554E-09  0.1539271E-01  0.7343113E-09
  0.7589939833333E+05  0.9859257E+00  0.1476617E-06 -0.8612341E-03 -0.7814616E-09  0.1539303E-01  0.7327591E-09
  0.7633679833333E+05  0.9859900E+00  0.1469153E-06 -0.8615744E-03 -0.7781397E-09  0.1539335E-01  0.7310531E-09
  0.7677676500000E+05  0.9860543E+00  0.1462064E-06 -0.8619154E-03 -0.7749866E-09  0.1539367E-01  0.7294733E-09
  0.7721936500000E+05  0.9861187E+00  0.1454678E-06 -0.8622569E-03 -0.7716468E-09  0.1539400E-01  0.7276868E-09
  0.7766459833333E+05  0.9861831E+00  0.1447550E-06 -0.8625991E-03 -0.7684135E-09  0.1539432E-01  0.7259708E-09
  0.7811246500000E+05  0.9862477E+00  0.1440458E-06 -0.8629417E-03 -0.7651683E-09  0.1539464E-01  0.7242146E-09
  0.7856303166667E+05  0.9863122E+00  0.1433188E-06 -0.8632850E-03 -0.7617977E-09  0.1539497E-01  0.7223124E-09
  0.7901626500000E+05  0.9863769E+00  0.1426273E-06 -0.8636288E-03 -0.7585844E-09  0.1539530E-01  0.7205327E-09
  0.7947223166667E+05  0.9864416E+00  0.1419078E-06 -0.8639731E-03 -0.7551903E-09  0.1539562E-01  0.7185561E-09
  0.7993093166667E+05  0.9865064E+00  0.1412129E-06 -0.8643180E-03 -0.7518944E-09  0.1539595E-01  0.7166486E-09
  0.8039239833333E+05  0.9865712E+00  0.1405111E-06 -0.8646635E-03 -0.7485298E-09  0.1539628E-01  0.7146526E-09
  0.8085663166667E+05  0.9866361E+00  0.1398230E-06 -0.8650094E-03 -0.7452050E-09  0.1539661E-01  0.7126728E-09
  0.8132366500000E+05  0.9867011E+00  0.1391283E-06 -0.8653559E-03 -0.7418118E-09  0.1539694E-01  0.7106069E-09
  0.8179353166667E+05  0.9867661E+00  0.1384371E-06 -0.8657028E-03 -0.7384041E-09  0.1539728E-01  0.7085075E-09
  0.8226626500000E+05  0.9868313E+00  0.1377495E-06 -0.8660503E-03 -0.7349815E-09  0.1539761E-01  0.7063750E-09
  0.8274186500000E+05  0.9868964E+00  0.1370750E-06 -0.8663982E-03 -0.7315947E-09  0.1539795E-01  0.7042595E-09
  0.8322036500000E+05  0.9869617E+00  0.1363941E-06 -0.8667466E-03 -0.7281400E-09  0.1539828E-01  0.7020624E-09
  0.8370176500000E+05  0.9870270E+00  0.1357261E-06 -0.8670955E-03 -0.7247192E-09  0.1539862E-01  0.6998829E-09
  0.8418609833333E+05  0.9870925E+00  0.1350520E-06 -0.8674448E-03 -0.7212309E-09  0.1539896E-01  0.6976242E-09
  0.8467339833333E+05  0.9871579E+00  0.1343812E-06 -0.8677946E-03 -0.7177259E-09  0.1539930E-01  0.6953362E-09
  0.8516369833333E+05  0.9872235E+00  0.1337139E-06 -0.8681447E-03 -0.7142038E-09  0.1539964E-01  0.6930195E-09
  0.8565689833333E+05  0.9872891E+00  0.1330858E-06 -0.8684953E-03 -0.7108563E-09  0.1539998E-01  0.6908614E-09
  0.8615299833333E+05  0.9873548E+00  0.1324334E-06 -0.8688462E-03 -0.7073432E-09  0.1540032E-01  0.6885334E-09
  0.8665199833333E+05  0.9874206E+00  0.1317842E-06 -0.8691974E-03 -0.7038114E-09  0.1540066E-01  0.6861786E-09
  0.8715393166667E+05  0.9874864E+00  0.1311295E-06 -0.8695489E-03 -0.7002145E-09  0.1540100E-01  0.6837523E-09
  0.8765886500000E+05  0.9875523E+00  0.1304696E-06 -0.8699006E-03 -0.6965542E-09  0.1540135E-01  0.6812568E-09
  0.8816676500000E+05  0.9876182E+00  0.1298388E-06 -0.8702526E-03 -0.6930142E-09  0.1540169E-01  0.6788724E-09
  0.8867769833333E+05  0.9876842E+00  0.1291857E-06 -0.8706048E-03 -0.6893188E-09  0.1540204E-01  0.6763306E-09
  0.8919169833333E+05  0.9877503E+00  0.1285444E-06 -0.8709572E-03 -0.6856512E-09  0.1540238E-01  0.6738116E-09
  0.8970876500000E+05  0.9878165E+00  0.1279146E-06 -0.8713099E-03 -0.6820095E-09  0.1540273E-01  0.6713146E-09
  0.9022893166667E+05  0.9878827E+00  0.1272797E-06 -0.8716627E-03 -0.6783047E-09  0.1540308E-01  0.6687531E-09
  0.9075223166667E+05  0.9879489E+00  0.1266480E-06 -0.8720157E-03 -0.6745816E-09  0.1540343E-01  0.6661719E-09
  0.9127869833333E+05  0.9880153E+00  0.1260194E-06 -0.8723689E-03 -0.6708400E-09  0.1540378E-01  0.6635719E-09
  0.9180836500000E+05  0.9880817E+00  0.1253940E-06 -0.8727222E-03 -0.6670800E-09  0.1540413E-01  0.6609536E-09
  0.9234126500000E+05  0.9881482E+00  0.1247717E-06 -0.8730757E-03 -0.6633013E-09  0.1540448E-01  0.6583180E-09
  0.9287739833333E+05  0.9882148E+00  0.1241602E-06 -0.8734293E-03 -0.6595450E-09  0.1540483E-01  0.6557064E-09
  0.9341683166667E+05  0.9882814E+00  0.1235362E-06 -0.8737830E-03 -0.6556878E-09  0.1540518E-01  0.6529973E-09
  0.9395956500000E+05  0.9883481E+00  0.1229306E-06 -0.8741368E-03 -0.6518933E-09  0.1540553E-01  0.6503540E-09
  0.9450566500000E+05  0.9884149E+00  0.1223128E-06 -0.8744907E-03 -0.6479998E-09  0.1540589E-01  0.6476163E-09
  0.9505513166667E+05  0.9884818E+00  0.1217129E-06 -0.8748446E-03 -0.6441672E-09  0.1540624E-01  0.6449444E-09
  0.9560803166667E+05  0.9885487E+00  0.1211012E-06 -0.8751986E-03 -0.6402376E-09  0.1540660E-01  0.6421811E-09
  0.9616439833333E+05  0.9886158E+00  0.1204997E-06 -0.8755526E-03 -0.6363289E-09  0.1540695E-01  0.6394452E-09
  0.9672423166667E+05  0.9886829E+00  0.1199083E-06 -0.8759067E-03 -0.6324396E-09  0.1540731E-01  0.6367359E-09
  0.9728743166667E+05  0.9887501E+00  0.1193406E-06 -0.8762607E-03 -0.6286423E-09  0.1540767E-01  0.6341275E-09
  0.9785389833333E+05  0.9888174E+00  0.1187751E-06 -0.8766147E-03 -0.6248224E-09  0.1540803E-01  0.6315059E-09
  0.9842366500000E+05  0.9888847E+00  0.1181842E-06 -0.8769684E-03 -0.6208356E-09  0.1540838E-01  0.6287252E-09
  0.9899679833333E+05  0.9889521E+00  0.1175895E-06 -0.8773219E-03 -0.6167968E-09  0.1540874E-01  0.6259010E-09
  0.9957329833333E+05  0.9890196E+00  0.1170115E-06 -0.8776752E-03 -0.6128145E-09  0.1540910E-01  0.6231436E-09
  0.1001531650000E+06  0.9890871E+00  0.1164362E-06 -0.8780282E-03 -0.6088158E-09  0.1540946E-01  0.6203797E-09
  0.1007364650000E+06  0.9891547E+00  0.1158505E-06 -0.8783810E-03 -0.6047318E-09  0.1540982E-01  0.6175394E-09
