  0.6500000000000E-01  0.0000000E+00  0.0000000E+00 -0.0000000E+00 -0.0000000E+00  0.0000000E+00  0.0000000E+00
  0.9833333333333E-01  0.1250266E-04  0.3750799E-03 -0.3853638E-07 -0.1156091E-05  0.1006317E-05  0.3018950E-04
  0.1316666666667E+00  0.1883839E-04  0.1900718E-03 -0.5770910E-07 -0.5751818E-06  0.1515632E-05  0.1527944E-04
  0.1650000000000E+00  0.2524431E-04  0.1921776E-03 -0.7686291E-07 -0.5746143E-06  0.2030162E-05  0.1543590E-04
  0.1983333333333E+00  0.3165262E-04  0.1922493E-03 -0.9580892E-07 -0.5683801E-06  0.2544473E-05  0.1542935E-04
  0.2316666666667E+00  0.3806457E-04  0.1923585E-03 -0.1145649E-06 -0.5626790E-06  0.3058680E-05  0.1542622E-04
  0.2650000000000E+00  0.4448133E-04  0.1925028E-03 -0.1331473E-06 -0.5574710E-06  0.3572891E-05  0.1542631E-04
  0.2983333333333E+00  0.5090400E-04  0.1926800E-03 -0.1515712E-06 -0.5527197E-06  0.4087205E-05  0.1542943E-04
  0.3316666666667E+00  0.5733361E-04  0.1928883E-03 -0.1698510E-06 -0.5483923E-06  0.4601718E-05  0.1543538E-04
  0.3650000000000E+00  0.6377113E-04  0.1931258E-03 -0.1879996E-06 -0.5444589E-06  0.5116518E-05  0.1544401E-04
  0.3983333333333E+00  0.7021750E-04  0.1933910E-03 -0.2060294E-06 -0.5408923E-06  0.5631691E-05  0.1545518E-04
  0.4316666666667E+00  0.7667358E-04  0.1936824E-03 -0.2239516E-06 -0.5376677E-06  0.6147315E-05  0.1546874E-04
  0.4650000000000E+00  0.8314021E-04  0.1939987E-03 -0.2417770E-06 -0.5347624E-06  0.6663468E-05  0.1548459E-04
  0.4983333333333E+00  0.8961816E-04  0.1943387E-03 -0.2595156E-06 -0.5321557E-06  0.7180222E-05  0.1550259E-04
  0.5316666666667E+00  0.9610820E-04  0.1947012E-03 -0.2771765E-06 -0.5298286E-06  0.7697644E-05  0.1552266E-04
  0.5650000000000E+00  0.1026110E-03  0.1950853E-03 -0.2947686E-06 -0.5277638E-06  0.8215800E-05  0.1554470E-04
  0.5983333333333E+00  0.1091274E-03  0.1954899E-03 -0.3123001E-06 -0.5259451E-06  0.8734754E-05  0.1556862E-04
  0.6316666666667E+00  0.1156579E-03  0.1959143E-03 -0.3297787E-06 -0.5243579E-06  0.9254566E-05  0.1559434E-04
  0.6650000000000E+00  0.1222031E-03  0.1963577E-03 -0.3472117E-06 -0.5229885E-06  0.9775292E-05  0.1562178E-04
  0.6983333333333E+00  0.1287638E-03  0.1968193E-03 -0.3646058E-06 -0.5218242E-06  0.1029699E-04  0.1565088E-04
  0.7316666666667E+00  0.1353404E-03  0.1972984E-03 -0.3819676E-06 -0.5208536E-06  0.1081971E-04  0.1568158E-04
  0.7650000000000E+00  0.1419335E-03  0.1977944E-03 -0.3993031E-06 -0.5200658E-06  0.1134350E-04  0.1571381E-04
  0.7983333333333E+00  0.1485437E-03  0.1983068E-03 -0.4166182E-06 -0.5194507E-06  0.1186842E-04  0.1574752E-04
  0.8316666666667E+00  0.1551716E-03  0.1988350E-03 -0.4339181E-06 -0.5189992E-06  0.1239451E-04  0.1578266E-04
  0.8650000000000E+00  0.1618175E-03  0.1993784E-03 -0.4512082E-06 -0.5187024E-06  0.1292181E-04  0.1581919E-04
  0.8983333333333E+00  0.1684821E-03  0.1999367E-03 -0.4684933E-06 -0.5185525E-06  0.1345038E-04  0.1585706E-04
  0.9316666666667E+00  0.1751657E-03  0.2005094E-03 -0.4857780E-06 -0.5185418E-06  0.1398026E-04  0.1589622E-04
  0.9650000000000E+00  0.1818689E-03  0.2010961E-03 -0.5030668E-06 -0.5186633E-06  0.1451148E-04  0.1593665E-04
  0.9983333333333E+00  0.1885921E-03  0.2016965E-03 -0.5203638E-06 -0.5189104E-06  0.1504409E-04  0.1597830E-04
  0.1031666666667E+01  0.1953358E-03  0.2023101E-03 -0.5376730E-06 -0.5192770E-06  0.1557812E-04  0.1602115E-04
  0.1065000000000E+01  0.2021004E-03  0.2029367E-03 -0.5549983E-06 -0.5197573E-06  0.1611363E-04  0.1606515E-04
  0.1098333333333E+01  0.2088862E-03  0.2035760E-03 -0.5723431E-06 -0.5203458E-06  0.1665064E-04  0.1611029E-04
  0.1131666666667E+01  0.2156938E-03  0.2042276E-03 -0.5897111E-06 -0.5210376E-06  0.1718919E-04  0.1615654E-04
  0.1165000000000E+01  0.2225235E-03  0.2048914E-03 -0.6071053E-06 -0.5218277E-06  0.1772932E-04  0.1620387E-04
  0.1198333333333E+01  0.2293758E-03  0.2055670E-03 -0.6245290E-06 -0.5227116E-06  0.1827106E-04  0.1625225E-04
  0.1231666666667E+01  0.2362509E-03  0.2062543E-03 -0.6419852E-06 -0.5236851E-06  0.1881445E-04  0.1630167E-04
  0.1265000000000E+01  0.2431493E-03  0.2069530E-03 -0.6594767E-06 -0.5247443E-06  0.1935952E-04  0.1635210E-04
  0.1298333333333E+01  0.2500714E-03  0.2076629E-03 -0.6770062E-06 -0.5258852E-06  0.1990630E-04  0.1640352E-04
  0.1331666666667E+01  0.2570176E-03  0.2083839E-03 -0.6945763E-06 -0.5271042E-06  0.2045484E-04  0.1645592E-04
  0.1365000000000E+01  0.2639881E-03  0.2091157E-03 -0.7121896E-06 -0.5283981E-06  0.2100514E-04  0.1650928E-04
  0.1398333333333E+01  0.2709834E-03  0.2098583E-03 -0.7298484E-06 -0.5297636E-06  0.2155726E-04  0.1656358E-04
  0.1431666666667E+01  0.2780038E-03  0.2106113E-03 -0.7475550E-06 -0.5311975E-06  0.2211122E-04  0.1661881E-04
  0.1465000000000E+01  0.2850496E-03  0.2113748E-03 -0.7653115E-06 -0.5326971E-06  0.2266706E-04  0.1667495E-04
  0.1498333333333E+01  0.2921212E-03  0.2121486E-03 -0.7831202E-06 -0.5342596E-06  0.2322479E-04  0.1673199E-04
  0.1531666666667E+01  0.2992190E-03  0.2129325E-03 -0.8009829E-06 -0.5358824E-06  0.2378445E-04  0.1678992E-04
  0.1565000000000E+01  0.3063432E-03  0.2137265E-03 -0.8189017E-06 -0.5375629E-06  0.2434608E-04  0.1684872E-04
  0.1598333333333E+01  0.3134942E-03  0.2145303E-03 -0.8368783E-06 -0.5392989E-06  0.2490969E-04  0.1690839E-04
  0.1631666666667E+01  0.3206723E-03  0.2153440E-03 -0.8549146E-06 -0.5410881E-06  0.2547532E-04  0.1696891E-04
  0.1665000000000E+01  0.3278779E-03  0.2161675E-03 -0.8730122E-06 -0.5429283E-06  0.2604300E-04  0.1703027E-04
  0.1698333333333E+01  0.3351112E-03  0.2170005E-03 -0.8911728E-06 -0.5448175E-06  0.2661275E-04  0.1709247E-04
  0.1731666666667E+01  0.3423727E-03  0.2178432E-03 -0.9093979E-06 -0.5467538E-06  0.2718460E-04  0.1715550E-04
  0.1765000000000E+01  0.3496625E-03  0.2186953E-03 -0.9276891E-06 -0.5487353E-06  0.2775857E-04  0.1721934E-04
  0.1798333333333E+01  0.3569811E-03  0.2195568E-03 -0.9460478E-06 -0.5507602E-06  0.2833471E-04  0.1728400E-04
  0.1831666666667E+01  0.3643287E-03  0.2204277E-03 -0.9644754E-06 -0.5528269E-06  0.2891302E-04  0.1734946E-04
  0.1865000000000E+01  0.3717056E-03  0.2213079E-03 -0.9829731E-06 -0.5549337E-06  0.2949355E-04  0.1741571E-04
  0.1898333333333E+01  0.3791122E-03  0.2221974E-03 -0.1001542E-05 -0.5570791E-06  0.3007631E-04  0.1748276E-04
  0.1931666666667E+01  0.3865487E-03  0.2230960E-03 -0.1020185E-05 -0.5592616E-06  0.3066133E-04  0.1755060E-04
  0.1965000000000E+01  0.3940155E-03  0.2240038E-03 -0.1038900E-05 -0.5614799E-06  0.3124863E-04  0.1761921E-04
  0.1998333333333E+01  0.4015129E-03  0.2249207E-03 -0.1057692E-05 -0.5637324E-06  0.3183825E-04  0.1768860E-04
  0.2031666666667E+01  0.4090411E-03  0.2258466E-03 -0.1076559E-05 -0.5660181E-06  0.3243021E-04  0.1775876E-04
  0.2065000000000E+01  0.4166005E-03  0.2267816E-03 -0.1095503E-05 -0.5683355E-06  0.3302453E-04  0.1782969E-04
  0.2098333333333E+01  0.4241913E-03  0.2277256E-03 -0.1114526E-05 -0.5706836E-06  0.3362125E-04  0.1790139E-04
  0.2131666666667E+01  0.4318139E-03  0.2286786E-03 -0.1133628E-05 -0.5730613E-06  0.3422038E-04  0.1797384E-04
  0.2165000000000E+01  0.4394686E-03  0.2296405E-03 -0.1152810E-05 -0.5754673E-06  0.3482194E-04  0.1804705E-04
  0.2198333333333E+01  0.4471557E-03  0.2306114E-03 -0.1172074E-05 -0.5779008E-06  0.3542598E-04  0.1812101E-04
  0.2231666666667E+01  0.4548754E-03  0.2315911E-03 -0.1191419E-05 -0.5803607E-06  0.3603250E-04  0.1819573E-04
  0.2265000000000E+01  0.4626280E-03  0.2325798E-03 -0.1210847E-05 -0.5828460E-06  0.3664154E-04  0.1827119E-04
  0.2298333333333E+01  0.4704140E-03  0.2335774E-03 -0.1230359E-05 -0.5853559E-06  0.3725312E-04  0.1834740E-04
  0.2331666666667E+01  0.4782334E-03  0.2345839E-03 -0.1249956E-05 -0.5878894E-06  0.3786727E-04  0.1842436E-04
  0.2365000000000E+01  0.4860867E-03  0.2355992E-03 -0.1269637E-05 -0.5904458E-06  0.3848400E-04  0.1850206E-04
  0.2398333333333E+01  0.4939742E-03  0.2366234E-03 -0.1289405E-05 -0.5930242E-06  0.3910335E-04  0.1858050E-04
  0.2431666666667E+01  0.5018961E-03  0.2376565E-03 -0.1309259E-05 -0.5956240E-06  0.3972534E-04  0.1865969E-04
  0.2465000000000E+01  0.5098527E-03  0.2386985E-03 -0.1329200E-05 -0.5982442E-06  0.4035000E-04  0.1873961E-04
  0.2498333333333E+01  0.5178443E-03  0.2397494E-03 -0.1349230E-05 -0.6008844E-06  0.4097734E-04  0.1882027E-04
  0.2531666666667E+01  0.5258713E-03  0.2408091E-03 -0.1369348E-05 -0.6035437E-06  0.4160739E-04  0.1890168E-04
  0.2565000000000E+01  0.5339339E-03  0.2418777E-03 -0.1389555E-05 -0.6062216E-06  0.4224019E-04  0.1898382E-04
  0.2598333333333E+01  0.5420324E-03  0.2429552E-03 -0.1409852E-05 -0.6089174E-06  0.4287574E-04  0.1906669E-04
  0.2631666666667E+01  0.5501671E-03  0.2440416E-03 -0.1430240E-05 -0.6116306E-06  0.4351409E-04  0.1915031E-04
  0.2665000000000E+01  0.5583383E-03  0.2451370E-03 -0.1450719E-05 -0.6143606E-06  0.4415524E-04  0.1923467E-04
  0.2698333333333E+01  0.5665464E-03  0.2462413E-03 -0.1471289E-05 -0.6171068E-06  0.4479924E-04  0.1931976E-04
  0.2731666666667E+01  0.5747915E-03  0.2473545E-03 -0.1491951E-05 -0.6198689E-06  0.4544609E-04  0.1940560E-04
  0.2765000000000E+01  0.5830741E-03  0.2484767E-03 -0.1512706E-05 -0.6226463E-06  0.4609583E-04  0.1949217E-04
  0.2798333333333E+01  0.5913944E-03  0.2496079E-03 -0.1533554E-05 -0.6254385E-06  0.4674848E-04  0.1957949E-04
  0.2831666666667E+01  0.5997526E-03  0.2507482E-03 -0.1554496E-05 -0.6282452E-06  0.4740406E-04  0.1966755E-04
  0.2865000000000E+01  0.6081492E-03  0.2518974E-03 -0.1575531E-05 -0.6310658E-06  0.4806261E-04  0.1975635E-04
  0.2898333333333E+01  0.6165844E-03  0.2530558E-03 -0.1596661E-05 -0.6339001E-06  0.4872414E-04  0.1984590E-04
  0.2931666666667E+01  0.6250585E-03  0.2542232E-03 -0.1617886E-05 -0.6367477E-06  0.4938868E-04  0.1993619E-04
  0.2965000000000E+01  0.6335718E-03  0.2553997E-03 -0.1639206E-05 -0.6396082E-06  0.5005625E-04  0.2002723E-04
  0.2998333333333E+01  0.6421247E-03  0.2565854E-03 -0.1660622E-05 -0.6424813E-06  0.5072689E-04  0.2011902E-04
  0.3031666666667E+01  0.6507174E-03  0.2577803E-03 -0.1682135E-05 -0.6453667E-06  0.5140060E-04  0.2021156E-04
  0.3065000000000E+01  0.6593502E-03  0.2589843E-03 -0.1703743E-05 -0.6482642E-06  0.5207743E-04  0.2030485E-04
  0.3098333333333E+01  0.6680234E-03  0.2601976E-03 -0.1725449E-05 -0.6511733E-06  0.5275740E-04  0.2039890E-04
  0.3131666666667E+01  0.6767374E-03  0.2614202E-03 -0.1747252E-05 -0.6540941E-06  0.5344052E-04  0.2049370E-04
  0.3165000000000E+01  0.6854925E-03  0.2626521E-03 -0.1769153E-05 -0.6570261E-06  0.5412683E-04  0.2058927E-04
  0.3198333333333E+01  0.6942889E-03  0.2638934E-03 -0.1791152E-05 -0.6599692E-06  0.5481635E-04  0.2068559E-04
  0.3231666666667E+01  0.7031271E-03  0.2651440E-03 -0.1813250E-05 -0.6629232E-06  0.5550910E-04  0.2078269E-04
  0.3265000000000E+01  0.7120072E-03  0.2664041E-03 -0.1835446E-05 -0.6658880E-06  0.5620512E-04  0.2088055E-04
  0.3298333333333E+01  0.7209297E-03  0.2676736E-03 -0.1857741E-05 -0.6688634E-06  0.5690443E-04  0.2097917E-04
  0.3331666666667E+01  0.7298948E-03  0.2689527E-03 -0.1880136E-05 -0.6718493E-06  0.5760705E-04  0.2107858E-04
  0.3365000000000E+01  0.7389028E-03  0.2702413E-03 -0.1902631E-05 -0.6748455E-06  0.5831301E-04  0.2117876E-04
  0.3398333333333E+01  0.7479541E-03  0.2715396E-03 -0.1925226E-05 -0.6778520E-06  0.5902233E-04  0.2127971E-04
  0.3431666666667E+01  0.7570490E-03  0.2728474E-03 -0.1947922E-05 -0.6808688E-06  0.5973504E-04  0.2138145E-04
  0.3465000000000E+01  0.7661879E-03  0.2741650E-03 -0.1970718E-05 -0.6838957E-06  0.6045118E-04  0.2148398E-04
  0.3498333333333E+01  0.7753709E-03  0.2754923E-03 -0.1993616E-05 -0.6869328E-06  0.6117075E-04  0.2158730E-04
  0.3531666666667E+01  0.7845986E-03  0.2768295E-03 -0.2016615E-05 -0.6899800E-06  0.6189380E-04  0.2169140E-04
  0.3565000000000E+01  0.7938711E-03  0.2781764E-03 -0.2039717E-05 -0.6930374E-06  0.6262034E-04  0.2179631E-04
  0.3598333333333E+01  0.8031889E-03  0.2795333E-03 -0.2062920E-05 -0.6961051E-06  0.6335041E-04  0.2190202E-04
  0.3631666666667E+01  0.8125523E-03  0.2809001E-03 -0.2086226E-05 -0.6991830E-06  0.6408403E-04  0.2200853E-04
  0.3665000000000E+01  0.8219615E-03  0.2822770E-03 -0.2109635E-05 -0.7022713E-06  0.6482122E-04  0.2211585E-04
  0.3698333333333E+01  0.8314170E-03  0.2836639E-03 -0.2133148E-05 -0.7053701E-06  0.6556202E-04  0.2222398E-04
  0.3731666666667E+01  0.8409190E-03  0.2850609E-03 -0.2156764E-05 -0.7084796E-06  0.6630645E-04  0.2233293E-04
  0.3765000000000E+01  0.8504679E-03  0.2864682E-03 -0.2180484E-05 -0.7116000E-06  0.6705454E-04  0.2244271E-04
  0.3798333333333E+01  0.8600641E-03  0.2878856E-03 -0.2204308E-05 -0.7147314E-06  0.6780632E-04  0.2255331E-04
  0.3831666666667E+01  0.8697079E-03  0.2893134E-03 -0.2228237E-05 -0.7178742E-06  0.6856181E-04  0.2266474E-04
  0.3865000000000E+01  0.8793996E-03  0.2907516E-03 -0.2252271E-05 -0.7210286E-06  0.6932105E-04  0.2277700E-04
  0.3898333333333E+01  0.8891396E-03  0.2922002E-03 -0.2276411E-05 -0.7241950E-06  0.7008405E-04  0.2289011E-04
  0.3931666666667E+01  0.8989283E-03  0.2936593E-03 -0.2300657E-05 -0.7273738E-06  0.7085085E-04  0.2300407E-04
  0.3965000000000E+01  0.9087659E-03  0.2951290E-03 -0.2325009E-05 -0.7305654E-06  0.7162148E-04  0.2311888E-04
  0.3998333333333E+01  0.9186529E-03  0.2966094E-03 -0.2349468E-05 -0.7337703E-06  0.7239597E-04  0.2323455E-04
  0.4031666666667E+01  0.9285896E-03  0.2981005E-03 -0.2374035E-05 -0.7369891E-06  0.7317434E-04  0.2335108E-04
  0.4065000000000E+01  0.9385763E-03  0.2996024E-03 -0.2398709E-05 -0.7402224E-06  0.7395662E-04  0.2346848E-04
  0.4098333333333E+01  0.9486135E-03  0.3011152E-03 -0.2423491E-05 -0.7434710E-06  0.7474284E-04  0.2358676E-04
  0.4131666666667E+01  0.9587014E-03  0.3026390E-03 -0.2448382E-05 -0.7467355E-06  0.7553304E-04  0.2370593E-04
  0.4165000000000E+01  0.9688406E-03  0.3041738E-03 -0.2473383E-05 -0.7500171E-06  0.7632724E-04  0.2382598E-04
  0.4198333333333E+01  0.9790312E-03  0.3057197E-03 -0.2498493E-05 -0.7533165E-06  0.7712547E-04  0.2394694E-04
  0.4231666666667E+01  0.9892738E-03  0.3072769E-03 -0.2523715E-05 -0.7566350E-06  0.7792777E-04  0.2406880E-04
  0.4265000000000E+01  0.9995686E-03  0.3088454E-03 -0.2549047E-05 -0.7599738E-06  0.7873415E-04  0.2419157E-04
  0.4298333333333E+01  0.1009916E-02  0.3104254E-03 -0.2574491E-05 -0.7633343E-06  0.7954466E-04  0.2431527E-04
  0.4331666666667E+01  0.1020317E-02  0.3120169E-03 -0.2600049E-05 -0.7667180E-06  0.8035932E-04  0.2443989E-04
  0.4365000000000E+01  0.1030771E-02  0.3136200E-03 -0.2625720E-05 -0.7701268E-06  0.8117817E-04  0.2456546E-04
  0.4398333333333E+01  0.1041279E-02  0.3152349E-03 -0.2651505E-05 -0.7735626E-06  0.8200124E-04  0.2469199E-04
  0.4431666666667E+01  0.1051841E-02  0.3168616E-03 -0.2677406E-05 -0.7770276E-06  0.8282855E-04  0.2481947E-04
  0.4465000000000E+01  0.1062457E-02  0.3185004E-03 -0.2703423E-05 -0.7805242E-06  0.8366015E-04  0.2494793E-04
  0.4498333333333E+01  0.1073129E-02  0.3201513E-03 -0.2729559E-05 -0.7840553E-06  0.8449606E-04  0.2507737E-04
  0.4531666666667E+01  0.1083856E-02  0.3218145E-03 -0.2755813E-05 -0.7876238E-06  0.8533632E-04  0.2520782E-04
  0.4565000000000E+01  0.1094639E-02  0.3234901E-03 -0.2782187E-05 -0.7912334E-06  0.8618097E-04  0.2533927E-04
  0.4598333333333E+01  0.1105478E-02  0.3251783E-03 -0.2808683E-05 -0.7948879E-06  0.8703003E-04  0.2547176E-04
  0.4631666666667E+01  0.1116374E-02  0.3268793E-03 -0.2835303E-05 -0.7985917E-06  0.8788354E-04  0.2560529E-04
  0.4665000000000E+01  0.1127328E-02  0.3285933E-03 -0.2862048E-05 -0.8023497E-06  0.8874153E-04  0.2573989E-04
  0.4698333333333E+01  0.1138338E-02  0.3303205E-03 -0.2888920E-05 -0.8061675E-06  0.8960405E-04  0.2587558E-04
  0.4731666666667E+01  0.1149407E-02  0.3320610E-03 -0.2915922E-05 -0.8100512E-06  0.9047113E-04  0.2601236E-04
  0.4765000000000E+01  0.1160534E-02  0.3338152E-03 -0.2943056E-05 -0.8140078E-06  0.9134281E-04  0.2615028E-04
  0.4798333333333E+01  0.1171720E-02  0.3355832E-03 -0.2970324E-05 -0.8180451E-06  0.9221912E-04  0.2628936E-04
  0.4831666666667E+01  0.1182966E-02  0.3373654E-03 -0.2997730E-05 -0.8221720E-06  0.9310011E-04  0.2642961E-04
  0.4865000000000E+01  0.1194271E-02  0.3391621E-03 -0.3025276E-05 -0.8263984E-06  0.9398581E-04  0.2657109E-04
  0.4898333333333E+01  0.1205637E-02  0.3409736E-03 -0.3052967E-05 -0.8307352E-06  0.9487627E-04  0.2671381E-04
  0.4931666666667E+01  0.1217064E-02  0.3428003E-03 -0.3080807E-05 -0.8351950E-06  0.9577153E-04  0.2685781E-04
  0.4965000000000E+01  0.1228552E-02  0.3446426E-03 -0.3108800E-05 -0.8397917E-06  0.9667163E-04  0.2700315E-04
  0.4998333333333E+01  0.1240102E-02  0.3465009E-03 -0.3136952E-05 -0.8445409E-06  0.9757663E-04  0.2714986E-04
  0.5031666666667E+01  0.1251714E-02  0.3483757E-03 -0.3165267E-05 -0.8494601E-06  0.9848656E-04  0.2729800E-04
  0.5065000000000E+01  0.1263390E-02  0.3502675E-03 -0.3193753E-05 -0.8545688E-06  0.9940148E-04  0.2744762E-04
  0.5098333333333E+01  0.1275129E-02  0.3521770E-03 -0.3222416E-05 -0.8598886E-06  0.1003214E-03  0.2759878E-04
  0.5131666666667E+01  0.1286932E-02  0.3541047E-03 -0.3251264E-05 -0.8654439E-06  0.1012465E-03  0.2775156E-04
  0.5165000000000E+01  0.1298801E-02  0.3560514E-03 -0.3280306E-05 -0.8712614E-06  0.1021767E-03  0.2790602E-04
  0.5198333333333E+01  0.1310735E-02  0.3580179E-03 -0.3309551E-05 -0.8773708E-06  0.1031121E-03  0.2806225E-04
  0.5231666666667E+01  0.1322735E-02  0.3600050E-03 -0.3339012E-05 -0.8838050E-06  0.1040528E-03  0.2822035E-04
  0.5265000000000E+01  0.1334802E-02  0.3620137E-03 -0.3368698E-05 -0.8905998E-06  0.1049988E-03  0.2838040E-04
  0.5298333333333E+01  0.1346937E-02  0.3640449E-03 -0.3398625E-05 -0.8977949E-06  0.1059502E-03  0.2854253E-04
  0.5331666666667E+01  0.1359140E-02  0.3660997E-03 -0.3428806E-05 -0.9054329E-06  0.1069071E-03  0.2870684E-04
  0.5365000000000E+01  0.1371413E-02  0.3681794E-03 -0.3459258E-05 -0.9135606E-06  0.1078696E-03  0.2887347E-04
  0.5398333333333E+01  0.1383756E-02  0.3702852E-03 -0.3489999E-05 -0.9222278E-06  0.1088376E-03  0.2904255E-04
  0.5431666666667E+01  0.1396170E-02  0.3724184E-03 -0.3521048E-05 -0.9314881E-06  0.1098114E-03  0.2921424E-04
  0.5465000000000E+01  0.1408656E-02  0.3745806E-03 -0.3552428E-05 -0.9413982E-06  0.1107911E-03  0.2938868E-04
  0.5498333333333E+01  0.1421215E-02  0.3767733E-03 -0.3584162E-05 -0.9520177E-06  0.1117766E-03  0.2956604E-04
  0.5531666666667E+01  0.1433848E-02  0.3789981E-03 -0.3616276E-05 -0.9634088E-06  0.1127682E-03  0.2974651E-04
  0.5565000000000E+01  0.1446557E-02  0.3812566E-03 -0.3648797E-05 -0.9756353E-06  0.1137658E-03  0.2993026E-04
  0.5598333333333E+01  0.1459342E-02  0.3835506E-03 -0.3681756E-05 -0.9887623E-06  0.1147697E-03  0.3011747E-04
  0.5631666666667E+01  0.1472204E-02  0.3858818E-03 -0.3715184E-05 -0.1002855E-05  0.1157800E-03  0.3030833E-04
  0.5665000000000E+01  0.1485146E-02  0.3882521E-03 -0.3749117E-05 -0.1017978E-05  0.1167968E-03  0.3050304E-04
  0.5698333333333E+01  0.1498168E-02  0.3906631E-03 -0.3783590E-05 -0.1034194E-05  0.1178202E-03  0.3070179E-04
  0.5731666666667E+01  0.1511272E-02  0.3931167E-03 -0.3818642E-05 -0.1051563E-05  0.1188503E-03  0.3090476E-04
  0.5765000000000E+01  0.1524459E-02  0.3956144E-03 -0.3854313E-05 -0.1070139E-05  0.1198874E-03  0.3111212E-04
  0.5798333333333E+01  0.1537731E-02  0.3981579E-03 -0.3890646E-05 -0.1089973E-05  0.1209316E-03  0.3132406E-04
  0.5831666666667E+01  0.1551089E-02  0.4007487E-03 -0.3927683E-05 -0.1111107E-05  0.1219829E-03  0.3154072E-04
  0.5865000000000E+01  0.1564536E-02  0.4033882E-03 -0.3965469E-05 -0.1133579E-05  0.1230417E-03  0.3176225E-04
  0.5898333333333E+01  0.1578072E-02  0.4060775E-03 -0.4004049E-05 -0.1157414E-05  0.1241079E-03  0.3198878E-04
  0.5931666666667E+01  0.1591699E-02  0.4088178E-03 -0.4043470E-05 -0.1182631E-05  0.1251820E-03  0.3222042E-04
  0.5965000000000E+01  0.1605419E-02  0.4116100E-03 -0.4083778E-05 -0.1209239E-05  0.1262639E-03  0.3245725E-04
  0.5998333333333E+01  0.1619234E-02  0.4144549E-03 -0.4125020E-05 -0.1237238E-05  0.1273538E-03  0.3269936E-04
  0.6031666666667E+01  0.1633146E-02  0.4173530E-03 -0.4167240E-05 -0.1266618E-05  0.1284521E-03  0.3294681E-04
  0.6065000000000E+01  0.1647156E-02  0.4203048E-03 -0.4210485E-05 -0.1297360E-05  0.1295587E-03  0.3319962E-04
  0.6098333333333E+01  0.1661267E-02  0.4233106E-03 -0.4254800E-05 -0.1329436E-05  0.1306740E-03  0.3345782E-04
  0.6131666666667E+01  0.1675479E-02  0.4263705E-03 -0.4300227E-05 -0.1362813E-05  0.1317980E-03  0.3372142E-04
  0.6165000000000E+01  0.1689795E-02  0.4294846E-03 -0.4346809E-05 -0.1397451E-05  0.1329310E-03  0.3399042E-04
  0.6198333333333E+01  0.1704217E-02  0.4326528E-03 -0.4394586E-05 -0.1433302E-05  0.1340732E-03  0.3426479E-04
  0.6231666666667E+01  0.1718746E-02  0.4358750E-03 -0.4443596E-05 -0.1470320E-05  0.1352247E-03  0.3454452E-04
  0.6265000000000E+01  0.1733385E-02  0.4391511E-03 -0.4493878E-05 -0.1508450E-05  0.1363857E-03  0.3482957E-04
  0.6298333333333E+01  0.1748134E-02  0.4424807E-03 -0.4545466E-05 -0.1547643E-05  0.1375563E-03  0.3511991E-04
  0.6331666666667E+01  0.1762996E-02  0.4458636E-03 -0.4598394E-05 -0.1587844E-05  0.1387369E-03  0.3541549E-04
  0.6365000000000E+01  0.1777973E-02  0.4492995E-03 -0.4652694E-05 -0.1629003E-05  0.1399274E-03  0.3571626E-04
  0.6398333333333E+01  0.1793066E-02  0.4527880E-03 -0.4708397E-05 -0.1671071E-05  0.1411281E-03  0.3602219E-04
  0.6431666666667E+01  0.1808277E-02  0.4563289E-03 -0.4765530E-05 -0.1714003E-05  0.1423392E-03  0.3633322E-04
  0.6465000000000E+01  0.1823607E-02  0.4599218E-03 -0.4824122E-05 -0.1757756E-05  0.1435609E-03  0.3664930E-04
  0.6498333333333E+01  0.1839059E-02  0.4635664E-03 -0.4884198E-05 -0.1802293E-05  0.1447932E-03  0.3697037E-04
  0.6531666666667E+01  0.1854635E-02  0.4672624E-03 -0.4945784E-05 -0.1847578E-05  0.1460364E-03  0.3729639E-04
  0.6565000000000E+01  0.1870335E-02  0.4710094E-03 -0.5008904E-05 -0.1893582E-05  0.1472907E-03  0.3762729E-04
  0.6598333333333E+01  0.1886162E-02  0.4748071E-03 -0.5073580E-05 -0.1940278E-05  0.1485561E-03  0.3796301E-04
  0.6631666666667E+01  0.1902117E-02  0.4786551E-03 -0.5139834E-05 -0.1987641E-05  0.1498329E-03  0.3830350E-04
  0.6665000000000E+01  0.1918202E-02  0.4825531E-03 -0.5207689E-05 -0.2035651E-05  0.1511212E-03  0.3864869E-04
  0.6698333333333E+01  0.1934419E-02  0.4865007E-03 -0.5277166E-05 -0.2084288E-05  0.1524211E-03  0.3899851E-04
  0.6731666666667E+01  0.1950769E-02  0.4904975E-03 -0.5348283E-05 -0.2133534E-05  0.1537329E-03  0.3935290E-04
  0.6765000000000E+01  0.1967254E-02  0.4945431E-03 -0.5421062E-05 -0.2183371E-05  0.1550566E-03  0.3971179E-04
  0.6798333333333E+01  0.1983875E-02  0.4986370E-03 -0.5495522E-05 -0.2233782E-05  0.1563925E-03  0.4007510E-04
  0.6831666666667E+01  0.2000634E-02  0.5027790E-03 -0.5571680E-05 -0.2284749E-05  0.1577406E-03  0.4044276E-04
  0.6865000000000E+01  0.2017533E-02  0.5069685E-03 -0.5649555E-05 -0.2336252E-05  0.1591011E-03  0.4081471E-04
  0.6898333333333E+01  0.2034573E-02  0.5112051E-03 -0.5729164E-05 -0.2388271E-05  0.1604741E-03  0.4119087E-04
  0.6931666666667E+01  0.2051756E-02  0.5154883E-03 -0.5810524E-05 -0.2440784E-05  0.1618598E-03  0.4157118E-04
  0.6965000000000E+01  0.2069084E-02  0.5198179E-03 -0.5893649E-05 -0.2493767E-05  0.1632583E-03  0.4195556E-04
  0.6998333333333E+01  0.2086557E-02  0.5241934E-03 -0.5978556E-05 -0.2547196E-05  0.1646698E-03  0.4234395E-04
  0.7031666666667E+01  0.2104177E-02  0.5286143E-03 -0.6065257E-05 -0.2601044E-05  0.1660943E-03  0.4273630E-04
  0.7065000000000E+01  0.2121947E-02  0.5330804E-03 -0.6153767E-05 -0.2655284E-05  0.1675321E-03  0.4313254E-04
  0.7098333333333E+01  0.2139866E-02  0.5375914E-03 -0.6244096E-05 -0.2709885E-05  0.1689832E-03  0.4353262E-04
  0.7131666666667E+01  0.2157938E-02  0.5421469E-03 -0.6336257E-05 -0.2764818E-05  0.1704477E-03  0.4393651E-04
  0.7165000000000E+01  0.2176163E-02  0.5467468E-03 -0.6430258E-05 -0.2820052E-05  0.1719258E-03  0.4434416E-04
  0.7198333333333E+01  0.2194542E-02  0.5513908E-03 -0.6526110E-05 -0.2875556E-05  0.1734177E-03  0.4475554E-04
  0.7231666666667E+01  0.2213078E-02  0.5560787E-03 -0.6623820E-05 -0.2931299E-05  0.1749234E-03  0.4517062E-04
  0.7265000000000E+01  0.2231772E-02  0.5608106E-03 -0.6723395E-05 -0.2987249E-05  0.1764430E-03  0.4558939E-04
  0.7298333333333E+01  0.2250625E-02  0.5655862E-03 -0.6824841E-05 -0.3043374E-05  0.1779768E-03  0.4601183E-04
  0.7331666666667E+01  0.2269638E-02  0.5704058E-03 -0.6928162E-05 -0.3099642E-05  0.1795247E-03  0.4643795E-04
  0.7365000000000E+01  0.2288814E-02  0.5752693E-03 -0.7033363E-05 -0.3156024E-05  0.1810869E-03  0.4686774E-04
  0.7398333333333E+01  0.2308153E-02  0.5801768E-03 -0.7140446E-05 -0.3212488E-05  0.1826637E-03  0.4730121E-04
  0.7431666666667E+01  0.2327658E-02  0.5851285E-03 -0.7249413E-05 -0.3269003E-05  0.1842549E-03  0.4773839E-04
  0.7465000000000E+01  0.2347328E-02  0.5901248E-03 -0.7360264E-05 -0.3325539E-05  0.1858609E-03  0.4817931E-04
  0.7498333333333E+01  0.2367167E-02  0.5951658E-03 -0.7473000E-05 -0.3382068E-05  0.1874817E-03  0.4862399E-04
  0.7531666666667E+01  0.2387176E-02  0.6002520E-03 -0.7587618E-05 -0.3438558E-05  0.1891175E-03  0.4907248E-04
  0.7565000000000E+01  0.2407355E-02  0.6053838E-03 -0.7704118E-05 -0.3494982E-05  0.1907683E-03  0.4952483E-04
  0.7598333333333E+01  0.2427707E-02  0.6105616E-03 -0.7822495E-05 -0.3551311E-05  0.1924343E-03  0.4998111E-04
  0.7631666666667E+01  0.2448233E-02  0.6157860E-03 -0.7942745E-05 -0.3607517E-05  0.1941157E-03  0.5044137E-04
  0.7665000000000E+01  0.2468935E-02  0.6210576E-03 -0.8064865E-05 -0.3663572E-05  0.1958126E-03  0.5090569E-04
  0.7698333333333E+01  0.2489815E-02  0.6263770E-03 -0.8188846E-05 -0.3719449E-05  0.1975250E-03  0.5137415E-04
  0.7731666666667E+01  0.2510873E-02  0.6317450E-03 -0.8314684E-05 -0.3775122E-05  0.1992533E-03  0.5184683E-04
  0.7765000000000E+01  0.2532111E-02  0.6371623E-03 -0.8442369E-05 -0.3830565E-05  0.2009974E-03  0.5232384E-04
  0.7798333333333E+01  0.2553532E-02  0.6426298E-03 -0.8571894E-05 -0.3885755E-05  0.2027576E-03  0.5280526E-04
  0.7831666666667E+01  0.2575137E-02  0.6481482E-03 -0.8703250E-05 -0.3940670E-05  0.2045339E-03  0.5329122E-04
  0.7865000000000E+01  0.2596928E-02  0.6537186E-03 -0.8836426E-05 -0.3995289E-05  0.2063267E-03  0.5378181E-04
  0.7898333333333E+01  0.2618906E-02  0.6593418E-03 -0.8971413E-05 -0.4049595E-05  0.2081359E-03  0.5427715E-04
  0.7931666666667E+01  0.2641073E-02  0.6650188E-03 -0.9108198E-05 -0.4103574E-05  0.2099618E-03  0.5477737E-04
  0.7965000000000E+01  0.2663432E-02  0.6707508E-03 -0.9246772E-05 -0.4157215E-05  0.2118046E-03  0.5528258E-04
  0.7998333333333E+01  0.2685983E-02  0.6765387E-03 -0.9387123E-05 -0.4210515E-05  0.2136643E-03  0.5579291E-04
  0.8031666666667E+01  0.2708729E-02  0.6823837E-03 -0.9529238E-05 -0.4263472E-05  0.2155413E-03  0.5630848E-04
  0.8065000000000E+01  0.2731672E-02  0.6882868E-03 -0.9673108E-05 -0.4316094E-05  0.2174356E-03  0.5682941E-04
  0.8098333333333E+01  0.2754814E-02  0.6942493E-03 -0.9818721E-05 -0.4368395E-05  0.2193475E-03  0.5735584E-04
  0.8131666666667E+01  0.2778156E-02  0.7002721E-03 -0.9966068E-05 -0.4420396E-05  0.2212771E-03  0.5788787E-04
  0.8165000000000E+01  0.2801701E-02  0.7063566E-03 -0.1011514E-04 -0.4472128E-05  0.2232246E-03  0.5842563E-04
  0.8198333333333E+01  0.2825451E-02  0.7125038E-03 -0.1026593E-04 -0.4523630E-05  0.2251902E-03  0.5896923E-04
  0.8231666666667E+01  0.2849409E-02  0.7187149E-03 -0.1041842E-04 -0.4574951E-05  0.2271742E-03  0.5951878E-04
  0.8265000000000E+01  0.2873575E-02  0.7249910E-03 -0.1057263E-04 -0.4626149E-05  0.2291767E-03  0.6007438E-04
  0.8298333333333E+01  0.2897953E-02  0.7313334E-03 -0.1072854E-04 -0.4677292E-05  0.2311979E-03  0.6063615E-04
  0.8331666666667E+01  0.2922544E-02  0.7377431E-03 -0.1088615E-04 -0.4728458E-05  0.2332380E-03  0.6120417E-04
  0.8365000000000E+01  0.2947352E-02  0.7442214E-03 -0.1104548E-04 -0.4779735E-05  0.2352973E-03  0.6177854E-04
  0.8398333333333E+01  0.2972377E-02  0.7507695E-03 -0.1120652E-04 -0.4831218E-05  0.2373759E-03  0.6235937E-04
  0.8431666666667E+01  0.2997624E-02  0.7573885E-03 -0.1136929E-04 -0.4883013E-05  0.2394742E-03  0.6294674E-04
  0.8465000000000E+01  0.3023093E-02  0.7640799E-03 -0.1153379E-04 -0.4935234E-05  0.2415922E-03  0.6354076E-04
  0.8498333333333E+01  0.3048788E-02  0.7708450E-03 -0.1170006E-04 -0.4988003E-05  0.2437302E-03  0.6414154E-04
  0.8531666666667E+01  0.3074711E-02  0.7776852E-03 -0.1186811E-04 -0.5041453E-05  0.2458885E-03  0.6474921E-04
  0.8565000000000E+01  0.3100864E-02  0.7846022E-03 -0.1203797E-04 -0.5095724E-05  0.2480673E-03  0.6536390E-04
  0.8598333333333E+01  0.3127251E-02  0.7915979E-03 -0.1220967E-04 -0.5150969E-05  0.2502669E-03  0.6598577E-04
  0.8631666666667E+01  0.3153873E-02  0.7986741E-03 -0.1238324E-04 -0.5207352E-05  0.2524874E-03  0.6661503E-04
  0.8665000000000E+01  0.3180734E-02  0.8058334E-03 -0.1255875E-04 -0.5265052E-05  0.2547291E-03  0.6725190E-04
  0.8698333333333E+01  0.3207837E-02  0.8130782E-03 -0.1273622E-04 -0.5324267E-05  0.2569923E-03  0.6789666E-04
  0.8731666666667E+01  0.3235184E-02  0.8204119E-03 -0.1291573E-04 -0.5385212E-05  0.2592773E-03  0.6854963E-04
  0.8765000000000E+01  0.3262778E-02  0.8278378E-03 -0.1309733E-04 -0.5448129E-05  0.2615843E-03  0.6921121E-04
  0.8798333333333E+01  0.3290624E-02  0.8353603E-03 -0.1328111E-04 -0.5513286E-05  0.2639137E-03  0.6988186E-04
  0.8831666666667E+01  0.3318723E-02  0.8429840E-03 -0.1346714E-04 -0.5580981E-05  0.2662658E-03  0.7056213E-04
  0.8865000000000E+01  0.3347080E-02  0.8507144E-03 -0.1365553E-04 -0.5651545E-05  0.2686409E-03  0.7125263E-04
  0.8898333333333E+01  0.3375699E-02  0.8585575E-03 -0.1384637E-04 -0.5725339E-05  0.2710394E-03  0.7195408E-04
  0.8931666666667E+01  0.3404583E-02  0.8665202E-03 -0.1403980E-04 -0.5802756E-05  0.2734616E-03  0.7266728E-04
  0.8965000000000E+01  0.3433737E-02  0.8746098E-03 -0.1423594E-04 -0.5884214E-05  0.2759080E-03  0.7339308E-04
  0.8998333333333E+01  0.3463164E-02  0.8828341E-03 -0.1443494E-04 -0.5970148E-05  0.2783791E-03  0.7413243E-04
  0.9031666666667E+01  0.3492871E-02  0.8912012E-03 -0.1463698E-04 -0.6061001E-05  0.2808753E-03  0.7488628E-04
  0.9065000000000E+01  0.3522862E-02  0.8997195E-03 -0.1484222E-04 -0.6157213E-05  0.2833972E-03  0.7565563E-04
  0.9098333333333E+01  0.3553142E-02  0.9083970E-03 -0.1505086E-04 -0.6259207E-05  0.2859452E-03  0.7644142E-04
  0.9131666666667E+01  0.3583716E-02  0.9172414E-03 -0.1526310E-04 -0.6367372E-05  0.2885201E-03  0.7724456E-04
  0.9165000000000E+01  0.3614592E-02  0.9262599E-03 -0.1547917E-04 -0.6482059E-05  0.2911222E-03  0.7806588E-04
  0.9198333333333E+01  0.3645774E-02  0.9354588E-03 -0.1569929E-04 -0.6603557E-05  0.2937524E-03  0.7890610E-04
  0.9231666666667E+01  0.3677268E-02  0.9448430E-03 -0.1592369E-04 -0.6732094E-05  0.2964113E-03  0.7976576E-04
  0.9265000000000E+01  0.3709082E-02  0.9544166E-03 -0.1615262E-04 -0.6867815E-05  0.2990995E-03  0.8064528E-04
  0.9298333333333E+01  0.3741222E-02  0.9641821E-03 -0.1638631E-04 -0.7010783E-05  0.3018176E-03  0.8154492E-04
  0.9331666666667E+01  0.3773693E-02  0.9741409E-03 -0.1662501E-04 -0.7160968E-05  0.3045665E-03  0.8246474E-04
  0.9365000000000E+01  0.3806503E-02  0.9842930E-03 -0.1686895E-04 -0.7318246E-05  0.3073466E-03  0.8340469E-04
  0.9398333333333E+01  0.3839657E-02  0.9946376E-03 -0.1711837E-04 -0.7482402E-05  0.3101588E-03  0.8436457E-04
  0.9431666666667E+01  0.3873163E-02  0.1005173E-02 -0.1737347E-04 -0.7653135E-05  0.3130036E-03  0.8534411E-04
  0.9465000000000E+01  0.3907026E-02  0.1015896E-02 -0.1763447E-04 -0.7830071E-05  0.3158817E-03  0.8634296E-04
  0.9498333333333E+01  0.3941253E-02  0.1026804E-02 -0.1790157E-04 -0.8012781E-05  0.3187937E-03  0.8736076E-04
  0.9531666666667E+01  0.3975850E-02  0.1037896E-02 -0.1817493E-04 -0.8200794E-05  0.3217403E-03  0.8839717E-04
  0.9565000000000E+01  0.4010822E-02  0.1049167E-02 -0.1845471E-04 -0.8393619E-05  0.3247220E-03  0.8945189E-04
  0.9598333333333E+01  0.4046176E-02  0.1060616E-02 -0.1874107E-04 -0.8590766E-05  0.3277395E-03  0.9052470E-04
  0.9631666666667E+01  0.4081917E-02  0.1072243E-02 -0.1903413E-04 -0.8791758E-05  0.3307933E-03  0.9161546E-04
  0.9665000000000E+01  0.4118052E-02  0.1084045E-02 -0.1933400E-04 -0.8996155E-05  0.3338842E-03  0.9272416E-04
  0.9698333333333E+01  0.4154586E-02  0.1096023E-02 -0.1964079E-04 -0.9203565E-05  0.3370125E-03  0.9385084E-04
  0.9731666666667E+01  0.4191525E-02  0.1108179E-02 -0.1995458E-04 -0.9413661E-05  0.3401790E-03  0.9499569E-04
  0.9765000000000E+01  0.4228876E-02  0.1120513E-02 -0.2027545E-04 -0.9626196E-05  0.3433843E-03  0.9615892E-04
  0.9798333333333E+01  0.4266643E-02  0.1133028E-02 -0.2060348E-04 -0.9841009E-05  0.3466290E-03  0.9734081E-04
  0.9831666666667E+01  0.4304834E-02  0.1145726E-02 -0.2093875E-04 -0.1005804E-04  0.3499138E-03  0.9854165E-04
  0.9865000000000E+01  0.4343455E-02  0.1158610E-02 -0.2128133E-04 -0.1027732E-04  0.3532391E-03  0.9976174E-04
  0.9898333333333E+01  0.4382511E-02  0.1171682E-02 -0.2163129E-04 -0.1049898E-04  0.3566059E-03  0.1010013E-03
  0.9931666666667E+01  0.4422009E-02  0.1184945E-02 -0.2198874E-04 -0.1072324E-04  0.3600145E-03  0.1022605E-03
  0.9965000000000E+01  0.4461956E-02  0.1198402E-02 -0.2235375E-04 -0.1095039E-04  0.3634659E-03  0.1035395E-03
  0.9998333333333E+01  0.4502357E-02  0.1212053E-02 -0.2272644E-04 -0.1118073E-04  0.3669605E-03  0.1048382E-03
  0.1003166666667E+02  0.4543221E-02  0.1225900E-02 -0.2310693E-04 -0.1141460E-04  0.3704990E-03  0.1061566E-03
  0.1006500000000E+02  0.4584552E-02  0.1239944E-02 -0.2349534E-04 -0.1165230E-04  0.3740822E-03  0.1074945E-03
  0.1009833333333E+02  0.4626358E-02  0.1254184E-02 -0.2389181E-04 -0.1189411E-04  0.3777105E-03  0.1088516E-03
  0.1013166666667E+02  0.4668646E-02  0.1268620E-02 -0.2429648E-04 -0.1214021E-04  0.3813848E-03  0.1102278E-03
  0.1016500000000E+02  0.4711421E-02  0.1283251E-02 -0.2470951E-04 -0.1239073E-04  0.3851056E-03  0.1116226E-03
  0.1019833333333E+02  0.4754690E-02  0.1298075E-02 -0.2513103E-04 -0.1264567E-04  0.3888734E-03  0.1130358E-03
  0.1023166666667E+02  0.4798460E-02  0.1313091E-02 -0.2556119E-04 -0.1290500E-04  0.3926890E-03  0.1144669E-03
  0.1026500000000E+02  0.4842736E-02  0.1328298E-02 -0.2600015E-04 -0.1316859E-04  0.3965528E-03  0.1159157E-03
  0.1029833333333E+02  0.4887526E-02  0.1343693E-02 -0.2644802E-04 -0.1343626E-04  0.4004656E-03  0.1173818E-03
  0.1033166666667E+02  0.4932835E-02  0.1359275E-02 -0.2690495E-04 -0.1370776E-04  0.4044277E-03  0.1188650E-03
  0.1036500000000E+02  0.4978670E-02  0.1375042E-02 -0.2737104E-04 -0.1398285E-04  0.4084399E-03  0.1203651E-03
  0.1039833333333E+02  0.5025036E-02  0.1390995E-02 -0.2784642E-04 -0.1426123E-04  0.4125026E-03  0.1218819E-03
  0.1043166666667E+02  0.5071941E-02  0.1407131E-02 -0.2833117E-04 -0.1454262E-04  0.4166165E-03  0.1234154E-03
  0.1046500000000E+02  0.5119389E-02  0.1423452E-02 -0.2882540E-04 -0.1482673E-04  0.4207820E-03  0.1249656E-03
  0.1049833333333E+02  0.5167388E-02  0.1439957E-02 -0.2932917E-04 -0.1511327E-04  0.4249997E-03  0.1265325E-03
  0.1053166666667E+02  0.5215943E-02  0.1456648E-02 -0.2984257E-04 -0.1540196E-04  0.4292703E-03  0.1281163E-03
  0.1056500000000E+02  0.5265060E-02  0.1473527E-02 -0.3036566E-04 -0.1569254E-04  0.4335942E-03  0.1297174E-03
  0.1059833333333E+02  0.5314747E-02  0.1490595E-02 -0.3089848E-04 -0.1598475E-04  0.4379721E-03  0.1313361E-03
  0.1063166666667E+02  0.5365009E-02  0.1507858E-02 -0.3144109E-04 -0.1627836E-04  0.4424045E-03  0.1329730E-03
  0.1066500000000E+02  0.5415852E-02  0.1525318E-02 -0.3199353E-04 -0.1657317E-04  0.4468921E-03  0.1346286E-03
  0.1069833333333E+02  0.5467285E-02  0.1542981E-02 -0.3255583E-04 -0.1686900E-04  0.4514356E-03  0.1363038E-03
  0.1073166666667E+02  0.5519314E-02  0.1560855E-02 -0.3312802E-04 -0.1716572E-04  0.4560356E-03  0.1379996E-03
  0.1076500000000E+02  0.5571945E-02  0.1578945E-02 -0.3371013E-04 -0.1746328E-04  0.4606928E-03  0.1397171E-03
  0.1079833333333E+02  0.5625187E-02  0.1597263E-02 -0.3430219E-04 -0.1776172E-04  0.4654081E-03  0.1414577E-03
  0.1083166666667E+02  0.5679048E-02  0.1615818E-02 -0.3490423E-04 -0.1806121E-04  0.4701822E-03  0.1432230E-03
  0.1086500000000E+02  0.5733535E-02  0.1634625E-02 -0.3551630E-04 -0.1836210E-04  0.4750160E-03  0.1450149E-03
  0.1089833333333E+02  0.5788659E-02  0.1653699E-02 -0.3613847E-04 -0.1866499E-04  0.4799105E-03  0.1468355E-03
  0.1093166666667E+02  0.5844427E-02  0.1673058E-02 -0.3677082E-04 -0.1897072E-04  0.4848668E-03  0.1486874E-03
  0.1096500000000E+02  0.5900851E-02  0.1692723E-02 -0.3741351E-04 -0.1928049E-04  0.4898859E-03  0.1505732E-03
  0.1099833333333E+02  0.5957942E-02  0.1712716E-02 -0.3806670E-04 -0.1959584E-04  0.4949691E-03  0.1524962E-03
  0.1103166666667E+02  0.6015711E-02  0.1733066E-02 -0.3873066E-04 -0.1991865E-04  0.5001177E-03  0.1544598E-03
  0.1106500000000E+02  0.6074171E-02  0.1753798E-02 -0.3940569E-04 -0.2025111E-04  0.5053333E-03  0.1564674E-03
  0.1109833333333E+02  0.6133336E-02  0.1774944E-02 -0.4009221E-04 -0.2059564E-04  0.5106174E-03  0.1585229E-03
  0.1113166666667E+02  0.6193220E-02  0.1796531E-02 -0.4079071E-04 -0.2095477E-04  0.5159717E-03  0.1606297E-03
  0.1116500000000E+02  0.6253840E-02  0.1818588E-02 -0.4150174E-04 -0.2133107E-04  0.5213981E-03  0.1627913E-03
  0.1119833333333E+02  0.6315211E-02  0.1841140E-02 -0.4222597E-04 -0.2172699E-04  0.5268985E-03  0.1650105E-03
  0.1123166666667E+02  0.6377351E-02  0.1864208E-02 -0.4296413E-04 -0.2214478E-04  0.5324748E-03  0.1672898E-03
  0.1126500000000E+02  0.6440278E-02  0.1887809E-02 -0.4371701E-04 -0.2258637E-04  0.5381291E-03  0.1696307E-03
  0.1129833333333E+02  0.6504010E-02  0.1911955E-02 -0.4448546E-04 -0.2305327E-04  0.5438636E-03  0.1720341E-03
  0.1133166666667E+02  0.6568565E-02  0.1936649E-02 -0.4527034E-04 -0.2354646E-04  0.5496803E-03  0.1745000E-03
  0.1136500000000E+02  0.6633961E-02  0.1961893E-02 -0.4607255E-04 -0.2406630E-04  0.5555812E-03  0.1770279E-03
  0.1139833333333E+02  0.6700217E-02  0.1987681E-02 -0.4689297E-04 -0.2461254E-04  0.5615684E-03  0.1796166E-03
  0.1143166666667E+02  0.6767351E-02  0.2014005E-02 -0.4773244E-04 -0.2518432E-04  0.5676439E-03  0.1822645E-03
  0.1146500000000E+02  0.6835379E-02  0.2040855E-02 -0.4859179E-04 -0.2578027E-04  0.5738096E-03  0.1849701E-03
  0.1149833333333E+02  0.6904320E-02  0.2068220E-02 -0.4947174E-04 -0.2639867E-04  0.5800673E-03  0.1877319E-03
  0.1153166666667E+02  0.6974190E-02  0.2096091E-02 -0.5037299E-04 -0.2703755E-04  0.5864189E-03  0.1905486E-03
  0.1156500000000E+02  0.7045005E-02  0.2124462E-02 -0.5129616E-04 -0.2769491E-04  0.5928663E-03  0.1934196E-03
  0.1159833333333E+02  0.7116783E-02  0.2153329E-02 -0.5224178E-04 -0.2836880E-04  0.5994111E-03  0.1963446E-03
  0.1163166666667E+02  0.7189539E-02  0.2182690E-02 -0.5321037E-04 -0.2905750E-04  0.6060552E-03  0.1993238E-03
  0.1166500000000E+02  0.7263291E-02  0.2212550E-02 -0.5420235E-04 -0.2975962E-04  0.6128005E-03  0.2023579E-03
  0.1169833333333E+02  0.7338054E-02  0.2242911E-02 -0.5521816E-04 -0.3047418E-04  0.6196487E-03  0.2054476E-03
  0.1173166666667E+02  0.7413847E-02  0.2273780E-02 -0.5625818E-04 -0.3120073E-04  0.6266018E-03  0.2085937E-03
  0.1176500000000E+02  0.7490686E-02  0.2305163E-02 -0.5732283E-04 -0.3193934E-04  0.6336617E-03  0.2117970E-03
  0.1179833333333E+02  0.7568588E-02  0.2337065E-02 -0.5841251E-04 -0.3269058E-04  0.6408303E-03  0.2150576E-03
  0.1183166666667E+02  0.7647571E-02  0.2369489E-02 -0.5952769E-04 -0.3345541E-04  0.6481095E-03  0.2183757E-03
  0.1186500000000E+02  0.7727652E-02  0.2402440E-02 -0.6066886E-04 -0.3423501E-04  0.6555012E-03  0.2217508E-03
  0.1189833333333E+02  0.7808850E-02  0.2435917E-02 -0.6183655E-04 -0.3503057E-04  0.6630073E-03  0.2251823E-03
  0.1193166666667E+02  0.7891180E-02  0.2469920E-02 -0.6303132E-04 -0.3584307E-04  0.6706296E-03  0.2286692E-03
  0.1196500000000E+02  0.7974662E-02  0.2504446E-02 -0.6425375E-04 -0.3667315E-04  0.6783699E-03  0.2322106E-03
  0.1199833333333E+02  0.8059312E-02  0.2539491E-02 -0.6550445E-04 -0.3752097E-04  0.6862301E-03  0.2358053E-03
  0.1203166666667E+02  0.8145147E-02  0.2575050E-02 -0.6678399E-04 -0.3838625E-04  0.6942119E-03  0.2394522E-03
  0.1206500000000E+02  0.8232184E-02  0.2611119E-02 -0.6809294E-04 -0.3926831E-04  0.7023169E-03  0.2431504E-03
  0.1209833333333E+02  0.8320440E-02  0.2647693E-02 -0.6943181E-04 -0.4016619E-04  0.7105468E-03  0.2468992E-03
  0.1213166666667E+02  0.8409933E-02  0.2684769E-02 -0.7080110E-04 -0.4107870E-04  0.7189035E-03  0.2506982E-03
  0.1216500000000E+02  0.8500677E-02  0.2722346E-02 -0.7220125E-04 -0.4200461E-04  0.7273884E-03  0.2545473E-03
  0.1219833333333E+02  0.8592692E-02  0.2760425E-02 -0.7363268E-04 -0.4294264E-04  0.7360033E-03  0.2584470E-03
  0.1223166666667E+02  0.8685992E-02  0.2799013E-02 -0.7509573E-04 -0.4389163E-04  0.7447499E-03  0.2623984E-03
  0.1226500000000E+02  0.8780596E-02  0.2838116E-02 -0.7659075E-04 -0.4485052E-04  0.7536300E-03  0.2664031E-03
  0.1229833333333E+02  0.8876521E-02  0.2877750E-02 -0.7811803E-04 -0.4581852E-04  0.7626454E-03  0.2704636E-03
  0.1233166666667E+02  0.8973785E-02  0.2917933E-02 -0.7967787E-04 -0.4679516E-04  0.7717982E-03  0.2745834E-03
  0.1236500000000E+02  0.9072408E-02  0.2958692E-02 -0.8127055E-04 -0.4778049E-04  0.7810904E-03  0.2787668E-03
  0.1239833333333E+02  0.9172410E-02  0.3000061E-02 -0.8289640E-04 -0.4877528E-04  0.7905244E-03  0.2830193E-03
  0.1243166666667E+02  0.9273813E-02  0.3042080E-02 -0.8455577E-04 -0.4978128E-04  0.8001027E-03  0.2873478E-03
  0.1246500000000E+02  0.9376640E-02  0.3084803E-02 -0.8624916E-04 -0.5080147E-04  0.8098280E-03  0.2917603E-03
  0.1249833333333E+02  0.9480916E-02  0.3128289E-02 -0.8797716E-04 -0.5184020E-04  0.8197036E-03  0.2962661E-03
  0.1253166666667E+02  0.9586670E-02  0.3172607E-02 -0.8974060E-04 -0.5290320E-04  0.8297327E-03  0.3008754E-03
  0.1256500000000E+02  0.9693931E-02  0.3217829E-02 -0.9154051E-04 -0.5399736E-04  0.8399194E-03  0.3055987E-03
  0.1259833333333E+02  0.9802732E-02  0.3264028E-02 -0.9337819E-04 -0.5513024E-04  0.8502676E-03  0.3104463E-03
  0.1263166666667E+02  0.9913107E-02  0.3311270E-02 -0.9525518E-04 -0.5630961E-04  0.8607818E-03  0.3154273E-03
  0.1266500000000E+02  0.1002509E-01  0.3359612E-02 -0.9717327E-04 -0.5754292E-04  0.8714668E-03  0.3205489E-03
  0.1269833333333E+02  0.1013873E-01  0.3409095E-02 -0.9913450E-04 -0.5883680E-04  0.8823273E-03  0.3258158E-03
  0.1273166666667E+02  0.1025406E-01  0.3459746E-02 -0.1011411E-03 -0.6019656E-04  0.8933683E-03  0.3312304E-03
  0.1276500000000E+02  0.1037111E-01  0.3511571E-02 -0.1031952E-03 -0.6162569E-04  0.9045947E-03  0.3367921E-03
  0.1279833333333E+02  0.1048993E-01  0.3564564E-02 -0.1052994E-03 -0.6312550E-04  0.9160113E-03  0.3424986E-03
  0.1283166666667E+02  0.1061055E-01  0.3618707E-02 -0.1074559E-03 -0.6469506E-04  0.9276229E-03  0.3483463E-03
  0.1286500000000E+02  0.1073302E-01  0.3673973E-02 -0.1096670E-03 -0.6633143E-04  0.9394339E-03  0.3543313E-03
  0.1289833333333E+02  0.1085736E-01  0.3730338E-02 -0.1119346E-03 -0.6803025E-04  0.9514489E-03  0.3604501E-03
  0.1293166666667E+02  0.1098362E-01  0.3787777E-02 -0.1142609E-03 -0.6978638E-04  0.9636723E-03  0.3667001E-03
  0.1296500000000E+02  0.1111183E-01  0.3846269E-02 -0.1166474E-03 -0.7159471E-04  0.9761083E-03  0.3730799E-03
  0.1299833333333E+02  0.1124202E-01  0.3905797E-02 -0.1190957E-03 -0.7345076E-04  0.9887612E-03  0.3795884E-03
  0.1303166666667E+02  0.1137423E-01  0.3966345E-02 -0.1216074E-03 -0.7535126E-04  0.1001635E-02  0.3862249E-03
  0.1306500000000E+02  0.1150850E-01  0.4027894E-02 -0.1241839E-03 -0.7729448E-04  0.1014735E-02  0.3929878E-03
  0.1309833333333E+02  0.1164484E-01  0.4090422E-02 -0.1268266E-03 -0.7928029E-04  0.1028064E-02  0.3998746E-03
  0.1313166666667E+02  0.1178331E-01  0.4153898E-02 -0.1295369E-03 -0.8130989E-04  0.1041627E-02  0.4068816E-03
  0.1316500000000E+02  0.1192392E-01  0.4218288E-02 -0.1323164E-03 -0.8338517E-04  0.1055427E-02  0.4140040E-03
  0.1319833333333E+02  0.1206670E-01  0.4283547E-02 -0.1351667E-03 -0.8550793E-04  0.1069468E-02  0.4212361E-03
  0.1323166666667E+02  0.1221169E-01  0.4349622E-02 -0.1380893E-03 -0.8767908E-04  0.1083754E-02  0.4285717E-03
  0.1326500000000E+02  0.1235890E-01  0.4416455E-02 -0.1410859E-03 -0.8989809E-04  0.1098287E-02  0.4360040E-03
  0.1329833333333E+02  0.1250837E-01  0.4483976E-02 -0.1441580E-03 -0.9216287E-04  0.1113072E-02  0.4435264E-03
  0.1333166666667E+02  0.1266011E-01  0.4552112E-02 -0.1473070E-03 -0.9447000E-04  0.1128109E-02  0.4511321E-03
  0.1336500000000E+02  0.1281413E-01  0.4620785E-02 -0.1505342E-03 -0.9681511E-04  0.1143403E-02  0.4588150E-03
  0.1339833333333E+02  0.1297046E-01  0.4689916E-02 -0.1538406E-03 -0.9919337E-04  0.1158955E-02  0.4665698E-03
  0.1343166666667E+02  0.1312911E-01  0.4759426E-02 -0.1572273E-03 -0.1016000E-03  0.1174769E-02  0.4743923E-03
  0.1346500000000E+02  0.1329009E-01  0.4829241E-02 -0.1606950E-03 -0.1040308E-03  0.1190845E-02  0.4822798E-03
  0.1349833333333E+02  0.1345340E-01  0.4899295E-02 -0.1642444E-03 -0.1064826E-03  0.1207186E-02  0.4902313E-03
  0.1353166666667E+02  0.1361905E-01  0.4969528E-02 -0.1678762E-03 -0.1089543E-03  0.1223794E-02  0.4982476E-03
  0.1356500000000E+02  0.1378704E-01  0.5039893E-02 -0.1715911E-03 -0.1114478E-03  0.1240672E-02  0.5063316E-03
  0.1359833333333E+02  0.1395739E-01  0.5110360E-02 -0.1753901E-03 -0.1139687E-03  0.1257821E-02  0.5144883E-03
  0.1363166666667E+02  0.1413009E-01  0.5180914E-02 -0.1792743E-03 -0.1165271E-03  0.1275245E-02  0.5227256E-03
  0.1366500000000E+02  0.1430514E-01  0.5251562E-02 -0.1832456E-03 -0.1191373E-03  0.1292947E-02  0.5310534E-03
  0.1369833333333E+02  0.1448255E-01  0.5322322E-02 -0.1873062E-03 -0.1218172E-03  0.1310930E-02  0.5394828E-03
  0.1373166666667E+02  0.1466232E-01  0.5393213E-02 -0.1914590E-03 -0.1245855E-03  0.1329197E-02  0.5480244E-03
  0.1376500000000E+02  0.1484446E-01  0.5464244E-02 -0.1957077E-03 -0.1274602E-03  0.1347754E-02  0.5566854E-03
  0.1379833333333E+02  0.1502898E-01  0.5535399E-02 -0.2000562E-03 -0.1304563E-03  0.1366602E-02  0.5654681E-03
  0.1383166666667E+02  0.1521587E-01  0.5606632E-02 -0.2045090E-03 -0.1335843E-03  0.1385748E-02  0.5743690E-03
  0.1386500000000E+02  0.1540513E-01  0.5677873E-02 -0.2090707E-03 -0.1368488E-03  0.1405194E-02  0.5833794E-03
  0.1389833333333E+02  0.1559676E-01  0.5749030E-02 -0.2137456E-03 -0.1402481E-03  0.1424944E-02  0.5924873E-03
  0.1393166666667E+02  0.1579076E-01  0.5820001E-02 -0.2185381E-03 -0.1437747E-03  0.1445000E-02  0.6016798E-03
  0.1396500000000E+02  0.1598712E-01  0.5890691E-02 -0.2234520E-03 -0.1474172E-03  0.1465364E-02  0.6109444E-03
  0.1399833333333E+02  0.1618582E-01  0.5961011E-02 -0.2284907E-03 -0.1511625E-03  0.1486040E-02  0.6202702E-03
  0.1403166666667E+02  0.1638685E-01  0.6030884E-02 -0.2336574E-03 -0.1549985E-03  0.1507028E-02  0.6296472E-03
  0.1406500000000E+02  0.1659019E-01  0.6100241E-02 -0.2389545E-03 -0.1589154E-03  0.1528331E-02  0.6390651E-03
  0.1409833333333E+02  0.1679582E-01  0.6169018E-02 -0.2443848E-03 -0.1629075E-03  0.1549948E-02  0.6485127E-03
  0.1413166666667E+02  0.1700373E-01  0.6237157E-02 -0.2499505E-03 -0.1669725E-03  0.1571880E-02  0.6579779E-03
  0.1416500000000E+02  0.1721388E-01  0.6304601E-02 -0.2556542E-03 -0.1711108E-03  0.1594129E-02  0.6674482E-03
  0.1419833333333E+02  0.1742626E-01  0.6371301E-02 -0.2614983E-03 -0.1753232E-03  0.1616692E-02  0.6769115E-03
  0.1423166666667E+02  0.1764083E-01  0.6437210E-02 -0.2674853E-03 -0.1796090E-03  0.1639571E-02  0.6863569E-03
  0.1426500000000E+02  0.1785758E-01  0.6502282E-02 -0.2736175E-03 -0.1839647E-03  0.1662763E-02  0.6957745E-03
  0.1429833333333E+02  0.1807646E-01  0.6566472E-02 -0.2798969E-03 -0.1883834E-03  0.1686269E-02  0.7051566E-03
  0.1433166666667E+02  0.1829745E-01  0.6629738E-02 -0.2863254E-03 -0.1928553E-03  0.1710085E-02  0.7144974E-03
  0.1436500000000E+02  0.1852052E-01  0.6692046E-02 -0.2929044E-03 -0.1973696E-03  0.1734212E-02  0.7237938E-03
  0.1439833333333E+02  0.1874563E-01  0.6753367E-02 -0.2996349E-03 -0.2019156E-03  0.1758646E-02  0.7330454E-03
  0.1443166666667E+02  0.1897275E-01  0.6813681E-02 -0.3065178E-03 -0.2064850E-03  0.1783388E-02  0.7422538E-03
  0.1446500000000E+02  0.1920185E-01  0.6872979E-02 -0.3135535E-03 -0.2110736E-03  0.1808436E-02  0.7514230E-03
  0.1449833333333E+02  0.1943289E-01  0.6931265E-02 -0.3207430E-03 -0.2156834E-03  0.1833788E-02  0.7605591E-03
  0.1453166666667E+02  0.1966585E-01  0.6988568E-02 -0.3280871E-03 -0.2203243E-03  0.1859443E-02  0.7696724E-03
  0.1456500000000E+02  0.1990068E-01  0.7044950E-02 -0.3355876E-03 -0.2250153E-03  0.1885403E-02  0.7787783E-03
  0.1459833333333E+02  0.2013736E-01  0.7100511E-02 -0.3432471E-03 -0.2297838E-03  0.1911666E-02  0.7878984E-03
  0.1463166666667E+02  0.2037587E-01  0.7155381E-02 -0.3510692E-03 -0.2346626E-03  0.1938235E-02  0.7970588E-03
  0.1466500000000E+02  0.2061620E-01  0.7209696E-02 -0.3590587E-03 -0.2396848E-03  0.1965111E-02  0.8062855E-03
  0.1469833333333E+02  0.2085832E-01  0.7263576E-02 -0.3672213E-03 -0.2448792E-03  0.1992297E-02  0.8155996E-03
  0.1473166666667E+02  0.2110222E-01  0.7317098E-02 -0.3755635E-03 -0.2502653E-03  0.2019798E-02  0.8250136E-03
  0.1476500000000E+02  0.2134790E-01  0.7370302E-02 -0.3840919E-03 -0.2558513E-03  0.2047616E-02  0.8345318E-03
  0.1479833333333E+02  0.2159534E-01  0.7423196E-02 -0.3928130E-03 -0.2616327E-03  0.2075754E-02  0.8441525E-03
  0.1483166666667E+02  0.2184453E-01  0.7475773E-02 -0.4017328E-03 -0.2675941E-03  0.2104216E-02  0.8538713E-03
  0.1486500000000E+02  0.2209546E-01  0.7528021E-02 -0.4108565E-03 -0.2737127E-03  0.2133006E-02  0.8636829E-03
  0.1489833333333E+02  0.2234813E-01  0.7579936E-02 -0.4201886E-03 -0.2799633E-03  0.2162125E-02  0.8735818E-03
  0.1493166666667E+02  0.2260251E-01  0.7631516E-02 -0.4297327E-03 -0.2863228E-03  0.2191577E-02  0.8835612E-03
  0.1496500000000E+02  0.2285860E-01  0.7682769E-02 -0.4394918E-03 -0.2927735E-03  0.2221364E-02  0.8936127E-03
  0.1499833333333E+02  0.2311639E-01  0.7733712E-02 -0.4494687E-03 -0.2993044E-03  0.2251489E-02  0.9037275E-03
  0.1503166666667E+02  0.2337587E-01  0.7784378E-02 -0.4596656E-03 -0.3059097E-03  0.2281952E-02  0.9138976E-03
  0.1506500000000E+02  0.2363703E-01  0.7834807E-02 -0.4700852E-03 -0.3125870E-03  0.2312756E-02  0.9241172E-03
  0.1509833333333E+02  0.2389987E-01  0.7885052E-02 -0.4807296E-03 -0.3193329E-03  0.2343902E-02  0.9343826E-03
  0.1513166666667E+02  0.2416437E-01  0.7935164E-02 -0.4916010E-03 -0.3261414E-03  0.2375392E-02  0.9446928E-03
  0.1516500000000E+02  0.2443055E-01  0.7985194E-02 -0.5027011E-03 -0.3330026E-03  0.2407227E-02  0.9550486E-03
  0.1519833333333E+02  0.2469839E-01  0.8035190E-02 -0.5140313E-03 -0.3399047E-03  0.2439408E-02  0.9654529E-03
  0.1523166666667E+02  0.2496789E-01  0.8085198E-02 -0.5255925E-03 -0.3468367E-03  0.2471939E-02  0.9759097E-03
  0.1526500000000E+02  0.2523907E-01  0.8135264E-02 -0.5373855E-03 -0.3537909E-03  0.2504819E-02  0.9864239E-03
  0.1529833333333E+02  0.2551192E-01  0.8185436E-02 -0.5494111E-03 -0.3607667E-03  0.2538053E-02  0.9970014E-03
  0.1533166666667E+02  0.2578644E-01  0.8235781E-02 -0.5616702E-03 -0.3677725E-03  0.2571641E-02  0.1007651E-02
  0.1536500000000E+02  0.2606266E-01  0.8286390E-02 -0.5741644E-03 -0.3748283E-03  0.2605587E-02  0.1018389E-02
  0.1539833333333E+02  0.2634057E-01  0.8337405E-02 -0.5868967E-03 -0.3819668E-03  0.2639895E-02  0.1029238E-02
  0.1543166666667E+02  0.2662020E-01  0.8389020E-02 -0.5998711E-03 -0.3892334E-03  0.2674570E-02  0.1040235E-02
  0.1546500000000E+02  0.2690159E-01  0.8441473E-02 -0.6130938E-03 -0.3966820E-03  0.2709617E-02  0.1051425E-02
  0.1549833333333E+02  0.2718475E-01  0.8495010E-02 -0.6265728E-03 -0.4043681E-03  0.2745046E-02  0.1062856E-02
  0.1553166666667E+02  0.2746975E-01  0.8549842E-02 -0.6403174E-03 -0.4123394E-03  0.2780865E-02  0.1074567E-02
  0.1556500000000E+02  0.2775662E-01  0.8606111E-02 -0.6543384E-03 -0.4206296E-03  0.2817084E-02  0.1086584E-02
  0.1559833333333E+02  0.2804541E-01  0.8663883E-02 -0.6686469E-03 -0.4292543E-03  0.2853715E-02  0.1098920E-02
  0.1563166666667E+02  0.2833619E-01  0.8723148E-02 -0.6832539E-03 -0.4382109E-03  0.2890767E-02  0.1111574E-02
  0.1566500000000E+02  0.2862898E-01  0.8783841E-02 -0.6981699E-03 -0.4474803E-03  0.2928252E-02  0.1124534E-02
  0.1569833333333E+02  0.2892384E-01  0.8845844E-02 -0.7134043E-03 -0.4570324E-03  0.2966178E-02  0.1137780E-02
  0.1573166666667E+02  0.2922081E-01  0.8909003E-02 -0.7289654E-03 -0.4668327E-03  0.3004554E-02  0.1151286E-02
  0.1576500000000E+02  0.2951991E-01  0.8973139E-02 -0.7448604E-03 -0.4768481E-03  0.3043388E-02  0.1165019E-02
  0.1579833333333E+02  0.2982118E-01  0.9038067E-02 -0.7610954E-03 -0.4870514E-03  0.3082686E-02  0.1178943E-02
  0.1583166666667E+02  0.3012464E-01  0.9103615E-02 -0.7776761E-03 -0.4974220E-03  0.3122454E-02  0.1193026E-02
  0.1586500000000E+02  0.3043029E-01  0.9169631E-02 -0.7946076E-03 -0.5079449E-03  0.3162695E-02  0.1207239E-02
  0.1589833333333E+02  0.3073816E-01  0.9235991E-02 -0.8118945E-03 -0.5186071E-03  0.3203414E-02  0.1221559E-02
  0.1593166666667E+02  0.3104824E-01  0.9302590E-02 -0.8295410E-03 -0.5293933E-03  0.3244613E-02  0.1235971E-02
  0.1596500000000E+02  0.3136055E-01  0.9369342E-02 -0.8475505E-03 -0.5402851E-03  0.3286295E-02  0.1250461E-02
  0.1599833333333E+02  0.3167509E-01  0.9436171E-02 -0.8659259E-03 -0.5512614E-03  0.3328462E-02  0.1265022E-02
  0.1603166666667E+02  0.3199186E-01  0.9503014E-02 -0.8846693E-03 -0.5623021E-03  0.3371117E-02  0.1279648E-02
  0.1606500000000E+02  0.3231085E-01  0.9569825E-02 -0.9037824E-03 -0.5733925E-03  0.3414261E-02  0.1294333E-02
  0.1609833333333E+02  0.3263207E-01  0.9636584E-02 -0.9232666E-03 -0.5845273E-03  0.3457897E-02  0.1309078E-02
  0.1613166666667E+02  0.3295552E-01  0.9703310E-02 -0.9431238E-03 -0.5957145E-03  0.3502027E-02  0.1323887E-02
  0.1616500000000E+02  0.3328119E-01  0.9770084E-02 -0.9633564E-03 -0.6069787E-03  0.3546653E-02  0.1338780E-02
  0.1619833333333E+02  0.3360909E-01  0.9837069E-02 -0.9839685E-03 -0.6183634E-03  0.3591779E-02  0.1353790E-02
  0.1623166666667E+02  0.3393924E-01  0.9904510E-02 -0.1004966E-02 -0.6299316E-03  0.3637412E-02  0.1368971E-02
  0.1626500000000E+02  0.3427166E-01  0.9972721E-02 -0.1026358E-02 -0.6417601E-03  0.3683558E-02  0.1384390E-02
  0.1629833333333E+02  0.3460640E-01  0.1004204E-01 -0.1048156E-02 -0.6539290E-03  0.3730229E-02  0.1400120E-02
  0.1633166666667E+02  0.3494349E-01  0.1011277E-01 -0.1070373E-02 -0.6665083E-03  0.3777436E-02  0.1416224E-02
  0.1636500000000E+02  0.3528299E-01  0.1018512E-01 -0.1093024E-02 -0.6795473E-03  0.3825194E-02  0.1432749E-02
  0.1639833333333E+02  0.3562497E-01  0.1025921E-01 -0.1116127E-02 -0.6930693E-03  0.3873518E-02  0.1449718E-02
  0.1643166666667E+02  0.3596947E-01  0.1033508E-01 -0.1139696E-02 -0.7070711E-03  0.3922423E-02  0.1467137E-02
  0.1646500000000E+02  0.3631656E-01  0.1041265E-01 -0.1163747E-02 -0.7215259E-03  0.3971923E-02  0.1484994E-02
  0.1649833333333E+02  0.3666629E-01  0.1049179E-01 -0.1188293E-02 -0.7363895E-03  0.4022031E-02  0.1503261E-02
  0.1653166666667E+02  0.3701870E-01  0.1057230E-01 -0.1213347E-02 -0.7516089E-03  0.4072761E-02  0.1521896E-02
  0.1656500000000E+02  0.3737383E-01  0.1065393E-01 -0.1238918E-02 -0.7671312E-03  0.4124123E-02  0.1540852E-02
  0.1659833333333E+02  0.3773171E-01  0.1073647E-01 -0.1265015E-02 -0.7829091E-03  0.4176126E-02  0.1560079E-02
  0.1663166666667E+02  0.3809236E-01  0.1081968E-01 -0.1291645E-02 -0.7989042E-03  0.4228777E-02  0.1579534E-02
  0.1666500000000E+02  0.3845581E-01  0.1090339E-01 -0.1318814E-02 -0.8150846E-03  0.4282083E-02  0.1599181E-02
  0.1669833333333E+02  0.3882206E-01  0.1098744E-01 -0.1346528E-02 -0.8314216E-03  0.4336049E-02  0.1618995E-02
  0.1673166666667E+02  0.3919112E-01  0.1107172E-01 -0.1374791E-02 -0.8478853E-03  0.4390681E-02  0.1638954E-02
  0.1676500000000E+02  0.3956299E-01  0.1115609E-01 -0.1403606E-02 -0.8644439E-03  0.4445982E-02  0.1659042E-02
  0.1679833333333E+02  0.3993767E-01  0.1124045E-01 -0.1432975E-02 -0.8810656E-03  0.4501957E-02  0.1679243E-02
  0.1683166666667E+02  0.4031516E-01  0.1132471E-01 -0.1462899E-02 -0.8977236E-03  0.4558609E-02  0.1699542E-02
  0.1686500000000E+02  0.4069545E-01  0.1140880E-01 -0.1493379E-02 -0.9144020E-03  0.4615940E-02  0.1719927E-02
  0.1689833333333E+02  0.4107854E-01  0.1149270E-01 -0.1524416E-02 -0.9311010E-03  0.4673953E-02  0.1740399E-02
  0.1693166666667E+02  0.4146442E-01  0.1157646E-01 -0.1556010E-02 -0.9478427E-03  0.4732652E-02  0.1760971E-02
  0.1696500000000E+02  0.4185310E-01  0.1166026E-01 -0.1588166E-02 -0.9646763E-03  0.4792041E-02  0.1781684E-02
  0.1699833333333E+02  0.4224458E-01  0.1174438E-01 -0.1620889E-02 -0.9816795E-03  0.4852128E-02  0.1802603E-02
  0.1703166666667E+02  0.4263889E-01  0.1182921E-01 -0.1654187E-02 -0.9989558E-03  0.4912922E-02  0.1823821E-02
  0.1706500000000E+02  0.4303606E-01  0.1191520E-01 -0.1688075E-02 -0.1016621E-02  0.4974437E-02  0.1845444E-02
  0.1709833333333E+02  0.4343615E-01  0.1200279E-01 -0.1722568E-02 -0.1034784E-02  0.5036689E-02  0.1867574E-02
  0.1713166666667E+02  0.4383923E-01  0.1209235E-01 -0.1757685E-02 -0.1053532E-02  0.5099699E-02  0.1890296E-02
  0.1716500000000E+02  0.4424537E-01  0.1218416E-01 -0.1793449E-02 -0.1072916E-02  0.5163488E-02  0.1913663E-02
  0.1719833333333E+02  0.4465465E-01  0.1227834E-01 -0.1829881E-02 -0.1092952E-02  0.5228078E-02  0.1937702E-02
  0.1723166666667E+02  0.4506714E-01  0.1237493E-01 -0.1867002E-02 -0.1113623E-02  0.5293492E-02  0.1962412E-02
  0.1726500000000E+02  0.4548294E-01  0.1247384E-01 -0.1904831E-02 -0.1134881E-02  0.5359751E-02  0.1987764E-02
  0.1729833333333E+02  0.4590210E-01  0.1257488E-01 -0.1943386E-02 -0.1156661E-02  0.5426874E-02  0.2013710E-02
  0.1733166666667E+02  0.4632470E-01  0.1267784E-01 -0.1982683E-02 -0.1178893E-02  0.5494881E-02  0.2040188E-02
  0.1736500000000E+02  0.4675078E-01  0.1278244E-01 -0.2022733E-02 -0.1201510E-02  0.5563785E-02  0.2067134E-02
  0.1739833333333E+02  0.4718039E-01  0.1288846E-01 -0.2063548E-02 -0.1224457E-02  0.5633601E-02  0.2094491E-02
  0.1743166666667E+02  0.4761358E-01  0.1299568E-01 -0.2105138E-02 -0.1247689E-02  0.5704342E-02  0.2122211E-02
  0.1746500000000E+02  0.4805038E-01  0.1310393E-01 -0.2147510E-02 -0.1271167E-02  0.5776017E-02  0.2150257E-02
  0.1749833333333E+02  0.4849081E-01  0.1321303E-01 -0.2190672E-02 -0.1294853E-02  0.5848637E-02  0.2178595E-02
  0.1753166666667E+02  0.4893491E-01  0.1332281E-01 -0.2234629E-02 -0.1318709E-02  0.5922210E-02  0.2207195E-02
  0.1756500000000E+02  0.4938268E-01  0.1343307E-01 -0.2279385E-02 -0.1342696E-02  0.5996744E-02  0.2236022E-02
  0.1759833333333E+02  0.4983413E-01  0.1354365E-01 -0.2324945E-02 -0.1366781E-02  0.6072245E-02  0.2265043E-02
  0.1763166666667E+02  0.5028928E-01  0.1365439E-01 -0.2371310E-02 -0.1390945E-02  0.6148720E-02  0.2294232E-02
  0.1766500000000E+02  0.5074812E-01  0.1376522E-01 -0.2418483E-02 -0.1415193E-02  0.6226172E-02  0.2323578E-02
  0.1769833333333E+02  0.5121066E-01  0.1387615E-01 -0.2466468E-02 -0.1439556E-02  0.6304609E-02  0.2353094E-02
  0.1773166666667E+02  0.5167690E-01  0.1398734E-01 -0.2515272E-02 -0.1464107E-02  0.6384037E-02  0.2382833E-02
  0.1776500000000E+02  0.5214687E-01  0.1409910E-01 -0.2564903E-02 -0.1488958E-02  0.6464466E-02  0.2412885E-02
  0.1779833333333E+02  0.5262060E-01  0.1421185E-01 -0.2615379E-02 -0.1514256E-02  0.6545912E-02  0.2443377E-02
  0.1783166666667E+02  0.5309814E-01  0.1432613E-01 -0.2666717E-02 -0.1540163E-02  0.6628394E-02  0.2474454E-02
  0.1786500000000E+02  0.5357955E-01  0.1444243E-01 -0.2718945E-02 -0.1566829E-02  0.6711936E-02  0.2506255E-02
  0.1789833333333E+02  0.5406493E-01  0.1456119E-01 -0.2772091E-02 -0.1594371E-02  0.6796566E-02  0.2538892E-02
  0.1793166666667E+02  0.5455435E-01  0.1468270E-01 -0.2826186E-02 -0.1622856E-02  0.6882313E-02  0.2572438E-02
  0.1796500000000E+02  0.5504792E-01  0.1480712E-01 -0.2881263E-02 -0.1652303E-02  0.6969211E-02  0.2606928E-02
  0.1799833333333E+02  0.5554574E-01  0.1493448E-01 -0.2937352E-02 -0.1682683E-02  0.7057290E-02  0.2642354E-02
  0.1803166666667E+02  0.5604789E-01  0.1506466E-01 -0.2994483E-02 -0.1713930E-02  0.7146579E-02  0.2678675E-02
  0.1806500000000E+02  0.5655447E-01  0.1519745E-01 -0.3052682E-02 -0.1745953E-02  0.7237106E-02  0.2715820E-02
  0.1809833333333E+02  0.5706556E-01  0.1533258E-01 -0.3111970E-02 -0.1778654E-02  0.7328896E-02  0.2753706E-02
  0.1813166666667E+02  0.5758122E-01  0.1546976E-01 -0.3172368E-02 -0.1811944E-02  0.7421971E-02  0.2792251E-02
  0.1816500000000E+02  0.5810151E-01  0.1560874E-01 -0.3233893E-02 -0.1845746E-02  0.7516351E-02  0.2831385E-02
  0.1819833333333E+02  0.5862649E-01  0.1574929E-01 -0.3296560E-02 -0.1879996E-02  0.7612052E-02  0.2871049E-02
  0.1823166666667E+02  0.5915619E-01  0.1589117E-01 -0.3360381E-02 -0.1914642E-02  0.7709092E-02  0.2911194E-02
  0.1826500000000E+02  0.5969066E-01  0.1603417E-01 -0.3425369E-02 -0.1949631E-02  0.7807484E-02  0.2951768E-02
  0.1829833333333E+02  0.6022993E-01  0.1617801E-01 -0.3491532E-02 -0.1984908E-02  0.7907242E-02  0.2992719E-02
  0.1833166666667E+02  0.6077401E-01  0.1632244E-01 -0.3558880E-02 -0.2020424E-02  0.8008375E-02  0.3033988E-02
  0.1836500000000E+02  0.6132292E-01  0.1646719E-01 -0.3627418E-02 -0.2056140E-02  0.8110892E-02  0.3075523E-02
  0.1839833333333E+02  0.6187665E-01  0.1661207E-01 -0.3697152E-02 -0.2092037E-02  0.8214802E-02  0.3117287E-02
  0.1843166666667E+02  0.6243522E-01  0.1675698E-01 -0.3768090E-02 -0.2128134E-02  0.8320111E-02  0.3159274E-02
  0.1846500000000E+02  0.6299862E-01  0.1690197E-01 -0.3840240E-02 -0.2164497E-02  0.8426828E-02  0.3201522E-02
  0.1849833333333E+02  0.6356686E-01  0.1704725E-01 -0.3913615E-02 -0.2201248E-02  0.8534966E-02  0.3244125E-02
  0.1853166666667E+02  0.6413997E-01  0.1719325E-01 -0.3988234E-02 -0.2238563E-02  0.8644540E-02  0.3287234E-02
  0.1856500000000E+02  0.6471799E-01  0.1734052E-01 -0.4064122E-02 -0.2276653E-02  0.8755575E-02  0.3331040E-02
  0.1859833333333E+02  0.6530097E-01  0.1748965E-01 -0.4141313E-02 -0.2315733E-02  0.8868100E-02  0.3375742E-02
  0.1863166666667E+02  0.6588901E-01  0.1764119E-01 -0.4219846E-02 -0.2355979E-02  0.8982150E-02  0.3421516E-02
  0.1866500000000E+02  0.6648220E-01  0.1779557E-01 -0.4299763E-02 -0.2397512E-02  0.9097767E-02  0.3468493E-02
  0.1869833333333E+02  0.6708064E-01  0.1795308E-01 -0.4381109E-02 -0.2440384E-02  0.9214992E-02  0.3516750E-02
  0.1873166666667E+02  0.6768443E-01  0.1811384E-01 -0.4463928E-02 -0.2484581E-02  0.9333868E-02  0.3566308E-02
  0.1876500000000E+02  0.6829369E-01  0.1827780E-01 -0.4548263E-02 -0.2530031E-02  0.9454440E-02  0.3617132E-02
  0.1879833333333E+02  0.6890852E-01  0.1844480E-01 -0.4634150E-02 -0.2576620E-02  0.9576744E-02  0.3669146E-02
  0.1883166666667E+02  0.6952900E-01  0.1861457E-01 -0.4721624E-02 -0.2624216E-02  0.9700819E-02  0.3722251E-02
  0.1886500000000E+02  0.7015523E-01  0.1878684E-01 -0.4810714E-02 -0.2672687E-02  0.9826698E-02  0.3776344E-02
  0.1889833333333E+02  0.7078728E-01  0.1896134E-01 -0.4901444E-02 -0.2721920E-02  0.9954409E-02  0.3831333E-02
  0.1893166666667E+02  0.7142520E-01  0.1913782E-01 -0.4993838E-02 -0.2771823E-02  0.1008398E-01  0.3887139E-02
  0.1896500000000E+02  0.7206907E-01  0.1931603E-01 -0.5087916E-02 -0.2822317E-02  0.1021544E-01  0.3943694E-02
  0.1899833333333E+02  0.7271893E-01  0.1949569E-01 -0.5183693E-02 -0.2873330E-02  0.1034880E-01  0.4000924E-02
  0.1903166666667E+02  0.7337481E-01  0.1967652E-01 -0.5281186E-02 -0.2924791E-02  0.1048409E-01  0.4058749E-02
  0.1906500000000E+02  0.7403675E-01  0.1985815E-01 -0.5380407E-02 -0.2976631E-02  0.1062133E-01  0.4117083E-02
  0.1909833333333E+02  0.7470476E-01  0.2004026E-01 -0.5481367E-02 -0.3028791E-02  0.1076052E-01  0.4175840E-02
  0.1913166666667E+02  0.7537884E-01  0.2022255E-01 -0.5584075E-02 -0.3081242E-02  0.1090169E-01  0.4234957E-02
  0.1916500000000E+02  0.7605900E-01  0.2040485E-01 -0.5688542E-02 -0.3133997E-02  0.1104484E-01  0.4294411E-02
  0.1919833333333E+02  0.7674524E-01  0.2058714E-01 -0.5794779E-02 -0.3187132E-02  0.1118998E-01  0.4354238E-02
  0.1923166666667E+02  0.7743756E-01  0.2076963E-01 -0.5902806E-02 -0.3240798E-02  0.1133713E-01  0.4414551E-02
  0.1926500000000E+02  0.7813599E-01  0.2095272E-01 -0.6012647E-02 -0.3295221E-02  0.1148631E-01  0.4475539E-02
  0.1929833333333E+02  0.7884055E-01  0.2113701E-01 -0.6124336E-02 -0.3350679E-02  0.1163756E-01  0.4537451E-02
  0.1933166666667E+02  0.7955133E-01  0.2132315E-01 -0.6237918E-02 -0.3407453E-02  0.1179091E-01  0.4600554E-02
  0.1936500000000E+02  0.8026839E-01  0.2151179E-01 -0.6353444E-02 -0.3465783E-02  0.1194642E-01  0.4665089E-02
  0.1939833333333E+02  0.8099183E-01  0.2170342E-01 -0.6470972E-02 -0.3525832E-02  0.1210412E-01  0.4731241E-02
  0.1943166666667E+02  0.8172178E-01  0.2189840E-01 -0.6590561E-02 -0.3587673E-02  0.1226409E-01  0.4799123E-02
  0.1946500000000E+02  0.8245834E-01  0.2209691E-01 -0.6712270E-02 -0.3651292E-02  0.1242639E-01  0.4868770E-02
  0.1949833333333E+02  0.8320164E-01  0.2229892E-01 -0.6836157E-02 -0.3716597E-02  0.1259106E-01  0.4940147E-02
  0.1953166666667E+02  0.8395178E-01  0.2250429E-01 -0.6962272E-02 -0.3783441E-02  0.1275816E-01  0.5013165E-02
  0.1956500000000E+02  0.8470888E-01  0.2271278E-01 -0.7090660E-02 -0.3851652E-02  0.1292775E-01  0.5087704E-02
  0.1959833333333E+02  0.8547301E-01  0.2292414E-01 -0.7221362E-02 -0.3921059E-02  0.1309988E-01  0.5163642E-02
  0.1963166666667E+02  0.8624428E-01  0.2313809E-01 -0.7354412E-02 -0.3991514E-02  0.1327457E-01  0.5240870E-02
  0.1966500000000E+02  0.8702276E-01  0.2335439E-01 -0.7489842E-02 -0.4062895E-02  0.1345188E-01  0.5319291E-02
  0.1969833333333E+02  0.8780852E-01  0.2357276E-01 -0.7627679E-02 -0.4135099E-02  0.1363184E-01  0.5398810E-02
  0.1973166666667E+02  0.8860162E-01  0.2379290E-01 -0.7767946E-02 -0.4208026E-02  0.1381449E-01  0.5479320E-02
  0.1976500000000E+02  0.8940210E-01  0.2401442E-01 -0.7910666E-02 -0.4281582E-02  0.1399984E-01  0.5560702E-02
  0.1979833333333E+02  0.9021000E-01  0.2423689E-01 -0.8055855E-02 -0.4355672E-02  0.1418794E-01  0.5642825E-02
  0.1983166666667E+02  0.9102533E-01  0.2445990E-01 -0.8203529E-02 -0.4430222E-02  0.1437879E-01  0.5725564E-02
  0.1986500000000E+02  0.9184810E-01  0.2468310E-01 -0.8353702E-02 -0.4505192E-02  0.1457242E-01  0.5808831E-02
  0.1989833333333E+02  0.9267830E-01  0.2490625E-01 -0.8506389E-02 -0.4580606E-02  0.1476884E-01  0.5892594E-02
  0.1993166666667E+02  0.9351595E-01  0.2512934E-01 -0.8661608E-02 -0.4656573E-02  0.1496807E-01  0.5976907E-02
  0.1996500000000E+02  0.9436103E-01  0.2535258E-01 -0.8819385E-02 -0.4733299E-02  0.1517013E-01  0.6061927E-02
  0.1999833333333E+02  0.9521358E-01  0.2557643E-01 -0.8979754E-02 -0.4811080E-02  0.1537506E-01  0.6147908E-02
  0.2003166666667E+02  0.9607363E-01  0.2580152E-01 -0.9142763E-02 -0.4890267E-02  0.1558290E-01  0.6235168E-02
  0.2006500000000E+02  0.9694125E-01  0.2602856E-01 -0.9308470E-02 -0.4971200E-02  0.1579370E-01  0.6324043E-02
  0.2009833333333E+02  0.9781652E-01  0.2625818E-01 -0.9476941E-02 -0.5054153E-02  0.1600753E-01  0.6414824E-02
  0.2013166666667E+02  0.9869955E-01  0.2649092E-01 -0.9648251E-02 -0.5139298E-02  0.1622445E-01  0.6507730E-02
  0.2016500000000E+02  0.9959046E-01  0.2672710E-01 -0.9822474E-02 -0.5226694E-02  0.1644455E-01  0.6602886E-02
  0.2019833333333E+02  0.1004894E+00  0.2696689E-01 -0.9999684E-02 -0.5316295E-02  0.1666789E-01  0.6700319E-02
  0.2023166666667E+02  0.1013964E+00  0.2721027E-01 -0.1017995E-01 -0.5407967E-02  0.1689456E-01  0.6799977E-02
  0.2026500000000E+02  0.1023116E+00  0.2745709E-01 -0.1036333E-01 -0.5501518E-02  0.1712462E-01  0.6901750E-02
  0.2029833333333E+02  0.1032352E+00  0.2770714E-01 -0.1054989E-01 -0.5596739E-02  0.1735813E-01  0.7005507E-02
  0.2033166666667E+02  0.1041672E+00  0.2796022E-01 -0.1073967E-01 -0.5693437E-02  0.1759517E-01  0.7111120E-02
  0.2036500000000E+02  0.1051077E+00  0.2821607E-01 -0.1093272E-01 -0.5791441E-02  0.1783579E-01  0.7218470E-02
  0.2039833333333E+02  0.1060569E+00  0.2847446E-01 -0.1112907E-01 -0.5890611E-02  0.1808004E-01  0.7327439E-02
  0.2043166666667E+02  0.1070147E+00  0.2873505E-01 -0.1132877E-01 -0.5990816E-02  0.1832796E-01  0.7437893E-02
  0.2046500000000E+02  0.1079813E+00  0.2899747E-01 -0.1153183E-01 -0.6091929E-02  0.1857962E-01  0.7549671E-02
  0.2049833333333E+02  0.1089567E+00  0.2926123E-01 -0.1173829E-01 -0.6193821E-02  0.1883504E-01  0.7662590E-02
  0.2053166666667E+02  0.1099408E+00  0.2952582E-01 -0.1194817E-01 -0.6296372E-02  0.1909426E-01  0.7776462E-02
  0.2056500000000E+02  0.1109339E+00  0.2979075E-01 -0.1216149E-01 -0.6399492E-02  0.1935729E-01  0.7891122E-02
  0.2059833333333E+02  0.1119357E+00  0.3005565E-01 -0.1237826E-01 -0.6503147E-02  0.1962418E-01  0.8006463E-02
  0.2063166666667E+02  0.1129464E+00  0.3032030E-01 -0.1259851E-01 -0.6607391E-02  0.1989492E-01  0.8122464E-02
  0.2066500000000E+02  0.1139659E+00  0.3058471E-01 -0.1282225E-01 -0.6712385E-02  0.2016956E-01  0.8239223E-02
  0.2069833333333E+02  0.1149942E+00  0.3084918E-01 -0.1304953E-01 -0.6818406E-02  0.2044813E-01  0.8356960E-02
  0.2073166666667E+02  0.1160313E+00  0.3111421E-01 -0.1328039E-01 -0.6925816E-02  0.2073066E-01  0.8475997E-02
  0.2076500000000E+02  0.1170774E+00  0.3138045E-01 -0.1351489E-01 -0.7035000E-02  0.2101722E-01  0.8596708E-02
  0.2079833333333E+02  0.1181323E+00  0.3164857E-01 -0.1375310E-01 -0.7146300E-02  0.2130787E-01  0.8719457E-02
  0.2083166666667E+02  0.1191963E+00  0.3191916E-01 -0.1399510E-01 -0.7259959E-02  0.2160269E-01  0.8844539E-02
  0.2086500000000E+02  0.1202694E+00  0.3219264E-01 -0.1424097E-01 -0.7376098E-02  0.2190176E-01  0.8972159E-02
  0.2089833333333E+02  0.1213517E+00  0.3246928E-01 -0.1449080E-01 -0.7494717E-02  0.2220517E-01  0.9102411E-02
  0.2093166666667E+02  0.1224433E+00  0.3274919E-01 -0.1474465E-01 -0.7615710E-02  0.2251302E-01  0.9235295E-02
  0.2096500000000E+02  0.1235444E+00  0.3303232E-01 -0.1500262E-01 -0.7738899E-02  0.2282537E-01  0.9370737E-02
  0.2099833333333E+02  0.1246550E+00  0.3331857E-01 -0.1526475E-01 -0.7864071E-02  0.2314233E-01  0.9508627E-02
  0.2103166666667E+02  0.1257753E+00  0.3360778E-01 -0.1553112E-01 -0.7991016E-02  0.2346396E-01  0.9648848E-02
  0.2106500000000E+02  0.1269053E+00  0.3389979E-01 -0.1580177E-01 -0.8119548E-02  0.2379033E-01  0.9791280E-02
  0.2109833333333E+02  0.1280451E+00  0.3419438E-01 -0.1607675E-01 -0.8249504E-02  0.2412153E-01  0.9935795E-02
  0.2113166666667E+02  0.1291948E+00  0.3449125E-01 -0.1635611E-01 -0.8380731E-02  0.2445760E-01  0.1008223E-01
  0.2116500000000E+02  0.1303545E+00  0.3479000E-01 -0.1663988E-01 -0.8513075E-02  0.2479861E-01  0.1023039E-01
  0.2119833333333E+02  0.1315241E+00  0.3509014E-01 -0.1692809E-01 -0.8646371E-02  0.2514461E-01  0.1038003E-01
  0.2123166666667E+02  0.1327038E+00  0.3539109E-01 -0.1722078E-01 -0.8780458E-02  0.2549564E-01  0.1053090E-01
  0.2126500000000E+02  0.1338936E+00  0.3569228E-01 -0.1751795E-01 -0.8915189E-02  0.2585174E-01  0.1068275E-01
  0.2129833333333E+02  0.1350933E+00  0.3599321E-01 -0.1781963E-01 -0.9050466E-02  0.2621291E-01  0.1083539E-01
  0.2133166666667E+02  0.1363031E+00  0.3629353E-01 -0.1812584E-01 -0.9186271E-02  0.2657921E-01  0.1098870E-01
  0.2136500000000E+02  0.1375229E+00  0.3659310E-01 -0.1843660E-01 -0.9322685E-02  0.2695063E-01  0.1114271E-01
  0.2139833333333E+02  0.1387526E+00  0.3689203E-01 -0.1875193E-01 -0.9459907E-02  0.2732721E-01  0.1129753E-01
  0.2143166666667E+02  0.1399923E+00  0.3719069E-01 -0.1907187E-01 -0.9598228E-02  0.2770899E-01  0.1145344E-01
  0.2146500000000E+02  0.1412420E+00  0.3748958E-01 -0.1939647E-01 -0.9737986E-02  0.2809602E-01  0.1161075E-01
  0.2149833333333E+02  0.1425016E+00  0.3778929E-01 -0.1972578E-01 -0.9879492E-02  0.2848835E-01  0.1176981E-01
  0.2153166666667E+02  0.1437713E+00  0.3809036E-01 -0.2005988E-01 -0.1002298E-01  0.2888604E-01  0.1193091E-01
  0.2156500000000E+02  0.1450511E+00  0.3839323E-01 -0.2039884E-01 -0.1016860E-01  0.2928919E-01  0.1209429E-01
  0.2159833333333E+02  0.1463410E+00  0.3869820E-01 -0.2074271E-01 -0.1031636E-01  0.2969786E-01  0.1226009E-01
  0.2163166666667E+02  0.1476412E+00  0.3900544E-01 -0.2109159E-01 -0.1046621E-01  0.3011213E-01  0.1242834E-01
  0.2166500000000E+02  0.1489517E+00  0.3931501E-01 -0.2144552E-01 -0.1061801E-01  0.3053210E-01  0.1259903E-01
  0.2169833333333E+02  0.1502726E+00  0.3962690E-01 -0.2180458E-01 -0.1077160E-01  0.3095784E-01  0.1277211E-01
  0.2173166666667E+02  0.1516040E+00  0.3994106E-01 -0.2216880E-01 -0.1092682E-01  0.3138942E-01  0.1294750E-01
  0.2176500000000E+02  0.1529459E+00  0.4025740E-01 -0.2253825E-01 -0.1108351E-01  0.3182693E-01  0.1312512E-01
  0.2179833333333E+02  0.1542984E+00  0.4057576E-01 -0.2291297E-01 -0.1124154E-01  0.3227042E-01  0.1330485E-01
  0.2183166666667E+02  0.1556616E+00  0.4089588E-01 -0.2329300E-01 -0.1140076E-01  0.3271997E-01  0.1348651E-01
  0.2186500000000E+02  0.1570355E+00  0.4121737E-01 -0.2367836E-01 -0.1156101E-01  0.3317563E-01  0.1366988E-01
  0.2189833333333E+02  0.1584202E+00  0.4153972E-01 -0.2406910E-01 -0.1172211E-01  0.3363746E-01  0.1385469E-01
  0.2193166666667E+02  0.1598156E+00  0.4186235E-01 -0.2446523E-01 -0.1188386E-01  0.3410548E-01  0.1404062E-01
  0.2196500000000E+02  0.1612217E+00  0.4218466E-01 -0.2486676E-01 -0.1204607E-01  0.3457972E-01  0.1422736E-01
  0.2199833333333E+02  0.1626386E+00  0.4250608E-01 -0.2527372E-01 -0.1220857E-01  0.3506021E-01  0.1441465E-01
  0.2203166666667E+02  0.1640661E+00  0.4282618E-01 -0.2568609E-01 -0.1237122E-01  0.3554695E-01  0.1460228E-01
  0.2206500000000E+02  0.1655043E+00  0.4314474E-01 -0.2610389E-01 -0.1253399E-01  0.3603996E-01  0.1479012E-01
  0.2209833333333E+02  0.1669530E+00  0.4346176E-01 -0.2652712E-01 -0.1269689E-01  0.3653923E-01  0.1497817E-01
  0.2213166666667E+02  0.1684123E+00  0.4377743E-01 -0.2695579E-01 -0.1286005E-01  0.3704478E-01  0.1516651E-01
  0.2216500000000E+02  0.1698820E+00  0.4409215E-01 -0.2738991E-01 -0.1302361E-01  0.3755662E-01  0.1535530E-01
  0.2219833333333E+02  0.1713622E+00  0.4440636E-01 -0.2782950E-01 -0.1318773E-01  0.3807478E-01  0.1554473E-01
  0.2223166666667E+02  0.1728529E+00  0.4472050E-01 -0.2827459E-01 -0.1335255E-01  0.3859928E-01  0.1573501E-01
  0.2226500000000E+02  0.1743541E+00  0.4503494E-01 -0.2872519E-01 -0.1351815E-01  0.3913016E-01  0.1592630E-01
  0.2229833333333E+02  0.1758657E+00  0.4534997E-01 -0.2918134E-01 -0.1368459E-01  0.3966745E-01  0.1611873E-01
  0.2233166666667E+02  0.1773879E+00  0.4566581E-01 -0.2964307E-01 -0.1385184E-01  0.4021120E-01  0.1631237E-01
  0.2236500000000E+02  0.1789207E+00  0.4598257E-01 -0.3011040E-01 -0.1401988E-01  0.4076144E-01  0.1650728E-01
  0.2239833333333E+02  0.1804640E+00  0.4630035E-01 -0.3058336E-01 -0.1418868E-01  0.4131822E-01  0.1670347E-01
  0.2243166666667E+02  0.1820180E+00  0.4661919E-01 -0.3106196E-01 -0.1435817E-01  0.4188159E-01  0.1690094E-01
  0.2246500000000E+02  0.1835826E+00  0.4693908E-01 -0.3154624E-01 -0.1452831E-01  0.4245157E-01  0.1709966E-01
  0.2249833333333E+02  0.1851580E+00  0.4725991E-01 -0.3203621E-01 -0.1469904E-01  0.4302823E-01  0.1729953E-01
  0.2253166666667E+02  0.1867440E+00  0.4758144E-01 -0.3253188E-01 -0.1487028E-01  0.4361157E-01  0.1750043E-01
  0.2256500000000E+02  0.1883408E+00  0.4790332E-01 -0.3303328E-01 -0.1504191E-01  0.4420164E-01  0.1770214E-01
  0.2259833333333E+02  0.1899483E+00  0.4822505E-01 -0.3354041E-01 -0.1521375E-01  0.4479846E-01  0.1790442E-01
  0.2263166666667E+02  0.1915665E+00  0.4854606E-01 -0.3405326E-01 -0.1538562E-01  0.4540202E-01  0.1810695E-01
  0.2266500000000E+02  0.1931954E+00  0.4886576E-01 -0.3457183E-01 -0.1555726E-01  0.4601234E-01  0.1830943E-01
  0.2269833333333E+02  0.1948348E+00  0.4918358E-01 -0.3509611E-01 -0.1572842E-01  0.4662939E-01  0.1851151E-01
  0.2273166666667E+02  0.1964848E+00  0.4949911E-01 -0.3562608E-01 -0.1589883E-01  0.4725315E-01  0.1871291E-01
  0.2276500000000E+02  0.1981452E+00  0.4981210E-01 -0.3616168E-01 -0.1606825E-01  0.4788360E-01  0.1891333E-01
  0.2279833333333E+02  0.1998159E+00  0.5012252E-01 -0.3670290E-01 -0.1623644E-01  0.4852068E-01  0.1911254E-01
  0.2283166666667E+02  0.2014969E+00  0.5043052E-01 -0.3724967E-01 -0.1640322E-01  0.4916436E-01  0.1931039E-01
  0.2286500000000E+02  0.2031882E+00  0.5073640E-01 -0.3780196E-01 -0.1656847E-01  0.4981459E-01  0.1950677E-01
  0.2289833333333E+02  0.2048895E+00  0.5104050E-01 -0.3835969E-01 -0.1673212E-01  0.5047131E-01  0.1970163E-01
  0.2293166666667E+02  0.2066009E+00  0.5134319E-01 -0.3892283E-01 -0.1689416E-01  0.5113447E-01  0.1989501E-01
  0.2296500000000E+02  0.2083224E+00  0.5164477E-01 -0.3949132E-01 -0.1705465E-01  0.5180404E-01  0.2008698E-01
  0.2299833333333E+02  0.2100540E+00  0.5194552E-01 -0.4006511E-01 -0.1721366E-01  0.5247996E-01  0.2027764E-01
  0.2303166666667E+02  0.2117955E+00  0.5224565E-01 -0.4064415E-01 -0.1737131E-01  0.5316220E-01  0.2046712E-01
  0.2306500000000E+02  0.2135470E+00  0.5254537E-01 -0.4122841E-01 -0.1752775E-01  0.5385072E-01  0.2065554E-01
  0.2309833333333E+02  0.2153085E+00  0.5284483E-01 -0.4181785E-01 -0.1768311E-01  0.5454548E-01  0.2084302E-01
  0.2313166666667E+02  0.2170800E+00  0.5314414E-01 -0.4241243E-01 -0.1783753E-01  0.5524647E-01  0.2102965E-01
  0.2316500000000E+02  0.2188614E+00  0.5344334E-01 -0.4301214E-01 -0.1799111E-01  0.5595366E-01  0.2121548E-01
  0.2319833333333E+02  0.2206528E+00  0.5374234E-01 -0.4361693E-01 -0.1814393E-01  0.5666701E-01  0.2140051E-01
  0.2323166666667E+02  0.2224542E+00  0.5404092E-01 -0.4422680E-01 -0.1829600E-01  0.5738650E-01  0.2158469E-01
  0.2326500000000E+02  0.2242655E+00  0.5433870E-01 -0.4484171E-01 -0.1844727E-01  0.5811209E-01  0.2176792E-01
  0.2329833333333E+02  0.2260866E+00  0.5463519E-01 -0.4546163E-01 -0.1859761E-01  0.5884376E-01  0.2195001E-01
  0.2333166666667E+02  0.2279176E+00  0.5492983E-01 -0.4608652E-01 -0.1874683E-01  0.5958145E-01  0.2213072E-01
  0.2336500000000E+02  0.2297584E+00  0.5522206E-01 -0.4671634E-01 -0.1889464E-01  0.6032511E-01  0.2230977E-01
  0.2339833333333E+02  0.2316087E+00  0.5551138E-01 -0.4735103E-01 -0.1904065E-01  0.6107467E-01  0.2248676E-01
  0.2343166666667E+02  0.2334687E+00  0.5579744E-01 -0.4799051E-01 -0.1918441E-01  0.6183004E-01  0.2266130E-01
  0.2346500000000E+02  0.2353380E+00  0.5608009E-01 -0.4863469E-01 -0.1932542E-01  0.6259114E-01  0.2283291E-01
  0.2349833333333E+02  0.2372166E+00  0.5635937E-01 -0.4928347E-01 -0.1946315E-01  0.6335785E-01  0.2300115E-01
  0.2353166666667E+02  0.2391045E+00  0.5663548E-01 -0.4993670E-01 -0.1959715E-01  0.6413003E-01  0.2316557E-01
  0.2356500000000E+02  0.2410015E+00  0.5690871E-01 -0.5059427E-01 -0.1972703E-01  0.6490756E-01  0.2332586E-01
  0.2359833333333E+02  0.2429074E+00  0.5717939E-01 -0.5125602E-01 -0.1985259E-01  0.6569029E-01  0.2348180E-01
  0.2363166666667E+02  0.2448224E+00  0.5744782E-01 -0.5192182E-01 -0.1997376E-01  0.6647807E-01  0.2363332E-01
  0.2366500000000E+02  0.2467462E+00  0.5771430E-01 -0.5259150E-01 -0.2009063E-01  0.6727075E-01  0.2378048E-01
  0.2369833333333E+02  0.2486788E+00  0.5797907E-01 -0.5326495E-01 -0.2020341E-01  0.6806819E-01  0.2392341E-01
  0.2373166666667E+02  0.2506202E+00  0.5824238E-01 -0.5394203E-01 -0.2031239E-01  0.6887027E-01  0.2406234E-01
  0.2376500000000E+02  0.2525704E+00  0.5850447E-01 -0.5462263E-01 -0.2041792E-01  0.6967686E-01  0.2419748E-01
  0.2379833333333E+02  0.2545292E+00  0.5876552E-01 -0.5530664E-01 -0.2052032E-01  0.7048782E-01  0.2432905E-01
  0.2383166666667E+02  0.2564967E+00  0.5902567E-01 -0.5599397E-01 -0.2061991E-01  0.7130307E-01  0.2445725E-01
  0.2386500000000E+02  0.2584729E+00  0.5928493E-01 -0.5668453E-01 -0.2071693E-01  0.7212247E-01  0.2458224E-01
  0.2389833333333E+02  0.2604577E+00  0.5954319E-01 -0.5737825E-01 -0.2081159E-01  0.7294594E-01  0.2470413E-01
  0.2393166666667E+02  0.2624510E+00  0.5980016E-01 -0.5807505E-01 -0.2090398E-01  0.7377338E-01  0.2482298E-01
  0.2396500000000E+02  0.2644529E+00  0.6005541E-01 -0.5877486E-01 -0.2099412E-01  0.7460467E-01  0.2493878E-01
  0.2399833333333E+02  0.2664631E+00  0.6030843E-01 -0.5947759E-01 -0.2108190E-01  0.7543972E-01  0.2505143E-01
  0.2403166666667E+02  0.2684818E+00  0.6055866E-01 -0.6018316E-01 -0.2116708E-01  0.7627841E-01  0.2516072E-01
  0.2406500000000E+02  0.2705086E+00  0.6080562E-01 -0.6089146E-01 -0.2124927E-01  0.7712062E-01  0.2526632E-01
  0.2409833333333E+02  0.2725436E+00  0.6104892E-01 -0.6160240E-01 -0.2132794E-01  0.7796621E-01  0.2536779E-01
  0.2413166666667E+02  0.2745865E+00  0.6128838E-01 -0.6231581E-01 -0.2140245E-01  0.7881503E-01  0.2546458E-01
  0.2416500000000E+02  0.2766373E+00  0.6152402E-01 -0.6303155E-01 -0.2147206E-01  0.7966690E-01  0.2555607E-01
  0.2419833333333E+02  0.2786959E+00  0.6175603E-01 -0.6374941E-01 -0.2153606E-01  0.8052162E-01  0.2564166E-01
  0.2423166666667E+02  0.2807620E+00  0.6198469E-01 -0.6446921E-01 -0.2159385E-01  0.8137898E-01  0.2572083E-01
  0.2426500000000E+02  0.2828357E+00  0.6221031E-01 -0.6519071E-01 -0.2164502E-01  0.8223876E-01  0.2579319E-01
  0.2429833333333E+02  0.2849168E+00  0.6243319E-01 -0.6591369E-01 -0.2168938E-01  0.8310071E-01  0.2585856E-01
  0.2433166666667E+02  0.2870053E+00  0.6265363E-01 -0.6663792E-01 -0.2172697E-01  0.8396461E-01  0.2591695E-01
  0.2436500000000E+02  0.2891010E+00  0.6287189E-01 -0.6736319E-01 -0.2175803E-01  0.8483022E-01  0.2596850E-01
  0.2439833333333E+02  0.2912039E+00  0.6308824E-01 -0.6808929E-01 -0.2178294E-01  0.8569734E-01  0.2601348E-01
  0.2443166666667E+02  0.2933140E+00  0.6330293E-01 -0.6881603E-01 -0.2180217E-01  0.8656575E-01  0.2605221E-01
  0.2446500000000E+02  0.2954312E+00  0.6351622E-01 -0.6954323E-01 -0.2181621E-01  0.8743525E-01  0.2608502E-01
  0.2449833333333E+02  0.2975555E+00  0.6372831E-01 -0.7027075E-01 -0.2182554E-01  0.8830565E-01  0.2611222E-01
  0.2453166666667E+02  0.2996868E+00  0.6393927E-01 -0.7099844E-01 -0.2183057E-01  0.8917679E-01  0.2613412E-01
  0.2456500000000E+02  0.3018251E+00  0.6414906E-01 -0.7172616E-01 -0.2183166E-01  0.9004849E-01  0.2615094E-01
  0.2459833333333E+02  0.3039704E+00  0.6435744E-01 -0.7245379E-01 -0.2182904E-01  0.9092058E-01  0.2616287E-01
  0.2463166666667E+02  0.3061225E+00  0.6456406E-01 -0.7318122E-01 -0.2182286E-01  0.9179292E-01  0.2617002E-01
  0.2466500000000E+02  0.3082815E+00  0.6476842E-01 -0.7390833E-01 -0.2181312E-01  0.9266533E-01  0.2617236E-01
  0.2469833333333E+02  0.3104471E+00  0.6497001E-01 -0.7463498E-01 -0.2179964E-01  0.9353766E-01  0.2616977E-01
  0.2473166666667E+02  0.3126194E+00  0.6516835E-01 -0.7536105E-01 -0.2178210E-01  0.9440972E-01  0.2616198E-01
  0.2476500000000E+02  0.3147982E+00  0.6536309E-01 -0.7608638E-01 -0.2175998E-01  0.9528134E-01  0.2614857E-01
  0.2479833333333E+02  0.3169833E+00  0.6555407E-01 -0.7681080E-01 -0.2173260E-01  0.9615231E-01  0.2612898E-01
  0.2483166666667E+02  0.3191747E+00  0.6574131E-01 -0.7753411E-01 -0.2169918E-01  0.9702239E-01  0.2610259E-01
  0.2486500000000E+02  0.3213722E+00  0.6592502E-01 -0.7825607E-01 -0.2165892E-01  0.9789135E-01  0.2606875E-01
  0.2489833333333E+02  0.3235757E+00  0.6610548E-01 -0.7897645E-01 -0.2161112E-01  0.9875892E-01  0.2602689E-01
  0.2493166666667E+02  0.3257851E+00  0.6628299E-01 -0.7969496E-01 -0.2155530E-01  0.9962480E-01  0.2597660E-01
  0.2496500000000E+02  0.3280004E+00  0.6645785E-01 -0.8041133E-01 -0.2149119E-01  0.1004887E+00  0.2591768E-01
  0.2499833333333E+02  0.3302214E+00  0.6663030E-01 -0.8112529E-01 -0.2141882E-01  0.1013504E+00  0.2585015E-01
  0.2503166666667E+02  0.3324481E+00  0.6680061E-01 -0.8183657E-01 -0.2133843E-01  0.1022095E+00  0.2577420E-01
  0.2506500000000E+02  0.3346804E+00  0.6696903E-01 -0.8254492E-01 -0.2125047E-01  0.1030659E+00  0.2569016E-01
  0.2509833333333E+02  0.3369183E+00  0.6713584E-01 -0.8325010E-01 -0.2115546E-01  0.1039192E+00  0.2559845E-01
  0.2513166666667E+02  0.3391616E+00  0.6730132E-01 -0.8395190E-01 -0.2105403E-01  0.1047691E+00  0.2549949E-01
  0.2516500000000E+02  0.3414105E+00  0.6746569E-01 -0.8465013E-01 -0.2094674E-01  0.1056156E+00  0.2539370E-01
  0.2519833333333E+02  0.3436648E+00  0.6762909E-01 -0.8534460E-01 -0.2083413E-01  0.1064583E+00  0.2528146E-01
  0.2523166666667E+02  0.3459245E+00  0.6779151E-01 -0.8603515E-01 -0.2071666E-01  0.1072971E+00  0.2516310E-01
  0.2526500000000E+02  0.3481896E+00  0.6795280E-01 -0.8672164E-01 -0.2059467E-01  0.1081317E+00  0.2503885E-01
  0.2529833333333E+02  0.3504600E+00  0.6811262E-01 -0.8740392E-01 -0.2046839E-01  0.1089620E+00  0.2490887E-01
  0.2533166666667E+02  0.3527357E+00  0.6827057E-01 -0.8808185E-01 -0.2033791E-01  0.1097878E+00  0.2477318E-01
  0.2536500000000E+02  0.3550166E+00  0.6842619E-01 -0.8875529E-01 -0.2020314E-01  0.1106088E+00  0.2463169E-01
  0.2539833333333E+02  0.3573025E+00  0.6857906E-01 -0.8942408E-01 -0.2006381E-01  0.1114250E+00  0.2448415E-01
  0.2543166666667E+02  0.3595935E+00  0.6872891E-01 -0.9008807E-01 -0.1991947E-01  0.1122360E+00  0.2433019E-01
  0.2546500000000E+02  0.3618894E+00  0.6887562E-01 -0.9074705E-01 -0.1976951E-01  0.1130416E+00  0.2416932E-01
  0.2549833333333E+02  0.3641900E+00  0.6901929E-01 -0.9140082E-01 -0.1961319E-01  0.1138417E+00  0.2400097E-01
  0.2553166666667E+02  0.3664953E+00  0.6916012E-01 -0.9204915E-01 -0.1944979E-01  0.1146358E+00  0.2382458E-01
  0.2556500000000E+02  0.3688053E+00  0.6929840E-01 -0.9269177E-01 -0.1927866E-01  0.1154238E+00  0.2363967E-01
  0.2559833333333E+02  0.3711198E+00  0.6943440E-01 -0.9332842E-01 -0.1909934E-01  0.1162053E+00  0.2344593E-01
  0.2563166666667E+02  0.3734387E+00  0.6956835E-01 -0.9395880E-01 -0.1891161E-01  0.1169801E+00  0.2324322E-01
  0.2566500000000E+02  0.3757621E+00  0.6970046E-01 -0.9458265E-01 -0.1871551E-01  0.1177478E+00  0.2303165E-01
  0.2569833333333E+02  0.3780898E+00  0.6983094E-01 -0.9519970E-01 -0.1851131E-01  0.1185082E+00  0.2281149E-01
  0.2573166666667E+02  0.3804218E+00  0.6996002E-01 -0.9580968E-01 -0.1829946E-01  0.1192610E+00  0.2258314E-01
  0.2576500000000E+02  0.3827580E+00  0.7008796E-01 -0.9641236E-01 -0.1808057E-01  0.1200059E+00  0.2234707E-01
  0.2579833333333E+02  0.3850985E+00  0.7021502E-01 -0.9700754E-01 -0.1785526E-01  0.1207427E+00  0.2210379E-01
  0.2583166666667E+02  0.3874432E+00  0.7034145E-01 -0.9759501E-01 -0.1762417E-01  0.1214711E+00  0.2185378E-01
  0.2586500000000E+02  0.3897922E+00  0.7046738E-01 -0.9817461E-01 -0.1738788E-01  0.1221910E+00  0.2159747E-01
  0.2589833333333E+02  0.3921453E+00  0.7059285E-01 -0.9874617E-01 -0.1714691E-01  0.1229022E+00  0.2133521E-01
  0.2593166666667E+02  0.3945025E+00  0.7071775E-01 -0.9930956E-01 -0.1690166E-01  0.1236045E+00  0.2106727E-01
  0.2596500000000E+02  0.3968639E+00  0.7084182E-01 -0.9986464E-01 -0.1665241E-01  0.1242976E+00  0.2079382E-01
  0.2599833333333E+02  0.3992294E+00  0.7096472E-01 -0.1004113E+00 -0.1639932E-01  0.1249814E+00  0.2051491E-01
  0.2603166666667E+02  0.4015989E+00  0.7108610E-01 -0.1009494E+00 -0.1614239E-01  0.1256558E+00  0.2023046E-01
  0.2606500000000E+02  0.4039725E+00  0.7120564E-01 -0.1014787E+00 -0.1588145E-01  0.1263204E+00  0.1994029E-01
  0.2609833333333E+02  0.4063499E+00  0.7132317E-01 -0.1019993E+00 -0.1561616E-01  0.1269753E+00  0.1964412E-01
  0.2613166666667E+02  0.4087312E+00  0.7143867E-01 -0.1025108E+00 -0.1534606E-01  0.1276200E+00  0.1934158E-01
  0.2616500000000E+02  0.4111163E+00  0.7155229E-01 -0.1030132E+00 -0.1507060E-01  0.1282544E+00  0.1903228E-01
  0.2619833333333E+02  0.4135051E+00  0.7166425E-01 -0.1035061E+00 -0.1478924E-01  0.1288782E+00  0.1871583E-01
  0.2623166666667E+02  0.4158976E+00  0.7177480E-01 -0.1039895E+00 -0.1450149E-01  0.1294913E+00  0.1839195E-01
  0.2626500000000E+02  0.4182937E+00  0.7188415E-01 -0.1044631E+00 -0.1420705E-01  0.1300933E+00  0.1806052E-01
  0.2629833333333E+02  0.4206934E+00  0.7199245E-01 -0.1049266E+00 -0.1390580E-01  0.1306840E+00  0.1772158E-01
  0.2633166666667E+02  0.4230968E+00  0.7209984E-01 -0.1053799E+00 -0.1359785E-01  0.1312632E+00  0.1737532E-01
  0.2636500000000E+02  0.4255037E+00  0.7220645E-01 -0.1058227E+00 -0.1328350E-01  0.1318306E+00  0.1702209E-01
  0.2639833333333E+02  0.4279141E+00  0.7231247E-01 -0.1062548E+00 -0.1296320E-01  0.1323860E+00  0.1666234E-01
  0.2643166666667E+02  0.4303280E+00  0.7241809E-01 -0.1066760E+00 -0.1263750E-01  0.1329293E+00  0.1629657E-01
  0.2646500000000E+02  0.4327455E+00  0.7252355E-01 -0.1070863E+00 -0.1230700E-01  0.1334601E+00  0.1592528E-01
  0.2649833333333E+02  0.4351664E+00  0.7262903E-01 -0.1074853E+00 -0.1197229E-01  0.1339784E+00  0.1554894E-01
  0.2653166666667E+02  0.4375909E+00  0.7273469E-01 -0.1078731E+00 -0.1163392E-01  0.1344840E+00  0.1516798E-01
  0.2656500000000E+02  0.4400189E+00  0.7284054E-01 -0.1082495E+00 -0.1129237E-01  0.1349768E+00  0.1478273E-01
  0.2659833333333E+02  0.4424505E+00  0.7294650E-01 -0.1086145E+00 -0.1094804E-01  0.1354565E+00  0.1439346E-01
  0.2663166666667E+02  0.4448856E+00  0.7305237E-01 -0.1089679E+00 -0.1060124E-01  0.1359232E+00  0.1400033E-01
  0.2666500000000E+02  0.4473242E+00  0.7315789E-01 -0.1093096E+00 -0.1025218E-01  0.1363767E+00  0.1360342E-01
  0.2669833333333E+02  0.4497663E+00  0.7326279E-01 -0.1096396E+00 -0.9900927E-02  0.1368168E+00  0.1320274E-01
  0.2673166666667E+02  0.4522118E+00  0.7336688E-01 -0.1099579E+00 -0.9547462E-02  0.1372434E+00  0.1279820E-01
  0.2676500000000E+02  0.4546608E+00  0.7347006E-01 -0.1102643E+00 -0.9191636E-02  0.1376563E+00  0.1238968E-01
  0.2679833333333E+02  0.4571132E+00  0.7357240E-01 -0.1105587E+00 -0.8833213E-02  0.1380556E+00  0.1197702E-01
  0.2683166666667E+02  0.4595690E+00  0.7367405E-01 -0.1108411E+00 -0.8471914E-02  0.1384409E+00  0.1156006E-01
  0.2686500000000E+02  0.4620282E+00  0.7377518E-01 -0.1111113E+00 -0.8107474E-02  0.1388122E+00  0.1113870E-01
  0.2689833333333E+02  0.4644907E+00  0.7387596E-01 -0.1113693E+00 -0.7739693E-02  0.1391693E+00  0.1071292E-01
  0.2693166666667E+02  0.4669566E+00  0.7397649E-01 -0.1116150E+00 -0.7368477E-02  0.1395121E+00  0.1028282E-01
  0.2696500000000E+02  0.4694258E+00  0.7407681E-01 -0.1118481E+00 -0.6993861E-02  0.1398404E+00  0.9848612E-02
  0.2699833333333E+02  0.4718984E+00  0.7417696E-01 -0.1120686E+00 -0.6616010E-02  0.1401540E+00  0.9410581E-02
  0.2703166666667E+02  0.4743743E+00  0.7427700E-01 -0.1122765E+00 -0.6235206E-02  0.1404530E+00  0.8969101E-02
  0.2706500000000E+02  0.4768535E+00  0.7437704E-01 -0.1124715E+00 -0.5851815E-02  0.1407372E+00  0.8524583E-02
  0.2709833333333E+02  0.4793361E+00  0.7447722E-01 -0.1126537E+00 -0.5466252E-02  0.1410064E+00  0.8077445E-02
  0.2713166666667E+02  0.4818220E+00  0.7457770E-01 -0.1128230E+00 -0.5078946E-02  0.1412607E+00  0.7628091E-02
  0.2716500000000E+02  0.4843113E+00  0.7467866E-01 -0.1129794E+00 -0.4690308E-02  0.1414999E+00  0.7176890E-02
  0.2719833333333E+02  0.4868040E+00  0.7478018E-01 -0.1131227E+00 -0.4300726E-02  0.1417240E+00  0.6724164E-02
  0.2723166666667E+02  0.4893001E+00  0.7488230E-01 -0.1132531E+00 -0.3910551E-02  0.1419331E+00  0.6270183E-02
  0.2726500000000E+02  0.4917996E+00  0.7498492E-01 -0.1133704E+00 -0.3520096E-02  0.1421269E+00  0.5815166E-02
  0.2729833333333E+02  0.4943025E+00  0.7508787E-01 -0.1134747E+00 -0.3129633E-02  0.1423055E+00  0.5359282E-02
  0.2733166666667E+02  0.4968089E+00  0.7519096E-01 -0.1135660E+00 -0.2739384E-02  0.1424690E+00  0.4902661E-02
  0.2736500000000E+02  0.4993187E+00  0.7529398E-01 -0.1136444E+00 -0.2349516E-02  0.1426171E+00  0.4445399E-02
  0.2739833333333E+02  0.5018319E+00  0.7539680E-01 -0.1137097E+00 -0.1960143E-02  0.1427501E+00  0.3987569E-02
  0.2743166666667E+02  0.5043485E+00  0.7549936E-01 -0.1137621E+00 -0.1571331E-02  0.1428677E+00  0.3529239E-02
  0.2746500000000E+02  0.5068686E+00  0.7560170E-01 -0.1138015E+00 -0.1183115E-02  0.1429700E+00  0.3070485E-02
  0.2749833333333E+02  0.5093921E+00  0.7570388E-01 -0.1138280E+00 -0.7955224E-03  0.1430571E+00  0.2611421E-02
  0.2753166666667E+02  0.5119189E+00  0.7580594E-01 -0.1138417E+00 -0.4085981E-03  0.1431288E+00  0.2152207E-02
  0.2756500000000E+02  0.5144492E+00  0.7590786E-01 -0.1138424E+00 -0.2241770E-04  0.1431853E+00  0.1693061E-02
  0.2759833333333E+02  0.5169828E+00  0.7600959E-01 -0.1138303E+00  0.3629071E-03  0.1432264E+00  0.1234246E-02
  0.2763166666667E+02  0.5195199E+00  0.7611102E-01 -0.1138054E+00  0.7472327E-03  0.1432523E+00  0.7760526E-03
  0.2766500000000E+02  0.5220603E+00  0.7621212E-01 -0.1137677E+00  0.1130392E-02  0.1432629E+00  0.3187805E-03
  0.2769833333333E+02  0.5246040E+00  0.7631285E-01 -0.1137173E+00  0.1512209E-02  0.1432583E+00 -0.1372821E-03
  0.2773166666667E+02  0.5271512E+00  0.7641329E-01 -0.1136542E+00  0.1892512E-02  0.1432386E+00 -0.5918706E-03
  0.2776500000000E+02  0.5297016E+00  0.7651354E-01 -0.1135785E+00  0.2271145E-02  0.1432038E+00 -0.1044749E-02
  0.2779833333333E+02  0.5322554E+00  0.7661373E-01 -0.1134903E+00  0.2647969E-02  0.1431539E+00 -0.1495707E-02
  0.2783166666667E+02  0.5348125E+00  0.7671399E-01 -0.1133895E+00  0.3022850E-02  0.1430891E+00 -0.1944556E-02
  0.2786500000000E+02  0.5373730E+00  0.7681436E-01 -0.1132763E+00  0.3395654E-02  0.1430094E+00 -0.2391110E-02
  0.2789833333333E+02  0.5399368E+00  0.7691476E-01 -0.1131508E+00  0.3766221E-02  0.1429149E+00 -0.2835184E-02
  0.2793166666667E+02  0.5425040E+00  0.7701499E-01 -0.1130130E+00  0.4134360E-02  0.1428057E+00 -0.3276574E-02
  0.2796500000000E+02  0.5450745E+00  0.7711471E-01 -0.1128630E+00  0.4499842E-02  0.1426818E+00 -0.3715050E-02
  0.2799833333333E+02  0.5476483E+00  0.7721347E-01 -0.1127009E+00  0.4862397E-02  0.1425435E+00 -0.4150350E-02
  0.2803166666667E+02  0.5502253E+00  0.7731070E-01 -0.1125268E+00  0.5221716E-02  0.1423908E+00 -0.4582171E-02
  0.2806500000000E+02  0.5528055E+00  0.7740579E-01 -0.1123409E+00  0.5577455E-02  0.1422237E+00 -0.5010172E-02
  0.2809833333333E+02  0.5553888E+00  0.7749809E-01 -0.1121433E+00  0.5929241E-02  0.1420426E+00 -0.5433971E-02
  0.2813166666667E+02  0.5579750E+00  0.7758694E-01 -0.1119340E+00  0.6276689E-02  0.1418475E+00 -0.5853163E-02
  0.2816500000000E+02  0.5605640E+00  0.7767170E-01 -0.1117134E+00  0.6619412E-02  0.1416386E+00 -0.6267329E-02
  0.2819833333333E+02  0.5631558E+00  0.7775181E-01 -0.1114815E+00  0.6957052E-02  0.1414161E+00 -0.6676059E-02
  0.2823166666667E+02  0.5657500E+00  0.7782678E-01 -0.1112385E+00  0.7289293E-02  0.1411801E+00 -0.7078978E-02
  0.2826500000000E+02  0.5683465E+00  0.7789627E-01 -0.1109847E+00  0.7615893E-02  0.1409309E+00 -0.7475769E-02
  0.2829833333333E+02  0.5709452E+00  0.7796007E-01 -0.1107201E+00  0.7936695E-02  0.1406687E+00 -0.7866193E-02
  0.2833166666667E+02  0.5735458E+00  0.7801812E-01 -0.1104450E+00  0.8251642E-02  0.1403937E+00 -0.8250096E-02
  0.2836500000000E+02  0.5761482E+00  0.7807053E-01 -0.1101597E+00  0.8560764E-02  0.1401061E+00 -0.8627409E-02
  0.2839833333333E+02  0.5787521E+00  0.7811753E-01 -0.1098642E+00  0.8864174E-02  0.1398062E+00 -0.8998132E-02
  0.2843166666667E+02  0.5813574E+00  0.7815941E-01 -0.1095588E+00  0.9162034E-02  0.1394941E+00 -0.9362311E-02
  0.2846500000000E+02  0.5839639E+00  0.7819650E-01 -0.1092437E+00  0.9454528E-02  0.1391701E+00 -0.9720010E-02
  0.2849833333333E+02  0.5865716E+00  0.7822907E-01 -0.1089189E+00  0.9741832E-02  0.1388344E+00 -0.1007128E-01
  0.2853166666667E+02  0.5891802E+00  0.7825732E-01 -0.1085848E+00  0.1002408E-01  0.1384872E+00 -0.1041612E-01
  0.2856500000000E+02  0.5917895E+00  0.7828134E-01 -0.1082414E+00  0.1030134E-01  0.1381287E+00 -0.1075450E-01
  0.2859833333333E+02  0.5943996E+00  0.7830104E-01 -0.1078890E+00  0.1057359E-01  0.1377592E+00 -0.1108629E-01
  0.2863166666667E+02  0.5970101E+00  0.7831621E-01 -0.1075276E+00  0.1084073E-01  0.1373788E+00 -0.1141130E-01
  0.2866500000000E+02  0.5996210E+00  0.7832647E-01 -0.1071575E+00  0.1110255E-01  0.1369878E+00 -0.1172926E-01
  0.2869833333333E+02  0.6022320E+00  0.7833133E-01 -0.1067789E+00  0.1135874E-01  0.1365865E+00 -0.1203984E-01
  0.2873166666667E+02  0.6048430E+00  0.7833018E-01 -0.1063919E+00  0.1160893E-01  0.1361751E+00 -0.1234269E-01
  0.2876500000000E+02  0.6074538E+00  0.7832237E-01 -0.1059968E+00  0.1185269E-01  0.1357538E+00 -0.1263741E-01
  0.2879833333333E+02  0.6100640E+00  0.7830723E-01 -0.1055939E+00  0.1208953E-01  0.1353230E+00 -0.1292361E-01
  0.2883166666667E+02  0.6126735E+00  0.7828410E-01 -0.1051832E+00  0.1231901E-01  0.1348830E+00 -0.1320093E-01
  0.2886500000000E+02  0.6152819E+00  0.7825240E-01 -0.1047652E+00  0.1254072E-01  0.1344340E+00 -0.1346903E-01
  0.2889833333333E+02  0.6178890E+00  0.7821165E-01 -0.1043401E+00  0.1275431E-01  0.1339764E+00 -0.1372768E-01
  0.2893166666667E+02  0.6204944E+00  0.7816155E-01 -0.1039081E+00  0.1295960E-01  0.1335105E+00 -0.1397674E-01
  0.2896500000000E+02  0.6230978E+00  0.7810199E-01 -0.1034695E+00  0.1315651E-01  0.1330367E+00 -0.1421618E-01
  0.2899833333333E+02  0.6256989E+00  0.7803306E-01 -0.1030247E+00  0.1334515E-01  0.1325551E+00 -0.1444607E-01
  0.2903166666667E+02  0.6282974E+00  0.7795499E-01 -0.1025738E+00  0.1352575E-01  0.1320662E+00 -0.1466659E-01
  0.2906500000000E+02  0.6308930E+00  0.7786818E-01 -0.1021172E+00  0.1369863E-01  0.1315703E+00 -0.1487799E-01
  0.2909833333333E+02  0.6334854E+00  0.7777306E-01 -0.1016551E+00  0.1386422E-01  0.1310676E+00 -0.1508054E-01
  0.2913166666667E+02  0.6360744E+00  0.7767008E-01 -0.1011876E+00  0.1402292E-01  0.1305585E+00 -0.1527448E-01
  0.2916500000000E+02  0.6386597E+00  0.7755959E-01 -0.1007151E+00  0.1417513E-01  0.1300431E+00 -0.1546003E-01
  0.2919833333333E+02  0.6412411E+00  0.7744184E-01 -0.1002378E+00  0.1432116E-01  0.1295219E+00 -0.1563731E-01
  0.2923166666667E+02  0.6438183E+00  0.7731693E-01 -0.9975571E-01  0.1446125E-01  0.1289950E+00 -0.1580635E-01
  0.2926500000000E+02  0.6463912E+00  0.7718475E-01 -0.9926920E-01  0.1459550E-01  0.1284628E+00 -0.1596708E-01
  0.2929833333333E+02  0.6489593E+00  0.7704505E-01 -0.9877840E-01  0.1472388E-01  0.1279255E+00 -0.1611936E-01
  0.2933166666667E+02  0.6515226E+00  0.7689741E-01 -0.9828353E-01  0.1484624E-01  0.1273834E+00 -0.1626293E-01
  0.2936500000000E+02  0.6540806E+00  0.7674129E-01 -0.9778478E-01  0.1496233E-01  0.1268368E+00 -0.1639754E-01
  0.2939833333333E+02  0.6566332E+00  0.7657603E-01 -0.9728239E-01  0.1507179E-01  0.1262860E+00 -0.1652287E-01
  0.2943166666667E+02  0.6591799E+00  0.7640098E-01 -0.9677658E-01  0.1517422E-01  0.1257314E+00 -0.1663864E-01
  0.2946500000000E+02  0.6617204E+00  0.7621545E-01 -0.9626761E-01  0.1526918E-01  0.1251733E+00 -0.1674458E-01
  0.2949833333333E+02  0.6642543E+00  0.7601881E-01 -0.9575573E-01  0.1535626E-01  0.1246119E+00 -0.1684045E-01
  0.2953166666667E+02  0.6667814E+00  0.7581053E-01 -0.9524123E-01  0.1543510E-01  0.1240477E+00 -0.1692613E-01
  0.2956500000000E+02  0.6693010E+00  0.7559026E-01 -0.9472438E-01  0.1550546E-01  0.1234810E+00 -0.1700155E-01
  0.2959833333333E+02  0.6718130E+00  0.7535783E-01 -0.9420548E-01  0.1556722E-01  0.1229121E+00 -0.1706677E-01
  0.2963166666667E+02  0.6743167E+00  0.7511326E-01 -0.9368479E-01  0.1562044E-01  0.1223414E+00 -0.1712197E-01
  0.2966500000000E+02  0.6768120E+00  0.7485682E-01 -0.9316262E-01  0.1566532E-01  0.1217691E+00 -0.1716739E-01
  0.2969833333333E+02  0.6792983E+00  0.7458893E-01 -0.9263921E-01  0.1570220E-01  0.1211957E+00 -0.1720340E-01
  0.2973166666667E+02  0.6817753E+00  0.7431012E-01 -0.9211483E-01  0.1573153E-01  0.1206213E+00 -0.1723037E-01
  0.2976500000000E+02  0.6842426E+00  0.7402097E-01 -0.9158970E-01  0.1575380E-01  0.1200464E+00 -0.1724869E-01
  0.2979833333333E+02  0.6867000E+00  0.7372203E-01 -0.9106405E-01  0.1576951E-01  0.1194711E+00 -0.1725873E-01
  0.2983166666667E+02  0.6891472E+00  0.7341375E-01 -0.9053808E-01  0.1577916E-01  0.1188957E+00 -0.1726076E-01
  0.2986500000000E+02  0.6915837E+00  0.7309645E-01 -0.9001197E-01  0.1578314E-01  0.1183205E+00 -0.1725500E-01
  0.2989833333333E+02  0.6940094E+00  0.7277030E-01 -0.8948591E-01  0.1578176E-01  0.1177458E+00 -0.1724156E-01
  0.2993166666667E+02  0.6964239E+00  0.7243526E-01 -0.8896007E-01  0.1577522E-01  0.1171718E+00 -0.1722047E-01
  0.2996500000000E+02  0.6988269E+00  0.7209118E-01 -0.8843462E-01  0.1576358E-01  0.1165988E+00 -0.1719169E-01
  0.2999833333333E+02  0.7012182E+00  0.7173773E-01 -0.8790973E-01  0.1574681E-01  0.1160269E+00 -0.1715514E-01
  0.3003166666667E+02  0.7035973E+00  0.7137449E-01 -0.8738557E-01  0.1572475E-01  0.1154566E+00 -0.1711069E-01
  0.3006500000000E+02  0.7059640E+00  0.7100099E-01 -0.8686233E-01  0.1569720E-01  0.1148880E+00 -0.1705824E-01
  0.3009833333333E+02  0.7083179E+00  0.7061673E-01 -0.8634020E-01  0.1566386E-01  0.1143214E+00 -0.1699768E-01
  0.3013166666667E+02  0.7106586E+00  0.7022122E-01 -0.8581938E-01  0.1562445E-01  0.1137571E+00 -0.1692896E-01
  0.3016500000000E+02  0.7129858E+00  0.6981403E-01 -0.8530009E-01  0.1557868E-01  0.1131953E+00 -0.1685204E-01
  0.3019833333333E+02  0.7152989E+00  0.6939484E-01 -0.8478255E-01  0.1552630E-01  0.1126364E+00 -0.1676697E-01
  0.3023166666667E+02  0.7175977E+00  0.6896346E-01 -0.8426698E-01  0.1546716E-01  0.1120806E+00 -0.1667385E-01
  0.3026500000000E+02  0.7198817E+00  0.6851989E-01 -0.8375360E-01  0.1540122E-01  0.1115282E+00 -0.1657287E-01
  0.3029833333333E+02  0.7221505E+00  0.6806431E-01 -0.8324265E-01  0.1532855E-01  0.1109794E+00 -0.1646428E-01
  0.3033166666667E+02  0.7244038E+00  0.6759709E-01 -0.8273434E-01  0.1524935E-01  0.1104345E+00 -0.1634841E-01
  0.3036500000000E+02  0.7266410E+00  0.6711876E-01 -0.8222888E-01  0.1516395E-01  0.1098936E+00 -0.1622565E-01
  0.3039833333333E+02  0.7288620E+00  0.6662995E-01 -0.8172645E-01  0.1507275E-01  0.1093571E+00 -0.1609640E-01
  0.3043166666667E+02  0.7310664E+00  0.6613135E-01 -0.8122724E-01  0.1497621E-01  0.1088250E+00 -0.1596107E-01
  0.3046500000000E+02  0.7332539E+00  0.6562363E-01 -0.8073142E-01  0.1487483E-01  0.1082977E+00 -0.1582005E-01
  0.3049833333333E+02  0.7354241E+00  0.6510743E-01 -0.8023911E-01  0.1476908E-01  0.1077752E+00 -0.1567371E-01
  0.3053166666667E+02  0.7375769E+00  0.6458328E-01 -0.7975047E-01  0.1465943E-01  0.1072578E+00 -0.1552233E-01
  0.3056500000000E+02  0.7397120E+00  0.6405163E-01 -0.7926559E-01  0.1454626E-01  0.1067456E+00 -0.1536616E-01
  0.3059833333333E+02  0.7418291E+00  0.6351279E-01 -0.7878459E-01  0.1442991E-01  0.1062388E+00 -0.1520540E-01
  0.3063166666667E+02  0.7439280E+00  0.6296696E-01 -0.7830757E-01  0.1431060E-01  0.1057374E+00 -0.1504019E-01
  0.3066500000000E+02  0.7460084E+00  0.6241426E-01 -0.7783462E-01  0.1418852E-01  0.1052417E+00 -0.1487068E-01
  0.3069833333333E+02  0.7480702E+00  0.6185472E-01 -0.7736583E-01  0.1406374E-01  0.1047518E+00 -0.1469695E-01
  0.3073166666667E+02  0.7501132E+00  0.6128834E-01 -0.7690129E-01  0.1393630E-01  0.1042679E+00 -0.1451913E-01
  0.3076500000000E+02  0.7521370E+00  0.6071507E-01 -0.7644108E-01  0.1380616E-01  0.1037900E+00 -0.1433731E-01
  0.3079833333333E+02  0.7541415E+00  0.6013486E-01 -0.7598531E-01  0.1367326E-01  0.1033182E+00 -0.1415162E-01
  0.3083166666667E+02  0.7561264E+00  0.5954763E-01 -0.7553406E-01  0.1353751E-01  0.1028528E+00 -0.1396218E-01
  0.3086500000000E+02  0.7580916E+00  0.5895333E-01 -0.7508743E-01  0.1339878E-01  0.1023939E+00 -0.1376913E-01
  0.3089833333333E+02  0.7600366E+00  0.5835192E-01 -0.7464553E-01  0.1325696E-01  0.1019414E+00 -0.1357259E-01
  0.3093166666667E+02  0.7619614E+00  0.5774339E-01 -0.7420847E-01  0.1311199E-01  0.1014957E+00 -0.1337272E-01
  0.3096500000000E+02  0.7638657E+00  0.5712782E-01 -0.7377634E-01  0.1296380E-01  0.1010567E+00 -0.1316968E-01
  0.3099833333333E+02  0.7657492E+00  0.5650536E-01 -0.7334926E-01  0.1281240E-01  0.1006246E+00 -0.1296364E-01
  0.3103166666667E+02  0.7676117E+00  0.5587625E-01 -0.7292733E-01  0.1265788E-01  0.1001994E+00 -0.1275481E-01
  0.3106500000000E+02  0.7694531E+00  0.5524085E-01 -0.7251065E-01  0.1250035E-01  0.9978129E-01 -0.1254341E-01
  0.3109833333333E+02  0.7712731E+00  0.5459960E-01 -0.7209932E-01  0.1234004E-01  0.9937030E-01 -0.1232969E-01
  0.3113166666667E+02  0.7730715E+00  0.5395303E-01 -0.7169341E-01  0.1217719E-01  0.9896651E-01 -0.1211391E-01
  0.3116500000000E+02  0.7748482E+00  0.5330173E-01 -0.7129301E-01  0.1201210E-01  0.9856996E-01 -0.1189635E-01
  0.3119833333333E+02  0.7766031E+00  0.5264633E-01 -0.7089817E-01  0.1184512E-01  0.9818072E-01 -0.1167729E-01
  0.3123166666667E+02  0.7783360E+00  0.5198747E-01 -0.7050895E-01  0.1167658E-01  0.9779882E-01 -0.1145701E-01
  0.3126500000000E+02  0.7800469E+00  0.5132576E-01 -0.7012539E-01  0.1150682E-01  0.9742429E-01 -0.1123579E-01
  0.3129833333333E+02  0.7817356E+00  0.5066181E-01 -0.6974752E-01  0.1133618E-01  0.9705716E-01 -0.1101386E-01
  0.3133166666667E+02  0.7834021E+00  0.4999618E-01 -0.6937535E-01  0.1116498E-01  0.9669745E-01 -0.1079149E-01
  0.3136500000000E+02  0.7850465E+00  0.4932939E-01 -0.6900890E-01  0.1099348E-01  0.9634515E-01 -0.1056889E-01
  0.3139833333333E+02  0.7866685E+00  0.4866191E-01 -0.6864817E-01  0.1082195E-01  0.9600027E-01 -0.1034629E-01
  0.3143166666667E+02  0.7882683E+00  0.4799419E-01 -0.6829315E-01  0.1065059E-01  0.9566281E-01 -0.1012388E-01
  0.3146500000000E+02  0.7898459E+00  0.4732662E-01 -0.6794383E-01  0.1047960E-01  0.9533275E-01 -0.9901852E-02
  0.3149833333333E+02  0.7914012E+00  0.4665959E-01 -0.6760019E-01  0.1030912E-01  0.9501007E-01 -0.9680399E-02
  0.3153166666667E+02  0.7929343E+00  0.4599344E-01 -0.6726222E-01  0.1013928E-01  0.9469475E-01 -0.9459698E-02
  0.3156500000000E+02  0.7944453E+00  0.4532850E-01 -0.6692988E-01  0.9970179E-02  0.9438675E-01 -0.9239924E-02
  0.3159833333333E+02  0.7959341E+00  0.4466508E-01 -0.6660315E-01  0.9801891E-02  0.9408604E-01 -0.9021241E-02
  0.3163166666667E+02  0.7974009E+00  0.4400348E-01 -0.6628200E-01  0.9634473E-02  0.9379258E-01 -0.8803807E-02
  0.3166500000000E+02  0.7988457E+00  0.4334394E-01 -0.6596640E-01  0.9467966E-02  0.9350632E-01 -0.8587767E-02
  0.3169833333333E+02  0.8002686E+00  0.4268671E-01 -0.6565632E-01  0.9302394E-02  0.9322721E-01 -0.8373251E-02
  0.3173166666667E+02  0.8016696E+00  0.4203198E-01 -0.6535173E-01  0.9137769E-02  0.9295520E-01 -0.8160372E-02
  0.3176500000000E+02  0.8030490E+00  0.4137993E-01 -0.6505259E-01  0.8974096E-02  0.9269023E-01 -0.7949226E-02
  0.3179833333333E+02  0.8044067E+00  0.4073070E-01 -0.6475888E-01  0.8811370E-02  0.9243223E-01 -0.7739893E-02
  0.3183166666667E+02  0.8057428E+00  0.4008441E-01 -0.6447056E-01  0.8649585E-02  0.9218115E-01 -0.7532434E-02
  0.3186500000000E+02  0.8070575E+00  0.3944116E-01 -0.6418760E-01  0.8488734E-02  0.9193692E-01 -0.7326898E-02
  0.3189833333333E+02  0.8083509E+00  0.3880105E-01 -0.6390998E-01  0.8328812E-02  0.9169948E-01 -0.7123324E-02
  0.3193166666667E+02  0.8096230E+00  0.3816415E-01 -0.6363765E-01  0.8169821E-02  0.9146875E-01 -0.6921743E-02
  0.3196500000000E+02  0.8108740E+00  0.3753056E-01 -0.6337059E-01  0.8011769E-02  0.9124468E-01 -0.6722180E-02
  0.3199833333333E+02  0.8121040E+00  0.3690037E-01 -0.6310877E-01  0.7854673E-02  0.9102719E-01 -0.6524662E-02
  0.3203166666667E+02  0.8133132E+00  0.3627369E-01 -0.6285215E-01  0.7698560E-02  0.9081622E-01 -0.6329216E-02
  0.3206500000000E+02  0.8145015E+00  0.3565067E-01 -0.6260070E-01  0.7543464E-02  0.9061169E-01 -0.6135875E-02
  0.3209833333333E+02  0.8156692E+00  0.3503144E-01 -0.6235439E-01  0.7389431E-02  0.9041353E-01 -0.5944676E-02
  0.3213166666667E+02  0.8168164E+00  0.3441618E-01 -0.6211317E-01  0.7236514E-02  0.9022168E-01 -0.5755664E-02
  0.3216500000000E+02  0.8179433E+00  0.3380509E-01 -0.6187701E-01  0.7084772E-02  0.9003605E-01 -0.5568887E-02
  0.3219833333333E+02  0.8190499E+00  0.3319835E-01 -0.6164587E-01  0.6934272E-02  0.8985657E-01 -0.5384400E-02
  0.3223166666667E+02  0.8201364E+00  0.3259620E-01 -0.6141970E-01  0.6785082E-02  0.8968316E-01 -0.5202265E-02
  0.3226500000000E+02  0.8212031E+00  0.3199886E-01 -0.6119846E-01  0.6637274E-02  0.8951574E-01 -0.5022542E-02
  0.3229833333333E+02  0.8222499E+00  0.3140656E-01 -0.6098209E-01  0.6490921E-02  0.8935423E-01 -0.4845295E-02
  0.3233166666667E+02  0.8232773E+00  0.3081952E-01 -0.6077055E-01  0.6346094E-02  0.8919854E-01 -0.4670587E-02
  0.3236500000000E+02  0.8242852E+00  0.3023797E-01 -0.6056379E-01  0.6202863E-02  0.8904859E-01 -0.4498480E-02
  0.3239833333333E+02  0.8252739E+00  0.2966212E-01 -0.6036175E-01  0.6061295E-02  0.8890429E-01 -0.4329029E-02
  0.3243166666667E+02  0.8262437E+00  0.2909218E-01 -0.6016437E-01  0.5921452E-02  0.8876555E-01 -0.4162287E-02
  0.3246500000000E+02  0.8271946E+00  0.2852833E-01 -0.5997159E-01  0.5783392E-02  0.8863227E-01 -0.3998301E-02
  0.3249833333333E+02  0.8281270E+00  0.2797074E-01 -0.5978335E-01  0.5647167E-02  0.8850437E-01 -0.3837110E-02
  0.3253166666667E+02  0.8290410E+00  0.2741957E-01 -0.5959959E-01  0.5512823E-02  0.8838174E-01 -0.3678745E-02
  0.3256500000000E+02  0.8299368E+00  0.2687496E-01 -0.5942024E-01  0.5380401E-02  0.8826430E-01 -0.3523233E-02
  0.3259833333333E+02  0.8308147E+00  0.2633702E-01 -0.5924524E-01  0.5249935E-02  0.8815195E-01 -0.3370590E-02
  0.3263166666667E+02  0.8316749E+00  0.2580585E-01 -0.5907453E-01  0.5121452E-02  0.8804459E-01 -0.3220827E-02
  0.3266500000000E+02  0.8325176E+00  0.2528154E-01 -0.5890803E-01  0.4994975E-02  0.8794212E-01 -0.3073950E-02
  0.3269833333333E+02  0.8333431E+00  0.2476416E-01 -0.5874568E-01  0.4870521E-02  0.8784446E-01 -0.2929955E-02
  0.3273166666667E+02  0.8341515E+00  0.2425376E-01 -0.5858741E-01  0.4748101E-02  0.8775150E-01 -0.2788836E-02
  0.3276500000000E+02  0.8349432E+00  0.2375039E-01 -0.5843315E-01  0.4627721E-02  0.8766315E-01 -0.2650580E-02
  0.3279833333333E+02  0.8357184E+00  0.2325409E-01 -0.5828284E-01  0.4509384E-02  0.8757931E-01 -0.2515173E-02
  0.3283166666667E+02  0.8364772E+00  0.2276487E-01 -0.5813640E-01  0.4393089E-02  0.8749989E-01 -0.2382593E-02
  0.3286500000000E+02  0.8372199E+00  0.2228276E-01 -0.5799377E-01  0.4278830E-02  0.8742479E-01 -0.2252818E-02
  0.3289833333333E+02  0.8379469E+00  0.2180777E-01 -0.5785489E-01  0.4166600E-02  0.8735393E-01 -0.2125825E-02
  0.3293166666667E+02  0.8386582E+00  0.2133991E-01 -0.5771967E-01  0.4056389E-02  0.8728721E-01 -0.2001587E-02
  0.3296500000000E+02  0.8393542E+00  0.2087918E-01 -0.5758807E-01  0.3948185E-02  0.8722454E-01 -0.1880075E-02
  0.3299833333333E+02  0.8400350E+00  0.2042558E-01 -0.5746000E-01  0.3841973E-02  0.8716583E-01 -0.1761262E-02
  0.3303166666667E+02  0.8407010E+00  0.1997912E-01 -0.5733541E-01  0.3737738E-02  0.8711100E-01 -0.1645118E-02
  0.3306500000000E+02  0.8413523E+00  0.1953978E-01 -0.5721423E-01  0.3635463E-02  0.8705994E-01 -0.1531614E-02
  0.3309833333333E+02  0.8419892E+00  0.1910757E-01 -0.5709639E-01  0.3535132E-02  0.8701259E-01 -0.1420720E-02
  0.3313166666667E+02  0.8426120E+00  0.1868248E-01 -0.5698183E-01  0.3436725E-02  0.8696884E-01 -0.1312407E-02
  0.3316500000000E+02  0.8432208E+00  0.1826451E-01 -0.5687049E-01  0.3340225E-02  0.8692862E-01 -0.1206645E-02
  0.3319833333333E+02  0.8438159E+00  0.1785365E-01 -0.5676231E-01  0.3245614E-02  0.8689184E-01 -0.1103405E-02
  0.3323166666667E+02  0.8443976E+00  0.1744991E-01 -0.5665721E-01  0.3152871E-02  0.8685842E-01 -0.1002660E-02
  0.3326500000000E+02  0.8449660E+00  0.1705327E-01 -0.5655514E-01  0.3061979E-02  0.8682827E-01 -0.9043805E-03
  0.3329833333333E+02  0.8455215E+00  0.1666374E-01 -0.5645605E-01  0.2972920E-02  0.8680132E-01 -0.8085390E-03
  0.3333166666667E+02  0.8460642E+00  0.1628131E-01 -0.5635986E-01  0.2885675E-02  0.8677748E-01 -0.7151084E-03
  0.3336500000000E+02  0.8465944E+00  0.1590598E-01 -0.5626652E-01  0.2800227E-02  0.8675668E-01 -0.6240621E-03
  0.3339833333333E+02  0.8471123E+00  0.1553774E-01 -0.5617597E-01  0.2716558E-02  0.8673883E-01 -0.5353739E-03
  0.3343166666667E+02  0.8476182E+00  0.1517660E-01 -0.5608814E-01  0.2634651E-02  0.8672387E-01 -0.4490182E-03
  0.3346500000000E+02  0.8481123E+00  0.1482255E-01 -0.5600299E-01  0.2554492E-02  0.8671170E-01 -0.3649698E-03
  0.3349833333333E+02  0.8485948E+00  0.1447559E-01 -0.5592046E-01  0.2476065E-02  0.8670226E-01 -0.2832042E-03
  0.3353166666667E+02  0.8490660E+00  0.1413571E-01 -0.5584048E-01  0.2399355E-02  0.8669547E-01 -0.2036973E-03
  0.3356500000000E+02  0.8495261E+00  0.1380292E-01 -0.5576300E-01  0.2324348E-02  0.8669126E-01 -0.1264253E-03
  0.3359833333333E+02  0.8499753E+00  0.1347720E-01 -0.5568797E-01  0.2251033E-02  0.8668954E-01 -0.5136539E-04
  0.3363166666667E+02  0.8504140E+00  0.1315855E-01 -0.5561532E-01  0.2179396E-02  0.8669026E-01  0.2150517E-04
  0.3366500000000E+02  0.8508422E+00  0.1284697E-01 -0.5554501E-01  0.2109427E-02  0.8669333E-01  0.9220842E-04
  0.3369833333333E+02  0.8512603E+00  0.1254246E-01 -0.5547697E-01  0.2041116E-02  0.8669869E-01  0.1607659E-03
  0.3373166666667E+02  0.8516684E+00  0.1224499E-01 -0.5541115E-01  0.1974453E-02  0.8670627E-01  0.2271988E-03
  0.3376500000000E+02  0.8520669E+00  0.1195457E-01 -0.5534751E-01  0.1909430E-02  0.8671598E-01  0.2915275E-03
  0.3379833333333E+02  0.8524560E+00  0.1167118E-01 -0.5528597E-01  0.1846041E-02  0.8672778E-01  0.3537723E-03
  0.3383166666667E+02  0.8528358E+00  0.1139481E-01 -0.5522650E-01  0.1784277E-02  0.8674158E-01  0.4139527E-03
  0.3386500000000E+02  0.8532066E+00  0.1112544E-01 -0.5516902E-01  0.1724134E-02  0.8675731E-01  0.4720881E-03
  0.3389833333333E+02  0.8535687E+00  0.1086306E-01 -0.5511350E-01  0.1665607E-02  0.8677492E-01  0.5281973E-03
  0.3393166666667E+02  0.8539223E+00  0.1060764E-01 -0.5505988E-01  0.1608691E-02  0.8679433E-01  0.5822988E-03
  0.3396500000000E+02  0.8542676E+00  0.1035917E-01 -0.5500810E-01  0.1553382E-02  0.8681547E-01  0.6344110E-03
  0.3399833333333E+02  0.8546049E+00  0.1011761E-01 -0.5495811E-01  0.1499678E-02  0.8683829E-01  0.6845520E-03
  0.3403166666667E+02  0.8549343E+00  0.9882941E-02 -0.5490986E-01  0.1447575E-02  0.8686272E-01  0.7327400E-03
  0.3406500000000E+02  0.8552562E+00  0.9655123E-02 -0.5486329E-01  0.1397071E-02  0.8688868E-01  0.7789932E-03
  0.3409833333333E+02  0.8555706E+00  0.9434118E-02 -0.5481835E-01  0.1348162E-02  0.8691613E-01  0.8233301E-03
  0.3413166666667E+02  0.8558780E+00  0.9219882E-02 -0.5477499E-01  0.1300846E-02  0.8694499E-01  0.8657696E-03
  0.3416500000000E+02  0.8561784E+00  0.9012367E-02 -0.5473315E-01  0.1255119E-02  0.8697520E-01  0.9063311E-03
  0.3419833333333E+02  0.8564721E+00  0.8811516E-02 -0.5469279E-01  0.1210976E-02  0.8700670E-01  0.9450351E-03
  0.3423166666667E+02  0.8567593E+00  0.8617269E-02 -0.5465384E-01  0.1168413E-02  0.8703943E-01  0.9819029E-03
  0.3426500000000E+02  0.8570403E+00  0.8429558E-02 -0.5461626E-01  0.1127421E-02  0.8707333E-01  0.1016957E-02
  0.3429833333333E+02  0.8573153E+00  0.8248308E-02 -0.5457999E-01  0.1087994E-02  0.8710834E-01  0.1050222E-02
  0.3433166666667E+02  0.8575844E+00  0.8073437E-02 -0.5454499E-01  0.1050121E-02  0.8714439E-01  0.1081723E-02
  0.3436500000000E+02  0.8578479E+00  0.7904854E-02 -0.5451120E-01  0.1013789E-02  0.8718144E-01  0.1111488E-02
  0.3439833333333E+02  0.8581060E+00  0.7742461E-02 -0.5447856E-01  0.9789847E-03  0.8721943E-01  0.1139548E-02
  0.3443166666667E+02  0.8583588E+00  0.7586153E-02 -0.5444704E-01  0.9456894E-03  0.8725829E-01  0.1165934E-02
  0.3446500000000E+02  0.8586067E+00  0.7435815E-02 -0.5441658E-01  0.9138834E-03  0.8729798E-01  0.1190681E-02
  0.3449833333333E+02  0.8588497E+00  0.7291325E-02 -0.5438713E-01  0.8835436E-03  0.8733844E-01  0.1213827E-02
  0.3453166666667E+02  0.8590881E+00  0.7152553E-02 -0.5435864E-01  0.8546438E-03  0.8737962E-01  0.1235413E-02
  0.3456500000000E+02  0.8593221E+00  0.7019361E-02 -0.5433107E-01  0.8271546E-03  0.8742147E-01  0.1255479E-02
  0.3459833333333E+02  0.8595518E+00  0.6891604E-02 -0.5430437E-01  0.8010438E-03  0.8746394E-01  0.1274073E-02
  0.3463166666667E+02  0.8597775E+00  0.6769130E-02 -0.5427849E-01  0.7762759E-03  0.8750698E-01  0.1291242E-02
  0.3466500000000E+02  0.8599992E+00  0.6651782E-02 -0.5425340E-01  0.7528130E-03  0.8755055E-01  0.1307036E-02
  0.3469833333333E+02  0.8602172E+00  0.6539398E-02 -0.5422904E-01  0.7306142E-03  0.8759460E-01  0.1321508E-02
  0.3473166666667E+02  0.8604316E+00  0.6431809E-02 -0.5420539E-01  0.7096368E-03  0.8763909E-01  0.1334710E-02
  0.3476500000000E+02  0.8606425E+00  0.6328846E-02 -0.5418239E-01  0.6898356E-03  0.8768398E-01  0.1346700E-02
  0.3479833333333E+02  0.8608502E+00  0.6230336E-02 -0.5416002E-01  0.6711642E-03  0.8772923E-01  0.1357533E-02
  0.3483166666667E+02  0.8610548E+00  0.6136104E-02 -0.5413823E-01  0.6535747E-03  0.8777481E-01  0.1367268E-02
  0.3486500000000E+02  0.8612563E+00  0.6045975E-02 -0.5411700E-01  0.6370185E-03  0.8782067E-01  0.1375961E-02
  0.3489833333333E+02  0.8614550E+00  0.5959775E-02 -0.5409629E-01  0.6214465E-03  0.8786680E-01  0.1383670E-02
  0.3493166666667E+02  0.8616509E+00  0.5877331E-02 -0.5407606E-01  0.6068097E-03  0.8791314E-01  0.1390453E-02
  0.3496500000000E+02  0.8618441E+00  0.5798473E-02 -0.5405629E-01  0.5930591E-03  0.8795969E-01  0.1396367E-02
  0.3499833333333E+02  0.8620349E+00  0.5723034E-02 -0.5403695E-01  0.5801467E-03  0.8800641E-01  0.1401466E-02
  0.3503166666667E+02  0.8622233E+00  0.5650848E-02 -0.5401802E-01  0.5680252E-03  0.8805327E-01  0.1405805E-02
  0.3506500000000E+02  0.8624093E+00  0.5581759E-02 -0.5399946E-01  0.5566487E-03  0.8810025E-01  0.1409436E-02
  0.3509833333333E+02  0.8625932E+00  0.5515611E-02 -0.5398126E-01  0.5459725E-03  0.8814733E-01  0.1412410E-02
  0.3513166666667E+02  0.8627749E+00  0.5452255E-02 -0.5396340E-01  0.5359537E-03  0.8819449E-01  0.1414776E-02
  0.3516500000000E+02  0.8629546E+00  0.5391548E-02 -0.5394585E-01  0.5265511E-03  0.8824171E-01  0.1416579E-02
  0.3519833333333E+02  0.8631324E+00  0.5333354E-02 -0.5392859E-01  0.5177255E-03  0.8828897E-01  0.1417864E-02
  0.3523166666667E+02  0.8633083E+00  0.5277541E-02 -0.5391161E-01  0.5094394E-03  0.8833626E-01  0.1418673E-02
  0.3526500000000E+02  0.8634825E+00  0.5223983E-02 -0.5389489E-01  0.5016574E-03  0.8838356E-01  0.1419045E-02
  0.3529833333333E+02  0.8636549E+00  0.5172563E-02 -0.5387841E-01  0.4943461E-03  0.8843086E-01  0.1419017E-02
  0.3533166666667E+02  0.8638257E+00  0.5123166E-02 -0.5386216E-01  0.4874739E-03  0.8847815E-01  0.1418625E-02
  0.3536500000000E+02  0.8639949E+00  0.5075686E-02 -0.5384613E-01  0.4810113E-03  0.8852541E-01  0.1417901E-02
  0.3539833333333E+02  0.8641625E+00  0.5030021E-02 -0.5383029E-01  0.4749307E-03  0.8857264E-01  0.1416876E-02
  0.3543166666667E+02  0.8643287E+00  0.4986076E-02 -0.5381465E-01  0.4692060E-03  0.8861982E-01  0.1415577E-02
  0.3546500000000E+02  0.8644935E+00  0.4943762E-02 -0.5379919E-01  0.4638132E-03  0.8866696E-01  0.1414033E-02
  0.3549833333333E+02  0.8646570E+00  0.4902992E-02 -0.5378390E-01  0.4587298E-03  0.8871403E-01  0.1412266E-02
  0.3553166666667E+02  0.8648191E+00  0.4863686E-02 -0.5376877E-01  0.4539347E-03  0.8876104E-01  0.1410300E-02
  0.3556500000000E+02  0.8649799E+00  0.4825771E-02 -0.5375379E-01  0.4494086E-03  0.8880798E-01  0.1408156E-02
  0.3559833333333E+02  0.8651396E+00  0.4789174E-02 -0.5373895E-01  0.4451335E-03  0.8885485E-01  0.1405853E-02
  0.3563166666667E+02  0.8652980E+00  0.4753829E-02 -0.5372425E-01  0.4410925E-03  0.8890163E-01  0.1403410E-02
  0.3566500000000E+02  0.8654554E+00  0.4719674E-02 -0.5370967E-01  0.4372701E-03  0.8894832E-01  0.1400841E-02
  0.3569833333333E+02  0.8656116E+00  0.4686650E-02 -0.5369522E-01  0.4336520E-03  0.8899493E-01  0.1398164E-02
  0.3573166666667E+02  0.8657667E+00  0.4654703E-02 -0.5368088E-01  0.4302248E-03  0.8904144E-01  0.1395391E-02
  0.3576500000000E+02  0.8659209E+00  0.4623779E-02 -0.5366665E-01  0.4269762E-03  0.8908786E-01  0.1392535E-02
  0.3579833333333E+02  0.8660740E+00  0.4593831E-02 -0.5365252E-01  0.4238949E-03  0.8913418E-01  0.1389609E-02
  0.3583166666667E+02  0.8662261E+00  0.4564812E-02 -0.5363848E-01  0.4209701E-03  0.8918040E-01  0.1386622E-02
  0.3586500000000E+02  0.8663774E+00  0.4536681E-02 -0.5362454E-01  0.4181922E-03  0.8922652E-01  0.1383585E-02
  0.3589833333333E+02  0.8665277E+00  0.4509396E-02 -0.5361069E-01  0.4155520E-03  0.8927253E-01  0.1380508E-02
  0.3593166666667E+02  0.8666771E+00  0.4482920E-02 -0.5359692E-01  0.4130412E-03  0.8931845E-01  0.1377397E-02
  0.3596500000000E+02  0.8668257E+00  0.4457217E-02 -0.5358324E-01  0.4106521E-03  0.8936426E-01  0.1374261E-02
  0.3599833333333E+02  0.8669734E+00  0.4432253E-02 -0.5356962E-01  0.4083773E-03  0.8940996E-01  0.1371107E-02
  0.3603166666667E+02  0.8671204E+00  0.4407997E-02 -0.5355608E-01  0.4062103E-03  0.8945556E-01  0.1367941E-02
  0.3606500000000E+02  0.8672665E+00  0.4384419E-02 -0.5354261E-01  0.4041448E-03  0.8950105E-01  0.1364768E-02
  0.3609833333333E+02  0.8674119E+00  0.4361492E-02 -0.5352921E-01  0.4021751E-03  0.8954644E-01  0.1361595E-02
  0.3613166666667E+02  0.8675565E+00  0.4339188E-02 -0.5351586E-01  0.4002959E-03  0.8959172E-01  0.1358425E-02
  0.3616500000000E+02  0.8677004E+00  0.4317482E-02 -0.5350258E-01  0.3985022E-03  0.8963689E-01  0.1355264E-02
  0.3619833333333E+02  0.8678437E+00  0.4296352E-02 -0.5348935E-01  0.3967894E-03  0.8968196E-01  0.1352114E-02
  0.3623166666667E+02  0.8679862E+00  0.4275775E-02 -0.5347618E-01  0.3951532E-03  0.8972693E-01  0.1348981E-02
  0.3626500000000E+02  0.8681280E+00  0.4255730E-02 -0.5346306E-01  0.3935896E-03  0.8977179E-01  0.1345867E-02
  0.3629833333333E+02  0.8682693E+00  0.4236197E-02 -0.5344999E-01  0.3920949E-03  0.8981655E-01  0.1342774E-02
  0.3633166666667E+02  0.8684098E+00  0.4217158E-02 -0.5343697E-01  0.3906656E-03  0.8986121E-01  0.1339707E-02
  0.3636500000000E+02  0.8685498E+00  0.4198595E-02 -0.5342399E-01  0.3892986E-03  0.8990576E-01  0.1336667E-02
  0.3639833333333E+02  0.8686891E+00  0.4180490E-02 -0.5341106E-01  0.3879908E-03  0.8995022E-01  0.1333656E-02
  0.3643166666667E+02  0.8688279E+00  0.4162828E-02 -0.5339817E-01  0.3867393E-03  0.8999457E-01  0.1330677E-02
  0.3646500000000E+02  0.8689661E+00  0.4145594E-02 -0.5338532E-01  0.3855416E-03  0.9003883E-01  0.1327731E-02
  0.3649833333333E+02  0.8691037E+00  0.4128773E-02 -0.5337250E-01  0.3843952E-03  0.9008299E-01  0.1324820E-02
  0.3653166666667E+02  0.8692408E+00  0.4112353E-02 -0.5335973E-01  0.3832978E-03  0.9012706E-01  0.1321946E-02
  0.3656500000000E+02  0.8693773E+00  0.4096319E-02 -0.5334699E-01  0.3822472E-03  0.9017103E-01  0.1319109E-02
  0.3659833333333E+02  0.8695133E+00  0.4080660E-02 -0.5333428E-01  0.3812414E-03  0.9021490E-01  0.1316311E-02
  0.3663166666667E+02  0.8696489E+00  0.4065363E-02 -0.5332160E-01  0.3802786E-03  0.9025869E-01  0.1313553E-02
  0.3666500000000E+02  0.8697839E+00  0.4050419E-02 -0.5330896E-01  0.3793568E-03  0.9030238E-01  0.1310836E-02
  0.3669833333333E+02  0.8699184E+00  0.4035815E-02 -0.5329634E-01  0.3784745E-03  0.9034599E-01  0.1308160E-02
  0.3673166666667E+02  0.8700524E+00  0.4021543E-02 -0.5328375E-01  0.3776300E-03  0.9038951E-01  0.1305527E-02
  0.3676500000000E+02  0.8701860E+00  0.4007592E-02 -0.5327119E-01  0.3768219E-03  0.9043294E-01  0.1302937E-02
  0.3679833333333E+02  0.8703192E+00  0.3993953E-02 -0.5325866E-01  0.3760488E-03  0.9047628E-01  0.1300391E-02
  0.3683166666667E+02  0.8704519E+00  0.3980617E-02 -0.5324615E-01  0.3753094E-03  0.9051955E-01  0.1297889E-02
  0.3686500000000E+02  0.8705841E+00  0.3967577E-02 -0.5323366E-01  0.3746023E-03  0.9056273E-01  0.1295431E-02
  0.3689833333333E+02  0.8707159E+00  0.3954823E-02 -0.5322120E-01  0.3739265E-03  0.9060583E-01  0.1293017E-02
  0.3693166666667E+02  0.8708473E+00  0.3942349E-02 -0.5320875E-01  0.3732808E-03  0.9064885E-01  0.1290649E-02
  0.3696500000000E+02  0.8709784E+00  0.3930146E-02 -0.5319633E-01  0.3726642E-03  0.9069180E-01  0.1288326E-02
  0.3699833333333E+02  0.8711090E+00  0.3918208E-02 -0.5318393E-01  0.3720757E-03  0.9073466E-01  0.1286049E-02
  0.3703166666667E+02  0.8712392E+00  0.3906529E-02 -0.5317154E-01  0.3715142E-03  0.9077746E-01  0.1283817E-02
  0.3706500000000E+02  0.8713690E+00  0.3895101E-02 -0.5315918E-01  0.3709790E-03  0.9082018E-01  0.1281631E-02
  0.3709833333333E+02  0.8714985E+00  0.3883919E-02 -0.5314683E-01  0.3704692E-03  0.9086283E-01  0.1279490E-02
  0.3713166666667E+02  0.8716276E+00  0.3872976E-02 -0.5313450E-01  0.3699840E-03  0.9090541E-01  0.1277395E-02
  0.3716500000000E+02  0.8717563E+00  0.3862267E-02 -0.5312218E-01  0.3695226E-03  0.9094792E-01  0.1275346E-02
  0.3719833333333E+02  0.8718847E+00  0.3851786E-02 -0.5310988E-01  0.3690843E-03  0.9099036E-01  0.1273342E-02
  0.3723166666667E+02  0.8720128E+00  0.3841529E-02 -0.5309759E-01  0.3686683E-03  0.9103274E-01  0.1271384E-02
  0.3726500000000E+02  0.8721405E+00  0.3831489E-02 -0.5308531E-01  0.3682741E-03  0.9107506E-01  0.1269472E-02
  0.3729833333333E+02  0.8722679E+00  0.3821663E-02 -0.5307305E-01  0.3679010E-03  0.9111731E-01  0.1267604E-02
  0.3733166666667E+02  0.8723949E+00  0.3812044E-02 -0.5306080E-01  0.3675483E-03  0.9115951E-01  0.1265782E-02
  0.3736500000000E+02  0.8725217E+00  0.3802630E-02 -0.5304856E-01  0.3672156E-03  0.9120164E-01  0.1264005E-02
  0.3739833333333E+02  0.8726481E+00  0.3793416E-02 -0.5303633E-01  0.3669022E-03  0.9124371E-01  0.1262273E-02
  0.3743166666667E+02  0.8727743E+00  0.3784396E-02 -0.5302411E-01  0.3666077E-03  0.9128573E-01  0.1260585E-02
  0.3746500000000E+02  0.8729001E+00  0.3775568E-02 -0.5301190E-01  0.3663315E-03  0.9132770E-01  0.1258942E-02
  0.3749833333333E+02  0.8730257E+00  0.3766927E-02 -0.5299969E-01  0.3660732E-03  0.9136961E-01  0.1257343E-02
  0.3753166666667E+02  0.8731510E+00  0.3758470E-02 -0.5298750E-01  0.3658323E-03  0.9141147E-01  0.1255788E-02
  0.3756500000000E+02  0.8732760E+00  0.3750193E-02 -0.5297531E-01  0.3656083E-03  0.9145328E-01  0.1254277E-02
  0.3759833333333E+02  0.8734007E+00  0.3742093E-02 -0.5296313E-01  0.3654009E-03  0.9149504E-01  0.1252809E-02
  0.3763166666667E+02  0.8735252E+00  0.3734165E-02 -0.5295096E-01  0.3652096E-03  0.9153675E-01  0.1251384E-02
  0.3766500000000E+02  0.8736494E+00  0.3726407E-02 -0.5293879E-01  0.3650340E-03  0.9157842E-01  0.1250003E-02
  0.3769833333333E+02  0.8737734E+00  0.3718816E-02 -0.5292663E-01  0.3648738E-03  0.9162004E-01  0.1248664E-02
  0.3773166666667E+02  0.8738971E+00  0.3711388E-02 -0.5291447E-01  0.3647285E-03  0.9166162E-01  0.1247368E-02
  0.3776500000000E+02  0.8740206E+00  0.3704121E-02 -0.5290232E-01  0.3645980E-03  0.9170316E-01  0.1246113E-02
  0.3779833333333E+02  0.8741438E+00  0.3697011E-02 -0.5289017E-01  0.3644817E-03  0.9174465E-01  0.1244901E-02
  0.3783166666667E+02  0.8742668E+00  0.3690056E-02 -0.5287802E-01  0.3643794E-03  0.9178611E-01  0.1243730E-02
  0.3786500000000E+02  0.8743896E+00  0.3683254E-02 -0.5286588E-01  0.3642908E-03  0.9182753E-01  0.1242601E-02
  0.3789833333333E+02  0.8745121E+00  0.3676601E-02 -0.5285374E-01  0.3642155E-03  0.9186892E-01  0.1241512E-02
  0.3793166666667E+02  0.8746345E+00  0.3670095E-02 -0.5284160E-01  0.3641534E-03  0.9191026E-01  0.1240464E-02
  0.3796500000000E+02  0.8747566E+00  0.3663733E-02 -0.5282946E-01  0.3641040E-03  0.9195158E-01  0.1239457E-02
  0.3799833333333E+02  0.8748785E+00  0.3657514E-02 -0.5281733E-01  0.3640672E-03  0.9199286E-01  0.1238490E-02
  0.3803166666667E+02  0.8750002E+00  0.3651434E-02 -0.5280519E-01  0.3640427E-03  0.9203411E-01  0.1237562E-02
  0.3806500000000E+02  0.8751217E+00  0.3645492E-02 -0.5279306E-01  0.3640302E-03  0.9207534E-01  0.1236674E-02
  0.3809833333333E+02  0.8752430E+00  0.3639685E-02 -0.5278092E-01  0.3640294E-03  0.9211653E-01  0.1235825E-02
  0.3813166666667E+02  0.8753642E+00  0.3634011E-02 -0.5276879E-01  0.3640402E-03  0.9215770E-01  0.1235015E-02
  0.3816500000000E+02  0.8754851E+00  0.3628469E-02 -0.5275665E-01  0.3640623E-03  0.9219884E-01  0.1234244E-02
  0.3819833333333E+02  0.8756059E+00  0.3623056E-02 -0.5274452E-01  0.3640955E-03  0.9223996E-01  0.1233511E-02
  0.3823166666667E+02  0.8757265E+00  0.3617770E-02 -0.5273238E-01  0.3641396E-03  0.9228105E-01  0.1232816E-02
  0.3826500000000E+02  0.8758469E+00  0.3612609E-02 -0.5272024E-01  0.3641943E-03  0.9232212E-01  0.1232159E-02
  0.3829833333333E+02  0.8759672E+00  0.3607571E-02 -0.5270810E-01  0.3642594E-03  0.9236317E-01  0.1231540E-02
  0.3833166666667E+02  0.8760873E+00  0.3602656E-02 -0.5269595E-01  0.3643349E-03  0.9240421E-01  0.1230957E-02
  0.3836500000000E+02  0.8762072E+00  0.3597860E-02 -0.5268381E-01  0.3644204E-03  0.9244522E-01  0.1230411E-02
  0.3839833333333E+02  0.8763270E+00  0.3593182E-02 -0.5267165E-01  0.3645157E-03  0.9248622E-01  0.1229902E-02
  0.3843166666667E+02  0.8764466E+00  0.3588621E-02 -0.5265950E-01  0.3646208E-03  0.9252720E-01  0.1229429E-02
  0.3846500000000E+02  0.8765660E+00  0.3584175E-02 -0.5264734E-01  0.3647354E-03  0.9256816E-01  0.1228992E-02
  0.3849833333333E+02  0.8766854E+00  0.3579842E-02 -0.5263518E-01  0.3648594E-03  0.9260912E-01  0.1228591E-02
  0.3853166666667E+02  0.8768046E+00  0.3575620E-02 -0.5262301E-01  0.3649926E-03  0.9265006E-01  0.1228225E-02
  0.3856500000000E+02  0.8769236E+00  0.3571509E-02 -0.5261084E-01  0.3651347E-03  0.9269099E-01  0.1227895E-02
  0.3859833333333E+02  0.8770425E+00  0.3567507E-02 -0.5259867E-01  0.3652858E-03  0.9273191E-01  0.1227599E-02
  0.3863166666667E+02  0.8771613E+00  0.3563612E-02 -0.5258649E-01  0.3654456E-03  0.9277282E-01  0.1227338E-02
  0.3866500000000E+02  0.8772800E+00  0.3559824E-02 -0.5257430E-01  0.3656139E-03  0.9281372E-01  0.1227111E-02
  0.3869833333333E+02  0.8773985E+00  0.3556139E-02 -0.5256211E-01  0.3657907E-03  0.9285462E-01  0.1226918E-02
  0.3873166666667E+02  0.8775169E+00  0.3552559E-02 -0.5254991E-01  0.3659757E-03  0.9289551E-01  0.1226759E-02
  0.3876500000000E+02  0.8776352E+00  0.3549080E-02 -0.5253770E-01  0.3661689E-03  0.9293640E-01  0.1226633E-02
  0.3879833333333E+02  0.8777534E+00  0.3545702E-02 -0.5252549E-01  0.3663701E-03  0.9297728E-01  0.1226541E-02
  0.3883166666667E+02  0.8778715E+00  0.3542423E-02 -0.5251327E-01  0.3665792E-03  0.9301817E-01  0.1226482E-02
  0.3886500000000E+02  0.8779895E+00  0.3539243E-02 -0.5250104E-01  0.3667960E-03  0.9305905E-01  0.1226456E-02
  0.3889833333333E+02  0.8781074E+00  0.3536160E-02 -0.5248881E-01  0.3670205E-03  0.9309993E-01  0.1226462E-02
  0.3893166666667E+02  0.8782251E+00  0.3533173E-02 -0.5247657E-01  0.3672525E-03  0.9314081E-01  0.1226500E-02
  0.3896500000000E+02  0.8783428E+00  0.3530281E-02 -0.5246432E-01  0.3674918E-03  0.9318170E-01  0.1226570E-02
  0.3899833333333E+02  0.8784604E+00  0.3527483E-02 -0.5245206E-01  0.3677385E-03  0.9322259E-01  0.1226672E-02
  0.3903166666667E+02  0.8785779E+00  0.3524778E-02 -0.5243979E-01  0.3679922E-03  0.9326348E-01  0.1226806E-02
  0.3906500000000E+02  0.8786953E+00  0.3522164E-02 -0.5242752E-01  0.3682531E-03  0.9330438E-01  0.1226971E-02
  0.3909833333333E+02  0.8788126E+00  0.3519641E-02 -0.5241523E-01  0.3685209E-03  0.9334529E-01  0.1227166E-02
  0.3913166666667E+02  0.8789298E+00  0.3517207E-02 -0.5240294E-01  0.3687955E-03  0.9338620E-01  0.1227393E-02
  0.3916500000000E+02  0.8790470E+00  0.3514863E-02 -0.5239064E-01  0.3690768E-03  0.9342712E-01  0.1227650E-02
  0.3919833333333E+02  0.8791641E+00  0.3512606E-02 -0.5237833E-01  0.3693648E-03  0.9346805E-01  0.1227938E-02
  0.3923166666667E+02  0.8792811E+00  0.3510436E-02 -0.5236600E-01  0.3696593E-03  0.9350899E-01  0.1228256E-02
  0.3926500000000E+02  0.8793981E+00  0.3508351E-02 -0.5235367E-01  0.3699603E-03  0.9354995E-01  0.1228603E-02
  0.3929833333333E+02  0.8795149E+00  0.3506352E-02 -0.5234133E-01  0.3702676E-03  0.9359091E-01  0.1228981E-02
  0.3933166666667E+02  0.8796317E+00  0.3504437E-02 -0.5232898E-01  0.3705811E-03  0.9363189E-01  0.1229388E-02
  0.3936500000000E+02  0.8797485E+00  0.3502606E-02 -0.5231661E-01  0.3709008E-03  0.9367289E-01  0.1229824E-02
  0.3939833333333E+02  0.8798652E+00  0.3500857E-02 -0.5230424E-01  0.3712266E-03  0.9371390E-01  0.1230289E-02
  0.3943166666667E+02  0.8799818E+00  0.3499189E-02 -0.5229185E-01  0.3715584E-03  0.9375492E-01  0.1230783E-02
  0.3946500000000E+02  0.8800984E+00  0.3497602E-02 -0.5227946E-01  0.3718961E-03  0.9379597E-01  0.1231306E-02
  0.3949833333333E+02  0.8802150E+00  0.3496096E-02 -0.5226705E-01  0.3722396E-03  0.9383703E-01  0.1231857E-02
  0.3953166666667E+02  0.8803314E+00  0.3494669E-02 -0.5225463E-01  0.3725889E-03  0.9387811E-01  0.1232436E-02
  0.3956500000000E+02  0.8804479E+00  0.3493320E-02 -0.5224220E-01  0.3729438E-03  0.9391921E-01  0.1233044E-02
  0.3959833333333E+02  0.8805643E+00  0.3492050E-02 -0.5222975E-01  0.3733043E-03  0.9396033E-01  0.1233679E-02
  0.3963166666667E+02  0.8806807E+00  0.3490856E-02 -0.5221730E-01  0.3736704E-03  0.9400148E-01  0.1234342E-02
  0.3966500000000E+02  0.8807970E+00  0.3489739E-02 -0.5220483E-01  0.3740419E-03  0.9404265E-01  0.1235032E-02
  0.3969833333333E+02  0.8809133E+00  0.3488698E-02 -0.5219235E-01  0.3744187E-03  0.9408384E-01  0.1235750E-02
  0.3973166666667E+02  0.8810295E+00  0.3487731E-02 -0.5217986E-01  0.3748009E-03  0.9412506E-01  0.1236495E-02
  0.3976500000000E+02  0.8811458E+00  0.3486840E-02 -0.5216735E-01  0.3751883E-03  0.9416630E-01  0.1237267E-02
  0.3979833333333E+02  0.8812620E+00  0.3486022E-02 -0.5215483E-01  0.3755809E-03  0.9420757E-01  0.1238066E-02
  0.3983166666667E+02  0.8813781E+00  0.3485277E-02 -0.5214230E-01  0.3759785E-03  0.9424886E-01  0.1238891E-02
  0.3986500000000E+02  0.8814943E+00  0.3484605E-02 -0.5212975E-01  0.3763812E-03  0.9429019E-01  0.1239743E-02
  0.3989833333333E+02  0.8816104E+00  0.3484005E-02 -0.5211719E-01  0.3767889E-03  0.9433154E-01  0.1240621E-02
  0.3993166666667E+02  0.8817265E+00  0.3483476E-02 -0.5210462E-01  0.3772015E-03  0.9437293E-01  0.1241525E-02
  0.3996500000000E+02  0.8818426E+00  0.3483018E-02 -0.5209203E-01  0.3776189E-03  0.9441434E-01  0.1242455E-02
  0.3999833333333E+02  0.8819587E+00  0.3482630E-02 -0.5207943E-01  0.3780412E-03  0.9445579E-01  0.1243411E-02
  0.4003166666667E+02  0.8820748E+00  0.3482312E-02 -0.5206682E-01  0.3784682E-03  0.9449727E-01  0.1244392E-02
  0.4006500000000E+02  0.8821909E+00  0.3482064E-02 -0.5205419E-01  0.3788998E-03  0.9453878E-01  0.1245399E-02
  0.4009833333333E+02  0.8823069E+00  0.3481884E-02 -0.5204154E-01  0.3793361E-03  0.9458033E-01  0.1246432E-02
  0.4013166666667E+02  0.8824230E+00  0.3481772E-02 -0.5202888E-01  0.3797770E-03  0.9462191E-01  0.1247489E-02
  0.4016500000000E+02  0.8825391E+00  0.3481728E-02 -0.5201621E-01  0.3802223E-03  0.9466353E-01  0.1248572E-02
  0.4019833333333E+02  0.8826551E+00  0.3481751E-02 -0.5200352E-01  0.3806722E-03  0.9470519E-01  0.1249679E-02
  0.4023166666667E+02  0.8827712E+00  0.3481840E-02 -0.5199081E-01  0.3811265E-03  0.9474688E-01  0.1250812E-02
  0.4026500000000E+02  0.8828872E+00  0.3481996E-02 -0.5197809E-01  0.3815851E-03  0.9478861E-01  0.1251969E-02
  0.4029833333333E+02  0.8830033E+00  0.3482218E-02 -0.5196536E-01  0.3820480E-03  0.9483038E-01  0.1253150E-02
  0.4033166666667E+02  0.8831194E+00  0.3482505E-02 -0.5195261E-01  0.3825153E-03  0.9487220E-01  0.1254356E-02
  0.4036500000000E+02  0.8832355E+00  0.3482857E-02 -0.5193984E-01  0.3829867E-03  0.9491405E-01  0.1255586E-02
  0.4039833333333E+02  0.8833516E+00  0.3483273E-02 -0.5192706E-01  0.3834624E-03  0.9495594E-01  0.1256840E-02
  0.4043166666667E+02  0.8834677E+00  0.3483754E-02 -0.5191426E-01  0.3839421E-03  0.9499788E-01  0.1258118E-02
  0.4046500000000E+02  0.8835839E+00  0.3484298E-02 -0.5190145E-01  0.3844260E-03  0.9503986E-01  0.1259420E-02
  0.4049833333333E+02  0.8837000E+00  0.3484906E-02 -0.5188862E-01  0.3849139E-03  0.9508189E-01  0.1260746E-02
  0.4053166666667E+02  0.8838162E+00  0.3485576E-02 -0.5187577E-01  0.3854058E-03  0.9512396E-01  0.1262096E-02
  0.4056500000000E+02  0.8839324E+00  0.3486309E-02 -0.5186291E-01  0.3859017E-03  0.9516607E-01  0.1263469E-02
  0.4059833333333E+02  0.8840487E+00  0.3487104E-02 -0.5185003E-01  0.3864016E-03  0.9520823E-01  0.1264865E-02
  0.4063166666667E+02  0.8841649E+00  0.3487961E-02 -0.5183713E-01  0.3869053E-03  0.9525044E-01  0.1266285E-02
  0.4066500000000E+02  0.8842812E+00  0.3488879E-02 -0.5182422E-01  0.3874129E-03  0.9529270E-01  0.1267728E-02
  0.4069833333333E+02  0.8843976E+00  0.3489859E-02 -0.5181129E-01  0.3879243E-03  0.9533501E-01  0.1269194E-02
  0.4073166666667E+02  0.8845139E+00  0.3490899E-02 -0.5179834E-01  0.3884394E-03  0.9537736E-01  0.1270683E-02
  0.4076500000000E+02  0.8846303E+00  0.3492000E-02 -0.5178537E-01  0.3889584E-03  0.9541977E-01  0.1272195E-02
  0.4079833333333E+02  0.8847468E+00  0.3493161E-02 -0.5177239E-01  0.3894810E-03  0.9546223E-01  0.1273730E-02
  0.4083166666667E+02  0.8848632E+00  0.3494381E-02 -0.5175939E-01  0.3900073E-03  0.9550474E-01  0.1275287E-02
  0.4086500000000E+02  0.8849798E+00  0.3495662E-02 -0.5174637E-01  0.3905372E-03  0.9554730E-01  0.1276867E-02
  0.4089833333333E+02  0.8850963E+00  0.3497001E-02 -0.5173334E-01  0.3910708E-03  0.9558992E-01  0.1278470E-02
  0.4093166666667E+02  0.8852129E+00  0.3498400E-02 -0.5172028E-01  0.3916079E-03  0.9563259E-01  0.1280095E-02
  0.4096500000000E+02  0.8853296E+00  0.3499857E-02 -0.5170721E-01  0.3921486E-03  0.9567531E-01  0.1281743E-02
  0.4099833333333E+02  0.8854463E+00  0.3501373E-02 -0.5169412E-01  0.3926929E-03  0.9571809E-01  0.1283413E-02
  0.4103166666667E+02  0.8855631E+00  0.3502947E-02 -0.5168101E-01  0.3932406E-03  0.9576093E-01  0.1285105E-02
  0.4106500000000E+02  0.8856799E+00  0.3504579E-02 -0.5166789E-01  0.3937917E-03  0.9580382E-01  0.1286819E-02
  0.4109833333333E+02  0.8857968E+00  0.3506269E-02 -0.5165474E-01  0.3943463E-03  0.9584677E-01  0.1288555E-02
  0.4113166666667E+02  0.8859137E+00  0.3508016E-02 -0.5164158E-01  0.3949043E-03  0.9588978E-01  0.1290314E-02
  0.4116500000000E+02  0.8860307E+00  0.3509821E-02 -0.5162840E-01  0.3954657E-03  0.9593285E-01  0.1292094E-02
  0.4119833333333E+02  0.8861478E+00  0.3511683E-02 -0.5161520E-01  0.3960304E-03  0.9597598E-01  0.1293896E-02
  0.4123166666667E+02  0.8862649E+00  0.3513601E-02 -0.5160198E-01  0.3965985E-03  0.9601917E-01  0.1295720E-02
  0.4126500000000E+02  0.8863821E+00  0.3515577E-02 -0.5158874E-01  0.3971699E-03  0.9606243E-01  0.1297566E-02
  0.4129833333333E+02  0.8864993E+00  0.3517608E-02 -0.5157548E-01  0.3977445E-03  0.9610574E-01  0.1299434E-02
  0.4133166666667E+02  0.8866166E+00  0.3519696E-02 -0.5156220E-01  0.3983224E-03  0.9614912E-01  0.1301323E-02
  0.4136500000000E+02  0.8867340E+00  0.3521841E-02 -0.5154890E-01  0.3989035E-03  0.9619256E-01  0.1303233E-02
  0.4139833333333E+02  0.8868515E+00  0.3524041E-02 -0.5153559E-01  0.3994879E-03  0.9623606E-01  0.1305166E-02
  0.4143166666667E+02  0.8869690E+00  0.3526297E-02 -0.5152225E-01  0.4000754E-03  0.9627964E-01  0.1307119E-02
  0.4146500000000E+02  0.8870867E+00  0.3528608E-02 -0.5150890E-01  0.4006661E-03  0.9632327E-01  0.1309094E-02
  0.4149833333333E+02  0.8872044E+00  0.3530975E-02 -0.5149552E-01  0.4012599E-03  0.9636697E-01  0.1311091E-02
  0.4153166666667E+02  0.8873221E+00  0.3533398E-02 -0.5148213E-01  0.4018569E-03  0.9641074E-01  0.1313109E-02
  0.4156500000000E+02  0.8874400E+00  0.3535875E-02 -0.5146871E-01  0.4024569E-03  0.9645458E-01  0.1315148E-02
  0.4159833333333E+02  0.8875580E+00  0.3538408E-02 -0.5145528E-01  0.4030601E-03  0.9649849E-01  0.1317209E-02
  0.4163166666667E+02  0.8876760E+00  0.3540995E-02 -0.5144182E-01  0.4036663E-03  0.9654247E-01  0.1319291E-02
  0.4166500000000E+02  0.8877941E+00  0.3543638E-02 -0.5142834E-01  0.4042755E-03  0.9658651E-01  0.1321394E-02
  0.4169833333333E+02  0.8879123E+00  0.3546335E-02 -0.5141485E-01  0.4048878E-03  0.9663063E-01  0.1323518E-02
  0.4173166666667E+02  0.8880306E+00  0.3549087E-02 -0.5140133E-01  0.4055031E-03  0.9667482E-01  0.1325663E-02
  0.4176500000000E+02  0.8881490E+00  0.3551893E-02 -0.5138779E-01  0.4061214E-03  0.9671908E-01  0.1327830E-02
  0.4179833333333E+02  0.8882675E+00  0.3554754E-02 -0.5137424E-01  0.4067426E-03  0.9676341E-01  0.1330017E-02
  0.4183166666667E+02  0.8883861E+00  0.3557669E-02 -0.5136066E-01  0.4073669E-03  0.9680782E-01  0.1332226E-02
  0.4186500000000E+02  0.8885048E+00  0.3560638E-02 -0.5134706E-01  0.4079940E-03  0.9685230E-01  0.1334456E-02
  0.4189833333333E+02  0.8886236E+00  0.3563662E-02 -0.5133344E-01  0.4086241E-03  0.9689686E-01  0.1336706E-02
  0.4193166666667E+02  0.8887425E+00  0.3566740E-02 -0.5131979E-01  0.4092572E-03  0.9694149E-01  0.1338978E-02
  0.4196500000000E+02  0.8888615E+00  0.3569871E-02 -0.5130613E-01  0.4098931E-03  0.9698620E-01  0.1341271E-02
  0.4199833333333E+02  0.8889806E+00  0.3573057E-02 -0.5129245E-01  0.4105319E-03  0.9703099E-01  0.1343585E-02
  0.4203166666667E+02  0.8890998E+00  0.3576297E-02 -0.5127874E-01  0.4111736E-03  0.9707585E-01  0.1345920E-02
  0.4206500000000E+02  0.8892191E+00  0.3579591E-02 -0.5126501E-01  0.4118181E-03  0.9712079E-01  0.1348276E-02
  0.4209833333333E+02  0.8893385E+00  0.3582938E-02 -0.5125127E-01  0.4124655E-03  0.9716582E-01  0.1350653E-02
  0.4213166666667E+02  0.8894581E+00  0.3586340E-02 -0.5123749E-01  0.4131157E-03  0.9721092E-01  0.1353051E-02
  0.4216500000000E+02  0.8895777E+00  0.3589795E-02 -0.5122370E-01  0.4137688E-03  0.9725610E-01  0.1355470E-02
  0.4219833333333E+02  0.8896975E+00  0.3593304E-02 -0.5120989E-01  0.4144247E-03  0.9730136E-01  0.1357910E-02
  0.4223166666667E+02  0.8898174E+00  0.3596867E-02 -0.5119605E-01  0.4150833E-03  0.9734671E-01  0.1360371E-02
  0.4226500000000E+02  0.8899374E+00  0.3600484E-02 -0.5118219E-01  0.4157448E-03  0.9739214E-01  0.1362853E-02
  0.4229833333333E+02  0.8900576E+00  0.3604155E-02 -0.5116831E-01  0.4164090E-03  0.9743765E-01  0.1365356E-02
  0.4233166666667E+02  0.8901778E+00  0.3607879E-02 -0.5115441E-01  0.4170760E-03  0.9748325E-01  0.1367880E-02
  0.4236500000000E+02  0.8902982E+00  0.3611657E-02 -0.5114049E-01  0.4177458E-03  0.9752893E-01  0.1370425E-02
  0.4239833333333E+02  0.8904187E+00  0.3615489E-02 -0.5112654E-01  0.4184183E-03  0.9757469E-01  0.1372992E-02
  0.4243166666667E+02  0.8905394E+00  0.3619375E-02 -0.5111257E-01  0.4190936E-03  0.9762055E-01  0.1375579E-02
  0.4246500000000E+02  0.8906601E+00  0.3623315E-02 -0.5109858E-01  0.4197716E-03  0.9766649E-01  0.1378188E-02
  0.4249833333333E+02  0.8907811E+00  0.3627308E-02 -0.5108456E-01  0.4204523E-03  0.9771251E-01  0.1380817E-02
  0.4253166666667E+02  0.8909021E+00  0.3631356E-02 -0.5107052E-01  0.4211357E-03  0.9775863E-01  0.1383468E-02
  0.4256500000000E+02  0.8910233E+00  0.3635457E-02 -0.5105646E-01  0.4218218E-03  0.9780483E-01  0.1386140E-02
  0.4259833333333E+02  0.8911446E+00  0.3639613E-02 -0.5104238E-01  0.4225107E-03  0.9785113E-01  0.1388834E-02
  0.4263166666667E+02  0.8912661E+00  0.3643823E-02 -0.5102827E-01  0.4232022E-03  0.9789751E-01  0.1391548E-02
  0.4266500000000E+02  0.8913877E+00  0.3648086E-02 -0.5101414E-01  0.4238964E-03  0.9794399E-01  0.1394284E-02
  0.4269833333333E+02  0.8915094E+00  0.3652404E-02 -0.5099999E-01  0.4245934E-03  0.9799056E-01  0.1397041E-02
  0.4273166666667E+02  0.8916313E+00  0.3656776E-02 -0.5098581E-01  0.4252929E-03  0.9803722E-01  0.1399820E-02
  0.4276500000000E+02  0.8917533E+00  0.3661203E-02 -0.5097161E-01  0.4259952E-03  0.9808397E-01  0.1402620E-02
  0.4279833333333E+02  0.8918755E+00  0.3665683E-02 -0.5095739E-01  0.4267001E-03  0.9813082E-01  0.1405441E-02
  0.4283166666667E+02  0.8919979E+00  0.3670219E-02 -0.5094314E-01  0.4274077E-03  0.9817776E-01  0.1408284E-02
  0.4286500000000E+02  0.8921204E+00  0.3674808E-02 -0.5092887E-01  0.4281179E-03  0.9822480E-01  0.1411149E-02
  0.4289833333333E+02  0.8922430E+00  0.3679453E-02 -0.5091458E-01  0.4288308E-03  0.9827193E-01  0.1414035E-02
  0.4293166666667E+02  0.8923658E+00  0.3684152E-02 -0.5090026E-01  0.4295463E-03  0.9831917E-01  0.1416943E-02
  0.4296500000000E+02  0.8924888E+00  0.3688906E-02 -0.5088592E-01  0.4302644E-03  0.9836650E-01  0.1419872E-02
  0.4299833333333E+02  0.8926119E+00  0.3693715E-02 -0.5087155E-01  0.4309852E-03  0.9841392E-01  0.1422824E-02
  0.4303166666667E+02  0.8927352E+00  0.3698578E-02 -0.5085716E-01  0.4317087E-03  0.9846145E-01  0.1425797E-02
  0.4306500000000E+02  0.8928586E+00  0.3703497E-02 -0.5084275E-01  0.4324347E-03  0.9850908E-01  0.1428792E-02
  0.4309833333333E+02  0.8929823E+00  0.3708472E-02 -0.5082831E-01  0.4331634E-03  0.9855680E-01  0.1431808E-02
  0.4313166666667E+02  0.8931060E+00  0.3713501E-02 -0.5081384E-01  0.4338947E-03  0.9860463E-01  0.1434847E-02
  0.4316500000000E+02  0.8932300E+00  0.3718586E-02 -0.5079936E-01  0.4346287E-03  0.9865256E-01  0.1437908E-02
  0.4319833333333E+02  0.8933541E+00  0.3723727E-02 -0.5078485E-01  0.4353652E-03  0.9870059E-01  0.1440991E-02
  0.4323166666667E+02  0.8934784E+00  0.3728923E-02 -0.5077031E-01  0.4361044E-03  0.9874873E-01  0.1444097E-02
  0.4326500000000E+02  0.8936029E+00  0.3734175E-02 -0.5075575E-01  0.4368462E-03  0.9879697E-01  0.1447224E-02
  0.4329833333333E+02  0.8937275E+00  0.3739483E-02 -0.5074116E-01  0.4375906E-03  0.9884532E-01  0.1450374E-02
  0.4333166666667E+02  0.8938524E+00  0.3744847E-02 -0.5072655E-01  0.4383377E-03  0.9889377E-01  0.1453546E-02
  0.4336500000000E+02  0.8939774E+00  0.3750268E-02 -0.5071191E-01  0.4390873E-03  0.9894233E-01  0.1456741E-02
  0.4339833333333E+02  0.8941026E+00  0.3755745E-02 -0.5069725E-01  0.4398396E-03  0.9899099E-01  0.1459958E-02
  0.4343166666667E+02  0.8942279E+00  0.3761278E-02 -0.5068257E-01  0.4405945E-03  0.9903977E-01  0.1463198E-02
  0.4346500000000E+02  0.8943535E+00  0.3766868E-02 -0.5066785E-01  0.4413520E-03  0.9908865E-01  0.1466461E-02
  0.4349833333333E+02  0.8944793E+00  0.3772515E-02 -0.5065312E-01  0.4421121E-03  0.9913764E-01  0.1469746E-02
  0.4353166666667E+02  0.8946052E+00  0.3778219E-02 -0.5063835E-01  0.4428748E-03  0.9918674E-01  0.1473055E-02
  0.4356500000000E+02  0.8947313E+00  0.3783981E-02 -0.5062357E-01  0.4436402E-03  0.9923595E-01  0.1476386E-02
  0.4359833333333E+02  0.8948577E+00  0.3789799E-02 -0.5060875E-01  0.4444081E-03  0.9928528E-01  0.1479740E-02
  0.4363166666667E+02  0.8949842E+00  0.3795675E-02 -0.5059391E-01  0.4451787E-03  0.9933472E-01  0.1483118E-02
  0.4366500000000E+02  0.8951109E+00  0.3801609E-02 -0.5057905E-01  0.4459520E-03  0.9938427E-01  0.1486519E-02
  0.4369833333333E+02  0.8952378E+00  0.3807601E-02 -0.5056416E-01  0.4467278E-03  0.9943393E-01  0.1489943E-02
  0.4373166666667E+02  0.8953649E+00  0.3813651E-02 -0.5054924E-01  0.4475063E-03  0.9948371E-01  0.1493390E-02
  0.4376500000000E+02  0.8954923E+00  0.3819759E-02 -0.5053430E-01  0.4482874E-03  0.9953361E-01  0.1496861E-02
  0.4379833333333E+02  0.8956198E+00  0.3825925E-02 -0.5051933E-01  0.4490712E-03  0.9958362E-01  0.1500356E-02
  0.4383166666667E+02  0.8957475E+00  0.3832150E-02 -0.5050433E-01  0.4498576E-03  0.9963375E-01  0.1503874E-02
  0.4386500000000E+02  0.8958755E+00  0.3838434E-02 -0.5048931E-01  0.4506466E-03  0.9968399E-01  0.1507417E-02
  0.4389833333333E+02  0.8960036E+00  0.3844777E-02 -0.5047426E-01  0.4514383E-03  0.9973436E-01  0.1510983E-02
  0.4393166666667E+02  0.8961320E+00  0.3851179E-02 -0.5045919E-01  0.4522327E-03  0.9978485E-01  0.1514573E-02
  0.4396500000000E+02  0.8962606E+00  0.3857640E-02 -0.5044409E-01  0.4530297E-03  0.9983545E-01  0.1518187E-02
  0.4399833333333E+02  0.8963894E+00  0.3864161E-02 -0.5042896E-01  0.4538293E-03  0.9988618E-01  0.1521826E-02
  0.4403166666667E+02  0.8965184E+00  0.3870742E-02 -0.5041381E-01  0.4546317E-03  0.9993703E-01  0.1525489E-02
  0.4406500000000E+02  0.8966477E+00  0.3877382E-02 -0.5039862E-01  0.4554367E-03  0.9998800E-01  0.1529176E-02
  0.4409833333333E+02  0.8967772E+00  0.3884083E-02 -0.5038342E-01  0.4562444E-03  0.1000391E+00  0.1532888E-02
  0.4413166666667E+02  0.8969068E+00  0.3890844E-02 -0.5036818E-01  0.4570548E-03  0.1000903E+00  0.1536624E-02
  0.4416500000000E+02  0.8970368E+00  0.3897666E-02 -0.5035292E-01  0.4578679E-03  0.1001417E+00  0.1540386E-02
  0.4419833333333E+02  0.8971669E+00  0.3904549E-02 -0.5033763E-01  0.4586837E-03  0.1001931E+00  0.1544172E-02
  0.4423166666667E+02  0.8972973E+00  0.3911493E-02 -0.5032231E-01  0.4595022E-03  0.1002447E+00  0.1547983E-02
  0.4426500000000E+02  0.8974279E+00  0.3918498E-02 -0.5030697E-01  0.4603234E-03  0.1002965E+00  0.1551819E-02
  0.4429833333333E+02  0.8975588E+00  0.3925565E-02 -0.5029160E-01  0.4611473E-03  0.1003483E+00  0.1555681E-02
  0.4433166666667E+02  0.8976899E+00  0.3932693E-02 -0.5027620E-01  0.4619740E-03  0.1004003E+00  0.1559568E-02
  0.4436500000000E+02  0.8978212E+00  0.3939884E-02 -0.5026077E-01  0.4628034E-03  0.1004524E+00  0.1563481E-02
  0.4439833333333E+02  0.8979528E+00  0.3947136E-02 -0.5024532E-01  0.4636356E-03  0.1005047E+00  0.1567419E-02
  0.4443166666667E+02  0.8980846E+00  0.3954451E-02 -0.5022983E-01  0.4644705E-03  0.1005570E+00  0.1571383E-02
  0.4446500000000E+02  0.8982166E+00  0.3961829E-02 -0.5021432E-01  0.4653082E-03  0.1006096E+00  0.1575372E-02
  0.4449833333333E+02  0.8983489E+00  0.3969269E-02 -0.5019879E-01  0.4661487E-03  0.1006622E+00  0.1579388E-02
  0.4453166666667E+02  0.8984815E+00  0.3976773E-02 -0.5018322E-01  0.4669920E-03  0.1007150E+00  0.1583430E-02
  0.4456500000000E+02  0.8986143E+00  0.3984340E-02 -0.5016762E-01  0.4678381E-03  0.1007679E+00  0.1587498E-02
  0.4459833333333E+02  0.8987474E+00  0.3991970E-02 -0.5015200E-01  0.4686870E-03  0.1008210E+00  0.1591592E-02
  0.4463166666667E+02  0.8988807E+00  0.3999665E-02 -0.5013635E-01  0.4695387E-03  0.1008741E+00  0.1595713E-02
  0.4466500000000E+02  0.8990143E+00  0.4007423E-02 -0.5012067E-01  0.4703933E-03  0.1009275E+00  0.1599861E-02
  0.4469833333333E+02  0.8991481E+00  0.4015246E-02 -0.5010496E-01  0.4712507E-03  0.1009809E+00  0.1604036E-02
  0.4473166666667E+02  0.8992822E+00  0.4023134E-02 -0.5008923E-01  0.4721110E-03  0.1010346E+00  0.1608237E-02
  0.4476500000000E+02  0.8994166E+00  0.4031086E-02 -0.5007346E-01  0.4729742E-03  0.1010883E+00  0.1612465E-02
  0.4479833333333E+02  0.8995512E+00  0.4039104E-02 -0.5005766E-01  0.4738403E-03  0.1011422E+00  0.1616721E-02
  0.4483166666667E+02  0.8996861E+00  0.4047186E-02 -0.5004184E-01  0.4747092E-03  0.1011962E+00  0.1621004E-02
  0.4486500000000E+02  0.8998213E+00  0.4055335E-02 -0.5002599E-01  0.4755811E-03  0.1012504E+00  0.1625314E-02
  0.4489833333333E+02  0.8999568E+00  0.4063549E-02 -0.5001011E-01  0.4764560E-03  0.1013047E+00  0.1629652E-02
  0.4493166666667E+02  0.9000925E+00  0.4071830E-02 -0.4999420E-01  0.4773337E-03  0.1013592E+00  0.1634018E-02
  0.4496500000000E+02  0.9002285E+00  0.4080177E-02 -0.4997826E-01  0.4782145E-03  0.1014138E+00  0.1638412E-02
  0.4499833333333E+02  0.9003648E+00  0.4088590E-02 -0.4996229E-01  0.4790982E-03  0.1014686E+00  0.1642834E-02
  0.4503166666667E+02  0.9005014E+00  0.4097071E-02 -0.4994629E-01  0.4799849E-03  0.1015235E+00  0.1647284E-02
  0.4506500000000E+02  0.9006382E+00  0.4105618E-02 -0.4993026E-01  0.4808747E-03  0.1015785E+00  0.1651762E-02
  0.4509833333333E+02  0.9007754E+00  0.4114234E-02 -0.4991420E-01  0.4817675E-03  0.1016337E+00  0.1656268E-02
  0.4513166666667E+02  0.9009128E+00  0.4122917E-02 -0.4989811E-01  0.4826633E-03  0.1016891E+00  0.1660804E-02
  0.4516500000000E+02  0.9010505E+00  0.4131668E-02 -0.4988199E-01  0.4835622E-03  0.1017446E+00  0.1665368E-02
  0.4519833333333E+02  0.9011885E+00  0.4140487E-02 -0.4986584E-01  0.4844642E-03  0.1018003E+00  0.1669961E-02
  0.4523166666667E+02  0.9013268E+00  0.4149375E-02 -0.4984966E-01  0.4853693E-03  0.1018561E+00  0.1674583E-02
  0.4526500000000E+02  0.9014655E+00  0.4158331E-02 -0.4983345E-01  0.4862775E-03  0.1019121E+00  0.1679234E-02
  0.4529833333333E+02  0.9016044E+00  0.4167357E-02 -0.4981721E-01  0.4871889E-03  0.1019682E+00  0.1683915E-02
  0.4533166666667E+02  0.9017436E+00  0.4176452E-02 -0.4980094E-01  0.4881034E-03  0.1020245E+00  0.1688625E-02
  0.4536500000000E+02  0.9018831E+00  0.4185617E-02 -0.4978464E-01  0.4890211E-03  0.1020809E+00  0.1693365E-02
  0.4539833333333E+02  0.9020229E+00  0.4194852E-02 -0.4976831E-01  0.4899421E-03  0.1021375E+00  0.1698135E-02
  0.4543166666667E+02  0.9021631E+00  0.4204157E-02 -0.4975195E-01  0.4908662E-03  0.1021943E+00  0.1702935E-02
  0.4546500000000E+02  0.9023035E+00  0.4213533E-02 -0.4973556E-01  0.4917937E-03  0.1022512E+00  0.1707765E-02
  0.4549833333333E+02  0.9024443E+00  0.4222980E-02 -0.4971913E-01  0.4927243E-03  0.1023083E+00  0.1712625E-02
  0.4553166666667E+02  0.9025854E+00  0.4232498E-02 -0.4970268E-01  0.4936583E-03  0.1023656E+00  0.1717516E-02
  0.4556500000000E+02  0.9027268E+00  0.4242087E-02 -0.4968619E-01  0.4945957E-03  0.1024230E+00  0.1722437E-02
  0.4559833333333E+02  0.9028685E+00  0.4251748E-02 -0.4966967E-01  0.4955363E-03  0.1024806E+00  0.1727389E-02
  0.4563166666667E+02  0.9030105E+00  0.4261481E-02 -0.4965312E-01  0.4964804E-03  0.1025383E+00  0.1732372E-02
  0.4566500000000E+02  0.9031529E+00  0.4271286E-02 -0.4963654E-01  0.4974278E-03  0.1025962E+00  0.1737386E-02
  0.4569833333333E+02  0.9032956E+00  0.4281164E-02 -0.4961993E-01  0.4983786E-03  0.1026543E+00  0.1742432E-02
  0.4573166666667E+02  0.9034387E+00  0.4291115E-02 -0.4960328E-01  0.4993329E-03  0.1027126E+00  0.1747509E-02
  0.4576500000000E+02  0.9035820E+00  0.4301140E-02 -0.4958661E-01  0.5002907E-03  0.1027710E+00  0.1752617E-02
  0.4579833333333E+02  0.9037257E+00  0.4311237E-02 -0.4956990E-01  0.5012520E-03  0.1028296E+00  0.1757757E-02
  0.4583166666667E+02  0.9038698E+00  0.4321409E-02 -0.4955316E-01  0.5022168E-03  0.1028883E+00  0.1762930E-02
  0.4586500000000E+02  0.9040142E+00  0.4331655E-02 -0.4953639E-01  0.5031851E-03  0.1029473E+00  0.1768134E-02
  0.4589833333333E+02  0.9041589E+00  0.4341976E-02 -0.4951958E-01  0.5041571E-03  0.1030064E+00  0.1773371E-02
  0.4593166666667E+02  0.9043040E+00  0.4352371E-02 -0.4950274E-01  0.5051326E-03  0.1030657E+00  0.1778640E-02
  0.4596500000000E+02  0.9044494E+00  0.4362842E-02 -0.4948587E-01  0.5061118E-03  0.1031251E+00  0.1783942E-02
  0.4599833333333E+02  0.9045952E+00  0.4373388E-02 -0.4946897E-01  0.5070946E-03  0.1031848E+00  0.1789276E-02
  0.4603166666667E+02  0.9047413E+00  0.4384009E-02 -0.4945203E-01  0.5080812E-03  0.1032446E+00  0.1794644E-02
  0.4606500000000E+02  0.9048878E+00  0.4394707E-02 -0.4943506E-01  0.5090715E-03  0.1033046E+00  0.1800044E-02
  0.4609833333333E+02  0.9050347E+00  0.4405482E-02 -0.4941806E-01  0.5100655E-03  0.1033648E+00  0.1805478E-02
  0.4613166666667E+02  0.9051819E+00  0.4416333E-02 -0.4940103E-01  0.5110633E-03  0.1034251E+00  0.1810946E-02
  0.4616500000000E+02  0.9053295E+00  0.4427262E-02 -0.4938396E-01  0.5120650E-03  0.1034857E+00  0.1816447E-02
  0.4619833333333E+02  0.9054774E+00  0.4438268E-02 -0.4936686E-01  0.5130705E-03  0.1035464E+00  0.1821982E-02
  0.4623166666667E+02  0.9056257E+00  0.4449352E-02 -0.4934972E-01  0.5140798E-03  0.1036073E+00  0.1827551E-02
  0.4626500000000E+02  0.9057744E+00  0.4460514E-02 -0.4933255E-01  0.5150931E-03  0.1036685E+00  0.1833154E-02
  0.4629833333333E+02  0.9059235E+00  0.4471754E-02 -0.4931535E-01  0.5161104E-03  0.1037297E+00  0.1838792E-02
  0.4633166666667E+02  0.9060729E+00  0.4483074E-02 -0.4929811E-01  0.5171316E-03  0.1037912E+00  0.1844464E-02
  0.4636500000000E+02  0.9062227E+00  0.4494473E-02 -0.4928084E-01  0.5181568E-03  0.1038529E+00  0.1850171E-02
  0.4639833333333E+02  0.9063729E+00  0.4505951E-02 -0.4926353E-01  0.5191861E-03  0.1039148E+00  0.1855913E-02
  0.4643166666667E+02  0.9065235E+00  0.4517510E-02 -0.4924619E-01  0.5202195E-03  0.1039768E+00  0.1861690E-02
  0.4646500000000E+02  0.9066745E+00  0.4529149E-02 -0.4922882E-01  0.5212569E-03  0.1040391E+00  0.1867503E-02
  0.4649833333333E+02  0.9068258E+00  0.4540868E-02 -0.4921141E-01  0.5222986E-03  0.1041015E+00  0.1873351E-02
  0.4653166666667E+02  0.9069776E+00  0.4552669E-02 -0.4919396E-01  0.5233444E-03  0.1041642E+00  0.1879234E-02
  0.4656500000000E+02  0.9071297E+00  0.4564551E-02 -0.4917648E-01  0.5243944E-03  0.1042270E+00  0.1885154E-02
  0.4659833333333E+02  0.9072823E+00  0.4576515E-02 -0.4915897E-01  0.5254487E-03  0.1042900E+00  0.1891110E-02
  0.4663166666667E+02  0.9074352E+00  0.4588562E-02 -0.4914142E-01  0.5265073E-03  0.1043533E+00  0.1897102E-02
  0.4666500000000E+02  0.9075886E+00  0.4600691E-02 -0.4912383E-01  0.5275702E-03  0.1044167E+00  0.1903130E-02
  0.4669833333333E+02  0.9077424E+00  0.4612903E-02 -0.4910621E-01  0.5286375E-03  0.1044803E+00  0.1909195E-02
  0.4673166666667E+02  0.9078965E+00  0.4625199E-02 -0.4908855E-01  0.5297092E-03  0.1045442E+00  0.1915297E-02
  0.4676500000000E+02  0.9080511E+00  0.4637579E-02 -0.4907086E-01  0.5307853E-03  0.1046082E+00  0.1921437E-02
  0.4679833333333E+02  0.9082061E+00  0.4650043E-02 -0.4905313E-01  0.5318659E-03  0.1046725E+00  0.1927613E-02
  0.4683166666667E+02  0.9083615E+00  0.4662592E-02 -0.4903536E-01  0.5329510E-03  0.1047370E+00  0.1933827E-02
  0.4686500000000E+02  0.9085174E+00  0.4675225E-02 -0.4901756E-01  0.5340407E-03  0.1048016E+00  0.1940079E-02
  0.4689833333333E+02  0.9086736E+00  0.4687945E-02 -0.4899973E-01  0.5351350E-03  0.1048665E+00  0.1946368E-02
  0.4693166666667E+02  0.9088303E+00  0.4700750E-02 -0.4898185E-01  0.5362339E-03  0.1049316E+00  0.1952696E-02
  0.4696500000000E+02  0.9089874E+00  0.4713642E-02 -0.4896394E-01  0.5373375E-03  0.1049969E+00  0.1959062E-02
  0.4699833333333E+02  0.9091450E+00  0.4726621E-02 -0.4894599E-01  0.5384458E-03  0.1050624E+00  0.1965467E-02
  0.4703166666667E+02  0.9093030E+00  0.4739688E-02 -0.4892801E-01  0.5395588E-03  0.1051281E+00  0.1971910E-02
  0.4706500000000E+02  0.9094614E+00  0.4752842E-02 -0.4890998E-01  0.5406766E-03  0.1051941E+00  0.1978393E-02
  0.4709833333333E+02  0.9096203E+00  0.4766084E-02 -0.4889192E-01  0.5417993E-03  0.1052602E+00  0.1984914E-02
  0.4713166666667E+02  0.9097796E+00  0.4779415E-02 -0.4887383E-01  0.5429269E-03  0.1053266E+00  0.1991475E-02
  0.4716500000000E+02  0.9099394E+00  0.4792836E-02 -0.4885569E-01  0.5440593E-03  0.1053932E+00  0.1998076E-02
  0.4719833333333E+02  0.9100996E+00  0.4806346E-02 -0.4883752E-01  0.5451968E-03  0.1054601E+00  0.2004716E-02
  0.4723166666667E+02  0.9102602E+00  0.4819946E-02 -0.4881931E-01  0.5463392E-03  0.1055271E+00  0.2011397E-02
  0.4726500000000E+02  0.9104214E+00  0.4833637E-02 -0.4880106E-01  0.5474867E-03  0.1055944E+00  0.2018118E-02
  0.4729833333333E+02  0.9105829E+00  0.4847419E-02 -0.4878277E-01  0.5486393E-03  0.1056619E+00  0.2024879E-02
  0.4733166666667E+02  0.9107450E+00  0.4861293E-02 -0.4876444E-01  0.5497970E-03  0.1057296E+00  0.2031681E-02
  0.4736500000000E+02  0.9109075E+00  0.4875259E-02 -0.4874608E-01  0.5509599E-03  0.1057975E+00  0.2038524E-02
  0.4739833333333E+02  0.9110705E+00  0.4889317E-02 -0.4872767E-01  0.5521280E-03  0.1058657E+00  0.2045408E-02
  0.4743166666667E+02  0.9112339E+00  0.4903469E-02 -0.4870923E-01  0.5533014E-03  0.1059341E+00  0.2052334E-02
  0.4746500000000E+02  0.9113978E+00  0.4917715E-02 -0.4869075E-01  0.5544801E-03  0.1060028E+00  0.2059302E-02
  0.4749833333333E+02  0.9115622E+00  0.4932055E-02 -0.4867222E-01  0.5556642E-03  0.1060717E+00  0.2066311E-02
  0.4753166666667E+02  0.9117271E+00  0.4946490E-02 -0.4865366E-01  0.5568537E-03  0.1061408E+00  0.2073362E-02
  0.4756500000000E+02  0.9118925E+00  0.4961020E-02 -0.4863506E-01  0.5580487E-03  0.1062101E+00  0.2080456E-02
  0.4759833333333E+02  0.9120584E+00  0.4975646E-02 -0.4861642E-01  0.5592491E-03  0.1062797E+00  0.2087593E-02
  0.4763166666667E+02  0.9122247E+00  0.4990369E-02 -0.4859774E-01  0.5604551E-03  0.1063495E+00  0.2094772E-02
  0.4766500000000E+02  0.9123915E+00  0.5005189E-02 -0.4857902E-01  0.5616668E-03  0.1064196E+00  0.2101995E-02
  0.4769833333333E+02  0.9125589E+00  0.5020107E-02 -0.4856025E-01  0.5628840E-03  0.1064899E+00  0.2109260E-02
  0.4773166666667E+02  0.9127267E+00  0.5035123E-02 -0.4854145E-01  0.5641070E-03  0.1065605E+00  0.2116570E-02
  0.4776500000000E+02  0.9128951E+00  0.5050237E-02 -0.4852260E-01  0.5653357E-03  0.1066313E+00  0.2123923E-02
  0.4779833333333E+02  0.9130639E+00  0.5065452E-02 -0.4850372E-01  0.5665702E-03  0.1067023E+00  0.2131321E-02
  0.4783166666667E+02  0.9132333E+00  0.5080766E-02 -0.4848479E-01  0.5678106E-03  0.1067736E+00  0.2138763E-02
  0.4786500000000E+02  0.9134031E+00  0.5096182E-02 -0.4846582E-01  0.5690568E-03  0.1068451E+00  0.2146249E-02
  0.4789833333333E+02  0.9135735E+00  0.5111698E-02 -0.4844681E-01  0.5703090E-03  0.1069169E+00  0.2153781E-02
  0.4793166666667E+02  0.9137444E+00  0.5127317E-02 -0.4842776E-01  0.5715671E-03  0.1069890E+00  0.2161357E-02
  0.4796500000000E+02  0.9139159E+00  0.5143039E-02 -0.4840867E-01  0.5728313E-03  0.1070613E+00  0.2168980E-02
  0.4799833333333E+02  0.9140878E+00  0.5158864E-02 -0.4838953E-01  0.5741016E-03  0.1071338E+00  0.2176648E-02
  0.4803166666667E+02  0.9142603E+00  0.5174794E-02 -0.4837035E-01  0.5753780E-03  0.1072066E+00  0.2184362E-02
  0.4806500000000E+02  0.9144334E+00  0.5190828E-02 -0.4835113E-01  0.5766606E-03  0.1072797E+00  0.2192122E-02
  0.4809833333333E+02  0.9146069E+00  0.5206968E-02 -0.4833186E-01  0.5779494E-03  0.1073530E+00  0.2199929E-02
  0.4813166666667E+02  0.9147810E+00  0.5223214E-02 -0.4831256E-01  0.5792444E-03  0.1074266E+00  0.2207782E-02
  0.4816500000000E+02  0.9149557E+00  0.5239567E-02 -0.4829320E-01  0.5805457E-03  0.1075005E+00  0.2215683E-02
  0.4819833333333E+02  0.9151309E+00  0.5256028E-02 -0.4827381E-01  0.5818534E-03  0.1075746E+00  0.2223632E-02
  0.4823166666667E+02  0.9153066E+00  0.5272598E-02 -0.4825437E-01  0.5831674E-03  0.1076490E+00  0.2231628E-02
  0.4826500000000E+02  0.9154829E+00  0.5289277E-02 -0.4823489E-01  0.5844879E-03  0.1077237E+00  0.2239673E-02
  0.4829833333333E+02  0.9156598E+00  0.5306067E-02 -0.4821536E-01  0.5858148E-03  0.1077986E+00  0.2247766E-02
  0.4833166666667E+02  0.9158372E+00  0.5322968E-02 -0.4819579E-01  0.5871482E-03  0.1078738E+00  0.2255907E-02
  0.4836500000000E+02  0.9160152E+00  0.5339980E-02 -0.4817617E-01  0.5884881E-03  0.1079492E+00  0.2264098E-02
  0.4839833333333E+02  0.9161938E+00  0.5357106E-02 -0.4815651E-01  0.5898346E-03  0.1080250E+00  0.2272339E-02
  0.4843166666667E+02  0.9163730E+00  0.5374345E-02 -0.4813680E-01  0.5911877E-03  0.1081010E+00  0.2280629E-02
  0.4846500000000E+02  0.9165527E+00  0.5391699E-02 -0.4811705E-01  0.5925474E-03  0.1081773E+00  0.2288969E-02
  0.4849833333333E+02  0.9167330E+00  0.5409169E-02 -0.4809726E-01  0.5939137E-03  0.1082539E+00  0.2297360E-02
  0.4853166666667E+02  0.9169139E+00  0.5426755E-02 -0.4807741E-01  0.5952866E-03  0.1083307E+00  0.2305802E-02
  0.4856500000000E+02  0.9170954E+00  0.5444458E-02 -0.4805752E-01  0.5966663E-03  0.1084079E+00  0.2314296E-02
  0.4859833333333E+02  0.9172774E+00  0.5462280E-02 -0.4803759E-01  0.5980526E-03  0.1084853E+00  0.2322841E-02
  0.4863166666667E+02  0.9174601E+00  0.5480222E-02 -0.4801761E-01  0.5994457E-03  0.1085630E+00  0.2331438E-02
  0.4866500000000E+02  0.9176434E+00  0.5498284E-02 -0.4799758E-01  0.6008455E-03  0.1086410E+00  0.2340088E-02
  0.4869833333333E+02  0.9178273E+00  0.5516468E-02 -0.4797750E-01  0.6022520E-03  0.1087193E+00  0.2348790E-02
  0.4873166666667E+02  0.9180118E+00  0.5534775E-02 -0.4795738E-01  0.6036653E-03  0.1087979E+00  0.2357546E-02
  0.4876500000000E+02  0.9181969E+00  0.5553205E-02 -0.4793721E-01  0.6050853E-03  0.1088768E+00  0.2366356E-02
  0.4879833333333E+02  0.9183826E+00  0.5571760E-02 -0.4791700E-01  0.6065121E-03  0.1089560E+00  0.2375220E-02
  0.4883166666667E+02  0.9185689E+00  0.5590441E-02 -0.4789673E-01  0.6079457E-03  0.1090354E+00  0.2384139E-02
  0.4886500000000E+02  0.9187559E+00  0.5609250E-02 -0.4787642E-01  0.6093860E-03  0.1091152E+00  0.2393113E-02
  0.4889833333333E+02  0.9189435E+00  0.5628187E-02 -0.4785606E-01  0.6108332E-03  0.1091953E+00  0.2402143E-02
  0.4893166666667E+02  0.9191318E+00  0.5647253E-02 -0.4783565E-01  0.6122870E-03  0.1092757E+00  0.2411229E-02
  0.4896500000000E+02  0.9193206E+00  0.5666450E-02 -0.4781519E-01  0.6137476E-03  0.1093563E+00  0.2420371E-02
  0.4899833333333E+02  0.9195102E+00  0.5685780E-02 -0.4779468E-01  0.6152150E-03  0.1094373E+00  0.2429571E-02
  0.4903166666667E+02  0.9197003E+00  0.5705243E-02 -0.4777412E-01  0.6166891E-03  0.1095186E+00  0.2438828E-02
  0.4906500000000E+02  0.9198912E+00  0.5724840E-02 -0.4775352E-01  0.6181699E-03  0.1096002E+00  0.2448143E-02
  0.4909833333333E+02  0.9200827E+00  0.5744573E-02 -0.4773286E-01  0.6196574E-03  0.1096821E+00  0.2457517E-02
  0.4913166666667E+02  0.9202748E+00  0.5764444E-02 -0.4771216E-01  0.6211516E-03  0.1097644E+00  0.2466950E-02
  0.4916500000000E+02  0.9204676E+00  0.5784453E-02 -0.4769140E-01  0.6226525E-03  0.1098469E+00  0.2476443E-02
  0.4919833333333E+02  0.9206611E+00  0.5804602E-02 -0.4767060E-01  0.6241601E-03  0.1099298E+00  0.2485996E-02
  0.4923166666667E+02  0.9208553E+00  0.5824892E-02 -0.4764974E-01  0.6256743E-03  0.1100130E+00  0.2495610E-02
  0.4926500000000E+02  0.9210501E+00  0.5845325E-02 -0.4762884E-01  0.6271951E-03  0.1100965E+00  0.2505286E-02
  0.4929833333333E+02  0.9212456E+00  0.5865903E-02 -0.4760788E-01  0.6287225E-03  0.1101803E+00  0.2515023E-02
  0.4933166666667E+02  0.9214419E+00  0.5886625E-02 -0.4758687E-01  0.6302565E-03  0.1102645E+00  0.2524823E-02
  0.4936500000000E+02  0.9216388E+00  0.5907495E-02 -0.4756581E-01  0.6317971E-03  0.1103490E+00  0.2534686E-02
  0.4939833333333E+02  0.9218364E+00  0.5928513E-02 -0.4754470E-01  0.6333442E-03  0.1104338E+00  0.2544613E-02
  0.4943166666667E+02  0.9220347E+00  0.5949681E-02 -0.4752354E-01  0.6348978E-03  0.1105189E+00  0.2554603E-02
  0.4946500000000E+02  0.9222338E+00  0.5970999E-02 -0.4750232E-01  0.6364579E-03  0.1106044E+00  0.2564659E-02
  0.4949833333333E+02  0.9224335E+00  0.5992471E-02 -0.4748105E-01  0.6380245E-03  0.1106903E+00  0.2574780E-02
  0.4953166666667E+02  0.9226340E+00  0.6014097E-02 -0.4745973E-01  0.6395976E-03  0.1107764E+00  0.2584968E-02
  0.4956500000000E+02  0.9228352E+00  0.6035879E-02 -0.4743836E-01  0.6411771E-03  0.1108629E+00  0.2595221E-02
  0.4959833333333E+02  0.9230371E+00  0.6057817E-02 -0.4741694E-01  0.6427630E-03  0.1109498E+00  0.2605542E-02
  0.4963166666667E+02  0.9232398E+00  0.6079914E-02 -0.4739546E-01  0.6443554E-03  0.1110370E+00  0.2615931E-02
  0.4966500000000E+02  0.9234432E+00  0.6102171E-02 -0.4737392E-01  0.6459541E-03  0.1111245E+00  0.2626388E-02
  0.4969833333333E+02  0.9236473E+00  0.6124590E-02 -0.4735234E-01  0.6475593E-03  0.1112124E+00  0.2636914E-02
  0.4973166666667E+02  0.9238522E+00  0.6147172E-02 -0.4733070E-01  0.6491708E-03  0.1113007E+00  0.2647510E-02
  0.4976500000000E+02  0.9240579E+00  0.6169918E-02 -0.4730901E-01  0.6507887E-03  0.1113893E+00  0.2658176E-02
  0.4979833333333E+02  0.9242643E+00  0.6192830E-02 -0.4728726E-01  0.6524130E-03  0.1114782E+00  0.2668913E-02
  0.4983166666667E+02  0.9244715E+00  0.6215910E-02 -0.4726546E-01  0.6540437E-03  0.1115676E+00  0.2679721E-02
  0.4986500000000E+02  0.9246795E+00  0.6239158E-02 -0.4724360E-01  0.6556808E-03  0.1116572E+00  0.2690601E-02
  0.4989833333333E+02  0.9248882E+00  0.6262577E-02 -0.4722169E-01  0.6573242E-03  0.1117473E+00  0.2701554E-02
  0.4993166666667E+02  0.9250978E+00  0.6286168E-02 -0.4719973E-01  0.6589740E-03  0.1118377E+00  0.2712579E-02
  0.4996500000000E+02  0.9253081E+00  0.6309932E-02 -0.4717771E-01  0.6606302E-03  0.1119285E+00  0.2723679E-02
  0.4999833333333E+02  0.9255192E+00  0.6333870E-02 -0.4715563E-01  0.6622928E-03  0.1120197E+00  0.2734853E-02
  0.5003166666667E+02  0.9257312E+00  0.6357985E-02 -0.4713350E-01  0.6639618E-03  0.1121112E+00  0.2746101E-02
  0.5006500000000E+02  0.9259439E+00  0.6382277E-02 -0.4711131E-01  0.6656372E-03  0.1122031E+00  0.2757426E-02
  0.5009833333333E+02  0.9261575E+00  0.6406748E-02 -0.4708906E-01  0.6673190E-03  0.1122954E+00  0.2768826E-02
  0.5013166666667E+02  0.9263719E+00  0.6431399E-02 -0.4706676E-01  0.6690073E-03  0.1123881E+00  0.2780303E-02
  0.5016500000000E+02  0.9265871E+00  0.6456232E-02 -0.4704441E-01  0.6707021E-03  0.1124812E+00  0.2791857E-02
  0.5019833333333E+02  0.9268031E+00  0.6481248E-02 -0.4702199E-01  0.6724034E-03  0.1125746E+00  0.2803488E-02
  0.5023166666667E+02  0.9270200E+00  0.6506448E-02 -0.4699952E-01  0.6741112E-03  0.1126684E+00  0.2815198E-02
  0.5026500000000E+02  0.9272377E+00  0.6531835E-02 -0.4697700E-01  0.6758255E-03  0.1127627E+00  0.2826987E-02
  0.5029833333333E+02  0.9274563E+00  0.6557408E-02 -0.4695441E-01  0.6775464E-03  0.1128573E+00  0.2838856E-02
  0.5033166666667E+02  0.9276757E+00  0.6583170E-02 -0.4693177E-01  0.6792738E-03  0.1129523E+00  0.2850804E-02
  0.5036500000000E+02  0.9278960E+00  0.6609122E-02 -0.4690907E-01  0.6810079E-03  0.1130478E+00  0.2862833E-02
  0.5039833333333E+02  0.9281172E+00  0.6635265E-02 -0.4688631E-01  0.6827486E-03  0.1131436E+00  0.2874943E-02
  0.5043166666667E+02  0.9283393E+00  0.6661600E-02 -0.4686349E-01  0.6844959E-03  0.1132398E+00  0.2887134E-02
  0.5046500000000E+02  0.9285622E+00  0.6688130E-02 -0.4684062E-01  0.6862500E-03  0.1133365E+00  0.2899408E-02
  0.5049833333333E+02  0.9287860E+00  0.6714854E-02 -0.4681769E-01  0.6880107E-03  0.1134335E+00  0.2911764E-02
  0.5053166666667E+02  0.9290108E+00  0.6741775E-02 -0.4679469E-01  0.6897781E-03  0.1135310E+00  0.2924204E-02
  0.5056500000000E+02  0.9292364E+00  0.6768893E-02 -0.4677164E-01  0.6915523E-03  0.1136289E+00  0.2936727E-02
  0.5059833333333E+02  0.9294629E+00  0.6796210E-02 -0.4674853E-01  0.6933333E-03  0.1137272E+00  0.2949335E-02
  0.5063166666667E+02  0.9296904E+00  0.6823727E-02 -0.4672536E-01  0.6951210E-03  0.1138259E+00  0.2962028E-02
  0.5066500000000E+02  0.9299188E+00  0.6851446E-02 -0.4670213E-01  0.6969155E-03  0.1139251E+00  0.2974806E-02
  0.5069833333333E+02  0.9301481E+00  0.6879367E-02 -0.4667884E-01  0.6987168E-03  0.1140247E+00  0.2987670E-02
  0.5073166666667E+02  0.9303783E+00  0.6907492E-02 -0.4665549E-01  0.7005250E-03  0.1141247E+00  0.3000620E-02
  0.5076500000000E+02  0.9306095E+00  0.6935822E-02 -0.4663208E-01  0.7023399E-03  0.1142252E+00  0.3013658E-02
  0.5079833333333E+02  0.9308417E+00  0.6964359E-02 -0.4660860E-01  0.7041617E-03  0.1143261E+00  0.3026783E-02
  0.5083166666667E+02  0.9310748E+00  0.6993102E-02 -0.4658507E-01  0.7059902E-03  0.1144274E+00  0.3039996E-02
  0.5086500000000E+02  0.9313088E+00  0.7022055E-02 -0.4656148E-01  0.7078256E-03  0.1145292E+00  0.3053298E-02
  0.5089833333333E+02  0.9315439E+00  0.7051217E-02 -0.4653782E-01  0.7096678E-03  0.1146314E+00  0.3066688E-02
  0.5093166666667E+02  0.9317799E+00  0.7080590E-02 -0.4651410E-01  0.7115167E-03  0.1147341E+00  0.3080169E-02
  0.5096500000000E+02  0.9320169E+00  0.7110175E-02 -0.4649032E-01  0.7133725E-03  0.1148372E+00  0.3093740E-02
  0.5099833333333E+02  0.9322549E+00  0.7139974E-02 -0.4646648E-01  0.7152349E-03  0.1149408E+00  0.3107401E-02
  0.5103166666667E+02  0.9324939E+00  0.7169987E-02 -0.4644258E-01  0.7171041E-03  0.1150448E+00  0.3121154E-02
  0.5106500000000E+02  0.9327339E+00  0.7200215E-02 -0.4641861E-01  0.7189799E-03  0.1151493E+00  0.3134998E-02
  0.5109833333333E+02  0.9329749E+00  0.7230660E-02 -0.4639459E-01  0.7208624E-03  0.1152543E+00  0.3148935E-02
  0.5113166666667E+02  0.9332170E+00  0.7261323E-02 -0.4637049E-01  0.7227514E-03  0.1153597E+00  0.3162964E-02
  0.5116500000000E+02  0.9334600E+00  0.7292205E-02 -0.4634634E-01  0.7246470E-03  0.1154656E+00  0.3177087E-02
  0.5119833333333E+02  0.9337042E+00  0.7323306E-02 -0.4632212E-01  0.7265490E-03  0.1155720E+00  0.3191303E-02
  0.5123166666667E+02  0.9339493E+00  0.7354629E-02 -0.4629784E-01  0.7284574E-03  0.1156788E+00  0.3205614E-02
  0.5126500000000E+02  0.9341955E+00  0.7386173E-02 -0.4627349E-01  0.7303721E-03  0.1157862E+00  0.3220020E-02
  0.5129833333333E+02  0.9344428E+00  0.7417940E-02 -0.4624908E-01  0.7322930E-03  0.1158940E+00  0.3234521E-02
  0.5133166666667E+02  0.9346911E+00  0.7449932E-02 -0.4622461E-01  0.7342200E-03  0.1160023E+00  0.3249118E-02
  0.5136500000000E+02  0.9349405E+00  0.7482148E-02 -0.4620007E-01  0.7361531E-03  0.1161111E+00  0.3263811E-02
  0.5139833333333E+02  0.9351910E+00  0.7514591E-02 -0.4617547E-01  0.7380921E-03  0.1162204E+00  0.3278602E-02
  0.5143166666667E+02  0.9354426E+00  0.7547260E-02 -0.4615080E-01  0.7400368E-03  0.1163302E+00  0.3293489E-02
  0.5146500000000E+02  0.9356953E+00  0.7580157E-02 -0.4612607E-01  0.7419872E-03  0.1164404E+00  0.3308475E-02
  0.5149833333333E+02  0.9359490E+00  0.7613283E-02 -0.4610127E-01  0.7439431E-03  0.1165512E+00  0.3323558E-02
  0.5153166666667E+02  0.9362039E+00  0.7646639E-02 -0.4607641E-01  0.7459043E-03  0.1166625E+00  0.3338741E-02
  0.5156500000000E+02  0.9364599E+00  0.7680225E-02 -0.4605148E-01  0.7478708E-03  0.1167743E+00  0.3354022E-02
  0.5159833333333E+02  0.9367171E+00  0.7714043E-02 -0.4602648E-01  0.7498422E-03  0.1168866E+00  0.3369404E-02
  0.5163166666667E+02  0.9369753E+00  0.7748092E-02 -0.4600142E-01  0.7518186E-03  0.1169995E+00  0.3384885E-02
  0.5166500000000E+02  0.9372347E+00  0.7782375E-02 -0.4597629E-01  0.7537996E-03  0.1171128E+00  0.3400467E-02
  0.5169833333333E+02  0.9374953E+00  0.7816890E-02 -0.4595110E-01  0.7557851E-03  0.1172267E+00  0.3416149E-02
  0.5173166666667E+02  0.9377570E+00  0.7851640E-02 -0.4592584E-01  0.7577749E-03  0.1173411E+00  0.3431933E-02
  0.5176500000000E+02  0.9380199E+00  0.7886624E-02 -0.4590052E-01  0.7597688E-03  0.1174560E+00  0.3447818E-02
  0.5179833333333E+02  0.9382840E+00  0.7921844E-02 -0.4587512E-01  0.7617666E-03  0.1175715E+00  0.3463806E-02
  0.5183166666667E+02  0.9385492E+00  0.7957299E-02 -0.4584967E-01  0.7637681E-03  0.1176875E+00  0.3479895E-02
  0.5186500000000E+02  0.9388157E+00  0.7992990E-02 -0.4582414E-01  0.7657730E-03  0.1178040E+00  0.3496087E-02
  0.5189833333333E+02  0.9390833E+00  0.8028917E-02 -0.4579855E-01  0.7677812E-03  0.1179211E+00  0.3512381E-02
  0.5193166666667E+02  0.9393521E+00  0.8065080E-02 -0.4577289E-01  0.7697924E-03  0.1180387E+00  0.3528778E-02
  0.5196500000000E+02  0.9396222E+00  0.8101480E-02 -0.4574716E-01  0.7718065E-03  0.1181569E+00  0.3545278E-02
  0.5199833333333E+02  0.9398934E+00  0.8138116E-02 -0.4572137E-01  0.7738231E-03  0.1182756E+00  0.3561881E-02
  0.5203166666667E+02  0.9401659E+00  0.8174988E-02 -0.4569550E-01  0.7758421E-03  0.1183949E+00  0.3578587E-02
  0.5206500000000E+02  0.9404397E+00  0.8212096E-02 -0.4566958E-01  0.7778632E-03  0.1185147E+00  0.3595396E-02
  0.5209833333333E+02  0.9407147E+00  0.8249439E-02 -0.4564358E-01  0.7798863E-03  0.1186352E+00  0.3612308E-02
  0.5213166666667E+02  0.9409909E+00  0.8287018E-02 -0.4561752E-01  0.7819110E-03  0.1187561E+00  0.3629323E-02
  0.5216500000000E+02  0.9412684E+00  0.8324830E-02 -0.4559138E-01  0.7839373E-03  0.1188777E+00  0.3646440E-02
  0.5219833333333E+02  0.9415471E+00  0.8362877E-02 -0.4556519E-01  0.7859648E-03  0.1189998E+00  0.3663660E-02
  0.5223166666667E+02  0.9418272E+00  0.8401156E-02 -0.4553892E-01  0.7879933E-03  0.1191225E+00  0.3680983E-02
  0.5226500000000E+02  0.9421085E+00  0.8439666E-02 -0.4551259E-01  0.7900227E-03  0.1192458E+00  0.3698407E-02
  0.5229833333333E+02  0.9423911E+00  0.8478407E-02 -0.4548618E-01  0.7920526E-03  0.1193696E+00  0.3715932E-02
  0.5233166666667E+02  0.9426750E+00  0.8517377E-02 -0.4545971E-01  0.7940829E-03  0.1194941E+00  0.3733558E-02
  0.5236500000000E+02  0.9429603E+00  0.8556575E-02 -0.4543318E-01  0.7961133E-03  0.1196191E+00  0.3751285E-02
  0.5239833333333E+02  0.9432468E+00  0.8595998E-02 -0.4540657E-01  0.7981435E-03  0.1197448E+00  0.3769112E-02
  0.5243166666667E+02  0.9435346E+00  0.8635646E-02 -0.4537990E-01  0.8001733E-03  0.1198710E+00  0.3787037E-02
  0.5246500000000E+02  0.9438238E+00  0.8675516E-02 -0.4535316E-01  0.8022025E-03  0.1199978E+00  0.3805062E-02
  0.5249833333333E+02  0.9441143E+00  0.8715607E-02 -0.4532635E-01  0.8042307E-03  0.1201253E+00  0.3823184E-02
  0.5253166666667E+02  0.9444062E+00  0.8755916E-02 -0.4529948E-01  0.8062577E-03  0.1202533E+00  0.3841402E-02
  0.5256500000000E+02  0.9446994E+00  0.8796440E-02 -0.4527253E-01  0.8082831E-03  0.1203820E+00  0.3859717E-02
  0.5259833333333E+02  0.9449940E+00  0.8837179E-02 -0.4524552E-01  0.8103067E-03  0.1205113E+00  0.3878127E-02
  0.5263166666667E+02  0.9452899E+00  0.8878128E-02 -0.4521845E-01  0.8123281E-03  0.1206411E+00  0.3896631E-02
  0.5266500000000E+02  0.9455872E+00  0.8919285E-02 -0.4519130E-01  0.8143469E-03  0.1207717E+00  0.3915227E-02
  0.5269833333333E+02  0.9458859E+00  0.8960648E-02 -0.4516409E-01  0.8163628E-03  0.1209028E+00  0.3933916E-02
  0.5273166666667E+02  0.9461860E+00  0.9002214E-02 -0.4513681E-01  0.8183754E-03  0.1210345E+00  0.3952694E-02
  0.5276500000000E+02  0.9464875E+00  0.9043979E-02 -0.4510946E-01  0.8203842E-03  0.1211669E+00  0.3971563E-02
  0.5279833333333E+02  0.9467903E+00  0.9085941E-02 -0.4508205E-01  0.8223889E-03  0.1212999E+00  0.3990519E-02
  0.5283166666667E+02  0.9470946E+00  0.9128095E-02 -0.4505457E-01  0.8243890E-03  0.1214336E+00  0.4009562E-02
  0.5286500000000E+02  0.9474003E+00  0.9170440E-02 -0.4502703E-01  0.8263840E-03  0.1215679E+00  0.4028690E-02
  0.5289833333333E+02  0.9477074E+00  0.9212971E-02 -0.4499941E-01  0.8283735E-03  0.1217028E+00  0.4047901E-02
  0.5293166666667E+02  0.9480159E+00  0.9255685E-02 -0.4497173E-01  0.8303571E-03  0.1218384E+00  0.4067195E-02
  0.5296500000000E+02  0.9483259E+00  0.9298577E-02 -0.4494399E-01  0.8323341E-03  0.1219746E+00  0.4086569E-02
  0.5299833333333E+02  0.9486372E+00  0.9341645E-02 -0.4491618E-01  0.8343041E-03  0.1221115E+00  0.4106022E-02
  0.5303166666667E+02  0.9489501E+00  0.9384884E-02 -0.4488830E-01  0.8362667E-03  0.1222490E+00  0.4125552E-02
  0.5306500000000E+02  0.9492644E+00  0.9428289E-02 -0.4486036E-01  0.8382214E-03  0.1223872E+00  0.4145157E-02
  0.5309833333333E+02  0.9495801E+00  0.9471857E-02 -0.4483236E-01  0.8401676E-03  0.1225260E+00  0.4164835E-02
  0.5313166666667E+02  0.9498973E+00  0.9515583E-02 -0.4480429E-01  0.8421049E-03  0.1226655E+00  0.4184584E-02
  0.5316500000000E+02  0.9502159E+00  0.9559463E-02 -0.4477615E-01  0.8440328E-03  0.1228056E+00  0.4204402E-02
  0.5319833333333E+02  0.9505360E+00  0.9603491E-02 -0.4474795E-01  0.8459510E-03  0.1229464E+00  0.4224286E-02
  0.5323166666667E+02  0.9508576E+00  0.9647663E-02 -0.4471969E-01  0.8478589E-03  0.1230879E+00  0.4244235E-02
  0.5326500000000E+02  0.9511807E+00  0.9691974E-02 -0.4469137E-01  0.8497561E-03  0.1232301E+00  0.4264245E-02
  0.5329833333333E+02  0.9515052E+00  0.9736418E-02 -0.4466298E-01  0.8516424E-03  0.1233729E+00  0.4284315E-02
  0.5333166666667E+02  0.9518313E+00  0.9780991E-02 -0.4463453E-01  0.8535172E-03  0.1235163E+00  0.4304442E-02
  0.5336500000000E+02  0.9521588E+00  0.9825686E-02 -0.4460602E-01  0.8553804E-03  0.1236605E+00  0.4324623E-02
  0.5339833333333E+02  0.9524878E+00  0.9870498E-02 -0.4457744E-01  0.8572314E-03  0.1238053E+00  0.4344855E-02
  0.5343166666667E+02  0.9528183E+00  0.9915422E-02 -0.4454881E-01  0.8590702E-03  0.1239508E+00  0.4365135E-02
  0.5346500000000E+02  0.9531503E+00  0.9960451E-02 -0.4452011E-01  0.8608963E-03  0.1240970E+00  0.4385460E-02
  0.5349833333333E+02  0.9534839E+00  0.1000558E-01 -0.4449135E-01  0.8627095E-03  0.1242439E+00  0.4405828E-02
  0.5353166666667E+02  0.9538189E+00  0.1005080E-01 -0.4446254E-01  0.8645096E-03  0.1243914E+00  0.4426236E-02
  0.5356500000000E+02  0.9541554E+00  0.1009611E-01 -0.4443366E-01  0.8662963E-03  0.1245396E+00  0.4446679E-02
  0.5359833333333E+02  0.9544935E+00  0.1014150E-01 -0.4440472E-01  0.8680694E-03  0.1246885E+00  0.4467155E-02
  0.5363166666667E+02  0.9548330E+00  0.1018696E-01 -0.4437573E-01  0.8698287E-03  0.1248381E+00  0.4487660E-02
  0.5366500000000E+02  0.9551741E+00  0.1023250E-01 -0.4434668E-01  0.8715740E-03  0.1249884E+00  0.4508191E-02
  0.5369833333333E+02  0.9555167E+00  0.1027809E-01 -0.4431757E-01  0.8733049E-03  0.1251394E+00  0.4528746E-02
  0.5373166666667E+02  0.9558608E+00  0.1032375E-01 -0.4428840E-01  0.8750213E-03  0.1252910E+00  0.4549319E-02
  0.5376500000000E+02  0.9562065E+00  0.1036945E-01 -0.4425918E-01  0.8767228E-03  0.1254433E+00  0.4569909E-02
  0.5379833333333E+02  0.9565537E+00  0.1041520E-01 -0.4422989E-01  0.8784092E-03  0.1255964E+00  0.4590511E-02
  0.5383166666667E+02  0.9569024E+00  0.1046098E-01 -0.4420056E-01  0.8800802E-03  0.1257501E+00  0.4611122E-02
  0.5386500000000E+02  0.9572526E+00  0.1050680E-01 -0.4417117E-01  0.8817354E-03  0.1259045E+00  0.4631739E-02
  0.5389833333333E+02  0.9576044E+00  0.1055264E-01 -0.4414172E-01  0.8833744E-03  0.1260595E+00  0.4652358E-02
  0.5393166666667E+02  0.9579576E+00  0.1059851E-01 -0.4411222E-01  0.8849968E-03  0.1262153E+00  0.4672976E-02
  0.5396500000000E+02  0.9583124E+00  0.1064439E-01 -0.4408267E-01  0.8866021E-03  0.1263717E+00  0.4693590E-02
  0.5399833333333E+02  0.9586688E+00  0.1069028E-01 -0.4405306E-01  0.8881899E-03  0.1265289E+00  0.4714196E-02
  0.5403166666667E+02  0.9590267E+00  0.1073618E-01 -0.4402340E-01  0.8897595E-03  0.1266867E+00  0.4734791E-02
  0.5406500000000E+02  0.9593861E+00  0.1078208E-01 -0.4399369E-01  0.8913104E-03  0.1268452E+00  0.4755373E-02
  0.5409833333333E+02  0.9597470E+00  0.1082798E-01 -0.4396393E-01  0.8928419E-03  0.1270044E+00  0.4775938E-02
  0.5413166666667E+02  0.9601095E+00  0.1087387E-01 -0.4393412E-01  0.8943535E-03  0.1271643E+00  0.4796482E-02
  0.5416500000000E+02  0.9604735E+00  0.1091975E-01 -0.4390426E-01  0.8958442E-03  0.1273249E+00  0.4817004E-02
  0.5419833333333E+02  0.9608390E+00  0.1096561E-01 -0.4387435E-01  0.8973136E-03  0.1274861E+00  0.4837500E-02
  0.5423166666667E+02  0.9612060E+00  0.1101146E-01 -0.4384439E-01  0.8987606E-03  0.1276481E+00  0.4857967E-02
  0.5426500000000E+02  0.9615746E+00  0.1105728E-01 -0.4381438E-01  0.9001847E-03  0.1278107E+00  0.4878402E-02
  0.5429833333333E+02  0.9619447E+00  0.1110308E-01 -0.4378433E-01  0.9015849E-03  0.1279740E+00  0.4898804E-02
  0.5433166666667E+02  0.9623163E+00  0.1114885E-01 -0.4375423E-01  0.9029605E-03  0.1281379E+00  0.4919168E-02
  0.5436500000000E+02  0.9626895E+00  0.1119458E-01 -0.4372409E-01  0.9043106E-03  0.1283026E+00  0.4939493E-02
  0.5439833333333E+02  0.9630642E+00  0.1124029E-01 -0.4369390E-01  0.9056346E-03  0.1284679E+00  0.4959776E-02
  0.5443166666667E+02  0.9634404E+00  0.1128596E-01 -0.4366367E-01  0.9069315E-03  0.1286339E+00  0.4980014E-02
  0.5446500000000E+02  0.9638181E+00  0.1133158E-01 -0.4363340E-01  0.9082007E-03  0.1288006E+00  0.5000204E-02
  0.5449833333333E+02  0.9641973E+00  0.1137717E-01 -0.4360308E-01  0.9094414E-03  0.1289679E+00  0.5020345E-02
  0.5453166666667E+02  0.9645781E+00  0.1142271E-01 -0.4357273E-01  0.9106531E-03  0.1291359E+00  0.5040433E-02
  0.5456500000000E+02  0.9649603E+00  0.1146821E-01 -0.4354233E-01  0.9118351E-03  0.1293046E+00  0.5060466E-02
  0.5459833333333E+02  0.9653441E+00  0.1151365E-01 -0.4351190E-01  0.9129869E-03  0.1294740E+00  0.5080442E-02
  0.5463166666667E+02  0.9657294E+00  0.1155905E-01 -0.4348143E-01  0.9141081E-03  0.1296440E+00  0.5100357E-02
  0.5466500000000E+02  0.9661162E+00  0.1160439E-01 -0.4345092E-01  0.9151981E-03  0.1298147E+00  0.5120209E-02
  0.5469833333333E+02  0.9665046E+00  0.1164967E-01 -0.4342038E-01  0.9162567E-03  0.1299860E+00  0.5139995E-02
  0.5473166666667E+02  0.9668944E+00  0.1169488E-01 -0.4338980E-01  0.9172837E-03  0.1301580E+00  0.5159713E-02
  0.5476500000000E+02  0.9672857E+00  0.1174004E-01 -0.4335919E-01  0.9182787E-03  0.1303306E+00  0.5179359E-02
  0.5479833333333E+02  0.9676786E+00  0.1178512E-01 -0.4332855E-01  0.9192417E-03  0.1305039E+00  0.5198931E-02
  0.5483166666667E+02  0.9680729E+00  0.1183014E-01 -0.4329788E-01  0.9201727E-03  0.1306779E+00  0.5218426E-02
  0.5486500000000E+02  0.9684687E+00  0.1187507E-01 -0.4326718E-01  0.9210714E-03  0.1308525E+00  0.5237841E-02
  0.5489833333333E+02  0.9688661E+00  0.1191993E-01 -0.4323645E-01  0.9219381E-03  0.1310277E+00  0.5257174E-02
  0.5493166666667E+02  0.9692649E+00  0.1196470E-01 -0.4320569E-01  0.9227726E-03  0.1312036E+00  0.5276420E-02
  0.5496500000000E+02  0.9696652E+00  0.1200938E-01 -0.4317490E-01  0.9235752E-03  0.1313801E+00  0.5295578E-02
  0.5499833333333E+02  0.9700670E+00  0.1205397E-01 -0.4314409E-01  0.9243457E-03  0.1315573E+00  0.5314644E-02
  0.5503166666667E+02  0.9704703E+00  0.1209846E-01 -0.4311325E-01  0.9250844E-03  0.1317350E+00  0.5333616E-02
  0.5506500000000E+02  0.9708751E+00  0.1214285E-01 -0.4308239E-01  0.9257914E-03  0.1319135E+00  0.5352490E-02
  0.5509833333333E+02  0.9712813E+00  0.1218712E-01 -0.4305151E-01  0.9264666E-03  0.1320925E+00  0.5371263E-02
  0.5513166666667E+02  0.9716890E+00  0.1223129E-01 -0.4302061E-01  0.9271102E-03  0.1322722E+00  0.5389934E-02
  0.5516500000000E+02  0.9720982E+00  0.1227533E-01 -0.4298968E-01  0.9277221E-03  0.1324525E+00  0.5408498E-02
  0.5519833333333E+02  0.9725088E+00  0.1231925E-01 -0.4295874E-01  0.9283024E-03  0.1326334E+00  0.5426953E-02
  0.5523166666667E+02  0.9729209E+00  0.1236303E-01 -0.4292778E-01  0.9288510E-03  0.1328149E+00  0.5445296E-02
  0.5526500000000E+02  0.9733345E+00  0.1240668E-01 -0.4289680E-01  0.9293677E-03  0.1329970E+00  0.5463525E-02
  0.5529833333333E+02  0.9737495E+00  0.1245019E-01 -0.4286581E-01  0.9298525E-03  0.1331797E+00  0.5481637E-02
  0.5533166666667E+02  0.9741659E+00  0.1249355E-01 -0.4283480E-01  0.9303051E-03  0.1333630E+00  0.5499629E-02
  0.5536500000000E+02  0.9745838E+00  0.1253676E-01 -0.4280377E-01  0.9307251E-03  0.1335469E+00  0.5517500E-02
  0.5539833333333E+02  0.9750032E+00  0.1257981E-01 -0.4277273E-01  0.9311123E-03  0.1337314E+00  0.5535245E-02
  0.5543166666667E+02  0.9754239E+00  0.1262269E-01 -0.4274169E-01  0.9314663E-03  0.1339165E+00  0.5552863E-02
  0.5546500000000E+02  0.9758461E+00  0.1266541E-01 -0.4271063E-01  0.9317865E-03  0.1341022E+00  0.5570352E-02
  0.5549833333333E+02  0.9762697E+00  0.1270795E-01 -0.4267956E-01  0.9320724E-03  0.1342885E+00  0.5587710E-02
  0.5553166666667E+02  0.9766947E+00  0.1275031E-01 -0.4264848E-01  0.9323233E-03  0.1344753E+00  0.5604933E-02
  0.5556500000000E+02  0.9771211E+00  0.1279248E-01 -0.4261739E-01  0.9325385E-03  0.1346627E+00  0.5622020E-02
  0.5559833333333E+02  0.9775489E+00  0.1283446E-01 -0.4258630E-01  0.9327174E-03  0.1348507E+00  0.5638970E-02
  0.5563166666667E+02  0.9779781E+00  0.1287625E-01 -0.4255521E-01  0.9328589E-03  0.1350392E+00  0.5655779E-02
  0.5566500000000E+02  0.9784087E+00  0.1291784E-01 -0.4252411E-01  0.9329622E-03  0.1352283E+00  0.5672445E-02
  0.5569833333333E+02  0.9788407E+00  0.1295922E-01 -0.4249301E-01  0.9330264E-03  0.1354179E+00  0.5688968E-02
  0.5573166666667E+02  0.9792741E+00  0.1300038E-01 -0.4246191E-01  0.9330504E-03  0.1356081E+00  0.5705344E-02
  0.5576500000000E+02  0.9797088E+00  0.1304134E-01 -0.4243081E-01  0.9330332E-03  0.1357988E+00  0.5721573E-02
  0.5579833333333E+02  0.9801448E+00  0.1308207E-01 -0.4239971E-01  0.9329736E-03  0.1359901E+00  0.5737651E-02
  0.5583166666667E+02  0.9805823E+00  0.1312258E-01 -0.4236861E-01  0.9328706E-03  0.1361819E+00  0.5753578E-02
  0.5586500000000E+02  0.9810210E+00  0.1316286E-01 -0.4233752E-01  0.9327229E-03  0.1363742E+00  0.5769350E-02
  0.5589833333333E+02  0.9814611E+00  0.1320290E-01 -0.4230644E-01  0.9325295E-03  0.1365670E+00  0.5784967E-02
  0.5593166666667E+02  0.9819025E+00  0.1324270E-01 -0.4227536E-01  0.9322893E-03  0.1367603E+00  0.5800426E-02
  0.5596500000000E+02  0.9823453E+00  0.1328226E-01 -0.4224429E-01  0.9320011E-03  0.1369542E+00  0.5815725E-02
  0.5599833333333E+02  0.9827893E+00  0.1332157E-01 -0.4221324E-01  0.9316639E-03  0.1371486E+00  0.5830861E-02
  0.5603166666667E+02  0.9832347E+00  0.1336062E-01 -0.4218220E-01  0.9312767E-03  0.1373434E+00  0.5845833E-02
  0.5606500000000E+02  0.9836813E+00  0.1339941E-01 -0.4215117E-01  0.9308386E-03  0.1375388E+00  0.5860637E-02
  0.5609833333333E+02  0.9841293E+00  0.1343793E-01 -0.4212016E-01  0.9303489E-03  0.1377346E+00  0.5875271E-02
  0.5613166666667E+02  0.9845785E+00  0.1347618E-01 -0.4208916E-01  0.9298067E-03  0.1379309E+00  0.5889733E-02
  0.5616500000000E+02  0.9850289E+00  0.1351415E-01 -0.4205819E-01  0.9292114E-03  0.1381277E+00  0.5904018E-02
  0.5619833333333E+02  0.9854807E+00  0.1355184E-01 -0.4202724E-01  0.9285626E-03  0.1383250E+00  0.5918124E-02
  0.5623166666667E+02  0.9859336E+00  0.1358922E-01 -0.4199631E-01  0.9278598E-03  0.1385228E+00  0.5932048E-02
  0.5626500000000E+02  0.9863879E+00  0.1362631E-01 -0.4196540E-01  0.9271029E-03  0.1387209E+00  0.5945785E-02
  0.5629833333333E+02  0.9868433E+00  0.1366309E-01 -0.4193453E-01  0.9262915E-03  0.1389196E+00  0.5959332E-02
  0.5633166666667E+02  0.9872999E+00  0.1369955E-01 -0.4190368E-01  0.9254258E-03  0.1391187E+00  0.5972684E-02
  0.5636500000000E+02  0.9877578E+00  0.1373569E-01 -0.4187286E-01  0.9245058E-03  0.1393182E+00  0.5985838E-02
  0.5639833333333E+02  0.9882168E+00  0.1377149E-01 -0.4184208E-01  0.9235316E-03  0.1395182E+00  0.5998788E-02
  0.5643166666667E+02  0.9886771E+00  0.1380694E-01 -0.4181133E-01  0.9225035E-03  0.1397186E+00  0.6011531E-02
  0.5646500000000E+02  0.9891385E+00  0.1384205E-01 -0.4178062E-01  0.9214217E-03  0.1399194E+00  0.6024061E-02
  0.5649833333333E+02  0.9896010E+00  0.1387679E-01 -0.4174994E-01  0.9202868E-03  0.1401206E+00  0.6036374E-02
  0.5653166666667E+02  0.9900647E+00  0.1391116E-01 -0.4171930E-01  0.9190990E-03  0.1403222E+00  0.6048465E-02
  0.5656500000000E+02  0.9905296E+00  0.1394515E-01 -0.4168871E-01  0.9178590E-03  0.1405242E+00  0.6060328E-02
  0.5659833333333E+02  0.9909955E+00  0.1397874E-01 -0.4165815E-01  0.9165671E-03  0.1407266E+00  0.6071958E-02
  0.5663166666667E+02  0.9914626E+00  0.1401195E-01 -0.4162765E-01  0.9152240E-03  0.1409294E+00  0.6083350E-02
  0.5666500000000E+02  0.9919308E+00  0.1404474E-01 -0.4159719E-01  0.9138302E-03  0.1411325E+00  0.6094498E-02
  0.5669833333333E+02  0.9924000E+00  0.1407711E-01 -0.4156677E-01  0.9123862E-03  0.1413360E+00  0.6105398E-02
  0.5673166666667E+02  0.9928703E+00  0.1410906E-01 -0.4153641E-01  0.9108927E-03  0.1415399E+00  0.6116044E-02
  0.5676500000000E+02  0.9933417E+00  0.1414058E-01 -0.4150610E-01  0.9093502E-03  0.1417441E+00  0.6126431E-02
  0.5679833333333E+02  0.9938140E+00  0.1417165E-01 -0.4147584E-01  0.9077594E-03  0.1419487E+00  0.6136553E-02
  0.5683166666667E+02  0.9942875E+00  0.1420227E-01 -0.4144564E-01  0.9061210E-03  0.1421535E+00  0.6146405E-02
  0.5686500000000E+02  0.9947619E+00  0.1423243E-01 -0.4141549E-01  0.9044355E-03  0.1423587E+00  0.6155981E-02
  0.5689833333333E+02  0.9952373E+00  0.1426213E-01 -0.4138540E-01  0.9027038E-03  0.1425643E+00  0.6165277E-02
  0.5693166666667E+02  0.9957136E+00  0.1429136E-01 -0.4135537E-01  0.9009266E-03  0.1427701E+00  0.6174287E-02
  0.5696500000000E+02  0.9961910E+00  0.1432010E-01 -0.4132540E-01  0.8991048E-03  0.1429762E+00  0.6183006E-02
  0.5699833333333E+02  0.9966693E+00  0.1434837E-01 -0.4129549E-01  0.8972391E-03  0.1431825E+00  0.6191429E-02
  0.5703166666667E+02  0.9971485E+00  0.1437614E-01 -0.4126564E-01  0.8953306E-03  0.1433892E+00  0.6199551E-02
  0.5706500000000E+02  0.9976286E+00  0.1440341E-01 -0.4123587E-01  0.8933803E-03  0.1435961E+00  0.6207367E-02
  0.5709833333333E+02  0.9981096E+00  0.1443018E-01 -0.4120615E-01  0.8913892E-03  0.1438033E+00  0.6214872E-02
  0.5713166666667E+02  0.9985915E+00  0.1445645E-01 -0.4117651E-01  0.8893585E-03  0.1440107E+00  0.6222061E-02
  0.5716500000000E+02  0.9990742E+00  0.1448220E-01 -0.4114693E-01  0.8872893E-03  0.1442183E+00  0.6228930E-02
  0.5719833333333E+02  0.9995578E+00  0.1450744E-01 -0.4111742E-01  0.8851830E-03  0.1444262E+00  0.6235475E-02
  0.5723166666667E+02  0.1000042E+01  0.1453216E-01 -0.4108799E-01  0.8830407E-03  0.1446342E+00  0.6241691E-02
  0.5726500000000E+02  0.1000527E+01  0.1455636E-01 -0.4105863E-01  0.8808638E-03  0.1448425E+00  0.6247573E-02
  0.5729833333333E+02  0.1001013E+01  0.1458004E-01 -0.4102934E-01  0.8786537E-03  0.1450509E+00  0.6253119E-02
  0.5733166666667E+02  0.1001500E+01  0.1460319E-01 -0.4100013E-01  0.8764115E-03  0.1452595E+00  0.6258325E-02
  0.5736500000000E+02  0.1001988E+01  0.1462580E-01 -0.4097099E-01  0.8741387E-03  0.1454683E+00  0.6263187E-02
  0.5739833333333E+02  0.1002476E+01  0.1464789E-01 -0.4094193E-01  0.8718362E-03  0.1456772E+00  0.6267702E-02
  0.5743166666667E+02  0.1002965E+01  0.1466945E-01 -0.4091294E-01  0.8695054E-03  0.1458863E+00  0.6271868E-02
  0.5746500000000E+02  0.1003455E+01  0.1469047E-01 -0.4088404E-01  0.8671473E-03  0.1460955E+00  0.6275683E-02
  0.5749833333333E+02  0.1003945E+01  0.1471096E-01 -0.4085521E-01  0.8647627E-03  0.1463048E+00  0.6279144E-02
  0.5753166666667E+02  0.1004436E+01  0.1473091E-01 -0.4082647E-01  0.8623525E-03  0.1465142E+00  0.6282250E-02
  0.5756500000000E+02  0.1004928E+01  0.1475033E-01 -0.4079780E-01  0.8599173E-03  0.1467237E+00  0.6285000E-02
  0.5759833333333E+02  0.1005420E+01  0.1476921E-01 -0.4076922E-01  0.8574577E-03  0.1469333E+00  0.6287394E-02
  0.5763166666667E+02  0.1005913E+01  0.1478756E-01 -0.4074072E-01  0.8549741E-03  0.1471429E+00  0.6289429E-02
  0.5766500000000E+02  0.1006406E+01  0.1480537E-01 -0.4071231E-01  0.8524667E-03  0.1473526E+00  0.6291107E-02
  0.5769833333333E+02  0.1006901E+01  0.1482265E-01 -0.4068398E-01  0.8499356E-03  0.1475624E+00  0.6292429E-02
  0.5773166666667E+02  0.1007395E+01  0.1483940E-01 -0.4065573E-01  0.8473808E-03  0.1477721E+00  0.6293393E-02
  0.5776500000000E+02  0.1007890E+01  0.1485561E-01 -0.4062757E-01  0.8448021E-03  0.1479819E+00  0.6294003E-02
  0.5779833333333E+02  0.1008386E+01  0.1487129E-01 -0.4059950E-01  0.8421993E-03  0.1481917E+00  0.6294258E-02
  0.5783166666667E+02  0.1008882E+01  0.1488644E-01 -0.4057151E-01  0.8395721E-03  0.1484015E+00  0.6294160E-02
  0.5786500000000E+02  0.1009379E+01  0.1490106E-01 -0.4054361E-01  0.8369200E-03  0.1486113E+00  0.6293711E-02
  0.5789833333333E+02  0.1009876E+01  0.1491514E-01 -0.4051581E-01  0.8342428E-03  0.1488211E+00  0.6292913E-02
  0.5793166666667E+02  0.1010374E+01  0.1492870E-01 -0.4048809E-01  0.8315400E-03  0.1490308E+00  0.6291767E-02
  0.5796500000000E+02  0.1010872E+01  0.1494173E-01 -0.4046046E-01  0.8288112E-03  0.1492405E+00  0.6290277E-02
  0.5799833333333E+02  0.1011370E+01  0.1495422E-01 -0.4043293E-01  0.8260560E-03  0.1494501E+00  0.6288443E-02
  0.5803166666667E+02  0.1011869E+01  0.1496618E-01 -0.4040548E-01  0.8232743E-03  0.1496597E+00  0.6286269E-02
  0.5806500000000E+02  0.1012368E+01  0.1497761E-01 -0.4037813E-01  0.8204657E-03  0.1498691E+00  0.6283756E-02
  0.5809833333333E+02  0.1012868E+01  0.1498851E-01 -0.4035088E-01  0.8176301E-03  0.1500785E+00  0.6280906E-02
  0.5813166666667E+02  0.1013368E+01  0.1499888E-01 -0.4032372E-01  0.8147676E-03  0.1502877E+00  0.6277723E-02
  0.5816500000000E+02  0.1013868E+01  0.1500872E-01 -0.4029666E-01  0.8118783E-03  0.1504969E+00  0.6274206E-02
  0.5819833333333E+02  0.1014369E+01  0.1501802E-01 -0.4026969E-01  0.8089624E-03  0.1507059E+00  0.6270360E-02
  0.5823166666667E+02  0.1014870E+01  0.1502678E-01 -0.4024283E-01  0.8060202E-03  0.1509148E+00  0.6266185E-02
  0.5826500000000E+02  0.1015371E+01  0.1503501E-01 -0.4021606E-01  0.8030523E-03  0.1511235E+00  0.6261683E-02
  0.5829833333333E+02  0.1015872E+01  0.1504270E-01 -0.4018939E-01  0.8000592E-03  0.1513320E+00  0.6256856E-02
  0.5833166666667E+02  0.1016374E+01  0.1504986E-01 -0.4016282E-01  0.7970416E-03  0.1515404E+00  0.6251706E-02
  0.5836500000000E+02  0.1016876E+01  0.1505648E-01 -0.4013635E-01  0.7940003E-03  0.1517486E+00  0.6246233E-02
  0.5839833333333E+02  0.1017378E+01  0.1506256E-01 -0.4010999E-01  0.7909361E-03  0.1519567E+00  0.6240440E-02
  0.5843166666667E+02  0.1017880E+01  0.1506810E-01 -0.4008373E-01  0.7878499E-03  0.1521645E+00  0.6234328E-02
  0.5846500000000E+02  0.1018383E+01  0.1507311E-01 -0.4005757E-01  0.7847428E-03  0.1523721E+00  0.6227897E-02
  0.5849833333333E+02  0.1018885E+01  0.1507757E-01 -0.4003152E-01  0.7816157E-03  0.1525794E+00  0.6221150E-02
  0.5853166666667E+02  0.1019388E+01  0.1508150E-01 -0.4000557E-01  0.7784696E-03  0.1527866E+00  0.6214086E-02
  0.5856500000000E+02  0.1019891E+01  0.1508489E-01 -0.3997972E-01  0.7753055E-03  0.1529935E+00  0.6206708E-02
  0.5859833333333E+02  0.1020394E+01  0.1508775E-01 -0.3995399E-01  0.7721245E-03  0.1532001E+00  0.6199016E-02
  0.5863166666667E+02  0.1020897E+01  0.1509007E-01 -0.3992835E-01  0.7689276E-03  0.1534065E+00  0.6191011E-02
  0.5866500000000E+02  0.1021400E+01  0.1509186E-01 -0.3990283E-01  0.7657157E-03  0.1536126E+00  0.6182693E-02
  0.5869833333333E+02  0.1021903E+01  0.1509312E-01 -0.3987741E-01  0.7624897E-03  0.1538184E+00  0.6174065E-02
  0.5873166666667E+02  0.1022406E+01  0.1509385E-01 -0.3985211E-01  0.7592505E-03  0.1540239E+00  0.6165127E-02
  0.5876500000000E+02  0.1022909E+01  0.1509406E-01 -0.3982691E-01  0.7559989E-03  0.1542291E+00  0.6155880E-02
  0.5879833333333E+02  0.1023412E+01  0.1509375E-01 -0.3980181E-01  0.7527357E-03  0.1544339E+00  0.6146324E-02
  0.5883166666667E+02  0.1023915E+01  0.1509292E-01 -0.3977683E-01  0.7494615E-03  0.1546385E+00  0.6136461E-02
  0.5886500000000E+02  0.1024419E+01  0.1509157E-01 -0.3975196E-01  0.7461771E-03  0.1548427E+00  0.6126292E-02
  0.5889833333333E+02  0.1024921E+01  0.1508971E-01 -0.3972720E-01  0.7428830E-03  0.1550466E+00  0.6115818E-02
  0.5893166666667E+02  0.1025424E+01  0.1508735E-01 -0.3970254E-01  0.7395797E-03  0.1552501E+00  0.6105040E-02
  0.5896500000000E+02  0.1025927E+01  0.1508449E-01 -0.3967800E-01  0.7362678E-03  0.1554532E+00  0.6093959E-02
  0.5899833333333E+02  0.1026430E+01  0.1508113E-01 -0.3965357E-01  0.7329477E-03  0.1556559E+00  0.6082576E-02
  0.5903166666667E+02  0.1026933E+01  0.1507728E-01 -0.3962925E-01  0.7296198E-03  0.1558583E+00  0.6070893E-02
  0.5906500000000E+02  0.1027435E+01  0.1507295E-01 -0.3960504E-01  0.7262847E-03  0.1560603E+00  0.6058910E-02
  0.5909833333333E+02  0.1027937E+01  0.1506813E-01 -0.3958094E-01  0.7229426E-03  0.1562618E+00  0.6046630E-02
  0.5913166666667E+02  0.1028439E+01  0.1506284E-01 -0.3955696E-01  0.7195940E-03  0.1564630E+00  0.6034054E-02
  0.5916500000000E+02  0.1028941E+01  0.1505709E-01 -0.3953308E-01  0.7162393E-03  0.1566637E+00  0.6021183E-02
  0.5919833333333E+02  0.1029443E+01  0.1505087E-01 -0.3950932E-01  0.7128792E-03  0.1568639E+00  0.6008019E-02
  0.5923166666667E+02  0.1029944E+01  0.1504419E-01 -0.3948567E-01  0.7095140E-03  0.1570638E+00  0.5994564E-02
  0.5926500000000E+02  0.1030446E+01  0.1503707E-01 -0.3946213E-01  0.7061444E-03  0.1572631E+00  0.5980819E-02
  0.5929833333333E+02  0.1030947E+01  0.1502950E-01 -0.3943870E-01  0.7027712E-03  0.1574620E+00  0.5966786E-02
  0.5933166666667E+02  0.1031447E+01  0.1502149E-01 -0.3941539E-01  0.6993950E-03  0.1576604E+00  0.5952467E-02
  0.5936500000000E+02  0.1031948E+01  0.1501305E-01 -0.3939219E-01  0.6960168E-03  0.1578583E+00  0.5937864E-02
  0.5939833333333E+02  0.1032448E+01  0.1500418E-01 -0.3936910E-01  0.6926375E-03  0.1580558E+00  0.5922979E-02
  0.5943166666667E+02  0.1032948E+01  0.1499489E-01 -0.3934613E-01  0.6892583E-03  0.1582527E+00  0.5907813E-02
  0.5946500000000E+02  0.1033447E+01  0.1498519E-01 -0.3932326E-01  0.6858803E-03  0.1584491E+00  0.5892370E-02
  0.5949833333333E+02  0.1033946E+01  0.1497508E-01 -0.3930051E-01  0.6825049E-03  0.1586450E+00  0.5876651E-02
  0.5953166666667E+02  0.1034445E+01  0.1496457E-01 -0.3927788E-01  0.6791335E-03  0.1588404E+00  0.5860658E-02
  0.5956500000000E+02  0.1034944E+01  0.1495365E-01 -0.3925535E-01  0.6757676E-03  0.1590352E+00  0.5844395E-02
  0.5959833333333E+02  0.1035442E+01  0.1494235E-01 -0.3923294E-01  0.6724089E-03  0.1592294E+00  0.5827862E-02
  0.5963166666667E+02  0.1035939E+01  0.1493066E-01 -0.3921064E-01  0.6690590E-03  0.1594231E+00  0.5811063E-02
  0.5966500000000E+02  0.1036437E+01  0.1491859E-01 -0.3918844E-01  0.6657196E-03  0.1596163E+00  0.5794000E-02
  0.5969833333333E+02  0.1036934E+01  0.1490615E-01 -0.3916637E-01  0.6623927E-03  0.1598088E+00  0.5776675E-02
  0.5973166666667E+02  0.1037430E+01  0.1489333E-01 -0.3914440E-01  0.6590799E-03  0.1600008E+00  0.5759092E-02
  0.5976500000000E+02  0.1037926E+01  0.1488015E-01 -0.3912254E-01  0.6557832E-03  0.1601922E+00  0.5741253E-02
  0.5979833333333E+02  0.1038422E+01  0.1486661E-01 -0.3910079E-01  0.6525044E-03  0.1603829E+00  0.5723161E-02
  0.5983166666667E+02  0.1038917E+01  0.1485271E-01 -0.3907914E-01  0.6492453E-03  0.1605731E+00  0.5704819E-02
  0.5986500000000E+02  0.1039411E+01  0.1483846E-01 -0.3905761E-01  0.6460077E-03  0.1607626E+00  0.5686229E-02
  0.5989833333333E+02  0.1039905E+01  0.1482387E-01 -0.3903618E-01  0.6427933E-03  0.1609516E+00  0.5667395E-02
  0.5993166666667E+02  0.1040399E+01  0.1480894E-01 -0.3901486E-01  0.6396038E-03  0.1611398E+00  0.5648320E-02
  0.5996500000000E+02  0.1040892E+01  0.1479367E-01 -0.3899365E-01  0.6364407E-03  0.1613275E+00  0.5629008E-02
  0.5999833333333E+02  0.1041385E+01  0.1477808E-01 -0.3897254E-01  0.6333056E-03  0.1615145E+00  0.5609460E-02
  0.6003166666667E+02  0.1041877E+01  0.1476215E-01 -0.3895153E-01  0.6301999E-03  0.1617008E+00  0.5589681E-02
  0.6006500000000E+02  0.1042368E+01  0.1474590E-01 -0.3893063E-01  0.6271249E-03  0.1618864E+00  0.5569674E-02
  0.6009833333333E+02  0.1042859E+01  0.1472934E-01 -0.3890983E-01  0.6240818E-03  0.1620714E+00  0.5549443E-02
  0.6013166666667E+02  0.1043350E+01  0.1471246E-01 -0.3888912E-01  0.6210718E-03  0.1622557E+00  0.5528990E-02
  0.6016500000000E+02  0.1043840E+01  0.1469528E-01 -0.3886852E-01  0.6180957E-03  0.1624393E+00  0.5508320E-02
  0.6019833333333E+02  0.1044329E+01  0.1467778E-01 -0.3884802E-01  0.6151544E-03  0.1626222E+00  0.5487436E-02
  0.6023166666667E+02  0.1044818E+01  0.1465999E-01 -0.3882761E-01  0.6122487E-03  0.1628045E+00  0.5466341E-02
  0.6026500000000E+02  0.1045306E+01  0.1464191E-01 -0.3880729E-01  0.6093792E-03  0.1629860E+00  0.5445040E-02
  0.6029833333333E+02  0.1045793E+01  0.1462353E-01 -0.3878708E-01  0.6065464E-03  0.1631667E+00  0.5423536E-02
  0.6033166666667E+02  0.1046280E+01  0.1460486E-01 -0.3876695E-01  0.6037504E-03  0.1633468E+00  0.5401833E-02
  0.6036500000000E+02  0.1046766E+01  0.1458591E-01 -0.3874692E-01  0.6009917E-03  0.1635261E+00  0.5379934E-02
  0.6039833333333E+02  0.1047252E+01  0.1456667E-01 -0.3872698E-01  0.5982701E-03  0.1637047E+00  0.5357844E-02
  0.6043166666667E+02  0.1047737E+01  0.1454716E-01 -0.3870712E-01  0.5955856E-03  0.1638826E+00  0.5335568E-02
  0.6046500000000E+02  0.1048221E+01  0.1452738E-01 -0.3868736E-01  0.5929378E-03  0.1640597E+00  0.5313108E-02
  0.6049833333333E+02  0.1048704E+01  0.1450733E-01 -0.3866768E-01  0.5903263E-03  0.1642360E+00  0.5290471E-02
  0.6053166666667E+02  0.1049187E+01  0.1448701E-01 -0.3864809E-01  0.5877505E-03  0.1644116E+00  0.5267659E-02
  0.6056500000000E+02  0.1049669E+01  0.1446642E-01 -0.3862858E-01  0.5852096E-03  0.1645864E+00  0.5244678E-02
  0.6059833333333E+02  0.1050151E+01  0.1444558E-01 -0.3860916E-01  0.5827027E-03  0.1647605E+00  0.5221532E-02
  0.6063166666667E+02  0.1050632E+01  0.1442448E-01 -0.3858982E-01  0.5802287E-03  0.1649338E+00  0.5198227E-02
  0.6066500000000E+02  0.1051112E+01  0.1440312E-01 -0.3857056E-01  0.5777863E-03  0.1651063E+00  0.5174767E-02
  0.6069833333333E+02  0.1051591E+01  0.1438151E-01 -0.3855138E-01  0.5753742E-03  0.1652780E+00  0.5151157E-02
  0.6073166666667E+02  0.1052070E+01  0.1435964E-01 -0.3853228E-01  0.5729908E-03  0.1654489E+00  0.5127404E-02
  0.6076500000000E+02  0.1052548E+01  0.1433753E-01 -0.3851326E-01  0.5706346E-03  0.1656190E+00  0.5103511E-02
  0.6079833333333E+02  0.1053025E+01  0.1431517E-01 -0.3849431E-01  0.5683039E-03  0.1657883E+00  0.5079485E-02
  0.6083166666667E+02  0.1053501E+01  0.1429256E-01 -0.3847545E-01  0.5659969E-03  0.1659568E+00  0.5055332E-02
  0.6086500000000E+02  0.1053977E+01  0.1426971E-01 -0.3845666E-01  0.5637118E-03  0.1661245E+00  0.5031055E-02
  0.6089833333333E+02  0.1054452E+01  0.1424662E-01 -0.3843794E-01  0.5614469E-03  0.1662914E+00  0.5006663E-02
  0.6093166666667E+02  0.1054926E+01  0.1422328E-01 -0.3841930E-01  0.5592001E-03  0.1664575E+00  0.4982159E-02
  0.6096500000000E+02  0.1055399E+01  0.1419969E-01 -0.3840074E-01  0.5569698E-03  0.1666227E+00  0.4957549E-02
  0.6099833333333E+02  0.1055872E+01  0.1417587E-01 -0.3838225E-01  0.5547541E-03  0.1667872E+00  0.4932839E-02
  0.6103166666667E+02  0.1056344E+01  0.1415180E-01 -0.3836383E-01  0.5525513E-03  0.1669508E+00  0.4908034E-02
  0.6106500000000E+02  0.1056815E+01  0.1412750E-01 -0.3834548E-01  0.5503597E-03  0.1671135E+00  0.4883140E-02
  0.6109833333333E+02  0.1057285E+01  0.1410295E-01 -0.3832721E-01  0.5481778E-03  0.1672755E+00  0.4858162E-02
  0.6113166666667E+02  0.1057754E+01  0.1407816E-01 -0.3830901E-01  0.5460041E-03  0.1674366E+00  0.4833105E-02
  0.6116500000000E+02  0.1058222E+01  0.1405312E-01 -0.3829088E-01  0.5438372E-03  0.1675968E+00  0.4807973E-02
  0.6119833333333E+02  0.1058690E+01  0.1402785E-01 -0.3827283E-01  0.5416757E-03  0.1677563E+00  0.4782772E-02
  0.6123166666667E+02  0.1059157E+01  0.1400233E-01 -0.3825484E-01  0.5395187E-03  0.1679149E+00  0.4757507E-02
  0.6126500000000E+02  0.1059623E+01  0.1397658E-01 -0.3823693E-01  0.5373650E-03  0.1680726E+00  0.4732181E-02
  0.6129833333333E+02  0.1060088E+01  0.1395058E-01 -0.3821909E-01  0.5352138E-03  0.1682295E+00  0.4706800E-02
  0.6133166666667E+02  0.1060552E+01  0.1392434E-01 -0.3820132E-01  0.5330643E-03  0.1683855E+00  0.4681366E-02
  0.6136500000000E+02  0.1061015E+01  0.1389786E-01 -0.3818362E-01  0.5309158E-03  0.1685407E+00  0.4655885E-02
  0.6139833333333E+02  0.1061477E+01  0.1387114E-01 -0.3816600E-01  0.5287678E-03  0.1686951E+00  0.4630360E-02
  0.6143166666667E+02  0.1061939E+01  0.1384418E-01 -0.3814844E-01  0.5266198E-03  0.1688486E+00  0.4604795E-02
  0.6146500000000E+02  0.1062399E+01  0.1381697E-01 -0.3813096E-01  0.5244716E-03  0.1690012E+00  0.4579193E-02
  0.6149833333333E+02  0.1062859E+01  0.1378953E-01 -0.3811355E-01  0.5223229E-03  0.1691530E+00  0.4553558E-02
  0.6153166666667E+02  0.1063318E+01  0.1376185E-01 -0.3809621E-01  0.5201735E-03  0.1693039E+00  0.4527892E-02
  0.6156500000000E+02  0.1063776E+01  0.1373393E-01 -0.3807894E-01  0.5180236E-03  0.1694540E+00  0.4502199E-02
  0.6159833333333E+02  0.1064233E+01  0.1370578E-01 -0.3806175E-01  0.5158730E-03  0.1696032E+00  0.4476481E-02
  0.6163166666667E+02  0.1064688E+01  0.1367739E-01 -0.3804462E-01  0.5137220E-03  0.1697516E+00  0.4450742E-02
  0.6166500000000E+02  0.1065143E+01  0.1364876E-01 -0.3802757E-01  0.5115707E-03  0.1698991E+00  0.4424983E-02
  0.6169833333333E+02  0.1065597E+01  0.1361991E-01 -0.3801059E-01  0.5094193E-03  0.1700457E+00  0.4399208E-02
  0.6173166666667E+02  0.1066050E+01  0.1359082E-01 -0.3799368E-01  0.5072683E-03  0.1701915E+00  0.4373418E-02
  0.6176500000000E+02  0.1066502E+01  0.1356150E-01 -0.3797684E-01  0.5051179E-03  0.1703364E+00  0.4347616E-02
  0.6179833333333E+02  0.1066954E+01  0.1353196E-01 -0.3796008E-01  0.5029685E-03  0.1704805E+00  0.4321803E-02
  0.6183166666667E+02  0.1067404E+01  0.1350219E-01 -0.3794338E-01  0.5008207E-03  0.1706237E+00  0.4295983E-02
  0.6186500000000E+02  0.1067853E+01  0.1347220E-01 -0.3792676E-01  0.4986750E-03  0.1707660E+00  0.4270156E-02
  0.6189833333333E+02  0.1068301E+01  0.1344199E-01 -0.3791021E-01  0.4965317E-03  0.1709075E+00  0.4244325E-02
  0.6193166666667E+02  0.1068748E+01  0.1341157E-01 -0.3789373E-01  0.4943917E-03  0.1710481E+00  0.4218491E-02
  0.6196500000000E+02  0.1069194E+01  0.1338093E-01 -0.3787732E-01  0.4922553E-03  0.1711879E+00  0.4192656E-02
  0.6199833333333E+02  0.1069639E+01  0.1335008E-01 -0.3786099E-01  0.4901233E-03  0.1713268E+00  0.4166821E-02
  0.6203166666667E+02  0.1070083E+01  0.1331902E-01 -0.3784472E-01  0.4879962E-03  0.1714648E+00  0.4140988E-02
  0.6206500000000E+02  0.1070526E+01  0.1328777E-01 -0.3782852E-01  0.4858748E-03  0.1716020E+00  0.4115158E-02
  0.6209833333333E+02  0.1070968E+01  0.1325631E-01 -0.3781240E-01  0.4837596E-03  0.1717383E+00  0.4089333E-02
  0.6213166666667E+02  0.1071408E+01  0.1322465E-01 -0.3779634E-01  0.4816514E-03  0.1718737E+00  0.4063514E-02
  0.6216500000000E+02  0.1071848E+01  0.1319280E-01 -0.3778036E-01  0.4795508E-03  0.1720083E+00  0.4037702E-02
  0.6219833333333E+02  0.1072287E+01  0.1316077E-01 -0.3776444E-01  0.4774585E-03  0.1721420E+00  0.4011898E-02
  0.6223166666667E+02  0.1072724E+01  0.1312855E-01 -0.3774860E-01  0.4753750E-03  0.1722749E+00  0.3986105E-02
  0.6226500000000E+02  0.1073161E+01  0.1309615E-01 -0.3773282E-01  0.4733010E-03  0.1724069E+00  0.3960322E-02
  0.6229833333333E+02  0.1073596E+01  0.1306357E-01 -0.3771711E-01  0.4712370E-03  0.1725381E+00  0.3934551E-02
  0.6233166666667E+02  0.1074031E+01  0.1303082E-01 -0.3770147E-01  0.4691837E-03  0.1726684E+00  0.3908793E-02
  0.6236500000000E+02  0.1074464E+01  0.1299790E-01 -0.3768590E-01  0.4671416E-03  0.1727978E+00  0.3883050E-02
  0.6239833333333E+02  0.1074896E+01  0.1296482E-01 -0.3767040E-01  0.4651110E-03  0.1729264E+00  0.3857322E-02
  0.6243166666667E+02  0.1075327E+01  0.1293158E-01 -0.3765496E-01  0.4630924E-03  0.1730541E+00  0.3831611E-02
  0.6246500000000E+02  0.1075757E+01  0.1289818E-01 -0.3763959E-01  0.4610862E-03  0.1731810E+00  0.3805918E-02
  0.6249833333333E+02  0.1076186E+01  0.1286463E-01 -0.3762429E-01  0.4590925E-03  0.1733070E+00  0.3780245E-02
  0.6253166666667E+02  0.1076614E+01  0.1283093E-01 -0.3760905E-01  0.4571117E-03  0.1734321E+00  0.3754592E-02
  0.6256500000000E+02  0.1077040E+01  0.1279710E-01 -0.3759388E-01  0.4551439E-03  0.1735564E+00  0.3728961E-02
  0.6259833333333E+02  0.1077466E+01  0.1276312E-01 -0.3757877E-01  0.4531890E-03  0.1736799E+00  0.3703353E-02
  0.6263166666667E+02  0.1077890E+01  0.1272900E-01 -0.3756373E-01  0.4512472E-03  0.1738025E+00  0.3677770E-02
  0.6266500000000E+02  0.1078313E+01  0.1269476E-01 -0.3754875E-01  0.4493182E-03  0.1739242E+00  0.3652214E-02
  0.6269833333333E+02  0.1078735E+01  0.1266039E-01 -0.3753384E-01  0.4474020E-03  0.1740451E+00  0.3626685E-02
  0.6273166666667E+02  0.1079156E+01  0.1262589E-01 -0.3751899E-01  0.4454983E-03  0.1741651E+00  0.3601186E-02
  0.6276500000000E+02  0.1079576E+01  0.1259128E-01 -0.3750420E-01  0.4436067E-03  0.1742843E+00  0.3575717E-02
  0.6279833333333E+02  0.1079994E+01  0.1255655E-01 -0.3748948E-01  0.4417270E-03  0.1744027E+00  0.3550282E-02
  0.6283166666667E+02  0.1080412E+01  0.1252171E-01 -0.3747482E-01  0.4398587E-03  0.1745202E+00  0.3524880E-02
  0.6286500000000E+02  0.1080828E+01  0.1248676E-01 -0.3746022E-01  0.4380013E-03  0.1746368E+00  0.3499515E-02
  0.6289833333333E+02  0.1081243E+01  0.1245171E-01 -0.3744568E-01  0.4361544E-03  0.1747526E+00  0.3474187E-02
  0.6293166666667E+02  0.1081657E+01  0.1241655E-01 -0.3743120E-01  0.4343173E-03  0.1748676E+00  0.3448899E-02
  0.6296500000000E+02  0.1082070E+01  0.1238130E-01 -0.3741679E-01  0.4324896E-03  0.1749817E+00  0.3423652E-02
  0.6299833333333E+02  0.1082481E+01  0.1234596E-01 -0.3740243E-01  0.4306705E-03  0.1750950E+00  0.3398448E-02
  0.6303166666667E+02  0.1082892E+01  0.1231053E-01 -0.3738814E-01  0.4288597E-03  0.1752074E+00  0.3373288E-02
  0.6306500000000E+02  0.1083301E+01  0.1227501E-01 -0.3737390E-01  0.4270564E-03  0.1753190E+00  0.3348175E-02
  0.6309833333333E+02  0.1083709E+01  0.1223942E-01 -0.3735972E-01  0.4252600E-03  0.1754298E+00  0.3323110E-02
  0.6313166666667E+02  0.1084115E+01  0.1220374E-01 -0.3734561E-01  0.4234702E-03  0.1755397E+00  0.3298095E-02
  0.6316500000000E+02  0.1084521E+01  0.1216799E-01 -0.3733155E-01  0.4216862E-03  0.1756488E+00  0.3273131E-02
  0.6319833333333E+02  0.1084925E+01  0.1213218E-01 -0.3731756E-01  0.4199077E-03  0.1757571E+00  0.3248220E-02
  0.6323166666667E+02  0.1085329E+01  0.1209629E-01 -0.3730362E-01  0.4181342E-03  0.1758646E+00  0.3223364E-02
  0.6326500000000E+02  0.1085731E+01  0.1206035E-01 -0.3728974E-01  0.4163653E-03  0.1759712E+00  0.3198563E-02
  0.6329833333333E+02  0.1086132E+01  0.1202435E-01 -0.3727592E-01  0.4146006E-03  0.1760770E+00  0.3173819E-02
  0.6333166666667E+02  0.1086531E+01  0.1198829E-01 -0.3726216E-01  0.4128399E-03  0.1761819E+00  0.3149135E-02
  0.6336500000000E+02  0.1086930E+01  0.1195218E-01 -0.3724846E-01  0.4110828E-03  0.1762861E+00  0.3124510E-02
  0.6339833333333E+02  0.1087327E+01  0.1191603E-01 -0.3723481E-01  0.4093293E-03  0.1763894E+00  0.3099946E-02
  0.6343166666667E+02  0.1087723E+01  0.1187984E-01 -0.3722122E-01  0.4075793E-03  0.1764919E+00  0.3075444E-02
  0.6346500000000E+02  0.1088118E+01  0.1184361E-01 -0.3720770E-01  0.4058326E-03  0.1765936E+00  0.3051005E-02
  0.6349833333333E+02  0.1088511E+01  0.1180734E-01 -0.3719423E-01  0.4040894E-03  0.1766945E+00  0.3026631E-02
  0.6353166666667E+02  0.1088903E+01  0.1177105E-01 -0.3718082E-01  0.4023497E-03  0.1767946E+00  0.3002322E-02
  0.6356500000000E+02  0.1089295E+01  0.1173473E-01 -0.3716746E-01  0.4006136E-03  0.1768939E+00  0.2978078E-02
  0.6359833333333E+02  0.1089685E+01  0.1169839E-01 -0.3715417E-01  0.3988814E-03  0.1769923E+00  0.2953901E-02
  0.6363166666667E+02  0.1090073E+01  0.1166204E-01 -0.3714093E-01  0.3971534E-03  0.1770900E+00  0.2929791E-02
  0.6366500000000E+02  0.1090461E+01  0.1162567E-01 -0.3712775E-01  0.3954300E-03  0.1771869E+00  0.2905749E-02
  0.6369833333333E+02  0.1090847E+01  0.1158930E-01 -0.3711462E-01  0.3937114E-03  0.1772829E+00  0.2881775E-02
  0.6373166666667E+02  0.1091232E+01  0.1155292E-01 -0.3710156E-01  0.3919982E-03  0.1773782E+00  0.2857870E-02
  0.6376500000000E+02  0.1091616E+01  0.1151654E-01 -0.3708855E-01  0.3902908E-03  0.1774726E+00  0.2834034E-02
  0.6379833333333E+02  0.1091999E+01  0.1148017E-01 -0.3707559E-01  0.3885898E-03  0.1775663E+00  0.2810267E-02
  0.6383166666667E+02  0.1092380E+01  0.1144380E-01 -0.3706270E-01  0.3868958E-03  0.1776592E+00  0.2786570E-02
  0.6386500000000E+02  0.1092760E+01  0.1140745E-01 -0.3704986E-01  0.3852093E-03  0.1777513E+00  0.2762942E-02
  0.6389833333333E+02  0.1093140E+01  0.1137112E-01 -0.3703707E-01  0.3835310E-03  0.1778426E+00  0.2739384E-02
  0.6393166666667E+02  0.1093517E+01  0.1133480E-01 -0.3702434E-01  0.3818616E-03  0.1779331E+00  0.2715897E-02
  0.6396500000000E+02  0.1093894E+01  0.1129851E-01 -0.3701167E-01  0.3802016E-03  0.1780229E+00  0.2692480E-02
  0.6399833333333E+02  0.1094269E+01  0.1126225E-01 -0.3699905E-01  0.3785519E-03  0.1781119E+00  0.2669133E-02
  0.6403166666667E+02  0.1094644E+01  0.1122602E-01 -0.3698649E-01  0.3769130E-03  0.1782001E+00  0.2645856E-02
  0.6406500000000E+02  0.1095017E+01  0.1118982E-01 -0.3697398E-01  0.3752856E-03  0.1782875E+00  0.2622650E-02
  0.6409833333333E+02  0.1095388E+01  0.1115366E-01 -0.3696152E-01  0.3736703E-03  0.1783741E+00  0.2599515E-02
  0.6413166666667E+02  0.1095759E+01  0.1111755E-01 -0.3694912E-01  0.3720679E-03  0.1784600E+00  0.2576450E-02
  0.6416500000000E+02  0.1096128E+01  0.1108147E-01 -0.3693677E-01  0.3704789E-03  0.1785451E+00  0.2553456E-02
  0.6419833333333E+02  0.1096497E+01  0.1104544E-01 -0.3692447E-01  0.3689039E-03  0.1786295E+00  0.2530533E-02
  0.6423166666667E+02  0.1096863E+01  0.1100947E-01 -0.3691223E-01  0.3673435E-03  0.1787131E+00  0.2507681E-02
  0.6426500000000E+02  0.1097229E+01  0.1097354E-01 -0.3690004E-01  0.3657980E-03  0.1787959E+00  0.2484901E-02
  0.6429833333333E+02  0.1097594E+01  0.1093767E-01 -0.3688789E-01  0.3642681E-03  0.1788780E+00  0.2462193E-02
  0.6433166666667E+02  0.1097957E+01  0.1090185E-01 -0.3687580E-01  0.3627541E-03  0.1789593E+00  0.2439557E-02
  0.6436500000000E+02  0.1098319E+01  0.1086609E-01 -0.3686376E-01  0.3612564E-03  0.1790399E+00  0.2416994E-02
  0.6439833333333E+02  0.1098680E+01  0.1083039E-01 -0.3685177E-01  0.3597753E-03  0.1791197E+00  0.2394504E-02
  0.6443166666667E+02  0.1099040E+01  0.1079475E-01 -0.3683982E-01  0.3583110E-03  0.1791987E+00  0.2372087E-02
  0.6446500000000E+02  0.1099399E+01  0.1075917E-01 -0.3682793E-01  0.3568637E-03  0.1792771E+00  0.2349745E-02
  0.6449833333333E+02  0.1099756E+01  0.1072366E-01 -0.3681608E-01  0.3554335E-03  0.1793547E+00  0.2327478E-02
  0.6453166666667E+02  0.1100113E+01  0.1068820E-01 -0.3680428E-01  0.3540206E-03  0.1794315E+00  0.2305286E-02
  0.6456500000000E+02  0.1100468E+01  0.1065281E-01 -0.3679253E-01  0.3526250E-03  0.1795076E+00  0.2283171E-02
  0.6459833333333E+02  0.1100822E+01  0.1061748E-01 -0.3678082E-01  0.3512465E-03  0.1795830E+00  0.2261134E-02
  0.6463166666667E+02  0.1101174E+01  0.1058222E-01 -0.3676916E-01  0.3498851E-03  0.1796576E+00  0.2239175E-02
  0.6466500000000E+02  0.1101526E+01  0.1054702E-01 -0.3675754E-01  0.3485407E-03  0.1797315E+00  0.2217296E-02
  0.6469833333333E+02  0.1101876E+01  0.1051188E-01 -0.3674596E-01  0.3472130E-03  0.1798047E+00  0.2195497E-02
  0.6473166666667E+02  0.1102226E+01  0.1047681E-01 -0.3673443E-01  0.3459018E-03  0.1798772E+00  0.2173780E-02
  0.6476500000000E+02  0.1102574E+01  0.1044179E-01 -0.3672295E-01  0.3446068E-03  0.1799489E+00  0.2152145E-02
  0.6479833333333E+02  0.1102921E+01  0.1040684E-01 -0.3671150E-01  0.3433276E-03  0.1800199E+00  0.2130595E-02
  0.6483166666667E+02  0.1103266E+01  0.1037195E-01 -0.3670010E-01  0.3420639E-03  0.1800902E+00  0.2109129E-02
  0.6486500000000E+02  0.1103611E+01  0.1033712E-01 -0.3668874E-01  0.3408153E-03  0.1801598E+00  0.2087750E-02
  0.6489833333333E+02  0.1103954E+01  0.1030234E-01 -0.3667742E-01  0.3395813E-03  0.1802287E+00  0.2066459E-02
  0.6493166666667E+02  0.1104297E+01  0.1026763E-01 -0.3666614E-01  0.3383614E-03  0.1802969E+00  0.2045256E-02
  0.6496500000000E+02  0.1104638E+01  0.1023297E-01 -0.3665490E-01  0.3371551E-03  0.1803643E+00  0.2024144E-02
  0.6499833333333E+02  0.1104978E+01  0.1019836E-01 -0.3664370E-01  0.3359620E-03  0.1804311E+00  0.2003122E-02
  0.6503166666667E+02  0.1105316E+01  0.1016381E-01 -0.3663254E-01  0.3347816E-03  0.1804972E+00  0.1982194E-02
  0.6506500000000E+02  0.1105654E+01  0.1012931E-01 -0.3662142E-01  0.3336132E-03  0.1805626E+00  0.1961359E-02
  0.6509833333333E+02  0.1105991E+01  0.1009486E-01 -0.3661034E-01  0.3324563E-03  0.1806273E+00  0.1940619E-02
  0.6513166666667E+02  0.1106326E+01  0.1006046E-01 -0.3659930E-01  0.3313104E-03  0.1806913E+00  0.1919975E-02
  0.6516500000000E+02  0.1106660E+01  0.1002610E-01 -0.3658829E-01  0.3301750E-03  0.1807546E+00  0.1899429E-02
  0.6519833333333E+02  0.1106993E+01  0.9991799E-02 -0.3657732E-01  0.3290494E-03  0.1808172E+00  0.1878980E-02
  0.6523166666667E+02  0.1107325E+01  0.9957541E-02 -0.3656639E-01  0.3279332E-03  0.1808792E+00  0.1858632E-02
  0.6526500000000E+02  0.1107656E+01  0.9923327E-02 -0.3655550E-01  0.3268257E-03  0.1809404E+00  0.1838384E-02
  0.6529833333333E+02  0.1107985E+01  0.9889156E-02 -0.3654464E-01  0.3257266E-03  0.1810010E+00  0.1818237E-02
  0.6533166666667E+02  0.1108314E+01  0.9855029E-02 -0.3653382E-01  0.3246352E-03  0.1810610E+00  0.1798193E-02
  0.6536500000000E+02  0.1108641E+01  0.9820943E-02 -0.3652304E-01  0.3235511E-03  0.1811203E+00  0.1778253E-02
  0.6539833333333E+02  0.1108968E+01  0.9786897E-02 -0.3651229E-01  0.3224737E-03  0.1811789E+00  0.1758416E-02
  0.6543166666667E+02  0.1109293E+01  0.9752892E-02 -0.3650157E-01  0.3214026E-03  0.1812368E+00  0.1738685E-02
  0.6546500000000E+02  0.1109617E+01  0.9718926E-02 -0.3649090E-01  0.3203373E-03  0.1812941E+00  0.1719060E-02
  0.6549833333333E+02  0.1109939E+01  0.9684998E-02 -0.3648025E-01  0.3192774E-03  0.1813508E+00  0.1699541E-02
  0.6553166666667E+02  0.1110261E+01  0.9651109E-02 -0.3646965E-01  0.3182224E-03  0.1814068E+00  0.1680130E-02
  0.6556500000000E+02  0.1110582E+01  0.9617257E-02 -0.3645907E-01  0.3171721E-03  0.1814621E+00  0.1660827E-02
  0.6559833333333E+02  0.1110901E+01  0.9583442E-02 -0.3644854E-01  0.3161259E-03  0.1815169E+00  0.1641632E-02
  0.6563166666667E+02  0.1111219E+01  0.9549664E-02 -0.3643803E-01  0.3150835E-03  0.1815710E+00  0.1622546E-02
  0.6566500000000E+02  0.1111537E+01  0.9515923E-02 -0.3642756E-01  0.3140446E-03  0.1816244E+00  0.1603570E-02
  0.6569833333333E+02  0.1111853E+01  0.9482219E-02 -0.3641713E-01  0.3130088E-03  0.1816772E+00  0.1584704E-02
  0.6573166666667E+02  0.1112168E+01  0.9448551E-02 -0.3640673E-01  0.3119759E-03  0.1817294E+00  0.1565949E-02
  0.6576500000000E+02  0.1112482E+01  0.9414920E-02 -0.3639637E-01  0.3109455E-03  0.1817810E+00  0.1547304E-02
  0.6579833333333E+02  0.1112794E+01  0.9381326E-02 -0.3638604E-01  0.3099174E-03  0.1818320E+00  0.1528771E-02
  0.6583166666667E+02  0.1113106E+01  0.9347769E-02 -0.3637574E-01  0.3088914E-03  0.1818823E+00  0.1510349E-02
  0.6586500000000E+02  0.1113416E+01  0.9314249E-02 -0.3636548E-01  0.3078671E-03  0.1819320E+00  0.1492039E-02
  0.6589833333333E+02  0.1113726E+01  0.9280768E-02 -0.3635525E-01  0.3068445E-03  0.1819812E+00  0.1473842E-02
  0.6593166666667E+02  0.1114034E+01  0.9247325E-02 -0.3634506E-01  0.3058233E-03  0.1820297E+00  0.1455757E-02
  0.6596500000000E+02  0.1114341E+01  0.9213922E-02 -0.3633490E-01  0.3048033E-03  0.1820776E+00  0.1437784E-02
  0.6599833333333E+02  0.1114647E+01  0.9180559E-02 -0.3632477E-01  0.3037843E-03  0.1821250E+00  0.1419924E-02
  0.6603166666667E+02  0.1114952E+01  0.9147236E-02 -0.3631468E-01  0.3027663E-03  0.1821717E+00  0.1402177E-02
  0.6606500000000E+02  0.1115256E+01  0.9113955E-02 -0.3630462E-01  0.3017490E-03  0.1822178E+00  0.1384543E-02
  0.6609833333333E+02  0.1115558E+01  0.9080716E-02 -0.3629459E-01  0.3007324E-03  0.1822634E+00  0.1367023E-02
  0.6613166666667E+02  0.1115860E+01  0.9047521E-02 -0.3628460E-01  0.2997163E-03  0.1823084E+00  0.1349615E-02
  0.6616500000000E+02  0.1116161E+01  0.9014370E-02 -0.3627465E-01  0.2987007E-03  0.1823528E+00  0.1332321E-02
  0.6619833333333E+02  0.1116460E+01  0.8981265E-02 -0.3626472E-01  0.2976854E-03  0.1823966E+00  0.1315141E-02
  0.6623166666667E+02  0.1116758E+01  0.8948207E-02 -0.3625483E-01  0.2966703E-03  0.1824399E+00  0.1298073E-02
  0.6626500000000E+02  0.1117055E+01  0.8915197E-02 -0.3624498E-01  0.2956554E-03  0.1824826E+00  0.1281120E-02
  0.6629833333333E+02  0.1117351E+01  0.8882235E-02 -0.3623516E-01  0.2946406E-03  0.1825248E+00  0.1264280E-02
  0.6633166666667E+02  0.1117646E+01  0.8849325E-02 -0.3622537E-01  0.2936259E-03  0.1825663E+00  0.1247553E-02
  0.6636500000000E+02  0.1117940E+01  0.8816466E-02 -0.3621562E-01  0.2926111E-03  0.1826074E+00  0.1230940E-02
  0.6639833333333E+02  0.1118233E+01  0.8783660E-02 -0.3620590E-01  0.2915962E-03  0.1826479E+00  0.1214440E-02
  0.6643166666667E+02  0.1118525E+01  0.8750909E-02 -0.3619621E-01  0.2905812E-03  0.1826878E+00  0.1198055E-02
  0.6646500000000E+02  0.1118815E+01  0.8718214E-02 -0.3618656E-01  0.2895660E-03  0.1827272E+00  0.1181782E-02
  0.6649833333333E+02  0.1119105E+01  0.8685576E-02 -0.3617694E-01  0.2885506E-03  0.1827660E+00  0.1165623E-02
  0.6653166666667E+02  0.1119393E+01  0.8652997E-02 -0.3616736E-01  0.2875348E-03  0.1828044E+00  0.1149578E-02
  0.6656500000000E+02  0.1119681E+01  0.8620478E-02 -0.3615781E-01  0.2865187E-03  0.1828422E+00  0.1133647E-02
  0.6659833333333E+02  0.1119967E+01  0.8588021E-02 -0.3614829E-01  0.2855022E-03  0.1828794E+00  0.1117828E-02
  0.6663166666667E+02  0.1120252E+01  0.8555627E-02 -0.3613881E-01  0.2844852E-03  0.1829161E+00  0.1102124E-02
  0.6666500000000E+02  0.1120536E+01  0.8523297E-02 -0.3612936E-01  0.2834678E-03  0.1829524E+00  0.1086532E-02
  0.6669833333333E+02  0.1120819E+01  0.8491034E-02 -0.3611994E-01  0.2824497E-03  0.1829881E+00  0.1071055E-02
  0.6673166666667E+02  0.1121101E+01  0.8458839E-02 -0.3611056E-01  0.2814311E-03  0.1830233E+00  0.1055690E-02
  0.6676500000000E+02  0.1121382E+01  0.8426713E-02 -0.3610121E-01  0.2804118E-03  0.1830579E+00  0.1040439E-02
  0.6679833333333E+02  0.1121662E+01  0.8394657E-02 -0.3609190E-01  0.2793917E-03  0.1830921E+00  0.1025301E-02
  0.6683166666667E+02  0.1121941E+01  0.8362673E-02 -0.3608262E-01  0.2783708E-03  0.1831258E+00  0.1010277E-02
  0.6686500000000E+02  0.1122218E+01  0.8330763E-02 -0.3607338E-01  0.2773491E-03  0.1831590E+00  0.9953657E-03
  0.6689833333333E+02  0.1122495E+01  0.8298928E-02 -0.3606417E-01  0.2763264E-03  0.1831917E+00  0.9805676E-03
  0.6693166666667E+02  0.1122771E+01  0.8267169E-02 -0.3605499E-01  0.2753028E-03  0.1832239E+00  0.9658827E-03
  0.6696500000000E+02  0.1123045E+01  0.8235488E-02 -0.3604585E-01  0.2742780E-03  0.1832556E+00  0.9513109E-03
  0.6699833333333E+02  0.1123319E+01  0.8203887E-02 -0.3603674E-01  0.2732521E-03  0.1832868E+00  0.9368521E-03
  0.6703166666667E+02  0.1123591E+01  0.8172366E-02 -0.3602766E-01  0.2722250E-03  0.1833175E+00  0.9225061E-03
  0.6706500000000E+02  0.1123862E+01  0.8140926E-02 -0.3601862E-01  0.2711966E-03  0.1833478E+00  0.9082731E-03
  0.6709833333333E+02  0.1124133E+01  0.8109570E-02 -0.3600962E-01  0.2701668E-03  0.1833776E+00  0.8941528E-03
  0.6713166666667E+02  0.1124402E+01  0.8078299E-02 -0.3600065E-01  0.2691356E-03  0.1834070E+00  0.8801451E-03
  0.6716500000000E+02  0.1124670E+01  0.8047113E-02 -0.3599171E-01  0.2681028E-03  0.1834358E+00  0.8662500E-03
  0.6719833333333E+02  0.1124937E+01  0.8016015E-02 -0.3598281E-01  0.2670685E-03  0.1834643E+00  0.8524672E-03
  0.6723166666667E+02  0.1125204E+01  0.7985004E-02 -0.3597394E-01  0.2660325E-03  0.1834922E+00  0.8387968E-03
  0.6726500000000E+02  0.1125469E+01  0.7954084E-02 -0.3596511E-01  0.2649947E-03  0.1835197E+00  0.8252385E-03
  0.6729833333333E+02  0.1125733E+01  0.7923254E-02 -0.3595631E-01  0.2639551E-03  0.1835468E+00  0.8117921E-03
  0.6733166666667E+02  0.1125996E+01  0.7892516E-02 -0.3594755E-01  0.2629136E-03  0.1835734E+00  0.7984575E-03
  0.6736500000000E+02  0.1126258E+01  0.7861871E-02 -0.3593882E-01  0.2618702E-03  0.1835996E+00  0.7852346E-03
  0.6739833333333E+02  0.1126519E+01  0.7831320E-02 -0.3593012E-01  0.2608247E-03  0.1836253E+00  0.7721230E-03
  0.6743166666667E+02  0.1126779E+01  0.7800865E-02 -0.3592146E-01  0.2597771E-03  0.1836506E+00  0.7591225E-03
  0.6746500000000E+02  0.1127038E+01  0.7770506E-02 -0.3591284E-01  0.2587274E-03  0.1836755E+00  0.7462330E-03
  0.6749833333333E+02  0.1127296E+01  0.7740244E-02 -0.3590425E-01  0.2576755E-03  0.1836999E+00  0.7334542E-03
  0.6753166666667E+02  0.1127553E+01  0.7710080E-02 -0.3589570E-01  0.2566213E-03  0.1837240E+00  0.7207857E-03
  0.6756500000000E+02  0.1127809E+01  0.7680016E-02 -0.3588718E-01  0.2555648E-03  0.1837476E+00  0.7082273E-03
  0.6759833333333E+02  0.1128064E+01  0.7650053E-02 -0.3587869E-01  0.2545059E-03  0.1837708E+00  0.6957786E-03
  0.6763166666667E+02  0.1128318E+01  0.7620190E-02 -0.3587024E-01  0.2534447E-03  0.1837935E+00  0.6834394E-03
  0.6766500000000E+02  0.1128571E+01  0.7590430E-02 -0.3586183E-01  0.2523810E-03  0.1838159E+00  0.6712093E-03
  0.6769833333333E+02  0.1128823E+01  0.7560773E-02 -0.3585346E-01  0.2513149E-03  0.1838379E+00  0.6590879E-03
  0.6773166666667E+02  0.1129074E+01  0.7531220E-02 -0.3584511E-01  0.2502462E-03  0.1838595E+00  0.6470747E-03
  0.6776500000000E+02  0.1129324E+01  0.7501772E-02 -0.3583681E-01  0.2491751E-03  0.1838806E+00  0.6351695E-03
  0.6779833333333E+02  0.1129573E+01  0.7472429E-02 -0.3582854E-01  0.2481014E-03  0.1839014E+00  0.6233717E-03
  0.6783166666667E+02  0.1129821E+01  0.7443193E-02 -0.3582030E-01  0.2470252E-03  0.1839218E+00  0.6116809E-03
  0.6786500000000E+02  0.1130069E+01  0.7414064E-02 -0.3581211E-01  0.2459464E-03  0.1839418E+00  0.6000966E-03
  0.6789833333333E+02  0.1130315E+01  0.7385043E-02 -0.3580394E-01  0.2448651E-03  0.1839614E+00  0.5886184E-03
  0.6793166666667E+02  0.1130560E+01  0.7356130E-02 -0.3579582E-01  0.2437813E-03  0.1839807E+00  0.5772456E-03
  0.6796500000000E+02  0.1130804E+01  0.7327327E-02 -0.3578773E-01  0.2426949E-03  0.1839995E+00  0.5659778E-03
  0.6799833333333E+02  0.1131047E+01  0.7298635E-02 -0.3577967E-01  0.2416060E-03  0.1840180E+00  0.5548145E-03
  0.6803166666667E+02  0.1131290E+01  0.7270053E-02 -0.3577166E-01  0.2405145E-03  0.1840361E+00  0.5437550E-03
  0.6806500000000E+02  0.1131531E+01  0.7241582E-02 -0.3576368E-01  0.2394207E-03  0.1840539E+00  0.5327987E-03
  0.6809833333333E+02  0.1131772E+01  0.7213223E-02 -0.3575573E-01  0.2383243E-03  0.1840713E+00  0.5219451E-03
  0.6813166666667E+02  0.1132011E+01  0.7184977E-02 -0.3574782E-01  0.2372255E-03  0.1840883E+00  0.5111935E-03
  0.6816500000000E+02  0.1132250E+01  0.7156845E-02 -0.3573995E-01  0.2361244E-03  0.1841050E+00  0.5005432E-03
  0.6819833333333E+02  0.1132487E+01  0.7128826E-02 -0.3573212E-01  0.2350209E-03  0.1841214E+00  0.4899937E-03
  0.6823166666667E+02  0.1132724E+01  0.7100921E-02 -0.3572432E-01  0.2339152E-03  0.1841373E+00  0.4795441E-03
  0.6826500000000E+02  0.1132960E+01  0.7073131E-02 -0.3571656E-01  0.2328072E-03  0.1841530E+00  0.4691939E-03
  0.6829833333333E+02  0.1133195E+01  0.7045457E-02 -0.3570884E-01  0.2316970E-03  0.1841683E+00  0.4589423E-03
  0.6833166666667E+02  0.1133429E+01  0.7017898E-02 -0.3570115E-01  0.2305847E-03  0.1841832E+00  0.4487885E-03
  0.6836500000000E+02  0.1133662E+01  0.6990456E-02 -0.3569350E-01  0.2294703E-03  0.1841979E+00  0.4387319E-03
  0.6839833333333E+02  0.1133894E+01  0.6963131E-02 -0.3568589E-01  0.2283539E-03  0.1842122E+00  0.4287717E-03
  0.6843166666667E+02  0.1134125E+01  0.6935922E-02 -0.3567832E-01  0.2272356E-03  0.1842261E+00  0.4189072E-03
  0.6846500000000E+02  0.1134355E+01  0.6908831E-02 -0.3567078E-01  0.2261155E-03  0.1842398E+00  0.4091374E-03
  0.6849833333333E+02  0.1134585E+01  0.6881859E-02 -0.3566328E-01  0.2249936E-03  0.1842531E+00  0.3994618E-03
  0.6853166666667E+02  0.1134813E+01  0.6855004E-02 -0.3565582E-01  0.2238700E-03  0.1842661E+00  0.3898794E-03
  0.6856500000000E+02  0.1135041E+01  0.6828268E-02 -0.3564839E-01  0.2227448E-03  0.1842788E+00  0.3803894E-03
  0.6859833333333E+02  0.1135267E+01  0.6801651E-02 -0.3564101E-01  0.2216180E-03  0.1842911E+00  0.3709911E-03
  0.6863166666667E+02  0.1135493E+01  0.6775153E-02 -0.3563366E-01  0.2204899E-03  0.1843032E+00  0.3616836E-03
  0.6866500000000E+02  0.1135718E+01  0.6748775E-02 -0.3562634E-01  0.2193604E-03  0.1843149E+00  0.3524661E-03
  0.6869833333333E+02  0.1135942E+01  0.6722516E-02 -0.3561907E-01  0.2182296E-03  0.1843264E+00  0.3433377E-03
  0.6873166666667E+02  0.1136165E+01  0.6696377E-02 -0.3561183E-01  0.2170977E-03  0.1843375E+00  0.3342976E-03
  0.6876500000000E+02  0.1136388E+01  0.6670359E-02 -0.3560463E-01  0.2159647E-03  0.1843484E+00  0.3253450E-03
  0.6879833333333E+02  0.1136609E+01  0.6644460E-02 -0.3559747E-01  0.2148308E-03  0.1843589E+00  0.3164789E-03
  0.6883166666667E+02  0.1136830E+01  0.6618683E-02 -0.3559035E-01  0.2136960E-03  0.1843692E+00  0.3076987E-03
  0.6886500000000E+02  0.1137050E+01  0.6593026E-02 -0.3558326E-01  0.2125604E-03  0.1843791E+00  0.2990033E-03
  0.6889833333333E+02  0.1137269E+01  0.6567490E-02 -0.3557622E-01  0.2114242E-03  0.1843888E+00  0.2903919E-03
  0.6893166666667E+02  0.1137487E+01  0.6542074E-02 -0.3556921E-01  0.2102875E-03  0.1843982E+00  0.2818637E-03
  0.6896500000000E+02  0.1137704E+01  0.6516780E-02 -0.3556224E-01  0.2091503E-03  0.1844073E+00  0.2734179E-03
  0.6899833333333E+02  0.1137920E+01  0.6491606E-02 -0.3555530E-01  0.2080127E-03  0.1844162E+00  0.2650535E-03
  0.6903166666667E+02  0.1138136E+01  0.6466554E-02 -0.3554841E-01  0.2068749E-03  0.1844247E+00  0.2567697E-03
  0.6906500000000E+02  0.1138351E+01  0.6441623E-02 -0.3554155E-01  0.2057370E-03  0.1844330E+00  0.2485656E-03
  0.6909833333333E+02  0.1138564E+01  0.6416812E-02 -0.3553473E-01  0.2045990E-03  0.1844410E+00  0.2404405E-03
  0.6913166666667E+02  0.1138778E+01  0.6392123E-02 -0.3552795E-01  0.2034612E-03  0.1844488E+00  0.2323934E-03
  0.6916500000000E+02  0.1138990E+01  0.6367554E-02 -0.3552120E-01  0.2023235E-03  0.1844562E+00  0.2244236E-03
  0.6919833333333E+02  0.1139201E+01  0.6343107E-02 -0.3551450E-01  0.2011861E-03  0.1844635E+00  0.2165302E-03
  0.6923166666667E+02  0.1139412E+01  0.6318780E-02 -0.3550783E-01  0.2000491E-03  0.1844704E+00  0.2087123E-03
  0.6926500000000E+02  0.1139622E+01  0.6294573E-02 -0.3550120E-01  0.1989126E-03  0.1844771E+00  0.2009692E-03
  0.6929833333333E+02  0.1139831E+01  0.6270487E-02 -0.3549460E-01  0.1977767E-03  0.1844836E+00  0.1933000E-03
  0.6933166666667E+02  0.1140039E+01  0.6246521E-02 -0.3548805E-01  0.1966416E-03  0.1844897E+00  0.1857039E-03
  0.6936500000000E+02  0.1140246E+01  0.6222675E-02 -0.3548153E-01  0.1955072E-03  0.1844957E+00  0.1781802E-03
  0.6939833333333E+02  0.1140453E+01  0.6198949E-02 -0.3547505E-01  0.1943738E-03  0.1845014E+00  0.1707280E-03
  0.6943166666667E+02  0.1140659E+01  0.6175343E-02 -0.3546861E-01  0.1932413E-03  0.1845068E+00  0.1633466E-03
  0.6946500000000E+02  0.1140864E+01  0.6151855E-02 -0.3546221E-01  0.1921100E-03  0.1845120E+00  0.1560352E-03
  0.6949833333333E+02  0.1141068E+01  0.6128487E-02 -0.3545584E-01  0.1909799E-03  0.1845170E+00  0.1487930E-03
  0.6953166666667E+02  0.1141272E+01  0.6105237E-02 -0.3544951E-01  0.1898511E-03  0.1845217E+00  0.1416193E-03
  0.6956500000000E+02  0.1141474E+01  0.6082106E-02 -0.3544322E-01  0.1887237E-03  0.1845262E+00  0.1345133E-03
  0.6959833333333E+02  0.1141676E+01  0.6059092E-02 -0.3543697E-01  0.1875978E-03  0.1845304E+00  0.1274744E-03
  0.6963166666667E+02  0.1141878E+01  0.6036196E-02 -0.3543075E-01  0.1864735E-03  0.1845345E+00  0.1205018E-03
  0.6966500000000E+02  0.1142078E+01  0.6013418E-02 -0.3542458E-01  0.1853509E-03  0.1845382E+00  0.1135949E-03
  0.6969833333333E+02  0.1142278E+01  0.5990756E-02 -0.3541844E-01  0.1842301E-03  0.1845418E+00  0.1067528E-03
  0.6973166666667E+02  0.1142477E+01  0.5968210E-02 -0.3541233E-01  0.1831111E-03  0.1845451E+00  0.9997494E-04
  0.6976500000000E+02  0.1142675E+01  0.5945780E-02 -0.3540627E-01  0.1819940E-03  0.1845482E+00  0.9326067E-04
  0.6979833333333E+02  0.1142872E+01  0.5923465E-02 -0.3540024E-01  0.1808789E-03  0.1845511E+00  0.8660930E-04
  0.6983166666667E+02  0.1143069E+01  0.5901265E-02 -0.3539424E-01  0.1797660E-03  0.1845538E+00  0.8002020E-04
  0.6986500000000E+02  0.1143265E+01  0.5879180E-02 -0.3538829E-01  0.1786552E-03  0.1845562E+00  0.7349273E-04
  0.6989833333333E+02  0.1143460E+01  0.5857208E-02 -0.3538237E-01  0.1775467E-03  0.1845585E+00  0.6702627E-04
  0.6993166666667E+02  0.1143655E+01  0.5835350E-02 -0.3537649E-01  0.1764405E-03  0.1845605E+00  0.6062021E-04
  0.6996500000000E+02  0.1143848E+01  0.5813604E-02 -0.3537064E-01  0.1753367E-03  0.1845623E+00  0.5427395E-04
  0.6999833333333E+02  0.1144042E+01  0.5791971E-02 -0.3536484E-01  0.1742353E-03  0.1845639E+00  0.4798690E-04
  0.7003166666667E+02  0.1144234E+01  0.5770449E-02 -0.3535907E-01  0.1731365E-03  0.1845653E+00  0.4175849E-04
  0.7006500000000E+02  0.1144426E+01  0.5749038E-02 -0.3535333E-01  0.1720403E-03  0.1845665E+00  0.3558815E-04
  0.7009833333333E+02  0.1144616E+01  0.5727737E-02 -0.3534763E-01  0.1709468E-03  0.1845675E+00  0.2947533E-04
  0.7013166666667E+02  0.1144807E+01  0.5706547E-02 -0.3534197E-01  0.1698559E-03  0.1845682E+00  0.2341949E-04
  0.7016500000000E+02  0.1144996E+01  0.5685465E-02 -0.3533635E-01  0.1687679E-03  0.1845688E+00  0.1742010E-04
  0.7019833333333E+02  0.1145185E+01  0.5664492E-02 -0.3533076E-01  0.1676827E-03  0.1845692E+00  0.1147664E-04
  0.7023166666667E+02  0.1145373E+01  0.5643627E-02 -0.3532520E-01  0.1666003E-03  0.1845694E+00  0.5588600E-05
  0.7026500000000E+02  0.1145561E+01  0.5622869E-02 -0.3531969E-01  0.1655209E-03  0.1845694E+00 -0.2445258E-06
  0.7029833333333E+02  0.1145747E+01  0.5602218E-02 -0.3531420E-01  0.1644445E-03  0.1845692E+00 -0.6023222E-05
  0.7033166666667E+02  0.1145933E+01  0.5581673E-02 -0.3530876E-01  0.1633710E-03  0.1845688E+00 -0.1174797E-04
  0.7036500000000E+02  0.1146119E+01  0.5561233E-02 -0.3530335E-01  0.1623007E-03  0.1845682E+00 -0.1741923E-04
  0.7039833333333E+02  0.1146303E+01  0.5540897E-02 -0.3529797E-01  0.1612335E-03  0.1845674E+00 -0.2303748E-04
  0.7043166666667E+02  0.1146487E+01  0.5520666E-02 -0.3529263E-01  0.1601694E-03  0.1845665E+00 -0.2860316E-04
  0.7046500000000E+02  0.1146671E+01  0.5500538E-02 -0.3528733E-01  0.1591085E-03  0.1845654E+00 -0.3411671E-04
  0.7049833333333E+02  0.1146853E+01  0.5480512E-02 -0.3528206E-01  0.1580508E-03  0.1845640E+00 -0.3957857E-04
  0.7053166666667E+02  0.1147036E+01  0.5460589E-02 -0.3527683E-01  0.1569964E-03  0.1845625E+00 -0.4498916E-04
  0.7056500000000E+02  0.1147217E+01  0.5440766E-02 -0.3527163E-01  0.1559453E-03  0.1845609E+00 -0.5034890E-04
  0.7059833333333E+02  0.1147398E+01  0.5421045E-02 -0.3526647E-01  0.1548975E-03  0.1845590E+00 -0.5565819E-04
  0.7063166666667E+02  0.1147578E+01  0.5401423E-02 -0.3526134E-01  0.1538530E-03  0.1845570E+00 -0.6091743E-04
  0.7066500000000E+02  0.1147757E+01  0.5381901E-02 -0.3525625E-01  0.1528119E-03  0.1845548E+00 -0.6612703E-04
  0.7069833333333E+02  0.1147936E+01  0.5362477E-02 -0.3525119E-01  0.1517741E-03  0.1845524E+00 -0.7128735E-04
  0.7073166666667E+02  0.1148114E+01  0.5343151E-02 -0.3524616E-01  0.1507398E-03  0.1845498E+00 -0.7639879E-04
  0.7076500000000E+02  0.1148291E+01  0.5323922E-02 -0.3524117E-01  0.1497089E-03  0.1845471E+00 -0.8146170E-04
  0.7079833333333E+02  0.1148468E+01  0.5304790E-02 -0.3523622E-01  0.1486814E-03  0.1845442E+00 -0.8647646E-04
  0.7083166666667E+02  0.1148644E+01  0.5285754E-02 -0.3523129E-01  0.1476574E-03  0.1845412E+00 -0.9144341E-04
  0.7086500000000E+02  0.1148820E+01  0.5266813E-02 -0.3522641E-01  0.1466369E-03  0.1845380E+00 -0.9636291E-04
  0.7089833333333E+02  0.1148995E+01  0.5247967E-02 -0.3522155E-01  0.1456198E-03  0.1845346E+00 -0.1012353E-03
  0.7093166666667E+02  0.1149169E+01  0.5229215E-02 -0.3521673E-01  0.1446063E-03  0.1845311E+00 -0.1060609E-03
  0.7096500000000E+02  0.1149343E+01  0.5210556E-02 -0.3521194E-01  0.1435962E-03  0.1845274E+00 -0.1108401E-03
  0.7099833333333E+02  0.1149516E+01  0.5191990E-02 -0.3520719E-01  0.1425897E-03  0.1845235E+00 -0.1155732E-03
  0.7103166666667E+02  0.1149688E+01  0.5173516E-02 -0.3520247E-01  0.1415866E-03  0.1845195E+00 -0.1202605E-03
  0.7106500000000E+02  0.1149860E+01  0.5155133E-02 -0.3519779E-01  0.1405871E-03  0.1845154E+00 -0.1249023E-03
  0.7109833333333E+02  0.1150031E+01  0.5136842E-02 -0.3519313E-01  0.1395911E-03  0.1845110E+00 -0.1294989E-03
  0.7113166666667E+02  0.1150202E+01  0.5118640E-02 -0.3518851E-01  0.1385987E-03  0.1845066E+00 -0.1340507E-03
  0.7116500000000E+02  0.1150372E+01  0.5100528E-02 -0.3518393E-01  0.1376097E-03  0.1845020E+00 -0.1385579E-03
  0.7119833333333E+02  0.1150541E+01  0.5082505E-02 -0.3517937E-01  0.1366243E-03  0.1844972E+00 -0.1430209E-03
  0.7123166666667E+02  0.1150710E+01  0.5064571E-02 -0.3517485E-01  0.1356425E-03  0.1844923E+00 -0.1474399E-03
  0.7126500000000E+02  0.1150879E+01  0.5046724E-02 -0.3517036E-01  0.1346641E-03  0.1844872E+00 -0.1518152E-03
  0.7129833333333E+02  0.1151046E+01  0.5028964E-02 -0.3516591E-01  0.1336893E-03  0.1844820E+00 -0.1561470E-03
  0.7133166666667E+02  0.1151213E+01  0.5011292E-02 -0.3516148E-01  0.1327180E-03  0.1844767E+00 -0.1604358E-03
  0.7136500000000E+02  0.1151380E+01  0.4993705E-02 -0.3515709E-01  0.1317503E-03  0.1844712E+00 -0.1646817E-03
  0.7139833333333E+02  0.1151546E+01  0.4976204E-02 -0.3515273E-01  0.1307861E-03  0.1844655E+00 -0.1688851E-03
  0.7143166666667E+02  0.1151711E+01  0.4958787E-02 -0.3514840E-01  0.1298254E-03  0.1844598E+00 -0.1730461E-03
  0.7146500000000E+02  0.1151876E+01  0.4941456E-02 -0.3514411E-01  0.1288682E-03  0.1844539E+00 -0.1771651E-03
  0.7149833333333E+02  0.1152040E+01  0.4924208E-02 -0.3513984E-01  0.1279145E-03  0.1844478E+00 -0.1812423E-03
  0.7153166666667E+02  0.1152203E+01  0.4907043E-02 -0.3513561E-01  0.1269643E-03  0.1844417E+00 -0.1852780E-03
  0.7156500000000E+02  0.1152366E+01  0.4889961E-02 -0.3513141E-01  0.1260177E-03  0.1844353E+00 -0.1892725E-03
  0.7159833333333E+02  0.1152529E+01  0.4872962E-02 -0.3512724E-01  0.1250745E-03  0.1844289E+00 -0.1932259E-03
  0.7163166666667E+02  0.1152691E+01  0.4856044E-02 -0.3512310E-01  0.1241348E-03  0.1844223E+00 -0.1971386E-03
  0.7166500000000E+02  0.1152852E+01  0.4839208E-02 -0.3511900E-01  0.1231986E-03  0.1844156E+00 -0.2010108E-03
  0.7169833333333E+02  0.1153013E+01  0.4822452E-02 -0.3511492E-01  0.1222659E-03  0.1844088E+00 -0.2048427E-03
  0.7173166666667E+02  0.1153173E+01  0.4805776E-02 -0.3511088E-01  0.1213367E-03  0.1844018E+00 -0.2086347E-03
  0.7176500000000E+02  0.1153332E+01  0.4789181E-02 -0.3510686E-01  0.1204110E-03  0.1843948E+00 -0.2123868E-03
  0.7179833333333E+02  0.1153492E+01  0.4772665E-02 -0.3510288E-01  0.1194887E-03  0.1843876E+00 -0.2160995E-03
  0.7183166666667E+02  0.1153650E+01  0.4756227E-02 -0.3509893E-01  0.1185699E-03  0.1843802E+00 -0.2197728E-03
  0.7186500000000E+02  0.1153808E+01  0.4739868E-02 -0.3509501E-01  0.1176546E-03  0.1843728E+00 -0.2234072E-03
  0.7189833333333E+02  0.1153966E+01  0.4723587E-02 -0.3509111E-01  0.1167427E-03  0.1843652E+00 -0.2270027E-03
  0.7193166666667E+02  0.1154122E+01  0.4707384E-02 -0.3508725E-01  0.1158343E-03  0.1843575E+00 -0.2305597E-03
  0.7196500000000E+02  0.1154279E+01  0.4691257E-02 -0.3508342E-01  0.1149293E-03  0.1843497E+00 -0.2340783E-03
  0.7199833333333E+02  0.1154435E+01  0.4675207E-02 -0.3507962E-01  0.1140278E-03  0.1843418E+00 -0.2375589E-03
  0.7203166666667E+02  0.1154590E+01  0.4659234E-02 -0.3507585E-01  0.1131297E-03  0.1843338E+00 -0.2410016E-03
  0.7206500000000E+02  0.1154745E+01  0.4643336E-02 -0.3507211E-01  0.1122351E-03  0.1843256E+00 -0.2444066E-03
  0.7209833333333E+02  0.1154899E+01  0.4627513E-02 -0.3506840E-01  0.1113439E-03  0.1843174E+00 -0.2477743E-03
  0.7213166666667E+02  0.1155053E+01  0.4611766E-02 -0.3506472E-01  0.1104562E-03  0.1843090E+00 -0.2511049E-03
  0.7216500000000E+02  0.1155206E+01  0.4596093E-02 -0.3506106E-01  0.1095719E-03  0.1843005E+00 -0.2543985E-03
  0.7219833333333E+02  0.1155359E+01  0.4580494E-02 -0.3505744E-01  0.1086910E-03  0.1842919E+00 -0.2576554E-03
  0.7223166666667E+02  0.1155511E+01  0.4564968E-02 -0.3505385E-01  0.1078136E-03  0.1842832E+00 -0.2608758E-03
  0.7226500000000E+02  0.1155662E+01  0.4549517E-02 -0.3505028E-01  0.1069396E-03  0.1842744E+00 -0.2640600E-03
  0.7229833333333E+02  0.1155814E+01  0.4534138E-02 -0.3504675E-01  0.1060691E-03  0.1842655E+00 -0.2672082E-03
  0.7233166666667E+02  0.1155964E+01  0.4518831E-02 -0.3504324E-01  0.1052020E-03  0.1842565E+00 -0.2703206E-03
  0.7236500000000E+02  0.1156114E+01  0.4503597E-02 -0.3503976E-01  0.1043383E-03  0.1842474E+00 -0.2733975E-03
  0.7239833333333E+02  0.1156264E+01  0.4488435E-02 -0.3503631E-01  0.1034781E-03  0.1842382E+00 -0.2764390E-03
  0.7243166666667E+02  0.1156413E+01  0.4473344E-02 -0.3503289E-01  0.1026214E-03  0.1842289E+00 -0.2794455E-03
  0.7246500000000E+02  0.1156562E+01  0.4458325E-02 -0.3502950E-01  0.1017681E-03  0.1842195E+00 -0.2824171E-03
  0.7249833333333E+02  0.1156710E+01  0.4443376E-02 -0.3502614E-01  0.1009182E-03  0.1842100E+00 -0.2853541E-03
  0.7253166666667E+02  0.1156857E+01  0.4428498E-02 -0.3502280E-01  0.1000718E-03  0.1842003E+00 -0.2882566E-03
  0.7256500000000E+02  0.1157004E+01  0.4413690E-02 -0.3501949E-01  0.9922880E-04  0.1841906E+00 -0.2911250E-03
  0.7259833333333E+02  0.1157151E+01  0.4398951E-02 -0.3501621E-01  0.9838930E-04  0.1841808E+00 -0.2939595E-03
  0.7263166666667E+02  0.1157297E+01  0.4384282E-02 -0.3501296E-01  0.9755326E-04  0.1841710E+00 -0.2967602E-03
  0.7266500000000E+02  0.1157443E+01  0.4369682E-02 -0.3500974E-01  0.9672068E-04  0.1841610E+00 -0.2995274E-03
  0.7269833333333E+02  0.1157588E+01  0.4355151E-02 -0.3500654E-01  0.9589157E-04  0.1841509E+00 -0.3022614E-03
  0.7273166666667E+02  0.1157733E+01  0.4340688E-02 -0.3500337E-01  0.9506594E-04  0.1841407E+00 -0.3049623E-03
  0.7276500000000E+02  0.1157877E+01  0.4326293E-02 -0.3500023E-01  0.9424378E-04  0.1841305E+00 -0.3076304E-03
  0.7279833333333E+02  0.1158021E+01  0.4311966E-02 -0.3499712E-01  0.9342510E-04  0.1841201E+00 -0.3102660E-03
  0.7283166666667E+02  0.1158164E+01  0.4297707E-02 -0.3499403E-01  0.9260992E-04  0.1841097E+00 -0.3128692E-03
  0.7286500000000E+02  0.1158307E+01  0.4283514E-02 -0.3499097E-01  0.9179822E-04  0.1840992E+00 -0.3154402E-03
  0.7289833333333E+02  0.1158449E+01  0.4269389E-02 -0.3498794E-01  0.9099002E-04  0.1840886E+00 -0.3179794E-03
  0.7293166666667E+02  0.1158591E+01  0.4255330E-02 -0.3498493E-01  0.9018532E-04  0.1840779E+00 -0.3204869E-03
  0.7296500000000E+02  0.1158732E+01  0.4241337E-02 -0.3498195E-01  0.8938413E-04  0.1840671E+00 -0.3229630E-03
  0.7299833333333E+02  0.1158873E+01  0.4227410E-02 -0.3497900E-01  0.8858646E-04  0.1840563E+00 -0.3254078E-03
  0.7303166666667E+02  0.1159014E+01  0.4213549E-02 -0.3497607E-01  0.8779229E-04  0.1840454E+00 -0.3278217E-03
  0.7306500000000E+02  0.1159154E+01  0.4199753E-02 -0.3497317E-01  0.8700166E-04  0.1840344E+00 -0.3302048E-03
  0.7309833333333E+02  0.1159293E+01  0.4186022E-02 -0.3497030E-01  0.8621455E-04  0.1840233E+00 -0.3325575E-03
  0.7313166666667E+02  0.1159432E+01  0.4172356E-02 -0.3496745E-01  0.8543097E-04  0.1840121E+00 -0.3348798E-03
  0.7316500000000E+02  0.1159571E+01  0.4158754E-02 -0.3496463E-01  0.8465093E-04  0.1840009E+00 -0.3371720E-03
  0.7319833333333E+02  0.1159709E+01  0.4145217E-02 -0.3496183E-01  0.8387443E-04  0.1839896E+00 -0.3394344E-03
  0.7323166666667E+02  0.1159847E+01  0.4131743E-02 -0.3495906E-01  0.8310149E-04  0.1839782E+00 -0.3416672E-03
  0.7326500000000E+02  0.1159984E+01  0.4118333E-02 -0.3495632E-01  0.8233209E-04  0.1839667E+00 -0.3438706E-03
  0.7329833333333E+02  0.1160121E+01  0.4104986E-02 -0.3495360E-01  0.8156626E-04  0.1839552E+00 -0.3460449E-03
  0.7333166666667E+02  0.1160257E+01  0.4091702E-02 -0.3495091E-01  0.8080398E-04  0.1839436E+00 -0.3481902E-03
  0.7336500000000E+02  0.1160393E+01  0.4078480E-02 -0.3494824E-01  0.8004528E-04  0.1839319E+00 -0.3503068E-03
  0.7339833333333E+02  0.1160529E+01  0.4065322E-02 -0.3494559E-01  0.7929015E-04  0.1839201E+00 -0.3523950E-03
  0.7343166666667E+02  0.1160664E+01  0.4052225E-02 -0.3494298E-01  0.7853859E-04  0.1839083E+00 -0.3544549E-03
  0.7346500000000E+02  0.1160798E+01  0.4039190E-02 -0.3494038E-01  0.7779062E-04  0.1838964E+00 -0.3564868E-03
  0.7349833333333E+02  0.1160933E+01  0.4026216E-02 -0.3493782E-01  0.7704623E-04  0.1838845E+00 -0.3584909E-03
  0.7353166666667E+02  0.1161066E+01  0.4013304E-02 -0.3493527E-01  0.7630542E-04  0.1838725E+00 -0.3604674E-03
  0.7356500000000E+02  0.1161200E+01  0.4000453E-02 -0.3493275E-01  0.7556821E-04  0.1838604E+00 -0.3624166E-03
  0.7359833333333E+02  0.1161333E+01  0.3987662E-02 -0.3493026E-01  0.7483460E-04  0.1838483E+00 -0.3643387E-03
  0.7363166666667E+02  0.1161465E+01  0.3974932E-02 -0.3492779E-01  0.7410459E-04  0.1838360E+00 -0.3662339E-03
  0.7366500000000E+02  0.1161597E+01  0.3962262E-02 -0.3492534E-01  0.7337817E-04  0.1838238E+00 -0.3681024E-03
  0.7369833333333E+02  0.1161729E+01  0.3949652E-02 -0.3492292E-01  0.7265536E-04  0.1838114E+00 -0.3699445E-03
  0.7373166666667E+02  0.1161860E+01  0.3937102E-02 -0.3492052E-01  0.7193616E-04  0.1837991E+00 -0.3717604E-03
  0.7376500000000E+02  0.1161991E+01  0.3924610E-02 -0.3491815E-01  0.7122056E-04  0.1837866E+00 -0.3735502E-03
  0.7379833333333E+02  0.1162121E+01  0.3912178E-02 -0.3491580E-01  0.7050858E-04  0.1837741E+00 -0.3753143E-03
  0.7383166666667E+02  0.1162251E+01  0.3899805E-02 -0.3491347E-01  0.6980021E-04  0.1837615E+00 -0.3770529E-03
  0.7386500000000E+02  0.1162381E+01  0.3887490E-02 -0.3491117E-01  0.6909545E-04  0.1837489E+00 -0.3787661E-03
  0.7389833333333E+02  0.1162510E+01  0.3875233E-02 -0.3490889E-01  0.6839431E-04  0.1837362E+00 -0.3804542E-03
  0.7393166666667E+02  0.1162639E+01  0.3863034E-02 -0.3490663E-01  0.6769678E-04  0.1837235E+00 -0.3821174E-03
  0.7396500000000E+02  0.1162767E+01  0.3850893E-02 -0.3490440E-01  0.6700287E-04  0.1837107E+00 -0.3837560E-03
  0.7399833333333E+02  0.1162895E+01  0.3838809E-02 -0.3490219E-01  0.6631257E-04  0.1836978E+00 -0.3853701E-03
  0.7403166666667E+02  0.1163023E+01  0.3826782E-02 -0.3490000E-01  0.6562589E-04  0.1836849E+00 -0.3869599E-03
  0.7406500000000E+02  0.1163150E+01  0.3814812E-02 -0.3489784E-01  0.6494282E-04  0.1836720E+00 -0.3885258E-03
  0.7409833333333E+02  0.1163277E+01  0.3802899E-02 -0.3489569E-01  0.6426337E-04  0.1836590E+00 -0.3900678E-03
  0.7413166666667E+02  0.1163403E+01  0.3791042E-02 -0.3489357E-01  0.6358754E-04  0.1836459E+00 -0.3915863E-03
  0.7416500000000E+02  0.1163529E+01  0.3779240E-02 -0.3489148E-01  0.6291531E-04  0.1836328E+00 -0.3930814E-03
  0.7419833333333E+02  0.1163655E+01  0.3767495E-02 -0.3488940E-01  0.6224669E-04  0.1836197E+00 -0.3945534E-03
  0.7423166666667E+02  0.1163780E+01  0.3755805E-02 -0.3488735E-01  0.6158169E-04  0.1836065E+00 -0.3960024E-03
  0.7426500000000E+02  0.1163905E+01  0.3744170E-02 -0.3488532E-01  0.6092028E-04  0.1835932E+00 -0.3974286E-03
  0.7429833333333E+02  0.1164029E+01  0.3732590E-02 -0.3488331E-01  0.6026248E-04  0.1835799E+00 -0.3988324E-03
  0.7433166666667E+02  0.1164153E+01  0.3721064E-02 -0.3488132E-01  0.5960829E-04  0.1835666E+00 -0.4002139E-03
  0.7436500000000E+02  0.1164277E+01  0.3709593E-02 -0.3487936E-01  0.5895768E-04  0.1835532E+00 -0.4015732E-03
  0.7439833333333E+02  0.1164400E+01  0.3698176E-02 -0.3487741E-01  0.5831067E-04  0.1835398E+00 -0.4029107E-03
  0.7443166666667E+02  0.1164523E+01  0.3686813E-02 -0.3487549E-01  0.5766726E-04  0.1835263E+00 -0.4042265E-03
  0.7446500000000E+02  0.1164645E+01  0.3675504E-02 -0.3487359E-01  0.5702742E-04  0.1835128E+00 -0.4055208E-03
  0.7449833333333E+02  0.1164768E+01  0.3664247E-02 -0.3487171E-01  0.5639117E-04  0.1834992E+00 -0.4067938E-03
  0.7453166666667E+02  0.1164889E+01  0.3653044E-02 -0.3486985E-01  0.5575849E-04  0.1834856E+00 -0.4080458E-03
  0.7456500000000E+02  0.1165011E+01  0.3641893E-02 -0.3486801E-01  0.5512938E-04  0.1834720E+00 -0.4092769E-03
  0.7459833333333E+02  0.1165132E+01  0.3630794E-02 -0.3486620E-01  0.5450384E-04  0.1834583E+00 -0.4104874E-03
  0.7463166666666E+02  0.1165252E+01  0.3619748E-02 -0.3486440E-01  0.5388185E-04  0.1834446E+00 -0.4116774E-03
  0.7466500000000E+02  0.1165373E+01  0.3608754E-02 -0.3486263E-01  0.5326342E-04  0.1834308E+00 -0.4128471E-03
  0.7469833333333E+02  0.1165493E+01  0.3597811E-02 -0.3486087E-01  0.5264853E-04  0.1834170E+00 -0.4139968E-03
  0.7473166666666E+02  0.1165612E+01  0.3586920E-02 -0.3485914E-01  0.5203719E-04  0.1834032E+00 -0.4151266E-03
  0.7476500000000E+02  0.1165731E+01  0.3576080E-02 -0.3485742E-01  0.5142938E-04  0.1833893E+00 -0.4162367E-03
  0.7479833333333E+02  0.1165850E+01  0.3565290E-02 -0.3485573E-01  0.5082509E-04  0.1833754E+00 -0.4173274E-03
  0.7483166666666E+02  0.1165969E+01  0.3554551E-02 -0.3485405E-01  0.5022432E-04  0.1833614E+00 -0.4183988E-03
  0.7486500000000E+02  0.1166087E+01  0.3543863E-02 -0.3485240E-01  0.4962707E-04  0.1833475E+00 -0.4194511E-03
  0.7489833333333E+02  0.1166205E+01  0.3533224E-02 -0.3485077E-01  0.4903331E-04  0.1833335E+00 -0.4204845E-03
  0.7493166666666E+02  0.1166322E+01  0.3522635E-02 -0.3484915E-01  0.4844305E-04  0.1833194E+00 -0.4214992E-03
  0.7496500000000E+02  0.1166439E+01  0.3512095E-02 -0.3484756E-01  0.4785627E-04  0.1833053E+00 -0.4224954E-03
  0.7499833333333E+02  0.1166556E+01  0.3501605E-02 -0.3484598E-01  0.4727297E-04  0.1832912E+00 -0.4234733E-03
  0.7503166666666E+02  0.1166672E+01  0.3491164E-02 -0.3484442E-01  0.4669314E-04  0.1832771E+00 -0.4244330E-03
  0.7506500000000E+02  0.1166788E+01  0.3480771E-02 -0.3484289E-01  0.4611677E-04  0.1832629E+00 -0.4253748E-03
  0.7509833333333E+02  0.1166904E+01  0.3470426E-02 -0.3484137E-01  0.4554384E-04  0.1832487E+00 -0.4262988E-03
  0.7513166666666E+02  0.1167019E+01  0.3460130E-02 -0.3483987E-01  0.4497436E-04  0.1832344E+00 -0.4272053E-03
  0.7516500000000E+02  0.1167134E+01  0.3449882E-02 -0.3483839E-01  0.4440830E-04  0.1832202E+00 -0.4280943E-03
  0.7519833333333E+02  0.1167249E+01  0.3439681E-02 -0.3483693E-01  0.4384566E-04  0.1832059E+00 -0.4289661E-03
  0.7523166666666E+02  0.1167363E+01  0.3429527E-02 -0.3483548E-01  0.4328643E-04  0.1831915E+00 -0.4298209E-03
  0.7526500000000E+02  0.1167477E+01  0.3419421E-02 -0.3483406E-01  0.4273059E-04  0.1831772E+00 -0.4306587E-03
  0.7529833333333E+02  0.1167591E+01  0.3409361E-02 -0.3483265E-01  0.4217814E-04  0.1831628E+00 -0.4314799E-03
  0.7533166666666E+02  0.1167704E+01  0.3399348E-02 -0.3483127E-01  0.4162907E-04  0.1831484E+00 -0.4322846E-03
  0.7536500000000E+02  0.1167817E+01  0.3389381E-02 -0.3482990E-01  0.4108336E-04  0.1831339E+00 -0.4330730E-03
  0.7539833333333E+02  0.1167930E+01  0.3379461E-02 -0.3482855E-01  0.4054100E-04  0.1831195E+00 -0.4338451E-03
  0.7543166666666E+02  0.1168042E+01  0.3369585E-02 -0.3482721E-01  0.4000198E-04  0.1831050E+00 -0.4346013E-03
  0.7546500000000E+02  0.1168154E+01  0.3359756E-02 -0.3482590E-01  0.3946628E-04  0.1830905E+00 -0.4353416E-03
  0.7549833333333E+02  0.1168266E+01  0.3349972E-02 -0.3482460E-01  0.3893391E-04  0.1830760E+00 -0.4360663E-03
  0.7553166666666E+02  0.1168377E+01  0.3340232E-02 -0.3482332E-01  0.3840483E-04  0.1830614E+00 -0.4367755E-03
  0.7556500000000E+02  0.1168488E+01  0.3330537E-02 -0.3482206E-01  0.3787905E-04  0.1830468E+00 -0.4374693E-03
  0.7559833333333E+02  0.1168599E+01  0.3320887E-02 -0.3482081E-01  0.3735655E-04  0.1830322E+00 -0.4381480E-03
  0.7563166666666E+02  0.1168709E+01  0.3311281E-02 -0.3481958E-01  0.3683731E-04  0.1830176E+00 -0.4388117E-03
  0.7566500000000E+02  0.1168819E+01  0.3301719E-02 -0.3481837E-01  0.3632132E-04  0.1830029E+00 -0.4394606E-03
  0.7569833333333E+02  0.1168929E+01  0.3292201E-02 -0.3481718E-01  0.3580857E-04  0.1829883E+00 -0.4400947E-03
  0.7573166666666E+02  0.1169038E+01  0.3282726E-02 -0.3481600E-01  0.3529905E-04  0.1829736E+00 -0.4407144E-03
  0.7576500000000E+02  0.1169148E+01  0.3273294E-02 -0.3481484E-01  0.3479274E-04  0.1829589E+00 -0.4413197E-03
  0.7579833333333E+02  0.1169256E+01  0.3263905E-02 -0.3481370E-01  0.3428963E-04  0.1829441E+00 -0.4419108E-03
  0.7583166666666E+02  0.1169365E+01  0.3254559E-02 -0.3481257E-01  0.3378970E-04  0.1829294E+00 -0.4424878E-03
  0.7586500000000E+02  0.1169473E+01  0.3245256E-02 -0.3481146E-01  0.3329294E-04  0.1829146E+00 -0.4430510E-03
  0.7589833333333E+02  0.1169581E+01  0.3235994E-02 -0.3481037E-01  0.3279934E-04  0.1828998E+00 -0.4436004E-03
  0.7593166666666E+02  0.1169688E+01  0.3226775E-02 -0.3480929E-01  0.3230888E-04  0.1828850E+00 -0.4441362E-03
  0.7596500000000E+02  0.1169796E+01  0.3217597E-02 -0.3480823E-01  0.3182155E-04  0.1828702E+00 -0.4446586E-03
  0.7599833333333E+02  0.1169903E+01  0.3208460E-02 -0.3480719E-01  0.3133734E-04  0.1828554E+00 -0.4451676E-03
  0.7603166666666E+02  0.1170009E+01  0.3199365E-02 -0.3480616E-01  0.3085622E-04  0.1828405E+00 -0.4456636E-03
  0.7606500000000E+02  0.1170116E+01  0.3190311E-02 -0.3480515E-01  0.3037819E-04  0.1828256E+00 -0.4461465E-03
  0.7609833333333E+02  0.1170222E+01  0.3181297E-02 -0.3480415E-01  0.2990323E-04  0.1828107E+00 -0.4466166E-03
  0.7613166666666E+02  0.1170327E+01  0.3172324E-02 -0.3480317E-01  0.2943132E-04  0.1827958E+00 -0.4470740E-03
  0.7616500000000E+02  0.1170433E+01  0.3163391E-02 -0.3480220E-01  0.2896245E-04  0.1827809E+00 -0.4475188E-03
  0.7619833333333E+02  0.1170538E+01  0.3154499E-02 -0.3480125E-01  0.2849661E-04  0.1827660E+00 -0.4479511E-03
  0.7623166666666E+02  0.1170643E+01  0.3145646E-02 -0.3480032E-01  0.2803378E-04  0.1827510E+00 -0.4483712E-03
  0.7626500000000E+02  0.1170747E+01  0.3136832E-02 -0.3479940E-01  0.2757394E-04  0.1827361E+00 -0.4487792E-03
  0.7629833333333E+02  0.1170852E+01  0.3128058E-02 -0.3479850E-01  0.2711708E-04  0.1827211E+00 -0.4491751E-03
  0.7633166666666E+02  0.1170956E+01  0.3119322E-02 -0.3479761E-01  0.2666319E-04  0.1827061E+00 -0.4495592E-03
  0.7636500000000E+02  0.1171059E+01  0.3110626E-02 -0.3479673E-01  0.2621225E-04  0.1826911E+00 -0.4499315E-03
  0.7639833333333E+02  0.1171163E+01  0.3101968E-02 -0.3479587E-01  0.2576424E-04  0.1826761E+00 -0.4502922E-03
  0.7643166666666E+02  0.1171266E+01  0.3093348E-02 -0.3479503E-01  0.2531915E-04  0.1826611E+00 -0.4506414E-03
  0.7646500000000E+02  0.1171369E+01  0.3084767E-02 -0.3479420E-01  0.2487696E-04  0.1826461E+00 -0.4509793E-03
  0.7649833333333E+02  0.1171471E+01  0.3076224E-02 -0.3479339E-01  0.2443766E-04  0.1826310E+00 -0.4513060E-03
  0.7653166666666E+02  0.1171573E+01  0.3067718E-02 -0.3479259E-01  0.2400123E-04  0.1826160E+00 -0.4516216E-03
  0.7656500000000E+02  0.1171675E+01  0.3059249E-02 -0.3479180E-01  0.2356765E-04  0.1826009E+00 -0.4519263E-03
  0.7659833333333E+02  0.1171777E+01  0.3050818E-02 -0.3479103E-01  0.2313692E-04  0.1825858E+00 -0.4522201E-03
  0.7663166666666E+02  0.1171879E+01  0.3042424E-02 -0.3479027E-01  0.2270901E-04  0.1825707E+00 -0.4525032E-03
  0.7666500000000E+02  0.1171980E+01  0.3034066E-02 -0.3478953E-01  0.2228391E-04  0.1825557E+00 -0.4527757E-03
  0.7669833333333E+02  0.1172081E+01  0.3025745E-02 -0.3478880E-01  0.2186160E-04  0.1825406E+00 -0.4530378E-03
  0.7673166666666E+02  0.1172181E+01  0.3017460E-02 -0.3478809E-01  0.2144207E-04  0.1825254E+00 -0.4532895E-03
  0.7676500000000E+02  0.1172281E+01  0.3009212E-02 -0.3478739E-01  0.2102530E-04  0.1825103E+00 -0.4535310E-03
  0.7679833333333E+02  0.1172381E+01  0.3000999E-02 -0.3478670E-01  0.2061127E-04  0.1824952E+00 -0.4537625E-03
  0.7683166666666E+02  0.1172481E+01  0.2992822E-02 -0.3478603E-01  0.2019998E-04  0.1824801E+00 -0.4539839E-03
  0.7686500000000E+02  0.1172581E+01  0.2984680E-02 -0.3478537E-01  0.1979139E-04  0.1824649E+00 -0.4541955E-03
  0.7689833333333E+02  0.1172680E+01  0.2976574E-02 -0.3478472E-01  0.1938551E-04  0.1824498E+00 -0.4543973E-03
  0.7693166666666E+02  0.1172779E+01  0.2968502E-02 -0.3478409E-01  0.1898231E-04  0.1824346E+00 -0.4545896E-03
  0.7696500000000E+02  0.1172878E+01  0.2960466E-02 -0.3478347E-01  0.1858177E-04  0.1824195E+00 -0.4547723E-03
  0.7699833333333E+02  0.1172976E+01  0.2952464E-02 -0.3478286E-01  0.1818388E-04  0.1824043E+00 -0.4549456E-03
  0.7703166666666E+02  0.1173074E+01  0.2944496E-02 -0.3478227E-01  0.1778863E-04  0.1823891E+00 -0.4551096E-03
  0.7706500000000E+02  0.1173172E+01  0.2936563E-02 -0.3478169E-01  0.1739599E-04  0.1823740E+00 -0.4552644E-03
  0.7709833333333E+02  0.1173270E+01  0.2928663E-02 -0.3478112E-01  0.1700596E-04  0.1823588E+00 -0.4554102E-03
  0.7713166666666E+02  0.1173367E+01  0.2920797E-02 -0.3478057E-01  0.1661851E-04  0.1823436E+00 -0.4555470E-03
  0.7716500000000E+02  0.1173464E+01  0.2912965E-02 -0.3478003E-01  0.1623363E-04  0.1823284E+00 -0.4556750E-03
  0.7719833333333E+02  0.1173561E+01  0.2905166E-02 -0.3477950E-01  0.1585131E-04  0.1823132E+00 -0.4557942E-03
  0.7723166666666E+02  0.1173658E+01  0.2897401E-02 -0.3477898E-01  0.1547152E-04  0.1822980E+00 -0.4559048E-03
  0.7726500000000E+02  0.1173754E+01  0.2889668E-02 -0.3477848E-01  0.1509426E-04  0.1822828E+00 -0.4560068E-03
  0.7729833333333E+02  0.1173850E+01  0.2881968E-02 -0.3477799E-01  0.1471951E-04  0.1822676E+00 -0.4561004E-03
  0.7733166666666E+02  0.1173946E+01  0.2874300E-02 -0.3477751E-01  0.1434724E-04  0.1822524E+00 -0.4561857E-03
  0.7736500000000E+02  0.1174041E+01  0.2866665E-02 -0.3477704E-01  0.1397746E-04  0.1822372E+00 -0.4562628E-03
  0.7739833333333E+02  0.1174137E+01  0.2859062E-02 -0.3477659E-01  0.1361013E-04  0.1822220E+00 -0.4563317E-03
  0.7743166666666E+02  0.1174232E+01  0.2851491E-02 -0.3477615E-01  0.1324525E-04  0.1822068E+00 -0.4563926E-03
  0.7746500000000E+02  0.1174326E+01  0.2843952E-02 -0.3477572E-01  0.1288279E-04  0.1821916E+00 -0.4564456E-03
  0.7749833333333E+02  0.1174421E+01  0.2836444E-02 -0.3477530E-01  0.1252275E-04  0.1821763E+00 -0.4564907E-03
  0.7753166666666E+02  0.1174515E+01  0.2828968E-02 -0.3477490E-01  0.1216511E-04  0.1821611E+00 -0.4565281E-03
  0.7756500000000E+02  0.1174609E+01  0.2821523E-02 -0.3477450E-01  0.1180985E-04  0.1821459E+00 -0.4565579E-03
  0.7759833333333E+02  0.1174703E+01  0.2814109E-02 -0.3477412E-01  0.1145695E-04  0.1821307E+00 -0.4565801E-03
  0.7763166666666E+02  0.1174797E+01  0.2806726E-02 -0.3477375E-01  0.1110641E-04  0.1821155E+00 -0.4565949E-03
  0.7766500000000E+02  0.1174890E+01  0.2799373E-02 -0.3477339E-01  0.1075820E-04  0.1821002E+00 -0.4566024E-03
  0.7769833333333E+02  0.1174983E+01  0.2792051E-02 -0.3477305E-01  0.1041231E-04  0.1820850E+00 -0.4566025E-03
  0.7773166666666E+02  0.1175076E+01  0.2784760E-02 -0.3477271E-01  0.1006873E-04  0.1820698E+00 -0.4565956E-03
  0.7776500000000E+02  0.1175168E+01  0.2777498E-02 -0.3477239E-01  0.9727436E-05  0.1820546E+00 -0.4565815E-03
  0.7779833333333E+02  0.1175261E+01  0.2770266E-02 -0.3477207E-01  0.9388419E-05  0.1820394E+00 -0.4565604E-03
  0.7783166666666E+02  0.1175353E+01  0.2763064E-02 -0.3477177E-01  0.9051661E-05  0.1820242E+00 -0.4565325E-03
  0.7786500000000E+02  0.1175445E+01  0.2755892E-02 -0.3477148E-01  0.8717148E-05  0.1820089E+00 -0.4564977E-03
  0.7789833333333E+02  0.1175536E+01  0.2748749E-02 -0.3477120E-01  0.8384865E-05  0.1819937E+00 -0.4564562E-03
  0.7793166666666E+02  0.1175628E+01  0.2741635E-02 -0.3477093E-01  0.8054797E-05  0.1819785E+00 -0.4564080E-03
  0.7796500000000E+02  0.1175719E+01  0.2734551E-02 -0.3477067E-01  0.7726929E-05  0.1819633E+00 -0.4563534E-03
  0.7799833333333E+02  0.1175810E+01  0.2727495E-02 -0.3477043E-01  0.7401246E-05  0.1819481E+00 -0.4562922E-03
  0.7803166666666E+02  0.1175901E+01  0.2720468E-02 -0.3477019E-01  0.7077733E-05  0.1819329E+00 -0.4562246E-03
  0.7806500000000E+02  0.1175991E+01  0.2713469E-02 -0.3476997E-01  0.6756376E-05  0.1819177E+00 -0.4561508E-03
  0.7809833333333E+02  0.1176081E+01  0.2706499E-02 -0.3476975E-01  0.6437161E-05  0.1819025E+00 -0.4560707E-03
  0.7813166666666E+02  0.1176171E+01  0.2699557E-02 -0.3476955E-01  0.6120072E-05  0.1818873E+00 -0.4559845E-03
  0.7816500000000E+02  0.1176261E+01  0.2692644E-02 -0.3476935E-01  0.5805095E-05  0.1818721E+00 -0.4558923E-03
  0.7819833333333E+02  0.1176350E+01  0.2685758E-02 -0.3476917E-01  0.5492216E-05  0.1818569E+00 -0.4557940E-03
  0.7823166666666E+02  0.1176440E+01  0.2678900E-02 -0.3476900E-01  0.5181420E-05  0.1818417E+00 -0.4556899E-03
  0.7826500000000E+02  0.1176529E+01  0.2672069E-02 -0.3476884E-01  0.4872694E-05  0.1818265E+00 -0.4555800E-03
  0.7829833333333E+02  0.1176618E+01  0.2665266E-02 -0.3476868E-01  0.4566023E-05  0.1818113E+00 -0.4554643E-03
  0.7833166666666E+02  0.1176706E+01  0.2658490E-02 -0.3476854E-01  0.4261392E-05  0.1817961E+00 -0.4553429E-03
  0.7836500000000E+02  0.1176795E+01  0.2651741E-02 -0.3476841E-01  0.3958789E-05  0.1817810E+00 -0.4552160E-03
  0.7839833333333E+02  0.1176883E+01  0.2645019E-02 -0.3476829E-01  0.3658198E-05  0.1817658E+00 -0.4550835E-03
  0.7843166666666E+02  0.1176971E+01  0.2638324E-02 -0.3476818E-01  0.3359607E-05  0.1817506E+00 -0.4549456E-03
  0.7846500000000E+02  0.1177059E+01  0.2631656E-02 -0.3476807E-01  0.3063000E-05  0.1817355E+00 -0.4548024E-03
  0.7849833333333E+02  0.1177146E+01  0.2625014E-02 -0.3476798E-01  0.2768365E-05  0.1817203E+00 -0.4546538E-03
  0.7853166666666E+02  0.1177233E+01  0.2618399E-02 -0.3476790E-01  0.2475688E-05  0.1817052E+00 -0.4545000E-03
  0.7856500000000E+02  0.1177320E+01  0.2611809E-02 -0.3476783E-01  0.2184955E-05  0.1816900E+00 -0.4543411E-03
  0.7859833333333E+02  0.1177407E+01  0.2605246E-02 -0.3476776E-01  0.1896152E-05  0.1816749E+00 -0.4541771E-03
  0.7863166666666E+02  0.1177494E+01  0.2598709E-02 -0.3476771E-01  0.1609267E-05  0.1816598E+00 -0.4540081E-03
  0.7866500000000E+02  0.1177580E+01  0.2592197E-02 -0.3476767E-01  0.1324286E-05  0.1816446E+00 -0.4538342E-03
  0.7869833333333E+02  0.1177666E+01  0.2585711E-02 -0.3476763E-01  0.1041195E-05  0.1816295E+00 -0.4536554E-03
  0.7873166666666E+02  0.1177752E+01  0.2579251E-02 -0.3476761E-01  0.7599816E-06  0.1816144E+00 -0.4534718E-03
  0.7876500000000E+02  0.1177838E+01  0.2572816E-02 -0.3476759E-01  0.4806326E-06  0.1815993E+00 -0.4532835E-03
  0.7879833333333E+02  0.1177924E+01  0.2566406E-02 -0.3476758E-01  0.2031349E-06  0.1815842E+00 -0.4530905E-03
  0.7883166666666E+02  0.1178009E+01  0.2560021E-02 -0.3476759E-01 -0.7252465E-07  0.1815691E+00 -0.4528930E-03
  0.7886500000000E+02  0.1178094E+01  0.2553662E-02 -0.3476760E-01 -0.3463587E-06  0.1815540E+00 -0.4526909E-03
  0.7889833333333E+02  0.1178179E+01  0.2547327E-02 -0.3476762E-01 -0.6183802E-06  0.1815389E+00 -0.4524843E-03
  0.7893166666666E+02  0.1178264E+01  0.2541016E-02 -0.3476765E-01 -0.8886018E-06  0.1815238E+00 -0.4522733E-03
  0.7896500000000E+02  0.1178348E+01  0.2534730E-02 -0.3476769E-01 -0.1157036E-05  0.1815088E+00 -0.4520580E-03
  0.7899833333333E+02  0.1178433E+01  0.2528469E-02 -0.3476773E-01 -0.1423696E-05  0.1814937E+00 -0.4518384E-03
  0.7903166666666E+02  0.1178517E+01  0.2522232E-02 -0.3476779E-01 -0.1688593E-05  0.1814786E+00 -0.4516147E-03
  0.7906500000000E+02  0.1178601E+01  0.2516019E-02 -0.3476785E-01 -0.1951741E-05  0.1814636E+00 -0.4513867E-03
  0.7909833333333E+02  0.1178684E+01  0.2509830E-02 -0.3476793E-01 -0.2213151E-05  0.1814486E+00 -0.4511547E-03
  0.7913166666666E+02  0.1178768E+01  0.2503665E-02 -0.3476801E-01 -0.2472836E-05  0.1814335E+00 -0.4509187E-03
  0.7916500000000E+02  0.1178851E+01  0.2497524E-02 -0.3476810E-01 -0.2730808E-05  0.1814185E+00 -0.4506787E-03
  0.7919833333333E+02  0.1178934E+01  0.2491406E-02 -0.3476820E-01 -0.2987079E-05  0.1814035E+00 -0.4504348E-03
  0.7923166666666E+02  0.1179017E+01  0.2485312E-02 -0.3476831E-01 -0.3241661E-05  0.1813885E+00 -0.4501870E-03
  0.7926500000000E+02  0.1179099E+01  0.2479241E-02 -0.3476843E-01 -0.3494566E-05  0.1813735E+00 -0.4499355E-03
  0.7929833333333E+02  0.1179182E+01  0.2473194E-02 -0.3476855E-01 -0.3745805E-05  0.1813585E+00 -0.4496802E-03
  0.7933166666666E+02  0.1179264E+01  0.2467170E-02 -0.3476868E-01 -0.3995391E-05  0.1813435E+00 -0.4494213E-03
  0.7936500000000E+02  0.1179346E+01  0.2461169E-02 -0.3476883E-01 -0.4243336E-05  0.1813285E+00 -0.4491587E-03
  0.7939833333333E+02  0.1179428E+01  0.2455190E-02 -0.3476897E-01 -0.4489650E-05  0.1813136E+00 -0.4488926E-03
  0.7943166666666E+02  0.1179510E+01  0.2449235E-02 -0.3476913E-01 -0.4734345E-05  0.1812986E+00 -0.4486230E-03
  0.7946500000000E+02  0.1179591E+01  0.2443302E-02 -0.3476930E-01 -0.4977433E-05  0.1812837E+00 -0.4483499E-03
  0.7949833333333E+02  0.1179672E+01  0.2437392E-02 -0.3476947E-01 -0.5218925E-05  0.1812687E+00 -0.4480734E-03
  0.7953166666666E+02  0.1179753E+01  0.2431504E-02 -0.3476965E-01 -0.5458833E-05  0.1812538E+00 -0.4477937E-03
  0.7956500000000E+02  0.1179834E+01  0.2425639E-02 -0.3476984E-01 -0.5697167E-05  0.1812389E+00 -0.4475106E-03
  0.7959833333333E+02  0.1179915E+01  0.2419796E-02 -0.3477004E-01 -0.5933939E-05  0.1812240E+00 -0.4472243E-03
  0.7963166666666E+02  0.1179995E+01  0.2413975E-02 -0.3477025E-01 -0.6169160E-05  0.1812091E+00 -0.4469348E-03
  0.7966500000000E+02  0.1180076E+01  0.2408176E-02 -0.3477046E-01 -0.6402841E-05  0.1811942E+00 -0.4466421E-03
  0.7969833333333E+02  0.1180156E+01  0.2402399E-02 -0.3477068E-01 -0.6634992E-05  0.1811793E+00 -0.4463464E-03
  0.7973166666666E+02  0.1180236E+01  0.2396644E-02 -0.3477091E-01 -0.6865625E-05  0.1811645E+00 -0.4460477E-03
  0.7976500000000E+02  0.1180315E+01  0.2390910E-02 -0.3477115E-01 -0.7094750E-05  0.1811496E+00 -0.4457460E-03
  0.7979833333333E+02  0.1180395E+01  0.2385198E-02 -0.3477139E-01 -0.7322378E-05  0.1811348E+00 -0.4454414E-03
  0.7983166666666E+02  0.1180474E+01  0.2379508E-02 -0.3477164E-01 -0.7548519E-05  0.1811199E+00 -0.4451339E-03
  0.7986500000000E+02  0.1180553E+01  0.2373839E-02 -0.3477190E-01 -0.7773185E-05  0.1811051E+00 -0.4448236E-03
  0.7989833333333E+02  0.1180632E+01  0.2368191E-02 -0.3477217E-01 -0.7996385E-05  0.1810903E+00 -0.4445105E-03
  0.7993166666666E+02  0.1180711E+01  0.2362564E-02 -0.3477244E-01 -0.8218130E-05  0.1810755E+00 -0.4441946E-03
  0.7996500000000E+02  0.1180789E+01  0.2356959E-02 -0.3477272E-01 -0.8438430E-05  0.1810607E+00 -0.4438761E-03
  0.7999833333333E+02  0.1180868E+01  0.2351374E-02 -0.3477301E-01 -0.8657295E-05  0.1810459E+00 -0.4435549E-03
  0.8003166666666E+02  0.1180946E+01  0.2345810E-02 -0.3477331E-01 -0.8874736E-05  0.1810311E+00 -0.4432312E-03
  0.8006500000000E+02  0.1181024E+01  0.2340268E-02 -0.3477361E-01 -0.9090762E-05  0.1810164E+00 -0.4429049E-03
  0.8009833333333E+02  0.1181102E+01  0.2334745E-02 -0.3477392E-01 -0.9305384E-05  0.1810016E+00 -0.4425761E-03
  0.8013166666666E+02  0.1181180E+01  0.2329244E-02 -0.3477424E-01 -0.9518612E-05  0.1809869E+00 -0.4422448E-03
  0.8016500000000E+02  0.1181257E+01  0.2323763E-02 -0.3477456E-01 -0.9730455E-05  0.1809721E+00 -0.4419111E-03
  0.8019833333333E+02  0.1181334E+01  0.2318302E-02 -0.3477489E-01 -0.9940923E-05  0.1809574E+00 -0.4415751E-03
  0.8023166666666E+02  0.1181411E+01  0.2312861E-02 -0.3477523E-01 -0.1015003E-04  0.1809427E+00 -0.4412367E-03
  0.8026500000000E+02  0.1181488E+01  0.2307441E-02 -0.3477558E-01 -0.1035777E-04  0.1809280E+00 -0.4408961E-03
  0.8029833333333E+02  0.1181565E+01  0.2302041E-02 -0.3477593E-01 -0.1056418E-04  0.1809133E+00 -0.4405532E-03
  0.8033166666666E+02  0.1181642E+01  0.2296661E-02 -0.3477629E-01 -0.1076924E-04  0.1808986E+00 -0.4402081E-03
  0.8036500000000E+02  0.1181718E+01  0.2291301E-02 -0.3477666E-01 -0.1097298E-04  0.1808840E+00 -0.4398609E-03
  0.8039833333333E+02  0.1181794E+01  0.2285961E-02 -0.3477703E-01 -0.1117540E-04  0.1808693E+00 -0.4395116E-03
  0.8043166666666E+02  0.1181870E+01  0.2280640E-02 -0.3477741E-01 -0.1137651E-04  0.1808547E+00 -0.4391601E-03
  0.8046500000000E+02  0.1181946E+01  0.2275339E-02 -0.3477779E-01 -0.1157633E-04  0.1808401E+00 -0.4388067E-03
  0.8049833333333E+02  0.1182022E+01  0.2270058E-02 -0.3477819E-01 -0.1177485E-04  0.1808255E+00 -0.4384512E-03
  0.8053166666666E+02  0.1182097E+01  0.2264796E-02 -0.3477858E-01 -0.1197209E-04  0.1808108E+00 -0.4380938E-03
  0.8056500000000E+02  0.1182172E+01  0.2259554E-02 -0.3477899E-01 -0.1216807E-04  0.1807963E+00 -0.4377345E-03
  0.8059833333333E+02  0.1182248E+01  0.2254331E-02 -0.3477940E-01 -0.1236278E-04  0.1807817E+00 -0.4373733E-03
  0.8063166666666E+02  0.1182323E+01  0.2249127E-02 -0.3477982E-01 -0.1255623E-04  0.1807671E+00 -0.4370103E-03
  0.8066500000000E+02  0.1182397E+01  0.2243942E-02 -0.3478025E-01 -0.1274844E-04  0.1807526E+00 -0.4366454E-03
  0.8069833333333E+02  0.1182472E+01  0.2238776E-02 -0.3478068E-01 -0.1293942E-04  0.1807380E+00 -0.4362788E-03
  0.8073166666666E+02  0.1182546E+01  0.2233630E-02 -0.3478111E-01 -0.1312916E-04  0.1807235E+00 -0.4359105E-03
  0.8076500000000E+02  0.1182621E+01  0.2228502E-02 -0.3478156E-01 -0.1331769E-04  0.1807090E+00 -0.4355405E-03
  0.8079833333333E+02  0.1182695E+01  0.2223393E-02 -0.3478201E-01 -0.1350501E-04  0.1806945E+00 -0.4351688E-03
  0.8083166666666E+02  0.1182769E+01  0.2218302E-02 -0.3478247E-01 -0.1369113E-04  0.1806800E+00 -0.4347955E-03
  0.8086500000000E+02  0.1182843E+01  0.2213231E-02 -0.3478293E-01 -0.1387605E-04  0.1806655E+00 -0.4344206E-03
  0.8089833333333E+02  0.1182916E+01  0.2208178E-02 -0.3478340E-01 -0.1405979E-04  0.1806510E+00 -0.4340441E-03
  0.8093166666666E+02  0.1182990E+01  0.2203143E-02 -0.3478387E-01 -0.1424235E-04  0.1806366E+00 -0.4336662E-03
  0.8096500000000E+02  0.1183063E+01  0.2198127E-02 -0.3478435E-01 -0.1442374E-04  0.1806221E+00 -0.4332867E-03
  0.8099833333333E+02  0.1183136E+01  0.2193129E-02 -0.3478484E-01 -0.1460398E-04  0.1806077E+00 -0.4329058E-03
  0.8103166666666E+02  0.1183209E+01  0.2188149E-02 -0.3478533E-01 -0.1478306E-04  0.1805933E+00 -0.4325235E-03
  0.8106500000000E+02  0.1183282E+01  0.2183188E-02 -0.3478583E-01 -0.1496100E-04  0.1805789E+00 -0.4321398E-03
  0.8109833333333E+02  0.1183354E+01  0.2178245E-02 -0.3478633E-01 -0.1513780E-04  0.1805645E+00 -0.4317547E-03
  0.8113166666666E+02  0.1183427E+01  0.2173319E-02 -0.3478685E-01 -0.1531348E-04  0.1805501E+00 -0.4313683E-03
  0.8116500000000E+02  0.1183499E+01  0.2168412E-02 -0.3478736E-01 -0.1548804E-04  0.1805357E+00 -0.4309807E-03
  0.8119833333333E+02  0.1183571E+01  0.2163522E-02 -0.3478788E-01 -0.1566148E-04  0.1805214E+00 -0.4305917E-03
  0.8123166666666E+02  0.1183643E+01  0.2158651E-02 -0.3478841E-01 -0.1583382E-04  0.1805070E+00 -0.4302015E-03
  0.8126500000000E+02  0.1183715E+01  0.2153797E-02 -0.3478894E-01 -0.1600507E-04  0.1804927E+00 -0.4298102E-03
  0.8129833333333E+02  0.1183787E+01  0.2148960E-02 -0.3478948E-01 -0.1617522E-04  0.1804784E+00 -0.4294176E-03
  0.8133166666666E+02  0.1183858E+01  0.2144141E-02 -0.3479003E-01 -0.1634430E-04  0.1804641E+00 -0.4290240E-03
  0.8136500000000E+02  0.1183929E+01  0.2139340E-02 -0.3479058E-01 -0.1651230E-04  0.1804498E+00 -0.4286292E-03
  0.8139833333333E+02  0.1184000E+01  0.2134556E-02 -0.3479114E-01 -0.1667924E-04  0.1804355E+00 -0.4282333E-03
  0.8143166666666E+02  0.1184071E+01  0.2129789E-02 -0.3479170E-01 -0.1684512E-04  0.1804213E+00 -0.4278363E-03
  0.8146500000000E+02  0.1184142E+01  0.2125040E-02 -0.3479226E-01 -0.1700994E-04  0.1804070E+00 -0.4274384E-03
  0.8149833333333E+02  0.1184213E+01  0.2120308E-02 -0.3479284E-01 -0.1717373E-04  0.1803928E+00 -0.4270394E-03
  0.8153166666666E+02  0.1184284E+01  0.2115593E-02 -0.3479341E-01 -0.1733648E-04  0.1803786E+00 -0.4266395E-03
  0.8156500000000E+02  0.1184354E+01  0.2110895E-02 -0.3479400E-01 -0.1749820E-04  0.1803644E+00 -0.4262386E-03
  0.8159833333333E+02  0.1184424E+01  0.2106214E-02 -0.3479459E-01 -0.1765889E-04  0.1803502E+00 -0.4258368E-03
  0.8163166666666E+02  0.1184494E+01  0.2101550E-02 -0.3479518E-01 -0.1781858E-04  0.1803360E+00 -0.4254341E-03
  0.8166500000000E+02  0.1184564E+01  0.2096902E-02 -0.3479578E-01 -0.1797725E-04  0.1803218E+00 -0.4250305E-03
  0.8169833333333E+02  0.1184634E+01  0.2092272E-02 -0.3479638E-01 -0.1813493E-04  0.1803077E+00 -0.4246261E-03
  0.8173166666666E+02  0.1184703E+01  0.2087658E-02 -0.3479699E-01 -0.1829161E-04  0.1802935E+00 -0.4242209E-03
  0.8176500000000E+02  0.1184773E+01  0.2083061E-02 -0.3479761E-01 -0.1844731E-04  0.1802794E+00 -0.4238148E-03
  0.8179833333333E+02  0.1184842E+01  0.2078480E-02 -0.3479823E-01 -0.1860202E-04  0.1802653E+00 -0.4234080E-03
  0.8183166666666E+02  0.1184911E+01  0.2073916E-02 -0.3479885E-01 -0.1875577E-04  0.1802512E+00 -0.4230005E-03
  0.8186500000000E+02  0.1184980E+01  0.2069369E-02 -0.3479948E-01 -0.1890854E-04  0.1802371E+00 -0.4225922E-03
  0.8189833333333E+02  0.1185049E+01  0.2064837E-02 -0.3480012E-01 -0.1906036E-04  0.1802230E+00 -0.4221832E-03
  0.8193166666666E+02  0.1185118E+01  0.2060322E-02 -0.3480076E-01 -0.1921123E-04  0.1802090E+00 -0.4217736E-03
  0.8196500000000E+02  0.1185186E+01  0.2055824E-02 -0.3480140E-01 -0.1936115E-04  0.1801949E+00 -0.4213633E-03
  0.8199833333333E+02  0.1185255E+01  0.2051341E-02 -0.3480206E-01 -0.1951013E-04  0.1801809E+00 -0.4209524E-03
  0.8203166666666E+02  0.1185323E+01  0.2046875E-02 -0.3480271E-01 -0.1965818E-04  0.1801669E+00 -0.4205408E-03
  0.8206500000000E+02  0.1185391E+01  0.2042424E-02 -0.3480337E-01 -0.1980530E-04  0.1801529E+00 -0.4201287E-03
  0.8209833333333E+02  0.1185459E+01  0.2037990E-02 -0.3480404E-01 -0.1995150E-04  0.1801389E+00 -0.4197160E-03
  0.8213166666666E+02  0.1185527E+01  0.2033571E-02 -0.3480471E-01 -0.2009679E-04  0.1801249E+00 -0.4193027E-03
  0.8216500000000E+02  0.1185594E+01  0.2029168E-02 -0.3480538E-01 -0.2024118E-04  0.1801109E+00 -0.4188890E-03
  0.8219833333333E+02  0.1185662E+01  0.2024781E-02 -0.3480606E-01 -0.2038466E-04  0.1800970E+00 -0.4184747E-03
  0.8223166666666E+02  0.1185729E+01  0.2020410E-02 -0.3480674E-01 -0.2052725E-04  0.1800830E+00 -0.4180599E-03
  0.8226500000000E+02  0.1185796E+01  0.2016054E-02 -0.3480743E-01 -0.2066894E-04  0.1800691E+00 -0.4176447E-03
  0.8229833333333E+02  0.1185863E+01  0.2011714E-02 -0.3480813E-01 -0.2080976E-04  0.1800552E+00 -0.4172290E-03
  0.8233166666666E+02  0.1185930E+01  0.2007389E-02 -0.3480883E-01 -0.2094970E-04  0.1800413E+00 -0.4168129E-03
  0.8236500000000E+02  0.1185997E+01  0.2003080E-02 -0.3480953E-01 -0.2108877E-04  0.1800274E+00 -0.4163964E-03
  0.8239833333333E+02  0.1186064E+01  0.1998786E-02 -0.3481024E-01 -0.2122698E-04  0.1800136E+00 -0.4159794E-03
  0.8243166666666E+02  0.1186130E+01  0.1994508E-02 -0.3481095E-01 -0.2136433E-04  0.1799997E+00 -0.4155622E-03
  0.8246500000000E+02  0.1186196E+01  0.1990245E-02 -0.3481166E-01 -0.2150083E-04  0.1799859E+00 -0.4151445E-03
  0.8249833333333E+02  0.1186263E+01  0.1985997E-02 -0.3481239E-01 -0.2163648E-04  0.1799721E+00 -0.4147265E-03
  0.8253166666666E+02  0.1186329E+01  0.1981764E-02 -0.3481311E-01 -0.2177129E-04  0.1799583E+00 -0.4143083E-03
  0.8256500000000E+02  0.1186395E+01  0.1977546E-02 -0.3481384E-01 -0.2190526E-04  0.1799445E+00 -0.4138897E-03
  0.8259833333333E+02  0.1186460E+01  0.1973343E-02 -0.3481458E-01 -0.2203841E-04  0.1799307E+00 -0.4134708E-03
  0.8263166666666E+02  0.1186526E+01  0.1969155E-02 -0.3481532E-01 -0.2217073E-04  0.1799169E+00 -0.4130516E-03
  0.8266500000000E+02  0.1186592E+01  0.1964982E-02 -0.3481606E-01 -0.2230223E-04  0.1799032E+00 -0.4126322E-03
  0.8269833333333E+02  0.1186657E+01  0.1960824E-02 -0.3481681E-01 -0.2243293E-04  0.1798894E+00 -0.4122126E-03
  0.8273166666666E+02  0.1186722E+01  0.1956681E-02 -0.3481756E-01 -0.2256281E-04  0.1798757E+00 -0.4117927E-03
  0.8276500000000E+02  0.1186787E+01  0.1952552E-02 -0.3481831E-01 -0.2269190E-04  0.1798620E+00 -0.4113726E-03
  0.8279833333333E+02  0.1186852E+01  0.1948438E-02 -0.3481908E-01 -0.2282019E-04  0.1798483E+00 -0.4109524E-03
  0.8283166666666E+02  0.1186917E+01  0.1944339E-02 -0.3481984E-01 -0.2294769E-04  0.1798346E+00 -0.4105319E-03
  0.8286500000000E+02  0.1186982E+01  0.1940254E-02 -0.3482061E-01 -0.2307440E-04  0.1798209E+00 -0.4101113E-03
  0.8289833333333E+02  0.1187046E+01  0.1936183E-02 -0.3482138E-01 -0.2320034E-04  0.1798073E+00 -0.4096906E-03
  0.8293166666666E+02  0.1187111E+01  0.1932127E-02 -0.3482216E-01 -0.2332550E-04  0.1797936E+00 -0.4092697E-03
  0.8296500000000E+02  0.1187175E+01  0.1928086E-02 -0.3482294E-01 -0.2344989E-04  0.1797800E+00 -0.4088487E-03
  0.8299833333333E+02  0.1187239E+01  0.1924058E-02 -0.3482373E-01 -0.2357352E-04  0.1797664E+00 -0.4084276E-03
  0.8303166666666E+02  0.1187303E+01  0.1920045E-02 -0.3482452E-01 -0.2369639E-04  0.1797528E+00 -0.4080064E-03
  0.8306500000000E+02  0.1187367E+01  0.1916046E-02 -0.3482531E-01 -0.2381850E-04  0.1797392E+00 -0.4075851E-03
  0.8309833333333E+02  0.1187431E+01  0.1912061E-02 -0.3482611E-01 -0.2393987E-04  0.1797256E+00 -0.4071637E-03
  0.8313166666666E+02  0.1187494E+01  0.1908090E-02 -0.3482691E-01 -0.2406049E-04  0.1797121E+00 -0.4067423E-03
  0.8316500000000E+02  0.1187558E+01  0.1904133E-02 -0.3482772E-01 -0.2418037E-04  0.1796985E+00 -0.4063209E-03
  0.8319833333333E+02  0.1187621E+01  0.1900190E-02 -0.3482853E-01 -0.2429952E-04  0.1796850E+00 -0.4058994E-03
  0.8323166666666E+02  0.1187684E+01  0.1896261E-02 -0.3482934E-01 -0.2441795E-04  0.1796715E+00 -0.4054780E-03
  0.8326500000000E+02  0.1187747E+01  0.1892346E-02 -0.3483016E-01 -0.2453564E-04  0.1796580E+00 -0.4050565E-03
  0.8329833333333E+02  0.1187810E+01  0.1888445E-02 -0.3483098E-01 -0.2465262E-04  0.1796445E+00 -0.4046350E-03
  0.8333166666666E+02  0.1187873E+01  0.1884557E-02 -0.3483181E-01 -0.2476889E-04  0.1796310E+00 -0.4042135E-03
  0.8336500000000E+02  0.1187936E+01  0.1880683E-02 -0.3483264E-01 -0.2488444E-04  0.1796176E+00 -0.4037921E-03
  0.8339833333333E+02  0.1187998E+01  0.1876822E-02 -0.3483347E-01 -0.2499929E-04  0.1796041E+00 -0.4033707E-03
  0.8343166666666E+02  0.1188061E+01  0.1872975E-02 -0.3483431E-01 -0.2511344E-04  0.1795907E+00 -0.4029494E-03
  0.8346500000000E+02  0.1188123E+01  0.1869142E-02 -0.3483515E-01 -0.2522689E-04  0.1795773E+00 -0.4025281E-03
  0.8349833333333E+02  0.1188185E+01  0.1865322E-02 -0.3483599E-01 -0.2533965E-04  0.1795639E+00 -0.4021069E-03
  0.8353166666666E+02  0.1188247E+01  0.1861515E-02 -0.3483684E-01 -0.2545172E-04  0.1795505E+00 -0.4016857E-03
  0.8356500000000E+02  0.1188309E+01  0.1857721E-02 -0.3483769E-01 -0.2556311E-04  0.1795371E+00 -0.4012647E-03
  0.8359833333333E+02  0.1188371E+01  0.1853941E-02 -0.3483855E-01 -0.2567383E-04  0.1795237E+00 -0.4008438E-03
  0.8363166666666E+02  0.1188433E+01  0.1850174E-02 -0.3483941E-01 -0.2578387E-04  0.1795104E+00 -0.4004230E-03
  0.8366500000000E+02  0.1188494E+01  0.1846421E-02 -0.3484027E-01 -0.2589324E-04  0.1794970E+00 -0.4000023E-03
  0.8369833333333E+02  0.1188556E+01  0.1842680E-02 -0.3484114E-01 -0.2600194E-04  0.1794837E+00 -0.3995817E-03
  0.8373166666666E+02  0.1188617E+01  0.1838952E-02 -0.3484201E-01 -0.2610999E-04  0.1794704E+00 -0.3991613E-03
  0.8376500000000E+02  0.1188678E+01  0.1835237E-02 -0.3484288E-01 -0.2621738E-04  0.1794571E+00 -0.3987410E-03
  0.8379833333333E+02  0.1188739E+01  0.1831536E-02 -0.3484376E-01 -0.2632411E-04  0.1794439E+00 -0.3983209E-03
  0.8383166666666E+02  0.1188800E+01  0.1827847E-02 -0.3484464E-01 -0.2643020E-04  0.1794306E+00 -0.3979009E-03
  0.8386500000000E+02  0.1188861E+01  0.1824171E-02 -0.3484553E-01 -0.2653565E-04  0.1794173E+00 -0.3974811E-03
  0.8389833333333E+02  0.1188922E+01  0.1820507E-02 -0.3484641E-01 -0.2664045E-04  0.1794041E+00 -0.3970615E-03
  0.8393166666666E+02  0.1188982E+01  0.1816857E-02 -0.3484730E-01 -0.2674462E-04  0.1793909E+00 -0.3966421E-03
  0.8396500000000E+02  0.1189043E+01  0.1813219E-02 -0.3484820E-01 -0.2684816E-04  0.1793777E+00 -0.3962229E-03
  0.8399833333333E+02  0.1189103E+01  0.1809593E-02 -0.3484910E-01 -0.2695106E-04  0.1793645E+00 -0.3958039E-03
  0.8403166666666E+02  0.1189163E+01  0.1805980E-02 -0.3485000E-01 -0.2705335E-04  0.1793513E+00 -0.3953851E-03
  0.8406500000000E+02  0.1189223E+01  0.1802380E-02 -0.3485090E-01 -0.2715501E-04  0.1793381E+00 -0.3949665E-03
  0.8409833333333E+02  0.1189283E+01  0.1798792E-02 -0.3485181E-01 -0.2725606E-04  0.1793250E+00 -0.3945481E-03
  0.8413166666666E+02  0.1189343E+01  0.1795217E-02 -0.3485273E-01 -0.2735649E-04  0.1793118E+00 -0.3941300E-03
  0.8416500000000E+02  0.1189403E+01  0.1791654E-02 -0.3485364E-01 -0.2745632E-04  0.1792987E+00 -0.3937122E-03
  0.8419833333333E+02  0.1189462E+01  0.1788103E-02 -0.3485456E-01 -0.2755554E-04  0.1792856E+00 -0.3932945E-03
  0.8423166666666E+02  0.1189522E+01  0.1784564E-02 -0.3485548E-01 -0.2765416E-04  0.1792725E+00 -0.3928771E-03
  0.8426500000000E+02  0.1189581E+01  0.1781038E-02 -0.3485641E-01 -0.2775219E-04  0.1792594E+00 -0.3924600E-03
  0.8429833333333E+02  0.1189640E+01  0.1777523E-02 -0.3485733E-01 -0.2784961E-04  0.1792464E+00 -0.3920432E-03
  0.8433166666666E+02  0.1189700E+01  0.1774021E-02 -0.3485827E-01 -0.2794645E-04  0.1792333E+00 -0.3916266E-03
  0.8436500000000E+02  0.1189759E+01  0.1770531E-02 -0.3485920E-01 -0.2804270E-04  0.1792203E+00 -0.3912103E-03
  0.8439833333333E+02  0.1189818E+01  0.1767052E-02 -0.3486014E-01 -0.2813837E-04  0.1792072E+00 -0.3907943E-03
  0.8443166666666E+02  0.1189876E+01  0.1763586E-02 -0.3486108E-01 -0.2823346E-04  0.1791942E+00 -0.3903786E-03
  0.8446500000000E+02  0.1189935E+01  0.1760132E-02 -0.3486202E-01 -0.2832797E-04  0.1791812E+00 -0.3899631E-03
  0.8449833333333E+02  0.1189994E+01  0.1756689E-02 -0.3486297E-01 -0.2842191E-04  0.1791683E+00 -0.3895480E-03
  0.8453166666666E+02  0.1190052E+01  0.1753258E-02 -0.3486392E-01 -0.2851528E-04  0.1791553E+00 -0.3891332E-03
  0.8456500000000E+02  0.1190110E+01  0.1749839E-02 -0.3486488E-01 -0.2860808E-04  0.1791423E+00 -0.3887187E-03
  0.8459833333333E+02  0.1190169E+01  0.1746431E-02 -0.3486583E-01 -0.2870032E-04  0.1791294E+00 -0.3883045E-03
  0.8463166666666E+02  0.1190227E+01  0.1743035E-02 -0.3486679E-01 -0.2879200E-04  0.1791164E+00 -0.3878906E-03
  0.8466500000000E+02  0.1190285E+01  0.1739651E-02 -0.3486775E-01 -0.2888313E-04  0.1791035E+00 -0.3874771E-03
  0.8469833333333E+02  0.1190342E+01  0.1736278E-02 -0.3486872E-01 -0.2897370E-04  0.1790906E+00 -0.3870639E-03
  0.8473166666666E+02  0.1190400E+01  0.1732917E-02 -0.3486969E-01 -0.2906372E-04  0.1790777E+00 -0.3866510E-03
  0.8476500000000E+02  0.1190458E+01  0.1729567E-02 -0.3487066E-01 -0.2915320E-04  0.1790649E+00 -0.3862385E-03
  0.8479833333333E+02  0.1190515E+01  0.1726228E-02 -0.3487164E-01 -0.2924213E-04  0.1790520E+00 -0.3858263E-03
  0.8483166666666E+02  0.1190573E+01  0.1722901E-02 -0.3487261E-01 -0.2933052E-04  0.1790392E+00 -0.3854144E-03
  0.8486500000000E+02  0.1190630E+01  0.1719585E-02 -0.3487359E-01 -0.2941837E-04  0.1790263E+00 -0.3850029E-03
  0.8489833333333E+02  0.1190687E+01  0.1716280E-02 -0.3487458E-01 -0.2950569E-04  0.1790135E+00 -0.3845918E-03
  0.8493166666666E+02  0.1190744E+01  0.1712987E-02 -0.3487556E-01 -0.2959248E-04  0.1790007E+00 -0.3841810E-03
  0.8496500000000E+02  0.1190801E+01  0.1709704E-02 -0.3487655E-01 -0.2967874E-04  0.1789879E+00 -0.3837706E-03
  0.8499833333333E+02  0.1190858E+01  0.1706433E-02 -0.3487755E-01 -0.2976448E-04  0.1789751E+00 -0.3833606E-03
  0.8503166666666E+02  0.1190915E+01  0.1703173E-02 -0.3487854E-01 -0.2984969E-04  0.1789624E+00 -0.3829509E-03
  0.8506500000000E+02  0.1190972E+01  0.1699923E-02 -0.3487954E-01 -0.2993438E-04  0.1789496E+00 -0.3825416E-03
  0.8509833333333E+02  0.1191028E+01  0.1696685E-02 -0.3488054E-01 -0.3001856E-04  0.1789369E+00 -0.3821327E-03
  0.8513166666666E+02  0.1191085E+01  0.1693457E-02 -0.3488154E-01 -0.3010222E-04  0.1789242E+00 -0.3817241E-03
  0.8516500000000E+02  0.1191141E+01  0.1690240E-02 -0.3488255E-01 -0.3018538E-04  0.1789114E+00 -0.3813160E-03
  0.8519833333333E+02  0.1191197E+01  0.1687034E-02 -0.3488356E-01 -0.3026802E-04  0.1788987E+00 -0.3809082E-03
  0.8523166666666E+02  0.1191254E+01  0.1683839E-02 -0.3488457E-01 -0.3035016E-04  0.1788861E+00 -0.3805008E-03
  0.8526500000000E+02  0.1191310E+01  0.1680655E-02 -0.3488558E-01 -0.3043180E-04  0.1788734E+00 -0.3800939E-03
  0.8529833333333E+02  0.1191365E+01  0.1677481E-02 -0.3488660E-01 -0.3051293E-04  0.1788607E+00 -0.3796873E-03
  0.8533166666666E+02  0.1191421E+01  0.1674318E-02 -0.3488762E-01 -0.3059357E-04  0.1788481E+00 -0.3792811E-03
  0.8536500000000E+02  0.1191477E+01  0.1671165E-02 -0.3488864E-01 -0.3067372E-04  0.1788355E+00 -0.3788753E-03
  0.8539833333333E+02  0.1191533E+01  0.1668023E-02 -0.3488967E-01 -0.3075337E-04  0.1788228E+00 -0.3784699E-03
  0.8543166666666E+02  0.1191588E+01  0.1664891E-02 -0.3489070E-01 -0.3083253E-04  0.1788102E+00 -0.3780650E-03
  0.8546500000000E+02  0.1191643E+01  0.1661770E-02 -0.3489173E-01 -0.3091121E-04  0.1787977E+00 -0.3776604E-03
  0.8549833333333E+02  0.1191699E+01  0.1658659E-02 -0.3489276E-01 -0.3098940E-04  0.1787851E+00 -0.3772563E-03
  0.8553166666666E+02  0.1191754E+01  0.1655558E-02 -0.3489379E-01 -0.3106712E-04  0.1787725E+00 -0.3768525E-03
  0.8556500000000E+02  0.1191809E+01  0.1652468E-02 -0.3489483E-01 -0.3114435E-04  0.1787600E+00 -0.3764492E-03
  0.8559833333333E+02  0.1191864E+01  0.1649387E-02 -0.3489587E-01 -0.3122111E-04  0.1787474E+00 -0.3760463E-03
  0.8563166666666E+02  0.1191919E+01  0.1646318E-02 -0.3489692E-01 -0.3129739E-04  0.1787349E+00 -0.3756438E-03
  0.8566500000000E+02  0.1191974E+01  0.1643258E-02 -0.3489796E-01 -0.3137320E-04  0.1787224E+00 -0.3752418E-03
  0.8569833333333E+02  0.1192028E+01  0.1640208E-02 -0.3489901E-01 -0.3144854E-04  0.1787099E+00 -0.3748401E-03
  0.8573166666666E+02  0.1192083E+01  0.1637168E-02 -0.3490006E-01 -0.3152341E-04  0.1786974E+00 -0.3744389E-03
  0.8576500000000E+02  0.1192137E+01  0.1634139E-02 -0.3490111E-01 -0.3159782E-04  0.1786850E+00 -0.3740381E-03
  0.8579833333333E+02  0.1192192E+01  0.1631119E-02 -0.3490217E-01 -0.3167177E-04  0.1786725E+00 -0.3736378E-03
  0.8583166666666E+02  0.1192246E+01  0.1628109E-02 -0.3490323E-01 -0.3174526E-04  0.1786601E+00 -0.3732379E-03
  0.8586500000000E+02  0.1192300E+01  0.1625109E-02 -0.3490429E-01 -0.3181829E-04  0.1786476E+00 -0.3728384E-03
  0.8589833333333E+02  0.1192354E+01  0.1622119E-02 -0.3490535E-01 -0.3189087E-04  0.1786352E+00 -0.3724393E-03
  0.8593166666666E+02  0.1192408E+01  0.1619139E-02 -0.3490642E-01 -0.3196299E-04  0.1786228E+00 -0.3720407E-03
  0.8596500000000E+02  0.1192462E+01  0.1616169E-02 -0.3490749E-01 -0.3203466E-04  0.1786104E+00 -0.3716425E-03
  0.8599833333333E+02  0.1192516E+01  0.1613208E-02 -0.3490856E-01 -0.3210589E-04  0.1785981E+00 -0.3712448E-03
  0.8603166666666E+02  0.1192570E+01  0.1610257E-02 -0.3490963E-01 -0.3217666E-04  0.1785857E+00 -0.3708475E-03
  0.8606500000000E+02  0.1192623E+01  0.1607315E-02 -0.3491070E-01 -0.3224700E-04  0.1785733E+00 -0.3704506E-03
  0.8609833333333E+02  0.1192677E+01  0.1604383E-02 -0.3491178E-01 -0.3231689E-04  0.1785610E+00 -0.3700542E-03
  0.8613166666666E+02  0.1192730E+01  0.1601461E-02 -0.3491286E-01 -0.3238634E-04  0.1785487E+00 -0.3696582E-03
  0.8616500000000E+02  0.1192783E+01  0.1598548E-02 -0.3491394E-01 -0.3245536E-04  0.1785364E+00 -0.3692627E-03
  0.8619833333333E+02  0.1192836E+01  0.1595644E-02 -0.3491503E-01 -0.3252394E-04  0.1785241E+00 -0.3688676E-03
  0.8623166666666E+02  0.1192890E+01  0.1592750E-02 -0.3491611E-01 -0.3259208E-04  0.1785118E+00 -0.3684729E-03
  0.8626500000000E+02  0.1192943E+01  0.1589866E-02 -0.3491720E-01 -0.3265980E-04  0.1784995E+00 -0.3680787E-03
  0.8629833333333E+02  0.1192995E+01  0.1586990E-02 -0.3491829E-01 -0.3272708E-04  0.1784873E+00 -0.3676850E-03
  0.8633166666666E+02  0.1193048E+01  0.1584124E-02 -0.3491938E-01 -0.3279394E-04  0.1784750E+00 -0.3672917E-03
  0.8636500000000E+02  0.1193101E+01  0.1581267E-02 -0.3492048E-01 -0.3286037E-04  0.1784628E+00 -0.3668988E-03
  0.8639833333333E+02  0.1193154E+01  0.1578420E-02 -0.3492158E-01 -0.3292639E-04  0.1784506E+00 -0.3665064E-03
  0.8643166666666E+02  0.1193206E+01  0.1575581E-02 -0.3492268E-01 -0.3299197E-04  0.1784384E+00 -0.3661145E-03
  0.8646500000000E+02  0.1193259E+01  0.1572752E-02 -0.3492378E-01 -0.3305714E-04  0.1784262E+00 -0.3657230E-03
  0.8649833333333E+02  0.1193311E+01  0.1569931E-02 -0.3492488E-01 -0.3312190E-04  0.1784140E+00 -0.3653319E-03
  0.8653166666666E+02  0.1193363E+01  0.1567120E-02 -0.3492599E-01 -0.3318624E-04  0.1784019E+00 -0.3649413E-03
  0.8656500000000E+02  0.1193415E+01  0.1564318E-02 -0.3492710E-01 -0.3325016E-04  0.1783897E+00 -0.3645511E-03
  0.8659833333333E+02  0.1193467E+01  0.1561524E-02 -0.3492821E-01 -0.3331367E-04  0.1783776E+00 -0.3641614E-03
  0.8663166666666E+02  0.1193519E+01  0.1558740E-02 -0.3492932E-01 -0.3337678E-04  0.1783654E+00 -0.3637722E-03
  0.8666500000000E+02  0.1193571E+01  0.1555965E-02 -0.3493044E-01 -0.3343947E-04  0.1783533E+00 -0.3633834E-03
  0.8669833333333E+02  0.1193623E+01  0.1553198E-02 -0.3493155E-01 -0.3350176E-04  0.1783412E+00 -0.3629951E-03
  0.8673166666666E+02  0.1193675E+01  0.1550440E-02 -0.3493267E-01 -0.3356365E-04  0.1783291E+00 -0.3626072E-03
  0.8676500000000E+02  0.1193726E+01  0.1547691E-02 -0.3493379E-01 -0.3362513E-04  0.1783171E+00 -0.3622197E-03
  0.8679833333333E+02  0.1193778E+01  0.1544950E-02 -0.3493492E-01 -0.3368622E-04  0.1783050E+00 -0.3618328E-03
  0.8683166666666E+02  0.1193829E+01  0.1542219E-02 -0.3493604E-01 -0.3374690E-04  0.1782930E+00 -0.3614462E-03
  0.8686500000000E+02  0.1193880E+01  0.1539495E-02 -0.3493717E-01 -0.3380719E-04  0.1782809E+00 -0.3610602E-03
  0.8689833333333E+02  0.1193932E+01  0.1536781E-02 -0.3493830E-01 -0.3386708E-04  0.1782689E+00 -0.3606745E-03
  0.8693166666666E+02  0.1193983E+01  0.1534075E-02 -0.3493943E-01 -0.3392659E-04  0.1782569E+00 -0.3602894E-03
  0.8696500000000E+02  0.1194034E+01  0.1531377E-02 -0.3494056E-01 -0.3398569E-04  0.1782449E+00 -0.3599047E-03
  0.8699833333333E+02  0.1194085E+01  0.1528689E-02 -0.3494169E-01 -0.3404441E-04  0.1782329E+00 -0.3595204E-03
  0.8703166666666E+02  0.1194136E+01  0.1526008E-02 -0.3494283E-01 -0.3410275E-04  0.1782209E+00 -0.3591366E-03
  0.8706500000000E+02  0.1194186E+01  0.1523336E-02 -0.3494397E-01 -0.3416069E-04  0.1782090E+00 -0.3587533E-03
  0.8709833333333E+02  0.1194237E+01  0.1520672E-02 -0.3494511E-01 -0.3421825E-04  0.1781970E+00 -0.3583704E-03
  0.8713166666666E+02  0.1194288E+01  0.1518017E-02 -0.3494625E-01 -0.3427543E-04  0.1781851E+00 -0.3579879E-03
  0.8716500000000E+02  0.1194338E+01  0.1515370E-02 -0.3494740E-01 -0.3433223E-04  0.1781732E+00 -0.3576060E-03
  0.8719833333333E+02  0.1194389E+01  0.1512731E-02 -0.3494854E-01 -0.3438864E-04  0.1781613E+00 -0.3572244E-03
  0.8723166666666E+02  0.1194439E+01  0.1510100E-02 -0.3494969E-01 -0.3444468E-04  0.1781494E+00 -0.3568433E-03
  0.8726500000000E+02  0.1194489E+01  0.1507478E-02 -0.3495084E-01 -0.3450035E-04  0.1781375E+00 -0.3564627E-03
  0.8729833333333E+02  0.1194539E+01  0.1504864E-02 -0.3495199E-01 -0.3455563E-04  0.1781256E+00 -0.3560825E-03
  0.8733166666666E+02  0.1194589E+01  0.1502258E-02 -0.3495315E-01 -0.3461055E-04  0.1781138E+00 -0.3557028E-03
  0.8736500000000E+02  0.1194639E+01  0.1499660E-02 -0.3495430E-01 -0.3466509E-04  0.1781019E+00 -0.3553235E-03
  0.8739833333333E+02  0.1194689E+01  0.1497070E-02 -0.3495546E-01 -0.3471927E-04  0.1780901E+00 -0.3549447E-03
  0.8743166666666E+02  0.1194739E+01  0.1494488E-02 -0.3495662E-01 -0.3477307E-04  0.1780783E+00 -0.3545664E-03
  0.8746500000000E+02  0.1194789E+01  0.1491914E-02 -0.3495778E-01 -0.3482651E-04  0.1780665E+00 -0.3541884E-03
  0.8749833333333E+02  0.1194838E+01  0.1489347E-02 -0.3495894E-01 -0.3487959E-04  0.1780547E+00 -0.3538110E-03
  0.8753166666666E+02  0.1194888E+01  0.1486789E-02 -0.3496011E-01 -0.3493230E-04  0.1780429E+00 -0.3534340E-03
  0.8756500000000E+02  0.1194938E+01  0.1484239E-02 -0.3496127E-01 -0.3498465E-04  0.1780311E+00 -0.3530574E-03
  0.8763166666666E+02  0.1194987E+01  0.7408482E-03 -0.3496244E-01 -0.1751832E-04  0.1780194E+00 -0.1763406E-03
  0.8769833333333E+02  0.1195085E+01  0.1477543E-02 -0.3496476E-01 -0.3474522E-04  0.1779959E+00 -0.3512958E-03
  0.8776500000000E+02  0.1195184E+01  0.1472150E-02 -0.3496706E-01 -0.3449043E-04  0.1779726E+00 -0.3497364E-03
  0.8783166666666E+02  0.1195281E+01  0.1467134E-02 -0.3496936E-01 -0.3460059E-04  0.1779494E+00 -0.3489977E-03
  0.8789833333333E+02  0.1195379E+01  0.1462150E-02 -0.3497168E-01 -0.3470919E-04  0.1779261E+00 -0.3482607E-03
  0.8796500000000E+02  0.1195476E+01  0.1457195E-02 -0.3497400E-01 -0.3481624E-04  0.1779030E+00 -0.3475254E-03
  0.8803166666666E+02  0.1195573E+01  0.1452271E-02 -0.3497633E-01 -0.3492177E-04  0.1778799E+00 -0.3467918E-03
  0.8809833333333E+02  0.1195669E+01  0.1447376E-02 -0.3497866E-01 -0.3502577E-04  0.1778568E+00 -0.3460599E-03
  0.8816500000000E+02  0.1195765E+01  0.1442511E-02 -0.3498100E-01 -0.3512828E-04  0.1778338E+00 -0.3453297E-03
  0.8823166666666E+02  0.1195861E+01  0.1437675E-02 -0.3498335E-01 -0.3522929E-04  0.1778108E+00 -0.3446012E-03
  0.8829833333333E+02  0.1195957E+01  0.1432868E-02 -0.3498571E-01 -0.3532883E-04  0.1777879E+00 -0.3438744E-03
  0.8836500000000E+02  0.1196052E+01  0.1428089E-02 -0.3498807E-01 -0.3542691E-04  0.1777650E+00 -0.3431492E-03
  0.8843166666666E+02  0.1196147E+01  0.1423340E-02 -0.3499044E-01 -0.3552354E-04  0.1777422E+00 -0.3424257E-03
  0.8849833333333E+02  0.1196242E+01  0.1418618E-02 -0.3499281E-01 -0.3561873E-04  0.1777194E+00 -0.3417039E-03
  0.8856500000000E+02  0.1196336E+01  0.1413924E-02 -0.3499519E-01 -0.3571250E-04  0.1776967E+00 -0.3409838E-03
  0.8863166666666E+02  0.1196430E+01  0.1409258E-02 -0.3499758E-01 -0.3580486E-04  0.1776740E+00 -0.3402653E-03
  0.8869833333333E+02  0.1196523E+01  0.1404620E-02 -0.3499997E-01 -0.3589583E-04  0.1776513E+00 -0.3395484E-03
  0.8876500000000E+02  0.1196617E+01  0.1400009E-02 -0.3500237E-01 -0.3598541E-04  0.1776287E+00 -0.3388332E-03
  0.8883166666666E+02  0.1196710E+01  0.1395424E-02 -0.3500478E-01 -0.3607362E-04  0.1776062E+00 -0.3381196E-03
  0.8889833333333E+02  0.1196802E+01  0.1390867E-02 -0.3500719E-01 -0.3616047E-04  0.1775837E+00 -0.3374076E-03
  0.8896500000000E+02  0.1196895E+01  0.1386336E-02 -0.3500960E-01 -0.3624597E-04  0.1775613E+00 -0.3366973E-03
  0.8903166666666E+02  0.1196987E+01  0.1381831E-02 -0.3501203E-01 -0.3633014E-04  0.1775389E+00 -0.3359886E-03
  0.8909833333333E+02  0.1197079E+01  0.1377352E-02 -0.3501445E-01 -0.3641299E-04  0.1775165E+00 -0.3352815E-03
  0.8916500000000E+02  0.1197170E+01  0.1372899E-02 -0.3501689E-01 -0.3649452E-04  0.1774942E+00 -0.3345760E-03
  0.8923166666666E+02  0.1197262E+01  0.1368472E-02 -0.3501932E-01 -0.3657476E-04  0.1774719E+00 -0.3338721E-03
  0.8929833333333E+02  0.1197353E+01  0.1364070E-02 -0.3502177E-01 -0.3665371E-04  0.1774497E+00 -0.3331697E-03
  0.8936500000000E+02  0.1197443E+01  0.1359694E-02 -0.3502422E-01 -0.3673138E-04  0.1774276E+00 -0.3324690E-03
  0.8943166666666E+02  0.1197534E+01  0.1355342E-02 -0.3502667E-01 -0.3680779E-04  0.1774055E+00 -0.3317698E-03
  0.8949833333333E+02  0.1197624E+01  0.1351015E-02 -0.3502913E-01 -0.3688294E-04  0.1773834E+00 -0.3310722E-03
  0.8956500000000E+02  0.1197713E+01  0.1346712E-02 -0.3503159E-01 -0.3695685E-04  0.1773614E+00 -0.3303762E-03
  0.8963166666666E+02  0.1197803E+01  0.1342434E-02 -0.3503406E-01 -0.3702953E-04  0.1773394E+00 -0.3296817E-03
  0.8969833333333E+02  0.1197892E+01  0.1338179E-02 -0.3503654E-01 -0.3710099E-04  0.1773174E+00 -0.3289887E-03
  0.8976500000000E+02  0.1197981E+01  0.1333949E-02 -0.3503901E-01 -0.3717124E-04  0.1772956E+00 -0.3282973E-03
  0.8983166666666E+02  0.1198070E+01  0.1329742E-02 -0.3504150E-01 -0.3724029E-04  0.1772737E+00 -0.3276075E-03
  0.8989833333333E+02  0.1198158E+01  0.1325559E-02 -0.3504398E-01 -0.3730815E-04  0.1772519E+00 -0.3269191E-03
  0.8996500000000E+02  0.1198246E+01  0.1321399E-02 -0.3504648E-01 -0.3737483E-04  0.1772302E+00 -0.3262323E-03
  0.9003166666666E+02  0.1198334E+01  0.1317262E-02 -0.3504897E-01 -0.3744035E-04  0.1772085E+00 -0.3255469E-03
  0.9009833333333E+02  0.1198421E+01  0.1313148E-02 -0.3505147E-01 -0.3750470E-04  0.1771868E+00 -0.3248631E-03
  0.9016500000000E+02  0.1198509E+01  0.1309057E-02 -0.3505398E-01 -0.3756792E-04  0.1771652E+00 -0.3241808E-03
  0.9023166666666E+02  0.1198596E+01  0.1304988E-02 -0.3505648E-01 -0.3762999E-04  0.1771436E+00 -0.3234999E-03
  0.9029833333333E+02  0.1198682E+01  0.1300941E-02 -0.3505900E-01 -0.3769094E-04  0.1771221E+00 -0.3228206E-03
  0.9036500000000E+02  0.1198769E+01  0.1296916E-02 -0.3506151E-01 -0.3775077E-04  0.1771006E+00 -0.3221427E-03
  0.9043166666666E+02  0.1198855E+01  0.1292914E-02 -0.3506404E-01 -0.3780949E-04  0.1770792E+00 -0.3214663E-03
  0.9049833333333E+02  0.1198941E+01  0.1288933E-02 -0.3506656E-01 -0.3786712E-04  0.1770578E+00 -0.3207913E-03
  0.9056500000000E+02  0.1199027E+01  0.1284973E-02 -0.3506909E-01 -0.3792366E-04  0.1770365E+00 -0.3201178E-03
  0.9063166666666E+02  0.1199112E+01  0.1281035E-02 -0.3507162E-01 -0.3797913E-04  0.1770152E+00 -0.3194457E-03
  0.9069833333333E+02  0.1199197E+01  0.1277118E-02 -0.3507416E-01 -0.3803352E-04  0.1769939E+00 -0.3187751E-03
  0.9076500000000E+02  0.1199282E+01  0.1273222E-02 -0.3507669E-01 -0.3808686E-04  0.1769727E+00 -0.3181058E-03
  0.9083166666666E+02  0.1199367E+01  0.1269347E-02 -0.3507924E-01 -0.3813915E-04  0.1769516E+00 -0.3174381E-03
  0.9089833333333E+02  0.1199451E+01  0.1265492E-02 -0.3508178E-01 -0.3819040E-04  0.1769304E+00 -0.3167717E-03
  0.9096500000000E+02  0.1199535E+01  0.1261658E-02 -0.3508433E-01 -0.3824062E-04  0.1769094E+00 -0.3161067E-03
  0.9103166666666E+02  0.1199619E+01  0.1257844E-02 -0.3508689E-01 -0.3828981E-04  0.1768883E+00 -0.3154432E-03
  0.9109833333333E+02  0.1199703E+01  0.1254051E-02 -0.3508944E-01 -0.3833800E-04  0.1768674E+00 -0.3147810E-03
  0.9116500000000E+02  0.1199786E+01  0.1250277E-02 -0.3509200E-01 -0.3838519E-04  0.1768464E+00 -0.3141202E-03
  0.9123166666666E+02  0.1199869E+01  0.1246523E-02 -0.3509456E-01 -0.3843138E-04  0.1768255E+00 -0.3134609E-03
  0.9129833333333E+02  0.1199952E+01  0.1242789E-02 -0.3509713E-01 -0.3847659E-04  0.1768047E+00 -0.3128028E-03
  0.9136500000000E+02  0.1200035E+01  0.1239074E-02 -0.3509970E-01 -0.3852082E-04  0.1767839E+00 -0.3121462E-03
  0.9143166666666E+02  0.1200117E+01  0.1235378E-02 -0.3510227E-01 -0.3856408E-04  0.1767631E+00 -0.3114909E-03
  0.9149833333333E+02  0.1200199E+01  0.1231702E-02 -0.3510484E-01 -0.3860639E-04  0.1767424E+00 -0.3108370E-03
  0.9156500000000E+02  0.1200281E+01  0.1228044E-02 -0.3510742E-01 -0.3864775E-04  0.1767217E+00 -0.3101844E-03
  0.9163166666666E+02  0.1200363E+01  0.1224405E-02 -0.3511000E-01 -0.3868817E-04  0.1767010E+00 -0.3095332E-03
  0.9169833333333E+02  0.1200444E+01  0.1220785E-02 -0.3511258E-01 -0.3872766E-04  0.1766805E+00 -0.3088833E-03
  0.9176500000000E+02  0.1200525E+01  0.1217184E-02 -0.3511516E-01 -0.3876622E-04  0.1766599E+00 -0.3082347E-03
  0.9183166666666E+02  0.1200606E+01  0.1213600E-02 -0.3511775E-01 -0.3880387E-04  0.1766394E+00 -0.3075874E-03
  0.9189833333333E+02  0.1200687E+01  0.1210035E-02 -0.3512034E-01 -0.3884062E-04  0.1766189E+00 -0.3069415E-03
  0.9196500000000E+02  0.1200767E+01  0.1206489E-02 -0.3512293E-01 -0.3887646E-04  0.1765985E+00 -0.3062969E-03
  0.9203166666666E+02  0.1200847E+01  0.1202960E-02 -0.3512552E-01 -0.3891142E-04  0.1765781E+00 -0.3056536E-03
  0.9209833333333E+02  0.1200927E+01  0.1199448E-02 -0.3512812E-01 -0.3894550E-04  0.1765578E+00 -0.3050116E-03
  0.9216500000000E+02  0.1201007E+01  0.1195955E-02 -0.3513072E-01 -0.3897870E-04  0.1765375E+00 -0.3043709E-03
  0.9223166666666E+02  0.1201087E+01  0.1192479E-02 -0.3513332E-01 -0.3901104E-04  0.1765173E+00 -0.3037315E-03
  0.9229833333333E+02  0.1201166E+01  0.1189020E-02 -0.3513592E-01 -0.3904253E-04  0.1764971E+00 -0.3030933E-03
  0.9236500000000E+02  0.1201245E+01  0.1185578E-02 -0.3513853E-01 -0.3907316E-04  0.1764769E+00 -0.3024565E-03
  0.9243166666666E+02  0.1201324E+01  0.1182154E-02 -0.3514113E-01 -0.3910296E-04  0.1764568E+00 -0.3018209E-03
  0.9249833333333E+02  0.1201402E+01  0.1178746E-02 -0.3514374E-01 -0.3913192E-04  0.1764367E+00 -0.3011866E-03
  0.9256500000000E+02  0.1201481E+01  0.1175355E-02 -0.3514635E-01 -0.3916006E-04  0.1764167E+00 -0.3005535E-03
  0.9263166666666E+02  0.1201559E+01  0.1171981E-02 -0.3514897E-01 -0.3918738E-04  0.1763967E+00 -0.2999217E-03
  0.9269833333333E+02  0.1201637E+01  0.1168623E-02 -0.3515158E-01 -0.3921389E-04  0.1763767E+00 -0.2992912E-03
  0.9276500000000E+02  0.1201714E+01  0.1165282E-02 -0.3515420E-01 -0.3923960E-04  0.1763568E+00 -0.2986619E-03
  0.9283166666666E+02  0.1201792E+01  0.1161957E-02 -0.3515681E-01 -0.3926452E-04  0.1763369E+00 -0.2980339E-03
  0.9289833333333E+02  0.1201869E+01  0.1158648E-02 -0.3515943E-01 -0.3928866E-04  0.1763171E+00 -0.2974070E-03
  0.9296500000000E+02  0.1201946E+01  0.1155356E-02 -0.3516205E-01 -0.3931201E-04  0.1762973E+00 -0.2967815E-03
  0.9303166666666E+02  0.1202023E+01  0.1152079E-02 -0.3516468E-01 -0.3933460E-04  0.1762776E+00 -0.2961571E-03
  0.9309833333333E+02  0.1202099E+01  0.1148818E-02 -0.3516730E-01 -0.3935642E-04  0.1762579E+00 -0.2955340E-03
  0.9316500000000E+02  0.1202176E+01  0.1145572E-02 -0.3516993E-01 -0.3937748E-04  0.1762382E+00 -0.2949121E-03
  0.9323166666666E+02  0.1202252E+01  0.1142342E-02 -0.3517255E-01 -0.3939780E-04  0.1762186E+00 -0.2942914E-03
  0.9329833333333E+02  0.1202328E+01  0.1139127E-02 -0.3517518E-01 -0.3941738E-04  0.1761990E+00 -0.2936719E-03
  0.9336500000000E+02  0.1202404E+01  0.1135928E-02 -0.3517781E-01 -0.3943622E-04  0.1761795E+00 -0.2930536E-03
  0.9343166666666E+02  0.1202479E+01  0.1132744E-02 -0.3518044E-01 -0.3945434E-04  0.1761600E+00 -0.2924366E-03
  0.9349833333333E+02  0.1202554E+01  0.1129575E-02 -0.3518307E-01 -0.3947174E-04  0.1761405E+00 -0.2918207E-03
  0.9356500000000E+02  0.1202630E+01  0.1126421E-02 -0.3518570E-01 -0.3948843E-04  0.1761211E+00 -0.2912060E-03
  0.9363166666666E+02  0.1202704E+01  0.1123281E-02 -0.3518834E-01 -0.3950441E-04  0.1761017E+00 -0.2905925E-03
  0.9369833333333E+02  0.1202779E+01  0.1120157E-02 -0.3519097E-01 -0.3951970E-04  0.1760824E+00 -0.2899802E-03
  0.9376500000000E+02  0.1202854E+01  0.1117047E-02 -0.3519361E-01 -0.3953429E-04  0.1760631E+00 -0.2893691E-03
  0.9383166666666E+02  0.1202928E+01  0.1113951E-02 -0.3519624E-01 -0.3954821E-04  0.1760439E+00 -0.2887592E-03
  0.9389833333333E+02  0.1203002E+01  0.1110870E-02 -0.3519888E-01 -0.3956144E-04  0.1760247E+00 -0.2881504E-03
  0.9396500000000E+02  0.1203076E+01  0.1107803E-02 -0.3520152E-01 -0.3957401E-04  0.1760055E+00 -0.2875428E-03
  0.9403166666666E+02  0.1203149E+01  0.1104750E-02 -0.3520416E-01 -0.3958591E-04  0.1759864E+00 -0.2869364E-03
  0.9409833333333E+02  0.1203223E+01  0.1101712E-02 -0.3520680E-01 -0.3959715E-04  0.1759673E+00 -0.2863311E-03
  0.9416500000000E+02  0.1203296E+01  0.1098687E-02 -0.3520944E-01 -0.3960775E-04  0.1759482E+00 -0.2857270E-03
  0.9423166666666E+02  0.1203369E+01  0.1095676E-02 -0.3521208E-01 -0.3961771E-04  0.1759292E+00 -0.2851241E-03
  0.9429833333333E+02  0.1203442E+01  0.1092679E-02 -0.3521472E-01 -0.3962703E-04  0.1759102E+00 -0.2845223E-03
  0.9436500000000E+02  0.1203515E+01  0.1089695E-02 -0.3521736E-01 -0.3963572E-04  0.1758913E+00 -0.2839217E-03
  0.9443166666666E+02  0.1203587E+01  0.1086725E-02 -0.3522001E-01 -0.3964378E-04  0.1758724E+00 -0.2833222E-03
  0.9449833333333E+02  0.1203659E+01  0.1083769E-02 -0.3522265E-01 -0.3965123E-04  0.1758536E+00 -0.2827239E-03
  0.9456500000000E+02  0.1203731E+01  0.1080826E-02 -0.3522529E-01 -0.3965807E-04  0.1758348E+00 -0.2821267E-03
  0.9463166666666E+02  0.1203803E+01  0.1077896E-02 -0.3522794E-01 -0.3966431E-04  0.1758160E+00 -0.2815307E-03
  0.9469833333333E+02  0.1203875E+01  0.1074979E-02 -0.3523058E-01 -0.3966995E-04  0.1757973E+00 -0.2809358E-03
  0.9476500000000E+02  0.1203946E+01  0.1072075E-02 -0.3523323E-01 -0.3967500E-04  0.1757786E+00 -0.2803420E-03
  0.9483166666666E+02  0.1204018E+01  0.1069185E-02 -0.3523587E-01 -0.3967947E-04  0.1757599E+00 -0.2797494E-03
  0.9489833333333E+02  0.1204089E+01  0.1066307E-02 -0.3523852E-01 -0.3968336E-04  0.1757413E+00 -0.2791579E-03
  0.9496500000000E+02  0.1204160E+01  0.1063442E-02 -0.3524116E-01 -0.3968668E-04  0.1757228E+00 -0.2785676E-03
  0.9503166666666E+02  0.1204230E+01  0.1060589E-02 -0.3524381E-01 -0.3968943E-04  0.1757042E+00 -0.2779783E-03
  0.9509833333333E+02  0.1204301E+01  0.1057750E-02 -0.3524646E-01 -0.3969162E-04  0.1756857E+00 -0.2773902E-03
  0.9516500000000E+02  0.1204371E+01  0.1054922E-02 -0.3524910E-01 -0.3969326E-04  0.1756673E+00 -0.2768032E-03
  0.9523166666666E+02  0.1204441E+01  0.1052108E-02 -0.3525175E-01 -0.3969435E-04  0.1756489E+00 -0.2762174E-03
  0.9529833333333E+02  0.1204511E+01  0.1049305E-02 -0.3525440E-01 -0.3969490E-04  0.1756305E+00 -0.2756326E-03
  0.9536500000000E+02  0.1204581E+01  0.1046515E-02 -0.3525704E-01 -0.3969492E-04  0.1756121E+00 -0.2750490E-03
  0.9543166666666E+02  0.1204651E+01  0.1043737E-02 -0.3525969E-01 -0.3969441E-04  0.1755939E+00 -0.2744665E-03
  0.9549833333333E+02  0.1204720E+01  0.1040971E-02 -0.3526233E-01 -0.3969337E-04  0.1755756E+00 -0.2738851E-03
  0.9556500000000E+02  0.1204789E+01  0.1038217E-02 -0.3526498E-01 -0.3969182E-04  0.1755574E+00 -0.2733048E-03
  0.9563166666666E+02  0.1204858E+01  0.1035475E-02 -0.3526763E-01 -0.3968975E-04  0.1755392E+00 -0.2727256E-03
  0.9569833333333E+02  0.1204927E+01  0.1032744E-02 -0.3527027E-01 -0.3968718E-04  0.1755210E+00 -0.2721475E-03
  0.9576500000000E+02  0.1204996E+01  0.1030026E-02 -0.3527292E-01 -0.3968411E-04  0.1755029E+00 -0.2715706E-03
  0.9583166666666E+02  0.1205064E+01  0.1027319E-02 -0.3527556E-01 -0.3968054E-04  0.1754849E+00 -0.2709947E-03
  0.9589833333333E+02  0.1205133E+01  0.1024624E-02 -0.3527821E-01 -0.3967649E-04  0.1754668E+00 -0.2704200E-03
  0.9596500000000E+02  0.1205201E+01  0.1021940E-02 -0.3528085E-01 -0.3967195E-04  0.1754489E+00 -0.2698463E-03
  0.9603166666666E+02  0.1205269E+01  0.1019268E-02 -0.3528350E-01 -0.3966694E-04  0.1754309E+00 -0.2692738E-03
  0.9609833333333E+02  0.1205336E+01  0.1016607E-02 -0.3528614E-01 -0.3966145E-04  0.1754130E+00 -0.2687024E-03
  0.9616500000000E+02  0.1205404E+01  0.1013957E-02 -0.3528879E-01 -0.3965550E-04  0.1753951E+00 -0.2681320E-03
  0.9623166666666E+02  0.1205471E+01  0.1011319E-02 -0.3529143E-01 -0.3964909E-04  0.1753773E+00 -0.2675628E-03
  0.9629833333333E+02  0.1205539E+01  0.1008692E-02 -0.3529407E-01 -0.3964222E-04  0.1753595E+00 -0.2669947E-03
  0.9636500000000E+02  0.1205606E+01  0.1006076E-02 -0.3529671E-01 -0.3963490E-04  0.1753417E+00 -0.2664276E-03
  0.9643166666666E+02  0.1205673E+01  0.1003470E-02 -0.3529936E-01 -0.3962713E-04  0.1753240E+00 -0.2658617E-03
  0.9649833333333E+02  0.1205739E+01  0.1000876E-02 -0.3530200E-01 -0.3961893E-04  0.1753063E+00 -0.2652968E-03
  0.9656500000000E+02  0.1205806E+01  0.9982926E-03 -0.3530464E-01 -0.3961029E-04  0.1752887E+00 -0.2647331E-03
  0.9663166666666E+02  0.1205872E+01  0.9957199E-03 -0.3530728E-01 -0.3960123E-04  0.1752710E+00 -0.2641704E-03
  0.9669833333333E+02  0.1205939E+01  0.9931580E-03 -0.3530992E-01 -0.3959174E-04  0.1752535E+00 -0.2636089E-03
  0.9676500000000E+02  0.1206005E+01  0.9906067E-03 -0.3531256E-01 -0.3958183E-04  0.1752359E+00 -0.2630484E-03
  0.9683166666666E+02  0.1206070E+01  0.9880659E-03 -0.3531519E-01 -0.3957150E-04  0.1752184E+00 -0.2624890E-03
  0.9689833333333E+02  0.1206136E+01  0.9855357E-03 -0.3531783E-01 -0.3956077E-04  0.1752010E+00 -0.2619308E-03
  0.9696500000000E+02  0.1206202E+01  0.9830159E-03 -0.3532047E-01 -0.3954964E-04  0.1751836E+00 -0.2613736E-03
  0.9703166666666E+02  0.1206267E+01  0.9805064E-03 -0.3532310E-01 -0.3953811E-04  0.1751662E+00 -0.2608175E-03
  0.9709833333333E+02  0.1206332E+01  0.9780073E-03 -0.3532574E-01 -0.3952618E-04  0.1751488E+00 -0.2602625E-03
  0.9716500000000E+02  0.1206397E+01  0.9755184E-03 -0.3532837E-01 -0.3951387E-04  0.1751315E+00 -0.2597086E-03
  0.9723166666666E+02  0.1206462E+01  0.9730397E-03 -0.3533101E-01 -0.3950117E-04  0.1751142E+00 -0.2591558E-03
  0.9729833333333E+02  0.1206527E+01  0.9705711E-03 -0.3533364E-01 -0.3948809E-04  0.1750970E+00 -0.2586040E-03
  0.9736500000000E+02  0.1206591E+01  0.9681126E-03 -0.3533627E-01 -0.3947464E-04  0.1750798E+00 -0.2580534E-03
  0.9743166666666E+02  0.1206656E+01  0.9656641E-03 -0.3533890E-01 -0.3946082E-04  0.1750626E+00 -0.2575039E-03
  0.9749833333333E+02  0.1206720E+01  0.9632254E-03 -0.3534153E-01 -0.3944664E-04  0.1750455E+00 -0.2569554E-03
  0.9756500000000E+02  0.1206784E+01  0.9607967E-03 -0.3534416E-01 -0.3943209E-04  0.1750284E+00 -0.2564080E-03
  0.9763166666666E+02  0.1206848E+01  0.9583777E-03 -0.3534679E-01 -0.3941719E-04  0.1750113E+00 -0.2558618E-03
  0.9769833333333E+02  0.1206912E+01  0.9559685E-03 -0.3534941E-01 -0.3940195E-04  0.1749943E+00 -0.2553166E-03
  0.9776500000000E+02  0.1206975E+01  0.9535690E-03 -0.3535204E-01 -0.3938635E-04  0.1749773E+00 -0.2547725E-03
  0.9783166666666E+02  0.1207039E+01  0.9511792E-03 -0.3535467E-01 -0.3937042E-04  0.1749604E+00 -0.2542295E-03
  0.9789833333333E+02  0.1207102E+01  0.9487989E-03 -0.3535729E-01 -0.3935414E-04  0.1749435E+00 -0.2536876E-03
  0.9799833333333E+02  0.1207165E+01  0.6309521E-03 -0.3535991E-01 -0.2622503E-04  0.1749266E+00 -0.1687645E-03
  0.9809833333333E+02  0.1207259E+01  0.9433145E-03 -0.3536383E-01 -0.3913570E-04  0.1749014E+00 -0.2521398E-03
  0.9819833333333E+02  0.1207353E+01  0.9396316E-03 -0.3536772E-01 -0.3893513E-04  0.1748763E+00 -0.2510058E-03
  0.9829833333333E+02  0.1207447E+01  0.9361299E-03 -0.3537161E-01 -0.3891337E-04  0.1748513E+00 -0.2502055E-03
  0.9839833333333E+02  0.1207540E+01  0.9326491E-03 -0.3537550E-01 -0.3889082E-04  0.1748263E+00 -0.2494075E-03
  0.9849833333333E+02  0.1207633E+01  0.9291889E-03 -0.3537939E-01 -0.3886752E-04  0.1748014E+00 -0.2486120E-03
  0.9859833333333E+02  0.1207726E+01  0.9257492E-03 -0.3538327E-01 -0.3884347E-04  0.1747767E+00 -0.2478190E-03
  0.9869833333333E+02  0.1207818E+01  0.9223297E-03 -0.3538715E-01 -0.3881869E-04  0.1747520E+00 -0.2470284E-03
  0.9879833333333E+02  0.1207910E+01  0.9189304E-03 -0.3539103E-01 -0.3879319E-04  0.1747273E+00 -0.2462402E-03
  0.9889833333333E+02  0.1208001E+01  0.9155510E-03 -0.3539491E-01 -0.3876699E-04  0.1747028E+00 -0.2454545E-03
  0.9899833333333E+02  0.1208093E+01  0.9121914E-03 -0.3539878E-01 -0.3874011E-04  0.1746783E+00 -0.2446712E-03
  0.9909833333333E+02  0.1208183E+01  0.9088514E-03 -0.3540265E-01 -0.3871256E-04  0.1746539E+00 -0.2438904E-03
  0.9919833333333E+02  0.1208274E+01  0.9055308E-03 -0.3540652E-01 -0.3868436E-04  0.1746296E+00 -0.2431120E-03
  0.9929833333333E+02  0.1208364E+01  0.9022296E-03 -0.3541039E-01 -0.3865551E-04  0.1746054E+00 -0.2423361E-03
  0.9939833333333E+02  0.1208454E+01  0.8989474E-03 -0.3541425E-01 -0.3862604E-04  0.1745812E+00 -0.2415626E-03
  0.9949833333333E+02  0.1208544E+01  0.8956843E-03 -0.3541811E-01 -0.3859595E-04  0.1745572E+00 -0.2407916E-03
  0.9959833333333E+02  0.1208633E+01  0.8924399E-03 -0.3542197E-01 -0.3856527E-04  0.1745332E+00 -0.2400231E-03
  0.9969833333333E+02  0.1208722E+01  0.8892142E-03 -0.3542582E-01 -0.3853400E-04  0.1745092E+00 -0.2392570E-03
  0.9979833333333E+02  0.1208810E+01  0.8860070E-03 -0.3542967E-01 -0.3850215E-04  0.1744854E+00 -0.2384934E-03
  0.9989833333333E+02  0.1208899E+01  0.8828182E-03 -0.3543352E-01 -0.3846975E-04  0.1744616E+00 -0.2377323E-03
  0.9999833333333E+02  0.1208987E+01  0.8796476E-03 -0.3543736E-01 -0.3843680E-04  0.1744379E+00 -0.2369737E-03
  0.1000983333333E+03  0.1209074E+01  0.8764951E-03 -0.3544120E-01 -0.3840332E-04  0.1744143E+00 -0.2362175E-03
  0.1001983333333E+03  0.1209162E+01  0.8733605E-03 -0.3544504E-01 -0.3836932E-04  0.1743907E+00 -0.2354638E-03
  0.1002983333333E+03  0.1209249E+01  0.8702437E-03 -0.3544887E-01 -0.3833481E-04  0.1743673E+00 -0.2347126E-03
  0.1003983333333E+03  0.1209335E+01  0.8671446E-03 -0.3545270E-01 -0.3829980E-04  0.1743439E+00 -0.2339639E-03
  0.1004983333333E+03  0.1209422E+01  0.8640630E-03 -0.3545653E-01 -0.3826431E-04  0.1743206E+00 -0.2332177E-03
  0.1005983333333E+03  0.1209508E+01  0.8609988E-03 -0.3546035E-01 -0.3822835E-04  0.1742973E+00 -0.2324740E-03
  0.1006983333333E+03  0.1209594E+01  0.8579519E-03 -0.3546417E-01 -0.3819193E-04  0.1742741E+00 -0.2317328E-03
  0.1007983333333E+03  0.1209679E+01  0.8549221E-03 -0.3546798E-01 -0.3815507E-04  0.1742510E+00 -0.2309941E-03
  0.1008983333333E+03  0.1209764E+01  0.8519093E-03 -0.3547180E-01 -0.3811776E-04  0.1742280E+00 -0.2302578E-03
  0.1009983333333E+03  0.1209849E+01  0.8489133E-03 -0.3547560E-01 -0.3808003E-04  0.1742051E+00 -0.2295241E-03
  0.1010983333333E+03  0.1209934E+01  0.8459342E-03 -0.3547941E-01 -0.3804188E-04  0.1741822E+00 -0.2287930E-03
  0.1011983333333E+03  0.1210018E+01  0.8429716E-03 -0.3548321E-01 -0.3800334E-04  0.1741594E+00 -0.2280643E-03
  0.1012983333333E+03  0.1210102E+01  0.8400255E-03 -0.3548701E-01 -0.3796440E-04  0.1741366E+00 -0.2273381E-03
  0.1013983333333E+03  0.1210186E+01  0.8370959E-03 -0.3549080E-01 -0.3792507E-04  0.1741140E+00 -0.2266145E-03
  0.1014983333333E+03  0.1210269E+01  0.8341825E-03 -0.3549459E-01 -0.3788538E-04  0.1740914E+00 -0.2258934E-03
  0.1015983333333E+03  0.1210352E+01  0.8312852E-03 -0.3549837E-01 -0.3784532E-04  0.1740689E+00 -0.2251748E-03
  0.1016983333333E+03  0.1210435E+01  0.8284040E-03 -0.3550215E-01 -0.3780492E-04  0.1740464E+00 -0.2244588E-03
  0.1017983333333E+03  0.1210518E+01  0.8255387E-03 -0.3550593E-01 -0.3776417E-04  0.1740240E+00 -0.2237452E-03
  0.1018983333333E+03  0.1210600E+01  0.8226892E-03 -0.3550970E-01 -0.3772309E-04  0.1740017E+00 -0.2230343E-03
  0.1019983333333E+03  0.1210682E+01  0.8198554E-03 -0.3551347E-01 -0.3768169E-04  0.1739795E+00 -0.2223258E-03
  0.1020983333333E+03  0.1210764E+01  0.8170371E-03 -0.3551723E-01 -0.3763997E-04  0.1739573E+00 -0.2216199E-03
  0.1021983333333E+03  0.1210845E+01  0.8142344E-03 -0.3552099E-01 -0.3759796E-04  0.1739353E+00 -0.2209166E-03
  0.1022983333333E+03  0.1210926E+01  0.8114470E-03 -0.3552475E-01 -0.3755565E-04  0.1739132E+00 -0.2202157E-03
  0.1023983333333E+03  0.1211007E+01  0.8086749E-03 -0.3552850E-01 -0.3751305E-04  0.1738913E+00 -0.2195175E-03
  0.1024983333333E+03  0.1211088E+01  0.8059179E-03 -0.3553225E-01 -0.3747019E-04  0.1738694E+00 -0.2188218E-03
  0.1025983333333E+03  0.1211168E+01  0.8031760E-03 -0.3553599E-01 -0.3742705E-04  0.1738476E+00 -0.2181286E-03
  0.1026983333333E+03  0.1211248E+01  0.8004490E-03 -0.3553973E-01 -0.3738365E-04  0.1738258E+00 -0.2174380E-03
  0.1027983333333E+03  0.1211328E+01  0.7977368E-03 -0.3554346E-01 -0.3734001E-04  0.1738042E+00 -0.2167500E-03
  0.1028983333333E+03  0.1211407E+01  0.7950395E-03 -0.3554719E-01 -0.3729613E-04  0.1737826E+00 -0.2160645E-03
  0.1029983333333E+03  0.1211487E+01  0.7923567E-03 -0.3555092E-01 -0.3725201E-04  0.1737610E+00 -0.2153816E-03
  0.1030983333333E+03  0.1211566E+01  0.7896885E-03 -0.3555464E-01 -0.3720766E-04  0.1737396E+00 -0.2147012E-03
  0.1031983333333E+03  0.1211644E+01  0.7870348E-03 -0.3555835E-01 -0.3716310E-04  0.1737182E+00 -0.2140234E-03
  0.1032983333333E+03  0.1211723E+01  0.7843954E-03 -0.3556207E-01 -0.3711833E-04  0.1736968E+00 -0.2133482E-03
  0.1033983333333E+03  0.1211801E+01  0.7817703E-03 -0.3556577E-01 -0.3707336E-04  0.1736755E+00 -0.2126755E-03
  0.1034983333333E+03  0.1211879E+01  0.7791593E-03 -0.3556948E-01 -0.3702820E-04  0.1736543E+00 -0.2120054E-03
  0.1035983333333E+03  0.1211957E+01  0.7765625E-03 -0.3557317E-01 -0.3698284E-04  0.1736332E+00 -0.2113379E-03
  0.1036983333333E+03  0.1212034E+01  0.7739796E-03 -0.3557687E-01 -0.3693731E-04  0.1736121E+00 -0.2106729E-03
  0.1037983333333E+03  0.1212111E+01  0.7714105E-03 -0.3558056E-01 -0.3689161E-04  0.1735911E+00 -0.2100105E-03
  0.1038983333333E+03  0.1212188E+01  0.7688553E-03 -0.3558424E-01 -0.3684574E-04  0.1735702E+00 -0.2093507E-03
  0.1039983333333E+03  0.1212265E+01  0.7663138E-03 -0.3558792E-01 -0.3679971E-04  0.1735493E+00 -0.2086935E-03
  0.1040983333333E+03  0.1212341E+01  0.7637859E-03 -0.3559160E-01 -0.3675353E-04  0.1735285E+00 -0.2080388E-03
  0.1041983333333E+03  0.1212417E+01  0.7612716E-03 -0.3559527E-01 -0.3670720E-04  0.1735078E+00 -0.2073867E-03
  0.1042983333333E+03  0.1212493E+01  0.7587707E-03 -0.3559893E-01 -0.3666074E-04  0.1734871E+00 -0.2067372E-03
  0.1043983333333E+03  0.1212569E+01  0.7562831E-03 -0.3560259E-01 -0.3661414E-04  0.1734665E+00 -0.2060902E-03
  0.1044983333333E+03  0.1212644E+01  0.7538088E-03 -0.3560625E-01 -0.3656742E-04  0.1734460E+00 -0.2054458E-03
  0.1045983333333E+03  0.1212719E+01  0.7513477E-03 -0.3560990E-01 -0.3652058E-04  0.1734255E+00 -0.2048040E-03
  0.1046983333333E+03  0.1212794E+01  0.7488998E-03 -0.3561355E-01 -0.3647363E-04  0.1734051E+00 -0.2041648E-03
  0.1047983333333E+03  0.1212869E+01  0.7464648E-03 -0.3561719E-01 -0.3642656E-04  0.1733847E+00 -0.2035281E-03
  0.1048983333333E+03  0.1212943E+01  0.7440428E-03 -0.3562083E-01 -0.3637940E-04  0.1733644E+00 -0.2028940E-03
  0.1049983333333E+03  0.1213017E+01  0.7416336E-03 -0.3562446E-01 -0.3633214E-04  0.1733442E+00 -0.2022625E-03
  0.1050983333333E+03  0.1213091E+01  0.7392372E-03 -0.3562809E-01 -0.3628478E-04  0.1733240E+00 -0.2016335E-03
  0.1051983333333E+03  0.1213165E+01  0.7368536E-03 -0.3563172E-01 -0.3623735E-04  0.1733039E+00 -0.2010071E-03
  0.1052983333333E+03  0.1213238E+01  0.7344825E-03 -0.3563534E-01 -0.3618983E-04  0.1732839E+00 -0.2003833E-03
  0.1053983333333E+03  0.1213312E+01  0.7321240E-03 -0.3563895E-01 -0.3614224E-04  0.1732639E+00 -0.1997620E-03
  0.1054983333333E+03  0.1213385E+01  0.7297779E-03 -0.3564256E-01 -0.3609458E-04  0.1732440E+00 -0.1991433E-03
  0.1055983333333E+03  0.1213457E+01  0.7274442E-03 -0.3564616E-01 -0.3604685E-04  0.1732242E+00 -0.1985272E-03
  0.1056983333333E+03  0.1213530E+01  0.7251229E-03 -0.3564976E-01 -0.3599906E-04  0.1732044E+00 -0.1979136E-03
  0.1057983333333E+03  0.1213602E+01  0.7228137E-03 -0.3565336E-01 -0.3595122E-04  0.1731846E+00 -0.1973026E-03
  0.1058983333333E+03  0.1213674E+01  0.7205168E-03 -0.3565695E-01 -0.3590333E-04  0.1731650E+00 -0.1966941E-03
  0.1059983333333E+03  0.1213746E+01  0.7182319E-03 -0.3566053E-01 -0.3585540E-04  0.1731454E+00 -0.1960882E-03
  0.1060983333333E+03  0.1213818E+01  0.7159590E-03 -0.3566412E-01 -0.3580742E-04  0.1731258E+00 -0.1954848E-03
  0.1061983333333E+03  0.1213889E+01  0.7136980E-03 -0.3566769E-01 -0.3575941E-04  0.1731063E+00 -0.1948840E-03
  0.1062983333333E+03  0.1213960E+01  0.7114489E-03 -0.3567126E-01 -0.3571136E-04  0.1730869E+00 -0.1942857E-03
  0.1063983333333E+03  0.1214031E+01  0.7092116E-03 -0.3567483E-01 -0.3566329E-04  0.1730675E+00 -0.1936900E-03
  0.1064983333333E+03  0.1214102E+01  0.7069860E-03 -0.3567839E-01 -0.3561519E-04  0.1730482E+00 -0.1930968E-03
  0.1065983333333E+03  0.1214172E+01  0.7047721E-03 -0.3568195E-01 -0.3556708E-04  0.1730290E+00 -0.1925061E-03
  0.1066983333333E+03  0.1214242E+01  0.7025697E-03 -0.3568550E-01 -0.3551895E-04  0.1730098E+00 -0.1919180E-03
  0.1067983333333E+03  0.1214312E+01  0.7003788E-03 -0.3568905E-01 -0.3547080E-04  0.1729906E+00 -0.1913324E-03
  0.1068983333333E+03  0.1214382E+01  0.6981993E-03 -0.3569259E-01 -0.3542265E-04  0.1729716E+00 -0.1907493E-03
  0.1069983333333E+03  0.1214452E+01  0.6960313E-03 -0.3569613E-01 -0.3537450E-04  0.1729526E+00 -0.1901687E-03
  0.1070983333333E+03  0.1214521E+01  0.6938745E-03 -0.3569966E-01 -0.3532634E-04  0.1729336E+00 -0.1895907E-03
  0.1072316666667E+03  0.1214590E+01  0.5187967E-03 -0.3570319E-01 -0.2645864E-04  0.1729147E+00 -0.1417614E-03
  0.1073650000000E+03  0.1214682E+01  0.6891678E-03 -0.3570787E-01 -0.3511924E-04  0.1728896E+00 -0.1881840E-03
  0.1074983333333E+03  0.1214774E+01  0.6862707E-03 -0.3571253E-01 -0.3495591E-04  0.1728646E+00 -0.1872648E-03
  0.1076316666667E+03  0.1214865E+01  0.6834633E-03 -0.3571718E-01 -0.3489478E-04  0.1728398E+00 -0.1865119E-03
  0.1077650000000E+03  0.1214956E+01  0.6806753E-03 -0.3572183E-01 -0.3483363E-04  0.1728150E+00 -0.1857634E-03
  0.1078983333333E+03  0.1215046E+01  0.6779065E-03 -0.3572646E-01 -0.3477247E-04  0.1727903E+00 -0.1850193E-03
  0.1080316666667E+03  0.1215136E+01  0.6751568E-03 -0.3573109E-01 -0.3471131E-04  0.1727658E+00 -0.1842796E-03
  0.1081650000000E+03  0.1215226E+01  0.6724261E-03 -0.3573571E-01 -0.3465015E-04  0.1727413E+00 -0.1835442E-03
  0.1082983333333E+03  0.1215315E+01  0.6697141E-03 -0.3574032E-01 -0.3458900E-04  0.1727169E+00 -0.1828132E-03
  0.1084316666667E+03  0.1215404E+01  0.6670207E-03 -0.3574493E-01 -0.3452787E-04  0.1726926E+00 -0.1820866E-03
  0.1085650000000E+03  0.1215493E+01  0.6643459E-03 -0.3574952E-01 -0.3446677E-04  0.1726684E+00 -0.1813643E-03
  0.1086983333333E+03  0.1215581E+01  0.6616893E-03 -0.3575411E-01 -0.3440570E-04  0.1726444E+00 -0.1806463E-03
  0.1088316666667E+03  0.1215669E+01  0.6590510E-03 -0.3575869E-01 -0.3434467E-04  0.1726204E+00 -0.1799326E-03
  0.1089650000000E+03  0.1215756E+01  0.6564307E-03 -0.3576326E-01 -0.3428369E-04  0.1725965E+00 -0.1792232E-03
  0.1090983333333E+03  0.1215843E+01  0.6538282E-03 -0.3576782E-01 -0.3422276E-04  0.1725727E+00 -0.1785181E-03
  0.1092316666667E+03  0.1215930E+01  0.6512436E-03 -0.3577238E-01 -0.3416189E-04  0.1725490E+00 -0.1778172E-03
  0.1093650000000E+03  0.1216017E+01  0.6486765E-03 -0.3577693E-01 -0.3410109E-04  0.1725253E+00 -0.1771206E-03
  0.1094983333333E+03  0.1216103E+01  0.6461269E-03 -0.3578146E-01 -0.3404035E-04  0.1725018E+00 -0.1764282E-03
  0.1096316666667E+03  0.1216189E+01  0.6435946E-03 -0.3578599E-01 -0.3397969E-04  0.1724784E+00 -0.1757400E-03
  0.1097650000000E+03  0.1216274E+01  0.6410795E-03 -0.3579052E-01 -0.3391911E-04  0.1724550E+00 -0.1750561E-03
  0.1098983333333E+03  0.1216359E+01  0.6385815E-03 -0.3579503E-01 -0.3385861E-04  0.1724318E+00 -0.1743763E-03
  0.1100316666667E+03  0.1216444E+01  0.6361004E-03 -0.3579954E-01 -0.3379821E-04  0.1724086E+00 -0.1737006E-03
  0.1101650000000E+03  0.1216529E+01  0.6336361E-03 -0.3580404E-01 -0.3373790E-04  0.1723856E+00 -0.1730291E-03
  0.1102983333333E+03  0.1216613E+01  0.6311884E-03 -0.3580853E-01 -0.3367769E-04  0.1723626E+00 -0.1723618E-03
  0.1104316666667E+03  0.1216697E+01  0.6287572E-03 -0.3581301E-01 -0.3361758E-04  0.1723397E+00 -0.1716985E-03
  0.1105650000000E+03  0.1216780E+01  0.6263424E-03 -0.3581748E-01 -0.3355758E-04  0.1723169E+00 -0.1710394E-03
  0.1106983333333E+03  0.1216863E+01  0.6239438E-03 -0.3582195E-01 -0.3349770E-04  0.1722942E+00 -0.1703843E-03
  0.1108316666667E+03  0.1216946E+01  0.6215614E-03 -0.3582641E-01 -0.3343792E-04  0.1722715E+00 -0.1697333E-03
  0.1109650000000E+03  0.1217029E+01  0.6191949E-03 -0.3583086E-01 -0.3337827E-04  0.1722490E+00 -0.1690863E-03
  0.1110983333333E+03  0.1217111E+01  0.6168443E-03 -0.3583530E-01 -0.3331874E-04  0.1722265E+00 -0.1684433E-03
  0.1112316666667E+03  0.1217193E+01  0.6145094E-03 -0.3583974E-01 -0.3325934E-04  0.1722042E+00 -0.1678043E-03
  0.1113650000000E+03  0.1217275E+01  0.6121902E-03 -0.3584416E-01 -0.3320006E-04  0.1721819E+00 -0.1671693E-03
  0.1114983333333E+03  0.1217356E+01  0.6098864E-03 -0.3584858E-01 -0.3314092E-04  0.1721597E+00 -0.1665383E-03
  0.1116316666667E+03  0.1217437E+01  0.6075980E-03 -0.3585299E-01 -0.3308191E-04  0.1721375E+00 -0.1659112E-03
  0.1117650000000E+03  0.1217518E+01  0.6053248E-03 -0.3585740E-01 -0.3302304E-04  0.1721155E+00 -0.1652881E-03
  0.1118983333333E+03  0.1217598E+01  0.6030667E-03 -0.3586179E-01 -0.3296431E-04  0.1720936E+00 -0.1646688E-03
  0.1120316666667E+03  0.1217678E+01  0.6008236E-03 -0.3586618E-01 -0.3290573E-04  0.1720717E+00 -0.1640534E-03
  0.1121650000000E+03  0.1217758E+01  0.5985954E-03 -0.3587056E-01 -0.3284728E-04  0.1720499E+00 -0.1634419E-03
  0.1122983333333E+03  0.1217837E+01  0.5963819E-03 -0.3587493E-01 -0.3278899E-04  0.1720282E+00 -0.1628342E-03
  0.1124316666667E+03  0.1217917E+01  0.5941830E-03 -0.3587929E-01 -0.3273085E-04  0.1720065E+00 -0.1622303E-03
  0.1125650000000E+03  0.1217996E+01  0.5919987E-03 -0.3588365E-01 -0.3267285E-04  0.1719850E+00 -0.1616302E-03
  0.1126983333333E+03  0.1218074E+01  0.5898287E-03 -0.3588800E-01 -0.3261501E-04  0.1719635E+00 -0.1610339E-03
  0.1128316666667E+03  0.1218153E+01  0.5876730E-03 -0.3589234E-01 -0.3255733E-04  0.1719421E+00 -0.1604414E-03
  0.1129650000000E+03  0.1218231E+01  0.5855315E-03 -0.3589667E-01 -0.3249981E-04  0.1719208E+00 -0.1598525E-03
  0.1130983333333E+03  0.1218308E+01  0.5834040E-03 -0.3590100E-01 -0.3244244E-04  0.1718996E+00 -0.1592674E-03
  0.1132316666667E+03  0.1218386E+01  0.5812905E-03 -0.3590532E-01 -0.3238523E-04  0.1718784E+00 -0.1586860E-03
  0.1133650000000E+03  0.1218463E+01  0.5791908E-03 -0.3590963E-01 -0.3232819E-04  0.1718573E+00 -0.1581083E-03
  0.1134983333333E+03  0.1218540E+01  0.5771048E-03 -0.3591393E-01 -0.3227130E-04  0.1718363E+00 -0.1575342E-03
  0.1136316666667E+03  0.1218617E+01  0.5750324E-03 -0.3591823E-01 -0.3221459E-04  0.1718154E+00 -0.1569637E-03
  0.1137650000000E+03  0.1218693E+01  0.5729735E-03 -0.3592251E-01 -0.3215804E-04  0.1717946E+00 -0.1563968E-03
  0.1138983333333E+03  0.1218769E+01  0.5709279E-03 -0.3592679E-01 -0.3210165E-04  0.1717738E+00 -0.1558335E-03
  0.1140316666667E+03  0.1218845E+01  0.5688956E-03 -0.3593107E-01 -0.3204543E-04  0.1717531E+00 -0.1552738E-03
  0.1141650000000E+03  0.1218921E+01  0.5668765E-03 -0.3593533E-01 -0.3198938E-04  0.1717324E+00 -0.1547176E-03
  0.1142983333333E+03  0.1218996E+01  0.5648705E-03 -0.3593959E-01 -0.3193350E-04  0.1717119E+00 -0.1541649E-03
  0.1144316666667E+03  0.1219071E+01  0.5628774E-03 -0.3594384E-01 -0.3187779E-04  0.1716914E+00 -0.1536158E-03
  0.1145650000000E+03  0.1219146E+01  0.5608971E-03 -0.3594808E-01 -0.3182225E-04  0.1716710E+00 -0.1530700E-03
  0.1146983333333E+03  0.1219220E+01  0.5589296E-03 -0.3595232E-01 -0.3176689E-04  0.1716507E+00 -0.1525278E-03
  0.1148316666667E+03  0.1219295E+01  0.5569747E-03 -0.3595655E-01 -0.3171169E-04  0.1716304E+00 -0.1519889E-03
  0.1149650000000E+03  0.1219369E+01  0.5550324E-03 -0.3596077E-01 -0.3165667E-04  0.1716102E+00 -0.1514535E-03
  0.1150983333333E+03  0.1219442E+01  0.5531024E-03 -0.3596498E-01 -0.3160182E-04  0.1715901E+00 -0.1509214E-03
  0.1152316666667E+03  0.1219516E+01  0.5511848E-03 -0.3596919E-01 -0.3154714E-04  0.1715700E+00 -0.1503927E-03
  0.1153650000000E+03  0.1219589E+01  0.5492795E-03 -0.3597339E-01 -0.3149264E-04  0.1715500E+00 -0.1498674E-03
  0.1154983333333E+03  0.1219662E+01  0.5473863E-03 -0.3597758E-01 -0.3143830E-04  0.1715301E+00 -0.1493453E-03
  0.1156316666667E+03  0.1219735E+01  0.5455051E-03 -0.3598176E-01 -0.3138415E-04  0.1715103E+00 -0.1488265E-03
  0.1157983333333E+03  0.1219807E+01  0.4349086E-03 -0.3598594E-01 -0.2506413E-04  0.1714905E+00 -0.1186488E-03
  0.1159650000000E+03  0.1219898E+01  0.5415044E-03 -0.3599114E-01 -0.3120366E-04  0.1714659E+00 -0.1476377E-03
  0.1161316666667E+03  0.1219987E+01  0.5391592E-03 -0.3599632E-01 -0.3107306E-04  0.1714414E+00 -0.1469072E-03
  0.1162983333333E+03  0.1220077E+01  0.5368734E-03 -0.3600149E-01 -0.3100831E-04  0.1714170E+00 -0.1462782E-03
  0.1164650000000E+03  0.1220166E+01  0.5346055E-03 -0.3600664E-01 -0.3094379E-04  0.1713928E+00 -0.1456542E-03
  0.1166316666667E+03  0.1220255E+01  0.5323555E-03 -0.3601179E-01 -0.3087951E-04  0.1713686E+00 -0.1450351E-03
  0.1167983333333E+03  0.1220343E+01  0.5301230E-03 -0.3601693E-01 -0.3081546E-04  0.1713445E+00 -0.1444207E-03
  0.1169650000000E+03  0.1220431E+01  0.5279080E-03 -0.3602205E-01 -0.3075165E-04  0.1713206E+00 -0.1438112E-03
  0.1171316666667E+03  0.1220519E+01  0.5257102E-03 -0.3602717E-01 -0.3068807E-04  0.1712967E+00 -0.1432065E-03
  0.1172983333333E+03  0.1220606E+01  0.5235294E-03 -0.3603227E-01 -0.3062473E-04  0.1712729E+00 -0.1426065E-03
  0.1174650000000E+03  0.1220693E+01  0.5213656E-03 -0.3603736E-01 -0.3056163E-04  0.1712493E+00 -0.1420111E-03
  0.1176316666667E+03  0.1220779E+01  0.5192185E-03 -0.3604245E-01 -0.3049876E-04  0.1712257E+00 -0.1414204E-03
  0.1177983333333E+03  0.1220866E+01  0.5170879E-03 -0.3604752E-01 -0.3043613E-04  0.1712022E+00 -0.1408343E-03
  0.1179650000000E+03  0.1220951E+01  0.5149737E-03 -0.3605258E-01 -0.3037373E-04  0.1711788E+00 -0.1402527E-03
  0.1181316666667E+03  0.1221037E+01  0.5128758E-03 -0.3605763E-01 -0.3031157E-04  0.1711556E+00 -0.1396756E-03
  0.1182983333333E+03  0.1221122E+01  0.5107939E-03 -0.3606268E-01 -0.3024964E-04  0.1711324E+00 -0.1391030E-03
  0.1184650000000E+03  0.1221207E+01  0.5087278E-03 -0.3606771E-01 -0.3018795E-04  0.1711093E+00 -0.1385348E-03
  0.1186316666667E+03  0.1221291E+01  0.5066775E-03 -0.3607273E-01 -0.3012649E-04  0.1710863E+00 -0.1379710E-03
  0.1187983333333E+03  0.1221375E+01  0.5046428E-03 -0.3607774E-01 -0.3006526E-04  0.1710634E+00 -0.1374115E-03
  0.1189650000000E+03  0.1221459E+01  0.5026235E-03 -0.3608274E-01 -0.3000426E-04  0.1710406E+00 -0.1368563E-03
  0.1191316666667E+03  0.1221543E+01  0.5006194E-03 -0.3608773E-01 -0.2994349E-04  0.1710179E+00 -0.1363054E-03
  0.1192983333333E+03  0.1221626E+01  0.4986305E-03 -0.3609271E-01 -0.2988295E-04  0.1709952E+00 -0.1357587E-03
  0.1194650000000E+03  0.1221708E+01  0.4966564E-03 -0.3609768E-01 -0.2982264E-04  0.1709727E+00 -0.1352161E-03
  0.1196316666667E+03  0.1221791E+01  0.4946972E-03 -0.3610264E-01 -0.2976256E-04  0.1709502E+00 -0.1346777E-03
  0.1197983333333E+03  0.1221873E+01  0.4927526E-03 -0.3610759E-01 -0.2970271E-04  0.1709279E+00 -0.1341434E-03
  0.1199650000000E+03  0.1221955E+01  0.4908225E-03 -0.3611253E-01 -0.2964308E-04  0.1709056E+00 -0.1336132E-03
  0.1201316666667E+03  0.1222036E+01  0.4889067E-03 -0.3611746E-01 -0.2958368E-04  0.1708834E+00 -0.1330869E-03
  0.1202983333333E+03  0.1222117E+01  0.4870052E-03 -0.3612238E-01 -0.2952449E-04  0.1708613E+00 -0.1325647E-03
  0.1204650000000E+03  0.1222198E+01  0.4851177E-03 -0.3612730E-01 -0.2946553E-04  0.1708393E+00 -0.1320464E-03
  0.1206316666667E+03  0.1222279E+01  0.4832441E-03 -0.3613220E-01 -0.2940680E-04  0.1708174E+00 -0.1315319E-03
  0.1207983333333E+03  0.1222359E+01  0.4813843E-03 -0.3613709E-01 -0.2934828E-04  0.1707956E+00 -0.1310214E-03
  0.1209650000000E+03  0.1222439E+01  0.4795381E-03 -0.3614197E-01 -0.2928997E-04  0.1707738E+00 -0.1305147E-03
  0.1211316666667E+03  0.1222519E+01  0.4777054E-03 -0.3614684E-01 -0.2923189E-04  0.1707522E+00 -0.1300117E-03
  0.1212983333333E+03  0.1222598E+01  0.4758861E-03 -0.3615170E-01 -0.2917402E-04  0.1707306E+00 -0.1295125E-03
  0.1214650000000E+03  0.1222677E+01  0.4740800E-03 -0.3615656E-01 -0.2911636E-04  0.1707091E+00 -0.1290170E-03
  0.1216316666667E+03  0.1222756E+01  0.4722870E-03 -0.3616140E-01 -0.2905892E-04  0.1706877E+00 -0.1285252E-03
  0.1217983333333E+03  0.1222834E+01  0.4705069E-03 -0.3616623E-01 -0.2900169E-04  0.1706663E+00 -0.1280370E-03
  0.1219650000000E+03  0.1222912E+01  0.4687397E-03 -0.3617106E-01 -0.2894466E-04  0.1706451E+00 -0.1275524E-03
  0.1221316666667E+03  0.1222990E+01  0.4669852E-03 -0.3617587E-01 -0.2888784E-04  0.1706239E+00 -0.1270714E-03
  0.1222983333333E+03  0.1223068E+01  0.4652432E-03 -0.3618068E-01 -0.2883123E-04  0.1706028E+00 -0.1265939E-03
  0.1224650000000E+03  0.1223145E+01  0.4635137E-03 -0.3618547E-01 -0.2877483E-04  0.1705818E+00 -0.1261199E-03
  0.1226316666667E+03  0.1223222E+01  0.4617965E-03 -0.3619026E-01 -0.2871863E-04  0.1705608E+00 -0.1256493E-03
  0.1227983333333E+03  0.1223299E+01  0.4600915E-03 -0.3619504E-01 -0.2866263E-04  0.1705399E+00 -0.1251822E-03
  0.1229650000000E+03  0.1223375E+01  0.4583986E-03 -0.3619980E-01 -0.2860682E-04  0.1705192E+00 -0.1247184E-03
  0.1231316666667E+03  0.1223451E+01  0.4567176E-03 -0.3620456E-01 -0.2855122E-04  0.1704985E+00 -0.1242580E-03
  0.1232983333333E+03  0.1223527E+01  0.4550484E-03 -0.3620931E-01 -0.2849582E-04  0.1704778E+00 -0.1238009E-03
  0.1234650000000E+03  0.1223602E+01  0.4533910E-03 -0.3621405E-01 -0.2844060E-04  0.1704573E+00 -0.1233471E-03
  0.1236316666667E+03  0.1223678E+01  0.4517452E-03 -0.3621878E-01 -0.2838559E-04  0.1704368E+00 -0.1228966E-03
  0.1237983333333E+03  0.1223753E+01  0.4501108E-03 -0.3622350E-01 -0.2833076E-04  0.1704164E+00 -0.1224493E-03
  0.1239650000000E+03  0.1223828E+01  0.4484878E-03 -0.3622822E-01 -0.2827612E-04  0.1703960E+00 -0.1220051E-03
  0.1241650000000E+03  0.1223902E+01  0.3723967E-03 -0.3623292E-01 -0.2351806E-04  0.1703758E+00 -0.1013034E-03
  0.1243650000000E+03  0.1223991E+01  0.4450846E-03 -0.3623854E-01 -0.2811639E-04  0.1703516E+00 -0.1210168E-03
  0.1245650000000E+03  0.1224080E+01  0.4431492E-03 -0.3624415E-01 -0.2800755E-04  0.1703275E+00 -0.1204314E-03
  0.1247650000000E+03  0.1224168E+01  0.4412597E-03 -0.3624973E-01 -0.2794432E-04  0.1703035E+00 -0.1199157E-03
  0.1249650000000E+03  0.1224256E+01  0.4393858E-03 -0.3625531E-01 -0.2788133E-04  0.1702796E+00 -0.1194043E-03
  0.1251650000000E+03  0.1224343E+01  0.4375272E-03 -0.3626087E-01 -0.2781857E-04  0.1702558E+00 -0.1188972E-03
  0.1253650000000E+03  0.1224430E+01  0.4356837E-03 -0.3626643E-01 -0.2775604E-04  0.1702322E+00 -0.1183942E-03
  0.1255650000000E+03  0.1224517E+01  0.4338551E-03 -0.3627196E-01 -0.2769374E-04  0.1702086E+00 -0.1178955E-03
  0.1257650000000E+03  0.1224604E+01  0.4320413E-03 -0.3627749E-01 -0.2763166E-04  0.1701851E+00 -0.1174008E-03
  0.1259650000000E+03  0.1224690E+01  0.4302422E-03 -0.3628301E-01 -0.2756981E-04  0.1701617E+00 -0.1169102E-03
  0.1261650000000E+03  0.1224775E+01  0.4284574E-03 -0.3628851E-01 -0.2750818E-04  0.1701384E+00 -0.1164237E-03
  0.1263650000000E+03  0.1224861E+01  0.4266869E-03 -0.3629400E-01 -0.2744677E-04  0.1701152E+00 -0.1159410E-03
  0.1265650000000E+03  0.1224946E+01  0.4249305E-03 -0.3629947E-01 -0.2738557E-04  0.1700922E+00 -0.1154623E-03
  0.1267650000000E+03  0.1225030E+01  0.4231880E-03 -0.3630494E-01 -0.2732459E-04  0.1700692E+00 -0.1149875E-03
  0.1269650000000E+03  0.1225115E+01  0.4214593E-03 -0.3631039E-01 -0.2726383E-04  0.1700463E+00 -0.1145164E-03
  0.1271650000000E+03  0.1225199E+01  0.4197442E-03 -0.3631583E-01 -0.2720327E-04  0.1700234E+00 -0.1140491E-03
  0.1273650000000E+03  0.1225282E+01  0.4180425E-03 -0.3632126E-01 -0.2714292E-04  0.1700007E+00 -0.1135856E-03
  0.1275650000000E+03  0.1225365E+01  0.4163542E-03 -0.3632668E-01 -0.2708278E-04  0.1699781E+00 -0.1131257E-03
  0.1277650000000E+03  0.1225448E+01  0.4146789E-03 -0.3633208E-01 -0.2702284E-04  0.1699556E+00 -0.1126695E-03
  0.1279650000000E+03  0.1225531E+01  0.4130166E-03 -0.3633747E-01 -0.2696311E-04  0.1699331E+00 -0.1122168E-03
  0.1281650000000E+03  0.1225613E+01  0.4113672E-03 -0.3634285E-01 -0.2690358E-04  0.1699108E+00 -0.1117677E-03
  0.1283650000000E+03  0.1225695E+01  0.4097305E-03 -0.3634822E-01 -0.2684424E-04  0.1698885E+00 -0.1113220E-03
  0.1285650000000E+03  0.1225777E+01  0.4081062E-03 -0.3635358E-01 -0.2678510E-04  0.1698663E+00 -0.1108798E-03
  0.1287650000000E+03  0.1225858E+01  0.4064944E-03 -0.3635893E-01 -0.2672615E-04  0.1698442E+00 -0.1104410E-03
  0.1289650000000E+03  0.1225939E+01  0.4048948E-03 -0.3636426E-01 -0.2666740E-04  0.1698222E+00 -0.1100056E-03
  0.1291650000000E+03  0.1226020E+01  0.4033074E-03 -0.3636958E-01 -0.2660883E-04  0.1698003E+00 -0.1095736E-03
  0.1293650000000E+03  0.1226100E+01  0.4017319E-03 -0.3637489E-01 -0.2655045E-04  0.1697785E+00 -0.1091447E-03
  0.1295650000000E+03  0.1226180E+01  0.4001682E-03 -0.3638019E-01 -0.2649226E-04  0.1697568E+00 -0.1087192E-03
  0.1297650000000E+03  0.1226260E+01  0.3986163E-03 -0.3638548E-01 -0.2643425E-04  0.1697351E+00 -0.1082968E-03
  0.1299650000000E+03  0.1226339E+01  0.3970759E-03 -0.3639075E-01 -0.2637643E-04  0.1697135E+00 -0.1078776E-03
  0.1301650000000E+03  0.1226418E+01  0.3955469E-03 -0.3639602E-01 -0.2631879E-04  0.1696920E+00 -0.1074616E-03
  0.1303650000000E+03  0.1226497E+01  0.3940293E-03 -0.3640127E-01 -0.2626132E-04  0.1696706E+00 -0.1070486E-03
  0.1305650000000E+03  0.1226576E+01  0.3925228E-03 -0.3640651E-01 -0.2620403E-04  0.1696493E+00 -0.1066387E-03
  0.1307650000000E+03  0.1226654E+01  0.3910274E-03 -0.3641174E-01 -0.2614692E-04  0.1696280E+00 -0.1062318E-03
  0.1309650000000E+03  0.1226732E+01  0.3895429E-03 -0.3641696E-01 -0.2608997E-04  0.1696069E+00 -0.1058278E-03
  0.1311650000000E+03  0.1226809E+01  0.3880692E-03 -0.3642216E-01 -0.2603320E-04  0.1695858E+00 -0.1054268E-03
  0.1313650000000E+03  0.1226887E+01  0.3866062E-03 -0.3642736E-01 -0.2597660E-04  0.1695648E+00 -0.1050287E-03
  0.1315650000000E+03  0.1226964E+01  0.3851538E-03 -0.3643254E-01 -0.2592017E-04  0.1695439E+00 -0.1046335E-03
  0.1317650000000E+03  0.1227040E+01  0.3837119E-03 -0.3643771E-01 -0.2586391E-04  0.1695230E+00 -0.1042411E-03
  0.1319650000000E+03  0.1227117E+01  0.3822802E-03 -0.3644288E-01 -0.2580781E-04  0.1695022E+00 -0.1038515E-03
  0.1321650000000E+03  0.1227193E+01  0.3808588E-03 -0.3644803E-01 -0.2575187E-04  0.1694816E+00 -0.1034647E-03
  0.1323983333333E+03  0.1227269E+01  0.3252407E-03 -0.3645317E-01 -0.2202522E-04  0.1694609E+00 -0.8835477E-04
  0.1326316666667E+03  0.1227357E+01  0.3779053E-03 -0.3645914E-01 -0.2560266E-04  0.1694370E+00 -0.1026202E-03
  0.1328650000000E+03  0.1227445E+01  0.3762601E-03 -0.3646509E-01 -0.2550597E-04  0.1694132E+00 -0.1021326E-03
  0.1330983333333E+03  0.1227532E+01  0.3746519E-03 -0.3647103E-01 -0.2544249E-04  0.1693894E+00 -0.1016955E-03
  0.1333316666667E+03  0.1227619E+01  0.3730568E-03 -0.3647695E-01 -0.2537921E-04  0.1693658E+00 -0.1012619E-03
  0.1335650000000E+03  0.1227706E+01  0.3714746E-03 -0.3648286E-01 -0.2531612E-04  0.1693423E+00 -0.1008319E-03
  0.1337983333333E+03  0.1227792E+01  0.3699052E-03 -0.3648875E-01 -0.2525321E-04  0.1693188E+00 -0.1004052E-03
  0.1340316666667E+03  0.1227878E+01  0.3683485E-03 -0.3649463E-01 -0.2519050E-04  0.1692955E+00 -0.9998193E-04
  0.1342650000000E+03  0.1227964E+01  0.3668042E-03 -0.3650049E-01 -0.2512796E-04  0.1692723E+00 -0.9956198E-04
  0.1344983333333E+03  0.1228049E+01  0.3652722E-03 -0.3650634E-01 -0.2506562E-04  0.1692492E+00 -0.9914531E-04
  0.1347316666667E+03  0.1228134E+01  0.3637523E-03 -0.3651217E-01 -0.2500345E-04  0.1692261E+00 -0.9873188E-04
  0.1349650000000E+03  0.1228219E+01  0.3622445E-03 -0.3651799E-01 -0.2494147E-04  0.1692032E+00 -0.9832164E-04
  0.1351983333333E+03  0.1228303E+01  0.3607485E-03 -0.3652380E-01 -0.2487966E-04  0.1691803E+00 -0.9791456E-04
  0.1354316666667E+03  0.1228387E+01  0.3592642E-03 -0.3652959E-01 -0.2481803E-04  0.1691576E+00 -0.9751058E-04
  0.1356650000000E+03  0.1228470E+01  0.3577915E-03 -0.3653537E-01 -0.2475658E-04  0.1691349E+00 -0.9710966E-04
  0.1358983333333E+03  0.1228553E+01  0.3563301E-03 -0.3654113E-01 -0.2469531E-04  0.1691123E+00 -0.9671178E-04
  0.1361316666667E+03  0.1228636E+01  0.3548801E-03 -0.3654688E-01 -0.2463420E-04  0.1690899E+00 -0.9631688E-04
  0.1363650000000E+03  0.1228718E+01  0.3534412E-03 -0.3655261E-01 -0.2457327E-04  0.1690675E+00 -0.9592492E-04
  0.1365983333333E+03  0.1228801E+01  0.3520134E-03 -0.3655833E-01 -0.2451252E-04  0.1690452E+00 -0.9553587E-04
  0.1368316666667E+03  0.1228882E+01  0.3505964E-03 -0.3656403E-01 -0.2445193E-04  0.1690230E+00 -0.9514969E-04
  0.1370650000000E+03  0.1228964E+01  0.3491901E-03 -0.3656973E-01 -0.2439151E-04  0.1690009E+00 -0.9476634E-04
  0.1372983333333E+03  0.1229045E+01  0.3477945E-03 -0.3657540E-01 -0.2433125E-04  0.1689789E+00 -0.9438579E-04
  0.1375316666667E+03  0.1229126E+01  0.3464094E-03 -0.3658107E-01 -0.2427117E-04  0.1689569E+00 -0.9400799E-04
  0.1377650000000E+03  0.1229206E+01  0.3450346E-03 -0.3658672E-01 -0.2421125E-04  0.1689351E+00 -0.9363291E-04
  0.1379983333333E+03  0.1229287E+01  0.3436701E-03 -0.3659235E-01 -0.2415149E-04  0.1689133E+00 -0.9326052E-04
  0.1382316666667E+03  0.1229366E+01  0.3423157E-03 -0.3659797E-01 -0.2409190E-04  0.1688916E+00 -0.9289079E-04
  0.1384650000000E+03  0.1229446E+01  0.3409713E-03 -0.3660358E-01 -0.2403247E-04  0.1688701E+00 -0.9252367E-04
  0.1386983333333E+03  0.1229525E+01  0.3396368E-03 -0.3660917E-01 -0.2397320E-04  0.1688486E+00 -0.9215913E-04
  0.1389316666667E+03  0.1229604E+01  0.3383120E-03 -0.3661475E-01 -0.2391409E-04  0.1688271E+00 -0.9179715E-04
  0.1391650000000E+03  0.1229683E+01  0.3369969E-03 -0.3662032E-01 -0.2385514E-04  0.1688058E+00 -0.9143769E-04
  0.1393983333333E+03  0.1229761E+01  0.3356914E-03 -0.3662587E-01 -0.2379635E-04  0.1687845E+00 -0.9108072E-04
  0.1396316666667E+03  0.1229839E+01  0.3343953E-03 -0.3663141E-01 -0.2373772E-04  0.1687634E+00 -0.9072621E-04
  0.1398650000000E+03  0.1229917E+01  0.3331086E-03 -0.3663694E-01 -0.2367924E-04  0.1687423E+00 -0.9037412E-04
  0.1400983333333E+03  0.1229994E+01  0.3318310E-03 -0.3664245E-01 -0.2362093E-04  0.1687213E+00 -0.9002443E-04
  0.1403650000000E+03  0.1230071E+01  0.2892423E-03 -0.3664795E-01 -0.2061742E-04  0.1687004E+00 -0.7846748E-04
  0.1406316666667E+03  0.1230159E+01  0.3291943E-03 -0.3665421E-01 -0.2347545E-04  0.1686766E+00 -0.8927233E-04
  0.1408983333333E+03  0.1230247E+01  0.3277481E-03 -0.3666044E-01 -0.2338507E-04  0.1686529E+00 -0.8884668E-04
  0.1411650000000E+03  0.1230334E+01  0.3263319E-03 -0.3666666E-01 -0.2331993E-04  0.1686293E+00 -0.8845897E-04
  0.1414316666667E+03  0.1230420E+01  0.3249270E-03 -0.3667286E-01 -0.2325497E-04  0.1686058E+00 -0.8807418E-04
  0.1416983333333E+03  0.1230507E+01  0.3235334E-03 -0.3667905E-01 -0.2319019E-04  0.1685824E+00 -0.8769229E-04
  0.1419650000000E+03  0.1230593E+01  0.3221508E-03 -0.3668521E-01 -0.2312560E-04  0.1685591E+00 -0.8731324E-04
  0.1422316666667E+03  0.1230678E+01  0.3207791E-03 -0.3669136E-01 -0.2306119E-04  0.1685359E+00 -0.8693700E-04
  0.1424983333333E+03  0.1230763E+01  0.3194181E-03 -0.3669749E-01 -0.2299697E-04  0.1685129E+00 -0.8656354E-04
  0.1427650000000E+03  0.1230848E+01  0.3180679E-03 -0.3670361E-01 -0.2293293E-04  0.1684899E+00 -0.8619281E-04
  0.1430316666667E+03  0.1230933E+01  0.3167281E-03 -0.3670971E-01 -0.2286908E-04  0.1684670E+00 -0.8582479E-04
  0.1432983333333E+03  0.1231017E+01  0.3153987E-03 -0.3671579E-01 -0.2280541E-04  0.1684442E+00 -0.8545943E-04
  0.1435650000000E+03  0.1231100E+01  0.3140796E-03 -0.3672185E-01 -0.2274192E-04  0.1684215E+00 -0.8509671E-04
  0.1438316666667E+03  0.1231184E+01  0.3127706E-03 -0.3672790E-01 -0.2267862E-04  0.1683989E+00 -0.8473658E-04
  0.1440983333333E+03  0.1231267E+01  0.3114716E-03 -0.3673393E-01 -0.2261549E-04  0.1683764E+00 -0.8437902E-04
  0.1443650000000E+03  0.1231350E+01  0.3101825E-03 -0.3673995E-01 -0.2255256E-04  0.1683540E+00 -0.8402399E-04
  0.1446316666667E+03  0.1231432E+01  0.3089031E-03 -0.3674594E-01 -0.2248980E-04  0.1683317E+00 -0.8367146E-04
  0.1448983333333E+03  0.1231514E+01  0.3076334E-03 -0.3675192E-01 -0.2242722E-04  0.1683095E+00 -0.8332140E-04
  0.1451650000000E+03  0.1231596E+01  0.3063732E-03 -0.3675789E-01 -0.2236483E-04  0.1682873E+00 -0.8297378E-04
  0.1454316666667E+03  0.1231677E+01  0.3051225E-03 -0.3676384E-01 -0.2230262E-04  0.1682653E+00 -0.8262858E-04
  0.1456983333333E+03  0.1231758E+01  0.3038811E-03 -0.3676977E-01 -0.2224059E-04  0.1682434E+00 -0.8228575E-04
  0.1459650000000E+03  0.1231839E+01  0.3026488E-03 -0.3677568E-01 -0.2217874E-04  0.1682215E+00 -0.8194527E-04
  0.1462316666667E+03  0.1231919E+01  0.3014257E-03 -0.3678158E-01 -0.2211708E-04  0.1681997E+00 -0.8160712E-04
  0.1464983333333E+03  0.1231999E+01  0.3002115E-03 -0.3678746E-01 -0.2205560E-04  0.1681781E+00 -0.8127127E-04
  0.1467650000000E+03  0.1232079E+01  0.2990063E-03 -0.3679333E-01 -0.2199429E-04  0.1681565E+00 -0.8093768E-04
  0.1470316666667E+03  0.1232158E+01  0.2978098E-03 -0.3679917E-01 -0.2193317E-04  0.1681350E+00 -0.8060634E-04
  0.1472983333333E+03  0.1232237E+01  0.2966220E-03 -0.3680501E-01 -0.2187224E-04  0.1681136E+00 -0.8027722E-04
  0.1475650000000E+03  0.1232316E+01  0.2954428E-03 -0.3681082E-01 -0.2181148E-04  0.1680923E+00 -0.7995028E-04
  0.1478316666667E+03  0.1232395E+01  0.2942721E-03 -0.3681662E-01 -0.2175091E-04  0.1680710E+00 -0.7962552E-04
  0.1480983333333E+03  0.1232473E+01  0.2931097E-03 -0.3682241E-01 -0.2169052E-04  0.1680499E+00 -0.7930289E-04
  0.1483983333333E+03  0.1232551E+01  0.2595162E-03 -0.3682818E-01 -0.1922694E-04  0.1680288E+00 -0.7020657E-04
  0.1486983333333E+03  0.1232638E+01  0.2907238E-03 -0.3683464E-01 -0.2154702E-04  0.1680052E+00 -0.7861762E-04
  0.1489983333333E+03  0.1232725E+01  0.2894308E-03 -0.3684108E-01 -0.2146090E-04  0.1679818E+00 -0.7823617E-04
  0.1492983333333E+03  0.1232811E+01  0.2881622E-03 -0.3684750E-01 -0.2139440E-04  0.1679584E+00 -0.7788361E-04
  0.1495983333333E+03  0.1232897E+01  0.2869036E-03 -0.3685390E-01 -0.2132813E-04  0.1679351E+00 -0.7753360E-04
  0.1498983333333E+03  0.1232983E+01  0.2856549E-03 -0.3686027E-01 -0.2126208E-04  0.1679120E+00 -0.7718612E-04
  0.1501983333333E+03  0.1233068E+01  0.2844160E-03 -0.3686663E-01 -0.2119624E-04  0.1678889E+00 -0.7684112E-04
  0.1504983333333E+03  0.1233153E+01  0.2831867E-03 -0.3687297E-01 -0.2113063E-04  0.1678660E+00 -0.7649859E-04
  0.1507983333333E+03  0.1233238E+01  0.2819670E-03 -0.3687929E-01 -0.2106525E-04  0.1678431E+00 -0.7615849E-04
  0.1510983333333E+03  0.1233322E+01  0.2807567E-03 -0.3688559E-01 -0.2100008E-04  0.1678204E+00 -0.7582080E-04
  0.1513983333333E+03  0.1233406E+01  0.2795556E-03 -0.3689187E-01 -0.2093514E-04  0.1677977E+00 -0.7548548E-04
  0.1516983333333E+03  0.1233489E+01  0.2783638E-03 -0.3689813E-01 -0.2087042E-04  0.1677752E+00 -0.7515251E-04
  0.1519983333333E+03  0.1233573E+01  0.2771811E-03 -0.3690438E-01 -0.2080592E-04  0.1677528E+00 -0.7482187E-04
  0.1522983333333E+03  0.1233655E+01  0.2760074E-03 -0.3691060E-01 -0.2074165E-04  0.1677304E+00 -0.7449352E-04
  0.1525983333333E+03  0.1233738E+01  0.2748426E-03 -0.3691680E-01 -0.2067761E-04  0.1677082E+00 -0.7416745E-04
  0.1528983333333E+03  0.1233820E+01  0.2736865E-03 -0.3692298E-01 -0.2061379E-04  0.1676860E+00 -0.7384363E-04
  0.1531983333333E+03  0.1233902E+01  0.2725391E-03 -0.3692915E-01 -0.2055019E-04  0.1676639E+00 -0.7352203E-04
  0.1534983333333E+03  0.1233983E+01  0.2714003E-03 -0.3693530E-01 -0.2048682E-04  0.1676420E+00 -0.7320264E-04
  0.1537983333333E+03  0.1234064E+01  0.2702700E-03 -0.3694142E-01 -0.2042368E-04  0.1676201E+00 -0.7288542E-04
  0.1540983333333E+03  0.1234145E+01  0.2691481E-03 -0.3694753E-01 -0.2036076E-04  0.1675983E+00 -0.7257035E-04
  0.1543983333333E+03  0.1234225E+01  0.2680344E-03 -0.3695362E-01 -0.2029807E-04  0.1675767E+00 -0.7225742E-04
  0.1546983333333E+03  0.1234305E+01  0.2669290E-03 -0.3695969E-01 -0.2023561E-04  0.1675551E+00 -0.7194659E-04
  0.1549983333333E+03  0.1234385E+01  0.2658317E-03 -0.3696574E-01 -0.2017337E-04  0.1675336E+00 -0.7163786E-04
  0.1552983333333E+03  0.1234465E+01  0.2647424E-03 -0.3697178E-01 -0.2011137E-04  0.1675122E+00 -0.7133119E-04
  0.1555983333333E+03  0.1234544E+01  0.2636610E-03 -0.3697779E-01 -0.2004959E-04  0.1674909E+00 -0.7102657E-04
  0.1558983333333E+03  0.1234623E+01  0.2625875E-03 -0.3698379E-01 -0.1998804E-04  0.1674697E+00 -0.7072398E-04
  0.1562316666667E+03  0.1234701E+01  0.2353696E-03 -0.3698977E-01 -0.1793405E-04  0.1674485E+00 -0.6338105E-04
  0.1565650000000E+03  0.1234788E+01  0.2603938E-03 -0.3699638E-01 -0.1984671E-04  0.1674252E+00 -0.7008792E-04
  0.1568983333333E+03  0.1234874E+01  0.2592167E-03 -0.3700297E-01 -0.1976412E-04  0.1674019E+00 -0.6973875E-04
  0.1572316666667E+03  0.1234960E+01  0.2580598E-03 -0.3700954E-01 -0.1969727E-04  0.1673788E+00 -0.6941215E-04
  0.1575650000000E+03  0.1235046E+01  0.2569120E-03 -0.3701608E-01 -0.1963069E-04  0.1673558E+00 -0.6908793E-04
  0.1578983333333E+03  0.1235131E+01  0.2557733E-03 -0.3702260E-01 -0.1956438E-04  0.1673328E+00 -0.6876605E-04
  0.1582316666667E+03  0.1235216E+01  0.2546435E-03 -0.3702910E-01 -0.1949836E-04  0.1673100E+00 -0.6844649E-04
  0.1585650000000E+03  0.1235300E+01  0.2535225E-03 -0.3703558E-01 -0.1943261E-04  0.1672873E+00 -0.6812924E-04
  0.1588983333333E+03  0.1235385E+01  0.2524103E-03 -0.3704203E-01 -0.1936714E-04  0.1672647E+00 -0.6781426E-04
  0.1592316666667E+03  0.1235468E+01  0.2513067E-03 -0.3704847E-01 -0.1930194E-04  0.1672422E+00 -0.6750154E-04
  0.1595650000000E+03  0.1235552E+01  0.2502117E-03 -0.3705488E-01 -0.1923702E-04  0.1672198E+00 -0.6719104E-04
  0.1598983333333E+03  0.1235635E+01  0.2491251E-03 -0.3706127E-01 -0.1917239E-04  0.1671975E+00 -0.6688276E-04
  0.1602316666667E+03  0.1235718E+01  0.2480468E-03 -0.3706764E-01 -0.1910803E-04  0.1671753E+00 -0.6657666E-04
  0.1605650000000E+03  0.1235800E+01  0.2469768E-03 -0.3707399E-01 -0.1904395E-04  0.1671532E+00 -0.6627273E-04
  0.1608983333333E+03  0.1235882E+01  0.2459150E-03 -0.3708031E-01 -0.1898014E-04  0.1671313E+00 -0.6597095E-04
  0.1612316666667E+03  0.1235963E+01  0.2448612E-03 -0.3708662E-01 -0.1891662E-04  0.1671094E+00 -0.6567129E-04
  0.1615650000000E+03  0.1236045E+01  0.2438155E-03 -0.3709290E-01 -0.1885338E-04  0.1670876E+00 -0.6537374E-04
  0.1618983333333E+03  0.1236126E+01  0.2427776E-03 -0.3709917E-01 -0.1879041E-04  0.1670659E+00 -0.6507827E-04
  0.1622316666667E+03  0.1236206E+01  0.2417475E-03 -0.3710541E-01 -0.1872773E-04  0.1670443E+00 -0.6478487E-04
  0.1625650000000E+03  0.1236286E+01  0.2407252E-03 -0.3711163E-01 -0.1866532E-04  0.1670228E+00 -0.6449352E-04
  0.1628983333333E+03  0.1236366E+01  0.2397105E-03 -0.3711783E-01 -0.1860320E-04  0.1670014E+00 -0.6420419E-04
  0.1632316666667E+03  0.1236446E+01  0.2387034E-03 -0.3712401E-01 -0.1854135E-04  0.1669801E+00 -0.6391688E-04
  0.1635983333333E+03  0.1236525E+01  0.2160943E-03 -0.3713017E-01 -0.1679981E-04  0.1669589E+00 -0.5784687E-04
  0.1639650000000E+03  0.1236612E+01  0.2366532E-03 -0.3713692E-01 -0.1840269E-04  0.1669356E+00 -0.6331801E-04
  0.1643316666667E+03  0.1236698E+01  0.2355621E-03 -0.3714364E-01 -0.1832330E-04  0.1669126E+00 -0.6299305E-04
  0.1646983333333E+03  0.1236784E+01  0.2344883E-03 -0.3715033E-01 -0.1825693E-04  0.1668896E+00 -0.6268635E-04
  0.1650650000000E+03  0.1236870E+01  0.2334232E-03 -0.3715700E-01 -0.1819090E-04  0.1668667E+00 -0.6238197E-04
  0.1654316666667E+03  0.1236955E+01  0.2323666E-03 -0.3716365E-01 -0.1812520E-04  0.1668439E+00 -0.6207988E-04
  0.1657983333333E+03  0.1237040E+01  0.2313185E-03 -0.3717027E-01 -0.1805983E-04  0.1668213E+00 -0.6178006E-04
  0.1661650000000E+03  0.1237124E+01  0.2302787E-03 -0.3717687E-01 -0.1799479E-04  0.1667987E+00 -0.6148250E-04
  0.1665316666667E+03  0.1237208E+01  0.2292472E-03 -0.3718344E-01 -0.1793007E-04  0.1667763E+00 -0.6118716E-04
  0.1668983333333E+03  0.1237292E+01  0.2282239E-03 -0.3719000E-01 -0.1786569E-04  0.1667540E+00 -0.6089403E-04
  0.1672650000000E+03  0.1237375E+01  0.2272087E-03 -0.3719652E-01 -0.1780164E-04  0.1667317E+00 -0.6060309E-04
  0.1676316666667E+03  0.1237458E+01  0.2262015E-03 -0.3720303E-01 -0.1773791E-04  0.1667096E+00 -0.6031432E-04
  0.1679983333333E+03  0.1237541E+01  0.2252022E-03 -0.3720951E-01 -0.1767452E-04  0.1666876E+00 -0.6002770E-04
  0.1683650000000E+03  0.1237623E+01  0.2242107E-03 -0.3721596E-01 -0.1761145E-04  0.1666657E+00 -0.5974320E-04
  0.1687316666667E+03  0.1237705E+01  0.2232269E-03 -0.3722240E-01 -0.1754871E-04  0.1666439E+00 -0.5946082E-04
  0.1690983333333E+03  0.1237786E+01  0.2222508E-03 -0.3722881E-01 -0.1748630E-04  0.1666222E+00 -0.5918052E-04
  0.1694650000000E+03  0.1237868E+01  0.2212823E-03 -0.3723520E-01 -0.1742421E-04  0.1666006E+00 -0.5890229E-04
  0.1698316666667E+03  0.1237948E+01  0.2203213E-03 -0.3724157E-01 -0.1736245E-04  0.1665791E+00 -0.5862612E-04
  0.1701983333333E+03  0.1238029E+01  0.2193676E-03 -0.3724791E-01 -0.1730101E-04  0.1665577E+00 -0.5835198E-04
  0.1705650000000E+03  0.1238109E+01  0.2184214E-03 -0.3725423E-01 -0.1723990E-04  0.1665364E+00 -0.5807986E-04
  0.1709316666667E+03  0.1238189E+01  0.2174823E-03 -0.3726053E-01 -0.1717911E-04  0.1665152E+00 -0.5780974E-04
  0.1713316666667E+03  0.1238268E+01  0.1985046E-03 -0.3726681E-01 -0.1569209E-04  0.1664941E+00 -0.5274646E-04
  0.1717316666667E+03  0.1238354E+01  0.2155768E-03 -0.3727362E-01 -0.1704522E-04  0.1664712E+00 -0.5725058E-04
  0.1721316666667E+03  0.1238440E+01  0.2145697E-03 -0.3728041E-01 -0.1696981E-04  0.1664485E+00 -0.5695009E-04
  0.1725316666667E+03  0.1238526E+01  0.2135775E-03 -0.3728717E-01 -0.1690528E-04  0.1664258E+00 -0.5666453E-04
  0.1729316666667E+03  0.1238611E+01  0.2125936E-03 -0.3729391E-01 -0.1684111E-04  0.1664032E+00 -0.5638125E-04
  0.1733316666667E+03  0.1238695E+01  0.2116176E-03 -0.3730062E-01 -0.1677732E-04  0.1663808E+00 -0.5610021E-04
  0.1737316666667E+03  0.1238779E+01  0.2106497E-03 -0.3730731E-01 -0.1671390E-04  0.1663585E+00 -0.5582140E-04
  0.1741316666667E+03  0.1238863E+01  0.2096896E-03 -0.3731397E-01 -0.1665086E-04  0.1663363E+00 -0.5554479E-04
  0.1745316666667E+03  0.1238947E+01  0.2087374E-03 -0.3732060E-01 -0.1658818E-04  0.1663141E+00 -0.5527036E-04
  0.1749316666667E+03  0.1239030E+01  0.2077929E-03 -0.3732721E-01 -0.1652587E-04  0.1662921E+00 -0.5499810E-04
  0.1753316666667E+03  0.1239113E+01  0.2068560E-03 -0.3733380E-01 -0.1646392E-04  0.1662703E+00 -0.5472798E-04
  0.1757316666667E+03  0.1239195E+01  0.2059267E-03 -0.3734036E-01 -0.1640235E-04  0.1662485E+00 -0.5445998E-04
  0.1761316666667E+03  0.1239277E+01  0.2050048E-03 -0.3734690E-01 -0.1634113E-04  0.1662268E+00 -0.5419409E-04
  0.1765316666667E+03  0.1239359E+01  0.2040903E-03 -0.3735341E-01 -0.1628028E-04  0.1662052E+00 -0.5393028E-04
  0.1769316666667E+03  0.1239440E+01  0.2031831E-03 -0.3735990E-01 -0.1621979E-04  0.1661838E+00 -0.5366854E-04
  0.1773316666667E+03  0.1239521E+01  0.2022832E-03 -0.3736636E-01 -0.1615966E-04  0.1661624E+00 -0.5340884E-04
  0.1777316666667E+03  0.1239601E+01  0.2013904E-03 -0.3737280E-01 -0.1609989E-04  0.1661411E+00 -0.5315117E-04
  0.1781316666667E+03  0.1239682E+01  0.2005047E-03 -0.3737922E-01 -0.1604048E-04  0.1661200E+00 -0.5289551E-04
  0.1785650000000E+03  0.1239762E+01  0.1842701E-03 -0.3738561E-01 -0.1475208E-04  0.1660989E+00 -0.4859246E-04
  0.1789983333333E+03  0.1239848E+01  0.1987122E-03 -0.3739250E-01 -0.1591132E-04  0.1660762E+00 -0.5236920E-04
  0.1794316666667E+03  0.1239933E+01  0.1977704E-03 -0.3739937E-01 -0.1583950E-04  0.1660536E+00 -0.5208860E-04
  0.1798650000000E+03  0.1240019E+01  0.1968419E-03 -0.3740620E-01 -0.1577699E-04  0.1660312E+00 -0.5182066E-04
  0.1802983333333E+03  0.1240104E+01  0.1959213E-03 -0.3741301E-01 -0.1571488E-04  0.1660089E+00 -0.5155497E-04
  0.1807316666667E+03  0.1240188E+01  0.1950084E-03 -0.3741980E-01 -0.1565318E-04  0.1659866E+00 -0.5129150E-04
  0.1811650000000E+03  0.1240272E+01  0.1941032E-03 -0.3742655E-01 -0.1559188E-04  0.1659645E+00 -0.5103022E-04
  0.1815983333333E+03  0.1240356E+01  0.1932056E-03 -0.3743328E-01 -0.1553098E-04  0.1659425E+00 -0.5077113E-04
  0.1820316666667E+03  0.1240439E+01  0.1923155E-03 -0.3743999E-01 -0.1547047E-04  0.1659206E+00 -0.5051419E-04
  0.1824650000000E+03  0.1240522E+01  0.1914328E-03 -0.3744667E-01 -0.1541035E-04  0.1658988E+00 -0.5025939E-04
  0.1828983333333E+03  0.1240605E+01  0.1905574E-03 -0.3745332E-01 -0.1535063E-04  0.1658772E+00 -0.5000671E-04
  0.1833316666667E+03  0.1240687E+01  0.1896892E-03 -0.3745994E-01 -0.1529129E-04  0.1658556E+00 -0.4975612E-04
  0.1837650000000E+03  0.1240769E+01  0.1888283E-03 -0.3746654E-01 -0.1523234E-04  0.1658342E+00 -0.4950760E-04
  0.1841983333333E+03  0.1240850E+01  0.1879744E-03 -0.3747312E-01 -0.1517378E-04  0.1658128E+00 -0.4926113E-04
  0.1846316666667E+03  0.1240931E+01  0.1871275E-03 -0.3747967E-01 -0.1511560E-04  0.1657916E+00 -0.4901670E-04
  0.1850650000000E+03  0.1241012E+01  0.1862875E-03 -0.3748620E-01 -0.1505780E-04  0.1657704E+00 -0.4877429E-04
  0.1855316666667E+03  0.1241092E+01  0.1722076E-03 -0.3749270E-01 -0.1392892E-04  0.1657494E+00 -0.4506716E-04
  0.1859983333333E+03  0.1241179E+01  0.1845916E-03 -0.3749966E-01 -0.1493341E-04  0.1657269E+00 -0.4827746E-04
  0.1864650000000E+03  0.1241264E+01  0.1837048E-03 -0.3750660E-01 -0.1486495E-04  0.1657045E+00 -0.4801434E-04
  0.1869316666667E+03  0.1241350E+01  0.1828304E-03 -0.3751351E-01 -0.1480461E-04  0.1656822E+00 -0.4776221E-04
  0.1873983333333E+03  0.1241434E+01  0.1819635E-03 -0.3752039E-01 -0.1474469E-04  0.1656600E+00 -0.4751228E-04
  0.1878650000000E+03  0.1241519E+01  0.1811042E-03 -0.3752724E-01 -0.1468518E-04  0.1656380E+00 -0.4726456E-04
  0.1883316666667E+03  0.1241603E+01  0.1802522E-03 -0.3753407E-01 -0.1462610E-04  0.1656160E+00 -0.4701900E-04
  0.1887983333333E+03  0.1241687E+01  0.1794075E-03 -0.3754087E-01 -0.1456743E-04  0.1655942E+00 -0.4677559E-04
  0.1892650000000E+03  0.1241770E+01  0.1785701E-03 -0.3754764E-01 -0.1450917E-04  0.1655725E+00 -0.4653430E-04
  0.1897316666667E+03  0.1241853E+01  0.1777398E-03 -0.3755438E-01 -0.1445132E-04  0.1655509E+00 -0.4629511E-04
  0.1901983333333E+03  0.1241936E+01  0.1769166E-03 -0.3756110E-01 -0.1439387E-04  0.1655294E+00 -0.4605801E-04
  0.1906650000000E+03  0.1242018E+01  0.1761004E-03 -0.3756779E-01 -0.1433683E-04  0.1655080E+00 -0.4582296E-04
  0.1911316666667E+03  0.1242100E+01  0.1752911E-03 -0.3757445E-01 -0.1428018E-04  0.1654867E+00 -0.4558996E-04
  0.1915983333333E+03  0.1242181E+01  0.1744886E-03 -0.3758109E-01 -0.1422393E-04  0.1654655E+00 -0.4535896E-04
  0.1920650000000E+03  0.1242262E+01  0.1736928E-03 -0.3758770E-01 -0.1416808E-04  0.1654445E+00 -0.4512996E-04
  0.1925650000000E+03  0.1242343E+01  0.1613769E-03 -0.3759429E-01 -0.1317177E-04  0.1654235E+00 -0.4190941E-04
  0.1930650000000E+03  0.1242429E+01  0.1720893E-03 -0.3760131E-01 -0.1404884E-04  0.1654012E+00 -0.4466234E-04
  0.1935650000000E+03  0.1242515E+01  0.1712545E-03 -0.3760831E-01 -0.1398378E-04  0.1653790E+00 -0.4441608E-04
  0.1940650000000E+03  0.1242600E+01  0.1704311E-03 -0.3761527E-01 -0.1392585E-04  0.1653569E+00 -0.4417946E-04
  0.1945650000000E+03  0.1242685E+01  0.1696149E-03 -0.3762220E-01 -0.1386835E-04  0.1653349E+00 -0.4394501E-04
  0.1950650000000E+03  0.1242769E+01  0.1688059E-03 -0.3762911E-01 -0.1381127E-04  0.1653131E+00 -0.4371269E-04
  0.1955650000000E+03  0.1242853E+01  0.1680040E-03 -0.3763599E-01 -0.1375462E-04  0.1652913E+00 -0.4348250E-04
  0.1960650000000E+03  0.1242937E+01  0.1672092E-03 -0.3764284E-01 -0.1369839E-04  0.1652697E+00 -0.4325439E-04
  0.1965650000000E+03  0.1243020E+01  0.1664213E-03 -0.3764966E-01 -0.1364257E-04  0.1652482E+00 -0.4302836E-04
  0.1970650000000E+03  0.1243103E+01  0.1656403E-03 -0.3765645E-01 -0.1358717E-04  0.1652268E+00 -0.4280437E-04
  0.1975650000000E+03  0.1243185E+01  0.1648661E-03 -0.3766322E-01 -0.1353217E-04  0.1652055E+00 -0.4258240E-04
  0.1980650000000E+03  0.1243267E+01  0.1640986E-03 -0.3766995E-01 -0.1347758E-04  0.1651843E+00 -0.4236243E-04
  0.1985650000000E+03  0.1243349E+01  0.1633378E-03 -0.3767667E-01 -0.1342340E-04  0.1651632E+00 -0.4214444E-04
  0.1990650000000E+03  0.1243430E+01  0.1625834E-03 -0.3768335E-01 -0.1336961E-04  0.1651423E+00 -0.4192841E-04
  0.1995650000000E+03  0.1243511E+01  0.1618356E-03 -0.3769001E-01 -0.1331622E-04  0.1651214E+00 -0.4171431E-04
  0.2000983333333E+03  0.1243591E+01  0.1510257E-03 -0.3769664E-01 -0.1243426E-04  0.1651007E+00 -0.3890824E-04
  0.2006316666667E+03  0.1243677E+01  0.1603310E-03 -0.3770368E-01 -0.1320300E-04  0.1650786E+00 -0.4127840E-04
  0.2011650000000E+03  0.1243762E+01  0.1595505E-03 -0.3771069E-01 -0.1314167E-04  0.1650568E+00 -0.4104995E-04
  0.2016983333333E+03  0.1243847E+01  0.1587805E-03 -0.3771767E-01 -0.1308659E-04  0.1650350E+00 -0.4082996E-04
  0.2022316666667E+03  0.1243931E+01  0.1580174E-03 -0.3772462E-01 -0.1303194E-04  0.1650133E+00 -0.4061204E-04
  0.2027650000000E+03  0.1244015E+01  0.1572612E-03 -0.3773154E-01 -0.1297771E-04  0.1649918E+00 -0.4039616E-04
  0.2032983333333E+03  0.1244098E+01  0.1565117E-03 -0.3773844E-01 -0.1292390E-04  0.1649703E+00 -0.4018232E-04
  0.2038316666667E+03  0.1244181E+01  0.1557688E-03 -0.3774530E-01 -0.1287051E-04  0.1649490E+00 -0.3997047E-04
  0.2043650000000E+03  0.1244264E+01  0.1550326E-03 -0.3775214E-01 -0.1281752E-04  0.1649278E+00 -0.3976059E-04
  0.2048983333333E+03  0.1244346E+01  0.1543028E-03 -0.3775894E-01 -0.1276495E-04  0.1649067E+00 -0.3955267E-04
  0.2054316666667E+03  0.1244428E+01  0.1535795E-03 -0.3776572E-01 -0.1271277E-04  0.1648857E+00 -0.3934667E-04
  0.2059650000000E+03  0.1244510E+01  0.1528626E-03 -0.3777248E-01 -0.1266099E-04  0.1648649E+00 -0.3914258E-04
  0.2064983333333E+03  0.1244591E+01  0.1521519E-03 -0.3777920E-01 -0.1260961E-04  0.1648441E+00 -0.3894037E-04
  0.2070316666667E+03  0.1244672E+01  0.1514474E-03 -0.3778590E-01 -0.1255861E-04  0.1648234E+00 -0.3874003E-04
  0.2075983333333E+03  0.1244752E+01  0.1418814E-03 -0.3779257E-01 -0.1177224E-04  0.1648029E+00 -0.3627437E-04
  0.2081650000000E+03  0.1244837E+01  0.1500320E-03 -0.3779963E-01 -0.1245108E-04  0.1647812E+00 -0.3833312E-04
  0.2087316666667E+03  0.1244922E+01  0.1493002E-03 -0.3780665E-01 -0.1239319E-04  0.1647596E+00 -0.3812072E-04
  0.2092983333333E+03  0.1245006E+01  0.1485780E-03 -0.3781364E-01 -0.1234084E-04  0.1647381E+00 -0.3791584E-04
  0.2098650000000E+03  0.1245090E+01  0.1478624E-03 -0.3782061E-01 -0.1228890E-04  0.1647167E+00 -0.3771293E-04
  0.2104316666667E+03  0.1245173E+01  0.1471532E-03 -0.3782754E-01 -0.1223737E-04  0.1646954E+00 -0.3751197E-04
  0.2109983333333E+03  0.1245256E+01  0.1464505E-03 -0.3783445E-01 -0.1218624E-04  0.1646743E+00 -0.3731293E-04
  0.2115650000000E+03  0.1245339E+01  0.1457541E-03 -0.3784132E-01 -0.1213553E-04  0.1646533E+00 -0.3711578E-04
  0.2121316666667E+03  0.1245421E+01  0.1450639E-03 -0.3784817E-01 -0.1208521E-04  0.1646323E+00 -0.3692051E-04
  0.2126983333333E+03  0.1245503E+01  0.1443799E-03 -0.3785499E-01 -0.1203528E-04  0.1646115E+00 -0.3672709E-04
  0.2132650000000E+03  0.1245584E+01  0.1437020E-03 -0.3786178E-01 -0.1198575E-04  0.1645908E+00 -0.3653550E-04
  0.2138316666667E+03  0.1245665E+01  0.1430300E-03 -0.3786855E-01 -0.1193660E-04  0.1645702E+00 -0.3634570E-04
  0.2143983333333E+03  0.1245746E+01  0.1423641E-03 -0.3787528E-01 -0.1188784E-04  0.1645497E+00 -0.3615769E-04
  0.2149983333333E+03  0.1245826E+01  0.1338315E-03 -0.3788199E-01 -0.1118170E-04  0.1645294E+00 -0.3397302E-04
  0.2155983333333E+03  0.1245911E+01  0.1410276E-03 -0.3788906E-01 -0.1178548E-04  0.1645079E+00 -0.3577662E-04
  0.2161983333333E+03  0.1245995E+01  0.1403385E-03 -0.3789610E-01 -0.1173068E-04  0.1644865E+00 -0.3557840E-04
  0.2167983333333E+03  0.1246079E+01  0.1396584E-03 -0.3790311E-01 -0.1168080E-04  0.1644653E+00 -0.3538692E-04
  0.2173983333333E+03  0.1246162E+01  0.1389846E-03 -0.3791009E-01 -0.1163133E-04  0.1644442E+00 -0.3519731E-04
  0.2179983333333E+03  0.1246245E+01  0.1383169E-03 -0.3791704E-01 -0.1158226E-04  0.1644232E+00 -0.3500954E-04
  0.2185983333333E+03  0.1246328E+01  0.1376553E-03 -0.3792396E-01 -0.1153358E-04  0.1644023E+00 -0.3482359E-04
  0.2191983333333E+03  0.1246410E+01  0.1369997E-03 -0.3793085E-01 -0.1148529E-04  0.1643815E+00 -0.3463944E-04
  0.2197983333333E+03  0.1246492E+01  0.1363500E-03 -0.3793771E-01 -0.1143738E-04  0.1643608E+00 -0.3445706E-04
  0.2203983333333E+03  0.1246573E+01  0.1357061E-03 -0.3794455E-01 -0.1138986E-04  0.1643403E+00 -0.3427642E-04
  0.2209983333333E+03  0.1246654E+01  0.1350680E-03 -0.3795135E-01 -0.1134271E-04  0.1643198E+00 -0.3409751E-04
  0.2215983333333E+03  0.1246735E+01  0.1344356E-03 -0.3795813E-01 -0.1129594E-04  0.1642995E+00 -0.3392030E-04
  0.2222316666667E+03  0.1246815E+01  0.1267662E-03 -0.3796488E-01 -0.1065746E-04  0.1642792E+00 -0.3196874E-04
  0.2228650000000E+03  0.1246900E+01  0.1331679E-03 -0.3797197E-01 -0.1119816E-04  0.1642580E+00 -0.3356175E-04
  0.2234983333333E+03  0.1246984E+01  0.1325158E-03 -0.3797903E-01 -0.1114605E-04  0.1642368E+00 -0.3337582E-04
  0.2241316666667E+03  0.1247067E+01  0.1318722E-03 -0.3798606E-01 -0.1109837E-04  0.1642158E+00 -0.3319598E-04
  0.2247650000000E+03  0.1247150E+01  0.1312346E-03 -0.3799306E-01 -0.1105108E-04  0.1641949E+00 -0.3301791E-04
  0.2253983333333E+03  0.1247233E+01  0.1306028E-03 -0.3800003E-01 -0.1100418E-04  0.1641741E+00 -0.3284158E-04
  0.2260316666667E+03  0.1247315E+01  0.1299768E-03 -0.3800697E-01 -0.1095765E-04  0.1641534E+00 -0.3266697E-04
  0.2266650000000E+03  0.1247397E+01  0.1293564E-03 -0.3801388E-01 -0.1091150E-04  0.1641328E+00 -0.3249407E-04
  0.2272983333333E+03  0.1247479E+01  0.1287418E-03 -0.3802076E-01 -0.1086572E-04  0.1641123E+00 -0.3232284E-04
  0.2279316666667E+03  0.1247560E+01  0.1281326E-03 -0.3802761E-01 -0.1082030E-04  0.1640920E+00 -0.3215326E-04
  0.2285650000000E+03  0.1247641E+01  0.1275290E-03 -0.3803444E-01 -0.1077525E-04  0.1640717E+00 -0.3198531E-04
  0.2292316666667E+03  0.1247721E+01  0.1205842E-03 -0.3804123E-01 -0.1019403E-04  0.1640516E+00 -0.3022802E-04
  0.2298983333333E+03  0.1247805E+01  0.1263201E-03 -0.3804835E-01 -0.1068141E-04  0.1640305E+00 -0.3164601E-04
  0.2305650000000E+03  0.1247889E+01  0.1256997E-03 -0.3805544E-01 -0.1063161E-04  0.1640095E+00 -0.3147053E-04
  0.2312316666667E+03  0.1247972E+01  0.1250872E-03 -0.3806250E-01 -0.1058581E-04  0.1639886E+00 -0.3130060E-04
  0.2318983333333E+03  0.1248055E+01  0.1244804E-03 -0.3806953E-01 -0.1054039E-04  0.1639679E+00 -0.3113236E-04
  0.2325650000000E+03  0.1248138E+01  0.1238792E-03 -0.3807652E-01 -0.1049535E-04  0.1639472E+00 -0.3096577E-04
  0.2332316666667E+03  0.1248220E+01  0.1232836E-03 -0.3808349E-01 -0.1045067E-04  0.1639267E+00 -0.3080082E-04
  0.2338983333333E+03  0.1248302E+01  0.1226934E-03 -0.3809043E-01 -0.1040635E-04  0.1639063E+00 -0.3063748E-04
  0.2345650000000E+03  0.1248383E+01  0.1221086E-03 -0.3809734E-01 -0.1036239E-04  0.1638860E+00 -0.3047573E-04
  0.2352316666667E+03  0.1248464E+01  0.1215291E-03 -0.3810422E-01 -0.1031878E-04  0.1638657E+00 -0.3031554E-04
  0.2358983333333E+03  0.1248545E+01  0.1209549E-03 -0.3811107E-01 -0.1027552E-04  0.1638456E+00 -0.3015690E-04
  0.2365983333333E+03  0.1248625E+01  0.1146531E-03 -0.3811789E-01 -0.9745337E-05  0.1638256E+00 -0.2857122E-04
  0.2372983333333E+03  0.1248709E+01  0.1198057E-03 -0.3812502E-01 -0.1018569E-04  0.1638048E+00 -0.2983681E-04
  0.2379983333333E+03  0.1248793E+01  0.1192171E-03 -0.3813211E-01 -0.1013819E-04  0.1637840E+00 -0.2967166E-04
  0.2386983333333E+03  0.1248876E+01  0.1186360E-03 -0.3813918E-01 -0.1009432E-04  0.1637633E+00 -0.2951155E-04
  0.2393983333333E+03  0.1248958E+01  0.1180602E-03 -0.3814622E-01 -0.1005081E-04  0.1637428E+00 -0.2935303E-04
  0.2400983333333E+03  0.1249040E+01  0.1174898E-03 -0.3815322E-01 -0.1000766E-04  0.1637223E+00 -0.2919606E-04
  0.2407983333333E+03  0.1249122E+01  0.1169246E-03 -0.3816020E-01 -0.9964851E-05  0.1637020E+00 -0.2904064E-04
  0.2414983333333E+03  0.1249204E+01  0.1163646E-03 -0.3816714E-01 -0.9922390E-05  0.1636818E+00 -0.2888673E-04
  0.2421983333333E+03  0.1249285E+01  0.1158098E-03 -0.3817406E-01 -0.9880271E-05  0.1636617E+00 -0.2873431E-04
  0.2428983333333E+03  0.1249366E+01  0.1152599E-03 -0.3818095E-01 -0.9838488E-05  0.1636417E+00 -0.2858336E-04
  0.2436316666667E+03  0.1249446E+01  0.1095008E-03 -0.3818780E-01 -0.9351718E-05  0.1636218E+00 -0.2714142E-04
  0.2443650000000E+03  0.1249530E+01  0.1141604E-03 -0.3819495E-01 -0.9751969E-05  0.1636010E+00 -0.2827915E-04
  0.2450983333333E+03  0.1249613E+01  0.1135983E-03 -0.3820207E-01 -0.9706380E-05  0.1635804E+00 -0.2812253E-04
  0.2458316666667E+03  0.1249696E+01  0.1130432E-03 -0.3820916E-01 -0.9664096E-05  0.1635599E+00 -0.2797053E-04
  0.2465650000000E+03  0.1249778E+01  0.1124932E-03 -0.3821622E-01 -0.9622157E-05  0.1635395E+00 -0.2782003E-04
  0.2472983333333E+03  0.1249860E+01  0.1119484E-03 -0.3822324E-01 -0.9580558E-05  0.1635192E+00 -0.2767101E-04
  0.2480316666667E+03  0.1249942E+01  0.1114085E-03 -0.3823024E-01 -0.9539295E-05  0.1634990E+00 -0.2752344E-04
  0.2487650000000E+03  0.1250023E+01  0.1108737E-03 -0.3823720E-01 -0.9498364E-05  0.1634789E+00 -0.2737731E-04
  0.2494983333333E+03  0.1250104E+01  0.1103437E-03 -0.3824414E-01 -0.9457760E-05  0.1634590E+00 -0.2723259E-04
  0.2502316666667E+03  0.1250185E+01  0.1098185E-03 -0.3825104E-01 -0.9417479E-05  0.1634391E+00 -0.2708926E-04
  0.2509983333333E+03  0.1250265E+01  0.1045460E-03 -0.3825792E-01 -0.8969798E-05  0.1634193E+00 -0.2577568E-04
  0.2517650000000E+03  0.1250348E+01  0.1087689E-03 -0.3826508E-01 -0.9334282E-05  0.1633988E+00 -0.2680069E-04
  0.2525316666667E+03  0.1250431E+01  0.1082332E-03 -0.3827220E-01 -0.9290579E-05  0.1633784E+00 -0.2665241E-04
  0.2532983333333E+03  0.1250514E+01  0.1077041E-03 -0.3827929E-01 -0.9249886E-05  0.1633580E+00 -0.2650835E-04
  0.2540650000000E+03  0.1250596E+01  0.1071799E-03 -0.3828635E-01 -0.9209521E-05  0.1633378E+00 -0.2636570E-04
  0.2548316666667E+03  0.1250678E+01  0.1066605E-03 -0.3829338E-01 -0.9169481E-05  0.1633177E+00 -0.2622444E-04
  0.2555983333333E+03  0.1250759E+01  0.1061459E-03 -0.3830038E-01 -0.9129762E-05  0.1632977E+00 -0.2608455E-04
  0.2563650000000E+03  0.1250840E+01  0.1056360E-03 -0.3830735E-01 -0.9090359E-05  0.1632778E+00 -0.2594601E-04
  0.2571316666667E+03  0.1250921E+01  0.1051308E-03 -0.3831429E-01 -0.9051268E-05  0.1632580E+00 -0.2580880E-04
  0.2579316666667E+03  0.1251001E+01  0.1002705E-03 -0.3832120E-01 -0.8636965E-05  0.1632384E+00 -0.2460319E-04
  0.2587316666667E+03  0.1251084E+01  0.1041217E-03 -0.3832838E-01 -0.8970719E-05  0.1632179E+00 -0.2553280E-04
  0.2595316666667E+03  0.1251167E+01  0.1036073E-03 -0.3833552E-01 -0.8928528E-05  0.1631976E+00 -0.2539123E-04
  0.2603316666667E+03  0.1251250E+01  0.1030993E-03 -0.3834263E-01 -0.8889100E-05  0.1631774E+00 -0.2525355E-04
  0.2611316666667E+03  0.1251332E+01  0.1025959E-03 -0.3834971E-01 -0.8849990E-05  0.1631573E+00 -0.2511722E-04
  0.2619316666667E+03  0.1251413E+01  0.1020972E-03 -0.3835676E-01 -0.8811192E-05  0.1631373E+00 -0.2498220E-04
  0.2627316666667E+03  0.1251495E+01  0.1016031E-03 -0.3836378E-01 -0.8772702E-05  0.1631175E+00 -0.2484849E-04
  0.2635316666667E+03  0.1251576E+01  0.1011135E-03 -0.3837077E-01 -0.8734518E-05  0.1630977E+00 -0.2471606E-04
  0.2643650000000E+03  0.1251656E+01  0.9660328E-04 -0.3837772E-01 -0.8348768E-05  0.1630780E+00 -0.2360149E-04
  0.2651983333333E+03  0.1251740E+01  0.1001363E-03 -0.3838494E-01 -0.8656005E-05  0.1630576E+00 -0.2444992E-04
  0.2660316666667E+03  0.1251823E+01  0.9963889E-04 -0.3839212E-01 -0.8614989E-05  0.1630374E+00 -0.2431363E-04
  0.2668650000000E+03  0.1251905E+01  0.9914748E-04 -0.3839926E-01 -0.8576535E-05  0.1630172E+00 -0.2418097E-04
  0.2676983333333E+03  0.1251987E+01  0.9866064E-04 -0.3840638E-01 -0.8538389E-05  0.1629972E+00 -0.2404959E-04
  0.2685316666667E+03  0.1252069E+01  0.9817831E-04 -0.3841346E-01 -0.8500548E-05  0.1629773E+00 -0.2391949E-04
  0.2693650000000E+03  0.1252151E+01  0.9770043E-04 -0.3842051E-01 -0.8463006E-05  0.1629574E+00 -0.2379063E-04
  0.2701983333333E+03  0.1252232E+01  0.9722692E-04 -0.3842754E-01 -0.8425760E-05  0.1629377E+00 -0.2366301E-04
  0.2710316666667E+03  0.1252312E+01  0.9675774E-04 -0.3843453E-01 -0.8388807E-05  0.1629181E+00 -0.2353660E-04
  0.2718983333333E+03  0.1252393E+01  0.9258925E-04 -0.3844149E-01 -0.8030906E-05  0.1628986E+00 -0.2251094E-04
  0.2727650000000E+03  0.1252476E+01  0.9582165E-04 -0.3844869E-01 -0.8312978E-05  0.1628784E+00 -0.2328275E-04
  0.2736316666667E+03  0.1252558E+01  0.9534578E-04 -0.3845586E-01 -0.8273462E-05  0.1628583E+00 -0.2315294E-04
  0.2744983333333E+03  0.1252640E+01  0.9487554E-04 -0.3846300E-01 -0.8236293E-05  0.1628384E+00 -0.2302646E-04
  0.2753650000000E+03  0.1252722E+01  0.9440965E-04 -0.3847011E-01 -0.8199419E-05  0.1628185E+00 -0.2290119E-04
  0.2762316666667E+03  0.1252804E+01  0.9394806E-04 -0.3847718E-01 -0.8162836E-05  0.1627988E+00 -0.2277712E-04
  0.2770983333333E+03  0.1252885E+01  0.9349071E-04 -0.3848422E-01 -0.8126541E-05  0.1627792E+00 -0.2265423E-04
  0.2779650000000E+03  0.1252965E+01  0.9303753E-04 -0.3849123E-01 -0.8090529E-05  0.1627596E+00 -0.2253251E-04
  0.2788650000000E+03  0.1253046E+01  0.8915926E-04 -0.3849822E-01 -0.7756472E-05  0.1627402E+00 -0.2158185E-04
  0.2797650000000E+03  0.1253129E+01  0.9213378E-04 -0.3850543E-01 -0.8016771E-05  0.1627202E+00 -0.2228824E-04
  0.2806650000000E+03  0.1253211E+01  0.9167489E-04 -0.3851261E-01 -0.7978421E-05  0.1627002E+00 -0.2216351E-04
  0.2815650000000E+03  0.1253293E+01  0.9122135E-04 -0.3851976E-01 -0.7942245E-05  0.1626804E+00 -0.2204187E-04
  0.2824650000000E+03  0.1253375E+01  0.9077201E-04 -0.3852687E-01 -0.7906355E-05  0.1626606E+00 -0.2192138E-04
  0.2833650000000E+03  0.1253456E+01  0.9032680E-04 -0.3853396E-01 -0.7870746E-05  0.1626410E+00 -0.2180204E-04
  0.2842650000000E+03  0.1253537E+01  0.8988567E-04 -0.3854101E-01 -0.7835416E-05  0.1626215E+00 -0.2168383E-04
  0.2851983333333E+03  0.1253618E+01  0.8625397E-04 -0.3854803E-01 -0.7521777E-05  0.1626021E+00 -0.2079649E-04
  0.2861316666667E+03  0.1253701E+01  0.8900639E-04 -0.3855528E-01 -0.7763180E-05  0.1625821E+00 -0.2144680E-04
  0.2870650000000E+03  0.1253783E+01  0.8856042E-04 -0.3856249E-01 -0.7725704E-05  0.1625622E+00 -0.2132592E-04
  0.2879983333333E+03  0.1253866E+01  0.8811960E-04 -0.3856966E-01 -0.7690259E-05  0.1625424E+00 -0.2120794E-04
  0.2889316666667E+03  0.1253947E+01  0.8768286E-04 -0.3857681E-01 -0.7655095E-05  0.1625227E+00 -0.2109109E-04
  0.2898650000000E+03  0.1254029E+01  0.8725015E-04 -0.3858392E-01 -0.7620207E-05  0.1625031E+00 -0.2097534E-04
  0.2907983333333E+03  0.1254110E+01  0.8682142E-04 -0.3859100E-01 -0.7585592E-05  0.1624836E+00 -0.2086068E-04
  0.2917650000000E+03  0.1254190E+01  0.8341740E-04 -0.3859805E-01 -0.7290859E-05  0.1624643E+00 -0.2003167E-04
  0.2927316666667E+03  0.1254274E+01  0.8596721E-04 -0.3860531E-01 -0.7514934E-05  0.1624443E+00 -0.2063093E-04
  0.2936983333333E+03  0.1254356E+01  0.8553441E-04 -0.3861254E-01 -0.7478351E-05  0.1624245E+00 -0.2051392E-04
  0.2946650000000E+03  0.1254439E+01  0.8510654E-04 -0.3861974E-01 -0.7443666E-05  0.1624048E+00 -0.2039962E-04
  0.2956316666667E+03  0.1254520E+01  0.8468264E-04 -0.3862690E-01 -0.7409256E-05  0.1623852E+00 -0.2028640E-04
  0.2965983333333E+03  0.1254602E+01  0.8426266E-04 -0.3863403E-01 -0.7375117E-05  0.1623657E+00 -0.2017425E-04
  0.2975650000000E+03  0.1254683E+01  0.8384653E-04 -0.3864113E-01 -0.7341245E-05  0.1623463E+00 -0.2006316E-04
  0.2985650000000E+03  0.1254764E+01  0.8065307E-04 -0.3864819E-01 -0.7064051E-05  0.1623270E+00 -0.1928800E-04
  0.2995650000000E+03  0.1254847E+01  0.8301778E-04 -0.3865546E-01 -0.7272211E-05  0.1623072E+00 -0.1984070E-04
  0.3005650000000E+03  0.1254929E+01  0.8259829E-04 -0.3866270E-01 -0.7236538E-05  0.1622874E+00 -0.1972753E-04
  0.3015650000000E+03  0.1255011E+01  0.8218351E-04 -0.3866990E-01 -0.7202638E-05  0.1622678E+00 -0.1961691E-04
  0.3025650000000E+03  0.1255093E+01  0.8177258E-04 -0.3867707E-01 -0.7169007E-05  0.1622483E+00 -0.1950732E-04
  0.3035650000000E+03  0.1255174E+01  0.8136545E-04 -0.3868421E-01 -0.7135641E-05  0.1622289E+00 -0.1939877E-04
  0.3045650000000E+03  0.1255255E+01  0.8096205E-04 -0.3869131E-01 -0.7102538E-05  0.1622096E+00 -0.1929124E-04
  0.3055983333333E+03  0.1255336E+01  0.7796357E-04 -0.3869838E-01 -0.6841640E-05  0.1621904E+00 -0.1856584E-04
  0.3066316666667E+03  0.1255419E+01  0.8015896E-04 -0.3870565E-01 -0.7035168E-05  0.1621707E+00 -0.1907604E-04
  0.3076650000000E+03  0.1255501E+01  0.7975282E-04 -0.3871288E-01 -0.7000418E-05  0.1621511E+00 -0.1896669E-04
  0.3086983333333E+03  0.1255583E+01  0.7935117E-04 -0.3872008E-01 -0.6967325E-05  0.1621316E+00 -0.1885971E-04
  0.3097316666667E+03  0.1255665E+01  0.7895326E-04 -0.3872725E-01 -0.6934494E-05  0.1621123E+00 -0.1875374E-04
  0.3107650000000E+03  0.1255746E+01  0.7855901E-04 -0.3873438E-01 -0.6901924E-05  0.1620930E+00 -0.1864876E-04
  0.3117983333333E+03  0.1255827E+01  0.7816839E-04 -0.3874148E-01 -0.6869611E-05  0.1620738E+00 -0.1854477E-04
  0.3128650000000E+03  0.1255907E+01  0.7535068E-04 -0.3874854E-01 -0.6623879E-05  0.1620548E+00 -0.1786543E-04
  0.3139316666667E+03  0.1255990E+01  0.7739099E-04 -0.3875580E-01 -0.6803941E-05  0.1620352E+00 -0.1833677E-04
  0.3149983333333E+03  0.1256072E+01  0.7699816E-04 -0.3876302E-01 -0.6770125E-05  0.1620158E+00 -0.1823119E-04
  0.3160650000000E+03  0.1256154E+01  0.7660963E-04 -0.3877021E-01 -0.6737858E-05  0.1619964E+00 -0.1812783E-04
  0.3171316666667E+03  0.1256235E+01  0.7622470E-04 -0.3877736E-01 -0.6705848E-05  0.1619772E+00 -0.1802544E-04
  0.3181983333333E+03  0.1256316E+01  0.7584332E-04 -0.3878448E-01 -0.6674093E-05  0.1619581E+00 -0.1792400E-04
  0.3192983333333E+03  0.1256396E+01  0.7317861E-04 -0.3879157E-01 -0.6441299E-05  0.1619391E+00 -0.1728341E-04
  0.3203983333333E+03  0.1256479E+01  0.7508458E-04 -0.3879884E-01 -0.6609641E-05  0.1619196E+00 -0.1772126E-04
  0.3214983333333E+03  0.1256561E+01  0.7470151E-04 -0.3880607E-01 -0.6576506E-05  0.1619002E+00 -0.1761845E-04
  0.3225983333333E+03  0.1256643E+01  0.7432259E-04 -0.3881327E-01 -0.6544834E-05  0.1618809E+00 -0.1751774E-04
  0.3236983333333E+03  0.1256724E+01  0.7394719E-04 -0.3882044E-01 -0.6513417E-05  0.1618618E+00 -0.1741798E-04
  0.3247983333333E+03  0.1256805E+01  0.7357526E-04 -0.3882757E-01 -0.6482253E-05  0.1618427E+00 -0.1731916E-04
  0.3259316666667E+03  0.1256886E+01  0.7105362E-04 -0.3883466E-01 -0.6261593E-05  0.1618238E+00 -0.1671475E-04
  0.3270650000000E+03  0.1256968E+01  0.7283559E-04 -0.3884194E-01 -0.6419077E-05  0.1618044E+00 -0.1712174E-04
  0.3281983333333E+03  0.1257050E+01  0.7246245E-04 -0.3884918E-01 -0.6386649E-05  0.1617851E+00 -0.1702174E-04
  0.3293316666667E+03  0.1257132E+01  0.7209329E-04 -0.3885638E-01 -0.6355602E-05  0.1617659E+00 -0.1692372E-04
  0.3304650000000E+03  0.1257213E+01  0.7172759E-04 -0.3886355E-01 -0.6324809E-05  0.1617468E+00 -0.1682663E-04
  0.3315983333333E+03  0.1257294E+01  0.7136527E-04 -0.3887068E-01 -0.6294265E-05  0.1617279E+00 -0.1673045E-04
  0.3327650000000E+03  0.1257375E+01  0.6897755E-04 -0.3887778E-01 -0.6084998E-05  0.1617090E+00 -0.1615988E-04
  0.3339316666667E+03  0.1257457E+01  0.7064495E-04 -0.3888505E-01 -0.6232419E-05  0.1616897E+00 -0.1653842E-04
  0.3350983333333E+03  0.1257539E+01  0.7028183E-04 -0.3889228E-01 -0.6200721E-05  0.1616705E+00 -0.1644124E-04
  0.3362650000000E+03  0.1257621E+01  0.6992257E-04 -0.3889948E-01 -0.6170327E-05  0.1616515E+00 -0.1634593E-04
  0.3374316666667E+03  0.1257702E+01  0.6956666E-04 -0.3890665E-01 -0.6140183E-05  0.1616325E+00 -0.1625153E-04
  0.3386316666667E+03  0.1257782E+01  0.6729145E-04 -0.3891378E-01 -0.5940557E-05  0.1616136E+00 -0.1570919E-04
  0.3398316666667E+03  0.1257865E+01  0.6885933E-04 -0.3892107E-01 -0.6079215E-05  0.1615944E+00 -0.1606316E-04
  0.3410316666667E+03  0.1257947E+01  0.6850302E-04 -0.3892833E-01 -0.6048009E-05  0.1615752E+00 -0.1596792E-04
  0.3422316666667E+03  0.1258029E+01  0.6815048E-04 -0.3893555E-01 -0.6018050E-05  0.1615562E+00 -0.1587448E-04
  0.3434316666667E+03  0.1258110E+01  0.6780125E-04 -0.3894274E-01 -0.5988340E-05  0.1615372E+00 -0.1578194E-04
  0.3446316666667E+03  0.1258191E+01  0.6745530E-04 -0.3894989E-01 -0.5958878E-05  0.1615184E+00 -0.1569027E-04
  0.3458650000000E+03  0.1258272E+01  0.6529871E-04 -0.3895700E-01 -0.5769399E-05  0.1614997E+00 -0.1517786E-04
  0.3470983333333E+03  0.1258354E+01  0.6676794E-04 -0.3896428E-01 -0.5899350E-05  0.1614805E+00 -0.1550745E-04
  0.3483316666667E+03  0.1258436E+01  0.6642193E-04 -0.3897152E-01 -0.5868922E-05  0.1614615E+00 -0.1541509E-04
  0.3495650000000E+03  0.1258518E+01  0.6607953E-04 -0.3897872E-01 -0.5839671E-05  0.1614426E+00 -0.1532444E-04
  0.3507983333333E+03  0.1258599E+01  0.6574036E-04 -0.3898589E-01 -0.5810667E-05  0.1614238E+00 -0.1523465E-04
  0.3520650000000E+03  0.1258679E+01  0.6368320E-04 -0.3899302E-01 -0.5629752E-05  0.1614052E+00 -0.1474715E-04
  0.3533316666667E+03  0.1258762E+01  0.6506670E-04 -0.3900030E-01 -0.5752123E-05  0.1613861E+00 -0.1505568E-04
  0.3545983333333E+03  0.1258844E+01  0.6472780E-04 -0.3900755E-01 -0.5722235E-05  0.1613671E+00 -0.1496534E-04
  0.3558650000000E+03  0.1258925E+01  0.6439244E-04 -0.3901476E-01 -0.5693473E-05  0.1613483E+00 -0.1487664E-04
  0.3571316666667E+03  0.1259007E+01  0.6406025E-04 -0.3902194E-01 -0.5664956E-05  0.1613296E+00 -0.1478880E-04
  0.3584316666667E+03  0.1259087E+01  0.6209706E-04 -0.3902908E-01 -0.5492152E-05  0.1613109E+00 -0.1432483E-04
  0.3597316666667E+03  0.1259170E+01  0.6340065E-04 -0.3903637E-01 -0.5607449E-05  0.1612919E+00 -0.1461378E-04
  0.3610316666667E+03  0.1259252E+01  0.6306904E-04 -0.3904362E-01 -0.5578125E-05  0.1612731E+00 -0.1452551E-04
  0.3623316666667E+03  0.1259333E+01  0.6274087E-04 -0.3905083E-01 -0.5549877E-05  0.1612543E+00 -0.1443882E-04
  0.3636316666667E+03  0.1259414E+01  0.6241583E-04 -0.3905801E-01 -0.5521873E-05  0.1612356E+00 -0.1435296E-04
  0.3649650000000E+03  0.1259495E+01  0.6054152E-04 -0.3906515E-01 -0.5356757E-05  0.1612171E+00 -0.1391124E-04
  0.3662983333333E+03  0.1259577E+01  0.6177060E-04 -0.3907244E-01 -0.5465449E-05  0.1611982E+00 -0.1418199E-04
  0.3676316666667E+03  0.1259659E+01  0.6144641E-04 -0.3907969E-01 -0.5436710E-05  0.1611794E+00 -0.1409583E-04
  0.3689650000000E+03  0.1259741E+01  0.6112556E-04 -0.3908690E-01 -0.5408999E-05  0.1611607E+00 -0.1401117E-04
  0.3702983333333E+03  0.1259822E+01  0.6080779E-04 -0.3909408E-01 -0.5381531E-05  0.1611421E+00 -0.1392734E-04
  0.3716650000000E+03  0.1259903E+01  0.5901760E-04 -0.3910122E-01 -0.5223710E-05  0.1611237E+00 -0.1350667E-04
  0.3730316666667E+03  0.1259985E+01  0.6017716E-04 -0.3910850E-01 -0.5326233E-05  0.1611049E+00 -0.1376049E-04
  0.3743983333333E+03  0.1260067E+01  0.5986048E-04 -0.3911574E-01 -0.5298098E-05  0.1610862E+00 -0.1367646E-04
  0.3757650000000E+03  0.1260148E+01  0.5954706E-04 -0.3912294E-01 -0.5270944E-05  0.1610676E+00 -0.1359388E-04
  0.3771650000000E+03  0.1260229E+01  0.5782626E-04 -0.3913011E-01 -0.5119174E-05  0.1610491E+00 -0.1319040E-04
  0.3785650000000E+03  0.1260312E+01  0.5892527E-04 -0.3913741E-01 -0.5216324E-05  0.1610303E+00 -0.1342958E-04
  0.3799650000000E+03  0.1260394E+01  0.5861321E-04 -0.3914467E-01 -0.5188561E-05  0.1610116E+00 -0.1334691E-04
  0.3813650000000E+03  0.1260475E+01  0.5830437E-04 -0.3915190E-01 -0.5161748E-05  0.1609931E+00 -0.1326564E-04
  0.3827650000000E+03  0.1260556E+01  0.5799852E-04 -0.3915909E-01 -0.5135176E-05  0.1609746E+00 -0.1318518E-04
  0.3841983333333E+03  0.1260637E+01  0.5635385E-04 -0.3916624E-01 -0.4990031E-05  0.1609563E+00 -0.1280074E-04
  0.3856316666667E+03  0.1260719E+01  0.5739188E-04 -0.3917353E-01 -0.5081764E-05  0.1609376E+00 -0.1302516E-04
  0.3870650000000E+03  0.1260801E+01  0.5708758E-04 -0.3918077E-01 -0.5054641E-05  0.1609190E+00 -0.1294470E-04
  0.3884983333333E+03  0.1260883E+01  0.5678640E-04 -0.3918798E-01 -0.5028426E-05  0.1609006E+00 -0.1286558E-04
  0.3899650000000E+03  0.1260964E+01  0.5520433E-04 -0.3919515E-01 -0.4888757E-05  0.1608823E+00 -0.1249664E-04
  0.3914316666667E+03  0.1261046E+01  0.5618921E-04 -0.3920245E-01 -0.4975769E-05  0.1608636E+00 -0.1270831E-04
  0.3928983333333E+03  0.1261128E+01  0.5588980E-04 -0.3920971E-01 -0.4949055E-05  0.1608451E+00 -0.1262928E-04
  0.3943650000000E+03  0.1261210E+01  0.5559348E-04 -0.3921693E-01 -0.4923218E-05  0.1608267E+00 -0.1255156E-04
  0.3958316666667E+03  0.1261291E+01  0.5530005E-04 -0.3922411E-01 -0.4897618E-05  0.1608084E+00 -0.1247462E-04
  0.3973316666667E+03  0.1261371E+01  0.5378704E-04 -0.3923126E-01 -0.4763980E-05  0.1607902E+00 -0.1212295E-04
  0.3988316666667E+03  0.1261453E+01  0.5471833E-04 -0.3923852E-01 -0.4846231E-05  0.1607717E+00 -0.1232175E-04
  0.4003316666667E+03  0.1261535E+01  0.5442682E-04 -0.3924575E-01 -0.4820183E-05  0.1607534E+00 -0.1224497E-04
  0.4018316666667E+03  0.1261616E+01  0.5413829E-04 -0.3925295E-01 -0.4794973E-05  0.1607351E+00 -0.1216945E-04
  0.4033650000000E+03  0.1261697E+01  0.5268188E-04 -0.3926010E-01 -0.4666301E-05  0.1607170E+00 -0.1183178E-04
  0.4048983333333E+03  0.1261779E+01  0.5356643E-04 -0.3926738E-01 -0.4744401E-05  0.1606985E+00 -0.1201945E-04
  0.4064316666667E+03  0.1261861E+01  0.5328001E-04 -0.3927461E-01 -0.4718788E-05  0.1606802E+00 -0.1194417E-04
  0.4079650000000E+03  0.1261942E+01  0.5299651E-04 -0.3928181E-01 -0.4693984E-05  0.1606620E+00 -0.1187010E-04
  0.4095316666667E+03  0.1262023E+01  0.5159420E-04 -0.3928897E-01 -0.4570064E-05  0.1606439E+00 -0.1154580E-04
  0.4110983333333E+03  0.1262105E+01  0.5243476E-04 -0.3929625E-01 -0.4644257E-05  0.1606256E+00 -0.1172304E-04
  0.4126650000000E+03  0.1262187E+01  0.5215352E-04 -0.3930348E-01 -0.4619092E-05  0.1606073E+00 -0.1164928E-04
  0.4142316666667E+03  0.1262268E+01  0.5187516E-04 -0.3931068E-01 -0.4594708E-05  0.1605892E+00 -0.1157670E-04
  0.4158316666667E+03  0.1262349E+01  0.5052458E-04 -0.3931784E-01 -0.4475336E-05  0.1605712E+00 -0.1126519E-04
  0.4174316666667E+03  0.1262431E+01  0.5132372E-04 -0.3932511E-01 -0.4545852E-05  0.1605529E+00 -0.1143265E-04
  0.4190316666667E+03  0.1262513E+01  0.5104776E-04 -0.3933235E-01 -0.4521146E-05  0.1605347E+00 -0.1136044E-04
  0.4206316666667E+03  0.1262594E+01  0.5077463E-04 -0.3933954E-01 -0.4497195E-05  0.1605166E+00 -0.1128937E-04
  0.4222650000000E+03  0.1262675E+01  0.4947352E-04 -0.3934670E-01 -0.4382178E-05  0.1604987E+00 -0.1099010E-04
  0.4238983333333E+03  0.1262757E+01  0.5023365E-04 -0.3935397E-01 -0.4449232E-05  0.1604805E+00 -0.1114838E-04
  0.4255316666667E+03  0.1262838E+01  0.4996305E-04 -0.3936120E-01 -0.4424994E-05  0.1604624E+00 -0.1107774E-04
  0.4271650000000E+03  0.1262920E+01  0.4969522E-04 -0.3936839E-01 -0.4401487E-05  0.1604444E+00 -0.1100821E-04
  0.4288316666667E+03  0.1263000E+01  0.4844147E-04 -0.3937554E-01 -0.4290642E-05  0.1604265E+00 -0.1072064E-04
  0.4304983333333E+03  0.1263082E+01  0.4916484E-04 -0.3938279E-01 -0.4354434E-05  0.1604084E+00 -0.1087032E-04
  0.4321650000000E+03  0.1263164E+01  0.4889964E-04 -0.3939001E-01 -0.4330674E-05  0.1603904E+00 -0.1080126E-04
  0.4338650000000E+03  0.1263245E+01  0.4768349E-04 -0.3939719E-01 -0.4223155E-05  0.1603725E+00 -0.1052284E-04
  0.4355650000000E+03  0.1263327E+01  0.4837469E-04 -0.3940447E-01 -0.4284094E-05  0.1603544E+00 -0.1066504E-04
  0.4372650000000E+03  0.1263409E+01  0.4811232E-04 -0.3941172E-01 -0.4260588E-05  0.1603364E+00 -0.1059687E-04
  0.4389650000000E+03  0.1263490E+01  0.4785265E-04 -0.3941892E-01 -0.4237771E-05  0.1603185E+00 -0.1052976E-04
  0.4406983333333E+03  0.1263571E+01  0.4668032E-04 -0.3942609E-01 -0.4134117E-05  0.1603007E+00 -0.1026216E-04
  0.4424316666667E+03  0.1263653E+01  0.4733865E-04 -0.3943335E-01 -0.4192144E-05  0.1602827E+00 -0.1039675E-04
  0.4441650000000E+03  0.1263735E+01  0.4708184E-04 -0.3944058E-01 -0.4169133E-05  0.1602648E+00 -0.1033021E-04
  0.4458983333333E+03  0.1263816E+01  0.4682769E-04 -0.3944777E-01 -0.4146786E-05  0.1602470E+00 -0.1026470E-04
  0.4476650000000E+03  0.1263897E+01  0.4569732E-04 -0.3945492E-01 -0.4046836E-05  0.1602293E+00 -0.1000746E-04
  0.4494316666667E+03  0.1263979E+01  0.4632467E-04 -0.3946216E-01 -0.4102119E-05  0.1602114E+00 -0.1013490E-04
  0.4511983333333E+03  0.1264060E+01  0.4607344E-04 -0.3946937E-01 -0.4079605E-05  0.1601936E+00 -0.1007000E-04
  0.4529983333333E+03  0.1264141E+01  0.4497619E-04 -0.3947654E-01 -0.3982589E-05  0.1601759E+00 -0.9820799E-05
  0.4547983333333E+03  0.1264223E+01  0.4557635E-04 -0.3948380E-01 -0.4035464E-05  0.1601580E+00 -0.9942014E-05
  0.4565983333333E+03  0.1264305E+01  0.4532817E-04 -0.3949103E-01 -0.4013229E-05  0.1601402E+00 -0.9878053E-05
  0.4584316666667E+03  0.1264386E+01  0.4426288E-04 -0.3949821E-01 -0.3919044E-05  0.1601226E+00 -0.9636624E-05
  0.4602650000000E+03  0.1264468E+01  0.4483721E-04 -0.3950549E-01 -0.3969634E-05  0.1601047E+00 -0.9751950E-05
  0.4620983333333E+03  0.1264550E+01  0.4459219E-04 -0.3951273E-01 -0.3947686E-05  0.1600869E+00 -0.9688956E-05
  0.4639316666667E+03  0.1264631E+01  0.4434971E-04 -0.3951993E-01 -0.3926349E-05  0.1600693E+00 -0.9626934E-05
  0.4657983333333E+03  0.1264712E+01  0.4332205E-04 -0.3952709E-01 -0.3835492E-05  0.1600517E+00 -0.9394786E-05
  0.4676650000000E+03  0.1264794E+01  0.4387005E-04 -0.3953434E-01 -0.3883753E-05  0.1600340E+00 -0.9504136E-05
  0.4695316666667E+03  0.1264875E+01  0.4363074E-04 -0.3954154E-01 -0.3862317E-05  0.1600164E+00 -0.9442817E-05
  0.4714316666667E+03  0.1264956E+01  0.4263261E-04 -0.3954872E-01 -0.3774077E-05  0.1599989E+00 -0.9217835E-05
  0.4733316666667E+03  0.1265038E+01  0.4315743E-04 -0.3955597E-01 -0.3820289E-05  0.1599811E+00 -0.9321954E-05
  0.4752316666667E+03  0.1265120E+01  0.4292136E-04 -0.3956319E-01 -0.3799150E-05  0.1599635E+00 -0.9261628E-05
  0.4771650000000E+03  0.1265201E+01  0.4195175E-04 -0.3957037E-01 -0.3713439E-05  0.1599461E+00 -0.9043566E-05
  0.4790983333333E+03  0.1265283E+01  0.4245454E-04 -0.3957764E-01 -0.3757704E-05  0.1599284E+00 -0.9142738E-05
  0.4810316666667E+03  0.1265365E+01  0.4222177E-04 -0.3958486E-01 -0.3736868E-05  0.1599108E+00 -0.9083420E-05
  0.4829983333333E+03  0.1265446E+01  0.4127972E-04 -0.3959205E-01 -0.3653601E-05  0.1598934E+00 -0.8872043E-05
  0.4849650000000E+03  0.1265528E+01  0.4176156E-04 -0.3959932E-01 -0.3696015E-05  0.1598757E+00 -0.8966534E-05
  0.4869316666667E+03  0.1265609E+01  0.4153215E-04 -0.3960654E-01 -0.3675487E-05  0.1598582E+00 -0.8908239E-05
  0.4889316666667E+03  0.1265691E+01  0.4061674E-04 -0.3961373E-01 -0.3594582E-05  0.1598408E+00 -0.8703320E-05
  0.4909316666667E+03  0.1265773E+01  0.4107865E-04 -0.3962100E-01 -0.3635238E-05  0.1598232E+00 -0.8793384E-05
  0.4929316666667E+03  0.1265855E+01  0.4085266E-04 -0.3962823E-01 -0.3615022E-05  0.1598058E+00 -0.8736123E-05
  0.4949650000000E+03  0.1265936E+01  0.3996299E-04 -0.3963542E-01 -0.3536400E-05  0.1597884E+00 -0.8537444E-05
  0.4969983333333E+03  0.1266018E+01  0.4040595E-04 -0.3964269E-01 -0.3575383E-05  0.1597709E+00 -0.8623319E-05
  0.4990316666667E+03  0.1266100E+01  0.4018341E-04 -0.3964992E-01 -0.3555483E-05  0.1597534E+00 -0.8567100E-05
  0.5010983333333E+03  0.1266181E+01  0.3931864E-04 -0.3965711E-01 -0.3479069E-05  0.1597361E+00 -0.8374451E-05
  0.5031650000000E+03  0.1266263E+01  0.3974357E-04 -0.3966438E-01 -0.3516462E-05  0.1597187E+00 -0.8456363E-05
  0.5052316666667E+03  0.1266345E+01  0.3952450E-04 -0.3967161E-01 -0.3496879E-05  0.1597013E+00 -0.8401192E-05
  0.5073316666667E+03  0.1266426E+01  0.3868382E-04 -0.3967880E-01 -0.3422601E-05  0.1596841E+00 -0.8214371E-05
  0.5094316666667E+03  0.1266508E+01  0.3909158E-04 -0.3968606E-01 -0.3458481E-05  0.1596666E+00 -0.8292532E-05
  0.5115316666667E+03  0.1266590E+01  0.3887601E-04 -0.3969328E-01 -0.3439218E-05  0.1596493E+00 -0.8238414E-05
  0.5136650000000E+03  0.1266671E+01  0.3805862E-04 -0.3970046E-01 -0.3367006E-05  0.1596321E+00 -0.8057224E-05
  0.5157983333333E+03  0.1266753E+01  0.3845006E-04 -0.3970772E-01 -0.3401446E-05  0.1596148E+00 -0.8131837E-05
  0.5179650000000E+03  0.1266835E+01  0.3764973E-04 -0.3971494E-01 -0.3330465E-05  0.1595976E+00 -0.7954483E-05
  0.5201316666667E+03  0.1266917E+01  0.3802658E-04 -0.3972222E-01 -0.3363621E-05  0.1595802E+00 -0.8025923E-05
  0.5222983333333E+03  0.1266999E+01  0.3781582E-04 -0.3972947E-01 -0.3344803E-05  0.1595629E+00 -0.7973299E-05
  0.5244983333333E+03  0.1267080E+01  0.3703750E-04 -0.3973668E-01 -0.3276060E-05  0.1595457E+00 -0.7801450E-05
  0.5266983333333E+03  0.1267163E+01  0.3739946E-04 -0.3974396E-01 -0.3307904E-05  0.1595284E+00 -0.7869690E-05
  0.5288983333333E+03  0.1267244E+01  0.3719229E-04 -0.3975119E-01 -0.3289413E-05  0.1595112E+00 -0.7818135E-05
  0.5311316666667E+03  0.1267326E+01  0.3643529E-04 -0.3975839E-01 -0.3222559E-05  0.1594941E+00 -0.7651431E-05
  0.5333650000000E+03  0.1267408E+01  0.3678307E-04 -0.3976565E-01 -0.3253154E-05  0.1594769E+00 -0.7716641E-05
  0.5356316666667E+03  0.1267490E+01  0.3604156E-04 -0.3977288E-01 -0.3187417E-05  0.1594598E+00 -0.7553414E-05
  0.5378983333333E+03  0.1267572E+01  0.3637660E-04 -0.3978017E-01 -0.3216890E-05  0.1594425E+00 -0.7615892E-05
  0.5401650000000E+03  0.1267654E+01  0.3617444E-04 -0.3978742E-01 -0.3198860E-05  0.1594254E+00 -0.7565871E-05
  0.5424650000000E+03  0.1267736E+01  0.3545308E-04 -0.3979463E-01 -0.3135170E-05  0.1594083E+00 -0.7407671E-05
  0.5447650000000E+03  0.1267818E+01  0.3577519E-04 -0.3980191E-01 -0.3163504E-05  0.1593912E+00 -0.7467417E-05
  0.5470650000000E+03  0.1267900E+01  0.3557666E-04 -0.3980914E-01 -0.3145804E-05  0.1593741E+00 -0.7418466E-05
  0.5493983333333E+03  0.1267981E+01  0.3487482E-04 -0.3981634E-01 -0.3083843E-05  0.1593571E+00 -0.7264965E-05
  0.5517316666667E+03  0.1268063E+01  0.3518460E-04 -0.3982360E-01 -0.3111091E-05  0.1593401E+00 -0.7322123E-05
  0.5540983333333E+03  0.1268145E+01  0.3449686E-04 -0.3983082E-01 -0.3050144E-05  0.1593231E+00 -0.7171778E-05
  0.5564650000000E+03  0.1268227E+01  0.3479549E-04 -0.3983810E-01 -0.3076412E-05  0.1593060E+00 -0.7226580E-05
  0.5588316666667E+03  0.1268309E+01  0.3460207E-04 -0.3984534E-01 -0.3059179E-05  0.1592890E+00 -0.7179173E-05
  0.5612316666667E+03  0.1268391E+01  0.3393281E-04 -0.3985254E-01 -0.3000106E-05  0.1592721E+00 -0.7033419E-05
  0.5636316666667E+03  0.1268473E+01  0.3422017E-04 -0.3985980E-01 -0.3025382E-05  0.1592551E+00 -0.7085886E-05
  0.5660316666667E+03  0.1268554E+01  0.3403037E-04 -0.3986702E-01 -0.3008476E-05  0.1592382E+00 -0.7039534E-05
  0.5684650000000E+03  0.1268636E+01  0.3337902E-04 -0.3987420E-01 -0.2950988E-05  0.1592214E+00 -0.6898074E-05
  0.5708983333333E+03  0.1268717E+01  0.3365563E-04 -0.3988144E-01 -0.2975318E-05  0.1592045E+00 -0.6948327E-05
  0.5733650000000E+03  0.1268799E+01  0.3301713E-04 -0.3988864E-01 -0.2918753E-05  0.1591877E+00 -0.6809733E-05
  0.5758316666667E+03  0.1268881E+01  0.3328397E-04 -0.3989590E-01 -0.2942223E-05  0.1591708E+00 -0.6857950E-05
  0.5782983333333E+03  0.1268963E+01  0.3309931E-04 -0.3990311E-01 -0.2925784E-05  0.1591540E+00 -0.6813129E-05
  0.5807983333333E+03  0.1269044E+01  0.3247775E-04 -0.3991029E-01 -0.2870935E-05  0.1591373E+00 -0.6678729E-05
  0.5832983333333E+03  0.1269126E+01  0.3273477E-04 -0.3991753E-01 -0.2893540E-05  0.1591205E+00 -0.6724946E-05
  0.5858316666667E+03  0.1269207E+01  0.3212534E-04 -0.3992472E-01 -0.2839561E-05  0.1591038E+00 -0.6593244E-05
  0.5883650000000E+03  0.1269289E+01  0.3237337E-04 -0.3993197E-01 -0.2861374E-05  0.1590870E+00 -0.6637607E-05
  0.5908983333333E+03  0.1269371E+01  0.3219386E-04 -0.3993918E-01 -0.2845402E-05  0.1590703E+00 -0.6594308E-05
  0.5934650000000E+03  0.1269452E+01  0.3160050E-04 -0.3994635E-01 -0.2793049E-05  0.1590537E+00 -0.6466570E-05
  0.5960316666667E+03  0.1269533E+01  0.3183954E-04 -0.3995357E-01 -0.2814070E-05  0.1590370E+00 -0.6509125E-05
  0.5986316666667E+03  0.1269615E+01  0.3125763E-04 -0.3996075E-01 -0.2762538E-05  0.1590204E+00 -0.6383930E-05
  0.6012316666667E+03  0.1269697E+01  0.3148840E-04 -0.3996799E-01 -0.2782831E-05  0.1590037E+00 -0.6424796E-05
  0.6038650000000E+03  0.1269778E+01  0.3091766E-04 -0.3997518E-01 -0.2732293E-05  0.1589871E+00 -0.6302202E-05
  0.6064983333333E+03  0.1269860E+01  0.3114048E-04 -0.3998243E-01 -0.2751886E-05  0.1589704E+00 -0.6341450E-05
  0.6091316666667E+03  0.1269942E+01  0.3096774E-04 -0.3998963E-01 -0.2736525E-05  0.1589538E+00 -0.6300149E-05
  0.6117983333333E+03  0.1270023E+01  0.3041192E-04 -0.3999680E-01 -0.2687493E-05  0.1589373E+00 -0.6181220E-05
  0.6144650000000E+03  0.1270104E+01  0.3062684E-04 -0.4000402E-01 -0.2706389E-05  0.1589207E+00 -0.6218908E-05
  0.6171650000000E+03  0.1270186E+01  0.3008159E-04 -0.4001119E-01 -0.2658114E-05  0.1589042E+00 -0.6102319E-05
  0.6198650000000E+03  0.1270267E+01  0.3028919E-04 -0.4001842E-01 -0.2676365E-05  0.1588877E+00 -0.6138530E-05
  0.6225983333333E+03  0.1270349E+01  0.2975425E-04 -0.4002561E-01 -0.2629007E-05  0.1588712E+00 -0.6024335E-05
  0.6253316666667E+03  0.1270431E+01  0.2995480E-04 -0.4003284E-01 -0.2646636E-05  0.1588546E+00 -0.6059132E-05
  0.6280650000000E+03  0.1270512E+01  0.2978885E-04 -0.4004003E-01 -0.2631883E-05  0.1588382E+00 -0.6019802E-05
  0.6308316666667E+03  0.1270593E+01  0.2926777E-04 -0.4004719E-01 -0.2585922E-05  0.1588218E+00 -0.5908993E-05
  0.6335983333333E+03  0.1270674E+01  0.2946137E-04 -0.4005439E-01 -0.2602936E-05  0.1588054E+00 -0.5942443E-05
  0.6363983333333E+03  0.1270756E+01  0.2895007E-04 -0.4006155E-01 -0.2557674E-05  0.1587890E+00 -0.5833788E-05
  0.6391983333333E+03  0.1270837E+01  0.2913717E-04 -0.4006876E-01 -0.2574114E-05  0.1587726E+00 -0.5865945E-05
  0.6420316666667E+03  0.1270918E+01  0.2863540E-04 -0.4007593E-01 -0.2529699E-05  0.1587563E+00 -0.5759493E-05
  0.6448650000000E+03  0.1271000E+01  0.2881624E-04 -0.4008314E-01 -0.2545587E-05  0.1587399E+00 -0.5790411E-05
  0.6477316666667E+03  0.1271081E+01  0.2832379E-04 -0.4009031E-01 -0.2501999E-05  0.1587236E+00 -0.5686110E-05
  0.6505983333333E+03  0.1271163E+01  0.2849861E-04 -0.4009753E-01 -0.2517354E-05  0.1587072E+00 -0.5715840E-05
  0.6534983333333E+03  0.1271244E+01  0.2801528E-04 -0.4010470E-01 -0.2474575E-05  0.1586909E+00 -0.5613642E-05
  0.6563983333333E+03  0.1271326E+01  0.2818429E-04 -0.4011192E-01 -0.2489416E-05  0.1586746E+00 -0.5642233E-05
  0.6593316666667E+03  0.1271407E+01  0.2770987E-04 -0.4011910E-01 -0.2447428E-05  0.1586583E+00 -0.5542088E-05
  0.6622650000000E+03  0.1271489E+01  0.2787330E-04 -0.4012632E-01 -0.2461775E-05  0.1586420E+00 -0.5569586E-05
  0.6652316666667E+03  0.1271570E+01  0.2740760E-04 -0.4013351E-01 -0.2420560E-05  0.1586257E+00 -0.5471447E-05
  0.6681983333333E+03  0.1271652E+01  0.2756564E-04 -0.4014073E-01 -0.2434431E-05  0.1586094E+00 -0.5497897E-05
  0.6711983333333E+03  0.1271733E+01  0.2710848E-04 -0.4014791E-01 -0.2393971E-05  0.1585932E+00 -0.5401718E-05
  0.6741983333333E+03  0.1271815E+01  0.2726133E-04 -0.4015513E-01 -0.2407382E-05  0.1585769E+00 -0.5427163E-05
  0.6772316666667E+03  0.1271896E+01  0.2681251E-04 -0.4016231E-01 -0.2367662E-05  0.1585608E+00 -0.5332898E-05
  0.6802650000000E+03  0.1271978E+01  0.2696036E-04 -0.4016953E-01 -0.2380629E-05  0.1585445E+00 -0.5357379E-05
  0.6833316666667E+03  0.1272059E+01  0.2651971E-04 -0.4017672E-01 -0.2341632E-05  0.1585284E+00 -0.5264985E-05
  0.6863983333333E+03  0.1272141E+01  0.2666274E-04 -0.4018394E-01 -0.2354172E-05  0.1585122E+00 -0.5288539E-05
  0.6894983333333E+03  0.1272223E+01  0.2623008E-04 -0.4019111E-01 -0.2315881E-05  0.1584960E+00 -0.5197973E-05
  0.6925983333333E+03  0.1272304E+01  0.2636847E-04 -0.4019833E-01 -0.2328009E-05  0.1584799E+00 -0.5220639E-05
  0.6957316666667E+03  0.1272386E+01  0.2594362E-04 -0.4020551E-01 -0.2290410E-05  0.1584638E+00 -0.5131858E-05
  0.6988650000000E+03  0.1272467E+01  0.2607753E-04 -0.4021272E-01 -0.2302139E-05  0.1584476E+00 -0.5153672E-05
  0.7020316666667E+03  0.1272549E+01  0.2566033E-04 -0.4021989E-01 -0.2265217E-05  0.1584316E+00 -0.5066635E-05
  0.7051983333333E+03  0.1272630E+01  0.2578993E-04 -0.4022710E-01 -0.2276562E-05  0.1584155E+00 -0.5087630E-05
  0.7083983333333E+03  0.1272711E+01  0.2538022E-04 -0.4023427E-01 -0.2240302E-05  0.1583995E+00 -0.5002298E-05
  0.7115983333333E+03  0.1272793E+01  0.2550565E-04 -0.4024148E-01 -0.2251276E-05  0.1583834E+00 -0.5022506E-05
  0.7148316666667E+03  0.1272874E+01  0.2510326E-04 -0.4024864E-01 -0.2215663E-05  0.1583674E+00 -0.4938840E-05
  0.7180650000000E+03  0.1272956E+01  0.2522468E-04 -0.4025584E-01 -0.2226280E-05  0.1583514E+00 -0.4958292E-05
  0.7213316666667E+03  0.1273037E+01  0.2482947E-04 -0.4026300E-01 -0.2191300E-05  0.1583355E+00 -0.4876254E-05
  0.7245983333333E+03  0.1273118E+01  0.2494702E-04 -0.4027019E-01 -0.2201572E-05  0.1583195E+00 -0.4894980E-05
  0.7278983333333E+03  0.1273199E+01  0.2455882E-04 -0.4027734E-01 -0.2167212E-05  0.1583036E+00 -0.4814532E-05
  0.7311983333333E+03  0.1273281E+01  0.2467263E-04 -0.4028453E-01 -0.2177150E-05  0.1582876E+00 -0.4832561E-05
  0.7345316666667E+03  0.1273362E+01  0.2429130E-04 -0.4029167E-01 -0.2143396E-05  0.1582718E+00 -0.4753668E-05
  0.7378983333333E+03  0.1273443E+01  0.2415992E-04 -0.4029885E-01 -0.2131696E-05  0.1582559E+00 -0.4723789E-05
  0.7412650000000E+03  0.1273525E+01  0.2426652E-04 -0.4030605E-01 -0.2140884E-05  0.1582399E+00 -0.4740371E-05
  0.7446650000000E+03  0.1273606E+01  0.2389575E-04 -0.4031322E-01 -0.2108065E-05  0.1582241E+00 -0.4663827E-05
  0.7480650000000E+03  0.1273688E+01  0.2399898E-04 -0.4032042E-01 -0.2117059E-05  0.1582082E+00 -0.4679854E-05
  0.7514983333333E+03  0.1273769E+01  0.2363472E-04 -0.4032758E-01 -0.2084815E-05  0.1581924E+00 -0.4604779E-05
  0.7549316666667E+03  0.1273850E+01  0.2373471E-04 -0.4033477E-01 -0.2093519E-05  0.1581765E+00 -0.4620211E-05
  0.7583983333333E+03  0.1273931E+01  0.2337683E-04 -0.4034191E-01 -0.2061837E-05  0.1581607E+00 -0.4546572E-05
  0.7618983333333E+03  0.1274013E+01  0.2325013E-04 -0.4034909E-01 -0.2050543E-05  0.1581449E+00 -0.4517988E-05
  0.7653983333333E+03  0.1274094E+01  0.2334379E-04 -0.4035630E-01 -0.2058583E-05  0.1581291E+00 -0.4532163E-05
  0.7689316666667E+03  0.1274176E+01  0.2299568E-04 -0.4036346E-01 -0.2027764E-05  0.1581133E+00 -0.4460688E-05
  0.7724650000000E+03  0.1274257E+01  0.2308640E-04 -0.4037065E-01 -0.2035640E-05  0.1580975E+00 -0.4474391E-05
  0.7760316666667E+03  0.1274338E+01  0.2274436E-04 -0.4037780E-01 -0.2005356E-05  0.1580818E+00 -0.4404275E-05
  0.7795983333333E+03  0.1274420E+01  0.2283225E-04 -0.4038498E-01 -0.2012977E-05  0.1580660E+00 -0.4417469E-05
  0.7831983333333E+03  0.1274501E+01  0.2249614E-04 -0.4039212E-01 -0.1983216E-05  0.1580504E+00 -0.4348681E-05
  0.7868316666667E+03  0.1274582E+01  0.2237415E-04 -0.4039929E-01 -0.1972330E-05  0.1580347E+00 -0.4321372E-05
  0.7904650000000E+03  0.1274664E+01  0.2245649E-04 -0.4040648E-01 -0.1979363E-05  0.1580189E+00 -0.4333471E-05
  0.7941316666667E+03  0.1274745E+01  0.2212943E-04 -0.4041363E-01 -0.1950401E-05  0.1580033E+00 -0.4266677E-05
  0.7978316666667E+03  0.1274826E+01  0.2200912E-04 -0.4042081E-01 -0.1939661E-05  0.1579876E+00 -0.4239833E-05
  0.8015316666667E+03  0.1274908E+01  0.2208622E-04 -0.4042801E-01 -0.1946227E-05  0.1579719E+00 -0.4250963E-05
  0.8052650000000E+03  0.1274989E+01  0.2176792E-04 -0.4043517E-01 -0.1918039E-05  0.1579562E+00 -0.4186096E-05
  0.8089983333333E+03  0.1275071E+01  0.2184263E-04 -0.4044236E-01 -0.1924479E-05  0.1579406E+00 -0.4196859E-05
  0.8127650000000E+03  0.1275152E+01  0.2152980E-04 -0.4044950E-01 -0.1896772E-05  0.1579250E+00 -0.4133209E-05
  0.8165650000000E+03  0.1275233E+01  0.2141272E-04 -0.4045667E-01 -0.1886311E-05  0.1579094E+00 -0.4107222E-05
  0.8203650000000E+03  0.1275315E+01  0.2148268E-04 -0.4046386E-01 -0.1892241E-05  0.1578937E+00 -0.4117061E-05
  0.8241983333333E+03  0.1275396E+01  0.2117815E-04 -0.4047101E-01 -0.1865268E-05  0.1578782E+00 -0.4055231E-05
  0.8280650000000E+03  0.1275478E+01  0.2106280E-04 -0.4047818E-01 -0.1854956E-05  0.1578626E+00 -0.4029705E-05
  0.8319316666667E+03  0.1275559E+01  0.2112828E-04 -0.4048538E-01 -0.1860487E-05  0.1578470E+00 -0.4038729E-05
  0.8358316666667E+03  0.1275640E+01  0.2083180E-04 -0.4049253E-01 -0.1834224E-05  0.1578315E+00 -0.3978660E-05
  0.8397650000000E+03  0.1275722E+01  0.2071819E-04 -0.4049970E-01 -0.1824062E-05  0.1578159E+00 -0.3953594E-05
  0.8436983333333E+03  0.1275804E+01  0.2077946E-04 -0.4050690E-01 -0.1829217E-05  0.1578003E+00 -0.3961857E-05
  0.8476650000000E+03  0.1275885E+01  0.2049077E-04 -0.4051405E-01 -0.1803642E-05  0.1577849E+00 -0.3903490E-05
  0.8516650000000E+03  0.1275966E+01  0.2037891E-04 -0.4052123E-01 -0.1793632E-05  0.1577693E+00 -0.3878884E-05
  0.8556650000000E+03  0.1276048E+01  0.2043623E-04 -0.4052842E-01 -0.1798434E-05  0.1577538E+00 -0.3886436E-05
  0.8596983333333E+03  0.1276130E+01  0.2015510E-04 -0.4053558E-01 -0.1773526E-05  0.1577384E+00 -0.3829717E-05
  0.8637650000000E+03  0.1276211E+01  0.2004500E-04 -0.4054275E-01 -0.1763668E-05  0.1577229E+00 -0.3805568E-05
  0.8678316666667E+03  0.1276293E+01  0.2009859E-04 -0.4054994E-01 -0.1768138E-05  0.1577074E+00 -0.3812457E-05
  0.8719316666667E+03  0.1276374E+01  0.1982478E-04 -0.4055709E-01 -0.1743877E-05  0.1576920E+00 -0.3757331E-05
  0.8760650000000E+03  0.1276456E+01  0.1971645E-04 -0.4056426E-01 -0.1734171E-05  0.1576765E+00 -0.3733636E-05
  0.8801983333333E+03  0.1276537E+01  0.1976654E-04 -0.4057144E-01 -0.1738329E-05  0.1576611E+00 -0.3739906E-05
  0.8843650000000E+03  0.1276618E+01  0.1949984E-04 -0.4057859E-01 -0.1714695E-05  0.1576457E+00 -0.3686323E-05
  0.8885650000000E+03  0.1276700E+01  0.1939326E-04 -0.4058575E-01 -0.1705142E-05  0.1576303E+00 -0.3663079E-05
  0.8927983333333E+03  0.1276782E+01  0.1928700E-04 -0.4059292E-01 -0.1695549E-05  0.1576149E+00 -0.3639884E-05
  0.8970316666667E+03  0.1276863E+01  0.1933207E-04 -0.4060012E-01 -0.1699259E-05  0.1575995E+00 -0.3645255E-05
  0.9012983333333E+03  0.1276945E+01  0.1907462E-04 -0.4060727E-01 -0.1676444E-05  0.1575842E+00 -0.3593667E-05
  0.9055983333333E+03  0.1277026E+01  0.1897012E-04 -0.4061444E-01 -0.1667071E-05  0.1575688E+00 -0.3570959E-05
  0.9098983333333E+03  0.1277108E+01  0.1901220E-04 -0.4062162E-01 -0.1670513E-05  0.1575534E+00 -0.3575810E-05
  0.9142316666667E+03  0.1277189E+01  0.1876137E-04 -0.4062877E-01 -0.1648283E-05  0.1575382E+00 -0.3525654E-05
  0.9185983333333E+03  0.1277271E+01  0.1865864E-04 -0.4063592E-01 -0.1639065E-05  0.1575229E+00 -0.3503391E-05
  0.9229983333333E+03  0.1277353E+01  0.1855624E-04 -0.4064309E-01 -0.1629814E-05  0.1575075E+00 -0.3481184E-05
  0.9273983333333E+03  0.1277434E+01  0.1859398E-04 -0.4065028E-01 -0.1632870E-05  0.1574922E+00 -0.3485273E-05
  0.9318316666667E+03  0.1277516E+01  0.1835177E-04 -0.4065742E-01 -0.1611402E-05  0.1574770E+00 -0.3436965E-05
  0.9362983333333E+03  0.1277597E+01  0.1825113E-04 -0.4066458E-01 -0.1602366E-05  0.1574617E+00 -0.3415235E-05
  0.9407983333333E+03  0.1277679E+01  0.1815084E-04 -0.4067175E-01 -0.1593302E-05  0.1574464E+00 -0.3393563E-05
  0.9452983333333E+03  0.1277761E+01  0.1818460E-04 -0.4067893E-01 -0.1596004E-05  0.1574312E+00 -0.3396961E-05
  0.9498316666667E+03  0.1277842E+01  0.1795067E-04 -0.4068607E-01 -0.1575269E-05  0.1574160E+00 -0.3350427E-05
  0.9543983333333E+03  0.1277924E+01  0.1785214E-04 -0.4069323E-01 -0.1566418E-05  0.1574008E+00 -0.3329226E-05
  0.9589983333333E+03  0.1278005E+01  0.1775397E-04 -0.4070039E-01 -0.1557543E-05  0.1573855E+00 -0.3308086E-05
  0.9636316666667E+03  0.1278087E+01  0.1765615E-04 -0.4070757E-01 -0.1548699E-05  0.1573703E+00 -0.3287040E-05
  0.9682650000000E+03  0.1278169E+01  0.1768500E-04 -0.4071475E-01 -0.1550965E-05  0.1573551E+00 -0.3289586E-05
  0.9729316666667E+03  0.1278251E+01  0.1746101E-04 -0.4072190E-01 -0.1531111E-05  0.1573399E+00 -0.3245172E-05
  0.9776316666667E+03  0.1278332E+01  0.1736496E-04 -0.4072905E-01 -0.1522477E-05  0.1573248E+00 -0.3224592E-05
  0.9823650000000E+03  0.1278414E+01  0.1726927E-04 -0.4073622E-01 -0.1513824E-05  0.1573096E+00 -0.3204078E-05
  0.9871316666667E+03  0.1278496E+01  0.1717394E-04 -0.4074339E-01 -0.1505203E-05  0.1572944E+00 -0.3183658E-05
  0.9918983333333E+03  0.1278578E+01  0.1719842E-04 -0.4075058E-01 -0.1507081E-05  0.1572792E+00 -0.3185456E-05
  0.9966983333333E+03  0.1278659E+01  0.1698389E-04 -0.4075772E-01 -0.1488068E-05  0.1572642E+00 -0.3143055E-05
  0.1001531666667E+04  0.1278741E+01  0.1689033E-04 -0.4076487E-01 -0.1479654E-05  0.1572491E+00 -0.3123095E-05
  0.1006398333333E+04  0.1278823E+01  0.1679715E-04 -0.4077203E-01 -0.1471225E-05  0.1572340E+00 -0.3103203E-05
  0.1011298333333E+04  0.1278905E+01  0.1670435E-04 -0.4077920E-01 -0.1462830E-05  0.1572189E+00 -0.3083408E-05
  0.1016231666667E+04  0.1278986E+01  0.1661191E-04 -0.4078637E-01 -0.1454469E-05  0.1572037E+00 -0.3063709E-05
  0.1021165000000E+04  0.1279069E+01  0.1663148E-04 -0.4079356E-01 -0.1455913E-05  0.1571886E+00 -0.3064677E-05
  0.1026131666667E+04  0.1279150E+01  0.1642774E-04 -0.4080070E-01 -0.1437858E-05  0.1571736E+00 -0.3024561E-05
  0.1031131666667E+04  0.1279232E+01  0.1633707E-04 -0.4080785E-01 -0.1429700E-05  0.1571586E+00 -0.3005314E-05
  0.1036165000000E+04  0.1279314E+01  0.1624679E-04 -0.4081500E-01 -0.1421532E-05  0.1571435E+00 -0.2986139E-05
  0.1041231666667E+04  0.1279395E+01  0.1615689E-04 -0.4082216E-01 -0.1413399E-05  0.1571285E+00 -0.2967061E-05
  0.1046331666667E+04  0.1279477E+01  0.1606738E-04 -0.4082933E-01 -0.1405301E-05  0.1571135E+00 -0.2948082E-05
  0.1051465000000E+04  0.1279559E+01  0.1597825E-04 -0.4083650E-01 -0.1397239E-05  0.1570984E+00 -0.2929200E-05
  0.1056631666667E+04  0.1279641E+01  0.1588952E-04 -0.4084368E-01 -0.1389212E-05  0.1570834E+00 -0.2910418E-05
  0.1061798333333E+04  0.1279724E+01  0.1590313E-04 -0.4085086E-01 -0.1390133E-05  0.1570684E+00 -0.2910392E-05
  0.1066998333333E+04  0.1279805E+01  0.1571287E-04 -0.4085800E-01 -0.1373277E-05  0.1570534E+00 -0.2873117E-05
  0.1072231666667E+04  0.1279887E+01  0.1562589E-04 -0.4086515E-01 -0.1365449E-05  0.1570385E+00 -0.2854775E-05
  0.1077498333333E+04  0.1279969E+01  0.1553932E-04 -0.4087230E-01 -0.1357616E-05  0.1570235E+00 -0.2836511E-05
  0.1082798333333E+04  0.1280051E+01  0.1545314E-04 -0.4087945E-01 -0.1349820E-05  0.1570086E+00 -0.2818344E-05
  0.1088131666667E+04  0.1280133E+01  0.1536736E-04 -0.4088661E-01 -0.1342060E-05  0.1569937E+00 -0.2800276E-05
  0.1093498333333E+04  0.1280215E+01  0.1528197E-04 -0.4089377E-01 -0.1334337E-05  0.1569787E+00 -0.2782308E-05
  0.1098898333333E+04  0.1280297E+01  0.1519699E-04 -0.4090094E-01 -0.1326651E-05  0.1569638E+00 -0.2764439E-05
  0.1104331666667E+04  0.1280379E+01  0.1511242E-04 -0.4090810E-01 -0.1319001E-05  0.1569489E+00 -0.2746670E-05
  0.1109798333333E+04  0.1280461E+01  0.1502825E-04 -0.4091527E-01 -0.1311389E-05  0.1569340E+00 -0.2729001E-05
  0.1115298333333E+04  0.1280543E+01  0.1494449E-04 -0.4092244E-01 -0.1303814E-05  0.1569191E+00 -0.2711432E-05
  0.1120831666667E+04  0.1280626E+01  0.1486114E-04 -0.4092962E-01 -0.1296276E-05  0.1569042E+00 -0.2693963E-05
  0.1126398333333E+04  0.1280708E+01  0.1477820E-04 -0.4093679E-01 -0.1288777E-05  0.1568893E+00 -0.2676596E-05
  0.1131998333333E+04  0.1280790E+01  0.1469567E-04 -0.4094397E-01 -0.1281315E-05  0.1568744E+00 -0.2659329E-05
  0.1137631666667E+04  0.1280873E+01  0.1461356E-04 -0.4095114E-01 -0.1273891E-05  0.1568595E+00 -0.2642163E-05
  0.1143265000000E+04  0.1280955E+01  0.1461785E-04 -0.4095832E-01 -0.1273999E-05  0.1568446E+00 -0.2640632E-05
  0.1148931666667E+04  0.1281037E+01  0.1445032E-04 -0.4096545E-01 -0.1259169E-05  0.1568298E+00 -0.2608113E-05
  0.1154631666667E+04  0.1281119E+01  0.1436993E-04 -0.4097259E-01 -0.1251935E-05  0.1568150E+00 -0.2591368E-05
  0.1160365000000E+04  0.1281201E+01  0.1428996E-04 -0.4097973E-01 -0.1244705E-05  0.1568003E+00 -0.2574704E-05
  0.1166131666667E+04  0.1281283E+01  0.1421040E-04 -0.4098686E-01 -0.1237513E-05  0.1567855E+00 -0.2558140E-05
  0.1171931666667E+04  0.1281364E+01  0.1413126E-04 -0.4099400E-01 -0.1230359E-05  0.1567708E+00 -0.2541674E-05
  0.1177765000000E+04  0.1281446E+01  0.1405252E-04 -0.4100113E-01 -0.1223242E-05  0.1567561E+00 -0.2525308E-05
  0.1183631666667E+04  0.1281528E+01  0.1397420E-04 -0.4100827E-01 -0.1216164E-05  0.1567413E+00 -0.2509041E-05
  0.1189565000000E+04  0.1281610E+01  0.1381822E-04 -0.4101540E-01 -0.1202330E-05  0.1567266E+00 -0.2478868E-05
  0.1195531666667E+04  0.1281693E+01  0.1381903E-04 -0.4102258E-01 -0.1202108E-05  0.1567119E+00 -0.2476821E-05
  0.1201531666667E+04  0.1281775E+01  0.1374152E-04 -0.4102975E-01 -0.1195075E-05  0.1566971E+00 -0.2460745E-05
  0.1207565000000E+04  0.1281858E+01  0.1366443E-04 -0.4103691E-01 -0.1188111E-05  0.1566823E+00 -0.2444785E-05
  0.1213631666667E+04  0.1281940E+01  0.1358776E-04 -0.4104408E-01 -0.1181186E-05  0.1566676E+00 -0.2428927E-05
  0.1219731666667E+04  0.1282023E+01  0.1351152E-04 -0.4105124E-01 -0.1174300E-05  0.1566529E+00 -0.2413169E-05
  0.1225865000000E+04  0.1282105E+01  0.1343570E-04 -0.4105840E-01 -0.1167452E-05  0.1566382E+00 -0.2397512E-05
  0.1232031666667E+04  0.1282187E+01  0.1336030E-04 -0.4106556E-01 -0.1160644E-05  0.1566235E+00 -0.2381955E-05
  0.1238231666667E+04  0.1282270E+01  0.1328533E-04 -0.4107271E-01 -0.1153874E-05  0.1566088E+00 -0.2366498E-05
  0.1244465000000E+04  0.1282352E+01  0.1321079E-04 -0.4107987E-01 -0.1147144E-05  0.1565942E+00 -0.2351142E-05
  0.1250731666667E+04  0.1282434E+01  0.1313667E-04 -0.4108701E-01 -0.1140452E-05  0.1565795E+00 -0.2335886E-05
  0.1257031666667E+04  0.1282517E+01  0.1306297E-04 -0.4109415E-01 -0.1133799E-05  0.1565649E+00 -0.2320729E-05
  0.1263365000000E+04  0.1282599E+01  0.1298970E-04 -0.4110129E-01 -0.1127184E-05  0.1565503E+00 -0.2305671E-05
  0.1269731666667E+04  0.1282681E+01  0.1291685E-04 -0.4110843E-01 -0.1120609E-05  0.1565357E+00 -0.2290713E-05
  0.1276165000000E+04  0.1282763E+01  0.1277787E-04 -0.4111556E-01 -0.1108299E-05  0.1565212E+00 -0.2264061E-05
  0.1282631666667E+04  0.1282846E+01  0.1277258E-04 -0.4112272E-01 -0.1107561E-05  0.1565065E+00 -0.2261101E-05
  0.1289131666667E+04  0.1282929E+01  0.1270064E-04 -0.4112988E-01 -0.1101044E-05  0.1564919E+00 -0.2246350E-05
  0.1295665000000E+04  0.1283011E+01  0.1262910E-04 -0.4113703E-01 -0.1094590E-05  0.1564774E+00 -0.2231710E-05
  0.1302231666667E+04  0.1283094E+01  0.1255800E-04 -0.4114417E-01 -0.1088176E-05  0.1564628E+00 -0.2217170E-05
  0.1308831666667E+04  0.1283176E+01  0.1248732E-04 -0.4115131E-01 -0.1081801E-05  0.1564483E+00 -0.2202729E-05
  0.1315465000000E+04  0.1283258E+01  0.1241707E-04 -0.4115845E-01 -0.1075464E-05  0.1564337E+00 -0.2188387E-05
  0.1322165000000E+04  0.1283341E+01  0.1228582E-04 -0.4116558E-01 -0.1063847E-05  0.1564192E+00 -0.2163326E-05
  0.1328898333333E+04  0.1283423E+01  0.1227799E-04 -0.4117273E-01 -0.1062895E-05  0.1564047E+00 -0.2160004E-05
  0.1335665000000E+04  0.1283506E+01  0.1220867E-04 -0.4117988E-01 -0.1056621E-05  0.1563902E+00 -0.2145874E-05
  0.1342465000000E+04  0.1283589E+01  0.1213977E-04 -0.4118703E-01 -0.1050409E-05  0.1563757E+00 -0.2131854E-05
  0.1349298333333E+04  0.1283671E+01  0.1207130E-04 -0.4119416E-01 -0.1044236E-05  0.1563612E+00 -0.2117933E-05
  0.1356198333333E+04  0.1283753E+01  0.1194527E-04 -0.4120129E-01 -0.1033087E-05  0.1563468E+00 -0.2093945E-05
  0.1363131666667E+04  0.1283836E+01  0.1193576E-04 -0.4120844E-01 -0.1031995E-05  0.1563323E+00 -0.2090389E-05
  0.1370098333333E+04  0.1283919E+01  0.1186825E-04 -0.4121559E-01 -0.1025888E-05  0.1563178E+00 -0.2076683E-05
  0.1377098333333E+04  0.1284001E+01  0.1180116E-04 -0.4122273E-01 -0.1019841E-05  0.1563034E+00 -0.2063087E-05
  0.1384131666667E+04  0.1284084E+01  0.1173449E-04 -0.4122986E-01 -0.1013833E-05  0.1562889E+00 -0.2049588E-05
  0.1391231666667E+04  0.1284166E+01  0.1161346E-04 -0.4123698E-01 -0.1003132E-05  0.1562746E+00 -0.2026627E-05
  0.1398365000000E+04  0.1284249E+01  0.1160254E-04 -0.4124413E-01 -0.1001921E-05  0.1562601E+00 -0.2022885E-05
  0.1405531666667E+04  0.1284332E+01  0.1153684E-04 -0.4125127E-01 -0.9959820E-06  0.1562457E+00 -0.2009605E-05
  0.1412765000000E+04  0.1284415E+01  0.1141870E-04 -0.4125840E-01 -0.9855385E-06  0.1562313E+00 -0.1987231E-05
  0.1420031666667E+04  0.1284497E+01  0.1140681E-04 -0.4126555E-01 -0.9842471E-06  0.1562169E+00 -0.1983357E-05
  0.1427331666667E+04  0.1284580E+01  0.1134209E-04 -0.4127269E-01 -0.9783978E-06  0.1562026E+00 -0.1970307E-05
  0.1434665000000E+04  0.1284663E+01  0.1127779E-04 -0.4127982E-01 -0.9726064E-06  0.1561882E+00 -0.1957363E-05
  0.1442065000000E+04  0.1284745E+01  0.1116340E-04 -0.4128695E-01 -0.9624983E-06  0.1561739E+00 -0.1935757E-05
  0.1449498333333E+04  0.1284828E+01  0.1115055E-04 -0.4129409E-01 -0.9611273E-06  0.1561595E+00 -0.1931766E-05
  0.1456965000000E+04  0.1284911E+01  0.1108724E-04 -0.4130122E-01 -0.9554076E-06  0.1561452E+00 -0.1919044E-05
  0.1464498333333E+04  0.1284994E+01  0.1097557E-04 -0.4130835E-01 -0.9455421E-06  0.1561309E+00 -0.1897992E-05
  0.1472065000000E+04  0.1285077E+01  0.1096197E-04 -0.4131549E-01 -0.9441081E-06  0.1561166E+00 -0.1893907E-05
  0.1479665000000E+04  0.1285160E+01  0.1089966E-04 -0.4132262E-01 -0.9384796E-06  0.1561023E+00 -0.1881417E-05
  0.1487331666667E+04  0.1285242E+01  0.1079063E-04 -0.4132974E-01 -0.9288507E-06  0.1560880E+00 -0.1860906E-05
  0.1495031666667E+04  0.1285325E+01  0.1077636E-04 -0.4133689E-01 -0.9273607E-06  0.1560737E+00 -0.1856741E-05
  0.1502765000000E+04  0.1285408E+01  0.1071504E-04 -0.4134401E-01 -0.9218237E-06  0.1560594E+00 -0.1844484E-05
  0.1510565000000E+04  0.1285491E+01  0.1060861E-04 -0.4135113E-01 -0.9124255E-06  0.1560452E+00 -0.1824499E-05
  0.1518398333333E+04  0.1285574E+01  0.1059374E-04 -0.4135827E-01 -0.9108860E-06  0.1560309E+00 -0.1820270E-05
  0.1526298333333E+04  0.1285657E+01  0.1048898E-04 -0.4136539E-01 -0.9016201E-06  0.1560167E+00 -0.1800615E-05
  0.1534231666667E+04  0.1285740E+01  0.1047360E-04 -0.4137253E-01 -0.9000380E-06  0.1560025E+00 -0.1796322E-05
  0.1542198333333E+04  0.1285823E+01  0.1041388E-04 -0.4137966E-01 -0.8946464E-06  0.1559882E+00 -0.1784435E-05
  0.1550231666667E+04  0.1285906E+01  0.1031161E-04 -0.4138677E-01 -0.8856183E-06  0.1559741E+00 -0.1765295E-05
  0.1558298333333E+04  0.1285989E+01  0.1029575E-04 -0.4139390E-01 -0.8839969E-06  0.1559599E+00 -0.1760959E-05
  0.1566431666667E+04  0.1286072E+01  0.1019508E-04 -0.4140102E-01 -0.8750961E-06  0.1559457E+00 -0.1742136E-05
  0.1574598333333E+04  0.1286155E+01  0.1017880E-04 -0.4140815E-01 -0.8734395E-06  0.1559315E+00 -0.1737751E-05
  0.1582831666667E+04  0.1286238E+01  0.1007972E-04 -0.4141527E-01 -0.8646792E-06  0.1559173E+00 -0.1719248E-05
  0.1591098333333E+04  0.1286321E+01  0.1006305E-04 -0.4142241E-01 -0.8629903E-06  0.1559032E+00 -0.1714822E-05
  0.1599431666667E+04  0.1286404E+01  0.9965517E-05 -0.4142953E-01 -0.8543684E-06  0.1558890E+00 -0.1696634E-05
  0.1607798333333E+04  0.1286487E+01  0.9948492E-05 -0.4143666E-01 -0.8526498E-06  0.1558749E+00 -0.1692171E-05
  0.1616231666667E+04  0.1286570E+01  0.9852492E-05 -0.4144378E-01 -0.8441641E-06  0.1558608E+00 -0.1674294E-05
  0.1624698333333E+04  0.1286654E+01  0.9835144E-05 -0.4145091E-01 -0.8424187E-06  0.1558466E+00 -0.1669801E-05
  0.1633231666667E+04  0.1286737E+01  0.9740651E-05 -0.4145803E-01 -0.8340669E-06  0.1558325E+00 -0.1652229E-05
  0.1641798333333E+04  0.1286820E+01  0.9723009E-05 -0.4146516E-01 -0.8322970E-06  0.1558184E+00 -0.1647712E-05
  0.1650431666667E+04  0.1286903E+01  0.9630000E-05 -0.4147227E-01 -0.8240771E-06  0.1558043E+00 -0.1630441E-05
  0.1659098333333E+04  0.1286986E+01  0.9612093E-05 -0.4147940E-01 -0.8222852E-06  0.1557902E+00 -0.1625904E-05
  0.1667831666667E+04  0.1287070E+01  0.9520545E-05 -0.4148651E-01 -0.8141951E-06  0.1557762E+00 -0.1608929E-05
  0.1676631666667E+04  0.1287153E+01  0.9466405E-05 -0.4149363E-01 -0.8093062E-06  0.1557621E+00 -0.1598300E-05
  0.1685465000000E+04  0.1287236E+01  0.9447985E-05 -0.4150076E-01 -0.8074580E-06  0.1557480E+00 -0.1593705E-05
  0.1694365000000E+04  0.1287320E+01  0.9358553E-05 -0.4150788E-01 -0.7995554E-06  0.1557340E+00 -0.1577158E-05
  0.1703298333333E+04  0.1287403E+01  0.9339928E-05 -0.4151501E-01 -0.7977034E-06  0.1557200E+00 -0.1572562E-05
  0.1712298333333E+04  0.1287486E+01  0.9251905E-05 -0.4152212E-01 -0.7899256E-06  0.1557059E+00 -0.1556300E-05
  0.1721331666667E+04  0.1287570E+01  0.9233107E-05 -0.4152923E-01 -0.7880594E-06  0.1556919E+00 -0.1551701E-05
  0.1730431666667E+04  0.1287653E+01  0.9146472E-05 -0.4153634E-01 -0.7804045E-06  0.1556780E+00 -0.1535720E-05
  0.1739565000000E+04  0.1287736E+01  0.9127524E-05 -0.4154345E-01 -0.7785259E-06  0.1556640E+00 -0.1531122E-05
  0.1748765000000E+04  0.1287820E+01  0.9042256E-05 -0.4155054E-01 -0.7709918E-06  0.1556500E+00 -0.1515418E-05
  0.1757998333333E+04  0.1287903E+01  0.9023178E-05 -0.4155764E-01 -0.7691026E-06  0.1556361E+00 -0.1510826E-05
  0.1767298333333E+04  0.1287986E+01  0.8939254E-05 -0.4156473E-01 -0.7616874E-06  0.1556222E+00 -0.1495394E-05
  0.1776631666667E+04  0.1288069E+01  0.8920066E-05 -0.4157182E-01 -0.7597891E-06  0.1556083E+00 -0.1490809E-05
  0.1786031666667E+04  0.1288152E+01  0.8837466E-05 -0.4157889E-01 -0.7524908E-06  0.1555944E+00 -0.1475645E-05
  0.1795465000000E+04  0.1288236E+01  0.8818186E-05 -0.4158597E-01 -0.7505850E-06  0.1555805E+00 -0.1471072E-05
  0.1804965000000E+04  0.1288319E+01  0.8736889E-05 -0.4159303E-01 -0.7434017E-06  0.1555667E+00 -0.1456171E-05
  0.1814498333333E+04  0.1288402E+01  0.8717534E-05 -0.4160010E-01 -0.7414899E-06  0.1555528E+00 -0.1451613E-05
  0.1824098333333E+04  0.1288485E+01  0.8637520E-05 -0.4160715E-01 -0.7344196E-06  0.1555390E+00 -0.1436972E-05
  0.1833731666667E+04  0.1288568E+01  0.8618108E-05 -0.4161421E-01 -0.7325031E-06  0.1555252E+00 -0.1432430E-05
  0.1843431666667E+04  0.1288650E+01  0.8539355E-05 -0.4162125E-01 -0.7255440E-06  0.1555115E+00 -0.1418044E-05
  0.1853198333333E+04  0.1288733E+01  0.8490822E-05 -0.4162829E-01 -0.7211544E-06  0.1554977E+00 -0.1408698E-05
  0.1862998333333E+04  0.1288816E+01  0.8471228E-05 -0.4163534E-01 -0.7192122E-06  0.1554840E+00 -0.1404159E-05
  0.1872865000000E+04  0.1288899E+01  0.8394297E-05 -0.4164237E-01 -0.7124133E-06  0.1554703E+00 -0.1390140E-05
  0.1882765000000E+04  0.1288982E+01  0.8374677E-05 -0.4164940E-01 -0.7104793E-06  0.1554565E+00 -0.1385629E-05
  0.1892731666667E+04  0.1289065E+01  0.8298961E-05 -0.4165642E-01 -0.7037874E-06  0.1554429E+00 -0.1371855E-05
  0.1902765000000E+04  0.1289148E+01  0.8251832E-05 -0.4166343E-01 -0.6995215E-06  0.1554292E+00 -0.1362829E-05
  0.1912831666667E+04  0.1289230E+01  0.8232097E-05 -0.4167046E-01 -0.6975681E-06  0.1554155E+00 -0.1358332E-05
  0.1922965000000E+04  0.1289313E+01  0.8158133E-05 -0.4167746E-01 -0.6910300E-06  0.1554019E+00 -0.1344911E-05
  0.1933165000000E+04  0.1289396E+01  0.8111813E-05 -0.4168446E-01 -0.6868351E-06  0.1553883E+00 -0.1336068E-05
  0.1943398333333E+04  0.1289479E+01  0.8091991E-05 -0.4169147E-01 -0.6848746E-06  0.1553746E+00 -0.1331596E-05
  0.1953698333333E+04  0.1289561E+01  0.8019742E-05 -0.4169846E-01 -0.6784868E-06  0.1553611E+00 -0.1318519E-05
  0.1964065000000E+04  0.1289644E+01  0.7974229E-05 -0.4170545E-01 -0.6743627E-06  0.1553475E+00 -0.1309859E-05
  0.1974465000000E+04  0.1289727E+01  0.7954357E-05 -0.4171245E-01 -0.6723981E-06  0.1553339E+00 -0.1305418E-05
  0.1984931666667E+04  0.1289809E+01  0.7883782E-05 -0.4171942E-01 -0.6661570E-06  0.1553204E+00 -0.1292677E-05
  0.1995465000000E+04  0.1289892E+01  0.7839075E-05 -0.4172639E-01 -0.6621035E-06  0.1553068E+00 -0.1284200E-05
  0.2006031666667E+04  0.1289974E+01  0.7819185E-05 -0.4173337E-01 -0.6601373E-06  0.1552933E+00 -0.1279794E-05
  0.2016665000000E+04  0.1290057E+01  0.7750247E-05 -0.4174032E-01 -0.6540395E-06  0.1552798E+00 -0.1267382E-05
  0.2027365000000E+04  0.1290139E+01  0.7706342E-05 -0.4174728E-01 -0.6500560E-06  0.1552664E+00 -0.1259085E-05
  0.2038131666667E+04  0.1290222E+01  0.7662666E-05 -0.4175423E-01 -0.6460844E-06  0.1552529E+00 -0.1250835E-05
  0.2048965000000E+04  0.1290304E+01  0.7619211E-05 -0.4176119E-01 -0.6421320E-06  0.1552394E+00 -0.1242636E-05
  0.2059831666667E+04  0.1290387E+01  0.7599216E-05 -0.4176815E-01 -0.6401567E-06  0.1552260E+00 -0.1238275E-05
  0.2070765000000E+04  0.1290469E+01  0.7532884E-05 -0.4177508E-01 -0.6342865E-06  0.1552126E+00 -0.1226385E-05
  0.2081765000000E+04  0.1290552E+01  0.7490221E-05 -0.4178202E-01 -0.6304111E-06  0.1551992E+00 -0.1218369E-05
  0.2092831666667E+04  0.1290634E+01  0.7447787E-05 -0.4178895E-01 -0.6265481E-06  0.1551858E+00 -0.1210400E-05
  0.2103965000000E+04  0.1290716E+01  0.7405576E-05 -0.4179588E-01 -0.6227044E-06  0.1551724E+00 -0.1202482E-05
  0.2115165000000E+04  0.1290799E+01  0.7363587E-05 -0.4180281E-01 -0.6188802E-06  0.1551590E+00 -0.1194615E-05
  0.2126398333333E+04  0.1290881E+01  0.7343549E-05 -0.4180974E-01 -0.6169005E-06  0.1551456E+00 -0.1190321E-05
  0.2137698333333E+04  0.1290964E+01  0.7280208E-05 -0.4181665E-01 -0.6112913E-06  0.1551323E+00 -0.1179028E-05
  0.2149065000000E+04  0.1291046E+01  0.7239008E-05 -0.4182356E-01 -0.6075428E-06  0.1551190E+00 -0.1171341E-05
  0.2160498333333E+04  0.1291128E+01  0.7198037E-05 -0.4183046E-01 -0.6038072E-06  0.1551057E+00 -0.1163701E-05
  0.2171998333333E+04  0.1291211E+01  0.7157289E-05 -0.4183736E-01 -0.6000911E-06  0.1550924E+00 -0.1156111E-05
  0.2183565000000E+04  0.1291293E+01  0.7116765E-05 -0.4184426E-01 -0.5963943E-06  0.1550791E+00 -0.1148572E-05
  0.2195198333333E+04  0.1291375E+01  0.7076463E-05 -0.4185116E-01 -0.5927169E-06  0.1550658E+00 -0.1141084E-05
  0.2206898333333E+04  0.1291458E+01  0.7036385E-05 -0.4185805E-01 -0.5890589E-06  0.1550526E+00 -0.1133646E-05
  0.2218665000000E+04  0.1291540E+01  0.6996531E-05 -0.4186494E-01 -0.5854203E-06  0.1550393E+00 -0.1126258E-05
  0.2230498333333E+04  0.1291622E+01  0.6956901E-05 -0.4187182E-01 -0.5818012E-06  0.1550261E+00 -0.1118921E-05
  0.2242398333333E+04  0.1291705E+01  0.6917495E-05 -0.4187870E-01 -0.5782015E-06  0.1550129E+00 -0.1111634E-05
  0.2254365000000E+04  0.1291787E+01  0.6878313E-05 -0.4188558E-01 -0.5746212E-06  0.1549996E+00 -0.1104397E-05
  0.2266398333333E+04  0.1291869E+01  0.6839355E-05 -0.4189245E-01 -0.5710604E-06  0.1549864E+00 -0.1097210E-05
  0.2278498333333E+04  0.1291951E+01  0.6800622E-05 -0.4189932E-01 -0.5675190E-06  0.1549732E+00 -0.1090073E-05
  0.2290665000000E+04  0.1292034E+01  0.6762112E-05 -0.4190618E-01 -0.5639971E-06  0.1549601E+00 -0.1082986E-05
  0.2302898333333E+04  0.1292116E+01  0.6723827E-05 -0.4191303E-01 -0.5604946E-06  0.1549469E+00 -0.1075949E-05
  0.2315198333333E+04  0.1292198E+01  0.6685766E-05 -0.4191989E-01 -0.5570115E-06  0.1549338E+00 -0.1068962E-05
  0.2327565000000E+04  0.1292280E+01  0.6647928E-05 -0.4192673E-01 -0.5535478E-06  0.1549206E+00 -0.1062023E-05
  0.2339998333333E+04  0.1292363E+01  0.6610314E-05 -0.4193357E-01 -0.5501034E-06  0.1549075E+00 -0.1055135E-05
  0.2352531666667E+04  0.1292445E+01  0.6555442E-05 -0.4194040E-01 -0.5452245E-06  0.1548944E+00 -0.1045507E-05
  0.2365131666667E+04  0.1292527E+01  0.6535804E-05 -0.4194725E-01 -0.5432712E-06  0.1548813E+00 -0.1041508E-05
  0.2377798333333E+04  0.1292609E+01  0.6498766E-05 -0.4195409E-01 -0.5398714E-06  0.1548682E+00 -0.1034746E-05
  0.2390531666667E+04  0.1292692E+01  0.6461945E-05 -0.4196092E-01 -0.5364957E-06  0.1548551E+00 -0.1028036E-05
  0.2403331666667E+04  0.1292774E+01  0.6425348E-05 -0.4196774E-01 -0.5331394E-06  0.1548420E+00 -0.1021374E-05
  0.2416198333333E+04  0.1292856E+01  0.6388975E-05 -0.4197456E-01 -0.5298025E-06  0.1548290E+00 -0.1014761E-05
  0.2429165000000E+04  0.1292938E+01  0.6336493E-05 -0.4198137E-01 -0.5251315E-06  0.1548159E+00 -0.1005605E-05
  0.2442198333333E+04  0.1293021E+01  0.6316940E-05 -0.4198819E-01 -0.5231852E-06  0.1548029E+00 -0.1001683E-05
  0.2455298333333E+04  0.1293103E+01  0.6281148E-05 -0.4199500E-01 -0.5198938E-06  0.1547898E+00 -0.9951967E-06
  0.2468465000000E+04  0.1293185E+01  0.6245573E-05 -0.4200180E-01 -0.5166260E-06  0.1547768E+00 -0.9887604E-06
  0.2481731666667E+04  0.1293267E+01  0.6194616E-05 -0.4200859E-01 -0.5120878E-06  0.1547638E+00 -0.9799040E-06
  0.2495065000000E+04  0.1293350E+01  0.6175129E-05 -0.4201540E-01 -0.5101470E-06  0.1547508E+00 -0.9760341E-06
  0.2508465000000E+04  0.1293432E+01  0.6140138E-05 -0.4202219E-01 -0.5069254E-06  0.1547378E+00 -0.9697235E-06
  0.2521965000000E+04  0.1293514E+01  0.6090287E-05 -0.4202897E-01 -0.5024834E-06  0.1547248E+00 -0.9610837E-06
  0.2535531666667E+04  0.1293597E+01  0.6070846E-05 -0.4203576E-01 -0.5005466E-06  0.1547118E+00 -0.9572512E-06
  0.2549165000000E+04  0.1293679E+01  0.6036435E-05 -0.4204254E-01 -0.4973756E-06  0.1546989E+00 -0.9510678E-06
  0.2562898333333E+04  0.1293761E+01  0.5987670E-05 -0.4204932E-01 -0.4930281E-06  0.1546859E+00 -0.9426402E-06
  0.2576698333333E+04  0.1293843E+01  0.5968299E-05 -0.4205609E-01 -0.4910976E-06  0.1546730E+00 -0.9388484E-06
  0.2590598333333E+04  0.1293926E+01  0.5920236E-05 -0.4206286E-01 -0.4868072E-06  0.1546600E+00 -0.9305547E-06
  0.2604565000000E+04  0.1294008E+01  0.5900885E-05 -0.4206963E-01 -0.4848785E-06  0.1546471E+00 -0.9267851E-06
  0.2618598333333E+04  0.1294090E+01  0.5867415E-05 -0.4207639E-01 -0.4817899E-06  0.1546342E+00 -0.9208075E-06
  0.2632731666667E+04  0.1294173E+01  0.5820400E-05 -0.4208314E-01 -0.4775950E-06  0.1546213E+00 -0.9127206E-06
  0.2646931666667E+04  0.1294255E+01  0.5801156E-05 -0.4208990E-01 -0.4756761E-06  0.1546084E+00 -0.9089968E-06
  0.2661231666667E+04  0.1294337E+01  0.5754823E-05 -0.4209664E-01 -0.4715369E-06  0.1545955E+00 -0.9010393E-06
  0.2675598333333E+04  0.1294420E+01  0.5735624E-05 -0.4210339E-01 -0.4696222E-06  0.1545826E+00 -0.8973413E-06
  0.2690065000000E+04  0.1294502E+01  0.5689958E-05 -0.4211012E-01 -0.4655415E-06  0.1545697E+00 -0.8895131E-06
  0.2704598333333E+04  0.1294585E+01  0.5670815E-05 -0.4211686E-01 -0.4636320E-06  0.1545568E+00 -0.8858421E-06
  0.2719231666667E+04  0.1294667E+01  0.5625808E-05 -0.4212359E-01 -0.4596092E-06  0.1545440E+00 -0.8781416E-06
  0.2733965000000E+04  0.1294749E+01  0.5594045E-05 -0.4213031E-01 -0.4566703E-06  0.1545311E+00 -0.8725204E-06
  0.2748765000000E+04  0.1294832E+01  0.5574957E-05 -0.4213704E-01 -0.4547630E-06  0.1545183E+00 -0.8688821E-06
  0.2763665000000E+04  0.1294914E+01  0.5530902E-05 -0.4214376E-01 -0.4508237E-06  0.1545054E+00 -0.8613655E-06
  0.2778631666667E+04  0.1294997E+01  0.5511888E-05 -0.4215048E-01 -0.4489268E-06  0.1544926E+00 -0.8577591E-06
  0.2793698333333E+04  0.1295079E+01  0.5468475E-05 -0.4215719E-01 -0.4450441E-06  0.1544798E+00 -0.8503660E-06
  0.2808865000000E+04  0.1295162E+01  0.5437570E-05 -0.4216389E-01 -0.4421815E-06  0.1544670E+00 -0.8449298E-06
  0.2824098333333E+04  0.1295244E+01  0.5418648E-05 -0.4217060E-01 -0.4402906E-06  0.1544542E+00 -0.8413611E-06
  0.2839431666667E+04  0.1295327E+01  0.5376160E-05 -0.4217729E-01 -0.4364894E-06  0.1544414E+00 -0.8341458E-06
  0.2854865000000E+04  0.1295409E+01  0.5345760E-05 -0.4218399E-01 -0.4336720E-06  0.1544286E+00 -0.8288176E-06
  0.2870398333333E+04  0.1295492E+01  0.5315512E-05 -0.4219068E-01 -0.4308652E-06  0.1544158E+00 -0.8235198E-06
  0.2885998333333E+04  0.1295574E+01  0.5296705E-05 -0.4219737E-01 -0.4289863E-06  0.1544030E+00 -0.8200026E-06
  0.2901698333333E+04  0.1295657E+01  0.5255413E-05 -0.4220405E-01 -0.4252910E-06  0.1543902E+00 -0.8130166E-06
  0.2917498333333E+04  0.1295739E+01  0.5225668E-05 -0.4221072E-01 -0.4225325E-06  0.1543775E+00 -0.8078278E-06
  0.2933398333333E+04  0.1295822E+01  0.5196076E-05 -0.4221740E-01 -0.4197851E-06  0.1543647E+00 -0.8026697E-06
  0.2949398333333E+04  0.1295905E+01  0.5166634E-05 -0.4222407E-01 -0.4170511E-06  0.1543519E+00 -0.7975436E-06
  0.2965498333333E+04  0.1295987E+01  0.5137340E-05 -0.4223074E-01 -0.4143309E-06  0.1543392E+00 -0.7924496E-06
  0.2981665000000E+04  0.1296070E+01  0.5118729E-05 -0.4223741E-01 -0.4124730E-06  0.1543264E+00 -0.7890112E-06
  0.2997931666667E+04  0.1296153E+01  0.5079165E-05 -0.4224406E-01 -0.4089313E-06  0.1543137E+00 -0.7823545E-06
  0.3014298333333E+04  0.1296235E+01  0.5050379E-05 -0.4225071E-01 -0.4062601E-06  0.1543010E+00 -0.7773686E-06
  0.3030765000000E+04  0.1296318E+01  0.5021749E-05 -0.4225736E-01 -0.4036006E-06  0.1542883E+00 -0.7724133E-06
  0.3047331666667E+04  0.1296401E+01  0.4993270E-05 -0.4226400E-01 -0.4009550E-06  0.1542755E+00 -0.7674899E-06
  0.3063998333333E+04  0.1296484E+01  0.4964943E-05 -0.4227064E-01 -0.3983234E-06  0.1542628E+00 -0.7625985E-06
  0.3080765000000E+04  0.1296566E+01  0.4936768E-05 -0.4227727E-01 -0.3957058E-06  0.1542501E+00 -0.7577390E-06
  0.3097631666667E+04  0.1296649E+01  0.4908745E-05 -0.4228390E-01 -0.3931024E-06  0.1542374E+00 -0.7529115E-06
  0.3114598333333E+04  0.1296732E+01  0.4880874E-05 -0.4229053E-01 -0.3905133E-06  0.1542247E+00 -0.7481158E-06
  0.3131665000000E+04  0.1296815E+01  0.4853157E-05 -0.4229715E-01 -0.3879384E-06  0.1542121E+00 -0.7433520E-06
  0.3148831666667E+04  0.1296898E+01  0.4825593E-05 -0.4230377E-01 -0.3853778E-06  0.1541994E+00 -0.7386200E-06
  0.3166098333333E+04  0.1296980E+01  0.4798183E-05 -0.4231038E-01 -0.3828316E-06  0.1541867E+00 -0.7339198E-06
  0.3183498333333E+04  0.1297063E+01  0.4761787E-05 -0.4231698E-01 -0.3795713E-06  0.1541740E+00 -0.7278543E-06
  0.3200998333333E+04  0.1297146E+01  0.4743854E-05 -0.4232359E-01 -0.3777825E-06  0.1541614E+00 -0.7246171E-06
  0.3218598333333E+04  0.1297229E+01  0.4716858E-05 -0.4233020E-01 -0.3752733E-06  0.1541487E+00 -0.7200021E-06
  0.3236298333333E+04  0.1297312E+01  0.4690012E-05 -0.4233679E-01 -0.3727805E-06  0.1541360E+00 -0.7154199E-06
  0.3254098333333E+04  0.1297395E+01  0.4663322E-05 -0.4234339E-01 -0.3703023E-06  0.1541234E+00 -0.7108695E-06
  0.3272031666667E+04  0.1297478E+01  0.4628169E-05 -0.4234997E-01 -0.3671553E-06  0.1541107E+00 -0.7050378E-06
  0.3290065000000E+04  0.1297561E+01  0.4610435E-05 -0.4235656E-01 -0.3653903E-06  0.1540981E+00 -0.7018656E-06
  0.3308198333333E+04  0.1297645E+01  0.4584166E-05 -0.4236314E-01 -0.3629505E-06  0.1540854E+00 -0.6974006E-06
  0.3326431666667E+04  0.1297728E+01  0.4558049E-05 -0.4236971E-01 -0.3605272E-06  0.1540728E+00 -0.6929682E-06
  0.3344798333333E+04  0.1297811E+01  0.4523863E-05 -0.4237628E-01 -0.3574689E-06  0.1540602E+00 -0.6873176E-06
  0.3363265000000E+04  0.1297894E+01  0.4506309E-05 -0.4238285E-01 -0.3557254E-06  0.1540475E+00 -0.6841997E-06
  0.3381831666667E+04  0.1297977E+01  0.4480617E-05 -0.4238941E-01 -0.3533413E-06  0.1540349E+00 -0.6798527E-06
  0.3400531666667E+04  0.1298060E+01  0.4447137E-05 -0.4239596E-01 -0.3503482E-06  0.1540223E+00 -0.6743338E-06
  0.3419331666667E+04  0.1298144E+01  0.4429719E-05 -0.4240251E-01 -0.3486213E-06  0.1540097E+00 -0.6712562E-06
  0.3438265000000E+04  0.1298227E+01  0.4396698E-05 -0.4240906E-01 -0.3456689E-06  0.1539971E+00 -0.6658212E-06
  0.3457298333333E+04  0.1298310E+01  0.4379361E-05 -0.4241561E-01 -0.3439522E-06  0.1539845E+00 -0.6627684E-06
  0.3476465000000E+04  0.1298394E+01  0.4346790E-05 -0.4242214E-01 -0.3410418E-06  0.1539719E+00 -0.6574173E-06
  0.3495731666667E+04  0.1298477E+01  0.4329540E-05 -0.4242868E-01 -0.3393361E-06  0.1539592E+00 -0.6543902E-06
  0.3515131666667E+04  0.1298560E+01  0.4297416E-05 -0.4243521E-01 -0.3364675E-06  0.1539466E+00 -0.6491221E-06
  0.3534631666667E+04  0.1298644E+01  0.4280260E-05 -0.4244174E-01 -0.3347736E-06  0.1539340E+00 -0.6461217E-06
  0.3554265000000E+04  0.1298727E+01  0.4248581E-05 -0.4244825E-01 -0.3319466E-06  0.1539215E+00 -0.6409357E-06
  0.3573998333333E+04  0.1298811E+01  0.4231525E-05 -0.4245477E-01 -0.3302651E-06  0.1539089E+00 -0.6379628E-06
  0.3593865000000E+04  0.1298894E+01  0.4200285E-05 -0.4246128E-01 -0.3274794E-06  0.1538963E+00 -0.6328581E-06
  0.3613865000000E+04  0.1298978E+01  0.4176364E-05 -0.4246778E-01 -0.3252680E-06  0.1538837E+00 -0.6288634E-06
  0.3633965000000E+04  0.1299061E+01  0.4159448E-05 -0.4247429E-01 -0.3236029E-06  0.1538711E+00 -0.6259280E-06
  0.3654198333333E+04  0.1299145E+01  0.4128846E-05 -0.4248078E-01 -0.3208775E-06  0.1538586E+00 -0.6209410E-06
  0.3674565000000E+04  0.1299228E+01  0.4105312E-05 -0.4248727E-01 -0.3187051E-06  0.1538460E+00 -0.6170241E-06
  0.3695065000000E+04  0.1299312E+01  0.4081898E-05 -0.4249376E-01 -0.3165436E-06  0.1538334E+00 -0.6131303E-06
  0.3715665000000E+04  0.1299396E+01  0.4065169E-05 -0.4250025E-01 -0.3149028E-06  0.1538209E+00 -0.6102462E-06
  0.3736398333333E+04  0.1299480E+01  0.4035396E-05 -0.4250672E-01 -0.3122563E-06  0.1538083E+00 -0.6054116E-06
  0.3757265000000E+04  0.1299563E+01  0.4012369E-05 -0.4251319E-01 -0.3101356E-06  0.1537958E+00 -0.6015963E-06
  0.3778265000000E+04  0.1299647E+01  0.3989466E-05 -0.4251966E-01 -0.3080261E-06  0.1537832E+00 -0.5978041E-06
  0.3799398333333E+04  0.1299731E+01  0.3966681E-05 -0.4252613E-01 -0.3059289E-06  0.1537707E+00 -0.5940358E-06
  0.3820665000000E+04  0.1299815E+01  0.3944015E-05 -0.4253259E-01 -0.3038441E-06  0.1537581E+00 -0.5902914E-06
  0.3842065000000E+04  0.1299899E+01  0.3921469E-05 -0.4253904E-01 -0.3017717E-06  0.1537456E+00 -0.5865709E-06
  0.3863598333333E+04  0.1299983E+01  0.3899044E-05 -0.4254550E-01 -0.2997118E-06  0.1537330E+00 -0.5828744E-06
  0.3885265000000E+04  0.1300067E+01  0.3876740E-05 -0.4255195E-01 -0.2976645E-06  0.1537205E+00 -0.5792018E-06
  0.3907065000000E+04  0.1300151E+01  0.3854557E-05 -0.4255839E-01 -0.2956298E-06  0.1537079E+00 -0.5755532E-06
  0.3928998333333E+04  0.1300235E+01  0.3832496E-05 -0.4256483E-01 -0.2936078E-06  0.1536954E+00 -0.5719285E-06
  0.3951065000000E+04  0.1300319E+01  0.3810556E-05 -0.4257127E-01 -0.2915985E-06  0.1536828E+00 -0.5683278E-06
  0.3973265000000E+04  0.1300403E+01  0.3788739E-05 -0.4257770E-01 -0.2896020E-06  0.1536703E+00 -0.5647510E-06
  0.3995598333333E+04  0.1300487E+01  0.3767045E-05 -0.4258412E-01 -0.2876182E-06  0.1536578E+00 -0.5611982E-06
  0.4018065000000E+04  0.1300571E+01  0.3745473E-05 -0.4259054E-01 -0.2856473E-06  0.1536452E+00 -0.5576693E-06
  0.4040698333333E+04  0.1300655E+01  0.3718539E-05 -0.4259695E-01 -0.2832714E-06  0.1536327E+00 -0.5533482E-06
  0.4063465000000E+04  0.1300740E+01  0.3702718E-05 -0.4260336E-01 -0.2817442E-06  0.1536202E+00 -0.5506848E-06
  0.4086365000000E+04  0.1300824E+01  0.3681487E-05 -0.4260977E-01 -0.2798082E-06  0.1536076E+00 -0.5472218E-06
  0.4109398333333E+04  0.1300908E+01  0.3660376E-05 -0.4261617E-01 -0.2778861E-06  0.1535951E+00 -0.5437833E-06
  0.4132598333333E+04  0.1300993E+01  0.3634161E-05 -0.4262256E-01 -0.2755805E-06  0.1535826E+00 -0.5395921E-06
  0.4155931666667E+04  0.1301077E+01  0.3618546E-05 -0.4262896E-01 -0.2740810E-06  0.1535701E+00 -0.5369791E-06
  0.4179398333333E+04  0.1301161E+01  0.3597781E-05 -0.4263535E-01 -0.2721945E-06  0.1535575E+00 -0.5336065E-06
  0.4203031666667E+04  0.1301246E+01  0.3572092E-05 -0.4264173E-01 -0.2699405E-06  0.1535450E+00 -0.5295103E-06
  0.4226798333333E+04  0.1301330E+01  0.3556635E-05 -0.4264811E-01 -0.2684623E-06  0.1535325E+00 -0.5269350E-06
  0.4250731666667E+04  0.1301415E+01  0.3531290E-05 -0.4265448E-01 -0.2662412E-06  0.1535200E+00 -0.5228997E-06
  0.4274798333333E+04  0.1301500E+01  0.3515933E-05 -0.4266085E-01 -0.2647766E-06  0.1535075E+00 -0.5203483E-06
  0.4299031666667E+04  0.1301584E+01  0.3490926E-05 -0.4266722E-01 -0.2625889E-06  0.1534949E+00 -0.5163737E-06
  0.4323398333333E+04  0.1301669E+01  0.3475673E-05 -0.4267358E-01 -0.2611384E-06  0.1534824E+00 -0.5138469E-06
  0.4347931666667E+04  0.1301753E+01  0.3451003E-05 -0.4267993E-01 -0.2589839E-06  0.1534699E+00 -0.5099325E-06
  0.4372598333333E+04  0.1301838E+01  0.3435860E-05 -0.4268629E-01 -0.2575480E-06  0.1534574E+00 -0.5074307E-06
  0.4397431666667E+04  0.1301923E+01  0.3411522E-05 -0.4269263E-01 -0.2554266E-06  0.1534449E+00 -0.5035759E-06
  0.4422431666667E+04  0.1302008E+01  0.3391964E-05 -0.4269897E-01 -0.2536669E-06  0.1534324E+00 -0.5004316E-06
  0.4447565000000E+04  0.1302093E+01  0.3376980E-05 -0.4270531E-01 -0.2522515E-06  0.1534199E+00 -0.4979653E-06
  0.4472865000000E+04  0.1302177E+01  0.3353129E-05 -0.4271164E-01 -0.2501782E-06  0.1534074E+00 -0.4941970E-06
  0.4498331666667E+04  0.1302262E+01  0.3333891E-05 -0.4271797E-01 -0.2484533E-06  0.1533949E+00 -0.4911137E-06
  0.4523965000000E+04  0.1302347E+01  0.3314756E-05 -0.4272429E-01 -0.2467385E-06  0.1533823E+00 -0.4880490E-06
  0.4549765000000E+04  0.1302432E+01  0.3295720E-05 -0.4273061E-01 -0.2450347E-06  0.1533698E+00 -0.4850032E-06
  0.4575698333333E+04  0.1302517E+01  0.3280996E-05 -0.4273693E-01 -0.2436545E-06  0.1533573E+00 -0.4825959E-06
  0.4601798333333E+04  0.1302602E+01  0.3257931E-05 -0.4274324E-01 -0.2416595E-06  0.1533448E+00 -0.4789670E-06
  0.4628065000000E+04  0.1302688E+01  0.3239217E-05 -0.4274954E-01 -0.2399912E-06  0.1533323E+00 -0.4759825E-06
  0.4654498333333E+04  0.1302773E+01  0.3220607E-05 -0.4275584E-01 -0.2383334E-06  0.1533198E+00 -0.4730166E-06
  0.4681098333333E+04  0.1302858E+01  0.3202097E-05 -0.4276214E-01 -0.2366865E-06  0.1533073E+00 -0.4700696E-06
  0.4707865000000E+04  0.1302943E+01  0.3183689E-05 -0.4276843E-01 -0.2350506E-06  0.1532948E+00 -0.4671416E-06
  0.4734798333333E+04  0.1303028E+01  0.3165382E-05 -0.4277472E-01 -0.2334258E-06  0.1532823E+00 -0.4642325E-06
  0.4761898333333E+04  0.1303114E+01  0.3147177E-05 -0.4278100E-01 -0.2318120E-06  0.1532698E+00 -0.4613423E-06
  0.4789165000000E+04  0.1303199E+01  0.3129073E-05 -0.4278728E-01 -0.2302092E-06  0.1532573E+00 -0.4584709E-06
  0.4816631666667E+04  0.1303284E+01  0.3107296E-05 -0.4279355E-01 -0.2283400E-06  0.1532448E+00 -0.4550656E-06
  0.4844265000000E+04  0.1303370E+01  0.3093187E-05 -0.4279982E-01 -0.2270369E-06  0.1532323E+00 -0.4527862E-06
  0.4872065000000E+04  0.1303455E+01  0.3075370E-05 -0.4280609E-01 -0.2254648E-06  0.1532198E+00 -0.4499676E-06
  0.4900031666667E+04  0.1303541E+01  0.3057654E-05 -0.4281235E-01 -0.2239043E-06  0.1532073E+00 -0.4471682E-06
  0.4928198333333E+04  0.1303626E+01  0.3036444E-05 -0.4281861E-01 -0.2220918E-06  0.1531948E+00 -0.4438616E-06
  0.4956531666667E+04  0.1303712E+01  0.3022545E-05 -0.4282486E-01 -0.2208167E-06  0.1531823E+00 -0.4416268E-06
  0.4985031666667E+04  0.1303798E+01  0.3005119E-05 -0.4283111E-01 -0.2192871E-06  0.1531697E+00 -0.4388801E-06
  0.5013731666667E+04  0.1303883E+01  0.2984325E-05 -0.4283736E-01 -0.2175161E-06  0.1531572E+00 -0.4356458E-06
  0.5042598333333E+04  0.1303969E+01  0.2970586E-05 -0.4284360E-01 -0.2162621E-06  0.1531447E+00 -0.4334444E-06
  0.5071665000000E+04  0.1304055E+01  0.2950064E-05 -0.4284983E-01 -0.2145176E-06  0.1531322E+00 -0.4302566E-06
  0.5100898333333E+04  0.1304141E+01  0.2936429E-05 -0.4285607E-01 -0.2132773E-06  0.1531197E+00 -0.4280766E-06
  0.5130331666667E+04  0.1304226E+01  0.2916175E-05 -0.4286230E-01 -0.2115596E-06  0.1531072E+00 -0.4249350E-06
  0.5159931666667E+04  0.1304312E+01  0.2902647E-05 -0.4286852E-01 -0.2103332E-06  0.1530947E+00 -0.4227768E-06
  0.5189731666667E+04  0.1304398E+01  0.2882659E-05 -0.4287474E-01 -0.2086421E-06  0.1530822E+00 -0.4196810E-06
  0.5219731666667E+04  0.1304484E+01  0.2866053E-05 -0.4288096E-01 -0.2071992E-06  0.1530697E+00 -0.4170809E-06
  0.5249898333333E+04  0.1304570E+01  0.2852682E-05 -0.4288717E-01 -0.2059926E-06  0.1530572E+00 -0.4149538E-06
  0.5280265000000E+04  0.1304656E+01  0.2833084E-05 -0.4289337E-01 -0.2043403E-06  0.1530446E+00 -0.4119248E-06
  0.5310831666667E+04  0.1304742E+01  0.2816750E-05 -0.4289958E-01 -0.2029269E-06  0.1530321E+00 -0.4093735E-06
  0.5341598333333E+04  0.1304829E+01  0.2800503E-05 -0.4290578E-01 -0.2015223E-06  0.1530196E+00 -0.4068374E-06
  0.5372565000000E+04  0.1304915E+01  0.2784342E-05 -0.4291197E-01 -0.2001271E-06  0.1530071E+00 -0.4043165E-06
  0.5403698333333E+04  0.1305001E+01  0.2771230E-05 -0.4291817E-01 -0.1989540E-06  0.1529946E+00 -0.4022412E-06
  0.5435031666667E+04  0.1305087E+01  0.2752264E-05 -0.4292435E-01 -0.1973644E-06  0.1529821E+00 -0.3993196E-06
  0.5466565000000E+04  0.1305174E+01  0.2736376E-05 -0.4293053E-01 -0.1959990E-06  0.1529695E+00 -0.3968476E-06
  0.5498298333333E+04  0.1305260E+01  0.2720576E-05 -0.4293671E-01 -0.1946425E-06  0.1529570E+00 -0.3943906E-06
  0.5530231666667E+04  0.1305346E+01  0.2704862E-05 -0.4294288E-01 -0.1932952E-06  0.1529445E+00 -0.3919489E-06
  0.5562398333333E+04  0.1305433E+01  0.2686449E-05 -0.4294905E-01 -0.1917582E-06  0.1529320E+00 -0.3891187E-06
  0.5594765000000E+04  0.1305519E+01  0.2673706E-05 -0.4295522E-01 -0.1906285E-06  0.1529195E+00 -0.3871120E-06
  0.5627331666667E+04  0.1305606E+01  0.2658238E-05 -0.4296139E-01 -0.1893073E-06  0.1529069E+00 -0.3847132E-06
  0.5660098333333E+04  0.1305692E+01  0.2642856E-05 -0.4296755E-01 -0.1879957E-06  0.1528944E+00 -0.3823297E-06
  0.5693065000000E+04  0.1305779E+01  0.2627561E-05 -0.4297370E-01 -0.1866933E-06  0.1528819E+00 -0.3799614E-06
  0.5726265000000E+04  0.1305866E+01  0.2609731E-05 -0.4297985E-01 -0.1852140E-06  0.1528694E+00 -0.3772292E-06
  0.5759665000000E+04  0.1305952E+01  0.2597244E-05 -0.4298600E-01 -0.1841163E-06  0.1528568E+00 -0.3752712E-06
  0.5793265000000E+04  0.1306039E+01  0.2582199E-05 -0.4299214E-01 -0.1828399E-06  0.1528443E+00 -0.3729457E-06
  0.5827098333333E+04  0.1306126E+01  0.2564710E-05 -0.4299828E-01 -0.1813942E-06  0.1528318E+00 -0.3702703E-06
  0.5861131666667E+04  0.1306213E+01  0.2552377E-05 -0.4300442E-01 -0.1803155E-06  0.1528192E+00 -0.3683411E-06
  0.5895398333333E+04  0.1306300E+01  0.2535112E-05 -0.4301055E-01 -0.1788912E-06  0.1528067E+00 -0.3657024E-06
  0.5929898333333E+04  0.1306387E+01  0.2520442E-05 -0.4301668E-01 -0.1776529E-06  0.1527942E+00 -0.3634403E-06
  0.5964598333333E+04  0.1306474E+01  0.2508254E-05 -0.4302280E-01 -0.1765917E-06  0.1527816E+00 -0.3615377E-06
  0.5999531666667E+04  0.1306561E+01  0.2491314E-05 -0.4302892E-01 -0.1751992E-06  0.1527691E+00 -0.3589527E-06
  0.6034698333333E+04  0.1306648E+01  0.2476878E-05 -0.4303504E-01 -0.1739858E-06  0.1527565E+00 -0.3567307E-06
  0.6070065000000E+04  0.1306735E+01  0.2464839E-05 -0.4304116E-01 -0.1729427E-06  0.1527440E+00 -0.3548554E-06
  0.6105665000000E+04  0.1306822E+01  0.2448222E-05 -0.4304727E-01 -0.1715816E-06  0.1527314E+00 -0.3523235E-06
  0.6141498333333E+04  0.1306909E+01  0.2434022E-05 -0.4305337E-01 -0.1703928E-06  0.1527189E+00 -0.3501416E-06
  0.6177565000000E+04  0.1306997E+01  0.2419899E-05 -0.4305948E-01 -0.1692116E-06  0.1527063E+00 -0.3479722E-06
  0.6213865000000E+04  0.1307084E+01  0.2405850E-05 -0.4306558E-01 -0.1680382E-06  0.1526938E+00 -0.3458155E-06
  0.6250398333333E+04  0.1307171E+01  0.2391877E-05 -0.4307167E-01 -0.1668726E-06  0.1526812E+00 -0.3436714E-06
  0.6287165000000E+04  0.1307259E+01  0.2377979E-05 -0.4307776E-01 -0.1657149E-06  0.1526687E+00 -0.3415400E-06
  0.6324165000000E+04  0.1307346E+01  0.2364156E-05 -0.4308385E-01 -0.1645649E-06  0.1526561E+00 -0.3394212E-06
  0.6361398333333E+04  0.1307434E+01  0.2350409E-05 -0.4308994E-01 -0.1634228E-06  0.1526436E+00 -0.3373151E-06
  0.6398865000000E+04  0.1307521E+01  0.2336737E-05 -0.4309602E-01 -0.1622885E-06  0.1526310E+00 -0.3352216E-06
  0.6436598333333E+04  0.1307609E+01  0.2321090E-05 -0.4310209E-01 -0.1610195E-06  0.1526184E+00 -0.3328464E-06
  0.6474565000000E+04  0.1307697E+01  0.2309631E-05 -0.4310817E-01 -0.1600432E-06  0.1526059E+00 -0.3310732E-06
  0.6512765000000E+04  0.1307784E+01  0.2296177E-05 -0.4311424E-01 -0.1589309E-06  0.1525933E+00 -0.3290156E-06
  0.6551231666667E+04  0.1307872E+01  0.2280820E-05 -0.4312031E-01 -0.1576899E-06  0.1525807E+00 -0.3266874E-06
  0.6589931666667E+04  0.1307960E+01  0.2269504E-05 -0.4312637E-01 -0.1567302E-06  0.1525682E+00 -0.3249391E-06
  0.6628898333333E+04  0.1308048E+01  0.2254338E-05 -0.4313243E-01 -0.1555070E-06  0.1525556E+00 -0.3226413E-06
  0.6668131666667E+04  0.1308136E+01  0.2241209E-05 -0.4313849E-01 -0.1544269E-06  0.1525430E+00 -0.3206367E-06
  0.6707598333333E+04  0.1308224E+01  0.2230029E-05 -0.4314455E-01 -0.1534827E-06  0.1525304E+00 -0.3189118E-06
  0.6747331666667E+04  0.1308312E+01  0.2215141E-05 -0.4315060E-01 -0.1522861E-06  0.1525178E+00 -0.3166587E-06
  0.6787331666667E+04  0.1308400E+01  0.2202220E-05 -0.4315665E-01 -0.1512271E-06  0.1525053E+00 -0.3146881E-06
  0.6827598333333E+04  0.1308488E+01  0.2189366E-05 -0.4316270E-01 -0.1501746E-06  0.1524927E+00 -0.3127283E-06
  0.6868098333333E+04  0.1308576E+01  0.2178369E-05 -0.4316874E-01 -0.1492515E-06  0.1524801E+00 -0.3110350E-06
  0.6908865000000E+04  0.1308664E+01  0.2163848E-05 -0.4317478E-01 -0.1480897E-06  0.1524675E+00 -0.3088403E-06
  0.6949898333333E+04  0.1308753E+01  0.2151203E-05 -0.4318081E-01 -0.1470585E-06  0.1524549E+00 -0.3069148E-06
  0.6991231666667E+04  0.1308841E+01  0.2136900E-05 -0.4318684E-01 -0.1459160E-06  0.1524423E+00 -0.3047540E-06
  0.7032831666667E+04  0.1308929E+01  0.2126122E-05 -0.4319288E-01 -0.1450159E-06  0.1524297E+00 -0.3030968E-06
  0.7074698333333E+04  0.1309018E+01  0.2113670E-05 -0.4319890E-01 -0.1440036E-06  0.1524171E+00 -0.3012021E-06
  0.7116831666667E+04  0.1309106E+01  0.2101284E-05 -0.4320493E-01 -0.1429983E-06  0.1524045E+00 -0.2993185E-06
  0.7159198333333E+04  0.1309195E+01  0.2090609E-05 -0.4321095E-01 -0.1421115E-06  0.1523918E+00 -0.2976798E-06
  0.7201765000000E+04  0.1309284E+01  0.2079962E-05 -0.4321696E-01 -0.1412287E-06  0.1523792E+00 -0.2960463E-06
  0.7244531666667E+04  0.1309372E+01  0.2067741E-05 -0.4322296E-01 -0.1402420E-06  0.1523667E+00 -0.2941907E-06
  0.7287498333333E+04  0.1309460E+01  0.2055608E-05 -0.4322894E-01 -0.1392638E-06  0.1523541E+00 -0.2923491E-06
  0.7330665000000E+04  0.1309548E+01  0.2043562E-05 -0.4323491E-01 -0.1382938E-06  0.1523416E+00 -0.2905213E-06
  0.7374031666667E+04  0.1309637E+01  0.2031603E-05 -0.4324087E-01 -0.1373319E-06  0.1523290E+00 -0.2887071E-06
  0.7417598333333E+04  0.1309725E+01  0.2019730E-05 -0.4324681E-01 -0.1363780E-06  0.1523165E+00 -0.2869066E-06
  0.7461365000000E+04  0.1309812E+01  0.2007942E-05 -0.4325274E-01 -0.1354321E-06  0.1523041E+00 -0.2851195E-06
  0.7505331666667E+04  0.1309900E+01  0.1996240E-05 -0.4325865E-01 -0.1344940E-06  0.1522916E+00 -0.2833459E-06
  0.7549498333333E+04  0.1309988E+01  0.1984622E-05 -0.4326455E-01 -0.1335638E-06  0.1522792E+00 -0.2815854E-06
  0.7593898333333E+04  0.1310075E+01  0.1971607E-05 -0.4327044E-01 -0.1325417E-06  0.1522667E+00 -0.2796281E-06
  0.7638498333333E+04  0.1310163E+01  0.1961641E-05 -0.4327631E-01 -0.1317264E-06  0.1522543E+00 -0.2781042E-06
  0.7683298333333E+04  0.1310250E+01  0.1950266E-05 -0.4328217E-01 -0.1308183E-06  0.1522420E+00 -0.2763817E-06
  0.7728298333333E+04  0.1310338E+01  0.1938972E-05 -0.4328802E-01 -0.1299180E-06  0.1522296E+00 -0.2746720E-06
  0.7773531666667E+04  0.1310425E+01  0.1926339E-05 -0.4329385E-01 -0.1289302E-06  0.1522173E+00 -0.2727740E-06
  0.7818965000000E+04  0.1310512E+01  0.1916632E-05 -0.4329967E-01 -0.1281397E-06  0.1522049E+00 -0.2712912E-06
  0.7864598333333E+04  0.1310599E+01  0.1905574E-05 -0.4330548E-01 -0.1272609E-06  0.1521926E+00 -0.2696183E-06
  0.7910465000000E+04  0.1310686E+01  0.1893219E-05 -0.4331127E-01 -0.1262977E-06  0.1521804E+00 -0.2677632E-06
  0.7956531666667E+04  0.1310772E+01  0.1883699E-05 -0.4331705E-01 -0.1255254E-06  0.1521681E+00 -0.2663102E-06
  0.8002831666667E+04  0.1310859E+01  0.1871524E-05 -0.4332282E-01 -0.1245779E-06  0.1521558E+00 -0.2644828E-06
  0.8049331666667E+04  0.1310946E+01  0.1862126E-05 -0.4332858E-01 -0.1238172E-06  0.1521436E+00 -0.2630490E-06
  0.8096065000000E+04  0.1311032E+01  0.1850128E-05 -0.4333432E-01 -0.1228854E-06  0.1521314E+00 -0.2612489E-06
  0.8142998333333E+04  0.1311118E+01  0.1840850E-05 -0.4334005E-01 -0.1221361E-06  0.1521192E+00 -0.2598340E-06
  0.8190165000000E+04  0.1311205E+01  0.1829025E-05 -0.4334577E-01 -0.1212197E-06  0.1521070E+00 -0.2580608E-06
  0.8237565000000E+04  0.1311291E+01  0.1818587E-05 -0.4335148E-01 -0.1203970E-06  0.1520949E+00 -0.2564842E-06
  0.8285165000000E+04  0.1311377E+01  0.1809484E-05 -0.4335717E-01 -0.1196641E-06  0.1520827E+00 -0.2550968E-06
  0.8332998333333E+04  0.1311463E+01  0.1797913E-05 -0.4336286E-01 -0.1187701E-06  0.1520706E+00 -0.2533627E-06
  0.8381065000000E+04  0.1311549E+01  0.1787686E-05 -0.4336853E-01 -0.1179666E-06  0.1520585E+00 -0.2518190E-06
  0.8429365000000E+04  0.1311635E+01  0.1777528E-05 -0.4337419E-01 -0.1171691E-06  0.1520464E+00 -0.2502858E-06
  0.8477865000000E+04  0.1311721E+01  0.1768651E-05 -0.4337983E-01 -0.1164577E-06  0.1520343E+00 -0.2489341E-06
  0.8526598333333E+04  0.1311806E+01  0.1757408E-05 -0.4338547E-01 -0.1155925E-06  0.1520223E+00 -0.2472504E-06
  0.8575565000000E+04  0.1311892E+01  0.1747456E-05 -0.4339109E-01 -0.1148139E-06  0.1520103E+00 -0.2457494E-06
  0.8624765000000E+04  0.1311977E+01  0.1737570E-05 -0.4339670E-01 -0.1140411E-06  0.1519982E+00 -0.2442587E-06
  0.8674198333333E+04  0.1312063E+01  0.1727750E-05 -0.4340230E-01 -0.1132742E-06  0.1519862E+00 -0.2427781E-06
  0.8723865000000E+04  0.1312148E+01  0.1717995E-05 -0.4340789E-01 -0.1125132E-06  0.1519743E+00 -0.2413076E-06
  0.8773765000000E+04  0.1312233E+01  0.1708306E-05 -0.4341346E-01 -0.1117581E-06  0.1519623E+00 -0.2398472E-06
  0.8823898333333E+04  0.1312318E+01  0.1698680E-05 -0.4341903E-01 -0.1110088E-06  0.1519503E+00 -0.2383969E-06
  0.8874298333333E+04  0.1312404E+01  0.1688002E-05 -0.4342458E-01 -0.1101923E-06  0.1519384E+00 -0.2367998E-06
  0.8924931666667E+04  0.1312489E+01  0.1679625E-05 -0.4343013E-01 -0.1095273E-06  0.1519265E+00 -0.2355263E-06
  0.8975798333333E+04  0.1312574E+01  0.1670186E-05 -0.4343566E-01 -0.1087946E-06  0.1519146E+00 -0.2341047E-06
  0.9026898333333E+04  0.1312658E+01  0.1660810E-05 -0.4344118E-01 -0.1080677E-06  0.1519027E+00 -0.2326930E-06
  0.9078265000000E+04  0.1312743E+01  0.1650425E-05 -0.4344670E-01 -0.1072768E-06  0.1518908E+00 -0.2311409E-06
  0.9129865000000E+04  0.1312828E+01  0.1642248E-05 -0.4345220E-01 -0.1066307E-06  0.1518789E+00 -0.2298990E-06
  0.9181731666667E+04  0.1312913E+01  0.1632005E-05 -0.4345769E-01 -0.1058519E-06  0.1518671E+00 -0.2283687E-06
  0.9233831666667E+04  0.1312997E+01  0.1623925E-05 -0.4346317E-01 -0.1052148E-06  0.1518553E+00 -0.2271419E-06
  0.9286198333333E+04  0.1313082E+01  0.1613822E-05 -0.4346864E-01 -0.1044481E-06  0.1518434E+00 -0.2256330E-06
  0.9338798333333E+04  0.1313166E+01  0.1605837E-05 -0.4347410E-01 -0.1038201E-06  0.1518316E+00 -0.2244213E-06
  0.9391665000000E+04  0.1313250E+01  0.1595872E-05 -0.4347955E-01 -0.1030654E-06  0.1518199E+00 -0.2229336E-06
  0.9444798333333E+04  0.1313335E+01  0.1586987E-05 -0.4348499E-01 -0.1023820E-06  0.1518081E+00 -0.2215978E-06
  0.9498165000000E+04  0.1313419E+01  0.1579142E-05 -0.4349042E-01 -0.1017668E-06  0.1517963E+00 -0.2204081E-06
  0.9551798333333E+04  0.1313503E+01  0.1569379E-05 -0.4349584E-01 -0.1010296E-06  0.1517846E+00 -0.2189514E-06
  0.9605698333333E+04  0.1313587E+01  0.1560663E-05 -0.4350125E-01 -0.1003614E-06  0.1517728E+00 -0.2176419E-06
  0.9659865000000E+04  0.1313671E+01  0.1552002E-05 -0.4350665E-01 -0.9969777E-07  0.1517611E+00 -0.2163408E-06
  0.9714298333333E+04  0.1313755E+01  0.1543394E-05 -0.4351204E-01 -0.9903903E-07  0.1517494E+00 -0.2150481E-06
  0.9768998333333E+04  0.1313839E+01  0.1534841E-05 -0.4351742E-01 -0.9838510E-07  0.1517377E+00 -0.2137638E-06
  0.9823965000000E+04  0.1313923E+01  0.1526341E-05 -0.4352279E-01 -0.9773598E-07  0.1517261E+00 -0.2124878E-06
  0.9879198333333E+04  0.1314007E+01  0.1517895E-05 -0.4352816E-01 -0.9709162E-07  0.1517144E+00 -0.2112201E-06
  0.9934698333333E+04  0.1314091E+01  0.1509502E-05 -0.4353351E-01 -0.9645202E-07  0.1517027E+00 -0.2099607E-06
  0.9990465000000E+04  0.1314175E+01  0.1501162E-05 -0.4353885E-01 -0.9581715E-07  0.1516911E+00 -0.2087096E-06
  0.1004653166667E+05  0.1314258E+01  0.1491987E-05 -0.4354419E-01 -0.9513039E-07  0.1516795E+00 -0.2073433E-06
  0.1010286500000E+05  0.1314342E+01  0.1484642E-05 -0.4354951E-01 -0.9456141E-07  0.1516679E+00 -0.2062321E-06
  0.1015949833333E+05  0.1314426E+01  0.1475586E-05 -0.4355483E-01 -0.9388476E-07  0.1516562E+00 -0.2048841E-06
  0.1021639833333E+05  0.1314509E+01  0.1468323E-05 -0.4356014E-01 -0.9332342E-07  0.1516447E+00 -0.2037858E-06
  0.1027359833333E+05  0.1314593E+01  0.1459385E-05 -0.4356544E-01 -0.9265695E-07  0.1516331E+00 -0.2024560E-06
  0.1033106500000E+05  0.1314676E+01  0.1452202E-05 -0.4357073E-01 -0.9210321E-07  0.1516215E+00 -0.2013705E-06
  0.1038883166667E+05  0.1314759E+01  0.1443381E-05 -0.4357601E-01 -0.9144681E-07  0.1516099E+00 -0.2000586E-06
  0.1044689833333E+05  0.1314843E+01  0.1435454E-05 -0.4358129E-01 -0.9084846E-07  0.1515984E+00 -0.1988718E-06
  0.1050523166667E+05  0.1314926E+01  0.1428391E-05 -0.4358656E-01 -0.9030573E-07  0.1515869E+00 -0.1978052E-06
  0.1056386500000E+05  0.1315009E+01  0.1419740E-05 -0.4359182E-01 -0.8966409E-07  0.1515753E+00 -0.1965197E-06
  0.1062279833333E+05  0.1315092E+01  0.1411958E-05 -0.4359706E-01 -0.8907861E-07  0.1515638E+00 -0.1953554E-06
  0.1068203166667E+05  0.1315176E+01  0.1404223E-05 -0.4360231E-01 -0.8849714E-07  0.1515523E+00 -0.1941983E-06
  0.1074156500000E+05  0.1315259E+01  0.1396534E-05 -0.4360754E-01 -0.8791980E-07  0.1515408E+00 -0.1930484E-06
  0.1080139833333E+05  0.1315342E+01  0.1388891E-05 -0.4361277E-01 -0.8734659E-07  0.1515293E+00 -0.1919058E-06
  0.1086153166667E+05  0.1315425E+01  0.1381294E-05 -0.4361799E-01 -0.8677749E-07  0.1515179E+00 -0.1907704E-06
  0.1092199833333E+05  0.1315508E+01  0.1372985E-05 -0.4362320E-01 -0.8616497E-07  0.1515064E+00 -0.1895376E-06
  0.1098276500000E+05  0.1315591E+01  0.1366239E-05 -0.4362840E-01 -0.8565151E-07  0.1514950E+00 -0.1885213E-06
  0.1104383166667E+05  0.1315674E+01  0.1358775E-05 -0.4363360E-01 -0.8509422E-07  0.1514835E+00 -0.1874067E-06
  0.1110523166667E+05  0.1315757E+01  0.1350623E-05 -0.4363878E-01 -0.8449523E-07  0.1514721E+00 -0.1861982E-06
  0.1116693166667E+05  0.1315840E+01  0.1343985E-05 -0.4364397E-01 -0.8399202E-07  0.1514607E+00 -0.1851992E-06
  0.1122896500000E+05  0.1315923E+01  0.1335936E-05 -0.4364914E-01 -0.8340174E-07  0.1514492E+00 -0.1840065E-06
  0.1129133166667E+05  0.1316006E+01  0.1328659E-05 -0.4365431E-01 -0.8286093E-07  0.1514378E+00 -0.1829212E-06
  0.1135399833333E+05  0.1316088E+01  0.1322126E-05 -0.4365947E-01 -0.8236748E-07  0.1514264E+00 -0.1819390E-06
  0.1141699833333E+05  0.1316171E+01  0.1314227E-05 -0.4366462E-01 -0.8179021E-07  0.1514150E+00 -0.1807697E-06
  0.1148033166667E+05  0.1316254E+01  0.1307076E-05 -0.4366977E-01 -0.8126080E-07  0.1514037E+00 -0.1797043E-06
  0.1154399833333E+05  0.1316337E+01  0.1299968E-05 -0.4367491E-01 -0.8073495E-07  0.1513923E+00 -0.1786454E-06
  0.1160799833333E+05  0.1316420E+01  0.1292900E-05 -0.4368004E-01 -0.8021279E-07  0.1513809E+00 -0.1775930E-06
  0.1167233166667E+05  0.1316502E+01  0.1285873E-05 -0.4368517E-01 -0.7969430E-07  0.1513696E+00 -0.1765470E-06
  0.1173699833333E+05  0.1316585E+01  0.1278886E-05 -0.4369029E-01 -0.7917948E-07  0.1513582E+00 -0.1755075E-06
  0.1180203166667E+05  0.1316668E+01  0.1271289E-05 -0.4369540E-01 -0.7862801E-07  0.1513469E+00 -0.1743849E-06
  0.1186739833333E+05  0.1316750E+01  0.1265037E-05 -0.4370051E-01 -0.7816077E-07  0.1513355E+00 -0.1734479E-06
  0.1193309833333E+05  0.1316833E+01  0.1258170E-05 -0.4370562E-01 -0.7765654E-07  0.1513242E+00 -0.1724271E-06
  0.1199916500000E+05  0.1316916E+01  0.1250711E-05 -0.4371071E-01 -0.7711715E-07  0.1513129E+00 -0.1713263E-06
  0.1206559833333E+05  0.1316998E+01  0.1243933E-05 -0.4371580E-01 -0.7662072E-07  0.1513016E+00 -0.1703195E-06
  0.1213236500000E+05  0.1317081E+01  0.1237809E-05 -0.4372089E-01 -0.7616555E-07  0.1512903E+00 -0.1694032E-06
  0.1219949833333E+05  0.1317163E+01  0.1230486E-05 -0.4372596E-01 -0.7563778E-07  0.1512790E+00 -0.1683235E-06
  0.1226699833333E+05  0.1317246E+01  0.1223821E-05 -0.4373104E-01 -0.7515170E-07  0.1512677E+00 -0.1673348E-06
  0.1233486500000E+05  0.1317329E+01  0.1217195E-05 -0.4373610E-01 -0.7466886E-07  0.1512564E+00 -0.1663521E-06
  0.1240309833333E+05  0.1317411E+01  0.1210605E-05 -0.4374117E-01 -0.7418938E-07  0.1512451E+00 -0.1653753E-06
  0.1247169833333E+05  0.1317494E+01  0.1204051E-05 -0.4374622E-01 -0.7371325E-07  0.1512338E+00 -0.1644043E-06
  0.1254066500000E+05  0.1317576E+01  0.1197535E-05 -0.4375127E-01 -0.7324048E-07  0.1512225E+00 -0.1634393E-06
  0.1260999833333E+05  0.1317659E+01  0.1191056E-05 -0.4375632E-01 -0.7277105E-07  0.1512113E+00 -0.1624801E-06
  0.1267973166667E+05  0.1317742E+01  0.1184047E-05 -0.4376136E-01 -0.7227040E-07  0.1512000E+00 -0.1614496E-06
  0.1274983166667E+05  0.1317824E+01  0.1178209E-05 -0.4376639E-01 -0.7184216E-07  0.1511888E+00 -0.1605796E-06
  0.1282033166667E+05  0.1317907E+01  0.1171283E-05 -0.4377143E-01 -0.7134866E-07  0.1511775E+00 -0.1595621E-06
  0.1289119833333E+05  0.1317989E+01  0.1165504E-05 -0.4377645E-01 -0.7092605E-07  0.1511663E+00 -0.1587017E-06
  0.1296246500000E+05  0.1318072E+01  0.1158661E-05 -0.4378147E-01 -0.7043979E-07  0.1511550E+00 -0.1576973E-06
  0.1303413166667E+05  0.1318155E+01  0.1152404E-05 -0.4378649E-01 -0.6999026E-07  0.1511438E+00 -0.1567735E-06
  0.1310619833333E+05  0.1318237E+01  0.1146181E-05 -0.4379150E-01 -0.6954372E-07  0.1511326E+00 -0.1558552E-06
  0.1317866500000E+05  0.1318320E+01  0.1139992E-05 -0.4379651E-01 -0.6910028E-07  0.1511213E+00 -0.1549423E-06
  0.1325153166667E+05  0.1318402E+01  0.1133836E-05 -0.4380151E-01 -0.6865995E-07  0.1511101E+00 -0.1540349E-06
  0.1332479833333E+05  0.1318485E+01  0.1127715E-05 -0.4380651E-01 -0.6822271E-07  0.1510989E+00 -0.1531329E-06
  0.1339849833333E+05  0.1318568E+01  0.1121119E-05 -0.4381150E-01 -0.6775791E-07  0.1510877E+00 -0.1521675E-06
  0.1347259833333E+05  0.1318650E+01  0.1115575E-05 -0.4381649E-01 -0.6735749E-07  0.1510765E+00 -0.1513455E-06
  0.1354709833333E+05  0.1318733E+01  0.1109552E-05 -0.4382148E-01 -0.6692925E-07  0.1510652E+00 -0.1504595E-06
  0.1362203166667E+05  0.1318816E+01  0.1103072E-05 -0.4382646E-01 -0.6647462E-07  0.1510540E+00 -0.1495124E-06
  0.1369739833333E+05  0.1318898E+01  0.1097125E-05 -0.4383144E-01 -0.6605297E-07  0.1510428E+00 -0.1486382E-06
  0.1377319833333E+05  0.1318981E+01  0.1091208E-05 -0.4383641E-01 -0.6563412E-07  0.1510316E+00 -0.1477692E-06
  0.1384939833333E+05  0.1319064E+01  0.1085798E-05 -0.4384139E-01 -0.6524670E-07  0.1510204E+00 -0.1469694E-06
  0.1392603166667E+05  0.1319146E+01  0.1079467E-05 -0.4384635E-01 -0.6480514E-07  0.1510092E+00 -0.1460460E-06
  0.1400313166667E+05  0.1319229E+01  0.1073183E-05 -0.4385131E-01 -0.6436742E-07  0.1509981E+00 -0.1451298E-06
  0.1408066500000E+05  0.1319312E+01  0.1067860E-05 -0.4385628E-01 -0.6398814E-07  0.1509869E+00 -0.1443444E-06
  0.1415863166667E+05  0.1319395E+01  0.1062101E-05 -0.4386123E-01 -0.6358368E-07  0.1509757E+00 -0.1435007E-06
  0.1423706500000E+05  0.1319478E+01  0.1055923E-05 -0.4386619E-01 -0.6315536E-07  0.1509645E+00 -0.1426016E-06
  0.1431593166667E+05  0.1319561E+01  0.1050677E-05 -0.4387114E-01 -0.6278360E-07  0.1509533E+00 -0.1418289E-06
  0.1439526500000E+05  0.1319643E+01  0.1044571E-05 -0.4387609E-01 -0.6236144E-07  0.1509421E+00 -0.1409411E-06
  0.1447503166667E+05  0.1319726E+01  0.1039375E-05 -0.4388103E-01 -0.6199466E-07  0.1509309E+00 -0.1401769E-06
  0.1455526500000E+05  0.1319809E+01  0.1033339E-05 -0.4388597E-01 -0.6157875E-07  0.1509198E+00 -0.1393003E-06
  0.1463596500000E+05  0.1319892E+01  0.1027770E-05 -0.4389091E-01 -0.6119168E-07  0.1509086E+00 -0.1384875E-06
  0.1471713166667E+05  0.1319975E+01  0.1022231E-05 -0.4389584E-01 -0.6080724E-07  0.1508974E+00 -0.1376795E-06
  0.1479876500000E+05  0.1320058E+01  0.1016720E-05 -0.4390078E-01 -0.6042552E-07  0.1508862E+00 -0.1368762E-06
  0.1488089833333E+05  0.1320141E+01  0.1010829E-05 -0.4390571E-01 -0.6002215E-07  0.1508751E+00 -0.1360226E-06
  0.1496349833333E+05  0.1320224E+01  0.1005790E-05 -0.4391064E-01 -0.5967022E-07  0.1508639E+00 -0.1352844E-06
  0.1504659833333E+05  0.1320307E+01  0.9999648E-06 -0.4391556E-01 -0.5927264E-07  0.1508527E+00 -0.1344413E-06
  0.1513016500000E+05  0.1320390E+01  0.9949730E-06 -0.4392049E-01 -0.5892541E-07  0.1508416E+00 -0.1337111E-06
  0.1521423166667E+05  0.1320474E+01  0.9892138E-06 -0.4392541E-01 -0.5853370E-07  0.1508304E+00 -0.1328786E-06
  0.1529879833333E+05  0.1320557E+01  0.9838822E-06 -0.4393033E-01 -0.5816826E-07  0.1508192E+00 -0.1321044E-06
  0.1538386500000E+05  0.1320640E+01  0.9785784E-06 -0.4393524E-01 -0.5780531E-07  0.1508080E+00 -0.1313348E-06
  0.1546943166667E+05  0.1320723E+01  0.9733021E-06 -0.4394016E-01 -0.5744493E-07  0.1507969E+00 -0.1305696E-06
  0.1555549833333E+05  0.1320807E+01  0.9680534E-06 -0.4394507E-01 -0.5708712E-07  0.1507857E+00 -0.1298090E-06
  0.1564209833333E+05  0.1320890E+01  0.9624619E-06 -0.4394998E-01 -0.5671004E-07  0.1507745E+00 -0.1290033E-06
  0.1572919833333E+05  0.1320973E+01  0.9576408E-06 -0.4395489E-01 -0.5637918E-07  0.1507633E+00 -0.1283016E-06
  0.1581683166667E+05  0.1321057E+01  0.9521114E-06 -0.4395980E-01 -0.5600756E-07  0.1507522E+00 -0.1275059E-06
  0.1590496500000E+05  0.1321140E+01  0.9473357E-06 -0.4396471E-01 -0.5568118E-07  0.1507410E+00 -0.1268119E-06
  0.1599363166667E+05  0.1321224E+01  0.9418684E-06 -0.4396961E-01 -0.5531508E-07  0.1507298E+00 -0.1260261E-06
  0.1608283166667E+05  0.1321307E+01  0.9367883E-06 -0.4397452E-01 -0.5497265E-07  0.1507186E+00 -0.1252930E-06
  0.1617256500000E+05  0.1321391E+01  0.9317347E-06 -0.4397942E-01 -0.5463257E-07  0.1507075E+00 -0.1245642E-06
  0.1626286500000E+05  0.1321475E+01  0.9263651E-06 -0.4398432E-01 -0.5427489E-07  0.1506963E+00 -0.1237940E-06
  0.1635369833333E+05  0.1321558E+01  0.9217072E-06 -0.4398922E-01 -0.5395970E-07  0.1506851E+00 -0.1231196E-06
  0.1644506500000E+05  0.1321642E+01  0.9167306E-06 -0.4399412E-01 -0.5362673E-07  0.1506739E+00 -0.1224035E-06
  0.1653699833333E+05  0.1321726E+01  0.9114496E-06 -0.4399902E-01 -0.5327694E-07  0.1506627E+00 -0.1216476E-06
  0.1662949833333E+05  0.1321810E+01  0.9065307E-06 -0.4400392E-01 -0.5294913E-07  0.1506516E+00 -0.1209408E-06
  0.1672256500000E+05  0.1321894E+01  0.9016367E-06 -0.4400881E-01 -0.5262354E-07  0.1506404E+00 -0.1202380E-06
  0.1681619833333E+05  0.1321978E+01  0.8967675E-06 -0.4401371E-01 -0.5230027E-07  0.1506292E+00 -0.1195394E-06
  0.1691039833333E+05  0.1322062E+01  0.8919231E-06 -0.4401861E-01 -0.5197931E-07  0.1506180E+00 -0.1188448E-06
  0.1700516500000E+05  0.1322146E+01  0.8871037E-06 -0.4402350E-01 -0.5166066E-07  0.1506068E+00 -0.1181544E-06
  0.1710049833333E+05  0.1322230E+01  0.8823093E-06 -0.4402840E-01 -0.5134432E-07  0.1505956E+00 -0.1174680E-06
  0.1719643166667E+05  0.1322314E+01  0.8772351E-06 -0.4403329E-01 -0.5101255E-07  0.1505844E+00 -0.1167452E-06
  0.1729296500000E+05  0.1322398E+01  0.8724957E-06 -0.4403819E-01 -0.5070102E-07  0.1505732E+00 -0.1160677E-06
  0.1739006500000E+05  0.1322483E+01  0.8680779E-06 -0.4404308E-01 -0.5040891E-07  0.1505620E+00 -0.1154337E-06
  0.1748776500000E+05  0.1322567E+01  0.8630867E-06 -0.4404797E-01 -0.5008441E-07  0.1505508E+00 -0.1147242E-06
  0.1758606500000E+05  0.1322651E+01  0.8584197E-06 -0.4405287E-01 -0.4977956E-07  0.1505395E+00 -0.1140586E-06
  0.1768499833333E+05  0.1322736E+01  0.8534891E-06 -0.4405776E-01 -0.4946016E-07  0.1505283E+00 -0.1133587E-06
  0.1778453166667E+05  0.1322820E+01  0.8491588E-06 -0.4406266E-01 -0.4917627E-07  0.1505171E+00 -0.1127392E-06
  0.1788469833333E+05  0.1322905E+01  0.8442811E-06 -0.4406755E-01 -0.4886149E-07  0.1505059E+00 -0.1120479E-06
  0.1798546500000E+05  0.1322989E+01  0.8399906E-06 -0.4407245E-01 -0.4858147E-07  0.1504947E+00 -0.1114351E-06
  0.1808686500000E+05  0.1323074E+01  0.8351660E-06 -0.4407734E-01 -0.4827136E-07  0.1504834E+00 -0.1107522E-06
  0.1818889833333E+05  0.1323159E+01  0.8306443E-06 -0.4408224E-01 -0.4797954E-07  0.1504722E+00 -0.1101103E-06
  0.1829156500000E+05  0.1323244E+01  0.8261455E-06 -0.4408713E-01 -0.4768974E-07  0.1504610E+00 -0.1094720E-06
  0.1839486500000E+05  0.1323329E+01  0.8216695E-06 -0.4409203E-01 -0.4740202E-07  0.1504497E+00 -0.1088375E-06
  0.1849883166667E+05  0.1323414E+01  0.8169544E-06 -0.4409693E-01 -0.4710127E-07  0.1504385E+00 -0.1081720E-06
  0.1860343166667E+05  0.1323499E+01  0.8127873E-06 -0.4410182E-01 -0.4683279E-07  0.1504272E+00 -0.1075798E-06
  0.1870869833333E+05  0.1323584E+01  0.8081229E-06 -0.4410672E-01 -0.4653641E-07  0.1504160E+00 -0.1069224E-06
  0.1881463166667E+05  0.1323669E+01  0.8037415E-06 -0.4411162E-01 -0.4625706E-07  0.1504047E+00 -0.1063031E-06
  0.1892123166667E+05  0.1323754E+01  0.7993819E-06 -0.4411652E-01 -0.4597963E-07  0.1503934E+00 -0.1056874E-06
  0.1902849833333E+05  0.1323839E+01  0.7950442E-06 -0.4412143E-01 -0.4570417E-07  0.1503822E+00 -0.1050753E-06
  0.1913643166667E+05  0.1323925E+01  0.7907284E-06 -0.4412633E-01 -0.4543070E-07  0.1503709E+00 -0.1044667E-06
  0.1924506500000E+05  0.1324010E+01  0.7861933E-06 -0.4413124E-01 -0.4514533E-07  0.1503596E+00 -0.1038298E-06
  0.1935439833333E+05  0.1324095E+01  0.7819255E-06 -0.4413614E-01 -0.4487595E-07  0.1503483E+00 -0.1032288E-06
  0.1946439833333E+05  0.1324181E+01  0.7779142E-06 -0.4414105E-01 -0.4462191E-07  0.1503370E+00 -0.1026624E-06
  0.1957509833333E+05  0.1324267E+01  0.7734515E-06 -0.4414596E-01 -0.4434272E-07  0.1503257E+00 -0.1020370E-06
  0.1968649833333E+05  0.1324352E+01  0.7692476E-06 -0.4415087E-01 -0.4407906E-07  0.1503144E+00 -0.1014463E-06
  0.1979863166667E+05  0.1324438E+01  0.7648374E-06 -0.4415578E-01 -0.4380419E-07  0.1503031E+00 -0.1008291E-06
  0.1991146500000E+05  0.1324524E+01  0.7609043E-06 -0.4416070E-01 -0.4355722E-07  0.1502918E+00 -0.1002754E-06
  0.2002503166667E+05  0.1324610E+01  0.7565407E-06 -0.4416561E-01 -0.4328628E-07  0.1502805E+00 -0.9966556E-07
  0.2013933166667E+05  0.1324696E+01  0.7524240E-06 -0.4417053E-01 -0.4303010E-07  0.1502692E+00 -0.9908884E-07
  0.2025436500000E+05  0.1324782E+01  0.7483276E-06 -0.4417545E-01 -0.4277566E-07  0.1502578E+00 -0.9851536E-07
  0.2037013166667E+05  0.1324868E+01  0.7442514E-06 -0.4418037E-01 -0.4252300E-07  0.1502465E+00 -0.9794512E-07
  0.2048663166667E+05  0.1324954E+01  0.7401955E-06 -0.4418530E-01 -0.4227212E-07  0.1502351E+00 -0.9737813E-07
  0.2060386500000E+05  0.1325041E+01  0.7361600E-06 -0.4419022E-01 -0.4202302E-07  0.1502238E+00 -0.9681438E-07
  0.2072186500000E+05  0.1325127E+01  0.7319382E-06 -0.4419515E-01 -0.4176389E-07  0.1502124E+00 -0.9622670E-07
  0.2084063166667E+05  0.1325214E+01  0.7279471E-06 -0.4420008E-01 -0.4151847E-07  0.1502011E+00 -0.9566990E-07
  0.2096016500000E+05  0.1325300E+01  0.7239756E-06 -0.4420502E-01 -0.4127469E-07  0.1501897E+00 -0.9511620E-07
  0.2108046500000E+05  0.1325387E+01  0.7200236E-06 -0.4420995E-01 -0.4103260E-07  0.1501783E+00 -0.9456560E-07
  0.2120153166667E+05  0.1325473E+01  0.7160913E-06 -0.4421489E-01 -0.4079220E-07  0.1501670E+00 -0.9401810E-07
  0.2132339833333E+05  0.1325560E+01  0.7119839E-06 -0.4421983E-01 -0.4054239E-07  0.1501556E+00 -0.9344814E-07
  0.2144606500000E+05  0.1325647E+01  0.7080942E-06 -0.4422478E-01 -0.4030548E-07  0.1501442E+00 -0.9290727E-07
  0.2156949833333E+05  0.1325734E+01  0.7044136E-06 -0.4422972E-01 -0.4008096E-07  0.1501328E+00 -0.9239431E-07
  0.2169376500000E+05  0.1325821E+01  0.7001828E-06 -0.4423467E-01 -0.3982573E-07  0.1501214E+00 -0.9180969E-07
  0.2181883166667E+05  0.1325908E+01  0.6965394E-06 -0.4423963E-01 -0.3960438E-07  0.1501099E+00 -0.9130257E-07
  0.2194469833333E+05  0.1325995E+01  0.6927256E-06 -0.4424458E-01 -0.3937381E-07  0.1500985E+00 -0.9077358E-07
  0.2207139833333E+05  0.1326083E+01  0.6887496E-06 -0.4424954E-01 -0.3913458E-07  0.1500871E+00 -0.9022380E-07
  0.2219893166667E+05  0.1326170E+01  0.6849769E-06 -0.4425450E-01 -0.3890736E-07  0.1500756E+00 -0.8970112E-07
  0.2232729833333E+05  0.1326257E+01  0.6812226E-06 -0.4425947E-01 -0.3868162E-07  0.1500642E+00 -0.8918128E-07
  0.2245649833333E+05  0.1326345E+01  0.6774866E-06 -0.4426444E-01 -0.3845741E-07  0.1500527E+00 -0.8866428E-07
  0.2258653166667E+05  0.1326432E+01  0.6737690E-06 -0.4426941E-01 -0.3823472E-07  0.1500413E+00 -0.8815012E-07
  0.2271743166667E+05  0.1326520E+01  0.6698993E-06 -0.4427438E-01 -0.3800387E-07  0.1500298E+00 -0.8761649E-07
  0.2284919833333E+05  0.1326608E+01  0.6662216E-06 -0.4427936E-01 -0.3778432E-07  0.1500183E+00 -0.8710838E-07
  0.2298183166667E+05  0.1326696E+01  0.6625616E-06 -0.4428434E-01 -0.3756618E-07  0.1500068E+00 -0.8660300E-07
  0.2311533166667E+05  0.1326784E+01  0.6589194E-06 -0.4428933E-01 -0.3734949E-07  0.1499953E+00 -0.8610033E-07
  0.2324969833333E+05  0.1326872E+01  0.6552951E-06 -0.4429432E-01 -0.3713425E-07  0.1499838E+00 -0.8560038E-07
  0.2338496500000E+05  0.1326960E+01  0.6515281E-06 -0.4429931E-01 -0.3691136E-07  0.1499723E+00 -0.8508217E-07
  0.2352109833333E+05  0.1327048E+01  0.6481010E-06 -0.4430431E-01 -0.3670808E-07  0.1499608E+00 -0.8460873E-07
  0.2365813166667E+05  0.1327136E+01  0.6443731E-06 -0.4430931E-01 -0.3648819E-07  0.1499493E+00 -0.8409638E-07
  0.2379609833333E+05  0.1327225E+01  0.6406678E-06 -0.4431431E-01 -0.3626997E-07  0.1499378E+00 -0.8358734E-07
  0.2393496500000E+05  0.1327313E+01  0.6372902E-06 -0.4431932E-01 -0.3607061E-07  0.1499262E+00 -0.8312140E-07
  0.2407476500000E+05  0.1327402E+01  0.6336227E-06 -0.4432434E-01 -0.3585521E-07  0.1499147E+00 -0.8261797E-07
  0.2421549833333E+05  0.1327491E+01  0.6301262E-06 -0.4432935E-01 -0.3564988E-07  0.1499031E+00 -0.8213717E-07
  0.2435716500000E+05  0.1327579E+01  0.6266465E-06 -0.4433437E-01 -0.3544581E-07  0.1498915E+00 -0.8165888E-07
  0.2449976500000E+05  0.1327668E+01  0.6231835E-06 -0.4433940E-01 -0.3524306E-07  0.1498800E+00 -0.8118308E-07
  0.2464329833333E+05  0.1327757E+01  0.6197375E-06 -0.4434443E-01 -0.3504161E-07  0.1498684E+00 -0.8070978E-07
  0.2478779833333E+05  0.1327846E+01  0.6161662E-06 -0.4434946E-01 -0.3483343E-07  0.1498568E+00 -0.8022048E-07
  0.2493326500000E+05  0.1327935E+01  0.6127565E-06 -0.4435450E-01 -0.3463467E-07  0.1498452E+00 -0.7975249E-07
  0.2507969833333E+05  0.1328025E+01  0.6093631E-06 -0.4435954E-01 -0.3443712E-07  0.1498336E+00 -0.7928692E-07
  0.2522713166667E+05  0.1328114E+01  0.6058491E-06 -0.4436459E-01 -0.3423308E-07  0.1498220E+00 -0.7880592E-07
  0.2537553166667E+05  0.1328203E+01  0.6026262E-06 -0.4436964E-01 -0.3404575E-07  0.1498103E+00 -0.7836304E-07
  0.2552493166667E+05  0.1328293E+01  0.5991479E-06 -0.4437470E-01 -0.3384429E-07  0.1497987E+00 -0.7788719E-07
  0.2567533166667E+05  0.1328383E+01  0.5958220E-06 -0.4437976E-01 -0.3365175E-07  0.1497870E+00 -0.7743141E-07
  0.2582673166667E+05  0.1328472E+01  0.5925121E-06 -0.4438483E-01 -0.3346035E-07  0.1497754E+00 -0.7697794E-07
  0.2597916500000E+05  0.1328562E+01  0.5890893E-06 -0.4438990E-01 -0.3326286E-07  0.1497637E+00 -0.7651005E-07
  0.2613263166667E+05  0.1328652E+01  0.5858137E-06 -0.4439497E-01 -0.3307391E-07  0.1497521E+00 -0.7606149E-07
  0.2628713166667E+05  0.1328742E+01  0.5825535E-06 -0.4440005E-01 -0.3288606E-07  0.1497404E+00 -0.7561515E-07
  0.2644266500000E+05  0.1328832E+01  0.5793088E-06 -0.4440514E-01 -0.3269935E-07  0.1497287E+00 -0.7517102E-07
  0.2659926500000E+05  0.1328922E+01  0.5759571E-06 -0.4441023E-01 -0.3250685E-07  0.1497170E+00 -0.7471321E-07
  0.2675689833333E+05  0.1329013E+01  0.5728669E-06 -0.4441533E-01 -0.3232931E-07  0.1497053E+00 -0.7428950E-07
  0.2691563166667E+05  0.1329103E+01  0.5694294E-06 -0.4442043E-01 -0.3213241E-07  0.1496936E+00 -0.7382095E-07
  0.2707543166667E+05  0.1329193E+01  0.5663690E-06 -0.4442553E-01 -0.3195698E-07  0.1496818E+00 -0.7340148E-07
  0.2723629833333E+05  0.1329284E+01  0.5632032E-06 -0.4443065E-01 -0.3177579E-07  0.1496701E+00 -0.7296850E-07
  0.2739826500000E+05  0.1329375E+01  0.5599374E-06 -0.4443576E-01 -0.3158921E-07  0.1496583E+00 -0.7252273E-07
  0.2756133166667E+05  0.1329466E+01  0.5568042E-06 -0.4444088E-01 -0.3141028E-07  0.1496466E+00 -0.7209429E-07
  0.2772553166667E+05  0.1329556E+01  0.5535734E-06 -0.4444601E-01 -0.3122602E-07  0.1496348E+00 -0.7165337E-07
  0.2789083166667E+05  0.1329647E+01  0.5505828E-06 -0.4445115E-01 -0.3105546E-07  0.1496230E+00 -0.7124368E-07
  0.2805726500000E+05  0.1329739E+01  0.5473841E-06 -0.4445628E-01 -0.3087335E-07  0.1496113E+00 -0.7080720E-07
  0.2822483166667E+05  0.1329830E+01  0.5443118E-06 -0.4446143E-01 -0.3069856E-07  0.1495995E+00 -0.7038720E-07
  0.2839339833333E+05  0.1329921E+01  0.5416822E-06 -0.4446658E-01 -0.3054888E-07  0.1495877E+00 -0.7002456E-07
  0.2856286500000E+05  0.1330012E+01  0.5389501E-06 -0.4447173E-01 -0.3039373E-07  0.1495759E+00 -0.6964875E-07
  0.2873323166667E+05  0.1330104E+01  0.5359125E-06 -0.4447688E-01 -0.3022176E-07  0.1495641E+00 -0.6923357E-07
  0.2890453166667E+05  0.1330195E+01  0.5327900E-06 -0.4448202E-01 -0.3004525E-07  0.1495523E+00 -0.6880758E-07
  0.2907676500000E+05  0.1330286E+01  0.5297918E-06 -0.4448717E-01 -0.2987585E-07  0.1495405E+00 -0.6839777E-07
  0.2924993166667E+05  0.1330377E+01  0.5268120E-06 -0.4449231E-01 -0.2970757E-07  0.1495287E+00 -0.6799048E-07
  0.2942403166667E+05  0.1330469E+01  0.5238506E-06 -0.4449746E-01 -0.2954045E-07  0.1495169E+00 -0.6758568E-07
  0.2959906500000E+05  0.1330560E+01  0.5209073E-06 -0.4450260E-01 -0.2937448E-07  0.1495052E+00 -0.6718334E-07
  0.2977503166667E+05  0.1330651E+01  0.5179823E-06 -0.4450774E-01 -0.2920964E-07  0.1494934E+00 -0.6678347E-07
  0.2995196500000E+05  0.1330742E+01  0.5149784E-06 -0.4451288E-01 -0.2904046E-07  0.1494817E+00 -0.6637354E-07
  0.3012983166667E+05  0.1330833E+01  0.5121869E-06 -0.4451801E-01 -0.2888332E-07  0.1494700E+00 -0.6599110E-07
  0.3030866500000E+05  0.1330924E+01  0.5092207E-06 -0.4452315E-01 -0.2871643E-07  0.1494582E+00 -0.6558624E-07
  0.3048846500000E+05  0.1331015E+01  0.5063686E-06 -0.4452828E-01 -0.2855606E-07  0.1494465E+00 -0.6519618E-07
  0.3066923166667E+05  0.1331106E+01  0.5035340E-06 -0.4453342E-01 -0.2839672E-07  0.1494348E+00 -0.6480846E-07
  0.3085099833333E+05  0.1331197E+01  0.5006247E-06 -0.4453855E-01 -0.2823326E-07  0.1494231E+00 -0.6441122E-07
  0.3103373166667E+05  0.1331288E+01  0.4979167E-06 -0.4454368E-01 -0.2808119E-07  0.1494114E+00 -0.6403995E-07
  0.3121743166667E+05  0.1331379E+01  0.4951332E-06 -0.4454881E-01 -0.2792495E-07  0.1493997E+00 -0.6365906E-07
  0.3140213166667E+05  0.1331470E+01  0.4922779E-06 -0.4455394E-01 -0.2776474E-07  0.1493880E+00 -0.6326901E-07
  0.3158783166667E+05  0.1331561E+01  0.4895298E-06 -0.4455906E-01 -0.2761062E-07  0.1493763E+00 -0.6289282E-07
  0.3177453166667E+05  0.1331652E+01  0.4867983E-06 -0.4456419E-01 -0.2745746E-07  0.1493646E+00 -0.6251882E-07
  0.3196223166667E+05  0.1331743E+01  0.4840832E-06 -0.4456932E-01 -0.2730528E-07  0.1493530E+00 -0.6214699E-07
  0.3215096500000E+05  0.1331834E+01  0.4812995E-06 -0.4457444E-01 -0.2714929E-07  0.1493413E+00 -0.6176643E-07
  0.3234069833333E+05  0.1331924E+01  0.4787025E-06 -0.4457956E-01 -0.2700384E-07  0.1493297E+00 -0.6140987E-07
  0.3253146500000E+05  0.1332015E+01  0.4759529E-06 -0.4458469E-01 -0.2684983E-07  0.1493180E+00 -0.6103380E-07
  0.3272326500000E+05  0.1332106E+01  0.4733039E-06 -0.4458981E-01 -0.2670154E-07  0.1493064E+00 -0.6067069E-07
  0.3291609833333E+05  0.1332197E+01  0.4706706E-06 -0.4459493E-01 -0.2655414E-07  0.1492948E+00 -0.6030965E-07
  0.3310996500000E+05  0.1332288E+01  0.4680531E-06 -0.4460005E-01 -0.2640767E-07  0.1492831E+00 -0.5995067E-07
  0.3330486500000E+05  0.1332378E+01  0.4654512E-06 -0.4460517E-01 -0.2626212E-07  0.1492715E+00 -0.5959375E-07
  0.3350083166667E+05  0.1332469E+01  0.4627862E-06 -0.4461028E-01 -0.2611304E-07  0.1492599E+00 -0.5922880E-07
  0.3369783166667E+05  0.1332560E+01  0.4602946E-06 -0.4461540E-01 -0.2597373E-07  0.1492483E+00 -0.5888607E-07
  0.3389589833333E+05  0.1332650E+01  0.4576620E-06 -0.4462052E-01 -0.2582650E-07  0.1492367E+00 -0.5852537E-07
  0.3409503166667E+05  0.1332741E+01  0.4551230E-06 -0.4462563E-01 -0.2568457E-07  0.1492251E+00 -0.5817668E-07
  0.3429523166667E+05  0.1332832E+01  0.4525992E-06 -0.4463074E-01 -0.2554349E-07  0.1492136E+00 -0.5782996E-07
  0.3449649833333E+05  0.1332922E+01  0.4500902E-06 -0.4463586E-01 -0.2540327E-07  0.1492020E+00 -0.5748519E-07
  0.3469886500000E+05  0.1333013E+01  0.4475226E-06 -0.4464097E-01 -0.2525975E-07  0.1491904E+00 -0.5713297E-07
  0.3490233166667E+05  0.1333103E+01  0.4450446E-06 -0.4464608E-01 -0.2512129E-07  0.1491789E+00 -0.5679224E-07
  0.3510686500000E+05  0.1333194E+01  0.4426532E-06 -0.4465119E-01 -0.2498769E-07  0.1491673E+00 -0.5646259E-07
  0.3531249833333E+05  0.1333284E+01  0.4401318E-06 -0.4465630E-01 -0.2484680E-07  0.1491558E+00 -0.5611640E-07
  0.3551926500000E+05  0.1333375E+01  0.4376269E-06 -0.4466141E-01 -0.2470684E-07  0.1491443E+00 -0.5577237E-07
  0.3572713166667E+05  0.1333465E+01  0.4352778E-06 -0.4466652E-01 -0.2457564E-07  0.1491327E+00 -0.5544823E-07
  0.3593613166667E+05  0.1333556E+01  0.4328029E-06 -0.4467162E-01 -0.2443735E-07  0.1491212E+00 -0.5510810E-07
  0.3614623166667E+05  0.1333646E+01  0.4304805E-06 -0.4467673E-01 -0.2430767E-07  0.1491097E+00 -0.5478744E-07
  0.3635739833333E+05  0.1333737E+01  0.4281704E-06 -0.4468184E-01 -0.2417869E-07  0.1490982E+00 -0.5446837E-07
  0.3656963166667E+05  0.1333827E+01  0.4258060E-06 -0.4468694E-01 -0.2404669E-07  0.1490867E+00 -0.5414243E-07
  0.3678289833333E+05  0.1333917E+01  0.4235225E-06 -0.4469204E-01 -0.2391928E-07  0.1490752E+00 -0.5382681E-07
  0.3699723166667E+05  0.1334008E+01  0.4211209E-06 -0.4469714E-01 -0.2378522E-07  0.1490638E+00 -0.5349625E-07
  0.3721263166667E+05  0.1334098E+01  0.4188005E-06 -0.4470224E-01 -0.2365574E-07  0.1490523E+00 -0.5317606E-07
  0.3742909833333E+05  0.1334188E+01  0.4164947E-06 -0.4470733E-01 -0.2352705E-07  0.1490409E+00 -0.5285778E-07
  0.3764663166667E+05  0.1334278E+01  0.4142032E-06 -0.4471242E-01 -0.2339918E-07  0.1490294E+00 -0.5254138E-07
  0.3786523166667E+05  0.1334368E+01  0.4119262E-06 -0.4471751E-01 -0.2327210E-07  0.1490180E+00 -0.5222686E-07
  0.3808493166667E+05  0.1334458E+01  0.4096012E-06 -0.4472259E-01 -0.2314232E-07  0.1490066E+00 -0.5190635E-07
  0.3830573166667E+05  0.1334548E+01  0.4073536E-06 -0.4472767E-01 -0.2301687E-07  0.1489952E+00 -0.5159569E-07
  0.3852763166667E+05  0.1334638E+01  0.4051198E-06 -0.4473275E-01 -0.2289218E-07  0.1489838E+00 -0.5128685E-07
  0.3875066500000E+05  0.1334728E+01  0.4028395E-06 -0.4473783E-01 -0.2276485E-07  0.1489725E+00 -0.5097221E-07
  0.3897479833333E+05  0.1334818E+01  0.4006937E-06 -0.4474290E-01 -0.2264509E-07  0.1489611E+00 -0.5067464E-07
  0.3920006500000E+05  0.1334907E+01  0.3984419E-06 -0.4474798E-01 -0.2251934E-07  0.1489498E+00 -0.5036373E-07
  0.3942646500000E+05  0.1334997E+01  0.3962634E-06 -0.4475305E-01 -0.2239773E-07  0.1489384E+00 -0.5006218E-07
  0.3965403166667E+05  0.1335087E+01  0.3940406E-06 -0.4475812E-01 -0.2227358E-07  0.1489271E+00 -0.4975509E-07
  0.3988273166667E+05  0.1335176E+01  0.3919467E-06 -0.4476318E-01 -0.2215669E-07  0.1489158E+00 -0.4946435E-07
  0.4011259833333E+05  0.1335266E+01  0.3897512E-06 -0.4476825E-01 -0.2203405E-07  0.1489045E+00 -0.4916088E-07
  0.4034363166667E+05  0.1335355E+01  0.3876262E-06 -0.4477331E-01 -0.2191539E-07  0.1488932E+00 -0.4886637E-07
  0.4057586500000E+05  0.1335445E+01  0.3854587E-06 -0.4477837E-01 -0.2179430E-07  0.1488819E+00 -0.4856659E-07
  0.4080929833333E+05  0.1335534E+01  0.3833600E-06 -0.4478343E-01 -0.2167709E-07  0.1488707E+00 -0.4827557E-07
  0.4104389833333E+05  0.1335624E+01  0.3813280E-06 -0.4478849E-01 -0.2156361E-07  0.1488594E+00 -0.4799303E-07
  0.4127973166667E+05  0.1335713E+01  0.3791463E-06 -0.4479355E-01 -0.2144169E-07  0.1488482E+00 -0.4769173E-07
  0.4151676500000E+05  0.1335803E+01  0.3771389E-06 -0.4479860E-01 -0.2132960E-07  0.1488369E+00 -0.4741246E-07
  0.4175503166667E+05  0.1335892E+01  0.3750375E-06 -0.4480366E-01 -0.2121218E-07  0.1488257E+00 -0.4712145E-07
  0.4199453166667E+05  0.1335981E+01  0.3730015E-06 -0.4480871E-01 -0.2109845E-07  0.1488145E+00 -0.4683877E-07
  0.4223526500000E+05  0.1336071E+01  0.3709776E-06 -0.4481376E-01 -0.2098538E-07  0.1488033E+00 -0.4655770E-07
  0.4247726500000E+05  0.1336160E+01  0.3689148E-06 -0.4481881E-01 -0.2087011E-07  0.1487921E+00 -0.4627185E-07
  0.4272053166667E+05  0.1336249E+01  0.3669155E-06 -0.4482386E-01 -0.2075842E-07  0.1487809E+00 -0.4599408E-07
  0.4296506500000E+05  0.1336338E+01  0.3649279E-06 -0.4482891E-01 -0.2064737E-07  0.1487697E+00 -0.4571787E-07
  0.4321086500000E+05  0.1336428E+01  0.3629520E-06 -0.4483396E-01 -0.2053698E-07  0.1487585E+00 -0.4544323E-07
  0.4345796500000E+05  0.1336517E+01  0.3609390E-06 -0.4483901E-01 -0.2042450E-07  0.1487474E+00 -0.4516406E-07
  0.4370636500000E+05  0.1336606E+01  0.3589869E-06 -0.4484405E-01 -0.2031545E-07  0.1487362E+00 -0.4489264E-07
  0.4395606500000E+05  0.1336695E+01  0.3570462E-06 -0.4484910E-01 -0.2020703E-07  0.1487251E+00 -0.4462276E-07
  0.4420709833333E+05  0.1336784E+01  0.3550697E-06 -0.4485415E-01 -0.2009658E-07  0.1487139E+00 -0.4434851E-07
  0.4445946500000E+05  0.1336873E+01  0.3531522E-06 -0.4485919E-01 -0.1998946E-07  0.1487028E+00 -0.4408178E-07
  0.4471316500000E+05  0.1336963E+01  0.3512458E-06 -0.4486423E-01 -0.1988296E-07  0.1486917E+00 -0.4381654E-07
  0.4496819833333E+05  0.1337052E+01  0.3493504E-06 -0.4486928E-01 -0.1977709E-07  0.1486806E+00 -0.4355281E-07
  0.4522459833333E+05  0.1337141E+01  0.3474208E-06 -0.4487432E-01 -0.1966929E-07  0.1486695E+00 -0.4328495E-07
  0.4548236500000E+05  0.1337230E+01  0.3455480E-06 -0.4487936E-01 -0.1956469E-07  0.1486584E+00 -0.4302430E-07
  0.4574153166667E+05  0.1337319E+01  0.3436417E-06 -0.4488441E-01 -0.1945819E-07  0.1486473E+00 -0.4275962E-07
  0.4600206500000E+05  0.1337408E+01  0.3418347E-06 -0.4488945E-01 -0.1935731E-07  0.1486363E+00 -0.4250744E-07
  0.4626403166667E+05  0.1337497E+01  0.3399074E-06 -0.4489449E-01 -0.1924961E-07  0.1486252E+00 -0.4224043E-07
  0.4652739833333E+05  0.1337586E+01  0.3381212E-06 -0.4489954E-01 -0.1914991E-07  0.1486141E+00 -0.4199112E-07
  0.4679219833333E+05  0.1337675E+01  0.3362596E-06 -0.4490458E-01 -0.1904594E-07  0.1486031E+00 -0.4173258E-07
  0.4705843166667E+05  0.1337764E+01  0.3344513E-06 -0.4490962E-01 -0.1894499E-07  0.1485920E+00 -0.4148082E-07
  0.4732609833333E+05  0.1337853E+01  0.3326532E-06 -0.4491467E-01 -0.1884462E-07  0.1485810E+00 -0.4123048E-07
  0.4759523166667E+05  0.1337942E+01  0.3308244E-06 -0.4491971E-01 -0.1874252E-07  0.1485700E+00 -0.4097649E-07
  0.4786583166667E+05  0.1338031E+01  0.3290473E-06 -0.4492476E-01 -0.1864335E-07  0.1485590E+00 -0.4072907E-07
  0.4813793166667E+05  0.1338120E+01  0.3272402E-06 -0.4492980E-01 -0.1854248E-07  0.1485479E+00 -0.4047810E-07
  0.4841149833333E+05  0.1338209E+01  0.3255233E-06 -0.4493485E-01 -0.1844672E-07  0.1485369E+00 -0.4023846E-07
  0.4868656500000E+05  0.1338298E+01  0.3237368E-06 -0.4493990E-01 -0.1834703E-07  0.1485259E+00 -0.3999037E-07
  0.4896316500000E+05  0.1338387E+01  0.3219612E-06 -0.4494494E-01 -0.1824798E-07  0.1485149E+00 -0.3974382E-07
  0.4924129833333E+05  0.1338476E+01  0.3202347E-06 -0.4494999E-01 -0.1815170E-07  0.1485039E+00 -0.3950351E-07
  0.4952096500000E+05  0.1338566E+01  0.3185178E-06 -0.4495504E-01 -0.1805596E-07  0.1484930E+00 -0.3926456E-07
  0.4980219833333E+05  0.1338655E+01  0.3167729E-06 -0.4496009E-01 -0.1795866E-07  0.1484820E+00 -0.3902234E-07
  0.5008499833333E+05  0.1338744E+01  0.3150757E-06 -0.4496514E-01 -0.1786406E-07  0.1484710E+00 -0.3878618E-07
  0.5036936500000E+05  0.1338833E+01  0.3133879E-06 -0.4497020E-01 -0.1777000E-07  0.1484601E+00 -0.3855135E-07
  0.5065533166667E+05  0.1338922E+01  0.3116730E-06 -0.4497525E-01 -0.1767442E-07  0.1484491E+00 -0.3831340E-07
  0.5094289833333E+05  0.1339011E+01  0.3100044E-06 -0.4498031E-01 -0.1758147E-07  0.1484382E+00 -0.3808133E-07
  0.5123206500000E+05  0.1339100E+01  0.3083450E-06 -0.4498536E-01 -0.1748906E-07  0.1484272E+00 -0.3785058E-07
  0.5152286500000E+05  0.1339189E+01  0.3066596E-06 -0.4499042E-01 -0.1739518E-07  0.1484163E+00 -0.3761684E-07
  0.5181529833333E+05  0.1339279E+01  0.3050191E-06 -0.4499548E-01 -0.1730386E-07  0.1484053E+00 -0.3738881E-07
  0.5210939833333E+05  0.1339368E+01  0.3033532E-06 -0.4500054E-01 -0.1721110E-07  0.1483944E+00 -0.3715788E-07
  0.5240516500000E+05  0.1339457E+01  0.3017312E-06 -0.4500561E-01 -0.1712085E-07  0.1483835E+00 -0.3693253E-07
  0.5270259833333E+05  0.1339546E+01  0.3001181E-06 -0.4501067E-01 -0.1703110E-07  0.1483726E+00 -0.3670848E-07
  0.5300173166667E+05  0.1339636E+01  0.2984805E-06 -0.4501574E-01 -0.1693998E-07  0.1483617E+00 -0.3648165E-07
  0.5330256500000E+05  0.1339725E+01  0.2968856E-06 -0.4502081E-01 -0.1685130E-07  0.1483507E+00 -0.3626024E-07
  0.5360513166667E+05  0.1339814E+01  0.2952668E-06 -0.4502588E-01 -0.1676126E-07  0.1483398E+00 -0.3603614E-07
  0.5390943166667E+05  0.1339904E+01  0.2936897E-06 -0.4503096E-01 -0.1667361E-07  0.1483289E+00 -0.3581735E-07
  0.5421546500000E+05  0.1339993E+01  0.2921211E-06 -0.4503603E-01 -0.1658644E-07  0.1483180E+00 -0.3559983E-07
  0.5452326500000E+05  0.1340083E+01  0.2905296E-06 -0.4504111E-01 -0.1649800E-07  0.1483072E+00 -0.3537973E-07
  0.5483283166667E+05  0.1340172E+01  0.2889786E-06 -0.4504619E-01 -0.1641185E-07  0.1482963E+00 -0.3516479E-07
  0.5514419833333E+05  0.1340261E+01  0.2874052E-06 -0.4505127E-01 -0.1632445E-07  0.1482854E+00 -0.3494737E-07
  0.5545736500000E+05  0.1340351E+01  0.2858714E-06 -0.4505636E-01 -0.1623930E-07  0.1482745E+00 -0.3473499E-07
  0.5577233166667E+05  0.1340441E+01  0.2843460E-06 -0.4506145E-01 -0.1615464E-07  0.1482636E+00 -0.3452385E-07
  0.5608913166667E+05  0.1340530E+01  0.2827990E-06 -0.4506654E-01 -0.1606876E-07  0.1482528E+00 -0.3431034E-07
  0.5640776500000E+05  0.1340620E+01  0.2812904E-06 -0.4507163E-01 -0.1598508E-07  0.1482419E+00 -0.3410173E-07
  0.5672826500000E+05  0.1340709E+01  0.2797609E-06 -0.4507673E-01 -0.1590022E-07  0.1482310E+00 -0.3389083E-07
  0.5705066500000E+05  0.1340799E+01  0.2782403E-06 -0.4508183E-01 -0.1581586E-07  0.1482202E+00 -0.3368125E-07
  0.5737493166667E+05  0.1340889E+01  0.2767854E-06 -0.4508693E-01 -0.1573524E-07  0.1482093E+00 -0.3347987E-07
  0.5770109833333E+05  0.1340979E+01  0.2752813E-06 -0.4509203E-01 -0.1565183E-07  0.1481985E+00 -0.3327278E-07
  0.5802919833333E+05  0.1341069E+01  0.2737860E-06 -0.4509714E-01 -0.1556894E-07  0.1481876E+00 -0.3306700E-07
  0.5835923166667E+05  0.1341158E+01  0.2723268E-06 -0.4510225E-01 -0.1548809E-07  0.1481768E+00 -0.3286584E-07
  0.5869123166667E+05  0.1341248E+01  0.2708481E-06 -0.4510737E-01 -0.1540615E-07  0.1481659E+00 -0.3266259E-07
  0.5902516500000E+05  0.1341338E+01  0.2694317E-06 -0.4511249E-01 -0.1532775E-07  0.1481551E+00 -0.3246710E-07
  0.5936109833333E+05  0.1341428E+01  0.2679425E-06 -0.4511761E-01 -0.1524521E-07  0.1481443E+00 -0.3226308E-07
  0.5969903166667E+05  0.1341518E+01  0.2665150E-06 -0.4512273E-01 -0.1516619E-07  0.1481334E+00 -0.3206677E-07
  0.6003896500000E+05  0.1341608E+01  0.2650950E-06 -0.4512786E-01 -0.1508759E-07  0.1481226E+00 -0.3187162E-07
  0.6038093166667E+05  0.1341699E+01  0.2636569E-06 -0.4513299E-01 -0.1500796E-07  0.1481118E+00 -0.3167455E-07
  0.6072493166667E+05  0.1341789E+01  0.2622525E-06 -0.4513813E-01 -0.1493025E-07  0.1481009E+00 -0.3148179E-07
  0.6107099833333E+05  0.1341879E+01  0.2608303E-06 -0.4514327E-01 -0.1485152E-07  0.1480901E+00 -0.3128717E-07
  0.6141916500000E+05  0.1341969E+01  0.2594163E-06 -0.4514841E-01 -0.1477326E-07  0.1480793E+00 -0.3109379E-07
  0.6176939833333E+05  0.1342060E+01  0.2580593E-06 -0.4515356E-01 -0.1469823E-07  0.1480684E+00 -0.3090753E-07
  0.6212176500000E+05  0.1342150E+01  0.2566361E-06 -0.4515871E-01 -0.1461943E-07  0.1480576E+00 -0.3071359E-07
  0.6247623166667E+05  0.1342241E+01  0.2552936E-06 -0.4516387E-01 -0.1454522E-07  0.1480468E+00 -0.3052958E-07
  0.6283286500000E+05  0.1342331E+01  0.2538863E-06 -0.4516903E-01 -0.1446731E-07  0.1480360E+00 -0.3033810E-07
  0.6319166500000E+05  0.1342422E+01  0.2525345E-06 -0.4517419E-01 -0.1439255E-07  0.1480252E+00 -0.3015353E-07
  0.6355263166667E+05  0.1342513E+01  0.2511897E-06 -0.4517936E-01 -0.1431818E-07  0.1480143E+00 -0.2997007E-07
  0.6391579833333E+05  0.1342603E+01  0.2498290E-06 -0.4518453E-01 -0.1424289E-07  0.1480035E+00 -0.2978498E-07
  0.6428116500000E+05  0.1342694E+01  0.2484986E-06 -0.4518971E-01 -0.1416932E-07  0.1479927E+00 -0.2960380E-07
  0.6464876500000E+05  0.1342785E+01  0.2471528E-06 -0.4519489E-01 -0.1409486E-07  0.1479819E+00 -0.2942105E-07
  0.6501859833333E+05  0.1342876E+01  0.2458368E-06 -0.4520008E-01 -0.1402207E-07  0.1479711E+00 -0.2924211E-07
  0.6539069833333E+05  0.1342967E+01  0.2445056E-06 -0.4520527E-01 -0.1394841E-07  0.1479603E+00 -0.2906167E-07
  0.6576509833333E+05  0.1343058E+01  0.2431820E-06 -0.4521046E-01 -0.1387515E-07  0.1479495E+00 -0.2888240E-07
  0.6614179833333E+05  0.1343149E+01  0.2418871E-06 -0.4521566E-01 -0.1380351E-07  0.1479386E+00 -0.2870683E-07
  0.6652083166667E+05  0.1343240E+01  0.2405778E-06 -0.4522087E-01 -0.1373101E-07  0.1479278E+00 -0.2852983E-07
  0.6690219833333E+05  0.1343331E+01  0.2392966E-06 -0.4522608E-01 -0.1366011E-07  0.1479170E+00 -0.2835645E-07
  0.6728589833333E+05  0.1343423E+01  0.2380221E-06 -0.4523129E-01 -0.1358955E-07  0.1479062E+00 -0.2818414E-07
  0.6767199833333E+05  0.1343514E+01  0.2367133E-06 -0.4523651E-01 -0.1351702E-07  0.1478954E+00 -0.2800805E-07
  0.6806046500000E+05  0.1343606E+01  0.2354728E-06 -0.4524173E-01 -0.1344835E-07  0.1478846E+00 -0.2784034E-07
  0.6845136500000E+05  0.1343697E+01  0.2341784E-06 -0.4524696E-01 -0.1337657E-07  0.1478738E+00 -0.2766653E-07
  0.6884469833333E+05  0.1343789E+01  0.2329310E-06 -0.4525220E-01 -0.1330745E-07  0.1478629E+00 -0.2749858E-07
  0.6924039833333E+05  0.1343881E+01  0.2317291E-06 -0.4525744E-01 -0.1324088E-07  0.1478521E+00 -0.2733626E-07
  0.6963843166667E+05  0.1343972E+01  0.2305133E-06 -0.4526268E-01 -0.1317349E-07  0.1478413E+00 -0.2717258E-07
  0.7003879833333E+05  0.1344064E+01  0.2292844E-06 -0.4526793E-01 -0.1310535E-07  0.1478305E+00 -0.2700766E-07
  0.7044153166667E+05  0.1344156E+01  0.2280434E-06 -0.4527318E-01 -0.1303647E-07  0.1478197E+00 -0.2684159E-07
  0.7084663166667E+05  0.1344248E+01  0.2268283E-06 -0.4527843E-01 -0.1296904E-07  0.1478089E+00 -0.2667887E-07
  0.7125413166667E+05  0.1344340E+01  0.2256015E-06 -0.4528369E-01 -0.1290088E-07  0.1477981E+00 -0.2651506E-07
  0.7166406500000E+05  0.1344432E+01  0.2243817E-06 -0.4528895E-01 -0.1283308E-07  0.1477873E+00 -0.2635239E-07
  0.7207643166667E+05  0.1344524E+01  0.2231871E-06 -0.4529421E-01 -0.1276667E-07  0.1477765E+00 -0.2619295E-07
  0.7249126500000E+05  0.1344616E+01  0.2219811E-06 -0.4529948E-01 -0.1269955E-07  0.1477657E+00 -0.2603248E-07
  0.7290859833333E+05  0.1344708E+01  0.2207821E-06 -0.4530475E-01 -0.1263277E-07  0.1477549E+00 -0.2587311E-07
  0.7332839833333E+05  0.1344800E+01  0.2196247E-06 -0.4531003E-01 -0.1256832E-07  0.1477441E+00 -0.2571893E-07
  0.7375063166667E+05  0.1344892E+01  0.2184733E-06 -0.4531531E-01 -0.1250415E-07  0.1477333E+00 -0.2556571E-07
  0.7417536500000E+05  0.1344985E+01  0.2172766E-06 -0.4532059E-01 -0.1243735E-07  0.1477225E+00 -0.2540750E-07
  0.7460259833333E+05  0.1345077E+01  0.2161210E-06 -0.4532588E-01 -0.1237283E-07  0.1477117E+00 -0.2525438E-07
  0.7503233166667E+05  0.1345169E+01  0.2149717E-06 -0.4533117E-01 -0.1230861E-07  0.1477009E+00 -0.2510230E-07
  0.7546459833333E+05  0.1345262E+01  0.2138122E-06 -0.4533646E-01 -0.1224375E-07  0.1476901E+00 -0.2494932E-07
  0.7589939833333E+05  0.1345354E+01  0.2126758E-06 -0.4534176E-01 -0.1218014E-07  0.1476793E+00 -0.2479931E-07
  0.7633679833333E+05  0.1345447E+01  0.2115134E-06 -0.4534705E-01 -0.1211497E-07  0.1476686E+00 -0.2464657E-07
  0.7677676500000E+05  0.1345539E+01  0.2104059E-06 -0.4535236E-01 -0.1205286E-07  0.1476578E+00 -0.2450051E-07
  0.7721936500000E+05  0.1345632E+01  0.2092568E-06 -0.4535766E-01 -0.1198830E-07  0.1476470E+00 -0.2434989E-07
  0.7766459833333E+05  0.1345725E+01  0.2081458E-06 -0.4536297E-01 -0.1192585E-07  0.1476362E+00 -0.2420399E-07
  0.7811246500000E+05  0.1345817E+01  0.2070407E-06 -0.4536829E-01 -0.1186366E-07  0.1476255E+00 -0.2405908E-07
  0.7856303166667E+05  0.1345910E+01  0.2059112E-06 -0.4537360E-01 -0.1179999E-07  0.1476147E+00 -0.2391160E-07
  0.7901626500000E+05  0.1346003E+01  0.2048337E-06 -0.4537892E-01 -0.1173921E-07  0.1476039E+00 -0.2377044E-07
  0.7947223166667E+05  0.1346096E+01  0.2037169E-06 -0.4538425E-01 -0.1167611E-07  0.1475931E+00 -0.2362500E-07
  0.7993093166667E+05  0.1346189E+01  0.2026362E-06 -0.4538958E-01 -0.1161499E-07  0.1475824E+00 -0.2348404E-07
  0.8039239833333E+05  0.1346282E+01  0.2015467E-06 -0.4539491E-01 -0.1155328E-07  0.1475716E+00 -0.2334233E-07
  0.8085663166667E+05  0.1346375E+01  0.2004778E-06 -0.4540024E-01 -0.1149266E-07  0.1475608E+00 -0.2320328E-07
  0.8132366500000E+05  0.1346468E+01  0.1994003E-06 -0.4540558E-01 -0.1143145E-07  0.1475500E+00 -0.2306351E-07
  0.8179353166667E+05  0.1346561E+01  0.1983289E-06 -0.4541092E-01 -0.1137051E-07  0.1475393E+00 -0.2292472E-07
  0.8226626500000E+05  0.1346655E+01  0.1972634E-06 -0.4541627E-01 -0.1130981E-07  0.1475285E+00 -0.2278689E-07
  0.8274186500000E+05  0.1346748E+01  0.1962176E-06 -0.4542162E-01 -0.1125015E-07  0.1475177E+00 -0.2265161E-07
  0.8322036500000E+05  0.1346841E+01  0.1951637E-06 -0.4542698E-01 -0.1118992E-07  0.1475070E+00 -0.2251565E-07
  0.8370176500000E+05  0.1346935E+01  0.1941291E-06 -0.4543233E-01 -0.1113071E-07  0.1474962E+00 -0.2238218E-07
  0.8418609833333E+05  0.1347028E+01  0.1930865E-06 -0.4543770E-01 -0.1107094E-07  0.1474854E+00 -0.2224807E-07
  0.8467339833333E+05  0.1347122E+01  0.1920498E-06 -0.4544306E-01 -0.1101141E-07  0.1474746E+00 -0.2211488E-07
  0.8516369833333E+05  0.1347215E+01  0.1910187E-06 -0.4544843E-01 -0.1095210E-07  0.1474638E+00 -0.2198261E-07
  0.8565689833333E+05  0.1347309E+01  0.1900447E-06 -0.4545381E-01 -0.1089596E-07  0.1474531E+00 -0.2185716E-07
  0.8615299833333E+05  0.1347403E+01  0.1890367E-06 -0.4545918E-01 -0.1083777E-07  0.1474423E+00 -0.2172807E-07
  0.8665199833333E+05  0.1347497E+01  0.1880342E-06 -0.4546456E-01 -0.1077981E-07  0.1474315E+00 -0.2159984E-07
  0.8715393166667E+05  0.1347591E+01  0.1870247E-06 -0.4546994E-01 -0.1072135E-07  0.1474207E+00 -0.2147108E-07
  0.8765886500000E+05  0.1347685E+01  0.1860086E-06 -0.4547533E-01 -0.1066240E-07  0.1474100E+00 -0.2134182E-07
  0.8816676500000E+05  0.1347779E+01  0.1850350E-06 -0.4548071E-01 -0.1060578E-07  0.1473992E+00 -0.2121768E-07
  0.8867769833333E+05  0.1347873E+01  0.1840304E-06 -0.4548610E-01 -0.1054726E-07  0.1473884E+00 -0.2109023E-07
  0.8919169833333E+05  0.1347967E+01  0.1830435E-06 -0.4549149E-01 -0.1048966E-07  0.1473776E+00 -0.2096507E-07
  0.8970876500000E+05  0.1348061E+01  0.1820738E-06 -0.4549689E-01 -0.1043293E-07  0.1473669E+00 -0.2084212E-07
  0.9022893166667E+05  0.1348155E+01  0.1810977E-06 -0.4550229E-01 -0.1037572E-07  0.1473561E+00 -0.2071867E-07
  0.9075223166667E+05  0.1348249E+01  0.1801270E-06 -0.4550769E-01 -0.1031871E-07  0.1473453E+00 -0.2059609E-07
  0.9127869833333E+05  0.1348344E+01  0.1791616E-06 -0.4551309E-01 -0.1026189E-07  0.1473345E+00 -0.2047435E-07
  0.9180836500000E+05  0.1348438E+01  0.1782015E-06 -0.4551849E-01 -0.1020526E-07  0.1473237E+00 -0.2035345E-07
  0.9234126500000E+05  0.1348532E+01  0.1772467E-06 -0.4552390E-01 -0.1014882E-07  0.1473130E+00 -0.2023339E-07
  0.9287739833333E+05  0.1348627E+01  0.1763080E-06 -0.4552931E-01 -0.1009318E-07  0.1473022E+00 -0.2011539E-07
  0.9341683166667E+05  0.1348722E+01  0.1753525E-06 -0.4553473E-01 -0.1003647E-07  0.1472914E+00 -0.1999570E-07
  0.9395956500000E+05  0.1348816E+01  0.1744237E-06 -0.4554014E-01 -0.9981181E-08  0.1472806E+00 -0.1987929E-07
  0.9450566500000E+05  0.1348911E+01  0.1734786E-06 -0.4554556E-01 -0.9924832E-08  0.1472698E+00 -0.1976122E-07
  0.9505513166667E+05  0.1349006E+01  0.1725596E-06 -0.4555099E-01 -0.9869869E-08  0.1472590E+00 -0.1964637E-07
  0.9560803166667E+05  0.1349101E+01  0.1716246E-06 -0.4555641E-01 -0.9813870E-08  0.1472482E+00 -0.1952989E-07
  0.9616439833333E+05  0.1349196E+01  0.1707049E-06 -0.4556184E-01 -0.9758637E-08  0.1472374E+00 -0.1941539E-07
  0.9672423166667E+05  0.1349291E+01  0.1698002E-06 -0.4556728E-01 -0.9704139E-08  0.1472266E+00 -0.1930279E-07
  0.9728743166667E+05  0.1349386E+01  0.1689300E-06 -0.4557271E-01 -0.9651496E-08  0.1472158E+00 -0.1919431E-07
  0.9785389833333E+05  0.1349481E+01  0.1680634E-06 -0.4557815E-01 -0.9598959E-08  0.1472050E+00 -0.1908645E-07
  0.9842366500000E+05  0.1349576E+01  0.1671616E-06 -0.4558359E-01 -0.9544309E-08  0.1471942E+00 -0.1897479E-07
  0.9899679833333E+05  0.1349672E+01  0.1662552E-06 -0.4558902E-01 -0.9489290E-08  0.1471834E+00 -0.1886280E-07
  0.9957329833333E+05  0.1349767E+01  0.1653732E-06 -0.4559446E-01 -0.9435548E-08  0.1471725E+00 -0.1875379E-07
  0.1001531650000E+06  0.1349862E+01  0.1644958E-06 -0.4559990E-01 -0.9381958E-08  0.1471617E+00 -0.1864550E-07
  0.1007364650000E+06  0.1349958E+01  0.1636044E-06 -0.4560535E-01 -0.9327460E-08  0.1471509E+00 -0.1853582E-07
