nid_dip,nid_strike,shear_strike,shear_dip,effective_normal,slip_rate,state_variable,state_normal,vxm,vym,vzm,vxs,vys,vzs,slips,slipd,slipn
1.00000000000000E+00,1.00000000000000E+00,1.01645710000000E+07,0.00000000000000E+00,-2.50000000000000E+07,9.99999968265523E-21,4.01882251264000E+11,2.50000000000000E+07,4.99999984132761E-21,9.18485091760503E-37,0.00000000000000E+00,-4.99999984132761E-21,-9.18485091760503E-37,0.00000000000000E+00,2.59216086773541E-14,-0.00000000000000E+00,-6.02558339659671E-44
1.00000000000000E+00,2.00000000000000E+00,1.01645710000000E+07,0.00000000000000E+00,-2.50000000000000E+07,9.99999968265523E-21,4.01882251264000E+11,2.50000000000000E+07,4.99999984132761E-21,9.18485091760503E-37,0.00000000000000E+00,-4.99999984132761E-21,-9.18485091760503E-37,0.00000000000000E+00,2.59216086773541E-14,-0.00000000000000E+00,-6.02558339659671E-44
1.00000000000000E+00,3.00000000000000E+00,1.01645710000000E+07,0.00000000000000E+00,-2.50000000000000E+07,9.99999968265523E-21,4.01882251264000E+11,2.50000000000000E+07,4.99999984132761E-21,9.18485091760503E-37,0.00000000000000E+00,-4.99999984132761E-21,-9.18485091760503E-37,0.00000000000000E+00,2.59216086773541E-14,-0.00000000000000E+00,-5.88545355016423E-44
1.00000000000000E+00,4.00000000000000E+00,1.01645710000000E+07,0.00000000000000E+00,-2.50000000000000E+07,9.99999968265523E-21,4.01882251264000E+11,2.50000000000000E+07,4.99999984132761E-21,9.18485091760503E-37,0.00000000000000E+00,-4.99999984132761E-21,-9.18485091760503E-37,0.00000000000000E+00,2.59216086773541E-14,-0.00000000000000E+00,-5.88545355016423E-44
1.00000000000000E+00,5.00000000000000E+00,1.01645710000000E+07,0.00000000000000E+00,-2.50000000000000E+07,9.99999968265523E-21,4.01882251264000E+11,2.50000000000000E+07,4.99999984132761E-21,9.18485091760503E-37,0.00000000000000E+00,-4.99999984132761E-21,-9.18485091760503E-37,0.00000000000000E+00,2.59216086773541E-14,-0.00000000000000E+00,-6.02558339659671E-44
1.00000000000000E+00,6.00000000000000E+00,1.01645710000000E+07,0.00000000000000E+00,-2.50000000000000E+07,9.99999968265523E-21,4.01882251264000E+11,2.50000000000000E+07,4.99999984132761E-21,9.18485091760503E-37,0.00000000000000E+00,-4.99999984132761E-21,-9.18485091760503E-37,0.00000000000000E+00,2.59216086773541E-14,-0.00000000000000E+00,-6.02558339659671E-44
1.00000000000000E+00,7.00000000000000E+00,1.01645710000000E+07,0.00000000000000E+00,-2.50000000000000E+07,9.99999968265523E-21,4.01882251264000E+11,2.50000000000000E+07,4.99999984132761E-21,9.18485091760503E-37,0.00000000000000E+00,-4.99999984132761E-21,-9.18485091760503E-37,0.00000000000000E+00,2.59216086773541E-14,-0.00000000000000E+00,-6.02558339659671E-44
1.00000000000000E+00,8.00000000000000E+00,1.01645710000000E+07,0.00000000000000E+00,-2.50000000000000E+07,9.99999968265523E-21,4.01882251264000E+11,2.50000000000000E+07,4.99999984132761E-21,9.18485091760503E-37,0.00000000000000E+00,-4.99999984132761E-21,-9.18485091760503E-37,0.00000000000000E+00,2.59216086773541E-14,-0.00000000000000E+00,-6.02558339659671E-44
1.00000000000000E+00,9.00000000000000E+00,1.01645710000000E+07,0.00000000000000E+00,-2.50000000000000E+07,9.99999968265523E-21,4.01882251264000E+11,2.50000000000000E+07,4.99999984132761E-21,9.18485091760503E-37,0.00000000000000E+00,-4.99999984132761E-21,-9.18485091760503E-37,0.00000000000000E+00,2.59216086773541E-14,-0.00000000000000E+00,-6.02558339659671E-44
1.00000000000000E+00,1.00000000000000E+01,1.01645710000000E+07,0.00000000000000E+00,-2.50000000000000E+07,9.99999968265523E-21,4.01882251264000E+11,2.50000000000000E+07,4.99999984132761E-21,9.18485091760503E-37,0.00000000000000E+00,-4.99999984132761E-21,-9.18485091760503E-37,0.00000000000000E+00,2.59216086773541E-14,-0.00000000000000E+00,-6.02558339659671E-44
1.00000000000000E+00,1.10000000000000E+01,1.01645710000000E+07,0.00000000000000E+00,-2.50000000000000E+07,9.99999968265523E-21,4.01882251264000E+11,2.50000000000000E+07,4.99999984132761E-21,9.18485091760503E-37,0.00000000000000E+00,-4.99999984132761E-21,-9.18485091760503E-37,0.00000000000000E+00,2.59216086773541E-14,-0.00000000000000E+00,-6.02558339659671E-44
1.00000000000000E+00,1.20000000000000E+01,1.01645710000000E+07,0.00000000000000E+00,-2.50000000000000E+07,9.99999968265523E-21,4.01882251264000E+11,2.50000000000000E+07,4.99999984132761E-21,9.18485091760503E-37,0.00000000000000E+00,-4.99999984132761E-21,-9.18485091760503E-37,0.00000000000000E+00,2.59216086773541E-14,-0.00000000000000E+00,-6.02558339659671E-44
1.00000000000000E+00,1.30000000000000E+01,1.01645710000000E+07,0.00000000000000E+00,-2.50000000000000E+07,9.99999968265523E-21,4.01882251264000E+11,2.50000000000000E+07,4.99999984132761E-21,9.18485091760503E-37,0.00000000000000E+00,-4.99999984132761E-21,-9.18485091760503E-37,0.00000000000000E+00,2.59216086773541E-14,-0.00000000000000E+00,-6.02558339659671E-44
1.00000000000000E+00,1.40000000000000E+01,1.01645710000000E+07,0.00000000000000E+00,-2.50000000000000E+07,9.99999968265523E-21,4.01882251264000E+11,2.50000000000000E+07,4.99999984132761E-21,9.18485091760503E-37,0.00000000000000E+00,-4.99999984132761E-21,-9.18485091760503E-37,0.00000000000000E+00,2.59216086773541E-14,-0.00000000000000E+00,-6.02558339659671E-44
1.00000000000000E+00,1.50000000000000E+01,1.01645710000000E+07,0.00000000000000E+00,-2.50000000000000E+07,9.99999968265523E-21,4.01882251264000E+11,2.50000000000000E+07,4.99999984132761E-21,9.18485091760503E-37,0.00000000000000E+00,-4.99999984132761E-21,-9.18485091760503E-37,0.00000000000000E+00,2.59216086773541E-14,-0.00000000000000E+00,-6.02558339659671E-44
1.00000000000000E+00,1.60000000000000E+01,1.01645710000000E+07,0.00000000000000E+00,-2.50000000000000E+07,9.99999968265523E-21,4.01882251264000E+11,2.50000000000000E+07,4.99999984132761E-21,9.18485091760503E-37,0.00000000000000E+00,-4.99999984132761E-21,-9.18485091760503E-37,0.00000000000000E+00,2.59216086773541E-14,-0.00000000000000E+00,-6.02558339659671E-44
1.00000000000000E+00,1.70000000000000E+01,1.01645710000000E+07,0.00000000000000E+00,-2.50000000000000E+07,9.99999968265523E-21,4.01882251264000E+11,2.50000000000000E+07,4.99999984132761E-21,9.18485091760503E-37,0.00000000000000E+00,-4.99999984132761E-21,-9.18485091760503E-37,0.00000000000000E+00,2.59216086773541E-14,-0.00000000000000E+00,-5.88545355016423E-44
1.00000000000000E+00,1.80000000000000E+01,1.01645710000000E+07,0.00000000000000E+00,-2.50000000000000E+07,9.99999968265523E-21,4.01882251264000E+11,2.50000000000000E+07,4.99999984132761E-21,9.18485091760503E-37,0.00000000000000E+00,-4.99999984132761E-21,-9.18485091760503E-37,0.00000000000000E+00,2.59216086773541E-14,-0.00000000000000E+00,-5.88545355016423E-44
1.00000000000000E+00,1.90000000000000E+01,1.01645710000000E+07,0.00000000000000E+00,-2.50000000000000E+07,9.99999968265523E-21,4.01882251264000E+11,2.50000000000000E+07,4.99999984132761E-21,9.18485091760503E-37,0.00000000000000E+00,-4.99999984132761E-21,-9.18485091760503E-37,0.00000000000000E+00,2.59216086773541E-14,-0.00000000000000E+00,-6.02558339659671E-44
1.00000000000000E+00,2.00000000000000E+01,1.01645710000000E+07,0.00000000000000E+00,-2.50000000000000E+07,9.99999968265523E-21,4.01882251264000E+11,2.50000000000000E+07,4.99999984132761E-21,9.18485091760503E-37,0.00000000000000E+00,-4.99999984132761E-21,-9.18485091760503E-37,0.00000000000000E+00,2.59216086773541E-14,-0.00000000000000E+00,-6.02558339659671E-44
1.00000000000000E+00,2.10000000000000E+01,1.01645710000000E+07,0.00000000000000E+00,-2.50000000000000E+07,9.99999968265523E-21,4.01882251264000E+11,2.50000000000000E+07,4.99999984132761E-21,9.18485091760503E-37,0.00000000000000E+00,-4.99999984132761E-21,-9.18485091760503E-37,0.00000000000000E+00,2.59216086773541E-14,-0.00000000000000E+00,-5.88545355016423E-44
2.00000000000000E+00,1.00000000000000E+00,1.01645710000000E+07,0.00000000000000E+00,-2.50000000000000E+07,9.99999968265523E-21,4.01882251264000E+11,2.50000000000000E+07,4.99999984132761E-21,9.18485091760503E-37,0.00000000000000E+00,-4.99999984132761E-21,-9.18485091760503E-37,0.00000000000000E+00,2.59216086773541E-14,-0.00000000000000E+00,-5.88545355016423E-44
2.00000000000000E+00,2.00000000000000E+00,1.01645710000000E+07,0.00000000000000E+00,-2.50000000000000E+07,9.99999968265523E-21,4.01882251264000E+11,2.50000000000000E+07,4.99999984132761E-21,9.18485091760503E-37,0.00000000000000E+00,-4.99999984132761E-21,-9.18485091760503E-37,0.00000000000000E+00,2.59216086773541E-14,-0.00000000000000E+00,-5.88545355016423E-44
2.00000000000000E+00,3.00000000000000E+00,1.01645710000000E+07,0.00000000000000E+00,-2.50000000000000E+07,9.99999968265523E-21,4.01882251264000E+11,2.50000000000000E+07,4.99999984132761E-21,9.18485091760503E-37,0.00000000000000E+00,-4.99999984132761E-21,-9.18485091760503E-37,0.00000000000000E+00,2.59216086773541E-14,-0.00000000000000E+00,-5.88545355016423E-44
2.00000000000000E+00,4.00000000000000E+00,1.01645710000000E+07,0.00000000000000E+00,-2.50000000000000E+07,9.99999968265523E-21,4.01882251264000E+11,2.50000000000000E+07,4.99999984132761E-21,9.18485091760503E-37,0.00000000000000E+00,-4.99999984132761E-21,-9.18485091760503E-37,0.00000000000000E+00,2.59216086773541E-14,-0.00000000000000E+00,-5.88545355016423E-44
2.00000000000000E+00,5.00000000000000E+00,1.01645710000000E+07,0.00000000000000E+00,-2.50000000000000E+07,9.99999968265523E-21,4.01882251264000E+11,2.50000000000000E+07,4.99999984132761E-21,9.18485091760503E-37,0.00000000000000E+00,-4.99999984132761E-21,-9.18485091760503E-37,0.00000000000000E+00,2.59216086773541E-14,-0.00000000000000E+00,-5.88545355016423E-44
2.00000000000000E+00,6.00000000000000E+00,1.01645710000000E+07,0.00000000000000E+00,-2.50000000000000E+07,9.99999968265523E-21,4.01882251264000E+11,2.50000000000000E+07,4.99999984132761E-21,9.18485091760503E-37,0.00000000000000E+00,-4.99999984132761E-21,-9.18485091760503E-37,0.00000000000000E+00,2.59216086773541E-14,-0.00000000000000E+00,-5.88545355016423E-44
2.00000000000000E+00,7.00000000000000E+00,1.01645710000000E+07,0.00000000000000E+00,-2.50000000000000E+07,9.99999968265523E-21,4.01882251264000E+11,2.50000000000000E+07,4.99999984132761E-21,9.18485091760503E-37,0.00000000000000E+00,-4.99999984132761E-21,-9.18485091760503E-37,0.00000000000000E+00,2.59216086773541E-14,-0.00000000000000E+00,-5.88545355016423E-44
2.00000000000000E+00,8.00000000000000E+00,1.01645710000000E+07,0.00000000000000E+00,-2.50000000000000E+07,9.99999968265523E-21,4.01882251264000E+11,2.50000000000000E+07,4.99999984132761E-21,9.18485091760503E-37,0.00000000000000E+00,-4.99999984132761E-21,-9.18485091760503E-37,0.00000000000000E+00,2.59216086773541E-14,-0.00000000000000E+00,-5.88545355016423E-44
2.00000000000000E+00,9.00000000000000E+00,1.01645710000000E+07,0.00000000000000E+00,-2.50000000000000E+07,9.99999968265523E-21,4.01882251264000E+11,2.50000000000000E+07,4.99999984132761E-21,9.18485091760503E-37,0.00000000000000E+00,-4.99999984132761E-21,-9.18485091760503E-37,0.00000000000000E+00,2.59216086773541E-14,-0.00000000000000E+00,-5.88545355016423E-44
2.00000000000000E+00,1.00000000000000E+01,1.01645710000000E+07,0.00000000000000E+00,-2.50000000000000E+07,9.99999968265523E-21,4.01882251264000E+11,2.50000000000000E+07,4.99999984132761E-21,9.18485091760503E-37,0.00000000000000E+00,-4.99999984132761E-21,-9.18485091760503E-37,0.00000000000000E+00,2.59216086773541E-14,-0.00000000000000E+00,-5.88545355016423E-44
2.00000000000000E+00,1.10000000000000E+01,1.01645710000000E+07,0.00000000000000E+00,-2.50000000000000E+07,9.99999968265523E-21,4.01882251264000E+11,2.50000000000000E+07,4.99999984132761E-21,9.18485091760503E-37,0.00000000000000E+00,-4.99999984132761E-21,-9.18485091760503E-37,0.00000000000000E+00,2.59216086773541E-14,-0.00000000000000E+00,-5.88545355016423E-44
2.00000000000000E+00,1.20000000000000E+01,1.01645710000000E+07,0.00000000000000E+00,-2.50000000000000E+07,9.99999968265523E-21,4.01882251264000E+11,2.50000000000000E+07,4.99999984132761E-21,9.18485091760503E-37,0.00000000000000E+00,-4.99999984132761E-21,-9.18485091760503E-37,0.00000000000000E+00,2.59216086773541E-14,-0.00000000000000E+00,-5.88545355016423E-44
2.00000000000000E+00,1.30000000000000E+01,1.01645710000000E+07,0.00000000000000E+00,-2.50000000000000E+07,9.99999968265523E-21,4.01882251264000E+11,2.50000000000000E+07,4.99999984132761E-21,9.18485091760503E-37,0.00000000000000E+00,-4.99999984132761E-21,-9.18485091760503E-37,0.00000000000000E+00,2.59216086773541E-14,-0.00000000000000E+00,-5.88545355016423E-44
2.00000000000000E+00,1.40000000000000E+01,1.01645710000000E+07,0.00000000000000E+00,-2.50000000000000E+07,9.99999968265523E-21,4.01882251264000E+11,2.50000000000000E+07,4.99999984132761E-21,9.18485091760503E-37,0.00000000000000E+00,-4.99999984132761E-21,-9.18485091760503E-37,0.00000000000000E+00,2.59216086773541E-14,-0.00000000000000E+00,-5.88545355016423E-44
2.00000000000000E+00,1.50000000000000E+01,1.01645710000000E+07,0.00000000000000E+00,-2.50000000000000E+07,9.99999968265523E-21,4.01882251264000E+11,2.50000000000000E+07,4.99999984132761E-21,9.18485091760503E-37,0.00000000000000E+00,-4.99999984132761E-21,-9.18485091760503E-37,0.00000000000000E+00,2.59216086773541E-14,-0.00000000000000E+00,-5.88545355016423E-44
2.00000000000000E+00,1.60000000000000E+01,1.01645710000000E+07,0.00000000000000E+00,-2.50000000000000E+07,9.99999968265523E-21,4.01882251264000E+11,2.50000000000000E+07,4.99999984132761E-21,9.18485091760503E-37,0.00000000000000E+00,-4.99999984132761E-21,-9.18485091760503E-37,0.00000000000000E+00,2.59216086773541E-14,-0.00000000000000E+00,-5.88545355016423E-44
2.00000000000000E+00,1.70000000000000E+01,1.01645710000000E+07,0.00000000000000E+00,-2.50000000000000E+07,9.99999968265523E-21,4.01882251264000E+11,2.50000000000000E+07,4.99999984132761E-21,9.18485091760503E-37,0.00000000000000E+00,-4.99999984132761E-21,-9.18485091760503E-37,0.00000000000000E+00,2.59216086773541E-14,-0.00000000000000E+00,-5.88545355016423E-44
2.00000000000000E+00,1.80000000000000E+01,1.01645710000000E+07,0.00000000000000E+00,-2.50000000000000E+07,9.99999968265523E-21,4.01882251264000E+11,2.50000000000000E+07,4.99999984132761E-21,9.18485091760503E-37,0.00000000000000E+00,-4.99999984132761E-21,-9.18485091760503E-37,0.00000000000000E+00,2.59216086773541E-14,-0.00000000000000E+00,-5.88545355016423E-44
2.00000000000000E+00,1.90000000000000E+01,1.01645710000000E+07,0.00000000000000E+00,-2.50000000000000E+07,9.99999968265523E-21,4.01882251264000E+11,2.50000000000000E+07,4.99999984132761E-21,9.18485091760503E-37,0.00000000000000E+00,-4.99999984132761E-21,-9.18485091760503E-37,0.00000000000000E+00,2.59216086773541E-14,-0.00000000000000E+00,-5.88545355016423E-44
2.00000000000000E+00,2.00000000000000E+01,1.01645710000000E+07,0.00000000000000E+00,-2.50000000000000E+07,9.99999968265523E-21,4.01882251264000E+11,2.50000000000000E+07,4.99999984132761E-21,9.18485091760503E-37,0.00000000000000E+00,-4.99999984132761E-21,-9.18485091760503E-37,0.00000000000000E+00,2.59216086773541E-14,-0.00000000000000E+00,-5.88545355016423E-44
2.00000000000000E+00,2.10000000000000E+01,1.01645710000000E+07,0.00000000000000E+00,-2.50000000000000E+07,9.99999968265523E-21,4.01882251264000E+11,2.50000000000000E+07,4.99999984132761E-21,9.18485091760503E-37,0.00000000000000E+00,-4.99999984132761E-21,-9.18485091760503E-37,0.00000000000000E+00,2.59216086773541E-14,-0.00000000000000E+00,-5.88545355016423E-44
3.00000000000000E+00,1.00000000000000E+00,1.01645710000000E+07,0.00000000000000E+00,-2.50000000000000E+07,9.99999968265523E-21,4.01882251264000E+11,2.50000000000000E+07,4.99999984132761E-21,9.18485091760503E-37,0.00000000000000E+00,-4.99999984132761E-21,-9.18485091760503E-37,0.00000000000000E+00,2.59216086773541E-14,-0.00000000000000E+00,-5.88545355016423E-44
3.00000000000000E+00,2.00000000000000E+00,1.01645710000000E+07,0.00000000000000E+00,-2.50000000000000E+07,9.99999968265523E-21,4.01882251264000E+11,2.50000000000000E+07,4.99999984132761E-21,9.18485091760503E-37,0.00000000000000E+00,-4.99999984132761E-21,-9.18485091760503E-37,0.00000000000000E+00,2.59216086773541E-14,-0.00000000000000E+00,-5.88545355016423E-44
3.00000000000000E+00,3.00000000000000E+00,1.48907800000000E+07,1.73095562500000E+05,-2.33183020000000E+07,3.18210006955422E-11,3.73524856832000E+11,2.33183020000000E+07,1.59094265539395E-11,2.91119005939606E-27,1.84936660711961E-13,-1.59094265539395E-11,-2.91119005939606E-27,-1.84936660711961E-13,3.65813648386393E-05,3.26302227904307E-07,-4.59242555841245E-26
3.00000000000000E+00,4.00000000000000E+00,1.49442880000000E+07,1.55734453125000E+05,-2.33181420000000E+07,3.68928880500885E-11,3.70712477696000E+11,2.33181420000000E+07,1.84454430895986E-11,3.37660277862990E-27,1.92219992093540E-13,-1.84454430895986E-11,-3.37660277862990E-27,-1.92219992093540E-13,4.03591548092663E-05,3.26616913071121E-07,-4.59242555841245E-26
3.00000000000000E+00,5.00000000000000E+00,1.49892290000000E+07,1.48541750000000E+05,-2.33176860000000E+07,4.18402049118249E-11,3.67876669440000E+11,2.33176860000000E+07,2.09190754996147E-11,3.83007800628944E-27,2.07305919934682E-13,-2.09190754996147E-11,-3.83007800628944E-27,-2.07305919934682E-13,4.41973897977732E-05,3.47459035765496E-07,-4.59242555841245E-26
3.00000000000000E+00,6.00000000000000E+00,1.50386840000000E+07,1.40489156250000E+05,-2.33170040000000E+07,4.80863023011313E-11,3.64584960000000E+11,2.33170040000000E+07,2.40421016428627E-11,4.40270974923624E-27,2.24597738410909E-13,-2.40421016428627E-11,-4.40270974923624E-27,-2.24597738410909E-13,4.86899007228203E-05,3.70551504147443E-07,-4.59242555841245E-26
3.00000000000000E+00,7.00000000000000E+00,1.50955740000000E+07,1.28675109375000E+05,-2.33161980000000E+07,5.64457230955995E-11,3.60705720320000E+11,2.33161980000000E+07,2.82218363262254E-11,5.16953686033550E-27,2.40563726707985E-13,-2.82218363262254E-11,-5.16953686033550E-27,-2.40563726707985E-13,5.40364962944295E-05,3.79344498924183E-07,-4.59242555841245E-26
3.00000000000000E+00,8.00000000000000E+00,1.51552940000000E+07,1.10202625000000E+05,-2.33153920000000E+07,6.68087390964800E-11,3.56419928064000E+11,2.33153920000000E+07,3.34034883087142E-11,6.12124823867807E-27,2.42895466110241E-13,-3.34034883087142E-11,-6.12124823867807E-27,-2.42895466110241E-13,6.00106286583468E-05,3.57052243771250E-07,-4.59242555841245E-26
3.00000000000000E+00,9.00000000000000E+00,1.52083650000000E+07,8.23487734375000E+04,-2.33147100000000E+07,7.76380626454909E-11,3.52311607296000E+11,2.33147100000000E+07,3.88184623334453E-11,7.11796513314708E-27,2.10190439814580E-13,-3.88184623334453E-11,-7.11796513314708E-27,-2.10190439814580E-13,6.58051721984521E-05,2.87021009626187E-07,-4.59242555841245E-26
3.00000000000000E+00,1.00000000000000E+01,1.52443310000000E+07,4.47071523437500E+04,-2.33142540000000E+07,8.59928725449599E-11,3.49269819392000E+11,2.33142540000000E+07,4.29962489223445E-11,7.89056194517373E-27,1.26095396060441E-13,-4.29962489223445E-11,-7.89056194517373E-27,-1.26095396060441E-13,7.01391400070861E-05,1.62587255658764E-07,-4.59242555841245E-26
3.00000000000000E+00,1.10000000000000E+01,1.52564150000000E+07,-1.69411581985024E-10,-2.33140920000000E+07,8.90133453057551E-11,3.48141158400000E+11,2.33140920000000E+07,4.45066726528776E-11,8.17574286613090E-27,-4.94214760810904E-28,-4.45066726528776E-11,-8.17574286613090E-27,4.94214760810904E-28,7.17569564585574E-05,5.57491788252034E-23,-4.59242555841245E-26
3.00000000000000E+00,1.20000000000000E+01,1.52443310000000E+07,-4.47071523437500E+04,-2.33142540000000E+07,8.59928725449599E-11,3.49269819392000E+11,2.33142540000000E+07,4.29962489223445E-11,7.90600405146782E-27,-1.26095396060441E-13,-4.29962489223445E-11,-7.90600405146782E-27,1.26095396060441E-13,7.01391400070861E-05,-1.62587255658764E-07,-4.59242555841245E-26
3.00000000000000E+00,1.30000000000000E+01,1.52083650000000E+07,-8.23487734375000E+04,-2.33147100000000E+07,7.76380626454909E-11,3.52311607296000E+11,2.33147100000000E+07,3.88184623334453E-11,7.14370634241178E-27,-2.10190439814580E-13,-3.88184623334453E-11,-7.14370634241178E-27,2.10190439814580E-13,6.58051721984521E-05,-2.87021009626187E-07,-4.59242555841245E-26
3.00000000000000E+00,1.40000000000000E+01,1.51552940000000E+07,-1.10202625000000E+05,-2.33153920000000E+07,6.68087390964800E-11,3.56419928064000E+11,2.33153920000000E+07,3.34034883087142E-11,6.15099422666913E-27,-2.42895466110241E-13,-3.34034883087142E-11,-6.15099422666913E-27,2.42895466110241E-13,6.00106286583468E-05,-3.57052243771250E-07,-4.59242555841245E-26
3.00000000000000E+00,1.50000000000000E+01,1.50955740000000E+07,-1.28675109375000E+05,-2.33161980000000E+07,5.64457230955995E-11,3.60705720320000E+11,2.33161980000000E+07,2.82218363262254E-11,5.19899742550880E-27,-2.40563726707985E-13,-2.82218363262254E-11,-5.19899742550880E-27,2.40563726707985E-13,5.40364962944295E-05,-3.79344498924183E-07,-4.59242555841245E-26
3.00000000000000E+00,1.60000000000000E+01,1.50386840000000E+07,-1.40489156250000E+05,-2.33170040000000E+07,4.80863023011313E-11,3.64584960000000E+11,2.33170040000000E+07,2.40421016428627E-11,4.43021511033000E-27,-2.24597738410909E-13,-2.40421016428627E-11,-4.43021511033000E-27,2.24597738410909E-13,4.86899007228203E-05,-3.70551504147443E-07,-4.59242555841245E-26
3.00000000000000E+00,1.70000000000000E+01,1.49892290000000E+07,-1.48541750000000E+05,-2.33176860000000E+07,4.18402049118249E-11,3.67876669440000E+11,2.33176860000000E+07,2.09190754996147E-11,3.85546561481635E-27,-2.07305919934682E-13,-2.09190754996147E-11,-3.85546561481635E-27,2.07305919934682E-13,4.41973897977732E-05,-3.47459035765496E-07,-4.59242555841245E-26
3.00000000000000E+00,1.80000000000000E+01,1.49442880000000E+07,-1.55734453125000E+05,-2.33181420000000E+07,3.68928880500885E-11,3.70712477696000E+11,2.33181420000000E+07,1.84454430895986E-11,3.40014303515416E-27,-1.92219992093540E-13,-1.84454430895986E-11,-3.40014303515416E-27,1.92219992093540E-13,4.03591548092663E-05,-3.26616913071121E-07,-4.59242555841245E-26
3.00000000000000E+00,1.90000000000000E+01,1.48907800000000E+07,-1.73095562500000E+05,-2.33183020000000E+07,3.18210006955422E-11,3.73524856832000E+11,2.33183020000000E+07,1.59094265539395E-11,2.93383822517008E-27,-1.84936660711961E-13,-1.59094265539395E-11,-2.93383822517008E-27,1.84936660711961E-13,3.65813648386393E-05,-3.26302227904307E-07,-4.59242555841245E-26
3.00000000000000E+00,2.00000000000000E+01,1.01645710000000E+07,0.00000000000000E+00,-2.50000000000000E+07,9.99999968265523E-21,4.01882251264000E+11,2.50000000000000E+07,4.99999984132761E-21,9.18485091760503E-37,0.00000000000000E+00,-4.99999984132761E-21,-9.18485091760503E-37,0.00000000000000E+00,2.59216086773541E-14,-0.00000000000000E+00,-5.88545355016423E-44
3.00000000000000E+00,2.10000000000000E+01,1.01645710000000E+07,0.00000000000000E+00,-2.50000000000000E+07,9.99999968265523E-21,4.01882251264000E+11,2.50000000000000E+07,4.99999984132761E-21,9.18485091760503E-37,0.00000000000000E+00,-4.99999984132761E-21,-9.18485091760503E-37,0.00000000000000E+00,2.59216086773541E-14,-0.00000000000000E+00,-5.88545355016423E-44
4.00000000000000E+00,1.00000000000000E+00,1.01645710000000E+07,0.00000000000000E+00,-2.50000000000000E+07,9.99999968265523E-21,4.01882251264000E+11,2.50000000000000E+07,4.99999984132761E-21,9.18485091760503E-37,0.00000000000000E+00,-4.99999984132761E-21,-9.18485091760503E-37,0.00000000000000E+00,2.59216086773541E-14,-0.00000000000000E+00,-5.88545355016423E-44
4.00000000000000E+00,2.00000000000000E+00,1.01645710000000E+07,0.00000000000000E+00,-2.50000000000000E+07,9.99999968265523E-21,4.01882251264000E+11,2.50000000000000E+07,4.99999984132761E-21,9.18485091760503E-37,0.00000000000000E+00,-4.99999984132761E-21,-9.18485091760503E-37,0.00000000000000E+00,2.59216086773541E-14,-0.00000000000000E+00,-5.88545355016423E-44
4.00000000000000E+00,3.00000000000000E+00,1.50584200000000E+07,2.13427031250000E+05,-2.33181420000000E+07,5.06922073761906E-11,3.64844285952000E+11,2.33181420000000E+07,2.53435571140326E-11,4.63354131234880E-27,3.59201031549169E-13,-2.53435571140326E-11,-4.63354131234880E-27,-3.59201031549169E-13,4.83321964566130E-05,5.22524715051986E-07,-4.59242555841245E-26
4.00000000000000E+00,4.00000000000000E+00,1.51757340000000E+07,2.05125437500000E+05,-2.33179820000000E+07,7.03092375986536E-11,3.57469782016000E+11,2.33179820000000E+07,3.51514060914493E-11,6.42811551599503E-27,4.75130080678648E-13,-3.51514060914493E-11,-6.42811551599503E-27,-4.75130080678648E-13,5.85368288739119E-05,6.15165674844320E-07,-4.59242555841245E-26
4.00000000000000E+00,5.00000000000000E+00,1.53123260000000E+07,2.12594484375000E+05,-2.33175260000000E+07,1.03283687158395E-10,3.47632762880000E+11,2.33175260000000E+07,5.16368683922686E-11,9.44163967039312E-27,7.16920012938660E-13,-5.16368683922686E-11,-9.44163967039312E-27,-7.16920012938660E-13,7.24796918802895E-05,7.82146230449143E-07,-4.59242555841245E-26
4.00000000000000E+00,6.00000000000000E+00,1.54934970000000E+07,2.53646859375000E+05,-2.33168440000000E+07,1.73290271021642E-10,3.31819155456000E+11,2.33168440000000E+07,8.66335267413199E-11,1.58274756315050E-26,1.41829321724518E-12,-8.66335267413199E-11,-1.58274756315050E-26,-1.41829321724518E-12,9.57383454078808E-05,1.09310542484309E-06,-4.59242555841245E-26
4.00000000000000E+00,7.00000000000000E+00,1.56854300000000E+07,3.16618843750000E+05,-2.33160380000000E+07,3.04506198034460E-10,3.08827029504000E+11,2.33160380000000E+07,1.52222096039267E-10,2.77745968555224E-26,3.07268490165602E-12,-1.52222096039267E-10,-2.77745968555224E-26,-3.07268490165602E-12,1.31605644128285E-04,1.62316882779123E-06,-4.59242555841245E-26
4.00000000000000E+00,8.00000000000000E+00,1.58771920000000E+07,3.46655250000000E+05,-2.33152320000000E+07,5.43990852364118E-10,2.79076569088000E+11,2.33152320000000E+07,2.71930616912996E-10,4.95892941053176E-26,5.93720645564177E-12,-2.71930616912996E-10,-4.95892941053176E-26,-5.93720645564177E-12,1.82187941391021E-04,2.30008663493209E-06,-4.59242555841245E-26
4.00000000000000E+00,9.00000000000000E+00,1.60166110000000E+07,2.80529687500000E+05,-2.33145480000000E+07,8.50552683839823E-10,2.47237558272000E+11,2.33145480000000E+07,4.25211116317215E-10,7.76539822327833E-26,7.44753911319229E-12,-4.25211116317215E-10,-7.76539822327833E-26,-7.44753911319229E-12,2.42679845541716E-04,2.62439152720617E-06,-4.59242555841245E-26
4.00000000000000E+00,1.00000000000000E+01,1.61388860000000E+07,1.37961265625000E+05,-2.33140920000000E+07,1.26015442525329E-09,2.21137076224000E+11,2.33140920000000E+07,6.30054175498884E-10,1.15409278076041E-25,5.38593995791370E-12,-6.30054175498884E-10,-1.15409278076041E-25,-5.38593995791370E-12,2.98370403470472E-04,1.86410181868268E-06,-4.59242555841245E-26
4.00000000000000E+00,1.10000000000000E+01,1.61960930000000E+07,-1.52593260249745E-09,-2.33139320000000E+07,1.51628920530555E-09,2.09725603840000E+11,2.33139320000000E+07,7.58144602652777E-10,1.39268893844420E-25,-7.14294197933545E-26,-7.58144602652777E-10,-1.39268893844420E-25,7.14294197933545E-26,3.24804394040257E-04,-3.59515344747163E-20,-4.59242555841245E-26
4.00000000000000E+00,1.20000000000000E+01,1.61388860000000E+07,-1.37961265625000E+05,-2.33140920000000E+07,1.26015442525329E-09,2.21137076224000E+11,2.33140920000000E+07,6.30054175498884E-10,1.16068864400419E-25,-5.38593995791370E-12,-6.30054175498884E-10,-1.16068864400419E-25,5.38593995791370E-12,2.98370403470472E-04,-1.86410181868268E-06,-4.59242555841245E-26
4.00000000000000E+00,1.30000000000000E+01,1.60166110000000E+07,-2.80529687500000E+05,-2.33145480000000E+07,8.50552683839823E-10,2.47237558272000E+11,2.33145480000000E+07,4.25211116317215E-10,7.85660471876627E-26,-7.44753911319229E-12,-4.25211116317215E-10,-7.85660471876627E-26,7.44753911319229E-12,2.42679845541716E-04,-2.62439152720617E-06,-4.59242555841245E-26
4.00000000000000E+00,1.40000000000000E+01,1.58771920000000E+07,-3.46655250000000E+05,-2.33152320000000E+07,5.43990852364118E-10,2.79076569088000E+11,2.33152320000000E+07,2.71930616912996E-10,5.03163927483380E-26,-5.93720645564177E-12,-2.71930616912996E-10,-5.03163927483380E-26,5.93720645564177E-12,1.82187941391021E-04,-2.30008663493209E-06,-4.59242555841245E-26
4.00000000000000E+00,1.50000000000000E+01,1.56854300000000E+07,-3.16618843750000E+05,-2.33160380000000E+07,3.04506198034460E-10,3.08827029504000E+11,2.33160380000000E+07,1.52222096039267E-10,2.81508927517765E-26,-3.07268490165602E-12,-1.52222096039267E-10,-2.81508927517765E-26,3.07268490165602E-12,1.31605644128285E-04,-1.62316882779123E-06,-4.59242555841245E-26
4.00000000000000E+00,1.60000000000000E+01,1.54934970000000E+07,-2.53646859375000E+05,-2.33168440000000E+07,1.73290271021642E-10,3.31819155456000E+11,2.33168440000000E+07,8.66335267413199E-11,1.60011667790975E-26,-1.41829321724518E-12,-8.66335267413199E-11,-1.60011667790975E-26,1.41829321724518E-12,9.57383454078808E-05,-1.09310542484309E-06,-4.59242555841245E-26
4.00000000000000E+00,1.70000000000000E+01,1.53123260000000E+07,-2.12594484375000E+05,-2.33175260000000E+07,1.03283687158395E-10,3.47632762880000E+11,2.33175260000000E+07,5.16368683922686E-11,9.52943742395389E-27,-7.16920012938660E-13,-5.16368683922686E-11,-9.52943742395389E-27,7.16920012938660E-13,7.24796918802895E-05,-7.82146230449143E-07,-4.59242555841245E-26
4.00000000000000E+00,1.80000000000000E+01,1.51757340000000E+07,-2.05125437500000E+05,-2.33179820000000E+07,7.03092375986536E-11,3.57469782016000E+11,2.33179820000000E+07,3.51514060914493E-11,6.48630171147486E-27,-4.75130080678648E-13,-3.51514060914493E-11,-6.48630171147486E-27,4.75130080678648E-13,5.85368288739119E-05,-6.15165674844320E-07,-4.59242555841245E-26
4.00000000000000E+00,1.90000000000000E+01,1.50584200000000E+07,-2.13427031250000E+05,-2.33181420000000E+07,5.06922073761906E-11,3.64844285952000E+11,2.33181420000000E+07,2.53435571140326E-11,4.67753070783657E-27,-3.59201031549169E-13,-2.53435571140326E-11,-4.67753070783657E-27,3.59201031549169E-13,4.83321964566130E-05,-5.22524715051986E-07,-4.59242555841245E-26
4.00000000000000E+00,2.00000000000000E+01,1.01645710000000E+07,0.00000000000000E+00,-2.50000000000000E+07,9.99999968265523E-21,4.01882251264000E+11,2.50000000000000E+07,4.99999984132761E-21,9.18485091760503E-37,0.00000000000000E+00,-4.99999984132761E-21,-9.18485091760503E-37,0.00000000000000E+00,2.59216086773541E-14,-0.00000000000000E+00,-5.88545355016423E-44
4.00000000000000E+00,2.10000000000000E+01,1.01645710000000E+07,0.00000000000000E+00,-2.50000000000000E+07,9.99999968265523E-21,4.01882251264000E+11,2.50000000000000E+07,4.99999984132761E-21,9.18485091760503E-37,0.00000000000000E+00,-4.99999984132761E-21,-9.18485091760503E-37,0.00000000000000E+00,2.59216086773541E-14,-0.00000000000000E+00,-5.88545355016423E-44
5.00000000000000E+00,1.00000000000000E+00,1.01645710000000E+07,0.00000000000000E+00,-2.50000000000000E+07,9.99999968265523E-21,4.01882251264000E+11,2.50000000000000E+07,4.99999984132761E-21,9.18485091760503E-37,0.00000000000000E+00,-4.99999984132761E-21,-9.18485091760503E-37,0.00000000000000E+00,2.59216086773541E-14,-0.00000000000000E+00,-5.88545355016423E-44
5.00000000000000E+00,2.00000000000000E+00,1.01645710000000E+07,0.00000000000000E+00,-2.50000000000000E+07,9.99999968265523E-21,4.01882251264000E+11,2.50000000000000E+07,4.99999984132761E-21,9.18485091760503E-37,0.00000000000000E+00,-4.99999984132761E-21,-9.18485091760503E-37,0.00000000000000E+00,2.59216086773541E-14,-0.00000000000000E+00,-6.02558339659671E-44
5.00000000000000E+00,3.00000000000000E+00,1.54628540000000E+07,3.38671000000000E+05,-2.33176860000000E+07,1.58478841161269E-10,3.37221386240000E+11,2.33176860000000E+07,7.92204218891257E-11,1.44463111496992E-26,1.73510392251913E-12,-7.92204218891257E-11,-1.44463111496992E-26,-1.73510392251913E-12,8.76637641340494E-05,1.27834834984242E-06,-4.59242555841245E-26
5.00000000000000E+00,4.00000000000000E+00,1.58721060000000E+07,5.38411562500000E+05,-2.33175260000000E+07,5.44652822842551E-10,2.76978860032000E+11,2.33175260000000E+07,2.72169869974803E-10,4.94314664574910E-26,9.23251145673598E-12,-2.72169869974803E-10,-4.94314664574910E-26,-9.23251145673598E-12,1.85923825483769E-04,4.15501472161850E-06,-4.59242555841245E-26
5.00000000000000E+00,5.00000000000000E+00,1.59805510000000E+07,5.65838625000000E+05,-2.33170700000000E+07,9.15071129981015E-10,1.93180254208000E+11,2.33170700000000E+07,4.57249016427852E-10,8.30039136324758E-26,1.61902522638480E-11,-4.57249016427852E-10,-8.30039136324758E-26,-1.61902522638480E-11,3.65871528629214E-04,1.07540890894597E-05,-4.59242555841245E-26
5.00000000000000E+00,6.00000000000000E+00,1.62935300000000E+07,3.72980312500000E+05,-2.33163860000000E+07,3.90151999596355E-09,7.08190617600000E+10,2.33163860000000E+07,1.95024907334584E-09,3.55521293618967E-25,4.46437643797370E-11,-1.95024907334584E-09,-3.55521293618967E-25,-4.46437643797370E-11,8.66719987243414E-04,2.33026275964221E-05,-4.59242555841245E-26
5.00000000000000E+00,7.00000000000000E+00,1.60191220000000E+07,2.54005734375000E+05,-2.33155800000000E+07,1.14503606596372E-08,3.84106316800000E+09,2.33155800000000E+07,5.72446046120945E-09,1.04600835968623E-24,9.07693850638047E-11,-5.72446046120945E-09,-1.04600835968623E-24,-9.07693850638047E-11,2.32190242968500E-03,4.47341553808656E-05,-4.59242555841245E-26
5.00000000000000E+00,8.00000000000000E+00,1.51728240000000E+07,1.73432078125000E+05,-2.33147740000000E+07,2.42443896070199E-08,3.02223220000000E+07,2.33147740000000E+07,1.21214025483596E-08,2.21818161052718E-24,1.38552974648931E-10,-1.21214025483596E-08,-2.21818161052718E-24,-1.38552974648931E-10,4.74156532436609E-03,6.53877068543807E-05,-4.59242525026366E-26
5.00000000000000E+00,9.00000000000000E+00,1.40412430000000E+07,1.07105164062500E+05,-2.33140920000000E+07,3.29742455562609E-08,1.43270984375000E+05,2.33140920000000E+07,1.64866431617838E-08,3.02084679272865E-24,1.25758431446243E-10,-1.64866431617838E-08,-3.02084679272865E-24,-1.25758431446243E-10,7.47343432158232E-03,6.87849751557223E-05,-4.59242555841245E-26
5.00000000000000E+00,1.00000000000000E+01,1.34569480000000E+07,5.20583281250000E+04,-2.33136340000000E+07,2.14070361437280E-08,2.40111250000000E+04,2.33136340000000E+07,1.07034381358062E-08,1.96365425895104E-24,4.14063505704831E-11,-1.07034381358062E-08,-1.96365425895104E-24,-4.14063505704831E-11,9.10645071417093E-03,4.28959574492183E-05,-4.59242555841245E-26
5.00000000000000E+00,1.10000000000000E+01,1.33799690000000E+07,2.82625700620542E-10,-2.33134740000000E+07,1.72191381153652E-08,2.45420039062500E+04,2.33134740000000E+07,8.60956905768262E-09,1.58155212456732E-24,1.81860319956062E-25,-8.60956905768262E-09,-1.58155212456732E-24,-1.81860319956062E-25,9.50586888939142E-03,8.91738440447612E-20,-4.59242525026366E-26
5.00000000000000E+00,1.20000000000000E+01,1.34569480000000E+07,-5.20583281250000E+04,-2.33136340000000E+07,2.14070361437280E-08,2.40111250000000E+04,2.33136340000000E+07,1.07034381358062E-08,1.96872505684980E-24,-4.14063505704831E-11,-1.07034381358062E-08,-1.96872505684980E-24,4.14063505704831E-11,9.10645071417093E-03,-4.28959574492183E-05,-4.59242525026366E-26
5.00000000000000E+00,1.30000000000000E+01,1.40412430000000E+07,-1.07105164062500E+05,-2.33140920000000E+07,3.29742455562609E-08,1.43270984375000E+05,2.33140920000000E+07,1.64866431617838E-08,3.03624772418128E-24,-1.25758431446243E-10,-1.64866431617838E-08,-3.03624772418128E-24,1.25758431446243E-10,7.47343432158232E-03,-6.87849751557223E-05,-4.59242555841245E-26
5.00000000000000E+00,1.40000000000000E+01,1.51728240000000E+07,-1.73432078125000E+05,-2.33147740000000E+07,2.42443896070199E-08,3.02223220000000E+07,2.33147740000000E+07,1.21214025483596E-08,2.23514961416803E-24,-1.38552974648931E-10,-1.21214025483596E-08,-2.23514961416803E-24,1.38552974648931E-10,4.74156532436609E-03,-6.53877068543807E-05,-4.59242555841245E-26
5.00000000000000E+00,1.50000000000000E+01,1.60191220000000E+07,-2.54005734375000E+05,-2.33155800000000E+07,1.14503606596372E-08,3.84106316800000E+09,2.33155800000000E+07,5.72446046120945E-09,1.05712439591693E-24,-9.07693850638047E-11,-5.72446046120945E-09,-1.05712439591693E-24,9.07693850638047E-11,2.32190242968500E-03,-4.47341553808656E-05,-4.59242555841245E-26
5.00000000000000E+00,1.60000000000000E+01,1.62935300000000E+07,-3.72980312500000E+05,-2.33163860000000E+07,3.90151999596355E-09,7.08190617600000E+10,2.33163860000000E+07,1.95024907334584E-09,3.60988568078311E-25,-4.46437643797370E-11,-1.95024907334584E-09,-3.60988568078311E-25,4.46437643797370E-11,8.66719987243414E-04,-2.33026275964221E-05,-4.59242555841245E-26
5.00000000000000E+00,1.70000000000000E+01,1.59805510000000E+07,-5.65838625000000E+05,-2.33170700000000E+07,9.15071129981015E-10,1.93180254208000E+11,2.33170700000000E+07,4.57249016427852E-10,8.49866477250147E-26,-1.61902522638480E-11,-4.57249016427852E-10,-8.49866477250147E-26,1.61902522638480E-11,3.65871528629214E-04,-1.07540890894597E-05,-4.59242555841245E-26
5.00000000000000E+00,1.80000000000000E+01,1.58721060000000E+07,-5.38411562500000E+05,-2.33175260000000E+07,5.44652822842551E-10,2.76978860032000E+11,2.33175260000000E+07,2.72169869974803E-10,5.05621229203143E-26,-9.23251145673598E-12,-2.72169869974803E-10,-5.05621229203143E-26,9.23251145673598E-12,1.85923825483769E-04,-4.15501472161850E-06,-4.59242555841245E-26
5.00000000000000E+00,1.90000000000000E+01,1.54628540000000E+07,-3.38671000000000E+05,-2.33176860000000E+07,1.58478841161269E-10,3.37221386240000E+11,2.33176860000000E+07,7.92204218891257E-11,1.46587997708355E-26,-1.73510392251913E-12,-7.92204218891257E-11,-1.46587997708355E-26,1.73510392251913E-12,8.76637641340494E-05,-1.27834834984242E-06,-4.59242555841245E-26
5.00000000000000E+00,2.00000000000000E+01,1.01645710000000E+07,0.00000000000000E+00,-2.50000000000000E+07,9.99999968265523E-21,4.01882251264000E+11,2.50000000000000E+07,4.99999984132761E-21,9.18485091760503E-37,0.00000000000000E+00,-4.99999984132761E-21,-9.18485091760503E-37,0.00000000000000E+00,2.59216086773541E-14,-0.00000000000000E+00,-6.02558339659671E-44
5.00000000000000E+00,2.10000000000000E+01,1.01645710000000E+07,0.00000000000000E+00,-2.50000000000000E+07,9.99999968265523E-21,4.01882251264000E+11,2.50000000000000E+07,4.99999984132761E-21,9.18485091760503E-37,0.00000000000000E+00,-4.99999984132761E-21,-9.18485091760503E-37,0.00000000000000E+00,2.59216086773541E-14,-0.00000000000000E+00,-6.02558339659671E-44
6.00000000000000E+00,1.00000000000000E+00,1.01645710000000E+07,0.00000000000000E+00,-2.50000000000000E+07,9.99999968265523E-21,4.01882251264000E+11,2.50000000000000E+07,4.99999984132761E-21,9.18485091760503E-37,0.00000000000000E+00,-4.99999984132761E-21,-9.18485091760503E-37,0.00000000000000E+00,2.59216086773541E-14,-0.00000000000000E+00,-5.88545355016423E-44
6.00000000000000E+00,2.00000000000000E+00,1.01645710000000E+07,0.00000000000000E+00,-2.50000000000000E+07,9.99999968265523E-21,4.01882251264000E+11,2.50000000000000E+07,4.99999984132761E-21,9.18485091760503E-37,0.00000000000000E+00,-4.99999984132761E-21,-9.18485091760503E-37,0.00000000000000E+00,2.59216086773541E-14,-0.00000000000000E+00,-5.88545355016423E-44
6.00000000000000E+00,3.00000000000000E+00,1.61287410000000E+07,6.76107750000000E+05,-2.33170040000000E+07,1.59895585660763E-09,1.51944019968000E+11,2.33170040000000E+07,7.98776433885706E-10,1.44682538088160E-25,3.34842605032026E-11,-7.98776433885706E-10,-1.44682538088160E-25,-3.34842605032026E-11,4.85624826978892E-04,1.65368455782300E-05,-4.59242555841245E-26
6.00000000000000E+00,4.00000000000000E+00,1.59819550000000E+07,5.31668125000000E+05,-2.33168440000000E+07,1.09198827757950E-08,3.62674048000000E+09,2.33168440000000E+07,5.45692246944895E-09,9.91304701606070E-25,1.81534218213208E-10,-5.45692246944895E-09,-9.91304701606070E-25,-1.81534218213208E-10,2.34972685575485E-03,8.26837786007673E-05,-4.59242555841245E-26
6.00000000000000E+00,5.00000000000000E+00,1.36776110000000E+07,2.55165343750000E+05,-2.33163860000000E+07,1.39095597262440E-08,1.22538625000000E+05,2.33163860000000E+07,6.95357016411435E-09,1.26940676690429E-24,1.29723676245419E-10,-6.95357016411435E-09,-1.26940676690429E-24,-1.29723676245419E-10,7.65966717153788E-03,1.88295744010247E-04,-4.59242555841245E-26
6.00000000000000E+00,6.00000000000000E+00,1.32491920000000E+07,1.27083843750000E+05,-2.33157020000000E+07,5.62652280322595E-09,8.33827578125000E+04,2.33157020000000E+07,2.81313194960831E-09,5.15111725093994E-25,2.69830512100722E-11,-2.81313194960831E-09,-5.15111725093994E-25,-2.69830512100722E-11,1.02918166667223E-02,2.07729521207511E-04,-4.59242555841245E-26
6.00000000000000E+00,7.00000000000000E+00,1.32460590000000E+07,6.17163330078125E+03,-2.33148960000000E+07,4.65731186949370E-09,1.11198734375000E+05,2.33148960000000E+07,2.32865571270224E-09,4.27700710592009E-25,1.08497249812906E-12,-2.32865571270224E-09,-4.27700710592009E-25,-1.08497249812906E-12,1.15893315523863E-02,2.04619514988735E-04,-4.59242648285882E-26
6.00000000000000E+00,8.00000000000000E+00,1.33025420000000E+07,-8.36603828125000E+04,-2.33140900000000E+07,5.16845988229875E-09,1.20206093750000E+05,2.33140900000000E+07,2.58417887089024E-09,4.75701121737670E-25,-1.62520361751683E-11,-2.58417887089024E-09,-4.75701121737670E-25,1.62520361751683E-11,1.24382544308901E-02,1.89515965757892E-04,-4.59242525026366E-26
6.00000000000000E+00,9.00000000000000E+00,1.33351220000000E+07,-8.78136953125000E+04,-2.33134060000000E+07,5.75666980751066E-09,1.16493234375000E+05,2.33134060000000E+07,2.87827250922135E-09,5.29890639722857E-25,-1.89538367639797E-11,-2.87827250922135E-09,-5.29890639722857E-25,1.89538367639797E-11,1.30365658551455E-02,1.54160195961595E-04,-4.59242586656124E-26
6.00000000000000E+00,1.00000000000000E+01,1.33834250000000E+07,-3.43622968750000E+04,-2.33129500000000E+07,6.89516310714566E-09,1.07295570312500E+05,2.33129500000000E+07,3.44757000725338E-09,6.33850378294568E-25,-8.85172751069474E-12,-3.44757000725338E-09,-6.33850378294568E-25,8.85172751069474E-12,1.34175233542919E-02,8.96543788257986E-05,-4.59242555841245E-26
6.00000000000000E+00,1.10000000000000E+01,1.34053530000000E+07,1.20868437480937E-09,-2.33127900000000E+07,7.58063922745578E-09,1.01271000000000E+05,2.33127900000000E+07,3.79031961372789E-09,6.96270427230572E-25,3.41751553955011E-25,-3.79031961372789E-09,-6.96270427230572E-25,-3.41751553955011E-25,1.35607877746224E-02,5.47905154107095E-19,-4.59242586656124E-26
6.00000000000000E+00,1.20000000000000E+01,1.33834250000000E+07,3.43622968750000E+04,-2.33129500000000E+07,6.89516310714566E-09,1.07295570312500E+05,2.33129500000000E+07,3.44757000725338E-09,6.32766335499375E-25,8.85172751069474E-12,-3.44757000725338E-09,-6.32766335499375E-25,-8.85172751069474E-12,1.34175233542919E-02,-8.96543788257986E-05,-4.59242555841245E-26
6.00000000000000E+00,1.30000000000000E+01,1.33351220000000E+07,8.78136953125000E+04,-2.33134060000000E+07,5.75666980751066E-09,1.16493234375000E+05,2.33134060000000E+07,2.87827250922135E-09,5.27569465813051E-25,1.89538367639797E-11,-2.87827250922135E-09,-5.27569465813051E-25,-1.89538367639797E-11,1.30365658551455E-02,-1.54160195961595E-04,-4.59242648285882E-26
6.00000000000000E+00,1.40000000000000E+01,1.33025420000000E+07,8.36603828125000E+04,-2.33140900000000E+07,5.16845988229875E-09,1.20206093750000E+05,2.33140900000000E+07,2.58417887089024E-09,4.73710825673798E-25,1.62520361751683E-11,-2.58417887089024E-09,-4.73710825673798E-25,-1.62520361751683E-11,1.24382544308901E-02,-1.89515965757892E-04,-4.59242617471003E-26
6.00000000000000E+00,1.50000000000000E+01,1.32460590000000E+07,-6.17163330078125E+03,-2.33148960000000E+07,4.65731186949370E-09,1.11198734375000E+05,2.33148960000000E+07,2.32865571270224E-09,4.27833584350732E-25,-1.08497249812906E-12,-2.32865571270224E-09,-4.27833584350732E-25,1.08497249812906E-12,1.15893315523863E-02,-2.04619514988735E-04,-4.59242494211486E-26
6.00000000000000E+00,1.60000000000000E+01,1.32491920000000E+07,-1.27083843750000E+05,-2.33157020000000E+07,5.62652280322595E-09,8.33827578125000E+04,2.33157020000000E+07,2.81313194960831E-09,5.18416214122158E-25,-2.69830512100722E-11,-2.81313194960831E-09,-5.18416214122158E-25,2.69830512100722E-11,1.02918166667223E-02,-2.07729521207511E-04,-4.59242494211486E-26
6.00000000000000E+00,1.70000000000000E+01,1.36776110000000E+07,-2.55165343750000E+05,-2.33163860000000E+07,1.39095597262440E-08,1.22538625000000E+05,2.33163860000000E+07,6.95357016411435E-09,1.28529334085170E-24,-1.29723676245419E-10,-6.95357016411435E-09,-1.28529334085170E-24,1.29723676245419E-10,7.65966717153788E-03,-1.88295744010247E-04,-4.59242555841245E-26
6.00000000000000E+00,1.80000000000000E+01,1.59819550000000E+07,-5.31668125000000E+05,-2.33168440000000E+07,1.09198827757950E-08,3.62674048000000E+09,2.33168440000000E+07,5.45692246944895E-09,1.01353618242178E-24,-1.81534218213208E-10,-5.45692246944895E-09,-1.01353618242178E-24,1.81534218213208E-10,2.34972685575485E-03,-8.26837786007673E-05,-4.59242555841245E-26
6.00000000000000E+00,1.90000000000000E+01,1.61287410000000E+07,-6.76107750000000E+05,-2.33170040000000E+07,1.59895585660763E-09,1.51944019968000E+11,2.33170040000000E+07,7.98776433885706E-10,1.48783172658967E-25,-3.34842605032026E-11,-7.98776433885706E-10,-1.48783172658967E-25,3.34842605032026E-11,4.85624826978892E-04,-1.65368455782300E-05,-4.59242555841245E-26
6.00000000000000E+00,2.00000000000000E+01,1.01645710000000E+07,0.00000000000000E+00,-2.50000000000000E+07,9.99999968265523E-21,4.01882251264000E+11,2.50000000000000E+07,4.99999984132761E-21,9.18485091760503E-37,0.00000000000000E+00,-4.99999984132761E-21,-9.18485091760503E-37,0.00000000000000E+00,2.59216086773541E-14,-0.00000000000000E+00,-6.02558339659671E-44
6.00000000000000E+00,2.10000000000000E+01,1.01645710000000E+07,0.00000000000000E+00,-2.50000000000000E+07,9.99999968265523E-21,4.01882251264000E+11,2.50000000000000E+07,4.99999984132761E-21,9.18485091760503E-37,0.00000000000000E+00,-4.99999984132761E-21,-9.18485091760503E-37,0.00000000000000E+00,2.59216086773541E-14,-0.00000000000000E+00,-5.88545355016423E-44
7.00000000000000E+00,1.00000000000000E+00,1.01645710000000E+07,0.00000000000000E+00,-2.50000000000000E+07,9.99999968265523E-21,4.01882251264000E+11,2.50000000000000E+07,4.99999984132761E-21,9.18485091760503E-37,0.00000000000000E+00,-4.99999984132761E-21,-9.18485091760503E-37,0.00000000000000E+00,2.59216086773541E-14,-0.00000000000000E+00,-6.02558339659671E-44
7.00000000000000E+00,2.00000000000000E+00,1.01645710000000E+07,0.00000000000000E+00,-2.50000000000000E+07,9.99999968265523E-21,4.01882251264000E+11,2.50000000000000E+07,4.99999984132761E-21,9.18485091760503E-37,0.00000000000000E+00,-4.99999984132761E-21,-9.18485091760503E-37,0.00000000000000E+00,2.59216086773541E-14,-0.00000000000000E+00,-5.88545355016423E-44
7.00000000000000E+00,3.00000000000000E+00,1.49604390000000E+07,5.66230250000000E+05,-2.33161980000000E+07,9.01296992594780E-09,6.24182160000000E+07,2.33161980000000E+07,4.50326043122118E-09,8.16799005825093E-25,1.70441688540635E-10,-4.50326043122118E-09,-8.16799005825093E-25,-1.70441688540635E-10,4.37983125448227E-03,1.71998166479170E-04,-4.59242555841245E-26
7.00000000000000E+00,4.00000000000000E+00,1.31760800000000E+07,5.01752070312500E+04,-2.33160380000000E+07,4.31600755135264E-09,9.29260468750000E+04,2.33160380000000E+07,2.15798801050937E-09,3.95912771555223E-25,8.21773205039733E-12,-2.15798801050937E-09,-3.95912771555223E-25,-8.21773205039733E-12,1.00125940516591E-02,2.49417091254145E-04,-4.59242555841245E-26
7.00000000000000E+00,5.00000000000000E+00,1.31474410000000E+07,-4.39066132812500E+04,-2.33155800000000E+07,3.28718297026853E-09,1.27134773437500E+05,2.33155800000000E+07,1.64358238130546E-09,3.02257282038928E-25,-5.48883508089126E-12,-1.64358238130546E-09,-3.02257282038928E-25,5.48883508089126E-12,1.22432820498943E-02,2.22205795580521E-04,-4.59242494211486E-26
7.00000000000000E+00,6.00000000000000E+00,1.32393790000000E+07,5.95473164062500E+04,-2.33148960000000E+07,4.45142633864748E-09,1.16231765625000E+05,2.33148960000000E+07,2.22569074281864E-09,4.08239783231142E-25,1.00105835079689E-11,-2.22569074281864E-09,-4.08239783231142E-25,-1.00105835079689E-11,1.39246815815568E-02,2.38616354181431E-04,-4.59242463396607E-26
7.00000000000000E+00,7.00000000000000E+00,1.31963760000000E+07,7.33411953125000E+04,-2.33140900000000E+07,3.73786157581435E-09,1.28156726562500E+05,2.33140900000000E+07,1.86890192210853E-09,3.42675704505478E-25,1.03867539569258E-11,-1.86890192210853E-09,-3.42675704505478E-25,-1.03867539569258E-11,1.53185622766614E-02,2.89373012492433E-04,-4.59242555841245E-26
7.00000000000000E+00,8.00000000000000E+00,1.31958610000000E+07,5.23567500000000E+04,-2.33132840000000E+07,3.41983419360758E-09,1.47622390625000E+05,2.33132840000000E+07,1.70990366310519E-09,3.13688788676002E-25,6.78432397066553E-12,-1.70990366310519E-09,-3.13688788676002E-25,-6.78432397066553E-12,1.62775348871946E-02,3.28189926221967E-04,-4.59242494211486E-26
7.00000000000000E+00,9.00000000000000E+00,1.32080410000000E+07,2.64145976562500E+04,-2.33126000000000E+07,3.31719696156085E-09,1.63491453125000E+05,2.33126000000000E+07,1.65859515011135E-09,3.04475879379152E-25,3.31700422337433E-12,-1.65859515011135E-09,-3.04475879379152E-25,-3.31700422337433E-12,1.69000942260027E-02,3.07010544929653E-04,-4.59242617471003E-26
7.00000000000000E+00,1.00000000000000E+01,1.32162720000000E+07,2.87970654296875E+03,-2.33121420000000E+07,3.25512683474471E-09,1.74715703125000E+05,2.33121420000000E+07,1.62756341737236E-09,2.98956835922903E-25,3.54631390442686E-13,-1.62756341737236E-09,-2.98956835922903E-25,-3.54631390442686E-13,1.72554068267345E-02,1.91434941370972E-04,-4.59242525026366E-26
7.00000000000000E+00,1.10000000000000E+01,1.32187580000000E+07,6.65511923347850E-10,-2.33119820000000E+07,3.26065885403182E-09,1.76172937500000E+05,2.33119820000000E+07,1.63032942701591E-09,2.99486654628372E-25,8.20806074096970E-26,-1.63032942701591E-09,-2.99486654628372E-25,-8.20806074096970E-26,1.73872299492359E-02,4.30482962896678E-19,-4.59242709915640E-26
7.00000000000000E+00,1.20000000000000E+01,1.32162720000000E+07,-2.87970654296875E+03,-2.33121420000000E+07,3.25512683474471E-09,1.74715703125000E+05,2.33121420000000E+07,1.62756341737236E-09,2.99000247924593E-25,-3.54631390442686E-13,-1.62756341737236E-09,-2.99000247924593E-25,3.54631390442686E-13,1.72554068267345E-02,-1.91434941370972E-04,-4.59242525026366E-26
7.00000000000000E+00,1.30000000000000E+01,1.32080410000000E+07,-2.64145976562500E+04,-2.33126000000000E+07,3.31719696156085E-09,1.63491453125000E+05,2.33126000000000E+07,1.65859515011135E-09,3.04882093441534E-25,-3.31700422337433E-12,-1.65859515011135E-09,-3.04882093441534E-25,3.31700422337433E-12,1.69000942260027E-02,-3.07010544929653E-04,-4.59242648285882E-26
7.00000000000000E+00,1.40000000000000E+01,1.31958610000000E+07,-5.23567500000000E+04,-2.33132840000000E+07,3.41983419360758E-09,1.47622390625000E+05,2.33132840000000E+07,1.70990366310519E-09,3.14519631772523E-25,-6.78432397066553E-12,-1.70990366310519E-09,-3.14519631772523E-25,6.78432397066553E-12,1.62775348871946E-02,-3.28189926221967E-04,-4.59242494211486E-26
7.00000000000000E+00,1.50000000000000E+01,1.31963760000000E+07,-7.33411953125000E+04,-2.33140900000000E+07,3.73786157581435E-09,1.28156726562500E+05,2.33140900000000E+07,1.86890192210853E-09,3.43947718063243E-25,-1.03867539569258E-11,-1.86890192210853E-09,-3.43947718063243E-25,1.03867539569258E-11,1.53185622766614E-02,-2.89373012492433E-04,-4.59242463396607E-26
7.00000000000000E+00,1.60000000000000E+01,1.32393790000000E+07,-5.95473164062500E+04,-2.33148960000000E+07,4.45142633864748E-09,1.16231765625000E+05,2.33148960000000E+07,2.22569074281864E-09,4.09465722381662E-25,-1.00105835079689E-11,-2.22569074281864E-09,-4.09465722381662E-25,1.00105835079689E-11,1.39246815815568E-02,-2.38616354181431E-04,-4.59242463396607E-26
7.00000000000000E+00,1.70000000000000E+01,1.31474410000000E+07,4.39066132812500E+04,-2.33155800000000E+07,3.28718297026853E-09,1.27134773437500E+05,2.33155800000000E+07,1.64358238130546E-09,3.01585073940066E-25,5.48883508089126E-12,-1.64358238130546E-09,-3.01585073940066E-25,-5.48883508089126E-12,1.22432820498943E-02,-2.22205795580521E-04,-4.59242555841245E-26
7.00000000000000E+00,1.80000000000000E+01,1.31760800000000E+07,-5.01752070312500E+04,-2.33160380000000E+07,4.31600755135264E-09,9.29260468750000E+04,2.33160380000000E+07,2.15798801050937E-09,3.96919160855058E-25,-8.21773205039733E-12,-2.15798801050937E-09,-3.96919160855058E-25,8.21773205039733E-12,1.00125940516591E-02,-2.49417091254145E-04,-4.59242617471003E-26
7.00000000000000E+00,1.90000000000000E+01,1.49604390000000E+07,-5.66230250000000E+05,-2.33161980000000E+07,9.01296992594780E-09,6.24182160000000E+07,2.33161980000000E+07,4.50326043122118E-09,8.37672068162015E-25,-1.70441688540635E-10,-4.50326043122118E-09,-8.37672068162015E-25,1.70441688540635E-10,4.37983125448227E-03,-1.71998166479170E-04,-4.59242555841245E-26
7.00000000000000E+00,2.00000000000000E+01,1.01645710000000E+07,0.00000000000000E+00,-2.50000000000000E+07,9.99999968265523E-21,4.01882251264000E+11,2.50000000000000E+07,4.99999984132761E-21,9.18485091760503E-37,0.00000000000000E+00,-4.99999984132761E-21,-9.18485091760503E-37,0.00000000000000E+00,2.59216086773541E-14,-0.00000000000000E+00,-6.02558339659671E-44
7.00000000000000E+00,2.10000000000000E+01,1.01645710000000E+07,0.00000000000000E+00,-2.50000000000000E+07,9.99999968265523E-21,4.01882251264000E+11,2.50000000000000E+07,4.99999984132761E-21,9.18485091760503E-37,0.00000000000000E+00,-4.99999984132761E-21,-9.18485091760503E-37,0.00000000000000E+00,2.59216086773541E-14,-0.00000000000000E+00,-5.88545355016423E-44
8.00000000000000E+00,1.00000000000000E+00,1.01645710000000E+07,0.00000000000000E+00,-2.50000000000000E+07,9.99999968265523E-21,4.01882251264000E+11,2.50000000000000E+07,4.99999984132761E-21,9.18485091760503E-37,0.00000000000000E+00,-4.99999984132761E-21,-9.18485091760503E-37,0.00000000000000E+00,2.59216086773541E-14,-0.00000000000000E+00,-5.88545355016423E-44
8.00000000000000E+00,2.00000000000000E+00,1.01645710000000E+07,0.00000000000000E+00,-2.50000000000000E+07,9.99999968265523E-21,4.01882251264000E+11,2.50000000000000E+07,4.99999984132761E-21,9.18485091760503E-37,0.00000000000000E+00,-4.99999984132761E-21,-9.18485091760503E-37,0.00000000000000E+00,2.59216086773541E-14,-0.00000000000000E+00,-5.88545355016423E-44
8.00000000000000E+00,3.00000000000000E+00,1.30286890000000E+07,2.36014687500000E+05,-2.33153920000000E+07,2.24038809726324E-09,1.42488515625000E+05,2.33153920000000E+07,1.12001030672104E-09,2.04500208853549E-25,2.02889840345000E-11,-1.12001030672104E-09,-2.04500208853549E-25,-2.02889840345000E-11,8.82238056510687E-03,2.64991947915405E-04,-4.59242555841245E-26
8.00000000000000E+00,4.00000000000000E+00,1.31699060000000E+07,5.56407226562500E+04,-2.33152320000000E+07,3.24784688032764E-09,1.42808328125000E+05,2.33152320000000E+07,1.62390900726450E-09,2.97887140535423E-25,6.86075241757012E-12,-1.62390900726450E-09,-2.97887140535423E-25,-6.86075241757012E-12,1.23200099915266E-02,2.18219400267117E-04,-4.59242555841245E-26
8.00000000000000E+00,5.00000000000000E+00,1.31606610000000E+07,9.99811640625000E+04,-2.33147740000000E+07,3.31608207559952E-09,1.33087296875000E+05,2.33147740000000E+07,1.65799318718740E-09,3.03797138525919E-25,1.25957265451060E-11,-1.65799318718740E-09,-3.03797138525919E-25,-1.25957265451060E-11,1.49119310081005E-02,2.23275186726823E-04,-4.59242401766849E-26
8.00000000000000E+00,6.00000000000000E+00,1.31483600000000E+07,5.85832539062500E+04,-2.33140900000000E+07,2.96853919223850E-09,1.50788812500000E+05,2.33140900000000E+07,1.48425483015302E-09,2.72248248995319E-25,6.61318048933435E-12,-1.48425483015302E-09,-2.72248248995319E-25,-6.61318048933435E-12,1.67391709983349E-02,2.84380919765681E-04,-4.59242586656124E-26
8.00000000000000E+00,7.00000000000000E+00,1.31489240000000E+07,2.86412675781250E+04,-2.33132840000000E+07,2.75046807551860E-09,1.71011890625000E+05,2.33132840000000E+07,1.37523081811253E-09,2.52442367551741E-25,2.99555714435018E-12,-1.37523081811253E-09,-2.52442367551741E-25,-2.99555714435018E-12,1.81097127497196E-02,3.90171539038420E-04,-4.59242432581728E-26
8.00000000000000E+00,8.00000000000000E+00,1.31431080000000E+07,4.59515820312500E+03,-2.33124760000000E+07,2.56391419206636E-09,1.86965562500000E+05,2.33124760000000E+07,1.28195698501088E-09,2.35464231978638E-25,4.48204136565405E-13,-1.28195698501088E-09,-2.35464231978638E-25,-4.48204136565405E-13,1.91984400153160E-02,4.99450776260346E-04,-4.59242586656124E-26
8.00000000000000E+00,9.00000000000000E+00,1.31344090000000E+07,-3.19418774414062E+03,-2.33117920000000E+07,2.35092523226399E-09,2.07260953125000E+05,2.33117920000000E+07,1.17546261613199E-09,2.15946481980693E-25,-2.85863509513068E-13,-1.17546261613199E-09,-2.15946481980693E-25,2.85863509513068E-13,2.00112145394087E-02,5.09869540110230E-04,-4.59242648285882E-26
8.00000000000000E+00,1.00000000000000E+01,1.31685250000000E+07,1.72082871093750E+04,-2.33113340000000E+07,2.46231657285989E-09,2.22990312500000E+05,2.33113340000000E+07,1.23115728722922E-09,2.26061404418857E-25,1.60884445956494E-12,-1.23115728722922E-09,-2.26061404418857E-25,-1.60884445956494E-12,2.04542558640242E-02,3.41595354257151E-04,-4.59242648285882E-26
8.00000000000000E+00,1.10000000000000E+01,1.32017170000000E+07,1.22189425244557E-09,-2.33111740000000E+07,2.45246889463147E-09,2.58777250000000E+05,2.33111740000000E+07,1.22623444731573E-09,2.25255607656077E-25,1.13494996155957E-25,-1.22623444731573E-09,-2.25255607656077E-25,-1.13494996155957E-25,2.04838346689939E-02,4.68951436723157E-19,-4.59242555841245E-26
8.00000000000000E+00,1.20000000000000E+01,1.31685250000000E+07,-1.72082871093750E+04,-2.33113340000000E+07,2.46231657285989E-09,2.22990312500000E+05,2.33113340000000E+07,1.23115728722922E-09,2.26258447081839E-25,-1.60884445956494E-12,-1.23115728722922E-09,-2.26258447081839E-25,1.60884445956494E-12,2.04542558640242E-02,-3.41595354257151E-04,-4.59242802360278E-26
8.00000000000000E+00,1.30000000000000E+01,1.31344090000000E+07,3.19418774414062E+03,-2.33117920000000E+07,2.35092523226399E-09,2.07260953125000E+05,2.33117920000000E+07,1.17546261613199E-09,2.15911476278024E-25,2.85863509513068E-13,-1.17546261613199E-09,-2.15911476278024E-25,-2.85863509513068E-13,2.00112145394087E-02,-5.09869540110230E-04,-4.59242740730519E-26
8.00000000000000E+00,1.40000000000000E+01,1.31431080000000E+07,-4.59515820312500E+03,-2.33124760000000E+07,2.56391419206636E-09,1.86965562500000E+05,2.33124760000000E+07,1.28195698501088E-09,2.35519131767261E-25,-4.48204136565405E-13,-1.28195698501088E-09,-2.35519131767261E-25,4.48204136565405E-13,1.91984400153160E-02,-4.99450776260346E-04,-4.59242586656124E-26
8.00000000000000E+00,1.50000000000000E+01,1.31489240000000E+07,-2.86412675781250E+04,-2.33132840000000E+07,2.75046807551860E-09,1.71011890625000E+05,2.33132840000000E+07,1.37523081811253E-09,2.52809212524572E-25,-2.99555714435018E-12,-1.37523081811253E-09,-2.52809212524572E-25,2.99555714435018E-12,1.81097127497196E-02,-3.90171539038420E-04,-4.59242494211486E-26
8.00000000000000E+00,1.60000000000000E+01,1.31483600000000E+07,-5.85832539062500E+04,-2.33140900000000E+07,2.96853919223850E-09,1.50788812500000E+05,2.33140900000000E+07,1.48425483015302E-09,2.73058137974044E-25,-6.61318048933435E-12,-1.48425483015302E-09,-2.73058137974044E-25,6.61318048933435E-12,1.67391709983349E-02,-2.84380919765681E-04,-4.59242494211486E-26
8.00000000000000E+00,1.70000000000000E+01,1.31606610000000E+07,-9.99811640625000E+04,-2.33147740000000E+07,3.31608207559952E-09,1.33087296875000E+05,2.33147740000000E+07,1.65799318718740E-09,3.05339682070369E-25,-1.25957265451060E-11,-1.65799318718740E-09,-3.05339682070369E-25,1.25957265451060E-11,1.49119310081005E-02,-2.23275186726823E-04,-4.59242555841245E-26
8.00000000000000E+00,1.80000000000000E+01,1.31699060000000E+07,-5.56407226562500E+04,-2.33152320000000E+07,3.24784688032764E-09,1.42808328125000E+05,2.33152320000000E+07,1.62390900726450E-09,2.98727351355193E-25,-6.86075241757012E-12,-1.62390900726450E-09,-2.98727351355193E-25,6.86075241757012E-12,1.23200099915266E-02,-2.18219400267117E-04,-4.59242555841245E-26
8.00000000000000E+00,1.90000000000000E+01,1.30286890000000E+07,-2.36014687500000E+05,-2.33153920000000E+07,2.24038809726324E-09,1.42488515625000E+05,2.33153920000000E+07,1.12001030672104E-09,2.06984898837866E-25,-2.02889840345000E-11,-1.12001030672104E-09,-2.06984898837866E-25,2.02889840345000E-11,8.82238056510687E-03,-2.64991947915405E-04,-4.59242525026366E-26
8.00000000000000E+00,2.00000000000000E+01,1.01645710000000E+07,0.00000000000000E+00,-2.50000000000000E+07,9.99999968265523E-21,4.01882251264000E+11,2.50000000000000E+07,4.99999984132761E-21,9.18485091760503E-37,0.00000000000000E+00,-4.99999984132761E-21,-9.18485091760503E-37,0.00000000000000E+00,2.59216086773541E-14,-0.00000000000000E+00,-5.88545355016423E-44
8.00000000000000E+00,2.10000000000000E+01,1.01645710000000E+07,0.00000000000000E+00,-2.50000000000000E+07,9.99999968265523E-21,4.01882251264000E+11,2.50000000000000E+07,4.99999984132761E-21,9.18485091760503E-37,0.00000000000000E+00,-4.99999984132761E-21,-9.18485091760503E-37,0.00000000000000E+00,2.59216086773541E-14,-0.00000000000000E+00,-6.02558339659671E-44
9.00000000000000E+00,1.00000000000000E+00,1.01645710000000E+07,0.00000000000000E+00,-2.50000000000000E+07,9.99999968265523E-21,4.01882251264000E+11,2.50000000000000E+07,4.99999984132761E-21,9.18485091760503E-37,0.00000000000000E+00,-4.99999984132761E-21,-9.18485091760503E-37,0.00000000000000E+00,2.59216086773541E-14,-0.00000000000000E+00,-5.88545355016423E-44
9.00000000000000E+00,2.00000000000000E+00,1.01645710000000E+07,0.00000000000000E+00,-2.50000000000000E+07,9.99999968265523E-21,4.01882251264000E+11,2.50000000000000E+07,4.99999984132761E-21,9.18485091760503E-37,0.00000000000000E+00,-4.99999984132761E-21,-9.18485091760503E-37,0.00000000000000E+00,2.59216086773541E-14,-0.00000000000000E+00,-5.88545355016423E-44
9.00000000000000E+00,3.00000000000000E+00,1.29672340000000E+07,1.47978296875000E+05,-2.33147100000000E+07,1.16755594081752E-09,3.09118625000000E+05,2.33147100000000E+07,5.83739945270167E-10,1.06823389939325E-25,6.66146998673511E-12,-5.83739945270167E-10,-1.06823389939325E-25,-6.66146998673511E-12,9.57104191184044E-03,2.10313504794613E-04,-4.59242586656124E-26
9.00000000000000E+00,4.00000000000000E+00,1.30839580000000E+07,1.17281398437500E+05,-2.33145480000000E+07,2.22773777203145E-09,1.81227437500000E+05,2.33145480000000E+07,1.11382414402783E-09,2.03994820184239E-25,9.98404657559515E-12,-1.11382414402783E-09,-2.03994820184239E-25,-9.98404657559515E-12,1.40226799994707E-02,1.70508283190429E-04,-4.59242555841245E-26
9.00000000000000E+00,5.00000000000000E+00,1.31105190000000E+07,5.81691875000000E+04,-2.33140920000000E+07,2.33197283705522E-09,1.88614140625000E+05,2.33140920000000E+07,1.16597498323046E-09,2.13869361913439E-25,5.17323640522593E-12,-1.16597498323046E-09,-2.13869361913439E-25,-5.17323640522593E-12,1.66197493672371E-02,1.90444712643512E-04,-4.59242494211486E-26
9.00000000000000E+00,6.00000000000000E+00,1.31188470000000E+07,3.42142343750000E+04,-2.33134060000000E+07,2.35649966207063E-09,1.92462093750000E+05,2.33134060000000E+07,1.17824583423243E-09,2.16252091625756E-25,3.07289024954749E-12,-1.17824583423243E-09,-2.16252091625756E-25,-3.07289024954749E-12,1.85511782765388E-02,2.72737408522516E-04,-4.59242617471003E-26
9.00000000000000E+00,7.00000000000000E+00,1.31136470000000E+07,9.83385253906250E+03,-2.33126000000000E+07,2.21833951208339E-09,2.07677640625000E+05,2.33126000000000E+07,1.10916942297479E-09,2.03700192962090E-25,8.31760116511149E-13,-1.10916942297479E-09,-2.03700192962090E-25,-8.31760116511149E-13,2.01506894081831E-02,4.10203210776672E-04,-4.59242617471003E-26
9.00000000000000E+00,8.00000000000000E+00,1.31038200000000E+07,1.76809941406250E+04,-2.33117920000000E+07,1.95891569632067E-09,2.43401515625000E+05,2.33117920000000E+07,9.79456959981917E-10,1.79842401434555E-25,1.32158205819882E-12,-9.79456959981917E-10,-1.79842401434555E-25,-1.32158205819882E-12,2.15868726372719E-02,5.47840318176895E-04,-4.59242463396607E-26
9.00000000000000E+00,9.00000000000000E+00,1.31517110000000E+07,1.24747984375000E+05,-2.33111080000000E+07,1.71180070118737E-09,3.72257187500000E+05,2.33111080000000E+07,8.55861825854731E-10,1.56722182527450E-25,8.11811035061893E-12,-8.55861825854731E-10,-1.56722182527450E-25,-8.11811035061893E-12,2.28985827416182E-02,6.05772074777633E-04,-4.59242401766849E-26
9.00000000000000E+00,1.00000000000000E+01,1.28873080000000E+07,1.75248859375000E+05,-2.33106500000000E+07,3.43531092461546E-10,1.57024675000000E+06,2.33106500000000E+07,1.71749670041521E-10,3.14068914861729E-26,2.33554863816876E-12,-1.71749670041521E-10,-3.14068914861729E-26,-2.33554863816876E-12,2.41037793457508E-02,4.30735613917932E-04,-4.59242401766849E-26
9.00000000000000E+00,1.10000000000000E+01,1.23388400000000E+07,1.36904931835602E-09,-2.33104900000000E+07,6.68991667618357E-11,2.03718725000000E+06,2.33104900000000E+07,3.34495833809179E-11,6.14458858367410E-27,3.71138063270092E-27,-3.34495833809179E-11,-6.14458858367410E-27,-3.71138063270092E-27,2.50988397747278E-02,2.94209170429812E-19,-4.59242494211486E-26
9.00000000000000E+00,1.20000000000000E+01,1.28873080000000E+07,-1.75248859375000E+05,-2.33106500000000E+07,3.43531092461546E-10,1.57024675000000E+06,2.33106500000000E+07,1.71749670041521E-10,3.16929121125859E-26,-2.33554863816876E-12,-1.71749670041521E-10,-3.16929121125859E-26,2.33554863816876E-12,2.41037793457508E-02,-4.30735613917932E-04,-4.59242278507333E-26
9.00000000000000E+00,1.30000000000000E+01,1.31517110000000E+07,-1.24747984375000E+05,-2.33111080000000E+07,1.71180070118737E-09,3.72257187500000E+05,2.33111080000000E+07,8.55861825854731E-10,1.57716356809206E-25,-8.11811035061893E-12,-8.55861825854731E-10,-1.57716356809206E-25,8.11811035061893E-12,2.28985827416182E-02,-6.05772074777633E-04,-4.59242525026366E-26
9.00000000000000E+00,1.40000000000000E+01,1.31038200000000E+07,-1.76809941406250E+04,-2.33117920000000E+07,1.95891569632067E-09,2.43401515625000E+05,2.33117920000000E+07,9.79456959981917E-10,1.80004253505594E-25,-1.32158205819882E-12,-9.79456959981917E-10,-1.80004253505594E-25,1.32158205819882E-12,2.15868726372719E-02,-5.47840318176895E-04,-4.59242463396607E-26
9.00000000000000E+00,1.50000000000000E+01,1.31136470000000E+07,-9.83385253906250E+03,-2.33126000000000E+07,2.21833951208339E-09,2.07677640625000E+05,2.33126000000000E+07,1.10916942297479E-09,2.03802054626477E-25,-8.31760116511149E-13,-1.10916942297479E-09,-2.03802054626477E-25,8.31760116511149E-13,2.01506894081831E-02,-4.10203210776672E-04,-4.59242617471003E-26
9.00000000000000E+00,1.60000000000000E+01,1.31188470000000E+07,-3.42142343750000E+04,-2.33134060000000E+07,2.35649966207063E-09,1.92462093750000E+05,2.33134060000000E+07,1.17824583423243E-09,2.16628402929450E-25,-3.07289024954749E-12,-1.17824583423243E-09,-2.16628402929450E-25,3.07289024954749E-12,1.85511782765388E-02,-2.72737408522516E-04,-4.59242679100761E-26
9.00000000000000E+00,1.70000000000000E+01,1.31105190000000E+07,-5.81691875000000E+04,-2.33140920000000E+07,2.33197283705522E-09,1.88614140625000E+05,2.33140920000000E+07,1.16597498323046E-09,2.14502891176042E-25,-5.17323640522593E-12,-1.16597498323046E-09,-2.14502891176042E-25,5.17323640522593E-12,1.66197493672371E-02,-1.90444712643512E-04,-4.59242463396607E-26
9.00000000000000E+00,1.80000000000000E+01,1.30839580000000E+07,-1.17281398437500E+05,-2.33145480000000E+07,2.22773777203145E-09,1.81227437500000E+05,2.33145480000000E+07,1.11382414402783E-09,2.05217517609476E-25,-9.98404657559515E-12,-1.11382414402783E-09,-2.05217517609476E-25,9.98404657559515E-12,1.40226799994707E-02,-1.70508283190429E-04,-4.59242463396607E-26
9.00000000000000E+00,1.90000000000000E+01,1.29672340000000E+07,-1.47978296875000E+05,-2.33147100000000E+07,1.16755594081752E-09,3.09118625000000E+05,2.33147100000000E+07,5.83739945270167E-10,1.07639195374840E-25,-6.66146998673511E-12,-5.83739945270167E-10,-1.07639195374840E-25,6.66146998673511E-12,9.57104191184044E-03,-2.10313504794613E-04,-4.59242525026366E-26
9.00000000000000E+00,2.00000000000000E+01,1.01645710000000E+07,0.00000000000000E+00,-2.50000000000000E+07,9.99999968265523E-21,4.01882251264000E+11,2.50000000000000E+07,4.99999984132761E-21,9.18485091760503E-37,0.00000000000000E+00,-4.99999984132761E-21,-9.18485091760503E-37,0.00000000000000E+00,2.59216086773541E-14,-0.00000000000000E+00,-6.02558339659671E-44
9.00000000000000E+00,2.10000000000000E+01,1.01645710000000E+07,0.00000000000000E+00,-2.50000000000000E+07,9.99999968265523E-21,4.01882251264000E+11,2.50000000000000E+07,4.99999984132761E-21,9.18485091760503E-37,0.00000000000000E+00,-4.99999984132761E-21,-9.18485091760503E-37,0.00000000000000E+00,2.59216086773541E-14,-0.00000000000000E+00,-5.88545355016423E-44
1.00000000000000E+01,1.00000000000000E+00,1.01645710000000E+07,0.00000000000000E+00,-2.50000000000000E+07,9.99999968265523E-21,4.01882251264000E+11,2.50000000000000E+07,4.99999984132761E-21,9.18485091760503E-37,0.00000000000000E+00,-4.99999984132761E-21,-9.18485091760503E-37,0.00000000000000E+00,2.59216086773541E-14,-0.00000000000000E+00,-6.02558339659671E-44
1.00000000000000E+01,2.00000000000000E+00,1.01645710000000E+07,0.00000000000000E+00,-2.50000000000000E+07,9.99999968265523E-21,4.01882251264000E+11,2.50000000000000E+07,4.99999984132761E-21,9.18485091760503E-37,0.00000000000000E+00,-4.99999984132761E-21,-9.18485091760503E-37,0.00000000000000E+00,2.59216086773541E-14,-0.00000000000000E+00,-5.88545355016423E-44
1.00000000000000E+01,3.00000000000000E+00,1.29942090000000E+07,6.16115390625000E+04,-2.33142540000000E+07,1.19722964875280E-09,3.32692875000000E+05,2.33142540000000E+07,5.98608107527099E-10,1.09788730408003E-25,2.83827713935814E-12,-5.98608107527099E-10,-1.09788730408003E-25,-2.83827713935814E-12,1.00505966693163E-02,1.15263792395126E-04,-4.59242648285882E-26
1.00000000000000E+01,4.00000000000000E+00,1.30429930000000E+07,5.51620507812500E+04,-2.33140920000000E+07,1.62086688515473E-09,2.52662828125000E+05,2.33140920000000E+07,8.10426170616552E-10,1.48662994630437E-25,3.42749309836798E-12,-8.10426170616552E-10,-1.48662994630437E-25,-3.42749309836798E-12,1.47861307486892E-02,9.12923787836917E-05,-4.59242586656124E-26
1.00000000000000E+01,5.00000000000000E+00,1.30824500000000E+07,3.99615390625000E+04,-2.33136340000000E+07,1.95020111171118E-09,2.22771015625000E+05,2.33136340000000E+07,9.75096003941189E-10,1.78939845951369E-25,2.97851977457131E-12,-9.75096003941189E-10,-1.78939845951369E-25,-2.97851977457131E-12,1.75841134041548E-02,1.09959015389904E-04,-4.59242494211486E-26
1.00000000000000E+01,6.00000000000000E+00,1.30872280000000E+07,1.94189433593750E+04,-2.33129500000000E+07,1.95871097119493E-09,2.26123562500000E+05,2.33129500000000E+07,9.79354375374442E-10,1.79815506208068E-25,1.45317471163947E-12,-9.79354375374442E-10,-1.79815506208068E-25,-1.45317471163947E-12,1.96735057979822E-02,1.68447339092381E-04,-4.59242863990036E-26
1.00000000000000E+01,7.00000000000000E+00,1.30818210000000E+07,1.33575029296875E+04,-2.33121420000000E+07,1.81502002316591E-09,2.50043953125000E+05,2.33121420000000E+07,9.07509511982596E-10,1.66650058649415E-25,9.26634094976231E-13,-9.07509511982596E-10,-1.66650058649415E-25,-9.26634094976231E-13,2.15039346367121E-02,2.58633401244879E-04,-4.59242432581728E-26
1.00000000000000E+01,8.00000000000000E+00,1.30683290000000E+07,5.95731679687500E+04,-2.33113340000000E+07,1.45522405237131E-09,3.36838250000000E+05,2.33113340000000E+07,7.27604421157935E-10,1.33455666900281E-25,3.31685113402758E-12,-7.27604421157935E-10,-1.33455666900281E-25,-3.31685113402758E-12,2.34425123780966E-02,3.59560683136806E-04,-4.59242463396607E-26
1.00000000000000E+01,9.00000000000000E+00,1.29062550000000E+07,1.70762937500000E+05,-2.33106500000000E+07,3.72628039535527E-10,1.49503450000000E+06,2.33106500000000E+07,1.86297713367090E-10,3.40714016975371E-26,2.46490913617670E-12,-1.86297713367090E-10,-3.40714016975371E-26,-2.46490913617670E-12,2.60645113885403E-02,4.60044539067894E-04,-4.59242833175157E-26
1.00000000000000E+01,1.00000000000000E+01,1.08065060000000E+07,1.52352171875000E+05,-2.33101920000000E+07,1.04466045189322E-12,2.22203925000000E+06,2.33101920000000E+07,5.22278292662548E-13,9.54901043331158E-29,7.36317863641754E-15,-5.22278292662548E-13,-9.54901043331158E-29,-7.36317863641754E-15,3.07658631354570E-02,3.84755578124896E-04,-4.59242555841245E-26
1.00000000000000E+01,1.10000000000000E+01,9.55686800000000E+06,1.67569694231595E-10,-2.33100320000000E+07,3.64236534000379E-14,2.23257350000000E+06,2.33100320000000E+07,1.82118267000190E-14,3.34545805091481E-30,3.19325367879689E-31,-1.82118267000190E-14,-3.34545805091481E-30,-3.19325367879689E-31,3.31858098506927E-02,7.52631942123663E-19,-4.59242555841245E-26
1.00000000000000E+01,1.20000000000000E+01,1.08065060000000E+07,-1.52352171875000E+05,-2.33101920000000E+07,1.04466045189322E-12,2.22203925000000E+06,2.33101920000000E+07,5.22278292662548E-13,9.63918307516090E-29,-7.36317863641754E-15,-5.22278292662548E-13,-9.63918307516090E-29,7.36317863641754E-15,3.07658631354570E-02,-3.84755578124896E-04,-4.59242463396607E-26
1.00000000000000E+01,1.30000000000000E+01,1.29062550000000E+07,-1.70762937500000E+05,-2.33106500000000E+07,3.72628039535527E-10,1.49503450000000E+06,2.33106500000000E+07,1.86297713367090E-10,3.43732673347885E-26,-2.46490913617670E-12,-1.86297713367090E-10,-3.43732673347885E-26,2.46490913617670E-12,2.60645113885403E-02,-4.60044539067894E-04,-4.59242432581728E-26
1.00000000000000E+01,1.40000000000000E+01,1.30683290000000E+07,-5.95731679687500E+04,-2.33113340000000E+07,1.45522405237131E-09,3.36838250000000E+05,2.33113340000000E+07,7.27604421157935E-10,1.33861868636712E-25,-3.31685113402758E-12,-7.27604421157935E-10,-1.33861868636712E-25,3.31685113402758E-12,2.34425123780966E-02,-3.59560683136806E-04,-4.59242555841245E-26
1.00000000000000E+01,1.50000000000000E+01,1.30818210000000E+07,-1.33575029296875E+04,-2.33121420000000E+07,1.81502002316591E-09,2.50043953125000E+05,2.33121420000000E+07,9.07509511982596E-10,1.66763531360250E-25,-9.26634094976231E-13,-9.07509511982596E-10,-1.66763531360250E-25,9.26634094976231E-13,2.15039346367121E-02,-2.58633401244879E-04,-4.59242525026366E-26
1.00000000000000E+01,1.60000000000000E+01,1.30872280000000E+07,-1.94189433593750E+04,-2.33129500000000E+07,1.95871097119493E-09,2.26123562500000E+05,2.33129500000000E+07,9.79354375374442E-10,1.79993468297905E-25,-1.45317471163947E-12,-9.79354375374442E-10,-1.79993468297905E-25,1.45317471163947E-12,1.96735057979822E-02,-1.68447339092381E-04,-4.59242463396607E-26
1.00000000000000E+01,1.70000000000000E+01,1.30824500000000E+07,-3.99615390625000E+04,-2.33136340000000E+07,1.95020111171118E-09,2.22771015625000E+05,2.33136340000000E+07,9.75096003941189E-10,1.79304607838372E-25,-2.97851977457131E-12,-9.75096003941189E-10,-1.79304607838372E-25,2.97851977457131E-12,1.75841134041548E-02,-1.09959015389904E-04,-4.59242740730519E-26
1.00000000000000E+01,1.80000000000000E+01,1.30429930000000E+07,-5.51620507812500E+04,-2.33140920000000E+07,1.62086688515473E-09,2.52662828125000E+05,2.33140920000000E+07,8.10426170616552E-10,1.49082742587725E-25,-3.42749309836798E-12,-8.10426170616552E-10,-1.49082742587725E-25,3.42749309836798E-12,1.47861307486892E-02,-9.12923787836917E-05,-4.59242463396607E-26
1.00000000000000E+01,1.90000000000000E+01,1.29942090000000E+07,-6.16115390625000E+04,-2.33142540000000E+07,1.19722964875280E-09,3.32692875000000E+05,2.33142540000000E+07,5.98608107527099E-10,1.10136322244366E-25,-2.83827713935814E-12,-5.98608107527099E-10,-1.10136322244366E-25,2.83827713935814E-12,1.00505966693163E-02,-1.15263792395126E-04,-4.59242617471003E-26
1.00000000000000E+01,2.00000000000000E+01,1.01645710000000E+07,0.00000000000000E+00,-2.50000000000000E+07,9.99999968265523E-21,4.01882251264000E+11,2.50000000000000E+07,4.99999984132761E-21,9.18485091760503E-37,0.00000000000000E+00,-4.99999984132761E-21,-9.18485091760503E-37,0.00000000000000E+00,2.59216086773541E-14,-0.00000000000000E+00,-5.88545355016423E-44
1.00000000000000E+01,2.10000000000000E+01,1.01645710000000E+07,0.00000000000000E+00,-2.50000000000000E+07,9.99999968265523E-21,4.01882251264000E+11,2.50000000000000E+07,4.99999984132761E-21,9.18485091760503E-37,0.00000000000000E+00,-4.99999984132761E-21,-9.18485091760503E-37,0.00000000000000E+00,2.59216086773541E-14,-0.00000000000000E+00,-5.88545355016423E-44
1.10000000000000E+01,1.00000000000000E+00,1.01645710000000E+07,0.00000000000000E+00,-2.50000000000000E+07,9.99999968265523E-21,4.01882251264000E+11,2.50000000000000E+07,4.99999984132761E-21,9.18485091760503E-37,0.00000000000000E+00,-4.99999984132761E-21,-9.18485091760503E-37,0.00000000000000E+00,2.59216086773541E-14,-0.00000000000000E+00,-6.02558339659671E-44
1.10000000000000E+01,2.00000000000000E+00,1.01645710000000E+07,0.00000000000000E+00,-2.50000000000000E+07,9.99999968265523E-21,4.01882251264000E+11,2.50000000000000E+07,4.99999984132761E-21,9.18485091760503E-37,0.00000000000000E+00,-4.99999984132761E-21,-9.18485091760503E-37,0.00000000000000E+00,2.59216086773541E-14,-0.00000000000000E+00,-5.88545355016423E-44
1.10000000000000E+01,3.00000000000000E+00,1.29650010000000E+07,-1.68383126886162E-10,-2.33140920000000E+07,1.08325359793326E-09,3.44406718750000E+05,2.33140920000000E+07,5.41626798966632E-10,9.94952234194440E-26,-7.03438516616451E-27,-5.41626798966632E-10,-9.94952234194440E-26,7.03438516616451E-27,1.02484719827771E-02,-9.74498765462337E-20,-4.59242555841245E-26
1.10000000000000E+01,4.00000000000000E+00,1.30484730000000E+07,-4.23938023574877E-10,-2.33139320000000E+07,1.59540591848639E-09,2.65260156250000E+05,2.33139320000000E+07,7.97702959243196E-10,1.46535658636186E-25,-2.59169496017554E-26,-7.97702959243196E-10,-1.46535658636186E-25,2.59169496017554E-26,1.50177665054798E-02,3.63730056150319E-20,-4.59242586656124E-26
1.10000000000000E+01,5.00000000000000E+00,1.30655950000000E+07,6.70552242204581E-12,-2.33134740000000E+07,1.77280101709698E-09,2.41427687500000E+05,2.33134740000000E+07,8.86400508548491E-10,1.62829136899267E-25,4.54918326966870E-28,-8.86400508548491E-10,-1.62829136899267E-25,-4.54918326966870E-28,1.79043747484684E-02,5.26854855083693E-20,-4.59242494211486E-26
1.10000000000000E+01,6.00000000000000E+00,1.30762350000000E+07,1.49756665401846E-10,-2.33127900000000E+07,1.82343229404580E-09,2.41953437500000E+05,2.33127900000000E+07,9.11716147022901E-10,1.67479545891254E-25,1.04415054603212E-26,-9.11716147022901E-10,-1.67479545891254E-25,-1.04415054603212E-26,2.00535859912634E-02,-1.69973935184669E-20,-4.59242740730519E-26
1.10000000000000E+01,7.00000000000000E+00,1.30698450000000E+07,5.96046434431230E-10,-2.33119820000000E+07,1.67600089362452E-09,2.69915937500000E+05,2.33119820000000E+07,8.38000446812259E-10,1.53938181459360E-25,3.82167640653724E-26,-8.38000446812259E-10,-1.53938181459360E-25,-3.82167640653724E-26,2.19920501112938E-02,-1.35312763691444E-19,-4.59242586656124E-26
1.10000000000000E+01,8.00000000000000E+00,1.30547250000000E+07,-4.63426103047837E-10,-2.33111740000000E+07,1.25825438956895E-09,4.00896781250000E+05,2.33111740000000E+07,6.29127194784473E-10,1.15568788216267E-25,-2.23332145983506E-26,-6.29127194784473E-10,-1.15568788216267E-25,2.23332145983506E-26,2.42005567997694E-02,3.37566617718603E-19,-4.59242278507333E-26
1.10000000000000E+01,9.00000000000000E+00,1.25368390000000E+07,2.04145908511144E-10,-2.33104900000000E+07,1.17069992588981E-10,1.94564925000000E+06,2.33104900000000E+07,5.85349962944903E-11,1.07527049244551E-26,9.53165359154090E-28,-5.85349962944903E-11,-1.07527049244551E-26,-9.53165359154090E-28,2.79286708682775E-02,3.71966448605875E-19,-4.59242586656124E-26
1.10000000000000E+01,1.00000000000000E+01,9.59536600000000E+06,3.51667417408663E-10,-2.33100320000000E+07,4.03850265945707E-14,2.23251000000000E+06,2.33100320000000E+07,2.01925132972854E-14,3.70930420938697E-30,7.40049818856789E-31,-2.01925132972854E-14,-3.70930420938697E-30,-7.40049818856789E-31,3.42086106538773E-02,4.87554263410380E-19,-4.59242987249552E-26
1.10000000000000E+01,1.10000000000000E+01,8.05636800000000E+06,5.99538141354827E-10,-2.33098720000000E+07,6.51319632044090E-16,2.23581875000000E+06,2.33098720000000E+07,3.25659816022045E-16,5.98227412845335E-32,2.42349260545612E-32,-3.25659816022045E-16,-5.98227412845335E-32,-2.42349260545612E-32,3.73079143464565E-02,6.95899759811714E-19,-4.59242709915640E-26
1.10000000000000E+01,1.20000000000000E+01,9.59536600000000E+06,1.31875277364912E-09,-2.33100320000000E+07,4.03850265945707E-14,2.23251000000000E+06,2.33100320000000E+07,2.01925132972854E-14,3.70930420938697E-30,2.77518680895802E-30,-2.01925132972854E-14,-3.70930420938697E-30,-2.77518680895802E-30,3.42086106538773E-02,6.76075859443998E-19,-4.59242833175157E-26
1.10000000000000E+01,1.30000000000000E+01,1.25368390000000E+07,1.30534172360086E-09,-2.33104900000000E+07,1.17069992588981E-10,1.94564925000000E+06,2.33104900000000E+07,5.85349962944903E-11,1.07527049244551E-26,6.09469236104689E-27,-5.85349962944903E-11,-1.07527049244551E-26,-6.09469236104689E-27,2.79286708682775E-02,1.95153917260371E-19,-4.59242617471003E-26
1.10000000000000E+01,1.40000000000000E+01,1.30547250000000E+07,6.70552224857346E-11,-2.33111740000000E+07,1.25825438956895E-09,4.00896781250000E+05,2.33111740000000E+07,6.29127194784473E-10,1.15568788216267E-25,3.23149397215603E-27,-6.29127194784473E-10,-1.15568788216267E-25,-3.23149397215603E-27,2.42005567997694E-02,4.08025474554957E-19,-4.59242309322212E-26
1.10000000000000E+01,1.50000000000000E+01,1.30698450000000E+07,-2.80141826403124E-10,-2.33119820000000E+07,1.67600089362452E-09,2.69915937500000E+05,2.33119820000000E+07,8.38000446812259E-10,1.53938181459360E-25,-1.79618790182804E-26,-8.38000446812259E-10,-1.53938181459360E-25,1.79618790182804E-26,2.19920501112938E-02,-2.39892381355911E-19,-4.59242586656124E-26
1.10000000000000E+01,1.60000000000000E+01,1.30762350000000E+07,1.11758709925303E-11,-2.33127900000000E+07,1.82343229404580E-09,2.41953437500000E+05,2.33127900000000E+07,9.11716147022901E-10,1.67479545891254E-25,7.79216859172741E-28,-9.11716147022901E-10,-1.67479545891254E-25,-7.79216859172741E-28,2.00535859912634E-02,2.52930893309461E-19,-4.59242709915640E-26
1.10000000000000E+01,1.70000000000000E+01,1.30655950000000E+07,-1.93715096047375E-11,-2.33134740000000E+07,1.77280101709698E-09,2.41427687500000E+05,2.33134740000000E+07,8.86400508548491E-10,1.62829136899267E-25,-1.31420846802768E-27,-8.86400508548491E-10,-1.62829136899267E-25,1.31420846802768E-27,1.79043747484684E-02,-2.78487465514899E-19,-4.59242525026366E-26
1.10000000000000E+01,1.80000000000000E+01,1.30484730000000E+07,3.79607068001775E-10,-2.33139320000000E+07,1.59540591848639E-09,2.65260156250000E+05,2.33139320000000E+07,7.97702959243196E-10,1.46535658636186E-25,2.32068302878203E-26,-7.97702959243196E-10,-1.46535658636186E-25,-2.32068302878203E-26,1.50177665054798E-02,-4.67624483924257E-19,-4.59242617471003E-26
1.10000000000000E+01,1.90000000000000E+01,1.29650010000000E+07,8.44150804812926E-10,-2.33140920000000E+07,1.08325359793326E-09,3.44406718750000E+05,2.33140920000000E+07,5.41626798966632E-10,9.94952234194440E-26,3.52653026182462E-26,-5.41626798966632E-10,-9.94952234194440E-26,-3.52653026182462E-26,1.02484719827771E-02,4.09110502874080E-19,-4.59242555841245E-26
1.10000000000000E+01,2.00000000000000E+01,1.01645710000000E+07,0.00000000000000E+00,-2.50000000000000E+07,9.99999968265523E-21,4.01882251264000E+11,2.50000000000000E+07,4.99999984132761E-21,9.18485091760503E-37,0.00000000000000E+00,-4.99999984132761E-21,-9.18485091760503E-37,0.00000000000000E+00,2.59216086773541E-14,-0.00000000000000E+00,-5.88545355016423E-44
1.10000000000000E+01,2.10000000000000E+01,1.01645710000000E+07,0.00000000000000E+00,-2.50000000000000E+07,9.99999968265523E-21,4.01882251264000E+11,2.50000000000000E+07,4.99999984132761E-21,9.18485091760503E-37,0.00000000000000E+00,-4.99999984132761E-21,-9.18485091760503E-37,0.00000000000000E+00,2.59216086773541E-14,-0.00000000000000E+00,-5.88545355016423E-44
1.20000000000000E+01,1.00000000000000E+00,1.01645710000000E+07,0.00000000000000E+00,-2.50000000000000E+07,9.99999968265523E-21,4.01882251264000E+11,2.50000000000000E+07,4.99999984132761E-21,9.18485091760503E-37,0.00000000000000E+00,-4.99999984132761E-21,-9.18485091760503E-37,0.00000000000000E+00,2.59216086773541E-14,-0.00000000000000E+00,-6.02558339659671E-44
1.20000000000000E+01,2.00000000000000E+00,1.01645710000000E+07,0.00000000000000E+00,-2.50000000000000E+07,9.99999968265523E-21,4.01882251264000E+11,2.50000000000000E+07,4.99999984132761E-21,9.18485091760503E-37,0.00000000000000E+00,-4.99999984132761E-21,-9.18485091760503E-37,0.00000000000000E+00,2.59216086773541E-14,-0.00000000000000E+00,-6.02558339659671E-44
1.20000000000000E+01,3.00000000000000E+00,1.29942090000000E+07,-6.16115390625000E+04,-2.33142540000000E+07,1.19722964875280E-09,3.32692875000000E+05,2.33142540000000E+07,5.98608107527099E-10,1.10136322244366E-25,-2.83827713935814E-12,-5.98608107527099E-10,-1.10136322244366E-25,2.83827713935814E-12,1.00505966693163E-02,-1.15263792395126E-04,-4.59242617471003E-26
1.20000000000000E+01,4.00000000000000E+00,1.30429930000000E+07,-5.51620507812500E+04,-2.33140920000000E+07,1.62086688515473E-09,2.52662828125000E+05,2.33140920000000E+07,8.10426170616552E-10,1.49082742587725E-25,-3.42749309836798E-12,-8.10426170616552E-10,-1.49082742587725E-25,3.42749309836798E-12,1.47861307486892E-02,-9.12923787836917E-05,-4.59242463396607E-26
1.20000000000000E+01,5.00000000000000E+00,1.30824500000000E+07,-3.99615390625000E+04,-2.33136340000000E+07,1.95020111171118E-09,2.22771015625000E+05,2.33136340000000E+07,9.75096003941189E-10,1.79304607838372E-25,-2.97851977457131E-12,-9.75096003941189E-10,-1.79304607838372E-25,2.97851977457131E-12,1.75841134041548E-02,-1.09959015389904E-04,-4.59242709915640E-26
1.20000000000000E+01,6.00000000000000E+00,1.30872280000000E+07,-1.94189433593750E+04,-2.33129500000000E+07,1.95871097119493E-09,2.26123562500000E+05,2.33129500000000E+07,9.79354375374442E-10,1.79993468297905E-25,-1.45317471163947E-12,-9.79354375374442E-10,-1.79993468297905E-25,1.45317471163947E-12,1.96735057979822E-02,-1.68447339092381E-04,-4.59242494211486E-26
1.20000000000000E+01,7.00000000000000E+00,1.30818210000000E+07,-1.33575029296875E+04,-2.33121420000000E+07,1.81502002316591E-09,2.50043953125000E+05,2.33121420000000E+07,9.07509511982596E-10,1.66763531360250E-25,-9.26634094976231E-13,-9.07509511982596E-10,-1.66763531360250E-25,9.26634094976231E-13,2.15039346367121E-02,-2.58633401244879E-04,-4.59242525026366E-26
1.20000000000000E+01,8.00000000000000E+00,1.30683290000000E+07,-5.95731679687500E+04,-2.33113340000000E+07,1.45522405237131E-09,3.36838250000000E+05,2.33113340000000E+07,7.27604421157935E-10,1.33861868636712E-25,-3.31685113402758E-12,-7.27604421157935E-10,-1.33861868636712E-25,3.31685113402758E-12,2.34425123780966E-02,-3.59560683136806E-04,-4.59242555841245E-26
1.20000000000000E+01,9.00000000000000E+00,1.29062550000000E+07,-1.70762937500000E+05,-2.33106500000000E+07,3.72628039535527E-10,1.49503450000000E+06,2.33106500000000E+07,1.86297713367090E-10,3.43732673347885E-26,-2.46490913617670E-12,-1.86297713367090E-10,-3.43732673347885E-26,2.46490913617670E-12,2.60645113885403E-02,-4.60044539067894E-04,-4.59242432581728E-26
1.20000000000000E+01,1.00000000000000E+01,1.08065060000000E+07,-1.52352171875000E+05,-2.33101920000000E+07,1.04466045189322E-12,2.22203925000000E+06,2.33101920000000E+07,5.22278292662548E-13,9.63918307516090E-29,-7.36317863641754E-15,-5.22278292662548E-13,-9.63918307516090E-29,7.36317863641754E-15,3.07658631354570E-02,-3.84755578124896E-04,-4.59242463396607E-26
1.20000000000000E+01,1.10000000000000E+01,9.55686800000000E+06,-2.41638736797611E-10,-2.33100320000000E+07,3.64236534000379E-14,2.23257350000000E+06,2.33100320000000E+07,1.82118267000190E-14,3.34545805091481E-30,-4.60473298742529E-31,-1.82118267000190E-14,-3.34545805091481E-30,4.60473298742529E-31,3.31858098506927E-02,1.17169164415856E-19,-4.59242494211486E-26
1.20000000000000E+01,1.20000000000000E+01,1.08065060000000E+07,1.52352171875000E+05,-2.33101920000000E+07,1.04466045189322E-12,2.22203925000000E+06,2.33101920000000E+07,5.22278292662548E-13,9.54901043331158E-29,7.36317863641754E-15,-5.22278292662548E-13,-9.54901043331158E-29,-7.36317863641754E-15,3.07658631354570E-02,3.84755578124896E-04,-4.59242555841245E-26
1.20000000000000E+01,1.30000000000000E+01,1.29062550000000E+07,1.70762937500000E+05,-2.33106500000000E+07,3.72628039535527E-10,1.49503450000000E+06,2.33106500000000E+07,1.86297713367090E-10,3.40714016975371E-26,2.46490913617670E-12,-1.86297713367090E-10,-3.40714016975371E-26,-2.46490913617670E-12,2.60645113885403E-02,4.60044539067894E-04,-4.59242833175157E-26
1.20000000000000E+01,1.40000000000000E+01,1.30683290000000E+07,5.95731679687500E+04,-2.33113340000000E+07,1.45522405237131E-09,3.36838250000000E+05,2.33113340000000E+07,7.27604421157935E-10,1.33455666900281E-25,3.31685113402758E-12,-7.27604421157935E-10,-1.33455666900281E-25,-3.31685113402758E-12,2.34425123780966E-02,3.59560683136806E-04,-4.59242494211486E-26
1.20000000000000E+01,1.50000000000000E+01,1.30818210000000E+07,1.33575029296875E+04,-2.33121420000000E+07,1.81502002316591E-09,2.50043953125000E+05,2.33121420000000E+07,9.07509511982596E-10,1.66650058649415E-25,9.26634094976231E-13,-9.07509511982596E-10,-1.66650058649415E-25,-9.26634094976231E-13,2.15039346367121E-02,2.58633401244879E-04,-4.59242401766849E-26
1.20000000000000E+01,1.60000000000000E+01,1.30872280000000E+07,1.94189433593750E+04,-2.33129500000000E+07,1.95871097119493E-09,2.26123562500000E+05,2.33129500000000E+07,9.79354375374442E-10,1.79815506208068E-25,1.45317471163947E-12,-9.79354375374442E-10,-1.79815506208068E-25,-1.45317471163947E-12,1.96735057979822E-02,1.68447339092381E-04,-4.59242833175157E-26
1.20000000000000E+01,1.70000000000000E+01,1.30824500000000E+07,3.99615390625000E+04,-2.33136340000000E+07,1.95020111171118E-09,2.22771015625000E+05,2.33136340000000E+07,9.75096003941189E-10,1.78939845951369E-25,2.97851977457131E-12,-9.75096003941189E-10,-1.78939845951369E-25,-2.97851977457131E-12,1.75841134041548E-02,1.09959015389904E-04,-4.59242494211486E-26
1.20000000000000E+01,1.80000000000000E+01,1.30429930000000E+07,5.51620507812500E+04,-2.33140920000000E+07,1.62086688515473E-09,2.52662828125000E+05,2.33140920000000E+07,8.10426170616552E-10,1.48662994630437E-25,3.42749309836798E-12,-8.10426170616552E-10,-1.48662994630437E-25,-3.42749309836798E-12,1.47861307486892E-02,9.12923787836917E-05,-4.59242586656124E-26
1.20000000000000E+01,1.90000000000000E+01,1.29942090000000E+07,6.16115390625000E+04,-2.33142540000000E+07,1.19722964875280E-09,3.32692875000000E+05,2.33142540000000E+07,5.98608107527099E-10,1.09788730408003E-25,2.83827713935814E-12,-5.98608107527099E-10,-1.09788730408003E-25,-2.83827713935814E-12,1.00505966693163E-02,1.15263792395126E-04,-4.59242617471003E-26
1.20000000000000E+01,2.00000000000000E+01,1.01645710000000E+07,0.00000000000000E+00,-2.50000000000000E+07,9.99999968265523E-21,4.01882251264000E+11,2.50000000000000E+07,4.99999984132761E-21,9.18485091760503E-37,0.00000000000000E+00,-4.99999984132761E-21,-9.18485091760503E-37,0.00000000000000E+00,2.59216086773541E-14,-0.00000000000000E+00,-6.02558339659671E-44
1.20000000000000E+01,2.10000000000000E+01,1.01645710000000E+07,0.00000000000000E+00,-2.50000000000000E+07,9.99999968265523E-21,4.01882251264000E+11,2.50000000000000E+07,4.99999984132761E-21,9.18485091760503E-37,0.00000000000000E+00,-4.99999984132761E-21,-9.18485091760503E-37,0.00000000000000E+00,2.59216086773541E-14,-0.00000000000000E+00,-5.88545355016423E-44
1.30000000000000E+01,1.00000000000000E+00,1.01645710000000E+07,0.00000000000000E+00,-2.50000000000000E+07,9.99999968265523E-21,4.01882251264000E+11,2.50000000000000E+07,4.99999984132761E-21,9.18485091760503E-37,0.00000000000000E+00,-4.99999984132761E-21,-9.18485091760503E-37,0.00000000000000E+00,2.59216086773541E-14,-0.00000000000000E+00,-5.88545355016423E-44
1.30000000000000E+01,2.00000000000000E+00,1.01645710000000E+07,0.00000000000000E+00,-2.50000000000000E+07,9.99999968265523E-21,4.01882251264000E+11,2.50000000000000E+07,4.99999984132761E-21,9.18485091760503E-37,0.00000000000000E+00,-4.99999984132761E-21,-9.18485091760503E-37,0.00000000000000E+00,2.59216086773541E-14,-0.00000000000000E+00,-6.02558339659671E-44
1.30000000000000E+01,3.00000000000000E+00,1.29672340000000E+07,-1.47978296875000E+05,-2.33147100000000E+07,1.16755594081752E-09,3.09118625000000E+05,2.33147100000000E+07,5.83739945270167E-10,1.07639195374840E-25,-6.66146998673511E-12,-5.83739945270167E-10,-1.07639195374840E-25,6.66146998673511E-12,9.57104191184044E-03,-2.10313504794613E-04,-4.59242555841245E-26
1.30000000000000E+01,4.00000000000000E+00,1.30839580000000E+07,-1.17281398437500E+05,-2.33145480000000E+07,2.22773777203145E-09,1.81227437500000E+05,2.33145480000000E+07,1.11382414402783E-09,2.05217517609476E-25,-9.98404657559515E-12,-1.11382414402783E-09,-2.05217517609476E-25,9.98404657559515E-12,1.40226799994707E-02,-1.70508283190429E-04,-4.59242494211486E-26
1.30000000000000E+01,5.00000000000000E+00,1.31105190000000E+07,-5.81691875000000E+04,-2.33140920000000E+07,2.33197283705522E-09,1.88614140625000E+05,2.33140920000000E+07,1.16597498323046E-09,2.14502891176042E-25,-5.17323640522593E-12,-1.16597498323046E-09,-2.14502891176042E-25,5.17323640522593E-12,1.66197493672371E-02,-1.90444712643512E-04,-4.59242432581728E-26
1.30000000000000E+01,6.00000000000000E+00,1.31188470000000E+07,-3.42142343750000E+04,-2.33134060000000E+07,2.35649966207063E-09,1.92462093750000E+05,2.33134060000000E+07,1.17824583423243E-09,2.16628402929450E-25,-3.07289024954749E-12,-1.17824583423243E-09,-2.16628402929450E-25,3.07289024954749E-12,1.85511782765388E-02,-2.72737408522516E-04,-4.59242648285882E-26
1.30000000000000E+01,7.00000000000000E+00,1.31136470000000E+07,-9.83385253906250E+03,-2.33126000000000E+07,2.21833951208339E-09,2.07677640625000E+05,2.33126000000000E+07,1.10916942297479E-09,2.03802054626477E-25,-8.31760116511149E-13,-1.10916942297479E-09,-2.03802054626477E-25,8.31760116511149E-13,2.01506894081831E-02,-4.10203210776672E-04,-4.59242586656124E-26
1.30000000000000E+01,8.00000000000000E+00,1.31038200000000E+07,-1.76809941406250E+04,-2.33117920000000E+07,1.95891569632067E-09,2.43401515625000E+05,2.33117920000000E+07,9.79456959981917E-10,1.80004253505594E-25,-1.32158205819882E-12,-9.79456959981917E-10,-1.80004253505594E-25,1.32158205819882E-12,2.15868726372719E-02,-5.47840318176895E-04,-4.59242432581728E-26
1.30000000000000E+01,9.00000000000000E+00,1.31517110000000E+07,-1.24747984375000E+05,-2.33111080000000E+07,1.71180070118737E-09,3.72257187500000E+05,2.33111080000000E+07,8.55861825854731E-10,1.57716356809206E-25,-8.11811035061893E-12,-8.55861825854731E-10,-1.57716356809206E-25,8.11811035061893E-12,2.28985827416182E-02,-6.05772074777633E-04,-4.59242525026366E-26
1.30000000000000E+01,1.00000000000000E+01,1.28873080000000E+07,-1.75248859375000E+05,-2.33106500000000E+07,3.43531092461546E-10,1.57024675000000E+06,2.33106500000000E+07,1.71749670041521E-10,3.16929121125859E-26,-2.33554863816876E-12,-1.71749670041521E-10,-3.16929121125859E-26,2.33554863816876E-12,2.41037793457508E-02,-4.30735613917932E-04,-4.59242216877574E-26
1.30000000000000E+01,1.10000000000000E+01,1.23388400000000E+07,9.81892900320247E-10,-2.33104900000000E+07,6.68991667618357E-11,2.03718725000000E+06,2.33104900000000E+07,3.34495833809179E-11,6.14458858367410E-27,2.66183124281150E-27,-3.34495833809179E-11,-6.14458858367410E-27,-2.66183124281150E-27,2.50988397747278E-02,3.60489421004278E-19,-4.59242401766849E-26
1.30000000000000E+01,1.20000000000000E+01,1.28873080000000E+07,1.75248859375000E+05,-2.33106500000000E+07,3.43531092461546E-10,1.57024675000000E+06,2.33106500000000E+07,1.71749670041521E-10,3.14068914861729E-26,2.33554863816876E-12,-1.71749670041521E-10,-3.14068914861729E-26,-2.33554863816876E-12,2.41037793457508E-02,4.30735613917932E-04,-4.59242401766849E-26
1.30000000000000E+01,1.30000000000000E+01,1.31517110000000E+07,1.24747984375000E+05,-2.33111080000000E+07,1.71180070118737E-09,3.72257187500000E+05,2.33111080000000E+07,8.55861825854731E-10,1.56722182527450E-25,8.11811035061893E-12,-8.55861825854731E-10,-1.56722182527450E-25,-8.11811035061893E-12,2.28985827416182E-02,6.05772074777633E-04,-4.59242401766849E-26
1.30000000000000E+01,1.40000000000000E+01,1.31038200000000E+07,1.76809941406250E+04,-2.33117920000000E+07,1.95891569632067E-09,2.43401515625000E+05,2.33117920000000E+07,9.79456959981917E-10,1.79842401434555E-25,1.32158205819882E-12,-9.79456959981917E-10,-1.79842401434555E-25,-1.32158205819882E-12,2.15868726372719E-02,5.47840318176895E-04,-4.59242494211486E-26
1.30000000000000E+01,1.50000000000000E+01,1.31136470000000E+07,9.83385253906250E+03,-2.33126000000000E+07,2.21833951208339E-09,2.07677640625000E+05,2.33126000000000E+07,1.10916942297479E-09,2.03700192962090E-25,8.31760116511149E-13,-1.10916942297479E-09,-2.03700192962090E-25,-8.31760116511149E-13,2.01506894081831E-02,4.10203210776672E-04,-4.59242648285882E-26
1.30000000000000E+01,1.60000000000000E+01,1.31188470000000E+07,3.42142343750000E+04,-2.33134060000000E+07,2.35649966207063E-09,1.92462093750000E+05,2.33134060000000E+07,1.17824583423243E-09,2.16252091625756E-25,3.07289024954749E-12,-1.17824583423243E-09,-2.16252091625756E-25,-3.07289024954749E-12,1.85511782765388E-02,2.72737408522516E-04,-4.59242586656124E-26
1.30000000000000E+01,1.70000000000000E+01,1.31105190000000E+07,5.81691875000000E+04,-2.33140920000000E+07,2.33197283705522E-09,1.88614140625000E+05,2.33140920000000E+07,1.16597498323046E-09,2.13869361913439E-25,5.17323640522593E-12,-1.16597498323046E-09,-2.13869361913439E-25,-5.17323640522593E-12,1.66197493672371E-02,1.90444712643512E-04,-4.59242494211486E-26
1.30000000000000E+01,1.80000000000000E+01,1.30839580000000E+07,1.17281398437500E+05,-2.33145480000000E+07,2.22773777203145E-09,1.81227437500000E+05,2.33145480000000E+07,1.11382414402783E-09,2.03994820184239E-25,9.98404657559515E-12,-1.11382414402783E-09,-2.03994820184239E-25,-9.98404657559515E-12,1.40226799994707E-02,1.70508283190429E-04,-4.59242555841245E-26
1.30000000000000E+01,1.90000000000000E+01,1.29672340000000E+07,1.47978296875000E+05,-2.33147100000000E+07,1.16755594081752E-09,3.09118625000000E+05,2.33147100000000E+07,5.83739945270167E-10,1.06823389939325E-25,6.66146998673511E-12,-5.83739945270167E-10,-1.06823389939325E-25,-6.66146998673511E-12,9.57104191184044E-03,2.10313504794613E-04,-4.59242586656124E-26
1.30000000000000E+01,2.00000000000000E+01,1.01645710000000E+07,0.00000000000000E+00,-2.50000000000000E+07,9.99999968265523E-21,4.01882251264000E+11,2.50000000000000E+07,4.99999984132761E-21,9.18485091760503E-37,0.00000000000000E+00,-4.99999984132761E-21,-9.18485091760503E-37,0.00000000000000E+00,2.59216086773541E-14,-0.00000000000000E+00,-5.88545355016423E-44
1.30000000000000E+01,2.10000000000000E+01,1.01645710000000E+07,0.00000000000000E+00,-2.50000000000000E+07,9.99999968265523E-21,4.01882251264000E+11,2.50000000000000E+07,4.99999984132761E-21,9.18485091760503E-37,0.00000000000000E+00,-4.99999984132761E-21,-9.18485091760503E-37,0.00000000000000E+00,2.59216086773541E-14,-0.00000000000000E+00,-6.02558339659671E-44
1.40000000000000E+01,1.00000000000000E+00,1.01645710000000E+07,0.00000000000000E+00,-2.50000000000000E+07,9.99999968265523E-21,4.01882251264000E+11,2.50000000000000E+07,4.99999984132761E-21,9.18485091760503E-37,0.00000000000000E+00,-4.99999984132761E-21,-9.18485091760503E-37,0.00000000000000E+00,2.59216086773541E-14,-0.00000000000000E+00,-6.02558339659671E-44
1.40000000000000E+01,2.00000000000000E+00,1.01645710000000E+07,0.00000000000000E+00,-2.50000000000000E+07,9.99999968265523E-21,4.01882251264000E+11,2.50000000000000E+07,4.99999984132761E-21,9.18485091760503E-37,0.00000000000000E+00,-4.99999984132761E-21,-9.18485091760503E-37,0.00000000000000E+00,2.59216086773541E-14,-0.00000000000000E+00,-6.02558339659671E-44
1.40000000000000E+01,3.00000000000000E+00,1.30286890000000E+07,-2.36014687500000E+05,-2.33153920000000E+07,2.24038809726324E-09,1.42488515625000E+05,2.33153920000000E+07,1.12001030672104E-09,2.06984898837866E-25,-2.02889840345000E-11,-1.12001030672104E-09,-2.06984898837866E-25,2.02889840345000E-11,8.82238056510687E-03,-2.64991947915405E-04,-4.59242525026366E-26
1.40000000000000E+01,4.00000000000000E+00,1.31699060000000E+07,-5.56407226562500E+04,-2.33152320000000E+07,3.24784688032764E-09,1.42808328125000E+05,2.33152320000000E+07,1.62390900726450E-09,2.98727351355193E-25,-6.86075241757012E-12,-1.62390900726450E-09,-2.98727351355193E-25,6.86075241757012E-12,1.23200099915266E-02,-2.18219400267117E-04,-4.59242555841245E-26
1.40000000000000E+01,5.00000000000000E+00,1.31606610000000E+07,-9.99811640625000E+04,-2.33147740000000E+07,3.31608207559952E-09,1.33087296875000E+05,2.33147740000000E+07,1.65799318718740E-09,3.05339682070369E-25,-1.25957265451060E-11,-1.65799318718740E-09,-3.05339682070369E-25,1.25957265451060E-11,1.49119310081005E-02,-2.23275186726823E-04,-4.59242555841245E-26
1.40000000000000E+01,6.00000000000000E+00,1.31483600000000E+07,-5.85832539062500E+04,-2.33140900000000E+07,2.96853919223850E-09,1.50788812500000E+05,2.33140900000000E+07,1.48425483015302E-09,2.73058137974044E-25,-6.61318048933435E-12,-1.48425483015302E-09,-2.73058137974044E-25,6.61318048933435E-12,1.67391709983349E-02,-2.84380919765681E-04,-4.59242555841245E-26
1.40000000000000E+01,7.00000000000000E+00,1.31489240000000E+07,-2.86412675781250E+04,-2.33132840000000E+07,2.75046807551860E-09,1.71011890625000E+05,2.33132840000000E+07,1.37523081811253E-09,2.52809212524572E-25,-2.99555714435018E-12,-1.37523081811253E-09,-2.52809212524572E-25,2.99555714435018E-12,1.81097127497196E-02,-3.90171539038420E-04,-4.59242463396607E-26
1.40000000000000E+01,8.00000000000000E+00,1.31431080000000E+07,-4.59515820312500E+03,-2.33124760000000E+07,2.56391419206636E-09,1.86965562500000E+05,2.33124760000000E+07,1.28195698501088E-09,2.35519131767261E-25,-4.48204136565405E-13,-1.28195698501088E-09,-2.35519131767261E-25,4.48204136565405E-13,1.91984400153160E-02,-4.99450776260346E-04,-4.59242617471003E-26
1.40000000000000E+01,9.00000000000000E+00,1.31344090000000E+07,3.19418774414062E+03,-2.33117920000000E+07,2.35092523226399E-09,2.07260953125000E+05,2.33117920000000E+07,1.17546261613199E-09,2.15911476278024E-25,2.85863509513068E-13,-1.17546261613199E-09,-2.15911476278024E-25,-2.85863509513068E-13,2.00112145394087E-02,-5.09869540110230E-04,-4.59242740730519E-26
1.40000000000000E+01,1.00000000000000E+01,1.31685250000000E+07,-1.72082871093750E+04,-2.33113340000000E+07,2.46231657285989E-09,2.22990312500000E+05,2.33113340000000E+07,1.23115728722922E-09,2.26258447081839E-25,-1.60884445956494E-12,-1.23115728722922E-09,-2.26258447081839E-25,1.60884445956494E-12,2.04542558640242E-02,-3.41595354257151E-04,-4.59242833175157E-26
1.40000000000000E+01,1.10000000000000E+01,1.32017170000000E+07,2.04293484906692E-10,-2.33111740000000E+07,2.45246889463147E-09,2.58777250000000E+05,2.33111740000000E+07,1.22623444731573E-09,2.25255607656077E-25,1.89756916224938E-26,-1.22623444731573E-09,-2.25255607656077E-25,-1.89756916224938E-26,2.04838346689939E-02,-5.95761391178318E-20,-4.59242555841245E-26
1.40000000000000E+01,1.20000000000000E+01,1.31685250000000E+07,1.72082871093750E+04,-2.33113340000000E+07,2.46231657285989E-09,2.22990312500000E+05,2.33113340000000E+07,1.23115728722922E-09,2.26061404418857E-25,1.60884445956494E-12,-1.23115728722922E-09,-2.26061404418857E-25,-1.60884445956494E-12,2.04542558640242E-02,3.41595354257151E-04,-4.59242679100761E-26
1.40000000000000E+01,1.30000000000000E+01,1.31344090000000E+07,-3.19418774414062E+03,-2.33117920000000E+07,2.35092523226399E-09,2.07260953125000E+05,2.33117920000000E+07,1.17546261613199E-09,2.15946481980693E-25,-2.85863509513068E-13,-1.17546261613199E-09,-2.15946481980693E-25,2.85863509513068E-13,2.00112145394087E-02,5.09869540110230E-04,-4.59242679100761E-26
1.40000000000000E+01,1.40000000000000E+01,1.31431080000000E+07,4.59515820312500E+03,-2.33124760000000E+07,2.56391419206636E-09,1.86965562500000E+05,2.33124760000000E+07,1.28195698501088E-09,2.35464231978638E-25,4.48204136565405E-13,-1.28195698501088E-09,-2.35464231978638E-25,-4.48204136565405E-13,1.91984400153160E-02,4.99450776260346E-04,-4.59242555841245E-26
1.40000000000000E+01,1.50000000000000E+01,1.31489240000000E+07,2.86412675781250E+04,-2.33132840000000E+07,2.75046807551860E-09,1.71011890625000E+05,2.33132840000000E+07,1.37523081811253E-09,2.52442367551741E-25,2.99555714435018E-12,-1.37523081811253E-09,-2.52442367551741E-25,-2.99555714435018E-12,1.81097127497196E-02,3.90171539038420E-04,-4.59242340137091E-26
1.40000000000000E+01,1.60000000000000E+01,1.31483600000000E+07,5.85832539062500E+04,-2.33140900000000E+07,2.96853919223850E-09,1.50788812500000E+05,2.33140900000000E+07,1.48425483015302E-09,2.72248248995319E-25,6.61318048933435E-12,-1.48425483015302E-09,-2.72248248995319E-25,-6.61318048933435E-12,1.67391709983349E-02,2.84380919765681E-04,-4.59242586656124E-26
1.40000000000000E+01,1.70000000000000E+01,1.31606610000000E+07,9.99811640625000E+04,-2.33147740000000E+07,3.31608207559952E-09,1.33087296875000E+05,2.33147740000000E+07,1.65799318718740E-09,3.03797138525919E-25,1.25957265451060E-11,-1.65799318718740E-09,-3.03797138525919E-25,-1.25957265451060E-11,1.49119310081005E-02,2.23275186726823E-04,-4.59242370951970E-26
1.40000000000000E+01,1.80000000000000E+01,1.31699060000000E+07,5.56407226562500E+04,-2.33152320000000E+07,3.24784688032764E-09,1.42808328125000E+05,2.33152320000000E+07,1.62390900726450E-09,2.97887140535423E-25,6.86075241757012E-12,-1.62390900726450E-09,-2.97887140535423E-25,-6.86075241757012E-12,1.23200099915266E-02,2.18219400267117E-04,-4.59242586656124E-26
1.40000000000000E+01,1.90000000000000E+01,1.30286890000000E+07,2.36014687500000E+05,-2.33153920000000E+07,2.24038809726324E-09,1.42488515625000E+05,2.33153920000000E+07,1.12001030672104E-09,2.04500208853549E-25,2.02889840345000E-11,-1.12001030672104E-09,-2.04500208853549E-25,-2.02889840345000E-11,8.82238056510687E-03,2.64991947915405E-04,-4.59242555841245E-26
1.40000000000000E+01,2.00000000000000E+01,1.01645710000000E+07,0.00000000000000E+00,-2.50000000000000E+07,9.99999968265523E-21,4.01882251264000E+11,2.50000000000000E+07,4.99999984132761E-21,9.18485091760503E-37,0.00000000000000E+00,-4.99999984132761E-21,-9.18485091760503E-37,0.00000000000000E+00,2.59216086773541E-14,-0.00000000000000E+00,-6.02558339659671E-44
1.40000000000000E+01,2.10000000000000E+01,1.01645710000000E+07,0.00000000000000E+00,-2.50000000000000E+07,9.99999968265523E-21,4.01882251264000E+11,2.50000000000000E+07,4.99999984132761E-21,9.18485091760503E-37,0.00000000000000E+00,-4.99999984132761E-21,-9.18485091760503E-37,0.00000000000000E+00,2.59216086773541E-14,-0.00000000000000E+00,-6.02558339659671E-44
1.50000000000000E+01,1.00000000000000E+00,1.01645710000000E+07,0.00000000000000E+00,-2.50000000000000E+07,9.99999968265523E-21,4.01882251264000E+11,2.50000000000000E+07,4.99999984132761E-21,9.18485091760503E-37,0.00000000000000E+00,-4.99999984132761E-21,-9.18485091760503E-37,0.00000000000000E+00,2.59216086773541E-14,-0.00000000000000E+00,-6.02558339659671E-44
1.50000000000000E+01,2.00000000000000E+00,1.01645710000000E+07,0.00000000000000E+00,-2.50000000000000E+07,9.99999968265523E-21,4.01882251264000E+11,2.50000000000000E+07,4.99999984132761E-21,9.18485091760503E-37,0.00000000000000E+00,-4.99999984132761E-21,-9.18485091760503E-37,0.00000000000000E+00,2.59216086773541E-14,-0.00000000000000E+00,-6.02558339659671E-44
1.50000000000000E+01,3.00000000000000E+00,1.49604390000000E+07,-5.66230250000000E+05,-2.33161980000000E+07,9.01296992594780E-09,6.24182160000000E+07,2.33161980000000E+07,4.50326043122118E-09,8.37672068162015E-25,-1.70441688540635E-10,-4.50326043122118E-09,-8.37672068162015E-25,1.70441688540635E-10,4.37983125448227E-03,-1.71998166479170E-04,-4.59242555841245E-26
1.50000000000000E+01,4.00000000000000E+00,1.31760800000000E+07,-5.01752070312500E+04,-2.33160380000000E+07,4.31600755135264E-09,9.29260468750000E+04,2.33160380000000E+07,2.15798801050937E-09,3.96919160855058E-25,-8.21773205039733E-12,-2.15798801050937E-09,-3.96919160855058E-25,8.21773205039733E-12,1.00125940516591E-02,-2.49417091254145E-04,-4.59242617471003E-26
1.50000000000000E+01,5.00000000000000E+00,1.31474410000000E+07,4.39066132812500E+04,-2.33155800000000E+07,3.28718297026853E-09,1.27134773437500E+05,2.33155800000000E+07,1.64358238130546E-09,3.01585073940066E-25,5.48883508089126E-12,-1.64358238130546E-09,-3.01585073940066E-25,-5.48883508089126E-12,1.22432820498943E-02,-2.22205795580521E-04,-4.59242555841245E-26
1.50000000000000E+01,6.00000000000000E+00,1.32393790000000E+07,-5.95473164062500E+04,-2.33148960000000E+07,4.45142633864748E-09,1.16231765625000E+05,2.33148960000000E+07,2.22569074281864E-09,4.09465722381662E-25,-1.00105835079689E-11,-2.22569074281864E-09,-4.09465722381662E-25,1.00105835079689E-11,1.39246815815568E-02,-2.38616354181431E-04,-4.59242463396607E-26
1.50000000000000E+01,7.00000000000000E+00,1.31963760000000E+07,-7.33411953125000E+04,-2.33140900000000E+07,3.73786157581435E-09,1.28156726562500E+05,2.33140900000000E+07,1.86890192210853E-09,3.43947718063243E-25,-1.03867539569258E-11,-1.86890192210853E-09,-3.43947718063243E-25,1.03867539569258E-11,1.53185622766614E-02,-2.89373012492433E-04,-4.59242525026366E-26
1.50000000000000E+01,8.00000000000000E+00,1.31958610000000E+07,-5.23567500000000E+04,-2.33132840000000E+07,3.41983419360758E-09,1.47622390625000E+05,2.33132840000000E+07,1.70990366310519E-09,3.14519631772523E-25,-6.78432397066553E-12,-1.70990366310519E-09,-3.14519631772523E-25,6.78432397066553E-12,1.62775348871946E-02,-3.28189926221967E-04,-4.59242494211486E-26
1.50000000000000E+01,9.00000000000000E+00,1.32080410000000E+07,-2.64145976562500E+04,-2.33126000000000E+07,3.31719696156085E-09,1.63491453125000E+05,2.33126000000000E+07,1.65859515011135E-09,3.04882093441534E-25,-3.31700422337433E-12,-1.65859515011135E-09,-3.04882093441534E-25,3.31700422337433E-12,1.69000942260027E-02,-3.07010544929653E-04,-4.59242648285882E-26
1.50000000000000E+01,1.00000000000000E+01,1.32162720000000E+07,-2.87970654296875E+03,-2.33121420000000E+07,3.25512683474471E-09,1.74715703125000E+05,2.33121420000000E+07,1.62756341737236E-09,2.99000247924593E-25,-3.54631390442686E-13,-1.62756341737236E-09,-2.99000247924593E-25,3.54631390442686E-13,1.72554068267345E-02,-1.91434941370972E-04,-4.59242525026366E-26
1.50000000000000E+01,1.10000000000000E+01,1.32187580000000E+07,-6.54140908107337E-11,-2.33119820000000E+07,3.26065885403182E-09,1.76172937500000E+05,2.33119820000000E+07,1.63032942701591E-09,2.99486654628372E-25,-8.06781683353535E-27,-1.63032942701591E-09,-2.99486654628372E-25,8.06781683353535E-27,1.73872299492359E-02,2.12181666045497E-20,-4.59242709915640E-26
1.50000000000000E+01,1.20000000000000E+01,1.32162720000000E+07,2.87970654296875E+03,-2.33121420000000E+07,3.25512683474471E-09,1.74715703125000E+05,2.33121420000000E+07,1.62756341737236E-09,2.98956835922903E-25,3.54631390442686E-13,-1.62756341737236E-09,-2.98956835922903E-25,-3.54631390442686E-13,1.72554068267345E-02,1.91434941370972E-04,-4.59242525026366E-26
1.50000000000000E+01,1.30000000000000E+01,1.32080410000000E+07,2.64145976562500E+04,-2.33126000000000E+07,3.31719696156085E-09,1.63491453125000E+05,2.33126000000000E+07,1.65859515011135E-09,3.04475879379152E-25,3.31700422337433E-12,-1.65859515011135E-09,-3.04475879379152E-25,-3.31700422337433E-12,1.69000942260027E-02,3.07010544929653E-04,-4.59242617471003E-26
1.50000000000000E+01,1.40000000000000E+01,1.31958610000000E+07,5.23567500000000E+04,-2.33132840000000E+07,3.41983419360758E-09,1.47622390625000E+05,2.33132840000000E+07,1.70990366310519E-09,3.13688788676002E-25,6.78432397066553E-12,-1.70990366310519E-09,-3.13688788676002E-25,-6.78432397066553E-12,1.62775348871946E-02,3.28189926221967E-04,-4.59242494211486E-26
1.50000000000000E+01,1.50000000000000E+01,1.31963760000000E+07,7.33411953125000E+04,-2.33140900000000E+07,3.73786157581435E-09,1.28156726562500E+05,2.33140900000000E+07,1.86890192210853E-09,3.42675704505478E-25,1.03867539569258E-11,-1.86890192210853E-09,-3.42675704505478E-25,-1.03867539569258E-11,1.53185622766614E-02,2.89373012492433E-04,-4.59242555841245E-26
1.50000000000000E+01,1.60000000000000E+01,1.32393790000000E+07,5.95473164062500E+04,-2.33148960000000E+07,4.45142633864748E-09,1.16231765625000E+05,2.33148960000000E+07,2.22569074281864E-09,4.08239783231142E-25,1.00105835079689E-11,-2.22569074281864E-09,-4.08239783231142E-25,-1.00105835079689E-11,1.39246815815568E-02,2.38616354181431E-04,-4.59242525026366E-26
1.50000000000000E+01,1.70000000000000E+01,1.31474410000000E+07,-4.39066132812500E+04,-2.33155800000000E+07,3.28718297026853E-09,1.27134773437500E+05,2.33155800000000E+07,1.64358238130546E-09,3.02257282038928E-25,-5.48883508089126E-12,-1.64358238130546E-09,-3.02257282038928E-25,5.48883508089126E-12,1.22432820498943E-02,2.22205795580521E-04,-4.59242463396607E-26
1.50000000000000E+01,1.80000000000000E+01,1.31760800000000E+07,5.01752070312500E+04,-2.33160380000000E+07,4.31600755135264E-09,9.29260468750000E+04,2.33160380000000E+07,2.15798801050937E-09,3.95912771555223E-25,8.21773205039733E-12,-2.15798801050937E-09,-3.95912771555223E-25,-8.21773205039733E-12,1.00125940516591E-02,2.49417091254145E-04,-4.59242555841245E-26
1.50000000000000E+01,1.90000000000000E+01,1.49604390000000E+07,5.66230250000000E+05,-2.33161980000000E+07,9.01296992594780E-09,6.24182160000000E+07,2.33161980000000E+07,4.50326043122118E-09,8.16799005825093E-25,1.70441688540635E-10,-4.50326043122118E-09,-8.16799005825093E-25,-1.70441688540635E-10,4.37983125448227E-03,1.71998166479170E-04,-4.59242555841245E-26
1.50000000000000E+01,2.00000000000000E+01,1.01645710000000E+07,0.00000000000000E+00,-2.50000000000000E+07,9.99999968265523E-21,4.01882251264000E+11,2.50000000000000E+07,4.99999984132761E-21,9.18485091760503E-37,0.00000000000000E+00,-4.99999984132761E-21,-9.18485091760503E-37,0.00000000000000E+00,2.59216086773541E-14,-0.00000000000000E+00,-6.02558339659671E-44
1.50000000000000E+01,2.10000000000000E+01,1.01645710000000E+07,0.00000000000000E+00,-2.50000000000000E+07,9.99999968265523E-21,4.01882251264000E+11,2.50000000000000E+07,4.99999984132761E-21,9.18485091760503E-37,0.00000000000000E+00,-4.99999984132761E-21,-9.18485091760503E-37,0.00000000000000E+00,2.59216086773541E-14,-0.00000000000000E+00,-6.02558339659671E-44
1.60000000000000E+01,1.00000000000000E+00,1.01645710000000E+07,0.00000000000000E+00,-2.50000000000000E+07,9.99999968265523E-21,4.01882251264000E+11,2.50000000000000E+07,4.99999984132761E-21,9.18485091760503E-37,0.00000000000000E+00,-4.99999984132761E-21,-9.18485091760503E-37,0.00000000000000E+00,2.59216086773541E-14,-0.00000000000000E+00,-5.88545355016423E-44
1.60000000000000E+01,2.00000000000000E+00,1.01645710000000E+07,0.00000000000000E+00,-2.50000000000000E+07,9.99999968265523E-21,4.01882251264000E+11,2.50000000000000E+07,4.99999984132761E-21,9.18485091760503E-37,0.00000000000000E+00,-4.99999984132761E-21,-9.18485091760503E-37,0.00000000000000E+00,2.59216086773541E-14,-0.00000000000000E+00,-5.88545355016423E-44
1.60000000000000E+01,3.00000000000000E+00,1.61287410000000E+07,-6.76107750000000E+05,-2.33170040000000E+07,1.59895585660763E-09,1.51944019968000E+11,2.33170040000000E+07,7.98776433885706E-10,1.48783172658967E-25,-3.34842605032026E-11,-7.98776433885706E-10,-1.48783172658967E-25,3.34842605032026E-11,4.85624826978892E-04,-1.65368455782300E-05,-4.59242555841245E-26
1.60000000000000E+01,4.00000000000000E+00,1.59819550000000E+07,-5.31668125000000E+05,-2.33168440000000E+07,1.09198827757950E-08,3.62674048000000E+09,2.33168440000000E+07,5.45692246944895E-09,1.01353618242178E-24,-1.81534218213208E-10,-5.45692246944895E-09,-1.01353618242178E-24,1.81534218213208E-10,2.34972685575485E-03,-8.26837786007673E-05,-4.59242555841245E-26
1.60000000000000E+01,5.00000000000000E+00,1.36776110000000E+07,-2.55165343750000E+05,-2.33163860000000E+07,1.39095597262440E-08,1.22538625000000E+05,2.33163860000000E+07,6.95357016411435E-09,1.28529334085170E-24,-1.29723676245419E-10,-6.95357016411435E-09,-1.28529334085170E-24,1.29723676245419E-10,7.65966717153788E-03,-1.88295744010247E-04,-4.59242555841245E-26
1.60000000000000E+01,6.00000000000000E+00,1.32491920000000E+07,-1.27083843750000E+05,-2.33157020000000E+07,5.62652280322595E-09,8.33827578125000E+04,2.33157020000000E+07,2.81313194960831E-09,5.18416214122158E-25,-2.69830512100722E-11,-2.81313194960831E-09,-5.18416214122158E-25,2.69830512100722E-11,1.02918166667223E-02,-2.07729521207511E-04,-4.59242494211486E-26
1.60000000000000E+01,7.00000000000000E+00,1.32460590000000E+07,-6.17163330078125E+03,-2.33148960000000E+07,4.65731186949370E-09,1.11198734375000E+05,2.33148960000000E+07,2.32865571270224E-09,4.27833584350732E-25,-1.08497249812906E-12,-2.32865571270224E-09,-4.27833584350732E-25,1.08497249812906E-12,1.15893315523863E-02,-2.04619514988735E-04,-4.59242494211486E-26
1.60000000000000E+01,8.00000000000000E+00,1.33025420000000E+07,8.36603828125000E+04,-2.33140900000000E+07,5.16845988229875E-09,1.20206093750000E+05,2.33140900000000E+07,2.58417887089024E-09,4.73710825673798E-25,1.62520361751683E-11,-2.58417887089024E-09,-4.73710825673798E-25,-1.62520361751683E-11,1.24382544308901E-02,-1.89515965757892E-04,-4.59242617471003E-26
1.60000000000000E+01,9.00000000000000E+00,1.33351220000000E+07,8.78136953125000E+04,-2.33134060000000E+07,5.75666980751066E-09,1.16493234375000E+05,2.33134060000000E+07,2.87827250922135E-09,5.27569465813051E-25,1.89538367639797E-11,-2.87827250922135E-09,-5.27569465813051E-25,-1.89538367639797E-11,1.30365658551455E-02,-1.54160195961595E-04,-4.59242648285882E-26
1.60000000000000E+01,1.00000000000000E+01,1.33834250000000E+07,3.43622968750000E+04,-2.33129500000000E+07,6.89516310714566E-09,1.07295570312500E+05,2.33129500000000E+07,3.44757000725338E-09,6.32766335499375E-25,8.85172751069474E-12,-3.44757000725338E-09,-6.32766335499375E-25,-8.85172751069474E-12,1.34175233542919E-02,-8.96543788257986E-05,-4.59242586656124E-26
1.60000000000000E+01,1.10000000000000E+01,1.34053530000000E+07,8.91650434042823E-11,-2.33127900000000E+07,7.58063922745578E-09,1.01271000000000E+05,2.33127900000000E+07,3.79031961372789E-09,6.96270427230572E-25,2.52111255512726E-26,-3.79031961372789E-09,-6.96270427230572E-25,-2.52111255512726E-26,1.35607877746224E-02,1.25944568438066E-19,-4.59242555841245E-26
1.60000000000000E+01,1.20000000000000E+01,1.33834250000000E+07,-3.43622968750000E+04,-2.33129500000000E+07,6.89516310714566E-09,1.07295570312500E+05,2.33129500000000E+07,3.44757000725338E-09,6.33850378294568E-25,-8.85172751069474E-12,-3.44757000725338E-09,-6.33850378294568E-25,8.85172751069474E-12,1.34175233542919E-02,8.96543788257986E-05,-4.59242555841245E-26
1.60000000000000E+01,1.30000000000000E+01,1.33351220000000E+07,-8.78136953125000E+04,-2.33134060000000E+07,5.75666980751066E-09,1.16493234375000E+05,2.33134060000000E+07,2.87827250922135E-09,5.29890639722857E-25,-1.89538367639797E-11,-2.87827250922135E-09,-5.29890639722857E-25,1.89538367639797E-11,1.30365658551455E-02,1.54160195961595E-04,-4.59242586656124E-26
1.60000000000000E+01,1.40000000000000E+01,1.33025420000000E+07,-8.36603828125000E+04,-2.33140900000000E+07,5.16845988229875E-09,1.20206093750000E+05,2.33140900000000E+07,2.58417887089024E-09,4.75701121737670E-25,-1.62520361751683E-11,-2.58417887089024E-09,-4.75701121737670E-25,1.62520361751683E-11,1.24382544308901E-02,1.89515965757892E-04,-4.59242525026366E-26
1.60000000000000E+01,1.50000000000000E+01,1.32460590000000E+07,6.17163330078125E+03,-2.33148960000000E+07,4.65731186949370E-09,1.11198734375000E+05,2.33148960000000E+07,2.32865571270224E-09,4.27700710592009E-25,1.08497249812906E-12,-2.32865571270224E-09,-4.27700710592009E-25,-1.08497249812906E-12,1.15893315523863E-02,2.04619514988735E-04,-4.59242648285882E-26
1.60000000000000E+01,1.60000000000000E+01,1.32491920000000E+07,1.27083843750000E+05,-2.33157020000000E+07,5.62652280322595E-09,8.33827578125000E+04,2.33157020000000E+07,2.81313194960831E-09,5.15111725093994E-25,2.69830512100722E-11,-2.81313194960831E-09,-5.15111725093994E-25,-2.69830512100722E-11,1.02918166667223E-02,2.07729521207511E-04,-4.59242525026366E-26
1.60000000000000E+01,1.70000000000000E+01,1.36776110000000E+07,2.55165343750000E+05,-2.33163860000000E+07,1.39095597262440E-08,1.22538625000000E+05,2.33163860000000E+07,6.95357016411435E-09,1.26940676690429E-24,1.29723676245419E-10,-6.95357016411435E-09,-1.26940676690429E-24,-1.29723676245419E-10,7.65966717153788E-03,1.88295744010247E-04,-4.59242586656124E-26
1.60000000000000E+01,1.80000000000000E+01,1.59819550000000E+07,5.31668125000000E+05,-2.33168440000000E+07,1.09198827757950E-08,3.62674048000000E+09,2.33168440000000E+07,5.45692246944895E-09,9.91304701606070E-25,1.81534218213208E-10,-5.45692246944895E-09,-9.91304701606070E-25,-1.81534218213208E-10,2.34972685575485E-03,8.26837786007673E-05,-4.59242555841245E-26
1.60000000000000E+01,1.90000000000000E+01,1.61287410000000E+07,6.76107750000000E+05,-2.33170040000000E+07,1.59895585660763E-09,1.51944019968000E+11,2.33170040000000E+07,7.98776433885706E-10,1.44682538088160E-25,3.34842605032026E-11,-7.98776433885706E-10,-1.44682538088160E-25,-3.34842605032026E-11,4.85624826978892E-04,1.65368455782300E-05,-4.59242555841245E-26
1.60000000000000E+01,2.00000000000000E+01,1.01645710000000E+07,0.00000000000000E+00,-2.50000000000000E+07,9.99999968265523E-21,4.01882251264000E+11,2.50000000000000E+07,4.99999984132761E-21,9.18485091760503E-37,0.00000000000000E+00,-4.99999984132761E-21,-9.18485091760503E-37,0.00000000000000E+00,2.59216086773541E-14,-0.00000000000000E+00,-6.02558339659671E-44
1.60000000000000E+01,2.10000000000000E+01,1.01645710000000E+07,0.00000000000000E+00,-2.50000000000000E+07,9.99999968265523E-21,4.01882251264000E+11,2.50000000000000E+07,4.99999984132761E-21,9.18485091760503E-37,0.00000000000000E+00,-4.99999984132761E-21,-9.18485091760503E-37,0.00000000000000E+00,2.59216086773541E-14,-0.00000000000000E+00,-5.88545355016423E-44
1.70000000000000E+01,1.00000000000000E+00,1.01645710000000E+07,0.00000000000000E+00,-2.50000000000000E+07,9.99999968265523E-21,4.01882251264000E+11,2.50000000000000E+07,4.99999984132761E-21,9.18485091760503E-37,0.00000000000000E+00,-4.99999984132761E-21,-9.18485091760503E-37,0.00000000000000E+00,2.59216086773541E-14,-0.00000000000000E+00,-6.02558339659671E-44
1.70000000000000E+01,2.00000000000000E+00,1.01645710000000E+07,0.00000000000000E+00,-2.50000000000000E+07,9.99999968265523E-21,4.01882251264000E+11,2.50000000000000E+07,4.99999984132761E-21,9.18485091760503E-37,0.00000000000000E+00,-4.99999984132761E-21,-9.18485091760503E-37,0.00000000000000E+00,2.59216086773541E-14,-0.00000000000000E+00,-6.02558339659671E-44
1.70000000000000E+01,3.00000000000000E+00,1.54628540000000E+07,-3.38671000000000E+05,-2.33176860000000E+07,1.58478841161269E-10,3.37221386240000E+11,2.33176860000000E+07,7.92204218891257E-11,1.46587997708355E-26,-1.73510392251913E-12,-7.92204218891257E-11,-1.46587997708355E-26,1.73510392251913E-12,8.76637641340494E-05,-1.27834834984242E-06,-4.59242555841245E-26
1.70000000000000E+01,4.00000000000000E+00,1.58721060000000E+07,-5.38411562500000E+05,-2.33175260000000E+07,5.44652822842551E-10,2.76978860032000E+11,2.33175260000000E+07,2.72169869974803E-10,5.05621229203143E-26,-9.23251145673598E-12,-2.72169869974803E-10,-5.05621229203143E-26,9.23251145673598E-12,1.85923825483769E-04,-4.15501472161850E-06,-4.59242555841245E-26
1.70000000000000E+01,5.00000000000000E+00,1.59805510000000E+07,-5.65838625000000E+05,-2.33170700000000E+07,9.15071129981015E-10,1.93180254208000E+11,2.33170700000000E+07,4.57249016427852E-10,8.49866477250147E-26,-1.61902522638480E-11,-4.57249016427852E-10,-8.49866477250147E-26,1.61902522638480E-11,3.65871528629214E-04,-1.07540890894597E-05,-4.59242555841245E-26
1.70000000000000E+01,6.00000000000000E+00,1.62935300000000E+07,-3.72980312500000E+05,-2.33163860000000E+07,3.90151999596355E-09,7.08190617600000E+10,2.33163860000000E+07,1.95024907334584E-09,3.60988568078311E-25,-4.46437643797370E-11,-1.95024907334584E-09,-3.60988568078311E-25,4.46437643797370E-11,8.66719987243414E-04,-2.33026275964221E-05,-4.59242555841245E-26
1.70000000000000E+01,7.00000000000000E+00,1.60191220000000E+07,-2.54005734375000E+05,-2.33155800000000E+07,1.14503606596372E-08,3.84106316800000E+09,2.33155800000000E+07,5.72446046120945E-09,1.05712439591693E-24,-9.07693850638047E-11,-5.72446046120945E-09,-1.05712439591693E-24,9.07693850638047E-11,2.32190242968500E-03,-4.47341553808656E-05,-4.59242555841245E-26
1.70000000000000E+01,8.00000000000000E+00,1.51728240000000E+07,-1.73432078125000E+05,-2.33147740000000E+07,2.42443896070199E-08,3.02223220000000E+07,2.33147740000000E+07,1.21214025483596E-08,2.23514961416803E-24,-1.38552974648931E-10,-1.21214025483596E-08,-2.23514961416803E-24,1.38552974648931E-10,4.74156532436609E-03,-6.53877068543807E-05,-4.59242555841245E-26
1.70000000000000E+01,9.00000000000000E+00,1.40412430000000E+07,-1.07105164062500E+05,-2.33140920000000E+07,3.29742455562609E-08,1.43270984375000E+05,2.33140920000000E+07,1.64866431617838E-08,3.03624772418128E-24,-1.25758431446243E-10,-1.64866431617838E-08,-3.03624772418128E-24,1.25758431446243E-10,7.47343432158232E-03,-6.87849751557223E-05,-4.59242555841245E-26
1.70000000000000E+01,1.00000000000000E+01,1.34569480000000E+07,-5.20583281250000E+04,-2.33136340000000E+07,2.14070361437280E-08,2.40111250000000E+04,2.33136340000000E+07,1.07034381358062E-08,1.96872505684980E-24,-4.14063505704831E-11,-1.07034381358062E-08,-1.96872505684980E-24,4.14063505704831E-11,9.10645071417093E-03,-4.28959574492183E-05,-4.59242555841245E-26
1.70000000000000E+01,1.10000000000000E+01,1.33799690000000E+07,1.57793722532773E-10,-2.33134740000000E+07,1.72191381153652E-08,2.45420039062500E+04,2.33134740000000E+07,8.60956905768262E-09,1.58155212456732E-24,1.01535051319998E-25,-8.60956905768262E-09,-1.58155212456732E-24,-1.01535051319998E-25,9.50586888939142E-03,1.95847870095515E-19,-4.59242555841245E-26
1.70000000000000E+01,1.20000000000000E+01,1.34569480000000E+07,5.20583281250000E+04,-2.33136340000000E+07,2.14070361437280E-08,2.40111250000000E+04,2.33136340000000E+07,1.07034381358062E-08,1.96365425895104E-24,4.14063505704831E-11,-1.07034381358062E-08,-1.96365425895104E-24,-4.14063505704831E-11,9.10645071417093E-03,4.28959574492183E-05,-4.59242525026366E-26
1.70000000000000E+01,1.30000000000000E+01,1.40412430000000E+07,1.07105164062500E+05,-2.33140920000000E+07,3.29742455562609E-08,1.43270984375000E+05,2.33140920000000E+07,1.64866431617838E-08,3.02084679272865E-24,1.25758431446243E-10,-1.64866431617838E-08,-3.02084679272865E-24,-1.25758431446243E-10,7.47343432158232E-03,6.87849751557223E-05,-4.59242555841245E-26
1.70000000000000E+01,1.40000000000000E+01,1.51728240000000E+07,1.73432078125000E+05,-2.33147740000000E+07,2.42443896070199E-08,3.02223220000000E+07,2.33147740000000E+07,1.21214025483596E-08,2.21818161052718E-24,1.38552974648931E-10,-1.21214025483596E-08,-2.21818161052718E-24,-1.38552974648931E-10,4.74156532436609E-03,6.53877068543807E-05,-4.59242525026366E-26
1.70000000000000E+01,1.50000000000000E+01,1.60191220000000E+07,2.54005734375000E+05,-2.33155800000000E+07,1.14503606596372E-08,3.84106316800000E+09,2.33155800000000E+07,5.72446046120945E-09,1.04600835968623E-24,9.07693850638047E-11,-5.72446046120945E-09,-1.04600835968623E-24,-9.07693850638047E-11,2.32190242968500E-03,4.47341553808656E-05,-4.59242555841245E-26
1.70000000000000E+01,1.60000000000000E+01,1.62935300000000E+07,3.72980312500000E+05,-2.33163860000000E+07,3.90151999596355E-09,7.08190617600000E+10,2.33163860000000E+07,1.95024907334584E-09,3.55521293618967E-25,4.46437643797370E-11,-1.95024907334584E-09,-3.55521293618967E-25,-4.46437643797370E-11,8.66719987243414E-04,2.33026275964221E-05,-4.59242555841245E-26
1.70000000000000E+01,1.70000000000000E+01,1.59805510000000E+07,5.65838625000000E+05,-2.33170700000000E+07,9.15071129981015E-10,1.93180254208000E+11,2.33170700000000E+07,4.57249016427852E-10,8.30039136324758E-26,1.61902522638480E-11,-4.57249016427852E-10,-8.30039136324758E-26,-1.61902522638480E-11,3.65871528629214E-04,1.07540890894597E-05,-4.59242555841245E-26
1.70000000000000E+01,1.80000000000000E+01,1.58721060000000E+07,5.38411562500000E+05,-2.33175260000000E+07,5.44652822842551E-10,2.76978860032000E+11,2.33175260000000E+07,2.72169869974803E-10,4.94314664574910E-26,9.23251145673598E-12,-2.72169869974803E-10,-4.94314664574910E-26,-9.23251145673598E-12,1.85923825483769E-04,4.15501472161850E-06,-4.59242555841245E-26
1.70000000000000E+01,1.90000000000000E+01,1.54628540000000E+07,3.38671000000000E+05,-2.33176860000000E+07,1.58478841161269E-10,3.37221386240000E+11,2.33176860000000E+07,7.92204218891257E-11,1.44463111496992E-26,1.73510392251913E-12,-7.92204218891257E-11,-1.44463111496992E-26,-1.73510392251913E-12,8.76637641340494E-05,1.27834834984242E-06,-4.59242555841245E-26
1.70000000000000E+01,2.00000000000000E+01,1.01645710000000E+07,0.00000000000000E+00,-2.50000000000000E+07,9.99999968265523E-21,4.01882251264000E+11,2.50000000000000E+07,4.99999984132761E-21,9.18485091760503E-37,0.00000000000000E+00,-4.99999984132761E-21,-9.18485091760503E-37,0.00000000000000E+00,2.59216086773541E-14,-0.00000000000000E+00,-6.02558339659671E-44
1.70000000000000E+01,2.10000000000000E+01,1.01645710000000E+07,0.00000000000000E+00,-2.50000000000000E+07,9.99999968265523E-21,4.01882251264000E+11,2.50000000000000E+07,4.99999984132761E-21,9.18485091760503E-37,0.00000000000000E+00,-4.99999984132761E-21,-9.18485091760503E-37,0.00000000000000E+00,2.59216086773541E-14,-0.00000000000000E+00,-6.02558339659671E-44
1.80000000000000E+01,1.00000000000000E+00,1.01645710000000E+07,0.00000000000000E+00,-2.50000000000000E+07,9.99999968265523E-21,4.01882251264000E+11,2.50000000000000E+07,4.99999984132761E-21,9.18485091760503E-37,0.00000000000000E+00,-4.99999984132761E-21,-9.18485091760503E-37,0.00000000000000E+00,2.59216086773541E-14,-0.00000000000000E+00,-6.02558339659671E-44
1.80000000000000E+01,2.00000000000000E+00,1.01645710000000E+07,0.00000000000000E+00,-2.50000000000000E+07,9.99999968265523E-21,4.01882251264000E+11,2.50000000000000E+07,4.99999984132761E-21,9.18485091760503E-37,0.00000000000000E+00,-4.99999984132761E-21,-9.18485091760503E-37,0.00000000000000E+00,2.59216086773541E-14,-0.00000000000000E+00,-6.02558339659671E-44
1.80000000000000E+01,3.00000000000000E+00,1.50584200000000E+07,-2.13427031250000E+05,-2.33181420000000E+07,5.06922073761906E-11,3.64844285952000E+11,2.33181420000000E+07,2.53435571140326E-11,4.67753070783657E-27,-3.59201031549169E-13,-2.53435571140326E-11,-4.67753070783657E-27,3.59201031549169E-13,4.83321964566130E-05,-5.22524715051986E-07,-4.59242555841245E-26
1.80000000000000E+01,4.00000000000000E+00,1.51757340000000E+07,-2.05125437500000E+05,-2.33179820000000E+07,7.03092375986536E-11,3.57469782016000E+11,2.33179820000000E+07,3.51514060914493E-11,6.48630171147486E-27,-4.75130080678648E-13,-3.51514060914493E-11,-6.48630171147486E-27,4.75130080678648E-13,5.85368288739119E-05,-6.15165674844320E-07,-4.59242555841245E-26
1.80000000000000E+01,5.00000000000000E+00,1.53123260000000E+07,-2.12594484375000E+05,-2.33175260000000E+07,1.03283687158395E-10,3.47632762880000E+11,2.33175260000000E+07,5.16368683922686E-11,9.52943742395389E-27,-7.16920012938660E-13,-5.16368683922686E-11,-9.52943742395389E-27,7.16920012938660E-13,7.24796918802895E-05,-7.82146230449143E-07,-4.59242555841245E-26
1.80000000000000E+01,6.00000000000000E+00,1.54934970000000E+07,-2.53646859375000E+05,-2.33168440000000E+07,1.73290271021642E-10,3.31819155456000E+11,2.33168440000000E+07,8.66335267413199E-11,1.60011667790975E-26,-1.41829321724518E-12,-8.66335267413199E-11,-1.60011667790975E-26,1.41829321724518E-12,9.57383454078808E-05,-1.09310542484309E-06,-4.59242555841245E-26
1.80000000000000E+01,7.00000000000000E+00,1.56854300000000E+07,-3.16618843750000E+05,-2.33160380000000E+07,3.04506198034460E-10,3.08827029504000E+11,2.33160380000000E+07,1.52222096039267E-10,2.81508927517765E-26,-3.07268490165602E-12,-1.52222096039267E-10,-2.81508927517765E-26,3.07268490165602E-12,1.31605644128285E-04,-1.62316882779123E-06,-4.59242555841245E-26
1.80000000000000E+01,8.00000000000000E+00,1.58771920000000E+07,-3.46655250000000E+05,-2.33152320000000E+07,5.43990852364118E-10,2.79076569088000E+11,2.33152320000000E+07,2.71930616912996E-10,5.03163927483380E-26,-5.93720645564177E-12,-2.71930616912996E-10,-5.03163927483380E-26,5.93720645564177E-12,1.82187941391021E-04,-2.30008663493209E-06,-4.59242555841245E-26
1.80000000000000E+01,9.00000000000000E+00,1.60166110000000E+07,-2.80529687500000E+05,-2.33145480000000E+07,8.50552683839823E-10,2.47237558272000E+11,2.33145480000000E+07,4.25211116317215E-10,7.85660471876627E-26,-7.44753911319229E-12,-4.25211116317215E-10,-7.85660471876627E-26,7.44753911319229E-12,2.42679845541716E-04,-2.62439152720617E-06,-4.59242555841245E-26
1.80000000000000E+01,1.00000000000000E+01,1.61388860000000E+07,-1.37961265625000E+05,-2.33140920000000E+07,1.26015442525329E-09,2.21137076224000E+11,2.33140920000000E+07,6.30054175498884E-10,1.16068864400419E-25,-5.38593995791370E-12,-6.30054175498884E-10,-1.16068864400419E-25,5.38593995791370E-12,2.98370403470472E-04,-1.86410181868268E-06,-4.59242555841245E-26
1.80000000000000E+01,1.10000000000000E+01,1.61960930000000E+07,-2.45796993869618E-10,-2.33139320000000E+07,1.51628920530555E-09,2.09725603840000E+11,2.33139320000000E+07,7.58144602652777E-10,1.39268893844420E-25,-1.15058390588357E-26,-7.58144602652777E-10,-1.39268893844420E-25,1.15058390588357E-26,3.24804394040257E-04,-9.10195335995791E-22,-4.59242555841245E-26
1.80000000000000E+01,1.20000000000000E+01,1.61388860000000E+07,1.37961265625000E+05,-2.33140920000000E+07,1.26015442525329E-09,2.21137076224000E+11,2.33140920000000E+07,6.30054175498884E-10,1.15409278076041E-25,5.38593995791370E-12,-6.30054175498884E-10,-1.15409278076041E-25,-5.38593995791370E-12,2.98370403470472E-04,1.86410181868268E-06,-4.59242555841245E-26
1.80000000000000E+01,1.30000000000000E+01,1.60166110000000E+07,2.80529687500000E+05,-2.33145480000000E+07,8.50552683839823E-10,2.47237558272000E+11,2.33145480000000E+07,4.25211116317215E-10,7.76539822327833E-26,7.44753911319229E-12,-4.25211116317215E-10,-7.76539822327833E-26,-7.44753911319229E-12,2.42679845541716E-04,2.62439152720617E-06,-4.59242555841245E-26
1.80000000000000E+01,1.40000000000000E+01,1.58771920000000E+07,3.46655250000000E+05,-2.33152320000000E+07,5.43990852364118E-10,2.79076569088000E+11,2.33152320000000E+07,2.71930616912996E-10,4.95892941053176E-26,5.93720645564177E-12,-2.71930616912996E-10,-4.95892941053176E-26,-5.93720645564177E-12,1.82187941391021E-04,2.30008663493209E-06,-4.59242555841245E-26
1.80000000000000E+01,1.50000000000000E+01,1.56854300000000E+07,3.16618843750000E+05,-2.33160380000000E+07,3.04506198034460E-10,3.08827029504000E+11,2.33160380000000E+07,1.52222096039267E-10,2.77745968555224E-26,3.07268490165602E-12,-1.52222096039267E-10,-2.77745968555224E-26,-3.07268490165602E-12,1.31605644128285E-04,1.62316882779123E-06,-4.59242555841245E-26
1.80000000000000E+01,1.60000000000000E+01,1.54934970000000E+07,2.53646859375000E+05,-2.33168440000000E+07,1.73290271021642E-10,3.31819155456000E+11,2.33168440000000E+07,8.66335267413199E-11,1.58274756315050E-26,1.41829321724518E-12,-8.66335267413199E-11,-1.58274756315050E-26,-1.41829321724518E-12,9.57383454078808E-05,1.09310542484309E-06,-4.59242555841245E-26
1.80000000000000E+01,1.70000000000000E+01,1.53123260000000E+07,2.12594484375000E+05,-2.33175260000000E+07,1.03283687158395E-10,3.47632762880000E+11,2.33175260000000E+07,5.16368683922686E-11,9.44163967039312E-27,7.16920012938660E-13,-5.16368683922686E-11,-9.44163967039312E-27,-7.16920012938660E-13,7.24796918802895E-05,7.82146230449143E-07,-4.59242555841245E-26
1.80000000000000E+01,1.80000000000000E+01,1.51757340000000E+07,2.05125437500000E+05,-2.33179820000000E+07,7.03092375986536E-11,3.57469782016000E+11,2.33179820000000E+07,3.51514060914493E-11,6.42811551599503E-27,4.75130080678648E-13,-3.51514060914493E-11,-6.42811551599503E-27,-4.75130080678648E-13,5.85368288739119E-05,6.15165674844320E-07,-4.59242555841245E-26
1.80000000000000E+01,1.90000000000000E+01,1.50584200000000E+07,2.13427031250000E+05,-2.33181420000000E+07,5.06922073761906E-11,3.64844285952000E+11,2.33181420000000E+07,2.53435571140326E-11,4.63354131234880E-27,3.59201031549169E-13,-2.53435571140326E-11,-4.63354131234880E-27,-3.59201031549169E-13,4.83321964566130E-05,5.22524715051986E-07,-4.59242555841245E-26
1.80000000000000E+01,2.00000000000000E+01,1.01645710000000E+07,0.00000000000000E+00,-2.50000000000000E+07,9.99999968265523E-21,4.01882251264000E+11,2.50000000000000E+07,4.99999984132761E-21,9.18485091760503E-37,0.00000000000000E+00,-4.99999984132761E-21,-9.18485091760503E-37,0.00000000000000E+00,2.59216086773541E-14,-0.00000000000000E+00,-6.02558339659671E-44
1.80000000000000E+01,2.10000000000000E+01,1.01645710000000E+07,0.00000000000000E+00,-2.50000000000000E+07,9.99999968265523E-21,4.01882251264000E+11,2.50000000000000E+07,4.99999984132761E-21,9.18485091760503E-37,0.00000000000000E+00,-4.99999984132761E-21,-9.18485091760503E-37,0.00000000000000E+00,2.59216086773541E-14,-0.00000000000000E+00,-6.02558339659671E-44
1.90000000000000E+01,1.00000000000000E+00,1.01645710000000E+07,0.00000000000000E+00,-2.50000000000000E+07,9.99999968265523E-21,4.01882251264000E+11,2.50000000000000E+07,4.99999984132761E-21,9.18485091760503E-37,0.00000000000000E+00,-4.99999984132761E-21,-9.18485091760503E-37,0.00000000000000E+00,2.59216086773541E-14,-0.00000000000000E+00,-6.02558339659671E-44
1.90000000000000E+01,2.00000000000000E+00,1.01645710000000E+07,0.00000000000000E+00,-2.50000000000000E+07,9.99999968265523E-21,4.01882251264000E+11,2.50000000000000E+07,4.99999984132761E-21,9.18485091760503E-37,0.00000000000000E+00,-4.99999984132761E-21,-9.18485091760503E-37,0.00000000000000E+00,2.59216086773541E-14,-0.00000000000000E+00,-6.02558339659671E-44
1.90000000000000E+01,3.00000000000000E+00,1.48907800000000E+07,-1.73095562500000E+05,-2.33183020000000E+07,3.18210006955422E-11,3.73524856832000E+11,2.33183020000000E+07,1.59094265539395E-11,2.93383822517008E-27,-1.84936660711961E-13,-1.59094265539395E-11,-2.93383822517008E-27,1.84936660711961E-13,3.65813648386393E-05,-3.26302227904307E-07,-4.59242555841245E-26
1.90000000000000E+01,4.00000000000000E+00,1.49442880000000E+07,-1.55734453125000E+05,-2.33181420000000E+07,3.68928880500885E-11,3.70712477696000E+11,2.33181420000000E+07,1.84454430895986E-11,3.40014303515416E-27,-1.92219992093540E-13,-1.84454430895986E-11,-3.40014303515416E-27,1.92219992093540E-13,4.03591548092663E-05,-3.26616913071121E-07,-4.59242555841245E-26
1.90000000000000E+01,5.00000000000000E+00,1.49892290000000E+07,-1.48541750000000E+05,-2.33176860000000E+07,4.18402049118249E-11,3.67876669440000E+11,2.33176860000000E+07,2.09190754996147E-11,3.85546561481635E-27,-2.07305919934682E-13,-2.09190754996147E-11,-3.85546561481635E-27,2.07305919934682E-13,4.41973897977732E-05,-3.47459035765496E-07,-4.59242555841245E-26
1.90000000000000E+01,6.00000000000000E+00,1.50386840000000E+07,-1.40489156250000E+05,-2.33170040000000E+07,4.80863023011313E-11,3.64584960000000E+11,2.33170040000000E+07,2.40421016428627E-11,4.43021511033000E-27,-2.24597738410909E-13,-2.40421016428627E-11,-4.43021511033000E-27,2.24597738410909E-13,4.86899007228203E-05,-3.70551504147443E-07,-4.59242555841245E-26
1.90000000000000E+01,7.00000000000000E+00,1.50955740000000E+07,-1.28675109375000E+05,-2.33161980000000E+07,5.64457230955995E-11,3.60705720320000E+11,2.33161980000000E+07,2.82218363262254E-11,5.19899742550880E-27,-2.40563726707985E-13,-2.82218363262254E-11,-5.19899742550880E-27,2.40563726707985E-13,5.40364962944295E-05,-3.79344498924183E-07,-4.59242555841245E-26
1.90000000000000E+01,8.00000000000000E+00,1.51552940000000E+07,-1.10202625000000E+05,-2.33153920000000E+07,6.68087390964800E-11,3.56419928064000E+11,2.33153920000000E+07,3.34034883087142E-11,6.15099422666913E-27,-2.42895466110241E-13,-3.34034883087142E-11,-6.15099422666913E-27,2.42895466110241E-13,6.00106286583468E-05,-3.57052243771250E-07,-4.59242555841245E-26
1.90000000000000E+01,9.00000000000000E+00,1.52083650000000E+07,-8.23487734375000E+04,-2.33147100000000E+07,7.76380626454909E-11,3.52311607296000E+11,2.33147100000000E+07,3.88184623334453E-11,7.14370634241178E-27,-2.10190439814580E-13,-3.88184623334453E-11,-7.14370634241178E-27,2.10190439814580E-13,6.58051721984521E-05,-2.87021009626187E-07,-4.59242555841245E-26
1.90000000000000E+01,1.00000000000000E+01,1.52443310000000E+07,-4.47071523437500E+04,-2.33142540000000E+07,8.59928725449599E-11,3.49269819392000E+11,2.33142540000000E+07,4.29962489223445E-11,7.90600405146782E-27,-1.26095396060441E-13,-4.29962489223445E-11,-7.90600405146782E-27,1.26095396060441E-13,7.01391400070861E-05,-1.62587255658764E-07,-4.59242555841245E-26
1.90000000000000E+01,1.10000000000000E+01,1.52564150000000E+07,-4.16782386380987E-10,-2.33140920000000E+07,8.90133453057551E-11,3.48141158400000E+11,2.33140920000000E+07,4.45066726528776E-11,8.17574286613090E-27,-1.21585555911020E-27,-4.45066726528776E-11,-8.17574286613090E-27,1.21585555911020E-27,7.17569564585574E-05,-6.62159342526147E-22,-4.59242555841245E-26
1.90000000000000E+01,1.20000000000000E+01,1.52443310000000E+07,4.47071523437500E+04,-2.33142540000000E+07,8.59928725449599E-11,3.49269819392000E+11,2.33142540000000E+07,4.29962489223445E-11,7.89056194517373E-27,1.26095396060441E-13,-4.29962489223445E-11,-7.89056194517373E-27,-1.26095396060441E-13,7.01391400070861E-05,1.62587255658764E-07,-4.59242555841245E-26
1.90000000000000E+01,1.30000000000000E+01,1.52083650000000E+07,8.23487734375000E+04,-2.33147100000000E+07,7.76380626454909E-11,3.52311607296000E+11,2.33147100000000E+07,3.88184623334453E-11,7.11796513314708E-27,2.10190439814580E-13,-3.88184623334453E-11,-7.11796513314708E-27,-2.10190439814580E-13,6.58051721984521E-05,2.87021009626187E-07,-4.59242555841245E-26
1.90000000000000E+01,1.40000000000000E+01,1.51552940000000E+07,1.10202625000000E+05,-2.33153920000000E+07,6.68087390964800E-11,3.56419928064000E+11,2.33153920000000E+07,3.34034883087142E-11,6.12124823867807E-27,2.42895466110241E-13,-3.34034883087142E-11,-6.12124823867807E-27,-2.42895466110241E-13,6.00106286583468E-05,3.57052243771250E-07,-4.59242555841245E-26
1.90000000000000E+01,1.50000000000000E+01,1.50955740000000E+07,1.28675109375000E+05,-2.33161980000000E+07,5.64457230955995E-11,3.60705720320000E+11,2.33161980000000E+07,2.82218363262254E-11,5.16953686033550E-27,2.40563726707985E-13,-2.82218363262254E-11,-5.16953686033550E-27,-2.40563726707985E-13,5.40364962944295E-05,3.79344498924183E-07,-4.59242555841245E-26
1.90000000000000E+01,1.60000000000000E+01,1.50386840000000E+07,1.40489156250000E+05,-2.33170040000000E+07,4.80863023011313E-11,3.64584960000000E+11,2.33170040000000E+07,2.40421016428627E-11,4.40270974923624E-27,2.24597738410909E-13,-2.40421016428627E-11,-4.40270974923624E-27,-2.24597738410909E-13,4.86899007228203E-05,3.70551504147443E-07,-4.59242555841245E-26
1.90000000000000E+01,1.70000000000000E+01,1.49892290000000E+07,1.48541750000000E+05,-2.33176860000000E+07,4.18402049118249E-11,3.67876669440000E+11,2.33176860000000E+07,2.09190754996147E-11,3.83007800628944E-27,2.07305919934682E-13,-2.09190754996147E-11,-3.83007800628944E-27,-2.07305919934682E-13,4.41973897977732E-05,3.47459035765496E-07,-4.59242555841245E-26
1.90000000000000E+01,1.80000000000000E+01,1.49442880000000E+07,1.55734453125000E+05,-2.33181420000000E+07,3.68928880500885E-11,3.70712477696000E+11,2.33181420000000E+07,1.84454430895986E-11,3.37660277862990E-27,1.92219992093540E-13,-1.84454430895986E-11,-3.37660277862990E-27,-1.92219992093540E-13,4.03591548092663E-05,3.26616913071121E-07,-4.59242555841245E-26
1.90000000000000E+01,1.90000000000000E+01,1.48907800000000E+07,1.73095562500000E+05,-2.33183020000000E+07,3.18210006955422E-11,3.73524856832000E+11,2.33183020000000E+07,1.59094265539395E-11,2.91119005939606E-27,1.84936660711961E-13,-1.59094265539395E-11,-2.91119005939606E-27,-1.84936660711961E-13,3.65813648386393E-05,3.26302227904307E-07,-4.59242555841245E-26
1.90000000000000E+01,2.00000000000000E+01,1.01645710000000E+07,0.00000000000000E+00,-2.50000000000000E+07,9.99999968265523E-21,4.01882251264000E+11,2.50000000000000E+07,4.99999984132761E-21,9.18485091760503E-37,0.00000000000000E+00,-4.99999984132761E-21,-9.18485091760503E-37,0.00000000000000E+00,2.59216086773541E-14,-0.00000000000000E+00,-6.02558339659671E-44
1.90000000000000E+01,2.10000000000000E+01,1.01645710000000E+07,0.00000000000000E+00,-2.50000000000000E+07,9.99999968265523E-21,4.01882251264000E+11,2.50000000000000E+07,4.99999984132761E-21,9.18485091760503E-37,0.00000000000000E+00,-4.99999984132761E-21,-9.18485091760503E-37,0.00000000000000E+00,2.59216086773541E-14,-0.00000000000000E+00,-6.02558339659671E-44
2.00000000000000E+01,1.00000000000000E+00,1.01645710000000E+07,0.00000000000000E+00,-2.50000000000000E+07,9.99999968265523E-21,4.01882251264000E+11,2.50000000000000E+07,4.99999984132761E-21,9.18485091760503E-37,0.00000000000000E+00,-4.99999984132761E-21,-9.18485091760503E-37,0.00000000000000E+00,2.59216086773541E-14,-0.00000000000000E+00,-5.88545355016423E-44
2.00000000000000E+01,2.00000000000000E+00,1.01645710000000E+07,0.00000000000000E+00,-2.50000000000000E+07,9.99999968265523E-21,4.01882251264000E+11,2.50000000000000E+07,4.99999984132761E-21,9.18485091760503E-37,0.00000000000000E+00,-4.99999984132761E-21,-9.18485091760503E-37,0.00000000000000E+00,2.59216086773541E-14,-0.00000000000000E+00,-5.88545355016423E-44
2.00000000000000E+01,3.00000000000000E+00,1.01645710000000E+07,0.00000000000000E+00,-2.50000000000000E+07,9.99999968265523E-21,4.01882251264000E+11,2.50000000000000E+07,4.99999984132761E-21,9.18485091760503E-37,0.00000000000000E+00,-4.99999984132761E-21,-9.18485091760503E-37,0.00000000000000E+00,2.59216086773541E-14,-0.00000000000000E+00,-5.88545355016423E-44
2.00000000000000E+01,4.00000000000000E+00,1.01645710000000E+07,0.00000000000000E+00,-2.50000000000000E+07,9.99999968265523E-21,4.01882251264000E+11,2.50000000000000E+07,4.99999984132761E-21,9.18485091760503E-37,0.00000000000000E+00,-4.99999984132761E-21,-9.18485091760503E-37,0.00000000000000E+00,2.59216086773541E-14,-0.00000000000000E+00,-5.88545355016423E-44
2.00000000000000E+01,5.00000000000000E+00,1.01645710000000E+07,0.00000000000000E+00,-2.50000000000000E+07,9.99999968265523E-21,4.01882251264000E+11,2.50000000000000E+07,4.99999984132761E-21,9.18485091760503E-37,0.00000000000000E+00,-4.99999984132761E-21,-9.18485091760503E-37,0.00000000000000E+00,2.59216086773541E-14,-0.00000000000000E+00,-6.02558339659671E-44
2.00000000000000E+01,6.00000000000000E+00,1.01645710000000E+07,0.00000000000000E+00,-2.50000000000000E+07,9.99999968265523E-21,4.01882251264000E+11,2.50000000000000E+07,4.99999984132761E-21,9.18485091760503E-37,0.00000000000000E+00,-4.99999984132761E-21,-9.18485091760503E-37,0.00000000000000E+00,2.59216086773541E-14,-0.00000000000000E+00,-5.88545355016423E-44
2.00000000000000E+01,7.00000000000000E+00,1.01645710000000E+07,0.00000000000000E+00,-2.50000000000000E+07,9.99999968265523E-21,4.01882251264000E+11,2.50000000000000E+07,4.99999984132761E-21,9.18485091760503E-37,0.00000000000000E+00,-4.99999984132761E-21,-9.18485091760503E-37,0.00000000000000E+00,2.59216086773541E-14,-0.00000000000000E+00,-5.88545355016423E-44
2.00000000000000E+01,8.00000000000000E+00,1.01645710000000E+07,0.00000000000000E+00,-2.50000000000000E+07,9.99999968265523E-21,4.01882251264000E+11,2.50000000000000E+07,4.99999984132761E-21,9.18485091760503E-37,0.00000000000000E+00,-4.99999984132761E-21,-9.18485091760503E-37,0.00000000000000E+00,2.59216086773541E-14,-0.00000000000000E+00,-5.88545355016423E-44
2.00000000000000E+01,9.00000000000000E+00,1.01645710000000E+07,0.00000000000000E+00,-2.50000000000000E+07,9.99999968265523E-21,4.01882251264000E+11,2.50000000000000E+07,4.99999984132761E-21,9.18485091760503E-37,0.00000000000000E+00,-4.99999984132761E-21,-9.18485091760503E-37,0.00000000000000E+00,2.59216086773541E-14,-0.00000000000000E+00,-5.88545355016423E-44
2.00000000000000E+01,1.00000000000000E+01,1.01645710000000E+07,0.00000000000000E+00,-2.50000000000000E+07,9.99999968265523E-21,4.01882251264000E+11,2.50000000000000E+07,4.99999984132761E-21,9.18485091760503E-37,0.00000000000000E+00,-4.99999984132761E-21,-9.18485091760503E-37,0.00000000000000E+00,2.59216086773541E-14,-0.00000000000000E+00,-5.88545355016423E-44
2.00000000000000E+01,1.10000000000000E+01,1.01645710000000E+07,0.00000000000000E+00,-2.50000000000000E+07,9.99999968265523E-21,4.01882251264000E+11,2.50000000000000E+07,4.99999984132761E-21,9.18485091760503E-37,0.00000000000000E+00,-4.99999984132761E-21,-9.18485091760503E-37,0.00000000000000E+00,2.59216086773541E-14,-0.00000000000000E+00,-5.88545355016423E-44
2.00000000000000E+01,1.20000000000000E+01,1.01645710000000E+07,0.00000000000000E+00,-2.50000000000000E+07,9.99999968265523E-21,4.01882251264000E+11,2.50000000000000E+07,4.99999984132761E-21,9.18485091760503E-37,0.00000000000000E+00,-4.99999984132761E-21,-9.18485091760503E-37,0.00000000000000E+00,2.59216086773541E-14,-0.00000000000000E+00,-5.88545355016423E-44
2.00000000000000E+01,1.30000000000000E+01,1.01645710000000E+07,0.00000000000000E+00,-2.50000000000000E+07,9.99999968265523E-21,4.01882251264000E+11,2.50000000000000E+07,4.99999984132761E-21,9.18485091760503E-37,0.00000000000000E+00,-4.99999984132761E-21,-9.18485091760503E-37,0.00000000000000E+00,2.59216086773541E-14,-0.00000000000000E+00,-5.88545355016423E-44
2.00000000000000E+01,1.40000000000000E+01,1.01645710000000E+07,0.00000000000000E+00,-2.50000000000000E+07,9.99999968265523E-21,4.01882251264000E+11,2.50000000000000E+07,4.99999984132761E-21,9.18485091760503E-37,0.00000000000000E+00,-4.99999984132761E-21,-9.18485091760503E-37,0.00000000000000E+00,2.59216086773541E-14,-0.00000000000000E+00,-5.88545355016423E-44
2.00000000000000E+01,1.50000000000000E+01,1.01645710000000E+07,0.00000000000000E+00,-2.50000000000000E+07,9.99999968265523E-21,4.01882251264000E+11,2.50000000000000E+07,4.99999984132761E-21,9.18485091760503E-37,0.00000000000000E+00,-4.99999984132761E-21,-9.18485091760503E-37,0.00000000000000E+00,2.59216086773541E-14,-0.00000000000000E+00,-5.88545355016423E-44
2.00000000000000E+01,1.60000000000000E+01,1.01645710000000E+07,0.00000000000000E+00,-2.50000000000000E+07,9.99999968265523E-21,4.01882251264000E+11,2.50000000000000E+07,4.99999984132761E-21,9.18485091760503E-37,0.00000000000000E+00,-4.99999984132761E-21,-9.18485091760503E-37,0.00000000000000E+00,2.59216086773541E-14,-0.00000000000000E+00,-5.88545355016423E-44
2.00000000000000E+01,1.70000000000000E+01,1.01645710000000E+07,0.00000000000000E+00,-2.50000000000000E+07,9.99999968265523E-21,4.01882251264000E+11,2.50000000000000E+07,4.99999984132761E-21,9.18485091760503E-37,0.00000000000000E+00,-4.99999984132761E-21,-9.18485091760503E-37,0.00000000000000E+00,2.59216086773541E-14,-0.00000000000000E+00,-5.88545355016423E-44
2.00000000000000E+01,1.80000000000000E+01,1.01645710000000E+07,0.00000000000000E+00,-2.50000000000000E+07,9.99999968265523E-21,4.01882251264000E+11,2.50000000000000E+07,4.99999984132761E-21,9.18485091760503E-37,0.00000000000000E+00,-4.99999984132761E-21,-9.18485091760503E-37,0.00000000000000E+00,2.59216086773541E-14,-0.00000000000000E+00,-5.88545355016423E-44
2.00000000000000E+01,1.90000000000000E+01,1.01645710000000E+07,0.00000000000000E+00,-2.50000000000000E+07,9.99999968265523E-21,4.01882251264000E+11,2.50000000000000E+07,4.99999984132761E-21,9.18485091760503E-37,0.00000000000000E+00,-4.99999984132761E-21,-9.18485091760503E-37,0.00000000000000E+00,2.59216086773541E-14,-0.00000000000000E+00,-6.02558339659671E-44
2.00000000000000E+01,2.00000000000000E+01,1.01645710000000E+07,0.00000000000000E+00,-2.50000000000000E+07,9.99999968265523E-21,4.01882251264000E+11,2.50000000000000E+07,4.99999984132761E-21,9.18485091760503E-37,0.00000000000000E+00,-4.99999984132761E-21,-9.18485091760503E-37,0.00000000000000E+00,2.59216086773541E-14,-0.00000000000000E+00,-5.88545355016423E-44
2.00000000000000E+01,2.10000000000000E+01,1.01645710000000E+07,0.00000000000000E+00,-2.50000000000000E+07,9.99999968265523E-21,4.01882251264000E+11,2.50000000000000E+07,4.99999984132761E-21,9.18485091760503E-37,0.00000000000000E+00,-4.99999984132761E-21,-9.18485091760503E-37,0.00000000000000E+00,2.59216086773541E-14,-0.00000000000000E+00,-5.88545355016423E-44
2.10000000000000E+01,1.00000000000000E+00,1.01645710000000E+07,0.00000000000000E+00,-2.50000000000000E+07,9.99999968265523E-21,4.01882251264000E+11,2.50000000000000E+07,4.99999984132761E-21,9.18485091760503E-37,0.00000000000000E+00,-4.99999984132761E-21,-9.18485091760503E-37,0.00000000000000E+00,2.59216086773541E-14,-0.00000000000000E+00,-6.02558339659671E-44
2.10000000000000E+01,2.00000000000000E+00,1.01645710000000E+07,0.00000000000000E+00,-2.50000000000000E+07,9.99999968265523E-21,4.01882251264000E+11,2.50000000000000E+07,4.99999984132761E-21,9.18485091760503E-37,0.00000000000000E+00,-4.99999984132761E-21,-9.18485091760503E-37,0.00000000000000E+00,2.59216086773541E-14,-0.00000000000000E+00,-6.02558339659671E-44
2.10000000000000E+01,3.00000000000000E+00,1.01645710000000E+07,0.00000000000000E+00,-2.50000000000000E+07,9.99999968265523E-21,4.01882251264000E+11,2.50000000000000E+07,4.99999984132761E-21,9.18485091760503E-37,0.00000000000000E+00,-4.99999984132761E-21,-9.18485091760503E-37,0.00000000000000E+00,2.59216086773541E-14,-0.00000000000000E+00,-6.02558339659671E-44
2.10000000000000E+01,4.00000000000000E+00,1.01645710000000E+07,0.00000000000000E+00,-2.50000000000000E+07,9.99999968265523E-21,4.01882251264000E+11,2.50000000000000E+07,4.99999984132761E-21,9.18485091760503E-37,0.00000000000000E+00,-4.99999984132761E-21,-9.18485091760503E-37,0.00000000000000E+00,2.59216086773541E-14,-0.00000000000000E+00,-5.88545355016423E-44
2.10000000000000E+01,5.00000000000000E+00,1.01645710000000E+07,0.00000000000000E+00,-2.50000000000000E+07,9.99999968265523E-21,4.01882251264000E+11,2.50000000000000E+07,4.99999984132761E-21,9.18485091760503E-37,0.00000000000000E+00,-4.99999984132761E-21,-9.18485091760503E-37,0.00000000000000E+00,2.59216086773541E-14,-0.00000000000000E+00,-5.88545355016423E-44
2.10000000000000E+01,6.00000000000000E+00,1.01645710000000E+07,0.00000000000000E+00,-2.50000000000000E+07,9.99999968265523E-21,4.01882251264000E+11,2.50000000000000E+07,4.99999984132761E-21,9.18485091760503E-37,0.00000000000000E+00,-4.99999984132761E-21,-9.18485091760503E-37,0.00000000000000E+00,2.59216086773541E-14,-0.00000000000000E+00,-5.88545355016423E-44
2.10000000000000E+01,7.00000000000000E+00,1.01645710000000E+07,0.00000000000000E+00,-2.50000000000000E+07,9.99999968265523E-21,4.01882251264000E+11,2.50000000000000E+07,4.99999984132761E-21,9.18485091760503E-37,0.00000000000000E+00,-4.99999984132761E-21,-9.18485091760503E-37,0.00000000000000E+00,2.59216086773541E-14,-0.00000000000000E+00,-5.88545355016423E-44
2.10000000000000E+01,8.00000000000000E+00,1.01645710000000E+07,0.00000000000000E+00,-2.50000000000000E+07,9.99999968265523E-21,4.01882251264000E+11,2.50000000000000E+07,4.99999984132761E-21,9.18485091760503E-37,0.00000000000000E+00,-4.99999984132761E-21,-9.18485091760503E-37,0.00000000000000E+00,2.59216086773541E-14,-0.00000000000000E+00,-5.88545355016423E-44
2.10000000000000E+01,9.00000000000000E+00,1.01645710000000E+07,0.00000000000000E+00,-2.50000000000000E+07,9.99999968265523E-21,4.01882251264000E+11,2.50000000000000E+07,4.99999984132761E-21,9.18485091760503E-37,0.00000000000000E+00,-4.99999984132761E-21,-9.18485091760503E-37,0.00000000000000E+00,2.59216086773541E-14,-0.00000000000000E+00,-5.88545355016423E-44
2.10000000000000E+01,1.00000000000000E+01,1.01645710000000E+07,0.00000000000000E+00,-2.50000000000000E+07,9.99999968265523E-21,4.01882251264000E+11,2.50000000000000E+07,4.99999984132761E-21,9.18485091760503E-37,0.00000000000000E+00,-4.99999984132761E-21,-9.18485091760503E-37,0.00000000000000E+00,2.59216086773541E-14,-0.00000000000000E+00,-5.88545355016423E-44
2.10000000000000E+01,1.10000000000000E+01,1.01645710000000E+07,0.00000000000000E+00,-2.50000000000000E+07,9.99999968265523E-21,4.01882251264000E+11,2.50000000000000E+07,4.99999984132761E-21,9.18485091760503E-37,0.00000000000000E+00,-4.99999984132761E-21,-9.18485091760503E-37,0.00000000000000E+00,2.59216086773541E-14,-0.00000000000000E+00,-5.88545355016423E-44
2.10000000000000E+01,1.20000000000000E+01,1.01645710000000E+07,0.00000000000000E+00,-2.50000000000000E+07,9.99999968265523E-21,4.01882251264000E+11,2.50000000000000E+07,4.99999984132761E-21,9.18485091760503E-37,0.00000000000000E+00,-4.99999984132761E-21,-9.18485091760503E-37,0.00000000000000E+00,2.59216086773541E-14,-0.00000000000000E+00,-5.88545355016423E-44
2.10000000000000E+01,1.30000000000000E+01,1.01645710000000E+07,0.00000000000000E+00,-2.50000000000000E+07,9.99999968265523E-21,4.01882251264000E+11,2.50000000000000E+07,4.99999984132761E-21,9.18485091760503E-37,0.00000000000000E+00,-4.99999984132761E-21,-9.18485091760503E-37,0.00000000000000E+00,2.59216086773541E-14,-0.00000000000000E+00,-6.02558339659671E-44
2.10000000000000E+01,1.40000000000000E+01,1.01645710000000E+07,0.00000000000000E+00,-2.50000000000000E+07,9.99999968265523E-21,4.01882251264000E+11,2.50000000000000E+07,4.99999984132761E-21,9.18485091760503E-37,0.00000000000000E+00,-4.99999984132761E-21,-9.18485091760503E-37,0.00000000000000E+00,2.59216086773541E-14,-0.00000000000000E+00,-5.88545355016423E-44
2.10000000000000E+01,1.50000000000000E+01,1.01645710000000E+07,0.00000000000000E+00,-2.50000000000000E+07,9.99999968265523E-21,4.01882251264000E+11,2.50000000000000E+07,4.99999984132761E-21,9.18485091760503E-37,0.00000000000000E+00,-4.99999984132761E-21,-9.18485091760503E-37,0.00000000000000E+00,2.59216086773541E-14,-0.00000000000000E+00,-6.02558339659671E-44
2.10000000000000E+01,1.60000000000000E+01,1.01645710000000E+07,0.00000000000000E+00,-2.50000000000000E+07,9.99999968265523E-21,4.01882251264000E+11,2.50000000000000E+07,4.99999984132761E-21,9.18485091760503E-37,0.00000000000000E+00,-4.99999984132761E-21,-9.18485091760503E-37,0.00000000000000E+00,2.59216086773541E-14,-0.00000000000000E+00,-5.88545355016423E-44
2.10000000000000E+01,1.70000000000000E+01,1.01645710000000E+07,0.00000000000000E+00,-2.50000000000000E+07,9.99999968265523E-21,4.01882251264000E+11,2.50000000000000E+07,4.99999984132761E-21,9.18485091760503E-37,0.00000000000000E+00,-4.99999984132761E-21,-9.18485091760503E-37,0.00000000000000E+00,2.59216086773541E-14,-0.00000000000000E+00,-5.88545355016423E-44
2.10000000000000E+01,1.80000000000000E+01,1.01645710000000E+07,0.00000000000000E+00,-2.50000000000000E+07,9.99999968265523E-21,4.01882251264000E+11,2.50000000000000E+07,4.99999984132761E-21,9.18485091760503E-37,0.00000000000000E+00,-4.99999984132761E-21,-9.18485091760503E-37,0.00000000000000E+00,2.59216086773541E-14,-0.00000000000000E+00,-5.88545355016423E-44
2.10000000000000E+01,1.90000000000000E+01,1.01645710000000E+07,0.00000000000000E+00,-2.50000000000000E+07,9.99999968265523E-21,4.01882251264000E+11,2.50000000000000E+07,4.99999984132761E-21,9.18485091760503E-37,0.00000000000000E+00,-4.99999984132761E-21,-9.18485091760503E-37,0.00000000000000E+00,2.59216086773541E-14,-0.00000000000000E+00,-5.88545355016423E-44
2.10000000000000E+01,2.00000000000000E+01,1.01645710000000E+07,0.00000000000000E+00,-2.50000000000000E+07,9.99999968265523E-21,4.01882251264000E+11,2.50000000000000E+07,4.99999984132761E-21,9.18485091760503E-37,0.00000000000000E+00,-4.99999984132761E-21,-9.18485091760503E-37,0.00000000000000E+00,2.59216086773541E-14,-0.00000000000000E+00,-5.88545355016423E-44
2.10000000000000E+01,2.10000000000000E+01,1.01645710000000E+07,0.00000000000000E+00,-2.50000000000000E+07,9.99999968265523E-21,4.01882251264000E+11,2.50000000000000E+07,4.99999984132761E-21,9.18485091760503E-37,0.00000000000000E+00,-4.99999984132761E-21,-9.18485091760503E-37,0.00000000000000E+00,2.59216086773541E-14,-0.00000000000000E+00,-5.88545355016423E-44
