t,max_slip_rate,-400.0,-350.0,-300.0,-250.0,-200.0,-150.0,-100.0,-50.0,0.0,50.0,100.0,150.0,200.0,250.0,300.0,350.0,400.0
0.00000000e+00,0.00000000e+00,-4.00000000e+02,-3.50000000e+02,-3.00000000e+02,-2.50000000e+02,-2.00000000e+02,-1.50000000e+02,-1.00000000e+02,-5.00000000e+01,0.00000000e+00,5.00000000e+01,1.00000000e+02,1.50000000e+02,2.00000000e+02,2.50000000e+02,3.00000000e+02,3.50000000e+02,4.00000000e+02
5.00000000e+02,-1.20000000e+01,2.41867700e-15,2.18653600e-12,1.45435600e-09,3.55869200e-07,3.20343200e-05,1.06083100e-03,1.29235700e-02,5.79194100e-02,9.54929600e-02,5.79194100e-02,1.29235700e-02,1.06083100e-03,3.20343200e-05,3.55869200e-07,1.45435600e-09,2.18653600e-12,2.41867700e-15
4.00000000e+03,-1.15847300e+01,1.00653800e-10,4.81533000e-09,3.36211300e-07,1.68303500e-05,5.68080200e-04,1.12647900e-02,1.09301000e-01,4.48885400e-01,7.23953100e-01,4.48885400e-01,1.09301000e-01,1.12647900e-02,5.68080200e-04,1.68303500e-05,3.36211300e-07,4.81533000e-09,1.00653800e-10
8.00000000e+03,-1.11370700e+01,4.88792800e-09,1.06210300e-07,3.68687800e-06,1.00272300e-04,2.05254400e-03,2.86986100e-02,2.29511500e-01,8.66757000e-01,1.36718300e+00,8.66757000e-01,2.29511500e-01,2.86986100e-02,2.05254400e-03,1.00272300e-04,3.68687800e-06,1.06210300e-07,4.88792800e-09
1.20000000e+04,-1.07146700e+01,4.83440300e-08,6.93711700e-07,1.63967700e-05,3.14040100e-04,4.72211300e-03,5.19047900e-02,3.57244000e-01,1.25673100e+00,1.94394700e+00,1.25673100e+00,3.57244000e-01,5.19047900e-02,4.72211300e-03,3.14040100e-04,1.63967700e-05,6.93711700e-07,4.83440300e-08
1.60000000e+04,-1.03144100e+01,2.46928700e-07,2.67706900e-06,4.85657400e-05,7.28013800e-04,8.77377500e-03,8.04015800e-02,4.89970400e-01,1.62163800e+00,2.46536600e+00,1.62163800e+00,4.89970400e-01,8.04015800e-02,8.77377500e-03,7.28013800e-04,4.85657400e-05,2.67706900e-06,2.46928700e-07
2.00000000e+04,-9.93366400e+00,8.73228400e-07,7.66712000e-06,1.13721100e-04,1.41302200e-03,1.43436800e-02,1.13677600e-01,6.25797200e-01,1.96401200e+00,2.94020800e+00,1.96401200e+00,6.25797200e-01,1.13677600e-01,1.43436800e-02,1.41302200e-03,1.13721100e-04,7.66712000e-06,8.73228400e-07
2.40000000e+04,-9.57025100e+00,2.44000400e-06,1.81024300e-05,2.28267400e-04,2.43728300e-03,2.15177500e-02,1.51224500e-01,7.63302500e-01,2.28610200e+00,3.37547100e+00,2.28610200e+00,7.63302500e-01,1.51224500e-01,2.15177500e-02,2.43728300e-03,2.28267400e-04,1.81024300e-05,2.44000400e-06
2.80000000e+04,-9.22239800e+00,5.78538300e-06,3.73210100e-05,4.10843400e-04,3.86408700e-03,3.03412600e-02,1.92555500e-01,9.01417400e-01,2.58989500e+00,3.77679300e+00,2.58989500e+00,9.01417400e-01,1.92555500e-01,3.03412600e-02,3.86408700e-03,4.10843400e-04,3.73210100e-05,5.78538300e-06
3.20000000e+04,-8.88881500e+00,1.21518400e-05,6.95826400e-05,6.81665600e-04,5.75038900e-03,4.08271300e-02,2.37215200e-01,1.03933900e+00,2.87714100e+00,4.14876300e+00,2.87714100e+00,1.03933900e+00,2.37215200e-01,4.08271300e-02,5.75038900e-03,6.81665600e-04,6.95826400e-05,1.21518400e-05
3.60000000e+04,-8.56884200e+00,2.32536500e-05,1.20049700e-04,1.06190700e-03,8.14606700e-03,5.29629700e-02,2.84784400e-01,1.17646500e+00,3.14938300e+00,4.49515400e+00,3.14938300e+00,1.17646500e+00,2.84784400e-01,5.29629700e-02,8.14606700e-03,1.06190700e-03,1.20049700e-04,2.32536500e-05
4.00000000e+04,-8.26279000e+00,4.13295600e-05,1.94735200e-04,1.57313500e-03,1.10936400e-02,6.67168400e-02,3.34880900e-01,1.31234800e+00,3.40798100e+00,4.81909200e+00,3.40798100e+00,1.31234800e+00,3.34880900e-01,6.67168400e-02,1.10936400e-02,1.57313500e-03,1.94735200e-04,4.13295600e-05
4.40000000e+04,-7.97254000e+00,6.91789100e-05,3.00426800e-04,2.23682800e-03,1.46283200e-02,8.20421200e-02,3.87159200e-01,1.44665600e+00,3.65413700e+00,5.12319100e+00,3.65413700e+00,1.44665600e+00,3.87159200e-01,8.20421200e-02,1.46283200e-02,2.23682800e-03,3.00426800e-04,6.91789100e-05
4.80000000e+04,-7.70240200e+00,1.10180800e-04,4.44593500e-04,3.07396500e-03,1.87783200e-02,9.88813700e-02,4.41308500e-01,1.57914900e+00,3.88891400e+00,5.40965000e+00,3.88891400e+00,1.57914900e+00,4.41308500e-01,9.88813700e-02,1.87783200e-02,3.07396500e-03,4.44593500e-04,1.10180800e-04
5.20000000e+04,-7.45985500e+00,1.68297300e-04,6.35282100e-04,4.10469100e-03,2.35652000e-02,1.17169500e-01,4.97050400e-01,1.70965500e+00,4.11325300e+00,5.68034000e+00,4.11325300e+00,1.70965500e+00,4.97050400e-01,1.17169500e-01,2.35652000e-02,4.10469100e-03,6.35282100e-04,1.68297300e-04
5.60000000e+04,-7.25489900e+00,2.48061000e-04,8.81009400e-04,5.34806600e-03,2.90044800e-02,1.36836500e-01,5.54136400e-01,1.83805600e+00,4.32799400e+00,5.93685600e+00,4.32799400e+00,1.83805600e+00,5.54136400e-01,1.36836500e-01,2.90044800e-02,5.34806600e-03,8.81009400e-04,2.48061000e-04
6.00000000e+04,-7.09645700e+00,3.54550500e-04,1.19065200e-03,6.82186000e-03,3.51061300e-02,1.57809000e-01,6.12345400e-01,1.96427700e+00,4.53388200e+00,6.18057200e+00,4.53388200e+00,1.96427700e+00,6.12345400e-01,1.57809000e-01,3.51061300e-02,6.82186000e-03,1.19065200e-03,3.54550500e-04
6.40000000e+04,-6.98672400e+00,4.93353600e-04,1.57334100e-03,8.54242400e-03,4.18751400e-02,1.80012500e-01,6.71480700e-01,2.08827200e+00,4.73158800e+00,6.41267500e+00,4.73158800e+00,2.08827200e+00,6.71480700e-01,1.80012500e-01,4.18751400e-02,8.54242400e-03,1.57334100e-03,4.93353600e-04
6.80000000e+04,-6.91839800e+00,6.70522600e-04,2.03836100e-03,1.05246000e-02,4.93121300e-02,2.03372000e-01,7.31367900e-01,2.21002300e+00,4.92170800e+00,6.63420100e+00,4.92170800e+00,2.21002300e+00,7.31367900e-01,2.03372000e-01,4.93121300e-02,1.05246000e-02,2.03836100e-03,6.70522600e-04
7.20000000e+04,-6.87753700e+00,8.92522300e-04,2.59505300e-03,1.27816800e-02,5.74138800e-02,2.27813600e-01,7.91852200e-01,2.32952900e+00,5.10478300e+00,6.84605300e+00,5.10478300e+00,2.32952900e+00,7.91852200e-01,2.27813600e-01,5.74138800e-02,1.27816800e-02,2.59505300e-03,8.92522300e-04
7.60000000e+04,-6.84846500e+00,1.16617300e-03,3.25273100e-03,1.53253900e-02,6.61738200e-02,2.53264800e-01,8.52797100e-01,2.44680400e+00,5.28129700e+00,7.04902900e+00,5.28129700e+00,2.44680400e+00,8.52797100e-01,2.53264800e-01,6.61738200e-02,1.53253900e-02,3.25273100e-03,1.16617300e-03
8.00000000e+04,-6.81749000e+00,1.49859000e-03,4.02060400e-03,1.81659000e-02,7.55825800e-02,2.79654900e-01,9.14081700e-01,2.56187200e+00,5.45169100e+00,7.24383000e+00,5.45169100e+00,2.56187200e+00,9.14081700e-01,2.79654900e-01,7.55825800e-02,1.81659000e-02,4.02060400e-03,1.49859000e-03
8.40000000e+04,-6.77638000e+00,1.89712300e-03,4.90770600e-03,2.13119100e-02,8.56283600e-02,3.06916100e-01,9.75599300e-01,2.67476900e+00,5.61636100e+00,7.43108300e+00,5.61636100e+00,2.67476900e+00,9.75599300e-01,3.06916100e-01,8.56283600e-02,2.13119100e-02,4.90770600e-03,1.89712300e-03
8.80000000e+04,-6.72577400e+00,2.36929900e-03,5.92283800e-03,2.47706200e-02,9.62973800e-02,3.34983000e-01,1.03725600e+00,2.78553300e+00,5.77566900e+00,7.61134200e+00,5.77566900e+00,2.78553300e+00,1.03725600e+00,3.34983000e-01,9.62973800e-02,2.47706200e-02,5.92283800e-03,2.36929900e-03
9.19563458e+04,-6.67149500e+00,2.91630400e-03,7.06127600e-03,2.85051700e-02,1.07448300e-01,3.63475500e-01,1.09829500e+00,2.89303200e+00,5.92828400e+00,7.78323900e+00,5.92828400e+00,2.89303200e+00,1.09829500e+00,3.63475500e-01,1.07448300e-01,2.85051700e-02,7.06127600e-03,2.91630400e-03
9.55369167e+04,-6.62633300e+00,3.48662200e-03,8.21416100e-03,3.21590900e-02,1.18042300e-01,3.89844000e-01,1.15352400e+00,2.98858700e+00,6.06238100e+00,7.93366400e+00,6.06238100e+00,2.98858700e+00,1.15352400e+00,3.89844000e-01,1.18042300e-01,3.21590900e-02,8.21416100e-03,3.48662200e-03
9.88155458e+04,-6.59669800e+00,4.07648900e-03,9.37697300e-03,3.57353700e-02,1.28149700e-01,4.14437300e-01,1.20404400e+00,3.07467300e+00,6.18199800e+00,8.06738200e+00,6.18199800e+00,3.07467300e+00,1.20404400e+00,4.14437300e-01,1.28149700e-01,3.57353700e-02,9.37697300e-03,4.07648900e-03
1.01915408e+05,-6.57930500e+00,4.69752600e-03,1.05743000e-02,3.93201500e-02,1.38053300e-01,4.38055000e-01,1.25173400e+00,3.15485200e+00,6.29244300e+00,8.19047300e+00,6.29244300e+00,3.15485200e+00,1.25173400e+00,4.38055000e-01,1.38053300e-01,3.93201500e-02,1.05743000e-02,4.69752600e-03
1.04934067e+05,-6.57803000e+00,5.36480200e-03,1.18348400e-02,4.30015000e-02,1.48012900e-01,4.61371500e-01,1.29808200e+00,3.23182300e+00,6.39763300e+00,8.30738400e+00,6.39763300e+00,3.23182300e+00,1.29808200e+00,4.61371500e-01,1.48012900e-01,4.30015000e-02,1.18348400e-02,5.36480200e-03
1.07952721e+05,-6.57361100e+00,6.09690900e-03,1.31915200e-02,4.68708200e-02,1.58274700e-01,4.84979300e-01,1.34431600e+00,3.30772600e+00,6.50059500e+00,8.42152300e+00,6.50059500e+00,3.30772600e+00,1.34431600e+00,4.84979300e-01,1.58274700e-01,4.68708200e-02,1.31915200e-02,6.09690900e-03
1.10970558e+05,-6.58412800e+00,6.89679900e-03,1.46467500e-02,5.09270400e-02,1.68827700e-01,5.08851700e-01,1.39040700e+00,3.38256200e+00,6.60139200e+00,8.53298700e+00,6.60139200e+00,3.38256200e+00,1.39040700e+00,5.08851700e-01,1.68827700e-01,5.09270400e-02,1.46467500e-02,6.89679900e-03
1.14112825e+05,-6.60863600e+00,7.80505600e-03,1.62696600e-02,5.53494700e-02,1.80118100e-01,5.33975200e-01,1.43824300e+00,3.45939800e+00,6.70417100e+00,8.64637200e+00,6.70417100e+00,3.45939800e+00,1.43824300e+00,5.33975200e-01,1.80118100e-01,5.53494700e-02,1.62696600e-02,7.80505600e-03
1.17288783e+05,-6.56842800e+00,8.80479200e-03,1.80246600e-02,6.00253900e-02,1.91834200e-01,5.59624400e-01,1.48641300e+00,3.53595600e+00,6.80588600e+00,8.75832000e+00,6.80588600e+00,3.53595600e+00,1.48641300e+00,5.59624400e-01,1.91834200e-01,6.00253900e-02,1.80246600e-02,8.80479200e-03
1.20112025e+05,-6.52223400e+00,9.76587600e-03,1.96845900e-02,6.43566700e-02,2.02500300e-01,5.82626700e-01,1.52907000e+00,3.60309300e+00,6.89453300e+00,8.85567700e+00,6.89453300e+00,3.60309300e+00,1.52907000e+00,5.82626700e-01,2.02500300e-01,6.43566700e-02,1.96845900e-02,9.76587600e-03
1.22683792e+05,-6.48882100e+00,1.07026800e-02,2.12799800e-02,6.84443200e-02,2.12415600e-01,6.03732700e-01,1.56778400e+00,3.66351500e+00,6.97388800e+00,8.94266800e+00,6.97388800e+00,3.66351500e+00,1.56778400e+00,6.03732700e-01,2.12415600e-01,6.84443200e-02,2.12799800e-02,1.07026800e-02
1.25088558e+05,-6.46479900e+00,1.16330800e-02,2.28447100e-02,7.23883200e-02,2.21853900e-01,6.23590600e-01,1.60385500e+00,3.71939300e+00,7.04692600e+00,9.02260400e+00,7.04692600e+00,3.71939300e+00,1.60385500e+00,6.23590600e-01,2.21853900e-01,7.23883200e-02,2.28447100e-02,1.16330800e-02
1.27377275e+05,-6.44624200e+00,1.25686800e-02,2.44002900e-02,7.62505700e-02,2.30982400e-01,6.42592700e-01,1.63806500e+00,3.77202700e+00,7.11542800e+00,9.09746300e+00,7.11542800e+00,3.77202700e+00,1.63806500e+00,6.42592700e-01,2.30982400e-01,7.62505700e-02,2.44002900e-02,1.25686800e-02
1.29580792e+05,-6.43401300e+00,1.35167100e-02,2.59598300e-02,8.00684400e-02,2.39901800e-01,6.60975700e-01,1.67088700e+00,3.82220700e+00,7.18047300e+00,9.16844700e+00,7.18047300e+00,3.82220700e+00,1.67088700e+00,6.60975700e-01,2.39901800e-01,8.00684400e-02,2.59598300e-02,1.35167100e-02
1.31763438e+05,-6.44775200e+00,1.45023700e-02,2.75650300e-02,8.39455200e-02,2.48859800e-01,6.79264400e-01,1.70328400e+00,3.87144100e+00,7.24405100e+00,9.23774000e+00,7.24405100e+00,3.87144100e+00,1.70328400e+00,6.79264400e-01,2.48859800e-01,8.39455200e-02,2.75650300e-02,1.45023700e-02
1.34117875e+05,-6.47776000e+00,1.56184400e-02,2.93643500e-02,8.82328900e-02,2.58656000e-01,6.99075300e-01,1.73810200e+00,3.92403600e+00,7.31171300e+00,9.31138700e+00,7.31171300e+00,3.92403600e+00,1.73810200e+00,6.99075300e-01,2.58656000e-01,8.82328900e-02,2.93643500e-02,1.56184400e-02
1.36524650e+05,-6.48232500e+00,1.68173500e-02,3.12773800e-02,9.27279100e-02,2.68809500e-01,7.19409500e-01,1.77355200e+00,3.97725700e+00,7.37991500e+00,9.38552300e+00,7.37991500e+00,3.97725700e+00,1.77355200e+00,7.19409500e-01,2.68809500e-01,9.27279100e-02,3.12773800e-02,1.68173500e-02
1.38986192e+05,-6.49614000e+00,1.81054500e-02,3.33117800e-02,9.74417200e-02,2.79335900e-01,7.40286500e-01,1.80965600e+00,4.03113100e+00,7.44868700e+00,9.46018200e+00,7.44868700e+00,4.03113100e+00,1.80965600e+00,7.40286500e-01,2.79335900e-01,9.74417200e-02,3.33117800e-02,1.81054500e-02
1.41494408e+05,-6.49558600e+00,1.94836400e-02,3.54664900e-02,1.02365100e-01,2.90205200e-01,7.61636100e-01,1.84628400e+00,4.08545600e+00,7.51777200e+00,9.53508100e+00,7.51777200e+00,4.08545600e+00,1.84628400e+00,7.61636100e-01,2.90205200e-01,1.02365100e-01,3.54664900e-02,1.94836400e-02
1.44015229e+05,-6.50433300e+00,2.09368600e-02,3.77159500e-02,1.07434300e-01,3.01270700e-01,7.83164700e-01,1.88292900e+00,4.13948300e+00,7.58622200e+00,9.60919800e+00,7.58622200e+00,4.13948300e+00,1.88292900e+00,7.83164700e-01,3.01270700e-01,1.07434300e-01,3.77159500e-02,2.09368600e-02
1.46622408e+05,-6.52792400e+00,2.25128200e-02,4.01315200e-02,1.12803500e-01,3.12859700e-01,8.05499300e-01,1.92065200e+00,4.19477200e+00,7.65601200e+00,9.68467000e+00,7.65601200e+00,4.19477200e+00,1.92065200e+00,8.05499300e-01,3.12859700e-01,1.12803500e-01,4.01315200e-02,2.25128200e-02
1.49436346e+05,-6.57451400e+00,2.42982500e-02,4.28407300e-02,1.18740600e-01,3.25526900e-01,8.29675800e-01,1.96116000e+00,4.25378800e+00,7.73022600e+00,9.76482300e+00,7.73022600e+00,4.25378800e+00,1.96116000e+00,8.29675800e-01,3.25526900e-01,1.18740600e-01,4.28407300e-02,2.42982500e-02
1.52642458e+05,-6.64321400e+00,2.64408900e-02,4.60571600e-02,1.25682200e-01,3.40153100e-01,8.57300800e-01,2.00705100e+00,4.32021600e+00,7.81342400e+00,9.85455500e+00,7.81342400e+00,4.32021600e+00,2.00705100e+00,8.57300800e-01,3.40153100e-01,1.25682200e-01,4.60571600e-02,2.64408900e-02
1.56440958e+05,-6.73172300e+00,2.91312100e-02,5.00474000e-02,1.34146300e-01,3.57737400e-01,8.90124500e-01,2.06105700e+00,4.39782600e+00,7.91018900e+00,9.95876000e+00,7.91018900e+00,4.39782600e+00,2.06105700e+00,8.90124500e-01,3.57737400e-01,1.34146300e-01,5.00474000e-02,2.91312100e-02
1.60440958e+05,-6.84906800e+00,3.21469400e-02,5.44628100e-02,1.43338000e-01,3.76542700e-01,9.24782900e-01,2.11749100e+00,4.47829700e+00,8.01003400e+00,1.00661000e+01,8.01003400e+00,4.47829700e+00,2.11749100e+00,9.24782900e-01,3.76542700e-01,1.43338000e-01,5.44628100e-02,3.21469400e-02
1.64440958e+05,-6.85319300e+00,3.53541300e-02,5.90991700e-02,1.52810900e-01,3.95629700e-01,9.59518600e-01,2.17347300e+00,4.55751000e+00,8.10784900e+00,1.01710900e+01,8.10784900e+00,4.55751000e+00,2.17347300e+00,9.59518600e-01,3.95629700e-01,1.52810900e-01,5.90991700e-02,3.53541300e-02
1.68440958e+05,-6.84620200e+00,3.87559900e-02,6.39574800e-02,1.62559500e-01,4.14983700e-01,9.94314000e-01,2.22900000e+00,4.63550200e+00,8.20371400e+00,1.02738300e+01,8.20371400e+00,4.63550200e+00,2.22900000e+00,9.94314000e-01,4.14983700e-01,1.62559500e-01,6.39574800e-02,3.87559900e-02
1.72440958e+05,-6.83742600e+00,4.23554100e-02,6.90384200e-02,1.72578000e-01,4.34590800e-01,1.02915200e+00,2.28407000e+00,4.71230600e+00,8.29770600e+00,1.03744100e+01,8.29770600e+00,4.71230600e+00,2.28407000e+00,1.02915200e+00,4.34590800e-01,1.72578000e-01,6.90384200e-02,4.23554100e-02
1.76440958e+05,-6.82555400e+00,4.61549500e-02,7.43424000e-02,1.82860600e-01,4.54437300e-01,1.06401800e+00,2.33868300e+00,4.78795600e+00,8.38989500e+00,1.04729100e+01,8.38989500e+00,4.78795600e+00,2.33868300e+00,1.06401800e+00,4.54437300e-01,1.82860600e-01,7.43424000e-02,4.61549500e-02
1.80440958e+05,-6.80864000e+00,5.01568500e-02,7.98695600e-02,1.93401400e-01,4.74510300e-01,1.09889800e+00,2.39283700e+00,4.86248200e+00,8.48034900e+00,1.05694400e+01,8.48034900e+00,4.86248200e+00,2.39283700e+00,1.09889800e+00,4.74510300e-01,1.93401400e-01,7.98695600e-02,5.01568500e-02
1.84440958e+05,-6.78484400e+00,5.43630600e-02,8.56197700e-02,2.04194700e-01,4.94797400e-01,1.13377800e+00,2.44653500e+00,4.93591600e+00,8.56913200e+00,1.06640500e+01,8.56913200e+00,4.93591600e+00,2.44653500e+00,1.13377800e+00,4.94797400e-01,2.04194700e-01,8.56197700e-02,5.43630600e-02
1.88440958e+05,-6.73645600e+00,5.87752200e-02,9.15926800e-02,2.15234600e-01,5.15286700e-01,1.16864600e+00,2.49977600e+00,5.00828800e+00,8.65630400e+00,1.07568300e+01,8.65630400e+00,5.00828800e+00,2.49977600e+00,1.16864600e+00,5.15286700e-01,2.15234600e-01,9.15926800e-02,5.87752200e-02
1.92357821e+05,-6.65174500e+00,6.32968300e-02,9.76569700e-02,2.26278800e-01,5.35535200e-01,1.20276700e+00,2.55147100e+00,5.07815100e+00,8.74015500e+00,1.08459700e+01,8.74015500e+00,5.07815100e+00,2.55147100e+00,1.20276700e+00,5.35535200e-01,2.26278800e-01,9.76569700e-02,6.32968300e-02
1.95668504e+05,-6.57172800e+00,6.72760800e-02,1.02950000e-01,2.35791600e-01,5.52786400e-01,1.23158300e+00,2.59482300e+00,5.13644100e+00,8.80989400e+00,1.09200200e+01,8.80989400e+00,5.13644100e+00,2.59482300e+00,1.23158300e+00,5.52786400e-01,2.35791600e-01,1.02950000e-01,6.72760800e-02
1.98458871e+05,-6.50518500e+00,7.07423800e-02,1.07529800e-01,2.43933400e-01,5.67418500e-01,1.25584800e+00,2.63112100e+00,5.18503900e+00,8.86788800e+00,1.09815500e+01,8.86788800e+00,5.18503900e+00,2.63112100e+00,1.25584800e+00,5.67418500e-01,2.43933400e-01,1.07529800e-01,7.07423800e-02
2.00882217e+05,-6.45132300e+00,7.38362200e-02,1.11594700e-01,2.51094500e-01,5.80191500e-01,1.27690200e+00,2.66246600e+00,5.22686000e+00,8.91768800e+00,1.10343500e+01,8.91768800e+00,5.22686000e+00,2.66246600e+00,1.27690200e+00,5.80191500e-01,2.51094500e-01,1.11594700e-01,7.38362200e-02
2.03051317e+05,-6.41170400e+00,7.66712700e-02,1.15301800e-01,2.57574200e-01,5.91673800e-01,1.29573100e+00,2.69038300e+00,5.26399600e+00,8.96182600e+00,1.10811200e+01,8.96182600e+00,5.26399600e+00,2.69038300e+00,1.29573100e+00,5.91673800e-01,2.57574200e-01,1.15301800e-01,7.66712700e-02
2.05069100e+05,-6.39458900e+00,7.93642600e-02,1.18808200e-01,2.63660200e-01,6.02395700e-01,1.31323100e+00,2.71623500e+00,5.29829200e+00,9.00252200e+00,1.11242200e+01,9.00252200e+00,5.29829200e+00,2.71623500e+00,1.31323100e+00,6.02395700e-01,2.63660200e-01,1.18808200e-01,7.93642600e-02
2.07096962e+05,-6.43272400e+00,8.21245700e-02,1.22387900e-01,2.69832200e-01,6.13209000e-01,1.33080200e+00,2.74210200e+00,5.33252200e+00,9.04307800e+00,1.11671400e+01,9.04307800e+00,5.33252200e+00,2.74210200e+00,1.33080200e+00,6.13209000e-01,2.69832200e-01,1.22387900e-01,8.21245700e-02
2.09392850e+05,-6.47189000e+00,8.53144400e-02,1.26507400e-01,2.76885900e-01,6.25495600e-01,1.35067600e+00,2.77125400e+00,5.37099600e+00,9.08858700e+00,1.12152800e+01,9.08858700e+00,5.37099600e+00,2.77125400e+00,1.35067600e+00,6.25495600e-01,2.76885900e-01,1.26507400e-01,8.53144400e-02
2.11833362e+05,-6.50331500e+00,8.87809000e-02,1.30964100e-01,2.84459800e-01,6.38605900e-01,1.37177700e+00,2.80208400e+00,5.41157000e+00,9.13649700e+00,1.12659300e+01,9.13649700e+00,5.41157000e+00,2.80208400e+00,1.37177700e+00,6.38605900e-01,2.84459800e-01,1.30964100e-01,8.87809000e-02
2.14486250e+05,-6.54675200e+00,9.26373000e-02,1.35898900e-01,2.92780200e-01,6.52912800e-01,1.39468300e+00,2.83541500e+00,5.45530200e+00,9.18804200e+00,1.13203900e+01,9.18804200e+00,5.45530200e+00,2.83541500e+00,1.39468300e+00,6.52912800e-01,2.92780200e-01,1.35898900e-01,9.26373000e-02
2.17512133e+05,-6.63356700e+00,9.71477300e-02,1.41641300e-01,3.02379200e-01,6.69299100e-01,1.42076700e+00,2.87320200e+00,5.50472000e+00,9.24617200e+00,1.13817700e+01,9.24617200e+00,5.50472000e+00,2.87320200e+00,1.42076700e+00,6.69299100e-01,3.02379200e-01,1.41641300e-01,9.71477300e-02
2.21343025e+05,-6.73492200e+00,1.03027700e-01,1.49083200e-01,3.14693800e-01,6.90142800e-01,1.45372500e+00,2.92069400e+00,5.56659500e+00,9.31878500e+00,1.14583800e+01,9.31878500e+00,5.56659500e+00,2.92069400e+00,1.45372500e+00,6.90142800e-01,3.14693800e-01,1.49083200e-01,1.03027700e-01
2.25343025e+05,-6.72556800e+00,1.09371500e-01,1.57059200e-01,3.27742900e-01,7.12018000e-01,1.48805200e+00,2.96986900e+00,5.63038700e+00,9.39345200e+00,1.15370800e+01,9.39345200e+00,5.63038700e+00,2.96986900e+00,1.48805200e+00,7.12018000e-01,3.27742900e-01,1.57059200e-01,1.09371500e-01
2.29343025e+05,-6.72466100e+00,1.15923700e-01,1.65243800e-01,3.40982600e-01,7.34000100e-01,1.52228600e+00,3.01862200e+00,5.69336400e+00,9.46697400e+00,1.16145100e+01,9.46697400e+00,5.69336400e+00,3.01862200e+00,1.52228600e+00,7.34000100e-01,3.40982600e-01,1.65243800e-01,1.15923700e-01
2.33343025e+05,-6.72893000e+00,1.22683500e-01,1.73634900e-01,3.54407800e-01,7.56082000e-01,1.55642300e+00,3.06696000e+00,5.75554600e+00,9.53938600e+00,1.16907100e+01,9.53938600e+00,5.75554600e+00,3.06696000e+00,1.55642300e+00,7.56082000e-01,3.54407800e-01,1.73634900e-01,1.22683500e-01
2.37343025e+05,-6.73328800e+00,1.29649900e-01,1.82230200e-01,3.68013700e-01,7.78257000e-01,1.59045800e+00,3.11488700e+00,5.81695300e+00,9.61072100e+00,1.17657100e+01,9.61072100e+00,5.81695300e+00,3.11488700e+00,1.59045800e+00,7.78257000e-01,3.68013700e-01,1.82230200e-01,1.29649900e-01
2.41343025e+05,-6.73589700e+00,1.36821600e-01,1.91027600e-01,3.81795400e-01,8.00518600e-01,1.62438700e+00,3.16240800e+00,5.87760400e+00,9.68101100e+00,1.18395600e+01,9.68101100e+00,5.87760400e+00,3.16240800e+00,1.62438700e+00,8.00518600e-01,3.81795400e-01,1.91027600e-01,1.36821600e-01
2.45343025e+05,-6.73470200e+00,1.44197300e-01,2.00024600e-01,3.95748300e-01,8.22860800e-01,1.65820700e+00,3.20952800e+00,5.93751500e+00,9.75028500e+00,1.19122800e+01,9.75028500e+00,5.93751500e+00,3.20952800e+00,1.65820700e+00,8.22860800e-01,3.95748300e-01,2.00024600e-01,1.44197300e-01
2.49343025e+05,-6.72249300e+00,1.51775600e-01,2.09218700e-01,4.09867700e-01,8.45277800e-01,1.69191500e+00,3.25625200e+00,5.99670600e+00,9.81857400e+00,1.19839200e+01,9.81857400e+00,5.99670600e+00,3.25625200e+00,1.69191500e+00,8.45277800e-01,4.09867700e-01,2.09218700e-01,1.51775600e-01
2.53343025e+05,-6.71239100e+00,1.59554800e-01,2.18607500e-01,4.24149100e-01,8.67764000e-01,1.72550700e+00,3.30258400e+00,6.05519100e+00,9.88590300e+00,1.20544900e+01,9.88590300e+00,6.05519100e+00,3.30258400e+00,1.72550700e+00,8.67764000e-01,4.24149100e-01,2.18607500e-01,1.59554800e-01
2.57343025e+05,-6.70897900e+00,1.67533300e-01,2.28188500e-01,4.38588200e-01,8.90314200e-01,1.75898100e+00,3.34853100e+00,6.11298800e+00,9.95230100e+00,1.21240400e+01,9.95230100e+00,6.11298800e+00,3.34853100e+00,1.75898100e+00,8.90314200e-01,4.38588200e-01,2.28188500e-01,1.67533300e-01
2.61343025e+05,-6.73471100e+00,1.75709200e-01,2.37959100e-01,4.53180600e-01,9.12923500e-01,1.79233500e+00,3.39409600e+00,6.17011300e+00,1.00177900e+01,1.21926000e+01,1.00177900e+01,6.17011300e+00,3.39409600e+00,1.79233500e+00,9.12923500e-01,4.53180600e-01,2.37959100e-01,1.75709200e-01
2.65343025e+05,-6.83170700e+00,1.84080800e-01,2.47916500e-01,4.67922300e-01,9.35587000e-01,1.82556700e+00,3.43928600e+00,6.22658000e+00,1.00824000e+01,1.22601900e+01,1.00824000e+01,6.22658000e+00,3.43928600e+00,1.82556700e+00,9.35587000e-01,4.67922300e-01,2.47916500e-01,1.84080800e-01
2.69343025e+05,-6.91223900e+00,1.92646000e-01,2.58058300e-01,4.82809000e-01,9.58300200e-01,1.85867400e+00,3.48410400e+00,6.28240400e+00,1.01461500e+01,1.23268300e+01,1.01461500e+01,6.28240400e+00,3.48410400e+00,1.85867400e+00,9.58300200e-01,4.82809000e-01,2.58058300e-01,1.92646000e-01
2.73343025e+05,-6.89799300e+00,2.01402800e-01,2.68381600e-01,4.97836700e-01,9.81059000e-01,1.89165600e+00,3.52855700e+00,6.33760100e+00,1.02090700e+01,1.23925600e+01,1.02090700e+01,6.33760100e+00,3.52855700e+00,1.89165600e+00,9.81059000e-01,4.97836700e-01,2.68381600e-01,2.01402800e-01
2.77343025e+05,-6.89675900e+00,2.10349100e-01,2.78883800e-01,5.13001700e-01,1.00385900e+00,1.92451100e+00,3.57264900e+00,6.39218300e+00,1.02711700e+01,1.24574000e+01,1.02711700e+01,6.39218300e+00,3.57264900e+00,1.92451100e+00,1.00385900e+00,5.13001700e-01,2.78883800e-01,2.10349100e-01
2.81343025e+05,-6.90110800e+00,2.19482700e-01,2.89562100e-01,5.28300100e-01,1.02669700e+00,1.95723800e+00,3.61638500e+00,6.44616400e+00,1.03324800e+01,1.25213700e+01,1.03324800e+01,6.44616400e+00,3.61638500e+00,1.95723800e+00,1.02669700e+00,5.28300100e-01,2.89562100e-01,2.19482700e-01
2.85343025e+05,-6.90814900e+00,2.28801300e-01,3.00413800e-01,5.43728100e-01,1.04956800e+00,1.98983600e+00,3.65977000e+00,6.49955700e+00,1.03930100e+01,1.25845100e+01,1.03930100e+01,6.49955700e+00,3.65977000e+00,1.98983600e+00,1.04956800e+00,5.43728100e-01,3.00413800e-01,2.28801300e-01
2.89343025e+05,-6.86302000e+00,2.38302700e-01,3.11436200e-01,5.59282300e-01,1.07247000e+00,2.02230300e+00,3.70281000e+00,6.55237500e+00,1.04527900e+01,1.26468100e+01,1.04527900e+01,6.55237500e+00,3.70281000e+00,2.02230300e+00,1.07247000e+00,5.59282300e-01,3.11436200e-01,2.38302700e-01
2.93343025e+05,-6.80486600e+00,2.47984500e-01,3.22626400e-01,5.74959000e-01,1.09539900e+00,2.05464000e+00,3.74550800e+00,6.60463000e+00,1.05118400e+01,1.27083200e+01,1.05118400e+01,6.60463000e+00,3.74550800e+00,2.05464000e+00,1.09539900e+00,5.74959000e-01,3.22626400e-01,2.47984500e-01
2.97343025e+05,-6.74625100e+00,2.57844300e-01,3.33981800e-01,5.90754800e-01,1.11835200e+00,2.08684500e+00,3.78787100e+00,6.65633400e+00,1.05701700e+01,1.27690500e+01,1.05701700e+01,6.65633400e+00,3.78787100e+00,2.08684500e+00,1.11835200e+00,5.90754800e-01,3.33981800e-01,2.57844300e-01
3.01338283e+05,-6.68639800e+00,2.67867900e-01,3.45485700e-01,6.06647400e-01,1.14129900e+00,2.11888100e+00,3.82985300e+00,6.70743800e+00,1.06277300e+01,1.28289500e+01,1.06277300e+01,6.70743800e+00,3.82985300e+00,2.11888100e+00,1.14129900e+00,6.06647400e-01,3.45485700e-01,2.67867900e-01
3.04987088e+05,-6.62336100e+00,2.77174100e-01,3.56132100e-01,6.21260600e-01,1.16227200e+00,2.14802300e+00,3.86790800e+00,6.75364800e+00,1.06797000e+01,1.28830100e+01,1.06797000e+01,6.75364800e+00,3.86790800e+00,2.14802300e+00,1.16227200e+00,6.21260600e-01,3.56132100e-01,2.77174100e-01
3.08165158e+05,-6.56727600e+00,2.85396700e-01,3.65512400e-01,6.34063500e-01,1.18055000e+00,2.17331500e+00,3.90083300e+00,6.79354200e+00,1.07245100e+01,1.29296000e+01,1.07245100e+01,6.79354200e+00,3.90083300e+00,2.17331500e+00,1.18055000e+00,6.34063500e-01,3.65512400e-01,2.85396700e-01
3.10974850e+05,-6.51767800e+00,2.92755700e-01,3.73887500e-01,6.45439200e-01,1.19671600e+00,2.19560600e+00,3.92977300e+00,6.82854100e+00,1.07637800e+01,1.29704100e+01,1.07637800e+01,6.82854100e+00,3.92977300e+00,2.19560600e+00,1.19671600e+00,6.45439200e-01,3.73887500e-01,2.92755700e-01
3.13506362e+05,-6.48095700e+00,2.99457200e-01,3.81498500e-01,6.55733200e-01,1.21128700e+00,2.21563300e+00,3.95571400e+00,6.85986200e+00,1.07988900e+01,1.30068800e+01,1.07988900e+01,6.85986200e+00,3.95571400e+00,2.21563300e+00,1.21128700e+00,6.55733200e-01,3.81498500e-01,2.99457200e-01
3.15905904e+05,-6.48486500e+00,3.05870800e-01,3.88768800e-01,6.65528800e-01,1.22510200e+00,2.23456800e+00,3.98018600e+00,6.88936600e+00,1.08319300e+01,1.30412000e+01,1.08319300e+01,6.88936600e+00,3.98018600e+00,2.23456800e+00,1.22510200e+00,6.65528800e-01,3.88768800e-01,3.05870800e-01
3.18383346e+05,-6.47969300e+00,3.12554400e-01,3.96331500e-01,6.75680500e-01,1.23936900e+00,2.25406700e+00,4.00533700e+00,6.91964400e+00,1.08658100e+01,1.30763700e+01,1.08658100e+01,6.91964400e+00,4.00533700e+00,2.25406700e+00,1.23936900e+00,6.75680500e-01,3.96331500e-01,3.12554400e-01
3.20763833e+05,-6.46964900e+00,3.19035400e-01,4.03651800e-01,6.85470900e-01,1.25308000e+00,2.27275500e+00,4.02939300e+00,6.94856100e+00,1.08981400e+01,1.31099300e+01,1.08981400e+01,6.94856100e+00,4.02939300e+00,2.27275500e+00,1.25308000e+00,6.85470900e-01,4.03651800e-01,3.19035400e-01
3.23150596e+05,-6.49031500e+00,3.25590600e-01,4.11043300e-01,6.95321900e-01,1.26683000e+00,2.29144600e+00,4.05340300e+00,6.97738500e+00,1.09303300e+01,1.31433500e+01,1.09303300e+01,6.97738500e+00,4.05340300e+00,2.29144600e+00,1.26683000e+00,6.95321900e-01,4.11043300e-01,3.25590600e-01
3.25829050e+05,-6.57018700e+00,3.33014100e-01,4.19399100e-01,7.06417100e-01,1.28226200e+00,2.31236600e+00,4.08022200e+00,7.00953400e+00,1.09662100e+01,1.31805700e+01,1.09662100e+01,7.00953400e+00,4.08022200e+00,2.31236600e+00,1.28226200e+00,7.06417100e-01,4.19399100e-01,3.33014100e-01
3.28736671e+05,-6.55479300e+00,3.41152400e-01,4.28541900e-01,7.18509200e-01,1.29901700e+00,2.33500900e+00,4.10918500e+00,7.04419800e+00,1.10048700e+01,1.32206600e+01,1.10048700e+01,7.04419800e+00,4.10918500e+00,2.33500900e+00,1.29901700e+00,7.18509200e-01,4.28541900e-01,3.41152400e-01
3.31644429e+05,-6.57163500e+00,3.49373600e-01,4.37759600e-01,7.30650600e-01,1.31577300e+00,2.35758500e+00,4.13799300e+00,7.07862100e+00,1.10432100e+01,1.32604200e+01,1.10432100e+01,7.07862100e+00,4.13799300e+00,2.35758500e+00,1.31577300e+00,7.30650600e-01,4.37759600e-01,3.49373600e-01
3.34721896e+05,-6.60466600e+00,3.58162900e-01,4.47595100e-01,7.43552300e-01,1.33350800e+00,2.38140200e+00,4.16831500e+00,7.11479400e+00,1.10834700e+01,1.33021400e+01,1.10834700e+01,7.11479400e+00,4.16831500e+00,2.38140200e+00,1.33350800e+00,7.43552300e-01,4.47595100e-01,3.58162900e-01
3.38067237e+05,-6.64347500e+00,3.67819000e-01,4.58378200e-01,7.57636100e-01,1.35278600e+00,2.40720600e+00,4.20108400e+00,7.15381800e+00,1.11268600e+01,1.33470900e+01,1.11268600e+01,7.15381800e+00,4.20108400e+00,2.40720600e+00,1.35278600e+00,7.57636100e-01,4.58378200e-01,3.67819000e-01
3.41721017e+05,-6.68028300e+00,3.78484600e-01,4.70262600e-01,7.73086700e-01,1.37384000e+00,2.43528600e+00,4.23664800e+00,7.19609200e+00,1.11738000e+01,1.33957200e+01,1.11738000e+01,7.19609200e+00,4.23664800e+00,2.43528600e+00,1.37384000e+00,7.73086700e-01,4.70262600e-01,3.78484600e-01
3.45660796e+05,-6.71258400e+00,3.90122700e-01,4.83200700e-01,7.89824800e-01,1.39653800e+00,2.46544300e+00,4.27473400e+00,7.24127500e+00,1.12239200e+01,1.34476100e+01,1.12239200e+01,7.24127500e+00,4.27473400e+00,2.46544300e+00,1.39653800e+00,7.89824800e-01,4.83200700e-01,3.90122700e-01
3.49660796e+05,-6.75230600e+00,4.02082800e-01,4.96465400e-01,8.06899500e-01,1.41957900e+00,2.49593300e+00,4.31312800e+00,7.28673000e+00,1.12742800e+01,1.34997300e+01,1.12742800e+01,7.28673000e+00,4.31312800e+00,2.49593300e+00,1.41957900e+00,8.06899500e-01,4.96465400e-01,4.02082800e-01
3.53660796e+05,-6.83485600e+00,4.14185900e-01,5.09857800e-01,8.24053400e-01,1.44261300e+00,2.52629600e+00,4.35124900e+00,7.33177000e+00,1.13241200e+01,1.35512900e+01,1.13241200e+01,7.33177000e+00,4.35124900e+00,2.52629600e+00,1.44261300e+00,8.24053400e-01,5.09857800e-01,4.14185900e-01
3.57660796e+05,-6.95215900e+00,4.26429400e-01,5.23375200e-01,8.41284000e-01,1.46564000e+00,2.55653100e+00,4.38910100e+00,7.37640400e+00,1.13734600e+01,1.36023000e+01,1.13734600e+01,7.37640400e+00,4.38910100e+00,2.55653100e+00,1.46564000e+00,8.41284000e-01,5.23375200e-01,4.26429400e-01
3.61660796e+05,-6.93872400e+00,4.38810900e-01,5.37015200e-01,8.58589200e-01,1.48865300e+00,2.58645000e+00,4.42184600e+00,7.36760500e+00,1.11937700e+01,1.32796700e+01,1.11937700e+01,7.36760500e+00,4.42184600e+00,2.58645000e+00,1.48865300e+00,8.58589200e-01,5.37015200e-01,4.38810900e-01
3.65660796e+05,-6.90843900e+00,4.51327900e-01,5.50775300e-01,8.75965500e-01,1.51161700e+00,2.61544400e+00,4.44478100e+00,7.29620400e+00,1.08091400e+01,1.26480600e+01,1.08091400e+01,7.29620400e+00,4.44478100e+00,2.61544400e+00,1.51161700e+00,8.75965500e-01,5.50775300e-01,4.51327900e-01
3.69660796e+05,-6.88757300e+00,4.63978100e-01,5.64653000e-01,8.93406300e-01,1.53447200e+00,2.64325400e+00,4.46147400e+00,7.21532900e+00,1.04534700e+01,1.20890800e+01,1.04534700e+01,7.21532900e+00,4.46147400e+00,2.64325400e+00,1.53447200e+00,8.93406300e-01,5.64653000e-01,4.63978100e-01
3.73660796e+05,-6.87425200e+00,4.76758800e-01,5.78645100e-01,9.10901300e-01,1.55715000e+00,2.66964700e+00,4.47237500e+00,7.12791000e+00,1.01237700e+01,1.15901600e+01,1.01237700e+01,7.12791000e+00,4.47237500e+00,2.66964700e+00,1.55715000e+00,9.10901300e-01,5.78645100e-01,4.76758800e-01
3.77660796e+05,-6.86663000e+00,4.89667600e-01,5.92748200e-01,9.28436500e-01,1.57957800e+00,2.69446000e+00,4.47799100e+00,7.03614200e+00,9.81737300e+00,1.11414700e+01,9.81737300e+00,7.03614200e+00,4.47799100e+00,2.69446000e+00,1.57957800e+00,9.28436500e-01,5.92748200e-01,4.89667600e-01
3.81660796e+05,-6.86318300e+00,5.02701600e-01,6.06957900e-01,9.45995000e-01,1.60168500e+00,2.71758400e+00,4.47883700e+00,6.94167200e+00,9.53190500e+00,1.07351800e+01,9.53190500e+00,6.94167200e+00,4.47883700e+00,2.71758400e+00,1.60168500e+00,9.45995000e-01,6.06957900e-01,5.02701600e-01
3.85660796e+05,-6.86278900e+00,5.15857900e-01,6.21269000e-01,9.63557200e-01,1.62340500e+00,2.73895500e+00,4.47541800e+00,6.84574000e+00,9.26525700e+00,1.03650300e+01,9.26525700e+00,6.84574000e+00,4.47541800e+00,2.73895500e+00,1.62340500e+00,9.63557200e-01,6.21269000e-01,5.15857900e-01
3.89660796e+05,-6.86478800e+00,5.29133200e-01,6.35675500e-01,9.81101700e-01,1.64467700e+00,2.75854600e+00,4.46820800e+00,6.74927800e+00,9.01557300e+00,1.00259500e+01,9.01557300e+00,6.74927800e+00,4.46820800e+00,2.75854600e+00,1.64467700e+00,9.81101700e-01,6.35675500e-01,5.29133200e-01
3.93660796e+05,-6.86923200e+00,5.42523600e-01,6.50170500e-01,9.98606000e-01,1.66544500e+00,2.77635900e+00,4.45764800e+00,6.65298800e+00,8.78121700e+00,9.71379700e+00,8.78121700e+00,6.65298800e+00,4.45764800e+00,2.77635900e+00,1.66544500e+00,9.98606000e-01,6.50170500e-01,5.42523600e-01
3.97660796e+05,-6.87767500e+00,5.56024900e-01,6.64746100e-01,1.01604700e+00,1.68566400e+00,2.79241700e+00,4.44414300e+00,6.55739700e+00,8.56075100e+00,9.42514700e+00,8.56075100e+00,6.55739700e+00,4.44414300e+00,2.79241700e+00,1.68566400e+00,1.01604700e+00,6.64746100e-01,5.56024900e-01
4.01660796e+05,-6.89505500e+00,5.69632300e-01,6.79393900e-01,1.03340100e+00,1.70529400e+00,2.80676200e+00,4.42806000e+00,6.46289700e+00,8.35290200e+00,9.15715400e+00,8.35290200e+00,6.46289700e+00,4.42806000e+00,2.80676200e+00,1.70529400e+00,1.03340100e+00,6.79393900e-01,5.69632300e-01
4.05660796e+05,-6.93191600e+00,5.83340600e-01,6.94104600e-01,1.05064500e+00,1.72430100e+00,2.81944600e+00,4.40973000e+00,6.36977500e+00,8.15655100e+00,8.90742900e+00,8.15655100e+00,6.36977500e+00,4.40973000e+00,2.81944600e+00,1.72430100e+00,1.05064500e+00,6.94104600e-01,5.83340600e-01
4.09660796e+05,-6.97872800e+00,5.97143900e-01,7.08868300e-01,1.06775700e+00,1.74266200e+00,2.83053300e+00,4.38945100e+00,6.27824200e+00,7.97070400e+00,8.67395500e+00,7.97070400e+00,6.27824200e+00,4.38945100e+00,2.83053300e+00,1.74266200e+00,1.06775700e+00,7.08868300e-01,5.97143900e-01
4.13660796e+05,-6.99958900e+00,6.11035700e-01,7.23674700e-01,1.08471600e+00,1.76035500e+00,2.84009100e+00,4.36748900e+00,6.18844600e+00,7.79447900e+00,8.45501400e+00,7.79447900e+00,6.18844600e+00,4.36748900e+00,2.84009100e+00,1.76035500e+00,1.08471600e+00,7.23674700e-01,6.11035700e-01
4.17660796e+05,-7.02990200e+00,6.25009200e-01,7.38513000e-01,1.10150200e+00,1.77737000e+00,2.84819300e+00,4.34408100e+00,6.10048800e+00,7.62709400e+00,8.24913500e+00,7.62709400e+00,6.10048800e+00,4.34408100e+00,2.84819300e+00,1.77737000e+00,1.10150200e+00,7.38513000e-01,6.25009200e-01
4.21660796e+05,-7.07325000e+00,6.39056900e-01,7.53372400e-01,1.11809600e+00,1.79369700e+00,2.85491500e+00,4.31944100e+00,6.01443300e+00,7.46784800e+00,8.05504800e+00,7.46784800e+00,6.01443300e+00,4.31944100e+00,2.85491500e+00,1.79369700e+00,1.11809600e+00,7.53372400e-01,6.39056900e-01
4.25660796e+05,-7.09940000e+00,6.53170900e-01,7.68241500e-01,1.13448100e+00,1.80933200e+00,2.86033200e+00,4.29375500e+00,5.93031800e+00,7.31611600e+00,7.87165500e+00,7.31611600e+00,5.93031800e+00,4.29375500e+00,2.86033200e+00,1.80933200e+00,1.13448100e+00,7.68241500e-01,6.53170900e-01
4.29660796e+05,-7.11576400e+00,6.67342900e-01,7.83109300e-01,1.15064100e+00,1.82427800e+00,2.86452000e+00,4.26719100e+00,5.84815600e+00,7.17133700e+00,7.69799400e+00,7.17133700e+00,5.84815600e+00,4.26719100e+00,2.86452000e+00,1.82427800e+00,1.15064100e+00,7.83109300e-01,6.67342900e-01
4.33660796e+05,-7.09503900e+00,6.81564200e-01,7.97964400e-01,1.16656300e+00,1.83853900e+00,2.86755300e+00,4.23989800e+00,5.76794600e+00,7.03300700e+00,7.53322500e+00,7.03300700e+00,5.76794600e+00,4.23989800e+00,2.86755300e+00,1.83853900e+00,1.16656300e+00,7.97964400e-01,6.81564200e-01
4.37660796e+05,-7.07509300e+00,6.95825900e-01,8.12795800e-01,1.18223500e+00,1.85212100e+00,2.86950500e+00,4.21200800e+00,5.68967300e+00,6.90066900e+00,7.37660800e+00,6.90066900e+00,5.68967300e+00,4.21200800e+00,2.86950500e+00,1.85212100e+00,1.18223500e+00,8.12795800e-01,6.95825900e-01
4.41660796e+05,-7.05577000e+00,7.10118800e-01,8.27592400e-01,1.19764500e+00,1.86503700e+00,2.87044500e+00,4.18363600e+00,5.61331100e+00,6.77391300e+00,7.22748600e+00,6.77391300e+00,5.61331100e+00,4.18363600e+00,2.87044500e+00,1.86503700e+00,1.19764500e+00,8.27592400e-01,7.10118800e-01
4.45660796e+05,-7.03690800e+00,7.24433600e-01,8.42343700e-01,1.21278500e+00,1.87729700e+00,2.87044100e+00,4.15488600e+00,5.53882800e+00,6.65236500e+00,7.08527700e+00,6.65236500e+00,5.53882800e+00,4.15488600e+00,2.87044100e+00,1.87729700e+00,1.21278500e+00,8.42343700e-01,7.24433600e-01
4.49660796e+05,-7.01834300e+00,7.38760600e-01,8.57039300e-01,1.22764600e+00,1.88891600e+00,2.86955800e+00,4.12584900e+00,5.46618700e+00,6.53568600e+00,6.94946200e+00,6.53568600e+00,5.46618700e+00,4.12584900e+00,2.86955800e+00,1.88891600e+00,1.22764600e+00,8.57039300e-01,7.38760600e-01
4.53660796e+05,-6.99992400e+00,7.53090500e-01,8.71668900e-01,1.24222200e+00,1.89991000e+00,2.86785800e+00,4.09660500e+00,5.39534700e+00,6.42356800e+00,6.81957600e+00,6.42356800e+00,5.39534700e+00,4.09660500e+00,2.86785800e+00,1.89991000e+00,1.24222200e+00,8.71668900e-01,7.53090500e-01
4.57660796e+05,-6.98153900e+00,7.67413700e-01,8.86223000e-01,1.25650800e+00,1.91029600e+00,2.86540000e+00,4.06722600e+00,5.32626300e+00,6.31572700e+00,6.69519900e+00,6.31572700e+00,5.32626300e+00,4.06722600e+00,2.86540000e+00,1.91029600e+00,1.25650800e+00,8.86223000e-01,7.67413700e-01
4.61660796e+05,-6.96318100e+00,7.81720700e-01,9.00692300e-01,1.27050000e+00,1.92009200e+00,2.86224000e+00,4.03777300e+00,5.25889000e+00,6.21190600e+00,6.57595500e+00,6.21190600e+00,5.25889000e+00,4.03777300e+00,2.86224000e+00,1.92009200e+00,1.27050000e+00,9.00692300e-01,7.81720700e-01
4.65660796e+05,-6.94511200e+00,7.96002100e-01,9.15067800e-01,1.28419600e+00,1.92931700e+00,2.85843100e+00,4.00830300e+00,5.19318100e+00,6.11186900e+00,6.46150300e+00,6.11186900e+00,5.19318100e+00,4.00830300e+00,2.85843100e+00,1.92931700e+00,1.28419600e+00,9.15067800e-01,7.96002100e-01
4.69660796e+05,-6.92828200e+00,8.10248800e-01,9.29341300e-01,1.29759300e+00,1.93798800e+00,2.85402100e+00,3.97886400e+00,5.12908800e+00,6.01539800e+00,6.35153300e+00,6.01539800e+00,5.12908800e+00,3.97886400e+00,2.85402100e+00,1.93798800e+00,1.29759300e+00,9.29341300e-01,8.10248800e-01
4.73660796e+05,-6.91538300e+00,8.24451600e-01,9.43504800e-01,1.31069000e+00,1.94612700e+00,2.84905900e+00,3.94949700e+00,5.06656600e+00,5.92229200e+00,6.24576300e+00,5.92229200e+00,5.06656600e+00,3.94949700e+00,2.84905900e+00,1.94612700e+00,1.31069000e+00,9.43504800e-01,8.24451600e-01
4.77660796e+05,-6.91303900e+00,8.38601800e-01,9.57550700e-01,1.32348800e+00,1.95375100e+00,2.84358900e+00,3.92024200e+00,5.00556600e+00,5.83236800e+00,6.14393800e+00,5.83236800e+00,5.00556600e+00,3.92024200e+00,2.84358900e+00,1.95375100e+00,1.32348800e+00,9.57550700e-01,8.38601800e-01
4.81660796e+05,-6.93367400e+00,8.52690900e-01,9.71472200e-01,1.33598800e+00,1.96088100e+00,2.83765100e+00,3.89112900e+00,4.94604200e+00,5.74545300e+00,6.04582100e+00,5.74545300e+00,4.94604200e+00,3.89112900e+00,2.83765100e+00,1.96088100e+00,1.33598800e+00,9.71472200e-01,8.52690900e-01
4.85660796e+05,-6.92795500e+00,8.66710500e-01,9.85262600e-01,1.34818900e+00,1.96753600e+00,2.83128500e+00,3.86218900e+00,4.88795100e+00,5.66139100e+00,5.95119800e+00,5.66139100e+00,4.88795100e+00,3.86218900e+00,2.83128500e+00,1.96753600e+00,1.34818900e+00,9.85262600e-01,8.66710500e-01
4.89660796e+05,-6.93553500e+00,8.80652700e-01,9.98915900e-01,1.36009600e+00,1.97373500e+00,2.82452700e+00,3.83344500e+00,4.83124700e+00,5.58003500e+00,5.85987100e+00,5.58003500e+00,4.83124700e+00,3.83344500e+00,2.82452700e+00,1.97373500e+00,1.36009600e+00,9.98915900e-01,8.80652700e-01
4.93660796e+05,-6.96216500e+00,8.94509800e-01,1.01242700e+00,1.37170900e+00,1.97949600e+00,2.81741100e+00,3.80491900e+00,4.77588700e+00,5.50124900e+00,5.77165700e+00,5.50124900e+00,4.77588700e+00,3.80491900e+00,2.81741100e+00,1.97949600e+00,1.37170900e+00,1.01242700e+00,8.94509800e-01
4.97660796e+05,-7.01410800e+00,9.08274600e-01,1.02578900e+00,1.38303300e+00,1.98483800e+00,2.80996900e+00,3.77663100e+00,4.72183000e+00,5.42490500e+00,5.68638800e+00,5.42490500e+00,4.72183000e+00,3.77663100e+00,2.80996900e+00,1.98483800e+00,1.38303300e+00,1.02578900e+00,9.08274600e-01
5.01660796e+05,-7.08541500e+00,9.21940100e-01,1.03900000e+00,1.39407000e+00,1.98977800e+00,2.80223100e+00,3.74859500e+00,4.66903500e+00,5.35088800e+00,5.60391000e+00,5.35088800e+00,4.66903500e+00,3.74859500e+00,2.80223100e+00,1.98977800e+00,1.39407000e+00,1.03900000e+00,9.21940100e-01
5.05660796e+05,-7.09497100e+00,9.35499800e-01,1.05205300e+00,1.40482400e+00,1.99433600e+00,2.79422400e+00,3.72082600e+00,4.61746300e+00,5.27908500e+00,5.52407800e+00,5.27908500e+00,4.61746300e+00,3.72082600e+00,2.79422400e+00,1.99433600e+00,1.40482400e+00,1.05205300e+00,9.35499800e-01
5.09660796e+05,-7.11097500e+00,9.48947300e-01,1.06494600e+00,1.41530000e+00,1.99852600e+00,2.78597500e+00,3.69333600e+00,4.56707600e+00,5.20939600e+00,5.44675900e+00,5.20939600e+00,4.56707600e+00,3.69333600e+00,2.78597500e+00,1.99852600e+00,1.41530000e+00,1.06494600e+00,9.48947300e-01
5.13660796e+05,-7.13039100e+00,9.62276900e-01,1.07767400e+00,1.42550100e+00,2.00236700e+00,2.77750800e+00,3.66613400e+00,4.51783600e+00,5.14172200e+00,5.37182800e+00,5.14172200e+00,4.51783600e+00,3.66613400e+00,2.77750800e+00,2.00236700e+00,1.42550100e+00,1.07767400e+00,9.62276900e-01
5.17660796e+05,-7.15094600e+00,9.75483100e-01,1.09023600e+00,1.43543300e+00,2.00587400e+00,2.76884600e+00,3.63922800e+00,4.46970900e+00,5.07597600e+00,5.29917000e+00,5.07597600e+00,4.46970900e+00,3.63922800e+00,2.76884600e+00,2.00587400e+00,1.43543300e+00,1.09023600e+00,9.75483100e-01
5.21660796e+05,-7.17126000e+00,9.88560700e-01,1.10262700e+00,1.44509900e+00,2.00906300e+00,2.76000800e+00,3.61262600e+00,4.42266100e+00,5.01207200e+00,5.22867900e+00,5.01207200e+00,4.42266100e+00,3.61262600e+00,2.76000800e+00,2.00906300e+00,1.44509900e+00,1.10262700e+00,9.88560700e-01
5.25660796e+05,-7.19060700e+00,1.00150500e+00,1.11484600e+00,1.45450600e+00,2.01194800e+00,2.75101600e+00,3.58633400e+00,4.37665800e+00,4.94993000e+00,5.16025200e+00,4.94993000e+00,4.37665800e+00,3.58633400e+00,2.75101600e+00,2.01194800e+00,1.45450600e+00,1.11484600e+00,1.00150500e+00
5.29660796e+05,-7.20868200e+00,1.01431200e+00,1.12689100e+00,1.46365700e+00,2.01454400e+00,2.74188700e+00,3.56035400e+00,4.33166800e+00,4.88947700e+00,5.09379700e+00,4.88947700e+00,4.33166800e+00,3.56035400e+00,2.74188700e+00,2.01454400e+00,1.46365700e+00,1.12689100e+00,1.01431200e+00
5.33660796e+05,-7.22544100e+00,1.02697700e+00,1.13876000e+00,1.47255800e+00,2.01686400e+00,2.73263800e+00,3.53469200e+00,4.28766200e+00,4.83064300e+00,5.02922400e+00,4.83064300e+00,4.28766200e+00,3.53469200e+00,2.73263800e+00,2.01686400e+00,1.47255800e+00,1.13876000e+00,1.02697700e+00
5.37660796e+05,-7.24102800e+00,1.03949600e+00,1.15045100e+00,1.48121400e+00,2.01892300e+00,2.72328600e+00,3.50934900e+00,4.24460900e+00,4.77336000e+00,4.96645300e+00,4.77336000e+00,4.24460900e+00,3.50934900e+00,2.72328600e+00,2.01892300e+00,1.48121400e+00,1.15045100e+00,1.03949600e+00
5.41660796e+05,-7.25573900e+00,1.05186700e+00,1.16196300e+00,1.48963000e+00,2.02073200e+00,2.71384400e+00,3.48432700e+00,4.20248100e+00,4.71756800e+00,4.90540500e+00,4.71756800e+00,4.20248100e+00,3.48432700e+00,2.71384400e+00,2.02073200e+00,1.48963000e+00,1.16196300e+00,1.05186700e+00
5.45660796e+05,-7.27000900e+00,1.06408600e+00,1.17329600e+00,1.49781200e+00,2.02230500e+00,2.70432700e+00,3.45962700e+00,4.16125100e+00,4.66320800e+00,4.84600800e+00,4.66320800e+00,4.16125100e+00,3.45962700e+00,2.70432700e+00,2.02230500e+00,1.49781200e+00,1.17329600e+00,1.06408600e+00
5.49660796e+05,-7.28442500e+00,1.07615000e+00,1.18444900e+00,1.50576400e+00,2.02365300e+00,2.69474600e+00,3.43524900e+00,4.12089200e+00,4.61022300e+00,4.78819300e+00,4.61022300e+00,4.12089200e+00,3.43524900e+00,2.69474600e+00,2.02365300e+00,1.50576400e+00,1.18444900e+00,1.07615000e+00
5.53660796e+05,-7.29972900e+00,1.08805800e+00,1.19542200e+00,1.51349100e+00,2.02478600e+00,2.68511500e+00,3.41119400e+00,4.08138000e+00,4.55856100e+00,4.73189700e+00,4.55856100e+00,4.08138000e+00,3.41119400e+00,2.68511500e+00,2.02478600e+00,1.51349100e+00,1.19542200e+00,1.08805800e+00
5.57660796e+05,-7.31680000e+00,1.09980600e+00,1.20621400e+00,1.52100000e+00,2.02571700e+00,2.67544400e+00,3.38746000e+00,4.04268900e+00,4.50817300e+00,4.67705700e+00,4.50817300e+00,4.04268900e+00,3.38746000e+00,2.67544400e+00,2.02571700e+00,1.52100000e+00,1.20621400e+00,1.09980600e+00
5.61660796e+05,-7.31747200e+00,1.11139400e+00,1.21682600e+00,1.52829400e+00,2.02645500e+00,2.66574300e+00,3.36404700e+00,4.00479700e+00,4.45901200e+00,4.62361800e+00,4.45901200e+00,4.00479700e+00,3.36404700e+00,2.66574300e+00,2.02645500e+00,1.52829400e+00,1.21682600e+00,1.11139400e+00
5.65660796e+05,-7.31736800e+00,1.12281900e+00,1.22725700e+00,1.53537900e+00,2.02701000e+00,2.65602200e+00,3.34095300e+00,3.96768100e+00,4.41103300e+00,4.57152400e+00,4.41103300e+00,3.96768100e+00,3.34095300e+00,2.65602200e+00,2.02701000e+00,1.53537900e+00,1.22725700e+00,1.12281900e+00
5.69660796e+05,-7.31797500e+00,1.13408000e+00,1.23750800e+00,1.54226000e+00,2.02739200e+00,2.64628800e+00,3.31817600e+00,3.93131900e+00,4.36419400e+00,4.52072500e+00,4.36419400e+00,3.93131900e+00,3.31817600e+00,2.64628800e+00,2.02739200e+00,1.54226000e+00,1.23750800e+00,1.13408000e+00
5.73660796e+05,-7.31962600e+00,1.14517700e+00,1.24758100e+00,1.54894200e+00,2.02760900e+00,2.63655100e+00,3.29571400e+00,3.89568900e+00,4.31845400e+00,4.47117300e+00,4.31845400e+00,3.89568900e+00,3.29571400e+00,2.63655100e+00,2.02760900e+00,1.54894200e+00,1.24758100e+00,1.14517700e+00
5.77660796e+05,-7.32276600e+00,1.15610700e+00,1.25747500e+00,1.55542900e+00,2.02767000e+00,2.62681900e+00,3.27356500e+00,3.86077300e+00,4.27377500e+00,4.42282000e+00,4.27377500e+00,3.86077300e+00,3.27356500e+00,2.62681900e+00,2.02767000e+00,1.55542900e+00,1.25747500e+00,1.15610700e+00
5.81660796e+05,-7.32796700e+00,1.16687200e+00,1.26719200e+00,1.56172700e+00,2.02758400e+00,2.61709600e+00,3.25172500e+00,3.82655000e+00,4.23012100e+00,4.37562500e+00,4.23012100e+00,3.82655000e+00,3.25172500e+00,2.61709600e+00,2.02758400e+00,1.56172700e+00,1.26719200e+00,1.16687200e+00
5.85660796e+05,-7.33593300e+00,1.17746900e+00,1.27673200e+00,1.56784000e+00,2.02735800e+00,2.60739200e+00,3.23019300e+00,3.79300100e+00,4.18745700e+00,4.32954500e+00,4.18745700e+00,3.79300100e+00,3.23019300e+00,2.60739200e+00,2.02735800e+00,1.56784000e+00,1.27673200e+00,1.17746900e+00
5.89660796e+05,-7.34746200e+00,1.18790000e+00,1.28609800e+00,1.57377300e+00,2.02699900e+00,2.59771000e+00,3.20896600e+00,3.76011000e+00,4.14575100e+00,4.28454200e+00,4.14575100e+00,3.76011000e+00,3.20896600e+00,2.59771000e+00,2.02699900e+00,1.57377300e+00,1.28609800e+00,1.18790000e+00
5.93660796e+05,-7.36335300e+00,1.19816400e+00,1.29529000e+00,1.57953000e+00,2.02651500e+00,2.58805700e+00,3.18803900e+00,3.72785700e+00,4.10497100e+00,4.24057700e+00,4.10497100e+00,3.72785700e+00,3.18803900e+00,2.58805700e+00,2.02651500e+00,1.57953000e+00,1.29529000e+00,1.19816400e+00
5.97660796e+05,-7.38423800e+00,1.20826100e+00,1.30430900e+00,1.58511600e+00,2.02591300e+00,2.57843800e+00,3.16741100e+00,3.69622600e+00,4.06508600e+00,4.19761700e+00,4.06508600e+00,3.69622600e+00,3.16741100e+00,2.57843800e+00,2.02591300e+00,1.58511600e+00,1.30430900e+00,1.20826100e+00
6.01660796e+05,-7.40380200e+00,1.21819100e+00,1.31315700e+00,1.59053500e+00,2.02519900e+00,2.56885700e+00,3.14707700e+00,3.66520100e+00,4.02606900e+00,4.15562600e+00,4.02606900e+00,3.66520100e+00,3.14707700e+00,2.56885700e+00,2.02519900e+00,1.59053500e+00,1.31315700e+00,1.21819100e+00
6.05660796e+05,-7.41149700e+00,1.22795600e+00,1.32183600e+00,1.59579100e+00,2.02437900e+00,2.55931900e+00,3.12703400e+00,3.63476700e+00,3.98789200e+00,4.11457300e+00,3.98789200e+00,3.63476700e+00,3.12703400e+00,2.55931900e+00,2.02437900e+00,1.59579100e+00,1.32183600e+00,1.22795600e+00
6.09660796e+05,-7.42021500e+00,1.23755500e+00,1.33034800e+00,1.60088900e+00,2.02345900e+00,2.54982700e+00,3.10727900e+00,3.60490800e+00,3.95052900e+00,4.07442700e+00,3.95052900e+00,3.60490800e+00,3.10727900e+00,2.54982700e+00,2.02345900e+00,1.60088900e+00,1.33034800e+00,1.23755500e+00
6.13660796e+05,-7.42979100e+00,1.24699000e+00,1.33869400e+00,1.60583300e+00,2.02244500e+00,2.54038600e+00,3.08780900e+00,3.57561000e+00,3.91395500e+00,4.03515900e+00,3.91395500e+00,3.57561000e+00,3.08780900e+00,2.54038600e+00,2.02244500e+00,1.60583300e+00,1.33869400e+00,1.24699000e+00
6.17660796e+05,-7.44005200e+00,1.25626100e+00,1.34687600e+00,1.61062600e+00,2.02134200e+00,2.53099800e+00,3.06861900e+00,3.54685800e+00,3.87814600e+00,3.99674100e+00,3.87814600e+00,3.54685800e+00,3.06861900e+00,2.53099800e+00,2.02134200e+00,1.61062600e+00,1.34687600e+00,1.25626100e+00
6.21660796e+05,-7.45082300e+00,1.26536900e+00,1.35489700e+00,1.61527200e+00,2.02015400e+00,2.52166600e+00,3.04970500e+00,3.51863900e+00,3.84307900e+00,3.95914600e+00,3.84307900e+00,3.51863900e+00,3.04970500e+00,2.52166600e+00,2.02015400e+00,1.61527200e+00,1.35489700e+00,1.26536900e+00
6.25660796e+05,-7.46194200e+00,1.27431500e+00,1.36275700e+00,1.61977600e+00,2.01888800e+00,2.51239400e+00,3.03106600e+00,3.49094000e+00,3.80873200e+00,3.92235000e+00,3.80873200e+00,3.49094000e+00,3.03106600e+00,2.51239400e+00,2.01888800e+00,1.61977600e+00,1.36275700e+00,1.27431500e+00
6.29660796e+05,-7.47326100e+00,1.28310100e+00,1.37045900e+00,1.62414000e+00,2.01754700e+00,2.50318400e+00,3.01269500e+00,3.46374800e+00,3.77508500e+00,3.88632700e+00,3.77508500e+00,3.46374800e+00,3.01269500e+00,2.50318400e+00,2.01754700e+00,1.62414000e+00,1.37045900e+00,1.28310100e+00
6.33660796e+05,-7.48465500e+00,1.29172800e+00,1.37800500e+00,1.62837000e+00,2.01613600e+00,2.49403700e+00,2.99459100e+00,3.43705100e+00,3.74211700e+00,3.85105400e+00,3.74211700e+00,3.43705100e+00,2.99459100e+00,2.49403700e+00,2.01613600e+00,1.62837000e+00,1.37800500e+00,1.29172800e+00
6.37660796e+05,-7.49602100e+00,1.30019800e+00,1.38539700e+00,1.63246800e+00,2.01465900e+00,2.48495700e+00,2.97674900e+00,3.41083700e+00,3.70980900e+00,3.81650900e+00,3.70980900e+00,3.41083700e+00,2.97674900e+00,2.48495700e+00,2.01465900e+00,1.63246800e+00,1.38539700e+00,1.30019800e+00
6.41660796e+05,-7.50727600e+00,1.30851100e+00,1.39263700e+00,1.63643700e+00,2.01312100e+00,2.47594500e+00,2.95916600e+00,3.38509400e+00,3.67814200e+00,3.78267100e+00,3.67814200e+00,3.38509400e+00,2.95916600e+00,2.47594500e+00,2.01312100e+00,1.63643700e+00,1.39263700e+00,1.30851100e+00
6.45660796e+05,-7.51835600e+00,1.31666900e+00,1.39972800e+00,1.64028100e+00,2.01152400e+00,2.46700300e+00,2.94183800e+00,3.35981100e+00,3.64709900e+00,3.74951900e+00,3.64709900e+00,3.35981100e+00,2.94183800e+00,2.46700300e+00,2.01152400e+00,1.64028100e+00,1.39972800e+00,1.31666900e+00
6.49660796e+05,-7.52921000e+00,1.32467400e+00,1.40667100e+00,1.64400400e+00,2.00987200e+00,2.45813200e+00,2.92476000e+00,3.33497800e+00,3.61666300e+00,3.71703300e+00,3.61666300e+00,3.33497800e+00,2.92476000e+00,2.45813200e+00,2.00987200e+00,1.64400400e+00,1.40667100e+00,1.32467400e+00
6.53660796e+05,-7.53980400e+00,1.33252800e+00,1.41346900e+00,1.64760800e+00,2.00816900e+00,2.44933300e+00,2.90793100e+00,3.31058300e+00,3.58681600e+00,3.68519500e+00,3.58681600e+00,3.31058300e+00,2.90793100e+00,2.44933300e+00,2.00816900e+00,1.64760800e+00,1.41346900e+00,1.33252800e+00
6.57660796e+05,-7.55011100e+00,1.34023200e+00,1.42012400e+00,1.65109700e+00,2.00641900e+00,2.44060900e+00,2.89134600e+00,3.28661800e+00,3.55754400e+00,3.65398600e+00,3.55754400e+00,3.28661800e+00,2.89134600e+00,2.44060900e+00,2.00641900e+00,1.65109700e+00,1.42012400e+00,1.34023200e+00
6.61660796e+05,-7.56011400e+00,1.34778800e+00,1.42663800e+00,1.65447400e+00,2.00462400e+00,2.43195900e+00,2.87500100e+00,3.26307100e+00,3.52883000e+00,3.62339000e+00,3.52883000e+00,3.26307100e+00,2.87500100e+00,2.43195900e+00,2.00462400e+00,1.65447400e+00,1.42663800e+00,1.34778800e+00
6.65660796e+05,-7.56980500e+00,1.35519800e+00,1.43301400e+00,1.65774100e+00,2.00278700e+00,2.42338500e+00,2.85889300e+00,3.23993500e+00,3.50066100e+00,3.59338800e+00,3.50066100e+00,3.23993500e+00,2.85889300e+00,2.42338500e+00,2.00278700e+00,1.65774100e+00,1.43301400e+00,1.35519800e+00
6.69660796e+05,-7.57917700e+00,1.36246400e+00,1.43925200e+00,1.66090200e+00,2.00091100e+00,2.41488700e+00,2.84301800e+00,3.21719800e+00,3.47302200e+00,3.56396600e+00,3.47302200e+00,3.21719800e+00,2.84301800e+00,2.41488700e+00,2.00091100e+00,1.66090200e+00,1.43925200e+00,1.36246400e+00
6.73660796e+05,-7.58421600e+00,1.36958700e+00,1.44535700e+00,1.66396000e+00,1.99899800e+00,2.40646700e+00,2.82737300e+00,3.19485300e+00,3.44589900e+00,3.53510800e+00,3.44589900e+00,3.19485300e+00,2.82737300e+00,2.40646700e+00,1.99899800e+00,1.66396000e+00,1.44535700e+00,1.36958700e+00
6.77660796e+05,-7.58891400e+00,1.37657000e+00,1.45133000e+00,1.66691700e+00,1.99705200e+00,2.39812500e+00,2.81195500e+00,3.17289100e+00,3.41928000e+00,3.50679900e+00,3.41928000e+00,3.17289100e+00,2.81195500e+00,2.39812500e+00,1.99705200e+00,1.66691700e+00,1.45133000e+00,1.37657000e+00
6.81660796e+05,-7.59334100e+00,1.38341400e+00,1.45717200e+00,1.66977600e+00,1.99507500e+00,2.38986100e+00,2.79676000e+00,3.15130300e+00,3.39315200e+00,3.47902500e+00,3.39315200e+00,3.15130300e+00,2.79676000e+00,2.38986100e+00,1.99507500e+00,1.66977600e+00,1.45717200e+00,1.38341400e+00
6.85660796e+05,-7.59750600e+00,1.39012100e+00,1.46288800e+00,1.67253900e+00,1.99306900e+00,2.38167600e+00,2.78178400e+00,3.13008200e+00,3.36750300e+00,3.45177100e+00,3.36750300e+00,3.13008200e+00,2.78178400e+00,2.38167600e+00,1.99306900e+00,1.67253900e+00,1.46288800e+00,1.39012100e+00
6.89660796e+05,-7.60142300e+00,1.39669400e+00,1.46847700e+00,1.67521000e+00,1.99103600e+00,2.37356900e+00,2.76702500e+00,3.10921800e+00,3.34232000e+00,3.42502500e+00,3.34232000e+00,3.10921800e+00,2.76702500e+00,2.37356900e+00,1.99103600e+00,1.67521000e+00,1.46847700e+00,1.39669400e+00
6.93660796e+05,-7.60511600e+00,1.40313500e+00,1.47394400e+00,1.67779000e+00,1.98897800e+00,2.36554300e+00,2.75247800e+00,3.08870600e+00,3.31759200e+00,3.39877400e+00,3.31759200e+00,3.08870600e+00,2.75247800e+00,2.36554300e+00,1.98897800e+00,1.67779000e+00,1.47394400e+00,1.40313500e+00
6.97660796e+05,-7.60861200e+00,1.40944400e+00,1.47929000e+00,1.68028300e+00,1.98689800e+00,2.35759500e+00,2.73814200e+00,3.06853600e+00,3.29330900e+00,3.37300500e+00,3.29330900e+00,3.06853600e+00,2.73814200e+00,2.35759500e+00,1.98689800e+00,1.68028300e+00,1.47929000e+00,1.40944400e+00
7.01660796e+05,-7.61195000e+00,1.41562500e+00,1.48451700e+00,1.68269000e+00,1.98479700e+00,2.34972700e+00,2.72401200e+00,3.04870300e+00,3.26946000e+00,3.34770600e+00,3.26946000e+00,3.04870300e+00,2.72401200e+00,2.34972700e+00,1.98479700e+00,1.68269000e+00,1.48451700e+00,1.41562500e+00
7.05660796e+05,-7.61517400e+00,1.42167900e+00,1.48962700e+00,1.68501300e+00,1.98267700e+00,2.34193900e+00,2.71008500e+00,3.02919800e+00,3.24603400e+00,3.32286600e+00,3.24603400e+00,3.02919800e+00,2.71008500e+00,2.34193900e+00,1.98267700e+00,1.68501300e+00,1.48962700e+00,1.42167900e+00
7.09660796e+05,-7.61834000e+00,1.42760900e+00,1.49462200e+00,1.68725600e+00,1.98054000e+00,2.33423000e+00,2.69635900e+00,3.01001600e+00,3.22302200e+00,3.29847400e+00,3.22302200e+00,3.01001600e+00,2.69635900e+00,2.33423000e+00,1.98054000e+00,1.68725600e+00,1.49462200e+00,1.42760900e+00
7.13660796e+05,-7.62151300e+00,1.43341600e+00,1.49950600e+00,1.68942000e+00,1.97838800e+00,2.32660100e+00,2.68283000e+00,2.99114900e+00,3.20041400e+00,3.27451900e+00,3.20041400e+00,2.99114900e+00,2.68283000e+00,2.32660100e+00,1.97838800e+00,1.68942000e+00,1.49950600e+00,1.43341600e+00
7.17660796e+05,-7.62476800e+00,1.43910300e+00,1.50427900e+00,1.69150700e+00,1.97622100e+00,2.31905100e+00,2.66949500e+00,2.97259000e+00,3.17820000e+00,3.25099000e+00,3.17820000e+00,2.97259000e+00,2.66949500e+00,2.31905100e+00,1.97622100e+00,1.69150700e+00,1.50427900e+00,1.43910300e+00
7.21660796e+05,-7.62819100e+00,1.44467100e+00,1.50894300e+00,1.69352000e+00,1.97404200e+00,2.31158000e+00,2.65635100e+00,2.95433400e+00,3.15637300e+00,3.22787800e+00,3.15637300e+00,2.95433400e+00,2.65635100e+00,2.31158000e+00,1.97404200e+00,1.69352000e+00,1.50894300e+00,1.44467100e+00
7.25660796e+05,-7.63187700e+00,1.45012200e+00,1.51350200e+00,1.69546000e+00,1.97185200e+00,2.30418800e+00,2.64339500e+00,2.93637500e+00,3.13492200e+00,3.20517300e+00,3.13492200e+00,2.93637500e+00,2.64339500e+00,2.30418800e+00,1.97185200e+00,1.69546000e+00,1.51350200e+00,1.45012200e+00
7.29660796e+05,-7.63593200e+00,1.45545900e+00,1.51795600e+00,1.69733000e+00,1.96965300e+00,2.29687500e+00,2.63062500e+00,2.91870600e+00,3.11383900e+00,3.18286500e+00,3.11383900e+00,2.91870600e+00,2.63062500e+00,2.29687500e+00,1.96965300e+00,1.69733000e+00,1.51795600e+00,1.45545900e+00
7.33660796e+05,-7.64046700e+00,1.46068300e+00,1.52230900e+00,1.69913100e+00,1.96744400e+00,2.28964000e+00,2.61803700e+00,2.90132200e+00,3.09311700e+00,3.16094500e+00,3.09311700e+00,2.90132200e+00,2.61803700e+00,2.28964000e+00,1.96744400e+00,1.69913100e+00,1.52230900e+00,1.46068300e+00
7.37660796e+05,-7.64560100e+00,1.46579600e+00,1.52656100e+00,1.70086600e+00,1.96522900e+00,2.28248300e+00,2.60562800e+00,2.88421700e+00,3.07274700e+00,3.13940500e+00,3.07274700e+00,2.88421700e+00,2.60562800e+00,2.28248300e+00,1.96522900e+00,1.70086600e+00,1.52656100e+00,1.46579600e+00
7.41660796e+05,-7.65144900e+00,1.47080100e+00,1.53071500e+00,1.70253500e+00,1.96300800e+00,2.27540300e+00,2.59339700e+00,2.86738600e+00,3.05272200e+00,3.11823500e+00,3.05272200e+00,2.86738600e+00,2.59339700e+00,2.27540300e+00,1.96300800e+00,1.70253500e+00,1.53071500e+00,1.47080100e+00
7.45660796e+05,-7.64752600e+00,1.47569900e+00,1.53477300e+00,1.70414200e+00,1.96078200e+00,2.26840100e+00,2.58133900e+00,2.85082200e+00,3.03303400e+00,3.09742800e+00,3.03303400e+00,2.85082200e+00,2.58133900e+00,2.26840100e+00,1.96078200e+00,1.70414200e+00,1.53477300e+00,1.47569900e+00
7.49660796e+05,-7.64318600e+00,1.48049200e+00,1.53873700e+00,1.70568700e+00,1.95855100e+00,2.26147500e+00,2.56945300e+00,2.83452200e+00,3.01367600e+00,3.07697600e+00,3.01367600e+00,2.83452200e+00,2.56945300e+00,2.26147500e+00,1.95855100e+00,1.70568700e+00,1.53873700e+00,1.48049200e+00
7.53660796e+05,-7.63972800e+00,1.48518200e+00,1.54260800e+00,1.70717300e+00,1.95631900e+00,2.25462500e+00,2.55773600e+00,2.81847900e+00,2.99464100e+00,3.05687100e+00,2.99464100e+00,2.81847900e+00,2.55773600e+00,2.25462500e+00,1.95631900e+00,1.70717300e+00,1.54260800e+00,1.48518200e+00
7.57660796e+05,-7.63712800e+00,1.48977200e+00,1.54638900e+00,1.70860000e+00,1.95408400e+00,2.24785200e+00,2.54618500e+00,2.80268900e+00,2.97592200e+00,3.03710500e+00,2.97592200e+00,2.80268900e+00,2.54618500e+00,2.24785200e+00,1.95408400e+00,1.70860000e+00,1.54638900e+00,1.48977200e+00
7.61660796e+05,-7.63535800e+00,1.49426200e+00,1.55008100e+00,1.70997200e+00,1.95184800e+00,2.24115400e+00,2.53479700e+00,2.78714800e+00,2.95751300e+00,3.01767000e+00,2.95751300e+00,2.78714800e+00,2.53479700e+00,2.24115400e+00,1.95184800e+00,1.70997200e+00,1.55008100e+00,1.49426200e+00
7.65660796e+05,-7.63438800e+00,1.49865500e+00,1.55368600e+00,1.71128800e+00,1.94961200e+00,2.23453000e+00,2.52357100e+00,2.77184900e+00,2.93940600e+00,2.99856100e+00,2.93940600e+00,2.77184900e+00,2.52357100e+00,2.23453000e+00,1.94961200e+00,1.71128800e+00,1.55368600e+00,1.49865500e+00
7.69660796e+05,-7.63418400e+00,1.50295200e+00,1.55720600e+00,1.71255200e+00,1.94737700e+00,2.22798100e+00,2.51250300e+00,2.75679000e+00,2.92159600e+00,2.97976900e+00,2.92159600e+00,2.75679000e+00,2.51250300e+00,2.22798100e+00,1.94737700e+00,1.71255200e+00,1.55720600e+00,1.50295200e+00
7.73660796e+05,-7.63470800e+00,1.50715600e+00,1.56064300e+00,1.71376300e+00,1.94514400e+00,2.22150500e+00,2.50159200e+00,2.74196400e+00,2.90407700e+00,2.96128900e+00,2.90407700e+00,2.74196400e+00,2.50159200e+00,2.22150500e+00,1.94514400e+00,1.71376300e+00,1.56064300e+00,1.50715600e+00
7.77660796e+05,-7.63592000e+00,1.51126800e+00,1.56399800e+00,1.71492500e+00,1.94291200e+00,2.21510300e+00,2.49083400e+00,2.72736800e+00,2.88684200e+00,2.94311300e+00,2.88684200e+00,2.72736800e+00,2.49083400e+00,2.21510300e+00,1.94291200e+00,1.71492500e+00,1.56399800e+00,1.51126800e+00
7.81660796e+05,-7.63777600e+00,1.51529000e+00,1.56727400e+00,1.71603700e+00,1.94068400e+00,2.20877300e+00,2.48022700e+00,2.71299800e+00,2.86988600e+00,2.92523600e+00,2.86988600e+00,2.71299800e+00,2.48022700e+00,2.20877300e+00,1.94068400e+00,1.71603700e+00,1.56727400e+00,1.51529000e+00
7.85660796e+05,-7.64022800e+00,1.51922300e+00,1.57047100e+00,1.71710300e+00,1.93846000e+00,2.20251500e+00,2.46977000e+00,2.69885000e+00,2.85320400e+00,2.90765100e+00,2.85320400e+00,2.69885000e+00,2.46977000e+00,2.20251500e+00,1.93846000e+00,1.71710300e+00,1.57047100e+00,1.51922300e+00
7.89660796e+05,-7.64322700e+00,1.52307000e+00,1.57359200e+00,1.71812200e+00,1.93623900e+00,2.19632900e+00,2.45945900e+00,2.68491800e+00,2.83678900e+00,2.89035200e+00,2.83678900e+00,2.68491800e+00,2.45945900e+00,2.19632900e+00,1.93623900e+00,1.71812200e+00,1.57359200e+00,1.52307000e+00
7.93660796e+05,-7.64672200e+00,1.52683200e+00,1.57663800e+00,1.71909600e+00,1.93402400e+00,2.19021300e+00,2.44929300e+00,2.67120000e+00,2.82063700e+00,2.87333400e+00,2.82063700e+00,2.67120000e+00,2.44929300e+00,2.19021300e+00,1.93402400e+00,1.71909600e+00,1.57663800e+00,1.52683200e+00
7.97660796e+05,-7.65066300e+00,1.53051100e+00,1.57961100e+00,1.72002700e+00,1.93181400e+00,2.18416700e+00,2.43926900e+00,2.65769200e+00,2.80474200e+00,2.85659000e+00,2.80474200e+00,2.65769200e+00,2.43926900e+00,2.18416700e+00,1.93181400e+00,1.72002700e+00,1.57961100e+00,1.53051100e+00
8.01660796e+05,-7.65499900e+00,1.53410900e+00,1.58251200e+00,1.72091500e+00,1.92961000e+00,2.17819100e+00,2.42938600e+00,2.64438900e+00,2.78910000e+00,2.84011600e+00,2.78910000e+00,2.64438900e+00,2.42938600e+00,2.17819100e+00,1.92961000e+00,1.72091500e+00,1.58251200e+00,1.53410900e+00
8.05660796e+05,-7.65968100e+00,1.53762600e+00,1.58534300e+00,1.72176300e+00,1.92741300e+00,2.17228400e+00,2.41964000e+00,2.63128700e+00,2.77370500e+00,2.82390500e+00,2.77370500e+00,2.63128700e+00,2.41964000e+00,2.17228400e+00,1.92741300e+00,1.72176300e+00,1.58534300e+00,1.53762600e+00
8.09660796e+05,-7.66395700e+00,1.54106600e+00,1.58810500e+00,1.72257000e+00,1.92522300e+00,2.16644600e+00,2.41003000e+00,2.61838500e+00,2.75855200e+00,2.80795300e+00,2.75855200e+00,2.61838500e+00,2.41003000e+00,2.16644600e+00,1.92522300e+00,1.72257000e+00,1.58810500e+00,1.54106600e+00
8.13660796e+05,-7.66277100e+00,1.54442800e+00,1.59080000e+00,1.72333900e+00,1.92304000e+00,2.16067400e+00,2.40055400e+00,2.60567700e+00,2.74363800e+00,2.79225500e+00,2.74363800e+00,2.60567700e+00,2.40055400e+00,2.16067400e+00,1.92304000e+00,1.72333900e+00,1.59080000e+00,1.54442800e+00
8.17660796e+05,-7.66158200e+00,1.54771600e+00,1.59342900e+00,1.72407100e+00,1.92086600e+00,2.15497000e+00,2.39121000e+00,2.59316000e+00,2.72895700e+00,2.77680600e+00,2.72895700e+00,2.59316000e+00,2.39121000e+00,2.15497000e+00,1.92086600e+00,1.72407100e+00,1.59342900e+00,1.54771600e+00
8.21660796e+05,-7.66038900e+00,1.55093000e+00,1.59599400e+00,1.72476600e+00,1.91869900e+00,2.14933200e+00,2.38199600e+00,2.58083100e+00,2.71450500e+00,2.76160000e+00,2.71450500e+00,2.58083100e+00,2.38199600e+00,2.14933200e+00,1.91869900e+00,1.72476600e+00,1.59599400e+00,1.55093000e+00
8.25660796e+05,-7.65919300e+00,1.55407100e+00,1.59849600e+00,1.72542500e+00,1.91654200e+00,2.14376000e+00,2.37290900e+00,2.56868700e+00,2.70027800e+00,2.74663300e+00,2.70027800e+00,2.56868700e+00,2.37290900e+00,2.14376000e+00,1.91654200e+00,1.72542500e+00,1.59849600e+00,1.55407100e+00
8.29660796e+05,-7.65799600e+00,1.55714300e+00,1.60093700e+00,1.72605100e+00,1.91439400e+00,2.13825300e+00,2.36394900e+00,2.55672400e+00,2.68627100e+00,2.73190100e+00,2.68627100e+00,2.55672400e+00,2.36394900e+00,2.13825300e+00,1.91439400e+00,1.72605100e+00,1.60093700e+00,1.55714300e+00
8.33660796e+05,-7.65679900e+00,1.56014500e+00,1.60331800e+00,1.72664300e+00,1.91225500e+00,2.13281100e+00,2.35511200e+00,2.54494000e+00,2.67248000e+00,2.71739900e+00,2.67248000e+00,2.54494000e+00,2.35511200e+00,2.13281100e+00,1.91225500e+00,1.72664300e+00,1.60331800e+00,1.56014500e+00
8.37660796e+05,-7.65560400e+00,1.56307900e+00,1.60564000e+00,1.72720200e+00,1.91012600e+00,2.12743200e+00,2.34639800e+00,2.53333000e+00,2.65890200e+00,2.70312300e+00,2.65890200e+00,2.53333000e+00,2.34639800e+00,2.12743200e+00,1.91012600e+00,1.72720200e+00,1.60564000e+00,1.56307900e+00
8.41660796e+05,-7.65441400e+00,1.56594700e+00,1.60790500e+00,1.72773100e+00,1.90800800e+00,2.12211600e+00,2.33780400e+00,2.52189300e+00,2.64553200e+00,2.68906900e+00,2.64553200e+00,2.52189300e+00,2.33780400e+00,2.12211600e+00,1.90800800e+00,1.72773100e+00,1.60790500e+00,1.56594700e+00
8.45660796e+05,-7.65323100e+00,1.56875000e+00,1.61011300e+00,1.72822900e+00,1.90590000e+00,2.11686300e+00,2.32932800e+00,2.51062500e+00,2.63236700e+00,2.67523100e+00,2.63236700e+00,2.51062500e+00,2.32932800e+00,2.11686300e+00,1.90590000e+00,1.72822900e+00,1.61011300e+00,1.56875000e+00
8.49660796e+05,-7.65205900e+00,1.57149000e+00,1.61226700e+00,1.72869700e+00,1.90380300e+00,2.11167100e+00,2.32096900e+00,2.49952300e+00,2.61940200e+00,2.66160700e+00,2.61940200e+00,2.49952300e+00,2.32096900e+00,2.11167100e+00,1.90380300e+00,1.72869700e+00,1.61226700e+00,1.57149000e+00
8.53660796e+05,-7.64980300e+00,1.57416800e+00,1.61436700e+00,1.72913700e+00,1.90171600e+00,2.10654100e+00,2.31272500e+00,2.48858400e+00,2.60663500e+00,2.64819300e+00,2.60663500e+00,2.48858400e+00,2.31272500e+00,2.10654100e+00,1.90171600e+00,1.72913700e+00,1.61436700e+00,1.57416800e+00
8.57660796e+05,-7.64753700e+00,1.57678400e+00,1.61641400e+00,1.72954900e+00,1.89964200e+00,2.10147200e+00,2.30459400e+00,2.47780600e+00,2.59406100e+00,2.63498300e+00,2.59406100e+00,2.47780600e+00,2.30459400e+00,2.10147200e+00,1.89964200e+00,1.72954900e+00,1.61641400e+00,1.57678400e+00
8.61660796e+05,-7.64531700e+00,1.57934100e+00,1.61841000e+00,1.72993500e+00,1.89757800e+00,2.09646200e+00,2.29657500e+00,2.46718600e+00,2.58167800e+00,2.62197600e+00,2.58167800e+00,2.46718600e+00,2.29657500e+00,2.09646200e+00,1.89757800e+00,1.72993500e+00,1.61841000e+00,1.57934100e+00
8.65660796e+05,-7.64314500e+00,1.58184000e+00,1.62035600e+00,1.73029400e+00,1.89552700e+00,2.09151100e+00,2.28866500e+00,2.45672100e+00,2.56948100e+00,2.60916700e+00,2.56948100e+00,2.45672100e+00,2.28866500e+00,2.09151100e+00,1.89552700e+00,1.73029400e+00,1.62035600e+00,1.58184000e+00
8.69660796e+05,-7.64102700e+00,1.58428200e+00,1.62225400e+00,1.73062800e+00,1.89348700e+00,2.08662000e+00,2.28086400e+00,2.44640900e+00,2.55746800e+00,2.59655200e+00,2.55746800e+00,2.44640900e+00,2.28086400e+00,2.08662000e+00,1.89348700e+00,1.73062800e+00,1.62225400e+00,1.58428200e+00
8.73660796e+05,-7.63896600e+00,1.58666800e+00,1.62410300e+00,1.73093800e+00,1.89146000e+00,2.08178600e+00,2.27316900e+00,2.43624600e+00,2.54563500e+00,2.58412800e+00,2.54563500e+00,2.43624600e+00,2.27316900e+00,2.08178600e+00,1.89146000e+00,1.73093800e+00,1.62410300e+00,1.58666800e+00
8.77660796e+05,-7.63696900e+00,1.58900000e+00,1.62590600e+00,1.73122400e+00,1.88944500e+00,2.07700900e+00,2.26558000e+00,2.42623100e+00,2.53397900e+00,2.57189200e+00,2.53397900e+00,2.42623100e+00,2.26558000e+00,2.07700900e+00,1.88944500e+00,1.73122400e+00,1.62590600e+00,1.58900000e+00
8.81660796e+05,-7.63504200e+00,1.59127800e+00,1.62766300e+00,1.73148600e+00,1.88744300e+00,2.07228900e+00,2.25809400e+00,2.41636200e+00,2.52249700e+00,2.55984000e+00,2.52249700e+00,2.41636200e+00,2.25809400e+00,2.07228900e+00,1.88744300e+00,1.73148600e+00,1.62766300e+00,1.59127800e+00
8.85660796e+05,-7.63319600e+00,1.59350300e+00,1.62937500e+00,1.73172700e+00,1.88545300e+00,2.06762600e+00,2.25071000e+00,2.40663500e+00,2.51118600e+00,2.54796900e+00,2.51118600e+00,2.40663500e+00,2.25071000e+00,2.06762600e+00,1.88545300e+00,1.73172700e+00,1.62937500e+00,1.59350300e+00
8.89660796e+05,-7.63144200e+00,1.59567800e+00,1.63104400e+00,1.73194700e+00,1.88347600e+00,2.06301800e+00,2.24342600e+00,2.39704800e+00,2.50004300e+00,2.53627500e+00,2.50004300e+00,2.39704800e+00,2.24342600e+00,2.06301800e+00,1.88347600e+00,1.73194700e+00,1.63104400e+00,1.59567800e+00
8.93660796e+05,-7.62979500e+00,1.59780300e+00,1.63267100e+00,1.73214500e+00,1.88151200e+00,2.05846500e+00,2.23624100e+00,2.38759900e+00,2.48906400e+00,2.52475700e+00,2.48906400e+00,2.38759900e+00,2.23624100e+00,2.05846500e+00,1.88151200e+00,1.73214500e+00,1.63267100e+00,1.59780300e+00
8.97660796e+05,-7.62827400e+00,1.59987900e+00,1.63425600e+00,1.73232300e+00,1.87956200e+00,2.05396600e+00,2.22915400e+00,2.37828600e+00,2.47824800e+00,2.51341000e+00,2.47824800e+00,2.37828600e+00,2.22915400e+00,2.05396600e+00,1.87956200e+00,1.73232300e+00,1.63425600e+00,1.59987900e+00
9.01660796e+05,-7.62690100e+00,1.60190600e+00,1.63580000e+00,1.73248200e+00,1.87762400e+00,2.04952000e+00,2.22216300e+00,2.36910700e+00,2.46759100e+00,2.50223100e+00,2.46759100e+00,2.36910700e+00,2.22216300e+00,2.04952000e+00,1.87762400e+00,1.73248200e+00,1.63580000e+00,1.60190600e+00
9.05660796e+05,-7.62570500e+00,1.60388800e+00,1.63730500e+00,1.73262200e+00,1.87570000e+00,2.04512800e+00,2.21526600e+00,2.36005900e+00,2.45709100e+00,2.49121900e+00,2.45709100e+00,2.36005900e+00,2.21526600e+00,2.04512800e+00,1.87570000e+00,1.73262200e+00,1.63730500e+00,1.60388800e+00
9.09660796e+05,-7.62471900e+00,1.60582300e+00,1.63877100e+00,1.73274400e+00,1.87379000e+00,2.04078800e+00,2.20846300e+00,2.35114000e+00,2.44674500e+00,2.48036900e+00,2.44674500e+00,2.35114000e+00,2.20846300e+00,2.04078800e+00,1.87379000e+00,1.73274400e+00,1.63877100e+00,1.60582300e+00
9.13660796e+05,-7.62398400e+00,1.60771400e+00,1.64019900e+00,1.73284800e+00,1.87189300e+00,2.03650100e+00,2.20175200e+00,2.34234900e+00,2.43655000e+00,2.46967900e+00,2.43655000e+00,2.34234900e+00,2.20175200e+00,2.03650100e+00,1.87189300e+00,1.73284800e+00,1.64019900e+00,1.60771400e+00
9.17660796e+05,-7.62354900e+00,1.60956100e+00,1.64159000e+00,1.73293500e+00,1.87000900e+00,2.03226400e+00,2.19513100e+00,2.33368200e+00,2.42650400e+00,2.45914600e+00,2.42650400e+00,2.33368200e+00,2.19513100e+00,2.03226400e+00,1.87000900e+00,1.73293500e+00,1.64159000e+00,1.60956100e+00
9.21660796e+05,-7.62347200e+00,1.61136500e+00,1.64294500e+00,1.73300600e+00,1.86813900e+00,2.02807800e+00,2.18859900e+00,2.32513900e+00,2.41660500e+00,2.44876800e+00,2.41660500e+00,2.32513900e+00,2.18859900e+00,2.02807800e+00,1.86813900e+00,1.73300600e+00,1.64294500e+00,1.61136500e+00
9.25660796e+05,-7.62382000e+00,1.61312700e+00,1.64426500e+00,1.73306000e+00,1.86628300e+00,2.02394200e+00,2.18215600e+00,2.31671600e+00,2.40684900e+00,2.43854200e+00,2.40684900e+00,2.31671600e+00,2.18215600e+00,2.02394200e+00,1.86628300e+00,1.73306000e+00,1.64426500e+00,1.61312700e+00
9.29660796e+05,-7.62466900e+00,1.61484800e+00,1.64555100e+00,1.73310000e+00,1.86444100e+00,2.01985600e+00,2.17579900e+00,2.30841300e+00,2.39723500e+00,2.42846500e+00,2.39723500e+00,2.30841300e+00,2.17579900e+00,2.01985600e+00,1.86444100e+00,1.73310000e+00,1.64555100e+00,1.61484800e+00
9.33660796e+05,-7.62610800e+00,1.61653000e+00,1.64680300e+00,1.73312400e+00,1.86261300e+00,2.01581900e+00,2.16952700e+00,2.30022700e+00,2.38776000e+00,2.41853500e+00,2.38776000e+00,2.30022700e+00,2.16952700e+00,2.01581900e+00,1.86261300e+00,1.73312400e+00,1.64680300e+00,1.61653000e+00
9.37660796e+05,-7.62823400e+00,1.61817200e+00,1.64802300e+00,1.73313400e+00,1.86079900e+00,2.01183000e+00,2.16333900e+00,2.29215700e+00,2.37842100e+00,2.40875000e+00,2.37842100e+00,2.29215700e+00,2.16333900e+00,2.01183000e+00,1.86079900e+00,1.73313400e+00,1.64802300e+00,1.61817200e+00
9.41660796e+05,-7.63115100e+00,1.61977600e+00,1.64921000e+00,1.73313100e+00,1.85899800e+00,2.00788900e+00,2.15723500e+00,2.28420000e+00,2.36921800e+00,2.39910600e+00,2.36921800e+00,2.28420000e+00,2.15723500e+00,2.00788900e+00,1.85899800e+00,1.73313100e+00,1.64921000e+00,1.61977600e+00
9.45660796e+05,-7.63497000e+00,1.62134300e+00,1.65036700e+00,1.73311400e+00,1.85721200e+00,2.00399600e+00,2.15121200e+00,2.27635500e+00,2.36014600e+00,2.38960300e+00,2.36014600e+00,2.27635500e+00,2.15121200e+00,2.00399600e+00,1.85721200e+00,1.73311400e+00,1.65036700e+00,1.62134300e+00
9.49660796e+05,-7.63980500e+00,1.62287300e+00,1.65149300e+00,1.73308400e+00,1.85544000e+00,2.00014900e+00,2.14527000e+00,2.26862000e+00,2.35120500e+00,2.38023600e+00,2.35120500e+00,2.26862000e+00,2.14527000e+00,2.00014900e+00,1.85544000e+00,1.73308400e+00,1.65149300e+00,1.62287300e+00
9.53660796e+05,-7.64576200e+00,1.62436800e+00,1.65258900e+00,1.73304100e+00,1.85368200e+00,1.99634800e+00,2.13940700e+00,2.26099300e+00,2.34239200e+00,2.37100500e+00,2.34239200e+00,2.26099300e+00,2.13940700e+00,1.99634800e+00,1.85368200e+00,1.73304100e+00,1.65258900e+00,1.62436800e+00
9.57660796e+05,-7.65294100e+00,1.62582700e+00,1.65365600e+00,1.73298700e+00,1.85193700e+00,1.99259300e+00,2.13362300e+00,2.25347300e+00,2.33370500e+00,2.36190700e+00,2.33370500e+00,2.25347300e+00,2.13362300e+00,1.99259300e+00,1.85193700e+00,1.73298700e+00,1.65365600e+00,1.62582700e+00
9.61660796e+05,-7.66142000e+00,1.62725300e+00,1.65469500e+00,1.73292100e+00,1.85020700e+00,1.98888400e+00,2.12791500e+00,2.24605800e+00,2.32514200e+00,2.35293900e+00,2.32514200e+00,2.24605800e+00,2.12791500e+00,1.98888400e+00,1.85020700e+00,1.73292100e+00,1.65469500e+00,1.62725300e+00
9.65660796e+05,-7.67125400e+00,1.62864500e+00,1.65570700e+00,1.73284400e+00,1.84849100e+00,1.98521900e+00,2.12228400e+00,2.23874700e+00,2.31670000e+00,2.34410000e+00,2.31670000e+00,2.23874700e+00,2.12228400e+00,1.98521900e+00,1.84849100e+00,1.73284400e+00,1.65570700e+00,1.62864500e+00
9.69660796e+05,-7.68246300e+00,1.63000500e+00,1.65669100e+00,1.73275700e+00,1.84678900e+00,1.98159800e+00,2.11672700e+00,2.23153700e+00,2.30837900e+00,2.33538700e+00,2.30837900e+00,2.23153700e+00,2.11672700e+00,1.98159800e+00,1.84678900e+00,1.73275700e+00,1.65669100e+00,1.63000500e+00
9.73660796e+05,-7.69502800e+00,1.63133300e+00,1.65764900e+00,1.73265900e+00,1.84510200e+00,1.97802000e+00,2.11124500e+00,2.22442700e+00,2.30017600e+00,2.32679800e+00,2.30017600e+00,2.22442700e+00,2.11124500e+00,1.97802000e+00,1.84510200e+00,1.73265900e+00,1.65764900e+00,1.63133300e+00
9.77660796e+05,-7.70889000e+00,1.63262900e+00,1.65858200e+00,1.73255100e+00,1.84342800e+00,1.97448600e+00,2.10583500e+00,2.21741600e+00,2.29208800e+00,2.31833200e+00,2.29208800e+00,2.21741600e+00,2.10583500e+00,1.97448600e+00,1.84342800e+00,1.73255100e+00,1.65858200e+00,1.63262900e+00
9.81660796e+05,-7.72394800e+00,1.63389600e+00,1.65948900e+00,1.73243300e+00,1.84176800e+00,1.97099400e+00,2.10049700e+00,2.21050200e+00,2.28411600e+00,2.30998700e+00,2.28411600e+00,2.21050200e+00,2.10049700e+00,1.97099400e+00,1.84176800e+00,1.73243300e+00,1.65948900e+00,1.63389600e+00
9.85660796e+05,-7.73233600e+00,1.63513200e+00,1.66037200e+00,1.73230700e+00,1.84012300e+00,1.96754400e+00,2.09523000e+00,2.20368300e+00,2.27625500e+00,2.30175900e+00,2.27625500e+00,2.20368300e+00,2.09523000e+00,1.96754400e+00,1.84012300e+00,1.73230700e+00,1.66037200e+00,1.63513200e+00
9.89660796e+05,-7.73272000e+00,1.63634000e+00,1.66123200e+00,1.73217100e+00,1.83849100e+00,1.96413600e+00,2.09003200e+00,2.19695900e+00,2.26850600e+00,2.29364900e+00,2.26850600e+00,2.19695900e+00,2.09003200e+00,1.96413600e+00,1.83849100e+00,1.73217100e+00,1.66123200e+00,1.63634000e+00
9.93660796e+05,-7.73317000e+00,1.63751900e+00,1.66206800e+00,1.73202800e+00,1.83687300e+00,1.96076900e+00,2.08490300e+00,2.19032700e+00,2.26086500e+00,2.28565300e+00,2.26086500e+00,2.19032700e+00,2.08490300e+00,1.96076900e+00,1.83687300e+00,1.73202800e+00,1.66206800e+00,1.63751900e+00
9.97660796e+05,-7.73367400e+00,1.63867100e+00,1.66288100e+00,1.73187600e+00,1.83527000e+00,1.95744200e+00,2.07984200e+00,2.18378700e+00,2.25333200e+00,2.27777000e+00,2.25333200e+00,2.18378700e+00,2.07984200e+00,1.95744200e+00,1.83527000e+00,1.73187600e+00,1.66288100e+00,1.63867100e+00
1.00166080e+06,-7.73421900e+00,1.63979500e+00,1.66367200e+00,1.73171600e+00,1.83368000e+00,1.95415600e+00,2.07484800e+00,2.17733600e+00,2.24590400e+00,2.26999800e+00,2.24590400e+00,2.17733600e+00,2.07484800e+00,1.95415600e+00,1.83368000e+00,1.73171600e+00,1.66367200e+00,1.63979500e+00
1.00566080e+06,-7.73479200e+00,1.64089300e+00,1.66444200e+00,1.73154900e+00,1.83210400e+00,1.95090900e+00,2.06992000e+00,2.17097500e+00,2.23858000e+00,2.26233500e+00,2.23858000e+00,2.17097500e+00,2.06992000e+00,1.95090900e+00,1.83210400e+00,1.73154900e+00,1.66444200e+00,1.64089300e+00
1.00966080e+06,-7.73537700e+00,1.64196500e+00,1.66519100e+00,1.73137400e+00,1.83054300e+00,1.94770100e+00,2.06505700e+00,2.16470000e+00,2.23135800e+00,2.25478000e+00,2.23135800e+00,2.16470000e+00,2.06505700e+00,1.94770100e+00,1.83054300e+00,1.73137400e+00,1.66519100e+00,1.64196500e+00
1.01366080e+06,-7.73595900e+00,1.64301200e+00,1.66591900e+00,1.73119300e+00,1.82899500e+00,1.94453200e+00,2.06025700e+00,2.15851100e+00,2.22423700e+00,2.24733100e+00,2.22423700e+00,2.15851100e+00,2.06025700e+00,1.94453200e+00,1.82899500e+00,1.73119300e+00,1.66591900e+00,1.64301200e+00
1.01766080e+06,-7.73652300e+00,1.64403500e+00,1.66662700e+00,1.73100500e+00,1.82746000e+00,1.94140200e+00,2.05552100e+00,2.15240700e+00,2.21721500e+00,2.23998700e+00,2.21721500e+00,2.15240700e+00,2.05552100e+00,1.94140200e+00,1.82746000e+00,1.73100500e+00,1.66662700e+00,1.64403500e+00
1.02166080e+06,-7.73705700e+00,1.64503300e+00,1.66731600e+00,1.73081100e+00,1.82594000e+00,1.93830900e+00,2.05084700e+00,2.14638600e+00,2.21029100e+00,2.23274400e+00,2.21029100e+00,2.14638600e+00,2.05084700e+00,1.93830900e+00,1.82594000e+00,1.73081100e+00,1.66731600e+00,1.64503300e+00
1.02566080e+06,-7.73754700e+00,1.64600700e+00,1.66798600e+00,1.73061100e+00,1.82443300e+00,1.93525300e+00,2.04623500e+00,2.14044700e+00,2.20346300e+00,2.22560300e+00,2.20346300e+00,2.14044700e+00,2.04623500e+00,1.93525300e+00,1.82443300e+00,1.73061100e+00,1.66798600e+00,1.64600700e+00
1.02966080e+06,-7.73798200e+00,1.64695900e+00,1.66863700e+00,1.73040500e+00,1.82294000e+00,1.93223500e+00,2.04168300e+00,2.13459000e+00,2.19672900e+00,2.21856200e+00,2.19672900e+00,2.13459000e+00,2.04168300e+00,1.93223500e+00,1.82294000e+00,1.73040500e+00,1.66863700e+00,1.64695900e+00
1.03366080e+06,-7.73835300e+00,1.64788800e+00,1.66927000e+00,1.73019400e+00,1.82146100e+00,1.92925200e+00,2.03719100e+00,2.12881100e+00,2.19008900e+00,2.21161800e+00,2.19008900e+00,2.12881100e+00,2.03719100e+00,1.92925200e+00,1.82146100e+00,1.73019400e+00,1.66927000e+00,1.64788800e+00
1.03766080e+06,-7.73865300e+00,1.64879500e+00,1.66988600e+00,1.72997800e+00,1.81999500e+00,1.92630600e+00,2.03275700e+00,2.12311200e+00,2.18354000e+00,2.20477100e+00,2.18354000e+00,2.12311200e+00,2.03275700e+00,1.92630600e+00,1.81999500e+00,1.72997800e+00,1.66988600e+00,1.64879500e+00
1.04166080e+06,-7.73887700e+00,1.64968100e+00,1.67048400e+00,1.72975600e+00,1.81854200e+00,1.92339600e+00,2.02838200e+00,2.11748900e+00,2.17708200e+00,2.19801800e+00,2.17708200e+00,2.11748900e+00,2.02838200e+00,1.92339600e+00,1.81854200e+00,1.72975600e+00,1.67048400e+00,1.64968100e+00
1.04566080e+06,-7.73902200e+00,1.65054600e+00,1.67106600e+00,1.72953000e+00,1.81710300e+00,1.92052000e+00,2.02406400e+00,2.11194300e+00,2.17071200e+00,2.19135900e+00,2.17071200e+00,2.11194300e+00,2.02406400e+00,1.92052000e+00,1.81710300e+00,1.72953000e+00,1.67106600e+00,1.65054600e+00
1.04966080e+06,-7.73908600e+00,1.65139000e+00,1.67163100e+00,1.72929900e+00,1.81567800e+00,1.91768000e+00,2.01980200e+00,2.10647100e+00,2.16443000e+00,2.18479200e+00,2.16443000e+00,2.10647100e+00,2.01980200e+00,1.91768000e+00,1.81567800e+00,1.72929900e+00,1.67163100e+00,1.65139000e+00
1.05366080e+06,-7.73907200e+00,1.65221400e+00,1.67218000e+00,1.72906400e+00,1.81426500e+00,1.91487300e+00,2.01559600e+00,2.10107400e+00,2.15823500e+00,2.17831600e+00,2.15823500e+00,2.10107400e+00,2.01559600e+00,1.91487300e+00,1.81426500e+00,1.72906400e+00,1.67218000e+00,1.65221400e+00
1.05766080e+06,-7.73898300e+00,1.65301900e+00,1.67271400e+00,1.72882500e+00,1.81286600e+00,1.91210100e+00,2.01144400e+00,2.09575000e+00,2.15212400e+00,2.17192900e+00,2.15212400e+00,2.09575000e+00,2.01144400e+00,1.91210100e+00,1.81286600e+00,1.72882500e+00,1.67271400e+00,1.65301900e+00
1.06166080e+06,-7.73882600e+00,1.65380500e+00,1.67323300e+00,1.72858200e+00,1.81148000e+00,1.90936200e+00,2.00734700e+00,2.09049700e+00,2.14609700e+00,2.16563000e+00,2.14609700e+00,2.09049700e+00,2.00734700e+00,1.90936200e+00,1.81148000e+00,1.72858200e+00,1.67323300e+00,1.65380500e+00
1.06566080e+06,-7.73861000e+00,1.65457200e+00,1.67373700e+00,1.72833600e+00,1.81010800e+00,1.90665600e+00,2.00330300e+00,2.08531500e+00,2.14015300e+00,2.15941700e+00,2.14015300e+00,2.08531500e+00,2.00330300e+00,1.90665600e+00,1.81010800e+00,1.72833600e+00,1.67373700e+00,1.65457200e+00
1.06966080e+06,-7.73834700e+00,1.65532100e+00,1.67422700e+00,1.72808600e+00,1.80874800e+00,1.90398300e+00,1.99931200e+00,2.08020200e+00,2.13428900e+00,2.15328900e+00,2.13428900e+00,2.08020200e+00,1.99931200e+00,1.90398300e+00,1.80874800e+00,1.72808600e+00,1.67422700e+00,1.65532100e+00
1.07366080e+06,-7.73805300e+00,1.65605200e+00,1.67470200e+00,1.72783200e+00,1.80740100e+00,1.90134200e+00,1.99537300e+00,2.07515900e+00,2.12850600e+00,2.14724600e+00,2.12850600e+00,2.07515900e+00,1.99537300e+00,1.90134200e+00,1.80740100e+00,1.72783200e+00,1.67470200e+00,1.65605200e+00
1.07766080e+06,-7.73774600e+00,1.65676600e+00,1.67516400e+00,1.72757600e+00,1.80606700e+00,1.89873300e+00,1.99148500e+00,2.07018300e+00,2.12280100e+00,2.14128500e+00,2.12280100e+00,2.07018300e+00,1.99148500e+00,1.89873300e+00,1.80606700e+00,1.72757600e+00,1.67516400e+00,1.65676600e+00
1.08166080e+06,-7.73744900e+00,1.65746300e+00,1.67561300e+00,1.72731700e+00,1.80474600e+00,1.89615600e+00,1.98764700e+00,2.06527300e+00,2.11717400e+00,2.13540600e+00,2.11717400e+00,2.06527300e+00,1.98764700e+00,1.89615600e+00,1.80474600e+00,1.72731700e+00,1.67561300e+00,1.65746300e+00
1.08566080e+06,-7.73718700e+00,1.65814300e+00,1.67604800e+00,1.72705500e+00,1.80343800e+00,1.89361000e+00,1.98385900e+00,2.06043000e+00,2.11162400e+00,2.12960700e+00,2.11162400e+00,2.06043000e+00,1.98385900e+00,1.89361000e+00,1.80343800e+00,1.72705500e+00,1.67604800e+00,1.65814300e+00
1.08966080e+06,-7.73699200e+00,1.65880700e+00,1.67647100e+00,1.72679000e+00,1.80214200e+00,1.89109400e+00,1.98012000e+00,2.05565100e+00,2.10614800e+00,2.12388600e+00,2.10614800e+00,2.05565100e+00,1.98012000e+00,1.89109400e+00,1.80214200e+00,1.72679000e+00,1.67647100e+00,1.65880700e+00
1.09366080e+06,-7.73689700e+00,1.65945600e+00,1.67688200e+00,1.72652400e+00,1.80085900e+00,1.88860900e+00,1.97643000e+00,2.05093600e+00,2.10074700e+00,2.11824400e+00,2.10074700e+00,2.05093600e+00,1.97643000e+00,1.88860900e+00,1.80085900e+00,1.72652400e+00,1.67688200e+00,1.65945600e+00
1.09766080e+06,-7.73694200e+00,1.66008900e+00,1.67728100e+00,1.72625400e+00,1.79958900e+00,1.88615400e+00,1.97278700e+00,2.04628400e+00,2.09541900e+00,2.11267900e+00,2.09541900e+00,2.04628400e+00,1.97278700e+00,1.88615400e+00,1.79958900e+00,1.72625400e+00,1.67728100e+00,1.66008900e+00
1.10166080e+06,-7.73717100e+00,1.66070700e+00,1.67766800e+00,1.72598300e+00,1.79833100e+00,1.88372900e+00,1.96919200e+00,2.04169400e+00,2.09016300e+00,2.10718800e+00,2.09016300e+00,2.04169400e+00,1.96919200e+00,1.88372900e+00,1.79833100e+00,1.72598300e+00,1.67766800e+00,1.66070700e+00
1.10566080e+06,-7.73763000e+00,1.66131000e+00,1.67804400e+00,1.72571000e+00,1.79708500e+00,1.88133300e+00,1.96564300e+00,2.03716500e+00,2.08497800e+00,2.10177300e+00,2.08497800e+00,2.03716500e+00,1.96564300e+00,1.88133300e+00,1.79708500e+00,1.72571000e+00,1.67804400e+00,1.66131000e+00
1.10966080e+06,-7.73837400e+00,1.66189900e+00,1.67840800e+00,1.72543600e+00,1.79585200e+00,1.87896700e+00,1.96214000e+00,2.03269600e+00,2.07986300e+00,2.09643000e+00,2.07986300e+00,2.03269600e+00,1.96214000e+00,1.87896700e+00,1.79585200e+00,1.72543600e+00,1.67840800e+00,1.66189900e+00
1.11366080e+06,-7.73945700e+00,1.66247400e+00,1.67876200e+00,1.72515900e+00,1.79463000e+00,1.87662800e+00,1.95868200e+00,2.02828600e+00,2.07481700e+00,2.09116000e+00,2.07481700e+00,2.02828600e+00,1.95868200e+00,1.87662800e+00,1.79463000e+00,1.72515900e+00,1.67876200e+00,1.66247400e+00
1.11766080e+06,-7.74093900e+00,1.66303500e+00,1.67910600e+00,1.72488100e+00,1.79342100e+00,1.87431800e+00,1.95526800e+00,2.02393500e+00,2.06983800e+00,2.08596100e+00,2.06983800e+00,2.02393500e+00,1.95526800e+00,1.87431800e+00,1.79342100e+00,1.72488100e+00,1.67910600e+00,1.66303500e+00
1.12166080e+06,-7.74288100e+00,1.66358300e+00,1.67943900e+00,1.72460200e+00,1.79222400e+00,1.87203600e+00,1.95189900e+00,2.01964200e+00,2.06492700e+00,2.08083200e+00,2.06492700e+00,2.01964200e+00,1.95189900e+00,1.87203600e+00,1.79222400e+00,1.72460200e+00,1.67943900e+00,1.66358300e+00
1.12566080e+06,-7.74534400e+00,1.66411800e+00,1.67976200e+00,1.72432200e+00,1.79103900e+00,1.86978200e+00,1.94857300e+00,2.01540600e+00,2.06008100e+00,2.07577300e+00,2.06008100e+00,2.01540600e+00,1.94857300e+00,1.86978200e+00,1.79103900e+00,1.72432200e+00,1.67976200e+00,1.66411800e+00
1.12966080e+06,-7.74555100e+00,1.66464000e+00,1.68007500e+00,1.72404000e+00,1.78986600e+00,1.86755500e+00,1.94529000e+00,2.01122500e+00,2.05530000e+00,2.07078100e+00,2.05530000e+00,2.01122500e+00,1.94529000e+00,1.86755500e+00,1.78986600e+00,1.72404000e+00,1.68007500e+00,1.66464000e+00
1.13366080e+06,-7.74365400e+00,1.66515000e+00,1.68037900e+00,1.72375800e+00,1.78870500e+00,1.86535500e+00,1.94204900e+00,2.00710000e+00,2.05058400e+00,2.06585600e+00,2.05058400e+00,2.00710000e+00,1.94204900e+00,1.86535500e+00,1.78870500e+00,1.72375800e+00,1.68037900e+00,1.66515000e+00
1.13766080e+06,-7.74215000e+00,1.66564700e+00,1.68067400e+00,1.72347400e+00,1.78755500e+00,1.86318100e+00,1.93884900e+00,2.00303000e+00,2.04593000e+00,2.06099800e+00,2.04593000e+00,2.00303000e+00,1.93884900e+00,1.86318100e+00,1.78755500e+00,1.72347400e+00,1.68067400e+00,1.66564700e+00
1.14166080e+06,-7.74103900e+00,1.66613300e+00,1.68095900e+00,1.72319000e+00,1.78641700e+00,1.86103400e+00,1.93569100e+00,1.99901300e+00,2.04133900e+00,2.05620500e+00,2.04133900e+00,1.99901300e+00,1.93569100e+00,1.86103400e+00,1.78641700e+00,1.72319000e+00,1.68095900e+00,1.66613300e+00
1.14566080e+06,-7.74031900e+00,1.66660700e+00,1.68123600e+00,1.72290600e+00,1.78529000e+00,1.85891300e+00,1.93257300e+00,1.99504900e+00,2.03680800e+00,2.05147500e+00,2.03680800e+00,1.99504900e+00,1.93257300e+00,1.85891300e+00,1.78529000e+00,1.72290600e+00,1.68123600e+00,1.66660700e+00
1.14966080e+06,-7.73998900e+00,1.66707000e+00,1.68150500e+00,1.72262000e+00,1.78417500e+00,1.85681800e+00,1.92949600e+00,1.99113700e+00,2.03233900e+00,2.04681000e+00,2.03233900e+00,1.99113700e+00,1.92949600e+00,1.85681800e+00,1.78417500e+00,1.72262000e+00,1.68150500e+00,1.66707000e+00
1.15366080e+06,-7.74004400e+00,1.66752100e+00,1.68176500e+00,1.72233400e+00,1.78307200e+00,1.85474700e+00,1.92645700e+00,1.98727700e+00,2.02792800e+00,2.04220600e+00,2.02792800e+00,1.98727700e+00,1.92645700e+00,1.85474700e+00,1.78307200e+00,1.72233400e+00,1.68176500e+00,1.66752100e+00
1.15766080e+06,-7.74048000e+00,1.66796200e+00,1.68201700e+00,1.72204800e+00,1.78197900e+00,1.85270200e+00,1.92345800e+00,1.98346700e+00,2.02357700e+00,2.03766400e+00,2.02357700e+00,1.98346700e+00,1.92345800e+00,1.85270200e+00,1.78197900e+00,1.72204800e+00,1.68201700e+00,1.66796200e+00
1.16166080e+06,-7.74128800e+00,1.66839300e+00,1.68226100e+00,1.72176200e+00,1.78089800e+00,1.85068200e+00,1.92049700e+00,1.97970700e+00,2.01928300e+00,2.03318200e+00,2.01928300e+00,1.97970700e+00,1.92049700e+00,1.85068200e+00,1.78089800e+00,1.72176200e+00,1.68226100e+00,1.66839300e+00
1.16566080e+06,-7.74246000e+00,1.66881300e+00,1.68249800e+00,1.72147600e+00,1.77982800e+00,1.84868600e+00,1.91757400e+00,1.97599700e+00,2.01504600e+00,2.02876000e+00,2.01504600e+00,1.97599700e+00,1.91757400e+00,1.84868600e+00,1.77982800e+00,1.72147600e+00,1.68249800e+00,1.66881300e+00
1.16966080e+06,-7.74398300e+00,1.66922300e+00,1.68272700e+00,1.72118900e+00,1.77876900e+00,1.84671400e+00,1.91468800e+00,1.97233500e+00,2.01086500e+00,2.02439700e+00,2.01086500e+00,1.97233500e+00,1.91468800e+00,1.84671400e+00,1.77876900e+00,1.72118900e+00,1.68272700e+00,1.66922300e+00
1.17366080e+06,-7.74584500e+00,1.66962300e+00,1.68294900e+00,1.72090300e+00,1.77772100e+00,1.84476700e+00,1.91183900e+00,1.96872200e+00,2.00674000e+00,2.02009200e+00,2.00674000e+00,1.96872200e+00,1.91183900e+00,1.84476700e+00,1.77772100e+00,1.72090300e+00,1.68294900e+00,1.66962300e+00
1.17766080e+06,-7.74802900e+00,1.67001400e+00,1.68316400e+00,1.72061600e+00,1.77668300e+00,1.84284200e+00,1.90902700e+00,1.96515500e+00,2.00266900e+00,2.01584500e+00,2.00266900e+00,1.96515500e+00,1.90902700e+00,1.84284200e+00,1.77668300e+00,1.72061600e+00,1.68316400e+00,1.67001400e+00
1.18166080e+06,-7.75051900e+00,1.67039500e+00,1.68337200e+00,1.72033000e+00,1.77565700e+00,1.84094100e+00,1.90625000e+00,1.96163600e+00,1.99865300e+00,2.01165300e+00,1.99865300e+00,1.96163600e+00,1.90625000e+00,1.84094100e+00,1.77565700e+00,1.72033000e+00,1.68337200e+00,1.67039500e+00
1.18566080e+06,-7.75329500e+00,1.67076800e+00,1.68357300e+00,1.72004400e+00,1.77464100e+00,1.83906300e+00,1.90350900e+00,1.95816200e+00,1.99468900e+00,2.00751700e+00,1.99468900e+00,1.95816200e+00,1.90350900e+00,1.83906300e+00,1.77464100e+00,1.72004400e+00,1.68357300e+00,1.67076800e+00
1.18966080e+06,-7.75633800e+00,1.67113100e+00,1.68376800e+00,1.71975800e+00,1.77363500e+00,1.83720800e+00,1.90080300e+00,1.95473300e+00,1.99077700e+00,2.00343600e+00,1.99077700e+00,1.95473300e+00,1.90080300e+00,1.83720800e+00,1.77363500e+00,1.71975800e+00,1.68376800e+00,1.67113100e+00
1.19366080e+06,-7.75962800e+00,1.67148600e+00,1.68395600e+00,1.71947300e+00,1.77264100e+00,1.83537500e+00,1.89813100e+00,1.95135000e+00,1.98691700e+00,1.99940900e+00,1.98691700e+00,1.95135000e+00,1.89813100e+00,1.83537500e+00,1.77264100e+00,1.71947300e+00,1.68395600e+00,1.67148600e+00
1.19766080e+06,-7.76314300e+00,1.67183200e+00,1.68413800e+00,1.71918800e+00,1.77165600e+00,1.83356500e+00,1.89549400e+00,1.94801000e+00,1.98310800e+00,1.99543400e+00,1.98310800e+00,1.94801000e+00,1.89549400e+00,1.83356500e+00,1.77165600e+00,1.71918800e+00,1.68413800e+00,1.67183200e+00
1.20166080e+06,-7.76342500e+00,1.67217000e+00,1.68431500e+00,1.71890400e+00,1.77068200e+00,1.83177600e+00,1.89288900e+00,1.94471400e+00,1.97934900e+00,1.99151300e+00,1.97934900e+00,1.94471400e+00,1.89288900e+00,1.83177600e+00,1.77068200e+00,1.71890400e+00,1.68431500e+00,1.67217000e+00
1.20566080e+06,-7.75989100e+00,1.67250000e+00,1.68448500e+00,1.71862000e+00,1.76971800e+00,1.83000900e+00,1.89031800e+00,1.94146000e+00,1.97563900e+00,1.98764300e+00,1.97563900e+00,1.94146000e+00,1.89031800e+00,1.83000900e+00,1.76971800e+00,1.71862000e+00,1.68448500e+00,1.67250000e+00
1.20966080e+06,-7.75633200e+00,1.67282200e+00,1.68465000e+00,1.71833700e+00,1.76876500e+00,1.82826400e+00,1.88778000e+00,1.93824900e+00,1.97197900e+00,1.98382400e+00,1.97197900e+00,1.93824900e+00,1.88778000e+00,1.82826400e+00,1.76876500e+00,1.71833700e+00,1.68465000e+00,1.67282200e+00
1.21366080e+06,-7.75275400e+00,1.67313600e+00,1.68480900e+00,1.71805500e+00,1.76782100e+00,1.82653900e+00,1.88527400e+00,1.93508000e+00,1.96836600e+00,1.98005500e+00,1.96836600e+00,1.93508000e+00,1.88527400e+00,1.82653900e+00,1.76782100e+00,1.71805500e+00,1.68480900e+00,1.67313600e+00
1.21766080e+06,-7.74916500e+00,1.67344300e+00,1.68496300e+00,1.71777400e+00,1.76688800e+00,1.82483600e+00,1.88280000e+00,1.93195200e+00,1.96480000e+00,1.97633600e+00,1.96480000e+00,1.93195200e+00,1.88280000e+00,1.82483600e+00,1.76688800e+00,1.71777400e+00,1.68496300e+00,1.67344300e+00
1.22166080e+06,-7.74556800e+00,1.67374200e+00,1.68511200e+00,1.71749300e+00,1.76596400e+00,1.82315300e+00,1.88035700e+00,1.92886400e+00,1.96128100e+00,1.97266600e+00,1.96128100e+00,1.92886400e+00,1.88035700e+00,1.82315300e+00,1.76596400e+00,1.71749300e+00,1.68511200e+00,1.67374200e+00
1.22566080e+06,-7.74197000e+00,1.67403400e+00,1.68525500e+00,1.71721300e+00,1.76505000e+00,1.82149000e+00,1.87794500e+00,1.92581600e+00,1.95780900e+00,1.96904400e+00,1.95780900e+00,1.92581600e+00,1.87794500e+00,1.82149000e+00,1.76505000e+00,1.71721300e+00,1.68525500e+00,1.67403400e+00
1.22966080e+06,-7.73837500e+00,1.67432000e+00,1.68539400e+00,1.71693400e+00,1.76414600e+00,1.81984800e+00,1.87556400e+00,1.92280800e+00,1.95438100e+00,1.96546900e+00,1.95438100e+00,1.92280800e+00,1.87556400e+00,1.81984800e+00,1.76414600e+00,1.71693400e+00,1.68539400e+00,1.67432000e+00
1.23366080e+06,-7.73478700e+00,1.67459800e+00,1.68552800e+00,1.71665600e+00,1.76325100e+00,1.81822600e+00,1.87321300e+00,1.91983900e+00,1.95099900e+00,1.96194100e+00,1.95099900e+00,1.91983900e+00,1.87321300e+00,1.81822600e+00,1.76325100e+00,1.71665600e+00,1.68552800e+00,1.67459800e+00
1.23766080e+06,-7.73121100e+00,1.67487000e+00,1.68565700e+00,1.71638000e+00,1.76236600e+00,1.81662300e+00,1.87089100e+00,1.91690800e+00,1.94766000e+00,1.95846000e+00,1.94766000e+00,1.91690800e+00,1.87089100e+00,1.81662300e+00,1.76236600e+00,1.71638000e+00,1.68565700e+00,1.67487000e+00
1.24166080e+06,-7.72765100e+00,1.67513500e+00,1.68578200e+00,1.71610400e+00,1.76149100e+00,1.81503900e+00,1.86859900e+00,1.91401500e+00,1.94436500e+00,1.95502400e+00,1.94436500e+00,1.91401500e+00,1.86859900e+00,1.81503900e+00,1.76149100e+00,1.71610400e+00,1.68578200e+00,1.67513500e+00
1.24566080e+06,-7.72411000e+00,1.67539400e+00,1.68590200e+00,1.71582900e+00,1.76062500e+00,1.81347500e+00,1.86633700e+00,1.91115900e+00,1.94111300e+00,1.95163300e+00,1.94111300e+00,1.91115900e+00,1.86633700e+00,1.81347500e+00,1.76062500e+00,1.71582900e+00,1.68590200e+00,1.67539400e+00
1.24966080e+06,-7.72059200e+00,1.67564700e+00,1.68601800e+00,1.71555500e+00,1.75976800e+00,1.81193000e+00,1.86410200e+00,1.90834000e+00,1.93790400e+00,1.94828600e+00,1.93790400e+00,1.90834000e+00,1.86410200e+00,1.81193000e+00,1.75976800e+00,1.71555500e+00,1.68601800e+00,1.67564700e+00
1.25366080e+06,-7.71710100e+00,1.67589300e+00,1.68613000e+00,1.71528300e+00,1.75892000e+00,1.81040300e+00,1.86189600e+00,1.90555800e+00,1.93473600e+00,1.94498200e+00,1.93473600e+00,1.90555800e+00,1.86189600e+00,1.81040300e+00,1.75892000e+00,1.71528300e+00,1.68613000e+00,1.67589300e+00
1.25766080e+06,-7.71363900e+00,1.67613400e+00,1.68623700e+00,1.71501200e+00,1.75808200e+00,1.80889500e+00,1.85971800e+00,1.90281100e+00,1.93160900e+00,1.94172200e+00,1.93160900e+00,1.90281100e+00,1.85971800e+00,1.80889500e+00,1.75808200e+00,1.71501200e+00,1.68623700e+00,1.67613400e+00
1.26166080e+06,-7.71021100e+00,1.67636900e+00,1.68634100e+00,1.71474200e+00,1.75725200e+00,1.80740500e+00,1.85756700e+00,1.90010000e+00,1.92852300e+00,1.93850400e+00,1.92852300e+00,1.90010000e+00,1.85756700e+00,1.80740500e+00,1.75725200e+00,1.71474200e+00,1.68634100e+00,1.67636900e+00
1.26566080e+06,-7.70682100e+00,1.67659800e+00,1.68644100e+00,1.71447300e+00,1.75643200e+00,1.80593300e+00,1.85544400e+00,1.89742300e+00,1.92547700e+00,1.93532900e+00,1.92547700e+00,1.89742300e+00,1.85544400e+00,1.80593300e+00,1.75643200e+00,1.71447300e+00,1.68644100e+00,1.67659800e+00
1.26966080e+06,-7.70347400e+00,1.67682200e+00,1.68653700e+00,1.71420600e+00,1.75562000e+00,1.80447900e+00,1.85334700e+00,1.89478100e+00,1.92247000e+00,1.93219400e+00,1.92247000e+00,1.89478100e+00,1.85334700e+00,1.80447900e+00,1.75562000e+00,1.71420600e+00,1.68653700e+00,1.67682200e+00
1.27366080e+06,-7.70017500e+00,1.67704100e+00,1.68663000e+00,1.71394000e+00,1.75481700e+00,1.80304300e+00,1.85127600e+00,1.89217300e+00,1.91950300e+00,1.92910000e+00,1.91950300e+00,1.89217300e+00,1.85127600e+00,1.80304300e+00,1.75481700e+00,1.71394000e+00,1.68663000e+00,1.67704100e+00
1.27766080e+06,-7.69692900e+00,1.67725400e+00,1.68671900e+00,1.71367600e+00,1.75402300e+00,1.80162400e+00,1.84923200e+00,1.88959900e+00,1.91657300e+00,1.92604600e+00,1.91657300e+00,1.88959900e+00,1.84923200e+00,1.80162400e+00,1.75402300e+00,1.71367600e+00,1.68671900e+00,1.67725400e+00
1.28166080e+06,-7.69374500e+00,1.67746200e+00,1.68680500e+00,1.71341200e+00,1.75323800e+00,1.80022200e+00,1.84721400e+00,1.88705700e+00,1.91368200e+00,1.92303200e+00,1.91368200e+00,1.88705700e+00,1.84721400e+00,1.80022200e+00,1.75323800e+00,1.71341200e+00,1.68680500e+00,1.67746200e+00
1.28566080e+06,-7.69063100e+00,1.67766500e+00,1.68688700e+00,1.71315100e+00,1.75246100e+00,1.79883700e+00,1.84522100e+00,1.88454800e+00,1.91082800e+00,1.92005700e+00,1.91082800e+00,1.88454800e+00,1.84522100e+00,1.79883700e+00,1.75246100e+00,1.71315100e+00,1.68688700e+00,1.67766500e+00
1.28966080e+06,-7.68759700e+00,1.67786300e+00,1.68696600e+00,1.71289000e+00,1.75169300e+00,1.79746900e+00,1.84325300e+00,1.88207100e+00,1.90801100e+00,1.91712100e+00,1.90801100e+00,1.88207100e+00,1.84325300e+00,1.79746900e+00,1.75169300e+00,1.71289000e+00,1.68696600e+00,1.67786300e+00
1.29366080e+06,-7.68465600e+00,1.67805700e+00,1.68704200e+00,1.71263200e+00,1.75093300e+00,1.79611800e+00,1.84130900e+00,1.87962600e+00,1.90523100e+00,1.91422200e+00,1.90523100e+00,1.87962600e+00,1.84130900e+00,1.79611800e+00,1.75093300e+00,1.71263200e+00,1.68704200e+00,1.67805700e+00
1.29766080e+06,-7.68182200e+00,1.67824500e+00,1.68711500e+00,1.71237400e+00,1.75018100e+00,1.79478300e+00,1.83939100e+00,1.87721200e+00,1.90248600e+00,1.91136100e+00,1.90248600e+00,1.87721200e+00,1.83939100e+00,1.79478300e+00,1.75018100e+00,1.71237400e+00,1.68711500e+00,1.67824500e+00
1.30166080e+06,-7.67911300e+00,1.67843000e+00,1.68718500e+00,1.71211800e+00,1.74943800e+00,1.79346400e+00,1.83749600e+00,1.87482900e+00,1.89977600e+00,1.90853700e+00,1.89977600e+00,1.87482900e+00,1.83749600e+00,1.79346400e+00,1.74943800e+00,1.71211800e+00,1.68718500e+00,1.67843000e+00
1.30566080e+06,-7.67655000e+00,1.67861000e+00,1.68725200e+00,1.71186400e+00,1.74870200e+00,1.79216100e+00,1.83562500e+00,1.87247600e+00,1.89710200e+00,1.90575000e+00,1.89710200e+00,1.87247600e+00,1.83562500e+00,1.79216100e+00,1.74870200e+00,1.71186400e+00,1.68725200e+00,1.67861000e+00
1.30966080e+06,-7.67415900e+00,1.67878500e+00,1.68731600e+00,1.71161200e+00,1.74797500e+00,1.79087400e+00,1.83377800e+00,1.87015400e+00,1.89446200e+00,1.90299800e+00,1.89446200e+00,1.87015400e+00,1.83377800e+00,1.79087400e+00,1.74797500e+00,1.71161200e+00,1.68731600e+00,1.67878500e+00
1.31366080e+06,-7.67196800e+00,1.67895700e+00,1.68737800e+00,1.71136000e+00,1.74725600e+00,1.78960200e+00,1.83195400e+00,1.86786100e+00,1.89185600e+00,1.90028200e+00,1.89185600e+00,1.86786100e+00,1.83195400e+00,1.78960200e+00,1.74725600e+00,1.71136000e+00,1.68737800e+00,1.67895700e+00
1.31766080e+06,-7.67001400e+00,1.67912400e+00,1.68743700e+00,1.71111100e+00,1.74654500e+00,1.78834600e+00,1.83015200e+00,1.86559700e+00,1.88928300e+00,1.89760100e+00,1.88928300e+00,1.86559700e+00,1.83015200e+00,1.78834600e+00,1.74654500e+00,1.71111100e+00,1.68743700e+00,1.67912400e+00
1.32166080e+06,-7.66833600e+00,1.67928700e+00,1.68749300e+00,1.71086300e+00,1.74584100e+00,1.78710500e+00,1.82837400e+00,1.86336300e+00,1.88674300e+00,1.89495400e+00,1.88674300e+00,1.86336300e+00,1.82837400e+00,1.78710500e+00,1.74584100e+00,1.71086300e+00,1.68749300e+00,1.67928700e+00
1.32566080e+06,-7.66698200e+00,1.67944600e+00,1.68754700e+00,1.71061700e+00,1.74514600e+00,1.78587900e+00,1.82661700e+00,1.86115600e+00,1.88423700e+00,1.89234200e+00,1.88423700e+00,1.86115600e+00,1.82661700e+00,1.78587900e+00,1.74514600e+00,1.71061700e+00,1.68754700e+00,1.67944600e+00
1.32966080e+06,-7.66600700e+00,1.67960200e+00,1.68759900e+00,1.71037200e+00,1.74445800e+00,1.78466800e+00,1.82488300e+00,1.85897800e+00,1.88176200e+00,1.88976300e+00,1.88176200e+00,1.85897800e+00,1.82488300e+00,1.78466800e+00,1.74445800e+00,1.71037200e+00,1.68759900e+00,1.67960200e+00
1.33366080e+06,-7.66547400e+00,1.67975400e+00,1.68764800e+00,1.71012900e+00,1.74377700e+00,1.78347200e+00,1.82317000e+00,1.85682800e+00,1.87931900e+00,1.88721700e+00,1.87931900e+00,1.85682800e+00,1.82317000e+00,1.78347200e+00,1.74377700e+00,1.71012900e+00,1.68764800e+00,1.67975400e+00
1.33766080e+06,-7.66545200e+00,1.67990200e+00,1.68769500e+00,1.70988800e+00,1.74310500e+00,1.78229000e+00,1.82147900e+00,1.85470500e+00,1.87690700e+00,1.88470400e+00,1.87690700e+00,1.85470500e+00,1.82147900e+00,1.78229000e+00,1.74310500e+00,1.70988800e+00,1.68769500e+00,1.67990200e+00
1.34166080e+06,-7.66602000e+00,1.68004600e+00,1.68773900e+00,1.70964800e+00,1.74243900e+00,1.78112200e+00,1.81980900e+00,1.85260900e+00,1.87452600e+00,1.88222300e+00,1.87452600e+00,1.85260900e+00,1.81980900e+00,1.78112200e+00,1.74243900e+00,1.70964800e+00,1.68773900e+00,1.68004600e+00
1.34566080e+06,-7.66726100e+00,1.68018700e+00,1.68778200e+00,1.70941000e+00,1.74178100e+00,1.77996900e+00,1.81816000e+00,1.85053900e+00,1.87217600e+00,1.87977400e+00,1.87217600e+00,1.85053900e+00,1.81816000e+00,1.77996900e+00,1.74178100e+00,1.70941000e+00,1.68778200e+00,1.68018700e+00
1.34966080e+06,-7.66926600e+00,1.68032500e+00,1.68782200e+00,1.70917400e+00,1.74113100e+00,1.77882900e+00,1.81653100e+00,1.84849600e+00,1.86985500e+00,1.87735600e+00,1.86985500e+00,1.84849600e+00,1.81653100e+00,1.77882900e+00,1.74113100e+00,1.70917400e+00,1.68782200e+00,1.68032500e+00
1.35366080e+06,-7.67212700e+00,1.68045900e+00,1.68786100e+00,1.70893900e+00,1.74048700e+00,1.77770400e+00,1.81492300e+00,1.84647900e+00,1.86756500e+00,1.87496900e+00,1.86756500e+00,1.84647900e+00,1.81492300e+00,1.77770400e+00,1.74048700e+00,1.70893900e+00,1.68786100e+00,1.68045900e+00
1.35766080e+06,-7.67593800e+00,1.68059100e+00,1.68789700e+00,1.70870700e+00,1.73985100e+00,1.77659200e+00,1.81333500e+00,1.84448700e+00,1.86530300e+00,1.87261300e+00,1.86530300e+00,1.84448700e+00,1.81333500e+00,1.77659200e+00,1.73985100e+00,1.70870700e+00,1.68789700e+00,1.68059100e+00
1.36166080e+06,-7.68078600e+00,1.68071900e+00,1.68793200e+00,1.70847500e+00,1.73922200e+00,1.77549300e+00,1.81176700e+00,1.84252000e+00,1.86307000e+00,1.87028700e+00,1.86307000e+00,1.84252000e+00,1.81176700e+00,1.77549300e+00,1.73922200e+00,1.70847500e+00,1.68793200e+00,1.68071900e+00
1.36566080e+06,-7.68675000e+00,1.68084300e+00,1.68796500e+00,1.70824600e+00,1.73860000e+00,1.77440800e+00,1.81021800e+00,1.84057900e+00,1.86086600e+00,1.86799100e+00,1.86086600e+00,1.84057900e+00,1.81021800e+00,1.77440800e+00,1.73860000e+00,1.70824600e+00,1.68796500e+00,1.68084300e+00
1.36966080e+06,-7.69389300e+00,1.68096500e+00,1.68799600e+00,1.70801800e+00,1.73798500e+00,1.77333600e+00,1.80868900e+00,1.83866200e+00,1.85869000e+00,1.86572400e+00,1.85869000e+00,1.83866200e+00,1.80868900e+00,1.77333600e+00,1.73798500e+00,1.70801800e+00,1.68799600e+00,1.68096500e+00
1.37366080e+06,-7.70225700e+00,1.68108400e+00,1.68802500e+00,1.70779200e+00,1.73737700e+00,1.77227700e+00,1.80717900e+00,1.83676900e+00,1.85654200e+00,1.86348600e+00,1.85654200e+00,1.83676900e+00,1.80717900e+00,1.77227700e+00,1.73737700e+00,1.70779200e+00,1.68802500e+00,1.68108400e+00
1.37766080e+06,-7.71185700e+00,1.68120000e+00,1.68805300e+00,1.70756800e+00,1.73677600e+00,1.77123000e+00,1.80568800e+00,1.83490100e+00,1.85442100e+00,1.86127600e+00,1.85442100e+00,1.83490100e+00,1.80568800e+00,1.77123000e+00,1.73677600e+00,1.70756800e+00,1.68805300e+00,1.68120000e+00
1.38166080e+06,-7.71593700e+00,1.68131400e+00,1.68807900e+00,1.70734500e+00,1.73618100e+00,1.77019700e+00,1.80421500e+00,1.83305600e+00,1.85232700e+00,1.85909500e+00,1.85232700e+00,1.83305600e+00,1.80421500e+00,1.77019700e+00,1.73618100e+00,1.70734500e+00,1.68807900e+00,1.68131400e+00
1.38566080e+06,-7.71120800e+00,1.68142400e+00,1.68810400e+00,1.70712500e+00,1.73559300e+00,1.76917600e+00,1.80276000e+00,1.83123400e+00,1.85026000e+00,1.85694100e+00,1.85026000e+00,1.83123400e+00,1.80276000e+00,1.76917600e+00,1.73559300e+00,1.70712500e+00,1.68810400e+00,1.68142400e+00
1.38966080e+06,-7.70682300e+00,1.68153200e+00,1.68812700e+00,1.70690600e+00,1.73501200e+00,1.76816700e+00,1.80132400e+00,1.82943500e+00,1.84821900e+00,1.85481500e+00,1.84821900e+00,1.82943500e+00,1.80132400e+00,1.76816700e+00,1.73501200e+00,1.70690600e+00,1.68812700e+00,1.68153200e+00
1.39366080e+06,-7.70284700e+00,1.68163800e+00,1.68814800e+00,1.70668800e+00,1.73443700e+00,1.76717100e+00,1.79990600e+00,1.82765900e+00,1.84620400e+00,1.85271600e+00,1.84620400e+00,1.82765900e+00,1.79990600e+00,1.76717100e+00,1.73443700e+00,1.70668800e+00,1.68814800e+00,1.68163800e+00
1.39766080e+06,-7.69935300e+00,1.68174100e+00,1.68816800e+00,1.70647300e+00,1.73386900e+00,1.76618600e+00,1.79850500e+00,1.82590600e+00,1.84421500e+00,1.85064400e+00,1.84421500e+00,1.82590600e+00,1.79850500e+00,1.76618600e+00,1.73386900e+00,1.70647300e+00,1.68816800e+00,1.68174100e+00
1.40166080e+06,-7.69641800e+00,1.68184100e+00,1.68818700e+00,1.70625900e+00,1.73330700e+00,1.76521400e+00,1.79712200e+00,1.82417400e+00,1.84225000e+00,1.84859800e+00,1.84225000e+00,1.82417400e+00,1.79712200e+00,1.76521400e+00,1.73330700e+00,1.70625900e+00,1.68818700e+00,1.68184100e+00
1.40566080e+06,-7.69412700e+00,1.68193900e+00,1.68820400e+00,1.70604700e+00,1.73275100e+00,1.76425300e+00,1.79575600e+00,1.82246400e+00,1.84031100e+00,1.84657800e+00,1.84031100e+00,1.82246400e+00,1.79575600e+00,1.76425300e+00,1.73275100e+00,1.70604700e+00,1.68820400e+00,1.68193900e+00
1.40966080e+06,-7.69257000e+00,1.68203400e+00,1.68822000e+00,1.70583700e+00,1.73220200e+00,1.76330400e+00,1.79440700e+00,1.82077600e+00,1.83839600e+00,1.84458400e+00,1.83839600e+00,1.82077600e+00,1.79440700e+00,1.76330400e+00,1.73220200e+00,1.70583700e+00,1.68822000e+00,1.68203400e+00
1.41366080e+06,-7.69183600e+00,1.68212800e+00,1.68823500e+00,1.70562800e+00,1.73165900e+00,1.76236600e+00,1.79307500e+00,1.81911000e+00,1.83650600e+00,1.84261500e+00,1.83650600e+00,1.81911000e+00,1.79307500e+00,1.76236600e+00,1.73165900e+00,1.70562800e+00,1.68823500e+00,1.68212800e+00
1.41766080e+06,-7.68870600e+00,1.68221900e+00,1.68824900e+00,1.70542100e+00,1.73112200e+00,1.76144000e+00,1.79175900e+00,1.81746400e+00,1.83463900e+00,1.84067100e+00,1.83463900e+00,1.81746400e+00,1.79175900e+00,1.76144000e+00,1.73112200e+00,1.70542100e+00,1.68824900e+00,1.68221900e+00
1.42166080e+06,-7.68364400e+00,1.68230800e+00,1.68826100e+00,1.70521600e+00,1.73059100e+00,1.76052500e+00,1.79046000e+00,1.81583900e+00,1.83279700e+00,1.83875200e+00,1.83279700e+00,1.81583900e+00,1.79046000e+00,1.76052500e+00,1.73059100e+00,1.70521600e+00,1.68826100e+00,1.68230800e+00
1.42566080e+06,-7.67903800e+00,1.68239400e+00,1.68827300e+00,1.70501300e+00,1.73006700e+00,1.75962100e+00,1.78917700e+00,1.81423400e+00,1.83097700e+00,1.83685700e+00,1.83097700e+00,1.81423400e+00,1.78917700e+00,1.75962100e+00,1.73006700e+00,1.70501300e+00,1.68827300e+00,1.68239400e+00
1.42966080e+06,-7.67497100e+00,1.68247900e+00,1.68828300e+00,1.70481100e+00,1.72954800e+00,1.75872800e+00,1.78791000e+00,1.81264900e+00,1.82918000e+00,1.83498600e+00,1.82918000e+00,1.81264900e+00,1.78791000e+00,1.75872800e+00,1.72954800e+00,1.70481100e+00,1.68828300e+00,1.68247900e+00
1.43366080e+06,-7.67153000e+00,1.68256200e+00,1.68829200e+00,1.70461100e+00,1.72903500e+00,1.75784600e+00,1.78665800e+00,1.81108500e+00,1.82740700e+00,1.83313800e+00,1.82740700e+00,1.81108500e+00,1.78665800e+00,1.75784600e+00,1.72903500e+00,1.70461100e+00,1.68829200e+00,1.68256200e+00
1.43766080e+06,-7.66881000e+00,1.68264200e+00,1.68830000e+00,1.70441300e+00,1.72852800e+00,1.75697400e+00,1.78542200e+00,1.80954000e+00,1.82565500e+00,1.83131400e+00,1.82565500e+00,1.80954000e+00,1.78542200e+00,1.75697400e+00,1.72852800e+00,1.70441300e+00,1.68830000e+00,1.68264200e+00
1.44166080e+06,-7.66691100e+00,1.68272100e+00,1.68830700e+00,1.70421600e+00,1.72802700e+00,1.75611400e+00,1.78420200e+00,1.80801400e+00,1.82392600e+00,1.82951300e+00,1.82392600e+00,1.80801400e+00,1.78420200e+00,1.75611400e+00,1.72802700e+00,1.70421600e+00,1.68830700e+00,1.68272100e+00
1.44566080e+06,-7.66593700e+00,1.68279800e+00,1.68831400e+00,1.70402200e+00,1.72753100e+00,1.75526300e+00,1.78299600e+00,1.80650800e+00,1.82221900e+00,1.82773500e+00,1.82221900e+00,1.80650800e+00,1.78299600e+00,1.75526300e+00,1.72753100e+00,1.70402200e+00,1.68831400e+00,1.68279800e+00
1.44966080e+06,-7.66599500e+00,1.68287300e+00,1.68831900e+00,1.70382900e+00,1.72704100e+00,1.75442300e+00,1.78180600e+00,1.80502100e+00,1.82053300e+00,1.82598000e+00,1.82053300e+00,1.80502100e+00,1.78180600e+00,1.75442300e+00,1.72704100e+00,1.70382900e+00,1.68831900e+00,1.68287300e+00
1.45366080e+06,-7.66718800e+00,1.68294600e+00,1.68832300e+00,1.70363700e+00,1.72655700e+00,1.75359300e+00,1.78063000e+00,1.80355200e+00,1.81886800e+00,1.82424600e+00,1.81886800e+00,1.80355200e+00,1.78063000e+00,1.75359300e+00,1.72655700e+00,1.70363700e+00,1.68832300e+00,1.68294600e+00
1.45766080e+06,-7.66961400e+00,1.68301700e+00,1.68832700e+00,1.70344800e+00,1.72607800e+00,1.75277300e+00,1.77946900e+00,1.80210100e+00,1.81722400e+00,1.82253500e+00,1.81722400e+00,1.80210100e+00,1.77946900e+00,1.75277300e+00,1.72607800e+00,1.70344800e+00,1.68832700e+00,1.68301700e+00
1.46166080e+06,-7.67336000e+00,1.68308700e+00,1.68832900e+00,1.70326000e+00,1.72560400e+00,1.75196300e+00,1.77832200e+00,1.80066900e+00,1.81560100e+00,1.82084500e+00,1.81560100e+00,1.80066900e+00,1.77832200e+00,1.75196300e+00,1.72560400e+00,1.70326000e+00,1.68832900e+00,1.68308700e+00
1.46566080e+06,-7.67849500e+00,1.68315500e+00,1.68833100e+00,1.70307300e+00,1.72513700e+00,1.75116300e+00,1.77719000e+00,1.79925500e+00,1.81399900e+00,1.81917600e+00,1.81399900e+00,1.79925500e+00,1.77719000e+00,1.75116300e+00,1.72513700e+00,1.70307300e+00,1.68833100e+00,1.68315500e+00
1.46966080e+06,-7.68506800e+00,1.68322100e+00,1.68833300e+00,1.70288900e+00,1.72467400e+00,1.75037200e+00,1.77607100e+00,1.79785800e+00,1.81241600e+00,1.81752900e+00,1.81241600e+00,1.79785800e+00,1.77607100e+00,1.75037200e+00,1.72467400e+00,1.70288900e+00,1.68833300e+00,1.68322100e+00
1.47366080e+06,-7.69309700e+00,1.68328600e+00,1.68833300e+00,1.70270600e+00,1.72421700e+00,1.74959100e+00,1.77496700e+00,1.79647900e+00,1.81085400e+00,1.81590200e+00,1.81085400e+00,1.79647900e+00,1.77496700e+00,1.74959100e+00,1.72421700e+00,1.70270600e+00,1.68833300e+00,1.68328600e+00
1.47766080e+06,-7.70150700e+00,1.68334900e+00,1.68833300e+00,1.70252400e+00,1.72376500e+00,1.74882000e+00,1.77387600e+00,1.79511700e+00,1.80931100e+00,1.81429500e+00,1.80931100e+00,1.79511700e+00,1.77387600e+00,1.74882000e+00,1.72376500e+00,1.70252400e+00,1.68833300e+00,1.68334900e+00
1.48166080e+06,-7.69613300e+00,1.68341100e+00,1.68833200e+00,1.70234500e+00,1.72331800e+00,1.74805800e+00,1.77279800e+00,1.79377300e+00,1.80778800e+00,1.81270900e+00,1.80778800e+00,1.79377300e+00,1.77279800e+00,1.74805800e+00,1.72331800e+00,1.70234500e+00,1.68833200e+00,1.68341100e+00
1.48566080e+06,-7.69115700e+00,1.68347100e+00,1.68833000e+00,1.70216700e+00,1.72287600e+00,1.74730500e+00,1.77173400e+00,1.79244500e+00,1.80628300e+00,1.81114300e+00,1.80628300e+00,1.79244500e+00,1.77173400e+00,1.74730500e+00,1.72287600e+00,1.70216700e+00,1.68833000e+00,1.68347100e+00
1.48966080e+06,-7.68659300e+00,1.68353000e+00,1.68832700e+00,1.70199100e+00,1.72243900e+00,1.74656100e+00,1.77068300e+00,1.79113300e+00,1.80479800e+00,1.80959700e+00,1.80479800e+00,1.79113300e+00,1.77068300e+00,1.74656100e+00,1.72243900e+00,1.70199100e+00,1.68832700e+00,1.68353000e+00
1.49366080e+06,-7.68244800e+00,1.68358700e+00,1.68832500e+00,1.70181600e+00,1.72200800e+00,1.74582600e+00,1.76964500e+00,1.78983800e+00,1.80333100e+00,1.80806900e+00,1.80333100e+00,1.78983800e+00,1.76964500e+00,1.74582600e+00,1.72200800e+00,1.70181600e+00,1.68832500e+00,1.68358700e+00
1.49766080e+06,-7.67872400e+00,1.68364300e+00,1.68832100e+00,1.70164300e+00,1.72158100e+00,1.74510000e+00,1.76862000e+00,1.78856000e+00,1.80188300e+00,1.80656200e+00,1.80188300e+00,1.78856000e+00,1.76862000e+00,1.74510000e+00,1.72158100e+00,1.70164300e+00,1.68832100e+00,1.68364300e+00
1.50166080e+06,-7.67541800e+00,1.68369800e+00,1.68831700e+00,1.70147200e+00,1.72115900e+00,1.74438300e+00,1.76760800e+00,1.78729700e+00,1.80045300e+00,1.80507300e+00,1.80045300e+00,1.78729700e+00,1.76760800e+00,1.74438300e+00,1.72115900e+00,1.70147200e+00,1.68831700e+00,1.68369800e+00
1.50566080e+06,-7.67252100e+00,1.68375100e+00,1.68831200e+00,1.70130200e+00,1.72074300e+00,1.74367500e+00,1.76660800e+00,1.78605000e+00,1.79904100e+00,1.80360300e+00,1.79904100e+00,1.78605000e+00,1.76660800e+00,1.74367500e+00,1.72074300e+00,1.70130200e+00,1.68831200e+00,1.68375100e+00
1.50966080e+06,-7.67002300e+00,1.68380300e+00,1.68830700e+00,1.70113400e+00,1.72033000e+00,1.74297500e+00,1.76562000e+00,1.78481800e+00,1.79764600e+00,1.80215100e+00,1.79764600e+00,1.78481800e+00,1.76562000e+00,1.74297500e+00,1.72033000e+00,1.70113400e+00,1.68830700e+00,1.68380300e+00
1.51366080e+06,-7.66791400e+00,1.68385400e+00,1.68830100e+00,1.70096700e+00,1.71992300e+00,1.74228400e+00,1.76464500e+00,1.78360200e+00,1.79626900e+00,1.80071700e+00,1.79626900e+00,1.78360200e+00,1.76464500e+00,1.74228400e+00,1.71992300e+00,1.70096700e+00,1.68830100e+00,1.68385400e+00
1.51766080e+06,-7.66618000e+00,1.68390300e+00,1.68829500e+00,1.70080200e+00,1.71952100e+00,1.74160100e+00,1.76368200e+00,1.78240100e+00,1.79490900e+00,1.79930200e+00,1.79490900e+00,1.78240100e+00,1.76368200e+00,1.74160100e+00,1.71952100e+00,1.70080200e+00,1.68829500e+00,1.68390300e+00
1.52166080e+06,-7.66481300e+00,1.68395100e+00,1.68828800e+00,1.70063900e+00,1.71912300e+00,1.74092600e+00,1.76273000e+00,1.78121500e+00,1.79356700e+00,1.79790400e+00,1.79356700e+00,1.78121500e+00,1.76273000e+00,1.74092600e+00,1.71912300e+00,1.70063900e+00,1.68828800e+00,1.68395100e+00
1.52566080e+06,-7.66380400e+00,1.68399900e+00,1.68828100e+00,1.70047700e+00,1.71872900e+00,1.74026000e+00,1.76179100e+00,1.78004400e+00,1.79224100e+00,1.79652400e+00,1.79224100e+00,1.78004400e+00,1.76179100e+00,1.74026000e+00,1.71872900e+00,1.70047700e+00,1.68828100e+00,1.68399900e+00
1.52966080e+06,-7.66315100e+00,1.68404500e+00,1.68827400e+00,1.70031700e+00,1.71834000e+00,1.73960100e+00,1.76086300e+00,1.77888700e+00,1.79093100e+00,1.79516100e+00,1.79093100e+00,1.77888700e+00,1.76086300e+00,1.73960100e+00,1.71834000e+00,1.70031700e+00,1.68827400e+00,1.68404500e+00
1.53366080e+06,-7.66285500e+00,1.68409000e+00,1.68826600e+00,1.70015800e+00,1.71795600e+00,1.73895100e+00,1.75994600e+00,1.77774500e+00,1.78963800e+00,1.79381500e+00,1.78963800e+00,1.77774500e+00,1.75994600e+00,1.73895100e+00,1.71795600e+00,1.70015800e+00,1.68826600e+00,1.68409000e+00
1.53766080e+06,-7.66292400e+00,1.68413300e+00,1.68825700e+00,1.70000100e+00,1.71757600e+00,1.73830800e+00,1.75904100e+00,1.77661700e+00,1.78836100e+00,1.79248600e+00,1.78836100e+00,1.77661700e+00,1.75904100e+00,1.73830800e+00,1.71757600e+00,1.70000100e+00,1.68825700e+00,1.68413300e+00
1.54166080e+06,-7.66337300e+00,1.68417600e+00,1.68824800e+00,1.69984500e+00,1.71720100e+00,1.73767400e+00,1.75814700e+00,1.77550300e+00,1.78710100e+00,1.79117300e+00,1.78710100e+00,1.77550300e+00,1.75814700e+00,1.73767400e+00,1.71720100e+00,1.69984500e+00,1.68824800e+00,1.68417600e+00
1.54566080e+06,-7.66422300e+00,1.68421800e+00,1.68823900e+00,1.69969100e+00,1.71683000e+00,1.73704600e+00,1.75726400e+00,1.77440300e+00,1.78585500e+00,1.78987700e+00,1.78585500e+00,1.77440300e+00,1.75726400e+00,1.73704600e+00,1.71683000e+00,1.69969100e+00,1.68823900e+00,1.68421800e+00
1.54966080e+06,-7.66550500e+00,1.68425900e+00,1.68823000e+00,1.69953800e+00,1.71646300e+00,1.73642700e+00,1.75639100e+00,1.77331700e+00,1.78462600e+00,1.78859700e+00,1.78462600e+00,1.77331700e+00,1.75639100e+00,1.73642700e+00,1.71646300e+00,1.69953800e+00,1.68823000e+00,1.68425900e+00
1.55366080e+06,-7.66725700e+00,1.68429800e+00,1.68822000e+00,1.69938700e+00,1.71610000e+00,1.73581500e+00,1.75553000e+00,1.77224400e+00,1.78341200e+00,1.78733300e+00,1.78341200e+00,1.77224400e+00,1.75553000e+00,1.73581500e+00,1.71610000e+00,1.69938700e+00,1.68822000e+00,1.68429800e+00
1.55766080e+06,-7.66952400e+00,1.68433700e+00,1.68821000e+00,1.69923700e+00,1.71574200e+00,1.73521000e+00,1.75467900e+00,1.77118400e+00,1.78221300e+00,1.78608500e+00,1.78221300e+00,1.77118400e+00,1.75467900e+00,1.73521000e+00,1.71574200e+00,1.69923700e+00,1.68821000e+00,1.68433700e+00
1.56166080e+06,-7.67235900e+00,1.68437500e+00,1.68819900e+00,1.69908900e+00,1.71538800e+00,1.73461300e+00,1.75383900e+00,1.77013800e+00,1.78102800e+00,1.78485300e+00,1.78102800e+00,1.77013800e+00,1.75383900e+00,1.73461300e+00,1.71538800e+00,1.69908900e+00,1.68819900e+00,1.68437500e+00
1.56566080e+06,-7.67582400e+00,1.68441200e+00,1.68818900e+00,1.69894300e+00,1.71503800e+00,1.73402300e+00,1.75300900e+00,1.76910400e+00,1.77985900e+00,1.78363600e+00,1.77985900e+00,1.76910400e+00,1.75300900e+00,1.73402300e+00,1.71503800e+00,1.69894300e+00,1.68818900e+00,1.68441200e+00
1.56966080e+06,-7.67998100e+00,1.68444800e+00,1.68817700e+00,1.69879700e+00,1.71469200e+00,1.73344000e+00,1.75218900e+00,1.76808400e+00,1.77870400e+00,1.78243400e+00,1.77870400e+00,1.76808400e+00,1.75218900e+00,1.73344000e+00,1.71469200e+00,1.69879700e+00,1.68817700e+00,1.68444800e+00
1.57366080e+06,-7.68489700e+00,1.68448300e+00,1.68816600e+00,1.69865400e+00,1.71435000e+00,1.73286400e+00,1.75137900e+00,1.76707600e+00,1.77756400e+00,1.78124700e+00,1.77756400e+00,1.76707600e+00,1.75137900e+00,1.73286400e+00,1.71435000e+00,1.69865400e+00,1.68816600e+00,1.68448300e+00
1.57766080e+06,-7.69063700e+00,1.68451800e+00,1.68815500e+00,1.69851100e+00,1.71401200e+00,1.73229600e+00,1.75058000e+00,1.76608000e+00,1.77643800e+00,1.78007500e+00,1.77643800e+00,1.76608000e+00,1.75058000e+00,1.73229600e+00,1.71401200e+00,1.69851100e+00,1.68815500e+00,1.68451800e+00
1.58166080e+06,-7.69726300e+00,1.68455100e+00,1.68814300e+00,1.69837100e+00,1.71367800e+00,1.73173400e+00,1.74979000e+00,1.76509700e+00,1.77532600e+00,1.77891700e+00,1.77532600e+00,1.76509700e+00,1.74979000e+00,1.73173400e+00,1.71367800e+00,1.69837100e+00,1.68814300e+00,1.68455100e+00
1.58566080e+06,-7.70482700e+00,1.68458400e+00,1.68813100e+00,1.69823100e+00,1.71334700e+00,1.73117800e+00,1.74901000e+00,1.76412700e+00,1.77422700e+00,1.77777400e+00,1.77422700e+00,1.76412700e+00,1.74901000e+00,1.73117800e+00,1.71334700e+00,1.69823100e+00,1.68813100e+00,1.68458400e+00
1.58966080e+06,-7.71336600e+00,1.68461600e+00,1.68811900e+00,1.69809300e+00,1.71302100e+00,1.73063000e+00,1.74823900e+00,1.76316800e+00,1.77314300e+00,1.77664500e+00,1.77314300e+00,1.76316800e+00,1.74823900e+00,1.73063000e+00,1.71302100e+00,1.69809300e+00,1.68811900e+00,1.68461600e+00
1.59366080e+06,-7.72290300e+00,1.68464700e+00,1.68810600e+00,1.69795600e+00,1.71269900e+00,1.73008800e+00,1.74747800e+00,1.76222100e+00,1.77207200e+00,1.77553100e+00,1.77207200e+00,1.76222100e+00,1.74747800e+00,1.73008800e+00,1.71269900e+00,1.69795600e+00,1.68810600e+00,1.68464700e+00
1.59766080e+06,-7.72791700e+00,1.68467800e+00,1.68809400e+00,1.69782100e+00,1.71238000e+00,1.72955300e+00,1.74672700e+00,1.76128600e+00,1.77101400e+00,1.77443000e+00,1.77101400e+00,1.76128600e+00,1.74672700e+00,1.72955300e+00,1.71238000e+00,1.69782100e+00,1.68809400e+00,1.68467800e+00
1.60166080e+06,-7.72358400e+00,1.68470700e+00,1.68808100e+00,1.69768700e+00,1.71206500e+00,1.72902400e+00,1.74598400e+00,1.76036200e+00,1.76996900e+00,1.77334300e+00,1.76996900e+00,1.76036200e+00,1.74598400e+00,1.72902400e+00,1.71206500e+00,1.69768700e+00,1.68808100e+00,1.68470700e+00
1.60566080e+06,-7.71957200e+00,1.68473600e+00,1.68806800e+00,1.69755500e+00,1.71175400e+00,1.72850200e+00,1.74525100e+00,1.75945000e+00,1.76893700e+00,1.77226900e+00,1.76893700e+00,1.75945000e+00,1.74525100e+00,1.72850200e+00,1.71175400e+00,1.69755500e+00,1.68806800e+00,1.68473600e+00
1.60966080e+06,-7.71588200e+00,1.68476500e+00,1.68805500e+00,1.69742400e+00,1.71144600e+00,1.72798600e+00,1.74452700e+00,1.75854900e+00,1.76791900e+00,1.77120900e+00,1.76791900e+00,1.75854900e+00,1.74452700e+00,1.72798600e+00,1.71144600e+00,1.69742400e+00,1.68805500e+00,1.68476500e+00
1.61366080e+06,-7.71251200e+00,1.68479200e+00,1.68804100e+00,1.69729400e+00,1.71114200e+00,1.72747600e+00,1.74381100e+00,1.75765900e+00,1.76691200e+00,1.77016200e+00,1.76691200e+00,1.75765900e+00,1.74381100e+00,1.72747600e+00,1.71114200e+00,1.69729400e+00,1.68804100e+00,1.68479200e+00
1.61766080e+06,-7.70945400e+00,1.68481900e+00,1.68802800e+00,1.69716600e+00,1.71084100e+00,1.72697300e+00,1.74310500e+00,1.75678100e+00,1.76591900e+00,1.76912700e+00,1.76591900e+00,1.75678100e+00,1.74310500e+00,1.72697300e+00,1.71084100e+00,1.69716600e+00,1.68802800e+00,1.68481900e+00
1.62166080e+06,-7.70670000e+00,1.68484500e+00,1.68801400e+00,1.69703800e+00,1.71054400e+00,1.72647500e+00,1.74240700e+00,1.75591300e+00,1.76493700e+00,1.76810600e+00,1.76493700e+00,1.75591300e+00,1.74240700e+00,1.72647500e+00,1.71054400e+00,1.69703800e+00,1.68801400e+00,1.68484500e+00
1.62566080e+06,-7.70423400e+00,1.68487100e+00,1.68800100e+00,1.69691300e+00,1.71025100e+00,1.72598400e+00,1.74171700e+00,1.75505600e+00,1.76396800e+00,1.76709800e+00,1.76396800e+00,1.75505600e+00,1.74171700e+00,1.72598400e+00,1.71025100e+00,1.69691300e+00,1.68800100e+00,1.68487100e+00
1.62966080e+06,-7.70204300e+00,1.68489600e+00,1.68798700e+00,1.69678800e+00,1.70996000e+00,1.72549800e+00,1.74103700e+00,1.75420900e+00,1.76301100e+00,1.76610200e+00,1.76301100e+00,1.75420900e+00,1.74103700e+00,1.72549800e+00,1.70996000e+00,1.69678800e+00,1.68798700e+00,1.68489600e+00
1.63366080e+06,-7.70010900e+00,1.68492000e+00,1.68797300e+00,1.69666500e+00,1.70967400e+00,1.72501900e+00,1.74036400e+00,1.75337300e+00,1.76206600e+00,1.76511800e+00,1.76206600e+00,1.75337300e+00,1.74036400e+00,1.72501900e+00,1.70967400e+00,1.69666500e+00,1.68797300e+00,1.68492000e+00
1.63766080e+06,-7.69841100e+00,1.68494400e+00,1.68795900e+00,1.69654300e+00,1.70939000e+00,1.72454500e+00,1.73970000e+00,1.75254700e+00,1.76113200e+00,1.76414700e+00,1.76113200e+00,1.75254700e+00,1.73970000e+00,1.72454500e+00,1.70939000e+00,1.69654300e+00,1.68795900e+00,1.68494400e+00
1.64166080e+06,-7.69693100e+00,1.68496800e+00,1.68794500e+00,1.69642200e+00,1.70911000e+00,1.72407700e+00,1.73904400e+00,1.75173200e+00,1.76021000e+00,1.76318700e+00,1.76021000e+00,1.75173200e+00,1.73904400e+00,1.72407700e+00,1.70911000e+00,1.69642200e+00,1.68794500e+00,1.68496800e+00
1.64566080e+06,-7.69564800e+00,1.68499000e+00,1.68793000e+00,1.69630300e+00,1.70883400e+00,1.72361500e+00,1.73839600e+00,1.75092700e+00,1.75929900e+00,1.76224000e+00,1.75929900e+00,1.75092700e+00,1.73839600e+00,1.72361500e+00,1.70883400e+00,1.69630300e+00,1.68793000e+00,1.68499000e+00
1.64966080e+06,-7.69454100e+00,1.68501200e+00,1.68791600e+00,1.69618500e+00,1.70856000e+00,1.72315800e+00,1.73775600e+00,1.75013100e+00,1.75840000e+00,1.76130400e+00,1.75840000e+00,1.75013100e+00,1.73775600e+00,1.72315800e+00,1.70856000e+00,1.69618500e+00,1.68791600e+00,1.68501200e+00
1.65366080e+06,-7.69359400e+00,1.68503400e+00,1.68790200e+00,1.69606800e+00,1.70829000e+00,1.72270700e+00,1.73712300e+00,1.74934500e+00,1.75751200e+00,1.76038000e+00,1.75751200e+00,1.74934500e+00,1.73712300e+00,1.72270700e+00,1.70829000e+00,1.69606800e+00,1.68790200e+00,1.68503400e+00
1.65766080e+06,-7.69278600e+00,1.68505500e+00,1.68788700e+00,1.69595200e+00,1.70802300e+00,1.72226100e+00,1.73649900e+00,1.74857000e+00,1.75663500e+00,1.75946700e+00,1.75663500e+00,1.74857000e+00,1.73649900e+00,1.72226100e+00,1.70802300e+00,1.69595200e+00,1.68788700e+00,1.68505500e+00
1.66166080e+06,-7.69210200e+00,1.68507600e+00,1.68787300e+00,1.69583800e+00,1.70775900e+00,1.72182000e+00,1.73588200e+00,1.74780300e+00,1.75576900e+00,1.75856600e+00,1.75576900e+00,1.74780300e+00,1.73588200e+00,1.72182000e+00,1.70775900e+00,1.69583800e+00,1.68787300e+00,1.68507600e+00
1.66566080e+06,-7.69152700e+00,1.68509600e+00,1.68785800e+00,1.69572500e+00,1.70749800e+00,1.72138500e+00,1.73527300e+00,1.74704600e+00,1.75491300e+00,1.75767600e+00,1.75491300e+00,1.74704600e+00,1.73527300e+00,1.72138500e+00,1.70749800e+00,1.69572500e+00,1.68785800e+00,1.68509600e+00
1.66966080e+06,-7.69104700e+00,1.68511500e+00,1.68784400e+00,1.69561300e+00,1.70724000e+00,1.72095600e+00,1.73467100e+00,1.74629900e+00,1.75406800e+00,1.75679600e+00,1.75406800e+00,1.74629900e+00,1.73467100e+00,1.72095600e+00,1.70724000e+00,1.69561300e+00,1.68784400e+00,1.68511500e+00
1.67366080e+06,-7.69065300e+00,1.68513500e+00,1.68782900e+00,1.69550200e+00,1.70698500e+00,1.72053100e+00,1.73407700e+00,1.74556000e+00,1.75323400e+00,1.75592800e+00,1.75323400e+00,1.74556000e+00,1.73407700e+00,1.72053100e+00,1.70698500e+00,1.69550200e+00,1.68782900e+00,1.68513500e+00
1.67766080e+06,-7.69033400e+00,1.68515300e+00,1.68781400e+00,1.69539200e+00,1.70673400e+00,1.72011200e+00,1.73349000e+00,1.74483100e+00,1.75240900e+00,1.75507000e+00,1.75240900e+00,1.74483100e+00,1.73349000e+00,1.72011200e+00,1.70673400e+00,1.69539200e+00,1.68781400e+00,1.68515300e+00
1.68166080e+06,-7.69008300e+00,1.68517200e+00,1.68780000e+00,1.69528400e+00,1.70648500e+00,1.71969700e+00,1.73291000e+00,1.74411100e+00,1.75159500e+00,1.75422400e+00,1.75159500e+00,1.74411100e+00,1.73291000e+00,1.71969700e+00,1.70648500e+00,1.69528400e+00,1.68780000e+00,1.68517200e+00
1.68566080e+06,-7.68989700e+00,1.68518900e+00,1.68778500e+00,1.69517700e+00,1.70623900e+00,1.71928800e+00,1.73233700e+00,1.74340000e+00,1.75079100e+00,1.75338700e+00,1.75079100e+00,1.74340000e+00,1.73233700e+00,1.71928800e+00,1.70623900e+00,1.69517700e+00,1.68778500e+00,1.68518900e+00
1.68966080e+06,-7.68977200e+00,1.68520700e+00,1.68777000e+00,1.69507000e+00,1.70599600e+00,1.71888400e+00,1.73177100e+00,1.74269700e+00,1.74999700e+00,1.75256100e+00,1.74999700e+00,1.74269700e+00,1.73177100e+00,1.71888400e+00,1.70599600e+00,1.69507000e+00,1.68777000e+00,1.68520700e+00
1.69366080e+06,-7.68970900e+00,1.68522400e+00,1.68775500e+00,1.69496500e+00,1.70575600e+00,1.71848400e+00,1.73121300e+00,1.74200300e+00,1.74921300e+00,1.75174500e+00,1.74921300e+00,1.74200300e+00,1.73121300e+00,1.71848400e+00,1.70575600e+00,1.69496500e+00,1.68775500e+00,1.68522400e+00
1.69766080e+06,-7.68971200e+00,1.68524000e+00,1.68774100e+00,1.69486200e+00,1.70551900e+00,1.71809000e+00,1.73066100e+00,1.74131800e+00,1.74843900e+00,1.75093900e+00,1.74843900e+00,1.74131800e+00,1.73066100e+00,1.71809000e+00,1.70551900e+00,1.69486200e+00,1.68774100e+00,1.68524000e+00
1.70166080e+06,-7.68978600e+00,1.68525600e+00,1.68772600e+00,1.69475900e+00,1.70528400e+00,1.71770000e+00,1.73011500e+00,1.74064100e+00,1.74767400e+00,1.75014300e+00,1.74767400e+00,1.74064100e+00,1.73011500e+00,1.71770000e+00,1.70528400e+00,1.69475900e+00,1.68772600e+00,1.68525600e+00
1.70566080e+06,-7.68993900e+00,1.68527200e+00,1.68771100e+00,1.69465700e+00,1.70505200e+00,1.71731500e+00,1.72957700e+00,1.73997200e+00,1.74691800e+00,1.74935700e+00,1.74691800e+00,1.73997200e+00,1.72957700e+00,1.71731500e+00,1.70505200e+00,1.69465700e+00,1.68771100e+00,1.68527200e+00
1.70966080e+06,-7.69018400e+00,1.68528700e+00,1.68769600e+00,1.69455700e+00,1.70482300e+00,1.71693400e+00,1.72904500e+00,1.73931200e+00,1.74617200e+00,1.74858100e+00,1.74617200e+00,1.73931200e+00,1.72904500e+00,1.71693400e+00,1.70482300e+00,1.69455700e+00,1.68769600e+00,1.68528700e+00
1.71366080e+06,-7.69053600e+00,1.68530200e+00,1.68768200e+00,1.69445700e+00,1.70459700e+00,1.71655800e+00,1.72851900e+00,1.73866000e+00,1.74543500e+00,1.74781400e+00,1.74543500e+00,1.73866000e+00,1.72851900e+00,1.71655800e+00,1.70459700e+00,1.69445700e+00,1.68768200e+00,1.68530200e+00
1.71766080e+06,-7.69101400e+00,1.68531700e+00,1.68766700e+00,1.69435900e+00,1.70437400e+00,1.71618700e+00,1.72800100e+00,1.73801600e+00,1.74470700e+00,1.74705700e+00,1.74470700e+00,1.73801600e+00,1.72800100e+00,1.71618700e+00,1.70437400e+00,1.69435900e+00,1.68766700e+00,1.68531700e+00
1.72166080e+06,-7.69164300e+00,1.68533100e+00,1.68765200e+00,1.69426100e+00,1.70415300e+00,1.71582000e+00,1.72748800e+00,1.73737900e+00,1.74398900e+00,1.74630900e+00,1.74398900e+00,1.73737900e+00,1.72748800e+00,1.71582000e+00,1.70415300e+00,1.69426100e+00,1.68765200e+00,1.68533100e+00
1.72566080e+06,-7.69245000e+00,1.68534500e+00,1.68763700e+00,1.69416500e+00,1.70393400e+00,1.71545800e+00,1.72698200e+00,1.73675100e+00,1.74327800e+00,1.74557100e+00,1.74327800e+00,1.73675100e+00,1.72698200e+00,1.71545800e+00,1.70393400e+00,1.69416500e+00,1.68763700e+00,1.68534500e+00
1.72966080e+06,-7.69346700e+00,1.68535900e+00,1.68762300e+00,1.69407000e+00,1.70371800e+00,1.71510000e+00,1.72648100e+00,1.73613000e+00,1.74257700e+00,1.74484100e+00,1.74257700e+00,1.73613000e+00,1.72648100e+00,1.71510000e+00,1.70371800e+00,1.69407000e+00,1.68762300e+00,1.68535900e+00
1.73366080e+06,-7.69473100e+00,1.68537200e+00,1.68760800e+00,1.69397600e+00,1.70350500e+00,1.71474600e+00,1.72598700e+00,1.73551700e+00,1.74188500e+00,1.74412100e+00,1.74188500e+00,1.73551700e+00,1.72598700e+00,1.71474600e+00,1.70350500e+00,1.69397600e+00,1.68760800e+00,1.68537200e+00
1.73766080e+06,-7.69628600e+00,1.68538500e+00,1.68759400e+00,1.69388200e+00,1.70329500e+00,1.71439700e+00,1.72549900e+00,1.73491200e+00,1.74120100e+00,1.74340900e+00,1.74120100e+00,1.73491200e+00,1.72549900e+00,1.71439700e+00,1.70329500e+00,1.69388200e+00,1.68759400e+00,1.68538500e+00
1.74166080e+06,-7.69817900e+00,1.68539800e+00,1.68757900e+00,1.69379000e+00,1.70308600e+00,1.71405200e+00,1.72501700e+00,1.73431300e+00,1.74052500e+00,1.74270600e+00,1.74052500e+00,1.73431300e+00,1.72501700e+00,1.71405200e+00,1.70308600e+00,1.69379000e+00,1.68757900e+00,1.68539800e+00
1.74566080e+06,-7.70046100e+00,1.68541000e+00,1.68756400e+00,1.69369900e+00,1.70288100e+00,1.71371100e+00,1.72454100e+00,1.73372300e+00,1.73985800e+00,1.74201200e+00,1.73985800e+00,1.73372300e+00,1.72454100e+00,1.71371100e+00,1.70288100e+00,1.69369900e+00,1.68756400e+00,1.68541000e+00
1.74966080e+06,-7.70319000e+00,1.68542200e+00,1.68755000e+00,1.69360900e+00,1.70267700e+00,1.71337400e+00,1.72407100e+00,1.73313900e+00,1.73919900e+00,1.74132600e+00,1.73919900e+00,1.73313900e+00,1.72407100e+00,1.71337400e+00,1.70267700e+00,1.69360900e+00,1.68755000e+00,1.68542200e+00
1.75366080e+06,-7.70642600e+00,1.68543400e+00,1.68753500e+00,1.69352000e+00,1.70247600e+00,1.71304100e+00,1.72360600e+00,1.73256300e+00,1.73854800e+00,1.74064900e+00,1.73854800e+00,1.73256300e+00,1.72360600e+00,1.71304100e+00,1.70247600e+00,1.69352000e+00,1.68753500e+00,1.68543400e+00
1.75766080e+06,-7.71023000e+00,1.68544500e+00,1.68752100e+00,1.69343200e+00,1.70227800e+00,1.71271300e+00,1.72314800e+00,1.73199400e+00,1.73790500e+00,1.73998000e+00,1.73790500e+00,1.73199400e+00,1.72314800e+00,1.71271300e+00,1.70227800e+00,1.69343200e+00,1.68752100e+00,1.68544500e+00
1.76166080e+06,-7.71466600e+00,1.68545700e+00,1.68750700e+00,1.69334500e+00,1.70208200e+00,1.71238800e+00,1.72269400e+00,1.73143200e+00,1.73727000e+00,1.73932000e+00,1.73727000e+00,1.73143200e+00,1.72269400e+00,1.71238800e+00,1.70208200e+00,1.69334500e+00,1.68750700e+00,1.68545700e+00
1.76566080e+06,-7.71979500e+00,1.68546800e+00,1.68749200e+00,1.69325800e+00,1.70188800e+00,1.71206700e+00,1.72224700e+00,1.73087600e+00,1.73664200e+00,1.73866700e+00,1.73664200e+00,1.73087600e+00,1.72224700e+00,1.71206700e+00,1.70188800e+00,1.69325800e+00,1.68749200e+00,1.68546800e+00
1.76966080e+06,-7.72567300e+00,1.68547800e+00,1.68747800e+00,1.69317300e+00,1.70169600e+00,1.71175000e+00,1.72180400e+00,1.73032800e+00,1.73602300e+00,1.73802300e+00,1.73602300e+00,1.73032800e+00,1.72180400e+00,1.71175000e+00,1.70169600e+00,1.69317300e+00,1.68747800e+00,1.68547800e+00
1.77366080e+06,-7.73235100e+00,1.68548900e+00,1.68746400e+00,1.69308900e+00,1.70150700e+00,1.71143700e+00,1.72136800e+00,1.72978600e+00,1.73541100e+00,1.73738600e+00,1.73541100e+00,1.72978600e+00,1.72136800e+00,1.71143700e+00,1.70150700e+00,1.69308900e+00,1.68746400e+00,1.68548900e+00
1.77766080e+06,-7.73986700e+00,1.68549900e+00,1.68745000e+00,1.69300500e+00,1.70132000e+00,1.71112800e+00,1.72093600e+00,1.72925100e+00,1.73480700e+00,1.73675800e+00,1.73480700e+00,1.72925100e+00,1.72093600e+00,1.71112800e+00,1.70132000e+00,1.69300500e+00,1.68745000e+00,1.68549900e+00
1.78166080e+06,-7.73898400e+00,1.68550900e+00,1.68743600e+00,1.69292300e+00,1.70113500e+00,1.71082300e+00,1.72051000e+00,1.72872200e+00,1.73421000e+00,1.73613700e+00,1.73421000e+00,1.72872200e+00,1.72051000e+00,1.71082300e+00,1.70113500e+00,1.69292300e+00,1.68743600e+00,1.68550900e+00
1.78566080e+06,-7.73759300e+00,1.68551800e+00,1.68742200e+00,1.69284100e+00,1.70095300e+00,1.71052100e+00,1.72008900e+00,1.72820000e+00,1.73362000e+00,1.73552300e+00,1.73362000e+00,1.72820000e+00,1.72008900e+00,1.71052100e+00,1.70095300e+00,1.69284100e+00,1.68742200e+00,1.68551800e+00
1.78966080e+06,-7.73628000e+00,1.68552800e+00,1.68740800e+00,1.69276100e+00,1.70077200e+00,1.71022300e+00,1.71967300e+00,1.72768500e+00,1.73303800e+00,1.73491800e+00,1.73303800e+00,1.72768500e+00,1.71967300e+00,1.71022300e+00,1.70077200e+00,1.69276100e+00,1.68740800e+00,1.68552800e+00
1.79366080e+06,-7.73504200e+00,1.68553700e+00,1.68739400e+00,1.69268100e+00,1.70059400e+00,1.70992800e+00,1.71926200e+00,1.72717500e+00,1.73246300e+00,1.73431900e+00,1.73246300e+00,1.72717500e+00,1.71926200e+00,1.70992800e+00,1.70059400e+00,1.69268100e+00,1.68739400e+00,1.68553700e+00
1.79766080e+06,-7.73387600e+00,1.68554600e+00,1.68738000e+00,1.69260200e+00,1.70041800e+00,1.70963700e+00,1.71885600e+00,1.72667200e+00,1.73189500e+00,1.73372800e+00,1.73189500e+00,1.72667200e+00,1.71885600e+00,1.70963700e+00,1.70041800e+00,1.69260200e+00,1.68738000e+00,1.68554600e+00
1.80166080e+06,-7.73278000e+00,1.68555500e+00,1.68736600e+00,1.69252400e+00,1.70024400e+00,1.70935000e+00,1.71845600e+00,1.72617500e+00,1.73133300e+00,1.73314500e+00,1.73133300e+00,1.72617500e+00,1.71845600e+00,1.70935000e+00,1.70024400e+00,1.69252400e+00,1.68736600e+00,1.68555500e+00
1.80566080e+06,-7.73174700e+00,1.68556300e+00,1.68735200e+00,1.69244700e+00,1.70007200e+00,1.70906600e+00,1.71806000e+00,1.72568400e+00,1.73077900e+00,1.73256800e+00,1.73077900e+00,1.72568400e+00,1.71806000e+00,1.70906600e+00,1.70007200e+00,1.69244700e+00,1.68735200e+00,1.68556300e+00
1.80966080e+06,-7.73077300e+00,1.68557200e+00,1.68733900e+00,1.69237100e+00,1.69990200e+00,1.70878500e+00,1.71766900e+00,1.72520000e+00,1.73023200e+00,1.73199900e+00,1.73023200e+00,1.72520000e+00,1.71766900e+00,1.70878500e+00,1.69990200e+00,1.69237100e+00,1.68733900e+00,1.68557200e+00
1.81366080e+06,-7.72985400e+00,1.68558000e+00,1.68732500e+00,1.69229500e+00,1.69973400e+00,1.70850800e+00,1.71728200e+00,1.72472100e+00,1.72969100e+00,1.73143600e+00,1.72969100e+00,1.72472100e+00,1.71728200e+00,1.70850800e+00,1.69973400e+00,1.69229500e+00,1.68732500e+00,1.68558000e+00
1.81766080e+06,-7.72898200e+00,1.68558800e+00,1.68731200e+00,1.69222100e+00,1.69956800e+00,1.70823400e+00,1.71690100e+00,1.72424800e+00,1.72915700e+00,1.73088100e+00,1.72915700e+00,1.72424800e+00,1.71690100e+00,1.70823400e+00,1.69956800e+00,1.69222100e+00,1.68731200e+00,1.68558800e+00
1.82166080e+06,-7.72815500e+00,1.68559600e+00,1.68729800e+00,1.69214700e+00,1.69940400e+00,1.70796400e+00,1.71652400e+00,1.72378100e+00,1.72863000e+00,1.73033200e+00,1.72863000e+00,1.72378100e+00,1.71652400e+00,1.70796400e+00,1.69940400e+00,1.69214700e+00,1.68729800e+00,1.68559600e+00
1.82566080e+06,-7.72736800e+00,1.68560300e+00,1.68728500e+00,1.69207400e+00,1.69924200e+00,1.70769700e+00,1.71615200e+00,1.72331900e+00,1.72810900e+00,1.72979000e+00,1.72810900e+00,1.72331900e+00,1.71615200e+00,1.70769700e+00,1.69924200e+00,1.69207400e+00,1.68728500e+00,1.68560300e+00
1.82966080e+06,-7.72661800e+00,1.68561000e+00,1.68727200e+00,1.69200200e+00,1.69908200e+00,1.70743300e+00,1.71578400e+00,1.72286300e+00,1.72759400e+00,1.72925500e+00,1.72759400e+00,1.72286300e+00,1.71578400e+00,1.70743300e+00,1.69908200e+00,1.69200200e+00,1.68727200e+00,1.68561000e+00
1.83366080e+06,-7.72590300e+00,1.68561800e+00,1.68725800e+00,1.69193100e+00,1.69892400e+00,1.70717200e+00,1.71542000e+00,1.72241300e+00,1.72708600e+00,1.72872600e+00,1.72708600e+00,1.72241300e+00,1.71542000e+00,1.70717200e+00,1.69892400e+00,1.69193100e+00,1.68725800e+00,1.68561800e+00
1.83766080e+06,-7.72522200e+00,1.68562500e+00,1.68724500e+00,1.69186000e+00,1.69876700e+00,1.70691400e+00,1.71506200e+00,1.72196900e+00,1.72658400e+00,1.72820400e+00,1.72658400e+00,1.72196900e+00,1.71506200e+00,1.70691400e+00,1.69876700e+00,1.69186000e+00,1.68724500e+00,1.68562500e+00
1.84166080e+06,-7.72457900e+00,1.68563200e+00,1.68723200e+00,1.69179100e+00,1.69861300e+00,1.70666000e+00,1.71470700e+00,1.72152900e+00,1.72608800e+00,1.72768800e+00,1.72608800e+00,1.72152900e+00,1.71470700e+00,1.70666000e+00,1.69861300e+00,1.69179100e+00,1.68723200e+00,1.68563200e+00
1.84566080e+06,-7.72397500e+00,1.68563800e+00,1.68721900e+00,1.69172200e+00,1.69846000e+00,1.70640900e+00,1.71435700e+00,1.72109500e+00,1.72559800e+00,1.72717900e+00,1.72559800e+00,1.72109500e+00,1.71435700e+00,1.70640900e+00,1.69846000e+00,1.69172200e+00,1.68721900e+00,1.68563800e+00
1.84966080e+06,-7.72341700e+00,1.68564500e+00,1.68720700e+00,1.69165400e+00,1.69830900e+00,1.70616000e+00,1.71401100e+00,1.72066700e+00,1.72511400e+00,1.72667600e+00,1.72511400e+00,1.72066700e+00,1.71401100e+00,1.70616000e+00,1.69830900e+00,1.69165400e+00,1.68720700e+00,1.68564500e+00
1.85366080e+06,-7.72291300e+00,1.68565100e+00,1.68719400e+00,1.69158600e+00,1.69816000e+00,1.70591500e+00,1.71366900e+00,1.72024400e+00,1.72463600e+00,1.72617900e+00,1.72463600e+00,1.72024400e+00,1.71366900e+00,1.70591500e+00,1.69816000e+00,1.69158600e+00,1.68719400e+00,1.68565100e+00
1.85766080e+06,-7.72247500e+00,1.68565800e+00,1.68718100e+00,1.69152000e+00,1.69801300e+00,1.70567300e+00,1.71333200e+00,1.71982500e+00,1.72416400e+00,1.72568800e+00,1.72416400e+00,1.71982500e+00,1.71333200e+00,1.70567300e+00,1.69801300e+00,1.69152000e+00,1.68718100e+00,1.68565800e+00
1.86166080e+06,-7.72211700e+00,1.68566400e+00,1.68716800e+00,1.69145400e+00,1.69786800e+00,1.70543300e+00,1.71299900e+00,1.71941200e+00,1.72369800e+00,1.72520300e+00,1.72369800e+00,1.71941200e+00,1.71299900e+00,1.70543300e+00,1.69786800e+00,1.69145400e+00,1.68716800e+00,1.68566400e+00
1.86566080e+06,-7.72185700e+00,1.68567000e+00,1.68715600e+00,1.69138900e+00,1.69772400e+00,1.70519700e+00,1.71266900e+00,1.71900400e+00,1.72323700e+00,1.72472400e+00,1.72323700e+00,1.71900400e+00,1.71266900e+00,1.70519700e+00,1.69772400e+00,1.69138900e+00,1.68715600e+00,1.68567000e+00
1.86966080e+06,-7.72171500e+00,1.68567500e+00,1.68714400e+00,1.69132500e+00,1.69758200e+00,1.70496300e+00,1.71234400e+00,1.71860100e+00,1.72278200e+00,1.72425100e+00,1.72278200e+00,1.71860100e+00,1.71234400e+00,1.70496300e+00,1.69758200e+00,1.69132500e+00,1.68714400e+00,1.68567500e+00
1.87366080e+06,-7.72171800e+00,1.68568100e+00,1.68713100e+00,1.69126100e+00,1.69744200e+00,1.70473200e+00,1.71202300e+00,1.71820300e+00,1.72233300e+00,1.72378300e+00,1.72233300e+00,1.71820300e+00,1.71202300e+00,1.70473200e+00,1.69744200e+00,1.69126100e+00,1.68713100e+00,1.68568100e+00
1.87766080e+06,-7.72189300e+00,1.68568600e+00,1.68711900e+00,1.69119800e+00,1.69730300e+00,1.70450400e+00,1.71170500e+00,1.71781000e+00,1.72188900e+00,1.72332200e+00,1.72188900e+00,1.71781000e+00,1.71170500e+00,1.70450400e+00,1.69730300e+00,1.69119800e+00,1.68711900e+00,1.68568600e+00
1.88166080e+06,-7.72227600e+00,1.68569200e+00,1.68710700e+00,1.69113600e+00,1.69716600e+00,1.70427900e+00,1.71139200e+00,1.71742200e+00,1.72145100e+00,1.72286600e+00,1.72145100e+00,1.71742200e+00,1.71139200e+00,1.70427900e+00,1.69716600e+00,1.69113600e+00,1.68710700e+00,1.68569200e+00
1.88566080e+06,-7.72290400e+00,1.68569700e+00,1.68709500e+00,1.69107400e+00,1.69703100e+00,1.70405600e+00,1.71108200e+00,1.71703800e+00,1.72101800e+00,1.72241600e+00,1.72101800e+00,1.71703800e+00,1.71108200e+00,1.70405600e+00,1.69703100e+00,1.69107400e+00,1.68709500e+00,1.68569700e+00
1.88966080e+06,-7.72344400e+00,1.68570200e+00,1.68708300e+00,1.69101400e+00,1.69689700e+00,1.70383700e+00,1.71077600e+00,1.71665900e+00,1.72059000e+00,1.72197100e+00,1.72059000e+00,1.71665900e+00,1.71077600e+00,1.70383700e+00,1.69689700e+00,1.69101400e+00,1.68708300e+00,1.68570200e+00
1.89366080e+06,-7.72319800e+00,1.68570700e+00,1.68707100e+00,1.69095400e+00,1.69676500e+00,1.70361900e+00,1.71047400e+00,1.71628500e+00,1.72016800e+00,1.72153100e+00,1.72016800e+00,1.71628500e+00,1.71047400e+00,1.70361900e+00,1.69676500e+00,1.69095400e+00,1.68707100e+00,1.68570700e+00
1.89766080e+06,-7.72291800e+00,1.68571200e+00,1.68705900e+00,1.69089400e+00,1.69663400e+00,1.70340500e+00,1.71017500e+00,1.71591500e+00,1.71975100e+00,1.72109700e+00,1.71975100e+00,1.71591500e+00,1.71017500e+00,1.70340500e+00,1.69663400e+00,1.69089400e+00,1.68705900e+00,1.68571200e+00
1.90166080e+06,-7.72260500e+00,1.68571700e+00,1.68704700e+00,1.69083600e+00,1.69650500e+00,1.70319300e+00,1.70988100e+00,1.71555000e+00,1.71933900e+00,1.72066900e+00,1.71933900e+00,1.71555000e+00,1.70988100e+00,1.70319300e+00,1.69650500e+00,1.69083600e+00,1.68704700e+00,1.68571700e+00
1.90566080e+06,-7.72226000e+00,1.68572200e+00,1.68703600e+00,1.69077700e+00,1.69637800e+00,1.70298300e+00,1.70958900e+00,1.71519000e+00,1.71893100e+00,1.72024500e+00,1.71893100e+00,1.71519000e+00,1.70958900e+00,1.70298300e+00,1.69637800e+00,1.69077700e+00,1.68703600e+00,1.68572200e+00
1.90966080e+06,-7.72188400e+00,1.68572600e+00,1.68702400e+00,1.69072000e+00,1.69625200e+00,1.70277700e+00,1.70930200e+00,1.71483300e+00,1.71852900e+00,1.71982700e+00,1.71852900e+00,1.71483300e+00,1.70930200e+00,1.70277700e+00,1.69625200e+00,1.69072000e+00,1.68702400e+00,1.68572600e+00
1.91366080e+06,-7.72148300e+00,1.68573100e+00,1.68701300e+00,1.69066300e+00,1.69612700e+00,1.70257200e+00,1.70901700e+00,1.71448100e+00,1.71813200e+00,1.71941400e+00,1.71813200e+00,1.71448100e+00,1.70901700e+00,1.70257200e+00,1.69612700e+00,1.69066300e+00,1.68701300e+00,1.68573100e+00
1.91766080e+06,-7.72106300e+00,1.68573500e+00,1.68700100e+00,1.69060700e+00,1.69600400e+00,1.70237000e+00,1.70873700e+00,1.71413400e+00,1.71774000e+00,1.71900600e+00,1.71774000e+00,1.71413400e+00,1.70873700e+00,1.70237000e+00,1.69600400e+00,1.69060700e+00,1.68700100e+00,1.68573500e+00
1.92166080e+06,-7.72063200e+00,1.68573900e+00,1.68699000e+00,1.69055200e+00,1.69588300e+00,1.70217100e+00,1.70845900e+00,1.71379000e+00,1.71735200e+00,1.71860300e+00,1.71735200e+00,1.71379000e+00,1.70845900e+00,1.70217100e+00,1.69588300e+00,1.69055200e+00,1.68699000e+00,1.68573900e+00
1.92566080e+06,-7.72019900e+00,1.68574300e+00,1.68697900e+00,1.69049700e+00,1.69576300e+00,1.70197400e+00,1.70818500e+00,1.71345100e+00,1.71696900e+00,1.71820500e+00,1.71696900e+00,1.71345100e+00,1.70818500e+00,1.70197400e+00,1.69576300e+00,1.69049700e+00,1.68697900e+00,1.68574300e+00
1.92966080e+06,-7.71977700e+00,1.68574700e+00,1.68696800e+00,1.69044300e+00,1.69564400e+00,1.70177900e+00,1.70791500e+00,1.71311600e+00,1.71659100e+00,1.71781200e+00,1.71659100e+00,1.71311600e+00,1.70791500e+00,1.70177900e+00,1.69564400e+00,1.69044300e+00,1.68696800e+00,1.68574700e+00
1.93366080e+06,-7.71938100e+00,1.68575100e+00,1.68695700e+00,1.69038900e+00,1.69552700e+00,1.70158700e+00,1.70764700e+00,1.71278500e+00,1.71621800e+00,1.71742300e+00,1.71621800e+00,1.71278500e+00,1.70764700e+00,1.70158700e+00,1.69552700e+00,1.69038900e+00,1.68695700e+00,1.68575100e+00
1.93766080e+06,-7.71902700e+00,1.68575500e+00,1.68694600e+00,1.69033600e+00,1.69541100e+00,1.70139700e+00,1.70738300e+00,1.71245800e+00,1.71584900e+00,1.71704000e+00,1.71584900e+00,1.71245800e+00,1.70738300e+00,1.70139700e+00,1.69541100e+00,1.69033600e+00,1.68694600e+00,1.68575500e+00
1.94166080e+06,-7.71873600e+00,1.68575900e+00,1.68693500e+00,1.69028400e+00,1.69529700e+00,1.70121000e+00,1.70712200e+00,1.71213500e+00,1.71548400e+00,1.71666100e+00,1.71548400e+00,1.71213500e+00,1.70712200e+00,1.70121000e+00,1.69529700e+00,1.69028400e+00,1.68693500e+00,1.68575900e+00
1.94566080e+06,-7.71852900e+00,1.68576200e+00,1.68692400e+00,1.69023200e+00,1.69518400e+00,1.70102400e+00,1.70686500e+00,1.71181600e+00,1.71512400e+00,1.71628600e+00,1.71512400e+00,1.71181600e+00,1.70686500e+00,1.70102400e+00,1.69518400e+00,1.69023200e+00,1.68692400e+00,1.68576200e+00
1.94966080e+06,-7.71843300e+00,1.68576600e+00,1.68691300e+00,1.69018100e+00,1.69507200e+00,1.70084100e+00,1.70661000e+00,1.71150100e+00,1.71476900e+00,1.71591600e+00,1.71476900e+00,1.71150100e+00,1.70661000e+00,1.70084100e+00,1.69507200e+00,1.69018100e+00,1.68691300e+00,1.68576600e+00
1.95366080e+06,-7.71847600e+00,1.68576900e+00,1.68690300e+00,1.69013100e+00,1.69496200e+00,1.70066000e+00,1.70635900e+00,1.71119000e+00,1.71441800e+00,1.71555100e+00,1.71441800e+00,1.71119000e+00,1.70635900e+00,1.70066000e+00,1.69496200e+00,1.69013100e+00,1.68690300e+00,1.68576900e+00
1.95766080e+06,-7.71869200e+00,1.68577300e+00,1.68689200e+00,1.69008100e+00,1.69485300e+00,1.70048200e+00,1.70611000e+00,1.71088200e+00,1.71407100e+00,1.71519000e+00,1.71407100e+00,1.71088200e+00,1.70611000e+00,1.70048200e+00,1.69485300e+00,1.69008100e+00,1.68689200e+00,1.68577300e+00
1.96166080e+06,-7.71911500e+00,1.68577600e+00,1.68688200e+00,1.69003200e+00,1.69474500e+00,1.70030500e+00,1.70586500e+00,1.71057900e+00,1.71372800e+00,1.71483400e+00,1.71372800e+00,1.71057900e+00,1.70586500e+00,1.70030500e+00,1.69474500e+00,1.69003200e+00,1.68688200e+00,1.68577600e+00
1.96566080e+06,-7.71978600e+00,1.68577900e+00,1.68687200e+00,1.68998300e+00,1.69463900e+00,1.70013100e+00,1.70562300e+00,1.71027900e+00,1.71339000e+00,1.71448200e+00,1.71339000e+00,1.71027900e+00,1.70562300e+00,1.70013100e+00,1.69463900e+00,1.68998300e+00,1.68687200e+00,1.68577900e+00
1.96966080e+06,-7.72074800e+00,1.68578200e+00,1.68686200e+00,1.68993400e+00,1.69453400e+00,1.69995800e+00,1.70538300e+00,1.70998200e+00,1.71305500e+00,1.71413400e+00,1.71305500e+00,1.70998200e+00,1.70538300e+00,1.69995800e+00,1.69453400e+00,1.68993400e+00,1.68686200e+00,1.68578200e+00
1.97366080e+06,-7.72205100e+00,1.68578600e+00,1.68685100e+00,1.68988700e+00,1.69443000e+00,1.69978800e+00,1.70514700e+00,1.70969000e+00,1.71272500e+00,1.71379100e+00,1.71272500e+00,1.70969000e+00,1.70514700e+00,1.69978800e+00,1.69443000e+00,1.68988700e+00,1.68685100e+00,1.68578600e+00
1.97766080e+06,-7.72374300e+00,1.68578900e+00,1.68684100e+00,1.68984000e+00,1.69432700e+00,1.69962000e+00,1.70491300e+00,1.70940000e+00,1.71239900e+00,1.71345200e+00,1.71239900e+00,1.70940000e+00,1.70491300e+00,1.69962000e+00,1.69432700e+00,1.68984000e+00,1.68684100e+00,1.68578900e+00
1.98166080e+06,-7.72588100e+00,1.68579100e+00,1.68683100e+00,1.68979300e+00,1.69422600e+00,1.69945400e+00,1.70468200e+00,1.70911500e+00,1.71207700e+00,1.71311700e+00,1.71207700e+00,1.70911500e+00,1.70468200e+00,1.69945400e+00,1.69422600e+00,1.68979300e+00,1.68683100e+00,1.68579100e+00
1.98566080e+06,-7.72852000e+00,1.68579400e+00,1.68682200e+00,1.68974700e+00,1.69412500e+00,1.69929000e+00,1.70445400e+00,1.70883300e+00,1.71175800e+00,1.71278600e+00,1.71175800e+00,1.70883300e+00,1.70445400e+00,1.69929000e+00,1.69412500e+00,1.68974700e+00,1.68682200e+00,1.68579400e+00
1.98966080e+06,-7.73171800e+00,1.68579700e+00,1.68681200e+00,1.68970200e+00,1.69402600e+00,1.69912800e+00,1.70422900e+00,1.70855400e+00,1.71144400e+00,1.71245900e+00,1.71144400e+00,1.70855400e+00,1.70422900e+00,1.69912800e+00,1.69402600e+00,1.68970200e+00,1.68681200e+00,1.68579700e+00
1.99366080e+06,-7.73553300e+00,1.68580000e+00,1.68680200e+00,1.68965700e+00,1.69392900e+00,1.69896800e+00,1.70400700e+00,1.70827900e+00,1.71113300e+00,1.71213600e+00,1.71113300e+00,1.70827900e+00,1.70400700e+00,1.69896800e+00,1.69392900e+00,1.68965700e+00,1.68680200e+00,1.68580000e+00
1.99766080e+06,-7.74002000e+00,1.68580200e+00,1.68679300e+00,1.68961200e+00,1.69383200e+00,1.69881000e+00,1.70378700e+00,1.70800700e+00,1.71082600e+00,1.71181700e+00,1.71082600e+00,1.70800700e+00,1.70378700e+00,1.69881000e+00,1.69383200e+00,1.68961200e+00,1.68679300e+00,1.68580200e+00
2.00166080e+06,-7.74523100e+00,1.68580500e+00,1.68678300e+00,1.68956800e+00,1.69373600e+00,1.69865300e+00,1.70357000e+00,1.70773800e+00,1.71052300e+00,1.71150100e+00,1.71052300e+00,1.70773800e+00,1.70357000e+00,1.69865300e+00,1.69373600e+00,1.68956800e+00,1.68678300e+00,1.68580500e+00
2.00566080e+06,-7.75121000e+00,1.68580800e+00,1.68677400e+00,1.68952500e+00,1.69364200e+00,1.69849900e+00,1.70335600e+00,1.70747300e+00,1.71022400e+00,1.71119000e+00,1.71022400e+00,1.70747300e+00,1.70335600e+00,1.69849900e+00,1.69364200e+00,1.68952500e+00,1.68677400e+00,1.68580800e+00
2.00966080e+06,-7.75799300e+00,1.68581000e+00,1.68676400e+00,1.68948200e+00,1.69354900e+00,1.69834600e+00,1.70314400e+00,1.70721100e+00,1.70992800e+00,1.71088300e+00,1.70992800e+00,1.70721100e+00,1.70314400e+00,1.69834600e+00,1.69354900e+00,1.68948200e+00,1.68676400e+00,1.68581000e+00
2.01366080e+06,-7.76541300e+00,1.68581200e+00,1.68675500e+00,1.68943900e+00,1.69345700e+00,1.69819600e+00,1.70293500e+00,1.70695200e+00,1.70963600e+00,1.71057900e+00,1.70963600e+00,1.70695200e+00,1.70293500e+00,1.69819600e+00,1.69345700e+00,1.68943900e+00,1.68675500e+00,1.68581200e+00
2.01766080e+06,-7.76258100e+00,1.68581500e+00,1.68674600e+00,1.68939700e+00,1.69336600e+00,1.69804700e+00,1.70272800e+00,1.70669600e+00,1.70934800e+00,1.71027900e+00,1.70934800e+00,1.70669600e+00,1.70272800e+00,1.69804700e+00,1.69336600e+00,1.68939700e+00,1.68674600e+00,1.68581500e+00
2.02166080e+06,-7.76004200e+00,1.68581700e+00,1.68673700e+00,1.68935600e+00,1.69327600e+00,1.69790000e+00,1.70252400e+00,1.70644400e+00,1.70906300e+00,1.70998300e+00,1.70906300e+00,1.70644400e+00,1.70252400e+00,1.69790000e+00,1.69327600e+00,1.68935600e+00,1.68673700e+00,1.68581700e+00
2.02566080e+06,-7.75779500e+00,1.68581900e+00,1.68672800e+00,1.68931500e+00,1.69318700e+00,1.69775500e+00,1.70232200e+00,1.70619400e+00,1.70878100e+00,1.70969000e+00,1.70878100e+00,1.70619400e+00,1.70232200e+00,1.69775500e+00,1.69318700e+00,1.68931500e+00,1.68672800e+00,1.68581900e+00
2.02966080e+06,-7.75583700e+00,1.68582200e+00,1.68671900e+00,1.68927500e+00,1.69309900e+00,1.69761100e+00,1.70212300e+00,1.70594800e+00,1.70850300e+00,1.70940100e+00,1.70850300e+00,1.70594800e+00,1.70212300e+00,1.69761100e+00,1.69309900e+00,1.68927500e+00,1.68671900e+00,1.68582200e+00
2.03366080e+06,-7.75416200e+00,1.68582400e+00,1.68671000e+00,1.68923500e+00,1.69301300e+00,1.69746900e+00,1.70192600e+00,1.70570400e+00,1.70822900e+00,1.70911500e+00,1.70822900e+00,1.70570400e+00,1.70192600e+00,1.69746900e+00,1.69301300e+00,1.68923500e+00,1.68671000e+00,1.68582400e+00
2.03766080e+06,-7.75276300e+00,1.68582600e+00,1.68670100e+00,1.68919500e+00,1.69292700e+00,1.69732900e+00,1.70173100e+00,1.70546400e+00,1.70795700e+00,1.70883300e+00,1.70795700e+00,1.70546400e+00,1.70173100e+00,1.69732900e+00,1.69292700e+00,1.68919500e+00,1.68670100e+00,1.68582600e+00
2.04166080e+06,-7.75163100e+00,1.68582800e+00,1.68669300e+00,1.68915600e+00,1.69284200e+00,1.69719100e+00,1.70153900e+00,1.70522600e+00,1.70768900e+00,1.70855400e+00,1.70768900e+00,1.70522600e+00,1.70153900e+00,1.69719100e+00,1.69284200e+00,1.68915600e+00,1.68669300e+00,1.68582800e+00
2.04566080e+06,-7.75075400e+00,1.68583000e+00,1.68668400e+00,1.68911700e+00,1.69275900e+00,1.69705400e+00,1.70135000e+00,1.70499100e+00,1.70742400e+00,1.70827900e+00,1.70742400e+00,1.70499100e+00,1.70135000e+00,1.69705400e+00,1.69275900e+00,1.68911700e+00,1.68668400e+00,1.68583000e+00
2.04966080e+06,-7.75012000e+00,1.68583200e+00,1.68667600e+00,1.68907900e+00,1.69267600e+00,1.69691900e+00,1.70116200e+00,1.70475900e+00,1.70716300e+00,1.70800700e+00,1.70716300e+00,1.70475900e+00,1.70116200e+00,1.69691900e+00,1.69267600e+00,1.68907900e+00,1.68667600e+00,1.68583200e+00
2.05366080e+06,-7.74971200e+00,1.68583400e+00,1.68666700e+00,1.68904100e+00,1.69259500e+00,1.69678600e+00,1.70097700e+00,1.70453000e+00,1.70690500e+00,1.70773800e+00,1.70690500e+00,1.70453000e+00,1.70097700e+00,1.69678600e+00,1.69259500e+00,1.68904100e+00,1.68666700e+00,1.68583400e+00
2.05766080e+06,-7.74951600e+00,1.68583500e+00,1.68665900e+00,1.68900400e+00,1.69251400e+00,1.69665400e+00,1.70079400e+00,1.70430400e+00,1.70664900e+00,1.70747300e+00,1.70664900e+00,1.70430400e+00,1.70079400e+00,1.69665400e+00,1.69251400e+00,1.68900400e+00,1.68665900e+00,1.68583500e+00
2.06166080e+06,-7.74951200e+00,1.68583700e+00,1.68665100e+00,1.68896700e+00,1.69243400e+00,1.69652400e+00,1.70061400e+00,1.70408100e+00,1.70639700e+00,1.70721100e+00,1.70639700e+00,1.70408100e+00,1.70061400e+00,1.69652400e+00,1.69243400e+00,1.68896700e+00,1.68665100e+00,1.68583700e+00
2.06566080e+06,-7.74968500e+00,1.68583900e+00,1.68664300e+00,1.68893100e+00,1.69235600e+00,1.69639500e+00,1.70043500e+00,1.70386000e+00,1.70614800e+00,1.70695200e+00,1.70614800e+00,1.70386000e+00,1.70043500e+00,1.69639500e+00,1.69235600e+00,1.68893100e+00,1.68664300e+00,1.68583900e+00
2.06966080e+06,-7.75001500e+00,1.68584100e+00,1.68663400e+00,1.68889500e+00,1.69227800e+00,1.69626800e+00,1.70025900e+00,1.70364200e+00,1.70590200e+00,1.70669600e+00,1.70590200e+00,1.70364200e+00,1.70025900e+00,1.69626800e+00,1.69227800e+00,1.68889500e+00,1.68663400e+00,1.68584100e+00
2.07366080e+06,-7.75048300e+00,1.68584200e+00,1.68662600e+00,1.68885900e+00,1.69220100e+00,1.69614300e+00,1.70008500e+00,1.70342600e+00,1.70565900e+00,1.70644300e+00,1.70565900e+00,1.70342600e+00,1.70008500e+00,1.69614300e+00,1.69220100e+00,1.68885900e+00,1.68662600e+00,1.68584200e+00
2.07766080e+06,-7.75107300e+00,1.68584400e+00,1.68661900e+00,1.68882400e+00,1.69212500e+00,1.69601900e+00,1.69991300e+00,1.70321400e+00,1.70541900e+00,1.70619400e+00,1.70541900e+00,1.70321400e+00,1.69991300e+00,1.69601900e+00,1.69212500e+00,1.68882400e+00,1.68661900e+00,1.68584400e+00
2.08166080e+06,-7.75176600e+00,1.68584600e+00,1.68661100e+00,1.68878900e+00,1.69205000e+00,1.69589600e+00,1.69974300e+00,1.70300300e+00,1.70518200e+00,1.70594700e+00,1.70518200e+00,1.70300300e+00,1.69974300e+00,1.69589600e+00,1.69205000e+00,1.68878900e+00,1.68661100e+00,1.68584600e+00
2.08566080e+06,-7.75254600e+00,1.68584700e+00,1.68660300e+00,1.68875500e+00,1.69197600e+00,1.69577500e+00,1.69957500e+00,1.70279600e+00,1.70494800e+00,1.70570400e+00,1.70494800e+00,1.70279600e+00,1.69957500e+00,1.69577500e+00,1.69197600e+00,1.68875500e+00,1.68660300e+00,1.68584700e+00
2.08966080e+06,-7.75339600e+00,1.68584900e+00,1.68659500e+00,1.68872100e+00,1.69190300e+00,1.69565600e+00,1.69940900e+00,1.70259100e+00,1.70471700e+00,1.70546300e+00,1.70471700e+00,1.70259100e+00,1.69940900e+00,1.69565600e+00,1.69190300e+00,1.68872100e+00,1.68659500e+00,1.68584900e+00
2.09366080e+06,-7.75430200e+00,1.68585000e+00,1.68658800e+00,1.68868800e+00,1.69183100e+00,1.69553800e+00,1.69924500e+00,1.70238800e+00,1.70448800e+00,1.70522600e+00,1.70448800e+00,1.70238800e+00,1.69924500e+00,1.69553800e+00,1.69183100e+00,1.68868800e+00,1.68658800e+00,1.68585000e+00
2.09766080e+06,-7.75524800e+00,1.68585200e+00,1.68658000e+00,1.68865400e+00,1.69175900e+00,1.69542100e+00,1.69908300e+00,1.70218800e+00,1.70426200e+00,1.70499100e+00,1.70426200e+00,1.70218800e+00,1.69908300e+00,1.69542100e+00,1.69175900e+00,1.68865400e+00,1.68658000e+00,1.68585200e+00
2.10166080e+06,-7.75622200e+00,1.68585300e+00,1.68657300e+00,1.68862200e+00,1.69168800e+00,1.69530600e+00,1.69892400e+00,1.70199000e+00,1.70404000e+00,1.70475900e+00,1.70404000e+00,1.70199000e+00,1.69892400e+00,1.69530600e+00,1.69168800e+00,1.68862200e+00,1.68657300e+00,1.68585300e+00
2.10566080e+06,-7.75721200e+00,1.68585400e+00,1.68656500e+00,1.68858900e+00,1.69161900e+00,1.69519200e+00,1.69876600e+00,1.70179500e+00,1.70381900e+00,1.70453000e+00,1.70381900e+00,1.70179500e+00,1.69876600e+00,1.69519200e+00,1.69161900e+00,1.68858900e+00,1.68656500e+00,1.68585400e+00
2.10966080e+06,-7.75820600e+00,1.68585600e+00,1.68655800e+00,1.68855700e+00,1.69155000e+00,1.69508000e+00,1.69861000e+00,1.70160200e+00,1.70360200e+00,1.70430400e+00,1.70360200e+00,1.70160200e+00,1.69861000e+00,1.69508000e+00,1.69155000e+00,1.68855700e+00,1.68655800e+00,1.68585600e+00
2.11366080e+06,-7.75919400e+00,1.68585700e+00,1.68655100e+00,1.68852600e+00,1.69148200e+00,1.69496900e+00,1.69845600e+00,1.70141200e+00,1.70338700e+00,1.70408000e+00,1.70338700e+00,1.70141200e+00,1.69845600e+00,1.69496900e+00,1.69148200e+00,1.68852600e+00,1.68655100e+00,1.68585700e+00
2.11766080e+06,-7.76016700e+00,1.68585800e+00,1.68654300e+00,1.68849400e+00,1.69141500e+00,1.69485900e+00,1.69830300e+00,1.70122300e+00,1.70317400e+00,1.70386000e+00,1.70317400e+00,1.70122300e+00,1.69830300e+00,1.69485900e+00,1.69141500e+00,1.68849400e+00,1.68654300e+00,1.68585800e+00
2.12166080e+06,-7.76111700e+00,1.68586000e+00,1.68653600e+00,1.68846400e+00,1.69134800e+00,1.69475100e+00,1.69815300e+00,1.70103700e+00,1.70296500e+00,1.70364100e+00,1.70296500e+00,1.70103700e+00,1.69815300e+00,1.69475100e+00,1.69134800e+00,1.68846400e+00,1.68653600e+00,1.68586000e+00
2.12566080e+06,-7.76203700e+00,1.68586100e+00,1.68652900e+00,1.68843300e+00,1.69128200e+00,1.69464300e+00,1.69800400e+00,1.70085400e+00,1.70275800e+00,1.70342600e+00,1.70275800e+00,1.70085400e+00,1.69800400e+00,1.69464300e+00,1.69128200e+00,1.68843300e+00,1.68652900e+00,1.68586100e+00
2.12966080e+06,-7.76292000e+00,1.68586200e+00,1.68652200e+00,1.68840300e+00,1.69121800e+00,1.69453800e+00,1.69785800e+00,1.70067200e+00,1.70255300e+00,1.70321300e+00,1.70255300e+00,1.70067200e+00,1.69785800e+00,1.69453800e+00,1.69121800e+00,1.68840300e+00,1.68652200e+00,1.68586200e+00
2.13366080e+06,-7.76376100e+00,1.68586300e+00,1.68651500e+00,1.68837300e+00,1.69115300e+00,1.69443300e+00,1.69771300e+00,1.70049300e+00,1.70235100e+00,1.70300300e+00,1.70235100e+00,1.70049300e+00,1.69771300e+00,1.69443300e+00,1.69115300e+00,1.68837300e+00,1.68651500e+00,1.68586300e+00
2.13766080e+06,-7.76455600e+00,1.68586400e+00,1.68650900e+00,1.68834400e+00,1.69109000e+00,1.69433000e+00,1.69756900e+00,1.70031600e+00,1.70215100e+00,1.70279500e+00,1.70215100e+00,1.70031600e+00,1.69756900e+00,1.69433000e+00,1.69109000e+00,1.68834400e+00,1.68650900e+00,1.68586400e+00
2.14166080e+06,-7.76530000e+00,1.68586500e+00,1.68650200e+00,1.68831500e+00,1.69102800e+00,1.69422800e+00,1.69742800e+00,1.70014100e+00,1.70195400e+00,1.70259000e+00,1.70195400e+00,1.70014100e+00,1.69742800e+00,1.69422800e+00,1.69102800e+00,1.68831500e+00,1.68650200e+00,1.68586500e+00
2.14566080e+06,-7.76599000e+00,1.68586600e+00,1.68649500e+00,1.68828600e+00,1.69096600e+00,1.69412700e+00,1.69728800e+00,1.69996800e+00,1.70175900e+00,1.70238800e+00,1.70175900e+00,1.69996800e+00,1.69728800e+00,1.69412700e+00,1.69096600e+00,1.68828600e+00,1.68649500e+00,1.68586600e+00
2.14966080e+06,-7.76662600e+00,1.68586700e+00,1.68648900e+00,1.68825700e+00,1.69090500e+00,1.69402800e+00,1.69715000e+00,1.69979800e+00,1.70156600e+00,1.70218800e+00,1.70156600e+00,1.69979800e+00,1.69715000e+00,1.69402800e+00,1.69090500e+00,1.68825700e+00,1.68648900e+00,1.68586700e+00
2.15366080e+06,-7.76720500e+00,1.68586800e+00,1.68648200e+00,1.68822900e+00,1.69084400e+00,1.69392900e+00,1.69701400e+00,1.69962900e+00,1.70137600e+00,1.70199000e+00,1.70137600e+00,1.69962900e+00,1.69701400e+00,1.69392900e+00,1.69084400e+00,1.68822900e+00,1.68648200e+00,1.68586800e+00
2.15766080e+06,-7.76772700e+00,1.68586900e+00,1.68647600e+00,1.68820200e+00,1.69078500e+00,1.69383200e+00,1.69687900e+00,1.69946200e+00,1.70118800e+00,1.70179500e+00,1.70118800e+00,1.69946200e+00,1.69687900e+00,1.69383200e+00,1.69078500e+00,1.68820200e+00,1.68647600e+00,1.68586900e+00
2.16166080e+06,-7.76819200e+00,1.68587000e+00,1.68646900e+00,1.68817400e+00,1.69072600e+00,1.69373600e+00,1.69674600e+00,1.69929800e+00,1.70100300e+00,1.70160200e+00,1.70100300e+00,1.69929800e+00,1.69674600e+00,1.69373600e+00,1.69072600e+00,1.68817400e+00,1.68646900e+00,1.68587000e+00
2.16566080e+06,-7.76860200e+00,1.68587100e+00,1.68646300e+00,1.68814700e+00,1.69066800e+00,1.69364100e+00,1.69661500e+00,1.69913500e+00,1.70082000e+00,1.70141100e+00,1.70082000e+00,1.69913500e+00,1.69661500e+00,1.69364100e+00,1.69066800e+00,1.68814700e+00,1.68646300e+00,1.68587100e+00
2.16966080e+06,-7.76896000e+00,1.68587200e+00,1.68645700e+00,1.68812000e+00,1.69061000e+00,1.69354800e+00,1.69648500e+00,1.69897500e+00,1.70063900e+00,1.70122300e+00,1.70063900e+00,1.69897500e+00,1.69648500e+00,1.69354800e+00,1.69061000e+00,1.68812000e+00,1.68645700e+00,1.68587200e+00
2.17366080e+06,-7.76926800e+00,1.68587300e+00,1.68645000e+00,1.68809400e+00,1.69055400e+00,1.69345500e+00,1.69635600e+00,1.69881600e+00,1.70046000e+00,1.70103700e+00,1.70046000e+00,1.69881600e+00,1.69635600e+00,1.69345500e+00,1.69055400e+00,1.68809400e+00,1.68645000e+00,1.68587300e+00
2.17766080e+06,-7.76953000e+00,1.68587400e+00,1.68644400e+00,1.68806800e+00,1.69049800e+00,1.69336400e+00,1.69623000e+00,1.69866000e+00,1.70028300e+00,1.70085300e+00,1.70028300e+00,1.69866000e+00,1.69623000e+00,1.69336400e+00,1.69049800e+00,1.68806800e+00,1.68644400e+00,1.68587400e+00
2.18166080e+06,-7.76975200e+00,1.68587500e+00,1.68643800e+00,1.68804200e+00,1.69044200e+00,1.69327300e+00,1.69610500e+00,1.69850500e+00,1.70010900e+00,1.70067200e+00,1.70010900e+00,1.69850500e+00,1.69610500e+00,1.69327300e+00,1.69044200e+00,1.68804200e+00,1.68643800e+00,1.68587500e+00
2.18566080e+06,-7.76994000e+00,1.68587600e+00,1.68643200e+00,1.68801600e+00,1.69038700e+00,1.69318400e+00,1.69598100e+00,1.69835200e+00,1.69993600e+00,1.70049200e+00,1.69993600e+00,1.69835200e+00,1.69598100e+00,1.69318400e+00,1.69038700e+00,1.68801600e+00,1.68643200e+00,1.68587600e+00
2.18966080e+06,-7.77010200e+00,1.68587700e+00,1.68642600e+00,1.68799100e+00,1.69033300e+00,1.69309600e+00,1.69585900e+00,1.69820100e+00,1.69976600e+00,1.70031500e+00,1.69976600e+00,1.69820100e+00,1.69585900e+00,1.69309600e+00,1.69033300e+00,1.68799100e+00,1.68642600e+00,1.68587700e+00
2.19366080e+06,-7.77024700e+00,1.68587700e+00,1.68642000e+00,1.68796600e+00,1.69028000e+00,1.69300900e+00,1.69573800e+00,1.69805200e+00,1.69959800e+00,1.70014000e+00,1.69959800e+00,1.69805200e+00,1.69573800e+00,1.69300900e+00,1.69028000e+00,1.68796600e+00,1.68642000e+00,1.68587700e+00
2.19766080e+06,-7.77038600e+00,1.68587800e+00,1.68641400e+00,1.68794200e+00,1.69022700e+00,1.69292300e+00,1.69561900e+00,1.69790400e+00,1.69943100e+00,1.69996800e+00,1.69943100e+00,1.69790400e+00,1.69561900e+00,1.69292300e+00,1.69022700e+00,1.68794200e+00,1.68641400e+00,1.68587800e+00
2.20166080e+06,-7.77053000e+00,1.68587900e+00,1.68640900e+00,1.68791700e+00,1.69017500e+00,1.69283800e+00,1.69550100e+00,1.69775900e+00,1.69926700e+00,1.69979700e+00,1.69926700e+00,1.69775900e+00,1.69550100e+00,1.69283800e+00,1.69017500e+00,1.68791700e+00,1.68640900e+00,1.68587900e+00
2.20566080e+06,-7.77069400e+00,1.68588000e+00,1.68640300e+00,1.68789300e+00,1.69012300e+00,1.69275400e+00,1.69538500e+00,1.69761500e+00,1.69910500e+00,1.69962800e+00,1.69910500e+00,1.69761500e+00,1.69538500e+00,1.69275400e+00,1.69012300e+00,1.68789300e+00,1.68640300e+00,1.68588000e+00
2.20966080e+06,-7.77089300e+00,1.68588000e+00,1.68639700e+00,1.68786900e+00,1.69007200e+00,1.69267100e+00,1.69527000e+00,1.69747300e+00,1.69894500e+00,1.69946200e+00,1.69894500e+00,1.69747300e+00,1.69527000e+00,1.69267100e+00,1.69007200e+00,1.68786900e+00,1.68639700e+00,1.68588000e+00
2.21366080e+06,-7.77114400e+00,1.68588100e+00,1.68639200e+00,1.68784600e+00,1.69002200e+00,1.69258900e+00,1.69515600e+00,1.69733300e+00,1.69878700e+00,1.69929700e+00,1.69878700e+00,1.69733300e+00,1.69515600e+00,1.69258900e+00,1.69002200e+00,1.68784600e+00,1.68639200e+00,1.68588100e+00
2.21766080e+06,-7.77146900e+00,1.68588200e+00,1.68638600e+00,1.68782300e+00,1.68997300e+00,1.69250800e+00,1.69504400e+00,1.69719400e+00,1.69863000e+00,1.69913500e+00,1.69863000e+00,1.69719400e+00,1.69504400e+00,1.69250800e+00,1.68997300e+00,1.68782300e+00,1.68638600e+00,1.68588200e+00
2.22166080e+06,-7.77188900e+00,1.68588300e+00,1.68638100e+00,1.68780000e+00,1.68992300e+00,1.69242800e+00,1.69493300e+00,1.69705700e+00,1.69847600e+00,1.69897400e+00,1.69847600e+00,1.69705700e+00,1.69493300e+00,1.69242800e+00,1.68992300e+00,1.68780000e+00,1.68638100e+00,1.68588300e+00
2.22566080e+06,-7.77242800e+00,1.68588300e+00,1.68637500e+00,1.68777700e+00,1.68987500e+00,1.69234900e+00,1.69482400e+00,1.69692200e+00,1.69832300e+00,1.69881600e+00,1.69832300e+00,1.69692200e+00,1.69482400e+00,1.69234900e+00,1.68987500e+00,1.68777700e+00,1.68637500e+00,1.68588300e+00
2.22966080e+06,-7.77311500e+00,1.68588400e+00,1.68637000e+00,1.68775500e+00,1.68982700e+00,1.69227100e+00,1.69471600e+00,1.69678800e+00,1.69817300e+00,1.69865900e+00,1.69817300e+00,1.69678800e+00,1.69471600e+00,1.69227100e+00,1.68982700e+00,1.68775500e+00,1.68637000e+00,1.68588400e+00
2.23366080e+06,-7.77397800e+00,1.68588400e+00,1.68636500e+00,1.68773300e+00,1.68978000e+00,1.69219400e+00,1.69460900e+00,1.69665600e+00,1.69802400e+00,1.69850400e+00,1.69802400e+00,1.69665600e+00,1.69460900e+00,1.69219400e+00,1.68978000e+00,1.68773300e+00,1.68636500e+00,1.68588400e+00
2.23766080e+06,-7.77349900e+00,1.68588500e+00,1.68636000e+00,1.68771100e+00,1.68973300e+00,1.69211800e+00,1.69450400e+00,1.69652600e+00,1.69787700e+00,1.69835100e+00,1.69787700e+00,1.69652600e+00,1.69450400e+00,1.69211800e+00,1.68973300e+00,1.68771100e+00,1.68636000e+00,1.68588500e+00
2.24166080e+06,-7.77275700e+00,1.68588600e+00,1.68635400e+00,1.68768900e+00,1.68968700e+00,1.69204300e+00,1.69439900e+00,1.69639700e+00,1.69773200e+00,1.69820000e+00,1.69773200e+00,1.69639700e+00,1.69439900e+00,1.69204300e+00,1.68968700e+00,1.68768900e+00,1.68635400e+00,1.68588600e+00
2.24566080e+06,-7.77217000e+00,1.68588600e+00,1.68634900e+00,1.68766800e+00,1.68964100e+00,1.69196900e+00,1.69429600e+00,1.69627000e+00,1.69758800e+00,1.69805100e+00,1.69758800e+00,1.69627000e+00,1.69429600e+00,1.69196900e+00,1.68964100e+00,1.68766800e+00,1.68634900e+00,1.68588600e+00
2.24966080e+06,-7.77176400e+00,1.68588700e+00,1.68634400e+00,1.68764700e+00,1.68959600e+00,1.69189500e+00,1.69419500e+00,1.69614400e+00,1.69744600e+00,1.69790400e+00,1.69744600e+00,1.69614400e+00,1.69419500e+00,1.69189500e+00,1.68959600e+00,1.68764700e+00,1.68634400e+00,1.68588700e+00
2.25366080e+06,-7.77156700e+00,1.68588700e+00,1.68633900e+00,1.68762600e+00,1.68955100e+00,1.69182300e+00,1.69409400e+00,1.69602000e+00,1.69730600e+00,1.69775800e+00,1.69730600e+00,1.69602000e+00,1.69409400e+00,1.69182300e+00,1.68955100e+00,1.68762600e+00,1.68633900e+00,1.68588700e+00
2.25766080e+06,-7.77161000e+00,1.68588800e+00,1.68633400e+00,1.68760500e+00,1.68950700e+00,1.69175100e+00,1.69399500e+00,1.69589700e+00,1.69716800e+00,1.69761400e+00,1.69716800e+00,1.69589700e+00,1.69399500e+00,1.69175100e+00,1.68950700e+00,1.68760500e+00,1.68633400e+00,1.68588800e+00
2.26166080e+06,-7.77192700e+00,1.68588800e+00,1.68632900e+00,1.68758500e+00,1.68946400e+00,1.69168000e+00,1.69389700e+00,1.69577600e+00,1.69703100e+00,1.69747200e+00,1.69703100e+00,1.69577600e+00,1.69389700e+00,1.69168000e+00,1.68946400e+00,1.68758500e+00,1.68632900e+00,1.68588800e+00
2.26566080e+06,-7.77255500e+00,1.68588900e+00,1.68632500e+00,1.68756500e+00,1.68942100e+00,1.69161100e+00,1.69380000e+00,1.69565600e+00,1.69689600e+00,1.69733200e+00,1.69689600e+00,1.69565600e+00,1.69380000e+00,1.69161100e+00,1.68942100e+00,1.68756500e+00,1.68632500e+00,1.68588900e+00
2.26966080e+06,-7.77353200e+00,1.68589000e+00,1.68632000e+00,1.68754500e+00,1.68937900e+00,1.69154100e+00,1.69370400e+00,1.69553800e+00,1.69676300e+00,1.69719300e+00,1.69676300e+00,1.69553800e+00,1.69370400e+00,1.69154100e+00,1.68937900e+00,1.68754500e+00,1.68632000e+00,1.68589000e+00
2.27366080e+06,-7.77490000e+00,1.68589000e+00,1.68631500e+00,1.68752500e+00,1.68933700e+00,1.69147300e+00,1.69361000e+00,1.69542100e+00,1.69663100e+00,1.69705600e+00,1.69663100e+00,1.69542100e+00,1.69361000e+00,1.69147300e+00,1.68933700e+00,1.68752500e+00,1.68631500e+00,1.68589000e+00
2.27766080e+06,-7.77670300e+00,1.68589000e+00,1.68631000e+00,1.68750600e+00,1.68929500e+00,1.69140600e+00,1.69351600e+00,1.69530600e+00,1.69650100e+00,1.69692100e+00,1.69650100e+00,1.69530600e+00,1.69351600e+00,1.69140600e+00,1.68929500e+00,1.68750600e+00,1.68631000e+00,1.68589000e+00
2.28166080e+06,-7.77898200e+00,1.68589100e+00,1.68630600e+00,1.68748700e+00,1.68925400e+00,1.69133900e+00,1.69342400e+00,1.69519200e+00,1.69637300e+00,1.69678800e+00,1.69637300e+00,1.69519200e+00,1.69342400e+00,1.69133900e+00,1.68925400e+00,1.68748700e+00,1.68630600e+00,1.68589100e+00
2.28566080e+06,-7.78178400e+00,1.68589100e+00,1.68630100e+00,1.68746800e+00,1.68921400e+00,1.69127300e+00,1.69333300e+00,1.69507900e+00,1.69624600e+00,1.69665600e+00,1.69624600e+00,1.69507900e+00,1.69333300e+00,1.69127300e+00,1.68921400e+00,1.68746800e+00,1.68630100e+00,1.68589100e+00
2.28966080e+06,-7.78515000e+00,1.68589200e+00,1.68629700e+00,1.68744900e+00,1.68917400e+00,1.69120800e+00,1.69324300e+00,1.69496800e+00,1.69612000e+00,1.69652500e+00,1.69612000e+00,1.69496800e+00,1.69324300e+00,1.69120800e+00,1.68917400e+00,1.68744900e+00,1.68629700e+00,1.68589200e+00
2.29366080e+06,-7.78912100e+00,1.68589200e+00,1.68629200e+00,1.68743100e+00,1.68913400e+00,1.69114400e+00,1.69315400e+00,1.69485800e+00,1.69599700e+00,1.69639600e+00,1.69599700e+00,1.69485800e+00,1.69315400e+00,1.69114400e+00,1.68913400e+00,1.68743100e+00,1.68629200e+00,1.68589200e+00
2.29766080e+06,-7.79373300e+00,1.68589300e+00,1.68628800e+00,1.68741200e+00,1.68909500e+00,1.69108100e+00,1.69306600e+00,1.69474900e+00,1.69587400e+00,1.69626900e+00,1.69587400e+00,1.69474900e+00,1.69306600e+00,1.69108100e+00,1.68909500e+00,1.68741200e+00,1.68628800e+00,1.68589300e+00
2.30166080e+06,-7.79901800e+00,1.68589300e+00,1.68628300e+00,1.68739400e+00,1.68905700e+00,1.69101800e+00,1.69298000e+00,1.69464200e+00,1.69575300e+00,1.69614300e+00,1.69575300e+00,1.69464200e+00,1.69298000e+00,1.69101800e+00,1.68905700e+00,1.68739400e+00,1.68628300e+00,1.68589300e+00
2.30566080e+06,-7.79835400e+00,1.68589400e+00,1.68627900e+00,1.68737600e+00,1.68901900e+00,1.69095600e+00,1.69289400e+00,1.69453600e+00,1.69563400e+00,1.69601900e+00,1.69563400e+00,1.69453600e+00,1.69289400e+00,1.69095600e+00,1.68901900e+00,1.68737600e+00,1.68627900e+00,1.68589400e+00
2.30966080e+06,-7.79537900e+00,1.68589400e+00,1.68627500e+00,1.68735900e+00,1.68898100e+00,1.69089500e+00,1.69280900e+00,1.69443200e+00,1.69551600e+00,1.69589700e+00,1.69551600e+00,1.69443200e+00,1.69280900e+00,1.69089500e+00,1.68898100e+00,1.68735900e+00,1.68627500e+00,1.68589400e+00
2.31366080e+06,-7.79271000e+00,1.68589400e+00,1.68627000e+00,1.68734100e+00,1.68894400e+00,1.69083500e+00,1.69272500e+00,1.69432800e+00,1.69539900e+00,1.69577500e+00,1.69539900e+00,1.69432800e+00,1.69272500e+00,1.69083500e+00,1.68894400e+00,1.68734100e+00,1.68627000e+00,1.68589400e+00
2.31766080e+06,-7.79034600e+00,1.68589500e+00,1.68626600e+00,1.68732400e+00,1.68890800e+00,1.69077500e+00,1.69264300e+00,1.69422600e+00,1.69528400e+00,1.69565600e+00,1.69528400e+00,1.69422600e+00,1.69264300e+00,1.69077500e+00,1.68890800e+00,1.68732400e+00,1.68626600e+00,1.68589500e+00
2.32166080e+06,-7.78828200e+00,1.68589500e+00,1.68626200e+00,1.68730700e+00,1.68887100e+00,1.69071600e+00,1.69256100e+00,1.69412500e+00,1.69517000e+00,1.69553700e+00,1.69517000e+00,1.69412500e+00,1.69256100e+00,1.69071600e+00,1.68887100e+00,1.68730700e+00,1.68626200e+00,1.68589500e+00
2.32566080e+06,-7.78651400e+00,1.68589500e+00,1.68625800e+00,1.68729000e+00,1.68883500e+00,1.69065800e+00,1.69248100e+00,1.69402600e+00,1.69505800e+00,1.69542100e+00,1.69505800e+00,1.69402600e+00,1.69248100e+00,1.69065800e+00,1.68883500e+00,1.68729000e+00,1.68625800e+00,1.68589500e+00
2.32966080e+06,-7.78503300e+00,1.68589600e+00,1.68625400e+00,1.68727400e+00,1.68880000e+00,1.69060000e+00,1.69240100e+00,1.69392700e+00,1.69494700e+00,1.69530500e+00,1.69494700e+00,1.69392700e+00,1.69240100e+00,1.69060000e+00,1.68880000e+00,1.68727400e+00,1.68625400e+00,1.68589600e+00
2.33366080e+06,-7.78383000e+00,1.68589600e+00,1.68625000e+00,1.68725700e+00,1.68876500e+00,1.69054400e+00,1.69232200e+00,1.69383000e+00,1.69483700e+00,1.69519100e+00,1.69483700e+00,1.69383000e+00,1.69232200e+00,1.69054400e+00,1.68876500e+00,1.68725700e+00,1.68625000e+00,1.68589600e+00
2.33766080e+06,-7.78289300e+00,1.68589600e+00,1.68624600e+00,1.68724100e+00,1.68873100e+00,1.69048800e+00,1.69224400e+00,1.69373400e+00,1.69472900e+00,1.69507900e+00,1.69472900e+00,1.69373400e+00,1.69224400e+00,1.69048800e+00,1.68873100e+00,1.68724100e+00,1.68624600e+00,1.68589600e+00
2.34166080e+06,-7.78221000e+00,1.68589700e+00,1.68624200e+00,1.68722500e+00,1.68869600e+00,1.69043200e+00,1.69216800e+00,1.69363900e+00,1.69462200e+00,1.69496700e+00,1.69462200e+00,1.69363900e+00,1.69216800e+00,1.69043200e+00,1.68869600e+00,1.68722500e+00,1.68624200e+00,1.68589700e+00
2.34566080e+06,-7.78176700e+00,1.68589700e+00,1.68623800e+00,1.68720900e+00,1.68866300e+00,1.69037700e+00,1.69209200e+00,1.69354500e+00,1.69451600e+00,1.69485700e+00,1.69451600e+00,1.69354500e+00,1.69209200e+00,1.69037700e+00,1.68866300e+00,1.68720900e+00,1.68623800e+00,1.68589700e+00
2.34966080e+06,-7.78154800e+00,1.68589700e+00,1.68623400e+00,1.68719400e+00,1.68863000e+00,1.69032300e+00,1.69201700e+00,1.69345300e+00,1.69441200e+00,1.69474900e+00,1.69441200e+00,1.69345300e+00,1.69201700e+00,1.69032300e+00,1.68863000e+00,1.68719400e+00,1.68623400e+00,1.68589700e+00
2.35366080e+06,-7.78153800e+00,1.68589800e+00,1.68623100e+00,1.68717800e+00,1.68859700e+00,1.69027000e+00,1.69194300e+00,1.69336100e+00,1.69430900e+00,1.69464200e+00,1.69430900e+00,1.69336100e+00,1.69194300e+00,1.69027000e+00,1.68859700e+00,1.68717800e+00,1.68623100e+00,1.68589800e+00
2.35766080e+06,-7.78172000e+00,1.68589800e+00,1.68622700e+00,1.68716300e+00,1.68856400e+00,1.69021700e+00,1.69187000e+00,1.69327100e+00,1.69420700e+00,1.69453600e+00,1.69420700e+00,1.69327100e+00,1.69187000e+00,1.69021700e+00,1.68856400e+00,1.68716300e+00,1.68622700e+00,1.68589800e+00
2.36166080e+06,-7.78208000e+00,1.68589800e+00,1.68622300e+00,1.68714800e+00,1.68853200e+00,1.69016500e+00,1.69179700e+00,1.69318200e+00,1.69410600e+00,1.69443100e+00,1.69410600e+00,1.69318200e+00,1.69179700e+00,1.69016500e+00,1.68853200e+00,1.68714800e+00,1.68622300e+00,1.68589800e+00
2.36566080e+06,-7.78259900e+00,1.68589900e+00,1.68621900e+00,1.68713300e+00,1.68850000e+00,1.69011300e+00,1.69172600e+00,1.69309300e+00,1.69400700e+00,1.69432800e+00,1.69400700e+00,1.69309300e+00,1.69172600e+00,1.69011300e+00,1.68850000e+00,1.68713300e+00,1.68621900e+00,1.68589900e+00
2.36966080e+06,-7.78326200e+00,1.68589900e+00,1.68621600e+00,1.68711800e+00,1.68846900e+00,1.69006200e+00,1.69165600e+00,1.69300600e+00,1.69390900e+00,1.69422600e+00,1.69390900e+00,1.69300600e+00,1.69165600e+00,1.69006200e+00,1.68846900e+00,1.68711800e+00,1.68621600e+00,1.68589900e+00
2.37366080e+06,-7.78405200e+00,1.68589900e+00,1.68621200e+00,1.68710400e+00,1.68843800e+00,1.69001200e+00,1.69158600e+00,1.69292000e+00,1.69381200e+00,1.69412500e+00,1.69381200e+00,1.69292000e+00,1.69158600e+00,1.69001200e+00,1.68843800e+00,1.68710400e+00,1.68621200e+00,1.68589900e+00
2.37766080e+06,-7.78495600e+00,1.68589900e+00,1.68620900e+00,1.68708900e+00,1.68840700e+00,1.68996200e+00,1.69151700e+00,1.69283500e+00,1.69371600e+00,1.69402500e+00,1.69371600e+00,1.69283500e+00,1.69151700e+00,1.68996200e+00,1.68840700e+00,1.68708900e+00,1.68620900e+00,1.68589900e+00
2.38166080e+06,-7.78595700e+00,1.68590000e+00,1.68620500e+00,1.68707500e+00,1.68837700e+00,1.68991300e+00,1.69144900e+00,1.69275100e+00,1.69362100e+00,1.69392700e+00,1.69362100e+00,1.69275100e+00,1.69144900e+00,1.68991300e+00,1.68837700e+00,1.68707500e+00,1.68620500e+00,1.68590000e+00
2.38566080e+06,-7.78704200e+00,1.68590000e+00,1.68620200e+00,1.68706100e+00,1.68834700e+00,1.68986500e+00,1.69138200e+00,1.69266800e+00,1.69352800e+00,1.69382900e+00,1.69352800e+00,1.69266800e+00,1.69138200e+00,1.68986500e+00,1.68834700e+00,1.68706100e+00,1.68620200e+00,1.68590000e+00
2.38966080e+06,-7.78819600e+00,1.68590000e+00,1.68619800e+00,1.68704700e+00,1.68831800e+00,1.68981700e+00,1.69131600e+00,1.69258600e+00,1.69343500e+00,1.69373300e+00,1.69343500e+00,1.69258600e+00,1.69131600e+00,1.68981700e+00,1.68831800e+00,1.68704700e+00,1.68619800e+00,1.68590000e+00
2.39366080e+06,-7.78940900e+00,1.68590000e+00,1.68619500e+00,1.68703400e+00,1.68828900e+00,1.68976900e+00,1.69125000e+00,1.69250500e+00,1.69334400e+00,1.69363800e+00,1.69334400e+00,1.69250500e+00,1.69125000e+00,1.68976900e+00,1.68828900e+00,1.68703400e+00,1.68619500e+00,1.68590000e+00
2.39766080e+06,-7.79066600e+00,1.68590100e+00,1.68619200e+00,1.68702000e+00,1.68826000e+00,1.68972300e+00,1.69118500e+00,1.69242500e+00,1.69325400e+00,1.69354500e+00,1.69325400e+00,1.69242500e+00,1.69118500e+00,1.68972300e+00,1.68826000e+00,1.68702000e+00,1.68619200e+00,1.68590100e+00
2.40166080e+06,-7.78955200e+00,1.68590100e+00,1.68618800e+00,1.68700700e+00,1.68823200e+00,1.68967600e+00,1.69112100e+00,1.69234600e+00,1.69316500e+00,1.69345200e+00,1.69316500e+00,1.69234600e+00,1.69112100e+00,1.68967600e+00,1.68823200e+00,1.68700700e+00,1.68618800e+00,1.68590100e+00
2.40566080e+06,-7.78132500e+00,1.68590100e+00,1.68618500e+00,1.68699300e+00,1.68820400e+00,1.68963100e+00,1.69105800e+00,1.69226800e+00,1.69307700e+00,1.69336100e+00,1.69307700e+00,1.69226800e+00,1.69105800e+00,1.68963100e+00,1.68820400e+00,1.68699300e+00,1.68618500e+00,1.68590100e+00
2.40966080e+06,-7.77299300e+00,1.68590100e+00,1.68618200e+00,1.68698000e+00,1.68817600e+00,1.68958600e+00,1.69099600e+00,1.69219100e+00,1.69299000e+00,1.69327000e+00,1.69299000e+00,1.69219100e+00,1.69099600e+00,1.68958600e+00,1.68817600e+00,1.68698000e+00,1.68618200e+00,1.68590100e+00
2.41366080e+06,-7.76455400e+00,1.68590100e+00,1.68617900e+00,1.68696800e+00,1.68814800e+00,1.68954100e+00,1.69093400e+00,1.69211500e+00,1.69290400e+00,1.69318100e+00,1.69290400e+00,1.69211500e+00,1.69093400e+00,1.68954100e+00,1.68814800e+00,1.68696800e+00,1.68617900e+00,1.68590100e+00
2.41766080e+06,-7.75600600e+00,1.68590200e+00,1.68617500e+00,1.68695500e+00,1.68812100e+00,1.68949700e+00,1.69087300e+00,1.69204000e+00,1.69281900e+00,1.69309300e+00,1.69281900e+00,1.69204000e+00,1.69087300e+00,1.68949700e+00,1.68812100e+00,1.68695500e+00,1.68617500e+00,1.68590200e+00
2.42166080e+06,-7.74734500e+00,1.68590200e+00,1.68617200e+00,1.68694200e+00,1.68809500e+00,1.68945400e+00,1.69081300e+00,1.69196500e+00,1.69273500e+00,1.69300600e+00,1.69273500e+00,1.69196500e+00,1.69081300e+00,1.68945400e+00,1.68809500e+00,1.68694200e+00,1.68617200e+00,1.68590200e+00
2.42566080e+06,-7.73857000e+00,1.68590200e+00,1.68616900e+00,1.68693000e+00,1.68806800e+00,1.68941100e+00,1.69075400e+00,1.69189200e+00,1.69265300e+00,1.69292000e+00,1.69265300e+00,1.69189200e+00,1.69075400e+00,1.68941100e+00,1.68806800e+00,1.68693000e+00,1.68616900e+00,1.68590200e+00
2.42966080e+06,-7.72967700e+00,1.68590200e+00,1.68616600e+00,1.68691700e+00,1.68804200e+00,1.68936800e+00,1.69069500e+00,1.69181900e+00,1.69257100e+00,1.69283500e+00,1.69257100e+00,1.69181900e+00,1.69069500e+00,1.68936800e+00,1.68804200e+00,1.68691700e+00,1.68616600e+00,1.68590200e+00
2.43366080e+06,-7.72066500e+00,1.68590200e+00,1.68616300e+00,1.68690500e+00,1.68801600e+00,1.68932700e+00,1.69063700e+00,1.69174800e+00,1.69249000e+00,1.69275100e+00,1.69249000e+00,1.69174800e+00,1.69063700e+00,1.68932700e+00,1.68801600e+00,1.68690500e+00,1.68616300e+00,1.68590200e+00
2.43766080e+06,-7.71153300e+00,1.68590300e+00,1.68616000e+00,1.68689300e+00,1.68799100e+00,1.68928500e+00,1.69058000e+00,1.69167700e+00,1.69241000e+00,1.69266800e+00,1.69241000e+00,1.69167700e+00,1.69058000e+00,1.68928500e+00,1.68799100e+00,1.68689300e+00,1.68616000e+00,1.68590300e+00
2.44166080e+06,-7.70227900e+00,1.68590300e+00,1.68615700e+00,1.68688200e+00,1.68796600e+00,1.68924400e+00,1.69052300e+00,1.69160700e+00,1.69233100e+00,1.69258600e+00,1.69233100e+00,1.69160700e+00,1.69052300e+00,1.68924400e+00,1.68796600e+00,1.68688200e+00,1.68615700e+00,1.68590300e+00
2.44566080e+06,-7.69290200e+00,1.68590300e+00,1.68615400e+00,1.68687000e+00,1.68794100e+00,1.68920400e+00,1.69046700e+00,1.69153800e+00,1.69225400e+00,1.69250500e+00,1.69225400e+00,1.69153800e+00,1.69046700e+00,1.68920400e+00,1.68794100e+00,1.68687000e+00,1.68615400e+00,1.68590300e+00
2.44966080e+06,-7.68340200e+00,1.68590300e+00,1.68615100e+00,1.68685800e+00,1.68791600e+00,1.68916400e+00,1.69041200e+00,1.69147000e+00,1.69217700e+00,1.69242500e+00,1.69217700e+00,1.69147000e+00,1.69041200e+00,1.68916400e+00,1.68791600e+00,1.68685800e+00,1.68615100e+00,1.68590300e+00
2.45366080e+06,-7.67378000e+00,1.68590300e+00,1.68614900e+00,1.68684700e+00,1.68789200e+00,1.68912500e+00,1.69035700e+00,1.69140200e+00,1.69210100e+00,1.69234600e+00,1.69210100e+00,1.69140200e+00,1.69035700e+00,1.68912500e+00,1.68789200e+00,1.68684700e+00,1.68614900e+00,1.68590300e+00
2.45766080e+06,-7.66403900e+00,1.68590300e+00,1.68614600e+00,1.68683600e+00,1.68786800e+00,1.68908600e+00,1.69030300e+00,1.69133600e+00,1.69202600e+00,1.69226800e+00,1.69202600e+00,1.69133600e+00,1.69030300e+00,1.68908600e+00,1.68786800e+00,1.68683600e+00,1.68614600e+00,1.68590300e+00
2.46166080e+06,-7.65418300e+00,1.68590400e+00,1.68614300e+00,1.68682400e+00,1.68784400e+00,1.68904700e+00,1.69025000e+00,1.69127000e+00,1.69195100e+00,1.69219100e+00,1.69195100e+00,1.69127000e+00,1.69025000e+00,1.68904700e+00,1.68784400e+00,1.68682400e+00,1.68614300e+00,1.68590400e+00
2.46566080e+06,-7.64421700e+00,1.68590400e+00,1.68614000e+00,1.68681300e+00,1.68782100e+00,1.68900900e+00,1.69019800e+00,1.69120500e+00,1.69187800e+00,1.69211400e+00,1.69187800e+00,1.69120500e+00,1.69019800e+00,1.68900900e+00,1.68782100e+00,1.68681300e+00,1.68614000e+00,1.68590400e+00
2.46966080e+06,-7.63415000e+00,1.68590400e+00,1.68613700e+00,1.68680200e+00,1.68779800e+00,1.68897200e+00,1.69014600e+00,1.69114100e+00,1.69180600e+00,1.69203900e+00,1.69180600e+00,1.69114100e+00,1.69014600e+00,1.68897200e+00,1.68779800e+00,1.68680200e+00,1.68613700e+00,1.68590400e+00
2.47366080e+06,-7.62399500e+00,1.68590400e+00,1.68613500e+00,1.68679200e+00,1.68777500e+00,1.68893500e+00,1.69009400e+00,1.69107700e+00,1.69173400e+00,1.69196500e+00,1.69173400e+00,1.69107700e+00,1.69009400e+00,1.68893500e+00,1.68777500e+00,1.68679200e+00,1.68613500e+00,1.68590400e+00
2.47766080e+06,-7.61376900e+00,1.68590400e+00,1.68613200e+00,1.68678100e+00,1.68775200e+00,1.68889800e+00,1.69004300e+00,1.69101500e+00,1.69166400e+00,1.69189100e+00,1.69166400e+00,1.69101500e+00,1.69004300e+00,1.68889800e+00,1.68775200e+00,1.68678100e+00,1.68613200e+00,1.68590400e+00
2.48166080e+06,-7.60349400e+00,1.68590400e+00,1.68612900e+00,1.68677100e+00,1.68773000e+00,1.68886200e+00,1.68999300e+00,1.69095300e+00,1.69159400e+00,1.69181900e+00,1.69159400e+00,1.69095300e+00,1.68999300e+00,1.68886200e+00,1.68773000e+00,1.68677100e+00,1.68612900e+00,1.68590400e+00
2.48566080e+06,-7.59320000e+00,1.68590400e+00,1.68612700e+00,1.68676000e+00,1.68770800e+00,1.68882600e+00,1.68994400e+00,1.69089200e+00,1.69152500e+00,1.69174700e+00,1.69152500e+00,1.69089200e+00,1.68994400e+00,1.68882600e+00,1.68770800e+00,1.68676000e+00,1.68612700e+00,1.68590400e+00
2.48966080e+06,-7.58292700e+00,1.68590500e+00,1.68612400e+00,1.68675000e+00,1.68768600e+00,1.68879100e+00,1.68989500e+00,1.69083100e+00,1.69145700e+00,1.69167700e+00,1.69145700e+00,1.69083100e+00,1.68989500e+00,1.68879100e+00,1.68768600e+00,1.68675000e+00,1.68612400e+00,1.68590500e+00
2.49366080e+06,-7.57272800e+00,1.68590500e+00,1.68612200e+00,1.68674000e+00,1.68766500e+00,1.68875600e+00,1.68984700e+00,1.69077200e+00,1.69139000e+00,1.69160700e+00,1.69139000e+00,1.69077200e+00,1.68984700e+00,1.68875600e+00,1.68766500e+00,1.68674000e+00,1.68612200e+00,1.68590500e+00
2.49766080e+06,-7.56267000e+00,1.68590500e+00,1.68611900e+00,1.68673000e+00,1.68764300e+00,1.68872100e+00,1.68979900e+00,1.69071300e+00,1.69132300e+00,1.69153800e+00,1.69132300e+00,1.69071300e+00,1.68979900e+00,1.68872100e+00,1.68764300e+00,1.68673000e+00,1.68611900e+00,1.68590500e+00
2.50166080e+06,-7.55283900e+00,1.68590500e+00,1.68611700e+00,1.68672000e+00,1.68762200e+00,1.68868700e+00,1.68975200e+00,1.69065400e+00,1.69125800e+00,1.69146900e+00,1.69125800e+00,1.69065400e+00,1.68975200e+00,1.68868700e+00,1.68762200e+00,1.68672000e+00,1.68611700e+00,1.68590500e+00
2.50566080e+06,-7.54334800e+00,1.68590500e+00,1.68611400e+00,1.68671000e+00,1.68760200e+00,1.68865400e+00,1.68970500e+00,1.69059700e+00,1.69119300e+00,1.69140200e+00,1.69119300e+00,1.69059700e+00,1.68970500e+00,1.68865400e+00,1.68760200e+00,1.68671000e+00,1.68611400e+00,1.68590500e+00
2.50966080e+06,-7.53433500e+00,1.68590500e+00,1.68611200e+00,1.68670000e+00,1.68758100e+00,1.68862000e+00,1.68965900e+00,1.69054000e+00,1.69112900e+00,1.69133500e+00,1.69112900e+00,1.69054000e+00,1.68965900e+00,1.68862000e+00,1.68758100e+00,1.68670000e+00,1.68611200e+00,1.68590500e+00
2.51366080e+06,-7.52597700e+00,1.68590500e+00,1.68611000e+00,1.68669100e+00,1.68756100e+00,1.68858700e+00,1.68961400e+00,1.69048400e+00,1.69106500e+00,1.69127000e+00,1.69106500e+00,1.69048400e+00,1.68961400e+00,1.68858700e+00,1.68756100e+00,1.68669100e+00,1.68611000e+00,1.68590500e+00
2.51766080e+06,-7.51848900e+00,1.68590500e+00,1.68610700e+00,1.68668200e+00,1.68754100e+00,1.68855500e+00,1.68956900e+00,1.69042900e+00,1.69100300e+00,1.69120500e+00,1.69100300e+00,1.69042900e+00,1.68956900e+00,1.68855500e+00,1.68754100e+00,1.68668200e+00,1.68610700e+00,1.68590500e+00
2.52166080e+06,-7.51212900e+00,1.68590600e+00,1.68610500e+00,1.68667200e+00,1.68752100e+00,1.68852300e+00,1.68952500e+00,1.69037400e+00,1.69094100e+00,1.69114000e+00,1.69094100e+00,1.69037400e+00,1.68952500e+00,1.68852300e+00,1.68752100e+00,1.68667200e+00,1.68610500e+00,1.68590600e+00
2.52566080e+06,-7.50720200e+00,1.68590600e+00,1.68610300e+00,1.68666300e+00,1.68750200e+00,1.68849100e+00,1.68948100e+00,1.69032000e+00,1.69088000e+00,1.69107700e+00,1.69088000e+00,1.69032000e+00,1.68948100e+00,1.68849100e+00,1.68750200e+00,1.68666300e+00,1.68610300e+00,1.68590600e+00
2.52966080e+06,-7.50404600e+00,1.68590600e+00,1.68610000e+00,1.68665400e+00,1.68748300e+00,1.68846000e+00,1.68943700e+00,1.69026600e+00,1.69082000e+00,1.69101400e+00,1.69082000e+00,1.69026600e+00,1.68943700e+00,1.68846000e+00,1.68748300e+00,1.68665400e+00,1.68610000e+00,1.68590600e+00
2.53366080e+06,-7.50302300e+00,1.68590600e+00,1.68609800e+00,1.68664500e+00,1.68746400e+00,1.68842900e+00,1.68939500e+00,1.69021300e+00,1.69076000e+00,1.69095200e+00,1.69076000e+00,1.69021300e+00,1.68939500e+00,1.68842900e+00,1.68746400e+00,1.68664500e+00,1.68609800e+00,1.68590600e+00
2.53766080e+06,-7.49718200e+00,1.68590600e+00,1.68609600e+00,1.68663600e+00,1.68744500e+00,1.68839900e+00,1.68935300e+00,1.69016100e+00,1.69070200e+00,1.69089100e+00,1.69070200e+00,1.69016100e+00,1.68935300e+00,1.68839900e+00,1.68744500e+00,1.68663600e+00,1.68609600e+00,1.68590600e+00
2.54166080e+06,-7.49246200e+00,1.68590600e+00,1.68609400e+00,1.68662700e+00,1.68742600e+00,1.68836800e+00,1.68931100e+00,1.69011000e+00,1.69064300e+00,1.69083100e+00,1.69064300e+00,1.69011000e+00,1.68931100e+00,1.68836800e+00,1.68742600e+00,1.68662700e+00,1.68609400e+00,1.68590600e+00
2.54566080e+06,-7.48985600e+00,1.68590600e+00,1.68609100e+00,1.68661900e+00,1.68740800e+00,1.68833900e+00,1.68927000e+00,1.69005900e+00,1.69058600e+00,1.69077100e+00,1.69058600e+00,1.69005900e+00,1.68927000e+00,1.68833900e+00,1.68740800e+00,1.68661900e+00,1.68609100e+00,1.68590600e+00
2.54966080e+06,-7.48978300e+00,1.68590600e+00,1.68608900e+00,1.68661000e+00,1.68739000e+00,1.68830900e+00,1.68922900e+00,1.69000800e+00,1.69052900e+00,1.69071200e+00,1.69052900e+00,1.69000800e+00,1.68922900e+00,1.68830900e+00,1.68739000e+00,1.68661000e+00,1.68608900e+00,1.68590600e+00
2.55366080e+06,-7.49264000e+00,1.68590600e+00,1.68608700e+00,1.68660200e+00,1.68737200e+00,1.68828000e+00,1.68918900e+00,1.68995900e+00,1.69047300e+00,1.69065400e+00,1.69047300e+00,1.68995900e+00,1.68918900e+00,1.68828000e+00,1.68737200e+00,1.68660200e+00,1.68608700e+00,1.68590600e+00
2.55766080e+06,-7.49876100e+00,1.68590600e+00,1.68608500e+00,1.68659300e+00,1.68735400e+00,1.68825100e+00,1.68914900e+00,1.68991000e+00,1.69041800e+00,1.69059700e+00,1.69041800e+00,1.68991000e+00,1.68914900e+00,1.68825100e+00,1.68735400e+00,1.68659300e+00,1.68608500e+00,1.68590600e+00
2.56166080e+06,-7.50835400e+00,1.68590700e+00,1.68608300e+00,1.68658500e+00,1.68733700e+00,1.68822300e+00,1.68911000e+00,1.68986100e+00,1.69036300e+00,1.69054000e+00,1.69036300e+00,1.68986100e+00,1.68911000e+00,1.68822300e+00,1.68733700e+00,1.68658500e+00,1.68608300e+00,1.68590700e+00
2.56566080e+06,-7.50784000e+00,1.68590700e+00,1.68608100e+00,1.68657700e+00,1.68731900e+00,1.68819500e+00,1.68907100e+00,1.68981300e+00,1.69030900e+00,1.69048400e+00,1.69030900e+00,1.68981300e+00,1.68907100e+00,1.68819500e+00,1.68731900e+00,1.68657700e+00,1.68608100e+00,1.68590700e+00
2.56966080e+06,-7.49992900e+00,1.68590700e+00,1.68607900e+00,1.68656900e+00,1.68730200e+00,1.68816700e+00,1.68903300e+00,1.68976600e+00,1.69025600e+00,1.69042800e+00,1.69025600e+00,1.68976600e+00,1.68903300e+00,1.68816700e+00,1.68730200e+00,1.68656900e+00,1.68607900e+00,1.68590700e+00
2.57366080e+06,-7.49325300e+00,1.68590700e+00,1.68607700e+00,1.68656100e+00,1.68728500e+00,1.68814000e+00,1.68899500e+00,1.68971900e+00,1.69020300e+00,1.69037300e+00,1.69020300e+00,1.68971900e+00,1.68899500e+00,1.68814000e+00,1.68728500e+00,1.68656100e+00,1.68607700e+00,1.68590700e+00
2.57766080e+06,-7.48793200e+00,1.68590700e+00,1.68607500e+00,1.68655300e+00,1.68726900e+00,1.68811300e+00,1.68895700e+00,1.68967300e+00,1.69015100e+00,1.69031900e+00,1.69015100e+00,1.68967300e+00,1.68895700e+00,1.68811300e+00,1.68726900e+00,1.68655300e+00,1.68607500e+00,1.68590700e+00
2.58166080e+06,-7.48408000e+00,1.68590700e+00,1.68607300e+00,1.68654500e+00,1.68725200e+00,1.68808600e+00,1.68892000e+00,1.68962700e+00,1.69010000e+00,1.69026600e+00,1.69010000e+00,1.68962700e+00,1.68892000e+00,1.68808600e+00,1.68725200e+00,1.68654500e+00,1.68607300e+00,1.68590700e+00
2.58566080e+06,-7.48180900e+00,1.68590700e+00,1.68607100e+00,1.68653800e+00,1.68723600e+00,1.68806000e+00,1.68888400e+00,1.68958200e+00,1.69004900e+00,1.69021300e+00,1.69004900e+00,1.68958200e+00,1.68888400e+00,1.68806000e+00,1.68723600e+00,1.68653800e+00,1.68607100e+00,1.68590700e+00
2.58966080e+06,-7.48124600e+00,1.68590700e+00,1.68606900e+00,1.68653000e+00,1.68722000e+00,1.68803400e+00,1.68884800e+00,1.68953800e+00,1.68999900e+00,1.69016100e+00,1.68999900e+00,1.68953800e+00,1.68884800e+00,1.68803400e+00,1.68722000e+00,1.68653000e+00,1.68606900e+00,1.68590700e+00
