t,max_slip_rate,-400.0,-350.0,-300.0,-250.0,-200.0,-150.0,-100.0,-50.0,-0.0,50.0,100.0,150.0,200.0,250.0,300.0,350.0,400.0
0.00000000e+00,0.00000000e+00,-4.00000000e+02,-3.50000000e+02,-3.00000000e+02,-2.50000000e+02,-2.00000000e+02,-1.50000000e+02,-1.00000000e+02,-5.00000000e+01,-0.00000000e+00,5.00000000e+01,1.00000000e+02,1.50000000e+02,2.00000000e+02,2.50000000e+02,3.00000000e+02,3.50000000e+02,4.00000000e+02
5.00000000e+02,-1.20000000e+01,-1.02589800e-23,9.19266500e-24,-1.38884700e-23,-2.56119900e-23,-7.68352100e-24,-2.07593500e-23,-1.86001200e-23,-8.82148100e-24,-3.35808800e-23,-2.29328700e-23,-1.40721600e-23,-3.13450600e-23,-2.22385900e-23,-1.66106300e-23,-1.69414400e-23,-6.33455900e-24,-1.65718600e-23
4.00000000e+03,-1.15847300e+01,1.03412900e-22,-1.70258000e-22,-8.09337400e-23,-1.59027400e-22,4.31821500e-23,-1.04660800e-22,-2.49486200e-22,-1.57866700e-22,-5.96151400e-22,-2.43001800e-22,1.36452000e-22,-1.18197700e-22,-1.13895800e-22,-5.90417500e-23,-1.29497400e-22,-8.27908300e-23,-1.10119800e-22
8.00000000e+03,-1.11370700e+01,1.25325000e-22,-3.27293400e-22,-1.54801100e-22,-6.89444800e-23,3.24330300e-22,-3.46817900e-23,-9.62135400e-22,-1.19514400e-22,1.64389500e-22,-5.79489700e-22,-3.95839600e-22,-7.32116000e-22,-5.80059900e-23,-2.68506100e-22,-1.42726200e-22,3.66071000e-23,-7.29010100e-23
1.20000000e+04,-1.07146700e+01,-7.94577100e-23,-5.59608000e-22,4.44990200e-23,-1.93490700e-22,7.29001200e-24,-2.01412200e-22,-8.11544900e-22,-4.58399800e-22,-3.16272100e-22,-1.04122400e-21,-9.24700200e-22,-7.61419700e-22,-3.26482000e-22,-2.64637000e-22,-4.31190600e-22,1.36686900e-22,-3.44571700e-22
1.60000000e+04,-1.03144100e+01,-4.46218400e-23,4.66728900e-23,-1.02190200e-22,-4.35409100e-22,-3.10016800e-22,-9.32223900e-22,-1.57708700e-21,-6.48920900e-22,-2.29253400e-21,-9.21474200e-22,-8.70294200e-22,-8.43744800e-22,-1.24924400e-22,-4.86261200e-22,-1.73763700e-22,-9.57663200e-23,-1.51230600e-22
2.00000000e+04,-9.93366400e+00,-4.44949100e-22,-1.23396200e-21,-4.18172200e-22,-1.70983200e-22,-4.97538000e-22,-1.72735300e-22,-1.23164000e-21,-1.48510700e-21,-2.59188300e-21,-3.55373500e-21,-1.18399700e-21,-9.30343400e-22,-5.12252300e-22,2.32262200e-22,-4.94823100e-22,-6.98660900e-22,-5.30742000e-22
2.40000000e+04,-9.57025100e+00,-7.08847700e-22,-1.21703000e-21,4.16203400e-23,9.92882500e-23,-4.00887200e-22,-1.17771800e-21,7.58641300e-22,-7.98022000e-22,-6.79971700e-21,-3.57503400e-23,-1.49213500e-21,-1.80502500e-21,-2.56793800e-22,1.34433600e-22,-1.61474300e-22,-8.83435200e-22,-7.94496000e-22
2.80000000e+04,-9.22239800e+00,-6.84441200e-22,-7.52576600e-22,-1.63645200e-22,-6.00330400e-22,-1.39483700e-21,-1.75313000e-21,-1.34977600e-21,-8.99314700e-21,-1.36695500e-20,-3.61872900e-21,-2.99145200e-21,-1.17684900e-21,-6.71363200e-22,-6.33579500e-22,-1.47109400e-21,-5.99819400e-22,-1.33956200e-21
3.20000000e+04,-8.88881500e+00,2.02301500e-22,-1.04658100e-21,-6.02791900e-22,-6.08677900e-22,-1.10396000e-21,-3.14418800e-21,-1.35537800e-21,-4.91280300e-21,-9.48138200e-21,3.01918400e-20,-1.28898500e-20,-3.50496200e-21,-2.02559000e-21,-2.15577100e-21,-6.86190600e-22,-8.37558600e-23,-1.03541900e-21
3.60000000e+04,-8.56884200e+00,8.68624500e-22,-9.96827000e-22,-6.74341200e-22,-2.45637300e-22,2.53975600e-22,-6.77167200e-22,8.70203200e-21,-3.43990900e-20,1.41363600e-20,6.75277200e-21,6.25166000e-21,-4.17940600e-21,-2.46989800e-21,-8.70075700e-22,-1.29614600e-21,-3.79686500e-23,-8.18390600e-22
4.00000000e+04,-8.26279000e+00,-7.13260100e-22,8.23050100e-22,4.14605800e-22,2.09523900e-21,1.33255700e-21,7.66855500e-21,1.62663100e-20,-5.77201200e-20,-3.68954600e-20,4.42880000e-20,-5.63286000e-20,-9.60292300e-21,-4.28976900e-21,-3.44728700e-21,-1.79471000e-21,-1.98942200e-21,-1.46571200e-21
4.40000000e+04,-7.97254000e+00,2.18456200e-21,1.52920000e-21,2.37835400e-21,1.52814600e-21,5.58570400e-21,-3.58585800e-21,2.34444900e-20,-5.72655500e-20,1.71617300e-19,5.59496800e-21,-1.65528400e-20,-9.52508100e-21,-4.37290100e-21,-2.95689700e-21,-2.40421200e-21,-8.72244300e-22,-1.48949400e-21
4.80000000e+04,-7.70240200e+00,3.15585000e-21,-9.26386500e-23,3.21928400e-21,-8.04758700e-22,4.42683600e-21,-1.74542200e-20,1.61583400e-20,-3.51613400e-19,-3.35252800e-19,3.25967800e-19,1.73866100e-20,-9.21059900e-21,2.64033500e-21,-2.63073900e-21,-3.88398600e-22,-4.58272000e-23,-1.54889600e-21
5.20000000e+04,-7.45985500e+00,4.99239000e-21,3.08180300e-21,6.76823600e-21,4.15695600e-21,-9.37827500e-22,-7.38993900e-20,-1.40097600e-19,-7.30276000e-19,1.66512400e-20,1.87560300e-19,-2.50089300e-19,-8.41619200e-20,-3.04198000e-20,-2.25315800e-20,-7.26650300e-21,-6.47756700e-21,-5.50003900e-21
5.60000000e+04,-7.25489900e+00,1.59629900e-20,1.05603100e-20,1.90977300e-20,9.40631000e-21,1.13150700e-20,5.44926000e-21,-1.49010100e-19,-1.15536100e-18,1.08848200e-19,3.69673100e-19,1.59314500e-20,-7.19231400e-21,-4.53223100e-21,1.69442800e-21,3.21421600e-21,-4.76823400e-21,-8.21027100e-21
6.00000000e+04,-7.09645700e+00,2.11542100e-20,1.57056200e-20,2.01095000e-20,-3.27348200e-21,-1.47100800e-20,-2.43518900e-19,-4.92829800e-19,-1.35190200e-18,5.87272000e-20,2.71523300e-18,7.97501400e-20,1.85376500e-20,-1.32356900e-20,-1.54459800e-20,8.05489200e-22,-7.03833700e-22,-1.11074000e-20
6.40000000e+04,-6.98672400e+00,3.98024300e-20,3.38650300e-20,3.82807900e-20,3.51498500e-20,1.01448200e-19,1.46337600e-19,-4.82634600e-19,-2.70175300e-18,2.73735500e-19,2.52932000e-18,-9.81231300e-19,-7.67741200e-20,-2.44021400e-20,7.19045200e-21,2.25439200e-21,2.49221700e-21,-2.95638100e-22
6.80000000e+04,-6.91839800e+00,6.66496500e-20,6.30459800e-20,6.10938900e-20,1.20652200e-19,2.08420400e-19,4.37752400e-19,-2.68883000e-19,-5.24603500e-18,6.02746000e-19,1.85681400e-18,-6.23647900e-19,2.78676300e-19,1.90438000e-19,4.34556000e-20,2.07127700e-20,4.64242300e-22,-1.73503200e-21
7.20000000e+04,-6.87753700e+00,5.83826900e-20,2.98149900e-20,4.17446500e-20,5.14869100e-20,8.65201500e-20,-3.80423400e-19,-1.96444600e-19,-7.43186300e-18,-7.47820300e-18,-1.22490100e-18,-4.20610300e-19,-6.04815900e-21,-9.34201800e-20,-6.43226200e-20,-1.67918700e-20,-2.16552300e-22,-3.37749400e-20
7.60000000e+04,-6.84846500e+00,1.13679300e-19,1.07079000e-19,1.54367400e-19,1.22251600e-19,9.83102000e-20,1.19446400e-20,1.21012800e-18,-1.44544000e-18,1.18338200e-17,5.52827000e-18,2.31146400e-18,1.73435100e-19,-1.73734500e-20,3.60706200e-20,3.34646800e-20,1.17694600e-20,-1.54282800e-20
8.00000000e+04,-6.81749000e+00,1.58342200e-19,1.65860100e-19,1.61279000e-19,1.44288400e-19,9.92116500e-20,-4.60111300e-19,-2.07292000e-18,-1.48363400e-17,6.65859500e-18,-1.03383800e-17,-2.73390600e-18,-3.15296800e-19,-8.51056600e-21,-2.58930600e-20,1.55436300e-21,-1.98986600e-20,-7.22474300e-20
8.40000000e+04,-6.77638000e+00,1.45691700e-19,1.16609000e-19,1.17535300e-19,-1.09085100e-19,-3.35910700e-19,-1.06459600e-18,-6.19152000e-18,1.15755600e-18,-2.01441600e-18,2.12443800e-17,1.40000800e-18,-1.71822800e-18,-1.95703400e-20,-9.58999900e-20,-1.09476500e-19,-1.02973800e-19,-1.16645800e-19
8.80000000e+04,-6.72577400e+00,3.22356900e-19,2.92031900e-19,3.69255300e-19,2.42721000e-19,6.56457700e-19,-2.87548000e-19,6.34585900e-18,1.40245600e-17,-5.38734200e-19,1.85528700e-18,-7.58383400e-18,-6.52512500e-19,-8.33019400e-20,-9.21135600e-20,-3.49017500e-20,9.01016900e-21,-2.90832300e-20
9.19563458e+04,-6.67149500e+00,2.43015300e-19,1.54761900e-19,9.01118000e-20,-1.23486300e-19,-2.05534800e-19,-2.58392700e-18,3.00709700e-18,-2.06883600e-17,-4.31861900e-18,-3.21525800e-17,3.02141400e-18,-8.06621600e-19,-3.39737700e-19,-1.68160400e-19,-8.58689600e-20,-1.38152800e-19,-1.79813500e-19
9.55369167e+04,-6.62633300e+00,2.84388700e-19,2.21969400e-19,3.17488400e-19,1.45031300e-19,-1.82825500e-19,-9.45131700e-19,3.89620000e-18,2.45077900e-17,-2.54950800e-17,1.89909300e-18,-3.66135800e-18,-6.73036000e-19,1.86248700e-19,-1.28595700e-19,-8.28941900e-20,-2.93094100e-20,-1.35100700e-19
9.88155458e+04,-6.59669800e+00,4.13085400e-19,2.86314600e-19,2.24167600e-19,-2.04228900e-19,-9.89280400e-19,-3.48051400e-18,-5.39792300e-18,-4.41429000e-19,-2.83538100e-17,-6.46261800e-17,3.51556400e-18,-3.75704700e-19,-4.58045900e-19,-3.80228400e-19,-2.27372500e-19,-1.55117700e-19,-2.87681500e-19
1.01915408e+05,-6.57930500e+00,5.26968100e-19,4.42753600e-19,5.02019700e-19,1.94338200e-19,7.25893100e-19,2.06255200e-18,6.28772300e-18,7.92992600e-17,-5.78485800e-17,-1.34933900e-16,5.58991500e-19,-1.40271400e-18,-3.13358700e-19,-1.41450900e-19,-2.47534800e-19,-1.73778200e-19,-2.13636800e-19
1.04934067e+05,-6.57803000e+00,5.91390000e-19,4.68312400e-19,5.19708300e-19,2.58669200e-19,2.25185100e-19,-9.93036600e-19,-2.75594000e-17,-3.75046900e-17,2.08389800e-17,-2.17958100e-16,-1.46996400e-17,-1.81755300e-18,-5.97680100e-19,-1.20689400e-18,-3.15463400e-19,-1.73005000e-19,-3.20942800e-19
1.07952721e+05,-6.57361100e+00,7.40293200e-19,5.73240600e-19,4.76588400e-19,1.07015000e-19,-6.92826500e-19,-2.47839500e-18,-1.71275700e-17,9.65855100e-17,-4.19552200e-17,-1.10686100e-16,-9.12513000e-18,-3.96606600e-18,-1.51123600e-18,-1.87603400e-18,-6.92109800e-19,-4.97977600e-19,-4.47056300e-19
1.10970558e+05,-6.58412800e+00,8.34349100e-19,7.24960200e-19,7.17376300e-19,1.50111900e-19,-1.03381400e-19,-1.03517000e-19,-3.19756700e-17,1.69674400e-16,8.16233700e-17,-1.25070300e-16,-4.96213900e-17,-2.99826000e-18,-1.28121400e-18,-7.37765700e-19,-2.72739700e-19,-1.18472900e-19,-4.14191400e-19
1.14112825e+05,-6.60863600e+00,6.98370600e-19,5.32677300e-19,5.01818000e-19,-2.07810700e-19,3.37989700e-19,-4.02299400e-18,-4.05046900e-17,9.21614700e-17,8.33074100e-17,-8.74006900e-17,-2.55358400e-17,-8.15561600e-18,-5.68552500e-19,-1.42571400e-18,-5.70111600e-19,-5.12650300e-19,-6.23519100e-19
1.17288783e+05,-6.56842800e+00,1.27971000e-18,8.10311800e-19,9.66752700e-19,1.00982200e-18,-7.29949500e-20,-1.91299000e-18,-5.92095700e-17,-1.11316200e-16,8.20872200e-17,-1.70179400e-16,-9.06220600e-17,-7.47495300e-18,-4.75405600e-18,-3.56085800e-18,-7.13514600e-19,-8.85683400e-19,-8.51266900e-19
1.20112025e+05,-6.52223400e+00,1.15536300e-18,7.42124700e-19,6.03585300e-19,-4.98167700e-19,-3.93930000e-18,-1.68492400e-17,-1.01912300e-16,4.43523700e-17,6.64512800e-17,-7.87092200e-17,-7.73745900e-17,-5.29317400e-18,-1.85166200e-18,-1.27905000e-18,-8.32574700e-19,-7.74566400e-19,-6.62620800e-19
1.22683792e+05,-6.48882100e+00,1.25625300e-18,9.59781000e-19,1.03891300e-18,-1.65281900e-19,8.41602100e-19,-8.64919000e-18,-1.33625900e-16,-1.10695300e-16,7.42993900e-17,-4.72095200e-17,-6.46113000e-17,-1.20917200e-17,-3.41746600e-18,-2.82105000e-18,-1.42820500e-18,-8.39906100e-19,-7.63135800e-19
1.25088558e+05,-6.46479900e+00,1.29176300e-18,9.04169800e-19,-8.94900000e-20,-2.47141000e-18,-2.89051400e-18,-6.48777300e-18,-2.25135100e-17,7.73715900e-17,-5.20452700e-17,-1.13063500e-16,-4.68112800e-17,-1.55267800e-17,-2.35447000e-18,-1.94754800e-18,-7.12938500e-19,-7.66298500e-19,-9.40475500e-19
1.27377275e+05,-6.44624200e+00,1.27543100e-18,8.22847700e-19,8.51812600e-19,-6.13954600e-19,-7.11592100e-18,-8.05365100e-18,-1.57919900e-16,-2.30340800e-16,1.16692400e-16,-1.01014200e-16,2.95633700e-18,-1.29023900e-17,-4.83003800e-18,-2.27244000e-18,-1.56355100e-18,-1.32734700e-18,-1.43287800e-18
1.29580792e+05,-6.43401300e+00,1.30248600e-18,7.95388000e-19,7.24149200e-20,-2.82294000e-18,-2.36305100e-18,-1.04152200e-17,-1.63735600e-16,-1.46053000e-16,1.57700800e-16,1.94410400e-16,7.02687200e-17,8.86210400e-19,8.99042400e-19,1.89311900e-18,1.89088500e-22,-4.22429800e-19,-8.06478000e-19
1.31763438e+05,-6.44775200e+00,1.67795500e-18,9.31398600e-19,2.67857900e-21,-1.63494000e-18,-6.59352600e-18,-8.84804300e-18,-2.98995700e-16,-1.31570800e-16,2.68869100e-16,-1.87466800e-16,-3.21077000e-17,-3.34190400e-18,-7.22564300e-18,-2.69992800e-18,-6.05952900e-19,-5.08092600e-19,-9.45400500e-19
1.34117875e+05,-6.47776000e+00,1.61745400e-18,8.14330000e-19,7.05729900e-19,-1.31041100e-18,-5.98022600e-18,-5.65289300e-18,-4.21581800e-16,1.28868600e-16,2.91622700e-16,-2.37746300e-16,-1.42577700e-16,-8.94592600e-18,-7.38516300e-19,-2.16370900e-18,-8.08681500e-19,-7.73077100e-19,-1.02890000e-18
1.36524650e+05,-6.48232500e+00,1.95308300e-18,6.41876900e-19,6.55745300e-19,-2.93448500e-18,-7.25306000e-18,-2.94842800e-17,-4.18421200e-16,-5.25870100e-18,2.04207100e-16,-4.53645600e-16,-2.41787400e-16,-1.86822800e-17,-2.98766800e-18,-3.69028200e-18,-7.06026300e-19,-6.00694600e-19,-1.54760600e-18
1.38986192e+05,-6.49614000e+00,1.34755700e-18,4.53982900e-20,8.55622400e-19,-3.73686000e-18,-8.77681900e-18,-3.22178200e-17,-4.79747900e-16,1.25247600e-16,1.93484400e-16,-1.48047000e-16,-1.73021000e-16,-1.84132200e-17,-1.81345100e-18,-1.64271200e-18,-1.31736300e-18,-1.51363500e-18,-1.46320500e-18
1.41494408e+05,-6.49558600e+00,1.68124900e-18,1.01398100e-18,1.32505900e-18,-1.28540000e-18,-7.57396100e-18,-2.40445800e-18,-4.49167100e-16,-1.52121100e-17,3.49986700e-16,-2.05566300e-16,-3.54437000e-16,-2.24093500e-17,-7.60881800e-18,-4.49598600e-18,-2.03642300e-18,-1.89901400e-18,-2.01364800e-18
1.44015229e+05,-6.50433300e+00,2.89129600e-18,1.71405100e-18,2.20567200e-18,5.30441800e-20,-3.04558800e-18,-7.02071800e-18,-2.85086300e-16,1.94188200e-16,2.94495700e-16,-1.28542900e-16,-2.23615700e-18,-1.63821200e-17,-6.47735800e-18,-5.79311000e-18,-2.03374200e-18,-1.69740800e-18,-1.63254500e-18
1.46622408e+05,-6.52792400e+00,2.02845400e-18,6.74888800e-19,-2.50776100e-19,-4.11094700e-18,-1.14935300e-17,-3.31955700e-17,-5.21356200e-16,2.01854900e-17,2.20397700e-16,-2.66401100e-16,-1.43488400e-16,-1.12380800e-17,-5.84316900e-18,-5.12032200e-18,-1.42514900e-18,-5.22149600e-19,-1.73105300e-18
1.49436346e+05,-6.57451400e+00,1.87030500e-18,1.61339300e-19,-2.03107600e-19,-6.23998400e-18,-1.01158900e-17,-1.01840600e-17,-4.16277100e-16,-2.10918500e-17,-1.97194400e-17,-8.64055400e-18,-2.51042300e-16,-1.00109200e-17,-7.92182300e-18,-6.33970200e-18,-2.07301500e-18,-2.71777300e-18,-2.40287500e-18
1.52642458e+05,-6.64321400e+00,3.27207400e-18,1.78619600e-18,1.28558600e-18,-8.32475200e-19,-2.46687100e-18,-2.58296500e-17,-4.08191100e-16,-1.57321700e-16,-2.03208300e-16,-2.81014400e-16,-2.69126000e-16,-3.78827200e-17,-1.75835500e-17,-5.04171600e-18,-1.61630400e-18,-8.32456500e-19,-1.82500300e-18
1.56440958e+05,-6.73172300e+00,2.22139800e-18,1.72878400e-18,1.91499000e-19,-3.79703400e-18,-6.11689300e-18,-1.96372100e-17,-3.25060500e-16,-1.65018800e-16,-3.26360400e-16,-3.11818500e-16,1.28914800e-16,-8.05426700e-18,-6.76118200e-18,-3.84807800e-18,-1.85563600e-19,-6.97867000e-19,-2.35557800e-18
1.60440958e+05,-6.84906800e+00,2.49037200e-18,1.58502700e-18,2.20810700e-18,-1.49077500e-18,-4.87144300e-18,-3.29685100e-17,-2.80851900e-16,-1.09231100e-16,-3.72786400e-16,-1.97155700e-16,4.86999200e-17,-3.49932400e-17,8.27569000e-18,-6.22309500e-18,-2.40759300e-18,-3.19850800e-18,-3.46200500e-18
1.64440958e+05,-6.85319300e+00,1.60471500e-18,5.81300500e-19,-2.58609400e-18,-8.35538400e-18,-2.21528700e-17,-2.67533300e-17,-4.01113500e-16,1.21317400e-17,2.60942300e-16,-1.08723800e-16,-2.27556000e-16,-3.15581400e-17,-4.50516000e-18,-4.97213300e-18,-2.30926400e-18,-1.54945100e-18,-1.74591300e-18
1.68440958e+05,-6.84620200e+00,3.71400700e-18,2.48930700e-18,2.23892200e-18,1.03314100e-18,-5.03877200e-20,-1.70543400e-17,-3.09502200e-16,3.93735600e-16,-2.71727700e-16,-1.94086600e-16,-1.78745100e-16,-6.69993100e-17,-1.88849800e-17,-9.81497700e-18,-4.33378000e-18,-2.61293400e-18,-3.25383400e-18
1.72440958e+05,-6.83742600e+00,4.35102100e-18,2.81104300e-18,3.08779500e-18,-5.55073700e-19,-5.80779200e-18,-2.47291400e-17,4.31892600e-17,5.16468800e-17,-4.99324600e-17,9.31118800e-17,-6.55305400e-17,-8.10915500e-17,-1.49190200e-17,-1.15907300e-17,-5.89364800e-18,-3.64665100e-18,-3.51802600e-18
1.76440958e+05,-6.82555400e+00,3.84130500e-18,2.73857000e-18,3.80692100e-18,1.93850700e-18,2.65750100e-18,-2.92078900e-17,-4.12683800e-17,-1.39796800e-16,-1.47211000e-16,-2.00603500e-16,-1.21882000e-16,-9.11613600e-17,-2.37310100e-17,-1.75686000e-17,-6.93412500e-18,-5.56146000e-18,-4.69182900e-18
1.80440958e+05,-6.80864000e+00,6.12800500e-18,5.21784300e-18,6.04511500e-18,4.55981700e-18,2.21559700e-18,2.59668300e-18,4.45476100e-17,1.04522100e-17,-3.26228900e-17,1.37570400e-16,-3.14263600e-16,-1.78023000e-16,-2.83900400e-17,-2.25586100e-17,-6.76893300e-18,-4.45036700e-18,-4.69588200e-18
1.84440958e+05,-6.78484400e+00,6.35508400e-18,5.15473800e-18,8.64213000e-18,4.45986300e-18,6.19858800e-18,8.06310500e-17,-1.21161600e-16,2.43947200e-16,-8.20967100e-17,3.06472800e-16,-2.74096500e-16,-2.76568000e-16,-3.98707400e-17,-2.37327200e-17,-1.00489800e-17,-6.37016700e-18,-5.89412900e-18
1.88440958e+05,-6.73645600e+00,6.21364900e-18,4.61298100e-18,8.03200500e-18,5.39613300e-18,1.54407200e-17,1.96186700e-17,-8.96053200e-18,3.60799200e-17,-2.08487500e-16,8.31746200e-17,-1.60513200e-16,-3.12916600e-16,-4.49677000e-17,-2.77417100e-17,-1.23500700e-17,-8.17930200e-18,-6.83121700e-18
1.92357821e+05,-6.65174500e+00,5.38347100e-18,4.28009700e-18,5.82681800e-18,1.19000300e-18,1.20505700e-17,5.10577200e-17,2.77246900e-17,-1.26955500e-17,-1.85288400e-16,2.15383800e-16,-6.84634700e-17,-2.91973300e-16,-5.40384200e-17,-2.88172100e-17,-1.19541800e-17,-9.46280100e-18,-8.38275900e-18
1.95668504e+05,-6.57172800e+00,6.81825600e-18,6.89524100e-18,9.08130800e-18,1.12881600e-17,2.21104400e-17,2.39603100e-16,-6.16222300e-17,9.57870000e-17,-2.24188000e-16,-6.47006700e-16,-4.47526200e-16,-3.46256400e-16,-2.16595600e-17,-3.05501000e-17,-1.15195500e-17,-7.76161500e-18,-7.90603700e-18
1.98458871e+05,-6.50518500e+00,7.78817000e-18,6.62799300e-18,1.17130800e-17,8.02675500e-18,2.36342000e-17,1.86773600e-16,2.69600900e-16,-3.82220400e-16,-2.33478800e-16,-2.87931100e-16,-2.83525900e-16,-2.12294900e-16,-2.53307500e-17,-1.65649900e-17,-8.23570800e-18,-6.06899700e-18,-5.61529000e-18
2.00882217e+05,-6.45132300e+00,7.70213800e-18,7.56113500e-18,1.21934400e-17,1.31705900e-17,3.12764000e-17,1.60953500e-16,2.27621600e-16,-2.03747700e-16,-3.18041300e-16,-4.25543300e-16,-1.25255700e-16,-3.40673400e-16,-4.64440200e-17,-2.55755300e-17,-1.50610900e-17,-8.87968500e-18,-9.37372300e-18
2.03051317e+05,-6.41170400e+00,7.36738200e-18,4.81646900e-18,8.68037100e-18,9.61734200e-18,5.34749600e-17,8.12639800e-17,1.59090500e-16,-1.17305100e-17,1.85806300e-16,-4.56045900e-16,-2.50305500e-16,-3.48271700e-16,-2.75400700e-17,-2.34390000e-17,-1.17596600e-17,-6.43988800e-18,-6.65341300e-18
2.05069100e+05,-6.39458900e+00,6.38432500e-18,3.12189900e-18,5.77756200e-18,6.33355900e-18,1.06977000e-17,8.08709900e-17,-1.02479900e-16,3.64400000e-16,-4.35692500e-16,-1.29686100e-16,-2.06958600e-16,-2.25369700e-16,-3.46095200e-17,-1.50851200e-17,-1.21160800e-17,-8.35804400e-18,-8.59727900e-18
2.07096962e+05,-6.43272400e+00,5.42177100e-18,4.86433000e-18,8.20842700e-18,1.29430500e-18,8.09892600e-18,9.77748300e-17,2.14207600e-16,-3.50229300e-17,1.74388100e-16,-1.33169200e-16,-3.29756900e-16,-1.90229500e-17,-4.65523400e-17,-1.95500500e-17,-1.35519100e-17,-8.54258200e-18,-9.00306900e-18
2.09392850e+05,-6.47189000e+00,7.95467700e-18,7.44176500e-18,1.03477800e-17,-1.36132600e-19,1.03564700e-17,1.94930100e-16,-8.17478600e-17,-1.29425100e-16,-8.22752700e-17,-5.66177800e-16,-3.06985500e-16,-7.00856200e-17,-4.08387200e-17,-2.55704700e-17,-1.15626500e-17,-1.00878200e-17,-9.01673700e-18
2.11833362e+05,-6.50331500e+00,7.43660500e-18,6.40222600e-18,6.82929900e-18,3.53156400e-18,7.54029500e-18,5.02558500e-17,1.19575500e-16,2.48303200e-16,-5.64797800e-16,-3.02895400e-16,5.32858500e-18,9.72818100e-17,-1.82430600e-17,-2.57892500e-17,-1.08575700e-17,-9.36185400e-18,-9.06253900e-18
2.14486250e+05,-6.54675200e+00,7.46357900e-18,4.97881500e-18,4.44991400e-18,-4.73910200e-18,-1.70808400e-17,1.04032200e-16,5.31312800e-17,-5.94447000e-17,6.67068500e-17,-1.03200300e-15,-3.49501200e-16,1.16417500e-16,-2.81889800e-17,-2.06839800e-17,-1.13995300e-17,-9.49592900e-18,-7.50576000e-18
2.17512133e+05,-6.63356700e+00,9.59307200e-18,8.65172200e-18,8.06905000e-18,2.86103700e-18,3.49467000e-17,-1.50934300e-16,7.13688600e-17,2.51312800e-16,-3.24835200e-16,-3.11875200e-16,1.66882400e-16,7.31196100e-17,-1.13769300e-17,-7.12261100e-18,-4.55763500e-18,-1.73700400e-18,-5.27717100e-18
2.21343025e+05,-6.73492200e+00,7.84871600e-18,4.16294400e-18,7.66641600e-18,-6.32306600e-18,-1.25722900e-17,2.89615500e-17,6.29350500e-17,1.45440900e-16,-3.74238100e-16,-5.57945900e-16,3.45501100e-16,1.12107600e-16,-1.99082100e-17,-2.34243200e-17,-1.23750800e-17,-6.44739300e-18,-6.97013700e-18
2.25343025e+05,-6.72556800e+00,7.26854700e-18,6.43995900e-18,8.45576300e-18,7.41293800e-18,2.05403200e-18,3.25305600e-16,-2.00739000e-17,5.18009500e-16,-1.21666600e-16,-9.28647200e-17,1.80038600e-16,2.21024400e-17,-6.42984900e-17,-2.62271400e-17,-9.14818400e-18,-8.18682400e-18,-8.61984100e-18
2.29343025e+05,-6.72466100e+00,7.43930800e-18,4.92787800e-18,8.22136100e-18,-8.41318700e-18,1.76289800e-17,-1.40411800e-16,-4.15371700e-17,-2.64588500e-17,-2.54859100e-16,-2.53861300e-16,-2.88099500e-16,-4.64441200e-17,7.66227300e-18,-2.05844800e-17,-1.50964100e-17,-9.82811200e-18,-8.62031200e-18
2.33343025e+05,-6.72893000e+00,8.09799500e-18,6.24756100e-18,1.45940800e-18,1.90485400e-18,1.74854300e-17,-2.82214900e-16,-1.39484500e-16,1.70805700e-16,-5.18413200e-17,-3.61447400e-16,-3.11138400e-16,-5.43297200e-17,-5.18228800e-17,-2.28750400e-17,-1.25679400e-17,-9.93820300e-18,-1.27250100e-17
2.37343025e+05,-6.73328800e+00,5.36098700e-18,2.00274200e-18,7.63429500e-18,-1.06230000e-17,2.50502700e-18,-1.40878800e-16,-5.68910400e-17,2.91071700e-16,3.42614700e-17,-3.07972600e-16,-1.14980200e-16,-3.94120700e-17,-2.22457500e-18,-3.38983600e-17,-1.04686100e-17,-8.69945800e-18,-9.46807600e-18
2.41343025e+05,-6.73589700e+00,8.44168800e-18,7.13419800e-18,8.86727300e-20,-9.62635000e-18,4.75705300e-17,1.61197900e-16,-4.04465800e-16,-6.39464200e-16,8.29116700e-18,-4.55065200e-16,-1.27987000e-16,-2.84416900e-16,-9.06092300e-17,-3.00496100e-17,-1.53527800e-17,-1.03653600e-17,-1.12869300e-17
2.45343025e+05,-6.73470200e+00,6.94993600e-18,5.86488500e-18,9.72173000e-19,-9.95653300e-18,-9.52021300e-18,-1.10565900e-16,7.48470500e-18,-3.66270800e-16,-4.38104800e-16,-2.24603900e-16,7.00919500e-17,-4.45232800e-16,-6.17236400e-17,-5.53805800e-17,-2.64917400e-17,-1.41846300e-17,-1.43987300e-17
2.49343025e+05,-6.72249300e+00,8.46187500e-18,7.49184400e-18,1.03393200e-17,8.03255800e-18,3.08380400e-17,5.36698100e-17,-3.13649300e-16,7.72746600e-17,-6.75402700e-16,-5.41982100e-16,-2.97668200e-16,-2.27824800e-16,-8.85734100e-17,-5.88913900e-17,-2.35989400e-17,-1.36242300e-17,-1.49132900e-17
2.53343025e+05,-6.71239100e+00,1.06265200e-17,9.81363700e-18,1.57127600e-17,-5.57310900e-18,2.21657500e-17,-7.54974700e-17,-5.82692400e-16,-2.16844600e-16,2.69672700e-16,-4.68996000e-17,-7.06997100e-16,-1.79082700e-16,-1.33159500e-16,-5.13983900e-17,-2.10026500e-17,-1.22476100e-17,-1.46177800e-17
2.57343025e+05,-6.70897900e+00,9.78557500e-18,7.44963600e-18,7.17414100e-18,-9.61747700e-18,-3.18625900e-17,1.47268700e-16,-3.95959700e-16,-9.84780200e-17,7.31864800e-17,-4.88100800e-17,-6.56155700e-16,-8.32183300e-17,-1.17016100e-16,-4.97505100e-17,-1.90263700e-17,-1.48212200e-17,-1.33870100e-17
2.61343025e+05,-6.73471100e+00,1.03235600e-17,6.23677900e-18,9.50358300e-18,-2.44227300e-18,-4.49636400e-18,3.04490200e-16,-9.71688000e-17,-2.59271000e-16,-7.19044000e-17,-1.60202200e-16,-5.10549500e-16,-1.72323300e-16,-1.21193900e-16,-6.24279300e-17,-2.86664800e-17,-1.90859500e-17,-1.56248600e-17
2.65343025e+05,-6.83170700e+00,5.36971600e-18,1.67462800e-18,1.82730800e-18,-9.30698700e-18,1.63597000e-17,1.87115400e-16,-4.22784200e-16,-2.27505100e-16,-4.28602800e-16,-2.50191100e-16,-3.36523000e-16,-1.34391300e-16,-7.41393100e-17,-3.48915700e-17,-1.95197200e-17,-1.25134600e-17,-1.27567100e-17
2.69343025e+05,-6.91223900e+00,1.27229200e-17,8.56309500e-18,1.35364900e-17,1.19027100e-17,2.77914600e-17,1.42609900e-16,-2.71713500e-16,-2.82067100e-16,-2.17180400e-16,-3.27550600e-16,-2.71719000e-16,-4.31002800e-16,-1.56724800e-16,-5.81461600e-17,-2.79681000e-17,-1.96048600e-17,-1.71673000e-17
2.73343025e+05,-6.89799300e+00,8.38137000e-18,5.99298500e-18,9.46112300e-18,4.07577800e-18,3.49810600e-17,1.71140700e-16,-4.05340700e-17,3.03451000e-16,-6.52977600e-16,-6.05268000e-16,2.79494900e-16,4.12467300e-18,-1.26166700e-16,-5.49288900e-17,-2.46268100e-17,-1.67085700e-17,-1.35897000e-17
2.77343025e+05,-6.89675900e+00,1.26109100e-17,1.18199000e-17,-1.58863100e-18,-4.98586800e-20,1.55021200e-17,-1.15980100e-16,-6.58742100e-16,7.97692100e-17,-3.40351900e-16,-8.81302700e-16,-3.05234400e-16,-5.43196000e-17,-1.49217400e-16,-4.78526200e-17,-2.53329900e-17,-1.37034600e-17,-1.65944100e-17
2.81343025e+05,-6.90110800e+00,9.91607700e-18,6.01374000e-18,2.03932600e-17,-2.57227900e-18,-4.20530800e-17,1.05523700e-16,-2.36643900e-16,1.04488900e-16,6.41292200e-17,3.01285900e-16,-3.87911900e-16,6.17569700e-17,-1.13259600e-16,-4.83597600e-17,-2.15970000e-17,-1.04032800e-17,-1.19087700e-17
2.85343025e+05,-6.90814900e+00,1.46241100e-17,1.11216900e-17,1.55958900e-17,-2.60297000e-18,-8.74215800e-17,2.09608800e-16,7.57278600e-17,6.15251300e-16,-2.34791400e-16,-3.39400000e-16,-1.18433200e-16,-2.91129100e-16,-1.18153800e-16,-5.16011700e-17,-2.74492000e-17,-1.28377700e-17,-1.70065000e-17
2.89343025e+05,-6.86302000e+00,9.87214100e-18,9.47479500e-19,2.94770000e-18,-7.13746800e-18,-1.06712700e-16,1.52704000e-16,1.79771800e-16,3.49805400e-16,-3.43045300e-16,-8.76169300e-16,1.57967900e-17,-2.31544200e-16,-2.24545600e-16,-3.03567100e-17,-1.78166600e-17,-1.70336900e-17,-1.64927500e-17
2.93343025e+05,-6.80486600e+00,1.04307500e-17,5.02231200e-18,4.96093200e-18,-1.56937600e-17,-1.24344300e-16,1.56411400e-16,-2.00884600e-16,5.40963400e-17,-2.07545500e-16,-5.87100600e-16,-1.59246800e-16,9.22267300e-17,-1.03834200e-16,-3.42947900e-17,-2.49097200e-17,-1.98426500e-17,-1.16527200e-17
2.97343025e+05,-6.74625100e+00,8.00666500e-18,5.83884700e-18,6.82581100e-18,-1.79021600e-17,-1.07717600e-16,3.82478300e-16,1.28838800e-16,4.56966400e-16,-5.32421500e-16,-7.12542200e-16,-4.32139400e-16,-1.56940300e-16,-5.50993400e-17,-5.40182800e-17,-2.35953300e-17,-1.65906200e-17,-1.64424000e-17
3.01338283e+05,-6.68639800e+00,8.67532300e-18,3.17914600e-18,-3.71518100e-19,-1.44546000e-17,-3.14578800e-16,1.95276900e-16,-3.25711200e-16,-6.73461400e-16,-6.22702500e-16,-5.75710000e-16,-1.80149300e-17,-2.47530100e-16,-2.24864500e-16,-7.74371100e-17,-2.75652400e-17,-2.27602700e-17,-1.77375900e-17
3.04987088e+05,-6.62336100e+00,1.18141000e-17,6.64489400e-18,8.84076800e-18,-3.33637700e-17,-2.73079700e-16,-2.31984600e-16,-1.60745200e-16,-3.96523000e-16,-7.65862400e-16,1.39244400e-17,4.57861900e-17,-2.38064300e-16,-2.28648300e-16,-6.56485500e-17,-2.70071800e-17,-1.28704400e-17,-1.94358500e-17
3.08165158e+05,-6.56727600e+00,1.07389600e-17,5.56861700e-18,4.49880000e-18,-1.46327500e-18,-2.85183300e-16,1.40292000e-16,-2.47147900e-16,-1.22954800e-16,-3.34482700e-16,-2.21443400e-16,2.25151000e-16,-1.98557800e-16,-5.63460200e-16,-4.16529900e-17,-2.98042000e-17,-1.83526700e-17,-1.92026200e-17
3.10974850e+05,-6.51767800e+00,5.77091800e-18,2.69055000e-18,5.90243600e-18,-3.67696100e-17,-3.85776700e-16,3.47952800e-16,-4.19220900e-16,-4.41069200e-16,-4.27400600e-16,-1.54129700e-16,1.77172700e-16,-1.48443600e-16,-5.80838800e-16,-6.01807400e-17,-2.74073300e-17,-1.96359400e-17,-1.90412600e-17
3.13506362e+05,-6.48095700e+00,8.37991000e-18,2.53702200e-18,6.64715700e-18,-2.55527600e-17,-3.05955100e-16,1.80379100e-17,1.63117500e-16,-6.54122500e-16,-7.70804800e-17,-1.92608100e-16,2.11773100e-16,-2.05696100e-16,-5.84670500e-16,-5.21127700e-17,-2.18168600e-17,-1.83804700e-17,-1.43694100e-17
3.15905904e+05,-6.48486500e+00,6.08474400e-18,4.24003900e-18,-7.84344700e-18,-2.34336000e-17,-2.89360600e-16,-1.55848500e-16,-1.13581200e-16,1.43271100e-16,-1.29184100e-15,4.75367300e-19,1.50138400e-16,-2.87784000e-16,-4.57789600e-16,-7.30505400e-17,-3.52751200e-17,-2.37128700e-17,-2.06391700e-17
3.18383346e+05,-6.47969300e+00,1.18050200e-17,6.95190500e-18,1.27703300e-17,8.97037600e-18,-4.24661400e-16,1.56773200e-16,3.52369000e-17,-5.12212500e-16,-2.11274900e-16,-6.30159800e-16,1.66313300e-16,-1.47070200e-16,-7.22814400e-16,-8.33047800e-17,-4.57182100e-17,-2.50245000e-17,-2.41973200e-17
3.20763833e+05,-6.46964900e+00,1.33267800e-17,1.09035400e-17,9.07638500e-18,-1.78242900e-19,-2.40584900e-16,1.81687300e-16,3.66428300e-16,-4.59807100e-16,1.19238000e-16,-6.95387400e-16,3.48325200e-16,-1.36556600e-16,-5.84598500e-16,-1.19139600e-16,-5.00629600e-17,-2.97802100e-17,-2.51162800e-17
3.23150596e+05,-6.49031500e+00,8.35828900e-18,5.84200700e-18,8.19876600e-20,-8.19423100e-18,-1.85443700e-16,-2.31274100e-16,-4.94246500e-16,-3.07945600e-16,3.77728100e-17,3.17736200e-16,3.55996000e-17,2.61942300e-17,-6.70249800e-16,-9.47392800e-17,-6.37221600e-17,-2.38668200e-17,-2.79537900e-17
3.25829050e+05,-6.57018700e+00,7.29470500e-18,1.01998200e-17,1.28035000e-17,7.11784600e-18,-1.57577900e-16,8.28072800e-16,-5.34946000e-16,-4.46496600e-16,-6.14391100e-16,-4.13439400e-16,3.39761400e-17,-2.40329100e-16,-5.27172000e-16,-1.20467000e-16,-5.76738100e-17,-2.92339400e-17,-2.77543600e-17
3.28736671e+05,-6.55479300e+00,1.35791600e-17,7.46523700e-18,6.19659800e-18,3.94775100e-18,6.53308700e-17,6.13985400e-16,-2.48584800e-16,-2.69974400e-16,-3.76455400e-16,3.51348400e-16,-3.54737300e-16,5.40495400e-17,-5.71167100e-16,-1.43825500e-16,-6.74649600e-17,-3.18603200e-17,-3.13719300e-17
3.31644429e+05,-6.57163500e+00,1.22425700e-17,3.29723000e-18,1.04656100e-17,-4.85093500e-17,-1.79148700e-16,4.51321600e-16,-2.88746100e-16,-1.74533300e-16,-2.42975900e-16,1.61200200e-17,2.04527900e-17,-5.09153100e-18,-8.02606900e-16,-1.04184200e-16,-5.07854500e-17,-2.06862700e-17,-2.18355700e-17
3.34721896e+05,-6.60466600e+00,8.19075500e-18,7.18460500e-19,1.20511300e-17,-4.68416200e-18,-3.44450500e-17,8.45135800e-17,-4.88868300e-16,1.25729400e-16,-1.08277300e-15,-2.84929800e-16,2.49732700e-16,-4.98973500e-16,-3.28227500e-16,-1.14698400e-16,-6.69174200e-17,-4.49964800e-17,-3.41071000e-17
3.38067237e+05,-6.64347500e+00,1.55965000e-17,-2.13266600e-18,5.69215500e-20,-5.39478100e-19,1.10059600e-16,2.01254500e-16,-3.31959700e-16,-7.70450600e-16,-1.75063500e-16,-2.16154100e-16,-6.78226500e-16,-4.61315500e-16,-4.58315700e-16,-3.94714600e-17,-5.43347800e-17,-2.89317500e-17,-3.31077600e-17
3.41721017e+05,-6.68028300e+00,6.06989200e-18,-1.18329000e-17,-1.39656800e-17,-4.42463200e-17,-2.14555200e-16,-1.68889300e-16,-1.22232700e-16,7.09302200e-16,-5.88199100e-16,1.99737900e-16,2.16183300e-16,-4.36020500e-16,-3.97274100e-16,-9.54595700e-17,-5.16803300e-17,-3.34827700e-17,-2.46718400e-17
3.45660796e+05,-6.71258400e+00,3.36546200e-18,-1.30819000e-17,-2.16058900e-17,-5.68152600e-17,-2.63341900e-16,-2.25206200e-16,3.95966200e-17,2.47415500e-16,-9.23139100e-16,1.23630000e-16,7.59044000e-17,-4.39323200e-16,-3.21767900e-16,-8.21673200e-17,-5.44242800e-17,-2.75751300e-17,-2.87179400e-17
3.49660796e+05,-6.75230600e+00,1.15222100e-17,1.33317000e-18,7.24565900e-18,-2.33297900e-17,-2.28497100e-17,1.00363600e-16,3.95407400e-16,2.86064500e-16,-5.76686400e-16,-4.49389100e-16,4.26205200e-16,-3.41926400e-16,-3.75653500e-16,-7.05961700e-17,-3.50664100e-17,-3.09369000e-17,-3.35613100e-17
3.53660796e+05,-6.83485600e+00,3.57094200e-18,-1.06994400e-17,-1.21903500e-17,-5.83301500e-19,9.11416300e-17,-5.30526900e-17,2.52048500e-16,7.70244400e-16,6.24928200e-17,-7.00894100e-16,-2.42912500e-16,-4.81430800e-16,2.15896800e-16,-3.24133000e-17,-2.85403400e-17,-1.28231300e-17,-2.15135900e-17
3.57660796e+05,-6.95215900e+00,9.41210200e-18,-3.46927800e-18,1.66945300e-17,-3.82435800e-17,-9.79680600e-17,2.19138100e-16,-2.51908900e-16,-3.64604100e-16,-1.16383300e-16,-5.61353800e-16,-3.29831500e-16,-1.74974800e-16,-3.76869900e-16,-1.40867100e-16,-5.00369800e-17,-2.97767200e-17,-3.62269000e-17
3.61660796e+05,-6.93872400e+00,5.61307300e-18,-1.84481900e-18,-7.52911100e-18,-2.28840500e-17,-2.89016900e-17,2.41056300e-16,-4.38981000e-16,5.05513100e-16,-2.79351300e-16,-8.20387900e-16,-3.44868300e-16,-4.07991100e-16,-4.57209400e-16,-9.15160400e-17,-3.45455600e-17,-2.58958300e-17,-2.90337400e-17
3.65660796e+05,-6.90843900e+00,8.34033900e-18,-3.84690000e-18,6.44184900e-18,-1.41975600e-17,5.88035000e-17,-2.55862900e-16,-6.82706500e-16,-4.63685100e-16,-5.35087900e-16,-3.72071900e-16,3.29751500e-16,-8.14629900e-16,-2.02801400e-16,-8.62649300e-17,-3.85070500e-17,-3.31952100e-17,-2.94100300e-17
3.69660796e+05,-6.88757300e+00,1.13298800e-17,-7.61340500e-18,7.33939800e-18,3.85993200e-19,-2.69080700e-18,6.92496900e-17,-1.12765100e-15,-2.32221100e-16,-1.06713000e-16,2.92664100e-16,-3.61987200e-16,-3.61527200e-16,-4.41675400e-16,-1.05312400e-16,-5.19184100e-17,-2.42923900e-17,-2.69856600e-17
3.73660796e+05,-6.87425200e+00,9.85238300e-18,5.69560200e-19,-9.40124400e-19,-1.99289200e-17,-1.93245200e-16,-8.02389700e-17,8.34423100e-18,-4.61891000e-16,-1.05797200e-16,-5.30301100e-16,1.28116000e-16,-4.09537800e-16,-2.89727000e-16,-2.30105700e-17,-5.19490400e-17,-3.37646200e-17,-3.67077000e-17
3.77660796e+05,-6.86663000e+00,2.94804900e-18,-9.97228400e-18,1.95122200e-17,1.86975500e-17,2.25981700e-16,1.11281100e-16,-3.52079300e-16,-2.23808000e-16,-1.58142900e-16,1.66728800e-16,-4.39904500e-16,-4.95521200e-16,-3.24331000e-16,-6.15204900e-17,-4.15446000e-17,-2.40459200e-17,-3.05209900e-17
3.81660796e+05,-6.86318300e+00,7.67303600e-18,-4.16657200e-18,-2.00054400e-18,-2.93700600e-17,-4.01421900e-16,-7.48744400e-17,-4.90420000e-16,-2.15068000e-16,-1.21945100e-16,-5.58023400e-16,-5.38792100e-18,-5.84422300e-16,-6.56892600e-16,-2.43274900e-18,-2.47601500e-17,-2.39009500e-17,-2.44055300e-17
3.85660796e+05,-6.86278900e+00,7.39041900e-18,-1.21973500e-17,-9.41615500e-18,-5.88877000e-17,-1.95805200e-16,-1.44461400e-16,-7.97664500e-17,4.30935800e-16,-3.62755600e-16,-2.69310800e-16,-3.05066100e-16,-5.56540600e-16,-3.97332300e-16,-1.61168200e-17,-4.92756700e-17,-3.12036700e-17,-3.29890500e-17
3.89660796e+05,-6.86478800e+00,1.30848200e-17,1.21376400e-18,-5.11975500e-18,-3.97740600e-17,8.62343400e-17,-1.03296800e-16,-1.57065100e-16,-6.12392200e-17,-6.53335500e-16,-4.63645400e-16,-5.44201400e-16,-7.26822500e-16,-8.00511000e-17,8.97866400e-18,-1.69525200e-17,-3.14123600e-17,-3.53092100e-17
3.93660796e+05,-6.86923200e+00,6.85058500e-18,-7.20211400e-20,-2.70032800e-21,-4.76550500e-17,-2.51695300e-16,-1.74104200e-17,6.32843500e-17,-1.11418700e-15,7.73365200e-17,-8.18261000e-16,-1.16603600e-16,-6.11836900e-16,-4.51150100e-16,1.00790700e-16,-4.34494800e-17,-2.72953300e-17,-3.02964600e-17
3.97660796e+05,-6.87767500e+00,1.10034200e-17,-7.21740800e-18,6.08807600e-19,-5.42467700e-17,-2.92597300e-16,1.19425200e-16,-1.92338800e-16,-1.34500900e-15,4.58765900e-16,-3.60783100e-16,-3.70509500e-16,-5.79600700e-16,-2.81237800e-16,1.83304200e-16,-4.94576200e-17,-2.37516100e-17,-2.82064700e-17
4.01660796e+05,-6.89505500e+00,1.03389400e-17,-1.33383800e-17,-5.35393300e-18,-5.11773000e-17,2.04164000e-17,7.73659300e-17,-5.48039900e-16,-2.74530600e-16,-7.05502100e-17,2.51413000e-16,2.91297000e-16,-8.17064100e-16,-3.56543400e-16,2.07386400e-16,-4.37632200e-17,-2.21881800e-17,-3.44643800e-17
4.05660796e+05,-6.93191600e+00,1.32263200e-17,-6.32760100e-18,-3.34603600e-18,-7.65468300e-17,3.93175700e-16,-5.26556500e-17,-3.01596200e-16,-6.03674000e-16,-3.67653600e-16,-5.53740200e-16,-3.18101800e-16,-9.63893400e-16,-5.19486500e-16,2.30378700e-16,-6.14152000e-17,-3.53790200e-17,-3.54224500e-17
4.09660796e+05,-6.97872800e+00,2.03970800e-18,-4.05730600e-18,-2.37340200e-17,-1.10859200e-16,5.54132900e-17,-1.15422700e-16,-5.98452800e-16,-5.09262100e-16,-1.17150000e-16,-8.10093300e-16,-5.64270600e-17,-1.00392200e-15,-3.19741300e-16,2.64275000e-16,-5.94934300e-17,-3.23406200e-17,-3.19414300e-17
4.13660796e+05,-6.99958900e+00,2.95652700e-18,-1.04881200e-17,-4.68507600e-18,-1.14960700e-16,2.44111700e-16,-3.22988800e-17,-7.14553000e-16,-3.24907300e-16,-6.48150200e-17,-5.00364900e-16,-6.52120400e-16,-6.99939200e-16,2.04161400e-16,2.48610000e-16,-5.27192300e-17,-1.48767300e-17,-3.17213000e-17
4.17660796e+05,-7.02990200e+00,-1.83081800e-19,-1.78400700e-17,-8.02801100e-18,-2.74166000e-17,3.66538400e-17,2.09259900e-17,-8.28317300e-16,5.60272400e-16,-3.66671500e-16,-1.98537400e-16,-5.15567300e-16,-1.07913900e-15,2.30438700e-16,3.86805000e-16,-5.31312800e-17,-2.96266100e-17,-3.22681000e-17
4.21660796e+05,-7.07325000e+00,1.13535800e-18,-1.45361500e-17,1.06410100e-17,-5.90482100e-17,2.31042600e-16,6.45682000e-17,-3.09532900e-16,1.74519500e-16,-5.84303600e-16,-9.33767200e-16,-6.51073100e-16,-8.09139400e-16,-3.54615600e-16,4.06893300e-16,-3.33237400e-17,-2.65213500e-17,-3.51659900e-17
4.25660796e+05,-7.09940000e+00,-1.19017100e-18,-1.44047600e-17,-8.66973800e-18,-5.07237800e-17,1.53462500e-16,1.13136200e-16,3.83996200e-16,5.34844900e-17,-2.42300100e-16,-3.35531800e-16,-2.72779800e-16,-9.01427200e-16,-1.51434800e-16,3.26195800e-16,-3.64624500e-17,-2.07147600e-17,-3.33937200e-17
4.29660796e+05,-7.11576400e+00,-2.73611500e-18,-2.33446800e-17,-3.52326100e-17,-1.18130100e-16,-1.94920800e-16,2.46801900e-16,-2.17770300e-16,-6.30348800e-16,-2.85285000e-16,-5.43757500e-16,-2.91103800e-16,-5.61746200e-16,-2.92889100e-16,2.89290500e-16,-5.70388000e-17,-2.90290200e-17,-3.79810600e-17
4.33660796e+05,-7.09503900e+00,1.20095800e-18,-7.54856800e-18,3.95256600e-18,-1.33811700e-16,-2.68053400e-16,2.48130500e-16,-1.01623000e-15,-6.59462700e-16,-4.64080600e-16,-4.74038100e-16,-2.75500200e-16,-4.92048400e-16,-3.02766000e-16,3.03854500e-16,-3.43997100e-17,-3.12053300e-17,-4.87070400e-17
4.37660796e+05,-7.07509300e+00,2.60665600e-18,-8.90272400e-18,-2.71317100e-17,-1.28216100e-16,1.15143000e-19,2.90888800e-16,-7.15351700e-16,-1.90825300e-16,1.06571200e-16,7.85891100e-17,-6.89004800e-16,-6.87369800e-16,-5.27214800e-16,3.32816300e-16,-3.70915500e-17,-2.46022000e-17,-3.84658600e-17
4.41660796e+05,-7.05577000e+00,1.86995100e-18,-2.41477000e-17,-2.25323200e-17,-9.48976900e-17,-1.22491200e-16,8.65366300e-17,-2.27383300e-17,-2.27933300e-16,-3.65669000e-16,-7.03275000e-17,1.67226200e-17,-7.80979700e-16,-3.78779500e-16,4.85737400e-16,-3.19500300e-17,-1.69295900e-17,-3.47179300e-17
4.45660796e+05,-7.03690800e+00,3.72343500e-18,-8.71459600e-19,-7.72346600e-18,-5.48283400e-17,-1.16491700e-16,7.01329900e-17,-5.07145000e-16,1.51881400e-16,-3.76491800e-16,-4.19280200e-16,-2.65753400e-18,-1.35260900e-15,-2.94477200e-16,3.64087400e-16,-7.17699000e-17,-3.95129800e-17,-3.96974300e-17
4.49660796e+05,-7.01834300e+00,8.66834800e-19,-1.10327400e-17,-2.33845100e-17,-8.08249700e-17,-1.96208200e-16,-3.45497400e-17,-5.31764000e-16,-1.69870000e-16,-1.52610600e-16,1.33914400e-16,-5.75219300e-16,-1.17608300e-15,-5.67800600e-16,3.53864100e-16,-8.35530800e-17,-3.89931700e-17,-4.00340000e-17
4.53660796e+05,-6.99992400e+00,2.54979900e-18,-1.81067800e-17,1.10809700e-18,-2.80555400e-17,2.17583800e-16,5.38235700e-16,-6.27202800e-16,3.05111300e-16,-3.47947800e-16,3.70731700e-16,1.58096900e-18,-5.66911100e-16,-2.58261000e-16,4.59872900e-16,-7.43153900e-17,-3.24205200e-17,-4.40540400e-17
4.57660796e+05,-6.98153900e+00,2.84340200e-19,-7.80135500e-18,-3.10865400e-17,-2.03493400e-17,-3.03498800e-16,2.21818200e-16,-1.27125100e-16,-4.42309000e-16,-7.00179900e-16,-2.48087000e-16,-6.64280700e-16,-9.38556700e-16,-3.49932200e-16,6.57844000e-16,-7.15297400e-17,-3.01819200e-17,-4.36600400e-17
4.61660796e+05,-6.96318100e+00,3.76831100e-18,-2.30583500e-17,-2.01862800e-17,-9.60248200e-17,-2.33949400e-16,5.17892500e-16,-2.12573400e-16,-3.09901900e-16,-2.85864200e-16,8.54669300e-16,-6.55217200e-16,-8.68815400e-16,-5.26330800e-16,4.17759800e-16,-4.35246900e-17,-2.67797600e-17,-2.75718700e-17
4.65660796e+05,-6.94511200e+00,8.30382000e-19,-1.77701400e-17,-1.66974000e-17,-4.77905600e-17,-1.73950400e-16,-2.99688000e-17,-5.53888500e-16,2.37424300e-18,-5.75709900e-16,3.64329600e-17,-2.95899000e-16,-7.24191900e-16,-2.58638900e-16,4.66354400e-16,-3.07178100e-17,-3.93092900e-17,-3.97506000e-17
4.69660796e+05,-6.92828200e+00,4.12913200e-18,-2.56370800e-17,-2.32603500e-18,7.85783600e-18,-2.88176900e-17,4.41648900e-16,-2.32016700e-16,3.18046000e-16,-3.20837200e-16,4.88590200e-16,-5.57043600e-16,-3.48620700e-16,-3.51752900e-16,4.73554000e-16,-5.79404900e-17,-5.56487400e-17,-3.95287200e-17
4.73660796e+05,-6.91538300e+00,3.18367300e-18,-8.59844000e-18,1.36374200e-17,-2.08486900e-17,-9.63764300e-17,-5.46723200e-17,-1.32780300e-16,-1.71426900e-16,1.81031200e-16,-4.54472900e-16,-3.20268800e-16,-9.93308400e-16,-1.21659400e-16,2.58265700e-16,-6.97111500e-17,-2.70277100e-17,-4.69555600e-17
4.77660796e+05,-6.91303900e+00,1.13921100e-17,-1.07018200e-17,2.28010000e-17,-3.72791300e-17,-3.95727900e-16,-2.31270400e-16,2.07422200e-16,1.01744800e-16,-3.47539300e-16,-5.34654500e-16,-1.65761700e-15,-1.08031000e-15,-1.98713800e-16,2.32410400e-16,-6.33386600e-17,-6.42409600e-17,-5.68485200e-17
4.81660796e+05,-6.93367400e+00,9.81196400e-20,-1.72610400e-17,-4.99449800e-18,1.87493400e-17,-5.40933100e-17,-3.31570000e-17,-1.85179700e-16,7.15269100e-16,-1.93101200e-16,-3.47101900e-17,-1.01397600e-15,-9.77107900e-16,-3.80755700e-16,2.09791300e-16,-6.45561400e-17,-3.59140300e-17,-2.96063500e-17
4.85660796e+05,-6.92795500e+00,-5.21499700e-19,-2.03490300e-17,1.96496000e-17,2.41614900e-16,-2.16731000e-16,3.01818800e-17,-1.56314000e-16,-2.23538100e-16,-4.98636600e-16,2.76960600e-16,-2.40442800e-16,-3.63618900e-16,-2.11375200e-16,4.79819300e-16,-8.09661800e-17,-2.81909000e-17,-3.63346500e-17
4.89660796e+05,-6.93553500e+00,-4.15569400e-19,-1.53637300e-17,-8.87511300e-18,5.34195700e-17,-5.82815700e-16,-2.86001400e-16,3.25846800e-17,-2.47517100e-16,-1.21915700e-15,-1.45258800e-15,1.81713000e-16,-9.18071600e-16,-4.28702300e-16,1.95359000e-16,-1.02216700e-16,-4.48271000e-17,-4.25224100e-17
4.93660796e+05,-6.96216500e+00,9.55797500e-18,-1.14501700e-17,-3.52422000e-18,-1.58417200e-16,-1.08852000e-16,-8.16909700e-17,-5.62788000e-17,-5.60422100e-16,-6.84770900e-16,-1.25457600e-15,-1.77843200e-17,-9.21570000e-16,-3.28214200e-16,1.88281400e-16,-6.91932800e-17,-4.15914100e-17,-4.67284400e-17
4.97660796e+05,-7.01410800e+00,3.65246200e-18,-6.08539400e-18,-9.86549500e-18,-1.91546600e-18,1.64608800e-16,4.51544400e-17,-1.17174400e-16,-2.51617200e-16,-3.40860800e-16,-5.40809000e-17,3.11026400e-17,-5.90395400e-16,-3.29215600e-16,4.09854200e-16,-5.20217800e-17,-4.03467000e-17,-3.95866000e-17
5.01660796e+05,-7.08541500e+00,-1.52787300e-18,-1.90584600e-17,3.54746000e-18,-9.03712100e-17,-7.80448400e-17,-2.88310400e-16,-4.97205500e-16,-1.59688000e-16,-8.47254200e-16,-9.20062600e-16,-6.25752800e-16,-5.68994500e-16,-1.80826800e-16,2.73781600e-17,-5.81663600e-17,-4.35123800e-17,-3.69976800e-17
5.05660796e+05,-7.09497100e+00,2.96599100e-18,-2.07983700e-17,1.18174900e-17,-8.96598600e-17,2.15422200e-16,4.30511900e-16,-4.48974200e-16,-8.34271100e-16,-1.36772500e-16,-3.11850800e-16,1.81159800e-16,-5.12508500e-16,-1.60525400e-16,7.36778000e-17,-5.44280300e-17,-3.30228700e-17,-3.23601800e-17
5.09660796e+05,-7.11097500e+00,4.80091800e-18,-2.56425200e-17,3.70710600e-18,-1.43667300e-16,-1.45208000e-16,6.12166400e-17,1.85103500e-16,-8.66028300e-18,-6.72501500e-16,-4.80406200e-16,-2.83071300e-16,-4.94236400e-16,-5.28375500e-16,-1.77305500e-16,-6.69889600e-17,-4.41949600e-17,-4.34652500e-17
5.13660796e+05,-7.13039100e+00,-2.70211900e-18,-3.79698500e-17,-3.56018500e-17,-4.01920800e-16,1.41501100e-18,3.96966100e-16,2.68206300e-17,-1.77767500e-16,-6.75373400e-16,-2.71990000e-16,6.76958800e-17,-5.09966900e-16,-2.74104600e-16,-1.01438700e-16,-6.64640700e-17,-1.72486600e-17,-3.85379700e-17
5.17660796e+05,-7.15094600e+00,1.74759100e-18,-3.74304700e-17,1.16153600e-17,-1.14589400e-16,1.82380800e-17,3.51426600e-16,-1.68677400e-16,-2.90225900e-16,2.58489100e-16,-7.35973800e-17,-2.44983700e-16,-3.33355600e-16,-7.34858300e-16,-1.20425600e-16,-9.95907300e-17,-4.17026600e-17,-5.37382800e-17
5.21660796e+05,-7.17126000e+00,-6.26418200e-18,-7.57630700e-18,-3.10886300e-17,-1.52128400e-16,-1.99265700e-16,2.11911500e-17,-2.29786200e-16,-1.17040300e-16,-3.64033300e-16,-5.86010300e-16,-3.30840200e-16,-4.52939200e-16,-3.02357100e-16,-1.04712200e-16,-1.02990200e-16,-4.81562700e-17,-4.80673100e-17
5.25660796e+05,-7.19060700e+00,7.05565500e-18,-1.13992500e-17,3.28862300e-17,-2.51500600e-16,2.55019200e-16,5.03816500e-16,-5.14326400e-16,-1.23605000e-16,-2.12432600e-16,-6.20449500e-16,-3.62091300e-16,-4.69066500e-16,-5.94220800e-17,-8.87149500e-17,-1.95303900e-17,-5.37163500e-17,-3.34790900e-17
5.29660796e+05,-7.20868200e+00,-5.33785300e-18,-3.40537400e-17,-2.74854600e-17,-2.54010900e-16,2.83123000e-16,-1.01658700e-16,-3.28024800e-16,2.32907600e-16,-1.52154900e-16,-6.42095700e-16,2.66521600e-16,-4.13381200e-16,-4.38473800e-16,-2.63437200e-16,-1.14459500e-16,-3.50518300e-17,-5.97113600e-17
5.33660796e+05,-7.22544100e+00,1.22259500e-17,-2.14574400e-17,2.83765100e-18,8.83001500e-18,1.20421500e-16,6.32085300e-17,-4.53285200e-16,-7.52273500e-16,-2.59870700e-16,5.26780400e-16,-5.07402100e-16,-1.33007000e-16,-4.05666500e-16,3.78235700e-17,-5.49488500e-17,-4.02157100e-17,-3.56036300e-17
5.37660796e+05,-7.24102800e+00,8.84459700e-18,-2.29973900e-17,2.99247200e-17,-2.53298300e-16,-9.00448100e-17,-1.21373200e-16,-1.17140900e-16,6.46869800e-16,-5.62817900e-16,1.63591800e-16,-1.15552800e-17,-2.89475600e-16,-5.68242900e-16,-1.28349700e-16,-6.64660800e-17,-4.76207400e-17,-3.88242000e-17
5.41660796e+05,-7.25573900e+00,-7.19307600e-18,-3.10847400e-17,2.28081600e-17,-1.13014300e-16,8.59961600e-17,4.15471200e-17,3.09608500e-16,-7.19886800e-17,-8.16099800e-16,-5.48557800e-16,-2.90049400e-17,-4.24402200e-16,3.62704600e-16,1.31110600e-16,-5.81400000e-17,-3.78166900e-17,-4.16074200e-17
5.45660796e+05,-7.27000900e+00,1.18951700e-17,-4.77641300e-18,2.25454700e-17,-3.47011500e-16,-1.94072500e-16,-1.82269400e-16,-3.10023900e-16,9.98167100e-17,-1.24242800e-16,-1.03671200e-15,-1.98938200e-16,-1.07672400e-16,-1.18717700e-16,-2.71758500e-16,-8.05716100e-17,-6.15252900e-17,-4.50469800e-17
5.49660796e+05,-7.28442500e+00,2.44680900e-18,-1.73911700e-17,2.70393600e-17,-3.02916300e-16,-9.87845600e-17,1.40565700e-16,1.23619800e-16,-1.13032500e-16,-2.93347900e-16,-5.22244400e-16,-3.13506400e-16,-3.56922100e-16,-3.24702000e-16,-3.25793500e-16,-1.06775700e-16,-5.20565100e-17,-6.25991400e-17
5.53660796e+05,-7.29972900e+00,1.07265700e-18,-3.32075200e-17,-3.45463000e-17,-4.32545700e-16,-2.02996000e-16,4.83644200e-16,-1.12949800e-16,-1.72596300e-16,-6.33739900e-16,-3.42619200e-16,-2.54467400e-16,-1.46580900e-16,-9.04818400e-16,-1.80048900e-16,-8.79379800e-17,-4.16304900e-17,-4.73063000e-17
5.57660796e+05,-7.31680000e+00,9.35900800e-18,-2.16096400e-17,1.10398300e-17,-2.07088600e-16,-8.35928800e-17,-6.26513000e-17,-3.66515800e-16,-4.76386700e-16,1.20158900e-16,-5.12969900e-16,-6.99557200e-17,-1.39310600e-16,-5.88719900e-16,-9.17444100e-17,-6.14716600e-17,-4.18495900e-17,-5.91653100e-17
5.61660796e+05,-7.31747200e+00,2.71774800e-18,-2.75507800e-17,9.36759000e-19,-3.05983800e-16,-5.87968500e-17,2.59203500e-16,-1.66993300e-16,-2.59044600e-16,-6.61771200e-16,-8.63789400e-16,-3.19363400e-16,-3.69987600e-16,-4.32820300e-16,-3.33617300e-16,-7.70749200e-17,-4.46813900e-17,-4.38221700e-17
5.65660796e+05,-7.31736800e+00,5.68027800e-19,-3.40269100e-17,2.23767000e-17,-2.65560400e-16,5.36385100e-17,2.42037100e-16,-3.49543500e-16,-1.79849000e-16,-3.53668600e-17,-8.01761500e-16,-1.24288100e-16,-6.02132700e-16,2.85567600e-17,-2.13736800e-16,-9.96641400e-17,-8.02152100e-17,-5.53345500e-17
5.69660796e+05,-7.31797500e+00,2.23337000e-18,-2.77572200e-17,-1.79362200e-17,-1.83740100e-16,-2.22485200e-17,1.07778600e-16,-7.48890400e-16,-3.70937100e-16,-8.49663600e-17,3.02696700e-17,-3.92401800e-16,-3.89332500e-17,-4.17576100e-16,-8.85766100e-17,-1.33347600e-16,-5.06469200e-17,-5.97699400e-17
5.73660796e+05,-7.31962600e+00,1.74220000e-17,-1.89000500e-17,-1.19037700e-17,-4.14008000e-16,-6.92417000e-17,2.34447500e-16,-2.50717900e-16,-6.63689200e-16,-9.44496100e-16,-8.74610100e-16,-8.35174400e-16,1.78736200e-16,-7.42909300e-16,-8.72175500e-17,-8.14130800e-17,-5.99215800e-17,-5.45476500e-17
5.77660796e+05,-7.32276600e+00,3.65209100e-18,-2.41204800e-17,-1.78962800e-17,-2.27039600e-16,3.90903800e-16,1.62012200e-16,-5.38774900e-16,-5.01220000e-17,-3.28348400e-16,-3.50607700e-16,-7.59459800e-16,-3.56021800e-16,-7.80558500e-17,9.81905400e-17,-1.39164700e-16,-3.69829000e-17,-6.41059800e-17
5.81660796e+05,-7.32796700e+00,-4.63951700e-18,-3.76787000e-17,-1.30733900e-17,-4.55046400e-16,-7.33316800e-17,3.34145100e-16,-6.75700300e-17,1.89523300e-17,-9.68855900e-16,-5.35447000e-16,1.01433900e-16,-2.56007500e-16,2.29829600e-16,-6.00954300e-17,-1.18149900e-16,-5.83012500e-17,-5.68521400e-17
5.85660796e+05,-7.33593300e+00,-4.19728400e-18,-4.05454300e-17,-4.55810500e-17,-2.10684000e-16,8.60945400e-17,-7.11382500e-17,-8.01363900e-16,2.56644400e-16,-5.23800500e-16,-6.40198100e-16,-3.07473700e-16,-3.03146500e-16,-1.23401600e-16,-2.11700800e-16,-1.10568800e-16,-3.93954300e-17,-5.92963800e-17
5.89660796e+05,-7.34746200e+00,8.26044900e-18,-2.34246600e-17,-2.77511700e-17,-5.38467000e-17,2.03417500e-16,1.15399900e-16,-7.78020000e-16,-1.15460700e-16,-8.29457700e-16,-8.48787500e-16,-2.71010800e-16,-4.42547200e-17,-8.70042600e-17,-1.26434000e-17,-9.50804800e-17,-5.06461500e-17,-5.30461400e-17
5.93660796e+05,-7.36335300e+00,1.77815100e-17,-1.51856000e-17,8.39565500e-18,-1.72935600e-16,7.79408900e-17,1.73393800e-16,-3.56169100e-16,-2.02675000e-16,-1.01696300e-15,-6.30542600e-16,-2.85529200e-16,-4.58689500e-16,-9.50598000e-17,2.64402900e-17,-4.95299600e-17,-3.07508500e-17,-4.46337100e-17
5.97660796e+05,-7.38423800e+00,1.08083900e-17,-1.48501000e-17,1.26449700e-17,-2.83439200e-16,2.65554700e-16,-2.55622600e-17,-2.74366500e-16,-4.12510300e-16,-4.49416900e-16,-7.05048100e-16,-5.31586000e-16,-7.24046600e-16,-2.64902500e-16,-2.93241200e-17,-1.02865000e-16,-4.23949600e-17,-5.28790200e-17
6.01660796e+05,-7.40380200e+00,-1.03770900e-17,-6.07288600e-18,2.50574700e-17,-4.13919300e-16,-4.71320600e-18,1.25570200e-16,-3.91503800e-17,5.21533100e-16,-9.71795900e-16,1.55157300e-16,-4.95163300e-16,-4.15113400e-16,-4.50145400e-16,-1.46500900e-16,-6.50947400e-17,-4.30569000e-17,-4.74491100e-17
6.05660796e+05,-7.41149700e+00,3.08840900e-18,-2.05092400e-17,-2.61607900e-17,-3.43246000e-16,-6.47312300e-17,3.71044600e-16,8.13221200e-17,5.09338700e-17,-5.37040600e-16,-1.73365100e-16,-4.63430500e-16,-1.43653300e-16,-4.56894200e-16,-8.58767300e-17,-1.02039300e-16,-1.76350900e-17,-5.87349800e-17
6.09660796e+05,-7.42021500e+00,-1.64114700e-18,-2.90701200e-17,6.10843100e-18,-5.12065600e-19,2.90665200e-16,-1.91065300e-17,-5.57524900e-16,1.43785000e-16,-3.48710000e-16,-3.78998600e-16,-4.59838100e-16,-2.98058700e-16,-2.54679200e-17,-7.46665000e-18,-7.64530800e-17,-2.43472400e-17,-4.71184400e-17
6.13660796e+05,-7.42979100e+00,1.87897600e-17,-3.70354100e-18,8.37398500e-18,2.71647200e-17,-2.39364000e-16,1.29036100e-16,-7.13610000e-16,4.82789800e-16,-1.53747500e-16,-2.59465200e-16,-7.98687400e-16,-3.13323400e-16,-6.51318700e-17,-1.16810000e-16,-6.85444000e-17,-2.49705200e-17,-4.51220000e-17
6.17660796e+05,-7.44005200e+00,-1.02078300e-17,-4.64806900e-17,-2.28125700e-17,-2.11572500e-16,9.33562700e-17,-1.29797300e-16,-1.74409600e-16,7.67433000e-16,-5.93408800e-16,-6.68313700e-16,-4.12473200e-16,-1.67314400e-16,-1.10204600e-16,-8.93480700e-17,-5.21849300e-17,-2.33620200e-17,-5.14072000e-17
6.21660796e+05,-7.45082300e+00,1.49731500e-17,-2.43883000e-17,4.61744100e-17,-1.21364300e-16,2.91801900e-16,-4.04771900e-17,-4.46647100e-16,-2.28985500e-17,-6.81166600e-17,-9.92564300e-16,6.21041700e-17,4.16745800e-16,-3.98604400e-18,7.09799300e-17,-6.02758900e-17,-6.35814400e-17,-5.74802500e-17
6.25660796e+05,-7.46194200e+00,-3.11938200e-20,1.75791300e-18,1.93022200e-17,-1.60242200e-16,1.70048500e-16,4.19494600e-16,-1.18827600e-15,-4.86567500e-16,-2.84995600e-16,-5.85893700e-16,-2.00365000e-16,-2.90108400e-16,8.54085300e-17,-1.80427300e-16,-9.52940500e-17,-5.03519200e-17,-6.12248700e-17
6.29660796e+05,-7.47326100e+00,4.39906400e-18,-2.41881200e-17,4.76936400e-17,-3.98195300e-16,9.89105200e-17,3.36994700e-16,-7.48574600e-16,6.33734800e-17,-3.66193100e-16,-4.04124700e-17,-5.38821700e-16,-4.41114900e-16,-4.43664000e-16,-2.84712800e-16,-7.82029800e-17,-6.66880800e-17,-5.78918200e-17
6.33660796e+05,-7.48465500e+00,2.06695200e-17,4.01468700e-18,9.75408900e-18,-2.62112400e-16,3.39535000e-16,1.14168500e-16,-4.19710100e-16,-3.52400700e-16,-5.66466200e-16,-5.37063800e-16,-5.69200600e-16,-1.03933800e-16,1.85023300e-16,-2.35629600e-16,-5.99439500e-17,-4.65281100e-17,-6.25704600e-17
6.37660796e+05,-7.49602100e+00,1.73615500e-19,-2.07235800e-17,-6.62256100e-17,-2.19043000e-16,-5.40275200e-17,3.15145200e-16,-3.86171600e-16,1.61741600e-16,-8.53133500e-16,-1.50140800e-16,-2.12120400e-16,-6.64222100e-17,3.05178600e-16,-3.26508200e-16,-6.40180300e-17,-6.08779300e-17,-6.00816000e-17
6.41660796e+05,-7.50727600e+00,-6.49813600e-18,-4.52314700e-17,-7.18943400e-18,-1.84777200e-16,1.10026600e-16,4.92120000e-17,-6.44555900e-16,-3.57350200e-16,-1.41035700e-17,-6.05211200e-16,-9.89710600e-16,-5.52588100e-18,-2.87468800e-16,-1.50759800e-16,-5.62460200e-17,-5.94347200e-17,-5.10177600e-17
6.45660796e+05,-7.51835600e+00,-8.60824200e-19,-2.94877500e-17,-1.59929100e-17,-3.15196600e-16,3.48696800e-16,2.77371400e-16,-1.03323300e-15,-5.48200200e-16,-5.49240500e-16,-1.18174100e-16,-1.55080600e-16,2.26500200e-16,1.81252300e-17,-3.11649300e-16,-1.32597700e-16,-8.08733800e-17,-6.43566500e-17
6.49660796e+05,-7.52921000e+00,1.04535100e-17,-7.08118700e-18,9.55457200e-18,-2.79382600e-16,2.72653900e-16,5.07563700e-18,-8.23295300e-17,1.43887400e-16,-8.34657300e-16,-1.91575500e-15,2.04876500e-16,-3.39275800e-16,-6.18094900e-17,-1.55674700e-16,-3.63402400e-17,-5.63792900e-17,-6.37141800e-17
6.53660796e+05,-7.53980400e+00,7.07562100e-18,-3.74018000e-18,3.53515100e-17,-3.57118600e-16,-4.76126300e-17,2.33192300e-16,-7.18385000e-16,1.46119000e-16,-7.71264800e-16,-2.37965900e-16,-3.50544100e-16,-2.41580500e-16,-6.06629000e-16,-1.43945700e-16,-1.53587200e-16,-6.62087600e-17,-6.58881100e-17
6.57660796e+05,-7.55011100e+00,-1.55873000e-18,-2.95322100e-17,1.89803800e-17,-2.66336300e-16,-6.24757700e-17,6.05935200e-16,1.29965000e-16,-1.10751900e-16,2.48830200e-16,-9.60138600e-16,-2.88296600e-16,-1.08195000e-16,-2.03060600e-16,-1.53655300e-16,-7.98090500e-17,-3.03435000e-17,-5.87778000e-17
6.61660796e+05,-7.56011400e+00,1.23087300e-17,2.21844800e-18,7.00009800e-18,-1.16896900e-16,1.98573100e-16,7.36038400e-17,-6.32617400e-16,-1.63598900e-16,-8.76320500e-16,-6.97690700e-16,-3.70325900e-16,-5.71431700e-16,8.65691700e-17,4.41478900e-17,-1.28149700e-16,-7.73828700e-17,-6.06726000e-17
6.65660796e+05,-7.56980500e+00,3.02408700e-18,-2.28416500e-17,3.46517300e-17,-1.79123800e-16,4.20819500e-16,1.46558600e-16,-4.90802300e-16,-2.98287900e-16,2.87899300e-16,3.86114000e-16,-8.90435300e-16,3.09112000e-17,3.73679700e-16,-1.90371400e-16,-9.12608400e-17,-5.45315700e-17,-6.60603300e-17
6.69660796e+05,-7.57917700e+00,-1.91242600e-18,-3.15479500e-17,-3.08358700e-17,-2.28367200e-16,3.06930700e-16,3.93813700e-16,1.15794700e-17,-1.93044400e-17,-7.34090700e-16,-9.98829000e-16,-1.06297100e-15,-9.19521500e-16,-5.11884600e-16,-2.07202400e-16,-1.77227700e-16,-8.13785100e-17,-6.07788800e-17
6.73660796e+05,-7.58421600e+00,3.80608900e-18,-2.81490500e-17,3.69735900e-17,1.28493700e-16,2.13310900e-16,2.65530300e-17,-1.13168300e-15,3.74928200e-16,-5.88140100e-16,-5.96499400e-16,-9.11264800e-16,-2.84715500e-16,2.58795800e-18,-2.92325400e-16,-7.97813800e-17,-7.57955700e-17,-6.84554300e-17
6.77660796e+05,-7.58891400e+00,-1.15067300e-18,-2.02767500e-17,-8.19877800e-18,4.98451300e-17,-3.16776100e-17,2.29228000e-16,-5.64917300e-16,4.07867200e-16,-5.01966900e-16,-1.23393800e-15,-3.60840100e-16,5.05573700e-17,-1.25318800e-16,-2.36516000e-16,-1.01975500e-16,-6.02711200e-17,-4.50447800e-17
6.81660796e+05,-7.59334100e+00,-2.56722300e-18,-2.39790400e-17,4.39545600e-18,1.45162000e-16,4.46777200e-16,6.88985100e-17,-7.15085200e-16,2.51735900e-16,-6.05137300e-16,-1.34592800e-15,-2.48295500e-16,-4.29139800e-16,3.57800300e-17,-9.89542000e-17,-1.04881200e-16,-6.16089100e-17,-5.91372500e-17
6.85660796e+05,-7.59750600e+00,-8.55208300e-19,-3.02928100e-17,-5.82719400e-17,-4.42703900e-17,-9.71887800e-17,1.31743800e-17,2.61314600e-17,4.82043500e-16,-5.47610300e-16,-9.26637500e-16,-1.63015100e-17,-1.69130800e-16,3.43081800e-16,-3.42824700e-16,-1.38307400e-16,-7.38358800e-17,-5.14551400e-17
6.89660796e+05,-7.60142300e+00,1.39291300e-17,-2.90593200e-18,3.51904400e-17,-1.58320600e-16,4.24516200e-16,3.79970600e-16,-6.74224300e-16,2.94782500e-16,-1.84890400e-16,-4.15513400e-16,-7.63698200e-16,-5.05875100e-16,-2.04465600e-16,-1.97422900e-16,-1.65031400e-16,-8.57715300e-17,-7.85476400e-17
6.93660796e+05,-7.60511600e+00,4.31356800e-18,-1.18081600e-17,-2.86321800e-17,-1.29061800e-17,-2.43479200e-16,-4.90897700e-17,-8.69703400e-16,-2.96541300e-16,-7.41577600e-16,-5.74214100e-16,-3.76089700e-16,-5.76216000e-16,-2.82470400e-16,-1.19962700e-16,-1.66104900e-16,-6.43069000e-17,-5.84857700e-17
6.97660796e+05,-7.60861200e+00,5.91125000e-18,-3.08989100e-17,-1.75252800e-18,-6.41729200e-17,-1.30528700e-16,5.00520500e-16,5.63340200e-17,-1.01148300e-15,-8.10945600e-16,-9.38737800e-17,-1.87707000e-17,-4.77636400e-16,-1.99364100e-16,-3.81935500e-17,-1.55319900e-16,-3.85453200e-17,-5.90885300e-17
7.01660796e+05,-7.61195000e+00,7.33864900e-19,-1.68533400e-17,3.09371600e-17,-2.65280400e-17,5.37016400e-16,-1.03525300e-16,-1.63672000e-16,-4.29820000e-17,-8.64828100e-16,-3.39929600e-16,-2.43359400e-16,-4.20464700e-16,-1.63199300e-16,-1.27808300e-16,-1.37049200e-16,-5.04310800e-17,-6.66448800e-17
7.05660796e+05,-7.61517400e+00,7.08400900e-18,6.82630700e-18,2.24509900e-17,-2.09098200e-16,1.59614100e-17,2.90173800e-16,-5.21801600e-17,-1.44547600e-17,-4.17054600e-16,-9.42826400e-16,-7.83204600e-16,-3.05383800e-16,-7.19632500e-17,-1.13244600e-16,-1.16098200e-16,-6.41616700e-17,-7.30515700e-17
7.09660796e+05,-7.61834000e+00,1.06259800e-17,-6.92606900e-18,4.23039100e-17,-6.36507000e-17,5.21292100e-16,-3.62406900e-16,-4.65578000e-16,-1.18389000e-16,-3.12526800e-16,-5.01850900e-16,7.38559400e-16,-3.43561200e-16,7.63504900e-17,2.14430700e-18,-1.56528800e-16,-6.55691800e-17,-6.77255000e-17
7.13660796e+05,-7.62151300e+00,2.27408000e-17,-6.29676000e-18,-4.11080500e-21,-1.38149500e-16,-4.16877100e-17,1.48166500e-16,-8.08011700e-16,-1.72685400e-16,-1.67987200e-16,-3.97430000e-16,-4.27629100e-16,-2.15609600e-16,-4.43688800e-16,-3.38156800e-16,-1.46345300e-16,-5.88054800e-17,-5.53792900e-17
7.17660796e+05,-7.62476800e+00,1.33210600e-17,-2.05054000e-17,6.34932000e-17,-4.19170800e-17,-5.49705900e-17,7.07396800e-17,8.07867500e-17,6.92140900e-17,-2.76903800e-16,9.99194500e-17,-3.87178400e-17,-6.22203300e-16,-3.43080500e-16,-1.70773100e-16,-1.26006800e-16,-7.84147100e-17,-7.09798300e-17
7.21660796e+05,-7.62819100e+00,4.96399000e-18,-3.70513900e-18,5.79560200e-17,-1.34170300e-17,1.12739900e-16,7.04313900e-17,-5.32121000e-16,-5.03087200e-16,2.12018900e-16,-2.00197900e-16,-4.43389900e-16,-3.52340600e-16,7.58914700e-18,-1.79746000e-16,-1.95809700e-16,-6.15868300e-17,-5.67778200e-17
7.25660796e+05,-7.63187700e+00,6.60643300e-18,-1.27891900e-17,-3.41257500e-17,-1.25602300e-16,-3.10215200e-16,-2.32750700e-16,-3.32626000e-16,-1.14681000e-16,1.55646700e-17,-2.28724500e-16,-5.65294000e-16,-2.53962200e-16,-4.27372300e-16,-4.56813400e-17,-1.60498600e-16,-6.98302100e-17,-6.64770100e-17
7.29660796e+05,-7.63593200e+00,-5.32100600e-18,-1.36505600e-17,5.80274000e-17,-2.35040900e-16,-3.65431800e-16,2.33943900e-16,-4.14130800e-16,3.08774900e-16,-5.75923000e-16,-7.18698900e-16,-8.48187000e-17,-2.76424400e-16,-5.47083000e-16,-5.17255600e-17,-1.07164100e-16,-8.23231600e-17,-7.69829800e-17
7.33660796e+05,-7.64046700e+00,3.90052300e-18,-1.25714300e-17,2.49319800e-17,9.34578900e-17,7.41661100e-17,-2.47980300e-16,-7.68666300e-16,2.73301400e-16,-3.01072100e-16,-7.40646300e-16,-5.99677900e-16,-3.98151200e-16,3.72110600e-17,2.09644400e-17,-1.73701900e-16,-9.08399000e-17,-8.39874600e-17
7.37660796e+05,-7.64560100e+00,2.27788900e-17,-4.26552400e-18,-6.51587900e-18,-2.38163700e-16,-4.24743600e-16,7.83537300e-17,-5.97198800e-16,-2.49610400e-16,-1.63216600e-16,-7.12837400e-16,-5.47086700e-16,-2.40037400e-16,1.11796200e-16,-2.47114000e-16,-1.48706500e-16,-8.02173500e-17,-8.62550900e-17
7.41660796e+05,-7.65144900e+00,7.83533200e-18,-1.30193000e-17,3.54324200e-18,-4.02361700e-17,1.16657200e-17,-3.94824900e-16,-1.08640600e-16,-4.69925500e-16,-1.17725700e-16,-7.35270200e-16,-7.87036700e-16,-1.10991800e-16,-1.22808700e-17,-1.12807700e-16,-1.44067500e-16,-6.08913300e-17,-7.17375900e-17
7.45660796e+05,-7.64752600e+00,8.68713400e-18,-3.62369500e-17,-5.43950100e-17,-1.29482500e-16,-5.43077200e-16,3.79411800e-16,-4.52633200e-16,-3.44877300e-16,-7.16116200e-16,8.45035200e-18,-1.22640500e-15,-4.28102400e-16,-6.73265400e-16,-3.56360200e-16,-1.91730500e-16,-5.37559900e-17,-7.55280200e-17
7.49660796e+05,-7.64318600e+00,9.26014200e-18,1.39086600e-17,-1.17420100e-17,-1.23242100e-17,-2.23934800e-16,-4.88540400e-16,-2.52672400e-16,-4.37085300e-16,-2.43983900e-16,-7.41323000e-16,-3.64341100e-16,-4.81257100e-16,-2.77660300e-16,-2.17756900e-16,-1.24413700e-16,-9.42408600e-17,-6.24100800e-17
7.53660796e+05,-7.63972800e+00,1.08570400e-17,-1.76500900e-17,7.70583000e-17,-1.10342200e-16,1.97642900e-16,4.70244200e-16,-1.13907900e-17,2.73792800e-16,-1.93335000e-16,-2.03637900e-16,-5.07561500e-16,-2.62734800e-16,3.51034100e-16,-9.22136900e-17,-1.39126400e-16,-7.09861500e-17,-7.60744100e-17
7.57660796e+05,-7.63712800e+00,3.14404100e-18,-2.43974800e-17,-1.10010700e-17,-1.61562900e-16,-5.41859900e-17,-2.00083200e-16,-6.84709000e-16,4.38375600e-16,-4.86218500e-16,-1.99681900e-16,-1.56552000e-16,-3.27886100e-16,-1.64731400e-17,-2.55679400e-16,-1.06318600e-16,-1.08119200e-16,-6.71227800e-17
7.61660796e+05,-7.63535800e+00,8.02978400e-18,-1.62747300e-17,1.70433700e-18,-8.15849900e-17,6.18412000e-17,3.25941400e-16,-5.59603500e-16,1.03795400e-16,-4.94225700e-16,1.35733000e-18,1.03385700e-16,-4.76938700e-16,-1.30344900e-16,-2.10036300e-16,-2.57758500e-16,-4.68084100e-17,-6.98178500e-17
7.65660796e+05,-7.63438800e+00,3.96338600e-18,-1.95792600e-17,4.29006000e-17,-2.80538700e-16,6.71368300e-17,-1.17756700e-16,-3.55450200e-16,-3.66352200e-16,-1.47328000e-15,-2.50015800e-16,-9.34931800e-16,-3.36507600e-16,-3.37603200e-16,-1.00960700e-16,-1.16874700e-16,-8.85103000e-17,-8.69801300e-17
7.69660796e+05,-7.63418400e+00,2.87564800e-18,-1.73570100e-17,6.16096200e-17,-1.60268700e-16,-3.01969200e-16,-7.08094100e-17,-8.60148400e-17,1.21296700e-16,-5.56195300e-16,-3.06473300e-16,4.69408600e-16,1.56826200e-16,-6.04972300e-16,-1.68784800e-16,-1.48359000e-16,-9.17367100e-17,-7.37870900e-17
7.73660796e+05,-7.63470800e+00,-3.68403800e-18,1.22806600e-18,3.15074000e-17,-4.52874500e-16,-2.61852500e-16,1.39290800e-16,-9.70874400e-16,-4.08659300e-16,-3.51598800e-16,-1.73224500e-16,-3.23553900e-16,-4.54144200e-17,-4.47801600e-16,-2.72193500e-16,-1.65736500e-16,-6.76037700e-17,-6.24644700e-17
7.77660796e+05,-7.63592000e+00,8.56213000e-18,7.21685000e-18,2.68185900e-17,1.82987600e-16,-4.77457900e-17,-3.81683000e-17,-1.91521100e-16,-8.40998400e-16,3.17865300e-17,-3.95701800e-16,1.14766200e-16,-2.99109300e-16,-2.97517400e-16,5.49769100e-18,-1.51992300e-16,-7.83476700e-17,-7.57320900e-17
7.81660796e+05,-7.63777600e+00,3.41121900e-20,-2.68063800e-17,-8.67162500e-19,-1.27746300e-16,-3.01516400e-17,-1.41826500e-16,-4.41541800e-16,-5.28472500e-16,-3.32166700e-16,-3.24465000e-16,-4.41212400e-16,5.47952300e-18,-8.64980100e-17,-2.23850800e-16,-1.46852300e-16,-9.72071700e-17,-8.53459600e-17
7.85660796e+05,-7.64022800e+00,7.65993300e-18,-9.59880300e-18,6.37988600e-17,3.14411500e-17,-5.98942100e-16,-1.90245200e-16,-6.51553600e-16,-3.28531200e-16,-5.82796100e-16,-4.28917200e-16,-5.30090400e-17,1.17492800e-16,-4.15817400e-16,3.86933000e-17,-1.76872600e-16,-5.58058200e-17,-6.73676500e-17
7.89660796e+05,-7.64322700e+00,6.29666100e-18,-8.23270800e-18,1.04806300e-17,-3.08910200e-17,-2.41728400e-16,2.87006800e-16,-1.97028000e-16,-5.98175000e-16,-2.39036100e-16,-4.14266700e-16,-8.50843500e-16,4.13060700e-17,-5.10093300e-16,-4.08384800e-16,-2.64486400e-16,-1.10127100e-16,-8.55663800e-17
7.93660796e+05,-7.64672200e+00,9.20212700e-18,-8.93391900e-19,6.24914800e-17,7.62051300e-17,-2.06310500e-16,-5.78792900e-17,-1.22692900e-16,-2.15372300e-16,-6.89862300e-17,1.26633700e-17,-3.57851100e-16,-2.13516000e-16,-3.51275800e-16,-1.86507300e-16,-1.58085700e-16,-9.16265100e-17,-7.21334800e-17
7.97660796e+05,-7.65066300e+00,7.08521400e-18,-2.60175700e-17,-3.67507500e-17,-8.17691000e-17,-2.00920900e-16,5.64872900e-17,-1.21735000e-15,1.28154000e-16,-3.42032300e-16,-7.28080600e-17,-4.04743500e-16,-6.05128400e-16,1.97895100e-16,-3.09837600e-16,-2.21750600e-16,-7.48114800e-17,-8.09398700e-17
8.01660796e+05,-7.65499900e+00,1.14762900e-17,9.88505100e-18,4.32392100e-17,-6.75360500e-17,-3.57628600e-17,-9.15436200e-17,-1.04763800e-16,-8.85865500e-17,-4.21135200e-16,-9.97986800e-16,-7.48697500e-16,-4.76556700e-16,-1.98016300e-16,-5.14390600e-17,-1.84831800e-16,-7.13361800e-17,-7.41124700e-17
8.05660796e+05,-7.65968100e+00,1.42049300e-17,-7.78372100e-18,1.40009400e-17,-3.07915000e-17,1.39915100e-16,-1.03405500e-16,5.08502200e-17,7.09918400e-16,-2.80126600e-16,-5.06245100e-16,-1.76787200e-16,-3.70164500e-16,-3.94382000e-17,-3.02396200e-16,-2.64782900e-16,-6.57934000e-17,-7.29239100e-17
8.09660796e+05,-7.66395700e+00,-4.89555200e-18,-2.35042800e-17,1.79720700e-17,-9.97349900e-17,8.65070700e-17,-2.16028900e-16,1.05803100e-16,-5.21495700e-17,-5.09297500e-17,-5.98833900e-16,-1.30730800e-16,-2.97327200e-17,-8.12257700e-17,-1.79621100e-16,-2.06502800e-16,-1.13355900e-16,-8.18086300e-17
8.13660796e+05,-7.66277100e+00,9.85245900e-18,-2.85361600e-17,-1.72538900e-17,-2.03708300e-16,-8.85023800e-17,5.92994500e-16,1.59871700e-16,1.53615900e-16,-8.84176100e-16,-4.33780200e-16,1.41352700e-16,-2.98190900e-16,1.38181300e-17,-1.51523300e-16,-2.07359400e-16,-9.10384700e-17,-6.89390100e-17
8.17660796e+05,-7.66158200e+00,1.47666300e-17,-7.59192100e-18,1.03153300e-17,-2.19711000e-16,8.59097200e-17,-2.76083300e-16,-5.14652800e-17,-2.90865000e-16,8.37538600e-18,-1.07433200e-15,-4.05037600e-16,-6.81710400e-16,-1.41585600e-16,-2.14839800e-16,-1.82998400e-16,-8.30595300e-17,-7.94292900e-17
8.21660796e+05,-7.66038900e+00,1.21430700e-17,-1.89764000e-17,1.06658200e-17,-3.88654800e-16,8.92726300e-18,3.68970500e-17,3.65122000e-16,3.19443900e-16,-7.22411300e-16,-8.11536600e-16,5.75758600e-17,-6.32586000e-16,-1.79845800e-16,-3.29484100e-16,-1.50855200e-16,-9.15821600e-17,-8.75598400e-17
8.25660796e+05,-7.65919300e+00,1.89183400e-17,7.93061600e-19,9.70075600e-17,-1.64541100e-16,-6.82956200e-18,-2.36209200e-18,1.86901100e-16,-2.82035200e-16,1.44714900e-16,-5.74181100e-16,-4.71803100e-16,-2.69951000e-16,-3.67035700e-16,-1.51636300e-16,-1.65330800e-16,-1.02497600e-16,-7.90218700e-17
8.29660796e+05,-7.65799600e+00,8.06223300e-18,-2.07685100e-17,-4.06140800e-18,-6.76780900e-17,-1.67559000e-16,4.33348400e-17,-2.38814200e-16,-2.49979200e-16,-1.45582000e-16,-9.84973400e-16,5.60303400e-17,-1.86067600e-16,-1.99555100e-16,-1.25636600e-16,-1.73972100e-16,-6.82507000e-17,-5.46128400e-17
8.33660796e+05,-7.65679900e+00,1.25250300e-17,-1.46977500e-17,6.85502800e-17,5.99289500e-17,-1.19462300e-16,4.26330400e-16,-4.12597200e-16,-7.31912400e-16,-2.29186800e-16,-5.04712900e-16,-7.42679600e-16,2.08843300e-16,-2.96150900e-16,-2.55827600e-16,-1.64215300e-16,-7.25654400e-17,-8.16309900e-17
8.37660796e+05,-7.65560400e+00,1.93988400e-18,-4.20515900e-18,1.03294200e-16,-1.15203200e-16,-1.98514600e-16,-6.31736900e-17,-6.92151500e-17,-1.87883300e-16,-6.03014900e-17,-1.07183000e-15,-3.58830800e-16,-9.40686800e-17,-4.26976600e-16,-2.13252300e-16,-1.17209800e-16,-8.43707100e-17,-6.86815100e-17
8.41660796e+05,-7.65441400e+00,2.60343100e-18,-1.84239100e-17,4.58478000e-17,-2.99938300e-16,-3.07474600e-16,7.79325600e-17,4.83000300e-17,3.47475200e-16,-3.30324700e-16,6.64431500e-17,-4.34950600e-16,-6.81768400e-16,-2.70497200e-16,-3.81960900e-16,-1.36327900e-16,-9.92047000e-17,-7.78234400e-17
8.45660796e+05,-7.65323100e+00,9.07760600e-18,-2.25702600e-17,3.96397000e-17,6.95529200e-17,-2.50773000e-18,2.13541700e-16,-6.63665700e-16,5.47051100e-16,-8.89360100e-16,-6.30572500e-16,-6.55103200e-16,-4.31537200e-16,-5.72943900e-16,-3.17358700e-16,-1.61421200e-16,-9.86936200e-17,-7.24452400e-17
8.49660796e+05,-7.65205900e+00,1.75663000e-17,-2.07319300e-17,8.59993500e-17,1.03995000e-16,-1.57691400e-16,-1.65039800e-16,-3.67496200e-16,-5.70694600e-16,-1.05861700e-15,-5.49320400e-16,-1.02352200e-15,-1.90159800e-17,-5.43119900e-16,-1.89896000e-16,-1.47596600e-16,-7.49269500e-17,-7.71136500e-17
8.53660796e+05,-7.64980300e+00,2.48054300e-17,-2.01514000e-17,1.04338300e-16,4.42255600e-18,-2.62762100e-16,4.51424400e-16,-2.91935500e-16,-5.19057000e-16,-7.35351200e-16,-8.80077600e-16,-6.31484500e-16,-5.86942400e-16,-3.05954200e-16,-2.44607700e-16,-1.29860400e-16,-7.49525100e-17,-8.76625500e-17
8.57660796e+05,-7.64753700e+00,8.10939600e-18,-8.81615600e-18,2.05450600e-17,-2.05964100e-17,-1.13518700e-16,1.03563800e-16,-1.76123100e-16,-6.50183200e-16,-1.11873600e-15,4.72245500e-17,-2.59295500e-17,8.61260600e-17,-7.68104200e-16,-2.87245500e-16,-1.59543100e-16,-4.98475000e-17,-7.35402700e-17
8.61660796e+05,-7.64531700e+00,1.78718500e-17,-5.55204800e-18,4.83892000e-17,-3.24303200e-17,1.99254700e-16,3.38110200e-16,2.69631800e-16,5.88928400e-16,-1.26666300e-15,-3.39401900e-16,-6.19081400e-16,3.75290200e-17,1.17890200e-16,-6.56608900e-17,-1.50076700e-16,-9.32049100e-17,-7.22080300e-17
8.65660796e+05,-7.64314500e+00,8.81517200e-18,8.17653400e-19,3.07583400e-17,-1.88996100e-16,-2.39789100e-16,3.01768100e-16,-1.49625900e-16,-8.33216700e-16,-8.30025200e-16,-3.08529000e-16,-3.67079900e-16,-1.94292700e-16,-5.48020700e-16,-2.45648900e-16,-2.04793100e-16,-7.57556400e-17,-8.47948500e-17
8.69660796e+05,-7.64102700e+00,1.79893600e-17,-1.22436300e-17,7.33739400e-17,-1.35353200e-16,-3.94113500e-16,4.61652700e-16,-2.47950300e-16,-1.02485200e-15,-3.49526300e-16,-2.65320100e-17,-8.60734700e-16,-6.47490100e-16,-3.31342400e-16,-1.42020400e-16,-1.32910500e-16,-8.28138500e-17,-7.90406500e-17
8.73660796e+05,-7.63896600e+00,2.43833200e-17,1.19796200e-17,8.20066400e-17,-2.56619300e-16,-8.29351500e-17,-3.49211600e-16,-1.20773400e-16,-4.09670600e-16,-1.68455600e-16,-6.31574300e-18,-7.07261900e-16,-2.45979100e-17,-7.73506800e-17,2.91676100e-17,-1.45708900e-16,-4.49302000e-17,-5.48116900e-17
8.77660796e+05,-7.63696900e+00,1.53861600e-17,5.13950200e-18,6.55819300e-17,1.32381700e-17,8.74460300e-17,1.73506600e-16,4.94936900e-17,-5.09278100e-16,-2.88267600e-16,-3.33224600e-16,-4.06678700e-16,2.00666900e-16,-1.45371000e-16,-1.99419600e-16,-8.61545800e-17,-7.89557900e-17,-8.15047100e-17
8.81660796e+05,-7.63504200e+00,2.06186300e-17,-1.44915000e-18,4.20780600e-17,1.02206300e-16,-1.06501700e-16,1.59892800e-16,2.43143000e-16,-1.69062400e-16,-4.28116000e-16,-2.99221300e-16,1.40013500e-16,-8.62274600e-17,-4.87200200e-16,-3.51796000e-16,-1.79958000e-16,-4.64214600e-17,-6.91571400e-17
8.85660796e+05,-7.63319600e+00,8.05508900e-18,-8.45002800e-18,7.01305800e-17,-2.21380300e-16,1.47989200e-16,-1.05559800e-16,-1.68190100e-16,4.50413900e-16,-2.87642300e-16,-7.10744200e-16,-6.61723600e-16,-2.25249900e-16,-1.22805400e-16,-1.28411800e-16,-1.88828700e-16,-6.67004500e-17,-7.61442300e-17
8.89660796e+05,-7.63144200e+00,2.05103700e-17,3.46878500e-18,1.80176300e-17,-1.84594600e-17,-1.65631300e-16,1.78556900e-17,-7.38426700e-16,6.59814800e-17,-5.40226500e-16,-1.85704000e-17,-6.32639700e-16,-1.22947900e-16,-2.39779200e-16,-5.55430400e-16,-1.46117500e-16,-9.38425300e-17,-8.21674500e-17
8.93660796e+05,-7.62979500e+00,2.06842300e-17,-9.85882200e-18,3.41224300e-18,3.68643500e-16,-4.30332300e-16,-6.79897300e-17,2.55742500e-16,6.51721700e-17,-6.83877500e-16,-8.25821200e-16,3.15814700e-16,-2.87623600e-16,-5.59549200e-16,-2.96387500e-16,-1.44949800e-16,-9.06123700e-17,-7.87523400e-17
8.97660796e+05,-7.62827400e+00,1.97228700e-17,-3.76433100e-18,5.02185200e-17,4.47445900e-17,-1.42184500e-16,6.68201800e-17,-1.10241200e-15,-7.21336700e-17,2.43646900e-16,1.26514600e-16,-5.60704400e-16,-2.55348200e-16,-3.18069200e-16,-9.78639900e-17,-1.30695600e-16,-8.97877300e-17,-6.73521400e-17
9.01660796e+05,-7.62690100e+00,1.52589200e-17,-1.27836700e-17,7.16628000e-18,-1.17211100e-17,-2.16963100e-16,4.49252600e-16,-5.19079800e-16,8.38021800e-17,-1.55441500e-16,-3.14460700e-16,-6.57731800e-16,-2.66806500e-18,-4.69599800e-16,-3.06346600e-16,-1.52032300e-16,-7.30687000e-17,-8.04936100e-17
9.05660796e+05,-7.62570500e+00,6.43387100e-18,-1.65392300e-17,4.90986900e-17,9.85864900e-19,1.42297600e-16,-1.62113700e-16,1.39485400e-16,1.12797700e-15,-6.55625200e-16,-1.06049000e-15,-1.02234600e-15,1.90303200e-16,8.43621600e-17,-1.46140000e-16,-9.66461100e-17,-9.60125900e-17,-7.47740000e-17
9.09660796e+05,-7.62471900e+00,1.31229200e-17,-8.26667700e-18,1.20789000e-16,-1.80004100e-16,-2.07797400e-16,1.29368600e-16,-2.06742300e-17,1.20513200e-16,-8.71862300e-16,2.60919000e-17,-1.67078000e-16,3.31947800e-16,-4.12186400e-16,-4.86524700e-16,-1.73279600e-16,-1.16785300e-16,-7.95945900e-17
9.13660796e+05,-7.62398400e+00,-2.18467200e-18,-2.31463700e-17,-9.67452400e-18,-2.27873800e-16,3.93248400e-17,-1.90172400e-16,-7.38747500e-16,-3.95475700e-16,-5.77559800e-16,-1.57795700e-16,-1.88496400e-16,-1.03331200e-16,-4.27650200e-17,-1.23235900e-16,-1.72971200e-16,-9.22094300e-17,-1.00016700e-16
9.17660796e+05,-7.62354900e+00,2.42974400e-17,1.07992200e-17,3.42356800e-19,1.44953300e-16,-4.04090900e-16,-1.73357900e-16,-1.45550600e-16,-2.63767200e-16,-1.01754400e-15,-2.91962200e-16,1.61051000e-16,-7.97065900e-17,-3.41197700e-16,-3.71900800e-16,-1.44706400e-16,-1.07215900e-16,-8.55169300e-17
9.21660796e+05,-7.62347200e+00,2.65987700e-17,4.03387900e-20,7.24335100e-17,1.07143400e-16,-1.09968300e-16,-1.56906600e-16,-1.47462300e-16,-3.76606500e-16,-5.44902300e-16,-1.42099200e-16,-1.25729600e-16,1.23505900e-16,-3.43998400e-16,-4.98257300e-16,-1.60622200e-16,-7.79842300e-17,-8.47719700e-17
9.25660796e+05,-7.62382000e+00,2.55509900e-17,6.75632800e-19,1.04147400e-16,6.18940800e-17,-1.15514400e-16,-3.48199300e-16,-4.56759400e-16,-2.54486000e-18,-2.34531600e-16,-5.11023300e-16,-6.83705000e-16,-2.96629700e-16,-6.03569000e-16,-2.93281000e-16,-1.61973300e-16,-8.08558200e-17,-8.05647800e-17
9.29660796e+05,-7.62466900e+00,8.69940700e-18,-4.32015200e-18,9.18546600e-18,-1.09240300e-16,1.49991800e-16,-2.61947000e-16,-4.92178400e-16,-1.06151100e-16,-6.60719100e-16,-9.88311200e-16,-4.27139400e-16,-3.46538500e-16,-8.02750600e-17,-3.18684600e-17,-9.03040200e-17,-9.03187400e-17,-7.98084500e-17
9.33660796e+05,-7.62610800e+00,2.06482700e-17,-4.10080500e-19,2.03688400e-18,-9.75736100e-17,1.56922000e-16,4.69384900e-18,-7.59804100e-16,-5.27431800e-16,-5.48630100e-16,-7.48576500e-17,1.18090500e-17,-8.09660200e-17,-1.59132800e-16,-2.35790700e-16,-1.99464000e-16,-8.84483200e-17,-8.72096000e-17
9.37660796e+05,-7.62823400e+00,2.00771100e-17,1.43183000e-17,3.63060500e-17,-2.42577800e-16,-3.86063100e-16,1.07371300e-16,-4.55174800e-16,-2.94392800e-17,-7.44695800e-16,-3.14933100e-17,-5.84765900e-16,-2.29323300e-16,-3.48493200e-16,-4.03093700e-16,-1.83467800e-16,-6.92188200e-17,-1.14067900e-16
9.41660796e+05,-7.63115100e+00,2.02772300e-17,7.27075600e-18,6.54593100e-17,-1.56174600e-16,-1.35315800e-16,4.37912500e-16,-6.83343200e-16,-7.39158700e-16,-5.44606500e-16,-1.02894000e-15,-4.96301600e-16,-2.12929200e-16,-5.59619100e-16,-1.09282500e-16,-1.86336300e-16,-8.97639100e-17,-8.79466400e-17
9.45660796e+05,-7.63497000e+00,1.66422700e-17,-1.10446400e-17,1.98475100e-17,-2.22657100e-16,-1.85121600e-16,-3.78944200e-16,3.24842700e-16,-4.42422600e-16,-8.16426800e-16,7.45305500e-17,-5.93071400e-16,-3.43573100e-16,-1.57324800e-16,-4.86798200e-16,-1.47486200e-16,-6.46685200e-17,-8.21544600e-17
9.49660796e+05,-7.63980500e+00,3.39806600e-17,7.66901300e-18,-2.60495900e-18,-1.01277400e-16,-9.14499300e-17,-5.31959500e-17,-4.66950700e-16,5.77603900e-17,-1.51350600e-16,-5.19555200e-16,-4.66594500e-16,-4.96524800e-16,-2.80123700e-16,2.30271700e-17,-1.53056200e-16,-1.07254300e-16,-7.18754700e-17
9.53660796e+05,-7.64576200e+00,3.14058300e-17,-1.44492800e-17,6.56430100e-17,4.45145300e-18,-4.05198200e-16,3.93951900e-16,-1.27478500e-18,-3.57751600e-16,-4.40284300e-16,-2.71476400e-16,-3.89828200e-16,1.01322600e-17,-2.69561000e-16,-2.00069100e-16,-2.07025300e-16,-9.91501400e-17,-7.82315700e-17
9.57660796e+05,-7.65294100e+00,1.43508700e-17,4.22784200e-18,3.58569800e-17,-6.60836200e-17,1.03743400e-17,3.74573700e-16,-8.83948100e-17,-2.07144900e-16,-5.51014700e-16,-1.00797800e-15,-3.32803500e-16,-6.09255400e-16,3.18898000e-17,-5.91957700e-16,-1.96472900e-16,-9.72996700e-17,-7.42194300e-17
9.61660796e+05,-7.66142000e+00,1.25113000e-17,-8.72068500e-18,6.54550700e-17,-1.15064200e-16,-6.44672200e-16,1.67950000e-16,6.38174800e-17,-2.53454200e-16,-2.05611200e-16,-8.42253500e-16,-2.62145800e-16,3.97362300e-17,-4.51105500e-16,-3.01172300e-16,-2.22484900e-16,-1.08068800e-16,-9.63029800e-17
9.65660796e+05,-7.67125400e+00,1.72909700e-17,-2.01643800e-17,6.82195200e-17,4.11169600e-17,-1.14064400e-16,-1.17196400e-16,-4.69243300e-16,-2.12163800e-16,-8.08208300e-16,-3.21761900e-16,-4.07468400e-16,-2.39163500e-16,-3.75943300e-16,-2.12703800e-16,-1.96032400e-16,-1.02272400e-16,-9.35116800e-17
9.69660796e+05,-7.68246300e+00,2.91250600e-17,-6.77029300e-18,1.26360700e-16,-2.30899100e-16,1.58498100e-16,1.50190000e-16,1.57406400e-16,-2.26175200e-16,-1.12703000e-15,-4.45352800e-16,-2.93372600e-16,-1.31873600e-16,-4.51880200e-16,-2.76893500e-16,-1.99270300e-16,-8.76306100e-17,-7.28953700e-17
9.73660796e+05,-7.69502800e+00,3.25928500e-17,1.79675000e-17,7.82943100e-17,-3.80138600e-17,1.51088500e-16,4.72819100e-16,-6.90011700e-16,2.54075600e-16,-6.02694100e-16,-7.89190700e-16,-9.56422200e-16,-5.51927400e-16,7.98643800e-17,-4.51736000e-16,-2.23041200e-16,-8.06079600e-17,-8.82463500e-17
9.77660796e+05,-7.70889000e+00,1.39597400e-17,-4.98740300e-18,5.04821800e-17,-1.74019200e-16,5.18373500e-17,3.64103200e-17,-6.31451200e-16,2.72617500e-16,-6.46495800e-16,-6.64784700e-16,-2.71196000e-16,-2.56604200e-16,3.76013900e-16,-4.53278000e-16,-2.13208600e-16,-8.69655600e-17,-8.66529300e-17
9.81660796e+05,-7.72394800e+00,2.53250600e-17,-3.62679400e-17,5.40409500e-17,-2.05612600e-16,-3.92812500e-16,7.52897000e-17,-8.89929900e-16,-6.98620200e-16,-2.46628500e-16,-5.29577100e-16,-1.52169700e-16,-1.89070800e-16,-4.36870000e-16,-2.16118200e-16,-1.82160100e-16,-6.95049900e-17,-7.34515600e-17
9.85660796e+05,-7.73233600e+00,1.91867800e-17,-1.14689000e-17,6.11966800e-17,-1.63258200e-16,1.38958600e-16,3.76106600e-16,-1.53419300e-16,-5.94058000e-16,-3.32068200e-16,-5.38829400e-16,-1.00768200e-15,-2.48357400e-16,1.01238600e-16,-4.64693800e-16,-1.62957900e-16,-1.12724000e-16,-9.23326100e-17
9.89660796e+05,-7.73272000e+00,9.74850900e-18,-1.02979500e-19,6.90426300e-17,-3.67381300e-17,-1.84884800e-16,3.01789400e-17,-5.24630400e-16,-6.71740900e-16,3.05581200e-16,-2.54756200e-16,-1.05079200e-15,1.99082700e-16,-6.91125900e-16,-5.19697600e-16,-2.64361000e-16,-8.47419300e-17,-9.37436800e-17
9.93660796e+05,-7.73317000e+00,1.85698700e-17,1.30057800e-17,1.41022000e-17,-4.43123300e-16,-1.44057700e-16,1.01021700e-16,2.17473200e-16,-7.06450900e-16,-1.19348500e-17,-1.15633300e-15,-1.35977800e-16,-1.06842400e-16,-5.74215100e-16,-2.99527100e-16,-1.65374200e-16,-7.67404500e-17,-7.89984600e-17
9.97660796e+05,-7.73367400e+00,1.70939100e-17,-1.19833400e-17,7.28905300e-17,-1.06792800e-16,-1.11592800e-16,4.26735000e-16,-4.01405400e-16,-2.70948600e-16,-1.65254900e-17,-9.52643500e-16,-1.03265400e-15,-2.31839400e-16,-5.85085500e-16,5.62964000e-17,-2.24398100e-16,-1.02183700e-16,-8.78583700e-17
1.00166080e+06,-7.73421900e+00,2.12915600e-17,-6.30377200e-18,4.46238300e-17,-1.30557200e-16,-3.74677600e-17,2.61414000e-16,-2.70569100e-16,2.49546500e-16,-9.87043700e-17,3.02350100e-16,-8.65970600e-16,-2.66335400e-16,-5.74180100e-17,-9.77847600e-17,-1.89216800e-16,-1.03536400e-16,-9.90825700e-17
1.00566080e+06,-7.73479200e+00,2.75776200e-17,-2.31499100e-17,1.07294700e-16,2.34871200e-16,-4.42169900e-16,4.02108500e-16,-3.17531900e-16,-1.02390400e-15,-8.67026300e-16,-6.18485800e-16,-2.81088300e-16,-2.45346100e-16,8.32621000e-17,-1.31070000e-16,-2.39920500e-16,-8.40766900e-17,-9.30296600e-17
1.00966080e+06,-7.73537700e+00,1.60994800e-17,-2.38991500e-17,6.47814100e-17,-2.50894700e-17,-2.36253700e-16,2.73066200e-16,-8.34129300e-16,2.33959700e-16,-2.94273600e-16,-1.05370500e-16,-9.02807800e-16,-2.81014200e-16,-6.69012300e-17,-6.90234700e-18,-2.37506000e-16,-8.42378800e-17,-7.39783200e-17
1.01366080e+06,-7.73595900e+00,2.71564600e-17,2.80094600e-18,-5.00829500e-17,-6.81135100e-17,-1.47627900e-16,-1.51597800e-16,1.60351500e-16,-4.06547800e-16,-7.62948000e-16,-1.40486600e-16,-3.24723300e-16,-4.72867000e-16,-2.39986400e-16,-1.67129100e-16,-3.00695700e-16,-8.90632700e-17,-9.03613400e-17
1.01766080e+06,-7.73652300e+00,2.36276400e-17,1.16695100e-17,1.18199300e-16,9.59197700e-18,-2.37349600e-16,5.78038000e-17,-3.10979300e-16,3.88327300e-16,-4.29444800e-16,-3.09935500e-16,-1.00924800e-15,-4.32681500e-16,-3.70119900e-16,-7.02092300e-16,-1.63429500e-16,-8.32426700e-17,-9.02460100e-17
1.02166080e+06,-7.73705700e+00,2.50074400e-17,-1.81669300e-19,1.04071300e-18,-2.14059900e-16,-1.79833600e-16,-9.34561400e-17,-7.09734300e-16,-3.93941400e-16,3.54987300e-17,-1.95385100e-16,-6.45305500e-16,-4.16368200e-16,-2.69699500e-16,-1.76124800e-16,-2.19148600e-16,-1.04095200e-16,-8.49832200e-17
1.02566080e+06,-7.73754700e+00,2.89136700e-17,-1.63173300e-17,1.40546800e-17,1.57410800e-17,-1.76874100e-16,3.52690200e-16,-3.56401700e-16,-3.24136500e-17,-1.07944200e-16,-3.88901400e-16,-5.11721300e-16,-8.89735000e-17,-1.84520300e-16,-1.38743900e-16,-2.99089100e-16,-6.93626400e-17,-9.40899100e-17
1.02966080e+06,-7.73798200e+00,5.66089200e-18,-2.98713400e-17,-4.38501900e-17,6.70720100e-17,3.73524100e-16,1.84044700e-17,-6.37345600e-16,-1.11543100e-16,-1.16589600e-15,-3.67899000e-18,-2.71354000e-16,-2.95358600e-16,-1.69419900e-16,-1.63263200e-16,-2.85438300e-16,-5.78261300e-17,-7.53437100e-17
1.03366080e+06,-7.73835300e+00,1.84516300e-17,-2.05671400e-17,2.95766500e-17,8.29345600e-17,-1.83152400e-16,-1.93859600e-16,-4.67697500e-17,-9.23080200e-16,-1.91550100e-16,-2.77987600e-16,-6.76168400e-16,9.23084900e-18,-5.94838800e-16,-3.01169900e-16,-2.24030900e-16,-1.15869300e-16,-9.79220900e-17
1.03766080e+06,-7.73865300e+00,2.36325600e-17,-2.87687200e-18,-7.87289700e-17,9.76892300e-17,-3.13728800e-16,3.87543700e-17,-7.33220200e-16,-3.57881500e-16,-9.88894300e-17,-4.43722600e-16,-3.93324600e-16,-3.17090800e-16,-1.96336500e-16,2.55201900e-17,-3.78342500e-16,-1.01009200e-16,-7.88251400e-17
1.04166080e+06,-7.73887700e+00,2.35207000e-17,-2.60172900e-17,1.16069800e-16,2.59029700e-17,-1.16679900e-16,1.50498100e-17,-3.81269500e-16,5.11733000e-16,-6.27651700e-16,6.97382600e-16,-3.58476400e-16,-2.05183800e-16,-5.21656200e-16,-4.01792200e-17,-1.86286000e-16,-6.81083500e-17,-8.25768200e-17
1.04566080e+06,-7.73902200e+00,1.16411800e-17,-1.52531800e-17,-7.07473500e-17,-9.45113800e-17,-2.60034800e-16,2.34298900e-17,1.90786500e-16,5.54680500e-17,2.87395600e-16,-4.61520900e-17,-3.34989500e-16,-3.15370200e-17,-8.69781700e-17,-1.63233000e-16,-2.30702600e-16,-1.20760400e-16,-8.28378600e-17
1.04966080e+06,-7.73908600e+00,1.44674600e-17,-1.86837300e-17,-3.11685600e-17,-2.89533800e-16,-1.02670300e-16,2.16520900e-17,-5.51392800e-16,-6.57734100e-16,-5.02707700e-16,-1.27358800e-16,-6.92952000e-19,-3.47546500e-16,-4.71523000e-16,-6.06591400e-17,-2.28617300e-16,-5.33570000e-17,-7.33764800e-17
1.05366080e+06,-7.73907200e+00,2.79467000e-17,1.39454000e-17,8.59552200e-17,-2.72175900e-16,-3.88115600e-16,-2.10287100e-16,-8.04092200e-16,-2.75335400e-16,-1.03159800e-15,-9.67756600e-16,-5.53140700e-16,-4.11846200e-16,-3.38907600e-16,-3.63383800e-16,-2.67359700e-16,-8.21033300e-17,-7.07289400e-17
1.05766080e+06,-7.73898300e+00,1.53916600e-17,5.59699500e-18,5.42124500e-17,1.54371900e-16,2.15477700e-16,2.90470400e-16,-3.07048400e-16,5.20277800e-16,-2.41555400e-16,-1.16694600e-15,-3.57970300e-16,1.07889800e-16,1.86178900e-16,-1.27709800e-17,-2.09893900e-16,-7.91701900e-17,-9.90768500e-17
1.06166080e+06,-7.73882600e+00,1.90062300e-17,-9.95692400e-18,-5.10628300e-17,-2.21579700e-16,-2.16441500e-16,-5.19347300e-16,-7.72772900e-16,-7.37838900e-16,-7.26094700e-16,-4.79523300e-16,-6.97313900e-16,4.31079000e-17,-5.64853200e-17,1.80203100e-16,-2.68054800e-16,-9.91606500e-17,-7.33994100e-17
1.06566080e+06,-7.73861000e+00,7.00277600e-18,-2.28715800e-17,-4.59789200e-17,-1.79381400e-16,-4.51442200e-17,1.89023900e-16,-3.12441900e-16,5.96741800e-16,-1.27219900e-16,-5.12947100e-16,-6.10941200e-16,-1.43038100e-16,2.32529600e-16,-1.51690900e-16,-2.86004900e-16,-8.55310800e-17,-9.20608400e-17
1.06966080e+06,-7.73834700e+00,2.16952000e-17,-1.72441700e-18,-5.30097200e-17,1.63760000e-17,1.68771600e-16,1.20982100e-16,-8.52683300e-16,-2.34064600e-16,-6.17128900e-16,-1.22826600e-15,-4.65230100e-16,-3.76006300e-16,-2.29830700e-16,-4.07458300e-16,-2.21917900e-16,-8.90086900e-17,-7.36339600e-17
1.07366080e+06,-7.73805300e+00,1.34753600e-17,-1.61493700e-17,-1.36488100e-19,-1.06223800e-16,-3.37185700e-16,5.38201100e-16,-6.17990700e-17,-1.24196700e-16,-3.39620500e-16,-6.76294400e-16,-9.90604600e-16,-2.99231400e-16,-1.39191100e-16,-5.01219900e-17,-1.63420600e-16,-5.46025800e-17,-7.94667700e-17
1.07766080e+06,-7.73774600e+00,2.64756300e-17,-1.71966300e-17,-7.96698800e-17,-1.56139300e-16,-2.22109800e-16,-1.93146200e-16,-7.06412100e-16,8.95299100e-18,-4.88675600e-16,3.25096600e-16,-6.50474500e-16,-8.95510800e-16,-1.28804900e-16,1.58193100e-16,-2.52705100e-16,-1.11433200e-16,-7.79028400e-17
1.08166080e+06,-7.73744900e+00,2.02181500e-17,-1.58122600e-18,-1.22174500e-17,-2.59357100e-16,1.62276900e-16,-1.46720000e-16,1.04628800e-16,-5.25094600e-16,-1.78385700e-16,-1.31080700e-16,-3.34501800e-16,-2.90941900e-16,-3.96908500e-17,-2.22484000e-16,-2.95097700e-16,-1.23882800e-16,-9.92775600e-17
1.08566080e+06,-7.73718700e+00,2.24196600e-17,-1.40049400e-17,-5.66869600e-17,3.93816900e-17,2.31023100e-17,4.58479600e-16,-8.78773600e-16,-6.51822300e-16,2.62049700e-16,-2.34757300e-16,-9.60657000e-16,-6.72192000e-17,-6.39701500e-16,-3.92010300e-18,-2.49135900e-16,-1.14299900e-16,-9.89090100e-17
1.08966080e+06,-7.73699200e+00,1.89420700e-17,-3.14919800e-17,-2.47421300e-17,-1.74344500e-16,-1.71379100e-16,-1.56891300e-16,2.10832900e-17,-4.61593900e-16,2.50063900e-16,-1.45529000e-16,-1.17825200e-16,-3.37927300e-16,-3.42110300e-16,-3.42495300e-16,-3.10274000e-16,-8.55443800e-17,-7.02051700e-17
1.09366080e+06,-7.73689700e+00,2.64210800e-17,-1.95471500e-17,-4.78355600e-18,9.60828700e-17,1.42574400e-16,-3.45276500e-16,-5.75626700e-16,-1.48815100e-16,-4.24559700e-16,1.71657800e-16,-4.78839700e-16,-2.40914700e-16,-1.86574700e-16,2.12297800e-16,-2.90544400e-16,-7.37107600e-17,-9.42788700e-17
1.09766080e+06,-7.73694200e+00,1.75932800e-17,-5.90995200e-18,-1.58949500e-17,5.26993800e-17,-5.11020600e-17,-1.33906000e-16,-3.25455800e-16,-5.07287200e-16,-4.22121900e-16,-3.27022700e-16,-6.07290500e-16,-1.90605000e-16,-1.64332300e-16,-3.99279900e-17,-2.57862200e-16,-6.68456600e-17,-8.60713800e-17
1.10166080e+06,-7.73717100e+00,1.94969000e-17,-8.82237900e-18,-7.88187400e-17,-6.18579800e-17,1.48106100e-17,-5.61751800e-17,-7.18486700e-16,-1.91905600e-16,4.36310100e-16,-8.17608300e-17,-7.92591500e-16,-1.25937000e-16,-1.70106900e-16,-4.52956100e-16,-2.59228700e-16,-8.28379600e-17,-9.39480000e-17
1.10566080e+06,-7.73763000e+00,3.21395700e-17,-1.39534400e-17,-3.41222900e-17,-1.81641800e-16,2.77006700e-17,1.64772100e-16,1.51129300e-16,-6.42982700e-17,-7.40057400e-16,-3.72857200e-16,2.95079800e-17,-1.04768000e-16,-4.21203100e-16,-2.12296000e-16,-2.09996800e-16,-7.33652100e-17,-8.35429800e-17
1.10966080e+06,-7.73837400e+00,3.09105500e-17,-1.12474400e-17,6.07804200e-17,-6.56313800e-17,-8.87986400e-17,-3.14186700e-16,-7.09853600e-16,-4.81702200e-16,-1.54098100e-16,3.64021600e-16,-5.80119400e-16,-6.50711200e-16,-1.85313100e-16,3.56708100e-17,-1.57869600e-16,-1.25383400e-16,-9.87430200e-17
1.11366080e+06,-7.73945700e+00,2.91824900e-17,1.76091500e-18,1.98610600e-17,-1.50787900e-16,1.28658800e-16,-4.08112600e-16,-2.09952000e-16,-2.63764200e-16,-1.81091900e-16,-2.53557200e-16,-1.20463100e-15,-3.55938100e-16,-3.54165900e-17,-2.57684900e-16,-1.34932200e-16,-8.77795500e-17,-7.37203800e-17
1.11766080e+06,-7.74093900e+00,2.34520400e-17,-1.48112200e-17,-3.67679700e-17,-1.23617400e-16,-3.71555100e-16,3.24784100e-16,-6.56289200e-16,1.36282600e-16,-4.20029500e-16,1.86463300e-17,-5.75167500e-16,7.45256400e-18,-3.73900200e-16,-1.72551700e-16,-2.53949100e-16,-4.64992400e-17,-9.35920500e-17
1.12166080e+06,-7.74288100e+00,-7.83826300e-20,-3.03461100e-17,-6.41908200e-17,1.28543700e-16,3.17791000e-16,-2.33833900e-17,2.53309700e-16,-3.73865700e-16,-3.07912400e-16,-9.75939500e-16,-2.12937500e-16,-4.19065900e-16,-3.79782500e-16,5.55422300e-17,-2.91502800e-16,-1.11695000e-16,-8.90834700e-17
1.12566080e+06,-7.74534400e+00,2.12563100e-17,-2.64953600e-17,-3.20522700e-17,1.34008700e-16,-1.89187400e-16,1.69211000e-16,-5.47588000e-16,-3.62233500e-16,-5.96377400e-16,-1.72360200e-16,2.27144200e-16,1.02851100e-16,-1.04122400e-16,-5.12810300e-16,-2.76555600e-16,-1.06529100e-16,-8.09360300e-17
1.12966080e+06,-7.74555100e+00,1.62163900e-17,-1.46541500e-17,-5.96509800e-17,1.50232900e-17,-5.67049100e-17,1.85221900e-17,-9.04554100e-16,-3.35577400e-16,-6.35151000e-16,-3.96558700e-16,-2.82320300e-16,-1.55320300e-16,-3.01195100e-16,-5.21890700e-16,-2.42287900e-16,-1.13435300e-16,-8.28064400e-17
1.13366080e+06,-7.74365400e+00,2.99460700e-17,5.55703400e-18,-9.23828000e-17,-2.17227900e-16,-4.19043200e-17,1.59448700e-16,-1.04505300e-15,1.78762200e-16,-1.61429300e-16,-1.12777400e-15,-1.01650900e-16,-2.85295700e-16,-2.05495900e-16,-2.76483800e-17,-1.92786600e-16,-6.45836400e-17,-8.22092500e-17
1.13766080e+06,-7.74215000e+00,2.39495700e-17,-5.32074300e-18,5.08257500e-17,-6.10878600e-17,6.75060200e-17,3.85340800e-16,-7.76895800e-18,-2.85196500e-16,-6.14812200e-16,-9.31729400e-16,-3.37761400e-16,-9.76013000e-17,-2.80891600e-16,-3.49285000e-16,-2.69219700e-16,-4.86242600e-17,-1.00432500e-16
1.14166080e+06,-7.74103900e+00,6.00204600e-18,6.80180900e-18,-1.23558100e-16,7.77289500e-17,-1.28608600e-16,-1.22676500e-16,-4.09511000e-16,5.66801400e-17,-3.48201000e-16,-7.91173200e-16,1.00024000e-16,-9.36852500e-16,-3.45384200e-16,-3.42210100e-16,-3.09592600e-16,-1.10910100e-16,-9.24966800e-17
1.14566080e+06,-7.74031900e+00,3.28088500e-17,-2.26529300e-18,-1.79664900e-16,-1.30321100e-17,2.73964000e-16,2.05065000e-16,-3.97735600e-16,-5.49732400e-16,-3.97207100e-16,-1.18386000e-16,-1.06823100e-15,-6.27714700e-16,7.57866400e-17,-3.23982100e-16,-2.94744400e-16,-8.20575900e-17,-9.57743900e-17
1.14966080e+06,-7.73998900e+00,3.23892600e-17,4.47111100e-18,-5.28737100e-17,1.02383100e-16,3.19683600e-17,5.26711700e-16,3.95793700e-16,-1.17745300e-15,-5.56344400e-16,9.15178900e-17,-2.90424600e-16,-3.81046800e-16,-1.74517100e-16,-3.00720900e-17,-2.82389900e-16,-1.07034000e-16,-7.78195300e-17
1.15366080e+06,-7.74004400e+00,3.03792100e-17,-1.12598400e-17,-8.67769300e-17,-1.23846300e-16,6.65580100e-17,-4.53904800e-17,-3.66675200e-16,1.34593700e-16,-1.12073900e-16,-2.13776600e-16,-4.72275000e-16,-2.14727800e-16,-7.76401000e-17,-3.25399500e-16,-2.60516400e-16,-9.56235800e-17,-1.04407400e-16
1.15766080e+06,-7.74048000e+00,1.82409700e-17,-1.79251000e-17,-1.03347000e-16,2.25041400e-16,-1.76464900e-17,-5.03885600e-16,1.11534700e-16,-1.06764900e-15,1.15477500e-17,-4.13277900e-16,-6.75175800e-16,-1.14919300e-16,-3.95260800e-16,2.91857000e-17,-2.18694100e-16,-9.14189800e-17,-8.07267000e-17
1.16166080e+06,-7.74128800e+00,1.69854600e-17,-3.06921000e-18,-3.53261400e-17,-1.11791100e-16,-1.95399800e-16,-1.27895700e-16,-1.11314600e-15,2.18887000e-17,-6.01853900e-16,-6.43539500e-17,-1.21224000e-15,-2.60106100e-16,-1.67228100e-16,-3.09184700e-16,-2.17725900e-16,-7.18011000e-17,-8.34844600e-17
1.16566080e+06,-7.74246000e+00,2.77590500e-17,3.30179400e-17,-1.38423800e-16,-8.08670900e-17,1.21275100e-16,1.26998400e-16,2.69801100e-17,-4.94086300e-17,-5.17043000e-16,-1.78771200e-16,-9.96349700e-16,-4.25323800e-16,-2.81626800e-16,-2.57146400e-16,-2.64523100e-16,-9.97221600e-17,-8.03381000e-17
1.16966080e+06,-7.74398300e+00,3.25388200e-17,-1.59051800e-17,-1.22008400e-16,-2.27261600e-16,5.68020500e-17,-1.51851700e-16,-2.12552900e-16,1.74778400e-16,-6.27622800e-16,-2.24578000e-17,-2.86332400e-16,-1.91112200e-16,-5.03364500e-17,4.54501800e-17,-3.45519000e-16,-6.58572400e-17,-6.83914500e-17
1.17366080e+06,-7.74584500e+00,4.25675900e-17,7.72394700e-19,-1.52448400e-17,-3.89911300e-17,2.17989000e-16,-1.41841000e-16,7.84288300e-17,-3.53212200e-16,-3.59974000e-16,-5.62291800e-16,-2.02710000e-16,-8.94674000e-16,5.77131400e-17,-3.20086600e-16,-3.02500500e-16,-1.00227800e-16,-7.57256800e-17
1.17766080e+06,-7.74802900e+00,3.15602100e-17,3.55332200e-17,-5.32210900e-17,-1.54981600e-16,1.62181200e-17,1.54382800e-16,-3.08545800e-16,3.49185900e-17,-5.45896300e-16,-5.63198100e-16,-3.90765800e-16,-2.55780300e-16,2.98806900e-17,-3.09426200e-16,-2.55921800e-16,-3.48532900e-17,-9.45487100e-17
1.18166080e+06,-7.75051900e+00,-7.29511900e-18,-1.63260300e-17,-2.08569100e-16,-2.60631100e-17,-9.12583300e-17,2.90869800e-17,-5.30840700e-16,-3.93264000e-16,-4.18010600e-16,5.47352000e-16,-7.68477500e-16,-2.59363600e-16,-3.16894200e-16,-1.98904100e-16,-3.06975300e-16,-8.31457400e-17,-6.91227600e-17
1.18566080e+06,-7.75329500e+00,1.77081200e-17,-1.24826700e-17,-1.29412800e-16,2.44877800e-17,1.51148100e-16,1.91115400e-16,1.61550800e-16,-1.05996400e-16,-3.11595200e-16,-2.69244700e-16,4.66132600e-16,-3.98674000e-16,-4.15030700e-16,-3.23965100e-16,-3.15811500e-16,-8.31406500e-17,-8.70949800e-17
1.18966080e+06,-7.75633800e+00,3.18159100e-17,2.41179000e-18,-7.55586600e-17,-4.68667600e-17,2.89277000e-16,1.98072000e-16,-3.97293900e-16,-4.06007600e-16,-2.89594800e-16,-5.23939700e-16,-4.62784500e-16,-2.94706400e-16,-4.39134500e-17,-1.87609400e-16,-3.01091000e-16,-8.58339600e-17,-8.45560500e-17
1.19366080e+06,-7.75962800e+00,3.80143700e-17,-1.07775900e-17,-1.22479500e-16,-1.44335500e-16,1.75279300e-16,-4.92839600e-16,-5.45700700e-16,-3.67242800e-16,-5.42799200e-16,-5.12347100e-16,-5.65299500e-16,-3.27580700e-16,-2.21590200e-16,-7.66054400e-17,-2.90831800e-16,-1.00477500e-16,-8.79006600e-17
1.19766080e+06,-7.76314300e+00,1.68858800e-17,-4.41547200e-17,-1.27623900e-16,-5.42055400e-17,2.14404000e-16,3.33470200e-16,-2.63415200e-16,-2.80697300e-16,-9.48273500e-16,2.80429500e-17,-2.58083500e-16,-4.35206400e-16,-1.32602700e-16,-5.34022500e-16,-2.54119700e-16,-9.32626600e-17,-7.41091800e-17
1.20166080e+06,-7.76342500e+00,1.23214500e-17,-2.52741500e-17,-1.71629600e-16,2.17799900e-16,4.16653700e-16,1.86229800e-17,-6.73374100e-16,2.65390400e-17,-4.47160400e-16,-1.45021100e-16,-5.27609200e-16,-4.56848200e-16,-2.72519500e-16,-2.75087800e-16,-2.75852500e-16,-1.08496000e-16,-9.56782400e-17
1.20566080e+06,-7.75989100e+00,1.89771800e-17,-5.24129600e-18,-1.60187800e-16,2.91595200e-18,4.04284800e-16,2.24312800e-16,1.39317200e-16,-9.84656300e-17,2.31148700e-16,-1.00248100e-15,-6.96183500e-17,-1.01910900e-16,1.48067100e-16,-3.73913300e-16,-2.50515500e-16,-9.25892800e-17,-8.68832400e-17
1.20966080e+06,-7.75633200e+00,2.41058400e-17,1.93745100e-17,-1.21848000e-16,2.24237300e-16,2.09293900e-16,7.08629800e-16,-2.19320900e-16,1.63591700e-16,-8.16907200e-16,-8.31008200e-17,-2.65062700e-16,-3.98085800e-16,-3.03764700e-16,-1.99501800e-16,-3.20931600e-16,-5.58199000e-17,-9.05862500e-17
1.21366080e+06,-7.75275400e+00,1.20898900e-17,-2.18850300e-17,-9.40380000e-17,-1.16642200e-16,9.53466600e-17,-2.71868300e-16,-9.64131400e-17,5.05281300e-17,-1.19003400e-15,-4.80389500e-16,-5.09539100e-16,-5.98850700e-16,-3.43986700e-16,-4.02879300e-16,-3.17161500e-16,-6.64390900e-17,-8.17228200e-17
1.21766080e+06,-7.74916500e+00,2.08256400e-17,-1.89668800e-17,-1.08115900e-16,4.36806100e-17,3.63961300e-16,2.82482200e-16,-7.72728500e-16,-5.68769300e-17,-1.28828500e-15,-6.85299200e-16,-9.69998700e-16,-3.35202400e-16,-5.31681100e-16,-5.41777400e-16,-1.54097400e-16,-9.69109000e-17,-6.77196600e-17
1.22166080e+06,-7.74556800e+00,4.03403400e-17,-2.22598500e-17,-1.13892800e-16,-1.76741700e-16,1.13825700e-16,-4.59481200e-17,-6.90714800e-16,-1.98657700e-18,-3.76609200e-16,-5.97837400e-16,-2.71139600e-16,-4.17262600e-16,-4.80436200e-16,-1.72215300e-16,-2.96199500e-16,-5.22494600e-17,-6.98175300e-17
1.22566080e+06,-7.74197000e+00,2.93926400e-17,-1.47904100e-17,6.41259600e-18,1.93877100e-16,3.25398900e-16,2.65205500e-18,1.12056500e-16,7.13362000e-19,-7.49785700e-16,-1.45763700e-16,4.35755200e-17,1.47549200e-16,-2.02511500e-16,-2.13330900e-16,-2.12208500e-16,-6.42031000e-17,-6.43117500e-17
1.22966080e+06,-7.73837500e+00,1.92773900e-17,-2.31446100e-17,-1.16256500e-16,-7.57095200e-17,-1.16810000e-16,6.03812600e-16,-5.50693700e-16,-3.13395200e-16,-2.10424700e-16,-1.66240400e-15,-5.68590500e-16,-9.67098000e-16,-4.30719600e-16,4.48030800e-17,-2.88613500e-16,-1.08865900e-16,-9.37767200e-17
1.23366080e+06,-7.73478700e+00,3.47081700e-17,6.54391400e-18,-1.66356100e-16,6.21659900e-17,-1.00594400e-17,-1.52488100e-16,-8.43570500e-16,-5.79606700e-16,4.63958900e-17,-9.24365100e-16,-7.35763900e-16,-2.32175000e-17,-2.11136500e-18,-4.13442300e-16,-1.70145900e-16,-5.27379000e-17,-8.14381000e-17
1.23766080e+06,-7.73121100e+00,3.12543800e-17,-2.86243300e-17,-2.08409100e-16,-7.10699200e-17,1.17554800e-16,-2.17471900e-16,-3.54826600e-16,1.98741700e-16,1.20770000e-16,-4.85705000e-16,-1.15301100e-15,8.16928400e-17,-5.00185600e-17,-6.07207000e-17,-3.22725400e-16,-9.36607300e-17,-9.28624700e-17
1.24166080e+06,-7.72765100e+00,2.49905700e-17,-1.81415200e-17,-1.40735400e-16,-3.15908500e-17,5.96740200e-16,3.29129400e-16,-1.03851600e-15,1.23262700e-16,-6.09726300e-16,-5.60201100e-16,-5.88053100e-16,-3.67401800e-16,-2.84253600e-16,-1.33433100e-16,-3.14304800e-16,-7.72640700e-17,-8.64509300e-17
1.24566080e+06,-7.72411000e+00,2.73640600e-17,-3.56500900e-17,-3.83833600e-17,1.89718100e-16,3.17524600e-16,-1.67794700e-16,-4.57585400e-16,-6.58302600e-16,-6.69910100e-16,1.81689100e-17,-3.22628500e-17,-5.33974500e-16,-2.70875600e-16,-1.43359100e-16,-2.60117500e-16,-7.30045600e-17,-9.59408700e-17
1.24966080e+06,-7.72059200e+00,2.59619200e-17,-4.13767100e-17,-1.53868400e-16,1.17220000e-16,5.84156000e-16,1.14657600e-16,-1.00714500e-15,1.96763600e-16,-7.72359200e-16,-1.48759100e-16,-8.02009600e-16,-6.12096900e-16,-3.33490000e-16,8.39733900e-17,-2.31648600e-16,-7.90955600e-17,-8.37149700e-17
1.25366080e+06,-7.71710100e+00,1.42436500e-17,-9.17714400e-18,-9.17397400e-17,-1.18629700e-16,5.58083400e-16,2.21420500e-16,-7.88969300e-16,-3.99875600e-16,2.17491900e-16,-4.45318100e-16,-1.45733700e-15,-6.44910000e-16,-5.27130500e-16,-4.81511400e-16,-2.15772400e-16,-8.28425700e-17,-6.61393900e-17
1.25766080e+06,-7.71363900e+00,1.83394000e-17,-2.25264300e-17,-2.07399600e-16,2.48590500e-17,5.67500500e-16,4.38262000e-16,-9.14301800e-16,7.77620600e-17,-1.33639800e-16,9.12111300e-17,-4.49999900e-16,-3.41736400e-16,-1.68846100e-16,-2.61014500e-16,-3.46050100e-16,-8.98895300e-17,-6.28317300e-17
1.26166080e+06,-7.71021100e+00,3.67132100e-17,-1.78121800e-17,-1.63475200e-16,-6.79581400e-17,7.60932800e-16,2.83967900e-16,-7.71059300e-16,-6.02735800e-16,-8.99356400e-16,-3.79006700e-16,-5.02337700e-16,-4.87423100e-17,-6.32899800e-17,-1.83937400e-16,-1.56248400e-16,-6.13116300e-17,-4.82692900e-17
1.26566080e+06,-7.70682100e+00,3.61999000e-17,-4.14125000e-17,-1.26408600e-16,-1.23025300e-16,3.75605800e-16,-2.55008900e-16,-8.38849400e-16,-1.04864200e-16,-6.40964200e-16,-4.37141700e-17,-5.13648200e-16,-4.29155700e-16,1.65277800e-16,-8.13131200e-17,-2.55096400e-16,-2.71568700e-17,-8.54684900e-17
1.26966080e+06,-7.70347400e+00,2.11037000e-17,-1.76864500e-17,-1.91270800e-16,-2.97236200e-16,2.70339200e-16,-2.38894800e-16,-4.14179600e-16,-3.25179700e-16,-1.24514300e-15,-8.53325900e-17,-6.25486200e-16,-4.83780600e-16,-1.74376100e-16,1.47084000e-16,-3.28609100e-16,-6.41189500e-17,-6.12020300e-17
1.27366080e+06,-7.70017500e+00,3.38821300e-17,-3.18317100e-17,-2.33978200e-16,1.61877600e-16,3.18882000e-16,-1.78102700e-16,-5.54450700e-17,1.83812400e-16,7.84291100e-16,-2.46199000e-16,-1.14772000e-15,-4.54951300e-16,-2.32928200e-16,-2.16910800e-16,-3.90769700e-16,-6.90851600e-17,-8.87798600e-17
1.27766080e+06,-7.69692900e+00,3.20588400e-17,-3.70669700e-17,-1.28161300e-16,2.81477900e-17,6.68889200e-16,-1.07672100e-16,-5.38523600e-16,-2.02898500e-17,-9.04970200e-16,-6.97744000e-16,-7.14737100e-16,-6.27422000e-16,-4.39391400e-16,-7.16584900e-17,-1.62646300e-16,-5.50112000e-17,-8.25956300e-17
1.28166080e+06,-7.69374500e+00,1.90346400e-17,-1.66233900e-17,-8.24506400e-17,-1.10828400e-16,6.57287600e-16,-3.48398000e-16,-5.90561900e-16,-1.66429100e-17,-1.51578700e-16,-7.55615000e-16,-6.54107500e-16,-3.27066400e-16,6.08748700e-17,-8.10136800e-17,-1.81495800e-16,-3.38168500e-17,-5.73126200e-17
1.28566080e+06,-7.69063100e+00,2.46415100e-17,-2.01316100e-17,-1.75004100e-16,8.62360900e-17,4.28698200e-16,1.50116900e-17,1.64895300e-16,-4.71672300e-16,-4.00061000e-16,-8.16455800e-16,-2.42581700e-16,-1.27408200e-16,4.93576600e-18,2.53402300e-17,-2.03988300e-16,-8.36867700e-17,-7.33976000e-17
1.28966080e+06,-7.68759700e+00,3.65807200e-17,-2.57579100e-17,-2.31227100e-16,-1.58987500e-16,-2.81011500e-16,-1.41304400e-16,-8.85446700e-16,2.61499600e-16,8.35911900e-17,-1.12638300e-16,-7.12144500e-16,-2.11224700e-16,-4.85578000e-16,-3.20453500e-17,-1.81852000e-16,-8.44699500e-17,-5.92937800e-17
1.29366080e+06,-7.68465600e+00,2.46132600e-17,-2.33057100e-17,-2.93111300e-16,1.78214900e-16,6.86883900e-16,-4.33621800e-17,-8.53370900e-16,-1.18767000e-15,-4.93943700e-16,-8.07778500e-16,-1.99189600e-16,-5.39697300e-16,-1.48667900e-17,-2.03750900e-16,-9.25617100e-17,-2.04977000e-17,-5.38232900e-17
1.29766080e+06,-7.68182200e+00,3.25256300e-17,-1.54332100e-17,-2.25381400e-16,-1.10630200e-16,5.18561200e-16,1.67287700e-17,-6.31381500e-16,-4.70555400e-16,-7.52653900e-16,2.34488000e-16,-2.39403800e-16,-7.88921900e-16,-4.66447500e-16,1.17182800e-17,-1.80496400e-16,-6.27051200e-17,-7.63416100e-17
1.30166080e+06,-7.67911300e+00,3.36321700e-17,-2.07510900e-17,-1.81186500e-16,7.37739300e-17,5.89207500e-16,6.16816700e-18,-1.22262000e-15,-2.17748900e-16,-5.77698800e-16,-6.10357800e-16,-1.18725300e-15,-5.83958500e-16,-4.11466000e-16,-1.80233400e-16,-1.44457500e-16,-8.70013600e-17,-7.45558200e-17
1.30566080e+06,-7.67655000e+00,2.63710500e-17,1.11585500e-17,-1.32802800e-16,-2.65482300e-16,3.58892900e-16,3.81931400e-16,-9.37308300e-16,-2.19555000e-16,-1.19804500e-15,-9.30425900e-16,2.52433600e-18,-8.73054700e-16,-3.85691000e-16,-1.59716200e-16,-2.30295400e-16,-9.75078700e-17,-7.01938400e-17
1.30966080e+06,-7.67415900e+00,4.89940600e-17,3.02757700e-18,-9.21559200e-17,-8.08729700e-17,3.49921400e-17,-2.79527600e-17,-8.09887500e-16,-4.06526800e-17,-8.12508700e-16,-1.16610000e-15,-1.19598100e-15,-4.08655800e-16,-3.56229800e-16,-4.48481100e-16,-7.82393500e-17,-7.58200600e-17,-7.00803400e-17
1.31366080e+06,-7.67196800e+00,4.35562100e-17,-1.59914800e-17,-2.58652600e-16,2.77143500e-16,1.06580400e-16,-1.29956200e-16,-1.12503700e-15,-3.59945100e-16,-7.07735100e-16,1.37004400e-16,-7.75161500e-16,-7.40566000e-16,-5.15715700e-16,1.40173600e-16,-1.31770500e-16,-3.30815600e-17,-7.93397900e-17
1.31766080e+06,-7.67001400e+00,3.58250800e-17,-3.65844100e-18,-2.13815600e-16,-3.61649400e-16,3.22570100e-16,-3.03234800e-16,-4.47435300e-16,-1.03609100e-16,-9.29525900e-16,-1.07344900e-15,-4.23943100e-16,-3.73728200e-16,-7.72213700e-16,-1.97056700e-16,-2.03563600e-16,-7.47697900e-17,-8.49061300e-17
1.32166080e+06,-7.66833600e+00,4.89275100e-17,-2.10805100e-17,-1.42320300e-16,-1.68079700e-17,4.99549100e-16,3.95167100e-16,-1.25713400e-15,-2.19201000e-16,-2.02572400e-16,-2.78451000e-16,-7.71162400e-16,-1.02124700e-16,9.14632200e-17,-3.21145100e-16,-1.02017900e-16,-5.05783600e-17,-7.32585500e-17
1.32566080e+06,-7.66698200e+00,3.51905300e-17,-1.92734000e-19,-1.30838400e-16,1.79979800e-16,1.02189100e-16,-9.98433600e-18,-3.19451500e-16,-1.09843000e-16,-6.50434300e-16,-3.03876800e-16,-3.46849500e-16,-9.29820500e-16,-1.29039200e-16,1.62078900e-16,-5.35542100e-17,-4.63907800e-17,-8.00619500e-17
1.32966080e+06,-7.66600700e+00,2.27400100e-17,9.84468500e-18,-2.21700700e-16,6.88341600e-17,4.40878300e-16,5.53794600e-16,-1.05350800e-15,3.97557600e-17,-8.49377900e-16,-4.59529400e-16,-9.70567800e-16,-7.55398000e-16,-2.16282800e-16,-3.16394100e-16,-4.48641800e-17,-4.30435800e-17,-5.08652000e-17
1.33366080e+06,-7.66547400e+00,2.13623700e-17,-2.80454800e-17,-2.73217300e-16,7.87599200e-17,5.18030100e-16,-2.34625800e-16,-2.61055700e-16,2.27327500e-16,-1.35315200e-15,-1.04032800e-16,-1.01836800e-15,-4.71649400e-16,2.09170700e-16,-4.97113300e-17,-2.32522300e-18,-6.07254300e-17,-8.42915400e-17
1.33766080e+06,-7.66545200e+00,3.08399400e-17,-2.86775300e-17,-2.12185600e-16,-2.11631500e-17,1.05982900e-16,6.15611400e-17,-2.80240300e-16,5.12461500e-16,-6.68256400e-16,-3.54429900e-16,-5.15123700e-16,-5.06344800e-16,-5.81325800e-16,-2.32148500e-16,2.07214800e-18,-4.29656100e-17,-4.16288700e-17
1.34166080e+06,-7.66602000e+00,2.37670000e-17,-5.04548400e-17,-1.84387400e-16,3.16392900e-17,1.03720900e-16,-4.08398800e-16,-8.07627300e-16,-1.06162300e-16,-4.59948700e-16,-4.44127900e-16,-8.94631600e-16,-2.65226100e-16,-1.64563000e-16,-1.80644200e-16,-1.07989100e-16,-5.94742500e-17,-7.14950100e-17
1.34566080e+06,-7.66726100e+00,4.19768600e-17,-4.07744500e-17,-2.34382200e-16,-1.40376400e-16,7.92874100e-16,-1.45595500e-16,-2.27266700e-16,-5.81172500e-17,-8.11334100e-17,4.08478200e-16,-5.28625200e-16,-7.32693500e-16,-8.03879300e-16,-3.87442300e-16,-1.73977800e-16,-5.71047900e-17,-4.96848100e-17
1.34966080e+06,-7.66926600e+00,1.90561200e-17,-4.41096200e-17,-3.46148600e-16,-4.91801400e-17,2.30227800e-16,-5.32779500e-16,-5.56027100e-16,-7.08972800e-16,-4.86701300e-17,-1.70012000e-16,-4.16294000e-16,-7.11666800e-16,-3.49275700e-16,1.45641100e-17,-2.63372000e-16,-5.58404100e-17,-7.05112200e-17
1.35366080e+06,-7.67212700e+00,3.43946600e-17,-3.43978900e-17,-1.82263500e-16,-1.57349300e-16,1.04274600e-15,-2.72186600e-16,-6.90442400e-16,-1.70158400e-16,-5.54619900e-16,-2.55955700e-16,-9.38100200e-17,3.43065200e-17,-3.23200800e-17,-2.75529000e-16,-1.70246500e-16,-5.23762000e-17,-7.01621300e-17
1.35766080e+06,-7.67593800e+00,2.34181300e-17,3.79027100e-18,-2.68206500e-16,-1.43227100e-16,9.57516000e-17,6.69437900e-16,2.11621500e-16,-3.00737000e-17,-8.43138900e-16,-1.20784300e-15,-9.02749500e-16,-1.13345600e-16,-4.49905700e-16,-1.64859800e-16,-1.79035700e-16,-5.56414700e-17,-6.39479700e-17
1.36166080e+06,-7.68078600e+00,2.66080500e-17,-4.46804900e-17,-3.10266300e-16,-1.48687700e-16,2.54772500e-16,-2.12404300e-17,-8.31690600e-16,1.65967200e-16,-5.63339700e-16,-3.47071100e-17,-3.86966400e-17,-2.75969000e-16,-5.18240400e-16,-3.22673300e-16,-1.35754300e-16,-7.89592300e-17,-6.58792600e-17
1.36566080e+06,-7.68675000e+00,2.98947400e-17,-3.56407000e-17,-3.57229800e-16,-5.29266900e-17,8.87196100e-16,-1.04367000e-15,-6.60627000e-16,-4.90020000e-16,1.75703700e-16,-1.18828500e-16,-2.01625500e-16,-4.26855700e-16,-3.17748800e-16,-1.06075900e-16,-2.04387100e-16,-3.25042000e-17,-6.11127100e-17
1.36966080e+06,-7.69389300e+00,3.18445400e-17,7.94743200e-18,-3.43914700e-16,-1.44502600e-16,5.76149400e-16,-3.12382900e-16,-6.14970700e-16,3.50573800e-16,-2.76779000e-16,-5.21678800e-16,-2.98277300e-16,-2.72434900e-16,-2.37432700e-16,6.16893700e-17,-1.57068800e-16,-2.99469300e-17,-6.72879200e-17
1.37366080e+06,-7.70225700e+00,8.98344000e-18,-5.19563100e-17,-3.74819700e-16,1.69965400e-16,7.87585000e-16,-8.78089000e-17,-5.60407800e-16,7.61512500e-16,-2.19690100e-16,5.84252600e-16,-6.18386700e-16,-4.42281300e-16,-1.23888000e-17,1.90348600e-16,-2.63954000e-16,-6.58674200e-17,-4.96826800e-17
1.37766080e+06,-7.71185700e+00,3.82098200e-17,-1.32348800e-17,-4.01282000e-16,2.15841500e-17,3.75462800e-16,1.49462100e-16,-1.05234300e-15,-6.55500200e-16,-2.79998600e-16,-8.71661200e-16,-5.86431700e-16,-6.57480700e-16,-2.64027600e-16,-1.09016600e-17,-2.30579700e-16,-5.16748500e-17,-6.95987400e-17
1.38166080e+06,-7.71593700e+00,2.55495200e-17,6.38246000e-19,-5.63879900e-16,7.40764400e-17,8.37306400e-16,-3.63486800e-16,-1.23218600e-15,-1.05319300e-15,-5.59746500e-16,-4.05282800e-16,-6.99659600e-16,-1.94172500e-16,-3.71734300e-16,1.31147200e-16,-1.28163500e-16,-5.30871600e-17,-6.38327700e-17
1.38566080e+06,-7.71120800e+00,1.98456000e-17,-3.93322300e-17,-3.99487100e-16,-1.18898400e-16,9.61621600e-19,-7.00554700e-17,-2.22957800e-16,4.12285900e-16,-7.54965700e-16,-5.05211700e-16,8.74809900e-17,-4.88646700e-16,-3.53430000e-16,-4.35470700e-16,-4.37799500e-17,-6.32174700e-17,-8.67148100e-17
1.38966080e+06,-7.70682300e+00,2.53827400e-17,-3.45231700e-17,-2.99911700e-16,1.26925900e-16,1.20182700e-16,-2.61683700e-16,-3.95464300e-16,2.35433400e-16,-3.74429600e-16,-6.79291600e-16,-4.01383000e-16,-4.39785800e-16,-6.94022200e-17,3.01298700e-17,2.25511900e-17,-3.32607000e-17,-8.46471500e-17
1.39366080e+06,-7.70284700e+00,2.11137200e-17,-4.19202800e-17,-3.70424200e-16,6.71125900e-17,4.74180400e-16,-3.44645100e-16,-1.15703700e-15,-2.79850000e-16,1.36509400e-16,-1.19922800e-16,-1.19297800e-15,-4.24788500e-16,-1.35341000e-16,-1.20070100e-16,-1.72933300e-16,-6.59742200e-17,-5.95432300e-17
1.39766080e+06,-7.69935300e+00,1.15740300e-17,-3.85188000e-17,-2.62293100e-16,-2.33872100e-16,3.89156400e-16,4.87079500e-16,-3.38215400e-16,-7.79593100e-16,-5.67156800e-16,-1.17740700e-15,-4.32097600e-16,-4.81052300e-16,-2.08338000e-16,-2.99620400e-16,-2.08425000e-16,-4.66222200e-17,-6.41742400e-17
1.40166080e+06,-7.69641800e+00,3.40781400e-17,-4.70843400e-18,-4.19741700e-16,-1.01629500e-16,4.67298400e-16,-2.39497900e-16,-1.28766500e-15,3.57559600e-16,-1.25454300e-16,-7.42396700e-16,-6.18709700e-16,-3.85228800e-16,-1.20784200e-16,-3.20079900e-16,-1.11850000e-16,-5.62788000e-17,-5.55001200e-17
1.40566080e+06,-7.69412700e+00,2.40295900e-17,-3.09785000e-17,-5.78134300e-16,-3.14365400e-16,4.03311300e-16,-3.53953600e-16,-1.44038500e-16,-3.75945900e-16,-4.65938900e-16,-3.01540600e-16,-5.99243600e-16,-5.78720700e-16,-3.34014000e-16,-2.19035000e-16,-2.25892800e-16,-3.66564300e-17,-6.31378400e-17
1.40966080e+06,-7.69257000e+00,3.81832600e-17,-2.52954000e-17,-6.09790600e-16,-1.65129000e-16,2.31122800e-16,-1.46278600e-16,-1.90372400e-16,-2.95848800e-16,-4.15154900e-17,-1.07113400e-15,-7.36005700e-16,-6.52270400e-17,-5.27567500e-16,-1.65343200e-16,-2.19136900e-16,-3.25361100e-17,-5.98275900e-17
1.41366080e+06,-7.69183600e+00,3.89132900e-17,-3.03751500e-17,-3.96698100e-16,4.50771900e-16,4.35177400e-16,-1.58946100e-16,-1.09439400e-15,4.56859600e-17,-7.05552900e-16,-7.05753000e-16,-1.20898500e-15,-6.33967700e-16,-7.73592400e-16,-1.10239000e-16,-1.14182600e-16,-9.52756700e-17,-7.13611400e-17
1.41766080e+06,-7.68870600e+00,2.79513600e-17,-5.68305100e-17,-4.77597600e-16,1.10938800e-16,2.92525100e-16,1.47498300e-17,-5.38054300e-16,-6.29258900e-16,-9.37147300e-16,-7.39442800e-16,-4.02366800e-16,-1.12748600e-16,-2.96496700e-16,-2.56225500e-16,-3.60518900e-16,-4.65354700e-17,-7.13839500e-17
1.42166080e+06,-7.68364400e+00,3.76375800e-17,-1.92806000e-17,-8.32036300e-16,1.35118600e-16,4.42669100e-16,-1.77436300e-16,-4.81310600e-16,-2.48273200e-16,-1.00083400e-15,5.32394000e-17,-6.83651500e-17,-1.68599500e-16,-3.72398200e-16,-2.15326200e-16,-3.82469400e-16,-4.69562800e-17,-6.06714000e-17
1.42566080e+06,-7.67903800e+00,1.88056300e-17,-4.92929200e-17,-4.64129600e-16,-2.28881300e-17,6.80212000e-16,2.02385500e-16,-9.09265700e-16,-5.13488500e-17,-5.39802200e-16,-4.90195900e-16,-7.71941000e-16,-5.38598400e-16,-4.04694000e-16,-1.22040300e-16,-1.62613000e-16,-2.32326700e-17,-7.99790000e-17
1.42966080e+06,-7.67497100e+00,2.45515300e-17,-2.52597300e-17,-3.72599800e-16,4.89852900e-18,8.21824000e-16,-2.42135100e-16,-3.01083000e-16,-5.56075400e-16,-9.65635800e-16,3.81038300e-16,-1.36619500e-15,-5.64331100e-16,-5.20527000e-16,-5.23582200e-17,1.71748200e-16,-6.51081900e-17,-6.56907000e-17
1.43366080e+06,-7.67153000e+00,2.31687700e-17,-6.70818700e-17,-6.50617400e-16,-2.04806900e-16,4.35278300e-16,-1.84901600e-16,-1.45775500e-15,-1.10868500e-16,-9.78029200e-16,-8.67746900e-16,-8.53711800e-16,-2.35731000e-16,-4.01470700e-16,-1.50999100e-16,-2.63998900e-16,-1.96035000e-17,-5.67348800e-17
1.43766080e+06,-7.66881000e+00,3.14907100e-17,-5.24496900e-17,-5.56870400e-16,4.07546000e-17,7.02316300e-16,3.46804400e-16,-7.82427800e-16,-6.70361400e-16,-5.50229400e-16,2.05112200e-16,-1.11649300e-16,-4.47762800e-16,1.12368700e-16,-1.12002400e-17,-1.84408300e-16,-4.12468000e-17,-5.18847700e-17
1.44166080e+06,-7.66691100e+00,4.37503500e-17,-1.04009400e-17,-3.23071200e-16,-2.99487400e-16,3.09181800e-16,5.88045200e-16,-6.93259700e-16,-6.10140400e-16,-6.27387700e-16,-1.29185800e-16,-8.46045700e-16,-5.37504400e-16,-5.91056000e-16,-3.40812600e-16,-3.80673800e-17,-6.07279900e-17,-5.08562000e-17
1.44566080e+06,-7.66593700e+00,2.14361100e-17,-3.41031400e-18,-4.65411100e-16,-1.26499500e-16,3.28757900e-16,-2.67705900e-16,-1.13386200e-15,-5.16396000e-16,-1.14611000e-15,-4.07781900e-16,-8.94397000e-16,-3.90489600e-16,-5.13253400e-16,-2.28626600e-16,-2.55537100e-16,-2.52592700e-17,-4.56564500e-17
1.44966080e+06,-7.66599500e+00,3.50079200e-17,-3.83656000e-17,-2.48946200e-16,1.70889600e-16,6.63609600e-16,-6.63449500e-16,-2.22631800e-16,-4.46830500e-17,-1.44500700e-16,-9.00717200e-16,-7.99521600e-16,1.09167800e-16,-5.09673800e-16,9.12904800e-17,-2.38474200e-17,-2.75449000e-17,-4.83065100e-17
1.45366080e+06,-7.66718800e+00,2.76432100e-17,-3.82112000e-17,-3.87592000e-16,-2.05738000e-16,5.33636200e-17,-2.01327800e-16,-1.04213400e-15,-2.95492500e-16,-3.59201600e-16,-9.62571200e-17,-2.13847500e-16,-5.31308000e-16,-2.32617800e-16,-2.91989700e-16,-2.21676600e-17,-6.64018200e-17,-4.54183600e-17
1.45766080e+06,-7.66961400e+00,4.41195800e-17,-3.32049300e-17,-2.57287700e-16,8.96615000e-17,1.17931300e-16,2.31559300e-18,-8.75988500e-16,-4.94925600e-16,-5.97210300e-16,-1.13220700e-15,-6.12292300e-16,-2.98621600e-16,-2.11950500e-16,-2.34305700e-16,-3.31311100e-16,-2.40310700e-17,-5.64306000e-17
1.46166080e+06,-7.67336000e+00,2.80960600e-17,-5.28545800e-17,-4.95429800e-16,-3.99897600e-16,2.94050800e-16,-1.58844600e-16,-1.11568600e-15,-4.71253800e-16,-1.77057100e-16,-1.19578200e-15,-3.95928400e-16,-4.29262400e-16,1.54021700e-16,-5.28700200e-16,-4.92976800e-16,-3.23497900e-17,-3.88967900e-17
1.46566080e+06,-7.67849500e+00,5.81824300e-17,-2.25713400e-17,-6.38229000e-16,-4.92950100e-17,7.05187800e-16,2.61842900e-16,-6.17760200e-16,-6.72365000e-16,-5.38938500e-16,-8.29857400e-16,-2.22629700e-16,-2.61613000e-16,-3.72652400e-16,-5.04718700e-16,-4.27962200e-16,-1.55567700e-17,-3.01600000e-17
1.46966080e+06,-7.68506800e+00,3.13232500e-17,-2.42018500e-17,-3.96470000e-16,-7.59544700e-16,5.69728900e-16,-1.19510000e-16,-5.45563900e-16,-5.66273500e-16,-6.78143100e-16,-1.15696300e-16,-5.36625100e-16,-7.72092200e-16,-1.15238600e-16,-5.61770500e-17,-1.89583500e-16,-4.25098500e-17,-6.25955800e-17
1.47366080e+06,-7.69309700e+00,4.65166000e-17,-2.51904500e-17,-6.37370700e-16,4.11533900e-17,2.33019500e-16,8.75709400e-17,-7.44728100e-16,-3.17241300e-16,-3.68665300e-16,-1.13052400e-15,-6.51466100e-16,-6.42521100e-16,-2.04538900e-16,1.55695300e-16,-2.59848300e-16,-6.65763200e-18,-4.89289300e-17
1.47766080e+06,-7.70150700e+00,8.05719800e-18,-4.10606700e-17,-3.50501000e-16,-9.01514500e-17,5.93781400e-16,2.27299600e-16,-6.54907100e-16,-3.09484600e-16,-2.10740000e-16,-2.81965000e-16,-5.25020200e-16,-9.27193300e-16,6.69300600e-18,6.91444500e-18,-1.68765400e-16,-4.11832400e-17,-5.57345100e-17
1.48166080e+06,-7.69613300e+00,2.32305400e-17,-3.48838700e-17,-2.00966100e-16,3.07270600e-17,4.94159700e-16,-1.68358900e-16,-3.77510900e-16,2.74708200e-16,-1.44121600e-15,-4.31166200e-16,-9.32101400e-16,-1.37205300e-16,-1.42515300e-17,-8.22858900e-17,-6.23896100e-17,-2.72408000e-18,-2.89059300e-17
1.48566080e+06,-7.69115700e+00,1.54338200e-17,-7.08276400e-17,-3.41243800e-16,-4.49530000e-16,1.60057900e-16,-6.70542500e-16,-1.33651900e-15,-1.47848800e-16,-3.70532200e-16,-3.22646400e-16,-6.85311900e-16,-3.42149700e-16,-6.71021700e-16,-4.66572100e-16,-1.80591300e-16,1.23882800e-18,-2.80942000e-17
1.48966080e+06,-7.68659300e+00,3.25838600e-17,-2.96714300e-17,-2.30338900e-16,-3.18859200e-16,5.04757500e-16,-4.67016500e-17,-7.33864900e-16,-4.12777700e-16,-7.61391600e-16,-1.01274900e-15,-9.79069800e-16,-6.66937500e-16,-4.26209900e-16,4.52473700e-17,-1.13713700e-17,-1.55350700e-17,-5.93545400e-17
1.49366080e+06,-7.68244800e+00,3.82362700e-17,-4.17715700e-17,-2.20007400e-16,-3.21001600e-16,6.94546900e-16,1.38531300e-16,-4.26626700e-16,-4.91581400e-16,-8.63879400e-17,-1.33993300e-16,-6.31707000e-16,-2.92363200e-16,-2.24614600e-16,-4.71572400e-17,1.43780300e-17,-3.14197500e-18,-5.26781900e-17
1.49766080e+06,-7.67872400e+00,3.54729300e-17,-3.30292500e-17,-3.14669800e-16,-4.15306500e-16,2.71712700e-17,3.77944800e-16,-9.05408700e-16,-2.51876900e-16,-1.18273700e-15,-7.56314800e-16,-4.55716500e-16,-4.85477500e-16,-5.54888700e-16,-5.36026600e-17,-4.34259400e-16,-1.21477900e-17,-4.36925900e-17
1.50166080e+06,-7.67541800e+00,2.07350200e-17,-5.27713900e-17,-1.58212600e-16,1.59978100e-16,4.83790100e-16,2.41114800e-16,-4.67517600e-16,-7.92949200e-16,-4.63548000e-16,-2.20454600e-16,-2.22442600e-16,-3.15015500e-16,-2.35016000e-16,-1.11282500e-16,-2.82504700e-16,-6.19500100e-17,-6.44753400e-17
1.50566080e+06,-7.67252100e+00,5.68908600e-17,-2.21713200e-17,-3.76293900e-16,-1.49857600e-16,-1.06497800e-16,-1.30389100e-16,-7.52188400e-16,1.09522100e-16,-5.77534800e-16,-2.45996000e-16,-8.78434600e-16,-3.77311500e-16,-1.18896000e-17,-3.82474700e-17,-3.76753400e-16,2.57317100e-17,-3.12949600e-17
1.50966080e+06,-7.67002300e+00,3.35781000e-17,-2.14933000e-17,-1.97607600e-16,5.74181300e-17,5.20385500e-16,5.02632500e-16,-4.90197700e-16,-3.95633800e-17,-9.64959200e-17,-4.80536400e-16,-1.54852900e-15,-7.02977200e-16,-4.92043600e-16,-3.13069300e-16,8.62106700e-18,7.19396500e-17,-3.96047100e-17
1.51366080e+06,-7.66791400e+00,4.61518800e-17,6.32933000e-18,-1.18911100e-16,-1.82826500e-16,3.04005300e-16,-2.15885300e-16,-1.11120000e-15,4.15457100e-16,-8.57895600e-16,-8.65527700e-16,-5.69653400e-16,-4.95398700e-16,-6.78414000e-16,-1.32229000e-16,-1.93449100e-16,-2.75434800e-17,-6.26303700e-17
1.51766080e+06,-7.66618000e+00,4.02518300e-17,-6.88781300e-17,-4.75065000e-16,1.08326900e-16,3.45138800e-16,4.32229500e-16,-6.53119000e-16,-6.16398400e-16,-1.08956600e-16,-6.70661100e-16,-4.35694300e-16,-5.35943100e-16,-2.87535500e-16,1.65694300e-16,-2.67668400e-16,1.13698400e-17,-5.37667600e-17
1.52166080e+06,-7.66481300e+00,6.00050100e-17,4.49296300e-18,-3.06311300e-16,-1.19435400e-16,-2.50910200e-17,-1.16295900e-16,-1.12443000e-15,2.05592000e-16,-1.95555300e-16,-3.86479500e-16,-1.92794700e-16,-1.65476900e-16,-7.66831800e-16,-6.18124300e-17,-1.31871400e-16,2.32988200e-17,-3.77694000e-17
1.52566080e+06,-7.66380400e+00,4.55789600e-17,-5.15079300e-17,-1.72185800e-16,-2.60951300e-16,3.83075900e-16,-2.81591700e-16,-1.22468200e-15,-1.33122300e-16,-8.46187300e-17,-6.49099500e-16,-1.23240700e-15,-3.52727700e-16,-4.98440100e-16,-1.16437100e-16,-4.72242300e-17,-7.63603100e-18,-4.50679300e-17
1.52966080e+06,-7.66315100e+00,3.19389100e-17,-4.41469700e-17,-3.82168100e-16,-2.09832500e-16,1.71514200e-16,-9.90081900e-16,-2.48990200e-16,-5.06548600e-16,-1.18915000e-16,-2.17274700e-16,-2.31577800e-16,-3.03135200e-16,-1.87630900e-16,1.00682200e-16,-5.11943100e-17,2.88167800e-17,-2.45297000e-17
1.53366080e+06,-7.66285500e+00,4.92761400e-17,1.45310800e-17,-3.47232000e-16,-4.91896600e-16,8.87455900e-17,-5.10132400e-16,-1.10683800e-15,-2.06700900e-16,-7.13903300e-16,-4.75469800e-16,-3.01949900e-16,-5.84496400e-16,-5.89749500e-16,-6.63209600e-16,8.22090600e-17,5.20936200e-17,-4.48831300e-17
1.53766080e+06,-7.66292400e+00,3.32408900e-17,-4.53686200e-18,-2.86162500e-16,-1.66535400e-17,2.32588300e-16,-5.06291200e-16,-8.28666700e-16,1.74827100e-16,-5.88529100e-16,-6.68793400e-17,-4.41390000e-16,-1.39342600e-16,-2.92812500e-16,-1.09060300e-16,6.46801800e-17,5.60860600e-18,-4.63733200e-17
1.54166080e+06,-7.66337300e+00,3.99497600e-17,-5.61123700e-17,-1.44998200e-16,-2.86634800e-16,4.20931500e-16,2.28794800e-16,-6.88631300e-16,-5.62417800e-16,-3.39869200e-16,-7.97949500e-16,-5.47211700e-16,-9.63610800e-16,-4.82978400e-16,-3.13225400e-16,-1.39484800e-16,4.32154900e-17,-2.89940300e-17
1.54566080e+06,-7.66422300e+00,5.12495800e-17,-5.69200400e-17,-2.41377400e-16,1.72101300e-16,1.01549700e-16,4.92150000e-17,-6.17670400e-16,-1.07977100e-15,-3.96416700e-16,-3.67399700e-17,-6.73970800e-16,-4.19696700e-16,-5.22374900e-16,-1.37720000e-16,-2.53690400e-16,-1.58436100e-17,-5.19877900e-17
1.54966080e+06,-7.66550500e+00,5.54173000e-17,-1.20245300e-17,-2.62356700e-16,1.53905200e-16,2.65440600e-16,-3.03270800e-16,-3.14192200e-16,9.38090200e-17,-6.02206100e-16,-8.25422100e-16,-7.88014400e-16,-3.49419200e-16,-2.62750000e-16,3.97250600e-17,6.39895600e-17,5.66073500e-17,-2.75719300e-17
1.55366080e+06,-7.66725700e+00,3.95521500e-17,-4.98046200e-17,-9.65407300e-17,-1.80051300e-16,4.85646100e-16,2.13293200e-16,-5.66489100e-16,-6.23841500e-16,-9.21751000e-16,-3.74539800e-16,-8.08638700e-16,-5.04685100e-16,-5.73104200e-16,-1.19529500e-16,-2.04266800e-16,2.22166800e-17,-2.98311600e-17
1.55766080e+06,-7.66952400e+00,5.66494700e-17,-3.09865000e-17,-6.17187500e-17,-3.67916400e-16,1.95869000e-16,-2.80773600e-16,-1.21262500e-15,-4.75182000e-16,-3.80247400e-16,-2.09810100e-16,-6.82878100e-16,-5.36971300e-16,-5.51048500e-16,-4.55720900e-16,1.84803100e-16,3.26696100e-17,-2.02232700e-17
1.56166080e+06,-7.67235900e+00,3.72286800e-17,-6.97073800e-17,-2.07611000e-16,-6.35243700e-16,1.09735300e-16,4.19930300e-17,-8.11678300e-16,-3.95313500e-16,-1.02159300e-15,-7.77210000e-16,-6.81490600e-16,-9.48516300e-16,-8.04888100e-16,-5.50869900e-16,-1.44333700e-16,2.59724100e-17,-1.36430100e-17
1.56566080e+06,-7.67582400e+00,6.73677400e-17,-3.24798400e-17,-3.64148800e-16,-2.62124900e-16,4.93233000e-16,1.74650700e-16,-7.52342000e-16,-5.37939600e-16,-1.08331300e-15,-2.98350000e-17,-4.43295100e-16,-6.36529400e-16,-4.39629200e-16,-2.72866700e-16,-3.15298400e-16,1.18815600e-16,-2.00635100e-17
1.56966080e+06,-7.67998100e+00,5.43179100e-17,1.80416500e-17,-2.17412700e-16,-4.42622400e-16,5.09889400e-16,1.63023600e-16,-2.44697200e-16,9.96870100e-17,-3.86391300e-17,-7.03322500e-16,-6.50700200e-16,-1.75565300e-16,-4.58681400e-16,-7.64893500e-16,-7.34287000e-17,1.27543900e-16,-2.96039700e-17
1.57366080e+06,-7.68489700e+00,6.60357100e-17,1.60335700e-17,-1.04603700e-16,1.85563300e-16,-8.23803900e-17,-9.66064200e-17,-1.32502400e-15,-2.61754000e-16,-5.00262000e-16,-7.55148600e-16,-9.65560500e-16,-3.13948000e-16,-4.36297700e-16,-7.46702800e-17,1.00609300e-16,7.73739800e-17,-3.98092800e-17
1.57766080e+06,-7.69063700e+00,5.87410800e-17,5.99637700e-18,-4.02540300e-16,-1.45123100e-16,4.10975000e-16,3.07090800e-16,-1.27460300e-16,-4.94488500e-16,-3.31235500e-16,-5.71736700e-16,-8.47106700e-16,-2.55425100e-16,-6.18181800e-16,1.21429600e-16,-4.65758100e-16,3.47417600e-17,-3.53341600e-17
1.58166080e+06,-7.69726300e+00,3.20011500e-17,-4.47668300e-17,-1.97134700e-16,-1.46311800e-16,2.16541600e-16,-1.93420900e-16,-7.78670400e-16,-4.03979600e-16,-8.00965400e-16,-7.85596200e-16,-9.82609800e-16,-1.28630200e-16,-5.72562900e-16,-3.40448700e-16,-1.12417700e-16,7.44753100e-17,-3.19034900e-17
1.58566080e+06,-7.70482700e+00,4.23332600e-17,-4.79600100e-17,-9.43985400e-17,-1.00551600e-16,8.76188600e-17,-1.65914600e-17,-3.41664300e-16,-6.29924900e-17,-1.01340900e-15,-3.68432400e-16,-8.37784700e-16,-5.03324500e-16,-7.79659200e-16,-2.23635300e-16,-2.25771200e-16,1.07289100e-16,-5.35320700e-17
1.58966080e+06,-7.71336600e+00,3.50632400e-17,-4.70292100e-17,-2.39848600e-16,-4.44401400e-16,9.17179000e-17,-1.84705600e-16,-1.15556600e-15,6.70356300e-16,-6.45878800e-16,-2.63065200e-16,-5.14496300e-16,-1.82676300e-16,-6.86926400e-16,-6.61689000e-16,-2.11019000e-16,6.59909600e-17,-9.12648500e-18
1.59366080e+06,-7.72290300e+00,4.61318900e-17,-5.34474800e-17,1.15041500e-16,-4.15246400e-16,5.36589900e-16,-1.36828800e-16,-3.58041700e-16,-5.38101100e-16,-1.72915200e-16,-1.79807500e-16,-3.52799100e-16,-8.69887400e-16,-7.20420900e-16,-1.03578100e-16,1.58039600e-16,4.21828100e-17,-3.10294600e-17
1.59766080e+06,-7.72791700e+00,5.98619900e-17,-2.26293200e-17,3.64370100e-17,-3.51613700e-16,5.28535300e-17,2.17124800e-16,-2.46640800e-16,1.47225300e-16,-3.47893700e-16,-6.75879100e-16,-6.21934800e-16,-7.84510800e-16,-4.05032200e-16,-4.79310500e-16,4.16910200e-17,8.15758400e-17,-5.00198400e-17
1.60166080e+06,-7.72358400e+00,4.92117600e-17,-4.65212100e-17,-2.59057100e-16,-2.74266100e-16,1.70598900e-17,-1.07344600e-16,-7.82421900e-16,2.95397000e-16,-8.02587900e-16,2.42879100e-16,-1.22165900e-15,-2.12157600e-16,-3.42939500e-16,-3.65004200e-16,-3.64109600e-17,8.62354600e-17,-2.96850900e-17
1.60566080e+06,-7.71957200e+00,5.24415200e-17,-3.43049200e-17,1.09346400e-16,-4.28691200e-16,3.98566300e-16,2.02621100e-16,-1.50826000e-15,-3.17557000e-16,-4.35298300e-16,-6.99568200e-16,-6.52079600e-16,-6.63505400e-16,-3.77422300e-16,-3.23673900e-16,1.21491200e-16,7.48007600e-17,1.35506100e-17
1.60966080e+06,-7.71588200e+00,4.40768100e-17,-5.15737600e-17,-5.61415200e-17,-2.56695500e-16,9.49596700e-17,-1.97703100e-17,-1.14182700e-15,-2.65269100e-16,-8.56221400e-16,6.41571200e-16,-1.32926800e-15,-6.66823700e-16,-2.40081700e-16,-6.83785300e-16,-4.39718800e-17,1.30958500e-16,-2.10175500e-17
1.61366080e+06,-7.71251200e+00,7.92396300e-17,-4.55169800e-17,1.59202300e-18,-5.51308900e-16,4.77877900e-18,3.18586400e-17,-1.29760100e-15,-1.12056100e-16,-9.94027200e-16,-8.99997300e-16,-9.70025200e-16,-6.20045100e-16,-7.96519400e-16,-2.29307600e-16,2.37536700e-16,1.20664100e-16,-2.53513200e-17
1.61766080e+06,-7.70945400e+00,6.59967900e-17,-2.67292100e-17,-1.14762700e-16,-3.33547700e-17,-1.93822100e-17,7.70581300e-17,-8.53730800e-16,-1.29273400e-16,-7.24505900e-17,-1.39256800e-16,-4.60513700e-16,-5.68285000e-16,-6.39785300e-16,-2.09164300e-16,-1.71577300e-16,6.58993800e-17,-7.89315500e-17
1.62166080e+06,-7.70670000e+00,3.05567600e-17,-3.14315500e-17,-1.47520600e-16,-4.90202300e-16,-3.34021000e-17,4.69592800e-16,-1.50172200e-15,-4.06507600e-16,-1.03067400e-15,-1.01570600e-15,-4.95894300e-16,-5.93677600e-16,-6.92202600e-16,-3.96020700e-16,5.80803000e-17,1.50877000e-16,-5.49015000e-17
1.62566080e+06,-7.70423400e+00,7.72678300e-17,-3.27325600e-17,2.71087000e-17,-2.78239900e-16,-4.82693300e-17,6.33651600e-16,-4.95343500e-16,-1.15891100e-15,-3.90641600e-16,-6.94622100e-16,-8.14713500e-16,-1.14253400e-15,-4.69859300e-16,-1.36961000e-16,1.18209600e-16,1.09961000e-16,-6.47059200e-17
1.62966080e+06,-7.70204300e+00,7.97597400e-17,3.88130700e-17,-2.42385500e-16,-2.16299000e-16,4.20467600e-17,-1.65525700e-16,-1.09429700e-15,-6.04740400e-16,-8.53506000e-16,-1.20875100e-16,-5.21567600e-16,-6.42047200e-16,-6.13216100e-16,9.66080800e-17,-2.00100800e-16,1.43454200e-16,-1.92569400e-17
1.63366080e+06,-7.70010900e+00,7.96819100e-17,-2.41554700e-18,-2.33958600e-16,-5.46615500e-16,-1.23282100e-16,2.03661100e-16,-1.03776600e-15,-5.53321800e-16,-1.12242400e-15,-6.00067200e-16,-1.17685800e-15,-4.62380000e-16,-7.74992600e-16,1.37250600e-18,-1.87577000e-16,1.44870400e-16,-5.44295600e-17
1.63766080e+06,-7.69841100e+00,8.44597200e-17,-9.09580300e-19,-1.11720800e-16,-3.89898800e-16,-1.55194300e-17,5.36899000e-16,-6.02834100e-16,-1.52026900e-16,-7.31271900e-16,-4.44624900e-17,-1.45113700e-15,-4.70676400e-16,-6.41680200e-16,-7.20365400e-17,-9.45256500e-17,1.03098700e-16,-3.51506100e-17
1.64166080e+06,-7.69693100e+00,9.45331900e-17,5.15445900e-18,-5.20463000e-17,5.34530900e-17,-3.29779100e-16,-2.10023200e-16,-9.00436900e-16,-8.57329900e-16,-8.23632200e-16,-1.06614500e-15,-1.50052200e-15,-4.07014100e-16,-5.15857300e-16,-2.46021500e-16,-3.58610700e-17,1.88130400e-16,-3.46835500e-17
1.64566080e+06,-7.69564800e+00,5.97714300e-17,-2.77786300e-17,2.14566900e-16,-2.73172900e-16,4.31688200e-17,3.13048900e-16,-7.94207000e-16,7.01083700e-17,-4.27331000e-16,-3.01404400e-16,-1.00440900e-15,-3.53518200e-16,-8.02610800e-16,-1.73235800e-16,1.24415800e-16,1.34994300e-16,-5.24730300e-17
1.64966080e+06,-7.69454100e+00,3.71172000e-17,-8.05079800e-18,3.52010800e-17,1.30898800e-17,5.43719200e-17,-1.19162200e-16,-1.55041300e-15,-9.69080200e-18,-9.09337400e-16,-7.01474300e-16,-5.10811800e-16,-7.99695700e-16,-8.68395400e-16,3.49902600e-16,-1.54289800e-17,1.59226100e-16,-1.86460800e-17
1.65366080e+06,-7.69359400e+00,7.59050600e-17,-1.83123200e-17,1.21913900e-16,-1.07268600e-16,-6.47196700e-17,3.51782000e-17,-7.40543700e-16,-1.65742900e-17,-7.39483700e-16,2.97994700e-16,-1.04983100e-15,-9.09589500e-16,-8.41248200e-16,-1.55648700e-17,-1.40041800e-16,1.81380700e-16,-5.65352500e-17
1.65766080e+06,-7.69278600e+00,1.06129800e-16,5.26512400e-18,-5.69714500e-17,-4.68312300e-16,1.87823600e-16,-1.85569500e-17,-4.01245600e-16,-6.44670900e-17,-3.61059700e-16,-7.70215600e-16,-6.62091800e-16,-9.85630500e-16,-3.94107600e-16,-2.11266200e-16,-2.36428900e-16,1.95272200e-16,-2.75356500e-17
1.66166080e+06,-7.69210200e+00,8.47781900e-17,-6.77683400e-17,-1.39802000e-16,6.93141100e-17,2.44426000e-16,8.23251900e-17,-1.06393900e-15,-7.17381800e-16,-2.08912800e-16,-5.79863800e-16,-1.16446600e-15,-3.50061900e-16,-8.80664800e-16,-5.12635800e-16,-2.49151500e-16,1.19907500e-16,-1.51586300e-17
1.66566080e+06,-7.69152700e+00,9.50311600e-17,4.25155900e-17,2.10318500e-16,-3.12348000e-17,1.21661400e-16,1.08074900e-16,-3.33470900e-16,-2.15546700e-16,-4.78370200e-16,2.10984800e-16,-7.91782800e-16,-3.98644300e-16,-4.69846600e-16,-1.79510400e-16,9.10023900e-18,1.40696700e-16,-2.07337700e-17
1.66966080e+06,-7.69104700e+00,9.17623000e-17,-1.01439800e-17,4.45325400e-17,-7.88409000e-17,2.28908000e-16,2.69475000e-16,-6.00539200e-16,-6.74512900e-16,-3.75189600e-16,3.22641100e-17,-2.99693500e-16,-9.29520700e-16,-2.19601200e-16,-4.79365400e-16,-8.20918400e-17,1.39189100e-16,-5.49741100e-17
1.67366080e+06,-7.69065300e+00,7.57729200e-17,2.34828100e-18,-8.28182900e-17,-1.95985500e-16,-2.38819800e-16,9.73151800e-17,-4.06178800e-16,-2.43617000e-16,-6.20694600e-16,-1.75937000e-16,-1.01226800e-15,-7.62766600e-16,-3.60677000e-16,-4.68066800e-16,-2.19954900e-16,1.36342400e-16,-6.15752900e-17
1.67766080e+06,-7.69033400e+00,6.63541100e-17,-2.30590800e-17,5.47471100e-18,-2.47879900e-16,-8.87523500e-18,5.16064300e-16,-1.20005300e-15,-1.02868900e-15,-1.12901700e-15,-7.03489300e-16,-1.08557500e-15,-5.71613800e-16,-1.16452800e-16,-5.35872600e-16,-2.53421000e-16,2.29562300e-16,-5.71717500e-17
1.68166080e+06,-7.69008300e+00,8.07433200e-17,-3.34015200e-18,9.14546700e-17,-5.55265500e-17,-3.01013600e-17,9.58201800e-17,-1.39447500e-15,-3.35453000e-16,-6.95988300e-16,-3.84410200e-17,-1.29968500e-15,-1.20109100e-15,-8.46043700e-16,8.12971900e-17,-2.79358400e-16,2.12792600e-16,-5.44067800e-17
1.68566080e+06,-7.68989700e+00,7.92300600e-17,2.52375500e-17,2.00737000e-16,-2.92177800e-16,-1.08868500e-16,2.30943700e-16,-6.55572400e-16,-1.61955200e-16,-2.46562000e-17,-1.86668700e-16,-5.93034800e-16,-5.64960400e-16,-2.41867100e-16,-1.59402500e-16,-3.85242100e-17,2.43243200e-16,-3.81880600e-17
1.68966080e+06,-7.68977200e+00,8.03062000e-17,-1.75297100e-17,5.76684400e-17,-3.41589100e-16,-4.06073600e-17,3.07258600e-17,-1.13256400e-15,-3.88123800e-16,-8.61344900e-16,-5.20952000e-16,-1.27282500e-15,-7.45529500e-16,-3.42003600e-16,4.60680700e-17,1.33863700e-16,1.96251200e-16,-2.01735500e-17
1.69366080e+06,-7.68970900e+00,6.57024000e-17,-1.60798900e-17,1.21999000e-16,-4.79496000e-16,1.16583800e-16,-4.23757100e-16,-4.14292600e-16,3.22785600e-16,-1.05828600e-15,-2.79814900e-16,-4.65323800e-16,-6.27647000e-16,-4.44277100e-16,-3.50018500e-16,-2.37452700e-16,1.65575300e-16,-3.90188000e-17
1.69766080e+06,-7.68971200e+00,9.08201300e-17,1.32561400e-17,3.57080900e-17,3.00750300e-17,2.54081400e-16,3.40428900e-16,-8.45020500e-16,-4.20910600e-16,-2.58383300e-16,-2.88963100e-16,-8.62515700e-16,-5.65988400e-16,-4.10160100e-16,-3.72890300e-16,-7.86552900e-17,2.41456300e-16,-6.81408100e-17
1.70166080e+06,-7.68978600e+00,8.48724800e-17,5.82178300e-18,-8.18241400e-17,4.22438100e-17,-1.30194900e-17,2.53547200e-16,-9.23282600e-16,-6.90870100e-16,-3.11983200e-16,-7.85042300e-17,-5.07525500e-16,-5.96341800e-16,-8.78771900e-16,-2.55913100e-16,-1.00614300e-16,2.84111100e-16,-4.68508000e-17
1.70566080e+06,-7.68993900e+00,7.87602500e-17,7.96872300e-18,7.91854800e-17,-1.63867200e-16,3.97702200e-17,-9.45100000e-17,-2.52326300e-16,-4.31948000e-16,-9.50711300e-16,-1.33150900e-16,4.48809900e-18,-1.05209600e-15,-2.21779200e-16,-4.55660100e-16,-3.35914500e-16,2.38153700e-16,-3.21612500e-17
1.70966080e+06,-7.69018400e+00,8.48512600e-17,1.35360700e-17,7.92832200e-17,-9.77314500e-18,1.62425800e-16,-2.77148800e-16,-8.95391600e-16,-6.11103000e-16,-4.88269200e-16,-9.52795100e-16,-1.56525200e-15,-2.46576500e-16,-3.00715900e-16,-3.17064600e-16,-4.36900600e-16,3.19883500e-16,-3.58454200e-17
1.71366080e+06,-7.69053600e+00,9.74658800e-17,2.37041100e-17,3.32404900e-17,-5.34420600e-17,1.88387200e-16,-2.77112100e-16,-2.70202100e-16,-5.62748100e-16,-1.21247700e-15,-1.76713200e-16,-9.58244200e-16,-6.14973900e-16,-7.45984700e-16,-3.50526800e-16,-1.99342300e-16,2.94727100e-16,-5.99977200e-17
1.71766080e+06,-7.69101400e+00,7.56729600e-17,2.44996300e-17,-7.91172900e-17,-1.56458300e-17,-2.53311100e-16,5.17473900e-16,-4.57866000e-16,9.19665200e-17,-6.93634800e-16,1.84152800e-16,-5.98609800e-16,-6.01532400e-16,-4.57214500e-16,-7.84584900e-17,-2.41291600e-16,2.64123000e-16,-4.06333000e-17
1.72166080e+06,-7.69164300e+00,9.25910900e-17,-1.74270900e-17,-1.92416700e-16,-1.47969900e-16,-1.23626300e-17,-2.35885900e-16,-1.16132000e-15,4.42282500e-17,-7.00669500e-16,-2.27493800e-16,-8.13222600e-16,-2.67890800e-16,-1.47220800e-16,-3.85910900e-16,-3.46462100e-16,2.76929100e-16,-3.75645800e-17
1.72566080e+06,-7.69245000e+00,6.01586300e-17,-1.88543900e-17,-9.07404300e-17,-1.38715000e-16,-6.50271700e-17,2.25233100e-16,-9.54389700e-16,-3.58924200e-16,-6.78654000e-16,-5.27003800e-16,-5.83983800e-16,-9.36422700e-16,-1.26324200e-16,-1.61554500e-16,-2.54435500e-16,3.26653900e-16,-4.54943300e-17
1.72966080e+06,-7.69346700e+00,7.16253800e-17,8.92188200e-18,2.85758000e-18,9.35398100e-18,-2.96715600e-17,2.72781700e-16,-6.75035100e-16,-9.83475300e-16,-8.16136600e-16,-9.14283600e-16,-1.48918400e-15,-7.17886000e-16,-2.28186600e-17,-3.71716900e-16,-2.25580800e-16,2.65041300e-16,-5.78841400e-17
1.73366080e+06,-7.69473100e+00,8.09906100e-17,-8.52944300e-17,-2.19987600e-16,-1.29798300e-16,-1.80709500e-16,2.07601600e-17,-5.88702300e-16,2.96223600e-16,-5.73223400e-16,-1.68994200e-16,-1.07186100e-15,-6.37887800e-16,-2.49528900e-16,-6.91388800e-16,-3.34470500e-16,2.90803700e-16,-4.44514600e-17
1.73766080e+06,-7.69628600e+00,5.95492900e-17,-3.50751600e-17,-2.87770600e-17,-2.69531000e-16,-4.75616100e-16,7.73770400e-17,-7.89126700e-16,-2.17360400e-16,-5.51464000e-16,-4.45840900e-16,-7.56429700e-16,-8.01078500e-16,-5.12406500e-16,-5.70242100e-16,-2.11653100e-16,3.05191000e-16,-3.87461500e-17
1.74166080e+06,-7.69817900e+00,9.30320500e-17,8.19895700e-18,-7.10004300e-17,-9.49076400e-17,3.62883600e-16,-1.87672100e-16,-1.04549500e-15,-8.64478100e-16,-6.08231000e-16,-3.69156000e-16,-4.71475700e-16,-5.90681100e-16,-4.82875800e-17,-2.24924100e-16,-7.11012200e-17,2.79554200e-16,-4.69542100e-17
1.74566080e+06,-7.70046100e+00,8.27710600e-17,2.60771800e-17,1.43458300e-16,-6.58254900e-16,-1.37437300e-16,-3.06729200e-16,-6.85499500e-16,-2.91855700e-16,-8.91813800e-16,-1.26963300e-15,-5.87368700e-17,-3.13721700e-16,-4.62251200e-16,-3.10995200e-16,-9.37907500e-17,3.33230300e-16,-7.39393900e-17
1.74966080e+06,-7.70319000e+00,7.43281500e-17,-5.09679000e-17,1.76895800e-16,-6.58795500e-17,-6.16766700e-17,4.45930600e-17,-4.89081600e-16,2.03526800e-16,-7.28076200e-16,-8.18431900e-16,-1.29678400e-16,-4.55303900e-16,-2.20468300e-16,-4.34087400e-16,-3.89058100e-16,3.03201500e-16,-5.09716100e-17
1.75366080e+06,-7.70642600e+00,9.92518000e-17,-1.12466800e-17,2.60407200e-17,1.84675000e-16,-2.13188300e-16,3.07751100e-16,-9.13652500e-18,-1.93079100e-16,-3.49552400e-17,-5.91304200e-16,-8.20383400e-16,-9.41588900e-16,-3.02915000e-16,-8.66887200e-17,-9.78402800e-17,3.64808600e-16,-4.08930300e-17
1.75766080e+06,-7.71023000e+00,9.49041800e-17,3.37659200e-17,5.17146500e-17,-5.67859900e-17,2.02047900e-17,-7.43491100e-17,-6.66889000e-16,-6.80260300e-16,-7.10558600e-17,-1.30770200e-15,-1.36210900e-15,-3.72830100e-16,-4.25524900e-16,-1.07057100e-15,-4.58048700e-16,3.29046100e-16,-6.76076600e-17
1.76166080e+06,-7.71466600e+00,1.16267900e-16,3.51786500e-18,7.36739600e-17,-3.83500700e-16,7.09518000e-17,-5.61962200e-18,-8.96002700e-16,-4.89643600e-16,-9.84122300e-16,-5.54082300e-18,-9.19715700e-16,-9.00676900e-16,-8.73704200e-16,-4.59891000e-16,-1.73732900e-16,3.88900300e-16,-3.18266400e-17
1.76566080e+06,-7.71979500e+00,8.21861100e-17,-1.08048100e-17,-5.29844900e-17,-6.69715100e-18,5.76623700e-17,-3.09814600e-16,-8.57358100e-16,1.68043200e-16,-4.02205400e-16,-1.14869500e-15,-6.24878800e-16,-5.54867400e-16,-5.16958000e-16,-1.77635300e-16,-5.07158600e-16,3.08252800e-16,-6.05013200e-17
1.76966080e+06,-7.72567300e+00,8.47069900e-17,-4.26744000e-17,6.16669600e-17,-4.79806100e-16,-5.15015000e-17,5.40394200e-16,-1.13758500e-15,-6.17541300e-16,-1.20576400e-16,-2.43959500e-16,-1.10297500e-15,-1.03029400e-15,-4.39782100e-16,-7.22050900e-16,-3.09993700e-16,3.36685300e-16,-5.91572700e-17
1.77366080e+06,-7.73235100e+00,8.61512000e-17,-2.24095600e-17,2.73136100e-17,-2.69738800e-16,3.29656300e-16,-2.02818300e-17,-1.24759500e-15,-4.75693100e-16,-9.32661600e-16,-4.58200800e-16,-8.25742500e-16,-4.84752800e-16,7.17523900e-17,-4.37726500e-16,-2.11184400e-16,4.16654000e-16,-6.95418100e-17
1.77766080e+06,-7.73986700e+00,8.02507800e-17,1.15137200e-17,1.03821500e-16,-3.74583100e-16,-1.36172100e-16,3.96892500e-16,-1.46467600e-15,-1.74358700e-16,-7.83475900e-16,-1.34623500e-15,-1.07425900e-15,-1.05373300e-15,-8.40910000e-16,-2.04594800e-16,-2.85137100e-16,3.71707200e-16,-5.51760100e-17
1.78166080e+06,-7.73898400e+00,1.12074500e-16,2.44235100e-17,1.83681900e-17,-1.66177900e-16,9.56399700e-17,-9.76968600e-17,-1.02761900e-15,8.91117700e-19,-3.34378000e-16,-6.12517500e-16,-4.04665500e-16,-3.32929900e-16,-3.95292000e-16,-5.81639500e-16,-1.67216200e-16,4.15361200e-16,-1.44966700e-17
1.78566080e+06,-7.73759300e+00,9.10594200e-17,-2.24471400e-17,2.80836000e-16,-1.16596800e-16,-1.99878200e-16,-6.82811000e-16,-6.40277600e-16,-1.30021400e-16,-1.62981600e-16,-6.89012600e-16,-8.06307900e-16,-1.05244300e-15,-2.44385400e-16,-7.11603000e-16,-1.94626200e-16,3.73179300e-16,-5.48645000e-17
1.78966080e+06,-7.73628000e+00,1.14723600e-16,2.57785000e-17,1.35318700e-16,3.07881300e-17,-5.38355200e-16,1.29154500e-16,-9.61572000e-17,-3.00015800e-16,-8.42532500e-16,3.54964400e-16,-1.11810100e-15,-7.14869100e-16,-2.24371400e-16,-4.59835500e-16,-9.37958400e-17,4.54274300e-16,-4.05011300e-17
1.79366080e+06,-7.73504200e+00,1.11058900e-16,-8.28602500e-17,-4.34421300e-17,-3.48915800e-16,-2.13478800e-16,1.26421400e-16,-1.26532200e-15,-3.07232200e-16,-6.58597000e-16,-1.30200700e-15,-6.05819200e-16,-6.94055100e-16,-1.13411500e-16,-5.54395100e-16,-3.32996800e-16,3.42052700e-16,-5.71457100e-17
1.79766080e+06,-7.73387600e+00,9.64776800e-17,1.16694200e-17,6.98506300e-17,-7.56416200e-17,-6.78011900e-17,-4.12971600e-16,-1.09652600e-15,-4.87905100e-16,-1.01056800e-16,-7.16846800e-16,-3.70157300e-16,-6.06959600e-16,-1.92531200e-16,-2.74450100e-16,-2.19039400e-16,5.20503000e-16,-6.60247200e-17
1.80166080e+06,-7.73278000e+00,1.31932800e-16,1.49097700e-17,-6.25988400e-17,-4.04698200e-16,-1.33789600e-17,-4.50875200e-16,-1.56275900e-15,-3.49475800e-16,-4.01814400e-16,-2.51792700e-16,-5.40591600e-16,-3.13330600e-16,-6.04577900e-16,-8.45559200e-16,-2.81212700e-16,4.76671000e-16,-5.10780700e-17
1.80566080e+06,-7.73174700e+00,6.44866200e-17,-1.92980500e-17,-9.41863300e-17,-1.46534300e-16,-1.75668700e-16,-5.08790200e-16,-1.60842200e-15,-3.46617000e-16,-5.87324000e-16,-6.54903900e-16,-6.27944900e-16,-1.53536100e-16,-4.45263800e-16,-9.98462700e-16,-3.71494100e-16,4.17666900e-16,-6.21423100e-17
1.80966080e+06,-7.73077300e+00,9.13358000e-17,-8.80728500e-19,-3.26030200e-17,-2.59928400e-16,2.24380000e-17,7.44259500e-17,-9.82517600e-16,-2.70809800e-16,-4.36789000e-16,-6.45316000e-16,-6.19064700e-16,-3.94050400e-16,-4.83840000e-16,-9.83491300e-16,-4.35106200e-17,4.77903500e-16,-6.23696900e-17
1.81366080e+06,-7.72985400e+00,1.06166500e-16,2.71693200e-17,1.78041100e-16,-6.10469600e-18,-1.51025400e-16,-1.32052100e-16,-5.79183600e-16,-6.91404300e-16,-3.91144800e-16,2.71551200e-17,-6.33852300e-16,-5.75171400e-16,-6.67082500e-16,-7.98160900e-16,-1.81893900e-16,4.83994000e-16,-6.42170100e-17
1.81766080e+06,-7.72898200e+00,1.08508300e-16,-8.18827200e-18,-1.36928300e-16,-3.06392000e-16,-1.34340600e-16,-5.62914800e-16,-1.54093900e-15,-2.00406600e-16,-1.01319800e-15,-8.44790300e-16,7.46796700e-17,-6.25155900e-16,-5.92524900e-16,-1.03014000e-15,-1.53486700e-16,4.62459500e-16,-6.21454900e-17
1.82166080e+06,-7.72815500e+00,9.95829500e-17,-4.59401800e-18,1.63236900e-16,-4.64005900e-16,-5.75431400e-16,5.19374100e-16,-5.20799000e-16,1.28573300e-16,-3.31805800e-16,-2.87982600e-16,1.33519700e-16,-9.45060400e-16,-5.48499500e-16,-4.09278900e-16,-2.41399100e-16,5.53605700e-16,-5.09670800e-17
1.82566080e+06,-7.72736800e+00,1.00167300e-16,2.14223900e-17,-5.66258100e-17,8.77671700e-17,-4.47005200e-16,-2.61521900e-16,-2.99059700e-16,3.42638700e-17,-8.26055200e-16,1.01496000e-16,-1.20066200e-15,1.16507700e-16,-6.06169800e-16,-1.91097400e-16,-2.84983500e-16,4.88228000e-16,-4.51238700e-17
1.82966080e+06,-7.72661800e+00,1.05794300e-16,-5.91050600e-17,-1.02834400e-16,8.29889000e-17,-2.23313600e-16,-7.50957200e-17,-6.19375600e-16,-1.70664800e-16,-1.00470700e-15,-1.25143100e-15,2.31314200e-16,-2.98601200e-16,-4.38441200e-16,-3.94702700e-16,-1.81632800e-16,5.02341200e-16,-4.64253700e-17
1.83366080e+06,-7.72590300e+00,1.00701700e-16,2.52226300e-18,3.81185200e-17,-9.36048400e-17,2.45038400e-17,-2.89208800e-16,-9.24520100e-16,-1.39979200e-16,-4.35945000e-16,-5.83426400e-16,-4.84388800e-16,-6.47214500e-17,-3.10603500e-16,-5.41130400e-16,-3.97357700e-16,5.37565100e-16,-6.28390400e-17
1.83766080e+06,-7.72522200e+00,1.06846200e-16,-2.28672600e-17,-9.61951200e-17,5.23613600e-17,-8.87053000e-17,-8.39482800e-16,-6.33834900e-16,-5.78811800e-17,-7.50638400e-17,-3.61880300e-16,-4.17337300e-16,-6.54997000e-16,-5.36520300e-16,-7.57833500e-16,-2.18395800e-16,5.64415900e-16,-7.18393800e-17
1.84166080e+06,-7.72457900e+00,1.11987600e-16,4.58068200e-17,1.55289500e-16,-1.19894800e-16,-2.47361000e-16,3.25208300e-16,-1.61923600e-15,-1.05937800e-15,-1.05121900e-15,-8.52729600e-16,-4.32069500e-16,-6.59896400e-16,-5.93878600e-16,-8.76482800e-16,-8.44336300e-17,5.99310000e-16,-4.77284000e-17
1.84566080e+06,-7.72397500e+00,9.79355400e-17,-5.23303400e-17,-7.24537200e-17,-2.12808800e-16,-1.29685200e-16,2.57047000e-16,-9.37582500e-16,-5.30453800e-16,-1.85571300e-16,-4.12293700e-16,-8.78314000e-16,-3.15558200e-16,-6.51325800e-16,-1.03638800e-15,-3.50611500e-16,4.96155200e-16,-7.93025500e-17
1.84966080e+06,-7.72341700e+00,1.22552300e-16,-2.48905800e-17,1.03719200e-16,-3.78883200e-16,-2.12220800e-16,2.72621900e-18,-3.53219700e-16,-1.10857300e-16,-5.16483100e-16,-3.20406300e-16,-3.83229200e-16,-1.45476100e-16,-5.11764400e-16,-7.53516400e-16,-2.65979100e-16,6.15382700e-16,-3.04766400e-17
1.85366080e+06,-7.72291300e+00,1.18505400e-16,-1.76289900e-17,-2.05144400e-17,1.06853400e-16,-3.00546700e-16,7.01230000e-17,-1.00685100e-15,-2.12099800e-16,-4.21966700e-16,-9.16954900e-16,-9.38952600e-16,-4.12989900e-16,-1.88513300e-16,-9.41142500e-16,-3.64480000e-16,5.08690200e-16,-7.02919500e-17
1.85766080e+06,-7.72247500e+00,9.19649300e-17,-4.46459900e-17,1.10548500e-16,-3.99343500e-16,-1.54480000e-16,1.97590600e-16,-7.74189900e-16,-5.80777400e-16,-4.66822800e-16,-3.44113700e-16,-1.88590800e-16,-3.27984200e-16,-3.75911600e-16,-8.84967300e-16,-1.90159900e-16,4.96812700e-16,-7.10937000e-17
1.86166080e+06,-7.72211700e+00,1.01310900e-16,2.85142400e-17,-1.05781800e-16,-3.77508300e-17,-2.12424200e-16,-3.33804500e-16,-1.21137600e-15,-2.51264900e-16,-6.54434100e-16,-1.31364300e-15,1.90541000e-16,-4.56999000e-16,-6.97159100e-16,-6.08285000e-16,-2.53398000e-16,6.21498700e-16,-5.95561200e-17
1.86566080e+06,-7.72185700e+00,1.33180800e-16,-7.56542300e-18,1.13347100e-16,2.00919800e-16,2.75435700e-16,1.04008200e-17,-1.08879800e-15,-2.37407700e-16,-9.86590200e-16,-5.70532100e-16,-4.63217900e-16,-6.40787300e-16,-2.44231100e-16,-8.51691800e-16,-7.55645100e-17,5.36357400e-16,-3.78928600e-17
1.86966080e+06,-7.72171500e+00,9.25534800e-17,-1.71353500e-17,3.00573000e-17,-2.31202700e-16,-2.11689300e-16,-4.57579800e-16,-7.76474400e-16,1.15202900e-16,-8.32663100e-16,2.74016500e-16,-6.39846200e-16,-8.18265500e-16,-2.40239200e-16,-7.61186700e-16,-1.84410800e-16,5.73968700e-16,-7.34886500e-17
1.87366080e+06,-7.72171800e+00,1.15519400e-16,-6.75577800e-17,8.60178800e-17,-3.99662100e-17,-2.11392400e-16,2.87921000e-16,-1.27615400e-16,9.43721800e-17,-7.43236400e-16,-1.65129200e-16,-6.91074900e-16,-3.43298700e-16,-4.42166000e-16,-5.91063000e-16,-1.07565600e-16,6.30174400e-16,-3.55164200e-17
1.87766080e+06,-7.72189300e+00,1.26492600e-16,-4.87696400e-17,-3.01821600e-16,8.31912200e-17,-2.07209700e-16,-2.48968400e-16,-6.99563600e-16,-6.10428900e-16,-5.64547900e-16,-1.16079100e-17,-3.64508600e-16,-7.60502000e-16,-5.27656600e-16,-7.72642900e-16,-3.83242100e-16,5.26383900e-16,-6.53879400e-17
1.88166080e+06,-7.72227600e+00,1.38673300e-16,-3.44905200e-17,-1.09703700e-17,-1.98180600e-16,-2.27069500e-16,-5.38741800e-16,-7.55801100e-16,-1.82689500e-16,1.28286400e-16,4.96964200e-16,-3.37783500e-16,-9.12158700e-16,-7.41224600e-16,-1.08002900e-15,-3.35455400e-16,5.09963500e-16,-1.05382800e-16
1.88566080e+06,-7.72290400e+00,1.13194400e-16,-2.87645300e-17,-2.28052900e-16,-7.06419600e-16,-3.91901200e-17,1.49322600e-16,-7.36678000e-16,3.81844800e-16,-3.41278700e-16,-4.71334100e-16,-1.00761900e-15,-7.65744200e-16,-3.75819000e-16,-8.29827100e-16,-1.24810400e-16,5.66306100e-16,-7.47211200e-17
1.88966080e+06,-7.72344400e+00,1.40397700e-16,1.79925700e-17,8.38162600e-17,1.53809700e-16,2.40624700e-16,2.59691400e-16,-8.85915300e-16,-4.02859200e-16,-8.04882000e-16,-1.17033700e-16,-4.94930800e-16,-6.69098800e-16,-3.70359800e-16,-9.76833100e-16,-8.23568500e-17,6.10996500e-16,-4.60785300e-17
1.89366080e+06,-7.72319800e+00,1.29834300e-16,-5.42258800e-17,-1.07542800e-16,-2.11538400e-16,-1.78283100e-16,-5.58498100e-16,-1.02657200e-15,1.77277000e-16,-3.73307100e-16,-7.67354000e-16,-7.73367200e-16,-6.27186800e-16,-3.57759100e-16,-6.32449000e-16,-1.15994300e-16,6.29160800e-16,-4.62320500e-17
1.89766080e+06,-7.72291800e+00,1.14514600e-16,3.27983600e-17,-1.42178100e-16,-2.93895200e-16,-9.78859400e-17,5.58919000e-17,-1.41582100e-15,-3.18326900e-16,-3.18739000e-16,-1.78445000e-16,-1.00355900e-15,-5.90147000e-16,-6.92897500e-16,-6.66020700e-16,-1.15795700e-16,6.22014200e-16,-6.92538700e-17
1.90166080e+06,-7.72260500e+00,1.34170800e-16,4.85883900e-17,-2.60608800e-16,-5.24161500e-16,-5.17028300e-16,4.76872200e-17,-8.25736400e-16,-9.96296000e-17,-6.37441300e-16,5.03775500e-17,-7.32855800e-16,-7.66711500e-16,-6.79595200e-16,-1.09039100e-15,-4.48118300e-16,6.01927000e-16,-7.67679100e-17
1.90566080e+06,-7.72226000e+00,1.30234600e-16,-2.73411000e-17,-5.48199100e-17,-4.62731600e-16,2.42732800e-16,-6.07957200e-16,-1.17044200e-15,3.09113400e-16,2.41364700e-17,-4.34313300e-16,-1.22106700e-15,-4.75001500e-16,-4.10194800e-16,-9.18789300e-16,-3.01333800e-17,6.89629500e-16,-8.77033000e-17
1.90966080e+06,-7.72188400e+00,1.15877600e-16,-2.80844400e-17,2.03502100e-17,-2.12484700e-17,-8.25839100e-17,-4.31865700e-16,-8.20632200e-16,1.62632600e-16,-4.33399300e-16,-6.64434200e-16,-9.33389100e-16,-3.77093500e-16,-2.99580500e-16,-9.79881300e-16,-2.86637400e-16,6.62027200e-16,-6.01206000e-17
1.91366080e+06,-7.72148300e+00,1.37420300e-16,2.08543500e-18,-1.29860100e-16,-2.42716900e-18,-2.12305300e-17,-1.15125300e-16,-7.40895400e-16,-3.78493800e-16,-2.32579600e-16,-4.22692100e-16,-6.12606900e-16,-2.91883600e-16,-5.11620100e-16,-1.27309100e-15,-1.20375800e-16,6.96755600e-16,-5.33711800e-17
1.91766080e+06,-7.72106300e+00,1.18863400e-16,5.94548700e-17,-1.74793500e-16,-1.64545700e-16,5.46443000e-17,-3.98908300e-16,-8.06266800e-16,4.88901000e-17,-7.25688100e-16,-7.67268200e-16,-1.04817600e-15,-8.03103000e-16,-9.00779000e-16,-7.39111200e-16,-1.42369800e-16,6.84443100e-16,-6.54616500e-17
1.92166080e+06,-7.72063200e+00,1.15156900e-16,5.50110900e-17,1.80353100e-16,1.57449100e-16,1.21614800e-16,-1.48567700e-16,-1.06676800e-15,1.81419700e-16,-5.15105500e-16,-6.71149400e-16,-7.47877800e-16,-7.69404400e-16,-6.49055800e-16,-6.90165300e-16,-1.37068600e-16,7.04938800e-16,-8.63050600e-17
1.92566080e+06,-7.72019900e+00,1.06422400e-16,-2.13977900e-17,5.15420300e-17,-4.22335400e-16,-1.11262700e-16,-6.44219200e-16,-8.18058900e-16,2.17726000e-16,-9.70056000e-16,-8.25972100e-16,-1.10669800e-15,-8.21257300e-16,-5.54081800e-16,-1.03835400e-15,-3.37403800e-16,7.13843500e-16,-6.13497200e-17
1.92966080e+06,-7.71977700e+00,1.29429600e-16,-3.47384300e-17,-2.78074200e-16,-6.12920600e-17,-2.04728900e-16,-9.58296200e-17,-1.72998200e-15,6.67062300e-16,-4.91807600e-16,-2.55627400e-16,-8.16333300e-16,-8.07745000e-16,-6.10386400e-16,-9.18811100e-16,-4.26327800e-16,6.21668700e-16,-6.06024300e-17
1.93366080e+06,-7.71938100e+00,1.09970500e-16,4.30972800e-18,-2.77439200e-16,-3.30416500e-16,-5.24748400e-16,1.42922400e-16,-9.67508400e-16,1.18276200e-16,-5.42658700e-16,-1.43527300e-16,-1.13593700e-15,-5.60769900e-16,-5.65220800e-16,-1.08113100e-15,-3.88690400e-16,6.47548800e-16,-3.77649400e-17
1.93766080e+06,-7.71902700e+00,1.34917900e-16,-4.07443200e-19,1.24331500e-16,-3.03645300e-16,2.13096500e-16,8.92024300e-17,-7.37318100e-16,-4.94423900e-17,-9.52753800e-16,-4.53089900e-16,-8.47505800e-16,-8.85240700e-16,-5.29807200e-16,-8.33947100e-16,-1.24158800e-16,6.57168500e-16,-7.85458000e-17
1.94166080e+06,-7.71873600e+00,1.35665100e-16,-9.71199200e-17,-4.10801300e-16,-3.96537900e-16,2.03746300e-16,-7.93309100e-17,-9.32027700e-16,-9.74618700e-16,-5.23833100e-16,-1.16517200e-15,-7.10973900e-16,-5.84852900e-16,-6.91932100e-16,-1.07900200e-15,-3.18149900e-16,7.68085200e-16,-8.99988700e-17
1.94566080e+06,-7.71852900e+00,1.38819800e-16,5.36693400e-17,-1.58683600e-16,-4.56103200e-16,-1.71804600e-17,-5.46452400e-16,-8.60709000e-16,-2.88994100e-16,-2.07997700e-16,-2.53849100e-16,-1.13878200e-15,-3.68945800e-16,-3.33194400e-16,-1.29157600e-15,-2.84334600e-16,6.81430500e-16,-5.87184900e-17
1.94966080e+06,-7.71843300e+00,1.36865900e-16,1.36053600e-17,-3.11785600e-16,-3.29150400e-16,1.67283200e-16,-1.88787200e-16,-9.44564100e-16,-1.68509900e-16,-5.60264000e-16,-8.35287700e-16,-8.20342700e-16,-8.29459600e-16,-2.03570200e-16,-1.23855000e-15,-1.96871600e-16,7.69483400e-16,-4.33476800e-17
1.95366080e+06,-7.71847600e+00,1.44709400e-16,-1.45400400e-17,-2.00349100e-16,-2.35959400e-16,2.13029600e-16,-1.27922800e-16,-6.45311500e-16,3.23387000e-16,-3.10992700e-16,-5.56724400e-16,-1.98517100e-16,-9.65975700e-16,-6.86284900e-16,-7.83299200e-16,-3.18944300e-16,7.05056900e-16,-4.10562200e-17
1.95766080e+06,-7.71869200e+00,1.22779200e-16,-7.40082900e-17,-1.04832100e-16,-1.68829700e-16,-2.93837800e-16,-4.70241200e-16,6.57464700e-17,-2.76011200e-16,-1.14969200e-15,-8.91182700e-17,-4.21578300e-16,-4.77119600e-16,-7.48145100e-16,-6.69846000e-16,-2.87127100e-16,7.68297400e-16,-5.15136800e-17
1.96166080e+06,-7.71911500e+00,1.43288500e-16,2.35912800e-18,-1.03428300e-16,-1.26046500e-16,1.56773500e-16,-4.80850700e-16,-1.48649600e-15,-7.93979000e-16,-4.86205400e-16,-2.78929500e-16,-4.29579600e-16,-2.73760700e-16,-3.21932300e-16,-1.28430700e-15,7.20067500e-19,7.63126200e-16,-3.49486500e-17
1.96566080e+06,-7.71978600e+00,1.41413300e-16,-1.18117900e-18,-5.69528400e-17,2.32868900e-16,9.02073100e-17,-2.96517100e-16,-4.03216800e-16,2.60502700e-17,-6.87670100e-16,-1.73036300e-16,-5.93280700e-16,-1.07260200e-15,-2.92969200e-16,-1.01477100e-15,5.35219900e-17,7.96939700e-16,-3.96946500e-17
1.96966080e+06,-7.72074800e+00,1.31050500e-16,2.75749600e-17,-2.13458500e-16,3.04308800e-17,2.65779700e-17,1.16011800e-16,-8.56106900e-16,-2.92408300e-16,-2.01207200e-16,-5.26506000e-16,-4.60175300e-16,-8.23113000e-16,-3.20715700e-16,-1.15130800e-15,-3.01159500e-16,8.39023200e-16,-6.46738200e-17
1.97366080e+06,-7.72205100e+00,1.58410900e-16,-2.43990900e-17,-6.03708600e-16,-1.78851500e-16,1.37383500e-16,-1.22848000e-17,-4.08652300e-16,-6.18376600e-16,-3.51297300e-16,-6.73806200e-16,-6.02010100e-16,-4.20486400e-16,-5.09011500e-16,-7.50001000e-16,-6.66118400e-16,7.77658300e-16,-8.32766000e-17
1.97766080e+06,-7.72374300e+00,1.27428000e-16,2.92342500e-18,-1.38259500e-16,1.41390000e-17,5.12519300e-16,-1.16235600e-16,-1.18892700e-15,-7.04995800e-16,-7.40828300e-16,-1.02610700e-15,-1.10579500e-15,-1.03379200e-15,-6.94379600e-16,-1.36684400e-15,-1.00334300e-16,9.39472200e-16,-2.79526400e-17
1.98166080e+06,-7.72588100e+00,1.42289000e-16,3.94685500e-17,-1.00063200e-16,-1.21097200e-16,-5.78422300e-17,1.19717100e-16,3.12964500e-16,-3.57259200e-16,-7.17503800e-16,-1.47996200e-15,-5.13472300e-16,-6.68033400e-16,-3.55288300e-16,-1.15038700e-15,-1.51612600e-16,8.21325900e-16,-5.00980500e-17
1.98566080e+06,-7.72852000e+00,1.47967300e-16,1.69597400e-17,-2.70054200e-16,-2.04741100e-16,-2.04012600e-16,-1.28803000e-16,-2.84862500e-16,-8.66642300e-16,-5.46899500e-16,-5.92805200e-16,-1.09316400e-15,-2.28194800e-16,-4.91151800e-16,-8.06792200e-16,-3.04131900e-16,8.67324300e-16,-5.25664600e-17
1.98966080e+06,-7.73171800e+00,1.68627100e-16,-5.19055900e-17,-4.88711000e-17,-8.08815900e-17,3.14330500e-16,-3.17195100e-16,-9.70006300e-16,-2.13980400e-16,-2.99532100e-16,-5.72709200e-16,-7.82949400e-17,-4.48708200e-16,-4.45249800e-16,-7.15927700e-16,-4.94028200e-16,8.18772200e-16,-7.44926400e-17
1.99366080e+06,-7.73553300e+00,1.60159700e-16,4.96087900e-17,-2.46192400e-16,-2.50896000e-16,2.56617800e-16,-3.93428300e-17,-2.10239000e-16,-7.97535800e-16,-5.68492000e-16,-5.13581500e-16,-7.84639000e-16,-4.94682100e-16,-2.81793800e-16,-1.14464900e-15,-1.47780700e-16,7.61711600e-16,-5.64257800e-17
1.99766080e+06,-7.74002000e+00,1.34671300e-16,-9.10025600e-17,-3.52307900e-17,-2.04399800e-16,2.03097300e-16,-5.23952300e-16,-8.04652200e-16,-1.56732500e-16,-6.83060200e-16,-6.27332500e-16,-4.98793300e-16,6.39750600e-17,-7.22785600e-16,-9.45297400e-16,-3.80256900e-17,8.10196200e-16,-6.91955800e-17
2.00166080e+06,-7.74523100e+00,1.50306600e-16,-7.41719300e-17,-1.71379800e-16,-2.27425600e-16,3.84093500e-16,-5.94423600e-16,-8.81392000e-16,-4.06381100e-16,-9.49596900e-16,-7.44422400e-16,-1.03827000e-15,-9.14445200e-16,-5.39105900e-16,-1.14175300e-15,-4.71715200e-16,8.40863300e-16,-5.57440600e-17
2.00566080e+06,-7.75121000e+00,1.92011700e-16,3.28775700e-17,9.47574100e-17,-5.15763300e-17,1.60266000e-16,-7.00879600e-17,-5.15221400e-16,-1.32316700e-15,-3.07078400e-16,-1.05866400e-15,-7.16175200e-16,-7.35933000e-16,-2.80784800e-16,-1.22783300e-15,-2.40329200e-16,9.11764200e-16,-5.06626800e-17
2.00966080e+06,-7.75799300e+00,1.58767400e-16,2.98644200e-17,-2.56236200e-17,1.37212600e-16,-2.00261400e-17,-5.05959100e-16,-6.70041600e-16,-1.14916600e-16,-5.07242900e-16,-4.60634600e-16,-1.09830400e-15,-1.05332600e-15,-6.08776300e-16,-9.59233500e-16,-1.66945600e-16,8.79790100e-16,-8.23548300e-17
2.01366080e+06,-7.76541300e+00,1.66929900e-16,-7.52232000e-17,-1.26008800e-16,1.00237600e-17,2.17741400e-16,-1.76616500e-17,-3.01162000e-16,-8.90422800e-16,-8.41398100e-16,4.37058200e-16,-1.01197400e-15,-5.81828900e-16,-1.63000000e-16,-1.33027800e-15,-9.97397100e-17,7.31525300e-16,-8.29218400e-17
2.01766080e+06,-7.76258100e+00,1.42247700e-16,-1.69529900e-17,-2.79518800e-17,-4.77364600e-16,2.87231600e-16,-1.19659400e-16,-1.12215300e-15,-6.18694700e-16,-9.97887100e-16,-8.90931500e-16,-2.57443100e-16,-7.82965600e-16,-2.27093900e-16,-1.37531600e-15,-2.22125800e-16,8.61459700e-16,-6.27643200e-17
2.02166080e+06,-7.76004200e+00,1.92587000e-16,8.31167800e-17,-2.72791000e-16,-1.54448200e-16,1.67138800e-16,9.48532100e-17,-9.80007900e-16,-5.49110600e-16,-4.09459200e-16,-4.09963600e-16,-8.17749100e-16,-4.12781300e-16,-3.09931700e-16,-1.13432700e-15,-3.87679100e-16,9.16626600e-16,-2.82874000e-17
2.02566080e+06,-7.75779500e+00,1.52551100e-16,-8.35479300e-17,-1.67079100e-16,-3.34967300e-16,-1.85902400e-16,2.74412000e-18,-5.56040800e-16,-1.46454400e-17,-5.97571000e-16,-7.76695700e-16,-4.65905000e-16,-4.13879000e-16,-6.08204800e-16,-1.30674500e-15,-2.57090300e-16,9.09752000e-16,-6.89768300e-17
2.02966080e+06,-7.75583700e+00,1.46845700e-16,-4.49997500e-18,-3.45780600e-17,-1.01605100e-16,3.29883600e-16,3.30984800e-16,-5.74842200e-16,-8.81328600e-16,-8.13345400e-17,-5.88396200e-16,-9.03624400e-17,-9.47496600e-16,-1.09605500e-16,-9.12666500e-16,-3.30548500e-16,9.49364000e-16,-4.47311100e-17
2.03366080e+06,-7.75416200e+00,1.58746700e-16,-2.47799800e-17,-3.73363400e-16,-2.34111300e-16,1.82914900e-16,-2.71566200e-17,1.03857600e-16,-3.22753700e-16,-4.49368500e-16,-3.24732100e-17,-1.02539500e-15,-5.09910400e-16,-5.69975700e-16,-1.12665800e-15,-2.37606300e-16,9.22468300e-16,-3.47370300e-17
2.03766080e+06,-7.75276300e+00,1.80530300e-16,7.71411100e-17,-2.46009300e-16,5.83252000e-18,6.26516200e-16,-3.02398800e-16,-9.17993500e-16,-8.09035900e-16,-8.95988400e-16,-4.50230500e-16,-4.80800300e-16,-9.27875100e-16,-3.78019200e-16,-9.02602800e-16,-6.92812300e-17,9.50070300e-16,-3.76989600e-17
2.04166080e+06,-7.75163100e+00,1.75340700e-16,1.13796200e-16,5.17269600e-18,-3.62303400e-16,-3.34906600e-17,-2.07110600e-17,-4.34299900e-16,-3.27523000e-16,-1.50445000e-15,-3.46962400e-16,-5.23015500e-16,-6.59891000e-16,-4.73725500e-16,-1.05194300e-15,-2.82773200e-16,9.52151100e-16,-4.83005200e-17
2.04566080e+06,-7.75075400e+00,1.60567200e-16,5.85525100e-18,-1.61479300e-16,-1.86314200e-16,2.98303000e-16,-6.77296400e-16,-8.72143000e-16,5.16053700e-17,-2.11369300e-16,-6.57487300e-16,-6.22776200e-16,-7.12766800e-16,-1.73872000e-16,-9.57376700e-16,-2.22355700e-17,9.78863000e-16,-3.06890200e-17
2.04966080e+06,-7.75012000e+00,1.80823000e-16,-3.06749900e-17,-3.27147200e-16,-3.89374700e-16,1.71160600e-16,-3.04832400e-16,-1.43896400e-15,-3.69719500e-17,-1.03993100e-15,-3.37784100e-16,-1.15214000e-15,-6.14930600e-16,-6.60443300e-16,-1.58665100e-15,-1.32682100e-16,9.59332700e-16,-7.53517400e-17
2.05366080e+06,-7.74971200e+00,1.56656400e-16,-7.47811200e-17,-2.42118200e-16,-1.46065800e-16,1.96402700e-16,-4.18890500e-16,2.60148300e-17,-9.22723200e-16,-5.23453100e-16,2.23357400e-16,-3.97701500e-16,-7.83144200e-16,-6.09234400e-16,-1.24010100e-15,-4.81050000e-16,9.21662900e-16,-6.27672800e-17
2.05766080e+06,-7.74951600e+00,1.75341300e-16,1.89472800e-17,1.75550500e-16,-2.96027500e-16,7.71330700e-17,-2.01500200e-16,-1.02171300e-15,-8.81360300e-16,-8.42782600e-16,-9.77094600e-16,-1.39803300e-15,-8.36231100e-16,-3.56890100e-16,-1.37779900e-15,-3.08034500e-16,1.00196900e-15,-4.05360400e-17
2.06166080e+06,-7.74951200e+00,1.58677000e-16,-7.07421000e-17,-2.48360400e-16,-7.48180500e-17,-3.83976200e-16,-2.56438400e-16,-2.93891500e-16,-7.63685900e-16,-9.30388400e-16,-6.04660500e-16,-5.88028600e-16,-4.17254700e-16,-5.57587500e-16,-9.65777500e-16,-1.68411300e-16,9.53228800e-16,-4.22459000e-17
2.06566080e+06,-7.74968500e+00,1.81683400e-16,-9.41834800e-18,-1.57021400e-16,-1.29996700e-16,4.31562300e-16,2.17633200e-17,-7.03747500e-16,1.62100300e-17,-6.27071500e-16,-6.59840700e-16,-6.47457700e-16,-1.06230500e-15,-5.31346000e-16,-1.06563000e-15,-5.50397900e-16,1.07279200e-15,-4.48902900e-17
2.06966080e+06,-7.75001500e+00,1.73906200e-16,-4.47347100e-17,-3.62124200e-16,8.82423900e-17,3.81055000e-17,4.17198900e-17,-7.30977100e-16,-8.71038900e-16,-7.46101800e-16,-8.54922900e-16,-1.65099300e-16,-5.53931600e-16,-3.18342200e-16,-1.37736600e-15,-4.25054400e-16,9.74613200e-16,-3.44280600e-17
2.07366080e+06,-7.75048300e+00,1.46565600e-16,-5.86372300e-17,-3.19664500e-16,-4.33962500e-16,-2.60786500e-17,-7.33771700e-16,-7.87055100e-16,-1.74883500e-16,-6.71339000e-16,-3.75030800e-16,-9.03923400e-16,-7.35134700e-16,-5.65163700e-16,-1.17930600e-15,-2.99606200e-16,1.07531200e-15,-5.47180700e-17
2.07766080e+06,-7.75107300e+00,1.84838600e-16,-3.29456100e-17,5.80568500e-17,-2.26542200e-16,-3.03184700e-16,-5.57922400e-16,-1.12870400e-15,1.56127400e-16,-2.68167700e-16,-1.11231600e-15,-6.75227600e-16,-4.18643700e-16,-4.92337300e-17,-9.09994500e-16,-9.57377600e-17,1.06057500e-15,-4.70248100e-17
2.08166080e+06,-7.75176600e+00,1.93764100e-16,2.39153200e-17,-3.17541700e-16,-4.59681400e-16,1.53771300e-16,-1.04763000e-16,-8.69451600e-16,-5.97484000e-16,-3.72939900e-16,-5.53334400e-16,-6.22507500e-16,-3.50210400e-16,-4.79180300e-16,-1.20922200e-15,-3.97875800e-16,1.10571700e-15,-4.77325100e-17
2.08566080e+06,-7.75254600e+00,1.81371000e-16,7.75417600e-17,-2.68238500e-16,-1.12503500e-17,-2.90038900e-16,-3.51114900e-16,-1.07095700e-15,-2.00741300e-16,-5.47739400e-16,-1.58707800e-16,-5.70584100e-16,-5.39497000e-16,-2.77934300e-16,-9.99236500e-16,-3.10203100e-17,1.09696200e-15,-1.68919600e-17
2.08966080e+06,-7.75339600e+00,1.58971300e-16,-1.55919600e-17,-2.95613800e-16,-1.82469300e-16,-2.89279600e-16,-5.82901500e-16,-7.48598200e-16,-3.30077400e-16,-1.27861400e-15,-6.05999300e-16,-4.78188000e-16,-8.39441300e-16,-6.52106800e-16,-9.50121400e-16,-1.77058800e-16,1.12210700e-15,-2.19810300e-20
2.09366080e+06,-7.75430200e+00,1.65982400e-16,-2.67327900e-17,-4.63873200e-17,5.13916000e-17,8.47042400e-17,-3.89741100e-16,-5.94273300e-16,-6.07795400e-16,-4.83421500e-16,-6.20596400e-16,-6.18336300e-17,-1.18400400e-15,-6.55666200e-16,-1.56976200e-15,-1.56925700e-16,1.08602100e-15,-5.95542500e-17
2.09766080e+06,-7.75524800e+00,1.79291100e-16,9.46906400e-18,-3.34051900e-16,-7.43735500e-16,5.02478200e-17,-4.94454600e-16,-1.45798300e-15,-6.25709100e-16,-1.51770800e-16,-5.28221900e-16,-3.19034000e-16,-1.24538300e-15,-4.32158400e-16,-1.38574200e-15,-2.44157600e-16,1.18129900e-15,-4.42783000e-17
2.10166080e+06,-7.75622200e+00,1.31204800e-16,1.56923500e-18,-1.87534700e-16,-4.34673900e-16,4.19639600e-16,-4.42020700e-16,-6.23103400e-16,-5.27314200e-16,-8.26547300e-16,-6.18743200e-16,-3.49145100e-16,-7.99906600e-16,-6.82012400e-16,-1.40630600e-15,-3.31524800e-16,1.17014600e-15,-4.58740900e-17
2.10566080e+06,-7.75721200e+00,1.65311800e-16,4.19415000e-17,-3.41039900e-16,-2.19497500e-16,-3.03966900e-16,-2.64827500e-16,-5.13840400e-16,2.32778700e-17,-3.66861700e-16,6.19971600e-16,-7.67830600e-16,-5.76732100e-16,-3.22350200e-16,-1.24375200e-15,-3.12935100e-16,1.09792500e-15,-3.41438500e-17
2.10966080e+06,-7.75820600e+00,1.86683600e-16,-1.72625700e-17,-8.08950400e-17,-3.21751800e-16,6.11951200e-17,7.42442900e-17,-1.03500300e-15,-8.50694900e-16,-5.55045500e-16,-7.68455400e-16,-5.94369600e-16,-5.24656800e-16,-1.07176500e-16,-1.44100700e-15,-2.02036600e-16,1.21953600e-15,-6.23168900e-17
2.11366080e+06,-7.75919400e+00,1.88483500e-16,-2.43366300e-17,-3.44576200e-16,-1.30933800e-16,1.52894800e-16,-9.21636800e-17,-1.03453300e-15,-2.15913400e-18,-1.58835800e-16,-4.80721700e-16,-9.60733900e-16,5.99404100e-17,-4.40297800e-16,-1.35912600e-15,-3.17730800e-16,1.11121600e-15,-3.32683400e-17
2.11766080e+06,-7.76016700e+00,1.77971900e-16,2.95065900e-17,-8.33063800e-17,-3.83684100e-16,3.33295800e-16,-1.64526500e-16,-1.11741600e-15,-5.36267700e-16,-5.10681000e-16,-3.87190800e-16,-6.22683200e-16,-4.41437200e-16,-4.85067600e-16,-1.46663800e-15,-2.32281000e-16,1.19880100e-15,-1.00755500e-17
2.12166080e+06,-7.76111700e+00,1.54029400e-16,-1.45332700e-17,-2.06158600e-16,-6.81568300e-16,1.25246400e-16,-9.00770700e-17,-3.83921100e-16,-5.99249000e-16,-1.17464600e-15,-5.10306600e-16,-8.79006000e-16,-1.34814900e-16,-4.69685500e-16,-1.37728000e-15,-1.06972300e-16,1.14369500e-15,-2.72701100e-17
2.12566080e+06,-7.76203700e+00,1.88302200e-16,-3.96067900e-17,-1.28526400e-16,-3.08099700e-16,-9.30246000e-17,-3.07244200e-16,-1.11069600e-15,-4.62225700e-16,-1.31391600e-15,-2.44941000e-16,1.36691300e-16,-3.68177500e-16,-4.76908700e-16,-1.21146400e-15,9.02544000e-17,1.22550600e-15,-3.08650200e-17
2.12966080e+06,-7.76292000e+00,1.91653100e-16,-1.69448900e-17,-1.06709100e-16,-5.09769800e-16,-1.89079400e-16,-9.89292600e-17,-7.26164500e-16,-8.49530600e-16,-2.93470600e-16,-1.94279200e-17,-5.24546700e-16,-7.59465200e-16,-4.38229200e-16,-1.00915400e-15,-2.22744000e-16,1.15718400e-15,-4.51567100e-17
2.13366080e+06,-7.76376100e+00,1.59019800e-16,4.04925300e-17,-1.21969000e-16,-2.05073600e-16,1.77343200e-16,1.03071700e-16,-6.19751900e-16,-4.20520500e-16,-1.14114800e-15,-3.32882800e-16,-7.96089300e-16,-9.61913400e-16,-7.04028500e-16,-1.28568100e-15,-2.63587700e-16,1.25294000e-15,-3.23468900e-17
2.13766080e+06,-7.76455600e+00,1.69864600e-16,3.20347700e-17,5.40837100e-17,-1.35410800e-16,-2.04233200e-16,-1.59388000e-16,-9.16290700e-16,3.65635900e-17,-3.66103200e-16,-3.40664600e-16,-8.22862300e-16,-3.35254700e-16,-5.91509100e-16,-1.40810400e-15,-3.62656800e-16,1.08930900e-15,-3.43689600e-17
2.14166080e+06,-7.76530000e+00,1.64280400e-16,-1.08235700e-16,-2.85275600e-16,-1.70208700e-16,6.48013700e-17,-6.81100600e-17,-9.15905400e-16,-5.70082400e-16,-1.81035000e-16,-3.72755300e-16,-8.66934000e-16,-3.72531700e-16,-3.46082500e-17,-1.52918100e-15,-2.71276500e-16,1.20997500e-15,-1.89470300e-17
2.14566080e+06,-7.76599000e+00,1.90838000e-16,1.02486900e-17,-2.78437800e-16,-4.46432600e-16,1.44388600e-16,-3.35719500e-16,-1.03642900e-16,-7.97526900e-16,-6.10873900e-16,-1.20276800e-15,-4.82063000e-16,7.82856700e-17,-7.34223900e-16,-1.80868400e-15,-3.66613000e-16,1.22871800e-15,-4.94873000e-17
2.14966080e+06,-7.76662600e+00,1.79046700e-16,-2.14880200e-17,-4.67077200e-16,-8.14595200e-17,3.88707100e-16,-1.70579300e-16,-1.53470700e-15,-4.21501500e-16,-7.22711000e-16,-1.02074200e-15,-1.10547100e-15,-6.68214100e-16,-3.18032200e-16,-1.60457900e-15,-3.14360300e-16,1.22589000e-15,-5.45931200e-18
2.15366080e+06,-7.76720500e+00,1.79422000e-16,7.43898400e-17,-2.21581700e-16,-3.74081800e-16,3.42153200e-16,-3.13361700e-17,-1.26447700e-15,-1.30217900e-15,-8.39017800e-17,1.26546800e-16,-1.03379100e-15,-6.68947300e-16,-7.00228800e-16,-1.92731100e-15,-1.65858900e-16,1.31610700e-15,4.19204900e-18
2.15766080e+06,-7.76772700e+00,1.71827400e-16,5.79183300e-17,-2.49617700e-16,-5.13379100e-16,1.48327500e-16,4.05704700e-16,-9.24546800e-16,-5.57164600e-16,-8.08084000e-16,-1.33974700e-15,-5.32633600e-16,-9.76073200e-16,-8.90110900e-17,-1.42251800e-15,-3.51727400e-16,1.27632600e-15,-2.78697300e-17
2.16166080e+06,-7.76819200e+00,2.22322900e-16,2.88472000e-17,-4.46821100e-16,-1.99519500e-16,-2.27834700e-17,-3.01409300e-17,-1.13126200e-15,-1.79239200e-16,-3.18043100e-16,-5.34557800e-16,-4.15841600e-16,-3.48028700e-16,-8.50626400e-17,-1.59799900e-15,-2.81752800e-16,1.32406200e-15,-1.39178200e-17
2.16566080e+06,-7.76860200e+00,1.57416600e-16,-1.08238600e-16,-2.33586700e-16,-4.11295700e-16,2.47996000e-17,-2.78075600e-16,-5.42330300e-16,-5.19632800e-16,-4.00017100e-16,-1.29593500e-15,-1.05890200e-15,-1.01703800e-15,-3.23411800e-16,-1.62332800e-15,-2.59546400e-17,1.28666600e-15,-1.00606300e-17
2.16966080e+06,-7.76896000e+00,1.76115700e-16,-1.81301400e-17,-2.62467200e-16,-2.76661400e-17,6.07533600e-18,-2.17210600e-16,-5.39174900e-16,-4.42641700e-16,-9.71187700e-16,7.48413200e-17,-5.54553700e-16,-5.77584700e-16,-3.84409200e-16,-1.44621100e-15,-4.62688500e-16,1.29711800e-15,1.59100900e-18
2.17366080e+06,-7.76926800e+00,1.73149700e-16,-3.51607000e-17,-3.04608300e-16,-4.73604400e-16,3.44391900e-16,-5.17009500e-16,-5.64387100e-16,-3.73132400e-16,-3.75312000e-16,-9.10934500e-16,-1.00956400e-15,-9.71479100e-17,-1.75603600e-16,-1.34015700e-15,-4.42217800e-16,1.23041600e-15,-3.92893900e-17
2.17766080e+06,-7.76953000e+00,1.66495900e-16,5.84658900e-17,-1.07425400e-16,-3.11327000e-17,5.30323000e-17,-2.96658100e-16,-6.13145600e-16,-1.58268200e-16,-4.28547200e-16,-8.62805400e-16,-9.21553200e-16,-4.06504400e-16,-1.04311800e-16,-1.65568800e-15,1.62555000e-17,1.27821000e-15,-5.22572300e-17
2.18166080e+06,-7.76975200e+00,1.58940500e-16,-8.20608900e-17,-2.24851000e-16,-1.58996300e-16,-8.14977500e-17,-4.54547800e-17,-6.58488200e-16,-3.31629500e-16,-3.69022900e-16,-7.84921200e-16,-4.60965000e-18,-3.04893700e-16,-4.09890000e-16,-1.45484700e-15,-1.08595000e-16,1.41922000e-15,7.11879200e-18
2.18566080e+06,-7.76994000e+00,1.91163200e-16,-7.94066800e-17,-2.44617100e-16,-5.95691100e-16,-7.35494500e-17,-1.54186800e-17,-9.75915900e-16,-3.83301300e-16,-5.19622400e-16,-1.07500800e-15,-1.37307700e-16,-6.52882100e-16,-2.41744200e-16,-1.45900300e-15,5.62705300e-18,1.36492500e-15,1.90887900e-17
2.18966080e+06,-7.77010200e+00,1.98308400e-16,-4.54189300e-17,-3.30573900e-16,-5.55894600e-16,5.04039400e-16,-6.06899600e-16,-2.27668000e-16,-2.75525700e-16,-6.37908400e-16,-5.77817400e-16,-1.08902300e-15,-5.70034600e-16,-2.88974000e-16,-1.72932500e-15,-2.07271900e-16,1.45766500e-15,-7.63166900e-18
2.19366080e+06,-7.77024700e+00,1.98502900e-16,2.24544500e-17,-6.17237300e-16,-3.67875200e-16,1.93521000e-17,-2.70128200e-16,-5.11963200e-16,4.16800100e-16,-1.06056300e-15,-5.46765600e-16,-5.55978200e-16,-8.51987500e-16,-4.09565600e-16,-1.99148800e-15,-3.89435100e-16,1.56988400e-15,-4.35084900e-17
2.19766080e+06,-7.77038600e+00,1.91938300e-16,2.62808700e-17,-3.95675600e-16,-5.32924400e-16,4.72055900e-16,-3.96330700e-16,-1.10813100e-15,-3.84293600e-16,-2.00071700e-16,-3.69468100e-16,-1.40181700e-15,-2.35013000e-16,-2.46134300e-16,-1.88745600e-15,-2.60738500e-16,1.59292900e-15,-2.65715300e-18
2.20166080e+06,-7.77053000e+00,1.69209700e-16,4.36971400e-17,-3.00020700e-16,-7.07322300e-16,2.19311200e-16,1.24848300e-16,-9.64588700e-16,-7.99148700e-16,-4.13804600e-16,-2.97761300e-16,-1.17133800e-15,-7.13341500e-16,-4.88857800e-16,-2.05850300e-15,-3.87708800e-16,1.49815600e-15,1.05187000e-17
2.20566080e+06,-7.77069400e+00,2.00055500e-16,4.07038400e-19,-4.33077400e-16,-9.04383000e-16,9.64883500e-17,-6.26448600e-17,-6.49033000e-16,-8.26907900e-16,-2.95420000e-16,-7.72304100e-16,-1.26770900e-15,-1.99807000e-16,-2.03517000e-16,-1.59086700e-15,-7.50340700e-17,1.54947800e-15,-6.72110900e-18
2.20966080e+06,-7.77089300e+00,2.01676800e-16,-7.31148500e-18,-2.36906000e-16,-3.18037400e-16,5.55284300e-16,-1.95260000e-16,-1.12045000e-15,-8.24082900e-16,-5.88287300e-16,-6.96717500e-16,-1.53605600e-15,-7.87975400e-16,-2.89438100e-16,-1.54082400e-15,-8.38016800e-17,1.64364900e-15,-2.23344400e-17
2.21366080e+06,-7.77114400e+00,1.59158500e-16,5.82352200e-17,-2.86747300e-16,-2.59531900e-16,-1.18551500e-16,2.73806900e-16,-8.01589200e-16,2.80909400e-17,-7.67050500e-16,-9.33246700e-16,-8.53674200e-16,-5.43801900e-17,-6.02142200e-16,-1.68675700e-15,-2.23037000e-16,1.72706100e-15,-2.58057500e-18
2.21766080e+06,-7.77146900e+00,2.08461000e-16,-3.10602300e-17,-1.85678500e-16,-1.86477900e-16,1.15028800e-16,-2.98482000e-16,-1.18024000e-15,8.04707700e-17,-2.84766900e-17,4.53828900e-17,-1.43278600e-15,-1.43210000e-15,-8.65660900e-17,-1.94458500e-15,-1.60152300e-16,1.59529400e-15,-6.50337100e-18
2.22166080e+06,-7.77188900e+00,1.66050900e-16,-8.86870000e-17,-2.73985000e-16,-3.95501900e-16,-1.75135000e-16,5.34157900e-17,-1.27075700e-15,8.20125100e-16,3.50230500e-17,-1.69176700e-16,-3.77409200e-16,-6.59988300e-16,-5.90633400e-16,-2.28027800e-15,1.37284300e-16,1.76479900e-15,-7.84019400e-18
2.22566080e+06,-7.77242800e+00,2.16288700e-16,-4.90185600e-17,-3.43163800e-16,-6.40080700e-17,9.56750000e-17,-7.57906100e-16,-6.21705800e-16,-6.52126300e-18,-1.80485900e-16,-6.60947400e-16,-6.98927800e-16,-4.37063900e-16,-2.23678800e-16,-2.44401800e-15,-2.09634200e-16,1.66817700e-15,1.80968300e-17
2.22966080e+06,-7.77311500e+00,1.69607500e-16,-3.37342700e-17,-3.05960600e-16,-3.70842100e-16,-3.44796200e-16,1.65027100e-16,-1.41176300e-15,-6.41536800e-16,-2.86172000e-16,-4.44051800e-16,-1.33260700e-15,-5.26143300e-16,-3.48228100e-16,-1.70366600e-15,-2.15805200e-16,1.70624000e-15,-3.44333400e-17
2.23366080e+06,-7.77397800e+00,1.61223500e-16,-1.19550500e-16,-3.88437700e-16,-4.53537400e-16,-1.64240500e-16,1.93551500e-16,-6.92114400e-16,-2.43179100e-16,-4.64471400e-16,-4.86845700e-16,-6.24115000e-16,-5.95772200e-16,-5.00895200e-16,-2.32704900e-15,-3.36873000e-16,1.78101200e-15,-2.56891700e-17
2.23766080e+06,-7.77349900e+00,1.97952400e-16,4.26073800e-17,-8.04556900e-17,-4.46310000e-16,1.18444500e-16,6.80162500e-17,-4.25631600e-16,2.40632800e-16,-4.69217700e-16,-2.81170400e-16,-9.05147100e-16,-7.68957000e-16,-8.01674000e-16,-2.32795200e-15,1.56610400e-17,1.75497500e-15,-5.98809800e-17
2.24166080e+06,-7.77275700e+00,1.83827500e-16,-1.00994000e-17,-2.77911900e-16,-4.22423500e-16,-1.47435100e-16,-4.85487300e-16,-1.54456700e-15,-2.84080900e-16,-4.16828000e-16,3.35005200e-17,-9.84672300e-16,-5.14184100e-16,-1.25294700e-16,-1.91340700e-15,-4.26586400e-16,1.82786700e-15,2.41762800e-17
2.24566080e+06,-7.77217000e+00,1.70447200e-16,-2.41467700e-17,-5.55870400e-16,-4.00912500e-16,-2.37399000e-16,-4.03930900e-16,-2.01787800e-16,-4.25115900e-16,-7.68931000e-16,-3.62215200e-16,9.08790300e-17,-9.26415000e-16,-5.34266000e-16,-1.76755900e-15,-3.70222100e-16,1.81310700e-15,-1.19205800e-17
2.24966080e+06,-7.77176400e+00,1.88559200e-16,3.76723100e-18,-3.96793100e-16,-5.17368500e-16,4.98093800e-16,4.32549400e-16,-1.45756200e-15,2.77612700e-17,-5.38920000e-16,-5.31159200e-16,-3.57718600e-16,-7.55745900e-16,-5.39574600e-16,-2.37658000e-15,-1.40312800e-16,1.81979200e-15,2.04647600e-17
2.25366080e+06,-7.77156700e+00,2.00222500e-16,3.12437800e-17,-4.61342200e-16,-3.58958800e-16,-2.03276600e-16,-3.76351400e-16,-7.88101800e-16,6.21954100e-17,-6.65683900e-16,-4.48783300e-16,-1.02888600e-15,-9.59054900e-16,-7.57597900e-16,-2.17973700e-15,-3.83162500e-16,1.83786500e-15,2.12731200e-17
2.25766080e+06,-7.77161000e+00,2.10465100e-16,5.44391100e-17,-1.78288700e-16,-2.45918700e-16,-2.32960100e-16,-7.09001400e-17,-8.19214300e-16,-8.95748800e-16,-5.66589600e-16,-9.59766300e-16,-6.88485000e-16,-9.88174200e-16,-5.33901500e-16,-2.12825600e-15,-1.47063800e-16,1.92526700e-15,-1.15760400e-17
2.26166080e+06,-7.77192700e+00,2.10984500e-16,-9.00697200e-17,-3.33444900e-16,-2.66835700e-17,-2.33895000e-16,-6.45564800e-17,-1.10754100e-15,-7.06282800e-16,-2.50253400e-16,-9.74315800e-16,-8.03836500e-16,-1.66922600e-16,-2.47339300e-16,-1.84354300e-15,-4.87560900e-16,1.80687800e-15,4.54929000e-18
2.26566080e+06,-7.77255500e+00,2.01368800e-16,-7.87420100e-17,-6.91122600e-17,-3.31178500e-16,1.46629400e-16,-3.12423900e-17,-9.36169000e-16,-2.55684400e-16,-7.18591600e-16,8.60945300e-17,-7.00237000e-16,-7.11322500e-16,-1.48848400e-16,-2.10883800e-15,-1.18167200e-16,1.92195100e-15,-2.01142800e-17
2.26966080e+06,-7.77353200e+00,2.16816900e-16,8.89012200e-17,-2.26787300e-16,-1.42705400e-16,2.53829900e-16,-3.16400900e-16,-1.44436800e-15,-3.78701200e-16,-7.09781500e-16,-6.48199000e-16,-5.97805900e-16,-9.09376900e-16,-2.63198000e-16,-2.05345700e-15,-2.37068600e-16,1.75500400e-15,6.67665900e-18
2.27366080e+06,-7.77490000e+00,2.05134300e-16,-1.36117800e-16,2.34517400e-17,8.93557800e-17,-1.70270300e-16,-1.75049700e-16,-4.62505100e-16,-8.48383400e-16,-8.46144600e-16,-9.13212700e-16,-1.21222600e-15,-1.08616300e-15,-6.25548100e-16,-1.92839800e-15,-3.10079900e-16,1.73295300e-15,-3.90262400e-18
2.27766080e+06,-7.77670300e+00,2.21699200e-16,-8.98044500e-17,-1.61383500e-16,-3.49193500e-16,-8.54438900e-17,2.47183300e-16,-2.51913000e-16,-5.83549900e-16,-4.10929800e-16,-4.41137400e-16,1.95636700e-16,-9.91309700e-16,-2.69811900e-16,-2.41071300e-15,-2.05075900e-17,1.92246500e-15,1.32286400e-17
2.28166080e+06,-7.77898200e+00,2.09975800e-16,-6.54536900e-17,-3.57525100e-16,-4.24507500e-16,7.77237000e-18,-2.27080500e-16,-8.57343200e-16,-6.90637700e-16,-6.89035400e-16,-1.99764700e-17,-1.05106300e-15,-1.10915100e-15,-5.08458600e-16,-2.05659400e-15,-2.61659900e-16,1.75334600e-15,-9.07980200e-18
2.28566080e+06,-7.78178400e+00,2.55791200e-16,1.96078700e-17,-2.51734200e-16,-3.87732300e-16,1.49583100e-17,2.27965300e-17,-1.51844900e-15,-8.34942200e-16,-1.40302200e-15,-4.89835400e-16,-8.49920900e-16,-7.48364700e-16,-7.58623900e-16,-1.98405000e-15,1.20855700e-16,1.89048600e-15,2.05917800e-17
2.28966080e+06,-7.78515000e+00,1.61194800e-16,-1.68404600e-16,-2.75687400e-16,-4.02739600e-16,1.07265000e-16,-1.41505500e-16,-5.77413600e-16,2.27183000e-17,-9.63486900e-16,-2.71654800e-16,-8.53621600e-16,-6.58410000e-16,-5.54265100e-16,-2.40438400e-15,1.38869500e-16,1.93624100e-15,3.58366500e-17
2.29366080e+06,-7.78912100e+00,2.02365000e-16,6.80542900e-17,-4.57766900e-16,8.27363600e-17,2.57190600e-16,-3.04195100e-16,-8.45538000e-16,-1.99867300e-16,-6.98884400e-16,-1.13418500e-15,-9.18543100e-16,-7.84698100e-16,-7.63364300e-16,-1.95639500e-15,-4.95735100e-17,1.98807300e-15,1.94910900e-17
2.29766080e+06,-7.79373300e+00,1.93799600e-16,-1.07767100e-16,-2.38439500e-16,-8.59762900e-17,1.60948400e-16,-7.43170100e-16,-1.04561300e-15,2.74764900e-16,-5.99126100e-16,-9.67124500e-16,-4.01023900e-16,-5.96708200e-16,-3.55171500e-16,-2.05816300e-15,-1.55783000e-16,1.96176000e-15,3.61693300e-17
2.30166080e+06,-7.79901800e+00,2.03428400e-16,5.46839300e-18,-5.68863500e-16,-2.24040600e-16,1.68102900e-16,-5.73719700e-16,-1.02357100e-15,-1.98392100e-16,-3.66152900e-16,-6.12280200e-16,-6.79567200e-16,-6.21000200e-16,-4.81808900e-16,-1.91418500e-15,-5.52706700e-16,2.16151300e-15,4.55728200e-17
2.30566080e+06,-7.79835400e+00,1.92739700e-16,-8.53241400e-17,-5.61920400e-16,-1.04704000e-16,2.90561400e-16,-1.71421900e-16,-5.40921500e-16,-5.17947800e-16,-1.04034700e-15,-6.85874500e-16,-7.66160000e-16,-7.91390200e-16,-4.11462300e-16,-2.16496400e-15,-3.83897200e-16,1.96098100e-15,-6.87693600e-18
2.30966080e+06,-7.79537900e+00,2.07996900e-16,-6.87719300e-17,-5.30191700e-16,-3.21559300e-16,2.05733100e-16,-4.05199000e-16,-1.45587400e-15,-6.63728300e-16,-6.50282300e-16,-2.68242300e-16,-6.71997100e-16,-1.29090900e-15,-6.17002300e-16,-2.18314500e-15,-2.86640100e-16,2.12247700e-15,1.56976400e-17
2.31366080e+06,-7.79271000e+00,1.92921900e-16,-1.32371700e-16,-2.59898400e-16,-2.63156600e-16,4.34733700e-16,-2.93463600e-16,-4.96922500e-16,-1.00804000e-15,-4.77771600e-16,-5.88933700e-16,-6.36857300e-16,-6.71190600e-16,-4.41437700e-16,-2.53780700e-15,-3.11190000e-16,2.10222800e-15,2.59736300e-17
2.31766080e+06,-7.79034600e+00,2.29743900e-16,2.05579000e-17,-2.16615200e-16,-5.05331100e-16,3.04872200e-16,-2.55804600e-17,-8.84892000e-16,-6.60801600e-16,-3.80879300e-16,-3.80961300e-16,-2.33060000e-16,-7.93007100e-16,-2.68001600e-16,-2.42717800e-15,-1.71183800e-16,2.15644800e-15,1.87168300e-17
2.32166080e+06,-7.78828200e+00,2.05841000e-16,-6.46528100e-18,-4.34555500e-16,-2.70526500e-16,3.85533000e-16,-1.84639800e-16,-8.17686900e-16,3.78635800e-16,-4.99198500e-16,-9.35652900e-16,-1.41557000e-15,-1.47618600e-15,-5.00964200e-16,-2.93322800e-15,1.55631100e-16,2.08578200e-15,1.57406500e-17
2.32566080e+06,-7.78651400e+00,2.30565400e-16,-3.01688800e-18,5.11729000e-17,-3.16447300e-16,6.63277100e-16,-4.55940800e-16,-1.21136700e-15,-8.07088500e-16,-7.96343700e-16,-7.86191900e-16,-9.89957000e-17,-1.11591100e-15,-6.99717500e-16,-2.38826000e-15,1.03282100e-17,2.11466700e-15,7.37186400e-17
2.32966080e+06,-7.78503300e+00,2.25197600e-16,1.11360100e-17,-4.27577100e-16,-6.35238000e-16,-2.63497200e-16,-2.67493600e-16,-3.48166400e-16,-2.68714100e-16,-3.95352400e-16,-4.84086700e-16,-6.12866100e-16,-5.00483100e-16,-6.84362300e-16,-2.27395000e-15,1.79695600e-16,2.10452400e-15,2.70856000e-17
2.33366080e+06,-7.78383000e+00,2.18249200e-16,2.61764100e-18,-4.04130900e-16,-5.60846500e-16,-1.40312200e-16,-3.89646400e-16,-6.63376600e-16,-7.17134100e-16,-4.88878200e-16,-1.13988200e-16,-8.20172800e-16,-5.03338100e-16,-1.84974700e-16,-2.69362400e-15,-8.47215200e-17,2.19649700e-15,4.89251800e-17
2.33766080e+06,-7.78289300e+00,2.38097300e-16,5.90802500e-18,-2.39978900e-16,-3.70827800e-16,-2.65759600e-16,-6.91507600e-16,-7.64440000e-16,-3.24294100e-16,-3.03812200e-16,-3.05682800e-16,-8.18378700e-16,-1.00924100e-15,-2.32561500e-16,-2.51755800e-15,-3.41495300e-16,2.25416100e-15,5.70873500e-17
2.34166080e+06,-7.78221000e+00,1.96144000e-16,-1.13871300e-17,-3.69244100e-16,-3.10356300e-16,-9.23242800e-17,-4.08114600e-16,-4.31303400e-16,4.42980500e-17,-6.54389400e-16,-4.37369200e-16,-5.48427500e-16,-4.54482500e-16,-3.88719000e-16,-2.57525500e-15,-3.62407100e-19,2.20186100e-15,4.53048100e-17
2.34566080e+06,-7.78176700e+00,2.51497600e-16,1.13872400e-17,-2.03301800e-16,-3.84592500e-16,1.23291400e-17,-6.23063300e-19,-1.07460900e-15,-2.61529400e-16,3.01420100e-16,-6.25219600e-16,-6.91989400e-16,-8.11125500e-16,3.33933600e-17,-2.73504300e-15,-2.20441900e-16,2.25304800e-15,4.32199100e-17
2.34966080e+06,-7.78154800e+00,2.08287000e-16,3.53651800e-17,-3.39058200e-16,-4.38392400e-16,4.97156400e-17,-5.64669600e-16,-9.12299100e-16,-8.15085500e-16,-1.43424500e-16,-4.03917600e-16,-3.56631300e-16,-8.87176700e-16,-5.62134800e-16,-3.13077000e-15,1.17964100e-16,2.40005400e-15,1.04192400e-17
2.35366080e+06,-7.78153800e+00,2.10670000e-16,5.46999500e-17,-3.80058700e-16,-4.28708600e-16,-2.08391400e-16,-3.42205000e-16,-1.41787400e-15,-1.91600100e-16,-1.57701700e-17,-7.05955400e-16,-1.07445100e-15,-7.95401900e-16,-2.73479400e-16,-2.62509000e-15,-3.15031300e-16,2.46627600e-15,2.88381200e-17
2.35766080e+06,-7.78172000e+00,1.98139600e-16,-4.74578300e-17,-3.98938200e-16,-1.36918100e-16,3.47684500e-16,-7.16519000e-17,2.49111300e-16,7.76582400e-16,-2.95180500e-16,-1.00463100e-15,-1.01481000e-15,-7.20934800e-16,-3.27360900e-16,-2.77727000e-15,-1.63458100e-16,2.47258600e-15,5.65070200e-17
2.36166080e+06,-7.78208000e+00,2.27650000e-16,3.74750500e-17,-2.92607800e-16,-9.98881300e-17,4.93703500e-18,-2.30793300e-16,-7.75982900e-16,-7.77419700e-17,-1.09647500e-15,-4.46808300e-16,-2.41854200e-16,-1.41519300e-15,9.29768100e-17,-2.86405900e-15,-9.60131900e-17,2.53930200e-15,9.77584200e-17
2.36566080e+06,-7.78259900e+00,1.97558000e-16,6.09318100e-17,-4.84996400e-16,-1.68343600e-16,-1.36357900e-16,-5.31528300e-17,-1.20099600e-15,-2.47448300e-16,8.07479400e-17,-3.49042100e-16,-1.10110800e-15,-6.29103800e-16,-2.88248600e-16,-2.51622400e-15,-2.20618600e-16,2.50355900e-15,5.57330900e-17
2.36966080e+06,-7.78326200e+00,2.28154800e-16,1.10429200e-16,-5.22938800e-16,-3.65040300e-17,1.18702100e-17,-3.34334700e-16,-1.01983200e-15,-4.07682900e-16,-6.78819400e-16,-8.21511600e-16,-7.68273700e-16,-8.61020100e-16,-2.00034500e-16,-3.05075900e-15,-4.40416700e-16,2.59138700e-15,1.26383800e-17
2.37366080e+06,-7.78405200e+00,2.01503700e-16,-1.21910100e-17,-2.95526600e-16,-5.58175400e-16,-5.19508000e-17,1.18326000e-16,-7.36550300e-16,-8.62610000e-17,-1.31077300e-16,-1.11219500e-15,-9.60921600e-16,-3.12333800e-16,-4.22825200e-16,-2.63775000e-15,3.69648300e-17,2.45898500e-15,6.21150800e-17
2.37766080e+06,-7.78495600e+00,1.96032300e-16,-1.50845800e-17,1.69966800e-17,-3.36136100e-16,6.30460700e-16,3.95663200e-16,-8.92162800e-16,4.58752500e-16,-7.99270500e-17,-6.22120800e-16,-9.61810600e-16,-7.54200200e-16,-6.39906200e-16,-2.82579200e-15,-2.08736100e-16,2.61334100e-15,4.29660300e-17
2.38166080e+06,-7.78595700e+00,1.63749100e-16,4.18466200e-17,-2.46460000e-16,-3.70505400e-16,3.09139900e-16,1.28260500e-16,-1.28430200e-15,2.07743800e-16,-9.64256000e-16,-6.89764500e-16,-5.33688600e-16,-2.95636800e-16,-3.51977000e-16,-3.01363100e-15,-2.63919000e-16,2.70701900e-15,4.18592200e-17
2.38566080e+06,-7.78704200e+00,2.29617300e-16,9.62860800e-17,-2.76384400e-16,-5.18558000e-16,2.76042900e-16,-3.42995900e-16,-5.71748200e-16,-2.83106500e-18,-7.92363000e-16,-4.77424600e-16,-1.10532200e-15,-9.12842500e-16,-4.94706800e-16,-2.96360400e-15,-5.86954500e-17,2.73760900e-15,8.54123800e-17
2.38966080e+06,-7.78819600e+00,1.92504300e-16,1.37892900e-16,-1.10779800e-17,-2.40861100e-16,7.93690000e-17,2.24361600e-16,-6.54563400e-16,4.62684700e-16,-7.77931300e-16,-6.29634400e-16,-6.60647700e-16,-8.31062500e-16,-9.85158100e-16,-2.87792800e-15,-1.81155700e-16,2.65663100e-15,6.68232900e-17
2.39366080e+06,-7.78940900e+00,2.21045800e-16,4.49032000e-17,-4.03939200e-16,-3.83686600e-16,-4.38284600e-17,-5.02010600e-16,-4.48899000e-16,-9.80232200e-16,-1.18834000e-15,3.82783600e-17,-4.44883300e-16,-1.16395500e-16,-6.08246900e-16,-2.68882500e-15,-3.87434500e-16,2.69658700e-15,8.25188600e-17
2.39766080e+06,-7.79066600e+00,2.59815500e-16,-7.02820500e-17,-3.58749800e-16,-4.45250300e-16,3.84283700e-17,-4.10805100e-16,-6.66365200e-16,1.64838400e-16,-4.03846900e-16,-5.75558200e-16,-6.01800900e-16,-6.61278500e-16,-5.22216600e-16,-3.05887800e-15,1.73030200e-16,2.68446200e-15,3.49438800e-17
2.40166080e+06,-7.78955200e+00,2.29120700e-16,-3.25895600e-17,-4.90061100e-16,-4.64273800e-17,-1.04724600e-16,-7.02311500e-17,-6.31675600e-16,4.28877600e-16,-5.52264200e-16,-7.81246800e-16,-9.92070600e-16,-9.29674500e-16,-5.16291800e-16,-3.01480600e-15,-1.77257400e-16,2.72332500e-15,7.90745600e-17
2.40566080e+06,-7.78132500e+00,2.18204900e-16,1.61279200e-16,-5.24719000e-16,-3.86330000e-16,-3.12549700e-16,-6.38199800e-16,-6.36228500e-16,-6.84809200e-17,-6.69776200e-16,-2.77853500e-16,-7.76025400e-16,-1.03929700e-15,-7.56460700e-16,-2.73077200e-15,-5.77360500e-16,2.58623600e-15,3.59459100e-17
2.40966080e+06,-7.77299300e+00,2.68682800e-16,1.81323000e-16,-3.58599700e-16,-3.44083400e-16,-2.38680800e-16,-7.25009500e-16,-1.65537200e-15,-1.19569600e-16,-1.15006900e-15,-5.51792800e-16,-8.44930500e-16,-5.35889400e-16,8.78173700e-17,-3.09479400e-15,1.55131800e-16,2.64711000e-15,3.14001900e-17
2.41366080e+06,-7.76455400e+00,2.48053600e-16,3.85499700e-17,-1.84612800e-16,-3.68841200e-16,2.59185300e-16,1.59561900e-16,-9.81689600e-16,3.56587500e-16,-7.71012600e-16,-8.93930600e-16,-3.51559800e-16,-1.26529700e-15,-2.96985200e-16,-2.79293500e-15,2.80020700e-18,2.75025600e-15,9.05402600e-17
2.41766080e+06,-7.75600600e+00,2.39243000e-16,6.75663300e-17,-5.77069600e-16,-4.23184000e-16,2.01034700e-16,-7.68373800e-16,-8.71985600e-16,-2.11281900e-17,-4.77226300e-16,-6.85241300e-16,-3.34777000e-16,-6.96061900e-16,-5.21216700e-16,-2.91792400e-15,-2.27785000e-16,2.66421800e-15,6.41377000e-17
2.42166080e+06,-7.74734500e+00,2.34515400e-16,2.32788900e-16,-1.07543900e-16,1.87923600e-17,2.18582200e-16,-5.41783600e-16,-1.05921300e-15,-1.54300900e-16,8.48735300e-17,-3.04290100e-16,-8.71537500e-16,-7.40375900e-16,-9.23833700e-16,-2.98016500e-15,-1.33444700e-16,2.88162100e-15,5.86814900e-17
2.42566080e+06,-7.73857000e+00,2.58139500e-16,1.57427700e-16,-2.48746400e-16,-3.07163500e-16,-4.79177400e-17,-3.23351900e-16,-4.80268800e-16,-2.11626000e-16,-4.36459600e-16,-1.06234000e-15,-5.72471300e-16,-6.03104700e-16,-7.19083600e-16,-2.81450700e-15,-8.15451900e-17,2.88082600e-15,7.47608100e-17
2.42966080e+06,-7.72967700e+00,2.55347700e-16,1.09492600e-16,-4.47063100e-16,-6.85187100e-17,1.27484500e-16,-3.78542300e-16,-7.18545500e-16,-1.11654400e-16,-7.77080600e-16,-1.00177400e-15,-6.15640400e-16,-1.13958500e-17,-2.51042800e-16,-2.96105700e-15,-1.87571000e-16,2.69171400e-15,6.41313900e-17
2.43366080e+06,-7.72066500e+00,2.53312200e-16,2.18745400e-16,-5.79483000e-16,-3.30697700e-16,4.33562300e-16,-1.76863100e-16,-5.85305700e-16,-5.41457400e-16,-6.95042000e-16,-5.42188000e-16,-9.60068700e-16,-5.20758400e-16,-5.68725200e-16,-3.01583700e-15,-1.88961900e-16,2.91064100e-15,7.27085300e-17
2.43766080e+06,-7.71153300e+00,2.44387300e-16,1.69114800e-16,-3.91288200e-16,-8.01819700e-17,-5.08148600e-16,-1.76768000e-16,-8.38624800e-16,-1.14594300e-15,-6.06157600e-16,-1.48925900e-15,-1.25563700e-16,-5.39771700e-16,-4.87045100e-16,-3.10512100e-15,2.77827700e-16,2.95223500e-15,1.24995000e-16
2.44166080e+06,-7.70227900e+00,2.45218700e-16,1.41689600e-16,-2.81436800e-16,-4.51190900e-16,3.78480800e-16,-3.89625900e-16,-8.35768700e-16,-3.10256600e-17,1.43249800e-16,-1.18518100e-16,-9.64036100e-16,-7.20849500e-16,-4.35743400e-16,-3.03955200e-15,-9.15969800e-17,2.72136300e-15,6.39528000e-17
2.44566080e+06,-7.69290200e+00,2.63455700e-16,1.83666300e-16,-3.75607300e-16,-4.37961800e-16,3.10837800e-16,-1.02355400e-15,-9.65519200e-16,-8.17433500e-16,-3.53212800e-16,-2.15373500e-15,-1.19391300e-15,-1.49806100e-16,-4.89900800e-16,-3.08928400e-15,9.43853100e-17,2.73828500e-15,6.44825400e-17
2.44966080e+06,-7.68340200e+00,2.78208400e-16,2.27685900e-16,-2.84959100e-17,-1.48245400e-16,8.96510600e-17,-3.81129100e-16,-8.36062800e-16,-3.97413900e-16,-6.86452200e-16,-4.84311700e-16,-7.28480600e-16,-1.45384900e-15,-6.04538100e-16,-2.92835000e-15,-1.78926000e-16,2.80886200e-15,9.29123600e-17
2.45366080e+06,-7.67378000e+00,2.82535700e-16,8.77533600e-17,-2.55019200e-16,-6.24202800e-17,-6.61683300e-17,-1.74224100e-16,-1.12235600e-15,-2.34406900e-16,-9.91708400e-16,7.73985600e-17,-3.05216100e-16,-6.68553000e-16,-8.86148400e-16,-2.87466700e-15,-1.24415200e-17,2.91048200e-15,1.33196300e-16
2.45766080e+06,-7.66403900e+00,2.79276300e-16,7.58950700e-17,-6.56135000e-16,-7.00317100e-17,5.58458000e-17,-6.82127100e-16,-2.55031700e-16,-7.03117400e-16,-7.38077700e-16,-6.11744700e-16,-1.30468900e-15,-4.09737900e-16,-8.75353400e-16,-3.18737400e-15,-6.86291800e-17,2.95584500e-15,1.05551700e-16
2.46166080e+06,-7.65418300e+00,2.44468000e-16,1.28416200e-16,-1.22693500e-16,-5.52602800e-16,7.05173100e-17,-6.34166800e-16,-1.03770200e-15,-6.29423400e-16,-6.11602300e-17,-6.42382200e-16,-9.07329400e-17,-5.15154500e-16,-5.38387900e-16,-3.40365900e-15,-8.41526000e-17,2.80883200e-15,6.21253800e-17
2.46566080e+06,-7.64421700e+00,2.85909700e-16,1.96971500e-16,-1.91283300e-16,8.21499900e-17,-6.80474100e-16,-6.36389300e-16,-3.02601400e-16,-5.76360300e-17,-4.97127700e-16,-3.18450100e-16,-1.06303900e-15,-6.74376400e-16,-5.71673900e-16,-3.38528400e-15,-1.17792500e-16,3.11902800e-15,9.64607300e-17
2.46966080e+06,-7.63415000e+00,2.83263400e-16,2.09393000e-16,-4.98856400e-16,-2.01639700e-16,-7.75840400e-17,-1.01314000e-15,-5.95546100e-16,-3.33825500e-16,-1.08297800e-15,-1.05582200e-15,-7.73606500e-16,-8.93240800e-16,-5.60407200e-16,-3.37307200e-15,-2.48061100e-16,2.96879400e-15,9.58789100e-17
2.47366080e+06,-7.62399500e+00,2.53570600e-16,2.66621800e-16,-3.27555000e-16,-1.98333900e-16,9.62571600e-17,2.40819400e-16,-8.62631600e-17,-3.65720600e-17,-6.69717400e-16,2.22085200e-16,-1.06298400e-15,-8.67846100e-16,-5.34418600e-16,-3.21276800e-15,-8.85312400e-17,3.01357800e-15,7.39637200e-17
2.47766080e+06,-7.61376900e+00,2.65290400e-16,1.96850400e-16,-2.87585800e-16,-4.49450800e-16,1.77884400e-16,-5.70152600e-16,-1.75346500e-15,-6.76169200e-16,-6.69860100e-16,-9.66849800e-16,-5.52240200e-16,-5.26115200e-16,-3.47255100e-16,-3.08669200e-15,9.29701900e-17,3.01916300e-15,1.15071500e-16
2.48166080e+06,-7.60349400e+00,3.04708100e-16,1.18501500e-16,-1.71083100e-16,-4.31795500e-16,-8.64605600e-17,-4.44633600e-18,-1.32963300e-15,-3.54597900e-16,-7.53132800e-16,-1.13047700e-15,-1.07951900e-15,-7.79448500e-16,-5.17917100e-16,-3.52498000e-15,2.26878700e-17,3.05978700e-15,1.34521400e-16
2.48566080e+06,-7.59320000e+00,2.92283000e-16,1.80024400e-16,-6.40514900e-16,-2.17355300e-16,-1.55863100e-16,-4.80670300e-16,-5.70131700e-16,1.78330800e-16,-1.06891200e-15,-6.00221500e-16,5.24633200e-17,-1.18244400e-15,-2.05455200e-16,-3.21258800e-15,-6.09015400e-17,3.19578500e-15,1.52208600e-16
2.48966080e+06,-7.58292700e+00,2.87820900e-16,1.37178600e-16,-6.46080000e-16,-4.14224300e-16,1.97801400e-16,-1.53430000e-16,-9.15222600e-16,-5.40808500e-16,-8.74420000e-16,-4.10762400e-17,-5.60298300e-17,-4.56781400e-16,-7.26394700e-16,-3.44374600e-15,-2.77169600e-17,3.11241000e-15,1.17546500e-16
2.49366080e+06,-7.57272800e+00,2.63882900e-16,8.28840800e-17,-3.56489200e-16,-5.25811700e-16,-1.29864900e-16,-2.33891700e-16,-6.15139200e-16,-8.30960700e-17,-4.37056400e-16,-1.39724200e-15,-8.90109800e-16,-7.74084100e-16,-5.81604900e-16,-3.61715000e-15,-3.41221900e-16,3.22122100e-15,1.09124500e-16
2.49766080e+06,-7.56267000e+00,3.27903400e-16,2.30350200e-16,-3.82218700e-16,-2.38544400e-16,9.73112100e-18,-3.03829300e-16,-2.49994400e-16,-6.59221800e-16,-1.20955000e-15,-1.04619100e-15,-8.81812800e-16,-1.35777500e-15,1.60302400e-16,-3.64089600e-15,-6.56027100e-17,3.31406200e-15,1.28849100e-16
2.50166080e+06,-7.55283900e+00,2.75066300e-16,1.62709600e-16,-2.66640200e-16,-3.99757000e-16,4.71131100e-16,-1.02396300e-15,-5.11066700e-16,-2.84522500e-16,-4.38035900e-16,-1.01983000e-15,-1.35246800e-15,-4.72270600e-16,-1.94770400e-16,-3.56029200e-15,1.05578700e-16,3.18624500e-15,1.28984900e-16
2.50566080e+06,-7.54334800e+00,2.71368600e-16,-2.30782700e-17,-1.72122900e-17,-3.27152800e-16,2.63371800e-17,-3.69828500e-16,-1.69067400e-15,-1.32425700e-16,-5.36038100e-16,-5.91350100e-16,-1.21870600e-15,-7.83040200e-16,-7.87309500e-16,-3.02593800e-15,1.79353900e-16,2.97663300e-15,7.67049000e-17
2.50966080e+06,-7.53433500e+00,3.13178600e-16,2.63658300e-16,-1.58319000e-16,-2.97580300e-16,-3.99627700e-17,-8.02202000e-16,-8.72739000e-16,-5.01630900e-16,-1.19406800e-15,-9.30464800e-17,-1.06866000e-15,-8.90496800e-16,-4.65098000e-16,-3.52371100e-15,-7.85187500e-17,2.87259900e-15,8.09556100e-17
2.51366080e+06,-7.52597700e+00,3.55726400e-16,1.24479600e-16,-4.69749100e-17,-3.91434400e-16,-1.69254500e-16,6.44481500e-16,-1.44325400e-15,-9.43328100e-16,-2.05878300e-16,-7.80503700e-16,-1.68159300e-15,-9.82177400e-16,-7.85062900e-16,-3.43665500e-15,8.86249700e-17,3.08690600e-15,1.39606200e-16
2.51766080e+06,-7.51848900e+00,2.69165400e-16,-5.81556800e-17,-3.41428400e-16,1.02290900e-16,2.56716200e-16,3.94829600e-16,-7.66652500e-16,-1.14883600e-15,-1.39559000e-16,-6.86820600e-16,-6.98804900e-16,-3.16037500e-16,-2.24238800e-16,-3.49051700e-15,-9.46505600e-17,3.10013600e-15,1.69561400e-16
2.52166080e+06,-7.51212900e+00,3.20598900e-16,-1.44869400e-16,-4.30624500e-16,-4.25804600e-16,3.20603200e-16,-6.01386000e-16,-1.01159800e-15,-6.78345800e-16,-8.43790400e-16,-5.02423300e-17,-3.19116400e-16,-1.80109000e-15,-4.70830200e-16,-2.90308400e-15,-4.37425300e-18,3.01287400e-15,1.66694500e-16
2.52566080e+06,-7.50720200e+00,3.64411500e-16,5.10940600e-17,-5.02039200e-16,-3.34090200e-16,-3.84265000e-18,1.88475600e-16,-9.65194800e-16,-4.62408700e-16,-1.22375200e-15,-2.23892500e-16,-2.21339500e-16,-9.94188800e-16,-4.27535900e-16,-3.23469500e-15,-1.26881800e-16,3.01099000e-15,1.33779500e-16
2.52966080e+06,-7.50404600e+00,3.31145100e-16,1.13558100e-16,-5.70488400e-16,-9.75682000e-17,-2.24367200e-16,4.62307400e-16,-6.40805100e-16,-1.23642400e-16,-1.84327300e-16,-6.38000500e-16,-6.79961700e-16,-8.49631100e-16,-2.50092900e-16,-3.24047900e-15,-2.75193500e-16,3.27947200e-15,1.19978500e-16
2.53366080e+06,-7.50302300e+00,3.17810600e-16,-7.98584500e-17,-2.57157000e-16,-1.86704800e-16,8.43869000e-17,-2.58884700e-16,-1.03566800e-15,-4.55462400e-16,-9.81782200e-16,-6.78673600e-16,-1.81881100e-16,-1.23464500e-15,-6.99798300e-16,-3.11173400e-15,-1.70576100e-16,2.96248400e-15,1.36358500e-16
2.53766080e+06,-7.49718200e+00,3.33115600e-16,7.14071100e-17,-1.03985000e-16,-3.68547200e-16,3.30806100e-17,-8.99743000e-17,-7.47030100e-16,-5.80062400e-16,-7.55363900e-16,-1.65790400e-15,-1.11130600e-15,-6.89805500e-16,-4.70991900e-16,-3.20079600e-15,-2.22590600e-16,3.07566800e-15,1.16510800e-16
2.54166080e+06,-7.49246200e+00,3.21958100e-16,9.67896300e-17,-5.67155800e-16,-4.41876700e-16,2.44782900e-16,-4.78652300e-16,-9.86390100e-16,2.10520600e-16,-3.81328600e-16,-1.00726400e-15,-1.11115200e-15,-8.37459500e-16,-2.63806100e-16,-2.88292400e-15,-1.30164600e-16,2.97565200e-15,1.36662600e-16
2.54566080e+06,-7.48985600e+00,3.39128300e-16,-1.80196900e-16,-3.66984900e-16,-4.84959800e-16,-4.14275400e-16,-1.49970800e-16,-5.94101500e-16,-5.00525400e-16,-7.42187800e-16,-4.31527300e-16,-5.83313200e-16,-4.53541400e-16,-4.76564200e-16,-3.27384500e-15,-1.05865400e-16,2.91714200e-15,2.04533400e-16
2.54966080e+06,-7.48978300e+00,3.31430300e-16,6.87853000e-17,-2.56005100e-16,-7.13955800e-16,1.12509700e-16,-4.78796600e-16,-4.46136000e-16,-5.79497800e-16,-3.37136600e-16,-2.90909300e-16,-6.17134200e-16,-9.88222300e-16,-3.42546500e-16,-3.01453100e-15,-3.27954600e-16,2.85194900e-15,1.18216300e-16
2.55366080e+06,-7.49264000e+00,3.58569500e-16,4.06197800e-16,-3.22292000e-16,-9.44136900e-16,-3.52392600e-16,5.50625300e-16,-9.90275200e-16,-1.58102000e-16,-6.47164400e-16,-1.15909300e-15,-8.20794600e-16,-9.09072100e-16,-4.34321600e-16,-2.98497400e-15,-3.32479700e-16,2.88719100e-15,1.26743100e-16
2.55766080e+06,-7.49876100e+00,3.77277000e-16,4.82151100e-17,-5.36063800e-16,-6.66588700e-16,-3.72731300e-17,-3.21887400e-16,-9.62375100e-16,-1.12107800e-15,-3.22268200e-16,-1.34428900e-15,-3.92578500e-16,-1.20584700e-15,-5.68720600e-16,-2.95016000e-15,1.36721300e-16,2.78420200e-15,1.31602400e-16
2.56166080e+06,-7.50835400e+00,2.95386100e-16,1.19496700e-16,-2.61517600e-16,-5.82190500e-16,-9.14870700e-17,-9.36976300e-17,-5.26922000e-16,-6.83302500e-16,-6.15469000e-16,-8.72701800e-16,-7.89182900e-16,-1.26928800e-15,-5.53820100e-16,-2.59670200e-15,-1.08733400e-16,2.72434800e-15,1.80757400e-16
2.56566080e+06,-7.50784000e+00,3.71553300e-16,5.49640200e-17,-7.68344800e-16,-6.07967200e-16,9.70241300e-17,-1.87815700e-16,-3.88549900e-16,-3.82250800e-16,-1.33865500e-16,-8.25718200e-16,-3.93435000e-16,-9.71434800e-16,-3.32053600e-16,-2.62900500e-15,-2.42079000e-16,2.26689100e-15,1.74406000e-16
2.56966080e+06,-7.49992900e+00,3.81731400e-16,4.96573800e-17,-3.22397300e-16,-4.55675000e-16,-2.13431500e-16,-1.09160100e-16,-1.50490100e-15,3.89730000e-16,4.38048800e-17,-9.02480300e-16,-1.39187900e-15,-1.07664300e-15,-8.54452700e-16,-2.18087300e-15,1.53853500e-16,2.16024600e-15,1.83900300e-16
2.57366080e+06,-7.49325300e+00,3.95258400e-16,2.97698800e-16,3.06687600e-17,-7.52168200e-16,1.21545500e-16,1.17026500e-16,-1.14236000e-15,-3.81097000e-16,-8.37289800e-16,-1.19736000e-15,-6.87586100e-16,-9.76723500e-16,-1.94858000e-16,-2.16670300e-15,-2.07010900e-16,2.02560900e-15,1.48001800e-16
2.57766080e+06,-7.48793200e+00,4.35864100e-16,1.45719300e-16,-4.68932400e-16,-5.94561700e-16,-5.04022400e-16,-5.69953900e-16,-6.88347200e-16,-6.94353600e-17,-7.49628100e-16,-1.39139300e-15,-9.31079400e-16,-1.07555100e-15,-5.75713400e-16,-1.93559900e-15,-1.17065100e-16,1.87699800e-15,1.98978100e-16
2.58166080e+06,-7.48408000e+00,3.06123000e-16,1.66982800e-16,-6.01003000e-16,-6.08851100e-16,-4.40650400e-17,1.36421300e-16,-1.07880700e-15,-3.00004300e-16,-1.03856200e-15,-8.57403400e-16,-6.77230000e-16,-6.34872100e-16,-5.86376100e-16,-1.82983200e-15,-1.96972400e-16,1.98130500e-15,1.51631100e-16
2.58566080e+06,-7.48180900e+00,3.50368600e-16,-2.43077500e-16,-1.93592300e-16,-6.05579700e-16,4.53989800e-16,-2.45848300e-16,-6.45904500e-16,-9.13382500e-16,-9.64431100e-16,-7.09177200e-16,-8.68566200e-16,-1.36092200e-15,-2.52066000e-16,-1.62397600e-15,2.39500100e-17,1.63770500e-15,1.82454800e-16
2.58966080e+06,-7.48124600e+00,4.10280000e-16,1.05578200e-16,-6.81733000e-16,-3.68135100e-16,1.39510200e-16,-1.11291300e-16,-1.14676900e-15,-9.53732900e-16,-5.59058500e-16,-8.02857300e-16,-1.11899600e-15,-1.11726500e-15,-6.45427100e-16,-1.16511300e-15,-2.45040100e-16,1.54114200e-15,1.77948900e-16
