t,max_slip_rate,-400.0,-350.0,-300.0,-250.0,-200.0,-150.0,-100.0,-50.0,0.0,50.0,100.0,150.0,200.0,250.0,300.0,350.0,400.0
0.00000000e+00,0.00000000e+00,-4.00000000e+02,-3.50000000e+02,-3.00000000e+02,-2.50000000e+02,-2.00000000e+02,-1.50000000e+02,-1.00000000e+02,-5.00000000e+01,0.00000000e+00,5.00000000e+01,1.00000000e+02,1.50000000e+02,2.00000000e+02,2.50000000e+02,3.00000000e+02,3.50000000e+02,4.00000000e+02
5.00000000e+02,-1.20000000e+01,3.01771100e-23,6.55836300e-24,-5.62473600e-24,-9.22380900e-24,-9.58387800e-24,-1.96049000e-23,4.45420400e-24,-2.55198700e-23,-3.35808800e-23,-1.32441300e-23,-2.37084600e-23,4.17917600e-24,-1.78574100e-23,-5.88002400e-25,-2.52087400e-24,7.63961200e-24,-4.95481100e-23
4.00000000e+03,-1.15847300e+01,3.18133400e-22,8.80207100e-23,9.06871500e-23,-8.36250700e-23,-2.92499800e-22,5.35547600e-23,1.13318800e-22,-3.67828900e-22,-5.96151400e-22,-5.64883200e-23,1.03462700e-22,-2.69320900e-23,-1.13584200e-22,1.39166300e-22,-1.50333000e-22,-1.23791200e-22,-3.54596400e-22
8.00000000e+03,-1.11370700e+01,5.46146200e-22,1.55548100e-22,4.83980200e-22,-8.88259200e-23,-1.16517100e-21,4.78089100e-22,5.63123100e-22,8.68356000e-23,1.64389500e-22,-1.08822200e-21,-6.01927200e-22,-1.58776200e-22,5.17532400e-22,5.33599600e-22,-8.31686700e-23,-2.61714300e-22,-9.23520500e-22
1.20000000e+04,-1.07146700e+01,8.20412500e-22,2.44043800e-22,2.82653100e-22,-1.22914700e-23,-1.20513900e-21,-1.31396600e-22,3.76564900e-22,-2.78407500e-21,-3.16272100e-22,8.27609800e-22,-8.18456600e-22,1.68678700e-22,3.47148100e-22,7.18871700e-22,-3.85247800e-22,-6.84873500e-22,-1.28986400e-21
1.60000000e+04,-1.03144100e+01,1.27281300e-21,3.10241800e-22,3.30556500e-22,-3.25094200e-22,-1.22568900e-21,9.30521100e-22,9.22121100e-22,-2.98221800e-21,-2.29253400e-21,-1.45402800e-23,-1.60633500e-21,-9.69352900e-23,3.56231600e-22,8.70710800e-22,-2.79311100e-22,-5.36552100e-22,-1.46686000e-21
2.00000000e+04,-9.93366400e+00,1.47467700e-21,-4.19358100e-22,6.08603200e-22,-1.58907600e-22,-8.63123100e-22,5.30259600e-22,-1.89347600e-22,-5.73445200e-21,-2.59188300e-21,-2.23425000e-21,-3.52293900e-21,6.90401700e-22,1.09754100e-21,1.01392300e-21,-1.98881400e-22,-4.98902200e-22,-2.99128100e-21
2.40000000e+04,-9.57025100e+00,1.48866100e-21,3.71068700e-22,7.67856500e-22,5.27467100e-24,-4.50715500e-22,9.69381800e-22,-1.46508500e-22,-4.17227200e-21,-6.79971700e-21,-7.29624300e-21,-5.32341300e-21,-4.57846100e-22,5.16141200e-23,1.01883000e-21,-8.99193900e-23,-1.02173500e-21,-3.37002100e-21
2.80000000e+04,-9.22239800e+00,1.28411700e-21,-3.02680600e-22,-1.71360500e-22,-9.01707000e-22,-1.53708000e-21,5.50300300e-22,-1.33672000e-21,-2.16211500e-21,-1.36695500e-20,-1.26202500e-20,-3.90257200e-21,1.11676200e-21,6.39973000e-22,1.65613500e-21,1.41081200e-21,-4.47409900e-22,-3.43116800e-21
3.20000000e+04,-8.88881500e+00,1.77086300e-21,-5.44322600e-22,-1.46843600e-22,-5.70901700e-22,-1.59687300e-21,2.85673700e-22,-6.41044200e-21,8.13958900e-21,-9.48138200e-21,5.47187900e-21,-2.76024800e-21,1.60273000e-21,2.16946500e-21,2.51247700e-21,1.46766000e-21,-3.47513600e-22,-3.74424600e-21
3.60000000e+04,-8.56884200e+00,1.74832300e-21,3.66578400e-22,3.90872800e-22,1.02595200e-21,5.25969300e-22,3.69389600e-21,1.69807300e-21,2.71339200e-20,1.41363600e-20,-1.74332500e-20,-1.30490700e-20,4.92365400e-21,3.78768200e-21,2.93252800e-21,2.57311100e-22,-1.37541300e-21,-4.78339300e-21
4.00000000e+04,-8.26279000e+00,-1.92898300e-22,-1.22606500e-21,1.22996500e-21,-1.72617900e-21,-1.30544900e-21,1.69945000e-21,-3.36555500e-20,-4.07966100e-20,-3.68954600e-20,3.66861200e-20,-1.64966900e-20,1.81733900e-20,9.53231100e-21,5.00975200e-21,4.34996000e-21,1.55963000e-21,-4.73048700e-21
4.40000000e+04,-7.97254000e+00,-3.09178200e-22,-3.00558000e-21,-1.27276600e-21,-3.81171000e-21,-3.01892800e-21,1.44256700e-20,-4.95078800e-20,-2.73509200e-20,1.71617300e-19,-1.17778100e-19,-3.96140100e-20,1.52585800e-20,1.84716200e-20,8.41727700e-21,7.24341900e-21,3.92092100e-21,-3.92542800e-21
4.80000000e+04,-7.70240200e+00,-4.50438200e-21,-2.32639400e-21,3.85604400e-22,-2.82390700e-22,-1.74489400e-21,-1.43858900e-20,-9.16395700e-20,5.99861500e-20,-3.35252800e-19,-1.75804600e-19,-5.33802300e-20,5.46703900e-20,2.55283600e-20,1.31858900e-20,1.24845000e-20,6.65653300e-21,-1.91943200e-21
5.20000000e+04,-7.45985500e+00,-6.97552900e-21,-1.08912900e-20,-7.64931400e-21,-4.53318600e-21,-2.14722000e-20,2.78355500e-20,-1.70780300e-19,-2.96913100e-19,1.66512400e-20,-3.31840500e-19,9.85185900e-20,1.36780300e-19,7.31210400e-20,3.25260200e-20,2.12290700e-20,1.10065400e-20,-1.36526700e-21
5.60000000e+04,-7.25489900e+00,-2.37468800e-20,-2.06078400e-20,-4.14576200e-21,-1.07849000e-20,-2.25150200e-20,1.09665900e-20,-5.01993200e-19,-3.25201200e-20,1.08848200e-19,-1.84599000e-19,1.25137400e-19,3.01857000e-19,1.21408900e-19,9.73688000e-20,6.11196700e-20,3.83806400e-20,9.83433400e-21
6.00000000e+04,-7.09645700e+00,-4.04831900e-20,-3.17647100e-20,-2.44790300e-20,-2.89324400e-20,-2.28150300e-20,7.97508200e-20,1.70597200e-19,6.91522900e-19,5.87272000e-20,-6.64579100e-19,-9.53196600e-20,2.65957700e-19,2.54019100e-19,1.32915900e-19,7.48907800e-20,4.51293400e-20,1.06514000e-21
6.40000000e+04,-6.98672400e+00,-6.88140200e-20,-5.83541200e-20,-5.40175300e-20,-4.88582100e-20,5.33299400e-20,1.22155800e-19,-8.65741900e-19,-5.55701300e-19,2.73735500e-19,2.16914500e-19,-6.38252700e-19,6.92213900e-19,2.81291700e-19,2.07943300e-19,1.12128700e-19,7.23332200e-20,2.81807100e-20
6.80000000e+04,-6.91839800e+00,-1.07446500e-19,-5.74612500e-20,-2.97232100e-20,-7.47183800e-21,8.94217100e-20,1.88552900e-19,-5.79228600e-19,1.25783100e-18,6.02746000e-19,-2.88937400e-18,-4.08726900e-19,1.25624700e-18,6.64514200e-19,3.29716900e-19,2.09331200e-19,1.11666700e-19,4.66320400e-20
7.20000000e+04,-6.87753700e+00,-1.33213800e-19,-5.49399100e-20,-6.89553500e-21,-1.26643700e-19,-1.27641700e-19,-2.25662700e-19,3.30468100e-19,1.39662000e-18,-7.47820300e-18,-2.24354200e-18,-2.16713100e-18,1.06470100e-18,5.85339300e-19,2.80942200e-19,2.07592600e-19,9.93517000e-20,1.33618700e-20
7.60000000e+04,-6.84846500e+00,-2.16485800e-19,-2.10920500e-19,-1.06869000e-19,3.54740400e-20,1.09643800e-19,3.51771500e-20,5.85576000e-19,1.92412700e-18,1.18338200e-17,-3.00024100e-18,-8.49196600e-19,1.06882000e-18,1.39229700e-18,6.97724300e-19,3.13010100e-19,2.71521600e-19,8.50237100e-20
8.00000000e+04,-6.81749000e+00,-1.93498600e-19,-1.33474000e-19,-1.46203100e-19,-2.87374100e-20,-3.26314800e-19,-2.46208800e-19,2.06861400e-18,-4.80213200e-20,6.65859500e-18,1.15687700e-19,-2.77178600e-18,2.30781100e-18,7.48874600e-19,5.71453100e-19,3.08224900e-19,2.23056400e-19,5.25794400e-20
8.40000000e+04,-6.77638000e+00,-2.15918100e-19,-2.64546200e-19,-1.24702700e-19,-8.32312400e-20,-6.65135800e-20,-8.41222200e-20,9.60858400e-19,2.24390500e-18,-2.01441600e-18,-6.99947100e-19,-4.09241400e-19,3.37138100e-18,1.26126300e-18,9.38497100e-19,6.96100300e-19,2.99055600e-19,1.83595800e-19
8.80000000e+04,-6.72577400e+00,-3.94733300e-19,-2.29990900e-19,-2.16756000e-19,-7.64575500e-20,3.46760800e-20,-1.03556200e-18,4.00388000e-18,-4.38885700e-18,-5.38734200e-19,7.54371300e-18,-8.38277900e-18,3.41647200e-18,2.24692200e-18,1.47594000e-18,6.18690200e-19,4.58792700e-19,2.59703400e-19
9.19563458e+04,-6.67149500e+00,-4.78717300e-19,-3.31452200e-19,-5.41527800e-19,-4.90789200e-19,-2.10763900e-19,-2.78395700e-18,-1.04776100e-18,-3.20142100e-17,-4.31861900e-18,2.62982200e-17,3.95323200e-19,8.16242900e-18,3.08718600e-18,2.19688800e-18,1.18056700e-18,4.01212200e-19,1.72530600e-19
9.55369167e+04,-6.62633300e+00,-7.02328600e-19,-6.74029500e-19,-5.74059900e-19,-5.72603300e-20,-2.23909000e-19,-1.01323500e-18,1.48596400e-17,-2.94181500e-17,-2.54950800e-17,5.18281000e-17,-1.15169300e-17,9.51091800e-18,3.30661800e-18,1.65096200e-18,1.60104300e-18,9.74013000e-19,2.11151100e-19
9.88155458e+04,-6.59669800e+00,-8.85551200e-19,-5.01784300e-19,-4.38020600e-19,-2.89590900e-19,-5.27890800e-19,-3.10702200e-18,7.55503600e-18,-8.44593100e-17,-2.83538100e-17,7.58212900e-17,-1.51666400e-17,6.93525400e-18,5.20077300e-18,2.28665300e-18,1.14727300e-18,8.00479000e-19,1.50860600e-19
1.01915408e+05,-6.57930500e+00,-1.01457800e-18,-8.16607000e-19,-1.10036000e-18,-8.28636300e-19,-7.36010100e-19,-2.89193200e-18,8.55343400e-18,-1.56415600e-16,-5.78485800e-17,1.49011600e-16,-2.49604500e-17,9.02365800e-18,4.70411900e-18,2.88291700e-18,1.97086200e-18,7.61971300e-19,3.92400300e-19
1.04934067e+05,-6.57803000e+00,-8.22736700e-19,-8.63896600e-19,-8.06666500e-19,-9.32472400e-19,-1.82626200e-18,-9.82678700e-18,-8.54506700e-18,-1.34995200e-16,2.08389800e-17,8.20960800e-17,-3.51719800e-17,1.40779200e-17,4.59998400e-18,3.67248400e-18,2.36081900e-18,1.48079100e-18,4.32858600e-19
1.07952721e+05,-6.57361100e+00,-1.83003500e-18,-1.09197000e-18,-4.42008900e-19,-1.63737800e-18,-2.85988600e-18,-6.03412700e-18,9.37816400e-18,-5.20143600e-17,-4.19552200e-17,4.10713200e-17,-8.99144700e-18,1.76279200e-17,7.43769800e-18,2.35054500e-18,2.28681900e-18,1.09695500e-18,8.33595600e-19
1.10970558e+05,-6.58412800e+00,-1.61807200e-18,-9.72561500e-19,-1.42710200e-18,1.13387800e-18,1.71971500e-18,-2.44198300e-18,1.05596000e-17,4.71249200e-17,8.16233700e-17,-6.95697900e-17,-6.24633700e-17,6.37745600e-18,8.90720000e-18,5.38667200e-18,3.03015800e-18,1.56834200e-18,8.45015200e-19
1.14112825e+05,-6.60863600e+00,-1.95974800e-18,-1.67962000e-18,-8.24201200e-19,-3.33999100e-19,3.14551600e-18,-2.96288700e-18,-1.98859200e-17,2.32458100e-16,8.33074100e-17,-2.83867100e-16,-6.63327200e-17,1.05431800e-17,6.36671700e-18,5.37055100e-18,3.74630400e-18,1.73542000e-18,1.14035800e-18
1.17288783e+05,-6.56842800e+00,-2.57188100e-18,-1.99129800e-18,-4.40516300e-19,1.18024400e-18,2.72374300e-19,-8.50394900e-18,-2.95920500e-17,1.66520500e-16,8.20872200e-17,-2.14576700e-16,-8.23041800e-17,1.05858100e-17,6.93460200e-18,5.22985300e-18,3.05617900e-18,2.48765800e-18,1.22950300e-18
1.20112025e+05,-6.52223400e+00,-2.16846700e-18,-1.86971900e-18,-2.33086800e-18,-1.96804100e-18,-6.56694800e-18,-1.48442400e-17,-2.76457300e-17,3.53902500e-17,6.64512800e-17,-2.95043000e-16,-1.66552500e-16,1.98770000e-17,8.59072300e-18,7.35936100e-18,4.48130500e-18,2.13370300e-18,5.01407500e-19
1.22683792e+05,-6.48882100e+00,-2.54403400e-18,-1.58590600e-18,-1.33708600e-19,9.60504600e-20,-5.91273300e-18,-2.27933800e-17,-3.80358000e-17,1.58697400e-16,7.42993900e-17,-3.51294800e-16,-1.93077700e-16,1.73646100e-17,9.51227400e-19,3.79619300e-18,3.85084400e-18,3.13129800e-18,5.72429100e-19
1.25088558e+05,-6.46479900e+00,-3.01629100e-18,-1.67952700e-18,-1.45825400e-18,-8.72762000e-19,-2.44138500e-18,2.25668400e-18,1.21758800e-16,5.28618700e-16,-5.20452700e-17,-5.64754000e-16,-2.04829800e-16,5.95176500e-18,1.17766200e-17,6.35995600e-18,3.90162200e-18,2.43287000e-18,5.39018600e-19
1.27377275e+05,-6.44624200e+00,-3.53396600e-18,-3.03131200e-18,-3.06939300e-18,2.09921500e-18,9.01896400e-18,1.87164500e-17,9.36852300e-17,5.79655100e-16,1.16692400e-16,-6.98119400e-16,-2.86317700e-16,-6.10174000e-18,1.20432000e-19,6.83645600e-18,2.10767100e-18,2.59737500e-18,1.28730900e-18
1.29580792e+05,-6.43401300e+00,-3.38479100e-18,-2.43245400e-18,-2.62426800e-18,3.34353400e-19,-4.96415700e-19,1.59403800e-17,2.56369800e-16,6.72042300e-16,1.57700800e-16,-7.71880100e-16,-4.21644600e-16,-2.59788500e-17,5.77714400e-18,1.27156500e-17,4.87957500e-18,3.32725100e-18,4.64482500e-19
1.31763438e+05,-6.44775200e+00,-3.23885900e-18,-1.21242900e-18,-7.24336200e-19,2.34421400e-18,9.33845800e-18,2.56969800e-17,1.58778800e-16,7.41332700e-16,2.68869100e-16,-8.53836500e-16,-4.66511100e-16,-3.75505800e-17,7.70715000e-19,8.18021500e-18,5.14236200e-18,3.31983800e-18,1.47815400e-19
1.34117875e+05,-6.47776000e+00,-3.49666700e-18,-3.17095800e-18,1.29800100e-18,1.85946800e-18,3.25336400e-18,5.38774700e-17,1.98325100e-16,4.28408400e-16,2.91622700e-16,-4.99933900e-16,-4.62494800e-16,-6.08366000e-17,-4.15065400e-18,7.63711800e-18,5.58057800e-18,3.33532200e-18,1.74049300e-18
1.36524650e+05,-6.48232500e+00,-4.49788900e-18,-3.00683000e-18,-3.66584600e-18,-2.14745200e-18,-7.46327900e-18,4.33182000e-17,2.16765300e-17,-2.98023200e-18,2.04207100e-16,-2.87592400e-16,-4.38769300e-16,-8.23035700e-17,9.37630400e-18,9.14563900e-18,6.38650500e-18,4.90338200e-18,1.51594000e-18
1.38986192e+05,-6.49614000e+00,-3.93407300e-18,-3.78127600e-18,-1.38232800e-18,-1.98864900e-18,-5.14751800e-18,7.31158300e-17,-2.39349900e-17,4.47034800e-18,1.93484400e-16,-1.20699400e-16,-2.89315300e-16,-8.07373500e-17,7.13744800e-18,1.24973100e-17,9.61417200e-18,5.01819300e-18,-5.15718200e-19
1.41494408e+05,-6.49558600e+00,-7.03788300e-18,-4.61032200e-18,-1.28623000e-18,1.02257700e-18,-8.40528600e-18,7.82043600e-17,-1.36438700e-16,1.54972100e-16,3.49986700e-16,-2.08616200e-16,-2.47638600e-16,-1.15587500e-16,1.74781200e-17,1.17883800e-17,7.07725100e-18,5.90779100e-18,2.34693500e-18
1.44015229e+05,-6.50433300e+00,-7.77728300e-18,-6.72683900e-18,-1.42519900e-18,-3.42078000e-18,-2.13611900e-17,9.07005000e-17,6.70552200e-17,-2.27987800e-16,2.94495700e-16,-2.05636000e-16,-1.86171400e-16,-1.05737900e-16,1.81111700e-17,1.43911200e-17,8.85348900e-18,7.77849300e-18,8.71954600e-19
1.46622408e+05,-6.52792400e+00,-7.75414200e-18,-3.56549800e-18,-5.92448500e-18,2.34244400e-18,-2.11034000e-18,8.89902400e-17,-1.15484000e-16,5.81145200e-17,2.20397700e-16,-1.65402900e-16,-3.95439500e-16,-1.54330700e-16,1.94238900e-19,1.15562800e-17,7.27978500e-18,1.06484200e-17,3.71868300e-18
1.49436346e+05,-6.57451400e+00,-6.07304200e-18,-2.45123800e-18,-9.29638100e-19,-5.13200000e-18,-2.26839100e-17,7.13009300e-17,-1.70618300e-16,-2.53319700e-17,-1.97194400e-17,-2.78651700e-16,-6.42612500e-17,-1.97193900e-16,8.96161200e-18,2.10578600e-17,1.22647000e-17,8.30673400e-18,2.30883800e-18
1.52642458e+05,-6.64321400e+00,-5.44470900e-18,-4.50102500e-18,-6.65489300e-18,-3.51766700e-18,-1.34157900e-17,2.41309000e-17,-9.38773100e-17,-1.11758700e-16,-2.03208300e-16,-3.90410400e-16,1.25169700e-16,-2.24792300e-16,2.64915000e-17,1.81139300e-17,8.05975600e-18,7.40202900e-18,2.08882900e-18
1.56440958e+05,-6.73172300e+00,-6.66683400e-18,-9.71759600e-18,-1.47598000e-18,1.34933500e-18,-8.91233500e-18,-3.68640000e-17,-7.07805100e-17,1.74343600e-16,-3.26360400e-16,-2.01165700e-16,4.50760100e-17,-2.81661100e-16,1.77782100e-17,1.02146100e-17,1.38674600e-17,6.66380900e-18,3.24038500e-18
1.60440958e+05,-6.84906800e+00,-8.09354900e-18,-3.02305700e-18,-1.45145200e-19,3.16779800e-18,-7.52593800e-18,-3.55146800e-17,-1.18836800e-16,2.98023200e-16,-3.72786400e-16,-1.37090700e-16,-2.79396800e-17,-3.24092300e-16,2.02818100e-17,2.12067200e-17,1.37096500e-17,6.54509600e-18,3.60994400e-18
1.64440958e+05,-6.85319300e+00,-1.01832100e-17,-8.57845600e-18,-5.16427300e-18,-7.59297400e-18,-1.13247600e-17,-4.81028100e-17,-1.73598500e-16,-7.45058000e-18,2.60942300e-16,3.57627900e-17,1.05798200e-16,-3.48188000e-16,7.64228500e-18,2.14978500e-17,1.16159500e-17,9.95313000e-18,1.86379900e-18
1.68440958e+05,-6.84620200e+00,-9.77017600e-18,-7.86265000e-18,-6.01467800e-18,-1.73925600e-17,-1.91067500e-17,-1.43912600e-16,-1.01327900e-16,3.44216800e-16,-2.71727700e-16,-1.53482000e-16,1.71363300e-17,-3.69123900e-16,3.11323300e-17,1.75878100e-17,1.43731400e-17,1.04584700e-17,3.08306900e-18
1.72440958e+05,-6.83742600e+00,-1.09277800e-17,-1.08541100e-17,-4.63589000e-18,5.01173900e-18,8.64020000e-18,-1.29314100e-16,-1.55717100e-16,2.27987800e-16,-4.99324600e-17,-4.17232500e-17,-1.34110400e-17,-4.54587300e-16,1.19223800e-17,1.79554000e-17,1.20282000e-17,9.59284300e-18,3.16540800e-18
1.76440958e+05,-6.82555400e+00,-9.78228300e-18,-9.51963900e-18,-6.96589700e-18,-9.94625300e-18,-5.82115800e-18,-9.02742600e-17,-1.49756700e-16,2.62260400e-16,-1.47211000e-16,-8.19563800e-17,4.39584200e-17,-3.78134400e-16,5.51003500e-17,2.10735000e-17,1.57983300e-17,6.91632500e-18,-1.82737800e-19
1.80440958e+05,-6.80864000e+00,-9.38405300e-18,-5.22015200e-18,-4.49831800e-18,-3.40834300e-18,1.74336700e-17,1.43249100e-17,-7.30156900e-17,-2.98023200e-16,-3.26228900e-17,-1.32620300e-16,-4.32133700e-17,-4.01708500e-16,-2.14413400e-19,2.30474300e-17,1.68228900e-17,7.56518300e-18,-1.60665100e-18
1.84440958e+05,-6.78484400e+00,-1.25773800e-17,-6.98079200e-18,-1.75912800e-18,1.04567000e-17,6.35632200e-18,1.11619000e-16,-5.51343000e-17,9.68575400e-17,-8.20967100e-17,-1.05798200e-16,1.49011600e-18,-3.36975800e-16,4.90200500e-17,2.62056000e-17,7.62983300e-18,1.05592800e-17,2.32741900e-18
1.88440958e+05,-6.73645600e+00,-1.29649200e-17,-1.01961200e-17,-5.39673800e-18,7.93546500e-18,-9.64587300e-18,-8.39354400e-17,-1.65402900e-16,4.91738300e-17,-2.08487500e-16,7.74860300e-17,2.23517400e-17,-3.78023800e-16,1.77366500e-17,2.26083800e-17,1.40962700e-17,1.04717300e-17,3.86698900e-18
1.92357821e+05,-6.65174500e+00,-9.13303500e-18,-7.86623100e-18,-6.29105900e-18,6.69656000e-18,-1.93415200e-17,-1.38534200e-17,-1.77323800e-16,8.79168500e-17,-1.85288400e-16,5.66244100e-17,4.88758100e-16,-3.00444700e-16,4.09383200e-17,1.09862600e-17,1.20541700e-17,1.02157000e-17,1.00012400e-17
1.95668504e+05,-6.57172800e+00,-9.81767000e-18,-8.83250100e-18,-8.74435800e-19,6.81713200e-19,-9.73942600e-18,-1.42585500e-16,-2.05636000e-16,-1.07288400e-16,-2.24188000e-16,-1.87754600e-16,3.12924400e-16,-1.78348300e-17,9.74951100e-17,2.63883400e-17,2.65849800e-17,1.79529800e-17,6.42185700e-18
1.98458871e+05,-6.50518500e+00,-1.45196300e-17,-1.15876800e-17,-1.61198200e-17,-3.50630100e-18,3.49700700e-19,-7.31088200e-18,-2.13086600e-16,2.19047100e-16,-2.33478800e-16,-3.39746500e-16,7.30156900e-17,-8.38655900e-17,1.13695600e-16,3.56223000e-17,1.60142300e-17,1.33283400e-17,5.30703700e-18
2.00882217e+05,-6.45132300e+00,-1.35436800e-17,-6.99272700e-18,-5.80201100e-19,1.18477800e-17,1.82717700e-17,9.56933900e-17,-6.85453400e-17,-4.02331300e-16,-3.18041300e-16,-2.19047100e-16,3.87430200e-16,-2.98349200e-16,1.34536900e-16,5.65296700e-17,2.84761600e-17,8.80548100e-18,5.14147700e-18
2.03051317e+05,-6.41170400e+00,-1.20240000e-17,-1.10089900e-17,-1.21067500e-17,3.88837400e-18,-8.17717600e-18,2.62633000e-17,-1.71363300e-16,-2.29477900e-16,1.85806300e-16,1.78813900e-16,-1.19209300e-16,-3.39653300e-16,1.94003800e-16,4.45818700e-17,1.99181300e-17,7.57393800e-18,3.84307700e-20
2.05069100e+05,-6.39458900e+00,-1.26967000e-17,-3.88342200e-18,-7.39298800e-18,3.45821100e-20,3.01497500e-20,-1.21537600e-16,-3.72529000e-17,-4.75347000e-16,-4.35692500e-16,-4.17232500e-17,-3.02493600e-16,-5.42029700e-16,1.33884300e-16,3.48993100e-17,2.60094500e-17,2.14051600e-17,4.97645800e-18
2.07096962e+05,-6.43272400e+00,-1.87981200e-17,-1.74696900e-17,-1.12648500e-17,1.45010400e-19,1.02611500e-17,-3.66941100e-17,-1.78813900e-16,1.20699400e-16,1.74388100e-16,-3.42726700e-16,-1.57952300e-16,-2.69617900e-16,1.79014800e-16,2.85411300e-17,2.43065800e-17,2.00170000e-17,5.00896900e-18
2.09392850e+05,-6.47189000e+00,-1.20086800e-17,-1.02262000e-17,-1.80828200e-18,-4.86489000e-18,2.18406100e-17,-1.49942900e-16,-3.29315600e-16,-1.49011600e-16,-8.22752700e-17,1.49011600e-16,-2.20537200e-16,-2.07126100e-16,2.37612700e-16,4.07961200e-17,3.15152000e-17,1.89069600e-17,9.59356800e-18
2.11833362e+05,-6.50331500e+00,-2.06058000e-17,-1.32925800e-17,-1.59596900e-17,-1.86003900e-17,3.88596200e-17,-6.89178700e-18,-4.11272000e-16,-1.87754600e-16,-5.64797800e-16,-1.13248800e-16,-3.39746500e-16,-4.25614400e-16,2.34556800e-16,4.90143000e-17,3.25352300e-17,1.82508200e-17,7.01506000e-18
2.14486250e+05,-6.54675200e+00,-1.44602000e-17,-1.61433000e-17,-1.67380000e-17,-4.25270900e-18,6.11054900e-17,2.47731800e-17,-2.14576700e-16,2.29477900e-16,6.67068500e-17,-3.36766200e-16,-2.17556900e-16,-2.99327100e-16,2.39226300e-16,3.04269000e-17,3.06399800e-17,2.07450900e-17,1.14075800e-17
2.17512133e+05,-6.63356700e+00,-1.05190800e-17,-8.09468500e-18,1.46902400e-18,-9.77744000e-18,7.87613300e-17,1.11758700e-17,-3.01003400e-16,-2.39908700e-16,-3.24835200e-16,-6.06477200e-16,-2.59280200e-16,-1.58697400e-16,2.58031500e-16,5.16578200e-17,3.72436100e-17,1.22213900e-17,2.03060400e-18
2.21343025e+05,-6.73492200e+00,-1.76331900e-17,-1.24669500e-17,-9.14742100e-18,-5.77069300e-18,6.12044500e-17,1.69500700e-16,-7.45058000e-17,-5.61773700e-16,-3.74238100e-16,-3.05473800e-16,9.83476600e-17,-2.15321800e-16,3.29473600e-16,6.55446700e-17,3.26128900e-17,1.84232200e-17,9.89509300e-18
2.25343025e+05,-6.72556800e+00,-2.05108800e-17,-1.06643700e-17,-1.23954400e-17,2.23009100e-17,1.00358700e-16,-1.91107400e-16,-1.63912800e-16,-2.93552900e-16,-1.21666600e-16,-3.44216800e-16,-6.55651100e-17,-2.66358200e-16,2.64418800e-16,6.59307400e-17,4.19614900e-17,2.14023300e-17,1.18507700e-17
2.29343025e+05,-6.72466100e+00,-2.04550100e-17,-1.21334000e-17,6.51616000e-19,5.30312100e-18,1.12879200e-17,1.97440400e-16,-4.17232500e-17,-2.68220900e-16,-2.54859100e-16,-6.57141200e-16,-1.07288400e-16,-2.73436300e-16,2.19779000e-16,6.49042900e-17,3.15182700e-17,1.88100100e-17,6.09239000e-18
2.33343025e+05,-6.72893000e+00,-2.13199000e-17,-1.14700100e-17,-6.90447200e-18,-1.45576200e-17,1.11380400e-17,1.56462200e-16,2.44379000e-16,-9.23871900e-17,-5.18413200e-17,-7.74860300e-17,2.38418600e-17,-5.32716500e-16,2.05668000e-16,7.28003300e-17,4.19569500e-17,2.40261000e-17,1.22304100e-17
2.37343025e+05,-6.73328800e+00,-3.42817400e-17,-1.00447700e-17,-1.42379600e-17,-2.41057400e-17,-9.87784000e-18,-3.35276100e-16,-6.85453400e-17,2.47359300e-16,3.42614700e-17,-2.13086600e-16,-1.10268600e-16,-4.01586300e-16,8.56933200e-17,6.90244700e-17,3.66151300e-17,1.14517800e-17,-7.37135500e-19
2.41343025e+05,-6.73589700e+00,-2.74767800e-17,-1.09234300e-17,-6.17757500e-18,-2.53761200e-17,3.82802700e-17,5.21540600e-18,2.71201100e-16,8.94069600e-17,8.29116700e-18,-5.99026700e-16,-3.27825500e-17,-4.29898500e-16,4.10334900e-17,4.02491800e-17,2.72831000e-17,2.84061000e-17,4.90681500e-18
2.45343025e+05,-6.73470200e+00,-2.11146800e-17,-2.03615500e-17,-1.57304600e-18,-3.48098100e-17,-7.67351600e-17,-1.77323800e-16,2.83122100e-16,-3.27825500e-17,-4.38104800e-16,-1.68383100e-16,7.51018500e-16,-3.03983700e-16,-3.34053800e-17,5.45301100e-17,2.32644900e-17,1.81566000e-17,1.14509100e-17
2.49343025e+05,-6.72249300e+00,-3.42397900e-17,-2.94206200e-17,-6.04537600e-18,-5.44900700e-17,2.39524500e-17,-1.80304000e-16,-4.17232500e-17,-2.01165700e-16,-6.75402700e-16,-5.08129600e-16,3.42726700e-16,-4.38094100e-16,2.61527000e-17,3.36372000e-17,3.37941400e-17,2.34351900e-17,5.97625400e-18
2.53343025e+05,-6.71239100e+00,-2.61381300e-17,-2.93933200e-17,-2.92109600e-17,-3.19462500e-17,-7.12461800e-18,-2.35438300e-16,-1.51991800e-16,-2.29477900e-16,2.69672700e-16,-8.31484800e-16,2.38418600e-17,-4.48524900e-16,3.20724200e-17,5.36661200e-17,4.08970800e-17,2.08813200e-17,-3.91122500e-18
2.57343025e+05,-6.70897900e+00,-2.54746000e-17,-2.21027900e-17,-2.31231800e-17,-4.72316600e-17,-1.93901400e-16,-1.96695300e-16,-9.83476600e-17,-2.41398800e-16,7.31864800e-17,-4.54485400e-16,1.37090700e-16,-3.12924400e-16,4.05591000e-17,6.87714200e-17,3.55826500e-17,3.00099300e-17,1.88469400e-17
2.61343025e+05,-6.73471100e+00,-2.63892600e-17,-6.00764900e-18,-5.84469100e-18,-6.58947100e-18,2.35647900e-16,-8.94069700e-18,4.76837100e-17,-1.17719200e-16,-7.19044000e-17,-7.70390000e-16,-3.06963900e-16,-3.50177300e-16,-7.49016200e-17,3.67101700e-17,4.92428500e-17,2.23798700e-17,1.25233500e-18
2.65343025e+05,-6.83170700e+00,-3.97425400e-17,-2.85948800e-17,-7.00448500e-18,-3.54744300e-17,1.63074600e-16,8.94069700e-18,5.06639500e-17,8.94069600e-17,-4.28602800e-16,-3.69548800e-16,4.76837100e-17,-2.81631900e-16,1.87940900e-16,4.38555800e-17,5.32280600e-17,1.77122500e-17,4.86901000e-18
2.69343025e+05,-6.91223900e+00,-3.26513900e-17,-1.83682100e-17,8.60085300e-18,2.04438900e-17,1.23633100e-16,-3.02493600e-16,-2.20537200e-16,-4.08291800e-16,-2.17180400e-16,-7.03334800e-16,1.60932500e-16,-4.57465600e-16,1.59675300e-16,1.64196100e-17,3.42988700e-17,2.81790200e-17,-2.86149200e-18
2.73343025e+05,-6.89799300e+00,-2.83762900e-17,-8.54822600e-18,-7.48866000e-18,-4.42711100e-17,2.85077800e-16,-1.84774400e-16,-3.48687200e-16,-6.86943500e-16,-6.52977600e-16,-1.75833700e-16,-1.31130200e-16,-2.45869200e-16,2.54437300e-16,-1.87895700e-17,5.25269400e-17,3.18231200e-17,6.43911000e-18
2.77343025e+05,-6.89675900e+00,-4.52250000e-17,-3.67097600e-17,-8.69435400e-18,1.10002900e-17,3.73739700e-16,-3.87430200e-16,-2.41398800e-16,-4.32133700e-16,-3.40351900e-16,-3.24845300e-16,-3.75509300e-16,-4.45544700e-16,5.00865300e-16,3.62385000e-17,6.06737700e-17,3.33175700e-17,6.91212000e-18
2.81343025e+05,-6.90110800e+00,-3.13042100e-17,-4.54120900e-17,-1.48511200e-17,2.80295800e-17,2.79676200e-16,-5.09619700e-16,-2.68220900e-17,-4.41074400e-16,6.41292200e-17,-5.08129600e-16,-1.13248800e-16,-7.89761500e-17,2.60584000e-16,-6.30693600e-18,5.20484000e-17,1.57613300e-17,2.99131000e-18
2.85343025e+05,-6.90814900e+00,-3.17970500e-17,-2.01605300e-17,8.09186500e-18,3.03511100e-17,6.68689600e-17,-3.79979600e-16,-1.57952300e-16,-3.24845300e-16,-2.34791400e-16,-7.15255700e-16,-3.39746500e-16,-1.63912800e-17,3.43285500e-16,-1.86868400e-17,6.53091100e-17,3.08521600e-17,4.91028200e-18
2.89343025e+05,-6.86302000e+00,-3.98882200e-17,-2.83391500e-17,-2.22921500e-17,9.36754100e-17,4.09223100e-16,-8.31484800e-16,-3.75509300e-16,-4.64916200e-16,-3.43045300e-16,1.17719200e-16,-1.49011600e-17,-4.55975500e-16,2.33948200e-16,-3.45176900e-17,6.28768400e-17,2.40179500e-17,4.64939400e-18
2.93343025e+05,-6.80486600e+00,-2.50823500e-17,-2.83443800e-17,1.77117300e-17,1.78469100e-16,3.30992000e-16,-3.29315700e-16,-1.54972100e-16,1.20699400e-16,-2.07545500e-16,2.98023200e-17,-2.47359300e-16,3.42726700e-17,2.25566300e-16,3.71414000e-17,7.96021700e-17,3.19607400e-17,8.89438400e-18
2.97343025e+05,-6.74625100e+00,-2.29711700e-17,1.31956700e-17,5.07899000e-17,2.73327400e-16,5.04776800e-16,-8.31484800e-16,-3.90410400e-16,-5.63263900e-16,-5.32421500e-16,-1.53482000e-16,1.25169800e-16,-1.59442400e-16,2.34693300e-16,1.35180000e-17,6.35164600e-17,5.06342100e-17,1.81646100e-17
3.01338283e+05,-6.68639800e+00,-3.34046700e-17,-2.87779300e-17,1.34784700e-17,3.53559500e-16,3.09199100e-16,-2.41398800e-16,-5.51342900e-16,-6.12437700e-16,-6.22702500e-16,-1.49011600e-17,8.04662700e-17,-1.63912800e-17,2.23517400e-16,9.03248300e-17,6.79831000e-17,2.89470500e-17,1.94526000e-19
3.04987088e+05,-6.62336100e+00,-4.14015700e-17,-1.97208300e-17,1.75948300e-17,2.55293700e-16,1.79931500e-16,-4.61936000e-16,-3.51667400e-16,-5.28991200e-16,-7.65862400e-16,-3.71038900e-16,-3.36766200e-16,-4.76837100e-16,2.94297900e-16,1.01532700e-16,4.23756700e-17,4.05001500e-17,1.07925700e-17
3.08165158e+05,-6.56727600e+00,-4.73718200e-17,-1.31868200e-17,1.51806900e-17,3.63225300e-16,2.24262500e-16,-2.99513300e-16,-6.37769700e-16,-8.94069600e-16,-3.34482700e-16,-9.83476600e-17,-1.28150000e-16,-5.81145300e-17,2.80141800e-16,1.64713500e-16,7.59825500e-17,5.62013600e-17,7.25493800e-18
3.10974850e+05,-6.51767800e+00,-4.46482700e-17,-2.36225100e-17,2.57198600e-17,3.06274200e-16,1.41188500e-16,-4.91738300e-16,-2.50339500e-16,-7.77840600e-16,-4.27400600e-16,2.80141800e-16,-5.96046400e-18,-1.56462200e-16,2.29850400e-16,1.75434300e-16,5.40937200e-17,4.45620900e-17,3.54267900e-18
3.13506362e+05,-6.48095700e+00,-5.22453900e-17,-3.96481700e-17,-3.71223600e-17,3.24034800e-16,2.06008500e-16,-7.09295200e-16,2.38418600e-17,-1.10119600e-15,-7.70804800e-17,3.24845300e-16,-2.74181400e-16,-2.39908700e-16,2.26125100e-16,1.56325400e-16,6.83405300e-17,3.98213100e-17,1.37767600e-18
3.15905904e+05,-6.48486500e+00,-3.77831300e-17,-1.15658300e-17,1.89075600e-17,3.91226800e-16,-1.22189500e-16,-6.31809200e-16,-4.02331300e-16,-2.26497600e-16,-1.29184100e-15,-1.38580800e-16,-3.57627900e-16,-2.62260400e-16,2.63005500e-16,1.64241600e-16,5.25553400e-17,5.58685100e-17,1.57890400e-18
3.18383346e+05,-6.47969300e+00,-4.63634800e-17,-2.64388400e-17,2.19973600e-17,3.46347200e-16,1.49011600e-17,-5.26011000e-16,-4.88758100e-16,-3.08454000e-16,-2.11274900e-16,-3.33786000e-16,1.49011600e-17,9.53674300e-17,3.05473800e-16,1.48333500e-16,6.71615600e-17,4.38429600e-17,-4.26196200e-18
3.20763833e+05,-6.46964900e+00,-5.43149500e-17,-4.50652800e-17,2.73034100e-17,3.33902400e-16,1.98185400e-16,-5.88595800e-16,-5.18560400e-16,-6.97374300e-16,1.19238000e-16,5.36441800e-17,-3.66568600e-16,-5.72204600e-16,4.46289800e-16,2.03140400e-16,1.04519100e-16,4.71610700e-17,1.20288500e-17
3.23150596e+05,-6.49031500e+00,-6.39399700e-17,-2.98405900e-17,-4.98038200e-18,3.87927900e-16,1.28150000e-16,-8.92579500e-16,-1.40070900e-16,-8.12113200e-16,3.77728100e-17,1.96695300e-16,-4.41074400e-16,8.49366200e-17,2.31713000e-16,1.00006600e-16,5.45178500e-17,7.01315200e-17,4.26901000e-18
3.25829050e+05,-6.57018700e+00,-3.02499500e-17,-1.42595500e-17,4.05436700e-17,3.93754500e-16,-9.90927200e-17,-7.25686500e-16,-8.64267300e-17,-5.20050500e-16,-6.14391100e-16,-2.38418600e-17,-3.27825500e-16,-4.12762100e-16,2.73436300e-16,1.33935800e-16,8.20192100e-17,6.77968200e-17,3.87478700e-18
3.28736671e+05,-6.55479300e+00,-6.60764800e-17,-6.40206500e-17,-1.70456900e-17,4.56540100e-16,8.04662700e-17,-6.03497000e-16,-5.00679000e-16,-5.64754000e-16,-3.76455400e-16,2.27987800e-16,2.68220900e-17,-1.78813900e-17,3.68803700e-16,1.11598600e-16,8.52487000e-17,3.77225700e-17,-9.50131100e-18
3.31644429e+05,-6.57163500e+00,-4.48536300e-17,-2.47090300e-17,3.06300500e-17,3.80142600e-16,1.53482000e-16,-5.20050500e-16,-7.12275500e-16,-5.51342900e-16,-2.42975900e-16,-2.83122000e-17,-3.78489500e-16,-4.02331300e-17,2.17556900e-16,8.58388400e-17,1.20115000e-16,4.39502200e-17,-1.14211700e-17
3.34721896e+05,-6.60466600e+00,-6.86699900e-17,-3.23716200e-17,-2.46953200e-17,5.90749500e-17,2.01165700e-16,-7.34627200e-16,-3.01003400e-16,-1.24871700e-15,-1.08277300e-15,3.29315600e-16,-3.06963900e-16,-2.53319700e-16,5.31226400e-16,1.96619700e-16,4.54043600e-17,5.62447200e-17,2.43942400e-17
3.38067237e+05,-6.64347500e+00,-4.22033000e-17,-4.57383500e-17,-4.08474800e-17,-1.30233800e-16,8.34465000e-17,2.04145900e-16,-2.68220900e-16,-2.95043000e-16,-1.75063500e-16,-3.21865100e-16,8.34465000e-17,5.96046400e-18,2.29477900e-16,2.25112300e-16,1.03457900e-16,4.21569600e-17,1.91579500e-17
3.41721017e+05,-6.68028300e+00,-7.45394300e-17,-5.21657200e-17,-1.22767000e-17,-1.20175500e-16,1.75833700e-16,-1.78813900e-16,-9.05990600e-16,-4.69386500e-16,-5.88199100e-16,-8.91089400e-16,-3.78489500e-16,-1.51991800e-16,4.70876700e-16,2.60979900e-16,1.03889400e-16,6.45275700e-17,1.67558700e-17
3.45660796e+05,-6.71258400e+00,-4.81203600e-17,-3.18576200e-17,1.79573800e-17,-1.31316500e-17,1.25169800e-16,6.70552200e-17,-6.40749900e-16,-6.95884200e-16,-9.23139100e-16,-9.38773100e-17,1.72853500e-16,3.57627900e-17,5.52833100e-16,1.07963600e-16,1.29732800e-16,8.28830400e-17,3.38372400e-17
3.49660796e+05,-6.75230600e+00,-5.75157000e-17,-4.55419600e-17,3.79039400e-17,1.24448000e-16,-1.59442400e-16,-6.21378400e-16,-4.17232500e-16,-4.21702800e-16,-5.76686400e-16,-6.49690600e-16,-8.04662700e-17,-8.04662700e-17,4.75347000e-16,1.72876700e-16,1.03716900e-16,5.60650600e-17,1.61567500e-17
3.53660796e+05,-6.83485600e+00,-5.26341400e-17,-5.98796300e-17,4.19297500e-18,1.89524100e-17,-1.98185400e-16,-3.44216800e-16,-7.74860400e-17,-1.49607700e-15,6.24928200e-17,-3.85940100e-16,-3.96370900e-16,-1.38580800e-16,3.97861000e-16,1.68010600e-16,1.27413000e-16,4.03400900e-17,2.46684900e-17
3.57660796e+05,-6.95215900e+00,-7.29518200e-17,-4.48811600e-17,6.61539200e-18,2.08616300e-17,2.44379000e-16,-2.36928500e-16,3.57627900e-17,-4.47034800e-17,-1.16383300e-16,6.28829000e-16,-5.84125500e-16,-1.35600600e-16,5.70714500e-16,2.86661100e-16,2.18422600e-16,3.98201900e-17,-5.60377500e-18
3.61660796e+05,-6.93872400e+00,-7.21445400e-17,-5.86585000e-17,1.91616000e-17,-6.14672900e-18,-1.57952300e-16,-2.86102300e-16,-6.64591800e-16,-3.12924400e-17,-2.79351300e-16,-6.27338900e-16,-9.23872000e-17,-4.84287700e-16,3.26335400e-16,2.42888900e-16,2.19254900e-16,4.97398500e-17,1.40797100e-17
3.65660796e+05,-6.90843900e+00,-6.19971000e-17,-6.05700400e-17,3.69385800e-17,1.54320100e-16,7.30156900e-17,-2.36928500e-16,3.72529000e-16,3.14414500e-16,-5.35087900e-16,1.14738900e-16,-1.21891500e-15,-1.74343600e-16,2.96533100e-16,1.16135900e-16,2.51506800e-16,1.12708800e-16,1.53221100e-17
3.69660796e+05,-6.88757300e+00,-4.18321300e-17,-7.95829700e-17,-5.80425900e-17,7.91624200e-17,-3.57627900e-17,-2.68220900e-17,-4.26173200e-16,7.89761500e-17,-1.06713000e-16,1.84774400e-16,-5.87105700e-16,-3.27825500e-16,1.04308100e-16,3.08081500e-16,3.33832800e-16,9.47286600e-17,-2.06686400e-18
3.73660796e+05,-6.87425200e+00,-2.86343600e-17,-3.58502600e-17,-1.08115700e-16,2.81259400e-17,-3.60608100e-16,4.02331300e-17,-4.91738300e-16,2.29477900e-16,-1.05797200e-16,-5.88595900e-16,-4.14252300e-16,-4.20212700e-16,3.27825500e-16,2.59280200e-16,2.34218000e-16,4.65779900e-17,7.83323300e-18
3.77660796e+05,-6.86663000e+00,-7.48120600e-17,-5.77955600e-17,-1.29556200e-16,1.33365400e-16,7.59959200e-17,-2.77161600e-16,-9.53674300e-16,4.88758100e-16,-1.58142900e-16,1.04308100e-17,5.24520900e-16,-7.21216200e-16,2.19047100e-16,2.25752600e-16,2.81179700e-16,1.33049800e-16,4.03907400e-17
3.81660796e+05,-6.86318300e+00,-8.09960500e-17,-5.70144900e-17,-8.60029100e-17,2.40840000e-16,-1.29640100e-16,-1.23679600e-16,1.01327900e-16,2.78651700e-16,-1.21945100e-16,-4.32133700e-16,6.85453400e-17,-9.38773100e-17,4.06801700e-16,-6.98491900e-17,3.02025400e-16,1.09662500e-16,1.58365100e-17
3.85660796e+05,-6.86278900e+00,-7.77773800e-17,-4.56452500e-17,-7.71189700e-17,2.67848400e-16,-1.37090700e-16,-1.40070900e-16,-3.84450000e-16,-6.98864500e-16,-3.62755600e-16,-3.17394700e-16,2.68220900e-17,-2.63750500e-16,1.53482000e-16,8.04662700e-17,3.99177600e-16,8.91350100e-17,-1.43190600e-17
3.89660796e+05,-6.86478800e+00,-6.72501700e-17,-5.06708400e-17,-1.70217800e-16,4.91738300e-17,1.49011600e-18,-4.76837200e-17,-1.09076500e-15,-8.37445300e-16,-6.53335500e-16,-3.32295900e-16,-5.72204600e-16,-7.45058100e-17,-1.17719200e-16,3.91155500e-17,4.69309500e-16,1.04035400e-16,6.61044700e-17
3.93660796e+05,-6.86923200e+00,-8.44951600e-17,-5.58536800e-17,-3.09413400e-16,-1.30012600e-16,1.43051100e-16,-1.95205200e-16,-2.26497600e-16,-3.72529000e-17,7.73365200e-17,-2.53319700e-17,-1.13248800e-16,3.59118000e-16,-9.83476600e-17,1.89989800e-17,5.78733700e-16,8.52929000e-17,3.76785200e-17
3.97660796e+05,-6.87767500e+00,-8.79603600e-17,-6.40080300e-17,-3.51975200e-16,-9.16421400e-17,7.30156900e-17,-2.56300000e-16,-2.47359300e-16,-1.22338500e-15,4.58765900e-16,-6.49690600e-16,-7.00354600e-16,-3.51667400e-16,1.19209300e-17,-9.61124900e-17,5.83726100e-16,1.41235000e-16,2.87392800e-17
4.01660796e+05,-6.89505500e+00,-7.76269600e-17,-4.82497700e-17,-3.98007300e-16,5.66244100e-17,-1.04308100e-17,7.13765600e-16,-2.77161600e-16,-2.74181400e-16,-7.05502100e-17,-3.93390700e-16,1.87754600e-16,-2.63750600e-16,6.85453400e-17,-2.11596500e-16,7.36047500e-16,1.06211300e-16,2.51695600e-17
4.05660796e+05,-6.93191600e+00,-8.25202100e-17,-3.07249000e-17,-4.70197100e-16,-4.84287700e-17,-1.93715100e-17,5.06639500e-17,-6.55651100e-16,-1.29640100e-15,-3.67653600e-16,-9.98377800e-17,2.02655800e-16,2.86102300e-16,-2.53319700e-17,1.15484000e-17,7.51021400e-16,1.14833000e-16,2.49661500e-17
4.09660796e+05,-6.97872800e+00,-8.19082900e-17,-7.45911800e-17,-4.41097700e-16,2.98023200e-18,3.26335400e-16,8.19563900e-17,-2.98023200e-17,-9.73045800e-16,-1.17150000e-16,1.49011600e-18,-8.40425500e-16,-4.45544700e-16,-2.83122100e-17,5.58793500e-18,8.11858600e-16,1.29150300e-16,8.70026600e-18
4.13660796e+05,-6.99958900e+00,-6.97755000e-17,-6.68415200e-17,-7.51475500e-16,1.53109400e-16,8.32974900e-16,2.77161600e-16,-5.87105700e-16,-6.55651100e-17,-6.48150200e-17,-4.09781900e-16,-7.92741800e-16,-8.64267300e-17,-6.39259800e-16,-8.12113300e-17,9.88920500e-16,1.11468400e-16,-4.92306100e-18
4.17660796e+05,-7.02990200e+00,-1.30897000e-16,-1.03761500e-16,-7.32904300e-16,1.90734900e-16,5.17070300e-16,-1.19209300e-16,-7.18236000e-16,-1.43051100e-16,-3.66671500e-16,-3.30805800e-16,-7.00354600e-16,4.08291800e-16,4.61936000e-17,2.04891000e-16,8.23181500e-16,9.30950400e-17,-5.27359100e-19
4.21660796e+05,-7.07325000e+00,-9.08964000e-17,-3.66820600e-17,-6.78395700e-16,9.68575500e-17,5.49852800e-16,-1.13248800e-16,-5.33461600e-16,-2.29477900e-16,-5.84303600e-16,-4.23193000e-16,-3.57627900e-16,-3.15904600e-16,5.51343000e-17,9.68575500e-17,9.16488400e-16,1.29967500e-16,1.54078700e-17
4.25660796e+05,-7.09940000e+00,-6.24145600e-17,-1.77465200e-19,-6.50592800e-16,-5.66244100e-17,2.57790100e-16,8.94069700e-17,-9.20891800e-16,-3.01003500e-16,-2.42300100e-16,-4.17232500e-17,-2.65240700e-16,-4.14252300e-16,5.66244100e-17,3.44216800e-16,8.18469600e-16,1.04479800e-16,1.04830100e-17
4.29660796e+05,-7.11576400e+00,-1.31224400e-16,-3.75430100e-17,-6.29009400e-16,3.56882800e-16,6.54161000e-16,1.25169800e-16,-1.90734900e-16,-1.13546800e-15,-2.85285000e-16,-5.14090100e-16,-4.14252300e-16,5.51343000e-17,-9.68575500e-17,-6.85453400e-17,7.28876300e-16,9.67482700e-17,7.06701300e-18
4.33660796e+05,-7.09503900e+00,-1.20930200e-16,-8.15787900e-17,-8.71502600e-16,1.29640100e-16,1.04755200e-15,-2.01165700e-16,-5.18560400e-16,6.10947600e-17,-4.64080600e-16,7.00354600e-17,-2.68220900e-16,-1.84774400e-16,-1.07288400e-16,1.54972100e-16,8.04942100e-16,9.69431800e-17,1.05815700e-17
4.37660796e+05,-7.07509300e+00,-1.33923900e-16,-1.39787500e-16,-8.78633000e-16,3.61353200e-16,1.00284800e-15,-3.85940100e-16,-4.20212700e-16,-1.03861100e-15,1.06571200e-16,-4.72366800e-16,-1.60932500e-16,-5.78165100e-16,-1.90734900e-16,2.10851400e-16,7.20901900e-16,6.65317200e-17,-3.89923100e-19
4.41660796e+05,-7.05577000e+00,-9.77904500e-17,-7.06896100e-17,-8.44651400e-16,2.98023200e-18,4.54485400e-16,1.35600600e-16,-8.34465000e-17,-7.03334800e-16,-3.65669000e-16,2.66730800e-16,-4.55975500e-16,-4.05311600e-16,-2.25007500e-16,6.70552200e-18,6.73427700e-16,7.50906600e-17,-1.28670800e-18
4.45660796e+05,-7.03690800e+00,-1.15220800e-16,-9.38806800e-17,-8.39389400e-16,-7.89761500e-17,5.08129600e-16,3.11434300e-16,-7.80820800e-16,-4.82797600e-16,-3.76491800e-16,-5.87105800e-16,3.21865100e-16,-5.51343000e-16,-5.51343000e-17,1.81049100e-16,7.46978900e-16,1.17085100e-16,4.84847000e-17
4.49660796e+05,-7.01834300e+00,-1.18849300e-16,-1.12937900e-16,-9.09296800e-16,-1.04308100e-16,7.97212100e-16,5.96046400e-17,-3.24845300e-16,1.63912800e-17,-1.52610600e-16,-1.66893000e-16,-1.31130200e-16,-5.00679000e-16,9.08970800e-17,1.49011600e-16,7.25337300e-16,1.22983100e-16,1.20381900e-18
4.53660796e+05,-6.99992400e+00,-1.11986200e-16,-1.00724100e-16,-9.41730100e-16,-2.20537200e-16,9.35792900e-16,6.06477300e-16,-7.15255700e-17,-7.06315000e-16,-3.47947800e-16,8.49366200e-17,4.99188900e-16,-7.46548200e-16,-3.18884800e-16,1.14738900e-16,6.96815500e-16,7.52063900e-17,1.86885900e-17
4.57660796e+05,-6.98153900e+00,-1.11619900e-16,-8.33023500e-17,-1.00093900e-15,-2.13086600e-16,5.66244100e-16,8.19563900e-17,-2.50339500e-16,-5.26011000e-16,-7.00179900e-16,-1.21295500e-15,5.05149400e-16,-8.76188300e-16,-4.76837200e-17,1.75088600e-16,5.80307100e-16,7.75343300e-17,-2.75539400e-18
4.61660796e+05,-6.96318100e+00,-9.14334400e-17,-9.63596900e-17,-7.06361600e-16,6.78002800e-17,5.55813300e-16,1.53482000e-16,-5.17070300e-16,-2.16066800e-16,-2.85864200e-16,-4.85777900e-16,2.08616300e-16,2.83122100e-17,-2.54809900e-16,1.14738900e-16,6.76559300e-16,1.13643500e-16,5.12568500e-19
4.65660796e+05,-6.94511200e+00,-1.29963400e-16,-1.49959500e-16,-9.23825400e-16,-2.91317700e-16,9.17911500e-16,-1.25169800e-16,-3.94880800e-16,-4.20212700e-16,-5.75709900e-16,-6.55651100e-16,2.47359300e-16,-9.79006300e-16,-5.55813300e-16,-2.10851400e-16,6.23054800e-16,9.86952700e-17,2.23137700e-18
4.69660796e+05,-6.92828200e+00,-1.22442300e-16,-1.08615900e-16,-8.86525900e-16,2.17557000e-16,3.53157500e-16,4.48525000e-16,-1.77323800e-16,-8.97049900e-16,-3.20837200e-16,-3.32295900e-16,-4.63426100e-16,-8.16583600e-16,4.91738300e-17,-1.24424700e-16,7.26059100e-16,1.65872300e-17,1.27517200e-17
4.73660796e+05,-6.91538300e+00,-1.17586300e-16,-9.74229800e-17,-7.87945500e-16,-1.42306100e-16,4.48524900e-16,1.02818000e-16,-4.27663300e-16,-4.05311600e-16,1.81031200e-16,-6.22868500e-16,-4.35113900e-16,-1.96695300e-16,2.33948200e-16,-2.74181400e-16,6.36605500e-16,6.43592100e-17,-6.81905000e-19
4.77660796e+05,-6.91303900e+00,-1.53909100e-16,-1.85665200e-16,-6.73346200e-16,-9.61124900e-17,8.58306900e-16,6.40749900e-17,-9.23872000e-17,-4.47034800e-16,-3.47539300e-16,-6.37769700e-16,-3.78489500e-16,-3.48687200e-16,3.03983700e-16,-3.79979600e-17,4.31574900e-16,1.15319700e-16,2.34595300e-17
4.81660796e+05,-6.93367400e+00,-8.59011600e-17,-1.81858900e-16,-6.38281900e-16,-6.70552200e-18,2.26497600e-16,8.04662700e-17,-1.14738900e-16,-4.41074400e-16,-1.93101200e-16,-1.06841300e-15,-7.76350500e-16,-4.85777900e-16,5.24520900e-16,4.54485400e-17,4.96907200e-16,8.91411200e-17,1.66788100e-17
4.85660796e+05,-6.92795500e+00,-1.23546500e-16,-9.69800600e-17,-5.12599900e-16,-1.74343600e-16,4.17232500e-16,6.86943500e-16,-4.99188900e-16,-5.60283700e-16,-4.98636600e-16,-3.97861000e-16,-2.98023200e-16,-7.56979000e-16,3.54647600e-16,1.41561000e-16,3.16090900e-16,6.91022300e-17,1.10754400e-17
4.89660796e+05,-6.93553500e+00,-1.06496500e-16,-1.13737000e-16,-4.08757500e-16,-6.25848800e-17,4.24683100e-16,2.93552900e-16,-5.94556300e-16,-9.34302800e-16,-1.21915700e-15,-7.64429600e-16,-2.84612200e-16,-4.36604000e-16,7.59959200e-17,1.49011600e-17,2.96253700e-16,1.01092200e-17,1.23750200e-17
4.93660796e+05,-6.96216500e+00,-8.72133300e-17,-1.70602900e-16,-3.74298500e-16,-1.41561000e-16,3.76999400e-16,1.26659900e-16,-8.04662700e-16,1.69873200e-16,-6.84770900e-16,-6.89923800e-16,-5.48362700e-16,-6.51180700e-16,2.30968000e-16,7.82311000e-17,3.26801100e-16,-4.09249000e-17,-1.29484300e-17
4.97660796e+05,-7.01410800e+00,-9.21848100e-17,-1.95281600e-16,-3.53343800e-16,-6.18398200e-17,2.53319700e-16,4.17232500e-16,1.84774400e-16,-2.48849400e-16,-3.40860800e-16,-1.37835700e-15,-1.83284300e-16,2.25007500e-16,5.33461600e-16,1.43051100e-16,5.03473000e-16,-4.84618800e-17,-5.84131600e-17
5.01660796e+05,-7.08541500e+00,-7.42156100e-17,-1.77007300e-16,-1.13155700e-16,4.76837200e-17,-9.68575500e-17,2.19047100e-16,-9.56654500e-16,-4.99188900e-16,-8.47254200e-16,-7.53998800e-16,-6.89923800e-16,-3.50177300e-16,4.75347000e-16,6.40749900e-17,3.06312000e-16,5.16023600e-17,4.27822400e-17
5.05660796e+05,-7.09497100e+00,-9.99102000e-17,-1.54571500e-16,-1.55903400e-16,-1.37090700e-16,2.83122100e-16,-4.30643600e-16,1.49011600e-18,-7.00354600e-16,-1.36772500e-16,-7.49528400e-16,-7.07805200e-16,-6.22868500e-16,4.12762200e-16,-1.56462200e-16,3.56417100e-16,2.30655100e-17,-1.91707600e-17
5.09660796e+05,-7.11097500e+00,-7.92631500e-17,-1.69496500e-16,-4.46103500e-17,-9.38773100e-17,-3.87430200e-16,3.63588300e-16,9.68575500e-17,-4.26173200e-16,-6.72501500e-16,-1.26510900e-15,-6.76512700e-16,-5.27501100e-16,5.96046400e-16,1.41561000e-16,2.28453400e-16,4.19451700e-17,2.80747400e-18
5.13660796e+05,-7.13039100e+00,-8.71094900e-17,-1.34723600e-16,-1.85519500e-16,-8.49366200e-17,-1.29640100e-16,-2.87592400e-16,-4.44054600e-16,5.06639500e-17,-6.75373400e-16,-1.77323800e-16,-1.19209300e-17,-1.06841300e-15,3.54647600e-16,5.73694700e-17,4.31016100e-16,7.51373600e-17,2.55847000e-17
5.17660796e+05,-7.15094600e+00,-9.35092900e-17,-1.66099900e-16,5.17815300e-17,-1.14738900e-16,-1.13248800e-16,4.61936000e-17,-3.14414500e-16,-8.24034200e-16,2.58489100e-16,-5.21540600e-17,7.45058100e-17,1.78813900e-16,2.72691200e-16,5.43892400e-17,4.24310600e-16,2.96189700e-17,-3.08596100e-18
5.21660796e+05,-7.17126000e+00,-8.26784600e-17,-1.44134900e-16,-2.73250000e-16,-5.51343000e-17,3.32295900e-16,-1.56462200e-16,-6.19888300e-16,-1.40070900e-16,-3.64033300e-16,-9.87947000e-16,3.23355200e-16,-4.85777900e-16,6.02006900e-16,9.38773100e-17,2.29477900e-16,-2.84526300e-17,-2.25745000e-17
5.25660796e+05,-7.19060700e+00,-5.32297200e-17,-1.25202900e-16,-4.65661300e-18,5.59538600e-16,6.85453400e-17,-8.79168500e-17,-4.50015100e-16,1.11758700e-16,-2.12432600e-16,-1.23679600e-16,-3.47197100e-16,-8.04662700e-17,2.90572600e-16,-5.51343000e-17,3.31550800e-16,5.64003100e-17,1.01391400e-17
5.29660796e+05,-7.20868200e+00,-9.07570400e-17,-1.73770600e-16,-9.66712800e-17,3.28570600e-16,1.43051100e-16,-1.32620300e-16,-1.51991800e-16,-7.43567900e-16,-1.52154900e-16,5.40912200e-16,-3.27825500e-17,-9.46223700e-16,3.87430200e-16,-1.16974100e-16,4.22075400e-16,4.18276600e-17,-1.99851000e-17
5.33660796e+05,-7.22544100e+00,-1.16629500e-16,-2.25796200e-16,-4.58210700e-17,1.80304000e-16,-4.05311600e-16,-3.50177300e-16,-3.02493600e-16,1.86264500e-16,-2.59870700e-16,-2.98023200e-17,-4.15742400e-16,-7.82311000e-16,3.17394700e-16,-7.30156900e-17,2.37487300e-16,6.66856100e-17,1.75874000e-17
5.37660796e+05,-7.24102800e+00,-9.79932800e-17,-1.83945700e-16,5.77420000e-17,1.94460200e-16,-4.76837200e-17,-3.85940100e-16,-9.49204000e-16,-4.57465600e-16,-5.62817900e-16,-2.99513300e-16,-1.63912800e-17,4.47034800e-18,6.25848800e-16,-6.55651100e-17,3.21865100e-16,1.48228000e-16,-1.53850100e-17
5.41660796e+05,-7.25573900e+00,-8.07614000e-17,-2.71453600e-16,-4.88013000e-17,1.11013700e-16,6.85453400e-17,2.01165700e-16,1.75833700e-16,-1.08629500e-15,-8.16099800e-16,-1.19209300e-17,-6.48200500e-16,-3.71038900e-16,-1.46031400e-16,-3.85195000e-16,3.77744400e-16,1.63167000e-16,-4.12428600e-18
5.45660796e+05,-7.27000900e+00,-1.12513100e-16,-2.32368600e-16,5.60656200e-17,5.28991200e-17,-4.27663300e-16,-6.10947600e-17,-5.84125500e-16,6.43730200e-16,-1.24242800e-16,1.92225000e-16,7.28666800e-16,1.84774400e-16,1.84774400e-16,-9.31322600e-17,5.05149400e-16,1.96161300e-16,-8.22702500e-17
5.49660796e+05,-7.28442500e+00,-1.12321800e-16,-2.47263200e-16,8.19563900e-18,2.33203200e-16,-2.45869200e-16,-7.45058100e-17,-7.62939500e-16,-6.28829000e-16,-2.93347900e-16,-2.04145900e-16,-2.04145900e-16,-5.23030800e-16,2.80141800e-16,-2.24262500e-16,2.68593400e-16,2.28191500e-16,-8.23656600e-18
5.53660796e+05,-7.29972900e+00,-1.26204600e-16,-2.89000300e-16,1.11758700e-16,1.33365400e-16,-4.30643600e-16,-3.08454000e-16,-2.95043000e-16,1.60932500e-16,-6.33739900e-16,-8.74698200e-16,-3.76999400e-16,-2.65240700e-16,4.47034800e-17,-4.50760100e-16,4.10713300e-16,1.78972600e-16,1.55837400e-18
5.57660796e+05,-7.31680000e+00,-9.05461500e-17,-2.79812200e-16,1.93715100e-17,1.87009600e-16,-4.36604000e-16,-3.18884800e-16,5.21540600e-17,1.07288400e-16,1.20158900e-16,-8.76188300e-16,-4.44054600e-16,-6.36279600e-16,2.87592400e-16,-2.48849400e-16,3.89292800e-16,2.48781700e-16,-5.19475200e-17
5.61660796e+05,-7.31747200e+00,-1.01853700e-16,-2.63279100e-16,6.29574100e-17,5.81145300e-17,-6.55651100e-17,2.42888900e-16,-6.75022600e-16,7.30156900e-17,-6.61771200e-16,-9.96887700e-16,-4.48525000e-16,-1.31130200e-16,5.48362700e-16,-6.86943500e-16,2.77906700e-16,2.62988000e-16,-1.91599600e-17
5.65660796e+05,-7.31736800e+00,-8.12914500e-17,-2.92109300e-16,1.42678600e-16,-1.13248800e-16,-4.17232500e-16,1.19209300e-17,-4.85777900e-16,5.28991200e-16,-3.53668600e-17,-7.43567900e-16,3.35276100e-16,3.42726700e-17,2.32458100e-16,-4.99934000e-16,4.31016100e-16,4.65454600e-16,1.50722800e-17
5.69660796e+05,-7.31797500e+00,-7.24036900e-17,-2.59700800e-16,-4.28408400e-17,1.03563100e-16,-2.93552900e-16,1.41561000e-16,-2.08616300e-16,-1.34110500e-17,-8.49663600e-17,9.53674300e-17,-4.02331400e-16,-1.80304100e-16,2.98023200e-16,-7.04824900e-16,2.63750600e-16,4.84089800e-16,-2.65244600e-17
5.73660796e+05,-7.31962600e+00,-8.69819400e-17,-3.60024600e-16,9.12696100e-17,-1.46031400e-16,6.40749900e-17,-4.30643600e-16,-4.50015100e-16,-6.34789500e-16,-9.44496100e-16,-1.07139300e-15,2.93552900e-16,-7.59959200e-17,3.81469700e-16,-8.03917600e-16,1.03190500e-16,4.89517700e-16,-5.55083300e-17
5.77660796e+05,-7.32276600e+00,-1.10505400e-16,-3.35049100e-16,-4.58210700e-17,8.27014400e-17,4.32133700e-17,-9.68575500e-17,-7.59959200e-16,-7.70390000e-16,-3.28348400e-16,1.17719200e-16,1.38580800e-16,6.10947600e-17,7.30156900e-17,-5.78165100e-16,4.26918300e-16,5.18253400e-16,-3.55553300e-18
5.81660796e+05,-7.32796700e+00,-8.99227000e-17,-4.04263800e-16,2.16066800e-16,1.20699400e-16,-4.11272000e-16,1.02818000e-16,-8.49366200e-17,-3.24845300e-16,-9.68855900e-16,-1.74343600e-15,-8.34465000e-17,-1.47521500e-16,-4.91738300e-17,-6.57141200e-16,4.39211700e-16,5.22306100e-16,4.86197700e-18
5.85660796e+05,-7.33593300e+00,-1.30705000e-16,-3.83381800e-16,8.60542100e-17,2.08616300e-17,1.60932500e-16,2.11596500e-16,-3.68058700e-16,4.11272000e-16,-5.23800500e-16,-8.94069700e-16,-3.90410400e-16,-4.44054600e-16,4.91738300e-16,-4.48524900e-16,4.87640500e-16,6.48284900e-16,-1.75270100e-17
5.89660796e+05,-7.34746200e+00,-1.06985800e-16,-3.02316000e-16,5.32716500e-17,1.78813900e-17,-1.75833700e-16,2.53319700e-17,1.47521500e-16,-6.31809200e-16,-8.29457700e-16,-6.83963300e-16,-2.77161600e-16,-1.80304100e-16,2.89082500e-16,-6.58631300e-16,4.88758100e-16,6.60636600e-16,-3.78306600e-17
5.93660796e+05,-7.36335300e+00,-1.38092900e-16,-4.09569500e-16,-3.65078400e-17,2.39908700e-16,-3.63588300e-16,4.75347000e-16,-3.45706900e-16,5.96046400e-18,-1.01696300e-15,-6.55651100e-17,-1.62422700e-16,-9.98377800e-17,-2.78651700e-16,-6.86198500e-16,4.65661300e-16,7.61554100e-16,1.64910500e-17
5.97660796e+05,-7.38423800e+00,-1.22508800e-16,-3.77916100e-16,5.62518800e-17,3.41981600e-16,2.98023200e-17,-1.19209300e-17,-3.21865100e-16,-2.16066800e-16,-4.49416900e-16,-3.27825500e-16,1.38580800e-16,-5.63263900e-16,-2.53319700e-17,-8.23289200e-16,4.83542700e-16,7.40774000e-16,-5.82857900e-17
6.01660796e+05,-7.40380200e+00,-1.21270300e-16,-4.57861500e-16,1.06543300e-16,2.04145900e-16,2.38418600e-17,-2.50339500e-16,-1.05798200e-16,-8.94069700e-18,-9.71795900e-16,-3.66568600e-16,-3.87430200e-17,-4.73856900e-16,-5.81145300e-17,-8.37445300e-16,3.27825500e-16,8.37570400e-16,1.88930200e-17
6.05660796e+05,-7.41149700e+00,-1.10376100e-16,-4.37925300e-16,-1.49384100e-16,4.47034800e-16,-2.83122100e-17,-1.49011600e-17,-1.10268600e-16,-6.12437700e-16,-5.37040600e-16,8.94069700e-18,-4.97698800e-16,-5.49852800e-16,3.76999400e-16,-1.20848400e-15,5.84125500e-16,8.19884000e-16,9.33132500e-18
6.09660796e+05,-7.42021500e+00,-8.32521400e-17,-4.45102300e-16,2.16439400e-16,5.18560400e-16,-2.20537200e-16,-4.39584300e-16,-1.16229100e-16,-1.71363400e-16,-3.48710000e-16,-2.95043000e-16,-1.66893000e-16,-6.69062100e-16,2.69711000e-16,-1.15260500e-15,4.70131600e-16,8.10559100e-16,-3.45844500e-18
6.13660796e+05,-7.42979100e+00,-1.06894700e-16,-4.82419300e-16,-6.78002800e-17,1.72108400e-16,9.08970800e-17,-3.84450000e-16,4.54485400e-16,-3.12924400e-17,-1.53747500e-16,-6.70552300e-17,-4.48525000e-16,-1.74343600e-16,4.47034800e-16,-1.03265000e-15,3.13296900e-16,7.78259700e-16,2.46092000e-17
6.17660796e+05,-7.44005200e+00,-7.55197100e-17,-3.98425600e-16,-5.14090100e-17,2.86102300e-16,-1.93715100e-17,1.62422700e-16,3.72529000e-16,4.58955800e-16,-5.93408800e-16,-1.07288400e-15,-3.20375000e-16,-2.45869200e-16,4.82797600e-16,-8.63522300e-16,3.01748500e-16,8.65163700e-16,-2.27371900e-17
6.21660796e+05,-7.45082300e+00,-1.03955900e-16,-4.17116100e-16,1.88872200e-16,4.38839200e-16,4.47034800e-18,-6.24358700e-16,-4.02331400e-16,-7.00354600e-16,-6.81166600e-17,1.57952300e-16,-5.02169100e-16,-6.46710400e-16,2.16066800e-16,-9.56654500e-16,5.47245100e-16,9.07341000e-16,4.05949300e-17
6.25660796e+05,-7.46194200e+00,-7.66942300e-17,-4.68635700e-16,2.41026300e-16,4.48524900e-16,2.05636000e-16,-4.48525000e-16,-8.06152800e-16,-4.30643600e-16,-2.84995600e-16,-4.61936000e-17,-4.35113900e-16,3.87430200e-17,7.00354600e-17,-9.71555700e-16,5.46872600e-16,9.50298300e-16,-3.00256900e-17
6.29660796e+05,-7.47326100e+00,-6.78043800e-17,-4.39898600e-16,-1.26659900e-16,2.13831700e-16,-3.41236600e-16,3.23355200e-16,-2.23517400e-17,-5.51343000e-17,-3.66193100e-16,2.92062800e-16,-7.34627200e-16,-1.49011600e-16,-1.35600600e-16,-1.15260500e-15,7.31647000e-16,1.03497900e-15,3.44352900e-18
6.33660796e+05,-7.48465500e+00,-7.52231200e-17,-3.79118100e-16,1.47894000e-16,7.13765600e-16,1.84774400e-16,-3.63588300e-16,-7.83801100e-16,-1.31130200e-16,-5.66466200e-16,-3.29315700e-16,-4.14252300e-16,-4.42564500e-16,-2.20537200e-16,-1.23903200e-15,5.43147300e-16,1.02401200e-15,-8.96034200e-18
6.37660796e+05,-7.49602100e+00,-9.62028900e-17,-4.84869800e-16,9.08970800e-17,-1.41561000e-17,-2.50339500e-16,7.59959200e-17,-4.44054600e-16,-5.78165100e-16,-8.53133500e-16,2.68220900e-16,-9.13441200e-16,-4.02331400e-17,-6.45220300e-16,-1.15484000e-15,6.63101700e-16,1.05069500e-15,2.29561000e-17
6.41660796e+05,-7.50727600e+00,-9.92443300e-17,-4.24007900e-16,-2.60770300e-18,3.50177300e-16,-1.35600600e-16,1.81794200e-16,-4.45544700e-16,-1.80304100e-16,-1.41035700e-17,-4.84287700e-16,-7.56979000e-16,-7.80820800e-16,2.14576700e-16,-1.27479400e-15,8.41543100e-16,1.16555000e-15,1.74392900e-17
6.45660796e+05,-7.51835600e+00,-1.17205600e-16,-4.91389100e-16,2.54809900e-16,3.04728700e-16,-6.55651100e-17,9.83476600e-17,-2.98023200e-18,-6.25848800e-17,-5.49240500e-16,-3.94880800e-16,-5.84125500e-16,-7.36117400e-16,-2.11596500e-16,-1.30608700e-15,6.07594800e-16,9.84245000e-16,2.56342900e-17
6.49660796e+05,-7.52921000e+00,-1.50691400e-16,-6.45371600e-16,-2.42143900e-17,8.86619100e-17,-1.26659900e-16,-2.98023200e-18,-1.19060300e-15,-1.34110500e-16,-8.34657300e-16,-7.36117400e-16,-9.50694100e-16,-2.30968000e-16,-2.35438300e-16,-1.16750600e-15,7.88271400e-16,1.07953100e-15,4.62102400e-17
6.53660796e+05,-7.53980400e+00,-1.21426800e-16,-4.92460100e-16,1.63540200e-16,5.28991200e-17,-7.89761500e-17,-5.64754000e-16,-1.16080000e-15,-6.79493000e-16,-7.71264800e-16,8.49366200e-17,-6.78002800e-16,-8.49366200e-17,-1.87754600e-16,-1.44392300e-15,5.41657200e-16,1.17515400e-15,4.95860100e-17
6.57660796e+05,-7.55011100e+00,-9.06646200e-17,-5.62774900e-16,1.43051100e-16,1.81049100e-16,-1.72853500e-16,-2.05636000e-16,-1.72853500e-16,-5.52833100e-16,2.48830200e-16,-1.14738900e-16,-3.82959800e-16,-3.42726700e-16,4.30643600e-16,-1.20997400e-15,4.76464600e-16,1.05928600e-15,6.01141400e-17
6.61660796e+05,-7.56011400e+00,-7.09644200e-17,-6.11995300e-16,2.33575700e-16,2.88337500e-16,2.51829600e-16,-4.47034800e-18,5.48362700e-16,-9.19401600e-16,-8.76320500e-16,-7.80820800e-16,-6.03497000e-16,4.06801700e-16,2.98023200e-18,-1.15782000e-15,6.00889300e-16,1.08631800e-15,3.87059100e-17
6.65660796e+05,-7.56980500e+00,-1.23490100e-16,-5.90714600e-16,1.83284300e-16,6.92904000e-17,-1.28150000e-16,3.69548800e-16,-2.29477900e-16,4.36604000e-16,2.87899300e-16,-6.66081900e-16,-2.99513300e-16,-2.48849400e-16,-1.93715100e-17,-1.39474900e-15,5.76674900e-16,1.14911200e-15,9.16754300e-17
6.69660796e+05,-7.57917700e+00,-1.14698900e-16,-5.43333600e-16,2.44379000e-16,2.08616300e-17,-2.50339500e-16,-4.82797600e-16,-4.69386600e-16,-2.81631900e-16,-7.34090700e-16,-8.41915600e-16,-8.49366200e-17,-1.74343600e-16,-3.08454000e-16,-1.41412000e-15,5.63263900e-16,1.21584200e-15,1.01946400e-16
6.73660796e+05,-7.58421600e+00,-1.33773400e-16,-6.03613400e-16,1.78441400e-16,7.26431600e-16,1.80304100e-16,-3.14414500e-16,-3.50177300e-16,-8.71717900e-16,-5.88140100e-16,-1.63912800e-16,-1.11758700e-16,-2.38418600e-16,-1.74343600e-16,-1.20326900e-15,6.98864500e-16,1.16867000e-15,4.12348500e-17
6.77660796e+05,-7.58891400e+00,-1.34538800e-16,-5.53415200e-16,-3.12924400e-17,7.45058100e-17,2.38418600e-16,5.81145300e-17,-8.24034200e-16,-8.18073700e-16,-5.01966900e-16,-1.62422700e-16,-6.86943500e-16,1.49011600e-18,-1.02818000e-16,-1.21444500e-15,6.96256800e-16,1.10110300e-15,1.23563400e-16
6.81660796e+05,-7.59334100e+00,-1.17368700e-16,-4.57442400e-16,7.71135100e-17,3.21865100e-16,2.72691200e-16,1.34110500e-17,-5.49852800e-16,-2.83122100e-17,-6.05137300e-16,-1.49011600e-18,-3.57627900e-17,-4.97698800e-16,-3.47197100e-16,-1.74269100e-15,4.86150400e-16,1.20648200e-15,1.62308200e-16
6.85660796e+05,-7.59750600e+00,-1.17762500e-16,-5.33764200e-16,6.03497000e-17,8.00192400e-16,3.09944200e-16,-4.08291800e-16,-2.84612200e-16,-9.40263300e-16,-5.47610300e-16,3.72529000e-17,-8.97049900e-16,-2.05636000e-16,-2.60770300e-16,-1.37388700e-15,5.37931900e-16,1.23849600e-15,4.56895600e-17
6.89660796e+05,-7.60142300e+00,-2.33526600e-16,-7.83195700e-16,7.74860400e-17,2.54809900e-16,3.39746500e-16,-2.87592400e-16,-1.26659900e-15,-2.92062800e-16,-1.84890400e-16,-1.53482000e-16,-8.22544100e-16,8.49366200e-17,-7.59959200e-17,-1.84401900e-15,3.50922300e-16,1.28878700e-15,1.55563600e-16
6.93660796e+05,-7.60511600e+00,-1.41346400e-16,-6.50621900e-16,-4.91738300e-17,3.50177300e-16,-3.05473800e-16,4.61936000e-17,-6.43730200e-16,1.49011600e-17,-7.41577600e-16,-4.17232500e-16,-6.67572000e-16,-5.51343000e-17,-5.17070300e-16,-1.56983700e-15,5.64008900e-16,1.29132500e-15,1.26795600e-16
6.97660796e+05,-7.60861200e+00,-1.59233100e-16,-6.17839400e-16,-1.74343600e-16,4.99934000e-16,2.92062800e-16,-4.14252300e-16,2.27987800e-16,-6.30319100e-16,-8.10945600e-16,-2.75671500e-16,-6.69062100e-16,-5.70714500e-16,-1.14738900e-16,-1.92225000e-15,2.30968000e-16,1.44788100e-15,1.88940800e-16
7.01660796e+05,-7.61195000e+00,-2.03407400e-16,-6.42705700e-16,-2.60770300e-17,2.97278200e-16,1.46031400e-16,1.25169800e-16,-7.70390000e-16,-6.37769700e-16,-8.64828100e-16,-9.13441200e-16,1.22189500e-16,-7.15255700e-16,-2.14576700e-16,-2.05189000e-15,3.18884800e-16,1.44909100e-15,1.15054700e-16
7.05660796e+05,-7.61517400e+00,-1.74045600e-16,-7.52881200e-16,1.63167700e-16,2.13831700e-16,2.99513300e-16,-3.51667400e-16,-8.03172600e-16,-1.84774400e-16,-4.17054600e-16,-4.82797600e-16,1.34110500e-17,-2.47359300e-16,-4.36604000e-16,-1.60262000e-15,5.63263900e-16,1.57035000e-15,1.33744500e-16
7.09660796e+05,-7.61834000e+00,-1.87646200e-16,-6.64917700e-16,1.04308100e-17,2.73436300e-16,1.75833700e-16,1.54972100e-16,-4.15742400e-16,2.36928500e-16,-3.12526800e-16,-9.49204000e-16,-1.22189500e-15,-8.16583600e-16,-2.47359300e-16,-1.59964000e-15,5.20050500e-16,1.49286400e-15,2.33669900e-16
7.13660796e+05,-7.62151300e+00,-1.85726800e-16,-6.77816600e-16,1.49756700e-16,2.98023200e-16,2.98023200e-16,-3.14414500e-16,-3.27825500e-16,-8.70227800e-16,-1.67987200e-16,-9.61124900e-16,5.36441800e-17,-3.60608100e-16,1.63912800e-17,-1.60187500e-15,5.39422000e-16,1.59214200e-15,1.75172300e-16
7.17660796e+05,-7.62476800e+00,-1.90459800e-16,-7.33137100e-16,8.56816800e-17,3.50177300e-16,-1.63912800e-16,3.87430200e-17,-8.77678400e-16,-2.35438300e-16,-2.76903800e-16,-7.49528400e-16,-5.09619700e-16,-1.28150000e-16,-5.79655200e-16,-1.81868700e-15,3.84450000e-16,1.40974300e-15,1.92293400e-16
7.21660796e+05,-7.62819100e+00,-1.95646100e-16,-7.23032300e-16,-3.65078400e-17,4.29153400e-16,1.28150000e-16,6.15418000e-16,-1.93715100e-16,-1.49011600e-16,2.12018900e-16,-1.07288400e-16,-1.15484000e-15,3.48687200e-16,-1.10268600e-16,-1.93566100e-15,4.81307500e-16,1.58813800e-15,3.05401800e-16
7.25660796e+05,-7.63187700e+00,-1.45240800e-16,-6.55977100e-16,-7.00354600e-17,3.44961900e-16,4.44054600e-16,5.97536600e-16,-5.70714500e-16,-1.60932500e-16,1.55646700e-17,-7.00354600e-16,-5.00679000e-16,-2.23517400e-16,1.71363400e-16,-1.73673000e-15,3.31550800e-16,1.55312000e-15,2.80069800e-16
7.29660796e+05,-7.63593200e+00,-2.34179600e-16,-6.17839400e-16,3.39746500e-16,2.42888900e-16,3.82959800e-16,-1.13248800e-16,2.07126100e-16,1.57952300e-16,-5.75923000e-16,-2.86102300e-16,-8.95559800e-16,-4.02331400e-17,7.00354600e-17,-1.83507800e-15,1.81049100e-16,1.44308400e-15,2.75173100e-16
7.33660796e+05,-7.64046700e+00,-1.67080000e-16,-5.63357000e-16,1.68383100e-16,3.97861000e-16,4.20212700e-16,1.17719200e-16,-7.46548200e-16,-5.99026700e-16,-3.01072100e-16,-6.24358700e-16,-1.93715100e-17,-2.35438300e-16,-2.38418600e-16,-2.01687200e-15,3.09944200e-16,1.57803300e-15,2.94970200e-16
7.37660796e+05,-7.64560100e+00,-2.20318500e-16,-7.46082500e-16,1.21444500e-16,3.89665400e-16,1.71363400e-16,7.59959200e-17,-1.02818000e-16,-1.62422700e-16,-1.63216600e-16,-9.50694100e-16,-3.87430200e-16,-3.76999400e-16,1.92225000e-16,-1.79782500e-15,5.24520900e-16,1.43833500e-15,3.09316200e-16
7.41660796e+05,-7.65144900e+00,-1.90954600e-16,-5.98933500e-16,8.71717900e-17,7.21216200e-16,3.18884800e-16,-1.40070900e-16,-8.94069700e-17,3.76999400e-16,-1.17725700e-16,-1.18613200e-15,-3.09944200e-16,-2.36928500e-16,1.47521500e-16,-1.60113000e-15,3.67313600e-16,1.37127900e-15,3.30974900e-16
7.45660796e+05,-7.64752600e+00,-2.31513300e-16,-6.01261900e-16,1.92970000e-16,3.75509300e-16,3.81469700e-16,1.93715100e-17,1.69873200e-16,-4.87268000e-16,-7.16116200e-16,-3.87430200e-16,-1.43498200e-15,-5.39422000e-16,-2.22027300e-16,-1.73226000e-15,3.14414500e-16,1.37360800e-15,3.57288100e-16
7.49660796e+05,-7.64318600e+00,-2.66375700e-16,-6.30319100e-16,3.12924400e-17,2.34693300e-16,2.77161600e-16,-4.64916200e-16,-3.23355200e-16,4.47034800e-17,-2.43983900e-16,-6.31809200e-16,-5.85615600e-16,-2.45869200e-16,3.27825500e-16,-1.68979200e-15,6.10947600e-17,1.25858900e-15,3.87187900e-16
7.53660796e+05,-7.63972800e+00,-2.15532800e-16,-6.56861800e-16,9.23872000e-17,2.50339500e-16,2.89082500e-16,2.65240700e-16,-1.60187500e-15,-2.99513300e-16,-1.93335000e-16,-5.09619700e-16,-8.89599300e-16,-5.48362700e-16,-1.08778500e-16,-1.17942700e-15,4.32133700e-17,1.36243200e-15,3.75915300e-16
7.57660796e+05,-7.63712800e+00,-1.82815700e-16,-6.79027300e-16,-3.12924400e-17,3.76254300e-16,5.93066200e-16,-4.51505200e-16,-5.09619700e-16,-5.49852800e-16,-4.86218500e-16,3.71038900e-16,-5.69224400e-16,-1.92225000e-16,-3.42726700e-17,-1.39772900e-15,3.28570600e-16,1.25924100e-15,3.47738400e-16
7.61660796e+05,-7.63535800e+00,-2.15444000e-16,-4.10899500e-16,-8.27014400e-17,3.03983700e-16,-1.44541300e-16,-6.63101700e-16,-2.29477900e-16,-4.14252300e-16,-4.94225700e-16,3.15904600e-16,-7.71880100e-16,-3.44216800e-16,-2.62260400e-16,-1.59889500e-15,1.12503800e-16,1.25486400e-15,3.95018300e-16
7.65660796e+05,-7.63438800e+00,-1.79923500e-16,-5.80120800e-16,1.56462200e-17,3.53902600e-16,4.36604000e-16,-1.16229100e-16,-1.31130200e-16,-4.38094100e-16,-1.47328000e-15,-1.02818000e-15,-4.05311600e-16,-4.91738300e-17,1.78813900e-16,-1.67116500e-15,2.65985700e-16,1.13649300e-15,4.05968600e-16
7.69660796e+05,-7.63418400e+00,-1.96998000e-16,-4.73391300e-16,1.33365400e-16,5.18560400e-16,1.83284300e-16,2.90572600e-16,-3.50177300e-16,-4.03821500e-16,-5.56195300e-16,-9.23872000e-16,-7.74860400e-17,-2.41398800e-16,4.41074400e-16,-1.42306100e-15,9.90927200e-17,1.34334000e-15,4.15962900e-16
7.73660796e+05,-7.63470800e+00,-1.85582000e-16,-4.51877700e-16,2.16066800e-16,6.34044400e-16,6.70552300e-17,8.04662700e-17,8.94069700e-18,1.80304100e-16,-3.51598800e-16,-3.02493600e-16,-8.46386000e-16,3.17394700e-16,2.30968000e-16,-1.08405900e-15,6.03497000e-17,1.24909000e-15,4.09728100e-16
7.77660796e+05,-7.63592000e+00,-2.58020000e-16,-4.98257600e-16,1.43051100e-16,2.58535100e-16,3.05473800e-16,5.81145300e-17,3.03983700e-16,-3.62098200e-16,3.17865300e-17,-3.99351100e-16,-4.44054600e-16,-1.74343600e-16,3.15904600e-16,-1.37612200e-15,2.68220900e-17,1.04391900e-15,4.00420000e-16
7.81660796e+05,-7.63777600e+00,-2.41908900e-16,-4.83077000e-16,1.87009600e-16,9.83476600e-17,-1.96695300e-16,-2.41398800e-16,-3.17394700e-16,-4.99188900e-16,-3.32166700e-16,-1.48862600e-15,-2.60770300e-16,-1.34110500e-16,-5.70714500e-16,-6.24358700e-16,7.97212100e-17,7.72718300e-16,4.45747700e-16
7.85660796e+05,-7.64022800e+00,-2.35773800e-16,-6.48759300e-16,1.72108400e-16,1.80304000e-16,3.11434300e-16,-1.19209300e-17,-8.28504600e-16,-9.34302800e-16,-5.82796100e-16,5.96046400e-18,1.57952300e-16,-3.15904600e-16,-1.04308100e-17,-6.40004900e-16,9.38773200e-17,8.78050900e-16,4.20548900e-16
7.89660796e+05,-7.64322700e+00,-1.96459600e-16,-5.80400200e-16,2.75671500e-16,9.53674300e-17,-8.64267300e-17,2.32458100e-16,-1.95205200e-16,-1.20699400e-16,-2.39036100e-16,-6.30319100e-16,-6.89923800e-16,-3.27825500e-16,2.74181400e-16,-7.82311000e-16,9.68575500e-17,8.53464000e-16,5.01914500e-16
7.93660796e+05,-7.64672200e+00,-2.60857600e-16,-5.14090100e-16,1.98185400e-16,2.04891000e-16,-1.28150000e-16,1.22189500e-16,2.90572600e-16,-5.94556300e-16,-6.89862300e-17,4.91738300e-17,-7.37607500e-16,-1.86264500e-16,1.25169800e-16,-1.14366400e-15,-4.17232500e-17,8.80286100e-16,4.52206600e-16
7.97660796e+05,-7.65066300e+00,-2.29354200e-16,-3.35462400e-16,4.24683100e-16,7.07805200e-17,-2.36928500e-16,-2.51829600e-16,-9.83476600e-17,1.19209300e-16,-3.42032300e-16,-1.12205700e-15,-9.99867900e-16,-7.33137100e-16,3.65078400e-16,-6.84708400e-16,7.89761500e-17,1.01942600e-15,4.89664700e-16
8.01660796e+05,-7.65499900e+00,-2.80357200e-16,-3.93576900e-16,1.42306100e-16,1.98185400e-16,3.14414500e-16,-1.93715100e-16,-6.98864500e-16,3.35276100e-16,-4.21135200e-16,-1.11162700e-15,-7.70390000e-16,-2.08616300e-16,-2.17557000e-16,-8.99285100e-16,-1.37090700e-16,9.13441200e-16,5.26184200e-16
8.05660796e+05,-7.65968100e+00,-2.47082800e-16,-4.64543700e-16,2.04891000e-16,1.18464200e-16,2.39908700e-16,-8.94069700e-18,-7.82311000e-16,-4.02331400e-17,-2.80126600e-16,3.72529000e-17,-2.36928500e-16,-4.35113900e-16,1.32620300e-16,-8.92579600e-16,3.94880800e-17,8.08388000e-16,4.59545100e-16
8.09660796e+05,-7.66395700e+00,-2.77491900e-16,-5.16325200e-16,2.83122100e-17,1.11013700e-16,3.44216800e-16,5.33461600e-16,-4.14252300e-16,-4.39584300e-16,-5.09297500e-17,-9.10460900e-16,-1.05351200e-15,-6.36279600e-16,-3.82959800e-16,-6.99609500e-16,1.56462200e-17,9.26852200e-16,4.88788600e-16
8.13660796e+05,-7.66277100e+00,-2.69981700e-16,-4.78886100e-16,2.51829600e-16,-5.96046400e-18,1.08778500e-16,-2.44379000e-16,-1.04457100e-15,-1.10566600e-15,-8.84176100e-16,-1.10268600e-16,-3.02493600e-16,9.68575500e-17,2.83122100e-16,-1.00359300e-15,-1.86264500e-17,1.02669000e-15,4.35503900e-16
8.17660796e+05,-7.66158200e+00,-2.86559200e-16,-6.70552200e-16,1.66147900e-16,2.30222900e-16,2.08616300e-16,-3.75509300e-16,-9.07480700e-16,-4.76837200e-16,8.37538600e-18,-1.49011600e-17,9.23872000e-17,-2.98023200e-16,7.00354600e-17,-7.36862400e-16,1.20699400e-16,8.14162200e-16,4.63210700e-16
8.21660796e+05,-7.66038900e+00,-2.97011900e-16,-5.28432400e-16,-1.13993900e-16,7.15255700e-17,5.36441800e-17,1.69873200e-16,-9.08970800e-17,-4.88758100e-16,-7.22411300e-16,7.00354600e-17,-6.43730200e-16,-6.30319100e-16,-1.07288400e-16,-5.58048500e-16,2.68220900e-17,7.23078800e-16,3.70295300e-16
8.25660796e+05,-7.65919300e+00,-2.64510200e-16,-4.15928700e-16,1.21444500e-16,-3.57627900e-17,2.08616300e-16,-3.63588300e-16,-1.07437400e-15,8.04662700e-17,1.44714900e-16,-7.89761500e-16,-1.25914800e-15,2.53319700e-16,-2.63750600e-16,-9.98377800e-16,-9.98377800e-17,8.10623200e-16,5.01300400e-16
8.29660796e+05,-7.65799600e+00,-3.66175700e-16,-4.22075400e-16,2.11596500e-16,1.58697400e-16,4.11272000e-16,1.04308100e-17,-3.17394700e-16,-4.32133700e-16,-1.45582000e-16,-4.81307500e-16,-4.02331400e-16,2.17557000e-16,1.62422700e-16,-6.62356600e-16,-3.77744400e-16,7.54371300e-16,5.42964000e-16
8.33660796e+05,-7.65679900e+00,-3.13980900e-16,-3.51108600e-16,7.74860400e-17,-3.12179300e-16,4.15742400e-16,2.16066800e-16,-6.67572000e-16,3.72529000e-16,-2.29186800e-16,-1.29491100e-15,-2.02655800e-16,-4.93228400e-16,4.51505200e-16,-4.23938000e-16,7.00354600e-17,7.88457700e-16,5.18563300e-16
8.37660796e+05,-7.65560400e+00,-3.01803800e-16,-1.65216600e-16,1.80304000e-16,1.10268600e-16,1.98185400e-16,3.72529000e-17,-5.39422000e-16,5.33461600e-16,-6.03014900e-17,2.60770300e-16,-4.36604000e-16,-9.14931300e-16,-1.74343600e-16,-5.72949600e-16,-3.74764200e-16,5.94183800e-16,4.91982800e-16
8.41660796e+05,-7.65441400e+00,-3.26579900e-16,-1.44913800e-16,4.47034800e-17,-4.66406300e-16,8.49366200e-17,3.17394700e-16,-6.66081900e-16,3.05473800e-16,-3.30324700e-16,-4.60445900e-16,-1.78813900e-17,-2.41398800e-16,-1.77323800e-16,-1.51991800e-16,2.23517400e-17,5.08688400e-16,5.28717600e-16
8.45660796e+05,-7.65323100e+00,-2.45388900e-16,-1.12876300e-16,-1.58697400e-16,-2.53319700e-17,2.27987800e-16,3.32295900e-16,-4.91738300e-16,-4.69386600e-16,-8.89360100e-16,-5.39422000e-16,-2.41398800e-16,-1.26659900e-16,1.56462200e-16,-3.57627900e-16,-5.21540600e-17,4.55044200e-16,4.34974200e-16
8.49660796e+05,-7.65205900e+00,-2.72272200e-16,-1.73598500e-16,1.19954300e-16,-2.77161600e-16,5.00679000e-16,7.59959200e-17,-8.18073700e-16,-7.43567900e-16,-1.05861700e-15,-3.33786000e-16,2.07126100e-16,-6.52670900e-16,6.40749900e-17,-1.98185400e-16,-3.01003500e-16,3.29501900e-16,5.42434300e-16
8.53660796e+05,-7.64980300e+00,-2.13593000e-16,-2.45310400e-16,-5.21540600e-17,8.12113300e-17,7.52508600e-16,-2.63750600e-16,-9.99867900e-16,-4.12762200e-16,-7.35351200e-16,3.85940100e-16,9.98377800e-17,-3.17394700e-16,3.32295900e-16,-4.27663300e-16,3.42726700e-17,4.55044200e-16,4.94331500e-16
8.57660796e+05,-7.64753700e+00,-2.33756100e-16,-1.34110400e-17,-2.75671500e-17,-4.44054600e-16,-8.94069700e-18,5.81145300e-17,-1.46031400e-16,1.40070900e-16,-1.11873600e-15,-1.33514400e-15,-6.82473200e-16,-5.63263900e-16,-2.17557000e-16,-4.85777900e-16,-1.13248800e-16,3.16090900e-16,5.68863500e-16
8.61660796e+05,-7.64531700e+00,-2.76774500e-16,-5.64381500e-17,-1.83284300e-16,-4.73111900e-16,3.23355200e-16,3.23355200e-16,2.25007500e-16,-8.12113300e-16,-1.26666300e-15,-8.95559800e-16,-4.87268000e-16,-4.11272000e-16,-1.54972100e-16,-2.08616300e-16,-1.28150000e-16,1.49011600e-18,5.03598100e-16
8.65660796e+05,-7.64314500e+00,-2.53503100e-16,-7.20843700e-17,-9.16421400e-17,7.00354600e-17,-6.70552300e-17,1.26659900e-16,-7.33137100e-16,-6.40749900e-17,-8.30025200e-16,-2.23517400e-17,-1.04606200e-15,2.63750600e-16,-4.23193000e-16,-3.79979600e-17,-3.21865100e-16,7.72997700e-17,5.28147200e-16
8.69660796e+05,-7.64102700e+00,-2.34367300e-16,-1.05425700e-16,2.73436300e-16,-9.46223700e-17,-4.02331400e-17,-2.23517400e-17,-5.64754000e-16,-1.78813900e-17,-3.49526300e-16,-8.41915600e-16,-1.10119600e-15,-1.78813900e-16,-3.39746500e-16,-1.81049100e-16,4.17232500e-17,2.01165700e-17,5.23187900e-16
8.73660796e+05,-7.63896600e+00,-2.29914400e-16,1.37835700e-17,-9.61124900e-17,-3.50177300e-17,1.14738900e-16,1.22189500e-16,-1.19209300e-16,-1.05798200e-16,-1.68455600e-16,-5.40912200e-16,-2.50339500e-16,-1.57952300e-16,4.47034800e-16,3.05473800e-17,-7.00354600e-17,1.83656800e-16,5.09509100e-16
8.77660796e+05,-7.63696900e+00,-2.42225400e-16,-2.79396800e-17,-4.59700800e-16,-4.23938000e-16,2.26497600e-16,4.69386600e-16,-2.60770300e-16,2.93552900e-16,-2.88267600e-16,-4.44054600e-16,-1.44392300e-15,3.42726700e-17,3.57627900e-17,-1.76578800e-16,-6.10947600e-17,3.27825500e-17,4.21615600e-16
8.81660796e+05,-7.63504200e+00,-2.74321100e-16,1.17719200e-16,3.27825500e-17,-4.85777900e-16,9.23872000e-17,3.54647600e-16,-1.53482000e-16,-3.30805800e-16,-4.28116000e-16,-8.27014400e-16,-8.92579600e-16,-5.20050500e-16,-2.84612200e-16,2.19792100e-16,2.46614200e-16,-1.49011600e-16,3.70008600e-16
8.85660796e+05,-7.63319600e+00,-2.73028900e-16,4.73111900e-17,-3.72529000e-18,-3.91155500e-16,-3.72529000e-17,-1.50501700e-16,5.81145300e-17,-9.73045800e-16,-2.87642300e-16,-1.11758700e-15,-1.01327900e-16,-3.63588300e-16,-3.48687200e-16,-2.18302000e-16,-2.01910700e-16,-7.97212100e-17,4.52902200e-16
8.89660796e+05,-7.63144200e+00,-1.89867600e-16,-4.13507200e-17,-8.94069700e-18,-1.62422700e-16,7.45058100e-17,2.89082500e-16,-5.02169100e-16,-5.66244100e-16,-5.40226500e-16,6.67572000e-16,-2.07126100e-16,-4.90248200e-16,2.68220900e-17,-6.48200500e-17,-1.98185400e-16,2.19792100e-17,4.90108500e-16
8.93660796e+05,-7.62979500e+00,-1.71508900e-16,1.46031400e-16,-2.08616300e-17,-1.79559000e-16,4.52995300e-16,1.53482000e-16,-1.02967000e-15,-2.13086600e-16,-6.83877500e-16,-1.37090700e-16,-2.80141800e-16,-7.45058100e-18,6.55651100e-16,2.45869200e-17,-1.59442400e-16,-3.46452000e-17,4.19525900e-16
8.97660796e+05,-7.62827400e+00,-2.02434600e-16,-1.92597500e-16,-1.95205200e-16,-1.75088600e-16,-1.66893000e-16,-2.80141800e-16,-5.78165100e-16,3.14414500e-16,2.43646900e-16,-4.55975500e-16,-7.34627200e-16,-1.37090700e-16,-1.95205200e-16,-1.86264500e-16,2.46614200e-16,-1.00582800e-17,3.54170300e-16
9.01660796e+05,-7.62690100e+00,-2.06643000e-16,4.69386600e-17,-7.59959200e-17,-9.23872000e-17,3.27825500e-17,5.46872600e-16,-9.47713900e-16,-7.46548200e-16,-1.55441500e-16,-2.05636000e-16,1.71363400e-16,-4.38094100e-16,-2.93552900e-16,-5.18560400e-16,-6.03497000e-17,3.35276100e-18,3.53710500e-16
9.05660796e+05,-7.62570500e+00,-1.36555200e-16,-6.18398200e-17,1.28150000e-16,-1.09523500e-16,-1.98185400e-16,-2.89082500e-16,-2.11596500e-16,-4.63426100e-16,-6.55625200e-16,-9.34302800e-16,-1.27106900e-15,-7.73370300e-16,2.17557000e-16,-2.70456100e-16,-1.62422700e-16,-7.41332800e-17,3.51975900e-16
9.09660796e+05,-7.62471900e+00,-2.83238500e-17,2.00793100e-16,1.24424700e-16,-2.70456100e-16,3.08454000e-16,4.91738300e-17,-6.76512700e-16,1.35600600e-16,-8.71862300e-16,-4.85777900e-16,-4.50015100e-16,-5.26011000e-16,-2.62260400e-16,-7.74860400e-17,-2.74181400e-16,4.09781900e-18,3.56603400e-16
9.13660796e+05,-7.62398400e+00,-1.36415500e-16,2.60770300e-18,8.94069700e-18,2.53319700e-17,4.96208700e-16,3.26335400e-16,-1.30534200e-15,-7.82311000e-16,-5.77559800e-16,-4.76837200e-16,-6.63101700e-16,-3.48687200e-16,1.77323800e-16,-2.90572600e-17,-1.98185400e-16,-3.43844300e-16,3.82238100e-16
9.17660796e+05,-7.62354900e+00,-1.60920900e-16,-6.48200500e-17,-2.31713100e-16,4.17232500e-17,2.48849400e-16,2.89082500e-16,-1.86264500e-16,2.35438300e-16,-1.01754400e-15,-7.03334800e-16,-1.66893000e-16,-2.68220900e-16,-2.16066800e-16,3.90410400e-16,-2.25752600e-16,-7.22706300e-17,3.10724100e-16
9.21660796e+05,-7.62347200e+00,-1.31351400e-16,1.34483000e-16,-3.42726700e-17,5.36441800e-17,3.47197100e-16,1.47521500e-16,-2.68220900e-17,-5.30481300e-16,-5.44902300e-16,-7.83801100e-16,-2.20537200e-16,-5.93066200e-16,2.74181400e-16,3.21865100e-16,-5.96046400e-18,-3.79979600e-17,4.81435600e-16
9.25660796e+05,-7.62382000e+00,-1.11409500e-16,1.49011600e-16,-4.49270000e-16,4.32878700e-16,-1.54972100e-16,8.19563900e-17,-9.68575500e-17,-3.78489500e-16,-2.34531600e-16,-1.77323800e-16,-1.07735400e-15,-6.00516800e-16,4.26173200e-16,-8.94069700e-18,-1.06543300e-16,-1.16974100e-16,4.21505000e-16
9.29660796e+05,-7.62466900e+00,-2.25962100e-17,2.36928500e-16,-3.69548800e-16,-5.36441800e-17,-2.50339500e-16,2.16066800e-16,5.99026700e-16,-3.82959800e-16,-6.60719100e-16,6.25848800e-17,-3.41236600e-16,1.68383100e-16,-3.96370900e-16,-2.08616300e-17,9.68575500e-18,-2.26125100e-16,3.51527700e-16
9.33660796e+05,-7.62610800e+00,-1.26520200e-16,6.55651100e-17,-8.64267300e-17,-6.70552300e-18,-2.07126100e-16,9.98377800e-17,-1.16080000e-15,1.49011600e-17,-5.48630100e-16,8.94069700e-17,-4.30643600e-16,-1.14738900e-16,8.94069700e-18,6.46710400e-16,-2.35438300e-16,-2.74181400e-16,3.20246900e-16
9.37660796e+05,-7.62823400e+00,-1.10571300e-16,-8.90344400e-17,-3.06218900e-16,-6.70552300e-17,7.00354600e-17,2.83122100e-16,-1.18315200e-15,-3.71038900e-16,-7.44695800e-16,-1.01774900e-15,-1.44392300e-15,-5.94556300e-16,-2.98023200e-18,5.14090100e-16,-1.25914800e-16,-2.71946200e-17,3.91434900e-16
9.41660796e+05,-7.63115100e+00,3.71248500e-17,1.19209300e-16,-2.82377000e-16,-2.02655800e-16,1.13248800e-16,1.93715100e-17,-7.61449300e-16,-3.18884800e-16,-5.44606500e-16,-2.20537200e-16,-7.19726100e-16,-6.04987100e-16,2.86102300e-16,3.75509300e-16,-4.32133700e-17,-9.20146700e-17,2.75939200e-16
9.45660796e+05,-7.63497000e+00,1.81607900e-18,-1.20699400e-16,-3.05473800e-16,-8.34465000e-17,4.96208700e-16,2.68220900e-17,-1.11758700e-16,-4.70876700e-16,-8.16426800e-16,-8.34465000e-17,-4.47034800e-17,1.26659900e-16,1.01327900e-16,1.36345600e-16,-9.53674300e-17,-2.54437300e-16,2.99699600e-16
9.49660796e+05,-7.63980500e+00,3.79513900e-18,-8.19563900e-18,-1.63912800e-16,8.19563900e-18,1.19209300e-17,-4.32133700e-16,-7.61449300e-16,3.02493600e-16,-1.51350600e-16,-9.98377800e-17,-7.18236000e-16,-7.22706300e-16,8.49366200e-17,3.13669400e-16,-3.79979600e-16,-2.83867100e-16,2.35973900e-16
9.53660796e+05,-7.64576200e+00,-1.18161600e-17,7.67409800e-17,-3.69548800e-16,-3.41981600e-16,3.68058700e-16,-4.96208700e-16,-1.07288400e-15,3.53157500e-16,-4.40284300e-16,1.34110500e-17,8.94069700e-17,-7.67409800e-16,2.32458100e-16,2.10106400e-16,-1.98930500e-16,2.98023200e-18,2.42306900e-16
9.57660796e+05,-7.65294100e+00,-5.12227400e-19,-7.18981000e-17,-3.18884800e-16,6.10947600e-17,4.23193000e-16,-3.81469700e-16,-4.52995300e-16,-4.18722600e-16,-5.51014700e-16,-7.25686600e-16,-5.12599900e-16,-3.23355200e-16,-8.94069700e-17,-5.36441800e-17,-1.53482000e-16,-2.07871200e-16,4.68175900e-16
9.61660796e+05,-7.66142000e+00,7.67875500e-17,2.00420600e-16,-3.72529000e-16,-5.21540600e-18,3.72529000e-17,-2.20537200e-16,-1.25020700e-15,2.32458100e-16,-2.05611200e-16,-9.07480700e-16,-2.23517400e-17,-2.56300000e-16,5.36441800e-17,4.16487500e-16,-1.81049100e-16,-2.65613200e-16,2.85753000e-16
9.65660796e+05,-7.67125400e+00,1.26264100e-16,1.26659900e-17,-2.90572600e-17,-1.43051100e-16,1.34110500e-16,4.03821500e-16,5.96046400e-18,-3.94880800e-16,-8.08208300e-16,-8.97049900e-16,-4.44054600e-16,-1.02967000e-15,2.26497600e-16,-8.41915600e-17,-1.19209300e-16,-1.01327900e-16,3.29036300e-16
9.69660796e+05,-7.68246300e+00,1.03679500e-16,2.62633000e-16,-4.60445900e-16,-2.74181400e-16,-9.53674300e-17,-3.12924400e-16,-4.33623800e-16,-7.03334800e-16,-1.12703000e-15,-3.11434300e-16,-6.21378400e-16,-5.02169100e-16,2.13086600e-16,4.24683100e-16,-2.57045000e-16,-2.47359300e-16,3.30666100e-16
9.73660796e+05,-7.69502800e+00,6.34929200e-17,2.34693300e-17,-1.76578800e-16,1.32620300e-16,3.88920300e-16,-2.72691200e-16,-3.29315700e-16,-2.20537200e-16,-6.02694100e-16,-2.25007500e-16,-5.52833100e-16,-9.01520300e-16,-6.85453400e-16,5.36441800e-17,-9.46223700e-17,-8.90344400e-17,4.88478700e-16
9.77660796e+05,-7.70889000e+00,1.56788200e-16,1.84774400e-16,-2.77906700e-16,-1.82539200e-16,-2.44379000e-16,6.92904000e-16,-3.38256400e-16,-3.27825500e-17,-6.46495800e-16,-1.31726300e-15,-8.15093500e-16,-2.84612200e-16,-2.87592400e-16,1.56462200e-16,-1.26659900e-16,-1.16601600e-16,3.61795500e-16
9.81660796e+05,-7.72394800e+00,8.53091500e-17,2.79396800e-17,-2.98023200e-16,-9.38773200e-17,4.47034800e-17,3.96370900e-16,-9.20891800e-16,-1.08033400e-15,-2.46628500e-16,-5.75184800e-16,-9.86456900e-16,-9.17911500e-16,-4.76837200e-16,-3.35276100e-17,-8.49366200e-17,-2.71946200e-16,4.38815900e-16
9.85660796e+05,-7.73233600e+00,2.35438300e-16,1.19954300e-16,-3.09199100e-16,-3.72529000e-18,-1.62422700e-16,-3.90410400e-16,-3.32295900e-16,-1.05798200e-16,-3.32068200e-16,-1.02967000e-15,-4.58955800e-16,-3.81469700e-16,-4.76837200e-17,5.33461600e-16,-2.87592400e-16,-3.76254300e-17,2.90758900e-16
9.89660796e+05,-7.73272000e+00,1.14343100e-16,-9.12696100e-17,-2.62260400e-16,-1.19209300e-17,-1.80304100e-16,-3.11434300e-16,-5.51343000e-17,-3.02493600e-16,3.05581200e-16,1.77323800e-16,-8.47876100e-16,1.08778500e-16,1.71363400e-16,6.06477300e-16,-1.87754600e-16,-2.68220900e-17,3.43076000e-16
9.93660796e+05,-7.73317000e+00,2.03610400e-16,2.07126100e-16,-8.86619100e-17,1.11758700e-16,-1.86264500e-16,-1.56462200e-16,1.17719200e-16,-3.27825500e-17,-1.19348500e-17,-9.68575500e-16,-1.12354800e-15,-3.72529000e-16,4.05311600e-16,5.01424100e-16,-1.19209300e-16,-1.86637000e-16,3.44938600e-16
9.97660796e+05,-7.73367400e+00,1.77626500e-16,-2.98023200e-18,-2.27242700e-16,-1.62422700e-16,5.96046400e-17,3.30805800e-16,-5.21540600e-16,1.93715100e-16,-1.65254900e-17,-7.30156900e-17,-5.11109800e-16,-1.80304100e-16,7.67409800e-16,3.46452000e-16,-3.46452000e-16,-3.25962900e-16,3.65357800e-16
1.00166080e+06,-7.73421900e+00,7.99773300e-17,3.35276100e-17,-3.44961900e-16,-3.74019100e-16,3.94880800e-16,7.80820800e-16,8.79168500e-17,-1.12503800e-15,-9.87043700e-17,1.07288400e-16,-2.17557000e-16,-2.84612200e-16,5.14090100e-16,5.65499100e-16,-3.00258400e-16,-3.84450000e-16,4.06988000e-16
1.00566080e+06,-7.73479200e+00,1.29989300e-16,3.11434300e-16,-2.65985700e-16,-1.81794200e-16,-1.93715100e-17,-1.66893000e-16,-6.16908100e-16,-6.58631300e-16,-8.67026300e-16,-3.05473800e-16,-9.74535900e-16,-3.36766200e-16,-1.92225000e-16,2.19047100e-16,2.45869200e-17,-2.85357200e-16,2.56393100e-16
1.00966080e+06,-7.73537700e+00,2.26311400e-16,1.87754600e-16,-3.69548800e-16,-3.36766200e-16,-5.36441800e-17,-3.50177300e-16,-5.26011000e-16,1.46031400e-16,-2.94273600e-16,-1.13695900e-15,-8.52346400e-16,-1.12950800e-15,7.45058100e-18,6.30319100e-16,4.09781900e-17,-5.58793500e-17,4.44101200e-16
1.01366080e+06,-7.73595900e+00,2.78465400e-16,2.58162600e-16,-6.23613600e-16,-4.09781900e-17,1.11758700e-16,1.60932500e-16,-1.19209300e-17,2.32458100e-16,-7.62948000e-16,-5.14090100e-16,-2.89082500e-16,-6.89923800e-16,-3.60608100e-16,2.81631900e-16,-3.26335400e-16,-1.40816000e-16,2.84286200e-16
1.01766080e+06,-7.73652300e+00,1.49011600e-16,8.34465000e-17,-4.40329300e-16,7.22706300e-17,8.79168500e-17,-6.40749900e-17,-3.87430200e-16,-5.96046400e-17,-4.29444800e-16,-1.05798200e-16,-6.64591800e-16,-2.47359300e-16,4.27663300e-16,2.95043000e-16,-5.26011000e-16,-4.39584300e-17,2.94623900e-16
1.02166080e+06,-7.73705700e+00,1.08918200e-16,9.23872000e-17,-2.19047100e-16,-3.59863000e-16,4.50015100e-16,-4.14252300e-16,-1.10268600e-16,-7.64429600e-16,3.54987300e-17,-8.79168500e-16,-3.03983700e-16,-7.52508600e-16,2.41398800e-16,1.65402900e-16,-2.30222900e-16,-6.37024600e-17,3.17953500e-16
1.02566080e+06,-7.73754700e+00,3.52319300e-16,2.80886900e-16,-2.99513300e-16,1.61677600e-16,-5.18560400e-16,2.98023200e-17,-8.76188300e-16,-1.28150000e-16,-1.07944200e-16,-8.49366200e-16,-2.07126100e-16,-6.64591800e-16,-6.46710400e-16,1.80304100e-16,-2.10106400e-16,7.45058100e-18,3.61260000e-16
1.02966080e+06,-7.73798200e+00,3.51993400e-16,1.86637000e-16,-3.53157500e-16,-1.75833700e-16,-4.00841200e-16,6.09457500e-16,-2.26497700e-16,-3.59118000e-16,-1.16589600e-15,-5.72204600e-16,-1.05798200e-15,-2.30968000e-16,3.48687200e-16,6.42985100e-16,-5.21540600e-17,-6.59376400e-17,2.99047700e-16
1.03366080e+06,-7.73835300e+00,2.60165000e-16,2.32085600e-16,-4.88758100e-16,-2.13831700e-16,-1.57952300e-16,2.98023200e-18,-1.11162700e-15,1.62422700e-16,-1.91550100e-16,-9.23872000e-16,-1.65402900e-16,-4.27663300e-16,-1.66893000e-16,5.26756000e-16,-5.70714500e-16,-6.51925800e-17,2.46800500e-16
1.03766080e+06,-7.73865300e+00,2.97557600e-16,1.04308100e-16,-5.36441800e-16,-2.31713100e-16,-1.49011600e-17,2.13086600e-16,-5.49852800e-16,-3.05473800e-16,-9.88894300e-17,-5.14090100e-16,-9.86456900e-16,-1.65402900e-16,3.11434300e-16,3.59118000e-16,-2.29477900e-16,1.04308100e-16,2.62120700e-16
1.04166080e+06,-7.73887700e+00,3.08081500e-16,2.78279200e-16,-1.87009600e-16,-1.98185400e-16,8.64267300e-17,3.12924400e-16,5.81145300e-17,1.38580800e-16,-6.27651700e-16,8.19563900e-17,-7.09295300e-16,5.51343000e-17,5.36441800e-17,2.49594400e-16,-2.48104300e-16,1.49011600e-17,2.63145200e-16
1.04566080e+06,-7.73902200e+00,3.19397100e-16,3.83704900e-16,-2.37673500e-16,4.78327300e-16,3.57627900e-17,-3.42726700e-17,-4.91738300e-16,2.59280200e-16,2.87395600e-16,-1.26659900e-16,-2.98023200e-16,-1.05649200e-15,-2.47359300e-16,4.03076400e-16,-1.02818000e-16,-1.17719200e-16,2.45170700e-16
1.04966080e+06,-7.73908600e+00,2.31806200e-16,2.21282200e-16,-3.76254300e-16,-5.06639500e-17,-4.02331400e-17,5.96046400e-17,-1.08778500e-16,-3.57627900e-17,-5.02707700e-16,-1.02669000e-15,-7.64429600e-16,-3.12924400e-17,3.14414500e-16,5.21540600e-17,-1.89989800e-16,-2.60770300e-17,2.36788800e-16
1.05366080e+06,-7.73907200e+00,1.42445800e-16,-4.84287700e-17,-4.07546800e-16,2.19047100e-16,-8.49366200e-17,2.95043000e-16,-8.79168500e-17,9.38773200e-17,-1.03159800e-15,-9.96887700e-16,-6.63101700e-16,-4.58955800e-16,-1.02818000e-16,5.42402300e-16,-1.29640100e-16,-7.52508600e-17,2.70223200e-16
1.05766080e+06,-7.73898300e+00,1.46077900e-16,1.97440400e-17,-2.33203200e-16,-2.72691200e-16,2.83122100e-17,7.45058100e-17,-1.35302500e-15,-1.02818000e-16,-2.41555400e-16,-1.06394300e-15,-9.74535900e-16,-1.08778500e-16,2.47359300e-16,2.42143900e-16,-3.58372900e-16,5.21540600e-18,1.42259500e-16
1.06166080e+06,-7.73882600e+00,1.73552000e-16,8.97795000e-17,-2.31713100e-16,8.49366200e-17,-2.93552900e-16,-1.63912800e-16,-7.61449300e-16,-6.97374300e-16,-7.26094700e-16,-2.27987800e-16,-6.31809200e-16,-7.74860400e-17,2.99513300e-16,3.62098200e-16,-3.05473800e-16,-3.68803700e-17,2.16253100e-16
1.06566080e+06,-7.73861000e+00,2.49967000e-16,4.91738300e-17,-6.19143200e-16,-3.65078400e-17,-6.40749900e-17,-2.33948200e-16,-2.68220900e-16,-4.47034800e-17,-1.27219900e-16,-4.84287700e-16,-5.66244100e-16,-7.19726100e-16,-5.66244100e-16,-2.45869200e-16,-3.42726700e-16,-1.22189500e-16,1.92038700e-16
1.06966080e+06,-7.73834700e+00,1.06822700e-16,-3.24100300e-17,-2.05636000e-16,2.63750600e-16,-3.57627900e-17,4.81307500e-16,4.20212700e-16,-1.25169800e-16,-6.17128900e-16,-1.15633000e-15,-4.78327300e-16,1.62422700e-16,3.12924400e-17,-4.86522900e-16,-3.47942100e-16,-7.00354600e-17,2.51736500e-16
1.07366080e+06,-7.73805300e+00,1.72853500e-16,-7.82311000e-18,-2.27987800e-16,-2.01910700e-16,-3.09944200e-16,-2.72691200e-16,-3.45706900e-16,3.30805800e-16,-3.39620500e-16,-1.16676100e-15,-4.96208700e-16,-2.54809900e-16,-2.13086600e-16,7.07805200e-17,1.41561000e-17,-2.60025300e-16,2.31433700e-16
1.07766080e+06,-7.73774600e+00,1.60746300e-16,3.57255300e-16,-3.66568600e-16,-4.17232500e-16,-1.10268600e-16,-2.45869200e-16,-7.13765600e-16,-4.76837200e-16,-4.88675600e-16,-5.58793500e-16,-8.06152800e-16,-3.91900500e-16,-4.35113900e-16,-7.15255700e-17,-1.95950300e-16,-1.37463200e-16,1.33551700e-16
1.08166080e+06,-7.73744900e+00,7.06873800e-17,2.27242700e-17,1.07288400e-16,1.72108400e-16,-7.80820800e-16,1.25169800e-16,-2.96533100e-16,-1.57952300e-16,-1.78385700e-16,-4.73856900e-16,-8.37445300e-16,-3.91900500e-16,-2.35438300e-16,5.35696700e-16,-1.01327900e-16,-2.78651700e-16,-1.58883600e-16
1.08566080e+06,-7.73718700e+00,1.77789500e-16,8.67992600e-17,-4.99188900e-17,3.95625800e-16,-2.47359300e-16,-1.93715100e-16,-4.69386600e-16,5.15580200e-16,2.62049700e-16,-5.79655200e-16,-2.11596500e-16,7.74860400e-17,9.23872000e-17,1.08033400e-16,7.15255700e-17,-8.56816800e-17,4.55416700e-17
1.08966080e+06,-7.73699200e+00,1.30571400e-16,1.55344600e-16,-5.81145300e-17,-1.64657800e-16,-5.06639500e-17,-1.78813900e-16,-4.17232500e-16,-1.47372500e-15,2.50063900e-16,2.78651700e-16,-7.48038300e-16,-1.20699400e-16,1.69873200e-16,3.82959800e-16,-4.02331400e-17,-2.56300000e-16,5.52274300e-17
1.09366080e+06,-7.73689700e+00,1.18278000e-17,7.78585700e-17,-4.38094100e-16,-7.45058100e-17,7.59959200e-17,1.83284300e-16,-3.29315700e-16,-2.48849400e-16,-4.24559700e-16,-3.91900500e-16,9.68575500e-17,-8.77678400e-16,3.65078400e-16,-8.94069700e-18,-1.07288400e-16,-7.22706300e-17,-3.90224200e-17
1.09766080e+06,-7.73694200e+00,5.08502100e-17,2.62260400e-16,-1.07288400e-16,1.88499700e-16,8.34465000e-17,7.09295300e-16,-8.06152800e-16,-1.13695900e-15,-4.22121900e-16,-7.06315000e-16,-2.62260400e-16,-3.57627900e-16,1.23679600e-16,-3.72529000e-17,-1.75833700e-16,-1.07288400e-16,-2.83122100e-17
1.10166080e+06,-7.73717100e+00,-4.55416700e-17,7.67409800e-17,-1.93715100e-16,3.70293900e-16,-3.72529000e-17,-3.87430200e-17,-5.61773800e-16,-2.80141800e-16,4.36310100e-16,-7.65919700e-16,-2.36928500e-16,-1.28150000e-16,-9.98377800e-17,1.47521500e-16,-4.54485400e-17,-3.72529000e-19,-8.33533700e-17
1.10566080e+06,-7.73763000e+00,-1.13062600e-16,1.92225000e-16,-1.69873200e-16,-9.98377800e-17,-2.30968000e-16,6.72042400e-16,-6.19888300e-16,3.29315700e-16,-7.40057400e-16,-8.62777200e-16,-3.76999400e-16,-1.81794200e-16,-2.33948200e-16,-2.51829600e-16,6.33299300e-17,-4.17232500e-17,-2.42330100e-16
1.10966080e+06,-7.73837400e+00,-7.19912300e-17,1.46403900e-16,-7.52508600e-17,-3.42726700e-17,-1.49011600e-18,1.05798200e-16,-3.74019100e-16,-6.13927800e-16,-1.54098100e-16,-7.15255700e-17,-4.58955800e-16,-2.65240700e-16,8.79168500e-17,3.38256400e-16,1.54227000e-16,-7.37607500e-17,-8.81031200e-17
1.11366080e+06,-7.73945700e+00,1.01234800e-16,1.90734900e-16,-1.86264500e-16,-9.61124900e-17,1.90734900e-16,-1.98185400e-16,-7.28666800e-16,-6.70552300e-17,-1.81091900e-16,-8.04662700e-16,-4.69386600e-16,-1.23679600e-16,-3.88920300e-16,6.50435700e-16,8.94069700e-18,-1.59069900e-16,-2.12062100e-16
1.11766080e+06,-7.74093900e+00,-1.78162000e-16,-3.53902600e-17,1.29640100e-16,8.27014400e-17,2.51829600e-16,2.27987800e-16,-6.07967400e-16,-7.16745900e-16,-4.20029500e-16,-1.60932500e-16,-6.60121400e-16,-5.09619700e-16,-1.75833700e-16,1.72853500e-16,6.78002800e-17,2.98023200e-18,-2.51922800e-16
1.12166080e+06,-7.74288100e+00,-1.49942900e-17,2.32830600e-16,4.61936000e-17,4.24683100e-17,-1.96695300e-16,5.08129600e-16,-7.03334800e-16,3.75509300e-16,-3.07912400e-16,-3.29315700e-16,-9.37283000e-16,-1.04308100e-17,-1.49011600e-17,-7.89761500e-17,2.75671500e-17,4.43309500e-17,-2.41398800e-16
1.12566080e+06,-7.74534400e+00,1.49011600e-17,1.62422700e-16,-1.89989800e-16,-4.26918300e-16,1.75833700e-16,-3.76999400e-16,1.56462200e-16,-5.12599900e-16,-5.96377400e-16,3.12924400e-17,-1.07735400e-15,-5.40912200e-16,-3.44216800e-16,1.64657800e-16,1.63912800e-17,-2.86102300e-16,-1.80956000e-16
1.12966080e+06,-7.74555100e+00,-1.24704100e-16,-9.31322600e-18,-7.37607500e-17,1.61677600e-16,-2.14576700e-16,3.78489500e-16,-3.42726700e-16,-4.96208700e-16,-6.35151000e-16,-9.71555700e-16,-8.18073700e-16,-3.39746500e-16,-3.42726700e-16,1.96695300e-16,-1.01327900e-16,-5.51343000e-17,-2.25845700e-16
1.13366080e+06,-7.74365400e+00,-8.78237200e-17,-1.25914800e-16,-4.47034800e-18,4.54485400e-17,2.83122100e-17,4.47034800e-17,-6.02006900e-16,-3.75509300e-16,-1.61429300e-16,-4.66406300e-16,-8.32974900e-16,-6.22868500e-16,2.56300000e-16,1.96695300e-16,-2.95043000e-16,-8.00937400e-17,-3.51294900e-16
1.13766080e+06,-7.74215000e+00,1.22934600e-17,6.89178700e-17,2.29477900e-16,-1.88499700e-16,-1.35600600e-16,1.99675600e-16,-8.67247600e-16,-3.35276100e-16,-6.14812200e-16,-8.97049900e-16,-6.37769700e-16,-3.30805800e-16,-2.11596500e-16,4.12017100e-16,-8.94069700e-18,4.09781900e-18,-1.21071900e-16
1.14166080e+06,-7.74103900e+00,-1.13621400e-16,-6.51925800e-17,1.54227000e-16,-3.24845300e-16,2.83122100e-16,-6.25848800e-17,-3.65078400e-16,5.94556300e-16,-3.48201000e-16,-3.68058700e-16,-8.21054000e-16,-6.42240000e-16,-1.02818000e-16,2.74926400e-16,-2.71946200e-16,1.00582800e-17,-1.55903400e-16
1.14566080e+06,-7.74031900e+00,-4.48897500e-17,-1.31502700e-16,3.70293900e-16,-1.34110500e-16,-1.17719200e-16,2.60770300e-16,-1.20699400e-15,3.06963900e-16,-3.97207100e-16,-7.42077800e-16,-6.37769700e-16,-1.63912800e-17,1.50501700e-16,2.16066800e-16,3.27825500e-17,-1.27032400e-16,-1.35228000e-16
1.14966080e+06,-7.73998900e+00,-1.43237400e-16,9.23872000e-17,1.86264500e-16,-4.24683100e-16,4.02331400e-17,6.21378400e-16,-1.15335000e-15,-1.96695300e-16,-5.56344400e-16,-8.12113300e-16,-1.08629500e-15,-4.21702900e-16,-1.37090700e-16,4.27663300e-16,-7.74860400e-17,1.79931500e-16,-2.23517400e-17
1.15366080e+06,-7.74004400e+00,-9.14558800e-17,-2.01165700e-17,1.32620300e-16,-1.49756700e-16,2.22027300e-16,-7.30156900e-17,-3.35276100e-16,-6.55651100e-17,-1.12073900e-16,-5.24520900e-16,-9.25362100e-16,-3.48687200e-16,5.91576100e-16,6.25848800e-17,-2.16811900e-16,2.39536200e-16,9.87201900e-18
1.15766080e+06,-7.74048000e+00,-6.85453400e-17,1.03563100e-16,5.96046400e-18,-5.12599900e-16,-1.31130200e-16,2.63750600e-16,-6.42240000e-16,1.63912800e-17,1.15477500e-17,-4.81307500e-16,-1.03414100e-15,-2.75671500e-16,-6.58631300e-16,8.79168500e-17,-1.00582800e-16,-1.56462200e-17,-1.14552700e-16
1.16166080e+06,-7.74128800e+00,-9.79751300e-17,-7.33882200e-17,1.57207300e-16,-2.48104300e-16,-2.19047100e-16,2.48849400e-16,-7.06315000e-16,-8.74698200e-16,-6.01853900e-16,-2.59280200e-16,-1.07586400e-15,-3.69548800e-16,-7.30156900e-17,-1.34110500e-17,1.01327900e-16,1.58324800e-16,-2.53133500e-16
1.16566080e+06,-7.74246000e+00,-4.80562400e-17,1.59815000e-16,-1.71363400e-17,-3.35276100e-16,-2.23517400e-17,1.54972100e-16,-1.25169800e-15,-2.17557000e-16,-5.17043000e-16,-3.62098200e-16,-1.54972100e-16,-4.91738300e-17,4.61936000e-17,-8.34465000e-17,-1.98930500e-16,1.95577700e-16,-3.42167900e-16
1.16966080e+06,-7.74398300e+00,-2.02283300e-16,-2.90572600e-17,1.00582800e-16,-3.39001400e-16,2.38418600e-17,-5.96046400e-17,-9.67085400e-16,-5.46872600e-16,-6.27622800e-16,9.08970800e-17,-7.55488900e-16,-3.12924400e-17,-3.93390700e-16,1.08778500e-16,1.34855500e-16,3.72529000e-19,-3.43471800e-16
1.17366080e+06,-7.74584500e+00,-1.63354000e-16,-2.57045000e-17,5.60283700e-16,-4.48525000e-16,-6.70552300e-17,1.08778500e-16,3.96370900e-16,-1.43051100e-16,-3.59974000e-16,-4.17232500e-17,-6.07967400e-16,-4.09781900e-16,-2.39908700e-16,1.81794200e-16,1.10268600e-16,1.63167700e-16,-4.26173200e-16
1.17766080e+06,-7.74802900e+00,-2.56486200e-16,-1.26659900e-16,6.40749900e-17,-7.03334800e-16,2.71201100e-16,3.91900500e-16,-6.33299400e-16,-3.14414500e-16,-5.45896300e-16,-2.80141800e-16,-8.06152800e-16,-5.94556300e-16,1.63912800e-17,6.78002800e-17,3.12179300e-16,3.99351100e-16,-2.78279200e-16
1.18166080e+06,-7.75051900e+00,-1.13621400e-16,1.26287300e-16,-1.02073000e-16,-7.00354600e-16,-1.72853500e-16,4.14252300e-16,-5.52833100e-16,-7.95722000e-16,-4.18010600e-16,-1.28150000e-16,-6.30319100e-16,-2.26497700e-16,1.78813900e-17,4.94718600e-16,1.92225000e-16,2.07498700e-16,-3.16463400e-16
1.18566080e+06,-7.75329500e+00,1.11758700e-17,2.30968000e-17,4.00096200e-16,-3.41236600e-16,-5.36441800e-17,1.07288400e-16,-6.13927800e-16,-7.86781300e-16,-3.11595200e-16,-5.28991200e-16,-1.16229100e-16,-1.09523500e-15,1.50501700e-16,1.26659900e-16,2.01165700e-16,6.14672900e-17,-3.53530000e-16
1.18966080e+06,-7.75633800e+00,-2.88710000e-17,1.60932500e-16,3.72529000e-18,-2.51084600e-16,1.38580800e-16,5.11109800e-16,-3.21865100e-16,-2.20537200e-16,-2.89594800e-16,-6.40749900e-17,-2.62260400e-16,-8.64267300e-16,8.64267300e-17,-8.49366200e-17,2.77906700e-16,3.72156500e-16,-4.85591600e-16
1.19366080e+06,-7.75962800e+00,-8.30739700e-17,1.81794200e-16,2.46614200e-16,-2.87592400e-16,-3.82959800e-16,-3.72529000e-16,-6.25848800e-17,4.61936000e-16,-5.42799200e-16,-1.17272100e-15,-8.43405700e-16,-5.06639500e-16,1.29640100e-16,4.73111900e-16,2.64495600e-16,5.04776800e-16,-3.84077400e-16
1.19766080e+06,-7.76314300e+00,3.53902600e-18,2.41398800e-16,1.69873200e-16,-3.88920300e-16,-3.29315700e-16,3.87430200e-17,-9.20891800e-16,-3.68058700e-16,-9.48273500e-16,-5.39422000e-16,-5.11109800e-16,-2.13086600e-16,9.68575500e-17,2.49594400e-16,5.53578100e-16,3.25962900e-16,-3.64333400e-16
1.20166080e+06,-7.76342500e+00,-5.40167100e-17,2.86847400e-17,-7.89761500e-17,-4.78327300e-16,6.55651100e-17,-1.32620300e-16,-2.01165700e-16,-7.79330700e-16,-4.47160400e-16,-3.65078400e-16,-6.79493000e-16,-2.14576700e-16,-3.62098200e-16,4.23938000e-16,2.09361300e-16,3.08826600e-16,-3.09012800e-16
1.20566080e+06,-7.75989100e+00,-3.55765200e-17,7.52508600e-17,4.12017100e-16,-5.40167100e-16,-1.38580800e-16,-3.23355200e-16,8.49366200e-17,-8.46386000e-16,2.31148700e-16,-8.61287100e-16,-6.24358700e-16,-3.76999400e-16,1.01327900e-16,-9.98377800e-17,1.19209300e-16,3.84450000e-16,-4.54485400e-16
1.20966080e+06,-7.75633200e+00,-2.44006500e-17,2.66358300e-16,3.91900500e-16,-3.64333400e-16,-2.63750600e-16,6.31809200e-16,-1.01029900e-15,5.84125500e-16,-8.16907200e-16,-3.39746500e-16,-6.97374300e-16,-2.07126100e-16,5.06639500e-17,1.02073000e-16,-2.15321800e-16,4.06801700e-16,-4.73484400e-16
1.21366080e+06,-7.75275400e+00,-7.69272400e-17,9.01520200e-17,-9.31322600e-17,-4.84287700e-16,1.80304100e-16,-4.47034800e-18,1.17719200e-16,3.96370900e-16,-1.19003400e-15,-5.08129600e-16,-8.22544100e-16,-9.00030100e-16,5.96046400e-18,3.36766200e-16,3.81469700e-16,2.92062800e-16,-4.04007700e-16
1.21766080e+06,-7.74916500e+00,8.95932300e-17,8.34465000e-17,3.87430200e-17,-1.71363400e-16,1.25169800e-16,2.02655800e-16,1.63912800e-17,1.63912800e-16,-1.28828500e-15,-3.12924400e-16,-8.00192400e-16,-2.71201100e-16,2.23517400e-16,1.41561000e-16,-8.19563900e-17,2.48476900e-16,-4.27104500e-16
1.22166080e+06,-7.74556800e+00,-1.73039700e-16,5.36441800e-17,5.37186900e-16,-3.56882800e-16,3.93390700e-16,5.48362700e-16,-8.71717900e-16,-6.33299400e-16,-3.76609200e-16,-6.45220300e-16,-1.14738900e-16,-2.44379000e-16,-5.12599900e-16,1.39325900e-16,-5.96046400e-18,4.80935000e-16,-5.24148300e-16
1.22566080e+06,-7.74197000e+00,-1.80676600e-17,9.20146700e-17,4.17232500e-17,-7.25686500e-16,-8.04662700e-17,4.85777900e-16,-6.45220300e-16,4.90248200e-16,-7.49785700e-16,-3.05473800e-16,-1.72853500e-16,-3.27825500e-17,-4.47034800e-18,7.59959200e-17,2.10851400e-16,4.08291800e-16,-4.66778900e-16
1.22966080e+06,-7.73837500e+00,4.32133700e-17,1.84774400e-16,1.34110500e-16,-3.06218900e-16,-3.69548800e-16,-2.11596500e-16,-7.64429600e-16,5.40912200e-16,-2.10424700e-16,-9.84966800e-16,-1.95205200e-16,-1.74343600e-16,2.90572600e-16,-1.16974100e-16,2.56300000e-16,5.83380500e-16,-4.48524900e-16
1.23366080e+06,-7.73478700e+00,-5.01051500e-17,1.45286300e-16,1.31875300e-16,-6.16908100e-16,3.27825500e-17,-4.27663300e-16,-3.09944200e-16,-2.33948200e-16,4.63958900e-17,1.51991800e-16,-2.98023200e-16,-5.21540600e-17,-1.26659900e-16,2.60770300e-16,-2.02655800e-16,2.54437300e-16,-5.81890300e-16
1.23766080e+06,-7.73121100e+00,1.00769100e-16,-2.16066800e-17,-4.54485400e-17,-3.73274100e-16,-2.77161600e-16,-2.53319700e-17,-4.27663300e-16,-6.67572000e-16,1.20770000e-16,-4.42564500e-16,-5.72204600e-16,-3.81469700e-16,1.19209300e-17,5.81145300e-17,9.01520300e-17,4.82797600e-16,-5.20050500e-16
1.24166080e+06,-7.72765100e+00,4.69386600e-17,1.87009600e-16,3.97861000e-16,-4.20957800e-16,-3.79979600e-16,-1.32620300e-16,-6.58631300e-16,-3.03983700e-16,-6.09726300e-16,-4.52995300e-16,-6.39259800e-16,-2.90572600e-16,-4.48525000e-16,-1.57207300e-16,2.24262500e-16,3.55765200e-16,-3.91528000e-16
1.24566080e+06,-7.72411000e+00,1.49756700e-16,1.15484000e-16,4.84287700e-17,-4.06056600e-16,-5.33461600e-16,-1.66893000e-16,-1.56462200e-16,1.05798200e-16,-6.69910100e-16,-2.42888900e-16,-2.66730800e-16,9.98377800e-17,-1.44541300e-16,2.09361300e-16,3.23355200e-16,4.93228400e-16,-4.97326300e-16
1.24966080e+06,-7.72059200e+00,9.94652500e-17,-8.94069700e-18,-2.74926400e-16,-1.27404900e-16,-3.72529000e-17,-3.72529000e-17,-2.84612200e-16,-4.96208700e-16,-7.72359200e-16,-7.15255700e-16,-5.75184800e-16,3.36766200e-16,3.65078400e-16,1.95205200e-16,1.52736900e-16,6.25848800e-16,-5.20423100e-16
1.25366080e+06,-7.71710100e+00,-2.64123100e-16,-1.69500700e-16,8.19563900e-17,-1.66893000e-16,-2.50339500e-16,-2.16066800e-16,-2.60770300e-16,-9.10460900e-16,2.17491900e-16,-3.53157500e-16,-8.29994700e-16,-4.09781900e-16,5.81145300e-17,-1.37090700e-16,3.12924400e-16,4.86522900e-16,-8.35210100e-16
1.25766080e+06,-7.71363900e+00,-2.49594400e-17,1.14738900e-16,-3.94880800e-16,-6.48200500e-17,-3.93390700e-16,1.63912800e-16,-4.33623800e-16,2.04145900e-16,-1.33639800e-16,-1.59442400e-16,-2.66730800e-16,8.79168500e-17,-6.40749900e-17,2.68220900e-17,5.19305500e-16,7.01099600e-16,-6.82473200e-16
1.26166080e+06,-7.71021100e+00,5.14090100e-17,-8.60542100e-17,-2.87592400e-16,-2.01165700e-16,4.81307500e-16,-9.47713900e-16,-9.46223700e-16,-1.54972100e-16,-8.99356400e-16,-7.74860400e-16,-5.43892400e-16,-2.38418600e-17,1.72853500e-16,-4.24683100e-17,1.89244700e-16,6.02379400e-16,-8.88854300e-16
1.26566080e+06,-7.70682100e+00,-1.42678600e-16,1.41933600e-16,-2.44379000e-16,-4.25428200e-16,-3.30805800e-16,1.07288400e-16,-7.73370300e-16,7.45058100e-17,-6.40964200e-16,-5.79655200e-16,-8.61287100e-16,-1.28150000e-16,6.80983100e-16,4.95463600e-16,3.88175200e-16,6.19888300e-16,-7.84918700e-16
1.26966080e+06,-7.70347400e+00,-1.64285300e-16,-1.25169800e-16,2.40653800e-16,-4.59700800e-16,-1.40070900e-16,1.92225000e-16,7.30156900e-17,-5.33461600e-16,-1.24514300e-15,-1.05053200e-15,-9.10460900e-16,3.87430200e-17,-2.87592400e-16,2.30968000e-17,-2.60770300e-17,4.62681100e-16,-9.17539000e-16
1.27366080e+06,-7.70017500e+00,-1.08778500e-16,3.11806800e-16,1.04308100e-17,1.11758700e-17,1.37090700e-16,1.68383100e-16,-3.29315700e-16,-3.12924400e-16,7.84291100e-16,-9.98377800e-17,-3.18884800e-16,-8.27014400e-16,-7.45058100e-18,2.55554900e-16,2.83867100e-16,6.31064200e-16,-7.52508600e-16
1.27766080e+06,-7.69692900e+00,-1.44168700e-16,-1.78068900e-16,2.01165700e-17,-4.55230500e-16,-3.42726700e-17,4.93228400e-16,-8.52346400e-16,8.13603400e-16,-9.04970200e-16,-6.52670900e-16,-7.45058100e-16,4.35113900e-16,2.98023200e-18,2.98023200e-16,2.16066800e-16,6.48945600e-16,-8.87364100e-16
1.28166080e+06,-7.69374500e+00,-2.98023200e-18,1.67638100e-17,-8.56816800e-17,-5.40167100e-16,-7.30156900e-17,1.14738900e-16,-1.20997400e-15,-1.07288400e-16,-1.51578700e-16,6.63101700e-16,-2.22027300e-16,-1.40070900e-16,-5.18560400e-16,2.73436300e-16,3.16649700e-16,6.01261900e-16,-8.16583600e-16
1.28566080e+06,-7.69063100e+00,1.00582800e-17,-4.44054600e-16,-9.76026100e-17,-3.19629900e-16,-4.51505200e-16,4.24683100e-16,1.43051100e-16,1.17719200e-16,-4.00061000e-16,-6.46710400e-16,-3.03983700e-16,1.66893000e-16,9.68575500e-17,2.42888900e-16,4.41819400e-16,8.16211100e-16,-5.92321200e-16
1.28966080e+06,-7.68759700e+00,-3.24100300e-17,-2.73436300e-16,1.24424700e-16,-2.65240700e-16,-5.24520900e-16,3.21865100e-16,-5.02169100e-16,-1.19209300e-15,8.35911900e-17,-7.92741800e-16,-6.16908100e-16,2.41398800e-16,-3.72529000e-16,-1.71363400e-17,6.02006900e-16,7.27176700e-16,-6.83963300e-16
1.29366080e+06,-7.68465600e+00,1.04308100e-17,-9.68575500e-18,-9.76026100e-17,-3.15159600e-16,-4.55975500e-16,4.61936000e-17,-1.78813900e-16,-8.34465000e-17,-4.93943700e-16,-8.34465000e-16,-9.81986500e-16,-3.99351100e-16,-4.14252300e-16,5.66244100e-17,-9.68575500e-18,8.85501500e-16,-7.33509700e-16
1.29766080e+06,-7.68182200e+00,2.98023200e-18,1.56462200e-17,-6.85453400e-17,-3.11434300e-16,-3.82959800e-16,1.78813900e-17,-7.24196400e-16,-3.62098200e-16,-7.52653900e-16,-4.30643600e-16,-3.14414500e-16,-4.76837200e-16,-1.96695300e-16,-4.47034800e-18,3.58372900e-16,8.28877100e-16,-7.88271400e-16
1.30166080e+06,-7.67911300e+00,1.72853500e-16,1.48639100e-16,-1.96695300e-16,-3.20375000e-17,7.00354600e-17,-7.09295300e-16,-5.12599900e-16,-1.09672500e-15,-5.77698800e-16,-1.18613200e-15,-1.08927500e-15,-3.02493600e-16,1.19209300e-16,8.15093500e-16,7.08550200e-16,8.49366200e-16,-8.63522300e-16
1.30566080e+06,-7.67655000e+00,5.36441800e-17,-4.80562400e-17,-8.34465000e-17,-6.94394100e-16,-1.29640100e-16,4.02331400e-17,-8.34465000e-16,-7.71880100e-16,-1.19804500e-15,-8.34465000e-17,2.26497700e-16,-4.76837200e-17,2.20537200e-16,-1.76578800e-16,5.87850800e-16,5.95301400e-16,-9.73418400e-16
1.30966080e+06,-7.67415900e+00,3.16649700e-17,1.74343600e-16,-3.35276100e-17,-2.39908700e-16,-7.59959200e-17,5.66244100e-17,-3.06963900e-16,1.50501700e-16,-8.12508700e-16,-5.72204600e-16,-8.88109200e-16,-1.49011600e-16,1.41561000e-16,3.84450000e-16,4.39584300e-16,8.26641900e-16,-7.49155900e-16
1.31366080e+06,-7.67196800e+00,1.32992900e-16,-1.89989800e-17,-1.08778500e-16,-2.98023200e-18,-1.02818000e-16,-3.03983700e-16,-1.35153500e-15,2.39908700e-16,-7.07735100e-16,-4.96208700e-16,-6.66081900e-16,5.96046400e-17,-1.69873200e-16,-4.54485400e-17,5.02169100e-16,6.78002800e-16,-7.90506600e-16
1.31766080e+06,-7.67001400e+00,1.57952300e-16,1.28150000e-16,-1.08778500e-16,-2.47359300e-16,2.68220900e-16,-5.69224400e-16,-9.64105100e-16,-1.90734900e-16,-9.29525900e-16,-8.01682500e-16,-4.87268000e-16,-9.83476600e-17,-1.78813900e-17,-1.16229100e-16,2.94297900e-16,7.21961300e-16,-9.96515200e-16
1.32166080e+06,-7.66833600e+00,8.30739700e-17,-1.30757700e-16,-3.22610100e-16,1.26659900e-17,-2.83122100e-17,-1.37090700e-16,-8.70227800e-16,-2.10106400e-16,-2.02572400e-16,-7.04824900e-16,-3.11434300e-16,1.04308100e-17,2.86102300e-16,1.30385200e-16,6.19143200e-16,8.34837600e-16,-9.07853200e-16
1.32566080e+06,-7.66698200e+00,1.33365400e-16,-9.64850200e-17,-2.09361300e-16,-5.11109800e-16,-4.90248200e-16,-3.75509300e-16,2.47359300e-16,2.38418600e-16,-6.50434300e-16,-3.08454000e-16,-5.54323200e-16,-1.07288400e-16,-2.22027300e-16,2.33948200e-16,3.40491500e-16,7.24196400e-16,-9.63360100e-16
1.32966080e+06,-7.66600700e+00,7.22706300e-17,-1.12131200e-16,-2.90572600e-16,-4.46289800e-16,-2.38418600e-17,2.56300000e-16,-3.15904600e-16,-4.66406300e-16,-8.49377900e-16,-1.59144400e-15,-2.35438300e-16,2.08616300e-17,-1.08778500e-16,1.54227000e-16,4.54485400e-16,5.20423100e-16,-1.03786600e-15
1.33366080e+06,-7.66547400e+00,8.56816800e-17,-1.47894000e-16,8.79168500e-17,-1.40816000e-16,-2.48849400e-16,2.74181400e-16,-1.05202200e-15,-5.06639500e-16,-1.35315200e-15,-6.82473200e-16,-7.40587700e-16,7.89761500e-17,-9.68575500e-17,1.22934600e-16,1.52736900e-16,5.31598900e-16,-8.78050900e-16
1.33766080e+06,-7.66545200e+00,3.72529000e-19,8.94069700e-17,-9.90927200e-17,-2.33203200e-16,9.83476600e-17,-3.48687200e-16,-5.97536600e-16,-6.92904000e-16,-6.68256400e-16,-1.41561000e-16,5.08129600e-16,-4.85777900e-16,-1.23679600e-16,-1.84774400e-16,5.87850800e-16,7.75232900e-16,-9.66340300e-16
1.34166080e+06,-7.66602000e+00,1.60187500e-16,4.84287700e-18,1.52736900e-16,-3.56137800e-16,-3.09944200e-16,-6.27338900e-16,-7.15255700e-16,-8.18073700e-16,-4.59948700e-16,-2.62260400e-16,-2.83122100e-17,-1.40070900e-16,2.98023200e-17,3.97861000e-16,5.47617700e-16,8.23289200e-16,-9.96142600e-16
1.34566080e+06,-7.66726100e+00,2.62633000e-16,1.78813900e-17,1.58697400e-16,-4.78327300e-16,-4.27663300e-16,1.23679600e-16,-8.00192400e-16,-5.30481300e-16,-8.11334100e-17,2.16066800e-16,-8.91089400e-16,-6.18398200e-16,2.98023200e-18,8.04662700e-16,8.47876100e-16,9.11578500e-16,-1.23567900e-15
1.34966080e+06,-7.66926600e+00,5.58793500e-17,-3.47942100e-16,-1.43051100e-16,-7.74860400e-17,-5.81145300e-17,-1.22189500e-16,-2.07126100e-16,3.91900500e-16,-4.86701300e-17,-3.36766200e-16,-2.93552900e-16,2.54809900e-16,2.45869200e-16,-4.69386600e-17,2.81631900e-16,5.39422000e-16,-1.14962500e-15
1.35366080e+06,-7.67212700e+00,7.93486800e-17,-2.00793100e-16,9.31322600e-17,-2.75671500e-16,-2.78651700e-16,-2.98023200e-17,-6.79493000e-16,-3.68058700e-16,-5.54619900e-16,-1.36494600e-15,-7.64429600e-16,1.14738900e-16,3.72529000e-16,2.14576700e-16,2.07871200e-16,7.48410800e-16,-9.67830400e-16
1.35766080e+06,-7.67593800e+00,1.74716100e-16,-5.32716500e-17,7.67409800e-17,-1.83284300e-16,1.63912800e-16,-6.30319100e-16,-8.35955100e-16,-6.24358700e-16,-8.43138900e-16,-1.04308100e-17,-8.47876100e-16,-3.50177300e-16,5.03659200e-16,-6.03497000e-17,3.49432200e-16,7.70390000e-16,-9.96142600e-16
1.36166080e+06,-7.68078600e+00,2.25007500e-16,1.26659900e-16,-2.33948200e-16,-1.97440400e-16,-1.31130200e-16,-1.92225000e-16,-5.08129600e-16,-3.03983700e-16,-5.63339700e-16,-8.92579600e-16,-7.74860400e-16,-7.71880100e-16,-1.04308100e-16,-2.26497600e-16,2.08616300e-16,9.77516200e-16,-1.26846100e-15
1.36566080e+06,-7.68675000e+00,4.06056600e-17,8.90344400e-17,1.69128200e-16,-4.47034800e-16,-2.17557000e-16,-2.22027300e-16,-3.78489500e-16,3.68058700e-16,1.75703700e-16,-7.86781300e-16,-2.44379000e-16,1.84774400e-16,-8.64267300e-17,2.71201100e-16,1.74343600e-16,7.28666800e-16,-9.71928200e-16
1.36966080e+06,-7.69389300e+00,1.02073000e-16,-2.35438300e-16,7.82311000e-17,-4.46289800e-16,-2.38418600e-16,-5.02169100e-16,-7.92741800e-16,-2.75671500e-16,-2.76779000e-16,-7.00354600e-16,-1.75833700e-16,-3.18884800e-16,-2.08616300e-16,1.80304100e-16,3.43471800e-16,1.07772600e-15,-1.03563100e-15
1.37366080e+06,-7.70225700e+00,1.65775400e-16,-1.44541300e-16,-1.83284300e-16,-5.26011000e-16,3.90410400e-16,1.98185400e-16,7.89761500e-17,-6.43730200e-16,-2.19690100e-16,-4.48525000e-16,-4.82797600e-16,1.63912800e-16,4.17232500e-17,5.66244100e-17,6.29574100e-16,1.12503800e-15,-9.90554700e-16
1.37766080e+06,-7.71185700e+00,2.38046000e-16,-1.95577700e-16,-1.55717100e-16,-4.37349100e-16,-3.72529000e-16,8.49366200e-17,-1.07288400e-15,8.79168500e-17,-2.79998600e-16,6.70552300e-17,-8.18073700e-16,-1.43051100e-16,2.05636000e-16,-4.69386600e-17,7.29411800e-16,9.64850200e-16,-1.14627200e-15
1.38166080e+06,-7.71593700e+00,1.93715100e-16,-5.47617700e-17,-1.26659900e-17,-3.91900500e-16,-2.41398800e-16,4.11272000e-16,-1.18166200e-15,-4.33623800e-16,-5.59746500e-16,-5.85615600e-16,1.60932500e-16,-6.10947600e-17,2.86102300e-16,8.71717900e-17,3.09944200e-16,7.45058100e-16,-1.23083600e-15
1.38566080e+06,-7.71120800e+00,8.64267300e-17,3.68803700e-17,1.48266600e-16,-5.08874700e-16,3.27825500e-17,2.98023200e-16,-8.46386000e-16,-7.65919700e-16,-7.54965700e-16,-2.04145900e-16,-1.87754600e-16,-3.53157500e-16,-2.23517400e-17,4.47034800e-18,1.38580800e-16,1.01029900e-15,-9.32440200e-16
1.38966080e+06,-7.70682300e+00,9.01520200e-17,5.25265900e-17,-1.75833700e-16,-2.41398800e-16,2.23517400e-16,-4.81307500e-16,-5.93066200e-16,-4.55975500e-16,-3.74429600e-16,-8.37445300e-16,-9.89437100e-16,-6.10947600e-17,-2.75671500e-16,1.18464200e-16,8.04662700e-16,9.45478700e-16,-1.15670300e-15
1.39366080e+06,-7.70284700e+00,2.39163600e-16,-2.55927400e-16,2.73436300e-16,-2.65985700e-16,1.63912800e-17,-3.24845300e-16,-6.75022600e-16,-6.19888300e-16,1.36509400e-16,-3.17394700e-16,-1.35153500e-15,1.10268600e-16,5.06639500e-17,2.10851400e-16,1.25914800e-16,7.82683500e-16,-1.18576000e-15
1.39766080e+06,-7.69935300e+00,1.43423700e-16,-1.71735900e-16,-2.39163600e-16,-3.98606100e-16,-2.93552900e-16,-1.14738900e-16,-7.89761500e-17,-2.59280200e-16,-5.67156800e-16,-1.02818000e-16,-2.42888900e-16,4.30643600e-16,8.04662700e-17,-3.32295900e-16,7.21216200e-16,1.13993900e-15,-1.08741200e-15
1.40166080e+06,-7.69641800e+00,2.73808800e-16,-3.98233500e-16,-2.84612200e-16,-2.23517400e-18,-3.12924400e-16,-2.38418600e-16,-6.88433600e-16,-7.88271400e-16,-1.25454300e-16,-6.24358700e-16,-6.13927800e-16,5.33461600e-16,-1.63912800e-16,1.88499700e-16,5.38677000e-16,6.69062100e-16,-1.17495700e-15
1.40566080e+06,-7.69412700e+00,1.16601600e-16,-2.58907700e-16,1.51246800e-16,-4.77582200e-16,9.38773200e-17,-5.43892400e-16,-2.01165700e-16,-3.96370900e-16,-4.65938900e-16,-8.88109200e-16,-1.73747500e-15,-3.12924400e-17,2.56300000e-16,-3.65823500e-16,1.79559000e-16,6.65709400e-16,-1.16713300e-15
1.40966080e+06,-7.69257000e+00,1.71735900e-16,-6.33299300e-18,2.68220900e-17,-1.71363400e-16,-1.05798200e-16,-1.51991800e-16,-1.28150000e-16,-7.21216200e-16,-4.15154900e-17,-6.04987100e-16,6.25848800e-17,-4.35113900e-16,-6.70552300e-17,2.71946200e-16,2.27987800e-16,6.78375400e-16,-1.03600300e-15
1.41366080e+06,-7.69183600e+00,1.91852400e-16,9.01520200e-17,-1.20699400e-16,-4.14997300e-16,2.60770300e-16,-1.75833700e-16,-1.46031400e-16,-1.83284300e-16,-7.05552900e-16,-3.82959800e-16,-7.73370300e-16,-3.53157500e-16,-2.83122100e-17,7.30156900e-17,1.12503800e-16,8.63894800e-16,-1.03376800e-15
1.41766080e+06,-7.68870600e+00,1.89617300e-16,-2.29477900e-16,1.54972100e-16,-2.47359300e-16,2.57790100e-16,-7.48038300e-16,-3.06963900e-16,4.79817400e-16,-9.37147300e-16,-6.10947600e-16,-7.62939500e-16,1.47521500e-16,2.14576700e-16,9.53674300e-17,4.90993300e-16,8.61659600e-16,-1.05761000e-15
1.42166080e+06,-7.68364400e+00,2.88337500e-16,-2.40281200e-16,2.07871200e-16,3.33786000e-16,-3.50177300e-16,1.74343600e-16,-6.24358700e-16,-5.15580200e-16,-1.00083400e-15,2.23517400e-17,1.28150000e-16,-6.85453400e-17,1.59442400e-16,9.01520300e-17,2.71946200e-16,9.95770100e-16,-9.94280000e-16
1.42566080e+06,-7.67903800e+00,5.52833100e-16,-1.41188500e-16,-2.26497600e-16,-3.11434300e-16,-1.57952300e-16,-7.56979000e-16,-6.92904000e-16,-4.72366800e-16,-5.39802200e-16,2.01165700e-16,2.26497700e-16,3.75509300e-16,3.47197100e-16,-3.72529000e-18,4.76092100e-16,7.16373300e-16,-9.82731600e-16
1.42966080e+06,-7.67497100e+00,1.35973100e-16,-4.11644600e-16,-5.65499100e-16,-2.42888900e-16,4.91738300e-17,-3.50177300e-16,-4.47034800e-16,-6.00516800e-16,-9.65635800e-16,-6.95884200e-16,-3.85940100e-16,-5.63263900e-16,2.50339500e-16,2.40653800e-16,6.15418000e-16,9.97632700e-16,-9.74163400e-16
1.43366080e+06,-7.67153000e+00,2.15694300e-16,-2.36183400e-16,-4.52250200e-16,-1.06543300e-16,3.87430200e-16,1.86264500e-16,-7.09295300e-16,-5.02169100e-16,-9.78029200e-16,-1.31875300e-15,-3.27825500e-17,3.91900500e-16,-1.92225000e-16,-5.66244100e-17,2.24262500e-16,9.19029100e-16,-1.16936900e-15
1.43766080e+06,-7.66881000e+00,1.05798200e-16,-2.63750600e-16,-8.56816800e-17,-1.64657800e-16,9.38773200e-17,3.78489500e-16,-6.63101700e-16,-5.81145300e-16,-5.50229400e-16,-5.70714500e-16,-3.93390700e-16,2.98023200e-18,-2.45869200e-16,-3.69548800e-16,2.07871200e-16,1.26808900e-15,-1.15484000e-15
1.44166080e+06,-7.66691100e+00,2.63750600e-16,-8.75443200e-17,-1.93715100e-17,-4.39584300e-16,1.99675600e-16,5.36441800e-17,-9.76026100e-16,-6.31809200e-16,-6.27387700e-16,-3.01003500e-16,-5.66244100e-16,-1.93715100e-17,2.99513300e-16,-1.98930500e-16,2.63005500e-16,1.10380400e-15,-1.06617800e-15
1.44566080e+06,-7.66593700e+00,1.82166700e-16,2.78279200e-16,-2.26497600e-16,-2.25752600e-16,-3.20375000e-16,-5.28991200e-16,-1.13695900e-15,-9.80496400e-16,-1.14611000e-15,-1.05798200e-16,1.78813900e-17,4.32133700e-17,4.17232500e-17,1.58697400e-16,5.26756000e-16,1.10752900e-15,-1.01588700e-15
1.44966080e+06,-7.66599500e+00,7.74860400e-17,9.68575500e-17,-2.77906700e-16,-1.00582800e-16,-8.34465000e-17,-2.48849400e-16,-2.23517400e-16,-7.06315000e-16,-1.44500700e-16,-4.60445900e-16,-2.66730800e-16,3.53157500e-16,1.95205200e-16,-7.53998800e-16,4.38839200e-16,1.16899600e-15,-9.35420400e-16
1.45366080e+06,-7.66718800e+00,2.52574700e-16,8.67992600e-17,-7.45058100e-19,1.56462200e-17,-2.71201100e-16,-2.99513300e-16,-1.04308100e-17,3.30805800e-16,-3.59201600e-16,4.06801700e-16,-4.02331400e-16,-2.22027300e-16,2.83122100e-17,1.82539200e-16,5.43892400e-17,8.06525300e-16,-8.41915600e-16
1.45766080e+06,-7.66961400e+00,3.21492600e-16,-1.36345600e-16,6.48200500e-17,-1.37090700e-16,-1.22189500e-16,-1.92225000e-16,-7.09295300e-16,-7.36117400e-16,-5.97210300e-16,-1.02967000e-15,-1.50501700e-16,2.14576700e-16,-3.36766200e-16,-1.82539200e-16,1.11758700e-17,1.34371200e-15,-9.85711800e-16
1.46166080e+06,-7.67336000e+00,4.13507200e-16,2.41398800e-16,-1.14738900e-16,6.70552300e-17,-1.07288400e-16,-7.45058100e-16,-2.53319700e-17,-5.00679000e-16,-1.77057100e-16,-6.55651100e-16,3.41236600e-16,2.08616300e-16,-7.58469100e-16,-1.14738900e-16,6.48200500e-17,1.23456100e-15,-1.13062600e-15
1.46566080e+06,-7.67849500e+00,-2.98023200e-18,1.71363400e-16,-3.42726700e-16,-4.47034800e-18,2.19047100e-16,-4.32133700e-17,-2.78651700e-16,2.14576700e-16,-5.38938500e-16,-8.32974900e-16,-8.55326700e-16,2.54809900e-16,-1.40070900e-16,-1.43051100e-16,2.11596500e-16,1.00843600e-15,-1.02184700e-15
1.46966080e+06,-7.68506800e+00,2.40281200e-16,1.02818000e-16,-2.34693300e-16,-3.37511300e-16,-2.93552900e-16,-4.14252300e-16,-1.20699400e-16,4.47034800e-18,-6.78143100e-16,-1.05798200e-16,-2.23517400e-16,7.86781300e-16,2.27987800e-16,-3.94135700e-16,2.77161600e-16,9.62615000e-16,-1.12988100e-15
1.47366080e+06,-7.69309700e+00,2.88337500e-16,-6.37024600e-17,1.86264500e-17,-7.67409800e-17,8.38935400e-16,-8.64267300e-16,2.22027300e-16,-8.82148700e-16,-3.68665300e-16,3.44216800e-16,-1.02818000e-16,4.03821500e-16,1.93715100e-17,2.01165700e-17,8.03172600e-16,8.36327700e-16,-1.05835500e-15
1.47766080e+06,-7.70150700e+00,3.19257400e-16,4.39584300e-17,-2.37673500e-16,-9.38773200e-17,-1.49011600e-16,-4.51505200e-16,-6.73532500e-16,-8.38935400e-16,-2.10740000e-16,-9.93907500e-16,-1.15484000e-15,-6.06477300e-16,-1.29640100e-16,-5.66244100e-17,2.87592400e-16,1.12801800e-15,-1.27479400e-15
1.48166080e+06,-7.69613300e+00,3.18512300e-16,3.26335400e-16,-4.00841200e-16,-6.81728100e-16,4.91738300e-17,-5.94556300e-16,-9.98377800e-17,-6.63101700e-16,-1.44121600e-15,-8.06152800e-16,-3.09944200e-16,-4.09781900e-16,5.81145300e-17,-2.47359300e-16,3.50177300e-16,1.08294200e-15,-1.11237200e-15
1.48566080e+06,-7.69115700e+00,4.38839200e-16,3.45706900e-16,-2.98768300e-16,-4.67896500e-16,-6.85453400e-17,2.25007500e-16,1.08778500e-16,-2.23517400e-16,-3.70532200e-16,-4.99188900e-16,1.90734900e-16,7.15255700e-17,4.66406300e-16,-6.63101700e-17,7.39842700e-16,1.08145200e-15,-1.15372200e-15
1.48966080e+06,-7.68659300e+00,9.64850200e-17,1.75088600e-16,1.16974100e-16,-2.83122100e-17,-1.90734900e-16,-3.59118000e-16,-5.85615600e-16,-6.03497000e-16,-7.61391600e-16,-9.25362100e-16,-3.91900500e-16,-6.85453400e-17,-9.38773200e-17,5.21540600e-18,7.08550200e-16,1.01290600e-15,-1.05574700e-15
1.49366080e+06,-7.68244800e+00,3.79979600e-16,3.41609100e-16,-6.03497000e-17,-3.54647600e-16,-2.14576700e-16,-9.16421400e-16,5.40912200e-16,1.29640100e-16,-8.63879400e-17,1.32620300e-16,-8.68737700e-16,8.49366200e-17,3.12924400e-16,-1.40816000e-16,1.93715100e-16,1.02967000e-15,-8.87736700e-16
1.49766080e+06,-7.67872400e+00,1.86637000e-16,3.61353200e-16,1.86264500e-17,-2.22772400e-16,-5.70714500e-16,-5.81145300e-16,3.03983700e-16,5.21540600e-17,-1.18273700e-15,-5.70714500e-16,-6.33299400e-16,-5.30481300e-16,-4.27663300e-16,7.45058100e-19,5.36441800e-17,9.39518200e-16,-1.03525800e-15
1.50166080e+06,-7.67541800e+00,3.47197100e-16,1.96695300e-16,-2.09361300e-16,-1.37090700e-16,-3.32295900e-16,-5.73694700e-16,-8.34465000e-16,4.91738300e-17,-4.63548000e-16,-9.38773200e-17,-3.90410400e-16,2.39908700e-16,-5.21540600e-17,-9.90927200e-17,-2.45869200e-17,9.66712800e-16,-8.47876100e-16
1.50566080e+06,-7.67252100e+00,4.19467700e-16,1.97067900e-16,1.23679600e-16,1.49011600e-18,-5.84125500e-16,-3.56137800e-16,1.10268600e-16,-4.15742400e-16,-5.77534800e-16,-9.92417300e-16,-6.52670900e-16,3.09944200e-16,-7.59959200e-16,-2.48849400e-16,5.26011000e-16,8.24034200e-16,-7.23078800e-16
1.50966080e+06,-7.67002300e+00,4.72366800e-16,-6.22123500e-17,4.99188900e-17,2.21282200e-16,-5.96046400e-17,6.85453400e-17,-9.92417300e-16,-2.89082500e-16,-9.64959200e-17,-5.43892400e-16,-7.98702200e-16,-4.61936000e-17,-7.01844700e-16,-3.11434300e-16,9.08970800e-17,9.29459900e-16,-1.02035700e-15
1.51366080e+06,-7.66791400e+00,2.77161600e-16,-4.61936000e-17,1.49011600e-17,2.05636000e-16,3.17394700e-16,4.73856900e-16,-1.14738900e-15,4.47034800e-17,-8.57895600e-16,-5.33461600e-16,-7.46548200e-16,-1.49011600e-17,-8.94069700e-18,9.23872000e-17,4.17232500e-16,8.25524300e-16,-9.73045800e-16
1.51766080e+06,-7.66618000e+00,4.69759100e-16,2.55554900e-16,1.12503800e-16,1.90734900e-16,-2.16066800e-16,-4.47034800e-18,-3.91900500e-16,-1.60932500e-16,-1.08956600e-16,-1.14291900e-15,-9.84966800e-16,2.42888900e-16,1.20699400e-16,-2.56300000e-16,2.02655800e-16,9.04873000e-16,-1.23977700e-15
1.52166080e+06,-7.66481300e+00,5.53950700e-16,2.33575700e-16,-6.78002800e-17,-4.32878700e-16,-3.11434300e-16,-1.83284300e-16,3.06963900e-16,-3.88920300e-16,-1.95555300e-16,-7.59959200e-17,-3.12924400e-17,2.04145900e-16,-4.76837200e-17,-1.16229100e-16,3.95625800e-16,9.00030100e-16,-9.99122900e-16
1.52566080e+06,-7.66380400e+00,1.12503800e-16,8.27014400e-17,8.04662700e-17,2.83122100e-16,2.98023200e-18,-1.11758700e-16,2.48849400e-16,5.21540600e-17,-8.46187300e-17,-1.91181900e-15,-8.46386000e-16,9.14931300e-16,3.41236600e-16,1.73598500e-16,1.20699400e-16,1.43759000e-15,-9.95025000e-16
1.52966080e+06,-7.66315100e+00,3.90037900e-16,2.21282200e-16,1.58697400e-16,2.65985700e-16,-3.33786000e-16,-4.17232500e-17,-4.70876700e-16,3.38256400e-16,-1.18915000e-16,-1.04457100e-15,-2.84612200e-16,4.32133700e-17,-2.23517400e-17,-3.13669400e-16,1.87754600e-16,1.06729600e-15,-8.21799000e-16
1.53366080e+06,-7.66285500e+00,1.70990800e-16,1.16601600e-16,-4.32133700e-17,-1.10268600e-16,-2.59280200e-16,-4.60445900e-16,-1.59442400e-16,-3.17394700e-16,-7.13903300e-16,-1.03116000e-15,-2.08616300e-17,8.79168500e-16,2.71201100e-16,-4.34368800e-16,2.08616300e-16,9.27969800e-16,-9.74535900e-16
1.53766080e+06,-7.66292400e+00,4.07546800e-16,-1.37090700e-16,1.94460200e-16,-4.91738300e-17,-1.59442400e-16,4.47034800e-18,-4.17232500e-17,-6.45220300e-16,-5.88529100e-16,-7.00354600e-16,-1.21146400e-15,3.63588300e-16,5.23030800e-16,-3.08454000e-16,3.28570600e-16,1.09449000e-15,-8.75070700e-16
1.54166080e+06,-7.66337300e+00,3.07709000e-16,1.40443400e-16,1.53482000e-16,-4.91738300e-16,-1.65402900e-16,-2.35438300e-16,9.38773200e-17,-3.66568600e-16,-3.39869200e-16,-5.26011000e-16,-1.19209300e-17,5.93066200e-16,3.12924400e-16,-5.96046400e-18,4.82052600e-16,1.08145200e-15,-1.22673800e-15
1.54566080e+06,-7.66422300e+00,4.16860000e-16,4.46289800e-16,-1.39325900e-16,-1.39325900e-16,-2.75671500e-16,-1.99675600e-16,-7.76350500e-16,-1.49011600e-17,-3.96416700e-16,-1.50501700e-16,-3.33786000e-16,-1.41561000e-16,-1.22189500e-16,-2.47359300e-16,1.93715100e-17,1.14478200e-15,-9.16793900e-16
1.54966080e+06,-7.66550500e+00,3.39746500e-16,3.87802700e-16,-1.66147900e-16,1.94460200e-16,-2.83122100e-16,-3.30805800e-16,-8.35955100e-16,-7.45058100e-18,-6.02206100e-16,-1.06096300e-15,-2.45869200e-16,1.35600600e-16,4.91738300e-17,-2.98023200e-18,3.54647600e-16,7.48783300e-16,-1.13621400e-15
1.55366080e+06,-7.66725700e+00,4.87268000e-16,4.18350100e-16,-6.85453400e-17,-8.86619100e-17,-4.97698800e-16,-8.19563900e-17,-4.93228400e-16,-3.76999400e-16,-9.21751000e-16,-3.27825500e-16,-3.24845300e-16,-1.19209300e-17,3.65078400e-16,2.30222900e-16,4.68641500e-16,9.93907400e-16,-1.13956600e-15
1.55766080e+06,-7.66952400e+00,2.96533100e-16,2.12341500e-17,-3.20375000e-17,-2.22027300e-16,-2.68220900e-17,5.81145300e-17,-3.18884800e-16,-1.01327900e-16,-3.80247400e-16,-1.17570200e-15,-1.60634500e-15,-1.26659900e-16,5.05149400e-16,1.78813900e-17,6.51925800e-16,1.12578300e-15,-1.22636600e-15
1.56166080e+06,-7.67235900e+00,3.94135700e-16,5.25265900e-16,-2.74181400e-16,-2.32458100e-16,-8.94069700e-18,-7.40587700e-16,3.72529000e-17,-4.94718600e-16,-1.02159300e-15,2.69711000e-16,-3.24845300e-16,3.20375000e-16,3.08454000e-16,-6.02006900e-16,2.75671500e-16,1.01551400e-15,-9.80496400e-16
1.56566080e+06,-7.67582400e+00,5.08874700e-16,2.29105400e-16,4.91738300e-17,1.34110500e-17,1.13248800e-16,4.00841200e-16,-6.73532500e-16,9.67085400e-16,-1.08331300e-15,-8.37445300e-16,-6.37769700e-16,1.32620300e-16,1.46031400e-16,-2.19792100e-16,1.44541300e-16,1.07549100e-15,-1.11013700e-15
1.56966080e+06,-7.67998100e+00,3.68803700e-16,7.18981000e-17,-3.30060700e-16,-2.13831700e-16,-4.42564500e-16,-8.21054000e-16,-2.38418600e-16,-3.47197100e-16,-3.86391300e-17,-5.66244100e-16,-4.02331400e-16,3.74019100e-16,3.57627900e-17,2.08616300e-16,7.30156900e-17,7.05942500e-16,-1.19730800e-15
1.57366080e+06,-7.68489700e+00,3.02493600e-16,2.66358300e-16,3.48687200e-16,8.71717900e-17,-1.90734900e-16,-5.06639500e-17,-1.44988300e-15,-2.17557000e-16,-5.00262000e-16,-6.73532500e-16,-4.23193000e-16,-9.08970800e-17,3.60608100e-16,-5.27501100e-16,9.68575500e-17,8.89971900e-16,-1.29863600e-15
1.57766080e+06,-7.69063700e+00,4.59700800e-16,3.32295900e-16,3.14414500e-16,-2.78651700e-16,-4.69386600e-16,-1.81794200e-16,2.33948200e-16,-4.48525000e-16,-3.31235500e-16,-1.35153500e-15,-5.03659200e-16,8.04662700e-17,-2.53319700e-17,-1.89989800e-16,7.67409800e-16,1.30273400e-15,-9.92417300e-16
1.58166080e+06,-7.69726300e+00,6.21378400e-16,3.85567500e-16,1.59442400e-16,-7.89761500e-17,-8.15093500e-16,3.82959800e-16,-2.08616300e-17,-4.48525000e-16,-8.00965400e-16,-8.68737700e-16,-8.46386000e-16,2.59280200e-16,-1.04308100e-17,-1.95205200e-16,1.22189500e-16,8.23661700e-16,-1.08778500e-15
1.58566080e+06,-7.70482700e+00,4.36604000e-16,3.87430200e-17,2.16066800e-16,1.93715100e-16,-9.59634800e-16,-4.27663300e-16,2.53319700e-17,-2.33948200e-16,-1.01340900e-15,-1.81049100e-15,-7.88271400e-16,5.14090100e-16,-2.92062800e-16,3.03238600e-16,2.13831700e-16,9.11951100e-16,-9.87201900e-16
1.58966080e+06,-7.71336600e+00,4.99934000e-16,-1.11758700e-18,1.58697400e-16,-9.46223700e-17,3.72529000e-17,1.46031400e-16,-5.39422000e-16,-1.00284800e-15,-6.45878800e-16,-6.39259800e-16,-3.69548800e-16,2.33948200e-16,-1.57952300e-16,1.46776400e-16,1.38580800e-16,8.54581600e-16,-9.84966800e-16
1.59366080e+06,-7.72290300e+00,3.45706900e-16,2.39536200e-16,3.08454000e-16,1.02073000e-16,-2.74181400e-16,-6.02006900e-16,-1.32620300e-16,-7.24196400e-16,-1.72915200e-16,1.49011600e-18,-4.03821500e-16,7.45058100e-17,-2.78651700e-16,-8.56816800e-17,5.69224400e-16,1.52029100e-15,-8.65757500e-16
1.59766080e+06,-7.72791700e+00,5.13345000e-16,1.40443400e-16,-4.61936000e-17,3.18884800e-16,-7.61449300e-16,-4.57465600e-16,-3.33786000e-16,-1.51991800e-16,-3.47893700e-16,2.10106400e-16,1.49011600e-17,-9.53674300e-17,1.60932500e-16,-1.58697400e-16,5.33461600e-16,9.81614000e-16,-1.14366400e-15
1.60166080e+06,-7.72358400e+00,1.88499700e-16,2.74553900e-16,2.23517400e-16,-3.55392700e-16,-3.15904600e-16,-1.10268600e-16,-6.61611600e-16,-5.31971500e-16,-8.02587900e-16,-5.51343000e-17,1.34110500e-17,1.51991800e-16,-3.30805800e-16,-2.60025300e-16,4.23193000e-16,6.76140200e-16,-9.87201900e-16
1.60566080e+06,-7.71957200e+00,3.42726700e-16,2.66358300e-16,1.75088600e-16,8.86619100e-17,-2.08616300e-16,1.84774400e-16,3.87430200e-17,-2.83122100e-17,-4.35298300e-16,-1.11907700e-15,-1.28001000e-15,6.48200500e-16,-2.95043000e-16,6.63101700e-17,-1.74343600e-16,9.13441200e-16,-8.65012400e-16
1.60966080e+06,-7.71588200e+00,1.43796200e-16,2.24262500e-16,5.06639500e-16,4.48525000e-16,-4.08291800e-16,1.20699400e-16,3.02493600e-16,2.87592400e-16,-8.56221400e-16,-4.06801700e-16,6.55651100e-17,4.38094100e-16,-8.79168500e-17,1.16974100e-16,2.30968000e-16,8.22916600e-16,-1.08033400e-15
1.61366080e+06,-7.71251200e+00,2.69711000e-16,2.06753600e-16,3.29315700e-16,7.45058100e-19,-2.39908700e-16,-2.02655800e-16,-1.01625900e-15,-1.06990300e-15,-9.94027200e-16,2.02655800e-16,-4.35113900e-16,5.15580200e-16,7.10785400e-16,-4.19467700e-16,1.86264500e-17,1.33179100e-15,-9.99867900e-16
1.61766080e+06,-7.70945400e+00,4.31388600e-16,2.68966000e-16,-1.19954300e-16,-9.16421400e-17,-6.94394100e-16,2.74181400e-16,-1.05798200e-16,-2.80141800e-16,-7.24505900e-17,-3.88920300e-16,-7.12275500e-16,2.72507800e-31,7.30156900e-17,-1.52736900e-16,-3.50177300e-17,9.03010400e-16,-1.13472300e-15
1.62166080e+06,-7.70670000e+00,2.33948200e-16,9.31322600e-18,1.93715100e-16,-1.63912800e-17,-3.32295900e-16,-2.30968000e-16,-2.65240700e-16,-9.62615000e-16,-1.03067400e-15,-1.17272100e-15,-5.82635400e-16,7.01844700e-16,4.47034800e-17,-7.74860400e-17,5.95301400e-16,8.85129000e-16,-1.03265000e-15
1.62566080e+06,-7.70423400e+00,2.60770300e-16,1.42678600e-16,8.26269400e-16,2.13086600e-16,-6.39259800e-16,-5.96046400e-18,-2.93552900e-16,-9.01520300e-16,-3.90641600e-16,9.08970800e-17,-7.36117400e-16,-3.01003500e-16,-1.10268600e-16,-2.94297900e-16,2.15321800e-16,8.92207000e-16,-1.26957900e-15
1.62966080e+06,-7.70204300e+00,1.61677600e-16,2.92435300e-16,5.01424100e-16,1.71363400e-17,-8.04662700e-17,-1.22189500e-16,1.77323800e-16,1.29640100e-16,-8.53506000e-16,-1.64806800e-15,-9.77516200e-16,-3.75509300e-16,3.63588300e-16,-1.86264500e-17,6.85453400e-17,5.93811300e-16,-1.10119600e-15
1.63366080e+06,-7.70010900e+00,1.97440400e-16,3.83704900e-16,2.85357200e-16,-2.36928500e-16,-1.40070900e-16,-3.01003500e-16,-1.62422700e-16,1.26659900e-16,-1.12242400e-15,-6.97374300e-16,-3.99351100e-16,5.02169100e-16,-4.78327300e-16,-7.91251700e-16,1.82539200e-16,6.20260800e-16,-1.07437400e-15
1.63766080e+06,-7.69841100e+00,-2.08616300e-17,-4.35859000e-17,5.65499100e-16,-4.32878700e-16,-1.69873200e-16,-8.49366200e-17,2.10106400e-16,-1.57952300e-16,-7.31271900e-16,-7.53998800e-16,-7.74860400e-16,-6.55651100e-17,-5.28991200e-16,-2.97278200e-16,7.00354600e-17,9.26479700e-16,-9.72300800e-16
1.64166080e+06,-7.69693100e+00,3.41981600e-16,2.71573700e-16,2.98768300e-16,2.54809900e-16,-2.45869200e-16,-7.74860400e-16,-7.62939500e-16,-2.74181400e-16,-8.23632200e-16,-7.42077800e-16,-6.66081900e-16,5.75184800e-16,5.33461600e-16,-3.53902600e-16,1.86264500e-17,7.14510700e-16,-1.17942700e-15
1.64566080e+06,-7.69564800e+00,2.91317700e-16,1.46031400e-16,-1.63167700e-16,-2.91317700e-16,-7.16745900e-16,-8.25524300e-16,-6.07967400e-16,2.78651700e-16,-4.27331000e-16,-3.03983700e-16,-5.93066200e-16,1.19209300e-16,-7.33137100e-16,4.24683100e-16,3.10689200e-16,3.91900500e-16,-1.16080000e-15
1.64966080e+06,-7.69454100e+00,4.40329300e-16,6.28083900e-16,6.00516800e-16,3.26335400e-16,-5.27501100e-16,-1.49011600e-17,-3.42726700e-16,-8.80658600e-16,-9.09337400e-16,-5.24520900e-16,-5.09619700e-16,2.65240700e-16,3.27825500e-16,9.31322600e-17,1.56462200e-17,7.42450400e-16,-1.25989300e-15
1.65366080e+06,-7.69359400e+00,3.41236600e-16,4.69014000e-16,-1.27404900e-16,1.05798200e-16,-3.15904600e-16,-3.12924400e-16,-3.47197100e-16,-5.21540600e-17,-7.39483700e-16,-8.89599300e-16,-5.36441800e-16,4.79817400e-16,-7.15255700e-17,-2.01165700e-17,1.26659900e-17,9.57399600e-16,-1.15633000e-15
1.65766080e+06,-7.69278600e+00,4.61936000e-16,3.94508200e-16,1.37090700e-16,-1.95205200e-16,-2.10106400e-16,-4.63426100e-16,-6.69062100e-16,-2.29477900e-16,-3.61059700e-16,-8.31484800e-16,-5.05149400e-16,3.09944200e-16,-2.81631900e-16,-3.69548800e-16,4.76837200e-17,5.07384500e-16,-9.01520300e-16
1.66166080e+06,-7.69210200e+00,2.00420600e-16,2.80141800e-16,2.93552900e-16,-2.30968000e-17,-4.90248200e-16,8.94069700e-17,-3.05473800e-16,-6.86943500e-16,-2.08912800e-16,-6.22868500e-16,2.53319700e-17,3.17394700e-16,1.04308100e-17,-1.28150000e-16,3.40491500e-16,7.31647000e-16,-1.00284800e-15
1.66566080e+06,-7.69152700e+00,2.10106400e-16,1.92597500e-16,4.62681100e-16,9.61124900e-17,-2.65240700e-16,-1.87754600e-16,-2.72691200e-16,-2.11596500e-16,-4.78370200e-16,5.72204600e-16,-4.17232500e-16,9.68575500e-17,-1.95205200e-16,-6.55651100e-17,1.14738900e-16,6.59748900e-16,-1.07586400e-15
1.66966080e+06,-7.69104700e+00,4.39584300e-16,4.55230500e-16,-2.21282200e-16,-1.27404900e-16,7.30156900e-17,-8.01682500e-16,5.96046400e-18,-5.49852800e-16,-3.75189600e-16,-4.61936000e-16,-8.04662700e-16,-3.51667400e-16,-4.58955800e-16,-1.17719200e-16,-2.98023200e-17,5.82635400e-16,-9.95397600e-16
1.67366080e+06,-7.69065300e+00,3.30805800e-16,2.01538200e-16,-1.63912800e-17,6.10947600e-17,-3.79979600e-16,-6.83963300e-16,-5.36441800e-16,-1.03265000e-15,-6.20694600e-16,-1.57207300e-15,-1.47521500e-16,2.07126100e-16,-3.23355200e-16,-3.44961900e-16,1.16974100e-16,7.29784400e-16,-1.17048600e-15
1.67766080e+06,-7.69033400e+00,2.62260400e-16,2.69711000e-16,4.10527000e-16,-1.33365400e-16,-8.06152800e-16,-5.51343000e-17,-5.57303400e-16,9.38773200e-17,-1.12901700e-15,-1.22189500e-15,-9.84966800e-16,5.61773800e-16,-4.14252300e-16,-1.36345600e-16,4.84287700e-16,8.28132000e-16,-1.31204700e-15
1.68166080e+06,-7.69008300e+00,3.14414500e-16,1.34110500e-16,6.03497000e-16,-2.09361300e-16,-8.27014400e-16,-4.52995300e-16,-7.59959200e-16,-3.08454000e-16,-6.95988300e-16,-4.03821500e-16,-4.85777900e-16,4.54485400e-16,2.93552900e-16,-1.94460200e-16,2.68966000e-16,4.84660300e-16,-1.05574700e-15
1.68566080e+06,-7.68989700e+00,3.41981600e-16,1.98930500e-16,2.83122100e-16,5.21540600e-18,1.56462200e-16,-8.04662700e-17,-4.54485400e-16,-7.68899900e-16,-2.46562000e-17,-1.23530600e-15,9.38773200e-17,3.96370900e-16,2.92062800e-16,-2.92062800e-16,1.78068900e-16,4.35113900e-16,-1.15931000e-15
1.68966080e+06,-7.68977200e+00,3.49432200e-16,1.02818000e-16,6.18398200e-17,1.92225000e-16,-6.91413900e-16,-3.62098200e-16,2.81631900e-16,-5.76674900e-16,-8.61344900e-16,-1.76429700e-15,-3.54647600e-16,1.32620300e-16,-8.34465000e-17,-3.98606100e-16,4.35859000e-16,4.00841200e-16,-1.18389700e-15
1.69366080e+06,-7.68970900e+00,4.81307500e-16,-5.40167100e-17,3.48687200e-16,-1.03563100e-16,-3.66568600e-16,-3.62098200e-16,-6.25848800e-17,-2.87592400e-16,-1.05828600e-15,-5.14090100e-16,-1.91927000e-15,-2.19047100e-16,-3.82959800e-16,-2.04145900e-16,1.63912800e-17,2.66730800e-16,-9.55909500e-16
1.69766080e+06,-7.68971200e+00,5.40167100e-16,2.68220900e-16,3.45706900e-16,1.58697400e-16,-6.89923800e-16,5.81145300e-17,-4.88758100e-16,3.30805800e-16,-2.58383300e-16,-2.99513300e-16,-8.25524300e-16,2.10106400e-16,-4.48525000e-16,-2.68220900e-17,2.45124100e-16,3.13296900e-16,-9.25362100e-16
1.70166080e+06,-7.68978600e+00,4.07546800e-16,2.19047100e-16,3.06963900e-16,-2.16811900e-16,-2.62260400e-16,5.66244100e-17,-7.76350500e-16,-4.70876700e-16,-3.11983200e-16,2.83122100e-17,-8.34465000e-17,2.53319700e-16,4.17232500e-16,2.38418600e-17,2.39908700e-16,-5.96110800e-32,-1.10119600e-15
1.70566080e+06,-7.68993900e+00,1.10268600e-16,3.51294900e-16,3.79234600e-16,5.48362700e-16,3.33786000e-16,1.35600600e-16,-3.57627900e-16,-3.20375000e-16,-9.50711300e-16,-6.24358700e-16,-1.95205200e-16,8.61287100e-16,-1.59442400e-16,-2.27987800e-16,2.92807800e-16,4.06429200e-16,-1.02669000e-15
1.70966080e+06,-7.69018400e+00,4.44799700e-16,4.81680000e-16,3.22610100e-16,-6.03497000e-17,-8.31484800e-16,-6.46710400e-16,-1.87754600e-16,-7.10785400e-16,-4.88269200e-16,-1.07288400e-15,-2.84612200e-16,1.75833700e-16,-2.45869200e-16,3.05473800e-17,2.51829600e-16,5.43892400e-17,-9.10460900e-16
1.71366080e+06,-7.69053600e+00,5.00679000e-16,1.47521500e-16,5.21540600e-16,4.87268000e-16,7.15255700e-17,1.02818000e-16,-3.54647600e-16,-5.66244100e-17,-1.21247700e-15,-5.85615600e-16,-3.15904600e-16,-2.33948200e-16,-1.53482000e-16,-3.33786000e-16,2.37673500e-16,2.04891000e-16,-1.06766800e-15
1.71766080e+06,-7.69101400e+00,1.76578800e-16,3.91900500e-16,1.08033400e-16,2.46614200e-16,-4.99188900e-16,-2.78651700e-16,1.80304100e-16,1.07288400e-16,-6.93634800e-16,-8.07642900e-16,-1.01774900e-15,2.57790100e-16,-1.41561000e-16,-8.86619100e-17,1.32620300e-16,3.15904600e-16,-1.28373500e-15
1.72166080e+06,-7.69164300e+00,2.64495600e-16,1.42678600e-16,3.02493600e-16,-2.61515400e-16,-3.38256400e-16,2.36928500e-16,-5.40912200e-16,-3.33786000e-16,-7.00669500e-16,-6.15418000e-16,-6.66081900e-16,1.90734900e-16,-2.10106400e-16,7.30156900e-17,1.25169800e-16,3.19629900e-16,-1.08480500e-15
1.72566080e+06,-7.69245000e+00,2.31713100e-16,7.45058100e-17,1.82539200e-16,-1.90734900e-16,-7.04824900e-16,-2.41398800e-16,6.25848800e-17,-6.45220300e-16,-6.78654000e-16,-6.22868500e-16,-8.49366200e-16,1.10268600e-16,1.72853500e-16,-1.84029300e-16,3.78489500e-16,-1.62422700e-16,-1.27703000e-15
1.72966080e+06,-7.69346700e+00,5.38677000e-16,3.44589400e-16,1.00582800e-16,-3.05473800e-17,-4.63426100e-16,-6.45220300e-16,-6.78002800e-16,-4.47034800e-17,-8.16136600e-16,-6.24358700e-16,-3.91900500e-16,4.47034800e-17,3.72529000e-17,9.68575500e-18,-2.04891000e-16,1.83284300e-16,-1.11311700e-15
1.73366080e+06,-7.69473100e+00,3.74764200e-16,3.22237600e-16,2.66730800e-16,1.78813900e-16,-1.80304100e-16,2.86102300e-16,1.68383100e-16,-2.71201100e-16,-5.73223400e-16,1.65402900e-16,-4.14252300e-16,-3.11434300e-16,2.60770300e-16,-3.13669400e-16,2.68220900e-16,8.19563900e-18,-1.09002000e-15
1.73766080e+06,-7.69628600e+00,3.52412500e-16,3.22237600e-16,5.10364800e-16,1.58697400e-16,1.05798200e-16,-3.57627900e-16,-1.63912800e-17,-4.45544700e-16,-5.51464000e-16,-4.88758100e-16,-1.11311700e-15,-5.58793500e-16,5.36441800e-17,3.47942100e-16,-2.65240700e-16,1.53482000e-16,-1.29491100e-15
1.74166080e+06,-7.69817900e+00,3.31550800e-16,2.30968000e-16,6.50435700e-16,1.57207300e-16,-8.49366200e-16,1.84774400e-16,3.76999400e-16,-6.86943500e-16,-6.08231000e-16,-1.10417600e-15,-1.33067400e-15,3.11434300e-16,-2.66730800e-16,-3.80724700e-16,-9.53674300e-17,1.52736900e-16,-9.61124900e-16
1.74566080e+06,-7.70046100e+00,6.24358700e-16,1.79931500e-16,3.31550800e-16,-8.15838600e-16,-5.69224400e-16,-3.39746500e-16,-2.19047100e-16,-5.63263900e-16,-8.91813800e-16,-1.34706500e-15,-8.00192400e-16,6.95884200e-16,-9.08970800e-17,-1.68383100e-16,1.44541300e-16,2.76044000e-16,-8.72463000e-16
1.74966080e+06,-7.70319000e+00,3.14414500e-16,1.75088600e-17,7.36862400e-16,-7.59959200e-17,-3.44216800e-16,1.07288400e-16,9.23872000e-17,-4.72366800e-16,-7.28076200e-16,-2.77161600e-16,-6.10947600e-16,-1.05798200e-16,1.86264500e-16,2.90572600e-17,2.14576700e-16,-5.21540600e-18,-9.49204000e-16
1.75366080e+06,-7.70642600e+00,2.80141800e-16,2.11969000e-16,3.07709000e-16,1.71363400e-16,-5.69224400e-16,7.73370300e-16,-9.67085400e-16,-6.21378400e-16,-3.49552400e-17,-7.42077800e-16,-3.30805800e-16,-2.11596500e-16,1.22189500e-16,-1.96695300e-16,-1.99675600e-16,1.10641100e-16,-9.81241500e-16
1.75766080e+06,-7.71023000e+00,4.04566500e-16,4.03448900e-16,7.71135100e-16,2.14576700e-16,-4.06801700e-16,-4.06801700e-16,1.44541300e-16,1.92225000e-16,-7.10558600e-17,-6.70552300e-16,-1.46180400e-15,3.09944200e-16,1.63912800e-16,7.45058100e-18,-9.16421400e-17,4.69386600e-17,-1.14515400e-15
1.76166080e+06,-7.71466600e+00,2.36183400e-16,2.94297900e-17,7.29411800e-16,-1.04308100e-17,-3.72529000e-16,-4.50015100e-16,-6.69062100e-16,-4.38094100e-16,-9.84122300e-16,-3.18884800e-16,-2.01165700e-16,2.29477900e-16,-4.29153400e-16,-7.45058100e-19,2.19047100e-16,7.45058100e-17,-9.37283000e-16
1.76566080e+06,-7.71979500e+00,3.88920300e-16,3.10316700e-16,5.08129600e-16,-2.68966000e-16,-6.06477300e-16,2.48849400e-16,-7.45058100e-18,-3.29315700e-16,-4.02205400e-16,-1.23530600e-15,-4.84287700e-16,5.03659200e-16,8.49366200e-17,-5.69969400e-16,2.99513300e-16,1.88872200e-16,-1.10715600e-15
1.76966080e+06,-7.72567300e+00,3.72529000e-16,2.48476900e-16,-6.63101700e-17,1.46776400e-16,-2.19047100e-16,-4.11272000e-16,2.69711000e-16,-3.72529000e-16,-1.20576400e-16,-9.89437100e-16,-8.79168500e-17,-8.94069700e-18,-2.86102300e-16,-3.93390700e-16,-3.44216800e-16,1.49011600e-17,-1.06170800e-15
1.77366080e+06,-7.73235100e+00,2.01910700e-16,1.09896100e-16,3.79234600e-16,-2.54064800e-16,-9.22381900e-16,1.40070900e-16,1.22189500e-16,-2.30968000e-16,-9.32661600e-16,-1.24722700e-15,-5.72204600e-16,2.98023200e-18,4.61936000e-17,-3.87430200e-16,2.83122100e-17,5.14090100e-17,-1.07213900e-15
1.77766080e+06,-7.73986700e+00,1.66893000e-16,3.02121000e-16,2.40653800e-16,-1.54972100e-16,-3.84450000e-16,-4.02331400e-17,-2.60770300e-16,2.98023200e-18,-7.83475900e-16,-6.21378400e-16,-6.09457500e-16,-4.63426100e-16,1.04308100e-16,9.23872000e-17,4.33623800e-16,8.23289200e-17,-1.16378100e-15
1.78166080e+06,-7.73898400e+00,3.74764200e-16,1.49384100e-16,4.56720600e-16,-2.26497600e-16,-3.05473800e-16,-1.92225000e-16,-2.08616300e-16,-6.66081900e-16,-3.34378000e-16,-4.27663300e-16,-5.23030800e-16,4.91738300e-16,2.20537200e-16,-8.86619100e-17,8.56816800e-17,2.27987800e-16,-9.60379800e-16
1.78566080e+06,-7.73759300e+00,4.09781900e-16,3.05473800e-16,4.06056600e-16,8.34465000e-17,-1.68383100e-16,4.85777900e-16,9.68575500e-17,-5.26011000e-16,-1.62981600e-16,8.34465000e-17,-5.18560400e-16,-3.71038900e-16,1.57952300e-16,-2.22027300e-16,4.57465600e-16,7.04079900e-17,-1.20103400e-15
1.78966080e+06,-7.73628000e+00,3.87430200e-16,5.29363800e-16,2.50339500e-16,-2.40653800e-16,-3.21865100e-16,-5.28991200e-16,-1.15633000e-15,2.11596500e-16,-8.42532500e-16,-7.77840600e-16,-7.27176700e-16,7.33137100e-16,-2.16066800e-16,-3.03238600e-16,5.21540600e-17,1.85892000e-16,-1.14217400e-15
1.79366080e+06,-7.73504200e+00,4.64916200e-16,2.92062800e-16,1.93715100e-17,-8.94069700e-17,-7.45058100e-17,-5.72204600e-16,2.53319700e-17,-7.70390000e-16,-6.58597000e-16,-1.47521500e-15,-1.93715100e-16,9.53674300e-17,4.03821500e-16,-1.45286300e-16,3.73274100e-16,-1.66520500e-16,-1.13323300e-15
1.79766080e+06,-7.73387600e+00,4.57465600e-16,3.05101300e-16,2.38418600e-16,4.69386600e-17,-2.98023200e-17,-3.68058700e-16,-7.65919700e-16,-4.93228400e-16,-1.01056800e-16,-9.26852200e-16,-6.54161000e-16,-1.78813900e-16,-3.42726700e-17,2.06381100e-16,-1.64657800e-16,-2.59652700e-16,-1.09523500e-15
1.80166080e+06,-7.73278000e+00,3.62843300e-16,2.33203200e-16,1.73598500e-16,-4.09781900e-17,-6.42240000e-16,-8.04662700e-17,-1.40070900e-16,4.47034800e-17,-4.01814400e-16,-1.29640100e-15,-6.37769700e-16,-3.69548800e-16,-1.01327900e-16,-2.16811900e-16,2.23517400e-17,-3.37138800e-16,-1.01625900e-15
1.80566080e+06,-7.73174700e+00,4.96208700e-16,5.31598900e-16,1.19954300e-16,-3.15159600e-16,-4.08291800e-16,-4.78327300e-16,-2.63750600e-16,-6.63101700e-16,-5.87324000e-16,5.51343000e-17,-5.54323200e-16,-4.61936000e-17,-1.63912800e-17,2.60770300e-17,2.80886900e-16,-2.01165700e-16,-8.82893800e-16
1.80966080e+06,-7.73077300e+00,5.70714500e-16,1.92225000e-16,1.29640100e-16,1.35600600e-16,-4.63426100e-16,2.56300000e-16,-4.18722600e-16,-1.90734900e-16,-4.36789000e-16,-6.64591800e-16,-4.05311600e-16,1.11758700e-16,3.14414500e-16,-2.83867100e-16,3.57627900e-17,2.57045000e-17,-8.51601400e-16
1.81366080e+06,-7.72985400e+00,3.59118000e-16,1.09151000e-16,1.82539200e-16,-5.86360700e-16,-8.79168500e-17,-1.29193100e-15,-3.96370900e-16,-7.15255700e-16,-3.91144800e-16,-3.62098200e-16,-6.92904000e-16,1.50501700e-16,-3.30805800e-16,-2.45869200e-16,4.19467700e-16,1.27032400e-16,-1.02371000e-15
1.81766080e+06,-7.72898200e+00,2.57790100e-16,6.66827000e-17,-9.23872000e-17,2.82377000e-16,-6.22868500e-16,-2.11596500e-16,-2.10106400e-16,-1.14440900e-15,-1.01319800e-15,-5.78165100e-16,-5.67734200e-16,1.80304100e-16,-1.23679600e-16,-3.86685100e-16,3.59863000e-16,-2.06008600e-16,-8.50111200e-16
1.82166080e+06,-7.72815500e+00,4.58955800e-16,5.89340900e-16,4.05311600e-16,2.22772400e-16,-3.59118000e-16,-2.38418600e-16,-3.48687200e-16,-1.02520000e-15,-3.31805800e-16,-1.04755200e-15,4.00841200e-16,8.82148700e-16,-6.25848800e-17,-9.01520300e-17,9.01520300e-17,-2.66358300e-16,-9.99867900e-16
1.82566080e+06,-7.72736800e+00,3.54647600e-16,3.95625800e-16,2.92807800e-16,-8.86619100e-17,-2.11596500e-16,-2.08616300e-17,1.89244700e-16,-1.37090700e-16,-8.26055200e-16,-7.42077800e-16,-5.79655200e-16,-2.47359300e-16,1.23679600e-16,7.07805200e-17,-1.39325900e-16,-8.04662700e-17,-8.97795000e-16
1.82966080e+06,-7.72661800e+00,5.37931900e-16,1.64657800e-16,3.31550800e-16,2.40653800e-16,-1.10268600e-16,1.32620300e-16,2.11596500e-16,-8.44895800e-16,-1.00470700e-15,-9.03010400e-16,-8.76188300e-16,6.18398200e-16,-2.08616300e-17,-1.86264500e-16,9.31322600e-17,-2.48104300e-16,-8.17328700e-16
1.83366080e+06,-7.72590300e+00,2.88337500e-16,1.53109400e-16,6.55651100e-17,-3.58372900e-16,-6.21378400e-16,-7.88271400e-16,-8.49366200e-17,-1.51991800e-16,-4.35945000e-16,-7.94231900e-16,-5.18560400e-16,-2.93552900e-16,3.48687200e-16,-1.88499700e-16,3.85940100e-16,2.65985700e-16,-9.13441200e-16
1.83766080e+06,-7.72522200e+00,3.03238600e-16,7.04452400e-16,-4.69386600e-17,-1.96695300e-16,-1.34110500e-16,-4.76837200e-16,-2.74181400e-16,-1.21295500e-15,-7.50638400e-17,-4.32133700e-16,-2.08616300e-17,3.02493600e-16,-6.40749900e-17,1.75088600e-16,4.82797600e-16,-5.21913200e-16,-1.07586400e-15
1.84166080e+06,-7.72457900e+00,2.80886900e-16,1.22562100e-16,4.34368800e-16,4.28408400e-16,-2.93552900e-16,4.39584300e-16,-4.18722600e-16,2.90572600e-16,-1.05121900e-15,-7.09295300e-16,-7.70390000e-16,3.57627900e-16,-1.29640100e-16,-3.35276100e-16,2.26497600e-16,-8.64267300e-17,-8.59797000e-16
1.84566080e+06,-7.72397500e+00,3.68058700e-16,3.21492600e-16,2.06381100e-16,-2.17557000e-16,-1.28150000e-15,-5.03659200e-16,-9.98377800e-17,-6.73532500e-16,-1.85571300e-16,4.32133700e-17,1.07288400e-16,1.51991800e-16,-4.54485400e-16,-3.72529000e-16,1.85519500e-16,7.00354600e-17,-1.30310700e-15
1.84966080e+06,-7.72341700e+00,3.18139800e-16,6.03124500e-16,6.48200500e-16,5.14090100e-17,-5.61773800e-16,-8.04662700e-17,-4.29153400e-16,2.38418600e-17,-5.16483100e-16,-9.25362100e-16,-2.38418600e-17,-1.65402900e-16,-1.16229100e-16,-3.47942100e-16,1.76578800e-16,4.54485400e-17,-1.05351200e-15
1.85366080e+06,-7.72291300e+00,4.26918300e-16,2.83494600e-16,3.71038900e-16,-1.42306100e-16,-4.73856900e-16,-1.57952300e-16,-4.47034800e-17,1.22189500e-16,-4.21966700e-16,-1.37835700e-15,-5.00679000e-16,3.97861000e-16,6.85453400e-17,-3.59863000e-16,-8.04662700e-17,-2.71946200e-17,-1.01104400e-15
1.85766080e+06,-7.72247500e+00,2.25007500e-16,3.66568600e-16,9.23872000e-17,2.45869200e-17,-2.27987800e-16,-3.09944200e-16,-1.14440900e-15,-7.16745900e-16,-4.66822800e-16,-5.43892400e-16,1.32620300e-16,6.34789500e-16,6.25848800e-16,-5.86360700e-16,3.05473800e-17,6.03497000e-17,-1.06990300e-15
1.86166080e+06,-7.72211700e+00,3.44961900e-16,3.29688200e-16,-7.74860400e-17,-4.10527000e-16,-4.52995300e-16,-1.31130200e-16,3.56137800e-16,-5.37931900e-16,-6.54434100e-16,-3.11434300e-16,-4.48525000e-16,3.66568600e-16,4.42564500e-16,-7.37607500e-17,1.62422700e-16,1.66147900e-16,-1.23828600e-15
1.86566080e+06,-7.72185700e+00,2.04891000e-16,3.20002400e-16,3.91900500e-16,-1.28895000e-16,-4.87268000e-16,-2.56300000e-16,-6.25848800e-17,-3.21865100e-16,-9.86590200e-16,-1.40070900e-15,-3.84450000e-16,6.09457500e-16,2.57790100e-16,-8.86619100e-17,1.62422700e-16,-3.35276100e-17,-7.69645000e-16
1.86966080e+06,-7.72171500e+00,3.64333400e-16,4.55603000e-16,6.25103700e-16,-1.10268600e-16,-5.06639500e-16,7.30156900e-17,-3.12924400e-16,2.30968000e-16,-8.32663100e-16,-7.65919700e-16,-6.37769700e-16,5.75184800e-16,-4.30643600e-16,-7.77840600e-16,2.61515400e-16,-1.26287300e-16,-1.11982200e-15
1.87366080e+06,-7.72171800e+00,3.59118000e-16,5.65871600e-16,4.80562400e-16,1.33365400e-16,-8.89599300e-16,1.34110500e-16,4.36604000e-16,-1.22189500e-16,-7.43236400e-16,-8.34465000e-16,-9.00030100e-16,2.35438300e-16,-6.46710400e-16,-3.50922300e-16,4.19467700e-16,-1.73598500e-16,-1.07809900e-15
1.87766080e+06,-7.72189300e+00,4.12017100e-16,2.99513300e-16,3.15904600e-16,-2.57045000e-16,-4.52995300e-16,-3.65078400e-16,-5.46872600e-16,-3.96370900e-16,-5.64547900e-16,-1.03712100e-15,-5.21540600e-16,-2.71201100e-16,-2.16066800e-16,-3.55392700e-16,2.23517400e-17,-1.26659900e-16,-9.46968800e-16
1.88166080e+06,-7.72227600e+00,5.64754000e-16,6.61239000e-16,4.88758100e-16,1.77323800e-16,-6.25848800e-16,-2.44379000e-16,-1.98185400e-16,-8.86619100e-16,1.28286400e-16,9.08970800e-17,-3.09944200e-16,-7.07805200e-16,-1.19209300e-17,-4.81307500e-16,4.17232500e-17,-1.35600600e-16,-9.17911500e-16
1.88566080e+06,-7.72290400e+00,5.96046400e-16,4.92110800e-16,4.72366800e-16,-2.83867100e-16,-7.62939500e-16,-5.57303400e-16,3.76999400e-16,9.47713900e-16,-3.41278700e-16,-5.24520900e-16,-5.51343000e-16,1.46031400e-16,2.10106400e-16,2.22772400e-16,7.59959200e-17,1.01327900e-16,-1.02371000e-15
1.88966080e+06,-7.72344400e+00,2.18302000e-16,1.45286300e-16,-1.35600600e-16,-1.38580800e-16,-6.30319100e-16,1.59442400e-16,3.03983700e-16,-2.38418600e-16,-8.04882000e-16,-9.23872000e-17,-9.16421400e-16,7.64429600e-16,-4.97698800e-16,-3.65078400e-17,3.61353200e-16,2.45124100e-16,-8.59797000e-16
1.89366080e+06,-7.72319800e+00,3.93390700e-16,3.72529000e-16,4.82797600e-16,-7.59959200e-17,-4.41074400e-16,-4.48525000e-16,5.02169100e-16,3.12924400e-17,-3.73307100e-16,-4.02331400e-16,-1.09374500e-15,8.16583600e-16,-2.83122100e-17,-5.40912200e-16,1.38580800e-16,-6.89178700e-17,-9.76771100e-16
1.89766080e+06,-7.72291800e+00,4.99188900e-16,4.50760100e-16,3.95625800e-16,-5.36441800e-17,-3.42726700e-17,-6.16908100e-16,-3.51667400e-16,-1.10715600e-15,-3.18739000e-16,-6.07967400e-16,-7.64429600e-16,-4.47034800e-18,-1.49011600e-17,-2.89082500e-16,2.71201100e-16,1.76206200e-16,-1.12056700e-15
1.90166080e+06,-7.72260500e+00,4.75347000e-16,2.67475800e-16,2.46614200e-16,-8.12113300e-17,-1.47521500e-16,-8.94069700e-18,-3.69548800e-16,-3.82959800e-16,-6.37441300e-16,-5.06639500e-17,-1.62422700e-16,3.53157500e-16,-1.81794200e-16,-6.88433600e-16,-2.32458100e-16,-5.43892400e-17,-9.58889700e-16
1.90566080e+06,-7.72226000e+00,3.22610100e-16,4.96208700e-16,1.20699400e-16,2.95788000e-16,-3.82959800e-16,-4.29153400e-16,-4.08291800e-16,-1.00582800e-15,2.41364700e-17,-2.26497700e-16,-6.67572000e-16,9.04500500e-16,-1.09225500e-15,-4.80562400e-16,-5.52833100e-16,4.84287700e-17,-1.10566600e-15
1.90966080e+06,-7.72188400e+00,5.09619700e-16,-8.64267300e-17,-1.27404900e-16,-2.35438300e-16,-3.76999400e-16,-1.69873200e-16,2.10106400e-16,-1.51991800e-16,-4.33399300e-16,-6.55651100e-16,-6.58631300e-16,4.60445900e-16,-1.26659900e-16,6.85453400e-17,1.82539200e-16,-2.86474800e-16,-1.17197600e-15
1.91366080e+06,-7.72148300e+00,2.43634000e-16,5.22285700e-16,8.94069700e-17,3.50177300e-17,-3.59118000e-16,-2.38418600e-16,-1.20699400e-16,4.97698800e-16,-2.32579600e-16,-3.90410400e-16,6.21378400e-16,2.95043000e-16,-6.66081900e-16,4.91738300e-17,7.15255700e-17,2.16066800e-17,-1.17272100e-15
1.91766080e+06,-7.72106300e+00,5.71459500e-16,3.69176300e-16,1.72853500e-16,-6.03497000e-17,-2.23517400e-16,-1.96695300e-16,-1.11758700e-16,-2.26497700e-16,-7.25688100e-16,-9.70065600e-16,-7.85291200e-16,3.12924400e-17,2.41398800e-16,6.18398200e-17,-1.84774400e-16,-5.17815400e-17,-9.91672300e-16
1.92166080e+06,-7.72063200e+00,3.56137800e-16,4.97698800e-16,5.13345000e-16,-2.53319700e-17,1.34110500e-17,1.78813900e-17,-2.99513300e-16,1.49011600e-17,-5.15105500e-16,-4.20212700e-16,-2.80141800e-16,2.16066800e-16,-1.34110500e-17,-3.71784000e-16,-2.49594400e-16,-1.70245800e-16,-1.07064800e-15
1.92566080e+06,-7.72019900e+00,5.53578100e-16,2.29850400e-16,5.89340900e-16,-1.27404900e-16,-3.53157500e-16,-3.99351100e-16,4.70876700e-16,-7.55488900e-16,-9.70056000e-16,-7.51018500e-16,-7.59959200e-16,3.30805800e-16,-4.09781900e-16,-5.09619700e-16,6.33299400e-17,4.42564500e-16,-9.31322600e-16
1.92966080e+06,-7.71977700e+00,3.67313600e-16,5.17815400e-16,2.68220900e-17,-2.98023200e-18,-6.92904000e-16,-6.85453400e-17,-5.67734200e-16,-5.15580200e-16,-4.91807600e-16,-7.18236000e-16,1.49011600e-16,3.76999400e-16,-2.92062800e-16,-4.94718600e-16,-6.40749900e-17,1.62795200e-16,-8.71717900e-16
1.93366080e+06,-7.71938100e+00,2.23517400e-16,2.60025300e-16,1.46031400e-16,3.57627900e-17,-4.06801700e-16,-1.65402900e-16,2.77161600e-16,-7.77840600e-16,-5.42658700e-16,1.93715100e-17,-3.35276100e-16,1.08778500e-16,-1.40070900e-16,-4.01586300e-16,3.47197100e-16,-2.41771300e-16,-1.25691300e-15
1.93766080e+06,-7.71902700e+00,5.69969400e-16,4.92110800e-16,2.53319700e-17,2.66730800e-16,-2.83122100e-16,2.16066800e-16,-6.70552300e-17,-2.80141800e-16,-9.52753800e-16,-1.02818000e-15,-6.67572000e-16,8.49366200e-17,-3.94880800e-16,-5.12599900e-16,-1.33365400e-16,-1.59442400e-16,-1.10268600e-15
1.94166080e+06,-7.71873600e+00,4.53740400e-16,6.21378400e-16,6.92158900e-16,-3.74764200e-16,-1.24722700e-15,-8.79168500e-17,-8.21054000e-16,-2.53319700e-17,-5.23833100e-16,-5.30481300e-16,-4.17232500e-17,3.26335400e-16,-8.50856300e-16,-2.31713100e-16,9.38773200e-17,-1.50501700e-16,-9.00775200e-16
1.94566080e+06,-7.71852900e+00,3.47942100e-16,4.68269000e-16,6.08712400e-16,2.41398800e-16,-1.44541300e-16,2.35438300e-16,-3.21865100e-16,-4.05311600e-16,-2.07997700e-16,-1.13844900e-15,-7.77840600e-16,1.59442400e-16,-1.17719200e-16,-2.49594400e-16,-2.68966000e-16,-3.57255300e-16,-8.97049900e-16
1.94966080e+06,-7.71843300e+00,2.32458100e-16,2.43261500e-16,2.95043000e-16,-1.86264500e-16,-1.11311700e-15,-4.79817400e-16,-5.02169100e-16,-4.87268000e-16,-5.60264000e-16,-1.20252400e-15,-2.01165700e-16,6.61611600e-16,-4.99188900e-16,-7.00354600e-17,-3.38256400e-16,2.75299000e-16,-8.69482800e-16
1.95366080e+06,-7.71847600e+00,4.55230500e-16,2.85357200e-16,3.86685100e-16,3.56882800e-16,-3.65078400e-16,-1.89244700e-16,1.20699400e-16,-2.96533100e-16,-3.10992700e-16,-9.65595200e-16,-3.32295900e-16,-6.25848800e-17,-3.87430200e-17,-2.39163600e-16,6.64591800e-16,-2.35810900e-16,-1.08853000e-15
1.95766080e+06,-7.71869200e+00,4.85032800e-16,3.97861000e-16,7.03334800e-16,4.76837200e-17,-1.35600600e-16,-1.63912800e-17,2.90572600e-16,1.16229100e-16,-1.14969200e-15,-7.22706300e-16,-6.25848800e-16,4.78327300e-16,-4.32133700e-16,-6.10947600e-16,-3.40491500e-16,-2.89827600e-16,-9.78261200e-16
1.96166080e+06,-7.71911500e+00,4.98443800e-16,4.09409400e-16,5.79655200e-16,1.19209300e-17,-1.51991800e-16,-5.93066200e-16,-5.81145300e-17,-3.27825500e-16,-4.86205400e-16,-5.69224400e-16,9.83476600e-17,4.27663300e-16,-3.99351100e-16,-1.12503800e-16,5.21540600e-18,2.24635000e-16,-1.01923900e-15
1.96566080e+06,-7.71978600e+00,3.51667400e-16,1.92970000e-16,3.47942100e-16,-1.98185400e-16,2.07126100e-16,-7.61449300e-16,-1.69873200e-16,2.99513300e-16,-6.87670100e-16,-3.97861000e-16,-1.41561000e-16,4.48525000e-16,2.80141800e-16,2.45869200e-17,2.23517400e-16,-2.90572600e-16,-1.05574700e-15
1.96966080e+06,-7.72074800e+00,2.51084600e-16,1.93715100e-16,-2.21282200e-16,1.33365400e-16,-3.71038900e-16,3.97861000e-16,-4.23193000e-16,-8.27014400e-16,-2.01207200e-16,-3.15904600e-16,4.14252300e-16,1.29342100e-15,-9.68575500e-17,-2.19792100e-16,4.07546800e-16,-7.07805200e-18,-9.83476600e-16
1.97366080e+06,-7.72205100e+00,4.32878700e-16,8.08388000e-17,3.30060700e-16,-3.38256400e-16,-1.66893000e-16,-6.75022600e-16,-3.50177300e-16,-1.02818000e-16,-3.51297300e-16,-5.73694700e-16,-8.12113300e-16,7.04824900e-16,-5.27501100e-16,-5.17815400e-16,-1.88499700e-16,-1.40443400e-16,-9.46968800e-16
1.97766080e+06,-7.72374300e+00,3.81469700e-16,3.65078400e-16,2.56300000e-16,-2.16811900e-16,-4.27663300e-16,-2.93552900e-16,1.90734900e-16,-5.23030800e-16,-7.40828300e-16,-7.01844700e-16,-6.27338900e-16,1.72853500e-16,-2.95043000e-16,-4.02331400e-16,3.94880800e-17,-1.03153300e-15,-9.94652500e-16
1.98166080e+06,-7.72588100e+00,2.30222900e-16,6.78002800e-17,3.27825500e-16,9.68575500e-18,-6.67572000e-16,-1.66893000e-16,2.66730800e-16,-7.22706300e-16,-7.17503800e-16,-8.07642900e-16,-8.49366200e-17,-2.68220900e-17,-7.15255700e-17,-4.43309500e-16,1.69128200e-16,-1.23307100e-16,-1.07958900e-15
1.98566080e+06,-7.72852000e+00,1.71363400e-16,-3.24100300e-17,7.00354600e-17,7.97212100e-17,-7.07805200e-16,-1.66893000e-16,-2.68220900e-16,-2.23517400e-16,-5.46899500e-16,-2.54809900e-16,-6.85453400e-17,4.78327300e-16,2.30968000e-16,1.33365400e-16,2.74926400e-16,-5.55813300e-16,-9.96142600e-16
1.98966080e+06,-7.73171800e+00,4.40329300e-16,7.07805200e-18,4.47034800e-17,3.44961900e-16,-5.18560400e-16,-1.84774400e-16,-9.68575500e-17,-5.34951700e-16,-2.99532100e-16,-3.48687200e-16,-2.63750600e-16,1.02818000e-16,-8.62777200e-16,-2.45124100e-16,-3.91155500e-16,-2.12341500e-16,-9.58144700e-16
1.99366080e+06,-7.73553300e+00,4.09036900e-16,5.60283700e-16,2.60025300e-16,3.24100300e-16,-9.98377800e-17,5.51343000e-17,2.38418600e-17,-7.00354600e-17,-5.68492000e-16,-8.10623200e-16,2.08616300e-16,-2.56300000e-16,-2.68220900e-17,-3.27825500e-17,1.42306100e-16,-4.48897500e-16,-1.20773900e-15
1.99766080e+06,-7.74002000e+00,2.65985700e-16,7.93486800e-17,4.96953700e-16,9.23872000e-17,4.36604000e-16,-9.90927200e-16,-5.43892400e-16,-7.43567900e-16,-6.83060200e-16,-8.41915600e-16,5.81145300e-17,4.63426100e-16,-2.90572600e-16,4.56720600e-16,-3.56137800e-16,-7.41332800e-16,-1.29789100e-15
2.00166080e+06,-7.74523100e+00,3.90410400e-16,2.99140800e-16,1.40070900e-16,2.98768300e-16,-2.96533100e-16,-7.25686500e-16,-8.41915600e-16,-7.28666800e-16,-9.49596900e-16,1.23679600e-16,1.20699400e-16,4.15742400e-16,-5.28991200e-16,1.60932500e-16,-5.35696700e-16,-2.72691200e-16,-1.06617800e-15
2.00566080e+06,-7.75121000e+00,1.82539200e-16,3.23727700e-16,2.47359300e-16,1.46776400e-16,-7.74860400e-17,1.53482000e-16,-3.42726700e-17,-2.13086600e-16,-3.07078400e-16,-7.85291200e-16,-3.62098200e-16,7.80820800e-16,-6.61611600e-16,-2.48104300e-16,1.04308100e-16,-4.24310600e-16,-1.08182400e-15
2.00966080e+06,-7.75799300e+00,3.71784000e-16,3.15904600e-16,-2.13831700e-16,-2.32458100e-16,-2.83122100e-16,1.11758700e-16,-7.98702200e-16,-8.34465000e-17,-5.07242900e-16,-2.87592400e-16,-1.07288400e-16,5.30481300e-16,-2.95043000e-16,-4.19467700e-16,-1.49011600e-16,-5.72949600e-16,-1.17048600e-15
2.01366080e+06,-7.76541300e+00,2.05636000e-16,3.48687200e-16,-1.65402900e-16,-2.54064800e-16,-2.98023200e-18,3.75509300e-16,1.90734900e-16,5.51343000e-17,-8.41398100e-16,-5.82635400e-16,-2.26497700e-16,2.11596500e-16,-8.41915600e-16,3.27080500e-16,4.39584300e-17,-2.68220900e-17,-9.81241500e-16
2.01766080e+06,-7.76258100e+00,1.80304100e-16,3.76999400e-16,2.12341500e-16,-1.28150000e-16,-5.36441800e-17,2.78651700e-16,-5.87105800e-16,-3.35276100e-16,-9.97887100e-16,-6.88433600e-16,-6.85453400e-17,1.41561000e-16,-6.12437700e-16,-1.34855500e-16,1.98930500e-16,-1.98930500e-16,-1.00433800e-15
2.02166080e+06,-7.76004200e+00,2.95043000e-16,6.21378400e-16,2.16066800e-16,2.61515400e-16,-1.71363400e-16,-9.44733600e-16,-1.78813900e-16,-4.54485400e-16,-4.09459200e-16,-1.28150000e-16,-6.10947600e-17,8.85129000e-16,-9.20891800e-16,-4.14252300e-16,3.48687200e-16,-2.82004500e-16,-9.62615000e-16
2.02566080e+06,-7.75779500e+00,5.03659200e-16,2.57045000e-16,-1.10268600e-16,1.13248800e-16,2.08616300e-17,-3.96370900e-16,-9.28342300e-16,-6.58631300e-16,-5.97571000e-16,-7.30156900e-16,2.35438300e-16,5.67734200e-16,2.02655800e-16,-1.84029300e-16,-2.86847400e-16,-3.15904600e-16,-1.14291900e-15
2.02966080e+06,-7.75583700e+00,3.87430200e-16,1.34110500e-17,3.01003500e-16,1.41561000e-16,-5.90086000e-16,-2.27987800e-16,-7.89761500e-16,-3.15904600e-16,-8.13345400e-17,-8.64267300e-17,-3.87430200e-16,2.84612200e-16,-4.00841200e-16,-7.00354600e-17,-3.94880800e-17,-5.07384500e-16,-9.06735700e-16
2.03366080e+06,-7.75416200e+00,3.92645600e-16,3.39746500e-16,5.78165100e-16,4.09781900e-17,-3.32295900e-16,-5.42402300e-16,-1.92225000e-16,-2.78651700e-16,-4.49368500e-16,-1.08629500e-15,-2.17557000e-16,7.58469100e-16,-3.68058700e-16,2.06381100e-16,-3.27825500e-17,-3.36766200e-16,-9.88692000e-16
2.03766080e+06,-7.75276300e+00,5.02169100e-16,3.39373900e-16,2.10106400e-16,6.18398200e-17,5.11109800e-16,-5.51343000e-16,-6.52670900e-16,-3.30805800e-16,-8.95988400e-16,-7.22706300e-16,-3.82959800e-16,-5.96046400e-18,-3.48687200e-16,-2.44379000e-16,3.15904600e-16,-3.20375000e-16,-1.03786600e-15
2.04166080e+06,-7.75163100e+00,4.58955800e-16,3.62470700e-16,3.97861000e-16,4.24683100e-17,1.23679600e-16,-4.02331400e-17,-9.13441200e-16,-1.89244700e-16,-1.50445000e-15,-2.45869200e-16,-7.15255700e-17,-1.32620300e-16,-3.81469700e-16,-2.74181400e-16,7.02589700e-16,-3.18884800e-16,-1.09821600e-15
2.04566080e+06,-7.75075400e+00,3.95625800e-16,3.85195000e-16,-4.64916200e-16,2.57790100e-16,2.36928500e-16,-7.15255700e-17,-7.10785400e-16,-4.45544700e-16,-2.11369300e-16,-1.08927500e-15,-1.13248800e-16,6.82473200e-16,-4.55975500e-16,-1.25169800e-16,4.84287700e-17,-2.67848400e-16,-1.00284800e-15
2.04966080e+06,-7.75012000e+00,5.55068300e-16,-2.67475800e-16,3.39001400e-16,5.58048500e-16,9.83476600e-17,-2.07126100e-16,-8.79168500e-16,-5.31971500e-16,-1.03993100e-15,-2.29477900e-16,-1.10268600e-16,7.76350500e-16,7.15255700e-17,1.04308100e-17,-2.15321800e-16,-8.35210100e-16,-8.89599300e-16
2.05366080e+06,-7.74971200e+00,5.75929900e-16,1.93342600e-16,-1.49011600e-16,1.49756700e-16,3.08454000e-16,-5.99026700e-16,-4.47034800e-18,-1.29640100e-16,-5.23453100e-16,-9.58144700e-16,1.83284300e-16,4.91738300e-16,-3.79979600e-16,-3.21865100e-16,-7.37607500e-17,-3.40864100e-16,-1.03935600e-15
2.05766080e+06,-7.74951600e+00,6.15418000e-16,2.06753600e-16,2.18302000e-16,-2.05636000e-16,-1.69873200e-16,4.47034800e-16,-5.76674900e-16,-5.57303400e-16,-8.42782600e-16,-8.73208000e-16,-1.26659900e-16,9.99867900e-16,-1.01327900e-16,-2.76416500e-16,-3.57627900e-17,-4.56348100e-16,-9.99122900e-16
2.06166080e+06,-7.74951200e+00,5.18560400e-16,-4.17232500e-17,-3.65078400e-17,1.13248800e-16,-4.81307500e-16,-8.04662700e-17,-1.40070900e-16,-1.49011600e-17,-9.30388400e-16,-1.34110500e-17,-1.46031400e-16,3.91900500e-16,1.10268600e-16,-1.70618300e-16,-1.25169800e-16,-6.50063200e-16,-8.91089400e-16
2.06566080e+06,-7.74968500e+00,4.42564500e-16,1.95205200e-16,-5.96046400e-17,9.23126900e-16,1.49011600e-16,-8.49366200e-17,-4.73856900e-16,-5.82635400e-16,-6.27071500e-16,-6.24358700e-16,-1.29640100e-16,3.56137800e-16,1.49011600e-18,5.21540600e-18,-2.22772400e-16,-8.55699200e-16,-9.89437100e-16
2.06966080e+06,-7.75001500e+00,7.81565900e-16,2.62260400e-16,2.38418600e-16,3.64333400e-16,-2.47359300e-16,-5.42402300e-16,-9.25362100e-16,-3.97861000e-16,-7.46101800e-16,-4.79817400e-16,-4.85777900e-16,7.16745900e-16,-1.40070900e-16,-1.45286300e-16,-2.70456100e-16,-2.72318700e-16,-1.09747100e-15
2.07366080e+06,-7.75048300e+00,3.62843300e-16,3.52039900e-16,-1.92970000e-16,3.53157500e-16,5.96046400e-17,-7.31647000e-16,1.63912800e-17,-3.42726700e-16,-6.71339000e-16,-9.84966800e-16,-1.09076500e-15,3.96370900e-16,5.06639500e-17,-7.74860400e-17,-2.05636000e-16,-1.01700400e-16,-8.18818800e-16
2.07766080e+06,-7.75107300e+00,2.16066800e-16,2.48104300e-16,3.71038900e-16,-2.42143900e-16,-1.32620300e-16,-1.57952300e-16,-9.14931300e-16,-2.80141800e-16,-2.68167700e-16,9.23872000e-17,-6.16908100e-16,5.21540600e-17,1.72853500e-16,-7.04824900e-16,-2.42143900e-16,-4.77209700e-16,-1.01998400e-15
2.08166080e+06,-7.75176600e+00,6.63101700e-16,6.08339900e-16,1.98930500e-16,6.74277500e-16,1.19209300e-17,8.64267300e-17,-4.32133700e-17,-1.41561000e-15,-3.72939900e-16,-1.01625900e-15,-7.28666800e-16,8.49366200e-16,-1.47521500e-16,-1.19209300e-16,-4.11272000e-16,-1.82166700e-16,-1.10343100e-15
2.08566080e+06,-7.75254600e+00,3.84450000e-16,2.71201100e-16,1.74343600e-16,5.66244100e-17,-2.56300000e-16,2.50339500e-16,-7.43567900e-16,-5.36441800e-17,-5.47739400e-16,-1.29640100e-15,-6.61611600e-16,5.06639500e-16,-1.43051100e-16,8.86619100e-17,-1.40816000e-16,-3.30805800e-16,-7.62194400e-16
2.08966080e+06,-7.75339600e+00,2.44379000e-16,4.47779900e-16,-3.02493600e-16,-5.14090100e-17,-9.98377800e-17,-4.61936000e-16,-2.53319700e-17,-5.09619700e-16,-1.27861400e-15,-7.24196400e-16,-3.62098200e-16,5.39422000e-16,-5.99026700e-16,-3.59118000e-16,-5.13345000e-16,-5.96419000e-16,-9.03010400e-16
2.09366080e+06,-7.75430200e+00,4.82797600e-16,1.44541300e-16,-9.76026100e-17,3.81469700e-16,4.02331400e-17,-8.19563900e-17,-4.24683100e-16,2.33948200e-16,-4.83421500e-16,-1.28746000e-15,-3.82959800e-16,1.62422700e-16,-5.09619700e-16,-5.82635400e-16,-2.08616300e-16,-2.70083500e-16,-9.47713900e-16
2.09766080e+06,-7.75524800e+00,6.07967400e-16,1.97440400e-16,-2.16066800e-17,4.70876700e-16,-2.23517400e-16,-9.83476600e-16,-4.99188900e-16,-7.09295300e-16,-1.51770800e-16,-3.24845300e-16,-8.64267300e-17,8.56816800e-16,-3.24845300e-16,-6.19143200e-16,-3.50177300e-17,1.80304100e-16,-8.27014400e-16
2.10166080e+06,-7.75622200e+00,6.21378400e-16,4.18350100e-16,2.66730800e-16,3.12924400e-17,-1.74343600e-16,-1.78813900e-17,-4.30643600e-16,-1.13248800e-16,-8.26547300e-16,-7.65919700e-16,-7.89761500e-16,3.39746500e-16,3.72529000e-17,9.68575500e-18,-2.92062800e-16,-1.68010600e-16,-1.00955400e-15
2.10566080e+06,-7.75721200e+00,4.36604000e-16,4.43309500e-16,-2.10106400e-16,-2.10851400e-16,3.40634700e-32,2.98023200e-17,1.80304100e-16,5.66244100e-17,-3.66861700e-16,-7.56979000e-16,-2.04145900e-16,-2.80141800e-16,2.19047100e-16,1.03563100e-16,-2.39908700e-16,8.08388000e-17,-8.18073700e-16
2.10966080e+06,-7.75820600e+00,5.53578100e-16,1.25542300e-16,-8.27014400e-17,1.43796200e-16,-7.18236000e-16,-5.06639500e-16,-9.23872000e-17,-2.27987800e-16,-5.55045500e-16,-3.87430200e-16,-4.33623800e-16,1.17719200e-16,-4.66406300e-16,9.01520300e-17,-1.54227000e-16,-2.13459100e-16,-9.10460900e-16
2.11366080e+06,-7.75919400e+00,5.49107800e-16,3.36393700e-16,3.88920300e-16,-1.26659900e-17,-3.35276100e-16,-1.11758700e-16,-6.75022600e-16,-7.52508600e-16,-1.58835800e-16,-9.83476600e-16,-1.69873200e-16,2.35438300e-16,-2.81631900e-16,-6.10202600e-16,-1.05798200e-16,-3.63588300e-16,-8.86619100e-16
2.11766080e+06,-7.76016700e+00,6.69807200e-16,5.72204600e-16,2.69711000e-16,-3.59863000e-16,-4.51505200e-16,8.64267300e-17,-3.57627900e-16,-8.47876100e-16,-5.10681000e-16,-1.13248800e-15,-3.54647600e-16,2.81631900e-16,-7.45058100e-18,5.88595900e-17,-3.69548800e-16,-3.55020200e-16,-9.05245500e-16
2.12166080e+06,-7.76111700e+00,4.51505200e-16,9.90927200e-17,-1.21444500e-16,1.72853500e-16,-2.98023200e-16,-3.75509300e-16,5.39422000e-16,-1.65402900e-16,-1.17464600e-15,9.64105100e-16,-1.46031400e-16,7.03334800e-16,2.01165700e-16,-3.49432200e-16,-4.49270000e-16,-2.52947200e-16,-6.11692700e-16
2.12566080e+06,-7.76203700e+00,6.31064200e-16,6.12065200e-16,-3.49432200e-16,-1.75088600e-16,-4.02331400e-17,-3.68058700e-16,-5.84125500e-16,-5.17070300e-16,-1.31391600e-15,-3.54647600e-16,6.25848800e-17,3.75509300e-16,-2.35438300e-16,-1.26659900e-16,-3.83704900e-16,-2.96905600e-16,-6.42240000e-16
2.12966080e+06,-7.76292000e+00,4.25428200e-16,3.84822500e-16,-7.59959200e-17,4.06056600e-16,-3.66568600e-16,-5.57303400e-16,-9.19401600e-16,-8.59797000e-16,-2.93470600e-16,-6.51180700e-16,9.67085400e-16,-1.37090700e-16,4.76837200e-17,-8.04662700e-17,-4.28408400e-16,2.60770300e-17,-7.75605400e-16
2.13366080e+06,-7.76376100e+00,5.66244100e-16,4.26173200e-16,-2.39163600e-16,2.77161600e-16,-3.14414500e-16,-3.87430200e-17,-7.40587700e-16,-6.88433600e-16,-1.14114800e-15,-8.59797000e-16,-5.05149400e-16,3.60608100e-16,4.33623800e-16,-4.14997300e-16,-1.78813900e-17,-2.03400900e-16,-7.48783300e-16
2.13766080e+06,-7.76455600e+00,3.41981600e-16,1.24052200e-16,1.76578800e-16,-1.31875300e-16,-4.23193000e-16,7.30156900e-17,3.08454000e-16,-7.10785400e-16,-3.66103200e-16,1.46031400e-16,-7.30156900e-16,4.27663300e-16,1.63912800e-17,-4.58955800e-16,-1.92970000e-16,-2.33575700e-16,-9.25362100e-16
2.14166080e+06,-7.76530000e+00,1.16229100e-16,3.15904600e-16,4.37349100e-16,-5.32716500e-16,-3.50177300e-16,9.23872000e-17,-7.88271400e-16,-5.02169100e-16,-1.81035000e-16,-7.91251700e-16,-2.19047100e-16,-1.83284300e-16,1.13248800e-16,-3.00258400e-16,1.11013700e-16,2.74181400e-16,-9.09715900e-16
2.14566080e+06,-7.76599000e+00,4.48525000e-16,6.58258800e-16,5.21540600e-17,6.18398200e-17,-3.41236600e-16,-3.47197100e-16,4.52995300e-16,-6.49690600e-16,-6.10873900e-16,-4.41074400e-16,-4.78327300e-16,3.51667400e-16,-4.02331400e-17,4.24683100e-17,1.83284300e-16,-6.18398200e-17,-8.98540000e-16
2.14966080e+06,-7.76662600e+00,2.01910700e-16,3.21865100e-16,-1.87754600e-16,4.47034800e-18,-1.47521500e-16,-2.08616300e-17,-9.19401600e-16,-6.91413900e-16,-7.22711000e-16,-5.69224400e-16,-8.55326700e-16,8.64267300e-16,2.69711000e-16,-5.98281600e-16,2.75671500e-17,-2.66358300e-16,-1.22413000e-15
2.15366080e+06,-7.76720500e+00,2.07871200e-16,3.52785000e-16,2.36928500e-16,-4.34368800e-16,-3.30805800e-16,-4.11272000e-16,-1.29640100e-16,-1.69873200e-16,-8.39017800e-17,-1.98185400e-16,-2.50339500e-16,7.56979000e-16,-1.28150000e-16,-7.77095600e-16,-6.09457500e-16,-2.68966000e-16,-9.20146700e-16
2.15766080e+06,-7.76772700e+00,4.47034800e-16,6.04614600e-16,6.40749900e-17,-1.07288400e-16,-1.25169800e-16,3.23355200e-16,-5.72204600e-16,-1.96695300e-16,-8.08084000e-16,-6.30319100e-16,-3.79979600e-16,8.88109200e-16,-3.18884800e-16,-4.07546800e-16,-6.45965300e-16,-2.36183400e-16,-7.97212100e-16
2.16166080e+06,-7.76819200e+00,1.71363400e-16,2.33948200e-16,8.64267300e-17,-4.99188900e-16,-1.98185400e-16,-1.68383100e-16,-3.36766200e-16,3.02493600e-16,-3.18043100e-16,-3.85940100e-16,-4.44054600e-16,-2.38418600e-17,-2.57790100e-16,-4.82052600e-16,-3.24100300e-16,1.52736900e-17,-9.96887700e-16
2.16566080e+06,-7.76860200e+00,6.00516800e-16,4.49642500e-16,4.73856900e-16,2.21282200e-16,-6.28829000e-16,6.61611600e-16,-7.89761500e-16,-1.13695900e-15,-4.00017100e-16,-8.53836500e-16,-1.92225000e-16,5.28991200e-16,-4.55975500e-16,-8.00192400e-16,-6.06477300e-16,-5.77420000e-17,-8.40425500e-16
2.16966080e+06,-7.76896000e+00,2.95788000e-16,1.02445500e-16,3.39001400e-16,-1.42306100e-16,-2.69711000e-16,1.49011600e-16,2.07126100e-16,3.84450000e-16,-9.71187700e-16,-6.83963300e-16,-9.38773200e-17,-2.01165700e-16,-1.19209300e-17,-1.21444500e-16,-1.78068900e-16,-7.33882200e-17,-7.69645000e-16
2.17366080e+06,-7.76926800e+00,4.87268000e-16,7.71507600e-16,-1.11758700e-17,1.02818000e-16,-7.06315000e-16,-5.51343000e-17,-4.09781900e-16,-5.48362700e-16,-3.75312000e-16,-5.08129600e-16,-5.34951700e-16,4.03821500e-16,-4.30643600e-16,-5.38677000e-16,-4.61190900e-16,-1.69873200e-16,-1.16601600e-15
2.17766080e+06,-7.76953000e+00,1.99675600e-16,5.63636400e-16,-5.73694700e-17,-4.00841200e-16,-4.76837200e-17,1.38580800e-16,-1.74343600e-16,-1.46031400e-16,-4.28547200e-16,-1.75982700e-15,-1.01476900e-15,7.00354600e-16,-5.97536600e-16,-5.99771700e-16,-4.11272000e-16,1.94087600e-16,-1.07064800e-15
2.18166080e+06,-7.76975200e+00,3.49432200e-16,2.34320800e-16,3.44961900e-16,-1.49011600e-18,-3.30805800e-16,-2.89082500e-16,5.66244100e-16,-1.01923900e-15,-3.69022900e-16,-5.26011000e-16,-5.90086000e-16,-1.35600600e-16,7.59959200e-17,-3.29315700e-16,-3.10689200e-16,1.48266600e-16,-9.07480700e-16
2.18566080e+06,-7.76994000e+00,2.82377000e-16,3.94508200e-16,2.03400900e-16,-1.72853500e-16,-5.55813300e-16,-4.09781900e-16,-1.04308100e-17,1.22189500e-16,-5.19622400e-16,-4.81307500e-16,6.85453400e-17,-2.60770300e-16,-2.30968000e-16,-4.61936000e-17,-3.74019100e-16,-1.08033400e-17,-9.02265300e-16
2.18966080e+06,-7.77010200e+00,3.12179300e-16,6.20260800e-16,-1.51246800e-16,3.28570600e-16,1.29640100e-16,-1.32620300e-16,-8.83638900e-16,-2.51829600e-16,-6.37908400e-16,-1.04606200e-15,-4.91738300e-16,1.62422700e-16,4.91738300e-17,1.17719200e-16,-4.14252300e-16,2.19792100e-17,-1.02371000e-15
2.19366080e+06,-7.77024700e+00,1.36345600e-16,3.00630900e-16,1.50501700e-16,5.84870600e-16,-3.18884800e-16,2.77161600e-16,-1.00135800e-15,-2.69711000e-16,-1.06056300e-15,-8.77678400e-16,-3.30805800e-16,4.70876700e-16,-1.75833700e-16,-4.79817400e-16,-5.10364800e-16,-2.26497600e-16,-9.44733600e-16
2.19766080e+06,-7.77038600e+00,3.80724700e-16,8.56816800e-18,-1.90734900e-16,-1.68383100e-16,2.98023200e-18,-3.72529000e-17,-7.55488900e-16,-6.75022600e-16,-2.00071700e-16,-6.92904000e-16,-1.98185400e-16,9.14931300e-16,-4.39584300e-16,-5.58048500e-16,-6.63101700e-17,-6.70552300e-17,-1.07511900e-15
2.20166080e+06,-7.77053000e+00,2.68966000e-16,5.23030800e-16,3.70293900e-16,-4.23193000e-16,-5.28991200e-16,-5.21540600e-17,-6.86943500e-16,-8.89599300e-16,-4.13804600e-16,-5.06639500e-17,-2.98023200e-18,4.47034800e-18,-2.68220900e-16,4.09781900e-17,-1.76578800e-16,-1.49384100e-16,-6.75767700e-16
2.20566080e+06,-7.77069400e+00,1.92970000e-16,7.68527400e-16,-1.50501700e-16,-3.24845300e-16,2.23517400e-17,-1.31130200e-16,-4.96208700e-16,-4.51505200e-16,-2.95420000e-16,-7.43567900e-16,3.57627900e-16,6.80983100e-16,-7.82311000e-16,-3.03983700e-16,-2.80886900e-16,3.50177300e-17,-9.57399600e-16
2.20966080e+06,-7.77089300e+00,3.45706900e-16,3.76999400e-16,5.43892400e-17,1.31875300e-16,-3.45706900e-16,2.56300000e-16,-1.05500200e-15,2.68220900e-17,-5.88287300e-16,-6.76512700e-16,-2.05636000e-16,-1.31130200e-16,-2.51829600e-16,-2.67475800e-16,2.12341500e-16,3.20747500e-16,-8.18818800e-16
2.21366080e+06,-7.77114400e+00,-2.30968000e-17,8.05035200e-16,1.53482000e-16,-9.68575500e-17,-6.70552300e-17,2.42888900e-16,2.48849400e-16,-3.32295900e-16,-7.67050500e-16,-1.02371000e-15,1.68383100e-16,7.00354600e-17,9.23872000e-17,-3.14414500e-16,-3.65078400e-16,3.35276100e-16,-9.96887700e-16
2.21766080e+06,-7.77146900e+00,1.82539200e-16,3.96370900e-16,4.18722600e-16,-5.85615600e-16,-2.01165700e-16,-4.52995300e-16,4.61936000e-16,1.35600600e-16,-2.84766900e-17,-1.18464200e-15,-6.21378400e-16,9.68575500e-17,-2.11596500e-16,-6.10202600e-16,1.46031400e-16,4.62681100e-16,-9.77516200e-16
2.22166080e+06,-7.77188900e+00,1.81049100e-16,5.42774800e-16,4.09781900e-16,-1.17719200e-16,1.92225000e-16,3.26335400e-16,-4.29153400e-16,-3.75509300e-16,3.50230500e-17,-3.53157500e-16,-2.26497700e-16,2.08616300e-16,1.93715100e-17,-5.30481300e-16,-5.31971500e-16,-3.64705900e-16,-7.13765600e-16
2.22566080e+06,-7.77242800e+00,3.80724700e-16,1.30757700e-16,2.76416500e-16,-6.03497000e-17,-5.55813300e-16,-5.21540600e-17,-4.03821500e-16,1.22189500e-16,-1.80485900e-16,-1.29938100e-15,-2.80141800e-16,2.16066800e-16,-1.13248800e-16,-3.27080500e-16,-5.06639500e-17,2.98768300e-16,-1.07958900e-15
2.22966080e+06,-7.77311500e+00,-4.61936000e-17,4.94718600e-16,1.20699400e-16,-1.15484000e-16,-4.94718600e-16,-1.34110500e-17,5.34951700e-16,-8.10623200e-16,-2.86172000e-16,-9.44733600e-16,-9.83476600e-17,2.74181400e-16,-8.49366200e-17,-4.36604000e-16,-1.48266600e-16,3.39001400e-17,-9.60379800e-16
2.23366080e+06,-7.77397800e+00,-4.99188900e-17,1.50501700e-16,5.55068300e-16,-5.33461600e-16,-1.63912800e-16,-8.79168500e-17,3.01003500e-16,1.84774400e-16,-4.64471400e-16,-1.03563100e-15,-8.50856300e-16,3.38256400e-16,4.32133700e-17,-1.19209300e-16,-2.42143900e-16,-2.42516400e-16,-1.05649200e-15
2.23766080e+06,-7.77349900e+00,1.55717100e-16,3.13669400e-16,-1.11758700e-17,3.53902600e-16,2.68220900e-17,2.63750600e-16,-1.92225000e-16,-3.39746500e-16,-4.69217700e-16,-4.41074400e-16,-4.63426100e-16,2.47359300e-16,-3.27825500e-16,-6.92158900e-16,-1.11013700e-16,-3.20747500e-16,-1.05276700e-15
2.24166080e+06,-7.77275700e+00,3.75509300e-16,5.57676000e-16,-6.40749900e-17,-5.09619700e-16,-1.78813900e-16,-8.01682500e-16,-6.48200500e-16,-5.85615600e-16,-4.16828000e-16,-1.36941700e-15,-4.54485400e-16,1.10268600e-16,-7.70390000e-16,1.76578800e-16,-6.29574100e-16,2.33948200e-16,-6.92158900e-16
2.24566080e+06,-7.77217000e+00,-3.35276100e-17,1.08778500e-16,-3.74019100e-16,-4.82052600e-16,-2.75671500e-16,-5.88595900e-16,3.78489500e-16,-4.05311600e-16,-7.68931000e-16,-4.60445900e-16,2.05636000e-16,-1.28150000e-16,-3.91900500e-16,-5.35696700e-16,1.33365400e-16,1.70990800e-16,-1.15856500e-15
2.24966080e+06,-7.77176400e+00,1.50501700e-16,2.49594400e-16,2.31713100e-16,-2.08616300e-16,-5.21540600e-16,2.68220900e-17,-4.91738300e-16,-3.60608100e-16,-5.38920000e-16,-1.26361800e-15,-5.73694700e-16,2.01165700e-16,-3.99351100e-16,-5.11109800e-16,-1.72853500e-16,1.59442400e-16,-9.03755400e-16
2.25366080e+06,-7.77156700e+00,1.70618300e-16,2.49221900e-16,-1.36345600e-16,5.68479300e-16,-6.12437700e-16,-1.56462200e-16,-1.02818000e-16,-4.69386600e-16,-6.65683900e-16,-4.26173200e-16,-2.69711000e-16,2.11596500e-16,-1.32620300e-16,-6.34044400e-16,1.10268600e-16,-1.40816000e-16,-8.22544100e-16
2.25766080e+06,-7.77161000e+00,3.78489500e-16,3.32295900e-16,1.81049100e-16,-1.33365400e-16,-2.95043000e-16,-4.97698800e-16,2.72691200e-16,-5.27501100e-16,-5.66589600e-16,1.10268600e-16,-1.38580800e-16,1.95205200e-16,1.86264500e-16,-9.18656600e-16,-3.27825500e-16,3.45706900e-16,-1.01178900e-15
2.26166080e+06,-7.77192700e+00,3.82959800e-16,4.20957800e-16,6.57886300e-16,2.15321800e-16,6.55651100e-17,3.39746500e-16,-2.08616300e-17,-7.98702200e-16,-2.50253400e-16,-3.81469700e-16,1.10268600e-16,3.12924400e-16,1.16229100e-16,-3.50177300e-17,3.23355200e-16,1.28150000e-16,-1.04531600e-15
2.26566080e+06,-7.77255500e+00,2.27242700e-16,3.36766200e-16,1.49011600e-16,-1.08778500e-16,2.11596500e-16,4.47034800e-17,9.83476600e-17,4.72366800e-16,-7.18591600e-16,-5.81145300e-16,7.15255700e-17,5.06639500e-16,-2.22027300e-16,5.21540600e-18,-1.46031400e-16,6.33299400e-17,-8.09878100e-16
2.26966080e+06,-7.77353200e+00,2.03400900e-16,2.23144900e-16,3.50177300e-16,2.50339500e-16,-7.15255700e-16,3.99351100e-16,-3.97861000e-16,6.36279600e-16,-7.09781500e-16,-1.66147900e-15,-3.42726700e-16,-3.57627900e-17,-5.60283700e-16,-6.36279600e-16,-7.74860400e-17,1.97067900e-16,-6.77257800e-16
2.27366080e+06,-7.77490000e+00,3.42726700e-16,8.82148700e-16,3.51667400e-16,-2.13831700e-16,-1.53482000e-16,-9.83476600e-17,-1.41263000e-15,-7.00354600e-17,-8.46144600e-16,-7.98702200e-16,-8.15093500e-16,6.07967400e-16,-1.34110500e-16,-9.01520300e-17,1.31875300e-16,-1.47521500e-16,-9.93162400e-16
2.27766080e+06,-7.77670300e+00,3.39746500e-16,5.13345000e-16,-7.00354600e-17,-3.44216800e-16,2.08616300e-17,-8.34465000e-17,-1.60932500e-16,-6.25848800e-16,-4.10929800e-16,-1.55121100e-15,-6.46710400e-16,1.17719200e-16,-8.19563900e-17,-9.16421400e-17,-3.13669400e-16,1.88499700e-16,-9.35792900e-16
2.28166080e+06,-7.77898200e+00,3.90410400e-16,7.47293200e-16,-2.33948200e-16,-1.38580800e-16,-1.47521500e-16,-2.98023200e-16,-2.59280200e-16,-4.90248200e-16,-6.89035400e-16,-1.01476900e-15,-3.24845300e-16,6.58631300e-16,8.19563900e-17,-4.31388600e-16,-4.81307500e-16,3.81469700e-16,-8.14348500e-16
2.28566080e+06,-7.78178400e+00,1.98930500e-16,5.95673900e-16,4.32133700e-17,-3.94880800e-17,-6.76512700e-16,-4.15742400e-16,-8.94069700e-18,2.57790100e-16,-1.40302200e-15,-6.30319100e-16,-4.88758100e-16,7.45058100e-18,4.18722600e-16,-5.71459500e-16,-3.50177300e-16,1.79186500e-16,-8.27014400e-16
2.28966080e+06,-7.78515000e+00,2.55554900e-16,4.61936000e-16,7.07060100e-16,-5.96046400e-17,-2.39908700e-16,2.48849400e-16,-3.36766200e-16,-9.71555700e-16,-9.63486900e-16,-2.77161600e-16,-6.33299400e-16,4.50015100e-16,1.99675600e-16,-3.04728700e-16,-7.48783300e-16,-6.25848800e-17,-8.88854300e-16
2.29366080e+06,-7.78912100e+00,2.47359300e-16,7.00354600e-16,1.12876300e-15,-1.99675600e-16,-5.67734200e-16,-3.54647600e-16,-8.94069700e-16,-3.60608100e-16,-6.98884400e-16,-4.81307500e-16,-1.44541300e-16,2.19047100e-16,2.13086600e-16,-2.54064800e-16,-1.52736900e-16,1.43051100e-16,-7.85291200e-16
2.29766080e+06,-7.79373300e+00,8.79168500e-17,4.04939100e-16,3.18139800e-16,3.57627900e-16,-3.76999400e-16,5.05149400e-16,2.30968000e-16,2.75671500e-16,-5.99126100e-16,-8.70227800e-16,-7.33137100e-16,-4.61936000e-17,4.78327300e-16,-7.01099600e-16,-2.38418600e-16,-5.77420000e-17,-1.11833200e-15
2.30166080e+06,-7.79901800e+00,1.02818000e-16,4.20585300e-16,3.47942100e-16,5.66244100e-17,-3.87430200e-17,-1.46031400e-16,-1.93715100e-16,-1.54972100e-16,-3.66152900e-16,-8.82148700e-16,-1.89244700e-16,7.59959200e-16,2.36928500e-16,-3.42726700e-17,-3.43471800e-16,4.16860000e-16,-9.96887700e-16
2.30566080e+06,-7.79835400e+00,2.32458100e-16,2.68966000e-16,6.75022600e-16,-8.34465000e-17,5.85615600e-16,1.63912800e-16,-1.26510900e-15,-5.06639500e-16,-1.04034700e-15,-3.99351100e-16,-6.36279600e-16,3.20375000e-16,-1.77323800e-16,-3.87430200e-17,-6.40749900e-16,1.86264500e-17,-8.09133100e-16
2.30966080e+06,-7.79537900e+00,2.50339500e-16,3.53157500e-16,4.90993300e-16,-1.65402900e-16,-8.27014400e-16,-1.11758700e-16,-2.93552900e-16,1.04904200e-15,-6.50282300e-16,-1.59740400e-15,-4.82797600e-16,2.65240700e-16,1.19209300e-17,-5.84125500e-16,-4.64171200e-16,4.20957800e-16,-7.20471100e-16
2.31366080e+06,-7.79271000e+00,9.61124900e-17,6.50435700e-16,5.25265900e-16,-2.80886900e-16,-7.09295300e-16,3.18884800e-16,8.79168500e-17,-3.99351100e-16,-4.77771600e-16,-8.89599300e-16,5.81145300e-17,1.00135800e-15,-4.08291800e-16,-2.63005500e-16,-4.90993300e-16,2.39908700e-16,-8.39680400e-16
2.31766080e+06,-7.79034600e+00,1.97440400e-16,4.18722600e-16,5.05149400e-16,-8.09133100e-16,-8.59797000e-16,-7.18236000e-16,7.00354600e-17,5.61773800e-16,-3.80879300e-16,-5.52833100e-16,-5.24520900e-16,1.49011600e-17,-4.72366800e-16,5.96046400e-18,-2.07871200e-16,-3.38628900e-16,-9.17911500e-16
2.32166080e+06,-7.78828200e+00,2.19792100e-16,7.08550200e-16,1.68383100e-16,2.77906700e-16,-1.19209300e-16,1.22189500e-16,-3.54647600e-16,-1.46031400e-16,-4.99198500e-16,-8.89599300e-16,-6.36279600e-16,-1.74343600e-16,-2.78651700e-16,-5.26011000e-16,1.44541300e-16,-7.97212100e-17,-9.41753400e-16
2.32566080e+06,-7.78651400e+00,3.92645600e-16,3.92645600e-16,2.25007500e-16,-3.21865100e-16,2.10106400e-16,4.72366800e-16,-7.94231900e-16,-5.33461600e-16,-7.96343700e-16,-1.15335000e-15,4.08291800e-16,5.76674900e-16,1.43051100e-16,-5.78910100e-16,-5.84870600e-16,8.79168500e-17,-9.13441200e-16
2.32966080e+06,-7.78503300e+00,4.09781900e-17,1.98185400e-16,3.05473800e-16,7.59959200e-17,-5.61773800e-16,-2.41398800e-16,5.55813300e-16,-1.44541300e-16,-3.95352400e-16,-1.63018700e-15,-1.80304100e-16,1.01327900e-16,1.02818000e-16,-2.73436300e-16,-2.54809900e-16,-3.24472800e-16,-1.07139300e-15
2.33366080e+06,-7.78383000e+00,2.72691200e-16,9.39890700e-16,7.96467100e-16,1.20699400e-16,-1.04308100e-17,6.43730200e-16,-8.40425500e-16,-3.72529000e-17,-4.88878200e-16,-1.78366900e-15,-7.80820800e-16,-2.68220900e-17,4.02331400e-17,-8.81403700e-16,-1.95205200e-16,-9.72300800e-17,-8.72463000e-16
2.33766080e+06,-7.78289300e+00,-3.12924400e-17,5.85243100e-16,6.65336800e-16,3.80724700e-16,-6.78002800e-16,5.69224400e-16,1.49011600e-18,-3.57627900e-17,-3.03812200e-16,-1.09523500e-15,-1.69873200e-16,8.13603400e-16,5.14090100e-16,8.04662700e-17,-3.57627900e-16,2.00793100e-16,-8.06152800e-16
2.34166080e+06,-7.78221000e+00,2.76416500e-16,1.02333700e-15,6.07222300e-16,-1.74343600e-16,-6.49690600e-16,4.99188900e-16,-4.02331400e-16,-5.96046400e-18,-6.54389400e-16,-1.17272100e-15,-2.57790100e-16,1.43051100e-16,-2.17557000e-16,-1.86264500e-17,-4.57465600e-16,9.76026100e-17,-7.84546100e-16
2.34566080e+06,-7.78176700e+00,2.72691200e-16,1.33365400e-16,4.85777900e-16,-1.04308100e-17,-6.46710400e-16,-3.69548800e-16,-2.95043000e-16,-9.81986500e-16,3.01420100e-16,-9.47713900e-16,-8.22544100e-16,1.35600600e-16,2.01165700e-16,9.76026100e-17,-2.49594400e-16,-2.84239600e-16,-7.89016500e-16
2.34966080e+06,-7.78154800e+00,2.34693300e-16,6.48200500e-16,2.87592400e-16,3.44961900e-16,-2.65240700e-16,-1.41561000e-16,-5.42402300e-16,-3.35276100e-16,-1.43424500e-16,-2.59280200e-16,-2.05636000e-16,2.66730800e-16,-2.26497600e-16,-2.81631900e-16,1.18464200e-16,2.39536200e-16,-1.08704000e-15
2.35366080e+06,-7.78153800e+00,5.28991200e-17,4.35113900e-16,3.11434300e-16,8.49366200e-17,-1.50501700e-16,3.74019100e-16,-2.99513300e-16,-8.43405700e-16,-1.57701700e-17,-8.88109200e-16,-2.60770300e-16,-2.08616300e-17,-1.20699400e-16,-2.34693300e-16,-2.13086600e-16,-3.46824500e-16,-8.50111200e-16
2.35766080e+06,-7.78172000e+00,3.50177300e-17,1.00471100e-15,4.25428200e-16,-3.82214800e-16,-3.12924400e-16,-1.66893000e-16,-8.79168500e-17,-7.74860400e-17,-2.95180500e-16,-4.00841200e-16,-3.72529000e-17,7.46548200e-16,4.97698800e-16,-3.89665400e-16,-4.55975500e-16,-3.20375000e-17,-8.55326700e-16
2.36166080e+06,-7.78208000e+00,2.36928500e-16,6.08712400e-16,5.70714500e-16,-1.98185400e-16,-2.87592400e-16,-6.22868500e-16,-7.89761500e-16,-6.60121400e-16,-1.09647500e-15,-4.91738300e-16,-5.09619700e-16,8.15093500e-16,-2.44379000e-16,-3.52412500e-16,-5.31971500e-16,-3.84822500e-16,-8.51601400e-16
2.36566080e+06,-7.78259900e+00,1.61677600e-16,6.32181800e-16,6.31064200e-16,-4.02331400e-17,-1.02371000e-15,2.83122100e-17,-5.49852800e-16,5.66244100e-17,8.07479400e-17,-1.04159100e-15,-8.18073700e-16,6.10947600e-17,-2.60770300e-16,-5.73694700e-16,-1.65402900e-16,4.28408400e-17,-9.23872000e-16
2.36966080e+06,-7.78326200e+00,2.53319700e-16,6.45965300e-16,5.81145300e-16,-5.02169100e-16,-4.36604000e-16,6.70552300e-17,-6.92904000e-16,-4.23193000e-16,-6.78819400e-16,-5.97536600e-16,-2.65240700e-16,3.59118000e-16,-8.94069700e-18,2.13831700e-16,-5.15580200e-16,-1.09523500e-16,-8.88854300e-16
2.37366080e+06,-7.78405200e+00,3.20375000e-17,4.99561400e-16,1.42306100e-16,-1.56462200e-16,-5.58793500e-16,-4.70876700e-16,-3.02493600e-16,-3.76999400e-16,-1.31077300e-16,-1.15335000e-15,-8.43405700e-16,5.39422000e-16,-4.02331400e-16,-1.57952300e-16,-1.63912800e-17,5.02914200e-17,-8.57561800e-16
2.37766080e+06,-7.78495600e+00,3.41236600e-16,7.05942500e-16,2.80886900e-16,-4.67896500e-16,-1.08778500e-16,1.19209300e-16,-2.57790100e-16,5.66244100e-17,-7.99270500e-17,-5.63263900e-16,-2.22027300e-16,3.18884800e-16,-4.47034800e-17,1.21444500e-16,-1.48266600e-16,4.10527000e-16,-9.74535900e-16
2.38166080e+06,-7.78595700e+00,1.57207300e-16,1.94460200e-16,1.46776400e-16,-4.09781900e-16,-4.90248200e-16,5.51343000e-17,-7.01844700e-16,-1.99675600e-16,-9.64256000e-16,-5.42402300e-16,-2.26497700e-16,2.98023200e-18,-3.65078400e-16,4.77582200e-16,-1.13248800e-16,-6.78002800e-17,-8.81403700e-16
2.38566080e+06,-7.78704200e+00,2.63005500e-16,3.22982700e-16,5.64754000e-16,-5.22285700e-16,-2.54809900e-16,-3.99351100e-16,-5.15580200e-16,-8.53836500e-16,-7.92363000e-16,1.08778500e-16,3.12924400e-17,3.63588300e-16,2.71201100e-16,-4.08291800e-16,-3.53157500e-16,-2.37301000e-16,-7.99447300e-16
2.38966080e+06,-7.78819600e+00,3.00258400e-16,1.37835700e-16,7.31647000e-16,-8.86619100e-17,-6.86943500e-16,-4.69386600e-16,-4.29153400e-16,-7.15255700e-16,-7.77931300e-16,-1.18017200e-15,-5.52833100e-16,7.27176700e-16,-1.29640100e-16,-2.95788000e-16,-4.86522900e-16,-1.72480900e-16,-1.05276700e-15
2.39366080e+06,-7.78940900e+00,-3.02493600e-16,2.21282200e-16,1.14738900e-16,-7.56979000e-16,-3.05473800e-16,-4.21702900e-16,-7.27176700e-16,-6.07967400e-16,-1.18834000e-15,-5.70714500e-16,-5.40912200e-16,6.72042400e-16,-2.44379000e-16,2.43634000e-16,-8.90344400e-16,-4.24683100e-16,-1.09523500e-15
2.39766080e+06,-7.79066600e+00,1.08778500e-16,8.28877100e-16,4.34368800e-16,-4.87268000e-16,-2.50339500e-16,1.04308100e-17,-2.74181400e-16,-1.44094200e-15,-4.03846900e-16,-8.21054000e-16,-9.34302800e-16,-2.38418600e-16,3.72529000e-17,-6.83963300e-16,-2.99513300e-16,7.93486800e-17,-1.01327900e-15
2.40166080e+06,-7.78955200e+00,2.27242700e-16,6.40377400e-16,1.08778500e-16,-4.81307500e-16,-5.06639500e-17,5.79655200e-16,-2.92062800e-16,-3.27825500e-16,-5.52264200e-16,-2.06530100e-15,-5.36441800e-17,4.78327300e-16,-3.32295900e-16,-8.34465000e-17,-4.12017100e-16,2.00793100e-16,-9.00775200e-16
2.40566080e+06,-7.78132500e+00,1.55717100e-16,5.60656200e-16,2.04891000e-16,-4.25428200e-16,-7.52508600e-16,7.45058100e-17,-1.21444500e-15,-8.31484800e-16,-6.69776200e-16,-5.27501100e-16,-4.42564500e-16,4.02331400e-16,-2.83122100e-17,-2.49594400e-16,-4.96208700e-16,2.80514400e-16,-1.16378100e-15
2.40966080e+06,-7.77299300e+00,3.06963900e-16,6.14672900e-16,3.15159600e-16,-2.55554900e-16,-5.97536600e-16,2.41398800e-16,-6.07967400e-16,-1.00284800e-15,-1.15006900e-15,-2.66730800e-16,-8.01682500e-16,5.21540600e-17,1.20699400e-16,5.58793500e-17,-1.05053200e-16,-4.47034800e-18,-1.07586400e-15
2.41366080e+06,-7.76455400e+00,4.99934000e-16,3.39001400e-16,1.73598500e-16,-1.15484000e-16,-2.83122100e-17,-1.54972100e-16,-7.98702200e-16,4.06801700e-16,-7.71012600e-16,-5.23030800e-16,-2.95043000e-16,6.03497000e-16,1.68383100e-16,-3.43471800e-16,-1.29640100e-16,-7.11530400e-17,-9.88692000e-16
2.41766080e+06,-7.75600600e+00,2.39908700e-16,6.81355600e-16,-5.81145300e-17,-2.76416500e-16,-6.92904000e-16,1.10268600e-16,-7.70390000e-16,-3.27825500e-16,-4.77226300e-16,-1.16080000e-15,-5.90086000e-16,7.30156900e-17,-5.64754000e-16,-1.49011600e-18,-1.07288400e-16,-8.19563900e-17,-1.17197600e-15
2.42166080e+06,-7.74734500e+00,9.53674300e-17,7.11903000e-16,2.74926400e-16,1.08778500e-16,-4.91738300e-17,3.87430200e-17,-2.44379000e-16,-2.33948200e-16,8.48735300e-17,-3.62098200e-16,-4.55975500e-16,1.56462200e-16,-1.75833700e-16,-3.38256400e-16,1.89989800e-16,-2.55927400e-16,-1.08704000e-15
2.42566080e+06,-7.73857000e+00,4.93228400e-16,3.56137800e-16,-1.04308100e-17,-1.34110500e-17,-5.08129600e-16,3.87430200e-16,-1.01923900e-15,-3.29315700e-16,-4.36459600e-16,-1.10268600e-15,-6.03497000e-16,-6.10947600e-17,-2.90572600e-16,1.75833700e-16,-3.50177300e-17,-3.31550800e-16,-6.45220300e-16
2.42966080e+06,-7.72967700e+00,2.78651700e-16,8.54581600e-16,3.24845300e-16,8.12113300e-17,-5.06639500e-17,3.53157500e-16,-4.61936000e-17,-1.47521500e-16,-7.77080600e-16,-1.61379600e-15,-6.54161000e-16,-1.23679600e-16,2.02655800e-16,-1.17719200e-16,1.69873200e-16,-6.33299400e-17,-8.88109200e-16
2.43366080e+06,-7.72066500e+00,-3.94880800e-17,1.06915800e-16,3.94135700e-16,-4.22447900e-16,-2.81631900e-16,-2.65240700e-16,-7.79330700e-16,-2.74181400e-16,-6.95042000e-16,-1.72853500e-16,-2.45869200e-16,8.61287100e-16,-2.19047100e-16,3.12924400e-17,-5.00679000e-16,-3.91528000e-16,-1.16229100e-15
2.43766080e+06,-7.71153300e+00,2.14576700e-16,2.35438300e-16,4.55230500e-16,-7.52508600e-17,-2.23517400e-16,4.76837200e-17,-1.13248800e-16,-6.00516800e-16,-6.06157600e-16,-1.08778500e-16,-7.98702200e-16,-9.68575500e-17,-3.65078400e-16,-7.82311000e-17,1.25914800e-16,-2.63750600e-16,-1.23679600e-15
2.44166080e+06,-7.70227900e+00,2.81631900e-16,3.95625800e-16,2.86847400e-16,1.86264500e-17,1.05798200e-16,-2.07126100e-16,-3.74019100e-16,-2.68220900e-17,1.43249800e-16,-3.42726700e-16,-1.47521500e-16,2.69711000e-16,-3.84450000e-16,4.02331400e-17,-1.02073000e-16,-5.17070300e-16,-1.13844900e-15
2.44566080e+06,-7.69290200e+00,1.69128200e-16,4.11272000e-16,1.73598500e-16,-1.57207300e-16,7.74860400e-17,-3.18884800e-16,-5.84125500e-16,-4.26173200e-16,-3.53212800e-16,-6.88433600e-16,7.45058100e-17,2.44379000e-16,-1.10268600e-16,-3.36766200e-16,-2.61515400e-16,-2.03400900e-16,-1.11162700e-15
2.44966080e+06,-7.68340200e+00,2.88337500e-16,7.33882200e-16,8.41915600e-17,7.45058100e-18,-7.45058100e-18,7.04824900e-16,-4.66406300e-16,-6.40749900e-17,-6.86452200e-16,-2.89082500e-16,-1.99675600e-16,2.14576700e-16,-3.05473800e-16,-3.92645600e-16,8.71717900e-17,1.92225000e-16,-1.24201200e-15
2.45366080e+06,-7.67378000e+00,6.48200500e-17,2.73063800e-16,7.45058100e-17,7.45058100e-18,2.98023200e-18,1.80304100e-16,-5.64754000e-16,-8.89599300e-16,-9.91708400e-16,-4.67896500e-16,-6.12437700e-16,2.16066800e-16,1.47521500e-16,6.25848800e-17,6.01261900e-16,5.69969400e-17,-1.05276700e-15
2.45766080e+06,-7.66403900e+00,9.38773200e-17,4.98071300e-16,3.54647600e-16,-3.02493600e-16,-2.51829600e-16,-7.65919700e-16,-5.57303400e-16,-1.23083600e-15,-7.38077700e-16,-2.27987800e-16,-5.99026700e-16,2.44379000e-16,-4.61936000e-17,1.33365400e-16,-7.00354600e-17,-1.46031400e-16,-1.35153500e-15
2.46166080e+06,-7.65418300e+00,5.18560400e-16,7.54743800e-16,5.64009000e-16,-3.16649700e-16,-1.49011600e-17,2.47359300e-16,-7.24196400e-16,-2.65240700e-16,-6.11602300e-17,-6.70552300e-16,-7.62939500e-16,2.30968000e-16,-5.36441800e-17,-2.90572600e-17,-1.28895000e-16,-2.77906700e-16,-1.15931000e-15
2.46566080e+06,-7.64421700e+00,1.50501700e-16,5.80772800e-16,2.66730800e-16,2.25752600e-16,1.47521500e-16,6.66081900e-16,-8.64267300e-17,-4.55975500e-16,-4.97127700e-16,-3.24845300e-16,4.29153400e-16,4.18722600e-16,4.97698800e-16,1.48266600e-16,-3.44961900e-16,3.35276100e-17,-6.95139200e-16
2.46966080e+06,-7.63415000e+00,3.94880800e-17,3.91528000e-16,-1.07288400e-16,-4.17977600e-16,-2.05636000e-16,-8.19563900e-17,1.78813900e-16,-9.56654500e-16,-1.08297800e-15,-6.30319100e-16,-4.08291800e-16,2.72691200e-16,2.29477900e-16,1.33365400e-16,-1.95205200e-16,3.30060700e-16,-8.73208000e-16
2.47366080e+06,-7.62399500e+00,1.46776400e-16,3.71784000e-16,3.12924400e-17,5.36441800e-17,-1.77323800e-16,-4.42564500e-16,-8.86619100e-16,-1.09225500e-15,-6.69717400e-16,-2.35438300e-16,3.50177300e-16,7.58469100e-16,-4.61936000e-17,-6.33299400e-17,2.10851400e-16,-2.34320800e-16,-8.50856300e-16
2.47766080e+06,-7.61376900e+00,3.27080500e-16,6.03869600e-16,7.74115300e-16,-5.22285700e-16,5.34951700e-16,2.23517400e-16,-3.62098200e-16,1.53482000e-16,-6.69860100e-16,-5.36441800e-16,-6.79493000e-16,-3.08454000e-16,-3.03983700e-16,-3.29315700e-16,3.67313600e-16,-1.99675600e-16,-8.03172600e-16
2.48166080e+06,-7.60349400e+00,1.68383100e-16,3.31178300e-16,6.40749900e-17,-3.59863000e-16,-5.60283700e-16,3.94880800e-16,-4.11272000e-16,-7.12275500e-16,-7.53132800e-16,-2.32458100e-16,-1.57952300e-16,-5.91576100e-16,-2.95043000e-16,7.23451400e-16,-1.26659900e-17,4.80562400e-17,-1.04531600e-15
2.48566080e+06,-7.59320000e+00,3.94880800e-17,7.51391100e-16,5.83380500e-16,-3.88175200e-16,5.63263900e-16,6.15418000e-16,-3.75509300e-16,-1.59442400e-16,-1.06891200e-15,4.47034800e-18,7.00354600e-17,-5.75184800e-16,-4.00841200e-16,7.89761500e-17,-2.45869200e-16,1.58324800e-16,-7.49528400e-16
2.48966080e+06,-7.58292700e+00,1.56462200e-17,6.61984100e-16,1.85519500e-16,-1.53482000e-16,-8.19563900e-16,2.83122100e-16,1.44541300e-16,1.47521500e-16,-8.74420000e-16,-2.68220900e-16,-1.03265000e-15,2.90572600e-16,-5.08129600e-16,1.33365400e-16,-9.63360100e-16,7.78585700e-17,-1.02594500e-15
2.49366080e+06,-7.57272800e+00,1.11013700e-16,8.99285100e-16,-2.53319700e-17,-6.22123500e-16,-9.67085400e-16,4.35113900e-16,-2.87592400e-16,-9.56654500e-16,-4.37056400e-16,-6.31809200e-16,3.53157500e-16,-7.45058100e-17,-1.93715100e-17,1.64657800e-16,-1.56462200e-17,2.36555900e-16,-9.38773200e-16
2.49766080e+06,-7.56267000e+00,4.12762200e-16,4.61563500e-16,2.47359300e-16,7.52508600e-17,-9.76026100e-16,-7.91251700e-16,-1.95205200e-16,-7.21216200e-16,-1.20955000e-15,-1.29193100e-15,-8.83638900e-16,-3.26335400e-16,-1.49011600e-16,3.43471800e-16,-3.43471800e-16,-8.30739700e-17,-9.77516200e-16
2.50166080e+06,-7.55283900e+00,3.41236600e-16,2.66358300e-16,6.55651100e-17,-4.58955800e-16,-4.21702900e-16,-3.27825500e-16,1.56462200e-16,-2.16066800e-16,-4.38035900e-16,-1.41561000e-15,-8.34465000e-17,-1.14738900e-16,-2.27987800e-16,5.31971500e-16,1.78813900e-16,-2.45496600e-16,-9.31322600e-16
2.50566080e+06,-7.54334800e+00,1.11758700e-17,3.96370900e-16,2.55554900e-16,-2.44379000e-16,-9.92417300e-16,-6.97374300e-16,-9.55164400e-16,-3.48687200e-16,-5.36038100e-16,-9.83476600e-17,-1.93715100e-16,3.17394700e-16,-1.07288400e-16,3.42726700e-17,3.31550800e-16,3.36021200e-16,-7.26431600e-16
2.50966080e+06,-7.53433500e+00,1.97440400e-16,2.66358300e-16,1.69128200e-16,-2.47359300e-16,-7.19726100e-16,-1.32620300e-16,-3.88920300e-16,-8.49366200e-17,-1.19406800e-15,-9.00030100e-16,-4.50015100e-16,-4.57465600e-16,8.19563900e-17,2.65985700e-16,1.78813900e-17,-2.73436300e-16,-6.92904000e-16
2.51366080e+06,-7.52597700e+00,-3.12924400e-17,3.90783000e-16,1.41561000e-16,-2.68966000e-16,-1.59442400e-16,-5.93066200e-16,1.16229100e-16,-7.77840600e-16,-2.05878300e-16,-6.69062100e-16,-3.63588300e-16,9.07480700e-16,-3.57627900e-16,-1.22189500e-16,-5.73694700e-17,-3.37511300e-16,-1.08405900e-15
2.51766080e+06,-7.51848900e+00,1.42306100e-16,9.12696100e-17,1.29640100e-16,9.53674300e-17,2.05636000e-16,-1.83284300e-16,5.42402300e-16,4.02331400e-16,-1.39559000e-16,-1.45733400e-15,-2.23517400e-16,9.22381900e-16,3.05473800e-16,-2.34693300e-16,-3.92645600e-16,-5.25265900e-17,-1.49011600e-15
2.52166080e+06,-7.51212900e+00,-4.09781900e-17,7.79330700e-16,1.38580800e-16,1.84029300e-16,-4.47034800e-16,-3.72529000e-17,-2.68220900e-17,-1.37090700e-16,-8.43790400e-16,-1.18166200e-15,-3.90410400e-16,1.49011600e-16,-4.76837200e-17,-4.43309500e-16,1.78813900e-17,3.72529000e-18,-1.00806400e-15
2.52566080e+06,-7.50720200e+00,3.12924400e-17,6.85825900e-16,4.68641500e-16,-1.07064800e-15,-1.01327900e-16,-1.49011600e-16,-8.43405700e-16,-4.06801700e-16,-1.22375200e-15,-6.31809200e-16,-1.40070900e-16,4.73856900e-16,-2.59280200e-16,7.04079900e-16,1.41561000e-17,-2.71573700e-16,-1.13695900e-15
2.52966080e+06,-7.50404600e+00,-9.31322600e-17,5.01051500e-16,4.70131600e-16,-5.96046400e-17,-6.48200500e-16,-4.94718600e-16,-4.33623800e-16,-6.33299400e-16,-1.84327300e-16,3.02493600e-16,-4.02331400e-17,5.31971500e-16,5.06639500e-17,3.43471800e-16,-3.18139800e-16,-1.72853500e-16,-8.63522300e-16
2.53366080e+06,-7.50302300e+00,-6.18398200e-17,5.93811300e-16,9.31322600e-17,-3.50177300e-17,-3.88920300e-16,2.65240700e-16,-3.20375000e-16,-1.89244700e-16,-9.81782200e-16,-9.99867900e-16,2.35438300e-16,-7.00354600e-17,4.60445900e-16,3.25590400e-16,2.48104300e-16,-2.34693300e-17,-9.41753400e-16
2.53766080e+06,-7.49718200e+00,1.84774400e-16,6.02752000e-16,7.59959200e-17,-7.00354600e-17,-8.15093500e-16,1.60932500e-16,4.69386600e-16,-1.00284800e-15,-7.55363900e-16,-2.25007500e-16,-5.30481300e-16,7.59959200e-16,-2.86102300e-16,3.47197100e-16,-3.05473800e-17,-1.18836800e-16,-5.09619700e-16
2.54166080e+06,-7.49246200e+00,1.72853500e-16,2.00793100e-16,6.54906000e-16,-9.38773200e-17,-4.47034800e-16,2.53319700e-16,-3.27825500e-17,-4.08291800e-16,-3.81328600e-16,-6.36279600e-16,3.42726700e-17,-4.32133700e-17,-2.53319700e-16,-2.89827600e-16,-2.63750600e-16,2.23517400e-17,-1.00508300e-15
2.54566080e+06,-7.48985600e+00,1.57952300e-16,2.16811900e-16,2.75671500e-16,1.49011600e-16,3.32295900e-16,-1.15633000e-15,-2.83122100e-17,1.53482000e-16,-7.42187800e-16,-1.48266600e-15,-7.59959200e-16,4.51505200e-16,-7.00354600e-17,2.01910700e-16,4.06801700e-16,8.56816800e-18,-8.20308900e-16
2.54966080e+06,-7.48978300e+00,9.08970800e-17,2.91690200e-16,2.48104300e-16,-2.09361300e-16,-5.97536600e-16,-7.85291200e-16,-1.34110500e-17,-6.40749900e-17,-3.37136600e-16,-8.25524300e-16,2.72691200e-16,4.30643600e-16,7.31647000e-16,3.29315700e-16,1.89989800e-16,-3.27825500e-17,-7.30156900e-16
2.55366080e+06,-7.49264000e+00,2.23517400e-17,3.94135700e-16,-1.39325900e-16,-3.09944200e-16,-8.53836500e-16,6.70552300e-17,-2.50339500e-16,-9.90927200e-16,-6.47164400e-16,-1.30534200e-15,-5.43892400e-16,2.47359300e-16,7.59959200e-17,-3.90410400e-16,3.18884800e-16,2.04518400e-16,-5.61028700e-16
2.55766080e+06,-7.49876100e+00,7.97212100e-17,3.04728700e-16,2.48849400e-16,-2.32458100e-16,-2.48849400e-16,-3.68058700e-16,-2.54809900e-16,-3.51667400e-16,-3.22268200e-16,-1.37388700e-15,-3.85940100e-16,-3.88920300e-16,-4.41074400e-16,-1.89989800e-16,-1.93715100e-17,3.16649700e-16,-9.58889700e-16
2.56166080e+06,-7.50835400e+00,1.06543300e-16,3.52785000e-16,5.34951700e-16,-6.69062100e-16,-3.09944200e-16,-9.98377800e-17,-4.76837200e-16,-7.24196400e-16,-6.15469000e-16,-2.14278700e-15,-3.41236600e-16,-1.69873200e-16,-2.25007500e-16,-7.97212100e-17,-1.63167700e-16,-2.10106400e-16,-9.26852200e-16
2.56566080e+06,-7.50784000e+00,-1.75088600e-16,6.98491900e-16,-3.79979600e-17,-3.96370900e-16,-5.87105800e-16,4.63426100e-16,-7.15255700e-17,-1.68532100e-15,-1.33865500e-16,-5.03659200e-16,-9.68575500e-16,-2.75671500e-16,-1.19209300e-16,3.36021200e-16,4.02331400e-16,-4.35859000e-16,-8.00192400e-16
2.56966080e+06,-7.49992900e+00,-2.01165700e-17,4.52995300e-16,-1.27404900e-16,-2.23517400e-16,-8.27014400e-16,-7.88271400e-16,2.63750600e-16,-7.43567900e-16,4.38048800e-17,-2.14576700e-16,-1.18315200e-15,2.38418600e-17,-2.93552900e-16,-3.41236600e-16,-7.37607500e-17,2.98023200e-16,-5.43147300e-16
2.57366080e+06,-7.49325300e+00,7.37607500e-17,2.01910700e-16,-1.02073000e-16,-2.97278200e-16,-5.48362700e-16,4.73856900e-16,3.11434300e-16,-2.60770300e-16,-8.37289800e-16,-7.15255700e-16,-3.24845300e-16,-2.92062800e-16,2.05636000e-16,-1.80304100e-16,-1.35600600e-16,6.40749900e-17,-8.98540000e-16
2.57766080e+06,-7.48793200e+00,2.77906700e-16,3.08826600e-16,3.06218900e-16,-7.52508600e-17,-3.82959800e-16,1.02818000e-16,8.50856300e-16,-2.92062800e-16,-7.49628100e-16,-9.13441200e-16,-8.43405700e-16,-9.98377800e-17,-2.90572600e-16,3.12179300e-16,-3.73274100e-16,-3.68431200e-16,-9.14186200e-16
2.58166080e+06,-7.48408000e+00,-3.94880800e-17,5.04404300e-16,7.97212100e-17,-3.62843300e-16,-7.64429600e-16,6.13927800e-16,9.98377800e-17,-8.03172600e-16,-1.03856200e-15,-6.89923800e-16,-4.61936000e-16,7.07805200e-16,1.25169800e-16,-1.44541300e-16,-8.41915600e-17,-2.15321800e-16,-9.68575500e-16
2.58566080e+06,-7.48180900e+00,3.05473800e-17,1.32247800e-16,-3.17394700e-16,-5.55068300e-16,-6.06477300e-16,5.20050500e-16,-2.16066800e-16,-5.21540600e-16,-9.64431100e-16,-7.21216200e-16,-1.81794200e-16,-1.60932500e-16,2.39908700e-16,4.88013000e-16,-1.14738900e-16,-8.82893800e-17,-7.23451400e-16
2.58966080e+06,-7.48124600e+00,1.69128200e-16,3.59118000e-16,-2.28732800e-16,-3.39746500e-16,-5.40912200e-16,-5.94556300e-16,-6.04987100e-16,-7.49528400e-16,-5.59058500e-16,1.53482000e-16,-9.67085400e-16,-4.50015100e-16,-1.83284300e-16,-5.96046400e-18,-4.08291800e-16,4.84287700e-17,-1.15782000e-15
