t,max_slip_rate,-400.0,-350.0,-300.0,-250.0,-200.0,-150.0,-100.0,-50.0,0.0,50.0,100.0,150.0,200.0,250.0,300.0,350.0,400.0
0.00000000e+00,0.00000000e+00,-4.00000000e+02,-3.50000000e+02,-3.00000000e+02,-2.50000000e+02,-2.00000000e+02,-1.50000000e+02,-1.00000000e+02,-5.00000000e+01,0.00000000e+00,5.00000000e+01,1.00000000e+02,1.50000000e+02,2.00000000e+02,2.50000000e+02,3.00000000e+02,3.50000000e+02,4.00000000e+02
5.00000000e+02,-1.20000000e+01,1.46000000e+01,1.46000000e+01,1.46000000e+01,1.46000000e+01,1.46000000e+01,1.46000000e+01,1.46000000e+01,1.46000000e+01,1.46000000e+01,1.46000000e+01,1.46000000e+01,1.46000000e+01,1.46000000e+01,1.46000000e+01,1.46000000e+01,1.46000000e+01,1.46000000e+01
4.00000000e+03,-1.15847300e+01,1.46000000e+01,1.46000000e+01,1.46000000e+01,1.46000000e+01,1.46000000e+01,1.46000000e+01,1.46000000e+01,1.46000000e+01,1.46000000e+01,1.46000000e+01,1.46000000e+01,1.46000000e+01,1.46000000e+01,1.46000000e+01,1.46000000e+01,1.46000000e+01,1.46000000e+01
8.00000000e+03,-1.11370700e+01,1.46000000e+01,1.46000000e+01,1.46000000e+01,1.46000000e+01,1.46000000e+01,1.46000000e+01,1.46000000e+01,1.46000000e+01,1.45999900e+01,1.46000000e+01,1.46000000e+01,1.46000000e+01,1.46000000e+01,1.46000000e+01,1.46000000e+01,1.46000000e+01,1.46000000e+01
1.20000000e+04,-1.07146700e+01,1.46000000e+01,1.46000000e+01,1.46000000e+01,1.46000000e+01,1.46000000e+01,1.46000000e+01,1.46000000e+01,1.46000000e+01,1.45999700e+01,1.46000000e+01,1.46000000e+01,1.46000000e+01,1.46000000e+01,1.46000000e+01,1.46000000e+01,1.46000000e+01,1.46000000e+01
1.60000000e+04,-1.03144100e+01,1.45999900e+01,1.46000000e+01,1.46000000e+01,1.46000000e+01,1.46000000e+01,1.46000000e+01,1.46000100e+01,1.46000000e+01,1.45998900e+01,1.46000000e+01,1.46000100e+01,1.46000000e+01,1.46000000e+01,1.46000000e+01,1.46000000e+01,1.46000000e+01,1.45999900e+01
2.00000000e+04,-9.93366400e+00,1.45999900e+01,1.46000000e+01,1.46000000e+01,1.46000000e+01,1.46000000e+01,1.46000000e+01,1.46000200e+01,1.46000100e+01,1.45997100e+01,1.46000100e+01,1.46000200e+01,1.46000000e+01,1.46000000e+01,1.46000000e+01,1.46000000e+01,1.46000000e+01,1.45999900e+01
2.40000000e+04,-9.57025100e+00,1.45999900e+01,1.46000000e+01,1.46000000e+01,1.46000000e+01,1.46000000e+01,1.46000100e+01,1.46000400e+01,1.46000500e+01,1.45992600e+01,1.46000500e+01,1.46000400e+01,1.46000100e+01,1.46000000e+01,1.46000000e+01,1.46000000e+01,1.46000000e+01,1.45999900e+01
2.80000000e+04,-9.22239800e+00,1.45999900e+01,1.46000000e+01,1.46000000e+01,1.46000000e+01,1.46000100e+01,1.46000200e+01,1.46000700e+01,1.46001700e+01,1.45982300e+01,1.46001700e+01,1.46000700e+01,1.46000200e+01,1.46000100e+01,1.46000000e+01,1.46000000e+01,1.46000000e+01,1.45999900e+01
3.20000000e+04,-8.88881500e+00,1.45999900e+01,1.46000000e+01,1.46000000e+01,1.46000100e+01,1.46000200e+01,1.46000400e+01,1.46001400e+01,1.46004800e+01,1.45959500e+01,1.46004800e+01,1.46001400e+01,1.46000400e+01,1.46000200e+01,1.46000100e+01,1.46000000e+01,1.46000000e+01,1.45999900e+01
3.60000000e+04,-8.56884200e+00,1.45999900e+01,1.46000000e+01,1.46000100e+01,1.46000200e+01,1.46000300e+01,1.46000800e+01,1.46002600e+01,1.46012100e+01,1.45910800e+01,1.46012100e+01,1.46002600e+01,1.46000800e+01,1.46000300e+01,1.46000200e+01,1.46000100e+01,1.46000000e+01,1.45999900e+01
4.00000000e+04,-8.26279000e+00,1.46000000e+01,1.46000100e+01,1.46000200e+01,1.46000300e+01,1.46000600e+01,1.46001600e+01,1.46004800e+01,1.46028200e+01,1.45810300e+01,1.46028200e+01,1.46004800e+01,1.46001600e+01,1.46000600e+01,1.46000300e+01,1.46000200e+01,1.46000100e+01,1.46000000e+01
4.40000000e+04,-7.97254000e+00,1.46000000e+01,1.46000200e+01,1.46000400e+01,1.46000600e+01,1.46001200e+01,1.46003200e+01,1.46008700e+01,1.46061700e+01,1.45610200e+01,1.46061700e+01,1.46008700e+01,1.46003200e+01,1.46001200e+01,1.46000600e+01,1.46000400e+01,1.46000200e+01,1.46000000e+01
4.80000000e+04,-7.70240200e+00,1.46000200e+01,1.46000500e+01,1.46000700e+01,1.46001200e+01,1.46002200e+01,1.46005900e+01,1.46015500e+01,1.46127600e+01,1.45228400e+01,1.46127600e+01,1.46015500e+01,1.46005900e+01,1.46002200e+01,1.46001200e+01,1.46000700e+01,1.46000500e+01,1.46000200e+01
5.20000000e+04,-7.45985500e+00,1.46000500e+01,1.46000900e+01,1.46001300e+01,1.46002300e+01,1.46004100e+01,1.46010900e+01,1.46027200e+01,1.46248100e+01,1.44540000e+01,1.46248100e+01,1.46027200e+01,1.46010900e+01,1.46004100e+01,1.46002300e+01,1.46001300e+01,1.46000900e+01,1.46000500e+01
5.60000000e+04,-7.25489900e+00,1.46001000e+01,1.46001600e+01,1.46002400e+01,1.46004000e+01,1.46007100e+01,1.46019100e+01,1.46046600e+01,1.46448600e+01,1.43390200e+01,1.46448600e+01,1.46046600e+01,1.46019100e+01,1.46007100e+01,1.46004000e+01,1.46002400e+01,1.46001600e+01,1.46001000e+01
6.00000000e+04,-7.09645700e+00,1.46001800e+01,1.46002700e+01,1.46004000e+01,1.46006600e+01,1.46011800e+01,1.46031500e+01,1.46078100e+01,1.46743100e+01,1.41651700e+01,1.46743100e+01,1.46078100e+01,1.46031500e+01,1.46011800e+01,1.46006600e+01,1.46004000e+01,1.46002700e+01,1.46001800e+01
6.40000000e+04,-6.98672400e+00,1.46002900e+01,1.46004200e+01,1.46006200e+01,1.46010300e+01,1.46018500e+01,1.46048800e+01,1.46128000e+01,1.47111900e+01,1.39304900e+01,1.47111900e+01,1.46128000e+01,1.46048800e+01,1.46018500e+01,1.46010300e+01,1.46006200e+01,1.46004200e+01,1.46002900e+01
6.80000000e+04,-6.91839800e+00,1.46004300e+01,1.46006100e+01,1.46009000e+01,1.46015100e+01,1.46027300e+01,1.46071000e+01,1.46207100e+01,1.47485700e+01,1.36466400e+01,1.47485700e+01,1.46207100e+01,1.46071000e+01,1.46027300e+01,1.46015100e+01,1.46009000e+01,1.46006100e+01,1.46004300e+01
7.20000000e+04,-6.87753700e+00,1.46006100e+01,1.46008600e+01,1.46012700e+01,1.46021100e+01,1.46038800e+01,1.46098100e+01,1.46334800e+01,1.47743300e+01,1.33326000e+01,1.47743300e+01,1.46334800e+01,1.46098100e+01,1.46038800e+01,1.46021100e+01,1.46012700e+01,1.46008600e+01,1.46006100e+01
7.60000000e+04,-6.84846500e+00,1.46008300e+01,1.46011700e+01,1.46017300e+01,1.46028700e+01,1.46054000e+01,1.46131100e+01,1.46543500e+01,1.47714900e+01,1.30058400e+01,1.47714900e+01,1.46543500e+01,1.46131100e+01,1.46054000e+01,1.46028700e+01,1.46017300e+01,1.46011700e+01,1.46008300e+01
8.00000000e+04,-6.81749000e+00,1.46011200e+01,1.46015700e+01,1.46023300e+01,1.46038600e+01,1.46074500e+01,1.46172400e+01,1.46879500e+01,1.47191900e+01,1.26767200e+01,1.47191900e+01,1.46879500e+01,1.46172400e+01,1.46074500e+01,1.46038600e+01,1.46023300e+01,1.46015700e+01,1.46011200e+01
8.40000000e+04,-6.77638000e+00,1.46015100e+01,1.46021100e+01,1.46031300e+01,1.46051800e+01,1.46102700e+01,1.46225200e+01,1.47395000e+01,1.45971200e+01,1.23462600e+01,1.45971200e+01,1.47395000e+01,1.46225200e+01,1.46102700e+01,1.46051800e+01,1.46031300e+01,1.46021100e+01,1.46015100e+01
8.80000000e+04,-6.72577400e+00,1.46020200e+01,1.46028100e+01,1.46041900e+01,1.46069100e+01,1.46140500e+01,1.46293200e+01,1.48129100e+01,1.43935500e+01,1.20064800e+01,1.43935500e+01,1.48129100e+01,1.46293200e+01,1.46140500e+01,1.46069100e+01,1.46041900e+01,1.46028100e+01,1.46020200e+01
9.19563458e+04,-6.67149500e+00,1.46026600e+01,1.46036900e+01,1.46055300e+01,1.46091000e+01,1.46188600e+01,1.46378100e+01,1.49083900e+01,1.41136700e+01,1.16491000e+01,1.41136700e+01,1.49083900e+01,1.46378100e+01,1.46188600e+01,1.46091000e+01,1.46055300e+01,1.46036900e+01,1.46026600e+01
9.55369167e+04,-6.62633300e+00,1.46033700e+01,1.46046800e+01,1.46070200e+01,1.46115400e+01,1.46242400e+01,1.46472800e+01,1.50148100e+01,1.37993000e+01,1.12971500e+01,1.37993000e+01,1.50148100e+01,1.46472800e+01,1.46242400e+01,1.46115400e+01,1.46070200e+01,1.46046800e+01,1.46033700e+01
9.88155458e+04,-6.59669800e+00,1.46041500e+01,1.46057500e+01,1.46086300e+01,1.46141800e+01,1.46300300e+01,1.46575500e+01,1.51278700e+01,1.34700100e+01,1.09531500e+01,1.34700100e+01,1.51278700e+01,1.46575500e+01,1.46300300e+01,1.46141800e+01,1.46086300e+01,1.46057500e+01,1.46041500e+01
1.01915408e+05,-6.57930500e+00,1.46049900e+01,1.46069100e+01,1.46103800e+01,1.46170400e+01,1.46362600e+01,1.46687600e+01,1.52472000e+01,1.31312500e+01,1.06159100e+01,1.31312500e+01,1.52472000e+01,1.46687600e+01,1.46362600e+01,1.46170400e+01,1.46103800e+01,1.46069100e+01,1.46049900e+01
1.04934067e+05,-6.57803000e+00,1.46059100e+01,1.46081800e+01,1.46122900e+01,1.46201700e+01,1.46430300e+01,1.46812200e+01,1.53738400e+01,1.27828300e+01,1.02880000e+01,1.27828300e+01,1.53738400e+01,1.46812200e+01,1.46430300e+01,1.46201700e+01,1.46122900e+01,1.46081800e+01,1.46059100e+01
1.07952721e+05,-6.57361100e+00,1.46069300e+01,1.46095900e+01,1.46144000e+01,1.46236300e+01,1.46504800e+01,1.46953400e+01,1.55090000e+01,1.24215000e+01,9.98851800e+00,1.24215000e+01,1.55090000e+01,1.46953400e+01,1.46504800e+01,1.46236300e+01,1.46144000e+01,1.46095900e+01,1.46069300e+01
1.10970558e+05,-6.58412800e+00,1.46080300e+01,1.46111100e+01,1.46166900e+01,1.46273900e+01,1.46585000e+01,1.47112800e+01,1.56490200e+01,1.20532200e+01,9.76648200e+00,1.20532200e+01,1.56490200e+01,1.47112800e+01,1.46585000e+01,1.46273900e+01,1.46166900e+01,1.46111100e+01,1.46080300e+01
1.14112825e+05,-6.60863600e+00,1.46092700e+01,1.46128100e+01,1.46192400e+01,1.46316100e+01,1.46674000e+01,1.47305000e+01,1.57933300e+01,1.16802400e+01,9.63096800e+00,1.16802400e+01,1.57933300e+01,1.47305000e+01,1.46674000e+01,1.46316100e+01,1.46192400e+01,1.46128100e+01,1.46092700e+01
1.17288783e+05,-6.56842800e+00,1.46106400e+01,1.46147000e+01,1.46220800e+01,1.46363400e+01,1.46772000e+01,1.47546400e+01,1.59314500e+01,1.13274500e+01,9.55212200e+00,1.13274500e+01,1.59314500e+01,1.47546400e+01,1.46772000e+01,1.46363400e+01,1.46220800e+01,1.46147000e+01,1.46106400e+01
1.20112025e+05,-6.52223400e+00,1.46120100e+01,1.46166000e+01,1.46249300e+01,1.46411400e+01,1.46869000e+01,1.47830500e+01,1.60394900e+01,1.10385800e+01,9.50175300e+00,1.10385800e+01,1.60394900e+01,1.47830500e+01,1.46869000e+01,1.46411400e+01,1.46249300e+01,1.46166000e+01,1.46120100e+01
1.22683792e+05,-6.48882100e+00,1.46134000e+01,1.46185200e+01,1.46278200e+01,1.46461000e+01,1.46966700e+01,1.48178600e+01,1.61091200e+01,1.08123900e+01,9.45721600e+00,1.08123900e+01,1.61091200e+01,1.48178600e+01,1.46966700e+01,1.46461000e+01,1.46278200e+01,1.46185200e+01,1.46134000e+01
1.25088558e+05,-6.46479900e+00,1.46148200e+01,1.46205100e+01,1.46308000e+01,1.46513100e+01,1.47066200e+01,1.48615100e+01,1.61298900e+01,1.06510500e+01,9.41173800e+00,1.06510500e+01,1.61298900e+01,1.48615100e+01,1.47066200e+01,1.46513100e+01,1.46308000e+01,1.46205100e+01,1.46148200e+01
1.27377275e+05,-6.44624200e+00,1.46163100e+01,1.46225800e+01,1.46339100e+01,1.46568900e+01,1.47169300e+01,1.49162000e+01,1.60945700e+01,1.05470600e+01,9.36763400e+00,1.05470600e+01,1.60945700e+01,1.49162000e+01,1.47169300e+01,1.46568900e+01,1.46339100e+01,1.46225800e+01,1.46163100e+01
1.29580792e+05,-6.43401300e+00,1.46178700e+01,1.46247700e+01,1.46372100e+01,1.46629200e+01,1.47278000e+01,1.49834700e+01,1.60013600e+01,1.04835900e+01,9.32885300e+00,1.04835900e+01,1.60013600e+01,1.49834700e+01,1.47278000e+01,1.46629200e+01,1.46372100e+01,1.46247700e+01,1.46178700e+01
1.31763438e+05,-6.44775200e+00,1.46195600e+01,1.46271300e+01,1.46407900e+01,1.46695900e+01,1.47395600e+01,1.50655100e+01,1.58487300e+01,1.04424100e+01,9.29615500e+00,1.04424100e+01,1.58487300e+01,1.50655100e+01,1.47395600e+01,1.46695900e+01,1.46407900e+01,1.46271300e+01,1.46195600e+01
1.34117875e+05,-6.47776000e+00,1.46214800e+01,1.46298300e+01,1.46448900e+01,1.46773600e+01,1.47530300e+01,1.51698700e+01,1.56197300e+01,1.04041700e+01,9.26607300e+00,1.04041700e+01,1.56197300e+01,1.51698700e+01,1.47530300e+01,1.46773600e+01,1.46448900e+01,1.46298300e+01,1.46214800e+01
1.36524650e+05,-6.48232500e+00,1.46234600e+01,1.46326400e+01,1.46491600e+01,1.46856300e+01,1.47671600e+01,1.52905900e+01,1.53249400e+01,1.03628000e+01,9.23279500e+00,1.03628000e+01,1.53249400e+01,1.52905900e+01,1.47671600e+01,1.46856300e+01,1.46491600e+01,1.46326400e+01,1.46234600e+01
1.38986192e+05,-6.49614000e+00,1.46254900e+01,1.46355300e+01,1.46535700e+01,1.46942800e+01,1.47818100e+01,1.54242900e+01,1.49813300e+01,1.03226900e+01,9.18765800e+00,1.03226900e+01,1.49813300e+01,1.54242900e+01,1.47818100e+01,1.46942800e+01,1.46535700e+01,1.46355300e+01,1.46254900e+01
1.41494408e+05,-6.49558600e+00,1.46275800e+01,1.46385000e+01,1.46581300e+01,1.47032800e+01,1.47970100e+01,1.55676400e+01,1.46110500e+01,1.02854100e+01,9.13679500e+00,1.02854100e+01,1.46110500e+01,1.55676400e+01,1.47970100e+01,1.47032800e+01,1.46581300e+01,1.46385000e+01,1.46275800e+01
1.44015229e+05,-6.50433300e+00,1.46297000e+01,1.46415300e+01,1.46627800e+01,1.47125100e+01,1.48126500e+01,1.57170000e+01,1.42335300e+01,1.02502000e+01,9.08630400e+00,1.02502000e+01,1.42335300e+01,1.57170000e+01,1.48126500e+01,1.47125100e+01,1.46627800e+01,1.46415300e+01,1.46297000e+01
1.46622408e+05,-6.52792400e+00,1.46318800e+01,1.46446400e+01,1.46675800e+01,1.47220500e+01,1.48288800e+01,1.58737700e+01,1.38471200e+01,1.02146600e+01,9.03088500e+00,1.02146600e+01,1.38471200e+01,1.58737700e+01,1.48288800e+01,1.47220500e+01,1.46675800e+01,1.46446400e+01,1.46318800e+01
1.49436346e+05,-6.57451400e+00,1.46340800e+01,1.46477900e+01,1.46724500e+01,1.47317900e+01,1.48455900e+01,1.60385400e+01,1.34455100e+01,1.01727400e+01,8.96373700e+00,1.01727400e+01,1.34455100e+01,1.60385400e+01,1.48455900e+01,1.47317900e+01,1.46724500e+01,1.46477900e+01,1.46340800e+01
1.52642458e+05,-6.64321400e+00,1.46363300e+01,1.46510100e+01,1.46774500e+01,1.47418400e+01,1.48631700e+01,1.62120300e+01,1.30295400e+01,1.01148300e+01,8.89091900e+00,1.01148300e+01,1.30295400e+01,1.62120300e+01,1.48631700e+01,1.47418400e+01,1.46774500e+01,1.46510100e+01,1.46363300e+01
1.56440958e+05,-6.73172300e+00,1.46387100e+01,1.46544400e+01,1.46827900e+01,1.47525500e+01,1.48826700e+01,1.63937100e+01,1.26108500e+01,1.00406600e+01,8.81801800e+00,1.00406600e+01,1.26108500e+01,1.63937100e+01,1.48826700e+01,1.47525500e+01,1.46827900e+01,1.46544400e+01,1.46387100e+01
1.60440958e+05,-6.84906800e+00,1.46410200e+01,1.46577400e+01,1.46879700e+01,1.47627900e+01,1.49028500e+01,1.65564000e+01,1.22613800e+01,9.96599200e+00,8.75038800e+00,9.96599200e+00,1.22613800e+01,1.65564000e+01,1.49028500e+01,1.47627900e+01,1.46879700e+01,1.46577400e+01,1.46410200e+01
1.64440958e+05,-6.85319300e+00,1.46431800e+01,1.46608300e+01,1.46928300e+01,1.47721900e+01,1.49237600e+01,1.66859600e+01,1.20178900e+01,9.89480500e+00,8.68613700e+00,9.89480500e+00,1.20178900e+01,1.66859600e+01,1.49237600e+01,1.47721900e+01,1.46928300e+01,1.46608300e+01,1.46431800e+01
1.68440958e+05,-6.84620200e+00,1.46452600e+01,1.46638000e+01,1.46975400e+01,1.47810700e+01,1.49467300e+01,1.67835400e+01,1.18626800e+01,9.82916600e+00,8.62371800e+00,9.82916600e+00,1.18626800e+01,1.67835400e+01,1.49467300e+01,1.47810700e+01,1.46975400e+01,1.46638000e+01,1.46452600e+01
1.72440958e+05,-6.83742600e+00,1.46473500e+01,1.46667900e+01,1.47023100e+01,1.47898500e+01,1.49734300e+01,1.68524600e+01,1.17623600e+01,9.77079400e+00,8.56411200e+00,9.77079400e+00,1.17623600e+01,1.68524600e+01,1.49734300e+01,1.47898500e+01,1.47023100e+01,1.46667900e+01,1.46473500e+01
1.76440958e+05,-6.82555400e+00,1.46495400e+01,1.46699000e+01,1.47073400e+01,1.47989000e+01,1.50058000e+01,1.68924500e+01,1.16948800e+01,9.71889500e+00,8.50794000e+00,9.71889500e+00,1.16948800e+01,1.68924500e+01,1.50058000e+01,1.47989000e+01,1.47073400e+01,1.46699000e+01,1.46495400e+01
1.80440958e+05,-6.80864000e+00,1.46519000e+01,1.46732700e+01,1.47128300e+01,1.48085800e+01,1.50461300e+01,1.68996800e+01,1.16491600e+01,9.67209700e+00,8.45509800e+00,9.67209700e+00,1.16491600e+01,1.68996800e+01,1.50461300e+01,1.48085800e+01,1.47128300e+01,1.46732700e+01,1.46519000e+01
1.84440958e+05,-6.78484400e+00,1.46545200e+01,1.46770000e+01,1.47190000e+01,1.48192400e+01,1.50970700e+01,1.68682700e+01,1.16196900e+01,9.62940800e+00,8.40530700e+00,9.62940800e+00,1.16196900e+01,1.68682700e+01,1.50970700e+01,1.48192400e+01,1.47190000e+01,1.46770000e+01,1.46545200e+01
1.88440958e+05,-6.73645600e+00,1.46574900e+01,1.46812400e+01,1.47261000e+01,1.48312900e+01,1.51616700e+01,1.67914700e+01,1.16034400e+01,9.59016100e+00,8.35843000e+00,9.59016100e+00,1.16034400e+01,1.67914700e+01,1.51616700e+01,1.48312900e+01,1.47261000e+01,1.46812400e+01,1.46574900e+01
1.92357821e+05,-6.65174500e+00,1.46608700e+01,1.46860600e+01,1.47342300e+01,1.48449200e+01,1.52415000e+01,1.66656700e+01,1.15981400e+01,9.55452600e+00,8.31534400e+00,9.55452600e+00,1.15981400e+01,1.66656700e+01,1.52415000e+01,1.48449200e+01,1.47342300e+01,1.46860600e+01,1.46608700e+01
1.95668504e+05,-6.57172800e+00,1.46642100e+01,1.46908200e+01,1.47423400e+01,1.48583500e+01,1.53253300e+01,1.65137700e+01,1.16007000e+01,9.52620300e+00,8.28119600e+00,9.52620300e+00,1.16007000e+01,1.65137700e+01,1.53253300e+01,1.48583500e+01,1.47423400e+01,1.46908200e+01,1.46642100e+01
1.98458871e+05,-6.50518500e+00,1.46674400e+01,1.46954200e+01,1.47501900e+01,1.48712800e+01,1.54097000e+01,1.63478400e+01,1.16077900e+01,9.50126500e+00,8.25318400e+00,9.50126500e+00,1.16077900e+01,1.63478400e+01,1.54097000e+01,1.48712800e+01,1.47501900e+01,1.46954200e+01,1.46674400e+01
2.00882217e+05,-6.45132300e+00,1.46705300e+01,1.46998300e+01,1.47577500e+01,1.48836500e+01,1.54936000e+01,1.61717500e+01,1.16173100e+01,9.47586900e+00,8.22750100e+00,9.47586900e+00,1.16173100e+01,1.61717500e+01,1.54936000e+01,1.48836500e+01,1.47577500e+01,1.46998300e+01,1.46705300e+01
2.03051317e+05,-6.41170400e+00,1.46734800e+01,1.47040400e+01,1.47649900e+01,1.48954000e+01,1.55762600e+01,1.59884400e+01,1.16262400e+01,9.44873500e+00,8.20156700e+00,9.44873500e+00,1.16262400e+01,1.59884400e+01,1.55762600e+01,1.48954000e+01,1.47649900e+01,1.47040400e+01,1.46734800e+01
2.05069100e+05,-6.39458900e+00,1.46763400e+01,1.47081300e+01,1.47720300e+01,1.49067600e+01,1.56583200e+01,1.58002200e+01,1.16300700e+01,9.42117700e+00,8.17450500e+00,9.42117700e+00,1.16300700e+01,1.58002200e+01,1.56583200e+01,1.49067600e+01,1.47720300e+01,1.47081300e+01,1.46763400e+01
2.07096962e+05,-6.43272400e+00,1.46792900e+01,1.47123300e+01,1.47792900e+01,1.49184800e+01,1.57445300e+01,1.56004900e+01,1.16242400e+01,9.39341600e+00,8.14501200e+00,9.39341600e+00,1.16242400e+01,1.56004900e+01,1.57445300e+01,1.49184800e+01,1.47792900e+01,1.47123300e+01,1.46792900e+01
2.09392850e+05,-6.47189000e+00,1.46826200e+01,1.47170900e+01,1.47875500e+01,1.49318600e+01,1.58449500e+01,1.53688000e+01,1.16025300e+01,9.36259500e+00,8.10898500e+00,9.36259500e+00,1.16025300e+01,1.53688000e+01,1.58449500e+01,1.49318600e+01,1.47875500e+01,1.47170900e+01,1.46826200e+01
2.11833362e+05,-6.50331500e+00,1.46860900e+01,1.47220800e+01,1.47962900e+01,1.49460900e+01,1.59545200e+01,1.51178900e+01,1.15658700e+01,9.33040600e+00,8.06970900e+00,9.33040600e+00,1.15658700e+01,1.51178900e+01,1.59545200e+01,1.49460900e+01,1.47962900e+01,1.47220800e+01,1.46860900e+01
2.14486250e+05,-6.54675200e+00,1.46898400e+01,1.47274800e+01,1.48058000e+01,1.49616600e+01,1.60761600e+01,1.48440300e+01,1.15204500e+01,9.29539100e+00,8.03020000e+00,9.29539100e+00,1.15204500e+01,1.48440300e+01,1.60761600e+01,1.49616600e+01,1.48058000e+01,1.47274800e+01,1.46898400e+01
2.17512133e+05,-6.63356700e+00,1.46940700e+01,1.47336100e+01,1.48166500e+01,1.49795600e+01,1.62168200e+01,1.45362200e+01,1.14721200e+01,9.25478100e+00,7.99034900e+00,9.25478100e+00,1.14721200e+01,1.45362200e+01,1.62168200e+01,1.49795600e+01,1.48166500e+01,1.47336100e+01,1.46940700e+01
2.21343025e+05,-6.73492200e+00,1.46992500e+01,1.47411500e+01,1.48300700e+01,1.50020300e+01,1.63941100e+01,1.41637700e+01,1.14206500e+01,9.20168000e+00,7.94408200e+00,9.20168000e+00,1.14206500e+01,1.41637700e+01,1.63941100e+01,1.50020300e+01,1.48300700e+01,1.47411500e+01,1.46992500e+01
2.25343025e+05,-6.72556800e+00,1.47044400e+01,1.47487500e+01,1.48437300e+01,1.50253900e+01,1.65779900e+01,1.37935000e+01,1.13770500e+01,9.14816900e+00,7.89688400e+00,9.14816900e+00,1.13770500e+01,1.37935000e+01,1.65779900e+01,1.50253900e+01,1.48437300e+01,1.47487500e+01,1.47044400e+01
2.29343025e+05,-6.72466100e+00,1.47094900e+01,1.47561800e+01,1.48571100e+01,1.50491100e+01,1.67569800e+01,1.34535000e+01,1.13370500e+01,9.10031200e+00,7.84968000e+00,9.10031200e+00,1.13370500e+01,1.34535000e+01,1.67569800e+01,1.50491100e+01,1.48571100e+01,1.47561800e+01,1.47094900e+01
2.33343025e+05,-6.72893000e+00,1.47144500e+01,1.47635000e+01,1.48702500e+01,1.50736900e+01,1.69252600e+01,1.31596200e+01,1.12964400e+01,9.05685500e+00,7.80304400e+00,9.05685500e+00,1.12964400e+01,1.31596200e+01,1.69252600e+01,1.50736900e+01,1.48702500e+01,1.47635000e+01,1.47144500e+01
2.37343025e+05,-6.73328800e+00,1.47193400e+01,1.47707500e+01,1.48831200e+01,1.50997600e+01,1.70755500e+01,1.29297100e+01,1.12539500e+01,9.01517400e+00,7.75747100e+00,9.01517400e+00,1.12539500e+01,1.29297100e+01,1.70755500e+01,1.50997600e+01,1.48831200e+01,1.47707500e+01,1.47193400e+01
2.41343025e+05,-6.73589700e+00,1.47241700e+01,1.47779600e+01,1.48957700e+01,1.51283300e+01,1.72024600e+01,1.27677800e+01,1.12115300e+01,8.97382600e+00,7.71301300e+00,8.97382600e+00,1.12115300e+01,1.27677800e+01,1.72024600e+01,1.51283300e+01,1.48957700e+01,1.47779600e+01,1.47241700e+01
2.45343025e+05,-6.73470200e+00,1.47290300e+01,1.47852600e+01,1.49083900e+01,1.51609100e+01,1.73032100e+01,1.26594400e+01,1.11720600e+01,8.93291000e+00,7.66973600e+00,8.93291000e+00,1.11720600e+01,1.26594400e+01,1.73032100e+01,1.51609100e+01,1.49083900e+01,1.47852600e+01,1.47290300e+01
2.49343025e+05,-6.72249300e+00,1.47339900e+01,1.47927900e+01,1.49212500e+01,1.51995300e+01,1.73739400e+01,1.25879600e+01,1.11363900e+01,8.89306800e+00,7.62778500e+00,8.89306800e+00,1.11363900e+01,1.25879600e+01,1.73739400e+01,1.51995300e+01,1.49212500e+01,1.47927900e+01,1.47339900e+01
2.53343025e+05,-6.71239100e+00,1.47391400e+01,1.48007100e+01,1.49345900e+01,1.52467000e+01,1.74077900e+01,1.25426100e+01,1.11037200e+01,8.85467300e+00,7.58720700e+00,8.85467300e+00,1.11037200e+01,1.25426100e+01,1.74077900e+01,1.52467000e+01,1.49345900e+01,1.48007100e+01,1.47391400e+01
2.57343025e+05,-6.70897900e+00,1.47445400e+01,1.48091300e+01,1.49486100e+01,1.53051900e+01,1.73951600e+01,1.25179400e+01,1.10723500e+01,8.81755200e+00,7.54769400e+00,8.81755200e+00,1.10723500e+01,1.25179400e+01,1.73951600e+01,1.53051900e+01,1.49486100e+01,1.48091300e+01,1.47445400e+01
2.61343025e+05,-6.73471100e+00,1.47501500e+01,1.48180400e+01,1.49632200e+01,1.53772100e+01,1.73241300e+01,1.25118600e+01,1.10384800e+01,8.78051000e+00,7.50803800e+00,8.78051000e+00,1.10384800e+01,1.25118600e+01,1.73241300e+01,1.53772100e+01,1.49632200e+01,1.48180400e+01,1.47501500e+01
2.65343025e+05,-6.83170700e+00,1.47557500e+01,1.48271100e+01,1.49778300e+01,1.54624100e+01,1.71835100e+01,1.25239200e+01,1.09954800e+01,8.74085400e+00,7.46610100e+00,8.74085400e+00,1.09954800e+01,1.25239200e+01,1.71835100e+01,1.54624100e+01,1.49778300e+01,1.48271100e+01,1.47557500e+01
2.69343025e+05,-6.91223900e+00,1.47610900e+01,1.48359300e+01,1.49917700e+01,1.55570300e+01,1.69788900e+01,1.25464300e+01,1.09440000e+01,8.69681700e+00,7.42125500e+00,8.69681700e+00,1.09440000e+01,1.25464300e+01,1.69788900e+01,1.55570300e+01,1.49917700e+01,1.48359300e+01,1.47610900e+01
2.73343025e+05,-6.89799300e+00,1.47662100e+01,1.48444900e+01,1.50051300e+01,1.56570200e+01,1.67367400e+01,1.25624900e+01,1.08946900e+01,8.65075200e+00,7.37553400e+00,8.65075200e+00,1.08946900e+01,1.25624900e+01,1.67367400e+01,1.56570200e+01,1.50051300e+01,1.48444900e+01,1.47662100e+01
2.77343025e+05,-6.89675900e+00,1.47712200e+01,1.48529400e+01,1.50182800e+01,1.57602000e+01,1.64799600e+01,1.25617100e+01,1.08531300e+01,8.60624000e+00,7.33126900e+00,8.60624000e+00,1.08531300e+01,1.25617100e+01,1.64799600e+01,1.57602000e+01,1.50182800e+01,1.48529400e+01,1.47712200e+01
2.81343025e+05,-6.90110800e+00,1.47762500e+01,1.48614300e+01,1.50315300e+01,1.58658100e+01,1.62199400e+01,1.25439900e+01,1.08186300e+01,8.56511200e+00,7.28968700e+00,8.56511200e+00,1.08186300e+01,1.25439900e+01,1.62199400e+01,1.58658100e+01,1.50315300e+01,1.48614300e+01,1.47762500e+01
2.85343025e+05,-6.90814900e+00,1.47813600e+01,1.48700700e+01,1.50450700e+01,1.59737200e+01,1.59613800e+01,1.25147600e+01,1.07887600e+01,8.52758300e+00,7.25101700e+00,8.52758300e+00,1.07887600e+01,1.25147600e+01,1.59613800e+01,1.59737200e+01,1.50450700e+01,1.48700700e+01,1.47813600e+01
2.89343025e+05,-6.86302000e+00,1.47866300e+01,1.48789500e+01,1.50590500e+01,1.60839800e+01,1.57062400e+01,1.24806700e+01,1.07614600e+01,8.49312700e+00,7.21496000e+00,8.49312700e+00,1.07614600e+01,1.24806700e+01,1.57062400e+01,1.60839800e+01,1.50590500e+01,1.48789500e+01,1.47866300e+01
2.93343025e+05,-6.80486600e+00,1.47921000e+01,1.48881400e+01,1.50736000e+01,1.61967200e+01,1.54556700e+01,1.24469000e+01,1.07355500e+01,8.46105200e+00,7.18104900e+00,8.46105200e+00,1.07355500e+01,1.24469000e+01,1.54556700e+01,1.61967200e+01,1.50736000e+01,1.48881400e+01,1.47921000e+01
2.97343025e+05,-6.74625100e+00,1.47978500e+01,1.48977400e+01,1.50888800e+01,1.63121500e+01,1.52105300e+01,1.24163500e+01,1.07106200e+01,8.43078300e+00,7.14883800e+00,8.43078300e+00,1.07106200e+01,1.24163500e+01,1.52105300e+01,1.63121500e+01,1.50888800e+01,1.48977400e+01,1.47978500e+01
3.01338283e+05,-6.68639800e+00,1.48039200e+01,1.49078300e+01,1.51050600e+01,1.64304400e+01,1.49717100e+01,1.23900000e+01,1.06867300e+01,8.40197600e+00,7.11802600e+00,8.40197600e+00,1.06867300e+01,1.23900000e+01,1.49717100e+01,1.64304400e+01,1.51050600e+01,1.49078300e+01,1.48039200e+01
3.04987088e+05,-6.62336100e+00,1.48098600e+01,1.49176300e+01,1.51209100e+01,1.65420100e+01,1.47577500e+01,1.23698500e+01,1.06660500e+01,8.37678400e+00,7.09086300e+00,8.37678400e+00,1.06660500e+01,1.23698500e+01,1.47577500e+01,1.65420100e+01,1.51209100e+01,1.49176300e+01,1.48098600e+01
3.08165158e+05,-6.56727600e+00,1.48154300e+01,1.49267600e+01,1.51358000e+01,1.66426200e+01,1.45742500e+01,1.23550800e+01,1.06491400e+01,8.35575600e+00,7.06796700e+00,8.35575600e+00,1.06491400e+01,1.23550800e+01,1.45742500e+01,1.66426200e+01,1.51358000e+01,1.49267600e+01,1.48154300e+01
3.10974850e+05,-6.51767800e+00,1.48207400e+01,1.49354000e+01,1.51500200e+01,1.67345400e+01,1.44146700e+01,1.23437700e+01,1.06351800e+01,8.33798100e+00,7.04841700e+00,8.33798100e+00,1.06351800e+01,1.23437700e+01,1.44146700e+01,1.67345400e+01,1.51500200e+01,1.49354000e+01,1.48207400e+01
3.13506362e+05,-6.48095700e+00,1.48259000e+01,1.49437300e+01,1.51638600e+01,1.68199800e+01,1.42733600e+01,1.23348100e+01,1.06234500e+01,8.32272600e+00,7.03145700e+00,8.32272600e+00,1.06234500e+01,1.23348100e+01,1.42733600e+01,1.68199800e+01,1.51638600e+01,1.49437300e+01,1.48259000e+01
3.15905904e+05,-6.48486500e+00,1.48311500e+01,1.49521700e+01,1.51780500e+01,1.69033400e+01,1.41420700e+01,1.23271700e+01,1.06130500e+01,8.30892400e+00,7.01597700e+00,8.30892400e+00,1.06130500e+01,1.23271700e+01,1.41420700e+01,1.69033400e+01,1.51780500e+01,1.49521700e+01,1.48311500e+01
3.18383346e+05,-6.47969300e+00,1.48369500e+01,1.49614400e+01,1.51938600e+01,1.69915600e+01,1.40100000e+01,1.23196200e+01,1.06026500e+01,8.29497200e+00,7.00036600e+00,8.29497200e+00,1.06026500e+01,1.23196200e+01,1.40100000e+01,1.69915600e+01,1.51938600e+01,1.49614400e+01,1.48369500e+01
3.20763833e+05,-6.46964900e+00,1.48428900e+01,1.49709000e+01,1.52103200e+01,1.70785700e+01,1.38861700e+01,1.23126700e+01,1.05926000e+01,8.28136100e+00,6.98540300e+00,8.28136100e+00,1.05926000e+01,1.23126700e+01,1.38861700e+01,1.70785700e+01,1.52103200e+01,1.49709000e+01,1.48428900e+01
3.23150596e+05,-6.49031500e+00,1.48492100e+01,1.49809500e+01,1.52282300e+01,1.71675400e+01,1.37661700e+01,1.23055500e+01,1.05821100e+01,8.26717600e+00,6.97014200e+00,8.26717600e+00,1.05821100e+01,1.23055500e+01,1.37661700e+01,1.71675400e+01,1.52282300e+01,1.49809500e+01,1.48492100e+01
3.25829050e+05,-6.57018700e+00,1.48566400e+01,1.49927600e+01,1.52500500e+01,1.72678100e+01,1.36387500e+01,1.22961600e+01,1.05688500e+01,8.25006600e+00,6.95169700e+00,8.25006600e+00,1.05688500e+01,1.22961600e+01,1.36387500e+01,1.72678100e+01,1.52500500e+01,1.49927600e+01,1.48566400e+01
3.28736671e+05,-6.55479300e+00,1.48649200e+01,1.50059500e+01,1.52757800e+01,1.73745600e+01,1.35111800e+01,1.22829900e+01,1.05511100e+01,8.22915300e+00,6.92844600e+00,8.22915300e+00,1.05511100e+01,1.22829900e+01,1.35111800e+01,1.73745600e+01,1.52757800e+01,1.50059500e+01,1.48649200e+01
3.31644429e+05,-6.57163500e+00,1.48732500e+01,1.50192600e+01,1.53038200e+01,1.74749100e+01,1.33977400e+01,1.22650000e+01,1.05293100e+01,8.20506300e+00,6.90167100e+00,8.20506300e+00,1.05293100e+01,1.22650000e+01,1.33977400e+01,1.74749100e+01,1.53038200e+01,1.50192600e+01,1.48732500e+01
3.34721896e+05,-6.60466600e+00,1.48818800e+01,1.50330900e+01,1.53362000e+01,1.75662700e+01,1.32973400e+01,1.22389100e+01,1.05025500e+01,8.17572700e+00,6.87084700e+00,8.17572700e+00,1.05025500e+01,1.22389100e+01,1.32973400e+01,1.75662700e+01,1.53362000e+01,1.50330900e+01,1.48818800e+01
3.38067237e+05,-6.64347500e+00,1.48910200e+01,1.50477000e+01,1.53755200e+01,1.76396200e+01,1.32126500e+01,1.22054700e+01,1.04710200e+01,8.14129200e+00,6.83661500e+00,8.14129200e+00,1.04710200e+01,1.22054700e+01,1.32126500e+01,1.76396200e+01,1.53755200e+01,1.50477000e+01,1.48910200e+01
3.41721017e+05,-6.68028300e+00,1.49008400e+01,1.50633100e+01,1.54252400e+01,1.76802800e+01,1.31465600e+01,1.21691400e+01,1.04358200e+01,8.10403400e+00,6.80044200e+00,8.10403400e+00,1.04358200e+01,1.21691400e+01,1.31465600e+01,1.76802800e+01,1.54252400e+01,1.50633100e+01,1.49008400e+01
3.45660796e+05,-6.71258400e+00,1.49114000e+01,1.50799300e+01,1.54890200e+01,1.76689100e+01,1.31016300e+01,1.21332200e+01,1.03989700e+01,8.06643500e+00,6.76386200e+00,8.06643500e+00,1.03989700e+01,1.21332200e+01,1.31016300e+01,1.76689100e+01,1.54890200e+01,1.50799300e+01,1.49114000e+01
3.49660796e+05,-6.75230600e+00,1.49221400e+01,1.50965900e+01,1.55657900e+01,1.75900500e+01,1.30810200e+01,1.20972600e+01,1.03633000e+01,8.03102500e+00,6.72900100e+00,8.03102500e+00,1.03633000e+01,1.20972600e+01,1.30810200e+01,1.75900500e+01,1.55657900e+01,1.50965900e+01,1.49221400e+01
3.53660796e+05,-6.83485600e+00,1.49327200e+01,1.51127200e+01,1.56531000e+01,1.74439400e+01,1.30806800e+01,1.20582600e+01,1.03282900e+01,7.99718700e+00,6.69545900e+00,7.99718700e+00,1.03282900e+01,1.20582600e+01,1.30806800e+01,1.74439400e+01,1.56531000e+01,1.51127200e+01,1.49327200e+01
3.57660796e+05,-6.95215900e+00,1.49430600e+01,1.51282800e+01,1.57478200e+01,1.72495600e+01,1.30880800e+01,1.20202900e+01,1.02938300e+01,7.96399000e+00,6.66254300e+00,7.96399000e+00,1.02938300e+01,1.20202900e+01,1.30880800e+01,1.72495600e+01,1.57478200e+01,1.51282800e+01,1.49430600e+01
3.61660796e+05,-6.93872400e+00,1.49532000e+01,1.51434700e+01,1.58473900e+01,1.70292100e+01,1.30918000e+01,1.19863500e+01,1.02590700e+01,7.93813800e+00,6.64761800e+00,7.93813800e+00,1.02590700e+01,1.19863500e+01,1.30918000e+01,1.70292100e+01,1.58473900e+01,1.51434700e+01,1.49532000e+01
3.65660796e+05,-6.90843900e+00,1.49627700e+01,1.51578900e+01,1.59492400e+01,1.67961500e+01,1.30836000e+01,1.19474600e+01,1.02241100e+01,7.96458900e+00,6.70837700e+00,7.96458900e+00,1.02241100e+01,1.19474600e+01,1.30836000e+01,1.67961500e+01,1.59492400e+01,1.51578900e+01,1.49627700e+01
3.69660796e+05,-6.88757300e+00,1.49719500e+01,1.51717800e+01,1.60523200e+01,1.65593900e+01,1.30650300e+01,1.19102400e+01,1.02071600e+01,8.00982000e+00,6.76341600e+00,8.00982000e+00,1.02071600e+01,1.19102400e+01,1.30650300e+01,1.65593900e+01,1.60523200e+01,1.51717800e+01,1.49719500e+01
3.73660796e+05,-6.87425200e+00,1.49808700e+01,1.51853700e+01,1.61559900e+01,1.63243300e+01,1.30407900e+01,1.18791200e+01,1.02053300e+01,8.05588700e+00,6.80612800e+00,8.05588700e+00,1.02053300e+01,1.18791200e+01,1.30407900e+01,1.63243300e+01,1.61559900e+01,1.51853700e+01,1.49808700e+01
3.77660796e+05,-6.86663000e+00,1.49896000e+01,1.51987600e+01,1.62597000e+01,1.60943000e+01,1.30149700e+01,1.18545700e+01,1.02136100e+01,8.09870300e+00,6.84027400e+00,8.09870300e+00,1.02136100e+01,1.18545700e+01,1.30149700e+01,1.60943000e+01,1.62597000e+01,1.51987600e+01,1.49896000e+01
3.81660796e+05,-6.86318300e+00,1.49981800e+01,1.52120300e+01,1.63629500e+01,1.58714700e+01,1.29901600e+01,1.18358200e+01,1.02285500e+01,8.13766700e+00,6.86875800e+00,8.13766700e+00,1.02285500e+01,1.18358200e+01,1.29901600e+01,1.58714700e+01,1.63629500e+01,1.52120300e+01,1.49981800e+01
3.85660796e+05,-6.86278900e+00,1.50066500e+01,1.52252400e+01,1.64652900e+01,1.56572800e+01,1.29675700e+01,1.18219600e+01,1.02479500e+01,8.17307800e+00,6.89339700e+00,8.17307800e+00,1.02479500e+01,1.18219600e+01,1.29675700e+01,1.56572800e+01,1.64652900e+01,1.52252400e+01,1.50066500e+01
3.89660796e+05,-6.86478800e+00,1.50150100e+01,1.52384400e+01,1.65663100e+01,1.54525300e+01,1.29475000e+01,1.18122200e+01,1.02703800e+01,8.20542300e+00,6.91532100e+00,8.20542300e+00,1.02703800e+01,1.18122200e+01,1.29475000e+01,1.54525300e+01,1.65663100e+01,1.52384400e+01,1.50150100e+01
3.93660796e+05,-6.86923200e+00,1.50232800e+01,1.52516800e+01,1.66656400e+01,1.52575800e+01,1.29298300e+01,1.18059700e+01,1.02949000e+01,8.23517700e+00,6.93525600e+00,8.23517700e+00,1.02949000e+01,1.18059700e+01,1.29298300e+01,1.52575800e+01,1.66656400e+01,1.52516800e+01,1.50232800e+01
3.97660796e+05,-6.87767500e+00,1.50314700e+01,1.52650100e+01,1.67628800e+01,1.50724600e+01,1.29142000e+01,1.18026900e+01,1.03208300e+01,8.26274200e+00,6.95368000e+00,8.26274200e+00,1.03208300e+01,1.18026900e+01,1.29142000e+01,1.50724600e+01,1.67628800e+01,1.52650100e+01,1.50314700e+01
4.01660796e+05,-6.89505500e+00,1.50395700e+01,1.52784800e+01,1.68575600e+01,1.48969700e+01,1.29001800e+01,1.18019200e+01,1.03476700e+01,8.28842900e+00,6.97090300e+00,8.28842900e+00,1.03476700e+01,1.18019200e+01,1.29001800e+01,1.48969700e+01,1.68575600e+01,1.52784800e+01,1.50395700e+01
4.05660796e+05,-6.93191600e+00,1.50475600e+01,1.52921100e+01,1.69490200e+01,1.47307500e+01,1.28872000e+01,1.18031800e+01,1.03749200e+01,8.31243600e+00,6.98709300e+00,8.31243600e+00,1.03749200e+01,1.18031800e+01,1.28872000e+01,1.47307500e+01,1.69490200e+01,1.52921100e+01,1.50475600e+01
4.09660796e+05,-6.97872800e+00,1.50553600e+01,1.53058900e+01,1.70363500e+01,1.45734500e+01,1.28745300e+01,1.18059900e+01,1.04020600e+01,8.33483200e+00,7.00229400e+00,8.33483200e+00,1.04020600e+01,1.18059900e+01,1.28745300e+01,1.45734500e+01,1.70363500e+01,1.53058900e+01,1.50553600e+01
4.13660796e+05,-6.99958900e+00,1.50629000e+01,1.53197800e+01,1.71184100e+01,1.44248400e+01,1.28615200e+01,1.18099300e+01,1.04285700e+01,8.35563300e+00,7.01649600e+00,8.35563300e+00,1.04285700e+01,1.18099300e+01,1.28615200e+01,1.44248400e+01,1.71184100e+01,1.53197800e+01,1.50629000e+01
4.17660796e+05,-7.02990200e+00,1.50701500e+01,1.53338800e+01,1.71941300e+01,1.42848800e+01,1.28479800e+01,1.18147700e+01,1.04541400e+01,8.37490700e+00,7.02973400e+00,8.37490700e+00,1.04541400e+01,1.18147700e+01,1.28479800e+01,1.42848800e+01,1.71941300e+01,1.53338800e+01,1.50701500e+01
4.21660796e+05,-7.07325000e+00,1.50771200e+01,1.53483600e+01,1.72626600e+01,1.41535600e+01,1.28341800e+01,1.18204300e+01,1.04786900e+01,8.39278600e+00,7.04209300e+00,8.39278600e+00,1.04786900e+01,1.18204300e+01,1.28341800e+01,1.41535600e+01,1.72626600e+01,1.53483600e+01,1.50771200e+01
4.25660796e+05,-7.09940000e+00,1.50838700e+01,1.53634300e+01,1.73232800e+01,1.40309000e+01,1.28205300e+01,1.18267700e+01,1.05022100e+01,8.40940600e+00,7.05366000e+00,8.40940600e+00,1.05022100e+01,1.18267700e+01,1.28205300e+01,1.40309000e+01,1.73232800e+01,1.53634300e+01,1.50838700e+01
4.29660796e+05,-7.11576400e+00,1.50904000e+01,1.53793100e+01,1.73753000e+01,1.39170000e+01,1.28073600e+01,1.18336300e+01,1.05247500e+01,8.42488900e+00,7.06451000e+00,8.42488900e+00,1.05247500e+01,1.18336300e+01,1.28073600e+01,1.39170000e+01,1.73753000e+01,1.53793100e+01,1.50904000e+01
4.33660796e+05,-7.09503900e+00,1.50967700e+01,1.53962400e+01,1.74180100e+01,1.38121300e+01,1.27948700e+01,1.18408800e+01,1.05463700e+01,8.43935500e+00,7.07472000e+00,8.43935500e+00,1.05463700e+01,1.18408800e+01,1.27948700e+01,1.38121300e+01,1.74180100e+01,1.53962400e+01,1.50967700e+01
4.37660796e+05,-7.07509300e+00,1.51029900e+01,1.54144500e+01,1.74507300e+01,1.37166900e+01,1.27831800e+01,1.18484200e+01,1.05671400e+01,8.45292600e+00,7.08437500e+00,8.45292600e+00,1.05671400e+01,1.18484200e+01,1.27831800e+01,1.37166900e+01,1.74507300e+01,1.54144500e+01,1.51029900e+01
4.41660796e+05,-7.05577000e+00,1.51091100e+01,1.54341700e+01,1.74728500e+01,1.36310500e+01,1.27722900e+01,1.18561700e+01,1.05871200e+01,8.46572100e+00,7.09355700e+00,8.46572100e+00,1.05871200e+01,1.18561700e+01,1.27722900e+01,1.36310500e+01,1.74728500e+01,1.54341700e+01,1.51091100e+01
4.45660796e+05,-7.03690800e+00,1.51151500e+01,1.54556000e+01,1.74838800e+01,1.35554000e+01,1.27622000e+01,1.18640800e+01,1.06063900e+01,8.47784600e+00,7.10234300e+00,8.47784600e+00,1.06063900e+01,1.18640800e+01,1.27622000e+01,1.35554000e+01,1.74838800e+01,1.54556000e+01,1.51151500e+01
4.49660796e+05,-7.01834300e+00,1.51211400e+01,1.54789000e+01,1.74835100e+01,1.34896600e+01,1.27528900e+01,1.18721300e+01,1.06250100e+01,8.48939600e+00,7.11079600e+00,8.48939600e+00,1.06250100e+01,1.18721300e+01,1.27528900e+01,1.34896600e+01,1.74835100e+01,1.54789000e+01,1.51211400e+01
4.53660796e+05,-6.99992400e+00,1.51271000e+01,1.55042000e+01,1.74716400e+01,1.34334800e+01,1.27443300e+01,1.18802800e+01,1.06430300e+01,8.50044900e+00,7.11897400e+00,8.50044900e+00,1.06430300e+01,1.18802800e+01,1.27443300e+01,1.34334800e+01,1.74716400e+01,1.55042000e+01,1.51271000e+01
4.57660796e+05,-6.98153900e+00,1.51330600e+01,1.55315700e+01,1.74483800e+01,1.33862300e+01,1.27364800e+01,1.18885300e+01,1.06605000e+01,8.51107700e+00,7.12692100e+00,8.51107700e+00,1.06605000e+01,1.18885300e+01,1.27364800e+01,1.33862300e+01,1.74483800e+01,1.55315700e+01,1.51330600e+01
4.61660796e+05,-6.96318100e+00,1.51390100e+01,1.55610300e+01,1.74140200e+01,1.33471700e+01,1.27292300e+01,1.18968700e+01,1.06774800e+01,8.52133600e+00,7.13467900e+00,8.52133600e+00,1.06774800e+01,1.18968700e+01,1.27292300e+01,1.33471700e+01,1.74140200e+01,1.55610300e+01,1.51390100e+01
4.65660796e+05,-6.94511200e+00,1.51449800e+01,1.55925200e+01,1.73690300e+01,1.33155100e+01,1.27224500e+01,1.19052600e+01,1.06940000e+01,8.53127700e+00,7.14227800e+00,8.53127700e+00,1.06940000e+01,1.19052600e+01,1.27224500e+01,1.33155100e+01,1.73690300e+01,1.55925200e+01,1.51449800e+01
4.69660796e+05,-6.92828200e+00,1.51509500e+01,1.56259200e+01,1.73140600e+01,1.32904600e+01,1.27159400e+01,1.19136800e+01,1.07100700e+01,8.54094000e+00,7.14974600e+00,8.54094000e+00,1.07100700e+01,1.19136800e+01,1.27159400e+01,1.32904600e+01,1.73140600e+01,1.56259200e+01,1.51509500e+01
4.73660796e+05,-6.91538300e+00,1.51569200e+01,1.56610500e+01,1.72499600e+01,1.32712300e+01,1.27095400e+01,1.19220800e+01,1.07257400e+01,8.55035700e+00,7.15710200e+00,8.55035700e+00,1.07257400e+01,1.19220800e+01,1.27095400e+01,1.32712300e+01,1.72499600e+01,1.56610500e+01,1.51569200e+01
4.77660796e+05,-6.91303900e+00,1.51628800e+01,1.56976900e+01,1.71778000e+01,1.32570200e+01,1.27031400e+01,1.19304100e+01,1.07410100e+01,8.55955100e+00,7.16435900e+00,8.55955100e+00,1.07410100e+01,1.19304100e+01,1.27031400e+01,1.32570200e+01,1.71778000e+01,1.56976900e+01,1.51628800e+01
4.81660796e+05,-6.93367400e+00,1.51688300e+01,1.57355900e+01,1.70988300e+01,1.32470000e+01,1.26967200e+01,1.19386200e+01,1.07558800e+01,8.56853100e+00,7.17151400e+00,8.56853100e+00,1.07558800e+01,1.19386200e+01,1.26967200e+01,1.32470000e+01,1.70988300e+01,1.57355900e+01,1.51688300e+01
4.85660796e+05,-6.92795500e+00,1.51747400e+01,1.57744700e+01,1.70143800e+01,1.32403100e+01,1.26903500e+01,1.19466700e+01,1.07703500e+01,8.57728100e+00,7.17854600e+00,8.57728100e+00,1.07703500e+01,1.19466700e+01,1.26903500e+01,1.32403100e+01,1.70143800e+01,1.57744700e+01,1.51747400e+01
4.89660796e+05,-6.93553500e+00,1.51806200e+01,1.58140900e+01,1.69257900e+01,1.32361600e+01,1.26841400e+01,1.19545000e+01,1.07843800e+01,8.58577700e+00,7.18542200e+00,8.58577700e+00,1.07843800e+01,1.19545000e+01,1.26841400e+01,1.32361600e+01,1.69257900e+01,1.58140900e+01,1.51806200e+01
4.93660796e+05,-6.96216500e+00,1.51864400e+01,1.58542200e+01,1.68343100e+01,1.32338300e+01,1.26782500e+01,1.19621200e+01,1.07979700e+01,8.59400200e+00,7.19211600e+00,8.59400200e+00,1.07979700e+01,1.19621200e+01,1.26782500e+01,1.32338300e+01,1.68343100e+01,1.58542200e+01,1.51864400e+01
4.97660796e+05,-7.01410800e+00,1.51922100e+01,1.58946600e+01,1.67410300e+01,1.32327200e+01,1.26727800e+01,1.19695000e+01,1.08111000e+01,8.60193800e+00,7.19860200e+00,8.60193800e+00,1.08111000e+01,1.19695000e+01,1.26727800e+01,1.32327200e+01,1.67410300e+01,1.58946600e+01,1.51922100e+01
5.01660796e+05,-7.08541500e+00,1.51979100e+01,1.59352400e+01,1.66468600e+01,1.32323400e+01,1.26678100e+01,1.19766500e+01,1.08237600e+01,8.60956400e+00,7.20485100e+00,8.60956400e+00,1.08237600e+01,1.19766500e+01,1.26678100e+01,1.32323400e+01,1.66468600e+01,1.59352400e+01,1.51979100e+01
5.05660796e+05,-7.09497100e+00,1.52035500e+01,1.59758200e+01,1.65525200e+01,1.32323200e+01,1.26634000e+01,1.19835900e+01,1.08359500e+01,8.61686900e+00,7.21084900e+00,8.61686900e+00,1.08359500e+01,1.19835900e+01,1.26634000e+01,1.32323200e+01,1.65525200e+01,1.59758200e+01,1.52035500e+01
5.09660796e+05,-7.11097500e+00,1.52091300e+01,1.60163100e+01,1.64586100e+01,1.32324200e+01,1.26595700e+01,1.19903400e+01,1.08476900e+01,8.62387300e+00,7.21660600e+00,8.62387300e+00,1.08476900e+01,1.19903400e+01,1.26595700e+01,1.32324200e+01,1.64586100e+01,1.60163100e+01,1.52091300e+01
5.13660796e+05,-7.13039100e+00,1.52146700e+01,1.60566200e+01,1.63655800e+01,1.32324600e+01,1.26563700e+01,1.19969600e+01,1.08590300e+01,8.63060600e+00,7.22214900e+00,8.63060600e+00,1.08590300e+01,1.19969600e+01,1.26563700e+01,1.32324600e+01,1.63655800e+01,1.60566200e+01,1.52146700e+01
5.17660796e+05,-7.15094600e+00,1.52201800e+01,1.60966900e+01,1.62737600e+01,1.32323500e+01,1.26537800e+01,1.20034900e+01,1.08700000e+01,8.63710300e+00,7.22750800e+00,8.63710300e+00,1.08700000e+01,1.20034900e+01,1.26537800e+01,1.32323500e+01,1.62737600e+01,1.60966900e+01,1.52201800e+01
5.21660796e+05,-7.17126000e+00,1.52256700e+01,1.61364900e+01,1.61834200e+01,1.32320200e+01,1.26517900e+01,1.20099700e+01,1.08806400e+01,8.64339400e+00,7.23270900e+00,8.64339400e+00,1.08806400e+01,1.20099700e+01,1.26517900e+01,1.32320200e+01,1.61834200e+01,1.61364900e+01,1.52256700e+01
5.25660796e+05,-7.19060700e+00,1.52311600e+01,1.61759700e+01,1.60947200e+01,1.32314400e+01,1.26503800e+01,1.20164200e+01,1.08909800e+01,8.64950400e+00,7.23777200e+00,8.64950400e+00,1.08909800e+01,1.20164200e+01,1.26503800e+01,1.32314400e+01,1.60947200e+01,1.61759700e+01,1.52311600e+01
5.29660796e+05,-7.20868200e+00,1.52366400e+01,1.62150900e+01,1.60077800e+01,1.32306100e+01,1.26495200e+01,1.20228700e+01,1.09010400e+01,8.65545200e+00,7.24271500e+00,8.65545200e+00,1.09010400e+01,1.20228700e+01,1.26495200e+01,1.32306100e+01,1.60077800e+01,1.62150900e+01,1.52366400e+01
5.33660796e+05,-7.22544100e+00,1.52421300e+01,1.62538300e+01,1.59226800e+01,1.32295300e+01,1.26491800e+01,1.20293500e+01,1.09108600e+01,8.66125600e+00,7.24755100e+00,8.66125600e+00,1.09108600e+01,1.20293500e+01,1.26491800e+01,1.32295300e+01,1.59226800e+01,1.62538300e+01,1.52421300e+01
5.37660796e+05,-7.24102800e+00,1.52476400e+01,1.62921600e+01,1.58394600e+01,1.32282400e+01,1.26493000e+01,1.20358500e+01,1.09204500e+01,8.66693100e+00,7.25229100e+00,8.66693100e+00,1.09204500e+01,1.20358500e+01,1.26493000e+01,1.32282400e+01,1.58394600e+01,1.62921600e+01,1.52476400e+01
5.41660796e+05,-7.25573900e+00,1.52531800e+01,1.63300500e+01,1.57581400e+01,1.32267400e+01,1.26498600e+01,1.20423900e+01,1.09298200e+01,8.67248800e+00,7.25694700e+00,8.67248800e+00,1.09298200e+01,1.20423900e+01,1.26498600e+01,1.32267400e+01,1.57581400e+01,1.63300500e+01,1.52531800e+01
5.45660796e+05,-7.27000900e+00,1.52587500e+01,1.63674800e+01,1.56787100e+01,1.32250900e+01,1.26508200e+01,1.20489800e+01,1.09390000e+01,8.67793900e+00,7.26152600e+00,8.67793900e+00,1.09390000e+01,1.20489800e+01,1.26508200e+01,1.32250900e+01,1.56787100e+01,1.63674800e+01,1.52587500e+01
5.49660796e+05,-7.28442500e+00,1.52643600e+01,1.64044200e+01,1.56011500e+01,1.32233000e+01,1.26521500e+01,1.20556200e+01,1.09480000e+01,8.68329200e+00,7.26603300e+00,8.68329200e+00,1.09480000e+01,1.20556200e+01,1.26521500e+01,1.32233000e+01,1.56011500e+01,1.64044200e+01,1.52643600e+01
5.53660796e+05,-7.29972900e+00,1.52700200e+01,1.64408500e+01,1.55254600e+01,1.32214100e+01,1.26538100e+01,1.20623200e+01,1.09568300e+01,8.68855300e+00,7.27047500e+00,8.68855300e+00,1.09568300e+01,1.20623200e+01,1.26538100e+01,1.32214100e+01,1.55254600e+01,1.64408500e+01,1.52700200e+01
5.57660796e+05,-7.31680000e+00,1.52757400e+01,1.64767300e+01,1.54515800e+01,1.32194500e+01,1.26557700e+01,1.20690700e+01,1.09655000e+01,8.69372900e+00,7.27485500e+00,8.69372900e+00,1.09655000e+01,1.20690700e+01,1.26557700e+01,1.32194500e+01,1.54515800e+01,1.64767300e+01,1.52757400e+01
5.61660796e+05,-7.31747200e+00,1.52815200e+01,1.65120400e+01,1.53794800e+01,1.32174500e+01,1.26580100e+01,1.20758700e+01,1.09740200e+01,8.69882300e+00,7.27917400e+00,8.69882300e+00,1.09740200e+01,1.20758700e+01,1.26580100e+01,1.32174500e+01,1.53794800e+01,1.65120400e+01,1.52815200e+01
5.65660796e+05,-7.31736800e+00,1.52873800e+01,1.65467400e+01,1.53091200e+01,1.32154200e+01,1.26604900e+01,1.20827300e+01,1.09823900e+01,8.70383700e+00,7.28343300e+00,8.70383700e+00,1.09823900e+01,1.20827300e+01,1.26604900e+01,1.32154200e+01,1.53091200e+01,1.65467400e+01,1.52873800e+01
5.69660796e+05,-7.31797500e+00,1.52933100e+01,1.65808000e+01,1.52404600e+01,1.32134000e+01,1.26632000e+01,1.20896400e+01,1.09906200e+01,8.70877200e+00,7.28763200e+00,8.70877200e+00,1.09906200e+01,1.20896400e+01,1.26632000e+01,1.32134000e+01,1.52404600e+01,1.65808000e+01,1.52933100e+01
5.73660796e+05,-7.31962600e+00,1.52993400e+01,1.66141700e+01,1.51734500e+01,1.32113900e+01,1.26661000e+01,1.20965800e+01,1.09987200e+01,8.71362800e+00,7.29176900e+00,8.71362800e+00,1.09987200e+01,1.20965800e+01,1.26661000e+01,1.32113900e+01,1.51734500e+01,1.66141700e+01,1.52993400e+01
5.77660796e+05,-7.32276600e+00,1.53054700e+01,1.66468100e+01,1.51080400e+01,1.32094000e+01,1.26691700e+01,1.21035600e+01,1.10066800e+01,8.71840300e+00,7.29584100e+00,8.71840300e+00,1.10066800e+01,1.21035600e+01,1.26691700e+01,1.32094000e+01,1.51080400e+01,1.66468100e+01,1.53054700e+01
5.81660796e+05,-7.32796700e+00,1.53117000e+01,1.66786700e+01,1.50441900e+01,1.32074400e+01,1.26723900e+01,1.21105700e+01,1.10145000e+01,8.72309700e+00,7.29984700e+00,8.72309700e+00,1.10145000e+01,1.21105700e+01,1.26723900e+01,1.32074400e+01,1.50441900e+01,1.66786700e+01,1.53117000e+01
5.85660796e+05,-7.33593300e+00,1.53180500e+01,1.67096800e+01,1.49818400e+01,1.32055100e+01,1.26757400e+01,1.21175900e+01,1.10221900e+01,8.72770700e+00,7.30378400e+00,8.72770700e+00,1.10221900e+01,1.21175900e+01,1.26757400e+01,1.32055100e+01,1.49818400e+01,1.67096800e+01,1.53180500e+01
5.89660796e+05,-7.34746200e+00,1.53245300e+01,1.67397900e+01,1.49209600e+01,1.32036000e+01,1.26791900e+01,1.21246100e+01,1.10297500e+01,8.73223000e+00,7.30764800e+00,8.73223000e+00,1.10297500e+01,1.21246100e+01,1.26791900e+01,1.32036000e+01,1.49209600e+01,1.67397900e+01,1.53245300e+01
5.93660796e+05,-7.36335300e+00,1.53311400e+01,1.67689100e+01,1.48615000e+01,1.32016900e+01,1.26827300e+01,1.21316100e+01,1.10371600e+01,8.73666200e+00,7.31143500e+00,8.73666200e+00,1.10371600e+01,1.21316100e+01,1.26827300e+01,1.32016900e+01,1.48615000e+01,1.67689100e+01,1.53311400e+01
5.97660796e+05,-7.38423800e+00,1.53378900e+01,1.67969800e+01,1.48034200e+01,1.31997800e+01,1.26863300e+01,1.21385800e+01,1.10444300e+01,8.74099700e+00,7.31514000e+00,8.74099700e+00,1.10444300e+01,1.21385800e+01,1.26863300e+01,1.31997800e+01,1.48034200e+01,1.67969800e+01,1.53378900e+01
6.01660796e+05,-7.40380200e+00,1.53447900e+01,1.68239000e+01,1.47466700e+01,1.31978200e+01,1.26899600e+01,1.21455000e+01,1.10515500e+01,8.74523000e+00,7.31875700e+00,8.74523000e+00,1.10515500e+01,1.21455000e+01,1.26899600e+01,1.31978200e+01,1.47466700e+01,1.68239000e+01,1.53447900e+01
6.05660796e+05,-7.41149700e+00,1.53518500e+01,1.68495700e+01,1.46912100e+01,1.31957900e+01,1.26936000e+01,1.21523400e+01,1.10585000e+01,8.74935300e+00,7.32228100e+00,8.74935300e+00,1.10585000e+01,1.21523400e+01,1.26936000e+01,1.31957900e+01,1.46912100e+01,1.68495700e+01,1.53518500e+01
6.09660796e+05,-7.42021500e+00,1.53590700e+01,1.68738900e+01,1.46370300e+01,1.31936800e+01,1.26972400e+01,1.21590900e+01,1.10652900e+01,8.75336400e+00,7.32570700e+00,8.75336400e+00,1.10652900e+01,1.21590900e+01,1.26972400e+01,1.31936800e+01,1.46370300e+01,1.68738900e+01,1.53590700e+01
6.13660796e+05,-7.42979100e+00,1.53664800e+01,1.68967800e+01,1.45840800e+01,1.31914500e+01,1.27008700e+01,1.21657200e+01,1.10719200e+01,8.75726100e+00,7.32903300e+00,8.75726100e+00,1.10719200e+01,1.21657200e+01,1.27008700e+01,1.31914500e+01,1.45840800e+01,1.68967800e+01,1.53664800e+01
6.17660796e+05,-7.44005200e+00,1.53740700e+01,1.69181400e+01,1.45323500e+01,1.31891200e+01,1.27044700e+01,1.21722300e+01,1.10783700e+01,8.76104300e+00,7.33226100e+00,8.76104300e+00,1.10783700e+01,1.21722300e+01,1.27044700e+01,1.31891200e+01,1.45323500e+01,1.69181400e+01,1.53740700e+01
6.21660796e+05,-7.45082300e+00,1.53818900e+01,1.69378800e+01,1.44818300e+01,1.31866700e+01,1.27080600e+01,1.21786200e+01,1.10846600e+01,8.76471400e+00,7.33539300e+00,8.76471400e+00,1.10846600e+01,1.21786200e+01,1.27080600e+01,1.31866700e+01,1.44818300e+01,1.69378800e+01,1.53818900e+01
6.25660796e+05,-7.46194200e+00,1.53899400e+01,1.69559300e+01,1.44324800e+01,1.31841200e+01,1.27116300e+01,1.21848700e+01,1.10907900e+01,8.76827900e+00,7.33843400e+00,8.76827900e+00,1.10907900e+01,1.21848700e+01,1.27116300e+01,1.31841200e+01,1.44324800e+01,1.69559300e+01,1.53899400e+01
6.29660796e+05,-7.47326100e+00,1.53982500e+01,1.69722100e+01,1.43843100e+01,1.31815000e+01,1.27151900e+01,1.21910000e+01,1.10967700e+01,8.77174500e+00,7.34138800e+00,8.77174500e+00,1.10967700e+01,1.21910000e+01,1.27151900e+01,1.31815000e+01,1.43843100e+01,1.69722100e+01,1.53982500e+01
6.33660796e+05,-7.48465500e+00,1.54068500e+01,1.69866600e+01,1.43372800e+01,1.31788200e+01,1.27187500e+01,1.21970000e+01,1.11026100e+01,8.77511600e+00,7.34426200e+00,8.77511600e+00,1.11026100e+01,1.21970000e+01,1.27187500e+01,1.31788200e+01,1.43372800e+01,1.69866600e+01,1.54068500e+01
6.37660796e+05,-7.49602100e+00,1.54157500e+01,1.69992200e+01,1.42913800e+01,1.31761300e+01,1.27223100e+01,1.22028900e+01,1.11083200e+01,8.77840100e+00,7.34706200e+00,8.77840100e+00,1.11083200e+01,1.22028900e+01,1.27223100e+01,1.31761300e+01,1.42913800e+01,1.69992200e+01,1.54157500e+01
6.41660796e+05,-7.50727600e+00,1.54250000e+01,1.70098300e+01,1.42465700e+01,1.31734400e+01,1.27258800e+01,1.22086700e+01,1.11139000e+01,8.78160600e+00,7.34979300e+00,8.78160600e+00,1.11139000e+01,1.22086700e+01,1.27258800e+01,1.31734400e+01,1.42465700e+01,1.70098300e+01,1.54250000e+01
6.45660796e+05,-7.51835600e+00,1.54346000e+01,1.70184500e+01,1.42028500e+01,1.31707900e+01,1.27294600e+01,1.22143500e+01,1.11193700e+01,8.78473600e+00,7.35246100e+00,8.78473600e+00,1.11193700e+01,1.22143500e+01,1.27294600e+01,1.31707900e+01,1.42028500e+01,1.70184500e+01,1.54346000e+01
6.49660796e+05,-7.52921000e+00,1.54445900e+01,1.70250400e+01,1.41601800e+01,1.31681900e+01,1.27330600e+01,1.22199300e+01,1.11247200e+01,8.78779700e+00,7.35507000e+00,8.78779700e+00,1.11247200e+01,1.22199300e+01,1.27330600e+01,1.31681900e+01,1.41601800e+01,1.70250400e+01,1.54445900e+01
6.53660796e+05,-7.53980400e+00,1.54549800e+01,1.70295400e+01,1.41185400e+01,1.31656800e+01,1.27366700e+01,1.22254300e+01,1.11299700e+01,8.79079400e+00,7.35762500e+00,8.79079400e+00,1.11299700e+01,1.22254300e+01,1.27366700e+01,1.31656800e+01,1.41185400e+01,1.70295400e+01,1.54549800e+01
6.57660796e+05,-7.55011100e+00,1.54658000e+01,1.70319300e+01,1.40779100e+01,1.31632700e+01,1.27402900e+01,1.22308400e+01,1.11351200e+01,8.79373100e+00,7.36013000e+00,8.79373100e+00,1.11351200e+01,1.22308400e+01,1.27402900e+01,1.31632700e+01,1.40779100e+01,1.70319300e+01,1.54658000e+01
6.61660796e+05,-7.56011400e+00,1.54770600e+01,1.70321700e+01,1.40382800e+01,1.31609900e+01,1.27439400e+01,1.22361800e+01,1.11401800e+01,8.79661400e+00,7.36258900e+00,8.79661400e+00,1.11401800e+01,1.22361800e+01,1.27439400e+01,1.31609900e+01,1.40382800e+01,1.70321700e+01,1.54770600e+01
6.65660796e+05,-7.56980500e+00,1.54887900e+01,1.70302500e+01,1.39996400e+01,1.31588300e+01,1.27476000e+01,1.22414600e+01,1.11451500e+01,8.79944500e+00,7.36500500e+00,8.79944500e+00,1.11451500e+01,1.22414600e+01,1.27476000e+01,1.31588300e+01,1.39996400e+01,1.70302500e+01,1.54887900e+01
6.69660796e+05,-7.57917700e+00,1.55010000e+01,1.70261400e+01,1.39619800e+01,1.31568100e+01,1.27512800e+01,1.22466600e+01,1.11500500e+01,8.80222900e+00,7.36738100e+00,8.80222900e+00,1.11500500e+01,1.22466600e+01,1.27512800e+01,1.31568100e+01,1.39619800e+01,1.70261400e+01,1.55010000e+01
6.73660796e+05,-7.58421600e+00,1.55137100e+01,1.70198200e+01,1.39252900e+01,1.31549500e+01,1.27549800e+01,1.22518200e+01,1.11548600e+01,8.80496900e+00,7.36972000e+00,8.80496900e+00,1.11548600e+01,1.22518200e+01,1.27549800e+01,1.31549500e+01,1.39252900e+01,1.70198200e+01,1.55137100e+01
6.77660796e+05,-7.58891400e+00,1.55269200e+01,1.70112900e+01,1.38895800e+01,1.31532400e+01,1.27586900e+01,1.22569100e+01,1.11596100e+01,8.80766700e+00,7.37202500e+00,8.80766700e+00,1.11596100e+01,1.22569100e+01,1.27586900e+01,1.31532400e+01,1.38895800e+01,1.70112900e+01,1.55269200e+01
6.81660796e+05,-7.59334100e+00,1.55406500e+01,1.70005600e+01,1.38548600e+01,1.31516800e+01,1.27624200e+01,1.22619600e+01,1.11642800e+01,8.81032700e+00,7.37429800e+00,8.81032700e+00,1.11642800e+01,1.22619600e+01,1.27624200e+01,1.31516800e+01,1.38548600e+01,1.70005600e+01,1.55406500e+01
6.85660796e+05,-7.59750600e+00,1.55549100e+01,1.69876100e+01,1.38211300e+01,1.31502800e+01,1.27661700e+01,1.22669700e+01,1.11688900e+01,8.81295000e+00,7.37654100e+00,8.81295000e+00,1.11688900e+01,1.22669700e+01,1.27661700e+01,1.31502800e+01,1.38211300e+01,1.69876100e+01,1.55549100e+01
6.89660796e+05,-7.60142300e+00,1.55697000e+01,1.69724800e+01,1.37884200e+01,1.31490200e+01,1.27699300e+01,1.22719300e+01,1.11734400e+01,8.81554000e+00,7.37875700e+00,8.81554000e+00,1.11734400e+01,1.22719300e+01,1.27699300e+01,1.31490200e+01,1.37884200e+01,1.69724800e+01,1.55697000e+01
6.93660796e+05,-7.60511600e+00,1.55850200e+01,1.69551800e+01,1.37567600e+01,1.31479000e+01,1.27737000e+01,1.22768600e+01,1.11779400e+01,8.81809900e+00,7.38094700e+00,8.81809900e+00,1.11779400e+01,1.22768600e+01,1.27737000e+01,1.31479000e+01,1.37567600e+01,1.69551800e+01,1.55850200e+01
6.97660796e+05,-7.60861200e+00,1.56008700e+01,1.69357400e+01,1.37261600e+01,1.31469200e+01,1.27774900e+01,1.22817500e+01,1.11823700e+01,8.82062800e+00,7.38311300e+00,8.82062800e+00,1.11823700e+01,1.22817500e+01,1.27774900e+01,1.31469200e+01,1.37261600e+01,1.69357400e+01,1.56008700e+01
7.01660796e+05,-7.61195000e+00,1.56172600e+01,1.69141900e+01,1.36966500e+01,1.31460600e+01,1.27812800e+01,1.22866100e+01,1.11867600e+01,8.82312900e+00,7.38525600e+00,8.82312900e+00,1.11867600e+01,1.22866100e+01,1.27812800e+01,1.31460600e+01,1.36966500e+01,1.69141900e+01,1.56172600e+01
7.05660796e+05,-7.61517400e+00,1.56341800e+01,1.68905900e+01,1.36682800e+01,1.31453200e+01,1.27850900e+01,1.22914500e+01,1.11911000e+01,8.82560400e+00,7.38737800e+00,8.82560400e+00,1.11911000e+01,1.22914500e+01,1.27850900e+01,1.31453200e+01,1.36682800e+01,1.68905900e+01,1.56341800e+01
7.09660796e+05,-7.61834000e+00,1.56516100e+01,1.68649700e+01,1.36410700e+01,1.31446700e+01,1.27889000e+01,1.22962500e+01,1.11953900e+01,8.82805500e+00,7.38948000e+00,8.82805500e+00,1.11953900e+01,1.22962500e+01,1.27889000e+01,1.31446700e+01,1.36410700e+01,1.68649700e+01,1.56516100e+01
7.13660796e+05,-7.62151300e+00,1.56695500e+01,1.68374100e+01,1.36150400e+01,1.31441000e+01,1.27927100e+01,1.23010300e+01,1.11996300e+01,8.83048200e+00,7.39156300e+00,8.83048200e+00,1.11996300e+01,1.23010300e+01,1.27927100e+01,1.31441000e+01,1.36150400e+01,1.68374100e+01,1.56695500e+01
7.17660796e+05,-7.62476800e+00,1.56879800e+01,1.68079600e+01,1.35902400e+01,1.31436000e+01,1.27965300e+01,1.23057900e+01,1.12038300e+01,8.83288700e+00,7.39362800e+00,8.83288700e+00,1.12038300e+01,1.23057900e+01,1.27965300e+01,1.31436000e+01,1.35902400e+01,1.68079600e+01,1.56879800e+01
7.21660796e+05,-7.62819100e+00,1.57068900e+01,1.67767000e+01,1.35666800e+01,1.31431500e+01,1.28003400e+01,1.23105200e+01,1.12079900e+01,8.83527100e+00,7.39567600e+00,8.83527100e+00,1.12079900e+01,1.23105200e+01,1.28003400e+01,1.31431500e+01,1.35666800e+01,1.67767000e+01,1.57068900e+01
7.25660796e+05,-7.63187700e+00,1.57262500e+01,1.67437000e+01,1.35443800e+01,1.31427400e+01,1.28041500e+01,1.23152300e+01,1.12121100e+01,8.83763400e+00,7.39770800e+00,8.83763400e+00,1.12121100e+01,1.23152300e+01,1.28041500e+01,1.31427400e+01,1.35443800e+01,1.67437000e+01,1.57262500e+01
7.29660796e+05,-7.63593200e+00,1.57460500e+01,1.67090500e+01,1.35233600e+01,1.31423500e+01,1.28079400e+01,1.23199300e+01,1.12162000e+01,8.83997800e+00,7.39972500e+00,8.83997800e+00,1.12162000e+01,1.23199300e+01,1.28079400e+01,1.31423500e+01,1.35233600e+01,1.67090500e+01,1.57460500e+01
7.33660796e+05,-7.64046700e+00,1.57662700e+01,1.66728400e+01,1.35036100e+01,1.31419600e+01,1.28117300e+01,1.23246000e+01,1.12202400e+01,8.84230400e+00,7.40172600e+00,8.84230400e+00,1.12202400e+01,1.23246000e+01,1.28117300e+01,1.31419600e+01,1.35036100e+01,1.66728400e+01,1.57662700e+01
7.37660796e+05,-7.64560100e+00,1.57868700e+01,1.66351700e+01,1.34851400e+01,1.31415500e+01,1.28154900e+01,1.23292500e+01,1.12242500e+01,8.84461100e+00,7.40371300e+00,8.84461100e+00,1.12242500e+01,1.23292500e+01,1.28154900e+01,1.31415500e+01,1.34851400e+01,1.66351700e+01,1.57868700e+01
7.41660796e+05,-7.65144900e+00,1.58078300e+01,1.65961100e+01,1.34679300e+01,1.31411000e+01,1.28192300e+01,1.23338800e+01,1.12282200e+01,8.84690000e+00,7.40568500e+00,8.84690000e+00,1.12282200e+01,1.23338800e+01,1.28192300e+01,1.31411000e+01,1.34679300e+01,1.65961100e+01,1.58078300e+01
7.45660796e+05,-7.64752600e+00,1.58291100e+01,1.65557900e+01,1.34519600e+01,1.31406100e+01,1.28229400e+01,1.23384800e+01,1.12321600e+01,8.84917100e+00,7.40764300e+00,8.84917100e+00,1.12321600e+01,1.23384800e+01,1.28229400e+01,1.31406100e+01,1.34519600e+01,1.65557900e+01,1.58291100e+01
7.49660796e+05,-7.64318600e+00,1.58506900e+01,1.65142800e+01,1.34372200e+01,1.31400500e+01,1.28266200e+01,1.23430700e+01,1.12360700e+01,8.85142400e+00,7.40958600e+00,8.85142400e+00,1.12360700e+01,1.23430700e+01,1.28266200e+01,1.31400500e+01,1.34372200e+01,1.65142800e+01,1.58506900e+01
7.53660796e+05,-7.63972800e+00,1.58725200e+01,1.64717100e+01,1.34236500e+01,1.31394000e+01,1.28302500e+01,1.23476300e+01,1.12399400e+01,8.85366100e+00,7.41151600e+00,8.85366100e+00,1.12399400e+01,1.23476300e+01,1.28302500e+01,1.31394000e+01,1.34236500e+01,1.64717100e+01,1.58725200e+01
7.57660796e+05,-7.63712800e+00,1.58945800e+01,1.64281600e+01,1.34112300e+01,1.31386600e+01,1.28338300e+01,1.23521700e+01,1.12437700e+01,8.85587900e+00,7.41343100e+00,8.85587900e+00,1.12437700e+01,1.23521700e+01,1.28338300e+01,1.31386600e+01,1.34112300e+01,1.64281600e+01,1.58945800e+01
7.61660796e+05,-7.63535800e+00,1.59168300e+01,1.63837500e+01,1.33999000e+01,1.31378000e+01,1.28373600e+01,1.23566900e+01,1.12475800e+01,8.85808000e+00,7.41533200e+00,8.85808000e+00,1.12475800e+01,1.23566900e+01,1.28373600e+01,1.31378000e+01,1.33999000e+01,1.63837500e+01,1.59168300e+01
7.65660796e+05,-7.63438800e+00,1.59392300e+01,1.63385900e+01,1.33896100e+01,1.31368300e+01,1.28408300e+01,1.23611800e+01,1.12513500e+01,8.86026400e+00,7.41721900e+00,8.86026400e+00,1.12513500e+01,1.23611800e+01,1.28408300e+01,1.31368300e+01,1.33896100e+01,1.63385900e+01,1.59392300e+01
7.69660796e+05,-7.63418400e+00,1.59617400e+01,1.62927700e+01,1.33803100e+01,1.31357400e+01,1.28442300e+01,1.23656400e+01,1.12550800e+01,8.86242900e+00,7.41909000e+00,8.86242900e+00,1.12550800e+01,1.23656400e+01,1.28442300e+01,1.31357400e+01,1.33803100e+01,1.62927700e+01,1.59617400e+01
7.73660796e+05,-7.63470800e+00,1.59843200e+01,1.62464000e+01,1.33719300e+01,1.31345200e+01,1.28475600e+01,1.23700700e+01,1.12587900e+01,8.86457700e+00,7.42094800e+00,8.86457700e+00,1.12587900e+01,1.23700700e+01,1.28475600e+01,1.31345200e+01,1.33719300e+01,1.62464000e+01,1.59843200e+01
7.77660796e+05,-7.63592000e+00,1.60069500e+01,1.61995900e+01,1.33644200e+01,1.31331800e+01,1.28508100e+01,1.23744700e+01,1.12624600e+01,8.86670700e+00,7.42279000e+00,8.86670700e+00,1.12624600e+01,1.23744700e+01,1.28508100e+01,1.31331800e+01,1.33644200e+01,1.61995900e+01,1.60069500e+01
7.81660796e+05,-7.63777600e+00,1.60295700e+01,1.61524400e+01,1.33576900e+01,1.31317200e+01,1.28539800e+01,1.23788500e+01,1.12661000e+01,8.86882000e+00,7.42461800e+00,8.86882000e+00,1.12661000e+01,1.23788500e+01,1.28539800e+01,1.31317200e+01,1.33576900e+01,1.61524400e+01,1.60295700e+01
7.85660796e+05,-7.64022800e+00,1.60521700e+01,1.61050600e+01,1.33517000e+01,1.31301600e+01,1.28570600e+01,1.23831900e+01,1.12697000e+01,8.87091400e+00,7.42643000e+00,8.87091400e+00,1.12697000e+01,1.23831900e+01,1.28570600e+01,1.31301600e+01,1.33517000e+01,1.61050600e+01,1.60521700e+01
7.89660796e+05,-7.64322700e+00,1.60746900e+01,1.60575400e+01,1.33463700e+01,1.31285000e+01,1.28600600e+01,1.23875000e+01,1.12732700e+01,8.87299100e+00,7.42822900e+00,8.87299100e+00,1.12732700e+01,1.23875000e+01,1.28600600e+01,1.31285000e+01,1.33463700e+01,1.60575400e+01,1.60746900e+01
7.93660796e+05,-7.64672200e+00,1.60971200e+01,1.60099600e+01,1.33416300e+01,1.31267600e+01,1.28629600e+01,1.23917800e+01,1.12768200e+01,8.87505100e+00,7.43001200e+00,8.87505100e+00,1.12768200e+01,1.23917800e+01,1.28629600e+01,1.31267600e+01,1.33416300e+01,1.60099600e+01,1.60971200e+01
7.97660796e+05,-7.65066300e+00,1.61194300e+01,1.59624200e+01,1.33374300e+01,1.31249500e+01,1.28657800e+01,1.23960300e+01,1.12803300e+01,8.87709400e+00,7.43178200e+00,8.87709400e+00,1.12803300e+01,1.23960300e+01,1.28657800e+01,1.31249500e+01,1.33374300e+01,1.59624200e+01,1.61194300e+01
8.01660796e+05,-7.65499900e+00,1.61415800e+01,1.59150100e+01,1.33337100e+01,1.31231000e+01,1.28685100e+01,1.24002500e+01,1.12838100e+01,8.87912000e+00,7.43353700e+00,8.87912000e+00,1.12838100e+01,1.24002500e+01,1.28685100e+01,1.31231000e+01,1.33337100e+01,1.59150100e+01,1.61415800e+01
8.05660796e+05,-7.65968100e+00,1.61635500e+01,1.58677800e+01,1.33304100e+01,1.31212200e+01,1.28711600e+01,1.24044400e+01,1.12872600e+01,8.88113100e+00,7.43527900e+00,8.88113100e+00,1.12872600e+01,1.24044400e+01,1.28711600e+01,1.31212200e+01,1.33304100e+01,1.58677800e+01,1.61635500e+01
8.09660796e+05,-7.66395700e+00,1.61853200e+01,1.58208000e+01,1.33274700e+01,1.31193200e+01,1.28737100e+01,1.24086000e+01,1.12906800e+01,8.88312500e+00,7.43700800e+00,8.88312500e+00,1.12906800e+01,1.24086000e+01,1.28737100e+01,1.31193200e+01,1.33274700e+01,1.58208000e+01,1.61853200e+01
8.13660796e+05,-7.66277100e+00,1.62068600e+01,1.57741400e+01,1.33248600e+01,1.31174300e+01,1.28761900e+01,1.24127200e+01,1.12940800e+01,8.88510400e+00,7.43872400e+00,8.88510400e+00,1.12940800e+01,1.24127200e+01,1.28761900e+01,1.31174300e+01,1.33248600e+01,1.57741400e+01,1.62068600e+01
8.17660796e+05,-7.66158200e+00,1.62281600e+01,1.57278400e+01,1.33225400e+01,1.31155500e+01,1.28785800e+01,1.24168200e+01,1.12974500e+01,8.88706900e+00,7.44042800e+00,8.88706900e+00,1.12974500e+01,1.24168200e+01,1.28785800e+01,1.31155500e+01,1.33225400e+01,1.57278400e+01,1.62281600e+01
8.21660796e+05,-7.66038900e+00,1.62492000e+01,1.56819500e+01,1.33204500e+01,1.31137000e+01,1.28809000e+01,1.24208900e+01,1.13008000e+01,8.88902000e+00,7.44212000e+00,8.88902000e+00,1.13008000e+01,1.24208900e+01,1.28809000e+01,1.31137000e+01,1.33204500e+01,1.56819500e+01,1.62492000e+01
8.25660796e+05,-7.65919300e+00,1.62699500e+01,1.56365100e+01,1.33185800e+01,1.31118900e+01,1.28831500e+01,1.24249300e+01,1.13041200e+01,8.89095700e+00,7.44380000e+00,8.89095700e+00,1.13041200e+01,1.24249300e+01,1.28831500e+01,1.31118900e+01,1.33185800e+01,1.56365100e+01,1.62699500e+01
8.29660796e+05,-7.65799600e+00,1.62904000e+01,1.55915400e+01,1.33168900e+01,1.31101400e+01,1.28853300e+01,1.24289500e+01,1.13074100e+01,8.89288100e+00,7.44547000e+00,8.89288100e+00,1.13074100e+01,1.24289500e+01,1.28853300e+01,1.31101400e+01,1.33168900e+01,1.55915400e+01,1.62904000e+01
8.33660796e+05,-7.65679900e+00,1.63105400e+01,1.55470700e+01,1.33153500e+01,1.31084400e+01,1.28874400e+01,1.24329300e+01,1.13106800e+01,8.89479400e+00,7.44713000e+00,8.89479400e+00,1.13106800e+01,1.24329300e+01,1.28874400e+01,1.31084400e+01,1.33153500e+01,1.55470700e+01,1.63105400e+01
8.37660796e+05,-7.65560400e+00,1.63303500e+01,1.55031300e+01,1.33139400e+01,1.31068100e+01,1.28894900e+01,1.24369000e+01,1.13139400e+01,8.89669400e+00,7.44878000e+00,8.89669400e+00,1.13139400e+01,1.24369000e+01,1.28894900e+01,1.31068100e+01,1.33139400e+01,1.55031300e+01,1.63303500e+01
8.41660796e+05,-7.65441400e+00,1.63498100e+01,1.54597300e+01,1.33126500e+01,1.31052600e+01,1.28914900e+01,1.24408300e+01,1.13171700e+01,8.89858400e+00,7.45042100e+00,8.89858400e+00,1.13171700e+01,1.24408300e+01,1.28914900e+01,1.31052600e+01,1.33126500e+01,1.54597300e+01,1.63498100e+01
8.45660796e+05,-7.65323100e+00,1.63689200e+01,1.54168800e+01,1.33114600e+01,1.31037800e+01,1.28934300e+01,1.24447500e+01,1.13203800e+01,8.90046300e+00,7.45205300e+00,8.90046300e+00,1.13203800e+01,1.24447500e+01,1.28934300e+01,1.31037800e+01,1.33114600e+01,1.54168800e+01,1.63689200e+01
8.49660796e+05,-7.65205900e+00,1.63876600e+01,1.53746000e+01,1.33103500e+01,1.31023900e+01,1.28953300e+01,1.24486400e+01,1.13235700e+01,8.90233200e+00,7.45367700e+00,8.90233200e+00,1.13235700e+01,1.24486400e+01,1.28953300e+01,1.31023900e+01,1.33103500e+01,1.53746000e+01,1.63876600e+01
8.53660796e+05,-7.64980300e+00,1.64060200e+01,1.53328700e+01,1.33093100e+01,1.31010800e+01,1.28971800e+01,1.24525000e+01,1.13267500e+01,8.90419200e+00,7.45529400e+00,8.90419200e+00,1.13267500e+01,1.24525000e+01,1.28971800e+01,1.31010800e+01,1.33093100e+01,1.53328700e+01,1.64060200e+01
8.57660796e+05,-7.64753700e+00,1.64239800e+01,1.52917200e+01,1.33083400e+01,1.30998600e+01,1.28990000e+01,1.24563500e+01,1.13299100e+01,8.90604300e+00,7.45690300e+00,8.90604300e+00,1.13299100e+01,1.24563500e+01,1.28990000e+01,1.30998600e+01,1.33083400e+01,1.52917200e+01,1.64239800e+01
8.61660796e+05,-7.64531700e+00,1.64415400e+01,1.52511400e+01,1.33074200e+01,1.30987200e+01,1.29007700e+01,1.24601800e+01,1.13330500e+01,8.90788600e+00,7.45850500e+00,8.90788600e+00,1.13330500e+01,1.24601800e+01,1.29007700e+01,1.30987200e+01,1.33074200e+01,1.52511400e+01,1.64415400e+01
8.65660796e+05,-7.64314500e+00,1.64586700e+01,1.52111200e+01,1.33065500e+01,1.30976800e+01,1.29025200e+01,1.24639800e+01,1.13361800e+01,8.90972100e+00,7.46010200e+00,8.90972100e+00,1.13361800e+01,1.24639800e+01,1.29025200e+01,1.30976800e+01,1.33065500e+01,1.52111200e+01,1.64586700e+01
8.69660796e+05,-7.64102700e+00,1.64753800e+01,1.51716800e+01,1.33057300e+01,1.30967300e+01,1.29042400e+01,1.24677700e+01,1.13392900e+01,8.91155000e+00,7.46169300e+00,8.91155000e+00,1.13392900e+01,1.24677700e+01,1.29042400e+01,1.30967300e+01,1.33057300e+01,1.51716800e+01,1.64753800e+01
8.73660796e+05,-7.63896600e+00,1.64916300e+01,1.51327900e+01,1.33049500e+01,1.30958700e+01,1.29059400e+01,1.24715400e+01,1.13423900e+01,8.91337100e+00,7.46327800e+00,8.91337100e+00,1.13423900e+01,1.24715400e+01,1.29059400e+01,1.30958700e+01,1.33049500e+01,1.51327900e+01,1.64916300e+01
8.77660796e+05,-7.63696900e+00,1.65074400e+01,1.50944500e+01,1.33042100e+01,1.30951000e+01,1.29076100e+01,1.24753000e+01,1.13454700e+01,8.91518700e+00,7.46485900e+00,8.91518700e+00,1.13454700e+01,1.24753000e+01,1.29076100e+01,1.30951000e+01,1.33042100e+01,1.50944500e+01,1.65074400e+01
8.81660796e+05,-7.63504200e+00,1.65227700e+01,1.50566700e+01,1.33035000e+01,1.30944200e+01,1.29092700e+01,1.24790300e+01,1.13485500e+01,8.91699700e+00,7.46643500e+00,8.91699700e+00,1.13485500e+01,1.24790300e+01,1.29092700e+01,1.30944200e+01,1.33035000e+01,1.50566700e+01,1.65227700e+01
8.85660796e+05,-7.63319600e+00,1.65376100e+01,1.50194200e+01,1.33028400e+01,1.30938300e+01,1.29109100e+01,1.24827600e+01,1.13516100e+01,8.91880200e+00,7.46800700e+00,8.91880200e+00,1.13516100e+01,1.24827600e+01,1.29109100e+01,1.30938300e+01,1.33028400e+01,1.50194200e+01,1.65376100e+01
8.89660796e+05,-7.63144200e+00,1.65519600e+01,1.49827100e+01,1.33022000e+01,1.30933300e+01,1.29125400e+01,1.24864600e+01,1.13546700e+01,8.92060200e+00,7.46957500e+00,8.92060200e+00,1.13546700e+01,1.24864600e+01,1.29125400e+01,1.30933300e+01,1.33022000e+01,1.49827100e+01,1.65519600e+01
8.93660796e+05,-7.62979500e+00,1.65658000e+01,1.49465200e+01,1.33016000e+01,1.30929100e+01,1.29141600e+01,1.24901600e+01,1.13577100e+01,8.92239700e+00,7.47114000e+00,8.92239700e+00,1.13577100e+01,1.24901600e+01,1.29141600e+01,1.30929100e+01,1.33016000e+01,1.49465200e+01,1.65658000e+01
8.97660796e+05,-7.62827400e+00,1.65791200e+01,1.49108400e+01,1.33010300e+01,1.30925800e+01,1.29157800e+01,1.24938400e+01,1.13607400e+01,8.92418900e+00,7.47270300e+00,8.92418900e+00,1.13607400e+01,1.24938400e+01,1.29157800e+01,1.30925800e+01,1.33010300e+01,1.49108400e+01,1.65791200e+01
9.01660796e+05,-7.62690100e+00,1.65919000e+01,1.48756700e+01,1.33005000e+01,1.30923300e+01,1.29173900e+01,1.24975000e+01,1.13637700e+01,8.92597700e+00,7.47426200e+00,8.92597700e+00,1.13637700e+01,1.24975000e+01,1.29173900e+01,1.30923300e+01,1.33005000e+01,1.48756700e+01,1.65919000e+01
9.05660796e+05,-7.62570500e+00,1.66041200e+01,1.48409900e+01,1.33000000e+01,1.30921700e+01,1.29190000e+01,1.25011600e+01,1.13667900e+01,8.92776100e+00,7.47581900e+00,8.92776100e+00,1.13667900e+01,1.25011600e+01,1.29190000e+01,1.30921700e+01,1.33000000e+01,1.48409900e+01,1.66041200e+01
9.09660796e+05,-7.62471900e+00,1.66157700e+01,1.48067900e+01,1.32995400e+01,1.30920800e+01,1.29206000e+01,1.25048100e+01,1.13698000e+01,8.92954300e+00,7.47737300e+00,8.92954300e+00,1.13698000e+01,1.25048100e+01,1.29206000e+01,1.30920800e+01,1.32995400e+01,1.48067900e+01,1.66157700e+01
9.13660796e+05,-7.62398400e+00,1.66268500e+01,1.47730600e+01,1.32991100e+01,1.30920700e+01,1.29222100e+01,1.25084400e+01,1.13728000e+01,8.93132100e+00,7.47892500e+00,8.93132100e+00,1.13728000e+01,1.25084400e+01,1.29222100e+01,1.30920700e+01,1.32991100e+01,1.47730600e+01,1.66268500e+01
9.17660796e+05,-7.62354900e+00,1.66373200e+01,1.47398000e+01,1.32987200e+01,1.30921400e+01,1.29238300e+01,1.25120600e+01,1.13758000e+01,8.93309600e+00,7.48047600e+00,8.93309600e+00,1.13758000e+01,1.25120600e+01,1.29238300e+01,1.30921400e+01,1.32987200e+01,1.47398000e+01,1.66373200e+01
9.21660796e+05,-7.62347200e+00,1.66471700e+01,1.47069900e+01,1.32983600e+01,1.30922800e+01,1.29254400e+01,1.25156800e+01,1.13787900e+01,8.93486900e+00,7.48202400e+00,8.93486900e+00,1.13787900e+01,1.25156800e+01,1.29254400e+01,1.30922800e+01,1.32983600e+01,1.47069900e+01,1.66471700e+01
9.25660796e+05,-7.62382000e+00,1.66563900e+01,1.46746100e+01,1.32980400e+01,1.30925000e+01,1.29270600e+01,1.25192800e+01,1.13817700e+01,8.93663800e+00,7.48357000e+00,8.93663800e+00,1.13817700e+01,1.25192800e+01,1.29270600e+01,1.30925000e+01,1.32980400e+01,1.46746100e+01,1.66563900e+01
9.29660796e+05,-7.62466900e+00,1.66649600e+01,1.46426600e+01,1.32977500e+01,1.30927900e+01,1.29286900e+01,1.25228700e+01,1.13847500e+01,8.93840500e+00,7.48511300e+00,8.93840500e+00,1.13847500e+01,1.25228700e+01,1.29286900e+01,1.30927900e+01,1.32977500e+01,1.46426600e+01,1.66649600e+01
9.33660796e+05,-7.62610800e+00,1.66728600e+01,1.46111300e+01,1.32974900e+01,1.30931400e+01,1.29303200e+01,1.25264600e+01,1.13877100e+01,8.94016800e+00,7.48665400e+00,8.94016800e+00,1.13877100e+01,1.25264600e+01,1.29303200e+01,1.30931400e+01,1.32974900e+01,1.46111300e+01,1.66728600e+01
9.37660796e+05,-7.62823400e+00,1.66800800e+01,1.45800100e+01,1.32972700e+01,1.30935600e+01,1.29319600e+01,1.25300300e+01,1.13906800e+01,8.94192800e+00,7.48819300e+00,8.94192800e+00,1.13906800e+01,1.25300300e+01,1.29319600e+01,1.30935600e+01,1.32972700e+01,1.45800100e+01,1.66800800e+01
9.41660796e+05,-7.63115100e+00,1.66865900e+01,1.45492800e+01,1.32970700e+01,1.30940400e+01,1.29336000e+01,1.25335900e+01,1.13936300e+01,8.94368400e+00,7.48972800e+00,8.94368400e+00,1.13936300e+01,1.25335900e+01,1.29336000e+01,1.30940400e+01,1.32970700e+01,1.45492800e+01,1.66865900e+01
9.45660796e+05,-7.63497000e+00,1.66923800e+01,1.45189300e+01,1.32969000e+01,1.30945900e+01,1.29352500e+01,1.25371400e+01,1.13965800e+01,8.94543500e+00,7.49126000e+00,8.94543500e+00,1.13965800e+01,1.25371400e+01,1.29352500e+01,1.30945900e+01,1.32969000e+01,1.45189300e+01,1.66923800e+01
9.49660796e+05,-7.63980500e+00,1.66974200e+01,1.44889600e+01,1.32967600e+01,1.30951900e+01,1.29369000e+01,1.25406700e+01,1.13995200e+01,8.94718200e+00,7.49278800e+00,8.94718200e+00,1.13995200e+01,1.25406700e+01,1.29369000e+01,1.30951900e+01,1.32967600e+01,1.44889600e+01,1.66974200e+01
9.53660796e+05,-7.64576200e+00,1.67017100e+01,1.44593400e+01,1.32966300e+01,1.30958400e+01,1.29385500e+01,1.25442000e+01,1.14024500e+01,8.94892300e+00,7.49431200e+00,8.94892300e+00,1.14024500e+01,1.25442000e+01,1.29385500e+01,1.30958400e+01,1.32966300e+01,1.44593400e+01,1.67017100e+01
9.57660796e+05,-7.65294100e+00,1.67052100e+01,1.44300800e+01,1.32965200e+01,1.30965500e+01,1.29402000e+01,1.25477000e+01,1.14053700e+01,8.95065800e+00,7.49583000e+00,8.95065800e+00,1.14053700e+01,1.25477000e+01,1.29402000e+01,1.30965500e+01,1.32965200e+01,1.44300800e+01,1.67052100e+01
9.61660796e+05,-7.66142000e+00,1.67079100e+01,1.44011500e+01,1.32964300e+01,1.30973000e+01,1.29418400e+01,1.25512000e+01,1.14082700e+01,8.95238700e+00,7.49734300e+00,8.95238700e+00,1.14082700e+01,1.25512000e+01,1.29418400e+01,1.30973000e+01,1.32964300e+01,1.44011500e+01,1.67079100e+01
9.65660796e+05,-7.67125400e+00,1.67098000e+01,1.43725600e+01,1.32963400e+01,1.30981000e+01,1.29434800e+01,1.25546700e+01,1.14111700e+01,8.95410800e+00,7.49884900e+00,8.95410800e+00,1.14111700e+01,1.25546700e+01,1.29434800e+01,1.30981000e+01,1.32963400e+01,1.43725600e+01,1.67098000e+01
9.69660796e+05,-7.68246300e+00,1.67108500e+01,1.43442800e+01,1.32962500e+01,1.30989500e+01,1.29451200e+01,1.25581300e+01,1.14140600e+01,8.95582200e+00,7.50034900e+00,8.95582200e+00,1.14140600e+01,1.25581300e+01,1.29451200e+01,1.30989500e+01,1.32962500e+01,1.43442800e+01,1.67108500e+01
9.73660796e+05,-7.69502800e+00,1.67110400e+01,1.43163100e+01,1.32961600e+01,1.30998300e+01,1.29467500e+01,1.25615700e+01,1.14169300e+01,8.95752700e+00,7.50184200e+00,8.95752700e+00,1.14169300e+01,1.25615700e+01,1.29467500e+01,1.30998300e+01,1.32961600e+01,1.43163100e+01,1.67110400e+01
9.77660796e+05,-7.70889000e+00,1.67103600e+01,1.42886400e+01,1.32960700e+01,1.31007500e+01,1.29483600e+01,1.25649900e+01,1.14197900e+01,8.95922400e+00,7.50332700e+00,8.95922400e+00,1.14197900e+01,1.25649900e+01,1.29483600e+01,1.31007500e+01,1.32960700e+01,1.42886400e+01,1.67103600e+01
9.81660796e+05,-7.72394800e+00,1.67087900e+01,1.42612600e+01,1.32959700e+01,1.31017200e+01,1.29499700e+01,1.25683900e+01,1.14226400e+01,8.96091100e+00,7.50480500e+00,8.96091100e+00,1.14226400e+01,1.25683900e+01,1.29499700e+01,1.31017200e+01,1.32959700e+01,1.42612600e+01,1.67087900e+01
9.85660796e+05,-7.73233600e+00,1.67063300e+01,1.42341700e+01,1.32958600e+01,1.31027100e+01,1.29515600e+01,1.25717600e+01,1.14254800e+01,8.96259000e+00,7.50627400e+00,8.96259000e+00,1.14254800e+01,1.25717600e+01,1.29515600e+01,1.31027100e+01,1.32958600e+01,1.42341700e+01,1.67063300e+01
9.89660796e+05,-7.73272000e+00,1.67029500e+01,1.42073500e+01,1.32957300e+01,1.31037500e+01,1.29531300e+01,1.25751200e+01,1.14283000e+01,8.96426000e+00,7.50773600e+00,8.96426000e+00,1.14283000e+01,1.25751200e+01,1.29531300e+01,1.31037500e+01,1.32957300e+01,1.42073500e+01,1.67029500e+01
9.93660796e+05,-7.73317000e+00,1.66986500e+01,1.41808100e+01,1.32955900e+01,1.31048200e+01,1.29546900e+01,1.25784600e+01,1.14311000e+01,8.96592000e+00,7.50919000e+00,8.96592000e+00,1.14311000e+01,1.25784600e+01,1.29546900e+01,1.31048200e+01,1.32955900e+01,1.41808100e+01,1.66986500e+01
9.97660796e+05,-7.73367400e+00,1.66934200e+01,1.41545300e+01,1.32954400e+01,1.31059200e+01,1.29562400e+01,1.25817800e+01,1.14339000e+01,8.96757200e+00,7.51063600e+00,8.96757200e+00,1.14339000e+01,1.25817800e+01,1.29562400e+01,1.31059200e+01,1.32954400e+01,1.41545300e+01,1.66934200e+01
1.00166080e+06,-7.73421900e+00,1.66872400e+01,1.41285000e+01,1.32952800e+01,1.31070600e+01,1.29577600e+01,1.25850700e+01,1.14366800e+01,8.96921400e+00,7.51207500e+00,8.96921400e+00,1.14366800e+01,1.25850700e+01,1.29577600e+01,1.31070600e+01,1.32952800e+01,1.41285000e+01,1.66872400e+01
1.00566080e+06,-7.73479200e+00,1.66801300e+01,1.41027300e+01,1.32951100e+01,1.31082400e+01,1.29592800e+01,1.25883500e+01,1.14394500e+01,8.97084900e+00,7.51350600e+00,8.97084900e+00,1.14394500e+01,1.25883500e+01,1.29592800e+01,1.31082400e+01,1.32951100e+01,1.41027300e+01,1.66801300e+01
1.00966080e+06,-7.73537700e+00,1.66720700e+01,1.40772100e+01,1.32949200e+01,1.31094500e+01,1.29607700e+01,1.25916100e+01,1.14422100e+01,8.97247500e+00,7.51493100e+00,8.97247500e+00,1.14422100e+01,1.25916100e+01,1.29607700e+01,1.31094500e+01,1.32949200e+01,1.40772100e+01,1.66720700e+01
1.01366080e+06,-7.73595900e+00,1.66630600e+01,1.40519400e+01,1.32947300e+01,1.31107000e+01,1.29622600e+01,1.25948400e+01,1.14449500e+01,8.97409400e+00,7.51634900e+00,8.97409400e+00,1.14449500e+01,1.25948400e+01,1.29622600e+01,1.31107000e+01,1.32947300e+01,1.40519400e+01,1.66630600e+01
1.01766080e+06,-7.73652300e+00,1.66531000e+01,1.40269000e+01,1.32945400e+01,1.31119900e+01,1.29637300e+01,1.25980700e+01,1.14476900e+01,8.97570600e+00,7.51776100e+00,8.97570600e+00,1.14476900e+01,1.25980700e+01,1.29637300e+01,1.31119900e+01,1.32945400e+01,1.40269000e+01,1.66531000e+01
1.02166080e+06,-7.73705700e+00,1.66422000e+01,1.40021000e+01,1.32943500e+01,1.31133200e+01,1.29651900e+01,1.26012700e+01,1.14504200e+01,8.97731200e+00,7.51916800e+00,8.97731200e+00,1.14504200e+01,1.26012700e+01,1.29651900e+01,1.31133200e+01,1.32943500e+01,1.40021000e+01,1.66422000e+01
1.02566080e+06,-7.73754700e+00,1.66303500e+01,1.39775500e+01,1.32941600e+01,1.31146900e+01,1.29666400e+01,1.26044600e+01,1.14531300e+01,8.97891100e+00,7.52056900e+00,8.97891100e+00,1.14531300e+01,1.26044600e+01,1.29666400e+01,1.31146900e+01,1.32941600e+01,1.39775500e+01,1.66303500e+01
1.02966080e+06,-7.73798200e+00,1.66175700e+01,1.39532300e+01,1.32939800e+01,1.31161000e+01,1.29680700e+01,1.26076300e+01,1.14558400e+01,8.98050500e+00,7.52196600e+00,8.98050500e+00,1.14558400e+01,1.26076300e+01,1.29680700e+01,1.31161000e+01,1.32939800e+01,1.39532300e+01,1.66175700e+01
1.03366080e+06,-7.73835300e+00,1.66038600e+01,1.39291500e+01,1.32938000e+01,1.31175500e+01,1.29695100e+01,1.26107900e+01,1.14585400e+01,8.98209400e+00,7.52335800e+00,8.98209400e+00,1.14585400e+01,1.26107900e+01,1.29695100e+01,1.31175500e+01,1.32938000e+01,1.39291500e+01,1.66038600e+01
1.03766080e+06,-7.73865300e+00,1.65892200e+01,1.39053100e+01,1.32936400e+01,1.31190300e+01,1.29709300e+01,1.26139400e+01,1.14612400e+01,8.98367800e+00,7.52474700e+00,8.98367800e+00,1.14612400e+01,1.26139400e+01,1.29709300e+01,1.31190300e+01,1.32936400e+01,1.39053100e+01,1.65892200e+01
1.04166080e+06,-7.73887700e+00,1.65736700e+01,1.38817200e+01,1.32934900e+01,1.31205600e+01,1.29723500e+01,1.26170700e+01,1.14639200e+01,8.98525800e+00,7.52613200e+00,8.98525800e+00,1.14639200e+01,1.26170700e+01,1.29723500e+01,1.31205600e+01,1.32934900e+01,1.38817200e+01,1.65736700e+01
1.04566080e+06,-7.73902200e+00,1.65572200e+01,1.38583800e+01,1.32933500e+01,1.31221300e+01,1.29737700e+01,1.26201900e+01,1.14666000e+01,8.98683400e+00,7.52751400e+00,8.98683400e+00,1.14666000e+01,1.26201900e+01,1.29737700e+01,1.31221300e+01,1.32933500e+01,1.38583800e+01,1.65572200e+01
1.04966080e+06,-7.73908600e+00,1.65398700e+01,1.38353100e+01,1.32932300e+01,1.31237300e+01,1.29751800e+01,1.26233000e+01,1.14692800e+01,8.98840700e+00,7.52889300e+00,8.98840700e+00,1.14692800e+01,1.26233000e+01,1.29751800e+01,1.31237300e+01,1.32932300e+01,1.38353100e+01,1.65398700e+01
1.05366080e+06,-7.73907200e+00,1.65216400e+01,1.38125200e+01,1.32931300e+01,1.31253700e+01,1.29766000e+01,1.26264000e+01,1.14719500e+01,8.98997700e+00,7.53027100e+00,8.98997700e+00,1.14719500e+01,1.26264000e+01,1.29766000e+01,1.31253700e+01,1.32931300e+01,1.38125200e+01,1.65216400e+01
1.05766080e+06,-7.73898300e+00,1.65025400e+01,1.37900200e+01,1.32930400e+01,1.31270400e+01,1.29780100e+01,1.26294900e+01,1.14746200e+01,8.99154500e+00,7.53164600e+00,8.99154500e+00,1.14746200e+01,1.26294900e+01,1.29780100e+01,1.31270400e+01,1.32930400e+01,1.37900200e+01,1.65025400e+01
1.06166080e+06,-7.73882600e+00,1.64825800e+01,1.37678300e+01,1.32929700e+01,1.31287600e+01,1.29794300e+01,1.26325700e+01,1.14772800e+01,8.99311100e+00,7.53302000e+00,8.99311100e+00,1.14772800e+01,1.26325700e+01,1.29794300e+01,1.31287600e+01,1.32929700e+01,1.37678300e+01,1.64825800e+01
1.06566080e+06,-7.73861000e+00,1.64617700e+01,1.37459600e+01,1.32929100e+01,1.31305000e+01,1.29808500e+01,1.26356400e+01,1.14799400e+01,8.99467400e+00,7.53439200e+00,8.99467400e+00,1.14799400e+01,1.26356400e+01,1.29808500e+01,1.31305000e+01,1.32929100e+01,1.37459600e+01,1.64617700e+01
1.06966080e+06,-7.73834700e+00,1.64401400e+01,1.37244500e+01,1.32928600e+01,1.31322800e+01,1.29822700e+01,1.26387100e+01,1.14826000e+01,8.99623700e+00,7.53576400e+00,8.99623700e+00,1.14826000e+01,1.26387100e+01,1.29822700e+01,1.31322800e+01,1.32928600e+01,1.37244500e+01,1.64401400e+01
1.07366080e+06,-7.73805300e+00,1.64176900e+01,1.37033200e+01,1.32928100e+01,1.31340800e+01,1.29837000e+01,1.26417600e+01,1.14852500e+01,8.99779800e+00,7.53713400e+00,8.99779800e+00,1.14852500e+01,1.26417600e+01,1.29837000e+01,1.31340800e+01,1.32928100e+01,1.37033200e+01,1.64176900e+01
1.07766080e+06,-7.73774600e+00,1.63944400e+01,1.36825900e+01,1.32927700e+01,1.31359200e+01,1.29851300e+01,1.26448100e+01,1.14879100e+01,8.99935800e+00,7.53850500e+00,8.99935800e+00,1.14879100e+01,1.26448100e+01,1.29851300e+01,1.31359200e+01,1.32927700e+01,1.36825900e+01,1.63944400e+01
1.08166080e+06,-7.73744900e+00,1.63704200e+01,1.36622900e+01,1.32927200e+01,1.31377800e+01,1.29865700e+01,1.26478600e+01,1.14905600e+01,9.00091800e+00,7.53987500e+00,9.00091800e+00,1.14905600e+01,1.26478600e+01,1.29865700e+01,1.31377800e+01,1.32927200e+01,1.36622900e+01,1.63704200e+01
1.08566080e+06,-7.73718700e+00,1.63456200e+01,1.36424500e+01,1.32926700e+01,1.31396600e+01,1.29880200e+01,1.26509000e+01,1.14932100e+01,9.00247800e+00,7.54124500e+00,9.00247800e+00,1.14932100e+01,1.26509000e+01,1.29880200e+01,1.31396600e+01,1.32926700e+01,1.36424500e+01,1.63456200e+01
1.08966080e+06,-7.73699200e+00,1.63200800e+01,1.36231100e+01,1.32926000e+01,1.31415600e+01,1.29894700e+01,1.26539300e+01,1.14958600e+01,9.00403700e+00,7.54261500e+00,9.00403700e+00,1.14958600e+01,1.26539300e+01,1.29894700e+01,1.31415600e+01,1.32926000e+01,1.36231100e+01,1.63200800e+01
1.09366080e+06,-7.73689700e+00,1.62938100e+01,1.36043000e+01,1.32925100e+01,1.31434800e+01,1.29909400e+01,1.26569600e+01,1.14985100e+01,9.00559600e+00,7.54398500e+00,9.00559600e+00,1.14985100e+01,1.26569600e+01,1.29909400e+01,1.31434800e+01,1.32925100e+01,1.36043000e+01,1.62938100e+01
1.09766080e+06,-7.73694200e+00,1.62668300e+01,1.35860400e+01,1.32924000e+01,1.31454100e+01,1.29924100e+01,1.26599800e+01,1.15011600e+01,9.00715500e+00,7.54535600e+00,9.00715500e+00,1.15011600e+01,1.26599800e+01,1.29924100e+01,1.31454100e+01,1.32924000e+01,1.35860400e+01,1.62668300e+01
1.10166080e+06,-7.73717100e+00,1.62391600e+01,1.35683800e+01,1.32922500e+01,1.31473600e+01,1.29938900e+01,1.26630000e+01,1.15038100e+01,9.00871500e+00,7.54672800e+00,9.00871500e+00,1.15038100e+01,1.26630000e+01,1.29938900e+01,1.31473600e+01,1.32922500e+01,1.35683800e+01,1.62391600e+01
1.10566080e+06,-7.73763000e+00,1.62108300e+01,1.35513300e+01,1.32920600e+01,1.31493100e+01,1.29953800e+01,1.26660100e+01,1.15064600e+01,9.01027500e+00,7.54810000e+00,9.01027500e+00,1.15064600e+01,1.26660100e+01,1.29953800e+01,1.31493100e+01,1.32920600e+01,1.35513300e+01,1.62108300e+01
1.10966080e+06,-7.73837400e+00,1.61818500e+01,1.35349200e+01,1.32918200e+01,1.31512700e+01,1.29968800e+01,1.26690200e+01,1.15091100e+01,9.01183600e+00,7.54947300e+00,9.01183600e+00,1.15091100e+01,1.26690200e+01,1.29968800e+01,1.31512700e+01,1.32918200e+01,1.35349200e+01,1.61818500e+01
1.11366080e+06,-7.73945700e+00,1.61522500e+01,1.35191800e+01,1.32915300e+01,1.31532200e+01,1.29983800e+01,1.26720200e+01,1.15117600e+01,9.01339700e+00,7.55084600e+00,9.01339700e+00,1.15117600e+01,1.26720200e+01,1.29983800e+01,1.31532200e+01,1.32915300e+01,1.35191800e+01,1.61522500e+01
1.11766080e+06,-7.74093900e+00,1.61220500e+01,1.35041300e+01,1.32911700e+01,1.31551700e+01,1.29999000e+01,1.26750200e+01,1.15144100e+01,9.01495800e+00,7.55222100e+00,9.01495800e+00,1.15144100e+01,1.26750200e+01,1.29999000e+01,1.31551700e+01,1.32911700e+01,1.35041300e+01,1.61220500e+01
1.12166080e+06,-7.74288100e+00,1.60912800e+01,1.34897800e+01,1.32907500e+01,1.31571100e+01,1.30014200e+01,1.26780200e+01,1.15170600e+01,9.01652100e+00,7.55359600e+00,9.01652100e+00,1.15170600e+01,1.26780200e+01,1.30014200e+01,1.31571100e+01,1.32907500e+01,1.34897800e+01,1.60912800e+01
1.12566080e+06,-7.74534400e+00,1.60599700e+01,1.34761500e+01,1.32902400e+01,1.31590300e+01,1.30029500e+01,1.26810100e+01,1.15197100e+01,9.01808400e+00,7.55497200e+00,9.01808400e+00,1.15197100e+01,1.26810100e+01,1.30029500e+01,1.31590300e+01,1.32902400e+01,1.34761500e+01,1.60599700e+01
1.12966080e+06,-7.74555100e+00,1.60281400e+01,1.34632400e+01,1.32896500e+01,1.31609400e+01,1.30044900e+01,1.26840000e+01,1.15223600e+01,9.01964700e+00,7.55634800e+00,9.01964700e+00,1.15223600e+01,1.26840000e+01,1.30044900e+01,1.31609400e+01,1.32896500e+01,1.34632400e+01,1.60281400e+01
1.13366080e+06,-7.74365400e+00,1.59958100e+01,1.34510500e+01,1.32889700e+01,1.31628200e+01,1.30060300e+01,1.26869800e+01,1.15250200e+01,9.02121100e+00,7.55772600e+00,9.02121100e+00,1.15250200e+01,1.26869800e+01,1.30060300e+01,1.31628200e+01,1.32889700e+01,1.34510500e+01,1.59958100e+01
1.13766080e+06,-7.74215000e+00,1.59630300e+01,1.34395900e+01,1.32881900e+01,1.31646700e+01,1.30075800e+01,1.26899600e+01,1.15276700e+01,9.02277500e+00,7.55910400e+00,9.02277500e+00,1.15276700e+01,1.26899600e+01,1.30075800e+01,1.31646700e+01,1.32881900e+01,1.34395900e+01,1.59630300e+01
1.14166080e+06,-7.74103900e+00,1.59298100e+01,1.34288500e+01,1.32873100e+01,1.31664800e+01,1.30091400e+01,1.26929300e+01,1.15303200e+01,9.02433900e+00,7.56048200e+00,9.02433900e+00,1.15303200e+01,1.26929300e+01,1.30091400e+01,1.31664800e+01,1.32873100e+01,1.34288500e+01,1.59298100e+01
1.14566080e+06,-7.74031900e+00,1.58961900e+01,1.34188200e+01,1.32863200e+01,1.31682500e+01,1.30106900e+01,1.26958900e+01,1.15329800e+01,9.02590400e+00,7.56186100e+00,9.02590400e+00,1.15329800e+01,1.26958900e+01,1.30106900e+01,1.31682500e+01,1.32863200e+01,1.34188200e+01,1.58961900e+01
1.14966080e+06,-7.73998900e+00,1.58622000e+01,1.34094900e+01,1.32852200e+01,1.31699800e+01,1.30122500e+01,1.26988500e+01,1.15356300e+01,9.02746800e+00,7.56324000e+00,9.02746800e+00,1.15356300e+01,1.26988500e+01,1.30122500e+01,1.31699800e+01,1.32852200e+01,1.34094900e+01,1.58622000e+01
1.15366080e+06,-7.74004400e+00,1.58278800e+01,1.34008300e+01,1.32840000e+01,1.31716600e+01,1.30138100e+01,1.27018100e+01,1.15382800e+01,9.02903300e+00,7.56461900e+00,9.02903300e+00,1.15382800e+01,1.27018100e+01,1.30138100e+01,1.31716600e+01,1.32840000e+01,1.34008300e+01,1.58278800e+01
1.15766080e+06,-7.74048000e+00,1.57932600e+01,1.33928300e+01,1.32826700e+01,1.31732800e+01,1.30153700e+01,1.27047500e+01,1.15409300e+01,9.03059700e+00,7.56599800e+00,9.03059700e+00,1.15409300e+01,1.27047500e+01,1.30153700e+01,1.31732800e+01,1.32826700e+01,1.33928300e+01,1.57932600e+01
1.16166080e+06,-7.74128800e+00,1.57583700e+01,1.33854500e+01,1.32812200e+01,1.31748400e+01,1.30169300e+01,1.27076900e+01,1.15435900e+01,9.03216000e+00,7.56737700e+00,9.03216000e+00,1.15435900e+01,1.27076900e+01,1.30169300e+01,1.31748400e+01,1.32812200e+01,1.33854500e+01,1.57583700e+01
1.16566080e+06,-7.74246000e+00,1.57232500e+01,1.33786900e+01,1.32796700e+01,1.31763300e+01,1.30184800e+01,1.27106300e+01,1.15462400e+01,9.03372400e+00,7.56875600e+00,9.03372400e+00,1.15462400e+01,1.27106300e+01,1.30184800e+01,1.31763300e+01,1.32796700e+01,1.33786900e+01,1.57232500e+01
1.16966080e+06,-7.74398300e+00,1.56879500e+01,1.33725000e+01,1.32780000e+01,1.31777500e+01,1.30200300e+01,1.27135500e+01,1.15488900e+01,9.03528600e+00,7.57013400e+00,9.03528600e+00,1.15488900e+01,1.27135500e+01,1.30200300e+01,1.31777500e+01,1.32780000e+01,1.33725000e+01,1.56879500e+01
1.17366080e+06,-7.74584500e+00,1.56524900e+01,1.33668500e+01,1.32762400e+01,1.31791100e+01,1.30215800e+01,1.27164700e+01,1.15515400e+01,9.03684800e+00,7.57151200e+00,9.03684800e+00,1.15515400e+01,1.27164700e+01,1.30215800e+01,1.31791100e+01,1.32762400e+01,1.33668500e+01,1.56524900e+01
1.17766080e+06,-7.74802900e+00,1.56169100e+01,1.33617200e+01,1.32743700e+01,1.31803800e+01,1.30231200e+01,1.27193800e+01,1.15541900e+01,9.03840900e+00,7.57288900e+00,9.03840900e+00,1.15541900e+01,1.27193800e+01,1.30231200e+01,1.31803800e+01,1.32743700e+01,1.33617200e+01,1.56169100e+01
1.18166080e+06,-7.75051900e+00,1.55812600e+01,1.33570600e+01,1.32724300e+01,1.31815800e+01,1.30246500e+01,1.27222800e+01,1.15568400e+01,9.03996900e+00,7.57426600e+00,9.03996900e+00,1.15568400e+01,1.27222800e+01,1.30246500e+01,1.31815800e+01,1.32724300e+01,1.33570600e+01,1.55812600e+01
1.18566080e+06,-7.75329500e+00,1.55455700e+01,1.33528400e+01,1.32704100e+01,1.31826900e+01,1.30261800e+01,1.27251700e+01,1.15594900e+01,9.04152800e+00,7.57564200e+00,9.04152800e+00,1.15594900e+01,1.27251700e+01,1.30261800e+01,1.31826900e+01,1.32704100e+01,1.33528400e+01,1.55455700e+01
1.18966080e+06,-7.75633800e+00,1.55098800e+01,1.33490400e+01,1.32683200e+01,1.31837300e+01,1.30277000e+01,1.27280500e+01,1.15621300e+01,9.04308600e+00,7.57701700e+00,9.04308600e+00,1.15621300e+01,1.27280500e+01,1.30277000e+01,1.31837300e+01,1.32683200e+01,1.33490400e+01,1.55098800e+01
1.19366080e+06,-7.75962800e+00,1.54742200e+01,1.33456100e+01,1.32661800e+01,1.31846800e+01,1.30292100e+01,1.27309200e+01,1.15647800e+01,9.04464300e+00,7.57839200e+00,9.04464300e+00,1.15647800e+01,1.27309200e+01,1.30292100e+01,1.31846800e+01,1.32661800e+01,1.33456100e+01,1.54742200e+01
1.19766080e+06,-7.76314300e+00,1.54386300e+01,1.33425200e+01,1.32640000e+01,1.31855500e+01,1.30307000e+01,1.27337900e+01,1.15674200e+01,9.04619900e+00,7.57976600e+00,9.04619900e+00,1.15674200e+01,1.27337900e+01,1.30307000e+01,1.31855500e+01,1.32640000e+01,1.33425200e+01,1.54386300e+01
1.20166080e+06,-7.76342500e+00,1.54031400e+01,1.33397500e+01,1.32617900e+01,1.31863400e+01,1.30321900e+01,1.27366500e+01,1.15700700e+01,9.04775500e+00,7.58113900e+00,9.04775500e+00,1.15700700e+01,1.27366500e+01,1.30321900e+01,1.31863400e+01,1.32617900e+01,1.33397500e+01,1.54031400e+01
1.20566080e+06,-7.75989100e+00,1.53677700e+01,1.33372600e+01,1.32595600e+01,1.31870500e+01,1.30336700e+01,1.27394900e+01,1.15727100e+01,9.04930900e+00,7.58251200e+00,9.04930900e+00,1.15727100e+01,1.27394900e+01,1.30336700e+01,1.31870500e+01,1.32595600e+01,1.33372600e+01,1.53677700e+01
1.20966080e+06,-7.75633200e+00,1.53325700e+01,1.33350300e+01,1.32573200e+01,1.31876800e+01,1.30351400e+01,1.27423400e+01,1.15753500e+01,9.05086300e+00,7.58388500e+00,9.05086300e+00,1.15753500e+01,1.27423400e+01,1.30351400e+01,1.31876800e+01,1.32573200e+01,1.33350300e+01,1.53325700e+01
1.21366080e+06,-7.75275400e+00,1.52975400e+01,1.33330200e+01,1.32550900e+01,1.31882300e+01,1.30365900e+01,1.27451700e+01,1.15780000e+01,9.05241600e+00,7.58525700e+00,9.05241600e+00,1.15780000e+01,1.27451700e+01,1.30365900e+01,1.31882300e+01,1.32550900e+01,1.33330200e+01,1.52975400e+01
1.21766080e+06,-7.74916500e+00,1.52627200e+01,1.33312100e+01,1.32528800e+01,1.31887100e+01,1.30380400e+01,1.27479900e+01,1.15806400e+01,9.05396900e+00,7.58662900e+00,9.05396900e+00,1.15806400e+01,1.27479900e+01,1.30380400e+01,1.31887100e+01,1.32528800e+01,1.33312100e+01,1.52627200e+01
1.22166080e+06,-7.74556800e+00,1.52281300e+01,1.33295900e+01,1.32506800e+01,1.31891200e+01,1.30394700e+01,1.27508100e+01,1.15832800e+01,9.05552200e+00,7.58800100e+00,9.05552200e+00,1.15832800e+01,1.27508100e+01,1.30394700e+01,1.31891200e+01,1.32506800e+01,1.33295900e+01,1.52281300e+01
1.22566080e+06,-7.74197000e+00,1.51937800e+01,1.33281300e+01,1.32485200e+01,1.31894600e+01,1.30408900e+01,1.27536200e+01,1.15859300e+01,9.05707400e+00,7.58937200e+00,9.05707400e+00,1.15859300e+01,1.27536200e+01,1.30408900e+01,1.31894600e+01,1.32485200e+01,1.33281300e+01,1.51937800e+01
1.22966080e+06,-7.73837500e+00,1.51596900e+01,1.33268100e+01,1.32464000e+01,1.31897300e+01,1.30422900e+01,1.27564200e+01,1.15885700e+01,9.05862700e+00,7.59074400e+00,9.05862700e+00,1.15885700e+01,1.27564200e+01,1.30422900e+01,1.31897300e+01,1.32464000e+01,1.33268100e+01,1.51596900e+01
1.23366080e+06,-7.73478700e+00,1.51258800e+01,1.33256200e+01,1.32443200e+01,1.31899400e+01,1.30436900e+01,1.27592100e+01,1.15912200e+01,9.06017900e+00,7.59211700e+00,9.06017900e+00,1.15912200e+01,1.27592100e+01,1.30436900e+01,1.31899400e+01,1.32443200e+01,1.33256200e+01,1.51258800e+01
1.23766080e+06,-7.73121100e+00,1.50923500e+01,1.33245400e+01,1.32422900e+01,1.31901000e+01,1.30450700e+01,1.27620000e+01,1.15938600e+01,9.06173200e+00,7.59349000e+00,9.06173200e+00,1.15938600e+01,1.27620000e+01,1.30450700e+01,1.31901000e+01,1.32422900e+01,1.33245400e+01,1.50923500e+01
1.24166080e+06,-7.72765100e+00,1.50591200e+01,1.33235500e+01,1.32403200e+01,1.31901900e+01,1.30464400e+01,1.27647800e+01,1.15965100e+01,9.06328600e+00,7.59486300e+00,9.06328600e+00,1.15965100e+01,1.27647800e+01,1.30464400e+01,1.31901900e+01,1.32403200e+01,1.33235500e+01,1.50591200e+01
1.24566080e+06,-7.72411000e+00,1.50261900e+01,1.33226500e+01,1.32384200e+01,1.31902400e+01,1.30478000e+01,1.27675600e+01,1.15991600e+01,9.06484000e+00,7.59623700e+00,9.06484000e+00,1.15991600e+01,1.27675600e+01,1.30478000e+01,1.31902400e+01,1.32384200e+01,1.33226500e+01,1.50261900e+01
1.24966080e+06,-7.72059200e+00,1.49935700e+01,1.33218300e+01,1.32365700e+01,1.31902400e+01,1.30491400e+01,1.27703200e+01,1.16018100e+01,9.06639500e+00,7.59761200e+00,9.06639500e+00,1.16018100e+01,1.27703200e+01,1.30491400e+01,1.31902400e+01,1.32365700e+01,1.33218300e+01,1.49935700e+01
1.25366080e+06,-7.71710100e+00,1.49612700e+01,1.33210700e+01,1.32348000e+01,1.31902000e+01,1.30504800e+01,1.27730900e+01,1.16044600e+01,9.06795200e+00,7.59898900e+00,9.06795200e+00,1.16044600e+01,1.27730900e+01,1.30504800e+01,1.31902000e+01,1.32348000e+01,1.33210700e+01,1.49612700e+01
1.25766080e+06,-7.71363900e+00,1.49292900e+01,1.33203700e+01,1.32330900e+01,1.31901200e+01,1.30518000e+01,1.27758500e+01,1.16071200e+01,9.06950900e+00,7.60036700e+00,9.06950900e+00,1.16071200e+01,1.27758500e+01,1.30518000e+01,1.31901200e+01,1.32330900e+01,1.33203700e+01,1.49292900e+01
1.26166080e+06,-7.71021100e+00,1.48976300e+01,1.33197100e+01,1.32314500e+01,1.31900000e+01,1.30531100e+01,1.27786000e+01,1.16097800e+01,9.07106900e+00,7.60174600e+00,9.07106900e+00,1.16097800e+01,1.27786000e+01,1.30531100e+01,1.31900000e+01,1.32314500e+01,1.33197100e+01,1.48976300e+01
1.26566080e+06,-7.70682100e+00,1.48663000e+01,1.33191000e+01,1.32298900e+01,1.31898500e+01,1.30544100e+01,1.27813500e+01,1.16124400e+01,9.07263000e+00,7.60312800e+00,9.07263000e+00,1.16124400e+01,1.27813500e+01,1.30544100e+01,1.31898500e+01,1.32298900e+01,1.33191000e+01,1.48663000e+01
1.26966080e+06,-7.70347400e+00,1.48352900e+01,1.33185300e+01,1.32284000e+01,1.31896800e+01,1.30557000e+01,1.27840900e+01,1.16151000e+01,9.07419300e+00,7.60451100e+00,9.07419300e+00,1.16151000e+01,1.27840900e+01,1.30557000e+01,1.31896800e+01,1.32284000e+01,1.33185300e+01,1.48352900e+01
1.27366080e+06,-7.70017500e+00,1.48046100e+01,1.33180000e+01,1.32269900e+01,1.31894800e+01,1.30569700e+01,1.27868300e+01,1.16177700e+01,9.07575800e+00,7.60589600e+00,9.07575800e+00,1.16177700e+01,1.27868300e+01,1.30569700e+01,1.31894800e+01,1.32269900e+01,1.33180000e+01,1.48046100e+01
1.27766080e+06,-7.69692900e+00,1.47742500e+01,1.33174900e+01,1.32256500e+01,1.31892600e+01,1.30582400e+01,1.27895700e+01,1.16204500e+01,9.07732600e+00,7.60728400e+00,9.07732600e+00,1.16204500e+01,1.27895700e+01,1.30582400e+01,1.31892600e+01,1.32256500e+01,1.33174900e+01,1.47742500e+01
1.28166080e+06,-7.69374500e+00,1.47442200e+01,1.33170100e+01,1.32243800e+01,1.31890200e+01,1.30595000e+01,1.27923000e+01,1.16231200e+01,9.07889700e+00,7.60867500e+00,9.07889700e+00,1.16231200e+01,1.27923000e+01,1.30595000e+01,1.31890200e+01,1.32243800e+01,1.33170100e+01,1.47442200e+01
1.28566080e+06,-7.69063100e+00,1.47145100e+01,1.33165500e+01,1.32231900e+01,1.31887600e+01,1.30607400e+01,1.27950300e+01,1.16258100e+01,9.08047000e+00,7.61006900e+00,9.08047000e+00,1.16258100e+01,1.27950300e+01,1.30607400e+01,1.31887600e+01,1.32231900e+01,1.33165500e+01,1.47145100e+01
1.28966080e+06,-7.68759700e+00,1.46851100e+01,1.33161200e+01,1.32220700e+01,1.31885000e+01,1.30619800e+01,1.27977600e+01,1.16284900e+01,9.08204700e+00,7.61146500e+00,9.08204700e+00,1.16284900e+01,1.27977600e+01,1.30619800e+01,1.31885000e+01,1.32220700e+01,1.33161200e+01,1.46851100e+01
1.29366080e+06,-7.68465600e+00,1.46560400e+01,1.33157000e+01,1.32210200e+01,1.31882300e+01,1.30632100e+01,1.28004900e+01,1.16311900e+01,9.08362700e+00,7.61286500e+00,9.08362700e+00,1.16311900e+01,1.28004900e+01,1.30632100e+01,1.31882300e+01,1.32210200e+01,1.33157000e+01,1.46560400e+01
1.29766080e+06,-7.68182200e+00,1.46272800e+01,1.33153100e+01,1.32200400e+01,1.31879500e+01,1.30644300e+01,1.28032100e+01,1.16338900e+01,9.08521100e+00,7.61426800e+00,9.08521100e+00,1.16338900e+01,1.28032100e+01,1.30644300e+01,1.31879500e+01,1.32200400e+01,1.33153100e+01,1.46272800e+01
1.30166080e+06,-7.67911300e+00,1.45988300e+01,1.33149300e+01,1.32191400e+01,1.31876700e+01,1.30656400e+01,1.28059300e+01,1.16365900e+01,9.08679900e+00,7.61567500e+00,9.08679900e+00,1.16365900e+01,1.28059300e+01,1.30656400e+01,1.31876700e+01,1.32191400e+01,1.33149300e+01,1.45988300e+01
1.30566080e+06,-7.67655000e+00,1.45706900e+01,1.33145600e+01,1.32183000e+01,1.31873800e+01,1.30668400e+01,1.28086500e+01,1.16393000e+01,9.08839000e+00,7.61708600e+00,9.08839000e+00,1.16393000e+01,1.28086500e+01,1.30668400e+01,1.31873800e+01,1.32183000e+01,1.33145600e+01,1.45706900e+01
1.30966080e+06,-7.67415900e+00,1.45428500e+01,1.33142100e+01,1.32175300e+01,1.31871000e+01,1.30680400e+01,1.28113700e+01,1.16420200e+01,9.08998600e+00,7.61850100e+00,9.08998600e+00,1.16420200e+01,1.28113700e+01,1.30680400e+01,1.31871000e+01,1.32175300e+01,1.33142100e+01,1.45428500e+01
1.31366080e+06,-7.67196800e+00,1.45153100e+01,1.33138700e+01,1.32168200e+01,1.31868300e+01,1.30692300e+01,1.28140900e+01,1.16447400e+01,9.09158600e+00,7.61992000e+00,9.09158600e+00,1.16447400e+01,1.28140900e+01,1.30692300e+01,1.31868300e+01,1.32168200e+01,1.33138700e+01,1.45153100e+01
1.31766080e+06,-7.67001400e+00,1.44880700e+01,1.33135400e+01,1.32161800e+01,1.31865600e+01,1.30704100e+01,1.28168100e+01,1.16474700e+01,9.09319100e+00,7.62134300e+00,9.09319100e+00,1.16474700e+01,1.28168100e+01,1.30704100e+01,1.31865600e+01,1.32161800e+01,1.33135400e+01,1.44880700e+01
1.32166080e+06,-7.66833600e+00,1.44611300e+01,1.33132200e+01,1.32156100e+01,1.31863000e+01,1.30715900e+01,1.28195200e+01,1.16502100e+01,9.09480100e+00,7.62277100e+00,9.09480100e+00,1.16502100e+01,1.28195200e+01,1.30715900e+01,1.31863000e+01,1.32156100e+01,1.33132200e+01,1.44611300e+01
1.32566080e+06,-7.66698200e+00,1.44344700e+01,1.33129100e+01,1.32150900e+01,1.31860500e+01,1.30727600e+01,1.28222400e+01,1.16529500e+01,9.09641500e+00,7.62420300e+00,9.09641500e+00,1.16529500e+01,1.28222400e+01,1.30727600e+01,1.31860500e+01,1.32150900e+01,1.33129100e+01,1.44344700e+01
1.32966080e+06,-7.66600700e+00,1.44081000e+01,1.33126100e+01,1.32146300e+01,1.31858100e+01,1.30739200e+01,1.28249500e+01,1.16557000e+01,9.09803400e+00,7.62564000e+00,9.09803400e+00,1.16557000e+01,1.28249500e+01,1.30739200e+01,1.31858100e+01,1.32146300e+01,1.33126100e+01,1.44081000e+01
1.33366080e+06,-7.66547400e+00,1.43820100e+01,1.33123100e+01,1.32142300e+01,1.31855800e+01,1.30750800e+01,1.28276700e+01,1.16584600e+01,9.09965800e+00,7.62708200e+00,9.09965800e+00,1.16584600e+01,1.28276700e+01,1.30750800e+01,1.31855800e+01,1.32142300e+01,1.33123100e+01,1.43820100e+01
1.33766080e+06,-7.66545200e+00,1.43561900e+01,1.33120200e+01,1.32138900e+01,1.31853600e+01,1.30762300e+01,1.28303800e+01,1.16612300e+01,9.10128700e+00,7.62852800e+00,9.10128700e+00,1.16612300e+01,1.28303800e+01,1.30762300e+01,1.31853600e+01,1.32138900e+01,1.33120200e+01,1.43561900e+01
1.34166080e+06,-7.66602000e+00,1.43306500e+01,1.33117300e+01,1.32135900e+01,1.31851600e+01,1.30773700e+01,1.28330900e+01,1.16640100e+01,9.10292100e+00,7.62998000e+00,9.10292100e+00,1.16640100e+01,1.28330900e+01,1.30773700e+01,1.31851600e+01,1.32135900e+01,1.33117300e+01,1.43306500e+01
1.34566080e+06,-7.66726100e+00,1.43053800e+01,1.33114300e+01,1.32133500e+01,1.31849600e+01,1.30785100e+01,1.28358000e+01,1.16667900e+01,9.10455900e+00,7.63143500e+00,9.10455900e+00,1.16667900e+01,1.28358000e+01,1.30785100e+01,1.31849600e+01,1.32133500e+01,1.33114300e+01,1.43053800e+01
1.34966080e+06,-7.66926600e+00,1.42803800e+01,1.33111300e+01,1.32131500e+01,1.31847800e+01,1.30796400e+01,1.28385100e+01,1.16695800e+01,9.10620200e+00,7.63289500e+00,9.10620200e+00,1.16695800e+01,1.28385100e+01,1.30796400e+01,1.31847800e+01,1.32131500e+01,1.33111300e+01,1.42803800e+01
1.35366080e+06,-7.67212700e+00,1.42556400e+01,1.33108200e+01,1.32129900e+01,1.31846200e+01,1.30807600e+01,1.28412200e+01,1.16723800e+01,9.10785000e+00,7.63436000e+00,9.10785000e+00,1.16723800e+01,1.28412200e+01,1.30807600e+01,1.31846200e+01,1.32129900e+01,1.33108200e+01,1.42556400e+01
1.35766080e+06,-7.67593800e+00,1.42311500e+01,1.33105000e+01,1.32128800e+01,1.31844600e+01,1.30818700e+01,1.28439200e+01,1.16751800e+01,9.10950200e+00,7.63582800e+00,9.10950200e+00,1.16751800e+01,1.28439200e+01,1.30818700e+01,1.31844600e+01,1.32128800e+01,1.33105000e+01,1.42311500e+01
1.36166080e+06,-7.68078600e+00,1.42069200e+01,1.33101600e+01,1.32128000e+01,1.31843100e+01,1.30829800e+01,1.28466200e+01,1.16779900e+01,9.11115800e+00,7.63730100e+00,9.11115800e+00,1.16779900e+01,1.28466200e+01,1.30829800e+01,1.31843100e+01,1.32128000e+01,1.33101600e+01,1.42069200e+01
1.36566080e+06,-7.68675000e+00,1.41829400e+01,1.33098000e+01,1.32127600e+01,1.31841700e+01,1.30840700e+01,1.28493200e+01,1.16808000e+01,9.11281800e+00,7.63877700e+00,9.11281800e+00,1.16808000e+01,1.28493200e+01,1.30840700e+01,1.31841700e+01,1.32127600e+01,1.33098000e+01,1.41829400e+01
1.36966080e+06,-7.69389300e+00,1.41592100e+01,1.33094100e+01,1.32127500e+01,1.31840400e+01,1.30851500e+01,1.28520100e+01,1.16836300e+01,9.11448100e+00,7.64025600e+00,9.11448100e+00,1.16836300e+01,1.28520100e+01,1.30851500e+01,1.31840400e+01,1.32127500e+01,1.33094100e+01,1.41592100e+01
1.37366080e+06,-7.70225700e+00,1.41357300e+01,1.33089900e+01,1.32127600e+01,1.31839100e+01,1.30862200e+01,1.28546900e+01,1.16864500e+01,9.11614600e+00,7.64173700e+00,9.11614600e+00,1.16864500e+01,1.28546900e+01,1.30862200e+01,1.31839100e+01,1.32127600e+01,1.33089900e+01,1.41357300e+01
1.37766080e+06,-7.71185700e+00,1.41124900e+01,1.33085300e+01,1.32128000e+01,1.31837800e+01,1.30872800e+01,1.28573700e+01,1.16892800e+01,9.11781400e+00,7.64322100e+00,9.11781400e+00,1.16892800e+01,1.28573700e+01,1.30872800e+01,1.31837800e+01,1.32128000e+01,1.33085300e+01,1.41124900e+01
1.38166080e+06,-7.71593700e+00,1.40894900e+01,1.33080200e+01,1.32128600e+01,1.31836500e+01,1.30883200e+01,1.28600400e+01,1.16921200e+01,9.11948300e+00,7.64470700e+00,9.11948300e+00,1.16921200e+01,1.28600400e+01,1.30883200e+01,1.31836500e+01,1.32128600e+01,1.33080200e+01,1.40894900e+01
1.38566080e+06,-7.71120800e+00,1.40667300e+01,1.33074700e+01,1.32129400e+01,1.31835200e+01,1.30893400e+01,1.28627000e+01,1.16949500e+01,9.12115400e+00,7.64619400e+00,9.12115400e+00,1.16949500e+01,1.28627000e+01,1.30893400e+01,1.31835200e+01,1.32129400e+01,1.33074700e+01,1.40667300e+01
1.38966080e+06,-7.70682300e+00,1.40442100e+01,1.33068600e+01,1.32130300e+01,1.31833800e+01,1.30903500e+01,1.28653500e+01,1.16977900e+01,9.12282600e+00,7.64768300e+00,9.12282600e+00,1.16977900e+01,1.28653500e+01,1.30903500e+01,1.31833800e+01,1.32130300e+01,1.33068600e+01,1.40442100e+01
1.39366080e+06,-7.70284700e+00,1.40219300e+01,1.33062000e+01,1.32131400e+01,1.31832300e+01,1.30913300e+01,1.28679900e+01,1.17006400e+01,9.12449800e+00,7.64917200e+00,9.12449800e+00,1.17006400e+01,1.28679900e+01,1.30913300e+01,1.31832300e+01,1.32131400e+01,1.33062000e+01,1.40219300e+01
1.39766080e+06,-7.69935300e+00,1.39998900e+01,1.33054800e+01,1.32132500e+01,1.31830800e+01,1.30923000e+01,1.28706200e+01,1.17034800e+01,9.12617100e+00,7.65066200e+00,9.12617100e+00,1.17034800e+01,1.28706200e+01,1.30923000e+01,1.31830800e+01,1.32132500e+01,1.33054800e+01,1.39998900e+01
1.40166080e+06,-7.69641800e+00,1.39781000e+01,1.33046900e+01,1.32133800e+01,1.31829100e+01,1.30932500e+01,1.28732300e+01,1.17063300e+01,9.12784300e+00,7.65215100e+00,9.12784300e+00,1.17063300e+01,1.28732300e+01,1.30932500e+01,1.31829100e+01,1.32133800e+01,1.33046900e+01,1.39781000e+01
1.40566080e+06,-7.69412700e+00,1.39565500e+01,1.33038400e+01,1.32135100e+01,1.31827400e+01,1.30941700e+01,1.28758400e+01,1.17091700e+01,9.12951500e+00,7.65364100e+00,9.12951500e+00,1.17091700e+01,1.28758400e+01,1.30941700e+01,1.31827400e+01,1.32135100e+01,1.33038400e+01,1.39565500e+01
1.40966080e+06,-7.69257000e+00,1.39352400e+01,1.33029200e+01,1.32136500e+01,1.31825500e+01,1.30950800e+01,1.28784300e+01,1.17120200e+01,9.13118700e+00,7.65513100e+00,9.13118700e+00,1.17120200e+01,1.28784300e+01,1.30950800e+01,1.31825500e+01,1.32136500e+01,1.33029200e+01,1.39352400e+01
1.41366080e+06,-7.69183600e+00,1.39141800e+01,1.33019400e+01,1.32137900e+01,1.31823500e+01,1.30959600e+01,1.28810000e+01,1.17148700e+01,9.13285800e+00,7.65662000e+00,9.13285800e+00,1.17148700e+01,1.28810000e+01,1.30959600e+01,1.31823500e+01,1.32137900e+01,1.33019400e+01,1.39141800e+01
1.41766080e+06,-7.68870600e+00,1.38933800e+01,1.33008900e+01,1.32139400e+01,1.31821300e+01,1.30968200e+01,1.28835600e+01,1.17177200e+01,9.13452900e+00,7.65810900e+00,9.13452900e+00,1.17177200e+01,1.28835600e+01,1.30968200e+01,1.31821300e+01,1.32139400e+01,1.33008900e+01,1.38933800e+01
1.42166080e+06,-7.68364400e+00,1.38728300e+01,1.32997800e+01,1.32140900e+01,1.31819000e+01,1.30976600e+01,1.28861100e+01,1.17205600e+01,9.13619800e+00,7.65959800e+00,9.13619800e+00,1.17205600e+01,1.28861100e+01,1.30976600e+01,1.31819000e+01,1.32140900e+01,1.32997800e+01,1.38728300e+01
1.42566080e+06,-7.67903800e+00,1.38525300e+01,1.32986000e+01,1.32142500e+01,1.31816600e+01,1.30984700e+01,1.28886400e+01,1.17234100e+01,9.13786800e+00,7.66108600e+00,9.13786800e+00,1.17234100e+01,1.28886400e+01,1.30984700e+01,1.31816600e+01,1.32142500e+01,1.32986000e+01,1.38525300e+01
1.42966080e+06,-7.67497100e+00,1.38325000e+01,1.32973700e+01,1.32144000e+01,1.31814000e+01,1.30992700e+01,1.28911600e+01,1.17262700e+01,9.13953600e+00,7.66257400e+00,9.13953600e+00,1.17262700e+01,1.28911600e+01,1.30992700e+01,1.31814000e+01,1.32144000e+01,1.32973700e+01,1.38325000e+01
1.43366080e+06,-7.67153000e+00,1.38127300e+01,1.32960800e+01,1.32145600e+01,1.31811300e+01,1.31000400e+01,1.28936600e+01,1.17291200e+01,9.14120400e+00,7.66406200e+00,9.14120400e+00,1.17291200e+01,1.28936600e+01,1.31000400e+01,1.31811300e+01,1.32145600e+01,1.32960800e+01,1.38127300e+01
1.43766080e+06,-7.66881000e+00,1.37932300e+01,1.32947300e+01,1.32147200e+01,1.31808500e+01,1.31007900e+01,1.28961400e+01,1.17319700e+01,9.14287100e+00,7.66555000e+00,9.14287100e+00,1.17319700e+01,1.28961400e+01,1.31007900e+01,1.31808500e+01,1.32147200e+01,1.32947300e+01,1.37932300e+01
1.44166080e+06,-7.66691100e+00,1.37740100e+01,1.32933300e+01,1.32148800e+01,1.31805500e+01,1.31015200e+01,1.28986200e+01,1.17348200e+01,9.14453800e+00,7.66703700e+00,9.14453800e+00,1.17348200e+01,1.28986200e+01,1.31015200e+01,1.31805500e+01,1.32148800e+01,1.32933300e+01,1.37740100e+01
1.44566080e+06,-7.66593700e+00,1.37550600e+01,1.32918900e+01,1.32150300e+01,1.31802400e+01,1.31022300e+01,1.29010700e+01,1.17376700e+01,9.14620400e+00,7.66852400e+00,9.14620400e+00,1.17376700e+01,1.29010700e+01,1.31022300e+01,1.31802400e+01,1.32150300e+01,1.32918900e+01,1.37550600e+01
1.44966080e+06,-7.66599500e+00,1.37363900e+01,1.32903900e+01,1.32151900e+01,1.31799200e+01,1.31029200e+01,1.29035200e+01,1.17405300e+01,9.14786900e+00,7.67001000e+00,9.14786900e+00,1.17405300e+01,1.29035200e+01,1.31029200e+01,1.31799200e+01,1.32151900e+01,1.32903900e+01,1.37363900e+01
1.45366080e+06,-7.66718800e+00,1.37180100e+01,1.32888600e+01,1.32153400e+01,1.31796000e+01,1.31035900e+01,1.29059400e+01,1.17433800e+01,9.14953400e+00,7.67149700e+00,9.14953400e+00,1.17433800e+01,1.29059400e+01,1.31035900e+01,1.31796000e+01,1.32153400e+01,1.32888600e+01,1.37180100e+01
1.45766080e+06,-7.66961400e+00,1.36999100e+01,1.32872800e+01,1.32154900e+01,1.31792600e+01,1.31042400e+01,1.29083600e+01,1.17462400e+01,9.15119800e+00,7.67298200e+00,9.15119800e+00,1.17462400e+01,1.29083600e+01,1.31042400e+01,1.31792600e+01,1.32154900e+01,1.32872800e+01,1.36999100e+01
1.46166080e+06,-7.67336000e+00,1.36821100e+01,1.32856700e+01,1.32156300e+01,1.31789100e+01,1.31048700e+01,1.29107500e+01,1.17491000e+01,9.15286100e+00,7.67446800e+00,9.15286100e+00,1.17491000e+01,1.29107500e+01,1.31048700e+01,1.31789100e+01,1.32156300e+01,1.32856700e+01,1.36821100e+01
1.46566080e+06,-7.67849500e+00,1.36646000e+01,1.32840200e+01,1.32157700e+01,1.31785600e+01,1.31054800e+01,1.29131400e+01,1.17519500e+01,9.15452300e+00,7.67595200e+00,9.15452300e+00,1.17519500e+01,1.29131400e+01,1.31054800e+01,1.31785600e+01,1.32157700e+01,1.32840200e+01,1.36646000e+01
1.46966080e+06,-7.68506800e+00,1.36473900e+01,1.32823400e+01,1.32159000e+01,1.31781900e+01,1.31060700e+01,1.29155000e+01,1.17548100e+01,9.15618500e+00,7.67743600e+00,9.15618500e+00,1.17548100e+01,1.29155000e+01,1.31060700e+01,1.31781900e+01,1.32159000e+01,1.32823400e+01,1.36473900e+01
1.47366080e+06,-7.69309700e+00,1.36304900e+01,1.32806400e+01,1.32160200e+01,1.31778200e+01,1.31066400e+01,1.29178500e+01,1.17576700e+01,9.15784500e+00,7.67892000e+00,9.15784500e+00,1.17576700e+01,1.29178500e+01,1.31066400e+01,1.31778200e+01,1.32160200e+01,1.32806400e+01,1.36304900e+01
1.47766080e+06,-7.70150700e+00,1.36138900e+01,1.32789000e+01,1.32161300e+01,1.31774400e+01,1.31072000e+01,1.29201900e+01,1.17605300e+01,9.15950500e+00,7.68040200e+00,9.15950500e+00,1.17605300e+01,1.29201900e+01,1.31072000e+01,1.31774400e+01,1.32161300e+01,1.32789000e+01,1.36138900e+01
1.48166080e+06,-7.69613300e+00,1.35976100e+01,1.32771400e+01,1.32162300e+01,1.31770600e+01,1.31077300e+01,1.29225000e+01,1.17633900e+01,9.16116300e+00,7.68188400e+00,9.16116300e+00,1.17633900e+01,1.29225000e+01,1.31077300e+01,1.31770600e+01,1.32162300e+01,1.32771400e+01,1.35976100e+01
1.48566080e+06,-7.69115700e+00,1.35816400e+01,1.32753600e+01,1.32163100e+01,1.31766700e+01,1.31082500e+01,1.29248100e+01,1.17662500e+01,9.16282000e+00,7.68336500e+00,9.16282000e+00,1.17662500e+01,1.29248100e+01,1.31082500e+01,1.31766700e+01,1.32163100e+01,1.32753600e+01,1.35816400e+01
1.48966080e+06,-7.68659300e+00,1.35659800e+01,1.32735500e+01,1.32163800e+01,1.31762800e+01,1.31087500e+01,1.29270900e+01,1.17691100e+01,9.16447500e+00,7.68484400e+00,9.16447500e+00,1.17691100e+01,1.29270900e+01,1.31087500e+01,1.31762800e+01,1.32163800e+01,1.32735500e+01,1.35659800e+01
1.49366080e+06,-7.68244800e+00,1.35506500e+01,1.32717300e+01,1.32164400e+01,1.31758800e+01,1.31092300e+01,1.29293600e+01,1.17719700e+01,9.16613000e+00,7.68632300e+00,9.16613000e+00,1.17719700e+01,1.29293600e+01,1.31092300e+01,1.31758800e+01,1.32164400e+01,1.32717300e+01,1.35506500e+01
1.49766080e+06,-7.67872400e+00,1.35356300e+01,1.32698900e+01,1.32164800e+01,1.31754800e+01,1.31096900e+01,1.29316100e+01,1.17748300e+01,9.16778300e+00,7.68780100e+00,9.16778300e+00,1.17748300e+01,1.29316100e+01,1.31096900e+01,1.31754800e+01,1.32164800e+01,1.32698900e+01,1.35356300e+01
1.50166080e+06,-7.67541800e+00,1.35209500e+01,1.32680300e+01,1.32165100e+01,1.31750700e+01,1.31101400e+01,1.29338500e+01,1.17777000e+01,9.16943500e+00,7.68927700e+00,9.16943500e+00,1.17777000e+01,1.29338500e+01,1.31101400e+01,1.31750700e+01,1.32165100e+01,1.32680300e+01,1.35209500e+01
1.50566080e+06,-7.67252100e+00,1.35065800e+01,1.32661500e+01,1.32165100e+01,1.31746600e+01,1.31105700e+01,1.29360700e+01,1.17805600e+01,9.17108700e+00,7.69075300e+00,9.17108700e+00,1.17805600e+01,1.29360700e+01,1.31105700e+01,1.31746600e+01,1.32165100e+01,1.32661500e+01,1.35065800e+01
1.50966080e+06,-7.67002300e+00,1.34925500e+01,1.32642600e+01,1.32165000e+01,1.31742500e+01,1.31109900e+01,1.29382800e+01,1.17834200e+01,9.17273700e+00,7.69222800e+00,9.17273700e+00,1.17834200e+01,1.29382800e+01,1.31109900e+01,1.31742500e+01,1.32165000e+01,1.32642600e+01,1.34925500e+01
1.51366080e+06,-7.66791400e+00,1.34788500e+01,1.32623600e+01,1.32164700e+01,1.31738400e+01,1.31113900e+01,1.29404600e+01,1.17862900e+01,9.17438600e+00,7.69370300e+00,9.17438600e+00,1.17862900e+01,1.29404600e+01,1.31113900e+01,1.31738400e+01,1.32164700e+01,1.32623600e+01,1.34788500e+01
1.51766080e+06,-7.66618000e+00,1.34654700e+01,1.32604400e+01,1.32164100e+01,1.31734200e+01,1.31117700e+01,1.29426400e+01,1.17891600e+01,9.17603500e+00,7.69517700e+00,9.17603500e+00,1.17891600e+01,1.29426400e+01,1.31117700e+01,1.31734200e+01,1.32164100e+01,1.32604400e+01,1.34654700e+01
1.52166080e+06,-7.66481300e+00,1.34524300e+01,1.32585100e+01,1.32163400e+01,1.31730100e+01,1.31121400e+01,1.29447900e+01,1.17920200e+01,9.17768300e+00,7.69665000e+00,9.17768300e+00,1.17920200e+01,1.29447900e+01,1.31121400e+01,1.31730100e+01,1.32163400e+01,1.32585100e+01,1.34524300e+01
1.52566080e+06,-7.66380400e+00,1.34397100e+01,1.32565700e+01,1.32162400e+01,1.31725900e+01,1.31125000e+01,1.29469300e+01,1.17948900e+01,9.17933100e+00,7.69812400e+00,9.17933100e+00,1.17948900e+01,1.29469300e+01,1.31125000e+01,1.31725900e+01,1.32162400e+01,1.32565700e+01,1.34397100e+01
1.52966080e+06,-7.66315100e+00,1.34273300e+01,1.32546100e+01,1.32161200e+01,1.31721700e+01,1.31128400e+01,1.29490600e+01,1.17977600e+01,9.18097800e+00,7.69959700e+00,9.18097800e+00,1.17977600e+01,1.29490600e+01,1.31128400e+01,1.31721700e+01,1.32161200e+01,1.32546100e+01,1.34273300e+01
1.53366080e+06,-7.66285500e+00,1.34152700e+01,1.32526500e+01,1.32159800e+01,1.31717500e+01,1.31131600e+01,1.29511700e+01,1.18006400e+01,9.18262600e+00,7.70107000e+00,9.18262600e+00,1.18006400e+01,1.29511700e+01,1.31131600e+01,1.31717500e+01,1.32159800e+01,1.32526500e+01,1.34152700e+01
1.53766080e+06,-7.66292400e+00,1.34035400e+01,1.32506700e+01,1.32158100e+01,1.31713300e+01,1.31134800e+01,1.29532600e+01,1.18035100e+01,9.18427300e+00,7.70254400e+00,9.18427300e+00,1.18035100e+01,1.29532600e+01,1.31134800e+01,1.31713300e+01,1.32158100e+01,1.32506700e+01,1.34035400e+01
1.54166080e+06,-7.66337300e+00,1.33921300e+01,1.32486900e+01,1.32156200e+01,1.31709200e+01,1.31137800e+01,1.29553400e+01,1.18063900e+01,9.18592100e+00,7.70401800e+00,9.18592100e+00,1.18063900e+01,1.29553400e+01,1.31137800e+01,1.31709200e+01,1.32156200e+01,1.32486900e+01,1.33921300e+01
1.54566080e+06,-7.66422300e+00,1.33810500e+01,1.32466900e+01,1.32154100e+01,1.31705000e+01,1.31140700e+01,1.29574000e+01,1.18092700e+01,9.18756900e+00,7.70549200e+00,9.18756900e+00,1.18092700e+01,1.29574000e+01,1.31140700e+01,1.31705000e+01,1.32154100e+01,1.32466900e+01,1.33810500e+01
1.54966080e+06,-7.66550500e+00,1.33702900e+01,1.32446900e+01,1.32151700e+01,1.31700800e+01,1.31143500e+01,1.29594500e+01,1.18121500e+01,9.18921700e+00,7.70696700e+00,9.18921700e+00,1.18121500e+01,1.29594500e+01,1.31143500e+01,1.31700800e+01,1.32151700e+01,1.32446900e+01,1.33702900e+01
1.55366080e+06,-7.66725700e+00,1.33598400e+01,1.32426800e+01,1.32149100e+01,1.31696600e+01,1.31146100e+01,1.29614800e+01,1.18150400e+01,9.19086600e+00,7.70844200e+00,9.19086600e+00,1.18150400e+01,1.29614800e+01,1.31146100e+01,1.31696600e+01,1.32149100e+01,1.32426800e+01,1.33598400e+01
1.55766080e+06,-7.66952400e+00,1.33497000e+01,1.32406500e+01,1.32146200e+01,1.31692500e+01,1.31148700e+01,1.29635000e+01,1.18179200e+01,9.19251600e+00,7.70991800e+00,9.19251600e+00,1.18179200e+01,1.29635000e+01,1.31148700e+01,1.31692500e+01,1.32146200e+01,1.32406500e+01,1.33497000e+01
1.56166080e+06,-7.67235900e+00,1.33398700e+01,1.32386200e+01,1.32143000e+01,1.31688300e+01,1.31151100e+01,1.29655000e+01,1.18208100e+01,9.19416600e+00,7.71139400e+00,9.19416600e+00,1.18208100e+01,1.29655000e+01,1.31151100e+01,1.31688300e+01,1.32143000e+01,1.32386200e+01,1.33398700e+01
1.56566080e+06,-7.67582400e+00,1.33303400e+01,1.32365800e+01,1.32139700e+01,1.31684200e+01,1.31153400e+01,1.29674800e+01,1.18237100e+01,9.19581600e+00,7.71287100e+00,9.19581600e+00,1.18237100e+01,1.29674800e+01,1.31153400e+01,1.31684200e+01,1.32139700e+01,1.32365800e+01,1.33303400e+01
1.56966080e+06,-7.67998100e+00,1.33211100e+01,1.32345400e+01,1.32136000e+01,1.31680100e+01,1.31155600e+01,1.29694500e+01,1.18266000e+01,9.19746700e+00,7.71434900e+00,9.19746700e+00,1.18266000e+01,1.29694500e+01,1.31155600e+01,1.31680100e+01,1.32136000e+01,1.32345400e+01,1.33211100e+01
1.57366080e+06,-7.68489700e+00,1.33121800e+01,1.32324800e+01,1.32132100e+01,1.31675900e+01,1.31157700e+01,1.29714100e+01,1.18295000e+01,9.19911800e+00,7.71582600e+00,9.19911800e+00,1.18295000e+01,1.29714100e+01,1.31157700e+01,1.31675900e+01,1.32132100e+01,1.32324800e+01,1.33121800e+01
1.57766080e+06,-7.69063700e+00,1.33035300e+01,1.32304200e+01,1.32128000e+01,1.31671800e+01,1.31159800e+01,1.29733500e+01,1.18324000e+01,9.20077000e+00,7.71730500e+00,9.20077000e+00,1.18324000e+01,1.29733500e+01,1.31159800e+01,1.31671800e+01,1.32128000e+01,1.32304200e+01,1.33035300e+01
1.58166080e+06,-7.69726300e+00,1.32951600e+01,1.32283500e+01,1.32123600e+01,1.31667700e+01,1.31161700e+01,1.29752700e+01,1.18353000e+01,9.20242200e+00,7.71878300e+00,9.20242200e+00,1.18353000e+01,1.29752700e+01,1.31161700e+01,1.31667700e+01,1.32123600e+01,1.32283500e+01,1.32951600e+01
1.58566080e+06,-7.70482700e+00,1.32870700e+01,1.32262800e+01,1.32118900e+01,1.31663600e+01,1.31163500e+01,1.29771700e+01,1.18382100e+01,9.20407300e+00,7.72026100e+00,9.20407300e+00,1.18382100e+01,1.29771700e+01,1.31163500e+01,1.31663600e+01,1.32118900e+01,1.32262800e+01,1.32870700e+01
1.58966080e+06,-7.71336600e+00,1.32792500e+01,1.32242000e+01,1.32114000e+01,1.31659500e+01,1.31165200e+01,1.29790700e+01,1.18411100e+01,9.20572500e+00,7.72174000e+00,9.20572500e+00,1.18411100e+01,1.29790700e+01,1.31165200e+01,1.31659500e+01,1.32114000e+01,1.32242000e+01,1.32792500e+01
1.59366080e+06,-7.72290300e+00,1.32716900e+01,1.32221100e+01,1.32108900e+01,1.31655400e+01,1.31166800e+01,1.29809400e+01,1.18440200e+01,9.20737600e+00,7.72321800e+00,9.20737600e+00,1.18440200e+01,1.29809400e+01,1.31166800e+01,1.31655400e+01,1.32108900e+01,1.32221100e+01,1.32716900e+01
1.59766080e+06,-7.72791700e+00,1.32643800e+01,1.32200200e+01,1.32103500e+01,1.31651300e+01,1.31168300e+01,1.29828000e+01,1.18469300e+01,9.20902700e+00,7.72469500e+00,9.20902700e+00,1.18469300e+01,1.29828000e+01,1.31168300e+01,1.31651300e+01,1.32103500e+01,1.32200200e+01,1.32643800e+01
1.60166080e+06,-7.72358400e+00,1.32573300e+01,1.32179300e+01,1.32097800e+01,1.31647200e+01,1.31169700e+01,1.29846400e+01,1.18498400e+01,9.21067700e+00,7.72617200e+00,9.21067700e+00,1.18498400e+01,1.29846400e+01,1.31169700e+01,1.31647200e+01,1.32097800e+01,1.32179300e+01,1.32573300e+01
1.60566080e+06,-7.71957200e+00,1.32505200e+01,1.32158400e+01,1.32092000e+01,1.31643100e+01,1.31171000e+01,1.29864600e+01,1.18527600e+01,9.21232700e+00,7.72764800e+00,9.21232700e+00,1.18527600e+01,1.29864600e+01,1.31171000e+01,1.31643100e+01,1.32092000e+01,1.32158400e+01,1.32505200e+01
1.60966080e+06,-7.71588200e+00,1.32439400e+01,1.32137500e+01,1.32085900e+01,1.31639000e+01,1.31172200e+01,1.29882700e+01,1.18556700e+01,9.21397500e+00,7.72912300e+00,9.21397500e+00,1.18556700e+01,1.29882700e+01,1.31172200e+01,1.31639000e+01,1.32085900e+01,1.32137500e+01,1.32439400e+01
1.61366080e+06,-7.71251200e+00,1.32376000e+01,1.32116600e+01,1.32079500e+01,1.31634900e+01,1.31173400e+01,1.29900600e+01,1.18585900e+01,9.21562300e+00,7.73059700e+00,9.21562300e+00,1.18585900e+01,1.29900600e+01,1.31173400e+01,1.31634900e+01,1.32079500e+01,1.32116600e+01,1.32376000e+01
1.61766080e+06,-7.70945400e+00,1.32314700e+01,1.32095700e+01,1.32073000e+01,1.31630800e+01,1.31174400e+01,1.29918300e+01,1.18615100e+01,9.21726900e+00,7.73206900e+00,9.21726900e+00,1.18615100e+01,1.29918300e+01,1.31174400e+01,1.31630800e+01,1.32073000e+01,1.32095700e+01,1.32314700e+01
1.62166080e+06,-7.70670000e+00,1.32255600e+01,1.32074800e+01,1.32066300e+01,1.31626700e+01,1.31175400e+01,1.29935800e+01,1.18644200e+01,9.21891400e+00,7.73354100e+00,9.21891400e+00,1.18644200e+01,1.29935800e+01,1.31175400e+01,1.31626700e+01,1.32066300e+01,1.32074800e+01,1.32255600e+01
1.62566080e+06,-7.70423400e+00,1.32198600e+01,1.32054000e+01,1.32059300e+01,1.31622600e+01,1.31176200e+01,1.29953200e+01,1.18673400e+01,9.22055700e+00,7.73501000e+00,9.22055700e+00,1.18673400e+01,1.29953200e+01,1.31176200e+01,1.31622600e+01,1.32059300e+01,1.32054000e+01,1.32198600e+01
1.62966080e+06,-7.70204300e+00,1.32143600e+01,1.32033300e+01,1.32052200e+01,1.31618400e+01,1.31177000e+01,1.29970400e+01,1.18702600e+01,9.22220000e+00,7.73647900e+00,9.22220000e+00,1.18702600e+01,1.29970400e+01,1.31177000e+01,1.31618400e+01,1.32052200e+01,1.32033300e+01,1.32143600e+01
1.63366080e+06,-7.70010900e+00,1.32090600e+01,1.32012600e+01,1.32044800e+01,1.31614300e+01,1.31177700e+01,1.29987400e+01,1.18731800e+01,9.22384000e+00,7.73794600e+00,9.22384000e+00,1.18731800e+01,1.29987400e+01,1.31177700e+01,1.31614300e+01,1.32044800e+01,1.32012600e+01,1.32090600e+01
1.63766080e+06,-7.69841100e+00,1.32039500e+01,1.31992000e+01,1.32037300e+01,1.31610200e+01,1.31178300e+01,1.30004300e+01,1.18761000e+01,9.22548000e+00,7.73941100e+00,9.22548000e+00,1.18761000e+01,1.30004300e+01,1.31178300e+01,1.31610200e+01,1.32037300e+01,1.31992000e+01,1.32039500e+01
1.64166080e+06,-7.69693100e+00,1.31990100e+01,1.31971600e+01,1.32029700e+01,1.31606000e+01,1.31178900e+01,1.30021000e+01,1.18790300e+01,9.22711800e+00,7.74087600e+00,9.22711800e+00,1.18790300e+01,1.30021000e+01,1.31178900e+01,1.31606000e+01,1.32029700e+01,1.31971600e+01,1.31990100e+01
1.64566080e+06,-7.69564800e+00,1.31942600e+01,1.31951200e+01,1.32021800e+01,1.31601900e+01,1.31179300e+01,1.30037500e+01,1.18819500e+01,9.22875500e+00,7.74233800e+00,9.22875500e+00,1.18819500e+01,1.30037500e+01,1.31179300e+01,1.31601900e+01,1.32021800e+01,1.31951200e+01,1.31942600e+01
1.64966080e+06,-7.69454100e+00,1.31896700e+01,1.31931000e+01,1.32013900e+01,1.31597700e+01,1.31179700e+01,1.30053800e+01,1.18848800e+01,9.23039100e+00,7.74380000e+00,9.23039100e+00,1.18848800e+01,1.30053800e+01,1.31179700e+01,1.31597700e+01,1.32013900e+01,1.31931000e+01,1.31896700e+01
1.65366080e+06,-7.69359400e+00,1.31852500e+01,1.31911000e+01,1.32005800e+01,1.31593600e+01,1.31180100e+01,1.30070000e+01,1.18878000e+01,9.23202600e+00,7.74526100e+00,9.23202600e+00,1.18878000e+01,1.30070000e+01,1.31180100e+01,1.31593600e+01,1.32005800e+01,1.31911000e+01,1.31852500e+01
1.65766080e+06,-7.69278600e+00,1.31809900e+01,1.31891100e+01,1.31997600e+01,1.31589500e+01,1.31180300e+01,1.30085900e+01,1.18907300e+01,9.23366000e+00,7.74672000e+00,9.23366000e+00,1.18907300e+01,1.30085900e+01,1.31180300e+01,1.31589500e+01,1.31997600e+01,1.31891100e+01,1.31809900e+01
1.66166080e+06,-7.69210200e+00,1.31768800e+01,1.31871400e+01,1.31989300e+01,1.31585300e+01,1.31180500e+01,1.30101800e+01,1.18936600e+01,9.23529400e+00,7.74817900e+00,9.23529400e+00,1.18936600e+01,1.30101800e+01,1.31180500e+01,1.31585300e+01,1.31989300e+01,1.31871400e+01,1.31768800e+01
1.66566080e+06,-7.69152700e+00,1.31729100e+01,1.31851800e+01,1.31980800e+01,1.31581200e+01,1.31180700e+01,1.30117400e+01,1.18965900e+01,9.23692700e+00,7.74963700e+00,9.23692700e+00,1.18965900e+01,1.30117400e+01,1.31180700e+01,1.31581200e+01,1.31980800e+01,1.31851800e+01,1.31729100e+01
1.66966080e+06,-7.69104700e+00,1.31690900e+01,1.31832500e+01,1.31972300e+01,1.31577100e+01,1.31180800e+01,1.30132900e+01,1.18995200e+01,9.23855900e+00,7.75109400e+00,9.23855900e+00,1.18995200e+01,1.30132900e+01,1.31180800e+01,1.31577100e+01,1.31972300e+01,1.31832500e+01,1.31690900e+01
1.67366080e+06,-7.69065300e+00,1.31654100e+01,1.31813400e+01,1.31963800e+01,1.31573000e+01,1.31180900e+01,1.30148300e+01,1.19024500e+01,9.24019100e+00,7.75255100e+00,9.24019100e+00,1.19024500e+01,1.30148300e+01,1.31180900e+01,1.31573000e+01,1.31963800e+01,1.31813400e+01,1.31654100e+01
1.67766080e+06,-7.69033400e+00,1.31618500e+01,1.31794600e+01,1.31955100e+01,1.31568900e+01,1.31180900e+01,1.30163400e+01,1.19053900e+01,9.24182200e+00,7.75400800e+00,9.24182200e+00,1.19053900e+01,1.30163400e+01,1.31180900e+01,1.31568900e+01,1.31955100e+01,1.31794600e+01,1.31618500e+01
1.68166080e+06,-7.69008300e+00,1.31584300e+01,1.31775900e+01,1.31946400e+01,1.31564900e+01,1.31180800e+01,1.30178500e+01,1.19083300e+01,9.24345400e+00,7.75546400e+00,9.24345400e+00,1.19083300e+01,1.30178500e+01,1.31180800e+01,1.31564900e+01,1.31946400e+01,1.31775900e+01,1.31584300e+01
1.68566080e+06,-7.68989700e+00,1.31551300e+01,1.31757600e+01,1.31937700e+01,1.31560800e+01,1.31180700e+01,1.30193300e+01,1.19112700e+01,9.24508600e+00,7.75692000e+00,9.24508600e+00,1.19112700e+01,1.30193300e+01,1.31180700e+01,1.31560800e+01,1.31937700e+01,1.31757600e+01,1.31551300e+01
1.68966080e+06,-7.68977200e+00,1.31519400e+01,1.31739400e+01,1.31928900e+01,1.31556800e+01,1.31180600e+01,1.30208000e+01,1.19142100e+01,9.24671800e+00,7.75837700e+00,9.24671800e+00,1.19142100e+01,1.30208000e+01,1.31180600e+01,1.31556800e+01,1.31928900e+01,1.31739400e+01,1.31519400e+01
1.69366080e+06,-7.68970900e+00,1.31488700e+01,1.31721500e+01,1.31920100e+01,1.31552800e+01,1.31180500e+01,1.30222600e+01,1.19171600e+01,9.24835000e+00,7.75983300e+00,9.24835000e+00,1.19171600e+01,1.30222600e+01,1.31180500e+01,1.31552800e+01,1.31920100e+01,1.31721500e+01,1.31488700e+01
1.69766080e+06,-7.68971200e+00,1.31459100e+01,1.31703900e+01,1.31911400e+01,1.31548800e+01,1.31180300e+01,1.30237000e+01,1.19201000e+01,9.24998200e+00,7.76128900e+00,9.24998200e+00,1.19201000e+01,1.30237000e+01,1.31180300e+01,1.31548800e+01,1.31911400e+01,1.31703900e+01,1.31459100e+01
1.70166080e+06,-7.68978600e+00,1.31430500e+01,1.31686600e+01,1.31902600e+01,1.31544900e+01,1.31180100e+01,1.30251200e+01,1.19230500e+01,9.25161600e+00,7.76274600e+00,9.25161600e+00,1.19230500e+01,1.30251200e+01,1.31180100e+01,1.31544900e+01,1.31902600e+01,1.31686600e+01,1.31430500e+01
1.70566080e+06,-7.68993900e+00,1.31403000e+01,1.31669600e+01,1.31893800e+01,1.31541000e+01,1.31179900e+01,1.30265300e+01,1.19260100e+01,9.25324900e+00,7.76420400e+00,9.25324900e+00,1.19260100e+01,1.30265300e+01,1.31179900e+01,1.31541000e+01,1.31893800e+01,1.31669600e+01,1.31403000e+01
1.70966080e+06,-7.69018400e+00,1.31376400e+01,1.31652800e+01,1.31885000e+01,1.31537100e+01,1.31179700e+01,1.30279300e+01,1.19289600e+01,9.25488400e+00,7.76566100e+00,9.25488400e+00,1.19289600e+01,1.30279300e+01,1.31179700e+01,1.31537100e+01,1.31885000e+01,1.31652800e+01,1.31376400e+01
1.71366080e+06,-7.69053600e+00,1.31350800e+01,1.31636300e+01,1.31876200e+01,1.31533200e+01,1.31179400e+01,1.30293100e+01,1.19319200e+01,9.25651900e+00,7.76712000e+00,9.25651900e+00,1.19319200e+01,1.30293100e+01,1.31179400e+01,1.31533200e+01,1.31876200e+01,1.31636300e+01,1.31350800e+01
1.71766080e+06,-7.69101400e+00,1.31326100e+01,1.31620100e+01,1.31867500e+01,1.31529400e+01,1.31179100e+01,1.30306700e+01,1.19348800e+01,9.25815500e+00,7.76857900e+00,9.25815500e+00,1.19348800e+01,1.30306700e+01,1.31179100e+01,1.31529400e+01,1.31867500e+01,1.31620100e+01,1.31326100e+01
1.72166080e+06,-7.69164300e+00,1.31302300e+01,1.31604200e+01,1.31858800e+01,1.31525600e+01,1.31178800e+01,1.30320200e+01,1.19378500e+01,9.25979200e+00,7.77003900e+00,9.25979200e+00,1.19378500e+01,1.30320200e+01,1.31178800e+01,1.31525600e+01,1.31858800e+01,1.31604200e+01,1.31302300e+01
1.72566080e+06,-7.69245000e+00,1.31279300e+01,1.31588600e+01,1.31850200e+01,1.31521800e+01,1.31178500e+01,1.30333600e+01,1.19408200e+01,9.26143000e+00,7.77149900e+00,9.26143000e+00,1.19408200e+01,1.30333600e+01,1.31178500e+01,1.31521800e+01,1.31850200e+01,1.31588600e+01,1.31279300e+01
1.72966080e+06,-7.69346700e+00,1.31257100e+01,1.31573300e+01,1.31841600e+01,1.31518100e+01,1.31178200e+01,1.30346800e+01,1.19437900e+01,9.26306900e+00,7.77296000e+00,9.26306900e+00,1.19437900e+01,1.30346800e+01,1.31178200e+01,1.31518100e+01,1.31841600e+01,1.31573300e+01,1.31257100e+01
1.73366080e+06,-7.69473100e+00,1.31235600e+01,1.31558200e+01,1.31833000e+01,1.31514400e+01,1.31177800e+01,1.30359900e+01,1.19467600e+01,9.26470800e+00,7.77442200e+00,9.26470800e+00,1.19467600e+01,1.30359900e+01,1.31177800e+01,1.31514400e+01,1.31833000e+01,1.31558200e+01,1.31235600e+01
1.73766080e+06,-7.69628600e+00,1.31214900e+01,1.31543500e+01,1.31824500e+01,1.31510700e+01,1.31177500e+01,1.30372800e+01,1.19497400e+01,9.26634900e+00,7.77588400e+00,9.26634900e+00,1.19497400e+01,1.30372800e+01,1.31177500e+01,1.31510700e+01,1.31824500e+01,1.31543500e+01,1.31214900e+01
1.74166080e+06,-7.69817900e+00,1.31195000e+01,1.31529000e+01,1.31816000e+01,1.31507100e+01,1.31177100e+01,1.30385600e+01,1.19527200e+01,9.26799000e+00,7.77734700e+00,9.26799000e+00,1.19527200e+01,1.30385600e+01,1.31177100e+01,1.31507100e+01,1.31816000e+01,1.31529000e+01,1.31195000e+01
1.74566080e+06,-7.70046100e+00,1.31175700e+01,1.31514800e+01,1.31807600e+01,1.31503500e+01,1.31176700e+01,1.30398200e+01,1.19557000e+01,9.26963200e+00,7.77881000e+00,9.26963200e+00,1.19557000e+01,1.30398200e+01,1.31176700e+01,1.31503500e+01,1.31807600e+01,1.31514800e+01,1.31175700e+01
1.74966080e+06,-7.70319000e+00,1.31157000e+01,1.31500800e+01,1.31799300e+01,1.31499800e+01,1.31176300e+01,1.30410700e+01,1.19586800e+01,9.27127400e+00,7.78027300e+00,9.27127400e+00,1.19586800e+01,1.30410700e+01,1.31176300e+01,1.31499800e+01,1.31799300e+01,1.31500800e+01,1.31157000e+01
1.75366080e+06,-7.70642600e+00,1.31139000e+01,1.31487100e+01,1.31791000e+01,1.31496300e+01,1.31175900e+01,1.30423000e+01,1.19616700e+01,9.27291700e+00,7.78173700e+00,9.27291700e+00,1.19616700e+01,1.30423000e+01,1.31175900e+01,1.31496300e+01,1.31791000e+01,1.31487100e+01,1.31139000e+01
1.75766080e+06,-7.71023000e+00,1.31121500e+01,1.31473700e+01,1.31782700e+01,1.31492700e+01,1.31175400e+01,1.30435200e+01,1.19646600e+01,9.27456000e+00,7.78320000e+00,9.27456000e+00,1.19646600e+01,1.30435200e+01,1.31175400e+01,1.31492700e+01,1.31782700e+01,1.31473700e+01,1.31121500e+01
1.76166080e+06,-7.71466600e+00,1.31104600e+01,1.31460600e+01,1.31774500e+01,1.31489100e+01,1.31175000e+01,1.30447200e+01,1.19676500e+01,9.27620200e+00,7.78466300e+00,9.27620200e+00,1.19676500e+01,1.30447200e+01,1.31175000e+01,1.31489100e+01,1.31774500e+01,1.31460600e+01,1.31104600e+01
1.76566080e+06,-7.71979500e+00,1.31088300e+01,1.31447600e+01,1.31766400e+01,1.31485500e+01,1.31174500e+01,1.30459100e+01,1.19706400e+01,9.27784500e+00,7.78612600e+00,9.27784500e+00,1.19706400e+01,1.30459100e+01,1.31174500e+01,1.31485500e+01,1.31766400e+01,1.31447600e+01,1.31088300e+01
1.76966080e+06,-7.72567300e+00,1.31072400e+01,1.31434900e+01,1.31758300e+01,1.31482000e+01,1.31173900e+01,1.30470700e+01,1.19736300e+01,9.27948700e+00,7.78758800e+00,9.27948700e+00,1.19736300e+01,1.30470700e+01,1.31173900e+01,1.31482000e+01,1.31758300e+01,1.31434900e+01,1.31072400e+01
1.77366080e+06,-7.73235100e+00,1.31057000e+01,1.31422500e+01,1.31750200e+01,1.31478400e+01,1.31173300e+01,1.30482300e+01,1.19766300e+01,9.28112800e+00,7.78904900e+00,9.28112800e+00,1.19766300e+01,1.30482300e+01,1.31173300e+01,1.31478400e+01,1.31750200e+01,1.31422500e+01,1.31057000e+01
1.77766080e+06,-7.73986700e+00,1.31042000e+01,1.31410200e+01,1.31742100e+01,1.31474800e+01,1.31172700e+01,1.30493600e+01,1.19796200e+01,9.28276800e+00,7.79050800e+00,9.28276800e+00,1.19796200e+01,1.30493600e+01,1.31172700e+01,1.31474800e+01,1.31742100e+01,1.31410200e+01,1.31042000e+01
1.78166080e+06,-7.73898400e+00,1.31027500e+01,1.31398100e+01,1.31734100e+01,1.31471200e+01,1.31172100e+01,1.30504800e+01,1.19826200e+01,9.28440700e+00,7.79196600e+00,9.28440700e+00,1.19826200e+01,1.30504800e+01,1.31172100e+01,1.31471200e+01,1.31734100e+01,1.31398100e+01,1.31027500e+01
1.78566080e+06,-7.73759300e+00,1.31013300e+01,1.31386300e+01,1.31726100e+01,1.31467600e+01,1.31171400e+01,1.30515800e+01,1.19856100e+01,9.28604400e+00,7.79342200e+00,9.28604400e+00,1.19856100e+01,1.30515800e+01,1.31171400e+01,1.31467600e+01,1.31726100e+01,1.31386300e+01,1.31013300e+01
1.78966080e+06,-7.73628000e+00,1.30999500e+01,1.31374600e+01,1.31718100e+01,1.31463900e+01,1.31170600e+01,1.30526700e+01,1.19886000e+01,9.28767900e+00,7.79487600e+00,9.28767900e+00,1.19886000e+01,1.30526700e+01,1.31170600e+01,1.31463900e+01,1.31718100e+01,1.31374600e+01,1.30999500e+01
1.79366080e+06,-7.73504200e+00,1.30986100e+01,1.31363100e+01,1.31710200e+01,1.31460200e+01,1.31169800e+01,1.30537300e+01,1.19916000e+01,9.28931200e+00,7.79632800e+00,9.28931200e+00,1.19916000e+01,1.30537300e+01,1.31169800e+01,1.31460200e+01,1.31710200e+01,1.31363100e+01,1.30986100e+01
1.79766080e+06,-7.73387600e+00,1.30972900e+01,1.31351800e+01,1.31702200e+01,1.31456500e+01,1.31168900e+01,1.30547800e+01,1.19945900e+01,9.29094300e+00,7.79777700e+00,9.29094300e+00,1.19945900e+01,1.30547800e+01,1.31168900e+01,1.31456500e+01,1.31702200e+01,1.31351800e+01,1.30972900e+01
1.80166080e+06,-7.73278000e+00,1.30960100e+01,1.31340600e+01,1.31694200e+01,1.31452800e+01,1.31168000e+01,1.30558100e+01,1.19975800e+01,9.29257100e+00,7.79922400e+00,9.29257100e+00,1.19975800e+01,1.30558100e+01,1.31168000e+01,1.31452800e+01,1.31694200e+01,1.31340600e+01,1.30960100e+01
1.80566080e+06,-7.73174700e+00,1.30947500e+01,1.31329600e+01,1.31686300e+01,1.31449000e+01,1.31167000e+01,1.30568200e+01,1.20005700e+01,9.29419700e+00,7.80066800e+00,9.29419700e+00,1.20005700e+01,1.30568200e+01,1.31167000e+01,1.31449000e+01,1.31686300e+01,1.31329600e+01,1.30947500e+01
1.80966080e+06,-7.73077300e+00,1.30935200e+01,1.31318800e+01,1.31678300e+01,1.31445100e+01,1.31166000e+01,1.30578200e+01,1.20035600e+01,9.29582100e+00,7.80210900e+00,9.29582100e+00,1.20035600e+01,1.30578200e+01,1.31166000e+01,1.31445100e+01,1.31678300e+01,1.31318800e+01,1.30935200e+01
1.81366080e+06,-7.72985400e+00,1.30923100e+01,1.31308100e+01,1.31670400e+01,1.31441300e+01,1.31164900e+01,1.30587900e+01,1.20065400e+01,9.29744100e+00,7.80354700e+00,9.29744100e+00,1.20065400e+01,1.30587900e+01,1.31164900e+01,1.31441300e+01,1.31670400e+01,1.31308100e+01,1.30923100e+01
1.81766080e+06,-7.72898200e+00,1.30911300e+01,1.31297600e+01,1.31662400e+01,1.31437400e+01,1.31163700e+01,1.30597500e+01,1.20095300e+01,9.29905900e+00,7.80498200e+00,9.29905900e+00,1.20095300e+01,1.30597500e+01,1.31163700e+01,1.31437400e+01,1.31662400e+01,1.31297600e+01,1.30911300e+01
1.82166080e+06,-7.72815500e+00,1.30899600e+01,1.31287200e+01,1.31654400e+01,1.31433400e+01,1.31162500e+01,1.30606800e+01,1.20125100e+01,9.30067500e+00,7.80641400e+00,9.30067500e+00,1.20125100e+01,1.30606800e+01,1.31162500e+01,1.31433400e+01,1.31654400e+01,1.31287200e+01,1.30899600e+01
1.82566080e+06,-7.72736800e+00,1.30888200e+01,1.31276900e+01,1.31646400e+01,1.31429400e+01,1.31161200e+01,1.30616000e+01,1.20154900e+01,9.30228700e+00,7.80784400e+00,9.30228700e+00,1.20154900e+01,1.30616000e+01,1.31161200e+01,1.31429400e+01,1.31646400e+01,1.31276900e+01,1.30888200e+01
1.82966080e+06,-7.72661800e+00,1.30876900e+01,1.31266800e+01,1.31638400e+01,1.31425400e+01,1.31159900e+01,1.30625000e+01,1.20184700e+01,9.30389700e+00,7.80927000e+00,9.30389700e+00,1.20184700e+01,1.30625000e+01,1.31159900e+01,1.31425400e+01,1.31638400e+01,1.31266800e+01,1.30876900e+01
1.83366080e+06,-7.72590300e+00,1.30865800e+01,1.31256800e+01,1.31630500e+01,1.31421400e+01,1.31158500e+01,1.30633900e+01,1.20214500e+01,9.30550500e+00,7.81069400e+00,9.30550500e+00,1.20214500e+01,1.30633900e+01,1.31158500e+01,1.31421400e+01,1.31630500e+01,1.31256800e+01,1.30865800e+01
1.83766080e+06,-7.72522200e+00,1.30854800e+01,1.31247000e+01,1.31622400e+01,1.31417300e+01,1.31157100e+01,1.30642500e+01,1.20244300e+01,9.30711000e+00,7.81211500e+00,9.30711000e+00,1.20244300e+01,1.30642500e+01,1.31157100e+01,1.31417300e+01,1.31622400e+01,1.31247000e+01,1.30854800e+01
1.84166080e+06,-7.72457900e+00,1.30844000e+01,1.31237200e+01,1.31614400e+01,1.31413200e+01,1.31155600e+01,1.30651000e+01,1.20274000e+01,9.30871300e+00,7.81353300e+00,9.30871300e+00,1.20274000e+01,1.30651000e+01,1.31155600e+01,1.31413200e+01,1.31614400e+01,1.31237200e+01,1.30844000e+01
1.84566080e+06,-7.72397500e+00,1.30833300e+01,1.31227700e+01,1.31606400e+01,1.31409000e+01,1.31154100e+01,1.30659300e+01,1.20303800e+01,9.31031300e+00,7.81494900e+00,9.31031300e+00,1.20303800e+01,1.30659300e+01,1.31154100e+01,1.31409000e+01,1.31606400e+01,1.31227700e+01,1.30833300e+01
1.84966080e+06,-7.72341700e+00,1.30822800e+01,1.31218200e+01,1.31598400e+01,1.31404900e+01,1.31152500e+01,1.30667500e+01,1.20333500e+01,9.31191200e+00,7.81636300e+00,9.31191200e+00,1.20333500e+01,1.30667500e+01,1.31152500e+01,1.31404900e+01,1.31598400e+01,1.31218200e+01,1.30822800e+01
1.85366080e+06,-7.72291300e+00,1.30812300e+01,1.31208900e+01,1.31590400e+01,1.31400700e+01,1.31150900e+01,1.30675400e+01,1.20363200e+01,9.31350800e+00,7.81777400e+00,9.31350800e+00,1.20363200e+01,1.30675400e+01,1.31150900e+01,1.31400700e+01,1.31590400e+01,1.31208900e+01,1.30812300e+01
1.85766080e+06,-7.72247500e+00,1.30802000e+01,1.31199700e+01,1.31582300e+01,1.31396400e+01,1.31149200e+01,1.30683200e+01,1.20392900e+01,9.31510300e+00,7.81918300e+00,9.31510300e+00,1.20392900e+01,1.30683200e+01,1.31149200e+01,1.31396400e+01,1.31582300e+01,1.31199700e+01,1.30802000e+01
1.86166080e+06,-7.72211700e+00,1.30791700e+01,1.31190600e+01,1.31574300e+01,1.31392200e+01,1.31147500e+01,1.30690900e+01,1.20422600e+01,9.31669500e+00,7.82059100e+00,9.31669500e+00,1.20422600e+01,1.30690900e+01,1.31147500e+01,1.31392200e+01,1.31574300e+01,1.31190600e+01,1.30791700e+01
1.86566080e+06,-7.72185700e+00,1.30781600e+01,1.31181700e+01,1.31566200e+01,1.31387900e+01,1.31145700e+01,1.30698300e+01,1.20452300e+01,9.31828700e+00,7.82199600e+00,9.31828700e+00,1.20452300e+01,1.30698300e+01,1.31145700e+01,1.31387900e+01,1.31566200e+01,1.31181700e+01,1.30781600e+01
1.86966080e+06,-7.72171500e+00,1.30771500e+01,1.31172900e+01,1.31558200e+01,1.31383700e+01,1.31143900e+01,1.30705700e+01,1.20481900e+01,9.31987600e+00,7.82339900e+00,9.31987600e+00,1.20481900e+01,1.30705700e+01,1.31143900e+01,1.31383700e+01,1.31558200e+01,1.31172900e+01,1.30771500e+01
1.87366080e+06,-7.72171800e+00,1.30761500e+01,1.31164200e+01,1.31550100e+01,1.31379400e+01,1.31142100e+01,1.30712800e+01,1.20511600e+01,9.32146400e+00,7.82480100e+00,9.32146400e+00,1.20511600e+01,1.30712800e+01,1.31142100e+01,1.31379400e+01,1.31550100e+01,1.31164200e+01,1.30761500e+01
1.87766080e+06,-7.72189300e+00,1.30751600e+01,1.31155600e+01,1.31542100e+01,1.31375100e+01,1.31140200e+01,1.30719800e+01,1.20541300e+01,9.32305100e+00,7.82620100e+00,9.32305100e+00,1.20541300e+01,1.30719800e+01,1.31140200e+01,1.31375100e+01,1.31542100e+01,1.31155600e+01,1.30751600e+01
1.88166080e+06,-7.72227600e+00,1.30741700e+01,1.31147200e+01,1.31534000e+01,1.31370800e+01,1.31138300e+01,1.30726600e+01,1.20570900e+01,9.32463700e+00,7.82759900e+00,9.32463700e+00,1.20570900e+01,1.30726600e+01,1.31138300e+01,1.31370800e+01,1.31534000e+01,1.31147200e+01,1.30741700e+01
1.88566080e+06,-7.72290400e+00,1.30731900e+01,1.31138900e+01,1.31525900e+01,1.31366400e+01,1.31136400e+01,1.30733300e+01,1.20600500e+01,9.32622100e+00,7.82899600e+00,9.32622100e+00,1.20600500e+01,1.30733300e+01,1.31136400e+01,1.31366400e+01,1.31525900e+01,1.31138900e+01,1.30731900e+01
1.88966080e+06,-7.72344400e+00,1.30722200e+01,1.31130700e+01,1.31517900e+01,1.31362100e+01,1.31134400e+01,1.30739800e+01,1.20630200e+01,9.32780500e+00,7.83039200e+00,9.32780500e+00,1.20630200e+01,1.30739800e+01,1.31134400e+01,1.31362100e+01,1.31517900e+01,1.31130700e+01,1.30722200e+01
1.89366080e+06,-7.72319800e+00,1.30712500e+01,1.31122600e+01,1.31509800e+01,1.31357700e+01,1.31132500e+01,1.30746200e+01,1.20659800e+01,9.32938700e+00,7.83178600e+00,9.32938700e+00,1.20659800e+01,1.30746200e+01,1.31132500e+01,1.31357700e+01,1.31509800e+01,1.31122600e+01,1.30712500e+01
1.89766080e+06,-7.72291800e+00,1.30702900e+01,1.31114700e+01,1.31501800e+01,1.31353400e+01,1.31130400e+01,1.30752400e+01,1.20689400e+01,9.33096800e+00,7.83317900e+00,9.33096800e+00,1.20689400e+01,1.30752400e+01,1.31130400e+01,1.31353400e+01,1.31501800e+01,1.31114700e+01,1.30702900e+01
1.90166080e+06,-7.72260500e+00,1.30693300e+01,1.31106900e+01,1.31493800e+01,1.31349000e+01,1.31128400e+01,1.30758500e+01,1.20719000e+01,9.33254900e+00,7.83457100e+00,9.33254900e+00,1.20719000e+01,1.30758500e+01,1.31128400e+01,1.31349000e+01,1.31493800e+01,1.31106900e+01,1.30693300e+01
1.90566080e+06,-7.72226000e+00,1.30683800e+01,1.31099100e+01,1.31485700e+01,1.31344700e+01,1.31126300e+01,1.30764400e+01,1.20748600e+01,9.33412800e+00,7.83596200e+00,9.33412800e+00,1.20748600e+01,1.30764400e+01,1.31126300e+01,1.31344700e+01,1.31485700e+01,1.31099100e+01,1.30683800e+01
1.90966080e+06,-7.72188400e+00,1.30674300e+01,1.31091600e+01,1.31477700e+01,1.31340300e+01,1.31124200e+01,1.30770200e+01,1.20778200e+01,9.33570700e+00,7.83735100e+00,9.33570700e+00,1.20778200e+01,1.30770200e+01,1.31124200e+01,1.31340300e+01,1.31477700e+01,1.31091600e+01,1.30674300e+01
1.91366080e+06,-7.72148300e+00,1.30664900e+01,1.31084100e+01,1.31469700e+01,1.31335900e+01,1.31122100e+01,1.30775800e+01,1.20807700e+01,9.33728500e+00,7.83873900e+00,9.33728500e+00,1.20807700e+01,1.30775800e+01,1.31122100e+01,1.31335900e+01,1.31469700e+01,1.31084100e+01,1.30664900e+01
1.91766080e+06,-7.72106300e+00,1.30655500e+01,1.31076700e+01,1.31461700e+01,1.31331600e+01,1.31120000e+01,1.30781300e+01,1.20837300e+01,9.33886200e+00,7.84012600e+00,9.33886200e+00,1.20837300e+01,1.30781300e+01,1.31120000e+01,1.31331600e+01,1.31461700e+01,1.31076700e+01,1.30655500e+01
1.92166080e+06,-7.72063200e+00,1.30646100e+01,1.31069500e+01,1.31453700e+01,1.31327200e+01,1.31117800e+01,1.30786700e+01,1.20866900e+01,9.34043700e+00,7.84151200e+00,9.34043700e+00,1.20866900e+01,1.30786700e+01,1.31117800e+01,1.31327200e+01,1.31453700e+01,1.31069500e+01,1.30646100e+01
1.92566080e+06,-7.72019900e+00,1.30636800e+01,1.31062300e+01,1.31445700e+01,1.31322800e+01,1.31115600e+01,1.30791800e+01,1.20896400e+01,9.34201200e+00,7.84289600e+00,9.34201200e+00,1.20896400e+01,1.30791800e+01,1.31115600e+01,1.31322800e+01,1.31445700e+01,1.31062300e+01,1.30636800e+01
1.92966080e+06,-7.71977700e+00,1.30627500e+01,1.31055300e+01,1.31437800e+01,1.31318400e+01,1.31113400e+01,1.30796900e+01,1.20925900e+01,9.34358600e+00,7.84427900e+00,9.34358600e+00,1.20925900e+01,1.30796900e+01,1.31113400e+01,1.31318400e+01,1.31437800e+01,1.31055300e+01,1.30627500e+01
1.93366080e+06,-7.71938100e+00,1.30618200e+01,1.31048300e+01,1.31429800e+01,1.31314000e+01,1.31111200e+01,1.30801800e+01,1.20955500e+01,9.34515900e+00,7.84566100e+00,9.34515900e+00,1.20955500e+01,1.30801800e+01,1.31111200e+01,1.31314000e+01,1.31429800e+01,1.31048300e+01,1.30618200e+01
1.93766080e+06,-7.71902700e+00,1.30608900e+01,1.31041500e+01,1.31421900e+01,1.31309600e+01,1.31108900e+01,1.30806600e+01,1.20985000e+01,9.34673000e+00,7.84704100e+00,9.34673000e+00,1.20985000e+01,1.30806600e+01,1.31108900e+01,1.31309600e+01,1.31421900e+01,1.31041500e+01,1.30608900e+01
1.94166080e+06,-7.71873600e+00,1.30599700e+01,1.31034800e+01,1.31414000e+01,1.31305200e+01,1.31106600e+01,1.30811200e+01,1.21014400e+01,9.34830000e+00,7.84841900e+00,9.34830000e+00,1.21014400e+01,1.30811200e+01,1.31106600e+01,1.31305200e+01,1.31414000e+01,1.31034800e+01,1.30599700e+01
1.94566080e+06,-7.71852900e+00,1.30590500e+01,1.31028100e+01,1.31406100e+01,1.31300800e+01,1.31104300e+01,1.30815600e+01,1.21043900e+01,9.34986900e+00,7.84979600e+00,9.34986900e+00,1.21043900e+01,1.30815600e+01,1.31104300e+01,1.31300800e+01,1.31406100e+01,1.31028100e+01,1.30590500e+01
1.94966080e+06,-7.71843300e+00,1.30581400e+01,1.31021600e+01,1.31398200e+01,1.31296400e+01,1.31102000e+01,1.30820000e+01,1.21073400e+01,9.35143600e+00,7.85117100e+00,9.35143600e+00,1.21073400e+01,1.30820000e+01,1.31102000e+01,1.31296400e+01,1.31398200e+01,1.31021600e+01,1.30581400e+01
1.95366080e+06,-7.71847600e+00,1.30572300e+01,1.31015100e+01,1.31390300e+01,1.31292000e+01,1.31099600e+01,1.30824100e+01,1.21102800e+01,9.35300200e+00,7.85254400e+00,9.35300200e+00,1.21102800e+01,1.30824100e+01,1.31099600e+01,1.31292000e+01,1.31390300e+01,1.31015100e+01,1.30572300e+01
1.95766080e+06,-7.71869200e+00,1.30563100e+01,1.31008800e+01,1.31382400e+01,1.31287500e+01,1.31097200e+01,1.30828200e+01,1.21132200e+01,9.35456600e+00,7.85391500e+00,9.35456600e+00,1.21132200e+01,1.30828200e+01,1.31097200e+01,1.31287500e+01,1.31382400e+01,1.31008800e+01,1.30563100e+01
1.96166080e+06,-7.71911500e+00,1.30554100e+01,1.31002500e+01,1.31374600e+01,1.31283100e+01,1.31094800e+01,1.30832100e+01,1.21161600e+01,9.35612900e+00,7.85528500e+00,9.35612900e+00,1.21161600e+01,1.30832100e+01,1.31094800e+01,1.31283100e+01,1.31374600e+01,1.31002500e+01,1.30554100e+01
1.96566080e+06,-7.71978600e+00,1.30545000e+01,1.30996300e+01,1.31366700e+01,1.31278700e+01,1.31092300e+01,1.30835800e+01,1.21190900e+01,9.35769000e+00,7.85665200e+00,9.35769000e+00,1.21190900e+01,1.30835800e+01,1.31092300e+01,1.31278700e+01,1.31366700e+01,1.30996300e+01,1.30545000e+01
1.96966080e+06,-7.72074800e+00,1.30535900e+01,1.30990200e+01,1.31358900e+01,1.31274200e+01,1.31089800e+01,1.30839400e+01,1.21220300e+01,9.35924900e+00,7.85801700e+00,9.35924900e+00,1.21220300e+01,1.30839400e+01,1.31089800e+01,1.31274200e+01,1.31358900e+01,1.30990200e+01,1.30535900e+01
1.97366080e+06,-7.72205100e+00,1.30526900e+01,1.30984200e+01,1.31351100e+01,1.31269800e+01,1.31087300e+01,1.30842900e+01,1.21249600e+01,9.36080700e+00,7.85938000e+00,9.36080700e+00,1.21249600e+01,1.30842900e+01,1.31087300e+01,1.31269800e+01,1.31351100e+01,1.30984200e+01,1.30526900e+01
1.97766080e+06,-7.72374300e+00,1.30517900e+01,1.30978200e+01,1.31343400e+01,1.31265300e+01,1.31084800e+01,1.30846200e+01,1.21278800e+01,9.36236200e+00,7.86074100e+00,9.36236200e+00,1.21278800e+01,1.30846200e+01,1.31084800e+01,1.31265300e+01,1.31343400e+01,1.30978200e+01,1.30517900e+01
1.98166080e+06,-7.72588100e+00,1.30509000e+01,1.30972300e+01,1.31335600e+01,1.31260800e+01,1.31082200e+01,1.30849400e+01,1.21308100e+01,9.36391600e+00,7.86210000e+00,9.36391600e+00,1.21308100e+01,1.30849400e+01,1.31082200e+01,1.31260800e+01,1.31335600e+01,1.30972300e+01,1.30509000e+01
1.98566080e+06,-7.72852000e+00,1.30500000e+01,1.30966500e+01,1.31327900e+01,1.31256300e+01,1.31079600e+01,1.30852400e+01,1.21337300e+01,9.36546800e+00,7.86345700e+00,9.36546800e+00,1.21337300e+01,1.30852400e+01,1.31079600e+01,1.31256300e+01,1.31327900e+01,1.30966500e+01,1.30500000e+01
1.98966080e+06,-7.73171800e+00,1.30491100e+01,1.30960800e+01,1.31320200e+01,1.31251800e+01,1.31077000e+01,1.30855400e+01,1.21366500e+01,9.36701800e+00,7.86481100e+00,9.36701800e+00,1.21366500e+01,1.30855400e+01,1.31077000e+01,1.31251800e+01,1.31320200e+01,1.30960800e+01,1.30491100e+01
1.99366080e+06,-7.73553300e+00,1.30482200e+01,1.30955100e+01,1.31312500e+01,1.31247400e+01,1.31074400e+01,1.30858100e+01,1.21395700e+01,9.36856600e+00,7.86616300e+00,9.36856600e+00,1.21395700e+01,1.30858100e+01,1.31074400e+01,1.31247400e+01,1.31312500e+01,1.30955100e+01,1.30482200e+01
1.99766080e+06,-7.74002000e+00,1.30473400e+01,1.30949500e+01,1.31304900e+01,1.31242900e+01,1.31071700e+01,1.30860800e+01,1.21424800e+01,9.37011200e+00,7.86751200e+00,9.37011200e+00,1.21424800e+01,1.30860800e+01,1.31071700e+01,1.31242900e+01,1.31304900e+01,1.30949500e+01,1.30473400e+01
2.00166080e+06,-7.74523100e+00,1.30464500e+01,1.30944000e+01,1.31297200e+01,1.31238400e+01,1.31069000e+01,1.30863300e+01,1.21453900e+01,9.37165500e+00,7.86885900e+00,9.37165500e+00,1.21453900e+01,1.30863300e+01,1.31069000e+01,1.31238400e+01,1.31297200e+01,1.30944000e+01,1.30464500e+01
2.00566080e+06,-7.75121000e+00,1.30455700e+01,1.30938500e+01,1.31289600e+01,1.31233900e+01,1.31066300e+01,1.30865600e+01,1.21483000e+01,9.37319700e+00,7.87020400e+00,9.37319700e+00,1.21483000e+01,1.30865600e+01,1.31066300e+01,1.31233900e+01,1.31289600e+01,1.30938500e+01,1.30455700e+01
2.00966080e+06,-7.75799300e+00,1.30447000e+01,1.30933100e+01,1.31282100e+01,1.31229300e+01,1.31063600e+01,1.30867800e+01,1.21512000e+01,9.37473700e+00,7.87154600e+00,9.37473700e+00,1.21512000e+01,1.30867800e+01,1.31063600e+01,1.31229300e+01,1.31282100e+01,1.30933100e+01,1.30447000e+01
2.01366080e+06,-7.76541300e+00,1.30438200e+01,1.30927800e+01,1.31274500e+01,1.31224800e+01,1.31060800e+01,1.30869900e+01,1.21541000e+01,9.37627400e+00,7.87288500e+00,9.37627400e+00,1.21541000e+01,1.30869900e+01,1.31060800e+01,1.31224800e+01,1.31274500e+01,1.30927800e+01,1.30438200e+01
2.01766080e+06,-7.76258100e+00,1.30429500e+01,1.30922500e+01,1.31267000e+01,1.31220300e+01,1.31058100e+01,1.30871900e+01,1.21569900e+01,9.37780900e+00,7.87422100e+00,9.37780900e+00,1.21569900e+01,1.30871900e+01,1.31058100e+01,1.31220300e+01,1.31267000e+01,1.30922500e+01,1.30429500e+01
2.02166080e+06,-7.76004200e+00,1.30420800e+01,1.30917300e+01,1.31259600e+01,1.31215800e+01,1.31055300e+01,1.30873800e+01,1.21598900e+01,9.37934100e+00,7.87555500e+00,9.37934100e+00,1.21598900e+01,1.30873800e+01,1.31055300e+01,1.31215800e+01,1.31259600e+01,1.30917300e+01,1.30420800e+01
2.02566080e+06,-7.75779500e+00,1.30412200e+01,1.30912100e+01,1.31252100e+01,1.31211200e+01,1.31052400e+01,1.30875500e+01,1.21627700e+01,9.38087100e+00,7.87688500e+00,9.38087100e+00,1.21627700e+01,1.30875500e+01,1.31052400e+01,1.31211200e+01,1.31252100e+01,1.30912100e+01,1.30412200e+01
2.02966080e+06,-7.75583700e+00,1.30403600e+01,1.30907000e+01,1.31244700e+01,1.31206700e+01,1.31049600e+01,1.30877000e+01,1.21656600e+01,9.38239800e+00,7.87821300e+00,9.38239800e+00,1.21656600e+01,1.30877000e+01,1.31049600e+01,1.31206700e+01,1.31244700e+01,1.30907000e+01,1.30403600e+01
2.03366080e+06,-7.75416200e+00,1.30395000e+01,1.30902000e+01,1.31237300e+01,1.31202200e+01,1.31046700e+01,1.30878500e+01,1.21685400e+01,9.38392300e+00,7.87953800e+00,9.38392300e+00,1.21685400e+01,1.30878500e+01,1.31046700e+01,1.31202200e+01,1.31237300e+01,1.30902000e+01,1.30395000e+01
2.03766080e+06,-7.75276300e+00,1.30386400e+01,1.30896900e+01,1.31230000e+01,1.31197600e+01,1.31043800e+01,1.30879800e+01,1.21714200e+01,9.38544500e+00,7.88085900e+00,9.38544500e+00,1.21714200e+01,1.30879800e+01,1.31043800e+01,1.31197600e+01,1.31230000e+01,1.30896900e+01,1.30386400e+01
2.04166080e+06,-7.75163100e+00,1.30377900e+01,1.30892000e+01,1.31222700e+01,1.31193100e+01,1.31040900e+01,1.30881000e+01,1.21742900e+01,9.38696500e+00,7.88217800e+00,9.38696500e+00,1.21742900e+01,1.30881000e+01,1.31040900e+01,1.31193100e+01,1.31222700e+01,1.30892000e+01,1.30377900e+01
2.04566080e+06,-7.75075400e+00,1.30369400e+01,1.30887100e+01,1.31215400e+01,1.31188500e+01,1.31037900e+01,1.30882100e+01,1.21771600e+01,9.38848200e+00,7.88349300e+00,9.38848200e+00,1.21771600e+01,1.30882100e+01,1.31037900e+01,1.31188500e+01,1.31215400e+01,1.30887100e+01,1.30369400e+01
2.04966080e+06,-7.75012000e+00,1.30361000e+01,1.30882200e+01,1.31208200e+01,1.31184000e+01,1.31035000e+01,1.30883000e+01,1.21800200e+01,9.38999700e+00,7.88480500e+00,9.38999700e+00,1.21800200e+01,1.30883000e+01,1.31035000e+01,1.31184000e+01,1.31208200e+01,1.30882200e+01,1.30361000e+01
2.05366080e+06,-7.74971200e+00,1.30352600e+01,1.30877400e+01,1.31200900e+01,1.31179400e+01,1.31032000e+01,1.30883900e+01,1.21828800e+01,9.39150800e+00,7.88611500e+00,9.39150800e+00,1.21828800e+01,1.30883900e+01,1.31032000e+01,1.31179400e+01,1.31200900e+01,1.30877400e+01,1.30352600e+01
2.05766080e+06,-7.74951600e+00,1.30344200e+01,1.30872600e+01,1.31193800e+01,1.31174900e+01,1.31029000e+01,1.30884600e+01,1.21857300e+01,9.39301800e+00,7.88742100e+00,9.39301800e+00,1.21857300e+01,1.30884600e+01,1.31029000e+01,1.31174900e+01,1.31193800e+01,1.30872600e+01,1.30344200e+01
2.06166080e+06,-7.74951200e+00,1.30335900e+01,1.30867900e+01,1.31186700e+01,1.31170400e+01,1.31026000e+01,1.30885200e+01,1.21885800e+01,9.39452500e+00,7.88872400e+00,9.39452500e+00,1.21885800e+01,1.30885200e+01,1.31026000e+01,1.31170400e+01,1.31186700e+01,1.30867900e+01,1.30335900e+01
2.06566080e+06,-7.74968500e+00,1.30327600e+01,1.30863200e+01,1.31179600e+01,1.31165800e+01,1.31022900e+01,1.30885700e+01,1.21914300e+01,9.39602900e+00,7.89002500e+00,9.39602900e+00,1.21914300e+01,1.30885700e+01,1.31022900e+01,1.31165800e+01,1.31179600e+01,1.30863200e+01,1.30327600e+01
2.06966080e+06,-7.75001500e+00,1.30319300e+01,1.30858500e+01,1.31172500e+01,1.31161300e+01,1.31019900e+01,1.30886000e+01,1.21942700e+01,9.39753100e+00,7.89132200e+00,9.39753100e+00,1.21942700e+01,1.30886000e+01,1.31019900e+01,1.31161300e+01,1.31172500e+01,1.30858500e+01,1.30319300e+01
2.07366080e+06,-7.75048300e+00,1.30311100e+01,1.30853900e+01,1.31165500e+01,1.31156700e+01,1.31016800e+01,1.30886300e+01,1.21971100e+01,9.39903100e+00,7.89261700e+00,9.39903100e+00,1.21971100e+01,1.30886300e+01,1.31016800e+01,1.31156700e+01,1.31165500e+01,1.30853900e+01,1.30311100e+01
2.07766080e+06,-7.75107300e+00,1.30302900e+01,1.30849400e+01,1.31158600e+01,1.31152200e+01,1.31013700e+01,1.30886500e+01,1.21999500e+01,9.40052900e+00,7.89390900e+00,9.40052900e+00,1.21999500e+01,1.30886500e+01,1.31013700e+01,1.31152200e+01,1.31158600e+01,1.30849400e+01,1.30302900e+01
2.08166080e+06,-7.75176600e+00,1.30294800e+01,1.30844900e+01,1.31151700e+01,1.31147700e+01,1.31010600e+01,1.30886500e+01,1.22027800e+01,9.40202500e+00,7.89519900e+00,9.40202500e+00,1.22027800e+01,1.30886500e+01,1.31010600e+01,1.31147700e+01,1.31151700e+01,1.30844900e+01,1.30294800e+01
2.08566080e+06,-7.75254600e+00,1.30286700e+01,1.30840400e+01,1.31144800e+01,1.31143200e+01,1.31007500e+01,1.30886400e+01,1.22056000e+01,9.40351900e+00,7.89648600e+00,9.40351900e+00,1.22056000e+01,1.30886400e+01,1.31007500e+01,1.31143200e+01,1.31144800e+01,1.30840400e+01,1.30286700e+01
2.08966080e+06,-7.75339600e+00,1.30278700e+01,1.30836000e+01,1.31138000e+01,1.31138700e+01,1.31004400e+01,1.30886300e+01,1.22084200e+01,9.40501000e+00,7.89777000e+00,9.40501000e+00,1.22084200e+01,1.30886300e+01,1.31004400e+01,1.31138700e+01,1.31138000e+01,1.30836000e+01,1.30278700e+01
2.09366080e+06,-7.75430200e+00,1.30270700e+01,1.30831600e+01,1.31131200e+01,1.31134200e+01,1.31001300e+01,1.30886000e+01,1.22112400e+01,9.40650000e+00,7.89905200e+00,9.40650000e+00,1.22112400e+01,1.30886000e+01,1.31001300e+01,1.31134200e+01,1.31131200e+01,1.30831600e+01,1.30270700e+01
2.09766080e+06,-7.75524800e+00,1.30262800e+01,1.30827200e+01,1.31124500e+01,1.31129700e+01,1.30998100e+01,1.30885700e+01,1.22140600e+01,9.40798900e+00,7.90033200e+00,9.40798900e+00,1.22140600e+01,1.30885700e+01,1.30998100e+01,1.31129700e+01,1.31124500e+01,1.30827200e+01,1.30262800e+01
2.10166080e+06,-7.75622200e+00,1.30254900e+01,1.30822900e+01,1.31117800e+01,1.31125200e+01,1.30995000e+01,1.30885200e+01,1.22168700e+01,9.40947600e+00,7.90161000e+00,9.40947600e+00,1.22168700e+01,1.30885200e+01,1.30995000e+01,1.31125200e+01,1.31117800e+01,1.30822900e+01,1.30254900e+01
2.10566080e+06,-7.75721200e+00,1.30247100e+01,1.30818700e+01,1.31111200e+01,1.31120800e+01,1.30991900e+01,1.30884700e+01,1.22196700e+01,9.41096100e+00,7.90288600e+00,9.41096100e+00,1.22196700e+01,1.30884700e+01,1.30991900e+01,1.31120800e+01,1.31111200e+01,1.30818700e+01,1.30247100e+01
2.10966080e+06,-7.75820600e+00,1.30239300e+01,1.30814400e+01,1.31104600e+01,1.31116300e+01,1.30988700e+01,1.30884000e+01,1.22224700e+01,9.41244500e+00,7.90416000e+00,9.41244500e+00,1.22224700e+01,1.30884000e+01,1.30988700e+01,1.31116300e+01,1.31104600e+01,1.30814400e+01,1.30239300e+01
2.11366080e+06,-7.75919400e+00,1.30231600e+01,1.30810300e+01,1.31098100e+01,1.31111900e+01,1.30985600e+01,1.30883300e+01,1.22252700e+01,9.41392800e+00,7.90543200e+00,9.41392800e+00,1.22252700e+01,1.30883300e+01,1.30985600e+01,1.31111900e+01,1.31098100e+01,1.30810300e+01,1.30231600e+01
2.11766080e+06,-7.76016700e+00,1.30223900e+01,1.30806100e+01,1.31091700e+01,1.31107500e+01,1.30982400e+01,1.30882500e+01,1.22280700e+01,9.41540900e+00,7.90670300e+00,9.41540900e+00,1.22280700e+01,1.30882500e+01,1.30982400e+01,1.31107500e+01,1.31091700e+01,1.30806100e+01,1.30223900e+01
2.12166080e+06,-7.76111700e+00,1.30216300e+01,1.30802000e+01,1.31085300e+01,1.31103100e+01,1.30979300e+01,1.30881600e+01,1.22308600e+01,9.41689000e+00,7.90797200e+00,9.41689000e+00,1.22308600e+01,1.30881600e+01,1.30979300e+01,1.31103100e+01,1.31085300e+01,1.30802000e+01,1.30216300e+01
2.12566080e+06,-7.76203700e+00,1.30208700e+01,1.30798000e+01,1.31078900e+01,1.31098700e+01,1.30976100e+01,1.30880700e+01,1.22336500e+01,9.41836900e+00,7.90923900e+00,9.41836900e+00,1.22336500e+01,1.30880700e+01,1.30976100e+01,1.31098700e+01,1.31078900e+01,1.30798000e+01,1.30208700e+01
2.12966080e+06,-7.76292000e+00,1.30201200e+01,1.30794000e+01,1.31072600e+01,1.31094400e+01,1.30973000e+01,1.30879600e+01,1.22364300e+01,9.41984800e+00,7.91050500e+00,9.41984800e+00,1.22364300e+01,1.30879600e+01,1.30973000e+01,1.31094400e+01,1.31072600e+01,1.30794000e+01,1.30201200e+01
2.13366080e+06,-7.76376100e+00,1.30193800e+01,1.30790000e+01,1.31066400e+01,1.31090100e+01,1.30969800e+01,1.30878500e+01,1.22392200e+01,9.42132600e+00,7.91176900e+00,9.42132600e+00,1.22392200e+01,1.30878500e+01,1.30969800e+01,1.31090100e+01,1.31066400e+01,1.30790000e+01,1.30193800e+01
2.13766080e+06,-7.76455600e+00,1.30186400e+01,1.30786100e+01,1.31060200e+01,1.31085800e+01,1.30966700e+01,1.30877300e+01,1.22419900e+01,9.42280300e+00,7.91303300e+00,9.42280300e+00,1.22419900e+01,1.30877300e+01,1.30966700e+01,1.31085800e+01,1.31060200e+01,1.30786100e+01,1.30186400e+01
2.14166080e+06,-7.76530000e+00,1.30179000e+01,1.30782200e+01,1.31054100e+01,1.31081500e+01,1.30963600e+01,1.30876000e+01,1.22447700e+01,9.42428000e+00,7.91429500e+00,9.42428000e+00,1.22447700e+01,1.30876000e+01,1.30963600e+01,1.31081500e+01,1.31054100e+01,1.30782200e+01,1.30179000e+01
2.14566080e+06,-7.76599000e+00,1.30171800e+01,1.30778300e+01,1.31048100e+01,1.31077300e+01,1.30960400e+01,1.30874700e+01,1.22475400e+01,9.42575700e+00,7.91555600e+00,9.42575700e+00,1.22475400e+01,1.30874700e+01,1.30960400e+01,1.31077300e+01,1.31048100e+01,1.30778300e+01,1.30171800e+01
2.14966080e+06,-7.76662600e+00,1.30164600e+01,1.30774500e+01,1.31042100e+01,1.31073000e+01,1.30957300e+01,1.30873200e+01,1.22503100e+01,9.42723200e+00,7.91681600e+00,9.42723200e+00,1.22503100e+01,1.30873200e+01,1.30957300e+01,1.31073000e+01,1.31042100e+01,1.30774500e+01,1.30164600e+01
2.15366080e+06,-7.76720500e+00,1.30157400e+01,1.30770800e+01,1.31036200e+01,1.31068800e+01,1.30954200e+01,1.30871800e+01,1.22530700e+01,9.42870800e+00,7.91807500e+00,9.42870800e+00,1.22530700e+01,1.30871800e+01,1.30954200e+01,1.31068800e+01,1.31036200e+01,1.30770800e+01,1.30157400e+01
2.15766080e+06,-7.76772700e+00,1.30150300e+01,1.30767100e+01,1.31030300e+01,1.31064700e+01,1.30951100e+01,1.30870200e+01,1.22558400e+01,9.43018400e+00,7.91933300e+00,9.43018400e+00,1.22558400e+01,1.30870200e+01,1.30951100e+01,1.31064700e+01,1.31030300e+01,1.30767100e+01,1.30150300e+01
2.16166080e+06,-7.76819200e+00,1.30143300e+01,1.30763400e+01,1.31024500e+01,1.31060600e+01,1.30948000e+01,1.30868600e+01,1.22586000e+01,9.43165900e+00,7.92059100e+00,9.43165900e+00,1.22586000e+01,1.30868600e+01,1.30948000e+01,1.31060600e+01,1.31024500e+01,1.30763400e+01,1.30143300e+01
2.16566080e+06,-7.76860200e+00,1.30136400e+01,1.30759800e+01,1.31018800e+01,1.31056500e+01,1.30944900e+01,1.30867000e+01,1.22613500e+01,9.43313400e+00,7.92184800e+00,9.43313400e+00,1.22613500e+01,1.30867000e+01,1.30944900e+01,1.31056500e+01,1.31018800e+01,1.30759800e+01,1.30136400e+01
2.16966080e+06,-7.76896000e+00,1.30129500e+01,1.30756200e+01,1.31013100e+01,1.31052400e+01,1.30941900e+01,1.30865200e+01,1.22641100e+01,9.43461000e+00,7.92310400e+00,9.43461000e+00,1.22641100e+01,1.30865200e+01,1.30941900e+01,1.31052400e+01,1.31013100e+01,1.30756200e+01,1.30129500e+01
2.17366080e+06,-7.76926800e+00,1.30122600e+01,1.30752600e+01,1.31007500e+01,1.31048300e+01,1.30938800e+01,1.30863400e+01,1.22668600e+01,9.43608500e+00,7.92436000e+00,9.43608500e+00,1.22668600e+01,1.30863400e+01,1.30938800e+01,1.31048300e+01,1.31007500e+01,1.30752600e+01,1.30122600e+01
2.17766080e+06,-7.76953000e+00,1.30115900e+01,1.30749100e+01,1.31001900e+01,1.31044300e+01,1.30935800e+01,1.30861600e+01,1.22696100e+01,9.43756100e+00,7.92561600e+00,9.43756100e+00,1.22696100e+01,1.30861600e+01,1.30935800e+01,1.31044300e+01,1.31001900e+01,1.30749100e+01,1.30115900e+01
2.18166080e+06,-7.76975200e+00,1.30109200e+01,1.30745700e+01,1.30996500e+01,1.31040400e+01,1.30932800e+01,1.30859700e+01,1.22723500e+01,9.43903700e+00,7.92687100e+00,9.43903700e+00,1.22723500e+01,1.30859700e+01,1.30932800e+01,1.31040400e+01,1.30996500e+01,1.30745700e+01,1.30109200e+01
2.18566080e+06,-7.76994000e+00,1.30102600e+01,1.30742300e+01,1.30991000e+01,1.31036400e+01,1.30929800e+01,1.30857800e+01,1.22750900e+01,9.44051400e+00,7.92812600e+00,9.44051400e+00,1.22750900e+01,1.30857800e+01,1.30929800e+01,1.31036400e+01,1.30991000e+01,1.30742300e+01,1.30102600e+01
2.18966080e+06,-7.77010200e+00,1.30096000e+01,1.30738900e+01,1.30985700e+01,1.31032500e+01,1.30926800e+01,1.30855800e+01,1.22778300e+01,9.44199100e+00,7.92938000e+00,9.44199100e+00,1.22778300e+01,1.30855800e+01,1.30926800e+01,1.31032500e+01,1.30985700e+01,1.30738900e+01,1.30096000e+01
2.19366080e+06,-7.77024700e+00,1.30089500e+01,1.30735600e+01,1.30980400e+01,1.31028700e+01,1.30923800e+01,1.30853800e+01,1.22805700e+01,9.44346800e+00,7.93063500e+00,9.44346800e+00,1.22805700e+01,1.30853800e+01,1.30923800e+01,1.31028700e+01,1.30980400e+01,1.30735600e+01,1.30089500e+01
2.19766080e+06,-7.77038600e+00,1.30083100e+01,1.30732300e+01,1.30975200e+01,1.31024800e+01,1.30920900e+01,1.30851700e+01,1.22833100e+01,9.44494600e+00,7.93189000e+00,9.44494600e+00,1.22833100e+01,1.30851700e+01,1.30920900e+01,1.31024800e+01,1.30975200e+01,1.30732300e+01,1.30083100e+01
2.20166080e+06,-7.77053000e+00,1.30076700e+01,1.30729000e+01,1.30970000e+01,1.31021100e+01,1.30917900e+01,1.30849500e+01,1.22860400e+01,9.44642500e+00,7.93314400e+00,9.44642500e+00,1.22860400e+01,1.30849500e+01,1.30917900e+01,1.31021100e+01,1.30970000e+01,1.30729000e+01,1.30076700e+01
2.20566080e+06,-7.77069400e+00,1.30070400e+01,1.30725800e+01,1.30965000e+01,1.31017300e+01,1.30915000e+01,1.30847400e+01,1.22887700e+01,9.44790500e+00,7.93439900e+00,9.44790500e+00,1.22887700e+01,1.30847400e+01,1.30915000e+01,1.31017300e+01,1.30965000e+01,1.30725800e+01,1.30070400e+01
2.20966080e+06,-7.77089300e+00,1.30064200e+01,1.30722700e+01,1.30959900e+01,1.31013600e+01,1.30912200e+01,1.30845200e+01,1.22915000e+01,9.44938500e+00,7.93565300e+00,9.44938500e+00,1.22915000e+01,1.30845200e+01,1.30912200e+01,1.31013600e+01,1.30959900e+01,1.30722700e+01,1.30064200e+01
2.21366080e+06,-7.77114400e+00,1.30058000e+01,1.30719500e+01,1.30955000e+01,1.31009900e+01,1.30909300e+01,1.30842900e+01,1.22942200e+01,9.45086600e+00,7.93690800e+00,9.45086600e+00,1.22942200e+01,1.30842900e+01,1.30909300e+01,1.31009900e+01,1.30955000e+01,1.30719500e+01,1.30058000e+01
2.21766080e+06,-7.77146900e+00,1.30051900e+01,1.30716500e+01,1.30950100e+01,1.31006300e+01,1.30906400e+01,1.30840600e+01,1.22969400e+01,9.45234800e+00,7.93816300e+00,9.45234800e+00,1.22969400e+01,1.30840600e+01,1.30906400e+01,1.31006300e+01,1.30950100e+01,1.30716500e+01,1.30051900e+01
2.22166080e+06,-7.77188900e+00,1.30045900e+01,1.30713400e+01,1.30945300e+01,1.31002700e+01,1.30903600e+01,1.30838300e+01,1.22996600e+01,9.45383200e+00,7.93941900e+00,9.45383200e+00,1.22996600e+01,1.30838300e+01,1.30903600e+01,1.31002700e+01,1.30945300e+01,1.30713400e+01,1.30045900e+01
2.22566080e+06,-7.77242800e+00,1.30039900e+01,1.30710500e+01,1.30940500e+01,1.30999100e+01,1.30900800e+01,1.30836000e+01,1.23023800e+01,9.45531600e+00,7.94067400e+00,9.45531600e+00,1.23023800e+01,1.30836000e+01,1.30900800e+01,1.30999100e+01,1.30940500e+01,1.30710500e+01,1.30039900e+01
2.22966080e+06,-7.77311500e+00,1.30034000e+01,1.30707500e+01,1.30935800e+01,1.30995600e+01,1.30898000e+01,1.30833600e+01,1.23051000e+01,9.45680100e+00,7.94193000e+00,9.45680100e+00,1.23051000e+01,1.30833600e+01,1.30898000e+01,1.30995600e+01,1.30935800e+01,1.30707500e+01,1.30034000e+01
2.23366080e+06,-7.77397800e+00,1.30028200e+01,1.30704600e+01,1.30931200e+01,1.30992100e+01,1.30895300e+01,1.30831100e+01,1.23078100e+01,9.45828700e+00,7.94318700e+00,9.45828700e+00,1.23078100e+01,1.30831100e+01,1.30895300e+01,1.30992100e+01,1.30931200e+01,1.30704600e+01,1.30028200e+01
2.23766080e+06,-7.77349900e+00,1.30022400e+01,1.30701700e+01,1.30926600e+01,1.30988700e+01,1.30892600e+01,1.30828700e+01,1.23105200e+01,9.45977400e+00,7.94444300e+00,9.45977400e+00,1.23105200e+01,1.30828700e+01,1.30892600e+01,1.30988700e+01,1.30926600e+01,1.30701700e+01,1.30022400e+01
2.24166080e+06,-7.77275700e+00,1.30016700e+01,1.30698900e+01,1.30922100e+01,1.30985300e+01,1.30889800e+01,1.30826200e+01,1.23132300e+01,9.46126300e+00,7.94570000e+00,9.46126300e+00,1.23132300e+01,1.30826200e+01,1.30889800e+01,1.30985300e+01,1.30922100e+01,1.30698900e+01,1.30016700e+01
2.24566080e+06,-7.77217000e+00,1.30011100e+01,1.30696100e+01,1.30917700e+01,1.30981900e+01,1.30887200e+01,1.30823700e+01,1.23159300e+01,9.46275200e+00,7.94695800e+00,9.46275200e+00,1.23159300e+01,1.30823700e+01,1.30887200e+01,1.30981900e+01,1.30917700e+01,1.30696100e+01,1.30011100e+01
2.24966080e+06,-7.77176400e+00,1.30005500e+01,1.30693400e+01,1.30913300e+01,1.30978600e+01,1.30884500e+01,1.30821200e+01,1.23186400e+01,9.46424300e+00,7.94821500e+00,9.46424300e+00,1.23186400e+01,1.30821200e+01,1.30884500e+01,1.30978600e+01,1.30913300e+01,1.30693400e+01,1.30005500e+01
2.25366080e+06,-7.77156700e+00,1.30000000e+01,1.30690600e+01,1.30909000e+01,1.30975300e+01,1.30881900e+01,1.30818600e+01,1.23213400e+01,9.46573400e+00,7.94947300e+00,9.46573400e+00,1.23213400e+01,1.30818600e+01,1.30881900e+01,1.30975300e+01,1.30909000e+01,1.30690600e+01,1.30000000e+01
2.25766080e+06,-7.77161000e+00,1.29994500e+01,1.30687900e+01,1.30904800e+01,1.30972000e+01,1.30879200e+01,1.30816000e+01,1.23240300e+01,9.46722700e+00,7.95073200e+00,9.46722700e+00,1.23240300e+01,1.30816000e+01,1.30879200e+01,1.30972000e+01,1.30904800e+01,1.30687900e+01,1.29994500e+01
2.26166080e+06,-7.77192700e+00,1.29989200e+01,1.30685300e+01,1.30900600e+01,1.30968800e+01,1.30876600e+01,1.30813300e+01,1.23267300e+01,9.46872100e+00,7.95199000e+00,9.46872100e+00,1.23267300e+01,1.30813300e+01,1.30876600e+01,1.30968800e+01,1.30900600e+01,1.30685300e+01,1.29989200e+01
2.26566080e+06,-7.77255500e+00,1.29983800e+01,1.30682700e+01,1.30896400e+01,1.30965600e+01,1.30874100e+01,1.30810700e+01,1.23294200e+01,9.47021500e+00,7.95324900e+00,9.47021500e+00,1.23294200e+01,1.30810700e+01,1.30874100e+01,1.30965600e+01,1.30896400e+01,1.30682700e+01,1.29983800e+01
2.26966080e+06,-7.77353200e+00,1.29978500e+01,1.30680100e+01,1.30892300e+01,1.30962500e+01,1.30871500e+01,1.30808000e+01,1.23321100e+01,9.47171100e+00,7.95450800e+00,9.47171100e+00,1.23321100e+01,1.30808000e+01,1.30871500e+01,1.30962500e+01,1.30892300e+01,1.30680100e+01,1.29978500e+01
2.27366080e+06,-7.77490000e+00,1.29973300e+01,1.30677500e+01,1.30888300e+01,1.30959300e+01,1.30868900e+01,1.30805300e+01,1.23348000e+01,9.47320700e+00,7.95576600e+00,9.47320700e+00,1.23348000e+01,1.30805300e+01,1.30868900e+01,1.30959300e+01,1.30888300e+01,1.30677500e+01,1.29973300e+01
2.27766080e+06,-7.77670300e+00,1.29968100e+01,1.30675000e+01,1.30884300e+01,1.30956200e+01,1.30866400e+01,1.30802500e+01,1.23374800e+01,9.47470400e+00,7.95702500e+00,9.47470400e+00,1.23374800e+01,1.30802500e+01,1.30866400e+01,1.30956200e+01,1.30884300e+01,1.30675000e+01,1.29968100e+01
2.28166080e+06,-7.77898200e+00,1.29963000e+01,1.30672400e+01,1.30880400e+01,1.30953200e+01,1.30863900e+01,1.30799800e+01,1.23401600e+01,9.47620100e+00,7.95828300e+00,9.47620100e+00,1.23401600e+01,1.30799800e+01,1.30863900e+01,1.30953200e+01,1.30880400e+01,1.30672400e+01,1.29963000e+01
2.28566080e+06,-7.78178400e+00,1.29957900e+01,1.30669900e+01,1.30876500e+01,1.30950100e+01,1.30861400e+01,1.30797000e+01,1.23428400e+01,9.47769900e+00,7.95954100e+00,9.47769900e+00,1.23428400e+01,1.30797000e+01,1.30861400e+01,1.30950100e+01,1.30876500e+01,1.30669900e+01,1.29957900e+01
2.28966080e+06,-7.78515000e+00,1.29952900e+01,1.30667500e+01,1.30872600e+01,1.30947100e+01,1.30858900e+01,1.30794100e+01,1.23455100e+01,9.47919700e+00,7.96079900e+00,9.47919700e+00,1.23455100e+01,1.30794100e+01,1.30858900e+01,1.30947100e+01,1.30872600e+01,1.30667500e+01,1.29952900e+01
2.29366080e+06,-7.78912100e+00,1.29947900e+01,1.30665000e+01,1.30868800e+01,1.30944100e+01,1.30856400e+01,1.30791300e+01,1.23481800e+01,9.48069500e+00,7.96205600e+00,9.48069500e+00,1.23481800e+01,1.30791300e+01,1.30856400e+01,1.30944100e+01,1.30868800e+01,1.30665000e+01,1.29947900e+01
2.29766080e+06,-7.79373300e+00,1.29942900e+01,1.30662500e+01,1.30865000e+01,1.30941100e+01,1.30854000e+01,1.30788400e+01,1.23508500e+01,9.48219400e+00,7.96331300e+00,9.48219400e+00,1.23508500e+01,1.30788400e+01,1.30854000e+01,1.30941100e+01,1.30865000e+01,1.30662500e+01,1.29942900e+01
2.30166080e+06,-7.79901800e+00,1.29938000e+01,1.30660100e+01,1.30861200e+01,1.30938200e+01,1.30851500e+01,1.30785500e+01,1.23535100e+01,9.48369200e+00,7.96456800e+00,9.48369200e+00,1.23535100e+01,1.30785500e+01,1.30851500e+01,1.30938200e+01,1.30861200e+01,1.30660100e+01,1.29938000e+01
2.30566080e+06,-7.79835400e+00,1.29933100e+01,1.30657600e+01,1.30857500e+01,1.30935200e+01,1.30849000e+01,1.30782500e+01,1.23561600e+01,9.48519000e+00,7.96582300e+00,9.48519000e+00,1.23561600e+01,1.30782500e+01,1.30849000e+01,1.30935200e+01,1.30857500e+01,1.30657600e+01,1.29933100e+01
2.30966080e+06,-7.79537900e+00,1.29928200e+01,1.30655200e+01,1.30853800e+01,1.30932300e+01,1.30846600e+01,1.30779500e+01,1.23588200e+01,9.48668800e+00,7.96707700e+00,9.48668800e+00,1.23588200e+01,1.30779500e+01,1.30846600e+01,1.30932300e+01,1.30853800e+01,1.30655200e+01,1.29928200e+01
2.31366080e+06,-7.79271000e+00,1.29923300e+01,1.30652700e+01,1.30850200e+01,1.30929400e+01,1.30844100e+01,1.30776500e+01,1.23614600e+01,9.48818600e+00,7.96832900e+00,9.48818600e+00,1.23614600e+01,1.30776500e+01,1.30844100e+01,1.30929400e+01,1.30850200e+01,1.30652700e+01,1.29923300e+01
2.31766080e+06,-7.79034600e+00,1.29918500e+01,1.30650300e+01,1.30846500e+01,1.30926400e+01,1.30841600e+01,1.30773400e+01,1.23641100e+01,9.48968300e+00,7.96958000e+00,9.48968300e+00,1.23641100e+01,1.30773400e+01,1.30841600e+01,1.30926400e+01,1.30846500e+01,1.30650300e+01,1.29918500e+01
2.32166080e+06,-7.78828200e+00,1.29913700e+01,1.30647800e+01,1.30842900e+01,1.30923500e+01,1.30839200e+01,1.30770300e+01,1.23667400e+01,9.49117900e+00,7.97083000e+00,9.49117900e+00,1.23667400e+01,1.30770300e+01,1.30839200e+01,1.30923500e+01,1.30842900e+01,1.30647800e+01,1.29913700e+01
2.32566080e+06,-7.78651400e+00,1.29908900e+01,1.30645400e+01,1.30839300e+01,1.30920600e+01,1.30836700e+01,1.30767200e+01,1.23693800e+01,9.49267400e+00,7.97207800e+00,9.49267400e+00,1.23693800e+01,1.30767200e+01,1.30836700e+01,1.30920600e+01,1.30839300e+01,1.30645400e+01,1.29908900e+01
2.32966080e+06,-7.78503300e+00,1.29904200e+01,1.30642900e+01,1.30835700e+01,1.30917700e+01,1.30834200e+01,1.30764000e+01,1.23720100e+01,9.49416900e+00,7.97332500e+00,9.49416900e+00,1.23720100e+01,1.30764000e+01,1.30834200e+01,1.30917700e+01,1.30835700e+01,1.30642900e+01,1.29904200e+01
2.33366080e+06,-7.78383000e+00,1.29899400e+01,1.30640400e+01,1.30832100e+01,1.30914800e+01,1.30831700e+01,1.30760800e+01,1.23746300e+01,9.49566300e+00,7.97457000e+00,9.49566300e+00,1.23746300e+01,1.30760800e+01,1.30831700e+01,1.30914800e+01,1.30832100e+01,1.30640400e+01,1.29899400e+01
2.33766080e+06,-7.78289300e+00,1.29894700e+01,1.30637900e+01,1.30828500e+01,1.30911900e+01,1.30829200e+01,1.30757500e+01,1.23772500e+01,9.49715600e+00,7.97581300e+00,9.49715600e+00,1.23772500e+01,1.30757500e+01,1.30829200e+01,1.30911900e+01,1.30828500e+01,1.30637900e+01,1.29894700e+01
2.34166080e+06,-7.78221000e+00,1.29890000e+01,1.30635400e+01,1.30825000e+01,1.30908900e+01,1.30826700e+01,1.30754200e+01,1.23798600e+01,9.49864800e+00,7.97705500e+00,9.49864800e+00,1.23798600e+01,1.30754200e+01,1.30826700e+01,1.30908900e+01,1.30825000e+01,1.30635400e+01,1.29890000e+01
2.34566080e+06,-7.78176700e+00,1.29885200e+01,1.30632900e+01,1.30821400e+01,1.30906000e+01,1.30824200e+01,1.30750900e+01,1.23824700e+01,9.50014000e+00,7.97829500e+00,9.50014000e+00,1.23824700e+01,1.30750900e+01,1.30824200e+01,1.30906000e+01,1.30821400e+01,1.30632900e+01,1.29885200e+01
2.34966080e+06,-7.78154800e+00,1.29880500e+01,1.30630400e+01,1.30817900e+01,1.30903100e+01,1.30821700e+01,1.30747500e+01,1.23850700e+01,9.50163000e+00,7.97953300e+00,9.50163000e+00,1.23850700e+01,1.30747500e+01,1.30821700e+01,1.30903100e+01,1.30817900e+01,1.30630400e+01,1.29880500e+01
2.35366080e+06,-7.78153800e+00,1.29875800e+01,1.30627800e+01,1.30814300e+01,1.30900200e+01,1.30819100e+01,1.30744100e+01,1.23876600e+01,9.50312000e+00,7.98077000e+00,9.50312000e+00,1.23876600e+01,1.30744100e+01,1.30819100e+01,1.30900200e+01,1.30814300e+01,1.30627800e+01,1.29875800e+01
2.35766080e+06,-7.78172000e+00,1.29871200e+01,1.30625200e+01,1.30810800e+01,1.30897200e+01,1.30816600e+01,1.30740700e+01,1.23902500e+01,9.50460800e+00,7.98200600e+00,9.50460800e+00,1.23902500e+01,1.30740700e+01,1.30816600e+01,1.30897200e+01,1.30810800e+01,1.30625200e+01,1.29871200e+01
2.36166080e+06,-7.78208000e+00,1.29866500e+01,1.30622600e+01,1.30807300e+01,1.30894300e+01,1.30814000e+01,1.30737200e+01,1.23928400e+01,9.50609600e+00,7.98323900e+00,9.50609600e+00,1.23928400e+01,1.30737200e+01,1.30814000e+01,1.30894300e+01,1.30807300e+01,1.30622600e+01,1.29866500e+01
2.36566080e+06,-7.78259900e+00,1.29861800e+01,1.30620000e+01,1.30803800e+01,1.30891400e+01,1.30811500e+01,1.30733700e+01,1.23954200e+01,9.50758400e+00,7.98447200e+00,9.50758400e+00,1.23954200e+01,1.30733700e+01,1.30811500e+01,1.30891400e+01,1.30803800e+01,1.30620000e+01,1.29861800e+01
2.36966080e+06,-7.78326200e+00,1.29857100e+01,1.30617400e+01,1.30800300e+01,1.30888400e+01,1.30808900e+01,1.30730200e+01,1.23979900e+01,9.50907000e+00,7.98570300e+00,9.50907000e+00,1.23979900e+01,1.30730200e+01,1.30808900e+01,1.30888400e+01,1.30800300e+01,1.30617400e+01,1.29857100e+01
2.37366080e+06,-7.78405200e+00,1.29852500e+01,1.30614700e+01,1.30796800e+01,1.30885500e+01,1.30806300e+01,1.30726600e+01,1.24005600e+01,9.51055700e+00,7.98693200e+00,9.51055700e+00,1.24005600e+01,1.30726600e+01,1.30806300e+01,1.30885500e+01,1.30796800e+01,1.30614700e+01,1.29852500e+01
2.37766080e+06,-7.78495600e+00,1.29847900e+01,1.30612100e+01,1.30793300e+01,1.30882600e+01,1.30803700e+01,1.30723100e+01,1.24031200e+01,9.51204300e+00,7.98816100e+00,9.51204300e+00,1.24031200e+01,1.30723100e+01,1.30803700e+01,1.30882600e+01,1.30793300e+01,1.30612100e+01,1.29847900e+01
2.38166080e+06,-7.78595700e+00,1.29843200e+01,1.30609400e+01,1.30789800e+01,1.30879600e+01,1.30801100e+01,1.30719500e+01,1.24056800e+01,9.51352800e+00,7.98938800e+00,9.51352800e+00,1.24056800e+01,1.30719500e+01,1.30801100e+01,1.30879600e+01,1.30789800e+01,1.30609400e+01,1.29843200e+01
2.38566080e+06,-7.78704200e+00,1.29838600e+01,1.30606700e+01,1.30786400e+01,1.30876700e+01,1.30798600e+01,1.30715800e+01,1.24082400e+01,9.51501400e+00,7.99061500e+00,9.51501400e+00,1.24082400e+01,1.30715800e+01,1.30798600e+01,1.30876700e+01,1.30786400e+01,1.30606700e+01,1.29838600e+01
2.38966080e+06,-7.78819600e+00,1.29834000e+01,1.30604000e+01,1.30782900e+01,1.30873700e+01,1.30796000e+01,1.30712200e+01,1.24107900e+01,9.51649900e+00,7.99184100e+00,9.51649900e+00,1.24107900e+01,1.30712200e+01,1.30796000e+01,1.30873700e+01,1.30782900e+01,1.30604000e+01,1.29834000e+01
2.39366080e+06,-7.78940900e+00,1.29829400e+01,1.30601300e+01,1.30779500e+01,1.30870800e+01,1.30793400e+01,1.30708500e+01,1.24133300e+01,9.51798500e+00,7.99306600e+00,9.51798500e+00,1.24133300e+01,1.30708500e+01,1.30793400e+01,1.30870800e+01,1.30779500e+01,1.30601300e+01,1.29829400e+01
2.39766080e+06,-7.79066600e+00,1.29824900e+01,1.30598500e+01,1.30776000e+01,1.30867900e+01,1.30790800e+01,1.30704800e+01,1.24158700e+01,9.51947000e+00,7.99429000e+00,9.51947000e+00,1.24158700e+01,1.30704800e+01,1.30790800e+01,1.30867900e+01,1.30776000e+01,1.30598500e+01,1.29824900e+01
2.40166080e+06,-7.78955200e+00,1.29820300e+01,1.30595800e+01,1.30772600e+01,1.30864900e+01,1.30788200e+01,1.30701100e+01,1.24184000e+01,9.52095700e+00,7.99551400e+00,9.52095700e+00,1.24184000e+01,1.30701100e+01,1.30788200e+01,1.30864900e+01,1.30772600e+01,1.30595800e+01,1.29820300e+01
2.40566080e+06,-7.78132500e+00,1.29815800e+01,1.30593100e+01,1.30769200e+01,1.30862000e+01,1.30785600e+01,1.30697400e+01,1.24209400e+01,9.52244300e+00,7.99673800e+00,9.52244300e+00,1.24209400e+01,1.30697400e+01,1.30785600e+01,1.30862000e+01,1.30769200e+01,1.30593100e+01,1.29815800e+01
2.40966080e+06,-7.77299300e+00,1.29811300e+01,1.30590300e+01,1.30765900e+01,1.30859100e+01,1.30783000e+01,1.30693700e+01,1.24234600e+01,9.52393000e+00,7.99796100e+00,9.52393000e+00,1.24234600e+01,1.30693700e+01,1.30783000e+01,1.30859100e+01,1.30765900e+01,1.30590300e+01,1.29811300e+01
2.41366080e+06,-7.76455400e+00,1.29806800e+01,1.30587600e+01,1.30762500e+01,1.30856200e+01,1.30780400e+01,1.30689900e+01,1.24259800e+01,9.52541800e+00,7.99918500e+00,9.52541800e+00,1.24259800e+01,1.30689900e+01,1.30780400e+01,1.30856200e+01,1.30762500e+01,1.30587600e+01,1.29806800e+01
2.41766080e+06,-7.75600600e+00,1.29802300e+01,1.30584800e+01,1.30759200e+01,1.30853300e+01,1.30777900e+01,1.30686200e+01,1.24285000e+01,9.52690800e+00,8.00040800e+00,9.52690800e+00,1.24285000e+01,1.30686200e+01,1.30777900e+01,1.30853300e+01,1.30759200e+01,1.30584800e+01,1.29802300e+01
2.42166080e+06,-7.74734500e+00,1.29797900e+01,1.30582000e+01,1.30755900e+01,1.30850500e+01,1.30775300e+01,1.30682400e+01,1.24310200e+01,9.52839800e+00,8.00163200e+00,9.52839800e+00,1.24310200e+01,1.30682400e+01,1.30775300e+01,1.30850500e+01,1.30755900e+01,1.30582000e+01,1.29797900e+01
2.42566080e+06,-7.73857000e+00,1.29793400e+01,1.30579300e+01,1.30752600e+01,1.30847600e+01,1.30772800e+01,1.30678700e+01,1.24335300e+01,9.52988900e+00,8.00285600e+00,9.52988900e+00,1.24335300e+01,1.30678700e+01,1.30772800e+01,1.30847600e+01,1.30752600e+01,1.30579300e+01,1.29793400e+01
2.42966080e+06,-7.72967700e+00,1.29789000e+01,1.30576500e+01,1.30749300e+01,1.30844800e+01,1.30770200e+01,1.30674900e+01,1.24360300e+01,9.53138200e+00,8.00408100e+00,9.53138200e+00,1.24360300e+01,1.30674900e+01,1.30770200e+01,1.30844800e+01,1.30749300e+01,1.30576500e+01,1.29789000e+01
2.43366080e+06,-7.72066500e+00,1.29784700e+01,1.30573800e+01,1.30746100e+01,1.30842000e+01,1.30767700e+01,1.30671200e+01,1.24385400e+01,9.53287700e+00,8.00530700e+00,9.53287700e+00,1.24385400e+01,1.30671200e+01,1.30767700e+01,1.30842000e+01,1.30746100e+01,1.30573800e+01,1.29784700e+01
2.43766080e+06,-7.71153300e+00,1.29780300e+01,1.30571000e+01,1.30742900e+01,1.30839200e+01,1.30765200e+01,1.30667500e+01,1.24410400e+01,9.53437300e+00,8.00653300e+00,9.53437300e+00,1.24410400e+01,1.30667500e+01,1.30765200e+01,1.30839200e+01,1.30742900e+01,1.30571000e+01,1.29780300e+01
2.44166080e+06,-7.70227900e+00,1.29776000e+01,1.30568300e+01,1.30739700e+01,1.30836400e+01,1.30762800e+01,1.30663700e+01,1.24435300e+01,9.53587100e+00,8.00776100e+00,9.53587100e+00,1.24435300e+01,1.30663700e+01,1.30762800e+01,1.30836400e+01,1.30739700e+01,1.30568300e+01,1.29776000e+01
2.44566080e+06,-7.69290200e+00,1.29771800e+01,1.30565600e+01,1.30736500e+01,1.30833600e+01,1.30760300e+01,1.30660000e+01,1.24460300e+01,9.53737200e+00,8.00899000e+00,9.53737200e+00,1.24460300e+01,1.30660000e+01,1.30760300e+01,1.30833600e+01,1.30736500e+01,1.30565600e+01,1.29771800e+01
2.44966080e+06,-7.68340200e+00,1.29767500e+01,1.30562800e+01,1.30733400e+01,1.30830900e+01,1.30757900e+01,1.30656300e+01,1.24485200e+01,9.53887400e+00,8.01022000e+00,9.53887400e+00,1.24485200e+01,1.30656300e+01,1.30757900e+01,1.30830900e+01,1.30733400e+01,1.30562800e+01,1.29767500e+01
2.45366080e+06,-7.67378000e+00,1.29763400e+01,1.30560100e+01,1.30730400e+01,1.30828200e+01,1.30755400e+01,1.30652600e+01,1.24510100e+01,9.54038000e+00,8.01145200e+00,9.54038000e+00,1.24510100e+01,1.30652600e+01,1.30755400e+01,1.30828200e+01,1.30730400e+01,1.30560100e+01,1.29763400e+01
2.45766080e+06,-7.66403900e+00,1.29759200e+01,1.30557400e+01,1.30727300e+01,1.30825500e+01,1.30753100e+01,1.30648900e+01,1.24535000e+01,9.54188800e+00,8.01268600e+00,9.54188800e+00,1.24535000e+01,1.30648900e+01,1.30753100e+01,1.30825500e+01,1.30727300e+01,1.30557400e+01,1.29759200e+01
2.46166080e+06,-7.65418300e+00,1.29755100e+01,1.30554700e+01,1.30724300e+01,1.30822900e+01,1.30750700e+01,1.30645200e+01,1.24559800e+01,9.54339900e+00,8.01392200e+00,9.54339900e+00,1.24559800e+01,1.30645200e+01,1.30750700e+01,1.30822900e+01,1.30724300e+01,1.30554700e+01,1.29755100e+01
2.46566080e+06,-7.64421700e+00,1.29751000e+01,1.30552100e+01,1.30721400e+01,1.30820300e+01,1.30748400e+01,1.30641600e+01,1.24584600e+01,9.54491300e+00,8.01516000e+00,9.54491300e+00,1.24584600e+01,1.30641600e+01,1.30748400e+01,1.30820300e+01,1.30721400e+01,1.30552100e+01,1.29751000e+01
2.46966080e+06,-7.63415000e+00,1.29747000e+01,1.30549400e+01,1.30718500e+01,1.30817700e+01,1.30746100e+01,1.30637900e+01,1.24609400e+01,9.54643100e+00,8.01640100e+00,9.54643100e+00,1.24609400e+01,1.30637900e+01,1.30746100e+01,1.30817700e+01,1.30718500e+01,1.30549400e+01,1.29747000e+01
2.47366080e+06,-7.62399500e+00,1.29743000e+01,1.30546800e+01,1.30715600e+01,1.30815200e+01,1.30743800e+01,1.30634400e+01,1.24634200e+01,9.54795200e+00,8.01764400e+00,9.54795200e+00,1.24634200e+01,1.30634400e+01,1.30743800e+01,1.30815200e+01,1.30715600e+01,1.30546800e+01,1.29743000e+01
2.47766080e+06,-7.61376900e+00,1.29739000e+01,1.30544200e+01,1.30712800e+01,1.30812700e+01,1.30741600e+01,1.30630800e+01,1.24659000e+01,9.54947700e+00,8.01889000e+00,9.54947700e+00,1.24659000e+01,1.30630800e+01,1.30741600e+01,1.30812700e+01,1.30712800e+01,1.30544200e+01,1.29739000e+01
2.48166080e+06,-7.60349400e+00,1.29735100e+01,1.30541600e+01,1.30710000e+01,1.30810200e+01,1.30739400e+01,1.30627200e+01,1.24683800e+01,9.55100600e+00,8.02013900e+00,9.55100600e+00,1.24683800e+01,1.30627200e+01,1.30739400e+01,1.30810200e+01,1.30710000e+01,1.30541600e+01,1.29735100e+01
2.48566080e+06,-7.59320000e+00,1.29731300e+01,1.30539100e+01,1.30707300e+01,1.30807800e+01,1.30737300e+01,1.30623700e+01,1.24708500e+01,9.55253900e+00,8.02139200e+00,9.55253900e+00,1.24708500e+01,1.30623700e+01,1.30737300e+01,1.30807800e+01,1.30707300e+01,1.30539100e+01,1.29731300e+01
2.48966080e+06,-7.58292700e+00,1.29727500e+01,1.30536600e+01,1.30704600e+01,1.30805400e+01,1.30735200e+01,1.30620300e+01,1.24733300e+01,9.55407700e+00,8.02264800e+00,9.55407700e+00,1.24733300e+01,1.30620300e+01,1.30735200e+01,1.30805400e+01,1.30704600e+01,1.30536600e+01,1.29727500e+01
2.49366080e+06,-7.57272800e+00,1.29723800e+01,1.30534100e+01,1.30702000e+01,1.30803100e+01,1.30733200e+01,1.30616900e+01,1.24758000e+01,9.55562000e+00,8.02390800e+00,9.55562000e+00,1.24758000e+01,1.30616900e+01,1.30733200e+01,1.30803100e+01,1.30702000e+01,1.30534100e+01,1.29723800e+01
2.49766080e+06,-7.56267000e+00,1.29720100e+01,1.30531600e+01,1.30699400e+01,1.30800900e+01,1.30731200e+01,1.30613500e+01,1.24782800e+01,9.55716700e+00,8.02517200e+00,9.55716700e+00,1.24782800e+01,1.30613500e+01,1.30731200e+01,1.30800900e+01,1.30699400e+01,1.30531600e+01,1.29720100e+01
2.50166080e+06,-7.55283900e+00,1.29716500e+01,1.30529200e+01,1.30696900e+01,1.30798700e+01,1.30729200e+01,1.30610100e+01,1.24807500e+01,9.55872100e+00,8.02644000e+00,9.55872100e+00,1.24807500e+01,1.30610100e+01,1.30729200e+01,1.30798700e+01,1.30696900e+01,1.30529200e+01,1.29716500e+01
2.50566080e+06,-7.54334800e+00,1.29712900e+01,1.30526900e+01,1.30694500e+01,1.30796500e+01,1.30727300e+01,1.30606800e+01,1.24832300e+01,9.56027900e+00,8.02771300e+00,9.56027900e+00,1.24832300e+01,1.30606800e+01,1.30727300e+01,1.30796500e+01,1.30694500e+01,1.30526900e+01,1.29712900e+01
2.50966080e+06,-7.53433500e+00,1.29709400e+01,1.30524500e+01,1.30692100e+01,1.30794400e+01,1.30725500e+01,1.30603600e+01,1.24857100e+01,9.56184400e+00,8.02899100e+00,9.56184400e+00,1.24857100e+01,1.30603600e+01,1.30725500e+01,1.30794400e+01,1.30692100e+01,1.30524500e+01,1.29709400e+01
2.51366080e+06,-7.52597700e+00,1.29706000e+01,1.30522200e+01,1.30689800e+01,1.30792300e+01,1.30723700e+01,1.30600400e+01,1.24881800e+01,9.56341400e+00,8.03027400e+00,9.56341400e+00,1.24881800e+01,1.30600400e+01,1.30723700e+01,1.30792300e+01,1.30689800e+01,1.30522200e+01,1.29706000e+01
2.51766080e+06,-7.51848900e+00,1.29702600e+01,1.30520000e+01,1.30687600e+01,1.30790400e+01,1.30722000e+01,1.30597300e+01,1.24906600e+01,9.56499100e+00,8.03156200e+00,9.56499100e+00,1.24906600e+01,1.30597300e+01,1.30722000e+01,1.30790400e+01,1.30687600e+01,1.30520000e+01,1.29702600e+01
2.52166080e+06,-7.51212900e+00,1.29699300e+01,1.30517800e+01,1.30685400e+01,1.30788400e+01,1.30720300e+01,1.30594200e+01,1.24931400e+01,9.56657400e+00,8.03285500e+00,9.56657400e+00,1.24931400e+01,1.30594200e+01,1.30720300e+01,1.30788400e+01,1.30685400e+01,1.30517800e+01,1.29699300e+01
2.52566080e+06,-7.50720200e+00,1.29696000e+01,1.30515600e+01,1.30683300e+01,1.30786600e+01,1.30718700e+01,1.30591200e+01,1.24956200e+01,9.56816400e+00,8.03415400e+00,9.56816400e+00,1.24956200e+01,1.30591200e+01,1.30718700e+01,1.30786600e+01,1.30683300e+01,1.30515600e+01,1.29696000e+01
2.52966080e+06,-7.50404600e+00,1.29692800e+01,1.30513500e+01,1.30681200e+01,1.30784800e+01,1.30717200e+01,1.30588200e+01,1.24981000e+01,9.56976000e+00,8.03545900e+00,9.56976000e+00,1.24981000e+01,1.30588200e+01,1.30717200e+01,1.30784800e+01,1.30681200e+01,1.30513500e+01,1.29692800e+01
2.53366080e+06,-7.50302300e+00,1.29689700e+01,1.30511400e+01,1.30679300e+01,1.30783000e+01,1.30715700e+01,1.30585300e+01,1.25005900e+01,9.57136300e+00,8.03676900e+00,9.57136300e+00,1.25005900e+01,1.30585300e+01,1.30715700e+01,1.30783000e+01,1.30679300e+01,1.30511400e+01,1.29689700e+01
2.53766080e+06,-7.49718200e+00,1.29686700e+01,1.30509400e+01,1.30677400e+01,1.30781400e+01,1.30714300e+01,1.30582500e+01,1.25030700e+01,9.57297300e+00,8.03808400e+00,9.57297300e+00,1.25030700e+01,1.30582500e+01,1.30714300e+01,1.30781400e+01,1.30677400e+01,1.30509400e+01,1.29686700e+01
2.54166080e+06,-7.49246200e+00,1.29683700e+01,1.30507400e+01,1.30675500e+01,1.30779800e+01,1.30712900e+01,1.30579700e+01,1.25055600e+01,9.57458900e+00,8.03940500e+00,9.57458900e+00,1.25055600e+01,1.30579700e+01,1.30712900e+01,1.30779800e+01,1.30675500e+01,1.30507400e+01,1.29683700e+01
2.54566080e+06,-7.48985600e+00,1.29680700e+01,1.30505500e+01,1.30673700e+01,1.30778200e+01,1.30711600e+01,1.30576900e+01,1.25080400e+01,9.57621100e+00,8.04073100e+00,9.57621100e+00,1.25080400e+01,1.30576900e+01,1.30711600e+01,1.30778200e+01,1.30673700e+01,1.30505500e+01,1.29680700e+01
2.54966080e+06,-7.48978300e+00,1.29677900e+01,1.30503600e+01,1.30672000e+01,1.30776700e+01,1.30710300e+01,1.30574300e+01,1.25105300e+01,9.57783900e+00,8.04206200e+00,9.57783900e+00,1.25105300e+01,1.30574300e+01,1.30710300e+01,1.30776700e+01,1.30672000e+01,1.30503600e+01,1.29677900e+01
2.55366080e+06,-7.49264000e+00,1.29675000e+01,1.30501700e+01,1.30670300e+01,1.30775200e+01,1.30709100e+01,1.30571600e+01,1.25130200e+01,9.57947200e+00,8.04339700e+00,9.57947200e+00,1.25130200e+01,1.30571600e+01,1.30709100e+01,1.30775200e+01,1.30670300e+01,1.30501700e+01,1.29675000e+01
2.55766080e+06,-7.49876100e+00,1.29672300e+01,1.30499900e+01,1.30668700e+01,1.30773800e+01,1.30707900e+01,1.30569000e+01,1.25155000e+01,9.58111000e+00,8.04473600e+00,9.58111000e+00,1.25155000e+01,1.30569000e+01,1.30707900e+01,1.30773800e+01,1.30668700e+01,1.30499900e+01,1.29672300e+01
2.56166080e+06,-7.50835400e+00,1.29669600e+01,1.30498100e+01,1.30667100e+01,1.30772400e+01,1.30706700e+01,1.30566400e+01,1.25179900e+01,9.58275200e+00,8.04607800e+00,9.58275200e+00,1.25179900e+01,1.30566400e+01,1.30706700e+01,1.30772400e+01,1.30667100e+01,1.30498100e+01,1.29669600e+01
2.56566080e+06,-7.50784000e+00,1.29666900e+01,1.30496300e+01,1.30665600e+01,1.30771000e+01,1.30705600e+01,1.30563900e+01,1.25204700e+01,9.58439800e+00,8.04742200e+00,9.58439800e+00,1.25204700e+01,1.30563900e+01,1.30705600e+01,1.30771000e+01,1.30665600e+01,1.30496300e+01,1.29666900e+01
2.56966080e+06,-7.49992900e+00,1.29664200e+01,1.30494500e+01,1.30664100e+01,1.30769700e+01,1.30704500e+01,1.30561300e+01,1.25229500e+01,9.58604700e+00,8.04876900e+00,9.58604700e+00,1.25229500e+01,1.30561300e+01,1.30704500e+01,1.30769700e+01,1.30664100e+01,1.30494500e+01,1.29664200e+01
2.57366080e+06,-7.49325300e+00,1.29661600e+01,1.30492800e+01,1.30662600e+01,1.30768300e+01,1.30703400e+01,1.30558800e+01,1.25254300e+01,9.58769900e+00,8.05011700e+00,9.58769900e+00,1.25254300e+01,1.30558800e+01,1.30703400e+01,1.30768300e+01,1.30662600e+01,1.30492800e+01,1.29661600e+01
2.57766080e+06,-7.48793200e+00,1.29659100e+01,1.30491000e+01,1.30661100e+01,1.30767000e+01,1.30702300e+01,1.30556300e+01,1.25279000e+01,9.58935300e+00,8.05146700e+00,9.58935300e+00,1.25279000e+01,1.30556300e+01,1.30702300e+01,1.30767000e+01,1.30661100e+01,1.30491000e+01,1.29659100e+01
2.58166080e+06,-7.48408000e+00,1.29656500e+01,1.30489300e+01,1.30659700e+01,1.30765700e+01,1.30701200e+01,1.30553800e+01,1.25303700e+01,9.59100900e+00,8.05281800e+00,9.59100900e+00,1.25303700e+01,1.30553800e+01,1.30701200e+01,1.30765700e+01,1.30659700e+01,1.30489300e+01,1.29656500e+01
2.58566080e+06,-7.48180900e+00,1.29654000e+01,1.30487500e+01,1.30658200e+01,1.30764400e+01,1.30700200e+01,1.30551300e+01,1.25328400e+01,9.59266700e+00,8.05417000e+00,9.59266700e+00,1.25328400e+01,1.30551300e+01,1.30700200e+01,1.30764400e+01,1.30658200e+01,1.30487500e+01,1.29654000e+01
2.58966080e+06,-7.48124600e+00,1.29651500e+01,1.30485800e+01,1.30656800e+01,1.30763100e+01,1.30699100e+01,1.30548800e+01,1.25353000e+01,9.59432700e+00,8.05552200e+00,9.59432700e+00,1.25353000e+01,1.30548800e+01,1.30699100e+01,1.30763100e+01,1.30656800e+01,1.30485800e+01,1.29651500e+01
