t,max_slip_rate,-400.0,-350.0,-300.0,-250.0,-200.0,-150.0,-100.0,-50.0,-0.0,50.0,100.0,150.0,200.0,250.0,300.0,350.0,400.0
0.00000000e+00,0.00000000e+00,-4.00000000e+02,-3.50000000e+02,-3.00000000e+02,-2.50000000e+02,-2.00000000e+02,-1.50000000e+02,-1.00000000e+02,-5.00000000e+01,-0.00000000e+00,5.00000000e+01,1.00000000e+02,1.50000000e+02,2.00000000e+02,2.50000000e+02,3.00000000e+02,3.50000000e+02,4.00000000e+02
5.00000000e+02,-1.20000000e+01,1.46000000e+01,1.46000000e+01,1.46000000e+01,1.46000000e+01,1.46000000e+01,1.46000000e+01,1.46000000e+01,1.46000000e+01,1.46000000e+01,1.46000000e+01,1.46000000e+01,1.46000000e+01,1.46000000e+01,1.46000000e+01,1.46000000e+01,1.46000000e+01,1.46000000e+01
4.00000000e+03,-1.15847300e+01,1.46000000e+01,1.46000000e+01,1.46000000e+01,1.46000000e+01,1.46000000e+01,1.46000000e+01,1.46000000e+01,1.46000000e+01,1.46000000e+01,1.46000000e+01,1.46000000e+01,1.46000000e+01,1.46000000e+01,1.46000000e+01,1.46000000e+01,1.46000000e+01,1.46000000e+01
8.00000000e+03,-1.11370700e+01,1.46000000e+01,1.46000000e+01,1.46000000e+01,1.46000000e+01,1.46000000e+01,1.46000000e+01,1.46000000e+01,1.46000000e+01,1.45999900e+01,1.46000000e+01,1.46000000e+01,1.46000000e+01,1.46000000e+01,1.46000000e+01,1.46000000e+01,1.46000000e+01,1.46000000e+01
1.20000000e+04,-1.07146700e+01,1.46000000e+01,1.46000000e+01,1.46000000e+01,1.46000000e+01,1.46000000e+01,1.46000000e+01,1.46000000e+01,1.45999900e+01,1.45999700e+01,1.45999900e+01,1.46000000e+01,1.46000000e+01,1.46000000e+01,1.46000000e+01,1.46000000e+01,1.46000000e+01,1.46000000e+01
1.60000000e+04,-1.03144100e+01,1.46000000e+01,1.46000000e+01,1.46000000e+01,1.46000000e+01,1.46000000e+01,1.46000000e+01,1.46000000e+01,1.45999700e+01,1.45998900e+01,1.45999700e+01,1.46000000e+01,1.46000000e+01,1.46000000e+01,1.46000000e+01,1.46000000e+01,1.46000000e+01,1.46000000e+01
2.00000000e+04,-9.93366400e+00,1.46000000e+01,1.46000000e+01,1.46000000e+01,1.46000000e+01,1.46000000e+01,1.46000000e+01,1.46000000e+01,1.45999300e+01,1.45997100e+01,1.45999300e+01,1.46000000e+01,1.46000000e+01,1.46000000e+01,1.46000000e+01,1.46000000e+01,1.46000000e+01,1.46000000e+01
2.40000000e+04,-9.57025100e+00,1.46000000e+01,1.46000000e+01,1.46000000e+01,1.46000000e+01,1.46000000e+01,1.46000000e+01,1.46000000e+01,1.45998400e+01,1.45992600e+01,1.45998400e+01,1.46000000e+01,1.46000000e+01,1.46000000e+01,1.46000000e+01,1.46000000e+01,1.46000000e+01,1.46000000e+01
2.80000000e+04,-9.22239800e+00,1.46000000e+01,1.46000000e+01,1.46000000e+01,1.46000000e+01,1.46000000e+01,1.46000100e+01,1.46000000e+01,1.45996700e+01,1.45982300e+01,1.45996700e+01,1.46000000e+01,1.46000100e+01,1.46000000e+01,1.46000000e+01,1.46000000e+01,1.46000000e+01,1.46000000e+01
3.20000000e+04,-8.88881500e+00,1.45999900e+01,1.46000000e+01,1.46000000e+01,1.46000000e+01,1.46000000e+01,1.46000100e+01,1.46000100e+01,1.45993300e+01,1.45959500e+01,1.45993300e+01,1.46000100e+01,1.46000100e+01,1.46000000e+01,1.46000000e+01,1.46000000e+01,1.46000000e+01,1.45999900e+01
3.60000000e+04,-8.56884200e+00,1.45999900e+01,1.46000000e+01,1.46000000e+01,1.46000000e+01,1.46000100e+01,1.46000300e+01,1.46000500e+01,1.45986700e+01,1.45910800e+01,1.45986700e+01,1.46000500e+01,1.46000300e+01,1.46000100e+01,1.46000000e+01,1.46000000e+01,1.46000000e+01,1.45999900e+01
4.00000000e+04,-8.26279000e+00,1.45999900e+01,1.46000000e+01,1.46000000e+01,1.46000100e+01,1.46000200e+01,1.46000500e+01,1.46001100e+01,1.45974000e+01,1.45810300e+01,1.45974000e+01,1.46001100e+01,1.46000500e+01,1.46000200e+01,1.46000100e+01,1.46000000e+01,1.46000000e+01,1.45999900e+01
4.40000000e+04,-7.97254000e+00,1.46000000e+01,1.46000000e+01,1.46000100e+01,1.46000200e+01,1.46000400e+01,1.46001000e+01,1.46002600e+01,1.45950300e+01,1.45610200e+01,1.45950300e+01,1.46002600e+01,1.46001000e+01,1.46000400e+01,1.46000200e+01,1.46000100e+01,1.46000000e+01,1.46000000e+01
4.80000000e+04,-7.70240200e+00,1.46000000e+01,1.46000100e+01,1.46000200e+01,1.46000300e+01,1.46000700e+01,1.46001800e+01,1.46005600e+01,1.45907200e+01,1.45228400e+01,1.45907200e+01,1.46005600e+01,1.46001800e+01,1.46000700e+01,1.46000300e+01,1.46000200e+01,1.46000100e+01,1.46000000e+01
5.20000000e+04,-7.45985500e+00,1.46000000e+01,1.46000200e+01,1.46000300e+01,1.46000600e+01,1.46001300e+01,1.46003300e+01,1.46011100e+01,1.45832300e+01,1.44540000e+01,1.45832300e+01,1.46011100e+01,1.46003300e+01,1.46001300e+01,1.46000600e+01,1.46000300e+01,1.46000200e+01,1.46000000e+01
5.60000000e+04,-7.25489900e+00,1.46000200e+01,1.46000300e+01,1.46000600e+01,1.46001000e+01,1.46002200e+01,1.46005800e+01,1.46020500e+01,1.45710100e+01,1.43390200e+01,1.45710100e+01,1.46020500e+01,1.46005800e+01,1.46002200e+01,1.46001000e+01,1.46000600e+01,1.46000300e+01,1.46000200e+01
6.00000000e+04,-7.09645700e+00,1.46000300e+01,1.46000600e+01,1.46001000e+01,1.46001700e+01,1.46003700e+01,1.46009500e+01,1.46034900e+01,1.45526900e+01,1.41651700e+01,1.45526900e+01,1.46034900e+01,1.46009500e+01,1.46003700e+01,1.46001700e+01,1.46001000e+01,1.46000600e+01,1.46000300e+01
6.40000000e+04,-6.98672400e+00,1.46000500e+01,1.46000900e+01,1.46001500e+01,1.46002700e+01,1.46005700e+01,1.46014800e+01,1.46054700e+01,1.45278700e+01,1.39304900e+01,1.45278700e+01,1.46054700e+01,1.46014800e+01,1.46005700e+01,1.46002700e+01,1.46001500e+01,1.46000900e+01,1.46000500e+01
6.80000000e+04,-6.91839800e+00,1.46000800e+01,1.46001400e+01,1.46002200e+01,1.46004000e+01,1.46008300e+01,1.46021700e+01,1.46079200e+01,1.44974900e+01,1.36466400e+01,1.44974900e+01,1.46079200e+01,1.46021700e+01,1.46008300e+01,1.46004000e+01,1.46002200e+01,1.46001400e+01,1.46000800e+01
7.20000000e+04,-6.87753700e+00,1.46001200e+01,1.46001900e+01,1.46003100e+01,1.46005600e+01,1.46011700e+01,1.46030700e+01,1.46108000e+01,1.44634700e+01,1.33326000e+01,1.44634700e+01,1.46108000e+01,1.46030700e+01,1.46011700e+01,1.46005600e+01,1.46003100e+01,1.46001900e+01,1.46001200e+01
7.60000000e+04,-6.84846500e+00,1.46001700e+01,1.46002600e+01,1.46004300e+01,1.46007600e+01,1.46015800e+01,1.46042200e+01,1.46141500e+01,1.44280900e+01,1.30058400e+01,1.44280900e+01,1.46141500e+01,1.46042200e+01,1.46015800e+01,1.46007600e+01,1.46004300e+01,1.46002600e+01,1.46001700e+01
8.00000000e+04,-6.81749000e+00,1.46002300e+01,1.46003600e+01,1.46005800e+01,1.46010200e+01,1.46021300e+01,1.46057500e+01,1.46181600e+01,1.43930800e+01,1.26767200e+01,1.43930800e+01,1.46181600e+01,1.46057500e+01,1.46021300e+01,1.46010200e+01,1.46005800e+01,1.46003600e+01,1.46002300e+01
8.40000000e+04,-6.77638000e+00,1.46003100e+01,1.46004800e+01,1.46007700e+01,1.46013700e+01,1.46028400e+01,1.46078100e+01,1.46230600e+01,1.43579100e+01,1.23462600e+01,1.43579100e+01,1.46230600e+01,1.46078100e+01,1.46028400e+01,1.46013700e+01,1.46007700e+01,1.46004800e+01,1.46003100e+01
8.80000000e+04,-6.72577400e+00,1.46004100e+01,1.46006300e+01,1.46010200e+01,1.46018200e+01,1.46037900e+01,1.46105900e+01,1.46288600e+01,1.43172600e+01,1.20064800e+01,1.43172600e+01,1.46288600e+01,1.46105900e+01,1.46037900e+01,1.46018200e+01,1.46010200e+01,1.46006300e+01,1.46004100e+01
9.19563458e+04,-6.67149500e+00,1.46005400e+01,1.46008400e+01,1.46013500e+01,1.46024000e+01,1.46049900e+01,1.46142500e+01,1.46351500e+01,1.42602200e+01,1.16491000e+01,1.42602200e+01,1.46351500e+01,1.46142500e+01,1.46049900e+01,1.46024000e+01,1.46013500e+01,1.46008400e+01,1.46005400e+01
9.55369167e+04,-6.62633300e+00,1.46006900e+01,1.46010600e+01,1.46017100e+01,1.46030500e+01,1.46063600e+01,1.46185400e+01,1.46409100e+01,1.41806100e+01,1.12971500e+01,1.41806100e+01,1.46409100e+01,1.46185400e+01,1.46063600e+01,1.46030500e+01,1.46017100e+01,1.46010600e+01,1.46006900e+01
9.88155458e+04,-6.59669800e+00,1.46008500e+01,1.46013100e+01,1.46021100e+01,1.46037700e+01,1.46078600e+01,1.46234300e+01,1.46460000e+01,1.40733500e+01,1.09531500e+01,1.40733500e+01,1.46460000e+01,1.46234300e+01,1.46078600e+01,1.46037700e+01,1.46021100e+01,1.46013100e+01,1.46008500e+01
1.01915408e+05,-6.57930500e+00,1.46010300e+01,1.46015800e+01,1.46025400e+01,1.46045500e+01,1.46095200e+01,1.46290300e+01,1.46509000e+01,1.39352000e+01,1.06159100e+01,1.39352000e+01,1.46509000e+01,1.46290300e+01,1.46095200e+01,1.46045500e+01,1.46025400e+01,1.46015800e+01,1.46010300e+01
1.04934067e+05,-6.57803000e+00,1.46012300e+01,1.46018700e+01,1.46030200e+01,1.46054300e+01,1.46113700e+01,1.46355100e+01,1.46566600e+01,1.37644600e+01,1.02880000e+01,1.37644600e+01,1.46566600e+01,1.46355100e+01,1.46113700e+01,1.46054300e+01,1.46030200e+01,1.46018700e+01,1.46012300e+01
1.07952721e+05,-6.57361100e+00,1.46014500e+01,1.46022000e+01,1.46035600e+01,1.46064100e+01,1.46134700e+01,1.46430900e+01,1.46647000e+01,1.35598000e+01,9.98851800e+00,1.35598000e+01,1.46647000e+01,1.46430900e+01,1.46134700e+01,1.46064100e+01,1.46035600e+01,1.46022000e+01,1.46014500e+01
1.10970558e+05,-6.58412800e+00,1.46016800e+01,1.46025700e+01,1.46041500e+01,1.46074900e+01,1.46158000e+01,1.46518500e+01,1.46760700e+01,1.33226900e+01,9.76648200e+00,1.33226900e+01,1.46760700e+01,1.46518500e+01,1.46158000e+01,1.46074900e+01,1.46041500e+01,1.46025700e+01,1.46016800e+01
1.14112825e+05,-6.60863600e+00,1.46019500e+01,1.46029700e+01,1.46048100e+01,1.46087300e+01,1.46184900e+01,1.46623100e+01,1.46925800e+01,1.30398400e+01,9.63096800e+00,1.30398400e+01,1.46925800e+01,1.46623100e+01,1.46184900e+01,1.46087300e+01,1.46048100e+01,1.46029700e+01,1.46019500e+01
1.17288783e+05,-6.56842800e+00,1.46022500e+01,1.46034300e+01,1.46055600e+01,1.46101200e+01,1.46215300e+01,1.46745000e+01,1.47160300e+01,1.27146100e+01,9.55212200e+00,1.27146100e+01,1.47160300e+01,1.46745000e+01,1.46215300e+01,1.46101200e+01,1.46055600e+01,1.46034300e+01,1.46022500e+01
1.20112025e+05,-6.52223400e+00,1.46025500e+01,1.46038900e+01,1.46063100e+01,1.46115300e+01,1.46246200e+01,1.46870400e+01,1.47444400e+01,1.23887200e+01,9.50175300e+00,1.23887200e+01,1.47444400e+01,1.46870400e+01,1.46246200e+01,1.46115300e+01,1.46063100e+01,1.46038900e+01,1.46025500e+01
1.22683792e+05,-6.48882100e+00,1.46028600e+01,1.46043600e+01,1.46070800e+01,1.46129500e+01,1.46277800e+01,1.46999200e+01,1.47778100e+01,1.20646500e+01,9.45721600e+00,1.20646500e+01,1.47778100e+01,1.46999200e+01,1.46277800e+01,1.46129500e+01,1.46070800e+01,1.46043600e+01,1.46028600e+01
1.25088558e+05,-6.46479900e+00,1.46031700e+01,1.46048300e+01,1.46078600e+01,1.46144200e+01,1.46310200e+01,1.47132200e+01,1.48163400e+01,1.17422000e+01,9.41173800e+00,1.17422000e+01,1.48163400e+01,1.47132200e+01,1.46310200e+01,1.46144200e+01,1.46078600e+01,1.46048300e+01,1.46031700e+01
1.27377275e+05,-6.44624200e+00,1.46034900e+01,1.46053200e+01,1.46086700e+01,1.46159400e+01,1.46344000e+01,1.47270100e+01,1.48602400e+01,1.14232100e+01,9.36763400e+00,1.14232100e+01,1.48602400e+01,1.47270100e+01,1.46344000e+01,1.46159400e+01,1.46086700e+01,1.46053200e+01,1.46034900e+01
1.29580792e+05,-6.43401300e+00,1.46038300e+01,1.46058400e+01,1.46095200e+01,1.46175300e+01,1.46379300e+01,1.47413700e+01,1.49096100e+01,1.11111300e+01,9.32885300e+00,1.11111300e+01,1.49096100e+01,1.47413700e+01,1.46379300e+01,1.46175300e+01,1.46095200e+01,1.46058400e+01,1.46038300e+01
1.31763438e+05,-6.44775200e+00,1.46041900e+01,1.46063900e+01,1.46104300e+01,1.46192300e+01,1.46417200e+01,1.47565100e+01,1.49660700e+01,1.08136300e+01,9.29615500e+00,1.08136300e+01,1.49660700e+01,1.47565100e+01,1.46417200e+01,1.46192300e+01,1.46104300e+01,1.46063900e+01,1.46041900e+01
1.34117875e+05,-6.47776000e+00,1.46046000e+01,1.46070100e+01,1.46114400e+01,1.46211300e+01,1.46459500e+01,1.47730300e+01,1.50367300e+01,1.05589400e+01,9.26607300e+00,1.05589400e+01,1.50367300e+01,1.47730300e+01,1.46459500e+01,1.46211300e+01,1.46114400e+01,1.46070100e+01,1.46046000e+01
1.36524650e+05,-6.48232500e+00,1.46050100e+01,1.46076400e+01,1.46124800e+01,1.46230700e+01,1.46502800e+01,1.47891600e+01,1.51185600e+01,1.04113800e+01,9.23279500e+00,1.04113800e+01,1.51185600e+01,1.47891600e+01,1.46502800e+01,1.46230700e+01,1.46124800e+01,1.46076400e+01,1.46050100e+01
1.38986192e+05,-6.49614000e+00,1.46054300e+01,1.46082800e+01,1.46135300e+01,1.46250300e+01,1.46546600e+01,1.48047600e+01,1.52045300e+01,1.03381400e+01,9.18765800e+00,1.03381400e+01,1.52045300e+01,1.48047600e+01,1.46546600e+01,1.46250300e+01,1.46135300e+01,1.46082800e+01,1.46054300e+01
1.41494408e+05,-6.49558600e+00,1.46058600e+01,1.46089300e+01,1.46146100e+01,1.46270300e+01,1.46591800e+01,1.48200400e+01,1.52882000e+01,1.02949400e+01,9.13679500e+00,1.02949400e+01,1.52882000e+01,1.48200400e+01,1.46591800e+01,1.46270300e+01,1.46146100e+01,1.46089300e+01,1.46058600e+01
1.44015229e+05,-6.50433300e+00,1.46063000e+01,1.46096000e+01,1.46157000e+01,1.46290700e+01,1.46638300e+01,1.48348400e+01,1.53635200e+01,1.02581400e+01,9.08630400e+00,1.02581400e+01,1.53635200e+01,1.48348400e+01,1.46638300e+01,1.46290700e+01,1.46157000e+01,1.46096000e+01,1.46063000e+01
1.46622408e+05,-6.52792400e+00,1.46067400e+01,1.46102800e+01,1.46168200e+01,1.46311600e+01,1.46686600e+01,1.48489100e+01,1.54230900e+01,1.02112600e+01,9.03088500e+00,1.02112600e+01,1.54230900e+01,1.48489100e+01,1.46686600e+01,1.46311600e+01,1.46168200e+01,1.46102800e+01,1.46067400e+01
1.49436346e+05,-6.57451400e+00,1.46071900e+01,1.46109600e+01,1.46179500e+01,1.46332600e+01,1.46736300e+01,1.48613800e+01,1.54540600e+01,1.01440900e+01,8.96373700e+00,1.01440900e+01,1.54540600e+01,1.48613800e+01,1.46736300e+01,1.46332600e+01,1.46179500e+01,1.46109600e+01,1.46071900e+01
1.52642458e+05,-6.64321400e+00,1.46076400e+01,1.46116600e+01,1.46191000e+01,1.46354200e+01,1.46788700e+01,1.48718800e+01,1.54488300e+01,1.00648200e+01,8.89091900e+00,1.00648200e+01,1.54488300e+01,1.48718800e+01,1.46788700e+01,1.46354200e+01,1.46191000e+01,1.46116600e+01,1.46076400e+01
1.56440958e+05,-6.73172300e+00,1.46081300e+01,1.46124000e+01,1.46203300e+01,1.46377400e+01,1.46847600e+01,1.48807000e+01,1.54032900e+01,9.98560100e+00,8.81801800e+00,9.98560100e+00,1.54032900e+01,1.48807000e+01,1.46847600e+01,1.46377400e+01,1.46203300e+01,1.46124000e+01,1.46081300e+01
1.60440958e+05,-6.84906800e+00,1.46086000e+01,1.46131200e+01,1.46215500e+01,1.46400500e+01,1.46909300e+01,1.48874700e+01,1.53204500e+01,9.91695900e+00,8.75038800e+00,9.91695900e+00,1.53204500e+01,1.48874700e+01,1.46909300e+01,1.46400500e+01,1.46215500e+01,1.46131200e+01,1.46086000e+01
1.64440958e+05,-6.85319300e+00,1.46090500e+01,1.46138200e+01,1.46227200e+01,1.46423000e+01,1.46972600e+01,1.48930600e+01,1.52070800e+01,9.85653200e+00,8.68613700e+00,9.85653200e+00,1.52070800e+01,1.48930600e+01,1.46972600e+01,1.46423000e+01,1.46227200e+01,1.46138200e+01,1.46090500e+01
1.68440958e+05,-6.84620200e+00,1.46095000e+01,1.46145100e+01,1.46238900e+01,1.46445700e+01,1.47039800e+01,1.48990000e+01,1.50671300e+01,9.80079600e+00,8.62371800e+00,9.80079600e+00,1.50671300e+01,1.48990000e+01,1.47039800e+01,1.46445700e+01,1.46238900e+01,1.46145100e+01,1.46095000e+01
1.72440958e+05,-6.83742600e+00,1.46099500e+01,1.46152100e+01,1.46251000e+01,1.46469300e+01,1.47113300e+01,1.49072200e+01,1.49043100e+01,9.74936800e+00,8.56411200e+00,9.74936800e+00,1.49043100e+01,1.49072200e+01,1.47113300e+01,1.46469300e+01,1.46251000e+01,1.46152100e+01,1.46099500e+01
1.76440958e+05,-6.82555400e+00,1.46104300e+01,1.46159600e+01,1.46263900e+01,1.46495000e+01,1.47196000e+01,1.49199300e+01,1.47210400e+01,9.70254200e+00,8.50794000e+00,9.70254200e+00,1.47210400e+01,1.49199300e+01,1.47196000e+01,1.46495000e+01,1.46263900e+01,1.46159600e+01,1.46104300e+01
1.80440958e+05,-6.80864000e+00,1.46109600e+01,1.46167900e+01,1.46278100e+01,1.46523600e+01,1.47291600e+01,1.49395200e+01,1.45171600e+01,9.66028600e+00,8.45509800e+00,9.66028600e+00,1.45171600e+01,1.49395200e+01,1.47291600e+01,1.46523600e+01,1.46278100e+01,1.46167900e+01,1.46109600e+01
1.84440958e+05,-6.78484400e+00,1.46115500e+01,1.46177100e+01,1.46294300e+01,1.46556400e+01,1.47404400e+01,1.49684000e+01,1.42887400e+01,9.62206600e+00,8.40530700e+00,9.62206600e+00,1.42887400e+01,1.49684000e+01,1.47404400e+01,1.46556400e+01,1.46294300e+01,1.46177100e+01,1.46115500e+01
1.88440958e+05,-6.73645600e+00,1.46122300e+01,1.46187800e+01,1.46312900e+01,1.46594600e+01,1.47539400e+01,1.50086500e+01,1.40272200e+01,9.58684000e+00,8.35843000e+00,9.58684000e+00,1.40272200e+01,1.50086500e+01,1.47539400e+01,1.46594600e+01,1.46312900e+01,1.46187800e+01,1.46122300e+01
1.92357821e+05,-6.65174500e+00,1.46130100e+01,1.46200000e+01,1.46334400e+01,1.46638900e+01,1.47698800e+01,1.50608200e+01,1.37257100e+01,9.55395800e+00,8.31534400e+00,9.55395800e+00,1.37257100e+01,1.50608200e+01,1.47698800e+01,1.46638900e+01,1.46334400e+01,1.46200000e+01,1.46130100e+01
1.95668504e+05,-6.57172800e+00,1.46137800e+01,1.46212200e+01,1.46355900e+01,1.46683500e+01,1.47861600e+01,1.51165600e+01,1.34177300e+01,9.52687300e+00,8.28119600e+00,9.52687300e+00,1.34177300e+01,1.51165600e+01,1.47861600e+01,1.46683500e+01,1.46355900e+01,1.46212200e+01,1.46137800e+01
1.98458871e+05,-6.50518500e+00,1.46145300e+01,1.46224000e+01,1.46376800e+01,1.46727100e+01,1.48022600e+01,1.51728500e+01,1.31096300e+01,9.50363800e+00,8.25318400e+00,9.50363800e+00,1.31096300e+01,1.51728500e+01,1.48022600e+01,1.46727100e+01,1.46376800e+01,1.46224000e+01,1.46145300e+01
2.00882217e+05,-6.45132300e+00,1.46152600e+01,1.46235400e+01,1.46397100e+01,1.46769500e+01,1.48181000e+01,1.52287600e+01,1.28000600e+01,9.48139100e+00,8.22750100e+00,9.48139100e+00,1.28000600e+01,1.52287600e+01,1.48181000e+01,1.46769500e+01,1.46397100e+01,1.46235400e+01,1.46152600e+01
2.03051317e+05,-6.41170400e+00,1.46159600e+01,1.46246500e+01,1.46416700e+01,1.46810700e+01,1.48336700e+01,1.52839400e+01,1.24885600e+01,9.45818200e+00,8.20156700e+00,9.45818200e+00,1.24885600e+01,1.52839400e+01,1.48336700e+01,1.46810700e+01,1.46416700e+01,1.46246500e+01,1.46159600e+01
2.05069100e+05,-6.39458900e+00,1.46166400e+01,1.46257300e+01,1.46435900e+01,1.46851400e+01,1.48491300e+01,1.53394600e+01,1.21781000e+01,9.43373200e+00,8.17450500e+00,9.43373200e+00,1.21781000e+01,1.53394600e+01,1.48491300e+01,1.46851400e+01,1.46435900e+01,1.46257300e+01,1.46166400e+01
2.07096962e+05,-6.43272400e+00,1.46173400e+01,1.46268400e+01,1.46455800e+01,1.46893400e+01,1.48650500e+01,1.54004400e+01,1.18819700e+01,9.40833300e+00,8.14501200e+00,9.40833300e+00,1.18819700e+01,1.54004400e+01,1.48650500e+01,1.46893400e+01,1.46455800e+01,1.46268400e+01,1.46173400e+01
2.09392850e+05,-6.47189000e+00,1.46181300e+01,1.46280800e+01,1.46477800e+01,1.46940100e+01,1.48822500e+01,1.54778100e+01,1.16494800e+01,9.38032700e+00,8.10898500e+00,9.38032700e+00,1.16494800e+01,1.54778100e+01,1.48822500e+01,1.46940100e+01,1.46477800e+01,1.46280800e+01,1.46181300e+01
2.11833362e+05,-6.50331500e+00,1.46189300e+01,1.46293400e+01,1.46500300e+01,1.46987600e+01,1.48989900e+01,1.55663100e+01,1.15337500e+01,9.34826900e+00,8.06970900e+00,9.34826900e+00,1.15337500e+01,1.55663100e+01,1.48989900e+01,1.46987600e+01,1.46500300e+01,1.46293400e+01,1.46189300e+01
2.14486250e+05,-6.54675200e+00,1.46197700e+01,1.46306800e+01,1.46524000e+01,1.47037800e+01,1.49159400e+01,1.56603200e+01,1.14797100e+01,9.30922700e+00,8.03020000e+00,9.30922700e+00,1.14797100e+01,1.56603200e+01,1.49159400e+01,1.47037800e+01,1.46524000e+01,1.46306800e+01,1.46197700e+01
2.17512133e+05,-6.63356700e+00,1.46207200e+01,1.46321700e+01,1.46550400e+01,1.47093800e+01,1.49340400e+01,1.57555400e+01,1.14393000e+01,9.26227500e+00,7.99034900e+00,9.26227500e+00,1.14393000e+01,1.57555400e+01,1.49340400e+01,1.47093800e+01,1.46550400e+01,1.46321700e+01,1.46207200e+01
2.21343025e+05,-6.73492200e+00,1.46218400e+01,1.46339500e+01,1.46581700e+01,1.47160000e+01,1.49541400e+01,1.58435400e+01,1.13758700e+01,9.20017400e+00,7.94408200e+00,9.20017400e+00,1.13758700e+01,1.58435400e+01,1.49541400e+01,1.47160000e+01,1.46581700e+01,1.46339500e+01,1.46218400e+01
2.25343025e+05,-6.72556800e+00,1.46229400e+01,1.46356700e+01,1.46611900e+01,1.47223800e+01,1.49721100e+01,1.59039700e+01,1.13089200e+01,9.14257600e+00,7.89688400e+00,9.14257600e+00,1.13089200e+01,1.59039700e+01,1.49721100e+01,1.47223800e+01,1.46611900e+01,1.46356700e+01,1.46229400e+01
2.29343025e+05,-6.72466100e+00,1.46239900e+01,1.46373200e+01,1.46640800e+01,1.47284600e+01,1.49883100e+01,1.59482800e+01,1.12565800e+01,9.09517800e+00,7.84968000e+00,9.09517800e+00,1.12565800e+01,1.59482800e+01,1.49883100e+01,1.47284600e+01,1.46640800e+01,1.46373200e+01,1.46239900e+01
2.33343025e+05,-6.72893000e+00,1.46250000e+01,1.46389200e+01,1.46668900e+01,1.47344300e+01,1.50036100e+01,1.59837000e+01,1.12166300e+01,9.05326900e+00,7.80304400e+00,9.05326900e+00,1.12166300e+01,1.59837000e+01,1.50036100e+01,1.47344300e+01,1.46668900e+01,1.46389200e+01,1.46250000e+01
2.37343025e+05,-6.73328800e+00,1.46260100e+01,1.46405100e+01,1.46696600e+01,1.47403900e+01,1.50184200e+01,1.60123000e+01,1.11838700e+01,9.01322300e+00,7.75747100e+00,9.01322300e+00,1.11838700e+01,1.60123000e+01,1.50184200e+01,1.47403900e+01,1.46696600e+01,1.46405100e+01,1.46260100e+01
2.41343025e+05,-6.73589700e+00,1.46270100e+01,1.46420800e+01,1.46724400e+01,1.47464100e+01,1.50330000e+01,1.60341500e+01,1.11544800e+01,8.97349500e+00,7.71301300e+00,8.97349500e+00,1.11544800e+01,1.60341500e+01,1.50330000e+01,1.47464100e+01,1.46724400e+01,1.46420800e+01,1.46270100e+01
2.45343025e+05,-6.73470200e+00,1.46280200e+01,1.46436700e+01,1.46752400e+01,1.47525800e+01,1.50475900e+01,1.60484400e+01,1.11262300e+01,8.93389300e+00,7.66973600e+00,8.93389300e+00,1.11262300e+01,1.60484400e+01,1.50475900e+01,1.47525800e+01,1.46752400e+01,1.46436700e+01,1.46280200e+01
2.49343025e+05,-6.72249300e+00,1.46290400e+01,1.46453000e+01,1.46781100e+01,1.47590100e+01,1.50624300e+01,1.60539300e+01,1.10980400e+01,8.89479400e+00,7.62778500e+00,8.89479400e+00,1.10980400e+01,1.60539300e+01,1.50624300e+01,1.47590100e+01,1.46781100e+01,1.46453000e+01,1.46290400e+01
2.53343025e+05,-6.71239100e+00,1.46301000e+01,1.46469800e+01,1.46810900e+01,1.47658000e+01,1.50778200e+01,1.60489600e+01,1.10695200e+01,8.85655700e+00,7.58720700e+00,8.85655700e+00,1.10695200e+01,1.60489600e+01,1.50778200e+01,1.47658000e+01,1.46810900e+01,1.46469800e+01,1.46301000e+01
2.57343025e+05,-6.70897900e+00,1.46312000e+01,1.46487300e+01,1.46842000e+01,1.47730400e+01,1.50940400e+01,1.60313700e+01,1.10404100e+01,8.81904800e+00,7.54769400e+00,8.81904800e+00,1.10404100e+01,1.60313700e+01,1.50940400e+01,1.47730400e+01,1.46842000e+01,1.46487300e+01,1.46312000e+01
2.61343025e+05,-6.73471100e+00,1.46323300e+01,1.46505300e+01,1.46874100e+01,1.47806800e+01,1.51111200e+01,1.59978400e+01,1.10094500e+01,8.78087700e+00,7.50803800e+00,8.78087700e+00,1.10094500e+01,1.59978400e+01,1.51111200e+01,1.47806800e+01,1.46874100e+01,1.46505300e+01,1.46323300e+01
2.65343025e+05,-6.83170700e+00,1.46334500e+01,1.46523000e+01,1.46905900e+01,1.47885300e+01,1.51287200e+01,1.59436100e+01,1.09738300e+01,8.73939100e+00,7.46610100e+00,8.73939100e+00,1.09738300e+01,1.59436100e+01,1.51287200e+01,1.47885300e+01,1.46905900e+01,1.46523000e+01,1.46334500e+01
2.69343025e+05,-6.91223900e+00,1.46345100e+01,1.46540000e+01,1.46936700e+01,1.47964600e+01,1.51467400e+01,1.58651300e+01,1.09328300e+01,8.69406400e+00,7.42125500e+00,8.69406400e+00,1.09328300e+01,1.58651300e+01,1.51467400e+01,1.47964600e+01,1.46936700e+01,1.46540000e+01,1.46345100e+01
2.73343025e+05,-6.89799300e+00,1.46355300e+01,1.46556500e+01,1.46966800e+01,1.48046200e+01,1.51658200e+01,1.57619000e+01,1.08898000e+01,8.64781800e+00,7.37553400e+00,8.64781800e+00,1.08898000e+01,1.57619000e+01,1.51658200e+01,1.48046200e+01,1.46966800e+01,1.46556500e+01,1.46355300e+01
2.77343025e+05,-6.89675900e+00,1.46365500e+01,1.46572900e+01,1.46997300e+01,1.48132500e+01,1.51868800e+01,1.56346900e+01,1.08487400e+01,8.60362400e+00,7.33126900e+00,8.60362400e+00,1.08487400e+01,1.56346900e+01,1.51868800e+01,1.48132500e+01,1.46997300e+01,1.46572900e+01,1.46365500e+01
2.81343025e+05,-6.90110800e+00,1.46375800e+01,1.46589800e+01,1.47028800e+01,1.48225600e+01,1.52108200e+01,1.54837600e+01,1.08119900e+01,8.56286100e+00,7.28968700e+00,8.56286100e+00,1.08119900e+01,1.54837600e+01,1.52108200e+01,1.48225600e+01,1.47028800e+01,1.46589800e+01,1.46375800e+01
2.85343025e+05,-6.90814900e+00,1.46386600e+01,1.46607400e+01,1.47062100e+01,1.48327400e+01,1.52384600e+01,1.53082700e+01,1.07803000e+01,8.52569300e+00,7.25101700e+00,8.52569300e+00,1.07803000e+01,1.53082700e+01,1.52384600e+01,1.48327400e+01,1.47062100e+01,1.46607400e+01,1.46386600e+01
2.89343025e+05,-6.86302000e+00,1.46397900e+01,1.46626100e+01,1.47097800e+01,1.48440000e+01,1.52705400e+01,1.51061300e+01,1.07534800e+01,8.49172200e+00,7.21496000e+00,8.49172200e+00,1.07534800e+01,1.51061300e+01,1.52705400e+01,1.48440000e+01,1.47097800e+01,1.46626100e+01,1.46397900e+01
2.93343025e+05,-6.80486600e+00,1.46410000e+01,1.46646100e+01,1.47136600e+01,1.48565600e+01,1.53077900e+01,1.48741500e+01,1.07309100e+01,8.46038500e+00,7.18104900e+00,8.46038500e+00,1.07309100e+01,1.48741500e+01,1.53077900e+01,1.48565600e+01,1.47136600e+01,1.46646100e+01,1.46410000e+01
2.97343025e+05,-6.74625100e+00,1.46423100e+01,1.46667900e+01,1.47179100e+01,1.48706500e+01,1.53509700e+01,1.46081300e+01,1.07118000e+01,8.43115800e+00,7.14883800e+00,8.43115800e+00,1.07118000e+01,1.46081300e+01,1.53509700e+01,1.48706500e+01,1.47179100e+01,1.46667900e+01,1.46423100e+01
3.01338283e+05,-6.68639800e+00,1.46437300e+01,1.46691800e+01,1.47226100e+01,1.48865600e+01,1.54009800e+01,1.43033700e+01,1.06954200e+01,8.40366300e+00,7.11802600e+00,8.40366300e+00,1.06954200e+01,1.43033700e+01,1.54009800e+01,1.48865600e+01,1.47226100e+01,1.46691800e+01,1.46437300e+01
3.04987088e+05,-6.62336100e+00,1.46451800e+01,1.46716100e+01,1.47274300e+01,1.49031500e+01,1.54540800e+01,1.39820100e+01,1.06825500e+01,8.37986700e+00,7.09086300e+00,8.37986700e+00,1.06825500e+01,1.39820100e+01,1.54540800e+01,1.49031500e+01,1.47274300e+01,1.46716100e+01,1.46451800e+01
3.08165158e+05,-6.56727600e+00,1.46465800e+01,1.46739800e+01,1.47321700e+01,1.49196600e+01,1.55076900e+01,1.36610100e+01,1.06730200e+01,8.36017800e+00,7.06796700e+00,8.36017800e+00,1.06730200e+01,1.36610100e+01,1.55076900e+01,1.49196600e+01,1.47321700e+01,1.46739800e+01,1.46465800e+01
3.10974850e+05,-6.51767800e+00,1.46479500e+01,1.46763100e+01,1.47368900e+01,1.49362300e+01,1.55623400e+01,1.33416300e+01,1.06660000e+01,8.34364700e+00,7.04841700e+00,8.34364700e+00,1.06660000e+01,1.33416300e+01,1.55623400e+01,1.49362300e+01,1.47368900e+01,1.46763100e+01,1.46479500e+01
3.13506362e+05,-6.48095700e+00,1.46493200e+01,1.46786600e+01,1.47416500e+01,1.49530300e+01,1.56192800e+01,1.30270400e+01,1.06612000e+01,8.32949400e+00,7.03145700e+00,8.32949400e+00,1.06612000e+01,1.30270400e+01,1.56192800e+01,1.49530300e+01,1.47416500e+01,1.46786600e+01,1.46493200e+01
3.15905904e+05,-6.48486500e+00,1.46507600e+01,1.46811100e+01,1.47466600e+01,1.49706500e+01,1.56829600e+01,1.27284500e+01,1.06588200e+01,8.31644900e+00,7.01597700e+00,8.31644900e+00,1.06588200e+01,1.27284500e+01,1.56829600e+01,1.49706500e+01,1.47466600e+01,1.46811100e+01,1.46507600e+01
3.18383346e+05,-6.47969300e+00,1.46523500e+01,1.46838300e+01,1.47522500e+01,1.49898400e+01,1.57633100e+01,1.24913200e+01,1.06588500e+01,8.30217900e+00,7.00036600e+00,8.30217900e+00,1.06588500e+01,1.24913200e+01,1.57633100e+01,1.49898400e+01,1.47522500e+01,1.46838300e+01,1.46523500e+01
3.20763833e+05,-6.46964900e+00,1.46539700e+01,1.46866000e+01,1.47579400e+01,1.50086300e+01,1.58554200e+01,1.23746500e+01,1.06563800e+01,8.28678600e+00,6.98540300e+00,8.28678600e+00,1.06563800e+01,1.23746500e+01,1.58554200e+01,1.50086300e+01,1.47579400e+01,1.46866000e+01,1.46539700e+01
3.23150596e+05,-6.49031500e+00,1.46556800e+01,1.46895100e+01,1.47639200e+01,1.50276500e+01,1.59540000e+01,1.23269300e+01,1.06428500e+01,8.27023500e+00,6.97014200e+00,8.27023500e+00,1.06428500e+01,1.23269300e+01,1.59540000e+01,1.50276500e+01,1.47639200e+01,1.46895100e+01,1.46556800e+01
3.25829050e+05,-6.57018700e+00,1.46576300e+01,1.46928300e+01,1.47706900e+01,1.50483300e+01,1.60547700e+01,1.22914300e+01,1.06099900e+01,8.25103900e+00,6.95169700e+00,8.25103900e+00,1.06099900e+01,1.22914300e+01,1.60547700e+01,1.50483300e+01,1.47706900e+01,1.46928300e+01,1.46576300e+01
3.28736671e+05,-6.55479300e+00,1.46596900e+01,1.46963000e+01,1.47777100e+01,1.50684900e+01,1.61368300e+01,1.22421200e+01,1.05622300e+01,8.22894300e+00,6.92844600e+00,8.22894300e+00,1.05622300e+01,1.22421200e+01,1.61368300e+01,1.50684900e+01,1.47777100e+01,1.46963000e+01,1.46596900e+01
3.31644429e+05,-6.57163500e+00,1.46616400e+01,1.46995700e+01,1.47842600e+01,1.50863300e+01,1.61973800e+01,1.21953300e+01,1.05197500e+01,8.20417900e+00,6.90167100e+00,8.20417900e+00,1.05197500e+01,1.21953300e+01,1.61973800e+01,1.50863300e+01,1.47842600e+01,1.46995700e+01,1.46616400e+01
3.34721896e+05,-6.60466600e+00,1.46635800e+01,1.47028000e+01,1.47906800e+01,1.51032600e+01,1.62488200e+01,1.21569500e+01,1.04837400e+01,8.17411800e+00,6.87084700e+00,8.17411800e+00,1.04837400e+01,1.21569500e+01,1.62488200e+01,1.51032600e+01,1.47906800e+01,1.47028000e+01,1.46635800e+01
3.38067237e+05,-6.64347500e+00,1.46655300e+01,1.47060500e+01,1.47971500e+01,1.51199800e+01,1.62957600e+01,1.21248100e+01,1.04500300e+01,8.13888800e+00,6.83661500e+00,8.13888800e+00,1.04500300e+01,1.21248100e+01,1.62957600e+01,1.51199800e+01,1.47971500e+01,1.47060500e+01,1.46655300e+01
3.41721017e+05,-6.68028300e+00,1.46675400e+01,1.47093900e+01,1.48038100e+01,1.51368800e+01,1.63394800e+01,1.20962400e+01,1.04163600e+01,8.10099900e+00,6.80044200e+00,8.10099900e+00,1.04163600e+01,1.20962400e+01,1.63394800e+01,1.51368800e+01,1.48038100e+01,1.47093900e+01,1.46675400e+01
3.45660796e+05,-6.71258400e+00,1.46696200e+01,1.47128400e+01,1.48107200e+01,1.51541300e+01,1.63796500e+01,1.20699000e+01,1.03828900e+01,8.06320400e+00,6.76386200e+00,8.06320400e+00,1.03828900e+01,1.20699000e+01,1.63796500e+01,1.51541300e+01,1.48107200e+01,1.47128400e+01,1.46696200e+01
3.49660796e+05,-6.75230600e+00,1.46716700e+01,1.47162500e+01,1.48175700e+01,1.51710300e+01,1.64138500e+01,1.20460200e+01,1.03515000e+01,8.02811900e+00,6.72900100e+00,8.02811900e+00,1.03515000e+01,1.20460200e+01,1.64138500e+01,1.51710300e+01,1.48175700e+01,1.47162500e+01,1.46716700e+01
3.53660796e+05,-6.83485600e+00,1.46736400e+01,1.47195300e+01,1.48242400e+01,1.51872900e+01,1.64408100e+01,1.20227500e+01,1.03211300e+01,7.99493300e+00,6.69545900e+00,7.99493300e+00,1.03211300e+01,1.20227500e+01,1.64408100e+01,1.51872900e+01,1.48242400e+01,1.47195300e+01,1.46736400e+01
3.57660796e+05,-6.95215900e+00,1.46755200e+01,1.47226600e+01,1.48306400e+01,1.52026500e+01,1.64588300e+01,1.19974200e+01,1.02898400e+01,7.96233900e+00,6.66254300e+00,7.96233900e+00,1.02898400e+01,1.19974200e+01,1.64588300e+01,1.52026500e+01,1.48306400e+01,1.47226600e+01,1.46755200e+01
3.61660796e+05,-6.93872400e+00,1.46773100e+01,1.47256400e+01,1.48367800e+01,1.52171200e+01,1.64667700e+01,1.19689500e+01,1.02584500e+01,7.93951200e+00,6.64761800e+00,7.93951200e+00,1.02584500e+01,1.19689500e+01,1.64667700e+01,1.52171200e+01,1.48367800e+01,1.47256400e+01,1.46773100e+01
3.65660796e+05,-6.90843900e+00,1.46789200e+01,1.47283500e+01,1.48425000e+01,1.52304500e+01,1.64632800e+01,1.19362700e+01,1.02374300e+01,7.97251000e+00,6.70837700e+00,7.97251000e+00,1.02374300e+01,1.19362700e+01,1.64632800e+01,1.52304500e+01,1.48425000e+01,1.47283500e+01,1.46789200e+01
3.69660796e+05,-6.88757300e+00,1.46804200e+01,1.47308700e+01,1.48479600e+01,1.52429800e+01,1.64492000e+01,1.19037000e+01,1.02288100e+01,8.01773500e+00,6.76341600e+00,8.01773500e+00,1.02288100e+01,1.19037000e+01,1.64492000e+01,1.52429800e+01,1.48479600e+01,1.47308700e+01,1.46804200e+01
3.73660796e+05,-6.87425200e+00,1.46818400e+01,1.47332700e+01,1.48532700e+01,1.52551000e+01,1.64257100e+01,1.18742600e+01,1.02297700e+01,8.06075400e+00,6.80612800e+00,8.06075400e+00,1.02297700e+01,1.18742600e+01,1.64257100e+01,1.52551000e+01,1.48532700e+01,1.47332700e+01,1.46818400e+01
3.77660796e+05,-6.86663000e+00,1.46832100e+01,1.47355900e+01,1.48585400e+01,1.52670700e+01,1.63937100e+01,1.18491400e+01,1.02374700e+01,8.09934100e+00,6.84027400e+00,8.09934100e+00,1.02374700e+01,1.18491400e+01,1.63937100e+01,1.52670700e+01,1.48585400e+01,1.47355900e+01,1.46832100e+01
3.81660796e+05,-6.86318300e+00,1.46845500e+01,1.47378700e+01,1.48638200e+01,1.52791400e+01,1.63538900e+01,1.18285900e+01,1.02498300e+01,8.13374000e+00,6.86875800e+00,8.13374000e+00,1.02498300e+01,1.18285900e+01,1.63538900e+01,1.52791400e+01,1.48638200e+01,1.47378700e+01,1.46845500e+01
3.85660796e+05,-6.86278900e+00,1.46858600e+01,1.47401100e+01,1.48691600e+01,1.52915100e+01,1.63067700e+01,1.18124100e+01,1.02653800e+01,8.16464200e+00,6.89339700e+00,8.16464200e+00,1.02653800e+01,1.18124100e+01,1.63067700e+01,1.52915100e+01,1.48691600e+01,1.47401100e+01,1.46858600e+01
3.89660796e+05,-6.86478800e+00,1.46871500e+01,1.47423400e+01,1.48745800e+01,1.53043300e+01,1.62527600e+01,1.18002600e+01,1.02831500e+01,8.19271200e+00,6.91532100e+00,8.19271200e+00,1.02831500e+01,1.18002600e+01,1.62527600e+01,1.53043300e+01,1.48745800e+01,1.47423400e+01,1.46871500e+01
3.93660796e+05,-6.86923200e+00,1.46884400e+01,1.47445700e+01,1.48801300e+01,1.53177600e+01,1.61921700e+01,1.17917800e+01,1.03024700e+01,8.21849700e+00,6.93525600e+00,8.21849700e+00,1.03024700e+01,1.17917800e+01,1.61921700e+01,1.53177600e+01,1.48801300e+01,1.47445700e+01,1.46884400e+01
3.97660796e+05,-6.87767500e+00,1.46897200e+01,1.47468000e+01,1.48858200e+01,1.53319200e+01,1.61252200e+01,1.17866200e+01,1.03228500e+01,8.24242100e+00,6.95368000e+00,8.24242100e+00,1.03228500e+01,1.17866200e+01,1.61252200e+01,1.53319200e+01,1.48858200e+01,1.47468000e+01,1.46897200e+01
4.01660796e+05,-6.89505500e+00,1.46910100e+01,1.47490500e+01,1.48916800e+01,1.53469000e+01,1.60520600e+01,1.17844400e+01,1.03439400e+01,8.26479200e+00,6.97090300e+00,8.26479200e+00,1.03439400e+01,1.17844400e+01,1.60520600e+01,1.53469000e+01,1.48916800e+01,1.47490500e+01,1.46910100e+01
4.05660796e+05,-6.93191600e+00,1.46922900e+01,1.47513100e+01,1.48977000e+01,1.53627800e+01,1.59727400e+01,1.17849400e+01,1.03654600e+01,8.28580000e+00,6.98709300e+00,8.28580000e+00,1.03654600e+01,1.17849400e+01,1.59727400e+01,1.53627800e+01,1.48977000e+01,1.47513100e+01,1.46922900e+01
4.09660796e+05,-6.97872800e+00,1.46935600e+01,1.47535800e+01,1.49038800e+01,1.53795700e+01,1.58872500e+01,1.17877500e+01,1.03871200e+01,8.30551700e+00,7.00229400e+00,8.30551700e+00,1.03871200e+01,1.17877500e+01,1.58872500e+01,1.53795700e+01,1.49038800e+01,1.47535800e+01,1.46935600e+01
4.13660796e+05,-6.99958900e+00,1.46948200e+01,1.47558300e+01,1.49102100e+01,1.53972600e+01,1.57954900e+01,1.17925700e+01,1.04086600e+01,8.32395700e+00,7.01649600e+00,8.32395700e+00,1.04086600e+01,1.17925700e+01,1.57954900e+01,1.53972600e+01,1.49102100e+01,1.47558300e+01,1.46948200e+01
4.17660796e+05,-7.02990200e+00,1.46960500e+01,1.47580700e+01,1.49166700e+01,1.54158800e+01,1.56974300e+01,1.17991100e+01,1.04299100e+01,8.34117500e+00,7.02973400e+00,8.34117500e+00,1.04299100e+01,1.17991100e+01,1.56974300e+01,1.54158800e+01,1.49166700e+01,1.47580700e+01,1.46960500e+01
4.21660796e+05,-7.07325000e+00,1.46972700e+01,1.47603100e+01,1.49232800e+01,1.54354200e+01,1.55930000e+01,1.18072100e+01,1.04507800e+01,8.35727200e+00,7.04209300e+00,8.35727200e+00,1.04507800e+01,1.18072100e+01,1.55930000e+01,1.54354200e+01,1.49232800e+01,1.47603100e+01,1.46972700e+01
4.25660796e+05,-7.09940000e+00,1.46984800e+01,1.47625300e+01,1.49300400e+01,1.54558900e+01,1.54821600e+01,1.18166700e+01,1.04712300e+01,8.37234600e+00,7.05366000e+00,8.37234600e+00,1.04712300e+01,1.18166700e+01,1.54821600e+01,1.54558900e+01,1.49300400e+01,1.47625300e+01,1.46984800e+01
4.29660796e+05,-7.11576400e+00,1.46996700e+01,1.47647600e+01,1.49369600e+01,1.54772800e+01,1.53648500e+01,1.18273500e+01,1.04912100e+01,8.38648700e+00,7.06451000e+00,8.38648700e+00,1.04912100e+01,1.18273500e+01,1.53648500e+01,1.54772800e+01,1.49369600e+01,1.47647600e+01,1.46996700e+01
4.33660796e+05,-7.09503900e+00,1.47008600e+01,1.47669900e+01,1.49440500e+01,1.54996100e+01,1.52410400e+01,1.18391700e+01,1.05107300e+01,8.39978800e+00,7.07472000e+00,8.39978800e+00,1.05107300e+01,1.18391700e+01,1.52410400e+01,1.54996100e+01,1.49440500e+01,1.47669900e+01,1.47008600e+01
4.37660796e+05,-7.07509300e+00,1.47020400e+01,1.47692400e+01,1.49513400e+01,1.55229000e+01,1.51107300e+01,1.18520900e+01,1.05298600e+01,8.41235500e+00,7.08437500e+00,8.41235500e+00,1.05298600e+01,1.18520900e+01,1.51107300e+01,1.55229000e+01,1.49513400e+01,1.47692400e+01,1.47020400e+01
4.41660796e+05,-7.05577000e+00,1.47032300e+01,1.47715100e+01,1.49588400e+01,1.55471900e+01,1.49739100e+01,1.18661100e+01,1.05486400e+01,8.42429300e+00,7.09355700e+00,8.42429300e+00,1.05486400e+01,1.18661100e+01,1.49739100e+01,1.55471900e+01,1.49588400e+01,1.47715100e+01,1.47032300e+01
4.45660796e+05,-7.03690800e+00,1.47044300e+01,1.47738300e+01,1.49665900e+01,1.55725400e+01,1.48305500e+01,1.18812500e+01,1.05671800e+01,8.43570200e+00,7.10234300e+00,8.43570200e+00,1.05671800e+01,1.18812500e+01,1.48305500e+01,1.55725400e+01,1.49665900e+01,1.47738300e+01,1.47044300e+01
4.49660796e+05,-7.01834300e+00,1.47056500e+01,1.47762000e+01,1.49746100e+01,1.55990000e+01,1.46805700e+01,1.18975300e+01,1.05855400e+01,8.44666600e+00,7.11079600e+00,8.44666600e+00,1.05855400e+01,1.18975300e+01,1.46805700e+01,1.55990000e+01,1.49746100e+01,1.47762000e+01,1.47056500e+01
4.53660796e+05,-6.99992400e+00,1.47068900e+01,1.47786300e+01,1.49829300e+01,1.56266400e+01,1.45238600e+01,1.19150000e+01,1.06038100e+01,8.45726100e+00,7.11897400e+00,8.45726100e+00,1.06038100e+01,1.19150000e+01,1.45238600e+01,1.56266400e+01,1.49829300e+01,1.47786300e+01,1.47068900e+01
4.57660796e+05,-6.98153900e+00,1.47081600e+01,1.47811300e+01,1.49915700e+01,1.56555500e+01,1.43602500e+01,1.19336800e+01,1.06220500e+01,8.46755200e+00,7.12692100e+00,8.46755200e+00,1.06220500e+01,1.19336800e+01,1.43602500e+01,1.56555500e+01,1.49915700e+01,1.47811300e+01,1.47081600e+01
4.61660796e+05,-6.96318100e+00,1.47094600e+01,1.47837100e+01,1.50005600e+01,1.56858100e+01,1.41895600e+01,1.19536400e+01,1.06403300e+01,8.47759500e+00,7.13467900e+00,8.47759500e+00,1.06403300e+01,1.19536400e+01,1.41895600e+01,1.56858100e+01,1.50005600e+01,1.47837100e+01,1.47094600e+01
4.65660796e+05,-6.94511200e+00,1.47108000e+01,1.47863800e+01,1.50099300e+01,1.57175500e+01,1.40117000e+01,1.19749300e+01,1.06587300e+01,8.48743900e+00,7.14227800e+00,8.48743900e+00,1.06587300e+01,1.19749300e+01,1.40117000e+01,1.57175500e+01,1.50099300e+01,1.47863800e+01,1.47108000e+01
4.69660796e+05,-6.92828200e+00,1.47121800e+01,1.47891500e+01,1.50196900e+01,1.57509300e+01,1.38269800e+01,1.19976500e+01,1.06772900e+01,8.49712300e+00,7.14974600e+00,8.49712300e+00,1.06772900e+01,1.19976500e+01,1.38269800e+01,1.57509300e+01,1.50196900e+01,1.47891500e+01,1.47121800e+01
4.73660796e+05,-6.91538300e+00,1.47136000e+01,1.47920100e+01,1.50298600e+01,1.57861800e+01,1.36369200e+01,1.20219700e+01,1.06960700e+01,8.50668200e+00,7.15710200e+00,8.50668200e+00,1.06960700e+01,1.20219700e+01,1.36369200e+01,1.57861800e+01,1.50298600e+01,1.47920100e+01,1.47136000e+01
4.77660796e+05,-6.91303900e+00,1.47150600e+01,1.47949800e+01,1.50404100e+01,1.58237300e+01,1.34462600e+01,1.20481700e+01,1.07150400e+01,8.51613600e+00,7.16435900e+00,8.51613600e+00,1.07150400e+01,1.20481700e+01,1.34462600e+01,1.58237300e+01,1.50404100e+01,1.47949800e+01,1.47150600e+01
4.81660796e+05,-6.93367400e+00,1.47165600e+01,1.47980200e+01,1.50512000e+01,1.58642800e+01,1.32663600e+01,1.20767800e+01,1.07340900e+01,8.52548500e+00,7.17151400e+00,8.52548500e+00,1.07340900e+01,1.20767800e+01,1.32663600e+01,1.58642800e+01,1.50512000e+01,1.47980200e+01,1.47165600e+01
4.85660796e+05,-6.92795500e+00,1.47180600e+01,1.48010900e+01,1.50620000e+01,1.59085800e+01,1.31153100e+01,1.21081900e+01,1.07529300e+01,8.53469900e+00,7.17854600e+00,8.53469900e+00,1.07529300e+01,1.21081900e+01,1.31153100e+01,1.59085800e+01,1.50620000e+01,1.48010900e+01,1.47180600e+01
4.89660796e+05,-6.93553500e+00,1.47195500e+01,1.48041500e+01,1.50725000e+01,1.59562800e+01,1.30064500e+01,1.21416400e+01,1.07712000e+01,8.54372900e+00,7.18542200e+00,8.54372900e+00,1.07712000e+01,1.21416400e+01,1.30064500e+01,1.59562800e+01,1.50725000e+01,1.48041500e+01,1.47195500e+01
4.93660796e+05,-6.96216500e+00,1.47210100e+01,1.48071300e+01,1.50825000e+01,1.60050500e+01,1.29364100e+01,1.21744700e+01,1.07886500e+01,8.55253000e+00,7.19211600e+00,8.55253000e+00,1.07886500e+01,1.21744700e+01,1.29364100e+01,1.60050500e+01,1.50825000e+01,1.48071300e+01,1.47210100e+01
4.97660796e+05,-7.01410800e+00,1.47224100e+01,1.48100000e+01,1.50918200e+01,1.60513100e+01,1.28912300e+01,1.22031200e+01,1.08050900e+01,8.56106100e+00,7.19860200e+00,8.56106100e+00,1.08050900e+01,1.22031200e+01,1.28912300e+01,1.60513100e+01,1.50918200e+01,1.48100000e+01,1.47224100e+01
5.01660796e+05,-7.08541500e+00,1.47237400e+01,1.48127100e+01,1.51003100e+01,1.60916600e+01,1.28575500e+01,1.22246600e+01,1.08204000e+01,8.56927100e+00,7.20485100e+00,8.56927100e+00,1.08204000e+01,1.22246600e+01,1.28575500e+01,1.60916600e+01,1.51003100e+01,1.48127100e+01,1.47237400e+01
5.05660796e+05,-7.09497100e+00,1.47249800e+01,1.48152300e+01,1.51079000e+01,1.61245400e+01,1.28279500e+01,1.22383000e+01,1.08346000e+01,8.57712700e+00,7.21084900e+00,8.57712700e+00,1.08346000e+01,1.22383000e+01,1.28279500e+01,1.61245400e+01,1.51079000e+01,1.48152300e+01,1.47249800e+01
5.09660796e+05,-7.11097500e+00,1.47261400e+01,1.48175700e+01,1.51146700e+01,1.61505800e+01,1.28005800e+01,1.22454900e+01,1.08478400e+01,8.58464000e+00,7.21660600e+00,8.58464000e+00,1.08478400e+01,1.22454900e+01,1.28005800e+01,1.61505800e+01,1.51146700e+01,1.48175700e+01,1.47261400e+01
5.13660796e+05,-7.13039100e+00,1.47272400e+01,1.48197600e+01,1.51207700e+01,1.61713700e+01,1.27758400e+01,1.22484200e+01,1.08603200e+01,8.59184500e+00,7.22214900e+00,8.59184500e+00,1.08603200e+01,1.22484200e+01,1.27758400e+01,1.61713700e+01,1.51207700e+01,1.48197600e+01,1.47272400e+01
5.17660796e+05,-7.15094600e+00,1.47282800e+01,1.48218500e+01,1.51263700e+01,1.61883900e+01,1.27542000e+01,1.22489200e+01,1.08722200e+01,8.59878100e+00,7.22750800e+00,8.59878100e+00,1.08722200e+01,1.22489200e+01,1.27542000e+01,1.61883900e+01,1.51263700e+01,1.48218500e+01,1.47282800e+01
5.21660796e+05,-7.17126000e+00,1.47292800e+01,1.48238400e+01,1.51315800e+01,1.62026800e+01,1.27357100e+01,1.22482100e+01,1.08836800e+01,8.60548100e+00,7.23270900e+00,8.60548100e+00,1.08836800e+01,1.22482100e+01,1.27357100e+01,1.62026800e+01,1.51315800e+01,1.48238400e+01,1.47292800e+01
5.25660796e+05,-7.19060700e+00,1.47302500e+01,1.48257600e+01,1.51365000e+01,1.62149700e+01,1.27201400e+01,1.22470500e+01,1.08947700e+01,8.61197500e+00,7.23777200e+00,8.61197500e+00,1.08947700e+01,1.22470500e+01,1.27201400e+01,1.62149700e+01,1.51365000e+01,1.48257600e+01,1.47302500e+01
5.29660796e+05,-7.20868200e+00,1.47312000e+01,1.48276400e+01,1.51412000e+01,1.62257300e+01,1.27071500e+01,1.22458700e+01,1.09055500e+01,8.61828600e+00,7.24271500e+00,8.61828600e+00,1.09055500e+01,1.22458700e+01,1.27071500e+01,1.62257300e+01,1.51412000e+01,1.48276400e+01,1.47312000e+01
5.33660796e+05,-7.22544100e+00,1.47321300e+01,1.48294700e+01,1.51457200e+01,1.62352900e+01,1.26964100e+01,1.22449400e+01,1.09160600e+01,8.62443300e+00,7.24755100e+00,8.62443300e+00,1.09160600e+01,1.22449400e+01,1.26964100e+01,1.62352900e+01,1.51457200e+01,1.48294700e+01,1.47321300e+01
5.37660796e+05,-7.24102800e+00,1.47330400e+01,1.48312700e+01,1.51501000e+01,1.62438700e+01,1.26875800e+01,1.22443900e+01,1.09263400e+01,8.63043400e+00,7.25229100e+00,8.63043400e+00,1.09263400e+01,1.22443900e+01,1.26875800e+01,1.62438700e+01,1.51501000e+01,1.48312700e+01,1.47330400e+01
5.41660796e+05,-7.25573900e+00,1.47339400e+01,1.48330500e+01,1.51543800e+01,1.62516500e+01,1.26803900e+01,1.22442900e+01,1.09364000e+01,8.63630200e+00,7.25694700e+00,8.63630200e+00,1.09364000e+01,1.22442900e+01,1.26803900e+01,1.62516500e+01,1.51543800e+01,1.48330500e+01,1.47339400e+01
5.45660796e+05,-7.27000900e+00,1.47348300e+01,1.48348100e+01,1.51585700e+01,1.62587400e+01,1.26746100e+01,1.22446700e+01,1.09462600e+01,8.64204800e+00,7.26152600e+00,8.64204800e+00,1.09462600e+01,1.22446700e+01,1.26746100e+01,1.62587400e+01,1.51585700e+01,1.48348100e+01,1.47348300e+01
5.49660796e+05,-7.28442500e+00,1.47357200e+01,1.48365500e+01,1.51627000e+01,1.62652200e+01,1.26700300e+01,1.22455100e+01,1.09559300e+01,8.64768300e+00,7.26603300e+00,8.64768300e+00,1.09559300e+01,1.22455100e+01,1.26700300e+01,1.62652200e+01,1.51627000e+01,1.48365500e+01,1.47357200e+01
5.53660796e+05,-7.29972900e+00,1.47365900e+01,1.48382700e+01,1.51667600e+01,1.62711500e+01,1.26664800e+01,1.22467900e+01,1.09654200e+01,8.65321300e+00,7.27047500e+00,8.65321300e+00,1.09654200e+01,1.22467900e+01,1.26664800e+01,1.62711500e+01,1.51667600e+01,1.48382700e+01,1.47365900e+01
5.57660796e+05,-7.31680000e+00,1.47374600e+01,1.48399900e+01,1.51707600e+01,1.62765900e+01,1.26638100e+01,1.22484700e+01,1.09747300e+01,8.65864400e+00,7.27485500e+00,8.65864400e+00,1.09747300e+01,1.22484700e+01,1.26638100e+01,1.62765900e+01,1.51707600e+01,1.48399900e+01,1.47374600e+01
5.61660796e+05,-7.31747200e+00,1.47383300e+01,1.48416800e+01,1.51747200e+01,1.62815600e+01,1.26618700e+01,1.22505100e+01,1.09838600e+01,8.66397900e+00,7.27917400e+00,8.66397900e+00,1.09838600e+01,1.22505100e+01,1.26618700e+01,1.62815600e+01,1.51747200e+01,1.48416800e+01,1.47383300e+01
5.65660796e+05,-7.31736800e+00,1.47391800e+01,1.48433600e+01,1.51786100e+01,1.62860600e+01,1.26605300e+01,1.22528400e+01,1.09927900e+01,8.66921900e+00,7.28343300e+00,8.66921900e+00,1.09927900e+01,1.22528400e+01,1.26605300e+01,1.62860600e+01,1.51786100e+01,1.48433600e+01,1.47391800e+01
5.69660796e+05,-7.31797500e+00,1.47400200e+01,1.48450200e+01,1.51824400e+01,1.62901000e+01,1.26596800e+01,1.22554100e+01,1.10015400e+01,8.67436400e+00,7.28763200e+00,8.67436400e+00,1.10015400e+01,1.22554100e+01,1.26596800e+01,1.62901000e+01,1.51824400e+01,1.48450200e+01,1.47400200e+01
5.73660796e+05,-7.31962600e+00,1.47408500e+01,1.48466500e+01,1.51862100e+01,1.62936700e+01,1.26592000e+01,1.22581500e+01,1.10100700e+01,8.67941200e+00,7.29176900e+00,8.67941200e+00,1.10100700e+01,1.22581500e+01,1.26592000e+01,1.62936700e+01,1.51862100e+01,1.48466500e+01,1.47408500e+01
5.77660796e+05,-7.32276600e+00,1.47416700e+01,1.48482600e+01,1.51899000e+01,1.62967600e+01,1.26590000e+01,1.22610100e+01,1.10184000e+01,8.68436100e+00,7.29584100e+00,8.68436100e+00,1.10184000e+01,1.22610100e+01,1.26590000e+01,1.62967600e+01,1.51899000e+01,1.48482600e+01,1.47416700e+01
5.81660796e+05,-7.32796700e+00,1.47424700e+01,1.48498400e+01,1.51935100e+01,1.62993800e+01,1.26590000e+01,1.22639400e+01,1.10265000e+01,8.68920900e+00,7.29984700e+00,8.68920900e+00,1.10265000e+01,1.22639400e+01,1.26590000e+01,1.62993800e+01,1.51935100e+01,1.48498400e+01,1.47424700e+01
5.85660796e+05,-7.33593300e+00,1.47432500e+01,1.48513800e+01,1.51970300e+01,1.63015300e+01,1.26591300e+01,1.22668900e+01,1.10343800e+01,8.69395500e+00,7.30378400e+00,8.69395500e+00,1.10343800e+01,1.22668900e+01,1.26591300e+01,1.63015300e+01,1.51970300e+01,1.48513800e+01,1.47432500e+01
5.89660796e+05,-7.34746200e+00,1.47440200e+01,1.48528900e+01,1.52004800e+01,1.63032000e+01,1.26593400e+01,1.22698300e+01,1.10420300e+01,8.69859600e+00,7.30764800e+00,8.69859600e+00,1.10420300e+01,1.22698300e+01,1.26593400e+01,1.63032000e+01,1.52004800e+01,1.48528900e+01,1.47440200e+01
5.93660796e+05,-7.36335300e+00,1.47447800e+01,1.48543700e+01,1.52038500e+01,1.63044100e+01,1.26595800e+01,1.22727400e+01,1.10494600e+01,8.70312900e+00,7.31143500e+00,8.70312900e+00,1.10494600e+01,1.22727400e+01,1.26595800e+01,1.63044100e+01,1.52038500e+01,1.48543700e+01,1.47447800e+01
5.97660796e+05,-7.38423800e+00,1.47455100e+01,1.48558200e+01,1.52071400e+01,1.63051700e+01,1.26598200e+01,1.22756000e+01,1.10566500e+01,8.70755000e+00,7.31514000e+00,8.70755000e+00,1.10566500e+01,1.22756000e+01,1.26598200e+01,1.63051700e+01,1.52071400e+01,1.48558200e+01,1.47455100e+01
6.01660796e+05,-7.40380200e+00,1.47462300e+01,1.48572300e+01,1.52103500e+01,1.63055000e+01,1.26600600e+01,1.22784000e+01,1.10636200e+01,8.71185500e+00,7.31875700e+00,8.71185500e+00,1.10636200e+01,1.22784000e+01,1.26600600e+01,1.63055000e+01,1.52103500e+01,1.48572300e+01,1.47462300e+01
6.05660796e+05,-7.41149700e+00,1.47469200e+01,1.48586100e+01,1.52134900e+01,1.63054100e+01,1.26602600e+01,1.22811300e+01,1.10703500e+01,8.71603900e+00,7.32228100e+00,8.71603900e+00,1.10703500e+01,1.22811300e+01,1.26602600e+01,1.63054100e+01,1.52134900e+01,1.48586100e+01,1.47469200e+01
6.09660796e+05,-7.42021500e+00,1.47476000e+01,1.48599600e+01,1.52165500e+01,1.63049100e+01,1.26604300e+01,1.22837800e+01,1.10768700e+01,8.72009900e+00,7.32570700e+00,8.72009900e+00,1.10768700e+01,1.22837800e+01,1.26604300e+01,1.63049100e+01,1.52165500e+01,1.48599600e+01,1.47476000e+01
6.13660796e+05,-7.42979100e+00,1.47482600e+01,1.48612700e+01,1.52195500e+01,1.63040300e+01,1.26605600e+01,1.22863400e+01,1.10831600e+01,8.72403500e+00,7.32903300e+00,8.72403500e+00,1.10831600e+01,1.22863400e+01,1.26605600e+01,1.63040300e+01,1.52195500e+01,1.48612700e+01,1.47482600e+01
6.17660796e+05,-7.44005200e+00,1.47489000e+01,1.48625600e+01,1.52224700e+01,1.63027900e+01,1.26606500e+01,1.22888300e+01,1.10892300e+01,8.72785000e+00,7.33226100e+00,8.72785000e+00,1.10892300e+01,1.22888300e+01,1.26606500e+01,1.63027900e+01,1.52224700e+01,1.48625600e+01,1.47489000e+01
6.21660796e+05,-7.45082300e+00,1.47495300e+01,1.48638100e+01,1.52253400e+01,1.63011900e+01,1.26607100e+01,1.22912400e+01,1.10951000e+01,8.73154600e+00,7.33539300e+00,8.73154600e+00,1.10951000e+01,1.22912400e+01,1.26607100e+01,1.63011900e+01,1.52253400e+01,1.48638100e+01,1.47495300e+01
6.25660796e+05,-7.46194200e+00,1.47501300e+01,1.48650300e+01,1.52281500e+01,1.62992700e+01,1.26607400e+01,1.22935900e+01,1.11007700e+01,8.73512900e+00,7.33843400e+00,8.73512900e+00,1.11007700e+01,1.22935900e+01,1.26607400e+01,1.62992700e+01,1.52281500e+01,1.48650300e+01,1.47501300e+01
6.29660796e+05,-7.47326100e+00,1.47507300e+01,1.48662300e+01,1.52309100e+01,1.62970500e+01,1.26607500e+01,1.22958700e+01,1.11062600e+01,8.73860700e+00,7.34138800e+00,8.73860700e+00,1.11062600e+01,1.22958700e+01,1.26607500e+01,1.62970500e+01,1.52309100e+01,1.48662300e+01,1.47507300e+01
6.33660796e+05,-7.48465500e+00,1.47513000e+01,1.48674100e+01,1.52336200e+01,1.62945300e+01,1.26607400e+01,1.22980900e+01,1.11115700e+01,8.74198600e+00,7.34426200e+00,8.74198600e+00,1.11115700e+01,1.22980900e+01,1.26607400e+01,1.62945300e+01,1.52336200e+01,1.48674100e+01,1.47513000e+01
6.37660796e+05,-7.49602100e+00,1.47518700e+01,1.48685600e+01,1.52362900e+01,1.62917400e+01,1.26607400e+01,1.23002700e+01,1.11167200e+01,8.74527200e+00,7.34706200e+00,8.74527200e+00,1.11167200e+01,1.23002700e+01,1.26607400e+01,1.62917400e+01,1.52362900e+01,1.48685600e+01,1.47518700e+01
6.41660796e+05,-7.50727600e+00,1.47524200e+01,1.48697000e+01,1.52389200e+01,1.62887000e+01,1.26607300e+01,1.23024100e+01,1.11217200e+01,8.74847300e+00,7.34979300e+00,8.74847300e+00,1.11217200e+01,1.23024100e+01,1.26607300e+01,1.62887000e+01,1.52389200e+01,1.48697000e+01,1.47524200e+01
6.45660796e+05,-7.51835600e+00,1.47529700e+01,1.48708100e+01,1.52415100e+01,1.62854200e+01,1.26607300e+01,1.23045100e+01,1.11265800e+01,8.75159500e+00,7.35246100e+00,8.75159500e+00,1.11265800e+01,1.23045100e+01,1.26607300e+01,1.62854200e+01,1.52415100e+01,1.48708100e+01,1.47529700e+01
6.49660796e+05,-7.52921000e+00,1.47535000e+01,1.48719100e+01,1.52440700e+01,1.62819200e+01,1.26607500e+01,1.23065800e+01,1.11313100e+01,8.75464400e+00,7.35507000e+00,8.75464400e+00,1.11313100e+01,1.23065800e+01,1.26607500e+01,1.62819200e+01,1.52440700e+01,1.48719100e+01,1.47535000e+01
6.53660796e+05,-7.53980400e+00,1.47540200e+01,1.48730000e+01,1.52466100e+01,1.62782100e+01,1.26607900e+01,1.23086300e+01,1.11359100e+01,8.75762500e+00,7.35762500e+00,8.75762500e+00,1.11359100e+01,1.23086300e+01,1.26607900e+01,1.62782100e+01,1.52466100e+01,1.48730000e+01,1.47540200e+01
6.57660796e+05,-7.55011100e+00,1.47545400e+01,1.48740800e+01,1.52491100e+01,1.62743000e+01,1.26608600e+01,1.23106600e+01,1.11404000e+01,8.76054200e+00,7.36013000e+00,8.76054200e+00,1.11404000e+01,1.23106600e+01,1.26608600e+01,1.62743000e+01,1.52491100e+01,1.48740800e+01,1.47545400e+01
6.61660796e+05,-7.56011400e+00,1.47550500e+01,1.48751400e+01,1.52516000e+01,1.62702000e+01,1.26609500e+01,1.23126700e+01,1.11447800e+01,8.76340000e+00,7.36258900e+00,8.76340000e+00,1.11447800e+01,1.23126700e+01,1.26609500e+01,1.62702000e+01,1.52516000e+01,1.48751400e+01,1.47550500e+01
6.65660796e+05,-7.56980500e+00,1.47555600e+01,1.48761900e+01,1.52540700e+01,1.62659300e+01,1.26610700e+01,1.23146700e+01,1.11490500e+01,8.76620400e+00,7.36500500e+00,8.76620400e+00,1.11490500e+01,1.23146700e+01,1.26610700e+01,1.62659300e+01,1.52540700e+01,1.48761900e+01,1.47555600e+01
6.69660796e+05,-7.57917700e+00,1.47560500e+01,1.48772400e+01,1.52565200e+01,1.62614900e+01,1.26612300e+01,1.23166500e+01,1.11532400e+01,8.76895600e+00,7.36738100e+00,8.76895600e+00,1.11532400e+01,1.23166500e+01,1.26612300e+01,1.62614900e+01,1.52565200e+01,1.48772400e+01,1.47560500e+01
6.73660796e+05,-7.58421600e+00,1.47565500e+01,1.48782700e+01,1.52589500e+01,1.62569000e+01,1.26614300e+01,1.23186400e+01,1.11573300e+01,8.77166100e+00,7.36972000e+00,8.77166100e+00,1.11573300e+01,1.23186400e+01,1.26614300e+01,1.62569000e+01,1.52589500e+01,1.48782700e+01,1.47565500e+01
6.77660796e+05,-7.58891400e+00,1.47570400e+01,1.48793000e+01,1.52613700e+01,1.62521600e+01,1.26616700e+01,1.23206100e+01,1.11613400e+01,8.77432200e+00,7.37202500e+00,8.77432200e+00,1.11613400e+01,1.23206100e+01,1.26616700e+01,1.62521600e+01,1.52613700e+01,1.48793000e+01,1.47570400e+01
6.81660796e+05,-7.59334100e+00,1.47575200e+01,1.48803300e+01,1.52637800e+01,1.62472800e+01,1.26619400e+01,1.23225900e+01,1.11652700e+01,8.77694100e+00,7.37429800e+00,8.77694100e+00,1.11652700e+01,1.23225900e+01,1.26619400e+01,1.62472800e+01,1.52637800e+01,1.48803300e+01,1.47575200e+01
6.85660796e+05,-7.59750600e+00,1.47580000e+01,1.48813400e+01,1.52661700e+01,1.62422600e+01,1.26622600e+01,1.23245600e+01,1.11691300e+01,8.77952100e+00,7.37654100e+00,8.77952100e+00,1.11691300e+01,1.23245600e+01,1.26622600e+01,1.62422600e+01,1.52661700e+01,1.48813400e+01,1.47580000e+01
6.89660796e+05,-7.60142300e+00,1.47584800e+01,1.48823600e+01,1.52685600e+01,1.62371200e+01,1.26626200e+01,1.23265300e+01,1.11729100e+01,8.78206500e+00,7.37875700e+00,8.78206500e+00,1.11729100e+01,1.23265300e+01,1.26626200e+01,1.62371200e+01,1.52685600e+01,1.48823600e+01,1.47584800e+01
6.93660796e+05,-7.60511600e+00,1.47589500e+01,1.48833600e+01,1.52709400e+01,1.62318600e+01,1.26630300e+01,1.23285100e+01,1.11766300e+01,8.78457500e+00,7.38094700e+00,8.78457500e+00,1.11766300e+01,1.23285100e+01,1.26630300e+01,1.62318600e+01,1.52709400e+01,1.48833600e+01,1.47589500e+01
6.97660796e+05,-7.60861200e+00,1.47594300e+01,1.48843700e+01,1.52733200e+01,1.62264800e+01,1.26634800e+01,1.23304800e+01,1.11802900e+01,8.78705300e+00,7.38311300e+00,8.78705300e+00,1.11802900e+01,1.23304800e+01,1.26634800e+01,1.62264800e+01,1.52733200e+01,1.48843700e+01,1.47594300e+01
7.01660796e+05,-7.61195000e+00,1.47599000e+01,1.48853700e+01,1.52756900e+01,1.62209900e+01,1.26639700e+01,1.23324600e+01,1.11838900e+01,8.78950100e+00,7.38525600e+00,8.78950100e+00,1.11838900e+01,1.23324600e+01,1.26639700e+01,1.62209900e+01,1.52756900e+01,1.48853700e+01,1.47599000e+01
7.05660796e+05,-7.61517400e+00,1.47603700e+01,1.48863700e+01,1.52780500e+01,1.62154000e+01,1.26645100e+01,1.23344500e+01,1.11874400e+01,8.79192000e+00,7.38737800e+00,8.79192000e+00,1.11874400e+01,1.23344500e+01,1.26645100e+01,1.62154000e+01,1.52780500e+01,1.48863700e+01,1.47603700e+01
7.09660796e+05,-7.61834000e+00,1.47608300e+01,1.48873600e+01,1.52804200e+01,1.62097100e+01,1.26650900e+01,1.23364400e+01,1.11909300e+01,8.79431300e+00,7.38948000e+00,8.79431300e+00,1.11909300e+01,1.23364400e+01,1.26650900e+01,1.62097100e+01,1.52804200e+01,1.48873600e+01,1.47608300e+01
7.13660796e+05,-7.62151300e+00,1.47613000e+01,1.48883600e+01,1.52827800e+01,1.62039200e+01,1.26657200e+01,1.23384300e+01,1.11943700e+01,8.79668000e+00,7.39156300e+00,8.79668000e+00,1.11943700e+01,1.23384300e+01,1.26657200e+01,1.62039200e+01,1.52827800e+01,1.48883600e+01,1.47613000e+01
7.17660796e+05,-7.62476800e+00,1.47617600e+01,1.48893500e+01,1.52851400e+01,1.61980400e+01,1.26663900e+01,1.23404300e+01,1.11977700e+01,8.79902400e+00,7.39362800e+00,8.79902400e+00,1.11977700e+01,1.23404300e+01,1.26663900e+01,1.61980400e+01,1.52851400e+01,1.48893500e+01,1.47617600e+01
7.21660796e+05,-7.62819100e+00,1.47622200e+01,1.48903400e+01,1.52875000e+01,1.61920700e+01,1.26671000e+01,1.23424400e+01,1.12011100e+01,8.80134500e+00,7.39567600e+00,8.80134500e+00,1.12011100e+01,1.23424400e+01,1.26671000e+01,1.61920700e+01,1.52875000e+01,1.48903400e+01,1.47622200e+01
7.25660796e+05,-7.63187700e+00,1.47626900e+01,1.48913300e+01,1.52898600e+01,1.61860200e+01,1.26678600e+01,1.23444500e+01,1.12044200e+01,8.80364300e+00,7.39770800e+00,8.80364300e+00,1.12044200e+01,1.23444500e+01,1.26678600e+01,1.61860200e+01,1.52898600e+01,1.48913300e+01,1.47626900e+01
7.29660796e+05,-7.63593200e+00,1.47631500e+01,1.48923200e+01,1.52922100e+01,1.61798800e+01,1.26686500e+01,1.23464700e+01,1.12076800e+01,8.80592100e+00,7.39972500e+00,8.80592100e+00,1.12076800e+01,1.23464700e+01,1.26686500e+01,1.61798800e+01,1.52922100e+01,1.48923200e+01,1.47631500e+01
7.33660796e+05,-7.64046700e+00,1.47636100e+01,1.48933100e+01,1.52945700e+01,1.61736600e+01,1.26694900e+01,1.23484900e+01,1.12109100e+01,8.80817800e+00,7.40172600e+00,8.80817800e+00,1.12109100e+01,1.23484900e+01,1.26694900e+01,1.61736600e+01,1.52945700e+01,1.48933100e+01,1.47636100e+01
7.37660796e+05,-7.64560100e+00,1.47640600e+01,1.48943000e+01,1.52969300e+01,1.61673600e+01,1.26703700e+01,1.23505200e+01,1.12140900e+01,8.81041600e+00,7.40371300e+00,8.81041600e+00,1.12140900e+01,1.23505200e+01,1.26703700e+01,1.61673600e+01,1.52969300e+01,1.48943000e+01,1.47640600e+01
7.41660796e+05,-7.65144900e+00,1.47645200e+01,1.48952900e+01,1.52993000e+01,1.61609900e+01,1.26712900e+01,1.23525500e+01,1.12172400e+01,8.81263500e+00,7.40568500e+00,8.81263500e+00,1.12172400e+01,1.23525500e+01,1.26712900e+01,1.61609900e+01,1.52993000e+01,1.48952900e+01,1.47645200e+01
7.45660796e+05,-7.64752600e+00,1.47649800e+01,1.48962700e+01,1.53016600e+01,1.61545400e+01,1.26722400e+01,1.23545900e+01,1.12203600e+01,8.81483500e+00,7.40764300e+00,8.81483500e+00,1.12203600e+01,1.23545900e+01,1.26722400e+01,1.61545400e+01,1.53016600e+01,1.48962700e+01,1.47649800e+01
7.49660796e+05,-7.64318600e+00,1.47654300e+01,1.48972600e+01,1.53040300e+01,1.61480200e+01,1.26732400e+01,1.23566300e+01,1.12234300e+01,8.81701600e+00,7.40958600e+00,8.81701600e+00,1.12234300e+01,1.23566300e+01,1.26732400e+01,1.61480200e+01,1.53040300e+01,1.48972600e+01,1.47654300e+01
7.53660796e+05,-7.63972800e+00,1.47658900e+01,1.48982400e+01,1.53063900e+01,1.61414300e+01,1.26742600e+01,1.23586700e+01,1.12264800e+01,8.81917900e+00,7.41151600e+00,8.81917900e+00,1.12264800e+01,1.23586700e+01,1.26742600e+01,1.61414300e+01,1.53063900e+01,1.48982400e+01,1.47658900e+01
7.57660796e+05,-7.63712800e+00,1.47663400e+01,1.48992300e+01,1.53087600e+01,1.61347600e+01,1.26753200e+01,1.23607200e+01,1.12294900e+01,8.82132300e+00,7.41343100e+00,8.82132300e+00,1.12294900e+01,1.23607200e+01,1.26753200e+01,1.61347600e+01,1.53087600e+01,1.48992300e+01,1.47663400e+01
7.61660796e+05,-7.63535800e+00,1.47668000e+01,1.49002100e+01,1.53111300e+01,1.61280300e+01,1.26764100e+01,1.23627600e+01,1.12324700e+01,8.82344900e+00,7.41533200e+00,8.82344900e+00,1.12324700e+01,1.23627600e+01,1.26764100e+01,1.61280300e+01,1.53111300e+01,1.49002100e+01,1.47668000e+01
7.65660796e+05,-7.63438800e+00,1.47672500e+01,1.49011900e+01,1.53135000e+01,1.61212200e+01,1.26775300e+01,1.23648100e+01,1.12354100e+01,8.82555700e+00,7.41721900e+00,8.82555700e+00,1.12354100e+01,1.23648100e+01,1.26775300e+01,1.61212200e+01,1.53135000e+01,1.49011900e+01,1.47672500e+01
7.69660796e+05,-7.63418400e+00,1.47677000e+01,1.49021700e+01,1.53158700e+01,1.61143500e+01,1.26786800e+01,1.23668500e+01,1.12383200e+01,8.82764700e+00,7.41909000e+00,8.82764700e+00,1.12383200e+01,1.23668500e+01,1.26786800e+01,1.61143500e+01,1.53158700e+01,1.49021700e+01,1.47677000e+01
7.73660796e+05,-7.63470800e+00,1.47681500e+01,1.49031500e+01,1.53182500e+01,1.61074100e+01,1.26798600e+01,1.23689000e+01,1.12412000e+01,8.82971800e+00,7.42094800e+00,8.82971800e+00,1.12412000e+01,1.23689000e+01,1.26798600e+01,1.61074100e+01,1.53182500e+01,1.49031500e+01,1.47681500e+01
7.77660796e+05,-7.63592000e+00,1.47686000e+01,1.49041300e+01,1.53206200e+01,1.61004000e+01,1.26810600e+01,1.23709400e+01,1.12440500e+01,8.83177100e+00,7.42279000e+00,8.83177100e+00,1.12440500e+01,1.23709400e+01,1.26810600e+01,1.61004000e+01,1.53206200e+01,1.49041300e+01,1.47686000e+01
7.81660796e+05,-7.63777600e+00,1.47690400e+01,1.49051100e+01,1.53230000e+01,1.60933300e+01,1.26822900e+01,1.23729800e+01,1.12468700e+01,8.83380600e+00,7.42461800e+00,8.83380600e+00,1.12468700e+01,1.23729800e+01,1.26822900e+01,1.60933300e+01,1.53230000e+01,1.49051100e+01,1.47690400e+01
7.85660796e+05,-7.64022800e+00,1.47694900e+01,1.49060900e+01,1.53253800e+01,1.60861900e+01,1.26835300e+01,1.23750200e+01,1.12496600e+01,8.83582300e+00,7.42643000e+00,8.83582300e+00,1.12496600e+01,1.23750200e+01,1.26835300e+01,1.60861900e+01,1.53253800e+01,1.49060900e+01,1.47694900e+01
7.89660796e+05,-7.64322700e+00,1.47699300e+01,1.49070600e+01,1.53277500e+01,1.60789800e+01,1.26848100e+01,1.23770500e+01,1.12524200e+01,8.83782200e+00,7.42822900e+00,8.83782200e+00,1.12524200e+01,1.23770500e+01,1.26848100e+01,1.60789800e+01,1.53277500e+01,1.49070600e+01,1.47699300e+01
7.93660796e+05,-7.64672200e+00,1.47703700e+01,1.49080300e+01,1.53301300e+01,1.60717100e+01,1.26861000e+01,1.23790700e+01,1.12551500e+01,8.83980300e+00,7.43001200e+00,8.83980300e+00,1.12551500e+01,1.23790700e+01,1.26861000e+01,1.60717100e+01,1.53301300e+01,1.49080300e+01,1.47703700e+01
7.97660796e+05,-7.65066300e+00,1.47708200e+01,1.49090000e+01,1.53325100e+01,1.60643800e+01,1.26874100e+01,1.23811000e+01,1.12578500e+01,8.84176700e+00,7.43178200e+00,8.84176700e+00,1.12578500e+01,1.23811000e+01,1.26874100e+01,1.60643800e+01,1.53325100e+01,1.49090000e+01,1.47708200e+01
8.01660796e+05,-7.65499900e+00,1.47712500e+01,1.49099700e+01,1.53348900e+01,1.60569800e+01,1.26887400e+01,1.23831100e+01,1.12605200e+01,8.84371400e+00,7.43353700e+00,8.84371400e+00,1.12605200e+01,1.23831100e+01,1.26887400e+01,1.60569800e+01,1.53348900e+01,1.49099700e+01,1.47712500e+01
8.05660796e+05,-7.65968100e+00,1.47716900e+01,1.49109400e+01,1.53372800e+01,1.60495200e+01,1.26900900e+01,1.23851200e+01,1.12631700e+01,8.84564400e+00,7.43527900e+00,8.84564400e+00,1.12631700e+01,1.23851200e+01,1.26900900e+01,1.60495200e+01,1.53372800e+01,1.49109400e+01,1.47716900e+01
8.09660796e+05,-7.66395700e+00,1.47721300e+01,1.49119100e+01,1.53396600e+01,1.60419900e+01,1.26914600e+01,1.23871300e+01,1.12657800e+01,8.84755900e+00,7.43700800e+00,8.84755900e+00,1.12657800e+01,1.23871300e+01,1.26914600e+01,1.60419900e+01,1.53396600e+01,1.49119100e+01,1.47721300e+01
8.13660796e+05,-7.66277100e+00,1.47725600e+01,1.49128700e+01,1.53420400e+01,1.60344000e+01,1.26928400e+01,1.23891300e+01,1.12683800e+01,8.84945800e+00,7.43872400e+00,8.84945800e+00,1.12683800e+01,1.23891300e+01,1.26928400e+01,1.60344000e+01,1.53420400e+01,1.49128700e+01,1.47725600e+01
8.17660796e+05,-7.66158200e+00,1.47730000e+01,1.49138400e+01,1.53444300e+01,1.60267600e+01,1.26942500e+01,1.23911300e+01,1.12709500e+01,8.85134200e+00,7.44042800e+00,8.85134200e+00,1.12709500e+01,1.23911300e+01,1.26942500e+01,1.60267600e+01,1.53444300e+01,1.49138400e+01,1.47730000e+01
8.21660796e+05,-7.66038900e+00,1.47734300e+01,1.49148000e+01,1.53468200e+01,1.60190500e+01,1.26956700e+01,1.23931200e+01,1.12734900e+01,8.85321100e+00,7.44212000e+00,8.85321100e+00,1.12734900e+01,1.23931200e+01,1.26956700e+01,1.60190500e+01,1.53468200e+01,1.49148000e+01,1.47734300e+01
8.25660796e+05,-7.65919300e+00,1.47738600e+01,1.49157600e+01,1.53492100e+01,1.60112800e+01,1.26971000e+01,1.23951000e+01,1.12760100e+01,8.85506700e+00,7.44380000e+00,8.85506700e+00,1.12760100e+01,1.23951000e+01,1.26971000e+01,1.60112800e+01,1.53492100e+01,1.49157600e+01,1.47738600e+01
8.29660796e+05,-7.65799600e+00,1.47742900e+01,1.49167200e+01,1.53516000e+01,1.60034500e+01,1.26985600e+01,1.23970900e+01,1.12785100e+01,8.85691000e+00,7.44547000e+00,8.85691000e+00,1.12785100e+01,1.23970900e+01,1.26985600e+01,1.60034500e+01,1.53516000e+01,1.49167200e+01,1.47742900e+01
8.33660796e+05,-7.65679900e+00,1.47747200e+01,1.49176800e+01,1.53540000e+01,1.59955600e+01,1.27000300e+01,1.23990600e+01,1.12809900e+01,8.85874000e+00,7.44713000e+00,8.85874000e+00,1.12809900e+01,1.23990600e+01,1.27000300e+01,1.59955600e+01,1.53540000e+01,1.49176800e+01,1.47747200e+01
8.37660796e+05,-7.65560400e+00,1.47751500e+01,1.49186400e+01,1.53564000e+01,1.59876100e+01,1.27015200e+01,1.24010400e+01,1.12834500e+01,8.86055800e+00,7.44878000e+00,8.86055800e+00,1.12834500e+01,1.24010400e+01,1.27015200e+01,1.59876100e+01,1.53564000e+01,1.49186400e+01,1.47751500e+01
8.41660796e+05,-7.65441400e+00,1.47755800e+01,1.49196000e+01,1.53588000e+01,1.59796100e+01,1.27030300e+01,1.24030100e+01,1.12858900e+01,8.86236400e+00,7.45042100e+00,8.86236400e+00,1.12858900e+01,1.24030100e+01,1.27030300e+01,1.59796100e+01,1.53588000e+01,1.49196000e+01,1.47755800e+01
8.45660796e+05,-7.65323100e+00,1.47760000e+01,1.49205600e+01,1.53612100e+01,1.59715500e+01,1.27045600e+01,1.24049800e+01,1.12883100e+01,8.86416000e+00,7.45205300e+00,8.86416000e+00,1.12883100e+01,1.24049800e+01,1.27045600e+01,1.59715500e+01,1.53612100e+01,1.49205600e+01,1.47760000e+01
8.49660796e+05,-7.65205900e+00,1.47764300e+01,1.49215200e+01,1.53636200e+01,1.59634300e+01,1.27061000e+01,1.24069500e+01,1.12907100e+01,8.86594600e+00,7.45367700e+00,8.86594600e+00,1.12907100e+01,1.24069500e+01,1.27061000e+01,1.59634300e+01,1.53636200e+01,1.49215200e+01,1.47764300e+01
8.53660796e+05,-7.64980300e+00,1.47768600e+01,1.49224800e+01,1.53660400e+01,1.59552600e+01,1.27076600e+01,1.24089100e+01,1.12931000e+01,8.86772200e+00,7.45529400e+00,8.86772200e+00,1.12931000e+01,1.24089100e+01,1.27076600e+01,1.59552600e+01,1.53660400e+01,1.49224800e+01,1.47768600e+01
8.57660796e+05,-7.64753700e+00,1.47772800e+01,1.49234400e+01,1.53684600e+01,1.59470200e+01,1.27092400e+01,1.24108800e+01,1.12954600e+01,8.86948900e+00,7.45690300e+00,8.86948900e+00,1.12954600e+01,1.24108800e+01,1.27092400e+01,1.59470200e+01,1.53684600e+01,1.49234400e+01,1.47772800e+01
8.61660796e+05,-7.64531700e+00,1.47777100e+01,1.49244100e+01,1.53708900e+01,1.59387400e+01,1.27108400e+01,1.24128400e+01,1.12978200e+01,8.87124700e+00,7.45850500e+00,8.87124700e+00,1.12978200e+01,1.24128400e+01,1.27108400e+01,1.59387400e+01,1.53708900e+01,1.49244100e+01,1.47777100e+01
8.65660796e+05,-7.64314500e+00,1.47781300e+01,1.49253700e+01,1.53733200e+01,1.59303900e+01,1.27124500e+01,1.24148000e+01,1.13001600e+01,8.87299800e+00,7.46010200e+00,8.87299800e+00,1.13001600e+01,1.24148000e+01,1.27124500e+01,1.59303900e+01,1.53733200e+01,1.49253700e+01,1.47781300e+01
8.69660796e+05,-7.64102700e+00,1.47785600e+01,1.49263300e+01,1.53757600e+01,1.59220000e+01,1.27140900e+01,1.24167600e+01,1.13024800e+01,8.87474100e+00,7.46169300e+00,8.87474100e+00,1.13024800e+01,1.24167600e+01,1.27140900e+01,1.59220000e+01,1.53757600e+01,1.49263300e+01,1.47785600e+01
8.73660796e+05,-7.63896600e+00,1.47789900e+01,1.49273000e+01,1.53782100e+01,1.59135400e+01,1.27157400e+01,1.24187300e+01,1.13048000e+01,8.87647700e+00,7.46327800e+00,8.87647700e+00,1.13048000e+01,1.24187300e+01,1.27157400e+01,1.59135400e+01,1.53782100e+01,1.49273000e+01,1.47789900e+01
8.77660796e+05,-7.63696900e+00,1.47794100e+01,1.49282700e+01,1.53806600e+01,1.59050300e+01,1.27174100e+01,1.24206900e+01,1.13071000e+01,8.87820700e+00,7.46485900e+00,8.87820700e+00,1.13071000e+01,1.24206900e+01,1.27174100e+01,1.59050300e+01,1.53806600e+01,1.49282700e+01,1.47794100e+01
8.81660796e+05,-7.63504200e+00,1.47798400e+01,1.49292400e+01,1.53831200e+01,1.58964700e+01,1.27191000e+01,1.24226500e+01,1.13093900e+01,8.87993000e+00,7.46643500e+00,8.87993000e+00,1.13093900e+01,1.24226500e+01,1.27191000e+01,1.58964700e+01,1.53831200e+01,1.49292400e+01,1.47798400e+01
8.85660796e+05,-7.63319600e+00,1.47802700e+01,1.49302100e+01,1.53855900e+01,1.58878500e+01,1.27208100e+01,1.24246200e+01,1.13116700e+01,8.88164900e+00,7.46800700e+00,8.88164900e+00,1.13116700e+01,1.24246200e+01,1.27208100e+01,1.58878500e+01,1.53855900e+01,1.49302100e+01,1.47802700e+01
8.89660796e+05,-7.63144200e+00,1.47806900e+01,1.49311800e+01,1.53880600e+01,1.58791700e+01,1.27225300e+01,1.24265900e+01,1.13139300e+01,8.88336200e+00,7.46957500e+00,8.88336200e+00,1.13139300e+01,1.24265900e+01,1.27225300e+01,1.58791700e+01,1.53880600e+01,1.49311800e+01,1.47806900e+01
8.93660796e+05,-7.62979500e+00,1.47811200e+01,1.49321600e+01,1.53905500e+01,1.58704400e+01,1.27242800e+01,1.24285600e+01,1.13161900e+01,8.88507000e+00,7.47114000e+00,8.88507000e+00,1.13161900e+01,1.24285600e+01,1.27242800e+01,1.58704400e+01,1.53905500e+01,1.49321600e+01,1.47811200e+01
8.97660796e+05,-7.62827400e+00,1.47815500e+01,1.49331300e+01,1.53930400e+01,1.58616500e+01,1.27260500e+01,1.24305300e+01,1.13184400e+01,8.88677400e+00,7.47270300e+00,8.88677400e+00,1.13184400e+01,1.24305300e+01,1.27260500e+01,1.58616500e+01,1.53930400e+01,1.49331300e+01,1.47815500e+01
9.01660796e+05,-7.62690100e+00,1.47819800e+01,1.49341100e+01,1.53955400e+01,1.58528100e+01,1.27278300e+01,1.24325000e+01,1.13206800e+01,8.88847400e+00,7.47426200e+00,8.88847400e+00,1.13206800e+01,1.24325000e+01,1.27278300e+01,1.58528100e+01,1.53955400e+01,1.49341100e+01,1.47819800e+01
9.05660796e+05,-7.62570500e+00,1.47824100e+01,1.49351000e+01,1.53980500e+01,1.58439100e+01,1.27296300e+01,1.24344800e+01,1.13229100e+01,8.89017100e+00,7.47581900e+00,8.89017100e+00,1.13229100e+01,1.24344800e+01,1.27296300e+01,1.58439100e+01,1.53980500e+01,1.49351000e+01,1.47824100e+01
9.09660796e+05,-7.62471900e+00,1.47828400e+01,1.49360800e+01,1.54005700e+01,1.58349500e+01,1.27314600e+01,1.24364600e+01,1.13251400e+01,8.89186300e+00,7.47737300e+00,8.89186300e+00,1.13251400e+01,1.24364600e+01,1.27314600e+01,1.58349500e+01,1.54005700e+01,1.49360800e+01,1.47828400e+01
9.13660796e+05,-7.62398400e+00,1.47832800e+01,1.49370700e+01,1.54030900e+01,1.58259400e+01,1.27333000e+01,1.24384400e+01,1.13273500e+01,8.89355300e+00,7.47892500e+00,8.89355300e+00,1.13273500e+01,1.24384400e+01,1.27333000e+01,1.58259400e+01,1.54030900e+01,1.49370700e+01,1.47832800e+01
9.17660796e+05,-7.62354900e+00,1.47837100e+01,1.49380600e+01,1.54056300e+01,1.58168600e+01,1.27351600e+01,1.24404300e+01,1.13295600e+01,8.89523900e+00,7.48047600e+00,8.89523900e+00,1.13295600e+01,1.24404300e+01,1.27351600e+01,1.58168600e+01,1.54056300e+01,1.49380600e+01,1.47837100e+01
9.21660796e+05,-7.62347200e+00,1.47841400e+01,1.49390500e+01,1.54081800e+01,1.58077300e+01,1.27370400e+01,1.24424200e+01,1.13317600e+01,8.89692200e+00,7.48202400e+00,8.89692200e+00,1.13317600e+01,1.24424200e+01,1.27370400e+01,1.58077300e+01,1.54081800e+01,1.49390500e+01,1.47841400e+01
9.25660796e+05,-7.62382000e+00,1.47845800e+01,1.49400500e+01,1.54107300e+01,1.57985400e+01,1.27389400e+01,1.24444100e+01,1.13339600e+01,8.89860200e+00,7.48357000e+00,8.89860200e+00,1.13339600e+01,1.24444100e+01,1.27389400e+01,1.57985400e+01,1.54107300e+01,1.49400500e+01,1.47845800e+01
9.29660796e+05,-7.62466900e+00,1.47850100e+01,1.49410500e+01,1.54133000e+01,1.57892900e+01,1.27408500e+01,1.24464000e+01,1.13361400e+01,8.90027900e+00,7.48511300e+00,8.90027900e+00,1.13361400e+01,1.24464000e+01,1.27408500e+01,1.57892900e+01,1.54133000e+01,1.49410500e+01,1.47850100e+01
9.33660796e+05,-7.62610800e+00,1.47854500e+01,1.49420500e+01,1.54158800e+01,1.57799800e+01,1.27427900e+01,1.24484000e+01,1.13383300e+01,8.90195200e+00,7.48665400e+00,8.90195200e+00,1.13383300e+01,1.24484000e+01,1.27427900e+01,1.57799800e+01,1.54158800e+01,1.49420500e+01,1.47854500e+01
9.37660796e+05,-7.62823400e+00,1.47858900e+01,1.49430600e+01,1.54184600e+01,1.57706100e+01,1.27447400e+01,1.24504000e+01,1.13405000e+01,8.90362100e+00,7.48819300e+00,8.90362100e+00,1.13405000e+01,1.24504000e+01,1.27447400e+01,1.57706100e+01,1.54184600e+01,1.49430600e+01,1.47858900e+01
9.41660796e+05,-7.63115100e+00,1.47863200e+01,1.49440700e+01,1.54210600e+01,1.57611800e+01,1.27467100e+01,1.24524000e+01,1.13426700e+01,8.90528700e+00,7.48972800e+00,8.90528700e+00,1.13426700e+01,1.24524000e+01,1.27467100e+01,1.57611800e+01,1.54210600e+01,1.49440700e+01,1.47863200e+01
9.45660796e+05,-7.63497000e+00,1.47867600e+01,1.49450800e+01,1.54236600e+01,1.57516800e+01,1.27486900e+01,1.24544100e+01,1.13448200e+01,8.90694800e+00,7.49126000e+00,8.90694800e+00,1.13448200e+01,1.24544100e+01,1.27486900e+01,1.57516800e+01,1.54236600e+01,1.49450800e+01,1.47867600e+01
9.49660796e+05,-7.63980500e+00,1.47872000e+01,1.49460900e+01,1.54262800e+01,1.57421200e+01,1.27506900e+01,1.24564100e+01,1.13469800e+01,8.90860400e+00,7.49278800e+00,8.90860400e+00,1.13469800e+01,1.24564100e+01,1.27506900e+01,1.57421200e+01,1.54262800e+01,1.49460900e+01,1.47872000e+01
9.53660796e+05,-7.64576200e+00,1.47876400e+01,1.49471100e+01,1.54289000e+01,1.57324900e+01,1.27527100e+01,1.24584200e+01,1.13491200e+01,8.91025500e+00,7.49431200e+00,8.91025500e+00,1.13491200e+01,1.24584200e+01,1.27527100e+01,1.57324900e+01,1.54289000e+01,1.49471100e+01,1.47876400e+01
9.57660796e+05,-7.65294100e+00,1.47880800e+01,1.49481200e+01,1.54315300e+01,1.57228000e+01,1.27547400e+01,1.24604200e+01,1.13512500e+01,8.91190000e+00,7.49583000e+00,8.91190000e+00,1.13512500e+01,1.24604200e+01,1.27547400e+01,1.57228000e+01,1.54315300e+01,1.49481200e+01,1.47880800e+01
9.61660796e+05,-7.66142000e+00,1.47885200e+01,1.49491400e+01,1.54341800e+01,1.57130400e+01,1.27567900e+01,1.24624300e+01,1.13533800e+01,8.91353900e+00,7.49734300e+00,8.91353900e+00,1.13533800e+01,1.24624300e+01,1.27567900e+01,1.57130400e+01,1.54341800e+01,1.49491400e+01,1.47885200e+01
9.65660796e+05,-7.67125400e+00,1.47889600e+01,1.49501600e+01,1.54368300e+01,1.57032100e+01,1.27588500e+01,1.24644300e+01,1.13554900e+01,8.91517100e+00,7.49884900e+00,8.91517100e+00,1.13554900e+01,1.24644300e+01,1.27588500e+01,1.57032100e+01,1.54368300e+01,1.49501600e+01,1.47889600e+01
9.69660796e+05,-7.68246300e+00,1.47894000e+01,1.49511900e+01,1.54394900e+01,1.56933100e+01,1.27609200e+01,1.24664400e+01,1.13576000e+01,8.91679500e+00,7.50034900e+00,8.91679500e+00,1.13576000e+01,1.24664400e+01,1.27609200e+01,1.56933100e+01,1.54394900e+01,1.49511900e+01,1.47894000e+01
9.73660796e+05,-7.69502800e+00,1.47898400e+01,1.49522100e+01,1.54421600e+01,1.56833400e+01,1.27630100e+01,1.24684400e+01,1.13596900e+01,8.91841100e+00,7.50184200e+00,8.91841100e+00,1.13596900e+01,1.24684400e+01,1.27630100e+01,1.56833400e+01,1.54421600e+01,1.49522100e+01,1.47898400e+01
9.77660796e+05,-7.70889000e+00,1.47902800e+01,1.49532400e+01,1.54448400e+01,1.56732900e+01,1.27651100e+01,1.24704400e+01,1.13617800e+01,8.92002000e+00,7.50332700e+00,8.92002000e+00,1.13617800e+01,1.24704400e+01,1.27651100e+01,1.56732900e+01,1.54448400e+01,1.49532400e+01,1.47902800e+01
9.81660796e+05,-7.72394800e+00,1.47907100e+01,1.49542700e+01,1.54475200e+01,1.56631800e+01,1.27672200e+01,1.24724400e+01,1.13638500e+01,8.92161900e+00,7.50480500e+00,8.92161900e+00,1.13638500e+01,1.24724400e+01,1.27672200e+01,1.56631800e+01,1.54475200e+01,1.49542700e+01,1.47907100e+01
9.85660796e+05,-7.73233600e+00,1.47911500e+01,1.49553000e+01,1.54502200e+01,1.56529900e+01,1.27693500e+01,1.24744300e+01,1.13659100e+01,8.92321100e+00,7.50627400e+00,8.92321100e+00,1.13659100e+01,1.24744300e+01,1.27693500e+01,1.56529900e+01,1.54502200e+01,1.49553000e+01,1.47911500e+01
9.89660796e+05,-7.73272000e+00,1.47915900e+01,1.49563300e+01,1.54529300e+01,1.56427300e+01,1.27714800e+01,1.24764300e+01,1.13679700e+01,8.92479400e+00,7.50773600e+00,8.92479400e+00,1.13679700e+01,1.24764300e+01,1.27714800e+01,1.56427300e+01,1.54529300e+01,1.49563300e+01,1.47915900e+01
9.93660796e+05,-7.73317000e+00,1.47920300e+01,1.49573700e+01,1.54556400e+01,1.56323900e+01,1.27736300e+01,1.24784200e+01,1.13700100e+01,8.92636800e+00,7.50919000e+00,8.92636800e+00,1.13700100e+01,1.24784200e+01,1.27736300e+01,1.56323900e+01,1.54556400e+01,1.49573700e+01,1.47920300e+01
9.97660796e+05,-7.73367400e+00,1.47924700e+01,1.49584000e+01,1.54583700e+01,1.56219700e+01,1.27757900e+01,1.24804100e+01,1.13720400e+01,8.92793400e+00,7.51063600e+00,8.92793400e+00,1.13720400e+01,1.24804100e+01,1.27757900e+01,1.56219700e+01,1.54583700e+01,1.49584000e+01,1.47924700e+01
1.00166080e+06,-7.73421900e+00,1.47929000e+01,1.49594400e+01,1.54611100e+01,1.56114800e+01,1.27779700e+01,1.24823900e+01,1.13740600e+01,8.92949200e+00,7.51207500e+00,8.92949200e+00,1.13740600e+01,1.24823900e+01,1.27779700e+01,1.56114800e+01,1.54611100e+01,1.49594400e+01,1.47929000e+01
1.00566080e+06,-7.73479200e+00,1.47933400e+01,1.49604800e+01,1.54638500e+01,1.56009100e+01,1.27801500e+01,1.24843800e+01,1.13760800e+01,8.93104200e+00,7.51350600e+00,8.93104200e+00,1.13760800e+01,1.24843800e+01,1.27801500e+01,1.56009100e+01,1.54638500e+01,1.49604800e+01,1.47933400e+01
1.00966080e+06,-7.73537700e+00,1.47937800e+01,1.49615200e+01,1.54666100e+01,1.55902600e+01,1.27823500e+01,1.24863600e+01,1.13780800e+01,8.93258500e+00,7.51493100e+00,8.93258500e+00,1.13780800e+01,1.24863600e+01,1.27823500e+01,1.55902600e+01,1.54666100e+01,1.49615200e+01,1.47937800e+01
1.01366080e+06,-7.73595900e+00,1.47942100e+01,1.49625700e+01,1.54693800e+01,1.55795300e+01,1.27845700e+01,1.24883500e+01,1.13800700e+01,8.93412000e+00,7.51634900e+00,8.93412000e+00,1.13800700e+01,1.24883500e+01,1.27845700e+01,1.55795300e+01,1.54693800e+01,1.49625700e+01,1.47942100e+01
1.01766080e+06,-7.73652300e+00,1.47946500e+01,1.49636200e+01,1.54721600e+01,1.55687200e+01,1.27867900e+01,1.24903300e+01,1.13820600e+01,8.93565000e+00,7.51776100e+00,8.93565000e+00,1.13820600e+01,1.24903300e+01,1.27867900e+01,1.55687200e+01,1.54721600e+01,1.49636200e+01,1.47946500e+01
1.02166080e+06,-7.73705700e+00,1.47950900e+01,1.49646700e+01,1.54749500e+01,1.55578300e+01,1.27890300e+01,1.24923100e+01,1.13840400e+01,8.93717300e+00,7.51916800e+00,8.93717300e+00,1.13840400e+01,1.24923100e+01,1.27890300e+01,1.55578300e+01,1.54749500e+01,1.49646700e+01,1.47950900e+01
1.02566080e+06,-7.73754700e+00,1.47955300e+01,1.49657200e+01,1.54777500e+01,1.55468600e+01,1.27912900e+01,1.24943000e+01,1.13860100e+01,8.93869000e+00,7.52056900e+00,8.93869000e+00,1.13860100e+01,1.24943000e+01,1.27912900e+01,1.55468600e+01,1.54777500e+01,1.49657200e+01,1.47955300e+01
1.02966080e+06,-7.73798200e+00,1.47959700e+01,1.49667800e+01,1.54805700e+01,1.55358000e+01,1.27935600e+01,1.24962800e+01,1.13879800e+01,8.94020300e+00,7.52196600e+00,8.94020300e+00,1.13879800e+01,1.24962800e+01,1.27935600e+01,1.55358000e+01,1.54805700e+01,1.49667800e+01,1.47959700e+01
1.03366080e+06,-7.73835300e+00,1.47964100e+01,1.49678400e+01,1.54834000e+01,1.55246700e+01,1.27958400e+01,1.24982700e+01,1.13899400e+01,8.94171100e+00,7.52335800e+00,8.94171100e+00,1.13899400e+01,1.24982700e+01,1.27958400e+01,1.55246700e+01,1.54834000e+01,1.49678400e+01,1.47964100e+01
1.03766080e+06,-7.73865300e+00,1.47968500e+01,1.49689100e+01,1.54862400e+01,1.55134500e+01,1.27981400e+01,1.25002600e+01,1.13919000e+01,8.94321400e+00,7.52474700e+00,8.94321400e+00,1.13919000e+01,1.25002600e+01,1.27981400e+01,1.55134500e+01,1.54862400e+01,1.49689100e+01,1.47968500e+01
1.04166080e+06,-7.73887700e+00,1.47972900e+01,1.49699800e+01,1.54891000e+01,1.55021400e+01,1.28004600e+01,1.25022500e+01,1.13938400e+01,8.94471400e+00,7.52613200e+00,8.94471400e+00,1.13938400e+01,1.25022500e+01,1.28004600e+01,1.55021400e+01,1.54891000e+01,1.49699800e+01,1.47972900e+01
1.04566080e+06,-7.73902200e+00,1.47977300e+01,1.49710500e+01,1.54919700e+01,1.54907400e+01,1.28027900e+01,1.25042400e+01,1.13957900e+01,8.94621000e+00,7.52751400e+00,8.94621000e+00,1.13957900e+01,1.25042400e+01,1.28027900e+01,1.54907400e+01,1.54919700e+01,1.49710500e+01,1.47977300e+01
1.04966080e+06,-7.73908600e+00,1.47981700e+01,1.49721300e+01,1.54948600e+01,1.54792600e+01,1.28051400e+01,1.25062400e+01,1.13977300e+01,8.94770300e+00,7.52889300e+00,8.94770300e+00,1.13977300e+01,1.25062400e+01,1.28051400e+01,1.54792600e+01,1.54948600e+01,1.49721300e+01,1.47981700e+01
1.05366080e+06,-7.73907200e+00,1.47986200e+01,1.49732200e+01,1.54977600e+01,1.54676900e+01,1.28075000e+01,1.25082400e+01,1.13996700e+01,8.94919400e+00,7.53027100e+00,8.94919400e+00,1.13996700e+01,1.25082400e+01,1.28075000e+01,1.54676900e+01,1.54977600e+01,1.49732200e+01,1.47986200e+01
1.05766080e+06,-7.73898300e+00,1.47990700e+01,1.49743100e+01,1.55006800e+01,1.54560400e+01,1.28098900e+01,1.25102500e+01,1.14016000e+01,8.95068300e+00,7.53164600e+00,8.95068300e+00,1.14016000e+01,1.25102500e+01,1.28098900e+01,1.54560400e+01,1.55006800e+01,1.49743100e+01,1.47990700e+01
1.06166080e+06,-7.73882600e+00,1.47995100e+01,1.49754000e+01,1.55036100e+01,1.54442900e+01,1.28122900e+01,1.25122600e+01,1.14035400e+01,8.95216900e+00,7.53302000e+00,8.95216900e+00,1.14035400e+01,1.25122600e+01,1.28122900e+01,1.54442900e+01,1.55036100e+01,1.49754000e+01,1.47995100e+01
1.06566080e+06,-7.73861000e+00,1.47999600e+01,1.49765000e+01,1.55065600e+01,1.54324400e+01,1.28147100e+01,1.25142700e+01,1.14054600e+01,8.95365400e+00,7.53439200e+00,8.95365400e+00,1.14054600e+01,1.25142700e+01,1.28147100e+01,1.54324400e+01,1.55065600e+01,1.49765000e+01,1.47999600e+01
1.06966080e+06,-7.73834700e+00,1.48004200e+01,1.49776000e+01,1.55095300e+01,1.54205100e+01,1.28171400e+01,1.25162900e+01,1.14073900e+01,8.95513800e+00,7.53576400e+00,8.95513800e+00,1.14073900e+01,1.25162900e+01,1.28171400e+01,1.54205100e+01,1.55095300e+01,1.49776000e+01,1.48004200e+01
1.07366080e+06,-7.73805300e+00,1.48008700e+01,1.49787100e+01,1.55125100e+01,1.54084800e+01,1.28196000e+01,1.25183200e+01,1.14093200e+01,8.95662000e+00,7.53713400e+00,8.95662000e+00,1.14093200e+01,1.25183200e+01,1.28196000e+01,1.54084800e+01,1.55125100e+01,1.49787100e+01,1.48008700e+01
1.07766080e+06,-7.73774600e+00,1.48013200e+01,1.49798300e+01,1.55155100e+01,1.53963500e+01,1.28220700e+01,1.25203500e+01,1.14112400e+01,8.95810200e+00,7.53850500e+00,8.95810200e+00,1.14112400e+01,1.25203500e+01,1.28220700e+01,1.53963500e+01,1.55155100e+01,1.49798300e+01,1.48013200e+01
1.08166080e+06,-7.73744900e+00,1.48017800e+01,1.49809500e+01,1.55185400e+01,1.53841300e+01,1.28245700e+01,1.25223900e+01,1.14131700e+01,8.95958400e+00,7.53987500e+00,8.95958400e+00,1.14131700e+01,1.25223900e+01,1.28245700e+01,1.53841300e+01,1.55185400e+01,1.49809500e+01,1.48017800e+01
1.08566080e+06,-7.73718700e+00,1.48022400e+01,1.49820800e+01,1.55215700e+01,1.53718100e+01,1.28270800e+01,1.25244300e+01,1.14150900e+01,8.96106500e+00,7.54124500e+00,8.96106500e+00,1.14150900e+01,1.25244300e+01,1.28270800e+01,1.53718100e+01,1.55215700e+01,1.49820800e+01,1.48022400e+01
1.08966080e+06,-7.73699200e+00,1.48027000e+01,1.49832200e+01,1.55246300e+01,1.53593800e+01,1.28296200e+01,1.25264800e+01,1.14170100e+01,8.96254600e+00,7.54261500e+00,8.96254600e+00,1.14170100e+01,1.25264800e+01,1.28296200e+01,1.53593800e+01,1.55246300e+01,1.49832200e+01,1.48027000e+01
1.09366080e+06,-7.73689700e+00,1.48031600e+01,1.49843600e+01,1.55277100e+01,1.53468600e+01,1.28321700e+01,1.25285400e+01,1.14189300e+01,8.96402800e+00,7.54398500e+00,8.96402800e+00,1.14189300e+01,1.25285400e+01,1.28321700e+01,1.53468600e+01,1.55277100e+01,1.49843600e+01,1.48031600e+01
1.09766080e+06,-7.73694200e+00,1.48036300e+01,1.49855100e+01,1.55308100e+01,1.53342300e+01,1.28347500e+01,1.25306000e+01,1.14208600e+01,8.96550900e+00,7.54535600e+00,8.96550900e+00,1.14208600e+01,1.25306000e+01,1.28347500e+01,1.53342300e+01,1.55308100e+01,1.49855100e+01,1.48036300e+01
1.10166080e+06,-7.73717100e+00,1.48041000e+01,1.49866600e+01,1.55339200e+01,1.53214900e+01,1.28373400e+01,1.25326800e+01,1.14227800e+01,8.96699100e+00,7.54672800e+00,8.96699100e+00,1.14227800e+01,1.25326800e+01,1.28373400e+01,1.53214900e+01,1.55339200e+01,1.49866600e+01,1.48041000e+01
1.10566080e+06,-7.73763000e+00,1.48045700e+01,1.49878300e+01,1.55370600e+01,1.53086500e+01,1.28399600e+01,1.25347600e+01,1.14247000e+01,8.96847400e+00,7.54810000e+00,8.96847400e+00,1.14247000e+01,1.25347600e+01,1.28399600e+01,1.53086500e+01,1.55370600e+01,1.49878300e+01,1.48045700e+01
1.10966080e+06,-7.73837400e+00,1.48050400e+01,1.49889900e+01,1.55402200e+01,1.52957000e+01,1.28426000e+01,1.25368500e+01,1.14266300e+01,8.96995700e+00,7.54947300e+00,8.96995700e+00,1.14266300e+01,1.25368500e+01,1.28426000e+01,1.52957000e+01,1.55402200e+01,1.49889900e+01,1.48050400e+01
1.11366080e+06,-7.73945700e+00,1.48055200e+01,1.49901700e+01,1.55434000e+01,1.52826300e+01,1.28452600e+01,1.25389400e+01,1.14285500e+01,8.97144100e+00,7.55084600e+00,8.97144100e+00,1.14285500e+01,1.25389400e+01,1.28452600e+01,1.52826300e+01,1.55434000e+01,1.49901700e+01,1.48055200e+01
1.11766080e+06,-7.74093900e+00,1.48059900e+01,1.49913600e+01,1.55466000e+01,1.52694600e+01,1.28479400e+01,1.25410500e+01,1.14304800e+01,8.97292600e+00,7.55222100e+00,8.97292600e+00,1.14304800e+01,1.25410500e+01,1.28479400e+01,1.52694600e+01,1.55466000e+01,1.49913600e+01,1.48059900e+01
1.12166080e+06,-7.74288100e+00,1.48064800e+01,1.49925500e+01,1.55498300e+01,1.52561700e+01,1.28506500e+01,1.25431600e+01,1.14324000e+01,8.97441100e+00,7.55359600e+00,8.97441100e+00,1.14324000e+01,1.25431600e+01,1.28506500e+01,1.52561700e+01,1.55498300e+01,1.49925500e+01,1.48064800e+01
1.12566080e+06,-7.74534400e+00,1.48069600e+01,1.49937500e+01,1.55530800e+01,1.52427600e+01,1.28533800e+01,1.25452800e+01,1.14343300e+01,8.97589700e+00,7.55497200e+00,8.97589700e+00,1.14343300e+01,1.25452800e+01,1.28533800e+01,1.52427600e+01,1.55530800e+01,1.49937500e+01,1.48069600e+01
1.12966080e+06,-7.74555100e+00,1.48074400e+01,1.49949500e+01,1.55563500e+01,1.52292300e+01,1.28561300e+01,1.25474100e+01,1.14362600e+01,8.97738400e+00,7.55634800e+00,8.97738400e+00,1.14362600e+01,1.25474100e+01,1.28561300e+01,1.52292300e+01,1.55563500e+01,1.49949500e+01,1.48074400e+01
1.13366080e+06,-7.74365400e+00,1.48079300e+01,1.49961700e+01,1.55596400e+01,1.52155800e+01,1.28589000e+01,1.25495500e+01,1.14381900e+01,8.97887100e+00,7.55772600e+00,8.97887100e+00,1.14381900e+01,1.25495500e+01,1.28589000e+01,1.52155800e+01,1.55596400e+01,1.49961700e+01,1.48079300e+01
1.13766080e+06,-7.74215000e+00,1.48084200e+01,1.49973900e+01,1.55629600e+01,1.52018000e+01,1.28616900e+01,1.25517000e+01,1.14401200e+01,8.98035900e+00,7.55910400e+00,8.98035900e+00,1.14401200e+01,1.25517000e+01,1.28616900e+01,1.52018000e+01,1.55629600e+01,1.49973900e+01,1.48084200e+01
1.14166080e+06,-7.74103900e+00,1.48089200e+01,1.49986200e+01,1.55663000e+01,1.51879000e+01,1.28645100e+01,1.25538500e+01,1.14420500e+01,8.98184800e+00,7.56048200e+00,8.98184800e+00,1.14420500e+01,1.25538500e+01,1.28645100e+01,1.51879000e+01,1.55663000e+01,1.49986200e+01,1.48089200e+01
1.14566080e+06,-7.74031900e+00,1.48094100e+01,1.49998600e+01,1.55696600e+01,1.51738700e+01,1.28673600e+01,1.25560200e+01,1.14439800e+01,8.98333700e+00,7.56186100e+00,8.98333700e+00,1.14439800e+01,1.25560200e+01,1.28673600e+01,1.51738700e+01,1.55696600e+01,1.49998600e+01,1.48094100e+01
1.14966080e+06,-7.73998900e+00,1.48099100e+01,1.50011100e+01,1.55730500e+01,1.51597100e+01,1.28702200e+01,1.25581900e+01,1.14459100e+01,8.98482600e+00,7.56324000e+00,8.98482600e+00,1.14459100e+01,1.25581900e+01,1.28702200e+01,1.51597100e+01,1.55730500e+01,1.50011100e+01,1.48099100e+01
1.15366080e+06,-7.74004400e+00,1.48104100e+01,1.50023700e+01,1.55764700e+01,1.51454100e+01,1.28731100e+01,1.25603700e+01,1.14478500e+01,8.98631600e+00,7.56461900e+00,8.98631600e+00,1.14478500e+01,1.25603700e+01,1.28731100e+01,1.51454100e+01,1.55764700e+01,1.50023700e+01,1.48104100e+01
1.15766080e+06,-7.74048000e+00,1.48109200e+01,1.50036300e+01,1.55799100e+01,1.51309800e+01,1.28760300e+01,1.25625600e+01,1.14497800e+01,8.98780600e+00,7.56599800e+00,8.98780600e+00,1.14497800e+01,1.25625600e+01,1.28760300e+01,1.51309800e+01,1.55799100e+01,1.50036300e+01,1.48109200e+01
1.16166080e+06,-7.74128800e+00,1.48114200e+01,1.50049100e+01,1.55833800e+01,1.51164000e+01,1.28789700e+01,1.25647700e+01,1.14517200e+01,8.98929500e+00,7.56737700e+00,8.98929500e+00,1.14517200e+01,1.25647700e+01,1.28789700e+01,1.51164000e+01,1.55833800e+01,1.50049100e+01,1.48114200e+01
1.16566080e+06,-7.74246000e+00,1.48119300e+01,1.50061900e+01,1.55868700e+01,1.51016900e+01,1.28819300e+01,1.25669800e+01,1.14536600e+01,8.99078500e+00,7.56875600e+00,8.99078500e+00,1.14536600e+01,1.25669800e+01,1.28819300e+01,1.51016900e+01,1.55868700e+01,1.50061900e+01,1.48119300e+01
1.16966080e+06,-7.74398300e+00,1.48124400e+01,1.50074800e+01,1.55903900e+01,1.50868300e+01,1.28849200e+01,1.25691900e+01,1.14555900e+01,8.99227400e+00,7.57013400e+00,8.99227400e+00,1.14555900e+01,1.25691900e+01,1.28849200e+01,1.50868300e+01,1.55903900e+01,1.50074800e+01,1.48124400e+01
1.17366080e+06,-7.74584500e+00,1.48129600e+01,1.50087800e+01,1.55939400e+01,1.50718200e+01,1.28879300e+01,1.25714200e+01,1.14575300e+01,8.99376300e+00,7.57151200e+00,8.99376300e+00,1.14575300e+01,1.25714200e+01,1.28879300e+01,1.50718200e+01,1.55939400e+01,1.50087800e+01,1.48129600e+01
1.17766080e+06,-7.74802900e+00,1.48134800e+01,1.50100900e+01,1.55975200e+01,1.50566600e+01,1.28909700e+01,1.25736600e+01,1.14594700e+01,8.99525100e+00,7.57288900e+00,8.99525100e+00,1.14594700e+01,1.25736600e+01,1.28909700e+01,1.50566600e+01,1.55975200e+01,1.50100900e+01,1.48134800e+01
1.18166080e+06,-7.75051900e+00,1.48140000e+01,1.50114100e+01,1.56011200e+01,1.50413500e+01,1.28940300e+01,1.25759100e+01,1.14614100e+01,8.99674000e+00,7.57426600e+00,8.99674000e+00,1.14614100e+01,1.25759100e+01,1.28940300e+01,1.50413500e+01,1.56011200e+01,1.50114100e+01,1.48140000e+01
1.18566080e+06,-7.75329500e+00,1.48145200e+01,1.50127400e+01,1.56047600e+01,1.50258800e+01,1.28971200e+01,1.25781600e+01,1.14633500e+01,8.99822700e+00,7.57564200e+00,8.99822700e+00,1.14633500e+01,1.25781600e+01,1.28971200e+01,1.50258800e+01,1.56047600e+01,1.50127400e+01,1.48145200e+01
1.18966080e+06,-7.75633800e+00,1.48150400e+01,1.50140700e+01,1.56084200e+01,1.50102400e+01,1.29002300e+01,1.25804300e+01,1.14652900e+01,8.99971400e+00,7.57701700e+00,8.99971400e+00,1.14652900e+01,1.25804300e+01,1.29002300e+01,1.50102400e+01,1.56084200e+01,1.50140700e+01,1.48150400e+01
1.19366080e+06,-7.75962800e+00,1.48155700e+01,1.50154200e+01,1.56121100e+01,1.49944500e+01,1.29033700e+01,1.25827000e+01,1.14672400e+01,9.00120100e+00,7.57839200e+00,9.00120100e+00,1.14672400e+01,1.25827000e+01,1.29033700e+01,1.49944500e+01,1.56121100e+01,1.50154200e+01,1.48155700e+01
1.19766080e+06,-7.76314300e+00,1.48161000e+01,1.50167800e+01,1.56158400e+01,1.49784900e+01,1.29065400e+01,1.25849900e+01,1.14691800e+01,9.00268800e+00,7.57976600e+00,9.00268800e+00,1.14691800e+01,1.25849900e+01,1.29065400e+01,1.49784900e+01,1.56158400e+01,1.50167800e+01,1.48161000e+01
1.20166080e+06,-7.76342500e+00,1.48166400e+01,1.50181400e+01,1.56195900e+01,1.49623500e+01,1.29097300e+01,1.25872800e+01,1.14711200e+01,9.00417400e+00,7.58113900e+00,9.00417400e+00,1.14711200e+01,1.25872800e+01,1.29097300e+01,1.49623500e+01,1.56195900e+01,1.50181400e+01,1.48166400e+01
1.20566080e+06,-7.75989100e+00,1.48171700e+01,1.50195200e+01,1.56233800e+01,1.49460500e+01,1.29129500e+01,1.25895900e+01,1.14730700e+01,9.00565900e+00,7.58251200e+00,9.00565900e+00,1.14730700e+01,1.25895900e+01,1.29129500e+01,1.49460500e+01,1.56233800e+01,1.50195200e+01,1.48171700e+01
1.20966080e+06,-7.75633200e+00,1.48177100e+01,1.50209100e+01,1.56272000e+01,1.49295600e+01,1.29162000e+01,1.25919000e+01,1.14750100e+01,9.00714500e+00,7.58388500e+00,9.00714500e+00,1.14750100e+01,1.25919000e+01,1.29162000e+01,1.49295600e+01,1.56272000e+01,1.50209100e+01,1.48177100e+01
1.21366080e+06,-7.75275400e+00,1.48182600e+01,1.50223000e+01,1.56310500e+01,1.49128900e+01,1.29194800e+01,1.25942300e+01,1.14769600e+01,9.00863000e+00,7.58525700e+00,9.00863000e+00,1.14769600e+01,1.25942300e+01,1.29194800e+01,1.49128900e+01,1.56310500e+01,1.50223000e+01,1.48182600e+01
1.21766080e+06,-7.74916500e+00,1.48188000e+01,1.50237100e+01,1.56349300e+01,1.48960400e+01,1.29227800e+01,1.25965700e+01,1.14789100e+01,9.01011600e+00,7.58662900e+00,9.01011600e+00,1.14789100e+01,1.25965700e+01,1.29227800e+01,1.48960400e+01,1.56349300e+01,1.50237100e+01,1.48188000e+01
1.22166080e+06,-7.74556800e+00,1.48193500e+01,1.50251300e+01,1.56388500e+01,1.48790000e+01,1.29261200e+01,1.25989200e+01,1.14808600e+01,9.01160100e+00,7.58800100e+00,9.01160100e+00,1.14808600e+01,1.25989200e+01,1.29261200e+01,1.48790000e+01,1.56388500e+01,1.50251300e+01,1.48193500e+01
1.22566080e+06,-7.74197000e+00,1.48199100e+01,1.50265600e+01,1.56428000e+01,1.48617700e+01,1.29294800e+01,1.26012800e+01,1.14828200e+01,9.01308700e+00,7.58937200e+00,9.01308700e+00,1.14828200e+01,1.26012800e+01,1.29294800e+01,1.48617700e+01,1.56428000e+01,1.50265600e+01,1.48199100e+01
1.22966080e+06,-7.73837500e+00,1.48204600e+01,1.50280100e+01,1.56467900e+01,1.48443400e+01,1.29328800e+01,1.26036500e+01,1.14847700e+01,9.01457300e+00,7.59074400e+00,9.01457300e+00,1.14847700e+01,1.26036500e+01,1.29328800e+01,1.48443400e+01,1.56467900e+01,1.50280100e+01,1.48204600e+01
1.23366080e+06,-7.73478700e+00,1.48210200e+01,1.50294600e+01,1.56508200e+01,1.48267100e+01,1.29363100e+01,1.26060400e+01,1.14867300e+01,9.01606000e+00,7.59211700e+00,9.01606000e+00,1.14867300e+01,1.26060400e+01,1.29363100e+01,1.48267100e+01,1.56508200e+01,1.50294600e+01,1.48210200e+01
1.23766080e+06,-7.73121100e+00,1.48215800e+01,1.50309300e+01,1.56548800e+01,1.48088700e+01,1.29397700e+01,1.26084300e+01,1.14886900e+01,9.01754800e+00,7.59349000e+00,9.01754800e+00,1.14886900e+01,1.26084300e+01,1.29397700e+01,1.48088700e+01,1.56548800e+01,1.50309300e+01,1.48215800e+01
1.24166080e+06,-7.72765100e+00,1.48221500e+01,1.50324100e+01,1.56589900e+01,1.47908300e+01,1.29432600e+01,1.26108400e+01,1.14906500e+01,9.01903600e+00,7.59486300e+00,9.01903600e+00,1.14906500e+01,1.26108400e+01,1.29432600e+01,1.47908300e+01,1.56589900e+01,1.50324100e+01,1.48221500e+01
1.24566080e+06,-7.72411000e+00,1.48227200e+01,1.50339000e+01,1.56631300e+01,1.47725700e+01,1.29467800e+01,1.26132700e+01,1.14926200e+01,9.02052600e+00,7.59623700e+00,9.02052600e+00,1.14926200e+01,1.26132700e+01,1.29467800e+01,1.47725700e+01,1.56631300e+01,1.50339000e+01,1.48227200e+01
1.24966080e+06,-7.72059200e+00,1.48233000e+01,1.50354000e+01,1.56673100e+01,1.47540900e+01,1.29503400e+01,1.26157100e+01,1.14945900e+01,9.02201700e+00,7.59761200e+00,9.02201700e+00,1.14945900e+01,1.26157100e+01,1.29503400e+01,1.47540900e+01,1.56673100e+01,1.50354000e+01,1.48233000e+01
1.25366080e+06,-7.71710100e+00,1.48238700e+01,1.50369200e+01,1.56715300e+01,1.47353900e+01,1.29539300e+01,1.26181600e+01,1.14965600e+01,9.02351000e+00,7.59898900e+00,9.02351000e+00,1.14965600e+01,1.26181600e+01,1.29539300e+01,1.47353900e+01,1.56715300e+01,1.50369200e+01,1.48238700e+01
1.25766080e+06,-7.71363900e+00,1.48244600e+01,1.50384500e+01,1.56758000e+01,1.47164600e+01,1.29575600e+01,1.26206300e+01,1.14985400e+01,9.02500500e+00,7.60036700e+00,9.02500500e+00,1.14985400e+01,1.26206300e+01,1.29575600e+01,1.47164600e+01,1.56758000e+01,1.50384500e+01,1.48244600e+01
1.26166080e+06,-7.71021100e+00,1.48250400e+01,1.50400000e+01,1.56801100e+01,1.46973000e+01,1.29612200e+01,1.26231100e+01,1.15005200e+01,9.02650100e+00,7.60174600e+00,9.02650100e+00,1.15005200e+01,1.26231100e+01,1.29612200e+01,1.46973000e+01,1.56801100e+01,1.50400000e+01,1.48250400e+01
1.26566080e+06,-7.70682100e+00,1.48256300e+01,1.50415600e+01,1.56844600e+01,1.46779000e+01,1.29649200e+01,1.26256100e+01,1.15025100e+01,9.02800000e+00,7.60312800e+00,9.02800000e+00,1.15025100e+01,1.26256100e+01,1.29649200e+01,1.46779000e+01,1.56844600e+01,1.50415600e+01,1.48256300e+01
1.26966080e+06,-7.70347400e+00,1.48262300e+01,1.50431400e+01,1.56888600e+01,1.46582600e+01,1.29686600e+01,1.26281300e+01,1.15045000e+01,9.02950100e+00,7.60451100e+00,9.02950100e+00,1.15045000e+01,1.26281300e+01,1.29686600e+01,1.46582600e+01,1.56888600e+01,1.50431400e+01,1.48262300e+01
1.27366080e+06,-7.70017500e+00,1.48268300e+01,1.50447300e+01,1.56933000e+01,1.46383700e+01,1.29724300e+01,1.26306600e+01,1.15065000e+01,9.03100500e+00,7.60589600e+00,9.03100500e+00,1.15065000e+01,1.26306600e+01,1.29724300e+01,1.46383700e+01,1.56933000e+01,1.50447300e+01,1.48268300e+01
1.27766080e+06,-7.69692900e+00,1.48274400e+01,1.50463400e+01,1.56977900e+01,1.46182200e+01,1.29762500e+01,1.26332100e+01,1.15085000e+01,9.03251200e+00,7.60728400e+00,9.03251200e+00,1.15085000e+01,1.26332100e+01,1.29762500e+01,1.46182200e+01,1.56977900e+01,1.50463400e+01,1.48274400e+01
1.28166080e+06,-7.69374500e+00,1.48280500e+01,1.50479600e+01,1.57023300e+01,1.45978200e+01,1.29801100e+01,1.26357800e+01,1.15105100e+01,9.03402200e+00,7.60867500e+00,9.03402200e+00,1.15105100e+01,1.26357800e+01,1.29801100e+01,1.45978200e+01,1.57023300e+01,1.50479600e+01,1.48280500e+01
1.28566080e+06,-7.69063100e+00,1.48286600e+01,1.50496000e+01,1.57069300e+01,1.45771500e+01,1.29840100e+01,1.26383700e+01,1.15125200e+01,9.03553600e+00,7.61006900e+00,9.03553600e+00,1.15125200e+01,1.26383700e+01,1.29840100e+01,1.45771500e+01,1.57069300e+01,1.50496000e+01,1.48286600e+01
1.28966080e+06,-7.68759700e+00,1.48292800e+01,1.50512600e+01,1.57115700e+01,1.45562100e+01,1.29879500e+01,1.26409800e+01,1.15145400e+01,9.03705300e+00,7.61146500e+00,9.03705300e+00,1.15145400e+01,1.26409800e+01,1.29879500e+01,1.45562100e+01,1.57115700e+01,1.50512600e+01,1.48292800e+01
1.29366080e+06,-7.68465600e+00,1.48299100e+01,1.50529300e+01,1.57162700e+01,1.45350000e+01,1.29919300e+01,1.26436100e+01,1.15165700e+01,9.03857300e+00,7.61286500e+00,9.03857300e+00,1.15165700e+01,1.26436100e+01,1.29919300e+01,1.45350000e+01,1.57162700e+01,1.50529300e+01,1.48299100e+01
1.29766080e+06,-7.68182200e+00,1.48305400e+01,1.50546200e+01,1.57210200e+01,1.45135000e+01,1.29959600e+01,1.26462500e+01,1.15186100e+01,9.04009800e+00,7.61426800e+00,9.04009800e+00,1.15186100e+01,1.26462500e+01,1.29959600e+01,1.45135000e+01,1.57210200e+01,1.50546200e+01,1.48305400e+01
1.30166080e+06,-7.67911300e+00,1.48311800e+01,1.50563300e+01,1.57258200e+01,1.44917200e+01,1.30000400e+01,1.26489200e+01,1.15206500e+01,9.04162800e+00,7.61567500e+00,9.04162800e+00,1.15206500e+01,1.26489200e+01,1.30000400e+01,1.44917200e+01,1.57258200e+01,1.50563300e+01,1.48311800e+01
1.30566080e+06,-7.67655000e+00,1.48318200e+01,1.50580600e+01,1.57306900e+01,1.44696400e+01,1.30041600e+01,1.26516200e+01,1.15227000e+01,9.04316100e+00,7.61708600e+00,9.04316100e+00,1.15227000e+01,1.26516200e+01,1.30041600e+01,1.44696400e+01,1.57306900e+01,1.50580600e+01,1.48318200e+01
1.30966080e+06,-7.67415900e+00,1.48324700e+01,1.50598100e+01,1.57356100e+01,1.44472700e+01,1.30083300e+01,1.26543300e+01,1.15247600e+01,9.04469900e+00,7.61850100e+00,9.04469900e+00,1.15247600e+01,1.26543300e+01,1.30083300e+01,1.44472700e+01,1.57356100e+01,1.50598100e+01,1.48324700e+01
1.31366080e+06,-7.67196800e+00,1.48331200e+01,1.50615800e+01,1.57405900e+01,1.44245900e+01,1.30125500e+01,1.26570700e+01,1.15268200e+01,9.04624300e+00,7.61992000e+00,9.04624300e+00,1.15268200e+01,1.26570700e+01,1.30125500e+01,1.44245900e+01,1.57405900e+01,1.50615800e+01,1.48331200e+01
1.31766080e+06,-7.67001400e+00,1.48337800e+01,1.50633700e+01,1.57456400e+01,1.44016000e+01,1.30168300e+01,1.26598300e+01,1.15289000e+01,9.04779100e+00,7.62134300e+00,9.04779100e+00,1.15289000e+01,1.26598300e+01,1.30168300e+01,1.44016000e+01,1.57456400e+01,1.50633700e+01,1.48337800e+01
1.32166080e+06,-7.66833600e+00,1.48344500e+01,1.50651800e+01,1.57507500e+01,1.43782900e+01,1.30211500e+01,1.26626100e+01,1.15309800e+01,9.04934400e+00,7.62277100e+00,9.04934400e+00,1.15309800e+01,1.26626100e+01,1.30211500e+01,1.43782900e+01,1.57507500e+01,1.50651800e+01,1.48344500e+01
1.32566080e+06,-7.66698200e+00,1.48351300e+01,1.50670100e+01,1.57559200e+01,1.43546600e+01,1.30255300e+01,1.26654200e+01,1.15330800e+01,9.05090300e+00,7.62420300e+00,9.05090300e+00,1.15330800e+01,1.26654200e+01,1.30255300e+01,1.43546600e+01,1.57559200e+01,1.50670100e+01,1.48351300e+01
1.32966080e+06,-7.66600700e+00,1.48358100e+01,1.50688600e+01,1.57611600e+01,1.43307000e+01,1.30299600e+01,1.26682600e+01,1.15351800e+01,9.05246700e+00,7.62564000e+00,9.05246700e+00,1.15351800e+01,1.26682600e+01,1.30299600e+01,1.43307000e+01,1.57611600e+01,1.50688600e+01,1.48358100e+01
1.33366080e+06,-7.66547400e+00,1.48365000e+01,1.50707400e+01,1.57664700e+01,1.43064200e+01,1.30344500e+01,1.26711200e+01,1.15373000e+01,9.05403700e+00,7.62708200e+00,9.05403700e+00,1.15373000e+01,1.26711200e+01,1.30344500e+01,1.43064200e+01,1.57664700e+01,1.50707400e+01,1.48365000e+01
1.33766080e+06,-7.66545200e+00,1.48371900e+01,1.50726300e+01,1.57718600e+01,1.42817900e+01,1.30389900e+01,1.26740100e+01,1.15394200e+01,9.05561300e+00,7.62852800e+00,9.05561300e+00,1.15394200e+01,1.26740100e+01,1.30389900e+01,1.42817900e+01,1.57718600e+01,1.50726300e+01,1.48371900e+01
1.34166080e+06,-7.66602000e+00,1.48378900e+01,1.50745500e+01,1.57773100e+01,1.42568300e+01,1.30436000e+01,1.26769300e+01,1.15415500e+01,9.05719400e+00,7.62998000e+00,9.05719400e+00,1.15415500e+01,1.26769300e+01,1.30436000e+01,1.42568300e+01,1.57773100e+01,1.50745500e+01,1.48378900e+01
1.34566080e+06,-7.66726100e+00,1.48386000e+01,1.50765000e+01,1.57828500e+01,1.42315300e+01,1.30482700e+01,1.26798800e+01,1.15437000e+01,9.05878000e+00,7.63143500e+00,9.05878000e+00,1.15437000e+01,1.26798800e+01,1.30482700e+01,1.42315300e+01,1.57828500e+01,1.50765000e+01,1.48386000e+01
1.34966080e+06,-7.66926600e+00,1.48393200e+01,1.50784700e+01,1.57884600e+01,1.42058900e+01,1.30530000e+01,1.26828500e+01,1.15458500e+01,9.06037200e+00,7.63289500e+00,9.06037200e+00,1.15458500e+01,1.26828500e+01,1.30530000e+01,1.42058900e+01,1.57884600e+01,1.50784700e+01,1.48393200e+01
1.35366080e+06,-7.67212700e+00,1.48400500e+01,1.50804600e+01,1.57941500e+01,1.41799100e+01,1.30577900e+01,1.26858500e+01,1.15480200e+01,9.06196900e+00,7.63436000e+00,9.06196900e+00,1.15480200e+01,1.26858500e+01,1.30577900e+01,1.41799100e+01,1.57941500e+01,1.50804600e+01,1.48400500e+01
1.35766080e+06,-7.67593800e+00,1.48407800e+01,1.50824800e+01,1.57999200e+01,1.41535900e+01,1.30626500e+01,1.26888800e+01,1.15501900e+01,9.06357100e+00,7.63582800e+00,9.06357100e+00,1.15501900e+01,1.26888800e+01,1.30626500e+01,1.41535900e+01,1.57999200e+01,1.50824800e+01,1.48407800e+01
1.36166080e+06,-7.68078600e+00,1.48415200e+01,1.50845300e+01,1.58057800e+01,1.41269300e+01,1.30675700e+01,1.26919400e+01,1.15523800e+01,9.06517900e+00,7.63730100e+00,9.06517900e+00,1.15523800e+01,1.26919400e+01,1.30675700e+01,1.41269300e+01,1.58057800e+01,1.50845300e+01,1.48415200e+01
1.36566080e+06,-7.68675000e+00,1.48422700e+01,1.50866000e+01,1.58117300e+01,1.40999400e+01,1.30725700e+01,1.26950300e+01,1.15545700e+01,9.06679100e+00,7.63877700e+00,9.06679100e+00,1.15545700e+01,1.26950300e+01,1.30725700e+01,1.40999400e+01,1.58117300e+01,1.50866000e+01,1.48422700e+01
1.36966080e+06,-7.69389300e+00,1.48430200e+01,1.50886900e+01,1.58177700e+01,1.40726300e+01,1.30776300e+01,1.26981500e+01,1.15567800e+01,9.06840700e+00,7.64025600e+00,9.06840700e+00,1.15567800e+01,1.26981500e+01,1.30776300e+01,1.40726300e+01,1.58177700e+01,1.50886900e+01,1.48430200e+01
1.37366080e+06,-7.70225700e+00,1.48437800e+01,1.50908200e+01,1.58239000e+01,1.40450100e+01,1.30827700e+01,1.27013100e+01,1.15590000e+01,9.07002700e+00,7.64173700e+00,9.07002700e+00,1.15590000e+01,1.27013100e+01,1.30827700e+01,1.40450100e+01,1.58239000e+01,1.50908200e+01,1.48437800e+01
1.37766080e+06,-7.71185700e+00,1.48445600e+01,1.50929600e+01,1.58301300e+01,1.40171100e+01,1.30879900e+01,1.27044900e+01,1.15612200e+01,9.07165000e+00,7.64322100e+00,9.07165000e+00,1.15612200e+01,1.27044900e+01,1.30879900e+01,1.40171100e+01,1.58301300e+01,1.50929600e+01,1.48445600e+01
1.38166080e+06,-7.71593700e+00,1.48453300e+01,1.50951400e+01,1.58364600e+01,1.39889300e+01,1.30932800e+01,1.27077000e+01,1.15634500e+01,9.07327700e+00,7.64470700e+00,9.07327700e+00,1.15634500e+01,1.27077000e+01,1.30932800e+01,1.39889300e+01,1.58364600e+01,1.50951400e+01,1.48453300e+01
1.38566080e+06,-7.71120800e+00,1.48461200e+01,1.50973400e+01,1.58428900e+01,1.39605200e+01,1.30986500e+01,1.27109400e+01,1.15657000e+01,9.07490600e+00,7.64619400e+00,9.07490600e+00,1.15657000e+01,1.27109400e+01,1.30986500e+01,1.39605200e+01,1.58428900e+01,1.50973400e+01,1.48461200e+01
1.38966080e+06,-7.70682300e+00,1.48469200e+01,1.50995700e+01,1.58494300e+01,1.39319000e+01,1.31041000e+01,1.27142100e+01,1.15679500e+01,9.07653800e+00,7.64768300e+00,9.07653800e+00,1.15679500e+01,1.27142100e+01,1.31041000e+01,1.39319000e+01,1.58494300e+01,1.50995700e+01,1.48469200e+01
1.39366080e+06,-7.70284700e+00,1.48477200e+01,1.51018300e+01,1.58560900e+01,1.39031100e+01,1.31096400e+01,1.27175100e+01,1.15702100e+01,9.07817200e+00,7.64917200e+00,9.07817200e+00,1.15702100e+01,1.27175100e+01,1.31096400e+01,1.39031100e+01,1.58560900e+01,1.51018300e+01,1.48477200e+01
1.39766080e+06,-7.69935300e+00,1.48485300e+01,1.51041100e+01,1.58628600e+01,1.38742100e+01,1.31152700e+01,1.27208400e+01,1.15724800e+01,9.07980800e+00,7.65066200e+00,9.07980800e+00,1.15724800e+01,1.27208400e+01,1.31152700e+01,1.38742100e+01,1.58628600e+01,1.51041100e+01,1.48485300e+01
1.40166080e+06,-7.69641800e+00,1.48493400e+01,1.51064100e+01,1.58697400e+01,1.38452600e+01,1.31209800e+01,1.27241900e+01,1.15747600e+01,9.08144500e+00,7.65215100e+00,9.08144500e+00,1.15747600e+01,1.27241900e+01,1.31209800e+01,1.38452600e+01,1.58697400e+01,1.51064100e+01,1.48493400e+01
1.40566080e+06,-7.69412700e+00,1.48501700e+01,1.51087500e+01,1.58767600e+01,1.38163100e+01,1.31267900e+01,1.27275800e+01,1.15770500e+01,9.08308300e+00,7.65364100e+00,9.08308300e+00,1.15770500e+01,1.27275800e+01,1.31267900e+01,1.38163100e+01,1.58767600e+01,1.51087500e+01,1.48501700e+01
1.40966080e+06,-7.69257000e+00,1.48510000e+01,1.51111000e+01,1.58839000e+01,1.37874600e+01,1.31326900e+01,1.27309900e+01,1.15793400e+01,9.08472300e+00,7.65513100e+00,9.08472300e+00,1.15793400e+01,1.27309900e+01,1.31326900e+01,1.37874600e+01,1.58839000e+01,1.51111000e+01,1.48510000e+01
1.41366080e+06,-7.69183600e+00,1.48518400e+01,1.51134800e+01,1.58911700e+01,1.37587800e+01,1.31386800e+01,1.27344300e+01,1.15816500e+01,9.08636400e+00,7.65662000e+00,9.08636400e+00,1.15816500e+01,1.27344300e+01,1.31386800e+01,1.37587800e+01,1.58911700e+01,1.51134800e+01,1.48518400e+01
1.41766080e+06,-7.68870600e+00,1.48526900e+01,1.51158800e+01,1.58985700e+01,1.37303800e+01,1.31447800e+01,1.27379000e+01,1.15839600e+01,9.08800600e+00,7.65810900e+00,9.08800600e+00,1.15839600e+01,1.27379000e+01,1.31447800e+01,1.37303800e+01,1.58985700e+01,1.51158800e+01,1.48526900e+01
1.42166080e+06,-7.68364400e+00,1.48535400e+01,1.51183100e+01,1.59061100e+01,1.37023500e+01,1.31509600e+01,1.27413800e+01,1.15862800e+01,9.08965000e+00,7.65959800e+00,9.08965000e+00,1.15862800e+01,1.27413800e+01,1.31509600e+01,1.37023500e+01,1.59061100e+01,1.51183100e+01,1.48535400e+01
1.42566080e+06,-7.67903800e+00,1.48544000e+01,1.51207500e+01,1.59137800e+01,1.36748000e+01,1.31572400e+01,1.27448900e+01,1.15886100e+01,9.09129400e+00,7.66108600e+00,9.09129400e+00,1.15886100e+01,1.27448900e+01,1.31572400e+01,1.36748000e+01,1.59137800e+01,1.51207500e+01,1.48544000e+01
1.42966080e+06,-7.67497100e+00,1.48552700e+01,1.51232100e+01,1.59215900e+01,1.36478500e+01,1.31636100e+01,1.27484300e+01,1.15909500e+01,9.09293900e+00,7.66257400e+00,9.09293900e+00,1.15909500e+01,1.27484300e+01,1.31636100e+01,1.36478500e+01,1.59215900e+01,1.51232100e+01,1.48552700e+01
1.43366080e+06,-7.67153000e+00,1.48561400e+01,1.51256800e+01,1.59295300e+01,1.36216000e+01,1.31700700e+01,1.27519700e+01,1.15932900e+01,9.09458500e+00,7.66406200e+00,9.09458500e+00,1.15932900e+01,1.27519700e+01,1.31700700e+01,1.36216000e+01,1.59295300e+01,1.51256800e+01,1.48561400e+01
1.43766080e+06,-7.66881000e+00,1.48570200e+01,1.51281700e+01,1.59375900e+01,1.35961600e+01,1.31765900e+01,1.27555400e+01,1.15956400e+01,9.09623300e+00,7.66555000e+00,9.09623300e+00,1.15956400e+01,1.27555400e+01,1.31765900e+01,1.35961600e+01,1.59375900e+01,1.51281700e+01,1.48570200e+01
1.44166080e+06,-7.66691100e+00,1.48579100e+01,1.51306700e+01,1.59457700e+01,1.35716100e+01,1.31831800e+01,1.27591200e+01,1.15980000e+01,9.09788100e+00,7.66703700e+00,9.09788100e+00,1.15980000e+01,1.27591200e+01,1.31831800e+01,1.35716100e+01,1.59457700e+01,1.51306700e+01,1.48579100e+01
1.44566080e+06,-7.66593700e+00,1.48588000e+01,1.51331700e+01,1.59540400e+01,1.35480500e+01,1.31898100e+01,1.27627000e+01,1.16003700e+01,9.09953000e+00,7.66852400e+00,9.09953000e+00,1.16003700e+01,1.27627000e+01,1.31898100e+01,1.35480500e+01,1.59540400e+01,1.51331700e+01,1.48588000e+01
1.44966080e+06,-7.66599500e+00,1.48596900e+01,1.51356800e+01,1.59623900e+01,1.35255400e+01,1.31964700e+01,1.27663000e+01,1.16027500e+01,9.10118000e+00,7.67001000e+00,9.10118000e+00,1.16027500e+01,1.27663000e+01,1.31964700e+01,1.35255400e+01,1.59623900e+01,1.51356800e+01,1.48596900e+01
1.45366080e+06,-7.66718800e+00,1.48605900e+01,1.51381900e+01,1.59708100e+01,1.35041100e+01,1.32031300e+01,1.27699000e+01,1.16051300e+01,9.10283000e+00,7.67149700e+00,9.10283000e+00,1.16051300e+01,1.27699000e+01,1.32031300e+01,1.35041100e+01,1.59708100e+01,1.51381900e+01,1.48605900e+01
1.45766080e+06,-7.66961400e+00,1.48614900e+01,1.51407000e+01,1.59792500e+01,1.34837900e+01,1.32097500e+01,1.27735000e+01,1.16075200e+01,9.10448200e+00,7.67298200e+00,9.10448200e+00,1.16075200e+01,1.27735000e+01,1.32097500e+01,1.34837900e+01,1.59792500e+01,1.51407000e+01,1.48614900e+01
1.46166080e+06,-7.67336000e+00,1.48624000e+01,1.51432100e+01,1.59877100e+01,1.34645700e+01,1.32163200e+01,1.27771000e+01,1.16099100e+01,9.10613300e+00,7.67446800e+00,9.10613300e+00,1.16099100e+01,1.27771000e+01,1.32163200e+01,1.34645700e+01,1.59877100e+01,1.51432100e+01,1.48624000e+01
1.46566080e+06,-7.67849500e+00,1.48633000e+01,1.51457100e+01,1.59961300e+01,1.34464400e+01,1.32227900e+01,1.27806900e+01,1.16123100e+01,9.10778500e+00,7.67595200e+00,9.10778500e+00,1.16123100e+01,1.27806900e+01,1.32227900e+01,1.34464400e+01,1.59961300e+01,1.51457100e+01,1.48633000e+01
1.46966080e+06,-7.68506800e+00,1.48642100e+01,1.51481900e+01,1.60044900e+01,1.34293700e+01,1.32291300e+01,1.27842800e+01,1.16147100e+01,9.10943800e+00,7.67743600e+00,9.10943800e+00,1.16147100e+01,1.27842800e+01,1.32291300e+01,1.34293700e+01,1.60044900e+01,1.51481900e+01,1.48642100e+01
1.47366080e+06,-7.69309700e+00,1.48651200e+01,1.51506700e+01,1.60127500e+01,1.34132900e+01,1.32353100e+01,1.27878600e+01,1.16171200e+01,9.11109000e+00,7.67892000e+00,9.11109000e+00,1.16171200e+01,1.27878600e+01,1.32353100e+01,1.34132900e+01,1.60127500e+01,1.51506700e+01,1.48651200e+01
1.47766080e+06,-7.70150700e+00,1.48660300e+01,1.51531200e+01,1.60208800e+01,1.33981600e+01,1.32412900e+01,1.27914200e+01,1.16195400e+01,9.11274200e+00,7.68040200e+00,9.11274200e+00,1.16195400e+01,1.27914200e+01,1.32412900e+01,1.33981600e+01,1.60208800e+01,1.51531200e+01,1.48660300e+01
1.48166080e+06,-7.69613300e+00,1.48669400e+01,1.51555600e+01,1.60288500e+01,1.33839000e+01,1.32470400e+01,1.27949700e+01,1.16219500e+01,9.11439400e+00,7.68188400e+00,9.11439400e+00,1.16219500e+01,1.27949700e+01,1.32470400e+01,1.33839000e+01,1.60288500e+01,1.51555600e+01,1.48669400e+01
1.48566080e+06,-7.69115700e+00,1.48678500e+01,1.51579800e+01,1.60366200e+01,1.33704400e+01,1.32525400e+01,1.27985000e+01,1.16243700e+01,9.11604500e+00,7.68336500e+00,9.11604500e+00,1.16243700e+01,1.27985000e+01,1.32525400e+01,1.33704400e+01,1.60366200e+01,1.51579800e+01,1.48678500e+01
1.48966080e+06,-7.68659300e+00,1.48687500e+01,1.51603800e+01,1.60441800e+01,1.33577200e+01,1.32577600e+01,1.28020200e+01,1.16268000e+01,9.11769600e+00,7.68484400e+00,9.11769600e+00,1.16268000e+01,1.28020200e+01,1.32577600e+01,1.33577200e+01,1.60441800e+01,1.51603800e+01,1.48687500e+01
1.49366080e+06,-7.68244800e+00,1.48696600e+01,1.51627500e+01,1.60515100e+01,1.33456900e+01,1.32626800e+01,1.28055200e+01,1.16292300e+01,9.11934700e+00,7.68632300e+00,9.11934700e+00,1.16292300e+01,1.28055200e+01,1.32626800e+01,1.33456900e+01,1.60515100e+01,1.51627500e+01,1.48696600e+01
1.49766080e+06,-7.67872400e+00,1.48705600e+01,1.51651000e+01,1.60585900e+01,1.33342700e+01,1.32673000e+01,1.28090000e+01,1.16316500e+01,9.12099700e+00,7.68780100e+00,9.12099700e+00,1.16316500e+01,1.28090000e+01,1.32673000e+01,1.33342700e+01,1.60585900e+01,1.51651000e+01,1.48705600e+01
1.50166080e+06,-7.67541800e+00,1.48714700e+01,1.51674200e+01,1.60654100e+01,1.33234200e+01,1.32716000e+01,1.28124600e+01,1.16340900e+01,9.12264600e+00,7.68927700e+00,9.12264600e+00,1.16340900e+01,1.28124600e+01,1.32716000e+01,1.33234200e+01,1.60654100e+01,1.51674200e+01,1.48714700e+01
1.50566080e+06,-7.67252100e+00,1.48723700e+01,1.51697200e+01,1.60719700e+01,1.33131100e+01,1.32756000e+01,1.28159000e+01,1.16365200e+01,9.12429500e+00,7.69075300e+00,9.12429500e+00,1.16365200e+01,1.28159000e+01,1.32756000e+01,1.33131100e+01,1.60719700e+01,1.51697200e+01,1.48723700e+01
1.50966080e+06,-7.67002300e+00,1.48732700e+01,1.51720000e+01,1.60782700e+01,1.33032900e+01,1.32792800e+01,1.28193300e+01,1.16389600e+01,9.12594400e+00,7.69222800e+00,9.12594400e+00,1.16389600e+01,1.28193300e+01,1.32792800e+01,1.33032900e+01,1.60782700e+01,1.51720000e+01,1.48732700e+01
1.51366080e+06,-7.66791400e+00,1.48741600e+01,1.51742600e+01,1.60843200e+01,1.32939400e+01,1.32826700e+01,1.28227500e+01,1.16414000e+01,9.12759300e+00,7.69370300e+00,9.12759300e+00,1.16414000e+01,1.28227500e+01,1.32826700e+01,1.32939400e+01,1.60843200e+01,1.51742600e+01,1.48741600e+01
1.51766080e+06,-7.66618000e+00,1.48750600e+01,1.51764900e+01,1.60901100e+01,1.32850200e+01,1.32857700e+01,1.28261500e+01,1.16438400e+01,9.12924100e+00,7.69517700e+00,9.12924100e+00,1.16438400e+01,1.28261500e+01,1.32857700e+01,1.32850200e+01,1.60901100e+01,1.51764900e+01,1.48750600e+01
1.52166080e+06,-7.66481300e+00,1.48759500e+01,1.51787100e+01,1.60956600e+01,1.32765300e+01,1.32885900e+01,1.28295400e+01,1.16462900e+01,9.13089000e+00,7.69665000e+00,9.13089000e+00,1.16462900e+01,1.28295400e+01,1.32885900e+01,1.32765300e+01,1.60956600e+01,1.51787100e+01,1.48759500e+01
1.52566080e+06,-7.66380400e+00,1.48768500e+01,1.51809100e+01,1.61009900e+01,1.32684300e+01,1.32911500e+01,1.28329300e+01,1.16487400e+01,9.13253900e+00,7.69812400e+00,9.13253900e+00,1.16487400e+01,1.28329300e+01,1.32911500e+01,1.32684300e+01,1.61009900e+01,1.51809100e+01,1.48768500e+01
1.52966080e+06,-7.66315100e+00,1.48777400e+01,1.51830900e+01,1.61060900e+01,1.32607300e+01,1.32934700e+01,1.28363000e+01,1.16512000e+01,9.13418900e+00,7.69959700e+00,9.13418900e+00,1.16512000e+01,1.28363000e+01,1.32934700e+01,1.32607300e+01,1.61060900e+01,1.51830900e+01,1.48777400e+01
1.53366080e+06,-7.66285500e+00,1.48786300e+01,1.51852600e+01,1.61109900e+01,1.32533900e+01,1.32955500e+01,1.28396700e+01,1.16536600e+01,9.13583900e+00,7.70107000e+00,9.13583900e+00,1.16536600e+01,1.28396700e+01,1.32955500e+01,1.32533900e+01,1.61109900e+01,1.51852600e+01,1.48786300e+01
1.53766080e+06,-7.66292400e+00,1.48795200e+01,1.51874100e+01,1.61156900e+01,1.32464100e+01,1.32974200e+01,1.28430400e+01,1.16561200e+01,9.13749000e+00,7.70254400e+00,9.13749000e+00,1.16561200e+01,1.28430400e+01,1.32974200e+01,1.32464100e+01,1.61156900e+01,1.51874100e+01,1.48795200e+01
1.54166080e+06,-7.66337300e+00,1.48804100e+01,1.51895500e+01,1.61202100e+01,1.32397800e+01,1.32990900e+01,1.28464000e+01,1.16585900e+01,9.13914200e+00,7.70401800e+00,9.13914200e+00,1.16585900e+01,1.28464000e+01,1.32990900e+01,1.32397800e+01,1.61202100e+01,1.51895500e+01,1.48804100e+01
1.54566080e+06,-7.66422300e+00,1.48813100e+01,1.51916800e+01,1.61245600e+01,1.32334800e+01,1.33005700e+01,1.28497700e+01,1.16610600e+01,9.14079500e+00,7.70549200e+00,9.14079500e+00,1.16610600e+01,1.28497700e+01,1.33005700e+01,1.32334800e+01,1.61245600e+01,1.51916800e+01,1.48813100e+01
1.54966080e+06,-7.66550500e+00,1.48822000e+01,1.51938000e+01,1.61287500e+01,1.32275000e+01,1.33018700e+01,1.28531300e+01,1.16635400e+01,9.14244900e+00,7.70696700e+00,9.14244900e+00,1.16635400e+01,1.28531300e+01,1.33018700e+01,1.32275000e+01,1.61287500e+01,1.51938000e+01,1.48822000e+01
1.55366080e+06,-7.66725700e+00,1.48830900e+01,1.51959100e+01,1.61327800e+01,1.32218400e+01,1.33030100e+01,1.28565000e+01,1.16660300e+01,9.14410500e+00,7.70844200e+00,9.14410500e+00,1.16660300e+01,1.28565000e+01,1.33030100e+01,1.32218400e+01,1.61327800e+01,1.51959100e+01,1.48830900e+01
1.55766080e+06,-7.66952400e+00,1.48839800e+01,1.51980100e+01,1.61366800e+01,1.32164700e+01,1.33040100e+01,1.28598700e+01,1.16685100e+01,9.14576100e+00,7.70991800e+00,9.14576100e+00,1.16685100e+01,1.28598700e+01,1.33040100e+01,1.32164700e+01,1.61366800e+01,1.51980100e+01,1.48839800e+01
1.56166080e+06,-7.67235900e+00,1.48848800e+01,1.52001100e+01,1.61404300e+01,1.32114000e+01,1.33048600e+01,1.28632400e+01,1.16710100e+01,9.14741900e+00,7.71139400e+00,9.14741900e+00,1.16710100e+01,1.28632400e+01,1.33048600e+01,1.32114000e+01,1.61404300e+01,1.52001100e+01,1.48848800e+01
1.56566080e+06,-7.67582400e+00,1.48857700e+01,1.52022000e+01,1.61440600e+01,1.32065900e+01,1.33055800e+01,1.28666200e+01,1.16735100e+01,9.14907900e+00,7.71287100e+00,9.14907900e+00,1.16735100e+01,1.28666200e+01,1.33055800e+01,1.32065900e+01,1.61440600e+01,1.52022000e+01,1.48857700e+01
1.56966080e+06,-7.67998100e+00,1.48866700e+01,1.52042800e+01,1.61475700e+01,1.32020500e+01,1.33061800e+01,1.28699900e+01,1.16760100e+01,9.15073900e+00,7.71434900e+00,9.15073900e+00,1.16760100e+01,1.28699900e+01,1.33061800e+01,1.32020500e+01,1.61475700e+01,1.52042800e+01,1.48866700e+01
1.57366080e+06,-7.68489700e+00,1.48875600e+01,1.52063600e+01,1.61509500e+01,1.31977700e+01,1.33066500e+01,1.28733800e+01,1.16785200e+01,9.15240100e+00,7.71582600e+00,9.15240100e+00,1.16785200e+01,1.28733800e+01,1.33066500e+01,1.31977700e+01,1.61509500e+01,1.52063600e+01,1.48875600e+01
1.57766080e+06,-7.69063700e+00,1.48884600e+01,1.52084300e+01,1.61542300e+01,1.31937200e+01,1.33070200e+01,1.28767600e+01,1.16810400e+01,9.15406300e+00,7.71730500e+00,9.15406300e+00,1.16810400e+01,1.28767600e+01,1.33070200e+01,1.31937200e+01,1.61542300e+01,1.52084300e+01,1.48884600e+01
1.58166080e+06,-7.69726300e+00,1.48893500e+01,1.52105000e+01,1.61573900e+01,1.31898900e+01,1.33072800e+01,1.28801500e+01,1.16835500e+01,9.15572700e+00,7.71878300e+00,9.15572700e+00,1.16835500e+01,1.28801500e+01,1.33072800e+01,1.31898900e+01,1.61573900e+01,1.52105000e+01,1.48893500e+01
1.58566080e+06,-7.70482700e+00,1.48902500e+01,1.52125600e+01,1.61604500e+01,1.31862900e+01,1.33074400e+01,1.28835400e+01,1.16860800e+01,9.15739100e+00,7.72026100e+00,9.15739100e+00,1.16860800e+01,1.28835400e+01,1.33074400e+01,1.31862900e+01,1.61604500e+01,1.52125600e+01,1.48902500e+01
1.58966080e+06,-7.71336600e+00,1.48911400e+01,1.52146100e+01,1.61634000e+01,1.31828800e+01,1.33074900e+01,1.28869300e+01,1.16886000e+01,9.15905500e+00,7.72174000e+00,9.15905500e+00,1.16886000e+01,1.28869300e+01,1.33074900e+01,1.31828800e+01,1.61634000e+01,1.52146100e+01,1.48911400e+01
1.59366080e+06,-7.72290300e+00,1.48920300e+01,1.52166600e+01,1.61662500e+01,1.31796600e+01,1.33074500e+01,1.28903200e+01,1.16911300e+01,9.16072000e+00,7.72321800e+00,9.16072000e+00,1.16911300e+01,1.28903200e+01,1.33074500e+01,1.31796600e+01,1.61662500e+01,1.52166600e+01,1.48920300e+01
1.59766080e+06,-7.72791700e+00,1.48929200e+01,1.52187000e+01,1.61689900e+01,1.31766200e+01,1.33073100e+01,1.28937100e+01,1.16936600e+01,9.16238500e+00,7.72469500e+00,9.16238500e+00,1.16936600e+01,1.28937100e+01,1.33073100e+01,1.31766200e+01,1.61689900e+01,1.52187000e+01,1.48929200e+01
1.60166080e+06,-7.72358400e+00,1.48938100e+01,1.52207300e+01,1.61716300e+01,1.31737500e+01,1.33070800e+01,1.28971000e+01,1.16962000e+01,9.16404900e+00,7.72617200e+00,9.16404900e+00,1.16962000e+01,1.28971000e+01,1.33070800e+01,1.31737500e+01,1.61716300e+01,1.52207300e+01,1.48938100e+01
1.60566080e+06,-7.71957200e+00,1.48947000e+01,1.52227500e+01,1.61741700e+01,1.31710200e+01,1.33067600e+01,1.29004800e+01,1.16987300e+01,9.16571300e+00,7.72764800e+00,9.16571300e+00,1.16987300e+01,1.29004800e+01,1.33067600e+01,1.31710200e+01,1.61741700e+01,1.52227500e+01,1.48947000e+01
1.60966080e+06,-7.71588200e+00,1.48955900e+01,1.52247700e+01,1.61766100e+01,1.31684400e+01,1.33063400e+01,1.29038500e+01,1.17012700e+01,9.16737700e+00,7.72912300e+00,9.16737700e+00,1.17012700e+01,1.29038500e+01,1.33063400e+01,1.31684400e+01,1.61766100e+01,1.52247700e+01,1.48955900e+01
1.61366080e+06,-7.71251200e+00,1.48964700e+01,1.52267700e+01,1.61789500e+01,1.31659900e+01,1.33058300e+01,1.29072200e+01,1.17038100e+01,9.16904000e+00,7.73059700e+00,9.16904000e+00,1.17038100e+01,1.29072200e+01,1.33058300e+01,1.31659900e+01,1.61789500e+01,1.52267700e+01,1.48964700e+01
1.61766080e+06,-7.70945400e+00,1.48973500e+01,1.52287700e+01,1.61811800e+01,1.31636700e+01,1.33052300e+01,1.29105800e+01,1.17063500e+01,9.17070100e+00,7.73206900e+00,9.17070100e+00,1.17063500e+01,1.29105800e+01,1.33052300e+01,1.31636700e+01,1.61811800e+01,1.52287700e+01,1.48973500e+01
1.62166080e+06,-7.70670000e+00,1.48982300e+01,1.52307500e+01,1.61833100e+01,1.31614500e+01,1.33045400e+01,1.29139300e+01,1.17088900e+01,9.17236200e+00,7.73354100e+00,9.17236200e+00,1.17088900e+01,1.29139300e+01,1.33045400e+01,1.31614500e+01,1.61833100e+01,1.52307500e+01,1.48982300e+01
1.62566080e+06,-7.70423400e+00,1.48991000e+01,1.52327300e+01,1.61853500e+01,1.31593400e+01,1.33037700e+01,1.29172700e+01,1.17114300e+01,9.17402200e+00,7.73501000e+00,9.17402200e+00,1.17114300e+01,1.29172700e+01,1.33037700e+01,1.31593400e+01,1.61853500e+01,1.52327300e+01,1.48991000e+01
1.62966080e+06,-7.70204300e+00,1.48999800e+01,1.52347000e+01,1.61872800e+01,1.31573300e+01,1.33029000e+01,1.29206000e+01,1.17139700e+01,9.17568000e+00,7.73647900e+00,9.17568000e+00,1.17139700e+01,1.29206000e+01,1.33029000e+01,1.31573300e+01,1.61872800e+01,1.52347000e+01,1.48999800e+01
1.63366080e+06,-7.70010900e+00,1.49008500e+01,1.52366600e+01,1.61891100e+01,1.31554000e+01,1.33019600e+01,1.29239200e+01,1.17165100e+01,9.17733800e+00,7.73794600e+00,9.17733800e+00,1.17165100e+01,1.29239200e+01,1.33019600e+01,1.31554000e+01,1.61891100e+01,1.52366600e+01,1.49008500e+01
1.63766080e+06,-7.69841100e+00,1.49017100e+01,1.52386100e+01,1.61908500e+01,1.31535600e+01,1.33009300e+01,1.29272200e+01,1.17190600e+01,9.17899400e+00,7.73941100e+00,9.17899400e+00,1.17190600e+01,1.29272200e+01,1.33009300e+01,1.31535600e+01,1.61908500e+01,1.52386100e+01,1.49017100e+01
1.64166080e+06,-7.69693100e+00,1.49025800e+01,1.52405500e+01,1.61924900e+01,1.31517900e+01,1.32998300e+01,1.29305200e+01,1.17216000e+01,9.18064900e+00,7.74087600e+00,9.18064900e+00,1.17216000e+01,1.29305200e+01,1.32998300e+01,1.31517900e+01,1.61924900e+01,1.52405500e+01,1.49025800e+01
1.64566080e+06,-7.69564800e+00,1.49034400e+01,1.52424800e+01,1.61940300e+01,1.31501000e+01,1.32986500e+01,1.29338000e+01,1.17241400e+01,9.18230300e+00,7.74233800e+00,9.18230300e+00,1.17241400e+01,1.29338000e+01,1.32986500e+01,1.31501000e+01,1.61940300e+01,1.52424800e+01,1.49034400e+01
1.64966080e+06,-7.69454100e+00,1.49043000e+01,1.52444100e+01,1.61954900e+01,1.31484700e+01,1.32973900e+01,1.29370600e+01,1.17266800e+01,9.18395700e+00,7.74380000e+00,9.18395700e+00,1.17266800e+01,1.29370600e+01,1.32973900e+01,1.31484700e+01,1.61954900e+01,1.52444100e+01,1.49043000e+01
1.65366080e+06,-7.69359400e+00,1.49051600e+01,1.52463300e+01,1.61968500e+01,1.31469100e+01,1.32960700e+01,1.29403200e+01,1.17292300e+01,9.18560900e+00,7.74526100e+00,9.18560900e+00,1.17292300e+01,1.29403200e+01,1.32960700e+01,1.31469100e+01,1.61968500e+01,1.52463300e+01,1.49051600e+01
1.65766080e+06,-7.69278600e+00,1.49060200e+01,1.52482500e+01,1.61981200e+01,1.31454100e+01,1.32946800e+01,1.29435600e+01,1.17317700e+01,9.18726200e+00,7.74672000e+00,9.18726200e+00,1.17317700e+01,1.29435600e+01,1.32946800e+01,1.31454100e+01,1.61981200e+01,1.52482500e+01,1.49060200e+01
1.66166080e+06,-7.69210200e+00,1.49068800e+01,1.52501600e+01,1.61993000e+01,1.31439700e+01,1.32932200e+01,1.29467800e+01,1.17343200e+01,9.18891300e+00,7.74817900e+00,9.18891300e+00,1.17343200e+01,1.29467800e+01,1.32932200e+01,1.31439700e+01,1.61993000e+01,1.52501600e+01,1.49068800e+01
1.66566080e+06,-7.69152700e+00,1.49077400e+01,1.52520600e+01,1.62004000e+01,1.31425800e+01,1.32917100e+01,1.29499900e+01,1.17368700e+01,9.19056400e+00,7.74963700e+00,9.19056400e+00,1.17368700e+01,1.29499900e+01,1.32917100e+01,1.31425800e+01,1.62004000e+01,1.52520600e+01,1.49077400e+01
1.66966080e+06,-7.69104700e+00,1.49085900e+01,1.52539700e+01,1.62014100e+01,1.31412400e+01,1.32901300e+01,1.29531900e+01,1.17394200e+01,9.19221500e+00,7.75109400e+00,9.19221500e+00,1.17394200e+01,1.29531900e+01,1.32901300e+01,1.31412400e+01,1.62014100e+01,1.52539700e+01,1.49085900e+01
1.67366080e+06,-7.69065300e+00,1.49094500e+01,1.52558700e+01,1.62023500e+01,1.31399600e+01,1.32885100e+01,1.29563800e+01,1.17419700e+01,9.19386600e+00,7.75255100e+00,9.19386600e+00,1.17419700e+01,1.29563800e+01,1.32885100e+01,1.31399600e+01,1.62023500e+01,1.52558700e+01,1.49094500e+01
1.67766080e+06,-7.69033400e+00,1.49103000e+01,1.52577600e+01,1.62032000e+01,1.31387200e+01,1.32868300e+01,1.29595500e+01,1.17445300e+01,9.19551700e+00,7.75400800e+00,9.19551700e+00,1.17445300e+01,1.29595500e+01,1.32868300e+01,1.31387200e+01,1.62032000e+01,1.52577600e+01,1.49103000e+01
1.68166080e+06,-7.69008300e+00,1.49111600e+01,1.52596600e+01,1.62039700e+01,1.31375300e+01,1.32851100e+01,1.29627100e+01,1.17470800e+01,9.19716900e+00,7.75546400e+00,9.19716900e+00,1.17470800e+01,1.29627100e+01,1.32851100e+01,1.31375300e+01,1.62039700e+01,1.52596600e+01,1.49111600e+01
1.68566080e+06,-7.68989700e+00,1.49120100e+01,1.52615500e+01,1.62046600e+01,1.31363900e+01,1.32833500e+01,1.29658600e+01,1.17496400e+01,9.19882000e+00,7.75692000e+00,9.19882000e+00,1.17496400e+01,1.29658600e+01,1.32833500e+01,1.31363900e+01,1.62046600e+01,1.52615500e+01,1.49120100e+01
1.68966080e+06,-7.68977200e+00,1.49128700e+01,1.52634500e+01,1.62052800e+01,1.31352900e+01,1.32815500e+01,1.29689900e+01,1.17522000e+01,9.20047300e+00,7.75837700e+00,9.20047300e+00,1.17522000e+01,1.29689900e+01,1.32815500e+01,1.31352900e+01,1.62052800e+01,1.52634500e+01,1.49128700e+01
1.69366080e+06,-7.68970900e+00,1.49137200e+01,1.52653400e+01,1.62058300e+01,1.31342400e+01,1.32797100e+01,1.29721100e+01,1.17547700e+01,9.20212500e+00,7.75983300e+00,9.20212500e+00,1.17547700e+01,1.29721100e+01,1.32797100e+01,1.31342400e+01,1.62058300e+01,1.52653400e+01,1.49137200e+01
1.69766080e+06,-7.68971200e+00,1.49145800e+01,1.52672400e+01,1.62063100e+01,1.31332300e+01,1.32778400e+01,1.29752200e+01,1.17573300e+01,9.20377900e+00,7.76128900e+00,9.20377900e+00,1.17573300e+01,1.29752200e+01,1.32778400e+01,1.31332300e+01,1.62063100e+01,1.52672400e+01,1.49145800e+01
1.70166080e+06,-7.68978600e+00,1.49154400e+01,1.52691400e+01,1.62067100e+01,1.31322600e+01,1.32759400e+01,1.29783100e+01,1.17599000e+01,9.20543400e+00,7.76274600e+00,9.20543400e+00,1.17599000e+01,1.29783100e+01,1.32759400e+01,1.31322600e+01,1.62067100e+01,1.52691400e+01,1.49154400e+01
1.70566080e+06,-7.68993900e+00,1.49163000e+01,1.52710300e+01,1.62070500e+01,1.31313400e+01,1.32740200e+01,1.29813900e+01,1.17624800e+01,9.20708900e+00,7.76420400e+00,9.20708900e+00,1.17624800e+01,1.29813900e+01,1.32740200e+01,1.31313400e+01,1.62070500e+01,1.52710300e+01,1.49163000e+01
1.70966080e+06,-7.69018400e+00,1.49171600e+01,1.52729300e+01,1.62073100e+01,1.31304500e+01,1.32720700e+01,1.29844600e+01,1.17650600e+01,9.20874600e+00,7.76566100e+00,9.20874600e+00,1.17650600e+01,1.29844600e+01,1.32720700e+01,1.31304500e+01,1.62073100e+01,1.52729300e+01,1.49171600e+01
1.71366080e+06,-7.69053600e+00,1.49180300e+01,1.52748400e+01,1.62075200e+01,1.31296100e+01,1.32701100e+01,1.29875200e+01,1.17676400e+01,9.21040400e+00,7.76712000e+00,9.21040400e+00,1.17676400e+01,1.29875200e+01,1.32701100e+01,1.31296100e+01,1.62075200e+01,1.52748400e+01,1.49180300e+01
1.71766080e+06,-7.69101400e+00,1.49188900e+01,1.52767400e+01,1.62076500e+01,1.31288000e+01,1.32681200e+01,1.29905600e+01,1.17702200e+01,9.21206300e+00,7.76857900e+00,9.21206300e+00,1.17702200e+01,1.29905600e+01,1.32681200e+01,1.31288000e+01,1.62076500e+01,1.52767400e+01,1.49188900e+01
1.72166080e+06,-7.69164300e+00,1.49197600e+01,1.52786500e+01,1.62077200e+01,1.31280400e+01,1.32661300e+01,1.29935900e+01,1.17728100e+01,9.21372300e+00,7.77003900e+00,9.21372300e+00,1.17728100e+01,1.29935900e+01,1.32661300e+01,1.31280400e+01,1.62077200e+01,1.52786500e+01,1.49197600e+01
1.72566080e+06,-7.69245000e+00,1.49206300e+01,1.52805700e+01,1.62077300e+01,1.31273100e+01,1.32641200e+01,1.29966100e+01,1.17754000e+01,9.21538500e+00,7.77149900e+00,9.21538500e+00,1.17754000e+01,1.29966100e+01,1.32641200e+01,1.31273100e+01,1.62077300e+01,1.52805700e+01,1.49206300e+01
1.72966080e+06,-7.69346700e+00,1.49215000e+01,1.52824800e+01,1.62076800e+01,1.31266200e+01,1.32621000e+01,1.29996200e+01,1.17780000e+01,9.21704800e+00,7.77296000e+00,9.21704800e+00,1.17780000e+01,1.29996200e+01,1.32621000e+01,1.31266200e+01,1.62076800e+01,1.52824800e+01,1.49215000e+01
1.73366080e+06,-7.69473100e+00,1.49223700e+01,1.52844000e+01,1.62075600e+01,1.31259600e+01,1.32600800e+01,1.30026100e+01,1.17806000e+01,9.21871200e+00,7.77442200e+00,9.21871200e+00,1.17806000e+01,1.30026100e+01,1.32600800e+01,1.31259600e+01,1.62075600e+01,1.52844000e+01,1.49223700e+01
1.73766080e+06,-7.69628600e+00,1.49232400e+01,1.52863300e+01,1.62073800e+01,1.31253400e+01,1.32580500e+01,1.30055900e+01,1.17832000e+01,9.22037800e+00,7.77588400e+00,9.22037800e+00,1.17832000e+01,1.30055900e+01,1.32580500e+01,1.31253400e+01,1.62073800e+01,1.52863300e+01,1.49232400e+01
1.74166080e+06,-7.69817900e+00,1.49241200e+01,1.52882600e+01,1.62071500e+01,1.31247500e+01,1.32560200e+01,1.30085600e+01,1.17858100e+01,9.22204400e+00,7.77734700e+00,9.22204400e+00,1.17858100e+01,1.30085600e+01,1.32560200e+01,1.31247500e+01,1.62071500e+01,1.52882600e+01,1.49241200e+01
1.74566080e+06,-7.70046100e+00,1.49250000e+01,1.52901900e+01,1.62068500e+01,1.31242000e+01,1.32539800e+01,1.30115100e+01,1.17884200e+01,9.22371200e+00,7.77881000e+00,9.22371200e+00,1.17884200e+01,1.30115100e+01,1.32539800e+01,1.31242000e+01,1.62068500e+01,1.52901900e+01,1.49250000e+01
1.74966080e+06,-7.70319000e+00,1.49258800e+01,1.52921300e+01,1.62064900e+01,1.31236800e+01,1.32519500e+01,1.30144500e+01,1.17910400e+01,9.22538100e+00,7.78027300e+00,9.22538100e+00,1.17910400e+01,1.30144500e+01,1.32519500e+01,1.31236800e+01,1.62064900e+01,1.52921300e+01,1.49258800e+01
1.75366080e+06,-7.70642600e+00,1.49267600e+01,1.52940700e+01,1.62060700e+01,1.31231900e+01,1.32499300e+01,1.30173800e+01,1.17936500e+01,9.22705000e+00,7.78173700e+00,9.22705000e+00,1.17936500e+01,1.30173800e+01,1.32499300e+01,1.31231900e+01,1.62060700e+01,1.52940700e+01,1.49267600e+01
1.75766080e+06,-7.71023000e+00,1.49276500e+01,1.52960200e+01,1.62055900e+01,1.31227300e+01,1.32479000e+01,1.30202900e+01,1.17962700e+01,9.22872000e+00,7.78320000e+00,9.22872000e+00,1.17962700e+01,1.30202900e+01,1.32479000e+01,1.31227300e+01,1.62055900e+01,1.52960200e+01,1.49276500e+01
1.76166080e+06,-7.71466600e+00,1.49285300e+01,1.52979700e+01,1.62050600e+01,1.31223000e+01,1.32458800e+01,1.30231900e+01,1.17989000e+01,9.23039000e+00,7.78466300e+00,9.23039000e+00,1.17989000e+01,1.30231900e+01,1.32458800e+01,1.31223000e+01,1.62050600e+01,1.52979700e+01,1.49285300e+01
1.76566080e+06,-7.71979500e+00,1.49294200e+01,1.52999200e+01,1.62044600e+01,1.31219000e+01,1.32438700e+01,1.30260700e+01,1.18015200e+01,9.23206000e+00,7.78612600e+00,9.23206000e+00,1.18015200e+01,1.30260700e+01,1.32438700e+01,1.31219000e+01,1.62044600e+01,1.52999200e+01,1.49294200e+01
1.76966080e+06,-7.72567300e+00,1.49303000e+01,1.53018800e+01,1.62038000e+01,1.31215200e+01,1.32418600e+01,1.30289300e+01,1.18041500e+01,9.23372900e+00,7.78758800e+00,9.23372900e+00,1.18041500e+01,1.30289300e+01,1.32418600e+01,1.31215200e+01,1.62038000e+01,1.53018800e+01,1.49303000e+01
1.77366080e+06,-7.73235100e+00,1.49311900e+01,1.53038400e+01,1.62030800e+01,1.31211700e+01,1.32398600e+01,1.30317700e+01,1.18067800e+01,9.23539900e+00,7.78904900e+00,9.23539900e+00,1.18067800e+01,1.30317700e+01,1.32398600e+01,1.31211700e+01,1.62030800e+01,1.53038400e+01,1.49311900e+01
1.77766080e+06,-7.73986700e+00,1.49320800e+01,1.53058100e+01,1.62022900e+01,1.31208400e+01,1.32378700e+01,1.30346000e+01,1.18094100e+01,9.23706700e+00,7.79050800e+00,9.23706700e+00,1.18094100e+01,1.30346000e+01,1.32378700e+01,1.31208400e+01,1.62022900e+01,1.53058100e+01,1.49320800e+01
1.78166080e+06,-7.73898400e+00,1.49329700e+01,1.53077800e+01,1.62014500e+01,1.31205300e+01,1.32358800e+01,1.30374100e+01,1.18120400e+01,9.23873400e+00,7.79196600e+00,9.23873400e+00,1.18120400e+01,1.30374100e+01,1.32358800e+01,1.31205300e+01,1.62014500e+01,1.53077800e+01,1.49329700e+01
1.78566080e+06,-7.73759300e+00,1.49338600e+01,1.53097400e+01,1.62005400e+01,1.31202400e+01,1.32339100e+01,1.30402000e+01,1.18146700e+01,9.24040000e+00,7.79342200e+00,9.24040000e+00,1.18146700e+01,1.30402000e+01,1.32339100e+01,1.31202400e+01,1.62005400e+01,1.53097400e+01,1.49338600e+01
1.78966080e+06,-7.73628000e+00,1.49347500e+01,1.53117200e+01,1.61995700e+01,1.31199600e+01,1.32319400e+01,1.30429700e+01,1.18173000e+01,9.24206400e+00,7.79487600e+00,9.24206400e+00,1.18173000e+01,1.30429700e+01,1.32319400e+01,1.31199600e+01,1.61995700e+01,1.53117200e+01,1.49347500e+01
1.79366080e+06,-7.73504200e+00,1.49356400e+01,1.53136900e+01,1.61985300e+01,1.31197100e+01,1.32299800e+01,1.30457200e+01,1.18199300e+01,9.24372700e+00,7.79632800e+00,9.24372700e+00,1.18199300e+01,1.30457200e+01,1.32299800e+01,1.31197100e+01,1.61985300e+01,1.53136900e+01,1.49356400e+01
1.79766080e+06,-7.73387600e+00,1.49365200e+01,1.53156600e+01,1.61974300e+01,1.31194600e+01,1.32280400e+01,1.30484500e+01,1.18225600e+01,9.24538700e+00,7.79777700e+00,9.24538700e+00,1.18225600e+01,1.30484500e+01,1.32280400e+01,1.31194600e+01,1.61974300e+01,1.53156600e+01,1.49365200e+01
1.80166080e+06,-7.73278000e+00,1.49374100e+01,1.53176400e+01,1.61962700e+01,1.31192300e+01,1.32261000e+01,1.30511500e+01,1.18251800e+01,9.24704400e+00,7.79922400e+00,9.24704400e+00,1.18251800e+01,1.30511500e+01,1.32261000e+01,1.31192300e+01,1.61962700e+01,1.53176400e+01,1.49374100e+01
1.80566080e+06,-7.73174700e+00,1.49382900e+01,1.53196100e+01,1.61950400e+01,1.31190200e+01,1.32241700e+01,1.30538400e+01,1.18278100e+01,9.24870000e+00,7.80066800e+00,9.24870000e+00,1.18278100e+01,1.30538400e+01,1.32241700e+01,1.31190200e+01,1.61950400e+01,1.53196100e+01,1.49382900e+01
1.80966080e+06,-7.73077300e+00,1.49391800e+01,1.53215900e+01,1.61937400e+01,1.31188100e+01,1.32222600e+01,1.30564900e+01,1.18304300e+01,9.25035200e+00,7.80210900e+00,9.25035200e+00,1.18304300e+01,1.30564900e+01,1.32222600e+01,1.31188100e+01,1.61937400e+01,1.53215900e+01,1.49391800e+01
1.81366080e+06,-7.72985400e+00,1.49400600e+01,1.53235700e+01,1.61923800e+01,1.31186200e+01,1.32203500e+01,1.30591300e+01,1.18330600e+01,9.25200200e+00,7.80354700e+00,9.25200200e+00,1.18330600e+01,1.30591300e+01,1.32203500e+01,1.31186200e+01,1.61923800e+01,1.53235700e+01,1.49400600e+01
1.81766080e+06,-7.72898200e+00,1.49409400e+01,1.53255500e+01,1.61909500e+01,1.31184300e+01,1.32184600e+01,1.30617400e+01,1.18356800e+01,9.25365000e+00,7.80498200e+00,9.25365000e+00,1.18356800e+01,1.30617400e+01,1.32184600e+01,1.31184300e+01,1.61909500e+01,1.53255500e+01,1.49409400e+01
1.82166080e+06,-7.72815500e+00,1.49418200e+01,1.53275300e+01,1.61894500e+01,1.31182600e+01,1.32165800e+01,1.30643300e+01,1.18383000e+01,9.25529400e+00,7.80641400e+00,9.25529400e+00,1.18383000e+01,1.30643300e+01,1.32165800e+01,1.31182600e+01,1.61894500e+01,1.53275300e+01,1.49418200e+01
1.82566080e+06,-7.72736800e+00,1.49427000e+01,1.53295100e+01,1.61878900e+01,1.31181000e+01,1.32147100e+01,1.30668900e+01,1.18409200e+01,9.25693600e+00,7.80784400e+00,9.25693600e+00,1.18409200e+01,1.30668900e+01,1.32147100e+01,1.31181000e+01,1.61878900e+01,1.53295100e+01,1.49427000e+01
1.82966080e+06,-7.72661800e+00,1.49435800e+01,1.53314900e+01,1.61862600e+01,1.31179400e+01,1.32128600e+01,1.30694300e+01,1.18435300e+01,9.25857600e+00,7.80927000e+00,9.25857600e+00,1.18435300e+01,1.30694300e+01,1.32128600e+01,1.31179400e+01,1.61862600e+01,1.53314900e+01,1.49435800e+01
1.83366080e+06,-7.72590300e+00,1.49444600e+01,1.53334800e+01,1.61845700e+01,1.31177900e+01,1.32110200e+01,1.30719500e+01,1.18461500e+01,9.26021300e+00,7.81069400e+00,9.26021300e+00,1.18461500e+01,1.30719500e+01,1.32110200e+01,1.31177900e+01,1.61845700e+01,1.53334800e+01,1.49444600e+01
1.83766080e+06,-7.72522200e+00,1.49453400e+01,1.53354600e+01,1.61828100e+01,1.31176600e+01,1.32091900e+01,1.30744400e+01,1.18487600e+01,9.26184700e+00,7.81211500e+00,9.26184700e+00,1.18487600e+01,1.30744400e+01,1.32091900e+01,1.31176600e+01,1.61828100e+01,1.53354600e+01,1.49453400e+01
1.84166080e+06,-7.72457900e+00,1.49462200e+01,1.53374500e+01,1.61809800e+01,1.31175300e+01,1.32073800e+01,1.30769100e+01,1.18513700e+01,9.26347900e+00,7.81353300e+00,9.26347900e+00,1.18513700e+01,1.30769100e+01,1.32073800e+01,1.31175300e+01,1.61809800e+01,1.53374500e+01,1.49462200e+01
1.84566080e+06,-7.72397500e+00,1.49471000e+01,1.53394400e+01,1.61790900e+01,1.31174100e+01,1.32055900e+01,1.30793500e+01,1.18539800e+01,9.26510900e+00,7.81494900e+00,9.26510900e+00,1.18539800e+01,1.30793500e+01,1.32055900e+01,1.31174100e+01,1.61790900e+01,1.53394400e+01,1.49471000e+01
1.84966080e+06,-7.72341700e+00,1.49479700e+01,1.53414400e+01,1.61771400e+01,1.31173000e+01,1.32038200e+01,1.30817700e+01,1.18565900e+01,9.26673700e+00,7.81636300e+00,9.26673700e+00,1.18565900e+01,1.30817700e+01,1.32038200e+01,1.31173000e+01,1.61771400e+01,1.53414400e+01,1.49479700e+01
1.85366080e+06,-7.72291300e+00,1.49488500e+01,1.53434400e+01,1.61751200e+01,1.31172000e+01,1.32020600e+01,1.30841600e+01,1.18592000e+01,9.26836300e+00,7.81777400e+00,9.26836300e+00,1.18592000e+01,1.30841600e+01,1.32020600e+01,1.31172000e+01,1.61751200e+01,1.53434400e+01,1.49488500e+01
1.85766080e+06,-7.72247500e+00,1.49497300e+01,1.53454400e+01,1.61730300e+01,1.31171200e+01,1.32003300e+01,1.30865400e+01,1.18618000e+01,9.26998700e+00,7.81918300e+00,9.26998700e+00,1.18618000e+01,1.30865400e+01,1.32003300e+01,1.31171200e+01,1.61730300e+01,1.53454400e+01,1.49497300e+01
1.86166080e+06,-7.72211700e+00,1.49506100e+01,1.53474400e+01,1.61708800e+01,1.31170400e+01,1.31986100e+01,1.30888800e+01,1.18644100e+01,9.27160900e+00,7.82059100e+00,9.27160900e+00,1.18644100e+01,1.30888800e+01,1.31986100e+01,1.31170400e+01,1.61708800e+01,1.53474400e+01,1.49506100e+01
1.86566080e+06,-7.72185700e+00,1.49514800e+01,1.53494500e+01,1.61686700e+01,1.31169700e+01,1.31969100e+01,1.30912100e+01,1.18670100e+01,9.27323000e+00,7.82199600e+00,9.27323000e+00,1.18670100e+01,1.30912100e+01,1.31969100e+01,1.31169700e+01,1.61686700e+01,1.53494500e+01,1.49514800e+01
1.86966080e+06,-7.72171500e+00,1.49523600e+01,1.53514700e+01,1.61663900e+01,1.31169100e+01,1.31952300e+01,1.30935100e+01,1.18696200e+01,9.27484900e+00,7.82339900e+00,9.27484900e+00,1.18696200e+01,1.30935100e+01,1.31952300e+01,1.31169100e+01,1.61663900e+01,1.53514700e+01,1.49523600e+01
1.87366080e+06,-7.72171800e+00,1.49532500e+01,1.53534900e+01,1.61640500e+01,1.31168600e+01,1.31935800e+01,1.30957800e+01,1.18722200e+01,9.27646700e+00,7.82480100e+00,9.27646700e+00,1.18722200e+01,1.30957800e+01,1.31935800e+01,1.31168600e+01,1.61640500e+01,1.53534900e+01,1.49532500e+01
1.87766080e+06,-7.72189300e+00,1.49541300e+01,1.53555200e+01,1.61616500e+01,1.31168200e+01,1.31919400e+01,1.30980400e+01,1.18748300e+01,9.27808400e+00,7.82620100e+00,9.27808400e+00,1.18748300e+01,1.30980400e+01,1.31919400e+01,1.31168200e+01,1.61616500e+01,1.53555200e+01,1.49541300e+01
1.88166080e+06,-7.72227600e+00,1.49550100e+01,1.53575500e+01,1.61591800e+01,1.31167900e+01,1.31903300e+01,1.31002700e+01,1.18774300e+01,9.27969900e+00,7.82759900e+00,9.27969900e+00,1.18774300e+01,1.31002700e+01,1.31903300e+01,1.31167900e+01,1.61591800e+01,1.53575500e+01,1.49550100e+01
1.88566080e+06,-7.72290400e+00,1.49559000e+01,1.53595900e+01,1.61566500e+01,1.31167800e+01,1.31887300e+01,1.31024800e+01,1.18800400e+01,9.28131400e+00,7.82899600e+00,9.28131400e+00,1.18800400e+01,1.31024800e+01,1.31887300e+01,1.31167800e+01,1.61566500e+01,1.53595900e+01,1.49559000e+01
1.88966080e+06,-7.72344400e+00,1.49567900e+01,1.53616400e+01,1.61540500e+01,1.31167700e+01,1.31871700e+01,1.31046600e+01,1.18826400e+01,9.28292800e+00,7.83039200e+00,9.28292800e+00,1.18826400e+01,1.31046600e+01,1.31871700e+01,1.31167700e+01,1.61540500e+01,1.53616400e+01,1.49567900e+01
1.89366080e+06,-7.72319800e+00,1.49576800e+01,1.53636900e+01,1.61513900e+01,1.31167800e+01,1.31856200e+01,1.31068300e+01,1.18852500e+01,9.28454000e+00,7.83178600e+00,9.28454000e+00,1.18852500e+01,1.31068300e+01,1.31856200e+01,1.31167800e+01,1.61513900e+01,1.53636900e+01,1.49576800e+01
1.89766080e+06,-7.72291800e+00,1.49585700e+01,1.53657500e+01,1.61486700e+01,1.31168000e+01,1.31841000e+01,1.31089700e+01,1.18878500e+01,9.28615200e+00,7.83317900e+00,9.28615200e+00,1.18878500e+01,1.31089700e+01,1.31841000e+01,1.31168000e+01,1.61486700e+01,1.53657500e+01,1.49585700e+01
1.90166080e+06,-7.72260500e+00,1.49594600e+01,1.53678200e+01,1.61458800e+01,1.31168300e+01,1.31826000e+01,1.31110900e+01,1.18904600e+01,9.28776300e+00,7.83457100e+00,9.28776300e+00,1.18904600e+01,1.31110900e+01,1.31826000e+01,1.31168300e+01,1.61458800e+01,1.53678200e+01,1.49594600e+01
1.90566080e+06,-7.72226000e+00,1.49603600e+01,1.53699000e+01,1.61430300e+01,1.31168700e+01,1.31811200e+01,1.31131800e+01,1.18930600e+01,9.28937400e+00,7.83596200e+00,9.28937400e+00,1.18930600e+01,1.31131800e+01,1.31811200e+01,1.31168700e+01,1.61430300e+01,1.53699000e+01,1.49603600e+01
1.90966080e+06,-7.72188400e+00,1.49612600e+01,1.53719800e+01,1.61401100e+01,1.31169200e+01,1.31796700e+01,1.31152500e+01,1.18956700e+01,9.29098400e+00,7.83735100e+00,9.29098400e+00,1.18956700e+01,1.31152500e+01,1.31796700e+01,1.31169200e+01,1.61401100e+01,1.53719800e+01,1.49612600e+01
1.91366080e+06,-7.72148300e+00,1.49621600e+01,1.53740700e+01,1.61371300e+01,1.31169800e+01,1.31782400e+01,1.31173100e+01,1.18982800e+01,9.29259300e+00,7.83873900e+00,9.29259300e+00,1.18982800e+01,1.31173100e+01,1.31782400e+01,1.31169800e+01,1.61371300e+01,1.53740700e+01,1.49621600e+01
1.91766080e+06,-7.72106300e+00,1.49630600e+01,1.53761800e+01,1.61340900e+01,1.31170600e+01,1.31768300e+01,1.31193400e+01,1.19008900e+01,9.29420100e+00,7.84012600e+00,9.29420100e+00,1.19008900e+01,1.31193400e+01,1.31768300e+01,1.31170600e+01,1.61340900e+01,1.53761800e+01,1.49630600e+01
1.92166080e+06,-7.72063200e+00,1.49639700e+01,1.53782900e+01,1.61309800e+01,1.31171400e+01,1.31754500e+01,1.31213400e+01,1.19035000e+01,9.29580900e+00,7.84151200e+00,9.29580900e+00,1.19035000e+01,1.31213400e+01,1.31754500e+01,1.31171400e+01,1.61309800e+01,1.53782900e+01,1.49639700e+01
1.92566080e+06,-7.72019900e+00,1.49648800e+01,1.53804100e+01,1.61278000e+01,1.31172400e+01,1.31740900e+01,1.31233300e+01,1.19061100e+01,9.29741600e+00,7.84289600e+00,9.29741600e+00,1.19061100e+01,1.31233300e+01,1.31740900e+01,1.31172400e+01,1.61278000e+01,1.53804100e+01,1.49648800e+01
1.92966080e+06,-7.71977700e+00,1.49657900e+01,1.53825400e+01,1.61245600e+01,1.31173500e+01,1.31727600e+01,1.31252900e+01,1.19087200e+01,9.29902200e+00,7.84427900e+00,9.29902200e+00,1.19087200e+01,1.31252900e+01,1.31727600e+01,1.31173500e+01,1.61245600e+01,1.53825400e+01,1.49657900e+01
1.93366080e+06,-7.71938100e+00,1.49667100e+01,1.53846800e+01,1.61212500e+01,1.31174700e+01,1.31714500e+01,1.31272300e+01,1.19113300e+01,9.30062700e+00,7.84566100e+00,9.30062700e+00,1.19113300e+01,1.31272300e+01,1.31714500e+01,1.31174700e+01,1.61212500e+01,1.53846800e+01,1.49667100e+01
1.93766080e+06,-7.71902700e+00,1.49676300e+01,1.53868300e+01,1.61178800e+01,1.31176000e+01,1.31701600e+01,1.31291500e+01,1.19139400e+01,9.30223100e+00,7.84704100e+00,9.30223100e+00,1.19139400e+01,1.31291500e+01,1.31701600e+01,1.31176000e+01,1.61178800e+01,1.53868300e+01,1.49676300e+01
1.94166080e+06,-7.71873600e+00,1.49685500e+01,1.53889900e+01,1.61144400e+01,1.31177500e+01,1.31689000e+01,1.31310500e+01,1.19165500e+01,9.30383400e+00,7.84841900e+00,9.30383400e+00,1.19165500e+01,1.31310500e+01,1.31689000e+01,1.31177500e+01,1.61144400e+01,1.53889900e+01,1.49685500e+01
1.94566080e+06,-7.71852900e+00,1.49694800e+01,1.53911500e+01,1.61109300e+01,1.31179000e+01,1.31676600e+01,1.31329200e+01,1.19191600e+01,9.30543600e+00,7.84979600e+00,9.30543600e+00,1.19191600e+01,1.31329200e+01,1.31676600e+01,1.31179000e+01,1.61109300e+01,1.53911500e+01,1.49694800e+01
1.94966080e+06,-7.71843300e+00,1.49704000e+01,1.53933300e+01,1.61073500e+01,1.31180700e+01,1.31664400e+01,1.31347700e+01,1.19217700e+01,9.30703600e+00,7.85117100e+00,9.30703600e+00,1.19217700e+01,1.31347700e+01,1.31664400e+01,1.31180700e+01,1.61073500e+01,1.53933300e+01,1.49704000e+01
1.95366080e+06,-7.71847600e+00,1.49713300e+01,1.53955200e+01,1.61037100e+01,1.31182400e+01,1.31652400e+01,1.31366000e+01,1.19243800e+01,9.30863600e+00,7.85254400e+00,9.30863600e+00,1.19243800e+01,1.31366000e+01,1.31652400e+01,1.31182400e+01,1.61037100e+01,1.53955200e+01,1.49713300e+01
1.95766080e+06,-7.71869200e+00,1.49722700e+01,1.53977200e+01,1.60999900e+01,1.31184300e+01,1.31640700e+01,1.31384100e+01,1.19270000e+01,9.31023400e+00,7.85391500e+00,9.31023400e+00,1.19270000e+01,1.31384100e+01,1.31640700e+01,1.31184300e+01,1.60999900e+01,1.53977200e+01,1.49722700e+01
1.96166080e+06,-7.71911500e+00,1.49732100e+01,1.53999300e+01,1.60962100e+01,1.31186300e+01,1.31629300e+01,1.31401900e+01,1.19296100e+01,9.31183100e+00,7.85528500e+00,9.31183100e+00,1.19296100e+01,1.31401900e+01,1.31629300e+01,1.31186300e+01,1.60962100e+01,1.53999300e+01,1.49732100e+01
1.96566080e+06,-7.71978600e+00,1.49741500e+01,1.54021500e+01,1.60923500e+01,1.31188400e+01,1.31618000e+01,1.31419500e+01,1.19322200e+01,9.31342600e+00,7.85665200e+00,9.31342600e+00,1.19322200e+01,1.31419500e+01,1.31618000e+01,1.31188400e+01,1.60923500e+01,1.54021500e+01,1.49741500e+01
1.96966080e+06,-7.72074800e+00,1.49750900e+01,1.54043800e+01,1.60884200e+01,1.31190600e+01,1.31607000e+01,1.31436900e+01,1.19348300e+01,9.31502000e+00,7.85801700e+00,9.31502000e+00,1.19348300e+01,1.31436900e+01,1.31607000e+01,1.31190600e+01,1.60884200e+01,1.54043800e+01,1.49750900e+01
1.97366080e+06,-7.72205100e+00,1.49760300e+01,1.54066300e+01,1.60844300e+01,1.31193000e+01,1.31596200e+01,1.31454000e+01,1.19374400e+01,9.31661200e+00,7.85938000e+00,9.31661200e+00,1.19374400e+01,1.31454000e+01,1.31596200e+01,1.31193000e+01,1.60844300e+01,1.54066300e+01,1.49760300e+01
1.97766080e+06,-7.72374300e+00,1.49769800e+01,1.54088800e+01,1.60803500e+01,1.31195400e+01,1.31585600e+01,1.31471000e+01,1.19400500e+01,9.31820300e+00,7.86074100e+00,9.31820300e+00,1.19400500e+01,1.31471000e+01,1.31585600e+01,1.31195400e+01,1.60803500e+01,1.54088800e+01,1.49769800e+01
1.98166080e+06,-7.72588100e+00,1.49779400e+01,1.54111400e+01,1.60762100e+01,1.31197900e+01,1.31575200e+01,1.31487700e+01,1.19426600e+01,9.31979200e+00,7.86210000e+00,9.31979200e+00,1.19426600e+01,1.31487700e+01,1.31575200e+01,1.31197900e+01,1.60762100e+01,1.54111400e+01,1.49779400e+01
1.98566080e+06,-7.72852000e+00,1.49788900e+01,1.54134200e+01,1.60719900e+01,1.31200500e+01,1.31565000e+01,1.31504100e+01,1.19452700e+01,9.32137900e+00,7.86345700e+00,9.32137900e+00,1.19452700e+01,1.31504100e+01,1.31565000e+01,1.31200500e+01,1.60719900e+01,1.54134200e+01,1.49788900e+01
1.98966080e+06,-7.73171800e+00,1.49798500e+01,1.54157100e+01,1.60677000e+01,1.31203300e+01,1.31555100e+01,1.31520300e+01,1.19478800e+01,9.32296400e+00,7.86481100e+00,9.32296400e+00,1.19478800e+01,1.31520300e+01,1.31555100e+01,1.31203300e+01,1.60677000e+01,1.54157100e+01,1.49798500e+01
1.99366080e+06,-7.73553300e+00,1.49808100e+01,1.54180000e+01,1.60633300e+01,1.31206100e+01,1.31545300e+01,1.31536300e+01,1.19504900e+01,9.32454800e+00,7.86616300e+00,9.32454800e+00,1.19504900e+01,1.31536300e+01,1.31545300e+01,1.31206100e+01,1.60633300e+01,1.54180000e+01,1.49808100e+01
1.99766080e+06,-7.74002000e+00,1.49817700e+01,1.54203100e+01,1.60588800e+01,1.31209000e+01,1.31535800e+01,1.31552100e+01,1.19531000e+01,9.32613000e+00,7.86751200e+00,9.32613000e+00,1.19531000e+01,1.31552100e+01,1.31535800e+01,1.31209000e+01,1.60588800e+01,1.54203100e+01,1.49817700e+01
2.00166080e+06,-7.74523100e+00,1.49827400e+01,1.54226300e+01,1.60543600e+01,1.31212100e+01,1.31526400e+01,1.31567600e+01,1.19557100e+01,9.32770900e+00,7.86885900e+00,9.32770900e+00,1.19557100e+01,1.31567600e+01,1.31526400e+01,1.31212100e+01,1.60543600e+01,1.54226300e+01,1.49827400e+01
2.00566080e+06,-7.75121000e+00,1.49837100e+01,1.54249600e+01,1.60497500e+01,1.31215200e+01,1.31517200e+01,1.31582900e+01,1.19583100e+01,9.32928700e+00,7.87020400e+00,9.32928700e+00,1.19583100e+01,1.31582900e+01,1.31517200e+01,1.31215200e+01,1.60497500e+01,1.54249600e+01,1.49837100e+01
2.00966080e+06,-7.75799300e+00,1.49846800e+01,1.54273000e+01,1.60450700e+01,1.31218400e+01,1.31508300e+01,1.31598000e+01,1.19609200e+01,9.33086300e+00,7.87154600e+00,9.33086300e+00,1.19609200e+01,1.31598000e+01,1.31508300e+01,1.31218400e+01,1.60450700e+01,1.54273000e+01,1.49846800e+01
2.01366080e+06,-7.76541300e+00,1.49856600e+01,1.54296600e+01,1.60403000e+01,1.31221700e+01,1.31499500e+01,1.31612800e+01,1.19635200e+01,9.33243600e+00,7.87288500e+00,9.33243600e+00,1.19635200e+01,1.31612800e+01,1.31499500e+01,1.31221700e+01,1.60403000e+01,1.54296600e+01,1.49856600e+01
2.01766080e+06,-7.76258100e+00,1.49866300e+01,1.54320200e+01,1.60354600e+01,1.31225100e+01,1.31490900e+01,1.31627300e+01,1.19661200e+01,9.33400700e+00,7.87422100e+00,9.33400700e+00,1.19661200e+01,1.31627300e+01,1.31490900e+01,1.31225100e+01,1.60354600e+01,1.54320200e+01,1.49866300e+01
2.02166080e+06,-7.76004200e+00,1.49876100e+01,1.54343900e+01,1.60305300e+01,1.31228500e+01,1.31482400e+01,1.31641600e+01,1.19687200e+01,9.33557500e+00,7.87555500e+00,9.33557500e+00,1.19687200e+01,1.31641600e+01,1.31482400e+01,1.31228500e+01,1.60305300e+01,1.54343900e+01,1.49876100e+01
2.02566080e+06,-7.75779500e+00,1.49885900e+01,1.54367800e+01,1.60255100e+01,1.31232100e+01,1.31474100e+01,1.31655700e+01,1.19713100e+01,9.33714100e+00,7.87688500e+00,9.33714100e+00,1.19713100e+01,1.31655700e+01,1.31474100e+01,1.31232100e+01,1.60255100e+01,1.54367800e+01,1.49885900e+01
2.02966080e+06,-7.75583700e+00,1.49895800e+01,1.54391700e+01,1.60204100e+01,1.31235700e+01,1.31466000e+01,1.31669500e+01,1.19739100e+01,9.33870400e+00,7.87821300e+00,9.33870400e+00,1.19739100e+01,1.31669500e+01,1.31466000e+01,1.31235700e+01,1.60204100e+01,1.54391700e+01,1.49895800e+01
2.03366080e+06,-7.75416200e+00,1.49905600e+01,1.54415800e+01,1.60152300e+01,1.31239300e+01,1.31458100e+01,1.31683100e+01,1.19765000e+01,9.34026500e+00,7.87953800e+00,9.34026500e+00,1.19765000e+01,1.31683100e+01,1.31458100e+01,1.31239300e+01,1.60152300e+01,1.54415800e+01,1.49905600e+01
2.03766080e+06,-7.75276300e+00,1.49915500e+01,1.54440000e+01,1.60099500e+01,1.31243100e+01,1.31450300e+01,1.31696400e+01,1.19790900e+01,9.34182300e+00,7.88085900e+00,9.34182300e+00,1.19790900e+01,1.31696400e+01,1.31450300e+01,1.31243100e+01,1.60099500e+01,1.54440000e+01,1.49915500e+01
2.04166080e+06,-7.75163100e+00,1.49925400e+01,1.54464300e+01,1.60045900e+01,1.31246900e+01,1.31442700e+01,1.31709400e+01,1.19816800e+01,9.34337800e+00,7.88217800e+00,9.34337800e+00,1.19816800e+01,1.31709400e+01,1.31442700e+01,1.31246900e+01,1.60045900e+01,1.54464300e+01,1.49925400e+01
2.04566080e+06,-7.75075400e+00,1.49935300e+01,1.54488700e+01,1.59991400e+01,1.31250800e+01,1.31435200e+01,1.31722200e+01,1.19842600e+01,9.34493100e+00,7.88349300e+00,9.34493100e+00,1.19842600e+01,1.31722200e+01,1.31435200e+01,1.31250800e+01,1.59991400e+01,1.54488700e+01,1.49935300e+01
2.04966080e+06,-7.75012000e+00,1.49945200e+01,1.54513200e+01,1.59936000e+01,1.31254800e+01,1.31427800e+01,1.31734700e+01,1.19868400e+01,9.34648000e+00,7.88480500e+00,9.34648000e+00,1.19868400e+01,1.31734700e+01,1.31427800e+01,1.31254800e+01,1.59936000e+01,1.54513200e+01,1.49945200e+01
2.05366080e+06,-7.74971200e+00,1.49955200e+01,1.54537800e+01,1.59879600e+01,1.31258800e+01,1.31420700e+01,1.31747000e+01,1.19894200e+01,9.34802700e+00,7.88611500e+00,9.34802700e+00,1.19894200e+01,1.31747000e+01,1.31420700e+01,1.31258800e+01,1.59879600e+01,1.54537800e+01,1.49955200e+01
2.05766080e+06,-7.74951600e+00,1.49965200e+01,1.54562600e+01,1.59822400e+01,1.31262900e+01,1.31413600e+01,1.31759100e+01,1.19920000e+01,9.34957200e+00,7.88742100e+00,9.34957200e+00,1.19920000e+01,1.31759100e+01,1.31413600e+01,1.31262900e+01,1.59822400e+01,1.54562600e+01,1.49965200e+01
2.06166080e+06,-7.74951200e+00,1.49975200e+01,1.54587400e+01,1.59764200e+01,1.31267100e+01,1.31406700e+01,1.31770800e+01,1.19945700e+01,9.35111300e+00,7.88872400e+00,9.35111300e+00,1.19945700e+01,1.31770800e+01,1.31406700e+01,1.31267100e+01,1.59764200e+01,1.54587400e+01,1.49975200e+01
2.06566080e+06,-7.74968500e+00,1.49985200e+01,1.54612400e+01,1.59705000e+01,1.31271300e+01,1.31399900e+01,1.31782400e+01,1.19971400e+01,9.35265200e+00,7.89002500e+00,9.35265200e+00,1.19971400e+01,1.31782400e+01,1.31399900e+01,1.31271300e+01,1.59705000e+01,1.54612400e+01,1.49985200e+01
2.06966080e+06,-7.75001500e+00,1.49995300e+01,1.54637500e+01,1.59645000e+01,1.31275600e+01,1.31393300e+01,1.31793600e+01,1.19997100e+01,9.35418900e+00,7.89132200e+00,9.35418900e+00,1.19997100e+01,1.31793600e+01,1.31393300e+01,1.31275600e+01,1.59645000e+01,1.54637500e+01,1.49995300e+01
2.07366080e+06,-7.75048300e+00,1.50005400e+01,1.54662700e+01,1.59583900e+01,1.31280000e+01,1.31386900e+01,1.31804600e+01,1.20022800e+01,9.35572300e+00,7.89261700e+00,9.35572300e+00,1.20022800e+01,1.31804600e+01,1.31386900e+01,1.31280000e+01,1.59583900e+01,1.54662700e+01,1.50005400e+01
2.07766080e+06,-7.75107300e+00,1.50015500e+01,1.54688100e+01,1.59521900e+01,1.31284500e+01,1.31380500e+01,1.31815400e+01,1.20048400e+01,9.35725500e+00,7.89390900e+00,9.35725500e+00,1.20048400e+01,1.31815400e+01,1.31380500e+01,1.31284500e+01,1.59521900e+01,1.54688100e+01,1.50015500e+01
2.08166080e+06,-7.75176600e+00,1.50025600e+01,1.54713600e+01,1.59458900e+01,1.31289000e+01,1.31374300e+01,1.31825900e+01,1.20074000e+01,9.35878400e+00,7.89519900e+00,9.35878400e+00,1.20074000e+01,1.31825900e+01,1.31374300e+01,1.31289000e+01,1.59458900e+01,1.54713600e+01,1.50025600e+01
2.08566080e+06,-7.75254600e+00,1.50035800e+01,1.54739300e+01,1.59394900e+01,1.31293600e+01,1.31368300e+01,1.31836200e+01,1.20099600e+01,9.36031100e+00,7.89648600e+00,9.36031100e+00,1.20099600e+01,1.31836200e+01,1.31368300e+01,1.31293600e+01,1.59394900e+01,1.54739300e+01,1.50035800e+01
2.08966080e+06,-7.75339600e+00,1.50046000e+01,1.54765100e+01,1.59329900e+01,1.31298400e+01,1.31362400e+01,1.31846300e+01,1.20125200e+01,9.36183700e+00,7.89777000e+00,9.36183700e+00,1.20125200e+01,1.31846300e+01,1.31362400e+01,1.31298400e+01,1.59329900e+01,1.54765100e+01,1.50046000e+01
2.09366080e+06,-7.75430200e+00,1.50056200e+01,1.54791000e+01,1.59263900e+01,1.31303200e+01,1.31356600e+01,1.31856100e+01,1.20150700e+01,9.36336000e+00,7.89905200e+00,9.36336000e+00,1.20150700e+01,1.31856100e+01,1.31356600e+01,1.31303200e+01,1.59263900e+01,1.54791000e+01,1.50056200e+01
2.09766080e+06,-7.75524800e+00,1.50066500e+01,1.54817100e+01,1.59196900e+01,1.31308100e+01,1.31351000e+01,1.31865600e+01,1.20176300e+01,9.36488200e+00,7.90033200e+00,9.36488200e+00,1.20176300e+01,1.31865600e+01,1.31351000e+01,1.31308100e+01,1.59196900e+01,1.54817100e+01,1.50066500e+01
2.10166080e+06,-7.75622200e+00,1.50076800e+01,1.54843300e+01,1.59128900e+01,1.31313100e+01,1.31345500e+01,1.31875000e+01,1.20201800e+01,9.36640100e+00,7.90161000e+00,9.36640100e+00,1.20201800e+01,1.31875000e+01,1.31345500e+01,1.31313100e+01,1.59128900e+01,1.54843300e+01,1.50076800e+01
2.10566080e+06,-7.75721200e+00,1.50087200e+01,1.54869700e+01,1.59059800e+01,1.31318200e+01,1.31340200e+01,1.31884000e+01,1.20227300e+01,9.36791900e+00,7.90288600e+00,9.36791900e+00,1.20227300e+01,1.31884000e+01,1.31340200e+01,1.31318200e+01,1.59059800e+01,1.54869700e+01,1.50087200e+01
2.10966080e+06,-7.75820600e+00,1.50097600e+01,1.54896300e+01,1.58989700e+01,1.31323400e+01,1.31335100e+01,1.31892900e+01,1.20252700e+01,9.36943600e+00,7.90416000e+00,9.36943600e+00,1.20252700e+01,1.31892900e+01,1.31335100e+01,1.31323400e+01,1.58989700e+01,1.54896300e+01,1.50097600e+01
2.11366080e+06,-7.75919400e+00,1.50108100e+01,1.54923000e+01,1.58918500e+01,1.31328700e+01,1.31330000e+01,1.31901500e+01,1.20278200e+01,9.37095100e+00,7.90543200e+00,9.37095100e+00,1.20278200e+01,1.31901500e+01,1.31330000e+01,1.31328700e+01,1.58918500e+01,1.54923000e+01,1.50108100e+01
2.11766080e+06,-7.76016700e+00,1.50118600e+01,1.54950000e+01,1.58846200e+01,1.31334200e+01,1.31325100e+01,1.31910000e+01,1.20303600e+01,9.37246500e+00,7.90670300e+00,9.37246500e+00,1.20303600e+01,1.31910000e+01,1.31325100e+01,1.31334200e+01,1.58846200e+01,1.54950000e+01,1.50118600e+01
2.12166080e+06,-7.76111700e+00,1.50129200e+01,1.54977000e+01,1.58772900e+01,1.31339700e+01,1.31320400e+01,1.31918100e+01,1.20329100e+01,9.37397800e+00,7.90797200e+00,9.37397800e+00,1.20329100e+01,1.31918100e+01,1.31320400e+01,1.31339700e+01,1.58772900e+01,1.54977000e+01,1.50129200e+01
2.12566080e+06,-7.76203700e+00,1.50139800e+01,1.55004300e+01,1.58698400e+01,1.31345400e+01,1.31315800e+01,1.31926100e+01,1.20354500e+01,9.37548900e+00,7.90923900e+00,9.37548900e+00,1.20354500e+01,1.31926100e+01,1.31315800e+01,1.31345400e+01,1.58698400e+01,1.55004300e+01,1.50139800e+01
2.12966080e+06,-7.76292000e+00,1.50150400e+01,1.55031800e+01,1.58622900e+01,1.31351200e+01,1.31311400e+01,1.31933800e+01,1.20379900e+01,9.37700000e+00,7.91050500e+00,9.37700000e+00,1.20379900e+01,1.31933800e+01,1.31311400e+01,1.31351200e+01,1.58622900e+01,1.55031800e+01,1.50150400e+01
2.13366080e+06,-7.76376100e+00,1.50161100e+01,1.55059400e+01,1.58546200e+01,1.31357100e+01,1.31307100e+01,1.31941400e+01,1.20405300e+01,9.37851000e+00,7.91176900e+00,9.37851000e+00,1.20405300e+01,1.31941400e+01,1.31307100e+01,1.31357100e+01,1.58546200e+01,1.55059400e+01,1.50161100e+01
2.13766080e+06,-7.76455600e+00,1.50171900e+01,1.55087300e+01,1.58468400e+01,1.31363100e+01,1.31303000e+01,1.31948700e+01,1.20430600e+01,9.38001900e+00,7.91303300e+00,9.38001900e+00,1.20430600e+01,1.31948700e+01,1.31303000e+01,1.31363100e+01,1.58468400e+01,1.55087300e+01,1.50171900e+01
2.14166080e+06,-7.76530000e+00,1.50182800e+01,1.55115300e+01,1.58389400e+01,1.31369300e+01,1.31299000e+01,1.31955800e+01,1.20456000e+01,9.38152700e+00,7.91429500e+00,9.38152700e+00,1.20456000e+01,1.31955800e+01,1.31299000e+01,1.31369300e+01,1.58389400e+01,1.55115300e+01,1.50182800e+01
2.14566080e+06,-7.76599000e+00,1.50193700e+01,1.55143600e+01,1.58309300e+01,1.31375600e+01,1.31295200e+01,1.31962700e+01,1.20481400e+01,9.38303500e+00,7.91555600e+00,9.38303500e+00,1.20481400e+01,1.31962700e+01,1.31295200e+01,1.31375600e+01,1.58309300e+01,1.55143600e+01,1.50193700e+01
2.14966080e+06,-7.76662600e+00,1.50204600e+01,1.55172000e+01,1.58228000e+01,1.31382100e+01,1.31291500e+01,1.31969300e+01,1.20506700e+01,9.38454200e+00,7.91681600e+00,9.38454200e+00,1.20506700e+01,1.31969300e+01,1.31291500e+01,1.31382100e+01,1.58228000e+01,1.55172000e+01,1.50204600e+01
2.15366080e+06,-7.76720500e+00,1.50215700e+01,1.55200700e+01,1.58145500e+01,1.31388700e+01,1.31288000e+01,1.31975800e+01,1.20532100e+01,9.38604900e+00,7.91807500e+00,9.38604900e+00,1.20532100e+01,1.31975800e+01,1.31288000e+01,1.31388700e+01,1.58145500e+01,1.55200700e+01,1.50215700e+01
2.15766080e+06,-7.76772700e+00,1.50226800e+01,1.55229600e+01,1.58061700e+01,1.31395400e+01,1.31284700e+01,1.31982100e+01,1.20557400e+01,9.38755500e+00,7.91933300e+00,9.38755500e+00,1.20557400e+01,1.31982100e+01,1.31284700e+01,1.31395400e+01,1.58061700e+01,1.55229600e+01,1.50226800e+01
2.16166080e+06,-7.76819200e+00,1.50237900e+01,1.55258700e+01,1.57976800e+01,1.31402300e+01,1.31281500e+01,1.31988100e+01,1.20582800e+01,9.38906200e+00,7.92059100e+00,9.38906200e+00,1.20582800e+01,1.31988100e+01,1.31281500e+01,1.31402300e+01,1.57976800e+01,1.55258700e+01,1.50237900e+01
2.16566080e+06,-7.76860200e+00,1.50249200e+01,1.55288100e+01,1.57890500e+01,1.31409400e+01,1.31278400e+01,1.31994000e+01,1.20608100e+01,9.39056800e+00,7.92184800e+00,9.39056800e+00,1.20608100e+01,1.31994000e+01,1.31278400e+01,1.31409400e+01,1.57890500e+01,1.55288100e+01,1.50249200e+01
2.16966080e+06,-7.76896000e+00,1.50260500e+01,1.55317700e+01,1.57803100e+01,1.31416600e+01,1.31275500e+01,1.31999700e+01,1.20633500e+01,9.39207400e+00,7.92310400e+00,9.39207400e+00,1.20633500e+01,1.31999700e+01,1.31275500e+01,1.31416600e+01,1.57803100e+01,1.55317700e+01,1.50260500e+01
2.17366080e+06,-7.76926800e+00,1.50271900e+01,1.55347500e+01,1.57714300e+01,1.31424000e+01,1.31272800e+01,1.32005200e+01,1.20658800e+01,9.39358100e+00,7.92436000e+00,9.39358100e+00,1.20658800e+01,1.32005200e+01,1.31272800e+01,1.31424000e+01,1.57714300e+01,1.55347500e+01,1.50271900e+01
2.17766080e+06,-7.76953000e+00,1.50283400e+01,1.55377500e+01,1.57624200e+01,1.31431500e+01,1.31270200e+01,1.32010500e+01,1.20684100e+01,9.39508700e+00,7.92561600e+00,9.39508700e+00,1.20684100e+01,1.32010500e+01,1.31270200e+01,1.31431500e+01,1.57624200e+01,1.55377500e+01,1.50283400e+01
2.18166080e+06,-7.76975200e+00,1.50294900e+01,1.55407900e+01,1.57532800e+01,1.31439200e+01,1.31267800e+01,1.32015600e+01,1.20709500e+01,9.39659400e+00,7.92687100e+00,9.39659400e+00,1.20709500e+01,1.32015600e+01,1.31267800e+01,1.31439200e+01,1.57532800e+01,1.55407900e+01,1.50294900e+01
2.18566080e+06,-7.76994000e+00,1.50306500e+01,1.55438400e+01,1.57440000e+01,1.31447100e+01,1.31265500e+01,1.32020500e+01,1.20734800e+01,9.39810100e+00,7.92812600e+00,9.39810100e+00,1.20734800e+01,1.32020500e+01,1.31265500e+01,1.31447100e+01,1.57440000e+01,1.55438400e+01,1.50306500e+01
2.18966080e+06,-7.77010200e+00,1.50318300e+01,1.55469300e+01,1.57345900e+01,1.31455100e+01,1.31263400e+01,1.32025200e+01,1.20760100e+01,9.39960800e+00,7.92938000e+00,9.39960800e+00,1.20760100e+01,1.32025200e+01,1.31263400e+01,1.31455100e+01,1.57345900e+01,1.55469300e+01,1.50318300e+01
2.19366080e+06,-7.77024700e+00,1.50330100e+01,1.55500400e+01,1.57250400e+01,1.31463400e+01,1.31261500e+01,1.32029700e+01,1.20785500e+01,9.40111600e+00,7.93063500e+00,9.40111600e+00,1.20785500e+01,1.32029700e+01,1.31261500e+01,1.31463400e+01,1.57250400e+01,1.55500400e+01,1.50330100e+01
2.19766080e+06,-7.77038600e+00,1.50342000e+01,1.55531800e+01,1.57153500e+01,1.31471800e+01,1.31259700e+01,1.32034100e+01,1.20810800e+01,9.40262500e+00,7.93189000e+00,9.40262500e+00,1.20810800e+01,1.32034100e+01,1.31259700e+01,1.31471800e+01,1.57153500e+01,1.55531800e+01,1.50342000e+01
2.20166080e+06,-7.77053000e+00,1.50353900e+01,1.55563400e+01,1.57055100e+01,1.31480400e+01,1.31258100e+01,1.32038300e+01,1.20836200e+01,9.40413400e+00,7.93314400e+00,9.40413400e+00,1.20836200e+01,1.32038300e+01,1.31258100e+01,1.31480400e+01,1.57055100e+01,1.55563400e+01,1.50353900e+01
2.20566080e+06,-7.77069400e+00,1.50366000e+01,1.55595300e+01,1.56955300e+01,1.31489200e+01,1.31256700e+01,1.32042300e+01,1.20861500e+01,9.40564400e+00,7.93439900e+00,9.40564400e+00,1.20861500e+01,1.32042300e+01,1.31256700e+01,1.31489200e+01,1.56955300e+01,1.55595300e+01,1.50366000e+01
2.20966080e+06,-7.77089300e+00,1.50378200e+01,1.55627600e+01,1.56854000e+01,1.31498200e+01,1.31255400e+01,1.32046200e+01,1.20886900e+01,9.40715400e+00,7.93565300e+00,9.40715400e+00,1.20886900e+01,1.32046200e+01,1.31255400e+01,1.31498200e+01,1.56854000e+01,1.55627600e+01,1.50378200e+01
2.21366080e+06,-7.77114400e+00,1.50390500e+01,1.55660100e+01,1.56751100e+01,1.31507400e+01,1.31254200e+01,1.32049800e+01,1.20912200e+01,9.40866600e+00,7.93690800e+00,9.40866600e+00,1.20912200e+01,1.32049800e+01,1.31254200e+01,1.31507400e+01,1.56751100e+01,1.55660100e+01,1.50390500e+01
2.21766080e+06,-7.77146900e+00,1.50402900e+01,1.55692900e+01,1.56646800e+01,1.31516800e+01,1.31253300e+01,1.32053300e+01,1.20937600e+01,9.41017800e+00,7.93816300e+00,9.41017800e+00,1.20937600e+01,1.32053300e+01,1.31253300e+01,1.31516800e+01,1.56646800e+01,1.55692900e+01,1.50402900e+01
2.22166080e+06,-7.77188900e+00,1.50415300e+01,1.55726000e+01,1.56540800e+01,1.31526400e+01,1.31252500e+01,1.32056600e+01,1.20963000e+01,9.41169100e+00,7.93941900e+00,9.41169100e+00,1.20963000e+01,1.32056600e+01,1.31252500e+01,1.31526400e+01,1.56540800e+01,1.55726000e+01,1.50415300e+01
2.22566080e+06,-7.77242800e+00,1.50427900e+01,1.55759500e+01,1.56433300e+01,1.31536200e+01,1.31251900e+01,1.32059800e+01,1.20988300e+01,9.41320500e+00,7.94067400e+00,9.41320500e+00,1.20988300e+01,1.32059800e+01,1.31251900e+01,1.31536200e+01,1.56433300e+01,1.55759500e+01,1.50427900e+01
2.22966080e+06,-7.77311500e+00,1.50440600e+01,1.55793300e+01,1.56324100e+01,1.31546200e+01,1.31251400e+01,1.32062800e+01,1.21013700e+01,9.41472000e+00,7.94193000e+00,9.41472000e+00,1.21013700e+01,1.32062800e+01,1.31251400e+01,1.31546200e+01,1.56324100e+01,1.55793300e+01,1.50440600e+01
2.23366080e+06,-7.77397800e+00,1.50453400e+01,1.55827300e+01,1.56213300e+01,1.31556400e+01,1.31251100e+01,1.32065700e+01,1.21039100e+01,9.41623600e+00,7.94318700e+00,9.41623600e+00,1.21039100e+01,1.32065700e+01,1.31251100e+01,1.31556400e+01,1.56213300e+01,1.55827300e+01,1.50453400e+01
2.23766080e+06,-7.77349900e+00,1.50466300e+01,1.55861800e+01,1.56100800e+01,1.31566900e+01,1.31251000e+01,1.32068300e+01,1.21064500e+01,9.41775400e+00,7.94444300e+00,9.41775400e+00,1.21064500e+01,1.32068300e+01,1.31251000e+01,1.31566900e+01,1.56100800e+01,1.55861800e+01,1.50466300e+01
2.24166080e+06,-7.77275700e+00,1.50479300e+01,1.55896500e+01,1.55986500e+01,1.31577600e+01,1.31251000e+01,1.32070900e+01,1.21089900e+01,9.41927200e+00,7.94570000e+00,9.41927200e+00,1.21089900e+01,1.32070900e+01,1.31251000e+01,1.31577600e+01,1.55986500e+01,1.55896500e+01,1.50479300e+01
2.24566080e+06,-7.77217000e+00,1.50492400e+01,1.55931600e+01,1.55870600e+01,1.31588500e+01,1.31251200e+01,1.32073200e+01,1.21115400e+01,9.42079100e+00,7.94695800e+00,9.42079100e+00,1.21115400e+01,1.32073200e+01,1.31251200e+01,1.31588500e+01,1.55870600e+01,1.55931600e+01,1.50492400e+01
2.24966080e+06,-7.77176400e+00,1.50505700e+01,1.55967100e+01,1.55752800e+01,1.31599600e+01,1.31251600e+01,1.32075500e+01,1.21140800e+01,9.42231100e+00,7.94821500e+00,9.42231100e+00,1.21140800e+01,1.32075500e+01,1.31251600e+01,1.31599600e+01,1.55752800e+01,1.55967100e+01,1.50505700e+01
2.25366080e+06,-7.77156700e+00,1.50519000e+01,1.56002900e+01,1.55633100e+01,1.31611000e+01,1.31252100e+01,1.32077500e+01,1.21166200e+01,9.42383300e+00,7.94947300e+00,9.42383300e+00,1.21166200e+01,1.32077500e+01,1.31252100e+01,1.31611000e+01,1.55633100e+01,1.56002900e+01,1.50519000e+01
2.25766080e+06,-7.77161000e+00,1.50532500e+01,1.56039100e+01,1.55511700e+01,1.31622600e+01,1.31252800e+01,1.32079400e+01,1.21191700e+01,9.42535500e+00,7.95073200e+00,9.42535500e+00,1.21191700e+01,1.32079400e+01,1.31252800e+01,1.31622600e+01,1.55511700e+01,1.56039100e+01,1.50532500e+01
2.26166080e+06,-7.77192700e+00,1.50546100e+01,1.56075700e+01,1.55388300e+01,1.31634400e+01,1.31253700e+01,1.32081200e+01,1.21217100e+01,9.42687800e+00,7.95199000e+00,9.42687800e+00,1.21217100e+01,1.32081200e+01,1.31253700e+01,1.31634400e+01,1.55388300e+01,1.56075700e+01,1.50546100e+01
2.26566080e+06,-7.77255500e+00,1.50559800e+01,1.56112600e+01,1.55262900e+01,1.31646500e+01,1.31254700e+01,1.32082800e+01,1.21242600e+01,9.42840300e+00,7.95324900e+00,9.42840300e+00,1.21242600e+01,1.32082800e+01,1.31254700e+01,1.31646500e+01,1.55262900e+01,1.56112600e+01,1.50559800e+01
2.26966080e+06,-7.77353200e+00,1.50573700e+01,1.56149900e+01,1.55135600e+01,1.31658800e+01,1.31255900e+01,1.32084300e+01,1.21268000e+01,9.42992800e+00,7.95450800e+00,9.42992800e+00,1.21268000e+01,1.32084300e+01,1.31255900e+01,1.31658800e+01,1.55135600e+01,1.56149900e+01,1.50573700e+01
2.27366080e+06,-7.77490000e+00,1.50587700e+01,1.56187700e+01,1.55006200e+01,1.31671400e+01,1.31257300e+01,1.32085600e+01,1.21293500e+01,9.43145300e+00,7.95576600e+00,9.43145300e+00,1.21293500e+01,1.32085600e+01,1.31257300e+01,1.31671400e+01,1.55006200e+01,1.56187700e+01,1.50587700e+01
2.27766080e+06,-7.77670300e+00,1.50601800e+01,1.56225800e+01,1.54874700e+01,1.31684300e+01,1.31258800e+01,1.32086800e+01,1.21318900e+01,9.43298000e+00,7.95702500e+00,9.43298000e+00,1.21318900e+01,1.32086800e+01,1.31258800e+01,1.31684300e+01,1.54874700e+01,1.56225800e+01,1.50601800e+01
2.28166080e+06,-7.77898200e+00,1.50616000e+01,1.56264300e+01,1.54741100e+01,1.31697400e+01,1.31260500e+01,1.32087800e+01,1.21344400e+01,9.43450700e+00,7.95828300e+00,9.43450700e+00,1.21344400e+01,1.32087800e+01,1.31260500e+01,1.31697400e+01,1.54741100e+01,1.56264300e+01,1.50616000e+01
2.28566080e+06,-7.78178400e+00,1.50630400e+01,1.56303200e+01,1.54605400e+01,1.31710700e+01,1.31262400e+01,1.32088700e+01,1.21369900e+01,9.43603400e+00,7.95954100e+00,9.43603400e+00,1.21369900e+01,1.32088700e+01,1.31262400e+01,1.31710700e+01,1.54605400e+01,1.56303200e+01,1.50630400e+01
2.28966080e+06,-7.78515000e+00,1.50644900e+01,1.56342600e+01,1.54467400e+01,1.31724300e+01,1.31264400e+01,1.32089400e+01,1.21395400e+01,9.43756200e+00,7.96079900e+00,9.43756200e+00,1.21395400e+01,1.32089400e+01,1.31264400e+01,1.31724300e+01,1.54467400e+01,1.56342600e+01,1.50644900e+01
2.29366080e+06,-7.78912100e+00,1.50659500e+01,1.56382400e+01,1.54327100e+01,1.31738200e+01,1.31266600e+01,1.32090000e+01,1.21420800e+01,9.43909000e+00,7.96205600e+00,9.43909000e+00,1.21420800e+01,1.32090000e+01,1.31266600e+01,1.31738200e+01,1.54327100e+01,1.56382400e+01,1.50659500e+01
2.29766080e+06,-7.79373300e+00,1.50674300e+01,1.56422600e+01,1.54184500e+01,1.31752300e+01,1.31268900e+01,1.32090400e+01,1.21446300e+01,9.44061800e+00,7.96331300e+00,9.44061800e+00,1.21446300e+01,1.32090400e+01,1.31268900e+01,1.31752300e+01,1.54184500e+01,1.56422600e+01,1.50674300e+01
2.30166080e+06,-7.79901800e+00,1.50689200e+01,1.56463300e+01,1.54039600e+01,1.31766700e+01,1.31271400e+01,1.32090800e+01,1.21471800e+01,9.44214500e+00,7.96456800e+00,9.44214500e+00,1.21471800e+01,1.32090800e+01,1.31271400e+01,1.31766700e+01,1.54039600e+01,1.56463300e+01,1.50689200e+01
2.30566080e+06,-7.79835400e+00,1.50704300e+01,1.56504500e+01,1.53892100e+01,1.31781400e+01,1.31274100e+01,1.32090900e+01,1.21497200e+01,9.44367300e+00,7.96582300e+00,9.44367300e+00,1.21497200e+01,1.32090900e+01,1.31274100e+01,1.31781400e+01,1.53892100e+01,1.56504500e+01,1.50704300e+01
2.30966080e+06,-7.79537900e+00,1.50719500e+01,1.56546100e+01,1.53742200e+01,1.31796400e+01,1.31276900e+01,1.32090900e+01,1.21522700e+01,9.44520000e+00,7.96707700e+00,9.44520000e+00,1.21522700e+01,1.32090900e+01,1.31276900e+01,1.31796400e+01,1.53742200e+01,1.56546100e+01,1.50719500e+01
2.31366080e+06,-7.79271000e+00,1.50734800e+01,1.56588200e+01,1.53589700e+01,1.31811600e+01,1.31279900e+01,1.32090800e+01,1.21548100e+01,9.44672700e+00,7.96832900e+00,9.44672700e+00,1.21548100e+01,1.32090800e+01,1.31279900e+01,1.31811600e+01,1.53589700e+01,1.56588200e+01,1.50734800e+01
2.31766080e+06,-7.79034600e+00,1.50750300e+01,1.56630700e+01,1.53434600e+01,1.31827200e+01,1.31283000e+01,1.32090600e+01,1.21573500e+01,9.44825400e+00,7.96958000e+00,9.44825400e+00,1.21573500e+01,1.32090600e+01,1.31283000e+01,1.31827200e+01,1.53434600e+01,1.56630700e+01,1.50750300e+01
2.32166080e+06,-7.78828200e+00,1.50766000e+01,1.56673800e+01,1.53276800e+01,1.31843000e+01,1.31286400e+01,1.32090200e+01,1.21599000e+01,9.44977900e+00,7.97083000e+00,9.44977900e+00,1.21599000e+01,1.32090200e+01,1.31286400e+01,1.31843000e+01,1.53276800e+01,1.56673800e+01,1.50766000e+01
2.32566080e+06,-7.78651400e+00,1.50781800e+01,1.56717400e+01,1.53116200e+01,1.31859100e+01,1.31289800e+01,1.32089700e+01,1.21624400e+01,9.45130400e+00,7.97207800e+00,9.45130400e+00,1.21624400e+01,1.32089700e+01,1.31289800e+01,1.31859100e+01,1.53116200e+01,1.56717400e+01,1.50781800e+01
2.32966080e+06,-7.78503300e+00,1.50797800e+01,1.56761500e+01,1.52952900e+01,1.31875500e+01,1.31293500e+01,1.32089000e+01,1.21649800e+01,9.45282900e+00,7.97332500e+00,9.45282900e+00,1.21649800e+01,1.32089000e+01,1.31293500e+01,1.31875500e+01,1.52952900e+01,1.56761500e+01,1.50797800e+01
2.33366080e+06,-7.78383000e+00,1.50813900e+01,1.56806100e+01,1.52786600e+01,1.31892300e+01,1.31297300e+01,1.32088200e+01,1.21675200e+01,9.45435200e+00,7.97457000e+00,9.45435200e+00,1.21675200e+01,1.32088200e+01,1.31297300e+01,1.31892300e+01,1.52786600e+01,1.56806100e+01,1.50813900e+01
2.33766080e+06,-7.78289300e+00,1.50830200e+01,1.56851300e+01,1.52617300e+01,1.31909300e+01,1.31301300e+01,1.32087300e+01,1.21700500e+01,9.45587500e+00,7.97581300e+00,9.45587500e+00,1.21700500e+01,1.32087300e+01,1.31301300e+01,1.31909300e+01,1.52617300e+01,1.56851300e+01,1.50830200e+01
2.34166080e+06,-7.78221000e+00,1.50846600e+01,1.56897100e+01,1.52445000e+01,1.31926700e+01,1.31305400e+01,1.32086300e+01,1.21725900e+01,9.45739600e+00,7.97705500e+00,9.45739600e+00,1.21725900e+01,1.32086300e+01,1.31305400e+01,1.31926700e+01,1.52445000e+01,1.56897100e+01,1.50846600e+01
2.34566080e+06,-7.78176700e+00,1.50863300e+01,1.56943400e+01,1.52269600e+01,1.31944400e+01,1.31309700e+01,1.32085100e+01,1.21751300e+01,9.45891700e+00,7.97829500e+00,9.45891700e+00,1.21751300e+01,1.32085100e+01,1.31309700e+01,1.31944400e+01,1.52269600e+01,1.56943400e+01,1.50863300e+01
2.34966080e+06,-7.78154800e+00,1.50880100e+01,1.56990300e+01,1.52091000e+01,1.31962500e+01,1.31314200e+01,1.32083800e+01,1.21776600e+01,9.46043700e+00,7.97953300e+00,9.46043700e+00,1.21776600e+01,1.32083800e+01,1.31314200e+01,1.31962500e+01,1.52091000e+01,1.56990300e+01,1.50880100e+01
2.35366080e+06,-7.78153800e+00,1.50897100e+01,1.57037800e+01,1.51909100e+01,1.31980900e+01,1.31318900e+01,1.32082500e+01,1.21802000e+01,9.46195700e+00,7.98077000e+00,9.46195700e+00,1.21802000e+01,1.32082500e+01,1.31318900e+01,1.31980900e+01,1.51909100e+01,1.57037800e+01,1.50897100e+01
2.35766080e+06,-7.78172000e+00,1.50914300e+01,1.57085900e+01,1.51723800e+01,1.31999700e+01,1.31323800e+01,1.32081000e+01,1.21827300e+01,9.46347500e+00,7.98200600e+00,9.46347500e+00,1.21827300e+01,1.32081000e+01,1.31323800e+01,1.31999700e+01,1.51723800e+01,1.57085900e+01,1.50914300e+01
2.36166080e+06,-7.78208000e+00,1.50931700e+01,1.57134700e+01,1.51535100e+01,1.32018800e+01,1.31328900e+01,1.32079400e+01,1.21852600e+01,9.46499300e+00,7.98323900e+00,9.46499300e+00,1.21852600e+01,1.32079400e+01,1.31328900e+01,1.32018800e+01,1.51535100e+01,1.57134700e+01,1.50931700e+01
2.36566080e+06,-7.78259900e+00,1.50949400e+01,1.57184100e+01,1.51342800e+01,1.32038300e+01,1.31334100e+01,1.32077600e+01,1.21877900e+01,9.46651100e+00,7.98447200e+00,9.46651100e+00,1.21877900e+01,1.32077600e+01,1.31334100e+01,1.32038300e+01,1.51342800e+01,1.57184100e+01,1.50949400e+01
2.36966080e+06,-7.78326200e+00,1.50967200e+01,1.57234200e+01,1.51146800e+01,1.32058200e+01,1.31339600e+01,1.32075800e+01,1.21903300e+01,9.46802800e+00,7.98570300e+00,9.46802800e+00,1.21903300e+01,1.32075800e+01,1.31339600e+01,1.32058200e+01,1.51146800e+01,1.57234200e+01,1.50967200e+01
2.37366080e+06,-7.78405200e+00,1.50985200e+01,1.57285000e+01,1.50947100e+01,1.32078500e+01,1.31345200e+01,1.32073900e+01,1.21928600e+01,9.46954400e+00,7.98693200e+00,9.46954400e+00,1.21928600e+01,1.32073900e+01,1.31345200e+01,1.32078500e+01,1.50947100e+01,1.57285000e+01,1.50985200e+01
2.37766080e+06,-7.78495600e+00,1.51003500e+01,1.57336600e+01,1.50743500e+01,1.32099300e+01,1.31351100e+01,1.32071900e+01,1.21953900e+01,9.47106100e+00,7.98816100e+00,9.47106100e+00,1.21953900e+01,1.32071900e+01,1.31351100e+01,1.32099300e+01,1.50743500e+01,1.57336600e+01,1.51003500e+01
2.38166080e+06,-7.78595700e+00,1.51022000e+01,1.57388800e+01,1.50535900e+01,1.32120400e+01,1.31357200e+01,1.32069900e+01,1.21979200e+01,9.47257700e+00,7.98938800e+00,9.47257700e+00,1.21979200e+01,1.32069900e+01,1.31357200e+01,1.32120400e+01,1.50535900e+01,1.57388800e+01,1.51022000e+01
2.38566080e+06,-7.78704200e+00,1.51040700e+01,1.57441900e+01,1.50324200e+01,1.32142000e+01,1.31363600e+01,1.32067700e+01,1.22004500e+01,9.47409300e+00,7.99061500e+00,9.47409300e+00,1.22004500e+01,1.32067700e+01,1.31363600e+01,1.32142000e+01,1.50324200e+01,1.57441900e+01,1.51040700e+01
2.38966080e+06,-7.78819600e+00,1.51059700e+01,1.57495700e+01,1.50108300e+01,1.32164100e+01,1.31370100e+01,1.32065500e+01,1.22029800e+01,9.47561000e+00,7.99184100e+00,9.47561000e+00,1.22029800e+01,1.32065500e+01,1.31370100e+01,1.32164100e+01,1.50108300e+01,1.57495700e+01,1.51059700e+01
2.39366080e+06,-7.78940900e+00,1.51078900e+01,1.57550300e+01,1.49888000e+01,1.32186600e+01,1.31376900e+01,1.32063200e+01,1.22055200e+01,9.47712700e+00,7.99306600e+00,9.47712700e+00,1.22055200e+01,1.32063200e+01,1.31376900e+01,1.32186600e+01,1.49888000e+01,1.57550300e+01,1.51078900e+01
2.39766080e+06,-7.79066600e+00,1.51098500e+01,1.57605700e+01,1.49663300e+01,1.32209600e+01,1.31384000e+01,1.32060900e+01,1.22080500e+01,9.47864400e+00,7.99429000e+00,9.47864400e+00,1.22080500e+01,1.32060900e+01,1.31384000e+01,1.32209600e+01,1.49663300e+01,1.57605700e+01,1.51098500e+01
2.40166080e+06,-7.78955200e+00,1.51118200e+01,1.57662100e+01,1.49434000e+01,1.32233100e+01,1.31391300e+01,1.32058500e+01,1.22105900e+01,9.48016200e+00,7.99551400e+00,9.48016200e+00,1.22105900e+01,1.32058500e+01,1.31391300e+01,1.32233100e+01,1.49434000e+01,1.57662100e+01,1.51118200e+01
2.40566080e+06,-7.78132500e+00,1.51138300e+01,1.57719300e+01,1.49199900e+01,1.32257100e+01,1.31398800e+01,1.32056000e+01,1.22131200e+01,9.48168000e+00,7.99673800e+00,9.48168000e+00,1.22131200e+01,1.32056000e+01,1.31398800e+01,1.32257100e+01,1.49199900e+01,1.57719300e+01,1.51138300e+01
2.40966080e+06,-7.77299300e+00,1.51158700e+01,1.57777400e+01,1.48960800e+01,1.32281700e+01,1.31406700e+01,1.32053600e+01,1.22156600e+01,9.48320000e+00,7.99796100e+00,9.48320000e+00,1.22156600e+01,1.32053600e+01,1.31406700e+01,1.32281700e+01,1.48960800e+01,1.57777400e+01,1.51158700e+01
2.41366080e+06,-7.76455400e+00,1.51179400e+01,1.57836500e+01,1.48716800e+01,1.32306800e+01,1.31414800e+01,1.32051000e+01,1.22182000e+01,9.48472000e+00,7.99918500e+00,9.48472000e+00,1.22182000e+01,1.32051000e+01,1.31414800e+01,1.32306800e+01,1.48716800e+01,1.57836500e+01,1.51179400e+01
2.41766080e+06,-7.75600600e+00,1.51200300e+01,1.57896600e+01,1.48467400e+01,1.32332500e+01,1.31423200e+01,1.32048500e+01,1.22207400e+01,9.48624200e+00,8.00040800e+00,9.48624200e+00,1.22207400e+01,1.32048500e+01,1.31423200e+01,1.32332500e+01,1.48467400e+01,1.57896600e+01,1.51200300e+01
2.42166080e+06,-7.74734500e+00,1.51221700e+01,1.57957600e+01,1.48212700e+01,1.32358700e+01,1.31431900e+01,1.32045900e+01,1.22232900e+01,9.48776600e+00,8.00163200e+00,9.48776600e+00,1.22232900e+01,1.32045900e+01,1.31431900e+01,1.32358700e+01,1.48212700e+01,1.57957600e+01,1.51221700e+01
2.42566080e+06,-7.73857000e+00,1.51243300e+01,1.58019800e+01,1.47952400e+01,1.32385600e+01,1.31441000e+01,1.32043300e+01,1.22258300e+01,9.48929100e+00,8.00285600e+00,9.48929100e+00,1.22258300e+01,1.32043300e+01,1.31441000e+01,1.32385600e+01,1.47952400e+01,1.58019800e+01,1.51243300e+01
2.42966080e+06,-7.72967700e+00,1.51265300e+01,1.58083000e+01,1.47686400e+01,1.32413100e+01,1.31450300e+01,1.32040700e+01,1.22283900e+01,9.49081800e+00,8.00408100e+00,9.49081800e+00,1.22283900e+01,1.32040700e+01,1.31450300e+01,1.32413100e+01,1.47686400e+01,1.58083000e+01,1.51265300e+01
2.43366080e+06,-7.72066500e+00,1.51287700e+01,1.58147300e+01,1.47414300e+01,1.32441300e+01,1.31460000e+01,1.32038100e+01,1.22309400e+01,9.49234600e+00,8.00530700e+00,9.49234600e+00,1.22309400e+01,1.32038100e+01,1.31460000e+01,1.32441300e+01,1.47414300e+01,1.58147300e+01,1.51287700e+01
2.43766080e+06,-7.71153300e+00,1.51310500e+01,1.58212900e+01,1.47136100e+01,1.32470100e+01,1.31470000e+01,1.32035500e+01,1.22335000e+01,9.49387800e+00,8.00653300e+00,9.49387800e+00,1.22335000e+01,1.32035500e+01,1.31470000e+01,1.32470100e+01,1.47136100e+01,1.58212900e+01,1.51310500e+01
2.44166080e+06,-7.70227900e+00,1.51333600e+01,1.58279600e+01,1.46851600e+01,1.32499600e+01,1.31480400e+01,1.32032900e+01,1.22360600e+01,9.49541100e+00,8.00776100e+00,9.49541100e+00,1.22360600e+01,1.32032900e+01,1.31480400e+01,1.32499600e+01,1.46851600e+01,1.58279600e+01,1.51333600e+01
2.44566080e+06,-7.69290200e+00,1.51357200e+01,1.58347600e+01,1.46560400e+01,1.32529900e+01,1.31491200e+01,1.32030300e+01,1.22386200e+01,9.49694700e+00,8.00899000e+00,9.49694700e+00,1.22386200e+01,1.32030300e+01,1.31491200e+01,1.32529900e+01,1.46560400e+01,1.58347600e+01,1.51357200e+01
2.44966080e+06,-7.68340200e+00,1.51381100e+01,1.58416900e+01,1.46262400e+01,1.32560900e+01,1.31502400e+01,1.32027800e+01,1.22412000e+01,9.49848600e+00,8.01022000e+00,9.49848600e+00,1.22412000e+01,1.32027800e+01,1.31502400e+01,1.32560900e+01,1.46262400e+01,1.58416900e+01,1.51381100e+01
2.45366080e+06,-7.67378000e+00,1.51405600e+01,1.58487500e+01,1.45957400e+01,1.32592700e+01,1.31513900e+01,1.32025300e+01,1.22437700e+01,9.50002800e+00,8.01145200e+00,9.50002800e+00,1.22437700e+01,1.32025300e+01,1.31513900e+01,1.32592700e+01,1.45957400e+01,1.58487500e+01,1.51405600e+01
2.45766080e+06,-7.66403900e+00,1.51430400e+01,1.58559600e+01,1.45645100e+01,1.32625300e+01,1.31525900e+01,1.32022800e+01,1.22463500e+01,9.50157400e+00,8.01268600e+00,9.50157400e+00,1.22463500e+01,1.32022800e+01,1.31525900e+01,1.32625300e+01,1.45645100e+01,1.58559600e+01,1.51430400e+01
2.46166080e+06,-7.65418300e+00,1.51455800e+01,1.58633100e+01,1.45325300e+01,1.32658800e+01,1.31538300e+01,1.32020400e+01,1.22489400e+01,9.50312300e+00,8.01392200e+00,9.50312300e+00,1.22489400e+01,1.32020400e+01,1.31538300e+01,1.32658800e+01,1.45325300e+01,1.58633100e+01,1.51455800e+01
2.46566080e+06,-7.64421700e+00,1.51481700e+01,1.58708100e+01,1.44997700e+01,1.32693100e+01,1.31551200e+01,1.32018100e+01,1.22515300e+01,9.50467500e+00,8.01516000e+00,9.50467500e+00,1.22515300e+01,1.32018100e+01,1.31551200e+01,1.32693100e+01,1.44997700e+01,1.58708100e+01,1.51481700e+01
2.46966080e+06,-7.63415000e+00,1.51508000e+01,1.58784700e+01,1.44662100e+01,1.32728400e+01,1.31564500e+01,1.32015800e+01,1.22541300e+01,9.50623200e+00,8.01640100e+00,9.50623200e+00,1.22541300e+01,1.32015800e+01,1.31564500e+01,1.32728400e+01,1.44662100e+01,1.58784700e+01,1.51508000e+01
2.47366080e+06,-7.62399500e+00,1.51534900e+01,1.58863000e+01,1.44318300e+01,1.32764500e+01,1.31578400e+01,1.32013700e+01,1.22567400e+01,9.50779300e+00,8.01764400e+00,9.50779300e+00,1.22567400e+01,1.32013700e+01,1.31578400e+01,1.32764500e+01,1.44318300e+01,1.58863000e+01,1.51534900e+01
2.47766080e+06,-7.61376900e+00,1.51562400e+01,1.58943000e+01,1.43966000e+01,1.32801700e+01,1.31592700e+01,1.32011600e+01,1.22593600e+01,9.50935900e+00,8.01889000e+00,9.50935900e+00,1.22593600e+01,1.32011600e+01,1.31592700e+01,1.32801700e+01,1.43966000e+01,1.58943000e+01,1.51562400e+01
2.48166080e+06,-7.60349400e+00,1.51590400e+01,1.59024800e+01,1.43605100e+01,1.32839900e+01,1.31607600e+01,1.32009600e+01,1.22619800e+01,9.51092900e+00,8.02013900e+00,9.51092900e+00,1.22619800e+01,1.32009600e+01,1.31607600e+01,1.32839900e+01,1.43605100e+01,1.59024800e+01,1.51590400e+01
2.48566080e+06,-7.59320000e+00,1.51619000e+01,1.59108400e+01,1.43235300e+01,1.32879200e+01,1.31623000e+01,1.32007700e+01,1.22646100e+01,9.51250500e+00,8.02139200e+00,9.51250500e+00,1.22646100e+01,1.32007700e+01,1.31623000e+01,1.32879200e+01,1.43235300e+01,1.59108400e+01,1.51619000e+01
2.48966080e+06,-7.58292700e+00,1.51648300e+01,1.59194000e+01,1.42856600e+01,1.32919600e+01,1.31638900e+01,1.32006000e+01,1.22672500e+01,9.51408600e+00,8.02264800e+00,9.51408600e+00,1.22672500e+01,1.32006000e+01,1.31638900e+01,1.32919600e+01,1.42856600e+01,1.59194000e+01,1.51648300e+01
2.49366080e+06,-7.57272800e+00,1.51678100e+01,1.59281700e+01,1.42468900e+01,1.32961200e+01,1.31655500e+01,1.32004400e+01,1.22699000e+01,9.51567300e+00,8.02390800e+00,9.51567300e+00,1.22699000e+01,1.32004400e+01,1.31655500e+01,1.32961200e+01,1.42468900e+01,1.59281700e+01,1.51678100e+01
2.49766080e+06,-7.56267000e+00,1.51708700e+01,1.59371500e+01,1.42072200e+01,1.33003900e+01,1.31672600e+01,1.32002900e+01,1.22725600e+01,9.51726600e+00,8.02517200e+00,9.51726600e+00,1.22725600e+01,1.32002900e+01,1.31672600e+01,1.33003900e+01,1.42072200e+01,1.59371500e+01,1.51708700e+01
2.50166080e+06,-7.55283900e+00,1.51739900e+01,1.59463500e+01,1.41666600e+01,1.33047900e+01,1.31690400e+01,1.32001600e+01,1.22752400e+01,9.51886500e+00,8.02644000e+00,9.51886500e+00,1.22752400e+01,1.32001600e+01,1.31690400e+01,1.33047900e+01,1.41666600e+01,1.59463500e+01,1.51739900e+01
2.50566080e+06,-7.54334800e+00,1.51771900e+01,1.59557900e+01,1.41252600e+01,1.33093300e+01,1.31708800e+01,1.32000500e+01,1.22779200e+01,9.52047100e+00,8.02771300e+00,9.52047100e+00,1.22779200e+01,1.32000500e+01,1.31708800e+01,1.33093300e+01,1.41252600e+01,1.59557900e+01,1.51771900e+01
2.50966080e+06,-7.53433500e+00,1.51804500e+01,1.59654700e+01,1.40830500e+01,1.33140000e+01,1.31727900e+01,1.31999500e+01,1.22806100e+01,9.52208400e+00,8.02899100e+00,9.52208400e+00,1.22806100e+01,1.31999500e+01,1.31727900e+01,1.33140000e+01,1.40830500e+01,1.59654700e+01,1.51804500e+01
2.51366080e+06,-7.52597700e+00,1.51837900e+01,1.59754100e+01,1.40401300e+01,1.33188000e+01,1.31747600e+01,1.31998700e+01,1.22833200e+01,9.52370400e+00,8.03027400e+00,9.52370400e+00,1.22833200e+01,1.31998700e+01,1.31747600e+01,1.33188000e+01,1.40401300e+01,1.59754100e+01,1.51837900e+01
2.51766080e+06,-7.51848900e+00,1.51872000e+01,1.59856100e+01,1.39966000e+01,1.33237600e+01,1.31768000e+01,1.31998200e+01,1.22860400e+01,9.52533200e+00,8.03156200e+00,9.52533200e+00,1.22860400e+01,1.31998200e+01,1.31768000e+01,1.33237600e+01,1.39966000e+01,1.59856100e+01,1.51872000e+01
2.52166080e+06,-7.51212900e+00,1.51906800e+01,1.59960900e+01,1.39526200e+01,1.33288600e+01,1.31789000e+01,1.31997800e+01,1.22887800e+01,9.52696700e+00,8.03285500e+00,9.52696700e+00,1.22887800e+01,1.31997800e+01,1.31789000e+01,1.33288600e+01,1.39526200e+01,1.59960900e+01,1.51906800e+01
2.52566080e+06,-7.50720200e+00,1.51942300e+01,1.60068500e+01,1.39083900e+01,1.33341000e+01,1.31810700e+01,1.31997600e+01,1.22915200e+01,9.52861000e+00,8.03415400e+00,9.52861000e+00,1.22915200e+01,1.31997600e+01,1.31810700e+01,1.33341000e+01,1.39083900e+01,1.60068500e+01,1.51942300e+01
2.52966080e+06,-7.50404600e+00,1.51978600e+01,1.60179000e+01,1.38641700e+01,1.33394900e+01,1.31832900e+01,1.31997700e+01,1.22942800e+01,9.53026100e+00,8.03545900e+00,9.53026100e+00,1.22942800e+01,1.31997700e+01,1.31832900e+01,1.33394900e+01,1.38641700e+01,1.60179000e+01,1.51978600e+01
2.53366080e+06,-7.50302300e+00,1.52015400e+01,1.60292500e+01,1.38202700e+01,1.33450100e+01,1.31855700e+01,1.31998000e+01,1.22970600e+01,9.53192100e+00,8.03676900e+00,9.53192100e+00,1.22970600e+01,1.31998000e+01,1.31855700e+01,1.33450100e+01,1.38202700e+01,1.60292500e+01,1.52015400e+01
2.53766080e+06,-7.49718200e+00,1.52052900e+01,1.60408700e+01,1.37770400e+01,1.33506500e+01,1.31879000e+01,1.31998500e+01,1.22998400e+01,9.53358800e+00,8.03808400e+00,9.53358800e+00,1.22998400e+01,1.31998500e+01,1.31879000e+01,1.33506500e+01,1.37770400e+01,1.60408700e+01,1.52052900e+01
2.54166080e+06,-7.49246200e+00,1.52090800e+01,1.60527600e+01,1.37348800e+01,1.33563800e+01,1.31902600e+01,1.31999100e+01,1.23026500e+01,9.53526200e+00,8.03940500e+00,9.53526200e+00,1.23026500e+01,1.31999100e+01,1.31902600e+01,1.33563800e+01,1.37348800e+01,1.60527600e+01,1.52090800e+01
2.54566080e+06,-7.48985600e+00,1.52129100e+01,1.60648900e+01,1.36941700e+01,1.33621600e+01,1.31926600e+01,1.32000000e+01,1.23054600e+01,9.53694400e+00,8.04073100e+00,9.53694400e+00,1.23054600e+01,1.32000000e+01,1.31926600e+01,1.33621600e+01,1.36941700e+01,1.60648900e+01,1.52129100e+01
2.54966080e+06,-7.48978300e+00,1.52167700e+01,1.60771900e+01,1.36552900e+01,1.33679100e+01,1.31950700e+01,1.32001100e+01,1.23082900e+01,9.53863400e+00,8.04206200e+00,9.53863400e+00,1.23082900e+01,1.32001100e+01,1.31950700e+01,1.33679100e+01,1.36552900e+01,1.60771900e+01,1.52167700e+01
2.55366080e+06,-7.49264000e+00,1.52206500e+01,1.60896000e+01,1.36185400e+01,1.33735800e+01,1.31974800e+01,1.32002300e+01,1.23111300e+01,9.54032900e+00,8.04339700e+00,9.54032900e+00,1.23111300e+01,1.32002300e+01,1.31974800e+01,1.33735800e+01,1.36185400e+01,1.60896000e+01,1.52206500e+01
2.55766080e+06,-7.49876100e+00,1.52245300e+01,1.61020400e+01,1.35841300e+01,1.33790500e+01,1.31998900e+01,1.32003600e+01,1.23139700e+01,9.54203100e+00,8.04473600e+00,9.54203100e+00,1.23139700e+01,1.32003600e+01,1.31998900e+01,1.33790500e+01,1.35841300e+01,1.61020400e+01,1.52245300e+01
2.56166080e+06,-7.50835400e+00,1.52283900e+01,1.61143800e+01,1.35521800e+01,1.33842200e+01,1.32022700e+01,1.32005100e+01,1.23168300e+01,9.54373700e+00,8.04607800e+00,9.54373700e+00,1.23168300e+01,1.32005100e+01,1.32022700e+01,1.33842200e+01,1.35521800e+01,1.61143800e+01,1.52283900e+01
2.56566080e+06,-7.50784000e+00,1.52322200e+01,1.61265300e+01,1.35226800e+01,1.33889900e+01,1.32046100e+01,1.32006600e+01,1.23197000e+01,9.54544900e+00,8.04742200e+00,9.54544900e+00,1.23197000e+01,1.32006600e+01,1.32046100e+01,1.33889900e+01,1.35226800e+01,1.61265300e+01,1.52322200e+01
2.56966080e+06,-7.49992900e+00,1.52360200e+01,1.61383800e+01,1.34955600e+01,1.33932500e+01,1.32069000e+01,1.32008200e+01,1.23225700e+01,9.54716400e+00,8.04876900e+00,9.54716400e+00,1.23225700e+01,1.32008200e+01,1.32069000e+01,1.33932500e+01,1.34955600e+01,1.61383800e+01,1.52360200e+01
2.57366080e+06,-7.49325300e+00,1.52397800e+01,1.61498200e+01,1.34706900e+01,1.33969200e+01,1.32091400e+01,1.32009800e+01,1.23254500e+01,9.54888300e+00,8.05011700e+00,9.54888300e+00,1.23254500e+01,1.32009800e+01,1.32091400e+01,1.33969200e+01,1.34706900e+01,1.61498200e+01,1.52397800e+01
2.57766080e+06,-7.48793200e+00,1.52434800e+01,1.61607900e+01,1.34478900e+01,1.33999500e+01,1.32113300e+01,1.32011400e+01,1.23283400e+01,9.55060500e+00,8.05146700e+00,9.55060500e+00,1.23283400e+01,1.32011400e+01,1.32113300e+01,1.33999500e+01,1.34478900e+01,1.61607900e+01,1.52434800e+01
2.58166080e+06,-7.48408000e+00,1.52471200e+01,1.61712400e+01,1.34269800e+01,1.34023000e+01,1.32134500e+01,1.32013000e+01,1.23312300e+01,9.55232900e+00,8.05281800e+00,9.55232900e+00,1.23312300e+01,1.32013000e+01,1.32134500e+01,1.34023000e+01,1.34269800e+01,1.61712400e+01,1.52471200e+01
2.58566080e+06,-7.48180900e+00,1.52507100e+01,1.61811500e+01,1.34078100e+01,1.34039900e+01,1.32155200e+01,1.32014600e+01,1.23341200e+01,9.55405600e+00,8.05417000e+00,9.55405600e+00,1.23341200e+01,1.32014600e+01,1.32155200e+01,1.34039900e+01,1.34078100e+01,1.61811500e+01,1.52507100e+01
2.58966080e+06,-7.48124600e+00,1.52542400e+01,1.61905100e+01,1.33902200e+01,1.34050200e+01,1.32175300e+01,1.32016200e+01,1.23370200e+01,9.55578600e+00,8.05552200e+00,9.55578600e+00,1.23370200e+01,1.32016200e+01,1.32175300e+01,1.34050200e+01,1.33902200e+01,1.61905100e+01,1.52542400e+01
