t,max_slip_rate,-400.0,-350.0,-300.0,-250.0,-200.0,-150.0,-100.0,-50.0,0.0,50.0,100.0,150.0,200.0,250.0,300.0,350.0,400.0
0.00000000e+00,0.00000000e+00,-4.00000000e+02,-3.50000000e+02,-3.00000000e+02,-2.50000000e+02,-2.00000000e+02,-1.50000000e+02,-1.00000000e+02,-5.00000000e+01,0.00000000e+00,5.00000000e+01,1.00000000e+02,1.50000000e+02,2.00000000e+02,2.50000000e+02,3.00000000e+02,3.50000000e+02,4.00000000e+02
5.00000000e+02,-1.20000000e+01,5.00000000e-10,5.00000000e-10,5.00000000e-10,5.00000000e-10,5.00000000e-10,5.00000000e-10,5.00000000e-10,5.00000000e-10,5.00000000e-10,5.00000000e-10,5.00000000e-10,5.00000000e-10,5.00000000e-10,5.00000000e-10,5.00000000e-10,5.00000000e-10,5.00000000e-10
4.00000000e+03,-1.15847300e+01,4.00000100e-09,4.00000600e-09,4.00000700e-09,4.00002700e-09,4.00093000e-09,4.02239400e-09,4.25052300e-09,5.26704100e-09,6.39762000e-09,5.26704100e-09,4.25052300e-09,4.02239400e-09,4.00093000e-09,4.00002700e-09,4.00000700e-09,4.00000600e-09,4.00000100e-09
8.00000000e+03,-1.11370700e+01,8.00000700e-09,8.00002900e-09,8.00003800e-09,8.00029100e-09,8.00706800e-09,8.12527100e-09,9.27094800e-09,1.53878700e-08,2.47200600e-08,1.53878700e-08,9.27094800e-09,8.12527100e-09,8.00706800e-09,8.00029100e-09,8.00003800e-09,8.00002900e-09,8.00000700e-09
1.20000000e+04,-1.07146700e+01,1.20000200e-08,1.20000700e-08,1.20001200e-08,1.20013200e-08,1.20244300e-08,1.23478300e-08,1.53014400e-08,3.44630900e-08,7.43347400e-08,3.44630900e-08,1.53014400e-08,1.23478300e-08,1.20244300e-08,1.20013200e-08,1.20001200e-08,1.20000700e-08,1.20000200e-08
1.60000000e+04,-1.03144100e+01,1.60000400e-08,1.60001400e-08,1.60003400e-08,1.60040200e-08,1.60604900e-08,1.67296100e-08,2.26299300e-08,6.96367400e-08,2.01667400e-07,6.96367400e-08,2.26299300e-08,1.67296100e-08,1.60604900e-08,1.60040200e-08,1.60003400e-08,1.60001400e-08,1.60000400e-08
2.00000000e+04,-9.93366400e+00,2.00000700e-08,2.00002400e-08,2.00008300e-08,2.00097300e-08,2.01238800e-08,2.13112100e-08,3.16118800e-08,1.33180100e-07,5.13383900e-07,1.33180100e-07,3.16118800e-08,2.13112100e-08,2.01238800e-08,2.00097300e-08,2.00008300e-08,2.00002400e-08,2.00000700e-08
2.40000000e+04,-9.57025100e+00,2.40001100e-08,2.40004000e-08,2.40018200e-08,2.40201900e-08,2.42241000e-08,2.61348100e-08,4.26881200e-08,2.45809100e-07,1.24522600e-06,2.45809100e-07,4.26881200e-08,2.61348100e-08,2.42241000e-08,2.40201900e-08,2.40018200e-08,2.40004000e-08,2.40001100e-08
2.80000000e+04,-9.22239800e+00,2.80001800e-08,2.80006600e-08,2.80036600e-08,2.80375500e-08,2.83713700e-08,3.12447900e-08,5.64062600e-08,4.41959600e-07,2.90039200e-06,4.41959600e-07,5.64062600e-08,3.12447900e-08,2.83713700e-08,2.80375500e-08,2.80036600e-08,2.80006600e-08,2.80001800e-08
3.20000000e+04,-8.88881500e+00,3.20002900e-08,3.20011000e-08,3.20067800e-08,3.20643300e-08,3.25764700e-08,3.66883200e-08,7.34466900e-08,7.78125300e-07,6.51883700e-06,7.78125300e-07,7.34466900e-08,3.66883200e-08,3.25764700e-08,3.20643300e-08,3.20067800e-08,3.20011000e-08,3.20002900e-08
3.60000000e+04,-8.56884200e+00,3.60004700e-08,3.60018000e-08,3.60117700e-08,3.61034200e-08,3.68507000e-08,4.25161200e-08,9.46545300e-08,1.34606400e-06,1.41818600e-05,1.34606400e-06,9.46545300e-08,4.25161200e-08,3.68507000e-08,3.61034200e-08,3.60117700e-08,3.60018000e-08,3.60004700e-08
4.00000000e+04,-8.26279000e+00,4.00007700e-08,4.00029100e-08,4.00193500e-08,4.01580200e-08,4.12058300e-08,4.87831700e-08,1.21079400e-07,2.29406000e-06,2.99079300e-05,2.29406000e-06,1.21079400e-07,4.87831700e-08,4.12058300e-08,4.01580200e-08,4.00193500e-08,4.00029100e-08,4.00007700e-08
4.40000000e+04,-7.97254000e+00,4.40012700e-08,4.40046400e-08,4.40304200e-08,4.42316700e-08,4.56541600e-08,5.55497200e-08,1.54025600e-07,3.86248800e-06,6.11008600e-05,3.86248800e-06,1.54025600e-07,5.55497200e-08,4.56541600e-08,4.42316700e-08,4.40304200e-08,4.40046400e-08,4.40012700e-08
4.80000000e+04,-7.70240200e+00,4.80021100e-08,4.80072700e-08,4.80460200e-08,4.83282700e-08,5.02085700e-08,6.28825100e-08,1.95118600e-07,6.44715600e-06,1.20470900e-04,6.44715600e-06,1.95118600e-07,6.28825100e-08,5.02085700e-08,4.83282700e-08,4.80460200e-08,4.80072700e-08,4.80021100e-08
5.20000000e+04,-7.45985500e+00,5.20034600e-08,5.20111800e-08,5.20674600e-08,5.24520800e-08,5.48827200e-08,7.08563700e-08,2.46393500e-07,1.07209800e-05,2.27422100e-04,1.07209800e-05,2.46393500e-07,7.08563700e-08,5.48827200e-08,5.24520800e-08,5.20674600e-08,5.20111800e-08,5.20034600e-08
5.60000000e+04,-7.25489900e+00,5.60056100e-08,5.60169000e-08,5.60962500e-08,5.66077700e-08,5.96912100e-08,7.95563800e-08,3.10422500e-07,1.78813000e-05,4.06090100e-04,1.78813000e-05,3.10422500e-07,7.95563800e-08,5.96912100e-08,5.66077700e-08,5.60962500e-08,5.60169000e-08,5.60056100e-08
6.00000000e+04,-7.09645700e+00,6.00089300e-08,6.00250900e-08,6.01342000e-08,6.08004800e-08,6.46497800e-08,8.90800300e-08,3.90499500e-07,3.01554100e-05,6.76830800e-04,3.01554100e-05,3.90499500e-07,8.90800300e-08,6.46497800e-08,6.08004800e-08,6.01342000e-08,6.00250900e-08,6.00089300e-08
6.40000000e+04,-6.98672400e+00,6.40138900e-08,6.40365600e-08,6.41833200e-08,6.50357200e-08,6.97753900e-08,9.95389100e-08,4.90928500e-07,5.17801000e-05,1.04423900e-03,5.17801000e-05,4.90928500e-07,9.95389100e-08,6.97753900e-08,6.50357200e-08,6.41833200e-08,6.40365600e-08,6.40138900e-08
6.80000000e+04,-6.91839800e+00,6.80210200e-08,6.80522100e-08,6.82458100e-08,6.93192900e-08,7.50861800e-08,1.11059700e-07,6.17518600e-07,9.07135100e-05,1.49359400e-03,9.07135100e-05,6.17518600e-07,1.11059700e-07,7.50861800e-08,6.93192900e-08,6.82458100e-08,6.80522100e-08,6.80210200e-08
7.20000000e+04,-6.87753700e+00,7.20309000e-08,7.20730100e-08,7.23240200e-08,7.36572700e-08,8.06017700e-08,1.23785800e-07,7.78547600e-07,1.61181500e-04,2.00142600e-03,1.61181500e-04,7.78547600e-07,1.23785800e-07,8.06017700e-08,7.36572700e-08,7.23240200e-08,7.20730100e-08,7.20309000e-08
7.60000000e+04,-6.84846500e+00,7.60442100e-08,7.61001100e-08,7.64205700e-08,7.80562100e-08,8.63439600e-08,1.37881800e-07,9.86765900e-07,2.86389400e-04,2.55026800e-03,2.86389400e-04,9.86765900e-07,1.37881800e-07,8.63439600e-08,7.80562100e-08,7.64205700e-08,7.61001100e-08,7.60442100e-08
8.00000000e+04,-6.81749000e+00,8.00618600e-08,8.01349100e-08,8.05385000e-08,8.25234500e-08,9.23381200e-08,1.53541700e-07,1.26358300e-06,4.98824200e-04,3.13717800e-03,4.98824200e-04,1.26358300e-06,1.53541700e-07,9.23381200e-08,8.25234500e-08,8.05385000e-08,8.01349100e-08,8.00618600e-08
8.40000000e+04,-6.77638000e+00,8.40850000e-08,8.41792200e-08,8.46815100e-08,8.70675300e-08,9.86147400e-08,1.71001300e-07,1.64755900e-06,8.33857800e-04,3.77445400e-03,8.33857800e-04,1.64755900e-06,1.71001300e-07,9.86147400e-08,8.70675300e-08,8.46815100e-08,8.41792200e-08,8.40850000e-08
8.80000000e+04,-6.72577400e+00,8.81151300e-08,8.82352900e-08,8.88540000e-08,9.16984500e-08,1.05210600e-07,1.90552600e-07,2.21113400e-06,1.31638100e-03,4.48346500e-03,1.31638100e-03,2.21113400e-06,1.90552600e-07,1.05210600e-07,9.16984500e-08,8.88540000e-08,8.82352900e-08,8.81151300e-08
9.19563458e+04,-6.67149500e+00,9.21099400e-08,9.22613100e-08,9.30149500e-08,9.63754900e-08,1.12091400e-07,2.12305300e-07,3.08174700e-06,1.94354600e-03,5.27431100e-03,1.94354600e-03,3.08174700e-06,2.12305300e-07,1.12091400e-07,9.63754900e-08,9.30149500e-08,9.22613100e-08,9.21099400e-08
9.55369167e+04,-6.62633300e+00,9.57344200e-08,9.59196200e-08,9.68146500e-08,1.00702300e-07,1.18668200e-07,2.34449100e-07,4.36034600e-06,2.63653900e-03,6.07989600e-03,2.63653900e-03,4.36034600e-06,2.34449100e-07,1.18668200e-07,1.00702300e-07,9.68146500e-08,9.59196200e-08,9.57344200e-08
9.88155458e+04,-6.59669800e+00,9.90623000e-08,9.92838100e-08,1.00326100e-07,1.04751300e-07,1.25018300e-07,2.57126800e-07,6.27644500e-06,3.36194200e-03,6.88354800e-03,3.36194200e-03,6.27644500e-06,2.57126800e-07,1.25018300e-07,1.04751300e-07,1.00326100e-07,9.92838100e-08,9.90623000e-08
1.01915408e+05,-6.57930500e+00,1.02217900e-07,1.02479000e-07,1.03677700e-07,1.08663800e-07,1.31342300e-07,2.81018600e-07,9.26300100e-06,4.11185100e-03,7.68565300e-03,4.11185100e-03,9.26300100e-06,2.81018600e-07,1.31342300e-07,1.08663800e-07,1.03677700e-07,1.02479000e-07,1.02217900e-07
1.04934067e+05,-6.57803000e+00,1.05300500e-07,1.05605500e-07,1.06974000e-07,1.12559300e-07,1.37830700e-07,3.06934300e-07,1.41319500e-05,4.88660300e-03,8.48569700e-03,4.88660300e-03,1.41319500e-05,3.06934300e-07,1.37830700e-07,1.12559300e-07,1.06974000e-07,1.05605500e-07,1.05300500e-07
1.07952721e+05,-6.57361100e+00,1.08393700e-07,1.08748400e-07,1.10305200e-07,1.16546300e-07,1.44677400e-07,3.35883000e-07,2.24915100e-05,5.68653500e-03,9.25951700e-03,5.68653500e-03,2.24915100e-05,3.35883000e-07,1.44677400e-07,1.16546300e-07,1.10305200e-07,1.08748400e-07,1.08393700e-07
1.10970558e+05,-6.58412800e+00,1.11497700e-07,1.11908500e-07,1.13673300e-07,1.20630900e-07,1.51915600e-07,3.68367400e-07,3.72359700e-05,6.48537100e-03,9.92691100e-03,6.48537100e-03,3.72359700e-05,3.68367400e-07,1.51915600e-07,1.20630900e-07,1.13673300e-07,1.11908500e-07,1.11497700e-07
1.14112825e+05,-6.60863600e+00,1.14743200e-07,1.15219500e-07,1.17223400e-07,1.24996400e-07,1.59908500e-07,4.06636500e-07,6.51286300e-05,7.28236000e-03,1.04796400e-02,7.28236000e-03,6.51286300e-05,4.06636500e-07,1.59908500e-07,1.24996400e-07,1.17223400e-07,1.15219500e-07,1.14743200e-07
1.17288783e+05,-6.56842800e+00,1.18038700e-07,1.18589300e-07,1.20859900e-07,1.29534900e-07,1.68508600e-07,4.50972800e-07,1.17614800e-04,8.04599300e-03,1.09565500e-02,8.04599300e-03,1.17614800e-04,4.50972800e-07,1.68508600e-07,1.29534900e-07,1.20859900e-07,1.18589300e-07,1.18038700e-07
1.20112025e+05,-6.52223400e+00,1.20982500e-07,1.21606600e-07,1.24137400e-07,1.33687300e-07,1.76648800e-07,4.96593700e-07,2.02428800e-04,8.69750100e-03,1.13644200e-02,8.69750100e-03,2.02428800e-04,4.96593700e-07,1.76648800e-07,1.33687300e-07,1.24137400e-07,1.21606600e-07,1.20982500e-07
1.22683792e+05,-6.48882100e+00,1.23677100e-07,1.24375000e-07,1.27163400e-07,1.37576400e-07,1.84516800e-07,5.45018100e-07,3.33964600e-04,9.24948600e-03,1.17420900e-02,9.24948600e-03,3.33964600e-04,5.45018100e-07,1.84516800e-07,1.37576400e-07,1.27163400e-07,1.24375000e-07,1.23677100e-07
1.25088558e+05,-6.46479900e+00,1.26209100e-07,1.26982400e-07,1.30030700e-07,1.41313700e-07,1.92306300e-07,5.98586100e-07,5.28935800e-04,9.70487700e-03,1.21014900e-02,9.70487700e-03,5.28935800e-04,5.98586100e-07,1.92306300e-07,1.41313700e-07,1.30030700e-07,1.26982400e-07,1.26209100e-07
1.27377275e+05,-6.44624200e+00,1.28631000e-07,1.29482300e-07,1.32796500e-07,1.44969800e-07,2.00148400e-07,6.60326100e-07,8.01654000e-04,1.00792600e-02,1.24456700e-02,1.00792600e-02,8.01654000e-04,6.60326100e-07,2.00148400e-07,1.44969800e-07,1.32796500e-07,1.29482300e-07,1.28631000e-07
1.29580792e+05,-6.43401300e+00,1.30974900e-07,1.31907500e-07,1.35496100e-07,1.48590400e-07,2.08135500e-07,7.34476500e-07,1.16061200e-03,1.04021900e-02,1.27801600e-02,1.04021900e-02,1.16061200e-03,7.34476500e-07,2.08135500e-07,1.48590400e-07,1.35496100e-07,1.31907500e-07,1.30974900e-07
1.31763438e+05,-6.44775200e+00,1.33309400e-07,1.34329100e-07,1.38208700e-07,1.52283800e-07,2.16516000e-07,8.29461600e-07,1.61657200e-03,1.07064400e-02,1.31214600e-02,1.07064400e-02,1.61657200e-03,8.29461600e-07,2.16516000e-07,1.52283800e-07,1.38208700e-07,1.34329100e-07,1.33309400e-07
1.34117875e+05,-6.47776000e+00,1.35842800e-07,1.36964500e-07,1.41180700e-07,1.56398100e-07,2.26133800e-07,9.69128600e-07,2.21156300e-03,1.10311300e-02,1.35127000e-02,1.10311300e-02,2.21156300e-03,9.69128600e-07,2.26133800e-07,1.56398100e-07,1.41180700e-07,1.36964500e-07,1.35842800e-07
1.36524650e+05,-6.48232500e+00,1.38449600e-07,1.39684400e-07,1.44270800e-07,1.60754400e-07,2.36644500e-07,1.17499800e-06,2.90859500e-03,1.13603800e-02,1.39491900e-02,1.13603800e-02,2.90859500e-03,1.17499800e-06,2.36644500e-07,1.60754400e-07,1.44270800e-07,1.39684400e-07,1.38449600e-07
1.38986192e+05,-6.49614000e+00,1.41134000e-07,1.42494200e-07,1.47487500e-07,1.65377200e-07,2.48164900e-07,1.49163400e-06,3.67484800e-03,1.16936000e-02,1.44259000e-02,1.16936000e-02,3.67484800e-03,1.49163400e-06,2.48164900e-07,1.65377200e-07,1.47487500e-07,1.42494200e-07,1.41134000e-07
1.41494408e+05,-6.49558600e+00,1.43888800e-07,1.45387200e-07,1.50825800e-07,1.70271600e-07,2.60773500e-07,1.99276200e-06,4.47448800e-03,1.20335600e-02,1.49200000e-02,1.20335600e-02,4.47448800e-03,1.99276200e-06,2.60773500e-07,1.70271600e-07,1.50825800e-07,1.45387200e-07,1.43888800e-07
1.44015229e+05,-6.50433300e+00,1.46677800e-07,1.48326000e-07,1.54245000e-07,1.75389100e-07,2.74412000e-07,2.79334300e-06,5.27349700e-03,1.23805500e-02,1.54104200e-02,1.23805500e-02,5.27349700e-03,2.79334300e-06,2.74412000e-07,1.75389100e-07,1.54245000e-07,1.48326000e-07,1.46677800e-07
1.46622408e+05,-6.52792400e+00,1.49584400e-07,1.51399600e-07,1.57851200e-07,1.80902400e-07,2.89627900e-07,4.13834200e-06,6.07073400e-03,1.27488000e-02,1.58989100e-02,1.27488000e-02,6.07073400e-03,4.13834200e-06,2.89627900e-07,1.80902400e-07,1.57851200e-07,1.51399600e-07,1.49584400e-07
1.49436346e+05,-6.57451400e+00,1.52746400e-07,1.54755600e-07,1.61823900e-07,1.87112100e-07,3.07405200e-07,6.56305200e-06,6.86520600e-03,1.31571200e-02,1.63802600e-02,1.31571200e-02,6.86520600e-03,6.56305200e-06,3.07405200e-07,1.87112100e-07,1.61823900e-07,1.54755600e-07,1.52746400e-07
1.52642458e+05,-6.64321400e+00,1.56379600e-07,1.58626400e-07,1.66449900e-07,1.94516100e-07,3.29454800e-07,1.13372700e-05,7.65688000e-03,1.36210800e-02,1.68530800e-02,1.36210800e-02,7.65688000e-03,1.13372700e-05,3.29454800e-07,1.94516100e-07,1.66449900e-07,1.58626400e-07,1.56379600e-07
1.56440958e+05,-6.73172300e+00,1.60723900e-07,1.63274700e-07,1.72064600e-07,2.03739600e-07,3.58186400e-07,2.15339600e-05,8.43956700e-03,1.41379700e-02,1.73329100e-02,1.41379700e-02,8.43956700e-03,2.15339600e-05,3.58186400e-07,2.03739600e-07,1.72064600e-07,1.63274700e-07,1.60723900e-07
1.60440958e+05,-6.84906800e+00,1.65344600e-07,1.68241100e-07,1.78133800e-07,2.13990200e-07,3.91786000e-07,4.09545000e-05,9.09643000e-03,1.46304500e-02,1.77820200e-02,1.46304500e-02,9.09643000e-03,4.09545000e-05,3.91786000e-07,2.13990200e-07,1.78133800e-07,1.68241100e-07,1.65344600e-07
1.64440958e+05,-6.85319300e+00,1.70012200e-07,1.73280600e-07,1.84365400e-07,2.24806000e-07,4.29250200e-07,7.42338900e-05,9.57470400e-03,1.50725000e-02,1.81967100e-02,1.50725000e-02,9.57470400e-03,7.42338900e-05,4.29250200e-07,2.24806000e-07,1.84365400e-07,1.73280600e-07,1.70012200e-07
1.68440958e+05,-6.84620200e+00,1.74727300e-07,1.78393900e-07,1.90762700e-07,2.36203600e-07,4.71190900e-07,1.27524400e-04,9.90825700e-03,1.54718100e-02,1.85874200e-02,1.54718100e-02,9.90825700e-03,1.27524400e-04,4.71190900e-07,2.36203600e-07,1.90762700e-07,1.78393900e-07,1.74727300e-07
1.72440958e+05,-6.83742600e+00,1.79491300e-07,1.83583100e-07,1.97332100e-07,2.48210600e-07,5.18518000e-07,2.08560400e-04,1.01547300e-02,1.58412800e-02,1.89611600e-02,1.58412800e-02,1.01547300e-02,2.08560400e-04,5.18518000e-07,2.48210600e-07,1.97332100e-07,1.83583100e-07,1.79491300e-07
1.76440958e+05,-6.82555400e+00,1.84306800e-07,1.88852000e-07,2.04084000e-07,2.60868600e-07,5.72605100e-07,3.27285600e-04,1.03545200e-02,1.61944900e-02,1.93251100e-02,1.61944900e-02,1.03545200e-02,3.27285600e-04,5.72605100e-07,2.60868600e-07,2.04084000e-07,1.88852000e-07,1.84306800e-07
1.80440958e+05,-6.80864000e+00,1.89177300e-07,1.94206200e-07,2.11032600e-07,2.74234100e-07,6.35556400e-07,4.96027300e-04,1.05308900e-02,1.65431800e-02,1.96865800e-02,1.65431800e-02,1.05308900e-02,4.96027300e-04,6.35556400e-07,2.74234100e-07,2.11032600e-07,1.94206200e-07,1.89177300e-07
1.84440958e+05,-6.78484400e+00,1.94107800e-07,1.99653000e-07,2.18196600e-07,2.88381600e-07,7.10666100e-07,7.29170200e-04,1.06983900e-02,1.68977200e-02,2.00527400e-02,1.68977200e-02,1.06983900e-02,7.29170200e-04,7.10666100e-07,2.88381600e-07,2.18196600e-07,1.99653000e-07,1.94107800e-07
1.88440958e+05,-6.73645600e+00,1.99104300e-07,2.05202100e-07,2.25600800e-07,3.03408500e-07,8.03239600e-07,1.04238200e-03,1.08681200e-02,1.72682400e-02,2.04311500e-02,1.72682400e-02,1.08681200e-02,1.04238200e-03,8.03239600e-07,3.03408500e-07,2.25600800e-07,2.05202100e-07,1.99104300e-07
1.92357821e+05,-6.65174500e+00,2.04068400e-07,2.10746800e-07,2.33114500e-07,3.19099100e-07,9.19318700e-07,1.44252300e-03,1.10467500e-02,1.76573000e-02,2.08221700e-02,1.76573000e-02,1.10467500e-02,1.44252300e-03,9.19318700e-07,3.19099100e-07,2.33114500e-07,2.10746800e-07,2.04068400e-07
1.95668504e+05,-6.57172800e+00,2.08326700e-07,2.15530900e-07,2.39699500e-07,3.33240600e-07,1.04777700e-06,1.86881100e-03,1.12164400e-02,1.80172800e-02,2.11780800e-02,1.80172800e-02,1.12164400e-02,1.86881100e-03,1.04777700e-06,3.33240600e-07,2.39699500e-07,2.15530900e-07,2.08326700e-07
1.98458871e+05,-6.50518500e+00,2.11965900e-07,2.19641400e-07,2.45440000e-07,3.45885200e-07,1.18930900e-06,2.29924300e-03,1.13806900e-02,1.83494600e-02,2.15030100e-02,1.83494600e-02,1.13806900e-02,2.29924300e-03,1.18930900e-06,3.45885200e-07,2.45440000e-07,2.19641400e-07,2.11965900e-07
2.00882217e+05,-6.45132300e+00,2.15167300e-07,2.23275700e-07,2.50583600e-07,3.57477800e-07,1.34898900e-06,2.72646800e-03,1.15465600e-02,1.86599900e-02,2.18066900e-02,1.86599900e-02,1.15465600e-02,2.72646800e-03,1.34898900e-06,3.57477800e-07,2.50583600e-07,2.23275700e-07,2.15167300e-07
2.03051317e+05,-6.41170400e+00,2.18067500e-07,2.26583400e-07,2.55323800e-07,3.68387500e-07,1.53342000e-06,3.14519700e-03,1.17204500e-02,1.89512400e-02,2.20942500e-02,1.89512400e-02,1.17204500e-02,3.14519700e-03,1.53342000e-06,3.68387500e-07,2.55323800e-07,2.26583400e-07,2.18067500e-07
2.05069100e+05,-6.39458900e+00,2.20796300e-07,2.29709400e-07,2.59856700e-07,3.79026000e-07,1.75361300e-06,3.55681100e-03,1.19094700e-02,1.92280600e-02,2.23709300e-02,1.92280600e-02,1.19094700e-02,3.55681100e-03,1.75361300e-06,3.79026000e-07,2.59856700e-07,2.29709400e-07,2.20796300e-07
2.07096962e+05,-6.43272400e+00,2.23570000e-07,2.32900700e-07,2.64538500e-07,3.90226200e-07,2.03873300e-06,3.98276200e-03,1.21285300e-02,1.95079200e-02,2.26523000e-02,1.95079200e-02,1.21285300e-02,3.98276200e-03,2.03873300e-06,3.90226200e-07,2.64538500e-07,2.32900700e-07,2.23570000e-07
2.09392850e+05,-6.47189000e+00,2.26748900e-07,2.36575500e-07,2.69997700e-07,4.03557900e-07,2.46597300e-06,4.46931800e-03,1.24079700e-02,1.98235100e-02,2.29667000e-02,1.98235100e-02,1.24079700e-02,4.46931800e-03,2.46597300e-06,4.03557900e-07,2.69997700e-07,2.36575500e-07,2.26748900e-07
2.11833362e+05,-6.50331500e+00,2.30173700e-07,2.40555000e-07,2.75992300e-07,4.18533500e-07,3.08818200e-06,4.98788400e-03,1.27298600e-02,2.01554200e-02,2.32879100e-02,2.01554200e-02,1.27298600e-02,4.98788400e-03,3.08818200e-06,4.18533500e-07,2.75992300e-07,2.40555000e-07,2.30173700e-07
2.14486250e+05,-6.54675200e+00,2.33950400e-07,2.44967900e-07,2.82740400e-07,4.35811900e-07,4.04486000e-06,5.54483000e-03,1.30904200e-02,2.05092900e-02,2.36182900e-02,2.05092900e-02,1.30904200e-02,5.54483000e-03,4.04486000e-06,4.35811900e-07,2.82740400e-07,2.44967900e-07,2.33950400e-07
2.17512133e+05,-6.63356700e+00,2.38328100e-07,2.50114800e-07,2.90744500e-07,4.56882300e-07,5.66370900e-06,6.16025500e-03,1.34973600e-02,2.08998900e-02,2.39755900e-02,2.08998900e-02,1.34973600e-02,6.16025500e-03,5.66370900e-06,4.56882300e-07,2.90744500e-07,2.50114800e-07,2.38328100e-07
2.21343025e+05,-6.73492200e+00,2.43978400e-07,2.56807700e-07,3.01365300e-07,4.85799000e-07,8.98120800e-06,6.89042600e-03,1.39932300e-02,2.13661600e-02,2.44071900e-02,2.13661600e-02,1.39932300e-02,6.89042600e-03,8.98120800e-06,4.85799000e-07,3.01365300e-07,2.56807700e-07,2.43978400e-07
2.25343025e+05,-6.72556800e+00,2.50009200e-07,2.64011900e-07,3.13063100e-07,5.18919400e-07,1.49728500e-05,7.59911300e-03,1.44907500e-02,2.18156200e-02,2.48420000e-02,2.18156200e-02,1.44907500e-02,7.59911300e-03,1.49728500e-05,5.18919400e-07,3.13063100e-07,2.64011900e-07,2.50009200e-07
2.29343025e+05,-6.72466100e+00,2.56176400e-07,2.71442300e-07,3.25413000e-07,5.55355500e-07,2.54304300e-05,8.24283300e-03,1.49743400e-02,2.22339200e-02,2.52638000e-02,2.22339200e-02,1.49743400e-02,8.24283300e-03,2.54304300e-05,5.55355500e-07,3.25413000e-07,2.71442300e-07,2.56176400e-07
2.33343025e+05,-6.72893000e+00,2.62483500e-07,2.79106100e-07,3.38447500e-07,5.95515000e-07,4.34590700e-05,8.80344300e-03,1.54452900e-02,2.26323100e-02,2.56734400e-02,2.26323100e-02,1.54452900e-02,8.80344300e-03,4.34590700e-05,5.95515000e-07,3.38447500e-07,2.79106100e-07,2.62483500e-07
2.37343025e+05,-6.73328800e+00,2.68934300e-07,2.87011300e-07,3.52200300e-07,6.39926300e-07,7.37541500e-05,9.25729200e-03,1.59003300e-02,2.30188900e-02,2.60723300e-02,2.30188900e-02,1.59003300e-02,9.25729200e-03,7.37541500e-05,6.39926300e-07,3.52200300e-07,2.87011300e-07,2.68934300e-07
2.41343025e+05,-6.73589700e+00,2.75533100e-07,2.95167000e-07,3.66706300e-07,6.89306100e-07,1.22846300e-04,9.60080400e-03,1.63358900e-02,2.33974900e-02,2.64622400e-02,2.33974900e-02,1.63358900e-02,9.60080400e-03,1.22846300e-04,6.89306100e-07,3.66706300e-07,2.95167000e-07,2.75533100e-07
2.45343025e+05,-6.73470200e+00,2.82285200e-07,3.03584300e-07,3.82006500e-07,7.44689000e-07,1.99497600e-04,9.85977900e-03,1.67529700e-02,2.37697900e-02,2.68450300e-02,2.37697900e-02,1.67529700e-02,9.85977900e-03,1.99497600e-04,7.44689000e-07,3.82006500e-07,3.03584300e-07,2.82285200e-07
2.49343025e+05,-6.72249300e+00,2.89197500e-07,3.12277900e-07,3.98154100e-07,8.07636200e-07,3.15282300e-04,1.00652100e-02,1.71568400e-02,2.41374800e-02,2.72228400e-02,2.41374800e-02,1.71568400e-02,1.00652100e-02,3.15282300e-04,8.07636200e-07,3.98154100e-07,3.12277900e-07,2.89197500e-07
2.53343025e+05,-6.71239100e+00,2.96278600e-07,3.21266700e-07,4.15217000e-07,8.80571200e-07,4.84704300e-04,1.02398300e-02,1.75538800e-02,2.45029200e-02,2.75982000e-02,2.45029200e-02,1.75538800e-02,1.02398300e-02,4.84704300e-04,8.80571200e-07,4.15217000e-07,3.21266700e-07,2.96278600e-07
2.57343025e+05,-6.70897900e+00,3.03538800e-07,3.30574300e-07,4.33279800e-07,9.67329900e-07,7.24010500e-04,1.03990500e-02,1.79493200e-02,2.48688300e-02,2.79737100e-02,2.48688300e-02,1.79493200e-02,1.03990500e-02,7.24010500e-04,9.67329900e-07,4.33279800e-07,3.30574300e-07,3.03538800e-07
2.61343025e+05,-6.73471100e+00,3.10989700e-07,3.40227700e-07,4.52439900e-07,1.07401400e-06,1.04704900e-03,1.05546800e-02,1.83446600e-02,2.52370700e-02,2.83506600e-02,2.52370700e-02,1.83446600e-02,1.05546800e-02,1.04704900e-03,1.07401400e-06,4.52439900e-07,3.40227700e-07,3.10989700e-07
2.65343025e+05,-6.83170700e+00,3.18640900e-07,3.50251700e-07,4.72787800e-07,1.21001900e-06,1.45474000e-03,1.07182800e-02,1.87320800e-02,2.56058900e-02,2.87262700e-02,2.56058900e-02,1.87320800e-02,1.07182800e-02,1.45474000e-03,1.21001900e-06,4.72787800e-07,3.50251700e-07,3.18640900e-07
2.69343025e+05,-6.91223900e+00,3.26497200e-07,3.60661800e-07,4.94382100e-07,1.38874400e-06,1.92441900e-03,1.09027800e-02,1.90947100e-02,2.59675600e-02,2.90927800e-02,2.59675600e-02,1.90947100e-02,1.09027800e-02,1.92441900e-03,1.38874400e-06,4.94382100e-07,3.60661800e-07,3.26497200e-07
2.73343025e+05,-6.89799300e+00,3.34561300e-07,3.71468700e-07,5.17266400e-07,1.62819300e-06,2.42374600e-03,1.11185100e-02,1.94238600e-02,2.63129100e-02,2.94425500e-02,2.63129100e-02,1.94238600e-02,1.11185100e-02,2.42374600e-03,1.62819300e-06,5.17266400e-07,3.71468700e-07,3.34561300e-07
2.77343025e+05,-6.89675900e+00,3.42837800e-07,3.82685500e-07,5.41500600e-07,1.95264500e-06,2.93109700e-03,1.13684600e-02,1.97246400e-02,2.66381000e-02,2.97728000e-02,2.66381000e-02,1.97246400e-02,1.13684600e-02,2.93109700e-03,1.95264500e-06,5.41500600e-07,3.82685500e-07,3.42837800e-07
2.81343025e+05,-6.90110800e+00,3.51334000e-07,3.94330400e-07,5.67169000e-07,2.39573000e-06,3.43624600e-03,1.16483000e-02,2.00064400e-02,2.69450600e-02,3.00854500e-02,2.69450600e-02,2.00064400e-02,1.16483000e-02,3.43624600e-03,2.39573000e-06,5.67169000e-07,3.94330400e-07,3.51334000e-07
2.85343025e+05,-6.90814900e+00,3.60059400e-07,4.06426300e-07,5.94377700e-07,3.00502100e-06,3.93468600e-03,1.19492100e-02,2.02773100e-02,2.72384000e-02,3.03847700e-02,2.72384000e-02,2.02773100e-02,1.19492100e-02,3.93468600e-03,3.00502100e-06,5.94377700e-07,4.06426300e-07,3.60059400e-07
2.89343025e+05,-6.86302000e+00,3.69025600e-07,4.19000600e-07,6.23254300e-07,3.84871700e-06,4.42412100e-03,1.22617000e-02,2.05429500e-02,2.75232700e-02,3.06757000e-02,2.75232700e-02,2.05429500e-02,1.22617000e-02,4.42412100e-03,3.84871700e-06,6.23254300e-07,4.19000600e-07,3.69025600e-07
2.93343025e+05,-6.80486600e+00,3.78246200e-07,4.32085400e-07,6.53949200e-07,5.02561300e-06,4.90319100e-03,1.25787500e-02,2.08072800e-02,2.78043600e-02,3.09629000e-02,2.78043600e-02,2.08072800e-02,1.25787500e-02,4.90319100e-03,5.02561300e-06,6.53949200e-07,4.32085400e-07,3.78246200e-07
2.97343025e+05,-6.74625100e+00,3.87736900e-07,4.45717600e-07,6.86640200e-07,6.68037900e-06,5.37128200e-03,1.28970800e-02,2.10732400e-02,2.80857300e-02,3.12506000e-02,2.80857300e-02,2.10732400e-02,1.28970800e-02,5.37128200e-03,6.68037900e-06,6.86640200e-07,4.45717600e-07,3.87736900e-07
3.01338283e+05,-6.68639800e+00,3.97504100e-07,4.59923400e-07,7.21497100e-07,9.02443100e-06,5.82808500e-03,1.32163000e-02,2.13430800e-02,2.83706700e-02,3.15423100e-02,2.83706700e-02,2.13430800e-02,1.32163000e-02,5.82808500e-03,9.02443100e-06,7.21497100e-07,4.59923400e-07,3.97504100e-07
3.04987088e+05,-6.62336100e+00,4.06695200e-07,4.73458100e-07,7.55484500e-07,1.20429000e-05,6.23893200e-03,1.35111400e-02,2.15957900e-02,2.86376900e-02,3.18161400e-02,2.86376900e-02,2.15957900e-02,1.35111400e-02,6.23893200e-03,1.20429000e-05,7.55484500e-07,4.73458100e-07,4.06695200e-07
3.08165158e+05,-6.56727600e+00,4.14928300e-07,4.85723400e-07,7.86967700e-07,1.56555600e-05,6.59365100e-03,1.37732800e-02,2.18230400e-02,2.88782100e-02,3.20632100e-02,2.88782100e-02,2.18230400e-02,1.37732800e-02,6.59365100e-03,1.56555600e-05,7.86967700e-07,4.85723400e-07,4.14928300e-07
3.10974850e+05,-6.51767800e+00,4.22396900e-07,4.96969000e-07,8.16431500e-07,1.99195800e-05,6.90515100e-03,1.40113000e-02,2.20312500e-02,2.90989800e-02,3.22902700e-02,2.90989800e-02,2.20312500e-02,1.40113000e-02,6.90515100e-03,1.99195800e-05,8.16431500e-07,4.96969000e-07,4.22396900e-07
3.13506362e+05,-6.48095700e+00,4.29289800e-07,5.07451600e-07,8.44438500e-07,2.49370100e-05,7.18443600e-03,1.42325100e-02,2.22262100e-02,2.93060900e-02,3.25034900e-02,2.93060900e-02,2.22262100e-02,1.42325100e-02,7.18443600e-03,2.49370100e-05,8.44438500e-07,5.07451600e-07,4.29289800e-07
3.15905904e+05,-6.48486500e+00,4.35976700e-07,5.17719500e-07,8.72407500e-07,3.10750400e-05,7.44786500e-03,1.44495300e-02,2.24188000e-02,2.95111200e-02,3.27147100e-02,2.95111200e-02,2.24188000e-02,1.44495300e-02,7.44786500e-03,3.10750400e-05,8.72407500e-07,5.17719500e-07,4.35976700e-07
3.18383346e+05,-6.47969300e+00,4.43047700e-07,5.28686000e-07,9.02900400e-07,3.93002000e-05,7.71779400e-03,1.46823400e-02,2.26268300e-02,2.97331000e-02,3.29435300e-02,2.97331000e-02,2.26268300e-02,1.46823400e-02,7.71779400e-03,3.93002000e-05,9.02900400e-07,5.28686000e-07,4.43047700e-07
3.20763833e+05,-6.46964900e+00,4.50013400e-07,5.39602500e-07,9.33935700e-07,4.96356800e-05,7.97570000e-03,1.49158000e-02,2.28368600e-02,2.99577300e-02,3.31754500e-02,2.99577300e-02,2.28368600e-02,1.49158000e-02,7.97570000e-03,4.96356800e-05,9.33935700e-07,5.39602500e-07,4.50013400e-07
3.23150596e+05,-6.49031500e+00,4.57177500e-07,5.50951000e-07,9.66976700e-07,6.32450600e-05,8.23134100e-03,1.51606200e-02,2.30583500e-02,3.01948400e-02,3.34209700e-02,3.01948400e-02,2.30583500e-02,1.51606200e-02,8.23134100e-03,6.32450600e-05,9.66976700e-07,5.50951000e-07,4.57177500e-07
3.25829050e+05,-6.57018700e+00,4.65445000e-07,5.64204200e-07,1.00665600e-06,8.38311600e-05,8.51098300e-03,1.54487100e-02,2.33201500e-02,3.04749000e-02,3.37118500e-02,3.04749000e-02,2.33201500e-02,1.54487100e-02,8.51098300e-03,8.38311600e-05,1.00665600e-06,5.64204200e-07,4.65445000e-07
3.28736671e+05,-6.55479300e+00,4.74708600e-07,5.79257200e-07,1.05330200e-06,1.15093900e-04,8.80108300e-03,1.57763900e-02,2.36187900e-02,3.07939800e-02,3.40427900e-02,3.07939800e-02,2.36187900e-02,1.57763900e-02,8.80108300e-03,1.15093900e-04,1.05330200e-06,5.79257200e-07,4.74708600e-07
3.31644429e+05,-6.57163500e+00,4.84289100e-07,5.95052200e-07,1.10428800e-06,1.59582100e-04,9.07104800e-03,1.61163800e-02,2.39286400e-02,3.11246900e-02,3.43822800e-02,3.11246900e-02,2.39286400e-02,1.61163800e-02,9.07104800e-03,1.59582100e-04,1.10428800e-06,5.95052200e-07,4.84289100e-07
3.34721896e+05,-6.60466600e+00,4.94784400e-07,6.12614300e-07,1.16380500e-06,2.26767100e-04,9.32818600e-03,1.64802200e-02,2.42615200e-02,3.14781500e-02,3.47395300e-02,3.14781500e-02,2.42615200e-02,1.64802200e-02,9.32818600e-03,2.26767100e-04,1.16380500e-06,6.12614300e-07,4.94784400e-07
3.38067237e+05,-6.64347500e+00,5.06617600e-07,6.32726400e-07,1.23631200e-06,3.31291200e-04,9.57339200e-03,1.68664100e-02,2.46202300e-02,3.18539600e-02,3.51144400e-02,3.18539600e-02,2.46202300e-02,1.68664100e-02,9.57339200e-03,3.31291200e-04,1.23631200e-06,6.32726400e-07,5.06617600e-07
3.41721017e+05,-6.68028300e+00,5.20061700e-07,6.55957400e-07,1.32726000e-06,4.93663900e-04,9.80661100e-03,1.72659100e-02,2.49996500e-02,3.22443200e-02,3.55011600e-02,3.22443200e-02,2.49996500e-02,1.72659100e-02,9.80661100e-03,4.93663900e-04,1.32726000e-06,6.55957400e-07,5.20061700e-07
3.45660796e+05,-6.71258400e+00,5.35192200e-07,6.82563700e-07,1.44379000e-06,7.36771400e-04,1.00295800e-02,1.76674300e-02,2.53886100e-02,3.26386200e-02,3.58911500e-02,3.26386200e-02,2.53886100e-02,1.76674300e-02,1.00295800e-02,7.36771400e-04,1.44379000e-06,6.82563700e-07,5.35192200e-07
3.49660796e+05,-6.75230600e+00,5.51263900e-07,7.11332700e-07,1.58974000e-06,1.06130800e-03,1.02400600e-02,1.80451700e-02,2.57609300e-02,3.30137400e-02,3.62627400e-02,3.30137400e-02,2.57609300e-02,1.80451700e-02,1.02400600e-02,1.06130800e-03,1.58974000e-06,7.11332700e-07,5.51263900e-07
3.53660796e+05,-6.83485600e+00,5.68086400e-07,7.41966800e-07,1.77561000e-06,1.45281200e-03,1.04492900e-02,1.83910300e-02,2.61110100e-02,3.33675800e-02,3.66143000e-02,3.33675800e-02,2.61110100e-02,1.83910300e-02,1.04492900e-02,1.45281200e-03,1.77561000e-06,7.41966800e-07,5.68086400e-07
3.57660796e+05,-6.95215900e+00,5.85689700e-07,7.74546900e-07,2.01797700e-06,1.88639500e-03,1.06690900e-02,1.87041800e-02,2.64393000e-02,3.37028500e-02,3.69487300e-02,3.37028500e-02,2.64393000e-02,1.87041800e-02,1.06690900e-02,1.88639500e-03,2.01797700e-06,7.74546900e-07,5.85689700e-07
3.61660796e+05,-6.93872400e+00,6.04105000e-07,8.09166500e-07,2.33917000e-06,2.33959700e-03,1.09053900e-02,1.89893100e-02,2.67428100e-02,3.39986200e-02,3.72298800e-02,3.39986200e-02,2.67428100e-02,1.89893100e-02,1.09053900e-02,2.33959700e-03,2.33917000e-06,8.09166500e-07,6.04105000e-07
3.65660796e+05,-6.90843900e+00,6.23356200e-07,8.45910000e-07,2.76895300e-06,2.79705700e-03,1.11570800e-02,1.92442900e-02,2.69727500e-02,3.41189100e-02,3.72914600e-02,3.41189100e-02,2.69727500e-02,1.92442900e-02,1.11570800e-02,2.79705700e-03,2.76895300e-06,8.45910000e-07,6.23356200e-07
3.69660796e+05,-6.88757300e+00,6.43460200e-07,8.84848600e-07,3.34683800e-06,3.24827800e-03,1.14172600e-02,1.94658100e-02,2.71343100e-02,3.41641200e-02,3.73031800e-02,3.41641200e-02,2.71343100e-02,1.94658100e-02,1.14172600e-02,3.24827800e-03,3.34683800e-06,8.84848600e-07,6.43460200e-07
3.73660796e+05,-6.87425200e+00,6.64442900e-07,9.26081800e-07,4.12623400e-06,3.68670400e-03,1.16784600e-02,1.96575700e-02,2.72516600e-02,3.41841500e-02,3.73062100e-02,3.41841500e-02,2.72516600e-02,1.96575700e-02,1.16784600e-02,3.68670400e-03,4.12623400e-06,9.26081800e-07,6.64442900e-07
3.77660796e+05,-6.86663000e+00,6.86336100e-07,9.69728400e-07,5.17907400e-06,4.10817000e-03,1.19349700e-02,1.98249800e-02,2.73402700e-02,3.41940800e-02,3.73071800e-02,3.41940800e-02,2.73402700e-02,1.98249800e-02,1.19349700e-02,4.10817000e-03,5.17907400e-06,9.69728400e-07,6.86336100e-07
3.81660796e+05,-6.86318300e+00,7.09175300e-07,1.01592300e-06,6.60171200e-06,4.51018300e-03,1.21834500e-02,1.99728200e-02,2.74093700e-02,3.41994100e-02,3.73075600e-02,3.41994100e-02,2.74093700e-02,1.99728200e-02,1.21834500e-02,4.51018300e-03,6.60171200e-06,1.01592300e-06,7.09175300e-07
3.85660796e+05,-6.86278900e+00,7.32998900e-07,1.06481400e-06,8.52244600e-06,4.89153900e-03,1.24225500e-02,2.01048800e-02,2.74646600e-02,3.42024800e-02,3.73077200e-02,3.42024800e-02,2.74646600e-02,2.01048800e-02,1.24225500e-02,4.89153900e-03,8.52244600e-06,1.06481400e-06,7.32998900e-07
3.89660796e+05,-6.86478800e+00,7.57848100e-07,1.11656600e-06,1.11110600e-05,5.25201600e-03,1.26521100e-02,2.02240700e-02,2.75098300e-02,3.42043400e-02,3.73078000e-02,3.42043400e-02,2.75098300e-02,2.02240700e-02,1.26521100e-02,5.25201600e-03,1.11110600e-05,1.11656600e-06,7.57848100e-07
3.93660796e+05,-6.86923200e+00,7.83766800e-07,1.17136000e-06,1.45907300e-05,5.59209500e-03,1.28726100e-02,2.03326300e-02,2.75473600e-02,3.42055200e-02,3.73078400e-02,3.42055200e-02,2.75473600e-02,2.03326300e-02,1.28726100e-02,5.59209500e-03,1.45907300e-05,1.17136000e-06,7.83766800e-07
3.97660796e+05,-6.87767500e+00,8.10801100e-07,1.22939700e-06,1.92525800e-05,5.91270700e-03,1.30847200e-02,2.04322700e-02,2.75790000e-02,3.42063000e-02,3.73078700e-02,3.42063000e-02,2.75790000e-02,2.04322700e-02,1.30847200e-02,5.91270700e-03,1.92525800e-05,1.22939700e-06,8.10801100e-07
4.01660796e+05,-6.89505500e+00,8.38999400e-07,1.29090100e-06,2.54727400e-05,6.21502800e-03,1.32890900e-02,2.05243600e-02,2.76060000e-02,3.42068400e-02,3.73078800e-02,3.42068400e-02,2.76060000e-02,2.05243600e-02,1.32890900e-02,6.21502800e-03,2.54727400e-05,1.29090100e-06,8.38999400e-07
4.05660796e+05,-6.93191600e+00,8.68410800e-07,1.35611600e-06,3.37301400e-05,6.50030700e-03,1.34861500e-02,2.06099600e-02,2.76292800e-02,3.42072200e-02,3.73078900e-02,3.42072200e-02,2.76292800e-02,2.06099600e-02,1.34861500e-02,6.50030700e-03,3.37301400e-05,1.35611600e-06,8.68410800e-07
4.09660796e+05,-6.97872800e+00,8.99081800e-07,1.42530600e-06,4.46207100e-05,6.76973300e-03,1.36760300e-02,2.06898900e-02,2.76495200e-02,3.42074900e-02,3.73079000e-02,3.42074900e-02,2.76495200e-02,2.06898900e-02,1.36760300e-02,6.76973300e-03,4.46207100e-05,1.42530600e-06,8.99081800e-07
4.13660796e+05,-6.99958900e+00,9.31054100e-07,1.49874700e-06,5.88621400e-05,7.02437900e-03,1.38584300e-02,2.07647700e-02,2.76672400e-02,3.42077000e-02,3.73079000e-02,3.42077000e-02,2.76672400e-02,2.07647700e-02,1.38584300e-02,7.02437900e-03,5.88621400e-05,1.49874700e-06,9.31054100e-07
4.17660796e+05,-7.02990200e+00,9.64365100e-07,1.57674200e-06,7.72898500e-05,7.26522100e-03,1.40328000e-02,2.08350700e-02,2.76828300e-02,3.42078500e-02,3.73079000e-02,3.42078500e-02,2.76828300e-02,2.08350700e-02,1.40328000e-02,7.26522100e-03,7.72898500e-05,1.57674200e-06,9.64365100e-07
4.21660796e+05,-7.07325000e+00,9.99051600e-07,1.65964600e-06,1.00849800e-04,7.49309200e-03,1.41986800e-02,2.09012300e-02,2.76965800e-02,3.42079700e-02,3.73079100e-02,3.42079700e-02,2.76965800e-02,2.09012300e-02,1.41986800e-02,7.49309200e-03,1.00849800e-04,1.65964600e-06,9.99051600e-07
4.25660796e+05,-7.09940000e+00,1.03515300e-06,1.74788800e-06,1.30586300e-04,7.70855300e-03,1.43558300e-02,2.09635900e-02,2.77087700e-02,3.42080600e-02,3.73079100e-02,3.42080600e-02,2.77087700e-02,2.09635900e-02,1.43558300e-02,7.70855300e-03,1.30586300e-04,1.74788800e-06,1.03515300e-06
4.29660796e+05,-7.11576400e+00,1.07271100e-06,1.84199100e-06,1.67618100e-04,7.91179700e-03,1.45043200e-02,2.10224600e-02,2.77196000e-02,3.42081300e-02,3.73079100e-02,3.42081300e-02,2.77196000e-02,2.10224600e-02,1.45043200e-02,7.91179700e-03,1.67618100e-04,1.84199100e-06,1.07271100e-06
4.33660796e+05,-7.09503900e+00,1.11177100e-06,1.94259200e-06,2.13097400e-04,8.10267400e-03,1.46443900e-02,2.10781200e-02,2.77292500e-02,3.42081900e-02,3.73079100e-02,3.42081900e-02,2.77292500e-02,2.10781200e-02,1.46443900e-02,8.10267400e-03,2.13097400e-04,1.94259200e-06,1.11177100e-06
4.37660796e+05,-7.07509300e+00,1.15238200e-06,2.05047300e-06,2.68153700e-04,8.28082900e-03,1.47764400e-02,2.11307900e-02,2.77378900e-02,3.42082400e-02,3.73079100e-02,3.42082400e-02,2.77378900e-02,2.11307900e-02,1.47764400e-02,8.28082900e-03,2.68153700e-04,2.05047300e-06,1.15238200e-06
4.41660796e+05,-7.05577000e+00,1.19459600e-06,2.16658400e-06,3.33824700e-04,8.44593200e-03,1.49009200e-02,2.11806600e-02,2.77456300e-02,3.42082800e-02,3.73079100e-02,3.42082800e-02,2.77456300e-02,2.11806600e-02,1.49009200e-02,8.44593200e-03,3.33824700e-04,2.16658400e-06,1.19459600e-06
4.45660796e+05,-7.03690800e+00,1.23847000e-06,2.29208000e-06,4.10981000e-04,8.59791200e-03,1.50182900e-02,2.12279200e-02,2.77526000e-02,3.42083100e-02,3.73079100e-02,3.42083100e-02,2.77526000e-02,2.12279200e-02,1.50182900e-02,8.59791200e-03,4.10981000e-04,2.29208000e-06,1.23847000e-06
4.49660796e+05,-7.01834300e+00,1.28406600e-06,2.42835500e-06,5.00256700e-04,8.73712500e-03,1.51290500e-02,2.12727400e-02,2.77588900e-02,3.42083400e-02,3.73079100e-02,3.42083400e-02,2.77588900e-02,2.12727400e-02,1.51290500e-02,8.73712500e-03,5.00256700e-04,2.42835500e-06,1.28406600e-06
4.53660796e+05,-6.99992400e+00,1.33144900e-06,2.57708300e-06,6.01991900e-04,8.86438400e-03,1.52336600e-02,2.13152800e-02,2.77645900e-02,3.42083600e-02,3.73079100e-02,3.42083600e-02,2.77645900e-02,2.13152800e-02,1.52336600e-02,8.86438400e-03,6.01991900e-04,2.57708300e-06,1.33144900e-06
4.57660796e+05,-6.98153900e+00,1.38068900e-06,2.74026500e-06,7.16191200e-04,8.98087100e-03,1.53325600e-02,2.13556700e-02,2.77697600e-02,3.42083800e-02,3.73079100e-02,3.42083800e-02,2.77697600e-02,2.13556700e-02,1.53325600e-02,8.98087100e-03,7.16191200e-04,2.74026500e-06,1.38068900e-06
4.61660796e+05,-6.96318100e+00,1.43186100e-06,2.92027500e-06,8.42498500e-04,9.08798600e-03,1.54261600e-02,2.13940500e-02,2.77744700e-02,3.42084000e-02,3.73079100e-02,3.42084000e-02,2.77744700e-02,2.13940500e-02,1.54261600e-02,9.08798600e-03,8.42498500e-04,2.92027500e-06,1.43186100e-06
4.65660796e+05,-6.94511200e+00,1.48504100e-06,3.11991400e-06,9.80186600e-04,9.18719400e-03,1.55148100e-02,2.14305600e-02,2.77787800e-02,3.42084100e-02,3.73079100e-02,3.42084100e-02,2.77787800e-02,2.14305600e-02,1.55148100e-02,9.18719400e-03,9.80186600e-04,3.11991400e-06,1.48504100e-06
4.69660796e+05,-6.92828200e+00,1.54031100e-06,3.34245700e-06,1.12816700e-03,9.27991700e-03,1.55988200e-02,2.14653100e-02,2.77827200e-02,3.42084300e-02,3.73079100e-02,3.42084300e-02,2.77827200e-02,2.14653100e-02,1.55988200e-02,9.27991700e-03,1.12816700e-03,3.34245700e-06,1.54031100e-06
4.73660796e+05,-6.91538300e+00,1.59775200e-06,3.59170600e-06,1.28503200e-03,9.36746800e-03,1.56784300e-02,2.14984000e-02,2.77863500e-02,3.42084400e-02,3.73079100e-02,3.42084400e-02,2.77863500e-02,2.14984000e-02,1.56784300e-02,9.36746800e-03,1.28503200e-03,3.59170600e-06,1.59775200e-06
4.77660796e+05,-6.91303900e+00,1.65744600e-06,3.87204100e-06,1.44913300e-03,9.45100800e-03,1.57538400e-02,2.15299400e-02,2.77896900e-02,3.42084500e-02,3.73079100e-02,3.42084500e-02,2.77896900e-02,2.15299400e-02,1.57538400e-02,9.45100800e-03,1.44913300e-03,3.87204100e-06,1.65744600e-06
4.81660796e+05,-6.93367400e+00,1.71947900e-06,4.18846400e-06,1.61870200e-03,9.53153200e-03,1.58252400e-02,2.15600100e-02,2.77927700e-02,3.42084500e-02,3.73079100e-02,3.42084500e-02,2.77927700e-02,2.15600100e-02,1.58252400e-02,9.53153200e-03,1.61870200e-03,4.18846400e-06,1.71947900e-06
4.85660796e+05,-6.92795500e+00,1.78393200e-06,4.54665200e-06,1.79198400e-03,9.60985800e-03,1.58927900e-02,2.15887000e-02,2.77956200e-02,3.42084600e-02,3.73079100e-02,3.42084600e-02,2.77956200e-02,2.15887000e-02,1.58927900e-02,9.60985800e-03,1.79198400e-03,4.54665200e-06,1.78393200e-06
4.89660796e+05,-6.93553500e+00,1.85089100e-06,4.95301200e-06,1.96735000e-03,9.68663800e-03,1.59567100e-02,2.16160600e-02,2.77982700e-02,3.42084700e-02,3.73079100e-02,3.42084700e-02,2.77982700e-02,2.16160600e-02,1.59567100e-02,9.68663800e-03,1.96735000e-03,4.95301200e-06,1.85089100e-06
4.93660796e+05,-6.96216500e+00,1.92043700e-06,5.41474700e-06,2.14337100e-03,9.76237300e-03,1.60172000e-02,2.16421600e-02,2.78007300e-02,3.42084800e-02,3.73079100e-02,3.42084800e-02,2.78007300e-02,2.16421600e-02,1.60172000e-02,9.76237300e-03,2.14337100e-03,5.41474700e-06,1.92043700e-06
4.97660796e+05,-7.01410800e+00,1.99265400e-06,5.93994300e-06,2.31885700e-03,9.83743200e-03,1.60744800e-02,2.16670700e-02,2.78030300e-02,3.42084800e-02,3.73079100e-02,3.42084800e-02,2.78030300e-02,2.16670700e-02,1.60744800e-02,9.83743200e-03,2.31885700e-03,5.93994300e-06,1.99265400e-06
5.01660796e+05,-7.08541500e+00,2.06762500e-06,6.53764900e-06,2.49285200e-03,9.91207400e-03,1.61287900e-02,2.16908500e-02,2.78051600e-02,3.42084900e-02,3.73079100e-02,3.42084900e-02,2.78051600e-02,2.16908500e-02,1.61287900e-02,9.91207400e-03,2.49285200e-03,6.53764900e-06,2.06762500e-06
5.05660796e+05,-7.09497100e+00,2.14543300e-06,7.21797700e-06,2.66460900e-03,9.98647100e-03,1.61803600e-02,2.17135400e-02,2.78071600e-02,3.42084900e-02,3.73079100e-02,3.42084900e-02,2.78071600e-02,2.17135400e-02,1.61803600e-02,9.98647100e-03,2.66460900e-03,7.21797700e-06,2.14543300e-06
5.09660796e+05,-7.11097500e+00,2.22616200e-06,7.99222500e-06,2.83357000e-03,1.00607300e-02,1.62294000e-02,2.17352100e-02,2.78090300e-02,3.42084900e-02,3.73079100e-02,3.42084900e-02,2.78090300e-02,2.17352100e-02,1.62294000e-02,1.00607300e-02,2.83357000e-03,7.99222500e-06,2.22616200e-06
5.13660796e+05,-7.13039100e+00,2.30989700e-06,8.87302100e-06,2.99933200e-03,1.01348900e-02,1.62761300e-02,2.17559000e-02,2.78107800e-02,3.42085000e-02,3.73079100e-02,3.42085000e-02,2.78107800e-02,2.17559000e-02,1.62761300e-02,1.01348900e-02,2.99933200e-03,8.87302100e-06,2.30989700e-06
5.17660796e+05,-7.15094600e+00,2.39673000e-06,9.87447500e-06,3.16162100e-03,1.02089800e-02,1.63207400e-02,2.17756800e-02,2.78124200e-02,3.42085000e-02,3.73079100e-02,3.42085000e-02,2.78124200e-02,2.17756800e-02,1.63207400e-02,1.02089800e-02,3.16162100e-03,9.87447500e-06,2.39673000e-06
5.21660796e+05,-7.17126000e+00,2.48675500e-06,1.10123400e-05,3.32026700e-03,1.02829900e-02,1.63634100e-02,2.17945900e-02,2.78139600e-02,3.42085100e-02,3.73079100e-02,3.42085100e-02,2.78139600e-02,2.17945900e-02,1.63634100e-02,1.02829900e-02,3.32026700e-03,1.10123400e-05,2.48675500e-06
5.25660796e+05,-7.19060700e+00,2.58007000e-06,1.23042100e-05,3.47517400e-03,1.03568900e-02,1.64043100e-02,2.18126900e-02,2.78154100e-02,3.42085100e-02,3.73079100e-02,3.42085100e-02,2.78154100e-02,2.18126900e-02,1.64043100e-02,1.03568900e-02,3.47517400e-03,1.23042100e-05,2.58007000e-06
5.29660796e+05,-7.20868200e+00,2.67677700e-06,1.37696400e-05,3.62631000e-03,1.04306400e-02,1.64435900e-02,2.18300200e-02,2.78167700e-02,3.42085100e-02,3.73079100e-02,3.42085100e-02,2.78167700e-02,2.18300200e-02,1.64435900e-02,1.04306400e-02,3.62631000e-03,1.37696400e-05,2.67677700e-06
5.33660796e+05,-7.22544100e+00,2.77698100e-06,1.54304400e-05,3.77368200e-03,1.05041800e-02,1.64813900e-02,2.18466300e-02,2.78180600e-02,3.42085100e-02,3.73079100e-02,3.42085100e-02,2.78180600e-02,2.18466300e-02,1.64813900e-02,1.05041800e-02,3.77368200e-03,1.54304400e-05,2.77698100e-06
5.37660796e+05,-7.24102800e+00,2.88079200e-06,1.73108100e-05,3.91733600e-03,1.05774700e-02,1.65178200e-02,2.18625800e-02,2.78192700e-02,3.42085200e-02,3.73079100e-02,3.42085200e-02,2.78192700e-02,2.18625800e-02,1.65178200e-02,1.05774700e-02,3.91733600e-03,1.73108100e-05,2.88079200e-06
5.41660796e+05,-7.25573900e+00,2.98832500e-06,1.94376000e-05,4.05733800e-03,1.06504400e-02,1.65530100e-02,2.18778900e-02,2.78204200e-02,3.42085200e-02,3.73079100e-02,3.42085200e-02,2.78204200e-02,2.18778900e-02,1.65530100e-02,1.06504400e-02,4.05733800e-03,1.94376000e-05,2.98832500e-06
5.45660796e+05,-7.27000900e+00,3.09969900e-06,2.18405600e-05,4.19377400e-03,1.07230500e-02,1.65870500e-02,2.18926100e-02,2.78215100e-02,3.42085200e-02,3.73079100e-02,3.42085200e-02,2.78215100e-02,2.18926100e-02,1.65870500e-02,1.07230500e-02,4.19377400e-03,2.18405600e-05,3.09969900e-06
5.49660796e+05,-7.28442500e+00,3.21503800e-06,2.45526000e-05,4.32674200e-03,1.07952400e-02,1.66200300e-02,2.19067800e-02,2.78225500e-02,3.42085200e-02,3.73079100e-02,3.42085200e-02,2.78225500e-02,2.19067800e-02,1.66200300e-02,1.07952400e-02,4.32674200e-03,2.45526000e-05,3.21503800e-06
5.53660796e+05,-7.29972900e+00,3.33446900e-06,2.76100100e-05,4.45635000e-03,1.08669700e-02,1.66520300e-02,2.19204300e-02,2.78235300e-02,3.42085200e-02,3.73079100e-02,3.42085200e-02,2.78235300e-02,2.19204300e-02,1.66520300e-02,1.08669700e-02,4.45635000e-03,2.76100100e-05,3.33446900e-06
5.57660796e+05,-7.31680000e+00,3.45812900e-06,3.10528300e-05,4.58271000e-03,1.09381900e-02,1.66831200e-02,2.19336000e-02,2.78244600e-02,3.42085300e-02,3.73079100e-02,3.42085300e-02,2.78244600e-02,2.19336000e-02,1.66831200e-02,1.09381900e-02,4.58271000e-03,3.10528300e-05,3.45812900e-06
5.61660796e+05,-7.31747200e+00,3.58615800e-06,3.49250200e-05,4.70593900e-03,1.10088600e-02,1.67133800e-02,2.19463100e-02,2.78253500e-02,3.42085300e-02,3.73079100e-02,3.42085300e-02,2.78253500e-02,2.19463100e-02,1.67133800e-02,1.10088600e-02,4.70593900e-03,3.49250200e-05,3.58615800e-06
5.65660796e+05,-7.31736800e+00,3.71870400e-06,3.92748400e-05,4.82615600e-03,1.10789500e-02,1.67428500e-02,2.19585900e-02,2.78262000e-02,3.42085300e-02,3.73079100e-02,3.42085300e-02,2.78262000e-02,2.19585900e-02,1.67428500e-02,1.10789500e-02,4.82615600e-03,3.92748400e-05,3.71870400e-06
5.69660796e+05,-7.31797500e+00,3.85592200e-06,4.41551100e-05,4.94347900e-03,1.11484300e-02,1.67716000e-02,2.19704800e-02,2.78270100e-02,3.42085300e-02,3.73079100e-02,3.42085300e-02,2.78270100e-02,2.19704800e-02,1.67716000e-02,1.11484300e-02,4.94347900e-03,4.41551100e-05,3.85592200e-06
5.73660796e+05,-7.31962600e+00,3.99797500e-06,4.96234300e-05,5.05802600e-03,1.12172700e-02,1.67996600e-02,2.19819800e-02,2.78277800e-02,3.42085300e-02,3.73079100e-02,3.42085300e-02,2.78277800e-02,2.19819800e-02,1.67996600e-02,1.12172700e-02,5.05802600e-03,4.96234300e-05,3.99797500e-06
5.77660796e+05,-7.32276600e+00,4.14503500e-06,5.57424900e-05,5.16991500e-03,1.12854700e-02,1.68270900e-02,2.19931400e-02,2.78285200e-02,3.42085300e-02,3.73079100e-02,3.42085300e-02,2.78285200e-02,2.19931400e-02,1.68270900e-02,1.12854700e-02,5.16991500e-03,5.57424900e-05,4.14503500e-06
5.81660796e+05,-7.32796700e+00,4.29728300e-06,6.25802700e-05,5.27926100e-03,1.13529900e-02,1.68539300e-02,2.20039500e-02,2.78292300e-02,3.42085300e-02,3.73079100e-02,3.42085300e-02,2.78292300e-02,2.20039500e-02,1.68539300e-02,1.13529900e-02,5.27926100e-03,6.25802700e-05,4.29728300e-06
5.85660796e+05,-7.33593300e+00,4.45490900e-06,7.02101400e-05,5.38617700e-03,1.14198300e-02,1.68802100e-02,2.20144600e-02,2.78299100e-02,3.42085400e-02,3.73079100e-02,3.42085400e-02,2.78299100e-02,2.20144600e-02,1.68802100e-02,1.14198300e-02,5.38617700e-03,7.02101400e-05,4.45490900e-06
5.89660796e+05,-7.34746200e+00,4.61811700e-06,7.87110000e-05,5.49077300e-03,1.14859600e-02,1.69059600e-02,2.20246700e-02,2.78305600e-02,3.42085400e-02,3.73079100e-02,3.42085400e-02,2.78305600e-02,2.20246700e-02,1.69059600e-02,1.14859600e-02,5.49077300e-03,7.87110000e-05,4.61811700e-06
5.93660796e+05,-7.36335300e+00,4.78712100e-06,8.81671400e-05,5.59315600e-03,1.15513700e-02,1.69312100e-02,2.20345900e-02,2.78311800e-02,3.42085400e-02,3.73079100e-02,3.42085400e-02,2.78311800e-02,2.20345900e-02,1.69312100e-02,1.15513700e-02,5.59315600e-03,8.81671400e-05,4.78712100e-06
5.97660796e+05,-7.38423800e+00,4.96214500e-06,9.86681000e-05,5.69343000e-03,1.16160500e-02,1.69559900e-02,2.20442500e-02,2.78317800e-02,3.42085400e-02,3.73079100e-02,3.42085400e-02,2.78317800e-02,2.20442500e-02,1.69559900e-02,1.16160500e-02,5.69343000e-03,9.86681000e-05,4.96214500e-06
6.01660796e+05,-7.40380200e+00,5.14343100e-06,1.10308200e-04,5.79169500e-03,1.16799800e-02,1.69803100e-02,2.20536600e-02,2.78323600e-02,3.42085400e-02,3.73079100e-02,3.42085400e-02,2.78323600e-02,2.20536600e-02,1.69803100e-02,1.16799800e-02,5.79169500e-03,1.10308200e-04,5.14343100e-06
6.05660796e+05,-7.41149700e+00,5.33123000e-06,1.23186100e-04,5.88805000e-03,1.17431200e-02,1.70042100e-02,2.20628200e-02,2.78329200e-02,3.42085400e-02,3.73079100e-02,3.42085400e-02,2.78329200e-02,2.20628200e-02,1.70042100e-02,1.17431200e-02,5.88805000e-03,1.23186100e-04,5.33123000e-06
6.09660796e+05,-7.42021500e+00,5.52581100e-06,1.37404000e-04,5.98258700e-03,1.18054600e-02,1.70277000e-02,2.20717500e-02,2.78334600e-02,3.42085400e-02,3.73079100e-02,3.42085400e-02,2.78334600e-02,2.20717500e-02,1.70277000e-02,1.18054600e-02,5.98258700e-03,1.37404000e-04,5.52581100e-06
6.13660796e+05,-7.42979100e+00,5.72746300e-06,1.53066900e-04,6.07540200e-03,1.18669700e-02,1.70507800e-02,2.20804600e-02,2.78339700e-02,3.42085400e-02,3.73079100e-02,3.42085400e-02,2.78339700e-02,2.20804600e-02,1.70507800e-02,1.18669700e-02,6.07540200e-03,1.53066900e-04,5.72746300e-06
6.17660796e+05,-7.44005200e+00,5.93649400e-06,1.70281600e-04,6.16658800e-03,1.19276100e-02,1.70734900e-02,2.20889600e-02,2.78344700e-02,3.42085400e-02,3.73079100e-02,3.42085400e-02,2.78344700e-02,2.20889600e-02,1.70734900e-02,1.19276100e-02,6.16658800e-03,1.70281600e-04,5.93649400e-06
6.21660796e+05,-7.45082300e+00,6.15324000e-06,1.89156400e-04,6.25623600e-03,1.19873600e-02,1.70958300e-02,2.20972500e-02,2.78349500e-02,3.42085400e-02,3.73079100e-02,3.42085400e-02,2.78349500e-02,2.20972500e-02,1.70958300e-02,1.19873600e-02,6.25623600e-03,1.89156400e-04,6.15324000e-06
6.25660796e+05,-7.46194200e+00,6.37806500e-06,2.09799600e-04,6.34444000e-03,1.20461800e-02,1.71178100e-02,2.21053400e-02,2.78354200e-02,3.42085400e-02,3.73079100e-02,3.42085400e-02,2.78354200e-02,2.21053400e-02,1.71178100e-02,1.20461800e-02,6.34444000e-03,2.09799600e-04,6.37806500e-06
6.29660796e+05,-7.47326100e+00,6.61136700e-06,2.32318900e-04,6.43129200e-03,1.21040700e-02,1.71394400e-02,2.21132400e-02,2.78358700e-02,3.42085400e-02,3.73079200e-02,3.42085400e-02,2.78358700e-02,2.21132400e-02,1.71394400e-02,1.21040700e-02,6.43129200e-03,2.32318900e-04,6.61136700e-06
6.33660796e+05,-7.48465500e+00,6.85358400e-06,2.56820900e-04,6.51688200e-03,1.21609900e-02,1.71607500e-02,2.21209600e-02,2.78363000e-02,3.42085500e-02,3.73079200e-02,3.42085500e-02,2.78363000e-02,2.21209600e-02,1.71607500e-02,1.21609900e-02,6.51688200e-03,2.56820900e-04,6.85358400e-06
6.37660796e+05,-7.49602100e+00,7.10519600e-06,2.83409300e-04,6.60129800e-03,1.22169500e-02,1.71817400e-02,2.21285000e-02,2.78367200e-02,3.42085500e-02,3.73079200e-02,3.42085500e-02,2.78367200e-02,2.21285000e-02,1.71817400e-02,1.22169500e-02,6.60129800e-03,2.83409300e-04,7.10519600e-06
6.41660796e+05,-7.50727600e+00,7.36672900e-06,3.12185100e-04,6.68462400e-03,1.22719300e-02,1.72024200e-02,2.21358700e-02,2.78371300e-02,3.42085500e-02,3.73079200e-02,3.42085500e-02,2.78371300e-02,2.21358700e-02,1.72024200e-02,1.22719300e-02,6.68462400e-03,3.12185100e-04,7.36672900e-06
6.45660796e+05,-7.51835600e+00,7.63876200e-06,3.43244400e-04,6.76693700e-03,1.23259500e-02,1.72228100e-02,2.21430700e-02,2.78375200e-02,3.42085500e-02,3.73079200e-02,3.42085500e-02,2.78375200e-02,2.21430700e-02,1.72228100e-02,1.23259500e-02,6.76693700e-03,3.43244400e-04,7.63876200e-06
6.49660796e+05,-7.52921000e+00,7.92193100e-06,3.76678200e-04,6.84831000e-03,1.23790000e-02,1.72429100e-02,2.21501100e-02,2.78379000e-02,3.42085500e-02,3.73079200e-02,3.42085500e-02,2.78379000e-02,2.21501100e-02,1.72429100e-02,1.23790000e-02,6.84831000e-03,3.76678200e-04,7.92193100e-06
6.53660796e+05,-7.53980400e+00,8.21693400e-06,4.12571000e-04,6.92880800e-03,1.24311000e-02,1.72627400e-02,2.21570000e-02,2.78382700e-02,3.42085500e-02,3.73079200e-02,3.42085500e-02,2.78382700e-02,2.21570000e-02,1.72627400e-02,1.24311000e-02,6.92880800e-03,4.12571000e-04,8.21693400e-06
6.57660796e+05,-7.55011100e+00,8.52453600e-06,4.50999800e-04,7.00848700e-03,1.24822700e-02,1.72823100e-02,2.21637400e-02,2.78386300e-02,3.42085500e-02,3.73079200e-02,3.42085500e-02,2.78386300e-02,2.21637400e-02,1.72823100e-02,1.24822700e-02,7.00848700e-03,4.50999800e-04,8.52453600e-06
6.61660796e+05,-7.56011400e+00,8.84557800e-06,4.92033000e-04,7.08739600e-03,1.25325300e-02,1.73016300e-02,2.21703400e-02,2.78389800e-02,3.42085500e-02,3.73079200e-02,3.42085500e-02,2.78389800e-02,2.21703400e-02,1.73016300e-02,1.25325300e-02,7.08739600e-03,4.92033000e-04,8.84557800e-06
6.65660796e+05,-7.56980500e+00,9.18098000e-06,5.35729300e-04,7.16557300e-03,1.25819100e-02,1.73207100e-02,2.21767900e-02,2.78393200e-02,3.42085500e-02,3.73079200e-02,3.42085500e-02,2.78393200e-02,2.21767900e-02,1.73207100e-02,1.25819100e-02,7.16557300e-03,5.35729300e-04,9.18098000e-06
6.69660796e+05,-7.57917700e+00,9.53175000e-06,5.82136800e-04,7.24304700e-03,1.26304200e-02,1.73395500e-02,2.21831200e-02,2.78396500e-02,3.42085500e-02,3.73079200e-02,3.42085500e-02,2.78396500e-02,2.21831200e-02,1.73395500e-02,1.26304200e-02,7.24304700e-03,5.82136800e-04,9.53175000e-06
6.73660796e+05,-7.58421600e+00,9.89899300e-06,6.31292200e-04,7.31983600e-03,1.26781100e-02,1.73581800e-02,2.21893200e-02,2.78399700e-02,3.42085500e-02,3.73079200e-02,3.42085500e-02,2.78399700e-02,2.21893200e-02,1.73581800e-02,1.26781100e-02,7.31983600e-03,6.31292200e-04,9.89899300e-06
6.77660796e+05,-7.58891400e+00,1.02839200e-05,6.83219600e-04,7.39594700e-03,1.27249900e-02,1.73765900e-02,2.21953900e-02,2.78402800e-02,3.42085500e-02,3.73079200e-02,3.42085500e-02,2.78402800e-02,2.21953900e-02,1.73765900e-02,1.27249900e-02,7.39594700e-03,6.83219600e-04,1.02839200e-05
6.81660796e+05,-7.59334100e+00,1.06878400e-05,7.37930200e-04,7.47137600e-03,1.27711100e-02,1.73948000e-02,2.22013500e-02,2.78405800e-02,3.42085500e-02,3.73079200e-02,3.42085500e-02,2.78405800e-02,2.22013500e-02,1.73948000e-02,1.27711100e-02,7.47137600e-03,7.37930200e-04,1.06878400e-05
6.85660796e+05,-7.59750600e+00,1.11122200e-05,7.95421300e-04,7.54610700e-03,1.28164900e-02,1.74128100e-02,2.22071900e-02,2.78408700e-02,3.42085500e-02,3.73079200e-02,3.42085500e-02,2.78408700e-02,2.22071900e-02,1.74128100e-02,1.28164900e-02,7.54610700e-03,7.95421300e-04,1.11122200e-05
6.89660796e+05,-7.60142300e+00,1.15586200e-05,8.55676200e-04,7.62011600e-03,1.28611600e-02,1.74306300e-02,2.22129200e-02,2.78411600e-02,3.42085500e-02,3.73079200e-02,3.42085500e-02,2.78411600e-02,2.22129200e-02,1.74306300e-02,1.28611600e-02,7.62011600e-03,8.55676200e-04,1.15586200e-05
6.93660796e+05,-7.60511600e+00,1.20287700e-05,9.18663400e-04,7.69336600e-03,1.29051500e-02,1.74482700e-02,2.22185500e-02,2.78414400e-02,3.42085500e-02,3.73079200e-02,3.42085500e-02,2.78414400e-02,2.22185500e-02,1.74482700e-02,1.29051500e-02,7.69336600e-03,9.18663400e-04,1.20287700e-05
6.97660796e+05,-7.60861200e+00,1.25245400e-05,9.84336900e-04,7.76581400e-03,1.29484800e-02,1.74657400e-02,2.22240700e-02,2.78417100e-02,3.42085500e-02,3.73079200e-02,3.42085500e-02,2.78417100e-02,2.22240700e-02,1.74657400e-02,1.29484800e-02,7.76581400e-03,9.84336900e-04,1.25245400e-05
7.01660796e+05,-7.61195000e+00,1.30480000e-05,1.05263600e-03,7.83740700e-03,1.29912000e-02,1.74830400e-02,2.22295000e-02,2.78419800e-02,3.42085500e-02,3.73079200e-02,3.42085500e-02,2.78419800e-02,2.22295000e-02,1.74830400e-02,1.29912000e-02,7.83740700e-03,1.05263600e-03,1.30480000e-05
7.05660796e+05,-7.61517400e+00,1.36013600e-05,1.12348600e-03,7.90809000e-03,1.30333100e-02,1.75001900e-02,2.22348300e-02,2.78422400e-02,3.42085500e-02,3.73079200e-02,3.42085500e-02,2.78422400e-02,2.22348300e-02,1.75001900e-02,1.30333100e-02,7.90809000e-03,1.12348600e-03,1.36013600e-05
7.09660796e+05,-7.61834000e+00,1.41870600e-05,1.19679600e-03,7.97780300e-03,1.30748500e-02,1.75171800e-02,2.22400700e-02,2.78424900e-02,3.42085500e-02,3.73079200e-02,3.42085500e-02,2.78424900e-02,2.22400700e-02,1.75171800e-02,1.30748500e-02,7.97780300e-03,1.19679600e-03,1.41870600e-05
7.13660796e+05,-7.62151300e+00,1.48077300e-05,1.27246600e-03,8.04648700e-03,1.31158300e-02,1.75340200e-02,2.22452300e-02,2.78427400e-02,3.42085500e-02,3.73079200e-02,3.42085500e-02,2.78427400e-02,2.22452300e-02,1.75340200e-02,1.31158300e-02,8.04648700e-03,1.27246600e-03,1.48077300e-05
7.17660796e+05,-7.62476800e+00,1.54662600e-05,1.35037800e-03,8.11408500e-03,1.31562800e-02,1.75507300e-02,2.22503000e-02,2.78429800e-02,3.42085500e-02,3.73079200e-02,3.42085500e-02,2.78429800e-02,2.22503000e-02,1.75507300e-02,1.31562800e-02,8.11408500e-03,1.35037800e-03,1.54662600e-05
7.21660796e+05,-7.62819100e+00,1.61657400e-05,1.43040600e-03,8.18054400e-03,1.31962200e-02,1.75673000e-02,2.22552900e-02,2.78432200e-02,3.42085600e-02,3.73079200e-02,3.42085600e-02,2.78432200e-02,2.22552900e-02,1.75673000e-02,1.31962200e-02,8.18054400e-03,1.43040600e-03,1.61657400e-05
7.25660796e+05,-7.63187700e+00,1.69095600e-05,1.51241300e-03,8.24582100e-03,1.32356500e-02,1.75837400e-02,2.22602000e-02,2.78434500e-02,3.42085600e-02,3.73079200e-02,3.42085600e-02,2.78434500e-02,2.22602000e-02,1.75837400e-02,1.32356500e-02,8.24582100e-03,1.51241300e-03,1.69095600e-05
7.29660796e+05,-7.63593200e+00,1.77013800e-05,1.59624900e-03,8.30988000e-03,1.32746000e-02,1.76000500e-02,2.22650400e-02,2.78436700e-02,3.42085600e-02,3.73079200e-02,3.42085600e-02,2.78436700e-02,2.22650400e-02,1.76000500e-02,1.32746000e-02,8.30988000e-03,1.59624900e-03,1.77013800e-05
7.33660796e+05,-7.64046700e+00,1.85451300e-05,1.68175900e-03,8.37269700e-03,1.33130700e-02,1.76162500e-02,2.22698000e-02,2.78438900e-02,3.42085600e-02,3.73079200e-02,3.42085600e-02,2.78438900e-02,2.22698000e-02,1.76162500e-02,1.33130700e-02,8.37269700e-03,1.68175900e-03,1.85451300e-05
7.37660796e+05,-7.64560100e+00,1.94451000e-05,1.76878000e-03,8.43426000e-03,1.33510700e-02,1.76323200e-02,2.22745000e-02,2.78441100e-02,3.42085600e-02,3.73079200e-02,3.42085600e-02,2.78441100e-02,2.22745000e-02,1.76323200e-02,1.33510700e-02,8.43426000e-03,1.76878000e-03,1.94451000e-05
7.41660796e+05,-7.65144900e+00,2.04058800e-05,1.85714400e-03,8.49457000e-03,1.33886000e-02,1.76482900e-02,2.22791300e-02,2.78443200e-02,3.42085600e-02,3.73079200e-02,3.42085600e-02,2.78443200e-02,2.22791300e-02,1.76482900e-02,1.33886000e-02,8.49457000e-03,1.85714400e-03,2.04058800e-05
7.45660796e+05,-7.64752600e+00,2.14324200e-05,1.94667700e-03,8.55363900e-03,1.34256800e-02,1.76641400e-02,2.22836900e-02,2.78445300e-02,3.42085600e-02,3.73079200e-02,3.42085600e-02,2.78445300e-02,2.22836900e-02,1.76641400e-02,1.34256800e-02,8.55363900e-03,1.94667700e-03,2.14324200e-05
7.49660796e+05,-7.64318600e+00,2.25300500e-05,2.03720300e-03,8.61149000e-03,1.34623100e-02,1.76798900e-02,2.22881900e-02,2.78447400e-02,3.42085600e-02,3.73079200e-02,3.42085600e-02,2.78447400e-02,2.22881900e-02,1.76798900e-02,1.34623100e-02,8.61149000e-03,2.03720300e-03,2.25300500e-05
7.53660796e+05,-7.63972800e+00,2.37044700e-05,2.12854500e-03,8.66815700e-03,1.34984700e-02,1.76955400e-02,2.22926400e-02,2.78449400e-02,3.42085600e-02,3.73079200e-02,3.42085600e-02,2.78449400e-02,2.22926400e-02,1.76955400e-02,1.34984700e-02,8.66815700e-03,2.12854500e-03,2.37044700e-05
7.57660796e+05,-7.63712800e+00,2.49617800e-05,2.22052600e-03,8.72368200e-03,1.35341900e-02,1.77110800e-02,2.22970200e-02,2.78451300e-02,3.42085600e-02,3.73079200e-02,3.42085600e-02,2.78451300e-02,2.22970200e-02,1.77110800e-02,1.35341900e-02,8.72368200e-03,2.22052600e-03,2.49617800e-05
7.61660796e+05,-7.63535800e+00,2.63085200e-05,2.31297000e-03,8.77811400e-03,1.35694400e-02,1.77265300e-02,2.23013500e-02,2.78453300e-02,3.42085600e-02,3.73079200e-02,3.42085600e-02,2.78453300e-02,2.23013500e-02,1.77265300e-02,1.35694400e-02,8.77811400e-03,2.31297000e-03,2.63085200e-05
7.65660796e+05,-7.63438800e+00,2.77516300e-05,2.40570600e-03,8.83150700e-03,1.36042300e-02,1.77418800e-02,2.23056200e-02,2.78455200e-02,3.42085600e-02,3.73079200e-02,3.42085600e-02,2.78455200e-02,2.23056200e-02,1.77418800e-02,1.36042300e-02,8.83150700e-03,2.40570600e-03,2.77516300e-05
7.69660796e+05,-7.63418400e+00,2.92985100e-05,2.49856700e-03,8.88391900e-03,1.36385500e-02,1.77571300e-02,2.23098500e-02,2.78457000e-02,3.42085600e-02,3.73079200e-02,3.42085600e-02,2.78457000e-02,2.23098500e-02,1.77571300e-02,1.36385500e-02,8.88391900e-03,2.49856700e-03,2.92985100e-05
7.73660796e+05,-7.63470800e+00,3.09570200e-05,2.59139300e-03,8.93541100e-03,1.36724000e-02,1.77722900e-02,2.23140200e-02,2.78458800e-02,3.42085600e-02,3.73079200e-02,3.42085600e-02,2.78458800e-02,2.23140200e-02,1.77722900e-02,1.36724000e-02,8.93541100e-03,2.59139300e-03,3.09570200e-05
7.77660796e+05,-7.63592000e+00,3.27354800e-05,2.68403300e-03,8.98604100e-03,1.37057700e-02,1.77873500e-02,2.23181400e-02,2.78460600e-02,3.42085600e-02,3.73079200e-02,3.42085600e-02,2.78460600e-02,2.23181400e-02,1.77873500e-02,1.37057700e-02,8.98604100e-03,2.68403300e-03,3.27354800e-05
7.81660796e+05,-7.63777600e+00,3.46427000e-05,2.77634600e-03,9.03587100e-03,1.37386600e-02,1.78023200e-02,2.23222200e-02,2.78462400e-02,3.42085600e-02,3.73079200e-02,3.42085600e-02,2.78462400e-02,2.23222200e-02,1.78023200e-02,1.37386600e-02,9.03587100e-03,2.77634600e-03,3.46427000e-05
7.85660796e+05,-7.64022800e+00,3.66879500e-05,2.86820100e-03,9.08495600e-03,1.37710600e-02,1.78171900e-02,2.23262500e-02,2.78464100e-02,3.42085600e-02,3.73079200e-02,3.42085600e-02,2.78464100e-02,2.23262500e-02,1.78171900e-02,1.37710600e-02,9.08495600e-03,2.86820100e-03,3.66879500e-05
7.89660796e+05,-7.64322700e+00,3.88810400e-05,2.95948100e-03,9.13335300e-03,1.38029700e-02,1.78319700e-02,2.23302300e-02,2.78465900e-02,3.42085600e-02,3.73079200e-02,3.42085600e-02,2.78465900e-02,2.23302300e-02,1.78319700e-02,1.38029700e-02,9.13335300e-03,2.95948100e-03,3.88810400e-05
7.93660796e+05,-7.64672200e+00,4.12322800e-05,3.05008100e-03,9.18111300e-03,1.38343900e-02,1.78466500e-02,2.23341800e-02,2.78467500e-02,3.42085600e-02,3.73079200e-02,3.42085600e-02,2.78467500e-02,2.23341800e-02,1.78466500e-02,1.38343900e-02,9.18111300e-03,3.05008100e-03,4.12322800e-05
7.97660796e+05,-7.65066300e+00,4.37524900e-05,3.13990700e-03,9.22828300e-03,1.38653300e-02,1.78612400e-02,2.23380800e-02,2.78469200e-02,3.42085600e-02,3.73079200e-02,3.42085600e-02,2.78469200e-02,2.23380800e-02,1.78612400e-02,1.38653300e-02,9.22828300e-03,3.13990700e-03,4.37524900e-05
8.01660796e+05,-7.65499900e+00,4.64530600e-05,3.22888100e-03,9.27490800e-03,1.38957700e-02,1.78757400e-02,2.23419400e-02,2.78470800e-02,3.42085600e-02,3.73079200e-02,3.42085600e-02,2.78470800e-02,2.23419400e-02,1.78757400e-02,1.38957700e-02,9.27490800e-03,3.22888100e-03,4.64530600e-05
8.05660796e+05,-7.65968100e+00,4.93458900e-05,3.31693500e-03,9.32102800e-03,1.39257300e-02,1.78901300e-02,2.23457600e-02,2.78472400e-02,3.42085600e-02,3.73079200e-02,3.42085600e-02,2.78472400e-02,2.23457600e-02,1.78901300e-02,1.39257300e-02,9.32102800e-03,3.31693500e-03,4.93458900e-05
8.09660796e+05,-7.66395700e+00,5.24434800e-05,3.40401400e-03,9.36667900e-03,1.39552000e-02,1.79044300e-02,2.23495400e-02,2.78474000e-02,3.42085600e-02,3.73079200e-02,3.42085600e-02,2.78474000e-02,2.23495400e-02,1.79044300e-02,1.39552000e-02,9.36667900e-03,3.40401400e-03,5.24434800e-05
8.13660796e+05,-7.66277100e+00,5.57588900e-05,3.49007500e-03,9.41189500e-03,1.39842100e-02,1.79186300e-02,2.23532900e-02,2.78475600e-02,3.42085600e-02,3.73079200e-02,3.42085600e-02,2.78475600e-02,2.23532900e-02,1.79186300e-02,1.39842100e-02,9.41189500e-03,3.49007500e-03,5.57588900e-05
8.17660796e+05,-7.66158200e+00,5.93057600e-05,3.57508300e-03,9.45670300e-03,1.40127400e-02,1.79327400e-02,2.23570000e-02,2.78477100e-02,3.42085600e-02,3.73079200e-02,3.42085600e-02,2.78477100e-02,2.23570000e-02,1.79327400e-02,1.40127400e-02,9.45670300e-03,3.57508300e-03,5.93057600e-05
8.21660796e+05,-7.66038900e+00,6.30983600e-05,3.65901500e-03,9.50113100e-03,1.40408200e-02,1.79467500e-02,2.23606800e-02,2.78478600e-02,3.42085600e-02,3.73079200e-02,3.42085600e-02,2.78478600e-02,2.23606800e-02,1.79467500e-02,1.40408200e-02,9.50113100e-03,3.65901500e-03,6.30983600e-05
8.25660796e+05,-7.65919300e+00,6.71515400e-05,3.74185400e-03,9.54520100e-03,1.40684500e-02,1.79606600e-02,2.23643200e-02,2.78480100e-02,3.42085600e-02,3.73079200e-02,3.42085600e-02,2.78480100e-02,2.23643200e-02,1.79606600e-02,1.40684500e-02,9.54520100e-03,3.74185400e-03,6.71515400e-05
8.29660796e+05,-7.65799600e+00,7.14808100e-05,3.82359200e-03,9.58893300e-03,1.40956400e-02,1.79744700e-02,2.23679300e-02,2.78481600e-02,3.42085600e-02,3.73079200e-02,3.42085600e-02,2.78481600e-02,2.23679300e-02,1.79744700e-02,1.40956400e-02,9.58893300e-03,3.82359200e-03,7.14808100e-05
8.33660796e+05,-7.65679900e+00,7.61023000e-05,3.90422800e-03,9.63234600e-03,1.41224000e-02,1.79881900e-02,2.23715100e-02,2.78483100e-02,3.42085600e-02,3.73079200e-02,3.42085600e-02,2.78483100e-02,2.23715100e-02,1.79881900e-02,1.41224000e-02,9.63234600e-03,3.90422800e-03,7.61023000e-05
8.37660796e+05,-7.65560400e+00,8.10328100e-05,3.98376500e-03,9.67545400e-03,1.41487400e-02,1.80018100e-02,2.23750600e-02,2.78484500e-02,3.42085600e-02,3.73079200e-02,3.42085600e-02,2.78484500e-02,2.23750600e-02,1.80018100e-02,1.41487400e-02,9.67545400e-03,3.98376500e-03,8.10328100e-05
8.41660796e+05,-7.65441400e+00,8.62897800e-05,4.06221300e-03,9.71827300e-03,1.41746900e-02,1.80153300e-02,2.23785800e-02,2.78485900e-02,3.42085600e-02,3.73079200e-02,3.42085600e-02,2.78485900e-02,2.23785800e-02,1.80153300e-02,1.41746900e-02,9.71827300e-03,4.06221300e-03,8.62897800e-05
8.45660796e+05,-7.65323100e+00,9.18913300e-05,4.13958400e-03,9.76081400e-03,1.42002400e-02,1.80287500e-02,2.23820700e-02,2.78487300e-02,3.42085600e-02,3.73079200e-02,3.42085600e-02,2.78487300e-02,2.23820700e-02,1.80287500e-02,1.42002400e-02,9.76081400e-03,4.13958400e-03,9.18913300e-05
8.49660796e+05,-7.65205900e+00,9.78562800e-05,4.21589700e-03,9.80308900e-03,1.42254100e-02,1.80420800e-02,2.23855300e-02,2.78488700e-02,3.42085600e-02,3.73079200e-02,3.42085600e-02,2.78488700e-02,2.23855300e-02,1.80420800e-02,1.42254100e-02,9.80308900e-03,4.21589700e-03,9.78562800e-05
8.53660796e+05,-7.64980300e+00,1.04204100e-04,4.29117000e-03,9.84510800e-03,1.42502100e-02,1.80553100e-02,2.23889600e-02,2.78490100e-02,3.42085600e-02,3.73079200e-02,3.42085600e-02,2.78490100e-02,2.23889600e-02,1.80553100e-02,1.42502100e-02,9.84510800e-03,4.29117000e-03,1.04204100e-04
8.57660796e+05,-7.64753700e+00,1.10955000e-04,4.36542700e-03,9.88687800e-03,1.42746600e-02,1.80684500e-02,2.23923700e-02,2.78491400e-02,3.42085600e-02,3.73079200e-02,3.42085600e-02,2.78491400e-02,2.23923700e-02,1.80684500e-02,1.42746600e-02,9.88687800e-03,4.36542700e-03,1.10955000e-04
8.61660796e+05,-7.64531700e+00,1.18129900e-04,4.43869100e-03,9.92840900e-03,1.42987700e-02,1.80814900e-02,2.23957500e-02,2.78492700e-02,3.42085600e-02,3.73079200e-02,3.42085600e-02,2.78492700e-02,2.23957500e-02,1.80814900e-02,1.42987700e-02,9.92840900e-03,4.43869100e-03,1.18129900e-04
8.65660796e+05,-7.64314500e+00,1.25750300e-04,4.51099100e-03,9.96970800e-03,1.43225400e-02,1.80944400e-02,2.23991100e-02,2.78494100e-02,3.42085600e-02,3.73079200e-02,3.42085600e-02,2.78494100e-02,2.23991100e-02,1.80944400e-02,1.43225400e-02,9.96970800e-03,4.51099100e-03,1.25750300e-04
8.69660796e+05,-7.64102700e+00,1.33838500e-04,4.58235300e-03,1.00107800e-02,1.43460000e-02,1.81073000e-02,2.24024400e-02,2.78495400e-02,3.42085600e-02,3.73079200e-02,3.42085600e-02,2.78495400e-02,2.24024400e-02,1.81073000e-02,1.43460000e-02,1.00107800e-02,4.58235300e-03,1.33838500e-04
8.73660796e+05,-7.63896600e+00,1.42417500e-04,4.65280700e-03,1.00516400e-02,1.43691500e-02,1.81200700e-02,2.24057500e-02,2.78496700e-02,3.42085600e-02,3.73079200e-02,3.42085600e-02,2.78496700e-02,2.24057500e-02,1.81200700e-02,1.43691500e-02,1.00516400e-02,4.65280700e-03,1.42417500e-04
8.77660796e+05,-7.63696900e+00,1.51511000e-04,4.72238200e-03,1.00922800e-02,1.43920100e-02,1.81327500e-02,2.24090400e-02,2.78497900e-02,3.42085600e-02,3.73079200e-02,3.42085600e-02,2.78497900e-02,2.24090400e-02,1.81327500e-02,1.43920100e-02,1.00922800e-02,4.72238200e-03,1.51511000e-04
8.81660796e+05,-7.63504200e+00,1.61143300e-04,4.79111000e-03,1.01327100e-02,1.44145800e-02,1.81453400e-02,2.24123000e-02,2.78499200e-02,3.42085600e-02,3.73079200e-02,3.42085600e-02,2.78499200e-02,2.24123000e-02,1.81453400e-02,1.44145800e-02,1.01327100e-02,4.79111000e-03,1.61143300e-04
8.85660796e+05,-7.63319600e+00,1.71339500e-04,4.85902100e-03,1.01729400e-02,1.44368800e-02,1.81578500e-02,2.24155500e-02,2.78500500e-02,3.42085600e-02,3.73079200e-02,3.42085600e-02,2.78500500e-02,2.24155500e-02,1.81578500e-02,1.44368800e-02,1.01729400e-02,4.85902100e-03,1.71339500e-04
8.89660796e+05,-7.63144200e+00,1.82125200e-04,4.92614800e-03,1.02129800e-02,1.44589200e-02,1.81702700e-02,2.24187700e-02,2.78501700e-02,3.42085600e-02,3.73079200e-02,3.42085600e-02,2.78501700e-02,2.24187700e-02,1.81702700e-02,1.44589200e-02,1.02129800e-02,4.92614800e-03,1.82125200e-04
8.93660796e+05,-7.62979500e+00,1.93526700e-04,4.99252200e-03,1.02528300e-02,1.44807000e-02,1.81826100e-02,2.24219700e-02,2.78502900e-02,3.42085600e-02,3.73079200e-02,3.42085600e-02,2.78502900e-02,2.24219700e-02,1.81826100e-02,1.44807000e-02,1.02528300e-02,4.99252200e-03,1.93526700e-04
8.97660796e+05,-7.62827400e+00,2.05571000e-04,5.05817500e-03,1.02924900e-02,1.45022500e-02,1.81948600e-02,2.24251600e-02,2.78504100e-02,3.42085600e-02,3.73079200e-02,3.42085600e-02,2.78504100e-02,2.24251600e-02,1.81948600e-02,1.45022500e-02,1.02924900e-02,5.05817500e-03,2.05571000e-04
9.01660796e+05,-7.62690100e+00,2.18285600e-04,5.12314000e-03,1.03319700e-02,1.45235600e-02,1.82070400e-02,2.24283300e-02,2.78505300e-02,3.42085600e-02,3.73079200e-02,3.42085600e-02,2.78505300e-02,2.24283300e-02,1.82070400e-02,1.45235600e-02,1.03319700e-02,5.12314000e-03,2.18285600e-04
9.05660796e+05,-7.62570500e+00,2.31698600e-04,5.18744900e-03,1.03712800e-02,1.45446500e-02,1.82191400e-02,2.24314700e-02,2.78506500e-02,3.42085700e-02,3.73079200e-02,3.42085700e-02,2.78506500e-02,2.24314700e-02,1.82191400e-02,1.45446500e-02,1.03712800e-02,5.18744900e-03,2.31698600e-04
9.09660796e+05,-7.62471900e+00,2.45838400e-04,5.25113400e-03,1.04104200e-02,1.45655300e-02,1.82311600e-02,2.24346100e-02,2.78507700e-02,3.42085700e-02,3.73079200e-02,3.42085700e-02,2.78507700e-02,2.24346100e-02,1.82311600e-02,1.45655300e-02,1.04104200e-02,5.25113400e-03,2.45838400e-04
9.13660796e+05,-7.62398400e+00,2.60734200e-04,5.31422600e-03,1.04494000e-02,1.45862000e-02,1.82431100e-02,2.24377200e-02,2.78508900e-02,3.42085700e-02,3.73079200e-02,3.42085700e-02,2.78508900e-02,2.24377200e-02,1.82431100e-02,1.45862000e-02,1.04494000e-02,5.31422600e-03,2.60734200e-04
9.17660796e+05,-7.62354900e+00,2.76415400e-04,5.37675800e-03,1.04882200e-02,1.46066800e-02,1.82549800e-02,2.24408200e-02,2.78510000e-02,3.42085700e-02,3.73079200e-02,3.42085700e-02,2.78510000e-02,2.24408200e-02,1.82549800e-02,1.46066800e-02,1.04882200e-02,5.37675800e-03,2.76415400e-04
9.21660796e+05,-7.62347200e+00,2.92911700e-04,5.43876200e-03,1.05268900e-02,1.46269800e-02,1.82667800e-02,2.24439000e-02,2.78511200e-02,3.42085700e-02,3.73079200e-02,3.42085700e-02,2.78511200e-02,2.24439000e-02,1.82667800e-02,1.46269800e-02,1.05268900e-02,5.43876200e-03,2.92911700e-04
9.25660796e+05,-7.62382000e+00,3.10253300e-04,5.50026800e-03,1.05654100e-02,1.46470900e-02,1.82785200e-02,2.24469700e-02,2.78512300e-02,3.42085700e-02,3.73079200e-02,3.42085700e-02,2.78512300e-02,2.24469700e-02,1.82785200e-02,1.46470900e-02,1.05654100e-02,5.50026800e-03,3.10253300e-04
9.29660796e+05,-7.62466900e+00,3.28470400e-04,5.56130900e-03,1.06038000e-02,1.46670400e-02,1.82901800e-02,2.24500200e-02,2.78513500e-02,3.42085700e-02,3.73079200e-02,3.42085700e-02,2.78513500e-02,2.24500200e-02,1.82901800e-02,1.46670400e-02,1.06038000e-02,5.56130900e-03,3.28470400e-04
9.33660796e+05,-7.62610800e+00,3.47593200e-04,5.62191500e-03,1.06420400e-02,1.46868200e-02,1.83017900e-02,2.24530600e-02,2.78514600e-02,3.42085700e-02,3.73079200e-02,3.42085700e-02,2.78514600e-02,2.24530600e-02,1.83017900e-02,1.46868200e-02,1.06420400e-02,5.62191500e-03,3.47593200e-04
9.37660796e+05,-7.62823400e+00,3.67652200e-04,5.68211600e-03,1.06801600e-02,1.47064500e-02,1.83133200e-02,2.24560900e-02,2.78515700e-02,3.42085700e-02,3.73079200e-02,3.42085700e-02,2.78515700e-02,2.24560900e-02,1.83133200e-02,1.47064500e-02,1.06801600e-02,5.68211600e-03,3.67652200e-04
9.41660796e+05,-7.63115100e+00,3.88677600e-04,5.74194200e-03,1.07181500e-02,1.47259200e-02,1.83248000e-02,2.24591000e-02,2.78516800e-02,3.42085700e-02,3.73079200e-02,3.42085700e-02,2.78516800e-02,2.24591000e-02,1.83248000e-02,1.47259200e-02,1.07181500e-02,5.74194200e-03,3.88677600e-04
9.45660796e+05,-7.63497000e+00,4.10699300e-04,5.80142400e-03,1.07560300e-02,1.47452600e-02,1.83362200e-02,2.24621000e-02,2.78517900e-02,3.42085700e-02,3.73079200e-02,3.42085700e-02,2.78517900e-02,2.24621000e-02,1.83362200e-02,1.47452600e-02,1.07560300e-02,5.80142400e-03,4.10699300e-04
9.49660796e+05,-7.63980500e+00,4.33746900e-04,5.86059100e-03,1.07937800e-02,1.47644600e-02,1.83475700e-02,2.24650900e-02,2.78519000e-02,3.42085700e-02,3.73079200e-02,3.42085700e-02,2.78519000e-02,2.24650900e-02,1.83475700e-02,1.47644600e-02,1.07937800e-02,5.86059100e-03,4.33746900e-04
9.53660796e+05,-7.64576200e+00,4.57849300e-04,5.91947000e-03,1.08314300e-02,1.47835400e-02,1.83588700e-02,2.24680700e-02,2.78520100e-02,3.42085700e-02,3.73079200e-02,3.42085700e-02,2.78520100e-02,2.24680700e-02,1.83588700e-02,1.47835400e-02,1.08314300e-02,5.91947000e-03,4.57849300e-04
9.57660796e+05,-7.65294100e+00,4.83034800e-04,5.97809200e-03,1.08689700e-02,1.48024900e-02,1.83701200e-02,2.24710400e-02,2.78521100e-02,3.42085700e-02,3.73079200e-02,3.42085700e-02,2.78521100e-02,2.24710400e-02,1.83701200e-02,1.48024900e-02,1.08689700e-02,5.97809200e-03,4.83034800e-04
9.61660796e+05,-7.66142000e+00,5.09330900e-04,6.03648300e-03,1.09064000e-02,1.48213300e-02,1.83813000e-02,2.24740000e-02,2.78522200e-02,3.42085700e-02,3.73079200e-02,3.42085700e-02,2.78522200e-02,2.24740000e-02,1.83813000e-02,1.48213300e-02,1.09064000e-02,6.03648300e-03,5.09330900e-04
9.65660796e+05,-7.67125400e+00,5.36763800e-04,6.09467000e-03,1.09437300e-02,1.48400500e-02,1.83924400e-02,2.24769400e-02,2.78523300e-02,3.42085700e-02,3.73079200e-02,3.42085700e-02,2.78523300e-02,2.24769400e-02,1.83924400e-02,1.48400500e-02,1.09437300e-02,6.09467000e-03,5.36763800e-04
9.69660796e+05,-7.68246300e+00,5.65358700e-04,6.15268000e-03,1.09809600e-02,1.48586700e-02,1.84035300e-02,2.24798800e-02,2.78524300e-02,3.42085700e-02,3.73079200e-02,3.42085700e-02,2.78524300e-02,2.24798800e-02,1.84035300e-02,1.48586700e-02,1.09809600e-02,6.15268000e-03,5.65358700e-04
9.73660796e+05,-7.69502800e+00,5.95139100e-04,6.21053900e-03,1.10181000e-02,1.48771900e-02,1.84145600e-02,2.24828000e-02,2.78525400e-02,3.42085700e-02,3.73079200e-02,3.42085700e-02,2.78525400e-02,2.24828000e-02,1.84145600e-02,1.48771900e-02,1.10181000e-02,6.21053900e-03,5.95139100e-04
9.77660796e+05,-7.70889000e+00,6.26127200e-04,6.26827200e-03,1.10551400e-02,1.48956100e-02,1.84255400e-02,2.24857200e-02,2.78526400e-02,3.42085700e-02,3.73079200e-02,3.42085700e-02,2.78526400e-02,2.24857200e-02,1.84255400e-02,1.48956100e-02,1.10551400e-02,6.26827200e-03,6.26127200e-04
9.81660796e+05,-7.72394800e+00,6.58343200e-04,6.32590400e-03,1.10920800e-02,1.49139500e-02,1.84364800e-02,2.24886300e-02,2.78527400e-02,3.42085700e-02,3.73079200e-02,3.42085700e-02,2.78527400e-02,2.24886300e-02,1.84364800e-02,1.49139500e-02,1.10920800e-02,6.32590400e-03,6.58343200e-04
9.85660796e+05,-7.73233600e+00,6.91805600e-04,6.38345900e-03,1.11289300e-02,1.49321900e-02,1.84473700e-02,2.24915300e-02,2.78528500e-02,3.42085700e-02,3.73079200e-02,3.42085700e-02,2.78528500e-02,2.24915300e-02,1.84473700e-02,1.49321900e-02,1.11289300e-02,6.38345900e-03,6.91805600e-04
9.89660796e+05,-7.73272000e+00,7.26530900e-04,6.44096000e-03,1.11656900e-02,1.49503600e-02,1.84582100e-02,2.24944200e-02,2.78529500e-02,3.42085700e-02,3.73079200e-02,3.42085700e-02,2.78529500e-02,2.24944200e-02,1.84582100e-02,1.49503600e-02,1.11656900e-02,6.44096000e-03,7.26530900e-04
9.93660796e+05,-7.73317000e+00,7.62533400e-04,6.49842800e-03,1.12023500e-02,1.49684400e-02,1.84690000e-02,2.24973000e-02,2.78530500e-02,3.42085700e-02,3.73079200e-02,3.42085700e-02,2.78530500e-02,2.24973000e-02,1.84690000e-02,1.49684400e-02,1.12023500e-02,6.49842800e-03,7.62533400e-04
9.97660796e+05,-7.73367400e+00,7.99825300e-04,6.55588600e-03,1.12389100e-02,1.49864600e-02,1.84797500e-02,2.25001800e-02,2.78531500e-02,3.42085700e-02,3.73079200e-02,3.42085700e-02,2.78531500e-02,2.25001800e-02,1.84797500e-02,1.49864600e-02,1.12389100e-02,6.55588600e-03,7.99825300e-04
1.00166080e+06,-7.73421900e+00,8.38416500e-04,6.61335200e-03,1.12753800e-02,1.50044000e-02,1.84904600e-02,2.25030500e-02,2.78532500e-02,3.42085700e-02,3.73079200e-02,3.42085700e-02,2.78532500e-02,2.25030500e-02,1.84904600e-02,1.50044000e-02,1.12753800e-02,6.61335200e-03,8.38416500e-04
1.00566080e+06,-7.73479200e+00,8.78314800e-04,6.67084700e-03,1.13117600e-02,1.50222800e-02,1.85011200e-02,2.25059100e-02,2.78533500e-02,3.42085700e-02,3.73079200e-02,3.42085700e-02,2.78533500e-02,2.25059100e-02,1.85011200e-02,1.50222800e-02,1.13117600e-02,6.67084700e-03,8.78314800e-04
1.00966080e+06,-7.73537700e+00,9.19525300e-04,6.72838600e-03,1.13480400e-02,1.50401000e-02,1.85117400e-02,2.25087600e-02,2.78534500e-02,3.42085700e-02,3.73079200e-02,3.42085700e-02,2.78534500e-02,2.25087600e-02,1.85117400e-02,1.50401000e-02,1.13480400e-02,6.72838600e-03,9.19525300e-04
1.01366080e+06,-7.73595900e+00,9.62051300e-04,6.78598600e-03,1.13842200e-02,1.50578700e-02,1.85223100e-02,2.25116100e-02,2.78535500e-02,3.42085700e-02,3.73079200e-02,3.42085700e-02,2.78535500e-02,2.25116100e-02,1.85223100e-02,1.50578700e-02,1.13842200e-02,6.78598600e-03,9.62051300e-04
1.01766080e+06,-7.73652300e+00,1.00589300e-03,6.84366000e-03,1.14203100e-02,1.50755800e-02,1.85328500e-02,2.25144500e-02,2.78536500e-02,3.42085700e-02,3.73079200e-02,3.42085700e-02,2.78536500e-02,2.25144500e-02,1.85328500e-02,1.50755800e-02,1.14203100e-02,6.84366000e-03,1.00589300e-03
1.02166080e+06,-7.73705700e+00,1.05105000e-03,6.90141800e-03,1.14563000e-02,1.50932500e-02,1.85433400e-02,2.25172800e-02,2.78537500e-02,3.42085700e-02,3.73079200e-02,3.42085700e-02,2.78537500e-02,2.25172800e-02,1.85433400e-02,1.50932500e-02,1.14563000e-02,6.90141800e-03,1.05105000e-03
1.02566080e+06,-7.73754700e+00,1.09751700e-03,6.95926900e-03,1.14921900e-02,1.51108700e-02,1.85537900e-02,2.25201100e-02,2.78538400e-02,3.42085700e-02,3.73079200e-02,3.42085700e-02,2.78538400e-02,2.25201100e-02,1.85537900e-02,1.51108700e-02,1.14921900e-02,6.95926900e-03,1.09751700e-03
1.02966080e+06,-7.73798200e+00,1.14528800e-03,7.01721900e-03,1.15280000e-02,1.51284500e-02,1.85642100e-02,2.25229300e-02,2.78539400e-02,3.42085700e-02,3.73079200e-02,3.42085700e-02,2.78539400e-02,2.25229300e-02,1.85642100e-02,1.51284500e-02,1.15280000e-02,7.01721900e-03,1.14528800e-03
1.03366080e+06,-7.73835300e+00,1.19435500e-03,7.07527000e-03,1.15637100e-02,1.51459900e-02,1.85745800e-02,2.25257500e-02,2.78540400e-02,3.42085700e-02,3.73079200e-02,3.42085700e-02,2.78540400e-02,2.25257500e-02,1.85745800e-02,1.51459900e-02,1.15637100e-02,7.07527000e-03,1.19435500e-03
1.03766080e+06,-7.73865300e+00,1.24470700e-03,7.13342000e-03,1.15993300e-02,1.51635100e-02,1.85849200e-02,2.25285600e-02,2.78541300e-02,3.42085700e-02,3.73079200e-02,3.42085700e-02,2.78541300e-02,2.25285600e-02,1.85849200e-02,1.51635100e-02,1.15993300e-02,7.13342000e-03,1.24470700e-03
1.04166080e+06,-7.73887700e+00,1.29633000e-03,7.19166400e-03,1.16348600e-02,1.51809900e-02,1.85952200e-02,2.25313700e-02,2.78542300e-02,3.42085700e-02,3.73079200e-02,3.42085700e-02,2.78542300e-02,2.25313700e-02,1.85952200e-02,1.51809900e-02,1.16348600e-02,7.19166400e-03,1.29633000e-03
1.04566080e+06,-7.73902200e+00,1.34921100e-03,7.24999400e-03,1.16703000e-02,1.51984600e-02,1.86054800e-02,2.25341700e-02,2.78543200e-02,3.42085700e-02,3.73079200e-02,3.42085700e-02,2.78543200e-02,2.25341700e-02,1.86054800e-02,1.51984600e-02,1.16703000e-02,7.24999400e-03,1.34921100e-03
1.04966080e+06,-7.73908600e+00,1.40333000e-03,7.30839400e-03,1.17056600e-02,1.52159000e-02,1.86157100e-02,2.25369700e-02,2.78544200e-02,3.42085700e-02,3.73079200e-02,3.42085700e-02,2.78544200e-02,2.25369700e-02,1.86157100e-02,1.52159000e-02,1.17056600e-02,7.30839400e-03,1.40333000e-03
1.05366080e+06,-7.73907200e+00,1.45866900e-03,7.36684700e-03,1.17409300e-02,1.52333300e-02,1.86259000e-02,2.25397700e-02,2.78545100e-02,3.42085700e-02,3.73079200e-02,3.42085700e-02,2.78545100e-02,2.25397700e-02,1.86259000e-02,1.52333300e-02,1.17409300e-02,7.36684700e-03,1.45866900e-03
1.05766080e+06,-7.73898300e+00,1.51520400e-03,7.42533000e-03,1.17761300e-02,1.52507500e-02,1.86360600e-02,2.25425600e-02,2.78546100e-02,3.42085700e-02,3.73079200e-02,3.42085700e-02,2.78546100e-02,2.25425600e-02,1.86360600e-02,1.52507500e-02,1.17761300e-02,7.42533000e-03,1.51520400e-03
1.06166080e+06,-7.73882600e+00,1.57291300e-03,7.48381400e-03,1.18112400e-02,1.52681600e-02,1.86461900e-02,2.25453400e-02,2.78547000e-02,3.42085700e-02,3.73079200e-02,3.42085700e-02,2.78547000e-02,2.25453400e-02,1.86461900e-02,1.52681600e-02,1.18112400e-02,7.48381400e-03,1.57291300e-03
1.06566080e+06,-7.73861000e+00,1.63176700e-03,7.54226600e-03,1.18462800e-02,1.52855700e-02,1.86562800e-02,2.25481200e-02,2.78547900e-02,3.42085700e-02,3.73079200e-02,3.42085700e-02,2.78547900e-02,2.25481200e-02,1.86562800e-02,1.52855700e-02,1.18462800e-02,7.54226600e-03,1.63176700e-03
1.06966080e+06,-7.73834700e+00,1.69174000e-03,7.60064900e-03,1.18812500e-02,1.53029800e-02,1.86663500e-02,2.25509000e-02,2.78548900e-02,3.42085700e-02,3.73079200e-02,3.42085700e-02,2.78548900e-02,2.25509000e-02,1.86663500e-02,1.53029800e-02,1.18812500e-02,7.60064900e-03,1.69174000e-03
1.07366080e+06,-7.73805300e+00,1.75279800e-03,7.65892100e-03,1.19161400e-02,1.53203900e-02,1.86763900e-02,2.25536800e-02,2.78549800e-02,3.42085700e-02,3.73079200e-02,3.42085700e-02,2.78549800e-02,2.25536800e-02,1.86763900e-02,1.53203900e-02,1.19161400e-02,7.65892100e-03,1.75279800e-03
1.07766080e+06,-7.73774600e+00,1.81490800e-03,7.71703700e-03,1.19509600e-02,1.53378000e-02,1.86863900e-02,2.25564600e-02,2.78550700e-02,3.42085700e-02,3.73079200e-02,3.42085700e-02,2.78550700e-02,2.25564600e-02,1.86863900e-02,1.53378000e-02,1.19509600e-02,7.71703700e-03,1.81490800e-03
1.08166080e+06,-7.73744900e+00,1.87803600e-03,7.77494600e-03,1.19857000e-02,1.53552300e-02,1.86963700e-02,2.25592300e-02,2.78551700e-02,3.42085700e-02,3.73079200e-02,3.42085700e-02,2.78551700e-02,2.25592300e-02,1.86963700e-02,1.53552300e-02,1.19857000e-02,7.77494600e-03,1.87803600e-03
1.08566080e+06,-7.73718700e+00,1.94214100e-03,7.83259700e-03,1.20203800e-02,1.53726700e-02,1.87063300e-02,2.25620000e-02,2.78552600e-02,3.42085700e-02,3.73079200e-02,3.42085700e-02,2.78552600e-02,2.25620000e-02,1.87063300e-02,1.53726700e-02,1.20203800e-02,7.83259700e-03,1.94214100e-03
1.08966080e+06,-7.73699200e+00,2.00718400e-03,7.88993600e-03,1.20549800e-02,1.53901300e-02,1.87162600e-02,2.25647600e-02,2.78553500e-02,3.42085700e-02,3.73079200e-02,3.42085700e-02,2.78553500e-02,2.25647600e-02,1.87162600e-02,1.53901300e-02,1.20549800e-02,7.88993600e-03,2.00718400e-03
1.09366080e+06,-7.73689700e+00,2.07312100e-03,7.94690900e-03,1.20895200e-02,1.54076100e-02,1.87261600e-02,2.25675300e-02,2.78554400e-02,3.42085700e-02,3.73079200e-02,3.42085700e-02,2.78554400e-02,2.25675300e-02,1.87261600e-02,1.54076100e-02,1.20895200e-02,7.94690900e-03,2.07312100e-03
1.09766080e+06,-7.73694200e+00,2.13990700e-03,8.00346200e-03,1.21239800e-02,1.54251100e-02,1.87360400e-02,2.25703000e-02,2.78555300e-02,3.42085700e-02,3.73079200e-02,3.42085700e-02,2.78555300e-02,2.25703000e-02,1.87360400e-02,1.54251100e-02,1.21239800e-02,8.00346200e-03,2.13990700e-03
1.10166080e+06,-7.73717100e+00,2.20749400e-03,8.05954100e-03,1.21583600e-02,1.54426300e-02,1.87459000e-02,2.25730600e-02,2.78556200e-02,3.42085700e-02,3.73079200e-02,3.42085700e-02,2.78556200e-02,2.25730600e-02,1.87459000e-02,1.54426300e-02,1.21583600e-02,8.05954100e-03,2.20749400e-03
1.10566080e+06,-7.73763000e+00,2.27583200e-03,8.11509700e-03,1.21926600e-02,1.54601900e-02,1.87557400e-02,2.25758200e-02,2.78557100e-02,3.42085700e-02,3.73079200e-02,3.42085700e-02,2.78557100e-02,2.25758200e-02,1.87557400e-02,1.54601900e-02,1.21926600e-02,8.11509700e-03,2.27583200e-03
1.10966080e+06,-7.73837400e+00,2.34486900e-03,8.17008200e-03,1.22268800e-02,1.54777700e-02,1.87655600e-02,2.25785800e-02,2.78558000e-02,3.42085700e-02,3.73079200e-02,3.42085700e-02,2.78558000e-02,2.25785800e-02,1.87655600e-02,1.54777700e-02,1.22268800e-02,8.17008200e-03,2.34486900e-03
1.11366080e+06,-7.73945700e+00,2.41455100e-03,8.22445600e-03,1.22610100e-02,1.54953900e-02,1.87753600e-02,2.25813500e-02,2.78558900e-02,3.42085700e-02,3.73079200e-02,3.42085700e-02,2.78558900e-02,2.25813500e-02,1.87753600e-02,1.54953900e-02,1.22610100e-02,8.22445600e-03,2.41455100e-03
1.11766080e+06,-7.74093900e+00,2.48482100e-03,8.27817900e-03,1.22950500e-02,1.55130400e-02,1.87851400e-02,2.25841100e-02,2.78559800e-02,3.42085700e-02,3.73079200e-02,3.42085700e-02,2.78559800e-02,2.25841100e-02,1.87851400e-02,1.55130400e-02,1.22950500e-02,8.27817900e-03,2.48482100e-03
1.12166080e+06,-7.74288100e+00,2.55562100e-03,8.33122300e-03,1.23289800e-02,1.55307200e-02,1.87949000e-02,2.25868700e-02,2.78560700e-02,3.42085700e-02,3.73079200e-02,3.42085700e-02,2.78560700e-02,2.25868700e-02,1.87949000e-02,1.55307200e-02,1.23289800e-02,8.33122300e-03,2.55562100e-03
1.12566080e+06,-7.74534400e+00,2.62689100e-03,8.38356300e-03,1.23628100e-02,1.55484500e-02,1.88046500e-02,2.25896300e-02,2.78561600e-02,3.42085700e-02,3.73079200e-02,3.42085700e-02,2.78561600e-02,2.25896300e-02,1.88046500e-02,1.55484500e-02,1.23628100e-02,8.38356300e-03,2.62689100e-03
1.12966080e+06,-7.74555100e+00,2.69857100e-03,8.43518000e-03,1.23965200e-02,1.55662100e-02,1.88143900e-02,2.25923900e-02,2.78562500e-02,3.42085700e-02,3.73079200e-02,3.42085700e-02,2.78562500e-02,2.25923900e-02,1.88143900e-02,1.55662100e-02,1.23965200e-02,8.43518000e-03,2.69857100e-03
1.13366080e+06,-7.74365400e+00,2.77059700e-03,8.48606500e-03,1.24301100e-02,1.55840200e-02,1.88241000e-02,2.25951600e-02,2.78563400e-02,3.42085700e-02,3.73079200e-02,3.42085700e-02,2.78563400e-02,2.25951600e-02,1.88241000e-02,1.55840200e-02,1.24301100e-02,8.48606500e-03,2.77059700e-03
1.13766080e+06,-7.74215000e+00,2.84290500e-03,8.53621200e-03,1.24635600e-02,1.56018600e-02,1.88338100e-02,2.25979200e-02,2.78564300e-02,3.42085700e-02,3.73079200e-02,3.42085700e-02,2.78564300e-02,2.25979200e-02,1.88338100e-02,1.56018600e-02,1.24635600e-02,8.53621200e-03,2.84290500e-03
1.14166080e+06,-7.74103900e+00,2.91543100e-03,8.58562500e-03,1.24968700e-02,1.56197500e-02,1.88435000e-02,2.26006900e-02,2.78565200e-02,3.42085700e-02,3.73079200e-02,3.42085700e-02,2.78565200e-02,2.26006900e-02,1.88435000e-02,1.56197500e-02,1.24968700e-02,8.58562500e-03,2.91543100e-03
1.14566080e+06,-7.74031900e+00,2.98811100e-03,8.63431100e-03,1.25300200e-02,1.56376700e-02,1.88531800e-02,2.26034600e-02,2.78566100e-02,3.42085700e-02,3.73079200e-02,3.42085700e-02,2.78566100e-02,2.26034600e-02,1.88531800e-02,1.56376700e-02,1.25300200e-02,8.63431100e-03,2.98811100e-03
1.14966080e+06,-7.73998900e+00,3.06087800e-03,8.68228300e-03,1.25630000e-02,1.56556400e-02,1.88628500e-02,2.26062200e-02,2.78567000e-02,3.42085700e-02,3.73079200e-02,3.42085700e-02,2.78567000e-02,2.26062200e-02,1.88628500e-02,1.56556400e-02,1.25630000e-02,8.68228300e-03,3.06087800e-03
1.15366080e+06,-7.74004400e+00,3.13366800e-03,8.72955900e-03,1.25958000e-02,1.56736500e-02,1.88725100e-02,2.26089900e-02,2.78567900e-02,3.42085700e-02,3.73079200e-02,3.42085700e-02,2.78567900e-02,2.26089900e-02,1.88725100e-02,1.56736500e-02,1.25958000e-02,8.72955900e-03,3.13366800e-03
1.15766080e+06,-7.74048000e+00,3.20641700e-03,8.77616000e-03,1.26284100e-02,1.56916900e-02,1.88821700e-02,2.26117700e-02,2.78568700e-02,3.42085700e-02,3.73079200e-02,3.42085700e-02,2.78568700e-02,2.26117700e-02,1.88821700e-02,1.56916900e-02,1.26284100e-02,8.77616000e-03,3.20641700e-03
1.16166080e+06,-7.74128800e+00,3.27906200e-03,8.82211000e-03,1.26608200e-02,1.57097800e-02,1.88918100e-02,2.26145400e-02,2.78569600e-02,3.42085700e-02,3.73079200e-02,3.42085700e-02,2.78569600e-02,2.26145400e-02,1.88918100e-02,1.57097800e-02,1.26608200e-02,8.82211000e-03,3.27906200e-03
1.16566080e+06,-7.74246000e+00,3.35154200e-03,8.86743600e-03,1.26930100e-02,1.57279000e-02,1.89014400e-02,2.26173200e-02,2.78570500e-02,3.42085700e-02,3.73079200e-02,3.42085700e-02,2.78570500e-02,2.26173200e-02,1.89014400e-02,1.57279000e-02,1.26930100e-02,8.86743600e-03,3.35154200e-03
1.16966080e+06,-7.74398300e+00,3.42379700e-03,8.91216600e-03,1.27249700e-02,1.57460600e-02,1.89110700e-02,2.26201000e-02,2.78571400e-02,3.42085700e-02,3.73079200e-02,3.42085700e-02,2.78571400e-02,2.26201000e-02,1.89110700e-02,1.57460600e-02,1.27249700e-02,8.91216600e-03,3.42379700e-03
1.17366080e+06,-7.74584500e+00,3.49577000e-03,8.95633000e-03,1.27566900e-02,1.57642400e-02,1.89206900e-02,2.26228800e-02,2.78572300e-02,3.42085700e-02,3.73079200e-02,3.42085700e-02,2.78572300e-02,2.26228800e-02,1.89206900e-02,1.57642400e-02,1.27566900e-02,8.95633000e-03,3.49577000e-03
1.17766080e+06,-7.74802900e+00,3.56740900e-03,8.99995700e-03,1.27881600e-02,1.57824600e-02,1.89303000e-02,2.26256700e-02,2.78573100e-02,3.42085700e-02,3.73079200e-02,3.42085700e-02,2.78573100e-02,2.26256700e-02,1.89303000e-02,1.57824600e-02,1.27881600e-02,8.99995700e-03,3.56740900e-03
1.18166080e+06,-7.75051900e+00,3.63866300e-03,9.04307700e-03,1.28193700e-02,1.58007100e-02,1.89399100e-02,2.26284600e-02,2.78574000e-02,3.42085700e-02,3.73079200e-02,3.42085700e-02,2.78574000e-02,2.26284600e-02,1.89399100e-02,1.58007100e-02,1.28193700e-02,9.04307700e-03,3.63866300e-03
1.18566080e+06,-7.75329500e+00,3.70948700e-03,9.08571900e-03,1.28503200e-02,1.58189800e-02,1.89495200e-02,2.26312500e-02,2.78574900e-02,3.42085700e-02,3.73079200e-02,3.42085700e-02,2.78574900e-02,2.26312500e-02,1.89495200e-02,1.58189800e-02,1.28503200e-02,9.08571900e-03,3.70948700e-03
1.18966080e+06,-7.75633800e+00,3.77983700e-03,9.12791000e-03,1.28809800e-02,1.58372700e-02,1.89591100e-02,2.26340400e-02,2.78575800e-02,3.42085700e-02,3.73079200e-02,3.42085700e-02,2.78575800e-02,2.26340400e-02,1.89591100e-02,1.58372700e-02,1.28809800e-02,9.12791000e-03,3.77983700e-03
1.19366080e+06,-7.75962800e+00,3.84967600e-03,9.16967900e-03,1.29113600e-02,1.58555800e-02,1.89687100e-02,2.26368400e-02,2.78576700e-02,3.42085700e-02,3.73079200e-02,3.42085700e-02,2.78576700e-02,2.26368400e-02,1.89687100e-02,1.58555800e-02,1.29113600e-02,9.16967900e-03,3.84967600e-03
1.19766080e+06,-7.76314300e+00,3.91896900e-03,9.21104900e-03,1.29414500e-02,1.58739100e-02,1.89783000e-02,2.26396400e-02,2.78577500e-02,3.42085700e-02,3.73079200e-02,3.42085700e-02,2.78577500e-02,2.26396400e-02,1.89783000e-02,1.58739100e-02,1.29414500e-02,9.21104900e-03,3.91896900e-03
1.20166080e+06,-7.76342500e+00,3.98768800e-03,9.25204700e-03,1.29712500e-02,1.58922500e-02,1.89878800e-02,2.26424500e-02,2.78578400e-02,3.42085700e-02,3.73079200e-02,3.42085700e-02,2.78578400e-02,2.26424500e-02,1.89878800e-02,1.58922500e-02,1.29712500e-02,9.25204700e-03,3.98768800e-03
1.20566080e+06,-7.75989100e+00,4.05580600e-03,9.29269300e-03,1.30007500e-02,1.59105900e-02,1.89974600e-02,2.26452600e-02,2.78579300e-02,3.42085700e-02,3.73079200e-02,3.42085700e-02,2.78579300e-02,2.26452600e-02,1.89974600e-02,1.59105900e-02,1.30007500e-02,9.29269300e-03,4.05580600e-03
1.20966080e+06,-7.75633200e+00,4.12330300e-03,9.33301000e-03,1.30299500e-02,1.59289400e-02,1.90070400e-02,2.26480700e-02,2.78580200e-02,3.42085700e-02,3.73079200e-02,3.42085700e-02,2.78580200e-02,2.26480700e-02,1.90070400e-02,1.59289400e-02,1.30299500e-02,9.33301000e-03,4.12330300e-03
1.21366080e+06,-7.75275400e+00,4.19015900e-03,9.37301700e-03,1.30588600e-02,1.59473000e-02,1.90166200e-02,2.26508900e-02,2.78581000e-02,3.42085700e-02,3.73079200e-02,3.42085700e-02,2.78581000e-02,2.26508900e-02,1.90166200e-02,1.59473000e-02,1.30588600e-02,9.37301700e-03,4.19015900e-03
1.21766080e+06,-7.74916500e+00,4.25636000e-03,9.41273200e-03,1.30874600e-02,1.59656500e-02,1.90262000e-02,2.26537200e-02,2.78581900e-02,3.42085700e-02,3.73079200e-02,3.42085700e-02,2.78581900e-02,2.26537200e-02,1.90262000e-02,1.59656500e-02,1.30874600e-02,9.41273200e-03,4.25636000e-03
1.22166080e+06,-7.74556800e+00,4.32189700e-03,9.45217100e-03,1.31157700e-02,1.59840000e-02,1.90357700e-02,2.26565500e-02,2.78582800e-02,3.42085700e-02,3.73079200e-02,3.42085700e-02,2.78582800e-02,2.26565500e-02,1.90357700e-02,1.59840000e-02,1.31157700e-02,9.45217100e-03,4.32189700e-03
1.22566080e+06,-7.74197000e+00,4.38676000e-03,9.49135000e-03,1.31437800e-02,1.60023300e-02,1.90453400e-02,2.26593800e-02,2.78583700e-02,3.42085700e-02,3.73079200e-02,3.42085700e-02,2.78583700e-02,2.26593800e-02,1.90453400e-02,1.60023300e-02,1.31437800e-02,9.49135000e-03,4.38676000e-03
1.22966080e+06,-7.73837500e+00,4.45094400e-03,9.53028100e-03,1.31715000e-02,1.60206600e-02,1.90549100e-02,2.26622200e-02,2.78584500e-02,3.42085700e-02,3.73079200e-02,3.42085700e-02,2.78584500e-02,2.26622200e-02,1.90549100e-02,1.60206600e-02,1.31715000e-02,9.53028100e-03,4.45094400e-03
1.23366080e+06,-7.73478700e+00,4.51444800e-03,9.56897900e-03,1.31989300e-02,1.60389700e-02,1.90644800e-02,2.26650600e-02,2.78585400e-02,3.42085700e-02,3.73079200e-02,3.42085700e-02,2.78585400e-02,2.26650600e-02,1.90644800e-02,1.60389700e-02,1.31989300e-02,9.56897900e-03,4.51444800e-03
1.23766080e+06,-7.73121100e+00,4.57727000e-03,9.60745400e-03,1.32260800e-02,1.60572700e-02,1.90740400e-02,2.26679100e-02,2.78586300e-02,3.42085700e-02,3.73079200e-02,3.42085700e-02,2.78586300e-02,2.26679100e-02,1.90740400e-02,1.60572700e-02,1.32260800e-02,9.60745400e-03,4.57727000e-03
1.24166080e+06,-7.72765100e+00,4.63941200e-03,9.64571700e-03,1.32529500e-02,1.60755400e-02,1.90836100e-02,2.26707600e-02,2.78587200e-02,3.42085700e-02,3.73079200e-02,3.42085700e-02,2.78587200e-02,2.26707600e-02,1.90836100e-02,1.60755400e-02,1.32529500e-02,9.64571700e-03,4.63941200e-03
1.24566080e+06,-7.72411000e+00,4.70087800e-03,9.68377600e-03,1.32795400e-02,1.60937900e-02,1.90931700e-02,2.26736200e-02,2.78588000e-02,3.42085700e-02,3.73079200e-02,3.42085700e-02,2.78588000e-02,2.26736200e-02,1.90931700e-02,1.60937900e-02,1.32795400e-02,9.68377600e-03,4.70087800e-03
1.24966080e+06,-7.72059200e+00,4.76167200e-03,9.72164200e-03,1.33058700e-02,1.61120200e-02,1.91027400e-02,2.26764900e-02,2.78588900e-02,3.42085700e-02,3.73079200e-02,3.42085700e-02,2.78588900e-02,2.26764900e-02,1.91027400e-02,1.61120200e-02,1.33058700e-02,9.72164200e-03,4.76167200e-03
1.25366080e+06,-7.71710100e+00,4.82180100e-03,9.75932100e-03,1.33319300e-02,1.61302100e-02,1.91123000e-02,2.26793600e-02,2.78589800e-02,3.42085700e-02,3.73079200e-02,3.42085700e-02,2.78589800e-02,2.26793600e-02,1.91123000e-02,1.61302100e-02,1.33319300e-02,9.75932100e-03,4.82180100e-03
1.25766080e+06,-7.71363900e+00,4.88127200e-03,9.79682200e-03,1.33577400e-02,1.61483800e-02,1.91218700e-02,2.26822400e-02,2.78590700e-02,3.42085700e-02,3.73079200e-02,3.42085700e-02,2.78590700e-02,2.26822400e-02,1.91218700e-02,1.61483800e-02,1.33577400e-02,9.79682200e-03,4.88127200e-03
1.26166080e+06,-7.71021100e+00,4.94009300e-03,9.83414900e-03,1.33833000e-02,1.61665100e-02,1.91314300e-02,2.26851200e-02,2.78591600e-02,3.42085700e-02,3.73079200e-02,3.42085700e-02,2.78591600e-02,2.26851200e-02,1.91314300e-02,1.61665100e-02,1.33833000e-02,9.83414900e-03,4.94009300e-03
1.26566080e+06,-7.70682100e+00,4.99827500e-03,9.87131100e-03,1.34086100e-02,1.61846100e-02,1.91410000e-02,2.26880100e-02,2.78592400e-02,3.42085700e-02,3.73079200e-02,3.42085700e-02,2.78592400e-02,2.26880100e-02,1.91410000e-02,1.61846100e-02,1.34086100e-02,9.87131100e-03,4.99827500e-03
1.26966080e+06,-7.70347400e+00,5.05582500e-03,9.90831100e-03,1.34336900e-02,1.62026700e-02,1.91505600e-02,2.26909100e-02,2.78593300e-02,3.42085700e-02,3.73079200e-02,3.42085700e-02,2.78593300e-02,2.26909100e-02,1.91505600e-02,1.62026700e-02,1.34336900e-02,9.90831100e-03,5.05582500e-03
1.27366080e+06,-7.70017500e+00,5.11275600e-03,9.94515500e-03,1.34585400e-02,1.62207000e-02,1.91601300e-02,2.26938100e-02,2.78594200e-02,3.42085700e-02,3.73079200e-02,3.42085700e-02,2.78594200e-02,2.26938100e-02,1.91601300e-02,1.62207000e-02,1.34585400e-02,9.94515500e-03,5.11275600e-03
1.27766080e+06,-7.69692900e+00,5.16907700e-03,9.98184900e-03,1.34831700e-02,1.62386800e-02,1.91697000e-02,2.26967200e-02,2.78595100e-02,3.42085800e-02,3.73079200e-02,3.42085800e-02,2.78595100e-02,2.26967200e-02,1.91697000e-02,1.62386800e-02,1.34831700e-02,9.98184900e-03,5.16907700e-03
1.28166080e+06,-7.69374500e+00,5.22480100e-03,1.00184000e-02,1.35075900e-02,1.62566300e-02,1.91792700e-02,2.26996400e-02,2.78596000e-02,3.42085800e-02,3.73079200e-02,3.42085800e-02,2.78596000e-02,2.26996400e-02,1.91792700e-02,1.62566300e-02,1.35075900e-02,1.00184000e-02,5.22480100e-03
1.28566080e+06,-7.69063100e+00,5.27993700e-03,1.00548000e-02,1.35318000e-02,1.62745300e-02,1.91888400e-02,2.27025600e-02,2.78596800e-02,3.42085800e-02,3.73079200e-02,3.42085800e-02,2.78596800e-02,2.27025600e-02,1.91888400e-02,1.62745300e-02,1.35318000e-02,1.00548000e-02,5.27993700e-03
1.28966080e+06,-7.68759700e+00,5.33449900e-03,1.00910700e-02,1.35558000e-02,1.62923900e-02,1.91984100e-02,2.27055000e-02,2.78597700e-02,3.42085800e-02,3.73079200e-02,3.42085800e-02,2.78597700e-02,2.27055000e-02,1.91984100e-02,1.62923900e-02,1.35558000e-02,1.00910700e-02,5.33449900e-03
1.29366080e+06,-7.68465600e+00,5.38849700e-03,1.01272000e-02,1.35796200e-02,1.63102100e-02,1.92079900e-02,2.27084400e-02,2.78598600e-02,3.42085800e-02,3.73079200e-02,3.42085800e-02,2.78598600e-02,2.27084400e-02,1.92079900e-02,1.63102100e-02,1.35796200e-02,1.01272000e-02,5.38849700e-03
1.29766080e+06,-7.68182200e+00,5.44194300e-03,1.01632000e-02,1.36032400e-02,1.63279900e-02,1.92175700e-02,2.27113800e-02,2.78599500e-02,3.42085800e-02,3.73079200e-02,3.42085800e-02,2.78599500e-02,2.27113800e-02,1.92175700e-02,1.63279900e-02,1.36032400e-02,1.01632000e-02,5.44194300e-03
1.30166080e+06,-7.67911300e+00,5.49484900e-03,1.01990700e-02,1.36266900e-02,1.63457200e-02,1.92271500e-02,2.27143400e-02,2.78600400e-02,3.42085800e-02,3.73079200e-02,3.42085800e-02,2.78600400e-02,2.27143400e-02,1.92271500e-02,1.63457200e-02,1.36266900e-02,1.01990700e-02,5.49484900e-03
1.30566080e+06,-7.67655000e+00,5.54722600e-03,1.02348200e-02,1.36499600e-02,1.63634100e-02,1.92367300e-02,2.27173000e-02,2.78601300e-02,3.42085800e-02,3.73079200e-02,3.42085800e-02,2.78601300e-02,2.27173000e-02,1.92367300e-02,1.63634100e-02,1.36499600e-02,1.02348200e-02,5.54722600e-03
1.30966080e+06,-7.67415900e+00,5.59908600e-03,1.02704500e-02,1.36730600e-02,1.63810500e-02,1.92463200e-02,2.27202800e-02,2.78602100e-02,3.42085800e-02,3.73079200e-02,3.42085800e-02,2.78602100e-02,2.27202800e-02,1.92463200e-02,1.63810500e-02,1.36730600e-02,1.02704500e-02,5.59908600e-03
1.31366080e+06,-7.67196800e+00,5.65043900e-03,1.03059500e-02,1.36960100e-02,1.63986400e-02,1.92559100e-02,2.27232600e-02,2.78603000e-02,3.42085800e-02,3.73079200e-02,3.42085800e-02,2.78603000e-02,2.27232600e-02,1.92559100e-02,1.63986400e-02,1.36960100e-02,1.03059500e-02,5.65043900e-03
1.31766080e+06,-7.67001400e+00,5.70129800e-03,1.03413500e-02,1.37188000e-02,1.64162000e-02,1.92655000e-02,2.27262500e-02,2.78603900e-02,3.42085800e-02,3.73079200e-02,3.42085800e-02,2.78603900e-02,2.27262500e-02,1.92655000e-02,1.64162000e-02,1.37188000e-02,1.03413500e-02,5.70129800e-03
1.32166080e+06,-7.66833600e+00,5.75167100e-03,1.03766300e-02,1.37414400e-02,1.64337100e-02,1.92751000e-02,2.27292500e-02,2.78604800e-02,3.42085800e-02,3.73079200e-02,3.42085800e-02,2.78604800e-02,2.27292500e-02,1.92751000e-02,1.64337100e-02,1.37414400e-02,1.03766300e-02,5.75167100e-03
1.32566080e+06,-7.66698200e+00,5.80157100e-03,1.04117900e-02,1.37639300e-02,1.64511700e-02,1.92847000e-02,2.27322600e-02,2.78605700e-02,3.42085800e-02,3.73079200e-02,3.42085800e-02,2.78605700e-02,2.27322600e-02,1.92847000e-02,1.64511700e-02,1.37639300e-02,1.04117900e-02,5.80157100e-03
1.32966080e+06,-7.66600700e+00,5.85100600e-03,1.04468500e-02,1.37862900e-02,1.64685900e-02,1.92943000e-02,2.27352700e-02,2.78606600e-02,3.42085800e-02,3.73079200e-02,3.42085800e-02,2.78606600e-02,2.27352700e-02,1.92943000e-02,1.64685900e-02,1.37862900e-02,1.04468500e-02,5.85100600e-03
1.33366080e+06,-7.66547400e+00,5.89998600e-03,1.04818100e-02,1.38085200e-02,1.64859600e-02,1.93039100e-02,2.27383000e-02,2.78607500e-02,3.42085800e-02,3.73079200e-02,3.42085800e-02,2.78607500e-02,2.27383000e-02,1.93039100e-02,1.64859600e-02,1.38085200e-02,1.04818100e-02,5.89998600e-03
1.33766080e+06,-7.66545200e+00,5.94852100e-03,1.05166600e-02,1.38306300e-02,1.65033000e-02,1.93135300e-02,2.27413400e-02,2.78608400e-02,3.42085800e-02,3.73079200e-02,3.42085800e-02,2.78608400e-02,2.27413400e-02,1.93135300e-02,1.65033000e-02,1.38306300e-02,1.05166600e-02,5.94852100e-03
1.34166080e+06,-7.66602000e+00,5.99661900e-03,1.05514000e-02,1.38526100e-02,1.65205900e-02,1.93231500e-02,2.27443800e-02,2.78609300e-02,3.42085800e-02,3.73079200e-02,3.42085800e-02,2.78609300e-02,2.27443800e-02,1.93231500e-02,1.65205900e-02,1.38526100e-02,1.05514000e-02,5.99661900e-03
1.34566080e+06,-7.66726100e+00,6.04428800e-03,1.05860500e-02,1.38744800e-02,1.65378400e-02,1.93327800e-02,2.27474400e-02,2.78610200e-02,3.42085800e-02,3.73079200e-02,3.42085800e-02,2.78610200e-02,2.27474400e-02,1.93327800e-02,1.65378400e-02,1.38744800e-02,1.05860500e-02,6.04428800e-03
1.34966080e+06,-7.66926600e+00,6.09153700e-03,1.06205900e-02,1.38962400e-02,1.65550400e-02,1.93424100e-02,2.27505100e-02,2.78611100e-02,3.42085800e-02,3.73079200e-02,3.42085800e-02,2.78611100e-02,2.27505100e-02,1.93424100e-02,1.65550400e-02,1.38962400e-02,1.06205900e-02,6.09153700e-03
1.35366080e+06,-7.67212700e+00,6.13837200e-03,1.06550400e-02,1.39178900e-02,1.65722100e-02,1.93520400e-02,2.27535900e-02,2.78612000e-02,3.42085800e-02,3.73079200e-02,3.42085800e-02,2.78612000e-02,2.27535900e-02,1.93520400e-02,1.65722100e-02,1.39178900e-02,1.06550400e-02,6.13837200e-03
1.35766080e+06,-7.67593800e+00,6.18480000e-03,1.06893800e-02,1.39394400e-02,1.65893300e-02,1.93616900e-02,2.27566800e-02,2.78612900e-02,3.42085800e-02,3.73079200e-02,3.42085800e-02,2.78612900e-02,2.27566800e-02,1.93616900e-02,1.65893300e-02,1.39394400e-02,1.06893800e-02,6.18480000e-03
1.36166080e+06,-7.68078600e+00,6.23082600e-03,1.07236300e-02,1.39609000e-02,1.66064200e-02,1.93713400e-02,2.27597800e-02,2.78613800e-02,3.42085800e-02,3.73079200e-02,3.42085800e-02,2.78613800e-02,2.27597800e-02,1.93713400e-02,1.66064200e-02,1.39609000e-02,1.07236300e-02,6.23082600e-03
1.36566080e+06,-7.68675000e+00,6.27645700e-03,1.07577700e-02,1.39822600e-02,1.66234600e-02,1.93809900e-02,2.27628900e-02,2.78614800e-02,3.42085800e-02,3.73079200e-02,3.42085800e-02,2.78614800e-02,2.27628900e-02,1.93809900e-02,1.66234600e-02,1.39822600e-02,1.07577700e-02,6.27645700e-03
1.36966080e+06,-7.69389300e+00,6.32169600e-03,1.07918100e-02,1.40035300e-02,1.66404700e-02,1.93906600e-02,2.27660100e-02,2.78615700e-02,3.42085800e-02,3.73079200e-02,3.42085800e-02,2.78615700e-02,2.27660100e-02,1.93906600e-02,1.66404700e-02,1.40035300e-02,1.07918100e-02,6.32169600e-03
1.37366080e+06,-7.70225700e+00,6.36654800e-03,1.08257500e-02,1.40247200e-02,1.66574400e-02,1.94003300e-02,2.27691400e-02,2.78616600e-02,3.42085800e-02,3.73079200e-02,3.42085800e-02,2.78616600e-02,2.27691400e-02,1.94003300e-02,1.66574400e-02,1.40247200e-02,1.08257500e-02,6.36654800e-03
1.37766080e+06,-7.71185700e+00,6.41101700e-03,1.08595800e-02,1.40458200e-02,1.66743600e-02,1.94100000e-02,2.27722900e-02,2.78617500e-02,3.42085800e-02,3.73079200e-02,3.42085800e-02,2.78617500e-02,2.27722900e-02,1.94100000e-02,1.66743600e-02,1.40458200e-02,1.08595800e-02,6.41101700e-03
1.38166080e+06,-7.71593700e+00,6.45510300e-03,1.08933000e-02,1.40668500e-02,1.66912500e-02,1.94196900e-02,2.27754400e-02,2.78618400e-02,3.42085800e-02,3.73079200e-02,3.42085800e-02,2.78618400e-02,2.27754400e-02,1.94196900e-02,1.66912500e-02,1.40668500e-02,1.08933000e-02,6.45510300e-03
1.38566080e+06,-7.71120800e+00,6.49881100e-03,1.09269100e-02,1.40878000e-02,1.67081000e-02,1.94293800e-02,2.27786100e-02,2.78619400e-02,3.42085800e-02,3.73079200e-02,3.42085800e-02,2.78619400e-02,2.27786100e-02,1.94293800e-02,1.67081000e-02,1.40878000e-02,1.09269100e-02,6.49881100e-03
1.38966080e+06,-7.70682300e+00,6.54214100e-03,1.09604000e-02,1.41086800e-02,1.67249200e-02,1.94390700e-02,2.27817900e-02,2.78620300e-02,3.42085800e-02,3.73079200e-02,3.42085800e-02,2.78620300e-02,2.27817900e-02,1.94390700e-02,1.67249200e-02,1.41086800e-02,1.09604000e-02,6.54214100e-03
1.39366080e+06,-7.70284700e+00,6.58509300e-03,1.09937700e-02,1.41294800e-02,1.67416900e-02,1.94487800e-02,2.27849900e-02,2.78621200e-02,3.42085800e-02,3.73079200e-02,3.42085800e-02,2.78621200e-02,2.27849900e-02,1.94487800e-02,1.67416900e-02,1.41294800e-02,1.09937700e-02,6.58509300e-03
1.39766080e+06,-7.69935300e+00,6.62766900e-03,1.10270000e-02,1.41502200e-02,1.67584200e-02,1.94584800e-02,2.27881900e-02,2.78622100e-02,3.42085800e-02,3.73079200e-02,3.42085800e-02,2.78622100e-02,2.27881900e-02,1.94584800e-02,1.67584200e-02,1.41502200e-02,1.10270000e-02,6.62766900e-03
1.40166080e+06,-7.69641800e+00,6.66986700e-03,1.10601100e-02,1.41708900e-02,1.67751200e-02,1.94682000e-02,2.27914100e-02,2.78623100e-02,3.42085800e-02,3.73079200e-02,3.42085800e-02,2.78623100e-02,2.27914100e-02,1.94682000e-02,1.67751200e-02,1.41708900e-02,1.10601100e-02,6.66986700e-03
1.40566080e+06,-7.69412700e+00,6.71168800e-03,1.10930700e-02,1.41915000e-02,1.67917700e-02,1.94779200e-02,2.27946400e-02,2.78624000e-02,3.42085800e-02,3.73079200e-02,3.42085800e-02,2.78624000e-02,2.27946400e-02,1.94779200e-02,1.67917700e-02,1.41915000e-02,1.10930700e-02,6.71168800e-03
1.40966080e+06,-7.69257000e+00,6.75312900e-03,1.11258900e-02,1.42120400e-02,1.68083800e-02,1.94876500e-02,2.27978800e-02,2.78625000e-02,3.42085800e-02,3.73079200e-02,3.42085800e-02,2.78625000e-02,2.27978800e-02,1.94876500e-02,1.68083800e-02,1.42120400e-02,1.11258900e-02,6.75312900e-03
1.41366080e+06,-7.69183600e+00,6.79418900e-03,1.11585500e-02,1.42325300e-02,1.68249500e-02,1.94973800e-02,2.28011400e-02,2.78625900e-02,3.42085800e-02,3.73079200e-02,3.42085800e-02,2.78625900e-02,2.28011400e-02,1.94973800e-02,1.68249500e-02,1.42325300e-02,1.11585500e-02,6.79418900e-03
1.41766080e+06,-7.68870600e+00,6.83486600e-03,1.11910500e-02,1.42529500e-02,1.68414800e-02,1.95071200e-02,2.28044000e-02,2.78626800e-02,3.42085800e-02,3.73079200e-02,3.42085800e-02,2.78626800e-02,2.28044000e-02,1.95071200e-02,1.68414800e-02,1.42529500e-02,1.11910500e-02,6.83486600e-03
1.42166080e+06,-7.68364400e+00,6.87515700e-03,1.12233900e-02,1.42733200e-02,1.68579700e-02,1.95168600e-02,2.28076900e-02,2.78627800e-02,3.42085800e-02,3.73079200e-02,3.42085800e-02,2.78627800e-02,2.28076900e-02,1.95168600e-02,1.68579700e-02,1.42733200e-02,1.12233900e-02,6.87515700e-03
1.42566080e+06,-7.67903800e+00,6.91505900e-03,1.12555600e-02,1.42936300e-02,1.68744100e-02,1.95266100e-02,2.28109800e-02,2.78628700e-02,3.42085800e-02,3.73079200e-02,3.42085800e-02,2.78628700e-02,2.28109800e-02,1.95266100e-02,1.68744100e-02,1.42936300e-02,1.12555600e-02,6.91505900e-03
1.42966080e+06,-7.67497100e+00,6.95456900e-03,1.12875400e-02,1.43138900e-02,1.68908200e-02,1.95363600e-02,2.28142800e-02,2.78629700e-02,3.42085800e-02,3.73079200e-02,3.42085800e-02,2.78629700e-02,2.28142800e-02,1.95363600e-02,1.68908200e-02,1.43138900e-02,1.12875400e-02,6.95456900e-03
1.43366080e+06,-7.67153000e+00,6.99368300e-03,1.13193500e-02,1.43341000e-02,1.69071700e-02,1.95461100e-02,2.28176000e-02,2.78630700e-02,3.42085800e-02,3.73079200e-02,3.42085800e-02,2.78630700e-02,2.28176000e-02,1.95461100e-02,1.69071700e-02,1.43341000e-02,1.13193500e-02,6.99368300e-03
1.43766080e+06,-7.66881000e+00,7.03239600e-03,1.13509600e-02,1.43542600e-02,1.69234900e-02,1.95558700e-02,2.28209400e-02,2.78631600e-02,3.42085800e-02,3.73079200e-02,3.42085800e-02,2.78631600e-02,2.28209400e-02,1.95558700e-02,1.69234900e-02,1.43542600e-02,1.13509600e-02,7.03239600e-03
1.44166080e+06,-7.66691100e+00,7.07070400e-03,1.13823700e-02,1.43743600e-02,1.69397500e-02,1.95656300e-02,2.28242800e-02,2.78632600e-02,3.42085800e-02,3.73079200e-02,3.42085800e-02,2.78632600e-02,2.28242800e-02,1.95656300e-02,1.69397500e-02,1.43743600e-02,1.13823700e-02,7.07070400e-03
1.44566080e+06,-7.66593700e+00,7.10860200e-03,1.14135800e-02,1.43944200e-02,1.69559700e-02,1.95754000e-02,2.28276400e-02,2.78633500e-02,3.42085800e-02,3.73079200e-02,3.42085800e-02,2.78633500e-02,2.28276400e-02,1.95754000e-02,1.69559700e-02,1.43944200e-02,1.14135800e-02,7.10860200e-03
1.44966080e+06,-7.66599500e+00,7.14608400e-03,1.14445900e-02,1.44144300e-02,1.69721500e-02,1.95851700e-02,2.28310100e-02,2.78634500e-02,3.42085800e-02,3.73079200e-02,3.42085800e-02,2.78634500e-02,2.28310100e-02,1.95851700e-02,1.69721500e-02,1.44144300e-02,1.14445900e-02,7.14608400e-03
1.45366080e+06,-7.66718800e+00,7.18314600e-03,1.14753800e-02,1.44343900e-02,1.69882800e-02,1.95949400e-02,2.28344000e-02,2.78635500e-02,3.42085800e-02,3.73079200e-02,3.42085800e-02,2.78635500e-02,2.28344000e-02,1.95949400e-02,1.69882800e-02,1.44343900e-02,1.14753800e-02,7.18314600e-03
1.45766080e+06,-7.66961400e+00,7.21978100e-03,1.15059600e-02,1.44543100e-02,1.70043600e-02,1.96047100e-02,2.28378000e-02,2.78636500e-02,3.42085800e-02,3.73079200e-02,3.42085800e-02,2.78636500e-02,2.28378000e-02,1.96047100e-02,1.70043600e-02,1.44543100e-02,1.15059600e-02,7.21978100e-03
1.46166080e+06,-7.67336000e+00,7.25598400e-03,1.15363200e-02,1.44741800e-02,1.70204000e-02,1.96144900e-02,2.28412100e-02,2.78637400e-02,3.42085800e-02,3.73079200e-02,3.42085800e-02,2.78637400e-02,2.28412100e-02,1.96144900e-02,1.70204000e-02,1.44741800e-02,1.15363200e-02,7.25598400e-03
1.46566080e+06,-7.67849500e+00,7.29174900e-03,1.15664500e-02,1.44940100e-02,1.70363900e-02,1.96242700e-02,2.28446300e-02,2.78638400e-02,3.42085800e-02,3.73079200e-02,3.42085800e-02,2.78638400e-02,2.28446300e-02,1.96242700e-02,1.70363900e-02,1.44940100e-02,1.15664500e-02,7.29174900e-03
1.46966080e+06,-7.68506800e+00,7.32706900e-03,1.15963500e-02,1.45137900e-02,1.70523300e-02,1.96340400e-02,2.28480700e-02,2.78639400e-02,3.42085800e-02,3.73079200e-02,3.42085800e-02,2.78639400e-02,2.28480700e-02,1.96340400e-02,1.70523300e-02,1.45137900e-02,1.15963500e-02,7.32706900e-03
1.47366080e+06,-7.69309700e+00,7.36193800e-03,1.16260300e-02,1.45335300e-02,1.70682200e-02,1.96438200e-02,2.28515300e-02,2.78640400e-02,3.42085800e-02,3.73079200e-02,3.42085800e-02,2.78640400e-02,2.28515300e-02,1.96438200e-02,1.70682200e-02,1.45335300e-02,1.16260300e-02,7.36193800e-03
1.47766080e+06,-7.70150700e+00,7.39635100e-03,1.16554700e-02,1.45532300e-02,1.70840600e-02,1.96536100e-02,2.28549900e-02,2.78641400e-02,3.42085800e-02,3.73079200e-02,3.42085800e-02,2.78641400e-02,2.28549900e-02,1.96536100e-02,1.70840600e-02,1.45532300e-02,1.16554700e-02,7.39635100e-03
1.48166080e+06,-7.69613300e+00,7.43030200e-03,1.16846800e-02,1.45728900e-02,1.70998600e-02,1.96633900e-02,2.28584700e-02,2.78642400e-02,3.42085800e-02,3.73079200e-02,3.42085800e-02,2.78642400e-02,2.28584700e-02,1.96633900e-02,1.70998600e-02,1.45728900e-02,1.16846800e-02,7.43030200e-03
1.48566080e+06,-7.69115700e+00,7.46378500e-03,1.17136500e-02,1.45925100e-02,1.71156100e-02,1.96731700e-02,2.28619700e-02,2.78643400e-02,3.42085800e-02,3.73079200e-02,3.42085800e-02,2.78643400e-02,2.28619700e-02,1.96731700e-02,1.71156100e-02,1.45925100e-02,1.17136500e-02,7.46378500e-03
1.48966080e+06,-7.68659300e+00,7.49679600e-03,1.17423700e-02,1.46120800e-02,1.71313000e-02,1.96829500e-02,2.28654800e-02,2.78644400e-02,3.42085800e-02,3.73079200e-02,3.42085800e-02,2.78644400e-02,2.28654800e-02,1.96829500e-02,1.71313000e-02,1.46120800e-02,1.17423700e-02,7.49679600e-03
1.49366080e+06,-7.68244800e+00,7.52932900e-03,1.17708600e-02,1.46316200e-02,1.71469500e-02,1.96927300e-02,2.28690000e-02,2.78645400e-02,3.42085800e-02,3.73079200e-02,3.42085800e-02,2.78645400e-02,2.28690000e-02,1.96927300e-02,1.71469500e-02,1.46316200e-02,1.17708600e-02,7.52932900e-03
1.49766080e+06,-7.67872400e+00,7.56138100e-03,1.17991000e-02,1.46511100e-02,1.71625500e-02,1.97025100e-02,2.28725400e-02,2.78646400e-02,3.42085800e-02,3.73079200e-02,3.42085800e-02,2.78646400e-02,2.28725400e-02,1.97025100e-02,1.71625500e-02,1.46511100e-02,1.17991000e-02,7.56138100e-03
1.50166080e+06,-7.67541800e+00,7.59294700e-03,1.18271000e-02,1.46705600e-02,1.71781000e-02,1.97122900e-02,2.28760900e-02,2.78647400e-02,3.42085800e-02,3.73079200e-02,3.42085800e-02,2.78647400e-02,2.28760900e-02,1.97122900e-02,1.71781000e-02,1.46705600e-02,1.18271000e-02,7.59294700e-03
1.50566080e+06,-7.67252100e+00,7.62402500e-03,1.18548500e-02,1.46899600e-02,1.71936000e-02,1.97220700e-02,2.28796500e-02,2.78648500e-02,3.42085800e-02,3.73079200e-02,3.42085800e-02,2.78648500e-02,2.28796500e-02,1.97220700e-02,1.71936000e-02,1.46899600e-02,1.18548500e-02,7.62402500e-03
1.50966080e+06,-7.67002300e+00,7.65461200e-03,1.18823500e-02,1.47093300e-02,1.72090600e-02,1.97318500e-02,2.28832300e-02,2.78649500e-02,3.42085800e-02,3.73079200e-02,3.42085800e-02,2.78649500e-02,2.28832300e-02,1.97318500e-02,1.72090600e-02,1.47093300e-02,1.18823500e-02,7.65461200e-03
1.51366080e+06,-7.66791400e+00,7.68470700e-03,1.19096100e-02,1.47286500e-02,1.72244600e-02,1.97416200e-02,2.28868200e-02,2.78650500e-02,3.42085800e-02,3.73079200e-02,3.42085800e-02,2.78650500e-02,2.28868200e-02,1.97416200e-02,1.72244600e-02,1.47286500e-02,1.19096100e-02,7.68470700e-03
1.51766080e+06,-7.66618000e+00,7.71430800e-03,1.19366200e-02,1.47479300e-02,1.72398100e-02,1.97514000e-02,2.28904300e-02,2.78651500e-02,3.42085800e-02,3.73079200e-02,3.42085800e-02,2.78651500e-02,2.28904300e-02,1.97514000e-02,1.72398100e-02,1.47479300e-02,1.19366200e-02,7.71430800e-03
1.52166080e+06,-7.66481300e+00,7.74341600e-03,1.19633800e-02,1.47671700e-02,1.72551100e-02,1.97611700e-02,2.28940500e-02,2.78652600e-02,3.42085800e-02,3.73079200e-02,3.42085800e-02,2.78652600e-02,2.28940500e-02,1.97611700e-02,1.72551100e-02,1.47671700e-02,1.19633800e-02,7.74341600e-03
1.52566080e+06,-7.66380400e+00,7.77203100e-03,1.19898900e-02,1.47863600e-02,1.72703700e-02,1.97709400e-02,2.28976800e-02,2.78653600e-02,3.42085800e-02,3.73079200e-02,3.42085800e-02,2.78653600e-02,2.28976800e-02,1.97709400e-02,1.72703700e-02,1.47863600e-02,1.19898900e-02,7.77203100e-03
1.52966080e+06,-7.66315100e+00,7.80015500e-03,1.20161500e-02,1.48055100e-02,1.72855700e-02,1.97807100e-02,2.29013300e-02,2.78654700e-02,3.42085800e-02,3.73079200e-02,3.42085800e-02,2.78654700e-02,2.29013300e-02,1.97807100e-02,1.72855700e-02,1.48055100e-02,1.20161500e-02,7.80015500e-03
1.53366080e+06,-7.66285500e+00,7.82779000e-03,1.20421600e-02,1.48246100e-02,1.73007300e-02,1.97904700e-02,2.29050000e-02,2.78655700e-02,3.42085800e-02,3.73079200e-02,3.42085800e-02,2.78655700e-02,2.29050000e-02,1.97904700e-02,1.73007300e-02,1.48246100e-02,1.20421600e-02,7.82779000e-03
1.53766080e+06,-7.66292400e+00,7.85493900e-03,1.20679200e-02,1.48436700e-02,1.73158300e-02,1.98002300e-02,2.29086800e-02,2.78656800e-02,3.42085800e-02,3.73079200e-02,3.42085800e-02,2.78656800e-02,2.29086800e-02,1.98002300e-02,1.73158300e-02,1.48436700e-02,1.20679200e-02,7.85493900e-03
1.54166080e+06,-7.66337300e+00,7.88160500e-03,1.20934300e-02,1.48626800e-02,1.73308900e-02,1.98099900e-02,2.29123700e-02,2.78657800e-02,3.42085800e-02,3.73079200e-02,3.42085800e-02,2.78657800e-02,2.29123700e-02,1.98099900e-02,1.73308900e-02,1.48626800e-02,1.20934300e-02,7.88160500e-03
1.54566080e+06,-7.66422300e+00,7.90779400e-03,1.21187000e-02,1.48816400e-02,1.73459000e-02,1.98197400e-02,2.29160800e-02,2.78658900e-02,3.42085800e-02,3.73079200e-02,3.42085800e-02,2.78658900e-02,2.29160800e-02,1.98197400e-02,1.73459000e-02,1.48816400e-02,1.21187000e-02,7.90779400e-03
1.54966080e+06,-7.66550500e+00,7.93351100e-03,1.21437200e-02,1.49005600e-02,1.73608600e-02,1.98294900e-02,2.29198000e-02,2.78659900e-02,3.42085800e-02,3.73079200e-02,3.42085800e-02,2.78659900e-02,2.29198000e-02,1.98294900e-02,1.73608600e-02,1.49005600e-02,1.21437200e-02,7.93351100e-03
1.55366080e+06,-7.66725700e+00,7.95876200e-03,1.21684800e-02,1.49194200e-02,1.73757700e-02,1.98392400e-02,2.29235300e-02,2.78661000e-02,3.42085800e-02,3.73079200e-02,3.42085800e-02,2.78661000e-02,2.29235300e-02,1.98392400e-02,1.73757700e-02,1.49194200e-02,1.21684800e-02,7.95876200e-03
1.55766080e+06,-7.66952400e+00,7.98355200e-03,1.21930100e-02,1.49382300e-02,1.73906300e-02,1.98489800e-02,2.29272900e-02,2.78662100e-02,3.42085800e-02,3.73079200e-02,3.42085800e-02,2.78662100e-02,2.29272900e-02,1.98489800e-02,1.73906300e-02,1.49382300e-02,1.21930100e-02,7.98355200e-03
1.56166080e+06,-7.67235900e+00,8.00789000e-03,1.22172800e-02,1.49569900e-02,1.74054400e-02,1.98587200e-02,2.29310500e-02,2.78663200e-02,3.42085800e-02,3.73079200e-02,3.42085800e-02,2.78663200e-02,2.29310500e-02,1.98587200e-02,1.74054400e-02,1.49569900e-02,1.22172800e-02,8.00789000e-03
1.56566080e+06,-7.67582400e+00,8.03178200e-03,1.22413100e-02,1.49757000e-02,1.74202100e-02,1.98684500e-02,2.29348300e-02,2.78664300e-02,3.42085800e-02,3.73079200e-02,3.42085800e-02,2.78664300e-02,2.29348300e-02,1.98684500e-02,1.74202100e-02,1.49757000e-02,1.22413100e-02,8.03178200e-03
1.56966080e+06,-7.67998100e+00,8.05523800e-03,1.22651000e-02,1.49943600e-02,1.74349200e-02,1.98781800e-02,2.29386300e-02,2.78665300e-02,3.42085800e-02,3.73079200e-02,3.42085800e-02,2.78665300e-02,2.29386300e-02,1.98781800e-02,1.74349200e-02,1.49943600e-02,1.22651000e-02,8.05523800e-03
1.57366080e+06,-7.68489700e+00,8.07826500e-03,1.22886400e-02,1.50129600e-02,1.74495900e-02,1.98879000e-02,2.29424400e-02,2.78666400e-02,3.42085800e-02,3.73079200e-02,3.42085800e-02,2.78666400e-02,2.29424400e-02,1.98879000e-02,1.74495900e-02,1.50129600e-02,1.22886400e-02,8.07826500e-03
1.57766080e+06,-7.69063700e+00,8.10087100e-03,1.23119400e-02,1.50315100e-02,1.74642200e-02,1.98976200e-02,2.29462600e-02,2.78667500e-02,3.42085800e-02,3.73079200e-02,3.42085800e-02,2.78667500e-02,2.29462600e-02,1.98976200e-02,1.74642200e-02,1.50315100e-02,1.23119400e-02,8.10087100e-03
1.58166080e+06,-7.69726300e+00,8.12306700e-03,1.23350000e-02,1.50500000e-02,1.74787900e-02,1.99073300e-02,2.29501000e-02,2.78668600e-02,3.42085800e-02,3.73079200e-02,3.42085800e-02,2.78668600e-02,2.29501000e-02,1.99073300e-02,1.74787900e-02,1.50500000e-02,1.23350000e-02,8.12306700e-03
1.58566080e+06,-7.70482700e+00,8.14486100e-03,1.23578200e-02,1.50684300e-02,1.74933200e-02,1.99170400e-02,2.29539500e-02,2.78669700e-02,3.42085800e-02,3.73079200e-02,3.42085800e-02,2.78669700e-02,2.29539500e-02,1.99170400e-02,1.74933200e-02,1.50684300e-02,1.23578200e-02,8.14486100e-03
1.58966080e+06,-7.71336600e+00,8.16626300e-03,1.23804000e-02,1.50868000e-02,1.75078000e-02,1.99267400e-02,2.29578200e-02,2.78670900e-02,3.42085800e-02,3.73079200e-02,3.42085800e-02,2.78670900e-02,2.29578200e-02,1.99267400e-02,1.75078000e-02,1.50868000e-02,1.23804000e-02,8.16626300e-03
1.59366080e+06,-7.72290300e+00,8.18728200e-03,1.24027400e-02,1.51051100e-02,1.75222300e-02,1.99364300e-02,2.29617100e-02,2.78672000e-02,3.42085800e-02,3.73079200e-02,3.42085800e-02,2.78672000e-02,2.29617100e-02,1.99364300e-02,1.75222300e-02,1.51051100e-02,1.24027400e-02,8.18728200e-03
1.59766080e+06,-7.72791700e+00,8.20792800e-03,1.24248500e-02,1.51233600e-02,1.75366100e-02,1.99461200e-02,2.29656000e-02,2.78673100e-02,3.42085800e-02,3.73079200e-02,3.42085800e-02,2.78673100e-02,2.29656000e-02,1.99461200e-02,1.75366100e-02,1.51233600e-02,1.24248500e-02,8.20792800e-03
1.60166080e+06,-7.72358400e+00,8.22821000e-03,1.24467200e-02,1.51415500e-02,1.75509500e-02,1.99558000e-02,2.29695200e-02,2.78674200e-02,3.42085800e-02,3.73079200e-02,3.42085800e-02,2.78674200e-02,2.29695200e-02,1.99558000e-02,1.75509500e-02,1.51415500e-02,1.24467200e-02,8.22821000e-03
1.60566080e+06,-7.71957200e+00,8.24813900e-03,1.24683700e-02,1.51596800e-02,1.75652400e-02,1.99654800e-02,2.29734500e-02,2.78675400e-02,3.42085800e-02,3.73079200e-02,3.42085800e-02,2.78675400e-02,2.29734500e-02,1.99654800e-02,1.75652400e-02,1.51596800e-02,1.24683700e-02,8.24813900e-03
1.60966080e+06,-7.71588200e+00,8.26772300e-03,1.24897800e-02,1.51777400e-02,1.75794900e-02,1.99751500e-02,2.29773900e-02,2.78676500e-02,3.42085800e-02,3.73079200e-02,3.42085800e-02,2.78676500e-02,2.29773900e-02,1.99751500e-02,1.75794900e-02,1.51777400e-02,1.24897800e-02,8.26772300e-03
1.61366080e+06,-7.71251200e+00,8.28697300e-03,1.25109600e-02,1.51957300e-02,1.75936900e-02,1.99848100e-02,2.29813500e-02,2.78677600e-02,3.42085800e-02,3.73079200e-02,3.42085800e-02,2.78677600e-02,2.29813500e-02,1.99848100e-02,1.75936900e-02,1.51957300e-02,1.25109600e-02,8.28697300e-03
1.61766080e+06,-7.70945400e+00,8.30589800e-03,1.25319100e-02,1.52136600e-02,1.76078400e-02,1.99944700e-02,2.29853200e-02,2.78678800e-02,3.42085800e-02,3.73079200e-02,3.42085800e-02,2.78678800e-02,2.29853200e-02,1.99944700e-02,1.76078400e-02,1.52136600e-02,1.25319100e-02,8.30589800e-03
1.62166080e+06,-7.70670000e+00,8.32450700e-03,1.25526400e-02,1.52315300e-02,1.76219500e-02,2.00041200e-02,2.29893100e-02,2.78679900e-02,3.42085800e-02,3.73079200e-02,3.42085800e-02,2.78679900e-02,2.29893100e-02,2.00041200e-02,1.76219500e-02,1.52315300e-02,1.25526400e-02,8.32450700e-03
1.62566080e+06,-7.70423400e+00,8.34280900e-03,1.25731500e-02,1.52493200e-02,1.76360100e-02,2.00137600e-02,2.29933100e-02,2.78681100e-02,3.42085800e-02,3.73079200e-02,3.42085800e-02,2.78681100e-02,2.29933100e-02,2.00137600e-02,1.76360100e-02,1.52493200e-02,1.25731500e-02,8.34280900e-03
1.62966080e+06,-7.70204300e+00,8.36081400e-03,1.25934300e-02,1.52670400e-02,1.76500200e-02,2.00233900e-02,2.29973300e-02,2.78682300e-02,3.42085800e-02,3.73079200e-02,3.42085800e-02,2.78682300e-02,2.29973300e-02,2.00233900e-02,1.76500200e-02,1.52670400e-02,1.25934300e-02,8.36081400e-03
1.63366080e+06,-7.70010900e+00,8.37853000e-03,1.26135000e-02,1.52846900e-02,1.76639900e-02,2.00330200e-02,2.30013600e-02,2.78683400e-02,3.42085800e-02,3.73079200e-02,3.42085800e-02,2.78683400e-02,2.30013600e-02,2.00330200e-02,1.76639900e-02,1.52846900e-02,1.26135000e-02,8.37853000e-03
1.63766080e+06,-7.69841100e+00,8.39596500e-03,1.26333600e-02,1.53022800e-02,1.76779200e-02,2.00426400e-02,2.30054000e-02,2.78684600e-02,3.42085800e-02,3.73079200e-02,3.42085800e-02,2.78684600e-02,2.30054000e-02,2.00426400e-02,1.76779200e-02,1.53022800e-02,1.26333600e-02,8.39596500e-03
1.64166080e+06,-7.69693100e+00,8.41312900e-03,1.26530000e-02,1.53197900e-02,1.76917900e-02,2.00522500e-02,2.30094700e-02,2.78685800e-02,3.42085800e-02,3.73079200e-02,3.42085800e-02,2.78685800e-02,2.30094700e-02,2.00522500e-02,1.76917900e-02,1.53197900e-02,1.26530000e-02,8.41312900e-03
1.64566080e+06,-7.69564800e+00,8.43002900e-03,1.26724300e-02,1.53372200e-02,1.77056300e-02,2.00618500e-02,2.30135400e-02,2.78687000e-02,3.42085800e-02,3.73079200e-02,3.42085800e-02,2.78687000e-02,2.30135400e-02,2.00618500e-02,1.77056300e-02,1.53372200e-02,1.26724300e-02,8.43002900e-03
1.64966080e+06,-7.69454100e+00,8.44667400e-03,1.26916500e-02,1.53545900e-02,1.77194200e-02,2.00714500e-02,2.30176300e-02,2.78688200e-02,3.42085800e-02,3.73079200e-02,3.42085800e-02,2.78688200e-02,2.30176300e-02,2.00714500e-02,1.77194200e-02,1.53545900e-02,1.26916500e-02,8.44667400e-03
1.65366080e+06,-7.69359400e+00,8.46307100e-03,1.27106700e-02,1.53718800e-02,1.77331600e-02,2.00810300e-02,2.30217400e-02,2.78689400e-02,3.42085800e-02,3.73079200e-02,3.42085800e-02,2.78689400e-02,2.30217400e-02,2.00810300e-02,1.77331600e-02,1.53718800e-02,1.27106700e-02,8.46307100e-03
1.65766080e+06,-7.69278600e+00,8.47922800e-03,1.27294800e-02,1.53891000e-02,1.77468600e-02,2.00906100e-02,2.30258600e-02,2.78690600e-02,3.42085800e-02,3.73079200e-02,3.42085800e-02,2.78690600e-02,2.30258600e-02,2.00906100e-02,1.77468600e-02,1.53891000e-02,1.27294800e-02,8.47922800e-03
1.66166080e+06,-7.69210200e+00,8.49515200e-03,1.27481000e-02,1.54062400e-02,1.77605100e-02,2.01001800e-02,2.30300000e-02,2.78691800e-02,3.42085800e-02,3.73079200e-02,3.42085800e-02,2.78691800e-02,2.30300000e-02,2.01001800e-02,1.77605100e-02,1.54062400e-02,1.27481000e-02,8.49515200e-03
1.66566080e+06,-7.69152700e+00,8.51085000e-03,1.27665200e-02,1.54233000e-02,1.77741200e-02,2.01097400e-02,2.30341500e-02,2.78693000e-02,3.42085800e-02,3.73079200e-02,3.42085800e-02,2.78693000e-02,2.30341500e-02,2.01097400e-02,1.77741200e-02,1.54233000e-02,1.27665200e-02,8.51085000e-03
1.66966080e+06,-7.69104700e+00,8.52633000e-03,1.27847500e-02,1.54402900e-02,1.77876900e-02,2.01192900e-02,2.30383100e-02,2.78694200e-02,3.42085800e-02,3.73079200e-02,3.42085800e-02,2.78694200e-02,2.30383100e-02,2.01192900e-02,1.77876900e-02,1.54402900e-02,1.27847500e-02,8.52633000e-03
1.67366080e+06,-7.69065300e+00,8.54159700e-03,1.28027900e-02,1.54572000e-02,1.78012100e-02,2.01288300e-02,2.30424900e-02,2.78695400e-02,3.42085800e-02,3.73079200e-02,3.42085800e-02,2.78695400e-02,2.30424900e-02,2.01288300e-02,1.78012100e-02,1.54572000e-02,1.28027900e-02,8.54159700e-03
1.67766080e+06,-7.69033400e+00,8.55666000e-03,1.28206400e-02,1.54740400e-02,1.78146900e-02,2.01383700e-02,2.30466800e-02,2.78696700e-02,3.42085800e-02,3.73079200e-02,3.42085800e-02,2.78696700e-02,2.30466800e-02,2.01383700e-02,1.78146900e-02,1.54740400e-02,1.28206400e-02,8.55666000e-03
1.68166080e+06,-7.69008300e+00,8.57152300e-03,1.28383000e-02,1.54908000e-02,1.78281200e-02,2.01478900e-02,2.30508900e-02,2.78697900e-02,3.42085800e-02,3.73079200e-02,3.42085800e-02,2.78697900e-02,2.30508900e-02,2.01478900e-02,1.78281200e-02,1.54908000e-02,1.28383000e-02,8.57152300e-03
1.68566080e+06,-7.68989700e+00,8.58619200e-03,1.28557900e-02,1.55074800e-02,1.78415100e-02,2.01574100e-02,2.30551200e-02,2.78699200e-02,3.42085800e-02,3.73079200e-02,3.42085800e-02,2.78699200e-02,2.30551200e-02,2.01574100e-02,1.78415100e-02,1.55074800e-02,1.28557900e-02,8.58619200e-03
1.68966080e+06,-7.68977200e+00,8.60067500e-03,1.28731000e-02,1.55240900e-02,1.78548600e-02,2.01669100e-02,2.30593500e-02,2.78700400e-02,3.42085800e-02,3.73079200e-02,3.42085800e-02,2.78700400e-02,2.30593500e-02,2.01669100e-02,1.78548600e-02,1.55240900e-02,1.28731000e-02,8.60067500e-03
1.69366080e+06,-7.68970900e+00,8.61497600e-03,1.28902300e-02,1.55406200e-02,1.78681700e-02,2.01764100e-02,2.30636100e-02,2.78701700e-02,3.42085800e-02,3.73079200e-02,3.42085800e-02,2.78701700e-02,2.30636100e-02,2.01764100e-02,1.78681700e-02,1.55406200e-02,1.28902300e-02,8.61497600e-03
1.69766080e+06,-7.68971200e+00,8.62910000e-03,1.29071900e-02,1.55570700e-02,1.78814300e-02,2.01858900e-02,2.30678700e-02,2.78702900e-02,3.42085800e-02,3.73079200e-02,3.42085800e-02,2.78702900e-02,2.30678700e-02,2.01858900e-02,1.78814300e-02,1.55570700e-02,1.29071900e-02,8.62910000e-03
1.70166080e+06,-7.68978600e+00,8.64305400e-03,1.29239800e-02,1.55734500e-02,1.78946500e-02,2.01953700e-02,2.30721600e-02,2.78704200e-02,3.42085800e-02,3.73079200e-02,3.42085800e-02,2.78704200e-02,2.30721600e-02,2.01953700e-02,1.78946500e-02,1.55734500e-02,1.29239800e-02,8.64305400e-03
1.70566080e+06,-7.68993900e+00,8.65684300e-03,1.29406100e-02,1.55897500e-02,1.79078300e-02,2.02048400e-02,2.30764500e-02,2.78705500e-02,3.42085800e-02,3.73079200e-02,3.42085800e-02,2.78705500e-02,2.30764500e-02,2.02048400e-02,1.79078300e-02,1.55897500e-02,1.29406100e-02,8.65684300e-03
1.70966080e+06,-7.69018400e+00,8.67047000e-03,1.29570800e-02,1.56059700e-02,1.79209700e-02,2.02143000e-02,2.30807600e-02,2.78706800e-02,3.42085800e-02,3.73079200e-02,3.42085800e-02,2.78706800e-02,2.30807600e-02,2.02143000e-02,1.79209700e-02,1.56059700e-02,1.29570800e-02,8.67047000e-03
1.71366080e+06,-7.69053600e+00,8.68394200e-03,1.29733800e-02,1.56221200e-02,1.79340700e-02,2.02237500e-02,2.30850900e-02,2.78708100e-02,3.42085800e-02,3.73079200e-02,3.42085800e-02,2.78708100e-02,2.30850900e-02,2.02237500e-02,1.79340700e-02,1.56221200e-02,1.29733800e-02,8.68394200e-03
1.71766080e+06,-7.69101400e+00,8.69726200e-03,1.29895300e-02,1.56381900e-02,1.79471200e-02,2.02331900e-02,2.30894300e-02,2.78709400e-02,3.42085800e-02,3.73079200e-02,3.42085800e-02,2.78709400e-02,2.30894300e-02,2.02331900e-02,1.79471200e-02,1.56381900e-02,1.29895300e-02,8.69726200e-03
1.72166080e+06,-7.69164300e+00,8.71043500e-03,1.30055300e-02,1.56541800e-02,1.79601400e-02,2.02426200e-02,2.30937800e-02,2.78710700e-02,3.42085900e-02,3.73079200e-02,3.42085900e-02,2.78710700e-02,2.30937800e-02,2.02426200e-02,1.79601400e-02,1.56541800e-02,1.30055300e-02,8.71043500e-03
1.72566080e+06,-7.69245000e+00,8.72346500e-03,1.30213800e-02,1.56701000e-02,1.79731100e-02,2.02520400e-02,2.30981500e-02,2.78712000e-02,3.42085900e-02,3.73079200e-02,3.42085900e-02,2.78712000e-02,2.30981500e-02,2.02520400e-02,1.79731100e-02,1.56701000e-02,1.30213800e-02,8.72346500e-03
1.72966080e+06,-7.69346700e+00,8.73635700e-03,1.30370800e-02,1.56859400e-02,1.79860400e-02,2.02614500e-02,2.31025300e-02,2.78713300e-02,3.42085900e-02,3.73079200e-02,3.42085900e-02,2.78713300e-02,2.31025300e-02,2.02614500e-02,1.79860400e-02,1.56859400e-02,1.30370800e-02,8.73635700e-03
1.73366080e+06,-7.69473100e+00,8.74911400e-03,1.30526400e-02,1.57017100e-02,1.79989400e-02,2.02708500e-02,2.31069300e-02,2.78714600e-02,3.42085900e-02,3.73079200e-02,3.42085900e-02,2.78714600e-02,2.31069300e-02,2.02708500e-02,1.79989400e-02,1.57017100e-02,1.30526400e-02,8.74911400e-03
1.73766080e+06,-7.69628600e+00,8.76174100e-03,1.30680500e-02,1.57174100e-02,1.80117900e-02,2.02802500e-02,2.31113400e-02,2.78716000e-02,3.42085900e-02,3.73079200e-02,3.42085900e-02,2.78716000e-02,2.31113400e-02,2.02802500e-02,1.80117900e-02,1.57174100e-02,1.30680500e-02,8.76174100e-03
1.74166080e+06,-7.69817900e+00,8.77424000e-03,1.30833300e-02,1.57330300e-02,1.80246100e-02,2.02896300e-02,2.31157700e-02,2.78717300e-02,3.42085900e-02,3.73079200e-02,3.42085900e-02,2.78717300e-02,2.31157700e-02,2.02896300e-02,1.80246100e-02,1.57330300e-02,1.30833300e-02,8.77424000e-03
1.74566080e+06,-7.70046100e+00,8.78661600e-03,1.30984700e-02,1.57485700e-02,1.80373800e-02,2.02990000e-02,2.31202100e-02,2.78718700e-02,3.42085900e-02,3.73079200e-02,3.42085900e-02,2.78718700e-02,2.31202100e-02,2.02990000e-02,1.80373800e-02,1.57485700e-02,1.30984700e-02,8.78661600e-03
1.74966080e+06,-7.70319000e+00,8.79887100e-03,1.31134700e-02,1.57640500e-02,1.80501200e-02,2.03083700e-02,2.31246600e-02,2.78720000e-02,3.42085900e-02,3.73079200e-02,3.42085900e-02,2.78720000e-02,2.31246600e-02,2.03083700e-02,1.80501200e-02,1.57640500e-02,1.31134700e-02,8.79887100e-03
1.75366080e+06,-7.70642600e+00,8.81101000e-03,1.31283500e-02,1.57794500e-02,1.80628200e-02,2.03177200e-02,2.31291300e-02,2.78721400e-02,3.42085900e-02,3.73079200e-02,3.42085900e-02,2.78721400e-02,2.31291300e-02,2.03177200e-02,1.80628200e-02,1.57794500e-02,1.31283500e-02,8.81101000e-03
1.75766080e+06,-7.71023000e+00,8.82303400e-03,1.31431000e-02,1.57947700e-02,1.80754800e-02,2.03270600e-02,2.31336100e-02,2.78722800e-02,3.42085900e-02,3.73079200e-02,3.42085900e-02,2.78722800e-02,2.31336100e-02,2.03270600e-02,1.80754800e-02,1.57947700e-02,1.31431000e-02,8.82303400e-03
1.76166080e+06,-7.71466600e+00,8.83494800e-03,1.31577200e-02,1.58100300e-02,1.80881000e-02,2.03364000e-02,2.31381100e-02,2.78724100e-02,3.42085900e-02,3.73079200e-02,3.42085900e-02,2.78724100e-02,2.31381100e-02,2.03364000e-02,1.80881000e-02,1.58100300e-02,1.31577200e-02,8.83494800e-03
1.76566080e+06,-7.71979500e+00,8.84675300e-03,1.31722200e-02,1.58252200e-02,1.81006900e-02,2.03457200e-02,2.31426200e-02,2.78725500e-02,3.42085900e-02,3.73079200e-02,3.42085900e-02,2.78725500e-02,2.31426200e-02,2.03457200e-02,1.81006900e-02,1.58252200e-02,1.31722200e-02,8.84675300e-03
1.76966080e+06,-7.72567300e+00,8.85845300e-03,1.31866000e-02,1.58403300e-02,1.81132300e-02,2.03550400e-02,2.31471500e-02,2.78726900e-02,3.42085900e-02,3.73079200e-02,3.42085900e-02,2.78726900e-02,2.31471500e-02,2.03550400e-02,1.81132300e-02,1.58403300e-02,1.31866000e-02,8.85845300e-03
1.77366080e+06,-7.73235100e+00,8.87005100e-03,1.32008700e-02,1.58553700e-02,1.81257400e-02,2.03643500e-02,2.31516900e-02,2.78728300e-02,3.42085900e-02,3.73079200e-02,3.42085900e-02,2.78728300e-02,2.31516900e-02,2.03643500e-02,1.81257400e-02,1.58553700e-02,1.32008700e-02,8.87005100e-03
1.77766080e+06,-7.73986700e+00,8.88154800e-03,1.32150100e-02,1.58703500e-02,1.81382100e-02,2.03736400e-02,2.31562400e-02,2.78729700e-02,3.42085900e-02,3.73079200e-02,3.42085900e-02,2.78729700e-02,2.31562400e-02,2.03736400e-02,1.81382100e-02,1.58703500e-02,1.32150100e-02,8.88154800e-03
1.78166080e+06,-7.73898400e+00,8.89294700e-03,1.32290400e-02,1.58852500e-02,1.81506500e-02,2.03829300e-02,2.31608100e-02,2.78731100e-02,3.42085900e-02,3.73079200e-02,3.42085900e-02,2.78731100e-02,2.31608100e-02,2.03829300e-02,1.81506500e-02,1.58852500e-02,1.32290400e-02,8.89294700e-03
1.78566080e+06,-7.73759300e+00,8.90425000e-03,1.32429600e-02,1.59000800e-02,1.81630500e-02,2.03922000e-02,2.31653900e-02,2.78732600e-02,3.42085900e-02,3.73079200e-02,3.42085900e-02,2.78732600e-02,2.31653900e-02,2.03922000e-02,1.81630500e-02,1.59000800e-02,1.32429600e-02,8.90425000e-03
1.78966080e+06,-7.73628000e+00,8.91546000e-03,1.32567700e-02,1.59148500e-02,1.81754100e-02,2.04014700e-02,2.31699800e-02,2.78734000e-02,3.42085900e-02,3.73079200e-02,3.42085900e-02,2.78734000e-02,2.31699800e-02,2.04014700e-02,1.81754100e-02,1.59148500e-02,1.32567700e-02,8.91546000e-03
1.79366080e+06,-7.73504200e+00,8.92657900e-03,1.32704700e-02,1.59295400e-02,1.81877300e-02,2.04107200e-02,2.31745900e-02,2.78735400e-02,3.42085900e-02,3.73079200e-02,3.42085900e-02,2.78735400e-02,2.31745900e-02,2.04107200e-02,1.81877300e-02,1.59295400e-02,1.32704700e-02,8.92657900e-03
1.79766080e+06,-7.73387600e+00,8.93760700e-03,1.32840700e-02,1.59441700e-02,1.82000200e-02,2.04199700e-02,2.31792100e-02,2.78736900e-02,3.42085900e-02,3.73079200e-02,3.42085900e-02,2.78736900e-02,2.31792100e-02,2.04199700e-02,1.82000200e-02,1.59441700e-02,1.32840700e-02,8.93760700e-03
1.80166080e+06,-7.73278000e+00,8.94854800e-03,1.32975600e-02,1.59587300e-02,1.82122600e-02,2.04292000e-02,2.31838500e-02,2.78738400e-02,3.42085900e-02,3.73079200e-02,3.42085900e-02,2.78738400e-02,2.31838500e-02,2.04292000e-02,1.82122600e-02,1.59587300e-02,1.32975600e-02,8.94854800e-03
1.80566080e+06,-7.73174700e+00,8.95940400e-03,1.33109500e-02,1.59732200e-02,1.82244800e-02,2.04384300e-02,2.31885000e-02,2.78739800e-02,3.42085900e-02,3.73079200e-02,3.42085900e-02,2.78739800e-02,2.31885000e-02,2.04384300e-02,1.82244800e-02,1.59732200e-02,1.33109500e-02,8.95940400e-03
1.80966080e+06,-7.73077300e+00,8.97017400e-03,1.33242400e-02,1.59876400e-02,1.82366500e-02,2.04476400e-02,2.31931600e-02,2.78741300e-02,3.42085900e-02,3.73079200e-02,3.42085900e-02,2.78741300e-02,2.31931600e-02,2.04476400e-02,1.82366500e-02,1.59876400e-02,1.33242400e-02,8.97017400e-03
1.81366080e+06,-7.72985400e+00,8.98086300e-03,1.33374300e-02,1.60020000e-02,1.82487900e-02,2.04568500e-02,2.31978300e-02,2.78742800e-02,3.42085900e-02,3.73079200e-02,3.42085900e-02,2.78742800e-02,2.31978300e-02,2.04568500e-02,1.82487900e-02,1.60020000e-02,1.33374300e-02,8.98086300e-03
1.81766080e+06,-7.72898200e+00,8.99147000e-03,1.33505200e-02,1.60162800e-02,1.82608900e-02,2.04660400e-02,2.32025200e-02,2.78744300e-02,3.42085900e-02,3.73079200e-02,3.42085900e-02,2.78744300e-02,2.32025200e-02,2.04660400e-02,1.82608900e-02,1.60162800e-02,1.33505200e-02,8.99147000e-03
1.82166080e+06,-7.72815500e+00,9.00199700e-03,1.33635100e-02,1.60305100e-02,1.82729600e-02,2.04752200e-02,2.32072200e-02,2.78745800e-02,3.42085900e-02,3.73079200e-02,3.42085900e-02,2.78745800e-02,2.32072200e-02,2.04752200e-02,1.82729600e-02,1.60305100e-02,1.33635100e-02,9.00199700e-03
1.82566080e+06,-7.72736800e+00,9.01244600e-03,1.33764200e-02,1.60446600e-02,1.82849900e-02,2.04843900e-02,2.32119300e-02,2.78747300e-02,3.42085900e-02,3.73079200e-02,3.42085900e-02,2.78747300e-02,2.32119300e-02,2.04843900e-02,1.82849900e-02,1.60446600e-02,1.33764200e-02,9.01244600e-03
1.82966080e+06,-7.72661800e+00,9.02281800e-03,1.33892300e-02,1.60587500e-02,1.82969800e-02,2.04935400e-02,2.32166600e-02,2.78748800e-02,3.42085900e-02,3.73079200e-02,3.42085900e-02,2.78748800e-02,2.32166600e-02,2.04935400e-02,1.82969800e-02,1.60587500e-02,1.33892300e-02,9.02281800e-03
1.83366080e+06,-7.72590300e+00,9.03311500e-03,1.34019500e-02,1.60727700e-02,1.83089400e-02,2.05026900e-02,2.32214000e-02,2.78750300e-02,3.42085900e-02,3.73079200e-02,3.42085900e-02,2.78750300e-02,2.32214000e-02,2.05026900e-02,1.83089400e-02,1.60727700e-02,1.34019500e-02,9.03311500e-03
1.83766080e+06,-7.72522200e+00,9.04333700e-03,1.34145700e-02,1.60867200e-02,1.83208600e-02,2.05118300e-02,2.32261500e-02,2.78751900e-02,3.42085900e-02,3.73079200e-02,3.42085900e-02,2.78751900e-02,2.32261500e-02,2.05118300e-02,1.83208600e-02,1.60867200e-02,1.34145700e-02,9.04333700e-03
1.84166080e+06,-7.72457900e+00,9.05348700e-03,1.34271200e-02,1.61006100e-02,1.83327400e-02,2.05209500e-02,2.32309100e-02,2.78753400e-02,3.42085900e-02,3.73079200e-02,3.42085900e-02,2.78753400e-02,2.32309100e-02,2.05209500e-02,1.83327400e-02,1.61006100e-02,1.34271200e-02,9.05348700e-03
1.84566080e+06,-7.72397500e+00,9.06356400e-03,1.34395700e-02,1.61144400e-02,1.83445800e-02,2.05300600e-02,2.32356900e-02,2.78755000e-02,3.42085900e-02,3.73079200e-02,3.42085900e-02,2.78755000e-02,2.32356900e-02,2.05300600e-02,1.83445800e-02,1.61144400e-02,1.34395700e-02,9.06356400e-03
1.84966080e+06,-7.72341700e+00,9.07357000e-03,1.34519400e-02,1.61282000e-02,1.83563900e-02,2.05391600e-02,2.32404700e-02,2.78756500e-02,3.42085900e-02,3.73079200e-02,3.42085900e-02,2.78756500e-02,2.32404700e-02,2.05391600e-02,1.83563900e-02,1.61282000e-02,1.34519400e-02,9.07357000e-03
1.85366080e+06,-7.72291300e+00,9.08350600e-03,1.34642300e-02,1.61418900e-02,1.83681700e-02,2.05482500e-02,2.32452700e-02,2.78758100e-02,3.42085900e-02,3.73079200e-02,3.42085900e-02,2.78758100e-02,2.32452700e-02,2.05482500e-02,1.83681700e-02,1.61418900e-02,1.34642300e-02,9.08350600e-03
1.85766080e+06,-7.72247500e+00,9.09337300e-03,1.34764300e-02,1.61555200e-02,1.83799100e-02,2.05573200e-02,2.32500800e-02,2.78759700e-02,3.42085900e-02,3.73079200e-02,3.42085900e-02,2.78759700e-02,2.32500800e-02,2.05573200e-02,1.83799100e-02,1.61555200e-02,1.34764300e-02,9.09337300e-03
1.86166080e+06,-7.72211700e+00,9.10317300e-03,1.34885500e-02,1.61690800e-02,1.83916100e-02,2.05663900e-02,2.32549000e-02,2.78761300e-02,3.42085900e-02,3.73079200e-02,3.42085900e-02,2.78761300e-02,2.32549000e-02,2.05663900e-02,1.83916100e-02,1.61690800e-02,1.34885500e-02,9.10317300e-03
1.86566080e+06,-7.72185700e+00,9.11290500e-03,1.35005900e-02,1.61825800e-02,1.84032700e-02,2.05754400e-02,2.32597400e-02,2.78762800e-02,3.42085900e-02,3.73079200e-02,3.42085900e-02,2.78762800e-02,2.32597400e-02,2.05754400e-02,1.84032700e-02,1.61825800e-02,1.35005900e-02,9.11290500e-03
1.86966080e+06,-7.72171500e+00,9.12257200e-03,1.35125600e-02,1.61960200e-02,1.84149000e-02,2.05844800e-02,2.32645800e-02,2.78764500e-02,3.42085900e-02,3.73079200e-02,3.42085900e-02,2.78764500e-02,2.32645800e-02,2.05844800e-02,1.84149000e-02,1.61960200e-02,1.35125600e-02,9.12257200e-03
1.87366080e+06,-7.72171800e+00,9.13217300e-03,1.35244400e-02,1.62093900e-02,1.84264900e-02,2.05935000e-02,2.32694400e-02,2.78766100e-02,3.42085900e-02,3.73079200e-02,3.42085900e-02,2.78766100e-02,2.32694400e-02,2.05935000e-02,1.84264900e-02,1.62093900e-02,1.35244400e-02,9.13217300e-03
1.87766080e+06,-7.72189300e+00,9.14171100e-03,1.35362500e-02,1.62227000e-02,1.84380500e-02,2.06025200e-02,2.32743100e-02,2.78767700e-02,3.42085900e-02,3.73079200e-02,3.42085900e-02,2.78767700e-02,2.32743100e-02,2.06025200e-02,1.84380500e-02,1.62227000e-02,1.35362500e-02,9.14171100e-03
1.88166080e+06,-7.72227600e+00,9.15118400e-03,1.35479900e-02,1.62359500e-02,1.84495700e-02,2.06115200e-02,2.32791900e-02,2.78769300e-02,3.42085900e-02,3.73079200e-02,3.42085900e-02,2.78769300e-02,2.32791900e-02,2.06115200e-02,1.84495700e-02,1.62359500e-02,1.35479900e-02,9.15118400e-03
1.88566080e+06,-7.72290400e+00,9.16059500e-03,1.35596500e-02,1.62491300e-02,1.84610600e-02,2.06205000e-02,2.32840700e-02,2.78771000e-02,3.42085900e-02,3.73079200e-02,3.42085900e-02,2.78771000e-02,2.32840700e-02,2.06205000e-02,1.84610600e-02,1.62491300e-02,1.35596500e-02,9.16059500e-03
1.88966080e+06,-7.72344400e+00,9.16994500e-03,1.35712400e-02,1.62622500e-02,1.84725100e-02,2.06294800e-02,2.32889800e-02,2.78772600e-02,3.42085900e-02,3.73079200e-02,3.42085900e-02,2.78772600e-02,2.32889800e-02,2.06294800e-02,1.84725100e-02,1.62622500e-02,1.35712400e-02,9.16994500e-03
1.89366080e+06,-7.72319800e+00,9.17923300e-03,1.35827600e-02,1.62753100e-02,1.84839300e-02,2.06384400e-02,2.32938900e-02,2.78774300e-02,3.42085900e-02,3.73079200e-02,3.42085900e-02,2.78774300e-02,2.32938900e-02,2.06384400e-02,1.84839300e-02,1.62753100e-02,1.35827600e-02,9.17923300e-03
1.89766080e+06,-7.72291800e+00,9.18846000e-03,1.35942000e-02,1.62883000e-02,1.84953100e-02,2.06473900e-02,2.32988100e-02,2.78776000e-02,3.42085900e-02,3.73079200e-02,3.42085900e-02,2.78776000e-02,2.32988100e-02,2.06473900e-02,1.84953100e-02,1.62883000e-02,1.35942000e-02,9.18846000e-03
1.90166080e+06,-7.72260500e+00,9.19762800e-03,1.36055800e-02,1.63012400e-02,1.85066500e-02,2.06563300e-02,2.33037400e-02,2.78777700e-02,3.42085900e-02,3.73079200e-02,3.42085900e-02,2.78777700e-02,2.33037400e-02,2.06563300e-02,1.85066500e-02,1.63012400e-02,1.36055800e-02,9.19762800e-03
1.90566080e+06,-7.72226000e+00,9.20673700e-03,1.36168900e-02,1.63141100e-02,1.85179600e-02,2.06652500e-02,2.33086800e-02,2.78779400e-02,3.42085900e-02,3.73079200e-02,3.42085900e-02,2.78779400e-02,2.33086800e-02,2.06652500e-02,1.85179600e-02,1.63141100e-02,1.36168900e-02,9.20673700e-03
1.90966080e+06,-7.72188400e+00,9.21578800e-03,1.36281400e-02,1.63269200e-02,1.85292400e-02,2.06741600e-02,2.33136300e-02,2.78781100e-02,3.42085900e-02,3.73079200e-02,3.42085900e-02,2.78781100e-02,2.33136300e-02,2.06741600e-02,1.85292400e-02,1.63269200e-02,1.36281400e-02,9.21578800e-03
1.91366080e+06,-7.72148300e+00,9.22478100e-03,1.36393100e-02,1.63396700e-02,1.85404800e-02,2.06830600e-02,2.33186000e-02,2.78782800e-02,3.42085900e-02,3.73079200e-02,3.42085900e-02,2.78782800e-02,2.33186000e-02,2.06830600e-02,1.85404800e-02,1.63396700e-02,1.36393100e-02,9.22478100e-03
1.91766080e+06,-7.72106300e+00,9.23371800e-03,1.36504300e-02,1.63523600e-02,1.85516800e-02,2.06919500e-02,2.33235700e-02,2.78784500e-02,3.42085900e-02,3.73079200e-02,3.42085900e-02,2.78784500e-02,2.33235700e-02,2.06919500e-02,1.85516800e-02,1.63523600e-02,1.36504300e-02,9.23371800e-03
1.92166080e+06,-7.72063200e+00,9.24259800e-03,1.36614700e-02,1.63649900e-02,1.85628500e-02,2.07008200e-02,2.33285500e-02,2.78786200e-02,3.42085900e-02,3.73079200e-02,3.42085900e-02,2.78786200e-02,2.33285500e-02,2.07008200e-02,1.85628500e-02,1.63649900e-02,1.36614700e-02,9.24259800e-03
1.92566080e+06,-7.72019900e+00,9.25142200e-03,1.36724600e-02,1.63775600e-02,1.85739900e-02,2.07096800e-02,2.33335400e-02,2.78788000e-02,3.42085900e-02,3.73079200e-02,3.42085900e-02,2.78788000e-02,2.33335400e-02,2.07096800e-02,1.85739900e-02,1.63775600e-02,1.36724600e-02,9.25142200e-03
1.92966080e+06,-7.71977700e+00,9.26019100e-03,1.36833800e-02,1.63900800e-02,1.85850900e-02,2.07185200e-02,2.33385400e-02,2.78789700e-02,3.42085900e-02,3.73079200e-02,3.42085900e-02,2.78789700e-02,2.33385400e-02,2.07185200e-02,1.85850900e-02,1.63900800e-02,1.36833800e-02,9.26019100e-03
1.93366080e+06,-7.71938100e+00,9.26890600e-03,1.36942500e-02,1.64025300e-02,1.85961600e-02,2.07273500e-02,2.33435600e-02,2.78791500e-02,3.42085900e-02,3.73079200e-02,3.42085900e-02,2.78791500e-02,2.33435600e-02,2.07273500e-02,1.85961600e-02,1.64025300e-02,1.36942500e-02,9.26890600e-03
1.93766080e+06,-7.71902700e+00,9.27756600e-03,1.37050500e-02,1.64149200e-02,1.86071900e-02,2.07361700e-02,2.33485800e-02,2.78793300e-02,3.42085900e-02,3.73079200e-02,3.42085900e-02,2.78793300e-02,2.33485800e-02,2.07361700e-02,1.86071900e-02,1.64149200e-02,1.37050500e-02,9.27756600e-03
1.94166080e+06,-7.71873600e+00,9.28617400e-03,1.37157900e-02,1.64272600e-02,1.86181900e-02,2.07449700e-02,2.33536100e-02,2.78795100e-02,3.42085900e-02,3.73079200e-02,3.42085900e-02,2.78795100e-02,2.33536100e-02,2.07449700e-02,1.86181900e-02,1.64272600e-02,1.37157900e-02,9.28617400e-03
1.94566080e+06,-7.71852900e+00,9.29472800e-03,1.37264800e-02,1.64395300e-02,1.86291600e-02,2.07537700e-02,2.33586400e-02,2.78796900e-02,3.42085900e-02,3.73079200e-02,3.42085900e-02,2.78796900e-02,2.33586400e-02,2.07537700e-02,1.86291600e-02,1.64395300e-02,1.37264800e-02,9.29472800e-03
1.94966080e+06,-7.71843300e+00,9.30323000e-03,1.37371100e-02,1.64517500e-02,1.86400900e-02,2.07625400e-02,2.33636900e-02,2.78798700e-02,3.42085900e-02,3.73079200e-02,3.42085900e-02,2.78798700e-02,2.33636900e-02,2.07625400e-02,1.86400900e-02,1.64517500e-02,1.37371100e-02,9.30323000e-03
1.95366080e+06,-7.71847600e+00,9.31168100e-03,1.37476800e-02,1.64639100e-02,1.86509900e-02,2.07713100e-02,2.33687500e-02,2.78800500e-02,3.42085900e-02,3.73079200e-02,3.42085900e-02,2.78800500e-02,2.33687500e-02,2.07713100e-02,1.86509900e-02,1.64639100e-02,1.37476800e-02,9.31168100e-03
1.95766080e+06,-7.71869200e+00,9.32008000e-03,1.37582000e-02,1.64760200e-02,1.86618600e-02,2.07800600e-02,2.33738100e-02,2.78802300e-02,3.42085900e-02,3.73079200e-02,3.42085900e-02,2.78802300e-02,2.33738100e-02,2.07800600e-02,1.86618600e-02,1.64760200e-02,1.37582000e-02,9.32008000e-03
1.96166080e+06,-7.71911500e+00,9.32842900e-03,1.37686600e-02,1.64880600e-02,1.86726900e-02,2.07887900e-02,2.33788800e-02,2.78804200e-02,3.42085900e-02,3.73079200e-02,3.42085900e-02,2.78804200e-02,2.33788800e-02,2.07887900e-02,1.86726900e-02,1.64880600e-02,1.37686600e-02,9.32842900e-03
1.96566080e+06,-7.71978600e+00,9.33672800e-03,1.37790600e-02,1.65000600e-02,1.86834900e-02,2.07975200e-02,2.33839700e-02,2.78806000e-02,3.42085900e-02,3.73079200e-02,3.42085900e-02,2.78806000e-02,2.33839700e-02,2.07975200e-02,1.86834900e-02,1.65000600e-02,1.37790600e-02,9.33672800e-03
1.96966080e+06,-7.72074800e+00,9.34497600e-03,1.37894200e-02,1.65119900e-02,1.86942500e-02,2.08062200e-02,2.33890500e-02,2.78807900e-02,3.42085900e-02,3.73079200e-02,3.42085900e-02,2.78807900e-02,2.33890500e-02,2.08062200e-02,1.86942500e-02,1.65119900e-02,1.37894200e-02,9.34497600e-03
1.97366080e+06,-7.72205100e+00,9.35317600e-03,1.37997200e-02,1.65238700e-02,1.87049900e-02,2.08149200e-02,2.33941500e-02,2.78809800e-02,3.42085900e-02,3.73079200e-02,3.42085900e-02,2.78809800e-02,2.33941500e-02,2.08149200e-02,1.87049900e-02,1.65238700e-02,1.37997200e-02,9.35317600e-03
1.97766080e+06,-7.72374300e+00,9.36132700e-03,1.38099700e-02,1.65356900e-02,1.87156900e-02,2.08236000e-02,2.33992600e-02,2.78811700e-02,3.42085900e-02,3.73079200e-02,3.42085900e-02,2.78811700e-02,2.33992600e-02,2.08236000e-02,1.87156900e-02,1.65356900e-02,1.38099700e-02,9.36132700e-03
1.98166080e+06,-7.72588100e+00,9.36943000e-03,1.38201600e-02,1.65474600e-02,1.87263500e-02,2.08322700e-02,2.34043700e-02,2.78813600e-02,3.42085900e-02,3.73079200e-02,3.42085900e-02,2.78813600e-02,2.34043700e-02,2.08322700e-02,1.87263500e-02,1.65474600e-02,1.38201600e-02,9.36943000e-03
1.98566080e+06,-7.72852000e+00,9.37748500e-03,1.38303100e-02,1.65591700e-02,1.87369900e-02,2.08409200e-02,2.34094900e-02,2.78815500e-02,3.42085900e-02,3.73079200e-02,3.42085900e-02,2.78815500e-02,2.34094900e-02,2.08409200e-02,1.87369900e-02,1.65591700e-02,1.38303100e-02,9.37748500e-03
1.98966080e+06,-7.73171800e+00,9.38549200e-03,1.38404100e-02,1.65708300e-02,1.87475900e-02,2.08495600e-02,2.34146200e-02,2.78817400e-02,3.42085900e-02,3.73079200e-02,3.42085900e-02,2.78817400e-02,2.34146200e-02,2.08495600e-02,1.87475900e-02,1.65708300e-02,1.38404100e-02,9.38549200e-03
1.99366080e+06,-7.73553300e+00,9.39345300e-03,1.38504600e-02,1.65824400e-02,1.87581600e-02,2.08581800e-02,2.34197500e-02,2.78819300e-02,3.42085900e-02,3.73079200e-02,3.42085900e-02,2.78819300e-02,2.34197500e-02,2.08581800e-02,1.87581600e-02,1.65824400e-02,1.38504600e-02,9.39345300e-03
1.99766080e+06,-7.74002000e+00,9.40136800e-03,1.38604600e-02,1.65939900e-02,1.87686900e-02,2.08667900e-02,2.34249000e-02,2.78821300e-02,3.42085900e-02,3.73079200e-02,3.42085900e-02,2.78821300e-02,2.34249000e-02,2.08667900e-02,1.87686900e-02,1.65939900e-02,1.38604600e-02,9.40136800e-03
2.00166080e+06,-7.74523100e+00,9.40923700e-03,1.38704100e-02,1.66054900e-02,1.87792000e-02,2.08753900e-02,2.34300400e-02,2.78823200e-02,3.42085900e-02,3.73079200e-02,3.42085900e-02,2.78823200e-02,2.34300400e-02,2.08753900e-02,1.87792000e-02,1.66054900e-02,1.38704100e-02,9.40923700e-03
2.00566080e+06,-7.75121000e+00,9.41706000e-03,1.38803200e-02,1.66169300e-02,1.87896700e-02,2.08839700e-02,2.34352000e-02,2.78825200e-02,3.42085900e-02,3.73079200e-02,3.42085900e-02,2.78825200e-02,2.34352000e-02,2.08839700e-02,1.87896700e-02,1.66169300e-02,1.38803200e-02,9.41706000e-03
2.00966080e+06,-7.75799300e+00,9.42483800e-03,1.38901700e-02,1.66283200e-02,1.88001100e-02,2.08925400e-02,2.34403600e-02,2.78827200e-02,3.42085900e-02,3.73079200e-02,3.42085900e-02,2.78827200e-02,2.34403600e-02,2.08925400e-02,1.88001100e-02,1.66283200e-02,1.38901700e-02,9.42483800e-03
2.01366080e+06,-7.76541300e+00,9.43257200e-03,1.38999900e-02,1.66396600e-02,1.88105200e-02,2.09010900e-02,2.34455300e-02,2.78829200e-02,3.42085900e-02,3.73079200e-02,3.42085900e-02,2.78829200e-02,2.34455300e-02,2.09010900e-02,1.88105200e-02,1.66396600e-02,1.38999900e-02,9.43257200e-03
2.01766080e+06,-7.76258100e+00,9.44026200e-03,1.39097600e-02,1.66509500e-02,1.88208900e-02,2.09096300e-02,2.34507100e-02,2.78831200e-02,3.42085900e-02,3.73079200e-02,3.42085900e-02,2.78831200e-02,2.34507100e-02,2.09096300e-02,1.88208900e-02,1.66509500e-02,1.39097600e-02,9.44026200e-03
2.02166080e+06,-7.76004200e+00,9.44790700e-03,1.39194800e-02,1.66621900e-02,1.88312400e-02,2.09181500e-02,2.34558900e-02,2.78833200e-02,3.42085900e-02,3.73079200e-02,3.42085900e-02,2.78833200e-02,2.34558900e-02,2.09181500e-02,1.88312400e-02,1.66621900e-02,1.39194800e-02,9.44790700e-03
2.02566080e+06,-7.75779500e+00,9.45551000e-03,1.39291600e-02,1.66733700e-02,1.88415500e-02,2.09266600e-02,2.34610700e-02,2.78835200e-02,3.42085900e-02,3.73079200e-02,3.42085900e-02,2.78835200e-02,2.34610700e-02,2.09266600e-02,1.88415500e-02,1.66733700e-02,1.39291600e-02,9.45551000e-03
2.02966080e+06,-7.75583700e+00,9.46307000e-03,1.39387900e-02,1.66845100e-02,1.88518300e-02,2.09351600e-02,2.34662700e-02,2.78837300e-02,3.42085900e-02,3.73079200e-02,3.42085900e-02,2.78837300e-02,2.34662700e-02,2.09351600e-02,1.88518300e-02,1.66845100e-02,1.39387900e-02,9.46307000e-03
2.03366080e+06,-7.75416200e+00,9.47058700e-03,1.39483800e-02,1.66955900e-02,1.88620800e-02,2.09436400e-02,2.34714700e-02,2.78839300e-02,3.42085900e-02,3.73079200e-02,3.42085900e-02,2.78839300e-02,2.34714700e-02,2.09436400e-02,1.88620800e-02,1.66955900e-02,1.39483800e-02,9.47058700e-03
2.03766080e+06,-7.75276300e+00,9.47806300e-03,1.39579300e-02,1.67066200e-02,1.88723000e-02,2.09521000e-02,2.34766700e-02,2.78841400e-02,3.42085900e-02,3.73079200e-02,3.42085900e-02,2.78841400e-02,2.34766700e-02,2.09521000e-02,1.88723000e-02,1.67066200e-02,1.39579300e-02,9.47806300e-03
2.04166080e+06,-7.75163100e+00,9.48549700e-03,1.39674400e-02,1.67176100e-02,1.88824900e-02,2.09605500e-02,2.34818800e-02,2.78843400e-02,3.42085900e-02,3.73079200e-02,3.42085900e-02,2.78843400e-02,2.34818800e-02,2.09605500e-02,1.88824900e-02,1.67176100e-02,1.39674400e-02,9.48549700e-03
2.04566080e+06,-7.75075400e+00,9.49288900e-03,1.39769000e-02,1.67285400e-02,1.88926400e-02,2.09689900e-02,2.34870900e-02,2.78845500e-02,3.42085900e-02,3.73079200e-02,3.42085900e-02,2.78845500e-02,2.34870900e-02,2.09689900e-02,1.88926400e-02,1.67285400e-02,1.39769000e-02,9.49288900e-03
2.04966080e+06,-7.75012000e+00,9.50024100e-03,1.39863300e-02,1.67394300e-02,1.89027700e-02,2.09774100e-02,2.34923100e-02,2.78847600e-02,3.42085900e-02,3.73079200e-02,3.42085900e-02,2.78847600e-02,2.34923100e-02,2.09774100e-02,1.89027700e-02,1.67394300e-02,1.39863300e-02,9.50024100e-03
2.05366080e+06,-7.74971200e+00,9.50755200e-03,1.39957100e-02,1.67502600e-02,1.89128600e-02,2.09858100e-02,2.34975400e-02,2.78849800e-02,3.42085900e-02,3.73079200e-02,3.42085900e-02,2.78849800e-02,2.34975400e-02,2.09858100e-02,1.89128600e-02,1.67502600e-02,1.39957100e-02,9.50755200e-03
2.05766080e+06,-7.74951600e+00,9.51482400e-03,1.40050600e-02,1.67610500e-02,1.89229300e-02,2.09942000e-02,2.35027700e-02,2.78851900e-02,3.42085900e-02,3.73079200e-02,3.42085900e-02,2.78851900e-02,2.35027700e-02,2.09942000e-02,1.89229300e-02,1.67610500e-02,1.40050600e-02,9.51482400e-03
2.06166080e+06,-7.74951200e+00,9.52205600e-03,1.40143600e-02,1.67717900e-02,1.89329600e-02,2.10025800e-02,2.35080000e-02,2.78854000e-02,3.42085900e-02,3.73079200e-02,3.42085900e-02,2.78854000e-02,2.35080000e-02,2.10025800e-02,1.89329600e-02,1.67717900e-02,1.40143600e-02,9.52205600e-03
2.06566080e+06,-7.74968500e+00,9.52924800e-03,1.40236300e-02,1.67824800e-02,1.89429600e-02,2.10109400e-02,2.35132400e-02,2.78856200e-02,3.42085900e-02,3.73079200e-02,3.42085900e-02,2.78856200e-02,2.35132400e-02,2.10109400e-02,1.89429600e-02,1.67824800e-02,1.40236300e-02,9.52924800e-03
2.06966080e+06,-7.75001500e+00,9.53640200e-03,1.40328500e-02,1.67931300e-02,1.89529300e-02,2.10192900e-02,2.35184800e-02,2.78858400e-02,3.42085900e-02,3.73079200e-02,3.42085900e-02,2.78858400e-02,2.35184800e-02,2.10192900e-02,1.89529300e-02,1.67931300e-02,1.40328500e-02,9.53640200e-03
2.07366080e+06,-7.75048300e+00,9.54351800e-03,1.40420400e-02,1.68037300e-02,1.89628700e-02,2.10276200e-02,2.35237300e-02,2.78860500e-02,3.42085900e-02,3.73079200e-02,3.42085900e-02,2.78860500e-02,2.35237300e-02,2.10276200e-02,1.89628700e-02,1.68037300e-02,1.40420400e-02,9.54351800e-03
2.07766080e+06,-7.75107300e+00,9.55059500e-03,1.40511900e-02,1.68142800e-02,1.89727900e-02,2.10359300e-02,2.35289800e-02,2.78862700e-02,3.42085900e-02,3.73079200e-02,3.42085900e-02,2.78862700e-02,2.35289800e-02,2.10359300e-02,1.89727900e-02,1.68142800e-02,1.40511900e-02,9.55059500e-03
2.08166080e+06,-7.75176600e+00,9.55763400e-03,1.40603000e-02,1.68247900e-02,1.89826700e-02,2.10442300e-02,2.35342300e-02,2.78864900e-02,3.42085900e-02,3.73079200e-02,3.42085900e-02,2.78864900e-02,2.35342300e-02,2.10442300e-02,1.89826700e-02,1.68247900e-02,1.40603000e-02,9.55763400e-03
2.08566080e+06,-7.75254600e+00,9.56463700e-03,1.40693800e-02,1.68352500e-02,1.89925200e-02,2.10525200e-02,2.35394900e-02,2.78867200e-02,3.42085900e-02,3.73079200e-02,3.42085900e-02,2.78867200e-02,2.35394900e-02,2.10525200e-02,1.89925200e-02,1.68352500e-02,1.40693800e-02,9.56463700e-03
2.08966080e+06,-7.75339600e+00,9.57160200e-03,1.40784200e-02,1.68456600e-02,1.90023400e-02,2.10607900e-02,2.35447500e-02,2.78869400e-02,3.42085900e-02,3.73079200e-02,3.42085900e-02,2.78869400e-02,2.35447500e-02,2.10607900e-02,1.90023400e-02,1.68456600e-02,1.40784200e-02,9.57160200e-03
2.09366080e+06,-7.75430200e+00,9.57853100e-03,1.40874200e-02,1.68560300e-02,1.90121300e-02,2.10690500e-02,2.35500100e-02,2.78871600e-02,3.42085900e-02,3.73079200e-02,3.42085900e-02,2.78871600e-02,2.35500100e-02,2.10690500e-02,1.90121300e-02,1.68560300e-02,1.40874200e-02,9.57853100e-03
2.09766080e+06,-7.75524800e+00,9.58542400e-03,1.40963900e-02,1.68663600e-02,1.90219000e-02,2.10772900e-02,2.35552800e-02,2.78873900e-02,3.42085900e-02,3.73079200e-02,3.42085900e-02,2.78873900e-02,2.35552800e-02,2.10772900e-02,1.90219000e-02,1.68663600e-02,1.40963900e-02,9.58542400e-03
2.10166080e+06,-7.75622200e+00,9.59228100e-03,1.41053200e-02,1.68766400e-02,1.90316300e-02,2.10855100e-02,2.35605500e-02,2.78876200e-02,3.42085900e-02,3.73079200e-02,3.42085900e-02,2.78876200e-02,2.35605500e-02,2.10855100e-02,1.90316300e-02,1.68766400e-02,1.41053200e-02,9.59228100e-03
2.10566080e+06,-7.75721200e+00,9.59910200e-03,1.41142200e-02,1.68868800e-02,1.90413300e-02,2.10937200e-02,2.35658200e-02,2.78878500e-02,3.42086000e-02,3.73079200e-02,3.42086000e-02,2.78878500e-02,2.35658200e-02,2.10937200e-02,1.90413300e-02,1.68868800e-02,1.41142200e-02,9.59910200e-03
2.10966080e+06,-7.75820600e+00,9.60588800e-03,1.41230800e-02,1.68970700e-02,1.90510100e-02,2.11019200e-02,2.35711000e-02,2.78880800e-02,3.42086000e-02,3.73079200e-02,3.42086000e-02,2.78880800e-02,2.35711000e-02,2.11019200e-02,1.90510100e-02,1.68970700e-02,1.41230800e-02,9.60588800e-03
2.11366080e+06,-7.75919400e+00,9.61264000e-03,1.41319100e-02,1.69072200e-02,1.90606500e-02,2.11101000e-02,2.35763800e-02,2.78883100e-02,3.42086000e-02,3.73079200e-02,3.42086000e-02,2.78883100e-02,2.35763800e-02,2.11101000e-02,1.90606500e-02,1.69072200e-02,1.41319100e-02,9.61264000e-03
2.11766080e+06,-7.76016700e+00,9.61935700e-03,1.41407000e-02,1.69173300e-02,1.90702700e-02,2.11182600e-02,2.35816600e-02,2.78885400e-02,3.42086000e-02,3.73079200e-02,3.42086000e-02,2.78885400e-02,2.35816600e-02,2.11182600e-02,1.90702700e-02,1.69173300e-02,1.41407000e-02,9.61935700e-03
2.12166080e+06,-7.76111700e+00,9.62604100e-03,1.41494700e-02,1.69274000e-02,1.90798600e-02,2.11264100e-02,2.35869400e-02,2.78887700e-02,3.42086000e-02,3.73079200e-02,3.42086000e-02,2.78887700e-02,2.35869400e-02,2.11264100e-02,1.90798600e-02,1.69274000e-02,1.41494700e-02,9.62604100e-03
2.12566080e+06,-7.76203700e+00,9.63269000e-03,1.41581900e-02,1.69374200e-02,1.90894200e-02,2.11345400e-02,2.35922300e-02,2.78890100e-02,3.42086000e-02,3.73079200e-02,3.42086000e-02,2.78890100e-02,2.35922300e-02,2.11345400e-02,1.90894200e-02,1.69374200e-02,1.41581900e-02,9.63269000e-03
2.12966080e+06,-7.76292000e+00,9.63930700e-03,1.41668900e-02,1.69474100e-02,1.90989500e-02,2.11426600e-02,2.35975200e-02,2.78892500e-02,3.42086000e-02,3.73079200e-02,3.42086000e-02,2.78892500e-02,2.35975200e-02,2.11426600e-02,1.90989500e-02,1.69474100e-02,1.41668900e-02,9.63930700e-03
2.13366080e+06,-7.76376100e+00,9.64589000e-03,1.41755500e-02,1.69573500e-02,1.91084600e-02,2.11507700e-02,2.36028100e-02,2.78894900e-02,3.42086000e-02,3.73079200e-02,3.42086000e-02,2.78894900e-02,2.36028100e-02,2.11507700e-02,1.91084600e-02,1.69573500e-02,1.41755500e-02,9.64589000e-03
2.13766080e+06,-7.76455600e+00,9.65244100e-03,1.41841800e-02,1.69672500e-02,1.91179300e-02,2.11588600e-02,2.36081000e-02,2.78897300e-02,3.42086000e-02,3.73079200e-02,3.42086000e-02,2.78897300e-02,2.36081000e-02,2.11588600e-02,1.91179300e-02,1.69672500e-02,1.41841800e-02,9.65244100e-03
2.14166080e+06,-7.76530000e+00,9.65896000e-03,1.41927800e-02,1.69771100e-02,1.91273800e-02,2.11669300e-02,2.36133900e-02,2.78899700e-02,3.42086000e-02,3.73079200e-02,3.42086000e-02,2.78899700e-02,2.36133900e-02,2.11669300e-02,1.91273800e-02,1.69771100e-02,1.41927800e-02,9.65896000e-03
2.14566080e+06,-7.76599000e+00,9.66544600e-03,1.42013500e-02,1.69869300e-02,1.91368000e-02,2.11749900e-02,2.36186900e-02,2.78902100e-02,3.42086000e-02,3.73079200e-02,3.42086000e-02,2.78902100e-02,2.36186900e-02,2.11749900e-02,1.91368000e-02,1.69869300e-02,1.42013500e-02,9.66544600e-03
2.14966080e+06,-7.76662600e+00,9.67190200e-03,1.42098900e-02,1.69967100e-02,1.91462000e-02,2.11830300e-02,2.36239800e-02,2.78904500e-02,3.42086000e-02,3.73079200e-02,3.42086000e-02,2.78904500e-02,2.36239800e-02,2.11830300e-02,1.91462000e-02,1.69967100e-02,1.42098900e-02,9.67190200e-03
2.15366080e+06,-7.76720500e+00,9.67832500e-03,1.42184000e-02,1.70064600e-02,1.91555600e-02,2.11910600e-02,2.36292800e-02,2.78907000e-02,3.42086000e-02,3.73079200e-02,3.42086000e-02,2.78907000e-02,2.36292800e-02,2.11910600e-02,1.91555600e-02,1.70064600e-02,1.42184000e-02,9.67832500e-03
2.15766080e+06,-7.76772700e+00,9.68471900e-03,1.42268800e-02,1.70161600e-02,1.91649000e-02,2.11990800e-02,2.36345800e-02,2.78909500e-02,3.42086000e-02,3.73079200e-02,3.42086000e-02,2.78909500e-02,2.36345800e-02,2.11990800e-02,1.91649000e-02,1.70161600e-02,1.42268800e-02,9.68471900e-03
2.16166080e+06,-7.76819200e+00,9.69108100e-03,1.42353200e-02,1.70258200e-02,1.91742100e-02,2.12070800e-02,2.36398800e-02,2.78912000e-02,3.42086000e-02,3.73079200e-02,3.42086000e-02,2.78912000e-02,2.36398800e-02,2.12070800e-02,1.91742100e-02,1.70258200e-02,1.42353200e-02,9.69108100e-03
2.16566080e+06,-7.76860200e+00,9.69741300e-03,1.42437400e-02,1.70354500e-02,1.91835000e-02,2.12150600e-02,2.36451800e-02,2.78914500e-02,3.42086000e-02,3.73079200e-02,3.42086000e-02,2.78914500e-02,2.36451800e-02,2.12150600e-02,1.91835000e-02,1.70354500e-02,1.42437400e-02,9.69741300e-03
2.16966080e+06,-7.76896000e+00,9.70371600e-03,1.42521300e-02,1.70450400e-02,1.91927600e-02,2.12230300e-02,2.36504800e-02,2.78917000e-02,3.42086000e-02,3.73079200e-02,3.42086000e-02,2.78917000e-02,2.36504800e-02,2.12230300e-02,1.91927600e-02,1.70450400e-02,1.42521300e-02,9.70371600e-03
2.17366080e+06,-7.76926800e+00,9.70998800e-03,1.42604900e-02,1.70545900e-02,1.92019900e-02,2.12309900e-02,2.36557900e-02,2.78919500e-02,3.42086000e-02,3.73079200e-02,3.42086000e-02,2.78919500e-02,2.36557900e-02,2.12309900e-02,1.92019900e-02,1.70545900e-02,1.42604900e-02,9.70998800e-03
2.17766080e+06,-7.76953000e+00,9.71623200e-03,1.42688200e-02,1.70641100e-02,1.92112000e-02,2.12389300e-02,2.36610900e-02,2.78922100e-02,3.42086000e-02,3.73079200e-02,3.42086000e-02,2.78922100e-02,2.36610900e-02,2.12389300e-02,1.92112000e-02,1.70641100e-02,1.42688200e-02,9.71623200e-03
2.18166080e+06,-7.76975200e+00,9.72244700e-03,1.42771200e-02,1.70735900e-02,1.92203800e-02,2.12468500e-02,2.36663900e-02,2.78924600e-02,3.42086000e-02,3.73079200e-02,3.42086000e-02,2.78924600e-02,2.36663900e-02,2.12468500e-02,1.92203800e-02,1.70735900e-02,1.42771200e-02,9.72244700e-03
2.18566080e+06,-7.76994000e+00,9.72863300e-03,1.42854000e-02,1.70830300e-02,1.92295400e-02,2.12547600e-02,2.36717000e-02,2.78927200e-02,3.42086000e-02,3.73079200e-02,3.42086000e-02,2.78927200e-02,2.36717000e-02,2.12547600e-02,1.92295400e-02,1.70830300e-02,1.42854000e-02,9.72863300e-03
2.18966080e+06,-7.77010200e+00,9.73479100e-03,1.42936500e-02,1.70924400e-02,1.92386700e-02,2.12626600e-02,2.36770000e-02,2.78929800e-02,3.42086000e-02,3.73079200e-02,3.42086000e-02,2.78929800e-02,2.36770000e-02,2.12626600e-02,1.92386700e-02,1.70924400e-02,1.42936500e-02,9.73479100e-03
2.19366080e+06,-7.77024700e+00,9.74092000e-03,1.43018700e-02,1.71018100e-02,1.92477700e-02,2.12705400e-02,2.36823100e-02,2.78932400e-02,3.42086000e-02,3.73079200e-02,3.42086000e-02,2.78932400e-02,2.36823100e-02,2.12705400e-02,1.92477700e-02,1.71018100e-02,1.43018700e-02,9.74092000e-03
2.19766080e+06,-7.77038600e+00,9.74702200e-03,1.43100600e-02,1.71111500e-02,1.92568500e-02,2.12784100e-02,2.36876200e-02,2.78935000e-02,3.42086000e-02,3.73079200e-02,3.42086000e-02,2.78935000e-02,2.36876200e-02,2.12784100e-02,1.92568500e-02,1.71111500e-02,1.43100600e-02,9.74702200e-03
2.20166080e+06,-7.77053000e+00,9.75309700e-03,1.43182300e-02,1.71204500e-02,1.92659000e-02,2.12862600e-02,2.36929200e-02,2.78937700e-02,3.42086000e-02,3.73079200e-02,3.42086000e-02,2.78937700e-02,2.36929200e-02,2.12862600e-02,1.92659000e-02,1.71204500e-02,1.43182300e-02,9.75309700e-03
2.20566080e+06,-7.77069400e+00,9.75914500e-03,1.43263700e-02,1.71297200e-02,1.92749300e-02,2.12941000e-02,2.36982300e-02,2.78940300e-02,3.42086000e-02,3.73079200e-02,3.42086000e-02,2.78940300e-02,2.36982300e-02,2.12941000e-02,1.92749300e-02,1.71297200e-02,1.43263700e-02,9.75914500e-03
2.20966080e+06,-7.77089300e+00,9.76516600e-03,1.43344800e-02,1.71389500e-02,1.92839400e-02,2.13019300e-02,2.37035300e-02,2.78943000e-02,3.42086000e-02,3.73079200e-02,3.42086000e-02,2.78943000e-02,2.37035300e-02,2.13019300e-02,1.92839400e-02,1.71389500e-02,1.43344800e-02,9.76516600e-03
2.21366080e+06,-7.77114400e+00,9.77116000e-03,1.43425700e-02,1.71481500e-02,1.92929200e-02,2.13097400e-02,2.37088400e-02,2.78945700e-02,3.42086000e-02,3.73079200e-02,3.42086000e-02,2.78945700e-02,2.37088400e-02,2.13097400e-02,1.92929200e-02,1.71481500e-02,1.43425700e-02,9.77116000e-03
2.21766080e+06,-7.77146900e+00,9.77712900e-03,1.43506300e-02,1.71573200e-02,1.93018800e-02,2.13175400e-02,2.37141500e-02,2.78948400e-02,3.42086000e-02,3.73079200e-02,3.42086000e-02,2.78948400e-02,2.37141500e-02,2.13175400e-02,1.93018800e-02,1.71573200e-02,1.43506300e-02,9.77712900e-03
2.22166080e+06,-7.77188900e+00,9.78307100e-03,1.43586700e-02,1.71664600e-02,1.93108100e-02,2.13253200e-02,2.37194500e-02,2.78951100e-02,3.42086000e-02,3.73079200e-02,3.42086000e-02,2.78951100e-02,2.37194500e-02,2.13253200e-02,1.93108100e-02,1.71664600e-02,1.43586700e-02,9.78307100e-03
2.22566080e+06,-7.77242800e+00,9.78898800e-03,1.43666900e-02,1.71755600e-02,1.93197200e-02,2.13330900e-02,2.37247600e-02,2.78953800e-02,3.42086000e-02,3.73079200e-02,3.42086000e-02,2.78953800e-02,2.37247600e-02,2.13330900e-02,1.93197200e-02,1.71755600e-02,1.43666900e-02,9.78898800e-03
2.22966080e+06,-7.77311500e+00,9.79487900e-03,1.43746700e-02,1.71846300e-02,1.93286000e-02,2.13408400e-02,2.37300600e-02,2.78956600e-02,3.42086000e-02,3.73079200e-02,3.42086000e-02,2.78956600e-02,2.37300600e-02,2.13408400e-02,1.93286000e-02,1.71846300e-02,1.43746700e-02,9.79487900e-03
2.23366080e+06,-7.77397800e+00,9.80074600e-03,1.43826400e-02,1.71936700e-02,1.93374700e-02,2.13485800e-02,2.37353700e-02,2.78959400e-02,3.42086000e-02,3.73079200e-02,3.42086000e-02,2.78959400e-02,2.37353700e-02,2.13485800e-02,1.93374700e-02,1.71936700e-02,1.43826400e-02,9.80074600e-03
2.23766080e+06,-7.77349900e+00,9.80658800e-03,1.43905800e-02,1.72026800e-02,1.93463100e-02,2.13563100e-02,2.37406700e-02,2.78962100e-02,3.42086000e-02,3.73079200e-02,3.42086000e-02,2.78962100e-02,2.37406700e-02,2.13563100e-02,1.93463100e-02,1.72026800e-02,1.43905800e-02,9.80658800e-03
2.24166080e+06,-7.77275700e+00,9.81240500e-03,1.43984900e-02,1.72116500e-02,1.93551200e-02,2.13640200e-02,2.37459700e-02,2.78964900e-02,3.42086000e-02,3.73079200e-02,3.42086000e-02,2.78964900e-02,2.37459700e-02,2.13640200e-02,1.93551200e-02,1.72116500e-02,1.43984900e-02,9.81240500e-03
2.24566080e+06,-7.77217000e+00,9.81819800e-03,1.44063900e-02,1.72206000e-02,1.93639100e-02,2.13717200e-02,2.37512800e-02,2.78967800e-02,3.42086000e-02,3.73079200e-02,3.42086000e-02,2.78967800e-02,2.37512800e-02,2.13717200e-02,1.93639100e-02,1.72206000e-02,1.44063900e-02,9.81819800e-03
2.24966080e+06,-7.77176400e+00,9.82396700e-03,1.44142600e-02,1.72295100e-02,1.93726900e-02,2.13794100e-02,2.37565800e-02,2.78970600e-02,3.42086000e-02,3.73079200e-02,3.42086000e-02,2.78970600e-02,2.37565800e-02,2.13794100e-02,1.93726900e-02,1.72295100e-02,1.44142600e-02,9.82396700e-03
2.25366080e+06,-7.77156700e+00,9.82971300e-03,1.44221000e-02,1.72384000e-02,1.93814300e-02,2.13870800e-02,2.37618800e-02,2.78973500e-02,3.42086000e-02,3.73079200e-02,3.42086000e-02,2.78973500e-02,2.37618800e-02,2.13870800e-02,1.93814300e-02,1.72384000e-02,1.44221000e-02,9.82971300e-03
2.25766080e+06,-7.77161000e+00,9.83543500e-03,1.44299200e-02,1.72472500e-02,1.93901600e-02,2.13947400e-02,2.37671800e-02,2.78976300e-02,3.42086000e-02,3.73079200e-02,3.42086000e-02,2.78976300e-02,2.37671800e-02,2.13947400e-02,1.93901600e-02,1.72472500e-02,1.44299200e-02,9.83543500e-03
2.26166080e+06,-7.77192700e+00,9.84113400e-03,1.44377300e-02,1.72560800e-02,1.93988600e-02,2.14023900e-02,2.37724800e-02,2.78979200e-02,3.42086000e-02,3.73079200e-02,3.42086000e-02,2.78979200e-02,2.37724800e-02,2.14023900e-02,1.93988600e-02,1.72560800e-02,1.44377300e-02,9.84113400e-03
2.26566080e+06,-7.77255500e+00,9.84681000e-03,1.44455000e-02,1.72648800e-02,1.94075400e-02,2.14100200e-02,2.37777800e-02,2.78982100e-02,3.42086000e-02,3.73079200e-02,3.42086000e-02,2.78982100e-02,2.37777800e-02,2.14100200e-02,1.94075400e-02,1.72648800e-02,1.44455000e-02,9.84681000e-03
2.26966080e+06,-7.77353200e+00,9.85246300e-03,1.44532600e-02,1.72736400e-02,1.94162100e-02,2.14176400e-02,2.37830700e-02,2.78985000e-02,3.42086000e-02,3.73079200e-02,3.42086000e-02,2.78985000e-02,2.37830700e-02,2.14176400e-02,1.94162100e-02,1.72736400e-02,1.44532600e-02,9.85246300e-03
2.27366080e+06,-7.77490000e+00,9.85809400e-03,1.44609900e-02,1.72823800e-02,1.94248400e-02,2.14252500e-02,2.37883700e-02,2.78988000e-02,3.42086000e-02,3.73079200e-02,3.42086000e-02,2.78988000e-02,2.37883700e-02,2.14252500e-02,1.94248400e-02,1.72823800e-02,1.44609900e-02,9.85809400e-03
2.27766080e+06,-7.77670300e+00,9.86370300e-03,1.44687100e-02,1.72911000e-02,1.94334600e-02,2.14328400e-02,2.37936600e-02,2.78990900e-02,3.42086000e-02,3.73079200e-02,3.42086000e-02,2.78990900e-02,2.37936600e-02,2.14328400e-02,1.94334600e-02,1.72911000e-02,1.44687100e-02,9.86370300e-03
2.28166080e+06,-7.77898200e+00,9.86929000e-03,1.44764000e-02,1.72997800e-02,1.94420600e-02,2.14404300e-02,2.37989500e-02,2.78993900e-02,3.42086000e-02,3.73079200e-02,3.42086000e-02,2.78993900e-02,2.37989500e-02,2.14404300e-02,1.94420600e-02,1.72997800e-02,1.44764000e-02,9.86929000e-03
2.28566080e+06,-7.78178400e+00,9.87485500e-03,1.44840700e-02,1.73084300e-02,1.94506300e-02,2.14479900e-02,2.38042500e-02,2.78996900e-02,3.42086000e-02,3.73079200e-02,3.42086000e-02,2.78996900e-02,2.38042500e-02,2.14479900e-02,1.94506300e-02,1.73084300e-02,1.44840700e-02,9.87485500e-03
2.28966080e+06,-7.78515000e+00,9.88039800e-03,1.44917200e-02,1.73170600e-02,1.94591900e-02,2.14555500e-02,2.38095400e-02,2.78999900e-02,3.42086000e-02,3.73079200e-02,3.42086000e-02,2.78999900e-02,2.38095400e-02,2.14555500e-02,1.94591900e-02,1.73170600e-02,1.44917200e-02,9.88039800e-03
2.29366080e+06,-7.78912100e+00,9.88592000e-03,1.44993500e-02,1.73256600e-02,1.94677200e-02,2.14630900e-02,2.38148300e-02,2.79002900e-02,3.42086000e-02,3.73079200e-02,3.42086000e-02,2.79002900e-02,2.38148300e-02,2.14630900e-02,1.94677200e-02,1.73256600e-02,1.44993500e-02,9.88592000e-03
2.29766080e+06,-7.79373300e+00,9.89142100e-03,1.45069500e-02,1.73342400e-02,1.94762300e-02,2.14706200e-02,2.38201100e-02,2.79006000e-02,3.42086000e-02,3.73079200e-02,3.42086000e-02,2.79006000e-02,2.38201100e-02,2.14706200e-02,1.94762300e-02,1.73342400e-02,1.45069500e-02,9.89142100e-03
2.30166080e+06,-7.79901800e+00,9.89690100e-03,1.45145400e-02,1.73427900e-02,1.94847300e-02,2.14781400e-02,2.38254000e-02,2.79009000e-02,3.42086000e-02,3.73079200e-02,3.42086000e-02,2.79009000e-02,2.38254000e-02,2.14781400e-02,1.94847300e-02,1.73427900e-02,1.45145400e-02,9.89690100e-03
2.30566080e+06,-7.79835400e+00,9.90236000e-03,1.45221100e-02,1.73513100e-02,1.94932000e-02,2.14856400e-02,2.38306800e-02,2.79012100e-02,3.42086000e-02,3.73079200e-02,3.42086000e-02,2.79012100e-02,2.38306800e-02,2.14856400e-02,1.94932000e-02,1.73513100e-02,1.45221100e-02,9.90236000e-03
2.30966080e+06,-7.79537900e+00,9.90779900e-03,1.45296500e-02,1.73598000e-02,1.95016500e-02,2.14931300e-02,2.38359600e-02,2.79015200e-02,3.42086000e-02,3.73079200e-02,3.42086000e-02,2.79015200e-02,2.38359600e-02,2.14931300e-02,1.95016500e-02,1.73598000e-02,1.45296500e-02,9.90779900e-03
2.31366080e+06,-7.79271000e+00,9.91321700e-03,1.45371800e-02,1.73682700e-02,1.95100800e-02,2.15006100e-02,2.38412400e-02,2.79018400e-02,3.42086000e-02,3.73079200e-02,3.42086000e-02,2.79018400e-02,2.38412400e-02,2.15006100e-02,1.95100800e-02,1.73682700e-02,1.45371800e-02,9.91321700e-03
2.31766080e+06,-7.79034600e+00,9.91861500e-03,1.45446800e-02,1.73767200e-02,1.95185000e-02,2.15080800e-02,2.38465200e-02,2.79021500e-02,3.42086000e-02,3.73079200e-02,3.42086000e-02,2.79021500e-02,2.38465200e-02,2.15080800e-02,1.95185000e-02,1.73767200e-02,1.45446800e-02,9.91861500e-03
2.32166080e+06,-7.78828200e+00,9.92399300e-03,1.45521700e-02,1.73851400e-02,1.95268900e-02,2.15155300e-02,2.38517900e-02,2.79024600e-02,3.42086000e-02,3.73079200e-02,3.42086000e-02,2.79024600e-02,2.38517900e-02,2.15155300e-02,1.95268900e-02,1.73851400e-02,1.45521700e-02,9.92399300e-03
2.32566080e+06,-7.78651400e+00,9.92935100e-03,1.45596400e-02,1.73935300e-02,1.95352600e-02,2.15229700e-02,2.38570700e-02,2.79027800e-02,3.42086000e-02,3.73079200e-02,3.42086000e-02,2.79027800e-02,2.38570700e-02,2.15229700e-02,1.95352600e-02,1.73935300e-02,1.45596400e-02,9.92935100e-03
2.32966080e+06,-7.78503300e+00,9.93469000e-03,1.45670800e-02,1.74019000e-02,1.95436100e-02,2.15304000e-02,2.38623400e-02,2.79031000e-02,3.42086000e-02,3.73079200e-02,3.42086000e-02,2.79031000e-02,2.38623400e-02,2.15304000e-02,1.95436100e-02,1.74019000e-02,1.45670800e-02,9.93469000e-03
2.33366080e+06,-7.78383000e+00,9.94000800e-03,1.45745100e-02,1.74102400e-02,1.95519500e-02,2.15378100e-02,2.38676100e-02,2.79034200e-02,3.42086000e-02,3.73079200e-02,3.42086000e-02,2.79034200e-02,2.38676100e-02,2.15378100e-02,1.95519500e-02,1.74102400e-02,1.45745100e-02,9.94000800e-03
2.33766080e+06,-7.78289300e+00,9.94530800e-03,1.45819200e-02,1.74185600e-02,1.95602600e-02,2.15452200e-02,2.38728700e-02,2.79037500e-02,3.42086000e-02,3.73079200e-02,3.42086000e-02,2.79037500e-02,2.38728700e-02,2.15452200e-02,1.95602600e-02,1.74185600e-02,1.45819200e-02,9.94530800e-03
2.34166080e+06,-7.78221000e+00,9.95058800e-03,1.45893100e-02,1.74268500e-02,1.95685600e-02,2.15526100e-02,2.38781400e-02,2.79040700e-02,3.42086000e-02,3.73079200e-02,3.42086000e-02,2.79040700e-02,2.38781400e-02,2.15526100e-02,1.95685600e-02,1.74268500e-02,1.45893100e-02,9.95058800e-03
2.34566080e+06,-7.78176700e+00,9.95584800e-03,1.45966800e-02,1.74351200e-02,1.95768300e-02,2.15599800e-02,2.38834000e-02,2.79044000e-02,3.42086000e-02,3.73079200e-02,3.42086000e-02,2.79044000e-02,2.38834000e-02,2.15599800e-02,1.95768300e-02,1.74351200e-02,1.45966800e-02,9.95584800e-03
2.34966080e+06,-7.78154800e+00,9.96109000e-03,1.46040300e-02,1.74433700e-02,1.95850900e-02,2.15673500e-02,2.38886600e-02,2.79047300e-02,3.42086000e-02,3.73079200e-02,3.42086000e-02,2.79047300e-02,2.38886600e-02,2.15673500e-02,1.95850900e-02,1.74433700e-02,1.46040300e-02,9.96109000e-03
2.35366080e+06,-7.78153800e+00,9.96631300e-03,1.46113600e-02,1.74515900e-02,1.95933200e-02,2.15747000e-02,2.38939100e-02,2.79050600e-02,3.42086000e-02,3.73079200e-02,3.42086000e-02,2.79050600e-02,2.38939100e-02,2.15747000e-02,1.95933200e-02,1.74515900e-02,1.46113600e-02,9.96631300e-03
2.35766080e+06,-7.78172000e+00,9.97151700e-03,1.46186700e-02,1.74597800e-02,1.96015400e-02,2.15820400e-02,2.38991600e-02,2.79053900e-02,3.42086000e-02,3.73079200e-02,3.42086000e-02,2.79053900e-02,2.38991600e-02,2.15820400e-02,1.96015400e-02,1.74597800e-02,1.46186700e-02,9.97151700e-03
2.36166080e+06,-7.78208000e+00,9.97670200e-03,1.46259600e-02,1.74679600e-02,1.96097400e-02,2.15893700e-02,2.39044100e-02,2.79057300e-02,3.42086000e-02,3.73079200e-02,3.42086000e-02,2.79057300e-02,2.39044100e-02,2.15893700e-02,1.96097400e-02,1.74679600e-02,1.46259600e-02,9.97670200e-03
2.36566080e+06,-7.78259900e+00,9.98186900e-03,1.46332400e-02,1.74761100e-02,1.96179200e-02,2.15966800e-02,2.39096600e-02,2.79060600e-02,3.42086000e-02,3.73079200e-02,3.42086000e-02,2.79060600e-02,2.39096600e-02,2.15966800e-02,1.96179200e-02,1.74761100e-02,1.46332400e-02,9.98186900e-03
2.36966080e+06,-7.78326200e+00,9.98701800e-03,1.46404900e-02,1.74842300e-02,1.96260800e-02,2.16039900e-02,2.39149000e-02,2.79064000e-02,3.42086000e-02,3.73079200e-02,3.42086000e-02,2.79064000e-02,2.39149000e-02,2.16039900e-02,1.96260800e-02,1.74842300e-02,1.46404900e-02,9.98701800e-03
2.37366080e+06,-7.78405200e+00,9.99214800e-03,1.46477300e-02,1.74923300e-02,1.96342200e-02,2.16112800e-02,2.39201400e-02,2.79067400e-02,3.42086000e-02,3.73079200e-02,3.42086000e-02,2.79067400e-02,2.39201400e-02,2.16112800e-02,1.96342200e-02,1.74923300e-02,1.46477300e-02,9.99214800e-03
2.37766080e+06,-7.78495600e+00,9.99726000e-03,1.46549500e-02,1.75004100e-02,1.96423400e-02,2.16185500e-02,2.39253800e-02,2.79070800e-02,3.42086000e-02,3.73079200e-02,3.42086000e-02,2.79070800e-02,2.39253800e-02,2.16185500e-02,1.96423400e-02,1.75004100e-02,1.46549500e-02,9.99726000e-03
2.38166080e+06,-7.78595700e+00,1.00023500e-02,1.46621500e-02,1.75084700e-02,1.96504500e-02,2.16258200e-02,2.39306100e-02,2.79074300e-02,3.42086000e-02,3.73079200e-02,3.42086000e-02,2.79074300e-02,2.39306100e-02,2.16258200e-02,1.96504500e-02,1.75084700e-02,1.46621500e-02,1.00023500e-02
2.38566080e+06,-7.78704200e+00,1.00074300e-02,1.46693300e-02,1.75165000e-02,1.96585400e-02,2.16330700e-02,2.39358400e-02,2.79077800e-02,3.42086000e-02,3.73079200e-02,3.42086000e-02,2.79077800e-02,2.39358400e-02,2.16330700e-02,1.96585400e-02,1.75165000e-02,1.46693300e-02,1.00074300e-02
2.38966080e+06,-7.78819600e+00,1.00124900e-02,1.46765000e-02,1.75245100e-02,1.96666000e-02,2.16403100e-02,2.39410700e-02,2.79081200e-02,3.42086000e-02,3.73079200e-02,3.42086000e-02,2.79081200e-02,2.39410700e-02,2.16403100e-02,1.96666000e-02,1.75245100e-02,1.46765000e-02,1.00124900e-02
2.39366080e+06,-7.78940900e+00,1.00175300e-02,1.46836400e-02,1.75325000e-02,1.96746500e-02,2.16475400e-02,2.39462900e-02,2.79084800e-02,3.42086000e-02,3.73079200e-02,3.42086000e-02,2.79084800e-02,2.39462900e-02,2.16475400e-02,1.96746500e-02,1.75325000e-02,1.46836400e-02,1.00175300e-02
2.39766080e+06,-7.79066600e+00,1.00225500e-02,1.46907700e-02,1.75404700e-02,1.96826800e-02,2.16547600e-02,2.39515100e-02,2.79088300e-02,3.42086000e-02,3.73079200e-02,3.42086000e-02,2.79088300e-02,2.39515100e-02,2.16547600e-02,1.96826800e-02,1.75404700e-02,1.46907700e-02,1.00225500e-02
2.40166080e+06,-7.78955200e+00,1.00275600e-02,1.46978800e-02,1.75484100e-02,1.96907000e-02,2.16619600e-02,2.39567300e-02,2.79091800e-02,3.42086000e-02,3.73079200e-02,3.42086000e-02,2.79091800e-02,2.39567300e-02,2.16619600e-02,1.96907000e-02,1.75484100e-02,1.46978800e-02,1.00275600e-02
2.40566080e+06,-7.78132500e+00,1.00325500e-02,1.47049700e-02,1.75563300e-02,1.96986900e-02,2.16691500e-02,2.39619400e-02,2.79095400e-02,3.42086000e-02,3.73079200e-02,3.42086000e-02,2.79095400e-02,2.39619400e-02,2.16691500e-02,1.96986900e-02,1.75563300e-02,1.47049700e-02,1.00325500e-02
2.40966080e+06,-7.77299300e+00,1.00375200e-02,1.47120500e-02,1.75642300e-02,1.97066700e-02,2.16763300e-02,2.39671500e-02,2.79099000e-02,3.42086000e-02,3.73079200e-02,3.42086000e-02,2.79099000e-02,2.39671500e-02,2.16763300e-02,1.97066700e-02,1.75642300e-02,1.47120500e-02,1.00375200e-02
2.41366080e+06,-7.76455400e+00,1.00424700e-02,1.47191000e-02,1.75721100e-02,1.97146200e-02,2.16834900e-02,2.39723500e-02,2.79102600e-02,3.42086000e-02,3.73079200e-02,3.42086000e-02,2.79102600e-02,2.39723500e-02,2.16834900e-02,1.97146200e-02,1.75721100e-02,1.47191000e-02,1.00424700e-02
2.41766080e+06,-7.75600600e+00,1.00474100e-02,1.47261400e-02,1.75799600e-02,1.97225600e-02,2.16906500e-02,2.39775500e-02,2.79106200e-02,3.42086100e-02,3.73079200e-02,3.42086100e-02,2.79106200e-02,2.39775500e-02,2.16906500e-02,1.97225600e-02,1.75799600e-02,1.47261400e-02,1.00474100e-02
2.42166080e+06,-7.74734500e+00,1.00523300e-02,1.47331600e-02,1.75878000e-02,1.97304900e-02,2.16977900e-02,2.39827500e-02,2.79109900e-02,3.42086100e-02,3.73079200e-02,3.42086100e-02,2.79109900e-02,2.39827500e-02,2.16977900e-02,1.97304900e-02,1.75878000e-02,1.47331600e-02,1.00523300e-02
2.42566080e+06,-7.73857000e+00,1.00572400e-02,1.47401700e-02,1.75956100e-02,1.97383900e-02,2.17049200e-02,2.39879400e-02,2.79113500e-02,3.42086100e-02,3.73079200e-02,3.42086100e-02,2.79113500e-02,2.39879400e-02,2.17049200e-02,1.97383900e-02,1.75956100e-02,1.47401700e-02,1.00572400e-02
2.42966080e+06,-7.72967700e+00,1.00621300e-02,1.47471500e-02,1.76034000e-02,1.97462800e-02,2.17120400e-02,2.39931300e-02,2.79117200e-02,3.42086100e-02,3.73079200e-02,3.42086100e-02,2.79117200e-02,2.39931300e-02,2.17120400e-02,1.97462800e-02,1.76034000e-02,1.47471500e-02,1.00621300e-02
2.43366080e+06,-7.72066500e+00,1.00670000e-02,1.47541200e-02,1.76111700e-02,1.97541500e-02,2.17191400e-02,2.39983100e-02,2.79121000e-02,3.42086100e-02,3.73079200e-02,3.42086100e-02,2.79121000e-02,2.39983100e-02,2.17191400e-02,1.97541500e-02,1.76111700e-02,1.47541200e-02,1.00670000e-02
2.43766080e+06,-7.71153300e+00,1.00718500e-02,1.47610800e-02,1.76189200e-02,1.97620000e-02,2.17262400e-02,2.40034900e-02,2.79124700e-02,3.42086100e-02,3.73079200e-02,3.42086100e-02,2.79124700e-02,2.40034900e-02,2.17262400e-02,1.97620000e-02,1.76189200e-02,1.47610800e-02,1.00718500e-02
2.44166080e+06,-7.70227900e+00,1.00766900e-02,1.47680100e-02,1.76266500e-02,1.97698400e-02,2.17333200e-02,2.40086700e-02,2.79128400e-02,3.42086100e-02,3.73079200e-02,3.42086100e-02,2.79128400e-02,2.40086700e-02,2.17333200e-02,1.97698400e-02,1.76266500e-02,1.47680100e-02,1.00766900e-02
2.44566080e+06,-7.69290200e+00,1.00815200e-02,1.47749300e-02,1.76343600e-02,1.97776600e-02,2.17403900e-02,2.40138400e-02,2.79132200e-02,3.42086100e-02,3.73079200e-02,3.42086100e-02,2.79132200e-02,2.40138400e-02,2.17403900e-02,1.97776600e-02,1.76343600e-02,1.47749300e-02,1.00815200e-02
2.44966080e+06,-7.68340200e+00,1.00863200e-02,1.47818300e-02,1.76420500e-02,1.97854600e-02,2.17474500e-02,2.40190100e-02,2.79136000e-02,3.42086100e-02,3.73079200e-02,3.42086100e-02,2.79136000e-02,2.40190100e-02,2.17474500e-02,1.97854600e-02,1.76420500e-02,1.47818300e-02,1.00863200e-02
2.45366080e+06,-7.67378000e+00,1.00911200e-02,1.47887100e-02,1.76497200e-02,1.97932400e-02,2.17544900e-02,2.40241700e-02,2.79139800e-02,3.42086100e-02,3.73079200e-02,3.42086100e-02,2.79139800e-02,2.40241700e-02,2.17544900e-02,1.97932400e-02,1.76497200e-02,1.47887100e-02,1.00911200e-02
2.45766080e+06,-7.66403900e+00,1.00958900e-02,1.47955800e-02,1.76573700e-02,1.98010100e-02,2.17615300e-02,2.40293300e-02,2.79143700e-02,3.42086100e-02,3.73079200e-02,3.42086100e-02,2.79143700e-02,2.40293300e-02,2.17615300e-02,1.98010100e-02,1.76573700e-02,1.47955800e-02,1.00958900e-02
2.46166080e+06,-7.65418300e+00,1.01006500e-02,1.48024300e-02,1.76650000e-02,1.98087600e-02,2.17685500e-02,2.40344900e-02,2.79147600e-02,3.42086100e-02,3.73079200e-02,3.42086100e-02,2.79147600e-02,2.40344900e-02,2.17685500e-02,1.98087600e-02,1.76650000e-02,1.48024300e-02,1.01006500e-02
2.46566080e+06,-7.64421700e+00,1.01054000e-02,1.48092700e-02,1.76726100e-02,1.98165000e-02,2.17755600e-02,2.40396400e-02,2.79151400e-02,3.42086100e-02,3.73079200e-02,3.42086100e-02,2.79151400e-02,2.40396400e-02,2.17755600e-02,1.98165000e-02,1.76726100e-02,1.48092700e-02,1.01054000e-02
2.46966080e+06,-7.63415000e+00,1.01101300e-02,1.48160900e-02,1.76802000e-02,1.98242200e-02,2.17825600e-02,2.40447900e-02,2.79155400e-02,3.42086100e-02,3.73079200e-02,3.42086100e-02,2.79155400e-02,2.40447900e-02,2.17825600e-02,1.98242200e-02,1.76802000e-02,1.48160900e-02,1.01101300e-02
2.47366080e+06,-7.62399500e+00,1.01148500e-02,1.48228900e-02,1.76877700e-02,1.98319200e-02,2.17895500e-02,2.40499300e-02,2.79159300e-02,3.42086100e-02,3.73079200e-02,3.42086100e-02,2.79159300e-02,2.40499300e-02,2.17895500e-02,1.98319200e-02,1.76877700e-02,1.48228900e-02,1.01148500e-02
2.47766080e+06,-7.61376900e+00,1.01195500e-02,1.48296800e-02,1.76953200e-02,1.98396100e-02,2.17965300e-02,2.40550700e-02,2.79163200e-02,3.42086100e-02,3.73079200e-02,3.42086100e-02,2.79163200e-02,2.40550700e-02,2.17965300e-02,1.98396100e-02,1.76953200e-02,1.48296800e-02,1.01195500e-02
2.48166080e+06,-7.60349400e+00,1.01242300e-02,1.48364500e-02,1.77028500e-02,1.98472800e-02,2.18035000e-02,2.40602000e-02,2.79167200e-02,3.42086100e-02,3.73079200e-02,3.42086100e-02,2.79167200e-02,2.40602000e-02,2.18035000e-02,1.98472800e-02,1.77028500e-02,1.48364500e-02,1.01242300e-02
2.48566080e+06,-7.59320000e+00,1.01289100e-02,1.48432000e-02,1.77103700e-02,1.98549300e-02,2.18104500e-02,2.40653300e-02,2.79171200e-02,3.42086100e-02,3.73079200e-02,3.42086100e-02,2.79171200e-02,2.40653300e-02,2.18104500e-02,1.98549300e-02,1.77103700e-02,1.48432000e-02,1.01289100e-02
2.48966080e+06,-7.58292700e+00,1.01335600e-02,1.48499400e-02,1.77178600e-02,1.98625700e-02,2.18174000e-02,2.40704600e-02,2.79175200e-02,3.42086100e-02,3.73079200e-02,3.42086100e-02,2.79175200e-02,2.40704600e-02,2.18174000e-02,1.98625700e-02,1.77178600e-02,1.48499400e-02,1.01335600e-02
2.49366080e+06,-7.57272800e+00,1.01382100e-02,1.48566600e-02,1.77253400e-02,1.98702000e-02,2.18243300e-02,2.40755800e-02,2.79179300e-02,3.42086100e-02,3.73079200e-02,3.42086100e-02,2.79179300e-02,2.40755800e-02,2.18243300e-02,1.98702000e-02,1.77253400e-02,1.48566600e-02,1.01382100e-02
2.49766080e+06,-7.56267000e+00,1.01428400e-02,1.48633700e-02,1.77328000e-02,1.98778100e-02,2.18312600e-02,2.40807000e-02,2.79183400e-02,3.42086100e-02,3.73079200e-02,3.42086100e-02,2.79183400e-02,2.40807000e-02,2.18312600e-02,1.98778100e-02,1.77328000e-02,1.48633700e-02,1.01428400e-02
2.50166080e+06,-7.55283900e+00,1.01474500e-02,1.48700700e-02,1.77402400e-02,1.98854000e-02,2.18381700e-02,2.40858200e-02,2.79187500e-02,3.42086100e-02,3.73079200e-02,3.42086100e-02,2.79187500e-02,2.40858200e-02,2.18381700e-02,1.98854000e-02,1.77402400e-02,1.48700700e-02,1.01474500e-02
2.50566080e+06,-7.54334800e+00,1.01520500e-02,1.48767400e-02,1.77476700e-02,1.98929800e-02,2.18450700e-02,2.40909300e-02,2.79191600e-02,3.42086100e-02,3.73079200e-02,3.42086100e-02,2.79191600e-02,2.40909300e-02,2.18450700e-02,1.98929800e-02,1.77476700e-02,1.48767400e-02,1.01520500e-02
2.50966080e+06,-7.53433500e+00,1.01566400e-02,1.48834100e-02,1.77550800e-02,1.99005400e-02,2.18519600e-02,2.40960300e-02,2.79195700e-02,3.42086100e-02,3.73079200e-02,3.42086100e-02,2.79195700e-02,2.40960300e-02,2.18519600e-02,1.99005400e-02,1.77550800e-02,1.48834100e-02,1.01566400e-02
2.51366080e+06,-7.52597700e+00,1.01612100e-02,1.48900600e-02,1.77624700e-02,1.99080900e-02,2.18588500e-02,2.41011400e-02,2.79199900e-02,3.42086100e-02,3.73079200e-02,3.42086100e-02,2.79199900e-02,2.41011400e-02,2.18588500e-02,1.99080900e-02,1.77624700e-02,1.48900600e-02,1.01612100e-02
2.51766080e+06,-7.51848900e+00,1.01657800e-02,1.48966900e-02,1.77698400e-02,1.99156300e-02,2.18657200e-02,2.41062400e-02,2.79204100e-02,3.42086100e-02,3.73079200e-02,3.42086100e-02,2.79204100e-02,2.41062400e-02,2.18657200e-02,1.99156300e-02,1.77698400e-02,1.48966900e-02,1.01657800e-02
2.52166080e+06,-7.51212900e+00,1.01703200e-02,1.49033100e-02,1.77772000e-02,1.99231500e-02,2.18725800e-02,2.41113300e-02,2.79208300e-02,3.42086100e-02,3.73079200e-02,3.42086100e-02,2.79208300e-02,2.41113300e-02,2.18725800e-02,1.99231500e-02,1.77772000e-02,1.49033100e-02,1.01703200e-02
2.52566080e+06,-7.50720200e+00,1.01748600e-02,1.49099100e-02,1.77845400e-02,1.99306600e-02,2.18794300e-02,2.41164200e-02,2.79212500e-02,3.42086100e-02,3.73079200e-02,3.42086100e-02,2.79212500e-02,2.41164200e-02,2.18794300e-02,1.99306600e-02,1.77845400e-02,1.49099100e-02,1.01748600e-02
2.52966080e+06,-7.50404600e+00,1.01793800e-02,1.49165100e-02,1.77918600e-02,1.99381500e-02,2.18862800e-02,2.41215100e-02,2.79216800e-02,3.42086100e-02,3.73079200e-02,3.42086100e-02,2.79216800e-02,2.41215100e-02,2.18862800e-02,1.99381500e-02,1.77918600e-02,1.49165100e-02,1.01793800e-02
2.53366080e+06,-7.50302300e+00,1.01838900e-02,1.49230800e-02,1.77991700e-02,1.99456300e-02,2.18931100e-02,2.41265900e-02,2.79221100e-02,3.42086100e-02,3.73079200e-02,3.42086100e-02,2.79221100e-02,2.41265900e-02,2.18931100e-02,1.99456300e-02,1.77991700e-02,1.49230800e-02,1.01838900e-02
2.53766080e+06,-7.49718200e+00,1.01883900e-02,1.49296500e-02,1.78064700e-02,1.99531000e-02,2.18999400e-02,2.41316700e-02,2.79225400e-02,3.42086100e-02,3.73079200e-02,3.42086100e-02,2.79225400e-02,2.41316700e-02,2.18999400e-02,1.99531000e-02,1.78064700e-02,1.49296500e-02,1.01883900e-02
2.54166080e+06,-7.49246200e+00,1.01928700e-02,1.49362000e-02,1.78137400e-02,1.99605500e-02,2.19067500e-02,2.41367500e-02,2.79229700e-02,3.42086100e-02,3.73079200e-02,3.42086100e-02,2.79229700e-02,2.41367500e-02,2.19067500e-02,1.99605500e-02,1.78137400e-02,1.49362000e-02,1.01928700e-02
2.54566080e+06,-7.48985600e+00,1.01973400e-02,1.49427300e-02,1.78210100e-02,1.99679900e-02,2.19135600e-02,2.41418200e-02,2.79234100e-02,3.42086100e-02,3.73079200e-02,3.42086100e-02,2.79234100e-02,2.41418200e-02,2.19135600e-02,1.99679900e-02,1.78210100e-02,1.49427300e-02,1.01973400e-02
2.54966080e+06,-7.48978300e+00,1.02018000e-02,1.49492600e-02,1.78282500e-02,1.99754200e-02,2.19203500e-02,2.41468900e-02,2.79238500e-02,3.42086100e-02,3.73079200e-02,3.42086100e-02,2.79238500e-02,2.41468900e-02,2.19203500e-02,1.99754200e-02,1.78282500e-02,1.49492600e-02,1.02018000e-02
2.55366080e+06,-7.49264000e+00,1.02062500e-02,1.49557700e-02,1.78354900e-02,1.99828400e-02,2.19271400e-02,2.41519600e-02,2.79242900e-02,3.42086100e-02,3.73079200e-02,3.42086100e-02,2.79242900e-02,2.41519600e-02,2.19271400e-02,1.99828400e-02,1.78354900e-02,1.49557700e-02,1.02062500e-02
2.55766080e+06,-7.49876100e+00,1.02106900e-02,1.49622600e-02,1.78427000e-02,1.99902400e-02,2.19339200e-02,2.41570200e-02,2.79247300e-02,3.42086100e-02,3.73079200e-02,3.42086100e-02,2.79247300e-02,2.41570200e-02,2.19339200e-02,1.99902400e-02,1.78427000e-02,1.49622600e-02,1.02106900e-02
2.56166080e+06,-7.50835400e+00,1.02151100e-02,1.49687500e-02,1.78499100e-02,1.99976300e-02,2.19406900e-02,2.41620800e-02,2.79251800e-02,3.42086100e-02,3.73079200e-02,3.42086100e-02,2.79251800e-02,2.41620800e-02,2.19406900e-02,1.99976300e-02,1.78499100e-02,1.49687500e-02,1.02151100e-02
2.56566080e+06,-7.50784000e+00,1.02195200e-02,1.49752200e-02,1.78571000e-02,2.00050100e-02,2.19474600e-02,2.41671400e-02,2.79256300e-02,3.42086100e-02,3.73079200e-02,3.42086100e-02,2.79256300e-02,2.41671400e-02,2.19474600e-02,2.00050100e-02,1.78571000e-02,1.49752200e-02,1.02195200e-02
2.56966080e+06,-7.49992900e+00,1.02239200e-02,1.49816700e-02,1.78642700e-02,2.00123700e-02,2.19542100e-02,2.41721900e-02,2.79260800e-02,3.42086100e-02,3.73079200e-02,3.42086100e-02,2.79260800e-02,2.41721900e-02,2.19542100e-02,2.00123700e-02,1.78642700e-02,1.49816700e-02,1.02239200e-02
2.57366080e+06,-7.49325300e+00,1.02283100e-02,1.49881200e-02,1.78714300e-02,2.00197300e-02,2.19609600e-02,2.41772400e-02,2.79265300e-02,3.42086100e-02,3.73079200e-02,3.42086100e-02,2.79265300e-02,2.41772400e-02,2.19609600e-02,2.00197300e-02,1.78714300e-02,1.49881200e-02,1.02283100e-02
2.57766080e+06,-7.48793200e+00,1.02326900e-02,1.49945500e-02,1.78785800e-02,2.00270700e-02,2.19676900e-02,2.41822900e-02,2.79269900e-02,3.42086100e-02,3.73079200e-02,3.42086100e-02,2.79269900e-02,2.41822900e-02,2.19676900e-02,2.00270700e-02,1.78785800e-02,1.49945500e-02,1.02326900e-02
2.58166080e+06,-7.48408000e+00,1.02370600e-02,1.50009700e-02,1.78857100e-02,2.00344000e-02,2.19744200e-02,2.41873300e-02,2.79274500e-02,3.42086100e-02,3.73079200e-02,3.42086100e-02,2.79274500e-02,2.41873300e-02,2.19744200e-02,2.00344000e-02,1.78857100e-02,1.50009700e-02,1.02370600e-02
2.58566080e+06,-7.48180900e+00,1.02414200e-02,1.50073800e-02,1.78928300e-02,2.00417200e-02,2.19811500e-02,2.41923700e-02,2.79279100e-02,3.42086100e-02,3.73079200e-02,3.42086100e-02,2.79279100e-02,2.41923700e-02,2.19811500e-02,2.00417200e-02,1.78928300e-02,1.50073800e-02,1.02414200e-02
2.58966080e+06,-7.48124600e+00,1.02457600e-02,1.50137800e-02,1.78999400e-02,2.00490200e-02,2.19878600e-02,2.41974100e-02,2.79283800e-02,3.42086100e-02,3.73079200e-02,3.42086100e-02,2.79283800e-02,2.41974100e-02,2.19878600e-02,2.00490200e-02,1.78999400e-02,1.50137800e-02,1.02457600e-02
