t,max_slip_rate,-400.0,-350.0,-300.0,-250.0,-200.0,-150.0,-100.0,-50.0,0.0,50.0,100.0,150.0,200.0,250.0,300.0,350.0,400.0
0.00000000e+00,0.00000000e+00,-4.00000000e+02,-3.50000000e+02,-3.00000000e+02,-2.50000000e+02,-2.00000000e+02,-1.50000000e+02,-1.00000000e+02,-5.00000000e+01,0.00000000e+00,5.00000000e+01,1.00000000e+02,1.50000000e+02,2.00000000e+02,2.50000000e+02,3.00000000e+02,3.50000000e+02,4.00000000e+02
5.00000000e+02,-1.20000000e+01,-3.59197600e-34,1.16850300e-34,4.39116800e-35,-3.55850000e-34,-6.01402500e-34,3.06696400e-36,-9.84299500e-35,-1.14553000e-34,-1.39982700e-34,-4.79625800e-34,-5.73037200e-34,-4.32997600e-35,2.27296400e-35,-2.54478600e-34,-1.64293700e-34,-2.61396600e-35,-4.82936300e-34
4.00000000e+03,-1.15847300e+01,4.03734700e-32,1.06033000e-32,1.12398300e-32,-7.77196200e-33,-2.11337500e-32,-6.87665700e-33,2.19856500e-32,-5.42036200e-32,-1.30382800e-31,-6.12734800e-35,6.53972100e-33,-1.21046200e-32,-3.99166500e-33,8.93793300e-33,-3.36427800e-33,-1.18857600e-32,-6.15709900e-32
8.00000000e+03,-1.11370700e+01,1.53258300e-31,5.84402300e-32,6.18453000e-32,-3.99427800e-32,-1.71219900e-31,6.36294300e-33,2.00244500e-31,-2.31095500e-31,-7.40517200e-31,-2.76758500e-31,-7.60991600e-32,-3.88974600e-32,8.51560300e-33,3.50192000e-32,-1.92672900e-32,-3.45185400e-32,-2.58031500e-31
1.20000000e+04,-1.07146700e+01,3.47485800e-31,1.19889300e-31,1.16924800e-31,-5.28883400e-32,-4.91287700e-31,7.75376900e-32,4.96419900e-31,-1.98949900e-30,-3.37556100e-30,-5.67487000e-31,-4.22968000e-31,-4.26860500e-33,1.08852300e-31,1.61322800e-31,-4.86334000e-32,-1.71793600e-31,-5.61214000e-31
1.60000000e+04,-1.03144100e+01,6.09393400e-31,1.89468400e-31,2.34851800e-31,-7.70535600e-32,-8.61844500e-31,1.92931100e-31,8.79403000e-31,-8.43645900e-30,-1.63644500e-29,-7.51621400e-31,-1.09367300e-30,4.71978900e-32,2.28707000e-31,3.09245600e-31,-1.10953000e-31,-2.90367700e-31,-9.56900200e-31
2.00000000e+04,-9.93366400e+00,9.17670800e-31,2.43813300e-31,3.46966400e-31,-1.28881900e-31,-1.18776500e-30,4.59642700e-31,8.87307400e-31,-2.47548300e-29,-5.85371700e-29,-5.57580200e-30,-2.14680100e-30,9.85144800e-32,4.38931200e-31,4.89872200e-31,-1.09147100e-31,-4.74361000e-31,-1.50368500e-30
2.40000000e+04,-9.57025100e+00,1.33686500e-30,2.72653000e-31,5.34100300e-31,-3.12929200e-31,-1.56428800e-30,7.86605000e-31,6.03458600e-31,-6.64060700e-29,-1.60180300e-28,-2.24780000e-29,-4.53883700e-30,2.68275700e-31,6.71184100e-31,7.69014000e-31,-7.08886800e-32,-6.51435500e-31,-2.28752700e-30
2.80000000e+04,-9.22239800e+00,1.76635700e-30,2.83230100e-31,6.56771400e-31,-5.53645600e-31,-1.82528300e-30,1.22025400e-30,-7.70808100e-32,-1.50951900e-28,-6.93773900e-28,-7.92829000e-29,-8.36004900e-30,6.38102600e-31,9.91466500e-31,1.06005900e-30,7.23879100e-32,-8.18345700e-31,-3.17667100e-30
3.20000000e+04,-8.88881500e+00,2.25302400e-30,2.24492100e-31,9.02578000e-31,-7.45526100e-31,-2.14697000e-30,1.85616700e-30,-3.16766200e-30,-2.26026500e-28,-3.03658300e-27,-4.70983400e-28,-1.16821500e-29,1.65883400e-30,1.53535000e-30,1.49391500e-30,2.55952900e-31,-9.07845000e-31,-4.15503500e-30
3.60000000e+04,-8.56884200e+00,2.73457800e-30,2.54432500e-31,1.11203400e-30,-1.01069200e-30,-2.55753700e-30,2.23804700e-30,-1.07047100e-29,-3.59826800e-28,-1.43070800e-26,-1.54033400e-27,-1.19932500e-29,4.46384100e-30,2.49145400e-30,2.20348500e-30,7.00523000e-31,-8.37065900e-31,-5.15833800e-30
4.00000000e+04,-8.26279000e+00,3.04950300e-30,1.84475700e-31,1.23009300e-30,-1.37611100e-30,-3.31953800e-30,3.61108800e-30,-3.76454500e-29,-1.45968700e-27,-3.54628600e-26,-3.03917200e-27,-3.35352500e-29,8.92366700e-30,4.69656500e-30,3.37985200e-30,1.34240500e-30,-6.97343400e-31,-6.23549300e-30
4.40000000e+04,-7.97254000e+00,3.04913700e-30,-1.59796000e-31,9.25734200e-31,-1.88317800e-30,-4.86468500e-30,4.16255100e-30,-1.25225700e-28,-4.30604200e-27,-4.54680000e-26,-7.97522000e-27,-3.14394800e-29,2.08763500e-29,9.40185100e-30,6.02772900e-30,2.83825500e-30,7.19091800e-32,-7.35028000e-30
4.80000000e+04,-7.70240200e+00,2.08375700e-30,-1.21321000e-30,3.96240500e-31,-2.84831700e-30,-9.25165800e-30,4.17967400e-30,-2.58222900e-28,-6.80439300e-27,-2.34913500e-25,-3.63437200e-26,-4.19981700e-29,4.41298800e-29,1.87489200e-29,1.02243400e-29,5.75350600e-30,1.89270000e-30,-8.21262200e-30
5.20000000e+04,-7.45985500e+00,-1.15116500e-31,-3.19075600e-30,-7.90784000e-31,-4.59491200e-30,-1.50080100e-29,4.60667500e-30,-5.76117000e-28,-1.95864300e-26,-1.60609800e-24,-1.11551400e-25,-1.45597500e-28,9.11749000e-29,3.52259600e-29,1.88415500e-29,1.15198700e-29,5.05706700e-30,-8.56696100e-30
5.60000000e+04,-7.25489900e+00,-4.21212300e-30,-7.13485100e-30,-3.56320900e-30,-8.10863000e-30,-2.53217300e-29,5.50862400e-30,-1.27429900e-27,-1.21808800e-25,-2.58811200e-24,-2.14952700e-25,-1.52316200e-28,1.78342600e-28,6.85892800e-29,3.39983700e-29,2.08884100e-29,1.10420600e-29,-7.78354800e-30
6.00000000e+04,-7.09645700e+00,-1.27114500e-29,-1.34897000e-29,-8.36832700e-30,-1.47982000e-29,-4.62585700e-29,-9.02218600e-31,-2.98918000e-27,4.66499000e-26,-1.53987900e-23,-9.74756800e-25,-1.01404100e-27,3.31748400e-28,1.17173800e-28,6.18103800e-29,3.75976800e-29,2.12829900e-29,-5.02357600e-30
6.40000000e+04,-6.98672400e+00,-2.71412300e-29,-2.68182700e-29,-1.82364900e-29,-2.37034500e-29,-7.52344000e-29,-3.34928800e-29,-5.41875500e-27,-9.16816000e-26,-2.83682900e-23,-2.42798400e-24,-1.66829400e-27,6.50207000e-28,2.00300300e-28,1.01277000e-28,6.19103700e-29,3.63553000e-29,-6.44851800e-31
6.80000000e+04,-6.91839800e+00,-4.92029500e-29,-4.50917700e-29,-3.35393700e-29,-3.27737100e-29,-1.09737300e-28,2.50945100e-29,-7.61217300e-27,9.86327300e-26,-3.45651400e-23,-8.46336000e-24,-8.17847300e-27,1.09561200e-27,3.28439300e-28,1.62804400e-28,9.87710300e-29,5.82996900e-29,6.34728200e-30
7.20000000e+04,-6.87753700e+00,-7.99455300e-29,-6.90606100e-29,-5.41007200e-29,-5.22144100e-29,-1.61736300e-28,3.90804700e-29,-1.10475100e-26,2.57102600e-24,-1.09328100e-22,-2.32049700e-23,-1.33890000e-26,1.90195100e-27,5.39042500e-28,2.59502700e-28,1.55199000e-28,9.08585800e-29,1.62538900e-29
7.60000000e+04,-6.84846500e+00,-1.20959400e-28,-1.03285500e-28,-8.06055000e-29,-8.09914900e-29,-2.25752900e-28,1.35151100e-28,-2.97755300e-27,6.45048500e-24,-1.81445800e-22,-4.73688200e-23,-3.23897600e-26,3.11265300e-27,8.09218100e-28,3.87084000e-28,2.34295700e-28,1.37454600e-28,3.22110300e-29
8.00000000e+04,-6.81749000e+00,-1.80681500e-28,-1.46016300e-28,-1.18345100e-28,-1.01781300e-28,-3.27402600e-28,-1.67218000e-28,-4.55331300e-27,1.15890800e-26,-3.59029900e-22,-6.95253800e-23,-7.91612700e-26,4.85996500e-27,1.19336400e-27,5.53668000e-28,3.32970900e-28,1.98514500e-28,5.29056100e-29
8.40000000e+04,-6.77638000e+00,-2.55243900e-28,-1.99534200e-28,-1.68455300e-28,-1.31109500e-28,-4.21863200e-28,-4.23268400e-28,4.71897100e-26,-1.18060800e-22,-3.00695000e-22,-7.53918700e-23,-1.78830200e-25,7.89853300e-27,1.70998200e-27,7.80202500e-28,4.59224800e-28,2.83735000e-28,8.32109600e-29
8.80000000e+04,-6.72577400e+00,-3.63081000e-28,-2.82737600e-28,-2.37299400e-28,-1.83732200e-28,-5.91744600e-28,-1.18834700e-27,1.63686900e-25,-3.72919900e-22,-6.27041900e-22,1.19578600e-22,-3.50128900e-25,1.27011300e-26,2.53554000e-27,1.11969600e-27,6.48442100e-28,3.97162600e-28,1.28853800e-28
9.19563458e+04,-6.67149500e+00,-5.02300500e-28,-3.92924500e-28,-3.33693500e-28,-2.65070800e-28,-7.70265000e-28,-2.99348300e-27,4.41534800e-25,-1.35934700e-21,-1.45003200e-21,9.81459800e-22,-6.84636400e-25,2.05264900e-26,3.57294100e-27,1.53970900e-27,8.73697400e-28,5.34463700e-28,1.75093600e-28
9.55369167e+04,-6.62633300e+00,-6.55000200e-28,-5.10166500e-28,-4.65163800e-28,-3.61881300e-28,-9.77778600e-28,-6.18379500e-27,9.52669900e-25,-3.00789900e-21,-2.09060100e-21,2.09147300e-21,-1.35266500e-24,3.15164200e-26,4.81417200e-27,2.06658700e-27,1.18509800e-27,7.01303100e-28,2.35868400e-28
9.88155458e+04,-6.59669800e+00,-8.64243200e-28,-6.71512800e-28,-6.03185900e-28,-4.71988200e-28,-1.15394600e-27,-1.08972500e-26,2.09252700e-24,-6.04313600e-21,-2.54719600e-21,4.63082800e-21,-3.08507000e-24,4.69850400e-26,6.51714300e-27,2.65701200e-27,1.55536600e-27,9.17852400e-28,3.26990500e-28
1.01915408e+05,-6.57930500e+00,-1.08051700e-27,-8.44132600e-28,-7.32858200e-28,-6.16675300e-28,-1.60537300e-27,-1.86729800e-26,2.87034600e-24,-1.28617100e-20,-3.19445800e-21,1.03104300e-20,-6.92546300e-24,6.52545000e-26,8.48136900e-27,3.41365300e-27,1.93544000e-27,1.15624000e-27,4.20249800e-28
1.04934067e+05,-6.57803000e+00,-1.31061100e-27,-1.00643000e-27,-8.76607400e-28,-7.20728600e-28,-2.14138000e-27,-2.53920600e-26,3.60961600e-24,-2.06638000e-20,-3.00104400e-21,1.65146300e-20,-1.63999500e-23,8.46447300e-26,1.05877800e-26,4.19926700e-27,2.38396200e-27,1.41697000e-27,5.06491400e-28
1.07952721e+05,-6.57361100e+00,-1.62052600e-27,-1.24986800e-27,-1.09672700e-27,-9.02991400e-28,-2.74018100e-27,-3.42345800e-26,7.97845100e-24,-2.58453300e-20,-4.36025300e-21,1.94091600e-20,-3.51182100e-23,1.08598000e-25,1.29423600e-26,5.14602300e-27,2.92659100e-27,1.73694600e-27,6.32874700e-28
1.10970558e+05,-6.58412800e+00,-2.00914200e-27,-1.54829300e-27,-1.27091000e-27,-1.03653600e-27,-2.79242700e-27,-4.23699600e-26,-3.54587900e-24,-2.57569000e-20,-3.95966900e-21,1.60138800e-20,-8.36840900e-23,1.39966800e-25,1.61439700e-26,6.22107000e-27,3.49006100e-27,2.07091300e-27,7.64627300e-28
1.14112825e+05,-6.60863600e+00,-2.42399000e-27,-1.84328700e-27,-1.51071700e-27,-1.21823600e-27,-3.04091300e-27,-4.72739300e-26,-1.98982900e-24,-1.92051300e-20,-1.77380500e-21,4.33357100e-21,-2.06319000e-22,1.67187700e-25,1.95029900e-26,7.53739600e-27,4.17321400e-27,2.46720600e-27,8.80301600e-28
1.17288783e+05,-6.56842800e+00,-2.85271300e-27,-2.12655200e-27,-1.76312700e-27,-1.35687500e-27,-3.29904500e-27,-5.48300200e-26,-7.83040100e-24,-7.81676400e-21,1.44879800e-21,-1.02329800e-20,-5.24773200e-22,2.05658200e-25,2.32929300e-26,8.92100400e-27,4.91265100e-27,2.90429600e-27,1.03453500e-27
1.20112025e+05,-6.52223400e+00,-3.32027300e-27,-2.49370900e-27,-1.98927200e-27,-1.64598900e-27,-4.11909400e-27,-6.85703100e-26,-1.06109200e-22,-1.50826200e-21,5.34795400e-21,-2.12885400e-20,-1.21384200e-21,2.46588300e-25,2.73894300e-26,1.03543100e-26,5.70609100e-27,3.41478100e-27,1.21748200e-27
1.22683792e+05,-6.48882100e+00,-3.77651200e-27,-2.81836700e-27,-2.25263300e-27,-1.86267700e-27,-4.46087700e-27,-7.98289500e-26,-2.05630200e-22,6.13244100e-21,7.98250500e-21,-3.40258200e-20,-2.59307300e-21,2.87333500e-25,3.13725700e-26,1.19149700e-26,6.56954400e-27,3.96960200e-27,1.34901700e-27
1.25088558e+05,-6.46479900e+00,-4.27020300e-27,-3.14271000e-27,-2.40535200e-27,-1.75186800e-27,-4.48750800e-27,-6.80850800e-26,3.61968400e-22,2.11179700e-20,9.20369300e-21,-5.36973300e-20,-4.96206800e-21,3.28098100e-25,3.52333700e-26,1.33173800e-26,7.42697900e-27,4.52849400e-27,1.48781500e-27
1.27377275e+05,-6.44624200e+00,-4.77525300e-27,-3.52945600e-27,-2.67093600e-27,-1.58216100e-27,-3.09071400e-27,-2.72836600e-26,2.53772700e-21,3.95345300e-20,1.05407000e-20,-7.56937800e-20,-9.84750600e-21,3.19397200e-25,3.84914900e-26,1.47180000e-26,8.15392100e-27,5.00757700e-27,1.62931700e-27
1.29580792e+05,-6.43401300e+00,-5.28918400e-27,-3.93464500e-27,-2.91761800e-27,-1.36575500e-27,-1.11513500e-27,6.26857100e-26,6.80229100e-21,5.85336100e-20,1.35606900e-20,-9.74679600e-20,-1.82613000e-20,2.63082000e-25,4.05045300e-26,1.61387800e-26,8.77550100e-27,5.44136400e-27,1.72330600e-27
1.31763438e+05,-6.44775200e+00,-5.84583100e-27,-4.24969700e-27,-2.98729800e-27,-1.01509500e-27,1.16550900e-27,2.41396100e-25,1.17219600e-20,7.66061300e-20,1.88098900e-20,-1.19254000e-19,-3.10913100e-20,9.01874000e-26,4.29658400e-26,1.80590800e-26,9.58591200e-27,5.89012400e-27,1.82178800e-27
1.34117875e+05,-6.47776000e+00,-6.47048600e-27,-4.63052800e-27,-3.09234100e-27,-7.80837200e-28,2.13968900e-27,5.69571600e-25,1.82013000e-20,9.07460600e-20,2.69930800e-20,-1.38494200e-19,-5.03040900e-20,-2.83688500e-25,4.47660300e-26,2.00194900e-26,1.05790500e-26,6.45568000e-27,1.95447400e-27
1.36524650e+05,-6.48232500e+00,-7.22117200e-27,-5.17471700e-27,-3.32444200e-27,-3.63246700e-28,2.33832900e-27,1.17719000e-24,2.29002900e-20,9.38131800e-20,3.76126900e-20,-1.44744200e-19,-6.93705700e-20,-1.03684000e-24,4.65514600e-26,2.20559200e-26,1.17313600e-26,7.25608700e-27,2.17740200e-27
1.38986192e+05,-6.49614000e+00,-8.03978900e-27,-5.81043600e-27,-3.80256800e-27,-2.87112200e-28,-3.06922800e-27,2.21255300e-24,2.33890900e-20,9.42694900e-20,4.67942900e-20,-1.49701100e-19,-8.72635400e-20,-2.57443600e-24,5.52129500e-26,2.52407300e-26,1.33225300e-26,8.29275200e-27,2.49686400e-27
1.41494408e+05,-6.49558600e+00,-9.08675700e-27,-6.65702700e-27,-4.33379400e-27,-1.39618400e-28,-7.49320300e-27,4.86893800e-24,1.88499100e-20,9.41487000e-20,5.32550200e-20,-1.52803300e-19,-1.00206600e-19,-5.81758500e-24,6.39219700e-26,2.90543500e-26,1.51683000e-26,9.37065700e-27,2.77418500e-27
1.44015229e+05,-6.50433300e+00,-1.02961100e-26,-7.69221700e-27,-5.11637600e-27,3.42144000e-29,-1.45829800e-26,9.16355400e-24,1.27213500e-20,9.36089000e-20,6.60142000e-20,-1.59974500e-19,-1.11349100e-19,-1.15358800e-23,7.76248900e-26,3.30640800e-26,1.74066000e-26,1.06699000e-26,3.09149900e-27
1.46622408e+05,-6.52792400e+00,-1.17209000e-26,-8.77379100e-27,-5.84701000e-27,-5.94101900e-29,-2.24317600e-26,1.70329500e-23,7.18544000e-21,8.90298200e-20,7.18064600e-20,-1.66337300e-19,-1.25051600e-19,-2.33178600e-23,9.18118300e-26,3.78934300e-26,1.96361000e-26,1.19709900e-26,3.50793200e-27
1.49436346e+05,-6.57451400e+00,-1.32809900e-26,-9.93744600e-27,-6.69162900e-27,-5.31040000e-28,-3.30455800e-26,2.84382800e-23,-7.47959300e-21,8.64512100e-20,7.77122800e-20,-1.73446500e-19,-1.38999500e-19,-5.07927200e-23,1.06745400e-25,4.46020300e-26,2.23787900e-26,1.35635600e-26,4.00024900e-27
1.52642458e+05,-6.64321400e+00,-1.51704400e-26,-1.14943600e-26,-7.97331100e-27,-1.35289000e-27,-4.58848000e-26,4.75285100e-23,-1.64272400e-20,8.46100700e-20,7.46952900e-20,-1.83000300e-19,-1.40776600e-19,-1.16762100e-22,1.30209800e-25,5.26023200e-26,2.55261300e-26,1.52908400e-26,4.48018900e-27
1.56440958e+05,-6.73172300e+00,-1.74109400e-26,-1.29535400e-26,-9.20207000e-27,-2.42080200e-27,-7.19665600e-26,5.87108200e-23,-1.73352800e-20,8.39079300e-20,6.92119500e-20,-1.91480100e-19,-1.38573600e-19,-2.80303500e-22,1.58671900e-25,6.30451200e-26,3.00913600e-26,1.76146500e-26,5.20142100e-27
1.60440958e+05,-6.84906800e+00,-2.00578800e-26,-1.48335500e-26,-1.04525000e-26,-3.87667200e-27,-9.36201800e-26,-2.57723800e-23,-2.00133000e-20,8.98441700e-20,6.12291400e-20,-1.98576600e-19,-1.36167200e-19,-6.31755800e-22,1.98306900e-25,7.36974400e-26,3.51748700e-26,2.03502700e-26,6.18894800e-27
1.64440958e+05,-6.85319300e+00,-2.27969700e-26,-1.67002200e-26,-1.15882500e-26,-5.41338200e-27,-1.09697300e-25,-1.59006900e-22,-2.41874000e-20,9.96908500e-20,6.18391200e-20,-2.05388200e-19,-1.37385000e-19,-1.26148100e-21,2.58934600e-25,8.81135300e-26,4.05103900e-26,2.30554500e-26,7.28742200e-27
1.68440958e+05,-6.84620200e+00,-2.55095300e-26,-1.83518900e-26,-1.28044500e-26,-6.53509400e-27,-1.43732100e-25,-4.08982100e-22,-2.91899100e-20,1.05452900e-19,6.51408400e-20,-2.04254000e-19,-1.36345800e-19,-2.45429400e-21,3.29520300e-25,1.03872300e-25,4.62732600e-26,2.61004800e-26,8.38408000e-27
1.72440958e+05,-6.83742600e+00,-2.82989400e-26,-2.06947100e-26,-1.42552800e-26,-7.24554600e-27,-1.98527300e-25,-8.48357300e-22,-3.19310500e-20,1.10380100e-19,6.31444300e-20,-2.04328500e-19,-1.35843100e-19,-4.25026600e-21,4.14760600e-25,1.18982500e-25,5.25664500e-26,2.97778800e-26,9.56876500e-27
1.76440958e+05,-6.82555400e+00,-3.14544500e-26,-2.31305800e-26,-1.70426400e-26,-1.13369600e-26,-2.53742700e-25,-1.43381800e-21,-3.42952700e-20,1.15373800e-19,6.40549200e-20,-2.03805700e-19,-1.35671200e-19,-7.42401200e-21,5.27710100e-25,1.36582200e-25,5.92854100e-26,3.32797200e-26,1.06087700e-26
1.80440958e+05,-6.80864000e+00,-3.47863200e-26,-2.57461400e-26,-1.86237200e-26,-1.13180500e-26,-2.99313300e-25,-1.30719600e-21,-3.62730600e-20,1.16632500e-19,6.19309100e-20,-2.03828000e-19,-1.35361700e-19,-1.13988300e-20,6.70062800e-25,1.56483500e-25,6.64796200e-26,3.67827800e-26,1.16088500e-26
1.84440958e+05,-6.78484400e+00,-3.81363300e-26,-2.82821300e-26,-2.04911600e-26,-9.43587900e-27,-3.17429000e-25,-3.86562600e-22,-3.77611300e-20,1.15472600e-19,6.06604300e-20,-2.06361600e-19,-1.35023000e-19,-1.73107300e-20,8.38722000e-25,1.79399400e-25,7.43825500e-26,4.09286400e-26,1.24756300e-26
1.88440958e+05,-6.73645600e+00,-4.20434000e-26,-3.12621900e-26,-2.22477500e-26,-4.80825800e-27,-2.77735900e-25,5.17037500e-23,-3.83116200e-20,1.20050100e-19,5.11248300e-20,-2.15992900e-19,-1.33716300e-19,-2.50905600e-20,1.06764400e-24,2.01832000e-25,8.18638400e-26,4.48259200e-26,1.32719600e-26
1.92357821e+05,-6.65174500e+00,-4.64264400e-26,-3.51220900e-26,-2.40391300e-26,-2.17804600e-27,-2.17031100e-25,-1.47747500e-21,-4.07685400e-20,1.22222400e-19,4.00637500e-20,-2.21849900e-19,-1.31546700e-19,-3.46730200e-20,1.49150600e-24,2.31557000e-25,9.13948600e-26,4.95190100e-26,1.46786100e-26
1.95668504e+05,-6.57172800e+00,-5.05087500e-26,-3.83926100e-26,-2.52476800e-26,3.06943400e-28,-1.77550300e-25,-3.50266300e-21,-4.30388900e-20,1.21849200e-19,2.96805200e-20,-2.30151100e-19,-1.28455300e-19,-4.11137200e-20,2.07614000e-24,2.59376500e-25,9.94901400e-26,5.32950300e-26,1.59522000e-26
1.98458871e+05,-6.50518500e+00,-5.40322800e-26,-4.13219800e-26,-2.79543000e-26,-1.00468000e-27,-8.67265900e-26,-6.75948500e-21,-4.37965600e-20,1.20959300e-19,1.83960200e-20,-2.38994200e-19,-1.25949000e-19,-4.51941600e-20,2.92170600e-24,2.86336500e-25,1.08042700e-25,5.72379800e-26,1.70631500e-26
2.00882217e+05,-6.45132300e+00,-5.73645500e-26,-4.39132900e-26,-2.97291700e-26,-5.56402400e-28,-1.26663300e-25,-8.35032700e-21,-4.54929500e-20,1.13881000e-19,9.52250800e-21,-2.49440300e-19,-1.23745300e-19,-4.97423200e-20,4.25090500e-24,3.12903900e-25,1.15550500e-25,6.12393300e-26,1.81008100e-26
2.03051317e+05,-6.41170400e+00,-6.02210000e-26,-4.60135700e-26,-3.18049000e-26,1.33409200e-27,-9.25531300e-26,-8.01932000e-21,-4.73492800e-20,1.07891200e-19,3.75569700e-21,-2.58732600e-19,-1.22808900e-19,-5.74178100e-20,6.01687900e-24,3.40209900e-25,1.23829500e-25,6.48222000e-26,1.89117200e-26
2.05069100e+05,-6.39458900e+00,-6.30461500e-26,-4.83415600e-26,-3.42176800e-26,1.89185400e-27,-9.88575900e-26,-7.11981100e-21,-4.93999300e-20,1.00703700e-19,2.35785200e-21,-2.64525800e-19,-1.23076100e-19,-6.75040700e-20,8.40196400e-24,3.66435600e-25,1.31365700e-25,6.79746900e-26,1.98858000e-26
2.07096962e+05,-6.43272400e+00,-6.61601100e-26,-5.06402200e-26,-3.62749800e-26,6.91495500e-28,-2.19736000e-25,-7.73980600e-21,-5.18556800e-20,9.52825500e-20,-6.18431900e-22,-2.70516200e-19,-1.23537900e-19,-7.46328500e-20,1.18874700e-23,3.97469400e-25,1.39031500e-25,7.14146300e-26,2.06740100e-26
2.09392850e+05,-6.47189000e+00,-6.97513600e-26,-5.35203200e-26,-3.90075400e-26,1.34560600e-27,-5.05154300e-25,-8.66629100e-21,-5.58538000e-20,9.47654800e-20,-8.08364100e-21,-2.83532000e-19,-1.26921700e-19,-8.16310900e-20,1.77108300e-23,4.34539900e-25,1.48525200e-25,7.51836400e-26,2.17209500e-26
2.11833362e+05,-6.50331500e+00,-7.38080400e-26,-5.61859500e-26,-4.11771200e-26,-5.02432600e-27,1.53818700e-25,-9.36537500e-21,-6.03695300e-20,8.81052300e-20,-1.85706700e-20,-2.89829600e-19,-1.31178700e-19,-8.83712500e-20,2.77983300e-23,4.80646700e-25,1.60696000e-25,7.93948700e-26,2.30386800e-26
2.14486250e+05,-6.54675200e+00,-7.84370800e-26,-5.95840600e-26,-4.55623000e-26,-9.89943400e-27,2.41041900e-24,-9.30879900e-21,-6.99713100e-20,8.79525900e-20,-2.45071600e-20,-3.00109300e-19,-1.40617100e-19,-9.70063100e-20,4.36488100e-23,5.31839000e-25,1.75315100e-25,8.50533300e-26,2.45562100e-26
2.17512133e+05,-6.63356700e+00,-8.38543600e-26,-6.48609900e-26,-5.12292100e-26,-1.01998800e-26,7.95496700e-24,-6.93409800e-21,-7.97402800e-20,8.03639700e-20,-3.08497300e-20,-3.15332900e-19,-1.51100100e-19,-1.09391100e-19,7.03603300e-23,5.93596800e-25,1.91715400e-25,9.11073100e-26,2.62609900e-26
2.21343025e+05,-6.73492200e+00,-9.13827900e-26,-7.14903800e-26,-6.03878000e-26,-2.60118100e-26,2.14732500e-23,-2.43872100e-21,-9.02764900e-20,5.93942100e-20,-5.23847600e-20,-3.29389400e-19,-1.52988400e-19,-1.22380600e-19,1.31946500e-22,6.96551300e-25,2.13816300e-25,9.95525700e-26,2.77178900e-26
2.25343025e+05,-6.72556800e+00,-9.98464200e-26,-7.95566800e-26,-6.94736000e-26,-4.76386100e-26,3.57155600e-23,-3.90522800e-21,-9.68437000e-20,4.34777600e-20,-6.42405800e-20,-3.42617200e-19,-1.49232100e-19,-1.38942000e-19,2.41965800e-22,8.15735900e-25,2.40200900e-25,1.10274800e-25,3.03066900e-26
2.29343025e+05,-6.72466100e+00,-1.08780200e-25,-8.68169000e-26,-8.05238900e-26,-6.35293500e-26,3.17222000e-23,-7.16940200e-21,-1.01202500e-19,3.73114700e-20,-7.55726300e-20,-3.52416100e-19,-1.42647000e-19,-1.53936100e-19,3.58021900e-22,9.37810400e-25,2.66567300e-25,1.21296000e-25,3.29486100e-26
2.33343025e+05,-6.72893000e+00,-1.18892100e-25,-9.58726000e-26,-8.97144800e-26,-8.42720400e-26,-2.37325400e-24,-1.06976300e-20,-1.05745700e-19,3.08520600e-20,-8.43558200e-20,-3.61786200e-19,-1.40986200e-19,-1.68198300e-19,5.18557200e-22,1.06807500e-24,2.94739100e-25,1.33329500e-25,3.60933200e-26
2.37343025e+05,-6.73328800e+00,-1.31222400e-25,-1.08012900e-25,-1.03389300e-25,-1.09305900e-25,8.81230000e-23,-1.59417600e-20,-1.12614800e-19,2.77795800e-20,-9.30701300e-20,-3.67029700e-19,-1.33440900e-19,-1.82143400e-19,7.03377000e-22,1.23352000e-24,3.25653600e-25,1.45034800e-25,3.80711700e-26
2.41343025e+05,-6.73589700e+00,-1.43484700e-25,-1.19482700e-25,-1.21718400e-25,-1.51391400e-25,2.45515000e-22,-2.03449600e-20,-1.14568900e-19,2.68769300e-20,-9.96242000e-20,-3.75640100e-19,-1.29344200e-19,-1.93868400e-19,7.22659900e-22,1.38932100e-24,3.51199500e-25,1.57353800e-25,4.05011500e-26
2.45343025e+05,-6.73470200e+00,-1.56441500e-25,-1.30522000e-25,-1.33883400e-25,-1.86273400e-25,6.06455800e-22,-2.33040300e-20,-1.12489800e-19,2.53584400e-20,-1.10579800e-19,-3.91776300e-19,-1.20329100e-19,-2.00917600e-19,4.68502300e-22,1.56893300e-24,3.81339600e-25,1.70114800e-25,4.34200500e-26
2.49343025e+05,-6.72249300e+00,-1.70189000e-25,-1.43736400e-25,-1.52105000e-25,-2.56961800e-25,6.24497700e-22,-2.58972300e-20,-1.07634400e-19,2.14789300e-20,-1.24730700e-19,-4.06839400e-19,-1.06349400e-19,-2.07026500e-19,-4.27236500e-22,1.73586200e-24,4.12627400e-25,1.84149800e-25,4.61096700e-26
2.53343025e+05,-6.71239100e+00,-1.85006600e-25,-1.56873900e-25,-1.69298800e-25,-3.66585400e-25,4.85721000e-22,-2.86018900e-20,-1.05651800e-19,1.31067000e-20,-1.33815900e-19,-4.14930500e-19,-9.27413400e-20,-2.12979400e-19,-5.98379800e-22,1.95180500e-24,4.46859800e-25,1.97874700e-25,4.77012200e-26
2.57343025e+05,-6.70897900e+00,-1.99874300e-25,-1.70923600e-25,-1.86000700e-25,-4.64548100e-25,8.57069300e-22,-3.04109900e-20,-1.12923000e-19,8.03903100e-21,-1.33626400e-19,-4.27467700e-19,-8.65847800e-20,-2.16927900e-19,9.24514700e-23,2.23569600e-24,4.89247100e-25,2.11012500e-25,5.02264800e-26
2.61343025e+05,-6.73471100e+00,-2.13901000e-25,-1.83948100e-25,-1.97315200e-25,-5.97002800e-25,1.84273700e-21,-3.41745200e-20,-1.12015700e-19,2.47394800e-21,-1.32369300e-19,-4.49573100e-19,-8.50345600e-20,-2.20735500e-19,8.67055600e-22,2.49031200e-24,5.39758600e-25,2.28223200e-25,5.35580500e-26
2.65343025e+05,-6.83170700e+00,-2.29310400e-25,-1.96197000e-25,-2.11423100e-25,-8.35620700e-25,2.97754400e-21,-3.64807100e-20,-1.03905300e-19,1.69504200e-21,-1.40699800e-19,-4.68531700e-19,-7.62353200e-20,-2.24239100e-19,1.90965300e-23,2.77333600e-24,5.94354700e-25,2.45718500e-25,5.73342500e-26
2.69343025e+05,-6.91223900e+00,-2.46527000e-25,-2.11481700e-25,-2.21747200e-25,-1.00010500e-24,8.42767600e-21,-3.98159600e-20,-1.08578900e-19,-1.07701300e-20,-1.55190200e-19,-4.85909600e-19,-7.51494000e-20,-2.28010900e-19,4.96161800e-21,3.05738000e-24,6.49803100e-25,2.63786200e-25,6.01253200e-26
2.73343025e+05,-6.89799300e+00,-2.62960600e-25,-2.25648600e-25,-2.26848400e-25,-1.24648200e-24,1.49305400e-20,-4.49062100e-20,-1.14249900e-19,-2.17362000e-20,-1.63959900e-19,-5.00706300e-19,-7.11313300e-20,-2.33228500e-19,1.04469500e-20,3.00349100e-24,7.11491600e-25,2.82669300e-25,6.31999200e-26
2.77343025e+05,-6.89675900e+00,-2.79420800e-25,-2.38019900e-25,-2.38419700e-25,-1.03383400e-24,2.30617100e-20,-5.04716500e-20,-1.17638500e-19,-4.16788200e-20,-1.85311000e-19,-5.08242600e-19,-7.35290800e-20,-2.37921100e-19,1.78945000e-20,2.96545400e-24,7.89913700e-25,3.01521700e-25,6.51961400e-26
2.81343025e+05,-6.90110800e+00,-2.98324200e-25,-2.55462000e-25,-2.53444000e-25,-6.35021200e-25,3.17649000e-20,-5.79280700e-20,-1.22309700e-19,-6.10469700e-20,-2.00403700e-19,-5.18914200e-19,-7.91025000e-20,-2.43350000e-19,2.89413000e-20,2.52346400e-24,8.68598300e-25,3.23647900e-25,6.81125100e-26
2.85343025e+05,-6.90814900e+00,-3.16809100e-25,-2.71827300e-25,-2.59275200e-25,5.54510000e-25,4.10358400e-20,-6.90462200e-20,-1.28123800e-19,-7.54673000e-20,-2.19382600e-19,-5.24933400e-19,-8.05517600e-20,-2.50197200e-19,3.85733700e-20,1.69971300e-24,9.52668000e-25,3.46528800e-25,7.12822600e-26
2.89343025e+05,-6.86302000e+00,-3.37785600e-25,-2.89578300e-25,-2.64523700e-25,4.07785000e-24,4.83758300e-20,-7.83083700e-20,-1.34179300e-19,-9.16204600e-20,-2.34741900e-19,-5.36330600e-19,-8.03755600e-20,-2.51887200e-19,4.68231200e-20,-5.29691400e-25,1.04729300e-24,3.73224200e-25,7.69751600e-26
2.93343025e+05,-6.80486600e+00,-3.59066600e-25,-3.09450600e-25,-2.64768200e-25,1.35892800e-23,5.55809000e-20,-9.16112400e-20,-1.39900300e-19,-1.02274900e-19,-2.45813200e-19,-5.39818400e-19,-8.05443300e-20,-2.55459800e-19,5.43106400e-20,-2.07464400e-24,1.15896400e-24,4.06259500e-25,8.37950200e-26
2.97343025e+05,-6.74625100e+00,-3.80334900e-25,-3.28518700e-25,-2.46234200e-25,3.33507900e-23,6.56974800e-20,-1.07181800e-19,-1.43657800e-19,-1.20813500e-19,-2.66105200e-19,-5.43194900e-19,-8.13889100e-20,-2.60312800e-19,6.25501500e-20,-1.15485200e-24,1.28337800e-24,4.40291100e-25,8.67685700e-26
3.01338283e+05,-6.68639800e+00,-4.02139600e-25,-3.41421600e-25,-2.14938600e-25,7.57547900e-23,7.33759900e-20,-1.20644900e-19,-1.52675900e-19,-1.37510500e-19,-2.87376600e-19,-5.40396000e-19,-7.89286400e-20,-2.69587000e-19,7.03896800e-20,7.71270600e-24,1.43192700e-24,4.80057200e-25,9.36088400e-26
3.04987088e+05,-6.62336100e+00,-4.20816100e-25,-3.57943600e-25,-1.96704100e-25,1.38398300e-22,8.00692700e-20,-1.33306800e-19,-1.55543000e-19,-1.59079300e-19,-3.00360100e-19,-5.37686400e-19,-8.47803400e-20,-2.74416800e-19,7.73690100e-20,2.52366400e-23,1.56825700e-24,5.17709400e-25,1.00508200e-25
3.08165158e+05,-6.56727600e+00,-4.39305800e-25,-3.74653000e-25,-1.85235700e-25,2.17859300e-22,8.35747500e-20,-1.44096500e-19,-1.57624300e-19,-1.77978700e-19,-3.13483100e-19,-5.37570800e-19,-8.75913500e-20,-2.80482600e-19,8.40356200e-20,5.48957700e-23,1.69530400e-24,5.54649500e-25,1.04145800e-25
3.10974850e+05,-6.51767800e+00,-4.57659400e-25,-3.88377900e-25,-1.75393500e-25,3.09225500e-22,8.69837900e-20,-1.52250400e-19,-1.63643700e-19,-1.98871200e-19,-3.20449000e-19,-5.38202300e-19,-9.15600200e-20,-2.84096700e-19,9.07293200e-20,9.71045800e-23,1.82625700e-24,5.85318600e-25,1.08664500e-25
3.13506362e+05,-6.48095700e+00,-4.73096700e-25,-4.01857700e-25,-1.49367500e-25,4.22829400e-22,8.99457200e-20,-1.59214300e-19,-1.70156400e-19,-2.17823400e-19,-3.31081600e-19,-5.41904700e-19,-9.52648000e-20,-2.86245900e-19,9.66292200e-20,1.43328000e-22,1.95068000e-24,6.14693000e-25,1.12600700e-25
3.15905904e+05,-6.48486500e+00,-4.93521400e-25,-4.19582600e-25,-1.47920800e-25,5.59557500e-22,9.17220300e-20,-1.68498400e-19,-1.75761700e-19,-2.25636100e-19,-3.41516800e-19,-5.45147900e-19,-9.64166000e-20,-2.90999400e-19,1.02484200e-19,1.99820700e-22,2.09305700e-24,6.49020300e-25,1.17371400e-25
3.18383346e+05,-6.47969300e+00,-5.14126700e-25,-4.35273400e-25,-1.18476900e-25,7.30621400e-22,9.30774100e-20,-1.77687400e-19,-1.80515700e-19,-2.38141100e-19,-3.57146800e-19,-5.50636100e-19,-9.71095500e-20,-2.95071000e-19,1.08989400e-19,2.77079500e-22,2.25481500e-24,6.78363800e-25,1.20932500e-25
3.20763833e+05,-6.46964900e+00,-5.35732700e-25,-4.56414100e-25,-1.09445100e-25,9.42699300e-22,9.35511700e-20,-1.86908700e-19,-1.86216000e-19,-2.59295600e-19,-3.72641100e-19,-5.47440900e-19,-9.85288800e-20,-2.99643900e-19,1.14073700e-19,3.58501100e-22,2.42414100e-24,7.15494600e-25,1.27307200e-25
3.23150596e+05,-6.49031500e+00,-5.59275600e-25,-4.79440900e-25,-1.02383600e-25,1.24239300e-21,9.49040000e-20,-1.92972700e-19,-1.92721500e-19,-2.77732200e-19,-3.85012400e-19,-5.45790800e-19,-1.04715900e-19,-3.03774700e-19,1.20664300e-19,4.92208800e-22,2.61004500e-24,7.58685200e-25,1.35084000e-25
3.25829050e+05,-6.57018700e+00,-5.89488900e-25,-5.04735700e-25,-8.92848500e-26,1.72802200e-21,9.60068200e-20,-2.07503200e-19,-2.01354800e-19,-2.95301100e-19,-4.05660800e-19,-5.45722900e-19,-1.10369800e-19,-3.07377000e-19,1.27224700e-19,6.62687400e-22,2.83816900e-24,8.09573900e-25,1.40583700e-25
3.28736671e+05,-6.55479300e+00,-6.20022300e-25,-5.41530600e-25,-1.09718100e-25,2.40578000e-21,9.68149800e-20,-2.22087100e-19,-2.07491700e-19,-3.13237100e-19,-4.39994000e-19,-5.51669900e-19,-1.17951600e-19,-3.12810200e-19,1.36242600e-19,1.00268500e-21,3.10691800e-24,8.67789300e-25,1.47319300e-25
3.31644429e+05,-6.57163500e+00,-6.55177100e-25,-5.80146500e-25,-1.29188900e-25,3.35886500e-21,9.85965500e-20,-2.36824500e-19,-2.17987800e-19,-3.42702100e-19,-4.70385300e-19,-5.47314300e-19,-1.20514500e-19,-3.14604400e-19,1.42524900e-19,1.31962300e-21,3.40906300e-24,9.20111100e-25,1.53333400e-25
3.34721896e+05,-6.60466600e+00,-6.90296500e-25,-6.11235600e-25,-9.37859800e-26,4.21444900e-21,1.00473800e-19,-2.51252400e-19,-2.33132000e-19,-3.69714700e-19,-4.98670400e-19,-5.52052000e-19,-1.22220600e-19,-3.17961200e-19,1.50539500e-19,1.93394900e-21,3.79678900e-24,9.85933000e-25,1.58942200e-25
3.38067237e+05,-6.64347500e+00,-7.38250200e-25,-6.68511100e-25,-1.20841800e-25,4.36402400e-21,1.02189000e-19,-2.64466400e-19,-2.45538800e-19,-3.90320900e-19,-5.35852500e-19,-5.59376200e-19,-1.29364700e-19,-3.18485300e-19,1.56781100e-19,3.16408000e-21,4.23254600e-24,1.05946200e-24,1.70202000e-25
3.41721017e+05,-6.68028300e+00,-7.88828100e-25,-7.31874300e-25,-1.16520400e-25,4.29161600e-21,1.03595800e-19,-2.69392600e-19,-2.61050300e-19,-4.24896900e-19,-5.74589500e-19,-5.68918600e-19,-1.35702900e-19,-3.20085600e-19,1.65133300e-19,5.60664800e-21,4.80502300e-24,1.14834700e-24,1.83449600e-25
3.45660796e+05,-6.71258400e+00,-8.50434800e-25,-8.07686600e-25,-6.09648300e-26,5.80515200e-21,1.05134600e-19,-2.77925900e-19,-2.77772900e-19,-4.31762300e-19,-6.01284100e-19,-5.97452400e-19,-1.35414000e-19,-3.22295500e-19,1.71563800e-19,8.50232000e-21,5.61679900e-24,1.25951600e-24,1.97620800e-25
3.49660796e+05,-6.75230600e+00,-9.09927500e-25,-8.89293500e-25,1.97434600e-25,5.96586500e-21,1.04671500e-19,-2.87277800e-19,-2.94714300e-19,-4.40653800e-19,-6.31584700e-19,-6.22716800e-19,-1.38445700e-19,-3.29001200e-19,1.77104100e-19,1.24044300e-20,6.72856400e-24,1.36710800e-24,2.14446700e-25
3.53660796e+05,-6.83485600e+00,-9.81025400e-25,-9.83476600e-25,5.01653000e-25,5.39570200e-21,1.02385800e-19,-2.94324300e-19,-3.08571600e-19,-4.58252100e-19,-6.59179300e-19,-6.37082700e-19,-1.41434600e-19,-3.35782400e-19,1.83780200e-19,1.70248400e-20,8.38758000e-24,1.47202500e-24,2.28327900e-25
3.57660796e+05,-6.95215900e+00,-1.05680600e-24,-1.08995800e-24,7.81030800e-25,4.31883300e-21,9.85016400e-20,-2.99562400e-19,-3.20718700e-19,-4.76384000e-19,-6.76947300e-19,-6.50980700e-19,-1.53528800e-19,-3.43510100e-19,1.92717600e-19,2.11187700e-20,1.12215500e-23,1.60742300e-24,2.47526500e-25
3.61660796e+05,-6.93872400e+00,-1.13097800e-24,-1.18509000e-24,1.41330800e-24,4.15982600e-21,9.54938100e-20,-3.03687300e-19,-3.25983300e-19,-4.81610700e-19,-6.92519100e-19,-6.69597700e-19,-1.64904000e-19,-3.49208700e-19,2.03589300e-19,2.44899100e-20,1.51397300e-23,1.76672800e-24,2.61437600e-25
3.65660796e+05,-6.90843900e+00,-1.20642900e-24,-1.28939500e-24,1.53476300e-24,4.79294600e-21,9.12094400e-20,-3.08472200e-19,-3.33139100e-19,-4.84930000e-19,-6.95113400e-19,-6.74000300e-19,-1.72271500e-19,-3.57749700e-19,2.13625200e-19,3.05847800e-20,2.06015700e-23,1.92652400e-24,2.72857600e-25
3.69660796e+05,-6.88757300e+00,-1.30183000e-24,-1.42130400e-24,1.61531000e-24,5.93404100e-21,8.89088600e-20,-3.13816900e-19,-3.37002400e-19,-4.86435700e-19,-6.95723500e-19,-6.74159500e-19,-1.78076500e-19,-3.65175600e-19,2.22444500e-19,3.52842200e-20,2.92410400e-23,2.12090700e-24,2.84080600e-25
3.73660796e+05,-6.87425200e+00,-1.39504200e-24,-1.56191000e-24,-1.43873800e-24,7.11895700e-21,8.54208100e-20,-3.17730000e-19,-3.41838200e-19,-4.86898000e-19,-6.95827700e-19,-6.74644400e-19,-1.80069300e-19,-3.68682400e-19,2.28030100e-19,4.08216000e-20,4.12180400e-23,2.34199100e-24,3.00682000e-25
3.77660796e+05,-6.86663000e+00,-1.49284200e-24,-1.68986100e-24,-7.25342200e-24,9.07267600e-21,8.28389000e-20,-3.20647600e-19,-3.47425400e-19,-4.87117300e-19,-6.95863200e-19,-6.75188300e-19,-1.81106500e-19,-3.72870100e-19,2.35121200e-19,4.71189300e-20,5.75896000e-23,2.56130700e-24,3.11833100e-25
3.81660796e+05,-6.86318300e+00,-1.60439900e-24,-1.82324100e-24,-1.41160500e-23,9.88272500e-21,8.09613600e-20,-3.23818900e-19,-3.51279100e-19,-4.87173800e-19,-6.95879100e-19,-6.75578700e-19,-1.81045600e-19,-3.74799000e-19,2.39945600e-19,5.15903800e-20,8.16078700e-23,2.82722500e-24,3.29881000e-25
3.85660796e+05,-6.86278900e+00,-1.72155400e-24,-1.98862400e-24,-2.79372200e-23,1.16810100e-20,7.88616600e-20,-3.25845000e-19,-3.53798500e-19,-4.87284000e-19,-6.95889000e-19,-6.75756300e-19,-1.81542400e-19,-3.77306100e-19,2.43573800e-19,5.33842200e-20,1.27029900e-22,3.11558000e-24,3.50289600e-25
3.89660796e+05,-6.86478800e+00,-1.84874300e-24,-2.13704000e-24,-5.08409100e-23,1.54892000e-20,7.69405200e-20,-3.27236700e-19,-3.55900400e-19,-4.87349900e-19,-6.95893600e-19,-6.75852000e-19,-1.82818100e-19,-3.78435600e-19,2.46018500e-19,5.42569700e-20,1.97334200e-22,3.44293900e-24,3.72871000e-25
3.93660796e+05,-6.86923200e+00,-1.97808100e-24,-2.30656900e-24,-9.03202100e-23,1.79826300e-20,7.61006700e-20,-3.28136300e-19,-3.57797600e-19,-4.87420000e-19,-6.95896200e-19,-6.75901500e-19,-1.83334000e-19,-3.78752200e-19,2.46634500e-19,5.44618700e-20,3.13492300e-22,3.80531900e-24,4.17299500e-25
3.97660796e+05,-6.87767500e+00,-2.12198200e-24,-2.51276600e-24,-1.67835500e-22,1.86408200e-20,7.87417300e-20,-3.26978700e-19,-3.59456200e-19,-4.87454400e-19,-6.95897400e-19,-6.75928500e-19,-1.84020400e-19,-3.78045900e-19,2.48651900e-19,5.33502200e-20,4.87145800e-22,4.14315600e-24,4.44955800e-25
4.01660796e+05,-6.89505500e+00,-2.27499100e-24,-2.73531100e-24,-2.92327800e-22,1.98014100e-20,8.08382600e-20,-3.26581300e-19,-3.60476500e-19,-4.87484200e-19,-6.95897800e-19,-6.75957700e-19,-1.84608600e-19,-3.78243300e-19,2.48755500e-19,5.30406800e-20,7.43998700e-22,4.55384200e-24,4.87979800e-25
4.05660796e+05,-6.93191600e+00,-2.43898200e-24,-2.95974300e-24,-4.90020100e-22,2.09237000e-20,8.34498800e-20,-3.25795600e-19,-3.61874800e-19,-4.87498500e-19,-6.95898300e-19,-6.75986700e-19,-1.85434500e-19,-3.78832900e-19,2.46302900e-19,5.13107500e-20,1.09994700e-21,5.04660700e-24,5.20458800e-25
4.09660796e+05,-6.97872800e+00,-2.60776700e-24,-3.20404600e-24,-8.06983600e-22,2.16160000e-20,8.77408500e-20,-3.25581400e-19,-3.62788500e-19,-4.87515700e-19,-6.95898700e-19,-6.76008000e-19,-1.86098200e-19,-3.79020300e-19,2.45202000e-19,5.01114300e-20,1.58916900e-21,5.52513000e-24,5.60558600e-25
4.13660796e+05,-6.99958900e+00,-2.80524400e-24,-3.53707800e-24,-1.28460700e-21,2.23586400e-20,9.32504900e-20,-3.24526200e-19,-3.63447100e-19,-4.87522900e-19,-6.95898900e-19,-6.76025600e-19,-1.86869900e-19,-3.79385300e-19,2.43277400e-19,5.02556700e-20,2.34468900e-21,6.04424100e-24,5.83751300e-25
4.17660796e+05,-7.02990200e+00,-3.00816500e-24,-3.90580300e-24,-2.02882200e-21,2.34537700e-20,1.00079100e-19,-3.24060900e-19,-3.64072600e-19,-4.87530800e-19,-6.95899000e-19,-6.76034800e-19,-1.87481600e-19,-3.79922200e-19,2.39700500e-19,4.98136700e-20,3.32538800e-21,6.57153800e-24,6.10833900e-25
4.21660796e+05,-7.07325000e+00,-3.23641100e-24,-4.22984600e-24,-2.99147100e-21,2.46213900e-20,1.06637200e-19,-3.24442600e-19,-3.64627300e-19,-4.87534000e-19,-6.95899200e-19,-6.76040600e-19,-1.88006200e-19,-3.80507800e-19,2.37509800e-19,4.97218000e-20,4.57778900e-21,7.20649900e-24,6.36452900e-25
4.25660796e+05,-7.09940000e+00,-3.45843400e-24,-4.63605100e-24,-4.18182100e-21,2.56176400e-20,1.11476700e-19,-3.25286200e-19,-3.65044500e-19,-4.87536400e-19,-6.95899300e-19,-6.76045900e-19,-1.88498900e-19,-3.82567100e-19,2.36691200e-19,4.95805200e-20,5.96113900e-21,7.82811200e-24,6.43109600e-25
4.29660796e+05,-7.11576400e+00,-3.70568500e-24,-5.03809300e-24,-5.78225800e-21,2.68623200e-20,1.17009900e-19,-3.25350300e-19,-3.65615100e-19,-4.87538900e-19,-6.95899300e-19,-6.76050600e-19,-1.88946800e-19,-3.83881100e-19,2.37124600e-19,4.97209800e-20,7.58285500e-21,8.41476600e-24,6.74100300e-25
4.33660796e+05,-7.09503900e+00,-3.97135800e-24,-5.47921700e-24,-7.90362400e-21,2.84977600e-20,1.24364400e-19,-3.25891300e-19,-3.66023800e-19,-4.87541400e-19,-6.95899400e-19,-6.76054600e-19,-1.89453400e-19,-3.84963900e-19,2.37198200e-19,4.94690300e-20,9.64059500e-21,9.08122300e-24,6.90920900e-25
4.37660796e+05,-7.07509300e+00,-4.25416700e-24,-6.07074900e-24,-1.04782200e-20,2.91599800e-20,1.32531500e-19,-3.26463800e-19,-3.66132900e-19,-4.87542400e-19,-6.95899400e-19,-6.76057100e-19,-1.89673700e-19,-3.85954100e-19,2.37221600e-19,4.99615800e-20,1.19652600e-20,9.74242000e-24,6.96774200e-25
4.41660796e+05,-7.05577000e+00,-4.54341800e-24,-6.72111400e-24,-1.37675000e-20,2.98082700e-20,1.39285000e-19,-3.26465800e-19,-3.66494700e-19,-4.87544000e-19,-6.95899500e-19,-6.76058500e-19,-1.89829500e-19,-3.87061100e-19,2.36530300e-19,5.04221800e-20,1.45173900e-20,1.04492600e-23,6.82171900e-25
4.45660796e+05,-7.03690800e+00,-4.84129300e-24,-7.43429300e-24,-1.76264800e-20,2.87993000e-20,1.45420300e-19,-3.26161800e-19,-3.66748500e-19,-4.87544800e-19,-6.95899500e-19,-6.76060500e-19,-1.89917400e-19,-3.88562900e-19,2.34923700e-19,5.15737300e-20,1.74002300e-20,1.11337100e-23,6.92950000e-25
4.49660796e+05,-7.01834300e+00,-5.18469200e-24,-8.24686600e-24,-2.24622700e-20,2.73753400e-20,1.51431700e-19,-3.25224300e-19,-3.66967900e-19,-4.87545300e-19,-6.95899500e-19,-6.76061700e-19,-1.89940800e-19,-3.90255600e-19,2.33130300e-19,5.27607200e-20,2.10290800e-20,1.20659100e-23,7.05648900e-25
4.53660796e+05,-6.99992400e+00,-5.52550900e-24,-9.21017100e-24,-2.78937400e-20,2.68007500e-20,1.57457400e-19,-3.24527200e-19,-3.67105300e-19,-4.87546000e-19,-6.95899600e-19,-6.76062700e-19,-1.89974100e-19,-3.91634800e-19,2.31736600e-19,5.36637600e-20,2.47837500e-20,1.29291300e-23,7.05374700e-25
4.57660796e+05,-6.98153900e+00,-5.89327200e-24,-1.03353800e-23,-3.36659500e-20,2.55838100e-20,1.62940900e-19,-3.24250900e-19,-3.67317200e-19,-4.87546400e-19,-6.95899600e-19,-6.76064000e-19,-1.90034000e-19,-3.93516400e-19,2.30524500e-19,5.46682500e-20,2.91272700e-20,1.38435300e-23,7.19216400e-25
4.61660796e+05,-6.96318100e+00,-6.22355800e-24,-1.15147300e-23,-3.96479400e-20,2.42970900e-20,1.67943200e-19,-3.23928800e-19,-3.67493800e-19,-4.87547100e-19,-6.95899600e-19,-6.76064600e-19,-1.90097700e-19,-3.94801100e-19,2.29909700e-19,5.51616100e-20,3.39226000e-20,1.46677600e-23,7.28151000e-25
4.65660796e+05,-6.94511200e+00,-6.57537600e-24,-1.29806800e-23,-4.59759000e-20,2.32131600e-20,1.72960700e-19,-3.23629000e-19,-3.67696400e-19,-4.87547900e-19,-6.95899600e-19,-6.76065300e-19,-1.90147300e-19,-3.96088300e-19,2.28809800e-19,5.50967200e-20,3.93835500e-20,1.58947100e-23,7.51756000e-25
4.69660796e+05,-6.92828200e+00,-6.96552000e-24,-1.47305500e-23,-5.30141900e-20,2.24660000e-20,1.77549400e-19,-3.22942800e-19,-3.67822200e-19,-4.87548400e-19,-6.95899600e-19,-6.76065400e-19,-1.90269100e-19,-3.97318000e-19,2.28677700e-19,5.48811100e-20,4.45953600e-20,1.70753000e-23,7.82787300e-25
4.73660796e+05,-6.91538300e+00,-7.36272900e-24,-1.67753600e-23,-6.08905400e-20,2.24573300e-20,1.81386100e-19,-3.22442200e-19,-3.67970000e-19,-4.87548800e-19,-6.95899600e-19,-6.76065700e-19,-1.90396200e-19,-3.97959800e-19,2.29599000e-19,5.43619300e-20,4.98177800e-20,1.83150600e-23,8.32587400e-25
4.77660796e+05,-6.91303900e+00,-7.75499400e-24,-1.92458700e-23,-6.80308300e-20,2.20169400e-20,1.84660700e-19,-3.22470200e-19,-3.68082200e-19,-4.87549000e-19,-6.95899600e-19,-6.76066300e-19,-1.90462400e-19,-3.99098200e-19,2.30497700e-19,5.39143800e-20,5.43468900e-20,1.96123600e-23,8.57271700e-25
4.81660796e+05,-6.93367400e+00,-8.18992800e-24,-2.24062600e-23,-7.44105000e-20,2.14250700e-20,1.86492500e-19,-3.22009700e-19,-3.68144600e-19,-4.87549200e-19,-6.95899600e-19,-6.76066800e-19,-1.90594000e-19,-4.00334300e-19,2.31597600e-19,5.36123200e-20,5.89984700e-20,2.04895500e-23,8.80717500e-25
4.85660796e+05,-6.92795500e+00,-8.63702200e-24,-2.61244000e-23,-8.01534400e-20,2.09607600e-20,1.88573700e-19,-3.21894300e-19,-3.68218900e-19,-4.87549400e-19,-6.95899600e-19,-6.76067300e-19,-1.90659200e-19,-4.00975100e-19,2.33077700e-19,5.33869800e-20,6.33757900e-20,2.13325900e-23,9.27012300e-25
4.89660796e+05,-6.93553500e+00,-9.09034400e-24,-3.04151200e-23,-8.54350500e-20,2.02165400e-20,1.89696400e-19,-3.21590500e-19,-3.68296200e-19,-4.87549600e-19,-6.95899600e-19,-6.76067500e-19,-1.90745000e-19,-4.01913100e-19,2.34282400e-19,5.33540300e-20,6.75172600e-20,2.24517100e-23,9.48629200e-25
4.93660796e+05,-6.96216500e+00,-9.56065600e-24,-3.53082900e-23,-8.99971900e-20,1.95124300e-20,1.90468400e-19,-3.21187700e-19,-3.68402500e-19,-4.87549800e-19,-6.95899600e-19,-6.76067800e-19,-1.90833700e-19,-4.02602800e-19,2.36479600e-19,5.32267000e-20,7.12689600e-20,2.32036600e-23,9.40791400e-25
4.97660796e+05,-7.01410800e+00,-1.00054300e-23,-4.08211600e-23,-9.34025700e-20,1.93351000e-20,1.90858400e-19,-3.21076100e-19,-3.68449000e-19,-4.87550000e-19,-6.95899700e-19,-6.76068200e-19,-1.90901100e-19,-4.03258500e-19,2.38438800e-19,5.31917800e-20,7.47656200e-20,2.38074300e-23,8.48718600e-25
5.01660796e+05,-7.08541500e+00,-1.04972600e-23,-4.70897700e-23,-9.59109500e-20,1.93860700e-20,1.91284200e-19,-3.21024000e-19,-3.68514800e-19,-4.87550100e-19,-6.95899700e-19,-6.76068400e-19,-1.90982000e-19,-4.03852400e-19,2.39848000e-19,5.32269600e-20,7.87427300e-20,2.43004000e-23,8.30268700e-25
5.05660796e+05,-7.09497100e+00,-1.09694800e-23,-5.52095200e-23,-9.83837200e-20,1.95654300e-20,1.90694900e-19,-3.20973700e-19,-3.68598500e-19,-4.87550200e-19,-6.95899700e-19,-6.76068700e-19,-1.91039100e-19,-4.04492800e-19,2.40546100e-19,5.31765800e-20,8.33056200e-20,2.50695400e-23,8.88531500e-25
5.09660796e+05,-7.11097500e+00,-1.15053800e-23,-6.26133400e-23,-1.00847900e-19,1.92544300e-20,1.90968900e-19,-3.20766900e-19,-3.68637300e-19,-4.87550400e-19,-6.95899700e-19,-6.76069000e-19,-1.91088500e-19,-4.05117800e-19,2.41676700e-19,5.31709900e-20,8.78594800e-20,2.68549100e-23,9.40558100e-25
5.13660796e+05,-7.13039100e+00,-1.20655200e-23,-7.24246900e-23,-1.02644500e-19,1.89762800e-20,1.90691500e-19,-3.20431200e-19,-3.68672000e-19,-4.87550500e-19,-6.95899700e-19,-6.76069200e-19,-1.91153700e-19,-4.05963000e-19,2.42637500e-19,5.34403000e-20,9.18387100e-20,2.78504500e-23,9.35695600e-25
5.17660796e+05,-7.15094600e+00,-1.25630000e-23,-8.27240700e-23,-1.04706100e-19,1.85778600e-20,1.90569500e-19,-3.20235300e-19,-3.68730200e-19,-4.87550500e-19,-6.95899700e-19,-6.76069400e-19,-1.91207600e-19,-4.06879800e-19,2.43855900e-19,5.37055300e-20,9.60876300e-20,2.89300600e-23,9.66027400e-25
5.21660796e+05,-7.17126000e+00,-1.31196300e-23,-9.48653700e-23,-1.06102300e-19,1.83763800e-20,1.90472600e-19,-3.20154600e-19,-3.68762100e-19,-4.87550700e-19,-6.95899700e-19,-6.76069500e-19,-1.91254900e-19,-4.07537100e-19,2.44794400e-19,5.39676600e-20,9.96984800e-20,3.13651800e-23,9.79300200e-25
5.25660796e+05,-7.19060700e+00,-1.37617200e-23,-1.08818400e-22,-1.07302200e-19,1.82854800e-20,1.90246200e-19,-3.20247200e-19,-3.68806100e-19,-4.87550800e-19,-6.95899700e-19,-6.76069700e-19,-1.91288900e-19,-4.08107400e-19,2.45985500e-19,5.44789200e-20,1.02805200e-19,3.50087200e-23,9.86141600e-25
5.29660796e+05,-7.20868200e+00,-1.43296000e-23,-1.26118100e-22,-1.08122500e-19,1.85376100e-20,1.89825600e-19,-3.20340700e-19,-3.68834400e-19,-4.87550900e-19,-6.95899700e-19,-6.76069800e-19,-1.91334400e-19,-4.08728700e-19,2.47051500e-19,5.51521300e-20,1.06092100e-19,3.92203700e-23,9.85910300e-25
5.33660796e+05,-7.22544100e+00,-1.49085900e-23,-1.47578500e-22,-1.08933400e-19,1.92934400e-20,1.89574200e-19,-3.20580900e-19,-3.68867800e-19,-4.87550900e-19,-6.95899700e-19,-6.76069900e-19,-1.91355100e-19,-4.09308500e-19,2.47988400e-19,5.47219000e-20,1.09032300e-19,4.63193700e-23,9.23449400e-25
5.37660796e+05,-7.24102800e+00,-1.55106100e-23,-1.72620300e-22,-1.09168900e-19,2.01686000e-20,1.89115000e-19,-3.20879200e-19,-3.68890300e-19,-4.87550900e-19,-6.95899700e-19,-6.76070100e-19,-1.91385400e-19,-4.09826100e-19,2.49068100e-19,5.39870300e-20,1.11225400e-19,5.98690800e-23,8.55933300e-25
5.41660796e+05,-7.25573900e+00,-1.62366600e-23,-2.02693500e-22,-1.08917400e-19,2.03243100e-20,1.88414700e-19,-3.21098100e-19,-3.68930000e-19,-4.87551000e-19,-6.95899700e-19,-6.76070200e-19,-1.91420200e-19,-4.10246400e-19,2.50043700e-19,5.26479200e-20,1.13911300e-19,7.24756800e-23,6.79081400e-25
5.45660796e+05,-7.27000900e+00,-1.69504000e-23,-2.43933700e-22,-1.09161400e-19,2.06307400e-20,1.88208900e-19,-3.21117600e-19,-3.68959800e-19,-4.87551100e-19,-6.95899700e-19,-6.76070300e-19,-1.91440500e-19,-4.10685700e-19,2.50390100e-19,5.09950700e-20,1.16839500e-19,9.52244000e-23,6.21566400e-25
5.49660796e+05,-7.28442500e+00,-1.76409200e-23,-2.88734400e-22,-1.08688000e-19,2.12991200e-20,1.87475700e-19,-3.21182100e-19,-3.68991400e-19,-4.87551100e-19,-6.95899700e-19,-6.76070400e-19,-1.91451500e-19,-4.10869600e-19,2.51077100e-19,4.89054400e-20,1.19895900e-19,1.29299300e-22,4.08242300e-25
5.53660796e+05,-7.29972900e+00,-1.83054500e-23,-3.36935000e-22,-1.08507400e-19,2.19861500e-20,1.86893400e-19,-3.21312600e-19,-3.69021700e-19,-4.87551200e-19,-6.95899700e-19,-6.76070500e-19,-1.91467900e-19,-4.11127900e-19,2.51764800e-19,4.69765400e-20,1.22978300e-19,1.78931200e-22,2.86675100e-25
5.57660796e+05,-7.31680000e+00,-1.90803400e-23,-3.91114500e-22,-1.07912900e-19,2.22998200e-20,1.86523400e-19,-3.21453500e-19,-3.69045100e-19,-4.87551200e-19,-6.95899700e-19,-6.76070600e-19,-1.91489600e-19,-4.11445300e-19,2.52295900e-19,4.45200000e-20,1.25838600e-19,2.38711400e-22,1.44537500e-25
5.61660796e+05,-7.31747200e+00,-1.98791800e-23,-4.59862700e-22,-1.07543600e-19,2.27931500e-20,1.86003400e-19,-3.21549200e-19,-3.69071900e-19,-4.87551300e-19,-6.95899700e-19,-6.76070700e-19,-1.91521100e-19,-4.11802200e-19,2.52755600e-19,4.18527400e-20,1.28747800e-19,3.16412000e-22,-5.22828100e-27
5.65660796e+05,-7.31736800e+00,-2.06536600e-23,-5.35686200e-22,-1.07310900e-19,2.34344800e-20,1.85741400e-19,-3.21752800e-19,-3.69094000e-19,-4.87551300e-19,-6.95899700e-19,-6.76070800e-19,-1.91543500e-19,-4.12145100e-19,2.53415900e-19,3.88427300e-20,1.31271400e-19,4.19293600e-22,-2.37136500e-25
5.69660796e+05,-7.31797500e+00,-2.14800500e-23,-6.25088200e-22,-1.06987900e-19,2.40651500e-20,1.85375500e-19,-3.21811500e-19,-3.69117600e-19,-4.87551400e-19,-6.95899700e-19,-6.76070900e-19,-1.91564300e-19,-4.12464100e-19,2.53644500e-19,3.59129800e-20,1.34108700e-19,5.45374700e-22,-3.48053900e-25
5.73660796e+05,-7.31962600e+00,-2.23907800e-23,-7.23742400e-22,-1.06986000e-19,2.51763300e-20,1.84892900e-19,-3.21924700e-19,-3.69141300e-19,-4.87551400e-19,-6.95899700e-19,-6.76070900e-19,-1.91570900e-19,-4.12666300e-19,2.54082300e-19,3.27754800e-20,1.36506100e-19,7.08994900e-22,-4.37657300e-25
5.77660796e+05,-7.32276600e+00,-2.32952900e-23,-8.38172300e-22,-1.07194900e-19,2.58533900e-20,1.84404600e-19,-3.22099700e-19,-3.69167700e-19,-4.87551500e-19,-6.95899700e-19,-6.76071000e-19,-1.91581500e-19,-4.12987900e-19,2.54356900e-19,2.96880600e-20,1.38895400e-19,8.97497800e-22,-6.22455700e-25
5.81660796e+05,-7.32796700e+00,-2.42182500e-23,-9.75236100e-22,-1.06568700e-19,2.66246300e-20,1.83972700e-19,-3.22138200e-19,-3.69185200e-19,-4.87551600e-19,-6.95899700e-19,-6.76071100e-19,-1.91588300e-19,-4.13272700e-19,2.54498000e-19,2.63234300e-20,1.42098100e-19,1.12305600e-21,-8.13327500e-25
5.85660796e+05,-7.33593300e+00,-2.51520200e-23,-1.13754400e-21,-1.05832300e-19,2.71294400e-20,1.83544600e-19,-3.22278900e-19,-3.69212100e-19,-4.87551600e-19,-6.95899700e-19,-6.76071100e-19,-1.91597200e-19,-4.13546900e-19,2.54545700e-19,2.32156400e-20,1.45366000e-19,1.38994700e-21,-8.16561800e-25
5.89660796e+05,-7.34746200e+00,-2.62435700e-23,-1.32662900e-21,-1.05380000e-19,2.80826200e-20,1.83245700e-19,-3.22248500e-19,-3.69233800e-19,-4.87551600e-19,-6.95899700e-19,-6.76071200e-19,-1.91608400e-19,-4.13778700e-19,2.54572000e-19,1.96026800e-20,1.48293800e-19,1.72931000e-21,-9.88448600e-25
5.93660796e+05,-7.36335300e+00,-2.73120700e-23,-1.52017700e-21,-1.05049300e-19,2.88722400e-20,1.82893800e-19,-3.22264200e-19,-3.69248400e-19,-4.87551700e-19,-6.95899700e-19,-6.76071200e-19,-1.91624800e-19,-4.14026400e-19,2.54640300e-19,1.56325400e-20,1.51623300e-19,2.12583200e-21,-9.84351000e-25
5.97660796e+05,-7.38423800e+00,-2.85710800e-23,-1.76968300e-21,-1.04398900e-19,3.00918000e-20,1.82696800e-19,-3.22204100e-19,-3.69261200e-19,-4.87551700e-19,-6.95899700e-19,-6.76071300e-19,-1.91639500e-19,-4.14353400e-19,2.54734500e-19,1.17774000e-20,1.54634500e-19,2.56790800e-21,-1.00713500e-24
6.01660796e+05,-7.40380200e+00,-2.98184100e-23,-2.05795100e-21,-1.04178700e-19,3.11374500e-20,1.82541600e-19,-3.22267400e-19,-3.69273600e-19,-4.87551700e-19,-6.95899700e-19,-6.76071300e-19,-1.91659300e-19,-4.14513300e-19,2.55021500e-19,7.23078700e-21,1.57963500e-19,3.09699900e-21,-1.10476800e-24
6.05660796e+05,-7.41149700e+00,-3.12301900e-23,-2.39833300e-21,-1.03818900e-19,3.22615900e-20,1.82365400e-19,-3.22324600e-19,-3.69290600e-19,-4.87551700e-19,-6.95899700e-19,-6.76071400e-19,-1.91668300e-19,-4.14671600e-19,2.55498700e-19,2.61470800e-21,1.61114700e-19,3.72928600e-21,-1.10692200e-24
6.09660796e+05,-7.42021500e+00,-3.24283600e-23,-2.77754400e-21,-1.03662000e-19,3.39720700e-20,1.82193000e-19,-3.22485100e-19,-3.69307600e-19,-4.87551800e-19,-6.95899700e-19,-6.76071400e-19,-1.91684400e-19,-4.14854700e-19,2.55941000e-19,-2.48611200e-21,1.64222900e-19,4.44613900e-21,-1.00098600e-24
6.13660796e+05,-7.42979100e+00,-3.36601100e-23,-3.16626300e-21,-1.03015700e-19,3.56837100e-20,1.81985000e-19,-3.22614100e-19,-3.69316500e-19,-4.87551800e-19,-6.95899700e-19,-6.76071400e-19,-1.91706400e-19,-4.15073100e-19,2.56526300e-19,-7.97426100e-21,1.67324400e-19,5.26163800e-21,-9.36178900e-25
6.17660796e+05,-7.44005200e+00,-3.51014200e-23,-3.61443100e-21,-1.02675300e-19,3.68837700e-20,1.81614500e-19,-3.22797900e-19,-3.69330600e-19,-4.87551800e-19,-6.95899700e-19,-6.76071500e-19,-1.91732100e-19,-4.15318600e-19,2.56844100e-19,-1.22331900e-20,1.70202300e-19,6.16748700e-21,-7.83423200e-25
6.21660796e+05,-7.45082300e+00,-3.63763100e-23,-4.07720500e-21,-1.01940400e-19,3.82001600e-20,1.81467100e-19,-3.22857300e-19,-3.69339800e-19,-4.87551800e-19,-6.95899700e-19,-6.76071500e-19,-1.91755100e-19,-4.15583300e-19,2.57281600e-19,-1.64194800e-20,1.72910400e-19,7.17403800e-21,-7.72235000e-25
6.25660796e+05,-7.46194200e+00,-3.79320700e-23,-4.61761500e-21,-1.01316600e-19,3.91530800e-20,1.81391900e-19,-3.22995400e-19,-3.69351900e-19,-4.87551800e-19,-6.95899700e-19,-6.76071600e-19,-1.91772600e-19,-4.15839700e-19,2.57475000e-19,-2.13384700e-20,1.76207300e-19,8.34519600e-21,-6.53874200e-25
6.29660796e+05,-7.47326100e+00,-3.93360600e-23,-5.24792300e-21,-1.00789800e-19,4.04000800e-20,1.81380500e-19,-3.23174500e-19,-3.69364600e-19,-4.87551900e-19,-6.95899700e-19,-6.76071600e-19,-1.91788900e-19,-4.16104900e-19,2.57642400e-19,-2.61882600e-20,1.79642300e-19,9.62706600e-21,-4.87065100e-25
6.33660796e+05,-7.48465500e+00,-4.09080200e-23,-5.89850300e-21,-1.00151600e-19,4.15333500e-20,1.81203600e-19,-3.23345100e-19,-3.69375900e-19,-4.87551900e-19,-6.95899700e-19,-6.76071600e-19,-1.91810000e-19,-4.16251600e-19,2.57527600e-19,-3.11587600e-20,1.83153800e-19,1.11769600e-20,-3.83186600e-26
6.37660796e+05,-7.49602100e+00,-4.25892600e-23,-6.64709000e-21,-9.94986500e-20,4.25820100e-20,1.81191900e-19,-3.23267100e-19,-3.69390400e-19,-4.87551900e-19,-6.95899700e-19,-6.76071700e-19,-1.91829800e-19,-4.16316500e-19,2.57214100e-19,-3.69782800e-20,1.87294400e-19,1.28569100e-20,2.69929900e-25
6.41660796e+05,-7.50727600e+00,-4.43294100e-23,-7.46257100e-21,-9.88498500e-20,4.33249800e-20,1.81148100e-19,-3.23329700e-19,-3.69402900e-19,-4.87551900e-19,-6.95899700e-19,-6.76071700e-19,-1.91851800e-19,-4.16509100e-19,2.57235000e-19,-4.24810600e-20,1.91594300e-19,1.46543000e-20,8.06420600e-25
6.45660796e+05,-7.51835600e+00,-4.64061400e-23,-8.32126800e-21,-9.80812300e-20,4.41306700e-20,1.81064100e-19,-3.23309900e-19,-3.69412100e-19,-4.87551900e-19,-6.95899700e-19,-6.76071700e-19,-1.91868300e-19,-4.16667600e-19,2.57202400e-19,-4.78543300e-20,1.95554600e-19,1.65806800e-20,1.38478300e-24
6.49660796e+05,-7.52921000e+00,-4.85083800e-23,-9.28338300e-21,-9.68574600e-20,4.47775100e-20,1.80880800e-19,-3.23287800e-19,-3.69421300e-19,-4.87551900e-19,-6.95899700e-19,-6.76071800e-19,-1.91882500e-19,-4.16835700e-19,2.57133000e-19,-5.35659700e-20,1.99532100e-19,1.87530400e-20,2.00414300e-24
6.53660796e+05,-7.53980400e+00,-5.07637400e-23,-1.03885300e-20,-9.61450300e-20,4.58151500e-20,1.81080500e-19,-3.23253800e-19,-3.69436300e-19,-4.87552000e-19,-6.95899700e-19,-6.76071800e-19,-1.91897700e-19,-4.16906800e-19,2.56988100e-19,-5.90741200e-20,2.03212200e-19,2.09843700e-20,2.64936600e-24
6.57660796e+05,-7.55011100e+00,-5.32259400e-23,-1.16765300e-20,-9.55926900e-20,4.70914300e-20,1.81056100e-19,-3.23304600e-19,-3.69447800e-19,-4.87552000e-19,-6.95899700e-19,-6.76071800e-19,-1.91909600e-19,-4.16902700e-19,2.57013300e-19,-6.42113300e-20,2.06706000e-19,2.34376100e-20,3.63786100e-24
6.61660796e+05,-7.56011400e+00,-5.57945000e-23,-1.30707300e-20,-9.48644200e-20,4.76910200e-20,1.81099100e-19,-3.23307400e-19,-3.69461000e-19,-4.87552000e-19,-6.95899700e-19,-6.76071900e-19,-1.91920900e-19,-4.17054700e-19,2.57037300e-19,-6.94841500e-20,2.10200200e-19,2.60897100e-20,4.71591000e-24
6.65660796e+05,-7.56980500e+00,-5.83281500e-23,-1.45185700e-20,-9.43934700e-20,4.90829500e-20,1.81128500e-19,-3.23425400e-19,-3.69476500e-19,-4.87552000e-19,-6.95899700e-19,-6.76071900e-19,-1.91931900e-19,-4.17158800e-19,2.57054400e-19,-7.51357300e-20,2.13481200e-19,2.91218600e-20,6.13717800e-24
6.69660796e+05,-7.57917700e+00,-6.13754900e-23,-1.61068500e-20,-9.37756300e-20,5.00645100e-20,1.81230800e-19,-3.23430700e-19,-3.69483700e-19,-4.87552100e-19,-6.95899700e-19,-6.76071900e-19,-1.91947500e-19,-4.17272400e-19,2.56893500e-19,-8.03440100e-20,2.16849000e-19,3.22981700e-20,7.89900200e-24
6.73660796e+05,-7.58421600e+00,-6.46560900e-23,-1.77316300e-20,-9.31487300e-20,5.11111500e-20,1.81258200e-19,-3.23457000e-19,-3.69489800e-19,-4.87552100e-19,-6.95899700e-19,-6.76071900e-19,-1.91959300e-19,-4.17296000e-19,2.56706000e-19,-8.55250200e-20,2.20169000e-19,3.57993500e-20,9.97868500e-24
6.77660796e+05,-7.58891400e+00,-6.82342500e-23,-1.95325900e-20,-9.25274600e-20,5.22537500e-20,1.81397400e-19,-3.23494000e-19,-3.69501200e-19,-4.87552100e-19,-6.95899700e-19,-6.76072000e-19,-1.91972100e-19,-4.17344400e-19,2.56512800e-19,-9.06917800e-20,2.23329200e-19,3.94227000e-20,1.21427900e-23
6.81660796e+05,-7.59334100e+00,-7.17742800e-23,-2.13431500e-20,-9.22243900e-20,5.31834200e-20,1.81647900e-19,-3.23488000e-19,-3.69516000e-19,-4.87552100e-19,-6.95899700e-19,-6.76072000e-19,-1.91984400e-19,-4.17431800e-19,2.56384700e-19,-9.61303700e-20,2.26688200e-19,4.33326500e-20,1.47591100e-23
6.85660796e+05,-7.59750600e+00,-7.56586800e-23,-2.35132300e-20,-9.17563200e-20,5.43900500e-20,1.81958100e-19,-3.23439300e-19,-3.69532400e-19,-4.87552100e-19,-6.95899700e-19,-6.76072000e-19,-1.91998300e-19,-4.17504700e-19,2.56185800e-19,-1.01387100e-19,2.29433000e-19,4.75196400e-20,1.77170500e-23
6.89660796e+05,-7.60142300e+00,-7.97652300e-23,-2.56604400e-20,-9.10054900e-20,5.53789300e-20,1.82150600e-19,-3.23483200e-19,-3.69545700e-19,-4.87552100e-19,-6.95899700e-19,-6.76072000e-19,-1.92011000e-19,-4.17622200e-19,2.55932100e-19,-1.06887700e-19,2.32198100e-19,5.20386000e-20,2.09334200e-23
6.93660796e+05,-7.60511600e+00,-8.45939700e-23,-2.81835200e-20,-9.01743700e-20,5.65486800e-20,1.82379600e-19,-3.23401200e-19,-3.69558000e-19,-4.87552200e-19,-6.95899700e-19,-6.76072100e-19,-1.92026100e-19,-4.17718200e-19,2.55783000e-19,-1.12305700e-19,2.34619300e-19,5.68382900e-20,2.50287000e-23
6.97660796e+05,-7.60861200e+00,-8.97595500e-23,-3.07742200e-20,-8.98544900e-20,5.79453900e-20,1.82684000e-19,-3.23411800e-19,-3.69568900e-19,-4.87552200e-19,-6.95899700e-19,-6.76072100e-19,-1.92037100e-19,-4.17728600e-19,2.55564300e-19,-1.17992700e-19,2.37124200e-19,6.19549700e-20,2.98613000e-23
7.01660796e+05,-7.61195000e+00,-9.51284700e-23,-3.35123600e-20,-8.96650000e-20,5.90743100e-20,1.83034800e-19,-3.23396700e-19,-3.69577800e-19,-4.87552200e-19,-6.95899700e-19,-6.76072100e-19,-1.92050400e-19,-4.17905800e-19,2.55438600e-19,-1.23711300e-19,2.39404600e-19,6.77488200e-20,3.50704200e-23
7.05660796e+05,-7.61517400e+00,-1.00713900e-22,-3.62668700e-20,-8.92033500e-20,6.01408800e-20,1.83291900e-19,-3.23375600e-19,-3.69588700e-19,-4.87552200e-19,-6.95899700e-19,-6.76072100e-19,-1.92066900e-19,-4.18025100e-19,2.55217000e-19,-1.29449800e-19,2.41541400e-19,7.37228100e-20,4.11591900e-23
7.09660796e+05,-7.61834000e+00,-1.06244100e-22,-3.93729400e-20,-8.89100800e-20,6.11721300e-20,1.83586400e-19,-3.23402100e-19,-3.69602700e-19,-4.87552200e-19,-6.95899700e-19,-6.76072100e-19,-1.92075900e-19,-4.18133200e-19,2.55029500e-19,-1.35045700e-19,2.43914700e-19,8.01018800e-20,4.80029200e-23
7.13660796e+05,-7.62151300e+00,-1.13559800e-22,-4.24870800e-20,-8.83014700e-20,6.22190400e-20,1.83756000e-19,-3.23387400e-19,-3.69614900e-19,-4.87552200e-19,-6.95899700e-19,-6.76072100e-19,-1.92085500e-19,-4.18259800e-19,2.54895100e-19,-1.40465600e-19,2.45594400e-19,8.68549400e-20,5.57898500e-23
7.17660796e+05,-7.62476800e+00,-1.21194800e-22,-4.57081600e-20,-8.77706200e-20,6.33792100e-20,1.83884400e-19,-3.23372400e-19,-3.69624000e-19,-4.87552200e-19,-6.95899700e-19,-6.76072200e-19,-1.92095800e-19,-4.18357800e-19,2.54907300e-19,-1.46242300e-19,2.47204400e-19,9.40225400e-20,6.37324000e-23
7.21660796e+05,-7.62819100e+00,-1.29961200e-22,-4.90484300e-20,-8.74393500e-20,6.46318500e-20,1.84045100e-19,-3.23357400e-19,-3.69634300e-19,-4.87552200e-19,-6.95899700e-19,-6.76072200e-19,-1.92102400e-19,-4.18419900e-19,2.54815100e-19,-1.51684800e-19,2.48412600e-19,1.01289300e-19,7.46343400e-23
7.25660796e+05,-7.63187700e+00,-1.39325800e-22,-5.23091000e-20,-8.69802900e-20,6.57525900e-20,1.84160500e-19,-3.23338700e-19,-3.69645000e-19,-4.87552300e-19,-6.95899700e-19,-6.76072200e-19,-1.92115600e-19,-4.18465900e-19,2.54797200e-19,-1.57100300e-19,2.50100000e-19,1.08685400e-19,8.66157300e-23
7.29660796e+05,-7.63593200e+00,-1.48557300e-22,-5.56342700e-20,-8.62840700e-20,6.69483100e-20,1.84483200e-19,-3.23351000e-19,-3.69658300e-19,-4.87552300e-19,-6.95899700e-19,-6.76072200e-19,-1.92123900e-19,-4.18517000e-19,2.54625900e-19,-1.62531800e-19,2.51468600e-19,1.16187600e-19,1.00096400e-22
7.33660796e+05,-7.64046700e+00,-1.60164400e-22,-5.90891200e-20,-8.60175000e-20,6.81085500e-20,1.84827800e-19,-3.23368200e-19,-3.69666600e-19,-4.87552300e-19,-6.95899700e-19,-6.76072200e-19,-1.92132500e-19,-4.18572400e-19,2.54555500e-19,-1.67825300e-19,2.52717400e-19,1.23616500e-19,1.15432000e-22
7.37660796e+05,-7.64560100e+00,-1.72011500e-22,-6.25334500e-20,-8.55665800e-20,6.90721200e-20,1.84949000e-19,-3.23379800e-19,-3.69679100e-19,-4.87552300e-19,-6.95899700e-19,-6.76072200e-19,-1.92139800e-19,-4.18590200e-19,2.54341900e-19,-1.72703700e-19,2.54150400e-19,1.31214700e-19,1.32783000e-22
7.41660796e+05,-7.65144900e+00,-1.84163000e-22,-6.57455900e-20,-8.53336500e-20,7.01963100e-20,1.85029400e-19,-3.23378100e-19,-3.69688500e-19,-4.87552300e-19,-6.95899700e-19,-6.76072300e-19,-1.92148100e-19,-4.18662500e-19,2.54256500e-19,-1.77773800e-19,2.55447400e-19,1.38505800e-19,1.52598200e-22
7.45660796e+05,-7.64752600e+00,-1.97675700e-22,-6.90314800e-20,-8.47369800e-20,7.12073600e-20,1.85290300e-19,-3.23345600e-19,-3.69694200e-19,-4.87552300e-19,-6.95899700e-19,-6.76072300e-19,-1.92158800e-19,-4.18721300e-19,2.54214700e-19,-1.82688800e-19,2.56470800e-19,1.45659100e-19,1.74723600e-22
7.49660796e+05,-7.64318600e+00,-2.12073100e-22,-7.22140700e-20,-8.41180800e-20,7.19863400e-20,1.85449800e-19,-3.23356900e-19,-3.69698600e-19,-4.87552300e-19,-6.95899700e-19,-6.76072300e-19,-1.92168700e-19,-4.18816000e-19,2.54052700e-19,-1.87385500e-19,2.57553900e-19,1.52803900e-19,1.99605200e-22
7.53660796e+05,-7.63972800e+00,-2.28012000e-22,-7.56551000e-20,-8.38087700e-20,7.28539300e-20,1.85777100e-19,-3.23380200e-19,-3.69704700e-19,-4.87552300e-19,-6.95899700e-19,-6.76072300e-19,-1.92177600e-19,-4.18876900e-19,2.54033200e-19,-1.92217100e-19,2.58250800e-19,1.60306300e-19,2.27619700e-22
7.57660796e+05,-7.63712800e+00,-2.45596400e-22,-7.90991300e-20,-8.33567300e-20,7.37838800e-20,1.86023500e-19,-3.23372600e-19,-3.69716900e-19,-4.87552300e-19,-6.95899700e-19,-6.76072300e-19,-1.92189400e-19,-4.18955400e-19,2.53893500e-19,-1.96420900e-19,2.58844100e-19,1.67556800e-19,2.58695200e-22
7.61660796e+05,-7.63535800e+00,-2.64132800e-22,-8.24653300e-20,-8.30238100e-20,7.45208900e-20,1.86266600e-19,-3.23387300e-19,-3.69725400e-19,-4.87552300e-19,-6.95899700e-19,-6.76072300e-19,-1.92196900e-19,-4.18971100e-19,2.53838100e-19,-2.00535200e-19,2.59320700e-19,1.74597700e-19,2.90588500e-22
7.65660796e+05,-7.63438800e+00,-2.84894400e-22,-8.51952200e-20,-8.25069900e-20,7.51252700e-20,1.86558300e-19,-3.23414800e-19,-3.69732000e-19,-4.87552300e-19,-6.95899700e-19,-6.76072400e-19,-1.92205800e-19,-4.19058300e-19,2.53788900e-19,-2.04168100e-19,2.60056500e-19,1.81391800e-19,3.26394100e-22
7.69660796e+05,-7.63418400e+00,-3.05189700e-22,-8.79391000e-20,-8.20917800e-20,7.57558200e-20,1.86854900e-19,-3.23410700e-19,-3.69739300e-19,-4.87552400e-19,-6.95899700e-19,-6.76072400e-19,-1.92216800e-19,-4.19178900e-19,2.53820700e-19,-2.07713600e-19,2.60596700e-19,1.88066700e-19,3.64007200e-22
7.73660796e+05,-7.63470800e+00,-3.29361200e-22,-9.09231800e-20,-8.14994300e-20,7.65215000e-20,1.87034000e-19,-3.23399100e-19,-3.69745700e-19,-4.87552400e-19,-6.95899700e-19,-6.76072400e-19,-1.92225700e-19,-4.19263500e-19,2.53763000e-19,-2.10896800e-19,2.60769300e-19,1.94546200e-19,4.07767000e-22
7.77660796e+05,-7.63592000e+00,-3.53422400e-22,-9.36019200e-20,-8.08817300e-20,7.75076900e-20,1.87205900e-19,-3.23421300e-19,-3.69751700e-19,-4.87552400e-19,-6.95899700e-19,-6.76072400e-19,-1.92232100e-19,-4.19343200e-19,2.53659900e-19,-2.14007200e-19,2.60999400e-19,2.00956300e-19,4.54116500e-22
7.81660796e+05,-7.63777600e+00,-3.82170000e-22,-9.64454300e-20,-8.01516400e-20,7.82888800e-20,1.87195900e-19,-3.23412300e-19,-3.69759200e-19,-4.87552400e-19,-6.95899700e-19,-6.76072400e-19,-1.92240100e-19,-4.19457000e-19,2.53670300e-19,-2.16932500e-19,2.61117900e-19,2.07081100e-19,5.06583700e-22
7.85660796e+05,-7.64022800e+00,-4.13299300e-22,-9.96017400e-20,-7.94113100e-20,7.90856800e-20,1.87398600e-19,-3.23432100e-19,-3.69767800e-19,-4.87552400e-19,-6.95899700e-19,-6.76072400e-19,-1.92246400e-19,-4.19586600e-19,2.53598900e-19,-2.19367000e-19,2.61049500e-19,2.12102200e-19,5.62019300e-22
7.89660796e+05,-7.64322700e+00,-4.45173800e-22,-1.02830900e-19,-7.86312300e-20,7.96285200e-20,1.87491100e-19,-3.23421500e-19,-3.69776200e-19,-4.87552400e-19,-6.95899700e-19,-6.76072400e-19,-1.92255300e-19,-4.19697300e-19,2.53504600e-19,-2.21501400e-19,2.61250700e-19,2.17408500e-19,6.20634200e-22
7.93660796e+05,-7.64672200e+00,-4.79812800e-22,-1.05543100e-19,-7.77385500e-20,8.03218400e-20,1.87467500e-19,-3.23420700e-19,-3.69783500e-19,-4.87552400e-19,-6.95899700e-19,-6.76072400e-19,-1.92261100e-19,-4.19827900e-19,2.53584300e-19,-2.23690800e-19,2.61380200e-19,2.22556400e-19,6.84131100e-22
7.97660796e+05,-7.65066300e+00,-5.18785000e-22,-1.08243500e-19,-7.69731400e-20,8.10308400e-20,1.87528800e-19,-3.23398700e-19,-3.69793900e-19,-4.87552400e-19,-6.95899700e-19,-6.76072500e-19,-1.92269200e-19,-4.19911800e-19,2.53535100e-19,-2.25929700e-19,2.61579400e-19,2.27300900e-19,7.48790600e-22
8.01660796e+05,-7.65499900e+00,-5.60673300e-22,-1.10959000e-19,-7.65219700e-20,8.16067100e-20,1.87564100e-19,-3.23418100e-19,-3.69800400e-19,-4.87552400e-19,-6.95899700e-19,-6.76072500e-19,-1.92275800e-19,-4.20029600e-19,2.53540200e-19,-2.27833000e-19,2.61677300e-19,2.32018300e-19,8.24094000e-22
8.05660796e+05,-7.65968100e+00,-6.07048700e-22,-1.13624100e-19,-7.59613100e-20,8.20021700e-20,1.87690500e-19,-3.23413800e-19,-3.69806400e-19,-4.87552400e-19,-6.95899700e-19,-6.76072500e-19,-1.92280400e-19,-4.20152400e-19,2.53474400e-19,-2.29951700e-19,2.61559400e-19,2.36518100e-19,9.07610900e-22
8.09660796e+05,-7.66395700e+00,-6.53735400e-22,-1.16213000e-19,-7.55834300e-20,8.21709800e-20,1.87736200e-19,-3.23380000e-19,-3.69811100e-19,-4.87552400e-19,-6.95899700e-19,-6.76072500e-19,-1.92285800e-19,-4.20287100e-19,2.53497400e-19,-2.31822200e-19,2.61509700e-19,2.41024600e-19,9.98509400e-22
8.13660796e+05,-7.66277100e+00,-7.06308400e-22,-1.18934800e-19,-7.51309700e-20,8.24030100e-20,1.87905600e-19,-3.23341500e-19,-3.69815300e-19,-4.87552400e-19,-6.95899700e-19,-6.76072500e-19,-1.92293000e-19,-4.20395600e-19,2.53468500e-19,-2.33994000e-19,2.61531900e-19,2.45696600e-19,1.09601300e-21
8.17660796e+05,-7.66158200e+00,-7.69576700e-22,-1.21511700e-19,-7.50346200e-20,8.27859700e-20,1.88042300e-19,-3.23299700e-19,-3.69823900e-19,-4.87552400e-19,-6.95899700e-19,-6.76072500e-19,-1.92297500e-19,-4.20553300e-19,2.53375000e-19,-2.36167400e-19,2.61406700e-19,2.50120800e-19,1.20347600e-21
8.21660796e+05,-7.66038900e+00,-8.34845500e-22,-1.23868200e-19,-7.47383700e-20,8.30546300e-20,1.88257300e-19,-3.23288400e-19,-3.69831600e-19,-4.87552400e-19,-6.95899700e-19,-6.76072500e-19,-1.92305900e-19,-4.20654700e-19,2.53241000e-19,-2.37919900e-19,2.61222600e-19,2.54376000e-19,1.31637700e-21
8.25660796e+05,-7.65919300e+00,-9.10096600e-22,-1.25730500e-19,-7.45098300e-20,8.32623500e-20,1.88436100e-19,-3.23232200e-19,-3.69837800e-19,-4.87552400e-19,-6.95899700e-19,-6.76072500e-19,-1.92313300e-19,-4.20766300e-19,2.53189100e-19,-2.39396300e-19,2.60904300e-19,2.58550000e-19,1.43581600e-21
8.29660796e+05,-7.65799600e+00,-9.86001800e-22,-1.27642100e-19,-7.43201400e-20,8.35175000e-20,1.88618700e-19,-3.23175100e-19,-3.69843600e-19,-4.87552500e-19,-6.95899700e-19,-6.76072500e-19,-1.92321300e-19,-4.20851400e-19,2.53155900e-19,-2.40913200e-19,2.60621200e-19,2.62228600e-19,1.56391800e-21
8.33660796e+05,-7.65679900e+00,-1.07006800e-21,-1.29114000e-19,-7.39786600e-20,8.33327600e-20,1.88860800e-19,-3.23123600e-19,-3.69849800e-19,-4.87552500e-19,-6.95899700e-19,-6.76072600e-19,-1.92327800e-19,-4.20919300e-19,2.53042600e-19,-2.42209200e-19,2.60201900e-19,2.65770900e-19,1.70011800e-21
8.37660796e+05,-7.65560400e+00,-1.15566700e-21,-1.30272900e-19,-7.37611300e-20,8.29620800e-20,1.89085300e-19,-3.23062200e-19,-3.69857000e-19,-4.87552500e-19,-6.95899700e-19,-6.76072600e-19,-1.92334900e-19,-4.21038400e-19,2.52984100e-19,-2.43399400e-19,2.59724800e-19,2.68623900e-19,1.84887100e-21
8.41660796e+05,-7.65441400e+00,-1.24782000e-21,-1.31091500e-19,-7.35033400e-20,8.26959300e-20,1.89354600e-19,-3.23015500e-19,-3.69862900e-19,-4.87552500e-19,-6.95899700e-19,-6.76072600e-19,-1.92340000e-19,-4.21145100e-19,2.52952100e-19,-2.44400900e-19,2.59326900e-19,2.71096900e-19,2.00605800e-21
8.45660796e+05,-7.65323100e+00,-1.34619000e-21,-1.31844100e-19,-7.34150400e-20,8.20356100e-20,1.89566200e-19,-3.22964100e-19,-3.69869200e-19,-4.87552500e-19,-6.95899700e-19,-6.76072600e-19,-1.92348700e-19,-4.21266900e-19,2.52881700e-19,-2.45182600e-19,2.59110700e-19,2.72897500e-19,2.17786500e-21
8.49660796e+05,-7.65205900e+00,-1.43874800e-21,-1.32474700e-19,-7.34863700e-20,8.15903500e-20,1.89835400e-19,-3.22927500e-19,-3.69875200e-19,-4.87552500e-19,-6.95899700e-19,-6.76072600e-19,-1.92356100e-19,-4.21371200e-19,2.52984400e-19,-2.46006500e-19,2.58724900e-19,2.74985800e-19,2.36532600e-21
8.53660796e+05,-7.64980300e+00,-1.52815400e-21,-1.33193000e-19,-7.35531700e-20,8.11269600e-20,1.90273500e-19,-3.22892200e-19,-3.69882000e-19,-4.87552500e-19,-6.95899700e-19,-6.76072600e-19,-1.92361000e-19,-4.21480100e-19,2.52887800e-19,-2.46856600e-19,2.58099300e-19,2.76907000e-19,2.58338200e-21
8.57660796e+05,-7.64753700e+00,-1.61364300e-21,-1.33718400e-19,-7.37196200e-20,8.09244000e-20,1.90482000e-19,-3.22842300e-19,-3.69885500e-19,-4.87552500e-19,-6.95899700e-19,-6.76072600e-19,-1.92368200e-19,-4.21597600e-19,2.52827800e-19,-2.47803500e-19,2.57617400e-19,2.78786900e-19,2.81777300e-21
8.61660796e+05,-7.64531700e+00,-1.70943700e-21,-1.34031600e-19,-7.38485700e-20,8.04308900e-20,1.90712700e-19,-3.22814800e-19,-3.69891000e-19,-4.87552500e-19,-6.95899700e-19,-6.76072600e-19,-1.92373900e-19,-4.21705100e-19,2.52767600e-19,-2.48409300e-19,2.57162200e-19,2.80549700e-19,3.06216200e-21
8.65660796e+05,-7.64314500e+00,-1.81060000e-21,-1.34120200e-19,-7.39655800e-20,8.00308800e-20,1.90870900e-19,-3.22749400e-19,-3.69897400e-19,-4.87552500e-19,-6.95899700e-19,-6.76072600e-19,-1.92379800e-19,-4.21773400e-19,2.52699800e-19,-2.48893900e-19,2.56499500e-19,2.81264100e-19,3.31237400e-21
8.69660796e+05,-7.64102700e+00,-1.92631100e-21,-1.34111500e-19,-7.40268600e-20,7.97096600e-20,1.91024300e-19,-3.22687800e-19,-3.69902100e-19,-4.87552500e-19,-6.95899700e-19,-6.76072700e-19,-1.92385800e-19,-4.21869000e-19,2.52676400e-19,-2.49080000e-19,2.56067100e-19,2.81952800e-19,3.56095100e-21
8.73660796e+05,-7.63896600e+00,-2.04602900e-21,-1.34031300e-19,-7.40444700e-20,7.92648500e-20,1.91222900e-19,-3.22634200e-19,-3.69907000e-19,-4.87552500e-19,-6.95899700e-19,-6.76072700e-19,-1.92391200e-19,-4.21932000e-19,2.52707600e-19,-2.49209900e-19,2.55864200e-19,2.82649800e-19,3.81672100e-21
8.77660796e+05,-7.63696900e+00,-2.17128100e-21,-1.34150700e-19,-7.42179100e-20,7.87295700e-20,1.91402900e-19,-3.22613300e-19,-3.69911700e-19,-4.87552500e-19,-6.95899700e-19,-6.76072700e-19,-1.92398000e-19,-4.22034600e-19,2.52726500e-19,-2.49200400e-19,2.55609500e-19,2.83038800e-19,4.06051900e-21
8.81660796e+05,-7.63504200e+00,-2.29038100e-21,-1.34133700e-19,-7.43123400e-20,7.82960500e-20,1.91574800e-19,-3.22556300e-19,-3.69915400e-19,-4.87552500e-19,-6.95899700e-19,-6.76072700e-19,-1.92405300e-19,-4.22142400e-19,2.52661600e-19,-2.49305800e-19,2.55351600e-19,2.83035200e-19,4.31445300e-21
8.85660796e+05,-7.63319600e+00,-2.41163600e-21,-1.34080700e-19,-7.43716800e-20,7.79252400e-20,1.91775300e-19,-3.22488800e-19,-3.69922300e-19,-4.87552500e-19,-6.95899700e-19,-6.76072700e-19,-1.92412900e-19,-4.22257300e-19,2.52636000e-19,-2.49430800e-19,2.55020500e-19,2.83081100e-19,4.57070700e-21
8.89660796e+05,-7.63144200e+00,-2.54039300e-21,-1.34223500e-19,-7.45408200e-20,7.76457000e-20,1.91997400e-19,-3.22460500e-19,-3.69925000e-19,-4.87552500e-19,-6.95899700e-19,-6.76072700e-19,-1.92417700e-19,-4.22399900e-19,2.52688100e-19,-2.49394500e-19,2.54862600e-19,2.82762700e-19,4.83615500e-21
8.93660796e+05,-7.62979500e+00,-2.67917700e-21,-1.34385000e-19,-7.46350200e-20,7.72831500e-20,1.92106500e-19,-3.22428000e-19,-3.69928900e-19,-4.87552500e-19,-6.95899700e-19,-6.76072700e-19,-1.92422900e-19,-4.22511200e-19,2.52607100e-19,-2.49319700e-19,2.54639200e-19,2.82868300e-19,5.11286000e-21
8.97660796e+05,-7.62827400e+00,-2.82267000e-21,-1.34590700e-19,-7.47459900e-20,7.71287800e-20,1.92224400e-19,-3.22409300e-19,-3.69933300e-19,-4.87552500e-19,-6.95899700e-19,-6.76072700e-19,-1.92429000e-19,-4.22580400e-19,2.52595800e-19,-2.49640500e-19,2.54350200e-19,2.82666600e-19,5.40164000e-21
9.01660796e+05,-7.62690100e+00,-2.98071600e-21,-1.34731100e-19,-7.51377500e-20,7.68809200e-20,1.92403700e-19,-3.22415000e-19,-3.69937900e-19,-4.87552500e-19,-6.95899700e-19,-6.76072700e-19,-1.92434400e-19,-4.22641700e-19,2.52593200e-19,-2.49874300e-19,2.54082800e-19,2.82364600e-19,5.69474200e-21
9.05660796e+05,-7.62570500e+00,-3.13629200e-21,-1.34763500e-19,-7.51406200e-20,7.66977400e-20,1.92520300e-19,-3.22376100e-19,-3.69943700e-19,-4.87552500e-19,-6.95899700e-19,-6.76072700e-19,-1.92439300e-19,-4.22710600e-19,2.52604900e-19,-2.50192100e-19,2.53727300e-19,2.82234000e-19,5.99846100e-21
9.09660796e+05,-7.62471900e+00,-3.26279100e-21,-1.34969000e-19,-7.52532600e-20,7.67202900e-20,1.92589100e-19,-3.22390000e-19,-3.69949200e-19,-4.87552500e-19,-6.95899700e-19,-6.76072700e-19,-1.92443900e-19,-4.22789300e-19,2.52607300e-19,-2.50340400e-19,2.53407700e-19,2.81967500e-19,6.32349500e-21
9.13660796e+05,-7.62398400e+00,-3.38432700e-21,-1.35222600e-19,-7.53623100e-20,7.64910400e-20,1.92627200e-19,-3.22387400e-19,-3.69954000e-19,-4.87552500e-19,-6.95899700e-19,-6.76072800e-19,-1.92450400e-19,-4.22898600e-19,2.52603500e-19,-2.50259000e-19,2.52972100e-19,2.81991200e-19,6.67155800e-21
9.17660796e+05,-7.62354900e+00,-3.52044000e-21,-1.35051100e-19,-7.55353300e-20,7.63637500e-20,1.92742500e-19,-3.22381200e-19,-3.69959100e-19,-4.87552600e-19,-6.95899700e-19,-6.76072800e-19,-1.92457000e-19,-4.23003200e-19,2.52623000e-19,-2.49952800e-19,2.52453800e-19,2.81358500e-19,7.02225100e-21
9.21660796e+05,-7.62347200e+00,-3.67842200e-21,-1.34865900e-19,-7.58366300e-20,7.62575800e-20,1.92712200e-19,-3.22378500e-19,-3.69964400e-19,-4.87552600e-19,-6.95899700e-19,-6.76072800e-19,-1.92460800e-19,-4.23092300e-19,2.52496000e-19,-2.49618200e-19,2.52150600e-19,2.80665500e-19,7.38373600e-21
9.25660796e+05,-7.62382000e+00,-3.85246500e-21,-1.34677600e-19,-7.60865900e-20,7.61218400e-20,1.92832200e-19,-3.22370600e-19,-3.69969200e-19,-4.87552600e-19,-6.95899700e-19,-6.76072800e-19,-1.92465400e-19,-4.23226700e-19,2.52669900e-19,-2.49197800e-19,2.51736500e-19,2.80249100e-19,7.78993200e-21
9.29660796e+05,-7.62466900e+00,-3.94536400e-21,-1.34250800e-19,-7.66118500e-20,7.61195800e-20,1.92905200e-19,-3.22381500e-19,-3.69974100e-19,-4.87552600e-19,-6.95899700e-19,-6.76072800e-19,-1.92470000e-19,-4.23300400e-19,2.52714700e-19,-2.48834300e-19,2.51476600e-19,2.79491500e-19,8.17851400e-21
9.33660796e+05,-7.62610800e+00,-4.00537100e-21,-1.33853100e-19,-7.68802600e-20,7.58721400e-20,1.92877500e-19,-3.22379200e-19,-3.69978500e-19,-4.87552600e-19,-6.95899700e-19,-6.76072800e-19,-1.92474000e-19,-4.23367400e-19,2.52794000e-19,-2.48580200e-19,2.51093300e-19,2.78885500e-19,8.53256700e-21
9.37660796e+05,-7.62823400e+00,-4.07487400e-21,-1.33823400e-19,-7.72281000e-20,7.57744400e-20,1.92887200e-19,-3.22381700e-19,-3.69984600e-19,-4.87552600e-19,-6.95899700e-19,-6.76072800e-19,-1.92478200e-19,-4.23469600e-19,2.52807900e-19,-2.48152800e-19,2.50798300e-19,2.78306200e-19,8.92085200e-21
9.41660796e+05,-7.63115100e+00,-4.16849500e-21,-1.33880300e-19,-7.74446300e-20,7.56319800e-20,1.92927800e-19,-3.22361000e-19,-3.69991000e-19,-4.87552600e-19,-6.95899700e-19,-6.76072800e-19,-1.92484000e-19,-4.23609900e-19,2.52860700e-19,-2.47759400e-19,2.50380400e-19,2.77559000e-19,9.35339900e-21
9.45660796e+05,-7.63497000e+00,-4.20626900e-21,-1.33764000e-19,-7.79648500e-20,7.53886000e-20,1.92914000e-19,-3.22396700e-19,-3.69996400e-19,-4.87552600e-19,-6.95899700e-19,-6.76072800e-19,-1.92488900e-19,-4.23723200e-19,2.52849200e-19,-2.47349900e-19,2.49983800e-19,2.76744400e-19,9.76970300e-21
9.49660796e+05,-7.63980500e+00,-4.17830500e-21,-1.33710000e-19,-7.86938700e-20,7.51839700e-20,1.92947700e-19,-3.22399800e-19,-3.70002000e-19,-4.87552600e-19,-6.95899700e-19,-6.76072800e-19,-1.92494500e-19,-4.23801700e-19,2.52945500e-19,-2.46990600e-19,2.49517200e-19,2.76150000e-19,1.02037300e-20
9.53660796e+05,-7.64576200e+00,-4.19139900e-21,-1.33663100e-19,-7.92822700e-20,7.51100000e-20,1.93008600e-19,-3.22370700e-19,-3.70007000e-19,-4.87552600e-19,-6.95899700e-19,-6.76072800e-19,-1.92499900e-19,-4.23898100e-19,2.53048100e-19,-2.46479200e-19,2.49024200e-19,2.75510900e-19,1.06821800e-20
9.57660796e+05,-7.65294100e+00,-4.15996400e-21,-1.33508600e-19,-7.99592400e-20,7.50131400e-20,1.93211300e-19,-3.22345000e-19,-3.70012700e-19,-4.87552600e-19,-6.95899700e-19,-6.76072800e-19,-1.92505100e-19,-4.23980800e-19,2.53109100e-19,-2.46145700e-19,2.48727300e-19,2.75029300e-19,1.11723100e-20
9.61660796e+05,-7.66142000e+00,-4.11084400e-21,-1.33509800e-19,-8.07146100e-20,7.48100500e-20,1.93319100e-19,-3.22351800e-19,-3.70018100e-19,-4.87552600e-19,-6.95899700e-19,-6.76072900e-19,-1.92510800e-19,-4.24071200e-19,2.53173100e-19,-2.45856600e-19,2.48329700e-19,2.74380100e-19,1.16962400e-20
9.65660796e+05,-7.67125400e+00,-4.07051700e-21,-1.33486100e-19,-8.18405300e-20,7.47033500e-20,1.93328000e-19,-3.22360800e-19,-3.70021800e-19,-4.87552600e-19,-6.95899700e-19,-6.76072900e-19,-1.92514400e-19,-4.24159100e-19,2.53147400e-19,-2.45516600e-19,2.47828800e-19,2.73798800e-19,1.22833400e-20
9.69660796e+05,-7.68246300e+00,-3.98536500e-21,-1.33457500e-19,-8.27099800e-20,7.46691900e-20,1.93472500e-19,-3.22341300e-19,-3.70025100e-19,-4.87552600e-19,-6.95899700e-19,-6.76072900e-19,-1.92519800e-19,-4.24238900e-19,2.53206500e-19,-2.45150800e-19,2.47446500e-19,2.73226300e-19,1.28927600e-20
9.73660796e+05,-7.69502800e+00,-3.80002700e-21,-1.33149200e-19,-8.37778700e-20,7.45016000e-20,1.93452000e-19,-3.22317700e-19,-3.70029200e-19,-4.87552600e-19,-6.95899700e-19,-6.76072900e-19,-1.92525200e-19,-4.24337800e-19,2.53221000e-19,-2.44889200e-19,2.46939900e-19,2.72687800e-19,1.35395400e-20
9.77660796e+05,-7.70889000e+00,-3.57757900e-21,-1.32761500e-19,-8.48608700e-20,7.43977400e-20,1.93396400e-19,-3.22308200e-19,-3.70033100e-19,-4.87552600e-19,-6.95899700e-19,-6.76072900e-19,-1.92529800e-19,-4.24421300e-19,2.53183200e-19,-2.44502500e-19,2.46501200e-19,2.72254400e-19,1.42188100e-20
9.81660796e+05,-7.72394800e+00,-3.31141200e-21,-1.32201100e-19,-8.56456500e-20,7.43026500e-20,1.93352900e-19,-3.22302900e-19,-3.70037200e-19,-4.87552600e-19,-6.95899700e-19,-6.76072900e-19,-1.92536700e-19,-4.24503700e-19,2.53255500e-19,-2.44163900e-19,2.46097100e-19,2.71743000e-19,1.48820400e-20
9.85660796e+05,-7.73233600e+00,-3.10668200e-21,-1.31834400e-19,-8.64781300e-20,7.42435900e-20,1.93312300e-19,-3.22278700e-19,-3.70041600e-19,-4.87552600e-19,-6.95899700e-19,-6.76072900e-19,-1.92542800e-19,-4.24569000e-19,2.53313000e-19,-2.43758600e-19,2.45650500e-19,2.71142700e-19,1.55419100e-20
9.89660796e+05,-7.73272000e+00,-2.87332100e-21,-1.31408500e-19,-8.73412200e-20,7.41409800e-20,1.93325700e-19,-3.22295400e-19,-3.70045400e-19,-4.87552600e-19,-6.95899700e-19,-6.76072900e-19,-1.92549200e-19,-4.24623100e-19,2.53303500e-19,-2.43282900e-19,2.45162200e-19,2.70799300e-19,1.62266700e-20
9.93660796e+05,-7.73317000e+00,-2.59570300e-21,-1.31067200e-19,-8.80973900e-20,7.41841100e-20,1.93310100e-19,-3.22269100e-19,-3.70049400e-19,-4.87552600e-19,-6.95899700e-19,-6.76072900e-19,-1.92553600e-19,-4.24670900e-19,2.53353200e-19,-2.42809400e-19,2.44347200e-19,2.70122700e-19,1.69388200e-20
9.97660796e+05,-7.73367400e+00,-2.29772200e-21,-1.30538200e-19,-8.90455600e-20,7.39729000e-20,1.93407900e-19,-3.22270500e-19,-3.70052300e-19,-4.87552600e-19,-6.95899700e-19,-6.76072900e-19,-1.92557300e-19,-4.24758400e-19,2.53433000e-19,-2.42388400e-19,2.43510100e-19,2.69414100e-19,1.76939200e-20
1.00166080e+06,-7.73421900e+00,-1.88061600e-21,-1.30256400e-19,-9.00855100e-20,7.38827000e-20,1.93369800e-19,-3.22244400e-19,-3.70055300e-19,-4.87552600e-19,-6.95899700e-19,-6.76072900e-19,-1.92561500e-19,-4.24830600e-19,2.53533900e-19,-2.41996200e-19,2.42651400e-19,2.68805900e-19,1.85001200e-20
1.00566080e+06,-7.73479200e+00,-1.48372300e-21,-1.29500300e-19,-9.09316200e-20,7.37135800e-20,1.93448900e-19,-3.22224800e-19,-3.70058600e-19,-4.87552600e-19,-6.95899700e-19,-6.76072900e-19,-1.92566100e-19,-4.24906700e-19,2.53628700e-19,-2.41738600e-19,2.41951000e-19,2.68248900e-19,1.93202600e-20
1.00966080e+06,-7.73537700e+00,-1.05694900e-21,-1.28678100e-19,-9.19851800e-20,7.33868300e-20,1.93425900e-19,-3.22223800e-19,-3.70064400e-19,-4.87552600e-19,-6.95899700e-19,-6.76072900e-19,-1.92569600e-19,-4.24949000e-19,2.53639100e-19,-2.41409500e-19,2.41321400e-19,2.67760500e-19,2.01255300e-20
1.01366080e+06,-7.73595900e+00,-4.93367000e-22,-1.27919600e-19,-9.30709800e-20,7.30011000e-20,1.93483900e-19,-3.22212900e-19,-3.70069100e-19,-4.87552600e-19,-6.95899700e-19,-6.76072900e-19,-1.92574000e-19,-4.25032400e-19,2.53666700e-19,-2.40899500e-19,2.40560800e-19,2.67826900e-19,2.09253100e-20
1.01766080e+06,-7.73652300e+00,1.24367000e-22,-1.27034800e-19,-9.44048100e-20,7.27466200e-20,1.93562000e-19,-3.22153600e-19,-3.70071800e-19,-4.87552600e-19,-6.95899700e-19,-6.76073000e-19,-1.92576800e-19,-4.25107400e-19,2.53623400e-19,-2.40623200e-19,2.39954200e-19,2.67616000e-19,2.17592200e-20
1.02166080e+06,-7.73705700e+00,6.54022200e-22,-1.26434200e-19,-9.55945300e-20,7.25486500e-20,1.93620400e-19,-3.22155600e-19,-3.70075600e-19,-4.87552600e-19,-6.95899700e-19,-6.76073000e-19,-1.92581800e-19,-4.25178500e-19,2.53714400e-19,-2.40258900e-19,2.39288600e-19,2.67386400e-19,2.27227200e-20
1.02566080e+06,-7.73754700e+00,1.20077700e-21,-1.25822300e-19,-9.66871100e-20,7.22559600e-20,1.93641700e-19,-3.22170600e-19,-3.70079000e-19,-4.87552600e-19,-6.95899700e-19,-6.76073000e-19,-1.92586600e-19,-4.25229300e-19,2.53765800e-19,-2.39981300e-19,2.38786700e-19,2.67047700e-19,2.35417600e-20
1.02966080e+06,-7.73798200e+00,1.79939900e-21,-1.24949700e-19,-9.80352600e-20,7.20316900e-20,1.93615100e-19,-3.22168500e-19,-3.70084200e-19,-4.87552700e-19,-6.95899700e-19,-6.76073000e-19,-1.92590100e-19,-4.25270400e-19,2.53751000e-19,-2.39573000e-19,2.38166200e-19,2.66930000e-19,2.43864800e-20
1.03366080e+06,-7.73835300e+00,2.42070000e-21,-1.23998200e-19,-9.90849500e-20,7.17316700e-20,1.93618700e-19,-3.22169800e-19,-3.70088400e-19,-4.87552700e-19,-6.95899700e-19,-6.76073000e-19,-1.92594000e-19,-4.25354700e-19,2.53830100e-19,-2.39160400e-19,2.37714500e-19,2.66647700e-19,2.52850800e-20
1.03766080e+06,-7.73865300e+00,3.20135900e-21,-1.23202000e-19,-1.00157800e-19,7.14662200e-20,1.93571400e-19,-3.22164500e-19,-3.70093100e-19,-4.87552700e-19,-6.95899700e-19,-6.76073000e-19,-1.92598600e-19,-4.25445600e-19,2.53866500e-19,-2.38746200e-19,2.37166800e-19,2.66522500e-19,2.60835800e-20
1.04166080e+06,-7.73887700e+00,4.01695900e-21,-1.22610600e-19,-1.01285500e-19,7.12344600e-20,1.93520900e-19,-3.22144600e-19,-3.70097700e-19,-4.87552700e-19,-6.95899700e-19,-6.76073000e-19,-1.92603900e-19,-4.25516600e-19,2.53967800e-19,-2.38298100e-19,2.36638100e-19,2.66305100e-19,2.69359900e-20
1.04566080e+06,-7.73902200e+00,4.78330400e-21,-1.22169200e-19,-1.02345700e-19,7.10122400e-20,1.93481500e-19,-3.22148800e-19,-3.70101300e-19,-4.87552700e-19,-6.95899700e-19,-6.76073000e-19,-1.92609100e-19,-4.25605900e-19,2.53926600e-19,-2.37960800e-19,2.36070100e-19,2.66176300e-19,2.77074500e-20
1.04966080e+06,-7.73908600e+00,5.59478200e-21,-1.21722500e-19,-1.03243000e-19,7.10042100e-20,1.93420100e-19,-3.22126500e-19,-3.70106500e-19,-4.87552700e-19,-6.95899700e-19,-6.76073000e-19,-1.92612300e-19,-4.25687100e-19,2.53957300e-19,-2.37618700e-19,2.35772700e-19,2.65711300e-19,2.83321500e-20
1.05366080e+06,-7.73907200e+00,6.38344100e-21,-1.21366700e-19,-1.03977300e-19,7.08596500e-20,1.93370700e-19,-3.22112200e-19,-3.70110900e-19,-4.87552700e-19,-6.95899700e-19,-6.76073000e-19,-1.92615600e-19,-4.25768000e-19,2.53971500e-19,-2.37265800e-19,2.35272200e-19,2.65281800e-19,2.90542500e-20
1.05766080e+06,-7.73898300e+00,7.09990400e-21,-1.20910300e-19,-1.04880600e-19,7.06757600e-20,1.93337000e-19,-3.22105700e-19,-3.70115200e-19,-4.87552700e-19,-6.95899700e-19,-6.76073000e-19,-1.92619900e-19,-4.25836100e-19,2.53969300e-19,-2.36813500e-19,2.34731100e-19,2.64916700e-19,2.96594700e-20
1.06166080e+06,-7.73882600e+00,7.84922000e-21,-1.20665800e-19,-1.05539000e-19,7.05677500e-20,1.93270700e-19,-3.22122100e-19,-3.70118800e-19,-4.87552700e-19,-6.95899700e-19,-6.76073000e-19,-1.92624900e-19,-4.25897600e-19,2.54022200e-19,-2.36463300e-19,2.34169300e-19,2.64403900e-19,3.02622800e-20
1.06566080e+06,-7.73861000e+00,8.61484700e-21,-1.20123500e-19,-1.06180300e-19,7.04959500e-20,1.93134500e-19,-3.22118600e-19,-3.70123100e-19,-4.87552700e-19,-6.95899700e-19,-6.76073000e-19,-1.92629900e-19,-4.25964400e-19,2.53970000e-19,-2.36132800e-19,2.33761900e-19,2.64039200e-19,3.09371900e-20
1.06966080e+06,-7.73834700e+00,9.43463400e-21,-1.19695700e-19,-1.06882200e-19,7.03761400e-20,1.93227400e-19,-3.22089300e-19,-3.70127700e-19,-4.87552700e-19,-6.95899700e-19,-6.76073000e-19,-1.92634700e-19,-4.26031000e-19,2.53920800e-19,-2.35905700e-19,2.33184800e-19,2.63357700e-19,3.16184200e-20
1.07366080e+06,-7.73805300e+00,1.01064200e-20,-1.19216400e-19,-1.07339700e-19,7.02448400e-20,1.93239900e-19,-3.22079100e-19,-3.70131200e-19,-4.87552700e-19,-6.95899700e-19,-6.76073000e-19,-1.92638700e-19,-4.26102900e-19,2.53923300e-19,-2.35628300e-19,2.32739900e-19,2.62820600e-19,3.23313000e-20
1.07766080e+06,-7.73774600e+00,1.06943100e-20,-1.18743600e-19,-1.07677100e-19,7.00320000e-20,1.93187400e-19,-3.22072800e-19,-3.70135300e-19,-4.87552700e-19,-6.95899700e-19,-6.76073000e-19,-1.92642900e-19,-4.26184600e-19,2.53856000e-19,-2.35195300e-19,2.32280800e-19,2.62284900e-19,3.29211800e-20
1.08166080e+06,-7.73744900e+00,1.11609800e-20,-1.18292100e-19,-1.08137400e-19,6.98697800e-20,1.93161000e-19,-3.22077600e-19,-3.70138800e-19,-4.87552700e-19,-6.95899700e-19,-6.76073100e-19,-1.92649600e-19,-4.26254000e-19,2.53763000e-19,-2.34936500e-19,2.31796900e-19,2.61757800e-19,3.32861600e-20
1.08566080e+06,-7.73718700e+00,1.16354400e-20,-1.17870400e-19,-1.08456600e-19,6.97683000e-20,1.93065800e-19,-3.22071600e-19,-3.70142400e-19,-4.87552700e-19,-6.95899700e-19,-6.76073100e-19,-1.92655000e-19,-4.26333700e-19,2.53685400e-19,-2.34582000e-19,2.31285100e-19,2.61006400e-19,3.34581000e-20
1.08966080e+06,-7.73699200e+00,1.20114800e-20,-1.17652400e-19,-1.08768100e-19,6.95578000e-20,1.93041600e-19,-3.22060800e-19,-3.70146800e-19,-4.87552700e-19,-6.95899700e-19,-6.76073100e-19,-1.92658600e-19,-4.26432700e-19,2.53523500e-19,-2.34222500e-19,2.31084500e-19,2.60606200e-19,3.35736100e-20
1.09366080e+06,-7.73689700e+00,1.23383200e-20,-1.17195800e-19,-1.09271200e-19,6.92917500e-20,1.93069800e-19,-3.22068400e-19,-3.70151600e-19,-4.87552700e-19,-6.95899700e-19,-6.76073100e-19,-1.92663000e-19,-4.26483800e-19,2.53453900e-19,-2.33837000e-19,2.30819600e-19,2.59954400e-19,3.34320100e-20
1.09766080e+06,-7.73694200e+00,1.24147200e-20,-1.16531600e-19,-1.09210500e-19,6.90664600e-20,1.93025100e-19,-3.22058700e-19,-3.70156300e-19,-4.87552700e-19,-6.95899700e-19,-6.76073100e-19,-1.92665700e-19,-4.26550500e-19,2.53429600e-19,-2.33455500e-19,2.30707100e-19,2.59704200e-19,3.33379600e-20
1.10166080e+06,-7.73717100e+00,1.25188000e-20,-1.16081000e-19,-1.09072700e-19,6.89105800e-20,1.93060600e-19,-3.22041000e-19,-3.70161000e-19,-4.87552700e-19,-6.95899700e-19,-6.76073100e-19,-1.92670100e-19,-4.26624100e-19,2.53390400e-19,-2.33297100e-19,2.30709800e-19,2.59183500e-19,3.31537300e-20
1.10566080e+06,-7.73763000e+00,1.23270600e-20,-1.15736900e-19,-1.09022700e-19,6.87343800e-20,1.93056500e-19,-3.22048600e-19,-3.70164800e-19,-4.87552700e-19,-6.95899700e-19,-6.76073100e-19,-1.92674300e-19,-4.26683200e-19,2.53284900e-19,-2.32943700e-19,2.30790200e-19,2.58704200e-19,3.27317200e-20
1.10966080e+06,-7.73837400e+00,1.21987600e-20,-1.15067900e-19,-1.08978100e-19,6.85458700e-20,1.92960100e-19,-3.22062400e-19,-3.70168700e-19,-4.87552700e-19,-6.95899700e-19,-6.76073100e-19,-1.92679100e-19,-4.26755000e-19,2.53218900e-19,-2.32669900e-19,2.30894600e-19,2.58156800e-19,3.20435300e-20
1.11366080e+06,-7.73945700e+00,1.18978700e-20,-1.14480400e-19,-1.09064400e-19,6.85118100e-20,1.92923400e-19,-3.22019000e-19,-3.70172400e-19,-4.87552700e-19,-6.95899700e-19,-6.76073100e-19,-1.92683300e-19,-4.26814900e-19,2.53192300e-19,-2.32376400e-19,2.31041500e-19,2.57958100e-19,3.12662600e-20
1.11766080e+06,-7.74093900e+00,1.16256100e-20,-1.14050700e-19,-1.09030000e-19,6.83136800e-20,1.92948700e-19,-3.22040700e-19,-3.70175800e-19,-4.87552700e-19,-6.95899700e-19,-6.76073100e-19,-1.92686600e-19,-4.26895100e-19,2.53097000e-19,-2.32034200e-19,2.31096200e-19,2.57677400e-19,3.03995000e-20
1.12166080e+06,-7.74288100e+00,1.11440300e-20,-1.13584800e-19,-1.08738200e-19,6.81444500e-20,1.92822300e-19,-3.22029600e-19,-3.70180200e-19,-4.87552700e-19,-6.95899700e-19,-6.76073100e-19,-1.92690400e-19,-4.26953800e-19,2.53007400e-19,-2.31699300e-19,2.31163500e-19,2.57490500e-19,2.94966700e-20
1.12566080e+06,-7.74534400e+00,1.08760800e-20,-1.13205500e-19,-1.08624200e-19,6.80449400e-20,1.92762000e-19,-3.22040300e-19,-3.70184400e-19,-4.87552700e-19,-6.95899700e-19,-6.76073100e-19,-1.92695600e-19,-4.27025600e-19,2.52930600e-19,-2.31387600e-19,2.31129200e-19,2.57212300e-19,2.85975800e-20
1.12966080e+06,-7.74555100e+00,1.05531500e-20,-1.13144200e-19,-1.08554000e-19,6.79352900e-20,1.92719600e-19,-3.22043600e-19,-3.70189000e-19,-4.87552700e-19,-6.95899700e-19,-6.76073100e-19,-1.92700300e-19,-4.27069400e-19,2.52920800e-19,-2.31164400e-19,2.30964200e-19,2.57018500e-19,2.78331400e-20
1.13366080e+06,-7.74365400e+00,1.00968500e-20,-1.13139800e-19,-1.08558900e-19,6.78469900e-20,1.92731100e-19,-3.22013000e-19,-3.70193500e-19,-4.87552700e-19,-6.95899700e-19,-6.76073100e-19,-1.92704900e-19,-4.27169100e-19,2.52911200e-19,-2.30862300e-19,2.30978900e-19,2.56922500e-19,2.69395200e-20
1.13766080e+06,-7.74215000e+00,9.84334800e-21,-1.12999800e-19,-1.08421400e-19,6.74875100e-20,1.92642900e-19,-3.22019600e-19,-3.70196600e-19,-4.87552700e-19,-6.95899700e-19,-6.76073100e-19,-1.92709400e-19,-4.27244700e-19,2.53041800e-19,-2.30508700e-19,2.30680900e-19,2.56779400e-19,2.60305200e-20
1.14166080e+06,-7.74103900e+00,9.78585600e-21,-1.12997000e-19,-1.08235100e-19,6.72043300e-20,1.92621100e-19,-3.21989200e-19,-3.70200100e-19,-4.87552700e-19,-6.95899700e-19,-6.76073100e-19,-1.92713600e-19,-4.27274700e-19,2.53101700e-19,-2.30188000e-19,2.30407600e-19,2.56459700e-19,2.56550500e-20
1.14566080e+06,-7.74031900e+00,9.52742500e-21,-1.12860900e-19,-1.07722600e-19,6.68585900e-20,1.92672800e-19,-3.21961200e-19,-3.70204300e-19,-4.87552700e-19,-6.95899700e-19,-6.76073200e-19,-1.92718600e-19,-4.27347900e-19,2.53077700e-19,-2.29681900e-19,2.29776300e-19,2.56237800e-19,2.52356700e-20
1.14966080e+06,-7.73998900e+00,9.36929600e-21,-1.12713500e-19,-1.07387100e-19,6.62003900e-20,1.92626700e-19,-3.21932200e-19,-3.70209400e-19,-4.87552700e-19,-6.95899700e-19,-6.76073200e-19,-1.92722700e-19,-4.27426000e-19,2.53138000e-19,-2.29398300e-19,2.29455300e-19,2.56207000e-19,2.46349900e-20
1.15366080e+06,-7.74004400e+00,8.84602900e-21,-1.12639500e-19,-1.06766200e-19,6.57189100e-20,1.92600500e-19,-3.21887500e-19,-3.70213100e-19,-4.87552700e-19,-6.95899700e-19,-6.76073200e-19,-1.92727900e-19,-4.27498800e-19,2.53080900e-19,-2.29141600e-19,2.29203900e-19,2.56443600e-19,2.41971100e-20
1.15766080e+06,-7.74048000e+00,8.33526800e-21,-1.12400900e-19,-1.06213500e-19,6.53115200e-20,1.92554800e-19,-3.21815600e-19,-3.70215800e-19,-4.87552700e-19,-6.95899700e-19,-6.76073200e-19,-1.92732700e-19,-4.27545800e-19,2.53062900e-19,-2.28744500e-19,2.29183700e-19,2.56606700e-19,2.36764200e-20
1.16166080e+06,-7.74128800e+00,7.79297400e-21,-1.12399400e-19,-1.05856400e-19,6.47448700e-20,1.92542000e-19,-3.21789200e-19,-3.70220100e-19,-4.87552700e-19,-6.95899700e-19,-6.76073200e-19,-1.92736500e-19,-4.27637600e-19,2.53014900e-19,-2.28508100e-19,2.28887200e-19,2.57120200e-19,2.30286800e-20
1.16566080e+06,-7.74246000e+00,7.38922000e-21,-1.12202300e-19,-1.05313400e-19,6.42633600e-20,1.92468400e-19,-3.21762600e-19,-3.70223800e-19,-4.87552800e-19,-6.95899700e-19,-6.76073200e-19,-1.92740700e-19,-4.27703700e-19,2.52986300e-19,-2.28399800e-19,2.28542800e-19,2.57601100e-19,2.21593600e-20
1.16966080e+06,-7.74398300e+00,6.94325200e-21,-1.12145500e-19,-1.05014300e-19,6.37061200e-20,1.92449600e-19,-3.21741700e-19,-3.70228600e-19,-4.87552800e-19,-6.95899700e-19,-6.76073200e-19,-1.92743200e-19,-4.27777300e-19,2.53007200e-19,-2.28282500e-19,2.28557100e-19,2.58222300e-19,2.07884000e-20
1.17366080e+06,-7.74584500e+00,6.44305000e-21,-1.12062500e-19,-1.04609600e-19,6.32076900e-20,1.92420200e-19,-3.21717000e-19,-3.70233000e-19,-4.87552800e-19,-6.95899700e-19,-6.76073200e-19,-1.92747200e-19,-4.27871900e-19,2.52965900e-19,-2.28046600e-19,2.28615600e-19,2.58914200e-19,1.94438500e-20
1.17766080e+06,-7.74802900e+00,5.99582400e-21,-1.11813800e-19,-1.04171700e-19,6.28042400e-20,1.92392300e-19,-3.21680600e-19,-3.70236500e-19,-4.87552800e-19,-6.95899700e-19,-6.76073200e-19,-1.92750900e-19,-4.27943100e-19,2.52911300e-19,-2.27766000e-19,2.28788600e-19,2.59738900e-19,1.79640400e-20
1.18166080e+06,-7.75051900e+00,5.55265000e-21,-1.11815900e-19,-1.03937600e-19,6.22085800e-20,1.92318200e-19,-3.21622800e-19,-3.70240100e-19,-4.87552800e-19,-6.95899700e-19,-6.76073200e-19,-1.92755000e-19,-4.28010800e-19,2.52931300e-19,-2.27510500e-19,2.29054800e-19,2.60697300e-19,1.65038600e-20
1.18566080e+06,-7.75329500e+00,5.35971100e-21,-1.11407800e-19,-1.03643700e-19,6.15628400e-20,1.92225500e-19,-3.21592800e-19,-3.70243500e-19,-4.87552800e-19,-6.95899700e-19,-6.76073200e-19,-1.92759500e-19,-4.28081500e-19,2.52902700e-19,-2.27165100e-19,2.29257400e-19,2.61577500e-19,1.50685600e-20
1.18966080e+06,-7.75633800e+00,5.14625700e-21,-1.10987000e-19,-1.03264400e-19,6.09969700e-20,1.92134600e-19,-3.21538700e-19,-3.70247700e-19,-4.87552800e-19,-6.95899700e-19,-6.76073200e-19,-1.92762700e-19,-4.28189000e-19,2.52976600e-19,-2.26843000e-19,2.29388000e-19,2.62380500e-19,1.34611700e-20
1.19366080e+06,-7.75962800e+00,5.01758900e-21,-1.10681100e-19,-1.02940100e-19,6.04007000e-20,1.92111000e-19,-3.21479800e-19,-3.70251300e-19,-4.87552800e-19,-6.95899700e-19,-6.76073200e-19,-1.92767000e-19,-4.28259300e-19,2.53021200e-19,-2.26370700e-19,2.29577100e-19,2.63120200e-19,1.16140000e-20
1.19766080e+06,-7.76314300e+00,4.79177900e-21,-1.10299300e-19,-1.02496200e-19,5.98208900e-20,1.92001500e-19,-3.21455900e-19,-3.70255200e-19,-4.87552800e-19,-6.95899700e-19,-6.76073200e-19,-1.92771100e-19,-4.28338400e-19,2.53000500e-19,-2.26056700e-19,2.29857900e-19,2.64241500e-19,9.81546900e-21
1.20166080e+06,-7.76342500e+00,4.38532400e-21,-1.09787300e-19,-1.02221900e-19,5.90973200e-20,1.91952800e-19,-3.21415400e-19,-3.70259400e-19,-4.87552800e-19,-6.95899700e-19,-6.76073200e-19,-1.92775500e-19,-4.28415500e-19,2.52986000e-19,-2.25918700e-19,2.30020300e-19,2.65262500e-19,7.97253500e-21
1.20566080e+06,-7.75989100e+00,4.17545600e-21,-1.09431900e-19,-1.01818500e-19,5.82044900e-20,1.91893100e-19,-3.21398000e-19,-3.70262100e-19,-4.87552800e-19,-6.95899700e-19,-6.76073200e-19,-1.92779700e-19,-4.28479100e-19,2.53079700e-19,-2.25588000e-19,2.30096300e-19,2.66489500e-19,6.20959800e-21
1.20966080e+06,-7.75633200e+00,4.04501000e-21,-1.09067200e-19,-1.01339800e-19,5.75082600e-20,1.91836300e-19,-3.21355200e-19,-3.70266000e-19,-4.87552800e-19,-6.95899700e-19,-6.76073200e-19,-1.92782700e-19,-4.28562400e-19,2.53016200e-19,-2.25499500e-19,2.30261300e-19,2.67745700e-19,4.15534200e-21
1.21366080e+06,-7.75275400e+00,3.70925600e-21,-1.08656700e-19,-1.00933400e-19,5.69220900e-20,1.91864000e-19,-3.21316000e-19,-3.70270100e-19,-4.87552800e-19,-6.95899700e-19,-6.76073300e-19,-1.92787500e-19,-4.28635500e-19,2.53113600e-19,-2.25231200e-19,2.30378300e-19,2.68848800e-19,2.38195100e-21
1.21766080e+06,-7.74916500e+00,3.44741800e-21,-1.08175400e-19,-1.00511600e-19,5.62500300e-20,1.91812400e-19,-3.21276600e-19,-3.70274200e-19,-4.87552800e-19,-6.95899700e-19,-6.76073300e-19,-1.92791700e-19,-4.28708800e-19,2.53137200e-19,-2.25019300e-19,2.30685800e-19,2.69932600e-19,6.73478800e-22
1.22166080e+06,-7.74556800e+00,3.46159400e-21,-1.07722800e-19,-1.00136500e-19,5.56067400e-20,1.91776300e-19,-3.21237900e-19,-3.70277900e-19,-4.87552800e-19,-6.95899700e-19,-6.76073300e-19,-1.92795800e-19,-4.28783400e-19,2.53097100e-19,-2.24803100e-19,2.30920800e-19,2.71051400e-19,-1.04661200e-21
1.22566080e+06,-7.74197000e+00,3.22652700e-21,-1.07295200e-19,-9.95597600e-20,5.49593100e-20,1.91753400e-19,-3.21197800e-19,-3.70281400e-19,-4.87552800e-19,-6.95899700e-19,-6.76073300e-19,-1.92799900e-19,-4.28801500e-19,2.53013200e-19,-2.24666500e-19,2.31247200e-19,2.72345100e-19,-2.87290900e-21
1.22966080e+06,-7.73837500e+00,3.22381000e-21,-1.06921000e-19,-9.90018600e-20,5.43594900e-20,1.91625900e-19,-3.21174200e-19,-3.70284300e-19,-4.87552800e-19,-6.95899700e-19,-6.76073300e-19,-1.92804400e-19,-4.28816200e-19,2.52996100e-19,-2.24551000e-19,2.31340400e-19,2.73496100e-19,-4.88791300e-21
1.23366080e+06,-7.73478700e+00,3.19645900e-21,-1.06795900e-19,-9.87294300e-20,5.38533300e-20,1.91517500e-19,-3.21195600e-19,-3.70287400e-19,-4.87552800e-19,-6.95899700e-19,-6.76073300e-19,-1.92809300e-19,-4.28825800e-19,2.53045800e-19,-2.24693600e-19,2.31638500e-19,2.74916300e-19,-6.69841100e-21
1.23766080e+06,-7.73121100e+00,3.15665400e-21,-1.06493700e-19,-9.83472500e-20,5.31843500e-20,1.91419800e-19,-3.21205100e-19,-3.70291600e-19,-4.87552800e-19,-6.95899700e-19,-6.76073300e-19,-1.92813500e-19,-4.28846600e-19,2.53078400e-19,-2.24746200e-19,2.31736400e-19,2.76178800e-19,-8.39415200e-21
1.24166080e+06,-7.72765100e+00,3.14205200e-21,-1.06374500e-19,-9.79990700e-20,5.27384800e-20,1.91322900e-19,-3.21199900e-19,-3.70295400e-19,-4.87552800e-19,-6.95899700e-19,-6.76073300e-19,-1.92817100e-19,-4.28882500e-19,2.53110300e-19,-2.24784000e-19,2.31913200e-19,2.77566600e-19,-1.03261800e-20
1.24566080e+06,-7.72411000e+00,3.15771300e-21,-1.05942200e-19,-9.75262400e-20,5.22103600e-20,1.91214300e-19,-3.21221700e-19,-3.70299200e-19,-4.87552800e-19,-6.95899700e-19,-6.76073300e-19,-1.92820800e-19,-4.28949700e-19,2.53145900e-19,-2.24730300e-19,2.32212800e-19,2.78781600e-19,-1.22285900e-20
1.24966080e+06,-7.72059200e+00,3.36887900e-21,-1.05676700e-19,-9.71496600e-20,5.16717900e-20,1.91097000e-19,-3.21248400e-19,-3.70303200e-19,-4.87552800e-19,-6.95899700e-19,-6.76073300e-19,-1.92825100e-19,-4.28972700e-19,2.53155800e-19,-2.24655900e-19,2.32432200e-19,2.80125600e-19,-1.43604300e-20
1.25366080e+06,-7.71710100e+00,3.46131200e-21,-1.05634000e-19,-9.71582600e-20,5.13139300e-20,1.90883000e-19,-3.21263500e-19,-3.70307200e-19,-4.87552800e-19,-6.95899700e-19,-6.76073300e-19,-1.92829700e-19,-4.28949800e-19,2.53290800e-19,-2.24538000e-19,2.33007000e-19,2.81644900e-19,-1.68710800e-20
1.25766080e+06,-7.71363900e+00,3.48475200e-21,-1.05561700e-19,-9.71787300e-20,5.08903200e-20,1.90816400e-19,-3.21258900e-19,-3.70311400e-19,-4.87552800e-19,-6.95899700e-19,-6.76073300e-19,-1.92833700e-19,-4.28967500e-19,2.53287600e-19,-2.24432000e-19,2.33510200e-19,2.83164100e-19,-1.94986400e-20
1.26166080e+06,-7.71021100e+00,3.28074600e-21,-1.05673200e-19,-9.72737900e-20,5.04898300e-20,1.90780200e-19,-3.21250400e-19,-3.70315500e-19,-4.87552800e-19,-6.95899700e-19,-6.76073300e-19,-1.92837400e-19,-4.28981600e-19,2.53225500e-19,-2.24347800e-19,2.34006300e-19,2.84666300e-19,-2.25474300e-20
1.26566080e+06,-7.70682100e+00,3.13673000e-21,-1.05795500e-19,-9.72313900e-20,5.01261500e-20,1.90768300e-19,-3.21254500e-19,-3.70320400e-19,-4.87552800e-19,-6.95899700e-19,-6.76073300e-19,-1.92840800e-19,-4.29018900e-19,2.53239700e-19,-2.24132800e-19,2.34510900e-19,2.86325600e-19,-2.56146800e-20
1.26966080e+06,-7.70347400e+00,2.77494300e-21,-1.05828600e-19,-9.72250700e-20,4.96985200e-20,1.90785600e-19,-3.21262600e-19,-3.70323900e-19,-4.87552800e-19,-6.95899700e-19,-6.76073300e-19,-1.92842700e-19,-4.29037800e-19,2.53275700e-19,-2.23907900e-19,2.35113900e-19,2.87923900e-19,-2.84666300e-20
1.27366080e+06,-7.70017500e+00,2.60673400e-21,-1.05914800e-19,-9.70873100e-20,4.92732800e-20,1.90746600e-19,-3.21280100e-19,-3.70328400e-19,-4.87552800e-19,-6.95899700e-19,-6.76073300e-19,-1.92845400e-19,-4.29072300e-19,2.53265000e-19,-2.23742200e-19,2.35689900e-19,2.89652200e-19,-3.13580500e-20
1.27766080e+06,-7.69692900e+00,2.27526000e-21,-1.05830900e-19,-9.69095500e-20,4.88728200e-20,1.90737900e-19,-3.21296700e-19,-3.70333200e-19,-4.87552800e-19,-6.95899700e-19,-6.76073300e-19,-1.92849400e-19,-4.29118200e-19,2.53320500e-19,-2.23543400e-19,2.36292300e-19,2.91298900e-19,-3.42386800e-20
1.28166080e+06,-7.69374500e+00,2.01952800e-21,-1.06017900e-19,-9.70007700e-20,4.84327500e-20,1.90722300e-19,-3.21248200e-19,-3.70338700e-19,-4.87552800e-19,-6.95899700e-19,-6.76073300e-19,-1.92854500e-19,-4.29149000e-19,2.53301600e-19,-2.23430600e-19,2.36866600e-19,2.93054700e-19,-3.71231500e-20
1.28566080e+06,-7.69063100e+00,1.78244600e-21,-1.06051000e-19,-9.70459400e-20,4.78837700e-20,1.90712500e-19,-3.21247900e-19,-3.70343800e-19,-4.87552800e-19,-6.95899700e-19,-6.76073400e-19,-1.92857200e-19,-4.29217100e-19,2.53314000e-19,-2.23414200e-19,2.37349400e-19,2.94835300e-19,-3.98076600e-20
1.28966080e+06,-7.68759700e+00,1.62940500e-21,-1.06206700e-19,-9.71194500e-20,4.74756900e-20,1.90649400e-19,-3.21222700e-19,-3.70347700e-19,-4.87552800e-19,-6.95899700e-19,-6.76073400e-19,-1.92861900e-19,-4.29247000e-19,2.53245600e-19,-2.23260100e-19,2.37864600e-19,2.96818800e-19,-4.26864100e-20
1.29366080e+06,-7.68465600e+00,1.63889200e-21,-1.06459600e-19,-9.71572800e-20,4.72033000e-20,1.90623000e-19,-3.21227100e-19,-3.70352300e-19,-4.87552800e-19,-6.95899700e-19,-6.76073400e-19,-1.92865600e-19,-4.29275400e-19,2.53272300e-19,-2.23038600e-19,2.38524600e-19,2.98531300e-19,-4.53964400e-20
1.29766080e+06,-7.68182200e+00,1.86248500e-21,-1.06805300e-19,-9.72092100e-20,4.68059900e-20,1.90604000e-19,-3.21232400e-19,-3.70356600e-19,-4.87552800e-19,-6.95899700e-19,-6.76073400e-19,-1.92869600e-19,-4.29273700e-19,2.53216500e-19,-2.22895200e-19,2.39148400e-19,3.00405000e-19,-4.83465100e-20
1.30166080e+06,-7.67911300e+00,1.88254700e-21,-1.06964200e-19,-9.72915300e-20,4.64477800e-20,1.90554800e-19,-3.21205800e-19,-3.70361400e-19,-4.87552800e-19,-6.95899700e-19,-6.76073400e-19,-1.92873100e-19,-4.29319800e-19,2.53127400e-19,-2.22703000e-19,2.39741300e-19,3.02167800e-19,-5.12684500e-20
1.30566080e+06,-7.67655000e+00,2.12369900e-21,-1.07220600e-19,-9.74579300e-20,4.60383200e-20,1.90523900e-19,-3.21226900e-19,-3.70364500e-19,-4.87552800e-19,-6.95899700e-19,-6.76073400e-19,-1.92877500e-19,-4.29354100e-19,2.53150600e-19,-2.22297200e-19,2.40338000e-19,3.03725100e-19,-5.42648600e-20
1.30966080e+06,-7.67415900e+00,2.37678100e-21,-1.07431800e-19,-9.74799000e-20,4.56066500e-20,1.90585800e-19,-3.21219100e-19,-3.70369300e-19,-4.87552900e-19,-6.95899700e-19,-6.76073400e-19,-1.92878900e-19,-4.29393400e-19,2.53147900e-19,-2.22139500e-19,2.40925700e-19,3.05353300e-19,-5.73661800e-20
1.31366080e+06,-7.67196800e+00,2.62046000e-21,-1.07655400e-19,-9.74569500e-20,4.51858600e-20,1.90563900e-19,-3.21205800e-19,-3.70372700e-19,-4.87552900e-19,-6.95899700e-19,-6.76073400e-19,-1.92883000e-19,-4.29393200e-19,2.53196300e-19,-2.21948800e-19,2.41433100e-19,3.07123600e-19,-6.02077800e-20
1.31766080e+06,-7.67001400e+00,2.81363400e-21,-1.07799900e-19,-9.76806000e-20,4.48540400e-20,1.90480200e-19,-3.21216900e-19,-3.70376800e-19,-4.87552900e-19,-6.95899700e-19,-6.76073400e-19,-1.92888900e-19,-4.29423100e-19,2.53152100e-19,-2.21662200e-19,2.42115500e-19,3.08607000e-19,-6.33212400e-20
1.32166080e+06,-7.66833600e+00,3.10178000e-21,-1.07984200e-19,-9.75681600e-20,4.43853800e-20,1.90503800e-19,-3.21239700e-19,-3.70379900e-19,-4.87552900e-19,-6.95899700e-19,-6.76073400e-19,-1.92892300e-19,-4.29492900e-19,2.53069300e-19,-2.21392000e-19,2.42806900e-19,3.10205800e-19,-6.65522700e-20
1.32566080e+06,-7.66698200e+00,3.30184000e-21,-1.08348600e-19,-9.77148000e-20,4.38534600e-20,1.90453200e-19,-3.21280400e-19,-3.70384100e-19,-4.87552900e-19,-6.95899700e-19,-6.76073400e-19,-1.92896300e-19,-4.29507800e-19,2.53163000e-19,-2.21032600e-19,2.43402200e-19,3.11764800e-19,-6.95933300e-20
1.32966080e+06,-7.66600700e+00,3.50360300e-21,-1.08575700e-19,-9.78870100e-20,4.33562600e-20,1.90384700e-19,-3.21308800e-19,-3.70387500e-19,-4.87552900e-19,-6.95899700e-19,-6.76073400e-19,-1.92899300e-19,-4.29519600e-19,2.53159400e-19,-2.20803900e-19,2.44090600e-19,3.13315100e-19,-7.28242800e-20
1.33366080e+06,-7.66547400e+00,3.69192900e-21,-1.08903000e-19,-9.79948800e-20,4.30229300e-20,1.90293000e-19,-3.21316600e-19,-3.70392500e-19,-4.87552900e-19,-6.95899700e-19,-6.76073400e-19,-1.92902000e-19,-4.29545400e-19,2.53146600e-19,-2.20490400e-19,2.44739100e-19,3.14816100e-19,-7.59919300e-20
1.33766080e+06,-7.66545200e+00,4.11437600e-21,-1.09200900e-19,-9.81638400e-20,4.25555700e-20,1.90276000e-19,-3.21305900e-19,-3.70397900e-19,-4.87552900e-19,-6.95899700e-19,-6.76073400e-19,-1.92905400e-19,-4.29580500e-19,2.53216700e-19,-2.20204600e-19,2.45514400e-19,3.16630100e-19,-7.93858900e-20
1.34166080e+06,-7.66602000e+00,4.42506600e-21,-1.09335600e-19,-9.82976700e-20,4.22860200e-20,1.90180200e-19,-3.21330900e-19,-3.70400400e-19,-4.87552900e-19,-6.95899700e-19,-6.76073400e-19,-1.92909200e-19,-4.29610800e-19,2.53260900e-19,-2.19902600e-19,2.46296900e-19,3.18190900e-19,-8.30011500e-20
1.34566080e+06,-7.66726100e+00,4.87542700e-21,-1.09676400e-19,-9.83292000e-20,4.18238800e-20,1.90132300e-19,-3.21367600e-19,-3.70404700e-19,-4.87552900e-19,-6.95899700e-19,-6.76073400e-19,-1.92914300e-19,-4.29637700e-19,2.53354200e-19,-2.19579100e-19,2.47093300e-19,3.19912500e-19,-8.65415400e-20
1.34966080e+06,-7.66926600e+00,5.27266200e-21,-1.10022700e-19,-9.81484500e-20,4.14277900e-20,1.90102900e-19,-3.21378700e-19,-3.70409200e-19,-4.87552900e-19,-6.95899700e-19,-6.76073400e-19,-1.92918800e-19,-4.29671000e-19,2.53415900e-19,-2.19307600e-19,2.47944400e-19,3.22019200e-19,-8.99516500e-20
1.35366080e+06,-7.67212700e+00,5.58408800e-21,-1.10545400e-19,-9.81773800e-20,4.10501500e-20,1.90087300e-19,-3.21399600e-19,-3.70413700e-19,-4.87552900e-19,-6.95899700e-19,-6.76073400e-19,-1.92922800e-19,-4.29695200e-19,2.53528000e-19,-2.19174300e-19,2.48646600e-19,3.23845100e-19,-9.34009700e-20
1.35766080e+06,-7.67593800e+00,5.92205600e-21,-1.11062500e-19,-9.84604600e-20,4.06557200e-20,1.90057900e-19,-3.21439500e-19,-3.70418400e-19,-4.87552900e-19,-6.95899700e-19,-6.76073400e-19,-1.92926900e-19,-4.29715600e-19,2.53638300e-19,-2.18856200e-19,2.49220200e-19,3.25856400e-19,-9.69924200e-20
1.36166080e+06,-7.68078600e+00,6.38857000e-21,-1.11417400e-19,-9.85854700e-20,4.02449000e-20,1.90073400e-19,-3.21454100e-19,-3.70422900e-19,-4.87552900e-19,-6.95899700e-19,-6.76073400e-19,-1.92930500e-19,-4.29748200e-19,2.53818800e-19,-2.18732600e-19,2.49755300e-19,3.27991900e-19,-1.00393500e-19
1.36566080e+06,-7.68675000e+00,6.86535100e-21,-1.11735600e-19,-9.86022300e-20,3.98156200e-20,1.90063400e-19,-3.21465400e-19,-3.70427100e-19,-4.87552900e-19,-6.95899700e-19,-6.76073500e-19,-1.92934300e-19,-4.29760100e-19,2.53897000e-19,-2.18659900e-19,2.50412400e-19,3.30298900e-19,-1.03849300e-19
1.36966080e+06,-7.69389300e+00,7.44161800e-21,-1.11790700e-19,-9.86336400e-20,3.92872500e-20,1.90014800e-19,-3.21482900e-19,-3.70431700e-19,-4.87552900e-19,-6.95899700e-19,-6.76073500e-19,-1.92937600e-19,-4.29753400e-19,2.54066300e-19,-2.18622100e-19,2.50972400e-19,3.32693600e-19,-1.07333900e-19
1.37366080e+06,-7.70225700e+00,7.79882200e-21,-1.11805000e-19,-9.86943000e-20,3.87116700e-20,1.89997000e-19,-3.21507700e-19,-3.70435800e-19,-4.87552900e-19,-6.95899700e-19,-6.76073500e-19,-1.92940900e-19,-4.29746800e-19,2.54243600e-19,-2.18710400e-19,2.51475800e-19,3.34980800e-19,-1.10746500e-19
1.37766080e+06,-7.71185700e+00,8.32397500e-21,-1.11921100e-19,-9.87949400e-20,3.80414400e-20,1.89966900e-19,-3.21516400e-19,-3.70440500e-19,-4.87552900e-19,-6.95899700e-19,-6.76073500e-19,-1.92945600e-19,-4.29743000e-19,2.54377100e-19,-2.18671800e-19,2.52004400e-19,3.37220400e-19,-1.14127800e-19
1.38166080e+06,-7.71593700e+00,8.93275700e-21,-1.12002700e-19,-9.87765000e-20,3.75097600e-20,1.89964400e-19,-3.21545400e-19,-3.70445000e-19,-4.87552900e-19,-6.95899700e-19,-6.76073500e-19,-1.92948800e-19,-4.29787800e-19,2.54476400e-19,-2.18655200e-19,2.52564700e-19,3.39622500e-19,-1.17393100e-19
1.38566080e+06,-7.71120800e+00,9.48541000e-21,-1.11950000e-19,-9.85936400e-20,3.69411300e-20,1.89915300e-19,-3.21529900e-19,-3.70448800e-19,-4.87552900e-19,-6.95899700e-19,-6.76073500e-19,-1.92953200e-19,-4.29816300e-19,2.54537700e-19,-2.18507100e-19,2.53136300e-19,3.41878900e-19,-1.20680600e-19
1.38966080e+06,-7.70682300e+00,9.93231600e-21,-1.11947300e-19,-9.86408300e-20,3.62914200e-20,1.89826400e-19,-3.21520000e-19,-3.70454000e-19,-4.87552900e-19,-6.95899700e-19,-6.76073500e-19,-1.92956800e-19,-4.29837800e-19,2.54638000e-19,-2.18370300e-19,2.53788300e-19,3.44161900e-19,-1.24022300e-19
1.39366080e+06,-7.70284700e+00,1.05811000e-20,-1.11845300e-19,-9.87980900e-20,3.59324800e-20,1.89922900e-19,-3.21559900e-19,-3.70458500e-19,-4.87552900e-19,-6.95899700e-19,-6.76073500e-19,-1.92961800e-19,-4.29831000e-19,2.54762700e-19,-2.18256100e-19,2.54383100e-19,3.46325400e-19,-1.27286700e-19
1.39766080e+06,-7.69935300e+00,1.13865500e-20,-1.11926300e-19,-9.87465800e-20,3.55762200e-20,1.89949700e-19,-3.21637800e-19,-3.70463300e-19,-4.87552900e-19,-6.95899700e-19,-6.76073500e-19,-1.92966500e-19,-4.29770400e-19,2.54876900e-19,-2.18240900e-19,2.54939900e-19,3.48536700e-19,-1.30504000e-19
1.40166080e+06,-7.69641800e+00,1.22331400e-20,-1.12199700e-19,-9.88414800e-20,3.52912300e-20,1.89820800e-19,-3.21694200e-19,-3.70467400e-19,-4.87552900e-19,-6.95899700e-19,-6.76073500e-19,-1.92969500e-19,-4.29735200e-19,2.55001900e-19,-2.18166200e-19,2.55580700e-19,3.50466600e-19,-1.33831900e-19
1.40566080e+06,-7.69412700e+00,1.32475000e-20,-1.12436700e-19,-9.89084400e-20,3.50726200e-20,1.89710400e-19,-3.21737700e-19,-3.70471700e-19,-4.87552900e-19,-6.95899700e-19,-6.76073500e-19,-1.92974500e-19,-4.29682400e-19,2.55136900e-19,-2.18138900e-19,2.56157100e-19,3.52431500e-19,-1.36751900e-19
1.40966080e+06,-7.69257000e+00,1.39379500e-20,-1.12745900e-19,-9.89991200e-20,3.48516200e-20,1.89742300e-19,-3.21802700e-19,-3.70475600e-19,-4.87552900e-19,-6.95899700e-19,-6.76073500e-19,-1.92980700e-19,-4.29621200e-19,2.55305400e-19,-2.18166600e-19,2.56768500e-19,3.54416200e-19,-1.39717800e-19
1.41366080e+06,-7.69183600e+00,1.46346300e-20,-1.12853100e-19,-9.91164700e-20,3.46452600e-20,1.89777800e-19,-3.21853500e-19,-3.70479800e-19,-4.87552900e-19,-6.95899700e-19,-6.76073500e-19,-1.92985000e-19,-4.29582700e-19,2.55408100e-19,-2.18150000e-19,2.57137900e-19,3.56251300e-19,-1.42642700e-19
1.41766080e+06,-7.68870600e+00,1.52077100e-20,-1.13274900e-19,-9.91808700e-20,3.44787400e-20,1.89695800e-19,-3.21895700e-19,-3.70482000e-19,-4.87552900e-19,-6.95899700e-19,-6.76073500e-19,-1.92987500e-19,-4.29531300e-19,2.55387900e-19,-2.18076500e-19,2.57542900e-19,3.58315700e-19,-1.45553000e-19
1.42166080e+06,-7.68364400e+00,1.59809500e-20,-1.13707400e-19,-9.92700700e-20,3.42397100e-20,1.89531900e-19,-3.21932100e-19,-3.70485600e-19,-4.87552900e-19,-6.95899700e-19,-6.76073500e-19,-1.92990900e-19,-4.29519100e-19,2.55380200e-19,-2.18141400e-19,2.58114000e-19,3.60500800e-19,-1.48446600e-19
1.42566080e+06,-7.67903800e+00,1.68620000e-20,-1.14154300e-19,-9.93449700e-20,3.40776700e-20,1.89433300e-19,-3.21980900e-19,-3.70489100e-19,-4.87552900e-19,-6.95899700e-19,-6.76073500e-19,-1.92993700e-19,-4.29484800e-19,2.55407600e-19,-2.17969400e-19,2.58746600e-19,3.62597900e-19,-1.51563400e-19
1.42966080e+06,-7.67497100e+00,1.77838700e-20,-1.14449900e-19,-9.95662900e-20,3.39424100e-20,1.89352800e-19,-3.22043900e-19,-3.70490800e-19,-4.87552900e-19,-6.95899700e-19,-6.76073500e-19,-1.92997700e-19,-4.29474100e-19,2.55392100e-19,-2.17924300e-19,2.59148900e-19,3.65038500e-19,-1.54529300e-19
1.43366080e+06,-7.67153000e+00,1.84811500e-20,-1.14990000e-19,-9.99128200e-20,3.35582100e-20,1.89353600e-19,-3.22103300e-19,-3.70494200e-19,-4.87552900e-19,-6.95899700e-19,-6.76073500e-19,-1.93001600e-19,-4.29472200e-19,2.55494400e-19,-2.17843100e-19,2.59781700e-19,3.67269800e-19,-1.57391500e-19
1.43766080e+06,-7.66881000e+00,1.92695800e-20,-1.15045900e-19,-1.00082400e-19,3.32653600e-20,1.89387300e-19,-3.22182300e-19,-3.70497800e-19,-4.87552900e-19,-6.95899700e-19,-6.76073500e-19,-1.93005900e-19,-4.29428600e-19,2.55563800e-19,-2.17776600e-19,2.60321400e-19,3.69557500e-19,-1.60286600e-19
1.44166080e+06,-7.66691100e+00,1.99894400e-20,-1.15212900e-19,-1.00282400e-19,3.30057100e-20,1.89364000e-19,-3.22237900e-19,-3.70500500e-19,-4.87553000e-19,-6.95899700e-19,-6.76073500e-19,-1.93009700e-19,-4.29419600e-19,2.55497800e-19,-2.17756100e-19,2.60760200e-19,3.71866200e-19,-1.63208400e-19
1.44566080e+06,-7.66593700e+00,2.08534600e-20,-1.15090100e-19,-1.00474300e-19,3.27445800e-20,1.89289300e-19,-3.22286200e-19,-3.70502600e-19,-4.87553000e-19,-6.95899700e-19,-6.76073600e-19,-1.93014400e-19,-4.29417700e-19,2.55510700e-19,-2.17880600e-19,2.61222900e-19,3.74231100e-19,-1.66081300e-19
1.44966080e+06,-7.66599500e+00,2.17728400e-20,-1.14835800e-19,-1.00621300e-19,3.25895600e-20,1.89259800e-19,-3.22320700e-19,-3.70505300e-19,-4.87553000e-19,-6.95899700e-19,-6.76073600e-19,-1.93018400e-19,-4.29407800e-19,2.55562800e-19,-2.17712700e-19,2.61610900e-19,3.76394900e-19,-1.68804100e-19
1.45366080e+06,-7.66718800e+00,2.25829100e-20,-1.14909600e-19,-1.00907600e-19,3.24487100e-20,1.89130900e-19,-3.22350800e-19,-3.70506700e-19,-4.87553000e-19,-6.95899700e-19,-6.76073600e-19,-1.93022200e-19,-4.29374400e-19,2.55593000e-19,-2.17705800e-19,2.61990100e-19,3.78763700e-19,-1.71623300e-19
1.45766080e+06,-7.66961400e+00,2.33572300e-20,-1.14810900e-19,-1.01100900e-19,3.23770200e-20,1.89190200e-19,-3.22393400e-19,-3.70510100e-19,-4.87553000e-19,-6.95899700e-19,-6.76073600e-19,-1.93024600e-19,-4.29323800e-19,2.55615600e-19,-2.17698400e-19,2.62378800e-19,3.81101200e-19,-1.74411600e-19
1.46166080e+06,-7.67336000e+00,2.42369100e-20,-1.14615800e-19,-1.01379600e-19,3.21516900e-20,1.89155100e-19,-3.22424300e-19,-3.70512500e-19,-4.87553000e-19,-6.95899700e-19,-6.76073600e-19,-1.93028900e-19,-4.29304900e-19,2.55603500e-19,-2.17693200e-19,2.63003000e-19,3.83474900e-19,-1.77158400e-19
1.46566080e+06,-7.67849500e+00,2.50201000e-20,-1.14264100e-19,-1.01706500e-19,3.19574400e-20,1.89156500e-19,-3.22488200e-19,-3.70516200e-19,-4.87553000e-19,-6.95899700e-19,-6.76073600e-19,-1.93031400e-19,-4.29282800e-19,2.55560400e-19,-2.17671600e-19,2.63567700e-19,3.85859900e-19,-1.79918800e-19
1.46966080e+06,-7.68506800e+00,2.54950900e-20,-1.13976400e-19,-1.02026200e-19,3.19022600e-20,1.89108500e-19,-3.22516600e-19,-3.70519600e-19,-4.87553000e-19,-6.95899700e-19,-6.76073600e-19,-1.93034700e-19,-4.29273800e-19,2.55533800e-19,-2.17726500e-19,2.64226400e-19,3.88104300e-19,-1.82679900e-19
1.47366080e+06,-7.69309700e+00,2.62150300e-20,-1.13498800e-19,-1.02228900e-19,3.16903100e-20,1.89018500e-19,-3.22607200e-19,-3.70524400e-19,-4.87553000e-19,-6.95899700e-19,-6.76073600e-19,-1.93039100e-19,-4.29190200e-19,2.55531200e-19,-2.17753200e-19,2.64620000e-19,3.90407800e-19,-1.85522200e-19
1.47766080e+06,-7.70150700e+00,2.70101900e-20,-1.13100700e-19,-1.02423900e-19,3.16463600e-20,1.89065700e-19,-3.22696000e-19,-3.70527400e-19,-4.87553000e-19,-6.95899700e-19,-6.76073600e-19,-1.93041700e-19,-4.29118300e-19,2.55520300e-19,-2.17852400e-19,2.65067700e-19,3.92482500e-19,-1.88256700e-19
1.48166080e+06,-7.69613300e+00,2.77681000e-20,-1.12496600e-19,-1.02779000e-19,3.14584500e-20,1.89052000e-19,-3.22775800e-19,-3.70530400e-19,-4.87553000e-19,-6.95899700e-19,-6.76073600e-19,-1.93046500e-19,-4.29058900e-19,2.55530300e-19,-2.17942300e-19,2.65556300e-19,3.94545900e-19,-1.91059700e-19
1.48566080e+06,-7.69115700e+00,2.85562500e-20,-1.12136700e-19,-1.02954400e-19,3.11338500e-20,1.88931300e-19,-3.22835000e-19,-3.70530700e-19,-4.87553000e-19,-6.95899700e-19,-6.76073600e-19,-1.93048600e-19,-4.29042200e-19,2.55425400e-19,-2.17974100e-19,2.66130300e-19,3.96671700e-19,-1.93793300e-19
1.48966080e+06,-7.68659300e+00,2.94003500e-20,-1.11742000e-19,-1.03125400e-19,3.08295800e-20,1.88882500e-19,-3.22859800e-19,-3.70533000e-19,-4.87553000e-19,-6.95899700e-19,-6.76073600e-19,-1.93052200e-19,-4.28995900e-19,2.55591600e-19,-2.17978700e-19,2.66864900e-19,3.98729600e-19,-1.96454500e-19
1.49366080e+06,-7.68244800e+00,3.01177800e-20,-1.11269500e-19,-1.03299700e-19,3.06518600e-20,1.88786100e-19,-3.22892800e-19,-3.70535000e-19,-4.87553000e-19,-6.95899700e-19,-6.76073600e-19,-1.93056100e-19,-4.28920200e-19,2.55602800e-19,-2.18168000e-19,2.67376700e-19,4.00790700e-19,-1.98957900e-19
1.49766080e+06,-7.67872400e+00,3.09397000e-20,-1.10826200e-19,-1.03457500e-19,3.04460500e-20,1.88610100e-19,-3.22986300e-19,-3.70536700e-19,-4.87553000e-19,-6.95899700e-19,-6.76073600e-19,-1.93058700e-19,-4.28881500e-19,2.55557300e-19,-2.18141300e-19,2.67869200e-19,4.03115600e-19,-2.01356400e-19
1.50166080e+06,-7.67541800e+00,3.16427600e-20,-1.10351400e-19,-1.03541000e-19,3.02269400e-20,1.88461800e-19,-3.23058400e-19,-3.70539000e-19,-4.87553000e-19,-6.95899700e-19,-6.76073600e-19,-1.93062100e-19,-4.28877700e-19,2.55561600e-19,-2.18199700e-19,2.68171400e-19,4.05131900e-19,-2.03800800e-19
1.50566080e+06,-7.67252100e+00,3.25498200e-20,-1.09787600e-19,-1.03561500e-19,3.00939800e-20,1.88368000e-19,-3.23128200e-19,-3.70540400e-19,-4.87553000e-19,-6.95899700e-19,-6.76073600e-19,-1.93066400e-19,-4.28837500e-19,2.55524800e-19,-2.18298600e-19,2.68474200e-19,4.07131200e-19,-2.06198700e-19
1.50966080e+06,-7.67002300e+00,3.32585800e-20,-1.09303400e-19,-1.03776400e-19,3.00721500e-20,1.88113300e-19,-3.23165500e-19,-3.70541300e-19,-4.87553000e-19,-6.95899700e-19,-6.76073600e-19,-1.93069700e-19,-4.28867900e-19,2.55437200e-19,-2.18417700e-19,2.68855000e-19,4.09002200e-19,-2.08563900e-19
1.51366080e+06,-7.66791400e+00,3.39471800e-20,-1.08987400e-19,-1.03881300e-19,3.00678600e-20,1.87977600e-19,-3.23173000e-19,-3.70543800e-19,-4.87553000e-19,-6.95899700e-19,-6.76073600e-19,-1.93072500e-19,-4.28812200e-19,2.55393000e-19,-2.18554700e-19,2.69128800e-19,4.10893500e-19,-2.10838600e-19
1.51766080e+06,-7.66618000e+00,3.47033900e-20,-1.08535600e-19,-1.04096800e-19,3.00714100e-20,1.87847400e-19,-3.23229400e-19,-3.70545700e-19,-4.87553000e-19,-6.95899700e-19,-6.76073600e-19,-1.93076300e-19,-4.28804500e-19,2.55454900e-19,-2.18598200e-19,2.69368900e-19,4.12775900e-19,-2.13085100e-19
1.52166080e+06,-7.66481300e+00,3.54664900e-20,-1.08058200e-19,-1.03905400e-19,3.00700200e-20,1.87790300e-19,-3.23304500e-19,-3.70548200e-19,-4.87553000e-19,-6.95899700e-19,-6.76073700e-19,-1.93081500e-19,-4.28772300e-19,2.55494500e-19,-2.18680500e-19,2.69647100e-19,4.15019800e-19,-2.15365200e-19
1.52566080e+06,-7.66380400e+00,3.62314500e-20,-1.07674600e-19,-1.04113900e-19,3.00068200e-20,1.87661200e-19,-3.23355100e-19,-3.70549000e-19,-4.87553000e-19,-6.95899700e-19,-6.76073700e-19,-1.93084800e-19,-4.28737700e-19,2.55530300e-19,-2.18854500e-19,2.69912200e-19,4.17298800e-19,-2.17645700e-19
1.52966080e+06,-7.66315100e+00,3.69047100e-20,-1.07238900e-19,-1.04204000e-19,2.99502100e-20,1.87541700e-19,-3.23419700e-19,-3.70550600e-19,-4.87553000e-19,-6.95899700e-19,-6.76073700e-19,-1.93088700e-19,-4.28720700e-19,2.55613500e-19,-2.18956200e-19,2.70294800e-19,4.19554500e-19,-2.19902400e-19
1.53366080e+06,-7.66285500e+00,3.76028000e-20,-1.06886300e-19,-1.04263200e-19,2.98791000e-20,1.87392400e-19,-3.23494700e-19,-3.70552800e-19,-4.87553000e-19,-6.95899700e-19,-6.76073700e-19,-1.93093300e-19,-4.28676500e-19,2.55695900e-19,-2.19038500e-19,2.70570800e-19,4.21718000e-19,-2.21976100e-19
1.53766080e+06,-7.66292400e+00,3.82757200e-20,-1.06444500e-19,-1.04318500e-19,2.97200500e-20,1.87270000e-19,-3.23589800e-19,-3.70555700e-19,-4.87553000e-19,-6.95899700e-19,-6.76073700e-19,-1.93096400e-19,-4.28622000e-19,2.55719800e-19,-2.19064100e-19,2.70754300e-19,4.23959400e-19,-2.24092700e-19
1.54166080e+06,-7.66337300e+00,3.90055200e-20,-1.06170100e-19,-1.04464200e-19,2.96811500e-20,1.87092700e-19,-3.23615200e-19,-3.70556800e-19,-4.87553000e-19,-6.95899700e-19,-6.76073700e-19,-1.93102300e-19,-4.28586500e-19,2.55726800e-19,-2.19100300e-19,2.70928600e-19,4.26115700e-19,-2.26236900e-19
1.54566080e+06,-7.66422300e+00,3.96803000e-20,-1.05789700e-19,-1.04500500e-19,2.96613800e-20,1.86977700e-19,-3.23633000e-19,-3.70559500e-19,-4.87553000e-19,-6.95899700e-19,-6.76073700e-19,-1.93107300e-19,-4.28569600e-19,2.55791100e-19,-2.19126900e-19,2.71266500e-19,4.28066200e-19,-2.28345400e-19
1.54966080e+06,-7.66550500e+00,4.04113700e-20,-1.05448500e-19,-1.04771300e-19,2.97280700e-20,1.86828100e-19,-3.23654400e-19,-3.70561700e-19,-4.87553000e-19,-6.95899700e-19,-6.76073700e-19,-1.93112400e-19,-4.28528500e-19,2.55797100e-19,-2.19283900e-19,2.71512700e-19,4.30194800e-19,-2.30290300e-19
1.55366080e+06,-7.66725700e+00,4.10495700e-20,-1.05157200e-19,-1.04797200e-19,2.96052000e-20,1.86624700e-19,-3.23696900e-19,-3.70565100e-19,-4.87553000e-19,-6.95899700e-19,-6.76073700e-19,-1.93115700e-19,-4.28508800e-19,2.55784800e-19,-2.19338900e-19,2.71823900e-19,4.32205000e-19,-2.32341300e-19
1.55766080e+06,-7.66952400e+00,4.17090900e-20,-1.04760700e-19,-1.04922200e-19,2.95374200e-20,1.86453000e-19,-3.23762200e-19,-3.70568100e-19,-4.87553000e-19,-6.95899700e-19,-6.76073700e-19,-1.93118900e-19,-4.28441300e-19,2.55817900e-19,-2.19440500e-19,2.72158600e-19,4.34109100e-19,-2.34338600e-19
1.56166080e+06,-7.67235900e+00,4.24131900e-20,-1.04588700e-19,-1.04926000e-19,2.93205000e-20,1.86294700e-19,-3.23857900e-19,-3.70569900e-19,-4.87553000e-19,-6.95899700e-19,-6.76073700e-19,-1.93125000e-19,-4.28393900e-19,2.55816700e-19,-2.19660300e-19,2.72341800e-19,4.36185100e-19,-2.36345900e-19
1.56566080e+06,-7.67582400e+00,4.30749200e-20,-1.04162700e-19,-1.04942800e-19,2.93353200e-20,1.86162500e-19,-3.23910200e-19,-3.70571700e-19,-4.87553000e-19,-6.95899700e-19,-6.76073700e-19,-1.93128800e-19,-4.28349900e-19,2.55822900e-19,-2.19798200e-19,2.72588600e-19,4.38243800e-19,-2.38244200e-19
1.56966080e+06,-7.67998100e+00,4.37118600e-20,-1.03682100e-19,-1.04970300e-19,2.91853100e-20,1.85989000e-19,-3.23944900e-19,-3.70574500e-19,-4.87553100e-19,-6.95899700e-19,-6.76073700e-19,-1.93132200e-19,-4.28274300e-19,2.55802400e-19,-2.19928600e-19,2.72755700e-19,4.40099500e-19,-2.40073100e-19
1.57366080e+06,-7.68489700e+00,4.42848300e-20,-1.03369600e-19,-1.04857800e-19,2.91050400e-20,1.85729200e-19,-3.24003700e-19,-3.70577700e-19,-4.87553100e-19,-6.95899700e-19,-6.76073700e-19,-1.93134900e-19,-4.28249500e-19,2.55809600e-19,-2.20235200e-19,2.72874700e-19,4.41834900e-19,-2.41944500e-19
1.57766080e+06,-7.69063700e+00,4.48986400e-20,-1.03039600e-19,-1.04621200e-19,2.89440900e-20,1.85560400e-19,-3.24068000e-19,-3.70581200e-19,-4.87553100e-19,-6.95899700e-19,-6.76073700e-19,-1.93140200e-19,-4.28190000e-19,2.55899300e-19,-2.20307700e-19,2.73098700e-19,4.43612500e-19,-2.43778500e-19
1.58166080e+06,-7.69726300e+00,4.55243700e-20,-1.02685000e-19,-1.04430200e-19,2.88324300e-20,1.85289700e-19,-3.24127600e-19,-3.70583700e-19,-4.87553100e-19,-6.95899700e-19,-6.76073700e-19,-1.93144700e-19,-4.28171400e-19,2.55868600e-19,-2.20448800e-19,2.73396000e-19,4.45508600e-19,-2.45532500e-19
1.58566080e+06,-7.70482700e+00,4.61089200e-20,-1.02397200e-19,-1.04252400e-19,2.88871900e-20,1.85058400e-19,-3.24130900e-19,-3.70586500e-19,-4.87553100e-19,-6.95899700e-19,-6.76073700e-19,-1.93151100e-19,-4.28161400e-19,2.55943200e-19,-2.20545900e-19,2.73500100e-19,4.47235700e-19,-2.47350400e-19
1.58966080e+06,-7.71336600e+00,4.66676100e-20,-1.01965500e-19,-1.03986100e-19,2.87560900e-20,1.84745300e-19,-3.24207200e-19,-3.70589300e-19,-4.87553100e-19,-6.95899700e-19,-6.76073700e-19,-1.93156100e-19,-4.28104300e-19,2.55864300e-19,-2.20656600e-19,2.73814200e-19,4.48941900e-19,-2.49109100e-19
1.59366080e+06,-7.72290300e+00,4.72700900e-20,-1.01657200e-19,-1.03929200e-19,2.87033000e-20,1.84487300e-19,-3.24263200e-19,-3.70591400e-19,-4.87553100e-19,-6.95899700e-19,-6.76073800e-19,-1.93160600e-19,-4.28079800e-19,2.55897600e-19,-2.20653300e-19,2.74192000e-19,4.50527200e-19,-2.50866900e-19
1.59766080e+06,-7.72791700e+00,4.79026300e-20,-1.01398900e-19,-1.03750300e-19,2.86586900e-20,1.84263600e-19,-3.24352500e-19,-3.70593000e-19,-4.87553100e-19,-6.95899700e-19,-6.76073800e-19,-1.93164900e-19,-4.28027500e-19,2.55833900e-19,-2.20669400e-19,2.74583100e-19,4.52069100e-19,-2.52536100e-19
1.60166080e+06,-7.72358400e+00,4.86095300e-20,-1.01001600e-19,-1.03635500e-19,2.86923100e-20,1.83939900e-19,-3.24428000e-19,-3.70594900e-19,-4.87553100e-19,-6.95899700e-19,-6.76073800e-19,-1.93169500e-19,-4.27976000e-19,2.55864500e-19,-2.20719100e-19,2.74977500e-19,4.53678400e-19,-2.54248600e-19
1.60566080e+06,-7.71957200e+00,4.91575100e-20,-1.00563100e-19,-1.03417400e-19,2.86478500e-20,1.83621000e-19,-3.24539800e-19,-3.70597700e-19,-4.87553100e-19,-6.95899700e-19,-6.76073800e-19,-1.93172800e-19,-4.27968400e-19,2.55757600e-19,-2.20760700e-19,2.75295300e-19,4.55119000e-19,-2.55924500e-19
1.60966080e+06,-7.71588200e+00,4.96625100e-20,-1.00097900e-19,-1.03051400e-19,2.87250000e-20,1.83380200e-19,-3.24594600e-19,-3.70599100e-19,-4.87553100e-19,-6.95899700e-19,-6.76073800e-19,-1.93177500e-19,-4.27917200e-19,2.55738500e-19,-2.20807600e-19,2.75633200e-19,4.56525300e-19,-2.57538100e-19
1.61366080e+06,-7.71251200e+00,5.00843900e-20,-9.97393600e-20,-1.02591300e-19,2.87586500e-20,1.83145600e-19,-3.24668700e-19,-3.70600100e-19,-4.87553100e-19,-6.95899700e-19,-6.76073800e-19,-1.93182500e-19,-4.27898900e-19,2.55770400e-19,-2.20835200e-19,2.76048600e-19,4.57989300e-19,-2.59149700e-19
1.61766080e+06,-7.70945400e+00,5.06181100e-20,-9.92678800e-20,-1.02286400e-19,2.88281100e-20,1.82906000e-19,-3.24695700e-19,-3.70603100e-19,-4.87553100e-19,-6.95899700e-19,-6.76073800e-19,-1.93186900e-19,-4.27863400e-19,2.55821000e-19,-2.21077600e-19,2.76275900e-19,4.59425700e-19,-2.60689700e-19
1.62166080e+06,-7.70670000e+00,5.11053200e-20,-9.89471600e-20,-1.01948200e-19,2.87267200e-20,1.82701300e-19,-3.24772500e-19,-3.70606300e-19,-4.87553100e-19,-6.95899700e-19,-6.76073800e-19,-1.93191000e-19,-4.27838000e-19,2.55861700e-19,-2.21255100e-19,2.76543700e-19,4.60685400e-19,-2.62293200e-19
1.62566080e+06,-7.70423400e+00,5.14261200e-20,-9.85746300e-20,-1.01629500e-19,2.87885800e-20,1.82453200e-19,-3.24830300e-19,-3.70609700e-19,-4.87553100e-19,-6.95899700e-19,-6.76073800e-19,-1.93193900e-19,-4.27775200e-19,2.55856200e-19,-2.21299300e-19,2.76760200e-19,4.62019500e-19,-2.63851400e-19
1.62966080e+06,-7.70204300e+00,5.17867400e-20,-9.80979500e-20,-1.01163300e-19,2.87678900e-20,1.82198600e-19,-3.24844700e-19,-3.70611400e-19,-4.87553100e-19,-6.95899700e-19,-6.76073800e-19,-1.93198800e-19,-4.27745500e-19,2.55780000e-19,-2.21379300e-19,2.76981600e-19,4.63142100e-19,-2.65431000e-19
1.63366080e+06,-7.70010900e+00,5.21120400e-20,-9.76947000e-20,-1.00800500e-19,2.87198800e-20,1.82009700e-19,-3.24926300e-19,-3.70613800e-19,-4.87553100e-19,-6.95899700e-19,-6.76073800e-19,-1.93202000e-19,-4.27688400e-19,2.55742000e-19,-2.21419100e-19,2.77176900e-19,4.64195100e-19,-2.66986600e-19
1.63766080e+06,-7.69841100e+00,5.24339100e-20,-9.73668400e-20,-1.00360500e-19,2.86743200e-20,1.81774300e-19,-3.24979700e-19,-3.70615600e-19,-4.87553100e-19,-6.95899700e-19,-6.76073800e-19,-1.93207000e-19,-4.27622400e-19,2.55675200e-19,-2.21387600e-19,2.77531800e-19,4.65387700e-19,-2.68435700e-19
1.64166080e+06,-7.69693100e+00,5.27503200e-20,-9.70428300e-20,-9.98910300e-20,2.87459100e-20,1.81645500e-19,-3.25056700e-19,-3.70616300e-19,-4.87553100e-19,-6.95899700e-19,-6.76073800e-19,-1.93212200e-19,-4.27539400e-19,2.55766100e-19,-2.21577600e-19,2.77796900e-19,4.66409600e-19,-2.69804600e-19
1.64566080e+06,-7.69564800e+00,5.30585600e-20,-9.65920600e-20,-9.94980400e-20,2.85985700e-20,1.81382400e-19,-3.25152400e-19,-3.70619200e-19,-4.87553100e-19,-6.95899700e-19,-6.76073800e-19,-1.93217900e-19,-4.27475100e-19,2.55809900e-19,-2.21487600e-19,2.78083200e-19,4.67444000e-19,-2.71188200e-19
1.64966080e+06,-7.69454100e+00,5.34489100e-20,-9.61499300e-20,-9.92407800e-20,2.86830900e-20,1.81092400e-19,-3.25240500e-19,-3.70621500e-19,-4.87553100e-19,-6.95899700e-19,-6.76073800e-19,-1.93222400e-19,-4.27462700e-19,2.55817900e-19,-2.21460000e-19,2.78395700e-19,4.68394100e-19,-2.72564900e-19
1.65366080e+06,-7.69359400e+00,5.38911000e-20,-9.57734700e-20,-9.89184900e-20,2.85912300e-20,1.80757700e-19,-3.25276900e-19,-3.70622600e-19,-4.87553100e-19,-6.95899700e-19,-6.76073800e-19,-1.93228000e-19,-4.27428200e-19,2.55794500e-19,-2.21577500e-19,2.78628500e-19,4.69380400e-19,-2.73851900e-19
1.65766080e+06,-7.69278600e+00,5.43396500e-20,-9.53832200e-20,-9.86151300e-20,2.86091900e-20,1.80432300e-19,-3.25338900e-19,-3.70626800e-19,-4.87553100e-19,-6.95899700e-19,-6.76073800e-19,-1.93230900e-19,-4.27409300e-19,2.55759100e-19,-2.21638300e-19,2.78812500e-19,4.70212800e-19,-2.75191100e-19
1.66166080e+06,-7.69210200e+00,5.47632500e-20,-9.50814300e-20,-9.84288200e-20,2.84393100e-20,1.80179200e-19,-3.25432200e-19,-3.70628600e-19,-4.87553100e-19,-6.95899700e-19,-6.76073900e-19,-1.93235900e-19,-4.27363900e-19,2.55713800e-19,-2.21765400e-19,2.79154700e-19,4.71249400e-19,-2.76469700e-19
1.66566080e+06,-7.69152700e+00,5.51167900e-20,-9.48768300e-20,-9.82276900e-20,2.84740200e-20,1.79905300e-19,-3.25453900e-19,-3.70630000e-19,-4.87553100e-19,-6.95899700e-19,-6.76073900e-19,-1.93238100e-19,-4.27282800e-19,2.55724800e-19,-2.21826300e-19,2.79324600e-19,4.72301800e-19,-2.77700600e-19
1.66966080e+06,-7.69104700e+00,5.55411400e-20,-9.44854100e-20,-9.79523200e-20,2.84365800e-20,1.79657000e-19,-3.25525300e-19,-3.70632000e-19,-4.87553100e-19,-6.95899700e-19,-6.76073900e-19,-1.93241400e-19,-4.27236300e-19,2.55725900e-19,-2.21856000e-19,2.79528000e-19,4.73173900e-19,-2.78994500e-19
1.67366080e+06,-7.69065300e+00,5.59686700e-20,-9.41000400e-20,-9.75505400e-20,2.83812500e-20,1.79441100e-19,-3.25596000e-19,-3.70634800e-19,-4.87553100e-19,-6.95899700e-19,-6.76073900e-19,-1.93246300e-19,-4.27213600e-19,2.55668100e-19,-2.21966300e-19,2.79740000e-19,4.74095800e-19,-2.80249000e-19
1.67766080e+06,-7.69033400e+00,5.63499400e-20,-9.37715700e-20,-9.72046000e-20,2.83014200e-20,1.79120800e-19,-3.25648000e-19,-3.70637800e-19,-4.87553100e-19,-6.95899700e-19,-6.76073900e-19,-1.93250000e-19,-4.27161300e-19,2.55747300e-19,-2.22047100e-19,2.80020600e-19,4.74866400e-19,-2.81565000e-19
1.68166080e+06,-7.69008300e+00,5.67442100e-20,-9.35424600e-20,-9.68634600e-20,2.81565700e-20,1.78887600e-19,-3.25727000e-19,-3.70640400e-19,-4.87553100e-19,-6.95899700e-19,-6.76073900e-19,-1.93255000e-19,-4.27113400e-19,2.55830500e-19,-2.22143100e-19,2.80078900e-19,4.75518300e-19,-2.82732000e-19
1.68566080e+06,-7.68989700e+00,5.71079100e-20,-9.32469700e-20,-9.64717900e-20,2.82156800e-20,1.78677400e-19,-3.25762300e-19,-3.70643900e-19,-4.87553100e-19,-6.95899700e-19,-6.76073900e-19,-1.93259600e-19,-4.27019300e-19,2.55814000e-19,-2.22253400e-19,2.80293100e-19,4.76084500e-19,-2.83902200e-19
1.68966080e+06,-7.68977200e+00,5.74347500e-20,-9.29208400e-20,-9.61865900e-20,2.81226100e-20,1.78455200e-19,-3.25818800e-19,-3.70647500e-19,-4.87553200e-19,-6.95899700e-19,-6.76073900e-19,-1.93263300e-19,-4.26949500e-19,2.55906600e-19,-2.22310000e-19,2.80413700e-19,4.76644700e-19,-2.85056500e-19
1.69366080e+06,-7.68970900e+00,5.78157300e-20,-9.26021200e-20,-9.58476600e-20,2.81574700e-20,1.78166000e-19,-3.25907500e-19,-3.70649600e-19,-4.87553200e-19,-6.95899700e-19,-6.76073900e-19,-1.93266100e-19,-4.26881200e-19,2.55930800e-19,-2.22389700e-19,2.80483100e-19,4.77108800e-19,-2.86146400e-19
1.69766080e+06,-7.68971200e+00,5.81409500e-20,-9.23836600e-20,-9.54950700e-20,2.81923300e-20,1.77955900e-19,-3.26029000e-19,-3.70648400e-19,-4.87553200e-19,-6.95899700e-19,-6.76073900e-19,-1.93271700e-19,-4.26850500e-19,2.55895600e-19,-2.22541400e-19,2.80647700e-19,4.77530700e-19,-2.87248000e-19
1.70166080e+06,-7.68978600e+00,5.85118200e-20,-9.21458000e-20,-9.52404300e-20,2.81657400e-20,1.77651000e-19,-3.26102800e-19,-3.70651700e-19,-4.87553200e-19,-6.95899700e-19,-6.76073900e-19,-1.93276600e-19,-4.26759800e-19,2.55849000e-19,-2.22689500e-19,2.80826100e-19,4.77848000e-19,-2.88317000e-19
1.70566080e+06,-7.68993900e+00,5.88356400e-20,-9.19792000e-20,-9.48566300e-20,2.82214000e-20,1.77412700e-19,-3.26153600e-19,-3.70654400e-19,-4.87553200e-19,-6.95899700e-19,-6.76073900e-19,-1.93282300e-19,-4.26707000e-19,2.55769200e-19,-2.22901300e-19,2.80985000e-19,4.78035500e-19,-2.89357000e-19
1.70966080e+06,-7.69018400e+00,5.91610300e-20,-9.17334700e-20,-9.45271800e-20,2.81406700e-20,1.77130200e-19,-3.26172700e-19,-3.70657300e-19,-4.87553200e-19,-6.95899700e-19,-6.76073900e-19,-1.93287900e-19,-4.26653100e-19,2.55819400e-19,-2.22987900e-19,2.81084100e-19,4.78330300e-19,-2.90405900e-19
1.71366080e+06,-7.69053600e+00,5.94499700e-20,-9.14604600e-20,-9.41658700e-20,2.81238200e-20,1.76835500e-19,-3.26199100e-19,-3.70660600e-19,-4.87553200e-19,-6.95899700e-19,-6.76073900e-19,-1.93291700e-19,-4.26588500e-19,2.55831300e-19,-2.23191800e-19,2.81185200e-19,4.78386800e-19,-2.91465800e-19
1.71766080e+06,-7.69101400e+00,5.97672100e-20,-9.12775800e-20,-9.38023300e-20,2.81257000e-20,1.76548200e-19,-3.26275400e-19,-3.70663100e-19,-4.87553200e-19,-6.95899700e-19,-6.76073900e-19,-1.93296400e-19,-4.26568900e-19,2.55818700e-19,-2.23224600e-19,2.81414300e-19,4.78502600e-19,-2.92522600e-19
1.72166080e+06,-7.69164300e+00,6.00554200e-20,-9.10150400e-20,-9.35362500e-20,2.81710500e-20,1.76250000e-19,-3.26342600e-19,-3.70666600e-19,-4.87553200e-19,-6.95899700e-19,-6.76073900e-19,-1.93300500e-19,-4.26533700e-19,2.55870600e-19,-2.23353300e-19,2.81645900e-19,4.78707100e-19,-2.93544800e-19
1.72566080e+06,-7.69245000e+00,6.03616300e-20,-9.07167700e-20,-9.32142200e-20,2.81357600e-20,1.75913500e-19,-3.26407600e-19,-3.70668900e-19,-4.87553200e-19,-6.95899700e-19,-6.76074000e-19,-1.93307700e-19,-4.26458900e-19,2.55841400e-19,-2.23434400e-19,2.81779900e-19,4.78858600e-19,-2.94618800e-19
1.72966080e+06,-7.69346700e+00,6.06993500e-20,-9.03543600e-20,-9.28496400e-20,2.81492400e-20,1.75654900e-19,-3.26483600e-19,-3.70673500e-19,-4.87553200e-19,-6.95899700e-19,-6.76074000e-19,-1.93313500e-19,-4.26409800e-19,2.55866100e-19,-2.23598100e-19,2.81921400e-19,4.78901500e-19,-2.95694300e-19
1.73366080e+06,-7.69473100e+00,6.09949100e-20,-9.01486400e-20,-9.25664600e-20,2.79332800e-20,1.75481200e-19,-3.26582300e-19,-3.70676900e-19,-4.87553200e-19,-6.95899700e-19,-6.76074000e-19,-1.93319600e-19,-4.26353500e-19,2.55868100e-19,-2.23738000e-19,2.82077200e-19,4.79033500e-19,-2.96688900e-19
1.73766080e+06,-7.69628600e+00,6.12743000e-20,-8.98772700e-20,-9.22902800e-20,2.78979400e-20,1.75292800e-19,-3.26629800e-19,-3.70678900e-19,-4.87553200e-19,-6.95899700e-19,-6.76074000e-19,-1.93324500e-19,-4.26323700e-19,2.55909200e-19,-2.23903400e-19,2.82297800e-19,4.79139800e-19,-2.97765900e-19
1.74166080e+06,-7.69817900e+00,6.16082500e-20,-8.95890200e-20,-9.19277400e-20,2.78361000e-20,1.75152900e-19,-3.26704100e-19,-3.70679500e-19,-4.87553200e-19,-6.95899700e-19,-6.76074000e-19,-1.93330800e-19,-4.26274500e-19,2.55931800e-19,-2.24010400e-19,2.82415200e-19,4.79210700e-19,-2.98796200e-19
1.74566080e+06,-7.70046100e+00,6.18771600e-20,-8.92627500e-20,-9.15826700e-20,2.78252800e-20,1.74852100e-19,-3.26769300e-19,-3.70681300e-19,-4.87553200e-19,-6.95899700e-19,-6.76074000e-19,-1.93338200e-19,-4.26249100e-19,2.55863300e-19,-2.24147000e-19,2.82654800e-19,4.79228500e-19,-2.99791500e-19
1.74966080e+06,-7.70319000e+00,6.22143700e-20,-8.90279800e-20,-9.10825600e-20,2.77513600e-20,1.74551900e-19,-3.26822800e-19,-3.70684600e-19,-4.87553200e-19,-6.95899700e-19,-6.76074000e-19,-1.93344200e-19,-4.26212300e-19,2.55904300e-19,-2.24297400e-19,2.82822100e-19,4.79335700e-19,-3.00765300e-19
1.75366080e+06,-7.70642600e+00,6.24762500e-20,-8.87349800e-20,-9.06315200e-20,2.78105100e-20,1.74128700e-19,-3.26892000e-19,-3.70688200e-19,-4.87553200e-19,-6.95899700e-19,-6.76074000e-19,-1.93350900e-19,-4.26138700e-19,2.55921500e-19,-2.24463300e-19,2.82942900e-19,4.79355800e-19,-3.01770800e-19
1.75766080e+06,-7.71023000e+00,6.27432400e-20,-8.84628200e-20,-9.01794000e-20,2.79272700e-20,1.73723300e-19,-3.26924100e-19,-3.70690200e-19,-4.87553200e-19,-6.95899700e-19,-6.76074000e-19,-1.93354700e-19,-4.26104400e-19,2.55897900e-19,-2.24686900e-19,2.83004800e-19,4.79484100e-19,-3.02741000e-19
1.76166080e+06,-7.71466600e+00,6.30420800e-20,-8.81409500e-20,-8.96950500e-20,2.80160400e-20,1.73425800e-19,-3.27018800e-19,-3.70692000e-19,-4.87553200e-19,-6.95899700e-19,-6.76074000e-19,-1.93362000e-19,-4.26049200e-19,2.55854200e-19,-2.24891800e-19,2.83102900e-19,4.79595000e-19,-3.03687500e-19
1.76566080e+06,-7.71979500e+00,6.33174200e-20,-8.79493700e-20,-8.92193200e-20,2.80852700e-20,1.73120400e-19,-3.27071800e-19,-3.70695300e-19,-4.87553200e-19,-6.95899700e-19,-6.76074000e-19,-1.93366900e-19,-4.26011300e-19,2.55837500e-19,-2.25008500e-19,2.83344500e-19,4.79733600e-19,-3.04596900e-19
1.76966080e+06,-7.72567300e+00,6.36469800e-20,-8.76575500e-20,-8.87294600e-20,2.80618100e-20,1.72752900e-19,-3.27121100e-19,-3.70696000e-19,-4.87553200e-19,-6.95899700e-19,-6.76074000e-19,-1.93371200e-19,-4.25947200e-19,2.55852800e-19,-2.25167900e-19,2.83623000e-19,4.79849000e-19,-3.05549900e-19
1.77366080e+06,-7.73235100e+00,6.39504200e-20,-8.73690300e-20,-8.82960900e-20,2.81666700e-20,1.72395600e-19,-3.27173200e-19,-3.70698400e-19,-4.87553200e-19,-6.95899700e-19,-6.76074000e-19,-1.93377200e-19,-4.25904900e-19,2.55843200e-19,-2.25354600e-19,2.83782700e-19,4.79910700e-19,-3.06516000e-19
1.77766080e+06,-7.73986700e+00,6.42272400e-20,-8.71740100e-20,-8.78972800e-20,2.81957600e-20,1.72093400e-19,-3.27240900e-19,-3.70702000e-19,-4.87553200e-19,-6.95899700e-19,-6.76074000e-19,-1.93380800e-19,-4.25883100e-19,2.55842300e-19,-2.25607200e-19,2.83929100e-19,4.80016800e-19,-3.07491300e-19
1.78166080e+06,-7.73898400e+00,6.45396700e-20,-8.68613600e-20,-8.74714900e-20,2.81503100e-20,1.71756000e-19,-3.27298700e-19,-3.70703300e-19,-4.87553200e-19,-6.95899700e-19,-6.76074000e-19,-1.93386300e-19,-4.25831300e-19,2.55849500e-19,-2.25873100e-19,2.84069900e-19,4.80158800e-19,-3.08458300e-19
1.78566080e+06,-7.73759300e+00,6.48501400e-20,-8.66608500e-20,-8.70540400e-20,2.81720500e-20,1.71487800e-19,-3.27324200e-19,-3.70704200e-19,-4.87553200e-19,-6.95899700e-19,-6.76074000e-19,-1.93393900e-19,-4.25714600e-19,2.55832300e-19,-2.26210900e-19,2.84212100e-19,4.80262600e-19,-3.09445800e-19
1.78966080e+06,-7.73628000e+00,6.52091300e-20,-8.62858900e-20,-8.67249700e-20,2.80894200e-20,1.71143500e-19,-3.27384600e-19,-3.70706300e-19,-4.87553200e-19,-6.95899700e-19,-6.76074100e-19,-1.93401400e-19,-4.25726600e-19,2.55945800e-19,-2.26323200e-19,2.84507100e-19,4.80250100e-19,-3.10419800e-19
1.79366080e+06,-7.73504200e+00,6.55312600e-20,-8.59873100e-20,-8.64458800e-20,2.80729700e-20,1.70828700e-19,-3.27464000e-19,-3.70708200e-19,-4.87553200e-19,-6.95899700e-19,-6.76074100e-19,-1.93406900e-19,-4.25650100e-19,2.55980600e-19,-2.26556600e-19,2.84751900e-19,4.80289400e-19,-3.11322000e-19
1.79766080e+06,-7.73387600e+00,6.58623000e-20,-8.58189700e-20,-8.61760100e-20,2.81000400e-20,1.70500700e-19,-3.27537100e-19,-3.70711300e-19,-4.87553200e-19,-6.95899700e-19,-6.76074100e-19,-1.93411400e-19,-4.25628700e-19,2.55974300e-19,-2.26611600e-19,2.84960000e-19,4.80203700e-19,-3.12240800e-19
1.80166080e+06,-7.73278000e+00,6.62208100e-20,-8.55834500e-20,-8.58222000e-20,2.81017300e-20,1.70250600e-19,-3.27598800e-19,-3.70713800e-19,-4.87553200e-19,-6.95899700e-19,-6.76074100e-19,-1.93417500e-19,-4.25610300e-19,2.56039900e-19,-2.26723400e-19,2.85096600e-19,4.80173200e-19,-3.13057000e-19
1.80566080e+06,-7.73174700e+00,6.65417000e-20,-8.53361200e-20,-8.56109200e-20,2.81647300e-20,1.69958700e-19,-3.27668800e-19,-3.70715100e-19,-4.87553200e-19,-6.95899700e-19,-6.76074100e-19,-1.93424800e-19,-4.25561300e-19,2.55991700e-19,-2.26871300e-19,2.85240400e-19,4.80183900e-19,-3.13953900e-19
1.80966080e+06,-7.73077300e+00,6.69109600e-20,-8.51315100e-20,-8.54330800e-20,2.80973900e-20,1.69663500e-19,-3.27799900e-19,-3.70719300e-19,-4.87553200e-19,-6.95899700e-19,-6.76074100e-19,-1.93429900e-19,-4.25527900e-19,2.55865500e-19,-2.27021200e-19,2.85437800e-19,4.80162900e-19,-3.14822100e-19
1.81366080e+06,-7.72985400e+00,6.72306000e-20,-8.49033300e-20,-8.52108800e-20,2.81380600e-20,1.69307800e-19,-3.27837100e-19,-3.70722800e-19,-4.87553300e-19,-6.95899700e-19,-6.76074100e-19,-1.93435000e-19,-4.25448500e-19,2.55856100e-19,-2.27220500e-19,2.85649900e-19,4.80105000e-19,-3.15683400e-19
1.81766080e+06,-7.72898200e+00,6.75244100e-20,-8.46063100e-20,-8.47980100e-20,2.82322900e-20,1.69045700e-19,-3.27960300e-19,-3.70724700e-19,-4.87553300e-19,-6.95899700e-19,-6.76074100e-19,-1.93441600e-19,-4.25338700e-19,2.55836200e-19,-2.27272900e-19,2.85875800e-19,4.80084300e-19,-3.16535700e-19
1.82166080e+06,-7.72815500e+00,6.78218500e-20,-8.44367700e-20,-8.45737300e-20,2.82401200e-20,1.68708300e-19,-3.28048500e-19,-3.70728400e-19,-4.87553300e-19,-6.95899800e-19,-6.76074100e-19,-1.93447400e-19,-4.25230600e-19,2.55815000e-19,-2.27497300e-19,2.86050100e-19,4.79965500e-19,-3.17357700e-19
1.82566080e+06,-7.72736800e+00,6.81115300e-20,-8.41712700e-20,-8.43142000e-20,2.83247100e-20,1.68404300e-19,-3.28112400e-19,-3.70730200e-19,-4.87553300e-19,-6.95899800e-19,-6.76074100e-19,-1.93453700e-19,-4.25085100e-19,2.55771500e-19,-2.27704700e-19,2.86245700e-19,4.79893000e-19,-3.18154300e-19
1.82966080e+06,-7.72661800e+00,6.83685900e-20,-8.39369000e-20,-8.40572800e-20,2.82953400e-20,1.68076600e-19,-3.28267800e-19,-3.70731000e-19,-4.87553300e-19,-6.95899800e-19,-6.76074100e-19,-1.93460500e-19,-4.24977500e-19,2.55745900e-19,-2.27763600e-19,2.86429900e-19,4.79882800e-19,-3.18963100e-19
1.83366080e+06,-7.72590300e+00,6.87089700e-20,-8.36704500e-20,-8.37375300e-20,2.82704200e-20,1.67781200e-19,-3.28359000e-19,-3.70734400e-19,-4.87553300e-19,-6.95899800e-19,-6.76074100e-19,-1.93466200e-19,-4.24893300e-19,2.55709300e-19,-2.27930600e-19,2.86566000e-19,4.79815400e-19,-3.19737200e-19
1.83766080e+06,-7.72522200e+00,6.89956000e-20,-8.34335500e-20,-8.34204000e-20,2.82720600e-20,1.67453800e-19,-3.28440900e-19,-3.70736900e-19,-4.87553300e-19,-6.95899800e-19,-6.76074100e-19,-1.93472500e-19,-4.24816600e-19,2.55624100e-19,-2.28180600e-19,2.86680300e-19,4.79806100e-19,-3.20542000e-19
1.84166080e+06,-7.72457900e+00,6.93211200e-20,-8.32026600e-20,-8.31371400e-20,2.82601600e-20,1.67256900e-19,-3.28541900e-19,-3.70741100e-19,-4.87553300e-19,-6.95899800e-19,-6.76074100e-19,-1.93475600e-19,-4.24693100e-19,2.55521300e-19,-2.28368500e-19,2.86805600e-19,4.79677900e-19,-3.21324900e-19
1.84566080e+06,-7.72397500e+00,6.96065200e-20,-8.30231400e-20,-8.29828200e-20,2.82907800e-20,1.67008500e-19,-3.28627300e-19,-3.70739900e-19,-4.87553300e-19,-6.95899800e-19,-6.76074100e-19,-1.93481000e-19,-4.24607200e-19,2.55495800e-19,-2.28603000e-19,2.86984500e-19,4.79717200e-19,-3.22126800e-19
1.84966080e+06,-7.72341700e+00,6.98841400e-20,-8.28244900e-20,-8.26183600e-20,2.83070000e-20,1.66730700e-19,-3.28702800e-19,-3.70742900e-19,-4.87553300e-19,-6.95899800e-19,-6.76074100e-19,-1.93484500e-19,-4.24470900e-19,2.55368700e-19,-2.28901600e-19,2.87247800e-19,4.79661700e-19,-3.22878800e-19
1.85366080e+06,-7.72291300e+00,7.01392900e-20,-8.25210600e-20,-8.22589500e-20,2.82924600e-20,1.66335700e-19,-3.28797600e-19,-3.70746600e-19,-4.87553300e-19,-6.95899800e-19,-6.76074200e-19,-1.93487600e-19,-4.24377900e-19,2.55340500e-19,-2.29134400e-19,2.87465600e-19,4.79669200e-19,-3.23594300e-19
1.85766080e+06,-7.72247500e+00,7.03992700e-20,-8.23059000e-20,-8.19230700e-20,2.83124800e-20,1.66059900e-19,-3.28886700e-19,-3.70748600e-19,-4.87553300e-19,-6.95899800e-19,-6.76074200e-19,-1.93494100e-19,-4.24307000e-19,2.55227100e-19,-2.29382900e-19,2.87535900e-19,4.79591000e-19,-3.24350100e-19
1.86166080e+06,-7.72211700e+00,7.06343500e-20,-8.20412300e-20,-8.17134900e-20,2.83152500e-20,1.65823400e-19,-3.28965100e-19,-3.70750200e-19,-4.87553300e-19,-6.95899800e-19,-6.76074200e-19,-1.93498800e-19,-4.24212700e-19,2.55085200e-19,-2.29541100e-19,2.87661700e-19,4.79503000e-19,-3.25152500e-19
1.86566080e+06,-7.72185700e+00,7.08555300e-20,-8.17571000e-20,-8.16160600e-20,2.82403000e-20,1.65550400e-19,-3.28995300e-19,-3.70750300e-19,-4.87553300e-19,-6.95899800e-19,-6.76074200e-19,-1.93506200e-19,-4.24187200e-19,2.55041500e-19,-2.29675700e-19,2.87916100e-19,4.79401600e-19,-3.25925800e-19
1.86966080e+06,-7.72171500e+00,7.10960600e-20,-8.14728400e-20,-8.12372800e-20,2.82545700e-20,1.65224100e-19,-3.29077500e-19,-3.70753800e-19,-4.87553300e-19,-6.95899800e-19,-6.76074200e-19,-1.93510800e-19,-4.24100500e-19,2.54985300e-19,-2.29776200e-19,2.88049900e-19,4.79332400e-19,-3.26668100e-19
1.87366080e+06,-7.72171800e+00,7.13357700e-20,-8.11066900e-20,-8.07900200e-20,2.81920300e-20,1.65006200e-19,-3.29114800e-19,-3.70757500e-19,-4.87553300e-19,-6.95899800e-19,-6.76074200e-19,-1.93516100e-19,-4.23996600e-19,2.54795900e-19,-2.30062600e-19,2.88103300e-19,4.79325400e-19,-3.27386900e-19
1.87766080e+06,-7.72189300e+00,7.15862300e-20,-8.07996200e-20,-8.05107600e-20,2.82584900e-20,1.64712300e-19,-3.29177800e-19,-3.70759800e-19,-4.87553300e-19,-6.95899800e-19,-6.76074200e-19,-1.93518300e-19,-4.23936500e-19,2.54744200e-19,-2.30241600e-19,2.88300000e-19,4.79251400e-19,-3.28105100e-19
1.88166080e+06,-7.72227600e+00,7.18576400e-20,-8.04857100e-20,-8.01334100e-20,2.82915500e-20,1.64428200e-19,-3.29271000e-19,-3.70763200e-19,-4.87553300e-19,-6.95899800e-19,-6.76074200e-19,-1.93522500e-19,-4.23842500e-19,2.54629600e-19,-2.30384500e-19,2.88450200e-19,4.79113800e-19,-3.28808400e-19
1.88566080e+06,-7.72290400e+00,7.21221800e-20,-8.01203900e-20,-7.97648200e-20,2.83578600e-20,1.64115200e-19,-3.29423700e-19,-3.70766300e-19,-4.87553300e-19,-6.95899800e-19,-6.76074200e-19,-1.93526300e-19,-4.23776100e-19,2.54534000e-19,-2.30597400e-19,2.88667200e-19,4.79019500e-19,-3.29534700e-19
1.88966080e+06,-7.72344400e+00,7.24052300e-20,-7.98473900e-20,-7.92943700e-20,2.83612900e-20,1.63768400e-19,-3.29521400e-19,-3.70768700e-19,-4.87553300e-19,-6.95899800e-19,-6.76074200e-19,-1.93529000e-19,-4.23726200e-19,2.54383100e-19,-2.30713600e-19,2.88714000e-19,4.78867500e-19,-3.30267700e-19
1.89366080e+06,-7.72319800e+00,7.26556700e-20,-7.95362200e-20,-7.90266000e-20,2.82922700e-20,1.63510000e-19,-3.29565000e-19,-3.70770300e-19,-4.87553300e-19,-6.95899800e-19,-6.76074200e-19,-1.93534300e-19,-4.23606200e-19,2.54284600e-19,-2.30944800e-19,2.88855600e-19,4.78804400e-19,-3.31010000e-19
1.89766080e+06,-7.72291800e+00,7.29604800e-20,-7.91983900e-20,-7.88376500e-20,2.82639900e-20,1.63234400e-19,-3.29689600e-19,-3.70774700e-19,-4.87553300e-19,-6.95899800e-19,-6.76074200e-19,-1.93540200e-19,-4.23515200e-19,2.54180700e-19,-2.31086600e-19,2.89088000e-19,4.78671300e-19,-3.31760800e-19
1.90166080e+06,-7.72260500e+00,7.32617100e-20,-7.89306200e-20,-7.84622200e-20,2.83398600e-20,1.62917500e-19,-3.29791700e-19,-3.70777000e-19,-4.87553300e-19,-6.95899800e-19,-6.76074200e-19,-1.93544100e-19,-4.23393700e-19,2.54130600e-19,-2.31287400e-19,2.89204600e-19,4.78562800e-19,-3.32536100e-19
1.90566080e+06,-7.72226000e+00,7.35511400e-20,-7.85466500e-20,-7.82631800e-20,2.83599200e-20,1.62644000e-19,-3.29880300e-19,-3.70780000e-19,-4.87553300e-19,-6.95899800e-19,-6.76074200e-19,-1.93549600e-19,-4.23342700e-19,2.54066000e-19,-2.31446900e-19,2.89364200e-19,4.78425600e-19,-3.33286300e-19
1.90966080e+06,-7.72188400e+00,7.38221800e-20,-7.82406900e-20,-7.79897800e-20,2.82974800e-20,1.62404400e-19,-3.29958500e-19,-3.70783900e-19,-4.87553300e-19,-6.95899800e-19,-6.76074300e-19,-1.93552700e-19,-4.23187400e-19,2.53789000e-19,-2.31680100e-19,2.89390700e-19,4.78310300e-19,-3.34038300e-19
1.91366080e+06,-7.72148300e+00,7.40792800e-20,-7.79161400e-20,-7.78075800e-20,2.82853400e-20,1.62102900e-19,-3.30097700e-19,-3.70786900e-19,-4.87553300e-19,-6.95899800e-19,-6.76074300e-19,-1.93553700e-19,-4.23021500e-19,2.53578000e-19,-2.31856100e-19,2.89456200e-19,4.78202100e-19,-3.34742300e-19
1.91766080e+06,-7.72106300e+00,7.43323900e-20,-7.76343600e-20,-7.75444700e-20,2.82919500e-20,1.61834700e-19,-3.30118300e-19,-3.70790500e-19,-4.87553400e-19,-6.95899800e-19,-6.76074300e-19,-1.93554800e-19,-4.22906300e-19,2.53384400e-19,-2.32060500e-19,2.89604100e-19,4.78167100e-19,-3.35463600e-19
1.92166080e+06,-7.72063200e+00,7.45880000e-20,-7.73283500e-20,-7.73451700e-20,2.82930300e-20,1.61544400e-19,-3.30236100e-19,-3.70790400e-19,-4.87553400e-19,-6.95899800e-19,-6.76074300e-19,-1.93558600e-19,-4.22798700e-19,2.53210500e-19,-2.32185900e-19,2.89786300e-19,4.78116300e-19,-3.36178800e-19
1.92566080e+06,-7.72019900e+00,7.48628000e-20,-7.70560700e-20,-7.70721600e-20,2.82444900e-20,1.61295800e-19,-3.30284100e-19,-3.70792800e-19,-4.87553400e-19,-6.95899800e-19,-6.76074300e-19,-1.93564300e-19,-4.22697000e-19,2.53021100e-19,-2.32377700e-19,2.89858600e-19,4.78088300e-19,-3.36872100e-19
1.92966080e+06,-7.71977700e+00,7.51202100e-20,-7.67726600e-20,-7.68507900e-20,2.82013500e-20,1.61042300e-19,-3.30407600e-19,-3.70794700e-19,-4.87553400e-19,-6.95899800e-19,-6.76074300e-19,-1.93565900e-19,-4.22549700e-19,2.52846900e-19,-2.32549700e-19,2.89945700e-19,4.78057100e-19,-3.37569800e-19
1.93366080e+06,-7.71938100e+00,7.54211300e-20,-7.65053400e-20,-7.66638700e-20,2.81972200e-20,1.60807700e-19,-3.30490000e-19,-3.70798900e-19,-4.87553400e-19,-6.95899800e-19,-6.76074300e-19,-1.93568600e-19,-4.22484800e-19,2.52551200e-19,-2.32647300e-19,2.90094700e-19,4.77926700e-19,-3.38231400e-19
1.93766080e+06,-7.71902700e+00,7.56765200e-20,-7.62204800e-20,-7.63697800e-20,2.82866200e-20,1.60489300e-19,-3.30579300e-19,-3.70800600e-19,-4.87553400e-19,-6.95899800e-19,-6.76074300e-19,-1.93571900e-19,-4.22400600e-19,2.52385200e-19,-2.32819900e-19,2.90304600e-19,4.77809600e-19,-3.38921300e-19
1.94166080e+06,-7.71873600e+00,7.59352000e-20,-7.59580400e-20,-7.62212200e-20,2.83686000e-20,1.60197300e-19,-3.30689500e-19,-3.70804400e-19,-4.87553400e-19,-6.95899800e-19,-6.76074300e-19,-1.93575200e-19,-4.22318100e-19,2.52149300e-19,-2.33014800e-19,2.90362300e-19,4.77731000e-19,-3.39567300e-19
1.94566080e+06,-7.71852900e+00,7.62024600e-20,-7.56894600e-20,-7.59323300e-20,2.84081200e-20,1.59902800e-19,-3.30801900e-19,-3.70806800e-19,-4.87553400e-19,-6.95899800e-19,-6.76074300e-19,-1.93576800e-19,-4.22197100e-19,2.51897400e-19,-2.33129800e-19,2.90483500e-19,4.77600800e-19,-3.40229500e-19
1.94966080e+06,-7.71843300e+00,7.64823100e-20,-7.54440400e-20,-7.56948700e-20,2.84120500e-20,1.59726800e-19,-3.30919500e-19,-3.70808200e-19,-4.87553400e-19,-6.95899800e-19,-6.76074300e-19,-1.93581300e-19,-4.22090800e-19,2.51732400e-19,-2.33262600e-19,2.90655100e-19,4.77493100e-19,-3.40936000e-19
1.95366080e+06,-7.71847600e+00,7.67119300e-20,-7.51469500e-20,-7.53560000e-20,2.84014100e-20,1.59324700e-19,-3.31044900e-19,-3.70811700e-19,-4.87553400e-19,-6.95899800e-19,-6.76074300e-19,-1.93583300e-19,-4.21994000e-19,2.51423800e-19,-2.33352600e-19,2.90779100e-19,4.77377500e-19,-3.41612800e-19
1.95766080e+06,-7.71869200e+00,7.70018500e-20,-7.48797300e-20,-7.52279200e-20,2.83671800e-20,1.59143900e-19,-3.31136800e-19,-3.70815800e-19,-4.87553400e-19,-6.95899800e-19,-6.76074300e-19,-1.93586600e-19,-4.21910000e-19,2.51157500e-19,-2.33421200e-19,2.90954100e-19,4.77170600e-19,-3.42283100e-19
1.96166080e+06,-7.71911500e+00,7.72431400e-20,-7.46576300e-20,-7.50794400e-20,2.84513500e-20,1.58933700e-19,-3.31234900e-19,-3.70816200e-19,-4.87553400e-19,-6.95899800e-19,-6.76074300e-19,-1.93589200e-19,-4.21840600e-19,2.50918500e-19,-2.33479900e-19,2.91131700e-19,4.76920900e-19,-3.42915500e-19
1.96566080e+06,-7.71978600e+00,7.74751600e-20,-7.44019100e-20,-7.49869800e-20,2.84504600e-20,1.58815300e-19,-3.31353200e-19,-3.70818100e-19,-4.87553400e-19,-6.95899800e-19,-6.76074400e-19,-1.93590000e-19,-4.21779500e-19,2.50673300e-19,-2.33653900e-19,2.91239800e-19,4.76773100e-19,-3.43552200e-19
1.96966080e+06,-7.72074800e+00,7.77228300e-20,-7.41747700e-20,-7.48453500e-20,2.84313400e-20,1.58558200e-19,-3.31384700e-19,-3.70821000e-19,-4.87553400e-19,-6.95899800e-19,-6.76074400e-19,-1.93594200e-19,-4.21658300e-19,2.50456100e-19,-2.33794200e-19,2.91392500e-19,4.76645600e-19,-3.44188000e-19
1.97366080e+06,-7.72205100e+00,7.79755400e-20,-7.39536000e-20,-7.46978200e-20,2.84500600e-20,1.58418600e-19,-3.31487800e-19,-3.70824700e-19,-4.87553400e-19,-6.95899800e-19,-6.76074400e-19,-1.93599600e-19,-4.21550500e-19,2.50264000e-19,-2.33886100e-19,2.91495900e-19,4.76501300e-19,-3.44816700e-19
1.97766080e+06,-7.72374300e+00,7.81968800e-20,-7.37876500e-20,-7.46517600e-20,2.83943300e-20,1.58364200e-19,-3.31612900e-19,-3.70825600e-19,-4.87553400e-19,-6.95899800e-19,-6.76074400e-19,-1.93603700e-19,-4.21423300e-19,2.50077000e-19,-2.34052700e-19,2.91584300e-19,4.76218000e-19,-3.45416100e-19
1.98166080e+06,-7.72588100e+00,7.84626200e-20,-7.36092500e-20,-7.45858200e-20,2.83422900e-20,1.58118400e-19,-3.31791500e-19,-3.70827500e-19,-4.87553400e-19,-6.95899800e-19,-6.76074400e-19,-1.93607700e-19,-4.21286100e-19,2.49789000e-19,-2.34159700e-19,2.91703200e-19,4.75965000e-19,-3.46048800e-19
1.98566080e+06,-7.72852000e+00,7.87009700e-20,-7.33996600e-20,-7.45039500e-20,2.84352800e-20,1.57919500e-19,-3.31854000e-19,-3.70828700e-19,-4.87553400e-19,-6.95899800e-19,-6.76074400e-19,-1.93610200e-19,-4.21197300e-19,2.49501300e-19,-2.34202700e-19,2.91804100e-19,4.75704900e-19,-3.46702100e-19
1.98966080e+06,-7.73171800e+00,7.89234600e-20,-7.32114600e-20,-7.43919600e-20,2.85079800e-20,1.57718800e-19,-3.31962600e-19,-3.70832000e-19,-4.87553400e-19,-6.95899800e-19,-6.76074400e-19,-1.93614900e-19,-4.21096400e-19,2.49302800e-19,-2.34251800e-19,2.91937500e-19,4.75380500e-19,-3.47341300e-19
1.99366080e+06,-7.73553300e+00,7.91775700e-20,-7.30392500e-20,-7.43387000e-20,2.85423800e-20,1.57513700e-19,-3.32077300e-19,-3.70835100e-19,-4.87553400e-19,-6.95899800e-19,-6.76074400e-19,-1.93621100e-19,-4.21005800e-19,2.49099400e-19,-2.34386700e-19,2.92082200e-19,4.75199500e-19,-3.47964500e-19
1.99766080e+06,-7.74002000e+00,7.94098100e-20,-7.28003200e-20,-7.42480300e-20,2.86582300e-20,1.57320000e-19,-3.32123300e-19,-3.70839500e-19,-4.87553400e-19,-6.95899800e-19,-6.76074400e-19,-1.93623600e-19,-4.20975200e-19,2.48837600e-19,-2.34416100e-19,2.92179500e-19,4.74940100e-19,-3.48598100e-19
2.00166080e+06,-7.74523100e+00,7.96671600e-20,-7.25778300e-20,-7.42044900e-20,2.85973100e-20,1.57041900e-19,-3.32254100e-19,-3.70841400e-19,-4.87553400e-19,-6.95899800e-19,-6.76074400e-19,-1.93626300e-19,-4.20894700e-19,2.48518800e-19,-2.34405700e-19,2.92346600e-19,4.74619500e-19,-3.49254300e-19
2.00566080e+06,-7.75121000e+00,7.99201800e-20,-7.24388000e-20,-7.40504500e-20,2.86526600e-20,1.56882500e-19,-3.32383800e-19,-3.70846100e-19,-4.87553400e-19,-6.95899800e-19,-6.76074400e-19,-1.93629100e-19,-4.20784100e-19,2.48267800e-19,-2.34446500e-19,2.92521100e-19,4.74363600e-19,-3.49881300e-19
2.00966080e+06,-7.75799300e+00,8.01944600e-20,-7.21744900e-20,-7.38827700e-20,2.87700300e-20,1.56684100e-19,-3.32405900e-19,-3.70848800e-19,-4.87553400e-19,-6.95899800e-19,-6.76074400e-19,-1.93630500e-19,-4.20637500e-19,2.48004100e-19,-2.34536700e-19,2.92659000e-19,4.74099600e-19,-3.50501100e-19
2.01366080e+06,-7.76541300e+00,8.04383400e-20,-7.18588400e-20,-7.38567800e-20,2.87504600e-20,1.56481800e-19,-3.32484700e-19,-3.70853600e-19,-4.87553500e-19,-6.95899800e-19,-6.76074400e-19,-1.93634900e-19,-4.20570600e-19,2.47834500e-19,-2.34699200e-19,2.92802400e-19,4.73867700e-19,-3.51105600e-19
2.01766080e+06,-7.76258100e+00,8.06474800e-20,-7.16215600e-20,-7.37132700e-20,2.87351200e-20,1.56382200e-19,-3.32548100e-19,-3.70858100e-19,-4.87553500e-19,-6.95899800e-19,-6.76074400e-19,-1.93640500e-19,-4.20513100e-19,2.47555900e-19,-2.34753100e-19,2.92920500e-19,4.73630200e-19,-3.51698700e-19
2.02166080e+06,-7.76004200e+00,8.08582300e-20,-7.14021700e-20,-7.35311300e-20,2.87767300e-20,1.56272300e-19,-3.32633600e-19,-3.70865300e-19,-4.87553500e-19,-6.95899800e-19,-6.76074500e-19,-1.93648200e-19,-4.20441600e-19,2.47275800e-19,-2.34872900e-19,2.93073700e-19,4.73400600e-19,-3.52289400e-19
2.02566080e+06,-7.75779500e+00,8.10812700e-20,-7.11246400e-20,-7.34082700e-20,2.88056000e-20,1.56157900e-19,-3.32782700e-19,-3.70871500e-19,-4.87553500e-19,-6.95899800e-19,-6.76074500e-19,-1.93656700e-19,-4.20260600e-19,2.47080200e-19,-2.34986000e-19,2.93296400e-19,4.73221200e-19,-3.52925300e-19
2.02966080e+06,-7.75583700e+00,8.13212700e-20,-7.09365000e-20,-7.32800800e-20,2.88393300e-20,1.56012200e-19,-3.32918200e-19,-3.70876600e-19,-4.87553500e-19,-6.95899800e-19,-6.76074500e-19,-1.93664200e-19,-4.20106400e-19,2.46943700e-19,-2.35020700e-19,2.93444800e-19,4.72974500e-19,-3.53495800e-19
2.03366080e+06,-7.75416200e+00,8.15563200e-20,-7.07407100e-20,-7.32100400e-20,2.88524400e-20,1.55851600e-19,-3.33040200e-19,-3.70884200e-19,-4.87553500e-19,-6.95899800e-19,-6.76074500e-19,-1.93670700e-19,-4.20029700e-19,2.46778300e-19,-2.35065800e-19,2.93481500e-19,4.72725400e-19,-3.54080900e-19
2.03766080e+06,-7.75276300e+00,8.17715600e-20,-7.05222600e-20,-7.29414200e-20,2.88444600e-20,1.55757100e-19,-3.33192100e-19,-3.70888800e-19,-4.87553500e-19,-6.95899800e-19,-6.76074500e-19,-1.93676800e-19,-4.19927500e-19,2.46634200e-19,-2.35153000e-19,2.93681900e-19,4.72445800e-19,-3.54724500e-19
2.04166080e+06,-7.75163100e+00,8.19716800e-20,-7.02970400e-20,-7.28136300e-20,2.87897900e-20,1.55607400e-19,-3.33270100e-19,-3.70896500e-19,-4.87553500e-19,-6.95899800e-19,-6.76074500e-19,-1.93683800e-19,-4.19834100e-19,2.46507800e-19,-2.35314800e-19,2.93937900e-19,4.72255100e-19,-3.55291000e-19
2.04566080e+06,-7.75075400e+00,8.21666200e-20,-7.00911700e-20,-7.27419400e-20,2.88593000e-20,1.55541400e-19,-3.33329100e-19,-3.70903700e-19,-4.87553500e-19,-6.95899800e-19,-6.76074500e-19,-1.93691100e-19,-4.19749700e-19,2.46313700e-19,-2.35444000e-19,2.94022500e-19,4.72003300e-19,-3.55882100e-19
2.04966080e+06,-7.75012000e+00,8.23915100e-20,-6.98931800e-20,-7.28339800e-20,2.88365800e-20,1.55559300e-19,-3.33412600e-19,-3.70910000e-19,-4.87553500e-19,-6.95899800e-19,-6.76074500e-19,-1.93698000e-19,-4.19688300e-19,2.46261700e-19,-2.35472400e-19,2.94011300e-19,4.71687400e-19,-3.56457100e-19
2.05366080e+06,-7.74971200e+00,8.26751800e-20,-6.96849000e-20,-7.27957700e-20,2.88295400e-20,1.55562900e-19,-3.33449400e-19,-3.70918800e-19,-4.87553500e-19,-6.95899800e-19,-6.76074500e-19,-1.93704500e-19,-4.19579300e-19,2.46167000e-19,-2.35507900e-19,2.93953000e-19,4.71483900e-19,-3.57001000e-19
2.05766080e+06,-7.74951600e+00,8.29854400e-20,-6.94073500e-20,-7.28517400e-20,2.88138900e-20,1.55468400e-19,-3.33582200e-19,-3.70926500e-19,-4.87553500e-19,-6.95899800e-19,-6.76074500e-19,-1.93707400e-19,-4.19477500e-19,2.46075800e-19,-2.35538500e-19,2.93861900e-19,4.71261300e-19,-3.57570800e-19
2.06166080e+06,-7.74951200e+00,8.32503100e-20,-6.92137000e-20,-7.27737300e-20,2.87857100e-20,1.55418900e-19,-3.33650400e-19,-3.70933100e-19,-4.87553500e-19,-6.95899800e-19,-6.76074500e-19,-1.93713300e-19,-4.19412100e-19,2.45997300e-19,-2.35624600e-19,2.93691800e-19,4.71055700e-19,-3.58083800e-19
2.06566080e+06,-7.74968500e+00,8.35327200e-20,-6.90765600e-20,-7.26286400e-20,2.88400900e-20,1.55402300e-19,-3.33712000e-19,-3.70935200e-19,-4.87553500e-19,-6.95899800e-19,-6.76074500e-19,-1.93722000e-19,-4.19225700e-19,2.45990900e-19,-2.35691500e-19,2.93593600e-19,4.70837000e-19,-3.58640100e-19
2.06966080e+06,-7.75001500e+00,8.38043400e-20,-6.88816100e-20,-7.26336200e-20,2.88961500e-20,1.55308800e-19,-3.33817900e-19,-3.70942500e-19,-4.87553500e-19,-6.95899800e-19,-6.76074600e-19,-1.93729100e-19,-4.19129600e-19,2.45963200e-19,-2.35753000e-19,2.93573400e-19,4.70614300e-19,-3.59170800e-19
2.07366080e+06,-7.75048300e+00,8.40937600e-20,-6.86385600e-20,-7.25521300e-20,2.89681900e-20,1.55248000e-19,-3.33866700e-19,-3.70948800e-19,-4.87553500e-19,-6.95899800e-19,-6.76074600e-19,-1.93738200e-19,-4.19039400e-19,2.45986200e-19,-2.35742200e-19,2.93451900e-19,4.70465200e-19,-3.59751800e-19
2.07766080e+06,-7.75107300e+00,8.43738600e-20,-6.84064400e-20,-7.26276700e-20,2.89757400e-20,1.55151200e-19,-3.33959000e-19,-3.70957300e-19,-4.87553500e-19,-6.95899800e-19,-6.76074600e-19,-1.93744900e-19,-4.18905500e-19,2.45979700e-19,-2.35811900e-19,2.93399300e-19,4.70235600e-19,-3.60236100e-19
2.08166080e+06,-7.75176600e+00,8.46344300e-20,-6.81723200e-20,-7.25574900e-20,2.89522500e-20,1.54987500e-19,-3.34051000e-19,-3.70965000e-19,-4.87553500e-19,-6.95899800e-19,-6.76074600e-19,-1.93753200e-19,-4.18780700e-19,2.45903100e-19,-2.36048100e-19,2.93201300e-19,4.70103500e-19,-3.60748500e-19
2.08566080e+06,-7.75254600e+00,8.49012300e-20,-6.80137500e-20,-7.24242700e-20,2.89297900e-20,1.54911500e-19,-3.34198500e-19,-3.70971800e-19,-4.87553500e-19,-6.95899800e-19,-6.76074600e-19,-1.93761900e-19,-4.18683100e-19,2.45871600e-19,-2.36075900e-19,2.93127500e-19,4.69951900e-19,-3.61248900e-19
2.08966080e+06,-7.75339600e+00,8.51509200e-20,-6.77573400e-20,-7.24246000e-20,2.89828800e-20,1.54746300e-19,-3.34239600e-19,-3.70976800e-19,-4.87553500e-19,-6.95899800e-19,-6.76074600e-19,-1.93770200e-19,-4.18549100e-19,2.45899800e-19,-2.36289700e-19,2.92997800e-19,4.69766400e-19,-3.61751400e-19
2.09366080e+06,-7.75430200e+00,8.54262000e-20,-6.75487200e-20,-7.24220800e-20,2.89988100e-20,1.54639500e-19,-3.34349000e-19,-3.70979500e-19,-4.87553500e-19,-6.95899800e-19,-6.76074600e-19,-1.93776900e-19,-4.18425200e-19,2.45788300e-19,-2.36302900e-19,2.92926600e-19,4.69564900e-19,-3.62285700e-19
2.09766080e+06,-7.75524800e+00,8.57126500e-20,-6.73124400e-20,-7.24077300e-20,2.90760300e-20,1.54600500e-19,-3.34420300e-19,-3.70982800e-19,-4.87553500e-19,-6.95899800e-19,-6.76074600e-19,-1.93784700e-19,-4.18367400e-19,2.45696500e-19,-2.36423500e-19,2.92787800e-19,4.69341800e-19,-3.62815100e-19
2.10166080e+06,-7.75622200e+00,8.59606500e-20,-6.70082900e-20,-7.24216800e-20,2.91033000e-20,1.54446100e-19,-3.34587000e-19,-3.70989200e-19,-4.87553500e-19,-6.95899800e-19,-6.76074600e-19,-1.93792700e-19,-4.18257700e-19,2.45661100e-19,-2.36628900e-19,2.92663200e-19,4.69204700e-19,-3.63289800e-19
2.10566080e+06,-7.75721200e+00,8.61831400e-20,-6.67236300e-20,-7.22944200e-20,2.91112500e-20,1.54362200e-19,-3.34674900e-19,-3.70998200e-19,-4.87553600e-19,-6.95899800e-19,-6.76074600e-19,-1.93800100e-19,-4.18143700e-19,2.45553000e-19,-2.36838200e-19,2.92520000e-19,4.69081000e-19,-3.63757800e-19
2.10966080e+06,-7.75820600e+00,8.64007900e-20,-6.64309000e-20,-7.22490900e-20,2.90738800e-20,1.54212700e-19,-3.34826200e-19,-3.71004300e-19,-4.87553600e-19,-6.95899800e-19,-6.76074600e-19,-1.93804000e-19,-4.18027900e-19,2.45548400e-19,-2.37068600e-19,2.92247000e-19,4.68970000e-19,-3.64197900e-19
2.11366080e+06,-7.75919400e+00,8.66590400e-20,-6.61849600e-20,-7.21647200e-20,2.90782600e-20,1.54052800e-19,-3.34908400e-19,-3.71008400e-19,-4.87553600e-19,-6.95899800e-19,-6.76074600e-19,-1.93811500e-19,-4.17933900e-19,2.45498400e-19,-2.37215900e-19,2.92032900e-19,4.68904600e-19,-3.64640500e-19
2.11766080e+06,-7.76016700e+00,8.68584600e-20,-6.58863000e-20,-7.21125800e-20,2.91014900e-20,1.53933200e-19,-3.34996800e-19,-3.71015900e-19,-4.87553600e-19,-6.95899800e-19,-6.76074600e-19,-1.93817900e-19,-4.17843100e-19,2.45429400e-19,-2.37437500e-19,2.91873500e-19,4.68740800e-19,-3.65116000e-19
2.12166080e+06,-7.76111700e+00,8.71187800e-20,-6.56139200e-20,-7.21418800e-20,2.91227400e-20,1.53894500e-19,-3.35157400e-19,-3.71019600e-19,-4.87553600e-19,-6.95899800e-19,-6.76074700e-19,-1.93825100e-19,-4.17763100e-19,2.45426700e-19,-2.37602000e-19,2.91650700e-19,4.68584500e-19,-3.65563800e-19
2.12566080e+06,-7.76203700e+00,8.73850200e-20,-6.53253600e-20,-7.19879100e-20,2.91999700e-20,1.53915000e-19,-3.35226700e-19,-3.71027600e-19,-4.87553600e-19,-6.95899800e-19,-6.76074700e-19,-1.93832200e-19,-4.17697100e-19,2.45348700e-19,-2.37733200e-19,2.91468900e-19,4.68459200e-19,-3.65997900e-19
2.12966080e+06,-7.76292000e+00,8.76577400e-20,-6.50756300e-20,-7.19526800e-20,2.92463700e-20,1.53860400e-19,-3.35338400e-19,-3.71036000e-19,-4.87553600e-19,-6.95899800e-19,-6.76074700e-19,-1.93838800e-19,-4.17617800e-19,2.45354900e-19,-2.37855100e-19,2.91269300e-19,4.68301300e-19,-3.66451900e-19
2.13366080e+06,-7.76376100e+00,8.78934400e-20,-6.48199600e-20,-7.18541400e-20,2.92992700e-20,1.53709200e-19,-3.35514800e-19,-3.71040100e-19,-4.87553600e-19,-6.95899800e-19,-6.76074700e-19,-1.93848900e-19,-4.17573500e-19,2.45274700e-19,-2.37960700e-19,2.91028900e-19,4.68211600e-19,-3.66905500e-19
2.13766080e+06,-7.76455600e+00,8.80962200e-20,-6.45511500e-20,-7.17507200e-20,2.92512500e-20,1.53637700e-19,-3.35532600e-19,-3.71047100e-19,-4.87553600e-19,-6.95899800e-19,-6.76074700e-19,-1.93857000e-19,-4.17520000e-19,2.45235900e-19,-2.38185500e-19,2.90905800e-19,4.68111900e-19,-3.67348000e-19
2.14166080e+06,-7.76530000e+00,8.82850900e-20,-6.42965400e-20,-7.15741800e-20,2.91332800e-20,1.53511900e-19,-3.35549000e-19,-3.71053500e-19,-4.87553600e-19,-6.95899800e-19,-6.76074700e-19,-1.93864700e-19,-4.17411400e-19,2.45154100e-19,-2.38373000e-19,2.90714900e-19,4.68040900e-19,-3.67794000e-19
2.14566080e+06,-7.76599000e+00,8.84689000e-20,-6.40396500e-20,-7.14141100e-20,2.89748400e-20,1.53425700e-19,-3.35569000e-19,-3.71061000e-19,-4.87553600e-19,-6.95899800e-19,-6.76074700e-19,-1.93871400e-19,-4.17324200e-19,2.45137100e-19,-2.38641100e-19,2.90589000e-19,4.67947800e-19,-3.68237900e-19
2.14966080e+06,-7.76662600e+00,8.86702000e-20,-6.37899800e-20,-7.12864700e-20,2.89065300e-20,1.53408000e-19,-3.35581200e-19,-3.71066200e-19,-4.87553600e-19,-6.95899800e-19,-6.76074700e-19,-1.93882600e-19,-4.17252900e-19,2.45096400e-19,-2.38789000e-19,2.90522100e-19,4.67850700e-19,-3.68696400e-19
2.15366080e+06,-7.76720500e+00,8.87827700e-20,-6.35807500e-20,-7.11998700e-20,2.88392800e-20,1.53370000e-19,-3.35650900e-19,-3.71071000e-19,-4.87553600e-19,-6.95899800e-19,-6.76074700e-19,-1.93892300e-19,-4.17167900e-19,2.45059600e-19,-2.39089900e-19,2.90393900e-19,4.67722900e-19,-3.69167400e-19
2.15766080e+06,-7.76772700e+00,8.89222600e-20,-6.33017700e-20,-7.10048500e-20,2.86844400e-20,1.53359500e-19,-3.35671900e-19,-3.71076500e-19,-4.87553600e-19,-6.95899800e-19,-6.76074700e-19,-1.93898300e-19,-4.17080900e-19,2.44966100e-19,-2.39254800e-19,2.90271100e-19,4.67590400e-19,-3.69602000e-19
2.16166080e+06,-7.76819200e+00,8.90721900e-20,-6.30987700e-20,-7.08716200e-20,2.86453900e-20,1.53223600e-19,-3.35707400e-19,-3.71083000e-19,-4.87553600e-19,-6.95899800e-19,-6.76074700e-19,-1.93907800e-19,-4.16962800e-19,2.44930300e-19,-2.39405700e-19,2.89950900e-19,4.67461100e-19,-3.70031800e-19
2.16566080e+06,-7.76860200e+00,8.92291400e-20,-6.28777000e-20,-7.08245400e-20,2.86687600e-20,1.53092600e-19,-3.35795300e-19,-3.71092600e-19,-4.87553600e-19,-6.95899800e-19,-6.76074800e-19,-1.93916400e-19,-4.16902700e-19,2.44852500e-19,-2.39714600e-19,2.89780300e-19,4.67462200e-19,-3.70452300e-19
2.16966080e+06,-7.76896000e+00,8.93838300e-20,-6.26642700e-20,-7.07539000e-20,2.86204800e-20,1.52963600e-19,-3.35813600e-19,-3.71097100e-19,-4.87553600e-19,-6.95899800e-19,-6.76074800e-19,-1.93921800e-19,-4.16779500e-19,2.44778000e-19,-2.40037100e-19,2.89577900e-19,4.67425100e-19,-3.70885400e-19
2.17366080e+06,-7.76926800e+00,8.95442800e-20,-6.25619300e-20,-7.05998100e-20,2.85705500e-20,1.52874800e-19,-3.35808500e-19,-3.71105100e-19,-4.87553600e-19,-6.95899800e-19,-6.76074800e-19,-1.93931400e-19,-4.16684600e-19,2.44689200e-19,-2.40364100e-19,2.89456000e-19,4.67380400e-19,-3.71294700e-19
2.17766080e+06,-7.76953000e+00,8.97214600e-20,-6.23526000e-20,-7.05335700e-20,2.85472500e-20,1.52884200e-19,-3.35881000e-19,-3.71112900e-19,-4.87553600e-19,-6.95899800e-19,-6.76074800e-19,-1.93940000e-19,-4.16587800e-19,2.44602200e-19,-2.40616700e-19,2.89214000e-19,4.67297900e-19,-3.71749100e-19
2.18166080e+06,-7.76975200e+00,8.98777900e-20,-6.22288600e-20,-7.04651300e-20,2.84834000e-20,1.52779100e-19,-3.35933300e-19,-3.71120100e-19,-4.87553600e-19,-6.95899800e-19,-6.76074800e-19,-1.93948500e-19,-4.16463000e-19,2.44624700e-19,-2.40803700e-19,2.88997000e-19,4.67251400e-19,-3.72203200e-19
2.18566080e+06,-7.76994000e+00,9.00566900e-20,-6.20385300e-20,-7.03732400e-20,2.85094500e-20,1.52702900e-19,-3.35962800e-19,-3.71122200e-19,-4.87553600e-19,-6.95899800e-19,-6.76074800e-19,-1.93957400e-19,-4.16391000e-19,2.44589000e-19,-2.41007000e-19,2.88876100e-19,4.67205000e-19,-3.72626200e-19
2.18966080e+06,-7.77010200e+00,9.02055600e-20,-6.18368400e-20,-7.02777100e-20,2.84602900e-20,1.52656300e-19,-3.36005600e-19,-3.71126700e-19,-4.87553600e-19,-6.95899800e-19,-6.76074800e-19,-1.93965200e-19,-4.16374900e-19,2.44460400e-19,-2.41252800e-19,2.88765300e-19,4.67163600e-19,-3.73062400e-19
2.19366080e+06,-7.77024700e+00,9.03658100e-20,-6.16975800e-20,-7.01019500e-20,2.85163000e-20,1.52616800e-19,-3.35982900e-19,-3.71133400e-19,-4.87553600e-19,-6.95899800e-19,-6.76074800e-19,-1.93976600e-19,-4.16294000e-19,2.44381000e-19,-2.41515300e-19,2.88613700e-19,4.67182600e-19,-3.73480100e-19
2.19766080e+06,-7.77038600e+00,9.05352200e-20,-6.15582000e-20,-7.00459900e-20,2.85047600e-20,1.52471800e-19,-3.35985400e-19,-3.71142200e-19,-4.87553600e-19,-6.95899800e-19,-6.76074800e-19,-1.93983600e-19,-4.16196500e-19,2.44319800e-19,-2.41730800e-19,2.88456700e-19,4.67172800e-19,-3.73915800e-19
2.20166080e+06,-7.77053000e+00,9.06861800e-20,-6.14171500e-20,-6.99652400e-20,2.84671600e-20,1.52328600e-19,-3.36049100e-19,-3.71150100e-19,-4.87553600e-19,-6.95899800e-19,-6.76074800e-19,-1.93994700e-19,-4.16096300e-19,2.44217600e-19,-2.41921000e-19,2.88282700e-19,4.67185300e-19,-3.74350400e-19
2.20566080e+06,-7.77069400e+00,9.08294200e-20,-6.12003400e-20,-6.98260300e-20,2.83774700e-20,1.52264000e-19,-3.36102000e-19,-3.71154500e-19,-4.87553700e-19,-6.95899800e-19,-6.76074800e-19,-1.94004600e-19,-4.16015500e-19,2.44174900e-19,-2.42112800e-19,2.88145600e-19,4.67190600e-19,-3.74757900e-19
2.20966080e+06,-7.77089300e+00,9.09610000e-20,-6.09633500e-20,-6.96949300e-20,2.83325200e-20,1.52236000e-19,-3.36089500e-19,-3.71160800e-19,-4.87553700e-19,-6.95899800e-19,-6.76074900e-19,-1.94013000e-19,-4.15893500e-19,2.44108900e-19,-2.42360800e-19,2.87890300e-19,4.67203600e-19,-3.75176000e-19
2.21366080e+06,-7.77114400e+00,9.10675000e-20,-6.07182200e-20,-6.95173200e-20,2.82269900e-20,1.52105500e-19,-3.36081000e-19,-3.71167900e-19,-4.87553700e-19,-6.95899800e-19,-6.76074900e-19,-1.94020200e-19,-4.15789400e-19,2.44098000e-19,-2.42602900e-19,2.87771400e-19,4.67249500e-19,-3.75557900e-19
2.21766080e+06,-7.77146900e+00,9.11513200e-20,-6.04395400e-20,-6.94114200e-20,2.81793600e-20,1.52021800e-19,-3.36089000e-19,-3.71174100e-19,-4.87553700e-19,-6.95899800e-19,-6.76074900e-19,-1.94028400e-19,-4.15740700e-19,2.44070000e-19,-2.42840800e-19,2.87571300e-19,4.67319700e-19,-3.75966900e-19
2.22166080e+06,-7.77188900e+00,9.12892700e-20,-6.01864300e-20,-6.92369100e-20,2.80184200e-20,1.51860800e-19,-3.36137700e-19,-3.71182400e-19,-4.87553700e-19,-6.95899800e-19,-6.76074900e-19,-1.94039300e-19,-4.15642400e-19,2.44107700e-19,-2.43020700e-19,2.87436700e-19,4.67350900e-19,-3.76388400e-19
2.22566080e+06,-7.77242800e+00,9.14110600e-20,-5.99343000e-20,-6.90246200e-20,2.79626800e-20,1.51686300e-19,-3.36136000e-19,-3.71187700e-19,-4.87553700e-19,-6.95899800e-19,-6.76074900e-19,-1.94048900e-19,-4.15579200e-19,2.43999900e-19,-2.43286900e-19,2.87247200e-19,4.67340100e-19,-3.76801400e-19
2.22966080e+06,-7.77311500e+00,9.15340800e-20,-5.96329800e-20,-6.87833600e-20,2.79504200e-20,1.51619200e-19,-3.36159700e-19,-3.71195400e-19,-4.87553700e-19,-6.95899800e-19,-6.76074900e-19,-1.94054800e-19,-4.15535100e-19,2.43940300e-19,-2.43575900e-19,2.86972900e-19,4.67348200e-19,-3.77170500e-19
2.23366080e+06,-7.77397800e+00,9.16163300e-20,-5.94205400e-20,-6.86121500e-20,2.79060600e-20,1.51491100e-19,-3.36194200e-19,-3.71202200e-19,-4.87553700e-19,-6.95899800e-19,-6.76074900e-19,-1.94066600e-19,-4.15387500e-19,2.43921100e-19,-2.43817000e-19,2.86785400e-19,4.67384400e-19,-3.77589400e-19
2.23766080e+06,-7.77349900e+00,9.17108300e-20,-5.91633900e-20,-6.83563100e-20,2.77822400e-20,1.51426300e-19,-3.36226000e-19,-3.71203600e-19,-4.87553700e-19,-6.95899800e-19,-6.76074900e-19,-1.94075700e-19,-4.15315100e-19,2.43858100e-19,-2.44017400e-19,2.86586800e-19,4.67347900e-19,-3.77974800e-19
2.24166080e+06,-7.77275700e+00,9.18040500e-20,-5.89293100e-20,-6.81839500e-20,2.77667800e-20,1.51450000e-19,-3.36157700e-19,-3.71208200e-19,-4.87553700e-19,-6.95899800e-19,-6.76074900e-19,-1.94087400e-19,-4.15202500e-19,2.43723800e-19,-2.44267100e-19,2.86515400e-19,4.67313600e-19,-3.78388600e-19
2.24566080e+06,-7.77217000e+00,9.18994300e-20,-5.86246500e-20,-6.80430900e-20,2.75447800e-20,1.51448700e-19,-3.36186300e-19,-3.71217400e-19,-4.87553700e-19,-6.95899800e-19,-6.76074900e-19,-1.94098700e-19,-4.15120800e-19,2.43586600e-19,-2.44537900e-19,2.86358700e-19,4.67323700e-19,-3.78773700e-19
2.24966080e+06,-7.77176400e+00,9.19913300e-20,-5.84635800e-20,-6.79484600e-20,2.74287300e-20,1.51445200e-19,-3.36159800e-19,-3.71221600e-19,-4.87553700e-19,-6.95899800e-19,-6.76074900e-19,-1.94106900e-19,-4.15106900e-19,2.43404700e-19,-2.44774100e-19,2.86296000e-19,4.67335700e-19,-3.79174400e-19
2.25366080e+06,-7.77156700e+00,9.20913900e-20,-5.82248500e-20,-6.78639700e-20,2.73543900e-20,1.51457700e-19,-3.36241500e-19,-3.71230600e-19,-4.87553700e-19,-6.95899800e-19,-6.76075000e-19,-1.94115200e-19,-4.15015100e-19,2.43315800e-19,-2.45069100e-19,2.86210500e-19,4.67381400e-19,-3.79589500e-19
2.25766080e+06,-7.77161000e+00,9.21754200e-20,-5.79653600e-20,-6.77370800e-20,2.71759200e-20,1.51501100e-19,-3.36292700e-19,-3.71240400e-19,-4.87553700e-19,-6.95899800e-19,-6.76075000e-19,-1.94122100e-19,-4.14941500e-19,2.43174100e-19,-2.45335900e-19,2.86093500e-19,4.67459600e-19,-3.79972000e-19
2.26166080e+06,-7.77192700e+00,9.22381300e-20,-5.77496000e-20,-6.75936400e-20,2.71608700e-20,1.51509800e-19,-3.36346700e-19,-3.71245800e-19,-4.87553700e-19,-6.95899800e-19,-6.76075000e-19,-1.94132400e-19,-4.14906300e-19,2.43015900e-19,-2.45584300e-19,2.86030400e-19,4.67519600e-19,-3.80344200e-19
2.26566080e+06,-7.77255500e+00,9.23176100e-20,-5.75405100e-20,-6.73875200e-20,2.71972600e-20,1.51357100e-19,-3.36364200e-19,-3.71254100e-19,-4.87553700e-19,-6.95899800e-19,-6.76075000e-19,-1.94142500e-19,-4.14791000e-19,2.42851400e-19,-2.45851900e-19,2.85848900e-19,4.67475600e-19,-3.80717900e-19
2.26966080e+06,-7.77353200e+00,9.23717700e-20,-5.73293500e-20,-6.71681200e-20,2.70776100e-20,1.51281900e-19,-3.36332400e-19,-3.71264600e-19,-4.87553700e-19,-6.95899800e-19,-6.76075000e-19,-1.94152900e-19,-4.14688500e-19,2.42776000e-19,-2.46157000e-19,2.85740500e-19,4.67505500e-19,-3.81087700e-19
2.27366080e+06,-7.77490000e+00,9.24736000e-20,-5.71372700e-20,-6.70527800e-20,2.70051900e-20,1.51128700e-19,-3.36341300e-19,-3.71276600e-19,-4.87553700e-19,-6.95899800e-19,-6.76075000e-19,-1.94161000e-19,-4.14608500e-19,2.42647800e-19,-2.46392400e-19,2.85665600e-19,4.67504400e-19,-3.81452100e-19
2.27766080e+06,-7.77670300e+00,9.25482200e-20,-5.68631300e-20,-6.68150300e-20,2.68783100e-20,1.51064500e-19,-3.36357700e-19,-3.71284800e-19,-4.87553700e-19,-6.95899800e-19,-6.76075000e-19,-1.94171400e-19,-4.14535800e-19,2.42522900e-19,-2.46658300e-19,2.85654000e-19,4.67609600e-19,-3.81841900e-19
2.28166080e+06,-7.77898200e+00,9.26284900e-20,-5.66088700e-20,-6.66421600e-20,2.67829300e-20,1.50972600e-19,-3.36374500e-19,-3.71291600e-19,-4.87553700e-19,-6.95899800e-19,-6.76075000e-19,-1.94183200e-19,-4.14362100e-19,2.42381700e-19,-2.46826400e-19,2.85465300e-19,4.67628200e-19,-3.82236500e-19
2.28566080e+06,-7.78178400e+00,9.27170000e-20,-5.63650000e-20,-6.63074700e-20,2.67145500e-20,1.50790800e-19,-3.36393800e-19,-3.71298600e-19,-4.87553700e-19,-6.95899800e-19,-6.76075000e-19,-1.94191500e-19,-4.14223200e-19,2.42383500e-19,-2.47060000e-19,2.85266100e-19,4.67640200e-19,-3.82595800e-19
2.28966080e+06,-7.78515000e+00,9.28137500e-20,-5.60439500e-20,-6.59887500e-20,2.65736800e-20,1.50588800e-19,-3.36455300e-19,-3.71304700e-19,-4.87553800e-19,-6.95899800e-19,-6.76075000e-19,-1.94201500e-19,-4.14093600e-19,2.42362500e-19,-2.47396200e-19,2.85096100e-19,4.67627000e-19,-3.82983400e-19
2.29366080e+06,-7.78912100e+00,9.29163800e-20,-5.57543800e-20,-6.56485200e-20,2.65468300e-20,1.50391000e-19,-3.36472000e-19,-3.71313100e-19,-4.87553800e-19,-6.95899800e-19,-6.76075000e-19,-1.94218400e-19,-4.13984300e-19,2.42432100e-19,-2.47647100e-19,2.84869600e-19,4.67667000e-19,-3.83358300e-19
2.29766080e+06,-7.79373300e+00,9.29923600e-20,-5.54540400e-20,-6.53469200e-20,2.64708500e-20,1.50144800e-19,-3.36469800e-19,-3.71321700e-19,-4.87553800e-19,-6.95899800e-19,-6.76075100e-19,-1.94225600e-19,-4.13861600e-19,2.42397400e-19,-2.47865100e-19,2.84660900e-19,4.67679700e-19,-3.83734700e-19
2.30166080e+06,-7.79901800e+00,9.30815400e-20,-5.51726400e-20,-6.50159600e-20,2.63853900e-20,1.49923800e-19,-3.36531900e-19,-3.71325400e-19,-4.87553800e-19,-6.95899800e-19,-6.76075100e-19,-1.94239200e-19,-4.13769200e-19,2.42400400e-19,-2.48126700e-19,2.84463400e-19,4.67694500e-19,-3.84130700e-19
2.30566080e+06,-7.79835400e+00,9.31630600e-20,-5.48899100e-20,-6.46930300e-20,2.62617600e-20,1.49765000e-19,-3.36562200e-19,-3.71331200e-19,-4.87553800e-19,-6.95899800e-19,-6.76075100e-19,-1.94248800e-19,-4.13648300e-19,2.42386400e-19,-2.48338900e-19,2.84207200e-19,4.67752200e-19,-3.84492600e-19
2.30966080e+06,-7.79537900e+00,9.32327100e-20,-5.46166500e-20,-6.43921000e-20,2.61019800e-20,1.49589600e-19,-3.36511900e-19,-3.71338600e-19,-4.87553800e-19,-6.95899800e-19,-6.76075100e-19,-1.94258000e-19,-4.13552800e-19,2.42365000e-19,-2.48569000e-19,2.84046800e-19,4.67819000e-19,-3.84835300e-19
2.31366080e+06,-7.79271000e+00,9.33119400e-20,-5.43303500e-20,-6.40641500e-20,2.60114500e-20,1.49343300e-19,-3.36587700e-19,-3.71345800e-19,-4.87553800e-19,-6.95899800e-19,-6.76075100e-19,-1.94266200e-19,-4.13497800e-19,2.42355900e-19,-2.48849600e-19,2.83778400e-19,4.67884400e-19,-3.85195100e-19
2.31766080e+06,-7.79034600e+00,9.34042000e-20,-5.40385900e-20,-6.37519500e-20,2.59526000e-20,1.49195400e-19,-3.36638000e-19,-3.71357400e-19,-4.87553800e-19,-6.95899800e-19,-6.76075100e-19,-1.94273900e-19,-4.13354200e-19,2.42384400e-19,-2.49093600e-19,2.83617200e-19,4.67936400e-19,-3.85538800e-19
2.32166080e+06,-7.78828200e+00,9.34834600e-20,-5.37795100e-20,-6.35180900e-20,2.58699600e-20,1.49018500e-19,-3.36693200e-19,-3.71368000e-19,-4.87553800e-19,-6.95899800e-19,-6.76075100e-19,-1.94284600e-19,-4.13272700e-19,2.42365700e-19,-2.49385800e-19,2.83373400e-19,4.67964400e-19,-3.85913900e-19
2.32566080e+06,-7.78651400e+00,9.35815200e-20,-5.35039200e-20,-6.32435900e-20,2.58504700e-20,1.48863700e-19,-3.36682500e-19,-3.71379400e-19,-4.87553800e-19,-6.95899800e-19,-6.76075100e-19,-1.94296600e-19,-4.13158500e-19,2.42387400e-19,-2.49619700e-19,2.83176200e-19,4.67962100e-19,-3.86280600e-19
2.32966080e+06,-7.78503300e+00,9.36396600e-20,-5.32322400e-20,-6.29447800e-20,2.57506900e-20,1.48731600e-19,-3.36688400e-19,-3.71386700e-19,-4.87553800e-19,-6.95899800e-19,-6.76075100e-19,-1.94308100e-19,-4.12985000e-19,2.42441000e-19,-2.49791800e-19,2.82960500e-19,4.67967700e-19,-3.86681100e-19
2.33366080e+06,-7.78383000e+00,9.37157100e-20,-5.29733700e-20,-6.26535200e-20,2.56786100e-20,1.48535200e-19,-3.36725000e-19,-3.71393600e-19,-4.87553800e-19,-6.95899800e-19,-6.76075100e-19,-1.94320600e-19,-4.12886100e-19,2.42466600e-19,-2.49960300e-19,2.82719700e-19,4.67954600e-19,-3.87082900e-19
2.33766080e+06,-7.78289300e+00,9.38113900e-20,-5.26392100e-20,-6.23459400e-20,2.55909400e-20,1.48400900e-19,-3.36771300e-19,-3.71403900e-19,-4.87553800e-19,-6.95899800e-19,-6.76075200e-19,-1.94331900e-19,-4.12792500e-19,2.42479800e-19,-2.50191700e-19,2.82530900e-19,4.67944000e-19,-3.87444400e-19
2.34166080e+06,-7.78221000e+00,9.38687700e-20,-5.23667500e-20,-6.19622300e-20,2.54914300e-20,1.48189900e-19,-3.36822000e-19,-3.71411600e-19,-4.87553800e-19,-6.95899800e-19,-6.76075200e-19,-1.94338500e-19,-4.12672000e-19,2.42486800e-19,-2.50430900e-19,2.82316700e-19,4.67997000e-19,-3.87813500e-19
2.34566080e+06,-7.78176700e+00,9.39411300e-20,-5.20635000e-20,-6.17077800e-20,2.53605200e-20,1.47964300e-19,-3.36866800e-19,-3.71415100e-19,-4.87553800e-19,-6.95899800e-19,-6.76075200e-19,-1.94345700e-19,-4.12539300e-19,2.42479100e-19,-2.50596300e-19,2.82125500e-19,4.67990100e-19,-3.88178400e-19
2.34966080e+06,-7.78154800e+00,9.40128200e-20,-5.17785200e-20,-6.14554100e-20,2.53059900e-20,1.47719000e-19,-3.36951100e-19,-3.71425300e-19,-4.87553800e-19,-6.95899800e-19,-6.76075200e-19,-1.94360500e-19,-4.12387500e-19,2.42463300e-19,-2.50717200e-19,2.81843500e-19,4.67993200e-19,-3.88515700e-19
2.35366080e+06,-7.78153800e+00,9.40654500e-20,-5.14627100e-20,-6.11325400e-20,2.51755700e-20,1.47451600e-19,-3.37027800e-19,-3.71436200e-19,-4.87553800e-19,-6.95899800e-19,-6.76075200e-19,-1.94373800e-19,-4.12265800e-19,2.42479400e-19,-2.50841000e-19,2.81641600e-19,4.67940800e-19,-3.88921800e-19
2.35766080e+06,-7.78172000e+00,9.41072500e-20,-5.11002700e-20,-6.08642300e-20,2.50935200e-20,1.47243900e-19,-3.37002800e-19,-3.71442300e-19,-4.87553800e-19,-6.95899800e-19,-6.76075200e-19,-1.94386000e-19,-4.12152300e-19,2.42447300e-19,-2.50914300e-19,2.81425600e-19,4.67935300e-19,-3.89305400e-19
2.36166080e+06,-7.78208000e+00,9.41579400e-20,-5.08019400e-20,-6.05718300e-20,2.49489100e-20,1.47035000e-19,-3.37014500e-19,-3.71451900e-19,-4.87553800e-19,-6.95899800e-19,-6.76075200e-19,-1.94397500e-19,-4.12025900e-19,2.42473900e-19,-2.51067600e-19,2.81198500e-19,4.67889100e-19,-3.89681600e-19
2.36566080e+06,-7.78259900e+00,9.42171100e-20,-5.04726700e-20,-6.02293900e-20,2.49148600e-20,1.46800800e-19,-3.37086600e-19,-3.71461100e-19,-4.87553800e-19,-6.95899800e-19,-6.76075200e-19,-1.94408000e-19,-4.11910900e-19,2.42526300e-19,-2.51194900e-19,2.80990300e-19,4.67867600e-19,-3.90062700e-19
2.36966080e+06,-7.78326200e+00,9.42507600e-20,-5.01638900e-20,-5.98582200e-20,2.48098900e-20,1.46628700e-19,-3.37118800e-19,-3.71467500e-19,-4.87553900e-19,-6.95899800e-19,-6.76075200e-19,-1.94424900e-19,-4.11832700e-19,2.42556000e-19,-2.51336200e-19,2.80802000e-19,4.67839000e-19,-3.90407600e-19
2.37366080e+06,-7.78405200e+00,9.43150800e-20,-4.98133800e-20,-5.96511500e-20,2.46399900e-20,1.46371100e-19,-3.37118300e-19,-3.71478500e-19,-4.87553900e-19,-6.95899800e-19,-6.76075200e-19,-1.94435300e-19,-4.11709800e-19,2.42526600e-19,-2.51471600e-19,2.80620800e-19,4.67841600e-19,-3.90774700e-19
2.37766080e+06,-7.78495600e+00,9.43998800e-20,-4.95161400e-20,-5.94396300e-20,2.45200800e-20,1.46141800e-19,-3.37177700e-19,-3.71492900e-19,-4.87553900e-19,-6.95899800e-19,-6.76075300e-19,-1.94446200e-19,-4.11567400e-19,2.42522700e-19,-2.51575600e-19,2.80441700e-19,4.67932400e-19,-3.91135300e-19
2.38166080e+06,-7.78595700e+00,9.44701700e-20,-4.91966900e-20,-5.91742800e-20,2.43911100e-20,1.45975000e-19,-3.37191500e-19,-3.71503100e-19,-4.87553900e-19,-6.95899800e-19,-6.76075300e-19,-1.94454100e-19,-4.11390600e-19,2.42470200e-19,-2.51674200e-19,2.80334400e-19,4.67947300e-19,-3.91507800e-19
2.38566080e+06,-7.78704200e+00,9.45010600e-20,-4.89104800e-20,-5.89903300e-20,2.41702000e-20,1.45745400e-19,-3.37208900e-19,-3.71511900e-19,-4.87553900e-19,-6.95899800e-19,-6.76075300e-19,-1.94463200e-19,-4.11329600e-19,2.42447400e-19,-2.51726500e-19,2.80200300e-19,4.67967600e-19,-3.91923400e-19
2.38966080e+06,-7.78819600e+00,9.45618600e-20,-4.86575100e-20,-5.86558600e-20,2.40605100e-20,1.45576200e-19,-3.37276500e-19,-3.71517900e-19,-4.87553900e-19,-6.95899800e-19,-6.76075300e-19,-1.94479500e-19,-4.11232700e-19,2.42459400e-19,-2.51809900e-19,2.80069200e-19,4.67962500e-19,-3.92299500e-19
2.39366080e+06,-7.78940900e+00,9.46287000e-20,-4.83654300e-20,-5.83551500e-20,2.40197700e-20,1.45381000e-19,-3.37256100e-19,-3.71529800e-19,-4.87553900e-19,-6.95899800e-19,-6.76075300e-19,-1.94493700e-19,-4.11074300e-19,2.42416500e-19,-2.51931300e-19,2.79928300e-19,4.67947400e-19,-3.92678300e-19
2.39766080e+06,-7.79066600e+00,9.46781900e-20,-4.80222000e-20,-5.81655300e-20,2.39150500e-20,1.45247500e-19,-3.37313500e-19,-3.71538300e-19,-4.87553900e-19,-6.95899800e-19,-6.76075300e-19,-1.94504800e-19,-4.10996400e-19,2.42346900e-19,-2.52037100e-19,2.79860600e-19,4.67895700e-19,-3.93068300e-19
2.40166080e+06,-7.78955200e+00,9.47800100e-20,-4.77000500e-20,-5.79842900e-20,2.37534100e-20,1.45072400e-19,-3.37316500e-19,-3.71550600e-19,-4.87553900e-19,-6.95899800e-19,-6.76075300e-19,-1.94517200e-19,-4.10922600e-19,2.42286000e-19,-2.52174700e-19,2.79835300e-19,4.67915200e-19,-3.93433600e-19
2.40566080e+06,-7.78132500e+00,9.48271200e-20,-4.74312800e-20,-5.78867000e-20,2.35349200e-20,1.44991400e-19,-3.37323900e-19,-3.71560200e-19,-4.87553900e-19,-6.95899800e-19,-6.76075300e-19,-1.94531400e-19,-4.10867500e-19,2.42287600e-19,-2.52267000e-19,2.79766200e-19,4.67903100e-19,-3.93816800e-19
2.40966080e+06,-7.77299300e+00,9.48889000e-20,-4.71390900e-20,-5.76778000e-20,2.34308200e-20,1.44878600e-19,-3.37239100e-19,-3.71574100e-19,-4.87553900e-19,-6.95899800e-19,-6.76075300e-19,-1.94540700e-19,-4.10796100e-19,2.42222600e-19,-2.52329300e-19,2.79740800e-19,4.67966100e-19,-3.94178500e-19
2.41366080e+06,-7.76455400e+00,9.49508100e-20,-4.68917800e-20,-5.75452600e-20,2.33362100e-20,1.44726300e-19,-3.37199400e-19,-3.71587500e-19,-4.87553900e-19,-6.95899800e-19,-6.76075400e-19,-1.94553800e-19,-4.10686100e-19,2.42161300e-19,-2.52454000e-19,2.79684500e-19,4.67982800e-19,-3.94540000e-19
2.41766080e+06,-7.75600600e+00,9.50493500e-20,-4.65804400e-20,-5.74140800e-20,2.31897300e-20,1.44582000e-19,-3.37168100e-19,-3.71599000e-19,-4.87553900e-19,-6.95899800e-19,-6.76075400e-19,-1.94569600e-19,-4.10586000e-19,2.42143700e-19,-2.52512800e-19,2.79667400e-19,4.67961200e-19,-3.94903400e-19
2.42166080e+06,-7.74734500e+00,9.51291500e-20,-4.62511200e-20,-5.73180600e-20,2.31047700e-20,1.44412300e-19,-3.37112300e-19,-3.71607600e-19,-4.87553900e-19,-6.95899800e-19,-6.76075400e-19,-1.94583400e-19,-4.10514600e-19,2.42118500e-19,-2.52617800e-19,2.79652600e-19,4.68009200e-19,-3.95279600e-19
2.42566080e+06,-7.73857000e+00,9.52156400e-20,-4.59542300e-20,-5.71750400e-20,2.29917800e-20,1.44210300e-19,-3.37205500e-19,-3.71617900e-19,-4.87553900e-19,-6.95899800e-19,-6.76075400e-19,-1.94595700e-19,-4.10375700e-19,2.42075000e-19,-2.52791200e-19,2.79599400e-19,4.67951100e-19,-3.95669800e-19
2.42966080e+06,-7.72967700e+00,9.52724200e-20,-4.56364100e-20,-5.69905400e-20,2.29421800e-20,1.44127500e-19,-3.37167900e-19,-3.71631600e-19,-4.87554000e-19,-6.95899800e-19,-6.76075400e-19,-1.94608300e-19,-4.10288300e-19,2.42012400e-19,-2.52863300e-19,2.79533400e-19,4.67905100e-19,-3.96032200e-19
2.43366080e+06,-7.72066500e+00,9.53559700e-20,-4.53914900e-20,-5.68630100e-20,2.28430800e-20,1.43889000e-19,-3.37127100e-19,-3.71640100e-19,-4.87554000e-19,-6.95899800e-19,-6.76075400e-19,-1.94621700e-19,-4.10207500e-19,2.41962900e-19,-2.52975700e-19,2.79527200e-19,4.67850100e-19,-3.96391400e-19
2.43766080e+06,-7.71153300e+00,9.53982300e-20,-4.51127900e-20,-5.67532100e-20,2.27389500e-20,1.43836800e-19,-3.37154800e-19,-3.71649900e-19,-4.87554000e-19,-6.95899800e-19,-6.76075400e-19,-1.94634400e-19,-4.10145900e-19,2.41826800e-19,-2.53088900e-19,2.79473400e-19,4.67892500e-19,-3.96754800e-19
2.44166080e+06,-7.70227900e+00,9.54451400e-20,-4.48275000e-20,-5.65968400e-20,2.26403300e-20,1.43719700e-19,-3.37160200e-19,-3.71660100e-19,-4.87554000e-19,-6.95899800e-19,-6.76075400e-19,-1.94648200e-19,-4.10014300e-19,2.41726400e-19,-2.53197800e-19,2.79404100e-19,4.67871200e-19,-3.97107500e-19
2.44566080e+06,-7.69290200e+00,9.54922500e-20,-4.45030000e-20,-5.65030100e-20,2.25290500e-20,1.43645300e-19,-3.37211900e-19,-3.71672400e-19,-4.87554000e-19,-6.95899800e-19,-6.76075500e-19,-1.94663200e-19,-4.09913600e-19,2.41674700e-19,-2.53336200e-19,2.79315100e-19,4.67854700e-19,-3.97467700e-19
2.44966080e+06,-7.68340200e+00,9.55545100e-20,-4.42267300e-20,-5.63822800e-20,2.23971000e-20,1.43556300e-19,-3.37210000e-19,-3.71680000e-19,-4.87554000e-19,-6.95899800e-19,-6.76075500e-19,-1.94679400e-19,-4.09855000e-19,2.41599900e-19,-2.53440600e-19,2.79292600e-19,4.67836200e-19,-3.97842100e-19
2.45366080e+06,-7.67378000e+00,9.56196000e-20,-4.39646500e-20,-5.62522700e-20,2.22175000e-20,1.43454200e-19,-3.37143900e-19,-3.71686800e-19,-4.87554000e-19,-6.95899800e-19,-6.76075500e-19,-1.94691400e-19,-4.09868700e-19,2.41566700e-19,-2.53509900e-19,2.79213000e-19,4.67819300e-19,-3.98216500e-19
2.45766080e+06,-7.66403900e+00,9.56946400e-20,-4.36877700e-20,-5.60918700e-20,2.20275500e-20,1.43353500e-19,-3.37115000e-19,-3.71689800e-19,-4.87554000e-19,-6.95899800e-19,-6.76075500e-19,-1.94708700e-19,-4.09856600e-19,2.41569200e-19,-2.53449000e-19,2.79184300e-19,4.67772100e-19,-3.98580500e-19
2.46166080e+06,-7.65418300e+00,9.57626500e-20,-4.34330900e-20,-5.59334600e-20,2.18840900e-20,1.43191700e-19,-3.37106300e-19,-3.71703700e-19,-4.87554000e-19,-6.95899800e-19,-6.76075500e-19,-1.94715900e-19,-4.09825100e-19,2.41518300e-19,-2.53529500e-19,2.79175600e-19,4.67750100e-19,-3.98934900e-19
2.46566080e+06,-7.64421700e+00,9.58252500e-20,-4.31472300e-20,-5.58167300e-20,2.16998300e-20,1.43052700e-19,-3.37118800e-19,-3.71715000e-19,-4.87554000e-19,-6.95899800e-19,-6.76075500e-19,-1.94730100e-19,-4.09786700e-19,2.41497800e-19,-2.53579900e-19,2.79159600e-19,4.67724800e-19,-3.99314300e-19
2.46966080e+06,-7.63415000e+00,9.58992500e-20,-4.28668000e-20,-5.56882200e-20,2.16323100e-20,1.42982200e-19,-3.37110200e-19,-3.71723200e-19,-4.87554000e-19,-6.95899800e-19,-6.76075500e-19,-1.94738600e-19,-4.09672700e-19,2.41496300e-19,-2.53514200e-19,2.79079100e-19,4.67702900e-19,-3.99677700e-19
2.47366080e+06,-7.62399500e+00,9.59507400e-20,-4.26183800e-20,-5.55782600e-20,2.14535200e-20,1.42747800e-19,-3.37121700e-19,-3.71739700e-19,-4.87554000e-19,-6.95899800e-19,-6.76075500e-19,-1.94747100e-19,-4.09649800e-19,2.41427400e-19,-2.53484200e-19,2.79074600e-19,4.67701100e-19,-4.00017000e-19
2.47766080e+06,-7.61376900e+00,9.60109900e-20,-4.23509800e-20,-5.54905900e-20,2.13305800e-20,1.42609200e-19,-3.37183400e-19,-3.71751800e-19,-4.87554000e-19,-6.95899800e-19,-6.76075500e-19,-1.94761900e-19,-4.09596200e-19,2.41361700e-19,-2.53519000e-19,2.79077900e-19,4.67706400e-19,-4.00368300e-19
2.48166080e+06,-7.60349400e+00,9.60781400e-20,-4.21321400e-20,-5.52936100e-20,2.12465100e-20,1.42488500e-19,-3.37156900e-19,-3.71765800e-19,-4.87554000e-19,-6.95899800e-19,-6.76075500e-19,-1.94776000e-19,-4.09654700e-19,2.41287900e-19,-2.53531500e-19,2.79071900e-19,4.67689700e-19,-4.00719300e-19
2.48566080e+06,-7.59320000e+00,9.61457800e-20,-4.19158000e-20,-5.51934100e-20,2.10740900e-20,1.42267200e-19,-3.37138600e-19,-3.71779700e-19,-4.87554100e-19,-6.95899800e-19,-6.76075600e-19,-1.94789900e-19,-4.09602300e-19,2.41210600e-19,-2.53518100e-19,2.79054200e-19,4.67726800e-19,-4.01078000e-19
2.48966080e+06,-7.58292700e+00,9.62142400e-20,-4.16942200e-20,-5.50304800e-20,2.09126000e-20,1.42076400e-19,-3.37138300e-19,-3.71789000e-19,-4.87554100e-19,-6.95899800e-19,-6.76075600e-19,-1.94796400e-19,-4.09574400e-19,2.41131000e-19,-2.53531900e-19,2.79061600e-19,4.67722500e-19,-4.01430100e-19
2.49366080e+06,-7.57272800e+00,9.62911200e-20,-4.14314100e-20,-5.49021600e-20,2.07302200e-20,1.41829800e-19,-3.37101100e-19,-3.71798900e-19,-4.87554100e-19,-6.95899800e-19,-6.76075600e-19,-1.94811900e-19,-4.09451100e-19,2.41078200e-19,-2.53518100e-19,2.79011000e-19,4.67736800e-19,-4.01760600e-19
2.49766080e+06,-7.56267000e+00,9.63416500e-20,-4.11310900e-20,-5.48528900e-20,2.06018200e-20,1.41556900e-19,-3.37065800e-19,-3.71807700e-19,-4.87554100e-19,-6.95899800e-19,-6.76075600e-19,-1.94822700e-19,-4.09423300e-19,2.40999900e-19,-2.53448700e-19,2.78951600e-19,4.67726900e-19,-4.02084000e-19
2.50166080e+06,-7.55283900e+00,9.63942200e-20,-4.08795300e-20,-5.47427900e-20,2.04047400e-20,1.41253800e-19,-3.37068800e-19,-3.71810600e-19,-4.87554100e-19,-6.95899800e-19,-6.76075600e-19,-1.94837900e-19,-4.09403800e-19,2.40953200e-19,-2.53365400e-19,2.78856900e-19,4.67671700e-19,-4.02409000e-19
2.50566080e+06,-7.54334800e+00,9.64614700e-20,-4.06406800e-20,-5.46750100e-20,2.02343500e-20,1.41025400e-19,-3.37096600e-19,-3.71814900e-19,-4.87554100e-19,-6.95899800e-19,-6.76075600e-19,-1.94852600e-19,-4.09362700e-19,2.40935500e-19,-2.53312500e-19,2.78821000e-19,4.67646300e-19,-4.02726100e-19
2.50966080e+06,-7.53433500e+00,9.65096500e-20,-4.04454200e-20,-5.45071900e-20,2.00808100e-20,1.40753500e-19,-3.37081900e-19,-3.71821200e-19,-4.87554100e-19,-6.95899800e-19,-6.76075600e-19,-1.94868000e-19,-4.09339200e-19,2.40942800e-19,-2.53298800e-19,2.78856600e-19,4.67654900e-19,-4.03045300e-19
2.51366080e+06,-7.52597700e+00,9.65568700e-20,-4.02271500e-20,-5.43809700e-20,1.99466200e-20,1.40570800e-19,-3.37104700e-19,-3.71829200e-19,-4.87554100e-19,-6.95899800e-19,-6.76075600e-19,-1.94881500e-19,-4.09313500e-19,2.40879000e-19,-2.53264000e-19,2.78861600e-19,4.67643800e-19,-4.03356700e-19
2.51766080e+06,-7.51848900e+00,9.66089200e-20,-4.00233500e-20,-5.42895400e-20,1.97848700e-20,1.40284700e-19,-3.37157800e-19,-3.71838700e-19,-4.87554100e-19,-6.95899800e-19,-6.76075700e-19,-1.94896400e-19,-4.09245000e-19,2.40822800e-19,-2.53301900e-19,2.78874100e-19,4.67622000e-19,-4.03665000e-19
2.52166080e+06,-7.51212900e+00,9.66676600e-20,-3.98044200e-20,-5.41724400e-20,1.97276200e-20,1.40062800e-19,-3.37202800e-19,-3.71842600e-19,-4.87554100e-19,-6.95899800e-19,-6.76075700e-19,-1.94909300e-19,-4.09199600e-19,2.40761800e-19,-2.53328000e-19,2.78822000e-19,4.67667800e-19,-4.03992500e-19
2.52566080e+06,-7.50720200e+00,9.66808000e-20,-3.95862900e-20,-5.41200700e-20,1.95853500e-20,1.39802300e-19,-3.37147600e-19,-3.71841500e-19,-4.87554100e-19,-6.95899800e-19,-6.76075700e-19,-1.94924000e-19,-4.09103400e-19,2.40717800e-19,-2.53381900e-19,2.78754000e-19,4.67657300e-19,-4.04288100e-19
2.52966080e+06,-7.50404600e+00,9.67289700e-20,-3.93585000e-20,-5.40017300e-20,1.94156600e-20,1.39602100e-19,-3.37151700e-19,-3.71849200e-19,-4.87554100e-19,-6.95899800e-19,-6.76075700e-19,-1.94935200e-19,-4.09060500e-19,2.40667900e-19,-2.53284900e-19,2.78737600e-19,4.67698700e-19,-4.04586200e-19
2.53366080e+06,-7.50302300e+00,9.67554100e-20,-3.91658600e-20,-5.39222600e-20,1.93625600e-20,1.39357200e-19,-3.37151400e-19,-3.71859400e-19,-4.87554100e-19,-6.95899800e-19,-6.76075700e-19,-1.94944000e-19,-4.09000300e-19,2.40584200e-19,-2.53309500e-19,2.78707600e-19,4.67701300e-19,-4.04895900e-19
2.53766080e+06,-7.49718200e+00,9.67722600e-20,-3.89279900e-20,-5.38795200e-20,1.91354400e-20,1.39083000e-19,-3.37145200e-19,-3.71866500e-19,-4.87554100e-19,-6.95899800e-19,-6.76075700e-19,-1.94959600e-19,-4.08904500e-19,2.40548500e-19,-2.53216800e-19,2.78727700e-19,4.67639400e-19,-4.05182600e-19
2.54166080e+06,-7.49246200e+00,9.68178400e-20,-3.87500400e-20,-5.37763000e-20,1.90381500e-20,1.38805200e-19,-3.37159900e-19,-3.71878500e-19,-4.87554200e-19,-6.95899800e-19,-6.76075700e-19,-1.94975100e-19,-4.08812900e-19,2.40492900e-19,-2.53161100e-19,2.78693600e-19,4.67654100e-19,-4.05477100e-19
2.54566080e+06,-7.48985600e+00,9.68507900e-20,-3.85420700e-20,-5.36731600e-20,1.88474800e-20,1.38562300e-19,-3.37140100e-19,-3.71888500e-19,-4.87554200e-19,-6.95899800e-19,-6.76075700e-19,-1.94987500e-19,-4.08744500e-19,2.40408200e-19,-2.53158700e-19,2.78704300e-19,4.67643000e-19,-4.05766300e-19
2.54966080e+06,-7.48978300e+00,9.68892900e-20,-3.83374900e-20,-5.34766000e-20,1.87009700e-20,1.38330800e-19,-3.37241600e-19,-3.71896200e-19,-4.87554200e-19,-6.95899800e-19,-6.76075700e-19,-1.94997200e-19,-4.08698800e-19,2.40354800e-19,-2.53189000e-19,2.78682200e-19,4.67652500e-19,-4.06062400e-19
2.55366080e+06,-7.49264000e+00,9.69368500e-20,-3.80597600e-20,-5.34279300e-20,1.85424200e-20,1.38054300e-19,-3.37265600e-19,-3.71905500e-19,-4.87554200e-19,-6.95899800e-19,-6.76075800e-19,-1.95013700e-19,-4.08678000e-19,2.40349700e-19,-2.53245400e-19,2.78680700e-19,4.67646200e-19,-4.06346800e-19
2.55766080e+06,-7.49876100e+00,9.69860900e-20,-3.78374900e-20,-5.33088500e-20,1.84132300e-20,1.37717900e-19,-3.37333200e-19,-3.71913800e-19,-4.87554200e-19,-6.95899800e-19,-6.76075800e-19,-1.95027400e-19,-4.08638700e-19,2.40336300e-19,-2.53282900e-19,2.78659800e-19,4.67671400e-19,-4.06635500e-19
2.56166080e+06,-7.50835400e+00,9.70333000e-20,-3.76361800e-20,-5.31702400e-20,1.82826800e-20,1.37390400e-19,-3.37416200e-19,-3.71916700e-19,-4.87554200e-19,-6.95899800e-19,-6.76075800e-19,-1.95043700e-19,-4.08601600e-19,2.40213400e-19,-2.53244800e-19,2.78670700e-19,4.67652400e-19,-4.06932300e-19
2.56566080e+06,-7.50784000e+00,9.70765400e-20,-3.74567000e-20,-5.30769300e-20,1.81396400e-20,1.37145500e-19,-3.37507800e-19,-3.71927600e-19,-4.87554200e-19,-6.95899800e-19,-6.76075800e-19,-1.95058900e-19,-4.08560200e-19,2.40212900e-19,-2.53181700e-19,2.78651200e-19,4.67653700e-19,-4.07224300e-19
2.56966080e+06,-7.49992900e+00,9.71073800e-20,-3.73072700e-20,-5.29434300e-20,1.79564600e-20,1.36862000e-19,-3.37474300e-19,-3.71934700e-19,-4.87554200e-19,-6.95899800e-19,-6.76075800e-19,-1.95073500e-19,-4.08451300e-19,2.40127500e-19,-2.53209700e-19,2.78621100e-19,4.67638300e-19,-4.07507100e-19
2.57366080e+06,-7.49325300e+00,9.71304200e-20,-3.71219500e-20,-5.28808500e-20,1.77839200e-20,1.36587900e-19,-3.37532600e-19,-3.71941300e-19,-4.87554200e-19,-6.95899800e-19,-6.76075800e-19,-1.95087600e-19,-4.08355900e-19,2.40053400e-19,-2.53168400e-19,2.78596400e-19,4.67637900e-19,-4.07803500e-19
2.57766080e+06,-7.48793200e+00,9.71688200e-20,-3.69663700e-20,-5.27951700e-20,1.76272600e-20,1.36315800e-19,-3.37512900e-19,-3.71949400e-19,-4.87554200e-19,-6.95899800e-19,-6.76075800e-19,-1.95100600e-19,-4.08263200e-19,2.40019500e-19,-2.53137300e-19,2.78621800e-19,4.67637200e-19,-4.08089200e-19
2.58166080e+06,-7.48408000e+00,9.72213300e-20,-3.67804400e-20,-5.27539100e-20,1.74367200e-20,1.36122900e-19,-3.37533600e-19,-3.71950200e-19,-4.87554200e-19,-6.95899800e-19,-6.76075900e-19,-1.95111000e-19,-4.08185900e-19,2.39993300e-19,-2.53045300e-19,2.78508400e-19,4.67616500e-19,-4.08380900e-19
2.58566080e+06,-7.48180900e+00,9.73177400e-20,-3.66209900e-20,-5.27042600e-20,1.72554900e-20,1.35827500e-19,-3.37565400e-19,-3.71955400e-19,-4.87554200e-19,-6.95899800e-19,-6.76075900e-19,-1.95131300e-19,-4.08058200e-19,2.39923700e-19,-2.53011200e-19,2.78524600e-19,4.67648300e-19,-4.08669000e-19
2.58966080e+06,-7.48124600e+00,9.74140300e-20,-3.64604900e-20,-5.26655400e-20,1.71391100e-20,1.35545000e-19,-3.37553500e-19,-3.71966900e-19,-4.87554200e-19,-6.95899800e-19,-6.76075900e-19,-1.95140100e-19,-4.08010800e-19,2.39900500e-19,-2.52973400e-19,2.78488200e-19,4.67646300e-19,-4.08931900e-19
