t,max_slip_rate,-400.0,-350.0,-300.0,-250.0,-200.0,-150.0,-100.0,-50.0,-0.0,50.0,100.0,150.0,200.0,250.0,300.0,350.0,400.0
0.00000000e+00,0.00000000e+00,-4.00000000e+02,-3.50000000e+02,-3.00000000e+02,-2.50000000e+02,-2.00000000e+02,-1.50000000e+02,-1.00000000e+02,-5.00000000e+01,-0.00000000e+00,5.00000000e+01,1.00000000e+02,1.50000000e+02,2.00000000e+02,2.50000000e+02,3.00000000e+02,3.50000000e+02,4.00000000e+02
5.00000000e+02,-1.20000000e+01,5.00000000e-10,5.00000000e-10,5.00000000e-10,5.00000000e-10,5.00000000e-10,5.00000000e-10,5.00000000e-10,5.00000000e-10,5.00000000e-10,5.00000000e-10,5.00000000e-10,5.00000000e-10,5.00000000e-10,5.00000000e-10,5.00000000e-10,5.00000000e-10,5.00000000e-10
4.00000000e+03,-1.15847300e+01,4.00000400e-09,4.00000600e-09,4.00000700e-09,4.00002700e-09,4.00093000e-09,4.02239400e-09,4.25052300e-09,5.26704000e-09,6.39762000e-09,5.26704000e-09,4.25052300e-09,4.02239400e-09,4.00093000e-09,4.00002700e-09,4.00000700e-09,4.00000600e-09,4.00000400e-09
8.00000000e+03,-1.11370700e+01,8.00002000e-09,8.00002900e-09,8.00003800e-09,8.00029100e-09,8.00706700e-09,8.12526900e-09,9.27094000e-09,1.53878400e-08,2.47200600e-08,1.53878400e-08,9.27094000e-09,8.12526900e-09,8.00706700e-09,8.00029100e-09,8.00003800e-09,8.00002900e-09,8.00002000e-09
1.20000000e+04,-1.07146700e+01,1.20000500e-08,1.20000700e-08,1.20001200e-08,1.20013200e-08,1.20244200e-08,1.23478200e-08,1.53014000e-08,3.44628200e-08,7.43347400e-08,3.44628200e-08,1.53014000e-08,1.23478200e-08,1.20244200e-08,1.20013200e-08,1.20001200e-08,1.20000700e-08,1.20000500e-08
1.60000000e+04,-1.03144100e+01,1.60000900e-08,1.60001300e-08,1.60003400e-08,1.60040200e-08,1.60604800e-08,1.67295900e-08,2.26297800e-08,6.96348700e-08,2.01667400e-07,6.96348700e-08,2.26297800e-08,1.67295900e-08,1.60604800e-08,1.60040200e-08,1.60003400e-08,1.60001300e-08,1.60000900e-08
2.00000000e+04,-9.93366400e+00,2.00001500e-08,2.00002300e-08,2.00008300e-08,2.00097200e-08,2.01238600e-08,2.13111600e-08,3.16114200e-08,1.33169400e-07,5.13383900e-07,1.33169400e-07,3.16114200e-08,2.13111600e-08,2.01238600e-08,2.00097200e-08,2.00008300e-08,2.00002300e-08,2.00001500e-08
2.40000000e+04,-9.57025100e+00,2.40002300e-08,2.40003900e-08,2.40018100e-08,2.40201700e-08,2.42240600e-08,2.61346900e-08,4.26868800e-08,2.45755900e-07,1.24522600e-06,2.45755900e-07,4.26868800e-08,2.61346900e-08,2.42240600e-08,2.40201700e-08,2.40018100e-08,2.40003900e-08,2.40002300e-08
2.80000000e+04,-9.22239800e+00,2.80003300e-08,2.80006400e-08,2.80036300e-08,2.80375100e-08,2.83712800e-08,3.12445300e-08,5.64031700e-08,4.41719800e-07,2.90039200e-06,4.41719800e-07,5.64031700e-08,3.12445300e-08,2.83712800e-08,2.80375100e-08,2.80036300e-08,2.80006400e-08,2.80003300e-08
3.20000000e+04,-8.88881500e+00,3.20004700e-08,3.20010500e-08,3.20067200e-08,3.20642400e-08,3.25762900e-08,3.66877700e-08,7.34393500e-08,7.77123700e-07,6.51883700e-06,7.77123700e-07,7.34393500e-08,3.66877700e-08,3.25762900e-08,3.20642400e-08,3.20067200e-08,3.20010500e-08,3.20004700e-08
3.60000000e+04,-8.56884200e+00,3.60006800e-08,3.60017100e-08,3.60116500e-08,3.61032300e-08,3.68503400e-08,4.25149500e-08,9.46378100e-08,1.34213600e-06,1.41818600e-05,1.34213600e-06,9.46378100e-08,4.25149500e-08,3.68503400e-08,3.61032300e-08,3.60116500e-08,3.60017100e-08,3.60006800e-08
4.00000000e+04,-8.26279000e+00,4.00009800e-08,4.00027400e-08,4.00191300e-08,4.01576400e-08,4.12051200e-08,4.87807100e-08,1.21042500e-07,2.27946700e-06,2.99079300e-05,2.27946700e-06,1.21042500e-07,4.87807100e-08,4.12051200e-08,4.01576400e-08,4.00191300e-08,4.00027400e-08,4.00009800e-08
4.40000000e+04,-7.97254000e+00,4.40014400e-08,4.40043100e-08,4.40299700e-08,4.42309300e-08,4.56527600e-08,5.55445400e-08,1.53946500e-07,3.81087500e-06,6.11008600e-05,3.81087500e-06,1.53946500e-07,5.55445400e-08,4.56527600e-08,4.42309300e-08,4.40299700e-08,4.40043100e-08,4.40014400e-08
4.80000000e+04,-7.70240200e+00,4.80021300e-08,4.80066400e-08,4.80451600e-08,4.83268400e-08,5.02058400e-08,6.28716500e-08,1.94952400e-07,6.27297300e-06,1.20470900e-04,6.27297300e-06,1.94952400e-07,6.28716500e-08,5.02058400e-08,4.83268400e-08,4.80451600e-08,4.80066400e-08,4.80021300e-08
5.20000000e+04,-7.45985500e+00,5.20031500e-08,5.20100000e-08,5.20658200e-08,5.24493500e-08,5.48774900e-08,7.08339600e-08,2.46050500e-07,1.01607400e-05,2.27422100e-04,1.01607400e-05,2.46050500e-07,7.08339600e-08,5.48774900e-08,5.24493500e-08,5.20658200e-08,5.20100000e-08,5.20031500e-08
5.60000000e+04,-7.25489900e+00,5.60046600e-08,5.60147400e-08,5.60932300e-08,5.66027000e-08,5.96814000e-08,7.95112600e-08,3.09720500e-07,1.61718000e-05,4.06090100e-04,1.61718000e-05,3.09720500e-07,7.95112600e-08,5.96814000e-08,5.66027000e-08,5.60932300e-08,5.60147400e-08,5.60046600e-08
6.00000000e+04,-7.09645700e+00,6.00068500e-08,6.00212800e-08,6.01288000e-08,6.07913900e-08,6.46319400e-08,8.89924600e-08,3.89060200e-07,2.52430200e-05,6.76830800e-04,2.52430200e-05,3.89060200e-07,8.89924600e-08,6.46319400e-08,6.07913900e-08,6.01288000e-08,6.00212800e-08,6.00068500e-08
6.40000000e+04,-6.98672400e+00,6.40099300e-08,6.40301000e-08,6.41741100e-08,6.50201200e-08,6.97442000e-08,9.93768600e-08,4.87935700e-07,3.85870300e-05,1.04423900e-03,3.85870300e-05,4.87935700e-07,9.93768600e-08,6.97442000e-08,6.50201200e-08,6.41741100e-08,6.40301000e-08,6.40099300e-08
6.80000000e+04,-6.91839800e+00,6.80141800e-08,6.80417500e-08,6.82308400e-08,6.92937800e-08,7.50339800e-08,1.10775300e-07,6.11148900e-07,5.77730300e-05,1.49359400e-03,5.77730300e-05,6.11148900e-07,1.10775300e-07,7.50339800e-08,6.92937800e-08,6.82308400e-08,6.80417500e-08,6.80141800e-08
7.20000000e+04,-6.87753700e+00,7.20199200e-08,7.20568500e-08,7.23008000e-08,7.36174500e-08,8.05178300e-08,1.23312000e-07,7.64639400e-07,8.49247300e-05,2.00142600e-03,8.49247300e-05,7.64639400e-07,1.23312000e-07,8.05178300e-08,7.36174500e-08,7.23008000e-08,7.20568500e-08,7.20199200e-08
7.60000000e+04,-6.84846500e+00,7.60275000e-08,7.60761000e-08,7.63858900e-08,7.79963800e-08,8.62133000e-08,1.37126700e-07,9.55769900e-07,1.23129900e-04,2.55026800e-03,1.23129900e-04,9.55769900e-07,1.37126700e-07,8.62133000e-08,7.79963800e-08,7.63858900e-08,7.60761000e-08,7.60275000e-08
8.00000000e+04,-6.81749000e+00,8.00373600e-08,8.01002700e-08,8.04882100e-08,8.24361500e-08,9.21392400e-08,1.52379500e-07,1.19375100e-06,1.77209500e-04,3.13717800e-03,1.77209500e-04,1.19375100e-06,1.52379500e-07,9.21392400e-08,8.24361500e-08,8.04882100e-08,8.01002700e-08,8.00373600e-08
8.40000000e+04,-6.77638000e+00,8.40500300e-08,8.41303000e-08,8.46100500e-08,8.69427200e-08,9.83162100e-08,1.69256300e-07,1.49022600e-06,2.55025600e-04,3.77445400e-03,2.55025600e-04,1.49022600e-06,1.69256300e-07,9.83162100e-08,8.69427200e-08,8.46100500e-08,8.41303000e-08,8.40500300e-08
8.80000000e+04,-6.72577400e+00,8.80661300e-08,8.81672500e-08,8.87539500e-08,9.15225100e-08,1.04766900e-07,1.87976100e-07,1.85992000e-06,3.69266900e-04,4.48346500e-03,3.69266900e-04,1.85992000e-06,1.87976100e-07,1.04766900e-07,9.15225100e-08,8.87539500e-08,8.81672500e-08,8.80661300e-08
9.19563458e+04,-6.67149500e+00,9.20424900e-08,9.21681500e-08,9.28770100e-08,9.61311800e-08,1.11441300e-07,2.08561800e-07,2.31564900e-06,5.36774100e-04,5.27431100e-03,5.36774100e-04,2.31564900e-06,2.08561800e-07,1.11441300e-07,9.61311800e-08,9.28770100e-08,9.21681500e-08,9.20424900e-08
9.55369167e+04,-6.62633300e+00,9.56453900e-08,9.57970500e-08,9.66320100e-08,1.00376500e-07,1.17759100e-07,2.29241200e-07,2.82433800e-06,7.56526600e-04,6.07989600e-03,7.56526600e-04,2.82433800e-06,2.29241200e-07,1.17759100e-07,1.00376500e-07,9.66320100e-08,9.57970500e-08,9.56453900e-08
9.88155458e+04,-6.59669800e+00,9.89485600e-08,9.91275500e-08,1.00092000e-07,1.04330800e-07,1.23794700e-07,2.50124300e-07,3.38721700e-06,1.03229300e-03,6.88354800e-03,1.03229300e-03,3.38721700e-06,2.50124300e-07,1.23794700e-07,1.04330800e-07,1.00092000e-07,9.91275500e-08,9.89485600e-08
1.01915408e+05,-6.57930500e+00,1.02075700e-07,1.02283900e-07,1.03383900e-07,1.08132400e-07,1.29737800e-07,2.71805900e-07,4.02068000e-06,1.37027300e-03,7.68565300e-03,1.37027300e-03,4.02068000e-06,2.71805900e-07,1.29737800e-07,1.08132400e-07,1.03383900e-07,1.02283900e-07,1.02075700e-07
1.04934067e+05,-6.57803000e+00,1.05125200e-07,1.05365300e-07,1.06610400e-07,1.11897000e-07,1.35761800e-07,2.94963000e-07,4.74980300e-06,1.77775200e-03,8.48569700e-03,1.77775200e-03,4.74980300e-06,2.94963000e-07,1.35761800e-07,1.11897000e-07,1.06610400e-07,1.05365300e-07,1.05125200e-07
1.07952721e+05,-6.57361100e+00,1.08179400e-07,1.08454900e-07,1.09858800e-07,1.15727000e-07,1.42035200e-07,3.20400500e-07,5.61268700e-06,2.26576100e-03,9.25951700e-03,2.26576100e-03,5.61268700e-06,3.20400500e-07,1.42035200e-07,1.15727000e-07,1.09858800e-07,1.08454900e-07,1.08179400e-07
1.10970558e+05,-6.58412800e+00,1.11237900e-07,1.11552700e-07,1.13129800e-07,1.19625400e-07,1.48573800e-07,3.48425200e-07,6.64134700e-06,2.83990600e-03,9.92691100e-03,2.83990600e-03,6.64134700e-06,3.48425200e-07,1.48573800e-07,1.19625400e-07,1.13129800e-07,1.11552700e-07,1.11237900e-07
1.14112825e+05,-6.60863600e+00,1.14428400e-07,1.14788500e-07,1.16562000e-07,1.23762100e-07,1.55684600e-07,3.80747700e-07,7.93639200e-06,3.53277400e-03,1.04796400e-02,3.53277400e-03,7.93639200e-06,3.80747700e-07,1.55684600e-07,1.23762100e-07,1.16562000e-07,1.14788500e-07,1.14428400e-07
1.17288783e+05,-6.56842800e+00,1.17659900e-07,1.18070600e-07,1.20060300e-07,1.28028800e-07,1.63209300e-07,4.17182900e-07,9.55310700e-06,4.33361000e-03,1.09565500e-02,4.33361000e-03,9.55310700e-06,4.17182900e-07,1.63209300e-07,1.28028800e-07,1.20060300e-07,1.18070600e-07,1.17659900e-07
1.20112025e+05,-6.52223400e+00,1.20538800e-07,1.20998900e-07,1.23196800e-07,1.31899500e-07,1.70210100e-07,4.53312000e-07,1.13494400e-05,5.13938100e-03,1.13644200e-02,5.13938100e-03,1.13494400e-05,4.53312000e-07,1.70210100e-07,1.31899500e-07,1.23196800e-07,1.20998900e-07,1.20538800e-07
1.22683792e+05,-6.48882100e+00,1.23167000e-07,1.23675800e-07,1.26077300e-07,1.35493100e-07,1.76862100e-07,4.89775100e-07,1.33938600e-05,5.94354800e-03,1.17420900e-02,5.94354800e-03,1.33938600e-05,4.89775100e-07,1.76862100e-07,1.35493100e-07,1.26077300e-07,1.23675800e-07,1.23167000e-07
1.25088558e+05,-6.46479900e+00,1.25629700e-07,1.26187700e-07,1.28792000e-07,1.38914800e-07,1.83335300e-07,5.27383700e-07,1.57933200e-05,6.74652600e-03,1.21014900e-02,6.74652600e-03,1.57933200e-05,5.27383700e-07,1.83335300e-07,1.38914800e-07,1.28792000e-07,1.26187700e-07,1.25629700e-07
1.27377275e+05,-6.44624200e+00,1.27978700e-07,1.28586800e-07,1.31395800e-07,1.42229300e-07,1.89738400e-07,5.66769100e-07,1.86855300e-05,7.54877800e-03,1.24456700e-02,7.54877800e-03,1.86855300e-05,5.66769100e-07,1.89738400e-07,1.42229300e-07,1.31395800e-07,1.28586800e-07,1.27978700e-07
1.29580792e+05,-6.43401300e+00,1.30245200e-07,1.30904700e-07,1.33922100e-07,1.45476500e-07,1.96140600e-07,6.08446900e-07,2.22540000e-05,8.35019400e-03,1.27801600e-02,8.35019400e-03,2.22540000e-05,6.08446900e-07,1.96140600e-07,1.45476500e-07,1.33922100e-07,1.30904700e-07,1.30245200e-07
1.31763438e+05,-6.44775200e+00,1.32495400e-07,1.33209100e-07,1.36444300e-07,1.48749700e-07,2.02726200e-07,6.53842700e-07,2.68605100e-05,9.14831900e-03,1.31214600e-02,9.14831900e-03,2.68605100e-05,6.53842700e-07,2.02726200e-07,1.48749700e-07,1.36444300e-07,1.33209100e-07,1.32495400e-07
1.34117875e+05,-6.47776000e+00,1.34928700e-07,1.35704700e-07,1.39187800e-07,1.52346100e-07,2.10116800e-07,7.07932000e-07,3.35767300e-05,9.92278900e-03,1.35127000e-02,9.92278900e-03,3.35767300e-05,7.07932000e-07,2.10116800e-07,1.52346100e-07,1.39187800e-07,1.35704700e-07,1.34928700e-07
1.36524650e+05,-6.48232500e+00,1.37422900e-07,1.38266600e-07,1.42017600e-07,1.56095400e-07,2.17995900e-07,7.69272200e-07,4.33183000e-05,1.05418300e-02,1.39491900e-02,1.05418300e-02,4.33183000e-05,7.69272200e-07,2.17995900e-07,1.56095400e-07,1.42017600e-07,1.38266600e-07,1.37422900e-07
1.38986192e+05,-6.49614000e+00,1.39981000e-07,1.40898600e-07,1.44939100e-07,1.60008800e-07,2.26409400e-07,8.38875200e-07,5.79012600e-05,1.10443500e-02,1.44259000e-02,1.10443500e-02,5.79012600e-05,8.38875200e-07,2.26409400e-07,1.60008800e-07,1.44939100e-07,1.40898600e-07,1.39981000e-07
1.41494408e+05,-6.49558600e+00,1.42595500e-07,1.43592900e-07,1.47945100e-07,1.64080700e-07,2.35370000e-07,9.17576400e-07,7.99081600e-05,1.14974100e-02,1.49200000e-02,1.14974100e-02,7.99081600e-05,9.17576400e-07,2.35370000e-07,1.64080700e-07,1.47945100e-07,1.43592900e-07,1.42595500e-07
1.44015229e+05,-6.50433300e+00,1.45231500e-07,1.46314100e-07,1.50996700e-07,1.68262100e-07,2.44792300e-07,1.00534300e-06,1.12574400e-04,1.19321000e-02,1.54104200e-02,1.19321000e-02,1.12574400e-04,1.00534300e-06,2.44792300e-07,1.68262100e-07,1.50996700e-07,1.46314100e-07,1.45231500e-07
1.46622408e+05,-6.52792400e+00,1.47966700e-07,1.49142800e-07,1.54186000e-07,1.72683400e-07,2.55000200e-07,1.10603300e-06,1.61681400e-04,1.23668000e-02,1.58989100e-02,1.23668000e-02,1.61681400e-04,1.10603300e-06,2.55000200e-07,1.72683400e-07,1.54186000e-07,1.49142800e-07,1.47966700e-07
1.49436346e+05,-6.57451400e+00,1.50929300e-07,1.52212400e-07,1.57666500e-07,1.77568100e-07,2.66568700e-07,1.22661300e-06,2.36010800e-04,1.27961400e-02,1.63802600e-02,1.27961400e-02,2.36010800e-04,1.22661300e-06,2.66568700e-07,1.77568100e-07,1.57666500e-07,1.52212400e-07,1.50929300e-07
1.52642458e+05,-6.64321400e+00,1.54318200e-07,1.55730700e-07,1.61680700e-07,1.83277600e-07,2.80470200e-07,1.37933400e-06,3.49016800e-04,1.32095400e-02,1.68530800e-02,1.32095400e-02,3.49016800e-04,1.37933400e-06,2.80470200e-07,1.83277600e-07,1.61680700e-07,1.55730700e-07,1.54318200e-07
1.56440958e+05,-6.73172300e+00,1.58351700e-07,1.59928200e-07,1.66504100e-07,1.90243500e-07,2.97975900e-07,1.58181600e-06,5.21351500e-04,1.36115000e-02,1.73329100e-02,1.36115000e-02,5.21351500e-04,1.58181600e-06,2.97975900e-07,1.90243500e-07,1.66504100e-07,1.59928200e-07,1.58351700e-07
1.60440958e+05,-6.84906800e+00,1.62621900e-07,1.64383500e-07,1.71665200e-07,1.97825100e-07,3.17716700e-07,1.82178700e-06,7.48833100e-04,1.39710700e-02,1.77820200e-02,1.39710700e-02,7.48833100e-04,1.82178700e-06,3.17716700e-07,1.97825100e-07,1.71665200e-07,1.64383500e-07,1.62621900e-07
1.64440958e+05,-6.85319300e+00,1.66916300e-07,1.68876300e-07,1.76913400e-07,2.05671500e-07,3.38913100e-07,2.09147300e-06,1.02441500e-03,1.42935500e-02,1.81967100e-02,1.42935500e-02,1.02441500e-03,2.09147300e-06,3.38913100e-07,2.05671500e-07,1.76913400e-07,1.68876300e-07,1.66916300e-07
1.68440958e+05,-6.84620200e+00,1.71236300e-07,1.73408300e-07,1.82252300e-07,2.13795100e-07,3.61696000e-07,2.39413800e-06,1.34816900e-03,1.45943200e-02,1.85874200e-02,1.45943200e-02,1.34816900e-03,2.39413800e-06,3.61696000e-07,2.13795100e-07,1.82252300e-07,1.73408300e-07,1.71236300e-07
1.72440958e+05,-6.83742600e+00,1.75583300e-07,1.77981200e-07,1.87685800e-07,2.22210900e-07,3.86223500e-07,2.73496800e-06,1.72121500e-03,1.48832400e-02,1.89611600e-02,1.48832400e-02,1.72121500e-03,2.73496800e-06,3.86223500e-07,2.22210900e-07,1.87685800e-07,1.77981200e-07,1.75583300e-07
1.76440958e+05,-6.82555400e+00,1.79958900e-07,1.82597300e-07,1.93218800e-07,2.30936400e-07,4.12689900e-07,3.12229300e-06,2.14783500e-03,1.51686900e-02,1.93251100e-02,1.51686900e-02,2.14783500e-03,3.12229300e-06,4.12689900e-07,2.30936400e-07,1.93218800e-07,1.82597300e-07,1.79958900e-07
1.80440958e+05,-6.80864000e+00,1.84365000e-07,1.87259400e-07,1.98856900e-07,2.39992500e-07,4.41338500e-07,3.56939000e-06,2.63748000e-03,1.54590000e-02,1.96865800e-02,1.54590000e-02,2.63748000e-03,3.56939000e-06,4.41338500e-07,2.39992500e-07,1.98856900e-07,1.87259400e-07,1.84365000e-07
1.84440958e+05,-6.78484400e+00,1.88803800e-07,1.91970400e-07,2.04606800e-07,2.49403900e-07,4.72478500e-07,4.09721200e-06,3.20640300e-03,1.57630100e-02,2.00527400e-02,1.57630100e-02,3.20640300e-03,4.09721200e-06,4.72478500e-07,2.49403900e-07,2.04606800e-07,1.91970400e-07,1.88803800e-07
1.88440958e+05,-6.73645600e+00,1.93277700e-07,1.96733900e-07,2.10476100e-07,2.59200300e-07,5.06509900e-07,4.73865100e-06,3.87848400e-03,1.60903600e-02,2.04311500e-02,1.60903600e-02,3.87848400e-03,4.73865100e-06,5.06509900e-07,2.59200300e-07,2.10476100e-07,1.96733900e-07,1.93277700e-07
1.92357821e+05,-6.65174500e+00,1.97695400e-07,2.01453400e-07,2.16348300e-07,2.69201300e-07,5.43142800e-07,5.52681100e-06,4.66815800e-03,1.64439400e-02,2.08221700e-02,1.64439400e-02,4.66815800e-03,5.52681100e-06,5.43142800e-07,2.69201300e-07,2.16348300e-07,2.01453400e-07,1.97695400e-07
1.95668504e+05,-6.57172800e+00,2.01460400e-07,2.05488900e-07,2.21417100e-07,2.78004900e-07,5.77180000e-07,6.37551800e-06,5.47809900e-03,1.67783100e-02,2.11780800e-02,1.67783100e-02,5.47809900e-03,6.37551800e-06,5.77180000e-07,2.78004900e-07,2.21417100e-07,2.05488900e-07,2.01460400e-07
1.98458871e+05,-6.50518500e+00,2.04657700e-07,2.08925800e-07,2.25770300e-07,2.85699000e-07,6.08476300e-07,7.27973300e-06,6.28636500e-03,1.70923400e-02,2.15030100e-02,1.70923400e-02,6.28636500e-03,7.27973300e-06,6.08476300e-07,2.85699000e-07,2.25770300e-07,2.08925800e-07,2.04657700e-07
2.00882217e+05,-6.45132300e+00,2.07453200e-07,2.11939000e-07,2.29615200e-07,2.92601400e-07,6.37920200e-07,8.26171800e-06,7.09306400e-03,1.73922400e-02,2.18066900e-02,1.73922400e-02,7.09306400e-03,8.26171800e-06,6.37920200e-07,2.92601400e-07,2.29615200e-07,2.11939000e-07,2.07453200e-07
2.03051317e+05,-6.41170400e+00,2.09970900e-07,2.14659400e-07,2.33110000e-07,2.98965600e-07,6.66321200e-07,9.35072300e-06,7.89799300e-03,1.76815700e-02,2.20942500e-02,1.76815700e-02,7.89799300e-03,9.35072300e-06,6.66321200e-07,2.98965600e-07,2.33110000e-07,2.14659400e-07,2.09970900e-07
2.05069100e+05,-6.39458900e+00,2.12326800e-07,2.17210600e-07,2.36408100e-07,3.05052500e-07,6.94692600e-07,1.05987500e-05,8.70010000e-03,1.79651600e-02,2.23709300e-02,1.79651600e-02,8.70010000e-03,1.05987500e-05,6.94692600e-07,3.05052500e-07,2.36408100e-07,2.17210600e-07,2.12326800e-07
2.07096962e+05,-6.43272400e+00,2.14708000e-07,2.19795100e-07,2.39769800e-07,3.11338600e-07,7.25292700e-07,1.21535700e-05,9.49531000e-03,1.82602100e-02,2.26523000e-02,1.82602100e-02,9.49531000e-03,1.21535700e-05,7.25292700e-07,3.11338600e-07,2.39769800e-07,2.19795100e-07,2.14708000e-07
2.09392850e+05,-6.47189000e+00,2.17420700e-07,2.22746400e-07,2.43633500e-07,3.18664900e-07,7.62624500e-07,1.44131100e-05,1.02352100e-02,1.86031200e-02,2.29667000e-02,1.86031200e-02,1.02352100e-02,1.44131100e-05,7.62624500e-07,3.18664900e-07,2.43633500e-07,2.22746400e-07,2.17420700e-07
2.11833362e+05,-6.50331500e+00,2.20324000e-07,2.25913200e-07,2.47808900e-07,3.26702400e-07,8.05557200e-07,1.76471400e-05,1.07995300e-02,1.89743700e-02,2.32879100e-02,1.89743700e-02,1.07995300e-02,1.76471400e-05,8.05557200e-07,3.26702400e-07,2.47808900e-07,2.25913200e-07,2.20324000e-07
2.14486250e+05,-6.54675200e+00,2.23503400e-07,2.29390700e-07,2.52428300e-07,3.35737100e-07,8.56156200e-07,2.25222400e-05,1.12705500e-02,1.93739200e-02,2.36182900e-02,1.93739200e-02,1.12705500e-02,2.25222400e-05,8.56156200e-07,3.35737100e-07,2.52428300e-07,2.29390700e-07,2.23503400e-07
2.17512133e+05,-6.63356700e+00,2.27160000e-07,2.33402200e-07,2.57801200e-07,3.46431300e-07,9.19114400e-07,3.03942300e-05,1.17264600e-02,1.98092500e-02,2.39755900e-02,1.98092500e-02,1.17264600e-02,3.03942300e-05,9.19114400e-07,3.46431300e-07,2.57801200e-07,2.33402200e-07,2.27160000e-07
2.21343025e+05,-6.73492200e+00,2.31836000e-07,2.38550400e-07,2.64763900e-07,3.60577900e-07,1.00715400e-06,4.46782800e-05,1.22175200e-02,2.03094100e-02,2.44071900e-02,2.03094100e-02,1.22175200e-02,4.46782800e-05,1.00715400e-06,3.60577900e-07,2.64763900e-07,2.38550400e-07,2.31836000e-07
2.25343025e+05,-6.72556800e+00,2.36775900e-07,2.44011000e-07,2.72230700e-07,3.76101500e-07,1.10943400e-06,6.52844500e-05,1.26333200e-02,2.07685100e-02,2.48420000e-02,2.07685100e-02,1.26333200e-02,6.52844500e-05,1.10943400e-06,3.76101500e-07,2.72230700e-07,2.44011000e-07,2.36775900e-07
2.29343025e+05,-6.72466100e+00,2.41776200e-07,2.49560600e-07,2.79903400e-07,3.92423900e-07,1.22284000e-06,9.23947700e-05,1.29796600e-02,2.11842200e-02,2.52638000e-02,2.11842200e-02,1.29796600e-02,9.23947700e-05,1.22284000e-06,3.92423900e-07,2.79903400e-07,2.49560600e-07,2.41776200e-07
2.33343025e+05,-6.72893000e+00,2.46838900e-07,2.55201600e-07,2.87788300e-07,4.09582000e-07,1.34817600e-06,1.27212000e-04,1.32866800e-02,2.15766800e-02,2.56734400e-02,2.15766800e-02,1.32866800e-02,1.27212000e-04,1.34817600e-06,4.09582000e-07,2.87788300e-07,2.55201600e-07,2.46838900e-07
2.37343025e+05,-6.73328800e+00,2.51966000e-07,2.60937000e-07,2.95892700e-07,4.27620100e-07,1.48646700e-06,1.71443000e-04,1.35734700e-02,2.19574000e-02,2.60723300e-02,2.19574000e-02,1.35734700e-02,1.71443000e-04,1.48646700e-06,4.27620100e-07,2.95892700e-07,2.60937000e-07,2.51966000e-07
2.41343025e+05,-6.73589700e+00,2.57159800e-07,2.66769900e-07,3.04224600e-07,4.46589100e-07,1.63892800e-06,2.27288700e-04,1.38511600e-02,2.23319200e-02,2.64622400e-02,2.23319200e-02,1.38511600e-02,2.27288700e-04,1.63892800e-06,4.46589100e-07,3.04224600e-07,2.66769900e-07,2.57159800e-07
2.45343025e+05,-6.73470200e+00,2.62422800e-07,2.72704000e-07,3.12793400e-07,4.66547200e-07,1.80698400e-06,2.97485700e-04,1.41261700e-02,2.27028100e-02,2.68450300e-02,2.27028100e-02,1.41261700e-02,2.97485700e-04,1.80698400e-06,4.66547200e-07,3.12793400e-07,2.72704000e-07,2.62422800e-07
2.49343025e+05,-6.72249300e+00,2.67757900e-07,2.78743100e-07,3.21609400e-07,4.87561700e-07,1.99231500e-06,3.85381100e-04,1.44022600e-02,2.30716900e-02,2.72228400e-02,2.30716900e-02,1.44022600e-02,3.85381100e-04,1.99231500e-06,4.87561700e-07,3.21609400e-07,2.78743100e-07,2.67757900e-07
2.53343025e+05,-6.71239100e+00,2.73167900e-07,2.84891700e-07,3.30684400e-07,5.09711000e-07,2.19693900e-06,4.95036600e-04,1.46817100e-02,2.34402100e-02,2.75982000e-02,2.34402100e-02,1.46817100e-02,4.95036600e-04,2.19693900e-06,5.09711000e-07,3.30684400e-07,2.84891700e-07,2.73167900e-07
2.57343025e+05,-6.70897900e+00,2.78656300e-07,2.91154800e-07,3.40031500e-07,5.33085600e-07,2.42331100e-06,6.31334800e-04,1.49658700e-02,2.38100700e-02,2.79737100e-02,2.38100700e-02,1.49658700e-02,6.31334800e-04,2.42331100e-06,5.33085600e-07,3.40031500e-07,2.91154800e-07,2.78656300e-07
2.61343025e+05,-6.73471100e+00,2.84226200e-07,2.97537200e-07,3.49664400e-07,5.57786700e-07,2.67436700e-06,7.99880600e-04,1.52548600e-02,2.41817500e-02,2.83506600e-02,2.41817500e-02,1.52548600e-02,7.99880600e-04,2.67436700e-06,5.57786700e-07,3.49664400e-07,2.97537200e-07,2.84226200e-07
2.65343025e+05,-6.83170700e+00,2.89880800e-07,3.04043600e-07,3.59595500e-07,5.83916000e-07,2.95336400e-06,1.00616000e-03,1.55457900e-02,2.45514100e-02,2.87262700e-02,2.45514100e-02,1.55457900e-02,1.00616000e-03,2.95336400e-06,5.83916000e-07,3.59595500e-07,3.04043600e-07,2.89880800e-07
2.69343025e+05,-6.91223900e+00,2.95622500e-07,3.10677300e-07,3.69834800e-07,6.11569700e-07,3.26378500e-06,1.25427400e-03,1.58320500e-02,2.49101900e-02,2.90927800e-02,2.49101900e-02,1.58320500e-02,1.25427400e-03,3.26378500e-06,6.11569700e-07,3.69834800e-07,3.10677300e-07,2.95622500e-07
2.73343025e+05,-6.89799300e+00,3.01453700e-07,3.17441600e-07,3.80392000e-07,6.40853200e-07,3.60986200e-06,1.54706700e-03,1.61072500e-02,2.52502400e-02,2.94425500e-02,2.52502400e-02,1.61072500e-02,1.54706700e-03,3.60986200e-06,6.40853200e-07,3.80392000e-07,3.17441600e-07,3.01453700e-07
2.77343025e+05,-6.89675900e+00,3.07377200e-07,3.24340600e-07,3.91279300e-07,6.71896300e-07,3.99734200e-06,1.88742300e-03,1.63690700e-02,2.55694700e-02,2.97728000e-02,2.55694700e-02,1.63690700e-02,1.88742300e-03,3.99734200e-06,6.71896300e-07,3.91279300e-07,3.24340600e-07,3.07377200e-07
2.81343025e+05,-6.90110800e+00,3.13396300e-07,3.31379400e-07,4.02511800e-07,7.04860100e-07,4.43413200e-06,2.27928400e-03,1.66191200e-02,2.58705900e-02,3.00854500e-02,2.58705900e-02,1.66191200e-02,2.27928400e-03,4.43413200e-06,7.04860100e-07,4.02511800e-07,3.31379400e-07,3.13396300e-07
2.85343025e+05,-6.90814900e+00,3.19514700e-07,3.38563800e-07,4.14107700e-07,7.39940700e-07,4.93103700e-06,2.72815500e-03,1.68613000e-02,2.61585000e-02,3.03847700e-02,2.61585000e-02,1.68613000e-02,2.72815500e-03,4.93103700e-06,7.39940700e-07,4.14107700e-07,3.38563800e-07,3.19514700e-07
2.89343025e+05,-6.86302000e+00,3.25736700e-07,3.45900600e-07,4.26087800e-07,7.77376400e-07,5.50276800e-06,3.24129600e-03,1.71004300e-02,2.64384800e-02,3.06757000e-02,2.64384800e-02,1.71004300e-02,3.24129600e-03,5.50276800e-06,7.77376400e-07,4.26087800e-07,3.45900600e-07,3.25736700e-07
2.93343025e+05,-6.80486600e+00,3.32066900e-07,3.53397400e-07,4.38476400e-07,8.17455900e-07,6.16944800e-06,3.82778600e-03,1.73416100e-02,2.67155200e-02,3.09629000e-02,2.67155200e-02,1.73416100e-02,3.82778600e-03,6.16944800e-06,8.17455900e-07,4.38476400e-07,3.53397400e-07,3.32066900e-07
2.97343025e+05,-6.74625100e+00,3.38510300e-07,3.61062700e-07,4.51301400e-07,8.60532500e-07,6.95897200e-06,4.49860500e-03,1.75901000e-02,2.69942200e-02,3.12506000e-02,2.69942200e-02,1.75901000e-02,4.49860500e-03,6.95897200e-06,8.60532500e-07,4.51301400e-07,3.61062700e-07,3.38510300e-07
3.01338283e+05,-6.68639800e+00,3.45065000e-07,3.68896900e-07,4.64579400e-07,9.06986100e-07,7.90964000e-06,5.26601900e-03,1.78511100e-02,2.72785300e-02,3.15423100e-02,2.72785300e-02,1.78511100e-02,5.26601900e-03,7.90964000e-06,9.06986100e-07,4.64579400e-07,3.68896900e-07,3.45065000e-07
3.04987088e+05,-6.62336100e+00,3.51161200e-07,3.76218000e-07,4.77150700e-07,9.52889900e-07,8.96879900e-06,6.07382200e-03,1.81062100e-02,2.75474400e-02,3.18161400e-02,2.75474400e-02,1.81062100e-02,6.07382200e-03,8.96879900e-06,9.52889900e-07,4.77150700e-07,3.76218000e-07,3.51161200e-07
3.08165158e+05,-6.56727600e+00,3.56561600e-07,3.82732800e-07,4.88477100e-07,9.96035900e-07,1.00938500e-05,6.88075000e-03,1.83465100e-02,2.77921900e-02,3.20632100e-02,2.77921900e-02,1.83465100e-02,6.88075000e-03,1.00938500e-05,9.96035900e-07,4.88477100e-07,3.82732800e-07,3.56561600e-07
3.10974850e+05,-6.51767800e+00,3.61409900e-07,3.88606300e-07,4.98807600e-07,1.03703600e-06,1.13021100e-05,7.68685300e-03,1.85773900e-02,2.80192500e-02,3.22902700e-02,2.80192500e-02,1.85773900e-02,7.68685300e-03,1.13021100e-05,1.03703600e-06,4.98807600e-07,3.88606300e-07,3.61409900e-07
3.13506362e+05,-6.48095700e+00,3.65840400e-07,3.93995500e-07,5.08391300e-07,1.07663600e-06,1.26243700e-05,8.49132300e-03,1.88044900e-02,2.82345700e-02,3.25034900e-02,2.82345700e-02,1.88044900e-02,8.49132300e-03,1.26243700e-05,1.07663600e-06,5.08391300e-07,3.93995500e-07,3.65840400e-07
3.15905904e+05,-6.48486500e+00,3.70096900e-07,3.99193500e-07,5.17736000e-07,1.11685200e-06,1.41608200e-05,9.29068300e-03,1.90412900e-02,2.84499100e-02,3.27147100e-02,2.84499100e-02,1.90412900e-02,9.29068300e-03,1.41608200e-05,1.11685200e-06,5.17736000e-07,3.99193500e-07,3.70096900e-07
3.18383346e+05,-6.47969300e+00,3.74551900e-07,4.04656500e-07,5.27669100e-07,1.16146500e-06,1.61687800e-05,1.00384600e-02,1.93148700e-02,2.86848500e-02,3.29435300e-02,2.86848500e-02,1.93148700e-02,1.00384600e-02,1.61687800e-05,1.16146500e-06,5.27669100e-07,4.04656500e-07,3.74551900e-07
3.20763833e+05,-6.46964900e+00,3.78892800e-07,4.10002700e-07,5.37505400e-07,1.20759700e-06,1.87174500e-05,1.06056600e-02,1.96136700e-02,2.89228000e-02,3.31754500e-02,2.89228000e-02,1.96136700e-02,1.06056600e-02,1.87174500e-05,1.20759700e-06,5.37505400e-07,4.10002700e-07,3.78892800e-07
3.23150596e+05,-6.49031500e+00,3.83306700e-07,4.15462500e-07,5.47671300e-07,1.25733900e-06,2.21836900e-05,1.10681500e-02,1.99483000e-02,2.91723500e-02,3.34209700e-02,2.91723500e-02,1.99483000e-02,1.10681500e-02,2.21836900e-05,1.25733900e-06,5.47671300e-07,4.15462500e-07,3.83306700e-07
3.25829050e+05,-6.57018700e+00,3.88334900e-07,4.21711700e-07,5.59458100e-07,1.31761200e-06,2.75552200e-05,1.15196700e-02,2.03464100e-02,2.94640800e-02,3.37118500e-02,2.94640800e-02,2.03464100e-02,1.15196700e-02,2.75552200e-05,1.31761200e-06,5.59458100e-07,4.21711700e-07,3.88334900e-07
3.28736671e+05,-6.55479300e+00,3.93885000e-07,4.28645000e-07,5.72718800e-07,1.38854200e-06,3.54439900e-05,1.19382500e-02,2.07666400e-02,2.97929500e-02,3.40427900e-02,2.97929500e-02,2.07666400e-02,1.19382500e-02,3.54439900e-05,1.38854200e-06,5.72718800e-07,4.28645000e-07,3.93885000e-07
3.31644429e+05,-6.57163500e+00,3.99533000e-07,4.35736900e-07,5.86472600e-07,1.46524100e-06,4.55529100e-05,1.22846600e-02,2.11517300e-02,3.01307600e-02,3.43822800e-02,3.01307600e-02,2.11517300e-02,1.22846600e-02,4.55529100e-05,1.46524100e-06,5.86472600e-07,4.35736900e-07,3.99533000e-07
3.34721896e+05,-6.60466600e+00,4.05617100e-07,4.43414700e-07,6.01566100e-07,1.55271100e-06,5.87860800e-05,1.25934400e-02,2.15222600e-02,3.04885400e-02,3.47395300e-02,3.04885400e-02,2.15222600e-02,1.25934400e-02,5.87860800e-05,1.55271100e-06,6.01566100e-07,4.43414700e-07,4.05617100e-07
3.38067237e+05,-6.64347500e+00,4.12355600e-07,4.51961800e-07,6.18601900e-07,1.65523600e-06,7.64066200e-05,1.28848400e-02,2.18904500e-02,3.08651000e-02,3.51144400e-02,3.08651000e-02,2.18904500e-02,1.28848400e-02,7.64066200e-05,1.65523600e-06,6.18601900e-07,4.51961800e-07,4.12355600e-07
3.41721017e+05,-6.68028300e+00,4.19865500e-07,4.61537900e-07,6.37965900e-07,1.77632400e-06,9.99942600e-05,1.31688100e-02,2.22595800e-02,3.12522100e-02,3.55011600e-02,3.12522100e-02,2.22595800e-02,1.31688100e-02,9.99942600e-05,1.77632400e-06,6.37965900e-07,4.61537900e-07,4.19865500e-07
3.45660796e+05,-6.71258400e+00,4.28142300e-07,4.72150500e-07,6.59754400e-07,1.91804600e-06,1.31290100e-04,1.34485200e-02,2.26269100e-02,3.16399200e-02,3.58911500e-02,3.16399200e-02,2.26269100e-02,1.34485200e-02,1.31290100e-04,1.91804600e-06,6.59754400e-07,4.72150500e-07,4.28142300e-07
3.49660796e+05,-6.75230600e+00,4.36741500e-07,4.83239200e-07,6.82880200e-07,2.07456200e-06,1.70379500e-04,1.37137800e-02,2.29750500e-02,3.20070200e-02,3.62627400e-02,3.20070200e-02,2.29750500e-02,1.37137800e-02,1.70379500e-04,2.07456200e-06,6.82880200e-07,4.83239200e-07,4.36741500e-07
3.53660796e+05,-6.83485600e+00,4.45543600e-07,4.94653600e-07,7.07060100e-07,2.24470000e-06,2.18132300e-04,1.39659800e-02,2.33041000e-02,3.23530900e-02,3.66143000e-02,3.23530900e-02,2.33041000e-02,1.39659800e-02,2.18132300e-04,2.24470000e-06,7.07060100e-07,4.94653600e-07,4.45543600e-07
3.57660796e+05,-6.95215900e+00,4.54553700e-07,5.06401700e-07,7.32331900e-07,2.42929900e-06,2.75842000e-04,1.42073900e-02,2.36165500e-02,3.26816100e-02,3.69487300e-02,3.26816100e-02,2.36165500e-02,1.42073900e-02,2.75842000e-04,2.42929900e-06,7.32331900e-07,5.06401700e-07,4.54553700e-07
3.61660796e+05,-6.93872400e+00,4.63776600e-07,5.18491200e-07,7.58731500e-07,2.62913700e-06,3.44646500e-04,1.44374300e-02,2.39083000e-02,3.29725000e-02,3.72298800e-02,3.29725000e-02,2.39083000e-02,1.44374300e-02,3.44646500e-04,2.62913700e-06,7.58731500e-07,5.18491200e-07,4.63776600e-07
3.65660796e+05,-6.90843900e+00,4.73216500e-07,5.30928000e-07,7.86290000e-07,2.84491800e-06,4.25316400e-04,1.46506800e-02,2.41382600e-02,3.30944000e-02,3.72914600e-02,3.30944000e-02,2.41382600e-02,1.46506800e-02,4.25316400e-04,2.84491800e-06,7.86290000e-07,5.30928000e-07,4.73216500e-07
3.69660796e+05,-6.88757300e+00,4.82877000e-07,5.43717100e-07,8.15036400e-07,3.07730000e-06,5.18208500e-04,1.48430400e-02,2.43090600e-02,3.31411600e-02,3.73031800e-02,3.31411600e-02,2.43090600e-02,1.48430400e-02,5.18208500e-04,3.07730000e-06,8.15036400e-07,5.43717100e-07,4.82877000e-07
3.73660796e+05,-6.87425200e+00,4.92763000e-07,5.56866300e-07,8.45011700e-07,3.32714800e-06,6.23585600e-04,1.50144400e-02,2.44371800e-02,3.31617600e-02,3.73062100e-02,3.31617600e-02,2.44371800e-02,1.50144400e-02,6.23585600e-04,3.32714800e-06,8.45011700e-07,5.56866300e-07,4.92763000e-07
3.77660796e+05,-6.86663000e+00,5.02880300e-07,5.70385100e-07,8.76265400e-07,3.59552600e-06,7.41664300e-04,1.51666800e-02,2.45350900e-02,3.31718100e-02,3.73071800e-02,3.31718100e-02,2.45350900e-02,1.51666800e-02,7.41664300e-04,3.59552600e-06,8.76265400e-07,5.70385100e-07,5.02880300e-07
3.81660796e+05,-6.86318300e+00,5.13235700e-07,5.84284500e-07,9.08854500e-07,3.88370500e-06,8.72628300e-04,1.53022500e-02,2.46113400e-02,3.31771100e-02,3.73075600e-02,3.31771100e-02,2.46113400e-02,1.53022500e-02,8.72628300e-04,3.88370500e-06,9.08854500e-07,5.84284500e-07,5.13235700e-07
3.85660796e+05,-6.86278900e+00,5.23836000e-07,5.98576500e-07,9.42841900e-07,4.19317100e-06,1.01663900e-03,1.54236000e-02,2.46717800e-02,3.31801100e-02,3.73077200e-02,3.31801100e-02,2.46717800e-02,1.54236000e-02,1.01663900e-03,4.19317100e-06,9.42841900e-07,5.98576500e-07,5.23836000e-07
3.89660796e+05,-6.86478800e+00,5.34688900e-07,6.13274200e-07,9.78296400e-07,4.52564800e-06,1.17384800e-03,1.55329600e-02,2.47204200e-02,3.31818900e-02,3.73078000e-02,3.31818900e-02,2.47204200e-02,1.55329600e-02,1.17384800e-03,4.52564800e-06,9.78296400e-07,6.13274200e-07,5.34688900e-07
3.93660796e+05,-6.86923200e+00,5.45802300e-07,6.28391300e-07,1.01529200e-06,4.88312300e-06,1.34440800e-03,1.56322000e-02,2.47601100e-02,3.31830100e-02,3.73078400e-02,3.31830100e-02,2.47601100e-02,1.56322000e-02,1.34440800e-03,4.88312300e-06,1.01529200e-06,6.28391300e-07,5.45802300e-07
3.97660796e+05,-6.87767500e+00,5.57184600e-07,6.43942600e-07,1.05391000e-06,5.26787600e-06,1.52849100e-03,1.57229300e-02,2.47928900e-02,3.31837400e-02,3.73078700e-02,3.31837400e-02,2.47928900e-02,1.57229300e-02,1.52849100e-03,5.26787600e-06,1.05391000e-06,6.43942600e-07,5.57184600e-07
4.01660796e+05,-6.89505500e+00,5.68844600e-07,6.59943500e-07,1.09423400e-06,5.68251200e-06,1.72628800e-03,1.58064700e-02,2.48202800e-02,3.31842300e-02,3.73078800e-02,3.31842300e-02,2.48202800e-02,1.58064700e-02,1.72628800e-03,5.68251200e-06,1.09423400e-06,6.59943500e-07,5.68844600e-07
4.05660796e+05,-6.93191600e+00,5.80791200e-07,6.76409900e-07,1.13635500e-06,6.12998400e-06,1.93801600e-03,1.58839100e-02,2.48434000e-02,3.31845800e-02,3.73078900e-02,3.31845800e-02,2.48434000e-02,1.58839100e-02,1.93801600e-03,6.12998400e-06,1.13635500e-06,6.76409900e-07,5.80791200e-07
4.09660796e+05,-6.97872800e+00,5.93033600e-07,6.93358000e-07,1.18036500e-06,6.61360700e-06,2.16389100e-03,1.59561500e-02,2.48630800e-02,3.31848200e-02,3.73079000e-02,3.31848200e-02,2.48630800e-02,1.59561500e-02,2.16389100e-03,6.61360700e-06,1.18036500e-06,6.93358000e-07,5.93033600e-07
4.13660796e+05,-6.99958900e+00,6.05580800e-07,7.10803500e-07,1.22636100e-06,7.13706400e-06,2.40410300e-03,1.60239300e-02,2.48799700e-02,3.31850000e-02,3.73079000e-02,3.31850000e-02,2.48799700e-02,1.60239300e-02,2.40410300e-03,7.13706400e-06,1.22636100e-06,7.10803500e-07,6.05580800e-07
4.17660796e+05,-7.02990200e+00,6.18441800e-07,7.28762200e-07,1.27444000e-06,7.70444500e-06,2.65881000e-03,1.60878700e-02,2.48945700e-02,3.31851400e-02,3.73079000e-02,3.31851400e-02,2.48945700e-02,1.60878700e-02,2.65881000e-03,7.70444500e-06,1.27444000e-06,7.28762200e-07,6.18441800e-07
4.21660796e+05,-7.07325000e+00,6.31625900e-07,7.47250300e-07,1.32470300e-06,8.32032100e-06,2.92814900e-03,1.61484500e-02,2.49072700e-02,3.31852400e-02,3.73079100e-02,3.31852400e-02,2.49072700e-02,1.61484500e-02,2.92814900e-03,8.32032100e-06,1.32470300e-06,7.47250300e-07,6.31625900e-07
4.25660796e+05,-7.09940000e+00,6.45142500e-07,7.66284000e-07,1.37725600e-06,8.98980200e-06,3.21223700e-03,1.62061100e-02,2.49183700e-02,3.31853300e-02,3.73079100e-02,3.31853300e-02,2.49183700e-02,1.62061100e-02,3.21223700e-03,8.98980200e-06,1.37725600e-06,7.66284000e-07,6.45142500e-07
4.29660796e+05,-7.11576400e+00,6.59001200e-07,7.85880400e-07,1.43221200e-06,9.71860400e-06,3.51116900e-03,1.62612300e-02,2.49281400e-02,3.31853900e-02,3.73079100e-02,3.31853900e-02,2.49281400e-02,1.62612300e-02,3.51116900e-03,9.71860400e-06,1.43221200e-06,7.85880400e-07,6.59001200e-07
4.33660796e+05,-7.09503900e+00,6.73212000e-07,8.06056500e-07,1.48968500e-06,1.05131400e-05,3.82503100e-03,1.63141100e-02,2.49367700e-02,3.31854400e-02,3.73079100e-02,3.31854400e-02,2.49367700e-02,1.63141100e-02,3.82503100e-03,1.05131400e-05,1.48968500e-06,8.06056500e-07,6.73212000e-07
4.37660796e+05,-7.07509300e+00,6.87785100e-07,8.26830400e-07,1.54979900e-06,1.13806400e-05,4.15392800e-03,1.63650400e-02,2.49444400e-02,3.31854800e-02,3.73079100e-02,3.31854800e-02,2.49444400e-02,1.63650400e-02,4.15392800e-03,1.13806400e-05,1.54979900e-06,8.26830400e-07,6.87785100e-07
4.41660796e+05,-7.05577000e+00,7.02731100e-07,8.48220800e-07,1.61268900e-06,1.23293700e-05,4.49802200e-03,1.64142900e-02,2.49512800e-02,3.31855200e-02,3.73079100e-02,3.31855200e-02,2.49512800e-02,1.64142900e-02,4.49802200e-03,1.23293700e-05,1.61268900e-06,8.48220800e-07,7.02731100e-07
4.45660796e+05,-7.03690800e+00,7.18061100e-07,8.70247500e-07,1.67849700e-06,1.33687700e-05,4.85756900e-03,1.64621200e-02,2.49574200e-02,3.31855400e-02,3.73079100e-02,3.31855400e-02,2.49574200e-02,1.64621200e-02,4.85756900e-03,1.33687700e-05,1.67849700e-06,8.70247500e-07,7.18061100e-07
4.49660796e+05,-7.01834300e+00,7.33786300e-07,8.92931200e-07,1.74737800e-06,1.45097400e-05,5.23293300e-03,1.65087600e-02,2.49629400e-02,3.31855700e-02,3.73079100e-02,3.31855700e-02,2.49629400e-02,1.65087600e-02,5.23293300e-03,1.45097400e-05,1.74737800e-06,8.92931200e-07,7.33786300e-07
4.53660796e+05,-6.99992400e+00,7.49918700e-07,9.16293500e-07,1.81950200e-06,1.57649400e-05,5.62461500e-03,1.65544500e-02,2.49679500e-02,3.31855900e-02,3.73079100e-02,3.31855900e-02,2.49679500e-02,1.65544500e-02,5.62461500e-03,1.57649400e-05,1.81950200e-06,9.16293500e-07,7.49918700e-07
4.57660796e+05,-6.98153900e+00,7.66470300e-07,9.40357200e-07,1.89505000e-06,1.71491600e-05,6.03324300e-03,1.65994200e-02,2.49725000e-02,3.31856100e-02,3.73079100e-02,3.31856100e-02,2.49725000e-02,1.65994200e-02,6.03324300e-03,1.71491600e-05,1.89505000e-06,9.40357200e-07,7.66470300e-07
4.61660796e+05,-6.96318100e+00,7.83453500e-07,9.65145900e-07,1.97422300e-06,1.86797800e-05,6.45953300e-03,1.66439200e-02,2.49766600e-02,3.31856200e-02,3.73079100e-02,3.31856200e-02,2.49766600e-02,1.66439200e-02,6.45953300e-03,1.86797800e-05,1.97422300e-06,9.65145900e-07,7.83453500e-07
4.65660796e+05,-6.94511200e+00,8.00881400e-07,9.90684500e-07,2.05723700e-06,2.03774500e-05,6.90412100e-03,1.66881800e-02,2.49804800e-02,3.31856300e-02,3.73079100e-02,3.31856300e-02,2.49804800e-02,1.66881800e-02,6.90412100e-03,2.03774500e-05,2.05723700e-06,9.90684500e-07,8.00881400e-07
4.69660796e+05,-6.92828200e+00,8.18766800e-07,1.01699900e-06,2.14432900e-06,2.22669600e-05,7.36706900e-03,1.67324600e-02,2.49840000e-02,3.31856400e-02,3.73079100e-02,3.31856400e-02,2.49840000e-02,1.67324600e-02,7.36706900e-03,2.22669600e-05,2.14432900e-06,1.01699900e-06,8.18766800e-07
4.73660796e+05,-6.91538300e+00,8.37123400e-07,1.04411600e-06,2.23575800e-06,2.43785200e-05,7.84651200e-03,1.67770300e-02,2.49872700e-02,3.31856500e-02,3.73079100e-02,3.31856500e-02,2.49872700e-02,1.67770300e-02,7.84651200e-03,2.43785200e-05,2.23575800e-06,1.04411600e-06,8.37123400e-07
4.77660796e+05,-6.91303900e+00,8.55964800e-07,1.07206300e-06,2.33179600e-06,2.67500800e-05,8.33533800e-03,1.68222200e-02,2.49903100e-02,3.31856600e-02,3.73079100e-02,3.31856600e-02,2.49903100e-02,1.68222200e-02,8.33533800e-03,2.67500800e-05,2.33179600e-06,1.07206300e-06,8.55964800e-07
4.81660796e+05,-6.93367400e+00,8.75304500e-07,1.10086800e-06,2.43271900e-06,2.94313800e-05,8.81542900e-03,1.68684300e-02,2.49931500e-02,3.31856700e-02,3.73079100e-02,3.31856700e-02,2.49931500e-02,1.68684300e-02,8.81542900e-03,2.94313800e-05,2.43271900e-06,1.10086800e-06,8.75304500e-07
4.85660796e+05,-6.92795500e+00,8.95155500e-07,1.13055700e-06,2.53876600e-06,3.24899100e-05,9.25636000e-03,1.69161700e-02,2.49958200e-02,3.31856800e-02,3.73079100e-02,3.31856800e-02,2.49958200e-02,1.69161700e-02,9.25636000e-03,3.24899100e-05,2.53876600e-06,1.13055700e-06,8.95155500e-07
4.89660796e+05,-6.93553500e+00,9.15529400e-07,1.16115200e-06,2.65010200e-06,3.60131900e-05,9.63249900e-03,1.69660300e-02,2.49983300e-02,3.31856800e-02,3.73079100e-02,3.31856800e-02,2.49983300e-02,1.69660300e-02,9.63249900e-03,3.60131900e-05,2.65010200e-06,1.16115200e-06,9.15529400e-07
4.93660796e+05,-6.96216500e+00,9.36436700e-07,1.19267100e-06,2.76681200e-06,4.00974300e-05,9.94167800e-03,1.70184100e-02,2.50007000e-02,3.31856900e-02,3.73079100e-02,3.31856900e-02,2.50007000e-02,1.70184100e-02,9.94167800e-03,4.00974300e-05,2.76681200e-06,1.19267100e-06,9.36436700e-07
4.97660796e+05,-7.01410800e+00,9.57886600e-07,1.22512800e-06,2.88891300e-06,4.48228400e-05,1.01966800e-02,1.70732300e-02,2.50029200e-02,3.31856900e-02,3.73079100e-02,3.31856900e-02,2.50029200e-02,1.70732300e-02,1.01966800e-02,4.48228400e-05,2.88891300e-06,1.22512800e-06,9.57886600e-07
5.01660796e+05,-7.08541500e+00,9.79886800e-07,1.25853100e-06,3.01634200e-06,5.02266500e-05,1.04099500e-02,1.71297800e-02,2.50050200e-02,3.31857000e-02,3.73079100e-02,3.31857000e-02,2.50050200e-02,1.71297800e-02,1.04099500e-02,5.02266500e-05,3.01634200e-06,1.25853100e-06,9.79886800e-07
5.05660796e+05,-7.09497100e+00,1.00244400e-06,1.29288500e-06,3.14896400e-06,5.62923900e-05,1.05896500e-02,1.71868900e-02,2.50069900e-02,3.31857000e-02,3.73079100e-02,3.31857000e-02,2.50069900e-02,1.71868900e-02,1.05896500e-02,5.62923900e-05,3.14896400e-06,1.29288500e-06,1.00244400e-06
5.09660796e+05,-7.11097500e+00,1.02556300e-06,1.32819100e-06,3.28661200e-06,6.29686300e-05,1.07416500e-02,1.72433300e-02,2.50088400e-02,3.31857000e-02,3.73079100e-02,3.31857000e-02,2.50088400e-02,1.72433300e-02,1.07416500e-02,6.29686300e-05,3.28661200e-06,1.32819100e-06,1.02556300e-06
5.13660796e+05,-7.13039100e+00,1.04925000e-06,1.36445300e-06,3.42913400e-06,7.01976000e-05,1.08710000e-02,1.72981900e-02,2.50105900e-02,3.31857100e-02,3.73079100e-02,3.31857100e-02,2.50105900e-02,1.72981900e-02,1.08710000e-02,7.01976000e-05,3.42913400e-06,1.36445300e-06,1.04925000e-06
5.17660796e+05,-7.15094600e+00,1.07351200e-06,1.40167400e-06,3.57641200e-06,7.79308000e-05,1.09821900e-02,1.73508700e-02,2.50122300e-02,3.31857100e-02,3.73079100e-02,3.31857100e-02,2.50122300e-02,1.73508700e-02,1.09821900e-02,7.79308000e-05,3.57641200e-06,1.40167400e-06,1.07351200e-06
5.21660796e+05,-7.17126000e+00,1.09835500e-06,1.43986100e-06,3.72836200e-06,8.61316000e-05,1.10789000e-02,1.74011100e-02,2.50137700e-02,3.31857100e-02,3.73079100e-02,3.31857100e-02,2.50137700e-02,1.74011100e-02,1.10789000e-02,8.61316000e-05,3.72836200e-06,1.43986100e-06,1.09835500e-06
5.25660796e+05,-7.19060700e+00,1.12378600e-06,1.47902100e-06,3.88492800e-06,9.47731800e-05,1.11640600e-02,1.74487900e-02,2.50152300e-02,3.31857200e-02,3.73079100e-02,3.31857200e-02,2.50152300e-02,1.74487900e-02,1.11640600e-02,9.47731800e-05,3.88492800e-06,1.47902100e-06,1.12378600e-06
5.29660796e+05,-7.20868200e+00,1.14981300e-06,1.51916300e-06,4.04607300e-06,1.03835900e-04,1.12399200e-02,1.74939300e-02,2.50166100e-02,3.31857200e-02,3.73079100e-02,3.31857200e-02,2.50166100e-02,1.74939300e-02,1.12399200e-02,1.03835900e-04,4.04607300e-06,1.51916300e-06,1.14981300e-06
5.33660796e+05,-7.22544100e+00,1.17644100e-06,1.56029500e-06,4.21177800e-06,1.13305200e-04,1.13082200e-02,1.75366200e-02,2.50179100e-02,3.31857200e-02,3.73079100e-02,3.31857200e-02,2.50179100e-02,1.75366200e-02,1.13082200e-02,1.13305200e-04,4.21177800e-06,1.56029500e-06,1.17644100e-06
5.37660796e+05,-7.24102800e+00,1.20368000e-06,1.60242600e-06,4.38203400e-06,1.23170100e-04,1.13702900e-02,1.75769800e-02,2.50191400e-02,3.31857200e-02,3.73079100e-02,3.31857200e-02,2.50191400e-02,1.75769800e-02,1.13702900e-02,1.23170100e-04,4.38203400e-06,1.60242600e-06,1.20368000e-06
5.41660796e+05,-7.25573900e+00,1.23153500e-06,1.64556800e-06,4.55684100e-06,1.33422600e-04,1.14271900e-02,1.76151400e-02,2.50203100e-02,3.31857200e-02,3.73079100e-02,3.31857200e-02,2.50203100e-02,1.76151400e-02,1.14271900e-02,1.33422600e-04,4.55684100e-06,1.64556800e-06,1.23153500e-06
5.45660796e+05,-7.27000900e+00,1.26001300e-06,1.68972900e-06,4.73620600e-06,1.44056400e-04,1.14797200e-02,1.76512500e-02,2.50214200e-02,3.31857300e-02,3.73079100e-02,3.31857300e-02,2.50214200e-02,1.76512500e-02,1.14797200e-02,1.44056400e-04,4.73620600e-06,1.68972900e-06,1.26001300e-06
5.49660796e+05,-7.28442500e+00,1.28912300e-06,1.73491900e-06,4.92014200e-06,1.55066600e-04,1.15285300e-02,1.76854400e-02,2.50224700e-02,3.31857300e-02,3.73079100e-02,3.31857300e-02,2.50224700e-02,1.76854400e-02,1.15285300e-02,1.55066600e-04,4.92014200e-06,1.73491900e-06,1.28912300e-06
5.53660796e+05,-7.29972900e+00,1.31886900e-06,1.78114900e-06,5.10866200e-06,1.66449300e-04,1.15741600e-02,1.77178700e-02,2.50234700e-02,3.31857300e-02,3.73079100e-02,3.31857300e-02,2.50234700e-02,1.77178700e-02,1.15741600e-02,1.66449300e-04,5.10866200e-06,1.78114900e-06,1.31886900e-06
5.57660796e+05,-7.31680000e+00,1.34925900e-06,1.82842600e-06,5.30178200e-06,1.78201400e-04,1.16170300e-02,1.77486600e-02,2.50244300e-02,3.31857300e-02,3.73079100e-02,3.31857300e-02,2.50244300e-02,1.77486600e-02,1.16170300e-02,1.78201400e-04,5.30178200e-06,1.82842600e-06,1.34925900e-06
5.61660796e+05,-7.31747200e+00,1.38029800e-06,1.87676000e-06,5.49951500e-06,1.90319800e-04,1.16574700e-02,1.77779200e-02,2.50253400e-02,3.31857300e-02,3.73079100e-02,3.31857300e-02,2.50253400e-02,1.77779200e-02,1.16574700e-02,1.90319800e-04,5.49951500e-06,1.87676000e-06,1.38029800e-06
5.65660796e+05,-7.31736800e+00,1.41199200e-06,1.92615800e-06,5.70187300e-06,2.02800900e-04,1.16957700e-02,1.78057600e-02,2.50262100e-02,3.31857300e-02,3.73079100e-02,3.31857300e-02,2.50262100e-02,1.78057600e-02,1.16957700e-02,2.02800900e-04,5.70187300e-06,1.92615800e-06,1.41199200e-06
5.69660796e+05,-7.31797500e+00,1.44434700e-06,1.97662800e-06,5.90886100e-06,2.15641100e-04,1.17321700e-02,1.78323000e-02,2.50270400e-02,3.31857400e-02,3.73079100e-02,3.31857400e-02,2.50270400e-02,1.78323000e-02,1.17321700e-02,2.15641100e-04,5.90886100e-06,1.97662800e-06,1.44434700e-06
5.73660796e+05,-7.31962600e+00,1.47736600e-06,2.02817600e-06,6.12047800e-06,2.28835500e-04,1.17668600e-02,1.78576100e-02,2.50278400e-02,3.31857400e-02,3.73079100e-02,3.31857400e-02,2.50278400e-02,1.78576100e-02,1.17668600e-02,2.28835500e-04,6.12047800e-06,2.02817600e-06,1.47736600e-06
5.77660796e+05,-7.32276600e+00,1.51105500e-06,2.08080500e-06,6.33671600e-06,2.42378200e-04,1.18000100e-02,1.78817700e-02,2.50286000e-02,3.31857400e-02,3.73079100e-02,3.31857400e-02,2.50286000e-02,1.78817700e-02,1.18000100e-02,2.42378200e-04,6.33671600e-06,2.08080500e-06,1.51105500e-06
5.81660796e+05,-7.32796700e+00,1.54541600e-06,2.13452200e-06,6.55756100e-06,2.56262300e-04,1.18317400e-02,1.79048500e-02,2.50293300e-02,3.31857400e-02,3.73079100e-02,3.31857400e-02,2.50293300e-02,1.79048500e-02,1.18317400e-02,2.56262300e-04,6.55756100e-06,2.13452200e-06,1.54541600e-06
5.85660796e+05,-7.33593300e+00,1.58045300e-06,2.18932700e-06,6.78299300e-06,2.70480200e-04,1.18621600e-02,1.79269200e-02,2.50300300e-02,3.31857400e-02,3.73079100e-02,3.31857400e-02,2.50300300e-02,1.79269200e-02,1.18621600e-02,2.70480200e-04,6.78299300e-06,2.18932700e-06,1.58045300e-06
5.89660796e+05,-7.34746200e+00,1.61616900e-06,2.24522400e-06,7.01298900e-06,2.85023000e-04,1.18913800e-02,1.79480500e-02,2.50307100e-02,3.31857400e-02,3.73079100e-02,3.31857400e-02,2.50307100e-02,1.79480500e-02,1.18913800e-02,2.85023000e-04,7.01298900e-06,2.24522400e-06,1.61616900e-06
5.93660796e+05,-7.36335300e+00,1.65256700e-06,2.30221400e-06,7.24752200e-06,2.99881800e-04,1.19194800e-02,1.79682700e-02,2.50313500e-02,3.31857400e-02,3.73079100e-02,3.31857400e-02,2.50313500e-02,1.79682700e-02,1.19194800e-02,2.99881800e-04,7.24752200e-06,2.30221400e-06,1.65256700e-06
5.97660796e+05,-7.38423800e+00,1.68964700e-06,2.36029700e-06,7.48656200e-06,3.15046700e-04,1.19465200e-02,1.79876300e-02,2.50319700e-02,3.31857400e-02,3.73079100e-02,3.31857400e-02,2.50319700e-02,1.79876300e-02,1.19465200e-02,3.15046700e-04,7.48656200e-06,2.36029700e-06,1.68964700e-06
6.01660796e+05,-7.40380200e+00,1.72741100e-06,2.41947400e-06,7.73007800e-06,3.30508000e-04,1.19725800e-02,1.80062000e-02,2.50325700e-02,3.31857400e-02,3.73079100e-02,3.31857400e-02,2.50325700e-02,1.80062000e-02,1.19725800e-02,3.30508000e-04,7.73007800e-06,2.41947400e-06,1.72741100e-06
6.05660796e+05,-7.41149700e+00,1.76586100e-06,2.47974400e-06,7.97803500e-06,3.46255500e-04,1.19977000e-02,1.80240000e-02,2.50331500e-02,3.31857400e-02,3.73079100e-02,3.31857400e-02,2.50331500e-02,1.80240000e-02,1.19977000e-02,3.46255500e-04,7.97803500e-06,2.47974400e-06,1.76586100e-06
6.09660796e+05,-7.42021500e+00,1.80499700e-06,2.54110500e-06,8.23039800e-06,3.62279100e-04,1.20219300e-02,1.80410700e-02,2.50337000e-02,3.31857500e-02,3.73079100e-02,3.31857500e-02,2.50337000e-02,1.80410700e-02,1.20219300e-02,3.62279100e-04,8.23039800e-06,2.54110500e-06,1.80499700e-06
6.13660796e+05,-7.42979100e+00,1.84481800e-06,2.60355600e-06,8.48713000e-06,3.78568400e-04,1.20453300e-02,1.80574600e-02,2.50342300e-02,3.31857500e-02,3.73079100e-02,3.31857500e-02,2.50342300e-02,1.80574600e-02,1.20453300e-02,3.78568400e-04,8.48713000e-06,2.60355600e-06,1.84481800e-06
6.17660796e+05,-7.44005200e+00,1.88532600e-06,2.66709200e-06,8.74819200e-06,3.95113500e-04,1.20679400e-02,1.80731900e-02,2.50347500e-02,3.31857500e-02,3.73079100e-02,3.31857500e-02,2.50347500e-02,1.80731900e-02,1.20679400e-02,3.95113500e-04,8.74819200e-06,2.66709200e-06,1.88532600e-06
6.21660796e+05,-7.45082300e+00,1.92651800e-06,2.73171300e-06,9.01354700e-06,4.11904600e-04,1.20897900e-02,1.80883100e-02,2.50352400e-02,3.31857500e-02,3.73079100e-02,3.31857500e-02,2.50352400e-02,1.80883100e-02,1.20897900e-02,4.11904600e-04,9.01354700e-06,2.73171300e-06,1.92651800e-06
6.25660796e+05,-7.46194200e+00,1.96839500e-06,2.79741300e-06,9.28315700e-06,4.28932200e-04,1.21109100e-02,1.81028300e-02,2.50357200e-02,3.31857500e-02,3.73079100e-02,3.31857500e-02,2.50357200e-02,1.81028300e-02,1.21109100e-02,4.28932200e-04,9.28315700e-06,2.79741300e-06,1.96839500e-06
6.29660796e+05,-7.47326100e+00,2.01095500e-06,2.86419100e-06,9.55698800e-06,4.46187200e-04,1.21313600e-02,1.81168000e-02,2.50361800e-02,3.31857500e-02,3.73079200e-02,3.31857500e-02,2.50361800e-02,1.81168000e-02,1.21313600e-02,4.46187200e-04,9.55698800e-06,2.86419100e-06,2.01095500e-06
6.33660796e+05,-7.48465500e+00,2.05419600e-06,2.93204100e-06,9.83500300e-06,4.63661000e-04,1.21511500e-02,1.81302300e-02,2.50366300e-02,3.31857500e-02,3.73079200e-02,3.31857500e-02,2.50366300e-02,1.81302300e-02,1.21511500e-02,4.63661000e-04,9.83500300e-06,2.93204100e-06,2.05419600e-06
6.37660796e+05,-7.49602100e+00,2.09811800e-06,3.00096100e-06,1.01171700e-05,4.81345300e-04,1.21703100e-02,1.81431600e-02,2.50370600e-02,3.31857500e-02,3.73079200e-02,3.31857500e-02,2.50370600e-02,1.81431600e-02,1.21703100e-02,4.81345300e-04,1.01171700e-05,3.00096100e-06,2.09811800e-06
6.41660796e+05,-7.50727600e+00,2.14271900e-06,3.07094500e-06,1.04034600e-05,4.99232300e-04,1.21888900e-02,1.81556100e-02,2.50374700e-02,3.31857500e-02,3.73079200e-02,3.31857500e-02,2.50374700e-02,1.81556100e-02,1.21888900e-02,4.99232300e-04,1.04034600e-05,3.07094500e-06,2.14271900e-06
6.45660796e+05,-7.51835600e+00,2.18799700e-06,3.14199100e-06,1.06938400e-05,5.17314700e-04,1.22069000e-02,1.81676000e-02,2.50378800e-02,3.31857500e-02,3.73079200e-02,3.31857500e-02,2.50378800e-02,1.81676000e-02,1.22069000e-02,5.17314700e-04,1.06938400e-05,3.14199100e-06,2.18799700e-06
6.49660796e+05,-7.52921000e+00,2.23394900e-06,3.21409400e-06,1.09882800e-05,5.35585600e-04,1.22243700e-02,1.81791700e-02,2.50382600e-02,3.31857500e-02,3.73079200e-02,3.31857500e-02,2.50382600e-02,1.81791700e-02,1.22243700e-02,5.35585600e-04,1.09882800e-05,3.21409400e-06,2.23394900e-06
6.53660796e+05,-7.53980400e+00,2.28057400e-06,3.28724900e-06,1.12867500e-05,5.54038500e-04,1.22413200e-02,1.81903200e-02,2.50386400e-02,3.31857500e-02,3.73079200e-02,3.31857500e-02,2.50386400e-02,1.81903200e-02,1.22413200e-02,5.54038500e-04,1.12867500e-05,3.28724900e-06,2.28057400e-06
6.57660796e+05,-7.55011100e+00,2.32786900e-06,3.36145200e-06,1.15892300e-05,5.72667300e-04,1.22577800e-02,1.82010800e-02,2.50390000e-02,3.31857500e-02,3.73079200e-02,3.31857500e-02,2.50390000e-02,1.82010800e-02,1.22577800e-02,5.72667300e-04,1.15892300e-05,3.36145200e-06,2.32786900e-06
6.61660796e+05,-7.56011400e+00,2.37583100e-06,3.43669800e-06,1.18957000e-05,5.91466300e-04,1.22737800e-02,1.82114800e-02,2.50393600e-02,3.31857500e-02,3.73079200e-02,3.31857500e-02,2.50393600e-02,1.82114800e-02,1.22737800e-02,5.91466300e-04,1.18957000e-05,3.43669800e-06,2.37583100e-06
6.65660796e+05,-7.56980500e+00,2.42445900e-06,3.51298400e-06,1.22061400e-05,6.10430200e-04,1.22893300e-02,1.82215200e-02,2.50397000e-02,3.31857500e-02,3.73079200e-02,3.31857500e-02,2.50397000e-02,1.82215200e-02,1.22893300e-02,6.10430200e-04,1.22061400e-05,3.51298400e-06,2.42445900e-06
6.69660796e+05,-7.57917700e+00,2.47374700e-06,3.59030300e-06,1.25205100e-05,6.29553900e-04,1.23044500e-02,1.82312200e-02,2.50400300e-02,3.31857500e-02,3.73079200e-02,3.31857500e-02,2.50400300e-02,1.82312200e-02,1.23044500e-02,6.29553900e-04,1.25205100e-05,3.59030300e-06,2.47374700e-06
6.73660796e+05,-7.58421600e+00,2.52369500e-06,3.66865100e-06,1.28388000e-05,6.48832900e-04,1.23191600e-02,1.82406100e-02,2.50403500e-02,3.31857500e-02,3.73079200e-02,3.31857500e-02,2.50403500e-02,1.82406100e-02,1.23191600e-02,6.48832900e-04,1.28388000e-05,3.66865100e-06,2.52369500e-06
6.77660796e+05,-7.58891400e+00,2.57429800e-06,3.74802400e-06,1.31610000e-05,6.68262900e-04,1.23334900e-02,1.82496900e-02,2.50406600e-02,3.31857500e-02,3.73079200e-02,3.31857500e-02,2.50406600e-02,1.82496900e-02,1.23334900e-02,6.68262900e-04,1.31610000e-05,3.74802400e-06,2.57429800e-06
6.81660796e+05,-7.59334100e+00,2.62555400e-06,3.82841500e-06,1.34870800e-05,6.87839700e-04,1.23474400e-02,1.82584900e-02,2.50409700e-02,3.31857500e-02,3.73079200e-02,3.31857500e-02,2.50409700e-02,1.82584900e-02,1.23474400e-02,6.87839700e-04,1.34870800e-05,3.82841500e-06,2.62555400e-06
6.85660796e+05,-7.59750600e+00,2.67745700e-06,3.90982000e-06,1.38170300e-05,7.07559700e-04,1.23610300e-02,1.82670100e-02,2.50412600e-02,3.31857600e-02,3.73079200e-02,3.31857600e-02,2.50412600e-02,1.82670100e-02,1.23610300e-02,7.07559700e-04,1.38170300e-05,3.90982000e-06,2.67745700e-06
6.89660796e+05,-7.60142300e+00,2.73000600e-06,3.99223400e-06,1.41508400e-05,7.27419500e-04,1.23742900e-02,1.82752700e-02,2.50415500e-02,3.31857600e-02,3.73079200e-02,3.31857600e-02,2.50415500e-02,1.82752700e-02,1.23742900e-02,7.27419500e-04,1.41508400e-05,3.99223400e-06,2.73000600e-06
6.93660796e+05,-7.60511600e+00,2.78319600e-06,4.07565100e-06,1.44884800e-05,7.47415800e-04,1.23872100e-02,1.82832900e-02,2.50418200e-02,3.31857600e-02,3.73079200e-02,3.31857600e-02,2.50418200e-02,1.82832900e-02,1.23872100e-02,7.47415800e-04,1.44884800e-05,4.07565100e-06,2.78319600e-06
6.97660796e+05,-7.60861200e+00,2.83702300e-06,4.16006500e-06,1.48299500e-05,7.67545700e-04,1.23998300e-02,1.82910600e-02,2.50421000e-02,3.31857600e-02,3.73079200e-02,3.31857600e-02,2.50421000e-02,1.82910600e-02,1.23998300e-02,7.67545700e-04,1.48299500e-05,4.16006500e-06,2.83702300e-06
7.01660796e+05,-7.61195000e+00,2.89148300e-06,4.24547100e-06,1.51752300e-05,7.87806500e-04,1.24121500e-02,1.82986100e-02,2.50423600e-02,3.31857600e-02,3.73079200e-02,3.31857600e-02,2.50423600e-02,1.82986100e-02,1.24121500e-02,7.87806500e-04,1.51752300e-05,4.24547100e-06,2.89148300e-06
7.05660796e+05,-7.61517400e+00,2.94657300e-06,4.33186400e-06,1.55243100e-05,8.08195800e-04,1.24241900e-02,1.83059500e-02,2.50426200e-02,3.31857600e-02,3.73079200e-02,3.31857600e-02,2.50426200e-02,1.83059500e-02,1.24241900e-02,8.08195800e-04,1.55243100e-05,4.33186400e-06,2.94657300e-06
7.09660796e+05,-7.61834000e+00,3.00228700e-06,4.41923700e-06,1.58771800e-05,8.28711200e-04,1.24359500e-02,1.83130800e-02,2.50428700e-02,3.31857600e-02,3.73079200e-02,3.31857600e-02,2.50428700e-02,1.83130800e-02,1.24359500e-02,8.28711200e-04,1.58771800e-05,4.41923700e-06,3.00228700e-06
7.13660796e+05,-7.62151300e+00,3.05862100e-06,4.50758600e-06,1.62338400e-05,8.49350700e-04,1.24474500e-02,1.83200100e-02,2.50431100e-02,3.31857600e-02,3.73079200e-02,3.31857600e-02,2.50431100e-02,1.83200100e-02,1.24474500e-02,8.49350700e-04,1.62338400e-05,4.50758600e-06,3.05862100e-06
7.17660796e+05,-7.62476800e+00,3.11557100e-06,4.59690300e-06,1.65942800e-05,8.70112500e-04,1.24587000e-02,1.83267500e-02,2.50433500e-02,3.31857600e-02,3.73079200e-02,3.31857600e-02,2.50433500e-02,1.83267500e-02,1.24587000e-02,8.70112500e-04,1.65942800e-05,4.59690300e-06,3.11557100e-06
7.21660796e+05,-7.62819100e+00,3.17313200e-06,4.68718400e-06,1.69584800e-05,8.90994700e-04,1.24697000e-02,1.83333200e-02,2.50435800e-02,3.31857600e-02,3.73079200e-02,3.31857600e-02,2.50435800e-02,1.83333200e-02,1.24697000e-02,8.90994700e-04,1.69584800e-05,4.68718400e-06,3.17313200e-06
7.25660796e+05,-7.63187700e+00,3.23130000e-06,4.77842200e-06,1.73264400e-05,9.11995900e-04,1.24804800e-02,1.83397100e-02,2.50438000e-02,3.31857600e-02,3.73079200e-02,3.31857600e-02,2.50438000e-02,1.83397100e-02,1.24804800e-02,9.11995900e-04,1.73264400e-05,4.77842200e-06,3.23130000e-06
7.29660796e+05,-7.63593200e+00,3.29007000e-06,4.87061200e-06,1.76981600e-05,9.33114800e-04,1.24910400e-02,1.83459400e-02,2.50440200e-02,3.31857600e-02,3.73079200e-02,3.31857600e-02,2.50440200e-02,1.83459400e-02,1.24910400e-02,9.33114800e-04,1.76981600e-05,4.87061200e-06,3.29007000e-06
7.33660796e+05,-7.64046700e+00,3.34943700e-06,4.96374600e-06,1.80736300e-05,9.54349900e-04,1.25013800e-02,1.83520200e-02,2.50442400e-02,3.31857600e-02,3.73079200e-02,3.31857600e-02,2.50442400e-02,1.83520200e-02,1.25013800e-02,9.54349900e-04,1.80736300e-05,4.96374600e-06,3.34943700e-06
7.37660796e+05,-7.64560100e+00,3.40939500e-06,5.05782000e-06,1.84528400e-05,9.75700300e-04,1.25115200e-02,1.83579400e-02,2.50444500e-02,3.31857600e-02,3.73079200e-02,3.31857600e-02,2.50444500e-02,1.83579400e-02,1.25115200e-02,9.75700300e-04,1.84528400e-05,5.05782000e-06,3.40939500e-06
7.41660796e+05,-7.65144900e+00,3.46994100e-06,5.15282700e-06,1.88358000e-05,9.97165000e-04,1.25214600e-02,1.83637200e-02,2.50446600e-02,3.31857600e-02,3.73079200e-02,3.31857600e-02,2.50446600e-02,1.83637200e-02,1.25214600e-02,9.97165000e-04,1.88358000e-05,5.15282700e-06,3.46994100e-06
7.45660796e+05,-7.64752600e+00,3.53106900e-06,5.24876100e-06,1.92225000e-05,1.01874300e-03,1.25312200e-02,1.83693700e-02,2.50448600e-02,3.31857600e-02,3.73079200e-02,3.31857600e-02,2.50448600e-02,1.83693700e-02,1.25312200e-02,1.01874300e-03,1.92225000e-05,5.24876100e-06,3.53106900e-06
7.49660796e+05,-7.64318600e+00,3.59277300e-06,5.34561400e-06,1.96129300e-05,1.04043400e-03,1.25407900e-02,1.83748800e-02,2.50450600e-02,3.31857600e-02,3.73079200e-02,3.31857600e-02,2.50450600e-02,1.83748800e-02,1.25407900e-02,1.04043400e-03,1.96129300e-05,5.34561400e-06,3.59277300e-06
7.53660796e+05,-7.63972800e+00,3.65504900e-06,5.44338200e-06,2.00071100e-05,1.06223600e-03,1.25501900e-02,1.83802600e-02,2.50452500e-02,3.31857600e-02,3.73079200e-02,3.31857600e-02,2.50452500e-02,1.83802600e-02,1.25501900e-02,1.06223600e-03,2.00071100e-05,5.44338200e-06,3.65504900e-06
7.57660796e+05,-7.63712800e+00,3.71789100e-06,5.54205700e-06,2.04050100e-05,1.08415000e-03,1.25594200e-02,1.83855300e-02,2.50454400e-02,3.31857600e-02,3.73079200e-02,3.31857600e-02,2.50454400e-02,1.83855300e-02,1.25594200e-02,1.08415000e-03,2.04050100e-05,5.54205700e-06,3.71789100e-06
7.61660796e+05,-7.63535800e+00,3.78129400e-06,5.64163300e-06,2.08066500e-05,1.10617400e-03,1.25685000e-02,1.83906700e-02,2.50456200e-02,3.31857600e-02,3.73079200e-02,3.31857600e-02,2.50456200e-02,1.83906700e-02,1.25685000e-02,1.10617400e-03,2.08066500e-05,5.64163300e-06,3.78129400e-06
7.65660796e+05,-7.63438800e+00,3.84525200e-06,5.74210400e-06,2.12120200e-05,1.12830800e-03,1.25774100e-02,1.83957100e-02,2.50458000e-02,3.31857600e-02,3.73079200e-02,3.31857600e-02,2.50458000e-02,1.83957100e-02,1.25774100e-02,1.12830800e-03,2.12120200e-05,5.74210400e-06,3.84525200e-06
7.69660796e+05,-7.63418400e+00,3.90976100e-06,5.84346200e-06,2.16211200e-05,1.15055300e-03,1.25861800e-02,1.84006300e-02,2.50459800e-02,3.31857600e-02,3.73079200e-02,3.31857600e-02,2.50459800e-02,1.84006300e-02,1.25861800e-02,1.15055300e-03,2.16211200e-05,5.84346200e-06,3.90976100e-06
7.73660796e+05,-7.63470800e+00,3.97481300e-06,5.94570100e-06,2.20339500e-05,1.17290700e-03,1.25948000e-02,1.84054600e-02,2.50461500e-02,3.31857600e-02,3.73079200e-02,3.31857600e-02,2.50461500e-02,1.84054600e-02,1.25948000e-02,1.17290700e-03,2.20339500e-05,5.94570100e-06,3.97481300e-06
7.77660796e+05,-7.63592000e+00,4.04040400e-06,6.04881500e-06,2.24505100e-05,1.19536900e-03,1.26032900e-02,1.84101800e-02,2.50463300e-02,3.31857600e-02,3.73079200e-02,3.31857600e-02,2.50463300e-02,1.84101800e-02,1.26032900e-02,1.19536900e-03,2.24505100e-05,6.04881500e-06,4.04040400e-06
7.81660796e+05,-7.63777600e+00,4.10652900e-06,6.15279600e-06,2.28708100e-05,1.21794100e-03,1.26116400e-02,1.84148100e-02,2.50464900e-02,3.31857600e-02,3.73079200e-02,3.31857600e-02,2.50464900e-02,1.84148100e-02,1.26116400e-02,1.21794100e-03,2.28708100e-05,6.15279600e-06,4.10652900e-06
7.85660796e+05,-7.64022800e+00,4.17318100e-06,6.25763700e-06,2.32948400e-05,1.24062100e-03,1.26198600e-02,1.84193500e-02,2.50466600e-02,3.31857600e-02,3.73079200e-02,3.31857600e-02,2.50466600e-02,1.84193500e-02,1.26198600e-02,1.24062100e-03,2.32948400e-05,6.25763700e-06,4.17318100e-06
7.89660796e+05,-7.64322700e+00,4.24035400e-06,6.36333200e-06,2.37225900e-05,1.26340900e-03,1.26279600e-02,1.84237900e-02,2.50468200e-02,3.31857600e-02,3.73079200e-02,3.31857600e-02,2.50468200e-02,1.84237900e-02,1.26279600e-02,1.26340900e-03,2.37225900e-05,6.36333200e-06,4.24035400e-06
7.93660796e+05,-7.64672200e+00,4.30804400e-06,6.46987300e-06,2.41540900e-05,1.28630600e-03,1.26359300e-02,1.84281600e-02,2.50469800e-02,3.31857600e-02,3.73079200e-02,3.31857600e-02,2.50469800e-02,1.84281600e-02,1.26359300e-02,1.28630600e-03,2.41540900e-05,6.46987300e-06,4.30804400e-06
7.97660796e+05,-7.65066300e+00,4.37624400e-06,6.57725500e-06,2.45893200e-05,1.30931100e-03,1.26437900e-02,1.84324300e-02,2.50471300e-02,3.31857600e-02,3.73079200e-02,3.31857600e-02,2.50471300e-02,1.84324300e-02,1.26437900e-02,1.30931100e-03,2.45893200e-05,6.57725500e-06,4.37624400e-06
8.01660796e+05,-7.65499900e+00,4.44494800e-06,6.68546900e-06,2.50282900e-05,1.33242400e-03,1.26515400e-02,1.84366300e-02,2.50472800e-02,3.31857600e-02,3.73079200e-02,3.31857600e-02,2.50472800e-02,1.84366300e-02,1.26515400e-02,1.33242400e-03,2.50282900e-05,6.68546900e-06,4.44494800e-06
8.05660796e+05,-7.65968100e+00,4.51415100e-06,6.79451000e-06,2.54710000e-05,1.35564500e-03,1.26591800e-02,1.84407600e-02,2.50474400e-02,3.31857600e-02,3.73079200e-02,3.31857600e-02,2.50474400e-02,1.84407600e-02,1.26591800e-02,1.35564500e-03,2.54710000e-05,6.79451000e-06,4.51415100e-06
8.09660796e+05,-7.66395700e+00,4.58384800e-06,6.90437000e-06,2.59174500e-05,1.37897500e-03,1.26667100e-02,1.84448100e-02,2.50475800e-02,3.31857600e-02,3.73079200e-02,3.31857600e-02,2.50475800e-02,1.84448100e-02,1.26667100e-02,1.37897500e-03,2.59174500e-05,6.90437000e-06,4.58384800e-06
8.13660796e+05,-7.66277100e+00,4.65403200e-06,7.01504200e-06,2.63676600e-05,1.40241200e-03,1.26741400e-02,1.84487800e-02,2.50477300e-02,3.31857600e-02,3.73079200e-02,3.31857600e-02,2.50477300e-02,1.84487800e-02,1.26741400e-02,1.40241200e-03,2.63676600e-05,7.01504200e-06,4.65403200e-06
8.17660796e+05,-7.66158200e+00,4.72469700e-06,7.12652100e-06,2.68216200e-05,1.42595900e-03,1.26814800e-02,1.84526900e-02,2.50478700e-02,3.31857600e-02,3.73079200e-02,3.31857600e-02,2.50478700e-02,1.84526900e-02,1.26814800e-02,1.42595900e-03,2.68216200e-05,7.12652100e-06,4.72469700e-06
8.21660796e+05,-7.66038900e+00,4.79583900e-06,7.23879800e-06,2.72793400e-05,1.44961400e-03,1.26887200e-02,1.84565300e-02,2.50480100e-02,3.31857600e-02,3.73079200e-02,3.31857600e-02,2.50480100e-02,1.84565300e-02,1.26887200e-02,1.44961400e-03,2.72793400e-05,7.23879800e-06,4.79583900e-06
8.25660796e+05,-7.65919300e+00,4.86745100e-06,7.35186800e-06,2.77408300e-05,1.47337900e-03,1.26958600e-02,1.84603100e-02,2.50481500e-02,3.31857600e-02,3.73079200e-02,3.31857600e-02,2.50481500e-02,1.84603100e-02,1.26958600e-02,1.47337900e-03,2.77408300e-05,7.35186800e-06,4.86745100e-06
8.29660796e+05,-7.65799600e+00,4.93952800e-06,7.46572500e-06,2.82060900e-05,1.49725300e-03,1.27029200e-02,1.84640200e-02,2.50482900e-02,3.31857600e-02,3.73079200e-02,3.31857600e-02,2.50482900e-02,1.84640200e-02,1.27029200e-02,1.49725300e-03,2.82060900e-05,7.46572500e-06,4.93952800e-06
8.33660796e+05,-7.65679900e+00,5.01206400e-06,7.58036100e-06,2.86751400e-05,1.52123700e-03,1.27098900e-02,1.84676700e-02,2.50484200e-02,3.31857600e-02,3.73079200e-02,3.31857600e-02,2.50484200e-02,1.84676700e-02,1.27098900e-02,1.52123700e-03,2.86751400e-05,7.58036100e-06,5.01206400e-06
8.37660796e+05,-7.65560400e+00,5.08505400e-06,7.69577100e-06,2.91479800e-05,1.54533200e-03,1.27167800e-02,1.84712700e-02,2.50485500e-02,3.31857600e-02,3.73079200e-02,3.31857600e-02,2.50485500e-02,1.84712700e-02,1.27167800e-02,1.54533200e-03,2.91479800e-05,7.69577100e-06,5.08505400e-06
8.41660796e+05,-7.65441400e+00,5.15849200e-06,7.81194900e-06,2.96246300e-05,1.56953800e-03,1.27235900e-02,1.84748100e-02,2.50486800e-02,3.31857600e-02,3.73079200e-02,3.31857600e-02,2.50486800e-02,1.84748100e-02,1.27235900e-02,1.56953800e-03,2.96246300e-05,7.81194900e-06,5.15849200e-06
8.45660796e+05,-7.65323100e+00,5.23237400e-06,7.92888800e-06,3.01050900e-05,1.59385700e-03,1.27303200e-02,1.84782900e-02,2.50488100e-02,3.31857600e-02,3.73079200e-02,3.31857600e-02,2.50488100e-02,1.84782900e-02,1.27303200e-02,1.59385700e-03,3.01050900e-05,7.92888800e-06,5.23237400e-06
8.49660796e+05,-7.65205900e+00,5.30669300e-06,8.04658300e-06,3.05893900e-05,1.61828800e-03,1.27369700e-02,1.84817200e-02,2.50489400e-02,3.31857600e-02,3.73079200e-02,3.31857600e-02,2.50489400e-02,1.84817200e-02,1.27369700e-02,1.61828800e-03,3.05893900e-05,8.04658300e-06,5.30669300e-06
8.53660796e+05,-7.64980300e+00,5.38144400e-06,8.16502700e-06,3.10775200e-05,1.64283300e-03,1.27435500e-02,1.84851000e-02,2.50490600e-02,3.31857700e-02,3.73079200e-02,3.31857700e-02,2.50490600e-02,1.84851000e-02,1.27435500e-02,1.64283300e-03,3.10775200e-05,8.16502700e-06,5.38144400e-06
8.57660796e+05,-7.64753700e+00,5.45662200e-06,8.28421600e-06,3.15695100e-05,1.66749200e-03,1.27500700e-02,1.84884400e-02,2.50491800e-02,3.31857700e-02,3.73079200e-02,3.31857700e-02,2.50491800e-02,1.84884400e-02,1.27500700e-02,1.66749200e-03,3.15695100e-05,8.28421600e-06,5.45662200e-06
8.61660796e+05,-7.64531700e+00,5.53222300e-06,8.40414400e-06,3.20653800e-05,1.69226700e-03,1.27565100e-02,1.84917200e-02,2.50493000e-02,3.31857700e-02,3.73079200e-02,3.31857700e-02,2.50493000e-02,1.84917200e-02,1.27565100e-02,1.69226700e-03,3.20653800e-05,8.40414400e-06,5.53222300e-06
8.65660796e+05,-7.64314500e+00,5.60824000e-06,8.52480500e-06,3.25651400e-05,1.71715800e-03,1.27628800e-02,1.84949500e-02,2.50494200e-02,3.31857700e-02,3.73079200e-02,3.31857700e-02,2.50494200e-02,1.84949500e-02,1.27628800e-02,1.71715800e-03,3.25651400e-05,8.52480500e-06,5.60824000e-06
8.69660796e+05,-7.64102700e+00,5.68467000e-06,8.64619500e-06,3.30688000e-05,1.74216700e-03,1.27691900e-02,1.84981500e-02,2.50495400e-02,3.31857700e-02,3.73079200e-02,3.31857700e-02,2.50495400e-02,1.84981500e-02,1.27691900e-02,1.74216700e-03,3.30688000e-05,8.64619500e-06,5.68467000e-06
8.73660796e+05,-7.63896600e+00,5.76150600e-06,8.76830700e-06,3.35764000e-05,1.76729500e-03,1.27754400e-02,1.85012900e-02,2.50496600e-02,3.31857700e-02,3.73079200e-02,3.31857700e-02,2.50496600e-02,1.85012900e-02,1.27754400e-02,1.76729500e-03,3.35764000e-05,8.76830700e-06,5.76150600e-06
8.77660796e+05,-7.63696900e+00,5.83874500e-06,8.89113800e-06,3.40879400e-05,1.79254300e-03,1.27816300e-02,1.85044000e-02,2.50497700e-02,3.31857700e-02,3.73079200e-02,3.31857700e-02,2.50497700e-02,1.85044000e-02,1.27816300e-02,1.79254300e-03,3.40879400e-05,8.89113800e-06,5.83874500e-06
8.81660796e+05,-7.63504200e+00,5.91638100e-06,9.01468300e-06,3.46034500e-05,1.81791200e-03,1.27877700e-02,1.85074600e-02,2.50498900e-02,3.31857700e-02,3.73079200e-02,3.31857700e-02,2.50498900e-02,1.85074600e-02,1.27877700e-02,1.81791200e-03,3.46034500e-05,9.01468300e-06,5.91638100e-06
8.85660796e+05,-7.63319600e+00,5.99440900e-06,9.13893600e-06,3.51229600e-05,1.84340400e-03,1.27938400e-02,1.85104900e-02,2.50500000e-02,3.31857700e-02,3.73079200e-02,3.31857700e-02,2.50500000e-02,1.85104900e-02,1.27938400e-02,1.84340400e-03,3.51229600e-05,9.13893600e-06,5.99440900e-06
8.89660796e+05,-7.63144200e+00,6.07282500e-06,9.26389400e-06,3.56464900e-05,1.86902000e-03,1.27998600e-02,1.85134800e-02,2.50501100e-02,3.31857700e-02,3.73079200e-02,3.31857700e-02,2.50501100e-02,1.85134800e-02,1.27998600e-02,1.86902000e-03,3.56464900e-05,9.26389400e-06,6.07282500e-06
8.93660796e+05,-7.62979500e+00,6.15162500e-06,9.38955200e-06,3.61740500e-05,1.89476200e-03,1.28058300e-02,1.85164200e-02,2.50502200e-02,3.31857700e-02,3.73079200e-02,3.31857700e-02,2.50502200e-02,1.85164200e-02,1.28058300e-02,1.89476200e-03,3.61740500e-05,9.38955200e-06,6.15162500e-06
8.97660796e+05,-7.62827400e+00,6.23080400e-06,9.51590500e-06,3.67056900e-05,1.92063100e-03,1.28117500e-02,1.85193400e-02,2.50503200e-02,3.31857700e-02,3.73079200e-02,3.31857700e-02,2.50503200e-02,1.85193400e-02,1.28117500e-02,1.92063100e-03,3.67056900e-05,9.51590500e-06,6.23080400e-06
9.01660796e+05,-7.62690100e+00,6.31035700e-06,9.64295100e-06,3.72414200e-05,1.94662900e-03,1.28176200e-02,1.85222200e-02,2.50504300e-02,3.31857700e-02,3.73079200e-02,3.31857700e-02,2.50504300e-02,1.85222200e-02,1.28176200e-02,1.94662900e-03,3.72414200e-05,9.64295100e-06,6.31035700e-06
9.05660796e+05,-7.62570500e+00,6.39028000e-06,9.77068400e-06,3.77812800e-05,1.97275700e-03,1.28234400e-02,1.85250600e-02,2.50505400e-02,3.31857700e-02,3.73079200e-02,3.31857700e-02,2.50505400e-02,1.85250600e-02,1.28234400e-02,1.97275700e-03,3.77812800e-05,9.77068400e-06,6.39028000e-06
9.09660796e+05,-7.62471900e+00,6.47056800e-06,9.89910100e-06,3.83252900e-05,1.99901800e-03,1.28292100e-02,1.85278700e-02,2.50506400e-02,3.31857700e-02,3.73079200e-02,3.31857700e-02,2.50506400e-02,1.85278700e-02,1.28292100e-02,1.99901800e-03,3.83252900e-05,9.89910100e-06,6.47056800e-06
9.13660796e+05,-7.62398400e+00,6.55121900e-06,1.00282000e-05,3.88734900e-05,2.02541200e-03,1.28349400e-02,1.85306500e-02,2.50507400e-02,3.31857700e-02,3.73079200e-02,3.31857700e-02,2.50507400e-02,1.85306500e-02,1.28349400e-02,2.02541200e-03,3.88734900e-05,1.00282000e-05,6.55121900e-06
9.17660796e+05,-7.62354900e+00,6.63222600e-06,1.01579700e-05,3.94259000e-05,2.05194200e-03,1.28406300e-02,1.85334000e-02,2.50508500e-02,3.31857700e-02,3.73079200e-02,3.31857700e-02,2.50508500e-02,1.85334000e-02,1.28406300e-02,2.05194200e-03,3.94259000e-05,1.01579700e-05,6.63222600e-06
9.21660796e+05,-7.62347200e+00,6.71358700e-06,1.02884200e-05,3.99825600e-05,2.07861000e-03,1.28462800e-02,1.85361200e-02,2.50509500e-02,3.31857700e-02,3.73079200e-02,3.31857700e-02,2.50509500e-02,1.85361200e-02,1.28462800e-02,2.07861000e-03,3.99825600e-05,1.02884200e-05,6.71358700e-06
9.25660796e+05,-7.62382000e+00,6.79529800e-06,1.04195400e-05,4.05435100e-05,2.10541700e-03,1.28518900e-02,1.85388100e-02,2.50510500e-02,3.31857700e-02,3.73079200e-02,3.31857700e-02,2.50510500e-02,1.85388100e-02,1.28518900e-02,2.10541700e-03,4.05435100e-05,1.04195400e-05,6.79529800e-06
9.29660796e+05,-7.62466900e+00,6.87735300e-06,1.05513200e-05,4.11087800e-05,2.13236600e-03,1.28574600e-02,1.85414700e-02,2.50511500e-02,3.31857700e-02,3.73079200e-02,3.31857700e-02,2.50511500e-02,1.85414700e-02,1.28574600e-02,2.13236600e-03,4.11087800e-05,1.05513200e-05,6.87735300e-06
9.33660796e+05,-7.62610800e+00,6.95975000e-06,1.06837700e-05,4.16784000e-05,2.15945800e-03,1.28629900e-02,1.85441100e-02,2.50512400e-02,3.31857700e-02,3.73079200e-02,3.31857700e-02,2.50512400e-02,1.85441100e-02,1.28629900e-02,2.15945800e-03,4.16784000e-05,1.06837700e-05,6.95975000e-06
9.37660796e+05,-7.62823400e+00,7.04248400e-06,1.08168800e-05,4.22524100e-05,2.18669600e-03,1.28684800e-02,1.85467100e-02,2.50513400e-02,3.31857700e-02,3.73079200e-02,3.31857700e-02,2.50513400e-02,1.85467100e-02,1.28684800e-02,2.18669600e-03,4.22524100e-05,1.08168800e-05,7.04248400e-06
9.41660796e+05,-7.63115100e+00,7.12555200e-06,1.09506500e-05,4.28308600e-05,2.21408100e-03,1.28739400e-02,1.85492900e-02,2.50514400e-02,3.31857700e-02,3.73079200e-02,3.31857700e-02,2.50514400e-02,1.85492900e-02,1.28739400e-02,2.21408100e-03,4.28308600e-05,1.09506500e-05,7.12555200e-06
9.45660796e+05,-7.63497000e+00,7.20895000e-06,1.10850700e-05,4.34137700e-05,2.24161500e-03,1.28793700e-02,1.85518500e-02,2.50515300e-02,3.31857700e-02,3.73079200e-02,3.31857700e-02,2.50515300e-02,1.85518500e-02,1.28793700e-02,2.24161500e-03,4.34137700e-05,1.10850700e-05,7.20895000e-06
9.49660796e+05,-7.63980500e+00,7.29267400e-06,1.12201400e-05,4.40011900e-05,2.26930200e-03,1.28847700e-02,1.85543800e-02,2.50516300e-02,3.31857700e-02,3.73079200e-02,3.31857700e-02,2.50516300e-02,1.85543800e-02,1.28847700e-02,2.26930200e-03,4.40011900e-05,1.12201400e-05,7.29267400e-06
9.53660796e+05,-7.64576200e+00,7.37672100e-06,1.13558600e-05,4.45931500e-05,2.29714100e-03,1.28901300e-02,1.85568900e-02,2.50517200e-02,3.31857700e-02,3.73079200e-02,3.31857700e-02,2.50517200e-02,1.85568900e-02,1.28901300e-02,2.29714100e-03,4.45931500e-05,1.13558600e-05,7.37672100e-06
9.57660796e+05,-7.65294100e+00,7.46108600e-06,1.14922300e-05,4.51897000e-05,2.32513700e-03,1.28954600e-02,1.85593800e-02,2.50518100e-02,3.31857700e-02,3.73079200e-02,3.31857700e-02,2.50518100e-02,1.85593800e-02,1.28954600e-02,2.32513700e-03,4.51897000e-05,1.14922300e-05,7.46108600e-06
9.61660796e+05,-7.66142000e+00,7.54576600e-06,1.16292400e-05,4.57908800e-05,2.35329100e-03,1.29007700e-02,1.85618400e-02,2.50519000e-02,3.31857700e-02,3.73079200e-02,3.31857700e-02,2.50519000e-02,1.85618400e-02,1.29007700e-02,2.35329100e-03,4.57908800e-05,1.16292400e-05,7.54576600e-06
9.65660796e+05,-7.67125400e+00,7.63075800e-06,1.17669000e-05,4.63967400e-05,2.38160500e-03,1.29060500e-02,1.85642800e-02,2.50520000e-02,3.31857700e-02,3.73079200e-02,3.31857700e-02,2.50520000e-02,1.85642800e-02,1.29060500e-02,2.38160500e-03,4.63967400e-05,1.17669000e-05,7.63075800e-06
9.69660796e+05,-7.68246300e+00,7.71605800e-06,1.19051900e-05,4.70073000e-05,2.41008100e-03,1.29113000e-02,1.85667000e-02,2.50520900e-02,3.31857700e-02,3.73079200e-02,3.31857700e-02,2.50520900e-02,1.85667000e-02,1.29113000e-02,2.41008100e-03,4.70073000e-05,1.19051900e-05,7.71605800e-06
9.73660796e+05,-7.69502800e+00,7.80166200e-06,1.20441200e-05,4.76226300e-05,2.43872200e-03,1.29165300e-02,1.85691000e-02,2.50521700e-02,3.31857700e-02,3.73079200e-02,3.31857700e-02,2.50521700e-02,1.85691000e-02,1.29165300e-02,2.43872200e-03,4.76226300e-05,1.20441200e-05,7.80166200e-06
9.77660796e+05,-7.70889000e+00,7.88756700e-06,1.21836800e-05,4.82427600e-05,2.46752900e-03,1.29217300e-02,1.85714800e-02,2.50522600e-02,3.31857700e-02,3.73079200e-02,3.31857700e-02,2.50522600e-02,1.85714800e-02,1.29217300e-02,2.46752900e-03,4.82427600e-05,1.21836800e-05,7.88756700e-06
9.81660796e+05,-7.72394800e+00,7.97377000e-06,1.23238700e-05,4.88677300e-05,2.49650600e-03,1.29269000e-02,1.85738400e-02,2.50523500e-02,3.31857700e-02,3.73079200e-02,3.31857700e-02,2.50523500e-02,1.85738400e-02,1.29269000e-02,2.49650600e-03,4.88677300e-05,1.23238700e-05,7.97377000e-06
9.85660796e+05,-7.73233600e+00,8.06026600e-06,1.24646900e-05,4.94976000e-05,2.52565300e-03,1.29320600e-02,1.85761800e-02,2.50524400e-02,3.31857700e-02,3.73079200e-02,3.31857700e-02,2.50524400e-02,1.85761800e-02,1.29320600e-02,2.52565300e-03,4.94976000e-05,1.24646900e-05,8.06026600e-06
9.89660796e+05,-7.73272000e+00,8.14705300e-06,1.26061400e-05,5.01324200e-05,2.55497500e-03,1.29371900e-02,1.85785000e-02,2.50525300e-02,3.31857700e-02,3.73079200e-02,3.31857700e-02,2.50525300e-02,1.85785000e-02,1.29371900e-02,2.55497500e-03,5.01324200e-05,1.26061400e-05,8.14705300e-06
9.93660796e+05,-7.73317000e+00,8.23412800e-06,1.27482100e-05,5.07722200e-05,2.58447200e-03,1.29423000e-02,1.85808100e-02,2.50526100e-02,3.31857700e-02,3.73079200e-02,3.31857700e-02,2.50526100e-02,1.85808100e-02,1.29423000e-02,2.58447200e-03,5.07722200e-05,1.27482100e-05,8.23412800e-06
9.97660796e+05,-7.73367400e+00,8.32148700e-06,1.28909000e-05,5.14170600e-05,2.61414800e-03,1.29473900e-02,1.85831000e-02,2.50527000e-02,3.31857700e-02,3.73079200e-02,3.31857700e-02,2.50527000e-02,1.85831000e-02,1.29473900e-02,2.61414800e-03,5.14170600e-05,1.28909000e-05,8.32148700e-06
1.00166080e+06,-7.73421900e+00,8.40912700e-06,1.30342100e-05,5.20670000e-05,2.64400400e-03,1.29524700e-02,1.85853700e-02,2.50527800e-02,3.31857700e-02,3.73079200e-02,3.31857700e-02,2.50527800e-02,1.85853700e-02,1.29524700e-02,2.64400400e-03,5.20670000e-05,1.30342100e-05,8.40912700e-06
1.00566080e+06,-7.73479200e+00,8.49704500e-06,1.31781500e-05,5.27220900e-05,2.67404400e-03,1.29575200e-02,1.85876200e-02,2.50528600e-02,3.31857700e-02,3.73079200e-02,3.31857700e-02,2.50528600e-02,1.85876200e-02,1.29575200e-02,2.67404400e-03,5.27220900e-05,1.31781500e-05,8.49704500e-06
1.00966080e+06,-7.73537700e+00,8.58523800e-06,1.33227000e-05,5.33823800e-05,2.70427000e-03,1.29625500e-02,1.85898600e-02,2.50529500e-02,3.31857700e-02,3.73079200e-02,3.31857700e-02,2.50529500e-02,1.85898600e-02,1.29625500e-02,2.70427000e-03,5.33823800e-05,1.33227000e-05,8.58523800e-06
1.01366080e+06,-7.73595900e+00,8.67370300e-06,1.34678600e-05,5.40479200e-05,2.73468500e-03,1.29675700e-02,1.85920800e-02,2.50530300e-02,3.31857700e-02,3.73079200e-02,3.31857700e-02,2.50530300e-02,1.85920800e-02,1.29675700e-02,2.73468500e-03,5.40479200e-05,1.34678600e-05,8.67370300e-06
1.01766080e+06,-7.73652300e+00,8.76243800e-06,1.36136400e-05,5.47187900e-05,2.76529100e-03,1.29725800e-02,1.85942900e-02,2.50531100e-02,3.31857700e-02,3.73079200e-02,3.31857700e-02,2.50531100e-02,1.85942900e-02,1.29725800e-02,2.76529100e-03,5.47187900e-05,1.36136400e-05,8.76243800e-06
1.02166080e+06,-7.73705700e+00,8.85143900e-06,1.37600400e-05,5.53950300e-05,2.79609200e-03,1.29775600e-02,1.85964800e-02,2.50531900e-02,3.31857700e-02,3.73079200e-02,3.31857700e-02,2.50531900e-02,1.85964800e-02,1.29775600e-02,2.79609200e-03,5.53950300e-05,1.37600400e-05,8.85143900e-06
1.02566080e+06,-7.73754700e+00,8.94070400e-06,1.39070400e-05,5.60767100e-05,2.82709000e-03,1.29825400e-02,1.85986500e-02,2.50532800e-02,3.31857700e-02,3.73079200e-02,3.31857700e-02,2.50532800e-02,1.85986500e-02,1.29825400e-02,2.82709000e-03,5.60767100e-05,1.39070400e-05,8.94070400e-06
1.02966080e+06,-7.73798200e+00,9.03023000e-06,1.40546600e-05,5.67638900e-05,2.85828800e-03,1.29875000e-02,1.86008200e-02,2.50533600e-02,3.31857700e-02,3.73079200e-02,3.31857700e-02,2.50533600e-02,1.86008200e-02,1.29875000e-02,2.85828800e-03,5.67638900e-05,1.40546600e-05,9.03023000e-06
1.03366080e+06,-7.73835300e+00,9.12001500e-06,1.42028900e-05,5.74566500e-05,2.88968900e-03,1.29924500e-02,1.86029700e-02,2.50534400e-02,3.31857700e-02,3.73079200e-02,3.31857700e-02,2.50534400e-02,1.86029700e-02,1.29924500e-02,2.88968900e-03,5.74566500e-05,1.42028900e-05,9.12001500e-06
1.03766080e+06,-7.73865300e+00,9.21005600e-06,1.43517300e-05,5.81550400e-05,2.92129700e-03,1.29973800e-02,1.86051000e-02,2.50535200e-02,3.31857700e-02,3.73079200e-02,3.31857700e-02,2.50535200e-02,1.86051000e-02,1.29973800e-02,2.92129700e-03,5.81550400e-05,1.43517300e-05,9.21005600e-06
1.04166080e+06,-7.73887700e+00,9.30035200e-06,1.45011800e-05,5.88591400e-05,2.95311500e-03,1.30023000e-02,1.86072300e-02,2.50535900e-02,3.31857700e-02,3.73079200e-02,3.31857700e-02,2.50535900e-02,1.86072300e-02,1.30023000e-02,2.95311500e-03,5.88591400e-05,1.45011800e-05,9.30035200e-06
1.04566080e+06,-7.73902200e+00,9.39089900e-06,1.46512400e-05,5.95690300e-05,2.98514500e-03,1.30072200e-02,1.86093400e-02,2.50536700e-02,3.31857700e-02,3.73079200e-02,3.31857700e-02,2.50536700e-02,1.86093400e-02,1.30072200e-02,2.98514500e-03,5.95690300e-05,1.46512400e-05,9.39089900e-06
1.04966080e+06,-7.73908600e+00,9.48169600e-06,1.48019100e-05,6.02847700e-05,3.01739200e-03,1.30121200e-02,1.86114400e-02,2.50537500e-02,3.31857700e-02,3.73079200e-02,3.31857700e-02,2.50537500e-02,1.86114400e-02,1.30121200e-02,3.01739200e-03,6.02847700e-05,1.48019100e-05,9.48169600e-06
1.05366080e+06,-7.73907200e+00,9.57274100e-06,1.49531900e-05,6.10064400e-05,3.04986000e-03,1.30170200e-02,1.86135200e-02,2.50538300e-02,3.31857700e-02,3.73079200e-02,3.31857700e-02,2.50538300e-02,1.86135200e-02,1.30170200e-02,3.04986000e-03,6.10064400e-05,1.49531900e-05,9.57274100e-06
1.05766080e+06,-7.73898300e+00,9.66403100e-06,1.51050900e-05,6.17341300e-05,3.08255100e-03,1.30219000e-02,1.86156000e-02,2.50539100e-02,3.31857700e-02,3.73079200e-02,3.31857700e-02,2.50539100e-02,1.86156000e-02,1.30219000e-02,3.08255100e-03,6.17341300e-05,1.51050900e-05,9.66403100e-06
1.06166080e+06,-7.73882600e+00,9.75556400e-06,1.52575900e-05,6.24679100e-05,3.11546900e-03,1.30267800e-02,1.86176600e-02,2.50539800e-02,3.31857700e-02,3.73079200e-02,3.31857700e-02,2.50539800e-02,1.86176600e-02,1.30267800e-02,3.11546900e-03,6.24679100e-05,1.52575900e-05,9.75556400e-06
1.06566080e+06,-7.73861000e+00,9.84734000e-06,1.54107100e-05,6.32078700e-05,3.14861800e-03,1.30316500e-02,1.86197200e-02,2.50540600e-02,3.31857700e-02,3.73079200e-02,3.31857700e-02,2.50540600e-02,1.86197200e-02,1.30316500e-02,3.14861800e-03,6.32078700e-05,1.54107100e-05,9.84734000e-06
1.06966080e+06,-7.73834700e+00,9.93935600e-06,1.55644400e-05,6.39540900e-05,3.18200300e-03,1.30365200e-02,1.86217600e-02,2.50541300e-02,3.31857700e-02,3.73079200e-02,3.31857700e-02,2.50541300e-02,1.86217600e-02,1.30365200e-02,3.18200300e-03,6.39540900e-05,1.55644400e-05,9.93935600e-06
1.07366080e+06,-7.73805300e+00,1.00316100e-05,1.57187900e-05,6.47066700e-05,3.21562600e-03,1.30413800e-02,1.86237900e-02,2.50542100e-02,3.31857700e-02,3.73079200e-02,3.31857700e-02,2.50542100e-02,1.86237900e-02,1.30413800e-02,3.21562600e-03,6.47066700e-05,1.57187900e-05,1.00316100e-05
1.07766080e+06,-7.73774600e+00,1.01241000e-05,1.58737600e-05,6.54656900e-05,3.24949300e-03,1.30462400e-02,1.86258200e-02,2.50542800e-02,3.31857700e-02,3.73079200e-02,3.31857700e-02,2.50542800e-02,1.86258200e-02,1.30462400e-02,3.24949300e-03,6.54656900e-05,1.58737600e-05,1.01241000e-05
1.08166080e+06,-7.73744900e+00,1.02168300e-05,1.60293400e-05,6.62312500e-05,3.28360700e-03,1.30510900e-02,1.86278300e-02,2.50543600e-02,3.31857700e-02,3.73079200e-02,3.31857700e-02,2.50543600e-02,1.86278300e-02,1.30510900e-02,3.28360700e-03,6.62312500e-05,1.60293400e-05,1.02168300e-05
1.08566080e+06,-7.73718700e+00,1.03097800e-05,1.61855400e-05,6.70034500e-05,3.31797400e-03,1.30559400e-02,1.86298300e-02,2.50544300e-02,3.31857700e-02,3.73079200e-02,3.31857700e-02,2.50544300e-02,1.86298300e-02,1.30559400e-02,3.31797400e-03,6.70034500e-05,1.61855400e-05,1.03097800e-05
1.08966080e+06,-7.73699200e+00,1.04029800e-05,1.63423700e-05,6.77823800e-05,3.35259600e-03,1.30607800e-02,1.86318300e-02,2.50545100e-02,3.31857700e-02,3.73079200e-02,3.31857700e-02,2.50545100e-02,1.86318300e-02,1.30607800e-02,3.35259600e-03,6.77823800e-05,1.63423700e-05,1.04029800e-05
1.09366080e+06,-7.73689700e+00,1.04964000e-05,1.64998100e-05,6.85681500e-05,3.38747900e-03,1.30656300e-02,1.86338100e-02,2.50545800e-02,3.31857700e-02,3.73079200e-02,3.31857700e-02,2.50545800e-02,1.86338100e-02,1.30656300e-02,3.38747900e-03,6.85681500e-05,1.64998100e-05,1.04964000e-05
1.09766080e+06,-7.73694200e+00,1.05900500e-05,1.66578900e-05,6.93608600e-05,3.42262700e-03,1.30704700e-02,1.86357900e-02,2.50546500e-02,3.31857700e-02,3.73079200e-02,3.31857700e-02,2.50546500e-02,1.86357900e-02,1.30704700e-02,3.42262700e-03,6.93608600e-05,1.66578900e-05,1.05900500e-05
1.10166080e+06,-7.73717100e+00,1.06839300e-05,1.68165900e-05,7.01606200e-05,3.45804600e-03,1.30753200e-02,1.86377600e-02,2.50547300e-02,3.31857700e-02,3.73079200e-02,3.31857700e-02,2.50547300e-02,1.86377600e-02,1.30753200e-02,3.45804600e-03,7.01606200e-05,1.68165900e-05,1.06839300e-05
1.10566080e+06,-7.73763000e+00,1.07780300e-05,1.69759200e-05,7.09675500e-05,3.49374000e-03,1.30801600e-02,1.86397300e-02,2.50548000e-02,3.31857700e-02,3.73079200e-02,3.31857700e-02,2.50548000e-02,1.86397300e-02,1.30801600e-02,3.49374000e-03,7.09675500e-05,1.69759200e-05,1.07780300e-05
1.10966080e+06,-7.73837400e+00,1.08723700e-05,1.71358800e-05,7.17817500e-05,3.52971300e-03,1.30850100e-02,1.86416800e-02,2.50548700e-02,3.31857700e-02,3.73079200e-02,3.31857700e-02,2.50548700e-02,1.86416800e-02,1.30850100e-02,3.52971300e-03,7.17817500e-05,1.71358800e-05,1.08723700e-05
1.11366080e+06,-7.73945700e+00,1.09669200e-05,1.72964800e-05,7.26033500e-05,3.56597200e-03,1.30898600e-02,1.86436300e-02,2.50549400e-02,3.31857700e-02,3.73079200e-02,3.31857700e-02,2.50549400e-02,1.86436300e-02,1.30898600e-02,3.56597200e-03,7.26033500e-05,1.72964800e-05,1.09669200e-05
1.11766080e+06,-7.74093900e+00,1.10617000e-05,1.74577200e-05,7.34324600e-05,3.60252200e-03,1.30947100e-02,1.86455700e-02,2.50550100e-02,3.31857700e-02,3.73079200e-02,3.31857700e-02,2.50550100e-02,1.86455700e-02,1.30947100e-02,3.60252200e-03,7.34324600e-05,1.74577200e-05,1.10617000e-05
1.12166080e+06,-7.74288100e+00,1.11567100e-05,1.76196000e-05,7.42692100e-05,3.63936800e-03,1.30995600e-02,1.86475000e-02,2.50550900e-02,3.31857700e-02,3.73079200e-02,3.31857700e-02,2.50550900e-02,1.86475000e-02,1.30995600e-02,3.63936800e-03,7.42692100e-05,1.76196000e-05,1.11567100e-05
1.12566080e+06,-7.74534400e+00,1.12519300e-05,1.77821200e-05,7.51137200e-05,3.67651400e-03,1.31044200e-02,1.86494300e-02,2.50551600e-02,3.31857700e-02,3.73079200e-02,3.31857700e-02,2.50551600e-02,1.86494300e-02,1.31044200e-02,3.67651400e-03,7.51137200e-05,1.77821200e-05,1.12519300e-05
1.12966080e+06,-7.74555100e+00,1.13473800e-05,1.79452900e-05,7.59661300e-05,3.71396800e-03,1.31092800e-02,1.86513500e-02,2.50552300e-02,3.31857700e-02,3.73079200e-02,3.31857700e-02,2.50552300e-02,1.86513500e-02,1.31092800e-02,3.71396800e-03,7.59661300e-05,1.79452900e-05,1.13473800e-05
1.13366080e+06,-7.74365400e+00,1.14430400e-05,1.81091200e-05,7.68265700e-05,3.75173500e-03,1.31141500e-02,1.86532700e-02,2.50553000e-02,3.31857700e-02,3.73079200e-02,3.31857700e-02,2.50553000e-02,1.86532700e-02,1.31141500e-02,3.75173500e-03,7.68265700e-05,1.81091200e-05,1.14430400e-05
1.13766080e+06,-7.74215000e+00,1.15389300e-05,1.82736000e-05,7.76951700e-05,3.78982100e-03,1.31190300e-02,1.86551800e-02,2.50553700e-02,3.31857700e-02,3.73079200e-02,3.31857700e-02,2.50553700e-02,1.86551800e-02,1.31190300e-02,3.78982100e-03,7.76951700e-05,1.82736000e-05,1.15389300e-05
1.14166080e+06,-7.74103900e+00,1.16350300e-05,1.84387300e-05,7.85720900e-05,3.82823100e-03,1.31239100e-02,1.86570800e-02,2.50554400e-02,3.31857700e-02,3.73079200e-02,3.31857700e-02,2.50554400e-02,1.86570800e-02,1.31239100e-02,3.82823100e-03,7.85720900e-05,1.84387300e-05,1.16350300e-05
1.14566080e+06,-7.74031900e+00,1.17313500e-05,1.86045300e-05,7.94574500e-05,3.86697200e-03,1.31288000e-02,1.86589800e-02,2.50555100e-02,3.31857700e-02,3.73079200e-02,3.31857700e-02,2.50555100e-02,1.86589800e-02,1.31288000e-02,3.86697200e-03,7.94574500e-05,1.86045300e-05,1.17313500e-05
1.14966080e+06,-7.73998900e+00,1.18278900e-05,1.87710000e-05,8.03514300e-05,3.90605100e-03,1.31337000e-02,1.86608800e-02,2.50555800e-02,3.31857700e-02,3.73079200e-02,3.31857700e-02,2.50555800e-02,1.86608800e-02,1.31337000e-02,3.90605100e-03,8.03514300e-05,1.87710000e-05,1.18278900e-05
1.15366080e+06,-7.74004400e+00,1.19246400e-05,1.89381400e-05,8.12541600e-05,3.94547400e-03,1.31386100e-02,1.86627700e-02,2.50556500e-02,3.31857700e-02,3.73079200e-02,3.31857700e-02,2.50556500e-02,1.86627700e-02,1.31386100e-02,3.94547400e-03,8.12541600e-05,1.89381400e-05,1.19246400e-05
1.15766080e+06,-7.74048000e+00,1.20216100e-05,1.91059500e-05,8.21658000e-05,3.98524700e-03,1.31435300e-02,1.86646500e-02,2.50557200e-02,3.31857700e-02,3.73079200e-02,3.31857700e-02,2.50557200e-02,1.86646500e-02,1.31435300e-02,3.98524700e-03,8.21658000e-05,1.91059500e-05,1.20216100e-05
1.16166080e+06,-7.74128800e+00,1.21188000e-05,1.92744400e-05,8.30865200e-05,4.02537800e-03,1.31484600e-02,1.86665300e-02,2.50557800e-02,3.31857700e-02,3.73079200e-02,3.31857700e-02,2.50557800e-02,1.86665300e-02,1.31484600e-02,4.02537800e-03,8.30865200e-05,1.92744400e-05,1.21188000e-05
1.16566080e+06,-7.74246000e+00,1.22162000e-05,1.94436200e-05,8.40164800e-05,4.06587300e-03,1.31534000e-02,1.86684100e-02,2.50558500e-02,3.31857700e-02,3.73079200e-02,3.31857700e-02,2.50558500e-02,1.86684100e-02,1.31534000e-02,4.06587300e-03,8.40164800e-05,1.94436200e-05,1.22162000e-05
1.16966080e+06,-7.74398300e+00,1.23138100e-05,1.96134900e-05,8.49558500e-05,4.10673900e-03,1.31583600e-02,1.86702800e-02,2.50559200e-02,3.31857700e-02,3.73079200e-02,3.31857700e-02,2.50559200e-02,1.86702800e-02,1.31583600e-02,4.10673900e-03,8.49558500e-05,1.96134900e-05,1.23138100e-05
1.17366080e+06,-7.74584500e+00,1.24116400e-05,1.97840400e-05,8.59048100e-05,4.14798400e-03,1.31633300e-02,1.86721500e-02,2.50559900e-02,3.31857700e-02,3.73079200e-02,3.31857700e-02,2.50559900e-02,1.86721500e-02,1.31633300e-02,4.14798400e-03,8.59048100e-05,1.97840400e-05,1.24116400e-05
1.17766080e+06,-7.74802900e+00,1.25096900e-05,1.99553000e-05,8.68635400e-05,4.18961600e-03,1.31683100e-02,1.86740200e-02,2.50560600e-02,3.31857700e-02,3.73079200e-02,3.31857700e-02,2.50560600e-02,1.86740200e-02,1.31683100e-02,4.18961600e-03,8.68635400e-05,1.99553000e-05,1.25096900e-05
1.18166080e+06,-7.75051900e+00,1.26079400e-05,2.01272600e-05,8.78322200e-05,4.23164100e-03,1.31733000e-02,1.86758800e-02,2.50561300e-02,3.31857700e-02,3.73079200e-02,3.31857700e-02,2.50561300e-02,1.86758800e-02,1.31733000e-02,4.23164100e-03,8.78322200e-05,2.01272600e-05,1.26079400e-05
1.18566080e+06,-7.75329500e+00,1.27064100e-05,2.02999400e-05,8.88110500e-05,4.27406800e-03,1.31783200e-02,1.86777400e-02,2.50561900e-02,3.31857700e-02,3.73079200e-02,3.31857700e-02,2.50561900e-02,1.86777400e-02,1.31783200e-02,4.27406800e-03,8.88110500e-05,2.02999400e-05,1.27064100e-05
1.18966080e+06,-7.75633800e+00,1.28050900e-05,2.04733200e-05,8.98002200e-05,4.31690500e-03,1.31833500e-02,1.86796000e-02,2.50562600e-02,3.31857700e-02,3.73079200e-02,3.31857700e-02,2.50562600e-02,1.86796000e-02,1.31833500e-02,4.31690500e-03,8.98002200e-05,2.04733200e-05,1.28050900e-05
1.19366080e+06,-7.75962800e+00,1.29039800e-05,2.06474300e-05,9.07999300e-05,4.36016100e-03,1.31883900e-02,1.86814500e-02,2.50563300e-02,3.31857700e-02,3.73079200e-02,3.31857700e-02,2.50563300e-02,1.86814500e-02,1.31883900e-02,4.36016100e-03,9.07999300e-05,2.06474300e-05,1.29039800e-05
1.19766080e+06,-7.76314300e+00,1.30030900e-05,2.08222600e-05,9.18103900e-05,4.40384300e-03,1.31934600e-02,1.86833100e-02,2.50563900e-02,3.31857700e-02,3.73079200e-02,3.31857700e-02,2.50563900e-02,1.86833100e-02,1.31934600e-02,4.40384300e-03,9.18103900e-05,2.08222600e-05,1.30030900e-05
1.20166080e+06,-7.76342500e+00,1.31024000e-05,2.09978300e-05,9.28318200e-05,4.44796000e-03,1.31985400e-02,1.86851600e-02,2.50564600e-02,3.31857700e-02,3.73079200e-02,3.31857700e-02,2.50564600e-02,1.86851600e-02,1.31985400e-02,4.44796000e-03,9.28318200e-05,2.09978300e-05,1.31024000e-05
1.20566080e+06,-7.75989100e+00,1.32019300e-05,2.11741300e-05,9.38644400e-05,4.49252100e-03,1.32036500e-02,1.86870000e-02,2.50565300e-02,3.31857700e-02,3.73079200e-02,3.31857700e-02,2.50565300e-02,1.86870000e-02,1.32036500e-02,4.49252100e-03,9.38644400e-05,2.11741300e-05,1.32019300e-05
1.20966080e+06,-7.75633200e+00,1.33016700e-05,2.13511800e-05,9.49084600e-05,4.53753600e-03,1.32087700e-02,1.86888500e-02,2.50566000e-02,3.31857700e-02,3.73079200e-02,3.31857700e-02,2.50566000e-02,1.86888500e-02,1.32087700e-02,4.53753600e-03,9.49084600e-05,2.13511800e-05,1.33016700e-05
1.21366080e+06,-7.75275400e+00,1.34016200e-05,2.15289800e-05,9.59641400e-05,4.58301500e-03,1.32139200e-02,1.86906900e-02,2.50566600e-02,3.31857700e-02,3.73079200e-02,3.31857700e-02,2.50566600e-02,1.86906900e-02,1.32139200e-02,4.58301500e-03,9.59641400e-05,2.15289800e-05,1.34016200e-05
1.21766080e+06,-7.74916500e+00,1.35017800e-05,2.17075400e-05,9.70317100e-05,4.62896500e-03,1.32190900e-02,1.86925400e-02,2.50567300e-02,3.31857700e-02,3.73079200e-02,3.31857700e-02,2.50567300e-02,1.86925400e-02,1.32190900e-02,4.62896500e-03,9.70317100e-05,2.17075400e-05,1.35017800e-05
1.22166080e+06,-7.74556800e+00,1.36021600e-05,2.18868600e-05,9.81114200e-05,4.67539800e-03,1.32242900e-02,1.86943800e-02,2.50567900e-02,3.31857700e-02,3.73079200e-02,3.31857700e-02,2.50567900e-02,1.86943800e-02,1.32242900e-02,4.67539800e-03,9.81114200e-05,2.18868600e-05,1.36021600e-05
1.22566080e+06,-7.74197000e+00,1.37027400e-05,2.20669600e-05,9.92035300e-05,4.72232400e-03,1.32295000e-02,1.86962200e-02,2.50568600e-02,3.31857700e-02,3.73079200e-02,3.31857700e-02,2.50568600e-02,1.86962200e-02,1.32295000e-02,4.72232400e-03,9.92035300e-05,2.20669600e-05,1.37027400e-05
1.22966080e+06,-7.73837500e+00,1.38035400e-05,2.22478300e-05,1.00308300e-04,4.76975300e-03,1.32347500e-02,1.86980600e-02,2.50569300e-02,3.31857700e-02,3.73079200e-02,3.31857700e-02,2.50569300e-02,1.86980600e-02,1.32347500e-02,4.76975300e-03,1.00308300e-04,2.22478300e-05,1.38035400e-05
1.23366080e+06,-7.73478700e+00,1.39045500e-05,2.24295000e-05,1.01426000e-04,4.81769700e-03,1.32400200e-02,1.86999000e-02,2.50569900e-02,3.31857800e-02,3.73079200e-02,3.31857800e-02,2.50569900e-02,1.86999000e-02,1.32400200e-02,4.81769700e-03,1.01426000e-04,2.24295000e-05,1.39045500e-05
1.23766080e+06,-7.73121100e+00,1.40057700e-05,2.26119600e-05,1.02556900e-04,4.86616500e-03,1.32453200e-02,1.87017400e-02,2.50570600e-02,3.31857800e-02,3.73079200e-02,3.31857800e-02,2.50570600e-02,1.87017400e-02,1.32453200e-02,4.86616500e-03,1.02556900e-04,2.26119600e-05,1.40057700e-05
1.24166080e+06,-7.72765100e+00,1.41072100e-05,2.27952200e-05,1.03701400e-04,4.91517000e-03,1.32506400e-02,1.87035800e-02,2.50571200e-02,3.31857800e-02,3.73079200e-02,3.31857800e-02,2.50571200e-02,1.87035800e-02,1.32506400e-02,4.91517000e-03,1.03701400e-04,2.27952200e-05,1.41072100e-05
1.24566080e+06,-7.72411000e+00,1.42088600e-05,2.29793000e-05,1.04859700e-04,4.96472400e-03,1.32560000e-02,1.87054200e-02,2.50571900e-02,3.31857800e-02,3.73079200e-02,3.31857800e-02,2.50571900e-02,1.87054200e-02,1.32560000e-02,4.96472400e-03,1.04859700e-04,2.29793000e-05,1.42088600e-05
1.24966080e+06,-7.72059200e+00,1.43107200e-05,2.31642000e-05,1.06032100e-04,5.01483700e-03,1.32613900e-02,1.87072600e-02,2.50572500e-02,3.31857800e-02,3.73079200e-02,3.31857800e-02,2.50572500e-02,1.87072600e-02,1.32613900e-02,5.01483700e-03,1.06032100e-04,2.31642000e-05,1.43107200e-05
1.25366080e+06,-7.71710100e+00,1.44127900e-05,2.33499200e-05,1.07219000e-04,5.06552400e-03,1.32668100e-02,1.87091000e-02,2.50573200e-02,3.31857800e-02,3.73079200e-02,3.31857800e-02,2.50573200e-02,1.87091000e-02,1.32668100e-02,5.06552400e-03,1.07219000e-04,2.33499200e-05,1.44127900e-05
1.25766080e+06,-7.71363900e+00,1.45150800e-05,2.35364900e-05,1.08420600e-04,5.11679600e-03,1.32722600e-02,1.87109400e-02,2.50573900e-02,3.31857800e-02,3.73079200e-02,3.31857800e-02,2.50573900e-02,1.87109400e-02,1.32722600e-02,5.11679600e-03,1.08420600e-04,2.35364900e-05,1.45150800e-05
1.26166080e+06,-7.71021100e+00,1.46175900e-05,2.37239100e-05,1.09637500e-04,5.16866700e-03,1.32777500e-02,1.87127800e-02,2.50574500e-02,3.31857800e-02,3.73079200e-02,3.31857800e-02,2.50574500e-02,1.87127800e-02,1.32777500e-02,5.16866700e-03,1.09637500e-04,2.37239100e-05,1.46175900e-05
1.26566080e+06,-7.70682100e+00,1.47203100e-05,2.39121900e-05,1.10869800e-04,5.22115000e-03,1.32832700e-02,1.87146200e-02,2.50575200e-02,3.31857800e-02,3.73079200e-02,3.31857800e-02,2.50575200e-02,1.87146200e-02,1.32832700e-02,5.22115000e-03,1.10869800e-04,2.39121900e-05,1.47203100e-05
1.26966080e+06,-7.70347400e+00,1.48232400e-05,2.41013400e-05,1.12118000e-04,5.27425900e-03,1.32888300e-02,1.87164600e-02,2.50575800e-02,3.31857800e-02,3.73079200e-02,3.31857800e-02,2.50575800e-02,1.87164600e-02,1.32888300e-02,5.27425900e-03,1.12118000e-04,2.41013400e-05,1.48232400e-05
1.27366080e+06,-7.70017500e+00,1.49264000e-05,2.42913700e-05,1.13382500e-04,5.32800800e-03,1.32944300e-02,1.87183100e-02,2.50576500e-02,3.31857800e-02,3.73079200e-02,3.31857800e-02,2.50576500e-02,1.87183100e-02,1.32944300e-02,5.32800800e-03,1.13382500e-04,2.42913700e-05,1.49264000e-05
1.27766080e+06,-7.69692900e+00,1.50297700e-05,2.44822900e-05,1.14663700e-04,5.38241200e-03,1.33000700e-02,1.87201500e-02,2.50577100e-02,3.31857800e-02,3.73079200e-02,3.31857800e-02,2.50577100e-02,1.87201500e-02,1.33000700e-02,5.38241200e-03,1.14663700e-04,2.44822900e-05,1.50297700e-05
1.28166080e+06,-7.69374500e+00,1.51333600e-05,2.46741100e-05,1.15962000e-04,5.43748600e-03,1.33057500e-02,1.87220000e-02,2.50577800e-02,3.31857800e-02,3.73079200e-02,3.31857800e-02,2.50577800e-02,1.87220000e-02,1.33057500e-02,5.43748600e-03,1.15962000e-04,2.46741100e-05,1.51333600e-05
1.28566080e+06,-7.69063100e+00,1.52371800e-05,2.48668500e-05,1.17277800e-04,5.49324400e-03,1.33114700e-02,1.87238500e-02,2.50578400e-02,3.31857800e-02,3.73079200e-02,3.31857800e-02,2.50578400e-02,1.87238500e-02,1.33114700e-02,5.49324400e-03,1.17277800e-04,2.48668500e-05,1.52371800e-05
1.28966080e+06,-7.68759700e+00,1.53412100e-05,2.50605200e-05,1.18611500e-04,5.54970300e-03,1.33172400e-02,1.87257000e-02,2.50579100e-02,3.31857800e-02,3.73079200e-02,3.31857800e-02,2.50579100e-02,1.87257000e-02,1.33172400e-02,5.54970300e-03,1.18611500e-04,2.50605200e-05,1.53412100e-05
1.29366080e+06,-7.68465600e+00,1.54454600e-05,2.52551200e-05,1.19963800e-04,5.60687900e-03,1.33230500e-02,1.87275500e-02,2.50579700e-02,3.31857800e-02,3.73079200e-02,3.31857800e-02,2.50579700e-02,1.87275500e-02,1.33230500e-02,5.60687900e-03,1.19963800e-04,2.52551200e-05,1.54454600e-05
1.29766080e+06,-7.68182200e+00,1.55499400e-05,2.54506800e-05,1.21334900e-04,5.66478700e-03,1.33289000e-02,1.87294100e-02,2.50580300e-02,3.31857800e-02,3.73079200e-02,3.31857800e-02,2.50580300e-02,1.87294100e-02,1.33289000e-02,5.66478700e-03,1.21334900e-04,2.54506800e-05,1.55499400e-05
1.30166080e+06,-7.67911300e+00,1.56546500e-05,2.56472100e-05,1.22725600e-04,5.72344500e-03,1.33348100e-02,1.87312700e-02,2.50581000e-02,3.31857800e-02,3.73079200e-02,3.31857800e-02,2.50581000e-02,1.87312700e-02,1.33348100e-02,5.72344500e-03,1.22725600e-04,2.56472100e-05,1.56546500e-05
1.30566080e+06,-7.67655000e+00,1.57595800e-05,2.58447200e-05,1.24136200e-04,5.78286900e-03,1.33407700e-02,1.87331300e-02,2.50581600e-02,3.31857800e-02,3.73079200e-02,3.31857800e-02,2.50581600e-02,1.87331300e-02,1.33407700e-02,5.78286900e-03,1.24136200e-04,2.58447200e-05,1.57595800e-05
1.30966080e+06,-7.67415900e+00,1.58647400e-05,2.60432200e-05,1.25567300e-04,5.84307600e-03,1.33467800e-02,1.87350000e-02,2.50582300e-02,3.31857800e-02,3.73079200e-02,3.31857800e-02,2.50582300e-02,1.87350000e-02,1.33467800e-02,5.84307600e-03,1.25567300e-04,2.60432200e-05,1.58647400e-05
1.31366080e+06,-7.67196800e+00,1.59701200e-05,2.62427300e-05,1.27019500e-04,5.90408300e-03,1.33528400e-02,1.87368700e-02,2.50582900e-02,3.31857800e-02,3.73079200e-02,3.31857800e-02,2.50582900e-02,1.87368700e-02,1.33528400e-02,5.90408300e-03,1.27019500e-04,2.62427300e-05,1.59701200e-05
1.31766080e+06,-7.67001400e+00,1.60757400e-05,2.64432600e-05,1.28493400e-04,5.96590800e-03,1.33589600e-02,1.87387400e-02,2.50583600e-02,3.31857800e-02,3.73079200e-02,3.31857800e-02,2.50583600e-02,1.87387400e-02,1.33589600e-02,5.96590800e-03,1.28493400e-04,2.64432600e-05,1.60757400e-05
1.32166080e+06,-7.66833600e+00,1.61815900e-05,2.66448400e-05,1.29989700e-04,6.02856700e-03,1.33651400e-02,1.87406200e-02,2.50584200e-02,3.31857800e-02,3.73079200e-02,3.31857800e-02,2.50584200e-02,1.87406200e-02,1.33651400e-02,6.02856700e-03,1.29989700e-04,2.66448400e-05,1.61815900e-05
1.32566080e+06,-7.66698200e+00,1.62876700e-05,2.68474700e-05,1.31508900e-04,6.09207800e-03,1.33713700e-02,1.87425000e-02,2.50584900e-02,3.31857800e-02,3.73079200e-02,3.31857800e-02,2.50584900e-02,1.87425000e-02,1.33713700e-02,6.09207800e-03,1.31508900e-04,2.68474700e-05,1.62876700e-05
1.32966080e+06,-7.66600700e+00,1.63939900e-05,2.70511800e-05,1.33051700e-04,6.15645700e-03,1.33776700e-02,1.87443900e-02,2.50585500e-02,3.31857800e-02,3.73079200e-02,3.31857800e-02,2.50585500e-02,1.87443900e-02,1.33776700e-02,6.15645700e-03,1.33051700e-04,2.70511800e-05,1.63939900e-05
1.33366080e+06,-7.66547400e+00,1.65005500e-05,2.72559800e-05,1.34618900e-04,6.22172000e-03,1.33840400e-02,1.87462800e-02,2.50586200e-02,3.31857800e-02,3.73079200e-02,3.31857800e-02,2.50586200e-02,1.87462800e-02,1.33840400e-02,6.22172000e-03,1.34618900e-04,2.72559800e-05,1.65005500e-05
1.33766080e+06,-7.66545200e+00,1.66073400e-05,2.74618800e-05,1.36211200e-04,6.28788400e-03,1.33904700e-02,1.87481800e-02,2.50586800e-02,3.31857800e-02,3.73079200e-02,3.31857800e-02,2.50586800e-02,1.87481800e-02,1.33904700e-02,6.28788400e-03,1.36211200e-04,2.74618800e-05,1.66073400e-05
1.34166080e+06,-7.66602000e+00,1.67143800e-05,2.76689100e-05,1.37829300e-04,6.35496200e-03,1.33969700e-02,1.87500800e-02,2.50587500e-02,3.31857800e-02,3.73079200e-02,3.31857800e-02,2.50587500e-02,1.87500800e-02,1.33969700e-02,6.35496200e-03,1.37829300e-04,2.76689100e-05,1.67143800e-05
1.34566080e+06,-7.66726100e+00,1.68216600e-05,2.78770900e-05,1.39474100e-04,6.42296800e-03,1.34035400e-02,1.87519900e-02,2.50588100e-02,3.31857800e-02,3.73079200e-02,3.31857800e-02,2.50588100e-02,1.87519900e-02,1.34035400e-02,6.42296800e-03,1.39474100e-04,2.78770900e-05,1.68216600e-05
1.34966080e+06,-7.66926600e+00,1.69291900e-05,2.80864300e-05,1.41146500e-04,6.49191400e-03,1.34101800e-02,1.87539000e-02,2.50588700e-02,3.31857800e-02,3.73079200e-02,3.31857800e-02,2.50588700e-02,1.87539000e-02,1.34101800e-02,6.49191400e-03,1.41146500e-04,2.80864300e-05,1.69291900e-05
1.35366080e+06,-7.67212700e+00,1.70369600e-05,2.82969600e-05,1.42847200e-04,6.56181000e-03,1.34169000e-02,1.87558200e-02,2.50589400e-02,3.31857800e-02,3.73079200e-02,3.31857800e-02,2.50589400e-02,1.87558200e-02,1.34169000e-02,6.56181000e-03,1.42847200e-04,2.82969600e-05,1.70369600e-05
1.35766080e+06,-7.67593800e+00,1.71449800e-05,2.85087000e-05,1.44577300e-04,6.63266100e-03,1.34237000e-02,1.87577500e-02,2.50590000e-02,3.31857800e-02,3.73079200e-02,3.31857800e-02,2.50590000e-02,1.87577500e-02,1.34237000e-02,6.63266100e-03,1.44577300e-04,2.85087000e-05,1.71449800e-05
1.36166080e+06,-7.68078600e+00,1.72532600e-05,2.87216600e-05,1.46337600e-04,6.70447300e-03,1.34305900e-02,1.87596800e-02,2.50590700e-02,3.31857800e-02,3.73079200e-02,3.31857800e-02,2.50590700e-02,1.87596800e-02,1.34305900e-02,6.70447300e-03,1.46337600e-04,2.87216600e-05,1.72532600e-05
1.36566080e+06,-7.68675000e+00,1.73617900e-05,2.89358600e-05,1.48129300e-04,6.77724500e-03,1.34375500e-02,1.87616200e-02,2.50591300e-02,3.31857800e-02,3.73079200e-02,3.31857800e-02,2.50591300e-02,1.87616200e-02,1.34375500e-02,6.77724500e-03,1.48129300e-04,2.89358600e-05,1.73617900e-05
1.36966080e+06,-7.69389300e+00,1.74705700e-05,2.91513400e-05,1.49953400e-04,6.85097100e-03,1.34446100e-02,1.87635700e-02,2.50592000e-02,3.31857800e-02,3.73079200e-02,3.31857800e-02,2.50592000e-02,1.87635700e-02,1.34446100e-02,6.85097100e-03,1.49953400e-04,2.91513400e-05,1.74705700e-05
1.37366080e+06,-7.70225700e+00,1.75796200e-05,2.93681100e-05,1.51811000e-04,6.92564100e-03,1.34517600e-02,1.87655200e-02,2.50592600e-02,3.31857800e-02,3.73079200e-02,3.31857800e-02,2.50592600e-02,1.87655200e-02,1.34517600e-02,6.92564100e-03,1.51811000e-04,2.93681100e-05,1.75796200e-05
1.37766080e+06,-7.71185700e+00,1.76889200e-05,2.95861900e-05,1.53703400e-04,7.00123700e-03,1.34590100e-02,1.87674800e-02,2.50593300e-02,3.31857800e-02,3.73079200e-02,3.31857800e-02,2.50593300e-02,1.87674800e-02,1.34590100e-02,7.00123700e-03,1.53703400e-04,2.95861900e-05,1.76889200e-05
1.38166080e+06,-7.71593700e+00,1.77984900e-05,2.98056100e-05,1.55631700e-04,7.07773300e-03,1.34663500e-02,1.87694500e-02,2.50593900e-02,3.31857800e-02,3.73079200e-02,3.31857800e-02,2.50593900e-02,1.87694500e-02,1.34663500e-02,7.07773300e-03,1.55631700e-04,2.98056100e-05,1.77984900e-05
1.38566080e+06,-7.71120800e+00,1.79083300e-05,3.00264000e-05,1.57597200e-04,7.15509300e-03,1.34738000e-02,1.87714300e-02,2.50594600e-02,3.31857800e-02,3.73079200e-02,3.31857800e-02,2.50594600e-02,1.87714300e-02,1.34738000e-02,7.15509300e-03,1.57597200e-04,3.00264000e-05,1.79083300e-05
1.38966080e+06,-7.70682300e+00,1.80184300e-05,3.02485700e-05,1.59601500e-04,7.23326900e-03,1.34813600e-02,1.87734200e-02,2.50595200e-02,3.31857800e-02,3.73079200e-02,3.31857800e-02,2.50595200e-02,1.87734200e-02,1.34813600e-02,7.23326900e-03,1.59601500e-04,3.02485700e-05,1.80184300e-05
1.39366080e+06,-7.70284700e+00,1.81288100e-05,3.04721500e-05,1.61645900e-04,7.31220300e-03,1.34890300e-02,1.87754200e-02,2.50595900e-02,3.31857800e-02,3.73079200e-02,3.31857800e-02,2.50595900e-02,1.87754200e-02,1.34890300e-02,7.31220300e-03,1.61645900e-04,3.04721500e-05,1.81288100e-05
1.39766080e+06,-7.69935300e+00,1.82394600e-05,3.06971600e-05,1.63732000e-04,7.39181900e-03,1.34968100e-02,1.87774200e-02,2.50596500e-02,3.31857800e-02,3.73079200e-02,3.31857800e-02,2.50596500e-02,1.87774200e-02,1.34968100e-02,7.39181900e-03,1.63732000e-04,3.06971600e-05,1.82394600e-05
1.40166080e+06,-7.69641800e+00,1.83503900e-05,3.09236400e-05,1.65861400e-04,7.47202900e-03,1.35047200e-02,1.87794400e-02,2.50597200e-02,3.31857800e-02,3.73079200e-02,3.31857800e-02,2.50597200e-02,1.87794400e-02,1.35047200e-02,7.47202900e-03,1.65861400e-04,3.09236400e-05,1.83503900e-05
1.40566080e+06,-7.69412700e+00,1.84615900e-05,3.11515900e-05,1.68035900e-04,7.55272300e-03,1.35127500e-02,1.87814600e-02,2.50597800e-02,3.31857800e-02,3.73079200e-02,3.31857800e-02,2.50597800e-02,1.87814600e-02,1.35127500e-02,7.55272300e-03,1.68035900e-04,3.11515900e-05,1.84615900e-05
1.40966080e+06,-7.69257000e+00,1.85730700e-05,3.13810600e-05,1.70257300e-04,7.63377700e-03,1.35209200e-02,1.87835000e-02,2.50598500e-02,3.31857800e-02,3.73079200e-02,3.31857800e-02,2.50598500e-02,1.87835000e-02,1.35209200e-02,7.63377700e-03,1.70257300e-04,3.13810600e-05,1.85730700e-05
1.41366080e+06,-7.69183600e+00,1.86848400e-05,3.16120700e-05,1.72527500e-04,7.71504700e-03,1.35292200e-02,1.87855400e-02,2.50599200e-02,3.31857800e-02,3.73079200e-02,3.31857800e-02,2.50599200e-02,1.87855400e-02,1.35292200e-02,7.71504700e-03,1.72527500e-04,3.16120700e-05,1.86848400e-05
1.41766080e+06,-7.68870600e+00,1.87969000e-05,3.18446300e-05,1.74848700e-04,7.79637100e-03,1.35376600e-02,1.87876000e-02,2.50599800e-02,3.31857800e-02,3.73079200e-02,3.31857800e-02,2.50599800e-02,1.87876000e-02,1.35376600e-02,7.79637100e-03,1.74848700e-04,3.18446300e-05,1.87969000e-05
1.42166080e+06,-7.68364400e+00,1.89092400e-05,3.20787700e-05,1.77222900e-04,7.87756800e-03,1.35462500e-02,1.87896700e-02,2.50600500e-02,3.31857800e-02,3.73079200e-02,3.31857800e-02,2.50600500e-02,1.87896700e-02,1.35462500e-02,7.87756800e-03,1.77222900e-04,3.20787700e-05,1.89092400e-05
1.42566080e+06,-7.67903800e+00,1.90218800e-05,3.23145200e-05,1.79652400e-04,7.95844600e-03,1.35550000e-02,1.87917500e-02,2.50601100e-02,3.31857800e-02,3.73079200e-02,3.31857800e-02,2.50601100e-02,1.87917500e-02,1.35550000e-02,7.95844600e-03,1.79652400e-04,3.23145200e-05,1.90218800e-05
1.42966080e+06,-7.67497100e+00,1.91348100e-05,3.25519000e-05,1.82139600e-04,8.03880000e-03,1.35639100e-02,1.87938400e-02,2.50601800e-02,3.31857800e-02,3.73079200e-02,3.31857800e-02,2.50601800e-02,1.87938400e-02,1.35639100e-02,8.03880000e-03,1.82139600e-04,3.25519000e-05,1.91348100e-05
1.43366080e+06,-7.67153000e+00,1.92480300e-05,3.27909300e-05,1.84686900e-04,8.11842100e-03,1.35729900e-02,1.87959500e-02,2.50602500e-02,3.31857800e-02,3.73079200e-02,3.31857800e-02,2.50602500e-02,1.87959500e-02,1.35729900e-02,8.11842100e-03,1.84686900e-04,3.27909300e-05,1.92480300e-05
1.43766080e+06,-7.66881000e+00,1.93615600e-05,3.30316300e-05,1.87297000e-04,8.19709800e-03,1.35822500e-02,1.87980600e-02,2.50603100e-02,3.31857800e-02,3.73079200e-02,3.31857800e-02,2.50603100e-02,1.87980600e-02,1.35822500e-02,8.19709800e-03,1.87297000e-04,3.30316300e-05,1.93615600e-05
1.44166080e+06,-7.66691100e+00,1.94753800e-05,3.32740200e-05,1.89972400e-04,8.27462600e-03,1.35916900e-02,1.88001900e-02,2.50603800e-02,3.31857800e-02,3.73079200e-02,3.31857800e-02,2.50603800e-02,1.88001900e-02,1.35916900e-02,8.27462600e-03,1.89972400e-04,3.32740200e-05,1.94753800e-05
1.44566080e+06,-7.66593700e+00,1.95895100e-05,3.35181200e-05,1.92715700e-04,8.35081300e-03,1.36013100e-02,1.88023300e-02,2.50604500e-02,3.31857800e-02,3.73079200e-02,3.31857800e-02,2.50604500e-02,1.88023300e-02,1.36013100e-02,8.35081300e-03,1.92715700e-04,3.35181200e-05,1.95895100e-05
1.44966080e+06,-7.66599500e+00,1.97039400e-05,3.37639500e-05,1.95529700e-04,8.42548300e-03,1.36111400e-02,1.88044900e-02,2.50605100e-02,3.31857800e-02,3.73079200e-02,3.31857800e-02,2.50605100e-02,1.88044900e-02,1.36111400e-02,8.42548300e-03,1.95529700e-04,3.37639500e-05,1.97039400e-05
1.45366080e+06,-7.66718800e+00,1.98186800e-05,3.40115100e-05,1.98417000e-04,8.49848200e-03,1.36211700e-02,1.88066600e-02,2.50605800e-02,3.31857800e-02,3.73079200e-02,3.31857800e-02,2.50605800e-02,1.88066600e-02,1.36211700e-02,8.49848200e-03,1.98417000e-04,3.40115100e-05,1.98186800e-05
1.45766080e+06,-7.66961400e+00,1.99337200e-05,3.42608300e-05,2.01380100e-04,8.56968200e-03,1.36314000e-02,1.88088400e-02,2.50606500e-02,3.31857800e-02,3.73079200e-02,3.31857800e-02,2.50606500e-02,1.88088400e-02,1.36314000e-02,8.56968200e-03,2.01380100e-04,3.42608300e-05,1.99337200e-05
1.46166080e+06,-7.67336000e+00,2.00490800e-05,3.45119000e-05,2.04421400e-04,8.63898100e-03,1.36418500e-02,1.88110400e-02,2.50607100e-02,3.31857800e-02,3.73079200e-02,3.31857800e-02,2.50607100e-02,1.88110400e-02,1.36418500e-02,8.63898100e-03,2.04421400e-04,3.45119000e-05,2.00490800e-05
1.46566080e+06,-7.67849500e+00,2.01647400e-05,3.47647500e-05,2.07543300e-04,8.70630100e-03,1.36525200e-02,1.88132500e-02,2.50607800e-02,3.31857800e-02,3.73079200e-02,3.31857800e-02,2.50607800e-02,1.88132500e-02,1.36525200e-02,8.70630100e-03,2.07543300e-04,3.47647500e-05,2.01647400e-05
1.46966080e+06,-7.68506800e+00,2.02807200e-05,3.50193800e-05,2.10747900e-04,8.77159300e-03,1.36634100e-02,1.88154700e-02,2.50608500e-02,3.31857800e-02,3.73079200e-02,3.31857800e-02,2.50608500e-02,1.88154700e-02,1.36634100e-02,8.77159300e-03,2.10747900e-04,3.50193800e-05,2.02807200e-05
1.47366080e+06,-7.69309700e+00,2.03970100e-05,3.52757800e-05,2.14036900e-04,8.83482900e-03,1.36745300e-02,1.88177100e-02,2.50609200e-02,3.31857800e-02,3.73079200e-02,3.31857800e-02,2.50609200e-02,1.88177100e-02,1.36745300e-02,8.83482900e-03,2.14036900e-04,3.52757800e-05,2.03970100e-05
1.47766080e+06,-7.70150700e+00,2.05136100e-05,3.55339700e-05,2.17411900e-04,8.89600000e-03,1.36858800e-02,1.88199600e-02,2.50609800e-02,3.31857800e-02,3.73079200e-02,3.31857800e-02,2.50609800e-02,1.88199600e-02,1.36858800e-02,8.89600000e-03,2.17411900e-04,3.55339700e-05,2.05136100e-05
1.48166080e+06,-7.69613300e+00,2.06305300e-05,3.57939400e-05,2.20874200e-04,8.95511600e-03,1.36974500e-02,1.88222300e-02,2.50610500e-02,3.31857800e-02,3.73079200e-02,3.31857800e-02,2.50610500e-02,1.88222300e-02,1.36974500e-02,8.95511600e-03,2.20874200e-04,3.57939400e-05,2.06305300e-05
1.48566080e+06,-7.69115700e+00,2.07477600e-05,3.60557000e-05,2.24424700e-04,9.01220100e-03,1.37092500e-02,1.88245100e-02,2.50611200e-02,3.31857800e-02,3.73079200e-02,3.31857800e-02,2.50611200e-02,1.88245100e-02,1.37092500e-02,9.01220100e-03,2.24424700e-04,3.60557000e-05,2.07477600e-05
1.48966080e+06,-7.68659300e+00,2.08653100e-05,3.63192300e-05,2.28064200e-04,9.06729200e-03,1.37212700e-02,1.88268000e-02,2.50611900e-02,3.31857800e-02,3.73079200e-02,3.31857800e-02,2.50611900e-02,1.88268000e-02,1.37212700e-02,9.06729200e-03,2.28064200e-04,3.63192300e-05,2.08653100e-05
1.49366080e+06,-7.68244800e+00,2.09831700e-05,3.65845400e-05,2.31793000e-04,9.12043500e-03,1.37335200e-02,1.88291100e-02,2.50612600e-02,3.31857800e-02,3.73079200e-02,3.31857800e-02,2.50612600e-02,1.88291100e-02,1.37335200e-02,9.12043500e-03,2.31793000e-04,3.65845400e-05,2.09831700e-05
1.49766080e+06,-7.67872400e+00,2.11013500e-05,3.68516300e-05,2.35611200e-04,9.17168200e-03,1.37459900e-02,1.88314400e-02,2.50613300e-02,3.31857800e-02,3.73079200e-02,3.31857800e-02,2.50613300e-02,1.88314400e-02,1.37459900e-02,9.17168200e-03,2.35611200e-04,3.68516300e-05,2.11013500e-05
1.50166080e+06,-7.67541800e+00,2.12198400e-05,3.71204800e-05,2.39518900e-04,9.22109300e-03,1.37586800e-02,1.88337800e-02,2.50613900e-02,3.31857800e-02,3.73079200e-02,3.31857800e-02,2.50613900e-02,1.88337800e-02,1.37586800e-02,9.22109300e-03,2.39518900e-04,3.71204800e-05,2.12198400e-05
1.50566080e+06,-7.67252100e+00,2.13386500e-05,3.73910900e-05,2.43515800e-04,9.26873300e-03,1.37715700e-02,1.88361400e-02,2.50614600e-02,3.31857800e-02,3.73079200e-02,3.31857800e-02,2.50614600e-02,1.88361400e-02,1.37715700e-02,9.26873300e-03,2.43515800e-04,3.73910900e-05,2.13386500e-05
1.50966080e+06,-7.67002300e+00,2.14577700e-05,3.76634600e-05,2.47601500e-04,9.31466900e-03,1.37846700e-02,1.88385100e-02,2.50615300e-02,3.31857800e-02,3.73079200e-02,3.31857800e-02,2.50615300e-02,1.88385100e-02,1.37846700e-02,9.31466900e-03,2.47601500e-04,3.76634600e-05,2.14577700e-05
1.51366080e+06,-7.66791400e+00,2.15772100e-05,3.79375800e-05,2.51775500e-04,9.35897100e-03,1.37979700e-02,1.88408900e-02,2.50616000e-02,3.31857800e-02,3.73079200e-02,3.31857800e-02,2.50616000e-02,1.88408900e-02,1.37979700e-02,9.35897100e-03,2.51775500e-04,3.79375800e-05,2.15772100e-05
1.51766080e+06,-7.66618000e+00,2.16969600e-05,3.82134500e-05,2.56037500e-04,9.40170900e-03,1.38114700e-02,1.88432900e-02,2.50616700e-02,3.31857800e-02,3.73079200e-02,3.31857800e-02,2.50616700e-02,1.88432900e-02,1.38114700e-02,9.40170900e-03,2.56037500e-04,3.82134500e-05,2.16969600e-05
1.52166080e+06,-7.66481300e+00,2.18170300e-05,3.84910600e-05,2.60386700e-04,9.44295700e-03,1.38251500e-02,1.88457100e-02,2.50617400e-02,3.31857800e-02,3.73079200e-02,3.31857800e-02,2.50617400e-02,1.88457100e-02,1.38251500e-02,9.44295700e-03,2.60386700e-04,3.84910600e-05,2.18170300e-05
1.52566080e+06,-7.66380400e+00,2.19374200e-05,3.87704100e-05,2.64822800e-04,9.48278500e-03,1.38390200e-02,1.88481400e-02,2.50618100e-02,3.31857800e-02,3.73079200e-02,3.31857800e-02,2.50618100e-02,1.88481400e-02,1.38390200e-02,9.48278500e-03,2.64822800e-04,3.87704100e-05,2.19374200e-05
1.52966080e+06,-7.66315100e+00,2.20581200e-05,3.90515100e-05,2.69345300e-04,9.52126300e-03,1.38530700e-02,1.88505900e-02,2.50618800e-02,3.31857800e-02,3.73079200e-02,3.31857800e-02,2.50618800e-02,1.88505900e-02,1.38530700e-02,9.52126300e-03,2.69345300e-04,3.90515100e-05,2.20581200e-05
1.53366080e+06,-7.66285500e+00,2.21791400e-05,3.93343400e-05,2.73953600e-04,9.55846200e-03,1.38672900e-02,1.88530600e-02,2.50619500e-02,3.31857800e-02,3.73079200e-02,3.31857800e-02,2.50619500e-02,1.88530600e-02,1.38672900e-02,9.55846200e-03,2.73953600e-04,3.93343400e-05,2.21791400e-05
1.53766080e+06,-7.66292400e+00,2.23004700e-05,3.96189100e-05,2.78647400e-04,9.59444700e-03,1.38816700e-02,1.88555400e-02,2.50620200e-02,3.31857800e-02,3.73079200e-02,3.31857800e-02,2.50620200e-02,1.88555400e-02,1.38816700e-02,9.59444700e-03,2.78647400e-04,3.96189100e-05,2.23004700e-05
1.54166080e+06,-7.66337300e+00,2.24221300e-05,3.99052200e-05,2.83426500e-04,9.62928600e-03,1.38962200e-02,1.88580300e-02,2.50620900e-02,3.31857800e-02,3.73079200e-02,3.31857800e-02,2.50620900e-02,1.88580300e-02,1.38962200e-02,9.62928600e-03,2.83426500e-04,3.99052200e-05,2.24221300e-05
1.54566080e+06,-7.66422300e+00,2.25441000e-05,4.01932700e-05,2.88290600e-04,9.66303900e-03,1.39109300e-02,1.88605500e-02,2.50621600e-02,3.31857800e-02,3.73079200e-02,3.31857800e-02,2.50621600e-02,1.88605500e-02,1.39109300e-02,9.66303900e-03,2.88290600e-04,4.01932700e-05,2.25441000e-05
1.54966080e+06,-7.66550500e+00,2.26663900e-05,4.04830700e-05,2.93239500e-04,9.69576700e-03,1.39257900e-02,1.88630800e-02,2.50622300e-02,3.31857800e-02,3.73079200e-02,3.31857800e-02,2.50622300e-02,1.88630800e-02,1.39257900e-02,9.69576700e-03,2.93239500e-04,4.04830700e-05,2.26663900e-05
1.55366080e+06,-7.66725700e+00,2.27890000e-05,4.07746100e-05,2.98273100e-04,9.72752700e-03,1.39408100e-02,1.88656200e-02,2.50623100e-02,3.31857800e-02,3.73079200e-02,3.31857800e-02,2.50623100e-02,1.88656200e-02,1.39408100e-02,9.72752700e-03,2.98273100e-04,4.07746100e-05,2.27890000e-05
1.55766080e+06,-7.66952400e+00,2.29119300e-05,4.10679100e-05,3.03391400e-04,9.75837400e-03,1.39559700e-02,1.88681900e-02,2.50623800e-02,3.31857800e-02,3.73079200e-02,3.31857800e-02,2.50623800e-02,1.88681900e-02,1.39559700e-02,9.75837400e-03,3.03391400e-04,4.10679100e-05,2.29119300e-05
1.56166080e+06,-7.67235900e+00,2.30351900e-05,4.13629700e-05,3.08594400e-04,9.78835800e-03,1.39712700e-02,1.88707700e-02,2.50624500e-02,3.31857800e-02,3.73079200e-02,3.31857800e-02,2.50624500e-02,1.88707700e-02,1.39712700e-02,9.78835800e-03,3.08594400e-04,4.13629700e-05,2.30351900e-05
1.56566080e+06,-7.67582400e+00,2.31587700e-05,4.16598000e-05,3.13882400e-04,9.81752900e-03,1.39867100e-02,1.88733700e-02,2.50625200e-02,3.31857800e-02,3.73079200e-02,3.31857800e-02,2.50625200e-02,1.88733700e-02,1.39867100e-02,9.81752900e-03,3.13882400e-04,4.16598000e-05,2.31587700e-05
1.56966080e+06,-7.67998100e+00,2.32826700e-05,4.19583900e-05,3.19255300e-04,9.84593200e-03,1.40022800e-02,1.88759900e-02,2.50625900e-02,3.31857800e-02,3.73079200e-02,3.31857800e-02,2.50625900e-02,1.88759900e-02,1.40022800e-02,9.84593200e-03,3.19255300e-04,4.19583900e-05,2.32826700e-05
1.57366080e+06,-7.68489700e+00,2.34068900e-05,4.22587700e-05,3.24713500e-04,9.87361000e-03,1.40179900e-02,1.88786300e-02,2.50626700e-02,3.31857800e-02,3.73079200e-02,3.31857800e-02,2.50626700e-02,1.88786300e-02,1.40179900e-02,9.87361000e-03,3.24713500e-04,4.22587700e-05,2.34068900e-05
1.57766080e+06,-7.69063700e+00,2.35314400e-05,4.25609200e-05,3.30257100e-04,9.90060500e-03,1.40338300e-02,1.88812800e-02,2.50627400e-02,3.31857800e-02,3.73079200e-02,3.31857800e-02,2.50627400e-02,1.88812800e-02,1.40338300e-02,9.90060500e-03,3.30257100e-04,4.25609200e-05,2.35314400e-05
1.58166080e+06,-7.69726300e+00,2.36563200e-05,4.28648700e-05,3.35886500e-04,9.92695200e-03,1.40497900e-02,1.88839500e-02,2.50628100e-02,3.31857800e-02,3.73079200e-02,3.31857800e-02,2.50628100e-02,1.88839500e-02,1.40497900e-02,9.92695200e-03,3.35886500e-04,4.28648700e-05,2.36563200e-05
1.58566080e+06,-7.70482700e+00,2.37815200e-05,4.31706100e-05,3.41601900e-04,9.95268900e-03,1.40658700e-02,1.88866500e-02,2.50628900e-02,3.31857800e-02,3.73079200e-02,3.31857800e-02,2.50628900e-02,1.88866500e-02,1.40658700e-02,9.95268900e-03,3.41601900e-04,4.31706100e-05,2.37815200e-05
1.58966080e+06,-7.71336600e+00,2.39070500e-05,4.34781500e-05,3.47403600e-04,9.97784700e-03,1.40820700e-02,1.88893600e-02,2.50629600e-02,3.31857800e-02,3.73079200e-02,3.31857800e-02,2.50629600e-02,1.88893600e-02,1.40820700e-02,9.97784700e-03,3.47403600e-04,4.34781500e-05,2.39070500e-05
1.59366080e+06,-7.72290300e+00,2.40329100e-05,4.37875100e-05,3.53291900e-04,1.00024600e-02,1.40983900e-02,1.88920900e-02,2.50630300e-02,3.31857800e-02,3.73079200e-02,3.31857800e-02,2.50630300e-02,1.88920900e-02,1.40983900e-02,1.00024600e-02,3.53291900e-04,4.37875100e-05,2.40329100e-05
1.59766080e+06,-7.72791700e+00,2.41590900e-05,4.40986700e-05,3.59267200e-04,1.00265500e-02,1.41148200e-02,1.88948400e-02,2.50631100e-02,3.31857800e-02,3.73079200e-02,3.31857800e-02,2.50631100e-02,1.88948400e-02,1.41148200e-02,1.00265500e-02,3.59267200e-04,4.40986700e-05,2.41590900e-05
1.60166080e+06,-7.72358400e+00,2.42856100e-05,4.44116500e-05,3.65329600e-04,1.00501500e-02,1.41313500e-02,1.88976200e-02,2.50631800e-02,3.31857800e-02,3.73079200e-02,3.31857800e-02,2.50631800e-02,1.88976200e-02,1.41313500e-02,1.00501500e-02,3.65329600e-04,4.44116500e-05,2.42856100e-05
1.60566080e+06,-7.71957200e+00,2.44124500e-05,4.47264600e-05,3.71479500e-04,1.00732900e-02,1.41479900e-02,1.89004100e-02,2.50632600e-02,3.31857800e-02,3.73079200e-02,3.31857800e-02,2.50632600e-02,1.89004100e-02,1.41479900e-02,1.00732900e-02,3.71479500e-04,4.47264600e-05,2.44124500e-05
1.60966080e+06,-7.71588200e+00,2.45396200e-05,4.50430900e-05,3.77717200e-04,1.00959800e-02,1.41647300e-02,1.89032200e-02,2.50633300e-02,3.31857800e-02,3.73079200e-02,3.31857800e-02,2.50633300e-02,1.89032200e-02,1.41647300e-02,1.00959800e-02,3.77717200e-04,4.50430900e-05,2.45396200e-05
1.61366080e+06,-7.71251200e+00,2.46671200e-05,4.53615400e-05,3.84042800e-04,1.01182400e-02,1.41815700e-02,1.89060500e-02,2.50634000e-02,3.31857800e-02,3.73079200e-02,3.31857800e-02,2.50634000e-02,1.89060500e-02,1.41815700e-02,1.01182400e-02,3.84042800e-04,4.53615400e-05,2.46671200e-05
1.61766080e+06,-7.70945400e+00,2.47949400e-05,4.56818400e-05,3.90456500e-04,1.01401100e-02,1.41984900e-02,1.89089100e-02,2.50634800e-02,3.31857800e-02,3.73079200e-02,3.31857800e-02,2.50634800e-02,1.89089100e-02,1.41984900e-02,1.01401100e-02,3.90456500e-04,4.56818400e-05,2.47949400e-05
1.62166080e+06,-7.70670000e+00,2.49231000e-05,4.60039600e-05,3.96958600e-04,1.01615900e-02,1.42155100e-02,1.89117800e-02,2.50635600e-02,3.31857800e-02,3.73079200e-02,3.31857800e-02,2.50635600e-02,1.89117800e-02,1.42155100e-02,1.01615900e-02,3.96958600e-04,4.60039600e-05,2.49231000e-05
1.62566080e+06,-7.70423400e+00,2.50515800e-05,4.63279300e-05,4.03549300e-04,1.01827000e-02,1.42326100e-02,1.89146800e-02,2.50636300e-02,3.31857800e-02,3.73079200e-02,3.31857800e-02,2.50636300e-02,1.89146800e-02,1.42326100e-02,1.01827000e-02,4.03549300e-04,4.63279300e-05,2.50515800e-05
1.62966080e+06,-7.70204300e+00,2.51803900e-05,4.66537300e-05,4.10228700e-04,1.02034600e-02,1.42497800e-02,1.89176000e-02,2.50637100e-02,3.31857800e-02,3.73079200e-02,3.31857800e-02,2.50637100e-02,1.89176000e-02,1.42497800e-02,1.02034600e-02,4.10228700e-04,4.66537300e-05,2.51803900e-05
1.63366080e+06,-7.70010900e+00,2.53095200e-05,4.69813900e-05,4.16996900e-04,1.02238900e-02,1.42670300e-02,1.89205400e-02,2.50637800e-02,3.31857800e-02,3.73079200e-02,3.31857800e-02,2.50637800e-02,1.89205400e-02,1.42670300e-02,1.02238900e-02,4.16996900e-04,4.69813900e-05,2.53095200e-05
1.63766080e+06,-7.69841100e+00,2.54389900e-05,4.73108900e-05,4.23854200e-04,1.02439900e-02,1.42843500e-02,1.89235100e-02,2.50638600e-02,3.31857800e-02,3.73079200e-02,3.31857800e-02,2.50638600e-02,1.89235100e-02,1.42843500e-02,1.02439900e-02,4.23854200e-04,4.73108900e-05,2.54389900e-05
1.64166080e+06,-7.69693100e+00,2.55687800e-05,4.76422400e-05,4.30800700e-04,1.02637900e-02,1.43017300e-02,1.89264900e-02,2.50639400e-02,3.31857800e-02,3.73079200e-02,3.31857800e-02,2.50639400e-02,1.89264900e-02,1.43017300e-02,1.02637900e-02,4.30800700e-04,4.76422400e-05,2.55687800e-05
1.64566080e+06,-7.69564800e+00,2.56989000e-05,4.79754500e-05,4.37836500e-04,1.02832900e-02,1.43191800e-02,1.89295000e-02,2.50640200e-02,3.31857800e-02,3.73079200e-02,3.31857800e-02,2.50640200e-02,1.89295000e-02,1.43191800e-02,1.02832900e-02,4.37836500e-04,4.79754500e-05,2.56989000e-05
1.64966080e+06,-7.69454100e+00,2.58293500e-05,4.83105200e-05,4.44961800e-04,1.03025100e-02,1.43366700e-02,1.89325300e-02,2.50640900e-02,3.31857800e-02,3.73079200e-02,3.31857800e-02,2.50640900e-02,1.89325300e-02,1.43366700e-02,1.03025100e-02,4.44961800e-04,4.83105200e-05,2.58293500e-05
1.65366080e+06,-7.69359400e+00,2.59601200e-05,4.86474500e-05,4.52176800e-04,1.03214500e-02,1.43542200e-02,1.89355800e-02,2.50641700e-02,3.31857800e-02,3.73079200e-02,3.31857800e-02,2.50641700e-02,1.89355800e-02,1.43542200e-02,1.03214500e-02,4.52176800e-04,4.86474500e-05,2.59601200e-05
1.65766080e+06,-7.69278600e+00,2.60912200e-05,4.89862600e-05,4.59481700e-04,1.03401300e-02,1.43718100e-02,1.89386600e-02,2.50642500e-02,3.31857800e-02,3.73079200e-02,3.31857800e-02,2.50642500e-02,1.89386600e-02,1.43718100e-02,1.03401300e-02,4.59481700e-04,4.89862600e-05,2.60912200e-05
1.66166080e+06,-7.69210200e+00,2.62226500e-05,4.93269500e-05,4.66876600e-04,1.03585500e-02,1.43894500e-02,1.89417600e-02,2.50643300e-02,3.31857800e-02,3.73079200e-02,3.31857800e-02,2.50643300e-02,1.89417600e-02,1.43894500e-02,1.03585500e-02,4.66876600e-04,4.93269500e-05,2.62226500e-05
1.66566080e+06,-7.69152700e+00,2.63544100e-05,4.96695200e-05,4.74361900e-04,1.03767300e-02,1.44071100e-02,1.89448800e-02,2.50644100e-02,3.31857800e-02,3.73079200e-02,3.31857800e-02,2.50644100e-02,1.89448800e-02,1.44071100e-02,1.03767300e-02,4.74361900e-04,4.96695200e-05,2.63544100e-05
1.66966080e+06,-7.69104700e+00,2.64865000e-05,5.00139800e-05,4.81937800e-04,1.03946800e-02,1.44248100e-02,1.89480300e-02,2.50644900e-02,3.31857800e-02,3.73079200e-02,3.31857800e-02,2.50644900e-02,1.89480300e-02,1.44248100e-02,1.03946800e-02,4.81937800e-04,5.00139800e-05,2.64865000e-05
1.67366080e+06,-7.69065300e+00,2.66189100e-05,5.03603400e-05,4.89604500e-04,1.04124000e-02,1.44425400e-02,1.89512000e-02,2.50645700e-02,3.31857800e-02,3.73079200e-02,3.31857800e-02,2.50645700e-02,1.89512000e-02,1.44425400e-02,1.04124000e-02,4.89604500e-04,5.03603400e-05,2.66189100e-05
1.67766080e+06,-7.69033400e+00,2.67516600e-05,5.07086200e-05,4.97362300e-04,1.04298900e-02,1.44602800e-02,1.89543900e-02,2.50646400e-02,3.31857800e-02,3.73079200e-02,3.31857800e-02,2.50646400e-02,1.89543900e-02,1.44602800e-02,1.04298900e-02,4.97362300e-04,5.07086200e-05,2.67516600e-05
1.68166080e+06,-7.69008300e+00,2.68847400e-05,5.10588100e-05,5.05211600e-04,1.04471800e-02,1.44780400e-02,1.89576100e-02,2.50647200e-02,3.31857800e-02,3.73079200e-02,3.31857800e-02,2.50647200e-02,1.89576100e-02,1.44780400e-02,1.04471800e-02,5.05211600e-04,5.10588100e-05,2.68847400e-05
1.68566080e+06,-7.68989700e+00,2.70181500e-05,5.14109300e-05,5.13152600e-04,1.04642600e-02,1.44958200e-02,1.89608500e-02,2.50648100e-02,3.31857800e-02,3.73079200e-02,3.31857800e-02,2.50648100e-02,1.89608500e-02,1.44958200e-02,1.04642600e-02,5.13152600e-04,5.14109300e-05,2.70181500e-05
1.68966080e+06,-7.68977200e+00,2.71518900e-05,5.17650000e-05,5.21185900e-04,1.04811500e-02,1.45136000e-02,1.89641200e-02,2.50648900e-02,3.31857800e-02,3.73079200e-02,3.31857800e-02,2.50648900e-02,1.89641200e-02,1.45136000e-02,1.04811500e-02,5.21185900e-04,5.17650000e-05,2.71518900e-05
1.69366080e+06,-7.68970900e+00,2.72859700e-05,5.21210100e-05,5.29311700e-04,1.04978500e-02,1.45313900e-02,1.89674100e-02,2.50649700e-02,3.31857800e-02,3.73079200e-02,3.31857800e-02,2.50649700e-02,1.89674100e-02,1.45313900e-02,1.04978500e-02,5.29311700e-04,5.21210100e-05,2.72859700e-05
1.69766080e+06,-7.68971200e+00,2.74203800e-05,5.24789900e-05,5.37530600e-04,1.05143600e-02,1.45491800e-02,1.89707300e-02,2.50650500e-02,3.31857800e-02,3.73079200e-02,3.31857800e-02,2.50650500e-02,1.89707300e-02,1.45491800e-02,1.05143600e-02,5.37530600e-04,5.24789900e-05,2.74203800e-05
1.70166080e+06,-7.68978600e+00,2.75551300e-05,5.28389500e-05,5.45843000e-04,1.05306900e-02,1.45669600e-02,1.89740700e-02,2.50651300e-02,3.31857800e-02,3.73079200e-02,3.31857800e-02,2.50651300e-02,1.89740700e-02,1.45669600e-02,1.05306900e-02,5.45843000e-04,5.28389500e-05,2.75551300e-05
1.70566080e+06,-7.68993900e+00,2.76902100e-05,5.32008900e-05,5.54249300e-04,1.05468500e-02,1.45847400e-02,1.89774400e-02,2.50652100e-02,3.31857800e-02,3.73079200e-02,3.31857800e-02,2.50652100e-02,1.89774400e-02,1.45847400e-02,1.05468500e-02,5.54249300e-04,5.32008900e-05,2.76902100e-05
1.70966080e+06,-7.69018400e+00,2.78256400e-05,5.35648400e-05,5.62750100e-04,1.05628500e-02,1.46025000e-02,1.89808300e-02,2.50652900e-02,3.31857800e-02,3.73079200e-02,3.31857800e-02,2.50652900e-02,1.89808300e-02,1.46025000e-02,1.05628500e-02,5.62750100e-04,5.35648400e-05,2.78256400e-05
1.71366080e+06,-7.69053600e+00,2.79614000e-05,5.39308000e-05,5.71346000e-04,1.05786800e-02,1.46202500e-02,1.89842500e-02,2.50653800e-02,3.31857800e-02,3.73079200e-02,3.31857800e-02,2.50653800e-02,1.89842500e-02,1.46202500e-02,1.05786800e-02,5.71346000e-04,5.39308000e-05,2.79614000e-05
1.71766080e+06,-7.69101400e+00,2.80975000e-05,5.42988000e-05,5.80037500e-04,1.05943600e-02,1.46379800e-02,1.89877000e-02,2.50654600e-02,3.31857800e-02,3.73079200e-02,3.31857800e-02,2.50654600e-02,1.89877000e-02,1.46379800e-02,1.05943600e-02,5.80037500e-04,5.42988000e-05,2.80975000e-05
1.72166080e+06,-7.69164300e+00,2.82339500e-05,5.46688500e-05,5.88825300e-04,1.06098900e-02,1.46556900e-02,1.89911700e-02,2.50655400e-02,3.31857800e-02,3.73079200e-02,3.31857800e-02,2.50655400e-02,1.89911700e-02,1.46556900e-02,1.06098900e-02,5.88825300e-04,5.46688500e-05,2.82339500e-05
1.72566080e+06,-7.69245000e+00,2.83707400e-05,5.50409600e-05,5.97709900e-04,1.06252700e-02,1.46733700e-02,1.89946700e-02,2.50656300e-02,3.31857800e-02,3.73079200e-02,3.31857800e-02,2.50656300e-02,1.89946700e-02,1.46733700e-02,1.06252700e-02,5.97709900e-04,5.50409600e-05,2.83707400e-05
1.72966080e+06,-7.69346700e+00,2.85078800e-05,5.54151500e-05,6.06692100e-04,1.06405100e-02,1.46910300e-02,1.89981900e-02,2.50657100e-02,3.31857800e-02,3.73079200e-02,3.31857800e-02,2.50657100e-02,1.89981900e-02,1.46910300e-02,1.06405100e-02,6.06692100e-04,5.54151500e-05,2.85078800e-05
1.73366080e+06,-7.69473100e+00,2.86453700e-05,5.57914300e-05,6.15772500e-04,1.06556200e-02,1.47086500e-02,1.90017400e-02,2.50658000e-02,3.31857800e-02,3.73079200e-02,3.31857800e-02,2.50658000e-02,1.90017400e-02,1.47086500e-02,1.06556200e-02,6.15772500e-04,5.57914300e-05,2.86453700e-05
1.73766080e+06,-7.69628600e+00,2.87832000e-05,5.61698300e-05,6.24951900e-04,1.06705900e-02,1.47262400e-02,1.90053200e-02,2.50658800e-02,3.31857800e-02,3.73079200e-02,3.31857800e-02,2.50658800e-02,1.90053200e-02,1.47262400e-02,1.06705900e-02,6.24951900e-04,5.61698300e-05,2.87832000e-05
1.74166080e+06,-7.69817900e+00,2.89213900e-05,5.65503600e-05,6.34230900e-04,1.06854400e-02,1.47437900e-02,1.90089300e-02,2.50659700e-02,3.31857900e-02,3.73079200e-02,3.31857900e-02,2.50659700e-02,1.90089300e-02,1.47437900e-02,1.06854400e-02,6.34230900e-04,5.65503600e-05,2.89213900e-05
1.74566080e+06,-7.70046100e+00,2.90599300e-05,5.69330400e-05,6.43610300e-04,1.07001600e-02,1.47613000e-02,1.90125600e-02,2.50660500e-02,3.31857900e-02,3.73079200e-02,3.31857900e-02,2.50660500e-02,1.90125600e-02,1.47613000e-02,1.07001600e-02,6.43610300e-04,5.69330400e-05,2.90599300e-05
1.74966080e+06,-7.70319000e+00,2.91988200e-05,5.73178800e-05,6.53090900e-04,1.07147600e-02,1.47787700e-02,1.90162200e-02,2.50661400e-02,3.31857900e-02,3.73079200e-02,3.31857900e-02,2.50661400e-02,1.90162200e-02,1.47787700e-02,1.07147600e-02,6.53090900e-04,5.73178800e-05,2.91988200e-05
1.75366080e+06,-7.70642600e+00,2.93380700e-05,5.77049100e-05,6.62673500e-04,1.07292500e-02,1.47961900e-02,1.90199100e-02,2.50662200e-02,3.31857900e-02,3.73079200e-02,3.31857900e-02,2.50662200e-02,1.90199100e-02,1.47961900e-02,1.07292500e-02,6.62673500e-04,5.77049100e-05,2.93380700e-05
1.75766080e+06,-7.71023000e+00,2.94776700e-05,5.80941400e-05,6.72358900e-04,1.07436200e-02,1.48135700e-02,1.90236300e-02,2.50663100e-02,3.31857900e-02,3.73079200e-02,3.31857900e-02,2.50663100e-02,1.90236300e-02,1.48135700e-02,1.07436200e-02,6.72358900e-04,5.80941400e-05,2.94776700e-05
1.76166080e+06,-7.71466600e+00,2.96176300e-05,5.84855900e-05,6.82147800e-04,1.07578900e-02,1.48309000e-02,1.90273800e-02,2.50664000e-02,3.31857900e-02,3.73079200e-02,3.31857900e-02,2.50664000e-02,1.90273800e-02,1.48309000e-02,1.07578900e-02,6.82147800e-04,5.84855900e-05,2.96176300e-05
1.76566080e+06,-7.71979500e+00,2.97579600e-05,5.88792700e-05,6.92041100e-04,1.07720500e-02,1.48481800e-02,1.90311500e-02,2.50664900e-02,3.31857900e-02,3.73079200e-02,3.31857900e-02,2.50664900e-02,1.90311500e-02,1.48481800e-02,1.07720500e-02,6.92041100e-04,5.88792700e-05,2.97579600e-05
1.76966080e+06,-7.72567300e+00,2.98986400e-05,5.92752200e-05,7.02039600e-04,1.07861100e-02,1.48654000e-02,1.90349600e-02,2.50665700e-02,3.31857900e-02,3.73079200e-02,3.31857900e-02,2.50665700e-02,1.90349600e-02,1.48654000e-02,1.07861100e-02,7.02039600e-04,5.92752200e-05,2.98986400e-05
1.77366080e+06,-7.73235100e+00,3.00396900e-05,5.96734300e-05,7.12144100e-04,1.08000600e-02,1.48825700e-02,1.90387900e-02,2.50666600e-02,3.31857900e-02,3.73079200e-02,3.31857900e-02,2.50666600e-02,1.90387900e-02,1.48825700e-02,1.08000600e-02,7.12144100e-04,5.96734300e-05,3.00396900e-05
1.77766080e+06,-7.73986700e+00,3.01811000e-05,6.00739400e-05,7.22355500e-04,1.08139200e-02,1.48996800e-02,1.90426600e-02,2.50667500e-02,3.31857900e-02,3.73079200e-02,3.31857900e-02,2.50667500e-02,1.90426600e-02,1.48996800e-02,1.08139200e-02,7.22355500e-04,6.00739400e-05,3.01811000e-05
1.78166080e+06,-7.73898400e+00,3.03228800e-05,6.04767600e-05,7.32674400e-04,1.08276900e-02,1.49167300e-02,1.90465500e-02,2.50668400e-02,3.31857900e-02,3.73079200e-02,3.31857900e-02,2.50668400e-02,1.90465500e-02,1.49167300e-02,1.08276900e-02,7.32674400e-04,6.04767600e-05,3.03228800e-05
1.78566080e+06,-7.73759300e+00,3.04650200e-05,6.08819000e-05,7.43101900e-04,1.08413700e-02,1.49337200e-02,1.90504700e-02,2.50669300e-02,3.31857900e-02,3.73079200e-02,3.31857900e-02,2.50669300e-02,1.90504700e-02,1.49337200e-02,1.08413700e-02,7.43101900e-04,6.08819000e-05,3.04650200e-05
1.78966080e+06,-7.73628000e+00,3.06075300e-05,6.12893900e-05,7.53638600e-04,1.08549600e-02,1.49506400e-02,1.90544200e-02,2.50670200e-02,3.31857900e-02,3.73079200e-02,3.31857900e-02,2.50670200e-02,1.90544200e-02,1.49506400e-02,1.08549600e-02,7.53638600e-04,6.12893900e-05,3.06075300e-05
1.79366080e+06,-7.73504200e+00,3.07504000e-05,6.16992300e-05,7.64285300e-04,1.08684600e-02,1.49675100e-02,1.90584100e-02,2.50671100e-02,3.31857900e-02,3.73079200e-02,3.31857900e-02,2.50671100e-02,1.90584100e-02,1.49675100e-02,1.08684600e-02,7.64285300e-04,6.16992300e-05,3.07504000e-05
1.79766080e+06,-7.73387600e+00,3.08936500e-05,6.21114500e-05,7.75042800e-04,1.08818800e-02,1.49843100e-02,1.90624200e-02,2.50672000e-02,3.31857900e-02,3.73079200e-02,3.31857900e-02,2.50672000e-02,1.90624200e-02,1.49843100e-02,1.08818800e-02,7.75042800e-04,6.21114500e-05,3.08936500e-05
1.80166080e+06,-7.73278000e+00,3.10372600e-05,6.25260600e-05,7.85912000e-04,1.08952100e-02,1.50010400e-02,1.90664600e-02,2.50672900e-02,3.31857900e-02,3.73079200e-02,3.31857900e-02,2.50672900e-02,1.90664600e-02,1.50010400e-02,1.08952100e-02,7.85912000e-04,6.25260600e-05,3.10372600e-05
1.80566080e+06,-7.73174700e+00,3.11812400e-05,6.29430800e-05,7.96893600e-04,1.09084700e-02,1.50177000e-02,1.90705400e-02,2.50673800e-02,3.31857900e-02,3.73079200e-02,3.31857900e-02,2.50673800e-02,1.90705400e-02,1.50177000e-02,1.09084700e-02,7.96893600e-04,6.29430800e-05,3.11812400e-05
1.80966080e+06,-7.73077300e+00,3.13255900e-05,6.33625300e-05,8.07988500e-04,1.09216500e-02,1.50342900e-02,1.90746400e-02,2.50674800e-02,3.31857900e-02,3.73079200e-02,3.31857900e-02,2.50674800e-02,1.90746400e-02,1.50342900e-02,1.09216500e-02,8.07988500e-04,6.33625300e-05,3.13255900e-05
1.81366080e+06,-7.72985400e+00,3.14703200e-05,6.37844200e-05,8.19197300e-04,1.09347500e-02,1.50508100e-02,1.90787700e-02,2.50675700e-02,3.31857900e-02,3.73079200e-02,3.31857900e-02,2.50675700e-02,1.90787700e-02,1.50508100e-02,1.09347500e-02,8.19197300e-04,6.37844200e-05,3.14703200e-05
1.81766080e+06,-7.72898200e+00,3.16154100e-05,6.42087600e-05,8.30520900e-04,1.09477800e-02,1.50672500e-02,1.90829400e-02,2.50676600e-02,3.31857900e-02,3.73079200e-02,3.31857900e-02,2.50676600e-02,1.90829400e-02,1.50672500e-02,1.09477800e-02,8.30520900e-04,6.42087600e-05,3.16154100e-05
1.82166080e+06,-7.72815500e+00,3.17608800e-05,6.46355800e-05,8.41960100e-04,1.09607300e-02,1.50836300e-02,1.90871400e-02,2.50677500e-02,3.31857900e-02,3.73079200e-02,3.31857900e-02,2.50677500e-02,1.90871400e-02,1.50836300e-02,1.09607300e-02,8.41960100e-04,6.46355800e-05,3.17608800e-05
1.82566080e+06,-7.72736800e+00,3.19067100e-05,6.50648900e-05,8.53515800e-04,1.09736200e-02,1.50999300e-02,1.90913700e-02,2.50678500e-02,3.31857900e-02,3.73079200e-02,3.31857900e-02,2.50678500e-02,1.90913700e-02,1.50999300e-02,1.09736200e-02,8.53515800e-04,6.50648900e-05,3.19067100e-05
1.82966080e+06,-7.72661800e+00,3.20529200e-05,6.54967200e-05,8.65188700e-04,1.09864300e-02,1.51161500e-02,1.90956300e-02,2.50679400e-02,3.31857900e-02,3.73079200e-02,3.31857900e-02,2.50679400e-02,1.90956300e-02,1.51161500e-02,1.09864300e-02,8.65188700e-04,6.54967200e-05,3.20529200e-05
1.83366080e+06,-7.72590300e+00,3.21995100e-05,6.59310600e-05,8.76979700e-04,1.09991800e-02,1.51323000e-02,1.90999200e-02,2.50680400e-02,3.31857900e-02,3.73079200e-02,3.31857900e-02,2.50680400e-02,1.90999200e-02,1.51323000e-02,1.09991800e-02,8.76979700e-04,6.59310600e-05,3.21995100e-05
1.83766080e+06,-7.72522200e+00,3.23464700e-05,6.63679600e-05,8.88889800e-04,1.10118700e-02,1.51483700e-02,1.91042400e-02,2.50681300e-02,3.31857900e-02,3.73079200e-02,3.31857900e-02,2.50681300e-02,1.91042400e-02,1.51483700e-02,1.10118700e-02,8.88889800e-04,6.63679600e-05,3.23464700e-05
1.84166080e+06,-7.72457900e+00,3.24938000e-05,6.68074100e-05,9.00919700e-04,1.10244900e-02,1.51643600e-02,1.91085900e-02,2.50682300e-02,3.31857900e-02,3.73079200e-02,3.31857900e-02,2.50682300e-02,1.91085900e-02,1.51643600e-02,1.10244900e-02,9.00919700e-04,6.68074100e-05,3.24938000e-05
1.84566080e+06,-7.72397500e+00,3.26415100e-05,6.72494600e-05,9.13070500e-04,1.10370400e-02,1.51802800e-02,1.91129800e-02,2.50683200e-02,3.31857900e-02,3.73079200e-02,3.31857900e-02,2.50683200e-02,1.91129800e-02,1.51802800e-02,1.10370400e-02,9.13070500e-04,6.72494600e-05,3.26415100e-05
1.84966080e+06,-7.72341700e+00,3.27896000e-05,6.76941000e-05,9.25343000e-04,1.10495400e-02,1.51961100e-02,1.91174000e-02,2.50684200e-02,3.31857900e-02,3.73079200e-02,3.31857900e-02,2.50684200e-02,1.91174000e-02,1.51961100e-02,1.10495400e-02,9.25343000e-04,6.76941000e-05,3.27896000e-05
1.85366080e+06,-7.72291300e+00,3.29380600e-05,6.81413700e-05,9.37738200e-04,1.10619700e-02,1.52118700e-02,1.91218500e-02,2.50685200e-02,3.31857900e-02,3.73079200e-02,3.31857900e-02,2.50685200e-02,1.91218500e-02,1.52118700e-02,1.10619700e-02,9.37738200e-04,6.81413700e-05,3.29380600e-05
1.85766080e+06,-7.72247500e+00,3.30869000e-05,6.85912900e-05,9.50257300e-04,1.10743500e-02,1.52275400e-02,1.91263300e-02,2.50686100e-02,3.31857900e-02,3.73079200e-02,3.31857900e-02,2.50686100e-02,1.91263300e-02,1.52275400e-02,1.10743500e-02,9.50257300e-04,6.85912900e-05,3.30869000e-05
1.86166080e+06,-7.72211700e+00,3.32361300e-05,6.90438800e-05,9.62901000e-04,1.10866700e-02,1.52431400e-02,1.91308400e-02,2.50687100e-02,3.31857900e-02,3.73079200e-02,3.31857900e-02,2.50687100e-02,1.91308400e-02,1.52431400e-02,1.10866700e-02,9.62901000e-04,6.90438800e-05,3.32361300e-05
1.86566080e+06,-7.72185700e+00,3.33857300e-05,6.94991600e-05,9.75670700e-04,1.10989300e-02,1.52586600e-02,1.91353900e-02,2.50688100e-02,3.31857900e-02,3.73079200e-02,3.31857900e-02,2.50688100e-02,1.91353900e-02,1.52586600e-02,1.10989300e-02,9.75670700e-04,6.94991600e-05,3.33857300e-05
1.86966080e+06,-7.72171500e+00,3.35357200e-05,6.99571500e-05,9.88567200e-04,1.11111400e-02,1.52740900e-02,1.91399700e-02,2.50689100e-02,3.31857900e-02,3.73079200e-02,3.31857900e-02,2.50689100e-02,1.91399700e-02,1.52740900e-02,1.11111400e-02,9.88567200e-04,6.99571500e-05,3.35357200e-05
1.87366080e+06,-7.72171800e+00,3.36860900e-05,7.04178800e-05,1.00159200e-03,1.11233000e-02,1.52894500e-02,1.91445800e-02,2.50690100e-02,3.31857900e-02,3.73079200e-02,3.31857900e-02,2.50690100e-02,1.91445800e-02,1.52894500e-02,1.11233000e-02,1.00159200e-03,7.04178800e-05,3.36860900e-05
1.87766080e+06,-7.72189300e+00,3.38368500e-05,7.08813800e-05,1.01474600e-03,1.11354000e-02,1.53047200e-02,1.91492200e-02,2.50691100e-02,3.31857900e-02,3.73079200e-02,3.31857900e-02,2.50691100e-02,1.91492200e-02,1.53047200e-02,1.11354000e-02,1.01474600e-03,7.08813800e-05,3.38368500e-05
1.88166080e+06,-7.72227600e+00,3.39879900e-05,7.13476600e-05,1.02803000e-03,1.11474600e-02,1.53199200e-02,1.91539000e-02,2.50692100e-02,3.31857900e-02,3.73079200e-02,3.31857900e-02,2.50692100e-02,1.91539000e-02,1.53199200e-02,1.11474600e-02,1.02803000e-03,7.13476600e-05,3.39879900e-05
1.88566080e+06,-7.72290400e+00,3.41395300e-05,7.18167700e-05,1.04144600e-03,1.11594600e-02,1.53350400e-02,1.91586100e-02,2.50693100e-02,3.31857900e-02,3.73079200e-02,3.31857900e-02,2.50693100e-02,1.91586100e-02,1.53350400e-02,1.11594600e-02,1.04144600e-03,7.18167700e-05,3.41395300e-05
1.88966080e+06,-7.72344400e+00,3.42914500e-05,7.22887100e-05,1.05499400e-03,1.11714200e-02,1.53500700e-02,1.91633500e-02,2.50694100e-02,3.31857900e-02,3.73079200e-02,3.31857900e-02,2.50694100e-02,1.91633500e-02,1.53500700e-02,1.11714200e-02,1.05499400e-03,7.22887100e-05,3.42914500e-05
1.89366080e+06,-7.72319800e+00,3.44437700e-05,7.27635300e-05,1.06867700e-03,1.11833300e-02,1.53650300e-02,1.91681300e-02,2.50695100e-02,3.31857900e-02,3.73079200e-02,3.31857900e-02,2.50695100e-02,1.91681300e-02,1.53650300e-02,1.11833300e-02,1.06867700e-03,7.27635300e-05,3.44437700e-05
1.89766080e+06,-7.72291800e+00,3.45964800e-05,7.32412500e-05,1.08249500e-03,1.11951900e-02,1.53799100e-02,1.91729400e-02,2.50696200e-02,3.31857900e-02,3.73079200e-02,3.31857900e-02,2.50696200e-02,1.91729400e-02,1.53799100e-02,1.11951900e-02,1.08249500e-03,7.32412500e-05,3.45964800e-05
1.90166080e+06,-7.72260500e+00,3.47495900e-05,7.37219000e-05,1.09645000e-03,1.12070100e-02,1.53947000e-02,1.91777800e-02,2.50697200e-02,3.31857900e-02,3.73079200e-02,3.31857900e-02,2.50697200e-02,1.91777800e-02,1.53947000e-02,1.12070100e-02,1.09645000e-03,7.37219000e-05,3.47495900e-05
1.90566080e+06,-7.72226000e+00,3.49030900e-05,7.42055000e-05,1.11054300e-03,1.12187900e-02,1.54094200e-02,1.91826500e-02,2.50698200e-02,3.31857900e-02,3.73079200e-02,3.31857900e-02,2.50698200e-02,1.91826500e-02,1.54094200e-02,1.12187900e-02,1.11054300e-03,7.42055000e-05,3.49030900e-05
1.90966080e+06,-7.72188400e+00,3.50570000e-05,7.46921000e-05,1.12477600e-03,1.12305200e-02,1.54240700e-02,1.91875600e-02,2.50699300e-02,3.31857900e-02,3.73079200e-02,3.31857900e-02,2.50699300e-02,1.91875600e-02,1.54240700e-02,1.12305200e-02,1.12477600e-03,7.46921000e-05,3.50570000e-05
1.91366080e+06,-7.72148300e+00,3.52113100e-05,7.51817200e-05,1.13914900e-03,1.12422100e-02,1.54386300e-02,1.91925100e-02,2.50700300e-02,3.31857900e-02,3.73079200e-02,3.31857900e-02,2.50700300e-02,1.91925100e-02,1.54386300e-02,1.12422100e-02,1.13914900e-03,7.51817200e-05,3.52113100e-05
1.91766080e+06,-7.72106300e+00,3.53660300e-05,7.56743900e-05,1.15366500e-03,1.12538600e-02,1.54531200e-02,1.91974800e-02,2.50701300e-02,3.31857900e-02,3.73079200e-02,3.31857900e-02,2.50701300e-02,1.91974800e-02,1.54531200e-02,1.12538600e-02,1.15366500e-03,7.56743900e-05,3.53660300e-05
1.92166080e+06,-7.72063200e+00,3.55211500e-05,7.61701500e-05,1.16832500e-03,1.12654800e-02,1.54675300e-02,1.92024900e-02,2.50702400e-02,3.31857900e-02,3.73079200e-02,3.31857900e-02,2.50702400e-02,1.92024900e-02,1.54675300e-02,1.12654800e-02,1.16832500e-03,7.61701500e-05,3.55211500e-05
1.92566080e+06,-7.72019900e+00,3.56766800e-05,7.66690300e-05,1.18313100e-03,1.12770500e-02,1.54818600e-02,1.92075400e-02,2.50703500e-02,3.31857900e-02,3.73079200e-02,3.31857900e-02,2.50703500e-02,1.92075400e-02,1.54818600e-02,1.12770500e-02,1.18313100e-03,7.66690300e-05,3.56766800e-05
1.92966080e+06,-7.71977700e+00,3.58326300e-05,7.71710600e-05,1.19808300e-03,1.12885900e-02,1.54961200e-02,1.92126200e-02,2.50704500e-02,3.31857900e-02,3.73079200e-02,3.31857900e-02,2.50704500e-02,1.92126200e-02,1.54961200e-02,1.12885900e-02,1.19808300e-03,7.71710600e-05,3.58326300e-05
1.93366080e+06,-7.71938100e+00,3.59889900e-05,7.76762800e-05,1.21318400e-03,1.13001000e-02,1.55103100e-02,1.92177300e-02,2.50705600e-02,3.31857900e-02,3.73079200e-02,3.31857900e-02,2.50705600e-02,1.92177300e-02,1.55103100e-02,1.13001000e-02,1.21318400e-03,7.76762800e-05,3.59889900e-05
1.93766080e+06,-7.71902700e+00,3.61457600e-05,7.81847300e-05,1.22843600e-03,1.13115600e-02,1.55244200e-02,1.92228800e-02,2.50706700e-02,3.31857900e-02,3.73079200e-02,3.31857900e-02,2.50706700e-02,1.92228800e-02,1.55244200e-02,1.13115600e-02,1.22843600e-03,7.81847300e-05,3.61457600e-05
1.94166080e+06,-7.71873600e+00,3.63029600e-05,7.86964300e-05,1.24383900e-03,1.13230000e-02,1.55384600e-02,1.92280600e-02,2.50707700e-02,3.31857900e-02,3.73079200e-02,3.31857900e-02,2.50707700e-02,1.92280600e-02,1.55384600e-02,1.13230000e-02,1.24383900e-03,7.86964300e-05,3.63029600e-05
1.94566080e+06,-7.71852900e+00,3.64605700e-05,7.92114400e-05,1.25939600e-03,1.13344000e-02,1.55524200e-02,1.92332800e-02,2.50708800e-02,3.31857900e-02,3.73079200e-02,3.31857900e-02,2.50708800e-02,1.92332800e-02,1.55524200e-02,1.13344000e-02,1.25939600e-03,7.92114400e-05,3.64605700e-05
1.94966080e+06,-7.71843300e+00,3.66186100e-05,7.97297800e-05,1.27510800e-03,1.13457700e-02,1.55663200e-02,1.92385300e-02,2.50709900e-02,3.31857900e-02,3.73079200e-02,3.31857900e-02,2.50709900e-02,1.92385300e-02,1.55663200e-02,1.13457700e-02,1.27510800e-03,7.97297800e-05,3.66186100e-05
1.95366080e+06,-7.71847600e+00,3.67770800e-05,8.02514900e-05,1.29097800e-03,1.13571100e-02,1.55801400e-02,1.92438100e-02,2.50711000e-02,3.31857900e-02,3.73079200e-02,3.31857900e-02,2.50711000e-02,1.92438100e-02,1.55801400e-02,1.13571100e-02,1.29097800e-03,8.02514900e-05,3.67770800e-05
1.95766080e+06,-7.71869200e+00,3.69359700e-05,8.07766100e-05,1.30700600e-03,1.13684200e-02,1.55938900e-02,1.92491300e-02,2.50712100e-02,3.31857900e-02,3.73079200e-02,3.31857900e-02,2.50712100e-02,1.92491300e-02,1.55938900e-02,1.13684200e-02,1.30700600e-03,8.07766100e-05,3.69359700e-05
1.96166080e+06,-7.71911500e+00,3.70953000e-05,8.13051900e-05,1.32319500e-03,1.13797000e-02,1.56075700e-02,1.92544900e-02,2.50713200e-02,3.31857900e-02,3.73079200e-02,3.31857900e-02,2.50713200e-02,1.92544900e-02,1.56075700e-02,1.13797000e-02,1.32319500e-03,8.13051900e-05,3.70953000e-05
1.96566080e+06,-7.71978600e+00,3.72550600e-05,8.18372500e-05,1.33954700e-03,1.13909500e-02,1.56211800e-02,1.92598800e-02,2.50714300e-02,3.31857900e-02,3.73079200e-02,3.31857900e-02,2.50714300e-02,1.92598800e-02,1.56211800e-02,1.13909500e-02,1.33954700e-03,8.18372500e-05,3.72550600e-05
1.96966080e+06,-7.72074800e+00,3.74152600e-05,8.23728500e-05,1.35606300e-03,1.14021700e-02,1.56347300e-02,1.92653000e-02,2.50715500e-02,3.31857900e-02,3.73079200e-02,3.31857900e-02,2.50715500e-02,1.92653000e-02,1.56347300e-02,1.14021700e-02,1.35606300e-03,8.23728500e-05,3.74152600e-05
1.97366080e+06,-7.72205100e+00,3.75759000e-05,8.29120300e-05,1.37274500e-03,1.14133700e-02,1.56482000e-02,1.92707600e-02,2.50716600e-02,3.31857900e-02,3.73079200e-02,3.31857900e-02,2.50716600e-02,1.92707600e-02,1.56482000e-02,1.14133700e-02,1.37274500e-03,8.29120300e-05,3.75759000e-05
1.97766080e+06,-7.72374300e+00,3.77369800e-05,8.34548100e-05,1.38959600e-03,1.14245500e-02,1.56616100e-02,1.92762600e-02,2.50717700e-02,3.31857900e-02,3.73079200e-02,3.31857900e-02,2.50717700e-02,1.92762600e-02,1.56616100e-02,1.14245500e-02,1.38959600e-03,8.34548100e-05,3.77369800e-05
1.98166080e+06,-7.72588100e+00,3.78985000e-05,8.40012600e-05,1.40661700e-03,1.14357000e-02,1.56749600e-02,1.92817900e-02,2.50718800e-02,3.31857900e-02,3.73079200e-02,3.31857900e-02,2.50718800e-02,1.92817900e-02,1.56749600e-02,1.14357000e-02,1.40661700e-03,8.40012600e-05,3.78985000e-05
1.98566080e+06,-7.72852000e+00,3.80604700e-05,8.45514100e-05,1.42381000e-03,1.14468200e-02,1.56882400e-02,1.92873500e-02,2.50720000e-02,3.31857900e-02,3.73079200e-02,3.31857900e-02,2.50720000e-02,1.92873500e-02,1.56882400e-02,1.14468200e-02,1.42381000e-03,8.45514100e-05,3.80604700e-05
1.98966080e+06,-7.73171800e+00,3.82228900e-05,8.51053100e-05,1.44117700e-03,1.14579200e-02,1.57014500e-02,1.92929500e-02,2.50721100e-02,3.31857900e-02,3.73079200e-02,3.31857900e-02,2.50721100e-02,1.92929500e-02,1.57014500e-02,1.14579200e-02,1.44117700e-03,8.51053100e-05,3.82228900e-05
1.99366080e+06,-7.73553300e+00,3.83857700e-05,8.56630000e-05,1.45872100e-03,1.14690000e-02,1.57146000e-02,1.92985900e-02,2.50722300e-02,3.31857900e-02,3.73079200e-02,3.31857900e-02,2.50722300e-02,1.92985900e-02,1.57146000e-02,1.14690000e-02,1.45872100e-03,8.56630000e-05,3.83857700e-05
1.99766080e+06,-7.74002000e+00,3.85490900e-05,8.62245200e-05,1.47644400e-03,1.14800600e-02,1.57276900e-02,1.93042600e-02,2.50723400e-02,3.31857900e-02,3.73079200e-02,3.31857900e-02,2.50723400e-02,1.93042600e-02,1.57276900e-02,1.14800600e-02,1.47644400e-03,8.62245200e-05,3.85490900e-05
2.00166080e+06,-7.74523100e+00,3.87128800e-05,8.67899300e-05,1.49434700e-03,1.14911000e-02,1.57407100e-02,1.93099600e-02,2.50724600e-02,3.31857900e-02,3.73079200e-02,3.31857900e-02,2.50724600e-02,1.93099600e-02,1.57407100e-02,1.14911000e-02,1.49434700e-03,8.67899300e-05,3.87128800e-05
2.00566080e+06,-7.75121000e+00,3.88771200e-05,8.73592600e-05,1.51243300e-03,1.15021200e-02,1.57536800e-02,1.93157100e-02,2.50725800e-02,3.31857900e-02,3.73079200e-02,3.31857900e-02,2.50725800e-02,1.93157100e-02,1.57536800e-02,1.15021200e-02,1.51243300e-03,8.73592600e-05,3.88771200e-05
2.00966080e+06,-7.75799300e+00,3.90418300e-05,8.79325800e-05,1.53070500e-03,1.15131200e-02,1.57665800e-02,1.93214800e-02,2.50727000e-02,3.31857900e-02,3.73079200e-02,3.31857900e-02,2.50727000e-02,1.93214800e-02,1.57665800e-02,1.15131200e-02,1.53070500e-03,8.79325800e-05,3.90418300e-05
2.01366080e+06,-7.76541300e+00,3.92070000e-05,8.85099100e-05,1.54916300e-03,1.15241000e-02,1.57794300e-02,1.93273000e-02,2.50728100e-02,3.31857900e-02,3.73079200e-02,3.31857900e-02,2.50728100e-02,1.93273000e-02,1.57794300e-02,1.15241000e-02,1.54916300e-03,8.85099100e-05,3.92070000e-05
2.01766080e+06,-7.76258100e+00,3.93726400e-05,8.90913200e-05,1.56781100e-03,1.15350600e-02,1.57922100e-02,1.93331400e-02,2.50729300e-02,3.31857900e-02,3.73079200e-02,3.31857900e-02,2.50729300e-02,1.93331400e-02,1.57922100e-02,1.15350600e-02,1.56781100e-03,8.90913200e-05,3.93726400e-05
2.02166080e+06,-7.76004200e+00,3.95387500e-05,8.96768500e-05,1.58665000e-03,1.15460100e-02,1.58049400e-02,1.93390300e-02,2.50730500e-02,3.31857900e-02,3.73079200e-02,3.31857900e-02,2.50730500e-02,1.93390300e-02,1.58049400e-02,1.15460100e-02,1.58665000e-03,8.96768500e-05,3.95387500e-05
2.02566080e+06,-7.75779500e+00,3.97053400e-05,9.02665500e-05,1.60568400e-03,1.15569400e-02,1.58176100e-02,1.93449500e-02,2.50731700e-02,3.31857900e-02,3.73079200e-02,3.31857900e-02,2.50731700e-02,1.93449500e-02,1.58176100e-02,1.15569400e-02,1.60568400e-03,9.02665500e-05,3.97053400e-05
2.02966080e+06,-7.75583700e+00,3.98723900e-05,9.08604800e-05,1.62491400e-03,1.15678600e-02,1.58302200e-02,1.93509000e-02,2.50732900e-02,3.31857900e-02,3.73079200e-02,3.31857900e-02,2.50732900e-02,1.93509000e-02,1.58302200e-02,1.15678600e-02,1.62491400e-03,9.08604800e-05,3.98723900e-05
2.03366080e+06,-7.75416200e+00,4.00399300e-05,9.14586700e-05,1.64434300e-03,1.15787600e-02,1.58427700e-02,1.93568900e-02,2.50734200e-02,3.31857900e-02,3.73079200e-02,3.31857900e-02,2.50734200e-02,1.93568900e-02,1.58427700e-02,1.15787600e-02,1.64434300e-03,9.14586700e-05,4.00399300e-05
2.03766080e+06,-7.75276300e+00,4.02079400e-05,9.20611900e-05,1.66397300e-03,1.15896400e-02,1.58552700e-02,1.93629200e-02,2.50735400e-02,3.31857900e-02,3.73079200e-02,3.31857900e-02,2.50735400e-02,1.93629200e-02,1.58552700e-02,1.15896400e-02,1.66397300e-03,9.20611900e-05,4.02079400e-05
2.04166080e+06,-7.75163100e+00,4.03764400e-05,9.26680800e-05,1.68380700e-03,1.16005200e-02,1.58677200e-02,1.93689800e-02,2.50736600e-02,3.31857900e-02,3.73079200e-02,3.31857900e-02,2.50736600e-02,1.93689800e-02,1.58677200e-02,1.16005200e-02,1.68380700e-03,9.26680800e-05,4.03764400e-05
2.04566080e+06,-7.75075400e+00,4.05454200e-05,9.32794000e-05,1.70384700e-03,1.16113800e-02,1.58801100e-02,1.93750700e-02,2.50737800e-02,3.31857900e-02,3.73079200e-02,3.31857900e-02,2.50737800e-02,1.93750700e-02,1.58801100e-02,1.16113800e-02,1.70384700e-03,9.32794000e-05,4.05454200e-05
2.04966080e+06,-7.75012000e+00,4.07148800e-05,9.38952100e-05,1.72409500e-03,1.16222200e-02,1.58924500e-02,1.93812100e-02,2.50739100e-02,3.31857900e-02,3.73079200e-02,3.31857900e-02,2.50739100e-02,1.93812100e-02,1.58924500e-02,1.16222200e-02,1.72409500e-03,9.38952100e-05,4.07148800e-05
2.05366080e+06,-7.74971200e+00,4.08848400e-05,9.45155600e-05,1.74455400e-03,1.16330600e-02,1.59047300e-02,1.93873700e-02,2.50740300e-02,3.31857900e-02,3.73079200e-02,3.31857900e-02,2.50740300e-02,1.93873700e-02,1.59047300e-02,1.16330600e-02,1.74455400e-03,9.45155600e-05,4.08848400e-05
2.05766080e+06,-7.74951600e+00,4.10552800e-05,9.51405000e-05,1.76522700e-03,1.16438900e-02,1.59169600e-02,1.93935700e-02,2.50741600e-02,3.31857900e-02,3.73079200e-02,3.31857900e-02,2.50741600e-02,1.93935700e-02,1.59169600e-02,1.16438900e-02,1.76522700e-03,9.51405000e-05,4.10552800e-05
2.06166080e+06,-7.74951200e+00,4.12262200e-05,9.57700900e-05,1.78611700e-03,1.16547000e-02,1.59291400e-02,1.93998100e-02,2.50742800e-02,3.31857900e-02,3.73079200e-02,3.31857900e-02,2.50742800e-02,1.93998100e-02,1.59291400e-02,1.16547000e-02,1.78611700e-03,9.57700900e-05,4.12262200e-05
2.06566080e+06,-7.74968500e+00,4.13976600e-05,9.64044000e-05,1.80722600e-03,1.16655100e-02,1.59412700e-02,1.94060800e-02,2.50744100e-02,3.31857900e-02,3.73079200e-02,3.31857900e-02,2.50744100e-02,1.94060800e-02,1.59412700e-02,1.16655100e-02,1.80722600e-03,9.64044000e-05,4.13976600e-05
2.06966080e+06,-7.75001500e+00,4.15696000e-05,9.70434700e-05,1.82855600e-03,1.16763000e-02,1.59533500e-02,1.94123900e-02,2.50745400e-02,3.31857900e-02,3.73079200e-02,3.31857900e-02,2.50745400e-02,1.94123900e-02,1.59533500e-02,1.16763000e-02,1.82855600e-03,9.70434700e-05,4.15696000e-05
2.07366080e+06,-7.75048300e+00,4.17420400e-05,9.76873900e-05,1.85011200e-03,1.16870900e-02,1.59653900e-02,1.94187300e-02,2.50746700e-02,3.31857900e-02,3.73079200e-02,3.31857900e-02,2.50746700e-02,1.94187300e-02,1.59653900e-02,1.16870900e-02,1.85011200e-03,9.76873900e-05,4.17420400e-05
2.07766080e+06,-7.75107300e+00,4.19149800e-05,9.83362000e-05,1.87189400e-03,1.16978700e-02,1.59773700e-02,1.94251000e-02,2.50747900e-02,3.31857900e-02,3.73079200e-02,3.31857900e-02,2.50747900e-02,1.94251000e-02,1.59773700e-02,1.16978700e-02,1.87189400e-03,9.83362000e-05,4.19149800e-05
2.08166080e+06,-7.75176600e+00,4.20884400e-05,9.89899700e-05,1.89390800e-03,1.17086400e-02,1.59893000e-02,1.94315200e-02,2.50749200e-02,3.31857900e-02,3.73079200e-02,3.31857900e-02,2.50749200e-02,1.94315200e-02,1.59893000e-02,1.17086400e-02,1.89390800e-03,9.89899700e-05,4.20884400e-05
2.08566080e+06,-7.75254600e+00,4.22624000e-05,9.96487700e-05,1.91615500e-03,1.17194100e-02,1.60011900e-02,1.94379600e-02,2.50750500e-02,3.31857900e-02,3.73079200e-02,3.31857900e-02,2.50750500e-02,1.94379600e-02,1.60011900e-02,1.17194100e-02,1.91615500e-03,9.96487700e-05,4.22624000e-05
2.08966080e+06,-7.75339600e+00,4.24368800e-05,1.00312700e-04,1.93863900e-03,1.17301700e-02,1.60130300e-02,1.94444400e-02,2.50751800e-02,3.31857900e-02,3.73079200e-02,3.31857900e-02,2.50751800e-02,1.94444400e-02,1.60130300e-02,1.17301700e-02,1.93863900e-03,1.00312700e-04,4.24368800e-05
2.09366080e+06,-7.75430200e+00,4.26118800e-05,1.00981700e-04,1.96136300e-03,1.17409200e-02,1.60248200e-02,1.94509500e-02,2.50753200e-02,3.31857900e-02,3.73079200e-02,3.31857900e-02,2.50753200e-02,1.94509500e-02,1.60248200e-02,1.17409200e-02,1.96136300e-03,1.00981700e-04,4.26118800e-05
2.09766080e+06,-7.75524800e+00,4.27873900e-05,1.01656000e-04,1.98433000e-03,1.17516700e-02,1.60365700e-02,1.94575000e-02,2.50754500e-02,3.31857900e-02,3.73079200e-02,3.31857900e-02,2.50754500e-02,1.94575000e-02,1.60365700e-02,1.17516700e-02,1.98433000e-03,1.01656000e-04,4.27873900e-05
2.10166080e+06,-7.75622200e+00,4.29634300e-05,1.02335600e-04,2.00754400e-03,1.17624200e-02,1.60482700e-02,1.94640800e-02,2.50755800e-02,3.31857900e-02,3.73079200e-02,3.31857900e-02,2.50755800e-02,1.94640800e-02,1.60482700e-02,1.17624200e-02,2.00754400e-03,1.02335600e-04,4.29634300e-05
2.10566080e+06,-7.75721200e+00,4.31400000e-05,1.03020700e-04,2.03100800e-03,1.17731600e-02,1.60599300e-02,1.94707000e-02,2.50757100e-02,3.31857900e-02,3.73079200e-02,3.31857900e-02,2.50757100e-02,1.94707000e-02,1.60599300e-02,1.17731600e-02,2.03100800e-03,1.03020700e-04,4.31400000e-05
2.10966080e+06,-7.75820600e+00,4.33171100e-05,1.03711100e-04,2.05472500e-03,1.17839000e-02,1.60715400e-02,1.94773500e-02,2.50758500e-02,3.31857900e-02,3.73079200e-02,3.31857900e-02,2.50758500e-02,1.94773500e-02,1.60715400e-02,1.17839000e-02,2.05472500e-03,1.03711100e-04,4.33171100e-05
2.11366080e+06,-7.75919400e+00,4.34947500e-05,1.04407100e-04,2.07869900e-03,1.17946300e-02,1.60831100e-02,1.94840400e-02,2.50759800e-02,3.31857900e-02,3.73079200e-02,3.31857900e-02,2.50759800e-02,1.94840400e-02,1.60831100e-02,1.17946300e-02,2.07869900e-03,1.04407100e-04,4.34947500e-05
2.11766080e+06,-7.76016700e+00,4.36729200e-05,1.05108800e-04,2.10293500e-03,1.18053700e-02,1.60946400e-02,1.94907500e-02,2.50761200e-02,3.31857900e-02,3.73079200e-02,3.31857900e-02,2.50761200e-02,1.94907500e-02,1.60946400e-02,1.18053700e-02,2.10293500e-03,1.05108800e-04,4.36729200e-05
2.12166080e+06,-7.76111700e+00,4.38516500e-05,1.05816100e-04,2.12743500e-03,1.18161100e-02,1.61061300e-02,1.94975100e-02,2.50762500e-02,3.31857900e-02,3.73079200e-02,3.31857900e-02,2.50762500e-02,1.94975100e-02,1.61061300e-02,1.18161100e-02,2.12743500e-03,1.05816100e-04,4.38516500e-05
2.12566080e+06,-7.76203700e+00,4.40309200e-05,1.06529300e-04,2.15220300e-03,1.18268400e-02,1.61175800e-02,1.95042900e-02,2.50763900e-02,3.31857900e-02,3.73079200e-02,3.31857900e-02,2.50763900e-02,1.95042900e-02,1.61175800e-02,1.18268400e-02,2.15220300e-03,1.06529300e-04,4.40309200e-05
2.12966080e+06,-7.76292000e+00,4.42107400e-05,1.07248300e-04,2.17724500e-03,1.18375800e-02,1.61289900e-02,1.95111100e-02,2.50765300e-02,3.31857900e-02,3.73079200e-02,3.31857900e-02,2.50765300e-02,1.95111100e-02,1.61289900e-02,1.18375800e-02,2.17724500e-03,1.07248300e-04,4.42107400e-05
2.13366080e+06,-7.76376100e+00,4.43911200e-05,1.07973300e-04,2.20256300e-03,1.18483100e-02,1.61403600e-02,1.95179600e-02,2.50766700e-02,3.31857900e-02,3.73079200e-02,3.31857900e-02,2.50766700e-02,1.95179600e-02,1.61403600e-02,1.18483100e-02,2.20256300e-03,1.07973300e-04,4.43911200e-05
2.13766080e+06,-7.76455600e+00,4.45720600e-05,1.08704400e-04,2.22816200e-03,1.18590500e-02,1.61516900e-02,1.95248500e-02,2.50768100e-02,3.31857900e-02,3.73079200e-02,3.31857900e-02,2.50768100e-02,1.95248500e-02,1.61516900e-02,1.18590500e-02,2.22816200e-03,1.08704400e-04,4.45720600e-05
2.14166080e+06,-7.76530000e+00,4.47535700e-05,1.09441600e-04,2.25404600e-03,1.18697900e-02,1.61629800e-02,1.95317700e-02,2.50769500e-02,3.31857900e-02,3.73079200e-02,3.31857900e-02,2.50769500e-02,1.95317700e-02,1.61629800e-02,1.18697900e-02,2.25404600e-03,1.09441600e-04,4.47535700e-05
2.14566080e+06,-7.76599000e+00,4.49356500e-05,1.10185100e-04,2.28022000e-03,1.18805400e-02,1.61742300e-02,1.95387200e-02,2.50770900e-02,3.31857900e-02,3.73079200e-02,3.31857900e-02,2.50770900e-02,1.95387200e-02,1.61742300e-02,1.18805400e-02,2.28022000e-03,1.10185100e-04,4.49356500e-05
2.14966080e+06,-7.76662600e+00,4.51183000e-05,1.10935000e-04,2.30668900e-03,1.18912900e-02,1.61854500e-02,1.95457000e-02,2.50772300e-02,3.31857900e-02,3.73079200e-02,3.31857900e-02,2.50772300e-02,1.95457000e-02,1.61854500e-02,1.18912900e-02,2.30668900e-03,1.10935000e-04,4.51183000e-05
2.15366080e+06,-7.76720500e+00,4.53015400e-05,1.11691300e-04,2.33345600e-03,1.19020500e-02,1.61966300e-02,1.95527200e-02,2.50773700e-02,3.31857900e-02,3.73079200e-02,3.31857900e-02,2.50773700e-02,1.95527200e-02,1.61966300e-02,1.19020500e-02,2.33345600e-03,1.11691300e-04,4.53015400e-05
2.15766080e+06,-7.76772700e+00,4.54853700e-05,1.12454200e-04,2.36052700e-03,1.19128100e-02,1.62077800e-02,1.95597700e-02,2.50775100e-02,3.31857900e-02,3.73079200e-02,3.31857900e-02,2.50775100e-02,1.95597700e-02,1.62077800e-02,1.19128100e-02,2.36052700e-03,1.12454200e-04,4.54853700e-05
2.16166080e+06,-7.76819200e+00,4.56697800e-05,1.13223800e-04,2.38790700e-03,1.19235800e-02,1.62188900e-02,1.95668500e-02,2.50776600e-02,3.31858000e-02,3.73079200e-02,3.31858000e-02,2.50776600e-02,1.95668500e-02,1.62188900e-02,1.19235800e-02,2.38790700e-03,1.13223800e-04,4.56697800e-05
2.16566080e+06,-7.76860200e+00,4.58548000e-05,1.14000200e-04,2.41560100e-03,1.19343500e-02,1.62299700e-02,1.95739600e-02,2.50778000e-02,3.31858000e-02,3.73079200e-02,3.31858000e-02,2.50778000e-02,1.95739600e-02,1.62299700e-02,1.19343500e-02,2.41560100e-03,1.14000200e-04,4.58548000e-05
2.16966080e+06,-7.76896000e+00,4.60404200e-05,1.14783500e-04,2.44361400e-03,1.19451400e-02,1.62410200e-02,1.95811100e-02,2.50779400e-02,3.31858000e-02,3.73079200e-02,3.31858000e-02,2.50779400e-02,1.95811100e-02,1.62410200e-02,1.19451400e-02,2.44361400e-03,1.14783500e-04,4.60404200e-05
2.17366080e+06,-7.76926800e+00,4.62266400e-05,1.15573900e-04,2.47195200e-03,1.19559300e-02,1.62520300e-02,1.95882900e-02,2.50780900e-02,3.31858000e-02,3.73079200e-02,3.31858000e-02,2.50780900e-02,1.95882900e-02,1.62520300e-02,1.19559300e-02,2.47195200e-03,1.15573900e-04,4.62266400e-05
2.17766080e+06,-7.76953000e+00,4.64134900e-05,1.16371300e-04,2.50062000e-03,1.19667300e-02,1.62630100e-02,1.95955000e-02,2.50782400e-02,3.31858000e-02,3.73079200e-02,3.31858000e-02,2.50782400e-02,1.95955000e-02,1.62630100e-02,1.19667300e-02,2.50062000e-03,1.16371300e-04,4.64134900e-05
2.18166080e+06,-7.76975200e+00,4.66009500e-05,1.17176100e-04,2.52962300e-03,1.19775500e-02,1.62739600e-02,1.96027400e-02,2.50783800e-02,3.31858000e-02,3.73079200e-02,3.31858000e-02,2.50783800e-02,1.96027400e-02,1.62739600e-02,1.19775500e-02,2.52962300e-03,1.17176100e-04,4.66009500e-05
2.18566080e+06,-7.76994000e+00,4.67890400e-05,1.17988300e-04,2.55896800e-03,1.19883800e-02,1.62848800e-02,1.96100200e-02,2.50785300e-02,3.31858000e-02,3.73079200e-02,3.31858000e-02,2.50785300e-02,1.96100200e-02,1.62848800e-02,1.19883800e-02,2.55896800e-03,1.17988300e-04,4.67890400e-05
2.18966080e+06,-7.77010200e+00,4.69777700e-05,1.18808000e-04,2.58866000e-03,1.19992200e-02,1.62957700e-02,1.96173200e-02,2.50786800e-02,3.31858000e-02,3.73079200e-02,3.31858000e-02,2.50786800e-02,1.96173200e-02,1.62957700e-02,1.19992200e-02,2.58866000e-03,1.18808000e-04,4.69777700e-05
2.19366080e+06,-7.77024700e+00,4.71671400e-05,1.19635400e-04,2.61870600e-03,1.20100700e-02,1.63066400e-02,1.96246600e-02,2.50788300e-02,3.31858000e-02,3.73079200e-02,3.31858000e-02,2.50788300e-02,1.96246600e-02,1.63066400e-02,1.20100700e-02,2.61870600e-03,1.19635400e-04,4.71671400e-05
2.19766080e+06,-7.77038600e+00,4.73571600e-05,1.20470600e-04,2.64911200e-03,1.20209400e-02,1.63174700e-02,1.96320300e-02,2.50789800e-02,3.31858000e-02,3.73079200e-02,3.31858000e-02,2.50789800e-02,1.96320300e-02,1.63174700e-02,1.20209400e-02,2.64911200e-03,1.20470600e-04,4.73571600e-05
2.20166080e+06,-7.77053000e+00,4.75478300e-05,1.21313700e-04,2.67988400e-03,1.20318200e-02,1.63282800e-02,1.96394300e-02,2.50791300e-02,3.31858000e-02,3.73079200e-02,3.31858000e-02,2.50791300e-02,1.96394300e-02,1.63282800e-02,1.20318200e-02,2.67988400e-03,1.21313700e-04,4.75478300e-05
2.20566080e+06,-7.77069400e+00,4.77391600e-05,1.22165000e-04,2.71103000e-03,1.20427300e-02,1.63390600e-02,1.96468600e-02,2.50792900e-02,3.31858000e-02,3.73079200e-02,3.31858000e-02,2.50792900e-02,1.96468600e-02,1.63390600e-02,1.20427300e-02,2.71103000e-03,1.22165000e-04,4.77391600e-05
2.20966080e+06,-7.77089300e+00,4.79311600e-05,1.23024500e-04,2.74255600e-03,1.20536500e-02,1.63498100e-02,1.96543200e-02,2.50794400e-02,3.31858000e-02,3.73079200e-02,3.31858000e-02,2.50794400e-02,1.96543200e-02,1.63498100e-02,1.20536500e-02,2.74255600e-03,1.23024500e-04,4.79311600e-05
2.21366080e+06,-7.77114400e+00,4.81238400e-05,1.23892500e-04,2.77446900e-03,1.20645800e-02,1.63605400e-02,1.96618100e-02,2.50795900e-02,3.31858000e-02,3.73079200e-02,3.31858000e-02,2.50795900e-02,1.96618100e-02,1.63605400e-02,1.20645800e-02,2.77446900e-03,1.23892500e-04,4.81238400e-05
2.21766080e+06,-7.77146900e+00,4.83172000e-05,1.24769000e-04,2.80677700e-03,1.20755400e-02,1.63712400e-02,1.96693300e-02,2.50797500e-02,3.31858000e-02,3.73079200e-02,3.31858000e-02,2.50797500e-02,1.96693300e-02,1.63712400e-02,1.20755400e-02,2.80677700e-03,1.24769000e-04,4.83172000e-05
2.22166080e+06,-7.77188900e+00,4.85112600e-05,1.25654300e-04,2.83948700e-03,1.20865200e-02,1.63819200e-02,1.96768800e-02,2.50799000e-02,3.31858000e-02,3.73079200e-02,3.31858000e-02,2.50799000e-02,1.96768800e-02,1.63819200e-02,1.20865200e-02,2.83948700e-03,1.25654300e-04,4.85112600e-05
2.22566080e+06,-7.77242800e+00,4.87060200e-05,1.26548500e-04,2.87260700e-03,1.20975200e-02,1.63925800e-02,1.96844600e-02,2.50800600e-02,3.31858000e-02,3.73079200e-02,3.31858000e-02,2.50800600e-02,1.96844600e-02,1.63925800e-02,1.20975200e-02,2.87260700e-03,1.26548500e-04,4.87060200e-05
2.22966080e+06,-7.77311500e+00,4.89014800e-05,1.27451800e-04,2.90614400e-03,1.21085500e-02,1.64032200e-02,1.96920800e-02,2.50802200e-02,3.31858000e-02,3.73079200e-02,3.31858000e-02,2.50802200e-02,1.96920800e-02,1.64032200e-02,1.21085500e-02,2.90614400e-03,1.27451800e-04,4.89014800e-05
2.23366080e+06,-7.77397800e+00,4.90976600e-05,1.28364300e-04,2.94010800e-03,1.21196000e-02,1.64138300e-02,1.96997200e-02,2.50803700e-02,3.31858000e-02,3.73079200e-02,3.31858000e-02,2.50803700e-02,1.96997200e-02,1.64138300e-02,1.21196000e-02,2.94010800e-03,1.28364300e-04,4.90976600e-05
2.23766080e+06,-7.77349900e+00,4.92945700e-05,1.29286400e-04,2.97450600e-03,1.21306700e-02,1.64244200e-02,1.97073900e-02,2.50805300e-02,3.31858000e-02,3.73079200e-02,3.31858000e-02,2.50805300e-02,1.97073900e-02,1.64244200e-02,1.21306700e-02,2.97450600e-03,1.29286400e-04,4.92945700e-05
2.24166080e+06,-7.77275700e+00,4.94922100e-05,1.30218100e-04,3.00934700e-03,1.21417700e-02,1.64349900e-02,1.97150900e-02,2.50806900e-02,3.31858000e-02,3.73079200e-02,3.31858000e-02,2.50806900e-02,1.97150900e-02,1.64349900e-02,1.21417700e-02,3.00934700e-03,1.30218100e-04,4.94922100e-05
2.24566080e+06,-7.77217000e+00,4.96905900e-05,1.31159600e-04,3.04464100e-03,1.21529000e-02,1.64455400e-02,1.97228200e-02,2.50808500e-02,3.31858000e-02,3.73079200e-02,3.31858000e-02,2.50808500e-02,1.97228200e-02,1.64455400e-02,1.21529000e-02,3.04464100e-03,1.31159600e-04,4.96905900e-05
2.24966080e+06,-7.77176400e+00,4.98897300e-05,1.32111300e-04,3.08039500e-03,1.21640600e-02,1.64560800e-02,1.97305800e-02,2.50810100e-02,3.31858000e-02,3.73079200e-02,3.31858000e-02,2.50810100e-02,1.97305800e-02,1.64560800e-02,1.21640600e-02,3.08039500e-03,1.32111300e-04,4.98897300e-05
2.25366080e+06,-7.77156700e+00,5.00896300e-05,1.33073200e-04,3.11662100e-03,1.21752400e-02,1.64665900e-02,1.97383700e-02,2.50811800e-02,3.31858000e-02,3.73079200e-02,3.31858000e-02,2.50811800e-02,1.97383700e-02,1.64665900e-02,1.21752400e-02,3.11662100e-03,1.33073200e-04,5.00896300e-05
2.25766080e+06,-7.77161000e+00,5.02903000e-05,1.34045600e-04,3.15332800e-03,1.21864600e-02,1.64770900e-02,1.97461900e-02,2.50813400e-02,3.31858000e-02,3.73079200e-02,3.31858000e-02,2.50813400e-02,1.97461900e-02,1.64770900e-02,1.21864600e-02,3.15332800e-03,1.34045600e-04,5.02903000e-05
2.26166080e+06,-7.77192700e+00,5.04917400e-05,1.35028700e-04,3.19052500e-03,1.21977200e-02,1.64875700e-02,1.97540400e-02,2.50815000e-02,3.31858000e-02,3.73079200e-02,3.31858000e-02,2.50815000e-02,1.97540400e-02,1.64875700e-02,1.21977200e-02,3.19052500e-03,1.35028700e-04,5.04917400e-05
2.26566080e+06,-7.77255500e+00,5.06939800e-05,1.36022800e-04,3.22822400e-03,1.22090000e-02,1.64980400e-02,1.97619100e-02,2.50816700e-02,3.31858000e-02,3.73079200e-02,3.31858000e-02,2.50816700e-02,1.97619100e-02,1.64980400e-02,1.22090000e-02,3.22822400e-03,1.36022800e-04,5.06939800e-05
2.26966080e+06,-7.77353200e+00,5.08970200e-05,1.37028000e-04,3.26643500e-03,1.22203300e-02,1.65084800e-02,1.97698100e-02,2.50818300e-02,3.31858000e-02,3.73079200e-02,3.31858000e-02,2.50818300e-02,1.97698100e-02,1.65084800e-02,1.22203300e-02,3.26643500e-03,1.37028000e-04,5.08970200e-05
2.27366080e+06,-7.77490000e+00,5.11008800e-05,1.38044700e-04,3.30516900e-03,1.22316900e-02,1.65189200e-02,1.97777500e-02,2.50820000e-02,3.31858000e-02,3.73079200e-02,3.31858000e-02,2.50820000e-02,1.97777500e-02,1.65189200e-02,1.22316900e-02,3.30516900e-03,1.38044700e-04,5.11008800e-05
2.27766080e+06,-7.77670300e+00,5.13055500e-05,1.39073100e-04,3.34443700e-03,1.22430800e-02,1.65293400e-02,1.97857000e-02,2.50821700e-02,3.31858000e-02,3.73079200e-02,3.31858000e-02,2.50821700e-02,1.97857000e-02,1.65293400e-02,1.22430800e-02,3.34443700e-03,1.39073100e-04,5.13055500e-05
2.28166080e+06,-7.77898200e+00,5.15110500e-05,1.40113400e-04,3.38425200e-03,1.22545200e-02,1.65397500e-02,1.97936900e-02,2.50823400e-02,3.31858000e-02,3.73079200e-02,3.31858000e-02,2.50823400e-02,1.97936900e-02,1.65397500e-02,1.22545200e-02,3.38425200e-03,1.40113400e-04,5.15110500e-05
2.28566080e+06,-7.78178400e+00,5.17174000e-05,1.41166000e-04,3.42462600e-03,1.22660000e-02,1.65501400e-02,1.98017100e-02,2.50825100e-02,3.31858000e-02,3.73079200e-02,3.31858000e-02,2.50825100e-02,1.98017100e-02,1.65501400e-02,1.22660000e-02,3.42462600e-03,1.41166000e-04,5.17174000e-05
2.28966080e+06,-7.78515000e+00,5.19246000e-05,1.42231100e-04,3.46557000e-03,1.22775300e-02,1.65605300e-02,1.98097500e-02,2.50826800e-02,3.31858000e-02,3.73079200e-02,3.31858000e-02,2.50826800e-02,1.98097500e-02,1.65605300e-02,1.22775300e-02,3.46557000e-03,1.42231100e-04,5.19246000e-05
2.29366080e+06,-7.78912100e+00,5.21326700e-05,1.43308900e-04,3.50709800e-03,1.22890900e-02,1.65709000e-02,1.98178100e-02,2.50828500e-02,3.31858000e-02,3.73079200e-02,3.31858000e-02,2.50828500e-02,1.98178100e-02,1.65709000e-02,1.22890900e-02,3.50709800e-03,1.43308900e-04,5.21326700e-05
2.29766080e+06,-7.79373300e+00,5.23416100e-05,1.44399900e-04,3.54922400e-03,1.23007100e-02,1.65812600e-02,1.98259100e-02,2.50830200e-02,3.31858000e-02,3.73079200e-02,3.31858000e-02,2.50830200e-02,1.98259100e-02,1.65812600e-02,1.23007100e-02,3.54922400e-03,1.44399900e-04,5.23416100e-05
2.30166080e+06,-7.79901800e+00,5.25514400e-05,1.45504300e-04,3.59196000e-03,1.23123700e-02,1.65916100e-02,1.98340300e-02,2.50831900e-02,3.31858000e-02,3.73079200e-02,3.31858000e-02,2.50831900e-02,1.98340300e-02,1.65916100e-02,1.23123700e-02,3.59196000e-03,1.45504300e-04,5.25514400e-05
2.30566080e+06,-7.79835400e+00,5.27621700e-05,1.46622400e-04,3.63532200e-03,1.23240800e-02,1.66019500e-02,1.98421800e-02,2.50833700e-02,3.31858000e-02,3.73079200e-02,3.31858000e-02,2.50833700e-02,1.98421800e-02,1.66019500e-02,1.23240800e-02,3.63532200e-03,1.46622400e-04,5.27621700e-05
2.30966080e+06,-7.79537900e+00,5.29738100e-05,1.47754500e-04,3.67932400e-03,1.23358400e-02,1.66122900e-02,1.98503500e-02,2.50835400e-02,3.31858000e-02,3.73079200e-02,3.31858000e-02,2.50835400e-02,1.98503500e-02,1.66122900e-02,1.23358400e-02,3.67932400e-03,1.47754500e-04,5.29738100e-05
2.31366080e+06,-7.79271000e+00,5.31863800e-05,1.48901000e-04,3.72398200e-03,1.23476500e-02,1.66226200e-02,1.98585500e-02,2.50837200e-02,3.31858000e-02,3.73079200e-02,3.31858000e-02,2.50837200e-02,1.98585500e-02,1.66226200e-02,1.23476500e-02,3.72398200e-03,1.48901000e-04,5.31863800e-05
2.31766080e+06,-7.79034600e+00,5.33998900e-05,1.50062300e-04,3.76931000e-03,1.23595200e-02,1.66329400e-02,1.98667800e-02,2.50839000e-02,3.31858000e-02,3.73079200e-02,3.31858000e-02,2.50839000e-02,1.98667800e-02,1.66329400e-02,1.23595200e-02,3.76931000e-03,1.50062300e-04,5.33998900e-05
2.32166080e+06,-7.78828200e+00,5.36143400e-05,1.51238700e-04,3.81532600e-03,1.23714500e-02,1.66432500e-02,1.98750300e-02,2.50840700e-02,3.31858000e-02,3.73079200e-02,3.31858000e-02,2.50840700e-02,1.98750300e-02,1.66432500e-02,1.23714500e-02,3.81532600e-03,1.51238700e-04,5.36143400e-05
2.32566080e+06,-7.78651400e+00,5.38297600e-05,1.52430600e-04,3.86204500e-03,1.23834300e-02,1.66535600e-02,1.98833000e-02,2.50842500e-02,3.31858000e-02,3.73079200e-02,3.31858000e-02,2.50842500e-02,1.98833000e-02,1.66535600e-02,1.23834300e-02,3.86204500e-03,1.52430600e-04,5.38297600e-05
2.32966080e+06,-7.78503300e+00,5.40461600e-05,1.53638400e-04,3.90948700e-03,1.23954800e-02,1.66638600e-02,1.98916100e-02,2.50844300e-02,3.31858000e-02,3.73079200e-02,3.31858000e-02,2.50844300e-02,1.98916100e-02,1.66638600e-02,1.23954800e-02,3.90948700e-03,1.53638400e-04,5.40461600e-05
2.33366080e+06,-7.78383000e+00,5.42635500e-05,1.54862500e-04,3.95766800e-03,1.24075800e-02,1.66741600e-02,1.98999300e-02,2.50846100e-02,3.31858000e-02,3.73079200e-02,3.31858000e-02,2.50846100e-02,1.98999300e-02,1.66741600e-02,1.24075800e-02,3.95766800e-03,1.54862500e-04,5.42635500e-05
2.33766080e+06,-7.78289300e+00,5.44819500e-05,1.56103300e-04,4.00660700e-03,1.24197600e-02,1.66844600e-02,1.99082800e-02,2.50848000e-02,3.31858000e-02,3.73079200e-02,3.31858000e-02,2.50848000e-02,1.99082800e-02,1.66844600e-02,1.24197600e-02,4.00660700e-03,1.56103300e-04,5.44819500e-05
2.34166080e+06,-7.78221000e+00,5.47013700e-05,1.57361200e-04,4.05632500e-03,1.24319900e-02,1.66947500e-02,1.99166500e-02,2.50849800e-02,3.31858000e-02,3.73079200e-02,3.31858000e-02,2.50849800e-02,1.99166500e-02,1.66947500e-02,1.24319900e-02,4.05632500e-03,1.57361200e-04,5.47013700e-05
2.34566080e+06,-7.78176700e+00,5.49218300e-05,1.58636800e-04,4.10684000e-03,1.24443000e-02,1.67050400e-02,1.99250500e-02,2.50851600e-02,3.31858000e-02,3.73079200e-02,3.31858000e-02,2.50851600e-02,1.99250500e-02,1.67050400e-02,1.24443000e-02,4.10684000e-03,1.58636800e-04,5.49218300e-05
2.34966080e+06,-7.78154800e+00,5.51433300e-05,1.59930500e-04,4.15817500e-03,1.24566800e-02,1.67153400e-02,1.99334700e-02,2.50853500e-02,3.31858000e-02,3.73079200e-02,3.31858000e-02,2.50853500e-02,1.99334700e-02,1.67153400e-02,1.24566800e-02,4.15817500e-03,1.59930500e-04,5.51433300e-05
2.35366080e+06,-7.78153800e+00,5.53659100e-05,1.61242800e-04,4.21035100e-03,1.24691300e-02,1.67256300e-02,1.99419200e-02,2.50855400e-02,3.31858000e-02,3.73079200e-02,3.31858000e-02,2.50855400e-02,1.99419200e-02,1.67256300e-02,1.24691300e-02,4.21035100e-03,1.61242800e-04,5.53659100e-05
2.35766080e+06,-7.78172000e+00,5.55895700e-05,1.62574300e-04,4.26339000e-03,1.24816600e-02,1.67359200e-02,1.99503800e-02,2.50857200e-02,3.31858000e-02,3.73079200e-02,3.31858000e-02,2.50857200e-02,1.99503800e-02,1.67359200e-02,1.24816600e-02,4.26339000e-03,1.62574300e-04,5.55895700e-05
2.36166080e+06,-7.78208000e+00,5.58143400e-05,1.63925300e-04,4.31731600e-03,1.24942700e-02,1.67462100e-02,1.99588700e-02,2.50859100e-02,3.31858000e-02,3.73079200e-02,3.31858000e-02,2.50859100e-02,1.99588700e-02,1.67462100e-02,1.24942700e-02,4.31731600e-03,1.63925300e-04,5.58143400e-05
2.36566080e+06,-7.78259900e+00,5.60402300e-05,1.65296600e-04,4.37215500e-03,1.25069600e-02,1.67565000e-02,1.99673900e-02,2.50861000e-02,3.31858000e-02,3.73079200e-02,3.31858000e-02,2.50861000e-02,1.99673900e-02,1.67565000e-02,1.25069600e-02,4.37215500e-03,1.65296600e-04,5.60402300e-05
2.36966080e+06,-7.78326200e+00,5.62672500e-05,1.66688800e-04,4.42793000e-03,1.25197300e-02,1.67668000e-02,1.99759200e-02,2.50862900e-02,3.31858000e-02,3.73079200e-02,3.31858000e-02,2.50862900e-02,1.99759200e-02,1.67668000e-02,1.25197300e-02,4.42793000e-03,1.66688800e-04,5.62672500e-05
2.37366080e+06,-7.78405200e+00,5.64954400e-05,1.68102300e-04,4.48467000e-03,1.25325900e-02,1.67771000e-02,1.99844800e-02,2.50864800e-02,3.31858000e-02,3.73079200e-02,3.31858000e-02,2.50864800e-02,1.99844800e-02,1.67771000e-02,1.25325900e-02,4.48467000e-03,1.68102300e-04,5.64954400e-05
2.37766080e+06,-7.78495600e+00,5.67248000e-05,1.69537900e-04,4.54240100e-03,1.25455400e-02,1.67874100e-02,1.99930600e-02,2.50866700e-02,3.31858000e-02,3.73079200e-02,3.31858000e-02,2.50866700e-02,1.99930600e-02,1.67874100e-02,1.25455400e-02,4.54240100e-03,1.69537900e-04,5.67248000e-05
2.38166080e+06,-7.78595700e+00,5.69553600e-05,1.70996200e-04,4.60115300e-03,1.25585800e-02,1.67977200e-02,2.00016600e-02,2.50868700e-02,3.31858000e-02,3.73079200e-02,3.31858000e-02,2.50868700e-02,2.00016600e-02,1.67977200e-02,1.25585800e-02,4.60115300e-03,1.70996200e-04,5.69553600e-05
2.38566080e+06,-7.78704200e+00,5.71871500e-05,1.72478000e-04,4.66095500e-03,1.25717200e-02,1.68080400e-02,2.00102800e-02,2.50870600e-02,3.31858000e-02,3.73079200e-02,3.31858000e-02,2.50870600e-02,2.00102800e-02,1.68080400e-02,1.25717200e-02,4.66095500e-03,1.72478000e-04,5.71871500e-05
2.38966080e+06,-7.78819600e+00,5.74201700e-05,1.73983900e-04,4.72184000e-03,1.25849600e-02,1.68183700e-02,2.00189200e-02,2.50872600e-02,3.31858000e-02,3.73079200e-02,3.31858000e-02,2.50872600e-02,2.00189200e-02,1.68183700e-02,1.25849600e-02,4.72184000e-03,1.73983900e-04,5.74201700e-05
2.39366080e+06,-7.78940900e+00,5.76544700e-05,1.75514800e-04,4.78384000e-03,1.25983100e-02,1.68287000e-02,2.00275800e-02,2.50874600e-02,3.31858000e-02,3.73079200e-02,3.31858000e-02,2.50874600e-02,2.00275800e-02,1.68287000e-02,1.25983100e-02,4.78384000e-03,1.75514800e-04,5.76544700e-05
2.39766080e+06,-7.79066600e+00,5.78900500e-05,1.77071500e-04,4.84698900e-03,1.26117600e-02,1.68390400e-02,2.00362700e-02,2.50876500e-02,3.31858000e-02,3.73079200e-02,3.31858000e-02,2.50876500e-02,2.00362700e-02,1.68390400e-02,1.26117600e-02,4.84698900e-03,1.77071500e-04,5.78900500e-05
2.40166080e+06,-7.78955200e+00,5.81269400e-05,1.78654700e-04,4.91132300e-03,1.26253200e-02,1.68494000e-02,2.00449700e-02,2.50878500e-02,3.31858000e-02,3.73079200e-02,3.31858000e-02,2.50878500e-02,2.00449700e-02,1.68494000e-02,1.26253200e-02,4.91132300e-03,1.78654700e-04,5.81269400e-05
2.40566080e+06,-7.78132500e+00,5.83651800e-05,1.80265400e-04,4.97688000e-03,1.26389900e-02,1.68597600e-02,2.00537000e-02,2.50880500e-02,3.31858000e-02,3.73079200e-02,3.31858000e-02,2.50880500e-02,2.00537000e-02,1.68597600e-02,1.26389900e-02,4.97688000e-03,1.80265400e-04,5.83651800e-05
2.40966080e+06,-7.77299300e+00,5.86047800e-05,1.81904500e-04,5.04369800e-03,1.26527900e-02,1.68701400e-02,2.00624400e-02,2.50882500e-02,3.31858000e-02,3.73079200e-02,3.31858000e-02,2.50882500e-02,2.00624400e-02,1.68701400e-02,1.26527900e-02,5.04369800e-03,1.81904500e-04,5.86047800e-05
2.41366080e+06,-7.76455400e+00,5.88457800e-05,1.83572900e-04,5.11181900e-03,1.26667100e-02,1.68805300e-02,2.00712100e-02,2.50884600e-02,3.31858000e-02,3.73079200e-02,3.31858000e-02,2.50884600e-02,2.00712100e-02,1.68805300e-02,1.26667100e-02,5.11181900e-03,1.83572900e-04,5.88457800e-05
2.41766080e+06,-7.75600600e+00,5.90882000e-05,1.85271800e-04,5.18128600e-03,1.26807500e-02,1.68909400e-02,2.00799900e-02,2.50886600e-02,3.31858000e-02,3.73079200e-02,3.31858000e-02,2.50886600e-02,2.00799900e-02,1.68909400e-02,1.26807500e-02,5.18128600e-03,1.85271800e-04,5.90882000e-05
2.42166080e+06,-7.74734500e+00,5.93320700e-05,1.87002200e-04,5.25214200e-03,1.26949300e-02,1.69013700e-02,2.00888000e-02,2.50888700e-02,3.31858000e-02,3.73079200e-02,3.31858000e-02,2.50888700e-02,2.00888000e-02,1.69013700e-02,1.26949300e-02,5.25214200e-03,1.87002200e-04,5.93320700e-05
2.42566080e+06,-7.73857000e+00,5.95774200e-05,1.88765300e-04,5.32443600e-03,1.27092500e-02,1.69118100e-02,2.00976200e-02,2.50890700e-02,3.31858000e-02,3.73079200e-02,3.31858000e-02,2.50890700e-02,2.00976200e-02,1.69118100e-02,1.27092500e-02,5.32443600e-03,1.88765300e-04,5.95774200e-05
2.42966080e+06,-7.72967700e+00,5.98242900e-05,1.90562200e-04,5.39821500e-03,1.27237200e-02,1.69222700e-02,2.01064700e-02,2.50892800e-02,3.31858000e-02,3.73079200e-02,3.31858000e-02,2.50892800e-02,2.01064700e-02,1.69222700e-02,1.27237200e-02,5.39821500e-03,1.90562200e-04,5.98242900e-05
2.43366080e+06,-7.72066500e+00,6.00727200e-05,1.92394200e-04,5.47353000e-03,1.27383300e-02,1.69327500e-02,2.01153300e-02,2.50894900e-02,3.31858000e-02,3.73079200e-02,3.31858000e-02,2.50894900e-02,2.01153300e-02,1.69327500e-02,1.27383300e-02,5.47353000e-03,1.92394200e-04,6.00727200e-05
2.43766080e+06,-7.71153300e+00,6.03227200e-05,1.94262700e-04,5.55043500e-03,1.27530900e-02,1.69432500e-02,2.01242100e-02,2.50897000e-02,3.31858000e-02,3.73079200e-02,3.31858000e-02,2.50897000e-02,2.01242100e-02,1.69432500e-02,1.27530900e-02,5.55043500e-03,1.94262700e-04,6.03227200e-05
2.44166080e+06,-7.70227900e+00,6.05743500e-05,1.96169100e-04,5.62898600e-03,1.27680200e-02,1.69537700e-02,2.01331200e-02,2.50899100e-02,3.31858000e-02,3.73079200e-02,3.31858000e-02,2.50899100e-02,2.01331200e-02,1.69537700e-02,1.27680200e-02,5.62898600e-03,1.96169100e-04,6.05743500e-05
2.44566080e+06,-7.69290200e+00,6.08276400e-05,1.98114900e-04,5.70924000e-03,1.27831200e-02,1.69643200e-02,2.01420400e-02,2.50901200e-02,3.31858000e-02,3.73079200e-02,3.31858000e-02,2.50901200e-02,2.01420400e-02,1.69643200e-02,1.27831200e-02,5.70924000e-03,1.98114900e-04,6.08276400e-05
2.44966080e+06,-7.68340200e+00,6.10826300e-05,2.00101700e-04,5.79125700e-03,1.27983900e-02,1.69749000e-02,2.01509800e-02,2.50903300e-02,3.31858000e-02,3.73079200e-02,3.31858000e-02,2.50903300e-02,2.01509800e-02,1.69749000e-02,1.27983900e-02,5.79125700e-03,2.00101700e-04,6.10826300e-05
2.45366080e+06,-7.67378000e+00,6.13393600e-05,2.02131100e-04,5.87509900e-03,1.28138400e-02,1.69855000e-02,2.01599400e-02,2.50905500e-02,3.31858000e-02,3.73079200e-02,3.31858000e-02,2.50905500e-02,2.01599400e-02,1.69855000e-02,1.28138400e-02,5.87509900e-03,2.02131100e-04,6.13393600e-05
2.45766080e+06,-7.66403900e+00,6.15978700e-05,2.04205100e-04,5.96083200e-03,1.28294800e-02,1.69961400e-02,2.01689200e-02,2.50907600e-02,3.31858000e-02,3.73079200e-02,3.31858000e-02,2.50907600e-02,2.01689200e-02,1.69961400e-02,1.28294800e-02,5.96083200e-03,2.04205100e-04,6.15978700e-05
2.46166080e+06,-7.65418300e+00,6.18582200e-05,2.06325400e-04,6.04852100e-03,1.28453300e-02,1.70068000e-02,2.01779200e-02,2.50909800e-02,3.31858000e-02,3.73079200e-02,3.31858000e-02,2.50909800e-02,2.01779200e-02,1.70068000e-02,1.28453300e-02,6.04852100e-03,2.06325400e-04,6.18582200e-05
2.46566080e+06,-7.64421700e+00,6.21204500e-05,2.08494200e-04,6.13823500e-03,1.28613700e-02,1.70175000e-02,2.01869400e-02,2.50912000e-02,3.31858000e-02,3.73079200e-02,3.31858000e-02,2.50912000e-02,2.01869400e-02,1.70175000e-02,1.28613700e-02,6.13823500e-03,2.08494200e-04,6.21204500e-05
2.46966080e+06,-7.63415000e+00,6.23846000e-05,2.10713600e-04,6.23004100e-03,1.28776400e-02,1.70282300e-02,2.01959800e-02,2.50914200e-02,3.31858000e-02,3.73079200e-02,3.31858000e-02,2.50914200e-02,2.01959800e-02,1.70282300e-02,1.28776400e-02,6.23004100e-03,2.10713600e-04,6.23846000e-05
2.47366080e+06,-7.62399500e+00,6.26507300e-05,2.12985800e-04,6.32401100e-03,1.28941300e-02,1.70390000e-02,2.02050400e-02,2.50916400e-02,3.31858000e-02,3.73079200e-02,3.31858000e-02,2.50916400e-02,2.02050400e-02,1.70390000e-02,1.28941300e-02,6.32401100e-03,2.12985800e-04,6.26507300e-05
2.47766080e+06,-7.61376900e+00,6.29189000e-05,2.15313500e-04,6.42021200e-03,1.29108600e-02,1.70498100e-02,2.02141200e-02,2.50918600e-02,3.31858000e-02,3.73079200e-02,3.31858000e-02,2.50918600e-02,2.02141200e-02,1.70498100e-02,1.29108600e-02,6.42021200e-03,2.15313500e-04,6.29189000e-05
2.48166080e+06,-7.60349400e+00,6.31891700e-05,2.17699200e-04,6.51871100e-03,1.29278300e-02,1.70606600e-02,2.02232100e-02,2.50920800e-02,3.31858000e-02,3.73079200e-02,3.31858000e-02,2.50920800e-02,2.02232100e-02,1.70606600e-02,1.29278300e-02,6.51871100e-03,2.17699200e-04,6.31891700e-05
2.48566080e+06,-7.59320000e+00,6.34615800e-05,2.20145700e-04,6.61957100e-03,1.29450600e-02,1.70715500e-02,2.02323300e-02,2.50923100e-02,3.31858000e-02,3.73079200e-02,3.31858000e-02,2.50923100e-02,2.02323300e-02,1.70715500e-02,1.29450600e-02,6.61957100e-03,2.20145700e-04,6.34615800e-05
2.48966080e+06,-7.58292700e+00,6.37362100e-05,2.22656100e-04,6.72284900e-03,1.29625700e-02,1.70824900e-02,2.02414700e-02,2.50925300e-02,3.31858000e-02,3.73079200e-02,3.31858000e-02,2.50925300e-02,2.02414700e-02,1.70824900e-02,1.29625700e-02,6.72284900e-03,2.22656100e-04,6.37362100e-05
2.49366080e+06,-7.57272800e+00,6.40131200e-05,2.25233600e-04,6.82859000e-03,1.29803600e-02,1.70934800e-02,2.02506300e-02,2.50927600e-02,3.31858100e-02,3.73079200e-02,3.31858100e-02,2.50927600e-02,2.02506300e-02,1.70934800e-02,1.29803600e-02,6.82859000e-03,2.25233600e-04,6.40131200e-05
2.49766080e+06,-7.56267000e+00,6.42923800e-05,2.27881800e-04,6.93682900e-03,1.29984500e-02,1.71045200e-02,2.02598100e-02,2.50929900e-02,3.31858100e-02,3.73079200e-02,3.31858100e-02,2.50929900e-02,2.02598100e-02,1.71045200e-02,1.29984500e-02,6.93682900e-03,2.27881800e-04,6.42923800e-05
2.50166080e+06,-7.55283900e+00,6.45740600e-05,2.30604400e-04,7.04757600e-03,1.30168600e-02,1.71156100e-02,2.02690100e-02,2.50932200e-02,3.31858100e-02,3.73079200e-02,3.31858100e-02,2.50932200e-02,2.02690100e-02,1.71156100e-02,1.30168600e-02,7.04757600e-03,2.30604400e-04,6.45740600e-05
2.50566080e+06,-7.54334800e+00,6.48582400e-05,2.33405600e-04,7.16081700e-03,1.30355900e-02,1.71267600e-02,2.02782300e-02,2.50934500e-02,3.31858100e-02,3.73079200e-02,3.31858100e-02,2.50934500e-02,2.02782300e-02,1.71267600e-02,1.30355900e-02,7.16081700e-03,2.33405600e-04,6.48582400e-05
2.50966080e+06,-7.53433500e+00,6.51449800e-05,2.36289600e-04,7.27650000e-03,1.30546800e-02,1.71379700e-02,2.02874800e-02,2.50936800e-02,3.31858100e-02,3.73079200e-02,3.31858100e-02,2.50936800e-02,2.02874800e-02,1.71379700e-02,1.30546800e-02,7.27650000e-03,2.36289600e-04,6.51449800e-05
2.51366080e+06,-7.52597700e+00,6.54343800e-05,2.39261300e-04,7.39452400e-03,1.30741300e-02,1.71492500e-02,2.02967400e-02,2.50939200e-02,3.31858100e-02,3.73079200e-02,3.31858100e-02,2.50939200e-02,2.02967400e-02,1.71492500e-02,1.30741300e-02,7.39452400e-03,2.39261300e-04,6.54343800e-05
2.51766080e+06,-7.51848900e+00,6.57265200e-05,2.42325800e-04,7.51472600e-03,1.30939800e-02,1.71605900e-02,2.03060400e-02,2.50941500e-02,3.31858100e-02,3.73079200e-02,3.31858100e-02,2.50941500e-02,2.03060400e-02,1.71605900e-02,1.30939800e-02,7.51472600e-03,2.42325800e-04,6.57265200e-05
2.52166080e+06,-7.51212900e+00,6.60214800e-05,2.45488700e-04,7.63686600e-03,1.31142300e-02,1.71719900e-02,2.03153500e-02,2.50943900e-02,3.31858100e-02,3.73079200e-02,3.31858100e-02,2.50943900e-02,2.03153500e-02,1.71719900e-02,1.31142300e-02,7.63686600e-03,2.45488700e-04,6.60214800e-05
2.52566080e+06,-7.50720200e+00,6.63193400e-05,2.48756000e-04,7.76061100e-03,1.31349200e-02,1.71834800e-02,2.03246900e-02,2.50946300e-02,3.31858100e-02,3.73079200e-02,3.31858100e-02,2.50946300e-02,2.03246900e-02,1.71834800e-02,1.31349200e-02,7.76061100e-03,2.48756000e-04,6.63193400e-05
2.52966080e+06,-7.50404600e+00,6.66201900e-05,2.52134200e-04,7.88552100e-03,1.31560600e-02,1.71950300e-02,2.03340500e-02,2.50948700e-02,3.31858100e-02,3.73079200e-02,3.31858100e-02,2.50948700e-02,2.03340500e-02,1.71950300e-02,1.31560600e-02,7.88552100e-03,2.52134200e-04,6.66201900e-05
2.53366080e+06,-7.50302300e+00,6.69241200e-05,2.55630400e-04,8.01104200e-03,1.31776900e-02,1.72066700e-02,2.03434300e-02,2.50951100e-02,3.31858100e-02,3.73079200e-02,3.31858100e-02,2.50951100e-02,2.03434300e-02,1.72066700e-02,1.31776900e-02,8.01104200e-03,2.55630400e-04,6.69241200e-05
2.53766080e+06,-7.49718200e+00,6.72312100e-05,2.59251800e-04,8.13650800e-03,1.31998300e-02,1.72183900e-02,2.03528500e-02,2.50953600e-02,3.31858100e-02,3.73079200e-02,3.31858100e-02,2.50953600e-02,2.03528500e-02,1.72183900e-02,1.31998300e-02,8.13650800e-03,2.59251800e-04,6.72312100e-05
2.54166080e+06,-7.49246200e+00,6.75415400e-05,2.63006500e-04,8.26115500e-03,1.32225100e-02,1.72301900e-02,2.03622800e-02,2.50956000e-02,3.31858100e-02,3.73079200e-02,3.31858100e-02,2.50956000e-02,2.03622800e-02,1.72301900e-02,1.32225100e-02,8.26115500e-03,2.63006500e-04,6.75415400e-05
2.54566080e+06,-7.48985600e+00,6.78551800e-05,2.66902600e-04,8.38415400e-03,1.32457500e-02,1.72420800e-02,2.03717500e-02,2.50958500e-02,3.31858100e-02,3.73079200e-02,3.31858100e-02,2.50958500e-02,2.03717500e-02,1.72420800e-02,1.32457500e-02,8.38415400e-03,2.66902600e-04,6.78551800e-05
2.54966080e+06,-7.48978300e+00,6.81722000e-05,2.70948300e-04,8.50466300e-03,1.32695900e-02,1.72540600e-02,2.03812400e-02,2.50961000e-02,3.31858100e-02,3.73079200e-02,3.31858100e-02,2.50961000e-02,2.03812400e-02,1.72540600e-02,1.32695900e-02,8.50466300e-03,2.70948300e-04,6.81722000e-05
2.55366080e+06,-7.49264000e+00,6.84926500e-05,2.75152000e-04,8.62187900e-03,1.32940300e-02,1.72661400e-02,2.03907600e-02,2.50963500e-02,3.31858100e-02,3.73079200e-02,3.31858100e-02,2.50963500e-02,2.03907600e-02,1.72661400e-02,1.32940300e-02,8.62187900e-03,2.75152000e-04,6.84926500e-05
2.55766080e+06,-7.49876100e+00,6.88165800e-05,2.79521400e-04,8.73509700e-03,1.33191100e-02,1.72783000e-02,2.04003000e-02,2.50966000e-02,3.31858100e-02,3.73079200e-02,3.31858100e-02,2.50966000e-02,2.04003000e-02,1.72783000e-02,1.33191100e-02,8.73509700e-03,2.79521400e-04,6.88165800e-05
2.56166080e+06,-7.50835400e+00,6.91440200e-05,2.84063700e-04,8.84375400e-03,1.33448200e-02,1.72905700e-02,2.04098800e-02,2.50968500e-02,3.31858100e-02,3.73079200e-02,3.31858100e-02,2.50968500e-02,2.04098800e-02,1.72905700e-02,1.33448200e-02,8.84375400e-03,2.84063700e-04,6.91440200e-05
2.56566080e+06,-7.50784000e+00,6.94750000e-05,2.88784900e-04,8.94745100e-03,1.33711800e-02,1.73029200e-02,2.04194800e-02,2.50971100e-02,3.31858100e-02,3.73079200e-02,3.31858100e-02,2.50971100e-02,2.04194800e-02,1.73029200e-02,1.33711800e-02,8.94745100e-03,2.88784900e-04,6.94750000e-05
2.56966080e+06,-7.49992900e+00,6.98095200e-05,2.93689800e-04,9.04595800e-03,1.33981700e-02,1.73153800e-02,2.04291100e-02,2.50973600e-02,3.31858100e-02,3.73079200e-02,3.31858100e-02,2.50973600e-02,2.04291100e-02,1.73153800e-02,1.33981700e-02,9.04595800e-03,2.93689800e-04,6.98095200e-05
2.57366080e+06,-7.49325300e+00,7.01475800e-05,2.98781900e-04,9.13920100e-03,1.34257900e-02,1.73279300e-02,2.04387700e-02,2.50976200e-02,3.31858100e-02,3.73079200e-02,3.31858100e-02,2.50976200e-02,2.04387700e-02,1.73279300e-02,1.34257900e-02,9.13920100e-03,2.98781900e-04,7.01475800e-05
2.57766080e+06,-7.48793200e+00,7.04891900e-05,3.04063400e-04,9.22723700e-03,1.34540100e-02,1.73405800e-02,2.04484600e-02,2.50978800e-02,3.31858100e-02,3.73079200e-02,3.31858100e-02,2.50978800e-02,2.04484600e-02,1.73405800e-02,1.34540100e-02,9.22723700e-03,3.04063400e-04,7.04891900e-05
2.58166080e+06,-7.48408000e+00,7.08343200e-05,3.09535400e-04,9.31022300e-03,1.34827900e-02,1.73533200e-02,2.04581800e-02,2.50981400e-02,3.31858100e-02,3.73079200e-02,3.31858100e-02,2.50981400e-02,2.04581800e-02,1.73533200e-02,1.34827900e-02,9.31022300e-03,3.09535400e-04,7.08343200e-05
2.58566080e+06,-7.48180900e+00,7.11829600e-05,3.15198000e-04,9.38839100e-03,1.35121100e-02,1.73661600e-02,2.04679300e-02,2.50984100e-02,3.31858100e-02,3.73079200e-02,3.31858100e-02,2.50984100e-02,2.04679300e-02,1.73661600e-02,1.35121100e-02,9.38839100e-03,3.15198000e-04,7.11829600e-05
2.58966080e+06,-7.48124600e+00,7.15351000e-05,3.21050500e-04,9.46202000e-03,1.35419200e-02,1.73791000e-02,2.04777100e-02,2.50986700e-02,3.31858100e-02,3.73079200e-02,3.31858100e-02,2.50986700e-02,2.04777100e-02,1.73791000e-02,1.35419200e-02,9.46202000e-03,3.21050500e-04,7.15351000e-05
