t,max_slip_rate,-400,-350,-300,-250,-200,-150,-100,-50,-0,50,100,150,200,250,300,350,400
0,0,-400,-350,-300,-250,-200,-150,-100,-50,-0,50,100,150,200,250,300,350,400
500,-12,-1.312109e-34,-3.9006620000000004e-34,-4.8796729999999998e-34,-3.1729490000000001e-34,-1.1432459999999999e-34,-1.9555509999999999e-34,-3.1191359999999999e-34,-2.9479490000000001e-34,-1.3998270000000001e-34,-4.1277139999999996e-34,-9.3048509999999998e-35,-4.45004e-34,-1.7251300000000001e-34,-3.7825730000000001e-34,-1.024419e-34,-5.6483840000000002e-35,-1.1853940000000001e-34
4000,-11.58473,-7.1800230000000003e-33,-1.005289e-32,-1.580185e-32,-2.016248e-32,2.4255580000000001e-32,-1.758494e-32,-4.93171e-32,-2.3170350000000001e-32,-1.303828e-31,-4.6660170000000002e-32,1.10579e-32,-2.6090949999999999e-32,-1.2988880000000001e-32,-7.8448009999999996e-33,-1.19329e-32,-7.3830089999999998e-33,-1.787685e-32
8000,-11.13707,-3.1345660000000001e-32,-7.5637849999999998e-32,-4.680791e-32,-4.6730159999999998e-32,4.07054e-32,-5.4298689999999997e-32,-1.6149620000000001e-31,-1.5709419999999999e-31,-7.4051720000000003e-31,-1.840527e-31,-3.3289149999999998e-32,-1.441575e-31,-2.8398740000000001e-32,-2.2965310000000001e-32,-5.3081839999999995e-32,-2.968077e-32,-6.0287380000000004e-32
12000,-10.71467,-8.2994870000000004e-32,-1.6538790000000001e-31,-8.0151639999999998e-32,-1.196803e-31,7.6772500000000005e-32,-1.1428139999999999e-31,-4.8942950000000002e-31,-4.4274320000000003e-31,-3.3755610000000003e-30,-1.176609e-30,-2.8472950000000001e-31,-3.1055730000000002e-31,-7.6400299999999996e-32,-1.078799e-31,-9.791223e-32,-6.1693890000000004e-32,-1.2565520000000001e-31
16000,-10.314410000000001,-1.3279840000000001e-31,-2.5107640000000002e-31,-8.9178630000000003e-32,-2.2277930000000002e-31,4.3720830000000003e-32,-2.0067160000000001e-31,-1.025566e-30,-2.074132e-30,-1.6364449999999999e-29,-3.9338040000000001e-30,-7.1884889999999998e-31,-5.7855709999999996e-31,-1.157944e-31,-1.48977e-31,-2.018442e-31,-1.031437e-31,-2.320437e-31
20000,-9.9336640000000003,-2.1592169999999999e-31,-4.78243e-31,-1.715973e-31,-2.789709e-31,-4.6835519999999998e-32,-3.9253720000000002e-31,-1.7236329999999998e-30,-4.5981089999999997e-30,-5.8537169999999996e-29,-1.105528e-29,-1.4514520000000001e-30,-9.4152729999999993e-31,-1.506715e-31,-2.0525759999999999e-31,-3.1452350000000002e-31,-1.592807e-31,-3.7386839999999999e-31
24000,-9.5702510000000007,-3.646141e-31,-8.2180579999999998e-31,-2.7737119999999998e-31,-3.4575630000000001e-31,-1.891908e-31,-5.7620829999999997e-31,-3.3951540000000003e-30,-2.02864e-29,-1.6018030000000001e-28,-2.637325e-29,-3.2302410000000003e-30,-1.454254e-30,-3.1371989999999998e-31,-2.47313e-31,-4.239764e-31,-2.4482160000000001e-31,-5.1085879999999997e-31
28000,-9.2223980000000001,-4.5019699999999999e-31,-1.0581519999999999e-30,-3.9591839999999996e-31,-4.9700119999999996e-31,-3.4853889999999998e-31,-9.5541260000000006e-31,-3.4065260000000002e-30,-9.2651659999999998e-29,-6.9377389999999997e-28,-7.2308940000000004e-29,-6.9154290000000004e-30,-2.1435879999999999e-30,-6.2984470000000001e-31,-2.6127080000000001e-31,-5.5284730000000001e-31,-3.2125210000000001e-31,-6.8976700000000003e-31
32000,-8.8888149999999992,-4.902114e-31,-1.3136280000000001e-30,-5.2781539999999997e-31,-7.3323310000000002e-31,-6.0920160000000003e-31,-1.559607e-30,-3.3104009999999998e-30,-3.8563770000000001e-28,-3.0365829999999999e-27,-8.340916e-29,-1.182032e-29,-2.8055279999999999e-30,-9.2566959999999996e-31,-3.16436e-31,-7.2280090000000001e-31,-5.0119599999999999e-31,-1.0217019999999999e-30
36000,-8.5688420000000001,-5.3990350000000003e-31,-1.6398029999999999e-30,-6.2821330000000001e-31,-9.5048369999999999e-31,-9.8563049999999994e-31,-2.6939290000000001e-30,-3.7522310000000003e-30,-1.4480300000000001e-27,-1.4307080000000001e-26,2.9836649999999999e-28,-1.922227e-29,-3.6725039999999997e-30,-1.198414e-30,-3.903063e-31,-9.2329569999999991e-31,-6.0091970000000002e-31,-1.3826510000000001e-30
40000,-8.2627900000000007,-5.4622510000000003e-31,-1.9778040000000002e-30,-7.9678029999999998e-31,-1.068894e-30,-1.3088430000000001e-30,-4.2453959999999998e-30,-7.725881e-30,-5.1797069999999999e-27,-3.5462859999999998e-26,1.494087e-27,-3.1395470000000001e-29,-5.2449650000000001e-30,-1.916895e-30,-5.7419600000000002e-31,-1.188717e-30,-7.8491290000000004e-31,-1.6435979999999998e-30
44000,-7.9725400000000004,-3.820632e-31,-2.048183e-30,-7.1107789999999999e-31,-1.328385e-30,-1.7415779999999999e-30,-7.5561650000000005e-30,-5.3100039999999999e-29,-1.9006020000000001e-26,-4.5468000000000001e-26,1.3049719999999999e-26,-5.2844129999999997e-29,-6.5861059999999996e-30,-2.8719579999999999e-30,-1.138359e-30,-1.622139e-30,-1.11039e-30,-1.987841e-30
48000,-7.7024020000000002,2.249006e-31,-1.9933649999999998e-30,-6.2927149999999996e-31,-1.7881460000000001e-30,-2.3037769999999999e-30,-1.899993e-29,-9.7590940000000005e-29,-7.4708630000000006e-26,-2.3491349999999999e-25,3.6835700000000001e-26,-2.0457490000000001e-29,-8.5871429999999997e-30,-4.1084449999999998e-30,-2.121775e-30,-2.326793e-30,-1.515794e-30,-2.6499500000000001e-30
52000,-7.4598550000000001,1.5971349999999998e-30,-1.1437090000000001e-30,6.0954220000000001e-31,-1.426357e-30,-1.9876279999999999e-30,-3.0373690000000001e-29,-9.8533589999999999e-29,-1.8412430000000001e-25,-1.606098e-24,1.28316e-25,-3.550281e-29,-1.9889700000000001e-29,-5.0269030000000001e-30,-3.1615099999999998e-30,-3.12289e-30,-2.1732099999999999e-30,-3.616908e-30
56000,-7.254899,4.3256490000000002e-30,7.0662449999999997e-31,2.7069850000000001e-30,-1.5848660000000001e-30,-3.7748989999999998e-30,-7.5489439999999997e-29,-4.6009330000000002e-28,-6.0891459999999998e-25,-2.588112e-24,3.7999479999999999e-25,8.0137529999999999e-29,-2.9948539999999997e-29,-6.5781229999999993e-30,-5.6945260000000001e-30,-3.9182310000000001e-30,-2.7549050000000001e-30,-5.0419429999999997e-30
60000,-7.096457,9.0775819999999995e-30,4.3967429999999999e-30,7.3646360000000003e-30,-2.096678e-30,-8.8008689999999997e-30,-1.5151710000000001e-28,-1.2749829999999999e-27,-1.446919e-24,-1.539879e-23,1.210218e-24,2.7803850000000002e-28,-4.7483129999999999e-29,-6.9169160000000006e-30,-7.2512920000000005e-30,-5.1251720000000001e-30,-3.7642779999999998e-30,-6.9524299999999995e-30
64000,-6.9867239999999997,1.6640889999999999e-29,1.007079e-29,1.30056e-29,-2.939779e-30,-1.4759760000000001e-29,-2.8925060000000001e-28,-3.6088340000000001e-27,-3.4652010000000003e-24,-2.8368290000000002e-23,2.4271400000000001e-24,9.9319909999999999e-28,-7.6919050000000003e-29,-8.4529050000000001e-30,-1.14492e-29,-7.4620810000000001e-30,-5.375498e-30,-1.017124e-29
68000,-6.9183979999999998,2.8103539999999997e-29,1.8152359999999999e-29,2.155829e-29,-3.3433619999999997e-30,-1.9501959999999999e-29,-5.1191019999999996e-28,-7.3018299999999995e-27,-7.8136959999999994e-24,-3.4565139999999997e-23,5.4648520000000003e-24,-1.8624730000000001e-27,-1.154609e-28,-2.1176689999999999e-29,-1.862529e-29,-1.1537599999999999e-29,-8.8488480000000002e-30,-1.4760709999999999e-29
72000,-6.8775370000000002,4.421994e-29,2.9831960000000001e-29,3.2952860000000002e-29,-6.8707399999999996e-31,-2.2468930000000001e-29,-8.7730040000000004e-28,-1.2046410000000001e-26,-1.71332e-23,-1.0932810000000001e-22,8.8604800000000005e-24,-8.1682020000000003e-28,-1.3439e-28,-2.3832140000000001e-29,-2.8623290000000001e-29,-1.849091e-29,-1.5441779999999999e-29,-2.301146e-29
76000,-6.848465,6.5828719999999998e-29,4.482078e-29,4.9884819999999999e-29,-1.967303e-30,-3.324088e-29,-1.392098e-27,-2.4383519999999999e-26,-3.3015760000000002e-23,-1.814458e-22,1.4336140000000001e-23,4.0814789999999999e-27,-1.358794e-28,-1.631635e-29,-4.1555400000000002e-29,-2.295752e-29,-2.0819090000000001e-29,-3.2391490000000003e-29
80000,-6.8174900000000003,9.4683269999999996e-29,6.7299089999999999e-29,7.305137e-29,-5.4811380000000003e-30,-5.5186249999999995e-29,-2.0529490000000002e-27,-4.3081909999999999e-26,-5.9594700000000002e-23,-3.5902989999999999e-22,1.7763650000000001e-23,1.3898659999999999e-26,-1.657879e-28,-2.931736e-29,-4.7518339999999999e-29,-2.8445859999999997e-29,-2.846062e-29,-4.3515490000000001e-29
84000,-6.7763799999999996,1.3669899999999999e-28,9.9722070000000002e-29,1.036888e-28,-1.0551590000000001e-30,-9.1971180000000003e-29,-3.120382e-27,-7.6119099999999996e-26,-1.0006329999999999e-22,-3.0069499999999998e-22,2.7113340000000001e-23,1.366137e-26,-4.6888439999999999e-28,-1.184844e-29,-6.6580450000000001e-29,-3.5858549999999999e-29,-3.767481e-29,-5.9011059999999999e-29
88000,-6.7257740000000004,1.848338e-28,1.3684839999999999e-28,1.4735750000000001e-28,-1.6953089999999999e-29,-1.5503459999999999e-28,-4.6883160000000003e-27,-1.565413e-25,-1.8658779999999999e-22,-6.2704189999999999e-22,3.8623430000000001e-24,6.0802529999999996e-26,-1.426112e-27,-3.4322490000000002e-29,-1.119328e-28,-5.2847470000000004e-29,-5.3276809999999998e-29,-8.2210519999999999e-29
91956.345833333005,-6.6714950000000002,2.5940750000000002e-28,1.9392389999999999e-28,2.1737730000000001e-28,8.0037430000000004e-30,-5.2127440000000005e-29,-5.7126529999999996e-27,-1.2948239999999999e-25,-3.0015070000000001e-22,-1.4500320000000001e-21,-1.2350269999999999e-22,1.0621080000000001e-25,-2.6505890000000001e-27,-1.2441179999999999e-28,-1.7027910000000001e-28,-9.1172860000000002e-29,-8.2358319999999996e-29,-1.2309699999999999e-28
95536.916666667006,-6.6263329999999998,3.3690970000000001e-28,2.5237940000000002e-28,2.8260630000000001e-28,1.5488349999999999e-29,-2.2240789999999999e-29,-7.5442230000000005e-27,-1.5911049999999999e-25,-3.4543510000000001e-22,-2.0906010000000001e-21,-5.5151460000000005e-22,2.4925709999999999e-25,-4.0136469999999996e-27,-1.956163e-28,-2.4113230000000001e-28,-1.2441449999999999e-28,-1.143822e-28,-1.6467919999999999e-28
98815.545833333003,-6.596698,4.2981039999999998e-28,3.263778e-28,3.8320779999999999e-28,6.3754029999999998e-29,7.4277009999999996e-29,-8.9309790000000006e-27,-9.7941170000000003e-26,-7.6415480000000001e-22,-2.5471959999999999e-21,-1.1598839999999999e-21,1.7059679999999999e-25,-5.6676150000000003e-27,-2.8650750000000002e-28,-3.2281959999999998e-28,-1.665179e-28,-1.463858e-28,-2.127793e-28
101915.40833332999,-6.5793049999999997,5.3693169999999996e-28,4.0371229999999998e-28,4.6105089999999998e-28,6.6501629999999998e-29,-3.9006950000000001e-31,-1.228736e-26,-3.9529449999999999e-25,-2.2873529999999998e-22,-3.1944580000000002e-21,-3.1788360000000001e-21,-1.568712e-25,-9.5338389999999994e-27,-4.6614900000000002e-28,-4.7633749999999997e-28,-2.431473e-28,-2.0538320000000001e-28,-2.7761939999999998e-28
104934.06666667,-6.57803,6.7126700000000001e-28,5.1313979999999999e-28,5.8364949999999996e-28,1.1402600000000001e-28,2.6447839999999999e-29,-1.4948180000000001e-26,-1.2520259999999999e-24,3.4506720000000002e-22,-3.0010439999999999e-21,-6.6551220000000001e-21,-5.7335769999999995e-25,-1.526716e-26,-9.4019119999999996e-28,-6.8851410000000003e-28,-3.452701e-28,-2.7090929999999999e-28,-3.5367819999999998e-28
107952.72083332999,-6.5736109999999996,8.2042240000000008e-28,6.3847859999999999e-28,7.2863609999999996e-28,2.099373e-28,1.4992599999999999e-28,-1.585349e-26,-2.2269449999999998e-24,4.2854970000000003e-21,-4.3602530000000002e-21,-1.309829e-20,-6.452722e-25,-2.2116450000000001e-26,-1.4187710000000001e-27,-9.9009489999999993e-28,-4.6173819999999997e-28,-3.602364e-28,-4.4754559999999996e-28
110970.55833333,-6.5841279999999998,9.7901130000000002e-28,7.5776380000000003e-28,8.8443050000000008e-28,2.5888439999999999e-28,1.005428e-28,-2.033306e-26,-3.8580069999999999e-24,7.5122949999999996e-21,-3.959669e-21,-1.9571100000000001e-20,-2.5234560000000002e-24,-3.2320959999999998e-26,-2.0317169999999999e-27,-1.353976e-27,-5.9526699999999998e-28,-4.699597e-28,-5.7129820000000002e-28
114112.825,-6.6086359999999997,1.191833e-27,9.1991529999999992e-28,1.0867259999999999e-27,3.9260489999999998e-28,3.1225859999999998e-28,-2.219453e-26,-6.5094279999999996e-24,1.329899e-20,-1.7738049999999998e-21,-2.8686259999999999e-20,-5.7757499999999998e-24,-4.423478e-26,-2.9142930000000001e-27,-1.6794240000000001e-27,-7.8795630000000003e-28,-6.0021100000000001e-28,-7.0935749999999998e-28
117288.78333332999,-6.5684279999999999,1.423958e-27,1.103526e-27,1.277319e-27,4.4867159999999999e-28,5.4127600000000002e-28,-3.0950750000000001e-26,-1.1316289999999999e-23,1.401351e-20,1.448798e-21,-3.4945920000000001e-20,-1.211656e-23,-5.9469020000000003e-26,-3.9787260000000004e-27,-2.108361e-27,-9.8183269999999992e-28,-7.1591239999999996e-28,-8.5453869999999997e-28
120112.02499999999,-6.5222340000000001,1.6647840000000001e-27,1.281874e-27,1.4698050000000001e-27,4.7171139999999999e-28,2.5228890000000002e-28,-4.1545679999999999e-26,-1.9498239999999999e-23,1.126877e-20,5.347954e-21,-4.2492789999999997e-20,-2.1545160000000001e-23,-7.7541920000000006e-26,-5.2530229999999999e-27,-2.6390159999999999e-27,-1.1661479999999999e-27,-8.5897990000000005e-28,-1.0141509999999999e-27
122683.79166667,-6.4888209999999997,1.891376e-27,1.4571769999999999e-27,1.6748e-27,4.3610579999999999e-28,-7.1231479999999995e-29,-5.5628379999999999e-26,-3.2112610000000001e-23,1.026222e-20,7.9825050000000001e-21,-4.5824329999999999e-20,-3.2932319999999999e-23,-9.8335929999999996e-26,-5.9108649999999997e-27,-3.097112e-27,-1.349884e-27,-9.7847689999999997e-28,-1.155545e-27
125088.55833333,-6.4647990000000002,2.128685e-27,1.6199239999999999e-27,1.8992799999999999e-27,3.7236379999999999e-28,-6.1750820000000001e-28,-7.3473510000000002e-26,-4.5972559999999998e-23,1.0569840000000001e-20,9.2036930000000002e-21,-5.1975779999999998e-20,-4.5613160000000002e-23,-1.1523269999999999e-25,-7.0316390000000007e-27,-3.6583140000000001e-27,-1.5755860000000001e-27,-1.1286620000000001e-27,-1.3334780000000001e-27
127377.27499999999,-6.4462419999999998,2.346268e-27,1.75968e-27,2.0118970000000001e-27,2.0481989999999998e-28,-1.549174e-27,-9.6237229999999998e-26,-6.8035580000000004e-23,8.0804549999999997e-21,1.0540699999999999e-20,-5.6849800000000001e-20,-5.781317e-23,-1.322205e-25,-7.4914350000000006e-27,-4.0466580000000001e-27,-1.713826e-27,-1.256707e-27,-1.4904159999999999e-27
129580.79166667,-6.4340130000000002,2.570842e-27,1.9022259999999999e-27,2.1150760000000002e-27,-6.5165199999999999e-29,-2.90784e-27,-1.2473340000000001e-25,-1.109499e-22,2.6278570000000002e-22,1.3560690000000001e-20,-5.9836849999999997e-20,-7.2842420000000005e-23,-1.6279280000000001e-25,-8.4917069999999999e-27,-4.5615709999999998e-27,-1.8958979999999998e-27,-1.412413e-27,-1.67296e-27
131763.4375,-6.4477520000000004,2.817232e-27,2.0570669999999999e-27,2.230045e-27,-3.075011e-28,-4.1674520000000002e-27,-1.6092269999999999e-25,-1.954436e-22,-4.092073e-21,1.8809890000000001e-20,-6.394008e-20,-7.9073749999999995e-23,-1.935245e-25,-9.5366700000000001e-27,-4.9040409999999998e-27,-2.0701049999999998e-27,-1.525967e-27,-1.8486569999999999e-27
134117.875,-6.47776,3.0900379999999999e-27,2.202098e-27,2.334405e-27,-7.0767649999999998e-28,-6.9336240000000005e-27,-2.2439040000000002e-25,-3.4642810000000002e-22,-8.37901e-21,2.6993079999999999e-20,-7.1457710000000002e-20,-1.150845e-22,-2.6387069999999999e-25,-1.088588e-26,-5.6481149999999997e-27,-2.324191e-27,-1.6855569999999999e-27,-2.0476e-27
136524.64999999999,-6.4823250000000003,3.3830100000000002e-27,2.3505189999999999e-27,2.3600839999999999e-27,-1.3558909999999999e-27,-1.05898e-26,-3.0220370000000002e-25,-5.9433349999999996e-22,-9.4741319999999996e-21,3.7612689999999997e-20,-8.0429450000000002e-20,-1.363201e-22,-3.0163659999999999e-25,-1.194317e-26,-6.0676310000000002e-27,-2.4707879999999999e-27,-1.7779489999999999e-27,-2.2280370000000001e-27
138986.19166667,-6.4961399999999996,3.6911340000000001e-27,2.5099929999999999e-27,2.4894349999999999e-27,-1.8902029999999998e-27,-1.52449e-26,-3.899275e-25,-1.0212789999999999e-21,-8.9724139999999999e-21,4.6794289999999998e-20,-9.2634509999999998e-20,-1.7825500000000001e-22,-3.6950910000000002e-25,-1.3506490000000001e-26,-6.8311019999999996e-27,-2.6754559999999999e-27,-1.9528460000000001e-27,-2.462818e-27
141494.40833333001,-6.4955860000000003,4.0396780000000001e-27,2.7217810000000001e-27,2.7324970000000002e-27,-2.388006e-27,-1.8492719999999999e-26,-4.4935160000000003e-25,-1.5979520000000001e-21,-8.4676979999999996e-21,5.3255019999999998e-20,-1.045365e-19,-2.5744580000000001e-22,-4.5805319999999997e-25,-1.4949139999999999e-26,-7.7340990000000001e-27,-2.9493770000000001e-27,-2.1466690000000001e-27,-2.7062499999999999e-27
144015.22916667,-6.5043329999999999,4.4082749999999997e-27,2.9414739999999999e-27,2.8663540000000001e-27,-3.075024e-27,-2.32476e-26,-5.2421289999999999e-25,-2.4990029999999999e-21,-7.2421109999999993e-21,6.6014199999999999e-20,-1.1079359999999999e-19,-4.12794e-22,-5.7470919999999998e-25,-1.7155789999999999e-26,-8.8146399999999998e-27,-3.2155989999999999e-27,-2.3326769999999999e-27,-2.964931e-27
146622.40833333001,-6.5279239999999996,4.8266500000000004e-27,3.15864e-27,3.0493660000000002e-27,-3.553473e-27,-2.758719e-26,-5.9647770000000004e-25,-3.8317150000000001e-21,-5.7767510000000003e-21,7.1806459999999998e-20,-1.1865160000000001e-19,-4.47633e-22,-6.9909179999999995e-25,-1.934704e-26,-9.900818e-27,-3.5413189999999998e-27,-2.5792959999999999e-27,-3.2905799999999999e-27
149436.34583333001,-6.5745139999999997,5.3063659999999998e-27,3.4413960000000002e-27,3.19722e-27,-4.3428899999999999e-27,-3.2238520000000002e-26,-7.5594969999999997e-25,-5.5689829999999999e-21,-1.0861150000000001e-20,7.7712280000000004e-20,-1.2171739999999999e-19,-1.170928e-21,-8.6561229999999993e-25,-2.2370100000000001e-26,-1.115801e-26,-3.9965490000000002e-27,-2.9150660000000001e-27,-3.7181009999999998e-27
152642.45833333,-6.6432140000000004,5.9157329999999997e-27,3.783089e-27,3.6402459999999999e-27,-4.8260930000000002e-27,-3.4816439999999997e-26,-9.3037399999999996e-25,-7.2755979999999997e-21,-1.3232789999999999e-20,7.4695290000000002e-20,-1.2538400000000001e-19,-1.510622e-21,-1.081305e-24,-2.6628289999999999e-26,-1.321535e-26,-4.557513e-27,-3.3622880000000002e-27,-4.2359889999999997e-27
156440.95833333,-6.7317229999999997,6.6723659999999998e-27,4.2896680000000001e-27,4.1167889999999998e-27,-5.5225239999999999e-27,-3.9427439999999997e-26,-1.1980949999999999e-24,-9.7469929999999996e-21,-1.4832329999999999e-20,6.921195e-20,-1.3224470000000001e-19,-1.80564e-21,-1.444755e-24,-3.1030099999999999e-26,-1.5282329999999999e-26,-5.2799140000000003e-27,-3.8660670000000002e-27,-4.8400980000000004e-27
160440.95833333,-6.8490679999999999,7.4549180000000002e-27,4.7023559999999999e-27,4.3909710000000003e-27,-6.8867179999999993e-27,-4.656387e-26,-1.5793089999999999e-24,-1.275153e-20,-1.624949e-20,6.1229139999999994e-20,-1.3957859999999999e-19,-2.0002259999999999e-21,-1.8461989999999999e-24,-4.1076009999999998e-26,-1.796917e-26,-6.2509270000000003e-27,-4.5391399999999998e-27,-5.6313120000000003e-27
164440.95833333,-6.8531930000000001,8.334482e-27,5.2472760000000001e-27,4.9405279999999997e-27,-8.3473719999999998e-27,-5.5288049999999999e-26,-2.116443e-24,-1.768313e-20,-1.5204519999999999e-20,6.1839120000000004e-20,-1.4669039999999999e-19,-3.6615640000000002e-21,-2.2836410000000001e-24,-4.9018719999999998e-26,-2.09658e-26,-7.3797660000000004e-27,-5.2088280000000001e-27,-6.4607289999999999e-27
168440.95833333,-6.8462019999999999,9.3099240000000005e-27,5.7927390000000002e-27,5.292922e-27,-9.6876699999999996e-27,-6.3851200000000002e-26,-2.6363319999999999e-24,-2.3607960000000001e-20,-1.4964420000000001e-20,6.5140839999999995e-20,-1.565484e-19,-7.0664329999999997e-21,-3.0955199999999998e-24,-6.3371320000000003e-26,-2.5132449999999999e-26,-8.8488220000000006e-27,-6.0857950000000003e-27,-7.366736e-27
172440.95833333,-6.8374259999999998,1.0471800000000001e-26,6.6605150000000003e-27,6.3178290000000003e-27,-9.3058540000000007e-27,-6.3030309999999998e-26,-3.0187550000000001e-24,-2.711631e-20,-1.4912429999999999e-20,6.3144429999999997e-20,-1.6500359999999999e-19,-1.039435e-20,-4.4026209999999999e-24,-9.4615280000000004e-26,-3.1520640000000002e-26,-1.100675e-26,-7.3706110000000006e-27,-8.4619780000000005e-27
176440.95833333,-6.8255540000000003,1.1788910000000001e-26,7.8098479999999997e-27,7.6132119999999995e-27,-8.8657950000000004e-27,-5.7958520000000001e-26,-3.5668919999999999e-24,-3.1961e-20,-1.278299e-20,6.4054919999999997e-20,-1.667436e-19,-1.8042730000000001e-20,-7.0658159999999993e-24,-1.291711e-25,-3.9098469999999999e-26,-1.3342279999999999e-26,-8.6308369999999993e-27,-9.6841210000000003e-27
180440.95833333,-6.8086399999999996,1.3188699999999999e-26,9.0603049999999998e-27,9.4297860000000002e-27,-7.0114719999999999e-27,-4.6365350000000001e-26,-3.7758760000000002e-24,-3.4435889999999998e-20,-1.1950620000000001e-20,6.1930909999999997e-20,-1.7075939999999999e-19,-2.646209e-20,-1.169266e-23,-1.8363329999999999e-25,-4.8130739999999998e-26,-1.611076e-26,-1.0205240000000001e-26,-1.110921e-26
184440.95833333,-6.7848439999999997,1.4785840000000001e-26,1.052598e-26,1.1796400000000001e-26,-4.6148749999999999e-27,-3.0098289999999999e-26,-2.9641030000000001e-24,-3.7485700000000002e-20,-1.754837e-20,6.066043e-20,-1.69696e-19,-3.6894750000000002e-20,-2.0319029999999999e-23,-2.4615190000000001e-25,-5.9247730000000006e-26,-1.9150550000000001e-26,-1.177912e-26,-1.266502e-26
188440.95833333,-6.7364560000000004,1.6567449999999999e-26,1.2214189999999999e-26,1.4258930000000001e-26,-7.7990800000000003e-28,1.0839460000000001e-27,2.43616e-25,-3.8050809999999998e-20,-2.0429260000000001e-20,5.1124830000000003e-20,-1.689437e-19,-4.7929439999999998e-20,-3.4024240000000002e-23,-3.1744600000000001e-25,-7.4376819999999998e-26,-2.309013e-26,-1.3782070000000001e-26,-1.4491650000000001e-26
192357.82083333001,-6.651745,1.844825e-26,1.3969750000000001e-26,1.7542719999999999e-26,3.728177e-27,3.744201e-26,2.233534e-24,-4.1310390000000001e-20,-1.8743760000000001e-20,4.0063749999999998e-20,-1.6791960000000001e-19,-5.4910970000000005e-20,-5.210764e-23,-4.0160999999999999e-25,-8.9624939999999998e-26,-2.7705450000000001e-26,-1.6280219999999999e-26,-1.6562880000000001e-26
195668.50416667,-6.5717280000000002,2.0166670000000001e-26,1.5655139999999999e-26,2.0426610000000001e-26,9.0512999999999998e-27,8.2537420000000002e-26,5.8808799999999997e-24,-4.2697420000000001e-20,-1.842771e-20,2.9680520000000001e-20,-1.686734e-19,-5.7702449999999995e-20,-6.9762489999999999e-23,-4.8301389999999997e-25,-1.037021e-25,-3.161087e-26,-1.8285300000000001e-26,-1.8349800000000001e-26
198458.87083333,-6.505185,2.1722530000000001e-26,1.7116689999999999e-26,2.320267e-26,1.4006430000000001e-26,1.271907e-25,1.6413879999999999e-23,-4.0115979999999999e-20,-1.8801600000000001e-20,1.839602e-20,-1.7302739999999999e-19,-5.8391290000000006e-20,-9.0130220000000005e-23,-5.5193640000000004e-25,-1.161911e-25,-3.5183100000000001e-26,-2.0134739999999999e-26,-1.99894e-26
200882.21666666999,-6.4513230000000004,2.318373e-26,1.8525870000000001e-26,2.5716210000000001e-26,1.8306819999999999e-26,1.5738109999999999e-25,3.1444059999999999e-23,-4.620038e-20,-2.3328200000000001e-20,9.5225080000000002e-21,-1.8175109999999999e-19,-6.952669e-20,-1.061652e-22,-6.1888820000000002e-25,-1.2654059999999999e-25,-3.8066899999999998e-26,-2.174684e-26,-2.135325e-26
203051.31666667,-6.4117040000000003,2.438328e-26,1.962683e-26,2.7886689999999998e-26,2.1790870000000001e-26,1.8483230000000001e-25,4.6576219999999999e-23,-5.31327e-20,-2.477349e-20,3.7556969999999999e-21,-1.8729329999999999e-19,-7.8469689999999995e-20,-1.252567e-22,-6.8771719999999996e-25,-1.372376e-25,-4.0889909999999999e-26,-2.3248660000000001e-26,-2.26964e-26
205069.10000000001,-6.3945889999999999,2.5459710000000001e-26,2.051264e-26,2.9550249999999997e-26,2.3524130000000001e-26,2.094575e-25,5.3274660000000001e-23,-5.9610079999999999e-20,-2.600491e-20,2.357852e-21,-2.0112680000000001e-19,-9.5872579999999999e-20,-1.462062e-22,-7.5666999999999998e-25,-1.47127e-25,-4.346583e-26,-2.4668870000000001e-26,-2.390346e-26
207096.96249999999,-6.4327240000000003,2.6562920000000001e-26,2.1380819999999999e-26,3.1233520000000002e-26,2.5373170000000001e-26,2.272337e-25,6.6408050000000001e-23,-7.0147069999999995e-20,-2.849564e-20,-6.1843189999999999e-22,-2.1116170000000001e-19,-1.080617e-19,-1.6014949999999999e-22,-8.2987109999999999e-25,-1.5629020000000001e-25,-4.5776899999999998e-26,-2.5871470000000003e-26,-2.504742e-26
209392.85000000001,-6.4718900000000001,2.786488e-26,2.24744e-26,3.306961e-26,2.7032940000000002e-26,2.5250620000000001e-25,7.8034020000000004e-23,-7.5953079999999998e-20,-2.9707240000000003e-20,-8.0836410000000007e-21,-2.2458130000000001e-19,-1.300737e-19,-1.796527e-22,-9.2459780000000007e-25,-1.6576790000000001e-25,-4.8712180000000002e-26,-2.7338340000000001e-26,-2.6443719999999999e-26
211833.36249999999,-6.5033149999999997,2.9214449999999998e-26,2.35491e-26,3.4954189999999998e-26,2.758708e-26,2.5541670000000001e-25,7.1914109999999994e-23,-7.8732570000000005e-20,-2.650133e-20,-1.857067e-20,-2.4118990000000001e-19,-1.446643e-19,-2.0949439999999999e-22,-1.031532e-24,-1.7750859999999999e-25,-5.1892700000000001e-26,-2.9081389999999999e-26,-2.8028290000000001e-26
214486.25,-6.5467519999999997,3.072942e-26,2.4763789999999999e-26,3.6901039999999998e-26,2.7741560000000002e-26,2.5703139999999999e-25,1.019655e-22,-8.1027869999999995e-20,-2.1861110000000001e-20,-2.4507160000000001e-20,-2.6008489999999999e-19,-1.5491459999999999e-19,-2.2485309999999999e-22,-1.148312e-24,-1.9243840000000001e-25,-5.5650380000000002e-26,-3.1145699999999999e-26,-2.9898419999999998e-26
217512.13333333001,-6.6335670000000002,3.2437530000000001e-26,2.6000479999999998e-26,3.8901179999999999e-26,2.680091e-26,2.0052790000000001e-25,1.0481610000000001e-22,-8.6223920000000003e-20,-1.6957910000000001e-20,-3.0849729999999999e-20,-2.8292959999999998e-19,-1.5918720000000001e-19,-1.841228e-22,-1.2939940000000001e-24,-2.0551259999999999e-25,-5.950363e-26,-3.323817e-26,-3.1912910000000001e-26
221343.02499999999,-6.7349220000000001,3.472125e-26,2.7686499999999999e-26,4.1258549999999997e-26,2.545654e-26,2.1187829999999999e-25,1.1592039999999999e-22,-8.9462780000000006e-20,-1.0159080000000001e-20,-5.2384760000000002e-20,-3.035723e-19,-1.569237e-19,-1.275518e-22,-1.498177e-24,-2.2124290000000001e-25,-6.3937630000000001e-26,-3.5363230000000001e-26,-3.4356159999999999e-26
225343.02499999999,-6.725568,3.7004560000000001e-26,2.947096e-26,4.4405870000000001e-26,2.2716819999999999e-26,1.6427739999999999e-25,1.5714849999999999e-22,-9.6934349999999994e-20,-6.8001230000000004e-21,-6.4240579999999995e-20,-3.1710180000000001e-19,-1.543757e-19,-2.576097e-22,-1.7521370000000001e-24,-2.4478409999999998e-25,-6.9437200000000005e-26,-3.8109249999999998e-26,-3.6849960000000002e-26
229343.02499999999,-6.7246610000000002,3.918603e-26,3.0629489999999998e-26,4.6270860000000001e-26,1.4387649999999999e-26,7.9472770000000003e-26,2.3531449999999998e-22,-1.049335e-19,-1.393479e-21,-7.5572630000000001e-20,-3.2782840000000002e-19,-1.5867029999999999e-19,-3.8179010000000001e-22,-2.036798e-24,-2.7469410000000002e-25,-7.6343540000000004e-26,-4.1665189999999998e-26,-4.0077529999999997e-26
233343.02499999999,-6.7289300000000001,4.1470749999999997e-26,3.1859590000000001e-26,4.807398e-26,2.7344629999999998e-27,-9.1175320000000004e-26,2.8560659999999999e-23,-1.08875e-19,6.0938680000000002e-21,-8.4355819999999998e-20,-3.4296059999999998e-19,-1.6891470000000001e-19,-4.4893109999999998e-22,-2.4488829999999999e-24,-3.0840290000000002e-25,-8.3756129999999996e-26,-4.5428250000000001e-26,-4.3255399999999998e-26
237343.02499999999,-6.7332879999999999,4.4119820000000002e-26,3.3784070000000001e-26,5.0411609999999998e-26,-5.118621e-27,-1.2029819999999999e-25,-1.41711e-22,-1.1332560000000001e-19,9.8672599999999993e-21,-9.3070129999999997e-20,-3.5410009999999999e-19,-1.778597e-19,-5.1943179999999999e-22,-3.0111990000000001e-24,-3.513307e-25,-9.2590460000000002e-26,-4.9921119999999999e-26,-4.7144920000000002e-26
241343.02499999999,-6.7358969999999996,4.6722290000000001e-26,3.5578379999999999e-26,5.3003260000000004e-26,-1.5325639999999999e-26,-2.0252829999999999e-25,-8.6063019999999996e-23,-1.189216e-19,6.777878e-21,-9.96242e-20,-3.604139e-19,-1.786619e-19,-8.8036680000000009e-22,-3.6622430000000002e-24,-4.0183789999999999e-25,-1.033274e-25,-5.4548199999999997e-26,-5.155615e-26
245343.02499999999,-6.7347020000000004,4.9428779999999997e-26,3.7371709999999997e-26,5.6004259999999999e-26,-2.0309629999999999e-26,-2.2017250000000001e-25,-5.0972209999999998e-23,-1.2356850000000001e-19,-4.5224680000000001e-21,-1.1057979999999999e-19,-3.6847419999999999e-19,-1.8039639999999999e-19,-1.547055e-21,-4.3643079999999997e-24,-4.5665540000000004e-25,-1.148826e-25,-5.9923210000000001e-26,-5.5875370000000005e-26
249343.02499999999,-6.7224930000000001,5.2302730000000005e-26,3.9118000000000002e-26,5.9589409999999996e-26,-2.6839449999999999e-26,-1.652142e-25,-3.8930749999999999e-22,-1.2929480000000001e-19,-1.6428350000000001e-20,-1.247307e-19,-3.7163489999999999e-19,-1.8507390000000001e-19,-2.8621880000000002e-21,-5.3274620000000002e-24,-5.2500399999999999e-25,-1.2867169999999999e-25,-6.6061839999999996e-26,-6.1050629999999999e-26
253343.02499999999,-6.7123910000000002,5.5546989999999999e-26,4.0936280000000002e-26,6.325464e-26,-2.6067919999999999e-26,-2.8041269999999998e-26,-5.6723949999999997e-22,-1.3547079999999999e-19,-2.667931e-20,-1.338159e-19,-3.7560509999999999e-19,-1.930342e-19,-4.4680739999999998e-21,-6.3574999999999999e-24,-6.0051700000000005e-25,-1.4394109999999999e-25,-7.256606e-26,-6.6544989999999997e-26
257343.02499999999,-6.7089790000000002,5.9026360000000003e-26,4.3189900000000001e-26,6.7669770000000005e-26,-3.1661109999999998e-26,9.0345770000000001e-26,-3.6838409999999998e-22,-1.484158e-19,-3.431275e-20,-1.3362639999999999e-19,-3.8254419999999999e-19,-2.0497650000000001e-19,-7.1275130000000007e-21,-7.8406590000000001e-24,-6.7398090000000003e-25,-1.5925589999999999e-25,-7.8953839999999995e-26,-7.2244689999999998e-26
261343.02499999999,-6.7347109999999999,6.2599040000000001e-26,4.5442989999999999e-26,7.2895640000000006e-26,-3.2157829999999999e-26,1.731326e-25,6.0104169999999997e-22,-1.570892e-19,-4.5444400000000001e-20,-1.3236929999999999e-19,-3.8828379999999999e-19,-2.183907e-19,-1.08812e-20,-9.3694250000000004e-24,-7.6089200000000003e-25,-1.7538989999999999e-25,-8.5966589999999999e-26,-7.7845140000000002e-26
265343.02500000002,-6.8317069999999998,6.6285729999999998e-26,4.7978019999999997e-26,7.8406169999999997e-26,-2.8516180000000001e-26,4.3933490000000001e-25,3.0267679999999998e-21,-1.5953860000000001e-19,-4.2872329999999998e-20,-1.4069979999999999e-19,-3.8832690000000002e-19,-2.256349e-19,-1.4346359999999999e-20,-1.1292940000000001e-23,-8.6082969999999998e-25,-1.931216e-25,-9.3527220000000005e-26,-8.394834e-26
269343.02500000002,-6.9122389999999996,7.0154469999999997e-26,5.0573539999999999e-26,8.4208660000000002e-26,-2.6314980000000003e-26,8.5373160000000002e-25,4.012867e-21,-1.6625060000000001e-19,-3.7905890000000002e-20,-1.551902e-19,-3.9801110000000002e-19,-2.3377909999999999e-19,-1.6732329999999999e-20,-1.3607710000000001e-23,-9.5571730000000001e-25,-2.1101690000000001e-25,-1.007437e-25,-8.9901780000000003e-26
273343.02500000002,-6.8979929999999996,7.3986920000000002e-26,5.2874949999999995e-26,8.9202939999999996e-26,-3.3075799999999999e-26,1.3874670000000001e-24,2.9315840000000001e-21,-1.719471e-19,-3.3787420000000001e-20,-1.639599e-19,-4.133256e-19,-2.4090160000000002e-19,-1.8430340000000001e-20,-1.650617e-23,-1.05168e-24,-2.2862619999999999e-25,-1.077192e-25,-9.5817600000000004e-26
277343.02500000002,-6.8967590000000003,7.7715450000000002e-26,5.4893089999999999e-26,9.558257e-26,-2.9883970000000003e-26,1.8680330000000002e-24,5.1692530000000002e-21,-1.7742679999999999e-19,-3.431781e-20,-1.8531100000000001e-19,-4.3068919999999998e-19,-2.4492140000000001e-19,-2.046074e-20,-2.0080830000000001e-23,-1.139726e-24,-2.4509030000000002e-25,-1.146248e-25,-1.020012e-25
281343.02500000002,-6.9011079999999998,8.1572459999999995e-26,5.7124300000000002e-26,9.9508309999999995e-26,-4.098482e-26,4.8871319999999996e-25,4.0743180000000001e-21,-1.8611629999999999e-19,-2.8643460000000001e-20,-2.0040369999999999e-19,-4.4573200000000004e-19,-2.4824200000000001e-19,-2.1175850000000001e-20,-2.4034209999999999e-23,-1.236669e-24,-2.6024310000000001e-25,-1.2089470000000001e-25,-1.0765919999999999e-25
285343.02500000002,-6.9081489999999999,8.5532749999999997e-26,5.912344e-26,1.0594790000000001e-25,-5.2930169999999997e-26,-2.2423470000000001e-24,1.0763480000000001e-21,-1.8991020000000001e-19,-2.6323179999999999e-20,-2.1938260000000001e-19,-4.5997749999999997e-19,-2.5310100000000002e-19,-2.7476550000000001e-20,-2.734374e-23,-1.341535e-24,-2.7753930000000002e-25,-1.278184e-25,-1.140163e-25
289343.02500000002,-6.8630199999999997,8.9617319999999998e-26,6.0766229999999995e-26,1.10796e-25,-6.5944369999999995e-26,-7.7065880000000006e-24,1.8482199999999998e-21,-1.9453670000000001e-19,-1.861781e-20,-2.3474190000000002e-19,-4.7712909999999998e-19,-2.5587509999999998e-19,-3.2605089999999998e-20,-3.2760620000000003e-23,-1.4720080000000001e-24,-2.9746869999999999e-25,-1.354516e-25,-1.2080499999999999e-25
293343.02500000002,-6.8048659999999996,9.3497179999999994e-26,6.3106680000000003e-26,1.171166e-25,-8.5285339999999995e-26,-1.3269480000000001e-23,-1.565593e-21,-2.0062830000000001e-19,-1.161576e-20,-2.4581319999999999e-19,-4.9488499999999997e-19,-2.5788470000000001e-19,-4.0385170000000001e-20,-3.9830209999999999e-23,-1.5816670000000001e-24,-3.1710720000000001e-25,-1.4329959999999999e-25,-1.279953e-25
297343.02500000002,-6.746251,9.7837830000000004e-26,6.532424e-26,1.2133820000000001e-25,-8.9183710000000004e-26,-2.112438e-23,-5.2417559999999996e-21,-2.0044249999999999e-19,-1.295359e-20,-2.661052e-19,-5.1055880000000003e-19,-2.613491e-19,-5.0076809999999999e-20,-4.6241899999999999e-23,-1.7145419999999999e-24,-3.3495650000000001e-25,-1.507873e-25,-1.344785e-25
301338.28333333001,-6.6863979999999996,1.0208090000000001e-25,6.8381179999999998e-26,1.2574100000000001e-25,-9.828661e-26,-3.4605159999999997e-23,-1.2123890000000001e-22,-1.9832099999999999e-19,-2.0237690000000001e-20,-2.873766e-19,-5.1719420000000003e-19,-2.68242e-19,-6.2756420000000004e-20,-5.2939070000000001e-23,-1.883762e-24,-3.567633e-25,-1.600837e-25,-1.4199709999999999e-25
304987.08750000002,-6.6233610000000001,1.063775e-25,7.1102210000000003e-26,1.312983e-25,-1.010323e-25,-5.0226760000000002e-23,1.4567609999999999e-21,-1.948803e-19,-2.8252109999999997e-20,-3.0036010000000001e-19,-5.2459039999999997e-19,-2.682657e-19,-7.7966020000000004e-20,-6.9075220000000003e-23,-2.0645220000000001e-24,-3.7956899999999999e-25,-1.6932679999999999e-25,-1.4917089999999999e-25
308165.15833333001,-6.5672759999999997,1.0987989999999999e-25,7.3102290000000003e-26,1.3677509999999999e-25,-1.1855539999999999e-25,-7.1636220000000005e-23,1.8044439999999998e-21,-1.933019e-19,-3.218763e-20,-3.1348310000000001e-19,-5.299274e-19,-2.6714259999999999e-19,-8.9125260000000004e-20,-9.2603450000000003e-23,-2.2335390000000001e-24,-4.0094450000000002e-25,-1.775942e-25,-1.5609149999999999e-25
310974.84999999998,-6.5176780000000001,1.1327680000000001e-25,7.5301659999999997e-26,1.4072429999999999e-25,-1.5916820000000001e-25,-8.9464409999999999e-23,4.8121439999999998e-21,-2.0216379999999999e-19,-3.9423870000000001e-20,-3.20449e-19,-5.392997e-19,-2.6167350000000001e-19,-9.265431e-20,-1.3293189999999999e-22,-2.3965929999999999e-24,-4.2111439999999999e-25,-1.8456460000000001e-25,-1.617337e-25
313506.36249999999,-6.4809570000000001,1.163096e-25,7.7078710000000002e-26,1.4617120000000001e-25,-1.7850690000000001e-25,-1.1411609999999999e-22,1.242284e-20,-2.0593469999999999e-19,-4.5110119999999999e-20,-3.3108160000000002e-19,-5.4942669999999997e-19,-2.5571969999999999e-19,-1.000415e-19,-1.8099140000000001e-22,-2.570553e-24,-4.4157309999999999e-25,-1.9156870000000001e-25,-1.6721729999999999e-25
315905.90416666999,-6.4848650000000001,1.189023e-25,7.8321480000000005e-26,1.4880210000000001e-25,-2.1096879999999999e-25,-1.475649e-22,1.5864220000000001e-20,-2.059018e-19,-5.3548950000000001e-20,-3.415168e-19,-5.5879079999999997e-19,-2.4966409999999999e-19,-1.0836530000000001e-19,-2.3104590000000002e-22,-2.7231439999999998e-24,-4.6315929999999996e-25,-1.9845410000000001e-25,-1.7293589999999999e-25
318383.34583333001,-6.4796930000000001,1.219422e-25,8.0710010000000002e-26,1.529337e-25,-2.303989e-25,-1.9565400000000001e-22,1.9804090000000001e-20,-2.019468e-19,-6.2907599999999996e-20,-3.5714680000000002e-19,-5.680499e-19,-2.39931e-19,-1.1879160000000001e-19,-3.0738570000000002e-22,-2.912916e-24,-4.8867159999999997e-25,-2.063562e-25,-1.790546e-25
320763.83333333,-6.4696490000000004,1.250159e-25,8.2540250000000003e-26,1.5639539999999999e-25,-2.260854e-25,-2.5419319999999998e-22,2.70902e-20,-2.0210519999999999e-19,-7.4775360000000001e-20,-3.7264109999999999e-19,-5.8039749999999998e-19,-2.2768359999999999e-19,-1.208891e-19,-4.2426450000000004e-22,-3.144182e-24,-5.1958929999999997e-25,-2.1575150000000001e-25,-1.8588409999999999e-25
323150.59583333001,-6.4903149999999998,1.2914089999999999e-25,8.5882019999999998e-26,1.643411e-25,-2.1911559999999998e-25,-3.3320600000000001e-22,3.4660949999999997e-20,-1.9938390000000001e-19,-8.8455730000000006e-20,-3.8501240000000001e-19,-5.9361110000000002e-19,-2.2195929999999998e-19,-1.206737e-19,-5.7141129999999996e-22,-3.4498089999999999e-24,-5.5557009999999998e-25,-2.2659089999999999e-25,-1.9401759999999999e-25
325829.04999999999,-6.5701869999999998,1.3370600000000001e-25,8.9416400000000001e-26,1.7625059999999999e-25,-2.2719189999999999e-25,-3.7817669999999999e-22,4.0360979999999999e-20,-2.091353e-19,-9.7459659999999995e-20,-4.056608e-19,-5.9864989999999996e-19,-2.2387939999999998e-19,-1.2452250000000001e-19,-8.0510909999999997e-22,-3.8850459999999999e-24,-6.0160830000000002e-25,-2.397191e-25,-2.0400529999999999e-25
328736.67083333002,-6.5547930000000001,1.394884e-25,9.3965290000000002e-26,1.9243019999999999e-25,-2.4592149999999998e-25,-3.5721569999999998e-22,4.8518850000000002e-20,-2.1493540000000001e-19,-1.052504e-19,-4.3999400000000001e-19,-6.0559500000000001e-19,-2.290512e-19,-1.274245e-19,-1.063634e-21,-4.410476e-24,-6.5200679999999999e-25,-2.5478540000000001e-25,-2.1466790000000001e-25
331644.42916667002,-6.5716349999999997,1.4527020000000001e-25,9.8892339999999999e-26,2.0874879999999998e-25,-2.3074330000000002e-25,-2.3662230000000002e-22,5.5546060000000003e-20,-2.281979e-19,-1.027641e-19,-4.7038530000000001e-19,-6.2368330000000001e-19,-2.3472980000000002e-19,-1.3281369999999999e-19,-1.335595e-21,-4.9934759999999997e-24,-7.0621679999999996e-25,-2.705821e-25,-2.256912e-25
334721.89583333,-6.6046659999999999,1.5128230000000001e-25,1.023694e-25,2.253334e-25,-2.8183000000000002e-25,-1.1971749999999999e-22,6.1707680000000005e-20,-2.458361e-19,-1.040247e-19,-4.9867040000000002e-19,-6.4323430000000002e-19,-2.299656e-19,-1.388812e-19,-1.6335670000000001e-21,-5.628157e-24,-7.6183070000000004e-25,-2.8680769999999999e-25,-2.3780750000000001e-25
338067.23749999999,-6.6434749999999996,1.565314e-25,1.029986e-25,2.3513869999999999e-25,-3.7971170000000001e-25,-1.244582e-22,6.5807899999999996e-20,-2.594739e-19,-1.218315e-19,-5.3585249999999996e-19,-6.4022929999999996e-19,-2.2981199999999999e-19,-1.461624e-19,-2.0372920000000001e-21,-6.3504690000000003e-24,-8.1891899999999998e-25,-3.0434180000000002e-25,-2.5129160000000001e-25
341721.01666666998,-6.6802830000000002,1.604723e-25,9.9698120000000001e-26,2.278068e-25,-6.2748470000000001e-25,-1.8365880000000001e-22,6.6599589999999996e-20,-2.6985109999999998e-19,-1.2912050000000001e-19,-5.7458950000000003e-19,-6.5017350000000005e-19,-2.3429140000000001e-19,-1.545116e-19,-2.456713e-21,-7.1162420000000001e-24,-8.8232270000000004e-25,-3.2465600000000002e-25,-2.6642269999999999e-25
345660.79583333002,-6.7125839999999997,1.6412349999999999e-25,9.4612140000000001e-26,2.0988849999999999e-25,-1.029248e-24,-3.7188220000000001e-22,6.2879380000000003e-20,-2.7891849999999999e-19,-1.262314e-19,-6.0128409999999997e-19,-6.6044860000000001e-19,-2.3371400000000001e-19,-1.6224699999999999e-19,-3.0449799999999999e-21,-8.090116e-24,-9.5399129999999994e-25,-3.453853e-25,-2.8284349999999998e-25
349660.79583333002,-6.7523059999999999,1.676021e-25,8.9141150000000001e-26,1.9143910000000001e-25,-1.5163129999999999e-24,-6.1499269999999998e-22,6.1858289999999994e-20,-2.8600960000000002e-19,-1.2233479999999999e-19,-6.3158469999999999e-19,-6.9100739999999999e-19,-2.3942020000000002e-19,-1.701863e-19,-3.7269259999999997e-21,-9.154167e-24,-1.025867e-24,-3.6599309999999999e-25,-2.9948580000000001e-25
353660.79583333002,-6.8348560000000003,1.7170060000000001e-25,8.4140270000000003e-26,1.8416439999999999e-25,-2.1425910000000001e-24,-9.6377439999999994e-22,6.1393589999999996e-20,-2.9632479999999998e-19,-1.15393e-19,-6.5917929999999996e-19,-7.1588620000000003e-19,-2.4721009999999998e-19,-1.765422e-19,-4.526852e-21,-1.036248e-23,-1.0945670000000001e-24,-3.8830370000000001e-25,-3.1657269999999999e-25
357660.79583333002,-6.952159,1.7538640000000001e-25,7.8663469999999998e-26,1.66997e-25,-2.8828029999999999e-24,-1.2758699999999999e-21,5.927876e-20,-3.0673879999999999e-19,-1.093397e-19,-6.769473e-19,-7.3500440000000003e-19,-2.6066390000000001e-19,-1.8376939999999999e-19,-5.3340419999999998e-21,-1.166452e-23,-1.1679799999999999e-24,-4.080894e-25,-3.3333370000000002e-25
361660.79583333002,-6.9387239999999997,1.7972270000000001e-25,7.3509509999999998e-26,1.660972e-25,-3.486724e-24,-1.63725e-21,5.9988779999999996e-20,-3.1581870000000002e-19,-1.131918e-19,-6.9251909999999997e-19,-7.4433770000000001e-19,-2.6514109999999998e-19,-1.921232e-19,-6.6490389999999998e-21,-1.3053929999999999e-23,-1.24796e-24,-4.3123549999999996e-25,-3.5086039999999999e-25
365660.79583333002,-6.9084390000000004,1.8385369999999999e-25,6.8221459999999995e-26,1.5096580000000001e-25,-4.0900379999999998e-24,-1.540417e-21,6.130085e-20,-3.2540920000000001e-19,-1.1505560000000001e-19,-6.9511339999999999e-19,-7.5019100000000002e-19,-2.6974669999999998e-19,-2.0005619999999999e-19,-8.3144469999999997e-21,-1.42669e-23,-1.335788e-24,-4.5637520000000004e-25,-3.7067780000000002e-25
369660.79583333002,-6.8875729999999997,1.8994249999999999e-25,6.5290649999999998e-26,1.4535200000000001e-25,-4.7530870000000003e-24,-1.480761e-21,6.1913830000000002e-20,-3.3312960000000001e-19,-1.162626e-19,-6.9572349999999997e-19,-7.5147480000000002e-19,-2.737968e-19,-2.0688849999999999e-19,-9.9805569999999995e-21,-1.5505570000000001e-23,-1.41929e-24,-4.7866229999999997e-25,-3.9079640000000002e-25
373660.79583333002,-6.8742520000000003,1.9635579999999999e-25,6.354765e-26,1.472061e-25,-5.3795510000000002e-24,-1.474665e-21,6.1560330000000001e-20,-3.396474e-19,-1.1660490000000001e-19,-6.958277e-19,-7.520791e-19,-2.7694440000000001e-19,-2.1422380000000001e-19,-1.2405680000000001e-20,-1.6833410000000001e-23,-1.51404e-24,-5.048704e-25,-4.1192679999999999e-25
377660.79583333002,-6.8666299999999998,2.0173189999999999e-25,6.2235000000000001e-26,1.5212530000000001e-25,-6.0690249999999998e-24,-1.388925e-21,6.1273639999999997e-20,-3.4146179999999998e-19,-1.168865e-19,-6.9586320000000001e-19,-7.522934e-19,-2.7886849999999998e-19,-2.220418e-19,-1.4800509999999999e-20,-1.8062659999999999e-23,-1.6070010000000001e-24,-5.3161759999999998e-25,-4.3391839999999996e-25
381660.79583333002,-6.8631830000000003,2.0860289999999998e-25,5.9916560000000003e-26,1.729828e-25,-6.8855159999999999e-24,-2.3377470000000002e-22,6.2675180000000003e-20,-3.4454079999999998e-19,-1.1702579999999999e-19,-6.9587909999999997e-19,-7.5229809999999998e-19,-2.8080429999999999e-19,-2.2710610000000002e-19,-1.6647110000000001e-20,-1.8940559999999999e-23,-1.7138140000000001e-24,-5.5807720000000003e-25,-4.5692010000000003e-25
385660.79583333002,-6.8627890000000003,2.138329e-25,5.5594210000000002e-26,1.760693e-25,-8.1849110000000004e-24,-1.33351e-22,6.301646e-20,-3.4667340000000001e-19,-1.170794e-19,-6.9588899999999997e-19,-7.5239070000000001e-19,-2.8182039999999999e-19,-2.3311059999999999e-19,-1.9086239999999999e-20,-1.865266e-23,-1.8256510000000001e-24,-5.8621070000000002e-25,-4.8005220000000004e-25
389660.79583333002,-6.8647879999999999,2.1965480000000002e-25,5.1478269999999999e-26,1.6487150000000001e-25,-9.4807959999999994e-24,-7.7626349999999997e-22,6.3381349999999996e-20,-3.483027e-19,-1.1709520000000001e-19,-6.9589360000000001e-19,-7.5244880000000004e-19,-2.831573e-19,-2.384723e-19,-2.1609600000000001e-20,-1.8133160000000001e-23,-1.9293479999999999e-24,-6.1536040000000002e-25,-5.0415419999999998e-25
393660.79583333002,-6.8692320000000002,2.2560100000000001e-25,4.6783640000000001e-26,1.608842e-25,-1.125902e-23,-6.3261710000000004e-22,6.4086439999999994e-20,-3.4895189999999999e-19,-1.171113e-19,-6.9589619999999998e-19,-7.5251889999999998e-19,-2.8388880000000001e-19,-2.4251830000000002e-19,-2.611345e-20,-1.670815e-23,-2.0502409999999999e-24,-6.4503990000000004e-25,-5.2865740000000003e-25
397660.79583333002,-6.877675,2.299098e-25,3.845655e-26,1.6801290000000001e-25,-1.177175e-23,-3.3954109999999999e-22,6.3813780000000002e-20,-3.5016519999999998e-19,-1.171264e-19,-6.9589740000000003e-19,-7.5253829999999997e-19,-2.8491829999999998e-19,-2.4745259999999999e-19,-2.9545529999999999e-20,-1.4364539999999999e-23,-2.163903e-24,-6.7207020000000001e-25,-5.5230019999999997e-25
401660.79583333002,-6.8950550000000002,2.3588699999999999e-25,3.2450470000000001e-26,1.7213900000000001e-25,-1.2547299999999999e-23,3.9800189999999999e-22,6.4007649999999998e-20,-3.510998e-19,-1.1713940000000001e-19,-6.9589780000000004e-19,-7.525647e-19,-2.8575040000000002e-19,-2.5288569999999998e-19,-3.3872499999999998e-20,-1.005986e-23,-2.287378e-24,-6.9935030000000005e-25,-5.7753070000000001e-25
405660.79583333002,-6.9319160000000002,2.3968039999999999e-25,2.083574e-26,1.6540430000000001e-25,-1.3716370000000001e-23,1.0485859999999999e-22,6.3496869999999995e-20,-3.5163179999999999e-19,-1.171438e-19,-6.9589829999999999e-19,-7.5257910000000002e-19,-2.8606219999999999e-19,-2.5943710000000001e-19,-3.6683450000000003e-20,-4.0012369999999998e-24,-2.4140760000000002e-24,-7.2778349999999998e-25,-6.0312159999999997e-25
409660.79583333002,-6.9787280000000003,2.4194720000000001e-25,8.97495e-27,1.4055119999999999e-25,-1.567813e-23,1.7422910000000001e-21,6.3737160000000003e-20,-3.5219360000000002e-19,-1.1715100000000001e-19,-6.9589870000000001e-19,-7.5258509999999998e-19,-2.8657149999999998e-19,-2.6559789999999999e-19,-4.1358110000000001e-20,3.1848490000000002e-24,-2.542102e-24,-7.5806659999999997e-25,-6.2898079999999998e-25
413660.79583333002,-6.9995890000000003,2.4651040000000001e-25,-1.3836460000000001e-27,1.2385679999999999e-25,-1.8974709999999999e-23,2.0648390000000001e-21,6.369567e-20,-3.5269719999999999e-19,-1.171544e-19,-6.9589889999999997e-19,-7.5259499999999998e-19,-2.8720179999999998e-19,-2.702066e-19,-4.7303140000000002e-20,1.225222e-23,-2.6898120000000001e-24,-7.9634650000000001e-25,-6.5839200000000004e-25
417660.79583333002,-7.0299019999999999,2.503356e-25,-1.736231e-26,1.1285470000000001e-25,-2.245791e-23,3.9619269999999997e-21,6.3889610000000001e-20,-3.5305490000000001e-19,-1.171566e-19,-6.95899e-19,-7.5260069999999995e-19,-2.8742979999999999e-19,-2.7455000000000001e-19,-4.978826e-20,2.390123e-23,-2.8608590000000001e-24,-8.3522460000000001e-25,-6.9028039999999996e-25
421660.79583333002,-7.0732499999999998,2.541287e-25,-3.2383040000000002e-26,7.493676e-26,-2.554671e-23,3.4684279999999999e-21,6.4035549999999999e-20,-3.5340889999999999e-19,-1.1715810000000001e-19,-6.9589919999999996e-19,-7.5260330000000001e-19,-2.878907e-19,-2.77833e-19,-5.3496440000000002e-20,3.7917910000000001e-23,-3.0210639999999999e-24,-8.6895530000000008e-25,-7.2108919999999997e-25
425660.79583333002,-7.0994000000000002,2.559259e-25,-5.0595950000000002e-26,2.3422349999999999e-26,-2.8878789999999999e-23,3.1082150000000002e-21,6.4146919999999994e-20,-3.5374020000000002e-19,-1.1715970000000001e-19,-6.9589929999999999e-19,-7.5260899999999998e-19,-2.8812869999999999e-19,-2.8098200000000001e-19,-5.8886350000000005e-20,5.1551259999999999e-23,-3.1828330000000001e-24,-9.0447870000000004e-25,-7.5367209999999998e-25
429660.79583333002,-7.1157640000000004,2.584371e-25,-6.8275400000000005e-26,-2.156878e-26,-3.2930289999999998e-23,4.042279e-21,6.4303780000000002e-20,-3.5391529999999998e-19,-1.1716100000000001e-19,-6.9589929999999999e-19,-7.5261369999999996e-19,-2.883944e-19,-2.8383170000000002e-19,-6.6237320000000003e-20,6.7417750000000003e-23,-3.3401710000000002e-24,-9.3961999999999997e-25,-7.8645839999999999e-25
433660.79583333002,-7.0950389999999999,2.5984890000000001e-25,-8.8185379999999995e-26,-8.8006960000000003e-26,-3.6580980000000001e-23,3.8064029999999999e-21,6.4374059999999999e-20,-3.5420449999999998e-19,-1.171625e-19,-6.9589940000000001e-19,-7.5261730000000001e-19,-2.8873690000000002e-19,-2.8685980000000001e-19,-7.2595909999999997e-20,8.4111700000000001e-23,-3.5130360000000001e-24,-9.8069799999999997e-25,-8.1921699999999998e-25
437660.79583333002,-7.0750929999999999,2.6026099999999998e-25,-1.112002e-25,-1.689007e-25,-4.2656509999999998e-23,2.3930640000000001e-21,6.4963570000000001e-20,-3.5456140000000001e-19,-1.1716320000000001e-19,-6.9589940000000001e-19,-7.5261940000000003e-19,-2.8891509999999999e-19,-2.8952210000000001e-19,-7.8536919999999998e-20,1.022249e-22,-3.7324749999999999e-24,-1.0246910000000001e-24,-8.5516909999999991e-25
441660.79583333002,-7.0557699999999999,2.5852909999999998e-25,-1.349679e-25,-2.2883979999999999e-25,-5.2446429999999998e-23,1.7353180000000001e-22,6.5822430000000006e-20,-3.5472339999999999e-19,-1.1716390000000001e-19,-6.9589950000000004e-19,-7.5262029999999999e-19,-2.8898820000000001e-19,-2.9256159999999999e-19,-8.8848220000000001e-20,1.236123e-22,-3.9675660000000003e-24,-1.066748e-24,-8.9301559999999996e-25
445660.79583333002,-7.0369080000000004,2.6163879999999999e-25,-1.5080639999999999e-25,-2.6777639999999999e-25,-6.1021240000000003e-23,-3.8102230000000004e-21,6.5863220000000004e-20,-3.548741e-19,-1.1716390000000001e-19,-6.9589950000000004e-19,-7.5262089999999997e-19,-2.8906659999999998e-19,-2.9607850000000001e-19,-9.7928190000000005e-20,1.518859e-22,-4.2295369999999998e-24,-1.1131199999999999e-24,-9.3621680000000004e-25
449660.79583333002,-7.0183429999999998,2.6199980000000002e-25,-1.762735e-25,-3.1387530000000001e-25,-6.8048490000000001e-23,-5.7571720000000002e-21,6.620825e-20,-3.5502609999999999e-19,-1.171642e-19,-6.9589950000000004e-19,-7.5262229999999998e-19,-2.8918500000000002e-19,-2.9940139999999998e-19,-1.0559280000000001e-19,1.822001e-22,-4.533513e-24,-1.166676e-24,-9.7973109999999992e-25
453660.79583333002,-6.999924,2.6563909999999998e-25,-1.9301730000000001e-25,-3.4009480000000001e-25,-7.28764e-23,-1.012018e-20,6.6934970000000001e-20,-3.5516409999999998e-19,-1.171648e-19,-6.9589959999999997e-19,-7.5262329999999997e-19,-2.8932640000000001e-19,-3.0272129999999998e-19,-1.1773269999999999e-19,2.1645459999999998e-22,-4.8356770000000002e-24,-1.2230420000000001e-24,-1.022913e-24
457660.79583333002,-6.9815389999999997,2.6809679999999999e-25,-2.1051469999999999e-25,-3.4066760000000001e-25,-7.6481990000000005e-23,-1.0908769999999999e-20,6.7618490000000006e-20,-3.552693e-19,-1.1716500000000001e-19,-6.9589959999999997e-19,-7.5262359999999996e-19,-2.8941999999999999e-19,-3.061684e-19,-1.2768560000000001e-19,2.6022500000000001e-22,-5.2011339999999997e-24,-1.2878809999999999e-24,-1.0693580000000001e-24
461660.79583333002,-6.9631809999999996,2.6788229999999998e-25,-2.333179e-25,-4.1772599999999999e-25,-8.3015860000000004e-23,-1.268577e-20,6.8217690000000005e-20,-3.5534410000000002e-19,-1.1716509999999999e-19,-6.9589959999999997e-19,-7.5262410000000001e-19,-2.8951240000000001e-19,-3.0936489999999998e-19,-1.4103849999999999e-19,3.0769429999999999e-22,-5.5372149999999999e-24,-1.345592e-24,-1.115687e-24
465660.79583333002,-6.945112,2.702722e-25,-2.559878e-25,-4.636733e-25,-9.1240589999999998e-23,-1.6916660000000001e-20,6.8577249999999998e-20,-3.5541540000000001e-19,-1.1716550000000001e-19,-6.9589959999999997e-19,-7.5262450000000002e-19,-2.8964770000000001e-19,-3.1253700000000001e-19,-1.515116e-19,3.5040889999999999e-22,-5.873036e-24,-1.401105e-24,-1.1622699999999999e-24
469660.79583333002,-6.9282820000000003,2.7089339999999999e-25,-2.7711329999999999e-25,-4.6503739999999997e-25,-1.00982e-22,-2.0166310000000001e-20,6.8759140000000006e-20,-3.5550639999999998e-19,-1.1716569999999999e-19,-6.9589959999999997e-19,-7.5262480000000001e-19,-2.8968880000000001e-19,-3.158891e-19,-1.6049029999999999e-19,3.981898e-22,-6.244721e-24,-1.4607810000000001e-24,-1.211856e-24
473660.79583333002,-6.9153830000000003,2.7481290000000001e-25,-2.9691550000000001e-25,-5.0906849999999996e-25,-1.05551e-22,-2.3893950000000001e-20,6.9281459999999999e-20,-3.5560999999999999e-19,-1.17166e-19,-6.9589959999999997e-19,-7.5262520000000003e-19,-2.8981200000000001e-19,-3.1817259999999999e-19,-1.7172249999999999e-19,4.435813e-22,-6.6660180000000004e-24,-1.5329099999999999e-24,-1.2636600000000001e-24
477660.79583333002,-6.9130390000000004,2.806363e-25,-3.1648300000000002e-25,-5.1722459999999999e-25,-1.0985569999999999e-22,-2.925185e-20,6.9387489999999997e-20,-3.556696e-19,-1.1716629999999999e-19,-6.9589959999999997e-19,-7.5262539999999999e-19,-2.8985910000000001e-19,-3.2095519999999999e-19,-1.85894e-19,4.9112840000000002e-22,-7.1226329999999994e-24,-1.606913e-24,-1.321039e-24
481660.79583333002,-6.9336739999999999,2.876579e-25,-3.3259700000000001e-25,-4.7220659999999998e-25,-1.129506e-22,-3.341747e-20,6.9621209999999995e-20,-3.5576570000000001e-19,-1.171665e-19,-6.9589959999999997e-19,-7.5262569999999998e-19,-2.8994890000000002e-19,-3.2361760000000001e-19,-1.998298e-19,5.2674650000000005e-22,-7.5538179999999999e-24,-1.6868419999999998e-24,-1.3797530000000001e-24
485660.79583333002,-6.9279549999999999,2.9552700000000002e-25,-3.4931859999999999e-25,-4.5306549999999998e-25,-1.1968059999999999e-22,-3.7660009999999999e-20,6.9621110000000003e-20,-3.5583609999999999e-19,-1.1716670000000001e-19,-6.9589959999999997e-19,-7.5262580000000001e-19,-2.90021e-19,-3.265783e-19,-2.119668e-19,5.648978e-22,-8.001843e-24,-1.7619529999999999e-24,-1.437329e-24
489660.79583333002,-6.9355349999999998,3.0523389999999998e-25,-3.6829849999999999e-25,-4.2139980000000003e-25,-1.086702e-22,-4.1670419999999998e-20,6.9266490000000002e-20,-3.5592250000000001e-19,-1.1716689999999999e-19,-6.9589959999999997e-19,-7.5262609999999999e-19,-2.9009599999999998e-19,-3.2962019999999998e-19,-2.20679e-19,6.189829e-22,-8.6186180000000005e-24,-1.836291e-24,-1.495133e-24
493660.79583333002,-6.9621649999999997,3.1081140000000001e-25,-3.9619570000000001e-25,-4.4443260000000003e-25,-1.193833e-22,-4.504109e-20,6.959543e-20,-3.5599670000000001e-19,-1.17167e-19,-6.9589959999999997e-19,-7.5262639999999998e-19,-2.9013289999999999e-19,-3.322877e-19,-2.2943759999999998e-19,6.8074079999999999e-22,-9.1572019999999999e-24,-1.9118899999999999e-24,-1.556567e-24
497660.79583333002,-7.0141080000000002,3.1651659999999999e-25,-4.3011880000000001e-25,-4.3090349999999996e-25,-1.496412e-22,-4.4933929999999999e-20,6.9606679999999997e-20,-3.560477e-19,-1.171671e-19,-6.958997e-19,-7.5262660000000004e-19,-2.9019510000000002e-19,-3.3610490000000002e-19,-2.363135e-19,7.5513699999999999e-22,-9.6647520000000004e-24,-1.9852929999999998e-24,-1.621267e-24
501660.79583333002,-7.0854150000000002,3.2384480000000001e-25,-4.5517810000000001e-25,-5.0301149999999996e-25,-2.1629020000000001e-22,-4.2957720000000003e-20,6.9961120000000005e-20,-3.5611840000000002e-19,-1.1716730000000001e-19,-6.958997e-19,-7.526268e-19,-2.9021440000000002e-19,-3.3840580000000002e-19,-2.409428e-19,7.8226790000000001e-22,-1.0308359999999999e-23,-2.0821069999999999e-24,-1.6898600000000002e-24
505660.79583333002,-7.0949710000000001,3.3116189999999998e-25,-4.8940429999999996e-25,-5.3100150000000004e-25,-2.83843e-22,-4.1213109999999998e-20,7.0500919999999998e-20,-3.5616500000000002e-19,-1.1716740000000001e-19,-6.958997e-19,-7.5262690000000003e-19,-2.9026610000000002e-19,-3.4040780000000002e-19,-2.4607130000000002e-19,7.4705799999999996e-22,-1.09903e-23,-2.1912559999999998e-24,-1.7677709999999998e-24
509660.79583333002,-7.1109749999999998,3.3930870000000002e-25,-5.2257120000000002e-25,-5.0209579999999997e-25,-3.6397400000000002e-22,-4.0034779999999998e-20,7.1213520000000001e-20,-3.5619020000000001e-19,-1.1716740000000001e-19,-6.958997e-19,-7.5262699999999996e-19,-2.902976e-19,-3.4230609999999999e-19,-2.5016720000000001e-19,7.4126289999999999e-22,-1.165773e-23,-2.2887559999999998e-24,-1.8386630000000001e-24
513660.79583333002,-7.1303910000000004,3.4077910000000002e-25,-5.7314399999999997e-25,-6.1433790000000003e-25,-4.5175499999999997e-22,-3.957733e-20,7.1799260000000001e-20,-3.562265e-19,-1.1716740000000001e-19,-6.958997e-19,-7.5262709999999999e-19,-2.9034289999999998e-19,-3.4381579999999998e-19,-2.5509179999999999e-19,6.7835649999999997e-22,-1.246071e-23,-2.397958e-24,-1.9133759999999998e-24
517660.79583333002,-7.1509460000000002,3.4130330000000001e-25,-6.38658e-25,-6.5379560000000003e-25,-5.5767150000000003e-22,-3.9725209999999999e-20,7.2376469999999998e-20,-3.562458e-19,-1.1716749999999999e-19,-6.958997e-19,-7.5262720000000002e-19,-2.9036489999999998e-19,-3.4518559999999998e-19,-2.5770010000000001e-19,6.4255459999999996e-22,-1.311856e-23,-2.4828329999999999e-24,-1.9871459999999998e-24
521660.79583333002,-7.1712600000000002,3.4333960000000002e-25,-6.9863010000000002e-25,-7.4838449999999997e-25,-6.7222239999999998e-22,-4.020849e-20,7.3103050000000001e-20,-3.5629280000000002e-19,-1.1716740000000001e-19,-6.958997e-19,-7.5262730000000004e-19,-2.9041029999999998e-19,-3.4660480000000001e-19,-2.6072890000000001e-19,5.7375350000000002e-22,-1.3997720000000001e-23,-2.5928840000000001e-24,-2.0694390000000001e-24
525660.79583333002,-7.190607,3.482927e-25,-7.5452480000000003e-25,-8.1796630000000003e-25,-7.7590529999999999e-22,-4.0757329999999999e-20,7.3637699999999997e-20,-3.5633680000000002e-19,-1.1716730000000001e-19,-6.958997e-19,-7.526275e-19,-2.9046199999999998e-19,-3.4765420000000002e-19,-2.636258e-19,4.9701749999999996e-22,-1.4894859999999999e-23,-2.716517e-24,-2.1553250000000002e-24
529660.79583333002,-7.2086819999999996,3.5480759999999999e-25,-7.9705429999999996e-25,-8.0093000000000002e-25,-8.8597299999999998e-22,-4.0721640000000002e-20,7.4281390000000003e-20,-3.563789e-19,-1.1716730000000001e-19,-6.958997e-19,-7.5262760000000003e-19,-2.9049060000000001e-19,-3.4878140000000002e-19,-2.6552469999999999e-19,4.5411310000000003e-22,-1.5818720000000001e-23,-2.839268e-24,-2.250062e-24
533660.79583333002,-7.225441,3.5932470000000001e-25,-8.5451350000000007e-25,-9.6295039999999993e-25,-9.8721880000000003e-22,-4.0552499999999999e-20,7.4843869999999994e-20,-3.5640969999999998e-19,-1.1716740000000001e-19,-6.958997e-19,-7.5262760000000003e-19,-2.9051539999999998e-19,-3.5011179999999998e-19,-2.6736860000000002e-19,3.8611019999999998e-22,-1.683566e-23,-2.9670869999999999e-24,-2.3477749999999998e-24
537660.79583333002,-7.241028,3.604707e-25,-9.2640299999999991e-25,-1.139941e-24,-1.1081669999999999e-21,-4.0434319999999997e-20,7.5491009999999998e-20,-3.5644449999999998e-19,-1.1716740000000001e-19,-6.958997e-19,-7.5262769999999996e-19,-2.9054409999999999e-19,-3.5113590000000002e-19,-2.683681e-19,3.5132100000000001e-22,-1.785322e-23,-3.10101e-24,-2.4443780000000001e-24
541660.79583333002,-7.2557390000000002,3.6267849999999999e-25,-1.0012860000000001e-24,-1.215441e-24,-1.270749e-21,-4.0317169999999999e-20,7.608952e-20,-3.5647330000000002e-19,-1.1716740000000001e-19,-6.958997e-19,-7.5262779999999999e-19,-2.9056199999999998e-19,-3.5189829999999998e-19,-2.689798e-19,3.0081540000000002e-22,-1.882425e-23,-3.2429190000000001e-24,-2.5404170000000001e-24
545660.79583333002,-7.2700089999999999,3.6022060000000001e-25,-1.0734419999999999e-24,-1.2913489999999999e-24,-1.4515559999999999e-21,-3.9744310000000002e-20,7.6652449999999998e-20,-3.565065e-19,-1.1716740000000001e-19,-6.958997e-19,-7.5262779999999999e-19,-2.905863e-19,-3.5283770000000001e-19,-2.6938789999999999e-19,2.2040490000000001e-22,-1.9921600000000001e-23,-3.371434e-24,-2.6380759999999999e-24
549660.79583333002,-7.2844249999999997,3.604394e-25,-1.1587290000000001e-24,-1.4833599999999999e-24,-1.6732480000000001e-21,-3.9861979999999999e-20,7.6933800000000005e-20,-3.56534e-19,-1.1716740000000001e-19,-6.958997e-19,-7.5262790000000002e-19,-2.9060789999999998e-19,-3.534671e-19,-2.7051410000000001e-19,1.0857239999999999e-22,-2.106434e-23,-3.5159759999999999e-24,-2.7402850000000001e-24
553660.79583333002,-7.2997290000000001,3.6081049999999999e-25,-1.2346770000000001e-24,-1.5930009999999999e-24,-1.8781619999999999e-21,-4.0260259999999999e-20,7.7517060000000001e-20,-3.5655450000000001e-19,-1.1716740000000001e-19,-6.958997e-19,-7.5262799999999995e-19,-2.9063639999999999e-19,-3.5421409999999999e-19,-2.7147630000000001e-19,1.517719e-23,-2.2119370000000001e-23,-3.6515210000000003e-24,-2.8481760000000001e-24
557660.79583333002,-7.3167999999999997,3.6188000000000002e-25,-1.3359890000000001e-24,-1.8400260000000001e-24,-2.094513e-21,-4.0501230000000003e-20,7.7824270000000004e-20,-3.5656750000000002e-19,-1.1716740000000001e-19,-6.958997e-19,-7.5262799999999995e-19,-2.9065970000000001e-19,-3.548197e-19,-2.7230690000000001e-19,-1.438686e-22,-2.3398030000000001e-23,-3.8078429999999998e-24,-2.9622310000000001e-24
561660.79583333002,-7.3174720000000004,3.685705e-25,-1.431879e-24,-2.010679e-24,-2.2816780000000002e-21,-4.061901e-20,7.8362289999999998e-20,-3.5658989999999998e-19,-1.1716740000000001e-19,-6.958997e-19,-7.5262809999999998e-19,-2.9068190000000002e-19,-3.553e-19,-2.730974e-19,-2.4663470000000001e-22,-2.450027e-23,-3.958954e-24,-3.0725440000000001e-24
565660.79583333002,-7.3173680000000001,3.712949e-25,-1.5181010000000001e-24,-2.1959599999999999e-24,-2.4878069999999998e-21,-4.0565769999999998e-20,7.8943159999999997e-20,-3.5660550000000001e-19,-1.1716740000000001e-19,-6.958997e-19,-7.5262809999999998e-19,-2.9069790000000001e-19,-3.559059e-19,-2.7391839999999998e-19,-3.9200640000000001e-22,-2.577907e-23,-4.1101169999999998e-24,-3.1814439999999999e-24
569660.79583333002,-7.3179749999999997,3.7135289999999998e-25,-1.612607e-24,-2.3921439999999999e-24,-2.7413429999999999e-21,-4.0838749999999999e-20,7.9298629999999997e-20,-3.5662079999999999e-19,-1.1716749999999999e-19,-6.958997e-19,-7.5262820000000001e-19,-2.9071620000000002e-19,-3.5651580000000002e-19,-2.7462320000000001e-19,-5.1341820000000002e-22,-2.7003230000000003e-23,-4.2681950000000002e-24,-3.2938279999999999e-24
573660.79583333002,-7.3196260000000004,3.6973179999999999e-25,-1.704394e-24,-2.4688620000000001e-24,-2.9738819999999999e-21,-4.0934339999999999e-20,7.9811359999999998e-20,-3.5665319999999998e-19,-1.1716749999999999e-19,-6.958997e-19,-7.5262820000000001e-19,-2.9073229999999999e-19,-3.5703210000000001e-19,-2.75198e-19,-5.5251849999999997e-22,-2.8297419999999999e-23,-4.4188750000000001e-24,-3.4157080000000004e-24
577660.79583333002,-7.3227659999999997,3.6904110000000002e-25,-1.8001790000000001e-24,-2.7205540000000002e-24,-3.1996090000000001e-21,-4.1078359999999999e-20,8.0246739999999994e-20,-3.56671e-19,-1.1716749999999999e-19,-6.958997e-19,-7.5262830000000004e-19,-2.907646e-19,-3.575789e-19,-2.754611e-19,-6.3537559999999999e-22,-2.9686200000000002e-23,-4.5803850000000001e-24,-3.5349129999999997e-24
581660.79583333002,-7.3279670000000001,3.772652e-25,-1.8787330000000001e-24,-2.8520009999999999e-24,-3.3926510000000003e-21,-4.1103649999999999e-20,8.0609870000000006e-20,-3.5668869999999999e-19,-1.1716749999999999e-19,-6.958997e-19,-7.5262839999999997e-19,-2.9078410000000002e-19,-3.5803479999999999e-19,-2.7557140000000002e-19,-6.7775760000000004e-22,-3.1049770000000002e-23,-4.7492549999999997e-24,-3.6561949999999997e-24
585660.79583333002,-7.3359329999999998,3.9111680000000002e-25,-1.9516530000000002e-24,-3.0692440000000001e-24,-3.6355149999999997e-21,-4.1199970000000003e-20,8.0828760000000005e-20,-3.567089e-19,-1.1716749999999999e-19,-6.958997e-19,-7.5262839999999997e-19,-2.9080710000000001e-19,-3.587008e-19,-2.7604570000000001e-19,-7.5279700000000005e-22,-3.2562219999999997e-23,-4.9138419999999997e-24,-3.7801930000000003e-24
589660.79583333002,-7.3474620000000002,3.9159820000000001e-25,-2.0662710000000002e-24,-3.5386880000000003e-24,-3.8532100000000002e-21,-4.1141830000000002e-20,8.1091010000000004e-20,-3.5673609999999998e-19,-1.1716749999999999e-19,-6.958997e-19,-7.526285e-19,-2.9083469999999999e-19,-3.5915479999999999e-19,-2.7624949999999998e-19,-8.6403469999999996e-22,-3.4058629999999999e-23,-5.108717e-24,-3.9106369999999999e-24
593660.79583333002,-7.363353,3.9489300000000001e-25,-2.140314e-24,-3.7700610000000002e-24,-4.1078830000000003e-21,-4.1219940000000002e-20,8.1495150000000001e-20,-3.5676100000000002e-19,-1.171676e-19,-6.958997e-19,-7.526285e-19,-2.9086000000000001e-19,-3.5957040000000002e-19,-2.7663089999999999e-19,-9.4728029999999993e-22,-3.5539349999999999e-23,-5.3102229999999997e-24,-4.049722e-24
597660.79583333002,-7.3842379999999999,4.0481229999999999e-25,-2.222443e-24,-3.9750579999999998e-24,-4.333788e-21,-4.1276309999999999e-20,8.1841109999999997e-20,-3.567831e-19,-1.171676e-19,-6.958997e-19,-7.526285e-19,-2.9088519999999999e-19,-3.6010619999999998e-19,-2.7685799999999999e-19,-1.057062e-21,-3.6953389999999999e-23,-5.5044700000000003e-24,-4.1876669999999997e-24
601660.79583333002,-7.4038019999999998,4.1537960000000002e-25,-2.2919229999999999e-24,-3.9306139999999997e-24,-4.5825750000000001e-21,-4.1430610000000002e-20,8.2055299999999994e-20,-3.5680199999999999e-19,-1.171676e-19,-6.958997e-19,-7.5262860000000003e-19,-2.9090529999999998e-19,-3.6067520000000002e-19,-2.7725999999999999e-19,-1.151003e-21,-3.8523060000000001e-23,-5.7233430000000001e-24,-4.3397500000000002e-24
605660.79583333002,-7.4114969999999998,4.2118739999999996e-25,-2.3674050000000002e-24,-4.1029519999999998e-24,-4.8552669999999999e-21,-4.1589779999999998e-20,8.2245959999999994e-20,-3.568162e-19,-1.171676e-19,-6.958997e-19,-7.5262860000000003e-19,-2.909168e-19,-3.6107999999999999e-19,-2.777658e-19,-1.221502e-21,-3.9944340000000003e-23,-5.927152e-24,-4.4832400000000003e-24
609660.79583333002,-7.4202149999999998,4.3180459999999999e-25,-2.4485749999999999e-24,-4.2149719999999997e-24,-5.0725800000000003e-21,-4.1625320000000001e-20,8.2496780000000003e-20,-3.568348e-19,-1.171676e-19,-6.958997e-19,-7.5262860000000003e-19,-2.909318e-19,-3.6131200000000002e-19,-2.780526e-19,-1.328965e-21,-4.1531070000000001e-23,-6.1283920000000003e-24,-4.6245049999999999e-24
613660.79583333002,-7.4297909999999998,4.3735520000000003e-25,-2.548676e-24,-4.2942320000000002e-24,-5.2983439999999998e-21,-4.1600749999999998e-20,8.2704180000000003e-20,-3.5684939999999998e-19,-1.171676e-19,-6.958997e-19,-7.5262860000000003e-19,-2.9094539999999998e-19,-3.6174010000000002e-19,-2.7836710000000001e-19,-1.4558320000000001e-21,-4.3244550000000002e-23,-6.3521670000000002e-24,-4.7782609999999997e-24
617660.79583333002,-7.4400519999999997,4.6070289999999996e-25,-2.61804e-24,-4.3989269999999998e-24,-5.4652870000000004e-21,-4.1650880000000002e-20,8.2783609999999994e-20,-3.5686629999999998e-19,-1.171676e-19,-6.958997e-19,-7.5262869999999996e-19,-2.9096859999999998e-19,-3.6223300000000001e-19,-2.7857220000000001e-19,-1.578428e-21,-4.4927959999999999e-23,-6.577152e-24,-4.933581e-24
621660.79583333002,-7.4508229999999998,4.634318e-25,-2.7412109999999999e-24,-4.4077429999999998e-24,-5.6921090000000002e-21,-4.1542970000000001e-20,8.2861500000000001e-20,-3.5688049999999999e-19,-1.171676e-19,-6.958997e-19,-7.5262869999999996e-19,-2.9099059999999998e-19,-3.6267279999999998e-19,-2.788346e-19,-1.7409459999999999e-21,-4.652839e-23,-6.7882799999999996e-24,-5.0908270000000003e-24
625660.79583333002,-7.4619419999999996,4.7839170000000004e-25,-2.8328579999999999e-24,-4.3172849999999998e-24,-5.9144899999999999e-21,-4.1582939999999999e-20,8.299201e-20,-3.56893e-19,-1.171676e-19,-6.958997e-19,-7.5262869999999996e-19,-2.9101000000000001e-19,-3.6305800000000001e-19,-2.7894219999999998e-19,-1.9242180000000002e-21,-4.837609e-23,-7.0033560000000003e-24,-5.2523729999999998e-24
629660.79583333002,-7.4732609999999999,4.8304960000000002e-25,-2.94085e-24,-4.2987690000000001e-24,-6.1744360000000001e-21,-4.14033e-20,8.3237109999999998e-20,-3.569133e-19,-1.171677e-19,-6.958997e-19,-7.5262869999999996e-19,-2.9102629999999999e-19,-3.6333750000000001e-19,-2.7901219999999999e-19,-2.1247950000000001e-21,-5.0394889999999998e-23,-7.2541750000000007e-24,-5.4298700000000003e-24
633660.79583333002,-7.4846550000000001,4.9278620000000001e-25,-3.0483410000000001e-24,-4.1810580000000004e-24,-6.4503800000000003e-21,-4.1122769999999999e-20,8.3368530000000006e-20,-3.5692739999999998e-19,-1.171677e-19,-6.958997e-19,-7.5262879999999999e-19,-2.9103830000000001e-19,-3.6364419999999999e-19,-2.7911149999999999e-19,-2.3851720000000001e-21,-5.211829e-23,-7.4918870000000003e-24,-5.5924580000000002e-24
637660.79583333002,-7.4960209999999998,5.0570799999999997e-25,-3.139224e-24,-4.3335289999999999e-24,-6.687662e-21,-4.0935070000000003e-20,8.3523000000000006e-20,-3.569459e-19,-1.171677e-19,-6.958997e-19,-7.5262879999999999e-19,-2.9105930000000001e-19,-3.6391089999999999e-19,-2.7920549999999999e-19,-2.5006830000000002e-21,-5.3936220000000001e-23,-7.7132629999999998e-24,-5.7563219999999997e-24
641660.79583333002,-7.5072760000000001,5.1664729999999996e-25,-3.2413289999999999e-24,-4.5929100000000001e-24,-6.8295450000000005e-21,-4.0896879999999998e-20,8.3574009999999996e-20,-3.5696169999999998e-19,-1.171677e-19,-6.958997e-19,-7.5262879999999999e-19,-2.9107269999999999e-19,-3.6410609999999999e-19,-2.7929339999999999e-19,-2.6596979999999999e-21,-5.5930880000000004e-23,-8.0033449999999993e-24,-5.9366170000000002e-24
645660.79583333002,-7.5183559999999998,5.2123730000000001e-25,-3.3461640000000003e-24,-4.6331489999999996e-24,-7.0243630000000007e-21,-4.0709890000000002e-20,8.3620489999999994e-20,-3.569778e-19,-1.171677e-19,-6.958997e-19,-7.5262879999999999e-19,-2.9108950000000001e-19,-3.6429370000000001e-19,-2.7928650000000002e-19,-2.789618e-21,-5.7927440000000001e-23,-8.2546939999999994e-24,-6.1077810000000001e-24
649660.79583333002,-7.52921,5.2919880000000004e-25,-3.4433389999999998e-24,-4.6213579999999997e-24,-7.1437889999999997e-21,-4.0437629999999997e-20,8.3761389999999995e-20,-3.5699239999999998e-19,-1.171677e-19,-6.958997e-19,-7.5262890000000001e-19,-2.9110099999999998e-19,-3.6445039999999998e-19,-2.7933610000000001e-19,-2.922001e-21,-5.9905059999999994e-23,-8.5096150000000007e-24,-6.2916579999999997e-24
653660.79583333002,-7.5398040000000002,5.3844960000000004e-25,-3.5284080000000003e-24,-4.5569230000000002e-24,-7.3056429999999999e-21,-4.0367030000000003e-20,8.3752940000000006e-20,-3.5700460000000001e-19,-1.171677e-19,-6.958997e-19,-7.5262890000000001e-19,-2.9111569999999999e-19,-3.6472679999999998e-19,-2.7935880000000001e-19,-3.1185940000000001e-21,-6.1821859999999998e-23,-8.797394e-24,-6.4794459999999999e-24
657660.79583333002,-7.5501110000000002,5.5547829999999998e-25,-3.621992e-24,-4.493402e-24,-7.5398710000000004e-21,-4.0373380000000001e-20,8.3842830000000004e-20,-3.570162e-19,-1.171677e-19,-6.958997e-19,-7.5262890000000001e-19,-2.911306e-19,-3.6485429999999999e-19,-2.7947090000000001e-19,-3.437557e-21,-6.3890719999999996e-23,-9.1043629999999998e-24,-6.6680559999999993e-24
661660.79583333002,-7.5601139999999996,5.4467880000000003e-25,-3.7590169999999997e-24,-4.7151670000000003e-24,-7.7816409999999996e-21,-4.0364390000000003e-20,8.392876e-20,-3.5702970000000001e-19,-1.171677e-19,-6.958997e-19,-7.5262890000000001e-19,-2.9114199999999999e-19,-3.6498510000000002e-19,-2.7951039999999998e-19,-3.6500480000000003e-21,-6.57925e-23,-9.3817549999999999e-24,-6.8601200000000004e-24
665660.79583333002,-7.5698049999999997,5.5794499999999997e-25,-3.8702050000000003e-24,-4.7872989999999999e-24,-7.9285180000000003e-21,-4.0195860000000003e-20,8.3982439999999995e-20,-3.5704409999999998e-19,-1.171677e-19,-6.958997e-19,-7.5262900000000004e-19,-2.9115110000000001e-19,-3.652415e-19,-2.7962679999999999e-19,-3.8567639999999998e-21,-6.7997329999999998e-23,-9.7307779999999993e-24,-7.0580810000000007e-24
669660.79583333002,-7.5791769999999996,5.7067379999999999e-25,-3.9404959999999998e-24,-4.6477549999999997e-24,-8.0522200000000005e-21,-3.983792e-20,8.4068090000000006e-20,-3.5706069999999999e-19,-1.171677e-19,-6.958997e-19,-7.5262900000000004e-19,-2.9115939999999999e-19,-3.6534510000000001e-19,-2.7964469999999999e-19,-3.983446e-21,-7.0056269999999995e-23,-1.002098e-23,-7.2566559999999996e-24
673660.79583333002,-7.5842159999999996,5.7340970000000001e-25,-4.0229090000000003e-24,-5.0930919999999998e-24,-8.1634120000000003e-21,-3.9725809999999999e-20,8.4077400000000002e-20,-3.5707209999999999e-19,-1.171677e-19,-6.958997e-19,-7.5262900000000004e-19,-2.9116669999999998e-19,-3.6554239999999998e-19,-2.799133e-19,-4.1525079999999997e-21,-7.2621599999999998e-23,-1.036306e-23,-7.4722440000000003e-24
677660.79583333002,-7.5889139999999999,5.7286779999999997e-25,-4.1307550000000003e-24,-5.2822720000000001e-24,-8.1843209999999997e-21,-3.9551460000000002e-20,8.4098020000000004e-20,-3.5708559999999999e-19,-1.171677e-19,-6.958997e-19,-7.5262900000000004e-19,-2.9117450000000002e-19,-3.657034e-19,-2.8008300000000002e-19,-4.4274519999999997e-21,-7.4814100000000005e-23,-1.068251e-23,-7.687202e-24
681660.79583333002,-7.5933409999999997,5.8205739999999997e-25,-4.2258619999999997e-24,-5.322389e-24,-8.2767479999999993e-21,-3.9444529999999997e-20,8.4157220000000002e-20,-3.5710090000000002e-19,-1.171678e-19,-6.958997e-19,-7.5262900000000004e-19,-2.9118470000000001e-19,-3.658665e-19,-2.8026439999999998e-19,-4.6238209999999996e-21,-7.7065389999999995e-23,-1.1028969999999999e-23,-7.9024590000000001e-24
685660.79583333002,-7.5975060000000001,5.924665e-25,-4.3334879999999999e-24,-5.3387510000000003e-24,-8.3157980000000001e-21,-3.9287080000000002e-20,8.4098169999999998e-20,-3.5711409999999999e-19,-1.171678e-19,-6.958997e-19,-7.5262909999999997e-19,-2.9119159999999998e-19,-3.660786e-19,-2.8045290000000002e-19,-4.7664219999999998e-21,-7.9292280000000004e-23,-1.137436e-23,-8.1172459999999998e-24
689660.79583333002,-7.6014229999999996,6.0142190000000002e-25,-4.4597040000000001e-24,-5.4730420000000003e-24,-8.4196000000000002e-21,-3.9132190000000001e-20,8.40913e-20,-3.5712610000000001e-19,-1.171678e-19,-6.958997e-19,-7.5262909999999997e-19,-2.912031e-19,-3.6621659999999999e-19,-2.8058990000000001e-19,-4.9629380000000001e-21,-8.1494909999999996e-23,-1.178817e-23,-8.3530090000000007e-24
693660.79583333002,-7.6051159999999998,6.1830930000000002e-25,-4.5524459999999996e-24,-5.4349030000000001e-24,-8.5083519999999996e-21,-3.9033710000000003e-20,8.4126729999999997e-20,-3.5714019999999999e-19,-1.171678e-19,-6.958997e-19,-7.5262909999999997e-19,-2.9121000000000002e-19,-3.6632420000000002e-19,-2.8081840000000002e-19,-5.0639099999999997e-21,-8.4110649999999998e-23,-1.216914e-23,-8.5862519999999993e-24
697660.79583333002,-7.6086119999999999,6.3320560000000002e-25,-4.6244940000000003e-24,-5.280308e-24,-8.6320120000000006e-21,-3.8911499999999999e-20,8.4155770000000002e-20,-3.5715340000000001e-19,-1.171678e-19,-6.958997e-19,-7.5262909999999997e-19,-2.912159e-19,-3.6647570000000001e-19,-2.8109580000000001e-19,-5.2708460000000002e-21,-8.6940559999999995e-23,-1.255236e-23,-8.828857e-24
701660.79583333002,-7.6119500000000002,6.4151090000000002e-25,-4.7106139999999996e-24,-5.2692850000000001e-24,-8.7105470000000003e-21,-3.8867190000000003e-20,8.417101e-20,-3.5716539999999998e-19,-1.171678e-19,-6.958997e-19,-7.5262909999999997e-19,-2.9122419999999998e-19,-3.6662e-19,-2.8130810000000002e-19,-5.5022900000000002e-21,-9.0122880000000004e-23,-1.2988360000000001e-23,-9.0907019999999996e-24
705660.79583333002,-7.6151739999999997,6.6776870000000004e-25,-4.7964100000000001e-24,-4.9663190000000002e-24,-8.7864589999999999e-21,-3.8773750000000002e-20,8.4181070000000003e-20,-3.5717490000000001e-19,-1.171678e-19,-6.958997e-19,-7.5262909999999997e-19,-2.9122860000000002e-19,-3.6670380000000001e-19,-2.8146850000000002e-19,-5.638589e-21,-9.2914190000000002e-23,-1.3416100000000001e-23,-9.3529000000000004e-24
709660.79583333002,-7.6183399999999999,6.9071639999999996e-25,-4.8825469999999998e-24,-4.9006339999999997e-24,-8.8969940000000001e-21,-3.8766249999999998e-20,8.4219780000000001e-20,-3.571863e-19,-1.171678e-19,-6.958997e-19,-7.5262909999999997e-19,-2.9123579999999998e-19,-3.6686119999999998e-19,-2.8170840000000002e-19,-5.8210879999999997e-21,-9.5898469999999995e-23,-1.381974e-23,-9.6046189999999998e-24
713660.79583333002,-7.6215130000000002,7.0721960000000004e-25,-4.9871339999999999e-24,-4.8771360000000003e-24,-8.9791410000000005e-21,-3.8670329999999999e-20,8.4183370000000002e-20,-3.571984e-19,-1.171678e-19,-6.958997e-19,-7.5262909999999997e-19,-2.9124329999999998e-19,-3.6700319999999999e-19,-2.8189880000000002e-19,-5.9472510000000002e-21,-9.9426430000000001e-23,-1.4281339999999999e-23,-9.8711569999999995e-24
717660.79583333002,-7.6247680000000004,7.1892210000000003e-25,-5.1051440000000001e-24,-4.7159079999999998e-24,-9.0634269999999995e-21,-3.8611770000000002e-20,8.4197750000000006e-20,-3.5720940000000002e-19,-1.171678e-19,-6.958997e-19,-7.526292e-19,-2.9125010000000002e-19,-3.6716289999999999e-19,-2.8210920000000002e-19,-6.127133e-21,-1.027559e-22,-1.471244e-23,-1.012686e-23
721660.79583333002,-7.6281910000000002,7.4058890000000004e-25,-5.1946049999999999e-24,-4.5715679999999998e-24,-9.2059389999999995e-21,-3.8529820000000001e-20,8.4193570000000003e-20,-3.5721910000000001e-19,-1.171678e-19,-6.958997e-19,-7.526292e-19,-2.9125470000000002e-19,-3.6724409999999998e-19,-2.8230130000000001e-19,-6.3961609999999998e-21,-1.066602e-22,-1.52005e-23,-1.04102e-23
725660.79583333002,-7.6318770000000002,7.6122979999999997e-25,-5.307407e-24,-4.2852420000000002e-24,-9.300863e-21,-3.8366859999999999e-20,8.4187910000000002e-20,-3.5722560000000002e-19,-1.171678e-19,-6.958997e-19,-7.526292e-19,-2.9126100000000001e-19,-3.6734830000000002e-19,-2.824142e-19,-6.5580590000000003e-21,-1.1064520000000001e-22,-1.566399e-23,-1.068099e-23
729660.79583333002,-7.6359320000000004,7.9220389999999999e-25,-5.3871430000000002e-24,-4.314399e-24,-9.3815780000000004e-21,-3.8312729999999997e-20,8.4154700000000003e-20,-3.5723260000000002e-19,-1.171678e-19,-6.958997e-19,-7.526292e-19,-2.9126510000000001e-19,-3.6751890000000001e-19,-2.8261839999999998e-19,-6.7701060000000003e-21,-1.1447839999999999e-22,-1.6112580000000001e-23,-1.0976870000000001e-23
733660.79583333002,-7.6404670000000001,8.1493850000000003e-25,-5.4790810000000002e-24,-4.4104010000000002e-24,-9.5519490000000005e-21,-3.8358390000000001e-20,8.4166289999999995e-20,-3.5723500000000002e-19,-1.171678e-19,-6.958997e-19,-7.526292e-19,-2.9126979999999999e-19,-3.6765780000000001e-19,-2.82764e-19,-7.0095290000000003e-21,-1.184117e-22,-1.657003e-23,-1.127342e-23
737660.79583333002,-7.6456010000000001,8.2299579999999998e-25,-5.5757949999999998e-24,-3.9258119999999999e-24,-9.6643680000000001e-21,-3.8379909999999998e-20,8.4179100000000003e-20,-3.5724400000000001e-19,-1.171678e-19,-6.958997e-19,-7.526292e-19,-2.9127659999999999e-19,-3.6778870000000002e-19,-2.8283590000000002e-19,-7.1964220000000001e-21,-1.2256010000000001e-22,-1.7074239999999999e-23,-1.157721e-23
741660.79583333002,-7.6514490000000004,8.5229809999999996e-25,-5.6731740000000003e-24,-3.5067579999999998e-24,-9.8792620000000003e-21,-3.846283e-20,8.4216140000000002e-20,-3.572513e-19,-1.171678e-19,-6.958997e-19,-7.526292e-19,-2.9128189999999999e-19,-3.6789380000000002e-19,-2.829988e-19,-7.4805820000000003e-21,-1.2642999999999999e-22,-1.7558290000000001e-23,-1.187036e-23
745660.79583333002,-7.647526,8.8541609999999991e-25,-5.7643930000000001e-24,-3.3960209999999997e-24,-9.9460540000000003e-21,-3.8531849999999998e-20,8.4217599999999998e-20,-3.5725480000000002e-19,-1.171678e-19,-6.958997e-19,-7.526292e-19,-2.9128320000000002e-19,-3.680277e-19,-2.8315870000000001e-19,-7.6654529999999994e-21,-1.3076710000000001e-22,-1.8036690000000001e-23,-1.216438e-23
749660.79583333002,-7.643186,9.0638529999999997e-25,-5.8506259999999999e-24,-3.2448549999999999e-24,-1.005293e-20,-3.8534880000000001e-20,8.4267400000000003e-20,-3.5726009999999998e-19,-1.171678e-19,-6.958997e-19,-7.526292e-19,-2.9128680000000002e-19,-3.681381e-19,-2.8328689999999998e-19,-7.8713800000000007e-21,-1.352737e-22,-1.8555489999999999e-23,-1.247888e-23
753660.79583333002,-7.6397279999999999,9.3995639999999992e-25,-5.930096e-24,-2.618726e-24,-1.016986e-20,-3.8630000000000003e-20,8.4286349999999994e-20,-3.5726729999999999e-19,-1.171678e-19,-6.958997e-19,-7.5262930000000003e-19,-2.9129399999999998e-19,-3.6826449999999999e-19,-2.8341520000000002e-19,-8.0600010000000002e-21,-1.397807e-22,-1.9062919999999999e-23,-1.2792620000000001e-23
757660.79583333002,-7.6371279999999997,9.7349210000000006e-25,-6.0436700000000003e-24,-2.2541499999999998e-24,-1.032554e-20,-3.867365e-20,8.4271690000000005e-20,-3.5727309999999999e-19,-1.171678e-19,-6.958997e-19,-7.5262930000000003e-19,-2.9130040000000001e-19,-3.6834719999999998e-19,-2.8356090000000002e-19,-8.2754739999999993e-21,-1.4389779999999999e-22,-1.9589430000000001e-23,-1.31083e-23
761660.79583333002,-7.6353580000000001,9.9398280000000006e-25,-6.1415319999999999e-24,-1.918727e-24,-1.047709e-20,-3.8679650000000002e-20,8.4301109999999999e-20,-3.5727830000000001e-19,-1.171678e-19,-6.958997e-19,-7.5262930000000003e-19,-2.9130380000000001e-19,-3.6845650000000001e-19,-2.8364029999999999e-19,-8.5023210000000002e-21,-1.479383e-22,-2.0111290000000001e-23,-1.3426939999999999e-23
765660.79583333002,-7.6343880000000004,1.016694e-24,-6.256247e-24,-2.1286620000000001e-24,-1.064858e-20,-3.8685839999999999e-20,8.4341869999999998e-20,-3.5728330000000002e-19,-1.171678e-19,-6.958997e-19,-7.5262930000000003e-19,-2.9130799999999999e-19,-3.6854680000000002e-19,-2.8377779999999998e-19,-8.7977970000000004e-21,-1.5309149999999999e-22,-2.063804e-23,-1.376267e-23
769660.79583333002,-7.6341840000000003,1.055496e-24,-6.3199320000000001e-24,-2.1136150000000001e-24,-1.091332e-20,-3.8661809999999998e-20,8.4379399999999998e-20,-3.5728820000000001e-19,-1.171678e-19,-6.958997e-19,-7.5262930000000003e-19,-2.9131510000000002e-19,-3.6865210000000002e-19,-2.83898e-19,-9.0929119999999993e-21,-1.5740360000000001e-22,-2.114406e-23,-1.4084680000000001e-23
773660.79583333002,-7.6347079999999998,1.076266e-24,-6.4356520000000001e-24,-1.6032349999999999e-24,-1.1104739999999999e-20,-3.8759770000000002e-20,8.4385220000000001e-20,-3.5729350000000001e-19,-1.171678e-19,-6.958997e-19,-7.5262930000000003e-19,-2.9131789999999999e-19,-3.6878879999999998e-19,-2.840502e-19,-9.4045109999999993e-21,-1.6171809999999999e-22,-2.1696520000000001e-23,-1.4410379999999999e-23
777660.79583333002,-7.6359199999999996,1.099969e-24,-6.5244579999999998e-24,-1.2837820000000001e-24,-1.127969e-20,-3.877787e-20,8.4393789999999997e-20,-3.5729930000000001e-19,-1.1716790000000001e-19,-6.958997e-19,-7.5262930000000003e-19,-2.9132720000000001e-19,-3.688658e-19,-2.8423110000000001e-19,-9.6461209999999996e-21,-1.6612690000000001e-22,-2.2248159999999999e-23,-1.472878e-23
781660.79583333002,-7.6377759999999997,1.131908e-24,-6.6027970000000001e-24,-9.7752340000000004e-25,-1.135236e-20,-3.8836130000000002e-20,8.4429049999999997e-20,-3.5730449999999999e-19,-1.1716790000000001e-19,-6.958997e-19,-7.5262930000000003e-19,-2.9133169999999998e-19,-3.6894780000000002e-19,-2.8441269999999998e-19,-9.8336289999999996e-21,-1.707298e-22,-2.275941e-23,-1.5062550000000001e-23
785660.79583333002,-7.6402279999999996,1.172596e-24,-6.7258989999999997e-24,-7.4025040000000001e-25,-1.1465369999999999e-20,-3.8885309999999998e-20,8.4418549999999996e-20,-3.5731040000000001e-19,-1.1716790000000001e-19,-6.958997e-19,-7.5262930000000003e-19,-2.9133900000000002e-19,-3.6903600000000002e-19,-2.8451010000000002e-19,-1.0129120000000001e-20,-1.754911e-22,-2.330261e-23,-1.5403450000000001e-23
789660.79583333002,-7.6432270000000004,1.209738e-24,-6.8388970000000006e-24,-1.9631139999999999e-25,-1.1578e-20,-3.8952899999999999e-20,8.4451209999999996e-20,-3.5731380000000001e-19,-1.1716790000000001e-19,-6.958997e-19,-7.5262930000000003e-19,-2.9134410000000001e-19,-3.6915409999999998e-19,-2.8467649999999998e-19,-1.033792e-20,-1.8030530000000001e-22,-2.3894290000000001e-23,-1.575737e-23
793660.79583333002,-7.6467219999999996,1.24585e-24,-6.9135759999999998e-24,8.8303639999999993e-25,-1.16715e-20,-3.9013360000000002e-20,8.4471509999999995e-20,-3.5731709999999998e-19,-1.1716790000000001e-19,-6.958997e-19,-7.5262930000000003e-19,-2.9134929999999999e-19,-3.6921329999999998e-19,-2.8479529999999999e-19,-1.060693e-20,-1.8466970000000001e-22,-2.445471e-23,-1.6100429999999999e-23
797660.79583333002,-7.6506629999999998,1.274056e-24,-7.0157919999999994e-24,1.561241e-24,-1.181733e-20,-3.9095000000000001e-20,8.4454519999999996e-20,-3.5732130000000001e-19,-1.1716790000000001e-19,-6.958997e-19,-7.5262930000000003e-19,-2.913553e-19,-3.6928039999999999e-19,-2.8494160000000001e-19,-1.0827759999999999e-20,-1.9015360000000001e-22,-2.497887e-23,-1.6453519999999999e-23
801660.79583333002,-7.6549990000000001,1.3057680000000001e-24,-7.1109240000000002e-24,2.5088329999999998e-24,-1.194248e-20,-3.9153810000000002e-20,8.4443320000000001e-20,-3.573274e-19,-1.1716790000000001e-19,-6.958997e-19,-7.5262939999999996e-19,-2.9135899999999998e-19,-3.6941070000000002e-19,-2.850692e-19,-1.1134689999999999e-20,-1.958356e-22,-2.5525790000000001e-23,-1.6804900000000001e-23
805660.79583333002,-7.659681,1.346753e-24,-7.1659289999999996e-24,3.4662090000000002e-24,-1.207298e-20,-3.9259599999999998e-20,8.4460630000000004e-20,-3.573298e-19,-1.1716790000000001e-19,-6.958997e-19,-7.5262939999999996e-19,-2.9136409999999998e-19,-3.6949890000000002e-19,-2.8520749999999998e-19,-1.140486e-20,-2.0127779999999999e-22,-2.608821e-23,-1.7176249999999999e-23
809660.79583333002,-7.6639569999999999,1.402225e-24,-7.2715299999999995e-24,4.8902140000000002e-24,-1.220992e-20,-3.934029e-20,8.4467140000000004e-20,-3.5733079999999999e-19,-1.1716790000000001e-19,-6.958997e-19,-7.5262939999999996e-19,-2.9136789999999999e-19,-3.6956069999999998e-19,-2.8532110000000002e-19,-1.1682540000000001e-20,-2.062317e-22,-2.6692760000000002e-23,-1.7546780000000001e-23
813660.79583333002,-7.6627710000000002,1.4422749999999999e-24,-7.3351259999999995e-24,6.4126540000000001e-24,-1.238283e-20,-3.9420860000000001e-20,8.4471850000000002e-20,-3.5733399999999998e-19,-1.1716790000000001e-19,-6.958997e-19,-7.5262939999999996e-19,-2.9137279999999998e-19,-3.6962e-19,-2.8548459999999998e-19,-1.202496e-20,-2.1077769999999999e-22,-2.7265480000000002e-23,-1.791803e-23
817660.79583333002,-7.6615820000000001,1.4922690000000001e-24,-7.4270770000000004e-24,8.0681460000000001e-24,-1.2511480000000001e-20,-3.9485529999999999e-20,8.4484650000000002e-20,-3.5733650000000001e-19,-1.1716790000000001e-19,-6.958997e-19,-7.5262939999999996e-19,-2.9137670000000002e-19,-3.6970869999999999e-19,-2.8567739999999998e-19,-1.227503e-20,-2.1510510000000002e-22,-2.7857240000000001e-23,-1.827789e-23
821660.79583333002,-7.6603890000000003,1.5409740000000001e-24,-7.5117049999999998e-24,9.2495009999999993e-24,-1.264597e-20,-3.9514220000000001e-20,8.4501409999999994e-20,-3.5733870000000001e-19,-1.1716790000000001e-19,-6.958997e-19,-7.5262939999999996e-19,-2.9138239999999999e-19,-3.6979680000000001e-19,-2.857756e-19,-1.256909e-20,-2.1987330000000001e-22,-2.8425990000000001e-23,-1.863861e-23
825660.79583333002,-7.6591930000000001,1.6199419999999999e-24,-7.6244480000000002e-24,1.0441180000000001e-23,-1.2773880000000001e-20,-3.9544359999999997e-20,8.4514740000000002e-20,-3.5734099999999998e-19,-1.1716790000000001e-19,-6.958997e-19,-7.5262939999999996e-19,-2.9138749999999998e-19,-3.6987940000000001e-19,-2.8590040000000002e-19,-1.283703e-20,-2.2460860000000001e-22,-2.9081030000000003e-23,-1.901815e-23
829660.79583333002,-7.6579959999999998,1.6888879999999999e-24,-7.6766620000000006e-24,1.182394e-23,-1.297784e-20,-3.961148e-20,8.4512550000000003e-20,-3.5734319999999998e-19,-1.1716790000000001e-19,-6.958997e-19,-7.5262939999999996e-19,-2.913913e-19,-3.6992299999999999e-19,-2.8606450000000001e-19,-1.315076e-20,-2.2924179999999998e-22,-2.967772e-23,-1.9409789999999999e-23
833660.79583333002,-7.6567990000000004,1.7553079999999999e-24,-7.6959579999999993e-24,1.342162e-23,-1.3097289999999999e-20,-3.9656999999999999e-20,8.4519200000000002e-20,-3.5734590000000002e-19,-1.1716790000000001e-19,-6.958997e-19,-7.5262939999999996e-19,-2.913971e-19,-3.6999139999999999e-19,-2.86216e-19,-1.3409390000000001e-20,-2.3349319999999999e-22,-3.0282149999999998e-23,-1.9780280000000001e-23
837660.79583333002,-7.6556040000000003,1.8233879999999999e-24,-7.7645649999999998e-24,1.4754450000000001e-23,-1.3144479999999999e-20,-3.9741630000000001e-20,8.4513849999999997e-20,-3.5734910000000001e-19,-1.1716790000000001e-19,-6.958997e-19,-7.5262939999999996e-19,-2.9140110000000002e-19,-3.7005539999999999e-19,-2.8639450000000001e-19,-1.378683e-20,-2.3888100000000001e-22,-3.0871509999999997e-23,-2.0176429999999999e-23
841660.79583333002,-7.6544140000000001,1.8859810000000002e-24,-7.7791690000000002e-24,1.6562259999999999e-23,-1.3195510000000001e-20,-3.9813e-20,8.451015e-20,-3.5735279999999999e-19,-1.1716790000000001e-19,-6.958997e-19,-7.5262939999999996e-19,-2.9140829999999998e-19,-3.701121e-19,-2.8659690000000002e-19,-1.424964e-20,-2.4381819999999998e-22,-3.1518110000000001e-23,-2.0552490000000001e-23
845660.79583333002,-7.6532309999999999,1.9507850000000002e-24,-7.8543270000000005e-24,1.866359e-23,-1.327251e-20,-3.9858320000000003e-20,8.4513370000000003e-20,-3.5735580000000002e-19,-1.1716790000000001e-19,-6.958997e-19,-7.5262939999999996e-19,-2.9141359999999998e-19,-3.7013779999999999e-19,-2.8670599999999999e-19,-1.464789e-20,-2.4866599999999999e-22,-3.2174959999999999e-23,-2.0949660000000001e-23
849660.79583333002,-7.6520590000000004,2.041288e-24,-7.9388740000000002e-24,2.052147e-23,-1.33571e-20,-3.9926080000000002e-20,8.4532360000000001e-20,-3.5736009999999998e-19,-1.1716790000000001e-19,-6.958997e-19,-7.5262939999999996e-19,-2.914157e-19,-3.7019069999999999e-19,-2.8686900000000001e-19,-1.5027540000000001e-20,-2.5382529999999999e-22,-3.285694e-23,-2.132745e-23
853660.79583333002,-7.6498030000000004,2.1360060000000001e-24,-7.9811000000000001e-24,2.2161669999999999e-23,-1.336462e-20,-3.9930440000000003e-20,8.4530319999999996e-20,-3.5736310000000001e-19,-1.1716790000000001e-19,-6.958997e-19,-7.5262939999999996e-19,-2.9141850000000002e-19,-3.702421e-19,-2.8700300000000002e-19,-1.5423109999999999e-20,-2.59139e-22,-3.3443179999999998e-23,-2.171568e-23
857660.79583333002,-7.6475369999999998,2.2183109999999999e-24,-8.0581060000000007e-24,2.3389839999999999e-23,-1.338271e-20,-4.0018290000000002e-20,8.45267e-20,-3.5736659999999998e-19,-1.1716790000000001e-19,-6.958997e-19,-7.5262949999999999e-19,-2.9142229999999998e-19,-3.7029889999999999e-19,-2.8715330000000002e-19,-1.5840580000000001e-20,-2.644988e-22,-3.405403e-23,-2.211777e-23
861660.79583333002,-7.6453170000000004,2.3052529999999999e-24,-8.1496259999999999e-24,2.4760519999999999e-23,-1.3448519999999999e-20,-4.0063510000000001e-20,8.4545270000000001e-20,-3.5736999999999998e-19,-1.1716790000000001e-19,-6.958997e-19,-7.5262949999999999e-19,-2.9142489999999999e-19,-3.7034649999999999e-19,-2.8733049999999999e-19,-1.6247049999999999e-20,-2.6960250000000002e-22,-3.4674169999999998e-23,-2.2517719999999999e-23
865660.79583333002,-7.6431449999999996,2.3981750000000001e-24,-8.180375e-24,2.6402680000000001e-23,-1.352348e-20,-4.0099939999999997e-20,8.4533189999999997e-20,-3.5737189999999999e-19,-1.1716790000000001e-19,-6.958997e-19,-7.5262949999999999e-19,-2.9142999999999999e-19,-3.7042130000000001e-19,-2.874822e-19,-1.6463059999999999e-20,-2.7473180000000002e-22,-3.5326219999999998e-23,-2.2933319999999999e-23
869660.79583333002,-7.6410270000000002,2.475366e-24,-8.2280090000000001e-24,2.8409650000000002e-23,-1.358609e-20,-4.0166800000000001e-20,8.4538719999999995e-20,-3.5737379999999999e-19,-1.1716790000000001e-19,-6.958997e-19,-7.5262949999999999e-19,-2.9143339999999998e-19,-3.7047180000000001e-19,-2.8763279999999998e-19,-1.6836730000000001e-20,-2.7998719999999998e-22,-3.596983e-23,-2.3326459999999999e-23
873660.79583333002,-7.6389659999999999,2.5558059999999999e-24,-8.272145e-24,3.0067989999999999e-23,-1.3724819999999999e-20,-4.0231530000000003e-20,8.4550209999999994e-20,-3.5737599999999999e-19,-1.1716790000000001e-19,-6.958997e-19,-7.5262949999999999e-19,-2.9143679999999998e-19,-3.7055479999999998e-19,-2.8776779999999999e-19,-1.719134e-20,-2.8591620000000002e-22,-3.6588980000000003e-23,-2.3722619999999999e-23
877660.79583333002,-7.6369689999999997,2.6486270000000001e-24,-8.3157130000000001e-24,3.1376459999999997e-23,-1.3832759999999999e-20,-4.0311509999999998e-20,8.4551780000000001e-20,-3.5737880000000001e-19,-1.1716790000000001e-19,-6.958997e-19,-7.5262949999999999e-19,-2.914437e-19,-3.7063399999999999e-19,-2.8791940000000001e-19,-1.7547599999999999e-20,-2.9154949999999999e-22,-3.7185470000000001e-23,-2.4114589999999999e-23
881660.79583333002,-7.6350420000000003,2.7275150000000001e-24,-8.3397119999999998e-24,3.327499e-23,-1.3975659999999999e-20,-4.0336799999999998e-20,8.4558219999999996e-20,-3.5738179999999999e-19,-1.1716790000000001e-19,-6.958997e-19,-7.5262949999999999e-19,-2.9144669999999998e-19,-3.7068739999999999e-19,-2.8800710000000001e-19,-1.796157e-20,-2.9729009999999998e-22,-3.7839079999999999e-23,-2.4514150000000001e-23
885660.79583333002,-7.6331959999999999,2.803223e-24,-8.4239160000000007e-24,3.4609550000000001e-23,-1.4066240000000001e-20,-4.0379300000000002e-20,8.4580189999999994e-20,-3.573851e-19,-1.1716790000000001e-19,-6.958997e-19,-7.5262949999999999e-19,-2.914495e-19,-3.707296e-19,-2.8808189999999998e-19,-1.8349669999999999e-20,-3.0285840000000001e-22,-3.8485939999999999e-23,-2.4941350000000001e-23
889660.79583333002,-7.6314419999999998,2.881278e-24,-8.4984260000000003e-24,3.6237559999999998e-23,-1.419547e-20,-4.0404349999999999e-20,8.4579389999999997e-20,-3.5738829999999999e-19,-1.1716790000000001e-19,-6.958997e-19,-7.5262949999999999e-19,-2.9145280000000002e-19,-3.7079349999999998e-19,-2.88212e-19,-1.8808989999999999e-20,-3.0832410000000001e-22,-3.9145570000000003e-23,-2.537861e-23
893660.79583333002,-7.6297949999999997,2.9622850000000002e-24,-8.5377349999999998e-24,3.7894599999999998e-23,-1.4228919999999999e-20,-4.04603e-20,8.4590450000000005e-20,-3.5739079999999998e-19,-1.1716790000000001e-19,-6.958997e-19,-7.5262949999999999e-19,-2.9145729999999999e-19,-3.7085269999999998e-19,-2.8835699999999999e-19,-1.929059e-20,-3.1351050000000001e-22,-3.978873e-23,-2.578871e-23
897660.79583333002,-7.6282740000000002,3.0421610000000001e-24,-8.5921260000000005e-24,3.9191239999999999e-23,-1.4273739999999999e-20,-4.0546549999999999e-20,8.4598330000000004e-20,-3.5739300000000002e-19,-1.1716790000000001e-19,-6.958997e-19,-7.5262949999999999e-19,-2.9146069999999998e-19,-3.7089899999999999e-19,-2.8849360000000002e-19,-1.976408e-20,-3.188575e-22,-4.0489039999999999e-23,-2.6236179999999999e-23
901660.79583333002,-7.6269010000000002,3.1263440000000002e-24,-8.6440569999999998e-24,4.0722829999999999e-23,-1.4295680000000001e-20,-4.0589829999999997e-20,8.4593499999999999e-20,-3.573955e-19,-1.1716790000000001e-19,-6.958997e-19,-7.5262949999999999e-19,-2.9146409999999998e-19,-3.7096139999999998e-19,-2.886169e-19,-2.019935e-20,-3.2387090000000002e-22,-4.1181470000000001e-23,-2.6664810000000002e-23
905660.79583333002,-7.625705,3.2127959999999999e-24,-8.7105299999999997e-24,4.2350310000000002e-23,-1.441914e-20,-4.0665299999999997e-20,8.4603420000000004e-20,-3.573984e-19,-1.1716790000000001e-19,-6.958997e-19,-7.5262949999999999e-19,-2.9146889999999999e-19,-3.709961e-19,-2.8876830000000002e-19,-2.0692580000000001e-20,-3.301427e-22,-4.1895839999999998e-23,-2.7098149999999998e-23
909660.79583333002,-7.6247189999999998,3.317337e-24,-8.7569590000000004e-24,4.43575e-23,-1.4592479999999999e-20,-4.0654409999999999e-20,8.4641500000000002e-20,-3.5740139999999998e-19,-1.1716790000000001e-19,-6.958997e-19,-7.5262949999999999e-19,-2.9147240000000001e-19,-3.7103390000000002e-19,-2.8884959999999999e-19,-2.1061019999999999e-20,-3.358594e-22,-4.2692650000000001e-23,-2.7537600000000003e-23
913660.79583333002,-7.6239840000000001,3.3985199999999999e-24,-8.8009159999999998e-24,4.6822529999999998e-23,-1.476611e-20,-4.0713650000000003e-20,8.4642939999999995e-20,-3.5740390000000001e-19,-1.1716790000000001e-19,-6.958997e-19,-7.5262960000000002e-19,-2.9147580000000001e-19,-3.7109700000000001e-19,-2.8897769999999998e-19,-2.147792e-20,-3.4056979999999999e-22,-4.3412140000000001e-23,-2.7970300000000003e-23
917660.79583333002,-7.6235489999999997,3.4983270000000003e-24,-8.8257270000000001e-24,4.8780420000000003e-23,-1.5004599999999999e-20,-4.0787510000000001e-20,8.4659079999999994e-20,-3.5740619999999999e-19,-1.1716790000000001e-19,-6.958997e-19,-7.5262960000000002e-19,-2.914797e-19,-3.7113819999999999e-19,-2.8912669999999999e-19,-2.1884469999999999e-20,-3.4695230000000001e-22,-4.4203800000000001e-23,-2.8432809999999999e-23
921660.79583333002,-7.6234719999999996,3.6142219999999998e-24,-8.8017610000000007e-24,5.0308829999999998e-23,-1.5184540000000001e-20,-4.082823e-20,8.4690680000000004e-20,-3.5740739999999999e-19,-1.1716799999999999e-19,-6.958997e-19,-7.5262960000000002e-19,-2.9148160000000001e-19,-3.711773e-19,-2.89267e-19,-2.2351650000000001e-20,-3.5301130000000001e-22,-4.5057320000000003e-23,-2.8909970000000002e-23
925660.79583333002,-7.6238200000000003,3.7148890000000002e-24,-8.8691680000000001e-24,5.111239e-23,-1.5375109999999999e-20,-4.0892189999999998e-20,8.4687260000000004e-20,-3.5741040000000002e-19,-1.1716799999999999e-19,-6.958997e-19,-7.5262960000000002e-19,-2.914843e-19,-3.7121610000000001e-19,-2.8939829999999998e-19,-2.282251e-20,-3.5898710000000001e-22,-4.5766690000000002e-23,-2.9371849999999999e-23
929660.79583333002,-7.6246689999999999,3.8181169999999998e-24,-8.9058599999999999e-24,5.2589839999999999e-23,-1.5416939999999999e-20,-4.0928810000000001e-20,8.4696469999999996e-20,-3.574124e-19,-1.1716799999999999e-19,-6.958997e-19,-7.5262960000000002e-19,-2.914889e-19,-3.712744e-19,-2.8954e-19,-2.340418e-20,-3.6513499999999999e-22,-4.6530789999999999e-23,-2.9841120000000002e-23
933660.79583333002,-7.6261080000000003,3.9158289999999999e-24,-8.9488210000000001e-24,5.4221239999999996e-23,-1.555105e-20,-4.0899920000000003e-20,8.4714959999999996e-20,-3.5741369999999999e-19,-1.1716799999999999e-19,-6.958997e-19,-7.5262960000000002e-19,-2.914918e-19,-3.713169e-19,-2.8962339999999999e-19,-2.3907080000000001e-20,-3.7107940000000001e-22,-4.725777e-23,-3.0311499999999999e-23
937660.79583333002,-7.628234,4.0080419999999999e-24,-9.0315670000000002e-24,5.5565240000000004e-23,-1.5664390000000001e-20,-4.0962829999999999e-20,8.471528e-20,-3.5741650000000001e-19,-1.1716799999999999e-19,-6.958997e-19,-7.5262960000000002e-19,-2.9149639999999999e-19,-3.7137770000000002e-19,-2.8974449999999998e-19,-2.4149949999999999e-20,-3.7746090000000001e-22,-4.8090329999999998e-23,-3.0810740000000001e-23
941660.79583333002,-7.631151,4.1092720000000003e-24,-9.0229540000000003e-24,5.7531119999999996e-23,-1.581928e-20,-4.1010200000000002e-20,8.4711479999999999e-20,-3.5741949999999999e-19,-1.1716799999999999e-19,-6.958997e-19,-7.5262960000000002e-19,-2.9149870000000002e-19,-3.7143380000000001e-19,-2.8987360000000001e-19,-2.4592269999999999e-20,-3.8412819999999999e-22,-4.8886410000000002e-23,-3.1286190000000001e-23
945660.79583333002,-7.63497,4.2249350000000003e-24,-9.0510179999999997e-24,5.9958750000000003e-23,-1.5934200000000001e-20,-4.1082470000000002e-20,8.4709670000000001e-20,-3.5742189999999999e-19,-1.1716799999999999e-19,-6.958997e-19,-7.5262960000000002e-19,-2.9150210000000001e-19,-3.7149030000000001e-19,-2.900338e-19,-2.5058799999999999e-20,-3.9078289999999999e-22,-4.9702719999999998e-23,-3.1781619999999999e-23
949660.79583333002,-7.639805,4.3230800000000003e-24,-9.0690080000000006e-24,6.1563419999999996e-23,-1.61815e-20,-4.1140520000000001e-20,8.4713490000000005e-20,-3.5742390000000002e-19,-1.1716799999999999e-19,-6.958997e-19,-7.5262960000000002e-19,-2.915053e-19,-3.715609e-19,-2.9017059999999999e-19,-2.557812e-20,-3.9799649999999998e-22,-5.0482569999999999e-23,-3.2265630000000001e-23
953660.79583333002,-7.6457620000000004,4.434726e-24,-9.1137900000000007e-24,6.3066010000000005e-23,-1.6324319999999999e-20,-4.1175150000000001e-20,8.4727830000000003e-20,-3.5742780000000002e-19,-1.1716799999999999e-19,-6.958997e-19,-7.5262960000000002e-19,-2.9150829999999998e-19,-3.716223e-19,-2.9019830000000001e-19,-2.5986600000000001e-20,-4.0503870000000001e-22,-5.1280440000000001e-23,-3.2740539999999998e-23
957660.79583333002,-7.6529410000000002,4.5728820000000002e-24,-9.1271340000000007e-24,6.517847e-23,-1.6475720000000001e-20,-4.1202300000000001e-20,8.4730670000000005e-20,-3.5743000000000001e-19,-1.1716799999999999e-19,-6.958997e-19,-7.5262960000000002e-19,-2.915121e-19,-3.716805e-19,-2.9029619999999999e-19,-2.6375589999999999e-20,-4.1188539999999999e-22,-5.206714e-23,-3.3205769999999998e-23
961660.79583333002,-7.6614199999999997,4.7036370000000001e-24,-9.1784069999999999e-24,6.7552079999999998e-23,-1.6605979999999999e-20,-4.1217860000000003e-20,8.4748309999999994e-20,-3.57432e-19,-1.1716799999999999e-19,-6.958997e-19,-7.5262960000000002e-19,-2.9151510000000002e-19,-3.7175000000000002e-19,-2.9039370000000001e-19,-2.6941189999999999e-20,-4.1955400000000002e-22,-5.2892179999999997e-23,-3.369555e-23
965660.79583333002,-7.6712540000000002,4.8136859999999997e-24,-9.2120429999999993e-24,6.9528310000000003e-23,-1.666628e-20,-4.13234e-20,8.4720809999999998e-20,-3.5743480000000002e-19,-1.1716799999999999e-19,-6.958997e-19,-7.5262960000000002e-19,-2.915193e-19,-3.7179769999999999e-19,-2.9051029999999998e-19,-2.7501559999999998e-20,-4.2648880000000003e-22,-5.3681740000000002e-23,-3.4221969999999999e-23
969660.79583333002,-7.6824630000000003,4.9398110000000001e-24,-9.2579649999999998e-24,7.1405900000000001e-23,-1.6761910000000001e-20,-4.135219e-20,8.4728639999999995e-20,-3.5743650000000002e-19,-1.1716799999999999e-19,-6.958997e-19,-7.5262960000000002e-19,-2.9152349999999999e-19,-3.718489e-19,-2.906105e-19,-2.793787e-20,-4.342072e-22,-5.4556079999999999e-23,-3.4743550000000001e-23
973660.79583333002,-7.6950279999999998,5.059603e-24,-9.371991e-24,7.2933999999999994e-23,-1.6926859999999999e-20,-4.1432899999999999e-20,8.4729869999999996e-20,-3.5743800000000001e-19,-1.1716799999999999e-19,-6.958997e-19,-7.5262960000000002e-19,-2.9152600000000002e-19,-3.718692e-19,-2.9072730000000002e-19,-2.8336240000000003e-20,-4.4191900000000001e-22,-5.5418130000000001e-23,-3.5241700000000003e-23
977660.79583333002,-7.7088900000000002,5.2265329999999999e-24,-9.3967890000000002e-24,7.4681199999999995e-23,-1.7051109999999999e-20,-4.147222e-20,8.4746389999999996e-20,-3.5743879999999999e-19,-1.1716799999999999e-19,-6.958997e-19,-7.5262960000000002e-19,-2.9152929999999999e-19,-3.7192900000000002e-19,-2.908441e-19,-2.8751400000000001e-20,-4.4957570000000002e-22,-5.6257839999999998e-23,-3.5756419999999999e-23
981660.79583333002,-7.723948,5.3410859999999999e-24,-9.4288499999999996e-24,7.7015420000000004e-23,-1.7216860000000001e-20,-4.148338e-20,8.4763839999999997e-20,-3.5744149999999998e-19,-1.1716799999999999e-19,-6.958997e-19,-7.5262960000000002e-19,-2.9153280000000001e-19,-3.7197359999999999e-19,-2.908697e-19,-2.9348169999999998e-20,-4.5674549999999997e-22,-5.7064060000000001e-23,-3.6257669999999997e-23
985660.79583333002,-7.7323360000000001,5.4619219999999998e-24,-9.5088329999999998e-24,7.8610729999999997e-23,-1.7345850000000001e-20,-4.1527399999999997e-20,8.4778840000000005e-20,-3.5744389999999999e-19,-1.1716799999999999e-19,-6.958997e-19,-7.5262960000000002e-19,-2.9153540000000002e-19,-3.7201990000000001e-19,-2.9099729999999999e-19,-2.9807109999999997e-20,-4.6492819999999998e-22,-5.7862540000000004e-23,-3.6753059999999998e-23
989660.79583333002,-7.7327199999999996,5.5786050000000002e-24,-9.5869179999999999e-24,8.0756509999999999e-23,-1.75453e-20,-4.1552350000000002e-20,8.4793489999999998e-20,-3.574465e-19,-1.1716799999999999e-19,-6.958997e-19,-7.5262970000000005e-19,-2.9153910000000001e-19,-3.7208870000000002e-19,-2.9108460000000002e-19,-3.0264499999999998e-20,-4.7416839999999996e-22,-5.8662239999999997e-23,-3.7294960000000002e-23
993660.79583333002,-7.7331700000000003,5.6827499999999998e-24,-9.6027180000000004e-24,8.3200769999999996e-23,-1.7788450000000001e-20,-4.1588730000000003e-20,8.4826479999999998e-20,-3.5744910000000001e-19,-1.1716799999999999e-19,-6.958997e-19,-7.5262970000000005e-19,-2.9154189999999998e-19,-3.72133e-19,-2.9118900000000001e-19,-3.0789719999999997e-20,-4.8300689999999998e-22,-5.9518239999999999e-23,-3.782517e-23
997660.79583333002,-7.7336739999999997,5.7988749999999999e-24,-9.6870669999999997e-24,8.4850190000000001e-23,-1.7980600000000001e-20,-4.1620579999999999e-20,8.4844349999999995e-20,-3.5744989999999999e-19,-1.1716799999999999e-19,-6.958997e-19,-7.5262970000000005e-19,-2.9154449999999999e-19,-3.7217450000000001e-19,-2.913229e-19,-3.1284859999999998e-20,-4.918164e-22,-6.0349850000000005e-23,-3.8333490000000002e-23
1001660.7958333,-7.7342190000000004,5.9375220000000003e-24,-9.761877e-24,8.6900940000000005e-23,-1.8206099999999999e-20,-4.1667320000000002e-20,8.4846900000000004e-20,-3.5745150000000001e-19,-1.1716799999999999e-19,-6.958997e-19,-7.5262970000000005e-19,-2.9154809999999999e-19,-3.722248e-19,-2.9143880000000001e-19,-3.1847530000000002e-20,-5.0045710000000002e-22,-6.1195440000000004e-23,-3.8851799999999997e-23
1005660.7958333,-7.7347919999999997,6.0726700000000004e-24,-9.793302e-24,8.9759990000000002e-23,-1.8410949999999999e-20,-4.1712540000000001e-20,8.4853099999999996e-20,-3.574535e-19,-1.1716799999999999e-19,-6.958997e-19,-7.5262970000000005e-19,-2.9155090000000001e-19,-3.7228239999999998e-19,-2.9151499999999999e-19,-3.2268880000000003e-20,-5.1019019999999999e-22,-6.2091909999999999e-23,-3.9401119999999997e-23
1009660.7958333,-7.7353769999999997,6.2316000000000004e-24,-9.8181989999999997e-24,9.2514689999999999e-23,-1.8538650000000001e-20,-4.1756400000000002e-20,8.4878759999999995e-20,-3.5745540000000001e-19,-1.1716799999999999e-19,-6.958997e-19,-7.5262970000000005e-19,-2.915546e-19,-3.7233289999999998e-19,-2.9162129999999999e-19,-3.276805e-20,-5.2182480000000004e-22,-6.2938959999999997e-23,-3.9934579999999998e-23
1013660.7958333,-7.7359590000000003,6.3451690000000002e-24,-9.8787209999999996e-24,9.4428269999999994e-23,-1.8730489999999999e-20,-4.180385e-20,8.4902070000000006e-20,-3.5745730000000001e-19,-1.1716799999999999e-19,-6.958997e-19,-7.5262970000000005e-19,-2.9155740000000002e-19,-3.7238289999999998e-19,-2.9171420000000002e-19,-3.3202929999999999e-20,-5.3220830000000001e-22,-6.3734390000000002e-23,-4.0464849999999998e-23
1017660.7958333,-7.736523,6.479962e-24,-9.8709330000000004e-24,9.7283569999999996e-23,-1.896402e-20,-4.1811260000000002e-20,8.4906519999999998e-20,-3.5745909999999999e-19,-1.1716799999999999e-19,-6.958997e-19,-7.5262970000000005e-19,-2.9156049999999998e-19,-3.724207e-19,-2.9180920000000001e-19,-3.359058e-20,-5.4228560000000004e-22,-6.4502050000000003e-23,-4.0969289999999997e-23
1021660.7958333,-7.7370570000000001,6.6053729999999998e-24,-9.9538409999999999e-24,1.0008899999999999e-22,-1.9100629999999999e-20,-4.1868830000000001e-20,8.4918510000000006e-20,-3.57461e-19,-1.1716799999999999e-19,-6.958997e-19,-7.5262970000000005e-19,-2.9156420000000001e-19,-3.724683e-19,-2.9192170000000002e-19,-3.4036890000000002e-20,-5.524342e-22,-6.5364989999999996e-23,-4.1499450000000001e-23
1025660.7958333,-7.7375470000000002,6.7393489999999994e-24,-9.9972669999999994e-24,1.026218e-22,-1.9193650000000001e-20,-4.1933899999999997e-20,8.4917239999999999e-20,-3.574634e-19,-1.1716799999999999e-19,-6.958997e-19,-7.5262970000000005e-19,-2.9156780000000002e-19,-3.7251970000000001e-19,-2.9199880000000001e-19,-3.455106e-20,-5.6350220000000004e-22,-6.6248320000000006e-23,-4.2013860000000001e-23
1029660.7958333,-7.7379819999999997,6.872071e-24,-1.004923e-23,1.045096e-22,-1.917138e-20,-4.198283e-20,8.4924020000000001e-20,-3.5746589999999998e-19,-1.1716799999999999e-19,-6.958997e-19,-7.5262970000000005e-19,-2.9157059999999999e-19,-3.7256990000000002e-19,-2.9205750000000002e-19,-3.4935229999999998e-20,-5.7447920000000002e-22,-6.7050580000000006e-23,-4.2565990000000002e-23
1033660.7958333,-7.738353,7.0024479999999994e-24,-1.010518e-23,1.0528510000000001e-22,-1.9408119999999999e-20,-4.2007760000000002e-20,8.4932710000000004e-20,-3.5746879999999998e-19,-1.1716799999999999e-19,-6.958997e-19,-7.5262970000000005e-19,-2.9157279999999998e-19,-3.7262809999999998e-19,-2.9214470000000002e-19,-3.5456439999999998e-20,-5.8609199999999997e-22,-6.7909919999999996e-23,-4.308206e-23
1037660.7958333,-7.7386530000000002,7.1186650000000003e-24,-1.0179150000000001e-23,1.061562e-22,-1.954054e-20,-4.2018789999999999e-20,8.4929499999999997e-20,-3.574709e-19,-1.1716799999999999e-19,-6.958997e-19,-7.5262970000000005e-19,-2.9157639999999999e-19,-3.7267249999999999e-19,-2.9226070000000001e-19,-3.5976070000000001e-20,-5.9786900000000001e-22,-6.8848179999999997e-23,-4.3654760000000001e-23
1041660.7958333,-7.7388769999999996,7.2248610000000003e-24,-1.028174e-23,1.065615e-22,-1.9620819999999999e-20,-4.2045740000000002e-20,8.4915950000000001e-20,-3.5747320000000002e-19,-1.1716799999999999e-19,-6.958997e-19,-7.5262970000000005e-19,-2.9157890000000002e-19,-3.7272720000000002e-19,-2.9237439999999998e-19,-3.6365770000000003e-20,-6.0887959999999999e-22,-6.9778580000000005e-23,-4.4198920000000002e-23
1045660.7958333,-7.7390220000000003,7.3647260000000002e-24,-1.0447959999999999e-23,1.0791350000000001e-22,-1.964783e-20,-4.2090970000000003e-20,8.4925520000000003e-20,-3.574755e-19,-1.1716799999999999e-19,-6.958997e-19,-7.5262970000000005e-19,-2.9158160000000001e-19,-3.7277519999999999e-19,-2.9247369999999998e-19,-3.671884e-20,-6.1969550000000003e-22,-7.0720929999999998e-23,-4.476819e-23
1049660.7958333001,-7.7390860000000004,7.4922040000000005e-24,-1.0505579999999999e-23,1.083732e-22,-1.976765e-20,-4.2084820000000001e-20,8.4946269999999996e-20,-3.5747730000000002e-19,-1.1716799999999999e-19,-6.958997e-19,-7.5262970000000005e-19,-2.9158369999999998e-19,-3.728109e-19,-2.9256689999999999e-19,-3.7335079999999999e-20,-6.32191e-22,-7.1640769999999998e-23,-4.5348689999999997e-23
1053660.7958333001,-7.7390720000000002,7.6405669999999999e-24,-1.054364e-23,1.0778080000000001e-22,-1.994455e-20,-4.2108670000000002e-20,8.4949089999999995e-20,-3.5748000000000001e-19,-1.1716799999999999e-19,-6.958997e-19,-7.5262970000000005e-19,-2.9158670000000001e-19,-3.7286900000000002e-19,-2.9268919999999998e-19,-3.7746770000000002e-20,-6.4384549999999996e-22,-7.2524799999999994e-23,-4.5878070000000002e-23
1057660.7958333001,-7.7389830000000002,7.7653010000000004e-24,-1.065921e-23,1.0966339999999999e-22,-2.0173829999999999e-20,-4.2135680000000003e-20,8.4963290000000005e-20,-3.5748220000000001e-19,-1.1716799999999999e-19,-6.958997e-19,-7.5262970000000005e-19,-2.9158930000000002e-19,-3.7290809999999998e-19,-2.927915e-19,-3.8344640000000003e-20,-6.5389740000000004e-22,-7.3387530000000003e-23,-4.641825e-23
1061660.7958333001,-7.7388260000000004,7.9018379999999999e-24,-1.069343e-23,1.100497e-22,-2.031259e-20,-4.218394e-20,8.4979320000000005e-20,-3.5748530000000002e-19,-1.1716799999999999e-19,-6.958997e-19,-7.5262970000000005e-19,-2.915923e-19,-3.7295870000000001e-19,-2.9286250000000001e-19,-3.8821180000000003e-20,-6.6588429999999998e-22,-7.4280489999999999e-23,-4.6970289999999998e-23
1065660.7958333001,-7.7386100000000004,8.0454870000000002e-24,-1.072584e-23,1.1065500000000001e-22,-2.0619120000000001e-20,-4.2231949999999999e-20,8.4983709999999999e-20,-3.5748669999999998e-19,-1.1716799999999999e-19,-6.958997e-19,-7.5262970000000005e-19,-2.915952e-19,-3.7302599999999998e-19,-2.9298330000000001e-19,-3.9254570000000002e-20,-6.7798500000000005e-22,-7.512872e-23,-4.7496960000000002e-23
1069660.7958333001,-7.7383470000000001,8.180343e-24,-1.080533e-23,1.102253e-22,-2.0772080000000001e-20,-4.2257389999999998e-20,8.4986289999999995e-20,-3.574883e-19,-1.1716799999999999e-19,-6.958997e-19,-7.5262970000000005e-19,-2.9159819999999998e-19,-3.7308840000000001e-19,-2.931278e-19,-3.9760809999999999e-20,-6.8844819999999997e-22,-7.5960559999999996e-23,-4.8037609999999998e-23
1073660.7958333001,-7.7380529999999998,8.3385960000000006e-24,-1.081552e-23,1.089807e-22,-2.0870339999999999e-20,-4.224821e-20,8.4989150000000001e-20,-3.5749099999999999e-19,-1.1716799999999999e-19,-6.958997e-19,-7.5262979999999998e-19,-2.9160149999999999e-19,-3.7313530000000001e-19,-2.9321149999999998e-19,-4.0462620000000002e-20,-6.9947979999999996e-22,-7.6850380000000003e-23,-4.8560819999999997e-23
1077660.7958333001,-7.7377459999999996,8.4855880000000004e-24,-1.08796e-23,1.08516e-22,-2.0856689999999999e-20,-4.224535e-20,8.4994409999999997e-20,-3.5749249999999998e-19,-1.1716799999999999e-19,-6.958997e-19,-7.5262979999999998e-19,-2.9160360000000001e-19,-3.7318940000000001e-19,-2.9331790000000001e-19,-4.084244e-20,-7.0991229999999996e-22,-7.7644059999999996e-23,-4.908422e-23
1081660.7958333001,-7.7374489999999998,8.6322239999999997e-24,-1.096867e-23,1.0754650000000001e-22,-2.0833810000000001e-20,-4.2287210000000003e-20,8.4993639999999999e-20,-3.5749520000000002e-19,-1.1716799999999999e-19,-6.958997e-19,-7.5262979999999998e-19,-2.9160690000000002e-19,-3.7324130000000002e-19,-2.9340600000000002e-19,-4.1299439999999998e-20,-7.2187110000000003e-22,-7.8628189999999999e-23,-4.9597370000000001e-23
1085660.7958333001,-7.7371869999999996,8.7825470000000005e-24,-1.10224e-23,1.066412e-22,-2.1057290000000001e-20,-4.2262669999999998e-20,8.4979969999999996e-20,-3.574977e-19,-1.1716799999999999e-19,-6.958997e-19,-7.5262979999999998e-19,-2.9160860000000002e-19,-3.7329520000000001e-19,-2.9353240000000001e-19,-4.1777689999999998e-20,-7.3328870000000005e-22,-7.9581090000000004e-23,-5.0136750000000001e-23
1089660.7958333001,-7.7369919999999999,8.9291110000000007e-24,-1.109432e-23,1.06165e-22,-2.114501e-20,-4.2276989999999998e-20,8.4985109999999997e-20,-3.575006e-19,-1.1716799999999999e-19,-6.958997e-19,-7.5262979999999998e-19,-2.916116e-19,-3.733402e-19,-2.93625e-19,-4.2295439999999998e-20,-7.4507079999999998e-22,-8.0468280000000005e-23,-5.0665969999999998e-23
1093660.7958333001,-7.7368969999999999,9.0834700000000003e-24,-1.1146200000000001e-23,1.048872e-22,-2.134683e-20,-4.2288470000000002e-20,8.498215e-20,-3.575023e-19,-1.1716799999999999e-19,-6.958997e-19,-7.5262979999999998e-19,-2.9161529999999999e-19,-3.7340239999999998e-19,-2.9371929999999998e-19,-4.2879619999999998e-20,-7.5875310000000002e-22,-8.1375309999999997e-23,-5.1206850000000001e-23
1097660.7958333001,-7.736942,9.2348869999999996e-24,-1.1206710000000001e-23,1.042511e-22,-2.1452170000000001e-20,-4.2324840000000001e-20,8.4972139999999999e-20,-3.5750370000000001e-19,-1.1716799999999999e-19,-6.958997e-19,-7.5262979999999998e-19,-2.9161900000000002e-19,-3.734518e-19,-2.9384430000000001e-19,-4.3306570000000003e-20,-7.7117720000000002e-22,-8.2241810000000005e-23,-5.1769910000000002e-23
1101660.7958333001,-7.737171,9.4135629999999993e-24,-1.122607e-23,1.032786e-22,-2.1527069999999999e-20,-4.2295460000000002e-20,8.4961680000000004e-20,-3.575064e-19,-1.1716799999999999e-19,-6.958997e-19,-7.5262979999999998e-19,-2.9162360000000002e-19,-3.7350390000000002e-19,-2.9394480000000001e-19,-4.38798e-20,-7.8448949999999999e-22,-8.320314e-23,-5.2343510000000001e-23
1105660.7958333001,-7.7376300000000002,9.5662439999999999e-24,-1.132999e-23,1.016167e-22,-2.1755999999999999e-20,-4.2286329999999999e-20,8.4971010000000003e-20,-3.5750769999999998e-19,-1.1716799999999999e-19,-6.958997e-19,-7.5262979999999998e-19,-2.916266e-19,-3.7356840000000002e-19,-2.9404910000000002e-19,-4.443344e-20,-7.9840169999999997e-22,-8.4101770000000003e-23,-5.2907059999999998e-23
1109660.7958333001,-7.7383740000000003,9.7419969999999993e-24,-1.136896e-23,1.011e-22,-2.183579e-20,-4.229664e-20,8.4970950000000005e-20,-3.575093e-19,-1.1716799999999999e-19,-6.958997e-19,-7.5262979999999998e-19,-2.9162940000000002e-19,-3.736139e-19,-2.941857e-19,-4.5171250000000002e-20,-8.1162429999999997e-22,-8.5059950000000001e-23,-5.3489040000000005e-23
1113660.7958333001,-7.7394569999999998,9.9057930000000006e-24,-1.141911e-23,1.0018259999999999e-22,-2.202338e-20,-4.2312010000000001e-20,8.4978040000000003e-20,-3.5751090000000002e-19,-1.1716799999999999e-19,-6.958997e-19,-7.5262979999999998e-19,-2.9163210000000001e-19,-3.7366469999999999e-19,-2.9430450000000001e-19,-4.566656e-20,-8.2419279999999999e-22,-8.600956e-23,-5.4063959999999999e-23
1117660.7958333001,-7.740939,1.0087310000000001e-23,-1.154423e-23,9.8762659999999999e-23,-2.2122389999999999e-20,-4.2336089999999998e-20,8.4967840000000001e-20,-3.5751299999999998e-19,-1.1716799999999999e-19,-6.958997e-19,-7.5262979999999998e-19,-2.9163500000000001e-19,-3.7371890000000002e-19,-2.944343e-19,-4.6180089999999997e-20,-8.3675570000000003e-22,-8.691253e-23,-5.4598379999999999e-23
1121660.7958333001,-7.7428809999999997,1.024853e-23,-1.167536e-23,9.659944e-23,-2.2481070000000001e-20,-4.235567e-20,8.4982489999999994e-20,-3.5751469999999998e-19,-1.1716799999999999e-19,-6.958997e-19,-7.5262979999999998e-19,-2.916372e-19,-3.7376270000000001e-19,-2.9457689999999999e-19,-4.676038e-20,-8.4851540000000003e-22,-8.7826289999999998e-23,-5.5156389999999997e-23
1125660.7958333001,-7.7453440000000002,1.0414100000000001e-23,-1.181238e-23,9.5155179999999996e-23,-2.2716270000000001e-20,-4.2384489999999999e-20,8.4994979999999999e-20,-3.575168e-19,-1.1716799999999999e-19,-6.958997e-19,-7.5262979999999998e-19,-2.9163919999999999e-19,-3.7382310000000001e-19,-2.9468369999999998e-19,-4.7176659999999999e-20,-8.6209849999999996e-22,-8.8784129999999999e-23,-5.5730910000000004e-23
1129660.7958333001,-7.7455509999999999,1.05449e-23,-1.1978400000000001e-23,9.1450700000000003e-23,-2.305243e-20,-4.2361440000000001e-20,8.4987789999999997e-20,-3.5751979999999998e-19,-1.1716799999999999e-19,-6.958997e-19,-7.5262979999999998e-19,-2.916423e-19,-3.7386109999999999e-19,-2.9480870000000001e-19,-4.767247e-20,-8.7460139999999998e-22,-8.9754609999999998e-23,-5.6287769999999999e-23
1133660.7958333001,-7.7436540000000003,1.071762e-23,-1.2108729999999999e-23,8.7203120000000002e-23,-2.3279270000000001e-20,-4.2362900000000003e-20,8.4996349999999998e-20,-3.5752180000000001e-19,-1.1716799999999999e-19,-6.958997e-19,-7.5262979999999998e-19,-2.9164619999999999e-19,-3.739079e-19,-2.9493199999999999e-19,-4.8400359999999998e-20,-8.8754419999999998e-22,-9.0736569999999996e-23,-5.6825669999999996e-23
1137660.7958333001,-7.7421499999999996,1.089e-23,-1.2166639999999999e-23,8.2439740000000002e-23,-2.340993e-20,-4.233473e-20,8.5015700000000006e-20,-3.5752309999999999e-19,-1.1716799999999999e-19,-6.958997e-19,-7.5262979999999998e-19,-2.9165029999999999e-19,-3.7396200000000001e-19,-2.9503460000000001e-19,-4.9161130000000002e-20,-9.00142e-22,-9.1629249999999998e-23,-5.7394819999999996e-23
1141660.7958333001,-7.7410389999999998,1.1040770000000001e-23,-1.231107e-23,7.6340149999999999e-23,-2.3528360000000001e-20,-4.2334480000000002e-20,8.5023629999999995e-20,-3.57525e-19,-1.1716799999999999e-19,-6.958997e-19,-7.5262979999999998e-19,-2.9165240000000001e-19,-3.740055e-19,-2.9513190000000002e-19,-4.9818880000000002e-20,-9.1482609999999998e-22,-9.2550830000000002e-23,-5.7951199999999997e-23
1145660.7958333001,-7.7403190000000004,1.11956e-23,-1.2450159999999999e-23,7.0442690000000004e-23,-2.3734149999999999e-20,-4.2329619999999998e-20,8.5042270000000002e-20,-3.575267e-19,-1.1716809999999999e-19,-6.958997e-19,-7.5262979999999998e-19,-2.9165489999999999e-19,-3.7406039999999999e-19,-2.9523460000000002e-19,-5.0554539999999999e-20,-9.3056370000000002e-22,-9.3520159999999999e-23,-5.8527619999999999e-23
1149660.7958333001,-7.7399889999999996,1.137159e-23,-1.2543789999999999e-23,6.4140269999999995e-23,-2.3846620000000001e-20,-4.2307840000000001e-20,8.5034269999999995e-20,-3.5752860000000001e-19,-1.1716809999999999e-19,-6.958997e-19,-7.5262979999999998e-19,-2.9165700000000001e-19,-3.7411529999999998e-19,-2.9530640000000001e-19,-5.1148489999999997e-20,-9.4652789999999998e-22,-9.4518700000000005e-23,-5.9084209999999995e-23
1153660.7958333001,-7.7400440000000001,1.15359e-23,-1.2606980000000001e-23,5.8714099999999997e-23,-2.4069530000000001e-20,-4.2291489999999997e-20,8.5029399999999996e-20,-3.5753039999999998e-19,-1.1716809999999999e-19,-6.958997e-19,-7.5262979999999998e-19,-2.9166049999999998e-19,-3.74157e-19,-2.95427e-19,-5.1624390000000002e-20,-9.6324320000000009e-22,-9.5497559999999999e-23,-5.9619379999999999e-23
1157660.7958333001,-7.7404799999999998,1.171223e-23,-1.2711930000000001e-23,5.3455029999999996e-23,-2.4333870000000001e-20,-4.2283220000000001e-20,8.5035240000000002e-20,-3.57532e-19,-1.1716809999999999e-19,-6.958997e-19,-7.5262979999999998e-19,-2.9166269999999998e-19,-3.742157e-19,-2.9552e-19,-5.2234200000000002e-20,-9.8029209999999994e-22,-9.6572859999999996e-23,-6.0186860000000005e-23
1161660.7958333001,-7.7412879999999999,1.189464e-23,-1.278903e-23,4.7715170000000002e-23,-2.4628900000000001e-20,-4.2256440000000001e-20,8.5017579999999997e-20,-3.5753329999999998e-19,-1.1716809999999999e-19,-6.958997e-19,-7.5262979999999998e-19,-2.9166440000000002e-19,-3.7426509999999998e-19,-2.9564519999999999e-19,-5.2841859999999998e-20,-9.9745140000000005e-22,-9.7532500000000004e-23,-6.0731800000000004e-23
1165660.7958333001,-7.7424600000000003,1.2058129999999999e-23,-1.2924480000000001e-23,4.090343e-23,-2.499937e-20,-4.2233689999999997e-20,8.5020990000000001e-20,-3.5753589999999999e-19,-1.1716809999999999e-19,-6.958997e-19,-7.5262979999999998e-19,-2.916674e-19,-3.7432039999999998e-19,-2.9573080000000002e-19,-5.358945e-20,-1.0150090000000001e-21,-9.8500930000000003e-23,-6.1297770000000006e-23
1169660.7958333001,-7.7439830000000001,1.2250650000000001e-23,-1.3045189999999999e-23,3.3103130000000001e-23,-2.5314199999999999e-20,-4.2219950000000001e-20,8.5008279999999997e-20,-3.5753630000000001e-19,-1.1716809999999999e-19,-6.958997e-19,-7.5262979999999998e-19,-2.9167050000000001e-19,-3.7437190000000002e-19,-2.9582090000000002e-19,-5.4106179999999997e-20,-1.033604e-21,-9.9420389999999996e-23,-6.188205e-23
1173660.7958333001,-7.7458450000000001,1.2400540000000001e-23,-1.3199000000000001e-23,2.6180700000000001e-23,-2.5470359999999999e-20,-4.2154099999999998e-20,8.4985519999999997e-20,-3.5753789999999998e-19,-1.1716809999999999e-19,-6.958997e-19,-7.5262979999999998e-19,-2.9167229999999999e-19,-3.744237e-19,-2.9588409999999999e-19,-5.4605819999999998e-20,-1.05193e-21,-1.002072e-22,-6.2434869999999996e-23
1177660.7958333001,-7.7480289999999998,1.254201e-23,-1.341417e-23,1.7957890000000001e-23,-2.5755089999999999e-20,-4.2116599999999997e-20,8.4988110000000001e-20,-3.5753940000000002e-19,-1.1716809999999999e-19,-6.958997e-19,-7.5262990000000001e-19,-2.9167499999999998e-19,-3.7449060000000001e-19,-2.9596099999999998e-19,-5.52589e-20,-1.0718289999999999e-21,-1.011837e-22,-6.2974430000000004e-23
1181660.7958333001,-7.7505189999999997,1.269737e-23,-1.3519399999999999e-23,1.097337e-23,-2.5974180000000001e-20,-4.206633e-20,8.4977520000000003e-20,-3.5754099999999999e-19,-1.1716809999999999e-19,-6.958997e-19,-7.5262990000000001e-19,-2.9167839999999998e-19,-3.745404e-19,-2.9606010000000002e-19,-5.5851099999999998e-20,-1.0907050000000001e-21,-1.019939e-22,-6.3527570000000004e-23
1185660.7958333001,-7.7532949999999996,1.286142e-23,-1.3658390000000001e-23,2.855918e-24,-2.6176630000000001e-20,-4.198402e-20,8.496943e-20,-3.575436e-19,-1.1716809999999999e-19,-6.958997e-19,-7.5262990000000001e-19,-2.916824e-19,-3.7458349999999998e-19,-2.9619409999999998e-19,-5.6434910000000004e-20,-1.1101230000000001e-21,-1.030035e-22,-6.4071190000000002e-23
1189660.7958333001,-7.7563380000000004,1.301361e-23,-1.372446e-23,-3.8968800000000002e-24,-2.6410250000000001e-20,-4.188415e-20,8.4984110000000004e-20,-3.5754659999999998e-19,-1.1716809999999999e-19,-6.958997e-19,-7.5262990000000001e-19,-2.9168500000000001e-19,-3.746356e-19,-2.9630700000000002e-19,-5.7102099999999996e-20,-1.1293669999999999e-21,-1.039099e-22,-6.4623170000000003e-23
1193660.7958333001,-7.7596280000000002,1.3155629999999999e-23,-1.391397e-23,-1.179956e-23,-2.660678e-20,-4.1796949999999997e-20,8.4987040000000002e-20,-3.5754949999999998e-19,-1.1716809999999999e-19,-6.958997e-19,-7.5262990000000001e-19,-2.9168799999999999e-19,-3.7468809999999998e-19,-2.9639439999999998e-19,-5.7774689999999996e-20,-1.1508189999999999e-21,-1.048933e-22,-6.5206849999999999e-23
1197660.7958333001,-7.7631430000000003,1.3319809999999999e-23,-1.4101479999999999e-23,-1.9593479999999999e-23,-2.6680699999999999e-20,-4.1722939999999999e-20,8.497884e-20,-3.5755250000000001e-19,-1.1716809999999999e-19,-6.958997e-19,-7.5262990000000001e-19,-2.9169130000000001e-19,-3.7471589999999998e-19,-2.9647939999999999e-19,-5.8540590000000006e-20,-1.170319e-21,-1.0597130000000001e-22,-6.5764529999999996e-23
1201660.7958333001,-7.7634249999999998,1.3481150000000001e-23,-1.429623e-23,-2.6901319999999999e-23,-2.7009530000000001e-20,-4.161955e-20,8.4999639999999995e-20,-3.5755560000000002e-19,-1.1716809999999999e-19,-6.958997e-19,-7.5262990000000001e-19,-2.9169479999999998e-19,-3.747728e-19,-2.9655100000000002e-19,-5.9354520000000005e-20,-1.188451e-21,-1.0685710000000001e-22,-6.6297080000000003e-23
1205660.7958333001,-7.7598909999999997,1.3646690000000001e-23,-1.4509439999999999e-23,-3.4396439999999998e-23,-2.6967899999999999e-20,-4.1503330000000003e-20,8.4993399999999996e-20,-3.5755780000000001e-19,-1.1716809999999999e-19,-6.958997e-19,-7.5262990000000001e-19,-2.9169850000000002e-19,-3.7482150000000002e-19,-2.9663340000000001e-19,-6.0007459999999997e-20,-1.2061960000000001e-21,-1.078118e-22,-6.6875430000000001e-23
1209660.7958333001,-7.7563319999999996,1.3771100000000001e-23,-1.4678230000000001e-23,-4.2635439999999998e-23,-2.7105479999999999e-20,-4.1389229999999999e-20,8.4990329999999999e-20,-3.5756070000000001e-19,-1.1716809999999999e-19,-6.958997e-19,-7.5262990000000001e-19,-2.9170240000000001e-19,-3.748791e-19,-2.9673769999999998e-19,-6.0491890000000004e-20,-1.2240610000000001e-21,-1.087922e-22,-6.7424939999999998e-23
1213660.7958333001,-7.7527540000000004,1.3937260000000001e-23,-1.4756729999999999e-23,-5.0400149999999998e-23,-2.708194e-20,-4.1325169999999997e-20,8.4980690000000004e-20,-3.575622e-19,-1.1716809999999999e-19,-6.958997e-19,-7.5262990000000001e-19,-2.917044e-19,-3.7493449999999998e-19,-2.9684979999999998e-19,-6.1231310000000002e-20,-1.242357e-21,-1.096356e-22,-6.7960879999999999e-23
1217660.7958333001,-7.7491649999999996,1.4081670000000001e-23,-1.496547e-23,-5.8355190000000003e-23,-2.7489490000000001e-20,-4.128256e-20,8.4986350000000005e-20,-3.5756369999999999e-19,-1.1716809999999999e-19,-6.958997e-19,-7.5262990000000001e-19,-2.917068e-19,-3.7499799999999999e-19,-2.9696680000000001e-19,-6.2294330000000001e-20,-1.259722e-21,-1.1052829999999999e-22,-6.8519040000000002e-23
1221660.7958333001,-7.7455679999999996,1.4256269999999999e-23,-1.5131119999999999e-23,-6.6366459999999995e-23,-2.736373e-20,-4.1237900000000001e-20,8.499197e-20,-3.5756589999999999e-19,-1.1716809999999999e-19,-6.958997e-19,-7.5262990000000001e-19,-2.9170910000000002e-19,-3.75054e-19,-2.9710389999999999e-19,-6.3302470000000003e-20,-1.278036e-21,-1.11466e-22,-6.9075780000000004e-23
1225660.7958333001,-7.7419700000000002,1.441338e-23,-1.5380480000000001e-23,-7.2852529999999997e-23,-2.7406459999999999e-20,-4.1188030000000003e-20,8.4998319999999998e-20,-3.5756840000000002e-19,-1.1716809999999999e-19,-6.958997e-19,-7.5262990000000001e-19,-2.917121e-19,-3.7511279999999998e-19,-2.9722770000000001e-19,-6.4179819999999997e-20,-1.2936420000000001e-21,-1.123401e-22,-6.9616090000000003e-23
1229660.7958333001,-7.7383749999999996,1.4591439999999999e-23,-1.5567370000000001e-23,-7.7797610000000002e-23,-2.765623e-20,-4.1093199999999999e-20,8.5003840000000001e-20,-3.575714e-19,-1.1716809999999999e-19,-6.958997e-19,-7.5262990000000001e-19,-2.9171559999999998e-19,-3.7515019999999999e-19,-2.9737419999999999e-19,-6.5095160000000006e-20,-1.3124660000000001e-21,-1.1331689999999999e-22,-7.0161449999999994e-23
1233660.7958333001,-7.7347869999999999,1.4745950000000001e-23,-1.5842460000000001e-23,-8.403272e-23,-2.774427e-20,-4.0982389999999998e-20,8.5013410000000002e-20,-3.5757409999999999e-19,-1.1716809999999999e-19,-6.958997e-19,-7.5262990000000001e-19,-2.9171919999999998e-19,-3.7520320000000002e-19,-2.9748609999999998e-19,-6.5644170000000002e-20,-1.330268e-21,-1.142943e-22,-7.0719309999999998e-23
1237660.7958333001,-7.7312110000000001,1.4919929999999999e-23,-1.5993449999999999e-23,-9.0661170000000004e-23,-2.7530729999999999e-20,-4.0866770000000001e-20,8.5011270000000005e-20,-3.5757769999999999e-19,-1.1716809999999999e-19,-6.958997e-19,-7.5262990000000001e-19,-2.9172120000000002e-19,-3.7526259999999998e-19,-2.9752309999999998e-19,-6.6574999999999995e-20,-1.34809e-21,-1.1520760000000001e-22,-7.1271410000000003e-23
1241660.7958333001,-7.7276509999999998,1.5125500000000001e-23,-1.610108e-23,-9.7907010000000002e-23,-2.7426600000000002e-20,-4.0739980000000002e-20,8.5005269999999997e-20,-3.5758070000000002e-19,-1.1716809999999999e-19,-6.958997e-19,-7.5262990000000001e-19,-2.917242e-19,-3.7530060000000001e-19,-2.9759749999999998e-19,-6.7227949999999995e-20,-1.367257e-21,-1.1614729999999999e-22,-7.1815439999999997e-23
1245660.7958333001,-7.7241099999999996,1.530175e-23,-1.6357540000000001e-23,-1.0641860000000001e-22,-2.7226769999999999e-20,-4.0600209999999998e-20,8.5012679999999999e-20,-3.5758460000000001e-19,-1.1716809999999999e-19,-6.958997e-19,-7.5262990000000001e-19,-2.9172750000000001e-19,-3.7533989999999998e-19,-2.9763609999999999e-19,-6.7903640000000002e-20,-1.387515e-21,-1.1704049999999999e-22,-7.2331130000000001e-23
1249660.7958333001,-7.7205919999999999,1.5491979999999999e-23,-1.647939e-23,-1.1395890000000001e-22,-2.7054619999999999e-20,-4.0442500000000003e-20,8.5003510000000001e-20,-3.5758889999999998e-19,-1.1716809999999999e-19,-6.958997e-19,-7.5262990000000001e-19,-2.9173180000000002e-19,-3.7538200000000002e-19,-2.9770469999999999e-19,-6.8382090000000005e-20,-1.405079e-21,-1.1784590000000001e-22,-7.2837400000000002e-23
1253660.7958333001,-7.7171010000000004,1.5706989999999999e-23,-1.6713670000000001e-23,-1.22377e-22,-2.684282e-20,-4.0342419999999999e-20,8.499982e-20,-3.5759210000000001e-19,-1.1716809999999999e-19,-6.958997e-19,-7.5262990000000001e-19,-2.917353e-19,-3.754181e-19,-2.9777549999999999e-19,-6.9018669999999997e-20,-1.425877e-21,-1.1873970000000001e-22,-7.3372150000000003e-23
1257660.7958333001,-7.7136389999999997,1.5888389999999999e-23,-1.6861329999999999e-23,-1.293801e-22,-2.7193200000000001e-20,-4.0218510000000002e-20,8.4997320000000005e-20,-3.5759509999999999e-19,-1.1716809999999999e-19,-6.958997e-19,-7.5262990000000001e-19,-2.9173969999999999e-19,-3.7547229999999998e-19,-2.97852e-19,-6.9738400000000005e-20,-1.444036e-21,-1.1948050000000001e-22,-7.3887239999999996e-23
1261660.7958333001,-7.7102110000000001,1.6060100000000001e-23,-1.707732e-23,-1.370914e-22,-2.6920540000000001e-20,-4.0062620000000001e-20,8.4990400000000005e-20,-3.5759790000000001e-19,-1.1716809999999999e-19,-6.958997e-19,-7.5262990000000001e-19,-2.9174359999999998e-19,-3.7552419999999999e-19,-2.9793990000000001e-19,-7.0588850000000004e-20,-1.4653830000000001e-21,-1.2047050000000001e-22,-7.4444249999999996e-23
1265660.7958333001,-7.7068209999999997,1.6262880000000001e-23,-1.7209729999999999e-23,-1.4700529999999999e-22,-2.695005e-20,-3.9957339999999998e-20,8.4971940000000003e-20,-3.5760189999999999e-19,-1.1716809999999999e-19,-6.958997e-19,-7.5262990000000001e-19,-2.9174699999999998e-19,-3.7557179999999999e-19,-2.9801840000000001e-19,-7.0990339999999999e-20,-1.4864619999999999e-21,-1.2132539999999999e-22,-7.4954440000000004e-23
1269660.7958333001,-7.7034739999999999,1.64386e-23,-1.7423800000000001e-23,-1.548984e-22,-2.7052e-20,-3.9818499999999999e-20,8.495143e-20,-3.5760529999999998e-19,-1.1716809999999999e-19,-6.958997e-19,-7.5262990000000001e-19,-2.917503e-19,-3.7562329999999998e-19,-2.9808619999999998e-19,-7.1362009999999997e-20,-1.508118e-21,-1.222803e-22,-7.5484290000000006e-23
1273660.7958333001,-7.7001749999999998,1.6654740000000001e-23,-1.7604230000000001e-23,-1.6370919999999999e-22,-2.693681e-20,-3.963978e-20,8.4937679999999996e-20,-3.5760869999999998e-19,-1.1716809999999999e-19,-6.958997e-19,-7.5262990000000001e-19,-2.9175460000000001e-19,-3.7568119999999999e-19,-2.981511e-19,-7.188294e-20,-1.5250350000000001e-21,-1.230698e-22,-7.5965010000000001e-23
1277660.7958333001,-7.6969289999999999,1.685091e-23,-1.786574e-23,-1.778558e-22,-2.690856e-20,-3.9484240000000001e-20,8.4931079999999999e-20,-3.576115e-19,-1.1716809999999999e-19,-6.958997e-19,-7.5262990000000001e-19,-2.9175829999999999e-19,-3.757382e-19,-2.9822930000000002e-19,-7.2610580000000005e-20,-1.546043e-21,-1.239277e-22,-7.6483399999999997e-23
1281660.7958333001,-7.6937449999999998,1.7041479999999999e-23,-1.7979910000000001e-23,-1.8855039999999999e-22,-2.6869519999999999e-20,-3.9348370000000001e-20,8.4921110000000005e-20,-3.5761469999999999e-19,-1.1716809999999999e-19,-6.958997e-19,-7.5263000000000004e-19,-2.917619e-19,-3.7579610000000001e-19,-2.9829670000000002e-19,-7.3100560000000002e-20,-1.5642049999999999e-21,-1.2468480000000001e-22,-7.6972960000000001e-23
1285660.7958333001,-7.6906309999999998,1.7227090000000001e-23,-1.8273029999999999e-23,-2.017027e-22,-2.6837060000000001e-20,-3.9176479999999999e-20,8.4902680000000002e-20,-3.5761809999999998e-19,-1.1716809999999999e-19,-6.958997e-19,-7.5263000000000004e-19,-2.9176450000000001e-19,-3.7585539999999999e-19,-2.9833850000000001e-19,-7.3913489999999996e-20,-1.5834740000000001e-21,-1.255342e-22,-7.7470890000000005e-23
1289660.7958333001,-7.6875970000000002,1.739989e-23,-1.8569959999999999e-23,-2.162786e-22,-2.6711990000000001e-20,-3.9080160000000002e-20,8.488898e-20,-3.5762160000000001e-19,-1.1716809999999999e-19,-6.958997e-19,-7.5263000000000004e-19,-2.9176760000000001e-19,-3.7590700000000001e-19,-2.9843669999999999e-19,-7.4653729999999994e-20,-1.6004279999999999e-21,-1.2634499999999999e-22,-7.8007409999999999e-23
1293660.7958333001,-7.6846560000000004,1.7601169999999999e-23,-1.8749400000000001e-23,-2.3204089999999998e-22,-2.6833179999999999e-20,-3.896741e-20,8.4858440000000006e-20,-3.5762559999999998e-19,-1.1716809999999999e-19,-6.958997e-19,-7.5263000000000004e-19,-2.9177100000000001e-19,-3.7595890000000002e-19,-2.9853300000000001e-19,-7.5398400000000005e-20,-1.6161740000000001e-21,-1.271129e-22,-7.8497649999999997e-23
1297660.7958333001,-7.6818220000000004,1.778e-23,-1.9036609999999999e-23,-2.513157e-22,-2.6813689999999999e-20,-3.8792839999999997e-20,8.4857870000000004e-20,-3.576296e-19,-1.1716809999999999e-19,-6.958997e-19,-7.5263000000000004e-19,-2.9177479999999998e-19,-3.7602669999999999e-19,-2.9863010000000001e-19,-7.5820760000000001e-20,-1.6314309999999999e-21,-1.2786789999999999e-22,-7.9011310000000005e-23
1301660.7958333001,-7.6791130000000001,1.7983350000000001e-23,-1.9201920000000001e-23,-2.6643939999999999e-22,-2.7490870000000001e-20,-3.8645339999999999e-20,8.4844049999999994e-20,-3.5763320000000001e-19,-1.1716809999999999e-19,-6.958997e-19,-7.5263000000000004e-19,-2.917778e-19,-3.76081e-19,-2.9873269999999998e-19,-7.6337340000000005e-20,-1.642225e-21,-1.2855250000000001e-22,-7.9516979999999996e-23
1305660.7958333001,-7.6765499999999998,1.8174380000000001e-23,-1.939622e-23,-2.8391680000000001e-22,-2.7938850000000002e-20,-3.8490229999999998e-20,8.4853349999999995e-20,-3.5763639999999999e-19,-1.1716809999999999e-19,-6.958997e-19,-7.5263000000000004e-19,-2.9178110000000002e-19,-3.761402e-19,-2.988447e-19,-7.7019530000000005e-20,-1.6562430000000001e-21,-1.294227e-22,-8.0059139999999996e-23
1309660.7958333001,-7.6741590000000004,1.839844e-23,-1.9562059999999999e-23,-3.011736e-22,-2.8235100000000001e-20,-3.8313870000000001e-20,8.4844360000000002e-20,-3.576407e-19,-1.1716809999999999e-19,-6.958997e-19,-7.5263000000000004e-19,-2.917853e-19,-3.7620519999999999e-19,-2.989488e-19,-7.7407809999999999e-20,-1.671209e-21,-1.301081e-22,-8.0522839999999998e-23
1313660.7958333001,-7.6719679999999997,1.861158e-23,-1.992486e-23,-3.2093820000000001e-22,-2.8472220000000002e-20,-3.8163699999999999e-20,8.4839479999999995e-20,-3.5764480000000001e-19,-1.1716809999999999e-19,-6.958997e-19,-7.5263000000000004e-19,-2.9178910000000001e-19,-3.7627989999999998e-19,-2.9905739999999998e-19,-7.8091999999999998e-20,-1.690737e-21,-1.310814e-22,-8.1049929999999994e-23
1317660.7958333001,-7.6700140000000001,1.880965e-23,-2.018687e-23,-3.411446e-22,-2.84959e-20,-3.79957e-20,8.4831260000000001e-20,-3.5764879999999998e-19,-1.1716809999999999e-19,-6.958997e-19,-7.5263000000000004e-19,-2.9179250000000001e-19,-3.7634980000000002e-19,-2.9920190000000002e-19,-7.8612559999999995e-20,-1.707411e-21,-1.3192750000000001e-22,-8.1573429999999996e-23
1321660.7958333001,-7.668336,1.9020870000000001e-23,-2.0434720000000001e-23,-3.61358e-22,-2.8983999999999999e-20,-3.7769270000000002e-20,8.4820989999999994e-20,-3.5765169999999998e-19,-1.1716809999999999e-19,-6.958997e-19,-7.5263000000000004e-19,-2.9179499999999999e-19,-3.764151e-19,-2.9927660000000001e-19,-7.9286280000000003e-20,-1.7237680000000001e-21,-1.3268260000000001e-22,-8.2064310000000001e-23
1325660.7958333001,-7.666982,1.9222840000000001e-23,-2.076804e-23,-3.8348160000000001e-22,-2.9635330000000001e-20,-3.7542570000000002e-20,8.4827269999999999e-20,-3.5765629999999998e-19,-1.1716809999999999e-19,-6.958997e-19,-7.5263000000000004e-19,-2.9179880000000001e-19,-3.7646750000000001e-19,-2.9940780000000001e-19,-7.9754120000000004e-20,-1.738694e-21,-1.3348609999999999e-22,-8.2591880000000003e-23
1329660.7958333001,-7.6660069999999996,1.943194e-23,-2.0988229999999999e-23,-4.0818229999999999e-22,-2.9826150000000003e-20,-3.7364630000000002e-20,8.4816670000000006e-20,-3.5765950000000001e-19,-1.1716809999999999e-19,-6.958997e-19,-7.5263000000000004e-19,-2.9180229999999998e-19,-3.7653510000000001e-19,-2.9956940000000001e-19,-8.0177920000000004e-20,-1.748816e-21,-1.343042e-22,-8.3068859999999999e-23
1333660.7958333001,-7.6654739999999997,1.962341e-23,-2.128509e-23,-4.3090369999999998e-22,-2.9948590000000002e-20,-3.7111339999999997e-20,8.4822690000000005e-20,-3.5766380000000002e-19,-1.1716809999999999e-19,-6.958997e-19,-7.5263000000000004e-19,-2.9180569999999998e-19,-3.76591e-19,-2.9970830000000001e-19,-8.0781759999999996e-20,-1.7567760000000001e-21,-1.3505160000000001e-22,-8.352003e-23
1337660.7958333001,-7.6654520000000002,1.984745e-23,-2.152508e-23,-4.5659069999999997e-22,-3.0163360000000003e-20,-3.689682e-20,8.4831770000000005e-20,-3.5766739999999998e-19,-1.171682e-19,-6.958997e-19,-7.5263000000000004e-19,-2.9180979999999998e-19,-3.7665610000000002e-19,-2.9982810000000002e-19,-8.1303010000000002e-20,-1.7656330000000001e-21,-1.357792e-22,-8.4007570000000005e-23
1341660.7958333001,-7.6660199999999996,2.0075409999999999e-23,-2.1828810000000001e-23,-4.8704089999999999e-22,-3.0639550000000001e-20,-3.671393e-20,8.4840739999999994e-20,-3.5766990000000001e-19,-1.171682e-19,-6.958997e-19,-7.5263000000000004e-19,-2.9181330000000001e-19,-3.7672690000000002e-19,-2.999502e-19,-8.2015769999999996e-20,-1.7791609999999998e-21,-1.365026e-22,-8.4472749999999998e-23
1345660.7958333001,-7.6672609999999999,2.0276400000000001e-23,-2.220712e-23,-5.1660829999999996e-22,-3.0997740000000001e-20,-3.6491079999999997e-20,8.4815129999999997e-20,-3.5767409999999999e-19,-1.171682e-19,-6.958997e-19,-7.5263000000000004e-19,-2.9181729999999998e-19,-3.7679720000000002e-19,-3.0006379999999999e-19,-8.2832880000000004e-20,-1.7934710000000001e-21,-1.3729199999999999e-22,-8.4941540000000002e-23
1349660.7958333001,-7.6692660000000004,2.0494090000000001e-23,-2.246689e-23,-5.4201479999999999e-22,-3.1251520000000001e-20,-3.6241540000000003e-20,8.4815569999999996e-20,-3.576777e-19,-1.171682e-19,-6.958997e-19,-7.5263000000000004e-19,-2.9182170000000002e-19,-3.7686320000000001e-19,-3.0020999999999998e-19,-8.3198849999999994e-20,-1.8091370000000001e-21,-1.38046e-22,-8.5389860000000005e-23
1353660.7958333001,-7.6721269999999997,2.066722e-23,-2.280683e-23,-5.7520940000000001e-22,-3.145184e-20,-3.6040469999999998e-20,8.4804239999999998e-20,-3.5768189999999998e-19,-1.171682e-19,-6.958997e-19,-7.5263000000000004e-19,-2.918254e-19,-3.7693289999999998e-19,-3.0033579999999999e-19,-8.3267220000000001e-20,-1.8259849999999999e-21,-1.387661e-22,-8.58595e-23
1357660.7958333001,-7.6759380000000004,2.0910669999999999e-23,-2.3195119999999999e-23,-6.0421969999999999e-22,-3.1985169999999999e-20,-3.5779830000000001e-20,8.4799619999999997e-20,-3.576859e-19,-1.171682e-19,-6.958997e-19,-7.5263000000000004e-19,-2.9182859999999999e-19,-3.7699179999999999e-19,-3.0048559999999999e-19,-8.4250270000000006e-20,-1.8386359999999999e-21,-1.394569e-22,-8.6315669999999999e-23
1361660.7958333001,-7.6807860000000003,2.1154260000000001e-23,-2.3398349999999999e-23,-6.360774e-22,-3.2518420000000003e-20,-3.553036e-20,8.4797759999999997e-20,-3.5768959999999998e-19,-1.171682e-19,-6.958997e-19,-7.5263000000000004e-19,-2.9183330000000002e-19,-3.7705439999999999e-19,-3.0068929999999998e-19,-8.4902989999999998e-20,-1.8536520000000001e-21,-1.4015820000000001e-22,-8.6811099999999997e-23
1365660.7958333001,-7.68675,2.1391179999999999e-23,-2.3733369999999999e-23,-6.6849139999999999e-22,-3.3253830000000002e-20,-3.5262429999999998e-20,8.4803330000000002e-20,-3.5769260000000001e-19,-1.171682e-19,-6.958997e-19,-7.5263000000000004e-19,-2.9183639999999998e-19,-3.7710679999999999e-19,-3.008146e-19,-8.5521100000000005e-20,-1.8777369999999999e-21,-1.4103769999999999e-22,-8.7279069999999998e-23
1369660.7958333001,-7.6938930000000001,2.1595249999999999e-23,-2.406925e-23,-7.0778689999999996e-22,-3.3916830000000003e-20,-3.5009139999999999e-20,8.4781459999999996e-20,-3.5769539999999998e-19,-1.171682e-19,-6.958997e-19,-7.5263000000000004e-19,-2.9184019999999999e-19,-3.7716610000000002e-19,-3.0091910000000002e-19,-8.6093500000000001e-20,-1.9005130000000001e-21,-1.4169819999999999e-22,-8.7807130000000002e-23
1373660.7958333001,-7.7022570000000004,2.1842090000000001e-23,-2.432986e-23,-7.4421209999999999e-22,-3.389788e-20,-3.4807560000000001e-20,8.4756880000000003e-20,-3.5769910000000002e-19,-1.171682e-19,-6.958997e-19,-7.5263000000000004e-19,-2.9184420000000001e-19,-3.7722770000000002e-19,-3.0109600000000001e-19,-8.6672230000000004e-20,-1.9218539999999998e-21,-1.423207e-22,-8.8305960000000003e-23
1377660.7958333001,-7.7118570000000002,2.204608e-23,-2.4861220000000001e-23,-7.8349510000000001e-22,-3.37918e-20,-3.4578349999999999e-20,8.4752150000000002e-20,-3.5770239999999999e-19,-1.171682e-19,-6.958997e-19,-7.5263000000000004e-19,-2.9184719999999999e-19,-3.7728299999999998e-19,-3.0121410000000001e-19,-8.7319650000000005e-20,-1.9428409999999998e-21,-1.4293660000000001e-22,-8.8813460000000002e-23
1381660.7958333001,-7.7159370000000003,2.2248850000000001e-23,-2.516259e-23,-8.2410740000000002e-22,-3.3950049999999998e-20,-3.4284530000000002e-20,8.47434e-20,-3.5770649999999999e-19,-1.171682e-19,-6.958997e-19,-7.5263000000000004e-19,-2.9185059999999999e-19,-3.7734830000000001e-19,-3.0134639999999998e-19,-8.8041320000000002e-20,-1.963125e-21,-1.4356450000000001e-22,-8.9288589999999997e-23
1385660.7958333001,-7.7112080000000001,2.2443159999999999e-23,-2.5578410000000001e-23,-8.7825040000000005e-22,-3.3734769999999998e-20,-3.3964280000000001e-20,8.4737810000000004e-20,-3.577108e-19,-1.171682e-19,-6.958997e-19,-7.5263009999999997e-19,-2.918549e-19,-3.774061e-19,-3.0154209999999998e-19,-8.8929439999999999e-20,-1.9809980000000002e-21,-1.4431169999999999e-22,-8.9709729999999997e-23
1389660.7958333001,-7.706823,2.2651579999999999e-23,-2.607741e-23,-9.3010999999999992e-22,-3.3846750000000002e-20,-3.370566e-20,8.4746579999999997e-20,-3.5771499999999998e-19,-1.171682e-19,-6.958997e-19,-7.5263009999999997e-19,-2.9185870000000001e-19,-3.7747529999999998e-19,-3.0168899999999998e-19,-9.0585559999999997e-20,-1.9954089999999999e-21,-1.450239e-22,-9.0184219999999997e-23
1393660.7958333001,-7.7028470000000002,2.2855459999999999e-23,-2.645676e-23,-9.8115109999999995e-22,-3.4129109999999998e-20,-3.3412790000000001e-20,8.4739240000000001e-20,-3.577178e-19,-1.171682e-19,-6.958997e-19,-7.5263009999999997e-19,-2.9186250000000002e-19,-3.7755759999999999e-19,-3.0186889999999999e-19,-9.1246629999999998e-20,-2.0111530000000001e-21,-1.4545269999999999e-22,-9.0626129999999997e-23
1397660.7958333001,-7.6993530000000003,2.3054390000000001e-23,-2.6850169999999999e-23,-1.0320259999999999e-21,-3.4096180000000002e-20,-3.3156450000000002e-20,8.4725899999999997e-20,-3.577226e-19,-1.171682e-19,-6.958997e-19,-7.5263009999999997e-19,-2.9186659999999998e-19,-3.7762370000000001e-19,-3.019764e-19,-9.2201189999999997e-20,-2.0335750000000002e-21,-1.460528e-22,-9.1089260000000003e-23
1401660.7958333001,-7.6964180000000004,2.325199e-23,-2.733964e-23,-1.085603e-21,-3.3962500000000002e-20,-3.2834839999999998e-20,8.4713979999999994e-20,-3.5772540000000002e-19,-1.171682e-19,-6.958997e-19,-7.5263009999999997e-19,-2.9187000000000002e-19,-3.7770900000000001e-19,-3.0216879999999998e-19,-9.3002969999999999e-20,-2.0574560000000001e-21,-1.4666280000000001e-22,-9.1558850000000004e-23
1405660.7958333001,-7.6941269999999999,2.347828e-23,-2.767017e-23,-1.142115e-21,-3.4328500000000003e-20,-3.2543550000000001e-20,8.4710590000000005e-20,-3.577294e-19,-1.171682e-19,-6.958997e-19,-7.5263009999999997e-19,-2.9187410000000002e-19,-3.7778859999999998e-19,-3.023356e-19,-9.4179860000000001e-20,-2.0801879999999999e-21,-1.473626e-22,-9.2011650000000001e-23
1409660.7958333001,-7.6925699999999999,2.365785e-23,-2.809528e-23,-1.1991569999999999e-21,-3.4727930000000002e-20,-3.224569e-20,8.4698549999999995e-20,-3.5773290000000002e-19,-1.171682e-19,-6.958997e-19,-7.5263009999999997e-19,-2.9187700000000002e-19,-3.7784520000000002e-19,-3.0247849999999998e-19,-9.5218750000000001e-20,-2.0977989999999998e-21,-1.4799100000000001e-22,-9.2468559999999995e-23
1413660.7958333001,-7.6918360000000003,2.3909979999999999e-23,-2.8515900000000003e-23,-1.2545039999999999e-21,-3.5108030000000003e-20,-3.1992859999999997e-20,8.4695069999999998e-20,-3.5773569999999999e-19,-1.171682e-19,-6.958997e-19,-7.5263009999999997e-19,-2.918805e-19,-3.7791000000000001e-19,-3.0268499999999999e-19,-9.6205649999999997e-20,-2.1141949999999998e-21,-1.4852020000000001e-22,-9.2927290000000001e-23
1417660.7958333001,-7.6887059999999998,2.4136660000000001e-23,-2.8915119999999999e-23,-1.310764e-21,-3.4413579999999999e-20,-3.1664329999999999e-20,8.4695820000000005e-20,-3.5773839999999998e-19,-1.171682e-19,-6.958997e-19,-7.5263009999999997e-19,-2.9188450000000002e-19,-3.779963e-19,-3.0292229999999998e-19,-9.73153e-20,-2.129639e-21,-1.493504e-22,-9.3406659999999994e-23
1421660.7958333001,-7.6836440000000001,2.435465e-23,-2.942518e-23,-1.376473e-21,-3.4499630000000002e-20,-3.1361990000000002e-20,8.4676490000000001e-20,-3.5774160000000002e-19,-1.171682e-19,-6.958997e-19,-7.5263009999999997e-19,-2.9188890000000001e-19,-3.780644e-19,-3.031471e-19,-9.7995320000000004e-20,-2.1544959999999999e-21,-1.5004130000000001e-22,-9.3822190000000001e-23
1425660.7958333001,-7.6790380000000003,2.455854e-23,-2.9980830000000001e-23,-1.436526e-21,-3.4602229999999999e-20,-3.113502e-20,8.4673519999999996e-20,-3.5774559999999999e-19,-1.171682e-19,-6.958997e-19,-7.5263009999999997e-19,-2.9189230000000001e-19,-3.781282e-19,-3.0338400000000002e-19,-9.9109099999999996e-20,-2.1640380000000002e-21,-1.5077180000000001e-22,-9.4266799999999994e-23
1429660.7958333001,-7.6749710000000002,2.4818739999999999e-23,-3.0392439999999997e-23,-1.5023720000000001e-21,-3.4728319999999999e-20,-3.0717920000000001e-20,8.4665609999999998e-20,-3.577487e-19,-1.171682e-19,-6.958997e-19,-7.5263009999999997e-19,-2.9189610000000002e-19,-3.7818889999999999e-19,-3.0365259999999998e-19,-1.000722e-19,-2.1728550000000001e-21,-1.513554e-22,-9.4663670000000004e-23
1433660.7958333001,-7.6715299999999997,2.502572e-23,-3.0985549999999998e-23,-1.56496e-21,-3.4446250000000001e-20,-3.0442570000000001e-20,8.4645220000000002e-20,-3.5775230000000001e-19,-1.171682e-19,-6.958997e-19,-7.5263009999999997e-19,-2.9189950000000002e-19,-3.7826460000000002e-19,-3.0391129999999999e-19,-1.005412e-19,-2.1824169999999998e-21,-1.520725e-22,-9.5125090000000005e-23
1437660.7958333001,-7.6688099999999997,2.5285220000000001e-23,-3.1477360000000001e-23,-1.631959e-21,-3.529778e-20,-3.0060360000000002e-20,8.4639670000000001e-20,-3.577562e-19,-1.171682e-19,-6.958997e-19,-7.5263009999999997e-19,-2.9190299999999999e-19,-3.7834379999999998e-19,-3.041492e-19,-1.010721e-19,-2.1995849999999999e-21,-1.5265729999999999e-22,-9.5564209999999998e-23
1441660.7958333001,-7.6669109999999998,2.557466e-23,-3.1943880000000001e-23,-1.7004549999999999e-21,-3.5935010000000002e-20,-2.9780910000000001e-20,8.4643869999999995e-20,-3.577608e-19,-1.171682e-19,-6.958997e-19,-7.5263009999999997e-19,-2.9190689999999999e-19,-3.7841259999999999e-19,-3.0440180000000002e-19,-1.022404e-19,-2.2243260000000002e-21,-1.5336429999999999e-22,-9.6004569999999997e-23
1445660.7958333001,-7.6659369999999996,2.5803360000000001e-23,-3.2455920000000003e-23,-1.7645920000000002e-21,-3.6715859999999999e-20,-2.9430730000000002e-20,8.4630140000000006e-20,-3.5776499999999998e-19,-1.171682e-19,-6.958997e-19,-7.5263009999999997e-19,-2.9190990000000001e-19,-3.7847879999999999e-19,-3.0468280000000001e-19,-1.027858e-19,-2.244045e-21,-1.5401570000000001e-22,-9.641978e-23
1449660.7958333001,-7.6659949999999997,2.605864e-23,-3.29729e-23,-1.8459859999999998e-21,-3.7423210000000002e-20,-2.9101820000000003e-20,8.4616490000000006e-20,-3.5777049999999999e-19,-1.171682e-19,-6.958997e-19,-7.5263009999999997e-19,-2.9191339999999999e-19,-3.785343e-19,-3.049382e-19,-1.034734e-19,-2.2676830000000001e-21,-1.5469959999999999e-22,-9.6858070000000005e-23
1453660.7958333001,-7.6671880000000003,2.6346480000000001e-23,-3.3400679999999997e-23,-1.9090350000000001e-21,-3.7827850000000002e-20,-2.8779490000000003e-20,8.4572519999999999e-20,-3.5777539999999998e-19,-1.171682e-19,-6.958997e-19,-7.5263009999999997e-19,-2.9191670000000001e-19,-3.7861649999999999e-19,-3.0520619999999999e-19,-1.04257e-19,-2.2949829999999999e-21,-1.550548e-22,-9.7248279999999995e-23
1457660.7958333001,-7.6696140000000002,2.661021e-23,-3.406749e-23,-1.9790800000000001e-21,-3.8479910000000001e-20,-2.8441230000000001e-20,8.4564429999999996e-20,-3.5777899999999998e-19,-1.171682e-19,-6.958997e-19,-7.5263009999999997e-19,-2.9192050000000002e-19,-3.7871149999999998e-19,-3.0542370000000002e-19,-1.045615e-19,-2.3219670000000002e-21,-1.555644e-22,-9.762651e-23
1461660.7958333001,-7.6733599999999997,2.6885959999999998e-23,-3.4592439999999998e-23,-2.047322e-21,-3.8804679999999999e-20,-2.8162950000000003e-20,8.4546600000000006e-20,-3.5778259999999999e-19,-1.171682e-19,-6.958997e-19,-7.5263009999999997e-19,-2.9192379999999999e-19,-3.7877449999999999e-19,-3.0560699999999999e-19,-1.0471880000000001e-19,-2.37385e-21,-1.559265e-22,-9.807768e-23
1465660.7958333001,-7.6784949999999998,2.7131669999999999e-23,-3.5067409999999998e-23,-2.137508e-21,-3.9612190000000001e-20,-2.7811710000000001e-20,8.4562289999999999e-20,-3.5778680000000002e-19,-1.171682e-19,-6.958997e-19,-7.5263009999999997e-19,-2.9192780000000001e-19,-3.7886819999999999e-19,-3.0573379999999999e-19,-1.055166e-19,-2.4365400000000001e-21,-1.563193e-22,-9.8504470000000002e-23
1469660.7958333001,-7.6850680000000002,2.7402869999999997e-23,-3.5707110000000003e-23,-2.2211410000000001e-21,-4.0006919999999998e-20,-2.7500400000000003e-20,8.4544560000000001e-20,-3.5779029999999999e-19,-1.171682e-19,-6.958997e-19,-7.5263009999999997e-19,-2.919317e-19,-3.7895349999999999e-19,-3.0597519999999998e-19,-1.0640409999999999e-19,-2.4937769999999999e-21,-1.5652319999999999e-22,-9.8913589999999995e-23
1473660.7958333001,-7.6930969999999999,2.76324e-23,-3.6494479999999999e-23,-2.3060019999999999e-21,-4.0729729999999999e-20,-2.708358e-20,8.4520650000000002e-20,-3.5779469999999998e-19,-1.171682e-19,-6.958997e-19,-7.5263009999999997e-19,-2.9193600000000001e-19,-3.790218e-19,-3.062249e-19,-1.071511e-19,-2.533699e-21,-1.5678880000000001e-22,-9.928246e-23
1477660.7958333001,-7.7015070000000003,2.7892669999999998e-23,-3.7242829999999998e-23,-2.3917600000000001e-21,-4.1105319999999998e-20,-2.67871e-20,8.4532490000000004e-20,-3.577985e-19,-1.171682e-19,-6.958997e-19,-7.5263009999999997e-19,-2.9194019999999999e-19,-3.7911140000000001e-19,-3.0639119999999998e-19,-1.0800629999999999e-19,-2.5880589999999999e-21,-1.5706449999999999e-22,-9.9718549999999999e-23
1481660.7958333001,-7.6961329999999997,2.813292e-23,-3.785173e-23,-2.4831249999999998e-21,-4.1622610000000002e-20,-2.6473610000000001e-20,8.4514089999999999e-20,-3.5780230000000001e-19,-1.171682e-19,-6.958997e-19,-7.5263009999999997e-19,-2.9194350000000001e-19,-3.79211e-19,-3.0665599999999998e-19,-1.0876319999999999e-19,-2.6536559999999998e-21,-1.572833e-22,-1.001337e-22
1485660.7958333001,-7.6911569999999996,2.8386159999999998e-23,-3.8441239999999999e-23,-2.5709859999999998e-21,-4.2268200000000002e-20,-2.6144380000000001e-20,8.4496779999999997e-20,-3.5780579999999999e-19,-1.171682e-19,-6.958997e-19,-7.5263009999999997e-19,-2.9194810000000001e-19,-3.7926879999999998e-19,-3.0691190000000002e-19,-1.097841e-19,-2.7194620000000001e-21,-1.572297e-22,-1.005511e-22
1489660.7958333001,-7.6865930000000002,2.8629689999999998e-23,-3.9152950000000001e-23,-2.6657600000000001e-21,-4.2862120000000001e-20,-2.5792319999999999e-20,8.4463979999999998e-20,-3.578103e-19,-1.171682e-19,-6.958997e-19,-7.5263009999999997e-19,-2.919525e-19,-3.793279e-19,-3.0715439999999998e-19,-1.1040949999999999e-19,-2.7621850000000001e-21,-1.5757380000000001e-22,-1.00939e-22
1493660.7958333001,-7.6824479999999999,2.8912329999999998e-23,-3.9772720000000001e-23,-2.7378699999999999e-21,-4.3156419999999998e-20,-2.5547700000000001e-20,8.4472090000000004e-20,-3.578149e-19,-1.171682e-19,-6.958997e-19,-7.526302e-19,-2.9195630000000001e-19,-3.7942779999999998e-19,-3.074169e-19,-1.1062310000000001e-19,-2.8061779999999999e-21,-1.5749849999999999e-22,-1.0130840000000001e-22
1497660.7958333001,-7.6787239999999999,2.9180060000000001e-23,-4.038897e-23,-2.8068370000000001e-21,-4.3392089999999998e-20,-2.5296069999999999e-20,8.4487190000000004e-20,-3.5781890000000002e-19,-1.171682e-19,-6.958997e-19,-7.526302e-19,-2.9196010000000002e-19,-3.7951120000000001e-19,-3.0768790000000001e-19,-1.1123490000000001e-19,-2.8490869999999999e-21,-1.5749290000000001e-22,-1.0164080000000001e-22
1501660.7958333001,-7.6754179999999996,2.9457629999999999e-23,-4.100988e-23,-2.8646450000000001e-21,-4.3840830000000002e-20,-2.498617e-20,8.4501690000000003e-20,-3.5782300000000002e-19,-1.171682e-19,-6.958997e-19,-7.526302e-19,-2.9196419999999998e-19,-3.7959659999999999e-19,-3.0800619999999999e-19,-1.118006e-19,-2.9013449999999998e-21,-1.5745159999999999e-22,-1.019913e-22
1505660.7958333001,-7.6725209999999997,2.9777800000000002e-23,-4.1438599999999998e-23,-2.9298879999999999e-21,-4.4264089999999999e-20,-2.472177e-20,8.4504379999999999e-20,-3.5782799999999999e-19,-1.171682e-19,-6.958997e-19,-7.526302e-19,-2.9196740000000001e-19,-3.7969059999999999e-19,-3.084137e-19,-1.1225610000000001e-19,-2.9621149999999999e-21,-1.5764940000000001e-22,-1.0236960000000001e-22
1509660.7958333001,-7.6700229999999996,3.0096699999999998e-23,-4.1917389999999998e-23,-3.002739e-21,-4.4918379999999999e-20,-2.4510869999999999e-20,8.4519010000000001e-20,-3.5783150000000001e-19,-1.171682e-19,-6.958997e-19,-7.526302e-19,-2.9197250000000001e-19,-3.7977929999999998e-19,-3.087483e-19,-1.1291329999999999e-19,-3.0006130000000002e-21,-1.573976e-22,-1.027028e-22
1513660.7958333001,-7.6679139999999997,3.0401790000000001e-23,-4.2374249999999998e-23,-3.080534e-21,-4.5482289999999999e-20,-2.4285870000000001e-20,8.4564390000000002e-20,-3.5783549999999999e-19,-1.171682e-19,-6.958997e-19,-7.526302e-19,-2.9197660000000001e-19,-3.798599e-19,-3.0916370000000002e-19,-1.134283e-19,-3.041905e-21,-1.5714599999999999e-22,-1.030835e-22
1517660.7958333001,-7.6661799999999998,3.0767519999999998e-23,-4.2914810000000002e-23,-3.1557820000000001e-21,-4.5672689999999999e-20,-2.407233e-20,8.4550449999999997e-20,-3.5783909999999999e-19,-1.171682e-19,-6.958997e-19,-7.526302e-19,-2.91981e-19,-3.7993189999999999e-19,-3.096349e-19,-1.141608e-19,-3.079758e-21,-1.5700079999999999e-22,-1.0341349999999999e-22
1521660.7958333001,-7.6648129999999997,3.113314e-23,-4.3622330000000001e-23,-3.2242930000000002e-21,-4.6280439999999997e-20,-2.3931910000000001e-20,8.4542560000000002e-20,-3.5784399999999998e-19,-1.171682e-19,-6.958997e-19,-7.526302e-19,-2.919846e-19,-3.8001669999999999e-19,-3.1002670000000001e-19,-1.1449620000000001e-19,-3.1106770000000002e-21,-1.567293e-22,-1.037597e-22
1525660.7958333001,-7.6638039999999998,3.1441340000000002e-23,-4.4175750000000002e-23,-3.3148200000000001e-21,-4.6650930000000002e-20,-2.3620010000000001e-20,8.4535040000000001e-20,-3.5784899999999999e-19,-1.171682e-19,-6.958997e-19,-7.526302e-19,-2.9198929999999998e-19,-3.801138e-19,-3.1045439999999999e-19,-1.1474039999999999e-19,-3.1667089999999999e-21,-1.5657029999999999e-22,-1.0412560000000001e-22
1529660.7958333001,-7.663151,3.1783259999999998e-23,-4.4684859999999999e-23,-3.4019730000000003e-21,-4.7167600000000002e-20,-2.3339820000000001e-20,8.4537949999999996e-20,-3.5785269999999998e-19,-1.171682e-19,-6.958997e-19,-7.526302e-19,-2.919933e-19,-3.8020899999999999e-19,-3.1100290000000002e-19,-1.1542450000000001e-19,-3.1882869999999999e-21,-1.5603579999999999e-22,-1.04412e-22
1533660.7958333001,-7.6628550000000004,3.2150269999999999e-23,-4.5129280000000001e-23,-3.484088e-21,-4.7608299999999998e-20,-2.3148199999999999e-20,8.4510140000000004e-20,-3.5785660000000002e-19,-1.171682e-19,-6.958997e-19,-7.526302e-19,-2.919979e-19,-3.8030949999999999e-19,-3.1150690000000001e-19,-1.15785e-19,-3.1962200000000001e-21,-1.553928e-22,-1.046873e-22
1537660.7958333001,-7.6629240000000003,3.2530929999999998e-23,-4.5614220000000001e-23,-3.5764459999999998e-21,-4.8242649999999997e-20,-2.2944330000000001e-20,8.4503740000000004e-20,-3.578603e-19,-1.171682e-19,-6.958997e-19,-7.526302e-19,-2.9200100000000001e-19,-3.804061e-19,-3.120167e-19,-1.162783e-19,-3.204602e-21,-1.5475120000000001e-22,-1.050233e-22
1541660.7958333001,-7.663373,3.2855630000000002e-23,-4.6380540000000002e-23,-3.6564009999999999e-21,-4.868443e-20,-2.275054e-20,8.451004e-20,-3.5786449999999999e-19,-1.171683e-19,-6.958997e-19,-7.526302e-19,-2.9200519999999999e-19,-3.8048979999999998e-19,-3.1256770000000001e-19,-1.168163e-19,-3.2186839999999999e-21,-1.5413840000000001e-22,-1.053182e-22
1545660.7958333001,-7.6642229999999998,3.32309e-23,-4.6893050000000002e-23,-3.7321189999999997e-21,-4.8681130000000002e-20,-2.2336700000000001e-20,8.4528190000000006e-20,-3.578688e-19,-1.171683e-19,-6.958997e-19,-7.526302e-19,-2.9200940000000002e-19,-3.806023e-19,-3.1301039999999999e-19,-1.1755089999999999e-19,-3.2208380000000001e-21,-1.537437e-22,-1.056232e-22
1549660.7958333001,-7.6655049999999996,3.3614039999999999e-23,-4.7389559999999998e-23,-3.8242530000000001e-21,-4.8922459999999997e-20,-2.2042439999999999e-20,8.4531180000000002e-20,-3.5787310000000001e-19,-1.171683e-19,-6.958997e-19,-7.526302e-19,-2.9201369999999998e-19,-3.807011e-19,-3.135904e-19,-1.1784369999999999e-19,-3.2495920000000001e-21,-1.5310029999999999e-22,-1.058505e-22
1553660.7958333001,-7.6672570000000002,3.3942189999999999e-23,-4.8067700000000001e-23,-3.9121580000000001e-21,-4.909071e-20,-2.177611e-20,8.4546429999999996e-20,-3.5787829999999998e-19,-1.171683e-19,-6.958997e-19,-7.526302e-19,-2.9201749999999999e-19,-3.8080019999999999e-19,-3.1411310000000002e-19,-1.1826350000000001e-19,-3.276939e-21,-1.5219279999999999e-22,-1.061509e-22
1557660.7958333001,-7.669524,3.427305e-23,-4.8742029999999999e-23,-3.9977210000000002e-21,-4.9666699999999999e-20,-2.1528120000000001e-20,8.4551230000000003e-20,-3.578828e-19,-1.171683e-19,-6.958997e-19,-7.526302e-19,-2.9202119999999998e-19,-3.8087570000000001e-19,-3.1467620000000002e-19,-1.189437e-19,-3.3010930000000002e-21,-1.513851e-22,-1.064267e-22
1561660.7958333001,-7.6723590000000002,3.4636099999999998e-23,-4.9456859999999998e-23,-4.0795789999999998e-21,-5.0272449999999999e-20,-2.1159489999999999e-20,8.4552410000000001e-20,-3.5788830000000001e-19,-1.171683e-19,-6.958997e-19,-7.526302e-19,-2.9202510000000002e-19,-3.8098170000000002e-19,-3.1521980000000002e-19,-1.196094e-19,-3.3421070000000001e-21,-1.503879e-22,-1.067143e-22
1565660.7958333001,-7.6758240000000004,3.5050100000000002e-23,-5.0041510000000002e-23,-4.1449560000000002e-21,-5.0655589999999998e-20,-2.093802e-20,8.4563769999999997e-20,-3.578927e-19,-1.171683e-19,-6.958997e-19,-7.526302e-19,-2.9202850000000002e-19,-3.8109290000000001e-19,-3.1581689999999999e-19,-1.204708e-19,-3.3866590000000001e-21,-1.495566e-22,-1.06993e-22
1569660.7958333001,-7.6799809999999997,3.5468230000000002e-23,-5.0684339999999999e-23,-4.2159389999999997e-21,-5.1070900000000003e-20,-2.0611279999999999e-20,8.4577680000000003e-20,-3.5789709999999999e-19,-1.171683e-19,-6.958997e-19,-7.526302e-19,-2.9203190000000001e-19,-3.8118839999999999e-19,-3.1630090000000002e-19,-1.2101360000000001e-19,-3.4112800000000001e-21,-1.483956e-22,-1.0724649999999999e-22
1573660.7958333001,-7.6848970000000003,3.5867519999999998e-23,-5.1303569999999997e-23,-4.2850519999999998e-21,-5.180012e-20,-2.041045e-20,8.4586430000000005e-20,-3.5790119999999999e-19,-1.171683e-19,-6.958997e-19,-7.526302e-19,-2.9203589999999999e-19,-3.8128180000000001e-19,-3.1693480000000002e-19,-1.2173939999999999e-19,-3.434614e-21,-1.4700979999999999e-22,-1.07555e-22
1577660.7958333001,-7.6906369999999997,3.631761e-23,-5.1817219999999997e-23,-4.3427290000000001e-21,-5.221306e-20,-2.0169089999999999e-20,8.4599950000000002e-20,-3.5790590000000002e-19,-1.171683e-19,-6.958997e-19,-7.526302e-19,-2.9204049999999998e-19,-3.8136669999999999e-19,-3.175698e-19,-1.2231950000000001e-19,-3.463491e-21,-1.4566549999999999e-22,-1.0781560000000001e-22
1581660.7958333001,-7.6972630000000004,3.6756649999999998e-23,-5.2342589999999999e-23,-4.4221989999999999e-21,-5.2659159999999998e-20,-1.989558e-20,8.462523e-20,-3.5791120000000002e-19,-1.171683e-19,-6.958997e-19,-7.526302e-19,-2.920443e-19,-3.8147949999999999e-19,-3.1810959999999998e-19,-1.2293029999999999e-19,-3.5052079999999997e-21,-1.4446589999999999e-22,-1.081442e-22
1585660.7958333001,-7.7048269999999999,3.7173030000000003e-23,-5.3021789999999995e-23,-4.5062779999999999e-21,-5.3209599999999997e-20,-1.9616760000000001e-20,8.4635519999999998e-20,-3.579166e-19,-1.171683e-19,-6.958997e-19,-7.5263030000000002e-19,-2.9204860000000001e-19,-3.8157870000000001e-19,-3.186514e-19,-1.236654e-19,-3.5714149999999998e-21,-1.428597e-22,-1.0844760000000001e-22
1589660.7958333001,-7.7133659999999997,3.760003e-23,-5.346041e-23,-4.5590419999999997e-21,-5.3648380000000002e-20,-1.9465569999999999e-20,8.4620399999999995e-20,-3.5792280000000002e-19,-1.171683e-19,-6.958997e-19,-7.5263030000000002e-19,-2.92053e-19,-3.8166470000000001e-19,-3.1929429999999999e-19,-1.240987e-19,-3.6199390000000003e-21,-1.411727e-22,-1.0878069999999999e-22
1593660.7958333001,-7.7229029999999996,3.8070079999999997e-23,-5.3864719999999999e-23,-4.6286560000000003e-21,-5.4108780000000003e-20,-1.9271180000000001e-20,8.4620350000000005e-20,-3.5792779999999999e-19,-1.171683e-19,-6.958997e-19,-7.5263030000000002e-19,-2.9205669999999998e-19,-3.8174390000000002e-19,-3.199296e-19,-1.2481779999999999e-19,-3.6486150000000001e-21,-1.3925529999999999e-22,-1.0907840000000001e-22
1597660.7958333001,-7.7279169999999997,3.857155e-23,-5.4438209999999996e-23,-4.6906649999999997e-21,-5.4576339999999994e-20,-1.8910899999999999e-20,8.4649229999999995e-20,-3.5793289999999998e-19,-1.171683e-19,-6.958997e-19,-7.5263030000000002e-19,-2.9206140000000001e-19,-3.8183949999999999e-19,-3.2052619999999998e-19,-1.2537779999999999e-19,-3.6800339999999999e-21,-1.3736980000000001e-22,-1.093444e-22
1601660.7958333001,-7.7235839999999998,3.9034640000000002e-23,-5.4838249999999995e-23,-4.7477620000000002e-21,-5.4826420000000004e-20,-1.8577460000000001e-20,8.4677690000000002e-20,-3.5793680000000002e-19,-1.171683e-19,-6.958997e-19,-7.5263030000000002e-19,-2.9206539999999998e-19,-3.819513e-19,-3.2108589999999999e-19,-1.259799e-19,-3.7078430000000001e-21,-1.354294e-22,-1.097034e-22
1605660.7958333001,-7.7195720000000003,3.9484970000000001e-23,-5.5513789999999999e-23,-4.7966849999999999e-21,-5.5274890000000006e-20,-1.8486150000000001e-20,8.4682219999999995e-20,-3.5794229999999998e-19,-1.171683e-19,-6.958997e-19,-7.5263030000000002e-19,-2.9206949999999998e-19,-3.8208290000000001e-19,-3.2181170000000002e-19,-1.266013e-19,-3.7200169999999997e-21,-1.3348489999999999e-22,-1.1002529999999999e-22
1609660.7958333001,-7.7158819999999997,3.9989770000000002e-23,-5.6008929999999994e-23,-4.8294399999999999e-21,-5.5693330000000005e-20,-1.8323539999999999e-20,8.4692400000000005e-20,-3.5794689999999998e-19,-1.171683e-19,-6.958997e-19,-7.5263030000000002e-19,-2.9207309999999999e-19,-3.8220719999999999e-19,-3.224612e-19,-1.271412e-19,-3.7401669999999997e-21,-1.314902e-22,-1.1030910000000001e-22
1613660.7958333001,-7.7125120000000003,4.0510969999999999e-23,-5.659245e-23,-4.8646690000000001e-21,-5.6267489999999997e-20,-1.8232930000000001e-20,8.470308e-20,-3.5795269999999998e-19,-1.171683e-19,-6.958997e-19,-7.5263030000000002e-19,-2.9207830000000001e-19,-3.823383e-19,-3.2312219999999999e-19,-1.2754390000000001e-19,-3.7446750000000001e-21,-1.2957229999999999e-22,-1.1061630000000001e-22
1617660.7958333001,-7.709454,4.1007059999999998e-23,-5.7193659999999996e-23,-4.8778970000000002e-21,-5.6657570000000006e-20,-1.81359e-20,8.469925e-20,-3.579584e-19,-1.171683e-19,-6.958997e-19,-7.5263030000000002e-19,-2.920832e-19,-3.8247670000000001e-19,-3.2378489999999999e-19,-1.2791229999999999e-19,-3.73107e-21,-1.2728789999999999e-22,-1.108677e-22
1621660.7958333001,-7.7066999999999997,4.149879e-23,-5.7854410000000002e-23,-4.8991350000000001e-21,-5.7104009999999999e-20,-1.805022e-20,8.472127e-20,-3.579635e-19,-1.171683e-19,-6.958997e-19,-7.5263030000000002e-19,-2.9208720000000002e-19,-3.8265710000000002e-19,-3.245473e-19,-1.2834159999999999e-19,-3.7251029999999996e-21,-1.2515130000000001e-22,-1.111346e-22
1625660.7958333001,-7.7042339999999996,4.1989630000000002e-23,-5.84486e-23,-4.9370439999999998e-21,-5.7618799999999995e-20,-1.7936249999999999e-20,8.4720839999999997e-20,-3.579676e-19,-1.171683e-19,-6.958997e-19,-7.5263030000000002e-19,-2.9209199999999998e-19,-3.8280140000000001e-19,-3.25288e-19,-1.2865709999999999e-19,-3.7321809999999999e-21,-1.2259390000000001e-22,-1.114303e-22
1629660.7958333001,-7.7020429999999998,4.2524389999999999e-23,-5.8830389999999997e-23,-4.9583139999999997e-21,-5.7976090000000001e-20,-1.7895550000000001e-20,8.4737219999999999e-20,-3.579724e-19,-1.171683e-19,-6.958997e-19,-7.5263030000000002e-19,-2.920972e-19,-3.8292909999999998e-19,-3.260229e-19,-1.289659e-19,-3.7395610000000002e-21,-1.2014019999999999e-22,-1.1177060000000001e-22
1633660.7958333001,-7.7001090000000003,4.3095830000000002e-23,-5.9286659999999995e-23,-5.0064740000000001e-21,-5.8510810000000002e-20,-1.7884970000000001e-20,8.4750310000000005e-20,-3.5797829999999998e-19,-1.171683e-19,-6.958997e-19,-7.5263030000000002e-19,-2.9210100000000001e-19,-3.8304250000000001e-19,-3.2682590000000001e-19,-1.2916369999999999e-19,-3.7585929999999998e-21,-1.1766699999999999e-22,-1.1209359999999999e-22
1637660.7958333001,-7.6984110000000001,4.3722380000000002e-23,-5.968771e-23,-5.0555189999999999e-21,-5.8878280000000006e-20,-1.7709390000000001e-20,8.4762309999999997e-20,-3.5798440000000002e-19,-1.171683e-19,-6.958997e-19,-7.5263030000000002e-19,-2.9210569999999999e-19,-3.8315739999999998e-19,-3.2761449999999999e-19,-1.2926990000000001e-19,-3.782785e-21,-1.1482650000000001e-22,-1.1241120000000001e-22
1641660.7958333001,-7.6969310000000002,4.428634e-23,-6.0257210000000005e-23,-5.093923e-21,-5.9317769999999999e-20,-1.7575080000000001e-20,8.4776289999999996e-20,-3.5798939999999999e-19,-1.171683e-19,-6.958997e-19,-7.5263030000000002e-19,-2.9210990000000002e-19,-3.8328670000000002e-19,-3.2833469999999999e-19,-1.2965380000000001e-19,-3.7992379999999998e-21,-1.120628e-22,-1.1268380000000001e-22
1645660.7958333001,-7.6956480000000003,4.4878110000000001e-23,-6.0509199999999995e-23,-5.1021129999999996e-21,-5.9802109999999997e-20,-1.7462530000000001e-20,8.476687e-20,-3.5799449999999998e-19,-1.171683e-19,-6.958997e-19,-7.5263030000000002e-19,-2.9211480000000001e-19,-3.83388e-19,-3.2904639999999999e-19,-1.2999839999999999e-19,-3.7957120000000003e-21,-1.0904690000000001e-22,-1.1295560000000001e-22
1649660.7958333001,-7.6945410000000001,4.5432599999999998e-23,-6.0959439999999997e-23,-5.1025099999999999e-21,-6.0184430000000003e-20,-1.7547729999999999e-20,8.4791400000000003e-20,-3.5799920000000001e-19,-1.171683e-19,-6.958997e-19,-7.5263030000000002e-19,-2.9211960000000001e-19,-3.8350200000000001e-19,-3.298385e-19,-1.3031080000000001e-19,-3.7733160000000003e-21,-1.054081e-22,-1.132166e-22
1653660.7958333001,-7.693594,4.6048260000000001e-23,-6.0833280000000002e-23,-5.0902840000000002e-21,-6.0506250000000004e-20,-1.7461190000000001e-20,8.4789430000000003e-20,-3.5800409999999999e-19,-1.171683e-19,-6.958997e-19,-7.5263030000000002e-19,-2.9212379999999999e-19,-3.83646e-19,-3.3062770000000001e-19,-1.3063390000000001e-19,-3.7871790000000001e-21,-1.020821e-22,-1.1353520000000001e-22
1657660.7958333001,-7.6927859999999999,4.6688379999999997e-23,-6.0910970000000003e-23,-5.0924239999999997e-21,-6.0763030000000002e-20,-1.7393720000000001e-20,8.4794080000000004e-20,-3.5800969999999998e-19,-1.171683e-19,-6.958997e-19,-7.5263030000000002e-19,-2.9212839999999999e-19,-3.8378270000000001e-19,-3.3129049999999999e-19,-1.3097200000000001e-19,-3.8372480000000001e-21,-9.8462530000000003e-23,-1.1389219999999999e-22
1661660.7958333001,-7.6921020000000002,4.7392280000000001e-23,-6.0956480000000003e-23,-5.0810289999999998e-21,-6.1049059999999997e-20,-1.743982e-20,8.4797750000000002e-20,-3.580147e-19,-1.171683e-19,-6.958997e-19,-7.5263030000000002e-19,-2.9213299999999999e-19,-3.839451e-19,-3.318067e-19,-1.312343e-19,-3.8928059999999998e-21,-9.4802829999999998e-23,-1.1424320000000001e-22
1665660.7958333001,-7.6915269999999998,4.8066099999999999e-23,-6.0865950000000004e-23,-5.0586519999999998e-21,-6.1209890000000003e-20,-1.7401140000000001e-20,8.4782059999999997e-20,-3.5801959999999999e-19,-1.171683e-19,-6.958997e-19,-7.5263030000000002e-19,-2.921373e-19,-3.8407040000000002e-19,-3.3248210000000002e-19,-1.315735e-19,-3.9672030000000003e-21,-9.1032749999999997e-23,-1.1467450000000001e-22
1669660.7958333001,-7.6910470000000002,4.8725099999999998e-23,-6.0996000000000004e-23,-5.0238429999999999e-21,-6.147619e-20,-1.7567870000000001e-20,8.4806470000000004e-20,-3.5802480000000001e-19,-1.171683e-19,-6.958997e-19,-7.5263030000000002e-19,-2.9214319999999998e-19,-3.8419279999999999e-19,-3.3308730000000001e-19,-1.3178309999999999e-19,-4.0393289999999997e-21,-8.7101940000000004e-23,-1.1500289999999999e-22
1673660.7958333001,-7.6906530000000002,4.9436590000000002e-23,-6.1079109999999995e-23,-4.983706e-21,-6.1672210000000001e-20,-1.773676e-20,8.4807700000000005e-20,-3.5802949999999999e-19,-1.171683e-19,-6.958997e-19,-7.5263030000000002e-19,-2.921465e-19,-3.8433040000000001e-19,-3.3364619999999999e-19,-1.320819e-19,-4.0999329999999996e-21,-8.2735169999999999e-23,-1.1532580000000001e-22
1677660.7958333001,-7.690334,5.0104040000000001e-23,-6.1309069999999998e-23,-4.9780310000000003e-21,-6.184118e-20,-1.78246e-20,8.4812430000000006e-20,-3.5803490000000002e-19,-1.171683e-19,-6.958997e-19,-7.5263039999999996e-19,-2.9215170000000002e-19,-3.8447299999999999e-19,-3.3422799999999998e-19,-1.324404e-19,-4.1727979999999997e-21,-7.8163970000000005e-23,-1.1568139999999999e-22
1681660.7958333001,-7.6900829999999996,5.0825669999999999e-23,-6.1241899999999996e-23,-4.9507089999999999e-21,-6.2092260000000003e-20,-1.789166e-20,8.4825950000000003e-20,-3.5804009999999999e-19,-1.171683e-19,-6.958997e-19,-7.5263039999999996e-19,-2.9215789999999999e-19,-3.8460820000000001e-19,-3.3480269999999998e-19,-1.326755e-19,-4.2613219999999998e-21,-7.3405560000000001e-23,-1.160561e-22
1685660.7958333001,-7.6898970000000002,5.155154e-23,-6.1114480000000002e-23,-4.91802e-21,-6.2264640000000006e-20,-1.8031469999999999e-20,8.482363e-20,-3.5804519999999999e-19,-1.171683e-19,-6.958997e-19,-7.5263039999999996e-19,-2.9216310000000001e-19,-3.8476450000000001e-19,-3.3548779999999999e-19,-1.3282409999999999e-19,-4.3270190000000001e-21,-6.858827e-23,-1.164167e-22
1689660.7958333001,-7.6897719999999996,5.2229129999999998e-23,-6.1197279999999997e-23,-4.8736580000000004e-21,-6.246032e-20,-1.835256e-20,8.4807760000000002e-20,-3.5805090000000001e-19,-1.171683e-19,-6.958997e-19,-7.5263039999999996e-19,-2.9216860000000002e-19,-3.8491559999999999e-19,-3.3607249999999998e-19,-1.3320229999999999e-19,-4.3963109999999998e-21,-6.3965750000000001e-23,-1.16786e-22
1693660.7958333001,-7.6897089999999997,5.3007459999999998e-23,-6.0897210000000003e-23,-4.8244620000000001e-21,-6.2834539999999994e-20,-1.841871e-20,8.4826969999999999e-20,-3.5805640000000002e-19,-1.171683e-19,-6.958997e-19,-7.5263039999999996e-19,-2.921738e-19,-3.8507080000000002e-19,-3.367416e-19,-1.3352469999999999e-19,-4.4323560000000003e-21,-5.9009870000000003e-23,-1.171309e-22
1697660.7958333001,-7.6897120000000001,5.3759809999999998e-23,-6.0831920000000003e-23,-4.8134630000000004e-21,-6.3124860000000003e-20,-1.845739e-20,8.4801690000000001e-20,-3.5806139999999998e-19,-1.171683e-19,-6.958997e-19,-7.5263039999999996e-19,-2.9217819999999999e-19,-3.8520599999999999e-19,-3.3738150000000001e-19,-1.3383079999999999e-19,-4.521426e-21,-5.3605749999999997e-23,-1.1744040000000001e-22
1701660.7958333001,-7.6897859999999998,5.4477710000000004e-23,-6.0607949999999999e-23,-4.7998680000000003e-21,-6.3409530000000006e-20,-1.8422809999999999e-20,8.4795079999999997e-20,-3.5806660000000001e-19,-1.171683e-19,-6.958997e-19,-7.5263039999999996e-19,-2.9218290000000001e-19,-3.8533909999999999e-19,-3.3791490000000001e-19,-1.341366e-19,-4.6238070000000004e-21,-4.8007040000000001e-23,-1.1780270000000001e-22
1705660.7958333001,-7.6899389999999999,5.522101e-23,-6.0695369999999998e-23,-4.8182579999999999e-21,-6.3623750000000002e-20,-1.8536700000000001e-20,8.4758809999999996e-20,-3.5807380000000002e-19,-1.1716840000000001e-19,-6.958997e-19,-7.5263039999999996e-19,-2.9218650000000002e-19,-3.8550250000000002e-19,-3.3843949999999999e-19,-1.3444019999999999e-19,-4.7202430000000003e-21,-4.22243e-23,-1.182049e-22
1709660.7958333001,-7.6901840000000004,5.5980330000000003e-23,-6.0808400000000005e-23,-4.8343840000000002e-21,-6.3847120000000005e-20,-1.863016e-20,8.4735650000000004e-20,-3.5807790000000002e-19,-1.1716840000000001e-19,-6.958997e-19,-7.5263039999999996e-19,-2.9219079999999998e-19,-3.8563819999999999e-19,-3.3886759999999999e-19,-1.348048e-19,-4.8262760000000003e-21,-3.5897690000000002e-23,-1.185416e-22
1713660.7958333001,-7.6905359999999998,5.6769850000000005e-23,-6.0929750000000005e-23,-4.8685990000000003e-21,-6.3943009999999999e-20,-1.867059e-20,8.4707750000000003e-20,-3.5808420000000001e-19,-1.1716840000000001e-19,-6.958997e-19,-7.5263039999999996e-19,-2.9219609999999998e-19,-3.8578559999999998e-19,-3.3930690000000002e-19,-1.351428e-19,-4.9487599999999998e-21,-2.9418330000000001e-23,-1.189059e-22
1717660.7958333001,-7.691014,5.7501059999999995e-23,-6.1130329999999999e-23,-4.9022299999999999e-21,-6.4076240000000005e-20,-1.870857e-20,8.4669689999999996e-20,-3.5808869999999998e-19,-1.1716840000000001e-19,-6.958997e-19,-7.5263039999999996e-19,-2.9220050000000002e-19,-3.8595820000000001e-19,-3.3997309999999999e-19,-1.353391e-19,-5.0992639999999998e-21,-2.2802069999999999e-23,-1.1927979999999999e-22
1721660.7958333001,-7.691643,5.823861e-23,-6.0897640000000003e-23,-4.9181489999999998e-21,-6.422938e-20,-1.8883260000000001e-20,8.467299e-20,-3.5809460000000001e-19,-1.1716840000000001e-19,-6.958997e-19,-7.5263039999999996e-19,-2.9220610000000001e-19,-3.8612499999999999e-19,-3.404415e-19,-1.355941e-19,-5.2247769999999997e-21,-1.5784420000000001e-23,-1.196961e-22
1725660.7958333001,-7.69245,5.8993040000000001e-23,-6.1177080000000006e-23,-4.9301930000000002e-21,-6.4234059999999999e-20,-1.9081470000000001e-20,8.4645360000000001e-20,-3.5810140000000001e-19,-1.1716840000000001e-19,-6.958997e-19,-7.5263039999999996e-19,-2.9221120000000001e-19,-3.8631049999999999e-19,-3.4104920000000002e-19,-1.359934e-19,-5.3585489999999999e-21,-8.9237619999999995e-24,-1.200106e-22
1729660.7958333001,-7.6934670000000001,5.9766829999999998e-23,-6.1421789999999997e-23,-4.950263e-21,-6.4386479999999998e-20,-1.919634e-20,8.4588359999999998e-20,-3.5810799999999999e-19,-1.1716840000000001e-19,-6.958997e-19,-7.5263039999999996e-19,-2.9221650000000001e-19,-3.8646929999999998e-19,-3.4149409999999999e-19,-1.363546e-19,-5.4842460000000002e-21,-1.648266e-24,-1.204581e-22
1733660.7958333001,-7.694731,6.0537620000000004e-23,-6.1310220000000001e-23,-4.9629430000000002e-21,-6.4508269999999995e-20,-1.9413719999999999e-20,8.4586350000000004e-20,-3.58114e-19,-1.1716840000000001e-19,-6.958997e-19,-7.5263039999999996e-19,-2.9222150000000002e-19,-3.8660379999999999e-19,-3.4199580000000001e-19,-1.367968e-19,-5.6066550000000004e-21,5.7610429999999997e-24,-1.2092130000000001e-22
1737660.7958333001,-7.6962859999999997,6.1336759999999996e-23,-6.1736999999999994e-23,-4.9936869999999999e-21,-6.46531e-20,-1.9573489999999999e-20,8.4522409999999998e-20,-3.5812109999999998e-19,-1.1716840000000001e-19,-6.958997e-19,-7.5263039999999996e-19,-2.9222710000000001e-19,-3.8677849999999998e-19,-3.4258520000000002e-19,-1.373765e-19,-5.7191369999999997e-21,1.3355790000000001e-23,-1.2135320000000001e-22
1741660.7958333001,-7.6981789999999997,6.2072420000000003e-23,-6.2097369999999998e-23,-5.0158119999999997e-21,-6.4737299999999998e-20,-1.9654270000000001e-20,8.4458379999999995e-20,-3.5812709999999999e-19,-1.1716840000000001e-19,-6.958997e-19,-7.5263039999999996e-19,-2.9223299999999999e-19,-3.8693019999999999e-19,-3.4306790000000002e-19,-1.378999e-19,-5.8238179999999999e-21,2.1115409999999999e-23,-1.2188550000000001e-22
1745660.7958333001,-7.7004609999999998,6.2889279999999997e-23,-6.2571759999999998e-23,-4.9739340000000002e-21,-6.4910440000000004e-20,-1.9724830000000001e-20,8.4439e-20,-3.5813320000000002e-19,-1.1716840000000001e-19,-6.958997e-19,-7.5263039999999996e-19,-2.9223789999999998e-19,-3.8705249999999998e-19,-3.437737e-19,-1.3834860000000001e-19,-5.9430549999999998e-21,2.8741770000000001e-23,-1.2230660000000001e-22
1749660.7958333001,-7.7031900000000002,6.3701180000000003e-23,-6.2607990000000006e-23,-4.9389340000000002e-21,-6.4984259999999996e-20,-1.99038e-20,8.4384480000000002e-20,-3.5813950000000002e-19,-1.1716840000000001e-19,-6.958997e-19,-7.5263039999999996e-19,-2.9224169999999999e-19,-3.8721719999999999e-19,-3.4431009999999998e-19,-1.3879480000000001e-19,-6.0781979999999999e-21,3.688767e-23,-1.227991e-22
1753660.7958333001,-7.7064260000000004,6.4483939999999998e-23,-6.2926600000000005e-23,-4.8806649999999997e-21,-6.5069599999999999e-20,-1.9998900000000001e-20,8.4357869999999999e-20,-3.5814569999999999e-19,-1.1716840000000001e-19,-6.958997e-19,-7.5263039999999996e-19,-2.922472e-19,-3.8739209999999999e-19,-3.4489120000000001e-19,-1.393506e-19,-6.2141119999999999e-21,4.5766100000000001e-23,-1.232681e-22
1757660.7958333001,-7.7102300000000001,6.5323960000000002e-23,-6.2871040000000003e-23,-4.8646800000000003e-21,-6.508527e-20,-2.0197169999999999e-20,8.4309759999999996e-20,-3.581524e-19,-1.1716840000000001e-19,-6.958997e-19,-7.5263039999999996e-19,-2.9225220000000002e-19,-3.8755659999999999e-19,-3.4533799999999999e-19,-1.3985799999999999e-19,-6.3400339999999998e-21,5.4470770000000002e-23,-1.237768e-22
1761660.7958333001,-7.7146660000000002,6.6216250000000001e-23,-6.2958769999999997e-23,-4.8301269999999997e-21,-6.5051920000000003e-20,-2.0343620000000001e-20,8.4254589999999995e-20,-3.5815799999999999e-19,-1.1716840000000001e-19,-6.958997e-19,-7.5263049999999998e-19,-2.9225819999999998e-19,-3.8771419999999998e-19,-3.4599589999999998e-19,-1.404455e-19,-6.489284e-21,6.3155829999999997e-23,-1.243238e-22
1765660.7958333001,-7.7197950000000004,6.7052889999999996e-23,-6.299789e-23,-4.817185e-21,-6.5289319999999994e-20,-2.043052e-20,8.4235400000000001e-20,-3.5816390000000002e-19,-1.1716840000000001e-19,-6.958997e-19,-7.5263049999999998e-19,-2.922644e-19,-3.8788589999999999e-19,-3.4651510000000002e-19,-1.410531e-19,-6.6209519999999998e-21,7.251344e-23,-1.247947e-22
1769660.7958333001,-7.7256729999999996,6.7930630000000006e-23,-6.3469139999999999e-23,-4.7920959999999998e-21,-6.5423610000000003e-20,-2.0609699999999999e-20,8.422334e-20,-3.5816959999999999e-19,-1.1716840000000001e-19,-6.958997e-19,-7.5263049999999998e-19,-2.9226910000000002e-19,-3.8808019999999998e-19,-3.4708469999999998e-19,-1.4153910000000001e-19,-6.7640300000000004e-21,8.1952110000000005e-23,-1.253186e-22
1773660.7958333001,-7.7323510000000004,6.8792379999999998e-23,-6.3654020000000002e-23,-4.7544070000000004e-21,-6.5588029999999994e-20,-2.075675e-20,8.4218740000000002e-20,-3.5817600000000002e-19,-1.1716840000000001e-19,-6.958997e-19,-7.5263049999999998e-19,-2.9227520000000001e-19,-3.883108e-19,-3.475267e-19,-1.420832e-19,-6.9178479999999995e-21,9.1602369999999994e-23,-1.257841e-22
1777660.7958333001,-7.7398670000000003,6.9668250000000003e-23,-6.37043e-23,-4.7157890000000003e-21,-6.5777050000000006e-20,-2.1028410000000001e-20,8.4157669999999996e-20,-3.5818169999999999e-19,-1.1716840000000001e-19,-6.958997e-19,-7.5263049999999998e-19,-2.922796e-19,-3.8851200000000001e-19,-3.4800980000000002e-19,-1.4269100000000001e-19,-7.0292859999999999e-21,1.016823e-22,-1.263262e-22
1781660.7958333001,-7.7389840000000003,7.0529910000000003e-23,-6.4087100000000002e-23,-4.7082399999999998e-21,-6.5968219999999998e-20,-2.1128229999999999e-20,8.4153919999999997e-20,-3.5818799999999998e-19,-1.1716840000000001e-19,-6.958997e-19,-7.5263049999999998e-19,-2.9228530000000002e-19,-3.887244e-19,-3.4858580000000001e-19,-1.4312059999999999e-19,-7.1915620000000006e-21,1.1146179999999999e-22,-1.268847e-22
1785660.7958333001,-7.7375930000000004,7.1479539999999995e-23,-6.3980049999999997e-23,-4.69275e-21,-6.6197630000000003e-20,-2.1096389999999999e-20,8.4075579999999996e-20,-3.5819510000000001e-19,-1.1716840000000001e-19,-6.958997e-19,-7.5263049999999998e-19,-2.9229049999999999e-19,-3.8887549999999998e-19,-3.4901519999999999e-19,-1.4370530000000001e-19,-7.3688149999999994e-21,1.2164610000000001e-22,-1.274377e-22
1789660.7958333001,-7.7362799999999998,7.2386809999999995e-23,-6.3932310000000002e-23,-4.6672289999999999e-21,-6.6390690000000006e-20,-2.131711e-20,8.4012e-20,-3.5820190000000001e-19,-1.1716840000000001e-19,-6.958997e-19,-7.5263049999999998e-19,-2.9229620000000001e-19,-3.8908840000000001e-19,-3.4944429999999998e-19,-1.44278e-19,-7.5362309999999997e-21,1.323536e-22,-1.280492e-22
1793660.7958333001,-7.735042,7.3283410000000003e-23,-6.3717399999999999e-23,-4.6267530000000001e-21,-6.6589590000000003e-20,-2.1479190000000001e-20,8.4000970000000002e-20,-3.5820709999999998e-19,-1.1716840000000001e-19,-6.958997e-19,-7.5263049999999998e-19,-2.9230209999999999e-19,-3.8928090000000002e-19,-3.498411e-19,-1.4468899999999999e-19,-7.6586910000000007e-21,1.4304700000000001e-22,-1.2861419999999999e-22
1797660.7958333001,-7.7338760000000004,7.4272459999999997e-23,-6.4185809999999996e-23,-4.6016510000000001e-21,-6.6799989999999995e-20,-2.1712779999999999e-20,8.3972479999999997e-20,-3.5821420000000001e-19,-1.1716840000000001e-19,-6.958997e-19,-7.5263049999999998e-19,-2.923076e-19,-3.8949640000000002e-19,-3.5035909999999999e-19,-1.451893e-19,-7.8439840000000003e-21,1.5438629999999999e-22,-1.2909690000000001e-22
1801660.7958333001,-7.73278,7.5199369999999999e-23,-6.4583669999999995e-23,-4.5857010000000004e-21,-6.7020539999999999e-20,-2.1898549999999999e-20,8.3926590000000004e-20,-3.5822090000000002e-19,-1.1716840000000001e-19,-6.958997e-19,-7.5263049999999998e-19,-2.9231290000000001e-19,-3.8970540000000002e-19,-3.5079809999999999e-19,-1.457629e-19,-8.0211859999999998e-21,1.66432e-22,-1.2964660000000001e-22
1805660.7958333001,-7.7317470000000004,7.6232510000000004e-23,-6.4714980000000005e-23,-4.6032180000000001e-21,-6.7222650000000004e-20,-2.1956810000000001e-20,8.3902649999999994e-20,-3.5822759999999999e-19,-1.1716840000000001e-19,-6.958997e-19,-7.5263049999999998e-19,-2.9231779999999999e-19,-3.8987589999999998e-19,-3.5136509999999999e-19,-1.4638630000000001e-19,-8.2005900000000006e-21,1.7850240000000001e-22,-1.301503e-22
1809660.7958333001,-7.7307730000000001,7.7149210000000003e-23,-6.4869540000000004e-23,-4.5902470000000002e-21,-6.743006e-20,-2.2114890000000001e-20,8.3842120000000004e-20,-3.5823439999999998e-19,-1.1716840000000001e-19,-6.958997e-19,-7.5263049999999998e-19,-2.9232370000000002e-19,-3.900676e-19,-3.5195069999999999e-19,-1.4711130000000001e-19,-8.3637399999999998e-21,1.905031e-22,-1.3072240000000001e-22
1813660.7958333001,-7.7298539999999996,7.8040150000000001e-23,-6.4919079999999995e-23,-4.5839949999999997e-21,-6.7646389999999995e-20,-2.2311930000000001e-20,8.3803010000000001e-20,-3.582406e-19,-1.1716840000000001e-19,-6.958997e-19,-7.5263049999999998e-19,-2.9232880000000002e-19,-3.9028849999999999e-19,-3.5249329999999999e-19,-1.478867e-19,-8.5141279999999998e-21,2.03525e-22,-1.31271e-22
1817660.7958333001,-7.7289820000000002,7.9042649999999998e-23,-6.4990279999999998e-23,-4.5771419999999997e-21,-6.7837800000000002e-20,-2.249799e-20,8.3819640000000002e-20,-3.5824739999999999e-19,-1.1716840000000001e-19,-6.958997e-19,-7.5263049999999998e-19,-2.9233429999999998e-19,-3.9049490000000002e-19,-3.5301480000000001e-19,-1.486128e-19,-8.6692749999999996e-21,2.1653710000000002e-22,-1.318199e-22
1821660.7958333001,-7.7281550000000001,8.0077159999999998e-23,-6.5246490000000005e-23,-4.6157879999999998e-21,-6.7978860000000004e-20,-2.2675560000000001e-20,8.3804870000000001e-20,-3.5825380000000001e-19,-1.1716840000000001e-19,-6.9589980000000003e-19,-7.5263049999999998e-19,-2.9233909999999999e-19,-3.9069710000000002e-19,-3.5363830000000001e-19,-1.493733e-19,-8.8407460000000001e-21,2.297184e-22,-1.3235519999999999e-22
1825660.7958333001,-7.7273680000000002,8.1170439999999999e-23,-6.5484470000000002e-23,-4.6110710000000001e-21,-6.8091640000000005e-20,-2.289677e-20,8.3797010000000005e-20,-3.5825999999999998e-19,-1.1716840000000001e-19,-6.9589980000000003e-19,-7.5263049999999998e-19,-2.9234339999999999e-19,-3.9088990000000002e-19,-3.5421250000000002e-19,-1.49957e-19,-9.0037710000000002e-21,2.4308860000000002e-22,-1.3294889999999999e-22
1829660.7958333001,-7.7266180000000002,8.2200749999999999e-23,-6.5975400000000001e-23,-4.5776679999999998e-21,-6.8353370000000004e-20,-2.3095640000000001e-20,8.3783919999999999e-20,-3.5826540000000001e-19,-1.1716840000000001e-19,-6.9589980000000003e-19,-7.5263049999999998e-19,-2.923477e-19,-3.9107489999999998e-19,-3.5482110000000001e-19,-1.5063539999999999e-19,-9.1591669999999996e-21,2.5723649999999999e-22,-1.3354200000000001e-22
1833660.7958333001,-7.7259029999999997,8.3241019999999997e-23,-6.616846e-23,-4.5562629999999999e-21,-6.8453289999999994e-20,-2.3216110000000001e-20,8.3732130000000003e-20,-3.5827399999999998e-19,-1.1716840000000001e-19,-6.9589980000000003e-19,-7.5263049999999998e-19,-2.9235270000000002e-19,-3.9128789999999999e-19,-3.5552139999999998e-19,-1.513315e-19,-9.3503119999999998e-21,2.7142300000000002e-22,-1.341666e-22
1837660.7958333001,-7.7252219999999996,8.4329039999999998e-23,-6.6422130000000005e-23,-4.5264670000000002e-21,-6.8567599999999996e-20,-2.328092e-20,8.3670880000000005e-20,-3.5828350000000002e-19,-1.1716840000000001e-19,-6.9589980000000003e-19,-7.5263049999999998e-19,-2.923586e-19,-3.9145749999999999e-19,-3.5597889999999999e-19,-1.5200879999999999e-19,-9.5286689999999996e-21,2.8568389999999999e-22,-1.348023e-22
1841660.7958333001,-7.7245790000000003,8.5380559999999995e-23,-6.6871360000000001e-23,-4.5293690000000003e-21,-6.8628599999999996e-20,-2.3457309999999999e-20,8.3584679999999995e-20,-3.5829039999999999e-19,-1.1716840000000001e-19,-6.9589980000000003e-19,-7.5263049999999998e-19,-2.9236489999999999e-19,-3.9167140000000002e-19,-3.5655849999999998e-19,-1.5275560000000001e-19,-9.7250720000000005e-21,3.000746e-22,-1.3545819999999999e-22
1845660.7958333001,-7.7239750000000003,8.6466770000000005e-23,-6.714962e-23,-4.5258889999999999e-21,-6.8789540000000002e-20,-2.3617670000000001e-20,8.3569929999999998e-20,-3.5829769999999998e-19,-1.1716840000000001e-19,-6.9589980000000003e-19,-7.5263049999999998e-19,-2.9237029999999998e-19,-3.918998e-19,-3.569732e-19,-1.5349810000000001e-19,-9.9008250000000002e-21,3.148773e-22,-1.3610920000000001e-22
1849660.7958333001,-7.7234170000000004,8.7503049999999999e-23,-6.7447150000000004e-23,-4.5642129999999998e-21,-6.8940970000000003e-20,-2.3758540000000001e-20,8.3557440000000005e-20,-3.5830589999999998e-19,-1.1716840000000001e-19,-6.9589980000000003e-19,-7.5263060000000001e-19,-2.9237520000000001e-19,-3.921293e-19,-3.5741110000000002e-19,-1.5422590000000001e-19,-1.0100350000000001e-20,3.2986069999999998e-22,-1.3675660000000001e-22
1853660.7958333001,-7.7229130000000001,8.8535649999999996e-23,-6.8190719999999997e-23,-4.5737410000000001e-21,-6.9133730000000006e-20,-2.3898880000000001e-20,8.350247e-20,-3.5831429999999999e-19,-1.1716840000000001e-19,-6.9589980000000003e-19,-7.5263060000000001e-19,-2.923801e-19,-3.9233770000000002e-19,-3.5798610000000002e-19,-1.5494649999999999e-19,-1.0300820000000001e-20,3.4514799999999999e-22,-1.3734050000000001e-22
1857660.7958333001,-7.7224750000000002,8.9644920000000003e-23,-6.8713350000000003e-23,-4.6046420000000003e-21,-6.924751e-20,-2.4090080000000001e-20,8.3450000000000002e-20,-3.5832170000000001e-19,-1.1716840000000001e-19,-6.9589980000000003e-19,-7.5263060000000001e-19,-2.9238599999999998e-19,-3.9254589999999998e-19,-3.5844800000000002e-19,-1.556037e-19,-1.05307e-20,3.6062689999999998e-22,-1.3790230000000001e-22
1861660.7958333001,-7.7221169999999999,9.0713249999999997e-23,-6.9626440000000004e-23,-4.6049549999999998e-21,-6.9400149999999999e-20,-2.4287040000000001e-20,8.3434710000000001e-20,-3.583285e-19,-1.1716850000000001e-19,-6.9589980000000003e-19,-7.5263060000000001e-19,-2.9239179999999998e-19,-3.927456e-19,-3.590576e-19,-1.56384e-19,-1.0743140000000001e-20,3.7654619999999998e-22,-1.385115e-22
1865660.7958333001,-7.721857,9.1823009999999995e-23,-6.9782820000000003e-23,-4.6002209999999996e-21,-6.9567220000000004e-20,-2.437963e-20,8.3346020000000004e-20,-3.5833470000000002e-19,-1.1716850000000001e-19,-6.9589980000000003e-19,-7.5263060000000001e-19,-2.9239770000000001e-19,-3.9296250000000001e-19,-3.5948769999999999e-19,-1.5709069999999999e-19,-1.096028e-20,3.928167e-22,-1.3915779999999999e-22
1869660.7958333001,-7.7217149999999997,9.2955260000000005e-23,-7.0662280000000001e-23,-4.600358e-21,-6.972126e-20,-2.4478229999999999e-20,8.327253e-20,-3.5834279999999999e-19,-1.1716850000000001e-19,-6.9589980000000003e-19,-7.5263060000000001e-19,-2.924033e-19,-3.931382e-19,-3.60031e-19,-1.5783470000000001e-19,-1.115388e-20,4.0961090000000002e-22,-1.397481e-22
1873660.7958333001,-7.7217180000000001,9.4053310000000004e-23,-7.1170400000000003e-23,-4.6054619999999998e-21,-6.9787530000000004e-20,-2.4616239999999999e-20,8.3251689999999998e-20,-3.5834990000000002e-19,-1.1716850000000001e-19,-6.9589980000000003e-19,-7.5263060000000001e-19,-2.9240880000000001e-19,-3.9341860000000001e-19,-3.6051469999999999e-19,-1.585776e-19,-1.135471e-20,4.2641229999999998e-22,-1.404037e-22
1877660.7958333001,-7.7218929999999997,9.5251989999999996e-23,-7.1372939999999995e-23,-4.6596079999999998e-21,-6.9941590000000004e-20,-2.487053e-20,8.3265600000000004e-20,-3.5835609999999999e-19,-1.1716850000000001e-19,-6.9589980000000003e-19,-7.5263060000000001e-19,-2.9241419999999999e-19,-3.9361790000000001e-19,-3.6103060000000001e-19,-1.5935270000000001e-19,-1.1612289999999999e-20,4.4388299999999995e-22,-1.4101920000000001e-22
1881660.7958333001,-7.7222759999999999,9.6378920000000004e-23,-7.2174210000000006e-23,-4.7092290000000003e-21,-7.0116129999999996e-20,-2.508137e-20,8.3198030000000006e-20,-3.583626e-19,-1.1716850000000001e-19,-6.9589980000000003e-19,-7.5263060000000001e-19,-2.9241909999999998e-19,-3.9384060000000002e-19,-3.6157630000000002e-19,-1.6008460000000001e-19,-1.18629e-20,4.6228530000000004e-22,-1.4159880000000001e-22
1885660.7958333001,-7.7229039999999998,9.7616499999999996e-23,-7.3077699999999998e-23,-4.7199970000000003e-21,-7.0224209999999995e-20,-2.517932e-20,8.3123220000000004e-20,-3.583708e-19,-1.1716850000000001e-19,-6.9589980000000003e-19,-7.5263060000000001e-19,-2.9242509999999999e-19,-3.9403340000000002e-19,-3.6209980000000002e-19,-1.6091300000000001e-19,-1.208487e-20,4.8039989999999999e-22,-1.421953e-22
1889660.7958333001,-7.7234439999999998,9.8802249999999999e-23,-7.3959569999999998e-23,-4.7595819999999997e-21,-7.0369019999999996e-20,-2.5231250000000001e-20,8.306015e-20,-3.583773e-19,-1.1716850000000001e-19,-6.9589980000000003e-19,-7.5263060000000001e-19,-2.924306e-19,-3.942536e-19,-3.6263690000000001e-19,-1.6169229999999999e-19,-1.2265130000000001e-20,4.9927590000000003e-22,-1.4277850000000001e-22
1893660.7958333001,-7.723198,1.000013e-22,-7.4293800000000006e-23,-4.7945649999999999e-21,-7.0525589999999999e-20,-2.5398689999999999e-20,8.3033539999999997e-20,-3.5838489999999998e-19,-1.1716850000000001e-19,-6.9589980000000003e-19,-7.5263060000000001e-19,-2.9243580000000002e-19,-3.94522e-19,-3.6304570000000001e-19,-1.624535e-19,-1.246794e-20,5.1792970000000001e-22,-1.4339029999999999e-22
1897660.7958333001,-7.7229179999999999,1.01196e-22,-7.4893239999999996e-23,-4.7996039999999997e-21,-7.059091e-20,-2.5567979999999999e-20,8.3010479999999997e-20,-3.5839289999999998e-19,-1.1716850000000001e-19,-6.9589980000000003e-19,-7.5263060000000001e-19,-2.9244149999999999e-19,-3.9473149999999999e-19,-3.6355969999999998e-19,-1.6312060000000001e-19,-1.2636910000000001e-20,5.3704110000000003e-22,-1.4401759999999999e-22
1901660.7958333001,-7.7226049999999997,1.024851e-22,-7.4955400000000003e-23,-4.8101909999999998e-21,-7.0724250000000006e-20,-2.579013e-20,8.297081e-20,-3.5840040000000002e-19,-1.1716850000000001e-19,-6.9589980000000003e-19,-7.5263060000000001e-19,-2.9244770000000001e-19,-3.9497170000000002e-19,-3.6416289999999998e-19,-1.6393630000000001e-19,-1.282331e-20,5.566149e-22,-1.4460089999999999e-22
1905660.7958333001,-7.7222600000000003,1.0366509999999999e-22,-7.5117800000000002e-23,-4.8845180000000002e-21,-7.0846629999999995e-20,-2.591412e-20,8.2969190000000003e-20,-3.5840790000000002e-19,-1.1716850000000001e-19,-6.9589980000000003e-19,-7.5263060000000001e-19,-2.9245230000000001e-19,-3.951883e-19,-3.6457250000000001e-19,-1.646627e-19,-1.30867e-20,5.767521e-22,-1.451765e-22
1909660.7958333001,-7.7218840000000002,1.049811e-22,-7.5729569999999995e-23,-4.9268270000000002e-21,-7.0976350000000005e-20,-2.59863e-20,8.2890850000000002e-20,-3.5841479999999999e-19,-1.1716850000000001e-19,-6.9589980000000003e-19,-7.5263060000000001e-19,-2.9245730000000002e-19,-3.9543529999999998e-19,-3.6498329999999999e-19,-1.6552529999999999e-19,-1.3317129999999999e-20,5.970721e-22,-1.4586570000000001e-22
1913660.7958333001,-7.7214830000000001,1.0631950000000001e-22,-7.6452309999999997e-23,-5.0201480000000001e-21,-7.1009629999999997e-20,-2.602135e-20,8.2867590000000005e-20,-3.5842379999999998e-19,-1.1716850000000001e-19,-6.9589980000000003e-19,-7.5263060000000001e-19,-2.9246310000000002e-19,-3.9566549999999998e-19,-3.6544770000000002e-19,-1.662852e-19,-1.35711e-20,6.1720480000000002e-22,-1.4651479999999999e-22
1917660.7958333001,-7.721063,1.076482e-22,-7.6735020000000002e-23,-5.0673599999999998e-21,-7.1164330000000004e-20,-2.6134820000000001e-20,8.2827770000000002e-20,-3.5843049999999999e-19,-1.1716850000000001e-19,-6.9589980000000003e-19,-7.5263060000000001e-19,-2.9246770000000002e-19,-3.9585670000000001e-19,-3.6598399999999998e-19,-1.671915e-19,-1.3816740000000001e-20,6.382915e-22,-1.4718530000000001e-22
1921660.7958333001,-7.7206320000000002,1.089319e-22,-7.7631779999999999e-23,-5.1570390000000002e-21,-7.1333839999999995e-20,-2.619321e-20,8.2775239999999994e-20,-3.5843720000000001e-19,-1.1716850000000001e-19,-6.9589980000000003e-19,-7.5263060000000001e-19,-2.924731e-19,-3.960785e-19,-3.6636039999999998e-19,-1.6805919999999999e-19,-1.402335e-20,6.5980810000000002e-22,-1.4780299999999999e-22
1925660.7958333001,-7.720199,1.1026610000000001e-22,-7.8481349999999994e-23,-5.3211869999999999e-21,-7.1422470000000006e-20,-2.6373020000000001e-20,8.2690150000000002e-20,-3.5844460000000002e-19,-1.1716850000000001e-19,-6.9589980000000003e-19,-7.5263060000000001e-19,-2.9247949999999998e-19,-3.9631579999999999e-19,-3.668442e-19,-1.688415e-19,-1.4285229999999999e-20,6.8143469999999997e-22,-1.484898e-22
1929660.7958333001,-7.7197769999999997,1.1160149999999999e-22,-7.8916579999999994e-23,-5.4276089999999997e-21,-7.1554680000000003e-20,-2.6530359999999999e-20,8.2613830000000003e-20,-3.5845240000000001e-19,-1.1716850000000001e-19,-6.9589980000000003e-19,-7.5263070000000004e-19,-2.9248390000000002e-19,-3.9651840000000001e-19,-3.6737150000000001e-19,-1.6961300000000001e-19,-1.4480019999999999e-20,7.0425250000000003e-22,-1.490977e-22
1933660.7958333001,-7.7193810000000003,1.1294619999999999e-22,-7.9672919999999998e-23,-5.5189810000000002e-21,-7.1624160000000003e-20,-2.6622410000000001e-20,8.2525720000000003e-20,-3.584614e-19,-1.1716850000000001e-19,-6.9589980000000003e-19,-7.5263070000000004e-19,-2.924888e-19,-3.9674020000000001e-19,-3.6789040000000002e-19,-1.7045540000000001e-19,-1.4671810000000001e-20,7.2682500000000002e-22,-1.4964029999999999e-22
1937660.7958333001,-7.7190269999999996,1.1429830000000001e-22,-7.9540429999999996e-23,-5.6215479999999998e-21,-7.1762490000000003e-20,-2.664362e-20,8.2518850000000005e-20,-3.584696e-19,-1.1716850000000001e-19,-6.9589980000000003e-19,-7.5263070000000004e-19,-2.9249310000000001e-19,-3.9695110000000001e-19,-3.6840020000000001e-19,-1.7124490000000001e-19,-1.494775e-20,7.5016959999999998e-22,-1.502294e-22
1941660.7958333001,-7.7187359999999998,1.1572399999999999e-22,-7.9960479999999995e-23,-5.7223499999999997e-21,-7.1796330000000002e-20,-2.6702190000000001e-20,8.240619e-20,-3.5847730000000001e-19,-1.1716850000000001e-19,-6.9589980000000003e-19,-7.5263070000000004e-19,-2.9249860000000002e-19,-3.971949e-19,-3.6886430000000001e-19,-1.7209329999999999e-19,-1.5162020000000001e-20,7.737404e-22,-1.5082260000000001e-22
1945660.7958333001,-7.7185290000000002,1.170866e-22,-8.0509590000000006e-23,-5.8463119999999999e-21,-7.1891539999999995e-20,-2.6704480000000001e-20,8.2384710000000003e-20,-3.584846e-19,-1.1716850000000001e-19,-6.9589980000000003e-19,-7.5263070000000004e-19,-2.9250459999999998e-19,-3.9746350000000001e-19,-3.6925560000000002e-19,-1.729143e-19,-1.5452400000000001e-20,7.9786009999999996e-22,-1.5147000000000001e-22
1949660.7958333001,-7.7184330000000001,1.1849949999999999e-22,-8.0388440000000005e-23,-6.0036340000000003e-21,-7.2000319999999998e-20,-2.6752330000000001e-20,8.2295959999999996e-20,-3.5849189999999999e-19,-1.1716850000000001e-19,-6.9589980000000003e-19,-7.5263070000000004e-19,-2.925108e-19,-3.9767070000000002e-19,-3.6963830000000001e-19,-1.7377029999999999e-19,-1.5648249999999999e-20,8.2215450000000001e-22,-1.5203340000000001e-22
1953660.7958333001,-7.7184759999999999,1.199756e-22,-8.0930189999999998e-23,-6.2198150000000004e-21,-7.2117649999999995e-20,-2.6790329999999999e-20,8.2253520000000002e-20,-3.5849989999999998e-19,-1.1716850000000001e-19,-6.9589980000000003e-19,-7.5263070000000004e-19,-2.9251759999999999e-19,-3.9793689999999998e-19,-3.7017689999999999e-19,-1.746228e-19,-1.5870820000000001e-20,8.4689090000000001e-22,-1.52599e-22
1957660.7958333001,-7.7186919999999999,1.2144110000000001e-22,-8.1436299999999997e-23,-6.3364840000000001e-21,-7.2286419999999998e-20,-2.6707439999999999e-20,8.2174339999999997e-20,-3.585073e-19,-1.1716850000000001e-19,-6.9589980000000003e-19,-7.5263070000000004e-19,-2.9252199999999998e-19,-3.9820189999999999e-19,-3.705987e-19,-1.755227e-19,-1.612147e-20,8.7175730000000008e-22,-1.5329130000000001e-22
1961660.7958333001,-7.7191150000000004,1.2292739999999999e-22,-8.1978159999999998e-23,-6.5666140000000003e-21,-7.2306229999999996e-20,-2.6727760000000001e-20,8.2157549999999995e-20,-3.5851579999999999e-19,-1.1716850000000001e-19,-6.9589980000000003e-19,-7.5263070000000004e-19,-2.9252840000000001e-19,-3.9843619999999999e-19,-3.711384e-19,-1.763453e-19,-1.638663e-20,8.9704130000000003e-22,-1.5395430000000001e-22
1965660.7958333001,-7.719786,1.2457359999999999e-22,-8.2625620000000001e-23,-6.6884139999999998e-21,-7.2432909999999995e-20,-2.6788579999999999e-20,8.2104749999999997e-20,-3.5852490000000001e-19,-1.1716850000000001e-19,-6.9589980000000003e-19,-7.5263070000000004e-19,-2.9253510000000002e-19,-3.9867689999999998e-19,-3.7174010000000001e-19,-1.771957e-19,-1.6572180000000001e-20,9.2282020000000002e-22,-1.5452489999999999e-22
1969660.7958333001,-7.7207480000000004,1.261118e-22,-8.2903689999999997e-23,-6.8461690000000002e-21,-7.2460160000000005e-20,-2.6833289999999999e-20,8.1973300000000003e-20,-3.5853260000000001e-19,-1.1716850000000001e-19,-6.9589980000000003e-19,-7.5263070000000004e-19,-2.925422e-19,-3.9892709999999999e-19,-3.722352e-19,-1.7798319999999999e-19,-1.674816e-20,9.498432e-22,-1.551703e-22
1973660.7958333001,-7.7220510000000004,1.276222e-22,-8.2950140000000004e-23,-7.0382109999999996e-21,-7.2580699999999997e-20,-2.6823429999999999e-20,8.1920869999999999e-20,-3.5854049999999998e-19,-1.1716850000000001e-19,-6.9589980000000003e-19,-7.5263070000000004e-19,-2.9255019999999999e-19,-3.9914069999999999e-19,-3.7263080000000002e-19,-1.789345e-19,-1.7041639999999999e-20,9.7769109999999999e-22,-1.558849e-22
1977660.7958333001,-7.7237429999999998,1.2922040000000001e-22,-8.3257189999999998e-23,-7.2606799999999993e-21,-7.2682500000000003e-20,-2.689675e-20,8.1849639999999999e-20,-3.5854900000000002e-19,-1.1716850000000001e-19,-6.9589980000000003e-19,-7.5263070000000004e-19,-2.9255649999999999e-19,-3.9935929999999999e-19,-3.7318530000000001e-19,-1.7982069999999999e-19,-1.7330990000000001e-20,1.0052420000000001e-21,-1.565704e-22
1981660.7958333001,-7.7258810000000002,1.307416e-22,-8.3165999999999999e-23,-7.4228490000000008e-21,-7.2723800000000005e-20,-2.6772730000000001e-20,8.173215e-20,-3.5855670000000002e-19,-1.1716850000000001e-19,-6.9589980000000003e-19,-7.5263070000000004e-19,-2.9256109999999999e-19,-3.9962860000000001e-19,-3.7378030000000001e-19,-1.807482e-19,-1.754649e-20,1.0340089999999999e-21,-1.5715689999999999e-22
1985660.7958333001,-7.7285199999999996,1.32379e-22,-8.3717529999999996e-23,-7.5848699999999994e-21,-7.280779e-20,-2.6719809999999999e-20,8.1694580000000006e-20,-3.585648e-19,-1.1716850000000001e-19,-6.9589980000000003e-19,-7.5263070000000004e-19,-2.925683e-19,-3.9987949999999998e-19,-3.742367e-19,-1.8157339999999999e-19,-1.783079e-20,1.062999e-21,-1.578971e-22
1989660.7958333001,-7.7317179999999999,1.3403430000000001e-22,-8.3203200000000002e-23,-7.8283199999999995e-21,-7.2905000000000003e-20,-2.6745209999999999e-20,8.1640169999999995e-20,-3.5857320000000001e-19,-1.1716850000000001e-19,-6.9589980000000003e-19,-7.5263070000000004e-19,-2.925741e-19,-4.002157e-19,-3.7469980000000001e-19,-1.824346e-19,-1.8108109999999999e-20,1.0917409999999999e-21,-1.5852479999999999e-22
1993660.7958333001,-7.7355330000000002,1.3571829999999999e-22,-8.3780910000000004e-23,-7.9814370000000003e-21,-7.3006650000000003e-20,-2.675128e-20,8.1539279999999998e-20,-3.585805e-19,-1.1716850000000001e-19,-6.9589980000000003e-19,-7.5263070000000004e-19,-2.9258089999999999e-19,-4.0048199999999998e-19,-3.7512570000000001e-19,-1.8335030000000001e-19,-1.8403580000000001e-20,1.120366e-21,-1.5921900000000001e-22
1997660.7958333001,-7.7400200000000003,1.3738809999999999e-22,-8.3479389999999997e-23,-8.203404e-21,-7.3067050000000002e-20,-2.677503e-20,8.1393470000000003e-20,-3.585875e-19,-1.1716850000000001e-19,-6.9589980000000003e-19,-7.5263070000000004e-19,-2.9258800000000002e-19,-4.0075299999999999e-19,-3.757092e-19,-1.8418920000000001e-19,-1.872084e-20,1.1498379999999999e-21,-1.598297e-22
2001660.7958333001,-7.7452310000000004,1.3911680000000001e-22,-8.3851779999999996e-23,-8.4422379999999995e-21,-7.3130210000000003e-20,-2.6634070000000001e-20,8.1265450000000003e-20,-3.585957e-19,-1.1716850000000001e-19,-6.9589980000000003e-19,-7.5263079999999997e-19,-2.9259410000000001e-19,-4.0100189999999998e-19,-3.7614439999999998e-19,-1.8506290000000001e-19,-1.8990349999999999e-20,1.1807339999999999e-21,-1.605016e-22
2005660.7958333001,-7.7512100000000004,1.4079459999999999e-22,-8.410479e-23,-8.5866939999999997e-21,-7.3268029999999999e-20,-2.6588190000000001e-20,8.1176039999999998e-20,-3.5860460000000001e-19,-1.1716859999999999e-19,-6.9589980000000003e-19,-7.5263079999999997e-19,-2.9260189999999999e-19,-4.0128889999999998e-19,-3.7660549999999999e-19,-1.860055e-19,-1.931951e-20,1.210823e-21,-1.6120150000000001e-22
2009660.7958333001,-7.7579929999999999,1.426234e-22,-8.3915760000000003e-23,-8.7669160000000004e-21,-7.3323869999999994e-20,-2.6619809999999999e-20,8.1154770000000005e-20,-3.5861199999999998e-19,-1.1716859999999999e-19,-6.9589980000000003e-19,-7.5263079999999997e-19,-2.9260950000000002e-19,-4.0151630000000002e-19,-3.7701189999999998e-19,-1.869083e-19,-1.964329e-20,1.242014e-21,-1.61847e-22
2013660.7958333001,-7.7654129999999997,1.444265e-22,-8.2569420000000004e-23,-8.9291449999999995e-21,-7.3418200000000001e-20,-2.6489329999999999e-20,8.1058499999999998e-20,-3.5862050000000002e-19,-1.1716859999999999e-19,-6.9589980000000003e-19,-7.5263079999999997e-19,-2.9261599999999998e-19,-4.0188799999999999e-19,-3.7741199999999998e-19,-1.877896e-19,-1.9891980000000001e-20,1.2732639999999999e-21,-1.6260839999999999e-22
2017660.7958333001,-7.762581,1.461829e-22,-8.2221150000000001e-23,-9.12933e-21,-7.3596839999999994e-20,-2.6479950000000001e-20,8.0979769999999999e-20,-3.5862909999999999e-19,-1.1716859999999999e-19,-6.9589980000000003e-19,-7.5263079999999997e-19,-2.926236e-19,-4.0215739999999998e-19,-3.7780309999999998e-19,-1.8864610000000001e-19,-2.019325e-20,1.3045959999999999e-21,-1.6317959999999999e-22
2021660.7958333001,-7.7600420000000003,1.480423e-22,-8.1841310000000005e-23,-9.3130110000000006e-21,-7.3797350000000005e-20,-2.6362600000000001e-20,8.0896779999999998e-20,-3.5863689999999998e-19,-1.1716859999999999e-19,-6.9589980000000003e-19,-7.5263079999999997e-19,-2.9263019999999999e-19,-4.02461e-19,-3.7823220000000002e-19,-1.8957519999999999e-19,-2.0458680000000001e-20,1.337815e-21,-1.6368379999999999e-22
2025660.7958333001,-7.7577949999999998,1.4983650000000001e-22,-8.1951450000000005e-23,-9.4997530000000001e-21,-7.3849110000000003e-20,-2.6230970000000001e-20,8.081143e-20,-3.5864590000000001e-19,-1.1716859999999999e-19,-6.9589980000000003e-19,-7.5263079999999997e-19,-2.9263599999999999e-19,-4.0269380000000002e-19,-3.7866339999999998e-19,-1.9041790000000001e-19,-2.0739610000000001e-20,1.37217e-21,-1.642481e-22
2029660.7958333001,-7.7558369999999996,1.516377e-22,-8.2006980000000005e-23,-9.7230859999999996e-21,-7.3942310000000001e-20,-2.624439e-20,8.0723109999999997e-20,-3.5865469999999999e-19,-1.1716859999999999e-19,-6.9589980000000003e-19,-7.5263079999999997e-19,-2.9264249999999999e-19,-4.0293760000000001e-19,-3.7914559999999998e-19,-1.912921e-19,-2.104985e-20,1.4076639999999999e-21,-1.648027e-22
2033660.7958333001,-7.754162,1.5343759999999999e-22,-8.2088510000000005e-23,-9.8955749999999993e-21,-7.4019349999999996e-20,-2.6187159999999999e-20,8.062966e-20,-3.5866330000000001e-19,-1.1716859999999999e-19,-6.9589980000000003e-19,-7.5263079999999997e-19,-2.9264829999999999e-19,-4.0329560000000001e-19,-3.7954910000000002e-19,-1.9214790000000001e-19,-2.132165e-20,1.4429919999999999e-21,-1.6537569999999999e-22
2037660.7958333001,-7.7527629999999998,1.5526569999999999e-22,-8.2463840000000006e-23,-1.0232689999999999e-20,-7.4150910000000003e-20,-2.618789e-20,8.0616679999999994e-20,-3.5867030000000001e-19,-1.1716859999999999e-19,-6.9589980000000003e-19,-7.5263079999999997e-19,-2.92655e-19,-4.0358960000000002e-19,-3.7998099999999998e-19,-1.9306640000000001e-19,-2.1665169999999999e-20,1.478777e-21,-1.660027e-22
2041660.7958333001,-7.7516309999999997,1.5712819999999999e-22,-8.2797359999999996e-23,-1.0437250000000001e-20,-7.4223769999999996e-20,-2.6125820000000001e-20,8.0556650000000001e-20,-3.5867970000000002e-19,-1.1716859999999999e-19,-6.9589980000000003e-19,-7.5263079999999997e-19,-2.9266170000000002e-19,-4.0387339999999998e-19,-3.8046570000000002e-19,-1.939934e-19,-2.1893210000000001e-20,1.514876e-21,-1.6659329999999999e-22
2045660.7958333001,-7.7507539999999997,1.5888279999999999e-22,-8.3090169999999996e-23,-1.072533e-20,-7.4314829999999997e-20,-2.6084449999999999e-20,8.050837e-20,-3.5868779999999999e-19,-1.1716859999999999e-19,-6.9589980000000003e-19,-7.5263079999999997e-19,-2.926678e-19,-4.042137e-19,-3.8100969999999998e-19,-1.9485220000000001e-19,-2.215228e-20,1.5516889999999999e-21,-1.671895e-22
2049660.7958333001,-7.7501199999999999,1.6073720000000001e-22,-8.3770290000000005e-23,-1.09291e-20,-7.4380690000000001e-20,-2.6048719999999999e-20,8.036941e-20,-3.586967e-19,-1.1716859999999999e-19,-6.9589980000000003e-19,-7.5263079999999997e-19,-2.9267709999999998e-19,-4.0451100000000002e-19,-3.8145400000000002e-19,-1.957547e-19,-2.2487679999999999e-20,1.589376e-21,-1.6792039999999999e-22
2053660.7958333001,-7.7497119999999997,1.625333e-22,-8.4895960000000003e-23,-1.118085e-20,-7.4582959999999996e-20,-2.601185e-20,8.0240350000000001e-20,-3.5870870000000001e-19,-1.1716859999999999e-19,-6.9589980000000003e-19,-7.5263079999999997e-19,-2.9268529999999998e-19,-4.0477120000000002e-19,-3.8187189999999998e-19,-1.9669540000000001e-19,-2.2808460000000001e-20,1.6282949999999999e-21,-1.684708e-22
2057660.7958333001,-7.7495159999999998,1.644488e-22,-8.5796180000000005e-23,-1.1400929999999999e-20,-7.4657219999999999e-20,-2.59279e-20,8.0132089999999997e-20,-3.587194e-19,-1.1716859999999999e-19,-6.9589980000000003e-19,-7.5263079999999997e-19,-2.9269140000000002e-19,-4.051032e-19,-3.8227420000000002e-19,-1.9758729999999999e-19,-2.3136050000000001e-20,1.667129e-21,-1.689052e-22
2061660.7958333001,-7.7495120000000002,1.66239e-22,-8.6113300000000005e-23,-1.169782e-20,-7.4787699999999999e-20,-2.5917380000000001e-20,8.0032359999999996e-20,-3.5872909999999999e-19,-1.1716859999999999e-19,-6.9589980000000003e-19,-7.5263079999999997e-19,-2.926978e-19,-4.054069e-19,-3.8275230000000002e-19,-1.9844239999999999e-19,-2.3460619999999999e-20,1.7072819999999998e-21,-1.693197e-22
2065660.7958333001,-7.7496850000000004,1.6810960000000001e-22,-8.7663069999999997e-23,-1.198761e-20,-7.4878219999999997e-20,-2.5861839999999999e-20,7.9987050000000001e-20,-3.5873890000000001e-19,-1.1716859999999999e-19,-6.9589980000000003e-19,-7.526309e-19,-2.927031e-19,-4.057521e-19,-3.8327660000000001e-19,-1.9937410000000001e-19,-2.3776340000000001e-20,1.7471820000000001e-21,-1.6971429999999999e-22
2069660.7958333001,-7.7500150000000003,1.700392e-22,-8.7792159999999997e-23,-1.227752e-20,-7.5043549999999997e-20,-2.5756019999999999e-20,7.9883989999999996e-20,-3.5874799999999998e-19,-1.1716859999999999e-19,-6.9589980000000003e-19,-7.526309e-19,-2.9270660000000002e-19,-4.0607170000000001e-19,-3.8366600000000001e-19,-2.003481e-19,-2.4165640000000001e-20,1.7893380000000002e-21,-1.701809e-22
2073660.7958333001,-7.750483,1.720037e-22,-8.8178069999999999e-23,-1.254402e-20,-7.5116609999999999e-20,-2.5652579999999999e-20,7.9761150000000004e-20,-3.5875850000000001e-19,-1.1716859999999999e-19,-6.9589980000000003e-19,-7.526309e-19,-2.9271270000000001e-19,-4.0642780000000001e-19,-3.8411510000000002e-19,-2.0133010000000001e-19,-2.4561899999999999e-20,1.8321470000000002e-21,-1.706237e-22
2077660.7958333001,-7.7510729999999999,1.739553e-22,-8.8754420000000002e-23,-1.2866979999999999e-20,-7.5261969999999999e-20,-2.562573e-20,7.9622360000000001e-20,-3.5876840000000001e-19,-1.1716859999999999e-19,-6.9589980000000003e-19,-7.526309e-19,-2.9271909999999999e-19,-4.0674559999999998e-19,-3.8451250000000002e-19,-2.023013e-19,-2.493069e-20,1.8763349999999999e-21,-1.7104630000000001e-22
2081660.7958333001,-7.7517659999999999,1.759128e-22,-8.9396070000000002e-23,-1.313937e-20,-7.5408869999999996e-20,-2.5598519999999999e-20,7.9486270000000002e-20,-3.5877819999999998e-19,-1.1716859999999999e-19,-6.9589980000000003e-19,-7.526309e-19,-2.9272609999999999e-19,-4.070149e-19,-3.8485639999999999e-19,-2.0324250000000001e-19,-2.529916e-20,1.9197319999999999e-21,-1.716397e-22
2085660.7958333001,-7.7525459999999997,1.7786939999999999e-22,-8.9387389999999995e-23,-1.341076e-20,-7.5576810000000003e-20,-2.5580790000000001e-20,7.9382939999999996e-20,-3.5878750000000001e-19,-1.1716859999999999e-19,-6.9589980000000003e-19,-7.526309e-19,-2.9273339999999998e-19,-4.0724179999999999e-19,-3.852726e-19,-2.0426389999999999e-19,-2.5654589999999999e-20,1.9649460000000001e-21,-1.721788e-22
2089660.7958333001,-7.7533960000000004,1.7983200000000001e-22,-8.9166249999999996e-23,-1.372884e-20,-7.5721050000000003e-20,-2.5638530000000001e-20,7.9314020000000002e-20,-3.5879559999999998e-19,-1.1716859999999999e-19,-6.9589980000000003e-19,-7.526309e-19,-2.9273939999999999e-19,-4.075592e-19,-3.8568980000000001e-19,-2.0523040000000001e-19,-2.600406e-20,2.0114090000000001e-21,-1.7269990000000001e-22
2093660.7958333001,-7.754302,1.8174719999999999e-22,-8.9570619999999997e-23,-1.4005899999999999e-20,-7.5833049999999998e-20,-2.5676029999999999e-20,7.9134229999999998e-20,-3.5880549999999998e-19,-1.1716859999999999e-19,-6.9589980000000003e-19,-7.526309e-19,-2.9274619999999998e-19,-4.0794850000000002e-19,-3.8615020000000002e-19,-2.0630230000000001e-19,-2.6307409999999999e-20,2.058869e-21,-1.7316789999999999e-22
2097660.7958332999,-7.7552479999999999,1.835651e-22,-9.0361410000000006e-23,-1.43319e-20,-7.6035779999999995e-20,-2.5614730000000001e-20,7.9002290000000002e-20,-3.5881609999999999e-19,-1.1716859999999999e-19,-6.9589980000000003e-19,-7.526309e-19,-2.927519e-19,-4.0825920000000002e-19,-3.8661299999999999e-19,-2.0737240000000001e-19,-2.668327e-20,2.1072189999999999e-21,-1.7378840000000001e-22
2101660.7958332999,-7.7562220000000002,1.8556559999999999e-22,-9.1202959999999995e-23,-1.467091e-20,-7.6308449999999994e-20,-2.5560160000000001e-20,7.8871120000000005e-20,-3.588269e-19,-1.1716859999999999e-19,-6.9589980000000003e-19,-7.526309e-19,-2.9276050000000002e-19,-4.0867520000000002e-19,-3.8694809999999998e-19,-2.0837699999999999e-19,-2.7112249999999999e-20,2.1564299999999999e-21,-1.7426070000000001e-22
2105660.7958332999,-7.757212,1.875412e-22,-9.2363739999999998e-23,-1.501803e-20,-7.6593760000000005e-20,-2.5500379999999999e-20,7.8739759999999994e-20,-3.588356e-19,-1.1716859999999999e-19,-6.9589980000000003e-19,-7.526309e-19,-2.9276619999999999e-19,-4.0897990000000001e-19,-3.8733969999999999e-19,-2.094397e-19,-2.753315e-20,2.205644e-21,-1.747661e-22
2109660.7958332999,-7.7582060000000004,1.8952770000000001e-22,-9.3307259999999998e-23,-1.5318239999999999e-20,-7.6855550000000001e-20,-2.550388e-20,7.8624820000000005e-20,-3.588455e-19,-1.1716859999999999e-19,-6.9589980000000003e-19,-7.526309e-19,-2.9277240000000001e-19,-4.0929699999999998e-19,-3.8777479999999999e-19,-2.1052620000000001e-19,-2.7880309999999997e-20,2.257126e-21,-1.7518649999999999e-22
2113660.7958332999,-7.7591939999999999,1.915966e-22,-9.3826690000000001e-23,-1.570349e-20,-7.7100079999999997e-20,-2.5388159999999999e-20,7.8483549999999998e-20,-3.588571e-19,-1.1716859999999999e-19,-6.9589980000000003e-19,-7.526309e-19,-2.9277980000000002e-19,-4.0963759999999999e-19,-3.881144e-19,-2.115502e-19,-2.8384220000000002e-20,2.3097460000000002e-21,-1.7562350000000001e-22
2117660.7958332999,-7.760167,1.9365080000000001e-22,-9.4211700000000005e-23,-1.598671e-20,-7.7343449999999997e-20,-2.5303780000000001e-20,7.8407669999999998e-20,-3.5886679999999999e-19,-1.1716869999999999e-19,-6.9589980000000003e-19,-7.526309e-19,-2.9278420000000001e-19,-4.0995069999999999e-19,-3.8855869999999999e-19,-2.1265139999999999e-19,-2.8807350000000003e-20,2.3634489999999999e-21,-1.760222e-22
2121660.7958332999,-7.7611169999999996,1.9567880000000001e-22,-9.4762839999999999e-23,-1.6414409999999999e-20,-7.7512669999999995e-20,-2.5228160000000001e-20,7.8367660000000006e-20,-3.5887599999999999e-19,-1.1716869999999999e-19,-6.9589980000000003e-19,-7.526309e-19,-2.927896e-19,-4.1022079999999999e-19,-3.8901579999999999e-19,-2.137513e-19,-2.9201830000000002e-20,2.4173369999999999e-21,-1.763699e-22
2125660.7958332999,-7.7620370000000003,1.976678e-22,-9.4189889999999998e-23,-1.6780849999999999e-20,-7.7788949999999994e-20,-2.516805e-20,7.8264870000000002e-20,-3.5888700000000001e-19,-1.1716869999999999e-19,-6.9589980000000003e-19,-7.526309e-19,-2.9279510000000001e-19,-4.1050609999999999e-19,-3.894709e-19,-2.148348e-19,-2.95975e-20,2.4711019999999999e-21,-1.7673829999999999e-22
2129660.7958332999,-7.7629200000000003,1.997726e-22,-9.4631850000000004e-23,-1.7197949999999999e-20,-7.8082999999999998e-20,-2.5100100000000001e-20,7.8223719999999994e-20,-3.5889810000000002e-19,-1.1716869999999999e-19,-6.9589980000000003e-19,-7.5263100000000003e-19,-2.9280160000000001e-19,-4.1075870000000001e-19,-3.899502e-19,-2.1596219999999999e-19,-3.000292e-20,2.525798e-21,-1.7708e-22
2133660.7958332999,-7.7637609999999997,2.0189240000000001e-22,-9.4459440000000001e-23,-1.7613560000000001e-20,-7.8429020000000004e-20,-2.5115079999999999e-20,7.812504e-20,-3.5891079999999999e-19,-1.1716869999999999e-19,-6.9589980000000003e-19,-7.5263100000000003e-19,-2.9280949999999998e-19,-4.1107300000000001e-19,-3.903858e-19,-2.1703499999999999e-19,-3.0500939999999997e-20,2.5802219999999998e-21,-1.7741550000000001e-22
2137660.7958332999,-7.7645559999999998,2.0408730000000001e-22,-9.5190269999999997e-23,-1.8105969999999999e-20,-7.8663409999999996e-20,-2.4937860000000001e-20,7.8045700000000005e-20,-3.5892189999999999e-19,-1.1716869999999999e-19,-6.9589980000000003e-19,-7.5263100000000003e-19,-2.9281719999999998e-19,-4.1139149999999999e-19,-3.9086090000000002e-19,-2.1817880000000001e-19,-3.0971679999999998e-20,2.6362769999999999e-21,-1.7775679999999999e-22
2141660.7958332999,-7.7652999999999999,2.0627130000000001e-22,-9.6523249999999995e-23,-1.841129e-20,-7.8899000000000002e-20,-2.4885620000000001e-20,7.7922530000000003e-20,-3.5893209999999998e-19,-1.1716869999999999e-19,-6.9589980000000003e-19,-7.5263100000000003e-19,-2.9282410000000001e-19,-4.1162500000000001e-19,-3.913323e-19,-2.1930739999999998e-19,-3.1331759999999997e-20,2.691591e-21,-1.782257e-22
2145660.7958332999,-7.7659900000000004,2.0835440000000001e-22,-9.7685280000000001e-23,-1.886817e-20,-7.9134490000000004e-20,-2.476391e-20,7.7792900000000001e-20,-3.5894330000000001e-19,-1.1716869999999999e-19,-6.9589980000000003e-19,-7.5263100000000003e-19,-2.9283019999999999e-19,-4.1185330000000001e-19,-3.9166930000000001e-19,-2.2041150000000002e-19,-3.1713850000000001e-20,2.7494929999999999e-21,-1.7842500000000001e-22
2149660.7958332999,-7.7666259999999996,2.104999e-22,-9.7660189999999996e-23,-1.9232780000000001e-20,-7.9420909999999995e-20,-2.4783339999999999e-20,7.7605020000000006e-20,-3.5895370000000001e-19,-1.1716869999999999e-19,-6.9589980000000003e-19,-7.5263100000000003e-19,-2.9283640000000001e-19,-4.1212680000000001e-19,-3.921409e-19,-2.2159460000000001e-19,-3.2147210000000002e-20,2.8085789999999998e-21,-1.787928e-22
2153660.7958332999,-7.7672049999999997,2.126618e-22,-9.8133330000000005e-23,-1.963855e-20,-7.9653890000000006e-20,-2.4724e-20,7.7522489999999995e-20,-3.5896489999999999e-19,-1.1716869999999999e-19,-6.9589980000000003e-19,-7.5263100000000003e-19,-2.9284340000000001e-19,-4.1247490000000001e-19,-3.925173e-19,-2.2275889999999999e-19,-3.2637290000000002e-20,2.8682119999999999e-21,-1.79102e-22
2157660.7958332999,-7.7677269999999998,2.1484990000000002e-22,-9.8699459999999997e-23,-2.0127989999999999e-20,-7.9919480000000003e-20,-2.474031e-20,7.7393949999999996e-20,-3.5897339999999998e-19,-1.1716869999999999e-19,-6.9589980000000003e-19,-7.5263100000000003e-19,-2.9285280000000002e-19,-4.1272400000000001e-19,-3.9288799999999998e-19,-2.239361e-19,-3.3047400000000002e-20,2.9297299999999999e-21,-1.7930360000000001e-22
2161660.7958332999,-7.768192,2.1699669999999998e-22,-9.8757899999999998e-23,-2.0490480000000001e-20,-8.0180110000000004e-20,-2.4678539999999999e-20,7.7356439999999999e-20,-3.589842e-19,-1.1716869999999999e-19,-6.9589980000000003e-19,-7.5263100000000003e-19,-2.9286289999999998e-19,-4.1307389999999999e-19,-3.9313670000000001e-19,-2.251027e-19,-3.3436949999999998e-20,2.9926609999999999e-21,-1.7959839999999999e-22
2165660.7958332999,-7.7686019999999996,2.192348e-22,-9.850775e-23,-2.089041e-20,-8.0504540000000001e-20,-2.4711490000000001e-20,7.7295370000000005e-20,-3.5899369999999998e-19,-1.1716869999999999e-19,-6.9589980000000003e-19,-7.5263100000000003e-19,-2.9286989999999998e-19,-4.133691e-19,-3.9339989999999998e-19,-2.2636950000000002e-19,-3.3753959999999998e-20,3.0585180000000001e-21,-1.797449e-22
2169660.7958332999,-7.7689599999999999,2.2140140000000002e-22,-9.868394e-23,-2.13501e-20,-8.0781429999999997e-20,-2.4577290000000001e-20,7.7200719999999995e-20,-3.590045e-19,-1.1716869999999999e-19,-6.9589980000000003e-19,-7.5263100000000003e-19,-2.9287940000000001e-19,-4.137078e-19,-3.9376949999999999e-19,-2.2761479999999998e-19,-3.4129200000000001e-20,3.1236880000000002e-21,-1.7992950000000001e-22
2173660.7958332999,-7.7692680000000003,2.2358730000000002e-22,-9.8397100000000006e-23,-2.181587e-20,-8.1086759999999996e-20,-2.4500040000000001e-20,7.7060430000000002e-20,-3.5901500000000002e-19,-1.1716869999999999e-19,-6.9589980000000003e-19,-7.5263100000000003e-19,-2.9288760000000001e-19,-4.1407169999999998e-19,-3.9407210000000001e-19,-2.2885660000000002e-19,-3.4566060000000002e-20,3.189687e-21,-1.8018590000000001e-22
2177660.7958332999,-7.7695299999999996,2.2580519999999998e-22,-9.8777690000000006e-23,-2.2315570000000001e-20,-8.1359449999999999e-20,-2.444686e-20,7.6974139999999997e-20,-3.5902479999999999e-19,-1.1716869999999999e-19,-6.9589980000000003e-19,-7.5263100000000003e-19,-2.9289530000000002e-19,-4.1441920000000001e-19,-3.9428760000000001e-19,-2.3005660000000001e-19,-3.5090959999999997e-20,3.2577659999999998e-21,-1.80558e-22
2181660.7958332999,-7.7697520000000004,2.280226e-22,-9.7522510000000004e-23,-2.2924490000000001e-20,-8.1588720000000005e-20,-2.4478950000000001e-20,7.6862030000000002e-20,-3.5903549999999998e-19,-1.1716869999999999e-19,-6.9589980000000003e-19,-7.5263100000000003e-19,-2.9290620000000001e-19,-4.1472879999999999e-19,-3.9448199999999998e-19,-2.313361e-19,-3.556093e-20,3.3275290000000001e-21,-1.8087739999999999e-22
2185660.7958332999,-7.7699400000000001,2.3031010000000001e-22,-9.80666e-23,-2.3335069999999999e-20,-8.1884640000000005e-20,-2.444169e-20,7.6748120000000005e-20,-3.5904550000000001e-19,-1.1716869999999999e-19,-6.9589980000000003e-19,-7.5263100000000003e-19,-2.9291619999999999e-19,-4.150701e-19,-3.9479010000000001e-19,-2.326042e-19,-3.6036510000000001e-20,3.399544e-21,-1.811439e-22
2189660.7958332999,-7.7701019999999996,2.3256750000000001e-22,-9.9674710000000005e-23,-2.388115e-20,-8.2145110000000004e-20,-2.4390720000000001e-20,7.6670600000000004e-20,-3.590552e-19,-1.1716869999999999e-19,-6.9589980000000003e-19,-7.5263109999999996e-19,-2.9292550000000002e-19,-4.1536799999999999e-19,-3.9504729999999998e-19,-2.3388079999999999e-19,-3.6453819999999999e-20,3.474315e-21,-1.81283e-22
2193660.7958332999,-7.7702470000000003,2.3486149999999999e-22,-1.004912e-22,-2.4471219999999999e-20,-8.2448690000000003e-20,-2.433223e-20,7.6528930000000005e-20,-3.5906530000000001e-19,-1.1716869999999999e-19,-6.9589980000000003e-19,-7.5263109999999996e-19,-2.929367e-19,-4.1567830000000002e-19,-3.9525170000000002e-19,-2.3527100000000001e-19,-3.6972480000000001e-20,3.5517489999999999e-21,-1.813973e-22
2197660.7958332999,-7.7703860000000002,2.3717700000000001e-22,-9.9926540000000005e-23,-2.5127949999999999e-20,-8.2741550000000002e-20,-2.425771e-20,7.645987e-20,-3.5907559999999998e-19,-1.1716869999999999e-19,-6.9589980000000003e-19,-7.5263109999999996e-19,-2.9294340000000001e-19,-4.1604680000000001e-19,-3.955253e-19,-2.366807e-19,-3.7327280000000001e-20,3.6319409999999999e-21,-1.8160500000000001e-22
2201660.7958332999,-7.7705299999999999,2.3962230000000002e-22,-9.9955069999999998e-23,-2.570806e-20,-8.2991150000000005e-20,-2.4101740000000001e-20,7.6370500000000002e-20,-3.590871e-19,-1.1716869999999999e-19,-6.9589980000000003e-19,-7.5263109999999996e-19,-2.929529e-19,-4.1633199999999998e-19,-3.957845e-19,-2.3813269999999999e-19,-3.761799e-20,3.7141599999999999e-21,-1.81685e-22
2205660.7958332999,-7.7706939999999998,2.4197779999999998e-22,-9.9106709999999996e-23,-2.6165300000000001e-20,-8.3286340000000001e-20,-2.4050670000000001e-20,7.6219690000000004e-20,-3.5909840000000001e-19,-1.1716869999999999e-19,-6.9589980000000003e-19,-7.5263109999999996e-19,-2.9296359999999999e-19,-4.1668120000000001e-19,-3.9608029999999998e-19,-2.3954340000000002e-19,-3.8121610000000001e-20,3.7996450000000002e-21,-1.818278e-22
2209660.7958332999,-7.7708930000000001,2.4429849999999998e-22,-9.7774870000000004e-23,-2.6823339999999999e-20,-8.3586209999999996e-20,-2.3929990000000001e-20,7.6106299999999995e-20,-3.5910919999999998e-19,-1.1716869999999999e-19,-6.9589980000000003e-19,-7.5263109999999996e-19,-2.9297499999999998e-19,-4.1698209999999998e-19,-3.9636760000000002e-19,-2.4100199999999999e-19,-3.8461589999999998e-20,3.8868300000000003e-21,-1.8193789999999999e-22
2213660.7958332999,-7.7711439999999996,2.4677300000000001e-22,-9.727089e-23,-2.7337389999999999e-20,-8.3841330000000002e-20,-2.386579e-20,7.5894890000000002e-20,-3.5912049999999999e-19,-1.1716869999999999e-19,-6.9589980000000003e-19,-7.5263109999999996e-19,-2.929843e-19,-4.1741739999999999e-19,-3.9665529999999998e-19,-2.4255739999999998e-19,-3.8827420000000001e-20,3.977132e-21,-1.820885e-22
2217660.7958332999,-7.7714689999999997,2.4921819999999999e-22,-9.7903749999999997e-23,-2.8047120000000002e-20,-8.4112760000000006e-20,-2.3832690000000001e-20,7.5826750000000002e-20,-3.591318e-19,-1.1716869999999999e-19,-6.9589980000000003e-19,-7.5263109999999996e-19,-2.9299320000000001e-19,-4.1782270000000001e-19,-3.9696410000000002e-19,-2.4411919999999999e-19,-3.9158959999999999e-20,4.0685509999999998e-21,-1.823111e-22
2221660.7958332999,-7.7718889999999998,2.5167109999999999e-22,-9.7450570000000005e-23,-2.866458e-20,-8.4420120000000003e-20,-2.3830819999999999e-20,7.567885e-20,-3.5914330000000002e-19,-1.1716869999999999e-19,-6.9589980000000003e-19,-7.5263109999999996e-19,-2.9300389999999999e-19,-4.1831759999999998e-19,-3.9721139999999998e-19,-2.456711e-19,-3.9421090000000002e-20,4.162353e-21,-1.8231530000000001e-22
2225660.7958332999,-7.7724279999999997,2.5425299999999998e-22,-9.7098319999999995e-23,-2.9210359999999998e-20,-8.464941e-20,-2.381972e-20,7.5503830000000003e-20,-3.59155e-19,-1.171688e-19,-6.9589980000000003e-19,-7.5263109999999996e-19,-2.9301189999999999e-19,-4.1884249999999999e-19,-3.9746230000000001e-19,-2.4726369999999999e-19,-3.9716980000000003e-20,4.2615399999999997e-21,-1.8244490000000001e-22
2229660.7958332999,-7.7731149999999998,2.5661290000000002e-22,-9.682736e-23,-2.9738770000000001e-20,-8.4880529999999999e-20,-2.3812459999999999e-20,7.5375469999999996e-20,-3.591644e-19,-1.171688e-19,-6.9589980000000003e-19,-7.5263109999999996e-19,-2.9302120000000001e-19,-4.1932220000000001e-19,-3.9774699999999998e-19,-2.4889480000000001e-19,-3.9913880000000002e-20,4.3630470000000001e-21,-1.824375e-22
2233660.7958332999,-7.7739779999999996,2.5911329999999999e-22,-9.8120900000000003e-23,-3.0380640000000001e-20,-8.5154250000000006e-20,-2.3795180000000001e-20,7.5238779999999996e-20,-3.591755e-19,-1.171688e-19,-6.9589980000000003e-19,-7.5263109999999996e-19,-2.9303289999999999e-19,-4.1974500000000001e-19,-3.981243e-19,-2.5056920000000001e-19,-4.0320530000000002e-20,4.4665809999999998e-21,-1.8248469999999999e-22
2237660.7958332999,-7.7734990000000002,2.616802e-22,-1.004891e-22,-3.0991069999999999e-20,-8.5477250000000006e-20,-2.3782759999999999e-20,7.5137079999999995e-20,-3.5918619999999999e-19,-1.171688e-19,-6.9589980000000003e-19,-7.5263109999999996e-19,-2.9303860000000001e-19,-4.2023239999999998e-19,-3.985055e-19,-2.5229429999999998e-19,-4.0793130000000002e-20,4.5728640000000003e-21,-1.8246359999999999e-22
2241660.7958332999,-7.7727570000000004,2.6409879999999998e-22,-1.015833e-22,-3.1674069999999998e-20,-8.5756850000000001e-20,-2.370202e-20,7.5045579999999995e-20,-3.5919809999999998e-19,-1.171688e-19,-6.9589980000000003e-19,-7.5263109999999996e-19,-2.9304870000000002e-19,-4.2074789999999999e-19,-3.9895280000000002e-19,-2.5399270000000002e-19,-4.1289870000000003e-20,4.678839e-21,-1.825692e-22
2245660.7958332999,-7.77217,2.6662969999999999e-22,-1.035311e-22,-3.2371090000000003e-20,-8.6039319999999997e-20,-2.367111e-20,7.492945e-20,-3.5920919999999998e-19,-1.171688e-19,-6.9589980000000003e-19,-7.5263119999999999e-19,-2.9305879999999998e-19,-4.2122390000000002e-19,-3.9939040000000001e-19,-2.5562440000000001e-19,-4.1874659999999999e-20,4.7854059999999999e-21,-1.82527e-22
2249660.7958332999,-7.7717640000000001,2.6906710000000002e-22,-1.0512320000000001e-22,-3.2982230000000002e-20,-8.6360819999999995e-20,-2.370401e-20,7.4835879999999995e-20,-3.592212e-19,-1.171688e-19,-6.9589980000000003e-19,-7.5263119999999999e-19,-2.9306560000000002e-19,-4.2172910000000001e-19,-3.9979910000000002e-19,-2.5727599999999999e-19,-4.2569379999999998e-20,4.8967230000000003e-21,-1.8252890000000001e-22
2253660.7958332999,-7.7715670000000001,2.7151429999999999e-22,-1.0819149999999999e-22,-3.3607220000000003e-20,-8.6651530000000001e-20,-2.3627710000000001e-20,7.4692789999999995e-20,-3.5923270000000001e-19,-1.171688e-19,-6.9589980000000003e-19,-7.5263119999999999e-19,-2.9307329999999998e-19,-4.2214019999999998e-19,-4.001362e-19,-2.5904860000000002e-19,-4.3123539999999998e-20,5.006153e-21,-1.8245809999999999e-22
2257660.7958332999,-7.7716099999999999,2.7402889999999999e-22,-1.084412e-22,-3.4150089999999999e-20,-8.6898940000000005e-20,-2.3591689999999999e-20,7.4595519999999994e-20,-3.592458e-19,-1.171688e-19,-6.9589980000000003e-19,-7.5263119999999999e-19,-2.9308260000000001e-19,-4.2266550000000001e-19,-4.00494e-19,-2.6073749999999998e-19,-4.3941520000000003e-20,5.1186929999999997e-21,-1.823891e-22
2261660.7958332999,-7.7719269999999998,2.7677839999999999e-22,-1.090876e-22,-3.502228e-20,-8.7070700000000004e-20,-2.3579600000000001e-20,7.4567589999999995e-20,-3.5925649999999999e-19,-1.171688e-19,-6.9589980000000003e-19,-7.5263119999999999e-19,-2.9309039999999999e-19,-4.230806e-19,-4.0095259999999998e-19,-2.6248559999999998e-19,-4.4669499999999997e-20,5.2328489999999998e-21,-1.8219750000000001e-22
2265660.7958332999,-7.7725549999999997,2.7940730000000002e-22,-1.102623e-22,-3.5751359999999999e-20,-8.7293489999999997e-20,-2.3600950000000001e-20,7.4522859999999997e-20,-3.592661e-19,-1.171688e-19,-6.9589980000000003e-19,-7.5263119999999999e-19,-2.9310020000000001e-19,-4.235034e-19,-4.0139940000000001e-19,-2.6440299999999999e-19,-4.5247530000000001e-20,5.3498409999999999e-21,-1.821487e-22
2269660.7958332999,-7.7735320000000003,2.821308e-22,-1.1228349999999999e-22,-3.6279859999999999e-20,-8.7560199999999995e-20,-2.3540300000000001e-20,7.4396960000000004e-20,-3.5927829999999998e-19,-1.171688e-19,-6.9589980000000003e-19,-7.5263119999999999e-19,-2.931092e-19,-4.2387279999999999e-19,-4.018621e-19,-2.662366e-19,-4.5933480000000002e-20,5.4669949999999999e-21,-1.821372e-22
2273660.7958332999,-7.7748999999999997,2.847767e-22,-1.136533e-22,-3.7020980000000001e-20,-8.7724230000000001e-20,-2.3445129999999999e-20,7.4337759999999994e-20,-3.5929029999999999e-19,-1.171688e-19,-6.9589980000000003e-19,-7.5263119999999999e-19,-2.9311459999999998e-19,-4.244214e-19,-4.0221960000000001e-19,-2.680647e-19,-4.658393e-20,5.5869139999999996e-21,-1.819898e-22
2277660.7958332999,-7.7767030000000004,2.8755679999999998e-22,-1.180697e-22,-3.7944069999999999e-20,-8.7913419999999998e-20,-2.3347800000000001e-20,7.4174779999999995e-20,-3.5930130000000002e-19,-1.171688e-19,-6.9589980000000003e-19,-7.5263119999999999e-19,-2.9312390000000001e-19,-4.2482430000000001e-19,-4.02604e-19,-2.6981780000000002e-19,-4.7269749999999998e-20,5.7079820000000002e-21,-1.81973e-22
2281660.7958332999,-7.7789820000000001,2.9027320000000002e-22,-1.2562770000000001e-22,-3.872583e-20,-8.8115679999999997e-20,-2.3365840000000001e-20,7.4039440000000003e-20,-3.5931229999999999e-19,-1.171688e-19,-6.9589980000000003e-19,-7.5263119999999999e-19,-2.9313249999999998e-19,-4.2531799999999999e-19,-4.0294770000000002e-19,-2.7166930000000002e-19,-4.7806600000000001e-20,5.8342160000000002e-21,-1.8176560000000001e-22
2285660.7958332999,-7.781784,2.9301560000000002e-22,-1.2869349999999999e-22,-3.9357750000000002e-20,-8.8413330000000006e-20,-2.3303899999999999e-20,7.3959409999999999e-20,-3.5932520000000002e-19,-1.171688e-19,-6.9589980000000003e-19,-7.5263119999999999e-19,-2.931406e-19,-4.2571009999999999e-19,-4.0331869999999998e-19,-2.736516e-19,-4.8253069999999998e-20,5.9641830000000001e-21,-1.814864e-22
2289660.7958332999,-7.7851499999999998,2.9598050000000002e-22,-1.3336179999999999e-22,-4.0153549999999999e-20,-8.864911e-20,-2.3358889999999999e-20,7.3829159999999994e-20,-3.5933710000000001e-19,-1.171688e-19,-6.9589980000000003e-19,-7.5263119999999999e-19,-2.9314839999999999e-19,-4.261782e-19,-4.0372370000000001e-19,-2.7558300000000002e-19,-4.8822210000000002e-20,6.0952820000000003e-21,-1.812365e-22
2293660.7958332999,-7.7891209999999997,2.9871820000000002e-22,-1.3621679999999999e-22,-4.125757e-20,-8.8898129999999995e-20,-2.3315610000000001e-20,7.3658470000000006e-20,-3.5934720000000002e-19,-1.171688e-19,-6.9589980000000003e-19,-7.5263119999999999e-19,-2.9315620000000002e-19,-4.266498e-19,-4.0401199999999999e-19,-2.775472e-19,-4.9279569999999998e-20,6.2310439999999997e-21,-1.8094639999999999e-22
2297660.7958332999,-7.7937329999999996,3.0139329999999999e-22,-1.4065489999999999e-22,-4.2323669999999998e-20,-8.9071939999999994e-20,-2.323379e-20,7.3509439999999995e-20,-3.5935819999999999e-19,-1.171688e-19,-6.9589980000000003e-19,-7.5263119999999999e-19,-2.9316599999999999e-19,-4.2705109999999999e-19,-4.0445679999999999e-19,-2.7948730000000001e-19,-4.9816320000000003e-20,6.3706380000000001e-21,-1.80518e-22
2301660.7958332999,-7.7990180000000002,3.0423709999999998e-22,-1.4608180000000001e-22,-4.3133900000000001e-20,-8.9257850000000002e-20,-2.3202299999999999e-20,7.3407509999999999e-20,-3.5936940000000002e-19,-1.171688e-19,-6.9589980000000003e-19,-7.5263130000000002e-19,-2.9317209999999998e-19,-4.274934e-19,-4.0485910000000002e-19,-2.814249e-19,-5.0398839999999999e-20,6.5116630000000003e-21,-1.80091e-22
2305660.7958332999,-7.7983539999999998,3.0701050000000002e-22,-1.4888519999999999e-22,-4.4136799999999998e-20,-8.9441200000000005e-20,-2.310666e-20,7.3271060000000001e-20,-3.5938250000000001e-19,-1.171688e-19,-6.9589980000000003e-19,-7.5263130000000002e-19,-2.931824e-19,-4.2796730000000002e-19,-4.0520510000000001e-19,-2.8349029999999998e-19,-5.1131309999999998e-20,6.657665e-21,-1.797734e-22
2309660.7958332999,-7.7953789999999996,3.097961e-22,-1.5374689999999999e-22,-4.5398020000000001e-20,-8.9599940000000004e-20,-2.2977450000000001e-20,7.317256e-20,-3.5939170000000001e-19,-1.171688e-19,-6.9589980000000003e-19,-7.5263130000000002e-19,-2.9319359999999998e-19,-4.2839069999999999e-19,-4.054627e-19,-2.8548830000000001e-19,-5.1615580000000003e-20,6.8055550000000006e-21,-1.794723e-22
2313660.7958332999,-7.7927099999999996,3.128313e-22,-1.579291e-22,-4.6474360000000001e-20,-8.9833319999999995e-20,-2.291652e-20,7.3146139999999998e-20,-3.5940629999999999e-19,-1.171688e-19,-6.9589980000000003e-19,-7.5263130000000002e-19,-2.9320419999999999e-19,-4.2882579999999999e-19,-4.057311e-19,-2.8763550000000002e-19,-5.2087029999999998e-20,6.9586020000000006e-21,-1.791325e-22
2317660.7958332999,-7.7903460000000004,3.1573810000000002e-22,-1.591284e-22,-4.7697199999999999e-20,-9.0123260000000002e-20,-2.2745280000000001e-20,7.2969420000000003e-20,-3.594195e-19,-1.171688e-19,-6.9589980000000003e-19,-7.5263130000000002e-19,-2.9321289999999999e-19,-4.292645e-19,-4.0595919999999999e-19,-2.8983799999999998e-19,-5.2692590000000003e-20,7.1153049999999994e-21,-1.7878999999999999e-22
2321660.7958332999,-7.7882819999999997,3.1876339999999999e-22,-1.600502e-22,-4.8714570000000002e-20,-9.0482530000000003e-20,-2.267613e-20,7.2901999999999999e-20,-3.5943119999999998e-19,-1.171688e-19,-6.9589980000000003e-19,-7.5263130000000002e-19,-2.9322479999999998e-19,-4.296979e-19,-4.0627990000000002e-19,-2.9208809999999998e-19,-5.3259800000000001e-20,7.2714010000000007e-21,-1.7826730000000001e-22
2325660.7958332999,-7.7865140000000004,3.219052e-22,-1.6079399999999999e-22,-5.0036599999999999e-20,-9.0757960000000003e-20,-2.2577200000000001e-20,7.280418e-20,-3.5944140000000002e-19,-1.171689e-19,-6.9589980000000003e-19,-7.5263130000000002e-19,-2.9323400000000002e-19,-4.3019210000000002e-19,-4.0656829999999998e-19,-2.9427729999999999e-19,-5.3386080000000002e-20,7.4312859999999997e-21,-1.777122e-22
2329660.7958332999,-7.7850330000000003,3.2508319999999998e-22,-1.631848e-22,-5.1075240000000001e-20,-9.1109870000000005e-20,-2.2418089999999999e-20,7.2628530000000003e-20,-3.5945400000000001e-19,-1.171689e-19,-6.9589980000000003e-19,-7.5263130000000002e-19,-2.932433e-19,-4.3066270000000002e-19,-4.06918e-19,-2.9647769999999999e-19,-5.3711640000000001e-20,7.5959369999999996e-21,-1.7720640000000001e-22
2333660.7958332999,-7.78383,3.2821040000000001e-22,-1.642205e-22,-5.220945e-20,-9.1468030000000001e-20,-2.2391959999999999e-20,7.2504439999999996e-20,-3.5946560000000001e-19,-1.171689e-19,-6.9589980000000003e-19,-7.5263130000000002e-19,-2.9325050000000001e-19,-4.311404e-19,-4.071932e-19,-2.9867720000000002e-19,-5.4110180000000001e-20,7.7669039999999998e-21,-1.76663e-22
2337660.7958332999,-7.7828929999999996,3.3138329999999999e-22,-1.6346689999999999e-22,-5.3281249999999999e-20,-9.1737919999999996e-20,-2.230487e-20,7.2324650000000003e-20,-3.5947860000000002e-19,-1.171689e-19,-6.9589980000000003e-19,-7.5263130000000002e-19,-2.9326370000000002e-19,-4.3166240000000001e-19,-4.0743950000000002e-19,-3.0101779999999999e-19,-5.4753030000000003e-20,7.9425529999999993e-21,-1.761299e-22
2341660.7958332999,-7.7822100000000001,3.346091e-22,-1.6330160000000001e-22,-5.4415459999999998e-20,-9.2085779999999998e-20,-2.2195419999999999e-20,7.2176299999999994e-20,-3.5949229999999999e-19,-1.171689e-19,-6.9589980000000003e-19,-7.5263130000000002e-19,-2.9327150000000001e-19,-4.3209639999999999e-19,-4.0774920000000002e-19,-3.0341169999999999e-19,-5.5350830000000004e-20,8.1214470000000003e-21,-1.756404e-22
2345660.7958332999,-7.7817670000000003,3.3778720000000002e-22,-1.6279699999999999e-22,-5.5520059999999997e-20,-9.2360559999999996e-20,-2.2210519999999999e-20,7.1992600000000001e-20,-3.5950659999999998e-19,-1.171689e-19,-6.9589980000000003e-19,-7.5263130000000002e-19,-2.932829e-19,-4.3248319999999999e-19,-4.0798190000000001e-19,-3.0582210000000002e-19,-5.5726939999999997e-20,8.3076399999999996e-21,-1.750989e-22
2349660.7958332999,-7.7815479999999999,3.409371e-22,-1.6230119999999999e-22,-5.6532290000000005e-20,-9.2638999999999996e-20,-2.2104369999999999e-20,7.1886559999999995e-20,-3.5952009999999998e-19,-1.171689e-19,-6.9589980000000003e-19,-7.5263130000000002e-19,-2.9329350000000001e-19,-4.3293630000000001e-19,-4.083267e-19,-3.0826000000000001e-19,-5.6349469999999997e-20,8.4986369999999999e-21,-1.7459840000000001e-22
2353660.7958332999,-7.7815380000000003,3.4407410000000002e-22,-1.6094349999999999e-22,-5.8015079999999996e-20,-9.2985510000000002e-20,-2.1971789999999999e-20,7.1724800000000002e-20,-3.5953200000000002e-19,-1.171689e-19,-6.9589980000000003e-19,-7.5263130000000002e-19,-2.9330480000000002e-19,-4.3334949999999999e-19,-4.0859489999999999e-19,-3.108624e-19,-5.6699540000000002e-20,8.7000220000000005e-21,-1.740169e-22
2357660.7958332999,-7.78172,3.4736960000000002e-22,-1.59434e-22,-5.9129169999999995e-20,-9.3213169999999995e-20,-2.1933580000000001e-20,7.1548200000000002e-20,-3.5954800000000001e-19,-1.171689e-19,-6.9589980000000003e-19,-7.5263140000000004e-19,-2.9331849999999998e-19,-4.3382219999999996e-19,-4.088577e-19,-3.1341710000000001e-19,-5.7268829999999994e-20,8.9051069999999994e-21,-1.733992e-22
2361660.7958332999,-7.7820799999999997,3.5062659999999999e-22,-1.566703e-22,-6.0217660000000005e-20,-9.3506010000000002e-20,-2.1876e-20,7.1380400000000005e-20,-3.595572e-19,-1.171689e-19,-6.9589980000000003e-19,-7.5263140000000004e-19,-2.9333260000000001e-19,-4.3425110000000004e-19,-4.090807e-19,-3.159874e-19,-5.7750300000000004e-20,9.1115260000000005e-21,-1.7277939999999999e-22
2365660.7958332999,-7.7825990000000003,3.5396119999999999e-22,-1.568e-22,-6.1571320000000004e-20,-9.3818940000000004e-20,-2.183285e-20,7.1304319999999997e-20,-3.5957009999999999e-19,-1.171689e-19,-6.9589980000000003e-19,-7.5263140000000004e-19,-2.9334459999999998e-19,-4.3488419999999996e-19,-4.0938940000000001e-19,-3.186439e-19,-5.8496429999999998e-20,9.3296060000000001e-21,-1.720676e-22
2369660.7958332999,-7.7832619999999997,3.5736670000000001e-22,-1.515889e-22,-6.2936459999999995e-20,-9.4142149999999996e-20,-2.1803770000000001e-20,7.1170410000000001e-20,-3.5958350000000001e-19,-1.171689e-19,-6.9589980000000003e-19,-7.5263140000000004e-19,-2.9335750000000001e-19,-4.3537979999999999e-19,-4.0964400000000001e-19,-3.2122470000000001e-19,-5.9139449999999998e-20,9.5580130000000007e-21,-1.712572e-22
2373660.7958332999,-7.784052,3.6061730000000001e-22,-1.4714579999999999e-22,-6.4418159999999997e-20,-9.4536729999999999e-20,-2.1766529999999999e-20,7.109207e-20,-3.5959619999999998e-19,-1.171689e-19,-6.9589980000000003e-19,-7.5263140000000004e-19,-2.9336969999999999e-19,-4.3584619999999996e-19,-4.0998719999999998e-19,-3.2397760000000001e-19,-5.9837559999999998e-20,9.7878339999999998e-21,-1.704726e-22
2377660.7958332999,-7.7849560000000002,3.6401280000000001e-22,-1.4234370000000001e-22,-6.5948279999999997e-20,-9.4980980000000004e-20,-2.1733389999999999e-20,7.1026930000000004e-20,-3.5961189999999998e-19,-1.171689e-19,-6.9589980000000003e-19,-7.5263140000000004e-19,-2.933829e-19,-4.3631500000000004e-19,-4.1025799999999999e-19,-3.2673e-19,-6.0295820000000001e-20,1.0021720000000001e-20,-1.696247e-22
2381660.7958332999,-7.7859569999999998,3.6743800000000001e-22,-1.3797950000000001e-22,-6.7295669999999999e-20,-9.5330270000000003e-20,-2.1640509999999999e-20,7.0966610000000006e-20,-3.596261e-19,-1.171689e-19,-6.9589980000000003e-19,-7.5263140000000004e-19,-2.9339370000000002e-19,-4.3685310000000002e-19,-4.1054700000000002e-19,-3.2947850000000001e-19,-6.0951690000000004e-20,1.025994e-20,-1.6876600000000001e-22
2385660.7958332999,-7.7870419999999996,3.7085730000000002e-22,-1.3012199999999999e-22,-6.8841540000000002e-20,-9.5693010000000006e-20,-2.1570959999999999e-20,7.0891560000000001e-20,-3.5963989999999999e-19,-1.171689e-19,-6.9589980000000003e-19,-7.5263140000000004e-19,-2.9340809999999999e-19,-4.3733649999999997e-19,-4.1084400000000001e-19,-3.323464e-19,-6.1596000000000001e-20,1.050841e-20,-1.6793169999999999e-22
2389660.7958332999,-7.7881960000000001,3.7433150000000001e-22,-1.2276820000000001e-22,-7.0536250000000003e-20,-9.6031699999999999e-20,-2.1514699999999999e-20,7.0730429999999995e-20,-3.5965450000000002e-19,-1.171689e-19,-6.9589980000000003e-19,-7.5263140000000004e-19,-2.934194e-19,-4.378519e-19,-4.1115440000000001e-19,-3.3517179999999999e-19,-6.2209550000000005e-20,1.0761719999999999e-20,-1.6692990000000001e-22
2393660.7958332999,-7.789409,3.7780830000000001e-22,-1.17987e-22,-7.2176090000000002e-20,-9.6305320000000001e-20,-2.1402590000000001e-20,7.0644140000000001e-20,-3.5966510000000002e-19,-1.171689e-19,-6.9589980000000003e-19,-7.5263140000000004e-19,-2.9343210000000002e-19,-4.3832649999999998e-19,-4.1154190000000001e-19,-3.3794619999999999e-19,-6.2926119999999995e-20,1.101929e-20,-1.660123e-22
2397660.7958332999,-7.7906659999999999,3.8152320000000001e-22,-1.1172989999999999e-22,-7.3727190000000003e-20,-9.6624859999999995e-20,-2.127614e-20,7.0460789999999998e-20,-3.5967929999999999e-19,-1.171689e-19,-6.9589980000000003e-19,-7.5263140000000004e-19,-2.9344389999999998e-19,-4.3882930000000001e-19,-4.1182899999999999e-19,-3.4084019999999998e-19,-6.3810770000000003e-20,1.1283459999999999e-20,-1.651517e-22
2401660.7958332999,-7.7895519999999996,3.8515550000000002e-22,-1.075274e-22,-7.5347159999999996e-20,-9.6789430000000005e-20,-2.1153720000000001e-20,7.0250409999999997e-20,-3.5969220000000001e-19,-1.171689e-19,-6.9589980000000003e-19,-7.5263140000000004e-19,-2.934561e-19,-4.3927489999999999e-19,-4.1215539999999999e-19,-3.437761e-19,-6.4444900000000002e-20,1.154696e-20,-1.641308e-22
2405660.7958332999,-7.7813249999999998,3.8897080000000002e-22,-9.6823740000000005e-23,-7.699112e-20,-9.7018420000000002e-20,-2.109705e-20,7.0031059999999995e-20,-3.5970620000000002e-19,-1.171689e-19,-6.9589980000000003e-19,-7.5263149999999998e-19,-2.9346879999999998e-19,-4.3979389999999998e-19,-4.1250019999999998e-19,-3.467312e-19,-6.4819740000000001e-20,1.181973e-20,-1.631825e-22
2409660.7958332999,-7.7729929999999996,3.9293580000000001e-22,-8.5472980000000003e-23,-7.8695169999999995e-20,-9.7247430000000002e-20,-2.1137970000000001e-20,6.9770809999999995e-20,-3.5972009999999999e-19,-1.171689e-19,-6.9589980000000003e-19,-7.5263149999999998e-19,-2.9348070000000001e-19,-4.4032009999999997e-19,-4.1287740000000001e-19,-3.4967000000000001e-19,-6.5814409999999996e-20,1.2091189999999999e-20,-1.6235130000000001e-22
2413660.7958332999,-7.7645540000000004,3.9672269999999999e-22,-7.7236409999999998e-23,-8.0591930000000004e-20,-9.7500219999999998e-20,-2.10351e-20,6.9584150000000005e-20,-3.5973679999999998e-19,-1.171689e-19,-6.9589980000000003e-19,-7.5263149999999998e-19,-2.9349490000000002e-19,-4.408413e-19,-4.1315169999999999e-19,-3.52637e-19,-6.6308429999999996e-20,1.2370810000000001e-20,-1.6154909999999999e-22
2417660.7958332999,-7.7560060000000002,4.0065769999999998e-22,-7.0221139999999998e-23,-8.2190630000000003e-20,-9.7793439999999994e-20,-2.1007300000000001e-20,6.9312880000000003e-20,-3.597522e-19,-1.171689e-19,-6.9589980000000003e-19,-7.5263149999999998e-19,-2.935071e-19,-4.4133560000000004e-19,-4.1341080000000002e-19,-3.5564409999999998e-19,-6.6840009999999995e-20,1.266232e-20,-1.605393e-22
2421660.7958332999,-7.7473450000000001,4.046608e-22,-5.7864749999999994e-23,-8.4158599999999996e-20,-9.8117359999999999e-20,-2.0954789999999999e-20,6.8968110000000001e-20,-3.5976710000000001e-19,-1.1716900000000001e-19,-6.9589980000000003e-19,-7.5263149999999998e-19,-2.9352320000000002e-19,-4.4190060000000001e-19,-4.1379989999999999e-19,-3.588943e-19,-6.7551489999999998e-20,1.295905e-20,-1.595249e-22
2425660.7958332999,-7.7385700000000002,4.0878440000000001e-22,-3.8961890000000003e-23,-8.5993499999999998e-20,-9.8349579999999995e-20,-2.0929470000000001e-20,6.8647669999999994e-20,-3.5978130000000002e-19,-1.1716900000000001e-19,-6.9589980000000003e-19,-7.5263149999999998e-19,-2.9353770000000002e-19,-4.4240680000000004e-19,-4.141692e-19,-3.6207380000000001e-19,-6.8317959999999998e-20,1.327041e-20,-1.585472e-22
2429660.7958332999,-7.7296769999999997,4.1296120000000001e-22,-2.3998339999999999e-23,-8.7888600000000002e-20,-9.8645029999999997e-20,-2.095634e-20,6.8399069999999996e-20,-3.5979839999999999e-19,-1.1716900000000001e-19,-6.9589980000000003e-19,-7.5263149999999998e-19,-2.935484e-19,-4.4286859999999997e-19,-4.1447609999999999e-19,-3.6527040000000002e-19,-6.8561849999999998e-20,1.3588259999999999e-20,-1.574664e-22
2433660.7958332999,-7.7206650000000003,4.1714850000000002e-22,-9.0341980000000002e-24,-8.9628880000000004e-20,-9.8963459999999998e-20,-2.090211e-20,6.8167179999999999e-20,-3.5981309999999999e-19,-1.1716900000000001e-19,-6.9589980000000003e-19,-7.5263149999999998e-19,-2.9356179999999998e-19,-4.4341820000000002e-19,-4.1480009999999998e-19,-3.6856889999999999e-19,-6.8734709999999995e-20,1.3904899999999999e-20,-1.563869e-22
2437660.7958332999,-7.7115330000000002,4.2140219999999998e-22,8.6991420000000001e-24,-9.1637329999999999e-20,-9.9222839999999995e-20,-2.0869819999999999e-20,6.7846239999999995e-20,-3.5982850000000001e-19,-1.1716900000000001e-19,-6.9589980000000003e-19,-7.5263149999999998e-19,-2.9357379999999999e-19,-4.4391000000000003e-19,-4.151863e-19,-3.7192100000000002e-19,-6.9526229999999997e-20,1.4240260000000001e-20,-1.5515919999999999e-22
2441660.7958332999,-7.7022789999999999,4.258348e-22,2.505461e-23,-9.3642940000000005e-20,-9.9597839999999996e-20,-2.085381e-20,6.7662199999999995e-20,-3.5984599999999998e-19,-1.1716900000000001e-19,-6.9589980000000003e-19,-7.5263149999999998e-19,-2.9358750000000001e-19,-4.4440629999999997e-19,-4.1551179999999998e-19,-3.7543799999999998e-19,-6.9954230000000003e-20,1.457904e-20,-1.5397990000000001e-22
2445660.7958332999,-7.6929020000000001,4.3008149999999997e-22,4.612655e-23,-9.5743020000000003e-20,-9.9961109999999994e-20,-2.0847409999999999e-20,6.7386869999999999e-20,-3.5986110000000001e-19,-1.1716900000000001e-19,-6.9589980000000003e-19,-7.5263149999999998e-19,-2.935989e-19,-4.4488199999999996e-19,-4.1576739999999998e-19,-3.7882170000000002e-19,-7.0546609999999994e-20,1.4933889999999999e-20,-1.5261739999999999e-22
2449660.7958332999,-7.6834020000000001,4.3459679999999996e-22,6.737906e-23,-9.7941039999999996e-20,-1.0033510000000001e-19,-2.0765469999999999e-20,6.7078690000000001e-20,-3.5987770000000002e-19,-1.1716900000000001e-19,-6.9589980000000003e-19,-7.5263160000000001e-19,-2.9361319999999999e-19,-4.4535350000000003e-19,-4.1601700000000002e-19,-3.8242369999999998e-19,-7.0501109999999998e-20,1.528985e-20,-1.511361e-22
2453660.7958332999,-7.6737799999999998,4.3917099999999997e-22,8.8992260000000002e-23,-1.0018290000000001e-19,-1.006458e-19,-2.0746830000000001e-20,6.6830299999999995e-20,-3.5989440000000002e-19,-1.1716900000000001e-19,-6.9589980000000003e-19,-7.5263160000000001e-19,-2.9362640000000001e-19,-4.4582289999999998e-19,-4.1637000000000001e-19,-3.8617340000000002e-19,-7.1048249999999999e-20,1.5661600000000001e-20,-1.4991940000000001e-22
2457660.7958332999,-7.6640389999999998,4.4372630000000004e-22,1.0935929999999999e-22,-1.028105e-19,-1.010545e-19,-2.0766910000000001e-20,6.658905e-20,-3.5991160000000001e-19,-1.1716900000000001e-19,-6.9589980000000003e-19,-7.5263160000000001e-19,-2.936414e-19,-4.4626679999999996e-19,-4.1670329999999998e-19,-3.9002550000000002e-19,-7.1592359999999997e-20,1.6047550000000001e-20,-1.4841470000000001e-22
2461660.7958332999,-7.6541829999999997,4.4839109999999997e-22,1.3187269999999999e-22,-1.056398e-19,-1.014708e-19,-2.0680089999999999e-20,6.6312620000000006e-20,-3.5992619999999999e-19,-1.1716900000000001e-19,-6.9589980000000003e-19,-7.5263160000000001e-19,-2.9365630000000002e-19,-4.4676309999999999e-19,-4.171308e-19,-3.9377180000000001e-19,-7.2332459999999997e-20,1.644432e-20,-1.4679719999999999e-22
2465660.7958332999,-7.6442170000000003,4.5304370000000004e-22,1.5494129999999999e-22,-1.0840189999999999e-19,-1.018695e-19,-2.0605060000000001e-20,6.6064990000000002e-20,-3.5994239999999998e-19,-1.1716900000000001e-19,-6.9589980000000003e-19,-7.5263160000000001e-19,-2.9366600000000001e-19,-4.47375e-19,-4.1749170000000001e-19,-3.9778349999999998e-19,-7.2286440000000001e-20,1.6855790000000001e-20,-1.4521879999999999e-22
2469660.7958332999,-7.63415,4.5777580000000001e-22,1.7777029999999999e-22,-1.1084399999999999e-19,-1.0226000000000001e-19,-2.069847e-20,6.5878609999999996e-20,-3.599561e-19,-1.1716900000000001e-19,-6.9589980000000003e-19,-7.5263160000000001e-19,-2.9368159999999998e-19,-4.4792979999999997e-19,-4.178645e-19,-4.0173830000000002e-19,-7.2559579999999998e-20,1.7272919999999999e-20,-1.436083e-22
2473660.7958332999,-7.6239949999999999,4.6261089999999999e-22,2.0053949999999999e-22,-1.133266e-19,-1.0265739999999999e-19,-2.076302e-20,6.5647709999999997e-20,-3.5997279999999999e-19,-1.1716900000000001e-19,-6.9589980000000003e-19,-7.5263160000000001e-19,-2.9369590000000002e-19,-4.485165e-19,-4.1810240000000002e-19,-4.057688e-19,-7.2608750000000004e-20,1.7692730000000001e-20,-1.4198160000000001e-22
2477660.7958332999,-7.6137689999999996,4.6764150000000001e-22,2.1201650000000001e-22,-1.1538339999999999e-19,-1.0302830000000001e-19,-2.0747630000000001e-20,6.5513039999999999e-20,-3.599882e-19,-1.1716900000000001e-19,-6.9589980000000003e-19,-7.5263160000000001e-19,-2.937105e-19,-4.4910129999999996e-19,-4.184697e-19,-4.098192e-19,-7.2426009999999998e-20,1.8133710000000001e-20,-1.402734e-22
2481660.7958332999,-7.6034940000000004,4.7255030000000001e-22,2.2939080000000002e-22,-1.177149e-19,-1.03423e-19,-2.0731840000000001e-20,6.5334279999999999e-20,-3.6000480000000002e-19,-1.1716900000000001e-19,-6.9589980000000003e-19,-7.5263160000000001e-19,-2.9372309999999999e-19,-4.4964520000000004e-19,-4.188567e-19,-4.1409450000000001e-19,-7.2827040000000003e-20,1.8593290000000001e-20,-1.3841269999999999e-22
2485660.7958332999,-7.5932000000000004,4.7759970000000003e-22,2.4653599999999999e-22,-1.2040379999999999e-19,-1.038831e-19,-2.0856050000000001e-20,6.5112769999999996e-20,-3.6002460000000002e-19,-1.1716900000000001e-19,-6.9589980000000003e-19,-7.5263160000000001e-19,-2.9373979999999999e-19,-4.5020480000000003e-19,-4.1921719999999999e-19,-4.184837e-19,-7.2739620000000001e-20,1.907213e-20,-1.364077e-22
2489660.7958332999,-7.5829269999999998,4.8267579999999998e-22,2.4999930000000001e-22,-1.2284429999999999e-19,-1.041412e-19,-2.0861599999999999e-20,6.4855350000000003e-20,-3.6004139999999999e-19,-1.1716900000000001e-19,-6.9589980000000003e-19,-7.5263160000000001e-19,-2.9375300000000001e-19,-4.5077060000000002e-19,-4.1958149999999999e-19,-4.2299020000000001e-19,-7.3136470000000004e-20,1.9567649999999999e-20,-1.3449020000000001e-22
2493660.7958332999,-7.5727279999999997,4.8787200000000002e-22,2.6024509999999999e-22,-1.253641e-19,-1.0470920000000001e-19,-2.0809820000000001e-20,6.4579890000000004e-20,-3.600556e-19,-1.1716900000000001e-19,-6.9589980000000003e-19,-7.5263170000000003e-19,-2.9376899999999999e-19,-4.5135830000000004e-19,-4.1998970000000001e-19,-4.2776699999999998e-19,-7.376697e-20,2.0097039999999999e-20,-1.3251839999999999e-22
2497660.7958332999,-7.5626699999999998,4.9311499999999997e-22,2.7167980000000002e-22,-1.2811169999999999e-19,-1.050773e-19,-2.078759e-20,6.4341239999999997e-20,-3.6006910000000001e-19,-1.1716900000000001e-19,-6.9589980000000003e-19,-7.5263170000000003e-19,-2.9378689999999999e-19,-4.5193090000000003e-19,-4.2040899999999998e-19,-4.3258240000000001e-19,-7.4474790000000001e-20,2.0635209999999999e-20,-1.304506e-22
2501660.7958332999,-7.5528389999999996,4.9849510000000003e-22,2.7615539999999999e-22,-1.313477e-19,-1.0542870000000001e-19,-2.082441e-20,6.4136769999999995e-20,-3.6008720000000001e-19,-1.1716900000000001e-19,-6.9589980000000003e-19,-7.5263170000000003e-19,-2.9380409999999998e-19,-4.5248880000000002e-19,-4.2079510000000002e-19,-4.3738510000000001e-19,-7.5269480000000005e-20,2.1180670000000001e-20,-1.28066e-22
2505660.7958332999,-7.5433479999999999,5.0391469999999998e-22,2.8439740000000002e-22,-1.345276e-19,-1.058501e-19,-2.079618e-20,6.382924e-20,-3.6010469999999999e-19,-1.1716900000000001e-19,-6.9589980000000003e-19,-7.5263170000000003e-19,-2.9381990000000001e-19,-4.530641e-19,-4.211704e-19,-4.4219620000000003e-19,-7.5942340000000006e-20,2.173395e-20,-1.2574019999999999e-22
2509660.7958332999,-7.5343349999999996,5.0969330000000001e-22,2.9878959999999999e-22,-1.3728339999999999e-19,-1.063279e-19,-2.0768329999999999e-20,6.3583609999999995e-20,-3.6012100000000002e-19,-1.1716910000000001e-19,-6.9589980000000003e-19,-7.5263170000000003e-19,-2.938366e-19,-4.5373540000000001e-19,-4.2156709999999999e-19,-4.4700129999999999e-19,-7.6716489999999996e-20,2.2296770000000001e-20,-1.234323e-22
2513660.7958332999,-7.5259770000000001,5.1564790000000002e-22,3.1971079999999999e-22,-1.398279e-19,-1.067062e-19,-2.0752110000000001e-20,6.3374429999999995e-20,-3.6014030000000002e-19,-1.1716910000000001e-19,-6.9589980000000003e-19,-7.5263170000000003e-19,-2.9385169999999998e-19,-4.5433430000000001e-19,-4.2202349999999999e-19,-4.5199130000000003e-19,-7.7383329999999998e-20,2.2870480000000001e-20,-1.2105870000000001e-22
2517660.7958332999,-7.5184889999999998,5.2178280000000002e-22,3.2933120000000002e-22,-1.4247210000000001e-19,-1.072225e-19,-2.090146e-20,6.3182300000000004e-20,-3.6015569999999999e-19,-1.1716910000000001e-19,-6.9589980000000003e-19,-7.5263170000000003e-19,-2.9386979999999998e-19,-4.5494760000000003e-19,-4.224892e-19,-4.5708299999999998e-19,-7.7558170000000002e-20,2.3463929999999999e-20,-1.1848960000000001e-22
2521660.7958332999,-7.5121289999999998,5.2772100000000003e-22,3.3796529999999999e-22,-1.4532670000000001e-19,-1.0757610000000001e-19,-2.093722e-20,6.294181e-20,-3.6017340000000002e-19,-1.1716910000000001e-19,-6.9589980000000003e-19,-7.5263170000000003e-19,-2.938847e-19,-4.5557690000000004e-19,-4.2294199999999999e-19,-4.6213180000000005e-19,-7.8106240000000003e-20,2.4081419999999999e-20,-1.157945e-22
2525660.7958332999,-7.5072020000000004,5.3392200000000002e-22,3.4349629999999999e-22,-1.4819089999999999e-19,-1.079652e-19,-2.083339e-20,6.2704249999999995e-20,-3.601902e-19,-1.1716910000000001e-19,-6.9589980000000003e-19,-7.5263170000000003e-19,-2.9389960000000001e-19,-4.5635719999999999e-19,-4.2333130000000001e-19,-4.6718100000000004e-19,-7.8885900000000001e-20,2.4717440000000001e-20,-1.130096e-22
2529660.7958332999,-7.5040459999999998,5.4054889999999997e-22,3.588367e-22,-1.5111179999999999e-19,-1.0859100000000001e-19,-2.0862280000000001e-20,6.2456419999999994e-20,-3.602066e-19,-1.1716910000000001e-19,-6.9589980000000003e-19,-7.5263170000000003e-19,-2.9391460000000001e-19,-4.5696149999999997e-19,-4.2382649999999998e-19,-4.7232850000000003e-19,-7.9555319999999999e-20,2.537636e-20,-1.102492e-22
2533660.7958332999,-7.5030229999999998,5.4709149999999996e-22,3.808393e-22,-1.540387e-19,-1.094372e-19,-2.088158e-20,6.2362019999999994e-20,-3.6022429999999999e-19,-1.1716910000000001e-19,-6.9589980000000003e-19,-7.5263179999999997e-19,-2.939301e-19,-4.5768350000000004e-19,-4.2422169999999998e-19,-4.7766889999999996e-19,-8.0265849999999999e-20,2.6053539999999999e-20,-1.0713099999999999e-22
2537660.7958332999,-7.4971819999999996,5.5359089999999997e-22,3.9656259999999998e-22,-1.5748809999999999e-19,-1.1018680000000001e-19,-2.0937840000000001e-20,6.2251259999999995e-20,-3.6024169999999999e-19,-1.1716910000000001e-19,-6.9589980000000003e-19,-7.5263179999999997e-19,-2.9394539999999999e-19,-4.5846949999999997e-19,-4.2456510000000001e-19,-4.8299629999999997e-19,-8.1476089999999998e-20,2.6754170000000001e-20,-1.042429e-22
2541660.7958332999,-7.4924619999999997,5.6044970000000001e-22,4.1124949999999999e-22,-1.6059700000000001e-19,-1.110626e-19,-2.0884470000000002e-20,6.2063340000000005e-20,-3.6026e-19,-1.1716910000000001e-19,-6.9589980000000003e-19,-7.5263179999999997e-19,-2.9396299999999999e-19,-4.5929240000000001e-19,-4.2493119999999999e-19,-4.8841279999999999e-19,-8.2776059999999994e-20,2.7466829999999999e-20,-1.012068e-22
2545660.7958332999,-7.4898559999999996,5.6719619999999996e-22,4.3671099999999998e-22,-1.647929e-19,-1.1209980000000001e-19,-2.0832379999999999e-20,6.183084e-20,-3.6028159999999998e-19,-1.1716910000000001e-19,-6.9589980000000003e-19,-7.5263179999999997e-19,-2.9398420000000001e-19,-4.600602e-19,-4.2526910000000001e-19,-4.9374249999999997e-19,-8.3159800000000001e-20,2.8182360000000002e-20,-9.8030670000000004e-23
2549660.7958332999,-7.4897830000000001,5.7437870000000003e-22,4.7531270000000001e-22,-1.6756590000000001e-19,-1.1313409999999999e-19,-2.085381e-20,6.1677380000000001e-20,-3.603001e-19,-1.1716910000000001e-19,-6.9589980000000003e-19,-7.5263179999999997e-19,-2.940026e-19,-4.6084900000000004e-19,-4.2566600000000001e-19,-4.9920699999999996e-19,-8.3969380000000001e-20,2.8910759999999998e-20,-9.4631320000000005e-23
2553660.7958332999,-7.4926399999999997,5.8197970000000002e-22,5.1472600000000001e-22,-1.7070640000000001e-19,-1.141938e-19,-2.0843960000000001e-20,6.143081e-20,-3.6031550000000001e-19,-1.1716910000000001e-19,-6.9589980000000003e-19,-7.5263179999999997e-19,-2.9402040000000001e-19,-4.6165670000000003e-19,-4.2608339999999998e-19,-5.0472099999999995e-19,-8.4823790000000002e-20,2.9636830000000003e-20,-9.1550160000000001e-23
2557660.7958332999,-7.498761,5.8944800000000003e-22,5.6522879999999996e-22,-1.7346889999999999e-19,-1.154463e-19,-2.0951849999999999e-20,6.1238780000000001e-20,-3.6033419999999999e-19,-1.1716910000000001e-19,-6.9589980000000003e-19,-7.5263179999999997e-19,-2.9403680000000002e-19,-4.6236440000000001e-19,-4.2648420000000002e-19,-5.1015820000000004e-19,-8.5287640000000001e-20,3.0406830000000002e-20,-8.8192989999999998e-23
2561660.7958332999,-7.5083539999999998,5.9725010000000003e-22,6.0793079999999997e-22,-1.7662389999999999e-19,-1.1655670000000001e-19,-2.0915600000000001e-20,6.0964239999999994e-20,-3.6035549999999999e-19,-1.1716910000000001e-19,-6.9589980000000003e-19,-7.5263179999999997e-19,-2.9405649999999999e-19,-4.6316829999999998e-19,-4.2690789999999998e-19,-5.1552109999999996e-19,-8.5494110000000002e-20,3.1186140000000003e-20,-8.4727029999999998e-23
2565660.7958332999,-7.5078399999999998,6.0515830000000001e-22,6.5722509999999997e-22,-1.796489e-19,-1.1770719999999999e-19,-2.0950080000000001e-20,6.0861530000000004e-20,-3.6037300000000001e-19,-1.1716910000000001e-19,-6.9589980000000003e-19,-7.5263179999999997e-19,-2.940746e-19,-4.6390669999999996e-19,-4.273318e-19,-5.2081390000000003e-19,-8.6074119999999995e-20,3.1927540000000002e-20,-8.0881850000000004e-23
2569660.7958332999,-7.4999289999999998,6.1326650000000001e-22,7.0549059999999998e-22,-1.8275370000000001e-19,-1.1868259999999999e-19,-2.0996500000000001e-20,6.0677000000000003e-20,-3.6039060000000002e-19,-1.1716910000000001e-19,-6.9589980000000003e-19,-7.5263189999999999e-19,-2.9409430000000002e-19,-4.6469499999999996e-19,-4.2769700000000001e-19,-5.2544619999999995e-19,-8.6894320000000004e-20,3.2592170000000002e-20,-7.7232090000000005e-23
2573660.7958332999,-7.4932530000000002,6.2166210000000004e-22,7.5289359999999999e-22,-1.851145e-19,-1.200225e-19,-2.1004239999999999e-20,6.0400170000000004e-20,-3.6041040000000002e-19,-1.1716910000000001e-19,-6.9589980000000003e-19,-7.5263189999999999e-19,-2.9411639999999999e-19,-4.6540130000000002e-19,-4.2808310000000001e-19,-5.3043819999999998e-19,-8.7071889999999998e-20,3.3252919999999999e-20,-7.3760059999999999e-23
2577660.7958332999,-7.4879319999999998,6.3021910000000002e-22,8.0740469999999999e-22,-1.867439e-19,-1.213266e-19,-2.106028e-20,6.0282129999999995e-20,-3.6042769999999999e-19,-1.1716910000000001e-19,-6.9589980000000003e-19,-7.5263189999999999e-19,-2.9413320000000002e-19,-4.6614560000000003e-19,-4.2852099999999998e-19,-5.3503049999999998e-19,-8.7787710000000005e-20,3.3874980000000002e-20,-7.0099710000000002e-23
2581660.7958332999,-7.4840799999999996,6.388105e-22,8.6470329999999993e-22,-1.890282e-19,-1.2266810000000001e-19,-2.111832e-20,5.9963089999999998e-20,-3.6044369999999998e-19,-1.1716910000000001e-19,-6.9589980000000003e-19,-7.5263189999999999e-19,-2.9415450000000001e-19,-4.6687699999999996e-19,-4.2904469999999999e-19,-5.3871699999999995e-19,-8.793188e-20,3.4466670000000001e-20,-6.6365429999999997e-23
2585660.7958332999,-7.4818090000000002,6.4743110000000004e-22,9.0319269999999997e-22,-1.9155180000000001e-19,-1.2401240000000001e-19,-2.11849e-20,5.9906079999999999e-20,-3.604634e-19,-1.1716919999999999e-19,-6.9589980000000003e-19,-7.5263189999999999e-19,-2.9417299999999998e-19,-4.6766350000000003e-19,-4.2954379999999999e-19,-5.4234389999999996e-19,-8.8641660000000005e-20,3.5048580000000001e-20,-6.2431399999999995e-23
2589660.7958332999,-7.4812459999999996,6.5645589999999998e-22,9.0432539999999992e-22,-1.939759e-19,-1.2519529999999999e-19,-2.1220359999999999e-20,5.9697220000000003e-20,-3.6048039999999999e-19,-1.1716919999999999e-19,-6.9589980000000003e-19,-7.5263189999999999e-19,-2.941944e-19,-4.6849200000000001e-19,-4.3010630000000002e-19,-5.4591230000000002e-19,-8.8628689999999994e-20,3.5601120000000003e-20,-5.8248550000000005e-23
